pais,codigo_iata,codigo_oaci,nombre_oficial,anio,mes,anio_mes,pax_nacionales_arribados,pax_nacionales_partidos,pax_internacionales_arribados,pax_internacionales_partidos,pax_nacionales_total,pax_internacionales_total,pax_arribados_total,pax_partidos_total,pax_totales,mov_nacionales_aterrizajes,mov_nacionales_despegues,mov_internacionales_aterrizajes,mov_internacionales_despegues,mov_nacionales_total,mov_internacionales_total,mov_aterrizajes_total,mov_despegues_total,mov_totales,cobertura_pasajeros,cobertura_movimientos,fuente_pasajeros,fuente_movimientos
Colombia,ADZ,SKSP,Gustavo Rojas Pinilla International Airport,2020,1,2020-01,87407,94701,3772,4447,182108,8219,91179,99148,190327,1068,1071,43,43,2139,86,1111,1114,2225,disponible,disponible,PasajerosArribadosPartidosxAeropuerto2020-2026,MovimientosxAeropuerto2020-2026
Colombia,APO,SKLC,Antonio Roldán Betancur Airport,2020,1,2020-01,8729,9723,0,0,18452,0,8729,9723,18452,782,777,0,1,1559,1,782,778,1560,disponible,disponible,PasajerosArribadosPartidosxAeropuerto2020-2026,MovimientosxAeropuerto2020-2026
Colombia,AUC,SKUC,Santiago Perez Airport,2020,1,2020-01,4832,5896,0,0,10728,0,4832,5896,10728,357,346,0,0,703,0,357,346,703,disponible,disponible,PasajerosArribadosPartidosxAeropuerto2020-2026,MovimientosxAeropuerto2020-2026
Colombia,AXM,SKAR,El Eden Airport,2020,1,2020-01,18974,16456,3880,4448,35430,8328,22854,20904,43758,427,427,15,15,854,30,442,442,884,disponible,disponible,PasajerosArribadosPartidosxAeropuerto2020-2026,MovimientosxAeropuerto2020-2026
Colombia,BAQ,SKBQ,Ernesto Cortissoz International Airport,2020,1,2020-01,102644,98377,13671,11024,201021,24695,116315,109401,225716,1731,1735,239,232,3466,471,1970,1967,3937,disponible,disponible,PasajerosArribadosPartidosxAeropuerto2020-2026,MovimientosxAeropuerto2020-2026
Colombia,BGA,SKBG,Palonegro Airport,2020,1,2020-01,71243,76331,4247,4641,147574,8888,75490,80972,156462,1481,1478,31,24,2959,55,1512,1502,3014,disponible,disponible,PasajerosArribadosPartidosxAeropuerto2020-2026,MovimientosxAeropuerto2020-2026
Colombia,BOG,SKBO,El Dorado International Airport,2020,1,2020-01,815316,756758,352357,347594,1572074,699951,1167673,1104352,2272025,10720,10771,4331,4293,21491,8624,15051,15064,30115,disponible,disponible,PasajerosArribadosPartidosxAeropuerto2020-2026,MovimientosxAeropuerto2020-2026
Colombia,BSC,SKBS,José Celestino Mutis Airport,2020,1,2020-01,2689,3682,0,0,6371,0,2689,3682,6371,395,401,0,0,796,0,395,401,796,disponible,disponible,PasajerosArribadosPartidosxAeropuerto2020-2026,MovimientosxAeropuerto2020-2026
Colombia,BUN,SKBU,Gerardo Tobar López Airport,2020,1,2020-01,533,507,0,0,1040,0,533,507,1040,68,61,0,0,129,0,68,61,129,disponible,disponible,PasajerosArribadosPartidosxAeropuerto2020-2026,MovimientosxAeropuerto2020-2026
Colombia,CLO,SKCL,Alfonso Bonilla Aragon International Airport,2020,1,2020-01,173423,174947,40767,49911,348370,90678,214190,224858,439048,2805,2821,385,367,5626,752,3190,3188,6378,disponible,disponible,PasajerosArribadosPartidosxAeropuerto2020-2026,MovimientosxAeropuerto2020-2026
Colombia,CTG,SKCG,Rafael Nuñez International Airport,2020,1,2020-01,203489,210173,42407,50463,413662,92870,245896,260636,506532,2138,2130,435,472,4268,907,2573,2602,5175,disponible,disponible,PasajerosArribadosPartidosxAeropuerto2020-2026,MovimientosxAeropuerto2020-2026
Colombia,CUC,SKCC,Camilo Daza International Airport,2020,1,2020-01,45148,46915,3876,4114,92063,7990,49024,51029,100053,748,734,10,9,1482,19,758,743,1501,disponible,disponible,PasajerosArribadosPartidosxAeropuerto2020-2026,MovimientosxAeropuerto2020-2026
Colombia,CZU,SKCZ,Las Brujas Airport,2020,1,2020-01,2438,3275,0,0,5713,0,2438,3275,5713,100,104,0,0,204,0,100,104,204,disponible,disponible,PasajerosArribadosPartidosxAeropuerto2020-2026,MovimientosxAeropuerto2020-2026
Colombia,EJA,SKEJ,Yariguíes Airport,2020,1,2020-01,5530,6069,93,81,11599,174,5623,6150,11773,345,341,0,0,686,0,345,341,686,disponible,disponible,PasajerosArribadosPartidosxAeropuerto2020-2026,MovimientosxAeropuerto2020-2026
Colombia,EOH,SKMD,Enrique Olaya Herrera Airport,2020,1,2020-01,53297,43747,8,8,97044,16,53305,43755,97060,3008,3007,5,6,6015,11,3013,3013,6026,disponible,disponible,PasajerosArribadosPartidosxAeropuerto2020-2026,MovimientosxAeropuerto2020-2026
Colombia,EYP,SKYP,El Alcaravan - Yopal Airport,2020,1,2020-01,11550,12673,0,0,24223,0,11550,12673,24223,955,950,0,0,1905,0,955,950,1905,disponible,disponible,PasajerosArribadosPartidosxAeropuerto2020-2026,MovimientosxAeropuerto2020-2026
Colombia,FLA,SKFL,Gustavo Artunduaga Paredes Airport,2020,1,2020-01,4752,5755,0,0,10507,0,4752,5755,10507,247,246,0,0,493,0,247,246,493,disponible,disponible,PasajerosArribadosPartidosxAeropuerto2020-2026,MovimientosxAeropuerto2020-2026
Colombia,GPI,SKGP,Guapi Airport,2020,1,2020-01,1419,1633,0,0,3052,0,1419,1633,3052,101,99,0,0,200,0,101,99,200,disponible,disponible,PasajerosArribadosPartidosxAeropuerto2020-2026,MovimientosxAeropuerto2020-2026
Colombia,IBE,SKIB,Perales Airport,2020,1,2020-01,4405,5796,0,0,10201,0,4405,5796,10201,373,374,0,0,747,0,373,374,747,disponible,disponible,PasajerosArribadosPartidosxAeropuerto2020-2026,MovimientosxAeropuerto2020-2026
Colombia,IPI,SKIP,San Luis Airport,2020,1,2020-01,676,1594,0,0,2270,0,676,1594,2270,47,47,0,0,94,0,47,47,94,disponible,disponible,PasajerosArribadosPartidosxAeropuerto2020-2026,MovimientosxAeropuerto2020-2026
Colombia,LCR,SKHZ,Virgilio Barco Vargas (La Chorrera) Airport,2020,1,2020-01,,,,,,,,,,22,13,0,0,35,0,22,13,35,sin_dato,disponible,PasajerosArribadosPartidosxAeropuerto2020-2026,MovimientosxAeropuerto2020-2026
Colombia,LET,SKLT,Alfredo Vásquez Cobo International Airport,2020,1,2020-01,15778,13388,34,34,29166,68,15812,13422,29234,222,219,3,3,441,6,225,222,447,disponible,disponible,PasajerosArribadosPartidosxAeropuerto2020-2026,MovimientosxAeropuerto2020-2026
Colombia,LMC,SKNA,La Macarena Airport,2020,1,2020-01,674,838,0,0,1512,0,674,838,1512,248,245,0,0,493,0,248,245,493,disponible,disponible,PasajerosArribadosPartidosxAeropuerto2020-2026,MovimientosxAeropuerto2020-2026
Colombia,LPD,SKLP,La Pedrera Airport,2020,1,2020-01,229,244,0,0,473,0,229,244,473,19,8,0,0,27,0,19,8,27,disponible,disponible,PasajerosArribadosPartidosxAeropuerto2020-2026,MovimientosxAeropuerto2020-2026
Colombia,LQM,SKLG,Caucaya Airport,2020,1,2020-01,933,835,0,0,1768,0,933,835,1768,40,39,0,0,79,0,40,39,79,disponible,disponible,PasajerosArribadosPartidosxAeropuerto2020-2026,MovimientosxAeropuerto2020-2026
Colombia,MDE,SKRG,Jose Maria Córdova International Airport,2020,1,2020-01,280913,296833,76812,84571,577746,161383,357725,381404,739129,2955,2897,788,834,5852,1622,3743,3731,7474,disponible,disponible,PasajerosArribadosPartidosxAeropuerto2020-2026,MovimientosxAeropuerto2020-2026
Colombia,MTR,SKMR,Los Garzones Airport,2020,1,2020-01,40231,56674,620,735,96905,1355,40851,57409,98260,750,747,0,0,1497,0,750,747,1497,disponible,disponible,PasajerosArribadosPartidosxAeropuerto2020-2026,MovimientosxAeropuerto2020-2026
Colombia,MVP,SKMU,Fabio Alberto Leon Bentley Airport,2020,1,2020-01,2206,2040,0,0,4246,0,2206,2040,4246,464,466,0,0,930,0,464,466,930,disponible,disponible,PasajerosArribadosPartidosxAeropuerto2020-2026,MovimientosxAeropuerto2020-2026
Colombia,MZL,SKMZ,La Nubia Airport,2020,1,2020-01,8368,10056,0,0,18424,0,8368,10056,18424,609,607,0,0,1216,0,609,607,1216,disponible,disponible,PasajerosArribadosPartidosxAeropuerto2020-2026,MovimientosxAeropuerto2020-2026
Colombia,NQU,SKNQ,Reyes Murillo Airport,2020,1,2020-01,1576,2734,0,0,4310,0,1576,2734,4310,254,256,0,0,510,0,254,256,510,disponible,disponible,PasajerosArribadosPartidosxAeropuerto2020-2026,MovimientosxAeropuerto2020-2026
Colombia,NVA,SKNV,Benito Salas Airport,2020,1,2020-01,10250,11844,0,0,22094,0,10250,11844,22094,526,539,0,0,1065,0,526,539,1065,disponible,disponible,PasajerosArribadosPartidosxAeropuerto2020-2026,MovimientosxAeropuerto2020-2026
Colombia,PCR,SKPC,German Olano Airport,2020,1,2020-01,2421,2374,0,0,4795,0,2421,2374,4795,117,116,0,0,233,0,117,116,233,disponible,disponible,PasajerosArribadosPartidosxAeropuerto2020-2026,MovimientosxAeropuerto2020-2026
Colombia,PDA,SKPD,Obando Cesar Gaviria Trujillo Airport,2020,1,2020-01,,,,,,,,,,136,139,0,0,275,0,136,139,275,sin_dato,disponible,PasajerosArribadosPartidosxAeropuerto2020-2026,MovimientosxAeropuerto2020-2026
Colombia,PEI,SKPE,Matecaña International Airport,2020,1,2020-01,61459,64043,9333,8946,125502,18279,70792,72989,143781,1092,1093,62,61,2185,123,1154,1154,2308,disponible,disponible,PasajerosArribadosPartidosxAeropuerto2020-2026,MovimientosxAeropuerto2020-2026
Colombia,PPN,SKPP,Guillermo León Valencia Airport,2020,1,2020-01,3879,5219,0,0,9098,0,3879,5219,9098,307,309,0,0,616,0,307,309,616,disponible,disponible,PasajerosArribadosPartidosxAeropuerto2020-2026,MovimientosxAeropuerto2020-2026
Colombia,PSO,SKPS,Antonio Nariño Airport,2020,1,2020-01,11751,14188,375,494,25939,869,12126,14682,26808,250,244,0,0,494,0,250,244,494,disponible,disponible,PasajerosArribadosPartidosxAeropuerto2020-2026,MovimientosxAeropuerto2020-2026
Colombia,PUU,SKAS,Tres De Mayo Airport,2020,1,2020-01,2960,5339,0,0,8299,0,2960,5339,8299,224,222,0,0,446,0,224,222,446,disponible,disponible,PasajerosArribadosPartidosxAeropuerto2020-2026,MovimientosxAeropuerto2020-2026
Colombia,PVA,SKPV,El Embrujo Airport,2020,1,2020-01,3553,3763,0,0,7316,0,3553,3763,7316,296,292,0,0,588,0,296,292,588,disponible,disponible,PasajerosArribadosPartidosxAeropuerto2020-2026,MovimientosxAeropuerto2020-2026
Colombia,RCH,SKRH,Almirante Padilla Airport,2020,1,2020-01,11704,12198,400,252,23902,652,12104,12450,24554,127,128,15,15,255,30,142,143,285,disponible,disponible,PasajerosArribadosPartidosxAeropuerto2020-2026,MovimientosxAeropuerto2020-2026
Colombia,RVE,SKSA,Los Colonizadores Airport,2020,1,2020-01,1066,1100,0,0,2166,0,1066,1100,2166,165,158,0,0,323,0,165,158,323,disponible,disponible,PasajerosArribadosPartidosxAeropuerto2020-2026,MovimientosxAeropuerto2020-2026
Colombia,SJE,SKSJ,Jorge E. Gonzalez Torres Airport,2020,1,2020-01,1373,1342,0,0,2715,0,1373,1342,2715,427,427,0,0,854,0,427,427,854,disponible,disponible,PasajerosArribadosPartidosxAeropuerto2020-2026,MovimientosxAeropuerto2020-2026
Colombia,SMR,SKSM,Simón Bolívar International Airport,2020,1,2020-01,100329,103504,1148,1312,203833,2460,101477,104816,206293,952,944,4,3,1896,7,956,947,1903,disponible,disponible,PasajerosArribadosPartidosxAeropuerto2020-2026,MovimientosxAeropuerto2020-2026
Colombia,SVI,SKSV,Eduardo Falla Solano Airport,2020,1,2020-01,237,278,0,0,515,0,237,278,515,22,19,0,0,41,0,22,19,41,disponible,disponible,PasajerosArribadosPartidosxAeropuerto2020-2026,MovimientosxAeropuerto2020-2026
Colombia,TCD,SKRA,Tarapacá Airport,2020,1,2020-01,,,,,,,,,,12,9,0,0,21,0,12,9,21,sin_dato,disponible,PasajerosArribadosPartidosxAeropuerto2020-2026,MovimientosxAeropuerto2020-2026
Colombia,TCO,SKCO,La Florida Airport,2020,1,2020-01,4544,7473,0,0,12017,0,4544,7473,12017,458,451,0,0,909,0,458,451,909,disponible,disponible,PasajerosArribadosPartidosxAeropuerto2020-2026,MovimientosxAeropuerto2020-2026
Colombia,TLU,SKTL,Golfo de Morrosquillo Airport,2020,1,2020-01,560,631,0,0,1191,0,560,631,1191,66,70,0,0,136,0,66,70,136,disponible,disponible,PasajerosArribadosPartidosxAeropuerto2020-2026,MovimientosxAeropuerto2020-2026
Colombia,TME,SKTM,Gustavo Vargas Airport,2020,1,2020-01,333,362,0,0,695,0,333,362,695,133,131,0,0,264,0,133,131,264,disponible,disponible,PasajerosArribadosPartidosxAeropuerto2020-2026,MovimientosxAeropuerto2020-2026
Colombia,UIB,SKUI,El Caraño Airport,2020,1,2020-01,15423,17911,0,0,33334,0,15423,17911,33334,1011,978,1,0,1989,1,1012,978,1990,disponible,disponible,PasajerosArribadosPartidosxAeropuerto2020-2026,MovimientosxAeropuerto2020-2026
Colombia,VUP,SKVP,Alfonso López Pumarejo Airport,2020,1,2020-01,19027,10088,313,497,29115,810,19340,10585,29925,277,285,2,0,562,2,279,285,564,disponible,disponible,PasajerosArribadosPartidosxAeropuerto2020-2026,MovimientosxAeropuerto2020-2026
Colombia,VVC,SKVV,Vanguardia Airport,2020,1,2020-01,11023,12040,0,0,23063,0,11023,12040,23063,2021,2015,0,0,4036,0,2021,2015,4036,disponible,disponible,PasajerosArribadosPartidosxAeropuerto2020-2026,MovimientosxAeropuerto2020-2026
Colombia,ADZ,SKSP,Gustavo Rojas Pinilla International Airport,2020,2,2020-02,91094,81016,5590,6077,172110,11667,96684,87093,183777,907,909,39,37,1816,76,946,946,1892,disponible,disponible,PasajerosArribadosPartidosxAeropuerto2020-2026,MovimientosxAeropuerto2020-2026
Colombia,APO,SKLC,Antonio Roldán Betancur Airport,2020,2,2020-02,9731,9585,0,0,19316,0,9731,9585,19316,743,725,0,0,1468,0,743,725,1468,disponible,disponible,PasajerosArribadosPartidosxAeropuerto2020-2026,MovimientosxAeropuerto2020-2026
Colombia,AUC,SKUC,Santiago Perez Airport,2020,2,2020-02,5640,5650,0,0,11290,0,5640,5650,11290,328,325,0,0,653,0,328,325,653,disponible,disponible,PasajerosArribadosPartidosxAeropuerto2020-2026,MovimientosxAeropuerto2020-2026
Colombia,AXM,SKAR,El Eden Airport,2020,2,2020-02,17328,19284,2930,3206,36612,6136,20258,22490,42748,370,371,13,13,741,26,383,384,767,disponible,disponible,PasajerosArribadosPartidosxAeropuerto2020-2026,MovimientosxAeropuerto2020-2026
Colombia,BAQ,SKBQ,Ernesto Cortissoz International Airport,2020,2,2020-02,60286,96966,15858,7562,157252,23420,76144,104528,180672,1843,1853,201,196,3696,397,2044,2049,4093,disponible,disponible,PasajerosArribadosPartidosxAeropuerto2020-2026,MovimientosxAeropuerto2020-2026
Colombia,BGA,SKBG,Palonegro Airport,2020,2,2020-02,78124,64329,3248,3395,142453,6643,81372,67724,149096,1546,1535,24,21,3081,45,1570,1556,3126,disponible,disponible,PasajerosArribadosPartidosxAeropuerto2020-2026,MovimientosxAeropuerto2020-2026
Colombia,BOG,SKBO,El Dorado International Airport,2020,2,2020-02,737324,557458,292246,319660,1294782,611906,1029570,877118,1906688,10222,10257,4063,4028,20479,8091,14285,14285,28570,disponible,disponible,PasajerosArribadosPartidosxAeropuerto2020-2026,MovimientosxAeropuerto2020-2026
Colombia,BSC,SKBS,José Celestino Mutis Airport,2020,2,2020-02,2083,2151,0,0,4234,0,2083,2151,4234,308,308,0,0,616,0,308,308,616,disponible,disponible,PasajerosArribadosPartidosxAeropuerto2020-2026,MovimientosxAeropuerto2020-2026
Colombia,BUN,SKBU,Gerardo Tobar López Airport,2020,2,2020-02,631,585,0,0,1216,0,631,585,1216,80,77,0,0,157,0,80,77,157,disponible,disponible,PasajerosArribadosPartidosxAeropuerto2020-2026,MovimientosxAeropuerto2020-2026
Colombia,CLO,SKCL,Alfonso Bonilla Aragon International Airport,2020,2,2020-02,103589,176993,39425,40914,280582,80339,143014,217907,360921,2799,2830,345,333,5629,678,3144,3163,6307,disponible,disponible,PasajerosArribadosPartidosxAeropuerto2020-2026,MovimientosxAeropuerto2020-2026
Colombia,CTG,SKCG,Rafael Nuñez International Airport,2020,2,2020-02,171503,175404,47659,49929,346907,97588,219162,225333,444495,1666,1662,409,427,3328,836,2075,2089,4164,disponible,disponible,PasajerosArribadosPartidosxAeropuerto2020-2026,MovimientosxAeropuerto2020-2026
Colombia,CUC,SKCC,Camilo Daza International Airport,2020,2,2020-02,37162,36397,3429,3413,73559,6842,40591,39810,80401,743,734,7,6,1477,13,750,740,1490,disponible,disponible,PasajerosArribadosPartidosxAeropuerto2020-2026,MovimientosxAeropuerto2020-2026
Colombia,CZU,SKCZ,Las Brujas Airport,2020,2,2020-02,2161,2079,0,0,4240,0,2161,2079,4240,93,98,0,0,191,0,93,98,191,disponible,disponible,PasajerosArribadosPartidosxAeropuerto2020-2026,MovimientosxAeropuerto2020-2026
Colombia,EJA,SKEJ,Yariguíes Airport,2020,2,2020-02,7150,7212,79,96,14362,175,7229,7308,14537,321,320,0,0,641,0,321,320,641,disponible,disponible,PasajerosArribadosPartidosxAeropuerto2020-2026,MovimientosxAeropuerto2020-2026
Colombia,EOH,SKMD,Enrique Olaya Herrera Airport,2020,2,2020-02,47065,46781,0,0,93846,0,47065,46781,93846,2772,2766,2,3,5538,5,2774,2769,5543,disponible,disponible,PasajerosArribadosPartidosxAeropuerto2020-2026,MovimientosxAeropuerto2020-2026
Colombia,EYP,SKYP,El Alcaravan - Yopal Airport,2020,2,2020-02,12914,13642,0,0,26556,0,12914,13642,26556,1050,1041,0,0,2091,0,1050,1041,2091,disponible,disponible,PasajerosArribadosPartidosxAeropuerto2020-2026,MovimientosxAeropuerto2020-2026
Colombia,FLA,SKFL,Gustavo Artunduaga Paredes Airport,2020,2,2020-02,5456,5812,0,0,11268,0,5456,5812,11268,277,268,0,0,545,0,277,268,545,disponible,disponible,PasajerosArribadosPartidosxAeropuerto2020-2026,MovimientosxAeropuerto2020-2026
Colombia,GPI,SKGP,Guapi Airport,2020,2,2020-02,1400,1267,0,0,2667,0,1400,1267,2667,89,92,0,0,181,0,89,92,181,disponible,disponible,PasajerosArribadosPartidosxAeropuerto2020-2026,MovimientosxAeropuerto2020-2026
Colombia,IBE,SKIB,Perales Airport,2020,2,2020-02,4675,5505,0,1,10180,1,4675,5506,10181,451,444,0,0,895,0,451,444,895,disponible,disponible,PasajerosArribadosPartidosxAeropuerto2020-2026,MovimientosxAeropuerto2020-2026
Colombia,IPI,SKIP,San Luis Airport,2020,2,2020-02,1468,1315,0,0,2783,0,1468,1315,2783,47,46,0,0,93,0,47,46,93,disponible,disponible,PasajerosArribadosPartidosxAeropuerto2020-2026,MovimientosxAeropuerto2020-2026
Colombia,LCR,SKHZ,Virgilio Barco Vargas (La Chorrera) Airport,2020,2,2020-02,,,,,,,,,,19,9,0,0,28,0,19,9,28,sin_dato,disponible,PasajerosArribadosPartidosxAeropuerto2020-2026,MovimientosxAeropuerto2020-2026
Colombia,LET,SKLT,Alfredo Vásquez Cobo International Airport,2020,2,2020-02,12010,11659,42,27,23669,69,12052,11686,23738,191,194,3,5,385,8,194,199,393,disponible,disponible,PasajerosArribadosPartidosxAeropuerto2020-2026,MovimientosxAeropuerto2020-2026
Colombia,LMC,SKNA,La Macarena Airport,2020,2,2020-02,670,772,0,0,1442,0,670,772,1442,279,280,0,0,559,0,279,280,559,disponible,disponible,PasajerosArribadosPartidosxAeropuerto2020-2026,MovimientosxAeropuerto2020-2026
Colombia,LPD,SKLP,La Pedrera Airport,2020,2,2020-02,156,169,0,0,325,0,156,169,325,28,18,0,0,46,0,28,18,46,disponible,disponible,PasajerosArribadosPartidosxAeropuerto2020-2026,MovimientosxAeropuerto2020-2026
Colombia,LQM,SKLG,Caucaya Airport,2020,2,2020-02,779,848,0,0,1627,0,779,848,1627,37,35,0,0,72,0,37,35,72,disponible,disponible,PasajerosArribadosPartidosxAeropuerto2020-2026,MovimientosxAeropuerto2020-2026
Colombia,MDE,SKRG,Jose Maria Córdova International Airport,2020,2,2020-02,220058,267183,68346,72679,487241,141025,288404,339862,628266,2840,2788,741,766,5628,1507,3581,3554,7135,disponible,disponible,PasajerosArribadosPartidosxAeropuerto2020-2026,MovimientosxAeropuerto2020-2026
Colombia,MTR,SKMR,Los Garzones Airport,2020,2,2020-02,30157,46060,598,590,76217,1188,30755,46650,77405,752,752,0,0,1504,0,752,752,1504,disponible,disponible,PasajerosArribadosPartidosxAeropuerto2020-2026,MovimientosxAeropuerto2020-2026
Colombia,MVP,SKMU,Fabio Alberto Leon Bentley Airport,2020,2,2020-02,2429,2487,0,0,4916,0,2429,2487,4916,627,640,0,0,1267,0,627,640,1267,disponible,disponible,PasajerosArribadosPartidosxAeropuerto2020-2026,MovimientosxAeropuerto2020-2026
Colombia,MZL,SKMZ,La Nubia Airport,2020,2,2020-02,8871,9422,0,0,18293,0,8871,9422,18293,291,289,0,0,580,0,291,289,580,disponible,disponible,PasajerosArribadosPartidosxAeropuerto2020-2026,MovimientosxAeropuerto2020-2026
Colombia,NQU,SKNQ,Reyes Murillo Airport,2020,2,2020-02,1100,1181,0,0,2281,0,1100,1181,2281,148,146,0,0,294,0,148,146,294,disponible,disponible,PasajerosArribadosPartidosxAeropuerto2020-2026,MovimientosxAeropuerto2020-2026
Colombia,NVA,SKNV,Benito Salas Airport,2020,2,2020-02,11671,12293,13,0,23964,13,11684,12293,23977,525,519,0,0,1044,0,525,519,1044,disponible,disponible,PasajerosArribadosPartidosxAeropuerto2020-2026,MovimientosxAeropuerto2020-2026
Colombia,PCR,SKPC,German Olano Airport,2020,2,2020-02,2318,2468,0,0,4786,0,2318,2468,4786,121,122,0,0,243,0,121,122,243,disponible,disponible,PasajerosArribadosPartidosxAeropuerto2020-2026,MovimientosxAeropuerto2020-2026
Colombia,PDA,SKPD,Obando Cesar Gaviria Trujillo Airport,2020,2,2020-02,,,,,,,,,,153,154,0,0,307,0,153,154,307,sin_dato,disponible,PasajerosArribadosPartidosxAeropuerto2020-2026,MovimientosxAeropuerto2020-2026
Colombia,PEI,SKPE,Matecaña International Airport,2020,2,2020-02,60695,53758,8738,10306,114453,19044,69433,64064,133497,974,973,54,55,1947,109,1028,1028,2056,disponible,disponible,PasajerosArribadosPartidosxAeropuerto2020-2026,MovimientosxAeropuerto2020-2026
Colombia,PPN,SKPP,Guillermo León Valencia Airport,2020,2,2020-02,4599,5062,0,0,9661,0,4599,5062,9661,277,282,0,0,559,0,277,282,559,disponible,disponible,PasajerosArribadosPartidosxAeropuerto2020-2026,MovimientosxAeropuerto2020-2026
Colombia,PSO,SKPS,Antonio Nariño Airport,2020,2,2020-02,14232,14690,285,325,28922,610,14517,15015,29532,276,274,0,0,550,0,276,274,550,disponible,disponible,PasajerosArribadosPartidosxAeropuerto2020-2026,MovimientosxAeropuerto2020-2026
Colombia,PUU,SKAS,Tres De Mayo Airport,2020,2,2020-02,2802,5001,0,0,7803,0,2802,5001,7803,256,251,0,0,507,0,256,251,507,disponible,disponible,PasajerosArribadosPartidosxAeropuerto2020-2026,MovimientosxAeropuerto2020-2026
Colombia,PVA,SKPV,El Embrujo Airport,2020,2,2020-02,3099,1258,0,0,4357,0,3099,1258,4357,228,229,0,0,457,0,228,229,457,disponible,disponible,PasajerosArribadosPartidosxAeropuerto2020-2026,MovimientosxAeropuerto2020-2026
Colombia,RCH,SKRH,Almirante Padilla Airport,2020,2,2020-02,9456,9560,278,251,19016,529,9734,9811,19545,96,100,9,9,196,18,105,109,214,disponible,disponible,PasajerosArribadosPartidosxAeropuerto2020-2026,MovimientosxAeropuerto2020-2026
Colombia,RVE,SKSA,Los Colonizadores Airport,2020,2,2020-02,1802,1092,0,0,2894,0,1802,1092,2894,187,187,0,0,374,0,187,187,374,disponible,disponible,PasajerosArribadosPartidosxAeropuerto2020-2026,MovimientosxAeropuerto2020-2026
Colombia,SJE,SKSJ,Jorge E. Gonzalez Torres Airport,2020,2,2020-02,1253,1441,0,0,2694,0,1253,1441,2694,445,454,0,0,899,0,445,454,899,disponible,disponible,PasajerosArribadosPartidosxAeropuerto2020-2026,MovimientosxAeropuerto2020-2026
Colombia,SMR,SKSM,Simón Bolívar International Airport,2020,2,2020-02,47487,81693,1671,1826,129180,3497,49158,83519,132677,781,772,7,6,1553,13,788,778,1566,disponible,disponible,PasajerosArribadosPartidosxAeropuerto2020-2026,MovimientosxAeropuerto2020-2026
Colombia,SVI,SKSV,Eduardo Falla Solano Airport,2020,2,2020-02,321,293,0,0,614,0,321,293,614,23,22,0,0,45,0,23,22,45,disponible,disponible,PasajerosArribadosPartidosxAeropuerto2020-2026,MovimientosxAeropuerto2020-2026
Colombia,TCD,SKRA,Tarapacá Airport,2020,2,2020-02,,,,,,,,,,19,2,0,0,21,0,19,2,21,sin_dato,disponible,PasajerosArribadosPartidosxAeropuerto2020-2026,MovimientosxAeropuerto2020-2026
Colombia,TCO,SKCO,La Florida Airport,2020,2,2020-02,5468,3934,0,0,9402,0,5468,3934,9402,574,574,0,0,1148,0,574,574,1148,disponible,disponible,PasajerosArribadosPartidosxAeropuerto2020-2026,MovimientosxAeropuerto2020-2026
Colombia,TLU,SKTL,Golfo de Morrosquillo Airport,2020,2,2020-02,114,89,0,0,203,0,114,89,203,47,49,0,0,96,0,47,49,96,disponible,disponible,PasajerosArribadosPartidosxAeropuerto2020-2026,MovimientosxAeropuerto2020-2026
Colombia,TME,SKTM,Gustavo Vargas Airport,2020,2,2020-02,254,247,0,0,501,0,254,247,501,91,90,0,0,181,0,91,90,181,disponible,disponible,PasajerosArribadosPartidosxAeropuerto2020-2026,MovimientosxAeropuerto2020-2026
Colombia,UIB,SKUI,El Caraño Airport,2020,2,2020-02,14019,14554,0,0,28573,0,14019,14554,28573,778,771,0,0,1549,0,778,771,1549,disponible,disponible,PasajerosArribadosPartidosxAeropuerto2020-2026,MovimientosxAeropuerto2020-2026
Colombia,VUP,SKVP,Alfonso López Pumarejo Airport,2020,2,2020-02,17621,14887,331,321,32508,652,17952,15208,33160,285,280,0,0,565,0,285,280,565,disponible,disponible,PasajerosArribadosPartidosxAeropuerto2020-2026,MovimientosxAeropuerto2020-2026
Colombia,VVC,SKVV,Vanguardia Airport,2020,2,2020-02,10990,12158,8,1,23148,9,10998,12159,23157,2031,2028,0,0,4059,0,2031,2028,4059,disponible,disponible,PasajerosArribadosPartidosxAeropuerto2020-2026,MovimientosxAeropuerto2020-2026
Colombia,ADZ,SKSP,Gustavo Rojas Pinilla International Airport,2020,3,2020-03,47735,61088,3216,4516,108823,7732,50951,65604,116555,650,655,25,25,1305,50,675,680,1355,disponible,disponible,PasajerosArribadosPartidosxAeropuerto2020-2026,MovimientosxAeropuerto2020-2026
Colombia,APO,SKLC,Antonio Roldán Betancur Airport,2020,3,2020-03,6389,6185,0,0,12574,0,6389,6185,12574,659,665,1,0,1324,1,660,665,1325,disponible,disponible,PasajerosArribadosPartidosxAeropuerto2020-2026,MovimientosxAeropuerto2020-2026
Colombia,AUC,SKUC,Santiago Perez Airport,2020,3,2020-03,4090,1839,0,0,5929,0,4090,1839,5929,239,236,0,0,475,0,239,236,475,disponible,disponible,PasajerosArribadosPartidosxAeropuerto2020-2026,MovimientosxAeropuerto2020-2026
Colombia,AXM,SKAR,El Eden Airport,2020,3,2020-03,11661,11566,1580,1975,23227,3555,13241,13541,26782,270,269,9,9,539,18,279,278,557,disponible,disponible,PasajerosArribadosPartidosxAeropuerto2020-2026,MovimientosxAeropuerto2020-2026
Colombia,BAQ,SKBQ,Ernesto Cortissoz International Airport,2020,3,2020-03,56245,57898,7087,9006,114143,16093,63332,66904,130236,1369,1386,144,131,2755,275,1513,1517,3030,disponible,disponible,PasajerosArribadosPartidosxAeropuerto2020-2026,MovimientosxAeropuerto2020-2026
Colombia,BGA,SKBG,Palonegro Airport,2020,3,2020-03,35579,29740,1929,1789,65319,3718,37508,31529,69037,1023,1014,16,19,2037,35,1039,1033,2072,disponible,disponible,PasajerosArribadosPartidosxAeropuerto2020-2026,MovimientosxAeropuerto2020-2026
Colombia,BOG,SKBO,El Dorado International Airport,2020,3,2020-03,394120,409905,171864,192038,804025,363902,565984,601943,1167927,7411,7425,2834,2771,14836,5605,10245,10196,20441,disponible,disponible,PasajerosArribadosPartidosxAeropuerto2020-2026,MovimientosxAeropuerto2020-2026
Colombia,BSC,SKBS,José Celestino Mutis Airport,2020,3,2020-03,1727,1498,0,0,3225,0,1727,1498,3225,250,251,0,0,501,0,250,251,501,disponible,disponible,PasajerosArribadosPartidosxAeropuerto2020-2026,MovimientosxAeropuerto2020-2026
Colombia,BUN,SKBU,Gerardo Tobar López Airport,2020,3,2020-03,351,298,0,0,649,0,351,298,649,52,47,0,0,99,0,52,47,99,disponible,disponible,PasajerosArribadosPartidosxAeropuerto2020-2026,MovimientosxAeropuerto2020-2026
Colombia,CLO,SKCL,Alfonso Bonilla Aragon International Airport,2020,3,2020-03,100676,98993,19408,22956,199669,42364,120084,121949,242033,2070,2090,247,225,4160,472,2317,2315,4632,disponible,disponible,PasajerosArribadosPartidosxAeropuerto2020-2026,MovimientosxAeropuerto2020-2026
Colombia,CTG,SKCG,Rafael Nuñez International Airport,2020,3,2020-03,91004,82460,23001,34267,173464,57268,114005,116727,230732,1181,1164,250,282,2345,532,1431,1446,2877,disponible,disponible,PasajerosArribadosPartidosxAeropuerto2020-2026,MovimientosxAeropuerto2020-2026
Colombia,CUC,SKCC,Camilo Daza International Airport,2020,3,2020-03,21326,11678,1937,1825,33004,3762,23263,13503,36766,582,579,3,3,1161,6,585,582,1167,disponible,disponible,PasajerosArribadosPartidosxAeropuerto2020-2026,MovimientosxAeropuerto2020-2026
Colombia,CZU,SKCZ,Las Brujas Airport,2020,3,2020-03,1614,1537,0,0,3151,0,1614,1537,3151,74,88,0,0,162,0,74,88,162,disponible,disponible,PasajerosArribadosPartidosxAeropuerto2020-2026,MovimientosxAeropuerto2020-2026
Colombia,EJA,SKEJ,Yariguíes Airport,2020,3,2020-03,2292,4481,38,55,6773,93,2330,4536,6866,297,295,0,0,592,0,297,295,592,disponible,disponible,PasajerosArribadosPartidosxAeropuerto2020-2026,MovimientosxAeropuerto2020-2026
Colombia,EOH,SKMD,Enrique Olaya Herrera Airport,2020,3,2020-03,26824,27576,0,0,54400,0,26824,27576,54400,2017,2011,0,0,4028,0,2017,2011,4028,disponible,disponible,PasajerosArribadosPartidosxAeropuerto2020-2026,MovimientosxAeropuerto2020-2026
Colombia,EYP,SKYP,El Alcaravan - Yopal Airport,2020,3,2020-03,8944,9017,0,0,17961,0,8944,9017,17961,731,731,0,0,1462,0,731,731,1462,disponible,disponible,PasajerosArribadosPartidosxAeropuerto2020-2026,MovimientosxAeropuerto2020-2026
Colombia,FLA,SKFL,Gustavo Artunduaga Paredes Airport,2020,3,2020-03,3658,3469,0,0,7127,0,3658,3469,7127,198,189,0,0,387,0,198,189,387,disponible,disponible,PasajerosArribadosPartidosxAeropuerto2020-2026,MovimientosxAeropuerto2020-2026
Colombia,GPI,SKGP,Guapi Airport,2020,3,2020-03,1001,916,0,0,1917,0,1001,916,1917,100,90,0,0,190,0,100,90,190,disponible,disponible,PasajerosArribadosPartidosxAeropuerto2020-2026,MovimientosxAeropuerto2020-2026
Colombia,IBE,SKIB,Perales Airport,2020,3,2020-03,2866,3067,0,0,5933,0,2866,3067,5933,256,258,0,0,514,0,256,258,514,disponible,disponible,PasajerosArribadosPartidosxAeropuerto2020-2026,MovimientosxAeropuerto2020-2026
Colombia,IPI,SKIP,San Luis Airport,2020,3,2020-03,919,771,0,0,1690,0,919,771,1690,39,39,0,0,78,0,39,39,78,disponible,disponible,PasajerosArribadosPartidosxAeropuerto2020-2026,MovimientosxAeropuerto2020-2026
Colombia,LCR,SKHZ,Virgilio Barco Vargas (La Chorrera) Airport,2020,3,2020-03,,,,,,,,,,15,7,0,0,22,0,15,7,22,sin_dato,disponible,PasajerosArribadosPartidosxAeropuerto2020-2026,MovimientosxAeropuerto2020-2026
Colombia,LET,SKLT,Alfredo Vásquez Cobo International Airport,2020,3,2020-03,6628,8075,17,12,14703,29,6645,8087,14732,200,191,3,7,391,10,203,198,401,disponible,disponible,PasajerosArribadosPartidosxAeropuerto2020-2026,MovimientosxAeropuerto2020-2026
Colombia,LMC,SKNA,La Macarena Airport,2020,3,2020-03,507,466,0,0,973,0,507,466,973,185,183,0,0,368,0,185,183,368,disponible,disponible,PasajerosArribadosPartidosxAeropuerto2020-2026,MovimientosxAeropuerto2020-2026
Colombia,LPD,SKLP,La Pedrera Airport,2020,3,2020-03,159,139,0,0,298,0,159,139,298,34,19,0,0,53,0,34,19,53,disponible,disponible,PasajerosArribadosPartidosxAeropuerto2020-2026,MovimientosxAeropuerto2020-2026
Colombia,LQM,SKLG,Caucaya Airport,2020,3,2020-03,536,524,0,0,1060,0,536,524,1060,26,26,0,0,52,0,26,26,52,disponible,disponible,PasajerosArribadosPartidosxAeropuerto2020-2026,MovimientosxAeropuerto2020-2026
Colombia,MDE,SKRG,Jose Maria Córdova International Airport,2020,3,2020-03,165450,151879,42601,47320,317329,89921,208051,199199,407250,2029,1980,499,540,4009,1039,2528,2520,5048,disponible,disponible,PasajerosArribadosPartidosxAeropuerto2020-2026,MovimientosxAeropuerto2020-2026
Colombia,MTR,SKMR,Los Garzones Airport,2020,3,2020-03,28934,27519,254,236,56453,490,29188,27755,56943,595,596,0,0,1191,0,595,596,1191,disponible,disponible,PasajerosArribadosPartidosxAeropuerto2020-2026,MovimientosxAeropuerto2020-2026
Colombia,MVP,SKMU,Fabio Alberto Leon Bentley Airport,2020,3,2020-03,1374,1569,0,0,2943,0,1374,1569,2943,621,614,0,0,1235,0,621,614,1235,disponible,disponible,PasajerosArribadosPartidosxAeropuerto2020-2026,MovimientosxAeropuerto2020-2026
Colombia,MZL,SKMZ,La Nubia Airport,2020,3,2020-03,5449,3249,0,0,8698,0,5449,3249,8698,197,193,0,0,390,0,197,193,390,disponible,disponible,PasajerosArribadosPartidosxAeropuerto2020-2026,MovimientosxAeropuerto2020-2026
Colombia,NQU,SKNQ,Reyes Murillo Airport,2020,3,2020-03,506,552,0,0,1058,0,506,552,1058,96,98,0,0,194,0,96,98,194,disponible,disponible,PasajerosArribadosPartidosxAeropuerto2020-2026,MovimientosxAeropuerto2020-2026
Colombia,NVA,SKNV,Benito Salas Airport,2020,3,2020-03,5083,5054,0,0,10137,0,5083,5054,10137,379,381,0,0,760,0,379,381,760,disponible,disponible,PasajerosArribadosPartidosxAeropuerto2020-2026,MovimientosxAeropuerto2020-2026
Colombia,PCR,SKPC,German Olano Airport,2020,3,2020-03,1181,1277,0,0,2458,0,1181,1277,2458,105,102,0,0,207,0,105,102,207,disponible,disponible,PasajerosArribadosPartidosxAeropuerto2020-2026,MovimientosxAeropuerto2020-2026
Colombia,PDA,SKPD,Obando Cesar Gaviria Trujillo Airport,2020,3,2020-03,,,,,,,,,,129,125,0,0,254,0,129,125,254,sin_dato,disponible,PasajerosArribadosPartidosxAeropuerto2020-2026,MovimientosxAeropuerto2020-2026
Colombia,PEI,SKPE,Matecaña International Airport,2020,3,2020-03,32381,25550,5424,6172,57931,11596,37805,31722,69527,709,709,34,35,1418,69,743,744,1487,disponible,disponible,PasajerosArribadosPartidosxAeropuerto2020-2026,MovimientosxAeropuerto2020-2026
Colombia,PPN,SKPP,Guillermo León Valencia Airport,2020,3,2020-03,3047,2975,0,0,6022,0,3047,2975,6022,264,273,0,0,537,0,264,273,537,disponible,disponible,PasajerosArribadosPartidosxAeropuerto2020-2026,MovimientosxAeropuerto2020-2026
Colombia,PSO,SKPS,Antonio Nariño Airport,2020,3,2020-03,10216,6811,193,161,17027,354,10409,6972,17381,208,206,0,0,414,0,208,206,414,disponible,disponible,PasajerosArribadosPartidosxAeropuerto2020-2026,MovimientosxAeropuerto2020-2026
Colombia,PUU,SKAS,Tres De Mayo Airport,2020,3,2020-03,3566,3435,0,0,7001,0,3566,3435,7001,183,189,0,0,372,0,183,189,372,disponible,disponible,PasajerosArribadosPartidosxAeropuerto2020-2026,MovimientosxAeropuerto2020-2026
Colombia,PVA,SKPV,El Embrujo Airport,2020,3,2020-03,1482,1528,0,0,3010,0,1482,1528,3010,153,150,0,0,303,0,153,150,303,disponible,disponible,PasajerosArribadosPartidosxAeropuerto2020-2026,MovimientosxAeropuerto2020-2026
Colombia,RCH,SKRH,Almirante Padilla Airport,2020,3,2020-03,5835,5912,141,142,11747,283,5976,6054,12030,104,112,0,0,216,0,104,112,216,disponible,disponible,PasajerosArribadosPartidosxAeropuerto2020-2026,MovimientosxAeropuerto2020-2026
Colombia,RVE,SKSA,Los Colonizadores Airport,2020,3,2020-03,842,757,0,0,1599,0,842,757,1599,142,136,0,0,278,0,142,136,278,disponible,disponible,PasajerosArribadosPartidosxAeropuerto2020-2026,MovimientosxAeropuerto2020-2026
Colombia,SJE,SKSJ,Jorge E. Gonzalez Torres Airport,2020,3,2020-03,1037,1000,0,0,2037,0,1037,1000,2037,430,449,0,0,879,0,430,449,879,disponible,disponible,PasajerosArribadosPartidosxAeropuerto2020-2026,MovimientosxAeropuerto2020-2026
Colombia,SMR,SKSM,Simón Bolívar International Airport,2020,3,2020-03,32286,51804,640,1150,84090,1790,32926,52954,85880,554,552,2,1,1106,3,556,553,1109,disponible,disponible,PasajerosArribadosPartidosxAeropuerto2020-2026,MovimientosxAeropuerto2020-2026
Colombia,SVI,SKSV,Eduardo Falla Solano Airport,2020,3,2020-03,140,136,0,0,276,0,140,136,276,21,23,0,0,44,0,21,23,44,disponible,disponible,PasajerosArribadosPartidosxAeropuerto2020-2026,MovimientosxAeropuerto2020-2026
Colombia,TCD,SKRA,Tarapacá Airport,2020,3,2020-03,,,,,,,,,,20,3,0,0,23,0,20,3,23,sin_dato,disponible,PasajerosArribadosPartidosxAeropuerto2020-2026,MovimientosxAeropuerto2020-2026
Colombia,TCO,SKCO,La Florida Airport,2020,3,2020-03,4426,4076,0,0,8502,0,4426,4076,8502,431,431,0,1,862,1,431,432,863,disponible,disponible,PasajerosArribadosPartidosxAeropuerto2020-2026,MovimientosxAeropuerto2020-2026
Colombia,TLU,SKTL,Golfo de Morrosquillo Airport,2020,3,2020-03,197,242,0,0,439,0,197,242,439,36,36,0,0,72,0,36,36,72,disponible,disponible,PasajerosArribadosPartidosxAeropuerto2020-2026,MovimientosxAeropuerto2020-2026
Colombia,TME,SKTM,Gustavo Vargas Airport,2020,3,2020-03,258,173,0,0,431,0,258,173,431,81,81,0,0,162,0,81,81,162,disponible,disponible,PasajerosArribadosPartidosxAeropuerto2020-2026,MovimientosxAeropuerto2020-2026
Colombia,UIB,SKUI,El Caraño Airport,2020,3,2020-03,7747,9985,0,0,17732,0,7747,9985,17732,629,625,0,0,1254,0,629,625,1254,disponible,disponible,PasajerosArribadosPartidosxAeropuerto2020-2026,MovimientosxAeropuerto2020-2026
Colombia,VUP,SKVP,Alfonso López Pumarejo Airport,2020,3,2020-03,11284,10333,164,220,21617,384,11448,10553,22001,268,266,0,0,534,0,268,266,534,disponible,disponible,PasajerosArribadosPartidosxAeropuerto2020-2026,MovimientosxAeropuerto2020-2026
Colombia,VVC,SKVV,Vanguardia Airport,2020,3,2020-03,6978,7521,0,0,14499,0,6978,7521,14499,1283,1264,0,0,2547,0,1283,1264,2547,disponible,disponible,PasajerosArribadosPartidosxAeropuerto2020-2026,MovimientosxAeropuerto2020-2026
Colombia,ADZ,SKSP,Gustavo Rojas Pinilla International Airport,2020,4,2020-04,0,0,0,0,0,0,0,0,0,68,75,1,0,143,1,69,75,144,disponible,disponible,PasajerosArribadosPartidosxAeropuerto2020-2026,MovimientosxAeropuerto2020-2026
Colombia,APO,SKLC,Antonio Roldán Betancur Airport,2020,4,2020-04,9,8,0,0,17,0,9,8,17,433,429,0,0,862,0,433,429,862,disponible,disponible,PasajerosArribadosPartidosxAeropuerto2020-2026,MovimientosxAeropuerto2020-2026
Colombia,AUC,SKUC,Santiago Perez Airport,2020,4,2020-04,132,157,0,0,289,0,132,157,289,88,83,0,0,171,0,88,83,171,disponible,disponible,PasajerosArribadosPartidosxAeropuerto2020-2026,MovimientosxAeropuerto2020-2026
Colombia,AXM,SKAR,El Eden Airport,2020,4,2020-04,0,0,0,0,0,0,0,0,0,14,11,0,0,25,0,14,11,25,disponible,disponible,PasajerosArribadosPartidosxAeropuerto2020-2026,MovimientosxAeropuerto2020-2026
Colombia,BAQ,SKBQ,Ernesto Cortissoz International Airport,2020,4,2020-04,130,102,0,48,232,48,130,150,280,306,302,7,18,608,25,313,320,633,disponible,disponible,PasajerosArribadosPartidosxAeropuerto2020-2026,MovimientosxAeropuerto2020-2026
Colombia,BGA,SKBG,Palonegro Airport,2020,4,2020-04,88,74,0,0,162,0,88,74,162,168,180,0,0,348,0,168,180,348,disponible,disponible,PasajerosArribadosPartidosxAeropuerto2020-2026,MovimientosxAeropuerto2020-2026
Colombia,BOG,SKBO,El Dorado International Airport,2020,4,2020-04,801,1097,2321,3308,1898,5629,3122,4405,7527,935,958,747,706,1893,1453,1682,1664,3346,disponible,disponible,PasajerosArribadosPartidosxAeropuerto2020-2026,MovimientosxAeropuerto2020-2026
Colombia,BSC,SKBS,José Celestino Mutis Airport,2020,4,2020-04,6,15,0,0,21,0,6,15,21,113,109,0,0,222,0,113,109,222,disponible,disponible,PasajerosArribadosPartidosxAeropuerto2020-2026,MovimientosxAeropuerto2020-2026
Colombia,BUN,SKBU,Gerardo Tobar López Airport,2020,4,2020-04,4,4,0,0,8,0,4,4,8,21,18,0,0,39,0,21,18,39,disponible,disponible,PasajerosArribadosPartidosxAeropuerto2020-2026,MovimientosxAeropuerto2020-2026
Colombia,CLO,SKCL,Alfonso Bonilla Aragon International Airport,2020,4,2020-04,402,62,0,1109,464,1109,402,1171,1573,228,252,16,6,480,22,244,258,502,disponible,disponible,PasajerosArribadosPartidosxAeropuerto2020-2026,MovimientosxAeropuerto2020-2026
Colombia,CTG,SKCG,Rafael Nuñez International Airport,2020,4,2020-04,11,7,0,242,18,242,11,249,260,70,71,2,4,141,6,72,75,147,disponible,disponible,PasajerosArribadosPartidosxAeropuerto2020-2026,MovimientosxAeropuerto2020-2026
Colombia,CUC,SKCC,Camilo Daza International Airport,2020,4,2020-04,25,18,0,0,43,0,25,18,43,142,137,0,0,279,0,142,137,279,disponible,disponible,PasajerosArribadosPartidosxAeropuerto2020-2026,MovimientosxAeropuerto2020-2026
Colombia,CZU,SKCZ,Las Brujas Airport,2020,4,2020-04,,,,,,,,,,17,25,0,0,42,0,17,25,42,sin_dato,disponible,PasajerosArribadosPartidosxAeropuerto2020-2026,MovimientosxAeropuerto2020-2026
Colombia,EJA,SKEJ,Yariguíes Airport,2020,4,2020-04,6,17,0,0,23,0,6,17,23,33,32,0,0,65,0,33,32,65,disponible,disponible,PasajerosArribadosPartidosxAeropuerto2020-2026,MovimientosxAeropuerto2020-2026
Colombia,EOH,SKMD,Enrique Olaya Herrera Airport,2020,4,2020-04,94,91,0,0,185,0,94,91,185,415,417,0,0,832,0,415,417,832,disponible,disponible,PasajerosArribadosPartidosxAeropuerto2020-2026,MovimientosxAeropuerto2020-2026
Colombia,EYP,SKYP,El Alcaravan - Yopal Airport,2020,4,2020-04,78,85,0,0,163,0,78,85,163,277,275,0,0,552,0,277,275,552,disponible,disponible,PasajerosArribadosPartidosxAeropuerto2020-2026,MovimientosxAeropuerto2020-2026
Colombia,FLA,SKFL,Gustavo Artunduaga Paredes Airport,2020,4,2020-04,18,18,0,0,36,0,18,18,36,62,46,0,0,108,0,62,46,108,disponible,disponible,PasajerosArribadosPartidosxAeropuerto2020-2026,MovimientosxAeropuerto2020-2026
Colombia,GPI,SKGP,Guapi Airport,2020,4,2020-04,6,4,0,0,10,0,6,4,10,76,56,0,0,132,0,76,56,132,disponible,disponible,PasajerosArribadosPartidosxAeropuerto2020-2026,MovimientosxAeropuerto2020-2026
Colombia,IBE,SKIB,Perales Airport,2020,4,2020-04,0,0,0,0,0,0,0,0,0,23,24,0,0,47,0,23,24,47,disponible,disponible,PasajerosArribadosPartidosxAeropuerto2020-2026,MovimientosxAeropuerto2020-2026
Colombia,IPI,SKIP,San Luis Airport,2020,4,2020-04,,,,,,,,,,9,6,0,0,15,0,9,6,15,sin_dato,disponible,PasajerosArribadosPartidosxAeropuerto2020-2026,MovimientosxAeropuerto2020-2026
Colombia,LCR,SKHZ,Virgilio Barco Vargas (La Chorrera) Airport,2020,4,2020-04,,,,,,,,,,8,7,0,0,15,0,8,7,15,sin_dato,disponible,PasajerosArribadosPartidosxAeropuerto2020-2026,MovimientosxAeropuerto2020-2026
Colombia,LET,SKLT,Alfredo Vásquez Cobo International Airport,2020,4,2020-04,2,3,0,0,5,0,2,3,5,96,89,2,9,185,11,98,98,196,disponible,disponible,PasajerosArribadosPartidosxAeropuerto2020-2026,MovimientosxAeropuerto2020-2026
Colombia,LMC,SKNA,La Macarena Airport,2020,4,2020-04,0,0,0,0,0,0,0,0,0,51,55,0,0,106,0,51,55,106,disponible,disponible,PasajerosArribadosPartidosxAeropuerto2020-2026,MovimientosxAeropuerto2020-2026
Colombia,LPD,SKLP,La Pedrera Airport,2020,4,2020-04,2,1,0,0,3,0,2,1,3,8,7,0,0,15,0,8,7,15,disponible,disponible,PasajerosArribadosPartidosxAeropuerto2020-2026,MovimientosxAeropuerto2020-2026
Colombia,LQM,SKLG,Caucaya Airport,2020,4,2020-04,4,4,0,0,8,0,4,4,8,13,9,0,0,22,0,13,9,22,disponible,disponible,PasajerosArribadosPartidosxAeropuerto2020-2026,MovimientosxAeropuerto2020-2026
Colombia,MDE,SKRG,Jose Maria Córdova International Airport,2020,4,2020-04,8,27,674,1073,35,1747,682,1100,1782,273,227,73,111,500,184,346,338,684,disponible,disponible,PasajerosArribadosPartidosxAeropuerto2020-2026,MovimientosxAeropuerto2020-2026
Colombia,MTR,SKMR,Los Garzones Airport,2020,4,2020-04,18,10,0,0,28,0,18,10,28,117,120,0,0,237,0,117,120,237,disponible,disponible,PasajerosArribadosPartidosxAeropuerto2020-2026,MovimientosxAeropuerto2020-2026
Colombia,MVP,SKMU,Fabio Alberto Leon Bentley Airport,2020,4,2020-04,29,62,0,0,91,0,29,62,91,203,211,0,0,414,0,203,211,414,disponible,disponible,PasajerosArribadosPartidosxAeropuerto2020-2026,MovimientosxAeropuerto2020-2026
Colombia,MZL,SKMZ,La Nubia Airport,2020,4,2020-04,,,,,,,,,,4,3,0,0,7,0,4,3,7,sin_dato,disponible,PasajerosArribadosPartidosxAeropuerto2020-2026,MovimientosxAeropuerto2020-2026
Colombia,NQU,SKNQ,Reyes Murillo Airport,2020,4,2020-04,2,5,0,0,7,0,2,5,7,41,42,0,0,83,0,41,42,83,disponible,disponible,PasajerosArribadosPartidosxAeropuerto2020-2026,MovimientosxAeropuerto2020-2026
Colombia,NVA,SKNV,Benito Salas Airport,2020,4,2020-04,112,90,0,0,202,0,112,90,202,109,112,0,0,221,0,109,112,221,disponible,disponible,PasajerosArribadosPartidosxAeropuerto2020-2026,MovimientosxAeropuerto2020-2026
Colombia,PCR,SKPC,German Olano Airport,2020,4,2020-04,0,0,0,0,0,0,0,0,0,60,56,0,0,116,0,60,56,116,disponible,disponible,PasajerosArribadosPartidosxAeropuerto2020-2026,MovimientosxAeropuerto2020-2026
Colombia,PDA,SKPD,Obando Cesar Gaviria Trujillo Airport,2020,4,2020-04,,,,,,,,,,60,60,0,0,120,0,60,60,120,sin_dato,disponible,PasajerosArribadosPartidosxAeropuerto2020-2026,MovimientosxAeropuerto2020-2026
Colombia,PEI,SKPE,Matecaña International Airport,2020,4,2020-04,2,2,0,0,4,0,2,2,4,27,23,0,0,50,0,27,23,50,disponible,disponible,PasajerosArribadosPartidosxAeropuerto2020-2026,MovimientosxAeropuerto2020-2026
Colombia,PPN,SKPP,Guillermo León Valencia Airport,2020,4,2020-04,16,14,0,0,30,0,16,14,30,140,139,0,0,279,0,140,139,279,disponible,disponible,PasajerosArribadosPartidosxAeropuerto2020-2026,MovimientosxAeropuerto2020-2026
Colombia,PSO,SKPS,Antonio Nariño Airport,2020,4,2020-04,2,0,0,0,2,0,2,0,2,42,38,0,0,80,0,42,38,80,disponible,disponible,PasajerosArribadosPartidosxAeropuerto2020-2026,MovimientosxAeropuerto2020-2026
Colombia,PUU,SKAS,Tres De Mayo Airport,2020,4,2020-04,37,46,0,0,83,0,37,46,83,28,29,0,0,57,0,28,29,57,disponible,disponible,PasajerosArribadosPartidosxAeropuerto2020-2026,MovimientosxAeropuerto2020-2026
Colombia,PVA,SKPV,El Embrujo Airport,2020,4,2020-04,,,,,,,,,,15,16,0,0,31,0,15,16,31,sin_dato,disponible,PasajerosArribadosPartidosxAeropuerto2020-2026,MovimientosxAeropuerto2020-2026
Colombia,RCH,SKRH,Almirante Padilla Airport,2020,4,2020-04,31,29,0,0,60,0,31,29,60,69,77,0,0,146,0,69,77,146,disponible,disponible,PasajerosArribadosPartidosxAeropuerto2020-2026,MovimientosxAeropuerto2020-2026
Colombia,RVE,SKSA,Los Colonizadores Airport,2020,4,2020-04,6,6,0,0,12,0,6,6,12,91,84,0,0,175,0,91,84,175,disponible,disponible,PasajerosArribadosPartidosxAeropuerto2020-2026,MovimientosxAeropuerto2020-2026
Colombia,SJE,SKSJ,Jorge E. Gonzalez Torres Airport,2020,4,2020-04,20,14,0,0,34,0,20,14,34,180,192,0,0,372,0,180,192,372,disponible,disponible,PasajerosArribadosPartidosxAeropuerto2020-2026,MovimientosxAeropuerto2020-2026
Colombia,SMR,SKSM,Simón Bolívar International Airport,2020,4,2020-04,,,,,,,,,,49,51,1,1,100,2,50,52,102,sin_dato,disponible,PasajerosArribadosPartidosxAeropuerto2020-2026,MovimientosxAeropuerto2020-2026
Colombia,SVI,SKSV,Eduardo Falla Solano Airport,2020,4,2020-04,8,8,0,0,16,0,8,8,16,16,15,0,0,31,0,16,15,31,disponible,disponible,PasajerosArribadosPartidosxAeropuerto2020-2026,MovimientosxAeropuerto2020-2026
Colombia,TCD,SKRA,Tarapacá Airport,2020,4,2020-04,,,,,,,,,,8,3,0,0,11,0,8,3,11,sin_dato,disponible,PasajerosArribadosPartidosxAeropuerto2020-2026,MovimientosxAeropuerto2020-2026
Colombia,TCO,SKCO,La Florida Airport,2020,4,2020-04,22,24,0,0,46,0,22,24,46,297,287,0,0,584,0,297,287,584,disponible,disponible,PasajerosArribadosPartidosxAeropuerto2020-2026,MovimientosxAeropuerto2020-2026
Colombia,TLU,SKTL,Golfo de Morrosquillo Airport,2020,4,2020-04,,,,,,,,,,,,,,,,,,,sin_dato,sin_dato,PasajerosArribadosPartidosxAeropuerto2020-2026,MovimientosxAeropuerto2020-2026
Colombia,TME,SKTM,Gustavo Vargas Airport,2020,4,2020-04,6,6,0,0,12,0,6,6,12,31,29,0,0,60,0,31,29,60,disponible,disponible,PasajerosArribadosPartidosxAeropuerto2020-2026,MovimientosxAeropuerto2020-2026
Colombia,UIB,SKUI,El Caraño Airport,2020,4,2020-04,31,28,0,0,59,0,31,28,59,248,244,0,0,492,0,248,244,492,disponible,disponible,PasajerosArribadosPartidosxAeropuerto2020-2026,MovimientosxAeropuerto2020-2026
Colombia,VUP,SKVP,Alfonso López Pumarejo Airport,2020,4,2020-04,28,26,0,0,54,0,28,26,54,64,70,0,0,134,0,64,70,134,disponible,disponible,PasajerosArribadosPartidosxAeropuerto2020-2026,MovimientosxAeropuerto2020-2026
Colombia,VVC,SKVV,Vanguardia Airport,2020,4,2020-04,204,245,0,0,449,0,204,245,449,343,340,0,0,683,0,343,340,683,disponible,disponible,PasajerosArribadosPartidosxAeropuerto2020-2026,MovimientosxAeropuerto2020-2026
Colombia,ADZ,SKSP,Gustavo Rojas Pinilla International Airport,2020,5,2020-05,29,42,0,0,71,0,29,42,71,75,75,0,0,150,0,75,75,150,disponible,disponible,PasajerosArribadosPartidosxAeropuerto2020-2026,MovimientosxAeropuerto2020-2026
Colombia,APO,SKLC,Antonio Roldán Betancur Airport,2020,5,2020-05,2,2,0,0,4,0,2,2,4,475,473,0,0,948,0,475,473,948,disponible,disponible,PasajerosArribadosPartidosxAeropuerto2020-2026,MovimientosxAeropuerto2020-2026
Colombia,AUC,SKUC,Santiago Perez Airport,2020,5,2020-05,152,180,0,0,332,0,152,180,332,119,123,0,0,242,0,119,123,242,disponible,disponible,PasajerosArribadosPartidosxAeropuerto2020-2026,MovimientosxAeropuerto2020-2026
Colombia,AXM,SKAR,El Eden Airport,2020,5,2020-05,0,0,0,0,0,0,0,0,0,26,18,0,0,44,0,26,18,44,disponible,disponible,PasajerosArribadosPartidosxAeropuerto2020-2026,MovimientosxAeropuerto2020-2026
Colombia,BAQ,SKBQ,Ernesto Cortissoz International Airport,2020,5,2020-05,321,133,30,311,454,341,351,444,795,317,304,23,38,621,61,340,342,682,disponible,disponible,PasajerosArribadosPartidosxAeropuerto2020-2026,MovimientosxAeropuerto2020-2026
Colombia,BGA,SKBG,Palonegro Airport,2020,5,2020-05,248,245,0,0,493,0,248,245,493,175,172,0,0,347,0,175,172,347,disponible,disponible,PasajerosArribadosPartidosxAeropuerto2020-2026,MovimientosxAeropuerto2020-2026
Colombia,BOG,SKBO,El Dorado International Airport,2020,5,2020-05,999,1372,6311,4894,2371,11205,7310,6266,13576,1199,1223,862,824,2422,1686,2061,2047,4108,disponible,disponible,PasajerosArribadosPartidosxAeropuerto2020-2026,MovimientosxAeropuerto2020-2026
Colombia,BSC,SKBS,José Celestino Mutis Airport,2020,5,2020-05,76,18,0,0,94,0,76,18,94,159,159,0,0,318,0,159,159,318,disponible,disponible,PasajerosArribadosPartidosxAeropuerto2020-2026,MovimientosxAeropuerto2020-2026
Colombia,BUN,SKBU,Gerardo Tobar López Airport,2020,5,2020-05,2,2,0,0,4,0,2,2,4,25,18,0,0,43,0,25,18,43,disponible,disponible,PasajerosArribadosPartidosxAeropuerto2020-2026,MovimientosxAeropuerto2020-2026
Colombia,CLO,SKCL,Alfonso Bonilla Aragon International Airport,2020,5,2020-05,494,240,0,1158,734,1158,494,1398,1892,293,308,15,10,601,25,308,318,626,disponible,disponible,PasajerosArribadosPartidosxAeropuerto2020-2026,MovimientosxAeropuerto2020-2026
Colombia,CTG,SKCG,Rafael Nuñez International Airport,2020,5,2020-05,60,7,5,640,67,645,65,647,712,98,96,7,7,194,14,105,103,208,disponible,disponible,PasajerosArribadosPartidosxAeropuerto2020-2026,MovimientosxAeropuerto2020-2026
Colombia,CUC,SKCC,Camilo Daza International Airport,2020,5,2020-05,168,24,0,0,192,0,168,24,192,173,177,1,1,350,2,174,178,352,disponible,disponible,PasajerosArribadosPartidosxAeropuerto2020-2026,MovimientosxAeropuerto2020-2026
Colombia,CZU,SKCZ,Las Brujas Airport,2020,5,2020-05,3,2,0,0,5,0,3,2,5,17,17,0,0,34,0,17,17,34,disponible,disponible,PasajerosArribadosPartidosxAeropuerto2020-2026,MovimientosxAeropuerto2020-2026
Colombia,EJA,SKEJ,Yariguíes Airport,2020,5,2020-05,3,3,0,0,6,0,3,3,6,41,40,0,0,81,0,41,40,81,disponible,disponible,PasajerosArribadosPartidosxAeropuerto2020-2026,MovimientosxAeropuerto2020-2026
Colombia,EOH,SKMD,Enrique Olaya Herrera Airport,2020,5,2020-05,157,204,0,0,361,0,157,204,361,511,499,0,0,1010,0,511,499,1010,disponible,disponible,PasajerosArribadosPartidosxAeropuerto2020-2026,MovimientosxAeropuerto2020-2026
Colombia,EYP,SKYP,El Alcaravan - Yopal Airport,2020,5,2020-05,103,110,0,0,213,0,103,110,213,356,361,0,0,717,0,356,361,717,disponible,disponible,PasajerosArribadosPartidosxAeropuerto2020-2026,MovimientosxAeropuerto2020-2026
Colombia,FLA,SKFL,Gustavo Artunduaga Paredes Airport,2020,5,2020-05,4,4,0,0,8,0,4,4,8,53,50,0,0,103,0,53,50,103,disponible,disponible,PasajerosArribadosPartidosxAeropuerto2020-2026,MovimientosxAeropuerto2020-2026
Colombia,GPI,SKGP,Guapi Airport,2020,5,2020-05,33,41,0,0,74,0,33,41,74,103,83,0,0,186,0,103,83,186,disponible,disponible,PasajerosArribadosPartidosxAeropuerto2020-2026,MovimientosxAeropuerto2020-2026
Colombia,IBE,SKIB,Perales Airport,2020,5,2020-05,5,2,0,0,7,0,5,2,7,21,21,0,0,42,0,21,21,42,disponible,disponible,PasajerosArribadosPartidosxAeropuerto2020-2026,MovimientosxAeropuerto2020-2026
Colombia,IPI,SKIP,San Luis Airport,2020,5,2020-05,1,1,0,0,2,0,1,1,2,5,4,0,0,9,0,5,4,9,disponible,disponible,PasajerosArribadosPartidosxAeropuerto2020-2026,MovimientosxAeropuerto2020-2026
Colombia,LCR,SKHZ,Virgilio Barco Vargas (La Chorrera) Airport,2020,5,2020-05,,,,,,,,,,5,3,0,0,8,0,5,3,8,sin_dato,disponible,PasajerosArribadosPartidosxAeropuerto2020-2026,MovimientosxAeropuerto2020-2026
Colombia,LET,SKLT,Alfredo Vásquez Cobo International Airport,2020,5,2020-05,71,185,0,46,256,46,71,231,302,167,184,2,1,351,3,169,185,354,disponible,disponible,PasajerosArribadosPartidosxAeropuerto2020-2026,MovimientosxAeropuerto2020-2026
Colombia,LMC,SKNA,La Macarena Airport,2020,5,2020-05,0,6,0,0,6,0,0,6,6,100,99,0,0,199,0,100,99,199,disponible,disponible,PasajerosArribadosPartidosxAeropuerto2020-2026,MovimientosxAeropuerto2020-2026
Colombia,LPD,SKLP,La Pedrera Airport,2020,5,2020-05,1,3,0,0,4,0,1,3,4,11,5,0,0,16,0,11,5,16,disponible,disponible,PasajerosArribadosPartidosxAeropuerto2020-2026,MovimientosxAeropuerto2020-2026
Colombia,LQM,SKLG,Caucaya Airport,2020,5,2020-05,4,4,0,0,8,0,4,4,8,12,9,0,0,21,0,12,9,21,disponible,disponible,PasajerosArribadosPartidosxAeropuerto2020-2026,MovimientosxAeropuerto2020-2026
Colombia,MDE,SKRG,Jose Maria Córdova International Airport,2020,5,2020-05,203,344,174,1105,547,1279,377,1449,1826,295,262,96,126,557,222,391,388,779,disponible,disponible,PasajerosArribadosPartidosxAeropuerto2020-2026,MovimientosxAeropuerto2020-2026
Colombia,MTR,SKMR,Los Garzones Airport,2020,5,2020-05,45,29,9,0,74,9,54,29,83,109,107,1,0,216,1,110,107,217,disponible,disponible,PasajerosArribadosPartidosxAeropuerto2020-2026,MovimientosxAeropuerto2020-2026
Colombia,MVP,SKMU,Fabio Alberto Leon Bentley Airport,2020,5,2020-05,69,80,0,0,149,0,69,80,149,241,241,0,0,482,0,241,241,482,disponible,disponible,PasajerosArribadosPartidosxAeropuerto2020-2026,MovimientosxAeropuerto2020-2026
Colombia,MZL,SKMZ,La Nubia Airport,2020,5,2020-05,,,,,,,,,,15,13,0,0,28,0,15,13,28,sin_dato,disponible,PasajerosArribadosPartidosxAeropuerto2020-2026,MovimientosxAeropuerto2020-2026
Colombia,NQU,SKNQ,Reyes Murillo Airport,2020,5,2020-05,7,38,0,0,45,0,7,38,45,49,50,0,0,99,0,49,50,99,disponible,disponible,PasajerosArribadosPartidosxAeropuerto2020-2026,MovimientosxAeropuerto2020-2026
Colombia,NVA,SKNV,Benito Salas Airport,2020,5,2020-05,113,101,0,0,214,0,113,101,214,92,103,0,0,195,0,92,103,195,disponible,disponible,PasajerosArribadosPartidosxAeropuerto2020-2026,MovimientosxAeropuerto2020-2026
Colombia,PCR,SKPC,German Olano Airport,2020,5,2020-05,27,14,0,0,41,0,27,14,41,64,59,0,0,123,0,64,59,123,disponible,disponible,PasajerosArribadosPartidosxAeropuerto2020-2026,MovimientosxAeropuerto2020-2026
Colombia,PDA,SKPD,Obando Cesar Gaviria Trujillo Airport,2020,5,2020-05,,,,,,,,,,72,70,0,0,142,0,72,70,142,sin_dato,disponible,PasajerosArribadosPartidosxAeropuerto2020-2026,MovimientosxAeropuerto2020-2026
Colombia,PEI,SKPE,Matecaña International Airport,2020,5,2020-05,14,16,0,0,30,0,14,16,30,52,54,0,0,106,0,52,54,106,disponible,disponible,PasajerosArribadosPartidosxAeropuerto2020-2026,MovimientosxAeropuerto2020-2026
Colombia,PPN,SKPP,Guillermo León Valencia Airport,2020,5,2020-05,32,37,0,0,69,0,32,37,69,122,132,0,0,254,0,122,132,254,disponible,disponible,PasajerosArribadosPartidosxAeropuerto2020-2026,MovimientosxAeropuerto2020-2026
Colombia,PSO,SKPS,Antonio Nariño Airport,2020,5,2020-05,0,0,0,0,0,0,0,0,0,22,20,0,0,42,0,22,20,42,disponible,disponible,PasajerosArribadosPartidosxAeropuerto2020-2026,MovimientosxAeropuerto2020-2026
Colombia,PUU,SKAS,Tres De Mayo Airport,2020,5,2020-05,29,32,0,0,61,0,29,32,61,16,15,0,0,31,0,16,15,31,disponible,disponible,PasajerosArribadosPartidosxAeropuerto2020-2026,MovimientosxAeropuerto2020-2026
Colombia,PVA,SKPV,El Embrujo Airport,2020,5,2020-05,0,29,0,0,29,0,0,29,29,16,17,0,0,33,0,16,17,33,disponible,disponible,PasajerosArribadosPartidosxAeropuerto2020-2026,MovimientosxAeropuerto2020-2026
Colombia,RCH,SKRH,Almirante Padilla Airport,2020,5,2020-05,9,12,0,0,21,0,9,12,21,33,38,0,0,71,0,33,38,71,disponible,disponible,PasajerosArribadosPartidosxAeropuerto2020-2026,MovimientosxAeropuerto2020-2026
Colombia,RVE,SKSA,Los Colonizadores Airport,2020,5,2020-05,1,1,0,0,2,0,1,1,2,95,89,0,0,184,0,95,89,184,disponible,disponible,PasajerosArribadosPartidosxAeropuerto2020-2026,MovimientosxAeropuerto2020-2026
Colombia,SJE,SKSJ,Jorge E. Gonzalez Torres Airport,2020,5,2020-05,54,75,0,0,129,0,54,75,129,294,296,0,0,590,0,294,296,590,disponible,disponible,PasajerosArribadosPartidosxAeropuerto2020-2026,MovimientosxAeropuerto2020-2026
Colombia,SMR,SKSM,Simón Bolívar International Airport,2020,5,2020-05,0,0,0,0,0,0,0,0,0,50,50,0,0,100,0,50,50,100,disponible,disponible,PasajerosArribadosPartidosxAeropuerto2020-2026,MovimientosxAeropuerto2020-2026
Colombia,SVI,SKSV,Eduardo Falla Solano Airport,2020,5,2020-05,5,5,0,0,10,0,5,5,10,11,10,0,0,21,0,11,10,21,disponible,disponible,PasajerosArribadosPartidosxAeropuerto2020-2026,MovimientosxAeropuerto2020-2026
Colombia,TCD,SKRA,Tarapacá Airport,2020,5,2020-05,,,,,,,,,,17,3,0,0,20,0,17,3,20,sin_dato,disponible,PasajerosArribadosPartidosxAeropuerto2020-2026,MovimientosxAeropuerto2020-2026
Colombia,TCO,SKCO,La Florida Airport,2020,5,2020-05,32,26,0,0,58,0,32,26,58,262,260,0,0,522,0,262,260,522,disponible,disponible,PasajerosArribadosPartidosxAeropuerto2020-2026,MovimientosxAeropuerto2020-2026
Colombia,TLU,SKTL,Golfo de Morrosquillo Airport,2020,5,2020-05,,,,,,,,,,,,,,,,,,,sin_dato,sin_dato,PasajerosArribadosPartidosxAeropuerto2020-2026,MovimientosxAeropuerto2020-2026
Colombia,TME,SKTM,Gustavo Vargas Airport,2020,5,2020-05,0,0,0,0,0,0,0,0,0,34,36,0,0,70,0,34,36,70,disponible,disponible,PasajerosArribadosPartidosxAeropuerto2020-2026,MovimientosxAeropuerto2020-2026
Colombia,UIB,SKUI,El Caraño Airport,2020,5,2020-05,61,79,0,0,140,0,61,79,140,334,325,0,0,659,0,334,325,659,disponible,disponible,PasajerosArribadosPartidosxAeropuerto2020-2026,MovimientosxAeropuerto2020-2026
Colombia,VUP,SKVP,Alfonso López Pumarejo Airport,2020,5,2020-05,12,10,0,0,22,0,12,10,22,42,42,0,0,84,0,42,42,84,disponible,disponible,PasajerosArribadosPartidosxAeropuerto2020-2026,MovimientosxAeropuerto2020-2026
Colombia,VVC,SKVV,Vanguardia Airport,2020,5,2020-05,315,301,0,0,616,0,315,301,616,391,386,0,0,777,0,391,386,777,disponible,disponible,PasajerosArribadosPartidosxAeropuerto2020-2026,MovimientosxAeropuerto2020-2026
Colombia,ADZ,SKSP,Gustavo Rojas Pinilla International Airport,2020,6,2020-06,537,322,0,2,859,2,537,324,861,89,93,3,5,182,8,92,98,190,disponible,disponible,PasajerosArribadosPartidosxAeropuerto2020-2026,MovimientosxAeropuerto2020-2026
Colombia,APO,SKLC,Antonio Roldán Betancur Airport,2020,6,2020-06,6,0,0,0,6,0,6,0,6,487,485,0,0,972,0,487,485,972,disponible,disponible,PasajerosArribadosPartidosxAeropuerto2020-2026,MovimientosxAeropuerto2020-2026
Colombia,AUC,SKUC,Santiago Perez Airport,2020,6,2020-06,84,101,0,0,185,0,84,101,185,97,98,0,0,195,0,97,98,195,disponible,disponible,PasajerosArribadosPartidosxAeropuerto2020-2026,MovimientosxAeropuerto2020-2026
Colombia,AXM,SKAR,El Eden Airport,2020,6,2020-06,1,0,0,0,1,0,1,0,1,16,15,0,0,31,0,16,15,31,disponible,disponible,PasajerosArribadosPartidosxAeropuerto2020-2026,MovimientosxAeropuerto2020-2026
Colombia,BAQ,SKBQ,Ernesto Cortissoz International Airport,2020,6,2020-06,385,434,2,58,819,60,387,492,879,419,406,38,47,825,85,457,453,910,disponible,disponible,PasajerosArribadosPartidosxAeropuerto2020-2026,MovimientosxAeropuerto2020-2026
Colombia,BGA,SKBG,Palonegro Airport,2020,6,2020-06,115,106,10,0,221,10,125,106,231,195,195,2,0,390,2,197,195,392,disponible,disponible,PasajerosArribadosPartidosxAeropuerto2020-2026,MovimientosxAeropuerto2020-2026
Colombia,BOG,SKBO,El Dorado International Airport,2020,6,2020-06,683,852,13077,10087,1535,23164,13760,10939,24699,1306,1344,789,749,2650,1538,2095,2093,4188,disponible,disponible,PasajerosArribadosPartidosxAeropuerto2020-2026,MovimientosxAeropuerto2020-2026
Colombia,BSC,SKBS,José Celestino Mutis Airport,2020,6,2020-06,28,32,0,0,60,0,28,32,60,135,136,0,0,271,0,135,136,271,disponible,disponible,PasajerosArribadosPartidosxAeropuerto2020-2026,MovimientosxAeropuerto2020-2026
Colombia,BUN,SKBU,Gerardo Tobar López Airport,2020,6,2020-06,14,4,0,0,18,0,14,4,18,19,18,0,0,37,0,19,18,37,disponible,disponible,PasajerosArribadosPartidosxAeropuerto2020-2026,MovimientosxAeropuerto2020-2026
Colombia,CLO,SKCL,Alfonso Bonilla Aragon International Airport,2020,6,2020-06,179,166,0,125,345,125,179,291,470,492,511,28,18,1003,46,520,529,1049,disponible,disponible,PasajerosArribadosPartidosxAeropuerto2020-2026,MovimientosxAeropuerto2020-2026
Colombia,CTG,SKCG,Rafael Nuñez International Airport,2020,6,2020-06,24,47,1,996,71,997,25,1043,1068,100,99,14,16,199,30,114,115,229,disponible,disponible,PasajerosArribadosPartidosxAeropuerto2020-2026,MovimientosxAeropuerto2020-2026
Colombia,CUC,SKCC,Camilo Daza International Airport,2020,6,2020-06,31,27,0,0,58,0,31,27,58,194,193,1,1,387,2,195,194,389,disponible,disponible,PasajerosArribadosPartidosxAeropuerto2020-2026,MovimientosxAeropuerto2020-2026
Colombia,CZU,SKCZ,Las Brujas Airport,2020,6,2020-06,3,21,0,0,24,0,3,21,24,24,30,0,0,54,0,24,30,54,disponible,disponible,PasajerosArribadosPartidosxAeropuerto2020-2026,MovimientosxAeropuerto2020-2026
Colombia,EJA,SKEJ,Yariguíes Airport,2020,6,2020-06,37,33,0,0,70,0,37,33,70,84,82,0,0,166,0,84,82,166,disponible,disponible,PasajerosArribadosPartidosxAeropuerto2020-2026,MovimientosxAeropuerto2020-2026
Colombia,EOH,SKMD,Enrique Olaya Herrera Airport,2020,6,2020-06,278,234,0,0,512,0,278,234,512,826,841,0,0,1667,0,826,841,1667,disponible,disponible,PasajerosArribadosPartidosxAeropuerto2020-2026,MovimientosxAeropuerto2020-2026
Colombia,EYP,SKYP,El Alcaravan - Yopal Airport,2020,6,2020-06,93,99,0,0,192,0,93,99,192,327,310,0,0,637,0,327,310,637,disponible,disponible,PasajerosArribadosPartidosxAeropuerto2020-2026,MovimientosxAeropuerto2020-2026
Colombia,FLA,SKFL,Gustavo Artunduaga Paredes Airport,2020,6,2020-06,5,2,0,0,7,0,5,2,7,84,82,0,0,166,0,84,82,166,disponible,disponible,PasajerosArribadosPartidosxAeropuerto2020-2026,MovimientosxAeropuerto2020-2026
Colombia,GPI,SKGP,Guapi Airport,2020,6,2020-06,19,15,0,0,34,0,19,15,34,72,66,0,0,138,0,72,66,138,disponible,disponible,PasajerosArribadosPartidosxAeropuerto2020-2026,MovimientosxAeropuerto2020-2026
Colombia,IBE,SKIB,Perales Airport,2020,6,2020-06,3,3,0,0,6,0,3,3,6,24,22,0,0,46,0,24,22,46,disponible,disponible,PasajerosArribadosPartidosxAeropuerto2020-2026,MovimientosxAeropuerto2020-2026
Colombia,IPI,SKIP,San Luis Airport,2020,6,2020-06,,,,,,,,,,3,3,0,0,6,0,3,3,6,sin_dato,disponible,PasajerosArribadosPartidosxAeropuerto2020-2026,MovimientosxAeropuerto2020-2026
Colombia,LCR,SKHZ,Virgilio Barco Vargas (La Chorrera) Airport,2020,6,2020-06,,,,,,,,,,7,3,0,0,10,0,7,3,10,sin_dato,disponible,PasajerosArribadosPartidosxAeropuerto2020-2026,MovimientosxAeropuerto2020-2026
Colombia,LET,SKLT,Alfredo Vásquez Cobo International Airport,2020,6,2020-06,44,98,0,0,142,0,44,98,142,125,136,0,3,261,3,125,139,264,disponible,disponible,PasajerosArribadosPartidosxAeropuerto2020-2026,MovimientosxAeropuerto2020-2026
Colombia,LMC,SKNA,La Macarena Airport,2020,6,2020-06,95,75,0,0,170,0,95,75,170,138,123,0,0,261,0,138,123,261,disponible,disponible,PasajerosArribadosPartidosxAeropuerto2020-2026,MovimientosxAeropuerto2020-2026
Colombia,LPD,SKLP,La Pedrera Airport,2020,6,2020-06,24,12,0,0,36,0,24,12,36,13,6,0,0,19,0,13,6,19,disponible,disponible,PasajerosArribadosPartidosxAeropuerto2020-2026,MovimientosxAeropuerto2020-2026
Colombia,LQM,SKLG,Caucaya Airport,2020,6,2020-06,4,7,0,0,11,0,4,7,11,18,19,0,0,37,0,18,19,37,disponible,disponible,PasajerosArribadosPartidosxAeropuerto2020-2026,MovimientosxAeropuerto2020-2026
Colombia,MDE,SKRG,Jose Maria Córdova International Airport,2020,6,2020-06,270,292,18,149,562,167,288,441,729,334,289,90,125,623,215,424,414,838,disponible,disponible,PasajerosArribadosPartidosxAeropuerto2020-2026,MovimientosxAeropuerto2020-2026
Colombia,MTR,SKMR,Los Garzones Airport,2020,6,2020-06,79,49,0,0,128,0,79,49,128,126,128,0,0,254,0,126,128,254,disponible,disponible,PasajerosArribadosPartidosxAeropuerto2020-2026,MovimientosxAeropuerto2020-2026
Colombia,MVP,SKMU,Fabio Alberto Leon Bentley Airport,2020,6,2020-06,112,197,0,0,309,0,112,197,309,362,370,0,0,732,0,362,370,732,disponible,disponible,PasajerosArribadosPartidosxAeropuerto2020-2026,MovimientosxAeropuerto2020-2026
Colombia,MZL,SKMZ,La Nubia Airport,2020,6,2020-06,8,6,0,0,14,0,8,6,14,18,14,0,0,32,0,18,14,32,disponible,disponible,PasajerosArribadosPartidosxAeropuerto2020-2026,MovimientosxAeropuerto2020-2026
Colombia,NQU,SKNQ,Reyes Murillo Airport,2020,6,2020-06,10,12,0,0,22,0,10,12,22,64,63,0,0,127,0,64,63,127,disponible,disponible,PasajerosArribadosPartidosxAeropuerto2020-2026,MovimientosxAeropuerto2020-2026
Colombia,NVA,SKNV,Benito Salas Airport,2020,6,2020-06,118,119,0,0,237,0,118,119,237,122,127,0,0,249,0,122,127,249,disponible,disponible,PasajerosArribadosPartidosxAeropuerto2020-2026,MovimientosxAeropuerto2020-2026
Colombia,PCR,SKPC,German Olano Airport,2020,6,2020-06,63,43,0,0,106,0,63,43,106,73,68,0,0,141,0,73,68,141,disponible,disponible,PasajerosArribadosPartidosxAeropuerto2020-2026,MovimientosxAeropuerto2020-2026
Colombia,PDA,SKPD,Obando Cesar Gaviria Trujillo Airport,2020,6,2020-06,,,,,,,,,,68,71,0,0,139,0,68,71,139,sin_dato,disponible,PasajerosArribadosPartidosxAeropuerto2020-2026,MovimientosxAeropuerto2020-2026
Colombia,PEI,SKPE,Matecaña International Airport,2020,6,2020-06,14,33,0,0,47,0,14,33,47,114,116,1,1,230,2,115,117,232,disponible,disponible,PasajerosArribadosPartidosxAeropuerto2020-2026,MovimientosxAeropuerto2020-2026
Colombia,PPN,SKPP,Guillermo León Valencia Airport,2020,6,2020-06,30,26,0,0,56,0,30,26,56,145,141,0,0,286,0,145,141,286,disponible,disponible,PasajerosArribadosPartidosxAeropuerto2020-2026,MovimientosxAeropuerto2020-2026
Colombia,PSO,SKPS,Antonio Nariño Airport,2020,6,2020-06,2,2,0,0,4,0,2,2,4,41,35,0,0,76,0,41,35,76,disponible,disponible,PasajerosArribadosPartidosxAeropuerto2020-2026,MovimientosxAeropuerto2020-2026
Colombia,PUU,SKAS,Tres De Mayo Airport,2020,6,2020-06,55,52,0,0,107,0,55,52,107,20,24,0,0,44,0,20,24,44,disponible,disponible,PasajerosArribadosPartidosxAeropuerto2020-2026,MovimientosxAeropuerto2020-2026
Colombia,PVA,SKPV,El Embrujo Airport,2020,6,2020-06,92,31,0,0,123,0,92,31,123,14,14,0,0,28,0,14,14,28,disponible,disponible,PasajerosArribadosPartidosxAeropuerto2020-2026,MovimientosxAeropuerto2020-2026
Colombia,RCH,SKRH,Almirante Padilla Airport,2020,6,2020-06,14,17,0,0,31,0,14,17,31,31,32,0,0,63,0,31,32,63,disponible,disponible,PasajerosArribadosPartidosxAeropuerto2020-2026,MovimientosxAeropuerto2020-2026
Colombia,RVE,SKSA,Los Colonizadores Airport,2020,6,2020-06,11,7,0,0,18,0,11,7,18,75,76,0,0,151,0,75,76,151,disponible,disponible,PasajerosArribadosPartidosxAeropuerto2020-2026,MovimientosxAeropuerto2020-2026
Colombia,SJE,SKSJ,Jorge E. Gonzalez Torres Airport,2020,6,2020-06,88,81,0,0,169,0,88,81,169,373,365,0,0,738,0,373,365,738,disponible,disponible,PasajerosArribadosPartidosxAeropuerto2020-2026,MovimientosxAeropuerto2020-2026
Colombia,SMR,SKSM,Simón Bolívar International Airport,2020,6,2020-06,4,7,0,0,11,0,4,7,11,59,57,2,2,116,4,61,59,120,disponible,disponible,PasajerosArribadosPartidosxAeropuerto2020-2026,MovimientosxAeropuerto2020-2026
Colombia,SVI,SKSV,Eduardo Falla Solano Airport,2020,6,2020-06,4,4,0,0,8,0,4,4,8,9,4,0,0,13,0,9,4,13,disponible,disponible,PasajerosArribadosPartidosxAeropuerto2020-2026,MovimientosxAeropuerto2020-2026
Colombia,TCD,SKRA,Tarapacá Airport,2020,6,2020-06,,,,,,,,,,21,10,0,0,31,0,21,10,31,sin_dato,disponible,PasajerosArribadosPartidosxAeropuerto2020-2026,MovimientosxAeropuerto2020-2026
Colombia,TCO,SKCO,La Florida Airport,2020,6,2020-06,26,24,0,0,50,0,26,24,50,270,262,0,0,532,0,270,262,532,disponible,disponible,PasajerosArribadosPartidosxAeropuerto2020-2026,MovimientosxAeropuerto2020-2026
Colombia,TLU,SKTL,Golfo de Morrosquillo Airport,2020,6,2020-06,,,,,,,,,,4,4,0,0,8,0,4,4,8,sin_dato,disponible,PasajerosArribadosPartidosxAeropuerto2020-2026,MovimientosxAeropuerto2020-2026
Colombia,TME,SKTM,Gustavo Vargas Airport,2020,6,2020-06,26,24,0,0,50,0,26,24,50,38,40,0,0,78,0,38,40,78,disponible,disponible,PasajerosArribadosPartidosxAeropuerto2020-2026,MovimientosxAeropuerto2020-2026
Colombia,UIB,SKUI,El Caraño Airport,2020,6,2020-06,74,131,0,0,205,0,74,131,205,390,391,0,0,781,0,390,391,781,disponible,disponible,PasajerosArribadosPartidosxAeropuerto2020-2026,MovimientosxAeropuerto2020-2026
Colombia,VUP,SKVP,Alfonso López Pumarejo Airport,2020,6,2020-06,13,12,0,0,25,0,13,12,25,33,38,0,0,71,0,33,38,71,disponible,disponible,PasajerosArribadosPartidosxAeropuerto2020-2026,MovimientosxAeropuerto2020-2026
Colombia,VVC,SKVV,Vanguardia Airport,2020,6,2020-06,351,382,0,0,733,0,351,382,733,1314,1318,0,0,2632,0,1314,1318,2632,disponible,disponible,PasajerosArribadosPartidosxAeropuerto2020-2026,MovimientosxAeropuerto2020-2026
Colombia,ADZ,SKSP,Gustavo Rojas Pinilla International Airport,2020,7,2020-07,183,82,0,0,265,0,183,82,265,93,93,4,4,186,8,97,97,194,disponible,disponible,PasajerosArribadosPartidosxAeropuerto2020-2026,MovimientosxAeropuerto2020-2026
Colombia,APO,SKLC,Antonio Roldán Betancur Airport,2020,7,2020-07,3,2,0,0,5,0,3,2,5,575,575,0,0,1150,0,575,575,1150,disponible,disponible,PasajerosArribadosPartidosxAeropuerto2020-2026,MovimientosxAeropuerto2020-2026
Colombia,AUC,SKUC,Santiago Perez Airport,2020,7,2020-07,105,91,0,0,196,0,105,91,196,116,115,0,0,231,0,116,115,231,disponible,disponible,PasajerosArribadosPartidosxAeropuerto2020-2026,MovimientosxAeropuerto2020-2026
Colombia,AXM,SKAR,El Eden Airport,2020,7,2020-07,13,3,0,0,16,0,13,3,16,29,17,0,0,46,0,29,17,46,disponible,disponible,PasajerosArribadosPartidosxAeropuerto2020-2026,MovimientosxAeropuerto2020-2026
Colombia,BAQ,SKBQ,Ernesto Cortissoz International Airport,2020,7,2020-07,169,391,14,10,560,24,183,401,584,401,390,48,52,791,100,449,442,891,disponible,disponible,PasajerosArribadosPartidosxAeropuerto2020-2026,MovimientosxAeropuerto2020-2026
Colombia,BGA,SKBG,Palonegro Airport,2020,7,2020-07,491,491,3,0,982,3,494,491,985,354,352,3,2,706,5,357,354,711,disponible,disponible,PasajerosArribadosPartidosxAeropuerto2020-2026,MovimientosxAeropuerto2020-2026
Colombia,BOG,SKBO,El Dorado International Airport,2020,7,2020-07,1176,1448,8923,6626,2624,15549,10099,8074,18173,1372,1399,822,794,2771,1616,2194,2193,4387,disponible,disponible,PasajerosArribadosPartidosxAeropuerto2020-2026,MovimientosxAeropuerto2020-2026
Colombia,BSC,SKBS,José Celestino Mutis Airport,2020,7,2020-07,169,113,0,0,282,0,169,113,282,159,160,0,0,319,0,159,160,319,disponible,disponible,PasajerosArribadosPartidosxAeropuerto2020-2026,MovimientosxAeropuerto2020-2026
Colombia,BUN,SKBU,Gerardo Tobar López Airport,2020,7,2020-07,3,3,0,0,6,0,3,3,6,26,20,0,0,46,0,26,20,46,disponible,disponible,PasajerosArribadosPartidosxAeropuerto2020-2026,MovimientosxAeropuerto2020-2026
Colombia,CLO,SKCL,Alfonso Bonilla Aragon International Airport,2020,7,2020-07,292,277,0,722,569,722,292,999,1291,643,690,30,21,1333,51,673,711,1384,disponible,disponible,PasajerosArribadosPartidosxAeropuerto2020-2026,MovimientosxAeropuerto2020-2026
Colombia,CTG,SKCG,Rafael Nuñez International Airport,2020,7,2020-07,308,38,1,773,346,774,309,811,1120,130,129,12,13,259,25,142,142,284,disponible,disponible,PasajerosArribadosPartidosxAeropuerto2020-2026,MovimientosxAeropuerto2020-2026
Colombia,CUC,SKCC,Camilo Daza International Airport,2020,7,2020-07,352,356,0,0,708,0,352,356,708,236,241,2,1,477,3,238,242,480,disponible,disponible,PasajerosArribadosPartidosxAeropuerto2020-2026,MovimientosxAeropuerto2020-2026
Colombia,CZU,SKCZ,Las Brujas Airport,2020,7,2020-07,32,16,0,0,48,0,32,16,48,39,43,0,0,82,0,39,43,82,disponible,disponible,PasajerosArribadosPartidosxAeropuerto2020-2026,MovimientosxAeropuerto2020-2026
Colombia,EJA,SKEJ,Yariguíes Airport,2020,7,2020-07,15,6,0,0,21,0,15,6,21,99,101,0,0,200,0,99,101,200,disponible,disponible,PasajerosArribadosPartidosxAeropuerto2020-2026,MovimientosxAeropuerto2020-2026
Colombia,EOH,SKMD,Enrique Olaya Herrera Airport,2020,7,2020-07,381,496,0,0,877,0,381,496,877,994,1010,0,0,2004,0,994,1010,2004,disponible,disponible,PasajerosArribadosPartidosxAeropuerto2020-2026,MovimientosxAeropuerto2020-2026
Colombia,EYP,SKYP,El Alcaravan - Yopal Airport,2020,7,2020-07,147,159,0,0,306,0,147,159,306,327,331,0,0,658,0,327,331,658,disponible,disponible,PasajerosArribadosPartidosxAeropuerto2020-2026,MovimientosxAeropuerto2020-2026
Colombia,FLA,SKFL,Gustavo Artunduaga Paredes Airport,2020,7,2020-07,10,10,0,0,20,0,10,10,20,58,56,0,0,114,0,58,56,114,disponible,disponible,PasajerosArribadosPartidosxAeropuerto2020-2026,MovimientosxAeropuerto2020-2026
Colombia,GPI,SKGP,Guapi Airport,2020,7,2020-07,146,103,0,0,249,0,146,103,249,98,79,0,0,177,0,98,79,177,disponible,disponible,PasajerosArribadosPartidosxAeropuerto2020-2026,MovimientosxAeropuerto2020-2026
Colombia,IBE,SKIB,Perales Airport,2020,7,2020-07,25,20,0,0,45,0,25,20,45,31,32,0,0,63,0,31,32,63,disponible,disponible,PasajerosArribadosPartidosxAeropuerto2020-2026,MovimientosxAeropuerto2020-2026
Colombia,IPI,SKIP,San Luis Airport,2020,7,2020-07,2,0,0,0,2,0,2,0,2,6,6,0,0,12,0,6,6,12,disponible,disponible,PasajerosArribadosPartidosxAeropuerto2020-2026,MovimientosxAeropuerto2020-2026
Colombia,LCR,SKHZ,Virgilio Barco Vargas (La Chorrera) Airport,2020,7,2020-07,,,,,,,,,,22,9,0,0,31,0,22,9,31,sin_dato,disponible,PasajerosArribadosPartidosxAeropuerto2020-2026,MovimientosxAeropuerto2020-2026
Colombia,LET,SKLT,Alfredo Vásquez Cobo International Airport,2020,7,2020-07,330,298,0,0,628,0,330,298,628,158,157,0,5,315,5,158,162,320,disponible,disponible,PasajerosArribadosPartidosxAeropuerto2020-2026,MovimientosxAeropuerto2020-2026
Colombia,LMC,SKNA,La Macarena Airport,2020,7,2020-07,23,81,0,0,104,0,23,81,104,115,115,0,0,230,0,115,115,230,disponible,disponible,PasajerosArribadosPartidosxAeropuerto2020-2026,MovimientosxAeropuerto2020-2026
Colombia,LPD,SKLP,La Pedrera Airport,2020,7,2020-07,20,14,0,0,34,0,20,14,34,18,7,0,0,25,0,18,7,25,disponible,disponible,PasajerosArribadosPartidosxAeropuerto2020-2026,MovimientosxAeropuerto2020-2026
Colombia,LQM,SKLG,Caucaya Airport,2020,7,2020-07,8,8,0,0,16,0,8,8,16,21,20,0,0,41,0,21,20,41,disponible,disponible,PasajerosArribadosPartidosxAeropuerto2020-2026,MovimientosxAeropuerto2020-2026
Colombia,MDE,SKRG,Jose Maria Córdova International Airport,2020,7,2020-07,101,56,7,700,157,707,108,756,864,328,279,87,124,607,211,415,403,818,disponible,disponible,PasajerosArribadosPartidosxAeropuerto2020-2026,MovimientosxAeropuerto2020-2026
Colombia,MTR,SKMR,Los Garzones Airport,2020,7,2020-07,47,52,0,0,99,0,47,52,99,123,126,0,0,249,0,123,126,249,disponible,disponible,PasajerosArribadosPartidosxAeropuerto2020-2026,MovimientosxAeropuerto2020-2026
Colombia,MVP,SKMU,Fabio Alberto Leon Bentley Airport,2020,7,2020-07,266,229,0,0,495,0,266,229,495,424,425,0,0,849,0,424,425,849,disponible,disponible,PasajerosArribadosPartidosxAeropuerto2020-2026,MovimientosxAeropuerto2020-2026
Colombia,MZL,SKMZ,La Nubia Airport,2020,7,2020-07,0,4,0,0,4,0,0,4,4,16,17,0,0,33,0,16,17,33,disponible,disponible,PasajerosArribadosPartidosxAeropuerto2020-2026,MovimientosxAeropuerto2020-2026
Colombia,NQU,SKNQ,Reyes Murillo Airport,2020,7,2020-07,51,31,0,0,82,0,51,31,82,69,68,0,0,137,0,69,68,137,disponible,disponible,PasajerosArribadosPartidosxAeropuerto2020-2026,MovimientosxAeropuerto2020-2026
Colombia,NVA,SKNV,Benito Salas Airport,2020,7,2020-07,111,110,0,0,221,0,111,110,221,156,163,0,0,319,0,156,163,319,disponible,disponible,PasajerosArribadosPartidosxAeropuerto2020-2026,MovimientosxAeropuerto2020-2026
Colombia,PCR,SKPC,German Olano Airport,2020,7,2020-07,19,28,0,0,47,0,19,28,47,132,131,0,0,263,0,132,131,263,disponible,disponible,PasajerosArribadosPartidosxAeropuerto2020-2026,MovimientosxAeropuerto2020-2026
Colombia,PDA,SKPD,Obando Cesar Gaviria Trujillo Airport,2020,7,2020-07,,,,,,,,,,90,89,0,0,179,0,90,89,179,sin_dato,disponible,PasajerosArribadosPartidosxAeropuerto2020-2026,MovimientosxAeropuerto2020-2026
Colombia,PEI,SKPE,Matecaña International Airport,2020,7,2020-07,23,17,0,0,40,0,23,17,40,149,142,0,0,291,0,149,142,291,disponible,disponible,PasajerosArribadosPartidosxAeropuerto2020-2026,MovimientosxAeropuerto2020-2026
Colombia,PPN,SKPP,Guillermo León Valencia Airport,2020,7,2020-07,13,8,0,0,21,0,13,8,21,180,173,0,0,353,0,180,173,353,disponible,disponible,PasajerosArribadosPartidosxAeropuerto2020-2026,MovimientosxAeropuerto2020-2026
Colombia,PSO,SKPS,Antonio Nariño Airport,2020,7,2020-07,15,17,0,0,32,0,15,17,32,43,41,0,0,84,0,43,41,84,disponible,disponible,PasajerosArribadosPartidosxAeropuerto2020-2026,MovimientosxAeropuerto2020-2026
Colombia,PUU,SKAS,Tres De Mayo Airport,2020,7,2020-07,54,44,0,0,98,0,54,44,98,30,31,0,0,61,0,30,31,61,disponible,disponible,PasajerosArribadosPartidosxAeropuerto2020-2026,MovimientosxAeropuerto2020-2026
Colombia,PVA,SKPV,El Embrujo Airport,2020,7,2020-07,,,,,,,,,,15,14,0,0,29,0,15,14,29,sin_dato,disponible,PasajerosArribadosPartidosxAeropuerto2020-2026,MovimientosxAeropuerto2020-2026
Colombia,RCH,SKRH,Almirante Padilla Airport,2020,7,2020-07,11,3,0,0,14,0,11,3,14,22,23,0,0,45,0,22,23,45,disponible,disponible,PasajerosArribadosPartidosxAeropuerto2020-2026,MovimientosxAeropuerto2020-2026
Colombia,RVE,SKSA,Los Colonizadores Airport,2020,7,2020-07,15,12,0,0,27,0,15,12,27,87,83,0,0,170,0,87,83,170,disponible,disponible,PasajerosArribadosPartidosxAeropuerto2020-2026,MovimientosxAeropuerto2020-2026
Colombia,SJE,SKSJ,Jorge E. Gonzalez Torres Airport,2020,7,2020-07,214,252,0,0,466,0,214,252,466,530,526,0,0,1056,0,530,526,1056,disponible,disponible,PasajerosArribadosPartidosxAeropuerto2020-2026,MovimientosxAeropuerto2020-2026
Colombia,SMR,SKSM,Simón Bolívar International Airport,2020,7,2020-07,12,19,0,2,31,2,12,21,33,70,70,0,2,140,2,70,72,142,disponible,disponible,PasajerosArribadosPartidosxAeropuerto2020-2026,MovimientosxAeropuerto2020-2026
Colombia,SVI,SKSV,Eduardo Falla Solano Airport,2020,7,2020-07,5,5,0,0,10,0,5,5,10,13,9,0,0,22,0,13,9,22,disponible,disponible,PasajerosArribadosPartidosxAeropuerto2020-2026,MovimientosxAeropuerto2020-2026
Colombia,TCD,SKRA,Tarapacá Airport,2020,7,2020-07,,,,,,,,,,22,7,0,0,29,0,22,7,29,sin_dato,disponible,PasajerosArribadosPartidosxAeropuerto2020-2026,MovimientosxAeropuerto2020-2026
Colombia,TCO,SKCO,La Florida Airport,2020,7,2020-07,35,35,0,0,70,0,35,35,70,253,249,0,0,502,0,253,249,502,disponible,disponible,PasajerosArribadosPartidosxAeropuerto2020-2026,MovimientosxAeropuerto2020-2026
Colombia,TLU,SKTL,Golfo de Morrosquillo Airport,2020,7,2020-07,6,6,0,0,12,0,6,6,12,6,6,0,1,12,1,6,7,13,disponible,disponible,PasajerosArribadosPartidosxAeropuerto2020-2026,MovimientosxAeropuerto2020-2026
Colombia,TME,SKTM,Gustavo Vargas Airport,2020,7,2020-07,64,63,0,0,127,0,64,63,127,42,41,0,0,83,0,42,41,83,disponible,disponible,PasajerosArribadosPartidosxAeropuerto2020-2026,MovimientosxAeropuerto2020-2026
Colombia,UIB,SKUI,El Caraño Airport,2020,7,2020-07,169,176,0,0,345,0,169,176,345,357,354,0,0,711,0,357,354,711,disponible,disponible,PasajerosArribadosPartidosxAeropuerto2020-2026,MovimientosxAeropuerto2020-2026
Colombia,VUP,SKVP,Alfonso López Pumarejo Airport,2020,7,2020-07,33,32,0,0,65,0,33,32,65,51,48,0,0,99,0,51,48,99,disponible,disponible,PasajerosArribadosPartidosxAeropuerto2020-2026,MovimientosxAeropuerto2020-2026
Colombia,VVC,SKVV,Vanguardia Airport,2020,7,2020-07,519,471,0,6,990,6,519,477,996,958,949,0,0,1907,0,958,949,1907,disponible,disponible,PasajerosArribadosPartidosxAeropuerto2020-2026,MovimientosxAeropuerto2020-2026
Colombia,ADZ,SKSP,Gustavo Rojas Pinilla International Airport,2020,8,2020-08,27,25,0,0,52,0,27,25,52,86,86,1,1,172,2,87,87,174,disponible,disponible,PasajerosArribadosPartidosxAeropuerto2020-2026,MovimientosxAeropuerto2020-2026
Colombia,APO,SKLC,Antonio Roldán Betancur Airport,2020,8,2020-08,7,8,0,0,15,0,7,8,15,579,577,0,0,1156,0,579,577,1156,disponible,disponible,PasajerosArribadosPartidosxAeropuerto2020-2026,MovimientosxAeropuerto2020-2026
Colombia,AUC,SKUC,Santiago Perez Airport,2020,8,2020-08,193,193,0,0,386,0,193,193,386,151,153,0,0,304,0,151,153,304,disponible,disponible,PasajerosArribadosPartidosxAeropuerto2020-2026,MovimientosxAeropuerto2020-2026
Colombia,AXM,SKAR,El Eden Airport,2020,8,2020-08,0,6,0,0,6,0,0,6,6,26,22,0,0,48,0,26,22,48,disponible,disponible,PasajerosArribadosPartidosxAeropuerto2020-2026,MovimientosxAeropuerto2020-2026
Colombia,BAQ,SKBQ,Ernesto Cortissoz International Airport,2020,8,2020-08,280,251,58,71,531,129,338,322,660,510,511,55,58,1021,113,565,569,1134,disponible,disponible,PasajerosArribadosPartidosxAeropuerto2020-2026,MovimientosxAeropuerto2020-2026
Colombia,BGA,SKBG,Palonegro Airport,2020,8,2020-08,981,991,0,0,1972,0,981,991,1972,362,365,1,2,727,3,363,367,730,disponible,disponible,PasajerosArribadosPartidosxAeropuerto2020-2026,MovimientosxAeropuerto2020-2026
Colombia,BOG,SKBO,El Dorado International Airport,2020,8,2020-08,1339,1865,4980,4861,3204,9841,6319,6726,13045,1450,1464,807,777,2914,1584,2257,2241,4498,disponible,disponible,PasajerosArribadosPartidosxAeropuerto2020-2026,MovimientosxAeropuerto2020-2026
Colombia,BSC,SKBS,José Celestino Mutis Airport,2020,8,2020-08,319,222,0,0,541,0,319,222,541,172,171,0,0,343,0,172,171,343,disponible,disponible,PasajerosArribadosPartidosxAeropuerto2020-2026,MovimientosxAeropuerto2020-2026
Colombia,BUN,SKBU,Gerardo Tobar López Airport,2020,8,2020-08,20,18,0,0,38,0,20,18,38,34,24,0,0,58,0,34,24,58,disponible,disponible,PasajerosArribadosPartidosxAeropuerto2020-2026,MovimientosxAeropuerto2020-2026
Colombia,CLO,SKCL,Alfonso Bonilla Aragon International Airport,2020,8,2020-08,453,419,3,428,872,431,456,847,1303,793,830,27,10,1623,37,820,840,1660,disponible,disponible,PasajerosArribadosPartidosxAeropuerto2020-2026,MovimientosxAeropuerto2020-2026
Colombia,CTG,SKCG,Rafael Nuñez International Airport,2020,8,2020-08,434,86,7,730,520,737,441,816,1257,163,176,14,17,339,31,177,193,370,disponible,disponible,PasajerosArribadosPartidosxAeropuerto2020-2026,MovimientosxAeropuerto2020-2026
Colombia,CUC,SKCC,Camilo Daza International Airport,2020,8,2020-08,724,773,0,0,1497,0,724,773,1497,240,246,2,2,486,4,242,248,490,disponible,disponible,PasajerosArribadosPartidosxAeropuerto2020-2026,MovimientosxAeropuerto2020-2026
Colombia,CZU,SKCZ,Las Brujas Airport,2020,8,2020-08,6,8,0,0,14,0,6,8,14,35,38,0,0,73,0,35,38,73,disponible,disponible,PasajerosArribadosPartidosxAeropuerto2020-2026,MovimientosxAeropuerto2020-2026
Colombia,EJA,SKEJ,Yariguíes Airport,2020,8,2020-08,43,46,0,0,89,0,43,46,89,182,182,0,0,364,0,182,182,364,disponible,disponible,PasajerosArribadosPartidosxAeropuerto2020-2026,MovimientosxAeropuerto2020-2026
Colombia,EOH,SKMD,Enrique Olaya Herrera Airport,2020,8,2020-08,705,699,6,10,1404,16,711,709,1420,1213,1185,1,0,2398,1,1214,1185,2399,disponible,disponible,PasajerosArribadosPartidosxAeropuerto2020-2026,MovimientosxAeropuerto2020-2026
Colombia,EYP,SKYP,El Alcaravan - Yopal Airport,2020,8,2020-08,139,134,0,0,273,0,139,134,273,410,418,0,0,828,0,410,418,828,disponible,disponible,PasajerosArribadosPartidosxAeropuerto2020-2026,MovimientosxAeropuerto2020-2026
Colombia,FLA,SKFL,Gustavo Artunduaga Paredes Airport,2020,8,2020-08,5,4,0,0,9,0,5,4,9,39,37,0,0,76,0,39,37,76,disponible,disponible,PasajerosArribadosPartidosxAeropuerto2020-2026,MovimientosxAeropuerto2020-2026
Colombia,GPI,SKGP,Guapi Airport,2020,8,2020-08,167,156,0,0,323,0,167,156,323,98,98,0,0,196,0,98,98,196,disponible,disponible,PasajerosArribadosPartidosxAeropuerto2020-2026,MovimientosxAeropuerto2020-2026
Colombia,IBE,SKIB,Perales Airport,2020,8,2020-08,0,0,0,0,0,0,0,0,0,53,54,0,0,107,0,53,54,107,disponible,disponible,PasajerosArribadosPartidosxAeropuerto2020-2026,MovimientosxAeropuerto2020-2026
Colombia,IPI,SKIP,San Luis Airport,2020,8,2020-08,3,2,0,0,5,0,3,2,5,6,6,0,0,12,0,6,6,12,disponible,disponible,PasajerosArribadosPartidosxAeropuerto2020-2026,MovimientosxAeropuerto2020-2026
Colombia,LCR,SKHZ,Virgilio Barco Vargas (La Chorrera) Airport,2020,8,2020-08,,,,,,,,,,11,4,0,0,15,0,11,4,15,sin_dato,disponible,PasajerosArribadosPartidosxAeropuerto2020-2026,MovimientosxAeropuerto2020-2026
Colombia,LET,SKLT,Alfredo Vásquez Cobo International Airport,2020,8,2020-08,468,456,0,0,924,0,468,456,924,154,156,3,4,310,7,157,160,317,disponible,disponible,PasajerosArribadosPartidosxAeropuerto2020-2026,MovimientosxAeropuerto2020-2026
Colombia,LMC,SKNA,La Macarena Airport,2020,8,2020-08,169,116,0,0,285,0,169,116,285,147,128,0,0,275,0,147,128,275,disponible,disponible,PasajerosArribadosPartidosxAeropuerto2020-2026,MovimientosxAeropuerto2020-2026
Colombia,LPD,SKLP,La Pedrera Airport,2020,8,2020-08,28,22,0,0,50,0,28,22,50,39,12,0,0,51,0,39,12,51,disponible,disponible,PasajerosArribadosPartidosxAeropuerto2020-2026,MovimientosxAeropuerto2020-2026
Colombia,LQM,SKLG,Caucaya Airport,2020,8,2020-08,9,11,0,0,20,0,9,11,20,18,16,0,0,34,0,18,16,34,disponible,disponible,PasajerosArribadosPartidosxAeropuerto2020-2026,MovimientosxAeropuerto2020-2026
Colombia,MDE,SKRG,Jose Maria Córdova International Airport,2020,8,2020-08,851,789,20,573,1640,593,871,1362,2233,392,345,81,117,737,198,473,462,935,disponible,disponible,PasajerosArribadosPartidosxAeropuerto2020-2026,MovimientosxAeropuerto2020-2026
Colombia,MTR,SKMR,Los Garzones Airport,2020,8,2020-08,33,34,0,0,67,0,33,34,67,200,190,0,0,390,0,200,190,390,disponible,disponible,PasajerosArribadosPartidosxAeropuerto2020-2026,MovimientosxAeropuerto2020-2026
Colombia,MVP,SKMU,Fabio Alberto Leon Bentley Airport,2020,8,2020-08,220,199,1,0,419,1,221,199,420,325,335,0,0,660,0,325,335,660,disponible,disponible,PasajerosArribadosPartidosxAeropuerto2020-2026,MovimientosxAeropuerto2020-2026
Colombia,MZL,SKMZ,La Nubia Airport,2020,8,2020-08,6,2,0,0,8,0,6,2,8,25,23,0,0,48,0,25,23,48,disponible,disponible,PasajerosArribadosPartidosxAeropuerto2020-2026,MovimientosxAeropuerto2020-2026
Colombia,NQU,SKNQ,Reyes Murillo Airport,2020,8,2020-08,94,52,0,0,146,0,94,52,146,70,68,0,0,138,0,70,68,138,disponible,disponible,PasajerosArribadosPartidosxAeropuerto2020-2026,MovimientosxAeropuerto2020-2026
Colombia,NVA,SKNV,Benito Salas Airport,2020,8,2020-08,135,119,0,0,254,0,135,119,254,160,166,0,0,326,0,160,166,326,disponible,disponible,PasajerosArribadosPartidosxAeropuerto2020-2026,MovimientosxAeropuerto2020-2026
Colombia,PCR,SKPC,German Olano Airport,2020,8,2020-08,44,30,0,0,74,0,44,30,74,82,78,0,0,160,0,82,78,160,disponible,disponible,PasajerosArribadosPartidosxAeropuerto2020-2026,MovimientosxAeropuerto2020-2026
Colombia,PDA,SKPD,Obando Cesar Gaviria Trujillo Airport,2020,8,2020-08,,,,,,,,,,105,102,0,0,207,0,105,102,207,sin_dato,disponible,PasajerosArribadosPartidosxAeropuerto2020-2026,MovimientosxAeropuerto2020-2026
Colombia,PEI,SKPE,Matecaña International Airport,2020,8,2020-08,389,408,0,0,797,0,389,408,797,155,153,0,1,308,1,155,154,309,disponible,disponible,PasajerosArribadosPartidosxAeropuerto2020-2026,MovimientosxAeropuerto2020-2026
Colombia,PPN,SKPP,Guillermo León Valencia Airport,2020,8,2020-08,34,20,0,0,54,0,34,20,54,169,175,0,0,344,0,169,175,344,disponible,disponible,PasajerosArribadosPartidosxAeropuerto2020-2026,MovimientosxAeropuerto2020-2026
Colombia,PSO,SKPS,Antonio Nariño Airport,2020,8,2020-08,8,6,0,0,14,0,8,6,14,91,97,0,0,188,0,91,97,188,disponible,disponible,PasajerosArribadosPartidosxAeropuerto2020-2026,MovimientosxAeropuerto2020-2026
Colombia,PUU,SKAS,Tres De Mayo Airport,2020,8,2020-08,49,51,0,0,100,0,49,51,100,48,45,0,0,93,0,48,45,93,disponible,disponible,PasajerosArribadosPartidosxAeropuerto2020-2026,MovimientosxAeropuerto2020-2026
Colombia,PVA,SKPV,El Embrujo Airport,2020,8,2020-08,,,,,,,,,,24,23,0,0,47,0,24,23,47,sin_dato,disponible,PasajerosArribadosPartidosxAeropuerto2020-2026,MovimientosxAeropuerto2020-2026
Colombia,RCH,SKRH,Almirante Padilla Airport,2020,8,2020-08,9,10,0,0,19,0,9,10,19,16,15,0,0,31,0,16,15,31,disponible,disponible,PasajerosArribadosPartidosxAeropuerto2020-2026,MovimientosxAeropuerto2020-2026
Colombia,RVE,SKSA,Los Colonizadores Airport,2020,8,2020-08,12,7,0,0,19,0,12,7,19,77,82,0,0,159,0,77,82,159,disponible,disponible,PasajerosArribadosPartidosxAeropuerto2020-2026,MovimientosxAeropuerto2020-2026
Colombia,SJE,SKSJ,Jorge E. Gonzalez Torres Airport,2020,8,2020-08,174,212,0,0,386,0,174,212,386,390,392,0,0,782,0,390,392,782,disponible,disponible,PasajerosArribadosPartidosxAeropuerto2020-2026,MovimientosxAeropuerto2020-2026
Colombia,SMR,SKSM,Simón Bolívar International Airport,2020,8,2020-08,2,4,0,0,6,0,2,4,6,83,76,1,2,159,3,84,78,162,disponible,disponible,PasajerosArribadosPartidosxAeropuerto2020-2026,MovimientosxAeropuerto2020-2026
Colombia,SVI,SKSV,Eduardo Falla Solano Airport,2020,8,2020-08,0,0,0,0,0,0,0,0,0,7,6,0,0,13,0,7,6,13,disponible,disponible,PasajerosArribadosPartidosxAeropuerto2020-2026,MovimientosxAeropuerto2020-2026
Colombia,TCD,SKRA,Tarapacá Airport,2020,8,2020-08,,,,,,,,,,25,5,0,0,30,0,25,5,30,sin_dato,disponible,PasajerosArribadosPartidosxAeropuerto2020-2026,MovimientosxAeropuerto2020-2026
Colombia,TCO,SKCO,La Florida Airport,2020,8,2020-08,19,15,0,0,34,0,19,15,34,270,261,0,0,531,0,270,261,531,disponible,disponible,PasajerosArribadosPartidosxAeropuerto2020-2026,MovimientosxAeropuerto2020-2026
Colombia,TLU,SKTL,Golfo de Morrosquillo Airport,2020,8,2020-08,12,12,0,0,24,0,12,12,24,9,11,0,0,20,0,9,11,20,disponible,disponible,PasajerosArribadosPartidosxAeropuerto2020-2026,MovimientosxAeropuerto2020-2026
Colombia,TME,SKTM,Gustavo Vargas Airport,2020,8,2020-08,54,56,0,0,110,0,54,56,110,46,44,0,0,90,0,46,44,90,disponible,disponible,PasajerosArribadosPartidosxAeropuerto2020-2026,MovimientosxAeropuerto2020-2026
Colombia,UIB,SKUI,El Caraño Airport,2020,8,2020-08,292,386,0,0,678,0,292,386,678,332,334,0,0,666,0,332,334,666,disponible,disponible,PasajerosArribadosPartidosxAeropuerto2020-2026,MovimientosxAeropuerto2020-2026
Colombia,VUP,SKVP,Alfonso López Pumarejo Airport,2020,8,2020-08,48,42,0,0,90,0,48,42,90,59,61,1,0,120,1,60,61,121,disponible,disponible,PasajerosArribadosPartidosxAeropuerto2020-2026,MovimientosxAeropuerto2020-2026
Colombia,VVC,SKVV,Vanguardia Airport,2020,8,2020-08,690,790,0,0,1480,0,690,790,1480,1981,1969,0,0,3950,0,1981,1969,3950,disponible,disponible,PasajerosArribadosPartidosxAeropuerto2020-2026,MovimientosxAeropuerto2020-2026
Colombia,ADZ,SKSP,Gustavo Rojas Pinilla International Airport,2020,9,2020-09,3815,3431,5,1,7246,6,3820,3432,7252,119,124,5,5,243,10,124,129,253,disponible,disponible,PasajerosArribadosPartidosxAeropuerto2020-2026,MovimientosxAeropuerto2020-2026
Colombia,APO,SKLC,Antonio Roldán Betancur Airport,2020,9,2020-09,888,918,0,0,1806,0,888,918,1806,534,530,0,0,1064,0,534,530,1064,disponible,disponible,PasajerosArribadosPartidosxAeropuerto2020-2026,MovimientosxAeropuerto2020-2026
Colombia,AUC,SKUC,Santiago Perez Airport,2020,9,2020-09,277,261,0,0,538,0,277,261,538,180,181,0,0,361,0,180,181,361,disponible,disponible,PasajerosArribadosPartidosxAeropuerto2020-2026,MovimientosxAeropuerto2020-2026
Colombia,AXM,SKAR,El Eden Airport,2020,9,2020-09,358,336,0,0,694,0,358,336,694,44,40,0,0,84,0,44,40,84,disponible,disponible,PasajerosArribadosPartidosxAeropuerto2020-2026,MovimientosxAeropuerto2020-2026
Colombia,BAQ,SKBQ,Ernesto Cortissoz International Airport,2020,9,2020-09,23983,23008,142,139,46991,281,24125,23147,47272,875,876,55,67,1751,122,930,943,1873,disponible,disponible,PasajerosArribadosPartidosxAeropuerto2020-2026,MovimientosxAeropuerto2020-2026
Colombia,BGA,SKBG,Palonegro Airport,2020,9,2020-09,7671,8047,0,0,15718,0,7671,8047,15718,539,535,4,6,1074,10,543,541,1084,disponible,disponible,PasajerosArribadosPartidosxAeropuerto2020-2026,MovimientosxAeropuerto2020-2026
Colombia,BOG,SKBO,El Dorado International Airport,2020,9,2020-09,100764,110258,7672,10010,211022,17682,108436,120268,228704,2941,2956,874,846,5897,1720,3815,3802,7617,disponible,disponible,PasajerosArribadosPartidosxAeropuerto2020-2026,MovimientosxAeropuerto2020-2026
Colombia,BSC,SKBS,José Celestino Mutis Airport,2020,9,2020-09,816,696,0,0,1512,0,816,696,1512,260,260,0,0,520,0,260,260,520,disponible,disponible,PasajerosArribadosPartidosxAeropuerto2020-2026,MovimientosxAeropuerto2020-2026
Colombia,BUN,SKBU,Gerardo Tobar López Airport,2020,9,2020-09,13,8,0,0,21,0,13,8,21,37,28,0,0,65,0,37,28,65,disponible,disponible,PasajerosArribadosPartidosxAeropuerto2020-2026,MovimientosxAeropuerto2020-2026
Colombia,CLO,SKCL,Alfonso Bonilla Aragon International Airport,2020,9,2020-09,28266,19229,2557,2111,47495,4668,30823,21340,52163,1089,1104,52,44,2193,96,1141,1148,2289,disponible,disponible,PasajerosArribadosPartidosxAeropuerto2020-2026,MovimientosxAeropuerto2020-2026
Colombia,CTG,SKCG,Rafael Nuñez International Airport,2020,9,2020-09,21780,18732,1827,2805,40512,4632,23607,21537,45144,394,398,31,30,792,61,425,428,853,disponible,disponible,PasajerosArribadosPartidosxAeropuerto2020-2026,MovimientosxAeropuerto2020-2026
Colombia,CUC,SKCC,Camilo Daza International Airport,2020,9,2020-09,5485,8742,2,16,14227,18,5487,8758,14245,360,359,4,5,719,9,364,364,728,disponible,disponible,PasajerosArribadosPartidosxAeropuerto2020-2026,MovimientosxAeropuerto2020-2026
Colombia,CZU,SKCZ,Las Brujas Airport,2020,9,2020-09,5,7,0,0,12,0,5,7,12,26,38,0,0,64,0,26,38,64,disponible,disponible,PasajerosArribadosPartidosxAeropuerto2020-2026,MovimientosxAeropuerto2020-2026
Colombia,EJA,SKEJ,Yariguíes Airport,2020,9,2020-09,83,84,0,0,167,0,83,84,167,225,213,0,0,438,0,225,213,438,disponible,disponible,PasajerosArribadosPartidosxAeropuerto2020-2026,MovimientosxAeropuerto2020-2026
Colombia,EOH,SKMD,Enrique Olaya Herrera Airport,2020,9,2020-09,15062,14654,14,0,29716,14,15076,14654,29730,1871,1873,0,0,3744,0,1871,1873,3744,disponible,disponible,PasajerosArribadosPartidosxAeropuerto2020-2026,MovimientosxAeropuerto2020-2026
Colombia,EYP,SKYP,El Alcaravan - Yopal Airport,2020,9,2020-09,200,180,0,0,380,0,200,180,380,510,505,0,0,1015,0,510,505,1015,disponible,disponible,PasajerosArribadosPartidosxAeropuerto2020-2026,MovimientosxAeropuerto2020-2026
Colombia,FLA,SKFL,Gustavo Artunduaga Paredes Airport,2020,9,2020-09,529,608,0,0,1137,0,529,608,1137,73,70,0,0,143,0,73,70,143,disponible,disponible,PasajerosArribadosPartidosxAeropuerto2020-2026,MovimientosxAeropuerto2020-2026
Colombia,GPI,SKGP,Guapi Airport,2020,9,2020-09,260,262,0,0,522,0,260,262,522,104,91,0,0,195,0,104,91,195,disponible,disponible,PasajerosArribadosPartidosxAeropuerto2020-2026,MovimientosxAeropuerto2020-2026
Colombia,IBE,SKIB,Perales Airport,2020,9,2020-09,21,21,0,0,42,0,21,21,42,81,79,0,0,160,0,81,79,160,disponible,disponible,PasajerosArribadosPartidosxAeropuerto2020-2026,MovimientosxAeropuerto2020-2026
Colombia,IPI,SKIP,San Luis Airport,2020,9,2020-09,0,1,0,0,1,0,0,1,1,6,5,0,0,11,0,6,5,11,disponible,disponible,PasajerosArribadosPartidosxAeropuerto2020-2026,MovimientosxAeropuerto2020-2026
Colombia,LCR,SKHZ,Virgilio Barco Vargas (La Chorrera) Airport,2020,9,2020-09,,,,,,,,,,16,10,0,0,26,0,16,10,26,sin_dato,disponible,PasajerosArribadosPartidosxAeropuerto2020-2026,MovimientosxAeropuerto2020-2026
Colombia,LET,SKLT,Alfredo Vásquez Cobo International Airport,2020,9,2020-09,1860,2109,0,0,3969,0,1860,2109,3969,160,187,8,3,347,11,168,190,358,disponible,disponible,PasajerosArribadosPartidosxAeropuerto2020-2026,MovimientosxAeropuerto2020-2026
Colombia,LMC,SKNA,La Macarena Airport,2020,9,2020-09,164,172,0,0,336,0,164,172,336,163,154,0,0,317,0,163,154,317,disponible,disponible,PasajerosArribadosPartidosxAeropuerto2020-2026,MovimientosxAeropuerto2020-2026
Colombia,LPD,SKLP,La Pedrera Airport,2020,9,2020-09,92,78,0,0,170,0,92,78,170,25,12,0,0,37,0,25,12,37,disponible,disponible,PasajerosArribadosPartidosxAeropuerto2020-2026,MovimientosxAeropuerto2020-2026
Colombia,LQM,SKLG,Caucaya Airport,2020,9,2020-09,13,18,0,0,31,0,13,18,31,22,22,0,0,44,0,22,22,44,disponible,disponible,PasajerosArribadosPartidosxAeropuerto2020-2026,MovimientosxAeropuerto2020-2026
Colombia,MDE,SKRG,Jose Maria Córdova International Airport,2020,9,2020-09,36055,35700,3278,4289,71755,7567,39333,39989,79322,741,684,150,187,1425,337,891,871,1762,disponible,disponible,PasajerosArribadosPartidosxAeropuerto2020-2026,MovimientosxAeropuerto2020-2026
Colombia,MTR,SKMR,Los Garzones Airport,2020,9,2020-09,7410,7423,0,1,14833,1,7410,7424,14834,422,423,0,0,845,0,422,423,845,disponible,disponible,PasajerosArribadosPartidosxAeropuerto2020-2026,MovimientosxAeropuerto2020-2026
Colombia,MVP,SKMU,Fabio Alberto Leon Bentley Airport,2020,9,2020-09,368,316,0,3,684,3,368,319,687,429,420,0,0,849,0,429,420,849,disponible,disponible,PasajerosArribadosPartidosxAeropuerto2020-2026,MovimientosxAeropuerto2020-2026
Colombia,MZL,SKMZ,La Nubia Airport,2020,9,2020-09,312,308,0,0,620,0,312,308,620,47,46,0,0,93,0,47,46,93,disponible,disponible,PasajerosArribadosPartidosxAeropuerto2020-2026,MovimientosxAeropuerto2020-2026
Colombia,NQU,SKNQ,Reyes Murillo Airport,2020,9,2020-09,317,241,0,0,558,0,317,241,558,114,113,0,0,227,0,114,113,227,disponible,disponible,PasajerosArribadosPartidosxAeropuerto2020-2026,MovimientosxAeropuerto2020-2026
Colombia,NVA,SKNV,Benito Salas Airport,2020,9,2020-09,272,259,0,0,531,0,272,259,531,210,214,0,0,424,0,210,214,424,disponible,disponible,PasajerosArribadosPartidosxAeropuerto2020-2026,MovimientosxAeropuerto2020-2026
Colombia,PCR,SKPC,German Olano Airport,2020,9,2020-09,92,117,0,0,209,0,92,117,209,123,110,0,0,233,0,123,110,233,disponible,disponible,PasajerosArribadosPartidosxAeropuerto2020-2026,MovimientosxAeropuerto2020-2026
Colombia,PDA,SKPD,Obando Cesar Gaviria Trujillo Airport,2020,9,2020-09,,,,,,,,,,123,117,0,0,240,0,123,117,240,sin_dato,disponible,PasajerosArribadosPartidosxAeropuerto2020-2026,MovimientosxAeropuerto2020-2026
Colombia,PEI,SKPE,Matecaña International Airport,2020,9,2020-09,12432,12343,1,11,24775,12,12433,12354,24787,386,391,1,1,777,2,387,392,779,disponible,disponible,PasajerosArribadosPartidosxAeropuerto2020-2026,MovimientosxAeropuerto2020-2026
Colombia,PPN,SKPP,Guillermo León Valencia Airport,2020,9,2020-09,102,74,0,0,176,0,102,74,176,212,229,0,0,441,0,212,229,441,disponible,disponible,PasajerosArribadosPartidosxAeropuerto2020-2026,MovimientosxAeropuerto2020-2026
Colombia,PSO,SKPS,Antonio Nariño Airport,2020,9,2020-09,2802,2869,1,0,5671,1,2803,2869,5672,113,113,0,0,226,0,113,113,226,disponible,disponible,PasajerosArribadosPartidosxAeropuerto2020-2026,MovimientosxAeropuerto2020-2026
Colombia,PUU,SKAS,Tres De Mayo Airport,2020,9,2020-09,141,169,0,0,310,0,141,169,310,39,40,0,0,79,0,39,40,79,disponible,disponible,PasajerosArribadosPartidosxAeropuerto2020-2026,MovimientosxAeropuerto2020-2026
Colombia,PVA,SKPV,El Embrujo Airport,2020,9,2020-09,43,13,0,0,56,0,43,13,56,13,14,0,0,27,0,13,14,27,disponible,disponible,PasajerosArribadosPartidosxAeropuerto2020-2026,MovimientosxAeropuerto2020-2026
Colombia,RCH,SKRH,Almirante Padilla Airport,2020,9,2020-09,0,1,0,0,1,0,0,1,1,28,40,0,0,68,0,28,40,68,disponible,disponible,PasajerosArribadosPartidosxAeropuerto2020-2026,MovimientosxAeropuerto2020-2026
Colombia,RVE,SKSA,Los Colonizadores Airport,2020,9,2020-09,11,11,0,0,22,0,11,11,22,163,156,0,0,319,0,163,156,319,disponible,disponible,PasajerosArribadosPartidosxAeropuerto2020-2026,MovimientosxAeropuerto2020-2026
Colombia,SJE,SKSJ,Jorge E. Gonzalez Torres Airport,2020,9,2020-09,162,236,0,0,398,0,162,236,398,414,427,0,0,841,0,414,427,841,disponible,disponible,PasajerosArribadosPartidosxAeropuerto2020-2026,MovimientosxAeropuerto2020-2026
Colombia,SMR,SKSM,Simón Bolívar International Airport,2020,9,2020-09,9260,9894,1,0,19154,1,9261,9894,19155,188,185,2,1,373,3,190,186,376,disponible,disponible,PasajerosArribadosPartidosxAeropuerto2020-2026,MovimientosxAeropuerto2020-2026
Colombia,SVI,SKSV,Eduardo Falla Solano Airport,2020,9,2020-09,2,2,0,0,4,0,2,2,4,9,7,0,0,16,0,9,7,16,disponible,disponible,PasajerosArribadosPartidosxAeropuerto2020-2026,MovimientosxAeropuerto2020-2026
Colombia,TCD,SKRA,Tarapacá Airport,2020,9,2020-09,,,,,,,,,,36,15,0,0,51,0,36,15,51,sin_dato,disponible,PasajerosArribadosPartidosxAeropuerto2020-2026,MovimientosxAeropuerto2020-2026
Colombia,TCO,SKCO,La Florida Airport,2020,9,2020-09,303,338,0,0,641,0,303,338,641,327,315,0,0,642,0,327,315,642,disponible,disponible,PasajerosArribadosPartidosxAeropuerto2020-2026,MovimientosxAeropuerto2020-2026
Colombia,TLU,SKTL,Golfo de Morrosquillo Airport,2020,9,2020-09,,,,,,,,,,9,10,0,0,19,0,9,10,19,sin_dato,disponible,PasajerosArribadosPartidosxAeropuerto2020-2026,MovimientosxAeropuerto2020-2026
Colombia,TME,SKTM,Gustavo Vargas Airport,2020,9,2020-09,62,58,0,0,120,0,62,58,120,65,61,0,0,126,0,65,61,126,disponible,disponible,PasajerosArribadosPartidosxAeropuerto2020-2026,MovimientosxAeropuerto2020-2026
Colombia,UIB,SKUI,El Caraño Airport,2020,9,2020-09,1900,2127,0,0,4027,0,1900,2127,4027,456,453,0,0,909,0,456,453,909,disponible,disponible,PasajerosArribadosPartidosxAeropuerto2020-2026,MovimientosxAeropuerto2020-2026
Colombia,VUP,SKVP,Alfonso López Pumarejo Airport,2020,9,2020-09,21,25,0,0,46,0,21,25,46,70,68,0,0,138,0,70,68,138,disponible,disponible,PasajerosArribadosPartidosxAeropuerto2020-2026,MovimientosxAeropuerto2020-2026
Colombia,VVC,SKVV,Vanguardia Airport,2020,9,2020-09,1677,1808,0,0,3485,0,1677,1808,3485,1422,1402,0,0,2824,0,1422,1402,2824,disponible,disponible,PasajerosArribadosPartidosxAeropuerto2020-2026,MovimientosxAeropuerto2020-2026
Colombia,ADZ,SKSP,Gustavo Rojas Pinilla International Airport,2020,10,2020-10,12944,14437,22,29,27381,51,12966,14466,27432,173,171,4,5,344,9,177,176,353,disponible,disponible,PasajerosArribadosPartidosxAeropuerto2020-2026,MovimientosxAeropuerto2020-2026
Colombia,APO,SKLC,Antonio Roldán Betancur Airport,2020,10,2020-10,4908,5057,0,0,9965,0,4908,5057,9965,666,659,0,0,1325,0,666,659,1325,disponible,disponible,PasajerosArribadosPartidosxAeropuerto2020-2026,MovimientosxAeropuerto2020-2026
Colombia,AUC,SKUC,Santiago Perez Airport,2020,10,2020-10,1640,1682,0,0,3322,0,1640,1682,3322,196,193,0,0,389,0,196,193,389,disponible,disponible,PasajerosArribadosPartidosxAeropuerto2020-2026,MovimientosxAeropuerto2020-2026
Colombia,AXM,SKAR,El Eden Airport,2020,10,2020-10,3963,3654,1444,1306,7617,2750,5407,4960,10367,124,126,11,10,250,21,135,136,271,disponible,disponible,PasajerosArribadosPartidosxAeropuerto2020-2026,MovimientosxAeropuerto2020-2026
Colombia,BAQ,SKBQ,Ernesto Cortissoz International Airport,2020,10,2020-10,36810,37242,3573,3917,74052,7490,40383,41159,81542,1181,1179,91,98,2360,189,1272,1277,2549,disponible,disponible,PasajerosArribadosPartidosxAeropuerto2020-2026,MovimientosxAeropuerto2020-2026
Colombia,BGA,SKBG,Palonegro Airport,2020,10,2020-10,18612,17972,362,434,36584,796,18974,18406,37380,644,643,9,9,1287,18,653,652,1305,disponible,disponible,PasajerosArribadosPartidosxAeropuerto2020-2026,MovimientosxAeropuerto2020-2026
Colombia,BOG,SKBO,El Dorado International Airport,2020,10,2020-10,205079,215101,39185,42644,420180,81829,244264,257745,502009,4256,4275,1330,1275,8531,2605,5586,5550,11136,disponible,disponible,PasajerosArribadosPartidosxAeropuerto2020-2026,MovimientosxAeropuerto2020-2026
Colombia,BSC,SKBS,José Celestino Mutis Airport,2020,10,2020-10,2072,2031,0,0,4103,0,2072,2031,4103,336,334,0,0,670,0,336,334,670,disponible,disponible,PasajerosArribadosPartidosxAeropuerto2020-2026,MovimientosxAeropuerto2020-2026
Colombia,BUN,SKBU,Gerardo Tobar López Airport,2020,10,2020-10,219,182,0,0,401,0,219,182,401,31,28,0,0,59,0,31,28,59,disponible,disponible,PasajerosArribadosPartidosxAeropuerto2020-2026,MovimientosxAeropuerto2020-2026
Colombia,CLO,SKCL,Alfonso Bonilla Aragon International Airport,2020,10,2020-10,53206,55761,12385,11573,108967,23958,65591,67334,132925,1455,1460,108,96,2915,204,1563,1556,3119,disponible,disponible,PasajerosArribadosPartidosxAeropuerto2020-2026,MovimientosxAeropuerto2020-2026
Colombia,CTG,SKCG,Rafael Nuñez International Airport,2020,10,2020-10,46835,35090,7223,6797,81925,14020,54058,41887,95945,621,602,74,92,1223,166,695,694,1389,disponible,disponible,PasajerosArribadosPartidosxAeropuerto2020-2026,MovimientosxAeropuerto2020-2026
Colombia,CUC,SKCC,Camilo Daza International Airport,2020,10,2020-10,14045,14291,525,398,28336,923,14570,14689,29259,369,365,0,0,734,0,369,365,734,disponible,disponible,PasajerosArribadosPartidosxAeropuerto2020-2026,MovimientosxAeropuerto2020-2026
Colombia,CZU,SKCZ,Las Brujas Airport,2020,10,2020-10,1239,1250,0,0,2489,0,1239,1250,2489,70,78,1,0,148,1,71,78,149,disponible,disponible,PasajerosArribadosPartidosxAeropuerto2020-2026,MovimientosxAeropuerto2020-2026
Colombia,EJA,SKEJ,Yariguíes Airport,2020,10,2020-10,934,940,0,0,1874,0,934,940,1874,276,275,0,0,551,0,276,275,551,disponible,disponible,PasajerosArribadosPartidosxAeropuerto2020-2026,MovimientosxAeropuerto2020-2026
Colombia,EOH,SKMD,Enrique Olaya Herrera Airport,2020,10,2020-10,27421,28759,0,0,56180,0,27421,28759,56180,2405,2409,0,1,4814,1,2405,2410,4815,disponible,disponible,PasajerosArribadosPartidosxAeropuerto2020-2026,MovimientosxAeropuerto2020-2026
Colombia,EYP,SKYP,El Alcaravan - Yopal Airport,2020,10,2020-10,2038,2118,0,0,4156,0,2038,2118,4156,465,458,0,0,923,0,465,458,923,disponible,disponible,PasajerosArribadosPartidosxAeropuerto2020-2026,MovimientosxAeropuerto2020-2026
Colombia,FLA,SKFL,Gustavo Artunduaga Paredes Airport,2020,10,2020-10,1784,1832,0,0,3616,0,1784,1832,3616,145,146,0,1,291,1,145,147,292,disponible,disponible,PasajerosArribadosPartidosxAeropuerto2020-2026,MovimientosxAeropuerto2020-2026
Colombia,GPI,SKGP,Guapi Airport,2020,10,2020-10,710,689,0,0,1399,0,710,689,1399,101,102,0,0,203,0,101,102,203,disponible,disponible,PasajerosArribadosPartidosxAeropuerto2020-2026,MovimientosxAeropuerto2020-2026
Colombia,IBE,SKIB,Perales Airport,2020,10,2020-10,410,432,0,0,842,0,410,432,842,100,98,0,0,198,0,100,98,198,disponible,disponible,PasajerosArribadosPartidosxAeropuerto2020-2026,MovimientosxAeropuerto2020-2026
Colombia,IPI,SKIP,San Luis Airport,2020,10,2020-10,520,478,0,0,998,0,520,478,998,21,20,0,1,41,1,21,21,42,disponible,disponible,PasajerosArribadosPartidosxAeropuerto2020-2026,MovimientosxAeropuerto2020-2026
Colombia,LCR,SKHZ,Virgilio Barco Vargas (La Chorrera) Airport,2020,10,2020-10,,,,,,,,,,9,9,0,0,18,0,9,9,18,sin_dato,disponible,PasajerosArribadosPartidosxAeropuerto2020-2026,MovimientosxAeropuerto2020-2026
Colombia,LET,SKLT,Alfredo Vásquez Cobo International Airport,2020,10,2020-10,471,3890,29,0,4361,29,500,3890,4390,167,186,10,1,353,11,177,187,364,disponible,disponible,PasajerosArribadosPartidosxAeropuerto2020-2026,MovimientosxAeropuerto2020-2026
Colombia,LMC,SKNA,La Macarena Airport,2020,10,2020-10,275,334,0,0,609,0,275,334,609,195,185,0,0,380,0,195,185,380,disponible,disponible,PasajerosArribadosPartidosxAeropuerto2020-2026,MovimientosxAeropuerto2020-2026
Colombia,LPD,SKLP,La Pedrera Airport,2020,10,2020-10,169,107,0,0,276,0,169,107,276,26,18,0,0,44,0,26,18,44,disponible,disponible,PasajerosArribadosPartidosxAeropuerto2020-2026,MovimientosxAeropuerto2020-2026
Colombia,LQM,SKLG,Caucaya Airport,2020,10,2020-10,400,415,0,0,815,0,400,415,815,37,31,0,0,68,0,37,31,68,disponible,disponible,PasajerosArribadosPartidosxAeropuerto2020-2026,MovimientosxAeropuerto2020-2026
Colombia,MDE,SKRG,Jose Maria Córdova International Airport,2020,10,2020-10,81692,77661,19135,19677,159353,38812,100827,97338,198165,1225,1162,281,316,2387,597,1506,1478,2984,disponible,disponible,PasajerosArribadosPartidosxAeropuerto2020-2026,MovimientosxAeropuerto2020-2026
Colombia,MTR,SKMR,Los Garzones Airport,2020,10,2020-10,16493,16162,82,42,32655,124,16575,16204,32779,473,475,1,0,948,1,474,475,949,disponible,disponible,PasajerosArribadosPartidosxAeropuerto2020-2026,MovimientosxAeropuerto2020-2026
Colombia,MVP,SKMU,Fabio Alberto Leon Bentley Airport,2020,10,2020-10,1302,1170,1,0,2472,1,1303,1170,2473,535,540,0,0,1075,0,535,540,1075,disponible,disponible,PasajerosArribadosPartidosxAeropuerto2020-2026,MovimientosxAeropuerto2020-2026
Colombia,MZL,SKMZ,La Nubia Airport,2020,10,2020-10,3001,2873,0,0,5874,0,3001,2873,5874,161,161,0,0,322,0,161,161,322,disponible,disponible,PasajerosArribadosPartidosxAeropuerto2020-2026,MovimientosxAeropuerto2020-2026
Colombia,NQU,SKNQ,Reyes Murillo Airport,2020,10,2020-10,1158,908,0,0,2066,0,1158,908,2066,169,168,0,0,337,0,169,168,337,disponible,disponible,PasajerosArribadosPartidosxAeropuerto2020-2026,MovimientosxAeropuerto2020-2026
Colombia,NVA,SKNV,Benito Salas Airport,2020,10,2020-10,1979,2127,0,0,4106,0,1979,2127,4106,281,310,0,0,591,0,281,310,591,disponible,disponible,PasajerosArribadosPartidosxAeropuerto2020-2026,MovimientosxAeropuerto2020-2026
Colombia,PCR,SKPC,German Olano Airport,2020,10,2020-10,593,733,0,0,1326,0,593,733,1326,105,106,0,0,211,0,105,106,211,disponible,disponible,PasajerosArribadosPartidosxAeropuerto2020-2026,MovimientosxAeropuerto2020-2026
Colombia,PDA,SKPD,Obando Cesar Gaviria Trujillo Airport,2020,10,2020-10,,,,,,,,,,128,132,0,0,260,0,128,132,260,sin_dato,disponible,PasajerosArribadosPartidosxAeropuerto2020-2026,MovimientosxAeropuerto2020-2026
Colombia,PEI,SKPE,Matecaña International Airport,2020,10,2020-10,16782,17365,1229,950,34147,2179,18011,18315,36326,421,424,5,6,845,11,426,430,856,disponible,disponible,PasajerosArribadosPartidosxAeropuerto2020-2026,MovimientosxAeropuerto2020-2026
Colombia,PPN,SKPP,Guillermo León Valencia Airport,2020,10,2020-10,1061,1080,0,0,2141,0,1061,1080,2141,234,245,0,0,479,0,234,245,479,disponible,disponible,PasajerosArribadosPartidosxAeropuerto2020-2026,MovimientosxAeropuerto2020-2026
Colombia,PSO,SKPS,Antonio Nariño Airport,2020,10,2020-10,4079,4123,1,20,8202,21,4080,4143,8223,139,134,0,0,273,0,139,134,273,disponible,disponible,PasajerosArribadosPartidosxAeropuerto2020-2026,MovimientosxAeropuerto2020-2026
Colombia,PUU,SKAS,Tres De Mayo Airport,2020,10,2020-10,1694,1752,0,0,3446,0,1694,1752,3446,95,99,0,0,194,0,95,99,194,disponible,disponible,PasajerosArribadosPartidosxAeropuerto2020-2026,MovimientosxAeropuerto2020-2026
Colombia,PVA,SKPV,El Embrujo Airport,2020,10,2020-10,,,,,,,,,,16,16,0,0,32,0,16,16,32,sin_dato,disponible,PasajerosArribadosPartidosxAeropuerto2020-2026,MovimientosxAeropuerto2020-2026
Colombia,RCH,SKRH,Almirante Padilla Airport,2020,10,2020-10,1891,1692,70,36,3583,106,1961,1728,3689,35,45,0,0,80,0,35,45,80,disponible,disponible,PasajerosArribadosPartidosxAeropuerto2020-2026,MovimientosxAeropuerto2020-2026
Colombia,RVE,SKSA,Los Colonizadores Airport,2020,10,2020-10,768,745,0,0,1513,0,768,745,1513,152,142,0,0,294,0,152,142,294,disponible,disponible,PasajerosArribadosPartidosxAeropuerto2020-2026,MovimientosxAeropuerto2020-2026
Colombia,SJE,SKSJ,Jorge E. Gonzalez Torres Airport,2020,10,2020-10,462,588,0,0,1050,0,462,588,1050,359,362,0,0,721,0,359,362,721,disponible,disponible,PasajerosArribadosPartidosxAeropuerto2020-2026,MovimientosxAeropuerto2020-2026
Colombia,SMR,SKSM,Simón Bolívar International Airport,2020,10,2020-10,23783,20036,67,84,43819,151,23850,20120,43970,310,305,3,5,615,8,313,310,623,disponible,disponible,PasajerosArribadosPartidosxAeropuerto2020-2026,MovimientosxAeropuerto2020-2026
Colombia,SVI,SKSV,Eduardo Falla Solano Airport,2020,10,2020-10,2,2,0,0,4,0,2,2,4,21,19,0,0,40,0,21,19,40,disponible,disponible,PasajerosArribadosPartidosxAeropuerto2020-2026,MovimientosxAeropuerto2020-2026
Colombia,TCD,SKRA,Tarapacá Airport,2020,10,2020-10,,,,,,,,,,24,7,0,0,31,0,24,7,31,sin_dato,disponible,PasajerosArribadosPartidosxAeropuerto2020-2026,MovimientosxAeropuerto2020-2026
Colombia,TCO,SKCO,La Florida Airport,2020,10,2020-10,1481,1561,0,0,3042,0,1481,1561,3042,479,472,0,0,951,0,479,472,951,disponible,disponible,PasajerosArribadosPartidosxAeropuerto2020-2026,MovimientosxAeropuerto2020-2026
Colombia,TLU,SKTL,Golfo de Morrosquillo Airport,2020,10,2020-10,38,40,0,0,78,0,38,40,78,63,59,0,0,122,0,63,59,122,disponible,disponible,PasajerosArribadosPartidosxAeropuerto2020-2026,MovimientosxAeropuerto2020-2026
Colombia,TME,SKTM,Gustavo Vargas Airport,2020,10,2020-10,275,297,0,0,572,0,275,297,572,72,66,0,0,138,0,72,66,138,disponible,disponible,PasajerosArribadosPartidosxAeropuerto2020-2026,MovimientosxAeropuerto2020-2026
Colombia,UIB,SKUI,El Caraño Airport,2020,10,2020-10,7750,8253,0,0,16003,0,7750,8253,16003,645,639,0,0,1284,0,645,639,1284,disponible,disponible,PasajerosArribadosPartidosxAeropuerto2020-2026,MovimientosxAeropuerto2020-2026
Colombia,VUP,SKVP,Alfonso López Pumarejo Airport,2020,10,2020-10,2381,2423,10,24,4804,34,2391,2447,4838,92,98,0,0,190,0,92,98,190,disponible,disponible,PasajerosArribadosPartidosxAeropuerto2020-2026,MovimientosxAeropuerto2020-2026
Colombia,VVC,SKVV,Vanguardia Airport,2020,10,2020-10,2428,2570,0,0,4998,0,2428,2570,4998,1336,1311,0,0,2647,0,1336,1311,2647,disponible,disponible,PasajerosArribadosPartidosxAeropuerto2020-2026,MovimientosxAeropuerto2020-2026
Colombia,ADZ,SKSP,Gustavo Rojas Pinilla International Airport,2020,11,2020-11,22146,26096,48,60,48242,108,22194,26156,48350,576,565,7,13,1141,20,583,578,1161,disponible,disponible,PasajerosArribadosPartidosxAeropuerto2020-2026,MovimientosxAeropuerto2020-2026
Colombia,APO,SKLC,Antonio Roldán Betancur Airport,2020,11,2020-11,6290,6466,0,0,12756,0,6290,6466,12756,716,722,0,1,1438,1,716,723,1439,disponible,disponible,PasajerosArribadosPartidosxAeropuerto2020-2026,MovimientosxAeropuerto2020-2026
Colombia,AUC,SKUC,Santiago Perez Airport,2020,11,2020-11,2254,2286,0,0,4540,0,2254,2286,4540,220,216,0,0,436,0,220,216,436,disponible,disponible,PasajerosArribadosPartidosxAeropuerto2020-2026,MovimientosxAeropuerto2020-2026
Colombia,AXM,SKAR,El Eden Airport,2020,11,2020-11,4471,4316,102,170,8787,272,4573,4486,9059,120,118,12,12,238,24,132,130,262,disponible,disponible,PasajerosArribadosPartidosxAeropuerto2020-2026,MovimientosxAeropuerto2020-2026
Colombia,BAQ,SKBQ,Ernesto Cortissoz International Airport,2020,11,2020-11,47282,48372,5590,4714,95654,10304,52872,53086,105958,1247,1267,94,101,2514,195,1341,1368,2709,disponible,disponible,PasajerosArribadosPartidosxAeropuerto2020-2026,MovimientosxAeropuerto2020-2026
Colombia,BGA,SKBG,Palonegro Airport,2020,11,2020-11,26717,27078,758,597,53795,1355,27475,27675,55150,693,695,17,17,1388,34,710,712,1422,disponible,disponible,PasajerosArribadosPartidosxAeropuerto2020-2026,MovimientosxAeropuerto2020-2026
Colombia,BOG,SKBO,El Dorado International Airport,2020,11,2020-11,317428,319293,67553,52292,636721,119845,384981,371585,756566,5542,5571,1656,1616,11113,3272,7198,7187,14385,disponible,disponible,PasajerosArribadosPartidosxAeropuerto2020-2026,MovimientosxAeropuerto2020-2026
Colombia,BSC,SKBS,José Celestino Mutis Airport,2020,11,2020-11,2050,2001,0,0,4051,0,2050,2001,4051,316,321,0,0,637,0,316,321,637,disponible,disponible,PasajerosArribadosPartidosxAeropuerto2020-2026,MovimientosxAeropuerto2020-2026
Colombia,BUN,SKBU,Gerardo Tobar López Airport,2020,11,2020-11,337,311,0,0,648,0,337,311,648,40,34,0,0,74,0,40,34,74,disponible,disponible,PasajerosArribadosPartidosxAeropuerto2020-2026,MovimientosxAeropuerto2020-2026
Colombia,CLO,SKCL,Alfonso Bonilla Aragon International Airport,2020,11,2020-11,94394,82888,16096,8405,177282,24501,110490,91293,201783,1800,1812,153,141,3612,294,1953,1953,3906,disponible,disponible,PasajerosArribadosPartidosxAeropuerto2020-2026,MovimientosxAeropuerto2020-2026
Colombia,CTG,SKCG,Rafael Nuñez International Airport,2020,11,2020-11,68542,75416,6366,6883,143958,13249,74908,82299,157207,899,899,103,116,1798,219,1002,1015,2017,disponible,disponible,PasajerosArribadosPartidosxAeropuerto2020-2026,MovimientosxAeropuerto2020-2026
Colombia,CUC,SKCC,Camilo Daza International Airport,2020,11,2020-11,19494,19371,1072,644,38865,1716,20566,20015,40581,437,433,0,0,870,0,437,433,870,disponible,disponible,PasajerosArribadosPartidosxAeropuerto2020-2026,MovimientosxAeropuerto2020-2026
Colombia,CZU,SKCZ,Las Brujas Airport,2020,11,2020-11,1188,1182,0,0,2370,0,1188,1182,2370,70,73,0,0,143,0,70,73,143,disponible,disponible,PasajerosArribadosPartidosxAeropuerto2020-2026,MovimientosxAeropuerto2020-2026
Colombia,EJA,SKEJ,Yariguíes Airport,2020,11,2020-11,940,914,0,0,1854,0,940,914,1854,302,297,0,0,599,0,302,297,599,disponible,disponible,PasajerosArribadosPartidosxAeropuerto2020-2026,MovimientosxAeropuerto2020-2026
Colombia,EOH,SKMD,Enrique Olaya Herrera Airport,2020,11,2020-11,31807,29494,18,0,61301,18,31825,29494,61319,2480,2475,5,4,4955,9,2485,2479,4964,disponible,disponible,PasajerosArribadosPartidosxAeropuerto2020-2026,MovimientosxAeropuerto2020-2026
Colombia,EYP,SKYP,El Alcaravan - Yopal Airport,2020,11,2020-11,3238,3368,0,0,6606,0,3238,3368,6606,554,546,0,0,1100,0,554,546,1100,disponible,disponible,PasajerosArribadosPartidosxAeropuerto2020-2026,MovimientosxAeropuerto2020-2026
Colombia,FLA,SKFL,Gustavo Artunduaga Paredes Airport,2020,11,2020-11,2228,2232,0,0,4460,0,2228,2232,4460,157,157,0,0,314,0,157,157,314,disponible,disponible,PasajerosArribadosPartidosxAeropuerto2020-2026,MovimientosxAeropuerto2020-2026
Colombia,GPI,SKGP,Guapi Airport,2020,11,2020-11,1033,1015,0,0,2048,0,1033,1015,2048,111,109,0,0,220,0,111,109,220,disponible,disponible,PasajerosArribadosPartidosxAeropuerto2020-2026,MovimientosxAeropuerto2020-2026
Colombia,IBE,SKIB,Perales Airport,2020,11,2020-11,448,427,0,0,875,0,448,427,875,111,103,0,0,214,0,111,103,214,disponible,disponible,PasajerosArribadosPartidosxAeropuerto2020-2026,MovimientosxAeropuerto2020-2026
Colombia,IPI,SKIP,San Luis Airport,2020,11,2020-11,874,785,0,0,1659,0,874,785,1659,27,28,1,0,55,1,28,28,56,disponible,disponible,PasajerosArribadosPartidosxAeropuerto2020-2026,MovimientosxAeropuerto2020-2026
Colombia,LCR,SKHZ,Virgilio Barco Vargas (La Chorrera) Airport,2020,11,2020-11,,,,,,,,,,12,10,0,0,22,0,12,10,22,sin_dato,disponible,PasajerosArribadosPartidosxAeropuerto2020-2026,MovimientosxAeropuerto2020-2026
Colombia,LET,SKLT,Alfredo Vásquez Cobo International Airport,2020,11,2020-11,4308,4376,0,1,8684,1,4308,4377,8685,159,168,6,1,327,7,165,169,334,disponible,disponible,PasajerosArribadosPartidosxAeropuerto2020-2026,MovimientosxAeropuerto2020-2026
Colombia,LMC,SKNA,La Macarena Airport,2020,11,2020-11,268,258,0,0,526,0,268,258,526,218,204,0,0,422,0,218,204,422,disponible,disponible,PasajerosArribadosPartidosxAeropuerto2020-2026,MovimientosxAeropuerto2020-2026
Colombia,LPD,SKLP,La Pedrera Airport,2020,11,2020-11,179,184,0,0,363,0,179,184,363,34,18,0,0,52,0,34,18,52,disponible,disponible,PasajerosArribadosPartidosxAeropuerto2020-2026,MovimientosxAeropuerto2020-2026
Colombia,LQM,SKLG,Caucaya Airport,2020,11,2020-11,418,480,0,0,898,0,418,480,898,42,38,0,0,80,0,42,38,80,disponible,disponible,PasajerosArribadosPartidosxAeropuerto2020-2026,MovimientosxAeropuerto2020-2026
Colombia,MDE,SKRG,Jose Maria Córdova International Airport,2020,11,2020-11,120833,114229,26018,15046,235062,41064,146851,129275,276126,1597,1524,338,380,3121,718,1935,1904,3839,disponible,disponible,PasajerosArribadosPartidosxAeropuerto2020-2026,MovimientosxAeropuerto2020-2026
Colombia,MTR,SKMR,Los Garzones Airport,2020,11,2020-11,22738,19892,222,147,42630,369,22960,20039,42999,488,492,0,0,980,0,488,492,980,disponible,disponible,PasajerosArribadosPartidosxAeropuerto2020-2026,MovimientosxAeropuerto2020-2026
Colombia,MVP,SKMU,Fabio Alberto Leon Bentley Airport,2020,11,2020-11,1538,1664,5,5,3202,10,1543,1669,3212,679,670,0,0,1349,0,679,670,1349,disponible,disponible,PasajerosArribadosPartidosxAeropuerto2020-2026,MovimientosxAeropuerto2020-2026
Colombia,MZL,SKMZ,La Nubia Airport,2020,11,2020-11,2880,2829,0,0,5709,0,2880,2829,5709,122,124,0,0,246,0,122,124,246,disponible,disponible,PasajerosArribadosPartidosxAeropuerto2020-2026,MovimientosxAeropuerto2020-2026
Colombia,NQU,SKNQ,Reyes Murillo Airport,2020,11,2020-11,1277,1254,0,0,2531,0,1277,1254,2531,184,184,0,0,368,0,184,184,368,disponible,disponible,PasajerosArribadosPartidosxAeropuerto2020-2026,MovimientosxAeropuerto2020-2026
Colombia,NVA,SKNV,Benito Salas Airport,2020,11,2020-11,2390,2469,0,0,4859,0,2390,2469,4859,315,311,0,0,626,0,315,311,626,disponible,disponible,PasajerosArribadosPartidosxAeropuerto2020-2026,MovimientosxAeropuerto2020-2026
Colombia,PCR,SKPC,German Olano Airport,2020,11,2020-11,950,1174,0,0,2124,0,950,1174,2124,102,94,0,0,196,0,102,94,196,disponible,disponible,PasajerosArribadosPartidosxAeropuerto2020-2026,MovimientosxAeropuerto2020-2026
Colombia,PDA,SKPD,Obando Cesar Gaviria Trujillo Airport,2020,11,2020-11,,,,,,,,,,147,152,0,0,299,0,147,152,299,sin_dato,disponible,PasajerosArribadosPartidosxAeropuerto2020-2026,MovimientosxAeropuerto2020-2026
Colombia,PEI,SKPE,Matecaña International Airport,2020,11,2020-11,25745,26303,3833,1270,52048,5103,29578,27573,57151,490,490,13,13,980,26,503,503,1006,disponible,disponible,PasajerosArribadosPartidosxAeropuerto2020-2026,MovimientosxAeropuerto2020-2026
Colombia,PPN,SKPP,Guillermo León Valencia Airport,2020,11,2020-11,934,927,0,0,1861,0,934,927,1861,230,240,0,0,470,0,230,240,470,disponible,disponible,PasajerosArribadosPartidosxAeropuerto2020-2026,MovimientosxAeropuerto2020-2026
Colombia,PSO,SKPS,Antonio Nariño Airport,2020,11,2020-11,5125,4967,25,33,10092,58,5150,5000,10150,124,131,0,0,255,0,124,131,255,disponible,disponible,PasajerosArribadosPartidosxAeropuerto2020-2026,MovimientosxAeropuerto2020-2026
Colombia,PUU,SKAS,Tres De Mayo Airport,2020,11,2020-11,1744,1873,0,0,3617,0,1744,1873,3617,96,94,0,0,190,0,96,94,190,disponible,disponible,PasajerosArribadosPartidosxAeropuerto2020-2026,MovimientosxAeropuerto2020-2026
Colombia,PVA,SKPV,El Embrujo Airport,2020,11,2020-11,157,100,0,0,257,0,157,100,257,200,190,0,0,390,0,200,190,390,disponible,disponible,PasajerosArribadosPartidosxAeropuerto2020-2026,MovimientosxAeropuerto2020-2026
Colombia,RCH,SKRH,Almirante Padilla Airport,2020,11,2020-11,3118,627,105,109,3745,214,3223,736,3959,67,76,0,0,143,0,67,76,143,disponible,disponible,PasajerosArribadosPartidosxAeropuerto2020-2026,MovimientosxAeropuerto2020-2026
Colombia,RVE,SKSA,Los Colonizadores Airport,2020,11,2020-11,667,709,0,0,1376,0,667,709,1376,144,145,0,0,289,0,144,145,289,disponible,disponible,PasajerosArribadosPartidosxAeropuerto2020-2026,MovimientosxAeropuerto2020-2026
Colombia,SJE,SKSJ,Jorge E. Gonzalez Torres Airport,2020,11,2020-11,762,744,0,0,1506,0,762,744,1506,338,340,0,0,678,0,338,340,678,disponible,disponible,PasajerosArribadosPartidosxAeropuerto2020-2026,MovimientosxAeropuerto2020-2026
Colombia,SMR,SKSM,Simón Bolívar International Airport,2020,11,2020-11,30022,44264,202,148,74286,350,30224,44412,74636,462,460,5,4,922,9,467,464,931,disponible,disponible,PasajerosArribadosPartidosxAeropuerto2020-2026,MovimientosxAeropuerto2020-2026
Colombia,SVI,SKSV,Eduardo Falla Solano Airport,2020,11,2020-11,24,18,0,0,42,0,24,18,42,13,9,0,0,22,0,13,9,22,disponible,disponible,PasajerosArribadosPartidosxAeropuerto2020-2026,MovimientosxAeropuerto2020-2026
Colombia,TCD,SKRA,Tarapacá Airport,2020,11,2020-11,,,,,,,,,,14,3,0,0,17,0,14,3,17,sin_dato,disponible,PasajerosArribadosPartidosxAeropuerto2020-2026,MovimientosxAeropuerto2020-2026
Colombia,TCO,SKCO,La Florida Airport,2020,11,2020-11,1260,2296,0,0,3556,0,1260,2296,3556,430,428,0,0,858,0,430,428,858,disponible,disponible,PasajerosArribadosPartidosxAeropuerto2020-2026,MovimientosxAeropuerto2020-2026
Colombia,TLU,SKTL,Golfo de Morrosquillo Airport,2020,11,2020-11,335,303,0,0,638,0,335,303,638,41,37,0,1,78,1,41,38,79,disponible,disponible,PasajerosArribadosPartidosxAeropuerto2020-2026,MovimientosxAeropuerto2020-2026
Colombia,TME,SKTM,Gustavo Vargas Airport,2020,11,2020-11,291,283,0,0,574,0,291,283,574,88,84,0,0,172,0,88,84,172,disponible,disponible,PasajerosArribadosPartidosxAeropuerto2020-2026,MovimientosxAeropuerto2020-2026
Colombia,UIB,SKUI,El Caraño Airport,2020,11,2020-11,9621,9609,0,0,19230,0,9621,9609,19230,730,724,0,0,1454,0,730,724,1454,disponible,disponible,PasajerosArribadosPartidosxAeropuerto2020-2026,MovimientosxAeropuerto2020-2026
Colombia,VUP,SKVP,Alfonso López Pumarejo Airport,2020,11,2020-11,5885,1513,42,50,7398,92,5927,1563,7490,125,119,0,0,244,0,125,119,244,disponible,disponible,PasajerosArribadosPartidosxAeropuerto2020-2026,MovimientosxAeropuerto2020-2026
Colombia,VVC,SKVV,Vanguardia Airport,2020,11,2020-11,2572,2681,0,0,5253,0,2572,2681,5253,2175,2163,0,0,4338,0,2175,2163,4338,disponible,disponible,PasajerosArribadosPartidosxAeropuerto2020-2026,MovimientosxAeropuerto2020-2026
Colombia,ADZ,SKSP,Gustavo Rojas Pinilla International Airport,2020,12,2020-12,35708,42341,234,85,78049,319,35942,42426,78368,729,734,8,10,1463,18,737,744,1481,disponible,disponible,PasajerosArribadosPartidosxAeropuerto2020-2026,MovimientosxAeropuerto2020-2026
Colombia,APO,SKLC,Antonio Roldán Betancur Airport,2020,12,2020-12,7729,7241,0,0,14970,0,7729,7241,14970,673,674,2,0,1347,2,675,674,1349,disponible,disponible,PasajerosArribadosPartidosxAeropuerto2020-2026,MovimientosxAeropuerto2020-2026
Colombia,AUC,SKUC,Santiago Perez Airport,2020,12,2020-12,2592,2512,2,3,5104,5,2594,2515,5109,278,256,0,0,534,0,278,256,534,disponible,disponible,PasajerosArribadosPartidosxAeropuerto2020-2026,MovimientosxAeropuerto2020-2026
Colombia,AXM,SKAR,El Eden Airport,2020,12,2020-12,3409,6024,2544,2076,9433,4620,5953,8100,14053,178,182,14,14,360,28,192,196,388,disponible,disponible,PasajerosArribadosPartidosxAeropuerto2020-2026,MovimientosxAeropuerto2020-2026
Colombia,BAQ,SKBQ,Ernesto Cortissoz International Airport,2020,12,2020-12,72064,52974,11322,10001,125038,21323,83386,62975,146361,1482,1479,144,156,2961,300,1626,1635,3261,disponible,disponible,PasajerosArribadosPartidosxAeropuerto2020-2026,MovimientosxAeropuerto2020-2026
Colombia,BGA,SKBG,Palonegro Airport,2020,12,2020-12,35146,32670,3068,2513,67816,5581,38214,35183,73397,846,841,26,26,1687,52,872,867,1739,disponible,disponible,PasajerosArribadosPartidosxAeropuerto2020-2026,MovimientosxAeropuerto2020-2026
Colombia,BOG,SKBO,El Dorado International Airport,2020,12,2020-12,370879,446054,107459,111961,816933,219420,478338,558015,1036353,6515,6571,2247,2182,13086,4429,8762,8753,17515,disponible,disponible,PasajerosArribadosPartidosxAeropuerto2020-2026,MovimientosxAeropuerto2020-2026
Colombia,BSC,SKBS,José Celestino Mutis Airport,2020,12,2020-12,3789,2540,0,0,6329,0,3789,2540,6329,418,418,0,0,836,0,418,418,836,disponible,disponible,PasajerosArribadosPartidosxAeropuerto2020-2026,MovimientosxAeropuerto2020-2026
Colombia,BUN,SKBU,Gerardo Tobar López Airport,2020,12,2020-12,384,370,0,0,754,0,384,370,754,38,38,0,0,76,0,38,38,76,disponible,disponible,PasajerosArribadosPartidosxAeropuerto2020-2026,MovimientosxAeropuerto2020-2026
Colombia,CLO,SKCL,Alfonso Bonilla Aragon International Airport,2020,12,2020-12,101542,123006,23801,19569,224548,43370,125343,142575,267918,2134,2155,213,204,4289,417,2347,2359,4706,disponible,disponible,PasajerosArribadosPartidosxAeropuerto2020-2026,MovimientosxAeropuerto2020-2026
Colombia,CTG,SKCG,Rafael Nuñez International Airport,2020,12,2020-12,97745,65546,15324,12905,163291,28229,113069,78451,191520,1101,1070,144,166,2171,310,1245,1236,2481,disponible,disponible,PasajerosArribadosPartidosxAeropuerto2020-2026,MovimientosxAeropuerto2020-2026
Colombia,CUC,SKCC,Camilo Daza International Airport,2020,12,2020-12,25191,23298,2153,858,48489,3011,27344,24156,51500,516,504,1,2,1020,3,517,506,1023,disponible,disponible,PasajerosArribadosPartidosxAeropuerto2020-2026,MovimientosxAeropuerto2020-2026
Colombia,CZU,SKCZ,Las Brujas Airport,2020,12,2020-12,2109,1386,0,0,3495,0,2109,1386,3495,67,67,0,0,134,0,67,67,134,disponible,disponible,PasajerosArribadosPartidosxAeropuerto2020-2026,MovimientosxAeropuerto2020-2026
Colombia,EJA,SKEJ,Yariguíes Airport,2020,12,2020-12,1442,1351,0,0,2793,0,1442,1351,2793,321,336,0,0,657,0,321,336,657,disponible,disponible,PasajerosArribadosPartidosxAeropuerto2020-2026,MovimientosxAeropuerto2020-2026
Colombia,EOH,SKMD,Enrique Olaya Herrera Airport,2020,12,2020-12,34158,41264,23,8,75422,31,34181,41272,75453,2888,2876,3,3,5764,6,2891,2879,5770,disponible,disponible,PasajerosArribadosPartidosxAeropuerto2020-2026,MovimientosxAeropuerto2020-2026
Colombia,EYP,SKYP,El Alcaravan - Yopal Airport,2020,12,2020-12,4000,3945,0,0,7945,0,4000,3945,7945,521,525,0,0,1046,0,521,525,1046,disponible,disponible,PasajerosArribadosPartidosxAeropuerto2020-2026,MovimientosxAeropuerto2020-2026
Colombia,FLA,SKFL,Gustavo Artunduaga Paredes Airport,2020,12,2020-12,2737,2502,0,0,5239,0,2737,2502,5239,135,137,0,0,272,0,135,137,272,disponible,disponible,PasajerosArribadosPartidosxAeropuerto2020-2026,MovimientosxAeropuerto2020-2026
Colombia,GPI,SKGP,Guapi Airport,2020,12,2020-12,1521,1382,0,0,2903,0,1521,1382,2903,100,100,0,0,200,0,100,100,200,disponible,disponible,PasajerosArribadosPartidosxAeropuerto2020-2026,MovimientosxAeropuerto2020-2026
Colombia,IBE,SKIB,Perales Airport,2020,12,2020-12,952,899,0,0,1851,0,952,899,1851,134,129,0,0,263,0,134,129,263,disponible,disponible,PasajerosArribadosPartidosxAeropuerto2020-2026,MovimientosxAeropuerto2020-2026
Colombia,IPI,SKIP,San Luis Airport,2020,12,2020-12,1018,899,0,0,1917,0,1018,899,1917,29,29,0,0,58,0,29,29,58,disponible,disponible,PasajerosArribadosPartidosxAeropuerto2020-2026,MovimientosxAeropuerto2020-2026
Colombia,LCR,SKHZ,Virgilio Barco Vargas (La Chorrera) Airport,2020,12,2020-12,,,,,,,,,,18,10,0,0,28,0,18,10,28,sin_dato,disponible,PasajerosArribadosPartidosxAeropuerto2020-2026,MovimientosxAeropuerto2020-2026
Colombia,LET,SKLT,Alfredo Vásquez Cobo International Airport,2020,12,2020-12,6005,5494,4,6,11499,10,6009,5500,11509,174,201,1,1,375,2,175,202,377,disponible,disponible,PasajerosArribadosPartidosxAeropuerto2020-2026,MovimientosxAeropuerto2020-2026
Colombia,LMC,SKNA,La Macarena Airport,2020,12,2020-12,374,460,0,0,834,0,374,460,834,217,201,0,0,418,0,217,201,418,disponible,disponible,PasajerosArribadosPartidosxAeropuerto2020-2026,MovimientosxAeropuerto2020-2026
Colombia,LPD,SKLP,La Pedrera Airport,2020,12,2020-12,233,272,0,0,505,0,233,272,505,37,26,0,0,63,0,37,26,63,disponible,disponible,PasajerosArribadosPartidosxAeropuerto2020-2026,MovimientosxAeropuerto2020-2026
Colombia,LQM,SKLG,Caucaya Airport,2020,12,2020-12,526,570,0,0,1096,0,526,570,1096,36,36,0,0,72,0,36,36,72,disponible,disponible,PasajerosArribadosPartidosxAeropuerto2020-2026,MovimientosxAeropuerto2020-2026
Colombia,MDE,SKRG,Jose Maria Córdova International Airport,2020,12,2020-12,143003,110067,46740,36861,253070,83601,189743,146928,336671,1760,1706,418,452,3466,870,2178,2158,4336,disponible,disponible,PasajerosArribadosPartidosxAeropuerto2020-2026,MovimientosxAeropuerto2020-2026
Colombia,MTR,SKMR,Los Garzones Airport,2020,12,2020-12,28020,26985,272,171,55005,443,28292,27156,55448,554,545,0,1,1099,1,554,546,1100,disponible,disponible,PasajerosArribadosPartidosxAeropuerto2020-2026,MovimientosxAeropuerto2020-2026
Colombia,MVP,SKMU,Fabio Alberto Leon Bentley Airport,2020,12,2020-12,1943,1876,0,0,3819,0,1943,1876,3819,784,767,0,0,1551,0,784,767,1551,disponible,disponible,PasajerosArribadosPartidosxAeropuerto2020-2026,MovimientosxAeropuerto2020-2026
Colombia,MZL,SKMZ,La Nubia Airport,2020,12,2020-12,4488,2828,0,0,7316,0,4488,2828,7316,164,163,0,0,327,0,164,163,327,disponible,disponible,PasajerosArribadosPartidosxAeropuerto2020-2026,MovimientosxAeropuerto2020-2026
Colombia,NQU,SKNQ,Reyes Murillo Airport,2020,12,2020-12,2199,1445,0,0,3644,0,2199,1445,3644,246,247,0,0,493,0,246,247,493,disponible,disponible,PasajerosArribadosPartidosxAeropuerto2020-2026,MovimientosxAeropuerto2020-2026
Colombia,NVA,SKNV,Benito Salas Airport,2020,12,2020-12,3417,3334,0,0,6751,0,3417,3334,6751,350,355,0,0,705,0,350,355,705,disponible,disponible,PasajerosArribadosPartidosxAeropuerto2020-2026,MovimientosxAeropuerto2020-2026
Colombia,PCR,SKPC,German Olano Airport,2020,12,2020-12,1154,1474,0,0,2628,0,1154,1474,2628,132,133,0,0,265,0,132,133,265,disponible,disponible,PasajerosArribadosPartidosxAeropuerto2020-2026,MovimientosxAeropuerto2020-2026
Colombia,PDA,SKPD,Obando Cesar Gaviria Trujillo Airport,2020,12,2020-12,,,,,,,,,,187,186,0,0,373,0,187,186,373,sin_dato,disponible,PasajerosArribadosPartidosxAeropuerto2020-2026,MovimientosxAeropuerto2020-2026
Colombia,PEI,SKPE,Matecaña International Airport,2020,12,2020-12,35932,29976,7265,3680,65908,10945,43197,33656,76853,650,644,30,31,1294,61,680,675,1355,disponible,disponible,PasajerosArribadosPartidosxAeropuerto2020-2026,MovimientosxAeropuerto2020-2026
Colombia,PPN,SKPP,Guillermo León Valencia Airport,2020,12,2020-12,1658,1397,0,0,3055,0,1658,1397,3055,236,236,0,0,472,0,236,236,472,disponible,disponible,PasajerosArribadosPartidosxAeropuerto2020-2026,MovimientosxAeropuerto2020-2026
Colombia,PSO,SKPS,Antonio Nariño Airport,2020,12,2020-12,8296,6681,58,108,14977,166,8354,6789,15143,144,141,0,0,285,0,144,141,285,disponible,disponible,PasajerosArribadosPartidosxAeropuerto2020-2026,MovimientosxAeropuerto2020-2026
Colombia,PUU,SKAS,Tres De Mayo Airport,2020,12,2020-12,2040,2094,0,0,4134,0,2040,2094,4134,79,81,0,0,160,0,79,81,160,disponible,disponible,PasajerosArribadosPartidosxAeropuerto2020-2026,MovimientosxAeropuerto2020-2026
Colombia,PVA,SKPV,El Embrujo Airport,2020,12,2020-12,1013,673,0,0,1686,0,1013,673,1686,318,314,0,0,632,0,318,314,632,disponible,disponible,PasajerosArribadosPartidosxAeropuerto2020-2026,MovimientosxAeropuerto2020-2026
Colombia,RCH,SKRH,Almirante Padilla Airport,2020,12,2020-12,7134,5761,184,203,12895,387,7318,5964,13282,88,99,0,1,187,1,88,100,188,disponible,disponible,PasajerosArribadosPartidosxAeropuerto2020-2026,MovimientosxAeropuerto2020-2026
Colombia,RVE,SKSA,Los Colonizadores Airport,2020,12,2020-12,821,796,0,0,1617,0,821,796,1617,196,179,0,0,375,0,196,179,375,disponible,disponible,PasajerosArribadosPartidosxAeropuerto2020-2026,MovimientosxAeropuerto2020-2026
Colombia,SJE,SKSJ,Jorge E. Gonzalez Torres Airport,2020,12,2020-12,864,895,0,0,1759,0,864,895,1759,387,384,0,0,771,0,387,384,771,disponible,disponible,PasajerosArribadosPartidosxAeropuerto2020-2026,MovimientosxAeropuerto2020-2026
Colombia,SMR,SKSM,Simón Bolívar International Airport,2020,12,2020-12,62309,58115,452,229,120424,681,62761,58344,121105,638,648,4,3,1286,7,642,651,1293,disponible,disponible,PasajerosArribadosPartidosxAeropuerto2020-2026,MovimientosxAeropuerto2020-2026
Colombia,SVI,SKSV,Eduardo Falla Solano Airport,2020,12,2020-12,160,161,0,0,321,0,160,161,321,30,29,0,0,59,0,30,29,59,disponible,disponible,PasajerosArribadosPartidosxAeropuerto2020-2026,MovimientosxAeropuerto2020-2026
Colombia,TCD,SKRA,Tarapacá Airport,2020,12,2020-12,,,,,,,,,,23,7,0,0,30,0,23,7,30,sin_dato,disponible,PasajerosArribadosPartidosxAeropuerto2020-2026,MovimientosxAeropuerto2020-2026
Colombia,TCO,SKCO,La Florida Airport,2020,12,2020-12,2538,2372,0,0,4910,0,2538,2372,4910,380,386,0,0,766,0,380,386,766,disponible,disponible,PasajerosArribadosPartidosxAeropuerto2020-2026,MovimientosxAeropuerto2020-2026
Colombia,TLU,SKTL,Golfo de Morrosquillo Airport,2020,12,2020-12,545,454,0,0,999,0,545,454,999,54,52,0,0,106,0,54,52,106,disponible,disponible,PasajerosArribadosPartidosxAeropuerto2020-2026,MovimientosxAeropuerto2020-2026
Colombia,TME,SKTM,Gustavo Vargas Airport,2020,12,2020-12,353,340,0,0,693,0,353,340,693,89,86,0,0,175,0,89,86,175,disponible,disponible,PasajerosArribadosPartidosxAeropuerto2020-2026,MovimientosxAeropuerto2020-2026
Colombia,UIB,SKUI,El Caraño Airport,2020,12,2020-12,12832,11219,0,0,24051,0,12832,11219,24051,850,841,0,0,1691,0,850,841,1691,disponible,disponible,PasajerosArribadosPartidosxAeropuerto2020-2026,MovimientosxAeropuerto2020-2026
Colombia,VUP,SKVP,Alfonso López Pumarejo Airport,2020,12,2020-12,8692,7045,66,121,15737,187,8758,7166,15924,161,159,0,0,320,0,161,159,320,disponible,disponible,PasajerosArribadosPartidosxAeropuerto2020-2026,MovimientosxAeropuerto2020-2026
Colombia,VVC,SKVV,Vanguardia Airport,2020,12,2020-12,3834,3566,0,0,7400,0,3834,3566,7400,2406,2383,1,0,4789,1,2407,2383,4790,disponible,disponible,PasajerosArribadosPartidosxAeropuerto2020-2026,MovimientosxAeropuerto2020-2026
Colombia,ADZ,SKSP,Gustavo Rojas Pinilla International Airport,2021,1,2021-01,65240,65675,126,139,130915,265,65366,65814,131180,849,849,4,4,1698,8,853,853,1706,disponible,disponible,PasajerosArribadosPartidosxAeropuerto2020-2026,MovimientosxAeropuerto2020-2026
Colombia,APO,SKLC,Antonio Roldán Betancur Airport,2021,1,2021-01,4888,7893,0,0,12781,0,4888,7893,12781,743,737,0,0,1480,0,743,737,1480,disponible,disponible,PasajerosArribadosPartidosxAeropuerto2020-2026,MovimientosxAeropuerto2020-2026
Colombia,AUC,SKUC,Santiago Perez Airport,2021,1,2021-01,2584,2466,0,0,5050,0,2584,2466,5050,223,218,0,0,441,0,223,218,441,disponible,disponible,PasajerosArribadosPartidosxAeropuerto2020-2026,MovimientosxAeropuerto2020-2026
Colombia,AXM,SKAR,El Eden Airport,2021,1,2021-01,6141,7332,1972,1203,13473,3175,8113,8535,16648,199,197,13,13,396,26,212,210,422,disponible,disponible,PasajerosArribadosPartidosxAeropuerto2020-2026,MovimientosxAeropuerto2020-2026
Colombia,BAQ,SKBQ,Ernesto Cortissoz International Airport,2021,1,2021-01,53117,58096,8064,10953,111213,19017,61181,69049,130230,1444,1447,123,113,2891,236,1567,1560,3127,disponible,disponible,PasajerosArribadosPartidosxAeropuerto2020-2026,MovimientosxAeropuerto2020-2026
Colombia,BGA,SKBG,Palonegro Airport,2021,1,2021-01,18716,20888,2289,2992,39604,5281,21005,23880,44885,863,862,27,27,1725,54,890,889,1779,disponible,disponible,PasajerosArribadosPartidosxAeropuerto2020-2026,MovimientosxAeropuerto2020-2026
Colombia,BOG,SKBO,El Dorado International Airport,2021,1,2021-01,425215,377833,97780,117292,803048,215072,522995,495125,1018120,6982,7026,2409,2397,14008,4806,9391,9423,18814,disponible,disponible,PasajerosArribadosPartidosxAeropuerto2020-2026,MovimientosxAeropuerto2020-2026
Colombia,BSC,SKBS,José Celestino Mutis Airport,2021,1,2021-01,2390,3438,0,0,5828,0,2390,3438,5828,369,370,0,0,739,0,369,370,739,disponible,disponible,PasajerosArribadosPartidosxAeropuerto2020-2026,MovimientosxAeropuerto2020-2026
Colombia,BUN,SKBU,Gerardo Tobar López Airport,2021,1,2021-01,246,255,0,0,501,0,246,255,501,42,28,0,0,70,0,42,28,70,disponible,disponible,PasajerosArribadosPartidosxAeropuerto2020-2026,MovimientosxAeropuerto2020-2026
Colombia,CLO,SKCL,Alfonso Bonilla Aragon International Airport,2021,1,2021-01,119829,136758,19340,26569,256587,45909,139169,163327,302496,2269,2295,210,195,4564,405,2479,2490,4969,disponible,disponible,PasajerosArribadosPartidosxAeropuerto2020-2026,MovimientosxAeropuerto2020-2026
Colombia,CTG,SKCG,Rafael Nuñez International Airport,2021,1,2021-01,117065,109581,7702,17055,226646,24757,124767,126636,251403,1262,1253,142,173,2515,315,1404,1426,2830,disponible,disponible,PasajerosArribadosPartidosxAeropuerto2020-2026,MovimientosxAeropuerto2020-2026
Colombia,CUC,SKCC,Camilo Daza International Airport,2021,1,2021-01,20475,25964,1405,952,46439,2357,21880,26916,48796,511,511,1,1,1022,2,512,512,1024,disponible,disponible,PasajerosArribadosPartidosxAeropuerto2020-2026,MovimientosxAeropuerto2020-2026
Colombia,CZU,SKCZ,Las Brujas Airport,2021,1,2021-01,1590,2262,0,0,3852,0,1590,2262,3852,94,115,0,0,209,0,94,115,209,disponible,disponible,PasajerosArribadosPartidosxAeropuerto2020-2026,MovimientosxAeropuerto2020-2026
Colombia,EJA,SKEJ,Yariguíes Airport,2021,1,2021-01,1198,1416,0,0,2614,0,1198,1416,2614,319,320,0,0,639,0,319,320,639,disponible,disponible,PasajerosArribadosPartidosxAeropuerto2020-2026,MovimientosxAeropuerto2020-2026
Colombia,EOH,SKMD,Enrique Olaya Herrera Airport,2021,1,2021-01,39001,31080,19,16,70081,35,39020,31096,70116,2543,2535,2,2,5078,4,2545,2537,5082,disponible,disponible,PasajerosArribadosPartidosxAeropuerto2020-2026,MovimientosxAeropuerto2020-2026
Colombia,EYP,SKYP,El Alcaravan - Yopal Airport,2021,1,2021-01,1048,3534,0,0,4582,0,1048,3534,4582,443,444,0,0,887,0,443,444,887,disponible,disponible,PasajerosArribadosPartidosxAeropuerto2020-2026,MovimientosxAeropuerto2020-2026
Colombia,FLA,SKFL,Gustavo Artunduaga Paredes Airport,2021,1,2021-01,2314,2737,0,0,5051,0,2314,2737,5051,136,136,0,0,272,0,136,136,272,disponible,disponible,PasajerosArribadosPartidosxAeropuerto2020-2026,MovimientosxAeropuerto2020-2026
Colombia,GPI,SKGP,Guapi Airport,2021,1,2021-01,1326,1594,0,0,2920,0,1326,1594,2920,144,152,0,0,296,0,144,152,296,disponible,disponible,PasajerosArribadosPartidosxAeropuerto2020-2026,MovimientosxAeropuerto2020-2026
Colombia,IBE,SKIB,Perales Airport,2021,1,2021-01,996,1363,0,0,2359,0,996,1363,2359,159,157,0,0,316,0,159,157,316,disponible,disponible,PasajerosArribadosPartidosxAeropuerto2020-2026,MovimientosxAeropuerto2020-2026
Colombia,IPI,SKIP,San Luis Airport,2021,1,2021-01,900,858,0,0,1758,0,900,858,1758,32,32,0,0,64,0,32,32,64,disponible,disponible,PasajerosArribadosPartidosxAeropuerto2020-2026,MovimientosxAeropuerto2020-2026
Colombia,LCR,SKHZ,Virgilio Barco Vargas (La Chorrera) Airport,2021,1,2021-01,,,,,,,,,,19,12,0,0,31,0,19,12,31,sin_dato,disponible,PasajerosArribadosPartidosxAeropuerto2020-2026,MovimientosxAeropuerto2020-2026
Colombia,LET,SKLT,Alfredo Vásquez Cobo International Airport,2021,1,2021-01,4962,5291,2,3,10253,5,4964,5294,10258,197,207,11,5,404,16,208,212,420,disponible,disponible,PasajerosArribadosPartidosxAeropuerto2020-2026,MovimientosxAeropuerto2020-2026
Colombia,LMC,SKNA,La Macarena Airport,2021,1,2021-01,261,293,0,0,554,0,261,293,554,138,133,0,0,271,0,138,133,271,disponible,disponible,PasajerosArribadosPartidosxAeropuerto2020-2026,MovimientosxAeropuerto2020-2026
Colombia,LPD,SKLP,La Pedrera Airport,2021,1,2021-01,164,164,0,0,328,0,164,164,328,26,23,0,0,49,0,26,23,49,disponible,disponible,PasajerosArribadosPartidosxAeropuerto2020-2026,MovimientosxAeropuerto2020-2026
Colombia,LQM,SKLG,Caucaya Airport,2021,1,2021-01,566,556,0,0,1122,0,566,556,1122,50,47,0,0,97,0,50,47,97,disponible,disponible,PasajerosArribadosPartidosxAeropuerto2020-2026,MovimientosxAeropuerto2020-2026
Colombia,MDE,SKRG,Jose Maria Córdova International Airport,2021,1,2021-01,158276,136895,33834,35110,295171,68944,192110,172005,364115,1906,1880,455,482,3786,937,2361,2362,4723,disponible,disponible,PasajerosArribadosPartidosxAeropuerto2020-2026,MovimientosxAeropuerto2020-2026
Colombia,MTR,SKMR,Los Garzones Airport,2021,1,2021-01,32643,38975,181,216,71618,397,32824,39191,72015,592,585,0,0,1177,0,592,585,1177,disponible,disponible,PasajerosArribadosPartidosxAeropuerto2020-2026,MovimientosxAeropuerto2020-2026
Colombia,MVP,SKMU,Fabio Alberto Leon Bentley Airport,2021,1,2021-01,1197,972,0,0,2169,0,1197,972,2169,291,293,0,0,584,0,291,293,584,disponible,disponible,PasajerosArribadosPartidosxAeropuerto2020-2026,MovimientosxAeropuerto2020-2026
Colombia,MZL,SKMZ,La Nubia Airport,2021,1,2021-01,3301,4038,0,0,7339,0,3301,4038,7339,172,173,0,0,345,0,172,173,345,disponible,disponible,PasajerosArribadosPartidosxAeropuerto2020-2026,MovimientosxAeropuerto2020-2026
Colombia,NQU,SKNQ,Reyes Murillo Airport,2021,1,2021-01,1867,2825,0,0,4692,0,1867,2825,4692,253,251,0,0,504,0,253,251,504,disponible,disponible,PasajerosArribadosPartidosxAeropuerto2020-2026,MovimientosxAeropuerto2020-2026
Colombia,NVA,SKNV,Benito Salas Airport,2021,1,2021-01,2346,1175,0,0,3521,0,2346,1175,3521,279,292,0,0,571,0,279,292,571,disponible,disponible,PasajerosArribadosPartidosxAeropuerto2020-2026,MovimientosxAeropuerto2020-2026
Colombia,PCR,SKPC,German Olano Airport,2021,1,2021-01,1297,1381,0,0,2678,0,1297,1381,2678,101,97,0,0,198,0,101,97,198,disponible,disponible,PasajerosArribadosPartidosxAeropuerto2020-2026,MovimientosxAeropuerto2020-2026
Colombia,PDA,SKPD,Obando Cesar Gaviria Trujillo Airport,2021,1,2021-01,,,,,,,,,,148,149,0,0,297,0,148,149,297,sin_dato,disponible,PasajerosArribadosPartidosxAeropuerto2020-2026,MovimientosxAeropuerto2020-2026
Colombia,PEI,SKPE,Matecaña International Airport,2021,1,2021-01,34159,37209,4312,6427,71368,10739,38471,43636,82107,673,677,30,30,1350,60,703,707,1410,disponible,disponible,PasajerosArribadosPartidosxAeropuerto2020-2026,MovimientosxAeropuerto2020-2026
Colombia,PPN,SKPP,Guillermo León Valencia Airport,2021,1,2021-01,1216,1737,0,0,2953,0,1216,1737,2953,230,228,0,0,458,0,230,228,458,disponible,disponible,PasajerosArribadosPartidosxAeropuerto2020-2026,MovimientosxAeropuerto2020-2026
Colombia,PSO,SKPS,Antonio Nariño Airport,2021,1,2021-01,5297,7498,74,162,12795,236,5371,7660,13031,170,168,0,0,338,0,170,168,338,disponible,disponible,PasajerosArribadosPartidosxAeropuerto2020-2026,MovimientosxAeropuerto2020-2026
Colombia,PUU,SKAS,Tres De Mayo Airport,2021,1,2021-01,1972,2112,0,0,4084,0,1972,2112,4084,83,83,0,0,166,0,83,83,166,disponible,disponible,PasajerosArribadosPartidosxAeropuerto2020-2026,MovimientosxAeropuerto2020-2026
Colombia,PVA,SKPV,El Embrujo Airport,2021,1,2021-01,1399,448,0,0,1847,0,1399,448,1847,329,333,0,0,662,0,329,333,662,disponible,disponible,PasajerosArribadosPartidosxAeropuerto2020-2026,MovimientosxAeropuerto2020-2026
Colombia,RCH,SKRH,Almirante Padilla Airport,2021,1,2021-01,7804,7926,131,47,15730,178,7935,7973,15908,84,93,0,0,177,0,84,93,177,disponible,disponible,PasajerosArribadosPartidosxAeropuerto2020-2026,MovimientosxAeropuerto2020-2026
Colombia,RVE,SKSA,Los Colonizadores Airport,2021,1,2021-01,834,911,0,0,1745,0,834,911,1745,182,177,0,0,359,0,182,177,359,disponible,disponible,PasajerosArribadosPartidosxAeropuerto2020-2026,MovimientosxAeropuerto2020-2026
Colombia,SJE,SKSJ,Jorge E. Gonzalez Torres Airport,2021,1,2021-01,645,665,0,0,1310,0,645,665,1310,399,394,0,0,793,0,399,394,793,disponible,disponible,PasajerosArribadosPartidosxAeropuerto2020-2026,MovimientosxAeropuerto2020-2026
Colombia,SMR,SKSM,Simón Bolívar International Airport,2021,1,2021-01,58037,84577,274,317,142614,591,58311,84894,143205,696,692,4,5,1388,9,700,697,1397,disponible,disponible,PasajerosArribadosPartidosxAeropuerto2020-2026,MovimientosxAeropuerto2020-2026
Colombia,SVI,SKSV,Eduardo Falla Solano Airport,2021,1,2021-01,183,276,0,0,459,0,183,276,459,27,26,0,0,53,0,27,26,53,disponible,disponible,PasajerosArribadosPartidosxAeropuerto2020-2026,MovimientosxAeropuerto2020-2026
Colombia,TCD,SKRA,Tarapacá Airport,2021,1,2021-01,,,,,,,,,,18,22,0,0,40,0,18,22,40,sin_dato,disponible,PasajerosArribadosPartidosxAeropuerto2020-2026,MovimientosxAeropuerto2020-2026
Colombia,TCO,SKCO,La Florida Airport,2021,1,2021-01,3599,3444,0,0,7043,0,3599,3444,7043,518,502,0,0,1020,0,518,502,1020,disponible,disponible,PasajerosArribadosPartidosxAeropuerto2020-2026,MovimientosxAeropuerto2020-2026
Colombia,TLU,SKTL,Golfo de Morrosquillo Airport,2021,1,2021-01,526,622,0,0,1148,0,526,622,1148,57,59,0,0,116,0,57,59,116,disponible,disponible,PasajerosArribadosPartidosxAeropuerto2020-2026,MovimientosxAeropuerto2020-2026
Colombia,TME,SKTM,Gustavo Vargas Airport,2021,1,2021-01,255,295,0,0,550,0,255,295,550,53,54,0,0,107,0,53,54,107,disponible,disponible,PasajerosArribadosPartidosxAeropuerto2020-2026,MovimientosxAeropuerto2020-2026
Colombia,UIB,SKUI,El Caraño Airport,2021,1,2021-01,10013,11676,0,0,21689,0,10013,11676,21689,776,773,0,0,1549,0,776,773,1549,disponible,disponible,PasajerosArribadosPartidosxAeropuerto2020-2026,MovimientosxAeropuerto2020-2026
Colombia,VUP,SKVP,Alfonso López Pumarejo Airport,2021,1,2021-01,7500,10456,92,114,17956,206,7592,10570,18162,210,210,2,0,420,2,212,210,422,disponible,disponible,PasajerosArribadosPartidosxAeropuerto2020-2026,MovimientosxAeropuerto2020-2026
Colombia,VVC,SKVV,Vanguardia Airport,2021,1,2021-01,2877,3366,0,0,6243,0,2877,3366,6243,1218,1207,0,0,2425,0,1218,1207,2425,disponible,disponible,PasajerosArribadosPartidosxAeropuerto2020-2026,MovimientosxAeropuerto2020-2026
Colombia,ADZ,SKSP,Gustavo Rojas Pinilla International Airport,2021,2,2021-02,58106,57575,188,252,115681,440,58294,57827,116121,677,672,2,7,1349,9,679,679,1358,disponible,disponible,PasajerosArribadosPartidosxAeropuerto2020-2026,MovimientosxAeropuerto2020-2026
Colombia,APO,SKLC,Antonio Roldán Betancur Airport,2021,2,2021-02,6600,7160,0,0,13760,0,6600,7160,13760,687,684,1,0,1371,1,688,684,1372,disponible,disponible,PasajerosArribadosPartidosxAeropuerto2020-2026,MovimientosxAeropuerto2020-2026
Colombia,AUC,SKUC,Santiago Perez Airport,2021,2,2021-02,3055,3075,0,0,6130,0,3055,3075,6130,252,248,0,0,500,0,252,248,500,disponible,disponible,PasajerosArribadosPartidosxAeropuerto2020-2026,MovimientosxAeropuerto2020-2026
Colombia,AXM,SKAR,El Eden Airport,2021,2,2021-02,4906,4558,1306,1189,9464,2495,6212,5747,11959,183,180,12,12,363,24,195,192,387,disponible,disponible,PasajerosArribadosPartidosxAeropuerto2020-2026,MovimientosxAeropuerto2020-2026
Colombia,BAQ,SKBQ,Ernesto Cortissoz International Airport,2021,2,2021-02,52169,49249,4067,6353,101418,10420,56236,55602,111838,1364,1367,106,99,2731,205,1470,1466,2936,disponible,disponible,PasajerosArribadosPartidosxAeropuerto2020-2026,MovimientosxAeropuerto2020-2026
Colombia,BGA,SKBG,Palonegro Airport,2021,2,2021-02,28720,17602,1281,1439,46322,2720,30001,19041,49042,775,772,24,24,1547,48,799,796,1595,disponible,disponible,PasajerosArribadosPartidosxAeropuerto2020-2026,MovimientosxAeropuerto2020-2026
Colombia,BOG,SKBO,El Dorado International Airport,2021,2,2021-02,364521,387447,65825,78336,751968,144161,430346,465783,896129,6369,6388,2022,1985,12757,4007,8391,8373,16764,disponible,disponible,PasajerosArribadosPartidosxAeropuerto2020-2026,MovimientosxAeropuerto2020-2026
Colombia,BSC,SKBS,José Celestino Mutis Airport,2021,2,2021-02,1799,2059,0,0,3858,0,1799,2059,3858,269,270,0,0,539,0,269,270,539,disponible,disponible,PasajerosArribadosPartidosxAeropuerto2020-2026,MovimientosxAeropuerto2020-2026
Colombia,BUN,SKBU,Gerardo Tobar López Airport,2021,2,2021-02,236,225,0,0,461,0,236,225,461,55,51,0,0,106,0,55,51,106,disponible,disponible,PasajerosArribadosPartidosxAeropuerto2020-2026,MovimientosxAeropuerto2020-2026
Colombia,CLO,SKCL,Alfonso Bonilla Aragon International Airport,2021,2,2021-02,105788,97971,14112,16526,203759,30638,119900,114497,234397,2063,2077,165,158,4140,323,2228,2235,4463,disponible,disponible,PasajerosArribadosPartidosxAeropuerto2020-2026,MovimientosxAeropuerto2020-2026
Colombia,CTG,SKCG,Rafael Nuñez International Airport,2021,2,2021-02,101815,107429,8484,8776,209244,17260,110299,116205,226504,1122,1126,123,139,2248,262,1245,1265,2510,disponible,disponible,PasajerosArribadosPartidosxAeropuerto2020-2026,MovimientosxAeropuerto2020-2026
Colombia,CUC,SKCC,Camilo Daza International Airport,2021,2,2021-02,21624,22725,1013,646,44349,1659,22637,23371,46008,424,428,2,0,852,2,426,428,854,disponible,disponible,PasajerosArribadosPartidosxAeropuerto2020-2026,MovimientosxAeropuerto2020-2026
Colombia,CZU,SKCZ,Las Brujas Airport,2021,2,2021-02,1241,1438,0,0,2679,0,1241,1438,2679,89,100,0,0,189,0,89,100,189,disponible,disponible,PasajerosArribadosPartidosxAeropuerto2020-2026,MovimientosxAeropuerto2020-2026
Colombia,EJA,SKEJ,Yariguíes Airport,2021,2,2021-02,1392,1480,0,0,2872,0,1392,1480,2872,257,260,0,0,517,0,257,260,517,disponible,disponible,PasajerosArribadosPartidosxAeropuerto2020-2026,MovimientosxAeropuerto2020-2026
Colombia,EOH,SKMD,Enrique Olaya Herrera Airport,2021,2,2021-02,32030,28762,8,5,60792,13,32038,28767,60805,2399,2391,2,2,4790,4,2401,2393,4794,disponible,disponible,PasajerosArribadosPartidosxAeropuerto2020-2026,MovimientosxAeropuerto2020-2026
Colombia,EYP,SKYP,El Alcaravan - Yopal Airport,2021,2,2021-02,4184,1499,0,0,5683,0,4184,1499,5683,618,620,0,0,1238,0,618,620,1238,disponible,disponible,PasajerosArribadosPartidosxAeropuerto2020-2026,MovimientosxAeropuerto2020-2026
Colombia,FLA,SKFL,Gustavo Artunduaga Paredes Airport,2021,2,2021-02,2290,2523,0,0,4813,0,2290,2523,4813,128,128,0,0,256,0,128,128,256,disponible,disponible,PasajerosArribadosPartidosxAeropuerto2020-2026,MovimientosxAeropuerto2020-2026
Colombia,GPI,SKGP,Guapi Airport,2021,2,2021-02,1285,1358,0,0,2643,0,1285,1358,2643,99,99,0,0,198,0,99,99,198,disponible,disponible,PasajerosArribadosPartidosxAeropuerto2020-2026,MovimientosxAeropuerto2020-2026
Colombia,IBE,SKIB,Perales Airport,2021,2,2021-02,1023,1177,0,0,2200,0,1023,1177,2200,267,257,0,0,524,0,267,257,524,disponible,disponible,PasajerosArribadosPartidosxAeropuerto2020-2026,MovimientosxAeropuerto2020-2026
Colombia,IPI,SKIP,San Luis Airport,2021,2,2021-02,855,890,0,0,1745,0,855,890,1745,35,35,0,0,70,0,35,35,70,disponible,disponible,PasajerosArribadosPartidosxAeropuerto2020-2026,MovimientosxAeropuerto2020-2026
Colombia,LCR,SKHZ,Virgilio Barco Vargas (La Chorrera) Airport,2021,2,2021-02,,,,,,,,,,8,5,0,0,13,0,8,5,13,sin_dato,disponible,PasajerosArribadosPartidosxAeropuerto2020-2026,MovimientosxAeropuerto2020-2026
Colombia,LET,SKLT,Alfredo Vásquez Cobo International Airport,2021,2,2021-02,1,9,0,0,10,0,1,9,10,195,208,4,3,403,7,199,211,410,disponible,disponible,PasajerosArribadosPartidosxAeropuerto2020-2026,MovimientosxAeropuerto2020-2026
Colombia,LMC,SKNA,La Macarena Airport,2021,2,2021-02,346,373,0,0,719,0,346,373,719,168,161,0,0,329,0,168,161,329,disponible,disponible,PasajerosArribadosPartidosxAeropuerto2020-2026,MovimientosxAeropuerto2020-2026
Colombia,LPD,SKLP,La Pedrera Airport,2021,2,2021-02,66,135,0,0,201,0,66,135,201,20,16,0,0,36,0,20,16,36,disponible,disponible,PasajerosArribadosPartidosxAeropuerto2020-2026,MovimientosxAeropuerto2020-2026
Colombia,LQM,SKLG,Caucaya Airport,2021,2,2021-02,491,461,0,0,952,0,491,461,952,47,43,0,0,90,0,47,43,90,disponible,disponible,PasajerosArribadosPartidosxAeropuerto2020-2026,MovimientosxAeropuerto2020-2026
Colombia,MDE,SKRG,Jose Maria Córdova International Airport,2021,2,2021-02,153934,155978,24527,26829,309912,51356,178461,182807,361268,1820,1777,371,400,3597,771,2191,2177,4368,disponible,disponible,PasajerosArribadosPartidosxAeropuerto2020-2026,MovimientosxAeropuerto2020-2026
Colombia,MTR,SKMR,Los Garzones Airport,2021,2,2021-02,29901,33235,84,128,63136,212,29985,33363,63348,584,595,0,0,1179,0,584,595,1179,disponible,disponible,PasajerosArribadosPartidosxAeropuerto2020-2026,MovimientosxAeropuerto2020-2026
Colombia,MVP,SKMU,Fabio Alberto Leon Bentley Airport,2021,2,2021-02,1261,1380,0,0,2641,0,1261,1380,2641,450,447,0,0,897,0,450,447,897,disponible,disponible,PasajerosArribadosPartidosxAeropuerto2020-2026,MovimientosxAeropuerto2020-2026
Colombia,MZL,SKMZ,La Nubia Airport,2021,2,2021-02,2850,3130,0,0,5980,0,2850,3130,5980,134,132,0,0,266,0,134,132,266,disponible,disponible,PasajerosArribadosPartidosxAeropuerto2020-2026,MovimientosxAeropuerto2020-2026
Colombia,NQU,SKNQ,Reyes Murillo Airport,2021,2,2021-02,1005,1197,0,0,2202,0,1005,1197,2202,147,147,0,0,294,0,147,147,294,disponible,disponible,PasajerosArribadosPartidosxAeropuerto2020-2026,MovimientosxAeropuerto2020-2026
Colombia,NVA,SKNV,Benito Salas Airport,2021,2,2021-02,1184,3241,0,0,4425,0,1184,3241,4425,306,309,0,0,615,0,306,309,615,disponible,disponible,PasajerosArribadosPartidosxAeropuerto2020-2026,MovimientosxAeropuerto2020-2026
Colombia,PCR,SKPC,German Olano Airport,2021,2,2021-02,1384,1395,0,0,2779,0,1384,1395,2779,132,131,0,0,263,0,132,131,263,disponible,disponible,PasajerosArribadosPartidosxAeropuerto2020-2026,MovimientosxAeropuerto2020-2026
Colombia,PDA,SKPD,Obando Cesar Gaviria Trujillo Airport,2021,2,2021-02,,,,,,,,,,157,153,0,0,310,0,157,153,310,sin_dato,disponible,PasajerosArribadosPartidosxAeropuerto2020-2026,MovimientosxAeropuerto2020-2026
Colombia,PEI,SKPE,Matecaña International Airport,2021,2,2021-02,37300,26681,3440,4293,63981,7733,40740,30974,71714,604,604,25,26,1208,51,629,630,1259,disponible,disponible,PasajerosArribadosPartidosxAeropuerto2020-2026,MovimientosxAeropuerto2020-2026
Colombia,PPN,SKPP,Guillermo León Valencia Airport,2021,2,2021-02,1570,1601,0,0,3171,0,1570,1601,3171,189,195,0,0,384,0,189,195,384,disponible,disponible,PasajerosArribadosPartidosxAeropuerto2020-2026,MovimientosxAeropuerto2020-2026
Colombia,PSO,SKPS,Antonio Nariño Airport,2021,2,2021-02,7498,6447,27,54,13945,81,7525,6501,14026,202,195,0,0,397,0,202,195,397,disponible,disponible,PasajerosArribadosPartidosxAeropuerto2020-2026,MovimientosxAeropuerto2020-2026
Colombia,PUU,SKAS,Tres De Mayo Airport,2021,2,2021-02,1219,2390,0,0,3609,0,1219,2390,3609,129,125,0,0,254,0,129,125,254,disponible,disponible,PasajerosArribadosPartidosxAeropuerto2020-2026,MovimientosxAeropuerto2020-2026
Colombia,PVA,SKPV,El Embrujo Airport,2021,2,2021-02,1733,1415,0,0,3148,0,1733,1415,3148,201,202,0,0,403,0,201,202,403,disponible,disponible,PasajerosArribadosPartidosxAeropuerto2020-2026,MovimientosxAeropuerto2020-2026
Colombia,RCH,SKRH,Almirante Padilla Airport,2021,2,2021-02,7231,7092,116,31,14323,147,7347,7123,14470,100,108,0,0,208,0,100,108,208,disponible,disponible,PasajerosArribadosPartidosxAeropuerto2020-2026,MovimientosxAeropuerto2020-2026
Colombia,RVE,SKSA,Los Colonizadores Airport,2021,2,2021-02,987,945,0,0,1932,0,987,945,1932,179,175,0,0,354,0,179,175,354,disponible,disponible,PasajerosArribadosPartidosxAeropuerto2020-2026,MovimientosxAeropuerto2020-2026
Colombia,SJE,SKSJ,Jorge E. Gonzalez Torres Airport,2021,2,2021-02,730,733,0,0,1463,0,730,733,1463,639,641,0,0,1280,0,639,641,1280,disponible,disponible,PasajerosArribadosPartidosxAeropuerto2020-2026,MovimientosxAeropuerto2020-2026
Colombia,SMR,SKSM,Simón Bolívar International Airport,2021,2,2021-02,73396,68688,153,193,142084,346,73549,68881,142430,683,685,3,3,1368,6,686,688,1374,disponible,disponible,PasajerosArribadosPartidosxAeropuerto2020-2026,MovimientosxAeropuerto2020-2026
Colombia,SVI,SKSV,Eduardo Falla Solano Airport,2021,2,2021-02,199,229,0,0,428,0,199,229,428,40,39,0,0,79,0,40,39,79,disponible,disponible,PasajerosArribadosPartidosxAeropuerto2020-2026,MovimientosxAeropuerto2020-2026
Colombia,TCD,SKRA,Tarapacá Airport,2021,2,2021-02,,,,,,,,,,15,9,0,0,24,0,15,9,24,sin_dato,disponible,PasajerosArribadosPartidosxAeropuerto2020-2026,MovimientosxAeropuerto2020-2026
Colombia,TCO,SKCO,La Florida Airport,2021,2,2021-02,3142,3551,0,0,6693,0,3142,3551,6693,522,519,0,2,1041,2,522,521,1043,disponible,disponible,PasajerosArribadosPartidosxAeropuerto2020-2026,MovimientosxAeropuerto2020-2026
Colombia,TLU,SKTL,Golfo de Morrosquillo Airport,2021,2,2021-02,581,564,0,0,1145,0,581,564,1145,66,62,1,0,128,1,67,62,129,disponible,disponible,PasajerosArribadosPartidosxAeropuerto2020-2026,MovimientosxAeropuerto2020-2026
Colombia,TME,SKTM,Gustavo Vargas Airport,2021,2,2021-02,264,264,0,0,528,0,264,264,528,79,76,0,0,155,0,79,76,155,disponible,disponible,PasajerosArribadosPartidosxAeropuerto2020-2026,MovimientosxAeropuerto2020-2026
Colombia,UIB,SKUI,El Caraño Airport,2021,2,2021-02,6289,9918,0,0,16207,0,6289,9918,16207,636,629,0,0,1265,0,636,629,1265,disponible,disponible,PasajerosArribadosPartidosxAeropuerto2020-2026,MovimientosxAeropuerto2020-2026
Colombia,VUP,SKVP,Alfonso López Pumarejo Airport,2021,2,2021-02,7382,8068,40,83,15450,123,7422,8151,15573,193,197,1,0,390,1,194,197,391,disponible,disponible,PasajerosArribadosPartidosxAeropuerto2020-2026,MovimientosxAeropuerto2020-2026
Colombia,VVC,SKVV,Vanguardia Airport,2021,2,2021-02,2832,3232,0,0,6064,0,2832,3232,6064,1254,1250,0,0,2504,0,1254,1250,2504,disponible,disponible,PasajerosArribadosPartidosxAeropuerto2020-2026,MovimientosxAeropuerto2020-2026
Colombia,ADZ,SKSP,Gustavo Rojas Pinilla International Airport,2021,3,2021-03,77762,75717,144,264,153479,408,77906,75981,153887,798,798,5,4,1596,9,803,802,1605,disponible,disponible,PasajerosArribadosPartidosxAeropuerto2020-2026,MovimientosxAeropuerto2020-2026
Colombia,APO,SKLC,Antonio Roldán Betancur Airport,2021,3,2021-03,5814,8521,0,0,14335,0,5814,8521,14335,800,774,0,1,1574,1,800,775,1575,disponible,disponible,PasajerosArribadosPartidosxAeropuerto2020-2026,MovimientosxAeropuerto2020-2026
Colombia,AUC,SKUC,Santiago Perez Airport,2021,3,2021-03,4419,4667,0,0,9086,0,4419,4667,9086,288,281,0,0,569,0,288,281,569,disponible,disponible,PasajerosArribadosPartidosxAeropuerto2020-2026,MovimientosxAeropuerto2020-2026
Colombia,AXM,SKAR,El Eden Airport,2021,3,2021-03,6826,5285,1379,1615,12111,2994,8205,6900,15105,198,195,13,13,393,26,211,208,419,disponible,disponible,PasajerosArribadosPartidosxAeropuerto2020-2026,MovimientosxAeropuerto2020-2026
Colombia,BAQ,SKBQ,Ernesto Cortissoz International Airport,2021,3,2021-03,70245,69037,6195,9298,139282,15493,76440,78335,154775,1526,1531,130,143,3057,273,1656,1674,3330,disponible,disponible,PasajerosArribadosPartidosxAeropuerto2020-2026,MovimientosxAeropuerto2020-2026
Colombia,BGA,SKBG,Palonegro Airport,2021,3,2021-03,39276,38938,1922,2601,78214,4523,41198,41539,82737,861,858,28,29,1719,57,889,887,1776,disponible,disponible,PasajerosArribadosPartidosxAeropuerto2020-2026,MovimientosxAeropuerto2020-2026
Colombia,BOG,SKBO,El Dorado International Airport,2021,3,2021-03,483991,501739,89223,100668,985730,189891,573214,602407,1175621,7133,7181,1775,1726,14314,3501,8908,8907,17815,disponible,disponible,PasajerosArribadosPartidosxAeropuerto2020-2026,MovimientosxAeropuerto2020-2026
Colombia,BSC,SKBS,José Celestino Mutis Airport,2021,3,2021-03,2847,2461,0,0,5308,0,2847,2461,5308,340,340,0,0,680,0,340,340,680,disponible,disponible,PasajerosArribadosPartidosxAeropuerto2020-2026,MovimientosxAeropuerto2020-2026
Colombia,BUN,SKBU,Gerardo Tobar López Airport,2021,3,2021-03,334,297,0,0,631,0,334,297,631,76,76,0,0,152,0,76,76,152,disponible,disponible,PasajerosArribadosPartidosxAeropuerto2020-2026,MovimientosxAeropuerto2020-2026
Colombia,CLO,SKCL,Alfonso Bonilla Aragon International Airport,2021,3,2021-03,156785,153199,20130,24119,309984,44249,176915,177318,354233,2342,2348,191,184,4690,375,2533,2532,5065,disponible,disponible,PasajerosArribadosPartidosxAeropuerto2020-2026,MovimientosxAeropuerto2020-2026
Colombia,CTG,SKCG,Rafael Nuñez International Airport,2021,3,2021-03,138208,132111,13741,12472,270319,26213,151949,144583,296532,1346,1339,147,171,2685,318,1493,1510,3003,disponible,disponible,PasajerosArribadosPartidosxAeropuerto2020-2026,MovimientosxAeropuerto2020-2026
Colombia,CUC,SKCC,Camilo Daza International Airport,2021,3,2021-03,27258,27952,1367,712,55210,2079,28625,28664,57289,492,497,0,0,989,0,492,497,989,disponible,disponible,PasajerosArribadosPartidosxAeropuerto2020-2026,MovimientosxAeropuerto2020-2026
Colombia,CZU,SKCZ,Las Brujas Airport,2021,3,2021-03,1668,1531,0,0,3199,0,1668,1531,3199,75,81,0,0,156,0,75,81,156,disponible,disponible,PasajerosArribadosPartidosxAeropuerto2020-2026,MovimientosxAeropuerto2020-2026
Colombia,EJA,SKEJ,Yariguíes Airport,2021,3,2021-03,1810,1912,0,0,3722,0,1810,1912,3722,360,352,0,0,712,0,360,352,712,disponible,disponible,PasajerosArribadosPartidosxAeropuerto2020-2026,MovimientosxAeropuerto2020-2026
Colombia,EOH,SKMD,Enrique Olaya Herrera Airport,2021,3,2021-03,41349,40126,21,26,81475,47,41370,40152,81522,2847,2854,0,1,5701,1,2847,2855,5702,disponible,disponible,PasajerosArribadosPartidosxAeropuerto2020-2026,MovimientosxAeropuerto2020-2026
Colombia,EYP,SKYP,El Alcaravan - Yopal Airport,2021,3,2021-03,5359,5665,0,0,11024,0,5359,5665,11024,678,669,0,0,1347,0,678,669,1347,disponible,disponible,PasajerosArribadosPartidosxAeropuerto2020-2026,MovimientosxAeropuerto2020-2026
Colombia,FLA,SKFL,Gustavo Artunduaga Paredes Airport,2021,3,2021-03,1855,3186,0,0,5041,0,1855,3186,5041,149,152,0,0,301,0,149,152,301,disponible,disponible,PasajerosArribadosPartidosxAeropuerto2020-2026,MovimientosxAeropuerto2020-2026
Colombia,GPI,SKGP,Guapi Airport,2021,3,2021-03,1693,1773,0,0,3466,0,1693,1773,3466,121,123,0,0,244,0,121,123,244,disponible,disponible,PasajerosArribadosPartidosxAeropuerto2020-2026,MovimientosxAeropuerto2020-2026
Colombia,IBE,SKIB,Perales Airport,2021,3,2021-03,1225,1472,0,0,2697,0,1225,1472,2697,230,236,0,0,466,0,230,236,466,disponible,disponible,PasajerosArribadosPartidosxAeropuerto2020-2026,MovimientosxAeropuerto2020-2026
Colombia,IPI,SKIP,San Luis Airport,2021,3,2021-03,1151,1100,0,0,2251,0,1151,1100,2251,38,38,0,0,76,0,38,38,76,disponible,disponible,PasajerosArribadosPartidosxAeropuerto2020-2026,MovimientosxAeropuerto2020-2026
Colombia,LCR,SKHZ,Virgilio Barco Vargas (La Chorrera) Airport,2021,3,2021-03,,,,,,,,,,10,7,0,0,17,0,10,7,17,sin_dato,disponible,PasajerosArribadosPartidosxAeropuerto2020-2026,MovimientosxAeropuerto2020-2026
Colombia,LET,SKLT,Alfredo Vásquez Cobo International Airport,2021,3,2021-03,3,2,0,0,5,0,3,2,5,190,203,6,2,393,8,196,205,401,disponible,disponible,PasajerosArribadosPartidosxAeropuerto2020-2026,MovimientosxAeropuerto2020-2026
Colombia,LMC,SKNA,La Macarena Airport,2021,3,2021-03,511,516,0,0,1027,0,511,516,1027,211,205,0,0,416,0,211,205,416,disponible,disponible,PasajerosArribadosPartidosxAeropuerto2020-2026,MovimientosxAeropuerto2020-2026
Colombia,LPD,SKLP,La Pedrera Airport,2021,3,2021-03,89,60,0,0,149,0,89,60,149,29,25,0,0,54,0,29,25,54,disponible,disponible,PasajerosArribadosPartidosxAeropuerto2020-2026,MovimientosxAeropuerto2020-2026
Colombia,LQM,SKLG,Caucaya Airport,2021,3,2021-03,619,618,0,0,1237,0,619,618,1237,49,42,0,0,91,0,49,42,91,disponible,disponible,PasajerosArribadosPartidosxAeropuerto2020-2026,MovimientosxAeropuerto2020-2026
Colombia,MDE,SKRG,Jose Maria Córdova International Airport,2021,3,2021-03,198031,200311,36890,38687,398342,75577,234921,238998,473919,2046,2013,440,481,4059,921,2486,2494,4980,disponible,disponible,PasajerosArribadosPartidosxAeropuerto2020-2026,MovimientosxAeropuerto2020-2026
Colombia,MTR,SKMR,Los Garzones Airport,2021,3,2021-03,38086,32278,126,121,70364,247,38212,32399,70611,575,574,0,0,1149,0,575,574,1149,disponible,disponible,PasajerosArribadosPartidosxAeropuerto2020-2026,MovimientosxAeropuerto2020-2026
Colombia,MVP,SKMU,Fabio Alberto Leon Bentley Airport,2021,3,2021-03,1564,1572,3,0,3136,3,1567,1572,3139,528,526,0,0,1054,0,528,526,1054,disponible,disponible,PasajerosArribadosPartidosxAeropuerto2020-2026,MovimientosxAeropuerto2020-2026
Colombia,MZL,SKMZ,La Nubia Airport,2021,3,2021-03,2480,2724,0,0,5204,0,2480,2724,5204,162,154,0,0,316,0,162,154,316,disponible,disponible,PasajerosArribadosPartidosxAeropuerto2020-2026,MovimientosxAeropuerto2020-2026
Colombia,NQU,SKNQ,Reyes Murillo Airport,2021,3,2021-03,1772,1355,0,0,3127,0,1772,1355,3127,202,202,0,0,404,0,202,202,404,disponible,disponible,PasajerosArribadosPartidosxAeropuerto2020-2026,MovimientosxAeropuerto2020-2026
Colombia,NVA,SKNV,Benito Salas Airport,2021,3,2021-03,4070,4453,0,0,8523,0,4070,4453,8523,312,319,0,0,631,0,312,319,631,disponible,disponible,PasajerosArribadosPartidosxAeropuerto2020-2026,MovimientosxAeropuerto2020-2026
Colombia,PCR,SKPC,German Olano Airport,2021,3,2021-03,1707,1791,0,0,3498,0,1707,1791,3498,118,121,0,0,239,0,118,121,239,disponible,disponible,PasajerosArribadosPartidosxAeropuerto2020-2026,MovimientosxAeropuerto2020-2026
Colombia,PDA,SKPD,Obando Cesar Gaviria Trujillo Airport,2021,3,2021-03,,,,,,,,,,170,172,0,0,342,0,170,172,342,sin_dato,disponible,PasajerosArribadosPartidosxAeropuerto2020-2026,MovimientosxAeropuerto2020-2026
Colombia,PEI,SKPE,Matecaña International Airport,2021,3,2021-03,49955,33509,2764,3224,83464,5988,52719,36733,89452,747,746,28,27,1493,55,775,773,1548,disponible,disponible,PasajerosArribadosPartidosxAeropuerto2020-2026,MovimientosxAeropuerto2020-2026
Colombia,PPN,SKPP,Guillermo León Valencia Airport,2021,3,2021-03,2241,2165,0,0,4406,0,2241,2165,4406,262,263,0,0,525,0,262,263,525,disponible,disponible,PasajerosArribadosPartidosxAeropuerto2020-2026,MovimientosxAeropuerto2020-2026
Colombia,PSO,SKPS,Antonio Nariño Airport,2021,3,2021-03,8214,9791,23,32,18005,55,8237,9823,18060,202,205,0,0,407,0,202,205,407,disponible,disponible,PasajerosArribadosPartidosxAeropuerto2020-2026,MovimientosxAeropuerto2020-2026
Colombia,PUU,SKAS,Tres De Mayo Airport,2021,3,2021-03,3326,3348,0,0,6674,0,3326,3348,6674,142,135,0,0,277,0,142,135,277,disponible,disponible,PasajerosArribadosPartidosxAeropuerto2020-2026,MovimientosxAeropuerto2020-2026
Colombia,PVA,SKPV,El Embrujo Airport,2021,3,2021-03,1029,859,0,0,1888,0,1029,859,1888,195,195,0,0,390,0,195,195,390,disponible,disponible,PasajerosArribadosPartidosxAeropuerto2020-2026,MovimientosxAeropuerto2020-2026
Colombia,RCH,SKRH,Almirante Padilla Airport,2021,3,2021-03,8444,7967,100,40,16411,140,8544,8007,16551,99,105,0,0,204,0,99,105,204,disponible,disponible,PasajerosArribadosPartidosxAeropuerto2020-2026,MovimientosxAeropuerto2020-2026
Colombia,RVE,SKSA,Los Colonizadores Airport,2021,3,2021-03,1082,1117,0,0,2199,0,1082,1117,2199,169,177,0,0,346,0,169,177,346,disponible,disponible,PasajerosArribadosPartidosxAeropuerto2020-2026,MovimientosxAeropuerto2020-2026
Colombia,SJE,SKSJ,Jorge E. Gonzalez Torres Airport,2021,3,2021-03,794,821,0,0,1615,0,794,821,1615,595,607,0,0,1202,0,595,607,1202,disponible,disponible,PasajerosArribadosPartidosxAeropuerto2020-2026,MovimientosxAeropuerto2020-2026
Colombia,SMR,SKSM,Simón Bolívar International Airport,2021,3,2021-03,72072,85578,180,203,157650,383,72252,85781,158033,814,815,7,7,1629,14,821,822,1643,disponible,disponible,PasajerosArribadosPartidosxAeropuerto2020-2026,MovimientosxAeropuerto2020-2026
Colombia,SVI,SKSV,Eduardo Falla Solano Airport,2021,3,2021-03,293,325,0,0,618,0,293,325,618,40,40,0,0,80,0,40,40,80,disponible,disponible,PasajerosArribadosPartidosxAeropuerto2020-2026,MovimientosxAeropuerto2020-2026
Colombia,TCD,SKRA,Tarapacá Airport,2021,3,2021-03,,,,,,,,,,19,16,0,0,35,0,19,16,35,sin_dato,disponible,PasajerosArribadosPartidosxAeropuerto2020-2026,MovimientosxAeropuerto2020-2026
Colombia,TCO,SKCO,La Florida Airport,2021,3,2021-03,3767,4063,0,0,7830,0,3767,4063,7830,591,586,1,1,1177,2,592,587,1179,disponible,disponible,PasajerosArribadosPartidosxAeropuerto2020-2026,MovimientosxAeropuerto2020-2026
Colombia,TLU,SKTL,Golfo de Morrosquillo Airport,2021,3,2021-03,739,627,0,0,1366,0,739,627,1366,62,58,0,0,120,0,62,58,120,disponible,disponible,PasajerosArribadosPartidosxAeropuerto2020-2026,MovimientosxAeropuerto2020-2026
Colombia,TME,SKTM,Gustavo Vargas Airport,2021,3,2021-03,339,361,0,0,700,0,339,361,700,79,77,0,0,156,0,79,77,156,disponible,disponible,PasajerosArribadosPartidosxAeropuerto2020-2026,MovimientosxAeropuerto2020-2026
Colombia,UIB,SKUI,El Caraño Airport,2021,3,2021-03,11584,12672,0,0,24256,0,11584,12672,24256,711,713,0,0,1424,0,711,713,1424,disponible,disponible,PasajerosArribadosPartidosxAeropuerto2020-2026,MovimientosxAeropuerto2020-2026
Colombia,VUP,SKVP,Alfonso López Pumarejo Airport,2021,3,2021-03,10476,7378,87,74,17854,161,10563,7452,18015,184,202,0,0,386,0,184,202,386,disponible,disponible,PasajerosArribadosPartidosxAeropuerto2020-2026,MovimientosxAeropuerto2020-2026
Colombia,VVC,SKVV,Vanguardia Airport,2021,3,2021-03,3386,3615,0,0,7001,0,3386,3615,7001,1318,1312,0,0,2630,0,1318,1312,2630,disponible,disponible,PasajerosArribadosPartidosxAeropuerto2020-2026,MovimientosxAeropuerto2020-2026
Colombia,ADZ,SKSP,Gustavo Rojas Pinilla International Airport,2021,4,2021-04,76255,81259,89,119,157514,208,76344,81378,157722,893,893,2,3,1786,5,895,896,1791,disponible,disponible,PasajerosArribadosPartidosxAeropuerto2020-2026,MovimientosxAeropuerto2020-2026
Colombia,APO,SKLC,Antonio Roldán Betancur Airport,2021,4,2021-04,4501,6472,0,0,10973,0,4501,6472,10973,700,691,0,4,1391,4,700,695,1395,disponible,disponible,PasajerosArribadosPartidosxAeropuerto2020-2026,MovimientosxAeropuerto2020-2026
Colombia,AUC,SKUC,Santiago Perez Airport,2021,4,2021-04,4538,4277,0,0,8815,0,4538,4277,8815,315,313,0,0,628,0,315,313,628,disponible,disponible,PasajerosArribadosPartidosxAeropuerto2020-2026,MovimientosxAeropuerto2020-2026
Colombia,AXM,SKAR,El Eden Airport,2021,4,2021-04,6588,3484,2049,2380,10072,4429,8637,5864,14501,188,189,13,13,377,26,201,202,403,disponible,disponible,PasajerosArribadosPartidosxAeropuerto2020-2026,MovimientosxAeropuerto2020-2026
Colombia,BAQ,SKBQ,Ernesto Cortissoz International Airport,2021,4,2021-04,43796,48356,7451,9950,92152,17401,51247,58306,109553,1364,1378,151,142,2742,293,1515,1520,3035,disponible,disponible,PasajerosArribadosPartidosxAeropuerto2020-2026,MovimientosxAeropuerto2020-2026
Colombia,BGA,SKBG,Palonegro Airport,2021,4,2021-04,28850,35905,2213,2483,64755,4696,31063,38388,69451,891,887,24,27,1778,51,915,914,1829,disponible,disponible,PasajerosArribadosPartidosxAeropuerto2020-2026,MovimientosxAeropuerto2020-2026
Colombia,BOG,SKBO,El Dorado International Airport,2021,4,2021-04,396103,336844,98176,101124,732947,199300,494279,437968,932247,6956,7010,2059,1999,13966,4058,9015,9009,18024,disponible,disponible,PasajerosArribadosPartidosxAeropuerto2020-2026,MovimientosxAeropuerto2020-2026
Colombia,BSC,SKBS,José Celestino Mutis Airport,2021,4,2021-04,2120,2294,0,0,4414,0,2120,2294,4414,300,302,0,0,602,0,300,302,602,disponible,disponible,PasajerosArribadosPartidosxAeropuerto2020-2026,MovimientosxAeropuerto2020-2026
Colombia,BUN,SKBU,Gerardo Tobar López Airport,2021,4,2021-04,233,235,0,0,468,0,233,235,468,57,57,0,0,114,0,57,57,114,disponible,disponible,PasajerosArribadosPartidosxAeropuerto2020-2026,MovimientosxAeropuerto2020-2026
Colombia,CLO,SKCL,Alfonso Bonilla Aragon International Airport,2021,4,2021-04,99536,118103,14917,16307,217639,31224,114453,134410,248863,2143,2155,202,186,4298,388,2345,2341,4686,disponible,disponible,PasajerosArribadosPartidosxAeropuerto2020-2026,MovimientosxAeropuerto2020-2026
Colombia,CTG,SKCG,Rafael Nuñez International Airport,2021,4,2021-04,113090,125124,15783,19192,238214,34975,128873,144316,273189,1372,1395,196,211,2767,407,1568,1606,3174,disponible,disponible,PasajerosArribadosPartidosxAeropuerto2020-2026,MovimientosxAeropuerto2020-2026
Colombia,CUC,SKCC,Camilo Daza International Airport,2021,4,2021-04,26985,26278,912,783,53263,1695,27897,27061,54958,562,558,1,1,1120,2,563,559,1122,disponible,disponible,PasajerosArribadosPartidosxAeropuerto2020-2026,MovimientosxAeropuerto2020-2026
Colombia,CZU,SKCZ,Las Brujas Airport,2021,4,2021-04,1320,1600,0,0,2920,0,1320,1600,2920,99,110,0,0,209,0,99,110,209,disponible,disponible,PasajerosArribadosPartidosxAeropuerto2020-2026,MovimientosxAeropuerto2020-2026
Colombia,EJA,SKEJ,Yariguíes Airport,2021,4,2021-04,1496,562,0,0,2058,0,1496,562,2058,332,334,0,0,666,0,332,334,666,disponible,disponible,PasajerosArribadosPartidosxAeropuerto2020-2026,MovimientosxAeropuerto2020-2026
Colombia,EOH,SKMD,Enrique Olaya Herrera Airport,2021,4,2021-04,28875,28300,0,5,57175,5,28875,28305,57180,2573,2578,0,1,5151,1,2573,2579,5152,disponible,disponible,PasajerosArribadosPartidosxAeropuerto2020-2026,MovimientosxAeropuerto2020-2026
Colombia,EYP,SKYP,El Alcaravan - Yopal Airport,2021,4,2021-04,1221,1361,0,0,2582,0,1221,1361,2582,649,635,0,0,1284,0,649,635,1284,disponible,disponible,PasajerosArribadosPartidosxAeropuerto2020-2026,MovimientosxAeropuerto2020-2026
Colombia,FLA,SKFL,Gustavo Artunduaga Paredes Airport,2021,4,2021-04,2661,2702,0,0,5363,0,2661,2702,5363,133,132,0,0,265,0,133,132,265,disponible,disponible,PasajerosArribadosPartidosxAeropuerto2020-2026,MovimientosxAeropuerto2020-2026
Colombia,GPI,SKGP,Guapi Airport,2021,4,2021-04,1558,179,0,0,1737,0,1558,179,1737,145,141,0,0,286,0,145,141,286,disponible,disponible,PasajerosArribadosPartidosxAeropuerto2020-2026,MovimientosxAeropuerto2020-2026
Colombia,IBE,SKIB,Perales Airport,2021,4,2021-04,1124,1233,0,0,2357,0,1124,1233,2357,219,219,0,0,438,0,219,219,438,disponible,disponible,PasajerosArribadosPartidosxAeropuerto2020-2026,MovimientosxAeropuerto2020-2026
Colombia,IPI,SKIP,San Luis Airport,2021,4,2021-04,963,988,0,0,1951,0,963,988,1951,37,37,0,0,74,0,37,37,74,disponible,disponible,PasajerosArribadosPartidosxAeropuerto2020-2026,MovimientosxAeropuerto2020-2026
Colombia,LCR,SKHZ,Virgilio Barco Vargas (La Chorrera) Airport,2021,4,2021-04,,,,,,,,,,12,8,0,0,20,0,12,8,20,sin_dato,disponible,PasajerosArribadosPartidosxAeropuerto2020-2026,MovimientosxAeropuerto2020-2026
Colombia,LET,SKLT,Alfredo Vásquez Cobo International Airport,2021,4,2021-04,187,216,0,0,403,0,187,216,403,104,106,1,3,210,4,105,109,214,disponible,disponible,PasajerosArribadosPartidosxAeropuerto2020-2026,MovimientosxAeropuerto2020-2026
Colombia,LMC,SKNA,La Macarena Airport,2021,4,2021-04,333,413,0,0,746,0,333,413,746,159,157,0,0,316,0,159,157,316,disponible,disponible,PasajerosArribadosPartidosxAeropuerto2020-2026,MovimientosxAeropuerto2020-2026
Colombia,LPD,SKLP,La Pedrera Airport,2021,4,2021-04,46,38,0,0,84,0,46,38,84,18,17,0,0,35,0,18,17,35,disponible,disponible,PasajerosArribadosPartidosxAeropuerto2020-2026,MovimientosxAeropuerto2020-2026
Colombia,LQM,SKLG,Caucaya Airport,2021,4,2021-04,656,574,0,0,1230,0,656,574,1230,37,33,0,0,70,0,37,33,70,disponible,disponible,PasajerosArribadosPartidosxAeropuerto2020-2026,MovimientosxAeropuerto2020-2026
Colombia,MDE,SKRG,Jose Maria Córdova International Airport,2021,4,2021-04,139885,124496,37089,43010,264381,80099,176974,167506,344480,2027,1976,499,532,4003,1031,2526,2508,5034,disponible,disponible,PasajerosArribadosPartidosxAeropuerto2020-2026,MovimientosxAeropuerto2020-2026
Colombia,MTR,SKMR,Los Garzones Airport,2021,4,2021-04,18661,32905,114,149,51566,263,18775,33054,51829,574,577,0,0,1151,0,574,577,1151,disponible,disponible,PasajerosArribadosPartidosxAeropuerto2020-2026,MovimientosxAeropuerto2020-2026
Colombia,MVP,SKMU,Fabio Alberto Leon Bentley Airport,2021,4,2021-04,1346,1231,0,0,2577,0,1346,1231,2577,454,448,0,0,902,0,454,448,902,disponible,disponible,PasajerosArribadosPartidosxAeropuerto2020-2026,MovimientosxAeropuerto2020-2026
Colombia,MZL,SKMZ,La Nubia Airport,2021,4,2021-04,3050,2261,0,0,5311,0,3050,2261,5311,153,153,0,0,306,0,153,153,306,disponible,disponible,PasajerosArribadosPartidosxAeropuerto2020-2026,MovimientosxAeropuerto2020-2026
Colombia,NQU,SKNQ,Reyes Murillo Airport,2021,4,2021-04,1172,1465,0,0,2637,0,1172,1465,2637,181,181,0,0,362,0,181,181,362,disponible,disponible,PasajerosArribadosPartidosxAeropuerto2020-2026,MovimientosxAeropuerto2020-2026
Colombia,NVA,SKNV,Benito Salas Airport,2021,4,2021-04,3602,3851,0,0,7453,0,3602,3851,7453,317,336,0,0,653,0,317,336,653,disponible,disponible,PasajerosArribadosPartidosxAeropuerto2020-2026,MovimientosxAeropuerto2020-2026
Colombia,PCR,SKPC,German Olano Airport,2021,4,2021-04,1275,1318,0,0,2593,0,1275,1318,2593,152,144,0,0,296,0,152,144,296,disponible,disponible,PasajerosArribadosPartidosxAeropuerto2020-2026,MovimientosxAeropuerto2020-2026
Colombia,PDA,SKPD,Obando Cesar Gaviria Trujillo Airport,2021,4,2021-04,,,,,,,,,,154,154,0,0,308,0,154,154,308,sin_dato,disponible,PasajerosArribadosPartidosxAeropuerto2020-2026,MovimientosxAeropuerto2020-2026
Colombia,PEI,SKPE,Matecaña International Airport,2021,4,2021-04,27377,36574,3790,4677,63951,8467,31167,41251,72418,689,686,26,29,1375,55,715,715,1430,disponible,disponible,PasajerosArribadosPartidosxAeropuerto2020-2026,MovimientosxAeropuerto2020-2026
Colombia,PPN,SKPP,Guillermo León Valencia Airport,2021,4,2021-04,1818,1925,0,0,3743,0,1818,1925,3743,290,292,0,0,582,0,290,292,582,disponible,disponible,PasajerosArribadosPartidosxAeropuerto2020-2026,MovimientosxAeropuerto2020-2026
Colombia,PSO,SKPS,Antonio Nariño Airport,2021,4,2021-04,9616,9880,41,36,19496,77,9657,9916,19573,189,188,0,0,377,0,189,188,377,disponible,disponible,PasajerosArribadosPartidosxAeropuerto2020-2026,MovimientosxAeropuerto2020-2026
Colombia,PUU,SKAS,Tres De Mayo Airport,2021,4,2021-04,3054,3045,0,0,6099,0,3054,3045,6099,146,138,0,0,284,0,146,138,284,disponible,disponible,PasajerosArribadosPartidosxAeropuerto2020-2026,MovimientosxAeropuerto2020-2026
Colombia,PVA,SKPV,El Embrujo Airport,2021,4,2021-04,1041,785,0,0,1826,0,1041,785,1826,194,193,0,0,387,0,194,193,387,disponible,disponible,PasajerosArribadosPartidosxAeropuerto2020-2026,MovimientosxAeropuerto2020-2026
Colombia,RCH,SKRH,Almirante Padilla Airport,2021,4,2021-04,6601,7198,56,23,13799,79,6657,7221,13878,94,107,0,1,201,1,94,108,202,disponible,disponible,PasajerosArribadosPartidosxAeropuerto2020-2026,MovimientosxAeropuerto2020-2026
Colombia,RVE,SKSA,Los Colonizadores Airport,2021,4,2021-04,986,993,0,0,1979,0,986,993,1979,198,194,0,0,392,0,198,194,392,disponible,disponible,PasajerosArribadosPartidosxAeropuerto2020-2026,MovimientosxAeropuerto2020-2026
Colombia,SJE,SKSJ,Jorge E. Gonzalez Torres Airport,2021,4,2021-04,795,849,0,0,1644,0,795,849,1644,561,555,0,0,1116,0,561,555,1116,disponible,disponible,PasajerosArribadosPartidosxAeropuerto2020-2026,MovimientosxAeropuerto2020-2026
Colombia,SMR,SKSM,Simón Bolívar International Airport,2021,4,2021-04,52335,62147,216,240,114482,456,52551,62387,114938,780,781,2,1,1561,3,782,782,1564,disponible,disponible,PasajerosArribadosPartidosxAeropuerto2020-2026,MovimientosxAeropuerto2020-2026
Colombia,SVI,SKSV,Eduardo Falla Solano Airport,2021,4,2021-04,261,300,0,0,561,0,261,300,561,39,36,0,0,75,0,39,36,75,disponible,disponible,PasajerosArribadosPartidosxAeropuerto2020-2026,MovimientosxAeropuerto2020-2026
Colombia,TCD,SKRA,Tarapacá Airport,2021,4,2021-04,,,,,,,,,,15,11,0,0,26,0,15,11,26,sin_dato,disponible,PasajerosArribadosPartidosxAeropuerto2020-2026,MovimientosxAeropuerto2020-2026
Colombia,TCO,SKCO,La Florida Airport,2021,4,2021-04,3313,3718,0,0,7031,0,3313,3718,7031,576,578,0,0,1154,0,576,578,1154,disponible,disponible,PasajerosArribadosPartidosxAeropuerto2020-2026,MovimientosxAeropuerto2020-2026
Colombia,TLU,SKTL,Golfo de Morrosquillo Airport,2021,4,2021-04,453,541,0,0,994,0,453,541,994,44,45,0,0,89,0,44,45,89,disponible,disponible,PasajerosArribadosPartidosxAeropuerto2020-2026,MovimientosxAeropuerto2020-2026
Colombia,TME,SKTM,Gustavo Vargas Airport,2021,4,2021-04,284,278,0,0,562,0,284,278,562,81,80,0,0,161,0,81,80,161,disponible,disponible,PasajerosArribadosPartidosxAeropuerto2020-2026,MovimientosxAeropuerto2020-2026
Colombia,UIB,SKUI,El Caraño Airport,2021,4,2021-04,9752,6205,0,0,15957,0,9752,6205,15957,630,628,0,0,1258,0,630,628,1258,disponible,disponible,PasajerosArribadosPartidosxAeropuerto2020-2026,MovimientosxAeropuerto2020-2026
Colombia,VUP,SKVP,Alfonso López Pumarejo Airport,2021,4,2021-04,7915,8540,17,36,16455,53,7932,8576,16508,160,155,0,0,315,0,160,155,315,disponible,disponible,PasajerosArribadosPartidosxAeropuerto2020-2026,MovimientosxAeropuerto2020-2026
Colombia,VVC,SKVV,Vanguardia Airport,2021,4,2021-04,3047,3408,0,0,6455,0,3047,3408,6455,1188,1185,0,0,2373,0,1188,1185,2373,disponible,disponible,PasajerosArribadosPartidosxAeropuerto2020-2026,MovimientosxAeropuerto2020-2026
Colombia,ADZ,SKSP,Gustavo Rojas Pinilla International Airport,2021,5,2021-05,61720,61832,108,160,123552,268,61828,61992,123820,870,873,8,8,1743,16,878,881,1759,disponible,disponible,PasajerosArribadosPartidosxAeropuerto2020-2026,MovimientosxAeropuerto2020-2026
Colombia,APO,SKLC,Antonio Roldán Betancur Airport,2021,5,2021-05,7430,5713,0,0,13143,0,7430,5713,13143,748,738,0,0,1486,0,748,738,1486,disponible,disponible,PasajerosArribadosPartidosxAeropuerto2020-2026,MovimientosxAeropuerto2020-2026
Colombia,AUC,SKUC,Santiago Perez Airport,2021,5,2021-05,4561,3731,0,0,8292,0,4561,3731,8292,298,298,0,0,596,0,298,298,596,disponible,disponible,PasajerosArribadosPartidosxAeropuerto2020-2026,MovimientosxAeropuerto2020-2026
Colombia,AXM,SKAR,El Eden Airport,2021,5,2021-05,7211,8062,980,2871,15273,3851,8191,10933,19124,243,248,16,16,491,32,259,264,523,disponible,disponible,PasajerosArribadosPartidosxAeropuerto2020-2026,MovimientosxAeropuerto2020-2026
Colombia,BAQ,SKBQ,Ernesto Cortissoz International Airport,2021,5,2021-05,46161,46288,9243,9050,92449,18293,55404,55338,110742,1415,1416,150,151,2831,301,1565,1567,3132,disponible,disponible,PasajerosArribadosPartidosxAeropuerto2020-2026,MovimientosxAeropuerto2020-2026
Colombia,BGA,SKBG,Palonegro Airport,2021,5,2021-05,38069,39422,2342,3149,77491,5491,40411,42571,82982,946,942,20,20,1888,40,966,962,1928,disponible,disponible,PasajerosArribadosPartidosxAeropuerto2020-2026,MovimientosxAeropuerto2020-2026
Colombia,BOG,SKBO,El Dorado International Airport,2021,5,2021-05,404456,382057,111909,122603,786513,234512,516365,504660,1021025,7561,7635,2094,2031,15196,4125,9655,9666,19321,disponible,disponible,PasajerosArribadosPartidosxAeropuerto2020-2026,MovimientosxAeropuerto2020-2026
Colombia,BSC,SKBS,José Celestino Mutis Airport,2021,5,2021-05,1967,1984,8,0,3951,8,1975,1984,3959,350,350,0,0,700,0,350,350,700,disponible,disponible,PasajerosArribadosPartidosxAeropuerto2020-2026,MovimientosxAeropuerto2020-2026
Colombia,BUN,SKBU,Gerardo Tobar López Airport,2021,5,2021-05,432,598,0,0,1030,0,432,598,1030,153,133,0,0,286,0,153,133,286,disponible,disponible,PasajerosArribadosPartidosxAeropuerto2020-2026,MovimientosxAeropuerto2020-2026
Colombia,CLO,SKCL,Alfonso Bonilla Aragon International Airport,2021,5,2021-05,81909,94011,14543,20808,175920,35351,96452,114819,211271,2603,2683,191,198,5286,389,2794,2881,5675,disponible,disponible,PasajerosArribadosPartidosxAeropuerto2020-2026,MovimientosxAeropuerto2020-2026
Colombia,CTG,SKCG,Rafael Nuñez International Airport,2021,5,2021-05,98516,96267,20971,24609,194783,45580,119487,120876,240363,1315,1321,200,223,2636,423,1515,1544,3059,disponible,disponible,PasajerosArribadosPartidosxAeropuerto2020-2026,MovimientosxAeropuerto2020-2026
Colombia,CUC,SKCC,Camilo Daza International Airport,2021,5,2021-05,29789,25213,1055,920,55002,1975,30844,26133,56977,574,569,0,0,1143,0,574,569,1143,disponible,disponible,PasajerosArribadosPartidosxAeropuerto2020-2026,MovimientosxAeropuerto2020-2026
Colombia,CZU,SKCZ,Las Brujas Airport,2021,5,2021-05,1209,1295,0,0,2504,0,1209,1295,2504,61,71,0,0,132,0,61,71,132,disponible,disponible,PasajerosArribadosPartidosxAeropuerto2020-2026,MovimientosxAeropuerto2020-2026
Colombia,EJA,SKEJ,Yariguíes Airport,2021,5,2021-05,1722,1705,0,0,3427,0,1722,1705,3427,423,429,0,0,852,0,423,429,852,disponible,disponible,PasajerosArribadosPartidosxAeropuerto2020-2026,MovimientosxAeropuerto2020-2026
Colombia,EOH,SKMD,Enrique Olaya Herrera Airport,2021,5,2021-05,31284,32195,0,0,63479,0,31284,32195,63479,2780,2764,2,1,5544,3,2782,2765,5547,disponible,disponible,PasajerosArribadosPartidosxAeropuerto2020-2026,MovimientosxAeropuerto2020-2026
Colombia,EYP,SKYP,El Alcaravan - Yopal Airport,2021,5,2021-05,4921,5431,0,0,10352,0,4921,5431,10352,577,569,0,0,1146,0,577,569,1146,disponible,disponible,PasajerosArribadosPartidosxAeropuerto2020-2026,MovimientosxAeropuerto2020-2026
Colombia,FLA,SKFL,Gustavo Artunduaga Paredes Airport,2021,5,2021-05,3398,4213,0,0,7611,0,3398,4213,7611,224,223,0,0,447,0,224,223,447,disponible,disponible,PasajerosArribadosPartidosxAeropuerto2020-2026,MovimientosxAeropuerto2020-2026
Colombia,GPI,SKGP,Guapi Airport,2021,5,2021-05,2029,727,0,0,2756,0,2029,727,2756,127,124,0,0,251,0,127,124,251,disponible,disponible,PasajerosArribadosPartidosxAeropuerto2020-2026,MovimientosxAeropuerto2020-2026
Colombia,IBE,SKIB,Perales Airport,2021,5,2021-05,787,2294,0,0,3081,0,787,2294,3081,305,302,0,0,607,0,305,302,607,disponible,disponible,PasajerosArribadosPartidosxAeropuerto2020-2026,MovimientosxAeropuerto2020-2026
Colombia,IPI,SKIP,San Luis Airport,2021,5,2021-05,1039,1166,0,0,2205,0,1039,1166,2205,48,48,0,0,96,0,48,48,96,disponible,disponible,PasajerosArribadosPartidosxAeropuerto2020-2026,MovimientosxAeropuerto2020-2026
Colombia,LCR,SKHZ,Virgilio Barco Vargas (La Chorrera) Airport,2021,5,2021-05,,,,,,,,,,16,16,0,0,32,0,16,16,32,sin_dato,disponible,PasajerosArribadosPartidosxAeropuerto2020-2026,MovimientosxAeropuerto2020-2026
Colombia,LET,SKLT,Alfredo Vásquez Cobo International Airport,2021,5,2021-05,2228,2227,0,0,4455,0,2228,2227,4455,133,149,8,7,282,15,141,156,297,disponible,disponible,PasajerosArribadosPartidosxAeropuerto2020-2026,MovimientosxAeropuerto2020-2026
Colombia,LMC,SKNA,La Macarena Airport,2021,5,2021-05,488,477,0,0,965,0,488,477,965,229,223,0,0,452,0,229,223,452,disponible,disponible,PasajerosArribadosPartidosxAeropuerto2020-2026,MovimientosxAeropuerto2020-2026
Colombia,LPD,SKLP,La Pedrera Airport,2021,5,2021-05,47,41,0,0,88,0,47,41,88,21,12,0,0,33,0,21,12,33,disponible,disponible,PasajerosArribadosPartidosxAeropuerto2020-2026,MovimientosxAeropuerto2020-2026
Colombia,LQM,SKLG,Caucaya Airport,2021,5,2021-05,545,476,0,0,1021,0,545,476,1021,32,32,0,0,64,0,32,32,64,disponible,disponible,PasajerosArribadosPartidosxAeropuerto2020-2026,MovimientosxAeropuerto2020-2026
Colombia,MDE,SKRG,Jose Maria Córdova International Airport,2021,5,2021-05,142688,139778,48950,42823,282466,91773,191638,182601,374239,1910,1877,537,573,3787,1110,2447,2450,4897,disponible,disponible,PasajerosArribadosPartidosxAeropuerto2020-2026,MovimientosxAeropuerto2020-2026
Colombia,MTR,SKMR,Los Garzones Airport,2021,5,2021-05,28109,32408,116,129,60517,245,28225,32537,60762,575,575,1,0,1150,1,576,575,1151,disponible,disponible,PasajerosArribadosPartidosxAeropuerto2020-2026,MovimientosxAeropuerto2020-2026
Colombia,MVP,SKMU,Fabio Alberto Leon Bentley Airport,2021,5,2021-05,1412,1383,2,3,2795,5,1414,1386,2800,485,484,0,0,969,0,485,484,969,disponible,disponible,PasajerosArribadosPartidosxAeropuerto2020-2026,MovimientosxAeropuerto2020-2026
Colombia,MZL,SKMZ,La Nubia Airport,2021,5,2021-05,4197,4490,0,0,8687,0,4197,4490,8687,308,298,0,0,606,0,308,298,606,disponible,disponible,PasajerosArribadosPartidosxAeropuerto2020-2026,MovimientosxAeropuerto2020-2026
Colombia,NQU,SKNQ,Reyes Murillo Airport,2021,5,2021-05,1057,1107,0,0,2164,0,1057,1107,2164,179,179,0,0,358,0,179,179,358,disponible,disponible,PasajerosArribadosPartidosxAeropuerto2020-2026,MovimientosxAeropuerto2020-2026
Colombia,NVA,SKNV,Benito Salas Airport,2021,5,2021-05,5559,1137,0,0,6696,0,5559,1137,6696,525,557,0,0,1082,0,525,557,1082,disponible,disponible,PasajerosArribadosPartidosxAeropuerto2020-2026,MovimientosxAeropuerto2020-2026
Colombia,PCR,SKPC,German Olano Airport,2021,5,2021-05,1399,1594,0,0,2993,0,1399,1594,2993,186,183,0,0,369,0,186,183,369,disponible,disponible,PasajerosArribadosPartidosxAeropuerto2020-2026,MovimientosxAeropuerto2020-2026
Colombia,PDA,SKPD,Obando Cesar Gaviria Trujillo Airport,2021,5,2021-05,,,,,,,,,,143,143,0,0,286,0,143,143,286,sin_dato,disponible,PasajerosArribadosPartidosxAeropuerto2020-2026,MovimientosxAeropuerto2020-2026
Colombia,PEI,SKPE,Matecaña International Airport,2021,5,2021-05,21334,47342,4820,6334,68676,11154,26154,53676,79830,969,972,40,41,1941,81,1009,1013,2022,disponible,disponible,PasajerosArribadosPartidosxAeropuerto2020-2026,MovimientosxAeropuerto2020-2026
Colombia,PPN,SKPP,Guillermo León Valencia Airport,2021,5,2021-05,2825,1951,0,0,4776,0,2825,1951,4776,556,562,0,0,1118,0,556,562,1118,disponible,disponible,PasajerosArribadosPartidosxAeropuerto2020-2026,MovimientosxAeropuerto2020-2026
Colombia,PSO,SKPS,Antonio Nariño Airport,2021,5,2021-05,6305,9805,29,50,16110,79,6334,9855,16189,245,240,0,0,485,0,245,240,485,disponible,disponible,PasajerosArribadosPartidosxAeropuerto2020-2026,MovimientosxAeropuerto2020-2026
Colombia,PUU,SKAS,Tres De Mayo Airport,2021,5,2021-05,1395,2996,0,0,4391,0,1395,2996,4391,142,134,0,0,276,0,142,134,276,disponible,disponible,PasajerosArribadosPartidosxAeropuerto2020-2026,MovimientosxAeropuerto2020-2026
Colombia,PVA,SKPV,El Embrujo Airport,2021,5,2021-05,969,879,0,0,1848,0,969,879,1848,163,161,0,0,324,0,163,161,324,disponible,disponible,PasajerosArribadosPartidosxAeropuerto2020-2026,MovimientosxAeropuerto2020-2026
Colombia,RCH,SKRH,Almirante Padilla Airport,2021,5,2021-05,6684,6668,67,8,13352,75,6751,6676,13427,79,93,0,0,172,0,79,93,172,disponible,disponible,PasajerosArribadosPartidosxAeropuerto2020-2026,MovimientosxAeropuerto2020-2026
Colombia,RVE,SKSA,Los Colonizadores Airport,2021,5,2021-05,1079,1163,0,0,2242,0,1079,1163,2242,183,168,0,0,351,0,183,168,351,disponible,disponible,PasajerosArribadosPartidosxAeropuerto2020-2026,MovimientosxAeropuerto2020-2026
Colombia,SJE,SKSJ,Jorge E. Gonzalez Torres Airport,2021,5,2021-05,1005,1156,0,0,2161,0,1005,1156,2161,557,567,0,0,1124,0,557,567,1124,disponible,disponible,PasajerosArribadosPartidosxAeropuerto2020-2026,MovimientosxAeropuerto2020-2026
Colombia,SMR,SKSM,Simón Bolívar International Airport,2021,5,2021-05,64910,49492,197,255,114402,452,65107,49747,114854,813,816,9,9,1629,18,822,825,1647,disponible,disponible,PasajerosArribadosPartidosxAeropuerto2020-2026,MovimientosxAeropuerto2020-2026
Colombia,SVI,SKSV,Eduardo Falla Solano Airport,2021,5,2021-05,369,407,0,0,776,0,369,407,776,41,41,0,0,82,0,41,41,82,disponible,disponible,PasajerosArribadosPartidosxAeropuerto2020-2026,MovimientosxAeropuerto2020-2026
Colombia,TCD,SKRA,Tarapacá Airport,2021,5,2021-05,,,,,,,,,,19,9,0,0,28,0,19,9,28,sin_dato,disponible,PasajerosArribadosPartidosxAeropuerto2020-2026,MovimientosxAeropuerto2020-2026
Colombia,TCO,SKCO,La Florida Airport,2021,5,2021-05,3863,4117,0,0,7980,0,3863,4117,7980,373,375,1,1,748,2,374,376,750,disponible,disponible,PasajerosArribadosPartidosxAeropuerto2020-2026,MovimientosxAeropuerto2020-2026
Colombia,TLU,SKTL,Golfo de Morrosquillo Airport,2021,5,2021-05,564,596,0,0,1160,0,564,596,1160,44,44,0,0,88,0,44,44,88,disponible,disponible,PasajerosArribadosPartidosxAeropuerto2020-2026,MovimientosxAeropuerto2020-2026
Colombia,TME,SKTM,Gustavo Vargas Airport,2021,5,2021-05,365,381,0,0,746,0,365,381,746,81,85,0,0,166,0,81,85,166,disponible,disponible,PasajerosArribadosPartidosxAeropuerto2020-2026,MovimientosxAeropuerto2020-2026
Colombia,UIB,SKUI,El Caraño Airport,2021,5,2021-05,9425,9841,0,0,19266,0,9425,9841,19266,651,643,0,0,1294,0,651,643,1294,disponible,disponible,PasajerosArribadosPartidosxAeropuerto2020-2026,MovimientosxAeropuerto2020-2026
Colombia,VUP,SKVP,Alfonso López Pumarejo Airport,2021,5,2021-05,7902,8248,18,68,16150,86,7920,8316,16236,160,159,0,0,319,0,160,159,319,disponible,disponible,PasajerosArribadosPartidosxAeropuerto2020-2026,MovimientosxAeropuerto2020-2026
Colombia,VVC,SKVV,Vanguardia Airport,2021,5,2021-05,4230,4442,0,0,8672,0,4230,4442,8672,1320,1301,0,0,2621,0,1320,1301,2621,disponible,disponible,PasajerosArribadosPartidosxAeropuerto2020-2026,MovimientosxAeropuerto2020-2026
Colombia,ADZ,SKSP,Gustavo Rojas Pinilla International Airport,2021,6,2021-06,95368,95939,167,116,191307,283,95535,96055,191590,960,965,7,7,1925,14,967,972,1939,disponible,disponible,PasajerosArribadosPartidosxAeropuerto2020-2026,MovimientosxAeropuerto2020-2026
Colombia,APO,SKLC,Antonio Roldán Betancur Airport,2021,6,2021-06,8871,4698,0,0,13569,0,8871,4698,13569,775,770,0,0,1545,0,775,770,1545,disponible,disponible,PasajerosArribadosPartidosxAeropuerto2020-2026,MovimientosxAeropuerto2020-2026
Colombia,AUC,SKUC,Santiago Perez Airport,2021,6,2021-06,6011,3908,0,0,9919,0,6011,3908,9919,304,307,0,0,611,0,304,307,611,disponible,disponible,PasajerosArribadosPartidosxAeropuerto2020-2026,MovimientosxAeropuerto2020-2026
Colombia,AXM,SKAR,El Eden Airport,2021,6,2021-06,10638,8880,2880,2991,19518,5871,13518,11871,25389,245,244,17,17,489,34,262,261,523,disponible,disponible,PasajerosArribadosPartidosxAeropuerto2020-2026,MovimientosxAeropuerto2020-2026
Colombia,BAQ,SKBQ,Ernesto Cortissoz International Airport,2021,6,2021-06,60809,75670,12454,14573,136479,27027,73263,90243,163506,1548,1554,167,169,3102,336,1715,1723,3438,disponible,disponible,PasajerosArribadosPartidosxAeropuerto2020-2026,MovimientosxAeropuerto2020-2026
Colombia,BGA,SKBG,Palonegro Airport,2021,6,2021-06,45902,50276,3467,5035,96178,8502,49369,55311,104680,996,999,22,25,1995,47,1018,1024,2042,disponible,disponible,PasajerosArribadosPartidosxAeropuerto2020-2026,MovimientosxAeropuerto2020-2026
Colombia,BOG,SKBO,El Dorado International Airport,2021,6,2021-06,518379,585606,149575,171141,1103985,320716,667954,756747,1424701,8178,8242,2267,2206,16420,4473,10445,10448,20893,disponible,disponible,PasajerosArribadosPartidosxAeropuerto2020-2026,MovimientosxAeropuerto2020-2026
Colombia,BSC,SKBS,José Celestino Mutis Airport,2021,6,2021-06,2378,2292,0,0,4670,0,2378,2292,4670,353,352,0,0,705,0,353,352,705,disponible,disponible,PasajerosArribadosPartidosxAeropuerto2020-2026,MovimientosxAeropuerto2020-2026
Colombia,BUN,SKBU,Gerardo Tobar López Airport,2021,6,2021-06,372,356,0,0,728,0,372,356,728,88,84,0,0,172,0,88,84,172,disponible,disponible,PasajerosArribadosPartidosxAeropuerto2020-2026,MovimientosxAeropuerto2020-2026
Colombia,CLO,SKCL,Alfonso Bonilla Aragon International Airport,2021,6,2021-06,161404,162535,26233,31453,323939,57686,187637,193988,381625,2592,2605,253,256,5197,509,2845,2861,5706,disponible,disponible,PasajerosArribadosPartidosxAeropuerto2020-2026,MovimientosxAeropuerto2020-2026
Colombia,CTG,SKCG,Rafael Nuñez International Airport,2021,6,2021-06,151967,153452,11687,16306,305419,27993,163654,169758,333412,1618,1627,205,226,3245,431,1823,1853,3676,disponible,disponible,PasajerosArribadosPartidosxAeropuerto2020-2026,MovimientosxAeropuerto2020-2026
Colombia,CUC,SKCC,Camilo Daza International Airport,2021,6,2021-06,37920,19102,1583,1650,57022,3233,39503,20752,60255,741,742,0,0,1483,0,741,742,1483,disponible,disponible,PasajerosArribadosPartidosxAeropuerto2020-2026,MovimientosxAeropuerto2020-2026
Colombia,CZU,SKCZ,Las Brujas Airport,2021,6,2021-06,1897,1738,0,0,3635,0,1897,1738,3635,66,75,0,0,141,0,66,75,141,disponible,disponible,PasajerosArribadosPartidosxAeropuerto2020-2026,MovimientosxAeropuerto2020-2026
Colombia,EJA,SKEJ,Yariguíes Airport,2021,6,2021-06,2011,1923,0,0,3934,0,2011,1923,3934,315,318,0,0,633,0,315,318,633,disponible,disponible,PasajerosArribadosPartidosxAeropuerto2020-2026,MovimientosxAeropuerto2020-2026
Colombia,EOH,SKMD,Enrique Olaya Herrera Airport,2021,6,2021-06,30137,41708,6,4,71845,10,30143,41712,71855,2728,2721,1,2,5449,3,2729,2723,5452,disponible,disponible,PasajerosArribadosPartidosxAeropuerto2020-2026,MovimientosxAeropuerto2020-2026
Colombia,EYP,SKYP,El Alcaravan - Yopal Airport,2021,6,2021-06,5547,5782,0,0,11329,0,5547,5782,11329,489,474,0,0,963,0,489,474,963,disponible,disponible,PasajerosArribadosPartidosxAeropuerto2020-2026,MovimientosxAeropuerto2020-2026
Colombia,FLA,SKFL,Gustavo Artunduaga Paredes Airport,2021,6,2021-06,3881,3963,0,0,7844,0,3881,3963,7844,180,179,0,0,359,0,180,179,359,disponible,disponible,PasajerosArribadosPartidosxAeropuerto2020-2026,MovimientosxAeropuerto2020-2026
Colombia,GPI,SKGP,Guapi Airport,2021,6,2021-06,2714,3015,0,0,5729,0,2714,3015,5729,163,163,0,0,326,0,163,163,326,disponible,disponible,PasajerosArribadosPartidosxAeropuerto2020-2026,MovimientosxAeropuerto2020-2026
Colombia,IBE,SKIB,Perales Airport,2021,6,2021-06,921,1071,0,0,1992,0,921,1071,1992,196,198,0,0,394,0,196,198,394,disponible,disponible,PasajerosArribadosPartidosxAeropuerto2020-2026,MovimientosxAeropuerto2020-2026
Colombia,IPI,SKIP,San Luis Airport,2021,6,2021-06,1180,1191,0,0,2371,0,1180,1191,2371,49,48,0,0,97,0,49,48,97,disponible,disponible,PasajerosArribadosPartidosxAeropuerto2020-2026,MovimientosxAeropuerto2020-2026
Colombia,LCR,SKHZ,Virgilio Barco Vargas (La Chorrera) Airport,2021,6,2021-06,,,,,,,,,,19,15,0,0,34,0,19,15,34,sin_dato,disponible,PasajerosArribadosPartidosxAeropuerto2020-2026,MovimientosxAeropuerto2020-2026
Colombia,LET,SKLT,Alfredo Vásquez Cobo International Airport,2021,6,2021-06,5168,5345,0,0,10513,0,5168,5345,10513,155,163,3,7,318,10,158,170,328,disponible,disponible,PasajerosArribadosPartidosxAeropuerto2020-2026,MovimientosxAeropuerto2020-2026
Colombia,LMC,SKNA,La Macarena Airport,2021,6,2021-06,570,611,0,0,1181,0,570,611,1181,207,197,0,0,404,0,207,197,404,disponible,disponible,PasajerosArribadosPartidosxAeropuerto2020-2026,MovimientosxAeropuerto2020-2026
Colombia,LPD,SKLP,La Pedrera Airport,2021,6,2021-06,173,151,0,0,324,0,173,151,324,40,34,0,0,74,0,40,34,74,disponible,disponible,PasajerosArribadosPartidosxAeropuerto2020-2026,MovimientosxAeropuerto2020-2026
Colombia,LQM,SKLG,Caucaya Airport,2021,6,2021-06,553,569,0,0,1122,0,553,569,1122,37,36,0,0,73,0,37,36,73,disponible,disponible,PasajerosArribadosPartidosxAeropuerto2020-2026,MovimientosxAeropuerto2020-2026
Colombia,MDE,SKRG,Jose Maria Córdova International Airport,2021,6,2021-06,239185,178632,56180,72169,417817,128349,295365,250801,546166,2331,2288,662,703,4619,1365,2993,2991,5984,disponible,disponible,PasajerosArribadosPartidosxAeropuerto2020-2026,MovimientosxAeropuerto2020-2026
Colombia,MTR,SKMR,Los Garzones Airport,2021,6,2021-06,46211,44125,204,215,90336,419,46415,44340,90755,567,564,0,0,1131,0,567,564,1131,disponible,disponible,PasajerosArribadosPartidosxAeropuerto2020-2026,MovimientosxAeropuerto2020-2026
Colombia,MVP,SKMU,Fabio Alberto Leon Bentley Airport,2021,6,2021-06,1759,1912,0,0,3671,0,1759,1912,3671,647,652,0,0,1299,0,647,652,1299,disponible,disponible,PasajerosArribadosPartidosxAeropuerto2020-2026,MovimientosxAeropuerto2020-2026
Colombia,MZL,SKMZ,La Nubia Airport,2021,6,2021-06,4671,3114,0,0,7785,0,4671,3114,7785,187,187,0,0,374,0,187,187,374,disponible,disponible,PasajerosArribadosPartidosxAeropuerto2020-2026,MovimientosxAeropuerto2020-2026
Colombia,NQU,SKNQ,Reyes Murillo Airport,2021,6,2021-06,1537,1351,0,0,2888,0,1537,1351,2888,202,203,0,0,405,0,202,203,405,disponible,disponible,PasajerosArribadosPartidosxAeropuerto2020-2026,MovimientosxAeropuerto2020-2026
Colombia,NVA,SKNV,Benito Salas Airport,2021,6,2021-06,6104,6171,0,0,12275,0,6104,6171,12275,422,442,0,0,864,0,422,442,864,disponible,disponible,PasajerosArribadosPartidosxAeropuerto2020-2026,MovimientosxAeropuerto2020-2026
Colombia,PCR,SKPC,German Olano Airport,2021,6,2021-06,1331,1505,0,0,2836,0,1331,1505,2836,110,109,0,0,219,0,110,109,219,disponible,disponible,PasajerosArribadosPartidosxAeropuerto2020-2026,MovimientosxAeropuerto2020-2026
Colombia,PDA,SKPD,Obando Cesar Gaviria Trujillo Airport,2021,6,2021-06,,,,,,,,,,164,160,0,0,324,0,164,160,324,sin_dato,disponible,PasajerosArribadosPartidosxAeropuerto2020-2026,MovimientosxAeropuerto2020-2026
Colombia,PEI,SKPE,Matecaña International Airport,2021,6,2021-06,59911,54539,7529,5901,114450,13430,67440,60440,127880,833,837,52,50,1670,102,885,887,1772,disponible,disponible,PasajerosArribadosPartidosxAeropuerto2020-2026,MovimientosxAeropuerto2020-2026
Colombia,PPN,SKPP,Guillermo León Valencia Airport,2021,6,2021-06,3095,2766,0,0,5861,0,3095,2766,5861,313,312,0,0,625,0,313,312,625,disponible,disponible,PasajerosArribadosPartidosxAeropuerto2020-2026,MovimientosxAeropuerto2020-2026
Colombia,PSO,SKPS,Antonio Nariño Airport,2021,6,2021-06,12745,11893,98,107,24638,205,12843,12000,24843,209,206,0,0,415,0,209,206,415,disponible,disponible,PasajerosArribadosPartidosxAeropuerto2020-2026,MovimientosxAeropuerto2020-2026
Colombia,PUU,SKAS,Tres De Mayo Airport,2021,6,2021-06,3747,3927,0,0,7674,0,3747,3927,7674,158,155,0,0,313,0,158,155,313,disponible,disponible,PasajerosArribadosPartidosxAeropuerto2020-2026,MovimientosxAeropuerto2020-2026
Colombia,PVA,SKPV,El Embrujo Airport,2021,6,2021-06,1329,1076,0,0,2405,0,1329,1076,2405,184,186,0,0,370,0,184,186,370,disponible,disponible,PasajerosArribadosPartidosxAeropuerto2020-2026,MovimientosxAeropuerto2020-2026
Colombia,RCH,SKRH,Almirante Padilla Airport,2021,6,2021-06,9496,8178,43,48,17674,91,9539,8226,17765,104,116,0,0,220,0,104,116,220,disponible,disponible,PasajerosArribadosPartidosxAeropuerto2020-2026,MovimientosxAeropuerto2020-2026
Colombia,RVE,SKSA,Los Colonizadores Airport,2021,6,2021-06,1111,1148,0,0,2259,0,1111,1148,2259,154,136,0,0,290,0,154,136,290,disponible,disponible,PasajerosArribadosPartidosxAeropuerto2020-2026,MovimientosxAeropuerto2020-2026
Colombia,SJE,SKSJ,Jorge E. Gonzalez Torres Airport,2021,6,2021-06,1240,1358,0,0,2598,0,1240,1358,2598,453,453,0,0,906,0,453,453,906,disponible,disponible,PasajerosArribadosPartidosxAeropuerto2020-2026,MovimientosxAeropuerto2020-2026
Colombia,SMR,SKSM,Simón Bolívar International Airport,2021,6,2021-06,91257,87597,380,335,178854,715,91637,87932,179569,950,936,5,6,1886,11,955,942,1897,disponible,disponible,PasajerosArribadosPartidosxAeropuerto2020-2026,MovimientosxAeropuerto2020-2026
Colombia,SVI,SKSV,Eduardo Falla Solano Airport,2021,6,2021-06,366,387,0,0,753,0,366,387,753,40,38,0,0,78,0,40,38,78,disponible,disponible,PasajerosArribadosPartidosxAeropuerto2020-2026,MovimientosxAeropuerto2020-2026
Colombia,TCD,SKRA,Tarapacá Airport,2021,6,2021-06,,,,,,,,,,16,12,0,0,28,0,16,12,28,sin_dato,disponible,PasajerosArribadosPartidosxAeropuerto2020-2026,MovimientosxAeropuerto2020-2026
Colombia,TCO,SKCO,La Florida Airport,2021,6,2021-06,4433,5073,0,0,9506,0,4433,5073,9506,341,346,0,0,687,0,341,346,687,disponible,disponible,PasajerosArribadosPartidosxAeropuerto2020-2026,MovimientosxAeropuerto2020-2026
Colombia,TLU,SKTL,Golfo de Morrosquillo Airport,2021,6,2021-06,690,621,0,0,1311,0,690,621,1311,35,37,0,0,72,0,35,37,72,disponible,disponible,PasajerosArribadosPartidosxAeropuerto2020-2026,MovimientosxAeropuerto2020-2026
Colombia,TME,SKTM,Gustavo Vargas Airport,2021,6,2021-06,324,325,0,0,649,0,324,325,649,67,70,0,0,137,0,67,70,137,disponible,disponible,PasajerosArribadosPartidosxAeropuerto2020-2026,MovimientosxAeropuerto2020-2026
Colombia,UIB,SKUI,El Caraño Airport,2021,6,2021-06,12114,12255,0,0,24369,0,12114,12255,24369,705,701,0,0,1406,0,705,701,1406,disponible,disponible,PasajerosArribadosPartidosxAeropuerto2020-2026,MovimientosxAeropuerto2020-2026
Colombia,VUP,SKVP,Alfonso López Pumarejo Airport,2021,6,2021-06,10993,10687,80,98,21680,178,11073,10785,21858,173,175,0,0,348,0,173,175,348,disponible,disponible,PasajerosArribadosPartidosxAeropuerto2020-2026,MovimientosxAeropuerto2020-2026
Colombia,VVC,SKVV,Vanguardia Airport,2021,6,2021-06,4918,4980,0,0,9898,0,4918,4980,9898,1461,1452,0,0,2913,0,1461,1452,2913,disponible,disponible,PasajerosArribadosPartidosxAeropuerto2020-2026,MovimientosxAeropuerto2020-2026
Colombia,ADZ,SKSP,Gustavo Rojas Pinilla International Airport,2021,7,2021-07,113698,115354,484,354,229052,838,114182,115708,229890,1085,1084,8,9,2169,17,1093,1093,2186,disponible,disponible,PasajerosArribadosPartidosxAeropuerto2020-2026,MovimientosxAeropuerto2020-2026
Colombia,APO,SKLC,Antonio Roldán Betancur Airport,2021,7,2021-07,5185,9889,0,0,15074,0,5185,9889,15074,892,882,0,0,1774,0,892,882,1774,disponible,disponible,PasajerosArribadosPartidosxAeropuerto2020-2026,MovimientosxAeropuerto2020-2026
Colombia,AUC,SKUC,Santiago Perez Airport,2021,7,2021-07,6205,6673,0,0,12878,0,6205,6673,12878,341,345,0,0,686,0,341,345,686,disponible,disponible,PasajerosArribadosPartidosxAeropuerto2020-2026,MovimientosxAeropuerto2020-2026
Colombia,AXM,SKAR,El Eden Airport,2021,7,2021-07,12390,9711,3497,3221,22101,6718,15887,12932,28819,268,272,18,18,540,36,286,290,576,disponible,disponible,PasajerosArribadosPartidosxAeropuerto2020-2026,MovimientosxAeropuerto2020-2026
Colombia,BAQ,SKBQ,Ernesto Cortissoz International Airport,2021,7,2021-07,77083,80618,17827,15209,157701,33036,94910,95827,190737,1533,1546,201,208,3079,409,1734,1754,3488,disponible,disponible,PasajerosArribadosPartidosxAeropuerto2020-2026,MovimientosxAeropuerto2020-2026
Colombia,BGA,SKBG,Palonegro Airport,2021,7,2021-07,46898,53138,4434,4125,100036,8559,51332,57263,108595,1003,1005,26,25,2008,51,1029,1030,2059,disponible,disponible,PasajerosArribadosPartidosxAeropuerto2020-2026,MovimientosxAeropuerto2020-2026
Colombia,BOG,SKBO,El Dorado International Airport,2021,7,2021-07,644086,611611,208034,194242,1255697,402276,852120,805853,1657973,8529,8594,2536,2470,17123,5006,11065,11064,22129,disponible,disponible,PasajerosArribadosPartidosxAeropuerto2020-2026,MovimientosxAeropuerto2020-2026
Colombia,BSC,SKBS,José Celestino Mutis Airport,2021,7,2021-07,3985,3768,0,0,7753,0,3985,3768,7753,427,428,0,0,855,0,427,428,855,disponible,disponible,PasajerosArribadosPartidosxAeropuerto2020-2026,MovimientosxAeropuerto2020-2026
Colombia,BUN,SKBU,Gerardo Tobar López Airport,2021,7,2021-07,319,377,0,0,696,0,319,377,696,67,63,0,0,130,0,67,63,130,disponible,disponible,PasajerosArribadosPartidosxAeropuerto2020-2026,MovimientosxAeropuerto2020-2026
Colombia,CLO,SKCL,Alfonso Bonilla Aragon International Airport,2021,7,2021-07,196130,205829,39382,29660,401959,69042,235512,235489,471001,2881,2896,296,289,5777,585,3177,3185,6362,disponible,disponible,PasajerosArribadosPartidosxAeropuerto2020-2026,MovimientosxAeropuerto2020-2026
Colombia,CTG,SKCG,Rafael Nuñez International Airport,2021,7,2021-07,160063,174680,22088,21370,334743,43458,182151,196050,378201,1773,1770,220,240,3543,460,1993,2010,4003,disponible,disponible,PasajerosArribadosPartidosxAeropuerto2020-2026,MovimientosxAeropuerto2020-2026
Colombia,CUC,SKCC,Camilo Daza International Airport,2021,7,2021-07,41220,47638,1659,1906,88858,3565,42879,49544,92423,717,710,3,2,1427,5,720,712,1432,disponible,disponible,PasajerosArribadosPartidosxAeropuerto2020-2026,MovimientosxAeropuerto2020-2026
Colombia,CZU,SKCZ,Las Brujas Airport,2021,7,2021-07,2010,1981,0,0,3991,0,2010,1981,3991,68,73,0,0,141,0,68,73,141,disponible,disponible,PasajerosArribadosPartidosxAeropuerto2020-2026,MovimientosxAeropuerto2020-2026
Colombia,EJA,SKEJ,Yariguíes Airport,2021,7,2021-07,2256,2311,0,0,4567,0,2256,2311,4567,309,307,0,1,616,1,309,308,617,disponible,disponible,PasajerosArribadosPartidosxAeropuerto2020-2026,MovimientosxAeropuerto2020-2026
Colombia,EOH,SKMD,Enrique Olaya Herrera Airport,2021,7,2021-07,49376,40063,27,17,89439,44,49403,40080,89483,3066,3060,3,1,6126,4,3069,3061,6130,disponible,disponible,PasajerosArribadosPartidosxAeropuerto2020-2026,MovimientosxAeropuerto2020-2026
Colombia,EYP,SKYP,El Alcaravan - Yopal Airport,2021,7,2021-07,5886,6248,0,0,12134,0,5886,6248,12134,529,523,0,0,1052,0,529,523,1052,disponible,disponible,PasajerosArribadosPartidosxAeropuerto2020-2026,MovimientosxAeropuerto2020-2026
Colombia,FLA,SKFL,Gustavo Artunduaga Paredes Airport,2021,7,2021-07,3980,4044,0,0,8024,0,3980,4044,8024,196,195,0,0,391,0,196,195,391,disponible,disponible,PasajerosArribadosPartidosxAeropuerto2020-2026,MovimientosxAeropuerto2020-2026
Colombia,GPI,SKGP,Guapi Airport,2021,7,2021-07,1287,3358,0,0,4645,0,1287,3358,4645,175,174,0,0,349,0,175,174,349,disponible,disponible,PasajerosArribadosPartidosxAeropuerto2020-2026,MovimientosxAeropuerto2020-2026
Colombia,IBE,SKIB,Perales Airport,2021,7,2021-07,1860,2075,0,0,3935,0,1860,2075,3935,166,165,0,0,331,0,166,165,331,disponible,disponible,PasajerosArribadosPartidosxAeropuerto2020-2026,MovimientosxAeropuerto2020-2026
Colombia,IPI,SKIP,San Luis Airport,2021,7,2021-07,1331,1263,0,0,2594,0,1331,1263,2594,57,57,1,1,114,2,58,58,116,disponible,disponible,PasajerosArribadosPartidosxAeropuerto2020-2026,MovimientosxAeropuerto2020-2026
Colombia,LCR,SKHZ,Virgilio Barco Vargas (La Chorrera) Airport,2021,7,2021-07,,,,,,,,,,25,16,0,0,41,0,25,16,41,sin_dato,disponible,PasajerosArribadosPartidosxAeropuerto2020-2026,MovimientosxAeropuerto2020-2026
Colombia,LET,SKLT,Alfredo Vásquez Cobo International Airport,2021,7,2021-07,5542,7032,2,0,12574,2,5544,7032,12576,180,194,8,7,374,15,188,201,389,disponible,disponible,PasajerosArribadosPartidosxAeropuerto2020-2026,MovimientosxAeropuerto2020-2026
Colombia,LMC,SKNA,La Macarena Airport,2021,7,2021-07,1375,1266,0,0,2641,0,1375,1266,2641,269,261,0,0,530,0,269,261,530,disponible,disponible,PasajerosArribadosPartidosxAeropuerto2020-2026,MovimientosxAeropuerto2020-2026
Colombia,LPD,SKLP,La Pedrera Airport,2021,7,2021-07,115,137,0,0,252,0,115,137,252,40,34,0,0,74,0,40,34,74,disponible,disponible,PasajerosArribadosPartidosxAeropuerto2020-2026,MovimientosxAeropuerto2020-2026
Colombia,LQM,SKLG,Caucaya Airport,2021,7,2021-07,610,618,0,0,1228,0,610,618,1228,35,29,0,0,64,0,35,29,64,disponible,disponible,PasajerosArribadosPartidosxAeropuerto2020-2026,MovimientosxAeropuerto2020-2026
Colombia,MDE,SKRG,Jose Maria Córdova International Airport,2021,7,2021-07,284818,271194,80721,70483,556012,151204,365539,341677,707216,2776,2700,788,824,5476,1612,3564,3524,7088,disponible,disponible,PasajerosArribadosPartidosxAeropuerto2020-2026,MovimientosxAeropuerto2020-2026
Colombia,MTR,SKMR,Los Garzones Airport,2021,7,2021-07,45659,42122,284,257,87781,541,45943,42379,88322,655,657,0,0,1312,0,655,657,1312,disponible,disponible,PasajerosArribadosPartidosxAeropuerto2020-2026,MovimientosxAeropuerto2020-2026
Colombia,MVP,SKMU,Fabio Alberto Leon Bentley Airport,2021,7,2021-07,1991,2012,0,0,4003,0,1991,2012,4003,536,538,0,0,1074,0,536,538,1074,disponible,disponible,PasajerosArribadosPartidosxAeropuerto2020-2026,MovimientosxAeropuerto2020-2026
Colombia,MZL,SKMZ,La Nubia Airport,2021,7,2021-07,4792,4771,0,0,9563,0,4792,4771,9563,178,178,0,0,356,0,178,178,356,disponible,disponible,PasajerosArribadosPartidosxAeropuerto2020-2026,MovimientosxAeropuerto2020-2026
Colombia,NQU,SKNQ,Reyes Murillo Airport,2021,7,2021-07,3041,2895,0,0,5936,0,3041,2895,5936,325,326,0,0,651,0,325,326,651,disponible,disponible,PasajerosArribadosPartidosxAeropuerto2020-2026,MovimientosxAeropuerto2020-2026
Colombia,NVA,SKNV,Benito Salas Airport,2021,7,2021-07,3693,7013,0,0,10706,0,3693,7013,10706,421,425,0,0,846,0,421,425,846,disponible,disponible,PasajerosArribadosPartidosxAeropuerto2020-2026,MovimientosxAeropuerto2020-2026
Colombia,PCR,SKPC,German Olano Airport,2021,7,2021-07,1567,1754,0,0,3321,0,1567,1754,3321,165,164,0,0,329,0,165,164,329,disponible,disponible,PasajerosArribadosPartidosxAeropuerto2020-2026,MovimientosxAeropuerto2020-2026
Colombia,PDA,SKPD,Obando Cesar Gaviria Trujillo Airport,2021,7,2021-07,,,,,,,,,,171,171,0,0,342,0,171,171,342,sin_dato,disponible,PasajerosArribadosPartidosxAeropuerto2020-2026,MovimientosxAeropuerto2020-2026
Colombia,PEI,SKPE,Matecaña International Airport,2021,7,2021-07,57676,66453,8080,8816,124129,16896,65756,75269,141025,895,898,55,54,1793,109,950,952,1902,disponible,disponible,PasajerosArribadosPartidosxAeropuerto2020-2026,MovimientosxAeropuerto2020-2026
Colombia,PPN,SKPP,Guillermo León Valencia Airport,2021,7,2021-07,2996,2823,0,0,5819,0,2996,2823,5819,291,292,0,0,583,0,291,292,583,disponible,disponible,PasajerosArribadosPartidosxAeropuerto2020-2026,MovimientosxAeropuerto2020-2026
Colombia,PSO,SKPS,Antonio Nariño Airport,2021,7,2021-07,11956,12581,163,154,24537,317,12119,12735,24854,198,203,0,0,401,0,198,203,401,disponible,disponible,PasajerosArribadosPartidosxAeropuerto2020-2026,MovimientosxAeropuerto2020-2026
Colombia,PUU,SKAS,Tres De Mayo Airport,2021,7,2021-07,2738,4316,0,0,7054,0,2738,4316,7054,120,124,0,0,244,0,120,124,244,disponible,disponible,PasajerosArribadosPartidosxAeropuerto2020-2026,MovimientosxAeropuerto2020-2026
Colombia,PVA,SKPV,El Embrujo Airport,2021,7,2021-07,1394,1257,0,0,2651,0,1394,1257,2651,212,213,0,0,425,0,212,213,425,disponible,disponible,PasajerosArribadosPartidosxAeropuerto2020-2026,MovimientosxAeropuerto2020-2026
Colombia,RCH,SKRH,Almirante Padilla Airport,2021,7,2021-07,10472,10817,82,68,21289,150,10554,10885,21439,113,122,1,2,235,3,114,124,238,disponible,disponible,PasajerosArribadosPartidosxAeropuerto2020-2026,MovimientosxAeropuerto2020-2026
Colombia,RVE,SKSA,Los Colonizadores Airport,2021,7,2021-07,1311,1303,0,0,2614,0,1311,1303,2614,230,220,0,0,450,0,230,220,450,disponible,disponible,PasajerosArribadosPartidosxAeropuerto2020-2026,MovimientosxAeropuerto2020-2026
Colombia,SJE,SKSJ,Jorge E. Gonzalez Torres Airport,2021,7,2021-07,1439,1492,0,0,2931,0,1439,1492,2931,418,423,0,0,841,0,418,423,841,disponible,disponible,PasajerosArribadosPartidosxAeropuerto2020-2026,MovimientosxAeropuerto2020-2026
Colombia,SMR,SKSM,Simón Bolívar International Airport,2021,7,2021-07,122633,109211,427,373,231844,800,123060,109584,232644,1009,1010,5,3,2019,8,1014,1013,2027,disponible,disponible,PasajerosArribadosPartidosxAeropuerto2020-2026,MovimientosxAeropuerto2020-2026
Colombia,SVI,SKSV,Eduardo Falla Solano Airport,2021,7,2021-07,365,377,0,0,742,0,365,377,742,26,27,0,0,53,0,26,27,53,disponible,disponible,PasajerosArribadosPartidosxAeropuerto2020-2026,MovimientosxAeropuerto2020-2026
Colombia,TCD,SKRA,Tarapacá Airport,2021,7,2021-07,,,,,,,,,,25,9,0,0,34,0,25,9,34,sin_dato,disponible,PasajerosArribadosPartidosxAeropuerto2020-2026,MovimientosxAeropuerto2020-2026
Colombia,TCO,SKCO,La Florida Airport,2021,7,2021-07,4894,5169,0,0,10063,0,4894,5169,10063,383,385,0,0,768,0,383,385,768,disponible,disponible,PasajerosArribadosPartidosxAeropuerto2020-2026,MovimientosxAeropuerto2020-2026
Colombia,TLU,SKTL,Golfo de Morrosquillo Airport,2021,7,2021-07,778,827,0,0,1605,0,778,827,1605,52,46,4,4,98,8,56,50,106,disponible,disponible,PasajerosArribadosPartidosxAeropuerto2020-2026,MovimientosxAeropuerto2020-2026
Colombia,TME,SKTM,Gustavo Vargas Airport,2021,7,2021-07,338,359,0,0,697,0,338,359,697,67,66,0,0,133,0,67,66,133,disponible,disponible,PasajerosArribadosPartidosxAeropuerto2020-2026,MovimientosxAeropuerto2020-2026
Colombia,UIB,SKUI,El Caraño Airport,2021,7,2021-07,12984,14068,0,0,27052,0,12984,14068,27052,792,791,0,0,1583,0,792,791,1583,disponible,disponible,PasajerosArribadosPartidosxAeropuerto2020-2026,MovimientosxAeropuerto2020-2026
Colombia,VUP,SKVP,Alfonso López Pumarejo Airport,2021,7,2021-07,5630,13094,93,102,18724,195,5723,13196,18919,231,245,0,0,476,0,231,245,476,disponible,disponible,PasajerosArribadosPartidosxAeropuerto2020-2026,MovimientosxAeropuerto2020-2026
Colombia,VVC,SKVV,Vanguardia Airport,2021,7,2021-07,5519,6097,0,0,11616,0,5519,6097,11616,1403,1383,0,0,2786,0,1403,1383,2786,disponible,disponible,PasajerosArribadosPartidosxAeropuerto2020-2026,MovimientosxAeropuerto2020-2026
Colombia,ADZ,SKSP,Gustavo Rojas Pinilla International Airport,2021,8,2021-08,108366,101295,472,538,209661,1010,108838,101833,210671,1064,1058,1,5,2122,6,1065,1063,2128,disponible,disponible,PasajerosArribadosPartidosxAeropuerto2020-2026,MovimientosxAeropuerto2020-2026
Colombia,APO,SKLC,Antonio Roldán Betancur Airport,2021,8,2021-08,9697,9731,0,0,19428,0,9697,9731,19428,801,781,2,3,1582,5,803,784,1587,disponible,disponible,PasajerosArribadosPartidosxAeropuerto2020-2026,MovimientosxAeropuerto2020-2026
Colombia,AUC,SKUC,Santiago Perez Airport,2021,8,2021-08,6748,7242,0,0,13990,0,6748,7242,13990,307,309,0,0,616,0,307,309,616,disponible,disponible,PasajerosArribadosPartidosxAeropuerto2020-2026,MovimientosxAeropuerto2020-2026
Colombia,AXM,SKAR,El Eden Airport,2021,8,2021-08,13135,8759,1523,3234,21894,4757,14658,11993,26651,281,281,17,17,562,34,298,298,596,disponible,disponible,PasajerosArribadosPartidosxAeropuerto2020-2026,MovimientosxAeropuerto2020-2026
Colombia,BAQ,SKBQ,Ernesto Cortissoz International Airport,2021,8,2021-08,77475,86211,13053,15994,163686,29047,90528,102205,192733,1431,1450,203,201,2881,404,1634,1651,3285,disponible,disponible,PasajerosArribadosPartidosxAeropuerto2020-2026,MovimientosxAeropuerto2020-2026
Colombia,BGA,SKBG,Palonegro Airport,2021,8,2021-08,48062,52122,3005,3503,100184,6508,51067,55625,106692,965,963,42,42,1928,84,1007,1005,2012,disponible,disponible,PasajerosArribadosPartidosxAeropuerto2020-2026,MovimientosxAeropuerto2020-2026
Colombia,BOG,SKBO,El Dorado International Airport,2021,8,2021-08,621477,560199,171394,210946,1181676,382340,792871,771145,1564016,8751,8784,2593,2547,17535,5140,11344,11331,22675,disponible,disponible,PasajerosArribadosPartidosxAeropuerto2020-2026,MovimientosxAeropuerto2020-2026
Colombia,BSC,SKBS,José Celestino Mutis Airport,2021,8,2021-08,4424,4436,0,0,8860,0,4424,4436,8860,493,492,0,0,985,0,493,492,985,disponible,disponible,PasajerosArribadosPartidosxAeropuerto2020-2026,MovimientosxAeropuerto2020-2026
Colombia,BUN,SKBU,Gerardo Tobar López Airport,2021,8,2021-08,348,359,0,0,707,0,348,359,707,55,52,0,0,107,0,55,52,107,disponible,disponible,PasajerosArribadosPartidosxAeropuerto2020-2026,MovimientosxAeropuerto2020-2026
Colombia,CLO,SKCL,Alfonso Bonilla Aragon International Airport,2021,8,2021-08,209553,202848,40041,31392,412401,71433,249594,234240,483834,3015,3017,314,301,6032,615,3329,3318,6647,disponible,disponible,PasajerosArribadosPartidosxAeropuerto2020-2026,MovimientosxAeropuerto2020-2026
Colombia,CTG,SKCG,Rafael Nuñez International Airport,2021,8,2021-08,123599,167627,23303,25793,291226,49096,146902,193420,340322,1656,1676,251,265,3332,516,1907,1941,3848,disponible,disponible,PasajerosArribadosPartidosxAeropuerto2020-2026,MovimientosxAeropuerto2020-2026
Colombia,CUC,SKCC,Camilo Daza International Airport,2021,8,2021-08,37937,49441,1721,2044,87378,3765,39658,51485,91143,703,697,1,2,1400,3,704,699,1403,disponible,disponible,PasajerosArribadosPartidosxAeropuerto2020-2026,MovimientosxAeropuerto2020-2026
Colombia,CZU,SKCZ,Las Brujas Airport,2021,8,2021-08,1300,1242,0,0,2542,0,1300,1242,2542,55,62,0,0,117,0,55,62,117,disponible,disponible,PasajerosArribadosPartidosxAeropuerto2020-2026,MovimientosxAeropuerto2020-2026
Colombia,EJA,SKEJ,Yariguíes Airport,2021,8,2021-08,2290,2361,0,0,4651,0,2290,2361,4651,365,361,0,0,726,0,365,361,726,disponible,disponible,PasajerosArribadosPartidosxAeropuerto2020-2026,MovimientosxAeropuerto2020-2026
Colombia,EOH,SKMD,Enrique Olaya Herrera Airport,2021,8,2021-08,50766,43317,19,18,94083,37,50785,43335,94120,3222,3229,3,3,6451,6,3225,3232,6457,disponible,disponible,PasajerosArribadosPartidosxAeropuerto2020-2026,MovimientosxAeropuerto2020-2026
Colombia,EYP,SKYP,El Alcaravan - Yopal Airport,2021,8,2021-08,6882,7162,0,0,14044,0,6882,7162,14044,649,633,0,0,1282,0,649,633,1282,disponible,disponible,PasajerosArribadosPartidosxAeropuerto2020-2026,MovimientosxAeropuerto2020-2026
Colombia,FLA,SKFL,Gustavo Artunduaga Paredes Airport,2021,8,2021-08,4323,2730,0,0,7053,0,4323,2730,7053,224,224,0,0,448,0,224,224,448,disponible,disponible,PasajerosArribadosPartidosxAeropuerto2020-2026,MovimientosxAeropuerto2020-2026
Colombia,GPI,SKGP,Guapi Airport,2021,8,2021-08,3370,3515,0,0,6885,0,3370,3515,6885,200,198,0,0,398,0,200,198,398,disponible,disponible,PasajerosArribadosPartidosxAeropuerto2020-2026,MovimientosxAeropuerto2020-2026
Colombia,IBE,SKIB,Perales Airport,2021,8,2021-08,2286,2441,0,0,4727,0,2286,2441,4727,184,182,0,0,366,0,184,182,366,disponible,disponible,PasajerosArribadosPartidosxAeropuerto2020-2026,MovimientosxAeropuerto2020-2026
Colombia,IPI,SKIP,San Luis Airport,2021,8,2021-08,1283,1257,0,0,2540,0,1283,1257,2540,38,38,0,0,76,0,38,38,76,disponible,disponible,PasajerosArribadosPartidosxAeropuerto2020-2026,MovimientosxAeropuerto2020-2026
Colombia,LCR,SKHZ,Virgilio Barco Vargas (La Chorrera) Airport,2021,8,2021-08,,,,,,,,,,24,16,0,0,40,0,24,16,40,sin_dato,disponible,PasajerosArribadosPartidosxAeropuerto2020-2026,MovimientosxAeropuerto2020-2026
Colombia,LET,SKLT,Alfredo Vásquez Cobo International Airport,2021,8,2021-08,7571,7899,3,3,15470,6,7574,7902,15476,211,226,8,5,437,13,219,231,450,disponible,disponible,PasajerosArribadosPartidosxAeropuerto2020-2026,MovimientosxAeropuerto2020-2026
Colombia,LMC,SKNA,La Macarena Airport,2021,8,2021-08,1708,1860,0,0,3568,0,1708,1860,3568,307,297,0,0,604,0,307,297,604,disponible,disponible,PasajerosArribadosPartidosxAeropuerto2020-2026,MovimientosxAeropuerto2020-2026
Colombia,LPD,SKLP,La Pedrera Airport,2021,8,2021-08,147,151,0,0,298,0,147,151,298,38,32,0,0,70,0,38,32,70,disponible,disponible,PasajerosArribadosPartidosxAeropuerto2020-2026,MovimientosxAeropuerto2020-2026
Colombia,LQM,SKLG,Caucaya Airport,2021,8,2021-08,593,558,0,0,1151,0,593,558,1151,38,35,0,0,73,0,38,35,73,disponible,disponible,PasajerosArribadosPartidosxAeropuerto2020-2026,MovimientosxAeropuerto2020-2026
Colombia,MDE,SKRG,Jose Maria Córdova International Airport,2021,8,2021-08,224196,270940,68442,75272,495136,143714,292638,346212,638850,2898,2847,748,774,5745,1522,3646,3621,7267,disponible,disponible,PasajerosArribadosPartidosxAeropuerto2020-2026,MovimientosxAeropuerto2020-2026
Colombia,MTR,SKMR,Los Garzones Airport,2021,8,2021-08,47858,33915,138,194,81773,332,47996,34109,82105,677,674,0,0,1351,0,677,674,1351,disponible,disponible,PasajerosArribadosPartidosxAeropuerto2020-2026,MovimientosxAeropuerto2020-2026
Colombia,MVP,SKMU,Fabio Alberto Leon Bentley Airport,2021,8,2021-08,1735,1824,0,0,3559,0,1735,1824,3559,548,534,0,0,1082,0,548,534,1082,disponible,disponible,PasajerosArribadosPartidosxAeropuerto2020-2026,MovimientosxAeropuerto2020-2026
Colombia,MZL,SKMZ,La Nubia Airport,2021,8,2021-08,3865,5911,0,0,9776,0,3865,5911,9776,191,188,0,0,379,0,191,188,379,disponible,disponible,PasajerosArribadosPartidosxAeropuerto2020-2026,MovimientosxAeropuerto2020-2026
Colombia,NQU,SKNQ,Reyes Murillo Airport,2021,8,2021-08,3788,3795,0,0,7583,0,3788,3795,7583,383,385,0,0,768,0,383,385,768,disponible,disponible,PasajerosArribadosPartidosxAeropuerto2020-2026,MovimientosxAeropuerto2020-2026
Colombia,NVA,SKNV,Benito Salas Airport,2021,8,2021-08,7046,7301,0,0,14347,0,7046,7301,14347,424,426,0,0,850,0,424,426,850,disponible,disponible,PasajerosArribadosPartidosxAeropuerto2020-2026,MovimientosxAeropuerto2020-2026
Colombia,PCR,SKPC,German Olano Airport,2021,8,2021-08,1521,596,0,0,2117,0,1521,596,2117,142,136,0,0,278,0,142,136,278,disponible,disponible,PasajerosArribadosPartidosxAeropuerto2020-2026,MovimientosxAeropuerto2020-2026
Colombia,PDA,SKPD,Obando Cesar Gaviria Trujillo Airport,2021,8,2021-08,,,,,,,,,,167,169,0,0,336,0,167,169,336,sin_dato,disponible,PasajerosArribadosPartidosxAeropuerto2020-2026,MovimientosxAeropuerto2020-2026
Colombia,PEI,SKPE,Matecaña International Airport,2021,8,2021-08,59612,58418,8562,6192,118030,14754,68174,64610,132784,893,908,54,54,1801,108,947,962,1909,disponible,disponible,PasajerosArribadosPartidosxAeropuerto2020-2026,MovimientosxAeropuerto2020-2026
Colombia,PPN,SKPP,Guillermo León Valencia Airport,2021,8,2021-08,3554,2109,0,0,5663,0,3554,2109,5663,325,332,0,0,657,0,325,332,657,disponible,disponible,PasajerosArribadosPartidosxAeropuerto2020-2026,MovimientosxAeropuerto2020-2026
Colombia,PSO,SKPS,Antonio Nariño Airport,2021,8,2021-08,13663,14331,84,74,27994,158,13747,14405,28152,217,216,0,0,433,0,217,216,433,disponible,disponible,PasajerosArribadosPartidosxAeropuerto2020-2026,MovimientosxAeropuerto2020-2026
Colombia,PUU,SKAS,Tres De Mayo Airport,2021,8,2021-08,4680,4867,0,0,9547,0,4680,4867,9547,146,148,0,0,294,0,146,148,294,disponible,disponible,PasajerosArribadosPartidosxAeropuerto2020-2026,MovimientosxAeropuerto2020-2026
Colombia,PVA,SKPV,El Embrujo Airport,2021,8,2021-08,1171,1135,0,0,2306,0,1171,1135,2306,169,171,0,0,340,0,169,171,340,disponible,disponible,PasajerosArribadosPartidosxAeropuerto2020-2026,MovimientosxAeropuerto2020-2026
Colombia,RCH,SKRH,Almirante Padilla Airport,2021,8,2021-08,5719,10195,111,66,15914,177,5830,10261,16091,87,96,0,0,183,0,87,96,183,disponible,disponible,PasajerosArribadosPartidosxAeropuerto2020-2026,MovimientosxAeropuerto2020-2026
Colombia,RVE,SKSA,Los Colonizadores Airport,2021,8,2021-08,1214,1263,0,0,2477,0,1214,1263,2477,258,246,0,0,504,0,258,246,504,disponible,disponible,PasajerosArribadosPartidosxAeropuerto2020-2026,MovimientosxAeropuerto2020-2026
Colombia,SJE,SKSJ,Jorge E. Gonzalez Torres Airport,2021,8,2021-08,1764,1828,0,0,3592,0,1764,1828,3592,548,555,0,0,1103,0,548,555,1103,disponible,disponible,PasajerosArribadosPartidosxAeropuerto2020-2026,MovimientosxAeropuerto2020-2026
Colombia,SMR,SKSM,Simón Bolívar International Airport,2021,8,2021-08,118054,96857,371,361,214911,732,118425,97218,215643,1021,1012,5,4,2033,9,1026,1016,2042,disponible,disponible,PasajerosArribadosPartidosxAeropuerto2020-2026,MovimientosxAeropuerto2020-2026
Colombia,SVI,SKSV,Eduardo Falla Solano Airport,2021,8,2021-08,377,415,0,0,792,0,377,415,792,25,27,0,0,52,0,25,27,52,disponible,disponible,PasajerosArribadosPartidosxAeropuerto2020-2026,MovimientosxAeropuerto2020-2026
Colombia,TCD,SKRA,Tarapacá Airport,2021,8,2021-08,,,,,,,,,,14,8,0,0,22,0,14,8,22,sin_dato,disponible,PasajerosArribadosPartidosxAeropuerto2020-2026,MovimientosxAeropuerto2020-2026
Colombia,TCO,SKCO,La Florida Airport,2021,8,2021-08,4908,5565,0,0,10473,0,4908,5565,10473,359,360,0,0,719,0,359,360,719,disponible,disponible,PasajerosArribadosPartidosxAeropuerto2020-2026,MovimientosxAeropuerto2020-2026
Colombia,TLU,SKTL,Golfo de Morrosquillo Airport,2021,8,2021-08,793,799,0,0,1592,0,793,799,1592,44,49,1,2,93,3,45,51,96,disponible,disponible,PasajerosArribadosPartidosxAeropuerto2020-2026,MovimientosxAeropuerto2020-2026
Colombia,TME,SKTM,Gustavo Vargas Airport,2021,8,2021-08,380,416,0,0,796,0,380,416,796,65,67,0,0,132,0,65,67,132,disponible,disponible,PasajerosArribadosPartidosxAeropuerto2020-2026,MovimientosxAeropuerto2020-2026
Colombia,UIB,SKUI,El Caraño Airport,2021,8,2021-08,9592,14006,0,0,23598,0,9592,14006,23598,806,803,0,0,1609,0,806,803,1609,disponible,disponible,PasajerosArribadosPartidosxAeropuerto2020-2026,MovimientosxAeropuerto2020-2026
Colombia,VUP,SKVP,Alfonso López Pumarejo Airport,2021,8,2021-08,11227,8600,94,111,19827,205,11321,8711,20032,178,185,0,0,363,0,178,185,363,disponible,disponible,PasajerosArribadosPartidosxAeropuerto2020-2026,MovimientosxAeropuerto2020-2026
Colombia,VVC,SKVV,Vanguardia Airport,2021,8,2021-08,6574,6728,0,1,13302,1,6574,6729,13303,1635,1631,0,0,3266,0,1635,1631,3266,disponible,disponible,PasajerosArribadosPartidosxAeropuerto2020-2026,MovimientosxAeropuerto2020-2026
Colombia,ADZ,SKSP,Gustavo Rojas Pinilla International Airport,2021,9,2021-09,114729,106571,663,769,221300,1432,115392,107340,222732,1020,1020,4,5,2040,9,1024,1025,2049,disponible,disponible,PasajerosArribadosPartidosxAeropuerto2020-2026,MovimientosxAeropuerto2020-2026
Colombia,APO,SKLC,Antonio Roldán Betancur Airport,2021,9,2021-09,10601,10939,0,0,21540,0,10601,10939,21540,931,932,3,2,1863,5,934,934,1868,disponible,disponible,PasajerosArribadosPartidosxAeropuerto2020-2026,MovimientosxAeropuerto2020-2026
Colombia,AUC,SKUC,Santiago Perez Airport,2021,9,2021-09,6841,7180,0,0,14021,0,6841,7180,14021,369,375,0,0,744,0,369,375,744,disponible,disponible,PasajerosArribadosPartidosxAeropuerto2020-2026,MovimientosxAeropuerto2020-2026
Colombia,AXM,SKAR,El Eden Airport,2021,9,2021-09,15730,16355,1558,2823,32085,4381,17288,19178,36466,292,293,17,17,585,34,309,310,619,disponible,disponible,PasajerosArribadosPartidosxAeropuerto2020-2026,MovimientosxAeropuerto2020-2026
Colombia,BAQ,SKBQ,Ernesto Cortissoz International Airport,2021,9,2021-09,85720,84428,8446,15299,170148,23745,94166,99727,193893,1517,1526,184,183,3043,367,1701,1709,3410,disponible,disponible,PasajerosArribadosPartidosxAeropuerto2020-2026,MovimientosxAeropuerto2020-2026
Colombia,BGA,SKBG,Palonegro Airport,2021,9,2021-09,51199,52742,3138,3376,103941,6514,54337,56118,110455,969,961,36,32,1930,68,1005,993,1998,disponible,disponible,PasajerosArribadosPartidosxAeropuerto2020-2026,MovimientosxAeropuerto2020-2026
Colombia,BOG,SKBO,El Dorado International Airport,2021,9,2021-09,645064,596292,152005,186862,1241356,338867,797069,783154,1580223,8503,8509,2529,2514,17012,5043,11032,11023,22055,disponible,disponible,PasajerosArribadosPartidosxAeropuerto2020-2026,MovimientosxAeropuerto2020-2026
Colombia,BSC,SKBS,José Celestino Mutis Airport,2021,9,2021-09,4169,4074,0,0,8243,0,4169,4074,8243,475,473,0,0,948,0,475,473,948,disponible,disponible,PasajerosArribadosPartidosxAeropuerto2020-2026,MovimientosxAeropuerto2020-2026
Colombia,BUN,SKBU,Gerardo Tobar López Airport,2021,9,2021-09,331,302,0,0,633,0,331,302,633,101,93,0,0,194,0,101,93,194,disponible,disponible,PasajerosArribadosPartidosxAeropuerto2020-2026,MovimientosxAeropuerto2020-2026
Colombia,CLO,SKCL,Alfonso Bonilla Aragon International Airport,2021,9,2021-09,204123,200762,34854,38199,404885,73053,238977,238961,477938,2819,2839,280,268,5658,548,3099,3107,6206,disponible,disponible,PasajerosArribadosPartidosxAeropuerto2020-2026,MovimientosxAeropuerto2020-2026
Colombia,CTG,SKCG,Rafael Nuñez International Airport,2021,9,2021-09,130377,159830,20785,21142,290207,41927,151162,180972,332134,1634,1649,210,228,3283,438,1844,1877,3721,disponible,disponible,PasajerosArribadosPartidosxAeropuerto2020-2026,MovimientosxAeropuerto2020-2026
Colombia,CUC,SKCC,Camilo Daza International Airport,2021,9,2021-09,27158,42927,1650,1856,70085,3506,28808,44783,73591,747,736,0,0,1483,0,747,736,1483,disponible,disponible,PasajerosArribadosPartidosxAeropuerto2020-2026,MovimientosxAeropuerto2020-2026
Colombia,CZU,SKCZ,Las Brujas Airport,2021,9,2021-09,1368,1245,0,0,2613,0,1368,1245,2613,48,54,0,0,102,0,48,54,102,disponible,disponible,PasajerosArribadosPartidosxAeropuerto2020-2026,MovimientosxAeropuerto2020-2026
Colombia,EJA,SKEJ,Yariguíes Airport,2021,9,2021-09,3193,1496,16,3,4689,19,3209,1499,4708,441,442,0,0,883,0,441,442,883,disponible,disponible,PasajerosArribadosPartidosxAeropuerto2020-2026,MovimientosxAeropuerto2020-2026
Colombia,EOH,SKMD,Enrique Olaya Herrera Airport,2021,9,2021-09,50914,51150,30,11,102064,41,50944,51161,102105,3225,3218,2,5,6443,7,3227,3223,6450,disponible,disponible,PasajerosArribadosPartidosxAeropuerto2020-2026,MovimientosxAeropuerto2020-2026
Colombia,EYP,SKYP,El Alcaravan - Yopal Airport,2021,9,2021-09,8520,8923,0,0,17443,0,8520,8923,17443,786,782,0,0,1568,0,786,782,1568,disponible,disponible,PasajerosArribadosPartidosxAeropuerto2020-2026,MovimientosxAeropuerto2020-2026
Colombia,FLA,SKFL,Gustavo Artunduaga Paredes Airport,2021,9,2021-09,4307,2600,0,0,6907,0,4307,2600,6907,200,194,0,0,394,0,200,194,394,disponible,disponible,PasajerosArribadosPartidosxAeropuerto2020-2026,MovimientosxAeropuerto2020-2026
Colombia,GPI,SKGP,Guapi Airport,2021,9,2021-09,3234,3605,0,0,6839,0,3234,3605,6839,188,186,0,0,374,0,188,186,374,disponible,disponible,PasajerosArribadosPartidosxAeropuerto2020-2026,MovimientosxAeropuerto2020-2026
Colombia,IBE,SKIB,Perales Airport,2021,9,2021-09,2460,2707,0,0,5167,0,2460,2707,5167,209,201,0,0,410,0,209,201,410,disponible,disponible,PasajerosArribadosPartidosxAeropuerto2020-2026,MovimientosxAeropuerto2020-2026
Colombia,IPI,SKIP,San Luis Airport,2021,9,2021-09,1252,1203,0,0,2455,0,1252,1203,2455,40,40,0,0,80,0,40,40,80,disponible,disponible,PasajerosArribadosPartidosxAeropuerto2020-2026,MovimientosxAeropuerto2020-2026
Colombia,LCR,SKHZ,Virgilio Barco Vargas (La Chorrera) Airport,2021,9,2021-09,,,,,,,,,,21,14,0,0,35,0,21,14,35,sin_dato,disponible,PasajerosArribadosPartidosxAeropuerto2020-2026,MovimientosxAeropuerto2020-2026
Colombia,LET,SKLT,Alfredo Vásquez Cobo International Airport,2021,9,2021-09,7530,7662,0,0,15192,0,7530,7662,15192,190,218,8,1,408,9,198,219,417,disponible,disponible,PasajerosArribadosPartidosxAeropuerto2020-2026,MovimientosxAeropuerto2020-2026
Colombia,LMC,SKNA,La Macarena Airport,2021,9,2021-09,1746,1822,0,0,3568,0,1746,1822,3568,314,305,0,0,619,0,314,305,619,disponible,disponible,PasajerosArribadosPartidosxAeropuerto2020-2026,MovimientosxAeropuerto2020-2026
Colombia,LPD,SKLP,La Pedrera Airport,2021,9,2021-09,222,143,0,0,365,0,222,143,365,49,42,0,0,91,0,49,42,91,disponible,disponible,PasajerosArribadosPartidosxAeropuerto2020-2026,MovimientosxAeropuerto2020-2026
Colombia,LQM,SKLG,Caucaya Airport,2021,9,2021-09,583,560,0,0,1143,0,583,560,1143,36,28,0,0,64,0,36,28,64,disponible,disponible,PasajerosArribadosPartidosxAeropuerto2020-2026,MovimientosxAeropuerto2020-2026
Colombia,MDE,SKRG,Jose Maria Córdova International Airport,2021,9,2021-09,286381,284189,51660,74007,570570,125667,338041,358196,696237,2871,2849,715,733,5720,1448,3586,3582,7168,disponible,disponible,PasajerosArribadosPartidosxAeropuerto2020-2026,MovimientosxAeropuerto2020-2026
Colombia,MTR,SKMR,Los Garzones Airport,2021,9,2021-09,35737,34217,163,198,69954,361,35900,34415,70315,739,733,0,0,1472,0,739,733,1472,disponible,disponible,PasajerosArribadosPartidosxAeropuerto2020-2026,MovimientosxAeropuerto2020-2026
Colombia,MVP,SKMU,Fabio Alberto Leon Bentley Airport,2021,9,2021-09,2022,2009,0,0,4031,0,2022,2009,4031,679,669,0,0,1348,0,679,669,1348,disponible,disponible,PasajerosArribadosPartidosxAeropuerto2020-2026,MovimientosxAeropuerto2020-2026
Colombia,MZL,SKMZ,La Nubia Airport,2021,9,2021-09,5998,5974,0,0,11972,0,5998,5974,11972,173,176,0,0,349,0,173,176,349,disponible,disponible,PasajerosArribadosPartidosxAeropuerto2020-2026,MovimientosxAeropuerto2020-2026
Colombia,NQU,SKNQ,Reyes Murillo Airport,2021,9,2021-09,2821,2858,0,0,5679,0,2821,2858,5679,337,338,0,0,675,0,337,338,675,disponible,disponible,PasajerosArribadosPartidosxAeropuerto2020-2026,MovimientosxAeropuerto2020-2026
Colombia,NVA,SKNV,Benito Salas Airport,2021,9,2021-09,7604,7753,0,0,15357,0,7604,7753,15357,356,351,0,0,707,0,356,351,707,disponible,disponible,PasajerosArribadosPartidosxAeropuerto2020-2026,MovimientosxAeropuerto2020-2026
Colombia,PCR,SKPC,German Olano Airport,2021,9,2021-09,1634,1744,0,0,3378,0,1634,1744,3378,150,144,0,0,294,0,150,144,294,disponible,disponible,PasajerosArribadosPartidosxAeropuerto2020-2026,MovimientosxAeropuerto2020-2026
Colombia,PDA,SKPD,Obando Cesar Gaviria Trujillo Airport,2021,9,2021-09,,,,,,,,,,196,194,0,0,390,0,196,194,390,sin_dato,disponible,PasajerosArribadosPartidosxAeropuerto2020-2026,MovimientosxAeropuerto2020-2026
Colombia,PEI,SKPE,Matecaña International Airport,2021,9,2021-09,56450,64284,8274,8811,120734,17085,64724,73095,137819,870,872,56,56,1742,112,926,928,1854,disponible,disponible,PasajerosArribadosPartidosxAeropuerto2020-2026,MovimientosxAeropuerto2020-2026
Colombia,PPN,SKPP,Guillermo León Valencia Airport,2021,9,2021-09,3434,3311,0,0,6745,0,3434,3311,6745,289,287,0,0,576,0,289,287,576,disponible,disponible,PasajerosArribadosPartidosxAeropuerto2020-2026,MovimientosxAeropuerto2020-2026
Colombia,PSO,SKPS,Antonio Nariño Airport,2021,9,2021-09,13035,12736,57,84,25771,141,13092,12820,25912,195,193,0,0,388,0,195,193,388,disponible,disponible,PasajerosArribadosPartidosxAeropuerto2020-2026,MovimientosxAeropuerto2020-2026
Colombia,PUU,SKAS,Tres De Mayo Airport,2021,9,2021-09,4531,4674,0,0,9205,0,4531,4674,9205,133,135,0,0,268,0,133,135,268,disponible,disponible,PasajerosArribadosPartidosxAeropuerto2020-2026,MovimientosxAeropuerto2020-2026
Colombia,PVA,SKPV,El Embrujo Airport,2021,9,2021-09,118,1047,0,0,1165,0,118,1047,1165,178,181,0,0,359,0,178,181,359,disponible,disponible,PasajerosArribadosPartidosxAeropuerto2020-2026,MovimientosxAeropuerto2020-2026
Colombia,RCH,SKRH,Almirante Padilla Airport,2021,9,2021-09,5486,5640,43,36,11126,79,5529,5676,11205,94,94,0,0,188,0,94,94,188,disponible,disponible,PasajerosArribadosPartidosxAeropuerto2020-2026,MovimientosxAeropuerto2020-2026
Colombia,RVE,SKSA,Los Colonizadores Airport,2021,9,2021-09,1497,1514,0,0,3011,0,1497,1514,3011,279,289,0,0,568,0,279,289,568,disponible,disponible,PasajerosArribadosPartidosxAeropuerto2020-2026,MovimientosxAeropuerto2020-2026
Colombia,SJE,SKSJ,Jorge E. Gonzalez Torres Airport,2021,9,2021-09,1719,1839,0,0,3558,0,1719,1839,3558,434,439,0,0,873,0,434,439,873,disponible,disponible,PasajerosArribadosPartidosxAeropuerto2020-2026,MovimientosxAeropuerto2020-2026
Colombia,SMR,SKSM,Simón Bolívar International Airport,2021,9,2021-09,86602,96407,287,278,183009,565,86889,96685,183574,986,981,3,3,1967,6,989,984,1973,disponible,disponible,PasajerosArribadosPartidosxAeropuerto2020-2026,MovimientosxAeropuerto2020-2026
Colombia,SVI,SKSV,Eduardo Falla Solano Airport,2021,9,2021-09,326,311,0,0,637,0,326,311,637,39,40,0,0,79,0,39,40,79,disponible,disponible,PasajerosArribadosPartidosxAeropuerto2020-2026,MovimientosxAeropuerto2020-2026
Colombia,TCD,SKRA,Tarapacá Airport,2021,9,2021-09,,,,,,,,,,21,8,0,0,29,0,21,8,29,sin_dato,disponible,PasajerosArribadosPartidosxAeropuerto2020-2026,MovimientosxAeropuerto2020-2026
Colombia,TCO,SKCO,La Florida Airport,2021,9,2021-09,4676,4841,0,0,9517,0,4676,4841,9517,336,337,0,1,673,1,336,338,674,disponible,disponible,PasajerosArribadosPartidosxAeropuerto2020-2026,MovimientosxAeropuerto2020-2026
Colombia,TLU,SKTL,Golfo de Morrosquillo Airport,2021,9,2021-09,710,680,0,0,1390,0,710,680,1390,35,37,1,1,72,2,36,38,74,disponible,disponible,PasajerosArribadosPartidosxAeropuerto2020-2026,MovimientosxAeropuerto2020-2026
Colombia,TME,SKTM,Gustavo Vargas Airport,2021,9,2021-09,344,372,0,0,716,0,344,372,716,99,98,0,0,197,0,99,98,197,disponible,disponible,PasajerosArribadosPartidosxAeropuerto2020-2026,MovimientosxAeropuerto2020-2026
Colombia,UIB,SKUI,El Caraño Airport,2021,9,2021-09,13379,13769,0,0,27148,0,13379,13769,27148,799,801,0,0,1600,0,799,801,1600,disponible,disponible,PasajerosArribadosPartidosxAeropuerto2020-2026,MovimientosxAeropuerto2020-2026
Colombia,VUP,SKVP,Alfonso López Pumarejo Airport,2021,9,2021-09,10817,10709,37,73,21526,110,10854,10782,21636,154,163,0,0,317,0,154,163,317,disponible,disponible,PasajerosArribadosPartidosxAeropuerto2020-2026,MovimientosxAeropuerto2020-2026
Colombia,VVC,SKVV,Vanguardia Airport,2021,9,2021-09,6849,7230,0,0,14079,0,6849,7230,14079,3100,3107,0,0,6207,0,3100,3107,6207,disponible,disponible,PasajerosArribadosPartidosxAeropuerto2020-2026,MovimientosxAeropuerto2020-2026
Colombia,ADZ,SKSP,Gustavo Rojas Pinilla International Airport,2021,10,2021-10,107160,118728,754,843,225888,1597,107914,119571,227485,1106,1106,5,5,2212,10,1111,1111,2222,disponible,disponible,PasajerosArribadosPartidosxAeropuerto2020-2026,MovimientosxAeropuerto2020-2026
Colombia,APO,SKLC,Antonio Roldán Betancur Airport,2021,10,2021-10,11121,7307,0,0,18428,0,11121,7307,18428,965,964,0,0,1929,0,965,964,1929,disponible,disponible,PasajerosArribadosPartidosxAeropuerto2020-2026,MovimientosxAeropuerto2020-2026
Colombia,AUC,SKUC,Santiago Perez Airport,2021,10,2021-10,7652,6864,0,0,14516,0,7652,6864,14516,348,354,0,0,702,0,348,354,702,disponible,disponible,PasajerosArribadosPartidosxAeropuerto2020-2026,MovimientosxAeropuerto2020-2026
Colombia,AXM,SKAR,El Eden Airport,2021,10,2021-10,9429,13367,3199,2880,22796,6079,12628,16247,28875,244,246,19,19,490,38,263,265,528,disponible,disponible,PasajerosArribadosPartidosxAeropuerto2020-2026,MovimientosxAeropuerto2020-2026
Colombia,BAQ,SKBQ,Ernesto Cortissoz International Airport,2021,10,2021-10,89545,92422,15515,18292,181967,33807,105060,110714,215774,1714,1738,205,199,3452,404,1919,1937,3856,disponible,disponible,PasajerosArribadosPartidosxAeropuerto2020-2026,MovimientosxAeropuerto2020-2026
Colombia,BGA,SKBG,Palonegro Airport,2021,10,2021-10,59273,59306,3854,2902,118579,6756,63127,62208,125335,1087,1087,33,35,2174,68,1120,1122,2242,disponible,disponible,PasajerosArribadosPartidosxAeropuerto2020-2026,MovimientosxAeropuerto2020-2026
Colombia,BOG,SKBO,El Dorado International Airport,2021,10,2021-10,649857,687824,207837,238730,1337681,446567,857694,926554,1784248,8878,8921,2804,2772,17799,5576,11682,11693,23375,disponible,disponible,PasajerosArribadosPartidosxAeropuerto2020-2026,MovimientosxAeropuerto2020-2026
Colombia,BSC,SKBS,José Celestino Mutis Airport,2021,10,2021-10,3643,3341,0,0,6984,0,3643,3341,6984,440,440,0,0,880,0,440,440,880,disponible,disponible,PasajerosArribadosPartidosxAeropuerto2020-2026,MovimientosxAeropuerto2020-2026
Colombia,BUN,SKBU,Gerardo Tobar López Airport,2021,10,2021-10,354,335,0,0,689,0,354,335,689,90,88,0,0,178,0,90,88,178,disponible,disponible,PasajerosArribadosPartidosxAeropuerto2020-2026,MovimientosxAeropuerto2020-2026
Colombia,CLO,SKCL,Alfonso Bonilla Aragon International Airport,2021,10,2021-10,220027,176293,41310,36910,396320,78220,261337,213203,474540,2885,2904,308,299,5789,607,3193,3203,6396,disponible,disponible,PasajerosArribadosPartidosxAeropuerto2020-2026,MovimientosxAeropuerto2020-2026
Colombia,CTG,SKCG,Rafael Nuñez International Airport,2021,10,2021-10,140071,159650,23347,22276,299721,45623,163418,181926,345344,1791,1784,226,247,3575,473,2017,2031,4048,disponible,disponible,PasajerosArribadosPartidosxAeropuerto2020-2026,MovimientosxAeropuerto2020-2026
Colombia,CUC,SKCC,Camilo Daza International Airport,2021,10,2021-10,43869,48947,1567,1843,92816,3410,45436,50790,96226,874,871,1,2,1745,3,875,873,1748,disponible,disponible,PasajerosArribadosPartidosxAeropuerto2020-2026,MovimientosxAeropuerto2020-2026
Colombia,CZU,SKCZ,Las Brujas Airport,2021,10,2021-10,1675,1543,0,0,3218,0,1675,1543,3218,73,79,0,0,152,0,73,79,152,disponible,disponible,PasajerosArribadosPartidosxAeropuerto2020-2026,MovimientosxAeropuerto2020-2026
Colombia,EJA,SKEJ,Yariguíes Airport,2021,10,2021-10,2279,1259,11,5,3538,16,2290,1264,3554,591,588,0,0,1179,0,591,588,1179,disponible,disponible,PasajerosArribadosPartidosxAeropuerto2020-2026,MovimientosxAeropuerto2020-2026
Colombia,EOH,SKMD,Enrique Olaya Herrera Airport,2021,10,2021-10,49824,50015,12,54,99839,66,49836,50069,99905,3343,3330,2,3,6673,5,3345,3333,6678,disponible,disponible,PasajerosArribadosPartidosxAeropuerto2020-2026,MovimientosxAeropuerto2020-2026
Colombia,EYP,SKYP,El Alcaravan - Yopal Airport,2021,10,2021-10,9349,9862,0,0,19211,0,9349,9862,19211,659,661,0,0,1320,0,659,661,1320,disponible,disponible,PasajerosArribadosPartidosxAeropuerto2020-2026,MovimientosxAeropuerto2020-2026
Colombia,FLA,SKFL,Gustavo Artunduaga Paredes Airport,2021,10,2021-10,2790,5206,0,0,7996,0,2790,5206,7996,300,281,0,0,581,0,300,281,581,disponible,disponible,PasajerosArribadosPartidosxAeropuerto2020-2026,MovimientosxAeropuerto2020-2026
Colombia,GPI,SKGP,Guapi Airport,2021,10,2021-10,3086,3198,0,0,6284,0,3086,3198,6284,142,142,0,0,284,0,142,142,284,disponible,disponible,PasajerosArribadosPartidosxAeropuerto2020-2026,MovimientosxAeropuerto2020-2026
Colombia,IBE,SKIB,Perales Airport,2021,10,2021-10,2882,3143,0,0,6025,0,2882,3143,6025,276,279,0,0,555,0,276,279,555,disponible,disponible,PasajerosArribadosPartidosxAeropuerto2020-2026,MovimientosxAeropuerto2020-2026
Colombia,IPI,SKIP,San Luis Airport,2021,10,2021-10,1269,1215,0,0,2484,0,1269,1215,2484,36,36,0,0,72,0,36,36,72,disponible,disponible,PasajerosArribadosPartidosxAeropuerto2020-2026,MovimientosxAeropuerto2020-2026
Colombia,LCR,SKHZ,Virgilio Barco Vargas (La Chorrera) Airport,2021,10,2021-10,,,,,,,,,,23,14,0,0,37,0,23,14,37,sin_dato,disponible,PasajerosArribadosPartidosxAeropuerto2020-2026,MovimientosxAeropuerto2020-2026
Colombia,LET,SKLT,Alfredo Vásquez Cobo International Airport,2021,10,2021-10,7961,9549,2,0,17510,2,7963,9549,17512,204,217,5,6,421,11,209,223,432,disponible,disponible,PasajerosArribadosPartidosxAeropuerto2020-2026,MovimientosxAeropuerto2020-2026
Colombia,LMC,SKNA,La Macarena Airport,2021,10,2021-10,2203,2252,0,0,4455,0,2203,2252,4455,368,352,0,0,720,0,368,352,720,disponible,disponible,PasajerosArribadosPartidosxAeropuerto2020-2026,MovimientosxAeropuerto2020-2026
Colombia,LPD,SKLP,La Pedrera Airport,2021,10,2021-10,204,152,0,0,356,0,204,152,356,46,33,0,0,79,0,46,33,79,disponible,disponible,PasajerosArribadosPartidosxAeropuerto2020-2026,MovimientosxAeropuerto2020-2026
Colombia,LQM,SKLG,Caucaya Airport,2021,10,2021-10,620,610,0,0,1230,0,620,610,1230,43,39,0,0,82,0,43,39,82,disponible,disponible,PasajerosArribadosPartidosxAeropuerto2020-2026,MovimientosxAeropuerto2020-2026
Colombia,MDE,SKRG,Jose Maria Córdova International Airport,2021,10,2021-10,312999,277637,79520,81910,590636,161430,392519,359547,752066,3056,3013,781,806,6069,1587,3837,3819,7656,disponible,disponible,PasajerosArribadosPartidosxAeropuerto2020-2026,MovimientosxAeropuerto2020-2026
Colombia,MTR,SKMR,Los Garzones Airport,2021,10,2021-10,50084,40673,201,204,90757,405,50285,40877,91162,778,767,0,0,1545,0,778,767,1545,disponible,disponible,PasajerosArribadosPartidosxAeropuerto2020-2026,MovimientosxAeropuerto2020-2026
Colombia,MVP,SKMU,Fabio Alberto Leon Bentley Airport,2021,10,2021-10,1732,2011,0,0,3743,0,1732,2011,3743,611,607,0,0,1218,0,611,607,1218,disponible,disponible,PasajerosArribadosPartidosxAeropuerto2020-2026,MovimientosxAeropuerto2020-2026
Colombia,MZL,SKMZ,La Nubia Airport,2021,10,2021-10,4182,6113,0,0,10295,0,4182,6113,10295,200,197,0,0,397,0,200,197,397,disponible,disponible,PasajerosArribadosPartidosxAeropuerto2020-2026,MovimientosxAeropuerto2020-2026
Colombia,NQU,SKNQ,Reyes Murillo Airport,2021,10,2021-10,2610,2723,0,0,5333,0,2610,2723,5333,276,276,0,0,552,0,276,276,552,disponible,disponible,PasajerosArribadosPartidosxAeropuerto2020-2026,MovimientosxAeropuerto2020-2026
Colombia,NVA,SKNV,Benito Salas Airport,2021,10,2021-10,8623,8805,0,0,17428,0,8623,8805,17428,449,444,0,0,893,0,449,444,893,disponible,disponible,PasajerosArribadosPartidosxAeropuerto2020-2026,MovimientosxAeropuerto2020-2026
Colombia,PCR,SKPC,German Olano Airport,2021,10,2021-10,1719,1935,0,0,3654,0,1719,1935,3654,114,117,0,0,231,0,114,117,231,disponible,disponible,PasajerosArribadosPartidosxAeropuerto2020-2026,MovimientosxAeropuerto2020-2026
Colombia,PDA,SKPD,Obando Cesar Gaviria Trujillo Airport,2021,10,2021-10,,,,,,,,,,168,171,0,0,339,0,168,171,339,sin_dato,disponible,PasajerosArribadosPartidosxAeropuerto2020-2026,MovimientosxAeropuerto2020-2026
Colombia,PEI,SKPE,Matecaña International Airport,2021,10,2021-10,67906,54199,9515,9540,122105,19055,77421,63739,141160,931,941,58,59,1872,117,989,1000,1989,disponible,disponible,PasajerosArribadosPartidosxAeropuerto2020-2026,MovimientosxAeropuerto2020-2026
Colombia,PPN,SKPP,Guillermo León Valencia Airport,2021,10,2021-10,3569,2022,0,0,5591,0,3569,2022,5591,294,293,0,0,587,0,294,293,587,disponible,disponible,PasajerosArribadosPartidosxAeropuerto2020-2026,MovimientosxAeropuerto2020-2026
Colombia,PSO,SKPS,Antonio Nariño Airport,2021,10,2021-10,11673,12964,89,82,24637,171,11762,13046,24808,217,214,0,0,431,0,217,214,431,disponible,disponible,PasajerosArribadosPartidosxAeropuerto2020-2026,MovimientosxAeropuerto2020-2026
Colombia,PUU,SKAS,Tres De Mayo Airport,2021,10,2021-10,4562,4787,0,0,9349,0,4562,4787,9349,180,178,0,0,358,0,180,178,358,disponible,disponible,PasajerosArribadosPartidosxAeropuerto2020-2026,MovimientosxAeropuerto2020-2026
Colombia,PVA,SKPV,El Embrujo Airport,2021,10,2021-10,128,111,0,0,239,0,128,111,239,190,190,0,0,380,0,190,190,380,disponible,disponible,PasajerosArribadosPartidosxAeropuerto2020-2026,MovimientosxAeropuerto2020-2026
Colombia,RCH,SKRH,Almirante Padilla Airport,2021,10,2021-10,5851,6054,47,44,11905,91,5898,6098,11996,98,110,0,1,208,1,98,111,209,disponible,disponible,PasajerosArribadosPartidosxAeropuerto2020-2026,MovimientosxAeropuerto2020-2026
Colombia,RVE,SKSA,Los Colonizadores Airport,2021,10,2021-10,1523,1578,0,0,3101,0,1523,1578,3101,206,208,0,0,414,0,206,208,414,disponible,disponible,PasajerosArribadosPartidosxAeropuerto2020-2026,MovimientosxAeropuerto2020-2026
Colombia,SJE,SKSJ,Jorge E. Gonzalez Torres Airport,2021,10,2021-10,2060,2118,0,0,4178,0,2060,2118,4178,537,551,0,0,1088,0,537,551,1088,disponible,disponible,PasajerosArribadosPartidosxAeropuerto2020-2026,MovimientosxAeropuerto2020-2026
Colombia,SMR,SKSM,Simón Bolívar International Airport,2021,10,2021-10,100115,120427,304,273,220542,577,100419,120700,221119,1089,1087,9,10,2176,19,1098,1097,2195,disponible,disponible,PasajerosArribadosPartidosxAeropuerto2020-2026,MovimientosxAeropuerto2020-2026
Colombia,SVI,SKSV,Eduardo Falla Solano Airport,2021,10,2021-10,357,412,0,0,769,0,357,412,769,41,36,0,0,77,0,41,36,77,disponible,disponible,PasajerosArribadosPartidosxAeropuerto2020-2026,MovimientosxAeropuerto2020-2026
Colombia,TCD,SKRA,Tarapacá Airport,2021,10,2021-10,,,,,,,,,,28,24,0,0,52,0,28,24,52,sin_dato,disponible,PasajerosArribadosPartidosxAeropuerto2020-2026,MovimientosxAeropuerto2020-2026
Colombia,TCO,SKCO,La Florida Airport,2021,10,2021-10,3727,5048,0,0,8775,0,3727,5048,8775,315,315,0,0,630,0,315,315,630,disponible,disponible,PasajerosArribadosPartidosxAeropuerto2020-2026,MovimientosxAeropuerto2020-2026
Colombia,TLU,SKTL,Golfo de Morrosquillo Airport,2021,10,2021-10,743,757,0,0,1500,0,743,757,1500,70,74,5,5,144,10,75,79,154,disponible,disponible,PasajerosArribadosPartidosxAeropuerto2020-2026,MovimientosxAeropuerto2020-2026
Colombia,TME,SKTM,Gustavo Vargas Airport,2021,10,2021-10,365,379,0,0,744,0,365,379,744,114,106,0,0,220,0,114,106,220,disponible,disponible,PasajerosArribadosPartidosxAeropuerto2020-2026,MovimientosxAeropuerto2020-2026
Colombia,UIB,SKUI,El Caraño Airport,2021,10,2021-10,13837,14547,0,0,28384,0,13837,14547,28384,778,775,0,0,1553,0,778,775,1553,disponible,disponible,PasajerosArribadosPartidosxAeropuerto2020-2026,MovimientosxAeropuerto2020-2026
Colombia,VUP,SKVP,Alfonso López Pumarejo Airport,2021,10,2021-10,10671,7291,79,111,17962,190,10750,7402,18152,191,197,2,1,388,3,193,198,391,disponible,disponible,PasajerosArribadosPartidosxAeropuerto2020-2026,MovimientosxAeropuerto2020-2026
Colombia,VVC,SKVV,Vanguardia Airport,2021,10,2021-10,6416,6613,0,0,13029,0,6416,6613,13029,2057,2049,0,0,4106,0,2057,2049,4106,disponible,disponible,PasajerosArribadosPartidosxAeropuerto2020-2026,MovimientosxAeropuerto2020-2026
Colombia,ADZ,SKSP,Gustavo Rojas Pinilla International Airport,2021,11,2021-11,123585,128874,1270,1378,252459,2648,124855,130252,255107,1160,1169,1,1,2329,2,1161,1170,2331,disponible,disponible,PasajerosArribadosPartidosxAeropuerto2020-2026,MovimientosxAeropuerto2020-2026
Colombia,APO,SKLC,Antonio Roldán Betancur Airport,2021,11,2021-11,6836,11247,0,0,18083,0,6836,11247,18083,826,826,0,0,1652,0,826,826,1652,disponible,disponible,PasajerosArribadosPartidosxAeropuerto2020-2026,MovimientosxAeropuerto2020-2026
Colombia,AUC,SKUC,Santiago Perez Airport,2021,11,2021-11,7441,4372,0,0,11813,0,7441,4372,11813,386,386,0,0,772,0,386,386,772,disponible,disponible,PasajerosArribadosPartidosxAeropuerto2020-2026,MovimientosxAeropuerto2020-2026
Colombia,AXM,SKAR,El Eden Airport,2021,11,2021-11,12936,16980,4373,3550,29916,7923,17309,20530,37839,251,249,16,16,500,32,267,265,532,disponible,disponible,PasajerosArribadosPartidosxAeropuerto2020-2026,MovimientosxAeropuerto2020-2026
Colombia,BAQ,SKBQ,Ernesto Cortissoz International Airport,2021,11,2021-11,100958,101315,13551,14922,202273,28473,114509,116237,230746,1678,1709,205,190,3387,395,1883,1899,3782,disponible,disponible,PasajerosArribadosPartidosxAeropuerto2020-2026,MovimientosxAeropuerto2020-2026
Colombia,BGA,SKBG,Palonegro Airport,2021,11,2021-11,47135,73362,5192,4589,120497,9781,52327,77951,130278,1156,1160,29,27,2316,56,1185,1187,2372,disponible,disponible,PasajerosArribadosPartidosxAeropuerto2020-2026,MovimientosxAeropuerto2020-2026
Colombia,BOG,SKBO,El Dorado International Airport,2021,11,2021-11,665469,766810,261091,261286,1432279,522377,926560,1028096,1954656,9261,9282,3258,3199,18543,6457,12519,12481,25000,disponible,disponible,PasajerosArribadosPartidosxAeropuerto2020-2026,MovimientosxAeropuerto2020-2026
Colombia,BSC,SKBS,José Celestino Mutis Airport,2021,11,2021-11,2968,3045,0,0,6013,0,2968,3045,6013,392,387,0,0,779,0,392,387,779,disponible,disponible,PasajerosArribadosPartidosxAeropuerto2020-2026,MovimientosxAeropuerto2020-2026
Colombia,BUN,SKBU,Gerardo Tobar López Airport,2021,11,2021-11,331,327,0,0,658,0,331,327,658,52,50,0,0,102,0,52,50,102,disponible,disponible,PasajerosArribadosPartidosxAeropuerto2020-2026,MovimientosxAeropuerto2020-2026
Colombia,CLO,SKCL,Alfonso Bonilla Aragon International Airport,2021,11,2021-11,235705,225640,46713,45127,461345,91840,282418,270767,553185,3050,3052,342,333,6102,675,3392,3385,6777,disponible,disponible,PasajerosArribadosPartidosxAeropuerto2020-2026,MovimientosxAeropuerto2020-2026
Colombia,CTG,SKCG,Rafael Nuñez International Airport,2021,11,2021-11,211844,210974,22330,30279,422818,52609,234174,241253,475427,2092,2092,227,255,4184,482,2319,2347,4666,disponible,disponible,PasajerosArribadosPartidosxAeropuerto2020-2026,MovimientosxAeropuerto2020-2026
Colombia,CUC,SKCC,Camilo Daza International Airport,2021,11,2021-11,47283,53597,2212,2822,100880,5034,49495,56419,105914,679,675,3,3,1354,6,682,678,1360,disponible,disponible,PasajerosArribadosPartidosxAeropuerto2020-2026,MovimientosxAeropuerto2020-2026
Colombia,CZU,SKCZ,Las Brujas Airport,2021,11,2021-11,2328,2256,0,0,4584,0,2328,2256,4584,76,82,0,0,158,0,76,82,158,disponible,disponible,PasajerosArribadosPartidosxAeropuerto2020-2026,MovimientosxAeropuerto2020-2026
Colombia,EJA,SKEJ,Yariguíes Airport,2021,11,2021-11,3083,3180,25,13,6263,38,3108,3193,6301,324,330,0,0,654,0,324,330,654,disponible,disponible,PasajerosArribadosPartidosxAeropuerto2020-2026,MovimientosxAeropuerto2020-2026
Colombia,EOH,SKMD,Enrique Olaya Herrera Airport,2021,11,2021-11,48733,44917,19,0,93650,19,48752,44917,93669,3124,3104,3,2,6228,5,3127,3106,6233,disponible,disponible,PasajerosArribadosPartidosxAeropuerto2020-2026,MovimientosxAeropuerto2020-2026
Colombia,EYP,SKYP,El Alcaravan - Yopal Airport,2021,11,2021-11,13308,6792,0,0,20100,0,13308,6792,20100,868,864,0,0,1732,0,868,864,1732,disponible,disponible,PasajerosArribadosPartidosxAeropuerto2020-2026,MovimientosxAeropuerto2020-2026
Colombia,FLA,SKFL,Gustavo Artunduaga Paredes Airport,2021,11,2021-11,5158,5345,0,0,10503,0,5158,5345,10503,299,302,1,0,601,1,300,302,602,disponible,disponible,PasajerosArribadosPartidosxAeropuerto2020-2026,MovimientosxAeropuerto2020-2026
Colombia,GPI,SKGP,Guapi Airport,2021,11,2021-11,1287,3114,0,0,4401,0,1287,3114,4401,146,145,0,0,291,0,146,145,291,disponible,disponible,PasajerosArribadosPartidosxAeropuerto2020-2026,MovimientosxAeropuerto2020-2026
Colombia,IBE,SKIB,Perales Airport,2021,11,2021-11,3861,3993,0,0,7854,0,3861,3993,7854,248,249,0,0,497,0,248,249,497,disponible,disponible,PasajerosArribadosPartidosxAeropuerto2020-2026,MovimientosxAeropuerto2020-2026
Colombia,IPI,SKIP,San Luis Airport,2021,11,2021-11,1186,1159,0,0,2345,0,1186,1159,2345,40,40,0,0,80,0,40,40,80,disponible,disponible,PasajerosArribadosPartidosxAeropuerto2020-2026,MovimientosxAeropuerto2020-2026
Colombia,LCR,SKHZ,Virgilio Barco Vargas (La Chorrera) Airport,2021,11,2021-11,,,,,,,,,,22,22,0,0,44,0,22,22,44,sin_dato,disponible,PasajerosArribadosPartidosxAeropuerto2020-2026,MovimientosxAeropuerto2020-2026
Colombia,LET,SKLT,Alfredo Vásquez Cobo International Airport,2021,11,2021-11,11816,6880,7,3,18696,10,11823,6883,18706,244,247,17,15,491,32,261,262,523,disponible,disponible,PasajerosArribadosPartidosxAeropuerto2020-2026,MovimientosxAeropuerto2020-2026
Colombia,LMC,SKNA,La Macarena Airport,2021,11,2021-11,1257,1573,0,0,2830,0,1257,1573,2830,304,290,0,0,594,0,304,290,594,disponible,disponible,PasajerosArribadosPartidosxAeropuerto2020-2026,MovimientosxAeropuerto2020-2026
Colombia,LPD,SKLP,La Pedrera Airport,2021,11,2021-11,285,264,0,0,549,0,285,264,549,65,52,0,0,117,0,65,52,117,disponible,disponible,PasajerosArribadosPartidosxAeropuerto2020-2026,MovimientosxAeropuerto2020-2026
Colombia,LQM,SKLG,Caucaya Airport,2021,11,2021-11,581,626,0,0,1207,0,581,626,1207,45,44,2,0,89,2,47,44,91,disponible,disponible,PasajerosArribadosPartidosxAeropuerto2020-2026,MovimientosxAeropuerto2020-2026
Colombia,MDE,SKRG,Jose Maria Córdova International Airport,2021,11,2021-11,338218,244898,81762,84914,583116,166676,419980,329812,749792,3156,3120,768,809,6276,1577,3924,3929,7853,disponible,disponible,PasajerosArribadosPartidosxAeropuerto2020-2026,MovimientosxAeropuerto2020-2026
Colombia,MTR,SKMR,Los Garzones Airport,2021,11,2021-11,58429,58065,288,290,116494,578,58717,58355,117072,797,795,0,0,1592,0,797,795,1592,disponible,disponible,PasajerosArribadosPartidosxAeropuerto2020-2026,MovimientosxAeropuerto2020-2026
Colombia,MVP,SKMU,Fabio Alberto Leon Bentley Airport,2021,11,2021-11,1828,1984,0,0,3812,0,1828,1984,3812,690,679,0,0,1369,0,690,679,1369,disponible,disponible,PasajerosArribadosPartidosxAeropuerto2020-2026,MovimientosxAeropuerto2020-2026
Colombia,MZL,SKMZ,La Nubia Airport,2021,11,2021-11,6073,4127,0,0,10200,0,6073,4127,10200,189,187,0,0,376,0,189,187,376,disponible,disponible,PasajerosArribadosPartidosxAeropuerto2020-2026,MovimientosxAeropuerto2020-2026
Colombia,NQU,SKNQ,Reyes Murillo Airport,2021,11,2021-11,1470,1398,0,0,2868,0,1470,1398,2868,204,203,0,0,407,0,204,203,407,disponible,disponible,PasajerosArribadosPartidosxAeropuerto2020-2026,MovimientosxAeropuerto2020-2026
Colombia,NVA,SKNV,Benito Salas Airport,2021,11,2021-11,9017,9184,0,0,18201,0,9017,9184,18201,430,432,0,0,862,0,430,432,862,disponible,disponible,PasajerosArribadosPartidosxAeropuerto2020-2026,MovimientosxAeropuerto2020-2026
Colombia,PCR,SKPC,German Olano Airport,2021,11,2021-11,1751,1902,0,0,3653,0,1751,1902,3653,146,141,0,0,287,0,146,141,287,disponible,disponible,PasajerosArribadosPartidosxAeropuerto2020-2026,MovimientosxAeropuerto2020-2026
Colombia,PDA,SKPD,Obando Cesar Gaviria Trujillo Airport,2021,11,2021-11,,,,,,,,,,194,194,0,0,388,0,194,194,388,sin_dato,disponible,PasajerosArribadosPartidosxAeropuerto2020-2026,MovimientosxAeropuerto2020-2026
Colombia,PEI,SKPE,Matecaña International Airport,2021,11,2021-11,57789,56323,11203,10637,114112,21840,68992,66960,135952,995,987,56,56,1982,112,1051,1043,2094,disponible,disponible,PasajerosArribadosPartidosxAeropuerto2020-2026,MovimientosxAeropuerto2020-2026
Colombia,PPN,SKPP,Guillermo León Valencia Airport,2021,11,2021-11,3264,3127,0,0,6391,0,3264,3127,6391,273,272,0,0,545,0,273,272,545,disponible,disponible,PasajerosArribadosPartidosxAeropuerto2020-2026,MovimientosxAeropuerto2020-2026
Colombia,PSO,SKPS,Antonio Nariño Airport,2021,11,2021-11,19051,18162,148,116,37213,264,19199,18278,37477,267,262,0,0,529,0,267,262,529,disponible,disponible,PasajerosArribadosPartidosxAeropuerto2020-2026,MovimientosxAeropuerto2020-2026
Colombia,PUU,SKAS,Tres De Mayo Airport,2021,11,2021-11,5031,2092,0,0,7123,0,5031,2092,7123,188,187,0,0,375,0,188,187,375,disponible,disponible,PasajerosArribadosPartidosxAeropuerto2020-2026,MovimientosxAeropuerto2020-2026
Colombia,PVA,SKPV,El Embrujo Airport,2021,11,2021-11,1132,109,0,0,1241,0,1132,109,1241,181,181,0,0,362,0,181,181,362,disponible,disponible,PasajerosArribadosPartidosxAeropuerto2020-2026,MovimientosxAeropuerto2020-2026
Colombia,RCH,SKRH,Almirante Padilla Airport,2021,11,2021-11,15002,16230,131,184,31232,315,15133,16414,31547,137,148,1,2,285,3,138,150,288,disponible,disponible,PasajerosArribadosPartidosxAeropuerto2020-2026,MovimientosxAeropuerto2020-2026
Colombia,RVE,SKSA,Los Colonizadores Airport,2021,11,2021-11,1497,1573,0,0,3070,0,1497,1573,3070,200,199,0,0,399,0,200,199,399,disponible,disponible,PasajerosArribadosPartidosxAeropuerto2020-2026,MovimientosxAeropuerto2020-2026
Colombia,SJE,SKSJ,Jorge E. Gonzalez Torres Airport,2021,11,2021-11,2058,2165,0,0,4223,0,2058,2165,4223,540,535,0,0,1075,0,540,535,1075,disponible,disponible,PasajerosArribadosPartidosxAeropuerto2020-2026,MovimientosxAeropuerto2020-2026
Colombia,SMR,SKSM,Simón Bolívar International Airport,2021,11,2021-11,142380,120183,582,613,262563,1195,142962,120796,263758,1166,1163,4,3,2329,7,1170,1166,2336,disponible,disponible,PasajerosArribadosPartidosxAeropuerto2020-2026,MovimientosxAeropuerto2020-2026
Colombia,SVI,SKSV,Eduardo Falla Solano Airport,2021,11,2021-11,356,376,0,0,732,0,356,376,732,24,22,0,0,46,0,24,22,46,disponible,disponible,PasajerosArribadosPartidosxAeropuerto2020-2026,MovimientosxAeropuerto2020-2026
Colombia,TCD,SKRA,Tarapacá Airport,2021,11,2021-11,,,,,,,,,,30,24,0,0,54,0,30,24,54,sin_dato,disponible,PasajerosArribadosPartidosxAeropuerto2020-2026,MovimientosxAeropuerto2020-2026
Colombia,TCO,SKCO,La Florida Airport,2021,11,2021-11,5102,5189,0,0,10291,0,5102,5189,10291,292,284,0,0,576,0,292,284,576,disponible,disponible,PasajerosArribadosPartidosxAeropuerto2020-2026,MovimientosxAeropuerto2020-2026
Colombia,TLU,SKTL,Golfo de Morrosquillo Airport,2021,11,2021-11,781,816,0,0,1597,0,781,816,1597,57,57,3,1,114,4,60,58,118,disponible,disponible,PasajerosArribadosPartidosxAeropuerto2020-2026,MovimientosxAeropuerto2020-2026
Colombia,TME,SKTM,Gustavo Vargas Airport,2021,11,2021-11,414,432,0,0,846,0,414,432,846,112,107,0,0,219,0,112,107,219,disponible,disponible,PasajerosArribadosPartidosxAeropuerto2020-2026,MovimientosxAeropuerto2020-2026
Colombia,UIB,SKUI,El Caraño Airport,2021,11,2021-11,14673,14743,0,0,29416,0,14673,14743,29416,787,790,0,1,1577,1,787,791,1578,disponible,disponible,PasajerosArribadosPartidosxAeropuerto2020-2026,MovimientosxAeropuerto2020-2026
Colombia,VUP,SKVP,Alfonso López Pumarejo Airport,2021,11,2021-11,20008,20018,158,153,40026,311,20166,20171,40337,259,269,0,0,528,0,259,269,528,disponible,disponible,PasajerosArribadosPartidosxAeropuerto2020-2026,MovimientosxAeropuerto2020-2026
Colombia,VVC,SKVV,Vanguardia Airport,2021,11,2021-11,6806,6664,0,0,13470,0,6806,6664,13470,2028,2036,0,0,4064,0,2028,2036,4064,disponible,disponible,PasajerosArribadosPartidosxAeropuerto2020-2026,MovimientosxAeropuerto2020-2026
Colombia,ADZ,SKSP,Gustavo Rojas Pinilla International Airport,2021,12,2021-12,101204,118750,829,862,219954,1691,102033,119612,221645,1290,1285,13,14,2575,27,1303,1299,2602,disponible,disponible,PasajerosArribadosPartidosxAeropuerto2020-2026,MovimientosxAeropuerto2020-2026
Colombia,APO,SKLC,Antonio Roldán Betancur Airport,2021,12,2021-12,12873,12619,0,0,25492,0,12873,12619,25492,933,927,0,1,1860,1,933,928,1861,disponible,disponible,PasajerosArribadosPartidosxAeropuerto2020-2026,MovimientosxAeropuerto2020-2026
Colombia,AUC,SKUC,Santiago Perez Airport,2021,12,2021-12,8119,7024,0,0,15143,0,8119,7024,15143,384,386,0,0,770,0,384,386,770,disponible,disponible,PasajerosArribadosPartidosxAeropuerto2020-2026,MovimientosxAeropuerto2020-2026
Colombia,AXM,SKAR,El Eden Airport,2021,12,2021-12,18829,13353,4639,3436,32182,8075,23468,16789,40257,258,260,26,26,518,52,284,286,570,disponible,disponible,PasajerosArribadosPartidosxAeropuerto2020-2026,MovimientosxAeropuerto2020-2026
Colombia,BAQ,SKBQ,Ernesto Cortissoz International Airport,2021,12,2021-12,114914,52996,25483,18508,167910,43991,140397,71504,211901,1818,1834,228,225,3652,453,2046,2059,4105,disponible,disponible,PasajerosArribadosPartidosxAeropuerto2020-2026,MovimientosxAeropuerto2020-2026
Colombia,BGA,SKBG,Palonegro Airport,2021,12,2021-12,80872,52892,6524,5780,133764,12304,87396,58672,146068,1197,1188,39,40,2385,79,1236,1228,2464,disponible,disponible,PasajerosArribadosPartidosxAeropuerto2020-2026,MovimientosxAeropuerto2020-2026
Colombia,BOG,SKBO,El Dorado International Airport,2021,12,2021-12,733777,853302,318705,319656,1587079,638361,1052482,1172958,2225440,9696,9749,3743,3686,19445,7429,13439,13435,26874,disponible,disponible,PasajerosArribadosPartidosxAeropuerto2020-2026,MovimientosxAeropuerto2020-2026
Colombia,BSC,SKBS,José Celestino Mutis Airport,2021,12,2021-12,4209,3443,0,0,7652,0,4209,3443,7652,455,455,0,0,910,0,455,455,910,disponible,disponible,PasajerosArribadosPartidosxAeropuerto2020-2026,MovimientosxAeropuerto2020-2026
Colombia,BUN,SKBU,Gerardo Tobar López Airport,2021,12,2021-12,258,289,0,0,547,0,258,289,547,50,49,0,0,99,0,50,49,99,disponible,disponible,PasajerosArribadosPartidosxAeropuerto2020-2026,MovimientosxAeropuerto2020-2026
Colombia,CLO,SKCL,Alfonso Bonilla Aragon International Airport,2021,12,2021-12,225384,258423,60649,49347,483807,109996,286033,307770,593803,3246,3273,445,431,6519,876,3691,3704,7395,disponible,disponible,PasajerosArribadosPartidosxAeropuerto2020-2026,MovimientosxAeropuerto2020-2026
Colombia,CTG,SKCG,Rafael Nuñez International Airport,2021,12,2021-12,254237,194002,36651,29577,448239,66228,290888,223579,514467,2273,2267,284,307,4540,591,2557,2574,5131,disponible,disponible,PasajerosArribadosPartidosxAeropuerto2020-2026,MovimientosxAeropuerto2020-2026
Colombia,CUC,SKCC,Camilo Daza International Airport,2021,12,2021-12,35867,43887,4558,4372,79754,8930,40425,48259,88684,683,677,13,14,1360,27,696,691,1387,disponible,disponible,PasajerosArribadosPartidosxAeropuerto2020-2026,MovimientosxAeropuerto2020-2026
Colombia,CZU,SKCZ,Las Brujas Airport,2021,12,2021-12,1132,2259,0,0,3391,0,1132,2259,3391,95,104,0,0,199,0,95,104,199,disponible,disponible,PasajerosArribadosPartidosxAeropuerto2020-2026,MovimientosxAeropuerto2020-2026
Colombia,EJA,SKEJ,Yariguíes Airport,2021,12,2021-12,3767,3667,39,21,7434,60,3806,3688,7494,287,308,0,0,595,0,287,308,595,disponible,disponible,PasajerosArribadosPartidosxAeropuerto2020-2026,MovimientosxAeropuerto2020-2026
Colombia,EOH,SKMD,Enrique Olaya Herrera Airport,2021,12,2021-12,53643,56498,3,8,110141,11,53646,56506,110152,3404,3394,2,3,6798,5,3406,3397,6803,disponible,disponible,PasajerosArribadosPartidosxAeropuerto2020-2026,MovimientosxAeropuerto2020-2026
Colombia,EYP,SKYP,El Alcaravan - Yopal Airport,2021,12,2021-12,14240,13314,0,0,27554,0,14240,13314,27554,795,799,0,0,1594,0,795,799,1594,disponible,disponible,PasajerosArribadosPartidosxAeropuerto2020-2026,MovimientosxAeropuerto2020-2026
Colombia,FLA,SKFL,Gustavo Artunduaga Paredes Airport,2021,12,2021-12,4007,5021,0,0,9028,0,4007,5021,9028,235,239,0,0,474,0,235,239,474,disponible,disponible,PasajerosArribadosPartidosxAeropuerto2020-2026,MovimientosxAeropuerto2020-2026
Colombia,GPI,SKGP,Guapi Airport,2021,12,2021-12,3439,3373,0,0,6812,0,3439,3373,6812,167,170,0,0,337,0,167,170,337,disponible,disponible,PasajerosArribadosPartidosxAeropuerto2020-2026,MovimientosxAeropuerto2020-2026
Colombia,IBE,SKIB,Perales Airport,2021,12,2021-12,4448,4147,0,0,8595,0,4448,4147,8595,234,237,0,0,471,0,234,237,471,disponible,disponible,PasajerosArribadosPartidosxAeropuerto2020-2026,MovimientosxAeropuerto2020-2026
Colombia,IPI,SKIP,San Luis Airport,2021,12,2021-12,1339,1233,0,0,2572,0,1339,1233,2572,41,41,0,0,82,0,41,41,82,disponible,disponible,PasajerosArribadosPartidosxAeropuerto2020-2026,MovimientosxAeropuerto2020-2026
Colombia,LCR,SKHZ,Virgilio Barco Vargas (La Chorrera) Airport,2021,12,2021-12,,,,,,,,,,30,30,0,0,60,0,30,30,60,sin_dato,disponible,PasajerosArribadosPartidosxAeropuerto2020-2026,MovimientosxAeropuerto2020-2026
Colombia,LET,SKLT,Alfredo Vásquez Cobo International Airport,2021,12,2021-12,12516,17471,21,8,29987,29,12537,17479,30016,274,281,7,6,555,13,281,287,568,disponible,disponible,PasajerosArribadosPartidosxAeropuerto2020-2026,MovimientosxAeropuerto2020-2026
Colombia,LMC,SKNA,La Macarena Airport,2021,12,2021-12,587,671,0,0,1258,0,587,671,1258,235,231,0,0,466,0,235,231,466,disponible,disponible,PasajerosArribadosPartidosxAeropuerto2020-2026,MovimientosxAeropuerto2020-2026
Colombia,LPD,SKLP,La Pedrera Airport,2021,12,2021-12,295,339,0,0,634,0,295,339,634,39,40,0,0,79,0,39,40,79,disponible,disponible,PasajerosArribadosPartidosxAeropuerto2020-2026,MovimientosxAeropuerto2020-2026
Colombia,LQM,SKLG,Caucaya Airport,2021,12,2021-12,532,564,0,0,1096,0,532,564,1096,48,49,0,0,97,0,48,49,97,disponible,disponible,PasajerosArribadosPartidosxAeropuerto2020-2026,MovimientosxAeropuerto2020-2026
Colombia,MDE,SKRG,Jose Maria Córdova International Airport,2021,12,2021-12,334654,361283,109718,87976,695937,197694,444372,449259,893631,3489,3443,909,943,6932,1852,4398,4386,8784,disponible,disponible,PasajerosArribadosPartidosxAeropuerto2020-2026,MovimientosxAeropuerto2020-2026
Colombia,MTR,SKMR,Los Garzones Airport,2021,12,2021-12,53834,34067,414,282,87901,696,54248,34349,88597,824,831,1,0,1655,1,825,831,1656,disponible,disponible,PasajerosArribadosPartidosxAeropuerto2020-2026,MovimientosxAeropuerto2020-2026
Colombia,MVP,SKMU,Fabio Alberto Leon Bentley Airport,2021,12,2021-12,1738,1974,0,0,3712,0,1738,1974,3712,679,663,0,0,1342,0,679,663,1342,disponible,disponible,PasajerosArribadosPartidosxAeropuerto2020-2026,MovimientosxAeropuerto2020-2026
Colombia,MZL,SKMZ,La Nubia Airport,2021,12,2021-12,7666,6778,0,0,14444,0,7666,6778,14444,213,205,0,0,418,0,213,205,418,disponible,disponible,PasajerosArribadosPartidosxAeropuerto2020-2026,MovimientosxAeropuerto2020-2026
Colombia,NQU,SKNQ,Reyes Murillo Airport,2021,12,2021-12,2987,1896,0,0,4883,0,2987,1896,4883,277,276,0,0,553,0,277,276,553,disponible,disponible,PasajerosArribadosPartidosxAeropuerto2020-2026,MovimientosxAeropuerto2020-2026
Colombia,NVA,SKNV,Benito Salas Airport,2021,12,2021-12,9761,9026,0,0,18787,0,9761,9026,18787,487,484,0,0,971,0,487,484,971,disponible,disponible,PasajerosArribadosPartidosxAeropuerto2020-2026,MovimientosxAeropuerto2020-2026
Colombia,PCR,SKPC,German Olano Airport,2021,12,2021-12,1693,1998,0,0,3691,0,1693,1998,3691,163,167,0,0,330,0,163,167,330,disponible,disponible,PasajerosArribadosPartidosxAeropuerto2020-2026,MovimientosxAeropuerto2020-2026
Colombia,PDA,SKPD,Obando Cesar Gaviria Trujillo Airport,2021,12,2021-12,,,,,,,,,,204,204,0,0,408,0,204,204,408,sin_dato,disponible,PasajerosArribadosPartidosxAeropuerto2020-2026,MovimientosxAeropuerto2020-2026
Colombia,PEI,SKPE,Matecaña International Airport,2021,12,2021-12,94540,89343,15129,9363,183883,24492,109669,98706,208375,1066,1066,65,66,2132,131,1131,1132,2263,disponible,disponible,PasajerosArribadosPartidosxAeropuerto2020-2026,MovimientosxAeropuerto2020-2026
Colombia,PPN,SKPP,Guillermo León Valencia Airport,2021,12,2021-12,3845,3752,0,0,7597,0,3845,3752,7597,255,254,0,0,509,0,255,254,509,disponible,disponible,PasajerosArribadosPartidosxAeropuerto2020-2026,MovimientosxAeropuerto2020-2026
Colombia,PSO,SKPS,Antonio Nariño Airport,2021,12,2021-12,24333,21414,215,166,45747,381,24548,21580,46128,273,273,0,0,546,0,273,273,546,disponible,disponible,PasajerosArribadosPartidosxAeropuerto2020-2026,MovimientosxAeropuerto2020-2026
Colombia,PUU,SKAS,Tres De Mayo Airport,2021,12,2021-12,5664,5482,0,0,11146,0,5664,5482,11146,189,187,0,0,376,0,189,187,376,disponible,disponible,PasajerosArribadosPartidosxAeropuerto2020-2026,MovimientosxAeropuerto2020-2026
Colombia,PVA,SKPV,El Embrujo Airport,2021,12,2021-12,1111,1506,14,0,2617,14,1125,1506,2631,217,217,0,0,434,0,217,217,434,disponible,disponible,PasajerosArribadosPartidosxAeropuerto2020-2026,MovimientosxAeropuerto2020-2026
Colombia,RCH,SKRH,Almirante Padilla Airport,2021,12,2021-12,16881,16675,200,241,33556,441,17081,16916,33997,136,154,0,0,290,0,136,154,290,disponible,disponible,PasajerosArribadosPartidosxAeropuerto2020-2026,MovimientosxAeropuerto2020-2026
Colombia,RVE,SKSA,Los Colonizadores Airport,2021,12,2021-12,1348,1376,0,0,2724,0,1348,1376,2724,209,206,0,0,415,0,209,206,415,disponible,disponible,PasajerosArribadosPartidosxAeropuerto2020-2026,MovimientosxAeropuerto2020-2026
Colombia,SJE,SKSJ,Jorge E. Gonzalez Torres Airport,2021,12,2021-12,2146,2311,0,0,4457,0,2146,2311,4457,619,627,0,0,1246,0,619,627,1246,disponible,disponible,PasajerosArribadosPartidosxAeropuerto2020-2026,MovimientosxAeropuerto2020-2026
Colombia,SMR,SKSM,Simón Bolívar International Airport,2021,12,2021-12,161519,147444,916,819,308963,1735,162435,148263,310698,1257,1251,5,6,2508,11,1262,1257,2519,disponible,disponible,PasajerosArribadosPartidosxAeropuerto2020-2026,MovimientosxAeropuerto2020-2026
Colombia,SVI,SKSV,Eduardo Falla Solano Airport,2021,12,2021-12,390,373,0,0,763,0,390,373,763,27,23,0,0,50,0,27,23,50,disponible,disponible,PasajerosArribadosPartidosxAeropuerto2020-2026,MovimientosxAeropuerto2020-2026
Colombia,TCD,SKRA,Tarapacá Airport,2021,12,2021-12,,,,,,,,,,17,12,0,0,29,0,17,12,29,sin_dato,disponible,PasajerosArribadosPartidosxAeropuerto2020-2026,MovimientosxAeropuerto2020-2026
Colombia,TCO,SKCO,La Florida Airport,2021,12,2021-12,5967,5396,0,0,11363,0,5967,5396,11363,310,311,1,1,621,2,311,312,623,disponible,disponible,PasajerosArribadosPartidosxAeropuerto2020-2026,MovimientosxAeropuerto2020-2026
Colombia,TLU,SKTL,Golfo de Morrosquillo Airport,2021,12,2021-12,1014,917,0,0,1931,0,1014,917,1931,65,65,4,2,130,6,69,67,136,disponible,disponible,PasajerosArribadosPartidosxAeropuerto2020-2026,MovimientosxAeropuerto2020-2026
Colombia,TME,SKTM,Gustavo Vargas Airport,2021,12,2021-12,435,347,0,0,782,0,435,347,782,110,112,0,0,222,0,110,112,222,disponible,disponible,PasajerosArribadosPartidosxAeropuerto2020-2026,MovimientosxAeropuerto2020-2026
Colombia,UIB,SKUI,El Caraño Airport,2021,12,2021-12,12127,16313,0,0,28440,0,12127,16313,28440,872,866,0,0,1738,0,872,866,1738,disponible,disponible,PasajerosArribadosPartidosxAeropuerto2020-2026,MovimientosxAeropuerto2020-2026
Colombia,VUP,SKVP,Alfonso López Pumarejo Airport,2021,12,2021-12,23586,7830,337,212,31416,549,23923,8042,31965,290,294,0,0,584,0,290,294,584,disponible,disponible,PasajerosArribadosPartidosxAeropuerto2020-2026,MovimientosxAeropuerto2020-2026
Colombia,VVC,SKVV,Vanguardia Airport,2021,12,2021-12,7599,6967,0,0,14566,0,7599,6967,14566,2730,2714,0,0,5444,0,2730,2714,5444,disponible,disponible,PasajerosArribadosPartidosxAeropuerto2020-2026,MovimientosxAeropuerto2020-2026
Colombia,ADZ,SKSP,Gustavo Rojas Pinilla International Airport,2022,1,2022-01,114513,115748,902,1117,230261,2019,115415,116865,232280,1277,1277,20,19,2554,39,1297,1296,2593,disponible,disponible,PasajerosArribadosPartidosxAeropuerto2020-2026,MovimientosxAeropuerto2020-2026
Colombia,APO,SKLC,Antonio Roldán Betancur Airport,2022,1,2022-01,10246,11379,0,0,21625,0,10246,11379,21625,861,863,0,0,1724,0,861,863,1724,disponible,disponible,PasajerosArribadosPartidosxAeropuerto2020-2026,MovimientosxAeropuerto2020-2026
Colombia,AUC,SKUC,Santiago Perez Airport,2022,1,2022-01,7495,8188,0,0,15683,0,7495,8188,15683,401,395,0,0,796,0,401,395,796,disponible,disponible,PasajerosArribadosPartidosxAeropuerto2020-2026,MovimientosxAeropuerto2020-2026
Colombia,AXM,SKAR,El Eden Airport,2022,1,2022-01,13150,17331,3535,4181,30481,7716,16685,21512,38197,258,260,26,26,518,52,284,286,570,disponible,disponible,PasajerosArribadosPartidosxAeropuerto2020-2026,MovimientosxAeropuerto2020-2026
Colombia,BAQ,SKBQ,Ernesto Cortissoz International Airport,2022,1,2022-01,103793,113710,18662,21674,217503,40336,122455,135384,257839,1649,1683,197,195,3332,392,1846,1878,3724,disponible,disponible,PasajerosArribadosPartidosxAeropuerto2020-2026,MovimientosxAeropuerto2020-2026
Colombia,BGA,SKBG,Palonegro Airport,2022,1,2022-01,70600,81334,5358,5943,151934,11301,75958,87277,163235,1053,1054,40,36,2107,76,1093,1090,2183,disponible,disponible,PasajerosArribadosPartidosxAeropuerto2020-2026,MovimientosxAeropuerto2020-2026
Colombia,BOG,SKBO,El Dorado International Airport,2022,1,2022-01,816590,709203,307661,325495,1525793,633156,1124251,1034698,2158949,8893,8947,3816,3770,17840,7586,12709,12717,25426,disponible,disponible,PasajerosArribadosPartidosxAeropuerto2020-2026,MovimientosxAeropuerto2020-2026
Colombia,BSC,SKBS,José Celestino Mutis Airport,2022,1,2022-01,2931,4098,0,0,7029,0,2931,4098,7029,408,404,0,0,812,0,408,404,812,disponible,disponible,PasajerosArribadosPartidosxAeropuerto2020-2026,MovimientosxAeropuerto2020-2026
Colombia,BUN,SKBU,Gerardo Tobar López Airport,2022,1,2022-01,247,291,0,0,538,0,247,291,538,33,31,0,0,64,0,33,31,64,disponible,disponible,PasajerosArribadosPartidosxAeropuerto2020-2026,MovimientosxAeropuerto2020-2026
Colombia,CLO,SKCL,Alfonso Bonilla Aragon International Airport,2022,1,2022-01,232579,233094,42626,62742,465673,105368,275205,295836,571041,2926,2937,402,385,5863,787,3328,3322,6650,disponible,disponible,PasajerosArribadosPartidosxAeropuerto2020-2026,MovimientosxAeropuerto2020-2026
Colombia,CTG,SKCG,Rafael Nuñez International Airport,2022,1,2022-01,223108,257649,31370,38544,480757,69914,254478,296193,550671,2265,2274,294,337,4539,631,2559,2611,5170,disponible,disponible,PasajerosArribadosPartidosxAeropuerto2020-2026,MovimientosxAeropuerto2020-2026
Colombia,CUC,SKCC,Camilo Daza International Airport,2022,1,2022-01,29157,52383,3388,3887,81540,7275,32545,56270,88815,632,636,15,15,1268,30,647,651,1298,disponible,disponible,PasajerosArribadosPartidosxAeropuerto2020-2026,MovimientosxAeropuerto2020-2026
Colombia,CZU,SKCZ,Las Brujas Airport,2022,1,2022-01,2481,2600,0,0,5081,0,2481,2600,5081,100,105,0,0,205,0,100,105,205,disponible,disponible,PasajerosArribadosPartidosxAeropuerto2020-2026,MovimientosxAeropuerto2020-2026
Colombia,EJA,SKEJ,Yariguíes Airport,2022,1,2022-01,1805,2248,17,12,4053,29,1822,2260,4082,157,153,0,0,310,0,157,153,310,disponible,disponible,PasajerosArribadosPartidosxAeropuerto2020-2026,MovimientosxAeropuerto2020-2026
Colombia,EOH,SKMD,Enrique Olaya Herrera Airport,2022,1,2022-01,54510,43903,0,0,98413,0,54510,43903,98413,3124,3116,2,2,6240,4,3126,3118,6244,disponible,disponible,PasajerosArribadosPartidosxAeropuerto2020-2026,MovimientosxAeropuerto2020-2026
Colombia,EYP,SKYP,El Alcaravan - Yopal Airport,2022,1,2022-01,11067,12098,0,0,23165,0,11067,12098,23165,887,876,0,0,1763,0,887,876,1763,disponible,disponible,PasajerosArribadosPartidosxAeropuerto2020-2026,MovimientosxAeropuerto2020-2026
Colombia,FLA,SKFL,Gustavo Artunduaga Paredes Airport,2022,1,2022-01,4522,4880,0,0,9402,0,4522,4880,9402,211,198,0,0,409,0,211,198,409,disponible,disponible,PasajerosArribadosPartidosxAeropuerto2020-2026,MovimientosxAeropuerto2020-2026
Colombia,GPI,SKGP,Guapi Airport,2022,1,2022-01,2637,3519,0,0,6156,0,2637,3519,6156,169,167,0,0,336,0,169,167,336,disponible,disponible,PasajerosArribadosPartidosxAeropuerto2020-2026,MovimientosxAeropuerto2020-2026
Colombia,IBE,SKIB,Perales Airport,2022,1,2022-01,3138,3812,0,0,6950,0,3138,3812,6950,226,223,0,0,449,0,226,223,449,disponible,disponible,PasajerosArribadosPartidosxAeropuerto2020-2026,MovimientosxAeropuerto2020-2026
Colombia,IPI,SKIP,San Luis Airport,2022,1,2022-01,1248,1366,0,0,2614,0,1248,1366,2614,37,37,0,0,74,0,37,37,74,disponible,disponible,PasajerosArribadosPartidosxAeropuerto2020-2026,MovimientosxAeropuerto2020-2026
Colombia,LCR,SKHZ,Virgilio Barco Vargas (La Chorrera) Airport,2022,1,2022-01,,,,,,,,,,18,15,0,0,33,0,18,15,33,sin_dato,disponible,PasajerosArribadosPartidosxAeropuerto2020-2026,MovimientosxAeropuerto2020-2026
Colombia,LET,SKLT,Alfredo Vásquez Cobo International Airport,2022,1,2022-01,16616,16140,6,6,32756,12,16622,16146,32768,255,264,3,2,519,5,258,266,524,disponible,disponible,PasajerosArribadosPartidosxAeropuerto2020-2026,MovimientosxAeropuerto2020-2026
Colombia,LMC,SKNA,La Macarena Airport,2022,1,2022-01,417,553,0,0,970,0,417,553,970,214,203,0,0,417,0,214,203,417,disponible,disponible,PasajerosArribadosPartidosxAeropuerto2020-2026,MovimientosxAeropuerto2020-2026
Colombia,LPD,SKLP,La Pedrera Airport,2022,1,2022-01,262,268,0,0,530,0,262,268,530,31,25,0,0,56,0,31,25,56,disponible,disponible,PasajerosArribadosPartidosxAeropuerto2020-2026,MovimientosxAeropuerto2020-2026
Colombia,LQM,SKLG,Caucaya Airport,2022,1,2022-01,562,535,0,0,1097,0,562,535,1097,39,39,0,0,78,0,39,39,78,disponible,disponible,PasajerosArribadosPartidosxAeropuerto2020-2026,MovimientosxAeropuerto2020-2026
Colombia,MDE,SKRG,Jose Maria Córdova International Airport,2022,1,2022-01,356755,361879,66474,103569,718634,170043,423229,465448,888677,3292,3246,931,958,6538,1889,4223,4204,8427,disponible,disponible,PasajerosArribadosPartidosxAeropuerto2020-2026,MovimientosxAeropuerto2020-2026
Colombia,MTR,SKMR,Los Garzones Airport,2022,1,2022-01,53261,72818,363,433,126079,796,53624,73251,126875,762,751,0,1,1513,1,762,752,1514,disponible,disponible,PasajerosArribadosPartidosxAeropuerto2020-2026,MovimientosxAeropuerto2020-2026
Colombia,MVP,SKMU,Fabio Alberto Leon Bentley Airport,2022,1,2022-01,1441,1409,0,0,2850,0,1441,1409,2850,410,406,0,0,816,0,410,406,816,disponible,disponible,PasajerosArribadosPartidosxAeropuerto2020-2026,MovimientosxAeropuerto2020-2026
Colombia,MZL,SKMZ,La Nubia Airport,2022,1,2022-01,6389,6961,0,0,13350,0,6389,6961,13350,349,348,0,0,697,0,349,348,697,disponible,disponible,PasajerosArribadosPartidosxAeropuerto2020-2026,MovimientosxAeropuerto2020-2026
Colombia,NQU,SKNQ,Reyes Murillo Airport,2022,1,2022-01,1821,2149,0,0,3970,0,1821,2149,3970,300,302,0,0,602,0,300,302,602,disponible,disponible,PasajerosArribadosPartidosxAeropuerto2020-2026,MovimientosxAeropuerto2020-2026
Colombia,NVA,SKNV,Benito Salas Airport,2022,1,2022-01,10056,12054,0,0,22110,0,10056,12054,22110,439,442,0,0,881,0,439,442,881,disponible,disponible,PasajerosArribadosPartidosxAeropuerto2020-2026,MovimientosxAeropuerto2020-2026
Colombia,PCR,SKPC,German Olano Airport,2022,1,2022-01,1869,1966,0,0,3835,0,1869,1966,3835,149,148,0,0,297,0,149,148,297,disponible,disponible,PasajerosArribadosPartidosxAeropuerto2020-2026,MovimientosxAeropuerto2020-2026
Colombia,PDA,SKPD,Obando Cesar Gaviria Trujillo Airport,2022,1,2022-01,,,,,,,,,,178,174,0,0,352,0,178,174,352,sin_dato,disponible,PasajerosArribadosPartidosxAeropuerto2020-2026,MovimientosxAeropuerto2020-2026
Colombia,PEI,SKPE,Matecaña International Airport,2022,1,2022-01,76310,97149,11029,11784,173459,22813,87339,108933,196272,1101,1094,61,63,2195,124,1162,1157,2319,disponible,disponible,PasajerosArribadosPartidosxAeropuerto2020-2026,MovimientosxAeropuerto2020-2026
Colombia,PPN,SKPP,Guillermo León Valencia Airport,2022,1,2022-01,3421,3716,0,0,7137,0,3421,3716,7137,252,247,0,0,499,0,252,247,499,disponible,disponible,PasajerosArribadosPartidosxAeropuerto2020-2026,MovimientosxAeropuerto2020-2026
Colombia,PSO,SKPS,Antonio Nariño Airport,2022,1,2022-01,20435,21091,151,270,41526,421,20586,21361,41947,291,287,0,0,578,0,291,287,578,disponible,disponible,PasajerosArribadosPartidosxAeropuerto2020-2026,MovimientosxAeropuerto2020-2026
Colombia,PUU,SKAS,Tres De Mayo Airport,2022,1,2022-01,4994,3803,0,0,8797,0,4994,3803,8797,158,158,0,0,316,0,158,158,316,disponible,disponible,PasajerosArribadosPartidosxAeropuerto2020-2026,MovimientosxAeropuerto2020-2026
Colombia,PVA,SKPV,El Embrujo Airport,2022,1,2022-01,1320,998,0,0,2318,0,1320,998,2318,211,209,0,0,420,0,211,209,420,disponible,disponible,PasajerosArribadosPartidosxAeropuerto2020-2026,MovimientosxAeropuerto2020-2026
Colombia,RCH,SKRH,Almirante Padilla Airport,2022,1,2022-01,16397,17235,109,252,33632,361,16506,17487,33993,132,152,0,0,284,0,132,152,284,disponible,disponible,PasajerosArribadosPartidosxAeropuerto2020-2026,MovimientosxAeropuerto2020-2026
Colombia,RVE,SKSA,Los Colonizadores Airport,2022,1,2022-01,1323,1483,0,0,2806,0,1323,1483,2806,214,221,0,0,435,0,214,221,435,disponible,disponible,PasajerosArribadosPartidosxAeropuerto2020-2026,MovimientosxAeropuerto2020-2026
Colombia,SJE,SKSJ,Jorge E. Gonzalez Torres Airport,2022,1,2022-01,1738,1897,0,0,3635,0,1738,1897,3635,426,423,0,0,849,0,426,423,849,disponible,disponible,PasajerosArribadosPartidosxAeropuerto2020-2026,MovimientosxAeropuerto2020-2026
Colombia,SMR,SKSM,Simón Bolívar International Airport,2022,1,2022-01,160290,129007,672,844,289297,1516,160962,129851,290813,1176,1176,3,5,2352,8,1179,1181,2360,disponible,disponible,PasajerosArribadosPartidosxAeropuerto2020-2026,MovimientosxAeropuerto2020-2026
Colombia,SVI,SKSV,Eduardo Falla Solano Airport,2022,1,2022-01,338,356,0,0,694,0,338,356,694,25,25,0,0,50,0,25,25,50,disponible,disponible,PasajerosArribadosPartidosxAeropuerto2020-2026,MovimientosxAeropuerto2020-2026
Colombia,TCD,SKRA,Tarapacá Airport,2022,1,2022-01,,,,,,,,,,22,14,0,0,36,0,22,14,36,sin_dato,disponible,PasajerosArribadosPartidosxAeropuerto2020-2026,MovimientosxAeropuerto2020-2026
Colombia,TCO,SKCO,La Florida Airport,2022,1,2022-01,5123,6022,0,0,11145,0,5123,6022,11145,271,271,0,0,542,0,271,271,542,disponible,disponible,PasajerosArribadosPartidosxAeropuerto2020-2026,MovimientosxAeropuerto2020-2026
Colombia,TLU,SKTL,Golfo de Morrosquillo Airport,2022,1,2022-01,951,125,0,0,1076,0,951,125,1076,72,72,0,0,144,0,72,72,144,disponible,disponible,PasajerosArribadosPartidosxAeropuerto2020-2026,MovimientosxAeropuerto2020-2026
Colombia,TME,SKTM,Gustavo Vargas Airport,2022,1,2022-01,343,408,0,0,751,0,343,408,751,88,82,0,0,170,0,88,82,170,disponible,disponible,PasajerosArribadosPartidosxAeropuerto2020-2026,MovimientosxAeropuerto2020-2026
Colombia,UIB,SKUI,El Caraño Airport,2022,1,2022-01,9867,16063,0,0,25930,0,9867,16063,25930,841,837,0,0,1678,0,841,837,1678,disponible,disponible,PasajerosArribadosPartidosxAeropuerto2020-2026,MovimientosxAeropuerto2020-2026
Colombia,VUP,SKVP,Alfonso López Pumarejo Airport,2022,1,2022-01,16431,19512,197,247,35943,444,16628,19759,36387,230,238,0,0,468,0,230,238,468,disponible,disponible,PasajerosArribadosPartidosxAeropuerto2020-2026,MovimientosxAeropuerto2020-2026
Colombia,VVC,SKVV,Vanguardia Airport,2022,1,2022-01,6019,6001,0,0,12020,0,6019,6001,12020,2396,2389,0,0,4785,0,2396,2389,4785,disponible,disponible,PasajerosArribadosPartidosxAeropuerto2020-2026,MovimientosxAeropuerto2020-2026
Colombia,ADZ,SKSP,Gustavo Rojas Pinilla International Airport,2022,2,2022-02,127014,112719,2175,2020,239733,4195,129189,114739,243928,1073,1077,25,22,2150,47,1098,1099,2197,disponible,disponible,PasajerosArribadosPartidosxAeropuerto2020-2026,MovimientosxAeropuerto2020-2026
Colombia,APO,SKLC,Antonio Roldán Betancur Airport,2022,2,2022-02,9210,9484,0,0,18694,0,9210,9484,18694,764,768,0,0,1532,0,764,768,1532,disponible,disponible,PasajerosArribadosPartidosxAeropuerto2020-2026,MovimientosxAeropuerto2020-2026
Colombia,AUC,SKUC,Santiago Perez Airport,2022,2,2022-02,6026,6359,0,0,12385,0,6026,6359,12385,423,448,0,0,871,0,423,448,871,disponible,disponible,PasajerosArribadosPartidosxAeropuerto2020-2026,MovimientosxAeropuerto2020-2026
Colombia,AXM,SKAR,El Eden Airport,2022,2,2022-02,14340,14689,2839,3505,29029,6344,17179,18194,35373,239,236,25,26,475,51,264,262,526,disponible,disponible,PasajerosArribadosPartidosxAeropuerto2020-2026,MovimientosxAeropuerto2020-2026
Colombia,BAQ,SKBQ,Ernesto Cortissoz International Airport,2022,2,2022-02,91644,94026,11358,11760,185670,23118,103002,105786,208788,1703,1704,182,173,3407,355,1885,1877,3762,disponible,disponible,PasajerosArribadosPartidosxAeropuerto2020-2026,MovimientosxAeropuerto2020-2026
Colombia,BGA,SKBG,Palonegro Airport,2022,2,2022-02,67293,59860,3636,4110,127153,7746,70929,63970,134899,1079,1067,28,29,2146,57,1107,1096,2203,disponible,disponible,PasajerosArribadosPartidosxAeropuerto2020-2026,MovimientosxAeropuerto2020-2026
Colombia,BOG,SKBO,El Dorado International Airport,2022,2,2022-02,684920,714854,220496,268209,1399774,488705,905416,983063,1888479,8418,8471,3412,3362,16889,6774,11830,11833,23663,disponible,disponible,PasajerosArribadosPartidosxAeropuerto2020-2026,MovimientosxAeropuerto2020-2026
Colombia,BSC,SKBS,José Celestino Mutis Airport,2022,2,2022-02,2255,2322,0,0,4577,0,2255,2322,4577,259,259,0,0,518,0,259,259,518,disponible,disponible,PasajerosArribadosPartidosxAeropuerto2020-2026,MovimientosxAeropuerto2020-2026
Colombia,BUN,SKBU,Gerardo Tobar López Airport,2022,2,2022-02,290,329,0,0,619,0,290,329,619,43,43,0,0,86,0,43,43,86,disponible,disponible,PasajerosArribadosPartidosxAeropuerto2020-2026,MovimientosxAeropuerto2020-2026
Colombia,CLO,SKCL,Alfonso Bonilla Aragon International Airport,2022,2,2022-02,193255,205914,36418,38557,399169,74975,229673,244471,474144,2643,2657,389,373,5300,762,3032,3030,6062,disponible,disponible,PasajerosArribadosPartidosxAeropuerto2020-2026,MovimientosxAeropuerto2020-2026
Colombia,CTG,SKCG,Rafael Nuñez International Airport,2022,2,2022-02,202167,197409,34552,26577,399576,61129,236719,223986,460705,1890,1887,288,313,3777,601,2178,2200,4378,disponible,disponible,PasajerosArribadosPartidosxAeropuerto2020-2026,MovimientosxAeropuerto2020-2026
Colombia,CUC,SKCC,Camilo Daza International Airport,2022,2,2022-02,46598,44764,2633,3483,91362,6116,49231,48247,97478,641,640,12,13,1281,25,653,653,1306,disponible,disponible,PasajerosArribadosPartidosxAeropuerto2020-2026,MovimientosxAeropuerto2020-2026
Colombia,CZU,SKCZ,Las Brujas Airport,2022,2,2022-02,2075,2125,0,0,4200,0,2075,2125,4200,85,89,0,0,174,0,85,89,174,disponible,disponible,PasajerosArribadosPartidosxAeropuerto2020-2026,MovimientosxAeropuerto2020-2026
Colombia,EJA,SKEJ,Yariguíes Airport,2022,2,2022-02,3426,2093,9,20,5519,29,3435,2113,5548,303,317,0,0,620,0,303,317,620,disponible,disponible,PasajerosArribadosPartidosxAeropuerto2020-2026,MovimientosxAeropuerto2020-2026
Colombia,EOH,SKMD,Enrique Olaya Herrera Airport,2022,2,2022-02,47302,40507,0,0,87809,0,47302,40507,87809,2986,2984,3,5,5970,8,2989,2989,5978,disponible,disponible,PasajerosArribadosPartidosxAeropuerto2020-2026,MovimientosxAeropuerto2020-2026
Colombia,EYP,SKYP,El Alcaravan - Yopal Airport,2022,2,2022-02,10479,5491,0,0,15970,0,10479,5491,15970,893,877,0,0,1770,0,893,877,1770,disponible,disponible,PasajerosArribadosPartidosxAeropuerto2020-2026,MovimientosxAeropuerto2020-2026
Colombia,FLA,SKFL,Gustavo Artunduaga Paredes Airport,2022,2,2022-02,4625,4721,0,0,9346,0,4625,4721,9346,192,189,0,0,381,0,192,189,381,disponible,disponible,PasajerosArribadosPartidosxAeropuerto2020-2026,MovimientosxAeropuerto2020-2026
Colombia,GPI,SKGP,Guapi Airport,2022,2,2022-02,2396,2549,0,0,4945,0,2396,2549,4945,119,123,0,0,242,0,119,123,242,disponible,disponible,PasajerosArribadosPartidosxAeropuerto2020-2026,MovimientosxAeropuerto2020-2026
Colombia,IBE,SKIB,Perales Airport,2022,2,2022-02,4079,4240,0,0,8319,0,4079,4240,8319,342,337,0,0,679,0,342,337,679,disponible,disponible,PasajerosArribadosPartidosxAeropuerto2020-2026,MovimientosxAeropuerto2020-2026
Colombia,IPI,SKIP,San Luis Airport,2022,2,2022-02,1145,1194,0,0,2339,0,1145,1194,2339,34,34,0,0,68,0,34,34,68,disponible,disponible,PasajerosArribadosPartidosxAeropuerto2020-2026,MovimientosxAeropuerto2020-2026
Colombia,LCR,SKHZ,Virgilio Barco Vargas (La Chorrera) Airport,2022,2,2022-02,,,,,,,,,,14,14,0,0,28,0,14,14,28,sin_dato,disponible,PasajerosArribadosPartidosxAeropuerto2020-2026,MovimientosxAeropuerto2020-2026
Colombia,LET,SKLT,Alfredo Vásquez Cobo International Airport,2022,2,2022-02,13337,12554,21,6,25891,27,13358,12560,25918,220,228,5,3,448,8,225,231,456,disponible,disponible,PasajerosArribadosPartidosxAeropuerto2020-2026,MovimientosxAeropuerto2020-2026
Colombia,LMC,SKNA,La Macarena Airport,2022,2,2022-02,569,572,0,0,1141,0,569,572,1141,232,228,0,0,460,0,232,228,460,disponible,disponible,PasajerosArribadosPartidosxAeropuerto2020-2026,MovimientosxAeropuerto2020-2026
Colombia,LPD,SKLP,La Pedrera Airport,2022,2,2022-02,269,243,0,0,512,0,269,243,512,28,17,0,0,45,0,28,17,45,disponible,disponible,PasajerosArribadosPartidosxAeropuerto2020-2026,MovimientosxAeropuerto2020-2026
Colombia,LQM,SKLG,Caucaya Airport,2022,2,2022-02,560,544,0,0,1104,0,560,544,1104,25,26,0,0,51,0,25,26,51,disponible,disponible,PasajerosArribadosPartidosxAeropuerto2020-2026,MovimientosxAeropuerto2020-2026
Colombia,MDE,SKRG,Jose Maria Córdova International Airport,2022,2,2022-02,268112,262736,69210,58902,530848,128112,337322,321638,658960,2847,2797,743,777,5644,1520,3590,3574,7164,disponible,disponible,PasajerosArribadosPartidosxAeropuerto2020-2026,MovimientosxAeropuerto2020-2026
Colombia,MTR,SKMR,Los Garzones Airport,2022,2,2022-02,49944,56203,234,315,106147,549,50178,56518,106696,679,683,1,0,1362,1,680,683,1363,disponible,disponible,PasajerosArribadosPartidosxAeropuerto2020-2026,MovimientosxAeropuerto2020-2026
Colombia,MVP,SKMU,Fabio Alberto Leon Bentley Airport,2022,2,2022-02,1479,1393,0,0,2872,0,1479,1393,2872,529,528,0,0,1057,0,529,528,1057,disponible,disponible,PasajerosArribadosPartidosxAeropuerto2020-2026,MovimientosxAeropuerto2020-2026
Colombia,MZL,SKMZ,La Nubia Airport,2022,2,2022-02,5036,4986,0,0,10022,0,5036,4986,10022,166,158,0,0,324,0,166,158,324,disponible,disponible,PasajerosArribadosPartidosxAeropuerto2020-2026,MovimientosxAeropuerto2020-2026
Colombia,NQU,SKNQ,Reyes Murillo Airport,2022,2,2022-02,1109,1144,0,0,2253,0,1109,1144,2253,189,191,0,0,380,0,189,191,380,disponible,disponible,PasajerosArribadosPartidosxAeropuerto2020-2026,MovimientosxAeropuerto2020-2026
Colombia,NVA,SKNV,Benito Salas Airport,2022,2,2022-02,11369,5167,0,0,16536,0,11369,5167,16536,410,409,0,0,819,0,410,409,819,disponible,disponible,PasajerosArribadosPartidosxAeropuerto2020-2026,MovimientosxAeropuerto2020-2026
Colombia,PCR,SKPC,German Olano Airport,2022,2,2022-02,1803,1861,0,0,3664,0,1803,1861,3664,138,142,0,1,280,1,138,143,281,disponible,disponible,PasajerosArribadosPartidosxAeropuerto2020-2026,MovimientosxAeropuerto2020-2026
Colombia,PDA,SKPD,Obando Cesar Gaviria Trujillo Airport,2022,2,2022-02,,,,,,,,,,181,181,0,0,362,0,181,181,362,sin_dato,disponible,PasajerosArribadosPartidosxAeropuerto2020-2026,MovimientosxAeropuerto2020-2026
Colombia,PEI,SKPE,Matecaña International Airport,2022,2,2022-02,70209,77403,9050,11056,147612,20106,79259,88459,167718,1015,1022,55,51,2037,106,1070,1073,2143,disponible,disponible,PasajerosArribadosPartidosxAeropuerto2020-2026,MovimientosxAeropuerto2020-2026
Colombia,PPN,SKPP,Guillermo León Valencia Airport,2022,2,2022-02,2869,3005,0,0,5874,0,2869,3005,5874,260,259,0,0,519,0,260,259,519,disponible,disponible,PasajerosArribadosPartidosxAeropuerto2020-2026,MovimientosxAeropuerto2020-2026
Colombia,PSO,SKPS,Antonio Nariño Airport,2022,2,2022-02,19713,17732,117,166,37445,283,19830,17898,37728,256,247,0,0,503,0,256,247,503,disponible,disponible,PasajerosArribadosPartidosxAeropuerto2020-2026,MovimientosxAeropuerto2020-2026
Colombia,PUU,SKAS,Tres De Mayo Airport,2022,2,2022-02,4992,4021,0,0,9013,0,4992,4021,9013,170,173,0,0,343,0,170,173,343,disponible,disponible,PasajerosArribadosPartidosxAeropuerto2020-2026,MovimientosxAeropuerto2020-2026
Colombia,PVA,SKPV,El Embrujo Airport,2022,2,2022-02,1174,907,0,0,2081,0,1174,907,2081,173,171,0,0,344,0,173,171,344,disponible,disponible,PasajerosArribadosPartidosxAeropuerto2020-2026,MovimientosxAeropuerto2020-2026
Colombia,RCH,SKRH,Almirante Padilla Airport,2022,2,2022-02,14663,14665,82,178,29328,260,14745,14843,29588,133,141,0,0,274,0,133,141,274,disponible,disponible,PasajerosArribadosPartidosxAeropuerto2020-2026,MovimientosxAeropuerto2020-2026
Colombia,RVE,SKSA,Los Colonizadores Airport,2022,2,2022-02,1218,1311,0,0,2529,0,1218,1311,2529,180,172,0,0,352,0,180,172,352,disponible,disponible,PasajerosArribadosPartidosxAeropuerto2020-2026,MovimientosxAeropuerto2020-2026
Colombia,SJE,SKSJ,Jorge E. Gonzalez Torres Airport,2022,2,2022-02,1496,1567,0,0,3063,0,1496,1567,3063,591,588,0,0,1179,0,591,588,1179,disponible,disponible,PasajerosArribadosPartidosxAeropuerto2020-2026,MovimientosxAeropuerto2020-2026
Colombia,SMR,SKSM,Simón Bolívar International Airport,2022,2,2022-02,126301,120216,820,915,246517,1735,127121,121131,248252,1019,1019,4,4,2038,8,1023,1023,2046,disponible,disponible,PasajerosArribadosPartidosxAeropuerto2020-2026,MovimientosxAeropuerto2020-2026
Colombia,SVI,SKSV,Eduardo Falla Solano Airport,2022,2,2022-02,339,359,0,0,698,0,339,359,698,30,30,0,0,60,0,30,30,60,disponible,disponible,PasajerosArribadosPartidosxAeropuerto2020-2026,MovimientosxAeropuerto2020-2026
Colombia,TCD,SKRA,Tarapacá Airport,2022,2,2022-02,,,,,,,,,,21,17,0,0,38,0,21,17,38,sin_dato,disponible,PasajerosArribadosPartidosxAeropuerto2020-2026,MovimientosxAeropuerto2020-2026
Colombia,TCO,SKCO,La Florida Airport,2022,2,2022-02,1820,5003,0,0,6823,0,1820,5003,6823,287,278,0,0,565,0,287,278,565,disponible,disponible,PasajerosArribadosPartidosxAeropuerto2020-2026,MovimientosxAeropuerto2020-2026
Colombia,TLU,SKTL,Golfo de Morrosquillo Airport,2022,2,2022-02,758,817,0,0,1575,0,758,817,1575,36,37,0,0,73,0,36,37,73,disponible,disponible,PasajerosArribadosPartidosxAeropuerto2020-2026,MovimientosxAeropuerto2020-2026
Colombia,TME,SKTM,Gustavo Vargas Airport,2022,2,2022-02,344,370,0,0,714,0,344,370,714,136,134,0,0,270,0,136,134,270,disponible,disponible,PasajerosArribadosPartidosxAeropuerto2020-2026,MovimientosxAeropuerto2020-2026
Colombia,UIB,SKUI,El Caraño Airport,2022,2,2022-02,11113,12927,0,0,24040,0,11113,12927,24040,718,714,0,0,1432,0,718,714,1432,disponible,disponible,PasajerosArribadosPartidosxAeropuerto2020-2026,MovimientosxAeropuerto2020-2026
Colombia,VUP,SKVP,Alfonso López Pumarejo Airport,2022,2,2022-02,15776,13508,188,220,29284,408,15964,13728,29692,239,241,0,0,480,0,239,241,480,disponible,disponible,PasajerosArribadosPartidosxAeropuerto2020-2026,MovimientosxAeropuerto2020-2026
Colombia,VVC,SKVV,Vanguardia Airport,2022,2,2022-02,5986,6238,0,0,12224,0,5986,6238,12224,1658,1651,0,0,3309,0,1658,1651,3309,disponible,disponible,PasajerosArribadosPartidosxAeropuerto2020-2026,MovimientosxAeropuerto2020-2026
Colombia,ADZ,SKSP,Gustavo Rojas Pinilla International Airport,2022,3,2022-03,116249,119134,2815,3286,235383,6101,119064,122420,241484,1186,1187,26,24,2373,50,1212,1211,2423,disponible,disponible,PasajerosArribadosPartidosxAeropuerto2020-2026,MovimientosxAeropuerto2020-2026
Colombia,APO,SKLC,Antonio Roldán Betancur Airport,2022,3,2022-03,6626,11699,0,0,18325,0,6626,11699,18325,926,921,1,0,1847,1,927,921,1848,disponible,disponible,PasajerosArribadosPartidosxAeropuerto2020-2026,MovimientosxAeropuerto2020-2026
Colombia,AUC,SKUC,Santiago Perez Airport,2022,3,2022-03,6720,6948,0,0,13668,0,6720,6948,13668,448,465,0,0,913,0,448,465,913,disponible,disponible,PasajerosArribadosPartidosxAeropuerto2020-2026,MovimientosxAeropuerto2020-2026
Colombia,AXM,SKAR,El Eden Airport,2022,3,2022-03,16858,16910,3330,4076,33768,7406,20188,20986,41174,300,301,31,31,601,62,331,332,663,disponible,disponible,PasajerosArribadosPartidosxAeropuerto2020-2026,MovimientosxAeropuerto2020-2026
Colombia,BAQ,SKBQ,Ernesto Cortissoz International Airport,2022,3,2022-03,108981,91041,14699,20049,200022,34748,123680,111090,234770,1920,1949,210,210,3869,420,2130,2159,4289,disponible,disponible,PasajerosArribadosPartidosxAeropuerto2020-2026,MovimientosxAeropuerto2020-2026
Colombia,BGA,SKBG,Palonegro Airport,2022,3,2022-03,76540,87356,3775,4685,163896,8460,80315,92041,172356,1227,1218,28,26,2445,54,1255,1244,2499,disponible,disponible,PasajerosArribadosPartidosxAeropuerto2020-2026,MovimientosxAeropuerto2020-2026
Colombia,BOG,SKBO,El Dorado International Airport,2022,3,2022-03,851479,735248,271751,330330,1586727,602081,1123230,1065578,2188808,9715,9770,3661,3623,19485,7284,13376,13393,26769,disponible,disponible,PasajerosArribadosPartidosxAeropuerto2020-2026,MovimientosxAeropuerto2020-2026
Colombia,BSC,SKBS,José Celestino Mutis Airport,2022,3,2022-03,2635,2538,0,0,5173,0,2635,2538,5173,329,329,0,0,658,0,329,329,658,disponible,disponible,PasajerosArribadosPartidosxAeropuerto2020-2026,MovimientosxAeropuerto2020-2026
Colombia,BUN,SKBU,Gerardo Tobar López Airport,2022,3,2022-03,302,276,0,0,578,0,302,276,578,67,65,0,0,132,0,67,65,132,disponible,disponible,PasajerosArribadosPartidosxAeropuerto2020-2026,MovimientosxAeropuerto2020-2026
Colombia,CLO,SKCL,Alfonso Bonilla Aragon International Airport,2022,3,2022-03,145939,248464,36253,51874,394403,88127,182192,300338,482530,3068,3086,410,390,6154,800,3478,3476,6954,disponible,disponible,PasajerosArribadosPartidosxAeropuerto2020-2026,MovimientosxAeropuerto2020-2026
Colombia,CTG,SKCG,Rafael Nuñez International Airport,2022,3,2022-03,229541,213204,37134,45934,442745,83068,266675,259138,525813,2255,2250,350,383,4505,733,2605,2633,5238,disponible,disponible,PasajerosArribadosPartidosxAeropuerto2020-2026,MovimientosxAeropuerto2020-2026
Colombia,CUC,SKCC,Camilo Daza International Airport,2022,3,2022-03,49300,55187,2892,4149,104487,7041,52192,59336,111528,685,683,13,14,1368,27,698,697,1395,disponible,disponible,PasajerosArribadosPartidosxAeropuerto2020-2026,MovimientosxAeropuerto2020-2026
Colombia,CZU,SKCZ,Las Brujas Airport,2022,3,2022-03,2675,2708,0,0,5383,0,2675,2708,5383,79,90,0,0,169,0,79,90,169,disponible,disponible,PasajerosArribadosPartidosxAeropuerto2020-2026,MovimientosxAeropuerto2020-2026
Colombia,EJA,SKEJ,Yariguíes Airport,2022,3,2022-03,3656,2452,15,10,6108,25,3671,2462,6133,411,436,0,0,847,0,411,436,847,disponible,disponible,PasajerosArribadosPartidosxAeropuerto2020-2026,MovimientosxAeropuerto2020-2026
Colombia,EOH,SKMD,Enrique Olaya Herrera Airport,2022,3,2022-03,43106,46208,0,0,89314,0,43106,46208,89314,3218,3222,2,4,6440,6,3220,3226,6446,disponible,disponible,PasajerosArribadosPartidosxAeropuerto2020-2026,MovimientosxAeropuerto2020-2026
Colombia,EYP,SKYP,El Alcaravan - Yopal Airport,2022,3,2022-03,9494,12480,0,0,21974,0,9494,12480,21974,954,944,0,0,1898,0,954,944,1898,disponible,disponible,PasajerosArribadosPartidosxAeropuerto2020-2026,MovimientosxAeropuerto2020-2026
Colombia,FLA,SKFL,Gustavo Artunduaga Paredes Airport,2022,3,2022-03,6073,6264,0,0,12337,0,6073,6264,12337,201,192,0,0,393,0,201,192,393,disponible,disponible,PasajerosArribadosPartidosxAeropuerto2020-2026,MovimientosxAeropuerto2020-2026
Colombia,GPI,SKGP,Guapi Airport,2022,3,2022-03,1225,2729,0,0,3954,0,1225,2729,3954,147,147,0,0,294,0,147,147,294,disponible,disponible,PasajerosArribadosPartidosxAeropuerto2020-2026,MovimientosxAeropuerto2020-2026
Colombia,IBE,SKIB,Perales Airport,2022,3,2022-03,4755,1758,14,0,6513,14,4769,1758,6527,256,254,0,0,510,0,256,254,510,disponible,disponible,PasajerosArribadosPartidosxAeropuerto2020-2026,MovimientosxAeropuerto2020-2026
Colombia,IPI,SKIP,San Luis Airport,2022,3,2022-03,1112,1154,0,0,2266,0,1112,1154,2266,42,42,0,0,84,0,42,42,84,disponible,disponible,PasajerosArribadosPartidosxAeropuerto2020-2026,MovimientosxAeropuerto2020-2026
Colombia,LCR,SKHZ,Virgilio Barco Vargas (La Chorrera) Airport,2022,3,2022-03,,,,,,,,,,32,31,0,0,63,0,32,31,63,sin_dato,disponible,PasajerosArribadosPartidosxAeropuerto2020-2026,MovimientosxAeropuerto2020-2026
Colombia,LET,SKLT,Alfredo Vásquez Cobo International Airport,2022,3,2022-03,13511,13626,8,5,27137,13,13519,13631,27150,248,249,1,4,497,5,249,253,502,disponible,disponible,PasajerosArribadosPartidosxAeropuerto2020-2026,MovimientosxAeropuerto2020-2026
Colombia,LMC,SKNA,La Macarena Airport,2022,3,2022-03,593,600,0,0,1193,0,593,600,1193,212,201,0,0,413,0,212,201,413,disponible,disponible,PasajerosArribadosPartidosxAeropuerto2020-2026,MovimientosxAeropuerto2020-2026
Colombia,LPD,SKLP,La Pedrera Airport,2022,3,2022-03,292,295,0,0,587,0,292,295,587,62,58,0,0,120,0,62,58,120,disponible,disponible,PasajerosArribadosPartidosxAeropuerto2020-2026,MovimientosxAeropuerto2020-2026
Colombia,LQM,SKLG,Caucaya Airport,2022,3,2022-03,674,694,0,0,1368,0,674,694,1368,37,35,0,0,72,0,37,35,72,disponible,disponible,PasajerosArribadosPartidosxAeropuerto2020-2026,MovimientosxAeropuerto2020-2026
Colombia,MDE,SKRG,Jose Maria Córdova International Airport,2022,3,2022-03,356236,363036,85022,97757,719272,182779,441258,460793,902051,3649,3594,870,910,7243,1780,4519,4504,9023,disponible,disponible,PasajerosArribadosPartidosxAeropuerto2020-2026,MovimientosxAeropuerto2020-2026
Colombia,MTR,SKMR,Los Garzones Airport,2022,3,2022-03,61311,61798,304,332,123109,636,61615,62130,123745,823,817,0,0,1640,0,823,817,1640,disponible,disponible,PasajerosArribadosPartidosxAeropuerto2020-2026,MovimientosxAeropuerto2020-2026
Colombia,MVP,SKMU,Fabio Alberto Leon Bentley Airport,2022,3,2022-03,1520,1628,0,0,3148,0,1520,1628,3148,886,882,0,0,1768,0,886,882,1768,disponible,disponible,PasajerosArribadosPartidosxAeropuerto2020-2026,MovimientosxAeropuerto2020-2026
Colombia,MZL,SKMZ,La Nubia Airport,2022,3,2022-03,4781,4864,0,0,9645,0,4781,4864,9645,162,157,0,0,319,0,162,157,319,disponible,disponible,PasajerosArribadosPartidosxAeropuerto2020-2026,MovimientosxAeropuerto2020-2026
Colombia,NQU,SKNQ,Reyes Murillo Airport,2022,3,2022-03,1365,1243,0,0,2608,0,1365,1243,2608,238,234,0,0,472,0,238,234,472,disponible,disponible,PasajerosArribadosPartidosxAeropuerto2020-2026,MovimientosxAeropuerto2020-2026
Colombia,NVA,SKNV,Benito Salas Airport,2022,3,2022-03,15386,15764,0,0,31150,0,15386,15764,31150,499,502,0,0,1001,0,499,502,1001,disponible,disponible,PasajerosArribadosPartidosxAeropuerto2020-2026,MovimientosxAeropuerto2020-2026
Colombia,PCR,SKPC,German Olano Airport,2022,3,2022-03,1752,1899,0,0,3651,0,1752,1899,3651,164,160,0,2,324,2,164,162,326,disponible,disponible,PasajerosArribadosPartidosxAeropuerto2020-2026,MovimientosxAeropuerto2020-2026
Colombia,PDA,SKPD,Obando Cesar Gaviria Trujillo Airport,2022,3,2022-03,,,,,,,,,,225,224,0,0,449,0,225,224,449,sin_dato,disponible,PasajerosArribadosPartidosxAeropuerto2020-2026,MovimientosxAeropuerto2020-2026
Colombia,PEI,SKPE,Matecaña International Airport,2022,3,2022-03,99031,105417,9519,11749,204448,21268,108550,117166,225716,1168,1173,55,58,2341,113,1223,1231,2454,disponible,disponible,PasajerosArribadosPartidosxAeropuerto2020-2026,MovimientosxAeropuerto2020-2026
Colombia,PPN,SKPP,Guillermo León Valencia Airport,2022,3,2022-03,4152,4256,0,0,8408,0,4152,4256,8408,289,289,0,0,578,0,289,289,578,disponible,disponible,PasajerosArribadosPartidosxAeropuerto2020-2026,MovimientosxAeropuerto2020-2026
Colombia,PSO,SKPS,Antonio Nariño Airport,2022,3,2022-03,22878,21088,116,183,43966,299,22994,21271,44265,326,331,0,0,657,0,326,331,657,disponible,disponible,PasajerosArribadosPartidosxAeropuerto2020-2026,MovimientosxAeropuerto2020-2026
Colombia,PUU,SKAS,Tres De Mayo Airport,2022,3,2022-03,2910,5552,0,0,8462,0,2910,5552,8462,168,166,0,0,334,0,168,166,334,disponible,disponible,PasajerosArribadosPartidosxAeropuerto2020-2026,MovimientosxAeropuerto2020-2026
Colombia,PVA,SKPV,El Embrujo Airport,2022,3,2022-03,1065,1130,0,0,2195,0,1065,1130,2195,175,175,0,0,350,0,175,175,350,disponible,disponible,PasajerosArribadosPartidosxAeropuerto2020-2026,MovimientosxAeropuerto2020-2026
Colombia,RCH,SKRH,Almirante Padilla Airport,2022,3,2022-03,9607,15980,125,149,25587,274,9732,16129,25861,155,157,0,1,312,1,155,158,313,disponible,disponible,PasajerosArribadosPartidosxAeropuerto2020-2026,MovimientosxAeropuerto2020-2026
Colombia,RVE,SKSA,Los Colonizadores Airport,2022,3,2022-03,1510,1478,0,0,2988,0,1510,1478,2988,228,226,0,0,454,0,228,226,454,disponible,disponible,PasajerosArribadosPartidosxAeropuerto2020-2026,MovimientosxAeropuerto2020-2026
Colombia,SJE,SKSJ,Jorge E. Gonzalez Torres Airport,2022,3,2022-03,1641,1702,0,0,3343,0,1641,1702,3343,660,660,0,0,1320,0,660,660,1320,disponible,disponible,PasajerosArribadosPartidosxAeropuerto2020-2026,MovimientosxAeropuerto2020-2026
Colombia,SMR,SKSM,Simón Bolívar International Airport,2022,3,2022-03,123339,123927,942,1127,247266,2069,124281,125054,249335,1286,1292,6,5,2578,11,1292,1297,2589,disponible,disponible,PasajerosArribadosPartidosxAeropuerto2020-2026,MovimientosxAeropuerto2020-2026
Colombia,SVI,SKSV,Eduardo Falla Solano Airport,2022,3,2022-03,356,346,0,0,702,0,356,346,702,31,27,0,0,58,0,31,27,58,disponible,disponible,PasajerosArribadosPartidosxAeropuerto2020-2026,MovimientosxAeropuerto2020-2026
Colombia,TCD,SKRA,Tarapacá Airport,2022,3,2022-03,,,,,,,,,,22,16,0,0,38,0,22,16,38,sin_dato,disponible,PasajerosArribadosPartidosxAeropuerto2020-2026,MovimientosxAeropuerto2020-2026
Colombia,TCO,SKCO,La Florida Airport,2022,3,2022-03,5494,5973,0,0,11467,0,5494,5973,11467,335,329,0,0,664,0,335,329,664,disponible,disponible,PasajerosArribadosPartidosxAeropuerto2020-2026,MovimientosxAeropuerto2020-2026
Colombia,TLU,SKTL,Golfo de Morrosquillo Airport,2022,3,2022-03,798,840,0,0,1638,0,798,840,1638,60,60,0,0,120,0,60,60,120,disponible,disponible,PasajerosArribadosPartidosxAeropuerto2020-2026,MovimientosxAeropuerto2020-2026
Colombia,TME,SKTM,Gustavo Vargas Airport,2022,3,2022-03,373,377,0,0,750,0,373,377,750,178,178,0,0,356,0,178,178,356,disponible,disponible,PasajerosArribadosPartidosxAeropuerto2020-2026,MovimientosxAeropuerto2020-2026
Colombia,UIB,SKUI,El Caraño Airport,2022,3,2022-03,13554,9048,21,17,22602,38,13575,9065,22640,797,794,0,0,1591,0,797,794,1591,disponible,disponible,PasajerosArribadosPartidosxAeropuerto2020-2026,MovimientosxAeropuerto2020-2026
Colombia,VUP,SKVP,Alfonso López Pumarejo Airport,2022,3,2022-03,17721,18710,178,236,36431,414,17899,18946,36845,271,273,0,0,544,0,271,273,544,disponible,disponible,PasajerosArribadosPartidosxAeropuerto2020-2026,MovimientosxAeropuerto2020-2026
Colombia,VVC,SKVV,Vanguardia Airport,2022,3,2022-03,7857,7932,0,0,15789,0,7857,7932,15789,2993,2983,0,0,5976,0,2993,2983,5976,disponible,disponible,PasajerosArribadosPartidosxAeropuerto2020-2026,MovimientosxAeropuerto2020-2026
Colombia,ADZ,SKSP,Gustavo Rojas Pinilla International Airport,2022,4,2022-04,120840,114160,2937,3428,235000,6365,123777,117588,241365,1103,1109,26,23,2212,49,1129,1132,2261,disponible,disponible,PasajerosArribadosPartidosxAeropuerto2020-2026,MovimientosxAeropuerto2020-2026
Colombia,APO,SKLC,Antonio Roldán Betancur Airport,2022,4,2022-04,10846,10969,0,0,21815,0,10846,10969,21815,819,814,0,4,1633,4,819,818,1637,disponible,disponible,PasajerosArribadosPartidosxAeropuerto2020-2026,MovimientosxAeropuerto2020-2026
Colombia,AUC,SKUC,Santiago Perez Airport,2022,4,2022-04,6479,6747,0,0,13226,0,6479,6747,13226,347,344,0,0,691,0,347,344,691,disponible,disponible,PasajerosArribadosPartidosxAeropuerto2020-2026,MovimientosxAeropuerto2020-2026
Colombia,AXM,SKAR,El Eden Airport,2022,4,2022-04,19301,15567,3367,3383,34868,6750,22668,18950,41618,375,370,32,32,745,64,407,402,809,disponible,disponible,PasajerosArribadosPartidosxAeropuerto2020-2026,MovimientosxAeropuerto2020-2026
Colombia,BAQ,SKBQ,Ernesto Cortissoz International Airport,2022,4,2022-04,90452,107680,16925,15831,198132,32756,107377,123511,230888,1761,1783,232,219,3544,451,1993,2002,3995,disponible,disponible,PasajerosArribadosPartidosxAeropuerto2020-2026,MovimientosxAeropuerto2020-2026
Colombia,BGA,SKBG,Palonegro Airport,2022,4,2022-04,82467,85780,4588,5722,168247,10310,87055,91502,178557,1110,1104,26,27,2214,53,1136,1131,2267,disponible,disponible,PasajerosArribadosPartidosxAeropuerto2020-2026,MovimientosxAeropuerto2020-2026
Colombia,BOG,SKBO,El Dorado International Airport,2022,4,2022-04,821830,844506,267062,346775,1666336,613837,1088892,1191281,2280173,9600,9631,4200,4159,19231,8359,13800,13790,27590,disponible,disponible,PasajerosArribadosPartidosxAeropuerto2020-2026,MovimientosxAeropuerto2020-2026
Colombia,BSC,SKBS,José Celestino Mutis Airport,2022,4,2022-04,3032,2921,0,0,5953,0,3032,2921,5953,360,361,0,0,721,0,360,361,721,disponible,disponible,PasajerosArribadosPartidosxAeropuerto2020-2026,MovimientosxAeropuerto2020-2026
Colombia,BUN,SKBU,Gerardo Tobar López Airport,2022,4,2022-04,247,290,0,0,537,0,247,290,537,46,46,0,0,92,0,46,46,92,disponible,disponible,PasajerosArribadosPartidosxAeropuerto2020-2026,MovimientosxAeropuerto2020-2026
Colombia,CLO,SKCL,Alfonso Bonilla Aragon International Airport,2022,4,2022-04,203928,188481,45689,54920,392409,100609,249617,243401,493018,2894,2909,474,459,5803,933,3368,3368,6736,disponible,disponible,PasajerosArribadosPartidosxAeropuerto2020-2026,MovimientosxAeropuerto2020-2026
Colombia,CTG,SKCG,Rafael Nuñez International Airport,2022,4,2022-04,236292,238295,35333,50763,474587,86096,271625,289058,560683,2317,2323,389,404,4640,793,2706,2727,5433,disponible,disponible,PasajerosArribadosPartidosxAeropuerto2020-2026,MovimientosxAeropuerto2020-2026
Colombia,CUC,SKCC,Camilo Daza International Airport,2022,4,2022-04,57522,60247,4274,4947,117769,9221,61796,65194,126990,739,744,21,21,1483,42,760,765,1525,disponible,disponible,PasajerosArribadosPartidosxAeropuerto2020-2026,MovimientosxAeropuerto2020-2026
Colombia,CZU,SKCZ,Las Brujas Airport,2022,4,2022-04,3628,3749,0,0,7377,0,3628,3749,7377,83,84,0,0,167,0,83,84,167,disponible,disponible,PasajerosArribadosPartidosxAeropuerto2020-2026,MovimientosxAeropuerto2020-2026
Colombia,EJA,SKEJ,Yariguíes Airport,2022,4,2022-04,3848,3820,0,0,7668,0,3848,3820,7668,319,376,0,0,695,0,319,376,695,disponible,disponible,PasajerosArribadosPartidosxAeropuerto2020-2026,MovimientosxAeropuerto2020-2026
Colombia,EOH,SKMD,Enrique Olaya Herrera Airport,2022,4,2022-04,49377,52450,5,5,101827,10,49382,52455,101837,3185,3161,3,4,6346,7,3188,3165,6353,disponible,disponible,PasajerosArribadosPartidosxAeropuerto2020-2026,MovimientosxAeropuerto2020-2026
Colombia,EYP,SKYP,El Alcaravan - Yopal Airport,2022,4,2022-04,4734,10585,0,0,15319,0,4734,10585,15319,871,864,0,0,1735,0,871,864,1735,disponible,disponible,PasajerosArribadosPartidosxAeropuerto2020-2026,MovimientosxAeropuerto2020-2026
Colombia,FLA,SKFL,Gustavo Artunduaga Paredes Airport,2022,4,2022-04,5089,5266,0,0,10355,0,5089,5266,10355,190,179,0,0,369,0,190,179,369,disponible,disponible,PasajerosArribadosPartidosxAeropuerto2020-2026,MovimientosxAeropuerto2020-2026
Colombia,GPI,SKGP,Guapi Airport,2022,4,2022-04,2525,2680,0,0,5205,0,2525,2680,5205,118,119,0,0,237,0,118,119,237,disponible,disponible,PasajerosArribadosPartidosxAeropuerto2020-2026,MovimientosxAeropuerto2020-2026
Colombia,IBE,SKIB,Perales Airport,2022,4,2022-04,5614,5841,0,0,11455,0,5614,5841,11455,295,301,0,0,596,0,295,301,596,disponible,disponible,PasajerosArribadosPartidosxAeropuerto2020-2026,MovimientosxAeropuerto2020-2026
Colombia,IPI,SKIP,San Luis Airport,2022,4,2022-04,885,919,0,0,1804,0,885,919,1804,34,34,0,0,68,0,34,34,68,disponible,disponible,PasajerosArribadosPartidosxAeropuerto2020-2026,MovimientosxAeropuerto2020-2026
Colombia,LCR,SKHZ,Virgilio Barco Vargas (La Chorrera) Airport,2022,4,2022-04,,,,,,,,,,17,18,0,0,35,0,17,18,35,sin_dato,disponible,PasajerosArribadosPartidosxAeropuerto2020-2026,MovimientosxAeropuerto2020-2026
Colombia,LET,SKLT,Alfredo Vásquez Cobo International Airport,2022,4,2022-04,14284,14093,5,13,28377,18,14289,14106,28395,220,215,2,2,435,4,222,217,439,disponible,disponible,PasajerosArribadosPartidosxAeropuerto2020-2026,MovimientosxAeropuerto2020-2026
Colombia,LMC,SKNA,La Macarena Airport,2022,4,2022-04,641,674,0,0,1315,0,641,674,1315,209,210,0,0,419,0,209,210,419,disponible,disponible,PasajerosArribadosPartidosxAeropuerto2020-2026,MovimientosxAeropuerto2020-2026
Colombia,LPD,SKLP,La Pedrera Airport,2022,4,2022-04,259,285,0,0,544,0,259,285,544,37,32,0,0,69,0,37,32,69,disponible,disponible,PasajerosArribadosPartidosxAeropuerto2020-2026,MovimientosxAeropuerto2020-2026
Colombia,LQM,SKLG,Caucaya Airport,2022,4,2022-04,647,696,0,0,1343,0,647,696,1343,54,51,0,0,105,0,54,51,105,disponible,disponible,PasajerosArribadosPartidosxAeropuerto2020-2026,MovimientosxAeropuerto2020-2026
Colombia,MDE,SKRG,Jose Maria Córdova International Airport,2022,4,2022-04,373972,344964,101102,85963,718936,187065,475074,430927,906001,3609,3573,1077,1100,7182,2177,4686,4673,9359,disponible,disponible,PasajerosArribadosPartidosxAeropuerto2020-2026,MovimientosxAeropuerto2020-2026
Colombia,MTR,SKMR,Los Garzones Airport,2022,4,2022-04,60560,63904,343,424,124464,767,60903,64328,125231,811,811,1,1,1622,2,812,812,1624,disponible,disponible,PasajerosArribadosPartidosxAeropuerto2020-2026,MovimientosxAeropuerto2020-2026
Colombia,MVP,SKMU,Fabio Alberto Leon Bentley Airport,2022,4,2022-04,1341,1350,0,0,2691,0,1341,1350,2691,594,597,0,0,1191,0,594,597,1191,disponible,disponible,PasajerosArribadosPartidosxAeropuerto2020-2026,MovimientosxAeropuerto2020-2026
Colombia,MZL,SKMZ,La Nubia Airport,2022,4,2022-04,5415,5126,0,0,10541,0,5415,5126,10541,152,150,0,0,302,0,152,150,302,disponible,disponible,PasajerosArribadosPartidosxAeropuerto2020-2026,MovimientosxAeropuerto2020-2026
Colombia,NQU,SKNQ,Reyes Murillo Airport,2022,4,2022-04,1299,1218,0,0,2517,0,1299,1218,2517,226,226,0,0,452,0,226,226,452,disponible,disponible,PasajerosArribadosPartidosxAeropuerto2020-2026,MovimientosxAeropuerto2020-2026
Colombia,NVA,SKNV,Benito Salas Airport,2022,4,2022-04,12160,12693,0,0,24853,0,12160,12693,24853,489,485,0,0,974,0,489,485,974,disponible,disponible,PasajerosArribadosPartidosxAeropuerto2020-2026,MovimientosxAeropuerto2020-2026
Colombia,PCR,SKPC,German Olano Airport,2022,4,2022-04,1576,1813,0,0,3389,0,1576,1813,3389,158,157,0,0,315,0,158,157,315,disponible,disponible,PasajerosArribadosPartidosxAeropuerto2020-2026,MovimientosxAeropuerto2020-2026
Colombia,PDA,SKPD,Obando Cesar Gaviria Trujillo Airport,2022,4,2022-04,,,,,,,,,,165,166,0,0,331,0,165,166,331,sin_dato,disponible,PasajerosArribadosPartidosxAeropuerto2020-2026,MovimientosxAeropuerto2020-2026
Colombia,PEI,SKPE,Matecaña International Airport,2022,4,2022-04,98183,99383,11099,12233,197566,23332,109282,111616,220898,1103,1102,53,51,2205,104,1156,1153,2309,disponible,disponible,PasajerosArribadosPartidosxAeropuerto2020-2026,MovimientosxAeropuerto2020-2026
Colombia,PPN,SKPP,Guillermo León Valencia Airport,2022,4,2022-04,4974,2576,0,0,7550,0,4974,2576,7550,310,311,1,0,621,1,311,311,622,disponible,disponible,PasajerosArribadosPartidosxAeropuerto2020-2026,MovimientosxAeropuerto2020-2026
Colombia,PSO,SKPS,Antonio Nariño Airport,2022,4,2022-04,26600,26879,175,202,53479,377,26775,27081,53856,362,362,0,0,724,0,362,362,724,disponible,disponible,PasajerosArribadosPartidosxAeropuerto2020-2026,MovimientosxAeropuerto2020-2026
Colombia,PUU,SKAS,Tres De Mayo Airport,2022,4,2022-04,5221,5588,0,0,10809,0,5221,5588,10809,181,179,0,0,360,0,181,179,360,disponible,disponible,PasajerosArribadosPartidosxAeropuerto2020-2026,MovimientosxAeropuerto2020-2026
Colombia,PVA,SKPV,El Embrujo Airport,2022,4,2022-04,1101,1189,0,0,2290,0,1101,1189,2290,191,191,0,0,382,0,191,191,382,disponible,disponible,PasajerosArribadosPartidosxAeropuerto2020-2026,MovimientosxAeropuerto2020-2026
Colombia,RCH,SKRH,Almirante Padilla Airport,2022,4,2022-04,18574,16795,267,248,35369,515,18841,17043,35884,177,194,1,0,371,1,178,194,372,disponible,disponible,PasajerosArribadosPartidosxAeropuerto2020-2026,MovimientosxAeropuerto2020-2026
Colombia,RVE,SKSA,Los Colonizadores Airport,2022,4,2022-04,1387,1381,0,0,2768,0,1387,1381,2768,222,223,0,0,445,0,222,223,445,disponible,disponible,PasajerosArribadosPartidosxAeropuerto2020-2026,MovimientosxAeropuerto2020-2026
Colombia,SJE,SKSJ,Jorge E. Gonzalez Torres Airport,2022,4,2022-04,1508,1559,0,0,3067,0,1508,1559,3067,553,551,0,0,1104,0,553,551,1104,disponible,disponible,PasajerosArribadosPartidosxAeropuerto2020-2026,MovimientosxAeropuerto2020-2026
Colombia,SMR,SKSM,Simón Bolívar International Airport,2022,4,2022-04,154452,152212,1422,1606,306664,3028,155874,153818,309692,1361,1366,4,4,2727,8,1365,1370,2735,disponible,disponible,PasajerosArribadosPartidosxAeropuerto2020-2026,MovimientosxAeropuerto2020-2026
Colombia,SVI,SKSV,Eduardo Falla Solano Airport,2022,4,2022-04,410,426,0,0,836,0,410,426,836,24,24,0,0,48,0,24,24,48,disponible,disponible,PasajerosArribadosPartidosxAeropuerto2020-2026,MovimientosxAeropuerto2020-2026
Colombia,TCD,SKRA,Tarapacá Airport,2022,4,2022-04,,,,,,,,,,10,3,0,0,13,0,10,3,13,sin_dato,disponible,PasajerosArribadosPartidosxAeropuerto2020-2026,MovimientosxAeropuerto2020-2026
Colombia,TCO,SKCO,La Florida Airport,2022,4,2022-04,5804,5951,0,0,11755,0,5804,5951,11755,274,276,1,0,550,1,275,276,551,disponible,disponible,PasajerosArribadosPartidosxAeropuerto2020-2026,MovimientosxAeropuerto2020-2026
Colombia,TLU,SKTL,Golfo de Morrosquillo Airport,2022,4,2022-04,779,781,0,0,1560,0,779,781,1560,56,61,0,0,117,0,56,61,117,disponible,disponible,PasajerosArribadosPartidosxAeropuerto2020-2026,MovimientosxAeropuerto2020-2026
Colombia,TME,SKTM,Gustavo Vargas Airport,2022,4,2022-04,409,433,0,0,842,0,409,433,842,207,209,0,0,416,0,207,209,416,disponible,disponible,PasajerosArribadosPartidosxAeropuerto2020-2026,MovimientosxAeropuerto2020-2026
Colombia,UIB,SKUI,El Caraño Airport,2022,4,2022-04,13263,13870,0,0,27133,0,13263,13870,27133,728,729,0,0,1457,0,728,729,1457,disponible,disponible,PasajerosArribadosPartidosxAeropuerto2020-2026,MovimientosxAeropuerto2020-2026
Colombia,VUP,SKVP,Alfonso López Pumarejo Airport,2022,4,2022-04,21598,19240,257,261,40838,518,21855,19501,41356,349,345,1,0,694,1,350,345,695,disponible,disponible,PasajerosArribadosPartidosxAeropuerto2020-2026,MovimientosxAeropuerto2020-2026
Colombia,VVC,SKVV,Vanguardia Airport,2022,4,2022-04,10187,9499,5,0,19686,5,10192,9499,19691,2029,2019,0,0,4048,0,2029,2019,4048,disponible,disponible,PasajerosArribadosPartidosxAeropuerto2020-2026,MovimientosxAeropuerto2020-2026
Colombia,ADZ,SKSP,Gustavo Rojas Pinilla International Airport,2022,5,2022-05,113110,103595,2011,3916,216705,5927,115121,107511,222632,1069,1074,26,24,2143,50,1095,1098,2193,disponible,disponible,PasajerosArribadosPartidosxAeropuerto2020-2026,MovimientosxAeropuerto2020-2026
Colombia,APO,SKLC,Antonio Roldán Betancur Airport,2022,5,2022-05,10087,10105,0,0,20192,0,10087,10105,20192,880,866,2,1,1746,3,882,867,1749,disponible,disponible,PasajerosArribadosPartidosxAeropuerto2020-2026,MovimientosxAeropuerto2020-2026
Colombia,AUC,SKUC,Santiago Perez Airport,2022,5,2022-05,7115,5911,0,0,13026,0,7115,5911,13026,355,351,0,0,706,0,355,351,706,disponible,disponible,PasajerosArribadosPartidosxAeropuerto2020-2026,MovimientosxAeropuerto2020-2026
Colombia,AXM,SKAR,El Eden Airport,2022,5,2022-05,21693,23936,3389,3896,45629,7285,25082,27832,52914,349,353,32,32,702,64,381,385,766,disponible,disponible,PasajerosArribadosPartidosxAeropuerto2020-2026,MovimientosxAeropuerto2020-2026
Colombia,BAQ,SKBQ,Ernesto Cortissoz International Airport,2022,5,2022-05,97701,93938,12724,14019,191639,26743,110425,107957,218382,1840,1857,225,225,3697,450,2065,2082,4147,disponible,disponible,PasajerosArribadosPartidosxAeropuerto2020-2026,MovimientosxAeropuerto2020-2026
Colombia,BGA,SKBG,Palonegro Airport,2022,5,2022-05,80043,85379,2419,6292,165422,8711,82462,91671,174133,1199,1201,24,22,2400,46,1223,1223,2446,disponible,disponible,PasajerosArribadosPartidosxAeropuerto2020-2026,MovimientosxAeropuerto2020-2026
Colombia,BOG,SKBO,El Dorado International Airport,2022,5,2022-05,739666,788297,392655,304075,1527963,696730,1132321,1092372,2224693,9939,9987,4200,4134,19926,8334,14139,14121,28260,disponible,disponible,PasajerosArribadosPartidosxAeropuerto2020-2026,MovimientosxAeropuerto2020-2026
Colombia,BSC,SKBS,José Celestino Mutis Airport,2022,5,2022-05,2725,2604,0,0,5329,0,2725,2604,5329,317,317,0,0,634,0,317,317,634,disponible,disponible,PasajerosArribadosPartidosxAeropuerto2020-2026,MovimientosxAeropuerto2020-2026
Colombia,BUN,SKBU,Gerardo Tobar López Airport,2022,5,2022-05,306,310,0,0,616,0,306,310,616,60,58,0,0,118,0,60,58,118,disponible,disponible,PasajerosArribadosPartidosxAeropuerto2020-2026,MovimientosxAeropuerto2020-2026
Colombia,CLO,SKCL,Alfonso Bonilla Aragon International Airport,2022,5,2022-05,222497,173900,41020,59497,396397,100517,263517,233397,496914,3201,3215,434,420,6416,854,3635,3635,7270,disponible,disponible,PasajerosArribadosPartidosxAeropuerto2020-2026,MovimientosxAeropuerto2020-2026
Colombia,CTG,SKCG,Rafael Nuñez International Airport,2022,5,2022-05,210397,191208,29303,38884,401605,68187,239700,230092,469792,2322,2313,349,380,4635,729,2671,2693,5364,disponible,disponible,PasajerosArribadosPartidosxAeropuerto2020-2026,MovimientosxAeropuerto2020-2026
Colombia,CUC,SKCC,Camilo Daza International Airport,2022,5,2022-05,57631,59640,2706,4937,117271,7643,60337,64577,124914,826,824,17,19,1650,36,843,843,1686,disponible,disponible,PasajerosArribadosPartidosxAeropuerto2020-2026,MovimientosxAeropuerto2020-2026
Colombia,CZU,SKCZ,Las Brujas Airport,2022,5,2022-05,3115,3419,0,0,6534,0,3115,3419,6534,107,126,0,0,233,0,107,126,233,disponible,disponible,PasajerosArribadosPartidosxAeropuerto2020-2026,MovimientosxAeropuerto2020-2026
Colombia,EJA,SKEJ,Yariguíes Airport,2022,5,2022-05,4430,4789,0,0,9219,0,4430,4789,9219,248,248,0,0,496,0,248,248,496,disponible,disponible,PasajerosArribadosPartidosxAeropuerto2020-2026,MovimientosxAeropuerto2020-2026
Colombia,EOH,SKMD,Enrique Olaya Herrera Airport,2022,5,2022-05,50115,47116,0,0,97231,0,50115,47116,97231,3257,3256,8,12,6513,20,3265,3268,6533,disponible,disponible,PasajerosArribadosPartidosxAeropuerto2020-2026,MovimientosxAeropuerto2020-2026
Colombia,EYP,SKYP,El Alcaravan - Yopal Airport,2022,5,2022-05,10010,10042,0,0,20052,0,10010,10042,20052,946,937,0,0,1883,0,946,937,1883,disponible,disponible,PasajerosArribadosPartidosxAeropuerto2020-2026,MovimientosxAeropuerto2020-2026
Colombia,FLA,SKFL,Gustavo Artunduaga Paredes Airport,2022,5,2022-05,6041,6295,0,0,12336,0,6041,6295,12336,197,192,0,0,389,0,197,192,389,disponible,disponible,PasajerosArribadosPartidosxAeropuerto2020-2026,MovimientosxAeropuerto2020-2026
Colombia,GPI,SKGP,Guapi Airport,2022,5,2022-05,2374,2444,0,0,4818,0,2374,2444,4818,122,124,0,0,246,0,122,124,246,disponible,disponible,PasajerosArribadosPartidosxAeropuerto2020-2026,MovimientosxAeropuerto2020-2026
Colombia,IBE,SKIB,Perales Airport,2022,5,2022-05,5428,7369,0,0,12797,0,5428,7369,12797,281,284,0,0,565,0,281,284,565,disponible,disponible,PasajerosArribadosPartidosxAeropuerto2020-2026,MovimientosxAeropuerto2020-2026
Colombia,IPI,SKIP,San Luis Airport,2022,5,2022-05,1247,1269,0,0,2516,0,1247,1269,2516,47,47,0,0,94,0,47,47,94,disponible,disponible,PasajerosArribadosPartidosxAeropuerto2020-2026,MovimientosxAeropuerto2020-2026
Colombia,LCR,SKHZ,Virgilio Barco Vargas (La Chorrera) Airport,2022,5,2022-05,,,,,,,,,,26,27,0,0,53,0,26,27,53,sin_dato,disponible,PasajerosArribadosPartidosxAeropuerto2020-2026,MovimientosxAeropuerto2020-2026
Colombia,LET,SKLT,Alfredo Vásquez Cobo International Airport,2022,5,2022-05,15380,11582,41,60,26962,101,15421,11642,27063,221,224,3,4,445,7,224,228,452,disponible,disponible,PasajerosArribadosPartidosxAeropuerto2020-2026,MovimientosxAeropuerto2020-2026
Colombia,LMC,SKNA,La Macarena Airport,2022,5,2022-05,606,603,0,0,1209,0,606,603,1209,195,187,0,0,382,0,195,187,382,disponible,disponible,PasajerosArribadosPartidosxAeropuerto2020-2026,MovimientosxAeropuerto2020-2026
Colombia,LPD,SKLP,La Pedrera Airport,2022,5,2022-05,160,167,0,0,327,0,160,167,327,40,33,0,0,73,0,40,33,73,disponible,disponible,PasajerosArribadosPartidosxAeropuerto2020-2026,MovimientosxAeropuerto2020-2026
Colombia,LQM,SKLG,Caucaya Airport,2022,5,2022-05,689,530,0,0,1219,0,689,530,1219,39,36,0,0,75,0,39,36,75,disponible,disponible,PasajerosArribadosPartidosxAeropuerto2020-2026,MovimientosxAeropuerto2020-2026
Colombia,MDE,SKRG,Jose Maria Córdova International Airport,2022,5,2022-05,354532,346085,94354,114665,700617,209019,448886,460750,909636,3849,3803,1045,1084,7652,2129,4894,4887,9781,disponible,disponible,PasajerosArribadosPartidosxAeropuerto2020-2026,MovimientosxAeropuerto2020-2026
Colombia,MTR,SKMR,Los Garzones Airport,2022,5,2022-05,40279,57373,61,403,97652,464,40340,57776,98116,799,803,0,0,1602,0,799,803,1602,disponible,disponible,PasajerosArribadosPartidosxAeropuerto2020-2026,MovimientosxAeropuerto2020-2026
Colombia,MVP,SKMU,Fabio Alberto Leon Bentley Airport,2022,5,2022-05,1728,1495,0,0,3223,0,1728,1495,3223,499,504,0,0,1003,0,499,504,1003,disponible,disponible,PasajerosArribadosPartidosxAeropuerto2020-2026,MovimientosxAeropuerto2020-2026
Colombia,MZL,SKMZ,La Nubia Airport,2022,5,2022-05,6172,6272,0,0,12444,0,6172,6272,12444,172,170,0,0,342,0,172,170,342,disponible,disponible,PasajerosArribadosPartidosxAeropuerto2020-2026,MovimientosxAeropuerto2020-2026
Colombia,NQU,SKNQ,Reyes Murillo Airport,2022,5,2022-05,998,1023,0,0,2021,0,998,1023,2021,172,172,0,0,344,0,172,172,344,disponible,disponible,PasajerosArribadosPartidosxAeropuerto2020-2026,MovimientosxAeropuerto2020-2026
Colombia,NVA,SKNV,Benito Salas Airport,2022,5,2022-05,17191,18807,0,0,35998,0,17191,18807,35998,471,478,0,0,949,0,471,478,949,disponible,disponible,PasajerosArribadosPartidosxAeropuerto2020-2026,MovimientosxAeropuerto2020-2026
Colombia,PCR,SKPC,German Olano Airport,2022,5,2022-05,2101,2014,0,0,4115,0,2101,2014,4115,133,131,0,0,264,0,133,131,264,disponible,disponible,PasajerosArribadosPartidosxAeropuerto2020-2026,MovimientosxAeropuerto2020-2026
Colombia,PDA,SKPD,Obando Cesar Gaviria Trujillo Airport,2022,5,2022-05,,,,,,,,,,175,177,0,0,352,0,175,177,352,sin_dato,disponible,PasajerosArribadosPartidosxAeropuerto2020-2026,MovimientosxAeropuerto2020-2026
Colombia,PEI,SKPE,Matecaña International Airport,2022,5,2022-05,86577,77669,6001,13301,164246,19302,92578,90970,183548,1153,1159,58,59,2312,117,1211,1218,2429,disponible,disponible,PasajerosArribadosPartidosxAeropuerto2020-2026,MovimientosxAeropuerto2020-2026
Colombia,PPN,SKPP,Guillermo León Valencia Airport,2022,5,2022-05,5008,3086,0,0,8094,0,5008,3086,8094,314,317,0,0,631,0,314,317,631,disponible,disponible,PasajerosArribadosPartidosxAeropuerto2020-2026,MovimientosxAeropuerto2020-2026
Colombia,PSO,SKPS,Antonio Nariño Airport,2022,5,2022-05,24059,27902,3,216,51961,219,24062,28118,52180,370,369,0,0,739,0,370,369,739,disponible,disponible,PasajerosArribadosPartidosxAeropuerto2020-2026,MovimientosxAeropuerto2020-2026
Colombia,PUU,SKAS,Tres De Mayo Airport,2022,5,2022-05,6373,6365,0,0,12738,0,6373,6365,12738,236,236,0,0,472,0,236,236,472,disponible,disponible,PasajerosArribadosPartidosxAeropuerto2020-2026,MovimientosxAeropuerto2020-2026
Colombia,PVA,SKPV,El Embrujo Airport,2022,5,2022-05,1148,1087,0,0,2235,0,1148,1087,2235,165,162,0,0,327,0,165,162,327,disponible,disponible,PasajerosArribadosPartidosxAeropuerto2020-2026,MovimientosxAeropuerto2020-2026
Colombia,RCH,SKRH,Almirante Padilla Airport,2022,5,2022-05,17197,18227,92,331,35424,423,17289,18558,35847,171,177,0,0,348,0,171,177,348,disponible,disponible,PasajerosArribadosPartidosxAeropuerto2020-2026,MovimientosxAeropuerto2020-2026
Colombia,RVE,SKSA,Los Colonizadores Airport,2022,5,2022-05,1509,1391,0,0,2900,0,1509,1391,2900,224,222,0,0,446,0,224,222,446,disponible,disponible,PasajerosArribadosPartidosxAeropuerto2020-2026,MovimientosxAeropuerto2020-2026
Colombia,SJE,SKSJ,Jorge E. Gonzalez Torres Airport,2022,5,2022-05,1506,1574,0,0,3080,0,1506,1574,3080,537,533,0,0,1070,0,537,533,1070,disponible,disponible,PasajerosArribadosPartidosxAeropuerto2020-2026,MovimientosxAeropuerto2020-2026
Colombia,SMR,SKSM,Simón Bolívar International Airport,2022,5,2022-05,130367,147859,303,1426,278226,1729,130670,149285,279955,1390,1390,6,6,2780,12,1396,1396,2792,disponible,disponible,PasajerosArribadosPartidosxAeropuerto2020-2026,MovimientosxAeropuerto2020-2026
Colombia,SVI,SKSV,Eduardo Falla Solano Airport,2022,5,2022-05,366,390,0,0,756,0,366,390,756,40,36,0,0,76,0,40,36,76,disponible,disponible,PasajerosArribadosPartidosxAeropuerto2020-2026,MovimientosxAeropuerto2020-2026
Colombia,TCD,SKRA,Tarapacá Airport,2022,5,2022-05,,,,,,,,,,10,8,0,0,18,0,10,8,18,sin_dato,disponible,PasajerosArribadosPartidosxAeropuerto2020-2026,MovimientosxAeropuerto2020-2026
Colombia,TCO,SKCO,La Florida Airport,2022,5,2022-05,5667,5568,0,0,11235,0,5667,5568,11235,277,274,0,2,551,2,277,276,553,disponible,disponible,PasajerosArribadosPartidosxAeropuerto2020-2026,MovimientosxAeropuerto2020-2026
Colombia,TLU,SKTL,Golfo de Morrosquillo Airport,2022,5,2022-05,671,784,0,0,1455,0,671,784,1455,38,39,0,0,77,0,38,39,77,disponible,disponible,PasajerosArribadosPartidosxAeropuerto2020-2026,MovimientosxAeropuerto2020-2026
Colombia,TME,SKTM,Gustavo Vargas Airport,2022,5,2022-05,539,522,0,0,1061,0,539,522,1061,220,221,0,0,441,0,220,221,441,disponible,disponible,PasajerosArribadosPartidosxAeropuerto2020-2026,MovimientosxAeropuerto2020-2026
Colombia,UIB,SKUI,El Caraño Airport,2022,5,2022-05,9041,13466,0,0,22507,0,9041,13466,22507,715,722,0,0,1437,0,715,722,1437,disponible,disponible,PasajerosArribadosPartidosxAeropuerto2020-2026,MovimientosxAeropuerto2020-2026
Colombia,VUP,SKVP,Alfonso López Pumarejo Airport,2022,5,2022-05,17985,20410,10,377,38395,387,17995,20787,38782,358,364,0,0,722,0,358,364,722,disponible,disponible,PasajerosArribadosPartidosxAeropuerto2020-2026,MovimientosxAeropuerto2020-2026
Colombia,VVC,SKVV,Vanguardia Airport,2022,5,2022-05,10367,11579,0,2,21946,2,10367,11581,21948,2385,2367,0,0,4752,0,2385,2367,4752,disponible,disponible,PasajerosArribadosPartidosxAeropuerto2020-2026,MovimientosxAeropuerto2020-2026
Colombia,ADZ,SKSP,Gustavo Rojas Pinilla International Airport,2022,6,2022-06,122207,112582,1309,3540,234789,4849,123516,116122,239638,1053,1051,22,20,2104,42,1075,1071,2146,disponible,disponible,PasajerosArribadosPartidosxAeropuerto2020-2026,MovimientosxAeropuerto2020-2026
Colombia,APO,SKLC,Antonio Roldán Betancur Airport,2022,6,2022-06,12454,12425,0,0,24879,0,12454,12425,24879,1011,1008,0,0,2019,0,1011,1008,2019,disponible,disponible,PasajerosArribadosPartidosxAeropuerto2020-2026,MovimientosxAeropuerto2020-2026
Colombia,AUC,SKUC,Santiago Perez Airport,2022,6,2022-06,6583,6890,0,0,13473,0,6583,6890,13473,317,320,0,0,637,0,317,320,637,disponible,disponible,PasajerosArribadosPartidosxAeropuerto2020-2026,MovimientosxAeropuerto2020-2026
Colombia,AXM,SKAR,El Eden Airport,2022,6,2022-06,19723,23266,4094,4445,42989,8539,23817,27711,51528,333,333,30,28,666,58,363,361,724,disponible,disponible,PasajerosArribadosPartidosxAeropuerto2020-2026,MovimientosxAeropuerto2020-2026
Colombia,BAQ,SKBQ,Ernesto Cortissoz International Airport,2022,6,2022-06,105830,85891,14994,16043,191721,31037,120824,101934,222758,1752,1776,191,180,3528,371,1943,1956,3899,disponible,disponible,PasajerosArribadosPartidosxAeropuerto2020-2026,MovimientosxAeropuerto2020-2026
Colombia,BGA,SKBG,Palonegro Airport,2022,6,2022-06,75936,86642,3042,6762,162578,9804,78978,93404,172382,1254,1255,36,34,2509,70,1290,1289,2579,disponible,disponible,PasajerosArribadosPartidosxAeropuerto2020-2026,MovimientosxAeropuerto2020-2026
Colombia,BOG,SKBO,El Dorado International Airport,2022,6,2022-06,800145,743280,371905,324200,1543425,696105,1172050,1067480,2239530,9598,9643,4002,3956,19241,7958,13600,13599,27199,disponible,disponible,PasajerosArribadosPartidosxAeropuerto2020-2026,MovimientosxAeropuerto2020-2026
Colombia,BSC,SKBS,José Celestino Mutis Airport,2022,6,2022-06,3458,3509,0,0,6967,0,3458,3509,6967,326,324,0,0,650,0,326,324,650,disponible,disponible,PasajerosArribadosPartidosxAeropuerto2020-2026,MovimientosxAeropuerto2020-2026
Colombia,BUN,SKBU,Gerardo Tobar López Airport,2022,6,2022-06,274,248,0,0,522,0,274,248,522,35,35,0,0,70,0,35,35,70,disponible,disponible,PasajerosArribadosPartidosxAeropuerto2020-2026,MovimientosxAeropuerto2020-2026
Colombia,CLO,SKCL,Alfonso Bonilla Aragon International Airport,2022,6,2022-06,170193,233158,38982,50800,403351,89782,209175,283958,493133,3133,3166,415,393,6299,808,3548,3559,7107,disponible,disponible,PasajerosArribadosPartidosxAeropuerto2020-2026,MovimientosxAeropuerto2020-2026
Colombia,CTG,SKCG,Rafael Nuñez International Airport,2022,6,2022-06,215175,231368,37108,45256,446543,82364,252283,276624,528907,2279,2272,298,335,4551,633,2577,2607,5184,disponible,disponible,PasajerosArribadosPartidosxAeropuerto2020-2026,MovimientosxAeropuerto2020-2026
Colombia,CUC,SKCC,Camilo Daza International Airport,2022,6,2022-06,60533,43514,356,4692,104047,5048,60889,48206,109095,729,734,18,17,1463,35,747,751,1498,disponible,disponible,PasajerosArribadosPartidosxAeropuerto2020-2026,MovimientosxAeropuerto2020-2026
Colombia,CZU,SKCZ,Las Brujas Airport,2022,6,2022-06,4090,3785,0,0,7875,0,4090,3785,7875,120,134,0,0,254,0,120,134,254,disponible,disponible,PasajerosArribadosPartidosxAeropuerto2020-2026,MovimientosxAeropuerto2020-2026
Colombia,EJA,SKEJ,Yariguíes Airport,2022,6,2022-06,4691,5222,0,0,9913,0,4691,5222,9913,254,248,0,0,502,0,254,248,502,disponible,disponible,PasajerosArribadosPartidosxAeropuerto2020-2026,MovimientosxAeropuerto2020-2026
Colombia,EOH,SKMD,Enrique Olaya Herrera Airport,2022,6,2022-06,55202,54188,0,0,109390,0,55202,54188,109390,3272,3253,2,1,6525,3,3274,3254,6528,disponible,disponible,PasajerosArribadosPartidosxAeropuerto2020-2026,MovimientosxAeropuerto2020-2026
Colombia,EYP,SKYP,El Alcaravan - Yopal Airport,2022,6,2022-06,11960,13070,0,0,25030,0,11960,13070,25030,737,738,0,0,1475,0,737,738,1475,disponible,disponible,PasajerosArribadosPartidosxAeropuerto2020-2026,MovimientosxAeropuerto2020-2026
Colombia,FLA,SKFL,Gustavo Artunduaga Paredes Airport,2022,6,2022-06,5506,5567,0,0,11073,0,5506,5567,11073,210,195,0,0,405,0,210,195,405,disponible,disponible,PasajerosArribadosPartidosxAeropuerto2020-2026,MovimientosxAeropuerto2020-2026
Colombia,GPI,SKGP,Guapi Airport,2022,6,2022-06,2270,3163,0,0,5433,0,2270,3163,5433,130,129,0,0,259,0,130,129,259,disponible,disponible,PasajerosArribadosPartidosxAeropuerto2020-2026,MovimientosxAeropuerto2020-2026
Colombia,IBE,SKIB,Perales Airport,2022,6,2022-06,6032,7486,0,0,13518,0,6032,7486,13518,246,239,0,0,485,0,246,239,485,disponible,disponible,PasajerosArribadosPartidosxAeropuerto2020-2026,MovimientosxAeropuerto2020-2026
Colombia,IPI,SKIP,San Luis Airport,2022,6,2022-06,1201,1135,0,0,2336,0,1201,1135,2336,37,37,0,0,74,0,37,37,74,disponible,disponible,PasajerosArribadosPartidosxAeropuerto2020-2026,MovimientosxAeropuerto2020-2026
Colombia,LCR,SKHZ,Virgilio Barco Vargas (La Chorrera) Airport,2022,6,2022-06,,,,,,,,,,19,20,0,0,39,0,19,20,39,sin_dato,disponible,PasajerosArribadosPartidosxAeropuerto2020-2026,MovimientosxAeropuerto2020-2026
Colombia,LET,SKLT,Alfredo Vásquez Cobo International Airport,2022,6,2022-06,15582,9160,0,30,24742,30,15582,9190,24772,213,212,0,1,425,1,213,213,426,disponible,disponible,PasajerosArribadosPartidosxAeropuerto2020-2026,MovimientosxAeropuerto2020-2026
Colombia,LMC,SKNA,La Macarena Airport,2022,6,2022-06,972,954,0,0,1926,0,972,954,1926,214,209,0,0,423,0,214,209,423,disponible,disponible,PasajerosArribadosPartidosxAeropuerto2020-2026,MovimientosxAeropuerto2020-2026
Colombia,LPD,SKLP,La Pedrera Airport,2022,6,2022-06,227,241,0,0,468,0,227,241,468,44,37,0,0,81,0,44,37,81,disponible,disponible,PasajerosArribadosPartidosxAeropuerto2020-2026,MovimientosxAeropuerto2020-2026
Colombia,LQM,SKLG,Caucaya Airport,2022,6,2022-06,468,521,0,0,989,0,468,521,989,30,32,0,0,62,0,30,32,62,disponible,disponible,PasajerosArribadosPartidosxAeropuerto2020-2026,MovimientosxAeropuerto2020-2026
Colombia,MDE,SKRG,Jose Maria Córdova International Airport,2022,6,2022-06,362915,365856,85655,91613,728771,177268,448570,457469,906039,3729,3654,1030,1070,7383,2100,4759,4724,9483,disponible,disponible,PasajerosArribadosPartidosxAeropuerto2020-2026,MovimientosxAeropuerto2020-2026
Colombia,MTR,SKMR,Los Garzones Airport,2022,6,2022-06,56182,60976,29,533,117158,562,56211,61509,117720,776,784,0,0,1560,0,776,784,1560,disponible,disponible,PasajerosArribadosPartidosxAeropuerto2020-2026,MovimientosxAeropuerto2020-2026
Colombia,MVP,SKMU,Fabio Alberto Leon Bentley Airport,2022,6,2022-06,1629,1827,0,0,3456,0,1629,1827,3456,584,585,0,0,1169,0,584,585,1169,disponible,disponible,PasajerosArribadosPartidosxAeropuerto2020-2026,MovimientosxAeropuerto2020-2026
Colombia,MZL,SKMZ,La Nubia Airport,2022,6,2022-06,6085,5969,0,0,12054,0,6085,5969,12054,196,191,0,0,387,0,196,191,387,disponible,disponible,PasajerosArribadosPartidosxAeropuerto2020-2026,MovimientosxAeropuerto2020-2026
Colombia,NQU,SKNQ,Reyes Murillo Airport,2022,6,2022-06,1202,1050,0,0,2252,0,1202,1050,2252,225,226,0,0,451,0,225,226,451,disponible,disponible,PasajerosArribadosPartidosxAeropuerto2020-2026,MovimientosxAeropuerto2020-2026
Colombia,NVA,SKNV,Benito Salas Airport,2022,6,2022-06,14673,15216,0,0,29889,0,14673,15216,29889,435,435,0,0,870,0,435,435,870,disponible,disponible,PasajerosArribadosPartidosxAeropuerto2020-2026,MovimientosxAeropuerto2020-2026
Colombia,PCR,SKPC,German Olano Airport,2022,6,2022-06,1964,2089,0,0,4053,0,1964,2089,4053,134,129,0,0,263,0,134,129,263,disponible,disponible,PasajerosArribadosPartidosxAeropuerto2020-2026,MovimientosxAeropuerto2020-2026
Colombia,PDA,SKPD,Obando Cesar Gaviria Trujillo Airport,2022,6,2022-06,,,,,,,,,,164,165,0,0,329,0,164,165,329,sin_dato,disponible,PasajerosArribadosPartidosxAeropuerto2020-2026,MovimientosxAeropuerto2020-2026
Colombia,PEI,SKPE,Matecaña International Airport,2022,6,2022-06,76682,100907,5989,12133,177589,18122,82671,113040,195711,1091,1094,52,52,2185,104,1143,1146,2289,disponible,disponible,PasajerosArribadosPartidosxAeropuerto2020-2026,MovimientosxAeropuerto2020-2026
Colombia,PPN,SKPP,Guillermo León Valencia Airport,2022,6,2022-06,5303,5423,0,0,10726,0,5303,5423,10726,275,277,0,0,552,0,275,277,552,disponible,disponible,PasajerosArribadosPartidosxAeropuerto2020-2026,MovimientosxAeropuerto2020-2026
Colombia,PSO,SKPS,Antonio Nariño Airport,2022,6,2022-06,29194,23207,3,295,52401,298,29197,23502,52699,335,335,0,0,670,0,335,335,670,disponible,disponible,PasajerosArribadosPartidosxAeropuerto2020-2026,MovimientosxAeropuerto2020-2026
Colombia,PUU,SKAS,Tres De Mayo Airport,2022,6,2022-06,6033,6061,0,0,12094,0,6033,6061,12094,171,167,0,0,338,0,171,167,338,disponible,disponible,PasajerosArribadosPartidosxAeropuerto2020-2026,MovimientosxAeropuerto2020-2026
Colombia,PVA,SKPV,El Embrujo Airport,2022,6,2022-06,1424,1063,0,0,2487,0,1424,1063,2487,183,182,0,0,365,0,183,182,365,disponible,disponible,PasajerosArribadosPartidosxAeropuerto2020-2026,MovimientosxAeropuerto2020-2026
Colombia,RCH,SKRH,Almirante Padilla Airport,2022,6,2022-06,18587,13800,9,297,32387,306,18596,14097,32693,160,175,0,0,335,0,160,175,335,disponible,disponible,PasajerosArribadosPartidosxAeropuerto2020-2026,MovimientosxAeropuerto2020-2026
Colombia,RVE,SKSA,Los Colonizadores Airport,2022,6,2022-06,1463,1424,0,0,2887,0,1463,1424,2887,196,199,0,0,395,0,196,199,395,disponible,disponible,PasajerosArribadosPartidosxAeropuerto2020-2026,MovimientosxAeropuerto2020-2026
Colombia,SJE,SKSJ,Jorge E. Gonzalez Torres Airport,2022,6,2022-06,1550,1510,0,0,3060,0,1550,1510,3060,452,449,0,0,901,0,452,449,901,disponible,disponible,PasajerosArribadosPartidosxAeropuerto2020-2026,MovimientosxAeropuerto2020-2026
Colombia,SMR,SKSM,Simón Bolívar International Airport,2022,6,2022-06,142064,140554,108,1538,282618,1646,142172,142092,284264,1375,1385,5,6,2760,11,1380,1391,2771,disponible,disponible,PasajerosArribadosPartidosxAeropuerto2020-2026,MovimientosxAeropuerto2020-2026
Colombia,SVI,SKSV,Eduardo Falla Solano Airport,2022,6,2022-06,285,340,0,0,625,0,285,340,625,61,57,0,0,118,0,61,57,118,disponible,disponible,PasajerosArribadosPartidosxAeropuerto2020-2026,MovimientosxAeropuerto2020-2026
Colombia,TCD,SKRA,Tarapacá Airport,2022,6,2022-06,,,,,,,,,,19,14,0,0,33,0,19,14,33,sin_dato,disponible,PasajerosArribadosPartidosxAeropuerto2020-2026,MovimientosxAeropuerto2020-2026
Colombia,TCO,SKCO,La Florida Airport,2022,6,2022-06,5747,1985,0,0,7732,0,5747,1985,7732,284,280,1,1,564,2,285,281,566,disponible,disponible,PasajerosArribadosPartidosxAeropuerto2020-2026,MovimientosxAeropuerto2020-2026
Colombia,TLU,SKTL,Golfo de Morrosquillo Airport,2022,6,2022-06,1585,1382,0,0,2967,0,1585,1382,2967,65,65,0,0,130,0,65,65,130,disponible,disponible,PasajerosArribadosPartidosxAeropuerto2020-2026,MovimientosxAeropuerto2020-2026
Colombia,TME,SKTM,Gustavo Vargas Airport,2022,6,2022-06,465,475,0,0,940,0,465,475,940,209,207,0,0,416,0,209,207,416,disponible,disponible,PasajerosArribadosPartidosxAeropuerto2020-2026,MovimientosxAeropuerto2020-2026
Colombia,UIB,SKUI,El Caraño Airport,2022,6,2022-06,15964,16687,0,0,32651,0,15964,16687,32651,859,862,0,0,1721,0,859,862,1721,disponible,disponible,PasajerosArribadosPartidosxAeropuerto2020-2026,MovimientosxAeropuerto2020-2026
Colombia,VUP,SKVP,Alfonso López Pumarejo Airport,2022,6,2022-06,20660,15726,4,920,36386,924,20664,16646,37310,304,313,4,4,617,8,308,317,625,disponible,disponible,PasajerosArribadosPartidosxAeropuerto2020-2026,MovimientosxAeropuerto2020-2026
Colombia,VVC,SKVV,Vanguardia Airport,2022,6,2022-06,11005,12078,0,0,23083,0,11005,12078,23083,1593,1594,0,0,3187,0,1593,1594,3187,disponible,disponible,PasajerosArribadosPartidosxAeropuerto2020-2026,MovimientosxAeropuerto2020-2026
Colombia,ADZ,SKSP,Gustavo Rojas Pinilla International Airport,2022,7,2022-07,114259,107589,1819,3687,221848,5506,116078,111276,227354,1086,1086,22,22,2172,44,1108,1108,2216,disponible,disponible,PasajerosArribadosPartidosxAeropuerto2020-2026,MovimientosxAeropuerto2020-2026
Colombia,APO,SKLC,Antonio Roldán Betancur Airport,2022,7,2022-07,11747,12346,0,0,24093,0,11747,12346,24093,920,916,1,3,1836,4,921,919,1840,disponible,disponible,PasajerosArribadosPartidosxAeropuerto2020-2026,MovimientosxAeropuerto2020-2026
Colombia,AUC,SKUC,Santiago Perez Airport,2022,7,2022-07,6953,7066,0,0,14019,0,6953,7066,14019,302,302,0,0,604,0,302,302,604,disponible,disponible,PasajerosArribadosPartidosxAeropuerto2020-2026,MovimientosxAeropuerto2020-2026
Colombia,AXM,SKAR,El Eden Airport,2022,7,2022-07,24949,25068,4567,4977,50017,9544,29516,30045,59561,336,337,31,31,673,62,367,368,735,disponible,disponible,PasajerosArribadosPartidosxAeropuerto2020-2026,MovimientosxAeropuerto2020-2026
Colombia,BAQ,SKBQ,Ernesto Cortissoz International Airport,2022,7,2022-07,91376,65620,11288,16161,156996,27449,102664,81781,184445,1688,1700,181,177,3388,358,1869,1877,3746,disponible,disponible,PasajerosArribadosPartidosxAeropuerto2020-2026,MovimientosxAeropuerto2020-2026
Colombia,BGA,SKBG,Palonegro Airport,2022,7,2022-07,77038,82234,2928,6297,159272,9225,79966,88531,168497,1144,1141,31,27,2285,58,1175,1168,2343,disponible,disponible,PasajerosArribadosPartidosxAeropuerto2020-2026,MovimientosxAeropuerto2020-2026
Colombia,BOG,SKBO,El Dorado International Airport,2022,7,2022-07,811145,743914,436253,313873,1555059,750126,1247398,1057787,2305185,10000,10043,4327,4274,20043,8601,14327,14317,28644,disponible,disponible,PasajerosArribadosPartidosxAeropuerto2020-2026,MovimientosxAeropuerto2020-2026
Colombia,BSC,SKBS,José Celestino Mutis Airport,2022,7,2022-07,5323,4832,0,0,10155,0,5323,4832,10155,420,417,0,0,837,0,420,417,837,disponible,disponible,PasajerosArribadosPartidosxAeropuerto2020-2026,MovimientosxAeropuerto2020-2026
Colombia,BUN,SKBU,Gerardo Tobar López Airport,2022,7,2022-07,316,337,0,0,653,0,316,337,653,18,18,0,0,36,0,18,18,36,disponible,disponible,PasajerosArribadosPartidosxAeropuerto2020-2026,MovimientosxAeropuerto2020-2026
Colombia,CLO,SKCL,Alfonso Bonilla Aragon International Airport,2022,7,2022-07,255768,240325,57634,70857,496093,128491,313402,311182,624584,3129,3145,466,445,6274,911,3595,3590,7185,disponible,disponible,PasajerosArribadosPartidosxAeropuerto2020-2026,MovimientosxAeropuerto2020-2026
Colombia,CTG,SKCG,Rafael Nuñez International Airport,2022,7,2022-07,195119,232725,36155,55098,427844,91253,231274,287823,519097,2402,2366,336,389,4768,725,2738,2755,5493,disponible,disponible,PasajerosArribadosPartidosxAeropuerto2020-2026,MovimientosxAeropuerto2020-2026
Colombia,CUC,SKCC,Camilo Daza International Airport,2022,7,2022-07,61881,70415,2024,5291,132296,7315,63905,75706,139611,748,747,19,19,1495,38,767,766,1533,disponible,disponible,PasajerosArribadosPartidosxAeropuerto2020-2026,MovimientosxAeropuerto2020-2026
Colombia,CZU,SKCZ,Las Brujas Airport,2022,7,2022-07,4240,4992,0,0,9232,0,4240,4992,9232,99,111,0,0,210,0,99,111,210,disponible,disponible,PasajerosArribadosPartidosxAeropuerto2020-2026,MovimientosxAeropuerto2020-2026
Colombia,EJA,SKEJ,Yariguíes Airport,2022,7,2022-07,4299,3828,0,0,8127,0,4299,3828,8127,245,243,0,0,488,0,245,243,488,disponible,disponible,PasajerosArribadosPartidosxAeropuerto2020-2026,MovimientosxAeropuerto2020-2026
Colombia,EOH,SKMD,Enrique Olaya Herrera Airport,2022,7,2022-07,56385,56805,0,0,113190,0,56385,56805,113190,3566,3563,5,6,7129,11,3571,3569,7140,disponible,disponible,PasajerosArribadosPartidosxAeropuerto2020-2026,MovimientosxAeropuerto2020-2026
Colombia,EYP,SKYP,El Alcaravan - Yopal Airport,2022,7,2022-07,12221,12870,0,0,25091,0,12221,12870,25091,779,768,0,0,1547,0,779,768,1547,disponible,disponible,PasajerosArribadosPartidosxAeropuerto2020-2026,MovimientosxAeropuerto2020-2026
Colombia,FLA,SKFL,Gustavo Artunduaga Paredes Airport,2022,7,2022-07,5832,6463,0,0,12295,0,5832,6463,12295,256,250,0,0,506,0,256,250,506,disponible,disponible,PasajerosArribadosPartidosxAeropuerto2020-2026,MovimientosxAeropuerto2020-2026
Colombia,GPI,SKGP,Guapi Airport,2022,7,2022-07,3145,2879,0,0,6024,0,3145,2879,6024,146,141,0,0,287,0,146,141,287,disponible,disponible,PasajerosArribadosPartidosxAeropuerto2020-2026,MovimientosxAeropuerto2020-2026
Colombia,IBE,SKIB,Perales Airport,2022,7,2022-07,6092,8310,0,0,14402,0,6092,8310,14402,288,285,0,0,573,0,288,285,573,disponible,disponible,PasajerosArribadosPartidosxAeropuerto2020-2026,MovimientosxAeropuerto2020-2026
Colombia,IPI,SKIP,San Luis Airport,2022,7,2022-07,1361,1474,0,0,2835,0,1361,1474,2835,46,46,0,0,92,0,46,46,92,disponible,disponible,PasajerosArribadosPartidosxAeropuerto2020-2026,MovimientosxAeropuerto2020-2026
Colombia,LCR,SKHZ,Virgilio Barco Vargas (La Chorrera) Airport,2022,7,2022-07,,,,,,,,,,24,24,0,0,48,0,24,24,48,sin_dato,disponible,PasajerosArribadosPartidosxAeropuerto2020-2026,MovimientosxAeropuerto2020-2026
Colombia,LET,SKLT,Alfredo Vásquez Cobo International Airport,2022,7,2022-07,15597,13004,0,70,28601,70,15597,13074,28671,234,237,4,5,471,9,238,242,480,disponible,disponible,PasajerosArribadosPartidosxAeropuerto2020-2026,MovimientosxAeropuerto2020-2026
Colombia,LMC,SKNA,La Macarena Airport,2022,7,2022-07,1910,2014,0,0,3924,0,1910,2014,3924,318,313,0,0,631,0,318,313,631,disponible,disponible,PasajerosArribadosPartidosxAeropuerto2020-2026,MovimientosxAeropuerto2020-2026
Colombia,LPD,SKLP,La Pedrera Airport,2022,7,2022-07,185,193,0,0,378,0,185,193,378,42,33,0,0,75,0,42,33,75,disponible,disponible,PasajerosArribadosPartidosxAeropuerto2020-2026,MovimientosxAeropuerto2020-2026
Colombia,LQM,SKLG,Caucaya Airport,2022,7,2022-07,794,703,0,0,1497,0,794,703,1497,46,44,0,0,90,0,46,44,90,disponible,disponible,PasajerosArribadosPartidosxAeropuerto2020-2026,MovimientosxAeropuerto2020-2026
Colombia,MDE,SKRG,Jose Maria Córdova International Airport,2022,7,2022-07,343213,395964,126358,100336,739177,226694,469571,496300,965871,3768,3737,1130,1150,7505,2280,4898,4887,9785,disponible,disponible,PasajerosArribadosPartidosxAeropuerto2020-2026,MovimientosxAeropuerto2020-2026
Colombia,MTR,SKMR,Los Garzones Airport,2022,7,2022-07,50243,71747,72,510,121990,582,50315,72257,122572,824,835,0,0,1659,0,824,835,1659,disponible,disponible,PasajerosArribadosPartidosxAeropuerto2020-2026,MovimientosxAeropuerto2020-2026
Colombia,MVP,SKMU,Fabio Alberto Leon Bentley Airport,2022,7,2022-07,1918,2159,0,0,4077,0,1918,2159,4077,696,688,0,0,1384,0,696,688,1384,disponible,disponible,PasajerosArribadosPartidosxAeropuerto2020-2026,MovimientosxAeropuerto2020-2026
Colombia,MZL,SKMZ,La Nubia Airport,2022,7,2022-07,4782,6681,0,0,11463,0,4782,6681,11463,202,199,0,0,401,0,202,199,401,disponible,disponible,PasajerosArribadosPartidosxAeropuerto2020-2026,MovimientosxAeropuerto2020-2026
Colombia,NQU,SKNQ,Reyes Murillo Airport,2022,7,2022-07,2568,2322,0,0,4890,0,2568,2322,4890,334,334,0,0,668,0,334,334,668,disponible,disponible,PasajerosArribadosPartidosxAeropuerto2020-2026,MovimientosxAeropuerto2020-2026
Colombia,NVA,SKNV,Benito Salas Airport,2022,7,2022-07,17294,16753,0,0,34047,0,17294,16753,34047,527,524,0,0,1051,0,527,524,1051,disponible,disponible,PasajerosArribadosPartidosxAeropuerto2020-2026,MovimientosxAeropuerto2020-2026
Colombia,PCR,SKPC,German Olano Airport,2022,7,2022-07,2087,2339,0,0,4426,0,2087,2339,4426,134,136,0,1,270,1,134,137,271,disponible,disponible,PasajerosArribadosPartidosxAeropuerto2020-2026,MovimientosxAeropuerto2020-2026
Colombia,PDA,SKPD,Obando Cesar Gaviria Trujillo Airport,2022,7,2022-07,,,,,,,,,,169,167,0,0,336,0,169,167,336,sin_dato,disponible,PasajerosArribadosPartidosxAeropuerto2020-2026,MovimientosxAeropuerto2020-2026
Colombia,PEI,SKPE,Matecaña International Airport,2022,7,2022-07,102936,94884,6517,13501,197820,20018,109453,108385,217838,1105,1104,56,58,2209,114,1161,1162,2323,disponible,disponible,PasajerosArribadosPartidosxAeropuerto2020-2026,MovimientosxAeropuerto2020-2026
Colombia,PPN,SKPP,Guillermo León Valencia Airport,2022,7,2022-07,5525,6059,0,0,11584,0,5525,6059,11584,254,253,0,0,507,0,254,253,507,disponible,disponible,PasajerosArribadosPartidosxAeropuerto2020-2026,MovimientosxAeropuerto2020-2026
Colombia,PSO,SKPS,Antonio Nariño Airport,2022,7,2022-07,31643,30743,0,428,62386,428,31643,31171,62814,340,336,0,0,676,0,340,336,676,disponible,disponible,PasajerosArribadosPartidosxAeropuerto2020-2026,MovimientosxAeropuerto2020-2026
Colombia,PUU,SKAS,Tres De Mayo Airport,2022,7,2022-07,4629,6486,0,0,11115,0,4629,6486,11115,178,176,0,0,354,0,178,176,354,disponible,disponible,PasajerosArribadosPartidosxAeropuerto2020-2026,MovimientosxAeropuerto2020-2026
Colombia,PVA,SKPV,El Embrujo Airport,2022,7,2022-07,1046,1247,0,0,2293,0,1046,1247,2293,204,202,0,0,406,0,204,202,406,disponible,disponible,PasajerosArribadosPartidosxAeropuerto2020-2026,MovimientosxAeropuerto2020-2026
Colombia,RCH,SKRH,Almirante Padilla Airport,2022,7,2022-07,21369,22027,18,345,43396,363,21387,22372,43759,165,172,0,0,337,0,165,172,337,disponible,disponible,PasajerosArribadosPartidosxAeropuerto2020-2026,MovimientosxAeropuerto2020-2026
Colombia,RVE,SKSA,Los Colonizadores Airport,2022,7,2022-07,1565,1693,0,0,3258,0,1565,1693,3258,194,197,0,0,391,0,194,197,391,disponible,disponible,PasajerosArribadosPartidosxAeropuerto2020-2026,MovimientosxAeropuerto2020-2026
Colombia,SJE,SKSJ,Jorge E. Gonzalez Torres Airport,2022,7,2022-07,1670,1691,0,0,3361,0,1670,1691,3361,506,511,0,0,1017,0,506,511,1017,disponible,disponible,PasajerosArribadosPartidosxAeropuerto2020-2026,MovimientosxAeropuerto2020-2026
Colombia,SMR,SKSM,Simón Bolívar International Airport,2022,7,2022-07,174771,162089,1571,2970,336860,4541,176342,165059,341401,1376,1375,17,18,2751,35,1393,1393,2786,disponible,disponible,PasajerosArribadosPartidosxAeropuerto2020-2026,MovimientosxAeropuerto2020-2026
Colombia,SVI,SKSV,Eduardo Falla Solano Airport,2022,7,2022-07,350,387,0,0,737,0,350,387,737,58,56,0,0,114,0,58,56,114,disponible,disponible,PasajerosArribadosPartidosxAeropuerto2020-2026,MovimientosxAeropuerto2020-2026
Colombia,TCD,SKRA,Tarapacá Airport,2022,7,2022-07,,,,,,,,,,15,10,0,0,25,0,15,10,25,sin_dato,disponible,PasajerosArribadosPartidosxAeropuerto2020-2026,MovimientosxAeropuerto2020-2026
Colombia,TCO,SKCO,La Florida Airport,2022,7,2022-07,6093,3472,0,0,9565,0,6093,3472,9565,275,279,0,0,554,0,275,279,554,disponible,disponible,PasajerosArribadosPartidosxAeropuerto2020-2026,MovimientosxAeropuerto2020-2026
Colombia,TLU,SKTL,Golfo de Morrosquillo Airport,2022,7,2022-07,2175,1308,0,0,3483,0,2175,1308,3483,99,101,0,0,200,0,99,101,200,disponible,disponible,PasajerosArribadosPartidosxAeropuerto2020-2026,MovimientosxAeropuerto2020-2026
Colombia,TME,SKTM,Gustavo Vargas Airport,2022,7,2022-07,446,517,0,0,963,0,446,517,963,181,181,0,0,362,0,181,181,362,disponible,disponible,PasajerosArribadosPartidosxAeropuerto2020-2026,MovimientosxAeropuerto2020-2026
Colombia,UIB,SKUI,El Caraño Airport,2022,7,2022-07,16449,17231,0,0,33680,0,16449,17231,33680,900,905,0,0,1805,0,900,905,1805,disponible,disponible,PasajerosArribadosPartidosxAeropuerto2020-2026,MovimientosxAeropuerto2020-2026
Colombia,VUP,SKVP,Alfonso López Pumarejo Airport,2022,7,2022-07,18027,23191,0,1509,41218,1509,18027,24700,42727,311,309,5,5,620,10,316,314,630,disponible,disponible,PasajerosArribadosPartidosxAeropuerto2020-2026,MovimientosxAeropuerto2020-2026
Colombia,VVC,SKVV,Vanguardia Airport,2022,7,2022-07,12796,14215,3,0,27011,3,12799,14215,27014,1670,1666,0,0,3336,0,1670,1666,3336,disponible,disponible,PasajerosArribadosPartidosxAeropuerto2020-2026,MovimientosxAeropuerto2020-2026
Colombia,ADZ,SKSP,Gustavo Rojas Pinilla International Airport,2022,8,2022-08,103009,117856,1728,4462,220865,6190,104737,122318,227055,1017,1018,24,25,2035,49,1041,1043,2084,disponible,disponible,PasajerosArribadosPartidosxAeropuerto2020-2026,MovimientosxAeropuerto2020-2026
Colombia,APO,SKLC,Antonio Roldán Betancur Airport,2022,8,2022-08,11229,11289,0,0,22518,0,11229,11289,22518,917,914,2,0,1831,2,919,914,1833,disponible,disponible,PasajerosArribadosPartidosxAeropuerto2020-2026,MovimientosxAeropuerto2020-2026
Colombia,AUC,SKUC,Santiago Perez Airport,2022,8,2022-08,4941,6611,0,0,11552,0,4941,6611,11552,282,284,0,0,566,0,282,284,566,disponible,disponible,PasajerosArribadosPartidosxAeropuerto2020-2026,MovimientosxAeropuerto2020-2026
Colombia,AXM,SKAR,El Eden Airport,2022,8,2022-08,22063,26838,3791,3514,48901,7305,25854,30352,56206,336,335,31,31,671,62,367,366,733,disponible,disponible,PasajerosArribadosPartidosxAeropuerto2020-2026,MovimientosxAeropuerto2020-2026
Colombia,BAQ,SKBQ,Ernesto Cortissoz International Airport,2022,8,2022-08,100603,72297,14766,20079,172900,34845,115369,92376,207745,1672,1670,183,172,3342,355,1855,1842,3697,disponible,disponible,PasajerosArribadosPartidosxAeropuerto2020-2026,MovimientosxAeropuerto2020-2026
Colombia,BGA,SKBG,Palonegro Airport,2022,8,2022-08,56312,73624,2956,6182,129936,9138,59268,79806,139074,1182,1175,31,32,2357,63,1213,1207,2420,disponible,disponible,PasajerosArribadosPartidosxAeropuerto2020-2026,MovimientosxAeropuerto2020-2026
Colombia,BOG,SKBO,El Dorado International Airport,2022,8,2022-08,863625,753631,429445,335270,1617256,764715,1293070,1088901,2381971,10004,10085,4230,4152,20089,8382,14234,14237,28471,disponible,disponible,PasajerosArribadosPartidosxAeropuerto2020-2026,MovimientosxAeropuerto2020-2026
Colombia,BSC,SKBS,José Celestino Mutis Airport,2022,8,2022-08,6140,3245,0,0,9385,0,6140,3245,9385,490,489,0,0,979,0,490,489,979,disponible,disponible,PasajerosArribadosPartidosxAeropuerto2020-2026,MovimientosxAeropuerto2020-2026
Colombia,BUN,SKBU,Gerardo Tobar López Airport,2022,8,2022-08,338,330,0,0,668,0,338,330,668,37,34,0,0,71,0,37,34,71,disponible,disponible,PasajerosArribadosPartidosxAeropuerto2020-2026,MovimientosxAeropuerto2020-2026
Colombia,CLO,SKCL,Alfonso Bonilla Aragon International Airport,2022,8,2022-08,243358,243118,45674,67409,486476,113083,289032,310527,599559,3107,3111,440,431,6218,871,3547,3542,7089,disponible,disponible,PasajerosArribadosPartidosxAeropuerto2020-2026,MovimientosxAeropuerto2020-2026
Colombia,CTG,SKCG,Rafael Nuñez International Airport,2022,8,2022-08,251735,262728,41028,58422,514463,99450,292763,321150,613913,2335,2321,344,385,4656,729,2679,2706,5385,disponible,disponible,PasajerosArribadosPartidosxAeropuerto2020-2026,MovimientosxAeropuerto2020-2026
Colombia,CUC,SKCC,Camilo Daza International Airport,2022,8,2022-08,66752,66096,2500,3853,132848,6353,69252,69949,139201,791,789,20,20,1580,40,811,809,1620,disponible,disponible,PasajerosArribadosPartidosxAeropuerto2020-2026,MovimientosxAeropuerto2020-2026
Colombia,CZU,SKCZ,Las Brujas Airport,2022,8,2022-08,644,693,0,0,1337,0,644,693,1337,44,54,0,0,98,0,44,54,98,disponible,disponible,PasajerosArribadosPartidosxAeropuerto2020-2026,MovimientosxAeropuerto2020-2026
Colombia,EJA,SKEJ,Yariguíes Airport,2022,8,2022-08,4555,3968,0,0,8523,0,4555,3968,8523,225,229,0,0,454,0,225,229,454,disponible,disponible,PasajerosArribadosPartidosxAeropuerto2020-2026,MovimientosxAeropuerto2020-2026
Colombia,EOH,SKMD,Enrique Olaya Herrera Airport,2022,8,2022-08,54287,59435,0,0,113722,0,54287,59435,113722,3624,3613,5,5,7237,10,3629,3618,7247,disponible,disponible,PasajerosArribadosPartidosxAeropuerto2020-2026,MovimientosxAeropuerto2020-2026
Colombia,EYP,SKYP,El Alcaravan - Yopal Airport,2022,8,2022-08,11508,12432,0,0,23940,0,11508,12432,23940,748,752,0,0,1500,0,748,752,1500,disponible,disponible,PasajerosArribadosPartidosxAeropuerto2020-2026,MovimientosxAeropuerto2020-2026
Colombia,FLA,SKFL,Gustavo Artunduaga Paredes Airport,2022,8,2022-08,5203,5844,0,0,11047,0,5203,5844,11047,220,207,0,0,427,0,220,207,427,disponible,disponible,PasajerosArribadosPartidosxAeropuerto2020-2026,MovimientosxAeropuerto2020-2026
Colombia,GPI,SKGP,Guapi Airport,2022,8,2022-08,2786,2913,0,0,5699,0,2786,2913,5699,135,129,0,0,264,0,135,129,264,disponible,disponible,PasajerosArribadosPartidosxAeropuerto2020-2026,MovimientosxAeropuerto2020-2026
Colombia,IBE,SKIB,Perales Airport,2022,8,2022-08,5410,7141,0,0,12551,0,5410,7141,12551,238,237,0,0,475,0,238,237,475,disponible,disponible,PasajerosArribadosPartidosxAeropuerto2020-2026,MovimientosxAeropuerto2020-2026
Colombia,IPI,SKIP,San Luis Airport,2022,8,2022-08,1257,1274,0,0,2531,0,1257,1274,2531,40,39,0,1,79,1,40,40,80,disponible,disponible,PasajerosArribadosPartidosxAeropuerto2020-2026,MovimientosxAeropuerto2020-2026
Colombia,LCR,SKHZ,Virgilio Barco Vargas (La Chorrera) Airport,2022,8,2022-08,,,,,,,,,,15,12,0,0,27,0,15,12,27,sin_dato,disponible,PasajerosArribadosPartidosxAeropuerto2020-2026,MovimientosxAeropuerto2020-2026
Colombia,LET,SKLT,Alfredo Vásquez Cobo International Airport,2022,8,2022-08,7610,16080,0,43,23690,43,7610,16123,23733,232,238,9,5,470,14,241,243,484,disponible,disponible,PasajerosArribadosPartidosxAeropuerto2020-2026,MovimientosxAeropuerto2020-2026
Colombia,LMC,SKNA,La Macarena Airport,2022,8,2022-08,2408,2440,0,0,4848,0,2408,2440,4848,332,323,0,0,655,0,332,323,655,disponible,disponible,PasajerosArribadosPartidosxAeropuerto2020-2026,MovimientosxAeropuerto2020-2026
Colombia,LPD,SKLP,La Pedrera Airport,2022,8,2022-08,183,190,0,0,373,0,183,190,373,38,33,0,0,71,0,38,33,71,disponible,disponible,PasajerosArribadosPartidosxAeropuerto2020-2026,MovimientosxAeropuerto2020-2026
Colombia,LQM,SKLG,Caucaya Airport,2022,8,2022-08,556,527,0,0,1083,0,556,527,1083,28,30,0,0,58,0,28,30,58,disponible,disponible,PasajerosArribadosPartidosxAeropuerto2020-2026,MovimientosxAeropuerto2020-2026
Colombia,MDE,SKRG,Jose Maria Córdova International Airport,2022,8,2022-08,364151,401676,117113,131310,765827,248423,481264,532986,1014250,3861,3821,1151,1188,7682,2339,5012,5009,10021,disponible,disponible,PasajerosArribadosPartidosxAeropuerto2020-2026,MovimientosxAeropuerto2020-2026
Colombia,MTR,SKMR,Los Garzones Airport,2022,8,2022-08,64073,58575,38,440,122648,478,64111,59015,123126,808,819,0,0,1627,0,808,819,1627,disponible,disponible,PasajerosArribadosPartidosxAeropuerto2020-2026,MovimientosxAeropuerto2020-2026
Colombia,MVP,SKMU,Fabio Alberto Leon Bentley Airport,2022,8,2022-08,1871,1914,0,0,3785,0,1871,1914,3785,665,667,0,0,1332,0,665,667,1332,disponible,disponible,PasajerosArribadosPartidosxAeropuerto2020-2026,MovimientosxAeropuerto2020-2026
Colombia,MZL,SKMZ,La Nubia Airport,2022,8,2022-08,6802,7004,0,0,13806,0,6802,7004,13806,219,218,0,0,437,0,219,218,437,disponible,disponible,PasajerosArribadosPartidosxAeropuerto2020-2026,MovimientosxAeropuerto2020-2026
Colombia,NQU,SKNQ,Reyes Murillo Airport,2022,8,2022-08,4109,4187,0,0,8296,0,4109,4187,8296,330,330,0,0,660,0,330,330,660,disponible,disponible,PasajerosArribadosPartidosxAeropuerto2020-2026,MovimientosxAeropuerto2020-2026
Colombia,NVA,SKNV,Benito Salas Airport,2022,8,2022-08,16632,17789,0,0,34421,0,16632,17789,34421,460,464,0,0,924,0,460,464,924,disponible,disponible,PasajerosArribadosPartidosxAeropuerto2020-2026,MovimientosxAeropuerto2020-2026
Colombia,PCR,SKPC,German Olano Airport,2022,8,2022-08,2100,2129,0,0,4229,0,2100,2129,4229,100,99,0,0,199,0,100,99,199,disponible,disponible,PasajerosArribadosPartidosxAeropuerto2020-2026,MovimientosxAeropuerto2020-2026
Colombia,PDA,SKPD,Obando Cesar Gaviria Trujillo Airport,2022,8,2022-08,,,,,,,,,,163,163,0,0,326,0,163,163,326,sin_dato,disponible,PasajerosArribadosPartidosxAeropuerto2020-2026,MovimientosxAeropuerto2020-2026
Colombia,PEI,SKPE,Matecaña International Airport,2022,8,2022-08,88808,95855,6749,13814,184663,20563,95557,109669,205226,1135,1142,63,60,2277,123,1198,1202,2400,disponible,disponible,PasajerosArribadosPartidosxAeropuerto2020-2026,MovimientosxAeropuerto2020-2026
Colombia,PPN,SKPP,Guillermo León Valencia Airport,2022,8,2022-08,5518,2990,0,0,8508,0,5518,2990,8508,260,267,0,0,527,0,260,267,527,disponible,disponible,PasajerosArribadosPartidosxAeropuerto2020-2026,MovimientosxAeropuerto2020-2026
Colombia,PSO,SKPS,Antonio Nariño Airport,2022,8,2022-08,29006,31405,2,264,60411,266,29008,31669,60677,320,321,0,0,641,0,320,321,641,disponible,disponible,PasajerosArribadosPartidosxAeropuerto2020-2026,MovimientosxAeropuerto2020-2026
Colombia,PUU,SKAS,Tres De Mayo Airport,2022,8,2022-08,4294,4949,0,0,9243,0,4294,4949,9243,189,190,0,0,379,0,189,190,379,disponible,disponible,PasajerosArribadosPartidosxAeropuerto2020-2026,MovimientosxAeropuerto2020-2026
Colombia,PVA,SKPV,El Embrujo Airport,2022,8,2022-08,3467,3957,0,0,7424,0,3467,3957,7424,179,178,0,0,357,0,179,178,357,disponible,disponible,PasajerosArribadosPartidosxAeropuerto2020-2026,MovimientosxAeropuerto2020-2026
Colombia,RCH,SKRH,Almirante Padilla Airport,2022,8,2022-08,19239,16112,15,406,35351,421,19254,16518,35772,139,140,0,0,279,0,139,140,279,disponible,disponible,PasajerosArribadosPartidosxAeropuerto2020-2026,MovimientosxAeropuerto2020-2026
Colombia,RVE,SKSA,Los Colonizadores Airport,2022,8,2022-08,1675,1756,0,0,3431,0,1675,1756,3431,206,206,0,0,412,0,206,206,412,disponible,disponible,PasajerosArribadosPartidosxAeropuerto2020-2026,MovimientosxAeropuerto2020-2026
Colombia,SJE,SKSJ,Jorge E. Gonzalez Torres Airport,2022,8,2022-08,1685,1670,0,0,3355,0,1685,1670,3355,482,478,0,0,960,0,482,478,960,disponible,disponible,PasajerosArribadosPartidosxAeropuerto2020-2026,MovimientosxAeropuerto2020-2026
Colombia,SMR,SKSM,Simón Bolívar International Airport,2022,8,2022-08,130054,155109,1570,3288,285163,4858,131624,158397,290021,1346,1344,21,20,2690,41,1367,1364,2731,disponible,disponible,PasajerosArribadosPartidosxAeropuerto2020-2026,MovimientosxAeropuerto2020-2026
Colombia,SVI,SKSV,Eduardo Falla Solano Airport,2022,8,2022-08,289,303,0,0,592,0,289,303,592,47,45,0,0,92,0,47,45,92,disponible,disponible,PasajerosArribadosPartidosxAeropuerto2020-2026,MovimientosxAeropuerto2020-2026
Colombia,TCD,SKRA,Tarapacá Airport,2022,8,2022-08,,,,,,,,,,13,11,0,0,24,0,13,11,24,sin_dato,disponible,PasajerosArribadosPartidosxAeropuerto2020-2026,MovimientosxAeropuerto2020-2026
Colombia,TCO,SKCO,La Florida Airport,2022,8,2022-08,5986,4624,0,0,10610,0,5986,4624,10610,219,216,0,1,435,1,219,217,436,disponible,disponible,PasajerosArribadosPartidosxAeropuerto2020-2026,MovimientosxAeropuerto2020-2026
Colombia,TLU,SKTL,Golfo de Morrosquillo Airport,2022,8,2022-08,2021,2101,0,0,4122,0,2021,2101,4122,89,90,0,0,179,0,89,90,179,disponible,disponible,PasajerosArribadosPartidosxAeropuerto2020-2026,MovimientosxAeropuerto2020-2026
Colombia,TME,SKTM,Gustavo Vargas Airport,2022,8,2022-08,360,453,0,0,813,0,360,453,813,227,227,0,0,454,0,227,227,454,disponible,disponible,PasajerosArribadosPartidosxAeropuerto2020-2026,MovimientosxAeropuerto2020-2026
Colombia,UIB,SKUI,El Caraño Airport,2022,8,2022-08,15897,16065,0,0,31962,0,15897,16065,31962,838,838,0,0,1676,0,838,838,1676,disponible,disponible,PasajerosArribadosPartidosxAeropuerto2020-2026,MovimientosxAeropuerto2020-2026
Colombia,VUP,SKVP,Alfonso López Pumarejo Airport,2022,8,2022-08,5643,20527,1,398,26170,399,5644,20925,26569,335,333,0,0,668,0,335,333,668,disponible,disponible,PasajerosArribadosPartidosxAeropuerto2020-2026,MovimientosxAeropuerto2020-2026
Colombia,VVC,SKVV,Vanguardia Airport,2022,8,2022-08,11966,11180,4,3,23146,7,11970,11183,23153,1639,1624,0,0,3263,0,1639,1624,3263,disponible,disponible,PasajerosArribadosPartidosxAeropuerto2020-2026,MovimientosxAeropuerto2020-2026
Colombia,ADZ,SKSP,Gustavo Rojas Pinilla International Airport,2022,9,2022-09,116901,98360,1830,3506,215261,5336,118731,101866,220597,987,991,25,27,1978,52,1012,1018,2030,disponible,disponible,PasajerosArribadosPartidosxAeropuerto2020-2026,MovimientosxAeropuerto2020-2026
Colombia,APO,SKLC,Antonio Roldán Betancur Airport,2022,9,2022-09,6295,10696,0,0,16991,0,6295,10696,16991,830,822,0,0,1652,0,830,822,1652,disponible,disponible,PasajerosArribadosPartidosxAeropuerto2020-2026,MovimientosxAeropuerto2020-2026
Colombia,AUC,SKUC,Santiago Perez Airport,2022,9,2022-09,4794,3831,0,0,8625,0,4794,3831,8625,274,272,0,0,546,0,274,272,546,disponible,disponible,PasajerosArribadosPartidosxAeropuerto2020-2026,MovimientosxAeropuerto2020-2026
Colombia,AXM,SKAR,El Eden Airport,2022,9,2022-09,20076,21365,2655,4623,41441,7278,22731,25988,48719,362,366,27,27,728,54,389,393,782,disponible,disponible,PasajerosArribadosPartidosxAeropuerto2020-2026,MovimientosxAeropuerto2020-2026
Colombia,BAQ,SKBQ,Ernesto Cortissoz International Airport,2022,9,2022-09,85778,79011,12620,17084,164789,29704,98398,96095,194493,1602,1616,169,169,3218,338,1771,1785,3556,disponible,disponible,PasajerosArribadosPartidosxAeropuerto2020-2026,MovimientosxAeropuerto2020-2026
Colombia,BGA,SKBG,Palonegro Airport,2022,9,2022-09,70506,72885,2870,5737,143391,8607,73376,78622,151998,1163,1163,31,32,2326,63,1194,1195,2389,disponible,disponible,PasajerosArribadosPartidosxAeropuerto2020-2026,MovimientosxAeropuerto2020-2026
Colombia,BOG,SKBO,El Dorado International Airport,2022,9,2022-09,802511,806717,390593,319428,1609228,710021,1193104,1126145,2319249,9771,9804,4047,3990,19575,8037,13818,13794,27612,disponible,disponible,PasajerosArribadosPartidosxAeropuerto2020-2026,MovimientosxAeropuerto2020-2026
Colombia,BSC,SKBS,José Celestino Mutis Airport,2022,9,2022-09,5488,5631,0,0,11119,0,5488,5631,11119,430,427,0,0,857,0,430,427,857,disponible,disponible,PasajerosArribadosPartidosxAeropuerto2020-2026,MovimientosxAeropuerto2020-2026
Colombia,BUN,SKBU,Gerardo Tobar López Airport,2022,9,2022-09,326,354,0,0,680,0,326,354,680,57,58,0,0,115,0,57,58,115,disponible,disponible,PasajerosArribadosPartidosxAeropuerto2020-2026,MovimientosxAeropuerto2020-2026
Colombia,CLO,SKCL,Alfonso Bonilla Aragon International Airport,2022,9,2022-09,217678,182085,30519,52838,399763,83357,248197,234923,483120,3009,3017,352,343,6026,695,3361,3360,6721,disponible,disponible,PasajerosArribadosPartidosxAeropuerto2020-2026,MovimientosxAeropuerto2020-2026
Colombia,CTG,SKCG,Rafael Nuñez International Airport,2022,9,2022-09,210202,229160,35476,41490,439362,76966,245678,270650,516328,2063,2030,310,358,4093,668,2373,2388,4761,disponible,disponible,PasajerosArribadosPartidosxAeropuerto2020-2026,MovimientosxAeropuerto2020-2026
Colombia,CUC,SKCC,Camilo Daza International Airport,2022,9,2022-09,60455,65050,1165,4869,125505,6034,61620,69919,131539,754,754,18,18,1508,36,772,772,1544,disponible,disponible,PasajerosArribadosPartidosxAeropuerto2020-2026,MovimientosxAeropuerto2020-2026
Colombia,CZU,SKCZ,Las Brujas Airport,2022,9,2022-09,603,623,0,0,1226,0,603,623,1226,35,40,0,0,75,0,35,40,75,disponible,disponible,PasajerosArribadosPartidosxAeropuerto2020-2026,MovimientosxAeropuerto2020-2026
Colombia,EJA,SKEJ,Yariguíes Airport,2022,9,2022-09,4736,5462,0,0,10198,0,4736,5462,10198,219,218,0,0,437,0,219,218,437,disponible,disponible,PasajerosArribadosPartidosxAeropuerto2020-2026,MovimientosxAeropuerto2020-2026
Colombia,EOH,SKMD,Enrique Olaya Herrera Airport,2022,9,2022-09,49502,48821,2,0,98323,2,49504,48821,98325,3388,3397,12,11,6785,23,3400,3408,6808,disponible,disponible,PasajerosArribadosPartidosxAeropuerto2020-2026,MovimientosxAeropuerto2020-2026
Colombia,EYP,SKYP,El Alcaravan - Yopal Airport,2022,9,2022-09,12423,13435,0,0,25858,0,12423,13435,25858,721,709,0,0,1430,0,721,709,1430,disponible,disponible,PasajerosArribadosPartidosxAeropuerto2020-2026,MovimientosxAeropuerto2020-2026
Colombia,FLA,SKFL,Gustavo Artunduaga Paredes Airport,2022,9,2022-09,5195,5668,0,0,10863,0,5195,5668,10863,188,197,0,0,385,0,188,197,385,disponible,disponible,PasajerosArribadosPartidosxAeropuerto2020-2026,MovimientosxAeropuerto2020-2026
Colombia,GPI,SKGP,Guapi Airport,2022,9,2022-09,2761,1787,0,0,4548,0,2761,1787,4548,117,121,0,0,238,0,117,121,238,disponible,disponible,PasajerosArribadosPartidosxAeropuerto2020-2026,MovimientosxAeropuerto2020-2026
Colombia,IBE,SKIB,Perales Airport,2022,9,2022-09,5336,7321,0,0,12657,0,5336,7321,12657,236,235,0,0,471,0,236,235,471,disponible,disponible,PasajerosArribadosPartidosxAeropuerto2020-2026,MovimientosxAeropuerto2020-2026
Colombia,IPI,SKIP,San Luis Airport,2022,9,2022-09,1214,1261,0,0,2475,0,1214,1261,2475,40,40,0,0,80,0,40,40,80,disponible,disponible,PasajerosArribadosPartidosxAeropuerto2020-2026,MovimientosxAeropuerto2020-2026
Colombia,LCR,SKHZ,Virgilio Barco Vargas (La Chorrera) Airport,2022,9,2022-09,,,,,,,,,,20,14,0,0,34,0,20,14,34,sin_dato,disponible,PasajerosArribadosPartidosxAeropuerto2020-2026,MovimientosxAeropuerto2020-2026
Colombia,LET,SKLT,Alfredo Vásquez Cobo International Airport,2022,9,2022-09,15539,14992,0,28,30531,28,15539,15020,30559,266,272,12,6,538,18,278,278,556,disponible,disponible,PasajerosArribadosPartidosxAeropuerto2020-2026,MovimientosxAeropuerto2020-2026
Colombia,LMC,SKNA,La Macarena Airport,2022,9,2022-09,2083,1993,0,0,4076,0,2083,1993,4076,298,294,0,0,592,0,298,294,592,disponible,disponible,PasajerosArribadosPartidosxAeropuerto2020-2026,MovimientosxAeropuerto2020-2026
Colombia,LPD,SKLP,La Pedrera Airport,2022,9,2022-09,292,227,0,0,519,0,292,227,519,60,61,0,0,121,0,60,61,121,disponible,disponible,PasajerosArribadosPartidosxAeropuerto2020-2026,MovimientosxAeropuerto2020-2026
Colombia,LQM,SKLG,Caucaya Airport,2022,9,2022-09,606,567,0,0,1173,0,606,567,1173,45,44,0,0,89,0,45,44,89,disponible,disponible,PasajerosArribadosPartidosxAeropuerto2020-2026,MovimientosxAeropuerto2020-2026
Colombia,MDE,SKRG,Jose Maria Córdova International Airport,2022,9,2022-09,342592,323754,92559,112595,666346,205154,435151,436349,871500,3530,3504,994,1012,7034,2006,4524,4516,9040,disponible,disponible,PasajerosArribadosPartidosxAeropuerto2020-2026,MovimientosxAeropuerto2020-2026
Colombia,MTR,SKMR,Los Garzones Airport,2022,9,2022-09,41828,60306,55,389,102134,444,41883,60695,102578,721,722,0,0,1443,0,721,722,1443,disponible,disponible,PasajerosArribadosPartidosxAeropuerto2020-2026,MovimientosxAeropuerto2020-2026
Colombia,MVP,SKMU,Fabio Alberto Leon Bentley Airport,2022,9,2022-09,1865,1950,0,0,3815,0,1865,1950,3815,783,777,0,0,1560,0,783,777,1560,disponible,disponible,PasajerosArribadosPartidosxAeropuerto2020-2026,MovimientosxAeropuerto2020-2026
Colombia,MZL,SKMZ,La Nubia Airport,2022,9,2022-09,2729,4803,0,0,7532,0,2729,4803,7532,206,201,0,0,407,0,206,201,407,disponible,disponible,PasajerosArribadosPartidosxAeropuerto2020-2026,MovimientosxAeropuerto2020-2026
Colombia,NQU,SKNQ,Reyes Murillo Airport,2022,9,2022-09,2339,3485,0,0,5824,0,2339,3485,5824,289,291,0,0,580,0,289,291,580,disponible,disponible,PasajerosArribadosPartidosxAeropuerto2020-2026,MovimientosxAeropuerto2020-2026
Colombia,NVA,SKNV,Benito Salas Airport,2022,9,2022-09,12566,15421,0,0,27987,0,12566,15421,27987,539,533,0,0,1072,0,539,533,1072,disponible,disponible,PasajerosArribadosPartidosxAeropuerto2020-2026,MovimientosxAeropuerto2020-2026
Colombia,PCR,SKPC,German Olano Airport,2022,9,2022-09,2107,2254,0,0,4361,0,2107,2254,4361,128,129,0,0,257,0,128,129,257,disponible,disponible,PasajerosArribadosPartidosxAeropuerto2020-2026,MovimientosxAeropuerto2020-2026
Colombia,PDA,SKPD,Obando Cesar Gaviria Trujillo Airport,2022,9,2022-09,,,,,,,,,,164,164,0,0,328,0,164,164,328,sin_dato,disponible,PasajerosArribadosPartidosxAeropuerto2020-2026,MovimientosxAeropuerto2020-2026
Colombia,PEI,SKPE,Matecaña International Airport,2022,9,2022-09,87034,85382,6419,12273,172416,18692,93453,97655,191108,1061,1069,57,57,2130,114,1118,1126,2244,disponible,disponible,PasajerosArribadosPartidosxAeropuerto2020-2026,MovimientosxAeropuerto2020-2026
Colombia,PPN,SKPP,Guillermo León Valencia Airport,2022,9,2022-09,4750,5217,0,0,9967,0,4750,5217,9967,217,218,0,0,435,0,217,218,435,disponible,disponible,PasajerosArribadosPartidosxAeropuerto2020-2026,MovimientosxAeropuerto2020-2026
Colombia,PSO,SKPS,Antonio Nariño Airport,2022,9,2022-09,24641,27835,12,299,52476,311,24653,28134,52787,333,330,0,0,663,0,333,330,663,disponible,disponible,PasajerosArribadosPartidosxAeropuerto2020-2026,MovimientosxAeropuerto2020-2026
Colombia,PUU,SKAS,Tres De Mayo Airport,2022,9,2022-09,6330,6387,0,0,12717,0,6330,6387,12717,230,221,0,0,451,0,230,221,451,disponible,disponible,PasajerosArribadosPartidosxAeropuerto2020-2026,MovimientosxAeropuerto2020-2026
Colombia,PVA,SKPV,El Embrujo Airport,2022,9,2022-09,639,3410,0,0,4049,0,639,3410,4049,142,142,0,0,284,0,142,142,284,disponible,disponible,PasajerosArribadosPartidosxAeropuerto2020-2026,MovimientosxAeropuerto2020-2026
Colombia,RCH,SKRH,Almirante Padilla Airport,2022,9,2022-09,18263,18128,46,307,36391,353,18309,18435,36744,136,147,0,0,283,0,136,147,283,disponible,disponible,PasajerosArribadosPartidosxAeropuerto2020-2026,MovimientosxAeropuerto2020-2026
Colombia,RVE,SKSA,Los Colonizadores Airport,2022,9,2022-09,1742,1807,0,0,3549,0,1742,1807,3549,218,216,0,0,434,0,218,216,434,disponible,disponible,PasajerosArribadosPartidosxAeropuerto2020-2026,MovimientosxAeropuerto2020-2026
Colombia,SJE,SKSJ,Jorge E. Gonzalez Torres Airport,2022,9,2022-09,1660,1695,0,0,3355,0,1660,1695,3355,483,481,0,0,964,0,483,481,964,disponible,disponible,PasajerosArribadosPartidosxAeropuerto2020-2026,MovimientosxAeropuerto2020-2026
Colombia,SMR,SKSM,Simón Bolívar International Airport,2022,9,2022-09,126468,137738,1362,2868,264206,4230,127830,140606,268436,1160,1160,21,21,2320,42,1181,1181,2362,disponible,disponible,PasajerosArribadosPartidosxAeropuerto2020-2026,MovimientosxAeropuerto2020-2026
Colombia,SVI,SKSV,Eduardo Falla Solano Airport,2022,9,2022-09,284,286,0,0,570,0,284,286,570,49,46,0,0,95,0,49,46,95,disponible,disponible,PasajerosArribadosPartidosxAeropuerto2020-2026,MovimientosxAeropuerto2020-2026
Colombia,TCD,SKRA,Tarapacá Airport,2022,9,2022-09,,,,,,,,,,26,18,0,0,44,0,26,18,44,sin_dato,disponible,PasajerosArribadosPartidosxAeropuerto2020-2026,MovimientosxAeropuerto2020-2026
Colombia,TCO,SKCO,La Florida Airport,2022,9,2022-09,5417,6004,0,0,11421,0,5417,6004,11421,273,268,1,0,541,1,274,268,542,disponible,disponible,PasajerosArribadosPartidosxAeropuerto2020-2026,MovimientosxAeropuerto2020-2026
Colombia,TLU,SKTL,Golfo de Morrosquillo Airport,2022,9,2022-09,1997,1995,0,0,3992,0,1997,1995,3992,69,67,0,0,136,0,69,67,136,disponible,disponible,PasajerosArribadosPartidosxAeropuerto2020-2026,MovimientosxAeropuerto2020-2026
Colombia,TME,SKTM,Gustavo Vargas Airport,2022,9,2022-09,513,531,0,0,1044,0,513,531,1044,198,198,0,0,396,0,198,198,396,disponible,disponible,PasajerosArribadosPartidosxAeropuerto2020-2026,MovimientosxAeropuerto2020-2026
Colombia,UIB,SKUI,El Caraño Airport,2022,9,2022-09,17125,16902,0,0,34027,0,17125,16902,34027,849,852,0,0,1701,0,849,852,1701,disponible,disponible,PasajerosArribadosPartidosxAeropuerto2020-2026,MovimientosxAeropuerto2020-2026
Colombia,VUP,SKVP,Alfonso López Pumarejo Airport,2022,9,2022-09,20204,20750,7,332,40954,339,20211,21082,41293,269,272,0,0,541,0,269,272,541,disponible,disponible,PasajerosArribadosPartidosxAeropuerto2020-2026,MovimientosxAeropuerto2020-2026
Colombia,VVC,SKVV,Vanguardia Airport,2022,9,2022-09,11889,13260,5,4,25149,9,11894,13264,25158,1623,1618,0,0,3241,0,1623,1618,3241,disponible,disponible,PasajerosArribadosPartidosxAeropuerto2020-2026,MovimientosxAeropuerto2020-2026
Colombia,ADZ,SKSP,Gustavo Rojas Pinilla International Airport,2022,10,2022-10,94178,105954,1708,2827,200132,4535,95886,108781,204667,970,974,22,23,1944,45,992,997,1989,disponible,disponible,PasajerosArribadosPartidosxAeropuerto2020-2026,MovimientosxAeropuerto2020-2026
Colombia,APO,SKLC,Antonio Roldán Betancur Airport,2022,10,2022-10,11284,11121,0,0,22405,0,11284,11121,22405,850,842,0,0,1692,0,850,842,1692,disponible,disponible,PasajerosArribadosPartidosxAeropuerto2020-2026,MovimientosxAeropuerto2020-2026
Colombia,AUC,SKUC,Santiago Perez Airport,2022,10,2022-10,6871,5143,0,0,12014,0,6871,5143,12014,303,305,0,0,608,0,303,305,608,disponible,disponible,PasajerosArribadosPartidosxAeropuerto2020-2026,MovimientosxAeropuerto2020-2026
Colombia,AXM,SKAR,El Eden Airport,2022,10,2022-10,24591,15633,2976,3468,40224,6444,27567,19101,46668,371,372,25,23,743,48,396,395,791,disponible,disponible,PasajerosArribadosPartidosxAeropuerto2020-2026,MovimientosxAeropuerto2020-2026
Colombia,BAQ,SKBQ,Ernesto Cortissoz International Airport,2022,10,2022-10,69583,86356,12950,17187,155939,30137,82533,103543,186076,1683,1717,170,163,3400,333,1853,1880,3733,disponible,disponible,PasajerosArribadosPartidosxAeropuerto2020-2026,MovimientosxAeropuerto2020-2026
Colombia,BGA,SKBG,Palonegro Airport,2022,10,2022-10,74866,79528,2728,5556,154394,8284,77594,85084,162678,1095,1092,26,29,2187,55,1121,1121,2242,disponible,disponible,PasajerosArribadosPartidosxAeropuerto2020-2026,MovimientosxAeropuerto2020-2026
Colombia,BOG,SKBO,El Dorado International Airport,2022,10,2022-10,834534,725822,442732,352678,1560356,795410,1277266,1078500,2355766,10130,10171,4248,4185,20301,8433,14378,14356,28734,disponible,disponible,PasajerosArribadosPartidosxAeropuerto2020-2026,MovimientosxAeropuerto2020-2026
Colombia,BSC,SKBS,José Celestino Mutis Airport,2022,10,2022-10,4536,4681,0,0,9217,0,4536,4681,9217,381,379,0,0,760,0,381,379,760,disponible,disponible,PasajerosArribadosPartidosxAeropuerto2020-2026,MovimientosxAeropuerto2020-2026
Colombia,BUN,SKBU,Gerardo Tobar López Airport,2022,10,2022-10,302,358,0,0,660,0,302,358,660,51,51,0,0,102,0,51,51,102,disponible,disponible,PasajerosArribadosPartidosxAeropuerto2020-2026,MovimientosxAeropuerto2020-2026
Colombia,CLO,SKCL,Alfonso Bonilla Aragon International Airport,2022,10,2022-10,220893,227109,40228,45664,448002,85892,261121,272773,533894,3064,3080,365,350,6144,715,3429,3430,6859,disponible,disponible,PasajerosArribadosPartidosxAeropuerto2020-2026,MovimientosxAeropuerto2020-2026
Colombia,CTG,SKCG,Rafael Nuñez International Airport,2022,10,2022-10,192007,233259,29144,50436,425266,79580,221151,283695,504846,2116,2102,309,340,4218,649,2425,2442,4867,disponible,disponible,PasajerosArribadosPartidosxAeropuerto2020-2026,MovimientosxAeropuerto2020-2026
Colombia,CUC,SKCC,Camilo Daza International Airport,2022,10,2022-10,71503,68540,2672,5477,140043,8149,74175,74017,148192,766,765,20,20,1531,40,786,785,1571,disponible,disponible,PasajerosArribadosPartidosxAeropuerto2020-2026,MovimientosxAeropuerto2020-2026
Colombia,CZU,SKCZ,Las Brujas Airport,2022,10,2022-10,820,916,0,0,1736,0,820,916,1736,69,80,0,0,149,0,69,80,149,disponible,disponible,PasajerosArribadosPartidosxAeropuerto2020-2026,MovimientosxAeropuerto2020-2026
Colombia,EJA,SKEJ,Yariguíes Airport,2022,10,2022-10,5093,5537,0,0,10630,0,5093,5537,10630,232,233,0,0,465,0,232,233,465,disponible,disponible,PasajerosArribadosPartidosxAeropuerto2020-2026,MovimientosxAeropuerto2020-2026
Colombia,EOH,SKMD,Enrique Olaya Herrera Airport,2022,10,2022-10,56683,55805,0,0,112488,0,56683,55805,112488,3475,3469,4,6,6944,10,3479,3475,6954,disponible,disponible,PasajerosArribadosPartidosxAeropuerto2020-2026,MovimientosxAeropuerto2020-2026
Colombia,EYP,SKYP,El Alcaravan - Yopal Airport,2022,10,2022-10,11953,13053,0,0,25006,0,11953,13053,25006,769,751,0,0,1520,0,769,751,1520,disponible,disponible,PasajerosArribadosPartidosxAeropuerto2020-2026,MovimientosxAeropuerto2020-2026
Colombia,FLA,SKFL,Gustavo Artunduaga Paredes Airport,2022,10,2022-10,5589,5984,0,0,11573,0,5589,5984,11573,235,241,0,0,476,0,235,241,476,disponible,disponible,PasajerosArribadosPartidosxAeropuerto2020-2026,MovimientosxAeropuerto2020-2026
Colombia,GPI,SKGP,Guapi Airport,2022,10,2022-10,2899,1900,0,0,4799,0,2899,1900,4799,132,132,0,0,264,0,132,132,264,disponible,disponible,PasajerosArribadosPartidosxAeropuerto2020-2026,MovimientosxAeropuerto2020-2026
Colombia,IBE,SKIB,Perales Airport,2022,10,2022-10,5583,7039,0,0,12622,0,5583,7039,12622,231,230,0,0,461,0,231,230,461,disponible,disponible,PasajerosArribadosPartidosxAeropuerto2020-2026,MovimientosxAeropuerto2020-2026
Colombia,IPI,SKIP,San Luis Airport,2022,10,2022-10,1371,1433,0,0,2804,0,1371,1433,2804,52,52,0,0,104,0,52,52,104,disponible,disponible,PasajerosArribadosPartidosxAeropuerto2020-2026,MovimientosxAeropuerto2020-2026
Colombia,LCR,SKHZ,Virgilio Barco Vargas (La Chorrera) Airport,2022,10,2022-10,,,,,,,,,,17,14,0,0,31,0,17,14,31,sin_dato,disponible,PasajerosArribadosPartidosxAeropuerto2020-2026,MovimientosxAeropuerto2020-2026
Colombia,LET,SKLT,Alfredo Vásquez Cobo International Airport,2022,10,2022-10,16905,17052,0,64,33957,64,16905,17116,34021,248,258,4,4,506,8,252,262,514,disponible,disponible,PasajerosArribadosPartidosxAeropuerto2020-2026,MovimientosxAeropuerto2020-2026
Colombia,LMC,SKNA,La Macarena Airport,2022,10,2022-10,2630,2779,0,0,5409,0,2630,2779,5409,375,375,0,0,750,0,375,375,750,disponible,disponible,PasajerosArribadosPartidosxAeropuerto2020-2026,MovimientosxAeropuerto2020-2026
Colombia,LPD,SKLP,La Pedrera Airport,2022,10,2022-10,211,253,0,0,464,0,211,253,464,52,52,0,0,104,0,52,52,104,disponible,disponible,PasajerosArribadosPartidosxAeropuerto2020-2026,MovimientosxAeropuerto2020-2026
Colombia,LQM,SKLG,Caucaya Airport,2022,10,2022-10,676,600,0,0,1276,0,676,600,1276,48,43,0,0,91,0,48,43,91,disponible,disponible,PasajerosArribadosPartidosxAeropuerto2020-2026,MovimientosxAeropuerto2020-2026
Colombia,MDE,SKRG,Jose Maria Córdova International Airport,2022,10,2022-10,371657,376735,111000,127612,748392,238612,482657,504347,987004,3817,3755,1047,1098,7572,2145,4864,4853,9717,disponible,disponible,PasajerosArribadosPartidosxAeropuerto2020-2026,MovimientosxAeropuerto2020-2026
Colombia,MTR,SKMR,Los Garzones Airport,2022,10,2022-10,66434,70692,40,433,137126,473,66474,71125,137599,845,848,0,1,1693,1,845,849,1694,disponible,disponible,PasajerosArribadosPartidosxAeropuerto2020-2026,MovimientosxAeropuerto2020-2026
Colombia,MVP,SKMU,Fabio Alberto Leon Bentley Airport,2022,10,2022-10,1991,1971,0,0,3962,0,1991,1971,3962,624,608,0,0,1232,0,624,608,1232,disponible,disponible,PasajerosArribadosPartidosxAeropuerto2020-2026,MovimientosxAeropuerto2020-2026
Colombia,MZL,SKMZ,La Nubia Airport,2022,10,2022-10,6230,2401,0,0,8631,0,6230,2401,8631,201,195,0,0,396,0,201,195,396,disponible,disponible,PasajerosArribadosPartidosxAeropuerto2020-2026,MovimientosxAeropuerto2020-2026
Colombia,NQU,SKNQ,Reyes Murillo Airport,2022,10,2022-10,2760,3068,0,0,5828,0,2760,3068,5828,261,263,0,0,524,0,261,263,524,disponible,disponible,PasajerosArribadosPartidosxAeropuerto2020-2026,MovimientosxAeropuerto2020-2026
Colombia,NVA,SKNV,Benito Salas Airport,2022,10,2022-10,13113,20570,0,0,33683,0,13113,20570,33683,467,465,0,0,932,0,467,465,932,disponible,disponible,PasajerosArribadosPartidosxAeropuerto2020-2026,MovimientosxAeropuerto2020-2026
Colombia,PCR,SKPC,German Olano Airport,2022,10,2022-10,2294,2268,0,0,4562,0,2294,2268,4562,109,104,0,0,213,0,109,104,213,disponible,disponible,PasajerosArribadosPartidosxAeropuerto2020-2026,MovimientosxAeropuerto2020-2026
Colombia,PDA,SKPD,Obando Cesar Gaviria Trujillo Airport,2022,10,2022-10,,,,,,,,,,158,154,0,0,312,0,158,154,312,sin_dato,disponible,PasajerosArribadosPartidosxAeropuerto2020-2026,MovimientosxAeropuerto2020-2026
Colombia,PEI,SKPE,Matecaña International Airport,2022,10,2022-10,66261,82261,7068,12456,148522,19524,73329,94717,168046,1049,1047,58,57,2096,115,1107,1104,2211,disponible,disponible,PasajerosArribadosPartidosxAeropuerto2020-2026,MovimientosxAeropuerto2020-2026
Colombia,PPN,SKPP,Guillermo León Valencia Airport,2022,10,2022-10,5043,5343,0,0,10386,0,5043,5343,10386,255,253,0,0,508,0,255,253,508,disponible,disponible,PasajerosArribadosPartidosxAeropuerto2020-2026,MovimientosxAeropuerto2020-2026
Colombia,PSO,SKPS,Antonio Nariño Airport,2022,10,2022-10,32736,29440,5,300,62176,305,32741,29740,62481,337,335,0,0,672,0,337,335,672,disponible,disponible,PasajerosArribadosPartidosxAeropuerto2020-2026,MovimientosxAeropuerto2020-2026
Colombia,PUU,SKAS,Tres De Mayo Airport,2022,10,2022-10,6374,6578,0,0,12952,0,6374,6578,12952,187,190,0,0,377,0,187,190,377,disponible,disponible,PasajerosArribadosPartidosxAeropuerto2020-2026,MovimientosxAeropuerto2020-2026
Colombia,PVA,SKPV,El Embrujo Airport,2022,10,2022-10,3192,3336,0,0,6528,0,3192,3336,6528,144,144,0,0,288,0,144,144,288,disponible,disponible,PasajerosArribadosPartidosxAeropuerto2020-2026,MovimientosxAeropuerto2020-2026
Colombia,RCH,SKRH,Almirante Padilla Airport,2022,10,2022-10,18740,18946,20,340,37686,360,18760,19286,38046,160,177,0,0,337,0,160,177,337,disponible,disponible,PasajerosArribadosPartidosxAeropuerto2020-2026,MovimientosxAeropuerto2020-2026
Colombia,RVE,SKSA,Los Colonizadores Airport,2022,10,2022-10,1776,1766,0,0,3542,0,1776,1766,3542,232,248,0,0,480,0,232,248,480,disponible,disponible,PasajerosArribadosPartidosxAeropuerto2020-2026,MovimientosxAeropuerto2020-2026
Colombia,SJE,SKSJ,Jorge E. Gonzalez Torres Airport,2022,10,2022-10,1882,1849,0,0,3731,0,1882,1849,3731,563,568,0,0,1131,0,563,568,1131,disponible,disponible,PasajerosArribadosPartidosxAeropuerto2020-2026,MovimientosxAeropuerto2020-2026
Colombia,SMR,SKSM,Simón Bolívar International Airport,2022,10,2022-10,126454,134463,1418,2453,260917,3871,127872,136916,264788,1239,1236,18,18,2475,36,1257,1254,2511,disponible,disponible,PasajerosArribadosPartidosxAeropuerto2020-2026,MovimientosxAeropuerto2020-2026
Colombia,SVI,SKSV,Eduardo Falla Solano Airport,2022,10,2022-10,319,360,0,0,679,0,319,360,679,47,46,0,0,93,0,47,46,93,disponible,disponible,PasajerosArribadosPartidosxAeropuerto2020-2026,MovimientosxAeropuerto2020-2026
Colombia,TCD,SKRA,Tarapacá Airport,2022,10,2022-10,,,,,,,,,,18,11,0,0,29,0,18,11,29,sin_dato,disponible,PasajerosArribadosPartidosxAeropuerto2020-2026,MovimientosxAeropuerto2020-2026
Colombia,TCO,SKCO,La Florida Airport,2022,10,2022-10,5783,5671,0,0,11454,0,5783,5671,11454,321,327,0,0,648,0,321,327,648,disponible,disponible,PasajerosArribadosPartidosxAeropuerto2020-2026,MovimientosxAeropuerto2020-2026
Colombia,TLU,SKTL,Golfo de Morrosquillo Airport,2022,10,2022-10,1162,2306,0,0,3468,0,1162,2306,3468,87,84,0,0,171,0,87,84,171,disponible,disponible,PasajerosArribadosPartidosxAeropuerto2020-2026,MovimientosxAeropuerto2020-2026
Colombia,TME,SKTM,Gustavo Vargas Airport,2022,10,2022-10,526,580,0,0,1106,0,526,580,1106,191,189,0,0,380,0,191,189,380,disponible,disponible,PasajerosArribadosPartidosxAeropuerto2020-2026,MovimientosxAeropuerto2020-2026
Colombia,UIB,SKUI,El Caraño Airport,2022,10,2022-10,15752,18336,0,0,34088,0,15752,18336,34088,918,914,0,0,1832,0,918,914,1832,disponible,disponible,PasajerosArribadosPartidosxAeropuerto2020-2026,MovimientosxAeropuerto2020-2026
Colombia,VUP,SKVP,Alfonso López Pumarejo Airport,2022,10,2022-10,21682,21493,1,334,43175,335,21683,21827,43510,278,283,0,0,561,0,278,283,561,disponible,disponible,PasajerosArribadosPartidosxAeropuerto2020-2026,MovimientosxAeropuerto2020-2026
Colombia,VVC,SKVV,Vanguardia Airport,2022,10,2022-10,13027,14170,0,0,27197,0,13027,14170,27197,1860,1844,0,0,3704,0,1860,1844,3704,disponible,disponible,PasajerosArribadosPartidosxAeropuerto2020-2026,MovimientosxAeropuerto2020-2026
Colombia,ADZ,SKSP,Gustavo Rojas Pinilla International Airport,2022,11,2022-11,95997,101907,1476,3681,197904,5157,97473,105588,203061,857,853,17,19,1710,36,874,872,1746,disponible,disponible,PasajerosArribadosPartidosxAeropuerto2020-2026,MovimientosxAeropuerto2020-2026
Colombia,APO,SKLC,Antonio Roldán Betancur Airport,2022,11,2022-11,10136,6368,0,0,16504,0,10136,6368,16504,835,840,2,1,1675,3,837,841,1678,disponible,disponible,PasajerosArribadosPartidosxAeropuerto2020-2026,MovimientosxAeropuerto2020-2026
Colombia,AUC,SKUC,Santiago Perez Airport,2022,11,2022-11,4399,6776,0,0,11175,0,4399,6776,11175,295,300,0,0,595,0,295,300,595,disponible,disponible,PasajerosArribadosPartidosxAeropuerto2020-2026,MovimientosxAeropuerto2020-2026
Colombia,AXM,SKAR,El Eden Airport,2022,11,2022-11,23724,19147,2621,3304,42871,5925,26345,22451,48796,315,316,22,22,631,44,337,338,675,disponible,disponible,PasajerosArribadosPartidosxAeropuerto2020-2026,MovimientosxAeropuerto2020-2026
Colombia,BAQ,SKBQ,Ernesto Cortissoz International Airport,2022,11,2022-11,96732,99549,14527,17783,196281,32310,111259,117332,228591,1669,1689,187,177,3358,364,1856,1866,3722,disponible,disponible,PasajerosArribadosPartidosxAeropuerto2020-2026,MovimientosxAeropuerto2020-2026
Colombia,BGA,SKBG,Palonegro Airport,2022,11,2022-11,75717,78002,2771,5470,153719,8241,78488,83472,161960,1131,1126,32,30,2257,62,1163,1156,2319,disponible,disponible,PasajerosArribadosPartidosxAeropuerto2020-2026,MovimientosxAeropuerto2020-2026
Colombia,BOG,SKBO,El Dorado International Airport,2022,11,2022-11,780467,767028,440658,326716,1547495,767374,1221125,1093744,2314869,10017,10059,4237,4180,20076,8417,14254,14239,28493,disponible,disponible,PasajerosArribadosPartidosxAeropuerto2020-2026,MovimientosxAeropuerto2020-2026
Colombia,BSC,SKBS,José Celestino Mutis Airport,2022,11,2022-11,2843,2936,0,0,5779,0,2843,2936,5779,270,271,0,0,541,0,270,271,541,disponible,disponible,PasajerosArribadosPartidosxAeropuerto2020-2026,MovimientosxAeropuerto2020-2026
Colombia,BUN,SKBU,Gerardo Tobar López Airport,2022,11,2022-11,391,409,0,0,800,0,391,409,800,41,39,0,0,80,0,41,39,80,disponible,disponible,PasajerosArribadosPartidosxAeropuerto2020-2026,MovimientosxAeropuerto2020-2026
Colombia,CLO,SKCL,Alfonso Bonilla Aragon International Airport,2022,11,2022-11,204566,209166,38050,51810,413732,89860,242616,260976,503592,2889,2902,342,322,5791,664,3231,3224,6455,disponible,disponible,PasajerosArribadosPartidosxAeropuerto2020-2026,MovimientosxAeropuerto2020-2026
Colombia,CTG,SKCG,Rafael Nuñez International Airport,2022,11,2022-11,205451,172533,39269,51472,377984,90741,244720,224005,468725,1937,1897,321,366,3834,687,2258,2263,4521,disponible,disponible,PasajerosArribadosPartidosxAeropuerto2020-2026,MovimientosxAeropuerto2020-2026
Colombia,CUC,SKCC,Camilo Daza International Airport,2022,11,2022-11,59983,40254,2265,5436,100237,7701,62248,45690,107938,786,792,23,21,1578,44,809,813,1622,disponible,disponible,PasajerosArribadosPartidosxAeropuerto2020-2026,MovimientosxAeropuerto2020-2026
Colombia,CZU,SKCZ,Las Brujas Airport,2022,11,2022-11,633,625,0,0,1258,0,633,625,1258,53,56,0,0,109,0,53,56,109,disponible,disponible,PasajerosArribadosPartidosxAeropuerto2020-2026,MovimientosxAeropuerto2020-2026
Colombia,EJA,SKEJ,Yariguíes Airport,2022,11,2022-11,3706,5702,0,0,9408,0,3706,5702,9408,235,232,0,0,467,0,235,232,467,disponible,disponible,PasajerosArribadosPartidosxAeropuerto2020-2026,MovimientosxAeropuerto2020-2026
Colombia,EOH,SKMD,Enrique Olaya Herrera Airport,2022,11,2022-11,46492,52414,8,1,98906,9,46500,52415,98915,3337,3333,12,14,6670,26,3349,3347,6696,disponible,disponible,PasajerosArribadosPartidosxAeropuerto2020-2026,MovimientosxAeropuerto2020-2026
Colombia,EYP,SKYP,El Alcaravan - Yopal Airport,2022,11,2022-11,12700,13238,0,0,25938,0,12700,13238,25938,890,875,0,0,1765,0,890,875,1765,disponible,disponible,PasajerosArribadosPartidosxAeropuerto2020-2026,MovimientosxAeropuerto2020-2026
Colombia,FLA,SKFL,Gustavo Artunduaga Paredes Airport,2022,11,2022-11,5062,5279,0,0,10341,0,5062,5279,10341,199,205,0,1,404,1,199,206,405,disponible,disponible,PasajerosArribadosPartidosxAeropuerto2020-2026,MovimientosxAeropuerto2020-2026
Colombia,GPI,SKGP,Guapi Airport,2022,11,2022-11,2716,2823,0,0,5539,0,2716,2823,5539,151,152,0,0,303,0,151,152,303,disponible,disponible,PasajerosArribadosPartidosxAeropuerto2020-2026,MovimientosxAeropuerto2020-2026
Colombia,IBE,SKIB,Perales Airport,2022,11,2022-11,5616,7465,0,0,13081,0,5616,7465,13081,262,260,0,0,522,0,262,260,522,disponible,disponible,PasajerosArribadosPartidosxAeropuerto2020-2026,MovimientosxAeropuerto2020-2026
Colombia,IPI,SKIP,San Luis Airport,2022,11,2022-11,1219,1237,0,0,2456,0,1219,1237,2456,42,42,0,0,84,0,42,42,84,disponible,disponible,PasajerosArribadosPartidosxAeropuerto2020-2026,MovimientosxAeropuerto2020-2026
Colombia,LCR,SKHZ,Virgilio Barco Vargas (La Chorrera) Airport,2022,11,2022-11,,,,,,,,,,28,23,0,0,51,0,28,23,51,sin_dato,disponible,PasajerosArribadosPartidosxAeropuerto2020-2026,MovimientosxAeropuerto2020-2026
Colombia,LET,SKLT,Alfredo Vásquez Cobo International Airport,2022,11,2022-11,10829,10425,0,18,21254,18,10829,10443,21272,224,234,4,4,458,8,228,238,466,disponible,disponible,PasajerosArribadosPartidosxAeropuerto2020-2026,MovimientosxAeropuerto2020-2026
Colombia,LMC,SKNA,La Macarena Airport,2022,11,2022-11,1483,1575,0,0,3058,0,1483,1575,3058,286,286,0,0,572,0,286,286,572,disponible,disponible,PasajerosArribadosPartidosxAeropuerto2020-2026,MovimientosxAeropuerto2020-2026
Colombia,LPD,SKLP,La Pedrera Airport,2022,11,2022-11,253,244,0,0,497,0,253,244,497,51,41,0,0,92,0,51,41,92,disponible,disponible,PasajerosArribadosPartidosxAeropuerto2020-2026,MovimientosxAeropuerto2020-2026
Colombia,LQM,SKLG,Caucaya Airport,2022,11,2022-11,597,625,0,0,1222,0,597,625,1222,32,28,0,0,60,0,32,28,60,disponible,disponible,PasajerosArribadosPartidosxAeropuerto2020-2026,MovimientosxAeropuerto2020-2026
Colombia,MDE,SKRG,Jose Maria Córdova International Airport,2022,11,2022-11,342453,365831,106548,122003,708284,228551,449001,487834,936835,3787,3764,1116,1137,7551,2253,4903,4901,9804,disponible,disponible,PasajerosArribadosPartidosxAeropuerto2020-2026,MovimientosxAeropuerto2020-2026
Colombia,MTR,SKMR,Los Garzones Airport,2022,11,2022-11,36287,62078,46,517,98365,563,36333,62595,98928,803,800,1,0,1603,1,804,800,1604,disponible,disponible,PasajerosArribadosPartidosxAeropuerto2020-2026,MovimientosxAeropuerto2020-2026
Colombia,MVP,SKMU,Fabio Alberto Leon Bentley Airport,2022,11,2022-11,1740,1696,0,0,3436,0,1740,1696,3436,688,691,0,0,1379,0,688,691,1379,disponible,disponible,PasajerosArribadosPartidosxAeropuerto2020-2026,MovimientosxAeropuerto2020-2026
Colombia,MZL,SKMZ,La Nubia Airport,2022,11,2022-11,5668,5640,0,0,11308,0,5668,5640,11308,163,159,0,0,322,0,163,159,322,disponible,disponible,PasajerosArribadosPartidosxAeropuerto2020-2026,MovimientosxAeropuerto2020-2026
Colombia,NQU,SKNQ,Reyes Murillo Airport,2022,11,2022-11,1285,1330,0,0,2615,0,1285,1330,2615,183,182,0,0,365,0,183,182,365,disponible,disponible,PasajerosArribadosPartidosxAeropuerto2020-2026,MovimientosxAeropuerto2020-2026
Colombia,NVA,SKNV,Benito Salas Airport,2022,11,2022-11,15045,17257,0,1,32302,1,15045,17258,32303,509,510,0,0,1019,0,509,510,1019,disponible,disponible,PasajerosArribadosPartidosxAeropuerto2020-2026,MovimientosxAeropuerto2020-2026
Colombia,PCR,SKPC,German Olano Airport,2022,11,2022-11,2282,2312,0,0,4594,0,2282,2312,4594,133,135,0,0,268,0,133,135,268,disponible,disponible,PasajerosArribadosPartidosxAeropuerto2020-2026,MovimientosxAeropuerto2020-2026
Colombia,PDA,SKPD,Obando Cesar Gaviria Trujillo Airport,2022,11,2022-11,,,,,,,,,,170,170,0,0,340,0,170,170,340,sin_dato,disponible,PasajerosArribadosPartidosxAeropuerto2020-2026,MovimientosxAeropuerto2020-2026
Colombia,PEI,SKPE,Matecaña International Airport,2022,11,2022-11,86066,91816,6649,11463,177882,18112,92715,103279,195994,985,988,57,57,1973,114,1042,1045,2087,disponible,disponible,PasajerosArribadosPartidosxAeropuerto2020-2026,MovimientosxAeropuerto2020-2026
Colombia,PPN,SKPP,Guillermo León Valencia Airport,2022,11,2022-11,4082,4650,0,0,8732,0,4082,4650,8732,280,280,0,0,560,0,280,280,560,disponible,disponible,PasajerosArribadosPartidosxAeropuerto2020-2026,MovimientosxAeropuerto2020-2026
Colombia,PSO,SKPS,Antonio Nariño Airport,2022,11,2022-11,32102,34764,0,297,66866,297,32102,35061,67163,348,348,0,0,696,0,348,348,696,disponible,disponible,PasajerosArribadosPartidosxAeropuerto2020-2026,MovimientosxAeropuerto2020-2026
Colombia,PUU,SKAS,Tres De Mayo Airport,2022,11,2022-11,6260,6304,0,0,12564,0,6260,6304,12564,219,206,0,0,425,0,219,206,425,disponible,disponible,PasajerosArribadosPartidosxAeropuerto2020-2026,MovimientosxAeropuerto2020-2026
Colombia,PVA,SKPV,El Embrujo Airport,2022,11,2022-11,3211,3257,0,0,6468,0,3211,3257,6468,127,128,0,0,255,0,127,128,255,disponible,disponible,PasajerosArribadosPartidosxAeropuerto2020-2026,MovimientosxAeropuerto2020-2026
Colombia,RCH,SKRH,Almirante Padilla Airport,2022,11,2022-11,18900,18643,59,351,37543,410,18959,18994,37953,154,154,0,0,308,0,154,154,308,disponible,disponible,PasajerosArribadosPartidosxAeropuerto2020-2026,MovimientosxAeropuerto2020-2026
Colombia,RVE,SKSA,Los Colonizadores Airport,2022,11,2022-11,1883,1896,0,0,3779,0,1883,1896,3779,230,225,0,0,455,0,230,225,455,disponible,disponible,PasajerosArribadosPartidosxAeropuerto2020-2026,MovimientosxAeropuerto2020-2026
Colombia,SJE,SKSJ,Jorge E. Gonzalez Torres Airport,2022,11,2022-11,1603,1741,0,0,3344,0,1603,1741,3344,409,408,0,0,817,0,409,408,817,disponible,disponible,PasajerosArribadosPartidosxAeropuerto2020-2026,MovimientosxAeropuerto2020-2026
Colombia,SMR,SKSM,Simón Bolívar International Airport,2022,11,2022-11,136364,120305,1529,3283,256669,4812,137893,123588,261481,1089,1081,20,24,2170,44,1109,1105,2214,disponible,disponible,PasajerosArribadosPartidosxAeropuerto2020-2026,MovimientosxAeropuerto2020-2026
Colombia,SVI,SKSV,Eduardo Falla Solano Airport,2022,11,2022-11,347,364,0,0,711,0,347,364,711,49,47,0,0,96,0,49,47,96,disponible,disponible,PasajerosArribadosPartidosxAeropuerto2020-2026,MovimientosxAeropuerto2020-2026
Colombia,TCD,SKRA,Tarapacá Airport,2022,11,2022-11,,,,,,,,,,15,18,0,0,33,0,15,18,33,sin_dato,disponible,PasajerosArribadosPartidosxAeropuerto2020-2026,MovimientosxAeropuerto2020-2026
Colombia,TCO,SKCO,La Florida Airport,2022,11,2022-11,3390,5713,0,0,9103,0,3390,5713,9103,328,326,0,1,654,1,328,327,655,disponible,disponible,PasajerosArribadosPartidosxAeropuerto2020-2026,MovimientosxAeropuerto2020-2026
Colombia,TLU,SKTL,Golfo de Morrosquillo Airport,2022,11,2022-11,2132,2164,0,0,4296,0,2132,2164,4296,80,78,0,0,158,0,80,78,158,disponible,disponible,PasajerosArribadosPartidosxAeropuerto2020-2026,MovimientosxAeropuerto2020-2026
Colombia,TME,SKTM,Gustavo Vargas Airport,2022,11,2022-11,471,578,0,0,1049,0,471,578,1049,154,154,0,0,308,0,154,154,308,disponible,disponible,PasajerosArribadosPartidosxAeropuerto2020-2026,MovimientosxAeropuerto2020-2026
Colombia,UIB,SKUI,El Caraño Airport,2022,11,2022-11,14198,16324,0,0,30522,0,14198,16324,30522,859,854,0,0,1713,0,859,854,1713,disponible,disponible,PasajerosArribadosPartidosxAeropuerto2020-2026,MovimientosxAeropuerto2020-2026
Colombia,VUP,SKVP,Alfonso López Pumarejo Airport,2022,11,2022-11,21845,18174,2,352,40019,354,21847,18526,40373,298,304,0,0,602,0,298,304,602,disponible,disponible,PasajerosArribadosPartidosxAeropuerto2020-2026,MovimientosxAeropuerto2020-2026
Colombia,VVC,SKVV,Vanguardia Airport,2022,11,2022-11,11983,13446,0,0,25429,0,11983,13446,25429,1655,1634,0,0,3289,0,1655,1634,3289,disponible,disponible,PasajerosArribadosPartidosxAeropuerto2020-2026,MovimientosxAeropuerto2020-2026
Colombia,ADZ,SKSP,Gustavo Rojas Pinilla International Airport,2022,12,2022-12,73525,86578,1671,2427,160103,4098,75196,89005,164201,873,874,22,25,1747,47,895,899,1794,disponible,disponible,PasajerosArribadosPartidosxAeropuerto2020-2026,MovimientosxAeropuerto2020-2026
Colombia,APO,SKLC,Antonio Roldán Betancur Airport,2022,12,2022-12,9615,9097,0,0,18712,0,9615,9097,18712,827,830,0,0,1657,0,827,830,1657,disponible,disponible,PasajerosArribadosPartidosxAeropuerto2020-2026,MovimientosxAeropuerto2020-2026
Colombia,AUC,SKUC,Santiago Perez Airport,2022,12,2022-12,8000,7644,0,0,15644,0,8000,7644,15644,344,345,0,0,689,0,344,345,689,disponible,disponible,PasajerosArribadosPartidosxAeropuerto2020-2026,MovimientosxAeropuerto2020-2026
Colombia,AXM,SKAR,El Eden Airport,2022,12,2022-12,29373,22096,2955,3330,51469,6285,32328,25426,57754,328,327,25,27,655,52,353,354,707,disponible,disponible,PasajerosArribadosPartidosxAeropuerto2020-2026,MovimientosxAeropuerto2020-2026
Colombia,BAQ,SKBQ,Ernesto Cortissoz International Airport,2022,12,2022-12,109591,94673,18703,19969,204264,38672,128294,114642,242936,1624,1634,223,211,3258,434,1847,1845,3692,disponible,disponible,PasajerosArribadosPartidosxAeropuerto2020-2026,MovimientosxAeropuerto2020-2026
Colombia,BGA,SKBG,Palonegro Airport,2022,12,2022-12,85111,80897,3815,6209,166008,10024,88926,87106,176032,1210,1204,39,42,2414,81,1249,1246,2495,disponible,disponible,PasajerosArribadosPartidosxAeropuerto2020-2026,MovimientosxAeropuerto2020-2026
Colombia,BOG,SKBO,El Dorado International Airport,2022,12,2022-12,707920,835755,451311,338388,1543675,789699,1159231,1174143,2333374,10394,10437,4404,4339,20831,8743,14798,14776,29574,disponible,disponible,PasajerosArribadosPartidosxAeropuerto2020-2026,MovimientosxAeropuerto2020-2026
Colombia,BSC,SKBS,José Celestino Mutis Airport,2022,12,2022-12,4446,3049,0,2,7495,2,4446,3051,7497,360,361,0,0,721,0,360,361,721,disponible,disponible,PasajerosArribadosPartidosxAeropuerto2020-2026,MovimientosxAeropuerto2020-2026
Colombia,BUN,SKBU,Gerardo Tobar López Airport,2022,12,2022-12,646,508,0,0,1154,0,646,508,1154,66,67,0,0,133,0,66,67,133,disponible,disponible,PasajerosArribadosPartidosxAeropuerto2020-2026,MovimientosxAeropuerto2020-2026
Colombia,CLO,SKCL,Alfonso Bonilla Aragon International Airport,2022,12,2022-12,204235,223106,52151,52422,427341,104573,256386,275528,531914,3101,3106,410,397,6207,807,3511,3503,7014,disponible,disponible,PasajerosArribadosPartidosxAeropuerto2020-2026,MovimientosxAeropuerto2020-2026
Colombia,CTG,SKCG,Rafael Nuñez International Airport,2022,12,2022-12,225609,202228,45947,47158,427837,93105,271556,249386,520942,2012,1999,397,431,4011,828,2409,2430,4839,disponible,disponible,PasajerosArribadosPartidosxAeropuerto2020-2026,MovimientosxAeropuerto2020-2026
Colombia,CUC,SKCC,Camilo Daza International Airport,2022,12,2022-12,76999,71619,2479,5685,148618,8164,79478,77304,156782,838,837,18,20,1675,38,856,857,1713,disponible,disponible,PasajerosArribadosPartidosxAeropuerto2020-2026,MovimientosxAeropuerto2020-2026
Colombia,CZU,SKCZ,Las Brujas Airport,2022,12,2022-12,1991,1560,0,0,3551,0,1991,1560,3551,92,103,0,0,195,0,92,103,195,disponible,disponible,PasajerosArribadosPartidosxAeropuerto2020-2026,MovimientosxAeropuerto2020-2026
Colombia,EJA,SKEJ,Yariguíes Airport,2022,12,2022-12,5155,4723,0,0,9878,0,5155,4723,9878,228,224,0,0,452,0,228,224,452,disponible,disponible,PasajerosArribadosPartidosxAeropuerto2020-2026,MovimientosxAeropuerto2020-2026
Colombia,EOH,SKMD,Enrique Olaya Herrera Airport,2022,12,2022-12,57236,57473,0,0,114709,0,57236,57473,114709,3571,3556,8,9,7127,17,3579,3565,7144,disponible,disponible,PasajerosArribadosPartidosxAeropuerto2020-2026,MovimientosxAeropuerto2020-2026
Colombia,EYP,SKYP,El Alcaravan - Yopal Airport,2022,12,2022-12,13685,11376,0,0,25061,0,13685,11376,25061,706,693,0,0,1399,0,706,693,1399,disponible,disponible,PasajerosArribadosPartidosxAeropuerto2020-2026,MovimientosxAeropuerto2020-2026
Colombia,FLA,SKFL,Gustavo Artunduaga Paredes Airport,2022,12,2022-12,5638,5447,0,0,11085,0,5638,5447,11085,209,214,0,0,423,0,209,214,423,disponible,disponible,PasajerosArribadosPartidosxAeropuerto2020-2026,MovimientosxAeropuerto2020-2026
Colombia,GPI,SKGP,Guapi Airport,2022,12,2022-12,1948,3242,0,0,5190,0,1948,3242,5190,133,136,0,0,269,0,133,136,269,disponible,disponible,PasajerosArribadosPartidosxAeropuerto2020-2026,MovimientosxAeropuerto2020-2026
Colombia,IBE,SKIB,Perales Airport,2022,12,2022-12,2287,7232,0,0,9519,0,2287,7232,9519,278,278,0,0,556,0,278,278,556,disponible,disponible,PasajerosArribadosPartidosxAeropuerto2020-2026,MovimientosxAeropuerto2020-2026
Colombia,IPI,SKIP,San Luis Airport,2022,12,2022-12,1450,1402,0,0,2852,0,1450,1402,2852,58,59,0,0,117,0,58,59,117,disponible,disponible,PasajerosArribadosPartidosxAeropuerto2020-2026,MovimientosxAeropuerto2020-2026
Colombia,LCR,SKHZ,Virgilio Barco Vargas (La Chorrera) Airport,2022,12,2022-12,,,,,,,,,,24,23,0,0,47,0,24,23,47,sin_dato,disponible,PasajerosArribadosPartidosxAeropuerto2020-2026,MovimientosxAeropuerto2020-2026
Colombia,LET,SKLT,Alfredo Vásquez Cobo International Airport,2022,12,2022-12,16011,17112,22,19,33123,41,16033,17131,33164,236,237,2,1,473,3,238,238,476,disponible,disponible,PasajerosArribadosPartidosxAeropuerto2020-2026,MovimientosxAeropuerto2020-2026
Colombia,LMC,SKNA,La Macarena Airport,2022,12,2022-12,512,535,0,0,1047,0,512,535,1047,185,183,0,0,368,0,185,183,368,disponible,disponible,PasajerosArribadosPartidosxAeropuerto2020-2026,MovimientosxAeropuerto2020-2026
Colombia,LPD,SKLP,La Pedrera Airport,2022,12,2022-12,210,315,0,0,525,0,210,315,525,61,56,0,0,117,0,61,56,117,disponible,disponible,PasajerosArribadosPartidosxAeropuerto2020-2026,MovimientosxAeropuerto2020-2026
Colombia,LQM,SKLG,Caucaya Airport,2022,12,2022-12,748,802,0,0,1550,0,748,802,1550,42,37,0,0,79,0,42,37,79,disponible,disponible,PasajerosArribadosPartidosxAeropuerto2020-2026,MovimientosxAeropuerto2020-2026
Colombia,MDE,SKRG,Jose Maria Córdova International Airport,2022,12,2022-12,368701,337731,129460,128847,706432,258307,498161,466578,964739,3868,3832,1271,1311,7700,2582,5139,5143,10282,disponible,disponible,PasajerosArribadosPartidosxAeropuerto2020-2026,MovimientosxAeropuerto2020-2026
Colombia,MTR,SKMR,Los Garzones Airport,2022,12,2022-12,55870,49227,85,556,105097,641,55955,49783,105738,811,818,0,0,1629,0,811,818,1629,disponible,disponible,PasajerosArribadosPartidosxAeropuerto2020-2026,MovimientosxAeropuerto2020-2026
Colombia,MVP,SKMU,Fabio Alberto Leon Bentley Airport,2022,12,2022-12,2180,2636,0,0,4816,0,2180,2636,4816,732,729,0,0,1461,0,732,729,1461,disponible,disponible,PasajerosArribadosPartidosxAeropuerto2020-2026,MovimientosxAeropuerto2020-2026
Colombia,MZL,SKMZ,La Nubia Airport,2022,12,2022-12,6505,2251,0,0,8756,0,6505,2251,8756,220,212,0,0,432,0,220,212,432,disponible,disponible,PasajerosArribadosPartidosxAeropuerto2020-2026,MovimientosxAeropuerto2020-2026
Colombia,NQU,SKNQ,Reyes Murillo Airport,2022,12,2022-12,1694,1233,0,0,2927,0,1694,1233,2927,245,244,0,0,489,0,245,244,489,disponible,disponible,PasajerosArribadosPartidosxAeropuerto2020-2026,MovimientosxAeropuerto2020-2026
Colombia,NVA,SKNV,Benito Salas Airport,2022,12,2022-12,15406,16928,0,0,32334,0,15406,16928,32334,484,486,0,0,970,0,484,486,970,disponible,disponible,PasajerosArribadosPartidosxAeropuerto2020-2026,MovimientosxAeropuerto2020-2026
Colombia,PCR,SKPC,German Olano Airport,2022,12,2022-12,3369,3564,0,0,6933,0,3369,3564,6933,127,126,1,1,253,2,128,127,255,disponible,disponible,PasajerosArribadosPartidosxAeropuerto2020-2026,MovimientosxAeropuerto2020-2026
Colombia,PDA,SKPD,Obando Cesar Gaviria Trujillo Airport,2022,12,2022-12,,,,,,,,,,188,190,0,0,378,0,188,190,378,sin_dato,disponible,PasajerosArribadosPartidosxAeropuerto2020-2026,MovimientosxAeropuerto2020-2026
Colombia,PEI,SKPE,Matecaña International Airport,2022,12,2022-12,91229,86243,8608,9581,177472,18189,99837,95824,195661,962,961,82,83,1923,165,1044,1044,2088,disponible,disponible,PasajerosArribadosPartidosxAeropuerto2020-2026,MovimientosxAeropuerto2020-2026
Colombia,PPN,SKPP,Guillermo León Valencia Airport,2022,12,2022-12,5249,2766,0,0,8015,0,5249,2766,8015,274,277,0,0,551,0,274,277,551,disponible,disponible,PasajerosArribadosPartidosxAeropuerto2020-2026,MovimientosxAeropuerto2020-2026
Colombia,PSO,SKPS,Antonio Nariño Airport,2022,12,2022-12,38119,30917,7,322,69036,329,38126,31239,69365,345,343,0,0,688,0,345,343,688,disponible,disponible,PasajerosArribadosPartidosxAeropuerto2020-2026,MovimientosxAeropuerto2020-2026
Colombia,PUU,SKAS,Tres De Mayo Airport,2022,12,2022-12,6416,4402,0,0,10818,0,6416,4402,10818,202,207,0,0,409,0,202,207,409,disponible,disponible,PasajerosArribadosPartidosxAeropuerto2020-2026,MovimientosxAeropuerto2020-2026
Colombia,PVA,SKPV,El Embrujo Airport,2022,12,2022-12,3916,3700,0,0,7616,0,3916,3700,7616,110,110,0,0,220,0,110,110,220,disponible,disponible,PasajerosArribadosPartidosxAeropuerto2020-2026,MovimientosxAeropuerto2020-2026
Colombia,RCH,SKRH,Almirante Padilla Airport,2022,12,2022-12,21526,19564,33,418,41090,451,21559,19982,41541,174,190,0,0,364,0,174,190,364,disponible,disponible,PasajerosArribadosPartidosxAeropuerto2020-2026,MovimientosxAeropuerto2020-2026
Colombia,RVE,SKSA,Los Colonizadores Airport,2022,12,2022-12,2327,2137,0,0,4464,0,2327,2137,4464,266,270,0,0,536,0,266,270,536,disponible,disponible,PasajerosArribadosPartidosxAeropuerto2020-2026,MovimientosxAeropuerto2020-2026
Colombia,SJE,SKSJ,Jorge E. Gonzalez Torres Airport,2022,12,2022-12,1575,1586,0,0,3161,0,1575,1586,3161,396,396,0,0,792,0,396,396,792,disponible,disponible,PasajerosArribadosPartidosxAeropuerto2020-2026,MovimientosxAeropuerto2020-2026
Colombia,SMR,SKSM,Simón Bolívar International Airport,2022,12,2022-12,168125,131588,2093,1742,299713,3835,170218,133330,303548,1243,1242,23,26,2485,49,1266,1268,2534,disponible,disponible,PasajerosArribadosPartidosxAeropuerto2020-2026,MovimientosxAeropuerto2020-2026
Colombia,SVI,SKSV,Eduardo Falla Solano Airport,2022,12,2022-12,410,348,0,0,758,0,410,348,758,60,54,0,0,114,0,60,54,114,disponible,disponible,PasajerosArribadosPartidosxAeropuerto2020-2026,MovimientosxAeropuerto2020-2026
Colombia,TCD,SKRA,Tarapacá Airport,2022,12,2022-12,,,,,,,,,,17,21,0,0,38,0,17,21,38,sin_dato,disponible,PasajerosArribadosPartidosxAeropuerto2020-2026,MovimientosxAeropuerto2020-2026
Colombia,TCO,SKCO,La Florida Airport,2022,12,2022-12,6074,6661,0,0,12735,0,6074,6661,12735,299,298,1,0,597,1,300,298,598,disponible,disponible,PasajerosArribadosPartidosxAeropuerto2020-2026,MovimientosxAeropuerto2020-2026
Colombia,TLU,SKTL,Golfo de Morrosquillo Airport,2022,12,2022-12,4318,3216,0,0,7534,0,4318,3216,7534,137,136,0,0,273,0,137,136,273,disponible,disponible,PasajerosArribadosPartidosxAeropuerto2020-2026,MovimientosxAeropuerto2020-2026
Colombia,TME,SKTM,Gustavo Vargas Airport,2022,12,2022-12,502,485,0,0,987,0,502,485,987,164,161,0,0,325,0,164,161,325,disponible,disponible,PasajerosArribadosPartidosxAeropuerto2020-2026,MovimientosxAeropuerto2020-2026
Colombia,UIB,SKUI,El Caraño Airport,2022,12,2022-12,14825,18688,0,0,33513,0,14825,18688,33513,977,988,0,0,1965,0,977,988,1965,disponible,disponible,PasajerosArribadosPartidosxAeropuerto2020-2026,MovimientosxAeropuerto2020-2026
Colombia,VUP,SKVP,Alfonso López Pumarejo Airport,2022,12,2022-12,27498,10404,10,335,37902,345,27508,10739,38247,324,331,0,0,655,0,324,331,655,disponible,disponible,PasajerosArribadosPartidosxAeropuerto2020-2026,MovimientosxAeropuerto2020-2026
Colombia,VVC,SKVV,Vanguardia Airport,2022,12,2022-12,13118,13373,1,0,26491,1,13119,13373,26492,1517,1520,0,0,3037,0,1517,1520,3037,disponible,disponible,PasajerosArribadosPartidosxAeropuerto2020-2026,MovimientosxAeropuerto2020-2026
Colombia,ADZ,SKSP,Gustavo Rojas Pinilla International Airport,2023,1,2023-01,107039,99506,1679,3779,206545,5458,108718,103285,212003,835,836,22,22,1671,44,857,858,1715,disponible,disponible,PasajerosArribadosPartidosxAeropuerto2020-2026,MovimientosxAeropuerto2020-2026
Colombia,APO,SKLC,Antonio Roldán Betancur Airport,2023,1,2023-01,7602,8343,0,0,15945,0,7602,8343,15945,694,698,0,0,1392,0,694,698,1392,disponible,disponible,PasajerosArribadosPartidosxAeropuerto2020-2026,MovimientosxAeropuerto2020-2026
Colombia,AUC,SKUC,Santiago Perez Airport,2023,1,2023-01,4333,4709,0,0,9042,0,4333,4709,9042,334,317,0,0,651,0,334,317,651,disponible,disponible,PasajerosArribadosPartidosxAeropuerto2020-2026,MovimientosxAeropuerto2020-2026
Colombia,AXM,SKAR,El Eden Airport,2023,1,2023-01,18882,25429,3598,5088,44311,8686,22480,30517,52997,327,327,28,28,654,56,355,355,710,disponible,disponible,PasajerosArribadosPartidosxAeropuerto2020-2026,MovimientosxAeropuerto2020-2026
Colombia,BAQ,SKBQ,Ernesto Cortissoz International Airport,2023,1,2023-01,58518,71674,18238,19759,130192,37997,76756,91433,168189,1503,1519,208,205,3022,413,1711,1724,3435,disponible,disponible,PasajerosArribadosPartidosxAeropuerto2020-2026,MovimientosxAeropuerto2020-2026
Colombia,BGA,SKBG,Palonegro Airport,2023,1,2023-01,63000,80275,3192,6778,143275,9970,66192,87053,153245,1178,1166,28,29,2344,57,1206,1195,2401,disponible,disponible,PasajerosArribadosPartidosxAeropuerto2020-2026,MovimientosxAeropuerto2020-2026
Colombia,BOG,SKBO,El Dorado International Airport,2023,1,2023-01,801593,678510,497082,354284,1480103,851366,1298675,1032794,2331469,10027,10086,4542,4466,20113,9008,14569,14552,29121,disponible,disponible,PasajerosArribadosPartidosxAeropuerto2020-2026,MovimientosxAeropuerto2020-2026
Colombia,BSC,SKBS,José Celestino Mutis Airport,2023,1,2023-01,3208,4402,0,0,7610,0,3208,4402,7610,325,325,0,0,650,0,325,325,650,disponible,disponible,PasajerosArribadosPartidosxAeropuerto2020-2026,MovimientosxAeropuerto2020-2026
Colombia,BUN,SKBU,Gerardo Tobar López Airport,2023,1,2023-01,633,552,0,0,1185,0,633,552,1185,36,35,0,0,71,0,36,35,71,disponible,disponible,PasajerosArribadosPartidosxAeropuerto2020-2026,MovimientosxAeropuerto2020-2026
Colombia,CLO,SKCL,Alfonso Bonilla Aragon International Airport,2023,1,2023-01,210528,223484,47680,49505,434012,97185,258208,272989,531197,2945,2959,416,401,5904,817,3361,3360,6721,disponible,disponible,PasajerosArribadosPartidosxAeropuerto2020-2026,MovimientosxAeropuerto2020-2026
Colombia,CTG,SKCG,Rafael Nuñez International Airport,2023,1,2023-01,230034,245740,39019,69812,475774,108831,269053,315552,584605,2009,1997,425,482,4006,907,2434,2479,4913,disponible,disponible,PasajerosArribadosPartidosxAeropuerto2020-2026,MovimientosxAeropuerto2020-2026
Colombia,CUC,SKCC,Camilo Daza International Airport,2023,1,2023-01,61870,81030,2408,5643,142900,8051,64278,86673,150951,769,768,16,18,1537,34,785,786,1571,disponible,disponible,PasajerosArribadosPartidosxAeropuerto2020-2026,MovimientosxAeropuerto2020-2026
Colombia,CZU,SKCZ,Las Brujas Airport,2023,1,2023-01,1447,1790,0,0,3237,0,1447,1790,3237,59,60,0,0,119,0,59,60,119,disponible,disponible,PasajerosArribadosPartidosxAeropuerto2020-2026,MovimientosxAeropuerto2020-2026
Colombia,EJA,SKEJ,Yariguíes Airport,2023,1,2023-01,3366,3752,0,0,7118,0,3366,3752,7118,195,196,0,0,391,0,195,196,391,disponible,disponible,PasajerosArribadosPartidosxAeropuerto2020-2026,MovimientosxAeropuerto2020-2026
Colombia,EOH,SKMD,Enrique Olaya Herrera Airport,2023,1,2023-01,51180,46750,0,0,97930,0,51180,46750,97930,3081,3081,8,11,6162,19,3089,3092,6181,disponible,disponible,PasajerosArribadosPartidosxAeropuerto2020-2026,MovimientosxAeropuerto2020-2026
Colombia,EYP,SKYP,El Alcaravan - Yopal Airport,2023,1,2023-01,8587,11737,0,0,20324,0,8587,11737,20324,829,823,0,0,1652,0,829,823,1652,disponible,disponible,PasajerosArribadosPartidosxAeropuerto2020-2026,MovimientosxAeropuerto2020-2026
Colombia,FLA,SKFL,Gustavo Artunduaga Paredes Airport,2023,1,2023-01,4237,5113,0,0,9350,0,4237,5113,9350,166,172,0,0,338,0,166,172,338,disponible,disponible,PasajerosArribadosPartidosxAeropuerto2020-2026,MovimientosxAeropuerto2020-2026
Colombia,GPI,SKGP,Guapi Airport,2023,1,2023-01,2502,2867,0,0,5369,0,2502,2867,5369,128,129,0,0,257,0,128,129,257,disponible,disponible,PasajerosArribadosPartidosxAeropuerto2020-2026,MovimientosxAeropuerto2020-2026
Colombia,IBE,SKIB,Perales Airport,2023,1,2023-01,3991,7394,0,0,11385,0,3991,7394,11385,241,237,0,0,478,0,241,237,478,disponible,disponible,PasajerosArribadosPartidosxAeropuerto2020-2026,MovimientosxAeropuerto2020-2026
Colombia,IPI,SKIP,San Luis Airport,2023,1,2023-01,1404,1555,0,0,2959,0,1404,1555,2959,78,78,1,0,156,1,79,78,157,disponible,disponible,PasajerosArribadosPartidosxAeropuerto2020-2026,MovimientosxAeropuerto2020-2026
Colombia,LCR,SKHZ,Virgilio Barco Vargas (La Chorrera) Airport,2023,1,2023-01,,,,,,,,,,20,19,0,0,39,0,20,19,39,sin_dato,disponible,PasajerosArribadosPartidosxAeropuerto2020-2026,MovimientosxAeropuerto2020-2026
Colombia,LET,SKLT,Alfredo Vásquez Cobo International Airport,2023,1,2023-01,17500,11082,0,35,28582,35,17500,11117,28617,201,202,4,4,403,8,205,206,411,disponible,disponible,PasajerosArribadosPartidosxAeropuerto2020-2026,MovimientosxAeropuerto2020-2026
Colombia,LMC,SKNA,La Macarena Airport,2023,1,2023-01,497,554,0,0,1051,0,497,554,1051,201,199,0,0,400,0,201,199,400,disponible,disponible,PasajerosArribadosPartidosxAeropuerto2020-2026,MovimientosxAeropuerto2020-2026
Colombia,LPD,SKLP,La Pedrera Airport,2023,1,2023-01,150,180,0,0,330,0,150,180,330,35,29,0,0,64,0,35,29,64,disponible,disponible,PasajerosArribadosPartidosxAeropuerto2020-2026,MovimientosxAeropuerto2020-2026
Colombia,LQM,SKLG,Caucaya Airport,2023,1,2023-01,790,789,0,0,1579,0,790,789,1579,53,51,0,0,104,0,53,51,104,disponible,disponible,PasajerosArribadosPartidosxAeropuerto2020-2026,MovimientosxAeropuerto2020-2026
Colombia,MDE,SKRG,Jose Maria Córdova International Airport,2023,1,2023-01,383026,362728,95626,115583,745754,211209,478652,478311,956963,3756,3720,1218,1242,7476,2460,4974,4962,9936,disponible,disponible,PasajerosArribadosPartidosxAeropuerto2020-2026,MovimientosxAeropuerto2020-2026
Colombia,MTR,SKMR,Los Garzones Airport,2023,1,2023-01,61000,68178,70,660,129178,730,61070,68838,129908,752,748,0,1,1500,1,752,749,1501,disponible,disponible,PasajerosArribadosPartidosxAeropuerto2020-2026,MovimientosxAeropuerto2020-2026
Colombia,MVP,SKMU,Fabio Alberto Leon Bentley Airport,2023,1,2023-01,1836,1783,0,0,3619,0,1836,1783,3619,429,425,0,0,854,0,429,425,854,disponible,disponible,PasajerosArribadosPartidosxAeropuerto2020-2026,MovimientosxAeropuerto2020-2026
Colombia,MZL,SKMZ,La Nubia Airport,2023,1,2023-01,1962,5950,0,0,7912,0,1962,5950,7912,240,246,0,0,486,0,240,246,486,disponible,disponible,PasajerosArribadosPartidosxAeropuerto2020-2026,MovimientosxAeropuerto2020-2026
Colombia,NQU,SKNQ,Reyes Murillo Airport,2023,1,2023-01,1098,1483,0,0,2581,0,1098,1483,2581,240,242,0,0,482,0,240,242,482,disponible,disponible,PasajerosArribadosPartidosxAeropuerto2020-2026,MovimientosxAeropuerto2020-2026
Colombia,NVA,SKNV,Benito Salas Airport,2023,1,2023-01,12781,16157,0,0,28938,0,12781,16157,28938,376,380,0,0,756,0,376,380,756,disponible,disponible,PasajerosArribadosPartidosxAeropuerto2020-2026,MovimientosxAeropuerto2020-2026
Colombia,PCR,SKPC,German Olano Airport,2023,1,2023-01,3796,2162,0,0,5958,0,3796,2162,5958,126,121,0,0,247,0,126,121,247,disponible,disponible,PasajerosArribadosPartidosxAeropuerto2020-2026,MovimientosxAeropuerto2020-2026
Colombia,PDA,SKPD,Obando Cesar Gaviria Trujillo Airport,2023,1,2023-01,,,,,,,,,,165,164,0,0,329,0,165,164,329,sin_dato,disponible,PasajerosArribadosPartidosxAeropuerto2020-2026,MovimientosxAeropuerto2020-2026
Colombia,PEI,SKPE,Matecaña International Airport,2023,1,2023-01,81928,82703,8534,16702,164631,25236,90462,99405,189867,947,944,83,84,1891,167,1030,1028,2058,disponible,disponible,PasajerosArribadosPartidosxAeropuerto2020-2026,MovimientosxAeropuerto2020-2026
Colombia,PPN,SKPP,Guillermo León Valencia Airport,2023,1,2023-01,4533,5550,0,0,10083,0,4533,5550,10083,340,347,0,0,687,0,340,347,687,disponible,disponible,PasajerosArribadosPartidosxAeropuerto2020-2026,MovimientosxAeropuerto2020-2026
Colombia,PSO,SKPS,Antonio Nariño Airport,2023,1,2023-01,36501,49277,6,466,85778,472,36507,49743,86250,467,464,1,0,931,1,468,464,932,disponible,disponible,PasajerosArribadosPartidosxAeropuerto2020-2026,MovimientosxAeropuerto2020-2026
Colombia,PUU,SKAS,Tres De Mayo Airport,2023,1,2023-01,5169,5699,0,0,10868,0,5169,5699,10868,163,161,0,0,324,0,163,161,324,disponible,disponible,PasajerosArribadosPartidosxAeropuerto2020-2026,MovimientosxAeropuerto2020-2026
Colombia,PVA,SKPV,El Embrujo Airport,2023,1,2023-01,3630,3507,0,0,7137,0,3630,3507,7137,110,111,0,0,221,0,110,111,221,disponible,disponible,PasajerosArribadosPartidosxAeropuerto2020-2026,MovimientosxAeropuerto2020-2026
Colombia,RCH,SKRH,Almirante Padilla Airport,2023,1,2023-01,17040,27930,8,733,44970,741,17048,28663,45711,180,194,0,0,374,0,180,194,374,disponible,disponible,PasajerosArribadosPartidosxAeropuerto2020-2026,MovimientosxAeropuerto2020-2026
Colombia,RVE,SKSA,Los Colonizadores Airport,2023,1,2023-01,1693,1812,0,0,3505,0,1693,1812,3505,236,241,0,0,477,0,236,241,477,disponible,disponible,PasajerosArribadosPartidosxAeropuerto2020-2026,MovimientosxAeropuerto2020-2026
Colombia,SJE,SKSJ,Jorge E. Gonzalez Torres Airport,2023,1,2023-01,1264,1301,0,0,2565,0,1264,1301,2565,315,314,0,0,629,0,315,314,629,disponible,disponible,PasajerosArribadosPartidosxAeropuerto2020-2026,MovimientosxAeropuerto2020-2026
Colombia,SMR,SKSM,Simón Bolívar International Airport,2023,1,2023-01,157224,168566,1716,3432,325790,5148,158940,171998,330938,1209,1207,26,25,2416,51,1235,1232,2467,disponible,disponible,PasajerosArribadosPartidosxAeropuerto2020-2026,MovimientosxAeropuerto2020-2026
Colombia,SVI,SKSV,Eduardo Falla Solano Airport,2023,1,2023-01,293,331,0,0,624,0,293,331,624,36,35,0,0,71,0,36,35,71,disponible,disponible,PasajerosArribadosPartidosxAeropuerto2020-2026,MovimientosxAeropuerto2020-2026
Colombia,TCD,SKRA,Tarapacá Airport,2023,1,2023-01,,,,,,,,,,8,6,0,0,14,0,8,6,14,sin_dato,disponible,PasajerosArribadosPartidosxAeropuerto2020-2026,MovimientosxAeropuerto2020-2026
Colombia,TCO,SKCO,La Florida Airport,2023,1,2023-01,7727,9851,0,0,17578,0,7727,9851,17578,384,379,0,0,763,0,384,379,763,disponible,disponible,PasajerosArribadosPartidosxAeropuerto2020-2026,MovimientosxAeropuerto2020-2026
Colombia,TLU,SKTL,Golfo de Morrosquillo Airport,2023,1,2023-01,3872,5002,0,0,8874,0,3872,5002,8874,145,146,0,0,291,0,145,146,291,disponible,disponible,PasajerosArribadosPartidosxAeropuerto2020-2026,MovimientosxAeropuerto2020-2026
Colombia,TME,SKTM,Gustavo Vargas Airport,2023,1,2023-01,372,426,0,0,798,0,372,426,798,121,122,0,0,243,0,121,122,243,disponible,disponible,PasajerosArribadosPartidosxAeropuerto2020-2026,MovimientosxAeropuerto2020-2026
Colombia,UIB,SKUI,El Caraño Airport,2023,1,2023-01,14571,16510,0,0,31081,0,14571,16510,31081,868,859,0,0,1727,0,868,859,1727,disponible,disponible,PasajerosArribadosPartidosxAeropuerto2020-2026,MovimientosxAeropuerto2020-2026
Colombia,VUP,SKVP,Alfonso López Pumarejo Airport,2023,1,2023-01,17845,25177,5,456,43022,461,17850,25633,43483,300,306,0,0,606,0,300,306,606,disponible,disponible,PasajerosArribadosPartidosxAeropuerto2020-2026,MovimientosxAeropuerto2020-2026
Colombia,VVC,SKVV,Vanguardia Airport,2023,1,2023-01,10782,12020,1,0,22802,1,10783,12020,22803,1344,1351,0,0,2695,0,1344,1351,2695,disponible,disponible,PasajerosArribadosPartidosxAeropuerto2020-2026,MovimientosxAeropuerto2020-2026
Colombia,ADZ,SKSP,Gustavo Rojas Pinilla International Airport,2023,2,2023-02,77624,64437,1707,5107,142061,6814,79331,69544,148875,676,677,19,20,1353,39,695,697,1392,disponible,disponible,PasajerosArribadosPartidosxAeropuerto2020-2026,MovimientosxAeropuerto2020-2026
Colombia,APO,SKLC,Antonio Roldán Betancur Airport,2023,2,2023-02,8018,8053,0,0,16071,0,8018,8053,16071,712,725,6,2,1437,8,718,727,1445,disponible,disponible,PasajerosArribadosPartidosxAeropuerto2020-2026,MovimientosxAeropuerto2020-2026
Colombia,AUC,SKUC,Santiago Perez Airport,2023,2,2023-02,4933,6135,0,0,11068,0,4933,6135,11068,365,372,0,0,737,0,365,372,737,disponible,disponible,PasajerosArribadosPartidosxAeropuerto2020-2026,MovimientosxAeropuerto2020-2026
Colombia,AXM,SKAR,El Eden Airport,2023,2,2023-02,19718,20846,2705,3985,40564,6690,22423,24831,47254,298,299,24,24,597,48,322,323,645,disponible,disponible,PasajerosArribadosPartidosxAeropuerto2020-2026,MovimientosxAeropuerto2020-2026
Colombia,BAQ,SKBQ,Ernesto Cortissoz International Airport,2023,2,2023-02,77810,89731,15810,14379,167541,30189,93620,104110,197730,1583,1611,193,181,3194,374,1776,1792,3568,disponible,disponible,PasajerosArribadosPartidosxAeropuerto2020-2026,MovimientosxAeropuerto2020-2026
Colombia,BGA,SKBG,Palonegro Airport,2023,2,2023-02,67154,70185,1978,4156,137339,6134,69132,74341,143473,1136,1142,25,23,2278,48,1161,1165,2326,disponible,disponible,PasajerosArribadosPartidosxAeropuerto2020-2026,MovimientosxAeropuerto2020-2026
Colombia,BOG,SKBO,El Dorado International Airport,2023,2,2023-02,661574,703834,390002,296919,1365408,686921,1051576,1000753,2052329,9148,9189,4062,4010,18337,8072,13210,13199,26409,disponible,disponible,PasajerosArribadosPartidosxAeropuerto2020-2026,MovimientosxAeropuerto2020-2026
Colombia,BSC,SKBS,José Celestino Mutis Airport,2023,2,2023-02,2218,2293,0,0,4511,0,2218,2293,4511,232,233,0,0,465,0,232,233,465,disponible,disponible,PasajerosArribadosPartidosxAeropuerto2020-2026,MovimientosxAeropuerto2020-2026
Colombia,BUN,SKBU,Gerardo Tobar López Airport,2023,2,2023-02,373,348,0,0,721,0,373,348,721,37,36,0,0,73,0,37,36,73,disponible,disponible,PasajerosArribadosPartidosxAeropuerto2020-2026,MovimientosxAeropuerto2020-2026
Colombia,CLO,SKCL,Alfonso Bonilla Aragon International Airport,2023,2,2023-02,168346,144045,35450,51247,312391,86697,203796,195292,399088,2643,2646,313,306,5289,619,2956,2952,5908,disponible,disponible,PasajerosArribadosPartidosxAeropuerto2020-2026,MovimientosxAeropuerto2020-2026
Colombia,CTG,SKCG,Rafael Nuñez International Airport,2023,2,2023-02,164689,183059,41446,66427,347748,107873,206135,249486,455621,1677,1670,378,413,3347,791,2055,2083,4138,disponible,disponible,PasajerosArribadosPartidosxAeropuerto2020-2026,MovimientosxAeropuerto2020-2026
Colombia,CUC,SKCC,Camilo Daza International Airport,2023,2,2023-02,58473,55854,1339,4993,114327,6332,59812,60847,120659,708,707,17,18,1415,35,725,725,1450,disponible,disponible,PasajerosArribadosPartidosxAeropuerto2020-2026,MovimientosxAeropuerto2020-2026
Colombia,CZU,SKCZ,Las Brujas Airport,2023,2,2023-02,1071,1112,0,0,2183,0,1071,1112,2183,44,46,0,0,90,0,44,46,90,disponible,disponible,PasajerosArribadosPartidosxAeropuerto2020-2026,MovimientosxAeropuerto2020-2026
Colombia,EJA,SKEJ,Yariguíes Airport,2023,2,2023-02,4042,4290,0,0,8332,0,4042,4290,8332,203,205,0,0,408,0,203,205,408,disponible,disponible,PasajerosArribadosPartidosxAeropuerto2020-2026,MovimientosxAeropuerto2020-2026
Colombia,EOH,SKMD,Enrique Olaya Herrera Airport,2023,2,2023-02,39341,37668,0,0,77009,0,39341,37668,77009,2763,2754,18,17,5517,35,2781,2771,5552,disponible,disponible,PasajerosArribadosPartidosxAeropuerto2020-2026,MovimientosxAeropuerto2020-2026
Colombia,EYP,SKYP,El Alcaravan - Yopal Airport,2023,2,2023-02,10497,11347,0,0,21844,0,10497,11347,21844,863,862,0,0,1725,0,863,862,1725,disponible,disponible,PasajerosArribadosPartidosxAeropuerto2020-2026,MovimientosxAeropuerto2020-2026
Colombia,FLA,SKFL,Gustavo Artunduaga Paredes Airport,2023,2,2023-02,3040,4289,0,0,7329,0,3040,4289,7329,151,150,0,0,301,0,151,150,301,disponible,disponible,PasajerosArribadosPartidosxAeropuerto2020-2026,MovimientosxAeropuerto2020-2026
Colombia,GPI,SKGP,Guapi Airport,2023,2,2023-02,2475,2277,0,0,4752,0,2475,2277,4752,130,138,0,0,268,0,130,138,268,disponible,disponible,PasajerosArribadosPartidosxAeropuerto2020-2026,MovimientosxAeropuerto2020-2026
Colombia,IBE,SKIB,Perales Airport,2023,2,2023-02,4279,5105,0,0,9384,0,4279,5105,9384,238,240,0,0,478,0,238,240,478,disponible,disponible,PasajerosArribadosPartidosxAeropuerto2020-2026,MovimientosxAeropuerto2020-2026
Colombia,IPI,SKIP,San Luis Airport,2023,2,2023-02,1188,1262,0,0,2450,0,1188,1262,2450,49,49,0,0,98,0,49,49,98,disponible,disponible,PasajerosArribadosPartidosxAeropuerto2020-2026,MovimientosxAeropuerto2020-2026
Colombia,LCR,SKHZ,Virgilio Barco Vargas (La Chorrera) Airport,2023,2,2023-02,,,,,,,,,,27,20,0,0,47,0,27,20,47,sin_dato,disponible,PasajerosArribadosPartidosxAeropuerto2020-2026,MovimientosxAeropuerto2020-2026
Colombia,LET,SKLT,Alfredo Vásquez Cobo International Airport,2023,2,2023-02,15111,13416,0,58,28527,58,15111,13474,28585,211,217,1,5,428,6,212,222,434,disponible,disponible,PasajerosArribadosPartidosxAeropuerto2020-2026,MovimientosxAeropuerto2020-2026
Colombia,LMC,SKNA,La Macarena Airport,2023,2,2023-02,550,522,0,0,1072,0,550,522,1072,199,197,0,0,396,0,199,197,396,disponible,disponible,PasajerosArribadosPartidosxAeropuerto2020-2026,MovimientosxAeropuerto2020-2026
Colombia,LPD,SKLP,La Pedrera Airport,2023,2,2023-02,216,211,0,0,427,0,216,211,427,40,34,0,0,74,0,40,34,74,disponible,disponible,PasajerosArribadosPartidosxAeropuerto2020-2026,MovimientosxAeropuerto2020-2026
Colombia,LQM,SKLG,Caucaya Airport,2023,2,2023-02,573,538,0,0,1111,0,573,538,1111,30,28,0,0,58,0,30,28,58,disponible,disponible,PasajerosArribadosPartidosxAeropuerto2020-2026,MovimientosxAeropuerto2020-2026
Colombia,MDE,SKRG,Jose Maria Córdova International Airport,2023,2,2023-02,313044,266860,91505,103850,579904,195355,404549,370710,775259,3257,3206,990,1020,6463,2010,4247,4226,8473,disponible,disponible,PasajerosArribadosPartidosxAeropuerto2020-2026,MovimientosxAeropuerto2020-2026
Colombia,MTR,SKMR,Los Garzones Airport,2023,2,2023-02,51825,54656,46,481,106481,527,51871,55137,107008,707,710,1,0,1417,1,708,710,1418,disponible,disponible,PasajerosArribadosPartidosxAeropuerto2020-2026,MovimientosxAeropuerto2020-2026
Colombia,MVP,SKMU,Fabio Alberto Leon Bentley Airport,2023,2,2023-02,1750,1837,0,0,3587,0,1750,1837,3587,637,633,0,0,1270,0,637,633,1270,disponible,disponible,PasajerosArribadosPartidosxAeropuerto2020-2026,MovimientosxAeropuerto2020-2026
Colombia,MZL,SKMZ,La Nubia Airport,2023,2,2023-02,3227,4624,0,0,7851,0,3227,4624,7851,154,153,0,0,307,0,154,153,307,disponible,disponible,PasajerosArribadosPartidosxAeropuerto2020-2026,MovimientosxAeropuerto2020-2026
Colombia,NQU,SKNQ,Reyes Murillo Airport,2023,2,2023-02,557,662,0,0,1219,0,557,662,1219,138,138,0,0,276,0,138,138,276,disponible,disponible,PasajerosArribadosPartidosxAeropuerto2020-2026,MovimientosxAeropuerto2020-2026
Colombia,NVA,SKNV,Benito Salas Airport,2023,2,2023-02,12277,10266,0,0,22543,0,12277,10266,22543,440,442,0,0,882,0,440,442,882,disponible,disponible,PasajerosArribadosPartidosxAeropuerto2020-2026,MovimientosxAeropuerto2020-2026
Colombia,PCR,SKPC,German Olano Airport,2023,2,2023-02,3541,2207,0,0,5748,0,3541,2207,5748,106,109,1,1,215,2,107,110,217,disponible,disponible,PasajerosArribadosPartidosxAeropuerto2020-2026,MovimientosxAeropuerto2020-2026
Colombia,PDA,SKPD,Obando Cesar Gaviria Trujillo Airport,2023,2,2023-02,,,,,,,,,,133,140,0,0,273,0,133,140,273,sin_dato,disponible,PasajerosArribadosPartidosxAeropuerto2020-2026,MovimientosxAeropuerto2020-2026
Colombia,PEI,SKPE,Matecaña International Airport,2023,2,2023-02,65923,78546,5684,11002,144469,16686,71607,89548,161155,930,931,53,52,1861,105,983,983,1966,disponible,disponible,PasajerosArribadosPartidosxAeropuerto2020-2026,MovimientosxAeropuerto2020-2026
Colombia,PPN,SKPP,Guillermo León Valencia Airport,2023,2,2023-02,1376,4561,0,0,5937,0,1376,4561,5937,274,278,0,0,552,0,274,278,552,disponible,disponible,PasajerosArribadosPartidosxAeropuerto2020-2026,MovimientosxAeropuerto2020-2026
Colombia,PSO,SKPS,Antonio Nariño Airport,2023,2,2023-02,32582,37307,2,273,69889,275,32584,37580,70164,376,375,0,0,751,0,376,375,751,disponible,disponible,PasajerosArribadosPartidosxAeropuerto2020-2026,MovimientosxAeropuerto2020-2026
Colombia,PUU,SKAS,Tres De Mayo Airport,2023,2,2023-02,2971,4925,0,0,7896,0,2971,4925,7896,154,156,0,0,310,0,154,156,310,disponible,disponible,PasajerosArribadosPartidosxAeropuerto2020-2026,MovimientosxAeropuerto2020-2026
Colombia,PVA,SKPV,El Embrujo Airport,2023,2,2023-02,3224,3394,0,0,6618,0,3224,3394,6618,103,103,0,0,206,0,103,103,206,disponible,disponible,PasajerosArribadosPartidosxAeropuerto2020-2026,MovimientosxAeropuerto2020-2026
Colombia,RCH,SKRH,Almirante Padilla Airport,2023,2,2023-02,20750,18561,2,438,39311,440,20752,18999,39751,151,158,0,0,309,0,151,158,309,disponible,disponible,PasajerosArribadosPartidosxAeropuerto2020-2026,MovimientosxAeropuerto2020-2026
Colombia,RVE,SKSA,Los Colonizadores Airport,2023,2,2023-02,1492,1563,0,0,3055,0,1492,1563,3055,236,245,0,0,481,0,236,245,481,disponible,disponible,PasajerosArribadosPartidosxAeropuerto2020-2026,MovimientosxAeropuerto2020-2026
Colombia,SJE,SKSJ,Jorge E. Gonzalez Torres Airport,2023,2,2023-02,1363,1386,0,0,2749,0,1363,1386,2749,400,398,0,0,798,0,400,398,798,disponible,disponible,PasajerosArribadosPartidosxAeropuerto2020-2026,MovimientosxAeropuerto2020-2026
Colombia,SMR,SKSM,Simón Bolívar International Airport,2023,2,2023-02,132150,106806,1409,3461,238956,4870,133559,110267,243826,993,993,18,18,1986,36,1011,1011,2022,disponible,disponible,PasajerosArribadosPartidosxAeropuerto2020-2026,MovimientosxAeropuerto2020-2026
Colombia,SVI,SKSV,Eduardo Falla Solano Airport,2023,2,2023-02,198,235,0,0,433,0,198,235,433,45,41,0,0,86,0,45,41,86,disponible,disponible,PasajerosArribadosPartidosxAeropuerto2020-2026,MovimientosxAeropuerto2020-2026
Colombia,TCD,SKRA,Tarapacá Airport,2023,2,2023-02,,,,,,,,,,13,11,0,0,24,0,13,11,24,sin_dato,disponible,PasajerosArribadosPartidosxAeropuerto2020-2026,MovimientosxAeropuerto2020-2026
Colombia,TCO,SKCO,La Florida Airport,2023,2,2023-02,6812,8574,0,0,15386,0,6812,8574,15386,315,311,0,2,626,2,315,313,628,disponible,disponible,PasajerosArribadosPartidosxAeropuerto2020-2026,MovimientosxAeropuerto2020-2026
Colombia,TLU,SKTL,Golfo de Morrosquillo Airport,2023,2,2023-02,1882,2062,0,0,3944,0,1882,2062,3944,83,82,0,0,165,0,83,82,165,disponible,disponible,PasajerosArribadosPartidosxAeropuerto2020-2026,MovimientosxAeropuerto2020-2026
Colombia,TME,SKTM,Gustavo Vargas Airport,2023,2,2023-02,254,258,0,0,512,0,254,258,512,59,58,0,0,117,0,59,58,117,disponible,disponible,PasajerosArribadosPartidosxAeropuerto2020-2026,MovimientosxAeropuerto2020-2026
Colombia,UIB,SKUI,El Caraño Airport,2023,2,2023-02,11902,12431,0,0,24333,0,11902,12431,24333,671,670,1,0,1341,1,672,670,1342,disponible,disponible,PasajerosArribadosPartidosxAeropuerto2020-2026,MovimientosxAeropuerto2020-2026
Colombia,VUP,SKVP,Alfonso López Pumarejo Airport,2023,2,2023-02,6128,16187,8,339,22315,347,6136,16526,22662,260,263,0,0,523,0,260,263,523,disponible,disponible,PasajerosArribadosPartidosxAeropuerto2020-2026,MovimientosxAeropuerto2020-2026
Colombia,VVC,SKVV,Vanguardia Airport,2023,2,2023-02,8872,10316,0,0,19188,0,8872,10316,19188,1372,1368,0,0,2740,0,1372,1368,2740,disponible,disponible,PasajerosArribadosPartidosxAeropuerto2020-2026,MovimientosxAeropuerto2020-2026
Colombia,ADZ,SKSP,Gustavo Rojas Pinilla International Airport,2023,3,2023-03,79993,77336,1555,4501,157329,6056,81548,81837,163385,657,646,19,29,1303,48,676,675,1351,disponible,disponible,PasajerosArribadosPartidosxAeropuerto2020-2026,MovimientosxAeropuerto2020-2026
Colombia,APO,SKLC,Antonio Roldán Betancur Airport,2023,3,2023-03,6516,9652,0,0,16168,0,6516,9652,16168,833,839,0,0,1672,0,833,839,1672,disponible,disponible,PasajerosArribadosPartidosxAeropuerto2020-2026,MovimientosxAeropuerto2020-2026
Colombia,AUC,SKUC,Santiago Perez Airport,2023,3,2023-03,5454,6359,0,0,11813,0,5454,6359,11813,394,402,0,0,796,0,394,402,796,disponible,disponible,PasajerosArribadosPartidosxAeropuerto2020-2026,MovimientosxAeropuerto2020-2026
Colombia,AXM,SKAR,El Eden Airport,2023,3,2023-03,17003,13728,2601,3870,30731,6471,19604,17598,37202,297,296,27,28,593,55,324,324,648,disponible,disponible,PasajerosArribadosPartidosxAeropuerto2020-2026,MovimientosxAeropuerto2020-2026
Colombia,BAQ,SKBQ,Ernesto Cortissoz International Airport,2023,3,2023-03,97318,100244,15549,20980,197562,36529,112867,121224,234091,1765,1766,209,205,3531,414,1974,1971,3945,disponible,disponible,PasajerosArribadosPartidosxAeropuerto2020-2026,MovimientosxAeropuerto2020-2026
Colombia,BGA,SKBG,Palonegro Airport,2023,3,2023-03,67193,70407,2289,5825,137600,8114,69482,76232,145714,1183,1192,38,32,2375,70,1221,1224,2445,disponible,disponible,PasajerosArribadosPartidosxAeropuerto2020-2026,MovimientosxAeropuerto2020-2026
Colombia,BOG,SKBO,El Dorado International Airport,2023,3,2023-03,745807,739432,448554,357986,1485239,806540,1194361,1097418,2291779,9843,9940,4367,4294,19783,8661,14210,14234,28444,disponible,disponible,PasajerosArribadosPartidosxAeropuerto2020-2026,MovimientosxAeropuerto2020-2026
Colombia,BSC,SKBS,José Celestino Mutis Airport,2023,3,2023-03,2437,2495,0,0,4932,0,2437,2495,4932,280,279,0,0,559,0,280,279,559,disponible,disponible,PasajerosArribadosPartidosxAeropuerto2020-2026,MovimientosxAeropuerto2020-2026
Colombia,BUN,SKBU,Gerardo Tobar López Airport,2023,3,2023-03,570,513,0,0,1083,0,570,513,1083,70,67,0,0,137,0,70,67,137,disponible,disponible,PasajerosArribadosPartidosxAeropuerto2020-2026,MovimientosxAeropuerto2020-2026
Colombia,CLO,SKCL,Alfonso Bonilla Aragon International Airport,2023,3,2023-03,208605,208788,34290,55047,417393,89337,242895,263835,506730,2882,2882,345,336,5764,681,3227,3218,6445,disponible,disponible,PasajerosArribadosPartidosxAeropuerto2020-2026,MovimientosxAeropuerto2020-2026
Colombia,CTG,SKCG,Rafael Nuñez International Airport,2023,3,2023-03,187361,186969,46762,68257,374330,115019,234123,255226,489349,1639,1611,400,451,3250,851,2039,2062,4101,disponible,disponible,PasajerosArribadosPartidosxAeropuerto2020-2026,MovimientosxAeropuerto2020-2026
Colombia,CUC,SKCC,Camilo Daza International Airport,2023,3,2023-03,51633,52459,1430,5733,104092,7163,53063,58192,111255,660,663,17,19,1323,36,677,682,1359,disponible,disponible,PasajerosArribadosPartidosxAeropuerto2020-2026,MovimientosxAeropuerto2020-2026
Colombia,CZU,SKCZ,Las Brujas Airport,2023,3,2023-03,1253,1110,0,0,2363,0,1253,1110,2363,50,52,0,0,102,0,50,52,102,disponible,disponible,PasajerosArribadosPartidosxAeropuerto2020-2026,MovimientosxAeropuerto2020-2026
Colombia,EJA,SKEJ,Yariguíes Airport,2023,3,2023-03,4927,5407,0,0,10334,0,4927,5407,10334,273,299,0,0,572,0,273,299,572,disponible,disponible,PasajerosArribadosPartidosxAeropuerto2020-2026,MovimientosxAeropuerto2020-2026
Colombia,EOH,SKMD,Enrique Olaya Herrera Airport,2023,3,2023-03,45270,46319,0,0,91589,0,45270,46319,91589,3171,3154,11,16,6325,27,3182,3170,6352,disponible,disponible,PasajerosArribadosPartidosxAeropuerto2020-2026,MovimientosxAeropuerto2020-2026
Colombia,EYP,SKYP,El Alcaravan - Yopal Airport,2023,3,2023-03,11955,13210,0,0,25165,0,11955,13210,25165,828,820,0,0,1648,0,828,820,1648,disponible,disponible,PasajerosArribadosPartidosxAeropuerto2020-2026,MovimientosxAeropuerto2020-2026
Colombia,FLA,SKFL,Gustavo Artunduaga Paredes Airport,2023,3,2023-03,4705,5109,0,0,9814,0,4705,5109,9814,152,157,0,0,309,0,152,157,309,disponible,disponible,PasajerosArribadosPartidosxAeropuerto2020-2026,MovimientosxAeropuerto2020-2026
Colombia,GPI,SKGP,Guapi Airport,2023,3,2023-03,2354,2484,0,0,4838,0,2354,2484,4838,156,154,0,0,310,0,156,154,310,disponible,disponible,PasajerosArribadosPartidosxAeropuerto2020-2026,MovimientosxAeropuerto2020-2026
Colombia,IBE,SKIB,Perales Airport,2023,3,2023-03,5560,7418,0,0,12978,0,5560,7418,12978,216,216,0,0,432,0,216,216,432,disponible,disponible,PasajerosArribadosPartidosxAeropuerto2020-2026,MovimientosxAeropuerto2020-2026
Colombia,IPI,SKIP,San Luis Airport,2023,3,2023-03,1672,1731,0,0,3403,0,1672,1731,3403,56,55,0,0,111,0,56,55,111,disponible,disponible,PasajerosArribadosPartidosxAeropuerto2020-2026,MovimientosxAeropuerto2020-2026
Colombia,LCR,SKHZ,Virgilio Barco Vargas (La Chorrera) Airport,2023,3,2023-03,,,,,,,,,,19,22,0,0,41,0,19,22,41,sin_dato,disponible,PasajerosArribadosPartidosxAeropuerto2020-2026,MovimientosxAeropuerto2020-2026
Colombia,LET,SKLT,Alfredo Vásquez Cobo International Airport,2023,3,2023-03,5386,12406,0,59,17792,59,5386,12465,17851,204,221,5,6,425,11,209,227,436,disponible,disponible,PasajerosArribadosPartidosxAeropuerto2020-2026,MovimientosxAeropuerto2020-2026
Colombia,LMC,SKNA,La Macarena Airport,2023,3,2023-03,555,486,0,0,1041,0,555,486,1041,199,196,0,0,395,0,199,196,395,disponible,disponible,PasajerosArribadosPartidosxAeropuerto2020-2026,MovimientosxAeropuerto2020-2026
Colombia,LPD,SKLP,La Pedrera Airport,2023,3,2023-03,169,219,0,0,388,0,169,219,388,55,43,0,0,98,0,55,43,98,disponible,disponible,PasajerosArribadosPartidosxAeropuerto2020-2026,MovimientosxAeropuerto2020-2026
Colombia,LQM,SKLG,Caucaya Airport,2023,3,2023-03,592,610,0,0,1202,0,592,610,1202,34,34,0,0,68,0,34,34,68,disponible,disponible,PasajerosArribadosPartidosxAeropuerto2020-2026,MovimientosxAeropuerto2020-2026
Colombia,MDE,SKRG,Jose Maria Córdova International Airport,2023,3,2023-03,302960,268859,82640,118319,571819,200959,385600,387178,772778,2865,2811,840,870,5676,1710,3705,3681,7386,disponible,disponible,PasajerosArribadosPartidosxAeropuerto2020-2026,MovimientosxAeropuerto2020-2026
Colombia,MTR,SKMR,Los Garzones Airport,2023,3,2023-03,42200,36376,0,467,78576,467,42200,36843,79043,816,821,0,0,1637,0,816,821,1637,disponible,disponible,PasajerosArribadosPartidosxAeropuerto2020-2026,MovimientosxAeropuerto2020-2026
Colombia,MVP,SKMU,Fabio Alberto Leon Bentley Airport,2023,3,2023-03,1834,2035,0,0,3869,0,1834,2035,3869,646,639,0,0,1285,0,646,639,1285,disponible,disponible,PasajerosArribadosPartidosxAeropuerto2020-2026,MovimientosxAeropuerto2020-2026
Colombia,MZL,SKMZ,La Nubia Airport,2023,3,2023-03,4708,4416,0,0,9124,0,4708,4416,9124,156,151,0,0,307,0,156,151,307,disponible,disponible,PasajerosArribadosPartidosxAeropuerto2020-2026,MovimientosxAeropuerto2020-2026
Colombia,NQU,SKNQ,Reyes Murillo Airport,2023,3,2023-03,1006,1099,0,0,2105,0,1006,1099,2105,175,176,0,0,351,0,175,176,351,disponible,disponible,PasajerosArribadosPartidosxAeropuerto2020-2026,MovimientosxAeropuerto2020-2026
Colombia,NVA,SKNV,Benito Salas Airport,2023,3,2023-03,10296,6579,0,7,16875,7,10296,6586,16882,401,405,0,0,806,0,401,405,806,disponible,disponible,PasajerosArribadosPartidosxAeropuerto2020-2026,MovimientosxAeropuerto2020-2026
Colombia,PCR,SKPC,German Olano Airport,2023,3,2023-03,3746,3813,0,0,7559,0,3746,3813,7559,126,126,0,0,252,0,126,126,252,disponible,disponible,PasajerosArribadosPartidosxAeropuerto2020-2026,MovimientosxAeropuerto2020-2026
Colombia,PDA,SKPD,Obando Cesar Gaviria Trujillo Airport,2023,3,2023-03,,,,,,,,,,171,175,0,0,346,0,171,175,346,sin_dato,disponible,PasajerosArribadosPartidosxAeropuerto2020-2026,MovimientosxAeropuerto2020-2026
Colombia,PEI,SKPE,Matecaña International Airport,2023,3,2023-03,43998,61870,6645,11214,105868,17859,50643,73084,123727,824,825,60,64,1649,124,884,889,1773,disponible,disponible,PasajerosArribadosPartidosxAeropuerto2020-2026,MovimientosxAeropuerto2020-2026
Colombia,PPN,SKPP,Guillermo León Valencia Airport,2023,3,2023-03,4859,3232,0,0,8091,0,4859,3232,8091,334,335,1,0,669,1,335,335,670,disponible,disponible,PasajerosArribadosPartidosxAeropuerto2020-2026,MovimientosxAeropuerto2020-2026
Colombia,PSO,SKPS,Antonio Nariño Airport,2023,3,2023-03,30161,33234,0,343,63395,343,30161,33577,63738,322,320,0,0,642,0,322,320,642,disponible,disponible,PasajerosArribadosPartidosxAeropuerto2020-2026,MovimientosxAeropuerto2020-2026
Colombia,PUU,SKAS,Tres De Mayo Airport,2023,3,2023-03,5380,5431,0,0,10811,0,5380,5431,10811,164,164,0,0,328,0,164,164,328,disponible,disponible,PasajerosArribadosPartidosxAeropuerto2020-2026,MovimientosxAeropuerto2020-2026
Colombia,PVA,SKPV,El Embrujo Airport,2023,3,2023-03,3669,3643,0,0,7312,0,3669,3643,7312,103,103,0,0,206,0,103,103,206,disponible,disponible,PasajerosArribadosPartidosxAeropuerto2020-2026,MovimientosxAeropuerto2020-2026
Colombia,RCH,SKRH,Almirante Padilla Airport,2023,3,2023-03,10075,16145,0,520,26220,520,10075,16665,26740,167,170,0,0,337,0,167,170,337,disponible,disponible,PasajerosArribadosPartidosxAeropuerto2020-2026,MovimientosxAeropuerto2020-2026
Colombia,RVE,SKSA,Los Colonizadores Airport,2023,3,2023-03,1681,1714,0,0,3395,0,1681,1714,3395,244,251,0,0,495,0,244,251,495,disponible,disponible,PasajerosArribadosPartidosxAeropuerto2020-2026,MovimientosxAeropuerto2020-2026
Colombia,SJE,SKSJ,Jorge E. Gonzalez Torres Airport,2023,3,2023-03,1525,1482,0,0,3007,0,1525,1482,3007,290,294,0,0,584,0,290,294,584,disponible,disponible,PasajerosArribadosPartidosxAeropuerto2020-2026,MovimientosxAeropuerto2020-2026
Colombia,SMR,SKSM,Simón Bolívar International Airport,2023,3,2023-03,118082,121205,1234,3092,239287,4326,119316,124297,243613,890,902,20,18,1792,38,910,920,1830,disponible,disponible,PasajerosArribadosPartidosxAeropuerto2020-2026,MovimientosxAeropuerto2020-2026
Colombia,SVI,SKSV,Eduardo Falla Solano Airport,2023,3,2023-03,233,259,0,0,492,0,233,259,492,58,55,1,0,113,1,59,55,114,disponible,disponible,PasajerosArribadosPartidosxAeropuerto2020-2026,MovimientosxAeropuerto2020-2026
Colombia,TCD,SKRA,Tarapacá Airport,2023,3,2023-03,,,,,,,,,,12,13,0,0,25,0,12,13,25,sin_dato,disponible,PasajerosArribadosPartidosxAeropuerto2020-2026,MovimientosxAeropuerto2020-2026
Colombia,TCO,SKCO,La Florida Airport,2023,3,2023-03,6864,5630,0,0,12494,0,6864,5630,12494,309,308,0,3,617,3,309,311,620,disponible,disponible,PasajerosArribadosPartidosxAeropuerto2020-2026,MovimientosxAeropuerto2020-2026
Colombia,TLU,SKTL,Golfo de Morrosquillo Airport,2023,3,2023-03,2792,2668,0,0,5460,0,2792,2668,5460,96,97,0,0,193,0,96,97,193,disponible,disponible,PasajerosArribadosPartidosxAeropuerto2020-2026,MovimientosxAeropuerto2020-2026
Colombia,TME,SKTM,Gustavo Vargas Airport,2023,3,2023-03,294,317,0,1,611,1,294,318,612,106,105,0,0,211,0,106,105,211,disponible,disponible,PasajerosArribadosPartidosxAeropuerto2020-2026,MovimientosxAeropuerto2020-2026
Colombia,UIB,SKUI,El Caraño Airport,2023,3,2023-03,9579,14013,0,0,23592,0,9579,14013,23592,808,812,1,0,1620,1,809,812,1621,disponible,disponible,PasajerosArribadosPartidosxAeropuerto2020-2026,MovimientosxAeropuerto2020-2026
Colombia,VUP,SKVP,Alfonso López Pumarejo Airport,2023,3,2023-03,17447,18107,0,434,35554,434,17447,18541,35988,266,269,0,0,535,0,266,269,535,disponible,disponible,PasajerosArribadosPartidosxAeropuerto2020-2026,MovimientosxAeropuerto2020-2026
Colombia,VVC,SKVV,Vanguardia Airport,2023,3,2023-03,7255,6636,0,0,13891,0,7255,6636,13891,1549,1534,0,0,3083,0,1549,1534,3083,disponible,disponible,PasajerosArribadosPartidosxAeropuerto2020-2026,MovimientosxAeropuerto2020-2026
Colombia,ADZ,SKSP,Gustavo Rojas Pinilla International Airport,2023,4,2023-04,58889,61968,1467,3835,120857,5302,60356,65803,126159,535,536,20,21,1071,41,555,557,1112,disponible,disponible,PasajerosArribadosPartidosxAeropuerto2020-2026,MovimientosxAeropuerto2020-2026
Colombia,APO,SKLC,Antonio Roldán Betancur Airport,2023,4,2023-04,4573,8375,0,0,12948,0,4573,8375,12948,827,830,0,1,1657,1,827,831,1658,disponible,disponible,PasajerosArribadosPartidosxAeropuerto2020-2026,MovimientosxAeropuerto2020-2026
Colombia,AUC,SKUC,Santiago Perez Airport,2023,4,2023-04,6176,6004,0,0,12180,0,6176,6004,12180,301,294,0,0,595,0,301,294,595,disponible,disponible,PasajerosArribadosPartidosxAeropuerto2020-2026,MovimientosxAeropuerto2020-2026
Colombia,AXM,SKAR,El Eden Airport,2023,4,2023-04,15942,12179,2573,2224,28121,4797,18515,14403,32918,279,279,25,25,558,50,304,304,608,disponible,disponible,PasajerosArribadosPartidosxAeropuerto2020-2026,MovimientosxAeropuerto2020-2026
Colombia,BAQ,SKBQ,Ernesto Cortissoz International Airport,2023,4,2023-04,61811,86839,15489,19936,148650,35425,77300,106775,184075,1576,1600,177,170,3176,347,1753,1770,3523,disponible,disponible,PasajerosArribadosPartidosxAeropuerto2020-2026,MovimientosxAeropuerto2020-2026
Colombia,BGA,SKBG,Palonegro Airport,2023,4,2023-04,45302,67185,2093,4807,112487,6900,47395,71992,119387,1040,1038,28,25,2078,53,1068,1063,2131,disponible,disponible,PasajerosArribadosPartidosxAeropuerto2020-2026,MovimientosxAeropuerto2020-2026
Colombia,BOG,SKBO,El Dorado International Airport,2023,4,2023-04,727216,652131,457878,351232,1379347,809110,1185094,1003363,2188457,9104,9160,4464,4384,18264,8848,13568,13544,27112,disponible,disponible,PasajerosArribadosPartidosxAeropuerto2020-2026,MovimientosxAeropuerto2020-2026
Colombia,BSC,SKBS,José Celestino Mutis Airport,2023,4,2023-04,3264,3250,0,0,6514,0,3264,3250,6514,280,280,0,0,560,0,280,280,560,disponible,disponible,PasajerosArribadosPartidosxAeropuerto2020-2026,MovimientosxAeropuerto2020-2026
Colombia,BUN,SKBU,Gerardo Tobar López Airport,2023,4,2023-04,315,307,0,0,622,0,315,307,622,52,46,0,0,98,0,52,46,98,disponible,disponible,PasajerosArribadosPartidosxAeropuerto2020-2026,MovimientosxAeropuerto2020-2026
Colombia,CLO,SKCL,Alfonso Bonilla Aragon International Airport,2023,4,2023-04,183900,193006,26521,49787,376906,76308,210421,242793,453214,2673,2684,327,315,5357,642,3000,2999,5999,disponible,disponible,PasajerosArribadosPartidosxAeropuerto2020-2026,MovimientosxAeropuerto2020-2026
Colombia,CTG,SKCG,Rafael Nuñez International Airport,2023,4,2023-04,165621,168996,46707,68046,334617,114753,212328,237042,449370,1701,1685,391,429,3386,820,2092,2114,4206,disponible,disponible,PasajerosArribadosPartidosxAeropuerto2020-2026,MovimientosxAeropuerto2020-2026
Colombia,CUC,SKCC,Camilo Daza International Airport,2023,4,2023-04,45832,49117,1780,5328,94949,7108,47612,54445,102057,604,609,20,22,1213,42,624,631,1255,disponible,disponible,PasajerosArribadosPartidosxAeropuerto2020-2026,MovimientosxAeropuerto2020-2026
Colombia,CZU,SKCZ,Las Brujas Airport,2023,4,2023-04,981,1021,0,0,2002,0,981,1021,2002,65,77,0,0,142,0,65,77,142,disponible,disponible,PasajerosArribadosPartidosxAeropuerto2020-2026,MovimientosxAeropuerto2020-2026
Colombia,EJA,SKEJ,Yariguíes Airport,2023,4,2023-04,4515,1754,0,2,6269,2,4515,1756,6271,217,231,0,0,448,0,217,231,448,disponible,disponible,PasajerosArribadosPartidosxAeropuerto2020-2026,MovimientosxAeropuerto2020-2026
Colombia,EOH,SKMD,Enrique Olaya Herrera Airport,2023,4,2023-04,46233,42973,0,0,89206,0,46233,42973,89206,2906,2909,5,7,5815,12,2911,2916,5827,disponible,disponible,PasajerosArribadosPartidosxAeropuerto2020-2026,MovimientosxAeropuerto2020-2026
Colombia,EYP,SKYP,El Alcaravan - Yopal Airport,2023,4,2023-04,10348,11375,0,0,21723,0,10348,11375,21723,804,806,0,0,1610,0,804,806,1610,disponible,disponible,PasajerosArribadosPartidosxAeropuerto2020-2026,MovimientosxAeropuerto2020-2026
Colombia,FLA,SKFL,Gustavo Artunduaga Paredes Airport,2023,4,2023-04,2915,4322,0,0,7237,0,2915,4322,7237,129,126,0,0,255,0,129,126,255,disponible,disponible,PasajerosArribadosPartidosxAeropuerto2020-2026,MovimientosxAeropuerto2020-2026
Colombia,GPI,SKGP,Guapi Airport,2023,4,2023-04,2480,2508,0,0,4988,0,2480,2508,4988,169,171,0,0,340,0,169,171,340,disponible,disponible,PasajerosArribadosPartidosxAeropuerto2020-2026,MovimientosxAeropuerto2020-2026
Colombia,IBE,SKIB,Perales Airport,2023,4,2023-04,4296,5860,0,0,10156,0,4296,5860,10156,244,239,0,0,483,0,244,239,483,disponible,disponible,PasajerosArribadosPartidosxAeropuerto2020-2026,MovimientosxAeropuerto2020-2026
Colombia,IPI,SKIP,San Luis Airport,2023,4,2023-04,2627,2773,0,0,5400,0,2627,2773,5400,52,52,0,0,104,0,52,52,104,disponible,disponible,PasajerosArribadosPartidosxAeropuerto2020-2026,MovimientosxAeropuerto2020-2026
Colombia,LCR,SKHZ,Virgilio Barco Vargas (La Chorrera) Airport,2023,4,2023-04,,,,,,,,,,19,17,0,0,36,0,19,17,36,sin_dato,disponible,PasajerosArribadosPartidosxAeropuerto2020-2026,MovimientosxAeropuerto2020-2026
Colombia,LET,SKLT,Alfredo Vásquez Cobo International Airport,2023,4,2023-04,12267,12085,0,33,24352,33,12267,12118,24385,176,178,0,1,354,1,176,179,355,disponible,disponible,PasajerosArribadosPartidosxAeropuerto2020-2026,MovimientosxAeropuerto2020-2026
Colombia,LMC,SKNA,La Macarena Airport,2023,4,2023-04,480,491,0,0,971,0,480,491,971,162,162,0,0,324,0,162,162,324,disponible,disponible,PasajerosArribadosPartidosxAeropuerto2020-2026,MovimientosxAeropuerto2020-2026
Colombia,LPD,SKLP,La Pedrera Airport,2023,4,2023-04,137,164,0,0,301,0,137,164,301,42,41,0,0,83,0,42,41,83,disponible,disponible,PasajerosArribadosPartidosxAeropuerto2020-2026,MovimientosxAeropuerto2020-2026
Colombia,LQM,SKLG,Caucaya Airport,2023,4,2023-04,555,571,0,0,1126,0,555,571,1126,26,28,0,0,54,0,26,28,54,disponible,disponible,PasajerosArribadosPartidosxAeropuerto2020-2026,MovimientosxAeropuerto2020-2026
Colombia,MDE,SKRG,Jose Maria Córdova International Airport,2023,4,2023-04,284921,291654,91632,109282,576575,200914,376553,400936,777489,2667,2626,868,906,5293,1774,3535,3532,7067,disponible,disponible,PasajerosArribadosPartidosxAeropuerto2020-2026,MovimientosxAeropuerto2020-2026
Colombia,MTR,SKMR,Los Garzones Airport,2023,4,2023-04,42254,32933,0,440,75187,440,42254,33373,75627,676,666,1,1,1342,2,677,667,1344,disponible,disponible,PasajerosArribadosPartidosxAeropuerto2020-2026,MovimientosxAeropuerto2020-2026
Colombia,MVP,SKMU,Fabio Alberto Leon Bentley Airport,2023,4,2023-04,1929,1822,0,0,3751,0,1929,1822,3751,667,667,0,0,1334,0,667,667,1334,disponible,disponible,PasajerosArribadosPartidosxAeropuerto2020-2026,MovimientosxAeropuerto2020-2026
Colombia,MZL,SKMZ,La Nubia Airport,2023,4,2023-04,3861,1328,0,0,5189,0,3861,1328,5189,141,145,0,0,286,0,141,145,286,disponible,disponible,PasajerosArribadosPartidosxAeropuerto2020-2026,MovimientosxAeropuerto2020-2026
Colombia,NQU,SKNQ,Reyes Murillo Airport,2023,4,2023-04,690,694,0,0,1384,0,690,694,1384,159,158,0,0,317,0,159,158,317,disponible,disponible,PasajerosArribadosPartidosxAeropuerto2020-2026,MovimientosxAeropuerto2020-2026
Colombia,NVA,SKNV,Benito Salas Airport,2023,4,2023-04,12710,9866,0,5,22576,5,12710,9871,22581,330,332,0,0,662,0,330,332,662,disponible,disponible,PasajerosArribadosPartidosxAeropuerto2020-2026,MovimientosxAeropuerto2020-2026
Colombia,PCR,SKPC,German Olano Airport,2023,4,2023-04,2969,3156,0,0,6125,0,2969,3156,6125,99,98,0,0,197,0,99,98,197,disponible,disponible,PasajerosArribadosPartidosxAeropuerto2020-2026,MovimientosxAeropuerto2020-2026
Colombia,PDA,SKPD,Obando Cesar Gaviria Trujillo Airport,2023,4,2023-04,,,,,,,,,,141,142,0,0,283,0,141,142,283,sin_dato,disponible,PasajerosArribadosPartidosxAeropuerto2020-2026,MovimientosxAeropuerto2020-2026
Colombia,PEI,SKPE,Matecaña International Airport,2023,4,2023-04,57093,63016,6653,9496,120109,16149,63746,72512,136258,781,783,61,60,1564,121,842,843,1685,disponible,disponible,PasajerosArribadosPartidosxAeropuerto2020-2026,MovimientosxAeropuerto2020-2026
Colombia,PPN,SKPP,Guillermo León Valencia Airport,2023,4,2023-04,2811,5087,0,0,7898,0,2811,5087,7898,306,313,0,0,619,0,306,313,619,disponible,disponible,PasajerosArribadosPartidosxAeropuerto2020-2026,MovimientosxAeropuerto2020-2026
Colombia,PSO,SKPS,Antonio Nariño Airport,2023,4,2023-04,19605,29687,0,269,49292,269,19605,29956,49561,358,350,0,0,708,0,358,350,708,disponible,disponible,PasajerosArribadosPartidosxAeropuerto2020-2026,MovimientosxAeropuerto2020-2026
Colombia,PUU,SKAS,Tres De Mayo Airport,2023,4,2023-04,3364,4725,0,0,8089,0,3364,4725,8089,146,146,0,0,292,0,146,146,292,disponible,disponible,PasajerosArribadosPartidosxAeropuerto2020-2026,MovimientosxAeropuerto2020-2026
Colombia,PVA,SKPV,El Embrujo Airport,2023,4,2023-04,3390,342,0,0,3732,0,3390,342,3732,111,111,0,0,222,0,111,111,222,disponible,disponible,PasajerosArribadosPartidosxAeropuerto2020-2026,MovimientosxAeropuerto2020-2026
Colombia,RCH,SKRH,Almirante Padilla Airport,2023,4,2023-04,17284,17571,0,435,34855,435,17284,18006,35290,143,167,0,0,310,0,143,167,310,disponible,disponible,PasajerosArribadosPartidosxAeropuerto2020-2026,MovimientosxAeropuerto2020-2026
Colombia,RVE,SKSA,Los Colonizadores Airport,2023,4,2023-04,1435,1527,0,0,2962,0,1435,1527,2962,253,249,0,0,502,0,253,249,502,disponible,disponible,PasajerosArribadosPartidosxAeropuerto2020-2026,MovimientosxAeropuerto2020-2026
Colombia,SJE,SKSJ,Jorge E. Gonzalez Torres Airport,2023,4,2023-04,1179,1249,0,0,2428,0,1179,1249,2428,246,245,0,0,491,0,246,245,491,disponible,disponible,PasajerosArribadosPartidosxAeropuerto2020-2026,MovimientosxAeropuerto2020-2026
Colombia,SMR,SKSM,Simón Bolívar International Airport,2023,4,2023-04,92754,96698,1231,2596,189452,3827,93985,99294,193279,768,770,21,20,1538,41,789,790,1579,disponible,disponible,PasajerosArribadosPartidosxAeropuerto2020-2026,MovimientosxAeropuerto2020-2026
Colombia,SVI,SKSV,Eduardo Falla Solano Airport,2023,4,2023-04,329,315,0,0,644,0,329,315,644,42,42,0,0,84,0,42,42,84,disponible,disponible,PasajerosArribadosPartidosxAeropuerto2020-2026,MovimientosxAeropuerto2020-2026
Colombia,TCD,SKRA,Tarapacá Airport,2023,4,2023-04,,,,,,,,,,11,10,0,0,21,0,11,10,21,sin_dato,disponible,PasajerosArribadosPartidosxAeropuerto2020-2026,MovimientosxAeropuerto2020-2026
Colombia,TCO,SKCO,La Florida Airport,2023,4,2023-04,6326,4144,0,0,10470,0,6326,4144,10470,312,309,1,0,621,1,313,309,622,disponible,disponible,PasajerosArribadosPartidosxAeropuerto2020-2026,MovimientosxAeropuerto2020-2026
Colombia,TLU,SKTL,Golfo de Morrosquillo Airport,2023,4,2023-04,599,3511,0,0,4110,0,599,3511,4110,124,125,0,0,249,0,124,125,249,disponible,disponible,PasajerosArribadosPartidosxAeropuerto2020-2026,MovimientosxAeropuerto2020-2026
Colombia,TME,SKTM,Gustavo Vargas Airport,2023,4,2023-04,245,244,0,0,489,0,245,244,489,108,109,0,0,217,0,108,109,217,disponible,disponible,PasajerosArribadosPartidosxAeropuerto2020-2026,MovimientosxAeropuerto2020-2026
Colombia,UIB,SKUI,El Caraño Airport,2023,4,2023-04,13220,12127,0,0,25347,0,13220,12127,25347,760,760,0,0,1520,0,760,760,1520,disponible,disponible,PasajerosArribadosPartidosxAeropuerto2020-2026,MovimientosxAeropuerto2020-2026
Colombia,VUP,SKVP,Alfonso López Pumarejo Airport,2023,4,2023-04,16060,15352,0,369,31412,369,16060,15721,31781,292,285,4,6,577,10,296,291,587,disponible,disponible,PasajerosArribadosPartidosxAeropuerto2020-2026,MovimientosxAeropuerto2020-2026
Colombia,VVC,SKVV,Vanguardia Airport,2023,4,2023-04,6192,7332,0,0,13524,0,6192,7332,13524,1297,1302,0,0,2599,0,1297,1302,2599,disponible,disponible,PasajerosArribadosPartidosxAeropuerto2020-2026,MovimientosxAeropuerto2020-2026
Colombia,ADZ,SKSP,Gustavo Rojas Pinilla International Airport,2023,5,2023-05,65454,68007,1101,3353,133461,4454,66555,71360,137915,596,599,16,13,1195,29,612,612,1224,disponible,disponible,PasajerosArribadosPartidosxAeropuerto2020-2026,MovimientosxAeropuerto2020-2026
Colombia,APO,SKLC,Antonio Roldán Betancur Airport,2023,5,2023-05,8872,8820,0,0,17692,0,8872,8820,17692,799,808,0,0,1607,0,799,808,1607,disponible,disponible,PasajerosArribadosPartidosxAeropuerto2020-2026,MovimientosxAeropuerto2020-2026
Colombia,AUC,SKUC,Santiago Perez Airport,2023,5,2023-05,6467,6444,0,0,12911,0,6467,6444,12911,306,308,0,0,614,0,306,308,614,disponible,disponible,PasajerosArribadosPartidosxAeropuerto2020-2026,MovimientosxAeropuerto2020-2026
Colombia,AXM,SKAR,El Eden Airport,2023,5,2023-05,18375,19365,3188,3663,37740,6851,21563,23028,44591,298,294,27,28,592,55,325,322,647,disponible,disponible,PasajerosArribadosPartidosxAeropuerto2020-2026,MovimientosxAeropuerto2020-2026
Colombia,BAQ,SKBQ,Ernesto Cortissoz International Airport,2023,5,2023-05,60737,98343,16957,20743,159080,37700,77694,119086,196780,1754,1774,192,183,3528,375,1946,1957,3903,disponible,disponible,PasajerosArribadosPartidosxAeropuerto2020-2026,MovimientosxAeropuerto2020-2026
Colombia,BGA,SKBG,Palonegro Airport,2023,5,2023-05,52391,73818,2781,4560,126209,7341,55172,78378,133550,1120,1126,32,30,2246,62,1152,1156,2308,disponible,disponible,PasajerosArribadosPartidosxAeropuerto2020-2026,MovimientosxAeropuerto2020-2026
Colombia,BOG,SKBO,El Dorado International Airport,2023,5,2023-05,781463,652172,462471,524051,1433635,986522,1243934,1176223,2420157,9598,9660,4537,4469,19258,9006,14135,14129,28264,disponible,disponible,PasajerosArribadosPartidosxAeropuerto2020-2026,MovimientosxAeropuerto2020-2026
Colombia,BSC,SKBS,José Celestino Mutis Airport,2023,5,2023-05,2852,2802,0,0,5654,0,2852,2802,5654,304,304,0,0,608,0,304,304,608,disponible,disponible,PasajerosArribadosPartidosxAeropuerto2020-2026,MovimientosxAeropuerto2020-2026
Colombia,BUN,SKBU,Gerardo Tobar López Airport,2023,5,2023-05,368,353,0,0,721,0,368,353,721,58,55,0,0,113,0,58,55,113,disponible,disponible,PasajerosArribadosPartidosxAeropuerto2020-2026,MovimientosxAeropuerto2020-2026
Colombia,CLO,SKCL,Alfonso Bonilla Aragon International Airport,2023,5,2023-05,191594,177777,37596,53930,369371,91526,229190,231707,460897,2785,2788,323,317,5573,640,3108,3105,6213,disponible,disponible,PasajerosArribadosPartidosxAeropuerto2020-2026,MovimientosxAeropuerto2020-2026
Colombia,CTG,SKCG,Rafael Nuñez International Airport,2023,5,2023-05,137377,147056,39806,64720,284433,104526,177183,211776,388959,1681,1656,375,416,3337,791,2056,2072,4128,disponible,disponible,PasajerosArribadosPartidosxAeropuerto2020-2026,MovimientosxAeropuerto2020-2026
Colombia,CUC,SKCC,Camilo Daza International Airport,2023,5,2023-05,52175,53638,1935,5028,105813,6963,54110,58666,112776,668,675,23,20,1343,43,691,695,1386,disponible,disponible,PasajerosArribadosPartidosxAeropuerto2020-2026,MovimientosxAeropuerto2020-2026
Colombia,CZU,SKCZ,Las Brujas Airport,2023,5,2023-05,890,907,0,0,1797,0,890,907,1797,46,49,0,0,95,0,46,49,95,disponible,disponible,PasajerosArribadosPartidosxAeropuerto2020-2026,MovimientosxAeropuerto2020-2026
Colombia,EJA,SKEJ,Yariguíes Airport,2023,5,2023-05,4051,5413,0,6,9464,6,4051,5419,9470,227,228,0,0,455,0,227,228,455,disponible,disponible,PasajerosArribadosPartidosxAeropuerto2020-2026,MovimientosxAeropuerto2020-2026
Colombia,EOH,SKMD,Enrique Olaya Herrera Airport,2023,5,2023-05,45522,45959,0,0,91481,0,45522,45959,91481,3139,3119,10,10,6258,20,3149,3129,6278,disponible,disponible,PasajerosArribadosPartidosxAeropuerto2020-2026,MovimientosxAeropuerto2020-2026
Colombia,EYP,SKYP,El Alcaravan - Yopal Airport,2023,5,2023-05,11742,6969,0,0,18711,0,11742,6969,18711,720,720,0,0,1440,0,720,720,1440,disponible,disponible,PasajerosArribadosPartidosxAeropuerto2020-2026,MovimientosxAeropuerto2020-2026
Colombia,FLA,SKFL,Gustavo Artunduaga Paredes Airport,2023,5,2023-05,4336,4482,0,0,8818,0,4336,4482,8818,131,132,0,0,263,0,131,132,263,disponible,disponible,PasajerosArribadosPartidosxAeropuerto2020-2026,MovimientosxAeropuerto2020-2026
Colombia,GPI,SKGP,Guapi Airport,2023,5,2023-05,2569,2585,0,0,5154,0,2569,2585,5154,169,172,0,0,341,0,169,172,341,disponible,disponible,PasajerosArribadosPartidosxAeropuerto2020-2026,MovimientosxAeropuerto2020-2026
Colombia,IBE,SKIB,Perales Airport,2023,5,2023-05,3935,6861,0,0,10796,0,3935,6861,10796,221,223,0,0,444,0,221,223,444,disponible,disponible,PasajerosArribadosPartidosxAeropuerto2020-2026,MovimientosxAeropuerto2020-2026
Colombia,IPI,SKIP,San Luis Airport,2023,5,2023-05,2481,2664,0,0,5145,0,2481,2664,5145,60,61,0,0,121,0,60,61,121,disponible,disponible,PasajerosArribadosPartidosxAeropuerto2020-2026,MovimientosxAeropuerto2020-2026
Colombia,LCR,SKHZ,Virgilio Barco Vargas (La Chorrera) Airport,2023,5,2023-05,,,,,,,,,,13,9,0,0,22,0,13,9,22,sin_dato,disponible,PasajerosArribadosPartidosxAeropuerto2020-2026,MovimientosxAeropuerto2020-2026
Colombia,LET,SKLT,Alfredo Vásquez Cobo International Airport,2023,5,2023-05,12575,4631,0,68,17206,68,12575,4699,17274,187,202,2,1,389,3,189,203,392,disponible,disponible,PasajerosArribadosPartidosxAeropuerto2020-2026,MovimientosxAeropuerto2020-2026
Colombia,LMC,SKNA,La Macarena Airport,2023,5,2023-05,506,504,0,0,1010,0,506,504,1010,183,175,0,0,358,0,183,175,358,disponible,disponible,PasajerosArribadosPartidosxAeropuerto2020-2026,MovimientosxAeropuerto2020-2026
Colombia,LPD,SKLP,La Pedrera Airport,2023,5,2023-05,134,127,0,0,261,0,134,127,261,35,33,0,0,68,0,35,33,68,disponible,disponible,PasajerosArribadosPartidosxAeropuerto2020-2026,MovimientosxAeropuerto2020-2026
Colombia,LQM,SKLG,Caucaya Airport,2023,5,2023-05,628,598,0,0,1226,0,628,598,1226,34,33,0,0,67,0,34,33,67,disponible,disponible,PasajerosArribadosPartidosxAeropuerto2020-2026,MovimientosxAeropuerto2020-2026
Colombia,MDE,SKRG,Jose Maria Córdova International Airport,2023,5,2023-05,257619,310071,97075,121667,567690,218742,354694,431738,786432,2833,2776,891,937,5609,1828,3724,3713,7437,disponible,disponible,PasajerosArribadosPartidosxAeropuerto2020-2026,MovimientosxAeropuerto2020-2026
Colombia,MTR,SKMR,Los Garzones Airport,2023,5,2023-05,43728,45308,0,491,89036,491,43728,45799,89527,653,654,0,0,1307,0,653,654,1307,disponible,disponible,PasajerosArribadosPartidosxAeropuerto2020-2026,MovimientosxAeropuerto2020-2026
Colombia,MVP,SKMU,Fabio Alberto Leon Bentley Airport,2023,5,2023-05,2108,2169,0,0,4277,0,2108,2169,4277,572,574,0,0,1146,0,572,574,1146,disponible,disponible,PasajerosArribadosPartidosxAeropuerto2020-2026,MovimientosxAeropuerto2020-2026
Colombia,MZL,SKMZ,La Nubia Airport,2023,5,2023-05,4006,3937,0,0,7943,0,4006,3937,7943,142,142,0,0,284,0,142,142,284,disponible,disponible,PasajerosArribadosPartidosxAeropuerto2020-2026,MovimientosxAeropuerto2020-2026
Colombia,NQU,SKNQ,Reyes Murillo Airport,2023,5,2023-05,314,344,0,0,658,0,314,344,658,136,136,0,0,272,0,136,136,272,disponible,disponible,PasajerosArribadosPartidosxAeropuerto2020-2026,MovimientosxAeropuerto2020-2026
Colombia,NVA,SKNV,Benito Salas Airport,2023,5,2023-05,13255,11715,0,0,24970,0,13255,11715,24970,368,368,0,0,736,0,368,368,736,disponible,disponible,PasajerosArribadosPartidosxAeropuerto2020-2026,MovimientosxAeropuerto2020-2026
Colombia,PCR,SKPC,German Olano Airport,2023,5,2023-05,2087,2047,0,0,4134,0,2087,2047,4134,123,118,0,0,241,0,123,118,241,disponible,disponible,PasajerosArribadosPartidosxAeropuerto2020-2026,MovimientosxAeropuerto2020-2026
Colombia,PDA,SKPD,Obando Cesar Gaviria Trujillo Airport,2023,5,2023-05,,,,,,,,,,157,157,0,0,314,0,157,157,314,sin_dato,disponible,PasajerosArribadosPartidosxAeropuerto2020-2026,MovimientosxAeropuerto2020-2026
Colombia,PEI,SKPE,Matecaña International Airport,2023,5,2023-05,61806,64030,7289,10828,125836,18117,69095,74858,143953,843,846,70,69,1689,139,913,915,1828,disponible,disponible,PasajerosArribadosPartidosxAeropuerto2020-2026,MovimientosxAeropuerto2020-2026
Colombia,PPN,SKPP,Guillermo León Valencia Airport,2023,5,2023-05,5280,5922,0,0,11202,0,5280,5922,11202,346,352,0,0,698,0,346,352,698,disponible,disponible,PasajerosArribadosPartidosxAeropuerto2020-2026,MovimientosxAeropuerto2020-2026
Colombia,PSO,SKPS,Antonio Nariño Airport,2023,5,2023-05,26044,27864,0,317,53908,317,26044,28181,54225,307,302,0,0,609,0,307,302,609,disponible,disponible,PasajerosArribadosPartidosxAeropuerto2020-2026,MovimientosxAeropuerto2020-2026
Colombia,PUU,SKAS,Tres De Mayo Airport,2023,5,2023-05,3195,5313,0,0,8508,0,3195,5313,8508,158,158,0,0,316,0,158,158,316,disponible,disponible,PasajerosArribadosPartidosxAeropuerto2020-2026,MovimientosxAeropuerto2020-2026
Colombia,PVA,SKPV,El Embrujo Airport,2023,5,2023-05,3072,3072,0,0,6144,0,3072,3072,6144,118,117,0,0,235,0,118,117,235,disponible,disponible,PasajerosArribadosPartidosxAeropuerto2020-2026,MovimientosxAeropuerto2020-2026
Colombia,RCH,SKRH,Almirante Padilla Airport,2023,5,2023-05,18313,19009,0,393,37322,393,18313,19402,37715,187,189,0,0,376,0,187,189,376,disponible,disponible,PasajerosArribadosPartidosxAeropuerto2020-2026,MovimientosxAeropuerto2020-2026
Colombia,RVE,SKSA,Los Colonizadores Airport,2023,5,2023-05,1669,1627,0,0,3296,0,1669,1627,3296,263,267,0,0,530,0,263,267,530,disponible,disponible,PasajerosArribadosPartidosxAeropuerto2020-2026,MovimientosxAeropuerto2020-2026
Colombia,SJE,SKSJ,Jorge E. Gonzalez Torres Airport,2023,5,2023-05,1171,1127,0,0,2298,0,1171,1127,2298,409,414,0,0,823,0,409,414,823,disponible,disponible,PasajerosArribadosPartidosxAeropuerto2020-2026,MovimientosxAeropuerto2020-2026
Colombia,SMR,SKSM,Simón Bolívar International Airport,2023,5,2023-05,96772,100394,1181,2518,197166,3699,97953,102912,200865,804,807,16,18,1611,34,820,825,1645,disponible,disponible,PasajerosArribadosPartidosxAeropuerto2020-2026,MovimientosxAeropuerto2020-2026
Colombia,SVI,SKSV,Eduardo Falla Solano Airport,2023,5,2023-05,242,269,0,0,511,0,242,269,511,35,32,0,0,67,0,35,32,67,disponible,disponible,PasajerosArribadosPartidosxAeropuerto2020-2026,MovimientosxAeropuerto2020-2026
Colombia,TCD,SKRA,Tarapacá Airport,2023,5,2023-05,,,,,,,,,,14,10,0,0,24,0,14,10,24,sin_dato,disponible,PasajerosArribadosPartidosxAeropuerto2020-2026,MovimientosxAeropuerto2020-2026
Colombia,TCO,SKCO,La Florida Airport,2023,5,2023-05,6309,3927,0,0,10236,0,6309,3927,10236,294,293,0,0,587,0,294,293,587,disponible,disponible,PasajerosArribadosPartidosxAeropuerto2020-2026,MovimientosxAeropuerto2020-2026
Colombia,TLU,SKTL,Golfo de Morrosquillo Airport,2023,5,2023-05,2217,2313,0,0,4530,0,2217,2313,4530,79,83,0,0,162,0,79,83,162,disponible,disponible,PasajerosArribadosPartidosxAeropuerto2020-2026,MovimientosxAeropuerto2020-2026
Colombia,TME,SKTM,Gustavo Vargas Airport,2023,5,2023-05,319,333,0,0,652,0,319,333,652,158,158,0,0,316,0,158,158,316,disponible,disponible,PasajerosArribadosPartidosxAeropuerto2020-2026,MovimientosxAeropuerto2020-2026
Colombia,UIB,SKUI,El Caraño Airport,2023,5,2023-05,9301,12780,0,0,22081,0,9301,12780,22081,783,775,0,0,1558,0,783,775,1558,disponible,disponible,PasajerosArribadosPartidosxAeropuerto2020-2026,MovimientosxAeropuerto2020-2026
Colombia,VUP,SKVP,Alfonso López Pumarejo Airport,2023,5,2023-05,5494,17347,0,444,22841,444,5494,17791,23285,281,287,1,2,568,3,282,289,571,disponible,disponible,PasajerosArribadosPartidosxAeropuerto2020-2026,MovimientosxAeropuerto2020-2026
Colombia,VVC,SKVV,Vanguardia Airport,2023,5,2023-05,6496,7381,0,0,13877,0,6496,7381,13877,1495,1488,0,0,2983,0,1495,1488,2983,disponible,disponible,PasajerosArribadosPartidosxAeropuerto2020-2026,MovimientosxAeropuerto2020-2026
Colombia,ADZ,SKSP,Gustavo Rojas Pinilla International Airport,2023,6,2023-06,74776,62913,963,2559,137689,3522,75739,65472,141211,634,630,13,14,1264,27,647,644,1291,disponible,disponible,PasajerosArribadosPartidosxAeropuerto2020-2026,MovimientosxAeropuerto2020-2026
Colombia,APO,SKLC,Antonio Roldán Betancur Airport,2023,6,2023-06,8854,6588,0,0,15442,0,8854,6588,15442,843,843,0,0,1686,0,843,843,1686,disponible,disponible,PasajerosArribadosPartidosxAeropuerto2020-2026,MovimientosxAeropuerto2020-2026
Colombia,AUC,SKUC,Santiago Perez Airport,2023,6,2023-06,6426,5626,0,0,12052,0,6426,5626,12052,344,340,0,0,684,0,344,340,684,disponible,disponible,PasajerosArribadosPartidosxAeropuerto2020-2026,MovimientosxAeropuerto2020-2026
Colombia,AXM,SKAR,El Eden Airport,2023,6,2023-06,14380,20561,3514,3620,34941,7134,17894,24181,42075,280,282,26,26,562,52,306,308,614,disponible,disponible,PasajerosArribadosPartidosxAeropuerto2020-2026,MovimientosxAeropuerto2020-2026
Colombia,BAQ,SKBQ,Ernesto Cortissoz International Airport,2023,6,2023-06,106651,106785,18315,24259,213436,42574,124966,131044,256010,1699,1694,224,220,3393,444,1923,1914,3837,disponible,disponible,PasajerosArribadosPartidosxAeropuerto2020-2026,MovimientosxAeropuerto2020-2026
Colombia,BGA,SKBG,Palonegro Airport,2023,6,2023-06,80956,76262,3791,7352,157218,11143,84747,83614,168361,1200,1200,51,48,2400,99,1251,1248,2499,disponible,disponible,PasajerosArribadosPartidosxAeropuerto2020-2026,MovimientosxAeropuerto2020-2026
Colombia,BOG,SKBO,El Dorado International Airport,2023,6,2023-06,814830,770335,473804,487626,1585165,961430,1288634,1257961,2546595,9392,9478,4358,4288,18870,8646,13750,13766,27516,disponible,disponible,PasajerosArribadosPartidosxAeropuerto2020-2026,MovimientosxAeropuerto2020-2026
Colombia,BSC,SKBS,José Celestino Mutis Airport,2023,6,2023-06,3352,3121,0,0,6473,0,3352,3121,6473,301,295,0,0,596,0,301,295,596,disponible,disponible,PasajerosArribadosPartidosxAeropuerto2020-2026,MovimientosxAeropuerto2020-2026
Colombia,BUN,SKBU,Gerardo Tobar López Airport,2023,6,2023-06,350,366,0,0,716,0,350,366,716,35,34,0,0,69,0,35,34,69,disponible,disponible,PasajerosArribadosPartidosxAeropuerto2020-2026,MovimientosxAeropuerto2020-2026
Colombia,CLO,SKCL,Alfonso Bonilla Aragon International Airport,2023,6,2023-06,195355,203642,38947,59737,398997,98684,234302,263379,497681,2661,2650,348,352,5311,700,3009,3002,6011,disponible,disponible,PasajerosArribadosPartidosxAeropuerto2020-2026,MovimientosxAeropuerto2020-2026
Colombia,CTG,SKCG,Rafael Nuñez International Airport,2023,6,2023-06,140535,179515,43892,54008,320050,97900,184427,233523,417950,1647,1639,399,436,3286,835,2046,2075,4121,disponible,disponible,PasajerosArribadosPartidosxAeropuerto2020-2026,MovimientosxAeropuerto2020-2026
Colombia,CUC,SKCC,Camilo Daza International Airport,2023,6,2023-06,52696,47921,1683,4931,100617,6614,54379,52852,107231,671,679,17,18,1350,35,688,697,1385,disponible,disponible,PasajerosArribadosPartidosxAeropuerto2020-2026,MovimientosxAeropuerto2020-2026
Colombia,CZU,SKCZ,Las Brujas Airport,2023,6,2023-06,1024,957,0,0,1981,0,1024,957,1981,57,57,0,0,114,0,57,57,114,disponible,disponible,PasajerosArribadosPartidosxAeropuerto2020-2026,MovimientosxAeropuerto2020-2026
Colombia,EJA,SKEJ,Yariguíes Airport,2023,6,2023-06,5404,4225,0,3,9629,3,5404,4228,9632,227,225,0,0,452,0,227,225,452,disponible,disponible,PasajerosArribadosPartidosxAeropuerto2020-2026,MovimientosxAeropuerto2020-2026
Colombia,EOH,SKMD,Enrique Olaya Herrera Airport,2023,6,2023-06,51776,54731,0,0,106507,0,51776,54731,106507,2949,2949,6,7,5898,13,2955,2956,5911,disponible,disponible,PasajerosArribadosPartidosxAeropuerto2020-2026,MovimientosxAeropuerto2020-2026
Colombia,EYP,SKYP,El Alcaravan - Yopal Airport,2023,6,2023-06,7119,13123,0,0,20242,0,7119,13123,20242,790,788,0,0,1578,0,790,788,1578,disponible,disponible,PasajerosArribadosPartidosxAeropuerto2020-2026,MovimientosxAeropuerto2020-2026
Colombia,FLA,SKFL,Gustavo Artunduaga Paredes Airport,2023,6,2023-06,3017,4146,0,0,7163,0,3017,4146,7163,129,127,0,0,256,0,129,127,256,disponible,disponible,PasajerosArribadosPartidosxAeropuerto2020-2026,MovimientosxAeropuerto2020-2026
Colombia,GPI,SKGP,Guapi Airport,2023,6,2023-06,2657,2984,0,0,5641,0,2657,2984,5641,140,138,0,0,278,0,140,138,278,disponible,disponible,PasajerosArribadosPartidosxAeropuerto2020-2026,MovimientosxAeropuerto2020-2026
Colombia,IBE,SKIB,Perales Airport,2023,6,2023-06,5171,6934,0,0,12105,0,5171,6934,12105,253,250,1,1,503,2,254,251,505,disponible,disponible,PasajerosArribadosPartidosxAeropuerto2020-2026,MovimientosxAeropuerto2020-2026
Colombia,IPI,SKIP,San Luis Airport,2023,6,2023-06,2761,2582,0,0,5343,0,2761,2582,5343,55,55,0,0,110,0,55,55,110,disponible,disponible,PasajerosArribadosPartidosxAeropuerto2020-2026,MovimientosxAeropuerto2020-2026
Colombia,LCR,SKHZ,Virgilio Barco Vargas (La Chorrera) Airport,2023,6,2023-06,,,,,,,,,,15,14,0,0,29,0,15,14,29,sin_dato,disponible,PasajerosArribadosPartidosxAeropuerto2020-2026,MovimientosxAeropuerto2020-2026
Colombia,LET,SKLT,Alfredo Vásquez Cobo International Airport,2023,6,2023-06,7816,12204,42,83,20020,125,7858,12287,20145,194,200,1,4,394,5,195,204,399,disponible,disponible,PasajerosArribadosPartidosxAeropuerto2020-2026,MovimientosxAeropuerto2020-2026
Colombia,LMC,SKNA,La Macarena Airport,2023,6,2023-06,1156,1034,0,0,2190,0,1156,1034,2190,187,183,0,0,370,0,187,183,370,disponible,disponible,PasajerosArribadosPartidosxAeropuerto2020-2026,MovimientosxAeropuerto2020-2026
Colombia,LPD,SKLP,La Pedrera Airport,2023,6,2023-06,102,134,0,0,236,0,102,134,236,34,32,0,0,66,0,34,32,66,disponible,disponible,PasajerosArribadosPartidosxAeropuerto2020-2026,MovimientosxAeropuerto2020-2026
Colombia,LQM,SKLG,Caucaya Airport,2023,6,2023-06,700,755,0,0,1455,0,700,755,1455,34,30,1,0,64,1,35,30,65,disponible,disponible,PasajerosArribadosPartidosxAeropuerto2020-2026,MovimientosxAeropuerto2020-2026
Colombia,MDE,SKRG,Jose Maria Córdova International Airport,2023,6,2023-06,295915,301946,103251,124673,597861,227924,399166,426619,825785,2724,2681,889,925,5405,1814,3613,3606,7219,disponible,disponible,PasajerosArribadosPartidosxAeropuerto2020-2026,MovimientosxAeropuerto2020-2026
Colombia,MTR,SKMR,Los Garzones Airport,2023,6,2023-06,46092,45178,0,592,91270,592,46092,45770,91862,595,596,0,0,1191,0,595,596,1191,disponible,disponible,PasajerosArribadosPartidosxAeropuerto2020-2026,MovimientosxAeropuerto2020-2026
Colombia,MVP,SKMU,Fabio Alberto Leon Bentley Airport,2023,6,2023-06,2040,2211,1,0,4251,1,2041,2211,4252,550,552,0,0,1102,0,550,552,1102,disponible,disponible,PasajerosArribadosPartidosxAeropuerto2020-2026,MovimientosxAeropuerto2020-2026
Colombia,MZL,SKMZ,La Nubia Airport,2023,6,2023-06,3959,3862,0,0,7821,0,3959,3862,7821,139,140,0,0,279,0,139,140,279,disponible,disponible,PasajerosArribadosPartidosxAeropuerto2020-2026,MovimientosxAeropuerto2020-2026
Colombia,NQU,SKNQ,Reyes Murillo Airport,2023,6,2023-06,1354,1267,0,0,2621,0,1354,1267,2621,172,171,0,0,343,0,172,171,343,disponible,disponible,PasajerosArribadosPartidosxAeropuerto2020-2026,MovimientosxAeropuerto2020-2026
Colombia,NVA,SKNV,Benito Salas Airport,2023,6,2023-06,13717,14840,0,0,28557,0,13717,14840,28557,392,390,0,0,782,0,392,390,782,disponible,disponible,PasajerosArribadosPartidosxAeropuerto2020-2026,MovimientosxAeropuerto2020-2026
Colombia,PCR,SKPC,German Olano Airport,2023,6,2023-06,2614,2696,0,0,5310,0,2614,2696,5310,121,116,0,0,237,0,121,116,237,disponible,disponible,PasajerosArribadosPartidosxAeropuerto2020-2026,MovimientosxAeropuerto2020-2026
Colombia,PDA,SKPD,Obando Cesar Gaviria Trujillo Airport,2023,6,2023-06,,,,,,,,,,140,141,0,0,281,0,140,141,281,sin_dato,disponible,PasajerosArribadosPartidosxAeropuerto2020-2026,MovimientosxAeropuerto2020-2026
Colombia,PEI,SKPE,Matecaña International Airport,2023,6,2023-06,61670,59058,8315,10690,120728,19005,69985,69748,139733,806,809,97,97,1615,194,903,906,1809,disponible,disponible,PasajerosArribadosPartidosxAeropuerto2020-2026,MovimientosxAeropuerto2020-2026
Colombia,PPN,SKPP,Guillermo León Valencia Airport,2023,6,2023-06,5345,3875,0,0,9220,0,5345,3875,9220,273,277,0,0,550,0,273,277,550,disponible,disponible,PasajerosArribadosPartidosxAeropuerto2020-2026,MovimientosxAeropuerto2020-2026
Colombia,PSO,SKPS,Antonio Nariño Airport,2023,6,2023-06,27908,27175,0,339,55083,339,27908,27514,55422,283,283,0,0,566,0,283,283,566,disponible,disponible,PasajerosArribadosPartidosxAeropuerto2020-2026,MovimientosxAeropuerto2020-2026
Colombia,PUU,SKAS,Tres De Mayo Airport,2023,6,2023-06,5341,5441,0,0,10782,0,5341,5441,10782,148,150,0,0,298,0,148,150,298,disponible,disponible,PasajerosArribadosPartidosxAeropuerto2020-2026,MovimientosxAeropuerto2020-2026
Colombia,PVA,SKPV,El Embrujo Airport,2023,6,2023-06,3548,3265,0,0,6813,0,3548,3265,6813,126,127,0,0,253,0,126,127,253,disponible,disponible,PasajerosArribadosPartidosxAeropuerto2020-2026,MovimientosxAeropuerto2020-2026
Colombia,RCH,SKRH,Almirante Padilla Airport,2023,6,2023-06,18787,20830,0,373,39617,373,18787,21203,39990,269,311,0,0,580,0,269,311,580,disponible,disponible,PasajerosArribadosPartidosxAeropuerto2020-2026,MovimientosxAeropuerto2020-2026
Colombia,RVE,SKSA,Los Colonizadores Airport,2023,6,2023-06,1836,1929,0,0,3765,0,1836,1929,3765,293,296,0,0,589,0,293,296,589,disponible,disponible,PasajerosArribadosPartidosxAeropuerto2020-2026,MovimientosxAeropuerto2020-2026
Colombia,SJE,SKSJ,Jorge E. Gonzalez Torres Airport,2023,6,2023-06,1169,1136,4,0,2305,4,1173,1136,2309,322,317,0,0,639,0,322,317,639,disponible,disponible,PasajerosArribadosPartidosxAeropuerto2020-2026,MovimientosxAeropuerto2020-2026
Colombia,SMR,SKSM,Simón Bolívar International Airport,2023,6,2023-06,100672,97183,1674,2794,197855,4468,102346,99977,202323,820,815,29,28,1635,57,849,843,1692,disponible,disponible,PasajerosArribadosPartidosxAeropuerto2020-2026,MovimientosxAeropuerto2020-2026
Colombia,SVI,SKSV,Eduardo Falla Solano Airport,2023,6,2023-06,265,281,0,0,546,0,265,281,546,24,26,0,0,50,0,24,26,50,disponible,disponible,PasajerosArribadosPartidosxAeropuerto2020-2026,MovimientosxAeropuerto2020-2026
Colombia,TCD,SKRA,Tarapacá Airport,2023,6,2023-06,,,,,,,,,,12,6,0,0,18,0,12,6,18,sin_dato,disponible,PasajerosArribadosPartidosxAeropuerto2020-2026,MovimientosxAeropuerto2020-2026
Colombia,TCO,SKCO,La Florida Airport,2023,6,2023-06,6959,6671,0,0,13630,0,6959,6671,13630,257,258,0,0,515,0,257,258,515,disponible,disponible,PasajerosArribadosPartidosxAeropuerto2020-2026,MovimientosxAeropuerto2020-2026
Colombia,TLU,SKTL,Golfo de Morrosquillo Airport,2023,6,2023-06,3095,2942,0,0,6037,0,3095,2942,6037,109,104,0,0,213,0,109,104,213,disponible,disponible,PasajerosArribadosPartidosxAeropuerto2020-2026,MovimientosxAeropuerto2020-2026
Colombia,TME,SKTM,Gustavo Vargas Airport,2023,6,2023-06,361,380,0,0,741,0,361,380,741,134,135,0,0,269,0,134,135,269,disponible,disponible,PasajerosArribadosPartidosxAeropuerto2020-2026,MovimientosxAeropuerto2020-2026
Colombia,UIB,SKUI,El Caraño Airport,2023,6,2023-06,16116,16398,0,0,32514,0,16116,16398,32514,795,792,0,0,1587,0,795,792,1587,disponible,disponible,PasajerosArribadosPartidosxAeropuerto2020-2026,MovimientosxAeropuerto2020-2026
Colombia,VUP,SKVP,Alfonso López Pumarejo Airport,2023,6,2023-06,18703,18111,0,451,36814,451,18703,18562,37265,260,261,0,0,521,0,260,261,521,disponible,disponible,PasajerosArribadosPartidosxAeropuerto2020-2026,MovimientosxAeropuerto2020-2026
Colombia,VVC,SKVV,Vanguardia Airport,2023,6,2023-06,7468,8047,0,0,15515,0,7468,8047,15515,1439,1439,0,0,2878,0,1439,1439,2878,disponible,disponible,PasajerosArribadosPartidosxAeropuerto2020-2026,MovimientosxAeropuerto2020-2026
Colombia,ADZ,SKSP,Gustavo Rojas Pinilla International Airport,2023,7,2023-07,63592,84815,1000,2474,148407,3474,64592,87289,151881,731,734,13,13,1465,26,744,747,1491,disponible,disponible,PasajerosArribadosPartidosxAeropuerto2020-2026,MovimientosxAeropuerto2020-2026
Colombia,APO,SKLC,Antonio Roldán Betancur Airport,2023,7,2023-07,8530,8543,0,0,17073,0,8530,8543,17073,788,791,2,0,1579,2,790,791,1581,disponible,disponible,PasajerosArribadosPartidosxAeropuerto2020-2026,MovimientosxAeropuerto2020-2026
Colombia,AUC,SKUC,Santiago Perez Airport,2023,7,2023-07,7077,4330,0,0,11407,0,7077,4330,11407,309,292,0,0,601,0,309,292,601,disponible,disponible,PasajerosArribadosPartidosxAeropuerto2020-2026,MovimientosxAeropuerto2020-2026
Colombia,AXM,SKAR,El Eden Airport,2023,7,2023-07,21081,25463,2624,3666,46544,6290,23705,29129,52834,271,272,26,26,543,52,297,298,595,disponible,disponible,PasajerosArribadosPartidosxAeropuerto2020-2026,MovimientosxAeropuerto2020-2026
Colombia,BAQ,SKBQ,Ernesto Cortissoz International Airport,2023,7,2023-07,105671,104112,22280,26304,209783,48584,127951,130416,258367,1668,1681,230,223,3349,453,1898,1904,3802,disponible,disponible,PasajerosArribadosPartidosxAeropuerto2020-2026,MovimientosxAeropuerto2020-2026
Colombia,BGA,SKBG,Palonegro Airport,2023,7,2023-07,74160,79354,4394,6580,153514,10974,78554,85934,164488,1167,1163,41,39,2330,80,1208,1202,2410,disponible,disponible,PasajerosArribadosPartidosxAeropuerto2020-2026,MovimientosxAeropuerto2020-2026
Colombia,BOG,SKBO,El Dorado International Airport,2023,7,2023-07,836359,786444,607864,578480,1622803,1186344,1444223,1364924,2809147,9701,9770,4614,4550,19471,9164,14315,14320,28635,disponible,disponible,PasajerosArribadosPartidosxAeropuerto2020-2026,MovimientosxAeropuerto2020-2026
Colombia,BSC,SKBS,José Celestino Mutis Airport,2023,7,2023-07,5944,5476,0,0,11420,0,5944,5476,11420,406,409,0,0,815,0,406,409,815,disponible,disponible,PasajerosArribadosPartidosxAeropuerto2020-2026,MovimientosxAeropuerto2020-2026
Colombia,BUN,SKBU,Gerardo Tobar López Airport,2023,7,2023-07,565,488,0,0,1053,0,565,488,1053,80,81,0,0,161,0,80,81,161,disponible,disponible,PasajerosArribadosPartidosxAeropuerto2020-2026,MovimientosxAeropuerto2020-2026
Colombia,CLO,SKCL,Alfonso Bonilla Aragon International Airport,2023,7,2023-07,213124,183663,50433,66739,396787,117172,263557,250402,513959,2690,2692,381,373,5382,754,3071,3065,6136,disponible,disponible,PasajerosArribadosPartidosxAeropuerto2020-2026,MovimientosxAeropuerto2020-2026
Colombia,CTG,SKCG,Rafael Nuñez International Airport,2023,7,2023-07,155359,179417,56929,69313,334776,126242,212288,248730,461018,1742,1714,424,469,3456,893,2166,2183,4349,disponible,disponible,PasajerosArribadosPartidosxAeropuerto2020-2026,MovimientosxAeropuerto2020-2026
Colombia,CUC,SKCC,Camilo Daza International Airport,2023,7,2023-07,54062,35031,2270,5100,89093,7370,56332,40131,96463,675,666,20,20,1341,40,695,686,1381,disponible,disponible,PasajerosArribadosPartidosxAeropuerto2020-2026,MovimientosxAeropuerto2020-2026
Colombia,CZU,SKCZ,Las Brujas Airport,2023,7,2023-07,1010,1064,0,0,2074,0,1010,1064,2074,55,64,0,0,119,0,55,64,119,disponible,disponible,PasajerosArribadosPartidosxAeropuerto2020-2026,MovimientosxAeropuerto2020-2026
Colombia,EJA,SKEJ,Yariguíes Airport,2023,7,2023-07,2591,4991,0,3,7582,3,2591,4994,7585,193,194,0,0,387,0,193,194,387,disponible,disponible,PasajerosArribadosPartidosxAeropuerto2020-2026,MovimientosxAeropuerto2020-2026
Colombia,EOH,SKMD,Enrique Olaya Herrera Airport,2023,7,2023-07,60601,59249,0,0,119850,0,60601,59249,119850,3293,3282,12,11,6575,23,3305,3293,6598,disponible,disponible,PasajerosArribadosPartidosxAeropuerto2020-2026,MovimientosxAeropuerto2020-2026
Colombia,EYP,SKYP,El Alcaravan - Yopal Airport,2023,7,2023-07,13024,13670,0,0,26694,0,13024,13670,26694,755,761,0,0,1516,0,755,761,1516,disponible,disponible,PasajerosArribadosPartidosxAeropuerto2020-2026,MovimientosxAeropuerto2020-2026
Colombia,FLA,SKFL,Gustavo Artunduaga Paredes Airport,2023,7,2023-07,4282,4528,0,0,8810,0,4282,4528,8810,122,118,0,0,240,0,122,118,240,disponible,disponible,PasajerosArribadosPartidosxAeropuerto2020-2026,MovimientosxAeropuerto2020-2026
Colombia,GPI,SKGP,Guapi Airport,2023,7,2023-07,3406,3288,0,0,6694,0,3406,3288,6694,142,138,0,0,280,0,142,138,280,disponible,disponible,PasajerosArribadosPartidosxAeropuerto2020-2026,MovimientosxAeropuerto2020-2026
Colombia,IBE,SKIB,Perales Airport,2023,7,2023-07,4716,6892,0,0,11608,0,4716,6892,11608,235,236,0,0,471,0,235,236,471,disponible,disponible,PasajerosArribadosPartidosxAeropuerto2020-2026,MovimientosxAeropuerto2020-2026
Colombia,IPI,SKIP,San Luis Airport,2023,7,2023-07,2918,3374,0,0,6292,0,2918,3374,6292,52,52,0,0,104,0,52,52,104,disponible,disponible,PasajerosArribadosPartidosxAeropuerto2020-2026,MovimientosxAeropuerto2020-2026
Colombia,LCR,SKHZ,Virgilio Barco Vargas (La Chorrera) Airport,2023,7,2023-07,,,,,,,,,,31,27,0,0,58,0,31,27,58,sin_dato,disponible,PasajerosArribadosPartidosxAeropuerto2020-2026,MovimientosxAeropuerto2020-2026
Colombia,LET,SKLT,Alfredo Vásquez Cobo International Airport,2023,7,2023-07,4922,12383,0,85,17305,85,4922,12468,17390,224,241,1,0,465,1,225,241,466,disponible,disponible,PasajerosArribadosPartidosxAeropuerto2020-2026,MovimientosxAeropuerto2020-2026
Colombia,LMC,SKNA,La Macarena Airport,2023,7,2023-07,2440,2503,0,0,4943,0,2440,2503,4943,271,256,0,0,527,0,271,256,527,disponible,disponible,PasajerosArribadosPartidosxAeropuerto2020-2026,MovimientosxAeropuerto2020-2026
Colombia,LPD,SKLP,La Pedrera Airport,2023,7,2023-07,142,179,0,0,321,0,142,179,321,46,33,0,0,79,0,46,33,79,disponible,disponible,PasajerosArribadosPartidosxAeropuerto2020-2026,MovimientosxAeropuerto2020-2026
Colombia,LQM,SKLG,Caucaya Airport,2023,7,2023-07,737,751,0,0,1488,0,737,751,1488,34,31,0,0,65,0,34,31,65,disponible,disponible,PasajerosArribadosPartidosxAeropuerto2020-2026,MovimientosxAeropuerto2020-2026
Colombia,MDE,SKRG,Jose Maria Córdova International Airport,2023,7,2023-07,301011,311877,125410,142169,612888,267579,426421,454046,880467,2916,2862,1015,1054,5778,2069,3931,3916,7847,disponible,disponible,PasajerosArribadosPartidosxAeropuerto2020-2026,MovimientosxAeropuerto2020-2026
Colombia,MTR,SKMR,Los Garzones Airport,2023,7,2023-07,48634,45130,0,650,93764,650,48634,45780,94414,635,626,0,0,1261,0,635,626,1261,disponible,disponible,PasajerosArribadosPartidosxAeropuerto2020-2026,MovimientosxAeropuerto2020-2026
Colombia,MVP,SKMU,Fabio Alberto Leon Bentley Airport,2023,7,2023-07,3148,2212,0,0,5360,0,3148,2212,5360,753,748,0,0,1501,0,753,748,1501,disponible,disponible,PasajerosArribadosPartidosxAeropuerto2020-2026,MovimientosxAeropuerto2020-2026
Colombia,MZL,SKMZ,La Nubia Airport,2023,7,2023-07,1307,4265,0,0,5572,0,1307,4265,5572,144,144,0,0,288,0,144,144,288,disponible,disponible,PasajerosArribadosPartidosxAeropuerto2020-2026,MovimientosxAeropuerto2020-2026
Colombia,NQU,SKNQ,Reyes Murillo Airport,2023,7,2023-07,2878,2731,0,0,5609,0,2878,2731,5609,275,276,0,0,551,0,275,276,551,disponible,disponible,PasajerosArribadosPartidosxAeropuerto2020-2026,MovimientosxAeropuerto2020-2026
Colombia,NVA,SKNV,Benito Salas Airport,2023,7,2023-07,13646,17134,0,0,30780,0,13646,17134,30780,423,427,0,0,850,0,423,427,850,disponible,disponible,PasajerosArribadosPartidosxAeropuerto2020-2026,MovimientosxAeropuerto2020-2026
Colombia,PCR,SKPC,German Olano Airport,2023,7,2023-07,2579,2676,0,0,5255,0,2579,2676,5255,99,99,0,0,198,0,99,99,198,disponible,disponible,PasajerosArribadosPartidosxAeropuerto2020-2026,MovimientosxAeropuerto2020-2026
Colombia,PDA,SKPD,Obando Cesar Gaviria Trujillo Airport,2023,7,2023-07,,,,,,,,,,147,148,0,0,295,0,147,148,295,sin_dato,disponible,PasajerosArribadosPartidosxAeropuerto2020-2026,MovimientosxAeropuerto2020-2026
Colombia,PEI,SKPE,Matecaña International Airport,2023,7,2023-07,53851,73095,11706,12871,126946,24577,65557,85966,151523,823,817,98,102,1640,200,921,919,1840,disponible,disponible,PasajerosArribadosPartidosxAeropuerto2020-2026,MovimientosxAeropuerto2020-2026
Colombia,PPN,SKPP,Guillermo León Valencia Airport,2023,7,2023-07,5130,5978,0,0,11108,0,5130,5978,11108,275,270,0,0,545,0,275,270,545,disponible,disponible,PasajerosArribadosPartidosxAeropuerto2020-2026,MovimientosxAeropuerto2020-2026
Colombia,PSO,SKPS,Antonio Nariño Airport,2023,7,2023-07,32272,35129,0,572,67401,572,32272,35701,67973,321,324,0,0,645,0,321,324,645,disponible,disponible,PasajerosArribadosPartidosxAeropuerto2020-2026,MovimientosxAeropuerto2020-2026
Colombia,PUU,SKAS,Tres De Mayo Airport,2023,7,2023-07,5168,5354,0,0,10522,0,5168,5354,10522,149,151,0,0,300,0,149,151,300,disponible,disponible,PasajerosArribadosPartidosxAeropuerto2020-2026,MovimientosxAeropuerto2020-2026
Colombia,PVA,SKPV,El Embrujo Airport,2023,7,2023-07,3579,3893,0,0,7472,0,3579,3893,7472,99,99,0,0,198,0,99,99,198,disponible,disponible,PasajerosArribadosPartidosxAeropuerto2020-2026,MovimientosxAeropuerto2020-2026
Colombia,RCH,SKRH,Almirante Padilla Airport,2023,7,2023-07,22283,19616,0,355,41899,355,22283,19971,42254,201,212,0,0,413,0,201,212,413,disponible,disponible,PasajerosArribadosPartidosxAeropuerto2020-2026,MovimientosxAeropuerto2020-2026
Colombia,RVE,SKSA,Los Colonizadores Airport,2023,7,2023-07,2038,1967,0,0,4005,0,2038,1967,4005,277,287,0,0,564,0,277,287,564,disponible,disponible,PasajerosArribadosPartidosxAeropuerto2020-2026,MovimientosxAeropuerto2020-2026
Colombia,SJE,SKSJ,Jorge E. Gonzalez Torres Airport,2023,7,2023-07,1731,1734,0,0,3465,0,1731,1734,3465,376,373,0,0,749,0,376,373,749,disponible,disponible,PasajerosArribadosPartidosxAeropuerto2020-2026,MovimientosxAeropuerto2020-2026
Colombia,SMR,SKSM,Simón Bolívar International Airport,2023,7,2023-07,107978,108881,2641,4267,216859,6908,110619,113148,223767,808,821,32,31,1629,63,840,852,1692,disponible,disponible,PasajerosArribadosPartidosxAeropuerto2020-2026,MovimientosxAeropuerto2020-2026
Colombia,SVI,SKSV,Eduardo Falla Solano Airport,2023,7,2023-07,303,324,0,0,627,0,303,324,627,34,34,0,0,68,0,34,34,68,disponible,disponible,PasajerosArribadosPartidosxAeropuerto2020-2026,MovimientosxAeropuerto2020-2026
Colombia,TCD,SKRA,Tarapacá Airport,2023,7,2023-07,,,,,,,,,,19,12,0,0,31,0,19,12,31,sin_dato,disponible,PasajerosArribadosPartidosxAeropuerto2020-2026,MovimientosxAeropuerto2020-2026
Colombia,TCO,SKCO,La Florida Airport,2023,7,2023-07,6872,5537,0,0,12409,0,6872,5537,12409,324,322,0,1,646,1,324,323,647,disponible,disponible,PasajerosArribadosPartidosxAeropuerto2020-2026,MovimientosxAeropuerto2020-2026
Colombia,TLU,SKTL,Golfo de Morrosquillo Airport,2023,7,2023-07,3465,3629,0,0,7094,0,3465,3629,7094,113,121,0,0,234,0,113,121,234,disponible,disponible,PasajerosArribadosPartidosxAeropuerto2020-2026,MovimientosxAeropuerto2020-2026
Colombia,TME,SKTM,Gustavo Vargas Airport,2023,7,2023-07,377,377,0,0,754,0,377,377,754,161,163,0,0,324,0,161,163,324,disponible,disponible,PasajerosArribadosPartidosxAeropuerto2020-2026,MovimientosxAeropuerto2020-2026
Colombia,UIB,SKUI,El Caraño Airport,2023,7,2023-07,15238,14212,0,0,29450,0,15238,14212,29450,855,850,0,0,1705,0,855,850,1705,disponible,disponible,PasajerosArribadosPartidosxAeropuerto2020-2026,MovimientosxAeropuerto2020-2026
Colombia,VUP,SKVP,Alfonso López Pumarejo Airport,2023,7,2023-07,17779,18757,0,370,36536,370,17779,19127,36906,260,276,0,0,536,0,260,276,536,disponible,disponible,PasajerosArribadosPartidosxAeropuerto2020-2026,MovimientosxAeropuerto2020-2026
Colombia,VVC,SKVV,Vanguardia Airport,2023,7,2023-07,13406,17443,0,0,30849,0,13406,17443,30849,1585,1586,0,0,3171,0,1585,1586,3171,disponible,disponible,PasajerosArribadosPartidosxAeropuerto2020-2026,MovimientosxAeropuerto2020-2026
Colombia,ADZ,SKSP,Gustavo Rojas Pinilla International Airport,2023,8,2023-08,81042,56568,1014,2652,137610,3666,82056,59220,141276,674,676,20,22,1350,42,694,698,1392,disponible,disponible,PasajerosArribadosPartidosxAeropuerto2020-2026,MovimientosxAeropuerto2020-2026
Colombia,APO,SKLC,Antonio Roldán Betancur Airport,2023,8,2023-08,6589,8668,0,0,15257,0,6589,8668,15257,820,823,0,0,1643,0,820,823,1643,disponible,disponible,PasajerosArribadosPartidosxAeropuerto2020-2026,MovimientosxAeropuerto2020-2026
Colombia,AUC,SKUC,Santiago Perez Airport,2023,8,2023-08,6909,7172,0,0,14081,0,6909,7172,14081,319,314,0,0,633,0,319,314,633,disponible,disponible,PasajerosArribadosPartidosxAeropuerto2020-2026,MovimientosxAeropuerto2020-2026
Colombia,AXM,SKAR,El Eden Airport,2023,8,2023-08,24164,25599,3413,4541,49763,7954,27577,30140,57717,303,304,30,29,607,59,333,333,666,disponible,disponible,PasajerosArribadosPartidosxAeropuerto2020-2026,MovimientosxAeropuerto2020-2026
Colombia,BAQ,SKBQ,Ernesto Cortissoz International Airport,2023,8,2023-08,89779,115873,16319,26260,205652,42579,106098,142133,248231,1671,1694,240,229,3365,469,1911,1923,3834,disponible,disponible,PasajerosArribadosPartidosxAeropuerto2020-2026,MovimientosxAeropuerto2020-2026
Colombia,BGA,SKBG,Palonegro Airport,2023,8,2023-08,58631,80077,3928,7518,138708,11446,62559,87595,150154,1149,1145,41,41,2294,82,1190,1186,2376,disponible,disponible,PasajerosArribadosPartidosxAeropuerto2020-2026,MovimientosxAeropuerto2020-2026
Colombia,BOG,SKBO,El Dorado International Airport,2023,8,2023-08,864446,774937,567581,610319,1639383,1177900,1432027,1385256,2817283,9888,9971,4669,4594,19859,9263,14557,14565,29122,disponible,disponible,PasajerosArribadosPartidosxAeropuerto2020-2026,MovimientosxAeropuerto2020-2026
Colombia,BSC,SKBS,José Celestino Mutis Airport,2023,8,2023-08,7743,7813,0,0,15556,0,7743,7813,15556,475,472,0,0,947,0,475,472,947,disponible,disponible,PasajerosArribadosPartidosxAeropuerto2020-2026,MovimientosxAeropuerto2020-2026
Colombia,BUN,SKBU,Gerardo Tobar López Airport,2023,8,2023-08,656,633,0,0,1289,0,656,633,1289,37,38,0,0,75,0,37,38,75,disponible,disponible,PasajerosArribadosPartidosxAeropuerto2020-2026,MovimientosxAeropuerto2020-2026
Colombia,CLO,SKCL,Alfonso Bonilla Aragon International Airport,2023,8,2023-08,179755,216134,41725,65370,395889,107095,221480,281504,502984,2860,2884,368,363,5744,731,3228,3247,6475,disponible,disponible,PasajerosArribadosPartidosxAeropuerto2020-2026,MovimientosxAeropuerto2020-2026
Colombia,CTG,SKCG,Rafael Nuñez International Airport,2023,8,2023-08,195756,194042,48496,78503,389798,126999,244252,272545,516797,1760,1740,413,464,3500,877,2173,2204,4377,disponible,disponible,PasajerosArribadosPartidosxAeropuerto2020-2026,MovimientosxAeropuerto2020-2026
Colombia,CUC,SKCC,Camilo Daza International Airport,2023,8,2023-08,43526,47100,1988,5559,90626,7547,45514,52659,98173,692,694,19,18,1386,37,711,712,1423,disponible,disponible,PasajerosArribadosPartidosxAeropuerto2020-2026,MovimientosxAeropuerto2020-2026
Colombia,CZU,SKCZ,Las Brujas Airport,2023,8,2023-08,1089,1080,0,0,2169,0,1089,1080,2169,56,62,0,0,118,0,56,62,118,disponible,disponible,PasajerosArribadosPartidosxAeropuerto2020-2026,MovimientosxAeropuerto2020-2026
Colombia,EJA,SKEJ,Yariguíes Airport,2023,8,2023-08,5730,5957,0,5,11687,5,5730,5962,11692,236,240,0,0,476,0,236,240,476,disponible,disponible,PasajerosArribadosPartidosxAeropuerto2020-2026,MovimientosxAeropuerto2020-2026
Colombia,EOH,SKMD,Enrique Olaya Herrera Airport,2023,8,2023-08,61903,58569,0,0,120472,0,61903,58569,120472,3446,3453,5,6,6899,11,3451,3459,6910,disponible,disponible,PasajerosArribadosPartidosxAeropuerto2020-2026,MovimientosxAeropuerto2020-2026
Colombia,EYP,SKYP,El Alcaravan - Yopal Airport,2023,8,2023-08,11591,15162,0,0,26753,0,11591,15162,26753,776,756,0,0,1532,0,776,756,1532,disponible,disponible,PasajerosArribadosPartidosxAeropuerto2020-2026,MovimientosxAeropuerto2020-2026
Colombia,FLA,SKFL,Gustavo Artunduaga Paredes Airport,2023,8,2023-08,4015,4412,0,0,8427,0,4015,4412,8427,130,113,0,0,243,0,130,113,243,disponible,disponible,PasajerosArribadosPartidosxAeropuerto2020-2026,MovimientosxAeropuerto2020-2026
Colombia,GPI,SKGP,Guapi Airport,2023,8,2023-08,1265,2920,0,0,4185,0,1265,2920,4185,127,128,0,0,255,0,127,128,255,disponible,disponible,PasajerosArribadosPartidosxAeropuerto2020-2026,MovimientosxAeropuerto2020-2026
Colombia,IBE,SKIB,Perales Airport,2023,8,2023-08,1288,7107,0,0,8395,0,1288,7107,8395,232,230,0,0,462,0,232,230,462,disponible,disponible,PasajerosArribadosPartidosxAeropuerto2020-2026,MovimientosxAeropuerto2020-2026
Colombia,IPI,SKIP,San Luis Airport,2023,8,2023-08,2549,1148,0,0,3697,0,2549,1148,3697,61,61,0,0,122,0,61,61,122,disponible,disponible,PasajerosArribadosPartidosxAeropuerto2020-2026,MovimientosxAeropuerto2020-2026
Colombia,LCR,SKHZ,Virgilio Barco Vargas (La Chorrera) Airport,2023,8,2023-08,,,,,,,,,,26,27,0,0,53,0,26,27,53,sin_dato,disponible,PasajerosArribadosPartidosxAeropuerto2020-2026,MovimientosxAeropuerto2020-2026
Colombia,LET,SKLT,Alfredo Vásquez Cobo International Airport,2023,8,2023-08,7108,14123,0,97,21231,97,7108,14220,21328,241,248,2,4,489,6,243,252,495,disponible,disponible,PasajerosArribadosPartidosxAeropuerto2020-2026,MovimientosxAeropuerto2020-2026
Colombia,LMC,SKNA,La Macarena Airport,2023,8,2023-08,2555,2557,0,0,5112,0,2555,2557,5112,293,294,0,0,587,0,293,294,587,disponible,disponible,PasajerosArribadosPartidosxAeropuerto2020-2026,MovimientosxAeropuerto2020-2026
Colombia,LPD,SKLP,La Pedrera Airport,2023,8,2023-08,205,182,0,0,387,0,205,182,387,41,38,0,0,79,0,41,38,79,disponible,disponible,PasajerosArribadosPartidosxAeropuerto2020-2026,MovimientosxAeropuerto2020-2026
Colombia,LQM,SKLG,Caucaya Airport,2023,8,2023-08,567,672,0,0,1239,0,567,672,1239,28,23,0,0,51,0,28,23,51,disponible,disponible,PasajerosArribadosPartidosxAeropuerto2020-2026,MovimientosxAeropuerto2020-2026
Colombia,MDE,SKRG,Jose Maria Córdova International Airport,2023,8,2023-08,327023,306036,127635,155013,633059,282648,454658,461049,915707,2854,2811,1046,1090,5665,2136,3900,3901,7801,disponible,disponible,PasajerosArribadosPartidosxAeropuerto2020-2026,MovimientosxAeropuerto2020-2026
Colombia,MTR,SKMR,Los Garzones Airport,2023,8,2023-08,48781,32996,0,459,81777,459,48781,33455,82236,629,626,0,0,1255,0,629,626,1255,disponible,disponible,PasajerosArribadosPartidosxAeropuerto2020-2026,MovimientosxAeropuerto2020-2026
Colombia,MVP,SKMU,Fabio Alberto Leon Bentley Airport,2023,8,2023-08,2120,2174,0,0,4294,0,2120,2174,4294,621,623,0,0,1244,0,621,623,1244,disponible,disponible,PasajerosArribadosPartidosxAeropuerto2020-2026,MovimientosxAeropuerto2020-2026
Colombia,MZL,SKMZ,La Nubia Airport,2023,8,2023-08,4405,4429,0,0,8834,0,4405,4429,8834,141,139,0,0,280,0,141,139,280,disponible,disponible,PasajerosArribadosPartidosxAeropuerto2020-2026,MovimientosxAeropuerto2020-2026
Colombia,NQU,SKNQ,Reyes Murillo Airport,2023,8,2023-08,3985,3250,0,0,7235,0,3985,3250,7235,322,317,0,0,639,0,322,317,639,disponible,disponible,PasajerosArribadosPartidosxAeropuerto2020-2026,MovimientosxAeropuerto2020-2026
Colombia,NVA,SKNV,Benito Salas Airport,2023,8,2023-08,13839,17081,0,0,30920,0,13839,17081,30920,370,374,0,0,744,0,370,374,744,disponible,disponible,PasajerosArribadosPartidosxAeropuerto2020-2026,MovimientosxAeropuerto2020-2026
Colombia,PCR,SKPC,German Olano Airport,2023,8,2023-08,2702,2881,0,0,5583,0,2702,2881,5583,105,105,0,0,210,0,105,105,210,disponible,disponible,PasajerosArribadosPartidosxAeropuerto2020-2026,MovimientosxAeropuerto2020-2026
Colombia,PDA,SKPD,Obando Cesar Gaviria Trujillo Airport,2023,8,2023-08,,,,,,,,,,172,171,0,0,343,0,172,171,343,sin_dato,disponible,PasajerosArribadosPartidosxAeropuerto2020-2026,MovimientosxAeropuerto2020-2026
Colombia,PEI,SKPE,Matecaña International Airport,2023,8,2023-08,55362,85361,10596,16079,140723,26675,65958,101440,167398,888,885,100,102,1773,202,988,987,1975,disponible,disponible,PasajerosArribadosPartidosxAeropuerto2020-2026,MovimientosxAeropuerto2020-2026
Colombia,PPN,SKPP,Guillermo León Valencia Airport,2023,8,2023-08,5719,2987,0,0,8706,0,5719,2987,8706,419,418,0,0,837,0,419,418,837,disponible,disponible,PasajerosArribadosPartidosxAeropuerto2020-2026,MovimientosxAeropuerto2020-2026
Colombia,PSO,SKPS,Antonio Nariño Airport,2023,8,2023-08,33776,32395,0,492,66171,492,33776,32887,66663,328,322,0,0,650,0,328,322,650,disponible,disponible,PasajerosArribadosPartidosxAeropuerto2020-2026,MovimientosxAeropuerto2020-2026
Colombia,PUU,SKAS,Tres De Mayo Airport,2023,8,2023-08,5133,5309,0,0,10442,0,5133,5309,10442,143,150,0,0,293,0,143,150,293,disponible,disponible,PasajerosArribadosPartidosxAeropuerto2020-2026,MovimientosxAeropuerto2020-2026
Colombia,PVA,SKPV,El Embrujo Airport,2023,8,2023-08,379,3902,0,0,4281,0,379,3902,4281,105,105,0,0,210,0,105,105,210,disponible,disponible,PasajerosArribadosPartidosxAeropuerto2020-2026,MovimientosxAeropuerto2020-2026
Colombia,RCH,SKRH,Almirante Padilla Airport,2023,8,2023-08,20159,18543,0,396,38702,396,20159,18939,39098,196,200,0,0,396,0,196,200,396,disponible,disponible,PasajerosArribadosPartidosxAeropuerto2020-2026,MovimientosxAeropuerto2020-2026
Colombia,RVE,SKSA,Los Colonizadores Airport,2023,8,2023-08,1989,2127,0,0,4116,0,1989,2127,4116,239,268,0,0,507,0,239,268,507,disponible,disponible,PasajerosArribadosPartidosxAeropuerto2020-2026,MovimientosxAeropuerto2020-2026
Colombia,SJE,SKSJ,Jorge E. Gonzalez Torres Airport,2023,8,2023-08,2155,2238,0,0,4393,0,2155,2238,4393,372,373,0,0,745,0,372,373,745,disponible,disponible,PasajerosArribadosPartidosxAeropuerto2020-2026,MovimientosxAeropuerto2020-2026
Colombia,SMR,SKSM,Simón Bolívar International Airport,2023,8,2023-08,94870,104341,1922,2806,199211,4728,96792,107147,203939,860,881,29,27,1741,56,889,908,1797,disponible,disponible,PasajerosArribadosPartidosxAeropuerto2020-2026,MovimientosxAeropuerto2020-2026
Colombia,SVI,SKSV,Eduardo Falla Solano Airport,2023,8,2023-08,284,334,0,0,618,0,284,334,618,22,23,0,1,45,1,22,24,46,disponible,disponible,PasajerosArribadosPartidosxAeropuerto2020-2026,MovimientosxAeropuerto2020-2026
Colombia,TCD,SKRA,Tarapacá Airport,2023,8,2023-08,,,,,,,,,,17,13,0,0,30,0,17,13,30,sin_dato,disponible,PasajerosArribadosPartidosxAeropuerto2020-2026,MovimientosxAeropuerto2020-2026
Colombia,TCO,SKCO,La Florida Airport,2023,8,2023-08,6644,7340,0,0,13984,0,6644,7340,13984,263,267,0,0,530,0,263,267,530,disponible,disponible,PasajerosArribadosPartidosxAeropuerto2020-2026,MovimientosxAeropuerto2020-2026
Colombia,TLU,SKTL,Golfo de Morrosquillo Airport,2023,8,2023-08,1455,3117,0,0,4572,0,1455,3117,4572,96,96,0,0,192,0,96,96,192,disponible,disponible,PasajerosArribadosPartidosxAeropuerto2020-2026,MovimientosxAeropuerto2020-2026
Colombia,TME,SKTM,Gustavo Vargas Airport,2023,8,2023-08,331,398,0,0,729,0,331,398,729,183,186,0,0,369,0,183,186,369,disponible,disponible,PasajerosArribadosPartidosxAeropuerto2020-2026,MovimientosxAeropuerto2020-2026
Colombia,UIB,SKUI,El Caraño Airport,2023,8,2023-08,14473,14109,0,0,28582,0,14473,14109,28582,823,810,0,0,1633,0,823,810,1633,disponible,disponible,PasajerosArribadosPartidosxAeropuerto2020-2026,MovimientosxAeropuerto2020-2026
Colombia,VUP,SKVP,Alfonso López Pumarejo Airport,2023,8,2023-08,18232,18745,0,461,36977,461,18232,19206,37438,274,275,0,0,549,0,274,275,549,disponible,disponible,PasajerosArribadosPartidosxAeropuerto2020-2026,MovimientosxAeropuerto2020-2026
Colombia,VVC,SKVV,Vanguardia Airport,2023,8,2023-08,13206,18224,0,1,31430,1,13206,18225,31431,1694,1675,0,0,3369,0,1694,1675,3369,disponible,disponible,PasajerosArribadosPartidosxAeropuerto2020-2026,MovimientosxAeropuerto2020-2026
Colombia,ADZ,SKSP,Gustavo Rojas Pinilla International Airport,2023,9,2023-09,67500,65268,816,1891,132768,2707,68316,67159,135475,618,619,12,11,1237,23,630,630,1260,disponible,disponible,PasajerosArribadosPartidosxAeropuerto2020-2026,MovimientosxAeropuerto2020-2026
Colombia,APO,SKLC,Antonio Roldán Betancur Airport,2023,9,2023-09,9134,9344,0,0,18478,0,9134,9344,18478,781,792,0,0,1573,0,781,792,1573,disponible,disponible,PasajerosArribadosPartidosxAeropuerto2020-2026,MovimientosxAeropuerto2020-2026
Colombia,AUC,SKUC,Santiago Perez Airport,2023,9,2023-09,5546,5557,0,0,11103,0,5546,5557,11103,295,292,0,0,587,0,295,292,587,disponible,disponible,PasajerosArribadosPartidosxAeropuerto2020-2026,MovimientosxAeropuerto2020-2026
Colombia,AXM,SKAR,El Eden Airport,2023,9,2023-09,20198,22543,3038,3629,42741,6667,23236,26172,49408,313,312,24,24,625,48,337,336,673,disponible,disponible,PasajerosArribadosPartidosxAeropuerto2020-2026,MovimientosxAeropuerto2020-2026
Colombia,BAQ,SKBQ,Ernesto Cortissoz International Airport,2023,9,2023-09,103291,105759,15734,21102,209050,36836,119025,126861,245886,1643,1633,195,202,3276,397,1838,1835,3673,disponible,disponible,PasajerosArribadosPartidosxAeropuerto2020-2026,MovimientosxAeropuerto2020-2026
Colombia,BGA,SKBG,Palonegro Airport,2023,9,2023-09,75473,76981,2954,5647,152454,8601,78427,82628,161055,1163,1157,32,32,2320,64,1195,1189,2384,disponible,disponible,PasajerosArribadosPartidosxAeropuerto2020-2026,MovimientosxAeropuerto2020-2026
Colombia,BOG,SKBO,El Dorado International Airport,2023,9,2023-09,837046,661730,513725,546415,1498776,1060140,1350771,1208145,2558916,9558,9639,4391,4299,19197,8690,13949,13938,27887,disponible,disponible,PasajerosArribadosPartidosxAeropuerto2020-2026,MovimientosxAeropuerto2020-2026
Colombia,BSC,SKBS,José Celestino Mutis Airport,2023,9,2023-09,5583,5494,0,0,11077,0,5583,5494,11077,362,360,0,0,722,0,362,360,722,disponible,disponible,PasajerosArribadosPartidosxAeropuerto2020-2026,MovimientosxAeropuerto2020-2026
Colombia,BUN,SKBU,Gerardo Tobar López Airport,2023,9,2023-09,736,672,0,0,1408,0,736,672,1408,53,56,0,0,109,0,53,56,109,disponible,disponible,PasajerosArribadosPartidosxAeropuerto2020-2026,MovimientosxAeropuerto2020-2026
Colombia,CLO,SKCL,Alfonso Bonilla Aragon International Airport,2023,9,2023-09,186132,200303,31635,48601,386435,80236,217767,248904,466671,2810,2819,270,264,5629,534,3080,3083,6163,disponible,disponible,PasajerosArribadosPartidosxAeropuerto2020-2026,MovimientosxAeropuerto2020-2026
Colombia,CTG,SKCG,Rafael Nuñez International Airport,2023,9,2023-09,133647,153031,39175,66786,286678,105961,172822,219817,392639,1655,1634,350,396,3289,746,2005,2030,4035,disponible,disponible,PasajerosArribadosPartidosxAeropuerto2020-2026,MovimientosxAeropuerto2020-2026
Colombia,CUC,SKCC,Camilo Daza International Airport,2023,9,2023-09,45896,49205,2367,5010,95101,7377,48263,54215,102478,628,632,19,19,1260,38,647,651,1298,disponible,disponible,PasajerosArribadosPartidosxAeropuerto2020-2026,MovimientosxAeropuerto2020-2026
Colombia,CZU,SKCZ,Las Brujas Airport,2023,9,2023-09,1266,1217,0,0,2483,0,1266,1217,2483,60,66,0,0,126,0,60,66,126,disponible,disponible,PasajerosArribadosPartidosxAeropuerto2020-2026,MovimientosxAeropuerto2020-2026
Colombia,EJA,SKEJ,Yariguíes Airport,2023,9,2023-09,5878,5895,0,3,11773,3,5878,5898,11776,220,222,0,0,442,0,220,222,442,disponible,disponible,PasajerosArribadosPartidosxAeropuerto2020-2026,MovimientosxAeropuerto2020-2026
Colombia,EOH,SKMD,Enrique Olaya Herrera Airport,2023,9,2023-09,56951,56810,0,0,113761,0,56951,56810,113761,3137,3143,11,9,6280,20,3148,3152,6300,disponible,disponible,PasajerosArribadosPartidosxAeropuerto2020-2026,MovimientosxAeropuerto2020-2026
Colombia,EYP,SKYP,El Alcaravan - Yopal Airport,2023,9,2023-09,13012,15018,0,0,28030,0,13012,15018,28030,686,683,0,0,1369,0,686,683,1369,disponible,disponible,PasajerosArribadosPartidosxAeropuerto2020-2026,MovimientosxAeropuerto2020-2026
Colombia,FLA,SKFL,Gustavo Artunduaga Paredes Airport,2023,9,2023-09,4489,3340,0,0,7829,0,4489,3340,7829,148,147,0,0,295,0,148,147,295,disponible,disponible,PasajerosArribadosPartidosxAeropuerto2020-2026,MovimientosxAeropuerto2020-2026
Colombia,GPI,SKGP,Guapi Airport,2023,9,2023-09,2618,2691,0,0,5309,0,2618,2691,5309,126,133,0,0,259,0,126,133,259,disponible,disponible,PasajerosArribadosPartidosxAeropuerto2020-2026,MovimientosxAeropuerto2020-2026
Colombia,IBE,SKIB,Perales Airport,2023,9,2023-09,5039,7771,0,0,12810,0,5039,7771,12810,204,205,0,0,409,0,204,205,409,disponible,disponible,PasajerosArribadosPartidosxAeropuerto2020-2026,MovimientosxAeropuerto2020-2026
Colombia,IPI,SKIP,San Luis Airport,2023,9,2023-09,2273,2593,0,0,4866,0,2273,2593,4866,48,48,0,0,96,0,48,48,96,disponible,disponible,PasajerosArribadosPartidosxAeropuerto2020-2026,MovimientosxAeropuerto2020-2026
Colombia,LCR,SKHZ,Virgilio Barco Vargas (La Chorrera) Airport,2023,9,2023-09,,,,,,,,,,23,23,0,0,46,0,23,23,46,sin_dato,disponible,PasajerosArribadosPartidosxAeropuerto2020-2026,MovimientosxAeropuerto2020-2026
Colombia,LET,SKLT,Alfredo Vásquez Cobo International Airport,2023,9,2023-09,8166,11686,0,57,19852,57,8166,11743,19909,198,218,1,3,416,4,199,221,420,disponible,disponible,PasajerosArribadosPartidosxAeropuerto2020-2026,MovimientosxAeropuerto2020-2026
Colombia,LMC,SKNA,La Macarena Airport,2023,9,2023-09,2084,2140,0,0,4224,0,2084,2140,4224,246,241,0,0,487,0,246,241,487,disponible,disponible,PasajerosArribadosPartidosxAeropuerto2020-2026,MovimientosxAeropuerto2020-2026
Colombia,LPD,SKLP,La Pedrera Airport,2023,9,2023-09,208,246,0,0,454,0,208,246,454,58,51,0,0,109,0,58,51,109,disponible,disponible,PasajerosArribadosPartidosxAeropuerto2020-2026,MovimientosxAeropuerto2020-2026
Colombia,LQM,SKLG,Caucaya Airport,2023,9,2023-09,767,709,0,0,1476,0,767,709,1476,26,24,0,0,50,0,26,24,50,disponible,disponible,PasajerosArribadosPartidosxAeropuerto2020-2026,MovimientosxAeropuerto2020-2026
Colombia,MDE,SKRG,Jose Maria Córdova International Airport,2023,9,2023-09,198805,308438,119632,140846,507243,260478,318437,449284,767721,2795,2752,934,972,5547,1906,3729,3724,7453,disponible,disponible,PasajerosArribadosPartidosxAeropuerto2020-2026,MovimientosxAeropuerto2020-2026
Colombia,MTR,SKMR,Los Garzones Airport,2023,9,2023-09,45375,45466,0,481,90841,481,45375,45947,91322,635,630,0,0,1265,0,635,630,1265,disponible,disponible,PasajerosArribadosPartidosxAeropuerto2020-2026,MovimientosxAeropuerto2020-2026
Colombia,MVP,SKMU,Fabio Alberto Leon Bentley Airport,2023,9,2023-09,2521,2337,0,0,4858,0,2521,2337,4858,841,850,0,0,1691,0,841,850,1691,disponible,disponible,PasajerosArribadosPartidosxAeropuerto2020-2026,MovimientosxAeropuerto2020-2026
Colombia,MZL,SKMZ,La Nubia Airport,2023,9,2023-09,4579,1520,0,0,6099,0,4579,1520,6099,151,153,0,0,304,0,151,153,304,disponible,disponible,PasajerosArribadosPartidosxAeropuerto2020-2026,MovimientosxAeropuerto2020-2026
Colombia,NQU,SKNQ,Reyes Murillo Airport,2023,9,2023-09,3744,3837,0,0,7581,0,3744,3837,7581,221,216,0,0,437,0,221,216,437,disponible,disponible,PasajerosArribadosPartidosxAeropuerto2020-2026,MovimientosxAeropuerto2020-2026
Colombia,NVA,SKNV,Benito Salas Airport,2023,9,2023-09,13174,12071,0,0,25245,0,13174,12071,25245,378,387,0,0,765,0,378,387,765,disponible,disponible,PasajerosArribadosPartidosxAeropuerto2020-2026,MovimientosxAeropuerto2020-2026
Colombia,PCR,SKPC,German Olano Airport,2023,9,2023-09,2696,2716,0,0,5412,0,2696,2716,5412,127,124,0,0,251,0,127,124,251,disponible,disponible,PasajerosArribadosPartidosxAeropuerto2020-2026,MovimientosxAeropuerto2020-2026
Colombia,PDA,SKPD,Obando Cesar Gaviria Trujillo Airport,2023,9,2023-09,,,,,,,,,,162,164,0,0,326,0,162,164,326,sin_dato,disponible,PasajerosArribadosPartidosxAeropuerto2020-2026,MovimientosxAeropuerto2020-2026
Colombia,PEI,SKPE,Matecaña International Airport,2023,9,2023-09,67602,63204,5685,10973,130806,16658,73287,74177,147464,890,884,55,54,1774,109,945,938,1883,disponible,disponible,PasajerosArribadosPartidosxAeropuerto2020-2026,MovimientosxAeropuerto2020-2026
Colombia,PPN,SKPP,Guillermo León Valencia Airport,2023,9,2023-09,5305,6477,0,0,11782,0,5305,6477,11782,442,432,0,0,874,0,442,432,874,disponible,disponible,PasajerosArribadosPartidosxAeropuerto2020-2026,MovimientosxAeropuerto2020-2026
Colombia,PSO,SKPS,Antonio Nariño Airport,2023,9,2023-09,26023,23650,0,453,49673,453,26023,24103,50126,307,302,0,0,609,0,307,302,609,disponible,disponible,PasajerosArribadosPartidosxAeropuerto2020-2026,MovimientosxAeropuerto2020-2026
Colombia,PUU,SKAS,Tres De Mayo Airport,2023,9,2023-09,5177,3253,0,0,8430,0,5177,3253,8430,137,141,0,0,278,0,137,141,278,disponible,disponible,PasajerosArribadosPartidosxAeropuerto2020-2026,MovimientosxAeropuerto2020-2026
Colombia,PVA,SKPV,El Embrujo Airport,2023,9,2023-09,2943,3038,0,0,5981,0,2943,3038,5981,101,101,0,0,202,0,101,101,202,disponible,disponible,PasajerosArribadosPartidosxAeropuerto2020-2026,MovimientosxAeropuerto2020-2026
Colombia,RCH,SKRH,Almirante Padilla Airport,2023,9,2023-09,16791,17364,0,253,34155,253,16791,17617,34408,165,164,0,0,329,0,165,164,329,disponible,disponible,PasajerosArribadosPartidosxAeropuerto2020-2026,MovimientosxAeropuerto2020-2026
Colombia,RVE,SKSA,Los Colonizadores Airport,2023,9,2023-09,2097,1945,0,0,4042,0,2097,1945,4042,226,254,0,0,480,0,226,254,480,disponible,disponible,PasajerosArribadosPartidosxAeropuerto2020-2026,MovimientosxAeropuerto2020-2026
Colombia,SJE,SKSJ,Jorge E. Gonzalez Torres Airport,2023,9,2023-09,1973,2030,0,0,4003,0,1973,2030,4003,429,436,0,0,865,0,429,436,865,disponible,disponible,PasajerosArribadosPartidosxAeropuerto2020-2026,MovimientosxAeropuerto2020-2026
Colombia,SMR,SKSM,Simón Bolívar International Airport,2023,9,2023-09,70346,96221,1226,2507,166567,3733,71572,98728,170300,759,764,16,15,1523,31,775,779,1554,disponible,disponible,PasajerosArribadosPartidosxAeropuerto2020-2026,MovimientosxAeropuerto2020-2026
Colombia,SVI,SKSV,Eduardo Falla Solano Airport,2023,9,2023-09,352,287,0,0,639,0,352,287,639,31,28,0,0,59,0,31,28,59,disponible,disponible,PasajerosArribadosPartidosxAeropuerto2020-2026,MovimientosxAeropuerto2020-2026
Colombia,TCD,SKRA,Tarapacá Airport,2023,9,2023-09,,,,,,,,,,21,15,0,0,36,0,21,15,36,sin_dato,disponible,PasajerosArribadosPartidosxAeropuerto2020-2026,MovimientosxAeropuerto2020-2026
Colombia,TCO,SKCO,La Florida Airport,2023,9,2023-09,6406,5425,0,0,11831,0,6406,5425,11831,230,234,0,0,464,0,230,234,464,disponible,disponible,PasajerosArribadosPartidosxAeropuerto2020-2026,MovimientosxAeropuerto2020-2026
Colombia,TLU,SKTL,Golfo de Morrosquillo Airport,2023,9,2023-09,2570,2560,0,0,5130,0,2570,2560,5130,93,90,0,0,183,0,93,90,183,disponible,disponible,PasajerosArribadosPartidosxAeropuerto2020-2026,MovimientosxAeropuerto2020-2026
Colombia,TME,SKTM,Gustavo Vargas Airport,2023,9,2023-09,391,438,0,0,829,0,391,438,829,216,213,0,0,429,0,216,213,429,disponible,disponible,PasajerosArribadosPartidosxAeropuerto2020-2026,MovimientosxAeropuerto2020-2026
Colombia,UIB,SKUI,El Caraño Airport,2023,9,2023-09,14639,13168,0,0,27807,0,14639,13168,27807,720,712,0,0,1432,0,720,712,1432,disponible,disponible,PasajerosArribadosPartidosxAeropuerto2020-2026,MovimientosxAeropuerto2020-2026
Colombia,VUP,SKVP,Alfonso López Pumarejo Airport,2023,9,2023-09,17201,17327,0,355,34528,355,17201,17682,34883,273,275,0,0,548,0,273,275,548,disponible,disponible,PasajerosArribadosPartidosxAeropuerto2020-2026,MovimientosxAeropuerto2020-2026
Colombia,VVC,SKVV,Vanguardia Airport,2023,9,2023-09,15602,19163,0,0,34765,0,15602,19163,34765,1684,1677,0,0,3361,0,1684,1677,3361,disponible,disponible,PasajerosArribadosPartidosxAeropuerto2020-2026,MovimientosxAeropuerto2020-2026
Colombia,ADZ,SKSP,Gustavo Rojas Pinilla International Airport,2023,10,2023-10,55201,75189,924,1916,130390,2840,56125,77105,133230,647,648,12,10,1295,22,659,658,1317,disponible,disponible,PasajerosArribadosPartidosxAeropuerto2020-2026,MovimientosxAeropuerto2020-2026
Colombia,APO,SKLC,Antonio Roldán Betancur Airport,2023,10,2023-10,6912,9001,0,0,15913,0,6912,9001,15913,837,846,2,1,1683,3,839,847,1686,disponible,disponible,PasajerosArribadosPartidosxAeropuerto2020-2026,MovimientosxAeropuerto2020-2026
Colombia,AUC,SKUC,Santiago Perez Airport,2023,10,2023-10,4253,5557,0,0,9810,0,4253,5557,9810,325,330,0,0,655,0,325,330,655,disponible,disponible,PasajerosArribadosPartidosxAeropuerto2020-2026,MovimientosxAeropuerto2020-2026
Colombia,AXM,SKAR,El Eden Airport,2023,10,2023-10,21656,10568,3584,2568,32224,6152,25240,13136,38376,315,311,29,28,626,57,344,339,683,disponible,disponible,PasajerosArribadosPartidosxAeropuerto2020-2026,MovimientosxAeropuerto2020-2026
Colombia,BAQ,SKBQ,Ernesto Cortissoz International Airport,2023,10,2023-10,109109,113749,13328,22013,222858,35341,122437,135762,258199,1784,1791,197,191,3575,388,1981,1982,3963,disponible,disponible,PasajerosArribadosPartidosxAeropuerto2020-2026,MovimientosxAeropuerto2020-2026
Colombia,BGA,SKBG,Palonegro Airport,2023,10,2023-10,71153,81393,3259,5955,152546,9214,74412,87348,161760,1210,1214,30,30,2424,60,1240,1244,2484,disponible,disponible,PasajerosArribadosPartidosxAeropuerto2020-2026,MovimientosxAeropuerto2020-2026
Colombia,BOG,SKBO,El Dorado International Airport,2023,10,2023-10,806475,781811,538824,572520,1588286,1111344,1345299,1354331,2699630,9976,10025,4561,4504,20001,9065,14537,14529,29066,disponible,disponible,PasajerosArribadosPartidosxAeropuerto2020-2026,MovimientosxAeropuerto2020-2026
Colombia,BSC,SKBS,José Celestino Mutis Airport,2023,10,2023-10,3178,3272,0,0,6450,0,3178,3272,6450,320,320,0,0,640,0,320,320,640,disponible,disponible,PasajerosArribadosPartidosxAeropuerto2020-2026,MovimientosxAeropuerto2020-2026
Colombia,BUN,SKBU,Gerardo Tobar López Airport,2023,10,2023-10,517,491,0,0,1008,0,517,491,1008,61,58,0,0,119,0,61,58,119,disponible,disponible,PasajerosArribadosPartidosxAeropuerto2020-2026,MovimientosxAeropuerto2020-2026
Colombia,CLO,SKCL,Alfonso Bonilla Aragon International Airport,2023,10,2023-10,196847,198959,31061,51143,395806,82204,227908,250102,478010,2813,2822,264,258,5635,522,3077,3080,6157,disponible,disponible,PasajerosArribadosPartidosxAeropuerto2020-2026,MovimientosxAeropuerto2020-2026
Colombia,CTG,SKCG,Rafael Nuñez International Airport,2023,10,2023-10,176020,177255,46226,65168,353275,111394,222246,242423,464669,1705,1685,374,411,3390,785,2079,2096,4175,disponible,disponible,PasajerosArribadosPartidosxAeropuerto2020-2026,MovimientosxAeropuerto2020-2026
Colombia,CUC,SKCC,Camilo Daza International Airport,2023,10,2023-10,51872,54159,2114,4760,106031,6874,53986,58919,112905,675,678,18,18,1353,36,693,696,1389,disponible,disponible,PasajerosArribadosPartidosxAeropuerto2020-2026,MovimientosxAeropuerto2020-2026
Colombia,CZU,SKCZ,Las Brujas Airport,2023,10,2023-10,1081,1084,0,0,2165,0,1081,1084,2165,90,106,0,0,196,0,90,106,196,disponible,disponible,PasajerosArribadosPartidosxAeropuerto2020-2026,MovimientosxAeropuerto2020-2026
Colombia,EJA,SKEJ,Yariguíes Airport,2023,10,2023-10,6027,6169,0,1,12196,1,6027,6170,12197,294,296,0,0,590,0,294,296,590,disponible,disponible,PasajerosArribadosPartidosxAeropuerto2020-2026,MovimientosxAeropuerto2020-2026
Colombia,EOH,SKMD,Enrique Olaya Herrera Airport,2023,10,2023-10,51623,50875,0,0,102498,0,51623,50875,102498,3066,3072,7,8,6138,15,3073,3080,6153,disponible,disponible,PasajerosArribadosPartidosxAeropuerto2020-2026,MovimientosxAeropuerto2020-2026
Colombia,EYP,SKYP,El Alcaravan - Yopal Airport,2023,10,2023-10,12355,14363,0,0,26718,0,12355,14363,26718,692,682,0,0,1374,0,692,682,1374,disponible,disponible,PasajerosArribadosPartidosxAeropuerto2020-2026,MovimientosxAeropuerto2020-2026
Colombia,FLA,SKFL,Gustavo Artunduaga Paredes Airport,2023,10,2023-10,4024,4139,0,0,8163,0,4024,4139,8163,135,126,0,0,261,0,135,126,261,disponible,disponible,PasajerosArribadosPartidosxAeropuerto2020-2026,MovimientosxAeropuerto2020-2026
Colombia,GPI,SKGP,Guapi Airport,2023,10,2023-10,2817,2552,0,0,5369,0,2817,2552,5369,148,152,0,0,300,0,148,152,300,disponible,disponible,PasajerosArribadosPartidosxAeropuerto2020-2026,MovimientosxAeropuerto2020-2026
Colombia,IBE,SKIB,Perales Airport,2023,10,2023-10,4822,6904,0,0,11726,0,4822,6904,11726,200,200,0,0,400,0,200,200,400,disponible,disponible,PasajerosArribadosPartidosxAeropuerto2020-2026,MovimientosxAeropuerto2020-2026
Colombia,IPI,SKIP,San Luis Airport,2023,10,2023-10,2598,3192,0,0,5790,0,2598,3192,5790,47,47,0,0,94,0,47,47,94,disponible,disponible,PasajerosArribadosPartidosxAeropuerto2020-2026,MovimientosxAeropuerto2020-2026
Colombia,LCR,SKHZ,Virgilio Barco Vargas (La Chorrera) Airport,2023,10,2023-10,,,,,,,,,,29,29,0,0,58,0,29,29,58,sin_dato,disponible,PasajerosArribadosPartidosxAeropuerto2020-2026,MovimientosxAeropuerto2020-2026
Colombia,LET,SKLT,Alfredo Vásquez Cobo International Airport,2023,10,2023-10,13530,13220,0,52,26750,52,13530,13272,26802,231,240,2,1,471,3,233,241,474,disponible,disponible,PasajerosArribadosPartidosxAeropuerto2020-2026,MovimientosxAeropuerto2020-2026
Colombia,LMC,SKNA,La Macarena Airport,2023,10,2023-10,2386,2480,0,0,4866,0,2386,2480,4866,285,283,0,0,568,0,285,283,568,disponible,disponible,PasajerosArribadosPartidosxAeropuerto2020-2026,MovimientosxAeropuerto2020-2026
Colombia,LPD,SKLP,La Pedrera Airport,2023,10,2023-10,85,119,0,0,204,0,85,119,204,49,48,0,0,97,0,49,48,97,disponible,disponible,PasajerosArribadosPartidosxAeropuerto2020-2026,MovimientosxAeropuerto2020-2026
Colombia,LQM,SKLG,Caucaya Airport,2023,10,2023-10,715,633,0,0,1348,0,715,633,1348,40,34,0,0,74,0,40,34,74,disponible,disponible,PasajerosArribadosPartidosxAeropuerto2020-2026,MovimientosxAeropuerto2020-2026
Colombia,MDE,SKRG,Jose Maria Córdova International Airport,2023,10,2023-10,293464,249573,113295,146221,543037,259516,406759,395794,802553,2840,2809,980,1019,5649,1999,3820,3828,7648,disponible,disponible,PasajerosArribadosPartidosxAeropuerto2020-2026,MovimientosxAeropuerto2020-2026
Colombia,MTR,SKMR,Los Garzones Airport,2023,10,2023-10,44236,41437,0,447,85673,447,44236,41884,86120,657,663,0,0,1320,0,657,663,1320,disponible,disponible,PasajerosArribadosPartidosxAeropuerto2020-2026,MovimientosxAeropuerto2020-2026
Colombia,MVP,SKMU,Fabio Alberto Leon Bentley Airport,2023,10,2023-10,2584,2381,0,0,4965,0,2584,2381,4965,900,896,1,0,1796,1,901,896,1797,disponible,disponible,PasajerosArribadosPartidosxAeropuerto2020-2026,MovimientosxAeropuerto2020-2026
Colombia,MZL,SKMZ,La Nubia Airport,2023,10,2023-10,3884,3735,0,0,7619,0,3884,3735,7619,128,125,0,0,253,0,128,125,253,disponible,disponible,PasajerosArribadosPartidosxAeropuerto2020-2026,MovimientosxAeropuerto2020-2026
Colombia,NQU,SKNQ,Reyes Murillo Airport,2023,10,2023-10,2754,2852,0,0,5606,0,2754,2852,5606,222,221,0,0,443,0,222,221,443,disponible,disponible,PasajerosArribadosPartidosxAeropuerto2020-2026,MovimientosxAeropuerto2020-2026
Colombia,NVA,SKNV,Benito Salas Airport,2023,10,2023-10,9246,16729,0,0,25975,0,9246,16729,25975,374,381,0,0,755,0,374,381,755,disponible,disponible,PasajerosArribadosPartidosxAeropuerto2020-2026,MovimientosxAeropuerto2020-2026
Colombia,PCR,SKPC,German Olano Airport,2023,10,2023-10,1331,2751,0,0,4082,0,1331,2751,4082,162,171,0,0,333,0,162,171,333,disponible,disponible,PasajerosArribadosPartidosxAeropuerto2020-2026,MovimientosxAeropuerto2020-2026
Colombia,PDA,SKPD,Obando Cesar Gaviria Trujillo Airport,2023,10,2023-10,,,,,,,,,,162,162,0,0,324,0,162,162,324,sin_dato,disponible,PasajerosArribadosPartidosxAeropuerto2020-2026,MovimientosxAeropuerto2020-2026
Colombia,PEI,SKPE,Matecaña International Airport,2023,10,2023-10,69501,72537,7336,11355,142038,18691,76837,83892,160729,976,970,65,67,1946,132,1041,1037,2078,disponible,disponible,PasajerosArribadosPartidosxAeropuerto2020-2026,MovimientosxAeropuerto2020-2026
Colombia,PPN,SKPP,Guillermo León Valencia Airport,2023,10,2023-10,5320,4497,0,0,9817,0,5320,4497,9817,392,402,0,0,794,0,392,402,794,disponible,disponible,PasajerosArribadosPartidosxAeropuerto2020-2026,MovimientosxAeropuerto2020-2026
Colombia,PSO,SKPS,Antonio Nariño Airport,2023,10,2023-10,17360,27857,0,419,45217,419,17360,28276,45636,308,305,0,0,613,0,308,305,613,disponible,disponible,PasajerosArribadosPartidosxAeropuerto2020-2026,MovimientosxAeropuerto2020-2026
Colombia,PUU,SKAS,Tres De Mayo Airport,2023,10,2023-10,4733,4818,0,0,9551,0,4733,4818,9551,140,146,0,0,286,0,140,146,286,disponible,disponible,PasajerosArribadosPartidosxAeropuerto2020-2026,MovimientosxAeropuerto2020-2026
Colombia,PVA,SKPV,El Embrujo Airport,2023,10,2023-10,3548,3146,0,0,6694,0,3548,3146,6694,106,107,0,0,213,0,106,107,213,disponible,disponible,PasajerosArribadosPartidosxAeropuerto2020-2026,MovimientosxAeropuerto2020-2026
Colombia,RCH,SKRH,Almirante Padilla Airport,2023,10,2023-10,10876,19631,0,247,30507,247,10876,19878,30754,200,227,0,0,427,0,200,227,427,disponible,disponible,PasajerosArribadosPartidosxAeropuerto2020-2026,MovimientosxAeropuerto2020-2026
Colombia,RVE,SKSA,Los Colonizadores Airport,2023,10,2023-10,2115,2030,0,0,4145,0,2115,2030,4145,245,244,0,0,489,0,245,244,489,disponible,disponible,PasajerosArribadosPartidosxAeropuerto2020-2026,MovimientosxAeropuerto2020-2026
Colombia,SJE,SKSJ,Jorge E. Gonzalez Torres Airport,2023,10,2023-10,1842,1921,0,0,3763,0,1842,1921,3763,415,417,0,0,832,0,415,417,832,disponible,disponible,PasajerosArribadosPartidosxAeropuerto2020-2026,MovimientosxAeropuerto2020-2026
Colombia,SMR,SKSM,Simón Bolívar International Airport,2023,10,2023-10,95791,94547,1360,2409,190338,3769,97151,96956,194107,848,843,17,17,1691,34,865,860,1725,disponible,disponible,PasajerosArribadosPartidosxAeropuerto2020-2026,MovimientosxAeropuerto2020-2026
Colombia,SVI,SKSV,Eduardo Falla Solano Airport,2023,10,2023-10,303,344,0,0,647,0,303,344,647,30,28,0,0,58,0,30,28,58,disponible,disponible,PasajerosArribadosPartidosxAeropuerto2020-2026,MovimientosxAeropuerto2020-2026
Colombia,TCD,SKRA,Tarapacá Airport,2023,10,2023-10,,,,,,,,,,20,16,0,0,36,0,20,16,36,sin_dato,disponible,PasajerosArribadosPartidosxAeropuerto2020-2026,MovimientosxAeropuerto2020-2026
Colombia,TCO,SKCO,La Florida Airport,2023,10,2023-10,5066,6003,0,0,11069,0,5066,6003,11069,276,276,0,0,552,0,276,276,552,disponible,disponible,PasajerosArribadosPartidosxAeropuerto2020-2026,MovimientosxAeropuerto2020-2026
Colombia,TLU,SKTL,Golfo de Morrosquillo Airport,2023,10,2023-10,3112,3209,0,0,6321,0,3112,3209,6321,110,111,0,0,221,0,110,111,221,disponible,disponible,PasajerosArribadosPartidosxAeropuerto2020-2026,MovimientosxAeropuerto2020-2026
Colombia,TME,SKTM,Gustavo Vargas Airport,2023,10,2023-10,371,395,0,0,766,0,371,395,766,202,203,0,0,405,0,202,203,405,disponible,disponible,PasajerosArribadosPartidosxAeropuerto2020-2026,MovimientosxAeropuerto2020-2026
Colombia,UIB,SKUI,El Caraño Airport,2023,10,2023-10,12307,14322,0,0,26629,0,12307,14322,26629,802,799,0,0,1601,0,802,799,1601,disponible,disponible,PasajerosArribadosPartidosxAeropuerto2020-2026,MovimientosxAeropuerto2020-2026
Colombia,VUP,SKVP,Alfonso López Pumarejo Airport,2023,10,2023-10,18340,18954,0,422,37294,422,18340,19376,37716,286,291,0,0,577,0,286,291,577,disponible,disponible,PasajerosArribadosPartidosxAeropuerto2020-2026,MovimientosxAeropuerto2020-2026
Colombia,VVC,SKVV,Vanguardia Airport,2023,10,2023-10,11973,15196,4,0,27169,4,11977,15196,27173,1674,1683,0,0,3357,0,1674,1683,3357,disponible,disponible,PasajerosArribadosPartidosxAeropuerto2020-2026,MovimientosxAeropuerto2020-2026
Colombia,ADZ,SKSP,Gustavo Rojas Pinilla International Airport,2023,11,2023-11,80092,75553,989,2541,155645,3530,81081,78094,159175,824,823,13,17,1647,30,837,840,1677,disponible,disponible,PasajerosArribadosPartidosxAeropuerto2020-2026,MovimientosxAeropuerto2020-2026
Colombia,APO,SKLC,Antonio Roldán Betancur Airport,2023,11,2023-11,9530,8562,0,0,18092,0,9530,8562,18092,772,772,0,0,1544,0,772,772,1544,disponible,disponible,PasajerosArribadosPartidosxAeropuerto2020-2026,MovimientosxAeropuerto2020-2026
Colombia,AUC,SKUC,Santiago Perez Airport,2023,11,2023-11,5754,1900,0,0,7654,0,5754,1900,7654,304,309,0,0,613,0,304,309,613,disponible,disponible,PasajerosArribadosPartidosxAeropuerto2020-2026,MovimientosxAeropuerto2020-2026
Colombia,AXM,SKAR,El Eden Airport,2023,11,2023-11,27398,22037,3525,2791,49435,6316,30923,24828,55751,323,330,28,28,653,56,351,358,709,disponible,disponible,PasajerosArribadosPartidosxAeropuerto2020-2026,MovimientosxAeropuerto2020-2026
Colombia,BAQ,SKBQ,Ernesto Cortissoz International Airport,2023,11,2023-11,114434,118493,17820,20224,232927,38044,132254,138717,270971,1759,1750,182,183,3509,365,1941,1933,3874,disponible,disponible,PasajerosArribadosPartidosxAeropuerto2020-2026,MovimientosxAeropuerto2020-2026
Colombia,BGA,SKBG,Palonegro Airport,2023,11,2023-11,84932,86671,3305,7423,171603,10728,88237,94094,182331,1224,1220,34,36,2444,70,1258,1256,2514,disponible,disponible,PasajerosArribadosPartidosxAeropuerto2020-2026,MovimientosxAeropuerto2020-2026
Colombia,BOG,SKBO,El Dorado International Airport,2023,11,2023-11,885868,934820,539842,561855,1820688,1101697,1425710,1496675,2922385,11299,11374,4625,4565,22673,9190,15924,15939,31863,disponible,disponible,PasajerosArribadosPartidosxAeropuerto2020-2026,MovimientosxAeropuerto2020-2026
Colombia,BSC,SKBS,José Celestino Mutis Airport,2023,11,2023-11,2773,3055,0,0,5828,0,2773,3055,5828,265,264,0,0,529,0,265,264,529,disponible,disponible,PasajerosArribadosPartidosxAeropuerto2020-2026,MovimientosxAeropuerto2020-2026
Colombia,BUN,SKBU,Gerardo Tobar López Airport,2023,11,2023-11,275,294,0,0,569,0,275,294,569,36,33,0,0,69,0,36,33,69,disponible,disponible,PasajerosArribadosPartidosxAeropuerto2020-2026,MovimientosxAeropuerto2020-2026
Colombia,CLO,SKCL,Alfonso Bonilla Aragon International Airport,2023,11,2023-11,204725,203883,35122,48316,408608,83438,239847,252199,492046,2692,2707,278,268,5399,546,2970,2975,5945,disponible,disponible,PasajerosArribadosPartidosxAeropuerto2020-2026,MovimientosxAeropuerto2020-2026
Colombia,CTG,SKCG,Rafael Nuñez International Airport,2023,11,2023-11,179472,179747,49577,67843,359219,117420,229049,247590,476639,1754,1717,433,464,3471,897,2187,2181,4368,disponible,disponible,PasajerosArribadosPartidosxAeropuerto2020-2026,MovimientosxAeropuerto2020-2026
Colombia,CUC,SKCC,Camilo Daza International Airport,2023,11,2023-11,55592,65195,2180,4790,120787,6970,57772,69985,127757,750,757,17,19,1507,36,767,776,1543,disponible,disponible,PasajerosArribadosPartidosxAeropuerto2020-2026,MovimientosxAeropuerto2020-2026
Colombia,CZU,SKCZ,Las Brujas Airport,2023,11,2023-11,1157,1037,0,0,2194,0,1157,1037,2194,80,86,0,0,166,0,80,86,166,disponible,disponible,PasajerosArribadosPartidosxAeropuerto2020-2026,MovimientosxAeropuerto2020-2026
Colombia,EJA,SKEJ,Yariguíes Airport,2023,11,2023-11,7152,7243,0,29,14395,29,7152,7272,14424,281,276,0,0,557,0,281,276,557,disponible,disponible,PasajerosArribadosPartidosxAeropuerto2020-2026,MovimientosxAeropuerto2020-2026
Colombia,EOH,SKMD,Enrique Olaya Herrera Airport,2023,11,2023-11,54222,56516,0,0,110738,0,54222,56516,110738,3171,3171,6,6,6342,12,3177,3177,6354,disponible,disponible,PasajerosArribadosPartidosxAeropuerto2020-2026,MovimientosxAeropuerto2020-2026
Colombia,EYP,SKYP,El Alcaravan - Yopal Airport,2023,11,2023-11,13058,14785,0,0,27843,0,13058,14785,27843,681,676,0,0,1357,0,681,676,1357,disponible,disponible,PasajerosArribadosPartidosxAeropuerto2020-2026,MovimientosxAeropuerto2020-2026
Colombia,FLA,SKFL,Gustavo Artunduaga Paredes Airport,2023,11,2023-11,4273,4507,0,0,8780,0,4273,4507,8780,137,130,0,0,267,0,137,130,267,disponible,disponible,PasajerosArribadosPartidosxAeropuerto2020-2026,MovimientosxAeropuerto2020-2026
Colombia,GPI,SKGP,Guapi Airport,2023,11,2023-11,2420,1348,0,0,3768,0,2420,1348,3768,140,139,0,0,279,0,140,139,279,disponible,disponible,PasajerosArribadosPartidosxAeropuerto2020-2026,MovimientosxAeropuerto2020-2026
Colombia,IBE,SKIB,Perales Airport,2023,11,2023-11,5046,8178,0,0,13224,0,5046,8178,13224,205,207,0,0,412,0,205,207,412,disponible,disponible,PasajerosArribadosPartidosxAeropuerto2020-2026,MovimientosxAeropuerto2020-2026
Colombia,IPI,SKIP,San Luis Airport,2023,11,2023-11,3647,1290,0,0,4937,0,3647,1290,4937,61,61,0,0,122,0,61,61,122,disponible,disponible,PasajerosArribadosPartidosxAeropuerto2020-2026,MovimientosxAeropuerto2020-2026
Colombia,LCR,SKHZ,Virgilio Barco Vargas (La Chorrera) Airport,2023,11,2023-11,,,,,,,,,,34,31,0,0,65,0,34,31,65,sin_dato,disponible,PasajerosArribadosPartidosxAeropuerto2020-2026,MovimientosxAeropuerto2020-2026
Colombia,LET,SKLT,Alfredo Vásquez Cobo International Airport,2023,11,2023-11,16741,17538,0,40,34279,40,16741,17578,34319,286,306,3,4,592,7,289,310,599,disponible,disponible,PasajerosArribadosPartidosxAeropuerto2020-2026,MovimientosxAeropuerto2020-2026
Colombia,LMC,SKNA,La Macarena Airport,2023,11,2023-11,1319,1457,0,0,2776,0,1319,1457,2776,248,242,0,0,490,0,248,242,490,disponible,disponible,PasajerosArribadosPartidosxAeropuerto2020-2026,MovimientosxAeropuerto2020-2026
Colombia,LPD,SKLP,La Pedrera Airport,2023,11,2023-11,278,256,0,0,534,0,278,256,534,62,49,0,0,111,0,62,49,111,disponible,disponible,PasajerosArribadosPartidosxAeropuerto2020-2026,MovimientosxAeropuerto2020-2026
Colombia,LQM,SKLG,Caucaya Airport,2023,11,2023-11,692,786,0,0,1478,0,692,786,1478,42,36,1,0,78,1,43,36,79,disponible,disponible,PasajerosArribadosPartidosxAeropuerto2020-2026,MovimientosxAeropuerto2020-2026
Colombia,MDE,SKRG,Jose Maria Córdova International Airport,2023,11,2023-11,320352,254297,122307,143891,574649,266198,442659,398188,840847,2826,2772,1002,1031,5598,2033,3828,3803,7631,disponible,disponible,PasajerosArribadosPartidosxAeropuerto2020-2026,MovimientosxAeropuerto2020-2026
Colombia,MTR,SKMR,Los Garzones Airport,2023,11,2023-11,56028,56913,0,555,112941,555,56028,57468,113496,740,742,1,1,1482,2,741,743,1484,disponible,disponible,PasajerosArribadosPartidosxAeropuerto2020-2026,MovimientosxAeropuerto2020-2026
Colombia,MVP,SKMU,Fabio Alberto Leon Bentley Airport,2023,11,2023-11,2177,2312,0,0,4489,0,2177,2312,4489,696,701,0,0,1397,0,696,701,1397,disponible,disponible,PasajerosArribadosPartidosxAeropuerto2020-2026,MovimientosxAeropuerto2020-2026
Colombia,MZL,SKMZ,La Nubia Airport,2023,11,2023-11,1355,4171,0,0,5526,0,1355,4171,5526,146,145,0,0,291,0,146,145,291,disponible,disponible,PasajerosArribadosPartidosxAeropuerto2020-2026,MovimientosxAeropuerto2020-2026
Colombia,NQU,SKNQ,Reyes Murillo Airport,2023,11,2023-11,1550,1872,0,0,3422,0,1550,1872,3422,145,144,0,0,289,0,145,144,289,disponible,disponible,PasajerosArribadosPartidosxAeropuerto2020-2026,MovimientosxAeropuerto2020-2026
Colombia,NVA,SKNV,Benito Salas Airport,2023,11,2023-11,13989,17544,0,0,31533,0,13989,17544,31533,367,372,0,0,739,0,367,372,739,disponible,disponible,PasajerosArribadosPartidosxAeropuerto2020-2026,MovimientosxAeropuerto2020-2026
Colombia,PCR,SKPC,German Olano Airport,2023,11,2023-11,2200,2561,0,0,4761,0,2200,2561,4761,141,143,0,0,284,0,141,143,284,disponible,disponible,PasajerosArribadosPartidosxAeropuerto2020-2026,MovimientosxAeropuerto2020-2026
Colombia,PDA,SKPD,Obando Cesar Gaviria Trujillo Airport,2023,11,2023-11,,,,,,,,,,179,179,0,0,358,0,179,179,358,sin_dato,disponible,PasajerosArribadosPartidosxAeropuerto2020-2026,MovimientosxAeropuerto2020-2026
Colombia,PEI,SKPE,Matecaña International Airport,2023,11,2023-11,56559,83893,6008,12994,140452,19002,62567,96887,159454,1240,1247,58,58,2487,116,1298,1305,2603,disponible,disponible,PasajerosArribadosPartidosxAeropuerto2020-2026,MovimientosxAeropuerto2020-2026
Colombia,PPN,SKPP,Guillermo León Valencia Airport,2023,11,2023-11,2369,6548,0,0,8917,0,2369,6548,8917,366,375,0,0,741,0,366,375,741,disponible,disponible,PasajerosArribadosPartidosxAeropuerto2020-2026,MovimientosxAeropuerto2020-2026
Colombia,PSO,SKPS,Antonio Nariño Airport,2023,11,2023-11,34737,38590,0,529,73327,529,34737,39119,73856,377,376,0,0,753,0,377,376,753,disponible,disponible,PasajerosArribadosPartidosxAeropuerto2020-2026,MovimientosxAeropuerto2020-2026
Colombia,PUU,SKAS,Tres De Mayo Airport,2023,11,2023-11,5291,5511,0,0,10802,0,5291,5511,10802,150,157,0,0,307,0,150,157,307,disponible,disponible,PasajerosArribadosPartidosxAeropuerto2020-2026,MovimientosxAeropuerto2020-2026
Colombia,PVA,SKPV,El Embrujo Airport,2023,11,2023-11,2832,3167,0,0,5999,0,2832,3167,5999,104,104,0,0,208,0,104,104,208,disponible,disponible,PasajerosArribadosPartidosxAeropuerto2020-2026,MovimientosxAeropuerto2020-2026
Colombia,RCH,SKRH,Almirante Padilla Airport,2023,11,2023-11,20753,21419,0,260,42172,260,20753,21679,42432,263,277,0,0,540,0,263,277,540,disponible,disponible,PasajerosArribadosPartidosxAeropuerto2020-2026,MovimientosxAeropuerto2020-2026
Colombia,RVE,SKSA,Los Colonizadores Airport,2023,11,2023-11,2188,2300,0,0,4488,0,2188,2300,4488,251,255,0,0,506,0,251,255,506,disponible,disponible,PasajerosArribadosPartidosxAeropuerto2020-2026,MovimientosxAeropuerto2020-2026
Colombia,SJE,SKSJ,Jorge E. Gonzalez Torres Airport,2023,11,2023-11,1796,1766,0,0,3562,0,1796,1766,3562,408,406,0,0,814,0,408,406,814,disponible,disponible,PasajerosArribadosPartidosxAeropuerto2020-2026,MovimientosxAeropuerto2020-2026
Colombia,SMR,SKSM,Simón Bolívar International Airport,2023,11,2023-11,113269,73250,1327,2705,186519,4032,114596,75955,190551,921,923,20,20,1844,40,941,943,1884,disponible,disponible,PasajerosArribadosPartidosxAeropuerto2020-2026,MovimientosxAeropuerto2020-2026
Colombia,SVI,SKSV,Eduardo Falla Solano Airport,2023,11,2023-11,310,347,0,0,657,0,310,347,657,30,28,0,0,58,0,30,28,58,disponible,disponible,PasajerosArribadosPartidosxAeropuerto2020-2026,MovimientosxAeropuerto2020-2026
Colombia,TCD,SKRA,Tarapacá Airport,2023,11,2023-11,,,,,,,,,,18,14,0,0,32,0,18,14,32,sin_dato,disponible,PasajerosArribadosPartidosxAeropuerto2020-2026,MovimientosxAeropuerto2020-2026
Colombia,TCO,SKCO,La Florida Airport,2023,11,2023-11,3532,6831,0,0,10363,0,3532,6831,10363,269,266,0,0,535,0,269,266,535,disponible,disponible,PasajerosArribadosPartidosxAeropuerto2020-2026,MovimientosxAeropuerto2020-2026
Colombia,TLU,SKTL,Golfo de Morrosquillo Airport,2023,11,2023-11,1429,2582,0,0,4011,0,1429,2582,4011,86,84,0,0,170,0,86,84,170,disponible,disponible,PasajerosArribadosPartidosxAeropuerto2020-2026,MovimientosxAeropuerto2020-2026
Colombia,TME,SKTM,Gustavo Vargas Airport,2023,11,2023-11,327,417,0,0,744,0,327,417,744,168,169,0,0,337,0,168,169,337,disponible,disponible,PasajerosArribadosPartidosxAeropuerto2020-2026,MovimientosxAeropuerto2020-2026
Colombia,UIB,SKUI,El Caraño Airport,2023,11,2023-11,12662,10314,0,0,22976,0,12662,10314,22976,816,803,0,0,1619,0,816,803,1619,disponible,disponible,PasajerosArribadosPartidosxAeropuerto2020-2026,MovimientosxAeropuerto2020-2026
Colombia,VUP,SKVP,Alfonso López Pumarejo Airport,2023,11,2023-11,20768,21617,0,597,42385,597,20768,22214,42982,309,321,0,0,630,0,309,321,630,disponible,disponible,PasajerosArribadosPartidosxAeropuerto2020-2026,MovimientosxAeropuerto2020-2026
Colombia,VVC,SKVV,Vanguardia Airport,2023,11,2023-11,10554,14092,0,0,24646,0,10554,14092,24646,1628,1620,0,0,3248,0,1628,1620,3248,disponible,disponible,PasajerosArribadosPartidosxAeropuerto2020-2026,MovimientosxAeropuerto2020-2026
Colombia,ADZ,SKSP,Gustavo Rojas Pinilla International Airport,2023,12,2023-12,112456,101285,1283,2272,213741,3555,113739,103557,217296,894,898,12,11,1792,23,906,909,1815,disponible,disponible,PasajerosArribadosPartidosxAeropuerto2020-2026,MovimientosxAeropuerto2020-2026
Colombia,APO,SKLC,Antonio Roldán Betancur Airport,2023,12,2023-12,6850,8619,0,0,15469,0,6850,8619,15469,812,821,3,0,1633,3,815,821,1636,disponible,disponible,PasajerosArribadosPartidosxAeropuerto2020-2026,MovimientosxAeropuerto2020-2026
Colombia,AUC,SKUC,Santiago Perez Airport,2023,12,2023-12,6650,6326,0,0,12976,0,6650,6326,12976,344,343,0,0,687,0,344,343,687,disponible,disponible,PasajerosArribadosPartidosxAeropuerto2020-2026,MovimientosxAeropuerto2020-2026
Colombia,AXM,SKAR,El Eden Airport,2023,12,2023-12,31049,29435,4805,3818,60484,8623,35854,33253,69107,333,329,31,30,662,61,364,359,723,disponible,disponible,PasajerosArribadosPartidosxAeropuerto2020-2026,MovimientosxAeropuerto2020-2026
Colombia,BAQ,SKBQ,Ernesto Cortissoz International Airport,2023,12,2023-12,120458,115890,21004,24338,236348,45342,141462,140228,281690,1642,1668,197,197,3310,394,1839,1865,3704,disponible,disponible,PasajerosArribadosPartidosxAeropuerto2020-2026,MovimientosxAeropuerto2020-2026
Colombia,BGA,SKBG,Palonegro Airport,2023,12,2023-12,97557,91094,3805,6795,188651,10600,101362,97889,199251,1255,1251,36,35,2506,71,1291,1286,2577,disponible,disponible,PasajerosArribadosPartidosxAeropuerto2020-2026,MovimientosxAeropuerto2020-2026
Colombia,BOG,SKBO,El Dorado International Airport,2023,12,2023-12,912333,1031202,616559,544618,1943535,1161177,1528892,1575820,3104712,11670,11726,4929,4865,23396,9794,16599,16591,33190,disponible,disponible,PasajerosArribadosPartidosxAeropuerto2020-2026,MovimientosxAeropuerto2020-2026
Colombia,BSC,SKBS,José Celestino Mutis Airport,2023,12,2023-12,3667,2837,0,0,6504,0,3667,2837,6504,262,263,0,0,525,0,262,263,525,disponible,disponible,PasajerosArribadosPartidosxAeropuerto2020-2026,MovimientosxAeropuerto2020-2026
Colombia,BUN,SKBU,Gerardo Tobar López Airport,2023,12,2023-12,321,241,0,0,562,0,321,241,562,48,48,0,0,96,0,48,48,96,disponible,disponible,PasajerosArribadosPartidosxAeropuerto2020-2026,MovimientosxAeropuerto2020-2026
Colombia,CLO,SKCL,Alfonso Bonilla Aragon International Airport,2023,12,2023-12,218593,214194,49710,60983,432787,110693,268303,275177,543480,2843,2845,376,368,5688,744,3219,3213,6432,disponible,disponible,PasajerosArribadosPartidosxAeropuerto2020-2026,MovimientosxAeropuerto2020-2026
Colombia,CTG,SKCG,Rafael Nuñez International Airport,2023,12,2023-12,219723,192090,64372,65352,411813,129724,284095,257442,541537,1866,1839,483,530,3705,1013,2349,2369,4718,disponible,disponible,PasajerosArribadosPartidosxAeropuerto2020-2026,MovimientosxAeropuerto2020-2026
Colombia,CUC,SKCC,Camilo Daza International Airport,2023,12,2023-12,58669,63643,4037,5537,122312,9574,62706,69180,131886,777,780,28,28,1557,56,805,808,1613,disponible,disponible,PasajerosArribadosPartidosxAeropuerto2020-2026,MovimientosxAeropuerto2020-2026
Colombia,CZU,SKCZ,Las Brujas Airport,2023,12,2023-12,2308,1540,0,0,3848,0,2308,1540,3848,81,87,0,0,168,0,81,87,168,disponible,disponible,PasajerosArribadosPartidosxAeropuerto2020-2026,MovimientosxAeropuerto2020-2026
Colombia,EJA,SKEJ,Yariguíes Airport,2023,12,2023-12,8811,7716,0,35,16527,35,8811,7751,16562,235,246,0,0,481,0,235,246,481,disponible,disponible,PasajerosArribadosPartidosxAeropuerto2020-2026,MovimientosxAeropuerto2020-2026
Colombia,EOH,SKMD,Enrique Olaya Herrera Airport,2023,12,2023-12,55567,60335,0,34,115902,34,55567,60369,115936,3320,3319,8,9,6639,17,3328,3328,6656,disponible,disponible,PasajerosArribadosPartidosxAeropuerto2020-2026,MovimientosxAeropuerto2020-2026
Colombia,EYP,SKYP,El Alcaravan - Yopal Airport,2023,12,2023-12,12761,14683,0,0,27444,0,12761,14683,27444,628,620,0,0,1248,0,628,620,1248,disponible,disponible,PasajerosArribadosPartidosxAeropuerto2020-2026,MovimientosxAeropuerto2020-2026
Colombia,FLA,SKFL,Gustavo Artunduaga Paredes Airport,2023,12,2023-12,2377,4045,0,0,6422,0,2377,4045,6422,141,140,0,0,281,0,141,140,281,disponible,disponible,PasajerosArribadosPartidosxAeropuerto2020-2026,MovimientosxAeropuerto2020-2026
Colombia,GPI,SKGP,Guapi Airport,2023,12,2023-12,3200,3057,0,0,6257,0,3200,3057,6257,157,156,0,0,313,0,157,156,313,disponible,disponible,PasajerosArribadosPartidosxAeropuerto2020-2026,MovimientosxAeropuerto2020-2026
Colombia,IBE,SKIB,Perales Airport,2023,12,2023-12,5161,8263,0,0,13424,0,5161,8263,13424,202,203,0,0,405,0,202,203,405,disponible,disponible,PasajerosArribadosPartidosxAeropuerto2020-2026,MovimientosxAeropuerto2020-2026
Colombia,IPI,SKIP,San Luis Airport,2023,12,2023-12,4173,4892,0,0,9065,0,4173,4892,9065,54,54,0,0,108,0,54,54,108,disponible,disponible,PasajerosArribadosPartidosxAeropuerto2020-2026,MovimientosxAeropuerto2020-2026
Colombia,LCR,SKHZ,Virgilio Barco Vargas (La Chorrera) Airport,2023,12,2023-12,,,,,,,,,,24,23,0,0,47,0,24,23,47,sin_dato,disponible,PasajerosArribadosPartidosxAeropuerto2020-2026,MovimientosxAeropuerto2020-2026
Colombia,LET,SKLT,Alfredo Vásquez Cobo International Airport,2023,12,2023-12,17749,19076,0,44,36825,44,17749,19120,36869,292,313,3,3,605,6,295,316,611,disponible,disponible,PasajerosArribadosPartidosxAeropuerto2020-2026,MovimientosxAeropuerto2020-2026
Colombia,LMC,SKNA,La Macarena Airport,2023,12,2023-12,551,558,0,0,1109,0,551,558,1109,205,193,0,0,398,0,205,193,398,disponible,disponible,PasajerosArribadosPartidosxAeropuerto2020-2026,MovimientosxAeropuerto2020-2026
Colombia,LPD,SKLP,La Pedrera Airport,2023,12,2023-12,209,231,0,0,440,0,209,231,440,63,51,0,0,114,0,63,51,114,disponible,disponible,PasajerosArribadosPartidosxAeropuerto2020-2026,MovimientosxAeropuerto2020-2026
Colombia,LQM,SKLG,Caucaya Airport,2023,12,2023-12,790,816,0,0,1606,0,790,816,1606,35,35,0,0,70,0,35,35,70,disponible,disponible,PasajerosArribadosPartidosxAeropuerto2020-2026,MovimientosxAeropuerto2020-2026
Colombia,MDE,SKRG,Jose Maria Córdova International Airport,2023,12,2023-12,337594,251714,143393,156505,589308,299898,480987,408219,889206,2901,2876,1143,1179,5777,2322,4044,4055,8099,disponible,disponible,PasajerosArribadosPartidosxAeropuerto2020-2026,MovimientosxAeropuerto2020-2026
Colombia,MTR,SKMR,Los Garzones Airport,2023,12,2023-12,61366,44125,0,631,105491,631,61366,44756,106122,719,724,0,0,1443,0,719,724,1443,disponible,disponible,PasajerosArribadosPartidosxAeropuerto2020-2026,MovimientosxAeropuerto2020-2026
Colombia,MVP,SKMU,Fabio Alberto Leon Bentley Airport,2023,12,2023-12,2549,2762,0,0,5311,0,2549,2762,5311,748,749,0,0,1497,0,748,749,1497,disponible,disponible,PasajerosArribadosPartidosxAeropuerto2020-2026,MovimientosxAeropuerto2020-2026
Colombia,MZL,SKMZ,La Nubia Airport,2023,12,2023-12,4534,3779,0,0,8313,0,4534,3779,8313,148,147,0,0,295,0,148,147,295,disponible,disponible,PasajerosArribadosPartidosxAeropuerto2020-2026,MovimientosxAeropuerto2020-2026
Colombia,NQU,SKNQ,Reyes Murillo Airport,2023,12,2023-12,2882,1725,0,0,4607,0,2882,1725,4607,211,210,0,0,421,0,211,210,421,disponible,disponible,PasajerosArribadosPartidosxAeropuerto2020-2026,MovimientosxAeropuerto2020-2026
Colombia,NVA,SKNV,Benito Salas Airport,2023,12,2023-12,9751,16858,0,0,26609,0,9751,16858,26609,351,354,0,0,705,0,351,354,705,disponible,disponible,PasajerosArribadosPartidosxAeropuerto2020-2026,MovimientosxAeropuerto2020-2026
Colombia,PCR,SKPC,German Olano Airport,2023,12,2023-12,3717,3681,0,0,7398,0,3717,3681,7398,148,143,0,0,291,0,148,143,291,disponible,disponible,PasajerosArribadosPartidosxAeropuerto2020-2026,MovimientosxAeropuerto2020-2026
Colombia,PDA,SKPD,Obando Cesar Gaviria Trujillo Airport,2023,12,2023-12,,,,,,,,,,233,232,0,0,465,0,233,232,465,sin_dato,disponible,PasajerosArribadosPartidosxAeropuerto2020-2026,MovimientosxAeropuerto2020-2026
Colombia,PEI,SKPE,Matecaña International Airport,2023,12,2023-12,72719,88581,9892,15575,161300,25467,82611,104156,186767,1120,1124,81,82,2244,163,1201,1206,2407,disponible,disponible,PasajerosArribadosPartidosxAeropuerto2020-2026,MovimientosxAeropuerto2020-2026
Colombia,PPN,SKPP,Guillermo León Valencia Airport,2023,12,2023-12,5807,6274,0,0,12081,0,5807,6274,12081,327,334,0,0,661,0,327,334,661,disponible,disponible,PasajerosArribadosPartidosxAeropuerto2020-2026,MovimientosxAeropuerto2020-2026
Colombia,PSO,SKPS,Antonio Nariño Airport,2023,12,2023-12,45655,39534,0,533,85189,533,45655,40067,85722,402,404,0,0,806,0,402,404,806,disponible,disponible,PasajerosArribadosPartidosxAeropuerto2020-2026,MovimientosxAeropuerto2020-2026
Colombia,PUU,SKAS,Tres De Mayo Airport,2023,12,2023-12,4773,4560,0,0,9333,0,4773,4560,9333,124,121,0,0,245,0,124,121,245,disponible,disponible,PasajerosArribadosPartidosxAeropuerto2020-2026,MovimientosxAeropuerto2020-2026
Colombia,PVA,SKPV,El Embrujo Airport,2023,12,2023-12,441,3593,0,0,4034,0,441,3593,4034,116,115,0,0,231,0,116,115,231,disponible,disponible,PasajerosArribadosPartidosxAeropuerto2020-2026,MovimientosxAeropuerto2020-2026
Colombia,RCH,SKRH,Almirante Padilla Airport,2023,12,2023-12,25374,23621,16,337,48995,353,25390,23958,49348,251,289,0,0,540,0,251,289,540,disponible,disponible,PasajerosArribadosPartidosxAeropuerto2020-2026,MovimientosxAeropuerto2020-2026
Colombia,RVE,SKSA,Los Colonizadores Airport,2023,12,2023-12,2384,2230,0,0,4614,0,2384,2230,4614,245,288,0,0,533,0,245,288,533,disponible,disponible,PasajerosArribadosPartidosxAeropuerto2020-2026,MovimientosxAeropuerto2020-2026
Colombia,SJE,SKSJ,Jorge E. Gonzalez Torres Airport,2023,12,2023-12,1572,1532,0,0,3104,0,1572,1532,3104,390,395,0,0,785,0,390,395,785,disponible,disponible,PasajerosArribadosPartidosxAeropuerto2020-2026,MovimientosxAeropuerto2020-2026
Colombia,SMR,SKSM,Simón Bolívar International Airport,2023,12,2023-12,99858,106279,1753,2684,206137,4437,101611,108963,210574,1001,999,18,18,2000,36,1019,1017,2036,disponible,disponible,PasajerosArribadosPartidosxAeropuerto2020-2026,MovimientosxAeropuerto2020-2026
Colombia,SVI,SKSV,Eduardo Falla Solano Airport,2023,12,2023-12,387,309,0,0,696,0,387,309,696,28,27,0,0,55,0,28,27,55,disponible,disponible,PasajerosArribadosPartidosxAeropuerto2020-2026,MovimientosxAeropuerto2020-2026
Colombia,TCD,SKRA,Tarapacá Airport,2023,12,2023-12,,,,,,,,,,25,21,0,0,46,0,25,21,46,sin_dato,disponible,PasajerosArribadosPartidosxAeropuerto2020-2026,MovimientosxAeropuerto2020-2026
Colombia,TCO,SKCO,La Florida Airport,2023,12,2023-12,4514,6345,0,0,10859,0,4514,6345,10859,287,283,0,3,570,3,287,286,573,disponible,disponible,PasajerosArribadosPartidosxAeropuerto2020-2026,MovimientosxAeropuerto2020-2026
Colombia,TLU,SKTL,Golfo de Morrosquillo Airport,2023,12,2023-12,6004,4225,0,0,10229,0,6004,4225,10229,168,166,0,0,334,0,168,166,334,disponible,disponible,PasajerosArribadosPartidosxAeropuerto2020-2026,MovimientosxAeropuerto2020-2026
Colombia,TME,SKTM,Gustavo Vargas Airport,2023,12,2023-12,340,341,0,0,681,0,340,341,681,180,180,0,0,360,0,180,180,360,disponible,disponible,PasajerosArribadosPartidosxAeropuerto2020-2026,MovimientosxAeropuerto2020-2026
Colombia,UIB,SKUI,El Caraño Airport,2023,12,2023-12,16593,15010,0,0,31603,0,16593,15010,31603,869,865,0,0,1734,0,869,865,1734,disponible,disponible,PasajerosArribadosPartidosxAeropuerto2020-2026,MovimientosxAeropuerto2020-2026
Colombia,VUP,SKVP,Alfonso López Pumarejo Airport,2023,12,2023-12,24519,20939,0,550,45458,550,24519,21489,46008,318,326,0,0,644,0,318,326,644,disponible,disponible,PasajerosArribadosPartidosxAeropuerto2020-2026,MovimientosxAeropuerto2020-2026
Colombia,VVC,SKVV,Vanguardia Airport,2023,12,2023-12,11281,14189,0,0,25470,0,11281,14189,25470,1527,1513,0,0,3040,0,1527,1513,3040,disponible,disponible,PasajerosArribadosPartidosxAeropuerto2020-2026,MovimientosxAeropuerto2020-2026
Colombia,ADZ,SKSP,Gustavo Rojas Pinilla International Airport,2024,1,2024-01,91274,105555,1810,4294,196829,6104,93084,109849,202933,859,867,19,20,1726,39,878,887,1765,disponible,disponible,PasajerosArribadosPartidosxAeropuerto2020-2026,MovimientosxAeropuerto2020-2026
Colombia,APO,SKLC,Antonio Roldán Betancur Airport,2024,1,2024-01,6455,6804,0,0,13259,0,6455,6804,13259,834,830,0,0,1664,0,834,830,1664,disponible,disponible,PasajerosArribadosPartidosxAeropuerto2020-2026,MovimientosxAeropuerto2020-2026
Colombia,AUC,SKUC,Santiago Perez Airport,2024,1,2024-01,4923,4962,0,0,9885,0,4923,4962,9885,296,299,0,0,595,0,296,299,595,disponible,disponible,PasajerosArribadosPartidosxAeropuerto2020-2026,MovimientosxAeropuerto2020-2026
Colombia,AXM,SKAR,El Eden Airport,2024,1,2024-01,28125,32204,2598,5718,60329,8316,30723,37922,68645,314,315,31,33,629,64,345,348,693,disponible,disponible,PasajerosArribadosPartidosxAeropuerto2020-2026,MovimientosxAeropuerto2020-2026
Colombia,BAQ,SKBQ,Ernesto Cortissoz International Airport,2024,1,2024-01,109461,132212,16965,21823,241673,38788,126426,154035,280461,1587,1597,186,180,3184,366,1773,1777,3550,disponible,disponible,PasajerosArribadosPartidosxAeropuerto2020-2026,MovimientosxAeropuerto2020-2026
Colombia,BGA,SKBG,Palonegro Airport,2024,1,2024-01,76007,89517,2190,7472,165524,9662,78197,96989,175186,1207,1201,28,25,2408,53,1235,1226,2461,disponible,disponible,PasajerosArribadosPartidosxAeropuerto2020-2026,MovimientosxAeropuerto2020-2026
Colombia,BOG,SKBO,El Dorado International Airport,2024,1,2024-01,1026770,861212,574550,614575,1887982,1189125,1601320,1475787,3077107,11311,11384,4960,4883,22695,9843,16271,16267,32538,disponible,disponible,PasajerosArribadosPartidosxAeropuerto2020-2026,MovimientosxAeropuerto2020-2026
Colombia,BSC,SKBS,José Celestino Mutis Airport,2024,1,2024-01,2922,3890,0,0,6812,0,2922,3890,6812,261,260,0,0,521,0,261,260,521,disponible,disponible,PasajerosArribadosPartidosxAeropuerto2020-2026,MovimientosxAeropuerto2020-2026
Colombia,BUN,SKBU,Gerardo Tobar López Airport,2024,1,2024-01,271,280,0,0,551,0,271,280,551,36,34,0,0,70,0,36,34,70,disponible,disponible,PasajerosArribadosPartidosxAeropuerto2020-2026,MovimientosxAeropuerto2020-2026
Colombia,CLO,SKCL,Alfonso Bonilla Aragon International Airport,2024,1,2024-01,191620,170876,49164,64873,362496,114037,240784,235749,476533,2653,2684,365,349,5337,714,3018,3033,6051,disponible,disponible,PasajerosArribadosPartidosxAeropuerto2020-2026,MovimientosxAeropuerto2020-2026
Colombia,CTG,SKCG,Rafael Nuñez International Airport,2024,1,2024-01,207554,213069,61676,81163,420623,142839,269230,294232,563462,1864,1843,505,571,3707,1076,2369,2414,4783,disponible,disponible,PasajerosArribadosPartidosxAeropuerto2020-2026,MovimientosxAeropuerto2020-2026
Colombia,CUC,SKCC,Camilo Daza International Airport,2024,1,2024-01,62581,73420,2176,6000,136001,8176,64757,79420,144177,772,780,34,33,1552,67,806,813,1619,disponible,disponible,PasajerosArribadosPartidosxAeropuerto2020-2026,MovimientosxAeropuerto2020-2026
Colombia,CZU,SKCZ,Las Brujas Airport,2024,1,2024-01,1383,1989,0,0,3372,0,1383,1989,3372,75,77,0,0,152,0,75,77,152,disponible,disponible,PasajerosArribadosPartidosxAeropuerto2020-2026,MovimientosxAeropuerto2020-2026
Colombia,EJA,SKEJ,Yariguíes Airport,2024,1,2024-01,4117,6735,0,48,10852,48,4117,6783,10900,215,209,0,0,424,0,215,209,424,disponible,disponible,PasajerosArribadosPartidosxAeropuerto2020-2026,MovimientosxAeropuerto2020-2026
Colombia,EOH,SKMD,Enrique Olaya Herrera Airport,2024,1,2024-01,53606,50721,19,0,104327,19,53625,50721,104346,2935,2942,9,10,5877,19,2944,2952,5896,disponible,disponible,PasajerosArribadosPartidosxAeropuerto2020-2026,MovimientosxAeropuerto2020-2026
Colombia,EYP,SKYP,El Alcaravan - Yopal Airport,2024,1,2024-01,10806,14738,0,0,25544,0,10806,14738,25544,558,546,0,0,1104,0,558,546,1104,disponible,disponible,PasajerosArribadosPartidosxAeropuerto2020-2026,MovimientosxAeropuerto2020-2026
Colombia,FLA,SKFL,Gustavo Artunduaga Paredes Airport,2024,1,2024-01,3204,3489,0,0,6693,0,3204,3489,6693,109,109,0,0,218,0,109,109,218,disponible,disponible,PasajerosArribadosPartidosxAeropuerto2020-2026,MovimientosxAeropuerto2020-2026
Colombia,GPI,SKGP,Guapi Airport,2024,1,2024-01,2589,246,0,0,2835,0,2589,246,2835,150,162,0,0,312,0,150,162,312,disponible,disponible,PasajerosArribadosPartidosxAeropuerto2020-2026,MovimientosxAeropuerto2020-2026
Colombia,IBE,SKIB,Perales Airport,2024,1,2024-01,1378,8962,0,0,10340,0,1378,8962,10340,174,174,0,0,348,0,174,174,348,disponible,disponible,PasajerosArribadosPartidosxAeropuerto2020-2026,MovimientosxAeropuerto2020-2026
Colombia,IPI,SKIP,San Luis Airport,2024,1,2024-01,3448,5375,0,0,8823,0,3448,5375,8823,56,55,0,0,111,0,56,55,111,disponible,disponible,PasajerosArribadosPartidosxAeropuerto2020-2026,MovimientosxAeropuerto2020-2026
Colombia,LCR,SKHZ,Virgilio Barco Vargas (La Chorrera) Airport,2024,1,2024-01,,,,,,,,,,20,18,0,0,38,0,20,18,38,sin_dato,disponible,PasajerosArribadosPartidosxAeropuerto2020-2026,MovimientosxAeropuerto2020-2026
Colombia,LET,SKLT,Alfredo Vásquez Cobo International Airport,2024,1,2024-01,18158,17601,0,35,35759,35,18158,17636,35794,274,276,1,2,550,3,275,278,553,disponible,disponible,PasajerosArribadosPartidosxAeropuerto2020-2026,MovimientosxAeropuerto2020-2026
Colombia,LMC,SKNA,La Macarena Airport,2024,1,2024-01,364,401,0,0,765,0,364,401,765,157,148,0,0,305,0,157,148,305,disponible,disponible,PasajerosArribadosPartidosxAeropuerto2020-2026,MovimientosxAeropuerto2020-2026
Colombia,LPD,SKLP,La Pedrera Airport,2024,1,2024-01,114,154,0,0,268,0,114,154,268,30,27,0,0,57,0,30,27,57,disponible,disponible,PasajerosArribadosPartidosxAeropuerto2020-2026,MovimientosxAeropuerto2020-2026
Colombia,LQM,SKLG,Caucaya Airport,2024,1,2024-01,675,719,0,0,1394,0,675,719,1394,41,38,0,0,79,0,41,38,79,disponible,disponible,PasajerosArribadosPartidosxAeropuerto2020-2026,MovimientosxAeropuerto2020-2026
Colombia,MDE,SKRG,Jose Maria Córdova International Airport,2024,1,2024-01,292498,327737,131651,171346,620235,302997,424149,499083,923232,2827,2773,1171,1201,5600,2372,3998,3974,7972,disponible,disponible,PasajerosArribadosPartidosxAeropuerto2020-2026,MovimientosxAeropuerto2020-2026
Colombia,MTR,SKMR,Los Garzones Airport,2024,1,2024-01,45750,67330,0,626,113080,626,45750,67956,113706,726,725,0,1,1451,1,726,726,1452,disponible,disponible,PasajerosArribadosPartidosxAeropuerto2020-2026,MovimientosxAeropuerto2020-2026
Colombia,MVP,SKMU,Fabio Alberto Leon Bentley Airport,2024,1,2024-01,1834,1820,0,0,3654,0,1834,1820,3654,465,467,0,0,932,0,465,467,932,disponible,disponible,PasajerosArribadosPartidosxAeropuerto2020-2026,MovimientosxAeropuerto2020-2026
Colombia,MZL,SKMZ,La Nubia Airport,2024,1,2024-01,3793,4368,0,0,8161,0,3793,4368,8161,175,176,0,0,351,0,175,176,351,disponible,disponible,PasajerosArribadosPartidosxAeropuerto2020-2026,MovimientosxAeropuerto2020-2026
Colombia,NQU,SKNQ,Reyes Murillo Airport,2024,1,2024-01,1929,3119,0,0,5048,0,1929,3119,5048,194,193,1,0,387,1,195,193,388,disponible,disponible,PasajerosArribadosPartidosxAeropuerto2020-2026,MovimientosxAeropuerto2020-2026
Colombia,NVA,SKNV,Benito Salas Airport,2024,1,2024-01,11515,16821,0,0,28336,0,11515,16821,28336,343,351,0,0,694,0,343,351,694,disponible,disponible,PasajerosArribadosPartidosxAeropuerto2020-2026,MovimientosxAeropuerto2020-2026
Colombia,PCR,SKPC,German Olano Airport,2024,1,2024-01,2638,2699,0,0,5337,0,2638,2699,5337,141,137,0,0,278,0,141,137,278,disponible,disponible,PasajerosArribadosPartidosxAeropuerto2020-2026,MovimientosxAeropuerto2020-2026
Colombia,PDA,SKPD,Obando Cesar Gaviria Trujillo Airport,2024,1,2024-01,,,,,,,,,,192,188,0,0,380,0,192,188,380,sin_dato,disponible,PasajerosArribadosPartidosxAeropuerto2020-2026,MovimientosxAeropuerto2020-2026
Colombia,PEI,SKPE,Matecaña International Airport,2024,1,2024-01,79931,85793,7846,20585,165724,28431,87777,106378,194155,969,966,76,74,1935,150,1045,1040,2085,disponible,disponible,PasajerosArribadosPartidosxAeropuerto2020-2026,MovimientosxAeropuerto2020-2026
Colombia,PPN,SKPP,Guillermo León Valencia Airport,2024,1,2024-01,4318,2469,0,0,6787,0,4318,2469,6787,327,328,0,0,655,0,327,328,655,disponible,disponible,PasajerosArribadosPartidosxAeropuerto2020-2026,MovimientosxAeropuerto2020-2026
Colombia,PSO,SKPS,Antonio Nariño Airport,2024,1,2024-01,34883,37969,0,676,72852,676,34883,38645,73528,413,413,0,0,826,0,413,413,826,disponible,disponible,PasajerosArribadosPartidosxAeropuerto2020-2026,MovimientosxAeropuerto2020-2026
Colombia,PUU,SKAS,Tres De Mayo Airport,2024,1,2024-01,3973,4300,0,0,8273,0,3973,4300,8273,126,127,0,0,253,0,126,127,253,disponible,disponible,PasajerosArribadosPartidosxAeropuerto2020-2026,MovimientosxAeropuerto2020-2026
Colombia,PVA,SKPV,El Embrujo Airport,2024,1,2024-01,3874,4237,0,0,8111,0,3874,4237,8111,122,120,0,0,242,0,122,120,242,disponible,disponible,PasajerosArribadosPartidosxAeropuerto2020-2026,MovimientosxAeropuerto2020-2026
Colombia,RCH,SKRH,Almirante Padilla Airport,2024,1,2024-01,24486,28904,0,348,53390,348,24486,29252,53738,227,248,0,0,475,0,227,248,475,disponible,disponible,PasajerosArribadosPartidosxAeropuerto2020-2026,MovimientosxAeropuerto2020-2026
Colombia,RVE,SKSA,Los Colonizadores Airport,2024,1,2024-01,1843,2079,0,0,3922,0,1843,2079,3922,257,294,0,0,551,0,257,294,551,disponible,disponible,PasajerosArribadosPartidosxAeropuerto2020-2026,MovimientosxAeropuerto2020-2026
Colombia,SJE,SKSJ,Jorge E. Gonzalez Torres Airport,2024,1,2024-01,1373,1404,0,0,2777,0,1373,1404,2777,305,307,0,0,612,0,305,307,612,disponible,disponible,PasajerosArribadosPartidosxAeropuerto2020-2026,MovimientosxAeropuerto2020-2026
Colombia,SMR,SKSM,Simón Bolívar International Airport,2024,1,2024-01,124614,131600,1365,3147,256214,4512,125979,134747,260726,953,966,21,23,1919,44,974,989,1963,disponible,disponible,PasajerosArribadosPartidosxAeropuerto2020-2026,MovimientosxAeropuerto2020-2026
Colombia,SVI,SKSV,Eduardo Falla Solano Airport,2024,1,2024-01,318,379,0,0,697,0,318,379,697,27,26,0,0,53,0,27,26,53,disponible,disponible,PasajerosArribadosPartidosxAeropuerto2020-2026,MovimientosxAeropuerto2020-2026
Colombia,TCD,SKRA,Tarapacá Airport,2024,1,2024-01,,,,,,,,,,16,17,0,0,33,0,16,17,33,sin_dato,disponible,PasajerosArribadosPartidosxAeropuerto2020-2026,MovimientosxAeropuerto2020-2026
Colombia,TCO,SKCO,La Florida Airport,2024,1,2024-01,4239,6337,0,0,10576,0,4239,6337,10576,305,305,0,0,610,0,305,305,610,disponible,disponible,PasajerosArribadosPartidosxAeropuerto2020-2026,MovimientosxAeropuerto2020-2026
Colombia,TLU,SKTL,Golfo de Morrosquillo Airport,2024,1,2024-01,5838,2214,0,0,8052,0,5838,2214,8052,223,226,0,0,449,0,223,226,449,disponible,disponible,PasajerosArribadosPartidosxAeropuerto2020-2026,MovimientosxAeropuerto2020-2026
Colombia,TME,SKTM,Gustavo Vargas Airport,2024,1,2024-01,264,323,0,0,587,0,264,323,587,155,156,0,0,311,0,155,156,311,disponible,disponible,PasajerosArribadosPartidosxAeropuerto2020-2026,MovimientosxAeropuerto2020-2026
Colombia,UIB,SKUI,El Caraño Airport,2024,1,2024-01,10399,15949,0,0,26348,0,10399,15949,26348,864,860,0,0,1724,0,864,860,1724,disponible,disponible,PasajerosArribadosPartidosxAeropuerto2020-2026,MovimientosxAeropuerto2020-2026
Colombia,VUP,SKVP,Alfonso López Pumarejo Airport,2024,1,2024-01,16954,25645,0,604,42599,604,16954,26249,43203,318,329,0,0,647,0,318,329,647,disponible,disponible,PasajerosArribadosPartidosxAeropuerto2020-2026,MovimientosxAeropuerto2020-2026
Colombia,VVC,SKVV,Vanguardia Airport,2024,1,2024-01,10992,16611,0,0,27603,0,10992,16611,27603,1468,1474,0,0,2942,0,1468,1474,2942,disponible,disponible,PasajerosArribadosPartidosxAeropuerto2020-2026,MovimientosxAeropuerto2020-2026
Colombia,ADZ,SKSP,Gustavo Rojas Pinilla International Airport,2024,2,2024-02,87645,97881,2077,4766,185526,6843,89722,102647,192369,781,777,21,20,1558,41,802,797,1599,disponible,disponible,PasajerosArribadosPartidosxAeropuerto2020-2026,MovimientosxAeropuerto2020-2026
Colombia,APO,SKLC,Antonio Roldán Betancur Airport,2024,2,2024-02,6314,6236,0,0,12550,0,6314,6236,12550,773,777,1,0,1550,1,774,777,1551,disponible,disponible,PasajerosArribadosPartidosxAeropuerto2020-2026,MovimientosxAeropuerto2020-2026
Colombia,AUC,SKUC,Santiago Perez Airport,2024,2,2024-02,4877,4804,0,0,9681,0,4877,4804,9681,303,302,0,0,605,0,303,302,605,disponible,disponible,PasajerosArribadosPartidosxAeropuerto2020-2026,MovimientosxAeropuerto2020-2026
Colombia,AXM,SKAR,El Eden Airport,2024,2,2024-02,20791,26809,3243,4455,47600,7698,24034,31264,55298,306,306,28,28,612,56,334,334,668,disponible,disponible,PasajerosArribadosPartidosxAeropuerto2020-2026,MovimientosxAeropuerto2020-2026
Colombia,BAQ,SKBQ,Ernesto Cortissoz International Airport,2024,2,2024-02,91196,74873,16145,20010,166069,36155,107341,94883,202224,1661,1690,168,173,3351,341,1829,1863,3692,disponible,disponible,PasajerosArribadosPartidosxAeropuerto2020-2026,MovimientosxAeropuerto2020-2026
Colombia,BGA,SKBG,Palonegro Airport,2024,2,2024-02,71827,72270,988,4074,144097,5062,72815,76344,149159,1110,1090,22,23,2200,45,1132,1113,2245,disponible,disponible,PasajerosArribadosPartidosxAeropuerto2020-2026,MovimientosxAeropuerto2020-2026
Colombia,BOG,SKBO,El Dorado International Airport,2024,2,2024-02,760112,817858,527792,523372,1577970,1051164,1287904,1341230,2629134,10877,10969,4606,4546,21846,9152,15483,15515,30998,disponible,disponible,PasajerosArribadosPartidosxAeropuerto2020-2026,MovimientosxAeropuerto2020-2026
Colombia,BSC,SKBS,José Celestino Mutis Airport,2024,2,2024-02,1991,1900,0,0,3891,0,1991,1900,3891,226,225,0,0,451,0,226,225,451,disponible,disponible,PasajerosArribadosPartidosxAeropuerto2020-2026,MovimientosxAeropuerto2020-2026
Colombia,BUN,SKBU,Gerardo Tobar López Airport,2024,2,2024-02,340,263,0,0,603,0,340,263,603,29,32,0,0,61,0,29,32,61,disponible,disponible,PasajerosArribadosPartidosxAeropuerto2020-2026,MovimientosxAeropuerto2020-2026
Colombia,CLO,SKCL,Alfonso Bonilla Aragon International Airport,2024,2,2024-02,163808,142645,36596,53538,306453,90134,200404,196183,396587,2663,2692,306,294,5355,600,2969,2986,5955,disponible,disponible,PasajerosArribadosPartidosxAeropuerto2020-2026,MovimientosxAeropuerto2020-2026
Colombia,CTG,SKCG,Rafael Nuñez International Airport,2024,2,2024-02,167880,119951,59861,73529,287831,133390,227741,193480,421221,1745,1708,471,508,3453,979,2216,2216,4432,disponible,disponible,PasajerosArribadosPartidosxAeropuerto2020-2026,MovimientosxAeropuerto2020-2026
Colombia,CUC,SKCC,Camilo Daza International Airport,2024,2,2024-02,46628,55807,2659,4915,102435,7574,49287,60722,110009,741,740,27,27,1481,54,768,767,1535,disponible,disponible,PasajerosArribadosPartidosxAeropuerto2020-2026,MovimientosxAeropuerto2020-2026
Colombia,CZU,SKCZ,Las Brujas Airport,2024,2,2024-02,925,1016,0,0,1941,0,925,1016,1941,46,49,0,0,95,0,46,49,95,disponible,disponible,PasajerosArribadosPartidosxAeropuerto2020-2026,MovimientosxAeropuerto2020-2026
Colombia,EJA,SKEJ,Yariguíes Airport,2024,2,2024-02,4889,6620,0,30,11509,30,4889,6650,11539,261,256,0,0,517,0,261,256,517,disponible,disponible,PasajerosArribadosPartidosxAeropuerto2020-2026,MovimientosxAeropuerto2020-2026
Colombia,EOH,SKMD,Enrique Olaya Herrera Airport,2024,2,2024-02,39119,32532,0,0,71651,0,39119,32532,71651,2858,2862,6,5,5720,11,2864,2867,5731,disponible,disponible,PasajerosArribadosPartidosxAeropuerto2020-2026,MovimientosxAeropuerto2020-2026
Colombia,EYP,SKYP,El Alcaravan - Yopal Airport,2024,2,2024-02,10780,11953,0,0,22733,0,10780,11953,22733,668,660,0,0,1328,0,668,660,1328,disponible,disponible,PasajerosArribadosPartidosxAeropuerto2020-2026,MovimientosxAeropuerto2020-2026
Colombia,FLA,SKFL,Gustavo Artunduaga Paredes Airport,2024,2,2024-02,2283,3176,0,0,5459,0,2283,3176,5459,120,123,0,0,243,0,120,123,243,disponible,disponible,PasajerosArribadosPartidosxAeropuerto2020-2026,MovimientosxAeropuerto2020-2026
Colombia,GPI,SKGP,Guapi Airport,2024,2,2024-02,2200,2079,0,0,4279,0,2200,2079,4279,109,107,0,0,216,0,109,107,216,disponible,disponible,PasajerosArribadosPartidosxAeropuerto2020-2026,MovimientosxAeropuerto2020-2026
Colombia,IBE,SKIB,Perales Airport,2024,2,2024-02,3927,1310,0,0,5237,0,3927,1310,5237,237,234,0,0,471,0,237,234,471,disponible,disponible,PasajerosArribadosPartidosxAeropuerto2020-2026,MovimientosxAeropuerto2020-2026
Colombia,IPI,SKIP,San Luis Airport,2024,2,2024-02,2886,4989,0,0,7875,0,2886,4989,7875,51,50,0,0,101,0,51,50,101,disponible,disponible,PasajerosArribadosPartidosxAeropuerto2020-2026,MovimientosxAeropuerto2020-2026
Colombia,LCR,SKHZ,Virgilio Barco Vargas (La Chorrera) Airport,2024,2,2024-02,,,,,,,,,,25,19,0,0,44,0,25,19,44,sin_dato,disponible,PasajerosArribadosPartidosxAeropuerto2020-2026,MovimientosxAeropuerto2020-2026
Colombia,LET,SKLT,Alfredo Vásquez Cobo International Airport,2024,2,2024-02,15949,15171,50,104,31120,154,15999,15275,31274,240,257,1,5,497,6,241,262,503,disponible,disponible,PasajerosArribadosPartidosxAeropuerto2020-2026,MovimientosxAeropuerto2020-2026
Colombia,LMC,SKNA,La Macarena Airport,2024,2,2024-02,521,573,0,0,1094,0,521,573,1094,197,194,0,0,391,0,197,194,391,disponible,disponible,PasajerosArribadosPartidosxAeropuerto2020-2026,MovimientosxAeropuerto2020-2026
Colombia,LPD,SKLP,La Pedrera Airport,2024,2,2024-02,196,165,0,0,361,0,196,165,361,34,31,0,0,65,0,34,31,65,disponible,disponible,PasajerosArribadosPartidosxAeropuerto2020-2026,MovimientosxAeropuerto2020-2026
Colombia,LQM,SKLG,Caucaya Airport,2024,2,2024-02,667,570,0,0,1237,0,667,570,1237,44,37,0,0,81,0,44,37,81,disponible,disponible,PasajerosArribadosPartidosxAeropuerto2020-2026,MovimientosxAeropuerto2020-2026
Colombia,MDE,SKRG,Jose Maria Córdova International Airport,2024,2,2024-02,295946,276904,120582,141627,572850,262209,416528,418531,835059,2874,2849,1015,1047,5723,2062,3889,3896,7785,disponible,disponible,PasajerosArribadosPartidosxAeropuerto2020-2026,MovimientosxAeropuerto2020-2026
Colombia,MTR,SKMR,Los Garzones Airport,2024,2,2024-02,49235,54317,0,474,103552,474,49235,54791,104026,710,712,1,0,1422,1,711,712,1423,disponible,disponible,PasajerosArribadosPartidosxAeropuerto2020-2026,MovimientosxAeropuerto2020-2026
Colombia,MVP,SKMU,Fabio Alberto Leon Bentley Airport,2024,2,2024-02,1904,1967,0,0,3871,0,1904,1967,3871,530,527,0,0,1057,0,530,527,1057,disponible,disponible,PasajerosArribadosPartidosxAeropuerto2020-2026,MovimientosxAeropuerto2020-2026
Colombia,MZL,SKMZ,La Nubia Airport,2024,2,2024-02,2826,2436,0,0,5262,0,2826,2436,5262,104,106,0,0,210,0,104,106,210,disponible,disponible,PasajerosArribadosPartidosxAeropuerto2020-2026,MovimientosxAeropuerto2020-2026
Colombia,NQU,SKNQ,Reyes Murillo Airport,2024,2,2024-02,1342,1513,0,0,2855,0,1342,1513,2855,114,114,0,0,228,0,114,114,228,disponible,disponible,PasajerosArribadosPartidosxAeropuerto2020-2026,MovimientosxAeropuerto2020-2026
Colombia,NVA,SKNV,Benito Salas Airport,2024,2,2024-02,3923,14866,0,0,18789,0,3923,14866,18789,379,381,0,0,760,0,379,381,760,disponible,disponible,PasajerosArribadosPartidosxAeropuerto2020-2026,MovimientosxAeropuerto2020-2026
Colombia,PCR,SKPC,German Olano Airport,2024,2,2024-02,2907,3012,0,0,5919,0,2907,3012,5919,148,146,0,0,294,0,148,146,294,disponible,disponible,PasajerosArribadosPartidosxAeropuerto2020-2026,MovimientosxAeropuerto2020-2026
Colombia,PDA,SKPD,Obando Cesar Gaviria Trujillo Airport,2024,2,2024-02,,,,,,,,,,191,195,0,0,386,0,191,195,386,sin_dato,disponible,PasajerosArribadosPartidosxAeropuerto2020-2026,MovimientosxAeropuerto2020-2026
Colombia,PEI,SKPE,Matecaña International Airport,2024,2,2024-02,65295,83402,6634,13657,148697,20291,71929,97059,168988,970,969,60,61,1939,121,1030,1030,2060,disponible,disponible,PasajerosArribadosPartidosxAeropuerto2020-2026,MovimientosxAeropuerto2020-2026
Colombia,PPN,SKPP,Guillermo León Valencia Airport,2024,2,2024-02,4498,5854,0,0,10352,0,4498,5854,10352,277,282,0,0,559,0,277,282,559,disponible,disponible,PasajerosArribadosPartidosxAeropuerto2020-2026,MovimientosxAeropuerto2020-2026
Colombia,PSO,SKPS,Antonio Nariño Airport,2024,2,2024-02,29544,26152,0,457,55696,457,29544,26609,56153,379,377,0,0,756,0,379,377,756,disponible,disponible,PasajerosArribadosPartidosxAeropuerto2020-2026,MovimientosxAeropuerto2020-2026
Colombia,PUU,SKAS,Tres De Mayo Airport,2024,2,2024-02,3713,3796,0,0,7509,0,3713,3796,7509,130,130,0,0,260,0,130,130,260,disponible,disponible,PasajerosArribadosPartidosxAeropuerto2020-2026,MovimientosxAeropuerto2020-2026
Colombia,PVA,SKPV,El Embrujo Airport,2024,2,2024-02,3489,3559,0,0,7048,0,3489,3559,7048,103,103,0,0,206,0,103,103,206,disponible,disponible,PasajerosArribadosPartidosxAeropuerto2020-2026,MovimientosxAeropuerto2020-2026
Colombia,RCH,SKRH,Almirante Padilla Airport,2024,2,2024-02,21091,9033,19,210,30124,229,21110,9243,30353,184,199,0,0,383,0,184,199,383,disponible,disponible,PasajerosArribadosPartidosxAeropuerto2020-2026,MovimientosxAeropuerto2020-2026
Colombia,RVE,SKSA,Los Colonizadores Airport,2024,2,2024-02,1730,1658,0,0,3388,0,1730,1658,3388,193,217,0,0,410,0,193,217,410,disponible,disponible,PasajerosArribadosPartidosxAeropuerto2020-2026,MovimientosxAeropuerto2020-2026
Colombia,SJE,SKSJ,Jorge E. Gonzalez Torres Airport,2024,2,2024-02,1998,2102,0,0,4100,0,1998,2102,4100,283,287,0,0,570,0,283,287,570,disponible,disponible,PasajerosArribadosPartidosxAeropuerto2020-2026,MovimientosxAeropuerto2020-2026
Colombia,SMR,SKSM,Simón Bolívar International Airport,2024,2,2024-02,113082,106004,1354,3469,219086,4823,114436,109473,223909,924,934,13,14,1858,27,937,948,1885,disponible,disponible,PasajerosArribadosPartidosxAeropuerto2020-2026,MovimientosxAeropuerto2020-2026
Colombia,SVI,SKSV,Eduardo Falla Solano Airport,2024,2,2024-02,229,236,0,0,465,0,229,236,465,28,28,0,0,56,0,28,28,56,disponible,disponible,PasajerosArribadosPartidosxAeropuerto2020-2026,MovimientosxAeropuerto2020-2026
Colombia,TCD,SKRA,Tarapacá Airport,2024,2,2024-02,,,,,,,,,,14,9,0,0,23,0,14,9,23,sin_dato,disponible,PasajerosArribadosPartidosxAeropuerto2020-2026,MovimientosxAeropuerto2020-2026
Colombia,TCO,SKCO,La Florida Airport,2024,2,2024-02,2510,4799,0,0,7309,0,2510,4799,7309,253,246,0,1,499,1,253,247,500,disponible,disponible,PasajerosArribadosPartidosxAeropuerto2020-2026,MovimientosxAeropuerto2020-2026
Colombia,TLU,SKTL,Golfo de Morrosquillo Airport,2024,2,2024-02,2559,1482,0,0,4041,0,2559,1482,4041,106,105,0,0,211,0,106,105,211,disponible,disponible,PasajerosArribadosPartidosxAeropuerto2020-2026,MovimientosxAeropuerto2020-2026
Colombia,TME,SKTM,Gustavo Vargas Airport,2024,2,2024-02,236,237,0,0,473,0,236,237,473,90,90,0,0,180,0,90,90,180,disponible,disponible,PasajerosArribadosPartidosxAeropuerto2020-2026,MovimientosxAeropuerto2020-2026
Colombia,UIB,SKUI,El Caraño Airport,2024,2,2024-02,3837,9732,0,0,13569,0,3837,9732,13569,630,627,0,0,1257,0,630,627,1257,disponible,disponible,PasajerosArribadosPartidosxAeropuerto2020-2026,MovimientosxAeropuerto2020-2026
Colombia,VUP,SKVP,Alfonso López Pumarejo Airport,2024,2,2024-02,16795,18108,0,375,34903,375,16795,18483,35278,333,345,0,0,678,0,333,345,678,disponible,disponible,PasajerosArribadosPartidosxAeropuerto2020-2026,MovimientosxAeropuerto2020-2026
Colombia,VVC,SKVV,Vanguardia Airport,2024,2,2024-02,11345,16683,0,0,28028,0,11345,16683,28028,1487,1487,0,0,2974,0,1487,1487,2974,disponible,disponible,PasajerosArribadosPartidosxAeropuerto2020-2026,MovimientosxAeropuerto2020-2026
Colombia,ADZ,SKSP,Gustavo Rojas Pinilla International Airport,2024,3,2024-03,71819,92560,2172,5170,164379,7342,73991,97730,171721,851,851,19,20,1702,39,870,871,1741,disponible,disponible,PasajerosArribadosPartidosxAeropuerto2020-2026,MovimientosxAeropuerto2020-2026
Colombia,APO,SKLC,Antonio Roldán Betancur Airport,2024,3,2024-03,7152,6968,0,0,14120,0,7152,6968,14120,804,800,0,0,1604,0,804,800,1604,disponible,disponible,PasajerosArribadosPartidosxAeropuerto2020-2026,MovimientosxAeropuerto2020-2026
Colombia,AUC,SKUC,Santiago Perez Airport,2024,3,2024-03,5423,3173,0,0,8596,0,5423,3173,8596,283,277,0,0,560,0,283,277,560,disponible,disponible,PasajerosArribadosPartidosxAeropuerto2020-2026,MovimientosxAeropuerto2020-2026
Colombia,AXM,SKAR,El Eden Airport,2024,3,2024-03,28833,22099,3229,4311,50932,7540,32062,26410,58472,345,347,27,27,692,54,372,374,746,disponible,disponible,PasajerosArribadosPartidosxAeropuerto2020-2026,MovimientosxAeropuerto2020-2026
Colombia,BAQ,SKBQ,Ernesto Cortissoz International Airport,2024,3,2024-03,71618,107416,15933,22881,179034,38814,87551,130297,217848,1761,1787,191,186,3548,377,1952,1973,3925,disponible,disponible,PasajerosArribadosPartidosxAeropuerto2020-2026,MovimientosxAeropuerto2020-2026
Colombia,BGA,SKBG,Palonegro Airport,2024,3,2024-03,82541,78540,1370,5335,161081,6705,83911,83875,167786,1165,1161,24,22,2326,46,1189,1183,2372,disponible,disponible,PasajerosArribadosPartidosxAeropuerto2020-2026,MovimientosxAeropuerto2020-2026
Colombia,BOG,SKBO,El Dorado International Airport,2024,3,2024-03,886194,841567,540363,596720,1727761,1137083,1426557,1438287,2864844,11692,11756,4836,4765,23448,9601,16528,16521,33049,disponible,disponible,PasajerosArribadosPartidosxAeropuerto2020-2026,MovimientosxAeropuerto2020-2026
Colombia,BSC,SKBS,José Celestino Mutis Airport,2024,3,2024-03,2755,2668,0,0,5423,0,2755,2668,5423,241,242,0,0,483,0,241,242,483,disponible,disponible,PasajerosArribadosPartidosxAeropuerto2020-2026,MovimientosxAeropuerto2020-2026
Colombia,BUN,SKBU,Gerardo Tobar López Airport,2024,3,2024-03,244,240,0,0,484,0,244,240,484,38,36,0,0,74,0,38,36,74,disponible,disponible,PasajerosArribadosPartidosxAeropuerto2020-2026,MovimientosxAeropuerto2020-2026
Colombia,CLO,SKCL,Alfonso Bonilla Aragon International Airport,2024,3,2024-03,201355,195975,35726,59901,397330,95627,237081,255876,492957,2800,2790,300,292,5590,592,3100,3082,6182,disponible,disponible,PasajerosArribadosPartidosxAeropuerto2020-2026,MovimientosxAeropuerto2020-2026
Colombia,CTG,SKCG,Rafael Nuñez International Airport,2024,3,2024-03,197027,202322,59852,81088,399349,140940,256879,283410,540289,1925,1882,458,520,3807,978,2383,2402,4785,disponible,disponible,PasajerosArribadosPartidosxAeropuerto2020-2026,MovimientosxAeropuerto2020-2026
Colombia,CUC,SKCC,Camilo Daza International Airport,2024,3,2024-03,54651,57654,2868,5805,112305,8673,57519,63459,120978,742,748,34,34,1490,68,776,782,1558,disponible,disponible,PasajerosArribadosPartidosxAeropuerto2020-2026,MovimientosxAeropuerto2020-2026
Colombia,CZU,SKCZ,Las Brujas Airport,2024,3,2024-03,1278,1203,0,0,2481,0,1278,1203,2481,86,91,0,0,177,0,86,91,177,disponible,disponible,PasajerosArribadosPartidosxAeropuerto2020-2026,MovimientosxAeropuerto2020-2026
Colombia,EJA,SKEJ,Yariguíes Airport,2024,3,2024-03,4333,6506,0,22,10839,22,4333,6528,10861,247,245,0,0,492,0,247,245,492,disponible,disponible,PasajerosArribadosPartidosxAeropuerto2020-2026,MovimientosxAeropuerto2020-2026
Colombia,EOH,SKMD,Enrique Olaya Herrera Airport,2024,3,2024-03,50604,47332,0,0,97936,0,50604,47332,97936,2923,2922,5,9,5845,14,2928,2931,5859,disponible,disponible,PasajerosArribadosPartidosxAeropuerto2020-2026,MovimientosxAeropuerto2020-2026
Colombia,EYP,SKYP,El Alcaravan - Yopal Airport,2024,3,2024-03,11227,10435,0,0,21662,0,11227,10435,21662,730,727,0,0,1457,0,730,727,1457,disponible,disponible,PasajerosArribadosPartidosxAeropuerto2020-2026,MovimientosxAeropuerto2020-2026
Colombia,FLA,SKFL,Gustavo Artunduaga Paredes Airport,2024,3,2024-03,3467,3558,0,0,7025,0,3467,3558,7025,130,135,0,0,265,0,130,135,265,disponible,disponible,PasajerosArribadosPartidosxAeropuerto2020-2026,MovimientosxAeropuerto2020-2026
Colombia,GPI,SKGP,Guapi Airport,2024,3,2024-03,2205,2397,0,0,4602,0,2205,2397,4602,131,132,0,0,263,0,131,132,263,disponible,disponible,PasajerosArribadosPartidosxAeropuerto2020-2026,MovimientosxAeropuerto2020-2026
Colombia,IBE,SKIB,Perales Airport,2024,3,2024-03,4601,8471,0,0,13072,0,4601,8471,13072,194,194,0,0,388,0,194,194,388,disponible,disponible,PasajerosArribadosPartidosxAeropuerto2020-2026,MovimientosxAeropuerto2020-2026
Colombia,IPI,SKIP,San Luis Airport,2024,3,2024-03,3339,5244,0,0,8583,0,3339,5244,8583,54,55,0,0,109,0,54,55,109,disponible,disponible,PasajerosArribadosPartidosxAeropuerto2020-2026,MovimientosxAeropuerto2020-2026
Colombia,LCR,SKHZ,Virgilio Barco Vargas (La Chorrera) Airport,2024,3,2024-03,,,,,,,,,,31,34,0,0,65,0,31,34,65,sin_dato,disponible,PasajerosArribadosPartidosxAeropuerto2020-2026,MovimientosxAeropuerto2020-2026
Colombia,LET,SKLT,Alfredo Vásquez Cobo International Airport,2024,3,2024-03,16711,16342,0,45,33053,45,16711,16387,33098,236,242,0,3,478,3,236,245,481,disponible,disponible,PasajerosArribadosPartidosxAeropuerto2020-2026,MovimientosxAeropuerto2020-2026
Colombia,LMC,SKNA,La Macarena Airport,2024,3,2024-03,436,469,0,0,905,0,436,469,905,154,156,0,0,310,0,154,156,310,disponible,disponible,PasajerosArribadosPartidosxAeropuerto2020-2026,MovimientosxAeropuerto2020-2026
Colombia,LPD,SKLP,La Pedrera Airport,2024,3,2024-03,153,198,0,0,351,0,153,198,351,50,43,0,0,93,0,50,43,93,disponible,disponible,PasajerosArribadosPartidosxAeropuerto2020-2026,MovimientosxAeropuerto2020-2026
Colombia,LQM,SKLG,Caucaya Airport,2024,3,2024-03,664,686,0,0,1350,0,664,686,1350,34,25,0,0,59,0,34,25,59,disponible,disponible,PasajerosArribadosPartidosxAeropuerto2020-2026,MovimientosxAeropuerto2020-2026
Colombia,MDE,SKRG,Jose Maria Córdova International Airport,2024,3,2024-03,323991,327782,122787,143695,651773,266482,446778,471477,918255,3156,3111,1097,1127,6267,2224,4253,4238,8491,disponible,disponible,PasajerosArribadosPartidosxAeropuerto2020-2026,MovimientosxAeropuerto2020-2026
Colombia,MTR,SKMR,Los Garzones Airport,2024,3,2024-03,56740,52668,0,515,109408,515,56740,53183,109923,799,799,0,0,1598,0,799,799,1598,disponible,disponible,PasajerosArribadosPartidosxAeropuerto2020-2026,MovimientosxAeropuerto2020-2026
Colombia,MVP,SKMU,Fabio Alberto Leon Bentley Airport,2024,3,2024-03,1772,2183,0,0,3955,0,1772,2183,3955,664,666,0,0,1330,0,664,666,1330,disponible,disponible,PasajerosArribadosPartidosxAeropuerto2020-2026,MovimientosxAeropuerto2020-2026
Colombia,MZL,SKMZ,La Nubia Airport,2024,3,2024-03,1085,3465,0,0,4550,0,1085,3465,4550,142,140,0,0,282,0,142,140,282,disponible,disponible,PasajerosArribadosPartidosxAeropuerto2020-2026,MovimientosxAeropuerto2020-2026
Colombia,NQU,SKNQ,Reyes Murillo Airport,2024,3,2024-03,1784,1819,0,0,3603,0,1784,1819,3603,132,133,0,0,265,0,132,133,265,disponible,disponible,PasajerosArribadosPartidosxAeropuerto2020-2026,MovimientosxAeropuerto2020-2026
Colombia,NVA,SKNV,Benito Salas Airport,2024,3,2024-03,12298,11257,0,0,23555,0,12298,11257,23555,373,371,0,0,744,0,373,371,744,disponible,disponible,PasajerosArribadosPartidosxAeropuerto2020-2026,MovimientosxAeropuerto2020-2026
Colombia,PCR,SKPC,German Olano Airport,2024,3,2024-03,1561,3241,0,0,4802,0,1561,3241,4802,137,135,0,0,272,0,137,135,272,disponible,disponible,PasajerosArribadosPartidosxAeropuerto2020-2026,MovimientosxAeropuerto2020-2026
Colombia,PDA,SKPD,Obando Cesar Gaviria Trujillo Airport,2024,3,2024-03,,,,,,,,,,163,161,0,0,324,0,163,161,324,sin_dato,disponible,PasajerosArribadosPartidosxAeropuerto2020-2026,MovimientosxAeropuerto2020-2026
Colombia,PEI,SKPE,Matecaña International Airport,2024,3,2024-03,62211,64907,6843,14907,127118,21750,69054,79814,148868,986,991,66,64,1977,130,1052,1055,2107,disponible,disponible,PasajerosArribadosPartidosxAeropuerto2020-2026,MovimientosxAeropuerto2020-2026
Colombia,PPN,SKPP,Guillermo León Valencia Airport,2024,3,2024-03,5371,6624,0,0,11995,0,5371,6624,11995,304,303,0,0,607,0,304,303,607,disponible,disponible,PasajerosArribadosPartidosxAeropuerto2020-2026,MovimientosxAeropuerto2020-2026
Colombia,PSO,SKPS,Antonio Nariño Airport,2024,3,2024-03,29122,35248,0,487,64370,487,29122,35735,64857,445,435,0,0,880,0,445,435,880,disponible,disponible,PasajerosArribadosPartidosxAeropuerto2020-2026,MovimientosxAeropuerto2020-2026
Colombia,PUU,SKAS,Tres De Mayo Airport,2024,3,2024-03,3932,3932,0,0,7864,0,3932,3932,7864,128,144,0,0,272,0,128,144,272,disponible,disponible,PasajerosArribadosPartidosxAeropuerto2020-2026,MovimientosxAeropuerto2020-2026
Colombia,PVA,SKPV,El Embrujo Airport,2024,3,2024-03,3886,3751,0,0,7637,0,3886,3751,7637,132,131,0,0,263,0,132,131,263,disponible,disponible,PasajerosArribadosPartidosxAeropuerto2020-2026,MovimientosxAeropuerto2020-2026
Colombia,RCH,SKRH,Almirante Padilla Airport,2024,3,2024-03,19948,18480,0,233,38428,233,19948,18713,38661,219,219,0,0,438,0,219,219,438,disponible,disponible,PasajerosArribadosPartidosxAeropuerto2020-2026,MovimientosxAeropuerto2020-2026
Colombia,RVE,SKSA,Los Colonizadores Airport,2024,3,2024-03,1939,2027,0,0,3966,0,1939,2027,3966,201,248,0,0,449,0,201,248,449,disponible,disponible,PasajerosArribadosPartidosxAeropuerto2020-2026,MovimientosxAeropuerto2020-2026
Colombia,SJE,SKSJ,Jorge E. Gonzalez Torres Airport,2024,3,2024-03,1698,1646,0,0,3344,0,1698,1646,3344,305,307,0,0,612,0,305,307,612,disponible,disponible,PasajerosArribadosPartidosxAeropuerto2020-2026,MovimientosxAeropuerto2020-2026
Colombia,SMR,SKSM,Simón Bolívar International Airport,2024,3,2024-03,123176,96585,1490,3173,219761,4663,124666,99758,224424,1083,1083,17,15,2166,32,1100,1098,2198,disponible,disponible,PasajerosArribadosPartidosxAeropuerto2020-2026,MovimientosxAeropuerto2020-2026
Colombia,SVI,SKSV,Eduardo Falla Solano Airport,2024,3,2024-03,299,263,0,0,562,0,299,263,562,29,28,0,0,57,0,29,28,57,disponible,disponible,PasajerosArribadosPartidosxAeropuerto2020-2026,MovimientosxAeropuerto2020-2026
Colombia,TCD,SKRA,Tarapacá Airport,2024,3,2024-03,,,,,,,,,,19,14,0,0,33,0,19,14,33,sin_dato,disponible,PasajerosArribadosPartidosxAeropuerto2020-2026,MovimientosxAeropuerto2020-2026
Colombia,TCO,SKCO,La Florida Airport,2024,3,2024-03,4849,5107,0,0,9956,0,4849,5107,9956,256,249,0,0,505,0,256,249,505,disponible,disponible,PasajerosArribadosPartidosxAeropuerto2020-2026,MovimientosxAeropuerto2020-2026
Colombia,TLU,SKTL,Golfo de Morrosquillo Airport,2024,3,2024-03,3970,3850,0,0,7820,0,3970,3850,7820,139,137,0,0,276,0,139,137,276,disponible,disponible,PasajerosArribadosPartidosxAeropuerto2020-2026,MovimientosxAeropuerto2020-2026
Colombia,TME,SKTM,Gustavo Vargas Airport,2024,3,2024-03,322,279,0,0,601,0,322,279,601,122,126,0,0,248,0,122,126,248,disponible,disponible,PasajerosArribadosPartidosxAeropuerto2020-2026,MovimientosxAeropuerto2020-2026
Colombia,UIB,SKUI,El Caraño Airport,2024,3,2024-03,8984,13252,0,0,22236,0,8984,13252,22236,678,672,0,0,1350,0,678,672,1350,disponible,disponible,PasajerosArribadosPartidosxAeropuerto2020-2026,MovimientosxAeropuerto2020-2026
Colombia,VUP,SKVP,Alfonso López Pumarejo Airport,2024,3,2024-03,19363,19637,0,428,39000,428,19363,20065,39428,312,347,0,0,659,0,312,347,659,disponible,disponible,PasajerosArribadosPartidosxAeropuerto2020-2026,MovimientosxAeropuerto2020-2026
Colombia,VVC,SKVV,Vanguardia Airport,2024,3,2024-03,8568,14823,0,0,23391,0,8568,14823,23391,1394,1391,0,0,2785,0,1394,1391,2785,disponible,disponible,PasajerosArribadosPartidosxAeropuerto2020-2026,MovimientosxAeropuerto2020-2026
Colombia,ADZ,SKSP,Gustavo Rojas Pinilla International Airport,2024,4,2024-04,78663,77795,1997,4574,156458,6571,80660,82369,163029,760,758,19,21,1518,40,779,779,1558,disponible,disponible,PasajerosArribadosPartidosxAeropuerto2020-2026,MovimientosxAeropuerto2020-2026
Colombia,APO,SKLC,Antonio Roldán Betancur Airport,2024,4,2024-04,7663,5549,0,0,13212,0,7663,5549,13212,801,805,1,1,1606,2,802,806,1608,disponible,disponible,PasajerosArribadosPartidosxAeropuerto2020-2026,MovimientosxAeropuerto2020-2026
Colombia,AUC,SKUC,Santiago Perez Airport,2024,4,2024-04,5802,5860,0,0,11662,0,5802,5860,11662,307,303,0,0,610,0,307,303,610,disponible,disponible,PasajerosArribadosPartidosxAeropuerto2020-2026,MovimientosxAeropuerto2020-2026
Colombia,AXM,SKAR,El Eden Airport,2024,4,2024-04,23543,25150,3063,3654,48693,6717,26606,28804,55410,308,314,27,26,622,53,335,340,675,disponible,disponible,PasajerosArribadosPartidosxAeropuerto2020-2026,MovimientosxAeropuerto2020-2026
Colombia,BAQ,SKBQ,Ernesto Cortissoz International Airport,2024,4,2024-04,90916,58505,15755,21364,149421,37119,106671,79869,186540,1843,1869,189,182,3712,371,2032,2051,4083,disponible,disponible,PasajerosArribadosPartidosxAeropuerto2020-2026,MovimientosxAeropuerto2020-2026
Colombia,BGA,SKBG,Palonegro Airport,2024,4,2024-04,75647,79029,1370,4191,154676,5561,77017,83220,160237,1105,1105,23,21,2210,44,1128,1126,2254,disponible,disponible,PasajerosArribadosPartidosxAeropuerto2020-2026,MovimientosxAeropuerto2020-2026
Colombia,BOG,SKBO,El Dorado International Airport,2024,4,2024-04,879639,840729,521094,577030,1720368,1098124,1400733,1417759,2818492,10956,11023,4935,4866,21979,9801,15891,15889,31780,disponible,disponible,PasajerosArribadosPartidosxAeropuerto2020-2026,MovimientosxAeropuerto2020-2026
Colombia,BSC,SKBS,José Celestino Mutis Airport,2024,4,2024-04,2372,2469,0,0,4841,0,2372,2469,4841,241,241,0,0,482,0,241,241,482,disponible,disponible,PasajerosArribadosPartidosxAeropuerto2020-2026,MovimientosxAeropuerto2020-2026
Colombia,BUN,SKBU,Gerardo Tobar López Airport,2024,4,2024-04,283,256,0,0,539,0,283,256,539,26,23,0,0,49,0,26,23,49,disponible,disponible,PasajerosArribadosPartidosxAeropuerto2020-2026,MovimientosxAeropuerto2020-2026
Colombia,CLO,SKCL,Alfonso Bonilla Aragon International Airport,2024,4,2024-04,181951,162969,35677,52505,344920,88182,217628,215474,433102,2678,2684,292,288,5362,580,2970,2972,5942,disponible,disponible,PasajerosArribadosPartidosxAeropuerto2020-2026,MovimientosxAeropuerto2020-2026
Colombia,CTG,SKCG,Rafael Nuñez International Airport,2024,4,2024-04,204511,190691,42393,74601,395202,116994,246904,265292,512196,1979,1937,437,485,3916,922,2416,2422,4838,disponible,disponible,PasajerosArribadosPartidosxAeropuerto2020-2026,MovimientosxAeropuerto2020-2026
Colombia,CUC,SKCC,Camilo Daza International Airport,2024,4,2024-04,51550,54615,2629,4821,106165,7450,54179,59436,113615,645,646,29,28,1291,57,674,674,1348,disponible,disponible,PasajerosArribadosPartidosxAeropuerto2020-2026,MovimientosxAeropuerto2020-2026
Colombia,CZU,SKCZ,Las Brujas Airport,2024,4,2024-04,1374,1575,0,0,2949,0,1374,1575,2949,65,74,0,0,139,0,65,74,139,disponible,disponible,PasajerosArribadosPartidosxAeropuerto2020-2026,MovimientosxAeropuerto2020-2026
Colombia,EJA,SKEJ,Yariguíes Airport,2024,4,2024-04,6599,6681,0,1,13280,1,6599,6682,13281,223,229,0,0,452,0,223,229,452,disponible,disponible,PasajerosArribadosPartidosxAeropuerto2020-2026,MovimientosxAeropuerto2020-2026
Colombia,EOH,SKMD,Enrique Olaya Herrera Airport,2024,4,2024-04,45207,46884,0,0,92091,0,45207,46884,92091,2755,2749,8,6,5504,14,2763,2755,5518,disponible,disponible,PasajerosArribadosPartidosxAeropuerto2020-2026,MovimientosxAeropuerto2020-2026
Colombia,EYP,SKYP,El Alcaravan - Yopal Airport,2024,4,2024-04,12159,14859,0,0,27018,0,12159,14859,27018,841,833,0,0,1674,0,841,833,1674,disponible,disponible,PasajerosArribadosPartidosxAeropuerto2020-2026,MovimientosxAeropuerto2020-2026
Colombia,FLA,SKFL,Gustavo Artunduaga Paredes Airport,2024,4,2024-04,2327,4196,0,0,6523,0,2327,4196,6523,155,164,0,0,319,0,155,164,319,disponible,disponible,PasajerosArribadosPartidosxAeropuerto2020-2026,MovimientosxAeropuerto2020-2026
Colombia,GPI,SKGP,Guapi Airport,2024,4,2024-04,2361,1120,0,0,3481,0,2361,1120,3481,137,128,0,0,265,0,137,128,265,disponible,disponible,PasajerosArribadosPartidosxAeropuerto2020-2026,MovimientosxAeropuerto2020-2026
Colombia,IBE,SKIB,Perales Airport,2024,4,2024-04,8798,12733,0,0,21531,0,8798,12733,21531,223,225,0,0,448,0,223,225,448,disponible,disponible,PasajerosArribadosPartidosxAeropuerto2020-2026,MovimientosxAeropuerto2020-2026
Colombia,IPI,SKIP,San Luis Airport,2024,4,2024-04,3256,5150,0,0,8406,0,3256,5150,8406,52,52,0,0,104,0,52,52,104,disponible,disponible,PasajerosArribadosPartidosxAeropuerto2020-2026,MovimientosxAeropuerto2020-2026
Colombia,LCR,SKHZ,Virgilio Barco Vargas (La Chorrera) Airport,2024,4,2024-04,,,,,,,,,,25,25,0,0,50,0,25,25,50,sin_dato,disponible,PasajerosArribadosPartidosxAeropuerto2020-2026,MovimientosxAeropuerto2020-2026
Colombia,LET,SKLT,Alfredo Vásquez Cobo International Airport,2024,4,2024-04,13242,12992,36,27,26234,63,13278,13019,26297,220,232,2,3,452,5,222,235,457,disponible,disponible,PasajerosArribadosPartidosxAeropuerto2020-2026,MovimientosxAeropuerto2020-2026
Colombia,LMC,SKNA,La Macarena Airport,2024,4,2024-04,508,564,0,0,1072,0,508,564,1072,182,173,0,0,355,0,182,173,355,disponible,disponible,PasajerosArribadosPartidosxAeropuerto2020-2026,MovimientosxAeropuerto2020-2026
Colombia,LPD,SKLP,La Pedrera Airport,2024,4,2024-04,201,158,0,0,359,0,201,158,359,43,41,0,0,84,0,43,41,84,disponible,disponible,PasajerosArribadosPartidosxAeropuerto2020-2026,MovimientosxAeropuerto2020-2026
Colombia,LQM,SKLG,Caucaya Airport,2024,4,2024-04,670,666,0,0,1336,0,670,666,1336,31,23,0,0,54,0,31,23,54,disponible,disponible,PasajerosArribadosPartidosxAeropuerto2020-2026,MovimientosxAeropuerto2020-2026
Colombia,MDE,SKRG,Jose Maria Córdova International Airport,2024,4,2024-04,291651,329963,119727,146387,621614,266114,411378,476350,887728,3287,3245,1147,1182,6532,2329,4434,4427,8861,disponible,disponible,PasajerosArribadosPartidosxAeropuerto2020-2026,MovimientosxAeropuerto2020-2026
Colombia,MTR,SKMR,Los Garzones Airport,2024,4,2024-04,47698,56848,0,724,104546,724,47698,57572,105270,706,712,1,1,1418,2,707,713,1420,disponible,disponible,PasajerosArribadosPartidosxAeropuerto2020-2026,MovimientosxAeropuerto2020-2026
Colombia,MVP,SKMU,Fabio Alberto Leon Bentley Airport,2024,4,2024-04,2011,2514,0,0,4525,0,2011,2514,4525,740,742,0,0,1482,0,740,742,1482,disponible,disponible,PasajerosArribadosPartidosxAeropuerto2020-2026,MovimientosxAeropuerto2020-2026
Colombia,MZL,SKMZ,La Nubia Airport,2024,4,2024-04,3205,3247,0,0,6452,0,3205,3247,6452,121,123,0,0,244,0,121,123,244,disponible,disponible,PasajerosArribadosPartidosxAeropuerto2020-2026,MovimientosxAeropuerto2020-2026
Colombia,NQU,SKNQ,Reyes Murillo Airport,2024,4,2024-04,1449,1546,0,0,2995,0,1449,1546,2995,111,112,0,0,223,0,111,112,223,disponible,disponible,PasajerosArribadosPartidosxAeropuerto2020-2026,MovimientosxAeropuerto2020-2026
Colombia,NVA,SKNV,Benito Salas Airport,2024,4,2024-04,11786,16660,0,0,28446,0,11786,16660,28446,395,399,0,0,794,0,395,399,794,disponible,disponible,PasajerosArribadosPartidosxAeropuerto2020-2026,MovimientosxAeropuerto2020-2026
Colombia,PCR,SKPC,German Olano Airport,2024,4,2024-04,3168,3394,0,0,6562,0,3168,3394,6562,132,137,0,0,269,0,132,137,269,disponible,disponible,PasajerosArribadosPartidosxAeropuerto2020-2026,MovimientosxAeropuerto2020-2026
Colombia,PDA,SKPD,Obando Cesar Gaviria Trujillo Airport,2024,4,2024-04,,,,,,,,,,169,167,0,0,336,0,169,167,336,sin_dato,disponible,PasajerosArribadosPartidosxAeropuerto2020-2026,MovimientosxAeropuerto2020-2026
Colombia,PEI,SKPE,Matecaña International Airport,2024,4,2024-04,90591,91637,6883,13692,182228,20575,97474,105329,202803,1010,1010,62,63,2020,125,1072,1073,2145,disponible,disponible,PasajerosArribadosPartidosxAeropuerto2020-2026,MovimientosxAeropuerto2020-2026
Colombia,PPN,SKPP,Guillermo León Valencia Airport,2024,4,2024-04,5122,6774,0,0,11896,0,5122,6774,11896,299,297,0,0,596,0,299,297,596,disponible,disponible,PasajerosArribadosPartidosxAeropuerto2020-2026,MovimientosxAeropuerto2020-2026
Colombia,PSO,SKPS,Antonio Nariño Airport,2024,4,2024-04,22706,32696,0,375,55402,375,22706,33071,55777,351,350,0,0,701,0,351,350,701,disponible,disponible,PasajerosArribadosPartidosxAeropuerto2020-2026,MovimientosxAeropuerto2020-2026
Colombia,PUU,SKAS,Tres De Mayo Airport,2024,4,2024-04,4522,3517,0,0,8039,0,4522,3517,8039,127,135,0,0,262,0,127,135,262,disponible,disponible,PasajerosArribadosPartidosxAeropuerto2020-2026,MovimientosxAeropuerto2020-2026
Colombia,PVA,SKPV,El Embrujo Airport,2024,4,2024-04,3147,3355,0,0,6502,0,3147,3355,6502,121,120,0,0,241,0,121,120,241,disponible,disponible,PasajerosArribadosPartidosxAeropuerto2020-2026,MovimientosxAeropuerto2020-2026
Colombia,RCH,SKRH,Almirante Padilla Airport,2024,4,2024-04,11858,16314,0,279,28172,279,11858,16593,28451,214,219,0,0,433,0,214,219,433,disponible,disponible,PasajerosArribadosPartidosxAeropuerto2020-2026,MovimientosxAeropuerto2020-2026
Colombia,RVE,SKSA,Los Colonizadores Airport,2024,4,2024-04,1866,1864,0,0,3730,0,1866,1864,3730,195,252,0,0,447,0,195,252,447,disponible,disponible,PasajerosArribadosPartidosxAeropuerto2020-2026,MovimientosxAeropuerto2020-2026
Colombia,SJE,SKSJ,Jorge E. Gonzalez Torres Airport,2024,4,2024-04,1568,1577,0,0,3145,0,1568,1577,3145,310,319,0,0,629,0,310,319,629,disponible,disponible,PasajerosArribadosPartidosxAeropuerto2020-2026,MovimientosxAeropuerto2020-2026
Colombia,SMR,SKSM,Simón Bolívar International Airport,2024,4,2024-04,115862,128260,1234,2786,244122,4020,117096,131046,248142,1054,1056,15,14,2110,29,1069,1070,2139,disponible,disponible,PasajerosArribadosPartidosxAeropuerto2020-2026,MovimientosxAeropuerto2020-2026
Colombia,SVI,SKSV,Eduardo Falla Solano Airport,2024,4,2024-04,301,324,0,0,625,0,301,324,625,33,31,0,0,64,0,33,31,64,disponible,disponible,PasajerosArribadosPartidosxAeropuerto2020-2026,MovimientosxAeropuerto2020-2026
Colombia,TCD,SKRA,Tarapacá Airport,2024,4,2024-04,,,,,,,,,,26,18,0,0,44,0,26,18,44,sin_dato,disponible,PasajerosArribadosPartidosxAeropuerto2020-2026,MovimientosxAeropuerto2020-2026
Colombia,TCO,SKCO,La Florida Airport,2024,4,2024-04,5767,4208,0,0,9975,0,5767,4208,9975,281,273,0,1,554,1,281,274,555,disponible,disponible,PasajerosArribadosPartidosxAeropuerto2020-2026,MovimientosxAeropuerto2020-2026
Colombia,TLU,SKTL,Golfo de Morrosquillo Airport,2024,4,2024-04,2725,2980,0,0,5705,0,2725,2980,5705,97,95,0,0,192,0,97,95,192,disponible,disponible,PasajerosArribadosPartidosxAeropuerto2020-2026,MovimientosxAeropuerto2020-2026
Colombia,TME,SKTM,Gustavo Vargas Airport,2024,4,2024-04,338,349,0,0,687,0,338,349,687,134,135,0,0,269,0,134,135,269,disponible,disponible,PasajerosArribadosPartidosxAeropuerto2020-2026,MovimientosxAeropuerto2020-2026
Colombia,UIB,SKUI,El Caraño Airport,2024,4,2024-04,7572,13022,0,0,20594,0,7572,13022,20594,672,669,0,0,1341,0,672,669,1341,disponible,disponible,PasajerosArribadosPartidosxAeropuerto2020-2026,MovimientosxAeropuerto2020-2026
Colombia,VUP,SKVP,Alfonso López Pumarejo Airport,2024,4,2024-04,16629,16711,0,511,33340,511,16629,17222,33851,256,262,1,1,518,2,257,263,520,disponible,disponible,PasajerosArribadosPartidosxAeropuerto2020-2026,MovimientosxAeropuerto2020-2026
Colombia,VVC,SKVV,Vanguardia Airport,2024,4,2024-04,9315,12651,0,0,21966,0,9315,12651,21966,1408,1405,0,1,2813,1,1408,1406,2814,disponible,disponible,PasajerosArribadosPartidosxAeropuerto2020-2026,MovimientosxAeropuerto2020-2026
Colombia,ADZ,SKSP,Gustavo Rojas Pinilla International Airport,2024,5,2024-05,57351,80898,2212,4279,138249,6491,59563,85177,144740,759,759,23,22,1518,45,782,781,1563,disponible,disponible,PasajerosArribadosPartidosxAeropuerto2020-2026,MovimientosxAeropuerto2020-2026
Colombia,APO,SKLC,Antonio Roldán Betancur Airport,2024,5,2024-05,8242,8161,0,0,16403,0,8242,8161,16403,838,834,1,0,1672,1,839,834,1673,disponible,disponible,PasajerosArribadosPartidosxAeropuerto2020-2026,MovimientosxAeropuerto2020-2026
Colombia,AUC,SKUC,Santiago Perez Airport,2024,5,2024-05,6606,6427,0,0,13033,0,6606,6427,13033,305,311,0,0,616,0,305,311,616,disponible,disponible,PasajerosArribadosPartidosxAeropuerto2020-2026,MovimientosxAeropuerto2020-2026
Colombia,AXM,SKAR,El Eden Airport,2024,5,2024-05,25048,19649,3266,3701,44697,6967,28314,23350,51664,319,314,25,26,633,51,344,340,684,disponible,disponible,PasajerosArribadosPartidosxAeropuerto2020-2026,MovimientosxAeropuerto2020-2026
Colombia,BAQ,SKBQ,Ernesto Cortissoz International Airport,2024,5,2024-05,99596,86627,17364,21056,186223,38420,116960,107683,224643,1853,1882,178,170,3735,348,2031,2052,4083,disponible,disponible,PasajerosArribadosPartidosxAeropuerto2020-2026,MovimientosxAeropuerto2020-2026
Colombia,BGA,SKBG,Palonegro Airport,2024,5,2024-05,75308,81543,1445,5219,156851,6664,76753,86762,163515,1132,1125,26,27,2257,53,1158,1152,2310,disponible,disponible,PasajerosArribadosPartidosxAeropuerto2020-2026,MovimientosxAeropuerto2020-2026
Colombia,BOG,SKBO,El Dorado International Airport,2024,5,2024-05,874393,872640,540470,560809,1747033,1101279,1414863,1433449,2848312,11491,11580,4941,4864,23071,9805,16432,16444,32876,disponible,disponible,PasajerosArribadosPartidosxAeropuerto2020-2026,MovimientosxAeropuerto2020-2026
Colombia,BSC,SKBS,José Celestino Mutis Airport,2024,5,2024-05,2942,2872,0,0,5814,0,2942,2872,5814,292,292,0,0,584,0,292,292,584,disponible,disponible,PasajerosArribadosPartidosxAeropuerto2020-2026,MovimientosxAeropuerto2020-2026
Colombia,BUN,SKBU,Gerardo Tobar López Airport,2024,5,2024-05,280,264,0,0,544,0,280,264,544,19,19,0,0,38,0,19,19,38,disponible,disponible,PasajerosArribadosPartidosxAeropuerto2020-2026,MovimientosxAeropuerto2020-2026
Colombia,CLO,SKCL,Alfonso Bonilla Aragon International Airport,2024,5,2024-05,180045,149418,40867,55212,329463,96079,220912,204630,425542,2740,2747,298,294,5487,592,3038,3041,6079,disponible,disponible,PasajerosArribadosPartidosxAeropuerto2020-2026,MovimientosxAeropuerto2020-2026
Colombia,CTG,SKCG,Rafael Nuñez International Airport,2024,5,2024-05,213873,212131,50211,65500,426004,115711,264084,277631,541715,2054,2013,415,462,4067,877,2469,2475,4944,disponible,disponible,PasajerosArribadosPartidosxAeropuerto2020-2026,MovimientosxAeropuerto2020-2026
Colombia,CUC,SKCC,Camilo Daza International Airport,2024,5,2024-05,48983,35057,2463,4296,84040,6759,51446,39353,90799,674,676,28,28,1350,56,702,704,1406,disponible,disponible,PasajerosArribadosPartidosxAeropuerto2020-2026,MovimientosxAeropuerto2020-2026
Colombia,CZU,SKCZ,Las Brujas Airport,2024,5,2024-05,1468,1416,0,0,2884,0,1468,1416,2884,52,56,0,0,108,0,52,56,108,disponible,disponible,PasajerosArribadosPartidosxAeropuerto2020-2026,MovimientosxAeropuerto2020-2026
Colombia,EJA,SKEJ,Yariguíes Airport,2024,5,2024-05,6486,2248,0,3,8734,3,6486,2251,8737,200,209,0,0,409,0,200,209,409,disponible,disponible,PasajerosArribadosPartidosxAeropuerto2020-2026,MovimientosxAeropuerto2020-2026
Colombia,EOH,SKMD,Enrique Olaya Herrera Airport,2024,5,2024-05,50146,52113,4,3,102259,7,50150,52116,102266,2991,2989,9,4,5980,13,3000,2993,5993,disponible,disponible,PasajerosArribadosPartidosxAeropuerto2020-2026,MovimientosxAeropuerto2020-2026
Colombia,EYP,SKYP,El Alcaravan - Yopal Airport,2024,5,2024-05,12890,15371,0,0,28261,0,12890,15371,28261,687,683,1,1,1370,2,688,684,1372,disponible,disponible,PasajerosArribadosPartidosxAeropuerto2020-2026,MovimientosxAeropuerto2020-2026
Colombia,FLA,SKFL,Gustavo Artunduaga Paredes Airport,2024,5,2024-05,3003,4516,0,0,7519,0,3003,4516,7519,158,171,0,0,329,0,158,171,329,disponible,disponible,PasajerosArribadosPartidosxAeropuerto2020-2026,MovimientosxAeropuerto2020-2026
Colombia,GPI,SKGP,Guapi Airport,2024,5,2024-05,2255,2379,0,0,4634,0,2255,2379,4634,122,122,0,0,244,0,122,122,244,disponible,disponible,PasajerosArribadosPartidosxAeropuerto2020-2026,MovimientosxAeropuerto2020-2026
Colombia,IBE,SKIB,Perales Airport,2024,5,2024-05,9398,13015,0,0,22413,0,9398,13015,22413,301,302,0,0,603,0,301,302,603,disponible,disponible,PasajerosArribadosPartidosxAeropuerto2020-2026,MovimientosxAeropuerto2020-2026
Colombia,IPI,SKIP,San Luis Airport,2024,5,2024-05,4137,6948,0,0,11085,0,4137,6948,11085,71,71,0,0,142,0,71,71,142,disponible,disponible,PasajerosArribadosPartidosxAeropuerto2020-2026,MovimientosxAeropuerto2020-2026
Colombia,LCR,SKHZ,Virgilio Barco Vargas (La Chorrera) Airport,2024,5,2024-05,,,,,,,,,,29,27,0,0,56,0,29,27,56,sin_dato,disponible,PasajerosArribadosPartidosxAeropuerto2020-2026,MovimientosxAeropuerto2020-2026
Colombia,LET,SKLT,Alfredo Vásquez Cobo International Airport,2024,5,2024-05,14034,14468,0,14,28502,14,14034,14482,28516,257,267,3,2,524,5,260,269,529,disponible,disponible,PasajerosArribadosPartidosxAeropuerto2020-2026,MovimientosxAeropuerto2020-2026
Colombia,LMC,SKNA,La Macarena Airport,2024,5,2024-05,566,578,0,0,1144,0,566,578,1144,190,180,0,0,370,0,190,180,370,disponible,disponible,PasajerosArribadosPartidosxAeropuerto2020-2026,MovimientosxAeropuerto2020-2026
Colombia,LPD,SKLP,La Pedrera Airport,2024,5,2024-05,186,193,0,0,379,0,186,193,379,33,29,0,0,62,0,33,29,62,disponible,disponible,PasajerosArribadosPartidosxAeropuerto2020-2026,MovimientosxAeropuerto2020-2026
Colombia,LQM,SKLG,Caucaya Airport,2024,5,2024-05,709,699,0,0,1408,0,709,699,1408,46,40,1,0,86,1,47,40,87,disponible,disponible,PasajerosArribadosPartidosxAeropuerto2020-2026,MovimientosxAeropuerto2020-2026
Colombia,MDE,SKRG,Jose Maria Córdova International Airport,2024,5,2024-05,318840,350395,130219,148146,669235,278365,449059,498541,947600,3426,3370,1130,1180,6796,2310,4556,4550,9106,disponible,disponible,PasajerosArribadosPartidosxAeropuerto2020-2026,MovimientosxAeropuerto2020-2026
Colombia,MTR,SKMR,Los Garzones Airport,2024,5,2024-05,35788,52771,0,464,88559,464,35788,53235,89023,721,723,0,0,1444,0,721,723,1444,disponible,disponible,PasajerosArribadosPartidosxAeropuerto2020-2026,MovimientosxAeropuerto2020-2026
Colombia,MVP,SKMU,Fabio Alberto Leon Bentley Airport,2024,5,2024-05,2127,2349,0,0,4476,0,2127,2349,4476,650,648,0,0,1298,0,650,648,1298,disponible,disponible,PasajerosArribadosPartidosxAeropuerto2020-2026,MovimientosxAeropuerto2020-2026
Colombia,MZL,SKMZ,La Nubia Airport,2024,5,2024-05,2816,2749,0,0,5565,0,2816,2749,5565,128,126,0,0,254,0,128,126,254,disponible,disponible,PasajerosArribadosPartidosxAeropuerto2020-2026,MovimientosxAeropuerto2020-2026
Colombia,NQU,SKNQ,Reyes Murillo Airport,2024,5,2024-05,1464,1372,0,0,2836,0,1464,1372,2836,124,124,0,0,248,0,124,124,248,disponible,disponible,PasajerosArribadosPartidosxAeropuerto2020-2026,MovimientosxAeropuerto2020-2026
Colombia,NVA,SKNV,Benito Salas Airport,2024,5,2024-05,8664,17182,0,0,25846,0,8664,17182,25846,408,405,0,0,813,0,408,405,813,disponible,disponible,PasajerosArribadosPartidosxAeropuerto2020-2026,MovimientosxAeropuerto2020-2026
Colombia,PCR,SKPC,German Olano Airport,2024,5,2024-05,2810,2878,0,0,5688,0,2810,2878,5688,126,128,0,0,254,0,126,128,254,disponible,disponible,PasajerosArribadosPartidosxAeropuerto2020-2026,MovimientosxAeropuerto2020-2026
Colombia,PDA,SKPD,Obando Cesar Gaviria Trujillo Airport,2024,5,2024-05,,,,,,,,,,177,176,0,0,353,0,177,176,353,sin_dato,disponible,PasajerosArribadosPartidosxAeropuerto2020-2026,MovimientosxAeropuerto2020-2026
Colombia,PEI,SKPE,Matecaña International Airport,2024,5,2024-05,98035,93849,7348,13885,191884,21233,105383,107734,213117,1047,1039,63,63,2086,126,1110,1102,2212,disponible,disponible,PasajerosArribadosPartidosxAeropuerto2020-2026,MovimientosxAeropuerto2020-2026
Colombia,PPN,SKPP,Guillermo León Valencia Airport,2024,5,2024-05,5667,7203,0,0,12870,0,5667,7203,12870,438,453,0,0,891,0,438,453,891,disponible,disponible,PasajerosArribadosPartidosxAeropuerto2020-2026,MovimientosxAeropuerto2020-2026
Colombia,PSO,SKPS,Antonio Nariño Airport,2024,5,2024-05,30175,32588,0,406,62763,406,30175,32994,63169,322,318,0,0,640,0,322,318,640,disponible,disponible,PasajerosArribadosPartidosxAeropuerto2020-2026,MovimientosxAeropuerto2020-2026
Colombia,PUU,SKAS,Tres De Mayo Airport,2024,5,2024-05,4999,4976,0,0,9975,0,4999,4976,9975,149,153,0,0,302,0,149,153,302,disponible,disponible,PasajerosArribadosPartidosxAeropuerto2020-2026,MovimientosxAeropuerto2020-2026
Colombia,PVA,SKPV,El Embrujo Airport,2024,5,2024-05,3180,3075,0,0,6255,0,3180,3075,6255,117,116,0,0,233,0,117,116,233,disponible,disponible,PasajerosArribadosPartidosxAeropuerto2020-2026,MovimientosxAeropuerto2020-2026
Colombia,RCH,SKRH,Almirante Padilla Airport,2024,5,2024-05,22392,14795,0,205,37187,205,22392,15000,37392,230,237,0,0,467,0,230,237,467,disponible,disponible,PasajerosArribadosPartidosxAeropuerto2020-2026,MovimientosxAeropuerto2020-2026
Colombia,RVE,SKSA,Los Colonizadores Airport,2024,5,2024-05,1929,2040,0,0,3969,0,1929,2040,3969,200,242,0,0,442,0,200,242,442,disponible,disponible,PasajerosArribadosPartidosxAeropuerto2020-2026,MovimientosxAeropuerto2020-2026
Colombia,SJE,SKSJ,Jorge E. Gonzalez Torres Airport,2024,5,2024-05,1732,1759,0,0,3491,0,1732,1759,3491,301,297,0,0,598,0,301,297,598,disponible,disponible,PasajerosArribadosPartidosxAeropuerto2020-2026,MovimientosxAeropuerto2020-2026
Colombia,SMR,SKSM,Simón Bolívar International Airport,2024,5,2024-05,138158,103161,1282,2896,241319,4178,139440,106057,245497,1175,1184,15,15,2359,30,1190,1199,2389,disponible,disponible,PasajerosArribadosPartidosxAeropuerto2020-2026,MovimientosxAeropuerto2020-2026
Colombia,SVI,SKSV,Eduardo Falla Solano Airport,2024,5,2024-05,292,269,0,0,561,0,292,269,561,37,35,0,0,72,0,37,35,72,disponible,disponible,PasajerosArribadosPartidosxAeropuerto2020-2026,MovimientosxAeropuerto2020-2026
Colombia,TCD,SKRA,Tarapacá Airport,2024,5,2024-05,,,,,,,,,,15,13,0,0,28,0,15,13,28,sin_dato,disponible,PasajerosArribadosPartidosxAeropuerto2020-2026,MovimientosxAeropuerto2020-2026
Colombia,TCO,SKCO,La Florida Airport,2024,5,2024-05,4816,2977,0,0,7793,0,4816,2977,7793,240,242,0,0,482,0,240,242,482,disponible,disponible,PasajerosArribadosPartidosxAeropuerto2020-2026,MovimientosxAeropuerto2020-2026
Colombia,TLU,SKTL,Golfo de Morrosquillo Airport,2024,5,2024-05,3038,2980,0,0,6018,0,3038,2980,6018,105,106,0,0,211,0,105,106,211,disponible,disponible,PasajerosArribadosPartidosxAeropuerto2020-2026,MovimientosxAeropuerto2020-2026
Colombia,TME,SKTM,Gustavo Vargas Airport,2024,5,2024-05,325,309,0,0,634,0,325,309,634,129,129,0,0,258,0,129,129,258,disponible,disponible,PasajerosArribadosPartidosxAeropuerto2020-2026,MovimientosxAeropuerto2020-2026
Colombia,UIB,SKUI,El Caraño Airport,2024,5,2024-05,13771,12339,1,0,26110,1,13772,12339,26111,725,717,0,0,1442,0,725,717,1442,disponible,disponible,PasajerosArribadosPartidosxAeropuerto2020-2026,MovimientosxAeropuerto2020-2026
Colombia,VUP,SKVP,Alfonso López Pumarejo Airport,2024,5,2024-05,7798,20350,101,663,28148,764,7899,21013,28912,339,351,14,13,690,27,353,364,717,disponible,disponible,PasajerosArribadosPartidosxAeropuerto2020-2026,MovimientosxAeropuerto2020-2026
Colombia,VVC,SKVV,Vanguardia Airport,2024,5,2024-05,9051,13919,0,0,22970,0,9051,13919,22970,1515,1523,0,0,3038,0,1515,1523,3038,disponible,disponible,PasajerosArribadosPartidosxAeropuerto2020-2026,MovimientosxAeropuerto2020-2026
Colombia,ADZ,SKSP,Gustavo Rojas Pinilla International Airport,2024,6,2024-06,77462,73639,2087,4230,151101,6317,79549,77869,157418,774,775,18,18,1549,36,792,793,1585,disponible,disponible,PasajerosArribadosPartidosxAeropuerto2020-2026,MovimientosxAeropuerto2020-2026
Colombia,APO,SKLC,Antonio Roldán Betancur Airport,2024,6,2024-06,5622,7447,0,0,13069,0,5622,7447,13069,827,833,1,0,1660,1,828,833,1661,disponible,disponible,PasajerosArribadosPartidosxAeropuerto2020-2026,MovimientosxAeropuerto2020-2026
Colombia,AUC,SKUC,Santiago Perez Airport,2024,6,2024-06,6256,4072,0,0,10328,0,6256,4072,10328,280,288,0,0,568,0,280,288,568,disponible,disponible,PasajerosArribadosPartidosxAeropuerto2020-2026,MovimientosxAeropuerto2020-2026
Colombia,AXM,SKAR,El Eden Airport,2024,6,2024-06,26798,20089,3712,2669,46887,6381,30510,22758,53268,276,277,27,27,553,54,303,304,607,disponible,disponible,PasajerosArribadosPartidosxAeropuerto2020-2026,MovimientosxAeropuerto2020-2026
Colombia,BAQ,SKBQ,Ernesto Cortissoz International Airport,2024,6,2024-06,108412,115998,17317,21512,224410,38829,125729,137510,263239,1640,1635,168,166,3275,334,1808,1801,3609,disponible,disponible,PasajerosArribadosPartidosxAeropuerto2020-2026,MovimientosxAeropuerto2020-2026
Colombia,BGA,SKBG,Palonegro Airport,2024,6,2024-06,85829,79413,1459,6212,165242,7671,87288,85625,172913,1031,1037,29,24,2068,53,1060,1061,2121,disponible,disponible,PasajerosArribadosPartidosxAeropuerto2020-2026,MovimientosxAeropuerto2020-2026
Colombia,BOG,SKBO,El Dorado International Airport,2024,6,2024-06,968872,879284,514455,612550,1848156,1127005,1483327,1491834,2975161,10922,11008,4815,4743,21930,9558,15737,15751,31488,disponible,disponible,PasajerosArribadosPartidosxAeropuerto2020-2026,MovimientosxAeropuerto2020-2026
Colombia,BSC,SKBS,José Celestino Mutis Airport,2024,6,2024-06,3167,3223,0,0,6390,0,3167,3223,6390,279,280,0,0,559,0,279,280,559,disponible,disponible,PasajerosArribadosPartidosxAeropuerto2020-2026,MovimientosxAeropuerto2020-2026
Colombia,BUN,SKBU,Gerardo Tobar López Airport,2024,6,2024-06,211,228,0,0,439,0,211,228,439,36,32,0,0,68,0,36,32,68,disponible,disponible,PasajerosArribadosPartidosxAeropuerto2020-2026,MovimientosxAeropuerto2020-2026
Colombia,CLO,SKCL,Alfonso Bonilla Aragon International Airport,2024,6,2024-06,172654,205679,43405,57660,378333,101065,216059,263339,479398,2692,2702,322,310,5394,632,3014,3012,6026,disponible,disponible,PasajerosArribadosPartidosxAeropuerto2020-2026,MovimientosxAeropuerto2020-2026
Colombia,CTG,SKCG,Rafael Nuñez International Airport,2024,6,2024-06,220523,218326,60548,68280,438849,128828,281071,286606,567677,2009,1978,466,509,3987,975,2475,2487,4962,disponible,disponible,PasajerosArribadosPartidosxAeropuerto2020-2026,MovimientosxAeropuerto2020-2026
Colombia,CUC,SKCC,Camilo Daza International Airport,2024,6,2024-06,48630,60408,2329,3957,109038,6286,50959,64365,115324,640,646,25,25,1286,50,665,671,1336,disponible,disponible,PasajerosArribadosPartidosxAeropuerto2020-2026,MovimientosxAeropuerto2020-2026
Colombia,CZU,SKCZ,Las Brujas Airport,2024,6,2024-06,1640,1533,0,0,3173,0,1640,1533,3173,63,70,0,0,133,0,63,70,133,disponible,disponible,PasajerosArribadosPartidosxAeropuerto2020-2026,MovimientosxAeropuerto2020-2026
Colombia,EJA,SKEJ,Yariguíes Airport,2024,6,2024-06,6396,6459,0,6,12855,6,6396,6465,12861,181,178,0,0,359,0,181,178,359,disponible,disponible,PasajerosArribadosPartidosxAeropuerto2020-2026,MovimientosxAeropuerto2020-2026
Colombia,EOH,SKMD,Enrique Olaya Herrera Airport,2024,6,2024-06,50032,49152,6,4,99184,10,50038,49156,99194,2854,2853,5,5,5707,10,2859,2858,5717,disponible,disponible,PasajerosArribadosPartidosxAeropuerto2020-2026,MovimientosxAeropuerto2020-2026
Colombia,EYP,SKYP,El Alcaravan - Yopal Airport,2024,6,2024-06,13277,16229,0,0,29506,0,13277,16229,29506,669,653,0,0,1322,0,669,653,1322,disponible,disponible,PasajerosArribadosPartidosxAeropuerto2020-2026,MovimientosxAeropuerto2020-2026
Colombia,FLA,SKFL,Gustavo Artunduaga Paredes Airport,2024,6,2024-06,4318,4211,0,0,8529,0,4318,4211,8529,138,156,0,0,294,0,138,156,294,disponible,disponible,PasajerosArribadosPartidosxAeropuerto2020-2026,MovimientosxAeropuerto2020-2026
Colombia,GPI,SKGP,Guapi Airport,2024,6,2024-06,2433,1960,0,0,4393,0,2433,1960,4393,112,114,0,0,226,0,112,114,226,disponible,disponible,PasajerosArribadosPartidosxAeropuerto2020-2026,MovimientosxAeropuerto2020-2026
Colombia,IBE,SKIB,Perales Airport,2024,6,2024-06,9422,12447,0,0,21869,0,9422,12447,21869,228,226,0,0,454,0,228,226,454,disponible,disponible,PasajerosArribadosPartidosxAeropuerto2020-2026,MovimientosxAeropuerto2020-2026
Colombia,IPI,SKIP,San Luis Airport,2024,6,2024-06,1163,7570,0,0,8733,0,1163,7570,8733,80,80,0,0,160,0,80,80,160,disponible,disponible,PasajerosArribadosPartidosxAeropuerto2020-2026,MovimientosxAeropuerto2020-2026
Colombia,LCR,SKHZ,Virgilio Barco Vargas (La Chorrera) Airport,2024,6,2024-06,,,,,,,,,,22,18,0,0,40,0,22,18,40,sin_dato,disponible,PasajerosArribadosPartidosxAeropuerto2020-2026,MovimientosxAeropuerto2020-2026
Colombia,LET,SKLT,Alfredo Vásquez Cobo International Airport,2024,6,2024-06,14777,13889,8,41,28666,49,14785,13930,28715,251,262,2,2,513,4,253,264,517,disponible,disponible,PasajerosArribadosPartidosxAeropuerto2020-2026,MovimientosxAeropuerto2020-2026
Colombia,LMC,SKNA,La Macarena Airport,2024,6,2024-06,1026,987,0,0,2013,0,1026,987,2013,217,212,0,0,429,0,217,212,429,disponible,disponible,PasajerosArribadosPartidosxAeropuerto2020-2026,MovimientosxAeropuerto2020-2026
Colombia,LPD,SKLP,La Pedrera Airport,2024,6,2024-06,202,182,0,0,384,0,202,182,384,57,50,0,0,107,0,57,50,107,disponible,disponible,PasajerosArribadosPartidosxAeropuerto2020-2026,MovimientosxAeropuerto2020-2026
Colombia,LQM,SKLG,Caucaya Airport,2024,6,2024-06,674,702,0,0,1376,0,674,702,1376,47,46,1,0,93,1,48,46,94,disponible,disponible,PasajerosArribadosPartidosxAeropuerto2020-2026,MovimientosxAeropuerto2020-2026
Colombia,MDE,SKRG,Jose Maria Córdova International Airport,2024,6,2024-06,294292,351923,139262,162598,646215,301860,433554,514521,948075,3229,3183,1183,1230,6412,2413,4412,4413,8825,disponible,disponible,PasajerosArribadosPartidosxAeropuerto2020-2026,MovimientosxAeropuerto2020-2026
Colombia,MTR,SKMR,Los Garzones Airport,2024,6,2024-06,59884,59136,0,740,119020,740,59884,59876,119760,676,675,0,0,1351,0,676,675,1351,disponible,disponible,PasajerosArribadosPartidosxAeropuerto2020-2026,MovimientosxAeropuerto2020-2026
Colombia,MVP,SKMU,Fabio Alberto Leon Bentley Airport,2024,6,2024-06,1860,2156,0,0,4016,0,1860,2156,4016,700,699,0,0,1399,0,700,699,1399,disponible,disponible,PasajerosArribadosPartidosxAeropuerto2020-2026,MovimientosxAeropuerto2020-2026
Colombia,MZL,SKMZ,La Nubia Airport,2024,6,2024-06,289,2539,0,0,2828,0,289,2539,2828,115,116,0,0,231,0,115,116,231,disponible,disponible,PasajerosArribadosPartidosxAeropuerto2020-2026,MovimientosxAeropuerto2020-2026
Colombia,NQU,SKNQ,Reyes Murillo Airport,2024,6,2024-06,2131,1883,0,0,4014,0,2131,1883,4014,134,134,0,0,268,0,134,134,268,disponible,disponible,PasajerosArribadosPartidosxAeropuerto2020-2026,MovimientosxAeropuerto2020-2026
Colombia,NVA,SKNV,Benito Salas Airport,2024,6,2024-06,8653,16519,0,0,25172,0,8653,16519,25172,440,429,0,0,869,0,440,429,869,disponible,disponible,PasajerosArribadosPartidosxAeropuerto2020-2026,MovimientosxAeropuerto2020-2026
Colombia,PCR,SKPC,German Olano Airport,2024,6,2024-06,2945,3008,0,0,5953,0,2945,3008,5953,121,121,0,0,242,0,121,121,242,disponible,disponible,PasajerosArribadosPartidosxAeropuerto2020-2026,MovimientosxAeropuerto2020-2026
Colombia,PDA,SKPD,Obando Cesar Gaviria Trujillo Airport,2024,6,2024-06,,,,,,,,,,171,177,0,0,348,0,171,177,348,sin_dato,disponible,PasajerosArribadosPartidosxAeropuerto2020-2026,MovimientosxAeropuerto2020-2026
Colombia,PEI,SKPE,Matecaña International Airport,2024,6,2024-06,90257,89082,9443,16655,179339,26098,99700,105737,205437,958,957,78,79,1915,157,1036,1036,2072,disponible,disponible,PasajerosArribadosPartidosxAeropuerto2020-2026,MovimientosxAeropuerto2020-2026
Colombia,PPN,SKPP,Guillermo León Valencia Airport,2024,6,2024-06,4852,6338,0,0,11190,0,4852,6338,11190,358,368,0,0,726,0,358,368,726,disponible,disponible,PasajerosArribadosPartidosxAeropuerto2020-2026,MovimientosxAeropuerto2020-2026
Colombia,PSO,SKPS,Antonio Nariño Airport,2024,6,2024-06,19810,17667,0,401,37477,401,19810,18068,37878,338,335,0,0,673,0,338,335,673,disponible,disponible,PasajerosArribadosPartidosxAeropuerto2020-2026,MovimientosxAeropuerto2020-2026
Colombia,PUU,SKAS,Tres De Mayo Airport,2024,6,2024-06,3011,3904,0,0,6915,0,3011,3904,6915,146,144,0,0,290,0,146,144,290,disponible,disponible,PasajerosArribadosPartidosxAeropuerto2020-2026,MovimientosxAeropuerto2020-2026
Colombia,PVA,SKPV,El Embrujo Airport,2024,6,2024-06,3986,3521,0,0,7507,0,3986,3521,7507,129,129,0,0,258,0,129,129,258,disponible,disponible,PasajerosArribadosPartidosxAeropuerto2020-2026,MovimientosxAeropuerto2020-2026
Colombia,RCH,SKRH,Almirante Padilla Airport,2024,6,2024-06,14884,25207,0,248,40091,248,14884,25455,40339,219,221,0,0,440,0,219,221,440,disponible,disponible,PasajerosArribadosPartidosxAeropuerto2020-2026,MovimientosxAeropuerto2020-2026
Colombia,RVE,SKSA,Los Colonizadores Airport,2024,6,2024-06,2158,2186,0,0,4344,0,2158,2186,4344,205,246,0,0,451,0,205,246,451,disponible,disponible,PasajerosArribadosPartidosxAeropuerto2020-2026,MovimientosxAeropuerto2020-2026
Colombia,SJE,SKSJ,Jorge E. Gonzalez Torres Airport,2024,6,2024-06,1955,1875,0,0,3830,0,1955,1875,3830,313,313,0,0,626,0,313,313,626,disponible,disponible,PasajerosArribadosPartidosxAeropuerto2020-2026,MovimientosxAeropuerto2020-2026
Colombia,SMR,SKSM,Simón Bolívar International Airport,2024,6,2024-06,151393,118046,1363,2532,269439,3895,152756,120578,273334,1150,1174,13,14,2324,27,1163,1188,2351,disponible,disponible,PasajerosArribadosPartidosxAeropuerto2020-2026,MovimientosxAeropuerto2020-2026
Colombia,SVI,SKSV,Eduardo Falla Solano Airport,2024,6,2024-06,321,321,0,0,642,0,321,321,642,33,30,0,0,63,0,33,30,63,disponible,disponible,PasajerosArribadosPartidosxAeropuerto2020-2026,MovimientosxAeropuerto2020-2026
Colombia,TCD,SKRA,Tarapacá Airport,2024,6,2024-06,,,,,,,,,,16,15,0,0,31,0,16,15,31,sin_dato,disponible,PasajerosArribadosPartidosxAeropuerto2020-2026,MovimientosxAeropuerto2020-2026
Colombia,TCO,SKCO,La Florida Airport,2024,6,2024-06,4635,6124,0,0,10759,0,4635,6124,10759,245,243,0,1,488,1,245,244,489,disponible,disponible,PasajerosArribadosPartidosxAeropuerto2020-2026,MovimientosxAeropuerto2020-2026
Colombia,TLU,SKTL,Golfo de Morrosquillo Airport,2024,6,2024-06,2823,2464,0,0,5287,0,2823,2464,5287,83,83,0,0,166,0,83,83,166,disponible,disponible,PasajerosArribadosPartidosxAeropuerto2020-2026,MovimientosxAeropuerto2020-2026
Colombia,TME,SKTM,Gustavo Vargas Airport,2024,6,2024-06,398,401,0,0,799,0,398,401,799,176,175,0,0,351,0,176,175,351,disponible,disponible,PasajerosArribadosPartidosxAeropuerto2020-2026,MovimientosxAeropuerto2020-2026
Colombia,UIB,SKUI,El Caraño Airport,2024,6,2024-06,14668,14891,0,0,29559,0,14668,14891,29559,715,718,0,0,1433,0,715,718,1433,disponible,disponible,PasajerosArribadosPartidosxAeropuerto2020-2026,MovimientosxAeropuerto2020-2026
Colombia,VUP,SKVP,Alfonso López Pumarejo Airport,2024,6,2024-06,16403,15872,0,517,32275,517,16403,16389,32792,238,241,0,0,479,0,238,241,479,disponible,disponible,PasajerosArribadosPartidosxAeropuerto2020-2026,MovimientosxAeropuerto2020-2026
Colombia,VVC,SKVV,Vanguardia Airport,2024,6,2024-06,9197,13650,0,0,22847,0,9197,13650,22847,1603,1587,0,0,3190,0,1603,1587,3190,disponible,disponible,PasajerosArribadosPartidosxAeropuerto2020-2026,MovimientosxAeropuerto2020-2026
Colombia,ADZ,SKSP,Gustavo Rojas Pinilla International Airport,2024,7,2024-07,94164,99172,2217,5678,193336,7895,96381,104850,201231,797,794,19,19,1591,38,816,813,1629,disponible,disponible,PasajerosArribadosPartidosxAeropuerto2020-2026,MovimientosxAeropuerto2020-2026
Colombia,APO,SKLC,Antonio Roldán Betancur Airport,2024,7,2024-07,7575,7407,0,0,14982,0,7575,7407,14982,886,886,1,1,1772,2,887,887,1774,disponible,disponible,PasajerosArribadosPartidosxAeropuerto2020-2026,MovimientosxAeropuerto2020-2026
Colombia,AUC,SKUC,Santiago Perez Airport,2024,7,2024-07,6794,6579,0,0,13373,0,6794,6579,13373,303,310,0,0,613,0,303,310,613,disponible,disponible,PasajerosArribadosPartidosxAeropuerto2020-2026,MovimientosxAeropuerto2020-2026
Colombia,AXM,SKAR,El Eden Airport,2024,7,2024-07,26919,26614,4040,4141,53533,8181,30959,30755,61714,274,275,26,26,549,52,300,301,601,disponible,disponible,PasajerosArribadosPartidosxAeropuerto2020-2026,MovimientosxAeropuerto2020-2026
Colombia,BAQ,SKBQ,Ernesto Cortissoz International Airport,2024,7,2024-07,108506,113224,18662,23310,221730,41972,127168,136534,263702,1782,1790,196,194,3572,390,1978,1984,3962,disponible,disponible,PasajerosArribadosPartidosxAeropuerto2020-2026,MovimientosxAeropuerto2020-2026
Colombia,BGA,SKBG,Palonegro Airport,2024,7,2024-07,84166,88194,1914,5252,172360,7166,86080,93446,179526,1157,1147,22,23,2304,45,1179,1170,2349,disponible,disponible,PasajerosArribadosPartidosxAeropuerto2020-2026,MovimientosxAeropuerto2020-2026
Colombia,BOG,SKBO,El Dorado International Airport,2024,7,2024-07,1037533,848507,661673,624365,1886040,1286038,1699206,1472872,3172078,11288,11361,5003,4923,22649,9926,16291,16284,32575,disponible,disponible,PasajerosArribadosPartidosxAeropuerto2020-2026,MovimientosxAeropuerto2020-2026
Colombia,BSC,SKBS,José Celestino Mutis Airport,2024,7,2024-07,4455,3959,0,0,8414,0,4455,3959,8414,350,350,0,0,700,0,350,350,700,disponible,disponible,PasajerosArribadosPartidosxAeropuerto2020-2026,MovimientosxAeropuerto2020-2026
Colombia,BUN,SKBU,Gerardo Tobar López Airport,2024,7,2024-07,289,272,0,0,561,0,289,272,561,46,39,0,0,85,0,46,39,85,disponible,disponible,PasajerosArribadosPartidosxAeropuerto2020-2026,MovimientosxAeropuerto2020-2026
Colombia,CLO,SKCL,Alfonso Bonilla Aragon International Airport,2024,7,2024-07,162957,229502,48125,68751,392459,116876,211082,298253,509335,2808,2823,341,335,5631,676,3149,3158,6307,disponible,disponible,PasajerosArribadosPartidosxAeropuerto2020-2026,MovimientosxAeropuerto2020-2026
Colombia,CTG,SKCG,Rafael Nuñez International Airport,2024,7,2024-07,222979,237081,66065,85406,460060,151471,289044,322487,611531,2103,2068,490,535,4171,1025,2593,2603,5196,disponible,disponible,PasajerosArribadosPartidosxAeropuerto2020-2026,MovimientosxAeropuerto2020-2026
Colombia,CUC,SKCC,Camilo Daza International Airport,2024,7,2024-07,52668,49794,2083,3651,102462,5734,54751,53445,108196,628,637,22,22,1265,44,650,659,1309,disponible,disponible,PasajerosArribadosPartidosxAeropuerto2020-2026,MovimientosxAeropuerto2020-2026
Colombia,CZU,SKCZ,Las Brujas Airport,2024,7,2024-07,1696,1710,0,0,3406,0,1696,1710,3406,87,92,0,0,179,0,87,92,179,disponible,disponible,PasajerosArribadosPartidosxAeropuerto2020-2026,MovimientosxAeropuerto2020-2026
Colombia,EJA,SKEJ,Yariguíes Airport,2024,7,2024-07,6732,6631,0,3,13363,3,6732,6634,13366,189,189,0,0,378,0,189,189,378,disponible,disponible,PasajerosArribadosPartidosxAeropuerto2020-2026,MovimientosxAeropuerto2020-2026
Colombia,EOH,SKMD,Enrique Olaya Herrera Airport,2024,7,2024-07,53574,49357,0,0,102931,0,53574,49357,102931,3007,3000,7,9,6007,16,3014,3009,6023,disponible,disponible,PasajerosArribadosPartidosxAeropuerto2020-2026,MovimientosxAeropuerto2020-2026
Colombia,EYP,SKYP,El Alcaravan - Yopal Airport,2024,7,2024-07,14046,16929,0,0,30975,0,14046,16929,30975,518,500,0,0,1018,0,518,500,1018,disponible,disponible,PasajerosArribadosPartidosxAeropuerto2020-2026,MovimientosxAeropuerto2020-2026
Colombia,FLA,SKFL,Gustavo Artunduaga Paredes Airport,2024,7,2024-07,2260,2612,0,0,4872,0,2260,2612,4872,130,146,0,0,276,0,130,146,276,disponible,disponible,PasajerosArribadosPartidosxAeropuerto2020-2026,MovimientosxAeropuerto2020-2026
Colombia,GPI,SKGP,Guapi Airport,2024,7,2024-07,3066,1346,0,0,4412,0,3066,1346,4412,142,142,0,0,284,0,142,142,284,disponible,disponible,PasajerosArribadosPartidosxAeropuerto2020-2026,MovimientosxAeropuerto2020-2026
Colombia,IBE,SKIB,Perales Airport,2024,7,2024-07,10264,14783,0,0,25047,0,10264,14783,25047,245,246,0,0,491,0,245,246,491,disponible,disponible,PasajerosArribadosPartidosxAeropuerto2020-2026,MovimientosxAeropuerto2020-2026
Colombia,IPI,SKIP,San Luis Airport,2024,7,2024-07,5806,10863,0,0,16669,0,5806,10863,16669,82,82,0,0,164,0,82,82,164,disponible,disponible,PasajerosArribadosPartidosxAeropuerto2020-2026,MovimientosxAeropuerto2020-2026
Colombia,LCR,SKHZ,Virgilio Barco Vargas (La Chorrera) Airport,2024,7,2024-07,,,,,,,,,,23,22,0,0,45,0,23,22,45,sin_dato,disponible,PasajerosArribadosPartidosxAeropuerto2020-2026,MovimientosxAeropuerto2020-2026
Colombia,LET,SKLT,Alfredo Vásquez Cobo International Airport,2024,7,2024-07,16380,16546,0,67,32926,67,16380,16613,32993,255,265,1,3,520,4,256,268,524,disponible,disponible,PasajerosArribadosPartidosxAeropuerto2020-2026,MovimientosxAeropuerto2020-2026
Colombia,LMC,SKNA,La Macarena Airport,2024,7,2024-07,1794,1901,0,0,3695,0,1794,1901,3695,241,239,0,0,480,0,241,239,480,disponible,disponible,PasajerosArribadosPartidosxAeropuerto2020-2026,MovimientosxAeropuerto2020-2026
Colombia,LPD,SKLP,La Pedrera Airport,2024,7,2024-07,174,136,0,0,310,0,174,136,310,41,39,0,0,80,0,41,39,80,disponible,disponible,PasajerosArribadosPartidosxAeropuerto2020-2026,MovimientosxAeropuerto2020-2026
Colombia,LQM,SKLG,Caucaya Airport,2024,7,2024-07,815,740,0,0,1555,0,815,740,1555,43,34,0,0,77,0,43,34,77,disponible,disponible,PasajerosArribadosPartidosxAeropuerto2020-2026,MovimientosxAeropuerto2020-2026
Colombia,MDE,SKRG,Jose Maria Córdova International Airport,2024,7,2024-07,374265,377943,170631,146982,752208,317613,544896,524925,1069821,3337,3298,1302,1343,6635,2645,4639,4641,9280,disponible,disponible,PasajerosArribadosPartidosxAeropuerto2020-2026,MovimientosxAeropuerto2020-2026
Colombia,MTR,SKMR,Los Garzones Airport,2024,7,2024-07,31061,60437,0,562,91498,562,31061,60999,92060,724,729,0,0,1453,0,724,729,1453,disponible,disponible,PasajerosArribadosPartidosxAeropuerto2020-2026,MovimientosxAeropuerto2020-2026
Colombia,MVP,SKMU,Fabio Alberto Leon Bentley Airport,2024,7,2024-07,2179,2472,0,0,4651,0,2179,2472,4651,763,762,0,1,1525,1,763,763,1526,disponible,disponible,PasajerosArribadosPartidosxAeropuerto2020-2026,MovimientosxAeropuerto2020-2026
Colombia,MZL,SKMZ,La Nubia Airport,2024,7,2024-07,2777,2818,0,0,5595,0,2777,2818,5595,119,119,0,0,238,0,119,119,238,disponible,disponible,PasajerosArribadosPartidosxAeropuerto2020-2026,MovimientosxAeropuerto2020-2026
Colombia,NQU,SKNQ,Reyes Murillo Airport,2024,7,2024-07,3917,3669,0,0,7586,0,3917,3669,7586,219,219,0,0,438,0,219,219,438,disponible,disponible,PasajerosArribadosPartidosxAeropuerto2020-2026,MovimientosxAeropuerto2020-2026
Colombia,NVA,SKNV,Benito Salas Airport,2024,7,2024-07,8660,18667,0,0,27327,0,8660,18667,27327,403,410,0,0,813,0,403,410,813,disponible,disponible,PasajerosArribadosPartidosxAeropuerto2020-2026,MovimientosxAeropuerto2020-2026
Colombia,PCR,SKPC,German Olano Airport,2024,7,2024-07,2642,2663,0,0,5305,0,2642,2663,5305,125,127,0,0,252,0,125,127,252,disponible,disponible,PasajerosArribadosPartidosxAeropuerto2020-2026,MovimientosxAeropuerto2020-2026
Colombia,PDA,SKPD,Obando Cesar Gaviria Trujillo Airport,2024,7,2024-07,,,,,,,,,,168,168,0,0,336,0,168,168,336,sin_dato,disponible,PasajerosArribadosPartidosxAeropuerto2020-2026,MovimientosxAeropuerto2020-2026
Colombia,PEI,SKPE,Matecaña International Airport,2024,7,2024-07,77345,100387,8866,16597,177732,25463,86211,116984,203195,1051,1052,89,88,2103,177,1140,1140,2280,disponible,disponible,PasajerosArribadosPartidosxAeropuerto2020-2026,MovimientosxAeropuerto2020-2026
Colombia,PPN,SKPP,Guillermo León Valencia Airport,2024,7,2024-07,5521,7250,0,0,12771,0,5521,7250,12771,396,392,0,0,788,0,396,392,788,disponible,disponible,PasajerosArribadosPartidosxAeropuerto2020-2026,MovimientosxAeropuerto2020-2026
Colombia,PSO,SKPS,Antonio Nariño Airport,2024,7,2024-07,32120,34772,0,774,66892,774,32120,35546,67666,338,337,0,0,675,0,338,337,675,disponible,disponible,PasajerosArribadosPartidosxAeropuerto2020-2026,MovimientosxAeropuerto2020-2026
Colombia,PUU,SKAS,Tres De Mayo Airport,2024,7,2024-07,4902,5139,0,0,10041,0,4902,5139,10041,141,145,0,0,286,0,141,145,286,disponible,disponible,PasajerosArribadosPartidosxAeropuerto2020-2026,MovimientosxAeropuerto2020-2026
Colombia,PVA,SKPV,El Embrujo Airport,2024,7,2024-07,3228,3472,0,0,6700,0,3228,3472,6700,106,107,0,0,213,0,106,107,213,disponible,disponible,PasajerosArribadosPartidosxAeropuerto2020-2026,MovimientosxAeropuerto2020-2026
Colombia,RCH,SKRH,Almirante Padilla Airport,2024,7,2024-07,25333,27131,0,272,52464,272,25333,27403,52736,201,204,0,0,405,0,201,204,405,disponible,disponible,PasajerosArribadosPartidosxAeropuerto2020-2026,MovimientosxAeropuerto2020-2026
Colombia,RVE,SKSA,Los Colonizadores Airport,2024,7,2024-07,2110,2179,0,0,4289,0,2110,2179,4289,201,209,0,0,410,0,201,209,410,disponible,disponible,PasajerosArribadosPartidosxAeropuerto2020-2026,MovimientosxAeropuerto2020-2026
Colombia,SJE,SKSJ,Jorge E. Gonzalez Torres Airport,2024,7,2024-07,1932,1990,0,0,3922,0,1932,1990,3922,356,351,0,0,707,0,356,351,707,disponible,disponible,PasajerosArribadosPartidosxAeropuerto2020-2026,MovimientosxAeropuerto2020-2026
Colombia,SMR,SKSM,Simón Bolívar International Airport,2024,7,2024-07,138262,156123,1460,2947,294385,4407,139722,159070,298792,1235,1243,16,15,2478,31,1251,1258,2509,disponible,disponible,PasajerosArribadosPartidosxAeropuerto2020-2026,MovimientosxAeropuerto2020-2026
Colombia,SVI,SKSV,Eduardo Falla Solano Airport,2024,7,2024-07,329,353,0,0,682,0,329,353,682,31,32,0,0,63,0,31,32,63,disponible,disponible,PasajerosArribadosPartidosxAeropuerto2020-2026,MovimientosxAeropuerto2020-2026
Colombia,TCD,SKRA,Tarapacá Airport,2024,7,2024-07,,,,,,,,,,23,19,0,0,42,0,23,19,42,sin_dato,disponible,PasajerosArribadosPartidosxAeropuerto2020-2026,MovimientosxAeropuerto2020-2026
Colombia,TCO,SKCO,La Florida Airport,2024,7,2024-07,4674,6420,0,0,11094,0,4674,6420,11094,252,249,0,0,501,0,252,249,501,disponible,disponible,PasajerosArribadosPartidosxAeropuerto2020-2026,MovimientosxAeropuerto2020-2026
Colombia,TLU,SKTL,Golfo de Morrosquillo Airport,2024,7,2024-07,2205,2206,0,0,4411,0,2205,2206,4411,73,72,0,0,145,0,73,72,145,disponible,disponible,PasajerosArribadosPartidosxAeropuerto2020-2026,MovimientosxAeropuerto2020-2026
Colombia,TME,SKTM,Gustavo Vargas Airport,2024,7,2024-07,476,479,0,0,955,0,476,479,955,171,171,0,0,342,0,171,171,342,disponible,disponible,PasajerosArribadosPartidosxAeropuerto2020-2026,MovimientosxAeropuerto2020-2026
Colombia,UIB,SKUI,El Caraño Airport,2024,7,2024-07,7701,13765,0,0,21466,0,7701,13765,21466,754,754,0,0,1508,0,754,754,1508,disponible,disponible,PasajerosArribadosPartidosxAeropuerto2020-2026,MovimientosxAeropuerto2020-2026
Colombia,VUP,SKVP,Alfonso López Pumarejo Airport,2024,7,2024-07,16562,4930,0,449,21492,449,16562,5379,21941,242,241,0,0,483,0,242,241,483,disponible,disponible,PasajerosArribadosPartidosxAeropuerto2020-2026,MovimientosxAeropuerto2020-2026
Colombia,VVC,SKVV,Vanguardia Airport,2024,7,2024-07,9509,14753,0,0,24262,0,9509,14753,24262,1643,1636,0,0,3279,0,1643,1636,3279,disponible,disponible,PasajerosArribadosPartidosxAeropuerto2020-2026,MovimientosxAeropuerto2020-2026
Colombia,ADZ,SKSP,Gustavo Rojas Pinilla International Airport,2024,8,2024-08,96322,90336,2308,5677,186658,7985,98630,96013,194643,821,822,19,19,1643,38,840,841,1681,disponible,disponible,PasajerosArribadosPartidosxAeropuerto2020-2026,MovimientosxAeropuerto2020-2026
Colombia,APO,SKLC,Antonio Roldán Betancur Airport,2024,8,2024-08,7231,3432,0,0,10663,0,7231,3432,10663,823,829,1,2,1652,3,824,831,1655,disponible,disponible,PasajerosArribadosPartidosxAeropuerto2020-2026,MovimientosxAeropuerto2020-2026
Colombia,AUC,SKUC,Santiago Perez Airport,2024,8,2024-08,7165,7378,0,0,14543,0,7165,7378,14543,301,301,0,0,602,0,301,301,602,disponible,disponible,PasajerosArribadosPartidosxAeropuerto2020-2026,MovimientosxAeropuerto2020-2026
Colombia,AXM,SKAR,El Eden Airport,2024,8,2024-08,26412,27914,3352,4191,54326,7543,29764,32105,61869,279,281,27,26,560,53,306,307,613,disponible,disponible,PasajerosArribadosPartidosxAeropuerto2020-2026,MovimientosxAeropuerto2020-2026
Colombia,BAQ,SKBQ,Ernesto Cortissoz International Airport,2024,8,2024-08,100880,76541,17381,24290,177421,41671,118261,100831,219092,1716,1709,225,226,3425,451,1941,1935,3876,disponible,disponible,PasajerosArribadosPartidosxAeropuerto2020-2026,MovimientosxAeropuerto2020-2026
Colombia,BGA,SKBG,Palonegro Airport,2024,8,2024-08,79162,61228,1758,5470,140390,7228,80920,66698,147618,1095,1098,30,25,2193,55,1125,1123,2248,disponible,disponible,PasajerosArribadosPartidosxAeropuerto2020-2026,MovimientosxAeropuerto2020-2026
Colombia,BOG,SKBO,El Dorado International Airport,2024,8,2024-08,901585,969135,639540,660585,1870720,1300125,1541125,1629720,3170845,11322,11408,5053,4967,22730,10020,16375,16375,32750,disponible,disponible,PasajerosArribadosPartidosxAeropuerto2020-2026,MovimientosxAeropuerto2020-2026
Colombia,BSC,SKBS,José Celestino Mutis Airport,2024,8,2024-08,4079,2886,0,0,6965,0,4079,2886,6965,451,450,0,0,901,0,451,450,901,disponible,disponible,PasajerosArribadosPartidosxAeropuerto2020-2026,MovimientosxAeropuerto2020-2026
Colombia,BUN,SKBU,Gerardo Tobar López Airport,2024,8,2024-08,351,346,0,0,697,0,351,346,697,19,18,0,0,37,0,19,18,37,disponible,disponible,PasajerosArribadosPartidosxAeropuerto2020-2026,MovimientosxAeropuerto2020-2026
Colombia,CLO,SKCL,Alfonso Bonilla Aragon International Airport,2024,8,2024-08,215137,227748,40316,58487,442885,98803,255453,286235,541688,2840,2846,340,333,5686,673,3180,3179,6359,disponible,disponible,PasajerosArribadosPartidosxAeropuerto2020-2026,MovimientosxAeropuerto2020-2026
Colombia,CTG,SKCG,Rafael Nuñez International Airport,2024,8,2024-08,219071,167989,64628,90775,387060,155403,283699,258764,542463,2101,2061,491,529,4162,1020,2592,2590,5182,disponible,disponible,PasajerosArribadosPartidosxAeropuerto2020-2026,MovimientosxAeropuerto2020-2026
Colombia,CUC,SKCC,Camilo Daza International Airport,2024,8,2024-08,49607,50338,3407,7786,99945,11193,53014,58124,111138,713,719,49,50,1432,99,762,769,1531,disponible,disponible,PasajerosArribadosPartidosxAeropuerto2020-2026,MovimientosxAeropuerto2020-2026
Colombia,CZU,SKCZ,Las Brujas Airport,2024,8,2024-08,1617,2656,0,0,4273,0,1617,2656,4273,107,107,0,0,214,0,107,107,214,disponible,disponible,PasajerosArribadosPartidosxAeropuerto2020-2026,MovimientosxAeropuerto2020-2026
Colombia,EJA,SKEJ,Yariguíes Airport,2024,8,2024-08,6333,6813,0,2,13146,2,6333,6815,13148,194,193,0,0,387,0,194,193,387,disponible,disponible,PasajerosArribadosPartidosxAeropuerto2020-2026,MovimientosxAeropuerto2020-2026
Colombia,EOH,SKMD,Enrique Olaya Herrera Airport,2024,8,2024-08,43574,47555,0,0,91129,0,43574,47555,91129,3066,3078,11,7,6144,18,3077,3085,6162,disponible,disponible,PasajerosArribadosPartidosxAeropuerto2020-2026,MovimientosxAeropuerto2020-2026
Colombia,EYP,SKYP,El Alcaravan - Yopal Airport,2024,8,2024-08,13421,10050,0,0,23471,0,13421,10050,23471,636,632,0,0,1268,0,636,632,1268,disponible,disponible,PasajerosArribadosPartidosxAeropuerto2020-2026,MovimientosxAeropuerto2020-2026
Colombia,FLA,SKFL,Gustavo Artunduaga Paredes Airport,2024,8,2024-08,4457,4641,0,0,9098,0,4457,4641,9098,169,190,0,0,359,0,169,190,359,disponible,disponible,PasajerosArribadosPartidosxAeropuerto2020-2026,MovimientosxAeropuerto2020-2026
Colombia,GPI,SKGP,Guapi Airport,2024,8,2024-08,2847,1757,0,0,4604,0,2847,1757,4604,141,140,0,0,281,0,141,140,281,disponible,disponible,PasajerosArribadosPartidosxAeropuerto2020-2026,MovimientosxAeropuerto2020-2026
Colombia,IBE,SKIB,Perales Airport,2024,8,2024-08,9555,14067,0,0,23622,0,9555,14067,23622,326,329,0,0,655,0,326,329,655,disponible,disponible,PasajerosArribadosPartidosxAeropuerto2020-2026,MovimientosxAeropuerto2020-2026
Colombia,IPI,SKIP,San Luis Airport,2024,8,2024-08,5864,10181,0,0,16045,0,5864,10181,16045,80,79,0,0,159,0,80,79,159,disponible,disponible,PasajerosArribadosPartidosxAeropuerto2020-2026,MovimientosxAeropuerto2020-2026
Colombia,LCR,SKHZ,Virgilio Barco Vargas (La Chorrera) Airport,2024,8,2024-08,,,,,,,,,,33,36,0,0,69,0,33,36,69,sin_dato,disponible,PasajerosArribadosPartidosxAeropuerto2020-2026,MovimientosxAeropuerto2020-2026
Colombia,LET,SKLT,Alfredo Vásquez Cobo International Airport,2024,8,2024-08,16491,16842,0,79,33333,79,16491,16921,33412,266,273,0,2,539,2,266,275,541,disponible,disponible,PasajerosArribadosPartidosxAeropuerto2020-2026,MovimientosxAeropuerto2020-2026
Colombia,LMC,SKNA,La Macarena Airport,2024,8,2024-08,2312,2396,0,0,4708,0,2312,2396,4708,278,271,0,0,549,0,278,271,549,disponible,disponible,PasajerosArribadosPartidosxAeropuerto2020-2026,MovimientosxAeropuerto2020-2026
Colombia,LPD,SKLP,La Pedrera Airport,2024,8,2024-08,212,201,0,0,413,0,212,201,413,50,44,0,0,94,0,50,44,94,disponible,disponible,PasajerosArribadosPartidosxAeropuerto2020-2026,MovimientosxAeropuerto2020-2026
Colombia,LQM,SKLG,Caucaya Airport,2024,8,2024-08,661,661,0,0,1322,0,661,661,1322,38,36,0,0,74,0,38,36,74,disponible,disponible,PasajerosArribadosPartidosxAeropuerto2020-2026,MovimientosxAeropuerto2020-2026
Colombia,MDE,SKRG,Jose Maria Córdova International Airport,2024,8,2024-08,382845,360209,139631,181644,743054,321275,522476,541853,1064329,3469,3424,1305,1343,6893,2648,4774,4767,9541,disponible,disponible,PasajerosArribadosPartidosxAeropuerto2020-2026,MovimientosxAeropuerto2020-2026
Colombia,MTR,SKMR,Los Garzones Airport,2024,8,2024-08,51303,57451,0,676,108754,676,51303,58127,109430,669,677,0,0,1346,0,669,677,1346,disponible,disponible,PasajerosArribadosPartidosxAeropuerto2020-2026,MovimientosxAeropuerto2020-2026
Colombia,MVP,SKMU,Fabio Alberto Leon Bentley Airport,2024,8,2024-08,2181,2352,0,0,4533,0,2181,2352,4533,823,821,0,0,1644,0,823,821,1644,disponible,disponible,PasajerosArribadosPartidosxAeropuerto2020-2026,MovimientosxAeropuerto2020-2026
Colombia,MZL,SKMZ,La Nubia Airport,2024,8,2024-08,3241,3223,0,0,6464,0,3241,3223,6464,131,130,0,0,261,0,131,130,261,disponible,disponible,PasajerosArribadosPartidosxAeropuerto2020-2026,MovimientosxAeropuerto2020-2026
Colombia,NQU,SKNQ,Reyes Murillo Airport,2024,8,2024-08,6659,6293,0,0,12952,0,6659,6293,12952,306,302,0,0,608,0,306,302,608,disponible,disponible,PasajerosArribadosPartidosxAeropuerto2020-2026,MovimientosxAeropuerto2020-2026
Colombia,NVA,SKNV,Benito Salas Airport,2024,8,2024-08,9035,18316,0,0,27351,0,9035,18316,27351,353,364,0,0,717,0,353,364,717,disponible,disponible,PasajerosArribadosPartidosxAeropuerto2020-2026,MovimientosxAeropuerto2020-2026
Colombia,PCR,SKPC,German Olano Airport,2024,8,2024-08,3122,3078,0,0,6200,0,3122,3078,6200,132,128,0,0,260,0,132,128,260,disponible,disponible,PasajerosArribadosPartidosxAeropuerto2020-2026,MovimientosxAeropuerto2020-2026
Colombia,PDA,SKPD,Obando Cesar Gaviria Trujillo Airport,2024,8,2024-08,,,,,,,,,,165,167,0,0,332,0,165,167,332,sin_dato,disponible,PasajerosArribadosPartidosxAeropuerto2020-2026,MovimientosxAeropuerto2020-2026
Colombia,PEI,SKPE,Matecaña International Airport,2024,8,2024-08,102590,112197,10275,17741,214787,28016,112865,129938,242803,1086,1083,92,96,2169,188,1178,1179,2357,disponible,disponible,PasajerosArribadosPartidosxAeropuerto2020-2026,MovimientosxAeropuerto2020-2026
Colombia,PPN,SKPP,Guillermo León Valencia Airport,2024,8,2024-08,2794,7339,0,0,10133,0,2794,7339,10133,375,372,0,0,747,0,375,372,747,disponible,disponible,PasajerosArribadosPartidosxAeropuerto2020-2026,MovimientosxAeropuerto2020-2026
Colombia,PSO,SKPS,Antonio Nariño Airport,2024,8,2024-08,30609,22491,0,587,53100,587,30609,23078,53687,304,302,0,0,606,0,304,302,606,disponible,disponible,PasajerosArribadosPartidosxAeropuerto2020-2026,MovimientosxAeropuerto2020-2026
Colombia,PUU,SKAS,Tres De Mayo Airport,2024,8,2024-08,4836,3988,0,0,8824,0,4836,3988,8824,138,145,0,0,283,0,138,145,283,disponible,disponible,PasajerosArribadosPartidosxAeropuerto2020-2026,MovimientosxAeropuerto2020-2026
Colombia,PVA,SKPV,El Embrujo Airport,2024,8,2024-08,4006,4056,0,0,8062,0,4006,4056,8062,110,109,0,0,219,0,110,109,219,disponible,disponible,PasajerosArribadosPartidosxAeropuerto2020-2026,MovimientosxAeropuerto2020-2026
Colombia,RCH,SKRH,Almirante Padilla Airport,2024,8,2024-08,23800,24771,0,673,48571,673,23800,25444,49244,212,216,0,0,428,0,212,216,428,disponible,disponible,PasajerosArribadosPartidosxAeropuerto2020-2026,MovimientosxAeropuerto2020-2026
Colombia,RVE,SKSA,Los Colonizadores Airport,2024,8,2024-08,2009,2071,0,0,4080,0,2009,2071,4080,210,222,0,0,432,0,210,222,432,disponible,disponible,PasajerosArribadosPartidosxAeropuerto2020-2026,MovimientosxAeropuerto2020-2026
Colombia,SJE,SKSJ,Jorge E. Gonzalez Torres Airport,2024,8,2024-08,2146,2095,0,0,4241,0,2146,2095,4241,401,408,0,0,809,0,401,408,809,disponible,disponible,PasajerosArribadosPartidosxAeropuerto2020-2026,MovimientosxAeropuerto2020-2026
Colombia,SMR,SKSM,Simón Bolívar International Airport,2024,8,2024-08,162031,166409,1636,3795,328440,5431,163667,170204,333871,1271,1279,19,19,2550,38,1290,1298,2588,disponible,disponible,PasajerosArribadosPartidosxAeropuerto2020-2026,MovimientosxAeropuerto2020-2026
Colombia,SVI,SKSV,Eduardo Falla Solano Airport,2024,8,2024-08,261,279,0,0,540,0,261,279,540,19,19,0,0,38,0,19,19,38,disponible,disponible,PasajerosArribadosPartidosxAeropuerto2020-2026,MovimientosxAeropuerto2020-2026
Colombia,TCD,SKRA,Tarapacá Airport,2024,8,2024-08,,,,,,,,,,21,23,0,0,44,0,21,23,44,sin_dato,disponible,PasajerosArribadosPartidosxAeropuerto2020-2026,MovimientosxAeropuerto2020-2026
Colombia,TCO,SKCO,La Florida Airport,2024,8,2024-08,5908,6285,0,0,12193,0,5908,6285,12193,243,244,0,0,487,0,243,244,487,disponible,disponible,PasajerosArribadosPartidosxAeropuerto2020-2026,MovimientosxAeropuerto2020-2026
Colombia,TLU,SKTL,Golfo de Morrosquillo Airport,2024,8,2024-08,,,,,,,,,,,,,,,,,,,sin_dato,sin_dato,PasajerosArribadosPartidosxAeropuerto2020-2026,MovimientosxAeropuerto2020-2026
Colombia,TME,SKTM,Gustavo Vargas Airport,2024,8,2024-08,430,450,0,0,880,0,430,450,880,182,181,0,0,363,0,182,181,363,disponible,disponible,PasajerosArribadosPartidosxAeropuerto2020-2026,MovimientosxAeropuerto2020-2026
Colombia,UIB,SKUI,El Caraño Airport,2024,8,2024-08,13182,14074,0,9,27256,9,13182,14083,27265,766,769,0,0,1535,0,766,769,1535,disponible,disponible,PasajerosArribadosPartidosxAeropuerto2020-2026,MovimientosxAeropuerto2020-2026
Colombia,VUP,SKVP,Alfonso López Pumarejo Airport,2024,8,2024-08,14298,17188,0,453,31486,453,14298,17641,31939,241,244,0,0,485,0,241,244,485,disponible,disponible,PasajerosArribadosPartidosxAeropuerto2020-2026,MovimientosxAeropuerto2020-2026
Colombia,VVC,SKVV,Vanguardia Airport,2024,8,2024-08,9628,12435,0,0,22063,0,9628,12435,22063,1597,1588,0,0,3185,0,1597,1588,3185,disponible,disponible,PasajerosArribadosPartidosxAeropuerto2020-2026,MovimientosxAeropuerto2020-2026
Colombia,ADZ,SKSP,Gustavo Rojas Pinilla International Airport,2024,9,2024-09,82676,86127,1866,4245,168803,6111,84542,90372,174914,771,772,18,20,1543,38,789,792,1581,disponible,disponible,PasajerosArribadosPartidosxAeropuerto2020-2026,MovimientosxAeropuerto2020-2026
Colombia,APO,SKLC,Antonio Roldán Betancur Airport,2024,9,2024-09,7841,7744,0,0,15585,0,7841,7744,15585,879,882,0,0,1761,0,879,882,1761,disponible,disponible,PasajerosArribadosPartidosxAeropuerto2020-2026,MovimientosxAeropuerto2020-2026
Colombia,AUC,SKUC,Santiago Perez Airport,2024,9,2024-09,6337,6426,0,0,12763,0,6337,6426,12763,294,292,0,0,586,0,294,292,586,disponible,disponible,PasajerosArribadosPartidosxAeropuerto2020-2026,MovimientosxAeropuerto2020-2026
Colombia,AXM,SKAR,El Eden Airport,2024,9,2024-09,25840,21446,2889,3840,47286,6729,28729,25286,54015,301,301,26,26,602,52,327,327,654,disponible,disponible,PasajerosArribadosPartidosxAeropuerto2020-2026,MovimientosxAeropuerto2020-2026
Colombia,BAQ,SKBQ,Ernesto Cortissoz International Airport,2024,9,2024-09,105846,111786,14461,20251,217632,34712,120307,132037,252344,1688,1695,215,214,3383,429,1903,1909,3812,disponible,disponible,PasajerosArribadosPartidosxAeropuerto2020-2026,MovimientosxAeropuerto2020-2026
Colombia,BGA,SKBG,Palonegro Airport,2024,9,2024-09,75612,75486,1947,5808,151098,7755,77559,81294,158853,1068,1070,31,31,2138,62,1099,1101,2200,disponible,disponible,PasajerosArribadosPartidosxAeropuerto2020-2026,MovimientosxAeropuerto2020-2026
Colombia,BOG,SKBO,El Dorado International Airport,2024,9,2024-09,976857,927265,598096,624185,1904122,1222281,1574953,1551450,3126403,10923,10982,4884,4808,21905,9692,15807,15790,31597,disponible,disponible,PasajerosArribadosPartidosxAeropuerto2020-2026,MovimientosxAeropuerto2020-2026
Colombia,BSC,SKBS,José Celestino Mutis Airport,2024,9,2024-09,5006,5320,0,0,10326,0,5006,5320,10326,372,371,0,0,743,0,372,371,743,disponible,disponible,PasajerosArribadosPartidosxAeropuerto2020-2026,MovimientosxAeropuerto2020-2026
Colombia,BUN,SKBU,Gerardo Tobar López Airport,2024,9,2024-09,292,291,0,0,583,0,292,291,583,16,17,0,0,33,0,16,17,33,disponible,disponible,PasajerosArribadosPartidosxAeropuerto2020-2026,MovimientosxAeropuerto2020-2026
Colombia,CLO,SKCL,Alfonso Bonilla Aragon International Airport,2024,9,2024-09,190595,157005,30234,46952,347600,77186,220829,203957,424786,2703,2712,256,252,5415,508,2959,2964,5923,disponible,disponible,PasajerosArribadosPartidosxAeropuerto2020-2026,MovimientosxAeropuerto2020-2026
Colombia,CTG,SKCG,Rafael Nuñez International Airport,2024,9,2024-09,216207,221482,42915,71744,437689,114659,259122,293226,552348,1913,1867,420,470,3780,890,2333,2337,4670,disponible,disponible,PasajerosArribadosPartidosxAeropuerto2020-2026,MovimientosxAeropuerto2020-2026
Colombia,CUC,SKCC,Camilo Daza International Airport,2024,9,2024-09,58852,58851,3983,6244,117703,10227,62835,65095,127930,703,715,34,34,1418,68,737,749,1486,disponible,disponible,PasajerosArribadosPartidosxAeropuerto2020-2026,MovimientosxAeropuerto2020-2026
Colombia,CZU,SKCZ,Las Brujas Airport,2024,9,2024-09,3656,3573,0,0,7229,0,3656,3573,7229,98,107,0,0,205,0,98,107,205,disponible,disponible,PasajerosArribadosPartidosxAeropuerto2020-2026,MovimientosxAeropuerto2020-2026
Colombia,EJA,SKEJ,Yariguíes Airport,2024,9,2024-09,6966,6921,0,2,13887,2,6966,6923,13889,180,181,0,0,361,0,180,181,361,disponible,disponible,PasajerosArribadosPartidosxAeropuerto2020-2026,MovimientosxAeropuerto2020-2026
Colombia,EOH,SKMD,Enrique Olaya Herrera Airport,2024,9,2024-09,53757,51004,0,0,104761,0,53757,51004,104761,2965,2960,4,8,5925,12,2969,2968,5937,disponible,disponible,PasajerosArribadosPartidosxAeropuerto2020-2026,MovimientosxAeropuerto2020-2026
Colombia,EYP,SKYP,El Alcaravan - Yopal Airport,2024,9,2024-09,14099,17695,0,0,31794,0,14099,17695,31794,807,800,0,0,1607,0,807,800,1607,disponible,disponible,PasajerosArribadosPartidosxAeropuerto2020-2026,MovimientosxAeropuerto2020-2026
Colombia,FLA,SKFL,Gustavo Artunduaga Paredes Airport,2024,9,2024-09,4670,4815,0,0,9485,0,4670,4815,9485,162,182,0,0,344,0,162,182,344,disponible,disponible,PasajerosArribadosPartidosxAeropuerto2020-2026,MovimientosxAeropuerto2020-2026
Colombia,GPI,SKGP,Guapi Airport,2024,9,2024-09,2861,2948,0,0,5809,0,2861,2948,5809,154,155,0,0,309,0,154,155,309,disponible,disponible,PasajerosArribadosPartidosxAeropuerto2020-2026,MovimientosxAeropuerto2020-2026
Colombia,IBE,SKIB,Perales Airport,2024,9,2024-09,10198,14541,0,0,24739,0,10198,14541,24739,313,309,0,0,622,0,313,309,622,disponible,disponible,PasajerosArribadosPartidosxAeropuerto2020-2026,MovimientosxAeropuerto2020-2026
Colombia,IPI,SKIP,San Luis Airport,2024,9,2024-09,5579,8991,0,0,14570,0,5579,8991,14570,78,78,0,0,156,0,78,78,156,disponible,disponible,PasajerosArribadosPartidosxAeropuerto2020-2026,MovimientosxAeropuerto2020-2026
Colombia,LCR,SKHZ,Virgilio Barco Vargas (La Chorrera) Airport,2024,9,2024-09,,,,,,,,,,27,22,0,0,49,0,27,22,49,sin_dato,disponible,PasajerosArribadosPartidosxAeropuerto2020-2026,MovimientosxAeropuerto2020-2026
Colombia,LET,SKLT,Alfredo Vásquez Cobo International Airport,2024,9,2024-09,14432,14556,0,45,28988,45,14432,14601,29033,254,271,5,11,525,16,259,282,541,disponible,disponible,PasajerosArribadosPartidosxAeropuerto2020-2026,MovimientosxAeropuerto2020-2026
Colombia,LMC,SKNA,La Macarena Airport,2024,9,2024-09,1964,2046,0,0,4010,0,1964,2046,4010,237,233,0,0,470,0,237,233,470,disponible,disponible,PasajerosArribadosPartidosxAeropuerto2020-2026,MovimientosxAeropuerto2020-2026
Colombia,LPD,SKLP,La Pedrera Airport,2024,9,2024-09,215,190,0,0,405,0,215,190,405,54,43,0,0,97,0,54,43,97,disponible,disponible,PasajerosArribadosPartidosxAeropuerto2020-2026,MovimientosxAeropuerto2020-2026
Colombia,LQM,SKLG,Caucaya Airport,2024,9,2024-09,686,692,0,0,1378,0,686,692,1378,45,44,0,0,89,0,45,44,89,disponible,disponible,PasajerosArribadosPartidosxAeropuerto2020-2026,MovimientosxAeropuerto2020-2026
Colombia,MDE,SKRG,Jose Maria Córdova International Airport,2024,9,2024-09,344209,371115,120086,163015,715324,283101,464295,534130,998425,3158,3120,1097,1124,6278,2221,4255,4244,8499,disponible,disponible,PasajerosArribadosPartidosxAeropuerto2020-2026,MovimientosxAeropuerto2020-2026
Colombia,MTR,SKMR,Los Garzones Airport,2024,9,2024-09,52792,56080,0,525,108872,525,52792,56605,109397,670,668,0,0,1338,0,670,668,1338,disponible,disponible,PasajerosArribadosPartidosxAeropuerto2020-2026,MovimientosxAeropuerto2020-2026
Colombia,MVP,SKMU,Fabio Alberto Leon Bentley Airport,2024,9,2024-09,2891,2619,0,0,5510,0,2891,2619,5510,900,899,0,0,1799,0,900,899,1799,disponible,disponible,PasajerosArribadosPartidosxAeropuerto2020-2026,MovimientosxAeropuerto2020-2026
Colombia,MZL,SKMZ,La Nubia Airport,2024,9,2024-09,474,4220,0,0,4694,0,474,4220,4694,145,144,0,0,289,0,145,144,289,disponible,disponible,PasajerosArribadosPartidosxAeropuerto2020-2026,MovimientosxAeropuerto2020-2026
Colombia,NQU,SKNQ,Reyes Murillo Airport,2024,9,2024-09,2596,5382,0,0,7978,0,2596,5382,7978,263,263,0,0,526,0,263,263,526,disponible,disponible,PasajerosArribadosPartidosxAeropuerto2020-2026,MovimientosxAeropuerto2020-2026
Colombia,NVA,SKNV,Benito Salas Airport,2024,9,2024-09,13626,19908,0,0,33534,0,13626,19908,33534,676,675,0,0,1351,0,676,675,1351,disponible,disponible,PasajerosArribadosPartidosxAeropuerto2020-2026,MovimientosxAeropuerto2020-2026
Colombia,PCR,SKPC,German Olano Airport,2024,9,2024-09,2692,2654,0,0,5346,0,2692,2654,5346,118,120,0,0,238,0,118,120,238,disponible,disponible,PasajerosArribadosPartidosxAeropuerto2020-2026,MovimientosxAeropuerto2020-2026
Colombia,PDA,SKPD,Obando Cesar Gaviria Trujillo Airport,2024,9,2024-09,,,,,,,,,,137,143,0,0,280,0,137,143,280,sin_dato,disponible,PasajerosArribadosPartidosxAeropuerto2020-2026,MovimientosxAeropuerto2020-2026
Colombia,PEI,SKPE,Matecaña International Airport,2024,9,2024-09,95894,99162,4985,13560,195056,18545,100879,112722,213601,972,974,69,70,1946,139,1041,1044,2085,disponible,disponible,PasajerosArribadosPartidosxAeropuerto2020-2026,MovimientosxAeropuerto2020-2026
Colombia,PPN,SKPP,Guillermo León Valencia Airport,2024,9,2024-09,6265,8170,0,0,14435,0,6265,8170,14435,400,411,0,0,811,0,400,411,811,disponible,disponible,PasajerosArribadosPartidosxAeropuerto2020-2026,MovimientosxAeropuerto2020-2026
Colombia,PSO,SKPS,Antonio Nariño Airport,2024,9,2024-09,24543,25819,0,456,50362,456,24543,26275,50818,323,322,0,0,645,0,323,322,645,disponible,disponible,PasajerosArribadosPartidosxAeropuerto2020-2026,MovimientosxAeropuerto2020-2026
Colombia,PUU,SKAS,Tres De Mayo Airport,2024,9,2024-09,4933,5006,0,0,9939,0,4933,5006,9939,130,135,0,0,265,0,130,135,265,disponible,disponible,PasajerosArribadosPartidosxAeropuerto2020-2026,MovimientosxAeropuerto2020-2026
Colombia,PVA,SKPV,El Embrujo Airport,2024,9,2024-09,2977,3129,0,0,6106,0,2977,3129,6106,103,103,0,0,206,0,103,103,206,disponible,disponible,PasajerosArribadosPartidosxAeropuerto2020-2026,MovimientosxAeropuerto2020-2026
Colombia,RCH,SKRH,Almirante Padilla Airport,2024,9,2024-09,14350,24525,0,731,38875,731,14350,25256,39606,197,201,0,0,398,0,197,201,398,disponible,disponible,PasajerosArribadosPartidosxAeropuerto2020-2026,MovimientosxAeropuerto2020-2026
Colombia,RVE,SKSA,Los Colonizadores Airport,2024,9,2024-09,1993,2011,0,0,4004,0,1993,2011,4004,219,314,0,0,533,0,219,314,533,disponible,disponible,PasajerosArribadosPartidosxAeropuerto2020-2026,MovimientosxAeropuerto2020-2026
Colombia,SJE,SKSJ,Jorge E. Gonzalez Torres Airport,2024,9,2024-09,2157,2279,0,0,4436,0,2157,2279,4436,331,337,0,0,668,0,331,337,668,disponible,disponible,PasajerosArribadosPartidosxAeropuerto2020-2026,MovimientosxAeropuerto2020-2026
Colombia,SMR,SKSM,Simón Bolívar International Airport,2024,9,2024-09,152006,153003,1520,3126,305009,4646,153526,156129,309655,1155,1186,18,15,2341,33,1173,1201,2374,disponible,disponible,PasajerosArribadosPartidosxAeropuerto2020-2026,MovimientosxAeropuerto2020-2026
Colombia,SVI,SKSV,Eduardo Falla Solano Airport,2024,9,2024-09,268,309,0,0,577,0,268,309,577,35,30,0,0,65,0,35,30,65,disponible,disponible,PasajerosArribadosPartidosxAeropuerto2020-2026,MovimientosxAeropuerto2020-2026
Colombia,TCD,SKRA,Tarapacá Airport,2024,9,2024-09,,,,,,,,,,15,16,0,0,31,0,15,16,31,sin_dato,disponible,PasajerosArribadosPartidosxAeropuerto2020-2026,MovimientosxAeropuerto2020-2026
Colombia,TCO,SKCO,La Florida Airport,2024,9,2024-09,4524,5887,0,0,10411,0,4524,5887,10411,219,223,0,0,442,0,219,223,442,disponible,disponible,PasajerosArribadosPartidosxAeropuerto2020-2026,MovimientosxAeropuerto2020-2026
Colombia,TLU,SKTL,Golfo de Morrosquillo Airport,2024,9,2024-09,,,,,,,,,,,,,,,,,,,sin_dato,sin_dato,PasajerosArribadosPartidosxAeropuerto2020-2026,MovimientosxAeropuerto2020-2026
Colombia,TME,SKTM,Gustavo Vargas Airport,2024,9,2024-09,386,420,0,0,806,0,386,420,806,221,216,0,0,437,0,221,216,437,disponible,disponible,PasajerosArribadosPartidosxAeropuerto2020-2026,MovimientosxAeropuerto2020-2026
Colombia,UIB,SKUI,El Caraño Airport,2024,9,2024-09,13597,13364,0,0,26961,0,13597,13364,26961,717,714,0,0,1431,0,717,714,1431,disponible,disponible,PasajerosArribadosPartidosxAeropuerto2020-2026,MovimientosxAeropuerto2020-2026
Colombia,VUP,SKVP,Alfonso López Pumarejo Airport,2024,9,2024-09,16746,16115,0,498,32861,498,16746,16613,33359,242,245,0,0,487,0,242,245,487,disponible,disponible,PasajerosArribadosPartidosxAeropuerto2020-2026,MovimientosxAeropuerto2020-2026
Colombia,VVC,SKVV,Vanguardia Airport,2024,9,2024-09,12457,15707,4,5,28164,9,12461,15712,28173,1578,1583,0,0,3161,0,1578,1583,3161,disponible,disponible,PasajerosArribadosPartidosxAeropuerto2020-2026,MovimientosxAeropuerto2020-2026
Colombia,ADZ,SKSP,Gustavo Rojas Pinilla International Airport,2024,10,2024-10,89242,87765,2078,4476,177007,6554,91320,92241,183561,838,837,22,23,1675,45,860,860,1720,disponible,disponible,PasajerosArribadosPartidosxAeropuerto2020-2026,MovimientosxAeropuerto2020-2026
Colombia,APO,SKLC,Antonio Roldán Betancur Airport,2024,10,2024-10,8601,8687,0,0,17288,0,8601,8687,17288,888,894,1,0,1782,1,889,894,1783,disponible,disponible,PasajerosArribadosPartidosxAeropuerto2020-2026,MovimientosxAeropuerto2020-2026
Colombia,AUC,SKUC,Santiago Perez Airport,2024,10,2024-10,7497,7553,0,0,15050,0,7497,7553,15050,323,318,0,0,641,0,323,318,641,disponible,disponible,PasajerosArribadosPartidosxAeropuerto2020-2026,MovimientosxAeropuerto2020-2026
Colombia,AXM,SKAR,El Eden Airport,2024,10,2024-10,22677,27770,3351,3700,50447,7051,26028,31470,57498,327,327,29,29,654,58,356,356,712,disponible,disponible,PasajerosArribadosPartidosxAeropuerto2020-2026,MovimientosxAeropuerto2020-2026
Colombia,BAQ,SKBQ,Ernesto Cortissoz International Airport,2024,10,2024-10,114915,120563,16946,22071,235478,39017,131861,142634,274495,1881,1905,240,228,3786,468,2121,2133,4254,disponible,disponible,PasajerosArribadosPartidosxAeropuerto2020-2026,MovimientosxAeropuerto2020-2026
Colombia,BGA,SKBG,Palonegro Airport,2024,10,2024-10,55478,83578,2002,5763,139056,7765,57480,89341,146821,1150,1152,31,32,2302,63,1181,1184,2365,disponible,disponible,PasajerosArribadosPartidosxAeropuerto2020-2026,MovimientosxAeropuerto2020-2026
Colombia,BOG,SKBO,El Dorado International Airport,2024,10,2024-10,947558,896838,556195,608797,1844396,1164992,1503753,1505635,3009388,11443,11493,4996,4928,22936,9924,16439,16421,32860,disponible,disponible,PasajerosArribadosPartidosxAeropuerto2020-2026,MovimientosxAeropuerto2020-2026
Colombia,BSC,SKBS,José Celestino Mutis Airport,2024,10,2024-10,4472,4787,0,0,9259,0,4472,4787,9259,341,338,0,0,679,0,341,338,679,disponible,disponible,PasajerosArribadosPartidosxAeropuerto2020-2026,MovimientosxAeropuerto2020-2026
Colombia,BUN,SKBU,Gerardo Tobar López Airport,2024,10,2024-10,347,347,0,0,694,0,347,347,694,42,40,0,0,82,0,42,40,82,disponible,disponible,PasajerosArribadosPartidosxAeropuerto2020-2026,MovimientosxAeropuerto2020-2026
Colombia,CLO,SKCL,Alfonso Bonilla Aragon International Airport,2024,10,2024-10,202852,167219,27574,53721,370071,81295,230426,220940,451366,2997,3018,264,253,6015,517,3261,3271,6532,disponible,disponible,PasajerosArribadosPartidosxAeropuerto2020-2026,MovimientosxAeropuerto2020-2026
Colombia,CTG,SKCG,Rafael Nuñez International Airport,2024,10,2024-10,176262,220734,49601,72784,396996,122385,225863,293518,519381,2019,1975,418,465,3994,883,2437,2440,4877,disponible,disponible,PasajerosArribadosPartidosxAeropuerto2020-2026,MovimientosxAeropuerto2020-2026
Colombia,CUC,SKCC,Camilo Daza International Airport,2024,10,2024-10,39395,54730,4735,7094,94125,11829,44130,61824,105954,681,692,37,37,1373,74,718,729,1447,disponible,disponible,PasajerosArribadosPartidosxAeropuerto2020-2026,MovimientosxAeropuerto2020-2026
Colombia,CZU,SKCZ,Las Brujas Airport,2024,10,2024-10,4263,3341,0,0,7604,0,4263,3341,7604,123,130,0,0,253,0,123,130,253,disponible,disponible,PasajerosArribadosPartidosxAeropuerto2020-2026,MovimientosxAeropuerto2020-2026
Colombia,EJA,SKEJ,Yariguíes Airport,2024,10,2024-10,7127,7373,0,8,14500,8,7127,7381,14508,177,167,0,0,344,0,177,167,344,disponible,disponible,PasajerosArribadosPartidosxAeropuerto2020-2026,MovimientosxAeropuerto2020-2026
Colombia,EOH,SKMD,Enrique Olaya Herrera Airport,2024,10,2024-10,48574,54049,0,0,102623,0,48574,54049,102623,2976,2978,1,4,5954,5,2977,2982,5959,disponible,disponible,PasajerosArribadosPartidosxAeropuerto2020-2026,MovimientosxAeropuerto2020-2026
Colombia,EYP,SKYP,El Alcaravan - Yopal Airport,2024,10,2024-10,13972,17744,0,0,31716,0,13972,17744,31716,1058,1045,1,0,2103,1,1059,1045,2104,disponible,disponible,PasajerosArribadosPartidosxAeropuerto2020-2026,MovimientosxAeropuerto2020-2026
Colombia,FLA,SKFL,Gustavo Artunduaga Paredes Airport,2024,10,2024-10,2604,3400,0,0,6004,0,2604,3400,6004,156,160,0,0,316,0,156,160,316,disponible,disponible,PasajerosArribadosPartidosxAeropuerto2020-2026,MovimientosxAeropuerto2020-2026
Colombia,GPI,SKGP,Guapi Airport,2024,10,2024-10,3294,3384,0,0,6678,0,3294,3384,6678,164,161,0,0,325,0,164,161,325,disponible,disponible,PasajerosArribadosPartidosxAeropuerto2020-2026,MovimientosxAeropuerto2020-2026
Colombia,IBE,SKIB,Perales Airport,2024,10,2024-10,10096,13941,0,0,24037,0,10096,13941,24037,270,272,0,0,542,0,270,272,542,disponible,disponible,PasajerosArribadosPartidosxAeropuerto2020-2026,MovimientosxAeropuerto2020-2026
Colombia,IPI,SKIP,San Luis Airport,2024,10,2024-10,5981,9385,0,0,15366,0,5981,9385,15366,83,83,0,0,166,0,83,83,166,disponible,disponible,PasajerosArribadosPartidosxAeropuerto2020-2026,MovimientosxAeropuerto2020-2026
Colombia,LCR,SKHZ,Virgilio Barco Vargas (La Chorrera) Airport,2024,10,2024-10,,,,,,,,,,26,23,0,0,49,0,26,23,49,sin_dato,disponible,PasajerosArribadosPartidosxAeropuerto2020-2026,MovimientosxAeropuerto2020-2026
Colombia,LET,SKLT,Alfredo Vásquez Cobo International Airport,2024,10,2024-10,15452,8033,1,72,23485,73,15453,8105,23558,257,268,3,1,525,4,260,269,529,disponible,disponible,PasajerosArribadosPartidosxAeropuerto2020-2026,MovimientosxAeropuerto2020-2026
Colombia,LMC,SKNA,La Macarena Airport,2024,10,2024-10,2104,2225,0,0,4329,0,2104,2225,4329,265,262,0,0,527,0,265,262,527,disponible,disponible,PasajerosArribadosPartidosxAeropuerto2020-2026,MovimientosxAeropuerto2020-2026
Colombia,LPD,SKLP,La Pedrera Airport,2024,10,2024-10,214,198,0,0,412,0,214,198,412,52,45,0,0,97,0,52,45,97,disponible,disponible,PasajerosArribadosPartidosxAeropuerto2020-2026,MovimientosxAeropuerto2020-2026
Colombia,LQM,SKLG,Caucaya Airport,2024,10,2024-10,769,867,0,0,1636,0,769,867,1636,60,51,0,0,111,0,60,51,111,disponible,disponible,PasajerosArribadosPartidosxAeropuerto2020-2026,MovimientosxAeropuerto2020-2026
Colombia,MDE,SKRG,Jose Maria Córdova International Airport,2024,10,2024-10,365441,370776,132428,152537,736217,284965,497869,523313,1021182,3375,3342,1161,1192,6717,2353,4536,4534,9070,disponible,disponible,PasajerosArribadosPartidosxAeropuerto2020-2026,MovimientosxAeropuerto2020-2026
Colombia,MTR,SKMR,Los Garzones Airport,2024,10,2024-10,58402,49673,0,663,108075,663,58402,50336,108738,736,742,0,0,1478,0,736,742,1478,disponible,disponible,PasajerosArribadosPartidosxAeropuerto2020-2026,MovimientosxAeropuerto2020-2026
Colombia,MVP,SKMU,Fabio Alberto Leon Bentley Airport,2024,10,2024-10,3776,4061,0,0,7837,0,3776,4061,7837,1014,1013,0,0,2027,0,1014,1013,2027,disponible,disponible,PasajerosArribadosPartidosxAeropuerto2020-2026,MovimientosxAeropuerto2020-2026
Colombia,MZL,SKMZ,La Nubia Airport,2024,10,2024-10,3594,3546,0,0,7140,0,3594,3546,7140,144,143,0,0,287,0,144,143,287,disponible,disponible,PasajerosArribadosPartidosxAeropuerto2020-2026,MovimientosxAeropuerto2020-2026
Colombia,NQU,SKNQ,Reyes Murillo Airport,2024,10,2024-10,3750,4053,0,0,7803,0,3750,4053,7803,204,203,0,0,407,0,204,203,407,disponible,disponible,PasajerosArribadosPartidosxAeropuerto2020-2026,MovimientosxAeropuerto2020-2026
Colombia,NVA,SKNV,Benito Salas Airport,2024,10,2024-10,19621,19874,0,0,39495,0,19621,19874,39495,439,436,0,0,875,0,439,436,875,disponible,disponible,PasajerosArribadosPartidosxAeropuerto2020-2026,MovimientosxAeropuerto2020-2026
Colombia,PCR,SKPC,German Olano Airport,2024,10,2024-10,2836,2912,0,0,5748,0,2836,2912,5748,129,134,0,0,263,0,129,134,263,disponible,disponible,PasajerosArribadosPartidosxAeropuerto2020-2026,MovimientosxAeropuerto2020-2026
Colombia,PDA,SKPD,Obando Cesar Gaviria Trujillo Airport,2024,10,2024-10,,,,,,,,,,236,235,0,0,471,0,236,235,471,sin_dato,disponible,PasajerosArribadosPartidosxAeropuerto2020-2026,MovimientosxAeropuerto2020-2026
Colombia,PEI,SKPE,Matecaña International Airport,2024,10,2024-10,91193,98033,6041,13923,189226,19964,97234,111956,209190,1021,1023,54,52,2044,106,1075,1075,2150,disponible,disponible,PasajerosArribadosPartidosxAeropuerto2020-2026,MovimientosxAeropuerto2020-2026
Colombia,PPN,SKPP,Guillermo León Valencia Airport,2024,10,2024-10,5231,4106,0,1,9337,1,5231,4107,9338,503,496,0,0,999,0,503,496,999,disponible,disponible,PasajerosArribadosPartidosxAeropuerto2020-2026,MovimientosxAeropuerto2020-2026
Colombia,PSO,SKPS,Antonio Nariño Airport,2024,10,2024-10,28545,33238,0,538,61783,538,28545,33776,62321,321,322,0,0,643,0,321,322,643,disponible,disponible,PasajerosArribadosPartidosxAeropuerto2020-2026,MovimientosxAeropuerto2020-2026
Colombia,PUU,SKAS,Tres De Mayo Airport,2024,10,2024-10,3160,5564,0,0,8724,0,3160,5564,8724,141,146,0,0,287,0,141,146,287,disponible,disponible,PasajerosArribadosPartidosxAeropuerto2020-2026,MovimientosxAeropuerto2020-2026
Colombia,PVA,SKPV,El Embrujo Airport,2024,10,2024-10,3346,3296,0,0,6642,0,3346,3296,6642,120,118,0,0,238,0,120,118,238,disponible,disponible,PasajerosArribadosPartidosxAeropuerto2020-2026,MovimientosxAeropuerto2020-2026
Colombia,RCH,SKRH,Almirante Padilla Airport,2024,10,2024-10,19117,24239,0,1047,43356,1047,19117,25286,44403,216,225,0,0,441,0,216,225,441,disponible,disponible,PasajerosArribadosPartidosxAeropuerto2020-2026,MovimientosxAeropuerto2020-2026
Colombia,RVE,SKSA,Los Colonizadores Airport,2024,10,2024-10,2239,2308,0,0,4547,0,2239,2308,4547,194,230,0,0,424,0,194,230,424,disponible,disponible,PasajerosArribadosPartidosxAeropuerto2020-2026,MovimientosxAeropuerto2020-2026
Colombia,SJE,SKSJ,Jorge E. Gonzalez Torres Airport,2024,10,2024-10,2201,2179,0,0,4380,0,2201,2179,4380,448,444,0,0,892,0,448,444,892,disponible,disponible,PasajerosArribadosPartidosxAeropuerto2020-2026,MovimientosxAeropuerto2020-2026
Colombia,SMR,SKSM,Simón Bolívar International Airport,2024,10,2024-10,154171,120749,1466,3028,274920,4494,155637,123777,279414,1202,1210,14,16,2412,30,1216,1226,2442,disponible,disponible,PasajerosArribadosPartidosxAeropuerto2020-2026,MovimientosxAeropuerto2020-2026
Colombia,SVI,SKSV,Eduardo Falla Solano Airport,2024,10,2024-10,385,380,0,0,765,0,385,380,765,46,43,0,0,89,0,46,43,89,disponible,disponible,PasajerosArribadosPartidosxAeropuerto2020-2026,MovimientosxAeropuerto2020-2026
Colombia,TCD,SKRA,Tarapacá Airport,2024,10,2024-10,,,,,,,,,,13,12,0,0,25,0,13,12,25,sin_dato,disponible,PasajerosArribadosPartidosxAeropuerto2020-2026,MovimientosxAeropuerto2020-2026
Colombia,TCO,SKCO,La Florida Airport,2024,10,2024-10,6492,6563,0,0,13055,0,6492,6563,13055,211,210,0,0,421,0,211,210,421,disponible,disponible,PasajerosArribadosPartidosxAeropuerto2020-2026,MovimientosxAeropuerto2020-2026
Colombia,TLU,SKTL,Golfo de Morrosquillo Airport,2024,10,2024-10,,,,,,,,,,1,2,0,0,3,0,1,2,3,sin_dato,disponible,PasajerosArribadosPartidosxAeropuerto2020-2026,MovimientosxAeropuerto2020-2026
Colombia,TME,SKTM,Gustavo Vargas Airport,2024,10,2024-10,334,300,0,0,634,0,334,300,634,147,149,0,0,296,0,147,149,296,disponible,disponible,PasajerosArribadosPartidosxAeropuerto2020-2026,MovimientosxAeropuerto2020-2026
Colombia,UIB,SKUI,El Caraño Airport,2024,10,2024-10,14300,9200,0,0,23500,0,14300,9200,23500,797,792,0,0,1589,0,797,792,1589,disponible,disponible,PasajerosArribadosPartidosxAeropuerto2020-2026,MovimientosxAeropuerto2020-2026
Colombia,VUP,SKVP,Alfonso López Pumarejo Airport,2024,10,2024-10,17147,18845,0,599,35992,599,17147,19444,36591,252,260,0,0,512,0,252,260,512,disponible,disponible,PasajerosArribadosPartidosxAeropuerto2020-2026,MovimientosxAeropuerto2020-2026
Colombia,VVC,SKVV,Vanguardia Airport,2024,10,2024-10,11581,14519,0,0,26100,0,11581,14519,26100,1718,1713,0,0,3431,0,1718,1713,3431,disponible,disponible,PasajerosArribadosPartidosxAeropuerto2020-2026,MovimientosxAeropuerto2020-2026
Colombia,ADZ,SKSP,Gustavo Rojas Pinilla International Airport,2024,11,2024-11,51972,81779,2171,5786,133751,7957,54143,87565,141708,783,783,23,24,1566,47,806,807,1613,disponible,disponible,PasajerosArribadosPartidosxAeropuerto2020-2026,MovimientosxAeropuerto2020-2026
Colombia,APO,SKLC,Antonio Roldán Betancur Airport,2024,11,2024-11,7598,8693,0,0,16291,0,7598,8693,16291,923,925,0,0,1848,0,923,925,1848,disponible,disponible,PasajerosArribadosPartidosxAeropuerto2020-2026,MovimientosxAeropuerto2020-2026
Colombia,AUC,SKUC,Santiago Perez Airport,2024,11,2024-11,6349,6246,0,0,12595,0,6349,6246,12595,307,319,0,0,626,0,307,319,626,disponible,disponible,PasajerosArribadosPartidosxAeropuerto2020-2026,MovimientosxAeropuerto2020-2026
Colombia,AXM,SKAR,El Eden Airport,2024,11,2024-11,20524,14109,3064,4069,34633,7133,23588,18178,41766,290,293,25,24,583,49,315,317,632,disponible,disponible,PasajerosArribadosPartidosxAeropuerto2020-2026,MovimientosxAeropuerto2020-2026
Colombia,BAQ,SKBQ,Ernesto Cortissoz International Airport,2024,11,2024-11,114954,116046,17562,21770,231000,39332,132516,137816,270332,1840,1841,221,220,3681,441,2061,2061,4122,disponible,disponible,PasajerosArribadosPartidosxAeropuerto2020-2026,MovimientosxAeropuerto2020-2026
Colombia,BGA,SKBG,Palonegro Airport,2024,11,2024-11,84161,87711,1907,4812,171872,6719,86068,92523,178591,1109,1109,29,28,2218,57,1138,1137,2275,disponible,disponible,PasajerosArribadosPartidosxAeropuerto2020-2026,MovimientosxAeropuerto2020-2026
Colombia,BOG,SKBO,El Dorado International Airport,2024,11,2024-11,962062,902778,623079,636248,1864840,1259327,1585141,1539026,3124167,11168,11244,4999,4911,22412,9910,16167,16155,32322,disponible,disponible,PasajerosArribadosPartidosxAeropuerto2020-2026,MovimientosxAeropuerto2020-2026
Colombia,BSC,SKBS,José Celestino Mutis Airport,2024,11,2024-11,2979,2891,0,0,5870,0,2979,2891,5870,279,279,0,0,558,0,279,279,558,disponible,disponible,PasajerosArribadosPartidosxAeropuerto2020-2026,MovimientosxAeropuerto2020-2026
Colombia,BUN,SKBU,Gerardo Tobar López Airport,2024,11,2024-11,365,389,0,0,754,0,365,389,754,19,18,0,0,37,0,19,18,37,disponible,disponible,PasajerosArribadosPartidosxAeropuerto2020-2026,MovimientosxAeropuerto2020-2026
Colombia,CLO,SKCL,Alfonso Bonilla Aragon International Airport,2024,11,2024-11,192265,209032,29374,50099,401297,79473,221639,259131,480770,2810,2813,253,246,5623,499,3063,3059,6122,disponible,disponible,PasajerosArribadosPartidosxAeropuerto2020-2026,MovimientosxAeropuerto2020-2026
Colombia,CTG,SKCG,Rafael Nuñez International Airport,2024,11,2024-11,226302,213485,57050,73092,439787,130142,283352,286577,569929,1933,1876,434,484,3809,918,2367,2360,4727,disponible,disponible,PasajerosArribadosPartidosxAeropuerto2020-2026,MovimientosxAeropuerto2020-2026
Colombia,CUC,SKCC,Camilo Daza International Airport,2024,11,2024-11,54772,60984,5018,9697,115756,14715,59790,70681,130471,688,691,43,44,1379,87,731,735,1466,disponible,disponible,PasajerosArribadosPartidosxAeropuerto2020-2026,MovimientosxAeropuerto2020-2026
Colombia,CZU,SKCZ,Las Brujas Airport,2024,11,2024-11,3542,3474,0,0,7016,0,3542,3474,7016,117,122,0,0,239,0,117,122,239,disponible,disponible,PasajerosArribadosPartidosxAeropuerto2020-2026,MovimientosxAeropuerto2020-2026
Colombia,EJA,SKEJ,Yariguíes Airport,2024,11,2024-11,2866,6756,0,42,9622,42,2866,6798,9664,236,226,0,0,462,0,236,226,462,disponible,disponible,PasajerosArribadosPartidosxAeropuerto2020-2026,MovimientosxAeropuerto2020-2026
Colombia,EOH,SKMD,Enrique Olaya Herrera Airport,2024,11,2024-11,47606,50469,0,0,98075,0,47606,50469,98075,2864,2864,8,8,5728,16,2872,2872,5744,disponible,disponible,PasajerosArribadosPartidosxAeropuerto2020-2026,MovimientosxAeropuerto2020-2026
Colombia,EYP,SKYP,El Alcaravan - Yopal Airport,2024,11,2024-11,13002,17705,0,0,30707,0,13002,17705,30707,841,841,0,0,1682,0,841,841,1682,disponible,disponible,PasajerosArribadosPartidosxAeropuerto2020-2026,MovimientosxAeropuerto2020-2026
Colombia,FLA,SKFL,Gustavo Artunduaga Paredes Airport,2024,11,2024-11,4901,5038,0,0,9939,0,4901,5038,9939,164,169,0,0,333,0,164,169,333,disponible,disponible,PasajerosArribadosPartidosxAeropuerto2020-2026,MovimientosxAeropuerto2020-2026
Colombia,GPI,SKGP,Guapi Airport,2024,11,2024-11,3204,3362,0,0,6566,0,3204,3362,6566,162,161,0,0,323,0,162,161,323,disponible,disponible,PasajerosArribadosPartidosxAeropuerto2020-2026,MovimientosxAeropuerto2020-2026
Colombia,IBE,SKIB,Perales Airport,2024,11,2024-11,5847,13469,0,0,19316,0,5847,13469,19316,237,236,0,0,473,0,237,236,473,disponible,disponible,PasajerosArribadosPartidosxAeropuerto2020-2026,MovimientosxAeropuerto2020-2026
Colombia,IPI,SKIP,San Luis Airport,2024,11,2024-11,683,8998,0,0,9681,0,683,8998,9681,80,80,0,0,160,0,80,80,160,disponible,disponible,PasajerosArribadosPartidosxAeropuerto2020-2026,MovimientosxAeropuerto2020-2026
Colombia,LCR,SKHZ,Virgilio Barco Vargas (La Chorrera) Airport,2024,11,2024-11,,,,,,,,,,28,28,0,0,56,0,28,28,56,sin_dato,disponible,PasajerosArribadosPartidosxAeropuerto2020-2026,MovimientosxAeropuerto2020-2026
Colombia,LET,SKLT,Alfredo Vásquez Cobo International Airport,2024,11,2024-11,15235,15377,0,111,30612,111,15235,15488,30723,239,243,2,1,482,3,241,244,485,disponible,disponible,PasajerosArribadosPartidosxAeropuerto2020-2026,MovimientosxAeropuerto2020-2026
Colombia,LMC,SKNA,La Macarena Airport,2024,11,2024-11,1287,1364,0,0,2651,0,1287,1364,2651,234,224,0,0,458,0,234,224,458,disponible,disponible,PasajerosArribadosPartidosxAeropuerto2020-2026,MovimientosxAeropuerto2020-2026
Colombia,LPD,SKLP,La Pedrera Airport,2024,11,2024-11,196,212,0,0,408,0,196,212,408,47,42,0,0,89,0,47,42,89,disponible,disponible,PasajerosArribadosPartidosxAeropuerto2020-2026,MovimientosxAeropuerto2020-2026
Colombia,LQM,SKLG,Caucaya Airport,2024,11,2024-11,852,933,0,0,1785,0,852,933,1785,45,43,0,0,88,0,45,43,88,disponible,disponible,PasajerosArribadosPartidosxAeropuerto2020-2026,MovimientosxAeropuerto2020-2026
Colombia,MDE,SKRG,Jose Maria Córdova International Airport,2024,11,2024-11,335031,366255,151171,155635,701286,306806,486202,521890,1008092,3162,3137,1206,1232,6299,2438,4368,4369,8737,disponible,disponible,PasajerosArribadosPartidosxAeropuerto2020-2026,MovimientosxAeropuerto2020-2026
Colombia,MTR,SKMR,Los Garzones Airport,2024,11,2024-11,58503,60203,0,1080,118706,1080,58503,61283,119786,752,753,1,1,1505,2,753,754,1507,disponible,disponible,PasajerosArribadosPartidosxAeropuerto2020-2026,MovimientosxAeropuerto2020-2026
Colombia,MVP,SKMU,Fabio Alberto Leon Bentley Airport,2024,11,2024-11,3643,3922,0,7,7565,7,3643,3929,7572,1025,1025,0,0,2050,0,1025,1025,2050,disponible,disponible,PasajerosArribadosPartidosxAeropuerto2020-2026,MovimientosxAeropuerto2020-2026
Colombia,MZL,SKMZ,La Nubia Airport,2024,11,2024-11,3265,2975,0,0,6240,0,3265,2975,6240,110,110,0,0,220,0,110,110,220,disponible,disponible,PasajerosArribadosPartidosxAeropuerto2020-2026,MovimientosxAeropuerto2020-2026
Colombia,NQU,SKNQ,Reyes Murillo Airport,2024,11,2024-11,2216,2154,0,0,4370,0,2216,2154,4370,132,132,0,0,264,0,132,132,264,disponible,disponible,PasajerosArribadosPartidosxAeropuerto2020-2026,MovimientosxAeropuerto2020-2026
Colombia,NVA,SKNV,Benito Salas Airport,2024,11,2024-11,19193,19847,0,3,39040,3,19193,19850,39043,435,439,0,0,874,0,435,439,874,disponible,disponible,PasajerosArribadosPartidosxAeropuerto2020-2026,MovimientosxAeropuerto2020-2026
Colombia,PCR,SKPC,German Olano Airport,2024,11,2024-11,3267,3106,0,0,6373,0,3267,3106,6373,125,123,0,0,248,0,125,123,248,disponible,disponible,PasajerosArribadosPartidosxAeropuerto2020-2026,MovimientosxAeropuerto2020-2026
Colombia,PDA,SKPD,Obando Cesar Gaviria Trujillo Airport,2024,11,2024-11,,,,,,,,,,196,199,0,0,395,0,196,199,395,sin_dato,disponible,PasajerosArribadosPartidosxAeropuerto2020-2026,MovimientosxAeropuerto2020-2026
Colombia,PEI,SKPE,Matecaña International Airport,2024,11,2024-11,89014,81578,4986,15081,170592,20067,94000,96659,190659,992,987,41,45,1979,86,1033,1032,2065,disponible,disponible,PasajerosArribadosPartidosxAeropuerto2020-2026,MovimientosxAeropuerto2020-2026
Colombia,PPN,SKPP,Guillermo León Valencia Airport,2024,11,2024-11,7035,8958,0,0,15993,0,7035,8958,15993,459,475,0,0,934,0,459,475,934,disponible,disponible,PasajerosArribadosPartidosxAeropuerto2020-2026,MovimientosxAeropuerto2020-2026
Colombia,PSO,SKPS,Antonio Nariño Airport,2024,11,2024-11,30897,23311,0,588,54208,588,30897,23899,54796,328,332,0,0,660,0,328,332,660,disponible,disponible,PasajerosArribadosPartidosxAeropuerto2020-2026,MovimientosxAeropuerto2020-2026
Colombia,PUU,SKAS,Tres De Mayo Airport,2024,11,2024-11,5447,3458,0,0,8905,0,5447,3458,8905,139,139,0,0,278,0,139,139,278,disponible,disponible,PasajerosArribadosPartidosxAeropuerto2020-2026,MovimientosxAeropuerto2020-2026
Colombia,PVA,SKPV,El Embrujo Airport,2024,11,2024-11,3361,3273,0,0,6634,0,3361,3273,6634,101,100,0,0,201,0,101,100,201,disponible,disponible,PasajerosArribadosPartidosxAeropuerto2020-2026,MovimientosxAeropuerto2020-2026
Colombia,RCH,SKRH,Almirante Padilla Airport,2024,11,2024-11,25578,25119,0,1306,50697,1306,25578,26425,52003,261,273,0,0,534,0,261,273,534,disponible,disponible,PasajerosArribadosPartidosxAeropuerto2020-2026,MovimientosxAeropuerto2020-2026
Colombia,RVE,SKSA,Los Colonizadores Airport,2024,11,2024-11,2290,2170,0,0,4460,0,2290,2170,4460,186,225,0,0,411,0,186,225,411,disponible,disponible,PasajerosArribadosPartidosxAeropuerto2020-2026,MovimientosxAeropuerto2020-2026
Colombia,SJE,SKSJ,Jorge E. Gonzalez Torres Airport,2024,11,2024-11,2409,2418,4,0,4827,4,2413,2418,4831,382,395,0,0,777,0,382,395,777,disponible,disponible,PasajerosArribadosPartidosxAeropuerto2020-2026,MovimientosxAeropuerto2020-2026
Colombia,SMR,SKSM,Simón Bolívar International Airport,2024,11,2024-11,149348,125016,1603,3242,274364,4845,150951,128258,279209,1244,1247,13,14,2491,27,1257,1261,2518,disponible,disponible,PasajerosArribadosPartidosxAeropuerto2020-2026,MovimientosxAeropuerto2020-2026
Colombia,SVI,SKSV,Eduardo Falla Solano Airport,2024,11,2024-11,407,396,0,0,803,0,407,396,803,37,40,0,0,77,0,37,40,77,disponible,disponible,PasajerosArribadosPartidosxAeropuerto2020-2026,MovimientosxAeropuerto2020-2026
Colombia,TCD,SKRA,Tarapacá Airport,2024,11,2024-11,,,,,,,,,,20,18,0,0,38,0,20,18,38,sin_dato,disponible,PasajerosArribadosPartidosxAeropuerto2020-2026,MovimientosxAeropuerto2020-2026
Colombia,TCO,SKCO,La Florida Airport,2024,11,2024-11,6454,6528,0,0,12982,0,6454,6528,12982,209,210,0,0,419,0,209,210,419,disponible,disponible,PasajerosArribadosPartidosxAeropuerto2020-2026,MovimientosxAeropuerto2020-2026
Colombia,TLU,SKTL,Golfo de Morrosquillo Airport,2024,11,2024-11,,,,,,,,,,,,,,,,,,,sin_dato,sin_dato,PasajerosArribadosPartidosxAeropuerto2020-2026,MovimientosxAeropuerto2020-2026
Colombia,TME,SKTM,Gustavo Vargas Airport,2024,11,2024-11,370,409,0,0,779,0,370,409,779,182,182,0,0,364,0,182,182,364,disponible,disponible,PasajerosArribadosPartidosxAeropuerto2020-2026,MovimientosxAeropuerto2020-2026
Colombia,UIB,SKUI,El Caraño Airport,2024,11,2024-11,13377,14317,2,0,27694,2,13379,14317,27696,747,746,0,0,1493,0,747,746,1493,disponible,disponible,PasajerosArribadosPartidosxAeropuerto2020-2026,MovimientosxAeropuerto2020-2026
Colombia,VUP,SKVP,Alfonso López Pumarejo Airport,2024,11,2024-11,17435,17614,0,608,35049,608,17435,18222,35657,248,252,0,0,500,0,248,252,500,disponible,disponible,PasajerosArribadosPartidosxAeropuerto2020-2026,MovimientosxAeropuerto2020-2026
Colombia,VVC,SKVV,Vanguardia Airport,2024,11,2024-11,11295,10638,0,0,21933,0,11295,10638,21933,1599,1610,0,0,3209,0,1599,1610,3209,disponible,disponible,PasajerosArribadosPartidosxAeropuerto2020-2026,MovimientosxAeropuerto2020-2026
Colombia,ADZ,SKSP,Gustavo Rojas Pinilla International Airport,2024,12,2024-12,84225,98428,2303,5541,182653,7844,86528,103969,190497,906,908,21,23,1814,44,927,931,1858,disponible,disponible,PasajerosArribadosPartidosxAeropuerto2020-2026,MovimientosxAeropuerto2020-2026
Colombia,APO,SKLC,Antonio Roldán Betancur Airport,2024,12,2024-12,7992,7489,0,0,15481,0,7992,7489,15481,876,885,1,0,1761,1,877,885,1762,disponible,disponible,PasajerosArribadosPartidosxAeropuerto2020-2026,MovimientosxAeropuerto2020-2026
Colombia,AUC,SKUC,Santiago Perez Airport,2024,12,2024-12,7798,7323,0,7,15121,7,7798,7330,15128,343,351,0,0,694,0,343,351,694,disponible,disponible,PasajerosArribadosPartidosxAeropuerto2020-2026,MovimientosxAeropuerto2020-2026
Colombia,AXM,SKAR,El Eden Airport,2024,12,2024-12,27759,22014,4489,4038,49773,8527,32248,26052,58300,309,310,34,33,619,67,343,343,686,disponible,disponible,PasajerosArribadosPartidosxAeropuerto2020-2026,MovimientosxAeropuerto2020-2026
Colombia,BAQ,SKBQ,Ernesto Cortissoz International Airport,2024,12,2024-12,91003,81676,17581,26162,172679,43743,108584,107838,216422,1851,1863,297,279,3714,576,2148,2142,4290,disponible,disponible,PasajerosArribadosPartidosxAeropuerto2020-2026,MovimientosxAeropuerto2020-2026
Colombia,BGA,SKBG,Palonegro Airport,2024,12,2024-12,80739,73780,4101,7481,154519,11582,84840,81261,166101,1155,1159,56,52,2314,108,1211,1211,2422,disponible,disponible,PasajerosArribadosPartidosxAeropuerto2020-2026,MovimientosxAeropuerto2020-2026
Colombia,BOG,SKBO,El Dorado International Airport,2024,12,2024-12,935814,1049644,661054,587021,1985458,1248075,1596868,1636665,3233533,11555,11638,5252,5191,23193,10443,16807,16829,33636,disponible,disponible,PasajerosArribadosPartidosxAeropuerto2020-2026,MovimientosxAeropuerto2020-2026
Colombia,BSC,SKBS,José Celestino Mutis Airport,2024,12,2024-12,3107,3247,0,0,6354,0,3107,3247,6354,300,300,0,0,600,0,300,300,600,disponible,disponible,PasajerosArribadosPartidosxAeropuerto2020-2026,MovimientosxAeropuerto2020-2026
Colombia,BUN,SKBU,Gerardo Tobar López Airport,2024,12,2024-12,441,343,0,0,784,0,441,343,784,37,35,0,0,72,0,37,35,72,disponible,disponible,PasajerosArribadosPartidosxAeropuerto2020-2026,MovimientosxAeropuerto2020-2026
Colombia,CLO,SKCL,Alfonso Bonilla Aragon International Airport,2024,12,2024-12,214239,209025,60543,58303,423264,118846,274782,267328,542110,2813,2824,409,400,5637,809,3222,3224,6446,disponible,disponible,PasajerosArribadosPartidosxAeropuerto2020-2026,MovimientosxAeropuerto2020-2026
Colombia,CTG,SKCG,Rafael Nuñez International Airport,2024,12,2024-12,247087,194061,68774,79088,441148,147862,315861,273149,589010,2106,2046,559,611,4152,1170,2665,2657,5322,disponible,disponible,PasajerosArribadosPartidosxAeropuerto2020-2026,MovimientosxAeropuerto2020-2026
Colombia,CUC,SKCC,Camilo Daza International Airport,2024,12,2024-12,65478,62674,4762,11910,128152,16672,70240,74584,144824,771,782,48,48,1553,96,819,830,1649,disponible,disponible,PasajerosArribadosPartidosxAeropuerto2020-2026,MovimientosxAeropuerto2020-2026
Colombia,CZU,SKCZ,Las Brujas Airport,2024,12,2024-12,4314,3478,0,0,7792,0,4314,3478,7792,133,137,0,0,270,0,133,137,270,disponible,disponible,PasajerosArribadosPartidosxAeropuerto2020-2026,MovimientosxAeropuerto2020-2026
Colombia,EJA,SKEJ,Yariguíes Airport,2024,12,2024-12,6393,5323,0,76,11716,76,6393,5399,11792,187,186,0,0,373,0,187,186,373,disponible,disponible,PasajerosArribadosPartidosxAeropuerto2020-2026,MovimientosxAeropuerto2020-2026
Colombia,EOH,SKMD,Enrique Olaya Herrera Airport,2024,12,2024-12,51743,51819,0,0,103562,0,51743,51819,103562,2999,3002,8,12,6001,20,3007,3014,6021,disponible,disponible,PasajerosArribadosPartidosxAeropuerto2020-2026,MovimientosxAeropuerto2020-2026
Colombia,EYP,SKYP,El Alcaravan - Yopal Airport,2024,12,2024-12,11156,16404,0,0,27560,0,11156,16404,27560,862,866,0,0,1728,0,862,866,1728,disponible,disponible,PasajerosArribadosPartidosxAeropuerto2020-2026,MovimientosxAeropuerto2020-2026
Colombia,FLA,SKFL,Gustavo Artunduaga Paredes Airport,2024,12,2024-12,4697,4507,0,0,9204,0,4697,4507,9204,155,166,0,0,321,0,155,166,321,disponible,disponible,PasajerosArribadosPartidosxAeropuerto2020-2026,MovimientosxAeropuerto2020-2026
Colombia,GPI,SKGP,Guapi Airport,2024,12,2024-12,2101,2401,0,0,4502,0,2101,2401,4502,162,162,0,0,324,0,162,162,324,disponible,disponible,PasajerosArribadosPartidosxAeropuerto2020-2026,MovimientosxAeropuerto2020-2026
Colombia,IBE,SKIB,Perales Airport,2024,12,2024-12,11820,8959,0,0,20779,0,11820,8959,20779,316,319,0,0,635,0,316,319,635,disponible,disponible,PasajerosArribadosPartidosxAeropuerto2020-2026,MovimientosxAeropuerto2020-2026
Colombia,IPI,SKIP,San Luis Airport,2024,12,2024-12,7675,9269,0,0,16944,0,7675,9269,16944,88,88,0,0,176,0,88,88,176,disponible,disponible,PasajerosArribadosPartidosxAeropuerto2020-2026,MovimientosxAeropuerto2020-2026
Colombia,LCR,SKHZ,Virgilio Barco Vargas (La Chorrera) Airport,2024,12,2024-12,,,,,,,,,,24,26,0,0,50,0,24,26,50,sin_dato,disponible,PasajerosArribadosPartidosxAeropuerto2020-2026,MovimientosxAeropuerto2020-2026
Colombia,LET,SKLT,Alfredo Vásquez Cobo International Airport,2024,12,2024-12,16345,17215,0,97,33560,97,16345,17312,33657,268,282,3,3,550,6,271,285,556,disponible,disponible,PasajerosArribadosPartidosxAeropuerto2020-2026,MovimientosxAeropuerto2020-2026
Colombia,LMC,SKNA,La Macarena Airport,2024,12,2024-12,619,650,0,0,1269,0,619,650,1269,175,176,0,0,351,0,175,176,351,disponible,disponible,PasajerosArribadosPartidosxAeropuerto2020-2026,MovimientosxAeropuerto2020-2026
Colombia,LPD,SKLP,La Pedrera Airport,2024,12,2024-12,274,307,0,0,581,0,274,307,581,62,54,0,0,116,0,62,54,116,disponible,disponible,PasajerosArribadosPartidosxAeropuerto2020-2026,MovimientosxAeropuerto2020-2026
Colombia,LQM,SKLG,Caucaya Airport,2024,12,2024-12,822,842,0,0,1664,0,822,842,1664,42,41,0,0,83,0,42,41,83,disponible,disponible,PasajerosArribadosPartidosxAeropuerto2020-2026,MovimientosxAeropuerto2020-2026
Colombia,MDE,SKRG,Jose Maria Córdova International Airport,2024,12,2024-12,391869,401379,182559,181185,793248,363744,574428,582564,1156992,3495,3450,1517,1557,6945,3074,5012,5007,10019,disponible,disponible,PasajerosArribadosPartidosxAeropuerto2020-2026,MovimientosxAeropuerto2020-2026
Colombia,MTR,SKMR,Los Garzones Airport,2024,12,2024-12,59293,39438,0,901,98731,901,59293,40339,99632,722,731,1,0,1453,1,723,731,1454,disponible,disponible,PasajerosArribadosPartidosxAeropuerto2020-2026,MovimientosxAeropuerto2020-2026
Colombia,MVP,SKMU,Fabio Alberto Leon Bentley Airport,2024,12,2024-12,3567,4229,0,0,7796,0,3567,4229,7796,913,918,0,0,1831,0,913,918,1831,disponible,disponible,PasajerosArribadosPartidosxAeropuerto2020-2026,MovimientosxAeropuerto2020-2026
Colombia,MZL,SKMZ,La Nubia Airport,2024,12,2024-12,3069,400,0,0,3469,0,3069,400,3469,109,108,0,0,217,0,109,108,217,disponible,disponible,PasajerosArribadosPartidosxAeropuerto2020-2026,MovimientosxAeropuerto2020-2026
Colombia,NQU,SKNQ,Reyes Murillo Airport,2024,12,2024-12,4105,2387,0,0,6492,0,4105,2387,6492,186,186,0,0,372,0,186,186,372,disponible,disponible,PasajerosArribadosPartidosxAeropuerto2020-2026,MovimientosxAeropuerto2020-2026
Colombia,NVA,SKNV,Benito Salas Airport,2024,12,2024-12,10478,14087,0,0,24565,0,10478,14087,24565,466,471,0,0,937,0,466,471,937,disponible,disponible,PasajerosArribadosPartidosxAeropuerto2020-2026,MovimientosxAeropuerto2020-2026
Colombia,PCR,SKPC,German Olano Airport,2024,12,2024-12,4239,4434,0,0,8673,0,4239,4434,8673,139,142,0,0,281,0,139,142,281,disponible,disponible,PasajerosArribadosPartidosxAeropuerto2020-2026,MovimientosxAeropuerto2020-2026
Colombia,PDA,SKPD,Obando Cesar Gaviria Trujillo Airport,2024,12,2024-12,,,,,,,,,,243,239,0,0,482,0,243,239,482,sin_dato,disponible,PasajerosArribadosPartidosxAeropuerto2020-2026,MovimientosxAeropuerto2020-2026
Colombia,PEI,SKPE,Matecaña International Airport,2024,12,2024-12,99881,95499,8179,14663,195380,22842,108060,110162,218222,1011,1011,62,63,2022,125,1073,1074,2147,disponible,disponible,PasajerosArribadosPartidosxAeropuerto2020-2026,MovimientosxAeropuerto2020-2026
Colombia,PPN,SKPP,Guillermo León Valencia Airport,2024,12,2024-12,7194,7702,0,0,14896,0,7194,7702,14896,394,409,0,0,803,0,394,409,803,disponible,disponible,PasajerosArribadosPartidosxAeropuerto2020-2026,MovimientosxAeropuerto2020-2026
Colombia,PSO,SKPS,Antonio Nariño Airport,2024,12,2024-12,35754,30219,0,521,65973,521,35754,30740,66494,350,347,0,0,697,0,350,347,697,disponible,disponible,PasajerosArribadosPartidosxAeropuerto2020-2026,MovimientosxAeropuerto2020-2026
Colombia,PUU,SKAS,Tres De Mayo Airport,2024,12,2024-12,4848,4711,0,0,9559,0,4848,4711,9559,129,144,0,0,273,0,129,144,273,disponible,disponible,PasajerosArribadosPartidosxAeropuerto2020-2026,MovimientosxAeropuerto2020-2026
Colombia,PVA,SKPV,El Embrujo Airport,2024,12,2024-12,4679,4076,0,0,8755,0,4679,4076,8755,135,134,0,0,269,0,135,134,269,disponible,disponible,PasajerosArribadosPartidosxAeropuerto2020-2026,MovimientosxAeropuerto2020-2026
Colombia,RCH,SKRH,Almirante Padilla Airport,2024,12,2024-12,27224,27441,0,2093,54665,2093,27224,29534,56758,314,321,1,1,635,2,315,322,637,disponible,disponible,PasajerosArribadosPartidosxAeropuerto2020-2026,MovimientosxAeropuerto2020-2026
Colombia,RVE,SKSA,Los Colonizadores Airport,2024,12,2024-12,2318,2274,0,0,4592,0,2318,2274,4592,177,214,0,0,391,0,177,214,391,disponible,disponible,PasajerosArribadosPartidosxAeropuerto2020-2026,MovimientosxAeropuerto2020-2026
Colombia,SJE,SKSJ,Jorge E. Gonzalez Torres Airport,2024,12,2024-12,2228,2068,0,0,4296,0,2228,2068,4296,418,418,0,0,836,0,418,418,836,disponible,disponible,PasajerosArribadosPartidosxAeropuerto2020-2026,MovimientosxAeropuerto2020-2026
Colombia,SMR,SKSM,Simón Bolívar International Airport,2024,12,2024-12,185385,158074,1946,3584,343459,5530,187331,161658,348989,1403,1409,20,21,2812,41,1423,1430,2853,disponible,disponible,PasajerosArribadosPartidosxAeropuerto2020-2026,MovimientosxAeropuerto2020-2026
Colombia,SVI,SKSV,Eduardo Falla Solano Airport,2024,12,2024-12,350,354,0,0,704,0,350,354,704,32,31,0,0,63,0,32,31,63,disponible,disponible,PasajerosArribadosPartidosxAeropuerto2020-2026,MovimientosxAeropuerto2020-2026
Colombia,TCD,SKRA,Tarapacá Airport,2024,12,2024-12,,,,,,,,,,19,19,0,0,38,0,19,19,38,sin_dato,disponible,PasajerosArribadosPartidosxAeropuerto2020-2026,MovimientosxAeropuerto2020-2026
Colombia,TCO,SKCO,La Florida Airport,2024,12,2024-12,3908,6443,0,0,10351,0,3908,6443,10351,246,249,0,1,495,1,246,250,496,disponible,disponible,PasajerosArribadosPartidosxAeropuerto2020-2026,MovimientosxAeropuerto2020-2026
Colombia,TLU,SKTL,Golfo de Morrosquillo Airport,2024,12,2024-12,3722,842,0,0,4564,0,3722,842,4564,95,94,0,0,189,0,95,94,189,disponible,disponible,PasajerosArribadosPartidosxAeropuerto2020-2026,MovimientosxAeropuerto2020-2026
Colombia,TME,SKTM,Gustavo Vargas Airport,2024,12,2024-12,377,349,0,0,726,0,377,349,726,151,149,0,0,300,0,151,149,300,disponible,disponible,PasajerosArribadosPartidosxAeropuerto2020-2026,MovimientosxAeropuerto2020-2026
Colombia,UIB,SKUI,El Caraño Airport,2024,12,2024-12,16994,15303,0,0,32297,0,16994,15303,32297,811,815,0,0,1626,0,811,815,1626,disponible,disponible,PasajerosArribadosPartidosxAeropuerto2020-2026,MovimientosxAeropuerto2020-2026
Colombia,VUP,SKVP,Alfonso López Pumarejo Airport,2024,12,2024-12,18758,16617,0,655,35375,655,18758,17272,36030,253,254,0,1,507,1,253,255,508,disponible,disponible,PasajerosArribadosPartidosxAeropuerto2020-2026,MovimientosxAeropuerto2020-2026
Colombia,VVC,SKVV,Vanguardia Airport,2024,12,2024-12,10849,14884,4,4,25733,8,10853,14888,25741,1486,1475,0,0,2961,0,1486,1475,2961,disponible,disponible,PasajerosArribadosPartidosxAeropuerto2020-2026,MovimientosxAeropuerto2020-2026
Colombia,ADZ,SKSP,Gustavo Rojas Pinilla International Airport,2025,1,2025-01,107063,103254,2339,9334,210317,11673,109402,112588,221990,865,862,27,26,1727,53,892,888,1780,disponible,disponible,PasajerosArribadosPartidosxAeropuerto2020-2026,MovimientosxAeropuerto2020-2026
Colombia,APO,SKLC,Antonio Roldán Betancur Airport,2025,1,2025-01,5952,6633,0,0,12585,0,5952,6633,12585,856,870,1,0,1726,1,857,870,1727,disponible,disponible,PasajerosArribadosPartidosxAeropuerto2020-2026,MovimientosxAeropuerto2020-2026
Colombia,AUC,SKUC,Santiago Perez Airport,2025,1,2025-01,6542,6022,0,8,12564,8,6542,6030,12572,299,301,0,0,600,0,299,301,600,disponible,disponible,PasajerosArribadosPartidosxAeropuerto2020-2026,MovimientosxAeropuerto2020-2026
Colombia,AXM,SKAR,El Eden Airport,2025,1,2025-01,24304,28839,1497,4532,53143,6029,25801,33371,59172,289,291,24,24,580,48,313,315,628,disponible,disponible,PasajerosArribadosPartidosxAeropuerto2020-2026,MovimientosxAeropuerto2020-2026
Colombia,BAQ,SKBQ,Ernesto Cortissoz International Airport,2025,1,2025-01,102963,117890,20037,29659,220853,49696,123000,147549,270549,1764,1782,231,227,3546,458,1995,2009,4004,disponible,disponible,PasajerosArribadosPartidosxAeropuerto2020-2026,MovimientosxAeropuerto2020-2026
Colombia,BGA,SKBG,Palonegro Airport,2025,1,2025-01,66092,79168,3861,7783,145260,11644,69953,86951,156904,970,964,39,44,1934,83,1009,1008,2017,disponible,disponible,PasajerosArribadosPartidosxAeropuerto2020-2026,MovimientosxAeropuerto2020-2026
Colombia,BOG,SKBO,El Dorado International Airport,2025,1,2025-01,987338,870153,615102,665306,1857491,1280408,1602440,1535459,3137899,11073,11191,5354,5264,22264,10618,16427,16455,32882,disponible,disponible,PasajerosArribadosPartidosxAeropuerto2020-2026,MovimientosxAeropuerto2020-2026
Colombia,BSC,SKBS,José Celestino Mutis Airport,2025,1,2025-01,3003,4080,0,0,7083,0,3003,4080,7083,255,254,0,0,509,0,255,254,509,disponible,disponible,PasajerosArribadosPartidosxAeropuerto2020-2026,MovimientosxAeropuerto2020-2026
Colombia,BUN,SKBU,Gerardo Tobar López Airport,2025,1,2025-01,337,364,0,0,701,0,337,364,701,35,35,0,0,70,0,35,35,70,disponible,disponible,PasajerosArribadosPartidosxAeropuerto2020-2026,MovimientosxAeropuerto2020-2026
Colombia,CLO,SKCL,Alfonso Bonilla Aragon International Airport,2025,1,2025-01,177002,208545,48541,66920,385547,115461,225543,275465,501008,2497,2516,409,392,5013,801,2906,2908,5814,disponible,disponible,PasajerosArribadosPartidosxAeropuerto2020-2026,MovimientosxAeropuerto2020-2026
Colombia,CTG,SKCG,Rafael Nuñez International Airport,2025,1,2025-01,230140,217069,75292,100618,447209,175910,305432,317687,623119,2071,2004,611,688,4075,1299,2682,2692,5374,disponible,disponible,PasajerosArribadosPartidosxAeropuerto2020-2026,MovimientosxAeropuerto2020-2026
Colombia,CUC,SKCC,Camilo Daza International Airport,2025,1,2025-01,46896,64436,4041,11375,111332,15416,50937,75811,126748,940,949,36,34,1889,70,976,983,1959,disponible,disponible,PasajerosArribadosPartidosxAeropuerto2020-2026,MovimientosxAeropuerto2020-2026
Colombia,CZU,SKCZ,Las Brujas Airport,2025,1,2025-01,2513,3023,0,0,5536,0,2513,3023,5536,96,98,0,0,194,0,96,98,194,disponible,disponible,PasajerosArribadosPartidosxAeropuerto2020-2026,MovimientosxAeropuerto2020-2026
Colombia,EJA,SKEJ,Yariguíes Airport,2025,1,2025-01,3106,5073,0,77,8179,77,3106,5150,8256,165,164,0,0,329,0,165,164,329,disponible,disponible,PasajerosArribadosPartidosxAeropuerto2020-2026,MovimientosxAeropuerto2020-2026
Colombia,EOH,SKMD,Enrique Olaya Herrera Airport,2025,1,2025-01,57150,45286,0,0,102436,0,57150,45286,102436,2803,2815,3,3,5618,6,2806,2818,5624,disponible,disponible,PasajerosArribadosPartidosxAeropuerto2020-2026,MovimientosxAeropuerto2020-2026
Colombia,EYP,SKYP,El Alcaravan - Yopal Airport,2025,1,2025-01,6313,12888,0,0,19201,0,6313,12888,19201,691,693,0,0,1384,0,691,693,1384,disponible,disponible,PasajerosArribadosPartidosxAeropuerto2020-2026,MovimientosxAeropuerto2020-2026
Colombia,FLA,SKFL,Gustavo Artunduaga Paredes Airport,2025,1,2025-01,3629,3903,0,0,7532,0,3629,3903,7532,147,158,0,0,305,0,147,158,305,disponible,disponible,PasajerosArribadosPartidosxAeropuerto2020-2026,MovimientosxAeropuerto2020-2026
Colombia,GPI,SKGP,Guapi Airport,2025,1,2025-01,1552,3706,0,0,5258,0,1552,3706,5258,171,173,0,0,344,0,171,173,344,disponible,disponible,PasajerosArribadosPartidosxAeropuerto2020-2026,MovimientosxAeropuerto2020-2026
Colombia,IBE,SKIB,Perales Airport,2025,1,2025-01,8959,7118,0,0,16077,0,8959,7118,16077,264,258,0,0,522,0,264,258,522,disponible,disponible,PasajerosArribadosPartidosxAeropuerto2020-2026,MovimientosxAeropuerto2020-2026
Colombia,IPI,SKIP,San Luis Airport,2025,1,2025-01,6226,10004,0,0,16230,0,6226,10004,16230,87,87,0,0,174,0,87,87,174,disponible,disponible,PasajerosArribadosPartidosxAeropuerto2020-2026,MovimientosxAeropuerto2020-2026
Colombia,LCR,SKHZ,Virgilio Barco Vargas (La Chorrera) Airport,2025,1,2025-01,,,,,,,,,,25,27,0,0,52,0,25,27,52,sin_dato,disponible,PasajerosArribadosPartidosxAeropuerto2020-2026,MovimientosxAeropuerto2020-2026
Colombia,LET,SKLT,Alfredo Vásquez Cobo International Airport,2025,1,2025-01,16335,16190,0,127,32525,127,16335,16317,32652,228,241,3,4,469,7,231,245,476,disponible,disponible,PasajerosArribadosPartidosxAeropuerto2020-2026,MovimientosxAeropuerto2020-2026
Colombia,LMC,SKNA,La Macarena Airport,2025,1,2025-01,522,605,0,0,1127,0,522,605,1127,163,157,0,0,320,0,163,157,320,disponible,disponible,PasajerosArribadosPartidosxAeropuerto2020-2026,MovimientosxAeropuerto2020-2026
Colombia,LPD,SKLP,La Pedrera Airport,2025,1,2025-01,173,223,0,0,396,0,173,223,396,32,27,0,0,59,0,32,27,59,disponible,disponible,PasajerosArribadosPartidosxAeropuerto2020-2026,MovimientosxAeropuerto2020-2026
Colombia,LQM,SKLG,Caucaya Airport,2025,1,2025-01,878,834,0,0,1712,0,878,834,1712,39,38,0,0,77,0,39,38,77,disponible,disponible,PasajerosArribadosPartidosxAeropuerto2020-2026,MovimientosxAeropuerto2020-2026
Colombia,MDE,SKRG,Jose Maria Córdova International Airport,2025,1,2025-01,332467,334744,185502,204852,667211,390354,517969,539596,1057565,3239,3190,1518,1553,6429,3071,4757,4743,9500,disponible,disponible,PasajerosArribadosPartidosxAeropuerto2020-2026,MovimientosxAeropuerto2020-2026
Colombia,MTR,SKMR,Los Garzones Airport,2025,1,2025-01,54116,70439,0,1085,124555,1085,54116,71524,125640,667,676,0,1,1343,1,667,677,1344,disponible,disponible,PasajerosArribadosPartidosxAeropuerto2020-2026,MovimientosxAeropuerto2020-2026
Colombia,MVP,SKMU,Fabio Alberto Leon Bentley Airport,2025,1,2025-01,3203,3076,0,0,6279,0,3203,3076,6279,459,457,0,0,916,0,459,457,916,disponible,disponible,PasajerosArribadosPartidosxAeropuerto2020-2026,MovimientosxAeropuerto2020-2026
Colombia,MZL,SKMZ,La Nubia Airport,2025,1,2025-01,461,3140,0,0,3601,0,461,3140,3601,141,142,0,0,283,0,141,142,283,disponible,disponible,PasajerosArribadosPartidosxAeropuerto2020-2026,MovimientosxAeropuerto2020-2026
Colombia,NQU,SKNQ,Reyes Murillo Airport,2025,1,2025-01,2606,3924,0,0,6530,0,2606,3924,6530,169,169,0,0,338,0,169,169,338,disponible,disponible,PasajerosArribadosPartidosxAeropuerto2020-2026,MovimientosxAeropuerto2020-2026
Colombia,NVA,SKNV,Benito Salas Airport,2025,1,2025-01,10654,16786,0,0,27440,0,10654,16786,27440,400,401,0,0,801,0,400,401,801,disponible,disponible,PasajerosArribadosPartidosxAeropuerto2020-2026,MovimientosxAeropuerto2020-2026
Colombia,PCR,SKPC,German Olano Airport,2025,1,2025-01,4438,4327,0,0,8765,0,4438,4327,8765,116,119,0,0,235,0,116,119,235,disponible,disponible,PasajerosArribadosPartidosxAeropuerto2020-2026,MovimientosxAeropuerto2020-2026
Colombia,PDA,SKPD,Obando Cesar Gaviria Trujillo Airport,2025,1,2025-01,,,,,,,,,,214,219,0,0,433,0,214,219,433,sin_dato,disponible,PasajerosArribadosPartidosxAeropuerto2020-2026,MovimientosxAeropuerto2020-2026
Colombia,PEI,SKPE,Matecaña International Airport,2025,1,2025-01,85340,86411,6970,24058,171751,31028,92310,110469,202779,1001,1007,71,68,2008,139,1072,1075,2147,disponible,disponible,PasajerosArribadosPartidosxAeropuerto2020-2026,MovimientosxAeropuerto2020-2026
Colombia,PPN,SKPP,Guillermo León Valencia Airport,2025,1,2025-01,4995,7689,0,0,12684,0,4995,7689,12684,366,377,0,0,743,0,366,377,743,disponible,disponible,PasajerosArribadosPartidosxAeropuerto2020-2026,MovimientosxAeropuerto2020-2026
Colombia,PSO,SKPS,Antonio Nariño Airport,2025,1,2025-01,26262,33574,0,962,59836,962,26262,34536,60798,405,401,0,0,806,0,405,401,806,disponible,disponible,PasajerosArribadosPartidosxAeropuerto2020-2026,MovimientosxAeropuerto2020-2026
Colombia,PUU,SKAS,Tres De Mayo Airport,2025,1,2025-01,3988,4502,0,0,8490,0,3988,4502,8490,131,128,0,0,259,0,131,128,259,disponible,disponible,PasajerosArribadosPartidosxAeropuerto2020-2026,MovimientosxAeropuerto2020-2026
Colombia,PVA,SKPV,El Embrujo Airport,2025,1,2025-01,3855,4347,0,0,8202,0,3855,4347,8202,127,127,0,0,254,0,127,127,254,disponible,disponible,PasajerosArribadosPartidosxAeropuerto2020-2026,MovimientosxAeropuerto2020-2026
Colombia,RCH,SKRH,Almirante Padilla Airport,2025,1,2025-01,26183,26337,0,1977,52520,1977,26183,28314,54497,234,249,0,0,483,0,234,249,483,disponible,disponible,PasajerosArribadosPartidosxAeropuerto2020-2026,MovimientosxAeropuerto2020-2026
Colombia,RVE,SKSA,Los Colonizadores Airport,2025,1,2025-01,2002,2238,0,0,4240,0,2002,2238,4240,169,185,0,0,354,0,169,185,354,disponible,disponible,PasajerosArribadosPartidosxAeropuerto2020-2026,MovimientosxAeropuerto2020-2026
Colombia,SJE,SKSJ,Jorge E. Gonzalez Torres Airport,2025,1,2025-01,1877,1694,0,0,3571,0,1877,1694,3571,307,302,0,0,609,0,307,302,609,disponible,disponible,PasajerosArribadosPartidosxAeropuerto2020-2026,MovimientosxAeropuerto2020-2026
Colombia,SMR,SKSM,Simón Bolívar International Airport,2025,1,2025-01,168125,162603,1800,4390,330728,6190,169925,166993,336918,1353,1366,23,21,2719,44,1376,1387,2763,disponible,disponible,PasajerosArribadosPartidosxAeropuerto2020-2026,MovimientosxAeropuerto2020-2026
Colombia,SVI,SKSV,Eduardo Falla Solano Airport,2025,1,2025-01,301,333,0,0,634,0,301,333,634,22,20,0,0,42,0,22,20,42,disponible,disponible,PasajerosArribadosPartidosxAeropuerto2020-2026,MovimientosxAeropuerto2020-2026
Colombia,TCD,SKRA,Tarapacá Airport,2025,1,2025-01,,,,,,,,,,18,14,0,0,32,0,18,14,32,sin_dato,disponible,PasajerosArribadosPartidosxAeropuerto2020-2026,MovimientosxAeropuerto2020-2026
Colombia,TCO,SKCO,La Florida Airport,2025,1,2025-01,5607,4743,0,0,10350,0,5607,4743,10350,240,232,0,1,472,1,240,233,473,disponible,disponible,PasajerosArribadosPartidosxAeropuerto2020-2026,MovimientosxAeropuerto2020-2026
Colombia,TLU,SKTL,Golfo de Morrosquillo Airport,2025,1,2025-01,7021,8871,0,0,15892,0,7021,8871,15892,224,224,0,0,448,0,224,224,448,disponible,disponible,PasajerosArribadosPartidosxAeropuerto2020-2026,MovimientosxAeropuerto2020-2026
Colombia,TME,SKTM,Gustavo Vargas Airport,2025,1,2025-01,402,432,0,0,834,0,402,432,834,152,152,0,0,304,0,152,152,304,disponible,disponible,PasajerosArribadosPartidosxAeropuerto2020-2026,MovimientosxAeropuerto2020-2026
Colombia,UIB,SKUI,El Caraño Airport,2025,1,2025-01,11972,14568,0,0,26540,0,11972,14568,26540,739,736,0,0,1475,0,739,736,1475,disponible,disponible,PasajerosArribadosPartidosxAeropuerto2020-2026,MovimientosxAeropuerto2020-2026
Colombia,VUP,SKVP,Alfonso López Pumarejo Airport,2025,1,2025-01,13849,18897,0,844,32746,844,13849,19741,33590,226,230,0,0,456,0,226,230,456,disponible,disponible,PasajerosArribadosPartidosxAeropuerto2020-2026,MovimientosxAeropuerto2020-2026
Colombia,VVC,SKVV,Vanguardia Airport,2025,1,2025-01,8778,12647,0,0,21425,0,8778,12647,21425,1270,1269,0,0,2539,0,1270,1269,2539,disponible,disponible,PasajerosArribadosPartidosxAeropuerto2020-2026,MovimientosxAeropuerto2020-2026
Colombia,ADZ,SKSP,Gustavo Rojas Pinilla International Airport,2025,2,2025-02,85582,84418,2285,10034,170000,12319,87867,94452,182319,726,728,24,24,1454,48,750,752,1502,disponible,disponible,PasajerosArribadosPartidosxAeropuerto2020-2026,MovimientosxAeropuerto2020-2026
Colombia,APO,SKLC,Antonio Roldán Betancur Airport,2025,2,2025-02,4358,6260,0,0,10618,0,4358,6260,10618,799,802,2,0,1601,2,801,802,1603,disponible,disponible,PasajerosArribadosPartidosxAeropuerto2020-2026,MovimientosxAeropuerto2020-2026
Colombia,AUC,SKUC,Santiago Perez Airport,2025,2,2025-02,5618,5714,0,5,11332,5,5618,5719,11337,273,280,0,0,553,0,273,280,553,disponible,disponible,PasajerosArribadosPartidosxAeropuerto2020-2026,MovimientosxAeropuerto2020-2026
Colombia,AXM,SKAR,El Eden Airport,2025,2,2025-02,17150,19712,1699,1366,36862,3065,18849,21078,39927,263,261,14,15,524,29,277,276,553,disponible,disponible,PasajerosArribadosPartidosxAeropuerto2020-2026,MovimientosxAeropuerto2020-2026
Colombia,BAQ,SKBQ,Ernesto Cortissoz International Airport,2025,2,2025-02,94639,85381,16059,18385,180020,34444,110698,103766,214464,1756,1760,203,204,3516,407,1959,1964,3923,disponible,disponible,PasajerosArribadosPartidosxAeropuerto2020-2026,MovimientosxAeropuerto2020-2026
Colombia,BGA,SKBG,Palonegro Airport,2025,2,2025-02,62907,66188,1859,3934,129095,5793,64766,70122,134888,966,965,21,20,1931,41,987,985,1972,disponible,disponible,PasajerosArribadosPartidosxAeropuerto2020-2026,MovimientosxAeropuerto2020-2026
Colombia,BOG,SKBO,El Dorado International Airport,2025,2,2025-02,800884,790805,498234,495920,1591689,994154,1299118,1286725,2585843,10316,10397,4792,4704,20713,9496,15108,15101,30209,disponible,disponible,PasajerosArribadosPartidosxAeropuerto2020-2026,MovimientosxAeropuerto2020-2026
Colombia,BSC,SKBS,José Celestino Mutis Airport,2025,2,2025-02,2197,2209,0,0,4406,0,2197,2209,4406,214,212,0,0,426,0,214,212,426,disponible,disponible,PasajerosArribadosPartidosxAeropuerto2020-2026,MovimientosxAeropuerto2020-2026
Colombia,BUN,SKBU,Gerardo Tobar López Airport,2025,2,2025-02,347,334,0,0,681,0,347,334,681,24,23,0,0,47,0,24,23,47,disponible,disponible,PasajerosArribadosPartidosxAeropuerto2020-2026,MovimientosxAeropuerto2020-2026
Colombia,CLO,SKCL,Alfonso Bonilla Aragon International Airport,2025,2,2025-02,151217,132179,30493,46075,283396,76568,181710,178254,359964,2365,2376,277,269,4741,546,2642,2645,5287,disponible,disponible,PasajerosArribadosPartidosxAeropuerto2020-2026,MovimientosxAeropuerto2020-2026
Colombia,CTG,SKCG,Rafael Nuñez International Airport,2025,2,2025-02,195811,167429,68793,82359,363240,151152,264604,249788,514392,1755,1713,509,559,3468,1068,2264,2272,4536,disponible,disponible,PasajerosArribadosPartidosxAeropuerto2020-2026,MovimientosxAeropuerto2020-2026
Colombia,CUC,SKCC,Camilo Daza International Airport,2025,2,2025-02,42971,45763,4332,7367,88734,11699,47303,53130,100433,745,748,30,31,1493,61,775,779,1554,disponible,disponible,PasajerosArribadosPartidosxAeropuerto2020-2026,MovimientosxAeropuerto2020-2026
Colombia,CZU,SKCZ,Las Brujas Airport,2025,2,2025-02,1725,2782,0,0,4507,0,1725,2782,4507,94,94,0,0,188,0,94,94,188,disponible,disponible,PasajerosArribadosPartidosxAeropuerto2020-2026,MovimientosxAeropuerto2020-2026
Colombia,EJA,SKEJ,Yariguíes Airport,2025,2,2025-02,4748,3735,1,32,8483,33,4749,3767,8516,150,146,0,0,296,0,150,146,296,disponible,disponible,PasajerosArribadosPartidosxAeropuerto2020-2026,MovimientosxAeropuerto2020-2026
Colombia,EOH,SKMD,Enrique Olaya Herrera Airport,2025,2,2025-02,43088,40092,0,0,83180,0,43088,40092,83180,2368,2381,3,4,4749,7,2371,2385,4756,disponible,disponible,PasajerosArribadosPartidosxAeropuerto2020-2026,MovimientosxAeropuerto2020-2026
Colombia,EYP,SKYP,El Alcaravan - Yopal Airport,2025,2,2025-02,8791,8455,0,0,17246,0,8791,8455,17246,747,743,0,0,1490,0,747,743,1490,disponible,disponible,PasajerosArribadosPartidosxAeropuerto2020-2026,MovimientosxAeropuerto2020-2026
Colombia,FLA,SKFL,Gustavo Artunduaga Paredes Airport,2025,2,2025-02,3892,2343,0,0,6235,0,3892,2343,6235,139,150,0,0,289,0,139,150,289,disponible,disponible,PasajerosArribadosPartidosxAeropuerto2020-2026,MovimientosxAeropuerto2020-2026
Colombia,GPI,SKGP,Guapi Airport,2025,2,2025-02,1572,3029,0,0,4601,0,1572,3029,4601,150,153,0,0,303,0,150,153,303,disponible,disponible,PasajerosArribadosPartidosxAeropuerto2020-2026,MovimientosxAeropuerto2020-2026
Colombia,IBE,SKIB,Perales Airport,2025,2,2025-02,8568,12017,0,0,20585,0,8568,12017,20585,250,251,0,0,501,0,250,251,501,disponible,disponible,PasajerosArribadosPartidosxAeropuerto2020-2026,MovimientosxAeropuerto2020-2026
Colombia,IPI,SKIP,San Luis Airport,2025,2,2025-02,5081,8209,0,0,13290,0,5081,8209,13290,79,79,0,0,158,0,79,79,158,disponible,disponible,PasajerosArribadosPartidosxAeropuerto2020-2026,MovimientosxAeropuerto2020-2026
Colombia,LCR,SKHZ,Virgilio Barco Vargas (La Chorrera) Airport,2025,2,2025-02,,,,,,,,,,24,21,0,0,45,0,24,21,45,sin_dato,disponible,PasajerosArribadosPartidosxAeropuerto2020-2026,MovimientosxAeropuerto2020-2026
Colombia,LET,SKLT,Alfredo Vásquez Cobo International Airport,2025,2,2025-02,13689,13293,0,99,26982,99,13689,13392,27081,205,214,3,0,419,3,208,214,422,disponible,disponible,PasajerosArribadosPartidosxAeropuerto2020-2026,MovimientosxAeropuerto2020-2026
Colombia,LMC,SKNA,La Macarena Airport,2025,2,2025-02,636,726,0,0,1362,0,636,726,1362,181,182,0,0,363,0,181,182,363,disponible,disponible,PasajerosArribadosPartidosxAeropuerto2020-2026,MovimientosxAeropuerto2020-2026
Colombia,LPD,SKLP,La Pedrera Airport,2025,2,2025-02,215,163,0,0,378,0,215,163,378,33,27,0,0,60,0,33,27,60,disponible,disponible,PasajerosArribadosPartidosxAeropuerto2020-2026,MovimientosxAeropuerto2020-2026
Colombia,LQM,SKLG,Caucaya Airport,2025,2,2025-02,721,708,0,0,1429,0,721,708,1429,49,40,0,0,89,0,49,40,89,disponible,disponible,PasajerosArribadosPartidosxAeropuerto2020-2026,MovimientosxAeropuerto2020-2026
Colombia,MDE,SKRG,Jose Maria Córdova International Airport,2025,2,2025-02,276827,306144,130242,150983,582971,281225,407069,457127,864196,2883,2849,1218,1244,5732,2462,4101,4093,8194,disponible,disponible,PasajerosArribadosPartidosxAeropuerto2020-2026,MovimientosxAeropuerto2020-2026
Colombia,MTR,SKMR,Los Garzones Airport,2025,2,2025-02,44797,53144,0,660,97941,660,44797,53804,98601,616,612,0,0,1228,0,616,612,1228,disponible,disponible,PasajerosArribadosPartidosxAeropuerto2020-2026,MovimientosxAeropuerto2020-2026
Colombia,MVP,SKMU,Fabio Alberto Leon Bentley Airport,2025,2,2025-02,3013,2901,0,0,5914,0,3013,2901,5914,639,643,0,0,1282,0,639,643,1282,disponible,disponible,PasajerosArribadosPartidosxAeropuerto2020-2026,MovimientosxAeropuerto2020-2026
Colombia,MZL,SKMZ,La Nubia Airport,2025,2,2025-02,3132,3062,0,0,6194,0,3132,3062,6194,117,113,0,0,230,0,117,113,230,disponible,disponible,PasajerosArribadosPartidosxAeropuerto2020-2026,MovimientosxAeropuerto2020-2026
Colombia,NQU,SKNQ,Reyes Murillo Airport,2025,2,2025-02,1679,2008,0,0,3687,0,1679,2008,3687,88,88,0,0,176,0,88,88,176,disponible,disponible,PasajerosArribadosPartidosxAeropuerto2020-2026,MovimientosxAeropuerto2020-2026
Colombia,NVA,SKNV,Benito Salas Airport,2025,2,2025-02,11755,15450,0,0,27205,0,11755,15450,27205,362,358,0,0,720,0,362,358,720,disponible,disponible,PasajerosArribadosPartidosxAeropuerto2020-2026,MovimientosxAeropuerto2020-2026
Colombia,PCR,SKPC,German Olano Airport,2025,2,2025-02,3662,3432,0,0,7094,0,3662,3432,7094,110,106,0,0,216,0,110,106,216,disponible,disponible,PasajerosArribadosPartidosxAeropuerto2020-2026,MovimientosxAeropuerto2020-2026
Colombia,PDA,SKPD,Obando Cesar Gaviria Trujillo Airport,2025,2,2025-02,,,,,,,,,,176,179,0,0,355,0,176,179,355,sin_dato,disponible,PasajerosArribadosPartidosxAeropuerto2020-2026,MovimientosxAeropuerto2020-2026
Colombia,PEI,SKPE,Matecaña International Airport,2025,2,2025-02,73350,81584,5201,13039,154934,18240,78551,94623,173174,920,916,42,42,1836,84,962,958,1920,disponible,disponible,PasajerosArribadosPartidosxAeropuerto2020-2026,MovimientosxAeropuerto2020-2026
Colombia,PPN,SKPP,Guillermo León Valencia Airport,2025,2,2025-02,4946,6828,0,0,11774,0,4946,6828,11774,326,327,0,0,653,0,326,327,653,disponible,disponible,PasajerosArribadosPartidosxAeropuerto2020-2026,MovimientosxAeropuerto2020-2026
Colombia,PSO,SKPS,Antonio Nariño Airport,2025,2,2025-02,20334,23053,0,456,43387,456,20334,23509,43843,286,290,0,0,576,0,286,290,576,disponible,disponible,PasajerosArribadosPartidosxAeropuerto2020-2026,MovimientosxAeropuerto2020-2026
Colombia,PUU,SKAS,Tres De Mayo Airport,2025,2,2025-02,4199,2532,0,0,6731,0,4199,2532,6731,134,138,0,0,272,0,134,138,272,disponible,disponible,PasajerosArribadosPartidosxAeropuerto2020-2026,MovimientosxAeropuerto2020-2026
Colombia,PVA,SKPV,El Embrujo Airport,2025,2,2025-02,3501,3442,0,0,6943,0,3501,3442,6943,97,97,0,0,194,0,97,97,194,disponible,disponible,PasajerosArribadosPartidosxAeropuerto2020-2026,MovimientosxAeropuerto2020-2026
Colombia,RCH,SKRH,Almirante Padilla Airport,2025,2,2025-02,19650,20776,0,1239,40426,1239,19650,22015,41665,209,213,0,0,422,0,209,213,422,disponible,disponible,PasajerosArribadosPartidosxAeropuerto2020-2026,MovimientosxAeropuerto2020-2026
Colombia,RVE,SKSA,Los Colonizadores Airport,2025,2,2025-02,2198,2140,0,0,4338,0,2198,2140,4338,166,177,0,0,343,0,166,177,343,disponible,disponible,PasajerosArribadosPartidosxAeropuerto2020-2026,MovimientosxAeropuerto2020-2026
Colombia,SJE,SKSJ,Jorge E. Gonzalez Torres Airport,2025,2,2025-02,1364,1551,0,0,2915,0,1364,1551,2915,355,369,0,0,724,0,355,369,724,disponible,disponible,PasajerosArribadosPartidosxAeropuerto2020-2026,MovimientosxAeropuerto2020-2026
Colombia,SMR,SKSM,Simón Bolívar International Airport,2025,2,2025-02,137829,135291,1529,4395,273120,5924,139358,139686,279044,1124,1129,12,13,2253,25,1136,1142,2278,disponible,disponible,PasajerosArribadosPartidosxAeropuerto2020-2026,MovimientosxAeropuerto2020-2026
Colombia,SVI,SKSV,Eduardo Falla Solano Airport,2025,2,2025-02,202,239,0,0,441,0,202,239,441,29,25,0,0,54,0,29,25,54,disponible,disponible,PasajerosArribadosPartidosxAeropuerto2020-2026,MovimientosxAeropuerto2020-2026
Colombia,TCD,SKRA,Tarapacá Airport,2025,2,2025-02,,,,,,,,,,15,11,0,0,26,0,15,11,26,sin_dato,disponible,PasajerosArribadosPartidosxAeropuerto2020-2026,MovimientosxAeropuerto2020-2026
Colombia,TCO,SKCO,La Florida Airport,2025,2,2025-02,5204,3213,0,0,8417,0,5204,3213,8417,214,214,1,0,428,1,215,214,429,disponible,disponible,PasajerosArribadosPartidosxAeropuerto2020-2026,MovimientosxAeropuerto2020-2026
Colombia,TLU,SKTL,Golfo de Morrosquillo Airport,2025,2,2025-02,797,811,0,0,1608,0,797,811,1608,24,25,0,0,49,0,24,25,49,disponible,disponible,PasajerosArribadosPartidosxAeropuerto2020-2026,MovimientosxAeropuerto2020-2026
Colombia,TME,SKTM,Gustavo Vargas Airport,2025,2,2025-02,328,353,0,0,681,0,328,353,681,103,110,0,0,213,0,103,110,213,disponible,disponible,PasajerosArribadosPartidosxAeropuerto2020-2026,MovimientosxAeropuerto2020-2026
Colombia,UIB,SKUI,El Caraño Airport,2025,2,2025-02,11167,11994,0,0,23161,0,11167,11994,23161,631,631,0,0,1262,0,631,631,1262,disponible,disponible,PasajerosArribadosPartidosxAeropuerto2020-2026,MovimientosxAeropuerto2020-2026
Colombia,VUP,SKVP,Alfonso López Pumarejo Airport,2025,2,2025-02,12043,14632,0,604,26675,604,12043,15236,27279,329,332,0,0,661,0,329,332,661,disponible,disponible,PasajerosArribadosPartidosxAeropuerto2020-2026,MovimientosxAeropuerto2020-2026
Colombia,VVC,SKVV,Vanguardia Airport,2025,2,2025-02,8226,12435,0,0,20661,0,8226,12435,20661,1508,1513,0,0,3021,0,1508,1513,3021,disponible,disponible,PasajerosArribadosPartidosxAeropuerto2020-2026,MovimientosxAeropuerto2020-2026
Colombia,ADZ,SKSP,Gustavo Rojas Pinilla International Airport,2025,3,2025-03,73575,87720,2161,11147,161295,13308,75736,98867,174603,806,811,23,21,1617,44,829,832,1661,disponible,disponible,PasajerosArribadosPartidosxAeropuerto2020-2026,MovimientosxAeropuerto2020-2026
Colombia,APO,SKLC,Antonio Roldán Betancur Airport,2025,3,2025-03,7583,7470,0,0,15053,0,7583,7470,15053,931,935,2,0,1866,2,933,935,1868,disponible,disponible,PasajerosArribadosPartidosxAeropuerto2020-2026,MovimientosxAeropuerto2020-2026
Colombia,AUC,SKUC,Santiago Perez Airport,2025,3,2025-03,5487,5373,0,4,10860,4,5487,5377,10864,238,245,0,0,483,0,238,245,483,disponible,disponible,PasajerosArribadosPartidosxAeropuerto2020-2026,MovimientosxAeropuerto2020-2026
Colombia,AXM,SKAR,El Eden Airport,2025,3,2025-03,22713,18072,1870,2574,40785,4444,24583,20646,45229,262,261,13,13,523,26,275,274,549,disponible,disponible,PasajerosArribadosPartidosxAeropuerto2020-2026,MovimientosxAeropuerto2020-2026
Colombia,BAQ,SKBQ,Ernesto Cortissoz International Airport,2025,3,2025-03,100960,120548,14600,22287,221508,36887,115560,142835,258395,1824,1844,196,198,3668,394,2020,2042,4062,disponible,disponible,PasajerosArribadosPartidosxAeropuerto2020-2026,MovimientosxAeropuerto2020-2026
Colombia,BGA,SKBG,Palonegro Airport,2025,3,2025-03,45930,71290,1887,4515,117220,6402,47817,75805,123622,1080,1080,26,26,2160,52,1106,1106,2212,disponible,disponible,PasajerosArribadosPartidosxAeropuerto2020-2026,MovimientosxAeropuerto2020-2026
Colombia,BOG,SKBO,El Dorado International Airport,2025,3,2025-03,886273,800677,539593,597273,1686950,1136866,1425866,1397950,2823816,11184,11220,5168,5103,22404,10271,16352,16323,32675,disponible,disponible,PasajerosArribadosPartidosxAeropuerto2020-2026,MovimientosxAeropuerto2020-2026
Colombia,BSC,SKBS,José Celestino Mutis Airport,2025,3,2025-03,2615,2193,0,0,4808,0,2615,2193,4808,227,228,0,0,455,0,227,228,455,disponible,disponible,PasajerosArribadosPartidosxAeropuerto2020-2026,MovimientosxAeropuerto2020-2026
Colombia,BUN,SKBU,Gerardo Tobar López Airport,2025,3,2025-03,431,391,0,0,822,0,431,391,822,43,42,0,0,85,0,43,42,85,disponible,disponible,PasajerosArribadosPartidosxAeropuerto2020-2026,MovimientosxAeropuerto2020-2026
Colombia,CLO,SKCL,Alfonso Bonilla Aragon International Airport,2025,3,2025-03,180466,191077,28304,51423,371543,79727,208770,242500,451270,2577,2600,294,267,5177,561,2871,2867,5738,disponible,disponible,PasajerosArribadosPartidosxAeropuerto2020-2026,MovimientosxAeropuerto2020-2026
Colombia,CTG,SKCG,Rafael Nuñez International Airport,2025,3,2025-03,190978,164195,66113,104514,355173,170627,257091,268709,525800,1937,1890,593,648,3827,1241,2530,2538,5068,disponible,disponible,PasajerosArribadosPartidosxAeropuerto2020-2026,MovimientosxAeropuerto2020-2026
Colombia,CUC,SKCC,Camilo Daza International Airport,2025,3,2025-03,48944,39082,6096,9819,88026,15915,55040,48901,103941,810,818,47,47,1628,94,857,865,1722,disponible,disponible,PasajerosArribadosPartidosxAeropuerto2020-2026,MovimientosxAeropuerto2020-2026
Colombia,CZU,SKCZ,Las Brujas Airport,2025,3,2025-03,3684,3658,0,0,7342,0,3684,3658,7342,118,123,0,0,241,0,118,123,241,disponible,disponible,PasajerosArribadosPartidosxAeropuerto2020-2026,MovimientosxAeropuerto2020-2026
Colombia,EJA,SKEJ,Yariguíes Airport,2025,3,2025-03,5458,5429,0,49,10887,49,5458,5478,10936,195,192,0,0,387,0,195,192,387,disponible,disponible,PasajerosArribadosPartidosxAeropuerto2020-2026,MovimientosxAeropuerto2020-2026
Colombia,EOH,SKMD,Enrique Olaya Herrera Airport,2025,3,2025-03,47496,46288,0,38,93784,38,47496,46326,93822,2667,2646,5,4,5313,9,2672,2650,5322,disponible,disponible,PasajerosArribadosPartidosxAeropuerto2020-2026,MovimientosxAeropuerto2020-2026
Colombia,EYP,SKYP,El Alcaravan - Yopal Airport,2025,3,2025-03,11614,9305,0,0,20919,0,11614,9305,20919,751,747,0,0,1498,0,751,747,1498,disponible,disponible,PasajerosArribadosPartidosxAeropuerto2020-2026,MovimientosxAeropuerto2020-2026
Colombia,FLA,SKFL,Gustavo Artunduaga Paredes Airport,2025,3,2025-03,2913,2825,0,0,5738,0,2913,2825,5738,165,176,0,0,341,0,165,176,341,disponible,disponible,PasajerosArribadosPartidosxAeropuerto2020-2026,MovimientosxAeropuerto2020-2026
Colombia,GPI,SKGP,Guapi Airport,2025,3,2025-03,1995,3505,0,0,5500,0,1995,3505,5500,171,174,0,0,345,0,171,174,345,disponible,disponible,PasajerosArribadosPartidosxAeropuerto2020-2026,MovimientosxAeropuerto2020-2026
Colombia,IBE,SKIB,Perales Airport,2025,3,2025-03,9906,13109,0,0,23015,0,9906,13109,23015,281,279,0,0,560,0,281,279,560,disponible,disponible,PasajerosArribadosPartidosxAeropuerto2020-2026,MovimientosxAeropuerto2020-2026
Colombia,IPI,SKIP,San Luis Airport,2025,3,2025-03,5523,9476,0,0,14999,0,5523,9476,14999,89,89,0,0,178,0,89,89,178,disponible,disponible,PasajerosArribadosPartidosxAeropuerto2020-2026,MovimientosxAeropuerto2020-2026
Colombia,LCR,SKHZ,Virgilio Barco Vargas (La Chorrera) Airport,2025,3,2025-03,,,,,,,,,,22,22,0,0,44,0,22,22,44,sin_dato,disponible,PasajerosArribadosPartidosxAeropuerto2020-2026,MovimientosxAeropuerto2020-2026
Colombia,LET,SKLT,Alfredo Vásquez Cobo International Airport,2025,3,2025-03,13651,12040,0,89,25691,89,13651,12129,25780,236,252,0,2,488,2,236,254,490,disponible,disponible,PasajerosArribadosPartidosxAeropuerto2020-2026,MovimientosxAeropuerto2020-2026
Colombia,LMC,SKNA,La Macarena Airport,2025,3,2025-03,637,688,0,0,1325,0,637,688,1325,191,188,0,0,379,0,191,188,379,disponible,disponible,PasajerosArribadosPartidosxAeropuerto2020-2026,MovimientosxAeropuerto2020-2026
Colombia,LPD,SKLP,La Pedrera Airport,2025,3,2025-03,216,162,0,0,378,0,216,162,378,50,44,0,0,94,0,50,44,94,disponible,disponible,PasajerosArribadosPartidosxAeropuerto2020-2026,MovimientosxAeropuerto2020-2026
Colombia,LQM,SKLG,Caucaya Airport,2025,3,2025-03,641,737,0,0,1378,0,641,737,1378,47,36,0,0,83,0,47,36,83,disponible,disponible,PasajerosArribadosPartidosxAeropuerto2020-2026,MovimientosxAeropuerto2020-2026
Colombia,MDE,SKRG,Jose Maria Córdova International Airport,2025,3,2025-03,337812,340836,130319,160120,678648,290439,468131,500956,969087,3212,3182,1340,1376,6394,2716,4552,4558,9110,disponible,disponible,PasajerosArribadosPartidosxAeropuerto2020-2026,MovimientosxAeropuerto2020-2026
Colombia,MTR,SKMR,Los Garzones Airport,2025,3,2025-03,50789,49422,0,839,100211,839,50789,50261,101050,643,647,0,0,1290,0,643,647,1290,disponible,disponible,PasajerosArribadosPartidosxAeropuerto2020-2026,MovimientosxAeropuerto2020-2026
Colombia,MVP,SKMU,Fabio Alberto Leon Bentley Airport,2025,3,2025-03,1651,2842,0,0,4493,0,1651,2842,4493,833,829,0,0,1662,0,833,829,1662,disponible,disponible,PasajerosArribadosPartidosxAeropuerto2020-2026,MovimientosxAeropuerto2020-2026
Colombia,MZL,SKMZ,La Nubia Airport,2025,3,2025-03,3149,31,0,0,3180,0,3149,31,3180,130,131,0,0,261,0,130,131,261,disponible,disponible,PasajerosArribadosPartidosxAeropuerto2020-2026,MovimientosxAeropuerto2020-2026
Colombia,NQU,SKNQ,Reyes Murillo Airport,2025,3,2025-03,1919,2004,0,0,3923,0,1919,2004,3923,107,107,0,0,214,0,107,107,214,disponible,disponible,PasajerosArribadosPartidosxAeropuerto2020-2026,MovimientosxAeropuerto2020-2026
Colombia,NVA,SKNV,Benito Salas Airport,2025,3,2025-03,13919,17995,0,0,31914,0,13919,17995,31914,418,415,0,0,833,0,418,415,833,disponible,disponible,PasajerosArribadosPartidosxAeropuerto2020-2026,MovimientosxAeropuerto2020-2026
Colombia,PCR,SKPC,German Olano Airport,2025,3,2025-03,2891,2936,0,0,5827,0,2891,2936,5827,121,118,0,0,239,0,121,118,239,disponible,disponible,PasajerosArribadosPartidosxAeropuerto2020-2026,MovimientosxAeropuerto2020-2026
Colombia,PDA,SKPD,Obando Cesar Gaviria Trujillo Airport,2025,3,2025-03,,,,,,,,,,175,174,0,0,349,0,175,174,349,sin_dato,disponible,PasajerosArribadosPartidosxAeropuerto2020-2026,MovimientosxAeropuerto2020-2026
Colombia,PEI,SKPE,Matecaña International Airport,2025,3,2025-03,84313,89467,5884,15138,173780,21022,90197,104605,194802,1028,1032,49,47,2060,96,1077,1079,2156,disponible,disponible,PasajerosArribadosPartidosxAeropuerto2020-2026,MovimientosxAeropuerto2020-2026
Colombia,PPN,SKPP,Guillermo León Valencia Airport,2025,3,2025-03,4312,5816,0,0,10128,0,4312,5816,10128,531,526,0,0,1057,0,531,526,1057,disponible,disponible,PasajerosArribadosPartidosxAeropuerto2020-2026,MovimientosxAeropuerto2020-2026
Colombia,PSO,SKPS,Antonio Nariño Airport,2025,3,2025-03,20882,28090,0,576,48972,576,20882,28666,49548,335,329,0,0,664,0,335,329,664,disponible,disponible,PasajerosArribadosPartidosxAeropuerto2020-2026,MovimientosxAeropuerto2020-2026
Colombia,PUU,SKAS,Tres De Mayo Airport,2025,3,2025-03,4438,3543,0,0,7981,0,4438,3543,7981,143,147,0,0,290,0,143,147,290,disponible,disponible,PasajerosArribadosPartidosxAeropuerto2020-2026,MovimientosxAeropuerto2020-2026
Colombia,PVA,SKPV,El Embrujo Airport,2025,3,2025-03,3817,3758,0,0,7575,0,3817,3758,7575,112,112,0,0,224,0,112,112,224,disponible,disponible,PasajerosArribadosPartidosxAeropuerto2020-2026,MovimientosxAeropuerto2020-2026
Colombia,RCH,SKRH,Almirante Padilla Airport,2025,3,2025-03,19972,21199,0,1803,41171,1803,19972,23002,42974,202,209,0,0,411,0,202,209,411,disponible,disponible,PasajerosArribadosPartidosxAeropuerto2020-2026,MovimientosxAeropuerto2020-2026
Colombia,RVE,SKSA,Los Colonizadores Airport,2025,3,2025-03,2361,2555,0,0,4916,0,2361,2555,4916,186,212,0,0,398,0,186,212,398,disponible,disponible,PasajerosArribadosPartidosxAeropuerto2020-2026,MovimientosxAeropuerto2020-2026
Colombia,SJE,SKSJ,Jorge E. Gonzalez Torres Airport,2025,3,2025-03,1654,1611,0,0,3265,0,1654,1611,3265,345,341,0,0,686,0,345,341,686,disponible,disponible,PasajerosArribadosPartidosxAeropuerto2020-2026,MovimientosxAeropuerto2020-2026
Colombia,SMR,SKSM,Simón Bolívar International Airport,2025,3,2025-03,133543,153037,1501,4910,286580,6411,135044,157947,292991,1229,1237,15,13,2466,28,1244,1250,2494,disponible,disponible,PasajerosArribadosPartidosxAeropuerto2020-2026,MovimientosxAeropuerto2020-2026
Colombia,SVI,SKSV,Eduardo Falla Solano Airport,2025,3,2025-03,309,334,0,0,643,0,309,334,643,24,23,0,0,47,0,24,23,47,disponible,disponible,PasajerosArribadosPartidosxAeropuerto2020-2026,MovimientosxAeropuerto2020-2026
Colombia,TCD,SKRA,Tarapacá Airport,2025,3,2025-03,,,,,,,,,,19,13,0,0,32,0,19,13,32,sin_dato,disponible,PasajerosArribadosPartidosxAeropuerto2020-2026,MovimientosxAeropuerto2020-2026
Colombia,TCO,SKCO,La Florida Airport,2025,3,2025-03,6073,6470,0,0,12543,0,6073,6470,12543,262,259,1,2,521,3,263,261,524,disponible,disponible,PasajerosArribadosPartidosxAeropuerto2020-2026,MovimientosxAeropuerto2020-2026
Colombia,TLU,SKTL,Golfo de Morrosquillo Airport,2025,3,2025-03,,,,,,,,,,,,,,,,,,,sin_dato,sin_dato,PasajerosArribadosPartidosxAeropuerto2020-2026,MovimientosxAeropuerto2020-2026
Colombia,TME,SKTM,Gustavo Vargas Airport,2025,3,2025-03,331,387,0,0,718,0,331,387,718,31,70,0,0,101,0,31,70,101,disponible,disponible,PasajerosArribadosPartidosxAeropuerto2020-2026,MovimientosxAeropuerto2020-2026
Colombia,UIB,SKUI,El Caraño Airport,2025,3,2025-03,13139,13286,0,0,26425,0,13139,13286,26425,719,727,0,0,1446,0,719,727,1446,disponible,disponible,PasajerosArribadosPartidosxAeropuerto2020-2026,MovimientosxAeropuerto2020-2026
Colombia,VUP,SKVP,Alfonso López Pumarejo Airport,2025,3,2025-03,4204,15865,0,625,20069,625,4204,16490,20694,277,290,0,0,567,0,277,290,567,disponible,disponible,PasajerosArribadosPartidosxAeropuerto2020-2026,MovimientosxAeropuerto2020-2026
Colombia,VVC,SKVV,Vanguardia Airport,2025,3,2025-03,8575,12831,0,0,21406,0,8575,12831,21406,1603,1597,0,0,3200,0,1603,1597,3200,disponible,disponible,PasajerosArribadosPartidosxAeropuerto2020-2026,MovimientosxAeropuerto2020-2026
Colombia,ADZ,SKSP,Gustavo Rojas Pinilla International Airport,2025,4,2025-04,78438,75545,2209,8303,153983,10512,80647,83848,164495,779,778,21,20,1557,41,800,798,1598,disponible,disponible,PasajerosArribadosPartidosxAeropuerto2020-2026,MovimientosxAeropuerto2020-2026
Colombia,APO,SKLC,Antonio Roldán Betancur Airport,2025,4,2025-04,7440,7568,0,0,15008,0,7440,7568,15008,832,842,0,0,1674,0,832,842,1674,disponible,disponible,PasajerosArribadosPartidosxAeropuerto2020-2026,MovimientosxAeropuerto2020-2026
Colombia,AUC,SKUC,Santiago Perez Airport,2025,4,2025-04,5657,5686,0,12,11343,12,5657,5698,11355,227,234,0,0,461,0,227,234,461,disponible,disponible,PasajerosArribadosPartidosxAeropuerto2020-2026,MovimientosxAeropuerto2020-2026
Colombia,AXM,SKAR,El Eden Airport,2025,4,2025-04,20884,23580,1844,2032,44464,3876,22728,25612,48340,226,225,13,13,451,26,239,238,477,disponible,disponible,PasajerosArribadosPartidosxAeropuerto2020-2026,MovimientosxAeropuerto2020-2026
Colombia,BAQ,SKBQ,Ernesto Cortissoz International Airport,2025,4,2025-04,64947,67417,9773,14230,132364,24003,74720,81647,156367,1686,1669,181,181,3355,362,1867,1850,3717,disponible,disponible,PasajerosArribadosPartidosxAeropuerto2020-2026,MovimientosxAeropuerto2020-2026
Colombia,BGA,SKBG,Palonegro Airport,2025,4,2025-04,67766,69773,2111,6823,137539,8934,69877,76596,146473,1069,1065,28,31,2134,59,1097,1096,2193,disponible,disponible,PasajerosArribadosPartidosxAeropuerto2020-2026,MovimientosxAeropuerto2020-2026
Colombia,BOG,SKBO,El Dorado International Airport,2025,4,2025-04,726598,773877,556842,572127,1500475,1128969,1283440,1346004,2629444,10339,10398,5356,5294,20737,10650,15695,15692,31387,disponible,disponible,PasajerosArribadosPartidosxAeropuerto2020-2026,MovimientosxAeropuerto2020-2026
Colombia,BSC,SKBS,José Celestino Mutis Airport,2025,4,2025-04,3308,3245,0,0,6553,0,3308,3245,6553,237,237,0,0,474,0,237,237,474,disponible,disponible,PasajerosArribadosPartidosxAeropuerto2020-2026,MovimientosxAeropuerto2020-2026
Colombia,BUN,SKBU,Gerardo Tobar López Airport,2025,4,2025-04,407,331,0,0,738,0,407,331,738,43,44,0,0,87,0,43,44,87,disponible,disponible,PasajerosArribadosPartidosxAeropuerto2020-2026,MovimientosxAeropuerto2020-2026
Colombia,CLO,SKCL,Alfonso Bonilla Aragon International Airport,2025,4,2025-04,182046,185978,29011,45459,368024,74470,211057,231437,442494,2590,2613,294,270,5203,564,2884,2883,5767,disponible,disponible,PasajerosArribadosPartidosxAeropuerto2020-2026,MovimientosxAeropuerto2020-2026
Colombia,CTG,SKCG,Rafael Nuñez International Airport,2025,4,2025-04,195405,181938,51779,84607,377343,136386,247184,266545,513729,1860,1804,503,554,3664,1057,2363,2358,4721,disponible,disponible,PasajerosArribadosPartidosxAeropuerto2020-2026,MovimientosxAeropuerto2020-2026
Colombia,CUC,SKCC,Camilo Daza International Airport,2025,4,2025-04,46922,48765,6305,8964,95687,15269,53227,57729,110956,637,637,51,52,1274,103,688,689,1377,disponible,disponible,PasajerosArribadosPartidosxAeropuerto2020-2026,MovimientosxAeropuerto2020-2026
Colombia,CZU,SKCZ,Las Brujas Airport,2025,4,2025-04,468,519,11,11,987,22,479,530,1009,71,72,0,0,143,0,71,72,143,disponible,disponible,PasajerosArribadosPartidosxAeropuerto2020-2026,MovimientosxAeropuerto2020-2026
Colombia,EJA,SKEJ,Yariguíes Airport,2025,4,2025-04,3718,3736,0,56,7454,56,3718,3792,7510,192,189,0,0,381,0,192,189,381,disponible,disponible,PasajerosArribadosPartidosxAeropuerto2020-2026,MovimientosxAeropuerto2020-2026
Colombia,EOH,SKMD,Enrique Olaya Herrera Airport,2025,4,2025-04,41949,48739,0,0,90688,0,41949,48739,90688,2663,2665,3,5,5328,8,2666,2670,5336,disponible,disponible,PasajerosArribadosPartidosxAeropuerto2020-2026,MovimientosxAeropuerto2020-2026
Colombia,EYP,SKYP,El Alcaravan - Yopal Airport,2025,4,2025-04,10964,14379,0,0,25343,0,10964,14379,25343,792,791,0,0,1583,0,792,791,1583,disponible,disponible,PasajerosArribadosPartidosxAeropuerto2020-2026,MovimientosxAeropuerto2020-2026
Colombia,FLA,SKFL,Gustavo Artunduaga Paredes Airport,2025,4,2025-04,3996,4206,0,0,8202,0,3996,4206,8202,143,160,0,0,303,0,143,160,303,disponible,disponible,PasajerosArribadosPartidosxAeropuerto2020-2026,MovimientosxAeropuerto2020-2026
Colombia,GPI,SKGP,Guapi Airport,2025,4,2025-04,3573,3696,0,0,7269,0,3573,3696,7269,169,162,0,0,331,0,169,162,331,disponible,disponible,PasajerosArribadosPartidosxAeropuerto2020-2026,MovimientosxAeropuerto2020-2026
Colombia,IBE,SKIB,Perales Airport,2025,4,2025-04,8668,11644,0,0,20312,0,8668,11644,20312,281,282,0,0,563,0,281,282,563,disponible,disponible,PasajerosArribadosPartidosxAeropuerto2020-2026,MovimientosxAeropuerto2020-2026
Colombia,IPI,SKIP,San Luis Airport,2025,4,2025-04,5241,8534,0,0,13775,0,5241,8534,13775,89,91,0,0,180,0,89,91,180,disponible,disponible,PasajerosArribadosPartidosxAeropuerto2020-2026,MovimientosxAeropuerto2020-2026
Colombia,LCR,SKHZ,Virgilio Barco Vargas (La Chorrera) Airport,2025,4,2025-04,,,,,,,,,,25,19,0,0,44,0,25,19,44,sin_dato,disponible,PasajerosArribadosPartidosxAeropuerto2020-2026,MovimientosxAeropuerto2020-2026
Colombia,LET,SKLT,Alfredo Vásquez Cobo International Airport,2025,4,2025-04,8585,13661,0,86,22246,86,8585,13747,22332,211,221,0,1,432,1,211,222,433,disponible,disponible,PasajerosArribadosPartidosxAeropuerto2020-2026,MovimientosxAeropuerto2020-2026
Colombia,LMC,SKNA,La Macarena Airport,2025,4,2025-04,676,725,0,0,1401,0,676,725,1401,189,188,0,0,377,0,189,188,377,disponible,disponible,PasajerosArribadosPartidosxAeropuerto2020-2026,MovimientosxAeropuerto2020-2026
Colombia,LPD,SKLP,La Pedrera Airport,2025,4,2025-04,168,184,0,0,352,0,168,184,352,33,24,0,0,57,0,33,24,57,disponible,disponible,PasajerosArribadosPartidosxAeropuerto2020-2026,MovimientosxAeropuerto2020-2026
Colombia,LQM,SKLG,Caucaya Airport,2025,4,2025-04,723,743,0,0,1466,0,723,743,1466,30,32,0,0,62,0,30,32,62,disponible,disponible,PasajerosArribadosPartidosxAeropuerto2020-2026,MovimientosxAeropuerto2020-2026
Colombia,MDE,SKRG,Jose Maria Córdova International Airport,2025,4,2025-04,298191,218545,144754,169439,516736,314193,442945,387984,830929,3147,3126,1410,1432,6273,2842,4557,4558,9115,disponible,disponible,PasajerosArribadosPartidosxAeropuerto2020-2026,MovimientosxAeropuerto2020-2026
Colombia,MTR,SKMR,Los Garzones Airport,2025,4,2025-04,34767,44967,0,929,79734,929,34767,45896,80663,638,641,0,0,1279,0,638,641,1279,disponible,disponible,PasajerosArribadosPartidosxAeropuerto2020-2026,MovimientosxAeropuerto2020-2026
Colombia,MVP,SKMU,Fabio Alberto Leon Bentley Airport,2025,4,2025-04,2412,2541,0,0,4953,0,2412,2541,4953,750,750,0,0,1500,0,750,750,1500,disponible,disponible,PasajerosArribadosPartidosxAeropuerto2020-2026,MovimientosxAeropuerto2020-2026
Colombia,MZL,SKMZ,La Nubia Airport,2025,4,2025-04,2784,2755,0,0,5539,0,2784,2755,5539,117,114,0,0,231,0,117,114,231,disponible,disponible,PasajerosArribadosPartidosxAeropuerto2020-2026,MovimientosxAeropuerto2020-2026
Colombia,NQU,SKNQ,Reyes Murillo Airport,2025,4,2025-04,2181,2217,0,0,4398,0,2181,2217,4398,119,119,0,0,238,0,119,119,238,disponible,disponible,PasajerosArribadosPartidosxAeropuerto2020-2026,MovimientosxAeropuerto2020-2026
Colombia,NVA,SKNV,Benito Salas Airport,2025,4,2025-04,11641,12538,0,0,24179,0,11641,12538,24179,441,445,0,0,886,0,441,445,886,disponible,disponible,PasajerosArribadosPartidosxAeropuerto2020-2026,MovimientosxAeropuerto2020-2026
Colombia,PCR,SKPC,German Olano Airport,2025,4,2025-04,1533,3154,0,0,4687,0,1533,3154,4687,122,123,0,0,245,0,122,123,245,disponible,disponible,PasajerosArribadosPartidosxAeropuerto2020-2026,MovimientosxAeropuerto2020-2026
Colombia,PDA,SKPD,Obando Cesar Gaviria Trujillo Airport,2025,4,2025-04,,,,,,,,,,196,198,0,0,394,0,196,198,394,sin_dato,disponible,PasajerosArribadosPartidosxAeropuerto2020-2026,MovimientosxAeropuerto2020-2026
Colombia,PEI,SKPE,Matecaña International Airport,2025,4,2025-04,72204,76034,6394,15890,148238,22284,78598,91924,170522,854,856,58,56,1710,114,912,912,1824,disponible,disponible,PasajerosArribadosPartidosxAeropuerto2020-2026,MovimientosxAeropuerto2020-2026
Colombia,PPN,SKPP,Guillermo León Valencia Airport,2025,4,2025-04,7335,8354,0,5,15689,5,7335,8359,15694,449,443,0,0,892,0,449,443,892,disponible,disponible,PasajerosArribadosPartidosxAeropuerto2020-2026,MovimientosxAeropuerto2020-2026
Colombia,PSO,SKPS,Antonio Nariño Airport,2025,4,2025-04,21670,27851,0,578,49521,578,21670,28429,50099,353,356,0,0,709,0,353,356,709,disponible,disponible,PasajerosArribadosPartidosxAeropuerto2020-2026,MovimientosxAeropuerto2020-2026
Colombia,PUU,SKAS,Tres De Mayo Airport,2025,4,2025-04,4656,4815,0,0,9471,0,4656,4815,9471,139,144,0,0,283,0,139,144,283,disponible,disponible,PasajerosArribadosPartidosxAeropuerto2020-2026,MovimientosxAeropuerto2020-2026
Colombia,PVA,SKPV,El Embrujo Airport,2025,4,2025-04,4263,4174,0,0,8437,0,4263,4174,8437,116,118,0,0,234,0,116,118,234,disponible,disponible,PasajerosArribadosPartidosxAeropuerto2020-2026,MovimientosxAeropuerto2020-2026
Colombia,RCH,SKRH,Almirante Padilla Airport,2025,4,2025-04,20652,9914,0,1786,30566,1786,20652,11700,32352,187,190,0,0,377,0,187,190,377,disponible,disponible,PasajerosArribadosPartidosxAeropuerto2020-2026,MovimientosxAeropuerto2020-2026
Colombia,RVE,SKSA,Los Colonizadores Airport,2025,4,2025-04,2312,2402,0,0,4714,0,2312,2402,4714,137,169,0,0,306,0,137,169,306,disponible,disponible,PasajerosArribadosPartidosxAeropuerto2020-2026,MovimientosxAeropuerto2020-2026
Colombia,SJE,SKSJ,Jorge E. Gonzalez Torres Airport,2025,4,2025-04,1631,1596,0,0,3227,0,1631,1596,3227,362,369,0,0,731,0,362,369,731,disponible,disponible,PasajerosArribadosPartidosxAeropuerto2020-2026,MovimientosxAeropuerto2020-2026
Colombia,SMR,SKSM,Simón Bolívar International Airport,2025,4,2025-04,131103,129191,1471,2782,260294,4253,132574,131973,264547,1075,1096,13,13,2171,26,1088,1109,2197,disponible,disponible,PasajerosArribadosPartidosxAeropuerto2020-2026,MovimientosxAeropuerto2020-2026
Colombia,SVI,SKSV,Eduardo Falla Solano Airport,2025,4,2025-04,337,333,0,0,670,0,337,333,670,25,24,0,0,49,0,25,24,49,disponible,disponible,PasajerosArribadosPartidosxAeropuerto2020-2026,MovimientosxAeropuerto2020-2026
Colombia,TCD,SKRA,Tarapacá Airport,2025,4,2025-04,,,,,,,,,,16,17,0,0,33,0,16,17,33,sin_dato,disponible,PasajerosArribadosPartidosxAeropuerto2020-2026,MovimientosxAeropuerto2020-2026
Colombia,TCO,SKCO,La Florida Airport,2025,4,2025-04,6170,4525,0,0,10695,0,6170,4525,10695,272,264,1,1,536,2,273,265,538,disponible,disponible,PasajerosArribadosPartidosxAeropuerto2020-2026,MovimientosxAeropuerto2020-2026
Colombia,TLU,SKTL,Golfo de Morrosquillo Airport,2025,4,2025-04,3764,3812,0,0,7576,0,3764,3812,7576,110,110,0,0,220,0,110,110,220,disponible,disponible,PasajerosArribadosPartidosxAeropuerto2020-2026,MovimientosxAeropuerto2020-2026
Colombia,TME,SKTM,Gustavo Vargas Airport,2025,4,2025-04,263,302,0,0,565,0,263,302,565,37,78,0,0,115,0,37,78,115,disponible,disponible,PasajerosArribadosPartidosxAeropuerto2020-2026,MovimientosxAeropuerto2020-2026
Colombia,UIB,SKUI,El Caraño Airport,2025,4,2025-04,12961,13243,0,0,26204,0,12961,13243,26204,647,646,0,0,1293,0,647,646,1293,disponible,disponible,PasajerosArribadosPartidosxAeropuerto2020-2026,MovimientosxAeropuerto2020-2026
Colombia,VUP,SKVP,Alfonso López Pumarejo Airport,2025,4,2025-04,14920,14321,0,735,29241,735,14920,15056,29976,232,232,1,0,464,1,233,232,465,disponible,disponible,PasajerosArribadosPartidosxAeropuerto2020-2026,MovimientosxAeropuerto2020-2026
Colombia,VVC,SKVV,Vanguardia Airport,2025,4,2025-04,7761,12401,0,7,20162,7,7761,12408,20169,1441,1442,0,0,2883,0,1441,1442,2883,disponible,disponible,PasajerosArribadosPartidosxAeropuerto2020-2026,MovimientosxAeropuerto2020-2026
Colombia,ADZ,SKSP,Gustavo Rojas Pinilla International Airport,2025,5,2025-05,65650,77929,2126,8568,143579,10694,67776,86497,154273,826,831,21,21,1657,42,847,852,1699,disponible,disponible,PasajerosArribadosPartidosxAeropuerto2020-2026,MovimientosxAeropuerto2020-2026
Colombia,APO,SKLC,Antonio Roldán Betancur Airport,2025,5,2025-05,7668,2959,0,0,10627,0,7668,2959,10627,1014,1012,0,0,2026,0,1014,1012,2026,disponible,disponible,PasajerosArribadosPartidosxAeropuerto2020-2026,MovimientosxAeropuerto2020-2026
Colombia,AUC,SKUC,Santiago Perez Airport,2025,5,2025-05,6684,6630,0,11,13314,11,6684,6641,13325,268,276,0,0,544,0,268,276,544,disponible,disponible,PasajerosArribadosPartidosxAeropuerto2020-2026,MovimientosxAeropuerto2020-2026
Colombia,AXM,SKAR,El Eden Airport,2025,5,2025-05,20165,23437,1902,1975,43602,3877,22067,25412,47479,258,256,14,14,514,28,272,270,542,disponible,disponible,PasajerosArribadosPartidosxAeropuerto2020-2026,MovimientosxAeropuerto2020-2026
Colombia,BAQ,SKBQ,Ernesto Cortissoz International Airport,2025,5,2025-05,62240,93441,9376,19508,155681,28884,71616,112949,184565,1585,1578,188,192,3163,380,1773,1770,3543,disponible,disponible,PasajerosArribadosPartidosxAeropuerto2020-2026,MovimientosxAeropuerto2020-2026
Colombia,BGA,SKBG,Palonegro Airport,2025,5,2025-05,66505,71658,2073,6851,138163,8924,68578,78509,147087,1084,1080,27,28,2164,55,1111,1108,2219,disponible,disponible,PasajerosArribadosPartidosxAeropuerto2020-2026,MovimientosxAeropuerto2020-2026
Colombia,BOG,SKBO,El Dorado International Airport,2025,5,2025-05,876763,783593,551398,612756,1660356,1164154,1428161,1396349,2824510,10673,10751,5417,5342,21424,10759,16090,16093,32183,disponible,disponible,PasajerosArribadosPartidosxAeropuerto2020-2026,MovimientosxAeropuerto2020-2026
Colombia,BSC,SKBS,José Celestino Mutis Airport,2025,5,2025-05,3732,3730,0,0,7462,0,3732,3730,7462,296,291,0,0,587,0,296,291,587,disponible,disponible,PasajerosArribadosPartidosxAeropuerto2020-2026,MovimientosxAeropuerto2020-2026
Colombia,BUN,SKBU,Gerardo Tobar López Airport,2025,5,2025-05,355,352,0,0,707,0,355,352,707,32,32,0,0,64,0,32,32,64,disponible,disponible,PasajerosArribadosPartidosxAeropuerto2020-2026,MovimientosxAeropuerto2020-2026
Colombia,CLO,SKCL,Alfonso Bonilla Aragon International Airport,2025,5,2025-05,186875,183168,24948,44714,370043,69662,211823,227882,439705,2761,2778,267,254,5539,521,3028,3032,6060,disponible,disponible,PasajerosArribadosPartidosxAeropuerto2020-2026,MovimientosxAeropuerto2020-2026
Colombia,CTG,SKCG,Rafael Nuñez International Airport,2025,5,2025-05,180739,188988,44583,63349,369727,107932,225322,252337,477659,1881,1836,459,503,3717,962,2340,2339,4679,disponible,disponible,PasajerosArribadosPartidosxAeropuerto2020-2026,MovimientosxAeropuerto2020-2026
Colombia,CUC,SKCC,Camilo Daza International Airport,2025,5,2025-05,43590,39637,5922,8606,83227,14528,49512,48243,97755,666,680,53,53,1346,106,719,733,1452,disponible,disponible,PasajerosArribadosPartidosxAeropuerto2020-2026,MovimientosxAeropuerto2020-2026
Colombia,CZU,SKCZ,Las Brujas Airport,2025,5,2025-05,1594,1519,0,0,3113,0,1594,1519,3113,59,59,0,0,118,0,59,59,118,disponible,disponible,PasajerosArribadosPartidosxAeropuerto2020-2026,MovimientosxAeropuerto2020-2026
Colombia,EJA,SKEJ,Yariguíes Airport,2025,5,2025-05,5644,5667,0,44,11311,44,5644,5711,11355,228,222,0,0,450,0,228,222,450,disponible,disponible,PasajerosArribadosPartidosxAeropuerto2020-2026,MovimientosxAeropuerto2020-2026
Colombia,EOH,SKMD,Enrique Olaya Herrera Airport,2025,5,2025-05,47267,51515,9,0,98782,9,47276,51515,98791,2851,2855,4,6,5706,10,2855,2861,5716,disponible,disponible,PasajerosArribadosPartidosxAeropuerto2020-2026,MovimientosxAeropuerto2020-2026
Colombia,EYP,SKYP,El Alcaravan - Yopal Airport,2025,5,2025-05,10767,13885,0,0,24652,0,10767,13885,24652,644,644,0,0,1288,0,644,644,1288,disponible,disponible,PasajerosArribadosPartidosxAeropuerto2020-2026,MovimientosxAeropuerto2020-2026
Colombia,FLA,SKFL,Gustavo Artunduaga Paredes Airport,2025,5,2025-05,4399,4595,0,0,8994,0,4399,4595,8994,158,168,0,0,326,0,158,168,326,disponible,disponible,PasajerosArribadosPartidosxAeropuerto2020-2026,MovimientosxAeropuerto2020-2026
Colombia,GPI,SKGP,Guapi Airport,2025,5,2025-05,3762,3717,0,0,7479,0,3762,3717,7479,181,180,0,0,361,0,181,180,361,disponible,disponible,PasajerosArribadosPartidosxAeropuerto2020-2026,MovimientosxAeropuerto2020-2026
Colombia,IBE,SKIB,Perales Airport,2025,5,2025-05,8636,12316,0,0,20952,0,8636,12316,20952,374,372,0,0,746,0,374,372,746,disponible,disponible,PasajerosArribadosPartidosxAeropuerto2020-2026,MovimientosxAeropuerto2020-2026
Colombia,IPI,SKIP,San Luis Airport,2025,5,2025-05,4863,8243,0,0,13106,0,4863,8243,13106,91,91,0,0,182,0,91,91,182,disponible,disponible,PasajerosArribadosPartidosxAeropuerto2020-2026,MovimientosxAeropuerto2020-2026
Colombia,LCR,SKHZ,Virgilio Barco Vargas (La Chorrera) Airport,2025,5,2025-05,,,,,,,,,,31,33,0,0,64,0,31,33,64,sin_dato,disponible,PasajerosArribadosPartidosxAeropuerto2020-2026,MovimientosxAeropuerto2020-2026
Colombia,LET,SKLT,Alfredo Vásquez Cobo International Airport,2025,5,2025-05,11963,12107,0,139,24070,139,11963,12246,24209,250,260,1,2,510,3,251,262,513,disponible,disponible,PasajerosArribadosPartidosxAeropuerto2020-2026,MovimientosxAeropuerto2020-2026
Colombia,LMC,SKNA,La Macarena Airport,2025,5,2025-05,685,691,0,0,1376,0,685,691,1376,211,206,0,0,417,0,211,206,417,disponible,disponible,PasajerosArribadosPartidosxAeropuerto2020-2026,MovimientosxAeropuerto2020-2026
Colombia,LPD,SKLP,La Pedrera Airport,2025,5,2025-05,235,193,0,0,428,0,235,193,428,43,33,0,0,76,0,43,33,76,disponible,disponible,PasajerosArribadosPartidosxAeropuerto2020-2026,MovimientosxAeropuerto2020-2026
Colombia,LQM,SKLG,Caucaya Airport,2025,5,2025-05,601,691,0,0,1292,0,601,691,1292,31,27,1,0,58,1,32,27,59,disponible,disponible,PasajerosArribadosPartidosxAeropuerto2020-2026,MovimientosxAeropuerto2020-2026
Colombia,MDE,SKRG,Jose Maria Córdova International Airport,2025,5,2025-05,310069,343932,149545,157774,654001,307319,459614,501706,961320,3227,3186,1355,1389,6413,2744,4582,4575,9157,disponible,disponible,PasajerosArribadosPartidosxAeropuerto2020-2026,MovimientosxAeropuerto2020-2026
Colombia,MTR,SKMR,Los Garzones Airport,2025,5,2025-05,47809,45907,0,953,93716,953,47809,46860,94669,697,695,3,3,1392,6,700,698,1398,disponible,disponible,PasajerosArribadosPartidosxAeropuerto2020-2026,MovimientosxAeropuerto2020-2026
Colombia,MVP,SKMU,Fabio Alberto Leon Bentley Airport,2025,5,2025-05,2459,2451,2,0,4910,2,2461,2451,4912,926,924,0,0,1850,0,926,924,1850,disponible,disponible,PasajerosArribadosPartidosxAeropuerto2020-2026,MovimientosxAeropuerto2020-2026
Colombia,MZL,SKMZ,La Nubia Airport,2025,5,2025-05,2698,2619,0,0,5317,0,2698,2619,5317,109,109,0,0,218,0,109,109,218,disponible,disponible,PasajerosArribadosPartidosxAeropuerto2020-2026,MovimientosxAeropuerto2020-2026
Colombia,NQU,SKNQ,Reyes Murillo Airport,2025,5,2025-05,2273,2182,0,0,4455,0,2273,2182,4455,133,132,0,0,265,0,133,132,265,disponible,disponible,PasajerosArribadosPartidosxAeropuerto2020-2026,MovimientosxAeropuerto2020-2026
Colombia,NVA,SKNV,Benito Salas Airport,2025,5,2025-05,11587,15770,0,0,27357,0,11587,15770,27357,471,475,0,0,946,0,471,475,946,disponible,disponible,PasajerosArribadosPartidosxAeropuerto2020-2026,MovimientosxAeropuerto2020-2026
Colombia,PCR,SKPC,German Olano Airport,2025,5,2025-05,3171,3148,0,0,6319,0,3171,3148,6319,119,118,0,0,237,0,119,118,237,disponible,disponible,PasajerosArribadosPartidosxAeropuerto2020-2026,MovimientosxAeropuerto2020-2026
Colombia,PDA,SKPD,Obando Cesar Gaviria Trujillo Airport,2025,5,2025-05,,,,,,,,,,234,235,0,0,469,0,234,235,469,sin_dato,disponible,PasajerosArribadosPartidosxAeropuerto2020-2026,MovimientosxAeropuerto2020-2026
Colombia,PEI,SKPE,Matecaña International Airport,2025,5,2025-05,72183,75009,6665,15603,147192,22268,78848,90612,169460,827,823,55,55,1650,110,882,878,1760,disponible,disponible,PasajerosArribadosPartidosxAeropuerto2020-2026,MovimientosxAeropuerto2020-2026
Colombia,PPN,SKPP,Guillermo León Valencia Airport,2025,5,2025-05,7240,8876,0,0,16116,0,7240,8876,16116,417,426,0,0,843,0,417,426,843,disponible,disponible,PasajerosArribadosPartidosxAeropuerto2020-2026,MovimientosxAeropuerto2020-2026
Colombia,PSO,SKPS,Antonio Nariño Airport,2025,5,2025-05,18730,25334,0,614,44064,614,18730,25948,44678,371,370,0,0,741,0,371,370,741,disponible,disponible,PasajerosArribadosPartidosxAeropuerto2020-2026,MovimientosxAeropuerto2020-2026
Colombia,PUU,SKAS,Tres De Mayo Airport,2025,5,2025-05,4608,3758,0,0,8366,0,4608,3758,8366,136,145,0,0,281,0,136,145,281,disponible,disponible,PasajerosArribadosPartidosxAeropuerto2020-2026,MovimientosxAeropuerto2020-2026
Colombia,PVA,SKPV,El Embrujo Airport,2025,5,2025-05,3509,4160,0,0,7669,0,3509,4160,7669,140,139,0,0,279,0,140,139,279,disponible,disponible,PasajerosArribadosPartidosxAeropuerto2020-2026,MovimientosxAeropuerto2020-2026
Colombia,RCH,SKRH,Almirante Padilla Airport,2025,5,2025-05,19778,20856,0,1669,40634,1669,19778,22525,42303,200,210,1,0,410,1,201,210,411,disponible,disponible,PasajerosArribadosPartidosxAeropuerto2020-2026,MovimientosxAeropuerto2020-2026
Colombia,RVE,SKSA,Los Colonizadores Airport,2025,5,2025-05,2570,2430,0,0,5000,0,2570,2430,5000,164,193,0,0,357,0,164,193,357,disponible,disponible,PasajerosArribadosPartidosxAeropuerto2020-2026,MovimientosxAeropuerto2020-2026
Colombia,SJE,SKSJ,Jorge E. Gonzalez Torres Airport,2025,5,2025-05,1680,1727,0,0,3407,0,1680,1727,3407,413,413,0,0,826,0,413,413,826,disponible,disponible,PasajerosArribadosPartidosxAeropuerto2020-2026,MovimientosxAeropuerto2020-2026
Colombia,SMR,SKSM,Simón Bolívar International Airport,2025,5,2025-05,130561,111262,1206,2696,241823,3902,131767,113958,245725,1092,1098,19,20,2190,39,1111,1118,2229,disponible,disponible,PasajerosArribadosPartidosxAeropuerto2020-2026,MovimientosxAeropuerto2020-2026
Colombia,SVI,SKSV,Eduardo Falla Solano Airport,2025,5,2025-05,287,274,0,0,561,0,287,274,561,25,21,0,0,46,0,25,21,46,disponible,disponible,PasajerosArribadosPartidosxAeropuerto2020-2026,MovimientosxAeropuerto2020-2026
Colombia,TCD,SKRA,Tarapacá Airport,2025,5,2025-05,,,,,,,,,,17,17,0,0,34,0,17,17,34,sin_dato,disponible,PasajerosArribadosPartidosxAeropuerto2020-2026,MovimientosxAeropuerto2020-2026
Colombia,TCO,SKCO,La Florida Airport,2025,5,2025-05,3718,2293,0,0,6011,0,3718,2293,6011,239,245,0,0,484,0,239,245,484,disponible,disponible,PasajerosArribadosPartidosxAeropuerto2020-2026,MovimientosxAeropuerto2020-2026
Colombia,TLU,SKTL,Golfo de Morrosquillo Airport,2025,5,2025-05,2573,2682,0,0,5255,0,2573,2682,5255,73,71,0,0,144,0,73,71,144,disponible,disponible,PasajerosArribadosPartidosxAeropuerto2020-2026,MovimientosxAeropuerto2020-2026
Colombia,TME,SKTM,Gustavo Vargas Airport,2025,5,2025-05,359,412,0,0,771,0,359,412,771,37,61,0,0,98,0,37,61,98,disponible,disponible,PasajerosArribadosPartidosxAeropuerto2020-2026,MovimientosxAeropuerto2020-2026
Colombia,UIB,SKUI,El Caraño Airport,2025,5,2025-05,13845,13991,0,3,27836,3,13845,13994,27839,715,718,0,0,1433,0,715,718,1433,disponible,disponible,PasajerosArribadosPartidosxAeropuerto2020-2026,MovimientosxAeropuerto2020-2026
Colombia,VUP,SKVP,Alfonso López Pumarejo Airport,2025,5,2025-05,16707,17785,0,1071,34492,1071,16707,18856,35563,339,343,8,7,682,15,347,350,697,disponible,disponible,PasajerosArribadosPartidosxAeropuerto2020-2026,MovimientosxAeropuerto2020-2026
Colombia,VVC,SKVV,Vanguardia Airport,2025,5,2025-05,8629,12704,0,0,21333,0,8629,12704,21333,1574,1568,0,0,3142,0,1574,1568,3142,disponible,disponible,PasajerosArribadosPartidosxAeropuerto2020-2026,MovimientosxAeropuerto2020-2026
Colombia,ADZ,SKSP,Gustavo Rojas Pinilla International Airport,2025,6,2025-06,63816,50232,2091,6309,114048,8400,65907,56541,122448,808,809,23,23,1617,46,831,832,1663,disponible,disponible,PasajerosArribadosPartidosxAeropuerto2020-2026,MovimientosxAeropuerto2020-2026
Colombia,APO,SKLC,Antonio Roldán Betancur Airport,2025,6,2025-06,4412,6675,0,0,11087,0,4412,6675,11087,864,862,0,1,1726,1,864,863,1727,disponible,disponible,PasajerosArribadosPartidosxAeropuerto2020-2026,MovimientosxAeropuerto2020-2026
Colombia,AUC,SKUC,Santiago Perez Airport,2025,6,2025-06,7026,7905,0,17,14931,17,7026,7922,14948,268,272,0,0,540,0,268,272,540,disponible,disponible,PasajerosArribadosPartidosxAeropuerto2020-2026,MovimientosxAeropuerto2020-2026
Colombia,AXM,SKAR,El Eden Airport,2025,6,2025-06,20339,10918,2057,2054,31257,4111,22396,12972,35368,233,236,13,13,469,26,246,249,495,disponible,disponible,PasajerosArribadosPartidosxAeropuerto2020-2026,MovimientosxAeropuerto2020-2026
Colombia,BAQ,SKBQ,Ernesto Cortissoz International Airport,2025,6,2025-06,104486,73120,16036,20748,177606,36784,120522,93868,214390,1523,1531,172,176,3054,348,1695,1707,3402,disponible,disponible,PasajerosArribadosPartidosxAeropuerto2020-2026,MovimientosxAeropuerto2020-2026
Colombia,BGA,SKBG,Palonegro Airport,2025,6,2025-06,47884,72431,2299,7577,120315,9876,50183,80008,130191,1030,1036,32,30,2066,62,1062,1066,2128,disponible,disponible,PasajerosArribadosPartidosxAeropuerto2020-2026,MovimientosxAeropuerto2020-2026
Colombia,BOG,SKBO,El Dorado International Airport,2025,6,2025-06,724510,826601,650067,655168,1551111,1305235,1374577,1481769,2856346,10328,10416,5250,5166,20744,10416,15578,15582,31160,disponible,disponible,PasajerosArribadosPartidosxAeropuerto2020-2026,MovimientosxAeropuerto2020-2026
Colombia,BSC,SKBS,José Celestino Mutis Airport,2025,6,2025-06,3189,3360,0,0,6549,0,3189,3360,6549,235,235,0,0,470,0,235,235,470,disponible,disponible,PasajerosArribadosPartidosxAeropuerto2020-2026,MovimientosxAeropuerto2020-2026
Colombia,BUN,SKBU,Gerardo Tobar López Airport,2025,6,2025-06,333,259,0,0,592,0,333,259,592,30,32,0,0,62,0,30,32,62,disponible,disponible,PasajerosArribadosPartidosxAeropuerto2020-2026,MovimientosxAeropuerto2020-2026
Colombia,CLO,SKCL,Alfonso Bonilla Aragon International Airport,2025,6,2025-06,208841,154575,30675,52492,363416,83167,239516,207067,446583,2641,2661,366,357,5302,723,3007,3018,6025,disponible,disponible,PasajerosArribadosPartidosxAeropuerto2020-2026,MovimientosxAeropuerto2020-2026
Colombia,CTG,SKCG,Rafael Nuñez International Airport,2025,6,2025-06,208527,234092,49514,68466,442619,117980,258041,302558,560599,1929,1890,473,523,3819,996,2402,2413,4815,disponible,disponible,PasajerosArribadosPartidosxAeropuerto2020-2026,MovimientosxAeropuerto2020-2026
Colombia,CUC,SKCC,Camilo Daza International Airport,2025,6,2025-06,51710,51914,5213,8177,103624,13390,56923,60091,117014,618,623,49,49,1241,98,667,672,1339,disponible,disponible,PasajerosArribadosPartidosxAeropuerto2020-2026,MovimientosxAeropuerto2020-2026
Colombia,CZU,SKCZ,Las Brujas Airport,2025,6,2025-06,522,1508,0,0,2030,0,522,1508,2030,52,51,0,0,103,0,52,51,103,disponible,disponible,PasajerosArribadosPartidosxAeropuerto2020-2026,MovimientosxAeropuerto2020-2026
Colombia,EJA,SKEJ,Yariguíes Airport,2025,6,2025-06,5772,4728,0,75,10500,75,5772,4803,10575,182,171,0,0,353,0,182,171,353,disponible,disponible,PasajerosArribadosPartidosxAeropuerto2020-2026,MovimientosxAeropuerto2020-2026
Colombia,EOH,SKMD,Enrique Olaya Herrera Airport,2025,6,2025-06,46019,41540,0,0,87559,0,46019,41540,87559,2859,2866,8,8,5725,16,2867,2874,5741,disponible,disponible,PasajerosArribadosPartidosxAeropuerto2020-2026,MovimientosxAeropuerto2020-2026
Colombia,EYP,SKYP,El Alcaravan - Yopal Airport,2025,6,2025-06,11467,14786,0,0,26253,0,11467,14786,26253,700,693,0,0,1393,0,700,693,1393,disponible,disponible,PasajerosArribadosPartidosxAeropuerto2020-2026,MovimientosxAeropuerto2020-2026
Colombia,FLA,SKFL,Gustavo Artunduaga Paredes Airport,2025,6,2025-06,4288,4259,0,0,8547,0,4288,4259,8547,142,148,0,0,290,0,142,148,290,disponible,disponible,PasajerosArribadosPartidosxAeropuerto2020-2026,MovimientosxAeropuerto2020-2026
Colombia,GPI,SKGP,Guapi Airport,2025,6,2025-06,3881,4202,0,0,8083,0,3881,4202,8083,177,179,0,0,356,0,177,179,356,disponible,disponible,PasajerosArribadosPartidosxAeropuerto2020-2026,MovimientosxAeropuerto2020-2026
Colombia,IBE,SKIB,Perales Airport,2025,6,2025-06,9140,8579,0,0,17719,0,9140,8579,17719,306,310,0,0,616,0,306,310,616,disponible,disponible,PasajerosArribadosPartidosxAeropuerto2020-2026,MovimientosxAeropuerto2020-2026
Colombia,IPI,SKIP,San Luis Airport,2025,6,2025-06,1269,7876,0,0,9145,0,1269,7876,9145,84,83,0,0,167,0,84,83,167,disponible,disponible,PasajerosArribadosPartidosxAeropuerto2020-2026,MovimientosxAeropuerto2020-2026
Colombia,LCR,SKHZ,Virgilio Barco Vargas (La Chorrera) Airport,2025,6,2025-06,,,,,,,,,,32,37,0,0,69,0,32,37,69,sin_dato,disponible,PasajerosArribadosPartidosxAeropuerto2020-2026,MovimientosxAeropuerto2020-2026
Colombia,LET,SKLT,Alfredo Vásquez Cobo International Airport,2025,6,2025-06,13878,13825,0,125,27703,125,13878,13950,27828,256,260,2,3,516,5,258,263,521,disponible,disponible,PasajerosArribadosPartidosxAeropuerto2020-2026,MovimientosxAeropuerto2020-2026
Colombia,LMC,SKNA,La Macarena Airport,2025,6,2025-06,1094,1055,0,0,2149,0,1094,1055,2149,208,208,0,0,416,0,208,208,416,disponible,disponible,PasajerosArribadosPartidosxAeropuerto2020-2026,MovimientosxAeropuerto2020-2026
Colombia,LPD,SKLP,La Pedrera Airport,2025,6,2025-06,225,226,0,0,451,0,225,226,451,51,48,0,0,99,0,51,48,99,disponible,disponible,PasajerosArribadosPartidosxAeropuerto2020-2026,MovimientosxAeropuerto2020-2026
Colombia,LQM,SKLG,Caucaya Airport,2025,6,2025-06,742,857,0,0,1599,0,742,857,1599,26,28,0,0,54,0,26,28,54,disponible,disponible,PasajerosArribadosPartidosxAeropuerto2020-2026,MovimientosxAeropuerto2020-2026
Colombia,MDE,SKRG,Jose Maria Córdova International Airport,2025,6,2025-06,371719,310239,153510,166430,681958,319940,525229,476669,1001898,3180,3124,1415,1470,6304,2885,4595,4594,9189,disponible,disponible,PasajerosArribadosPartidosxAeropuerto2020-2026,MovimientosxAeropuerto2020-2026
Colombia,MTR,SKMR,Los Garzones Airport,2025,6,2025-06,38739,54963,0,1236,93702,1236,38739,56199,94938,680,681,0,0,1361,0,680,681,1361,disponible,disponible,PasajerosArribadosPartidosxAeropuerto2020-2026,MovimientosxAeropuerto2020-2026
Colombia,MVP,SKMU,Fabio Alberto Leon Bentley Airport,2025,6,2025-06,2414,2550,0,0,4964,0,2414,2550,4964,622,622,0,0,1244,0,622,622,1244,disponible,disponible,PasajerosArribadosPartidosxAeropuerto2020-2026,MovimientosxAeropuerto2020-2026
Colombia,MZL,SKMZ,La Nubia Airport,2025,6,2025-06,2716,25,0,0,2741,0,2716,25,2741,106,107,0,0,213,0,106,107,213,disponible,disponible,PasajerosArribadosPartidosxAeropuerto2020-2026,MovimientosxAeropuerto2020-2026
Colombia,NQU,SKNQ,Reyes Murillo Airport,2025,6,2025-06,2790,2525,0,0,5315,0,2790,2525,5315,136,135,0,0,271,0,136,135,271,disponible,disponible,PasajerosArribadosPartidosxAeropuerto2020-2026,MovimientosxAeropuerto2020-2026
Colombia,NVA,SKNV,Benito Salas Airport,2025,6,2025-06,12389,15835,0,0,28224,0,12389,15835,28224,450,452,0,0,902,0,450,452,902,disponible,disponible,PasajerosArribadosPartidosxAeropuerto2020-2026,MovimientosxAeropuerto2020-2026
Colombia,PCR,SKPC,German Olano Airport,2025,6,2025-06,3203,3173,0,0,6376,0,3203,3173,6376,147,148,0,0,295,0,147,148,295,disponible,disponible,PasajerosArribadosPartidosxAeropuerto2020-2026,MovimientosxAeropuerto2020-2026
Colombia,PDA,SKPD,Obando Cesar Gaviria Trujillo Airport,2025,6,2025-06,,,,,,,,,,202,204,0,0,406,0,202,204,406,sin_dato,disponible,PasajerosArribadosPartidosxAeropuerto2020-2026,MovimientosxAeropuerto2020-2026
Colombia,PEI,SKPE,Matecaña International Airport,2025,6,2025-06,73537,85870,9504,19124,159407,28628,83041,104994,188035,868,870,72,75,1738,147,940,945,1885,disponible,disponible,PasajerosArribadosPartidosxAeropuerto2020-2026,MovimientosxAeropuerto2020-2026
Colombia,PPN,SKPP,Guillermo León Valencia Airport,2025,6,2025-06,7603,2976,0,2,10579,2,7603,2978,10581,368,374,0,0,742,0,368,374,742,disponible,disponible,PasajerosArribadosPartidosxAeropuerto2020-2026,MovimientosxAeropuerto2020-2026
Colombia,PSO,SKPS,Antonio Nariño Airport,2025,6,2025-06,27369,25505,0,649,52874,649,27369,26154,53523,356,354,0,0,710,0,356,354,710,disponible,disponible,PasajerosArribadosPartidosxAeropuerto2020-2026,MovimientosxAeropuerto2020-2026
Colombia,PUU,SKAS,Tres De Mayo Airport,2025,6,2025-06,4880,4790,0,0,9670,0,4880,4790,9670,128,130,0,0,258,0,128,130,258,disponible,disponible,PasajerosArribadosPartidosxAeropuerto2020-2026,MovimientosxAeropuerto2020-2026
Colombia,PVA,SKPV,El Embrujo Airport,2025,6,2025-06,4207,3345,0,0,7552,0,4207,3345,7552,128,128,0,0,256,0,128,128,256,disponible,disponible,PasajerosArribadosPartidosxAeropuerto2020-2026,MovimientosxAeropuerto2020-2026
Colombia,RCH,SKRH,Almirante Padilla Airport,2025,6,2025-06,23303,23119,10,1555,46422,1565,23313,24674,47987,204,209,1,0,413,1,205,209,414,disponible,disponible,PasajerosArribadosPartidosxAeropuerto2020-2026,MovimientosxAeropuerto2020-2026
Colombia,RVE,SKSA,Los Colonizadores Airport,2025,6,2025-06,2350,2487,0,0,4837,0,2350,2487,4837,176,175,0,0,351,0,176,175,351,disponible,disponible,PasajerosArribadosPartidosxAeropuerto2020-2026,MovimientosxAeropuerto2020-2026
Colombia,SJE,SKSJ,Jorge E. Gonzalez Torres Airport,2025,6,2025-06,1606,1573,0,0,3179,0,1606,1573,3179,376,370,0,0,746,0,376,370,746,disponible,disponible,PasajerosArribadosPartidosxAeropuerto2020-2026,MovimientosxAeropuerto2020-2026
Colombia,SMR,SKSM,Simón Bolívar International Airport,2025,6,2025-06,124816,117694,1415,2590,242510,4005,126231,120284,246515,1121,1129,20,17,2250,37,1141,1146,2287,disponible,disponible,PasajerosArribadosPartidosxAeropuerto2020-2026,MovimientosxAeropuerto2020-2026
Colombia,SVI,SKSV,Eduardo Falla Solano Airport,2025,6,2025-06,291,319,0,0,610,0,291,319,610,22,22,0,0,44,0,22,22,44,disponible,disponible,PasajerosArribadosPartidosxAeropuerto2020-2026,MovimientosxAeropuerto2020-2026
Colombia,TCD,SKRA,Tarapacá Airport,2025,6,2025-06,,,,,,,,,,19,17,0,0,36,0,19,17,36,sin_dato,disponible,PasajerosArribadosPartidosxAeropuerto2020-2026,MovimientosxAeropuerto2020-2026
Colombia,TCO,SKCO,La Florida Airport,2025,6,2025-06,6214,6086,0,0,12300,0,6214,6086,12300,229,226,0,0,455,0,229,226,455,disponible,disponible,PasajerosArribadosPartidosxAeropuerto2020-2026,MovimientosxAeropuerto2020-2026
Colombia,TLU,SKTL,Golfo de Morrosquillo Airport,2025,6,2025-06,2587,1315,0,0,3902,0,2587,1315,3902,70,70,0,0,140,0,70,70,140,disponible,disponible,PasajerosArribadosPartidosxAeropuerto2020-2026,MovimientosxAeropuerto2020-2026
Colombia,TME,SKTM,Gustavo Vargas Airport,2025,6,2025-06,360,338,0,0,698,0,360,338,698,35,51,0,0,86,0,35,51,86,disponible,disponible,PasajerosArribadosPartidosxAeropuerto2020-2026,MovimientosxAeropuerto2020-2026
Colombia,UIB,SKUI,El Caraño Airport,2025,6,2025-06,15371,10653,0,6,26024,6,15371,10659,26030,673,673,0,0,1346,0,673,673,1346,disponible,disponible,PasajerosArribadosPartidosxAeropuerto2020-2026,MovimientosxAeropuerto2020-2026
Colombia,VUP,SKVP,Alfonso López Pumarejo Airport,2025,6,2025-06,15288,15784,0,902,31072,902,15288,16686,31974,226,235,1,3,461,4,227,238,465,disponible,disponible,PasajerosArribadosPartidosxAeropuerto2020-2026,MovimientosxAeropuerto2020-2026
Colombia,VVC,SKVV,Vanguardia Airport,2025,6,2025-06,9358,9330,0,0,18688,0,9358,9330,18688,1476,1471,0,0,2947,0,1476,1471,2947,disponible,disponible,PasajerosArribadosPartidosxAeropuerto2020-2026,MovimientosxAeropuerto2020-2026
Colombia,ADZ,SKSP,Gustavo Rojas Pinilla International Airport,2025,7,2025-07,101845,105499,2513,6640,207344,9153,104358,112139,216497,850,852,22,24,1702,46,872,876,1748,disponible,disponible,PasajerosArribadosPartidosxAeropuerto2020-2026,MovimientosxAeropuerto2020-2026
Colombia,APO,SKLC,Antonio Roldán Betancur Airport,2025,7,2025-07,7625,7550,0,0,15175,0,7625,7550,15175,793,799,1,0,1592,1,794,799,1593,disponible,disponible,PasajerosArribadosPartidosxAeropuerto2020-2026,MovimientosxAeropuerto2020-2026
Colombia,AUC,SKUC,Santiago Perez Airport,2025,7,2025-07,8167,7697,0,16,15864,16,8167,7713,15880,298,301,0,0,599,0,298,301,599,disponible,disponible,PasajerosArribadosPartidosxAeropuerto2020-2026,MovimientosxAeropuerto2020-2026
Colombia,AXM,SKAR,El Eden Airport,2025,7,2025-07,23486,26740,2906,2559,50226,5465,26392,29299,55691,263,263,23,23,526,46,286,286,572,disponible,disponible,PasajerosArribadosPartidosxAeropuerto2020-2026,MovimientosxAeropuerto2020-2026
Colombia,BAQ,SKBQ,Ernesto Cortissoz International Airport,2025,7,2025-07,102510,111093,18786,19878,213603,38664,121296,130971,252267,1617,1619,188,180,3236,368,1805,1799,3604,disponible,disponible,PasajerosArribadosPartidosxAeropuerto2020-2026,MovimientosxAeropuerto2020-2026
Colombia,BGA,SKBG,Palonegro Airport,2025,7,2025-07,76192,52853,2760,7421,129045,10181,78952,60274,139226,1109,1113,30,27,2222,57,1139,1140,2279,disponible,disponible,PasajerosArribadosPartidosxAeropuerto2020-2026,MovimientosxAeropuerto2020-2026
Colombia,BOG,SKBO,El Dorado International Airport,2025,7,2025-07,978108,896316,689060,661495,1874424,1350555,1667168,1557811,3224979,10736,10806,5489,5419,21542,10908,16225,16225,32450,disponible,disponible,PasajerosArribadosPartidosxAeropuerto2020-2026,MovimientosxAeropuerto2020-2026
Colombia,BSC,SKBS,José Celestino Mutis Airport,2025,7,2025-07,5426,4661,0,0,10087,0,5426,4661,10087,323,324,0,0,647,0,323,324,647,disponible,disponible,PasajerosArribadosPartidosxAeropuerto2020-2026,MovimientosxAeropuerto2020-2026
Colombia,BUN,SKBU,Gerardo Tobar López Airport,2025,7,2025-07,383,314,0,0,697,0,383,314,697,39,39,0,0,78,0,39,39,78,disponible,disponible,PasajerosArribadosPartidosxAeropuerto2020-2026,MovimientosxAeropuerto2020-2026
Colombia,CLO,SKCL,Alfonso Bonilla Aragon International Airport,2025,7,2025-07,204344,227810,48883,58958,432154,107841,253227,286768,539995,2822,2837,417,404,5659,821,3239,3241,6480,disponible,disponible,PasajerosArribadosPartidosxAeropuerto2020-2026,MovimientosxAeropuerto2020-2026
Colombia,CTG,SKCG,Rafael Nuñez International Airport,2025,7,2025-07,235280,228760,62789,88294,464040,151083,298069,317054,615123,1968,1921,500,547,3889,1047,2468,2468,4936,disponible,disponible,PasajerosArribadosPartidosxAeropuerto2020-2026,MovimientosxAeropuerto2020-2026
Colombia,CUC,SKCC,Camilo Daza International Airport,2025,7,2025-07,49577,55598,3990,7060,105175,11050,53567,62658,116225,688,693,32,32,1381,64,720,725,1445,disponible,disponible,PasajerosArribadosPartidosxAeropuerto2020-2026,MovimientosxAeropuerto2020-2026
Colombia,CZU,SKCZ,Las Brujas Airport,2025,7,2025-07,1637,1641,0,0,3278,0,1637,1641,3278,60,61,0,0,121,0,60,61,121,disponible,disponible,PasajerosArribadosPartidosxAeropuerto2020-2026,MovimientosxAeropuerto2020-2026
Colombia,EJA,SKEJ,Yariguíes Airport,2025,7,2025-07,6571,6528,0,40,13099,40,6571,6568,13139,193,189,0,0,382,0,193,189,382,disponible,disponible,PasajerosArribadosPartidosxAeropuerto2020-2026,MovimientosxAeropuerto2020-2026
Colombia,EOH,SKMD,Enrique Olaya Herrera Airport,2025,7,2025-07,54060,52435,16,37,106495,53,54076,52472,106548,2976,2977,16,13,5953,29,2992,2990,5982,disponible,disponible,PasajerosArribadosPartidosxAeropuerto2020-2026,MovimientosxAeropuerto2020-2026
Colombia,EYP,SKYP,El Alcaravan - Yopal Airport,2025,7,2025-07,12744,15375,0,0,28119,0,12744,15375,28119,708,700,0,0,1408,0,708,700,1408,disponible,disponible,PasajerosArribadosPartidosxAeropuerto2020-2026,MovimientosxAeropuerto2020-2026
Colombia,FLA,SKFL,Gustavo Artunduaga Paredes Airport,2025,7,2025-07,4732,4855,0,0,9587,0,4732,4855,9587,158,160,0,0,318,0,158,160,318,disponible,disponible,PasajerosArribadosPartidosxAeropuerto2020-2026,MovimientosxAeropuerto2020-2026
Colombia,GPI,SKGP,Guapi Airport,2025,7,2025-07,4174,4233,0,0,8407,0,4174,4233,8407,177,177,0,0,354,0,177,177,354,disponible,disponible,PasajerosArribadosPartidosxAeropuerto2020-2026,MovimientosxAeropuerto2020-2026
Colombia,IBE,SKIB,Perales Airport,2025,7,2025-07,10224,15079,0,0,25303,0,10224,15079,25303,358,359,0,0,717,0,358,359,717,disponible,disponible,PasajerosArribadosPartidosxAeropuerto2020-2026,MovimientosxAeropuerto2020-2026
Colombia,IPI,SKIP,San Luis Airport,2025,7,2025-07,5422,11171,0,0,16593,0,5422,11171,16593,99,98,0,0,197,0,99,98,197,disponible,disponible,PasajerosArribadosPartidosxAeropuerto2020-2026,MovimientosxAeropuerto2020-2026
Colombia,LCR,SKHZ,Virgilio Barco Vargas (La Chorrera) Airport,2025,7,2025-07,,,,,,,,,,39,40,0,0,79,0,39,40,79,sin_dato,disponible,PasajerosArribadosPartidosxAeropuerto2020-2026,MovimientosxAeropuerto2020-2026
Colombia,LET,SKLT,Alfredo Vásquez Cobo International Airport,2025,7,2025-07,16270,16775,0,205,33045,205,16270,16980,33250,266,271,2,1,537,3,268,272,540,disponible,disponible,PasajerosArribadosPartidosxAeropuerto2020-2026,MovimientosxAeropuerto2020-2026
Colombia,LMC,SKNA,La Macarena Airport,2025,7,2025-07,1699,1684,0,0,3383,0,1699,1684,3383,241,237,0,0,478,0,241,237,478,disponible,disponible,PasajerosArribadosPartidosxAeropuerto2020-2026,MovimientosxAeropuerto2020-2026
Colombia,LPD,SKLP,La Pedrera Airport,2025,7,2025-07,232,227,0,0,459,0,232,227,459,53,51,0,0,104,0,53,51,104,disponible,disponible,PasajerosArribadosPartidosxAeropuerto2020-2026,MovimientosxAeropuerto2020-2026
Colombia,LQM,SKLG,Caucaya Airport,2025,7,2025-07,858,797,0,0,1655,0,858,797,1655,34,32,0,0,66,0,34,32,66,disponible,disponible,PasajerosArribadosPartidosxAeropuerto2020-2026,MovimientosxAeropuerto2020-2026
Colombia,MDE,SKRG,Jose Maria Córdova International Airport,2025,7,2025-07,361573,384479,193378,183379,746052,376757,554951,567858,1122809,3150,3099,1483,1538,6249,3021,4633,4637,9270,disponible,disponible,PasajerosArribadosPartidosxAeropuerto2020-2026,MovimientosxAeropuerto2020-2026
Colombia,MTR,SKMR,Los Garzones Airport,2025,7,2025-07,51427,58978,0,1166,110405,1166,51427,60144,111571,659,656,1,1,1315,2,660,657,1317,disponible,disponible,PasajerosArribadosPartidosxAeropuerto2020-2026,MovimientosxAeropuerto2020-2026
Colombia,MVP,SKMU,Fabio Alberto Leon Bentley Airport,2025,7,2025-07,2538,2554,2,0,5092,2,2540,2554,5094,784,783,0,0,1567,0,784,783,1567,disponible,disponible,PasajerosArribadosPartidosxAeropuerto2020-2026,MovimientosxAeropuerto2020-2026
Colombia,MZL,SKMZ,La Nubia Airport,2025,7,2025-07,2872,2621,0,0,5493,0,2872,2621,5493,106,107,0,0,213,0,106,107,213,disponible,disponible,PasajerosArribadosPartidosxAeropuerto2020-2026,MovimientosxAeropuerto2020-2026
Colombia,NQU,SKNQ,Reyes Murillo Airport,2025,7,2025-07,4322,2658,0,0,6980,0,4322,2658,6980,217,217,0,0,434,0,217,217,434,disponible,disponible,PasajerosArribadosPartidosxAeropuerto2020-2026,MovimientosxAeropuerto2020-2026
Colombia,NVA,SKNV,Benito Salas Airport,2025,7,2025-07,12864,18566,0,0,31430,0,12864,18566,31430,437,440,0,0,877,0,437,440,877,disponible,disponible,PasajerosArribadosPartidosxAeropuerto2020-2026,MovimientosxAeropuerto2020-2026
Colombia,PCR,SKPC,German Olano Airport,2025,7,2025-07,2937,2938,0,0,5875,0,2937,2938,5875,129,129,0,0,258,0,129,129,258,disponible,disponible,PasajerosArribadosPartidosxAeropuerto2020-2026,MovimientosxAeropuerto2020-2026
Colombia,PDA,SKPD,Obando Cesar Gaviria Trujillo Airport,2025,7,2025-07,,,,,,,,,,214,214,0,0,428,0,214,214,428,sin_dato,disponible,PasajerosArribadosPartidosxAeropuerto2020-2026,MovimientosxAeropuerto2020-2026
Colombia,PEI,SKPE,Matecaña International Airport,2025,7,2025-07,86443,90063,11514,16758,176506,28272,97957,106821,204778,923,919,84,85,1842,169,1007,1004,2011,disponible,disponible,PasajerosArribadosPartidosxAeropuerto2020-2026,MovimientosxAeropuerto2020-2026
Colombia,PPN,SKPP,Guillermo León Valencia Airport,2025,7,2025-07,8246,10937,0,0,19183,0,8246,10937,19183,416,427,0,0,843,0,416,427,843,disponible,disponible,PasajerosArribadosPartidosxAeropuerto2020-2026,MovimientosxAeropuerto2020-2026
Colombia,PSO,SKPS,Antonio Nariño Airport,2025,7,2025-07,30610,24843,0,933,55453,933,30610,25776,56386,369,366,0,0,735,0,369,366,735,disponible,disponible,PasajerosArribadosPartidosxAeropuerto2020-2026,MovimientosxAeropuerto2020-2026
Colombia,PUU,SKAS,Tres De Mayo Airport,2025,7,2025-07,5096,5290,0,0,10386,0,5096,5290,10386,145,152,0,0,297,0,145,152,297,disponible,disponible,PasajerosArribadosPartidosxAeropuerto2020-2026,MovimientosxAeropuerto2020-2026
Colombia,PVA,SKPV,El Embrujo Airport,2025,7,2025-07,3856,4415,0,0,8271,0,3856,4415,8271,121,120,0,0,241,0,121,120,241,disponible,disponible,PasajerosArribadosPartidosxAeropuerto2020-2026,MovimientosxAeropuerto2020-2026
Colombia,RCH,SKRH,Almirante Padilla Airport,2025,7,2025-07,24288,19135,0,1628,43423,1628,24288,20763,45051,208,216,0,0,424,0,208,216,424,disponible,disponible,PasajerosArribadosPartidosxAeropuerto2020-2026,MovimientosxAeropuerto2020-2026
Colombia,RVE,SKSA,Los Colonizadores Airport,2025,7,2025-07,2571,2662,0,0,5233,0,2571,2662,5233,159,170,0,0,329,0,159,170,329,disponible,disponible,PasajerosArribadosPartidosxAeropuerto2020-2026,MovimientosxAeropuerto2020-2026
Colombia,SJE,SKSJ,Jorge E. Gonzalez Torres Airport,2025,7,2025-07,1923,2049,4,0,3972,4,1927,2049,3976,467,475,0,0,942,0,467,475,942,disponible,disponible,PasajerosArribadosPartidosxAeropuerto2020-2026,MovimientosxAeropuerto2020-2026
Colombia,SMR,SKSM,Simón Bolívar International Airport,2025,7,2025-07,134875,153546,1841,2937,288421,4778,136716,156483,293199,1188,1200,18,15,2388,33,1206,1215,2421,disponible,disponible,PasajerosArribadosPartidosxAeropuerto2020-2026,MovimientosxAeropuerto2020-2026
Colombia,SVI,SKSV,Eduardo Falla Solano Airport,2025,7,2025-07,393,414,0,0,807,0,393,414,807,40,37,0,0,77,0,40,37,77,disponible,disponible,PasajerosArribadosPartidosxAeropuerto2020-2026,MovimientosxAeropuerto2020-2026
Colombia,TCD,SKRA,Tarapacá Airport,2025,7,2025-07,,,,,,,,,,23,22,0,0,45,0,23,22,45,sin_dato,disponible,PasajerosArribadosPartidosxAeropuerto2020-2026,MovimientosxAeropuerto2020-2026
Colombia,TCO,SKCO,La Florida Airport,2025,7,2025-07,6913,6798,0,0,13711,0,6913,6798,13711,274,274,0,0,548,0,274,274,548,disponible,disponible,PasajerosArribadosPartidosxAeropuerto2020-2026,MovimientosxAeropuerto2020-2026
Colombia,TLU,SKTL,Golfo de Morrosquillo Airport,2025,7,2025-07,2760,2997,0,0,5757,0,2760,2997,5757,88,87,0,0,175,0,88,87,175,disponible,disponible,PasajerosArribadosPartidosxAeropuerto2020-2026,MovimientosxAeropuerto2020-2026
Colombia,TME,SKTM,Gustavo Vargas Airport,2025,7,2025-07,309,337,0,0,646,0,309,337,646,35,42,0,0,77,0,35,42,77,disponible,disponible,PasajerosArribadosPartidosxAeropuerto2020-2026,MovimientosxAeropuerto2020-2026
Colombia,UIB,SKUI,El Caraño Airport,2025,7,2025-07,13563,15062,0,0,28625,0,13563,15062,28625,696,699,0,0,1395,0,696,699,1395,disponible,disponible,PasajerosArribadosPartidosxAeropuerto2020-2026,MovimientosxAeropuerto2020-2026
Colombia,VUP,SKVP,Alfonso López Pumarejo Airport,2025,7,2025-07,15923,17562,0,926,33485,926,15923,18488,34411,249,254,0,0,503,0,249,254,503,disponible,disponible,PasajerosArribadosPartidosxAeropuerto2020-2026,MovimientosxAeropuerto2020-2026
Colombia,VVC,SKVV,Vanguardia Airport,2025,7,2025-07,7608,10688,0,0,18296,0,7608,10688,18296,1621,1626,0,0,3247,0,1621,1626,3247,disponible,disponible,PasajerosArribadosPartidosxAeropuerto2020-2026,MovimientosxAeropuerto2020-2026
Colombia,ADZ,SKSP,Gustavo Rojas Pinilla International Airport,2025,8,2025-08,98481,84855,2105,6384,183336,8489,100586,91239,191825,876,878,20,19,1754,39,896,897,1793,disponible,disponible,PasajerosArribadosPartidosxAeropuerto2020-2026,MovimientosxAeropuerto2020-2026
Colombia,APO,SKLC,Antonio Roldán Betancur Airport,2025,8,2025-08,6465,6643,0,0,13108,0,6465,6643,13108,895,898,0,0,1793,0,895,898,1793,disponible,disponible,PasajerosArribadosPartidosxAeropuerto2020-2026,MovimientosxAeropuerto2020-2026
Colombia,AUC,SKUC,Santiago Perez Airport,2025,8,2025-08,6738,7229,0,12,13967,12,6738,7241,13979,288,302,0,0,590,0,288,302,590,disponible,disponible,PasajerosArribadosPartidosxAeropuerto2020-2026,MovimientosxAeropuerto2020-2026
Colombia,AXM,SKAR,El Eden Airport,2025,8,2025-08,23939,27064,2969,3330,51003,6299,26908,30394,57302,292,291,22,22,583,44,314,313,627,disponible,disponible,PasajerosArribadosPartidosxAeropuerto2020-2026,MovimientosxAeropuerto2020-2026
Colombia,BAQ,SKBQ,Ernesto Cortissoz International Airport,2025,8,2025-08,98668,76472,15986,23095,175140,39081,114654,99567,214221,1613,1607,180,178,3220,358,1793,1785,3578,disponible,disponible,PasajerosArribadosPartidosxAeropuerto2020-2026,MovimientosxAeropuerto2020-2026
Colombia,BGA,SKBG,Palonegro Airport,2025,8,2025-08,74575,75334,2428,6963,149909,9391,77003,82297,159300,1151,1149,26,32,2300,58,1177,1181,2358,disponible,disponible,PasajerosArribadosPartidosxAeropuerto2020-2026,MovimientosxAeropuerto2020-2026
Colombia,BOG,SKBO,El Dorado International Airport,2025,8,2025-08,789308,862332,656604,689005,1651640,1345609,1445912,1551337,2997249,10805,10891,5493,5407,21696,10900,16298,16298,32596,disponible,disponible,PasajerosArribadosPartidosxAeropuerto2020-2026,MovimientosxAeropuerto2020-2026
Colombia,BSC,SKBS,José Celestino Mutis Airport,2025,8,2025-08,7626,7853,0,0,15479,0,7626,7853,15479,480,477,0,0,957,0,480,477,957,disponible,disponible,PasajerosArribadosPartidosxAeropuerto2020-2026,MovimientosxAeropuerto2020-2026
Colombia,BUN,SKBU,Gerardo Tobar López Airport,2025,8,2025-08,370,314,0,0,684,0,370,314,684,30,31,0,0,61,0,30,31,61,disponible,disponible,PasajerosArribadosPartidosxAeropuerto2020-2026,MovimientosxAeropuerto2020-2026
Colombia,CLO,SKCL,Alfonso Bonilla Aragon International Airport,2025,8,2025-08,222087,154910,36198,55319,376997,91517,258285,210229,468514,2807,2815,377,366,5622,743,3184,3181,6365,disponible,disponible,PasajerosArribadosPartidosxAeropuerto2020-2026,MovimientosxAeropuerto2020-2026
Colombia,CTG,SKCG,Rafael Nuñez International Airport,2025,8,2025-08,232884,236596,52362,78616,469480,130978,285246,315212,600458,2054,2009,488,535,4063,1023,2542,2544,5086,disponible,disponible,PasajerosArribadosPartidosxAeropuerto2020-2026,MovimientosxAeropuerto2020-2026
Colombia,CUC,SKCC,Camilo Daza International Airport,2025,8,2025-08,33196,54902,4223,8956,88098,13179,37419,63858,101277,645,645,32,35,1290,67,677,680,1357,disponible,disponible,PasajerosArribadosPartidosxAeropuerto2020-2026,MovimientosxAeropuerto2020-2026
Colombia,CZU,SKCZ,Las Brujas Airport,2025,8,2025-08,1792,1740,0,0,3532,0,1792,1740,3532,66,69,0,0,135,0,66,69,135,disponible,disponible,PasajerosArribadosPartidosxAeropuerto2020-2026,MovimientosxAeropuerto2020-2026
Colombia,EJA,SKEJ,Yariguíes Airport,2025,8,2025-08,6428,2973,0,68,9401,68,6428,3041,9469,223,212,0,0,435,0,223,212,435,disponible,disponible,PasajerosArribadosPartidosxAeropuerto2020-2026,MovimientosxAeropuerto2020-2026
Colombia,EOH,SKMD,Enrique Olaya Herrera Airport,2025,8,2025-08,58813,61177,19,10,119990,29,58832,61187,120019,3193,3195,5,7,6388,12,3198,3202,6400,disponible,disponible,PasajerosArribadosPartidosxAeropuerto2020-2026,MovimientosxAeropuerto2020-2026
Colombia,EYP,SKYP,El Alcaravan - Yopal Airport,2025,8,2025-08,11915,14929,0,0,26844,0,11915,14929,26844,695,696,0,0,1391,0,695,696,1391,disponible,disponible,PasajerosArribadosPartidosxAeropuerto2020-2026,MovimientosxAeropuerto2020-2026
Colombia,FLA,SKFL,Gustavo Artunduaga Paredes Airport,2025,8,2025-08,2500,4408,0,0,6908,0,2500,4408,6908,160,165,0,0,325,0,160,165,325,disponible,disponible,PasajerosArribadosPartidosxAeropuerto2020-2026,MovimientosxAeropuerto2020-2026
Colombia,GPI,SKGP,Guapi Airport,2025,8,2025-08,1936,2311,0,0,4247,0,1936,2311,4247,172,174,0,0,346,0,172,174,346,disponible,disponible,PasajerosArribadosPartidosxAeropuerto2020-2026,MovimientosxAeropuerto2020-2026
Colombia,IBE,SKIB,Perales Airport,2025,8,2025-08,8470,13292,0,0,21762,0,8470,13292,21762,312,315,0,0,627,0,312,315,627,disponible,disponible,PasajerosArribadosPartidosxAeropuerto2020-2026,MovimientosxAeropuerto2020-2026
Colombia,IPI,SKIP,San Luis Airport,2025,8,2025-08,4289,10429,0,0,14718,0,4289,10429,14718,90,90,0,0,180,0,90,90,180,disponible,disponible,PasajerosArribadosPartidosxAeropuerto2020-2026,MovimientosxAeropuerto2020-2026
Colombia,LCR,SKHZ,Virgilio Barco Vargas (La Chorrera) Airport,2025,8,2025-08,,,,,,,,,,36,36,0,0,72,0,36,36,72,sin_dato,disponible,PasajerosArribadosPartidosxAeropuerto2020-2026,MovimientosxAeropuerto2020-2026
Colombia,LET,SKLT,Alfredo Vásquez Cobo International Airport,2025,8,2025-08,16300,16628,0,197,32928,197,16300,16825,33125,286,289,1,2,575,3,287,291,578,disponible,disponible,PasajerosArribadosPartidosxAeropuerto2020-2026,MovimientosxAeropuerto2020-2026
Colombia,LMC,SKNA,La Macarena Airport,2025,8,2025-08,2241,2366,0,0,4607,0,2241,2366,4607,272,274,0,0,546,0,272,274,546,disponible,disponible,PasajerosArribadosPartidosxAeropuerto2020-2026,MovimientosxAeropuerto2020-2026
Colombia,LPD,SKLP,La Pedrera Airport,2025,8,2025-08,243,170,0,0,413,0,243,170,413,57,55,0,0,112,0,57,55,112,disponible,disponible,PasajerosArribadosPartidosxAeropuerto2020-2026,MovimientosxAeropuerto2020-2026
Colombia,LQM,SKLG,Caucaya Airport,2025,8,2025-08,721,819,0,0,1540,0,721,819,1540,49,46,1,1,95,2,50,47,97,disponible,disponible,PasajerosArribadosPartidosxAeropuerto2020-2026,MovimientosxAeropuerto2020-2026
Colombia,MDE,SKRG,Jose Maria Córdova International Airport,2025,8,2025-08,374596,349968,163735,196165,724564,359900,538331,546133,1084464,3372,3296,1527,1576,6668,3103,4899,4872,9771,disponible,disponible,PasajerosArribadosPartidosxAeropuerto2020-2026,MovimientosxAeropuerto2020-2026
Colombia,MTR,SKMR,Los Garzones Airport,2025,8,2025-08,52266,55350,0,939,107616,939,52266,56289,108555,704,704,0,0,1408,0,704,704,1408,disponible,disponible,PasajerosArribadosPartidosxAeropuerto2020-2026,MovimientosxAeropuerto2020-2026
Colombia,MVP,SKMU,Fabio Alberto Leon Bentley Airport,2025,8,2025-08,2260,1562,0,0,3822,0,2260,1562,3822,838,839,0,0,1677,0,838,839,1677,disponible,disponible,PasajerosArribadosPartidosxAeropuerto2020-2026,MovimientosxAeropuerto2020-2026
Colombia,MZL,SKMZ,La Nubia Airport,2025,8,2025-08,3014,2819,0,0,5833,0,3014,2819,5833,104,107,0,0,211,0,104,107,211,disponible,disponible,PasajerosArribadosPartidosxAeropuerto2020-2026,MovimientosxAeropuerto2020-2026
Colombia,NQU,SKNQ,Reyes Murillo Airport,2025,8,2025-08,7362,7500,0,0,14862,0,7362,7500,14862,317,316,0,0,633,0,317,316,633,disponible,disponible,PasajerosArribadosPartidosxAeropuerto2020-2026,MovimientosxAeropuerto2020-2026
Colombia,NVA,SKNV,Benito Salas Airport,2025,8,2025-08,9641,17060,0,0,26701,0,9641,17060,26701,436,436,0,0,872,0,436,436,872,disponible,disponible,PasajerosArribadosPartidosxAeropuerto2020-2026,MovimientosxAeropuerto2020-2026
Colombia,PCR,SKPC,German Olano Airport,2025,8,2025-08,2764,2984,0,0,5748,0,2764,2984,5748,118,120,0,0,238,0,118,120,238,disponible,disponible,PasajerosArribadosPartidosxAeropuerto2020-2026,MovimientosxAeropuerto2020-2026
Colombia,PDA,SKPD,Obando Cesar Gaviria Trujillo Airport,2025,8,2025-08,,,,,,,,,,252,254,0,0,506,0,252,254,506,sin_dato,disponible,PasajerosArribadosPartidosxAeropuerto2020-2026,MovimientosxAeropuerto2020-2026
Colombia,PEI,SKPE,Matecaña International Airport,2025,8,2025-08,75682,81189,9871,16609,156871,26480,85553,97798,183351,981,978,83,81,1959,164,1064,1059,2123,disponible,disponible,PasajerosArribadosPartidosxAeropuerto2020-2026,MovimientosxAeropuerto2020-2026
Colombia,PPN,SKPP,Guillermo León Valencia Airport,2025,8,2025-08,8268,10445,0,0,18713,0,8268,10445,18713,405,410,0,0,815,0,405,410,815,disponible,disponible,PasajerosArribadosPartidosxAeropuerto2020-2026,MovimientosxAeropuerto2020-2026
Colombia,PSO,SKPS,Antonio Nariño Airport,2025,8,2025-08,25858,27578,0,778,53436,778,25858,28356,54214,333,329,0,0,662,0,333,329,662,disponible,disponible,PasajerosArribadosPartidosxAeropuerto2020-2026,MovimientosxAeropuerto2020-2026
Colombia,PUU,SKAS,Tres De Mayo Airport,2025,8,2025-08,4814,5009,0,0,9823,0,4814,5009,9823,137,146,0,0,283,0,137,146,283,disponible,disponible,PasajerosArribadosPartidosxAeropuerto2020-2026,MovimientosxAeropuerto2020-2026
Colombia,PVA,SKPV,El Embrujo Airport,2025,8,2025-08,4854,4902,0,0,9756,0,4854,4902,9756,137,136,0,0,273,0,137,136,273,disponible,disponible,PasajerosArribadosPartidosxAeropuerto2020-2026,MovimientosxAeropuerto2020-2026
Colombia,RCH,SKRH,Almirante Padilla Airport,2025,8,2025-08,23455,24795,0,1860,48250,1860,23455,26655,50110,207,214,0,0,421,0,207,214,421,disponible,disponible,PasajerosArribadosPartidosxAeropuerto2020-2026,MovimientosxAeropuerto2020-2026
Colombia,RVE,SKSA,Los Colonizadores Airport,2025,8,2025-08,2382,2476,0,0,4858,0,2382,2476,4858,168,170,0,0,338,0,168,170,338,disponible,disponible,PasajerosArribadosPartidosxAeropuerto2020-2026,MovimientosxAeropuerto2020-2026
Colombia,SJE,SKSJ,Jorge E. Gonzalez Torres Airport,2025,8,2025-08,1911,1988,0,0,3899,0,1911,1988,3899,498,494,0,0,992,0,498,494,992,disponible,disponible,PasajerosArribadosPartidosxAeropuerto2020-2026,MovimientosxAeropuerto2020-2026
Colombia,SMR,SKSM,Simón Bolívar International Airport,2025,8,2025-08,150062,134057,1411,2874,284119,4285,151473,136931,288404,1185,1195,15,15,2380,30,1200,1210,2410,disponible,disponible,PasajerosArribadosPartidosxAeropuerto2020-2026,MovimientosxAeropuerto2020-2026
Colombia,SVI,SKSV,Eduardo Falla Solano Airport,2025,8,2025-08,269,295,0,0,564,0,269,295,564,39,35,0,0,74,0,39,35,74,disponible,disponible,PasajerosArribadosPartidosxAeropuerto2020-2026,MovimientosxAeropuerto2020-2026
Colombia,TCD,SKRA,Tarapacá Airport,2025,8,2025-08,,,,,,,,,,24,23,0,0,47,0,24,23,47,sin_dato,disponible,PasajerosArribadosPartidosxAeropuerto2020-2026,MovimientosxAeropuerto2020-2026
Colombia,TCO,SKCO,La Florida Airport,2025,8,2025-08,4675,6680,0,0,11355,0,4675,6680,11355,257,251,0,0,508,0,257,251,508,disponible,disponible,PasajerosArribadosPartidosxAeropuerto2020-2026,MovimientosxAeropuerto2020-2026
Colombia,TLU,SKTL,Golfo de Morrosquillo Airport,2025,8,2025-08,2166,2334,0,0,4500,0,2166,2334,4500,61,62,0,0,123,0,61,62,123,disponible,disponible,PasajerosArribadosPartidosxAeropuerto2020-2026,MovimientosxAeropuerto2020-2026
Colombia,TME,SKTM,Gustavo Vargas Airport,2025,8,2025-08,271,299,0,0,570,0,271,299,570,37,50,0,0,87,0,37,50,87,disponible,disponible,PasajerosArribadosPartidosxAeropuerto2020-2026,MovimientosxAeropuerto2020-2026
Colombia,UIB,SKUI,El Caraño Airport,2025,8,2025-08,14540,10902,0,2,25442,2,14540,10904,25444,689,688,0,0,1377,0,689,688,1377,disponible,disponible,PasajerosArribadosPartidosxAeropuerto2020-2026,MovimientosxAeropuerto2020-2026
Colombia,VUP,SKVP,Alfonso López Pumarejo Airport,2025,8,2025-08,14323,15419,0,888,29742,888,14323,16307,30630,221,214,0,0,435,0,221,214,435,disponible,disponible,PasajerosArribadosPartidosxAeropuerto2020-2026,MovimientosxAeropuerto2020-2026
Colombia,VVC,SKVV,Vanguardia Airport,2025,8,2025-08,8334,13541,0,0,21875,0,8334,13541,21875,1557,1553,0,0,3110,0,1557,1553,3110,disponible,disponible,PasajerosArribadosPartidosxAeropuerto2020-2026,MovimientosxAeropuerto2020-2026
Colombia,ADZ,SKSP,Gustavo Rojas Pinilla International Airport,2025,9,2025-09,67069,80975,2188,5583,148044,7771,69257,86558,155815,775,784,21,19,1559,40,796,803,1599,disponible,disponible,PasajerosArribadosPartidosxAeropuerto2020-2026,MovimientosxAeropuerto2020-2026
Colombia,APO,SKLC,Antonio Roldán Betancur Airport,2025,9,2025-09,7974,7905,0,0,15879,0,7974,7905,15879,849,845,0,0,1694,0,849,845,1694,disponible,disponible,PasajerosArribadosPartidosxAeropuerto2020-2026,MovimientosxAeropuerto2020-2026
Colombia,AUC,SKUC,Santiago Perez Airport,2025,9,2025-09,6097,5912,0,16,12009,16,6097,5928,12025,317,315,0,0,632,0,317,315,632,disponible,disponible,PasajerosArribadosPartidosxAeropuerto2020-2026,MovimientosxAeropuerto2020-2026
Colombia,AXM,SKAR,El Eden Airport,2025,9,2025-09,20825,23675,2504,2655,44500,5159,23329,26330,49659,250,253,17,17,503,34,267,270,537,disponible,disponible,PasajerosArribadosPartidosxAeropuerto2020-2026,MovimientosxAeropuerto2020-2026
Colombia,BAQ,SKBQ,Ernesto Cortissoz International Airport,2025,9,2025-09,96407,107336,14497,19157,203743,33654,110904,126493,237397,1633,1634,188,193,3267,381,1821,1827,3648,disponible,disponible,PasajerosArribadosPartidosxAeropuerto2020-2026,MovimientosxAeropuerto2020-2026
Colombia,BGA,SKBG,Palonegro Airport,2025,9,2025-09,73371,52277,3359,7915,125648,11274,76730,60192,136922,1171,1160,35,38,2331,73,1206,1198,2404,disponible,disponible,PasajerosArribadosPartidosxAeropuerto2020-2026,MovimientosxAeropuerto2020-2026
Colombia,BOG,SKBO,El Dorado International Airport,2025,9,2025-09,876760,780932,574996,607573,1657692,1182569,1451756,1388505,2840261,10695,10784,5154,5060,21479,10214,15849,15844,31693,disponible,disponible,PasajerosArribadosPartidosxAeropuerto2020-2026,MovimientosxAeropuerto2020-2026
Colombia,BSC,SKBS,José Celestino Mutis Airport,2025,9,2025-09,5221,5660,0,0,10881,0,5221,5660,10881,335,335,0,0,670,0,335,335,670,disponible,disponible,PasajerosArribadosPartidosxAeropuerto2020-2026,MovimientosxAeropuerto2020-2026
Colombia,BUN,SKBU,Gerardo Tobar López Airport,2025,9,2025-09,365,300,0,0,665,0,365,300,665,36,34,0,0,70,0,36,34,70,disponible,disponible,PasajerosArribadosPartidosxAeropuerto2020-2026,MovimientosxAeropuerto2020-2026
Colombia,CLO,SKCL,Alfonso Bonilla Aragon International Airport,2025,9,2025-09,173415,223902,31686,49543,397317,81229,205101,273445,478546,2761,2775,308,290,5536,598,3069,3065,6134,disponible,disponible,PasajerosArribadosPartidosxAeropuerto2020-2026,MovimientosxAeropuerto2020-2026
Colombia,CTG,SKCG,Rafael Nuñez International Airport,2025,9,2025-09,230639,228960,41353,65041,459599,106394,271992,294001,565993,1860,1827,369,410,3687,779,2229,2237,4466,disponible,disponible,PasajerosArribadosPartidosxAeropuerto2020-2026,MovimientosxAeropuerto2020-2026
Colombia,CUC,SKCC,Camilo Daza International Airport,2025,9,2025-09,46572,51864,4001,7212,98436,11213,50573,59076,109649,665,664,28,29,1329,57,693,693,1386,disponible,disponible,PasajerosArribadosPartidosxAeropuerto2020-2026,MovimientosxAeropuerto2020-2026
Colombia,CZU,SKCZ,Las Brujas Airport,2025,9,2025-09,2423,2499,0,0,4922,0,2423,2499,4922,75,79,0,0,154,0,75,79,154,disponible,disponible,PasajerosArribadosPartidosxAeropuerto2020-2026,MovimientosxAeropuerto2020-2026
Colombia,EJA,SKEJ,Yariguíes Airport,2025,9,2025-09,6661,6413,0,68,13074,68,6661,6481,13142,221,215,0,0,436,0,221,215,436,disponible,disponible,PasajerosArribadosPartidosxAeropuerto2020-2026,MovimientosxAeropuerto2020-2026
Colombia,EOH,SKMD,Enrique Olaya Herrera Airport,2025,9,2025-09,57122,56370,0,3,113492,3,57122,56373,113495,2940,2950,5,5,5890,10,2945,2955,5900,disponible,disponible,PasajerosArribadosPartidosxAeropuerto2020-2026,MovimientosxAeropuerto2020-2026
Colombia,EYP,SKYP,El Alcaravan - Yopal Airport,2025,9,2025-09,12262,15270,0,0,27532,0,12262,15270,27532,895,889,0,0,1784,0,895,889,1784,disponible,disponible,PasajerosArribadosPartidosxAeropuerto2020-2026,MovimientosxAeropuerto2020-2026
Colombia,FLA,SKFL,Gustavo Artunduaga Paredes Airport,2025,9,2025-09,4929,4997,0,0,9926,0,4929,4997,9926,166,185,0,0,351,0,166,185,351,disponible,disponible,PasajerosArribadosPartidosxAeropuerto2020-2026,MovimientosxAeropuerto2020-2026
Colombia,GPI,SKGP,Guapi Airport,2025,9,2025-09,3647,3820,0,0,7467,0,3647,3820,7467,163,161,0,0,324,0,163,161,324,disponible,disponible,PasajerosArribadosPartidosxAeropuerto2020-2026,MovimientosxAeropuerto2020-2026
Colombia,IBE,SKIB,Perales Airport,2025,9,2025-09,9340,13338,0,0,22678,0,9340,13338,22678,328,329,0,0,657,0,328,329,657,disponible,disponible,PasajerosArribadosPartidosxAeropuerto2020-2026,MovimientosxAeropuerto2020-2026
Colombia,IPI,SKIP,San Luis Airport,2025,9,2025-09,5548,9053,0,0,14601,0,5548,9053,14601,85,86,0,0,171,0,85,86,171,disponible,disponible,PasajerosArribadosPartidosxAeropuerto2020-2026,MovimientosxAeropuerto2020-2026
Colombia,LCR,SKHZ,Virgilio Barco Vargas (La Chorrera) Airport,2025,9,2025-09,,,,,,,,,,37,37,0,0,74,0,37,37,74,sin_dato,disponible,PasajerosArribadosPartidosxAeropuerto2020-2026,MovimientosxAeropuerto2020-2026
Colombia,LET,SKLT,Alfredo Vásquez Cobo International Airport,2025,9,2025-09,12249,9313,0,159,21562,159,12249,9472,21721,252,252,5,4,504,9,257,256,513,disponible,disponible,PasajerosArribadosPartidosxAeropuerto2020-2026,MovimientosxAeropuerto2020-2026
Colombia,LMC,SKNA,La Macarena Airport,2025,9,2025-09,1763,1866,0,0,3629,0,1763,1866,3629,259,258,0,0,517,0,259,258,517,disponible,disponible,PasajerosArribadosPartidosxAeropuerto2020-2026,MovimientosxAeropuerto2020-2026
Colombia,LPD,SKLP,La Pedrera Airport,2025,9,2025-09,282,198,0,0,480,0,282,198,480,57,54,0,0,111,0,57,54,111,disponible,disponible,PasajerosArribadosPartidosxAeropuerto2020-2026,MovimientosxAeropuerto2020-2026
Colombia,LQM,SKLG,Caucaya Airport,2025,9,2025-09,661,704,0,0,1365,0,661,704,1365,37,34,0,0,71,0,37,34,71,disponible,disponible,PasajerosArribadosPartidosxAeropuerto2020-2026,MovimientosxAeropuerto2020-2026
Colombia,MDE,SKRG,Jose Maria Córdova International Airport,2025,9,2025-09,305274,305297,132742,163279,610571,296021,438016,468576,906592,3220,3158,1234,1283,6378,2517,4454,4441,8895,disponible,disponible,PasajerosArribadosPartidosxAeropuerto2020-2026,MovimientosxAeropuerto2020-2026
Colombia,MTR,SKMR,Los Garzones Airport,2025,9,2025-09,35146,54831,0,712,89977,712,35146,55543,90689,660,657,0,0,1317,0,660,657,1317,disponible,disponible,PasajerosArribadosPartidosxAeropuerto2020-2026,MovimientosxAeropuerto2020-2026
Colombia,MVP,SKMU,Fabio Alberto Leon Bentley Airport,2025,9,2025-09,2535,2557,0,0,5092,0,2535,2557,5092,903,897,0,0,1800,0,903,897,1800,disponible,disponible,PasajerosArribadosPartidosxAeropuerto2020-2026,MovimientosxAeropuerto2020-2026
Colombia,MZL,SKMZ,La Nubia Airport,2025,9,2025-09,2788,2656,0,0,5444,0,2788,2656,5444,102,103,0,0,205,0,102,103,205,disponible,disponible,PasajerosArribadosPartidosxAeropuerto2020-2026,MovimientosxAeropuerto2020-2026
Colombia,NQU,SKNQ,Reyes Murillo Airport,2025,9,2025-09,4685,5065,16,0,9750,16,4701,5065,9766,227,226,0,0,453,0,227,226,453,disponible,disponible,PasajerosArribadosPartidosxAeropuerto2020-2026,MovimientosxAeropuerto2020-2026
Colombia,NVA,SKNV,Benito Salas Airport,2025,9,2025-09,12398,16100,0,0,28498,0,12398,16100,28498,423,422,0,0,845,0,423,422,845,disponible,disponible,PasajerosArribadosPartidosxAeropuerto2020-2026,MovimientosxAeropuerto2020-2026
Colombia,PCR,SKPC,German Olano Airport,2025,9,2025-09,2842,2702,0,0,5544,0,2842,2702,5544,113,112,0,0,225,0,113,112,225,disponible,disponible,PasajerosArribadosPartidosxAeropuerto2020-2026,MovimientosxAeropuerto2020-2026
Colombia,PDA,SKPD,Obando Cesar Gaviria Trujillo Airport,2025,9,2025-09,,,,,,,,,,226,228,0,0,454,0,226,228,454,sin_dato,disponible,PasajerosArribadosPartidosxAeropuerto2020-2026,MovimientosxAeropuerto2020-2026
Colombia,PEI,SKPE,Matecaña International Airport,2025,9,2025-09,86592,90958,7763,15134,177550,22897,94355,106092,200447,944,944,60,61,1888,121,1004,1005,2009,disponible,disponible,PasajerosArribadosPartidosxAeropuerto2020-2026,MovimientosxAeropuerto2020-2026
Colombia,PPN,SKPP,Guillermo León Valencia Airport,2025,9,2025-09,7876,10272,0,0,18148,0,7876,10272,18148,457,468,0,0,925,0,457,468,925,disponible,disponible,PasajerosArribadosPartidosxAeropuerto2020-2026,MovimientosxAeropuerto2020-2026
Colombia,PSO,SKPS,Antonio Nariño Airport,2025,9,2025-09,25346,27216,0,753,52562,753,25346,27969,53315,305,306,0,0,611,0,305,306,611,disponible,disponible,PasajerosArribadosPartidosxAeropuerto2020-2026,MovimientosxAeropuerto2020-2026
Colombia,PUU,SKAS,Tres De Mayo Airport,2025,9,2025-09,4745,5037,0,0,9782,0,4745,5037,9782,140,149,0,0,289,0,140,149,289,disponible,disponible,PasajerosArribadosPartidosxAeropuerto2020-2026,MovimientosxAeropuerto2020-2026
Colombia,PVA,SKPV,El Embrujo Airport,2025,9,2025-09,3273,337,0,0,3610,0,3273,337,3610,105,105,0,0,210,0,105,105,210,disponible,disponible,PasajerosArribadosPartidosxAeropuerto2020-2026,MovimientosxAeropuerto2020-2026
Colombia,RCH,SKRH,Almirante Padilla Airport,2025,9,2025-09,21509,19414,0,1495,40923,1495,21509,20909,42418,197,200,0,0,397,0,197,200,397,disponible,disponible,PasajerosArribadosPartidosxAeropuerto2020-2026,MovimientosxAeropuerto2020-2026
Colombia,RVE,SKSA,Los Colonizadores Airport,2025,9,2025-09,2403,2547,0,0,4950,0,2403,2547,4950,169,169,0,0,338,0,169,169,338,disponible,disponible,PasajerosArribadosPartidosxAeropuerto2020-2026,MovimientosxAeropuerto2020-2026
Colombia,SJE,SKSJ,Jorge E. Gonzalez Torres Airport,2025,9,2025-09,2094,2145,0,0,4239,0,2094,2145,4239,435,436,0,0,871,0,435,436,871,disponible,disponible,PasajerosArribadosPartidosxAeropuerto2020-2026,MovimientosxAeropuerto2020-2026
Colombia,SMR,SKSM,Simón Bolívar International Airport,2025,9,2025-09,140769,133425,1289,2237,274194,3526,142058,135662,277720,1067,1071,16,17,2138,33,1083,1088,2171,disponible,disponible,PasajerosArribadosPartidosxAeropuerto2020-2026,MovimientosxAeropuerto2020-2026
Colombia,SVI,SKSV,Eduardo Falla Solano Airport,2025,9,2025-09,346,376,0,0,722,0,346,376,722,33,33,0,0,66,0,33,33,66,disponible,disponible,PasajerosArribadosPartidosxAeropuerto2020-2026,MovimientosxAeropuerto2020-2026
Colombia,TCD,SKRA,Tarapacá Airport,2025,9,2025-09,,,,,,,,,,26,26,0,0,52,0,26,26,52,sin_dato,disponible,PasajerosArribadosPartidosxAeropuerto2020-2026,MovimientosxAeropuerto2020-2026
Colombia,TCO,SKCO,La Florida Airport,2025,9,2025-09,4694,6486,0,0,11180,0,4694,6486,11180,283,283,0,0,566,0,283,283,566,disponible,disponible,PasajerosArribadosPartidosxAeropuerto2020-2026,MovimientosxAeropuerto2020-2026
Colombia,TLU,SKTL,Golfo de Morrosquillo Airport,2025,9,2025-09,,,,,,,,,,0,1,0,0,1,0,0,1,1,sin_dato,disponible,PasajerosArribadosPartidosxAeropuerto2020-2026,MovimientosxAeropuerto2020-2026
Colombia,TME,SKTM,Gustavo Vargas Airport,2025,9,2025-09,358,318,0,0,676,0,358,318,676,52,64,0,0,116,0,52,64,116,disponible,disponible,PasajerosArribadosPartidosxAeropuerto2020-2026,MovimientosxAeropuerto2020-2026
Colombia,UIB,SKUI,El Caraño Airport,2025,9,2025-09,15736,16539,0,4,32275,4,15736,16543,32279,735,732,0,0,1467,0,735,732,1467,disponible,disponible,PasajerosArribadosPartidosxAeropuerto2020-2026,MovimientosxAeropuerto2020-2026
Colombia,VUP,SKVP,Alfonso López Pumarejo Airport,2025,9,2025-09,16479,17679,0,766,34158,766,16479,18445,34924,225,225,0,0,450,0,225,225,450,disponible,disponible,PasajerosArribadosPartidosxAeropuerto2020-2026,MovimientosxAeropuerto2020-2026
Colombia,VVC,SKVV,Vanguardia Airport,2025,9,2025-09,14744,17771,2,2,32515,4,14746,17773,32519,1689,1689,0,0,3378,0,1689,1689,3378,disponible,disponible,PasajerosArribadosPartidosxAeropuerto2020-2026,MovimientosxAeropuerto2020-2026
Colombia,ADZ,SKSP,Gustavo Rojas Pinilla International Airport,2025,10,2025-10,91235,78867,2455,5823,170102,8278,93690,84690,178380,848,846,24,28,1694,52,872,874,1746,disponible,disponible,PasajerosArribadosPartidosxAeropuerto2020-2026,MovimientosxAeropuerto2020-2026
Colombia,APO,SKLC,Antonio Roldán Betancur Airport,2025,10,2025-10,8522,3803,0,0,12325,0,8522,3803,12325,889,892,0,0,1781,0,889,892,1781,disponible,disponible,PasajerosArribadosPartidosxAeropuerto2020-2026,MovimientosxAeropuerto2020-2026
Colombia,AUC,SKUC,Santiago Perez Airport,2025,10,2025-10,8140,8336,0,13,16476,13,8140,8349,16489,341,354,0,0,695,0,341,354,695,disponible,disponible,PasajerosArribadosPartidosxAeropuerto2020-2026,MovimientosxAeropuerto2020-2026
Colombia,AXM,SKAR,El Eden Airport,2025,10,2025-10,21711,23812,2045,1992,45523,4037,23756,25804,49560,325,327,13,10,652,23,338,337,675,disponible,disponible,PasajerosArribadosPartidosxAeropuerto2020-2026,MovimientosxAeropuerto2020-2026
Colombia,BAQ,SKBQ,Ernesto Cortissoz International Airport,2025,10,2025-10,110458,115096,13636,20196,225554,33832,124094,135292,259386,1566,1590,160,167,3156,327,1726,1757,3483,disponible,disponible,PasajerosArribadosPartidosxAeropuerto2020-2026,MovimientosxAeropuerto2020-2026
Colombia,BGA,SKBG,Palonegro Airport,2025,10,2025-10,78111,80083,4365,8459,158194,12824,82476,88542,171018,1237,1228,41,44,2465,85,1278,1272,2550,disponible,disponible,PasajerosArribadosPartidosxAeropuerto2020-2026,MovimientosxAeropuerto2020-2026
Colombia,BOG,SKBO,El Dorado International Airport,2025,10,2025-10,980743,876177,618822,657429,1856920,1276251,1599565,1533606,3133171,11280,11341,5511,5426,22621,10937,16791,16767,33558,disponible,disponible,PasajerosArribadosPartidosxAeropuerto2020-2026,MovimientosxAeropuerto2020-2026
Colombia,BSC,SKBS,José Celestino Mutis Airport,2025,10,2025-10,4442,3219,0,0,7661,0,4442,3219,7661,275,278,0,0,553,0,275,278,553,disponible,disponible,PasajerosArribadosPartidosxAeropuerto2020-2026,MovimientosxAeropuerto2020-2026
Colombia,BUN,SKBU,Gerardo Tobar López Airport,2025,10,2025-10,324,342,0,0,666,0,324,342,666,47,45,0,0,92,0,47,45,92,disponible,disponible,PasajerosArribadosPartidosxAeropuerto2020-2026,MovimientosxAeropuerto2020-2026
Colombia,CLO,SKCL,Alfonso Bonilla Aragon International Airport,2025,10,2025-10,230544,236182,43460,63494,466726,106954,274004,299676,573680,2921,2939,328,310,5860,638,3249,3249,6498,disponible,disponible,PasajerosArribadosPartidosxAeropuerto2020-2026,MovimientosxAeropuerto2020-2026
Colombia,CTG,SKCG,Rafael Nuñez International Airport,2025,10,2025-10,232098,188130,39348,62267,420228,101615,271446,250397,521843,1998,1960,384,424,3958,808,2382,2384,4766,disponible,disponible,PasajerosArribadosPartidosxAeropuerto2020-2026,MovimientosxAeropuerto2020-2026
Colombia,CUC,SKCC,Camilo Daza International Airport,2025,10,2025-10,51675,50799,3931,7576,102474,11507,55606,58375,113981,669,674,38,36,1343,74,707,710,1417,disponible,disponible,PasajerosArribadosPartidosxAeropuerto2020-2026,MovimientosxAeropuerto2020-2026
Colombia,CZU,SKCZ,Las Brujas Airport,2025,10,2025-10,2696,2801,0,0,5497,0,2696,2801,5497,104,103,0,0,207,0,104,103,207,disponible,disponible,PasajerosArribadosPartidosxAeropuerto2020-2026,MovimientosxAeropuerto2020-2026
Colombia,EJA,SKEJ,Yariguíes Airport,2025,10,2025-10,6961,6013,0,61,12974,61,6961,6074,13035,225,230,0,0,455,0,225,230,455,disponible,disponible,PasajerosArribadosPartidosxAeropuerto2020-2026,MovimientosxAeropuerto2020-2026
Colombia,EOH,SKMD,Enrique Olaya Herrera Airport,2025,10,2025-10,53338,54126,0,0,107464,0,53338,54126,107464,2994,2999,4,5,5993,9,2998,3004,6002,disponible,disponible,PasajerosArribadosPartidosxAeropuerto2020-2026,MovimientosxAeropuerto2020-2026
Colombia,EYP,SKYP,El Alcaravan - Yopal Airport,2025,10,2025-10,13501,15990,43,0,29491,43,13544,15990,29534,897,892,1,0,1789,1,898,892,1790,disponible,disponible,PasajerosArribadosPartidosxAeropuerto2020-2026,MovimientosxAeropuerto2020-2026
Colombia,FLA,SKFL,Gustavo Artunduaga Paredes Airport,2025,10,2025-10,5169,5340,0,0,10509,0,5169,5340,10509,189,214,0,0,403,0,189,214,403,disponible,disponible,PasajerosArribadosPartidosxAeropuerto2020-2026,MovimientosxAeropuerto2020-2026
Colombia,GPI,SKGP,Guapi Airport,2025,10,2025-10,3953,4068,0,0,8021,0,3953,4068,8021,177,179,0,0,356,0,177,179,356,disponible,disponible,PasajerosArribadosPartidosxAeropuerto2020-2026,MovimientosxAeropuerto2020-2026
Colombia,IBE,SKIB,Perales Airport,2025,10,2025-10,9268,12290,0,0,21558,0,9268,12290,21558,366,360,0,0,726,0,366,360,726,disponible,disponible,PasajerosArribadosPartidosxAeropuerto2020-2026,MovimientosxAeropuerto2020-2026
Colombia,IPI,SKIP,San Luis Airport,2025,10,2025-10,5116,8786,0,0,13902,0,5116,8786,13902,96,96,0,0,192,0,96,96,192,disponible,disponible,PasajerosArribadosPartidosxAeropuerto2020-2026,MovimientosxAeropuerto2020-2026
Colombia,LCR,SKHZ,Virgilio Barco Vargas (La Chorrera) Airport,2025,10,2025-10,,,,,,,,,,47,44,0,0,91,0,47,44,91,sin_dato,disponible,PasajerosArribadosPartidosxAeropuerto2020-2026,MovimientosxAeropuerto2020-2026
Colombia,LET,SKLT,Alfredo Vásquez Cobo International Airport,2025,10,2025-10,14821,15265,0,107,30086,107,14821,15372,30193,301,310,1,0,611,1,302,310,612,disponible,disponible,PasajerosArribadosPartidosxAeropuerto2020-2026,MovimientosxAeropuerto2020-2026
Colombia,LMC,SKNA,La Macarena Airport,2025,10,2025-10,2048,2071,0,0,4119,0,2048,2071,4119,260,264,0,0,524,0,260,264,524,disponible,disponible,PasajerosArribadosPartidosxAeropuerto2020-2026,MovimientosxAeropuerto2020-2026
Colombia,LPD,SKLP,La Pedrera Airport,2025,10,2025-10,278,249,0,0,527,0,278,249,527,74,69,0,0,143,0,74,69,143,disponible,disponible,PasajerosArribadosPartidosxAeropuerto2020-2026,MovimientosxAeropuerto2020-2026
Colombia,LQM,SKLG,Caucaya Airport,2025,10,2025-10,767,830,0,0,1597,0,767,830,1597,49,41,0,0,90,0,49,41,90,disponible,disponible,PasajerosArribadosPartidosxAeropuerto2020-2026,MovimientosxAeropuerto2020-2026
Colombia,MDE,SKRG,Jose Maria Córdova International Airport,2025,10,2025-10,343687,396511,160123,174983,740198,335106,503810,571494,1075304,3501,3465,1380,1404,6966,2784,4881,4869,9750,disponible,disponible,PasajerosArribadosPartidosxAeropuerto2020-2026,MovimientosxAeropuerto2020-2026
Colombia,MTR,SKMR,Los Garzones Airport,2025,10,2025-10,41887,59083,0,1071,100970,1071,41887,60154,102041,685,687,0,0,1372,0,685,687,1372,disponible,disponible,PasajerosArribadosPartidosxAeropuerto2020-2026,MovimientosxAeropuerto2020-2026
Colombia,MVP,SKMU,Fabio Alberto Leon Bentley Airport,2025,10,2025-10,3143,3132,0,0,6275,0,3143,3132,6275,1004,1005,0,0,2009,0,1004,1005,2009,disponible,disponible,PasajerosArribadosPartidosxAeropuerto2020-2026,MovimientosxAeropuerto2020-2026
Colombia,MZL,SKMZ,La Nubia Airport,2025,10,2025-10,2545,2415,0,0,4960,0,2545,2415,4960,86,86,0,0,172,0,86,86,172,disponible,disponible,PasajerosArribadosPartidosxAeropuerto2020-2026,MovimientosxAeropuerto2020-2026
Colombia,NQU,SKNQ,Reyes Murillo Airport,2025,10,2025-10,3714,3953,0,0,7667,0,3714,3953,7667,179,178,0,0,357,0,179,178,357,disponible,disponible,PasajerosArribadosPartidosxAeropuerto2020-2026,MovimientosxAeropuerto2020-2026
Colombia,NVA,SKNV,Benito Salas Airport,2025,10,2025-10,12815,16637,0,0,29452,0,12815,16637,29452,473,472,0,0,945,0,473,472,945,disponible,disponible,PasajerosArribadosPartidosxAeropuerto2020-2026,MovimientosxAeropuerto2020-2026
Colombia,PCR,SKPC,German Olano Airport,2025,10,2025-10,3081,1221,0,0,4302,0,3081,1221,4302,171,173,0,0,344,0,171,173,344,disponible,disponible,PasajerosArribadosPartidosxAeropuerto2020-2026,MovimientosxAeropuerto2020-2026
Colombia,PDA,SKPD,Obando Cesar Gaviria Trujillo Airport,2025,10,2025-10,,,,,,,,,,279,282,0,0,561,0,279,282,561,sin_dato,disponible,PasajerosArribadosPartidosxAeropuerto2020-2026,MovimientosxAeropuerto2020-2026
Colombia,PEI,SKPE,Matecaña International Airport,2025,10,2025-10,91782,94087,8730,15457,185869,24187,100512,109544,210056,1013,1021,68,63,2034,131,1081,1084,2165,disponible,disponible,PasajerosArribadosPartidosxAeropuerto2020-2026,MovimientosxAeropuerto2020-2026
Colombia,PPN,SKPP,Guillermo León Valencia Airport,2025,10,2025-10,3429,10209,0,6,13638,6,3429,10215,13644,424,442,0,0,866,0,424,442,866,disponible,disponible,PasajerosArribadosPartidosxAeropuerto2020-2026,MovimientosxAeropuerto2020-2026
Colombia,PSO,SKPS,Antonio Nariño Airport,2025,10,2025-10,27843,29607,0,820,57450,820,27843,30427,58270,317,316,0,0,633,0,317,316,633,disponible,disponible,PasajerosArribadosPartidosxAeropuerto2020-2026,MovimientosxAeropuerto2020-2026
Colombia,PUU,SKAS,Tres De Mayo Airport,2025,10,2025-10,5416,5427,0,0,10843,0,5416,5427,10843,151,165,0,0,316,0,151,165,316,disponible,disponible,PasajerosArribadosPartidosxAeropuerto2020-2026,MovimientosxAeropuerto2020-2026
Colombia,PVA,SKPV,El Embrujo Airport,2025,10,2025-10,3481,3357,0,0,6838,0,3481,3357,6838,105,103,0,0,208,0,105,103,208,disponible,disponible,PasajerosArribadosPartidosxAeropuerto2020-2026,MovimientosxAeropuerto2020-2026
Colombia,RCH,SKRH,Almirante Padilla Airport,2025,10,2025-10,18239,24590,0,1417,42829,1417,18239,26007,44246,223,242,0,0,465,0,223,242,465,disponible,disponible,PasajerosArribadosPartidosxAeropuerto2020-2026,MovimientosxAeropuerto2020-2026
Colombia,RVE,SKSA,Los Colonizadores Airport,2025,10,2025-10,2568,1510,0,0,4078,0,2568,1510,4078,178,189,0,0,367,0,178,189,367,disponible,disponible,PasajerosArribadosPartidosxAeropuerto2020-2026,MovimientosxAeropuerto2020-2026
Colombia,SJE,SKSJ,Jorge E. Gonzalez Torres Airport,2025,10,2025-10,2224,2434,0,0,4658,0,2224,2434,4658,521,523,0,0,1044,0,521,523,1044,disponible,disponible,PasajerosArribadosPartidosxAeropuerto2020-2026,MovimientosxAeropuerto2020-2026
Colombia,SMR,SKSM,Simón Bolívar International Airport,2025,10,2025-10,107839,153522,1604,2648,261361,4252,109443,156170,265613,1147,1150,15,15,2297,30,1162,1165,2327,disponible,disponible,PasajerosArribadosPartidosxAeropuerto2020-2026,MovimientosxAeropuerto2020-2026
Colombia,SVI,SKSV,Eduardo Falla Solano Airport,2025,10,2025-10,276,311,0,0,587,0,276,311,587,36,35,0,0,71,0,36,35,71,disponible,disponible,PasajerosArribadosPartidosxAeropuerto2020-2026,MovimientosxAeropuerto2020-2026
Colombia,TCD,SKRA,Tarapacá Airport,2025,10,2025-10,,,,,,,,,,36,30,0,0,66,0,36,30,66,sin_dato,disponible,PasajerosArribadosPartidosxAeropuerto2020-2026,MovimientosxAeropuerto2020-2026
Colombia,TCO,SKCO,La Florida Airport,2025,10,2025-10,4935,6787,0,0,11722,0,4935,6787,11722,256,250,0,0,506,0,256,250,506,disponible,disponible,PasajerosArribadosPartidosxAeropuerto2020-2026,MovimientosxAeropuerto2020-2026
Colombia,TLU,SKTL,Golfo de Morrosquillo Airport,2025,10,2025-10,,,,,,,,,,1,0,0,0,1,0,1,0,1,sin_dato,disponible,PasajerosArribadosPartidosxAeropuerto2020-2026,MovimientosxAeropuerto2020-2026
Colombia,TME,SKTM,Gustavo Vargas Airport,2025,10,2025-10,367,354,0,0,721,0,367,354,721,56,89,0,0,145,0,56,89,145,disponible,disponible,PasajerosArribadosPartidosxAeropuerto2020-2026,MovimientosxAeropuerto2020-2026
Colombia,UIB,SKUI,El Caraño Airport,2025,10,2025-10,15764,16602,0,4,32366,4,15764,16606,32370,756,755,0,0,1511,0,756,755,1511,disponible,disponible,PasajerosArribadosPartidosxAeropuerto2020-2026,MovimientosxAeropuerto2020-2026
Colombia,VUP,SKVP,Alfonso López Pumarejo Airport,2025,10,2025-10,16477,17845,0,887,34322,887,16477,18732,35209,232,234,0,0,466,0,232,234,466,disponible,disponible,PasajerosArribadosPartidosxAeropuerto2020-2026,MovimientosxAeropuerto2020-2026
Colombia,VVC,SKVV,Vanguardia Airport,2025,10,2025-10,17051,21519,0,0,38570,0,17051,21519,38570,1884,1873,0,0,3757,0,1884,1873,3757,disponible,disponible,PasajerosArribadosPartidosxAeropuerto2020-2026,MovimientosxAeropuerto2020-2026
Colombia,ADZ,SKSP,Gustavo Rojas Pinilla International Airport,2025,11,2025-11,103683,100018,1479,6155,203701,7634,105162,106173,211335,903,903,25,30,1806,55,928,933,1861,disponible,disponible,PasajerosArribadosPartidosxAeropuerto2020-2026,MovimientosxAeropuerto2020-2026
Colombia,APO,SKLC,Antonio Roldán Betancur Airport,2025,11,2025-11,8193,8309,0,0,16502,0,8193,8309,16502,884,882,3,0,1766,3,887,882,1769,disponible,disponible,PasajerosArribadosPartidosxAeropuerto2020-2026,MovimientosxAeropuerto2020-2026
Colombia,AUC,SKUC,Santiago Perez Airport,2025,11,2025-11,6488,6867,0,0,13355,0,6488,6867,13355,309,316,0,0,625,0,309,316,625,disponible,disponible,PasajerosArribadosPartidosxAeropuerto2020-2026,MovimientosxAeropuerto2020-2026
Colombia,AXM,SKAR,El Eden Airport,2025,11,2025-11,19675,24555,1161,3217,44230,4378,20836,27772,48608,295,299,16,15,594,31,311,314,625,disponible,disponible,PasajerosArribadosPartidosxAeropuerto2020-2026,MovimientosxAeropuerto2020-2026
Colombia,BAQ,SKBQ,Ernesto Cortissoz International Airport,2025,11,2025-11,75310,116522,14266,19790,191832,34056,89576,136312,225888,1691,1694,170,168,3385,338,1861,1862,3723,disponible,disponible,PasajerosArribadosPartidosxAeropuerto2020-2026,MovimientosxAeropuerto2020-2026
Colombia,BGA,SKBG,Palonegro Airport,2025,11,2025-11,55960,83000,2590,6347,138960,8937,58550,89347,147897,1195,1207,44,46,2402,90,1239,1253,2492,disponible,disponible,PasajerosArribadosPartidosxAeropuerto2020-2026,MovimientosxAeropuerto2020-2026
Colombia,BOG,SKBO,El Dorado International Airport,2025,11,2025-11,973418,918092,609277,584344,1891510,1193621,1582695,1502436,3085131,11593,11701,5366,5261,23294,10627,16959,16962,33921,disponible,disponible,PasajerosArribadosPartidosxAeropuerto2020-2026,MovimientosxAeropuerto2020-2026
Colombia,BSC,SKBS,José Celestino Mutis Airport,2025,11,2025-11,2885,3110,0,0,5995,0,2885,3110,5995,224,225,0,0,449,0,224,225,449,disponible,disponible,PasajerosArribadosPartidosxAeropuerto2020-2026,MovimientosxAeropuerto2020-2026
Colombia,BUN,SKBU,Gerardo Tobar López Airport,2025,11,2025-11,308,269,0,0,577,0,308,269,577,15,17,2,0,32,2,17,17,34,disponible,disponible,PasajerosArribadosPartidosxAeropuerto2020-2026,MovimientosxAeropuerto2020-2026
Colombia,CLO,SKCL,Alfonso Bonilla Aragon International Airport,2025,11,2025-11,226261,180932,35413,49273,407193,84686,261674,230205,491879,2752,2767,363,356,5519,719,3115,3123,6238,disponible,disponible,PasajerosArribadosPartidosxAeropuerto2020-2026,MovimientosxAeropuerto2020-2026
Colombia,CTG,SKCG,Rafael Nuñez International Airport,2025,11,2025-11,234946,221637,41476,63600,456583,105076,276422,285237,561659,1961,1907,439,493,3868,932,2400,2400,4800,disponible,disponible,PasajerosArribadosPartidosxAeropuerto2020-2026,MovimientosxAeropuerto2020-2026
Colombia,CUC,SKCC,Camilo Daza International Airport,2025,11,2025-11,57645,59457,2569,6415,117102,8984,60214,65872,126086,685,686,28,28,1371,56,713,714,1427,disponible,disponible,PasajerosArribadosPartidosxAeropuerto2020-2026,MovimientosxAeropuerto2020-2026
Colombia,CZU,SKCZ,Las Brujas Airport,2025,11,2025-11,251,2341,0,0,2592,0,251,2341,2592,92,92,0,0,184,0,92,92,184,disponible,disponible,PasajerosArribadosPartidosxAeropuerto2020-2026,MovimientosxAeropuerto2020-2026
Colombia,EJA,SKEJ,Yariguíes Airport,2025,11,2025-11,5993,6244,0,52,12237,52,5993,6296,12289,196,177,0,0,373,0,196,177,373,disponible,disponible,PasajerosArribadosPartidosxAeropuerto2020-2026,MovimientosxAeropuerto2020-2026
Colombia,EOH,SKMD,Enrique Olaya Herrera Airport,2025,11,2025-11,46575,39622,0,0,86197,0,46575,39622,86197,2741,2753,4,8,5494,12,2745,2761,5506,disponible,disponible,PasajerosArribadosPartidosxAeropuerto2020-2026,MovimientosxAeropuerto2020-2026
Colombia,EYP,SKYP,El Alcaravan - Yopal Airport,2025,11,2025-11,11170,17446,0,0,28616,0,11170,17446,28616,621,611,0,0,1232,0,621,611,1232,disponible,disponible,PasajerosArribadosPartidosxAeropuerto2020-2026,MovimientosxAeropuerto2020-2026
Colombia,FLA,SKFL,Gustavo Artunduaga Paredes Airport,2025,11,2025-11,5082,5294,0,0,10376,0,5082,5294,10376,162,170,0,0,332,0,162,170,332,disponible,disponible,PasajerosArribadosPartidosxAeropuerto2020-2026,MovimientosxAeropuerto2020-2026
Colombia,GPI,SKGP,Guapi Airport,2025,11,2025-11,3459,3404,0,0,6863,0,3459,3404,6863,143,147,0,0,290,0,143,147,290,disponible,disponible,PasajerosArribadosPartidosxAeropuerto2020-2026,MovimientosxAeropuerto2020-2026
Colombia,IBE,SKIB,Perales Airport,2025,11,2025-11,8775,12565,0,0,21340,0,8775,12565,21340,325,324,0,0,649,0,325,324,649,disponible,disponible,PasajerosArribadosPartidosxAeropuerto2020-2026,MovimientosxAeropuerto2020-2026
Colombia,IPI,SKIP,San Luis Airport,2025,11,2025-11,5392,2570,0,0,7962,0,5392,2570,7962,97,96,0,0,193,0,97,96,193,disponible,disponible,PasajerosArribadosPartidosxAeropuerto2020-2026,MovimientosxAeropuerto2020-2026
Colombia,LCR,SKHZ,Virgilio Barco Vargas (La Chorrera) Airport,2025,11,2025-11,,,,,,,,,,43,42,0,0,85,0,43,42,85,sin_dato,disponible,PasajerosArribadosPartidosxAeropuerto2020-2026,MovimientosxAeropuerto2020-2026
Colombia,LET,SKLT,Alfredo Vásquez Cobo International Airport,2025,11,2025-11,14987,15001,0,173,29988,173,14987,15174,30161,276,283,1,3,559,4,277,286,563,disponible,disponible,PasajerosArribadosPartidosxAeropuerto2020-2026,MovimientosxAeropuerto2020-2026
Colombia,LMC,SKNA,La Macarena Airport,2025,11,2025-11,1135,1267,0,0,2402,0,1135,1267,2402,223,222,0,0,445,0,223,222,445,disponible,disponible,PasajerosArribadosPartidosxAeropuerto2020-2026,MovimientosxAeropuerto2020-2026
Colombia,LPD,SKLP,La Pedrera Airport,2025,11,2025-11,300,289,0,0,589,0,300,289,589,59,55,0,0,114,0,59,55,114,disponible,disponible,PasajerosArribadosPartidosxAeropuerto2020-2026,MovimientosxAeropuerto2020-2026
Colombia,LQM,SKLG,Caucaya Airport,2025,11,2025-11,871,862,0,0,1733,0,871,862,1733,36,34,0,0,70,0,36,34,70,disponible,disponible,PasajerosArribadosPartidosxAeropuerto2020-2026,MovimientosxAeropuerto2020-2026
Colombia,MDE,SKRG,Jose Maria Córdova International Airport,2025,11,2025-11,368940,395523,145698,152137,764463,297835,514638,547660,1062298,3349,3293,1337,1382,6642,2719,4686,4675,9361,disponible,disponible,PasajerosArribadosPartidosxAeropuerto2020-2026,MovimientosxAeropuerto2020-2026
Colombia,MTR,SKMR,Los Garzones Airport,2025,11,2025-11,57929,63464,0,1979,121393,1979,57929,65443,123372,715,717,1,1,1432,2,716,718,1434,disponible,disponible,PasajerosArribadosPartidosxAeropuerto2020-2026,MovimientosxAeropuerto2020-2026
Colombia,MVP,SKMU,Fabio Alberto Leon Bentley Airport,2025,11,2025-11,2565,2361,0,0,4926,0,2565,2361,4926,920,916,0,0,1836,0,920,916,1836,disponible,disponible,PasajerosArribadosPartidosxAeropuerto2020-2026,MovimientosxAeropuerto2020-2026
Colombia,MZL,SKMZ,La Nubia Airport,2025,11,2025-11,2302,21,0,0,2323,0,2302,21,2323,93,91,0,0,184,0,93,91,184,disponible,disponible,PasajerosArribadosPartidosxAeropuerto2020-2026,MovimientosxAeropuerto2020-2026
Colombia,NQU,SKNQ,Reyes Murillo Airport,2025,11,2025-11,2120,2190,0,0,4310,0,2120,2190,4310,135,135,0,0,270,0,135,135,270,disponible,disponible,PasajerosArribadosPartidosxAeropuerto2020-2026,MovimientosxAeropuerto2020-2026
Colombia,NVA,SKNV,Benito Salas Airport,2025,11,2025-11,13244,18093,0,0,31337,0,13244,18093,31337,406,404,0,0,810,0,406,404,810,disponible,disponible,PasajerosArribadosPartidosxAeropuerto2020-2026,MovimientosxAeropuerto2020-2026
Colombia,PCR,SKPC,German Olano Airport,2025,11,2025-11,2868,2914,0,0,5782,0,2868,2914,5782,125,124,0,0,249,0,125,124,249,disponible,disponible,PasajerosArribadosPartidosxAeropuerto2020-2026,MovimientosxAeropuerto2020-2026
Colombia,PDA,SKPD,Obando Cesar Gaviria Trujillo Airport,2025,11,2025-11,,,,,,,,,,241,243,0,0,484,0,241,243,484,sin_dato,disponible,PasajerosArribadosPartidosxAeropuerto2020-2026,MovimientosxAeropuerto2020-2026
Colombia,PEI,SKPE,Matecaña International Airport,2025,11,2025-11,97020,99554,5716,12763,196574,18479,102736,112317,215053,1068,1056,62,64,2124,126,1130,1120,2250,disponible,disponible,PasajerosArribadosPartidosxAeropuerto2020-2026,MovimientosxAeropuerto2020-2026
Colombia,PPN,SKPP,Guillermo León Valencia Airport,2025,11,2025-11,8332,10497,0,0,18829,0,8332,10497,18829,454,456,0,0,910,0,454,456,910,disponible,disponible,PasajerosArribadosPartidosxAeropuerto2020-2026,MovimientosxAeropuerto2020-2026
Colombia,PSO,SKPS,Antonio Nariño Airport,2025,11,2025-11,24412,27936,0,763,52348,763,24412,28699,53111,303,306,0,0,609,0,303,306,609,disponible,disponible,PasajerosArribadosPartidosxAeropuerto2020-2026,MovimientosxAeropuerto2020-2026
Colombia,PUU,SKAS,Tres De Mayo Airport,2025,11,2025-11,5218,5337,0,0,10555,0,5218,5337,10555,144,150,0,0,294,0,144,150,294,disponible,disponible,PasajerosArribadosPartidosxAeropuerto2020-2026,MovimientosxAeropuerto2020-2026
Colombia,PVA,SKPV,El Embrujo Airport,2025,11,2025-11,3491,3446,0,0,6937,0,3491,3446,6937,104,103,0,0,207,0,104,103,207,disponible,disponible,PasajerosArribadosPartidosxAeropuerto2020-2026,MovimientosxAeropuerto2020-2026
Colombia,RCH,SKRH,Almirante Padilla Airport,2025,11,2025-11,24297,24349,0,1476,48646,1476,24297,25825,50122,206,215,0,0,421,0,206,215,421,disponible,disponible,PasajerosArribadosPartidosxAeropuerto2020-2026,MovimientosxAeropuerto2020-2026
Colombia,RVE,SKSA,Los Colonizadores Airport,2025,11,2025-11,2604,2492,0,0,5096,0,2604,2492,5096,170,185,0,0,355,0,170,185,355,disponible,disponible,PasajerosArribadosPartidosxAeropuerto2020-2026,MovimientosxAeropuerto2020-2026
Colombia,SJE,SKSJ,Jorge E. Gonzalez Torres Airport,2025,11,2025-11,2330,2389,0,0,4719,0,2330,2389,4719,553,550,0,0,1103,0,553,550,1103,disponible,disponible,PasajerosArribadosPartidosxAeropuerto2020-2026,MovimientosxAeropuerto2020-2026
Colombia,SMR,SKSM,Simón Bolívar International Airport,2025,11,2025-11,137452,129144,1236,3769,266596,5005,138688,132913,271601,1167,1168,36,33,2335,69,1203,1201,2404,disponible,disponible,PasajerosArribadosPartidosxAeropuerto2020-2026,MovimientosxAeropuerto2020-2026
Colombia,SVI,SKSV,Eduardo Falla Solano Airport,2025,11,2025-11,326,327,0,0,653,0,326,327,653,41,37,0,0,78,0,41,37,78,disponible,disponible,PasajerosArribadosPartidosxAeropuerto2020-2026,MovimientosxAeropuerto2020-2026
Colombia,TCD,SKRA,Tarapacá Airport,2025,11,2025-11,,,,,,,,,,26,24,0,0,50,0,26,24,50,sin_dato,disponible,PasajerosArribadosPartidosxAeropuerto2020-2026,MovimientosxAeropuerto2020-2026
Colombia,TCO,SKCO,La Florida Airport,2025,11,2025-11,6524,6684,0,0,13208,0,6524,6684,13208,241,230,0,3,471,3,241,233,474,disponible,disponible,PasajerosArribadosPartidosxAeropuerto2020-2026,MovimientosxAeropuerto2020-2026
Colombia,TLU,SKTL,Golfo de Morrosquillo Airport,2025,11,2025-11,212,224,0,0,436,0,212,224,436,9,9,0,0,18,0,9,9,18,disponible,disponible,PasajerosArribadosPartidosxAeropuerto2020-2026,MovimientosxAeropuerto2020-2026
Colombia,TME,SKTM,Gustavo Vargas Airport,2025,11,2025-11,341,346,0,0,687,0,341,346,687,59,66,0,0,125,0,59,66,125,disponible,disponible,PasajerosArribadosPartidosxAeropuerto2020-2026,MovimientosxAeropuerto2020-2026
Colombia,UIB,SKUI,El Caraño Airport,2025,11,2025-11,9811,12041,0,0,21852,0,9811,12041,21852,757,764,0,0,1521,0,757,764,1521,disponible,disponible,PasajerosArribadosPartidosxAeropuerto2020-2026,MovimientosxAeropuerto2020-2026
Colombia,VUP,SKVP,Alfonso López Pumarejo Airport,2025,11,2025-11,16226,15738,0,913,31964,913,16226,16651,32877,244,244,0,0,488,0,244,244,488,disponible,disponible,PasajerosArribadosPartidosxAeropuerto2020-2026,MovimientosxAeropuerto2020-2026
Colombia,VVC,SKVV,Vanguardia Airport,2025,11,2025-11,13765,16081,0,0,29846,0,13765,16081,29846,1772,1779,0,0,3551,0,1772,1779,3551,disponible,disponible,PasajerosArribadosPartidosxAeropuerto2020-2026,MovimientosxAeropuerto2020-2026
Colombia,ADZ,SKSP,Gustavo Rojas Pinilla International Airport,2025,12,2025-12,120857,106847,2127,6690,227704,8817,122984,113537,236521,1038,1033,32,35,2071,67,1070,1068,2138,disponible,disponible,PasajerosArribadosPartidosxAeropuerto2020-2026,MovimientosxAeropuerto2020-2026
Colombia,APO,SKLC,Antonio Roldán Betancur Airport,2025,12,2025-12,7979,7847,0,0,15826,0,7979,7847,15826,915,919,0,1,1834,1,915,920,1835,disponible,disponible,PasajerosArribadosPartidosxAeropuerto2020-2026,MovimientosxAeropuerto2020-2026
Colombia,AUC,SKUC,Santiago Perez Airport,2025,12,2025-12,7127,7327,0,0,14454,0,7127,7327,14454,315,331,0,0,646,0,315,331,646,disponible,disponible,PasajerosArribadosPartidosxAeropuerto2020-2026,MovimientosxAeropuerto2020-2026
Colombia,AXM,SKAR,El Eden Airport,2025,12,2025-12,25125,24038,1469,3006,49163,4475,26594,27044,53638,325,321,17,17,646,34,342,338,680,disponible,disponible,PasajerosArribadosPartidosxAeropuerto2020-2026,MovimientosxAeropuerto2020-2026
Colombia,BAQ,SKBQ,Ernesto Cortissoz International Airport,2025,12,2025-12,45435,116129,15482,28907,161564,44389,60917,145036,205953,1718,1715,206,200,3433,406,1924,1915,3839,disponible,disponible,PasajerosArribadosPartidosxAeropuerto2020-2026,MovimientosxAeropuerto2020-2026
Colombia,BGA,SKBG,Palonegro Airport,2025,12,2025-12,88262,67204,4844,7745,155466,12589,93106,74949,168055,1294,1290,43,42,2584,85,1337,1332,2669,disponible,disponible,PasajerosArribadosPartidosxAeropuerto2020-2026,MovimientosxAeropuerto2020-2026
Colombia,BOG,SKBO,El Dorado International Airport,2025,12,2025-12,965263,995579,690901,624474,1960842,1315375,1656164,1620053,3276217,12137,12191,5683,5606,24328,11289,17820,17797,35617,disponible,disponible,PasajerosArribadosPartidosxAeropuerto2020-2026,MovimientosxAeropuerto2020-2026
Colombia,BSC,SKBS,José Celestino Mutis Airport,2025,12,2025-12,4045,3015,0,0,7060,0,4045,3015,7060,280,280,0,0,560,0,280,280,560,disponible,disponible,PasajerosArribadosPartidosxAeropuerto2020-2026,MovimientosxAeropuerto2020-2026
Colombia,BUN,SKBU,Gerardo Tobar López Airport,2025,12,2025-12,362,296,0,0,658,0,362,296,658,24,21,0,0,45,0,24,21,45,disponible,disponible,PasajerosArribadosPartidosxAeropuerto2020-2026,MovimientosxAeropuerto2020-2026
Colombia,CLO,SKCL,Alfonso Bonilla Aragon International Airport,2025,12,2025-12,237247,233666,59202,61456,470913,120658,296449,295122,591571,2993,3019,445,420,6012,865,3438,3439,6877,disponible,disponible,PasajerosArribadosPartidosxAeropuerto2020-2026,MovimientosxAeropuerto2020-2026
Colombia,CTG,SKCG,Rafael Nuñez International Airport,2025,12,2025-12,255324,225898,57104,78286,481222,135390,312428,304184,616612,2135,2107,589,630,4242,1219,2724,2737,5461,disponible,disponible,PasajerosArribadosPartidosxAeropuerto2020-2026,MovimientosxAeropuerto2020-2026
Colombia,CUC,SKCC,Camilo Daza International Airport,2025,12,2025-12,65898,66240,6836,12102,132138,18938,72734,78342,151076,862,865,62,62,1727,124,924,927,1851,disponible,disponible,PasajerosArribadosPartidosxAeropuerto2020-2026,MovimientosxAeropuerto2020-2026
Colombia,CZU,SKCZ,Las Brujas Airport,2025,12,2025-12,1358,1056,0,0,2414,0,1358,1056,2414,53,59,0,0,112,0,53,59,112,disponible,disponible,PasajerosArribadosPartidosxAeropuerto2020-2026,MovimientosxAeropuerto2020-2026
Colombia,EJA,SKEJ,Yariguíes Airport,2025,12,2025-12,5050,6111,0,41,11161,41,5050,6152,11202,222,213,0,0,435,0,222,213,435,disponible,disponible,PasajerosArribadosPartidosxAeropuerto2020-2026,MovimientosxAeropuerto2020-2026
Colombia,EOH,SKMD,Enrique Olaya Herrera Airport,2025,12,2025-12,46886,50685,0,0,97571,0,46886,50685,97571,2966,2973,3,6,5939,9,2969,2979,5948,disponible,disponible,PasajerosArribadosPartidosxAeropuerto2020-2026,MovimientosxAeropuerto2020-2026
Colombia,EYP,SKYP,El Alcaravan - Yopal Airport,2025,12,2025-12,6271,17968,0,0,24239,0,6271,17968,24239,599,604,0,0,1203,0,599,604,1203,disponible,disponible,PasajerosArribadosPartidosxAeropuerto2020-2026,MovimientosxAeropuerto2020-2026
Colombia,FLA,SKFL,Gustavo Artunduaga Paredes Airport,2025,12,2025-12,4786,4559,0,0,9345,0,4786,4559,9345,165,181,0,0,346,0,165,181,346,disponible,disponible,PasajerosArribadosPartidosxAeropuerto2020-2026,MovimientosxAeropuerto2020-2026
Colombia,GPI,SKGP,Guapi Airport,2025,12,2025-12,2152,4117,0,0,6269,0,2152,4117,6269,146,147,0,0,293,0,146,147,293,disponible,disponible,PasajerosArribadosPartidosxAeropuerto2020-2026,MovimientosxAeropuerto2020-2026
Colombia,IBE,SKIB,Perales Airport,2025,12,2025-12,9283,11958,0,0,21241,0,9283,11958,21241,254,254,0,0,508,0,254,254,508,disponible,disponible,PasajerosArribadosPartidosxAeropuerto2020-2026,MovimientosxAeropuerto2020-2026
Colombia,IPI,SKIP,San Luis Airport,2025,12,2025-12,6919,8621,0,0,15540,0,6919,8621,15540,98,99,0,0,197,0,98,99,197,disponible,disponible,PasajerosArribadosPartidosxAeropuerto2020-2026,MovimientosxAeropuerto2020-2026
Colombia,LCR,SKHZ,Virgilio Barco Vargas (La Chorrera) Airport,2025,12,2025-12,,,,,,,,,,33,36,0,0,69,0,33,36,69,sin_dato,disponible,PasajerosArribadosPartidosxAeropuerto2020-2026,MovimientosxAeropuerto2020-2026
Colombia,LET,SKLT,Alfredo Vásquez Cobo International Airport,2025,12,2025-12,15686,16971,0,127,32657,127,15686,17098,32784,252,262,3,5,514,8,255,267,522,disponible,disponible,PasajerosArribadosPartidosxAeropuerto2020-2026,MovimientosxAeropuerto2020-2026
Colombia,LMC,SKNA,La Macarena Airport,2025,12,2025-12,639,726,0,0,1365,0,639,726,1365,233,230,0,0,463,0,233,230,463,disponible,disponible,PasajerosArribadosPartidosxAeropuerto2020-2026,MovimientosxAeropuerto2020-2026
Colombia,LPD,SKLP,La Pedrera Airport,2025,12,2025-12,282,330,0,0,612,0,282,330,612,64,54,0,0,118,0,64,54,118,disponible,disponible,PasajerosArribadosPartidosxAeropuerto2020-2026,MovimientosxAeropuerto2020-2026
Colombia,LQM,SKLG,Caucaya Airport,2025,12,2025-12,870,953,0,0,1823,0,870,953,1823,37,39,0,0,76,0,37,39,76,disponible,disponible,PasajerosArribadosPartidosxAeropuerto2020-2026,MovimientosxAeropuerto2020-2026
Colombia,MDE,SKRG,Jose Maria Córdova International Airport,2025,12,2025-12,414120,418726,202342,182802,832846,385144,616462,601528,1217990,3762,3713,1571,1624,7475,3195,5333,5337,10670,disponible,disponible,PasajerosArribadosPartidosxAeropuerto2020-2026,MovimientosxAeropuerto2020-2026
Colombia,MTR,SKMR,Los Garzones Airport,2025,12,2025-12,75841,59044,0,1390,134885,1390,75841,60434,136275,796,796,0,0,1592,0,796,796,1592,disponible,disponible,PasajerosArribadosPartidosxAeropuerto2020-2026,MovimientosxAeropuerto2020-2026
Colombia,MVP,SKMU,Fabio Alberto Leon Bentley Airport,2025,12,2025-12,2779,3270,2,2,6049,4,2781,3272,6053,930,931,0,0,1861,0,930,931,1861,disponible,disponible,PasajerosArribadosPartidosxAeropuerto2020-2026,MovimientosxAeropuerto2020-2026
Colombia,MZL,SKMZ,La Nubia Airport,2025,12,2025-12,3355,2614,0,0,5969,0,3355,2614,5969,115,113,0,0,228,0,115,113,228,disponible,disponible,PasajerosArribadosPartidosxAeropuerto2020-2026,MovimientosxAeropuerto2020-2026
Colombia,NQU,SKNQ,Reyes Murillo Airport,2025,12,2025-12,3916,2334,0,0,6250,0,3916,2334,6250,180,180,0,0,360,0,180,180,360,disponible,disponible,PasajerosArribadosPartidosxAeropuerto2020-2026,MovimientosxAeropuerto2020-2026
Colombia,NVA,SKNV,Benito Salas Airport,2025,12,2025-12,13671,17185,0,0,30856,0,13671,17185,30856,402,408,0,0,810,0,402,408,810,disponible,disponible,PasajerosArribadosPartidosxAeropuerto2020-2026,MovimientosxAeropuerto2020-2026
Colombia,PCR,SKPC,German Olano Airport,2025,12,2025-12,2166,3411,0,0,5577,0,2166,3411,5577,147,148,0,0,295,0,147,148,295,disponible,disponible,PasajerosArribadosPartidosxAeropuerto2020-2026,MovimientosxAeropuerto2020-2026
Colombia,PDA,SKPD,Obando Cesar Gaviria Trujillo Airport,2025,12,2025-12,,,,,,,,,,258,257,0,0,515,0,258,257,515,sin_dato,disponible,PasajerosArribadosPartidosxAeropuerto2020-2026,MovimientosxAeropuerto2020-2026
Colombia,PEI,SKPE,Matecaña International Airport,2025,12,2025-12,67664,94738,11471,17674,162402,29145,79135,112412,191547,1051,1057,90,88,2108,178,1141,1145,2286,disponible,disponible,PasajerosArribadosPartidosxAeropuerto2020-2026,MovimientosxAeropuerto2020-2026
Colombia,PPN,SKPP,Guillermo León Valencia Airport,2025,12,2025-12,9695,10561,0,0,20256,0,9695,10561,20256,497,503,0,0,1000,0,497,503,1000,disponible,disponible,PasajerosArribadosPartidosxAeropuerto2020-2026,MovimientosxAeropuerto2020-2026
Colombia,PSO,SKPS,Antonio Nariño Airport,2025,12,2025-12,31987,26856,0,853,58843,853,31987,27709,59696,332,333,0,0,665,0,332,333,665,disponible,disponible,PasajerosArribadosPartidosxAeropuerto2020-2026,MovimientosxAeropuerto2020-2026
Colombia,PUU,SKAS,Tres De Mayo Airport,2025,12,2025-12,5408,5146,0,0,10554,0,5408,5146,10554,139,146,0,0,285,0,139,146,285,disponible,disponible,PasajerosArribadosPartidosxAeropuerto2020-2026,MovimientosxAeropuerto2020-2026
Colombia,PVA,SKPV,El Embrujo Airport,2025,12,2025-12,5176,4419,0,0,9595,0,5176,4419,9595,138,138,0,0,276,0,138,138,276,disponible,disponible,PasajerosArribadosPartidosxAeropuerto2020-2026,MovimientosxAeropuerto2020-2026
Colombia,RCH,SKRH,Almirante Padilla Airport,2025,12,2025-12,23654,25677,0,2246,49331,2246,23654,27923,51577,217,219,0,0,436,0,217,219,436,disponible,disponible,PasajerosArribadosPartidosxAeropuerto2020-2026,MovimientosxAeropuerto2020-2026
Colombia,RVE,SKSA,Los Colonizadores Airport,2025,12,2025-12,2557,2361,0,0,4918,0,2557,2361,4918,166,174,0,0,340,0,166,174,340,disponible,disponible,PasajerosArribadosPartidosxAeropuerto2020-2026,MovimientosxAeropuerto2020-2026
Colombia,SJE,SKSJ,Jorge E. Gonzalez Torres Airport,2025,12,2025-12,2546,2361,4,0,4907,4,2550,2361,4911,457,466,0,0,923,0,457,466,923,disponible,disponible,PasajerosArribadosPartidosxAeropuerto2020-2026,MovimientosxAeropuerto2020-2026
Colombia,SMR,SKSM,Simón Bolívar International Airport,2025,12,2025-12,170176,104057,1769,4016,274233,5785,171945,108073,280018,1298,1300,17,17,2598,34,1315,1317,2632,disponible,disponible,PasajerosArribadosPartidosxAeropuerto2020-2026,MovimientosxAeropuerto2020-2026
Colombia,SVI,SKSV,Eduardo Falla Solano Airport,2025,12,2025-12,429,377,0,0,806,0,429,377,806,32,28,0,0,60,0,32,28,60,disponible,disponible,PasajerosArribadosPartidosxAeropuerto2020-2026,MovimientosxAeropuerto2020-2026
Colombia,TCD,SKRA,Tarapacá Airport,2025,12,2025-12,,,,,,,,,,22,19,0,0,41,0,22,19,41,sin_dato,disponible,PasajerosArribadosPartidosxAeropuerto2020-2026,MovimientosxAeropuerto2020-2026
Colombia,TCO,SKCO,La Florida Airport,2025,12,2025-12,5741,5076,0,0,10817,0,5741,5076,10817,284,285,1,2,569,3,285,287,572,disponible,disponible,PasajerosArribadosPartidosxAeropuerto2020-2026,MovimientosxAeropuerto2020-2026
Colombia,TLU,SKTL,Golfo de Morrosquillo Airport,2025,12,2025-12,2219,3473,0,0,5692,0,2219,3473,5692,134,131,0,0,265,0,134,131,265,disponible,disponible,PasajerosArribadosPartidosxAeropuerto2020-2026,MovimientosxAeropuerto2020-2026
Colombia,TME,SKTM,Gustavo Vargas Airport,2025,12,2025-12,435,423,0,0,858,0,435,423,858,61,91,0,0,152,0,61,91,152,disponible,disponible,PasajerosArribadosPartidosxAeropuerto2020-2026,MovimientosxAeropuerto2020-2026
Colombia,UIB,SKUI,El Caraño Airport,2025,12,2025-12,13959,12582,0,0,26541,0,13959,12582,26541,903,903,0,0,1806,0,903,903,1806,disponible,disponible,PasajerosArribadosPartidosxAeropuerto2020-2026,MovimientosxAeropuerto2020-2026
Colombia,VUP,SKVP,Alfonso López Pumarejo Airport,2025,12,2025-12,19348,15400,0,1052,34748,1052,19348,16452,35800,287,289,0,0,576,0,287,289,576,disponible,disponible,PasajerosArribadosPartidosxAeropuerto2020-2026,MovimientosxAeropuerto2020-2026
Colombia,VVC,SKVV,Vanguardia Airport,2025,12,2025-12,11237,12111,0,2,23348,2,11237,12113,23350,1673,1672,0,0,3345,0,1673,1672,3345,disponible,disponible,PasajerosArribadosPartidosxAeropuerto2020-2026,MovimientosxAeropuerto2020-2026
Colombia,ADZ,SKSP,Gustavo Rojas Pinilla International Airport,2026,1,2026-01,104594,119354,2732,10025,223948,12757,107326,129379,236705,1012,1012,29,30,2024,59,1041,1042,2083,disponible,disponible,PasajerosArribadosPartidosxAeropuerto2020-2026,MovimientosxAeropuerto2020-2026
Colombia,APO,SKLC,Antonio Roldán Betancur Airport,2026,1,2026-01,3438,6282,0,0,9720,0,3438,6282,9720,762,770,2,0,1532,2,764,770,1534,disponible,disponible,PasajerosArribadosPartidosxAeropuerto2020-2026,MovimientosxAeropuerto2020-2026
Colombia,AUC,SKUC,Santiago Perez Airport,2026,1,2026-01,6048,6144,0,0,12192,0,6048,6144,12192,291,290,0,0,581,0,291,290,581,disponible,disponible,PasajerosArribadosPartidosxAeropuerto2020-2026,MovimientosxAeropuerto2020-2026
Colombia,AXM,SKAR,El Eden Airport,2026,1,2026-01,17614,30600,2811,4733,48214,7544,20425,35333,55758,311,315,20,20,626,40,331,335,666,disponible,disponible,PasajerosArribadosPartidosxAeropuerto2020-2026,MovimientosxAeropuerto2020-2026
Colombia,BAQ,SKBQ,Ernesto Cortissoz International Airport,2026,1,2026-01,114897,134253,18176,27728,249150,45904,133073,161981,295054,1541,1542,202,207,3083,409,1743,1749,3492,disponible,disponible,PasajerosArribadosPartidosxAeropuerto2020-2026,MovimientosxAeropuerto2020-2026
Colombia,BGA,SKBG,Palonegro Airport,2026,1,2026-01,72000,82681,3175,8709,154681,11884,75175,91390,166565,1216,1213,46,48,2429,94,1262,1261,2523,disponible,disponible,PasajerosArribadosPartidosxAeropuerto2020-2026,MovimientosxAeropuerto2020-2026
Colombia,BOG,SKBO,El Dorado International Airport,2026,1,2026-01,1154261,892673,635400,681669,2046934,1317069,1789661,1574342,3364003,11842,11912,5608,5525,23754,11133,17450,17437,34887,disponible,disponible,PasajerosArribadosPartidosxAeropuerto2020-2026,MovimientosxAeropuerto2020-2026
Colombia,BSC,SKBS,José Celestino Mutis Airport,2026,1,2026-01,2207,4617,0,0,6824,0,2207,4617,6824,254,254,0,0,508,0,254,254,508,disponible,disponible,PasajerosArribadosPartidosxAeropuerto2020-2026,MovimientosxAeropuerto2020-2026
Colombia,BUN,SKBU,Gerardo Tobar López Airport,2026,1,2026-01,308,257,0,0,565,0,308,257,565,34,32,0,0,66,0,34,32,66,disponible,disponible,PasajerosArribadosPartidosxAeropuerto2020-2026,MovimientosxAeropuerto2020-2026
Colombia,CLO,SKCL,Alfonso Bonilla Aragon International Airport,2026,1,2026-01,215280,217221,51436,85060,432501,136496,266716,302281,568997,2781,2807,391,370,5588,761,3172,3177,6349,disponible,disponible,PasajerosArribadosPartidosxAeropuerto2020-2026,MovimientosxAeropuerto2020-2026
Colombia,CTG,SKCG,Rafael Nuñez International Airport,2026,1,2026-01,229266,214685,72676,99042,443951,171718,301942,313727,615669,2137,2094,640,696,4231,1336,2777,2790,5567,disponible,disponible,PasajerosArribadosPartidosxAeropuerto2020-2026,MovimientosxAeropuerto2020-2026
Colombia,CUC,SKCC,Camilo Daza International Airport,2026,1,2026-01,63008,68464,5460,12476,131472,17936,68468,80940,149408,816,820,46,46,1636,92,862,866,1728,disponible,disponible,PasajerosArribadosPartidosxAeropuerto2020-2026,MovimientosxAeropuerto2020-2026
Colombia,CZU,SKCZ,Las Brujas Airport,2026,1,2026-01,127,1536,0,0,1663,0,127,1536,1663,57,62,0,0,119,0,57,62,119,disponible,disponible,PasajerosArribadosPartidosxAeropuerto2020-2026,MovimientosxAeropuerto2020-2026
Colombia,EJA,SKEJ,Yariguíes Airport,2026,1,2026-01,5275,5863,0,103,11138,103,5275,5966,11241,209,207,0,0,416,0,209,207,416,disponible,disponible,PasajerosArribadosPartidosxAeropuerto2020-2026,MovimientosxAeropuerto2020-2026
Colombia,EOH,SKMD,Enrique Olaya Herrera Airport,2026,1,2026-01,40628,39697,0,0,80325,0,40628,39697,80325,2708,2709,7,7,5417,14,2715,2716,5431,disponible,disponible,PasajerosArribadosPartidosxAeropuerto2020-2026,MovimientosxAeropuerto2020-2026
Colombia,EYP,SKYP,El Alcaravan - Yopal Airport,2026,1,2026-01,8412,16955,0,0,25367,0,8412,16955,25367,505,501,0,0,1006,0,505,501,1006,disponible,disponible,PasajerosArribadosPartidosxAeropuerto2020-2026,MovimientosxAeropuerto2020-2026
Colombia,FLA,SKFL,Gustavo Artunduaga Paredes Airport,2026,1,2026-01,3498,3885,0,0,7383,0,3498,3885,7383,134,140,0,0,274,0,134,140,274,disponible,disponible,PasajerosArribadosPartidosxAeropuerto2020-2026,MovimientosxAeropuerto2020-2026
Colombia,GPI,SKGP,Guapi Airport,2026,1,2026-01,3639,4197,0,0,7836,0,3639,4197,7836,145,140,0,0,285,0,145,140,285,disponible,disponible,PasajerosArribadosPartidosxAeropuerto2020-2026,MovimientosxAeropuerto2020-2026
Colombia,IBE,SKIB,Perales Airport,2026,1,2026-01,5622,11784,0,0,17406,0,5622,11784,17406,285,281,0,0,566,0,285,281,566,disponible,disponible,PasajerosArribadosPartidosxAeropuerto2020-2026,MovimientosxAeropuerto2020-2026
Colombia,IPI,SKIP,San Luis Airport,2026,1,2026-01,5656,10737,0,0,16393,0,5656,10737,16393,103,103,0,0,206,0,103,103,206,disponible,disponible,PasajerosArribadosPartidosxAeropuerto2020-2026,MovimientosxAeropuerto2020-2026
Colombia,LCR,SKHZ,Virgilio Barco Vargas (La Chorrera) Airport,2026,1,2026-01,,,,,,,,,,31,29,0,0,60,0,31,29,60,sin_dato,disponible,PasajerosArribadosPartidosxAeropuerto2020-2026,MovimientosxAeropuerto2020-2026
Colombia,LET,SKLT,Alfredo Vásquez Cobo International Airport,2026,1,2026-01,16765,16096,0,172,32861,172,16765,16268,33033,239,236,2,1,475,3,241,237,478,disponible,disponible,PasajerosArribadosPartidosxAeropuerto2020-2026,MovimientosxAeropuerto2020-2026
Colombia,LMC,SKNA,La Macarena Airport,2026,1,2026-01,527,524,0,0,1051,0,527,524,1051,200,199,0,0,399,0,200,199,399,disponible,disponible,PasajerosArribadosPartidosxAeropuerto2020-2026,MovimientosxAeropuerto2020-2026
Colombia,LPD,SKLP,La Pedrera Airport,2026,1,2026-01,226,272,0,0,498,0,226,272,498,37,36,0,0,73,0,37,36,73,disponible,disponible,PasajerosArribadosPartidosxAeropuerto2020-2026,MovimientosxAeropuerto2020-2026
Colombia,LQM,SKLG,Caucaya Airport,2026,1,2026-01,888,830,0,0,1718,0,888,830,1718,45,43,0,0,88,0,45,43,88,disponible,disponible,PasajerosArribadosPartidosxAeropuerto2020-2026,MovimientosxAeropuerto2020-2026
Colombia,MDE,SKRG,Jose Maria Córdova International Airport,2026,1,2026-01,344331,438648,190292,213336,782979,403628,534623,651984,1186607,3757,3726,1549,1581,7483,3130,5306,5307,10613,disponible,disponible,PasajerosArribadosPartidosxAeropuerto2020-2026,MovimientosxAeropuerto2020-2026
Colombia,MTR,SKMR,Los Garzones Airport,2026,1,2026-01,67434,77421,0,1583,144855,1583,67434,79004,146438,796,804,0,1,1600,1,796,805,1601,disponible,disponible,PasajerosArribadosPartidosxAeropuerto2020-2026,MovimientosxAeropuerto2020-2026
Colombia,MVP,SKMU,Fabio Alberto Leon Bentley Airport,2026,1,2026-01,2560,1171,1,0,3731,1,2561,1171,3732,541,536,0,0,1077,0,541,536,1077,disponible,disponible,PasajerosArribadosPartidosxAeropuerto2020-2026,MovimientosxAeropuerto2020-2026
Colombia,MZL,SKMZ,La Nubia Airport,2026,1,2026-01,2080,2358,0,0,4438,0,2080,2358,4438,121,122,0,0,243,0,121,122,243,disponible,disponible,PasajerosArribadosPartidosxAeropuerto2020-2026,MovimientosxAeropuerto2020-2026
Colombia,NQU,SKNQ,Reyes Murillo Airport,2026,1,2026-01,2458,3953,0,0,6411,0,2458,3953,6411,184,184,0,0,368,0,184,184,368,disponible,disponible,PasajerosArribadosPartidosxAeropuerto2020-2026,MovimientosxAeropuerto2020-2026
Colombia,NVA,SKNV,Benito Salas Airport,2026,1,2026-01,7384,12435,0,0,19819,0,7384,12435,19819,344,344,0,0,688,0,344,344,688,disponible,disponible,PasajerosArribadosPartidosxAeropuerto2020-2026,MovimientosxAeropuerto2020-2026
Colombia,PCR,SKPC,German Olano Airport,2026,1,2026-01,3340,3163,0,0,6503,0,3340,3163,6503,121,121,0,0,242,0,121,121,242,disponible,disponible,PasajerosArribadosPartidosxAeropuerto2020-2026,MovimientosxAeropuerto2020-2026
Colombia,PDA,SKPD,Obando Cesar Gaviria Trujillo Airport,2026,1,2026-01,,,,,,,,,,247,247,0,0,494,0,247,247,494,sin_dato,disponible,PasajerosArribadosPartidosxAeropuerto2020-2026,MovimientosxAeropuerto2020-2026
Colombia,PEI,SKPE,Matecaña International Airport,2026,1,2026-01,90812,104829,8990,26752,195641,35742,99802,131581,231383,1061,1058,83,82,2119,165,1144,1140,2284,disponible,disponible,PasajerosArribadosPartidosxAeropuerto2020-2026,MovimientosxAeropuerto2020-2026
Colombia,PPN,SKPP,Guillermo León Valencia Airport,2026,1,2026-01,7212,11180,0,0,18392,0,7212,11180,18392,387,405,0,0,792,0,387,405,792,disponible,disponible,PasajerosArribadosPartidosxAeropuerto2020-2026,MovimientosxAeropuerto2020-2026
Colombia,PSO,SKPS,Antonio Nariño Airport,2026,1,2026-01,28474,36188,0,1391,64662,1391,28474,37579,66053,350,350,0,0,700,0,350,350,700,disponible,disponible,PasajerosArribadosPartidosxAeropuerto2020-2026,MovimientosxAeropuerto2020-2026
Colombia,PUU,SKAS,Tres De Mayo Airport,2026,1,2026-01,2541,4863,0,0,7404,0,2541,4863,7404,141,144,0,0,285,0,141,144,285,disponible,disponible,PasajerosArribadosPartidosxAeropuerto2020-2026,MovimientosxAeropuerto2020-2026
Colombia,PVA,SKPV,El Embrujo Airport,2026,1,2026-01,4599,4858,0,0,9457,0,4599,4858,9457,146,146,0,0,292,0,146,146,292,disponible,disponible,PasajerosArribadosPartidosxAeropuerto2020-2026,MovimientosxAeropuerto2020-2026
Colombia,RCH,SKRH,Almirante Padilla Airport,2026,1,2026-01,25045,28481,0,2440,53526,2440,25045,30921,55966,219,226,0,0,445,0,219,226,445,disponible,disponible,PasajerosArribadosPartidosxAeropuerto2020-2026,MovimientosxAeropuerto2020-2026
Colombia,RVE,SKSA,Los Colonizadores Airport,2026,1,2026-01,2474,2565,0,0,5039,0,2474,2565,5039,145,152,0,0,297,0,145,152,297,disponible,disponible,PasajerosArribadosPartidosxAeropuerto2020-2026,MovimientosxAeropuerto2020-2026
Colombia,SJE,SKSJ,Jorge E. Gonzalez Torres Airport,2026,1,2026-01,1718,1773,0,0,3491,0,1718,1773,3491,382,385,0,0,767,0,382,385,767,disponible,disponible,PasajerosArribadosPartidosxAeropuerto2020-2026,MovimientosxAeropuerto2020-2026
Colombia,SMR,SKSM,Simón Bolívar International Airport,2026,1,2026-01,166956,187992,1905,4975,354948,6880,168861,192967,361828,1321,1312,18,21,2633,39,1339,1333,2672,disponible,disponible,PasajerosArribadosPartidosxAeropuerto2020-2026,MovimientosxAeropuerto2020-2026
Colombia,SVI,SKSV,Eduardo Falla Solano Airport,2026,1,2026-01,307,389,0,0,696,0,307,389,696,25,25,0,0,50,0,25,25,50,disponible,disponible,PasajerosArribadosPartidosxAeropuerto2020-2026,MovimientosxAeropuerto2020-2026
Colombia,TCD,SKRA,Tarapacá Airport,2026,1,2026-01,,,,,,,,,,23,24,0,0,47,0,23,24,47,sin_dato,disponible,PasajerosArribadosPartidosxAeropuerto2020-2026,MovimientosxAeropuerto2020-2026
Colombia,TCO,SKCO,La Florida Airport,2026,1,2026-01,3582,7502,0,0,11084,0,3582,7502,11084,238,236,0,1,474,1,238,237,475,disponible,disponible,PasajerosArribadosPartidosxAeropuerto2020-2026,MovimientosxAeropuerto2020-2026
Colombia,TLU,SKTL,Golfo de Morrosquillo Airport,2026,1,2026-01,5367,7214,0,0,12581,0,5367,7214,12581,190,193,0,0,383,0,190,193,383,disponible,disponible,PasajerosArribadosPartidosxAeropuerto2020-2026,MovimientosxAeropuerto2020-2026
Colombia,TME,SKTM,Gustavo Vargas Airport,2026,1,2026-01,301,349,0,0,650,0,301,349,650,49,62,0,0,111,0,49,62,111,disponible,disponible,PasajerosArribadosPartidosxAeropuerto2020-2026,MovimientosxAeropuerto2020-2026
Colombia,UIB,SKUI,El Caraño Airport,2026,1,2026-01,10086,12397,0,0,22483,0,10086,12397,22483,787,786,0,0,1573,0,787,786,1573,disponible,disponible,PasajerosArribadosPartidosxAeropuerto2020-2026,MovimientosxAeropuerto2020-2026
Colombia,VUP,SKVP,Alfonso López Pumarejo Airport,2026,1,2026-01,14663,22064,0,1368,36727,1368,14663,23432,38095,289,284,0,0,573,0,289,284,573,disponible,disponible,PasajerosArribadosPartidosxAeropuerto2020-2026,MovimientosxAeropuerto2020-2026
Colombia,VVC,SKVV,Vanguardia Airport,2026,1,2026-01,7931,13292,0,1,21223,1,7931,13293,21224,1532,1534,0,0,3066,0,1532,1534,3066,disponible,disponible,PasajerosArribadosPartidosxAeropuerto2020-2026,MovimientosxAeropuerto2020-2026
Colombia,ADZ,SKSP,Gustavo Rojas Pinilla International Airport,2026,2,2026-02,105560,79617,2785,11831,185177,14616,108345,91448,199793,878,878,25,27,1756,52,903,905,1808,disponible,disponible,PasajerosArribadosPartidosxAeropuerto2020-2026,MovimientosxAeropuerto2020-2026
Colombia,APO,SKLC,Antonio Roldán Betancur Airport,2026,2,2026-02,6769,5714,0,0,12483,0,6769,5714,12483,852,861,0,0,1713,0,852,861,1713,disponible,disponible,PasajerosArribadosPartidosxAeropuerto2020-2026,MovimientosxAeropuerto2020-2026
Colombia,AUC,SKUC,Santiago Perez Airport,2026,2,2026-02,5333,5677,0,0,11010,0,5333,5677,11010,318,329,0,0,647,0,318,329,647,disponible,disponible,PasajerosArribadosPartidosxAeropuerto2020-2026,MovimientosxAeropuerto2020-2026
Colombia,AXM,SKAR,El Eden Airport,2026,2,2026-02,20640,25578,2738,3810,46218,6548,23378,29388,52766,267,267,24,24,534,48,291,291,582,disponible,disponible,PasajerosArribadosPartidosxAeropuerto2020-2026,MovimientosxAeropuerto2020-2026
Colombia,BAQ,SKBQ,Ernesto Cortissoz International Airport,2026,2,2026-02,99091,114934,17344,23442,214025,40786,116435,138376,254811,1656,1657,185,184,3313,369,1841,1841,3682,disponible,disponible,PasajerosArribadosPartidosxAeropuerto2020-2026,MovimientosxAeropuerto2020-2026
Colombia,BGA,SKBG,Palonegro Airport,2026,2,2026-02,63383,50904,3292,6129,114287,9421,66675,57033,123708,1119,1106,33,32,2225,65,1152,1138,2290,disponible,disponible,PasajerosArribadosPartidosxAeropuerto2020-2026,MovimientosxAeropuerto2020-2026
Colombia,BOG,SKBO,El Dorado International Airport,2026,2,2026-02,843621,799943,559234,569302,1643564,1128536,1402855,1369245,2772100,10934,11010,5101,5033,21944,10134,16035,16043,32078,disponible,disponible,PasajerosArribadosPartidosxAeropuerto2020-2026,MovimientosxAeropuerto2020-2026
Colombia,BSC,SKBS,José Celestino Mutis Airport,2026,2,2026-02,2538,2501,0,0,5039,0,2538,2501,5039,202,204,0,0,406,0,202,204,406,disponible,disponible,PasajerosArribadosPartidosxAeropuerto2020-2026,MovimientosxAeropuerto2020-2026
Colombia,BUN,SKBU,Gerardo Tobar López Airport,2026,2,2026-02,269,243,0,0,512,0,269,243,512,44,44,0,0,88,0,44,44,88,disponible,disponible,PasajerosArribadosPartidosxAeropuerto2020-2026,MovimientosxAeropuerto2020-2026
Colombia,CLO,SKCL,Alfonso Bonilla Aragon International Airport,2026,2,2026-02,166633,202534,41576,56925,369167,98501,208209,259459,467668,2579,2579,311,303,5158,614,2890,2882,5772,disponible,disponible,PasajerosArribadosPartidosxAeropuerto2020-2026,MovimientosxAeropuerto2020-2026
Colombia,CTG,SKCG,Rafael Nuñez International Airport,2026,2,2026-02,179526,132931,61793,81890,312457,143683,241319,214821,456140,1694,1651,565,610,3345,1175,2259,2261,4520,disponible,disponible,PasajerosArribadosPartidosxAeropuerto2020-2026,MovimientosxAeropuerto2020-2026
Colombia,CUC,SKCC,Camilo Daza International Airport,2026,2,2026-02,51274,53033,5467,9336,104307,14803,56741,62369,119110,727,726,20,20,1453,40,747,746,1493,disponible,disponible,PasajerosArribadosPartidosxAeropuerto2020-2026,MovimientosxAeropuerto2020-2026
Colombia,CZU,SKCZ,Las Brujas Airport,2026,2,2026-02,860,873,0,0,1733,0,860,873,1733,56,56,0,0,112,0,56,56,112,disponible,disponible,PasajerosArribadosPartidosxAeropuerto2020-2026,MovimientosxAeropuerto2020-2026
Colombia,EJA,SKEJ,Yariguíes Airport,2026,2,2026-02,4147,5797,0,40,9944,40,4147,5837,9984,260,279,0,0,539,0,260,279,539,disponible,disponible,PasajerosArribadosPartidosxAeropuerto2020-2026,MovimientosxAeropuerto2020-2026
Colombia,EOH,SKMD,Enrique Olaya Herrera Airport,2026,2,2026-02,37506,37672,4,3,75178,7,37510,37675,75185,2524,2540,7,5,5064,12,2531,2545,5076,disponible,disponible,PasajerosArribadosPartidosxAeropuerto2020-2026,MovimientosxAeropuerto2020-2026
Colombia,EYP,SKYP,El Alcaravan - Yopal Airport,2026,2,2026-02,12773,15168,0,0,27941,0,12773,15168,27941,562,561,0,0,1123,0,562,561,1123,disponible,disponible,PasajerosArribadosPartidosxAeropuerto2020-2026,MovimientosxAeropuerto2020-2026
Colombia,FLA,SKFL,Gustavo Artunduaga Paredes Airport,2026,2,2026-02,3955,4022,0,0,7977,0,3955,4022,7977,166,189,0,0,355,0,166,189,355,disponible,disponible,PasajerosArribadosPartidosxAeropuerto2020-2026,MovimientosxAeropuerto2020-2026
Colombia,GPI,SKGP,Guapi Airport,2026,2,2026-02,3156,2862,0,0,6018,0,3156,2862,6018,127,133,0,0,260,0,127,133,260,disponible,disponible,PasajerosArribadosPartidosxAeropuerto2020-2026,MovimientosxAeropuerto2020-2026
Colombia,IBE,SKIB,Perales Airport,2026,2,2026-02,7059,9729,0,0,16788,0,7059,9729,16788,326,327,0,0,653,0,326,327,653,disponible,disponible,PasajerosArribadosPartidosxAeropuerto2020-2026,MovimientosxAeropuerto2020-2026
Colombia,IPI,SKIP,San Luis Airport,2026,2,2026-02,4921,8782,0,0,13703,0,4921,8782,13703,94,93,0,0,187,0,94,93,187,disponible,disponible,PasajerosArribadosPartidosxAeropuerto2020-2026,MovimientosxAeropuerto2020-2026
Colombia,LCR,SKHZ,Virgilio Barco Vargas (La Chorrera) Airport,2026,2,2026-02,,,,,,,,,,33,30,0,0,63,0,33,30,63,sin_dato,disponible,PasajerosArribadosPartidosxAeropuerto2020-2026,MovimientosxAeropuerto2020-2026
Colombia,LET,SKLT,Alfredo Vásquez Cobo International Airport,2026,2,2026-02,8891,12847,10,158,21738,168,8901,13005,21906,210,222,3,4,432,7,213,226,439,disponible,disponible,PasajerosArribadosPartidosxAeropuerto2020-2026,MovimientosxAeropuerto2020-2026
Colombia,LMC,SKNA,La Macarena Airport,2026,2,2026-02,514,558,0,0,1072,0,514,558,1072,181,190,0,0,371,0,181,190,371,disponible,disponible,PasajerosArribadosPartidosxAeropuerto2020-2026,MovimientosxAeropuerto2020-2026
Colombia,LPD,SKLP,La Pedrera Airport,2026,2,2026-02,304,195,0,0,499,0,304,195,499,52,51,0,0,103,0,52,51,103,disponible,disponible,PasajerosArribadosPartidosxAeropuerto2020-2026,MovimientosxAeropuerto2020-2026
Colombia,LQM,SKLG,Caucaya Airport,2026,2,2026-02,741,633,0,0,1374,0,741,633,1374,45,42,0,0,87,0,45,42,87,disponible,disponible,PasajerosArribadosPartidosxAeropuerto2020-2026,MovimientosxAeropuerto2020-2026
Colombia,MDE,SKRG,Jose Maria Córdova International Airport,2026,2,2026-02,311782,329558,152899,169530,641340,322429,464681,499088,963769,2972,2942,1253,1281,5914,2534,4225,4223,8448,disponible,disponible,PasajerosArribadosPartidosxAeropuerto2020-2026,MovimientosxAeropuerto2020-2026
Colombia,MTR,SKMR,Los Garzones Airport,2026,2,2026-02,48250,39343,0,916,87593,916,48250,40259,88509,800,809,0,0,1609,0,800,809,1609,disponible,disponible,PasajerosArribadosPartidosxAeropuerto2020-2026,MovimientosxAeropuerto2020-2026
Colombia,MVP,SKMU,Fabio Alberto Leon Bentley Airport,2026,2,2026-02,2252,2747,0,0,4999,0,2252,2747,4999,1069,1071,0,0,2140,0,1069,1071,2140,disponible,disponible,PasajerosArribadosPartidosxAeropuerto2020-2026,MovimientosxAeropuerto2020-2026
Colombia,MZL,SKMZ,La Nubia Airport,2026,2,2026-02,1928,191,0,0,2119,0,1928,191,2119,96,94,0,0,190,0,96,94,190,disponible,disponible,PasajerosArribadosPartidosxAeropuerto2020-2026,MovimientosxAeropuerto2020-2026
Colombia,NQU,SKNQ,Reyes Murillo Airport,2026,2,2026-02,1700,1915,0,0,3615,0,1700,1915,3615,114,114,0,0,228,0,114,114,228,disponible,disponible,PasajerosArribadosPartidosxAeropuerto2020-2026,MovimientosxAeropuerto2020-2026
Colombia,NVA,SKNV,Benito Salas Airport,2026,2,2026-02,11662,15004,0,0,26666,0,11662,15004,26666,434,430,0,0,864,0,434,430,864,disponible,disponible,PasajerosArribadosPartidosxAeropuerto2020-2026,MovimientosxAeropuerto2020-2026
Colombia,PCR,SKPC,German Olano Airport,2026,2,2026-02,2817,2541,0,0,5358,0,2817,2541,5358,120,117,0,0,237,0,120,117,237,disponible,disponible,PasajerosArribadosPartidosxAeropuerto2020-2026,MovimientosxAeropuerto2020-2026
Colombia,PDA,SKPD,Obando Cesar Gaviria Trujillo Airport,2026,2,2026-02,,,,,,,,,,239,241,0,0,480,0,239,241,480,sin_dato,disponible,PasajerosArribadosPartidosxAeropuerto2020-2026,MovimientosxAeropuerto2020-2026
Colombia,PEI,SKPE,Matecaña International Airport,2026,2,2026-02,55005,83512,6648,17104,138517,23752,61653,100616,162269,991,991,60,62,1982,122,1051,1053,2104,disponible,disponible,PasajerosArribadosPartidosxAeropuerto2020-2026,MovimientosxAeropuerto2020-2026
Colombia,PPN,SKPP,Guillermo León Valencia Airport,2026,2,2026-02,2780,8825,0,0,11605,0,2780,8825,11605,417,420,0,0,837,0,417,420,837,disponible,disponible,PasajerosArribadosPartidosxAeropuerto2020-2026,MovimientosxAeropuerto2020-2026
Colombia,PSO,SKPS,Antonio Nariño Airport,2026,2,2026-02,22859,24514,0,666,47373,666,22859,25180,48039,295,297,0,0,592,0,295,297,592,disponible,disponible,PasajerosArribadosPartidosxAeropuerto2020-2026,MovimientosxAeropuerto2020-2026
Colombia,PUU,SKAS,Tres De Mayo Airport,2026,2,2026-02,4136,4439,0,0,8575,0,4136,4439,8575,140,140,0,0,280,0,140,140,280,disponible,disponible,PasajerosArribadosPartidosxAeropuerto2020-2026,MovimientosxAeropuerto2020-2026
Colombia,PVA,SKPV,El Embrujo Airport,2026,2,2026-02,3802,3849,0,0,7651,0,3802,3849,7651,116,115,0,0,231,0,116,115,231,disponible,disponible,PasajerosArribadosPartidosxAeropuerto2020-2026,MovimientosxAeropuerto2020-2026
Colombia,RCH,SKRH,Almirante Padilla Airport,2026,2,2026-02,21508,23222,0,1364,44730,1364,21508,24586,46094,217,219,0,0,436,0,217,219,436,disponible,disponible,PasajerosArribadosPartidosxAeropuerto2020-2026,MovimientosxAeropuerto2020-2026
Colombia,RVE,SKSA,Los Colonizadores Airport,2026,2,2026-02,2309,1883,0,0,4192,0,2309,1883,4192,151,148,0,0,299,0,151,148,299,disponible,disponible,PasajerosArribadosPartidosxAeropuerto2020-2026,MovimientosxAeropuerto2020-2026
Colombia,SJE,SKSJ,Jorge E. Gonzalez Torres Airport,2026,2,2026-02,1398,1516,0,0,2914,0,1398,1516,2914,452,443,0,0,895,0,452,443,895,disponible,disponible,PasajerosArribadosPartidosxAeropuerto2020-2026,MovimientosxAeropuerto2020-2026
Colombia,SMR,SKSM,Simón Bolívar International Airport,2026,2,2026-02,125213,123764,1909,5000,248977,6909,127122,128764,255886,1024,1020,15,16,2044,31,1039,1036,2075,disponible,disponible,PasajerosArribadosPartidosxAeropuerto2020-2026,MovimientosxAeropuerto2020-2026
Colombia,SVI,SKSV,Eduardo Falla Solano Airport,2026,2,2026-02,227,214,0,0,441,0,227,214,441,33,21,0,0,54,0,33,21,54,disponible,disponible,PasajerosArribadosPartidosxAeropuerto2020-2026,MovimientosxAeropuerto2020-2026
Colombia,TCD,SKRA,Tarapacá Airport,2026,2,2026-02,,,,,,,,,,29,19,0,0,48,0,29,19,48,sin_dato,disponible,PasajerosArribadosPartidosxAeropuerto2020-2026,MovimientosxAeropuerto2020-2026
Colombia,TCO,SKCO,La Florida Airport,2026,2,2026-02,4289,5904,0,0,10193,0,4289,5904,10193,247,235,0,0,482,0,247,235,482,disponible,disponible,PasajerosArribadosPartidosxAeropuerto2020-2026,MovimientosxAeropuerto2020-2026
Colombia,TLU,SKTL,Golfo de Morrosquillo Airport,2026,2,2026-02,2271,2338,0,0,4609,0,2271,2338,4609,83,85,0,0,168,0,83,85,168,disponible,disponible,PasajerosArribadosPartidosxAeropuerto2020-2026,MovimientosxAeropuerto2020-2026
Colombia,TME,SKTM,Gustavo Vargas Airport,2026,2,2026-02,335,283,0,0,618,0,335,283,618,64,81,0,0,145,0,64,81,145,disponible,disponible,PasajerosArribadosPartidosxAeropuerto2020-2026,MovimientosxAeropuerto2020-2026
Colombia,UIB,SKUI,El Caraño Airport,2026,2,2026-02,8540,13201,0,0,21741,0,8540,13201,21741,669,669,0,0,1338,0,669,669,1338,disponible,disponible,PasajerosArribadosPartidosxAeropuerto2020-2026,MovimientosxAeropuerto2020-2026
Colombia,VUP,SKVP,Alfonso López Pumarejo Airport,2026,2,2026-02,15702,16090,0,824,31792,824,15702,16914,32616,251,251,0,0,502,0,251,251,502,disponible,disponible,PasajerosArribadosPartidosxAeropuerto2020-2026,MovimientosxAeropuerto2020-2026
Colombia,VVC,SKVV,Vanguardia Airport,2026,2,2026-02,8482,11552,0,0,20034,0,8482,11552,20034,1599,1603,0,0,3202,0,1599,1603,3202,disponible,disponible,PasajerosArribadosPartidosxAeropuerto2020-2026,MovimientosxAeropuerto2020-2026
Colombia,ADZ,SKSP,Gustavo Rojas Pinilla International Airport,2026,3,2026-03,111912,104596,2562,13001,216508,15563,114474,117597,232071,982,979,27,26,1961,53,1009,1005,2014,disponible,disponible,PasajerosArribadosPartidosxAeropuerto2020-2026,MovimientosxAeropuerto2020-2026
Colombia,APO,SKLC,Antonio Roldán Betancur Airport,2026,3,2026-03,8204,8140,0,0,16344,0,8204,8140,16344,960,964,0,0,1924,0,960,964,1924,disponible,disponible,PasajerosArribadosPartidosxAeropuerto2020-2026,MovimientosxAeropuerto2020-2026
Colombia,AUC,SKUC,Santiago Perez Airport,2026,3,2026-03,5603,7191,0,0,12794,0,5603,7191,12794,334,340,0,0,674,0,334,340,674,disponible,disponible,PasajerosArribadosPartidosxAeropuerto2020-2026,MovimientosxAeropuerto2020-2026
Colombia,AXM,SKAR,El Eden Airport,2026,3,2026-03,23543,23055,3031,4758,46598,7789,26574,27813,54387,326,330,27,27,656,54,353,357,710,disponible,disponible,PasajerosArribadosPartidosxAeropuerto2020-2026,MovimientosxAeropuerto2020-2026
Colombia,BAQ,SKBQ,Ernesto Cortissoz International Airport,2026,3,2026-03,50359,115426,15866,25941,165785,41807,66225,141367,207592,1768,1778,221,218,3546,439,1989,1996,3985,disponible,disponible,PasajerosArribadosPartidosxAeropuerto2020-2026,MovimientosxAeropuerto2020-2026
Colombia,BGA,SKBG,Palonegro Airport,2026,3,2026-03,63862,65611,2107,6096,129473,8203,65969,71707,137676,1195,1186,24,30,2381,54,1219,1216,2435,disponible,disponible,PasajerosArribadosPartidosxAeropuerto2020-2026,MovimientosxAeropuerto2020-2026
Colombia,BOG,SKBO,El Dorado International Airport,2026,3,2026-03,950163,844539,609616,664727,1794702,1274343,1559779,1509266,3069045,11943,12027,5570,5462,23970,11032,17513,17489,35002,disponible,disponible,PasajerosArribadosPartidosxAeropuerto2020-2026,MovimientosxAeropuerto2020-2026
Colombia,BSC,SKBS,José Celestino Mutis Airport,2026,3,2026-03,2869,2852,0,0,5721,0,2869,2852,5721,223,225,0,0,448,0,223,225,448,disponible,disponible,PasajerosArribadosPartidosxAeropuerto2020-2026,MovimientosxAeropuerto2020-2026
Colombia,BUN,SKBU,Gerardo Tobar López Airport,2026,3,2026-03,480,416,0,0,896,0,480,416,896,37,34,0,0,71,0,37,34,71,disponible,disponible,PasajerosArribadosPartidosxAeropuerto2020-2026,MovimientosxAeropuerto2020-2026
Colombia,CLO,SKCL,Alfonso Bonilla Aragon International Airport,2026,3,2026-03,216890,213107,38170,57523,429997,95693,255060,270630,525690,2779,2791,323,309,5570,632,3102,3100,6202,disponible,disponible,PasajerosArribadosPartidosxAeropuerto2020-2026,MovimientosxAeropuerto2020-2026
Colombia,CTG,SKCG,Rafael Nuñez International Airport,2026,3,2026-03,229514,221582,53374,102522,451096,155896,282888,324104,606992,2008,1953,526,581,3961,1107,2534,2534,5068,disponible,disponible,PasajerosArribadosPartidosxAeropuerto2020-2026,MovimientosxAeropuerto2020-2026
Colombia,CUC,SKCC,Camilo Daza International Airport,2026,3,2026-03,50073,54215,2818,7097,104288,9915,52891,61312,114203,774,777,24,24,1551,48,798,801,1599,disponible,disponible,PasajerosArribadosPartidosxAeropuerto2020-2026,MovimientosxAeropuerto2020-2026
Colombia,CZU,SKCZ,Las Brujas Airport,2026,3,2026-03,124,900,0,0,1024,0,124,900,1024,52,54,0,0,106,0,52,54,106,disponible,disponible,PasajerosArribadosPartidosxAeropuerto2020-2026,MovimientosxAeropuerto2020-2026
Colombia,EJA,SKEJ,Yariguíes Airport,2026,3,2026-03,5364,5564,0,35,10928,35,5364,5599,10963,304,306,0,0,610,0,304,306,610,disponible,disponible,PasajerosArribadosPartidosxAeropuerto2020-2026,MovimientosxAeropuerto2020-2026
Colombia,EOH,SKMD,Enrique Olaya Herrera Airport,2026,3,2026-03,45638,45642,0,0,91280,0,45638,45642,91280,2850,2855,7,10,5705,17,2857,2865,5722,disponible,disponible,PasajerosArribadosPartidosxAeropuerto2020-2026,MovimientosxAeropuerto2020-2026
Colombia,EYP,SKYP,El Alcaravan - Yopal Airport,2026,3,2026-03,13919,16464,0,0,30383,0,13919,16464,30383,574,577,0,0,1151,0,574,577,1151,disponible,disponible,PasajerosArribadosPartidosxAeropuerto2020-2026,MovimientosxAeropuerto2020-2026
Colombia,FLA,SKFL,Gustavo Artunduaga Paredes Airport,2026,3,2026-03,4157,4272,0,0,8429,0,4157,4272,8429,165,173,0,0,338,0,165,173,338,disponible,disponible,PasajerosArribadosPartidosxAeropuerto2020-2026,MovimientosxAeropuerto2020-2026
Colombia,GPI,SKGP,Guapi Airport,2026,3,2026-03,3449,3697,0,0,7146,0,3449,3697,7146,132,133,0,0,265,0,132,133,265,disponible,disponible,PasajerosArribadosPartidosxAeropuerto2020-2026,MovimientosxAeropuerto2020-2026
Colombia,IBE,SKIB,Perales Airport,2026,3,2026-03,7426,10318,0,0,17744,0,7426,10318,17744,320,320,0,0,640,0,320,320,640,disponible,disponible,PasajerosArribadosPartidosxAeropuerto2020-2026,MovimientosxAeropuerto2020-2026
Colombia,IPI,SKIP,San Luis Airport,2026,3,2026-03,5380,9028,0,0,14408,0,5380,9028,14408,88,89,0,0,177,0,88,89,177,disponible,disponible,PasajerosArribadosPartidosxAeropuerto2020-2026,MovimientosxAeropuerto2020-2026
Colombia,LCR,SKHZ,Virgilio Barco Vargas (La Chorrera) Airport,2026,3,2026-03,,,,,,,,,,36,36,0,0,72,0,36,36,72,sin_dato,disponible,PasajerosArribadosPartidosxAeropuerto2020-2026,MovimientosxAeropuerto2020-2026
Colombia,LET,SKLT,Alfredo Vásquez Cobo International Airport,2026,3,2026-03,14160,14462,0,217,28622,217,14160,14679,28839,246,246,1,4,492,5,247,250,497,disponible,disponible,PasajerosArribadosPartidosxAeropuerto2020-2026,MovimientosxAeropuerto2020-2026
Colombia,LMC,SKNA,La Macarena Airport,2026,3,2026-03,588,623,0,0,1211,0,588,623,1211,195,195,0,0,390,0,195,195,390,disponible,disponible,PasajerosArribadosPartidosxAeropuerto2020-2026,MovimientosxAeropuerto2020-2026
Colombia,LPD,SKLP,La Pedrera Airport,2026,3,2026-03,243,240,0,0,483,0,243,240,483,53,54,0,0,107,0,53,54,107,disponible,disponible,PasajerosArribadosPartidosxAeropuerto2020-2026,MovimientosxAeropuerto2020-2026
Colombia,LQM,SKLG,Caucaya Airport,2026,3,2026-03,612,698,0,0,1310,0,612,698,1310,75,59,0,0,134,0,75,59,134,disponible,disponible,PasajerosArribadosPartidosxAeropuerto2020-2026,MovimientosxAeropuerto2020-2026
Colombia,MDE,SKRG,Jose Maria Córdova International Airport,2026,3,2026-03,312784,377469,147118,192514,690253,339632,459902,569983,1029885,3538,3493,1421,1458,7031,2879,4959,4951,9910,disponible,disponible,PasajerosArribadosPartidosxAeropuerto2020-2026,MovimientosxAeropuerto2020-2026
Colombia,MTR,SKMR,Los Garzones Airport,2026,3,2026-03,66299,57341,0,1513,123640,1513,66299,58854,125153,882,894,1,0,1776,1,883,894,1777,disponible,disponible,PasajerosArribadosPartidosxAeropuerto2020-2026,MovimientosxAeropuerto2020-2026
Colombia,MVP,SKMU,Fabio Alberto Leon Bentley Airport,2026,3,2026-03,2211,2748,0,0,4959,0,2211,2748,4959,989,989,0,0,1978,0,989,989,1978,disponible,disponible,PasajerosArribadosPartidosxAeropuerto2020-2026,MovimientosxAeropuerto2020-2026
Colombia,MZL,SKMZ,La Nubia Airport,2026,3,2026-03,2467,2413,0,0,4880,0,2467,2413,4880,107,108,0,0,215,0,107,108,215,disponible,disponible,PasajerosArribadosPartidosxAeropuerto2020-2026,MovimientosxAeropuerto2020-2026
Colombia,NQU,SKNQ,Reyes Murillo Airport,2026,3,2026-03,2069,1874,0,0,3943,0,2069,1874,3943,127,127,0,0,254,0,127,127,254,disponible,disponible,PasajerosArribadosPartidosxAeropuerto2020-2026,MovimientosxAeropuerto2020-2026
Colombia,NVA,SKNV,Benito Salas Airport,2026,3,2026-03,12303,16099,0,0,28402,0,12303,16099,28402,453,455,0,0,908,0,453,455,908,disponible,disponible,PasajerosArribadosPartidosxAeropuerto2020-2026,MovimientosxAeropuerto2020-2026
Colombia,PCR,SKPC,German Olano Airport,2026,3,2026-03,954,2952,0,0,3906,0,954,2952,3906,126,127,0,0,253,0,126,127,253,disponible,disponible,PasajerosArribadosPartidosxAeropuerto2020-2026,MovimientosxAeropuerto2020-2026
Colombia,PDA,SKPD,Obando Cesar Gaviria Trujillo Airport,2026,3,2026-03,,,,,,,,,,273,268,0,0,541,0,273,268,541,sin_dato,disponible,PasajerosArribadosPartidosxAeropuerto2020-2026,MovimientosxAeropuerto2020-2026
Colombia,PEI,SKPE,Matecaña International Airport,2026,3,2026-03,90760,92522,8335,18245,183282,26580,99095,110767,209862,1101,1102,70,72,2203,142,1171,1174,2345,disponible,disponible,PasajerosArribadosPartidosxAeropuerto2020-2026,MovimientosxAeropuerto2020-2026
Colombia,PPN,SKPP,Guillermo León Valencia Airport,2026,3,2026-03,7531,9521,0,0,17052,0,7531,9521,17052,444,462,0,0,906,0,444,462,906,disponible,disponible,PasajerosArribadosPartidosxAeropuerto2020-2026,MovimientosxAeropuerto2020-2026
Colombia,PSO,SKPS,Antonio Nariño Airport,2026,3,2026-03,23270,27921,0,786,51191,786,23270,28707,51977,314,318,0,0,632,0,314,318,632,disponible,disponible,PasajerosArribadosPartidosxAeropuerto2020-2026,MovimientosxAeropuerto2020-2026
Colombia,PUU,SKAS,Tres De Mayo Airport,2026,3,2026-03,4451,4675,0,0,9126,0,4451,4675,9126,147,148,0,0,295,0,147,148,295,disponible,disponible,PasajerosArribadosPartidosxAeropuerto2020-2026,MovimientosxAeropuerto2020-2026
Colombia,PVA,SKPV,El Embrujo Airport,2026,3,2026-03,4871,4641,0,0,9512,0,4871,4641,9512,146,145,0,0,291,0,146,145,291,disponible,disponible,PasajerosArribadosPartidosxAeropuerto2020-2026,MovimientosxAeropuerto2020-2026
Colombia,RCH,SKRH,Almirante Padilla Airport,2026,3,2026-03,18728,6137,0,1303,24865,1303,18728,7440,26168,220,224,0,0,444,0,220,224,444,disponible,disponible,PasajerosArribadosPartidosxAeropuerto2020-2026,MovimientosxAeropuerto2020-2026
Colombia,RVE,SKSA,Los Colonizadores Airport,2026,3,2026-03,2123,2505,0,0,4628,0,2123,2505,4628,139,138,0,0,277,0,139,138,277,disponible,disponible,PasajerosArribadosPartidosxAeropuerto2020-2026,MovimientosxAeropuerto2020-2026
Colombia,SJE,SKSJ,Jorge E. Gonzalez Torres Airport,2026,3,2026-03,1797,1725,0,0,3522,0,1797,1725,3522,523,523,0,0,1046,0,523,523,1046,disponible,disponible,PasajerosArribadosPartidosxAeropuerto2020-2026,MovimientosxAeropuerto2020-2026
Colombia,SMR,SKSM,Simón Bolívar International Airport,2026,3,2026-03,151170,146730,1741,5031,297900,6772,152911,151761,304672,1242,1243,16,16,2485,32,1258,1259,2517,disponible,disponible,PasajerosArribadosPartidosxAeropuerto2020-2026,MovimientosxAeropuerto2020-2026
Colombia,SVI,SKSV,Eduardo Falla Solano Airport,2026,3,2026-03,206,215,0,0,421,0,206,215,421,29,19,0,0,48,0,29,19,48,disponible,disponible,PasajerosArribadosPartidosxAeropuerto2020-2026,MovimientosxAeropuerto2020-2026
Colombia,TCD,SKRA,Tarapacá Airport,2026,3,2026-03,,,,,,,,,,22,22,0,0,44,0,22,22,44,sin_dato,disponible,PasajerosArribadosPartidosxAeropuerto2020-2026,MovimientosxAeropuerto2020-2026
Colombia,TCO,SKCO,La Florida Airport,2026,3,2026-03,6012,4601,0,0,10613,0,6012,4601,10613,285,280,0,0,565,0,285,280,565,disponible,disponible,PasajerosArribadosPartidosxAeropuerto2020-2026,MovimientosxAeropuerto2020-2026
Colombia,TLU,SKTL,Golfo de Morrosquillo Airport,2026,3,2026-03,3171,2691,0,0,5862,0,3171,2691,5862,97,96,0,0,193,0,97,96,193,disponible,disponible,PasajerosArribadosPartidosxAeropuerto2020-2026,MovimientosxAeropuerto2020-2026
Colombia,TME,SKTM,Gustavo Vargas Airport,2026,3,2026-03,364,384,0,0,748,0,364,384,748,58,64,0,0,122,0,58,64,122,disponible,disponible,PasajerosArribadosPartidosxAeropuerto2020-2026,MovimientosxAeropuerto2020-2026
Colombia,UIB,SKUI,El Caraño Airport,2026,3,2026-03,14073,11708,0,0,25781,0,14073,11708,25781,744,743,0,0,1487,0,744,743,1487,disponible,disponible,PasajerosArribadosPartidosxAeropuerto2020-2026,MovimientosxAeropuerto2020-2026
Colombia,VUP,SKVP,Alfonso López Pumarejo Airport,2026,3,2026-03,18370,6599,0,958,24969,958,18370,7557,25927,284,282,0,0,566,0,284,282,566,disponible,disponible,PasajerosArribadosPartidosxAeropuerto2020-2026,MovimientosxAeropuerto2020-2026
Colombia,VVC,SKVV,Vanguardia Airport,2026,3,2026-03,9190,12356,0,0,21546,0,9190,12356,21546,1618,1617,0,0,3235,0,1618,1617,3235,disponible,disponible,PasajerosArribadosPartidosxAeropuerto2020-2026,MovimientosxAeropuerto2020-2026
Colombia,ADZ,SKSP,Gustavo Rojas Pinilla International Airport,2026,4,2026-04,93671,95426,2532,8889,189097,11421,96203,104315,200518,944,943,20,22,1887,42,964,965,1929,disponible,disponible,PasajerosArribadosPartidosxAeropuerto2020-2026,MovimientosxAeropuerto2020-2026
Colombia,APO,SKLC,Antonio Roldán Betancur Airport,2026,4,2026-04,3088,6502,0,0,9590,0,3088,6502,9590,839,839,0,0,1678,0,839,839,1678,disponible,disponible,PasajerosArribadosPartidosxAeropuerto2020-2026,MovimientosxAeropuerto2020-2026
Colombia,AUC,SKUC,Santiago Perez Airport,2026,4,2026-04,5458,6091,0,0,11549,0,5458,6091,11549,284,301,0,0,585,0,284,301,585,disponible,disponible,PasajerosArribadosPartidosxAeropuerto2020-2026,MovimientosxAeropuerto2020-2026
Colombia,AXM,SKAR,El Eden Airport,2026,4,2026-04,20526,16598,0,1655,37124,1655,20526,18253,38779,311,311,17,17,622,34,328,328,656,disponible,disponible,PasajerosArribadosPartidosxAeropuerto2020-2026,MovimientosxAeropuerto2020-2026
Colombia,BAQ,SKBQ,Ernesto Cortissoz International Airport,2026,4,2026-04,81386,80069,15169,19583,161455,34752,96555,99652,196207,1702,1709,203,203,3411,406,1905,1912,3817,disponible,disponible,PasajerosArribadosPartidosxAeropuerto2020-2026,MovimientosxAeropuerto2020-2026
Colombia,BGA,SKBG,Palonegro Airport,2026,4,2026-04,71131,74455,2573,5601,145586,8174,73704,80056,153760,1158,1172,39,40,2330,79,1197,1212,2409,disponible,disponible,PasajerosArribadosPartidosxAeropuerto2020-2026,MovimientosxAeropuerto2020-2026
Colombia,BOG,SKBO,El Dorado International Airport,2026,4,2026-04,853078,736734,600363,605241,1589812,1205604,1453441,1341975,2795416,10698,10776,5638,5580,21474,11218,16336,16356,32692,disponible,disponible,PasajerosArribadosPartidosxAeropuerto2020-2026,MovimientosxAeropuerto2020-2026
Colombia,BSC,SKBS,José Celestino Mutis Airport,2026,4,2026-04,2970,3071,0,0,6041,0,2970,3071,6041,224,225,0,0,449,0,224,225,449,disponible,disponible,PasajerosArribadosPartidosxAeropuerto2020-2026,MovimientosxAeropuerto2020-2026
Colombia,BUN,SKBU,Gerardo Tobar López Airport,2026,4,2026-04,406,392,0,0,798,0,406,392,798,44,44,0,0,88,0,44,44,88,disponible,disponible,PasajerosArribadosPartidosxAeropuerto2020-2026,MovimientosxAeropuerto2020-2026
Colombia,CLO,SKCL,Alfonso Bonilla Aragon International Airport,2026,4,2026-04,150217,174075,33231,49200,324292,82431,183448,223275,406723,2649,2686,315,287,5335,602,2964,2973,5937,disponible,disponible,PasajerosArribadosPartidosxAeropuerto2020-2026,MovimientosxAeropuerto2020-2026
Colombia,CTG,SKCG,Rafael Nuñez International Airport,2026,4,2026-04,214952,214879,56740,71264,429831,128004,271692,286143,557835,2033,2011,474,507,4044,981,2507,2518,5025,disponible,disponible,PasajerosArribadosPartidosxAeropuerto2020-2026,MovimientosxAeropuerto2020-2026
Colombia,CUC,SKCC,Camilo Daza International Airport,2026,4,2026-04,51995,55620,2627,5902,107615,8529,54622,61522,116144,654,659,25,24,1313,49,679,683,1362,disponible,disponible,PasajerosArribadosPartidosxAeropuerto2020-2026,MovimientosxAeropuerto2020-2026
Colombia,CZU,SKCZ,Las Brujas Airport,2026,4,2026-04,1051,1060,0,0,2111,0,1051,1060,2111,52,54,0,0,106,0,52,54,106,disponible,disponible,PasajerosArribadosPartidosxAeropuerto2020-2026,MovimientosxAeropuerto2020-2026
Colombia,EJA,SKEJ,Yariguíes Airport,2026,4,2026-04,5776,5908,0,67,11684,67,5776,5975,11751,209,201,0,0,410,0,209,201,410,disponible,disponible,PasajerosArribadosPartidosxAeropuerto2020-2026,MovimientosxAeropuerto2020-2026
Colombia,EOH,SKMD,Enrique Olaya Herrera Airport,2026,4,2026-04,40072,38795,0,0,78867,0,40072,38795,78867,2645,2643,7,10,5288,17,2652,2653,5305,disponible,disponible,PasajerosArribadosPartidosxAeropuerto2020-2026,MovimientosxAeropuerto2020-2026
Colombia,EYP,SKYP,El Alcaravan - Yopal Airport,2026,4,2026-04,8799,15286,0,0,24085,0,8799,15286,24085,566,561,0,0,1127,0,566,561,1127,disponible,disponible,PasajerosArribadosPartidosxAeropuerto2020-2026,MovimientosxAeropuerto2020-2026
Colombia,FLA,SKFL,Gustavo Artunduaga Paredes Airport,2026,4,2026-04,4144,4242,0,0,8386,0,4144,4242,8386,144,155,0,0,299,0,144,155,299,disponible,disponible,PasajerosArribadosPartidosxAeropuerto2020-2026,MovimientosxAeropuerto2020-2026
Colombia,GPI,SKGP,Guapi Airport,2026,4,2026-04,1824,3327,0,0,5151,0,1824,3327,5151,132,131,0,0,263,0,132,131,263,disponible,disponible,PasajerosArribadosPartidosxAeropuerto2020-2026,MovimientosxAeropuerto2020-2026
Colombia,IBE,SKIB,Perales Airport,2026,4,2026-04,6562,9971,0,0,16533,0,6562,9971,16533,358,360,2,2,718,4,360,362,722,disponible,disponible,PasajerosArribadosPartidosxAeropuerto2020-2026,MovimientosxAeropuerto2020-2026
Colombia,IPI,SKIP,San Luis Airport,2026,4,2026-04,5101,9422,0,0,14523,0,5101,9422,14523,103,103,0,0,206,0,103,103,206,disponible,disponible,PasajerosArribadosPartidosxAeropuerto2020-2026,MovimientosxAeropuerto2020-2026
Colombia,LCR,SKHZ,Virgilio Barco Vargas (La Chorrera) Airport,2026,4,2026-04,,,,,,,,,,32,30,0,0,62,0,32,30,62,sin_dato,disponible,PasajerosArribadosPartidosxAeropuerto2020-2026,MovimientosxAeropuerto2020-2026
Colombia,LET,SKLT,Alfredo Vásquez Cobo International Airport,2026,4,2026-04,11978,12084,0,112,24062,112,11978,12196,24174,218,219,1,1,437,2,219,220,439,disponible,disponible,PasajerosArribadosPartidosxAeropuerto2020-2026,MovimientosxAeropuerto2020-2026
Colombia,LMC,SKNA,La Macarena Airport,2026,4,2026-04,493,519,0,0,1012,0,493,519,1012,177,177,0,0,354,0,177,177,354,disponible,disponible,PasajerosArribadosPartidosxAeropuerto2020-2026,MovimientosxAeropuerto2020-2026
Colombia,LPD,SKLP,La Pedrera Airport,2026,4,2026-04,213,203,0,0,416,0,213,203,416,42,41,0,0,83,0,42,41,83,disponible,disponible,PasajerosArribadosPartidosxAeropuerto2020-2026,MovimientosxAeropuerto2020-2026
Colombia,LQM,SKLG,Caucaya Airport,2026,4,2026-04,809,764,0,0,1573,0,809,764,1573,58,53,0,0,111,0,58,53,111,disponible,disponible,PasajerosArribadosPartidosxAeropuerto2020-2026,MovimientosxAeropuerto2020-2026
Colombia,MDE,SKRG,Jose Maria Córdova International Airport,2026,4,2026-04,342198,360205,142008,164154,702403,306162,484206,524359,1008565,3568,3535,1407,1444,7103,2851,4975,4979,9954,disponible,disponible,PasajerosArribadosPartidosxAeropuerto2020-2026,MovimientosxAeropuerto2020-2026
Colombia,MTR,SKMR,Los Garzones Airport,2026,4,2026-04,32454,58239,0,1062,90693,1062,32454,59301,91755,804,804,0,0,1608,0,804,804,1608,disponible,disponible,PasajerosArribadosPartidosxAeropuerto2020-2026,MovimientosxAeropuerto2020-2026
Colombia,MVP,SKMU,Fabio Alberto Leon Bentley Airport,2026,4,2026-04,2230,2076,0,0,4306,0,2230,2076,4306,884,880,0,0,1764,0,884,880,1764,disponible,disponible,PasajerosArribadosPartidosxAeropuerto2020-2026,MovimientosxAeropuerto2020-2026
Colombia,MZL,SKMZ,La Nubia Airport,2026,4,2026-04,2039,2053,0,0,4092,0,2039,2053,4092,73,73,0,0,146,0,73,73,146,disponible,disponible,PasajerosArribadosPartidosxAeropuerto2020-2026,MovimientosxAeropuerto2020-2026
Colombia,NQU,SKNQ,Reyes Murillo Airport,2026,4,2026-04,1818,2073,0,0,3891,0,1818,2073,3891,122,122,0,0,244,0,122,122,244,disponible,disponible,PasajerosArribadosPartidosxAeropuerto2020-2026,MovimientosxAeropuerto2020-2026
Colombia,NVA,SKNV,Benito Salas Airport,2026,4,2026-04,8652,15014,0,0,23666,0,8652,15014,23666,470,473,0,0,943,0,470,473,943,disponible,disponible,PasajerosArribadosPartidosxAeropuerto2020-2026,MovimientosxAeropuerto2020-2026
Colombia,PCR,SKPC,German Olano Airport,2026,4,2026-04,2624,2643,0,0,5267,0,2624,2643,5267,137,135,0,0,272,0,137,135,272,disponible,disponible,PasajerosArribadosPartidosxAeropuerto2020-2026,MovimientosxAeropuerto2020-2026
Colombia,PDA,SKPD,Obando Cesar Gaviria Trujillo Airport,2026,4,2026-04,,,,,,,,,,211,211,0,0,422,0,211,211,422,sin_dato,disponible,PasajerosArribadosPartidosxAeropuerto2020-2026,MovimientosxAeropuerto2020-2026
Colombia,PEI,SKPE,Matecaña International Airport,2026,4,2026-04,55734,74981,6463,15707,130715,22170,62197,90688,152885,1047,1047,63,61,2094,124,1110,1108,2218,disponible,disponible,PasajerosArribadosPartidosxAeropuerto2020-2026,MovimientosxAeropuerto2020-2026
Colombia,PPN,SKPP,Guillermo León Valencia Airport,2026,4,2026-04,7090,10685,0,0,17775,0,7090,10685,17775,396,397,0,0,793,0,396,397,793,disponible,disponible,PasajerosArribadosPartidosxAeropuerto2020-2026,MovimientosxAeropuerto2020-2026
Colombia,PSO,SKPS,Antonio Nariño Airport,2026,4,2026-04,22718,29129,0,816,51847,816,22718,29945,52663,310,310,0,0,620,0,310,310,620,disponible,disponible,PasajerosArribadosPartidosxAeropuerto2020-2026,MovimientosxAeropuerto2020-2026
Colombia,PUU,SKAS,Tres De Mayo Airport,2026,4,2026-04,4482,4565,0,0,9047,0,4482,4565,9047,138,136,0,0,274,0,138,136,274,disponible,disponible,PasajerosArribadosPartidosxAeropuerto2020-2026,MovimientosxAeropuerto2020-2026
Colombia,PVA,SKPV,El Embrujo Airport,2026,4,2026-04,406,4224,0,0,4630,0,406,4224,4630,125,125,0,0,250,0,125,125,250,disponible,disponible,PasajerosArribadosPartidosxAeropuerto2020-2026,MovimientosxAeropuerto2020-2026
Colombia,RCH,SKRH,Almirante Padilla Airport,2026,4,2026-04,20248,21447,0,972,41695,972,20248,22419,42667,221,223,0,0,444,0,221,223,444,disponible,disponible,PasajerosArribadosPartidosxAeropuerto2020-2026,MovimientosxAeropuerto2020-2026
Colombia,RVE,SKSA,Los Colonizadores Airport,2026,4,2026-04,1885,2022,0,0,3907,0,1885,2022,3907,119,124,0,0,243,0,119,124,243,disponible,disponible,PasajerosArribadosPartidosxAeropuerto2020-2026,MovimientosxAeropuerto2020-2026
Colombia,SJE,SKSJ,Jorge E. Gonzalez Torres Airport,2026,4,2026-04,1903,1788,0,0,3691,0,1903,1788,3691,423,424,0,0,847,0,423,424,847,disponible,disponible,PasajerosArribadosPartidosxAeropuerto2020-2026,MovimientosxAeropuerto2020-2026
Colombia,SMR,SKSM,Simón Bolívar International Airport,2026,4,2026-04,131546,124380,1282,3301,255926,4583,132828,127681,260509,1153,1153,16,15,2306,31,1169,1168,2337,disponible,disponible,PasajerosArribadosPartidosxAeropuerto2020-2026,MovimientosxAeropuerto2020-2026
Colombia,SVI,SKSV,Eduardo Falla Solano Airport,2026,4,2026-04,186,233,0,0,419,0,186,233,419,32,24,0,0,56,0,32,24,56,disponible,disponible,PasajerosArribadosPartidosxAeropuerto2020-2026,MovimientosxAeropuerto2020-2026
Colombia,TCD,SKRA,Tarapacá Airport,2026,4,2026-04,,,,,,,,,,18,17,0,0,35,0,18,17,35,sin_dato,disponible,PasajerosArribadosPartidosxAeropuerto2020-2026,MovimientosxAeropuerto2020-2026
Colombia,TCO,SKCO,La Florida Airport,2026,4,2026-04,4471,4795,0,0,9266,0,4471,4795,9266,243,235,0,0,478,0,243,235,478,disponible,disponible,PasajerosArribadosPartidosxAeropuerto2020-2026,MovimientosxAeropuerto2020-2026
Colombia,TLU,SKTL,Golfo de Morrosquillo Airport,2026,4,2026-04,1123,2123,0,0,3246,0,1123,2123,3246,92,92,0,0,184,0,92,92,184,disponible,disponible,PasajerosArribadosPartidosxAeropuerto2020-2026,MovimientosxAeropuerto2020-2026
Colombia,TME,SKTM,Gustavo Vargas Airport,2026,4,2026-04,284,291,0,0,575,0,284,291,575,39,58,0,0,97,0,39,58,97,disponible,disponible,PasajerosArribadosPartidosxAeropuerto2020-2026,MovimientosxAeropuerto2020-2026
Colombia,UIB,SKUI,El Caraño Airport,2026,4,2026-04,10863,12296,0,0,23159,0,10863,12296,23159,731,730,0,0,1461,0,731,730,1461,disponible,disponible,PasajerosArribadosPartidosxAeropuerto2020-2026,MovimientosxAeropuerto2020-2026
Colombia,VUP,SKVP,Alfonso López Pumarejo Airport,2026,4,2026-04,18122,6429,0,854,24551,854,18122,7283,25405,287,272,3,0,559,3,290,272,562,disponible,disponible,PasajerosArribadosPartidosxAeropuerto2020-2026,MovimientosxAeropuerto2020-2026
Colombia,VVC,SKVV,Vanguardia Airport,2026,4,2026-04,8576,8181,0,0,16757,0,8576,8181,16757,1436,1433,0,0,2869,0,1436,1433,2869,disponible,disponible,PasajerosArribadosPartidosxAeropuerto2020-2026,MovimientosxAeropuerto2020-2026
Colombia,ADZ,SKSP,Gustavo Rojas Pinilla International Airport,2026,5,2026-05,102664,100698,2450,8204,203362,10654,105114,108902,214016,966,962,22,23,1928,45,988,985,1973,disponible,disponible,PasajerosArribadosPartidosxAeropuerto2020-2026,MovimientosxAeropuerto2020-2026
Colombia,APO,SKLC,Antonio Roldán Betancur Airport,2026,5,2026-05,7892,8009,0,0,15901,0,7892,8009,15901,898,909,4,3,1807,7,902,912,1814,disponible,disponible,PasajerosArribadosPartidosxAeropuerto2020-2026,MovimientosxAeropuerto2020-2026
Colombia,AUC,SKUC,Santiago Perez Airport,2026,5,2026-05,6198,6294,0,0,12492,0,6198,6294,12492,314,321,0,0,635,0,314,321,635,disponible,disponible,PasajerosArribadosPartidosxAeropuerto2020-2026,MovimientosxAeropuerto2020-2026
Colombia,AXM,SKAR,El Eden Airport,2026,5,2026-05,19932,22455,0,1944,42387,1944,19932,24399,44331,361,363,2,2,724,4,363,365,728,disponible,disponible,PasajerosArribadosPartidosxAeropuerto2020-2026,MovimientosxAeropuerto2020-2026
Colombia,BAQ,SKBQ,Ernesto Cortissoz International Airport,2026,5,2026-05,101249,108470,46926,20946,209719,67872,148175,129416,277591,1647,1649,198,198,3296,396,1845,1847,3692,disponible,disponible,PasajerosArribadosPartidosxAeropuerto2020-2026,MovimientosxAeropuerto2020-2026
Colombia,BGA,SKBG,Palonegro Airport,2026,5,2026-05,63326,70579,3427,6731,133905,10158,66753,77310,144063,1320,1319,44,46,2639,90,1364,1365,2729,disponible,disponible,PasajerosArribadosPartidosxAeropuerto2020-2026,MovimientosxAeropuerto2020-2026
Colombia,BOG,SKBO,El Dorado International Airport,2026,5,2026-05,894011,833493,580568,640558,1727504,1221126,1474579,1474051,2948630,11147,11220,5632,5554,22367,11186,16779,16774,33553,disponible,disponible,PasajerosArribadosPartidosxAeropuerto2020-2026,MovimientosxAeropuerto2020-2026
Colombia,BSC,SKBS,José Celestino Mutis Airport,2026,5,2026-05,3432,3467,0,0,6899,0,3432,3467,6899,257,259,0,0,516,0,257,259,516,disponible,disponible,PasajerosArribadosPartidosxAeropuerto2020-2026,MovimientosxAeropuerto2020-2026
Colombia,BUN,SKBU,Gerardo Tobar López Airport,2026,5,2026-05,481,470,0,0,951,0,481,470,951,66,62,0,0,128,0,66,62,128,disponible,disponible,PasajerosArribadosPartidosxAeropuerto2020-2026,MovimientosxAeropuerto2020-2026
Colombia,CLO,SKCL,Alfonso Bonilla Aragon International Airport,2026,5,2026-05,168268,168748,30782,56341,337016,87123,199050,225089,424139,2790,2797,310,298,5587,608,3100,3095,6195,disponible,disponible,PasajerosArribadosPartidosxAeropuerto2020-2026,MovimientosxAeropuerto2020-2026
Colombia,CTG,SKCG,Rafael Nuñez International Airport,2026,5,2026-05,219436,228093,39921,65348,447529,105269,259357,293441,552798,1989,1990,444,469,3979,913,2433,2459,4892,disponible,disponible,PasajerosArribadosPartidosxAeropuerto2020-2026,MovimientosxAeropuerto2020-2026
Colombia,CUC,SKCC,Camilo Daza International Airport,2026,5,2026-05,42812,48281,2373,5686,91093,8059,45185,53967,99152,671,673,18,18,1344,36,689,691,1380,disponible,disponible,PasajerosArribadosPartidosxAeropuerto2020-2026,MovimientosxAeropuerto2020-2026
Colombia,CZU,SKCZ,Las Brujas Airport,2026,5,2026-05,1070,1075,0,0,2145,0,1070,1075,2145,46,49,0,0,95,0,46,49,95,disponible,disponible,PasajerosArribadosPartidosxAeropuerto2020-2026,MovimientosxAeropuerto2020-2026
Colombia,EJA,SKEJ,Yariguíes Airport,2026,5,2026-05,5734,5837,0,107,11571,107,5734,5944,11678,176,171,0,0,347,0,176,171,347,disponible,disponible,PasajerosArribadosPartidosxAeropuerto2020-2026,MovimientosxAeropuerto2020-2026
Colombia,EOH,SKMD,Enrique Olaya Herrera Airport,2026,5,2026-05,51664,46890,6,2,98554,8,51670,46892,98562,2895,2890,8,9,5785,17,2903,2899,5802,disponible,disponible,PasajerosArribadosPartidosxAeropuerto2020-2026,MovimientosxAeropuerto2020-2026
Colombia,EYP,SKYP,El Alcaravan - Yopal Airport,2026,5,2026-05,12355,14523,0,0,26878,0,12355,14523,26878,544,538,0,0,1082,0,544,538,1082,disponible,disponible,PasajerosArribadosPartidosxAeropuerto2020-2026,MovimientosxAeropuerto2020-2026
Colombia,FLA,SKFL,Gustavo Artunduaga Paredes Airport,2026,5,2026-05,4488,4228,0,0,8716,0,4488,4228,8716,160,172,0,0,332,0,160,172,332,disponible,disponible,PasajerosArribadosPartidosxAeropuerto2020-2026,MovimientosxAeropuerto2020-2026
Colombia,GPI,SKGP,Guapi Airport,2026,5,2026-05,3561,1838,0,0,5399,0,3561,1838,5399,123,126,0,0,249,0,123,126,249,disponible,disponible,PasajerosArribadosPartidosxAeropuerto2020-2026,MovimientosxAeropuerto2020-2026
Colombia,IBE,SKIB,Perales Airport,2026,5,2026-05,7335,7869,0,0,15204,0,7335,7869,15204,390,388,0,0,778,0,390,388,778,disponible,disponible,PasajerosArribadosPartidosxAeropuerto2020-2026,MovimientosxAeropuerto2020-2026
Colombia,IPI,SKIP,San Luis Airport,2026,5,2026-05,1240,8541,0,0,9781,0,1240,8541,9781,96,97,0,0,193,0,96,97,193,disponible,disponible,PasajerosArribadosPartidosxAeropuerto2020-2026,MovimientosxAeropuerto2020-2026
Colombia,LCR,SKHZ,Virgilio Barco Vargas (La Chorrera) Airport,2026,5,2026-05,,,,,,,,,,30,30,0,0,60,0,30,30,60,sin_dato,disponible,PasajerosArribadosPartidosxAeropuerto2020-2026,MovimientosxAeropuerto2020-2026
Colombia,LET,SKLT,Alfredo Vásquez Cobo International Airport,2026,5,2026-05,11868,12007,0,185,23875,185,11868,12192,24060,230,229,3,3,459,6,233,232,465,disponible,disponible,PasajerosArribadosPartidosxAeropuerto2020-2026,MovimientosxAeropuerto2020-2026
Colombia,LMC,SKNA,La Macarena Airport,2026,5,2026-05,499,497,0,0,996,0,499,497,996,189,192,0,0,381,0,189,192,381,disponible,disponible,PasajerosArribadosPartidosxAeropuerto2020-2026,MovimientosxAeropuerto2020-2026
Colombia,LPD,SKLP,La Pedrera Airport,2026,5,2026-05,215,206,0,0,421,0,215,206,421,40,41,0,0,81,0,40,41,81,disponible,disponible,PasajerosArribadosPartidosxAeropuerto2020-2026,MovimientosxAeropuerto2020-2026
Colombia,LQM,SKLG,Caucaya Airport,2026,5,2026-05,790,630,0,0,1420,0,790,630,1420,40,37,1,0,77,1,41,37,78,disponible,disponible,PasajerosArribadosPartidosxAeropuerto2020-2026,MovimientosxAeropuerto2020-2026
Colombia,MDE,SKRG,Jose Maria Córdova International Airport,2026,5,2026-05,347750,360718,138235,171318,708468,309553,485985,532036,1018021,3482,3433,1325,1373,6915,2698,4807,4806,9613,disponible,disponible,PasajerosArribadosPartidosxAeropuerto2020-2026,MovimientosxAeropuerto2020-2026
Colombia,MTR,SKMR,Los Garzones Airport,2026,5,2026-05,58036,54628,0,1114,112664,1114,58036,55742,113778,776,776,1,1,1552,2,777,777,1554,disponible,disponible,PasajerosArribadosPartidosxAeropuerto2020-2026,MovimientosxAeropuerto2020-2026
Colombia,MVP,SKMU,Fabio Alberto Leon Bentley Airport,2026,5,2026-05,2118,2134,0,0,4252,0,2118,2134,4252,797,797,0,0,1594,0,797,797,1594,disponible,disponible,PasajerosArribadosPartidosxAeropuerto2020-2026,MovimientosxAeropuerto2020-2026
Colombia,MZL,SKMZ,La Nubia Airport,2026,5,2026-05,2585,2519,0,0,5104,0,2585,2519,5104,112,114,0,0,226,0,112,114,226,disponible,disponible,PasajerosArribadosPartidosxAeropuerto2020-2026,MovimientosxAeropuerto2020-2026
Colombia,NQU,SKNQ,Reyes Murillo Airport,2026,5,2026-05,1910,1914,0,0,3824,0,1910,1914,3824,120,120,0,0,240,0,120,120,240,disponible,disponible,PasajerosArribadosPartidosxAeropuerto2020-2026,MovimientosxAeropuerto2020-2026
Colombia,NVA,SKNV,Benito Salas Airport,2026,5,2026-05,11401,14543,0,0,25944,0,11401,14543,25944,454,455,0,0,909,0,454,455,909,disponible,disponible,PasajerosArribadosPartidosxAeropuerto2020-2026,MovimientosxAeropuerto2020-2026
Colombia,PCR,SKPC,German Olano Airport,2026,5,2026-05,2743,2488,0,0,5231,0,2743,2488,5231,121,122,0,0,243,0,121,122,243,disponible,disponible,PasajerosArribadosPartidosxAeropuerto2020-2026,MovimientosxAeropuerto2020-2026
Colombia,PDA,SKPD,Obando Cesar Gaviria Trujillo Airport,2026,5,2026-05,,,,,,,,,,243,244,0,0,487,0,243,244,487,sin_dato,disponible,PasajerosArribadosPartidosxAeropuerto2020-2026,MovimientosxAeropuerto2020-2026
Colombia,PEI,SKPE,Matecaña International Airport,2026,5,2026-05,81496,86584,6699,17447,168080,24146,88195,104031,192226,1076,1074,67,69,2150,136,1143,1143,2286,disponible,disponible,PasajerosArribadosPartidosxAeropuerto2020-2026,MovimientosxAeropuerto2020-2026
Colombia,PPN,SKPP,Guillermo León Valencia Airport,2026,5,2026-05,7353,9740,0,0,17093,0,7353,9740,17093,430,435,0,0,865,0,430,435,865,disponible,disponible,PasajerosArribadosPartidosxAeropuerto2020-2026,MovimientosxAeropuerto2020-2026
Colombia,PSO,SKPS,Antonio Nariño Airport,2026,5,2026-05,26647,24464,0,840,51111,840,26647,25304,51951,341,345,0,0,686,0,341,345,686,disponible,disponible,PasajerosArribadosPartidosxAeropuerto2020-2026,MovimientosxAeropuerto2020-2026
Colombia,PUU,SKAS,Tres De Mayo Airport,2026,5,2026-05,2781,4696,0,0,7477,0,2781,4696,7477,142,144,0,0,286,0,142,144,286,disponible,disponible,PasajerosArribadosPartidosxAeropuerto2020-2026,MovimientosxAeropuerto2020-2026
Colombia,PVA,SKPV,El Embrujo Airport,2026,5,2026-05,404,3946,0,0,4350,0,404,3946,4350,121,121,0,0,242,0,121,121,242,disponible,disponible,PasajerosArribadosPartidosxAeropuerto2020-2026,MovimientosxAeropuerto2020-2026
Colombia,RCH,SKRH,Almirante Padilla Airport,2026,5,2026-05,20418,22179,0,765,42597,765,20418,22944,43362,229,231,0,1,460,1,229,232,461,disponible,disponible,PasajerosArribadosPartidosxAeropuerto2020-2026,MovimientosxAeropuerto2020-2026
Colombia,RVE,SKSA,Los Colonizadores Airport,2026,5,2026-05,2471,2150,0,0,4621,0,2471,2150,4621,148,145,0,0,293,0,148,145,293,disponible,disponible,PasajerosArribadosPartidosxAeropuerto2020-2026,MovimientosxAeropuerto2020-2026
Colombia,SJE,SKSJ,Jorge E. Gonzalez Torres Airport,2026,5,2026-05,1896,1940,0,0,3836,0,1896,1940,3836,430,425,0,0,855,0,430,425,855,disponible,disponible,PasajerosArribadosPartidosxAeropuerto2020-2026,MovimientosxAeropuerto2020-2026
Colombia,SMR,SKSM,Simón Bolívar International Airport,2026,5,2026-05,131732,131082,1349,3590,262814,4939,133081,134672,267753,1108,1111,17,19,2219,36,1125,1130,2255,disponible,disponible,PasajerosArribadosPartidosxAeropuerto2020-2026,MovimientosxAeropuerto2020-2026
Colombia,SVI,SKSV,Eduardo Falla Solano Airport,2026,5,2026-05,224,184,0,0,408,0,224,184,408,44,41,0,0,85,0,44,41,85,disponible,disponible,PasajerosArribadosPartidosxAeropuerto2020-2026,MovimientosxAeropuerto2020-2026
Colombia,TCD,SKRA,Tarapacá Airport,2026,5,2026-05,,,,,,,,,,26,27,0,0,53,0,26,27,53,sin_dato,disponible,PasajerosArribadosPartidosxAeropuerto2020-2026,MovimientosxAeropuerto2020-2026
Colombia,TCO,SKCO,La Florida Airport,2026,5,2026-05,6558,4502,0,0,11060,0,6558,4502,11060,249,239,0,1,488,1,249,240,489,disponible,disponible,PasajerosArribadosPartidosxAeropuerto2020-2026,MovimientosxAeropuerto2020-2026
Colombia,TLU,SKTL,Golfo de Morrosquillo Airport,2026,5,2026-05,2131,2387,0,0,4518,0,2131,2387,4518,68,68,0,0,136,0,68,68,136,disponible,disponible,PasajerosArribadosPartidosxAeropuerto2020-2026,MovimientosxAeropuerto2020-2026
Colombia,TME,SKTM,Gustavo Vargas Airport,2026,5,2026-05,301,244,0,0,545,0,301,244,545,49,72,0,0,121,0,49,72,121,disponible,disponible,PasajerosArribadosPartidosxAeropuerto2020-2026,MovimientosxAeropuerto2020-2026
Colombia,UIB,SKUI,El Caraño Airport,2026,5,2026-05,14606,15096,0,0,29702,0,14606,15096,29702,741,744,0,0,1485,0,741,744,1485,disponible,disponible,PasajerosArribadosPartidosxAeropuerto2020-2026,MovimientosxAeropuerto2020-2026
Colombia,VUP,SKVP,Alfonso López Pumarejo Airport,2026,5,2026-05,18152,20467,0,867,38619,867,18152,21334,39486,312,326,2,7,638,9,314,333,647,disponible,disponible,PasajerosArribadosPartidosxAeropuerto2020-2026,MovimientosxAeropuerto2020-2026
Colombia,VVC,SKVV,Vanguardia Airport,2026,5,2026-05,8711,11601,0,0,20312,0,8711,11601,20312,1420,1412,0,0,2832,0,1420,1412,2832,disponible,disponible,PasajerosArribadosPartidosxAeropuerto2020-2026,MovimientosxAeropuerto2020-2026
Colombia,ADZ,SKSP,Gustavo Rojas Pinilla International Airport,2026,6,2026-06,106928,89075,2763,5337,196003,8100,109691,94412,204103,961,969,20,18,1930,38,981,987,1968,disponible,disponible,PasajerosArribadosPartidosxAeropuerto2020-2026,MovimientosxAeropuerto2020-2026
Colombia,APO,SKLC,Antonio Roldán Betancur Airport,2026,6,2026-06,4386,7542,0,0,11928,0,4386,7542,11928,871,864,0,0,1735,0,871,864,1735,disponible,disponible,PasajerosArribadosPartidosxAeropuerto2020-2026,MovimientosxAeropuerto2020-2026
Colombia,AUC,SKUC,Santiago Perez Airport,2026,6,2026-06,6598,8150,0,0,14748,0,6598,8150,14748,282,290,0,0,572,0,282,290,572,disponible,disponible,PasajerosArribadosPartidosxAeropuerto2020-2026,MovimientosxAeropuerto2020-2026
Colombia,AXM,SKAR,El Eden Airport,2026,6,2026-06,20047,18979,0,1870,39026,1870,20047,20849,40896,334,334,1,1,668,2,335,335,670,disponible,disponible,PasajerosArribadosPartidosxAeropuerto2020-2026,MovimientosxAeropuerto2020-2026
Colombia,BAQ,SKBQ,Ernesto Cortissoz International Airport,2026,6,2026-06,102067,107374,16810,24615,209441,41425,118877,131989,250866,1644,1638,217,223,3282,440,1861,1861,3722,disponible,disponible,PasajerosArribadosPartidosxAeropuerto2020-2026,MovimientosxAeropuerto2020-2026
Colombia,BGA,SKBG,Palonegro Airport,2026,6,2026-06,77177,79047,3646,9054,156224,12700,80823,88101,168924,1206,1205,44,49,2411,93,1250,1254,2504,disponible,disponible,PasajerosArribadosPartidosxAeropuerto2020-2026,MovimientosxAeropuerto2020-2026
Colombia,BOG,SKBO,El Dorado International Airport,2026,6,2026-06,875705,832570,558674,628861,1708275,1187535,1434379,1461431,2895810,10825,10897,5390,5325,21722,10715,16215,16222,32437,disponible,disponible,PasajerosArribadosPartidosxAeropuerto2020-2026,MovimientosxAeropuerto2020-2026
Colombia,BSC,SKBS,José Celestino Mutis Airport,2026,6,2026-06,3504,3382,0,0,6886,0,3504,3382,6886,239,239,0,0,478,0,239,239,478,disponible,disponible,PasajerosArribadosPartidosxAeropuerto2020-2026,MovimientosxAeropuerto2020-2026
Colombia,BUN,SKBU,Gerardo Tobar López Airport,2026,6,2026-06,478,428,0,0,906,0,478,428,906,43,42,0,0,85,0,43,42,85,disponible,disponible,PasajerosArribadosPartidosxAeropuerto2020-2026,MovimientosxAeropuerto2020-2026
Colombia,CLO,SKCL,Alfonso Bonilla Aragon International Airport,2026,6,2026-06,159194,189651,40990,56970,348845,97960,200184,246621,446805,2711,2717,379,372,5428,751,3090,3089,6179,disponible,disponible,PasajerosArribadosPartidosxAeropuerto2020-2026,MovimientosxAeropuerto2020-2026
Colombia,CTG,SKCG,Rafael Nuñez International Airport,2026,6,2026-06,231315,225060,41986,56744,456375,98730,273301,281804,555105,1978,1958,409,440,3936,849,2387,2398,4785,disponible,disponible,PasajerosArribadosPartidosxAeropuerto2020-2026,MovimientosxAeropuerto2020-2026
Colombia,CUC,SKCC,Camilo Daza International Airport,2026,6,2026-06,53957,49591,2504,6846,103548,9350,56461,56437,112898,684,686,18,18,1370,36,702,704,1406,disponible,disponible,PasajerosArribadosPartidosxAeropuerto2020-2026,MovimientosxAeropuerto2020-2026
Colombia,CZU,SKCZ,Las Brujas Airport,2026,6,2026-06,1339,1240,0,0,2579,0,1339,1240,2579,58,57,0,0,115,0,58,57,115,disponible,disponible,PasajerosArribadosPartidosxAeropuerto2020-2026,MovimientosxAeropuerto2020-2026
Colombia,EJA,SKEJ,Yariguíes Airport,2026,6,2026-06,5576,5585,0,113,11161,113,5576,5698,11274,191,181,0,0,372,0,191,181,372,disponible,disponible,PasajerosArribadosPartidosxAeropuerto2020-2026,MovimientosxAeropuerto2020-2026
Colombia,EOH,SKMD,Enrique Olaya Herrera Airport,2026,6,2026-06,51270,46928,3,2,98198,5,51273,46930,98203,2826,2840,6,8,5666,14,2832,2848,5680,disponible,disponible,PasajerosArribadosPartidosxAeropuerto2020-2026,MovimientosxAeropuerto2020-2026
Colombia,EYP,SKYP,El Alcaravan - Yopal Airport,2026,6,2026-06,12437,15137,0,0,27574,0,12437,15137,27574,540,535,0,0,1075,0,540,535,1075,disponible,disponible,PasajerosArribadosPartidosxAeropuerto2020-2026,MovimientosxAeropuerto2020-2026
Colombia,FLA,SKFL,Gustavo Artunduaga Paredes Airport,2026,6,2026-06,2900,4214,0,0,7114,0,2900,4214,7114,164,182,0,0,346,0,164,182,346,disponible,disponible,PasajerosArribadosPartidosxAeropuerto2020-2026,MovimientosxAeropuerto2020-2026
Colombia,GPI,SKGP,Guapi Airport,2026,6,2026-06,3669,3972,0,0,7641,0,3669,3972,7641,129,129,0,0,258,0,129,129,258,disponible,disponible,PasajerosArribadosPartidosxAeropuerto2020-2026,MovimientosxAeropuerto2020-2026
Colombia,IBE,SKIB,Perales Airport,2026,6,2026-06,1898,10096,0,0,11994,0,1898,10096,11994,458,458,0,0,916,0,458,458,916,disponible,disponible,PasajerosArribadosPartidosxAeropuerto2020-2026,MovimientosxAeropuerto2020-2026
Colombia,IPI,SKIP,San Luis Airport,2026,6,2026-06,1395,7607,0,0,9002,0,1395,7607,9002,89,89,0,0,178,0,89,89,178,disponible,disponible,PasajerosArribadosPartidosxAeropuerto2020-2026,MovimientosxAeropuerto2020-2026
Colombia,LCR,SKHZ,Virgilio Barco Vargas (La Chorrera) Airport,2026,6,2026-06,,,,,,,,,,42,41,0,0,83,0,42,41,83,sin_dato,disponible,PasajerosArribadosPartidosxAeropuerto2020-2026,MovimientosxAeropuerto2020-2026
Colombia,LET,SKLT,Alfredo Vásquez Cobo International Airport,2026,6,2026-06,8199,12701,0,226,20900,226,8199,12927,21126,255,259,3,5,514,8,258,264,522,disponible,disponible,PasajerosArribadosPartidosxAeropuerto2020-2026,MovimientosxAeropuerto2020-2026
Colombia,LMC,SKNA,La Macarena Airport,2026,6,2026-06,803,845,0,0,1648,0,803,845,1648,176,171,0,0,347,0,176,171,347,disponible,disponible,PasajerosArribadosPartidosxAeropuerto2020-2026,MovimientosxAeropuerto2020-2026
Colombia,LPD,SKLP,La Pedrera Airport,2026,6,2026-06,273,231,0,0,504,0,273,231,504,54,54,0,0,108,0,54,54,108,disponible,disponible,PasajerosArribadosPartidosxAeropuerto2020-2026,MovimientosxAeropuerto2020-2026
Colombia,LQM,SKLG,Caucaya Airport,2026,6,2026-06,585,666,0,0,1251,0,585,666,1251,47,44,0,0,91,0,47,44,91,disponible,disponible,PasajerosArribadosPartidosxAeropuerto2020-2026,MovimientosxAeropuerto2020-2026
Colombia,MDE,SKRG,Jose Maria Córdova International Airport,2026,6,2026-06,296316,325380,145585,172970,621696,318555,441901,498350,940251,3400,3349,1343,1387,6749,2730,4743,4736,9479,disponible,disponible,PasajerosArribadosPartidosxAeropuerto2020-2026,MovimientosxAeropuerto2020-2026
Colombia,MTR,SKMR,Los Garzones Airport,2026,6,2026-06,63666,59570,43,1705,123236,1748,63709,61275,124984,768,774,7,6,1542,13,775,780,1555,disponible,disponible,PasajerosArribadosPartidosxAeropuerto2020-2026,MovimientosxAeropuerto2020-2026
Colombia,MVP,SKMU,Fabio Alberto Leon Bentley Airport,2026,6,2026-06,2238,2565,0,0,4803,0,2238,2565,4803,847,846,0,0,1693,0,847,846,1693,disponible,disponible,PasajerosArribadosPartidosxAeropuerto2020-2026,MovimientosxAeropuerto2020-2026
Colombia,MZL,SKMZ,La Nubia Airport,2026,6,2026-06,2537,2431,0,0,4968,0,2537,2431,4968,106,104,0,0,210,0,106,104,210,disponible,disponible,PasajerosArribadosPartidosxAeropuerto2020-2026,MovimientosxAeropuerto2020-2026
Colombia,NQU,SKNQ,Reyes Murillo Airport,2026,6,2026-06,2659,2305,0,0,4964,0,2659,2305,4964,138,138,0,0,276,0,138,138,276,disponible,disponible,PasajerosArribadosPartidosxAeropuerto2020-2026,MovimientosxAeropuerto2020-2026
Colombia,NVA,SKNV,Benito Salas Airport,2026,6,2026-06,11710,9130,0,0,20840,0,11710,9130,20840,446,448,0,0,894,0,446,448,894,disponible,disponible,PasajerosArribadosPartidosxAeropuerto2020-2026,MovimientosxAeropuerto2020-2026
Colombia,PCR,SKPC,German Olano Airport,2026,6,2026-06,2367,2705,0,0,5072,0,2367,2705,5072,124,126,0,0,250,0,124,126,250,disponible,disponible,PasajerosArribadosPartidosxAeropuerto2020-2026,MovimientosxAeropuerto2020-2026
Colombia,PDA,SKPD,Obando Cesar Gaviria Trujillo Airport,2026,6,2026-06,,,,,,,,,,240,238,0,0,478,0,240,238,478,sin_dato,disponible,PasajerosArribadosPartidosxAeropuerto2020-2026,MovimientosxAeropuerto2020-2026
Colombia,PEI,SKPE,Matecaña International Airport,2026,6,2026-06,83356,92237,10348,18607,175593,28955,93704,110844,204548,1066,1064,83,85,2130,168,1149,1149,2298,disponible,disponible,PasajerosArribadosPartidosxAeropuerto2020-2026,MovimientosxAeropuerto2020-2026
Colombia,PPN,SKPP,Guillermo León Valencia Airport,2026,6,2026-06,6707,9200,0,0,15907,0,6707,9200,15907,370,375,0,0,745,0,370,375,745,disponible,disponible,PasajerosArribadosPartidosxAeropuerto2020-2026,MovimientosxAeropuerto2020-2026
Colombia,PSO,SKPS,Antonio Nariño Airport,2026,6,2026-06,26228,26571,0,1100,52799,1100,26228,27671,53899,312,312,0,0,624,0,312,312,624,disponible,disponible,PasajerosArribadosPartidosxAeropuerto2020-2026,MovimientosxAeropuerto2020-2026
Colombia,PUU,SKAS,Tres De Mayo Airport,2026,6,2026-06,4533,4527,0,0,9060,0,4533,4527,9060,143,153,0,0,296,0,143,153,296,disponible,disponible,PasajerosArribadosPartidosxAeropuerto2020-2026,MovimientosxAeropuerto2020-2026
Colombia,PVA,SKPV,El Embrujo Airport,2026,6,2026-06,4852,3808,0,0,8660,0,4852,3808,8660,143,142,0,0,285,0,143,142,285,disponible,disponible,PasajerosArribadosPartidosxAeropuerto2020-2026,MovimientosxAeropuerto2020-2026
Colombia,RCH,SKRH,Almirante Padilla Airport,2026,6,2026-06,23691,20237,0,800,43928,800,23691,21037,44728,234,242,2,2,476,4,236,244,480,disponible,disponible,PasajerosArribadosPartidosxAeropuerto2020-2026,MovimientosxAeropuerto2020-2026
Colombia,RVE,SKSA,Los Colonizadores Airport,2026,6,2026-06,2120,2267,0,0,4387,0,2120,2267,4387,128,133,0,0,261,0,128,133,261,disponible,disponible,PasajerosArribadosPartidosxAeropuerto2020-2026,MovimientosxAeropuerto2020-2026
Colombia,SJE,SKSJ,Jorge E. Gonzalez Torres Airport,2026,6,2026-06,2137,2026,0,0,4163,0,2137,2026,4163,486,491,0,0,977,0,486,491,977,disponible,disponible,PasajerosArribadosPartidosxAeropuerto2020-2026,MovimientosxAeropuerto2020-2026
Colombia,SMR,SKSM,Simón Bolívar International Airport,2026,6,2026-06,146700,117199,1481,3267,263899,4748,148181,120466,268647,1082,1088,16,16,2170,32,1098,1104,2202,disponible,disponible,PasajerosArribadosPartidosxAeropuerto2020-2026,MovimientosxAeropuerto2020-2026
Colombia,SVI,SKSV,Eduardo Falla Solano Airport,2026,6,2026-06,286,320,0,0,606,0,286,320,606,33,27,0,0,60,0,33,27,60,disponible,disponible,PasajerosArribadosPartidosxAeropuerto2020-2026,MovimientosxAeropuerto2020-2026
Colombia,TCD,SKRA,Tarapacá Airport,2026,6,2026-06,,,,,,,,,,33,31,0,0,64,0,33,31,64,sin_dato,disponible,PasajerosArribadosPartidosxAeropuerto2020-2026,MovimientosxAeropuerto2020-2026
Colombia,TCO,SKCO,La Florida Airport,2026,6,2026-06,3787,6356,0,0,10143,0,3787,6356,10143,259,250,1,2,509,3,260,252,512,disponible,disponible,PasajerosArribadosPartidosxAeropuerto2020-2026,MovimientosxAeropuerto2020-2026
Colombia,TLU,SKTL,Golfo de Morrosquillo Airport,2026,6,2026-06,2819,2591,0,0,5410,0,2819,2591,5410,84,84,0,0,168,0,84,84,168,disponible,disponible,PasajerosArribadosPartidosxAeropuerto2020-2026,MovimientosxAeropuerto2020-2026
Colombia,TME,SKTM,Gustavo Vargas Airport,2026,6,2026-06,305,363,0,0,668,0,305,363,668,50,64,0,0,114,0,50,64,114,disponible,disponible,PasajerosArribadosPartidosxAeropuerto2020-2026,MovimientosxAeropuerto2020-2026
Colombia,UIB,SKUI,El Caraño Airport,2026,6,2026-06,12029,17057,0,0,29086,0,12029,17057,29086,723,721,0,0,1444,0,723,721,1444,disponible,disponible,PasajerosArribadosPartidosxAeropuerto2020-2026,MovimientosxAeropuerto2020-2026
Colombia,VUP,SKVP,Alfonso López Pumarejo Airport,2026,6,2026-06,17057,17715,1,1065,34772,1066,17058,18780,35838,252,252,2,1,504,3,254,253,507,disponible,disponible,PasajerosArribadosPartidosxAeropuerto2020-2026,MovimientosxAeropuerto2020-2026
Colombia,VVC,SKVV,Vanguardia Airport,2026,6,2026-06,8872,10601,0,0,19473,0,8872,10601,19473,1540,1541,0,0,3081,0,1540,1541,3081,disponible,disponible,PasajerosArribadosPartidosxAeropuerto2020-2026,MovimientosxAeropuerto2020-2026
Colombia,ADZ,SKSP,Gustavo Rojas Pinilla International Airport,2026,7,2026-07,,,,,,,,,,964,965,37,35,1929,72,1001,1000,2001,sin_dato,disponible,PasajerosArribadosPartidosxAeropuerto2020-2026,MovimientosxAeropuerto2020-2026
Colombia,APO,SKLC,Antonio Roldán Betancur Airport,2026,7,2026-07,,,,,,,,,,872,875,0,0,1747,0,872,875,1747,sin_dato,disponible,PasajerosArribadosPartidosxAeropuerto2020-2026,MovimientosxAeropuerto2020-2026
Colombia,AUC,SKUC,Santiago Perez Airport,2026,7,2026-07,,,,,,,,,,322,323,0,0,645,0,322,323,645,sin_dato,disponible,PasajerosArribadosPartidosxAeropuerto2020-2026,MovimientosxAeropuerto2020-2026
Colombia,AXM,SKAR,El Eden Airport,2026,7,2026-07,,,,,,,,,,332,332,0,1,664,1,332,333,665,sin_dato,disponible,PasajerosArribadosPartidosxAeropuerto2020-2026,MovimientosxAeropuerto2020-2026
Colombia,BAQ,SKBQ,Ernesto Cortissoz International Airport,2026,7,2026-07,,,,,,,,,,1642,1642,243,241,3284,484,1885,1883,3768,sin_dato,disponible,PasajerosArribadosPartidosxAeropuerto2020-2026,MovimientosxAeropuerto2020-2026
Colombia,BGA,SKBG,Palonegro Airport,2026,7,2026-07,,,,,,,,,,1262,1266,49,47,2528,96,1311,1313,2624,sin_dato,disponible,PasajerosArribadosPartidosxAeropuerto2020-2026,MovimientosxAeropuerto2020-2026
Colombia,BOG,SKBO,El Dorado International Airport,2026,7,2026-07,,,,,,,,,,11100,11175,5563,5500,22275,11063,16663,16675,33338,sin_dato,disponible,PasajerosArribadosPartidosxAeropuerto2020-2026,MovimientosxAeropuerto2020-2026
Colombia,BSC,SKBS,José Celestino Mutis Airport,2026,7,2026-07,,,,,,,,,,301,301,0,0,602,0,301,301,602,sin_dato,disponible,PasajerosArribadosPartidosxAeropuerto2020-2026,MovimientosxAeropuerto2020-2026
Colombia,BUN,SKBU,Gerardo Tobar López Airport,2026,7,2026-07,,,,,,,,,,39,42,0,0,81,0,39,42,81,sin_dato,disponible,PasajerosArribadosPartidosxAeropuerto2020-2026,MovimientosxAeropuerto2020-2026
Colombia,CLO,SKCL,Alfonso Bonilla Aragon International Airport,2026,7,2026-07,,,,,,,,,,2807,2827,436,427,5634,863,3243,3254,6497,sin_dato,disponible,PasajerosArribadosPartidosxAeropuerto2020-2026,MovimientosxAeropuerto2020-2026
Colombia,CTG,SKCG,Rafael Nuñez International Airport,2026,7,2026-07,,,,,,,,,,2047,2030,466,497,4077,963,2513,2527,5040,sin_dato,disponible,PasajerosArribadosPartidosxAeropuerto2020-2026,MovimientosxAeropuerto2020-2026
Colombia,CUC,SKCC,Camilo Daza International Airport,2026,7,2026-07,,,,,,,,,,659,657,17,18,1316,35,676,675,1351,sin_dato,disponible,PasajerosArribadosPartidosxAeropuerto2020-2026,MovimientosxAeropuerto2020-2026
Colombia,CZU,SKCZ,Las Brujas Airport,2026,7,2026-07,,,,,,,,,,65,67,0,0,132,0,65,67,132,sin_dato,disponible,PasajerosArribadosPartidosxAeropuerto2020-2026,MovimientosxAeropuerto2020-2026
Colombia,EJA,SKEJ,Yariguíes Airport,2026,7,2026-07,,,,,,,,,,202,209,0,0,411,0,202,209,411,sin_dato,disponible,PasajerosArribadosPartidosxAeropuerto2020-2026,MovimientosxAeropuerto2020-2026
Colombia,EOH,SKMD,Enrique Olaya Herrera Airport,2026,7,2026-07,,,,,,,,,,3090,3095,5,7,6185,12,3095,3102,6197,sin_dato,disponible,PasajerosArribadosPartidosxAeropuerto2020-2026,MovimientosxAeropuerto2020-2026
Colombia,EYP,SKYP,El Alcaravan - Yopal Airport,2026,7,2026-07,,,,,,,,,,592,596,1,0,1188,1,593,596,1189,sin_dato,disponible,PasajerosArribadosPartidosxAeropuerto2020-2026,MovimientosxAeropuerto2020-2026
Colombia,FLA,SKFL,Gustavo Artunduaga Paredes Airport,2026,7,2026-07,,,,,,,,,,181,196,0,0,377,0,181,196,377,sin_dato,disponible,PasajerosArribadosPartidosxAeropuerto2020-2026,MovimientosxAeropuerto2020-2026
Colombia,GPI,SKGP,Guapi Airport,2026,7,2026-07,,,,,,,,,,125,126,0,0,251,0,125,126,251,sin_dato,disponible,PasajerosArribadosPartidosxAeropuerto2020-2026,MovimientosxAeropuerto2020-2026
Colombia,IBE,SKIB,Perales Airport,2026,7,2026-07,,,,,,,,,,550,549,0,0,1099,0,550,549,1099,sin_dato,disponible,PasajerosArribadosPartidosxAeropuerto2020-2026,MovimientosxAeropuerto2020-2026
Colombia,IPI,SKIP,San Luis Airport,2026,7,2026-07,,,,,,,,,,119,119,0,0,238,0,119,119,238,sin_dato,disponible,PasajerosArribadosPartidosxAeropuerto2020-2026,MovimientosxAeropuerto2020-2026
Colombia,LCR,SKHZ,Virgilio Barco Vargas (La Chorrera) Airport,2026,7,2026-07,,,,,,,,,,37,39,0,0,76,0,37,39,76,sin_dato,disponible,PasajerosArribadosPartidosxAeropuerto2020-2026,MovimientosxAeropuerto2020-2026
Colombia,LET,SKLT,Alfredo Vásquez Cobo International Airport,2026,7,2026-07,,,,,,,,,,239,244,6,2,483,8,245,246,491,sin_dato,disponible,PasajerosArribadosPartidosxAeropuerto2020-2026,MovimientosxAeropuerto2020-2026
Colombia,LMC,SKNA,La Macarena Airport,2026,7,2026-07,,,,,,,,,,192,193,0,0,385,0,192,193,385,sin_dato,disponible,PasajerosArribadosPartidosxAeropuerto2020-2026,MovimientosxAeropuerto2020-2026
Colombia,LPD,SKLP,La Pedrera Airport,2026,7,2026-07,,,,,,,,,,49,51,0,0,100,0,49,51,100,sin_dato,disponible,PasajerosArribadosPartidosxAeropuerto2020-2026,MovimientosxAeropuerto2020-2026
Colombia,LQM,SKLG,Caucaya Airport,2026,7,2026-07,,,,,,,,,,56,51,0,0,107,0,56,51,107,sin_dato,disponible,PasajerosArribadosPartidosxAeropuerto2020-2026,MovimientosxAeropuerto2020-2026
Colombia,MDE,SKRG,Jose Maria Córdova International Airport,2026,7,2026-07,,,,,,,,,,3470,3420,1425,1474,6890,2899,4895,4894,9789,sin_dato,disponible,PasajerosArribadosPartidosxAeropuerto2020-2026,MovimientosxAeropuerto2020-2026
Colombia,MTR,SKMR,Los Garzones Airport,2026,7,2026-07,,,,,,,,,,799,800,0,0,1599,0,799,800,1599,sin_dato,disponible,PasajerosArribadosPartidosxAeropuerto2020-2026,MovimientosxAeropuerto2020-2026
Colombia,MVP,SKMU,Fabio Alberto Leon Bentley Airport,2026,7,2026-07,,,,,,,,,,941,945,0,0,1886,0,941,945,1886,sin_dato,disponible,PasajerosArribadosPartidosxAeropuerto2020-2026,MovimientosxAeropuerto2020-2026
Colombia,MZL,SKMZ,La Nubia Airport,2026,7,2026-07,,,,,,,,,,128,129,0,0,257,0,128,129,257,sin_dato,disponible,PasajerosArribadosPartidosxAeropuerto2020-2026,MovimientosxAeropuerto2020-2026
Colombia,NQU,SKNQ,Reyes Murillo Airport,2026,7,2026-07,,,,,,,,,,209,209,0,0,418,0,209,209,418,sin_dato,disponible,PasajerosArribadosPartidosxAeropuerto2020-2026,MovimientosxAeropuerto2020-2026
Colombia,NVA,SKNV,Benito Salas Airport,2026,7,2026-07,,,,,,,,,,501,500,0,0,1001,0,501,500,1001,sin_dato,disponible,PasajerosArribadosPartidosxAeropuerto2020-2026,MovimientosxAeropuerto2020-2026
Colombia,PCR,SKPC,German Olano Airport,2026,7,2026-07,,,,,,,,,,135,130,0,0,265,0,135,130,265,sin_dato,disponible,PasajerosArribadosPartidosxAeropuerto2020-2026,MovimientosxAeropuerto2020-2026
Colombia,PDA,SKPD,Obando Cesar Gaviria Trujillo Airport,2026,7,2026-07,,,,,,,,,,254,256,0,0,510,0,254,256,510,sin_dato,disponible,PasajerosArribadosPartidosxAeropuerto2020-2026,MovimientosxAeropuerto2020-2026
Colombia,PEI,SKPE,Matecaña International Airport,2026,7,2026-07,,,,,,,,,,1062,1066,97,94,2128,191,1159,1160,2319,sin_dato,disponible,PasajerosArribadosPartidosxAeropuerto2020-2026,MovimientosxAeropuerto2020-2026
Colombia,PPN,SKPP,Guillermo León Valencia Airport,2026,7,2026-07,,,,,,,,,,275,284,0,0,559,0,275,284,559,sin_dato,disponible,PasajerosArribadosPartidosxAeropuerto2020-2026,MovimientosxAeropuerto2020-2026
Colombia,PSO,SKPS,Antonio Nariño Airport,2026,7,2026-07,,,,,,,,,,329,328,0,0,657,0,329,328,657,sin_dato,disponible,PasajerosArribadosPartidosxAeropuerto2020-2026,MovimientosxAeropuerto2020-2026
Colombia,PUU,SKAS,Tres De Mayo Airport,2026,7,2026-07,,,,,,,,,,143,147,0,0,290,0,143,147,290,sin_dato,disponible,PasajerosArribadosPartidosxAeropuerto2020-2026,MovimientosxAeropuerto2020-2026
Colombia,PVA,SKPV,El Embrujo Airport,2026,7,2026-07,,,,,,,,,,136,136,0,0,272,0,136,136,272,sin_dato,disponible,PasajerosArribadosPartidosxAeropuerto2020-2026,MovimientosxAeropuerto2020-2026
Colombia,RCH,SKRH,Almirante Padilla Airport,2026,7,2026-07,,,,,,,,,,225,228,0,0,453,0,225,228,453,sin_dato,disponible,PasajerosArribadosPartidosxAeropuerto2020-2026,MovimientosxAeropuerto2020-2026
Colombia,RVE,SKSA,Los Colonizadores Airport,2026,7,2026-07,,,,,,,,,,162,161,0,0,323,0,162,161,323,sin_dato,disponible,PasajerosArribadosPartidosxAeropuerto2020-2026,MovimientosxAeropuerto2020-2026
Colombia,SJE,SKSJ,Jorge E. Gonzalez Torres Airport,2026,7,2026-07,,,,,,,,,,494,494,0,0,988,0,494,494,988,sin_dato,disponible,PasajerosArribadosPartidosxAeropuerto2020-2026,MovimientosxAeropuerto2020-2026
Colombia,SMR,SKSM,Simón Bolívar International Airport,2026,7,2026-07,,,,,,,,,,1180,1175,18,19,2355,37,1198,1194,2392,sin_dato,disponible,PasajerosArribadosPartidosxAeropuerto2020-2026,MovimientosxAeropuerto2020-2026
Colombia,SVI,SKSV,Eduardo Falla Solano Airport,2026,7,2026-07,,,,,,,,,,45,37,0,0,82,0,45,37,82,sin_dato,disponible,PasajerosArribadosPartidosxAeropuerto2020-2026,MovimientosxAeropuerto2020-2026
Colombia,TCD,SKRA,Tarapacá Airport,2026,7,2026-07,,,,,,,,,,25,25,0,0,50,0,25,25,50,sin_dato,disponible,PasajerosArribadosPartidosxAeropuerto2020-2026,MovimientosxAeropuerto2020-2026
Colombia,TCO,SKCO,La Florida Airport,2026,7,2026-07,,,,,,,,,,254,250,1,0,504,1,255,250,505,sin_dato,disponible,PasajerosArribadosPartidosxAeropuerto2020-2026,MovimientosxAeropuerto2020-2026
Colombia,TLU,SKTL,Golfo de Morrosquillo Airport,2026,7,2026-07,,,,,,,,,,77,77,0,0,154,0,77,77,154,sin_dato,disponible,PasajerosArribadosPartidosxAeropuerto2020-2026,MovimientosxAeropuerto2020-2026
Colombia,TME,SKTM,Gustavo Vargas Airport,2026,7,2026-07,,,,,,,,,,50,72,0,0,122,0,50,72,122,sin_dato,disponible,PasajerosArribadosPartidosxAeropuerto2020-2026,MovimientosxAeropuerto2020-2026
Colombia,UIB,SKUI,El Caraño Airport,2026,7,2026-07,,,,,,,,,,864,863,0,0,1727,0,864,863,1727,sin_dato,disponible,PasajerosArribadosPartidosxAeropuerto2020-2026,MovimientosxAeropuerto2020-2026
Colombia,VUP,SKVP,Alfonso López Pumarejo Airport,2026,7,2026-07,,,,,,,,,,231,236,3,3,467,6,234,239,473,sin_dato,disponible,PasajerosArribadosPartidosxAeropuerto2020-2026,MovimientosxAeropuerto2020-2026
Colombia,VVC,SKVV,Vanguardia Airport,2026,7,2026-07,,,,,,,,,,1655,1655,0,0,3310,0,1655,1655,3310,sin_dato,disponible,PasajerosArribadosPartidosxAeropuerto2020-2026,MovimientosxAeropuerto2020-2026
