{
"type": "FeatureCollection",
"name": "ne_50m_urban_areas_sudamerica",
"crs": { "type": "name", "properties": { "name": "urn:ogc:def:crs:OGC:1.3:CRS84" } },
"features": [
{ "type": "Feature", "properties": { "scalerank": 5, "featurecla": "Urban area", "area_sqkm": 132.995, "min_zoom": 5.0 }, "geometry": { "type": "MultiPolygon", "coordinates": [ [ [ [ -70.158425259060181, 11.645129299359041 ], [ -70.158425259060181, 11.645129299359041 ], [ -70.158425259060181, 11.645129299359041 ], [ -70.165427415635733, 11.63257192631211 ], [ -70.166021694607082, 11.62910960534856 ], [ -70.192583380805104, 11.624613755739162 ], [ -70.220101081000536, 11.680863552288869 ], [ -70.220049404568243, 11.730085354046878 ], [ -70.23702511257612, 11.769953721560057 ], [ -70.235784878201116, 11.769979559776203 ], [ -70.224726121690651, 11.770909735557453 ], [ -70.213693203396332, 11.772149969932457 ], [ -70.190852220323336, 11.773829453981946 ], [ -70.167933722601887, 11.771168117718915 ], [ -70.155531378851833, 11.766749782757955 ], [ -70.143930019802312, 11.760522772666789 ], [ -70.133336351182479, 11.753778998252699 ], [ -70.124783901638182, 11.746415106651099 ], [ -70.133646409776233, 11.700526434775924 ], [ -70.149976162380455, 11.656911525921586 ], [ -70.158425259060181, 11.645129299359041 ] ] ] ] } },
{ "type": "Feature", "properties": { "scalerank": 4, "featurecla": "Urban area", "area_sqkm": 154.682, "min_zoom": 4.0 }, "geometry": { "type": "MultiPolygon", "coordinates": [ [ [ [ -74.836485968714314, 11.035244045450341 ], [ -74.836485968714314, 11.035244045450341 ], [ -74.836485968714314, 11.035244045450341 ], [ -74.779745246057843, 11.024417832885192 ], [ -74.734890102828487, 10.971733710163633 ], [ -74.742331509078525, 10.909360256387345 ], [ -74.772975633427592, 10.870137844277806 ], [ -74.850748664026867, 10.934965928587971 ], [ -74.836485968714314, 11.035244045450341 ] ] ] ] } },
{ "type": "Feature", "properties": { "scalerank": 3, "featurecla": "Urban area", "area_sqkm": 423.481, "min_zoom": 3.7 }, "geometry": { "type": "MultiPolygon", "coordinates": [ [ [ [ -71.693163621696527, 10.785362657102993 ], [ -71.693163621696527, 10.785362657102993 ], [ -71.693163621696527, 10.785362657102993 ], [ -71.680347866488148, 10.801253160032743 ], [ -71.670581020784979, 10.811898505084869 ], [ -71.598466559521682, 10.726218980344939 ], [ -71.594332444938317, 10.657385972532168 ], [ -71.664870775016738, 10.443755601437559 ], [ -71.718175014925805, 10.390787258338392 ], [ -71.723704393181038, 10.400554104041561 ], [ -71.725616421175829, 10.435487372270856 ], [ -71.717839118115904, 10.450706081580819 ], [ -71.705100877555964, 10.462204087765755 ], [ -71.688564419222558, 10.469567979367355 ], [ -71.67417253282926, 10.47641510664603 ], [ -71.691716681592368, 10.516025091997747 ], [ -71.724970465772174, 10.539925441932738 ], [ -71.724298672152386, 10.621832587115364 ], [ -71.737657029899836, 10.717744045449081 ], [ -71.727373419873743, 10.746889553261695 ], [ -71.706651170524708, 10.770040594928446 ], [ -71.693163621696527, 10.785362657102993 ] ] ] ] } },
{ "type": "Feature", "properties": { "scalerank": 3, "featurecla": "Urban area", "area_sqkm": 321.28, "min_zoom": 3.7 }, "geometry": { "type": "MultiPolygon", "coordinates": [ [ [ [ -66.975157029880776, 10.552637844276532 ], [ -66.975157029880776, 10.552637844276532 ], [ -66.975157029880776, 10.552637844276532 ], [ -66.857515631768337, 10.530597845904055 ], [ -66.74656633163768, 10.501839911333633 ], [ -66.798914557549352, 10.430914008013033 ], [ -66.886273566338758, 10.425668850135409 ], [ -66.943892788344201, 10.413421535682232 ], [ -67.013268398696042, 10.412956447791601 ], [ -67.017531704360124, 10.492279771359634 ], [ -66.975157029880776, 10.552637844276532 ] ] ] ] } },
{ "type": "Feature", "properties": { "scalerank": 3, "featurecla": "Urban area", "area_sqkm": 115.184, "min_zoom": 3.7 }, "geometry": { "type": "MultiPolygon", "coordinates": [ [ [ [ -75.524402635383723, 10.335803534379835 ], [ -75.524402635383723, 10.335803534379835 ], [ -75.524402635383723, 10.335803534379835 ], [ -75.533833584277005, 10.36128001549973 ], [ -75.541714240201514, 10.367222805213302 ], [ -75.513757290331597, 10.458870957882937 ], [ -75.511431850878466, 10.457475694211055 ], [ -75.492311570930468, 10.447424628130278 ], [ -75.480322638638768, 10.440499986203179 ], [ -75.468617926724647, 10.433006903520848 ], [ -75.458308478482422, 10.430035508664076 ], [ -75.448903367805315, 10.426082261593734 ], [ -75.446371222623, 10.40275035241396 ], [ -75.453037482388652, 10.378229885291461 ], [ -75.46174496122984, 10.356396592648153 ], [ -75.473036261685607, 10.335803534379835 ], [ -75.483914150683049, 10.315546372921418 ], [ -75.496859096972173, 10.29864817956198 ], [ -75.511561041959197, 10.298002224158338 ], [ -75.521560431607682, 10.307639878780762 ], [ -75.524402635383723, 10.335803534379835 ] ] ] ] } },
{ "type": "Feature", "properties": { "scalerank": 5, "featurecla": "Urban area", "area_sqkm": 298.554, "min_zoom": 5.0 }, "geometry": { "type": "MultiPolygon", "coordinates": [ [ [ [ -67.559359096940412, 10.29864817956198 ], [ -67.559359096940412, 10.29864817956198 ], [ -67.559359096940412, 10.29864817956198 ], [ -67.49186967636723, 10.239116929561746 ], [ -67.41967770045548, 10.184339911332358 ], [ -67.482826300716141, 10.13953644453531 ], [ -67.597470465755663, 10.146202704300961 ], [ -67.631757778581331, 10.194520168493852 ], [ -67.660980801042385, 10.247850246619066 ], [ -67.654030320899125, 10.278959458858779 ], [ -67.635581834570928, 10.29864817956198 ], [ -67.605480312760903, 10.303660793494288 ], [ -67.559359096940412, 10.29864817956198 ] ] ] ] } },
{ "type": "Feature", "properties": { "scalerank": 3, "featurecla": "Urban area", "area_sqkm": 332.517, "min_zoom": 3.7 }, "geometry": { "type": "MultiPolygon", "coordinates": [ [ [ [ -67.940369432228394, 10.222425441931463 ], [ -67.940369432228394, 10.222425441931463 ], [ -67.940369432228394, 10.222425441931463 ], [ -67.902723151303761, 10.241933295121655 ], [ -67.851485968686376, 10.247850246619066 ], [ -67.877298346616158, 10.178397121618787 ], [ -67.914970465756937, 10.120829576045651 ], [ -67.996231655535908, 10.100494899938795 ], [ -68.092763231057134, 10.09545644779034 ], [ -68.060542975523148, 10.194339300980829 ], [ -68.041965298114221, 10.285935777218185 ], [ -67.981710578061893, 10.263637396684231 ], [ -67.940369432228394, 10.222425441931463 ] ] ] ] } },
{ "type": "Feature", "properties": { "scalerank": 5, "featurecla": "Urban area", "area_sqkm": 177.553, "min_zoom": 5.0 }, "geometry": { "type": "MultiPolygon", "coordinates": [ [ [ [ -64.737825893804128, 10.143980617712401 ], [ -64.737825893804128, 10.143980617712401 ], [ -64.737825893804128, 10.143980617712401 ], [ -64.733485073491607, 10.157726548702044 ], [ -64.731883104090556, 10.162506618689036 ], [ -64.574373338464923, 10.248108628780528 ], [ -64.574476691329508, 10.246765041540939 ], [ -64.574218309168046, 10.234776109249225 ], [ -64.576337042892021, 10.222890529822095 ], [ -64.585457933191535, 10.197982489457416 ], [ -64.587576666915496, 10.17162750898855 ], [ -64.635403205001637, 10.124188544144616 ], [ -64.676485968673674, 10.070031643102737 ], [ -64.711005825444644, 10.079953518102769 ], [ -64.739970465744236, 10.09545644779034 ], [ -64.74227006698122, 10.111476141800821 ], [ -64.741029832606216, 10.129924628129018 ], [ -64.737825893804128, 10.143980617712401 ] ] ] ] } },
{ "type": "Feature", "properties": { "scalerank": 5, "featurecla": "Urban area", "area_sqkm": 327.48, "min_zoom": 5.0 }, "geometry": { "type": "MultiPolygon", "coordinates": [ [ [ [ -69.311965298119304, 10.019233710159824 ], [ -69.311965298119304, 10.019233710159824 ], [ -69.311965298119304, 10.019233710159824 ], [ -69.391676194929516, 10.000423488805581 ], [ -69.46435909694803, 10.019233710159824 ], [ -69.440742967390648, 10.097187608272108 ], [ -69.388188035749806, 10.146202704300961 ], [ -69.301526658796348, 10.137624416540504 ], [ -69.23576839870492, 10.108168850134135 ], [ -69.226802537702298, 10.059954738805814 ], [ -69.223081834577272, 10.006521307816016 ], [ -69.270236579043612, 9.999209092646723 ], [ -69.311965298119304, 10.019233710159824 ] ] ] ] } },
{ "type": "Feature", "properties": { "scalerank": 5, "featurecla": "Urban area", "area_sqkm": 137.052, "min_zoom": 5.0 }, "geometry": { "type": "MultiPolygon", "coordinates": [ [ [ [ -63.101672532794979, 9.765244045445257 ], [ -63.101672532794979, 9.765244045445257 ], [ -63.101672532794979, 9.765244045445257 ], [ -63.158619961180619, 9.70152700442938 ], [ -63.266778733967513, 9.689021307814755 ], [ -63.239416063068958, 9.756949978062423 ], [ -63.203268398680791, 9.816041978388171 ], [ -63.156165330646758, 9.786948147007848 ], [ -63.101672532794979, 9.765244045445257 ] ] ] ] } },
{ "type": "Feature", "properties": { "scalerank": 5, "featurecla": "Urban area", "area_sqkm": 127.519, "min_zoom": 5.0 }, "geometry": { "type": "MultiPolygon", "coordinates": [ [ [ [ -63.647763231039349, 9.549339911329824 ], [ -63.647763231039349, 9.549339911329824 ], [ -63.647763231039349, 9.549339911329824 ], [ -63.641200324138282, 9.587192897983613 ], [ -63.622390102784038, 9.612850246616532 ], [ -63.644507615804955, 9.647886867710426 ], [ -63.647763231039349, 9.70173371015855 ], [ -63.582444220622421, 9.711913967320058 ], [ -63.520768398682065, 9.689021307814755 ], [ -63.538002488851404, 9.636363023309329 ], [ -63.596965298096436, 9.625510972528033 ], [ -63.611021287679819, 9.576108303257001 ], [ -63.647763231039349, 9.549339911329824 ] ] ] ] } },
{ "type": "Feature", "properties": { "scalerank": 5, "featurecla": "Urban area", "area_sqkm": 188.013, "min_zoom": 5.0 }, "geometry": { "type": "MultiPolygon", "coordinates": [ [ [ [ -63.691455654542125, 9.280131537305309 ], [ -63.691455654542125, 9.280131537305309 ], [ -63.691455654542125, 9.280131537305309 ], [ -63.596965298096436, 9.219127508984741 ], [ -63.625283982992386, 9.171223456250175 ], [ -63.6858745998546, 9.155668850130326 ], [ -63.71618282739378, 9.163420314974104 ], [ -63.723985968669865, 9.193702704297138 ], [ -63.779176398357578, 9.214735012239942 ], [ -63.800157029868075, 9.269925441927654 ], [ -63.691455654542125, 9.280131537305309 ] ] ] ] } },
{ "type": "Feature", "properties": { "scalerank": 5, "featurecla": "Urban area", "area_sqkm": 239.402, "min_zoom": 5.0 }, "geometry": { "type": "MultiPolygon", "coordinates": [ [ [ [ -64.104970465741701, 8.863541978384362 ], [ -64.104970465741701, 8.863541978384362 ], [ -64.104970465741701, 8.863541978384362 ], [ -64.257080044192818, 8.848788356965031 ], [ -64.346273566328605, 8.927052313671084 ], [ -64.281988084557511, 8.936250718619036 ], [ -64.206566331627513, 8.927052313671084 ], [ -64.186903449140459, 8.965137844270188 ], [ -64.181167365156057, 9.003223374869293 ], [ -64.110577358645358, 8.96779918053322 ], [ -64.104970465741701, 8.863541978384362 ] ] ] ] } },
{ "type": "Feature", "properties": { "scalerank": 3, "featurecla": "Urban area", "area_sqkm": 320.116, "min_zoom": 3.7 }, "geometry": { "type": "MultiPolygon", "coordinates": [ [ [ [ -62.669890102780229, 8.292052313668535 ], [ -62.669890102780229, 8.292052313668535 ], [ -62.669890102780229, 8.292052313668535 ], [ -62.761202358639963, 8.221746527535444 ], [ -62.885768398679531, 8.215829576038018 ], [ -62.857940639890359, 8.283267320178922 ], [ -62.809571499265161, 8.330137844267654 ], [ -62.777842169837953, 8.330137844267654 ], [ -62.746061163978453, 8.330137844267654 ], [ -62.640253668860836, 8.406954860869519 ], [ -62.580980801022065, 8.304764716012343 ], [ -62.624208136634209, 8.28321564374663 ], [ -62.669890102780229, 8.292052313668535 ] ] ] ] } },
{ "type": "Feature", "properties": { "scalerank": 5, "featurecla": "Urban area", "area_sqkm": 169.827, "min_zoom": 5.0 }, "geometry": { "type": "MultiPolygon", "coordinates": [ [ [ [ -63.596965298096436, 8.190456447782708 ], [ -63.596965298096436, 8.190456447782708 ], [ -63.596965298096436, 8.190456447782708 ], [ -63.52053585473675, 8.158907985868524 ], [ -63.482657029866814, 8.088860581896895 ], [ -63.517900356689864, 8.047881171089429 ], [ -63.571566331624979, 8.025350246610174 ], [ -63.580713060140639, 8.03527212161022 ], [ -63.596965298096436, 8.03801097252169 ], [ -63.611873948812644, 8.114233710152206 ], [ -63.596965298096436, 8.190456447782708 ] ] ] ] } },
{ "type": "Feature", "properties": { "scalerank": 3, "featurecla": "Urban area", "area_sqkm": 172.088, "min_zoom": 3.7 }, "geometry": { "type": "MultiPolygon", "coordinates": [ [ [ [ -75.604940355110614, 6.323800360535657 ], [ -75.604940355110614, 6.323800360535657 ], [ -75.604940355110614, 6.323800360535657 ], [ -75.573081834602675, 6.361627508973314 ], [ -75.521482916959243, 6.240446275248871 ], [ -75.636592169889383, 6.145723374857866 ], [ -75.642819179980563, 6.205616359884147 ], [ -75.636592169889383, 6.272744045431295 ], [ -75.604940355110614, 6.323800360535657 ] ] ] ] } },
{ "type": "Feature", "properties": { "scalerank": 3, "featurecla": "Urban area", "area_sqkm": 519.992, "min_zoom": 3.7 }, "geometry": { "type": "MultiPolygon", "coordinates": [ [ [ [ -74.201485968711779, 4.71066885011254 ], [ -74.201485968711779, 4.71066885011254 ], [ -74.201485968711779, 4.71066885011254 ], [ -74.11404944527392, 4.764980780451296 ], [ -74.010980801067774, 4.77412750896697 ], [ -74.010980801067774, 4.723355414240203 ], [ -74.010980801067774, 4.672531643081143 ], [ -74.03237484403661, 4.624084987807507 ], [ -74.061778734010687, 4.583648179539125 ], [ -74.073431769492515, 4.525460516778466 ], [ -74.112576666953601, 4.494764715997093 ], [ -74.180582851849721, 4.528328558770667 ], [ -74.239571499310884, 4.570935777195317 ], [ -74.213914150677965, 4.634187730320576 ], [ -74.201485968711779, 4.71066885011254 ] ] ] ] } },
{ "type": "Feature", "properties": { "scalerank": 3, "featurecla": "Urban area", "area_sqkm": 240.647, "min_zoom": 3.7 }, "geometry": { "type": "MultiPolygon", "coordinates": [ [ [ [ -76.474783901663585, 3.567637844248594 ], [ -76.474783901663585, 3.567637844248594 ], [ -76.474783901663585, 3.567637844248594 ], [ -76.459436001272891, 3.487746079925358 ], [ -76.449359096975968, 3.40253164307606 ], [ -76.505376349580359, 3.364471950693101 ], [ -76.576379767549398, 3.364446112476955 ], [ -76.567543097627492, 3.486686713063378 ], [ -76.500157029918881, 3.580350246592403 ], [ -76.483000454397981, 3.578438218597597 ], [ -76.474783901663585, 3.567637844248594 ] ] ] ] } },
{ "type": "Feature", "properties": { "scalerank": 3, "featurecla": "Urban area", "area_sqkm": 93.064, "min_zoom": 3.7 }, "geometry": { "type": "MultiPolygon", "coordinates": [ [ [ [ -60.637869432199182, 2.805668850104922 ], [ -60.637869432199182, 2.805668850104922 ], [ -60.637869432199182, 2.805668850104922 ], [ -60.712593553293232, 2.780011501472003 ], [ -60.777602505116405, 2.818329576016438 ], [ -60.694015875884304, 2.886671657722431 ], [ -60.637869432199182, 2.805668850104922 ] ] ] ] } },
{ "type": "Feature", "properties": { "scalerank": 3, "featurecla": "Urban area", "area_sqkm": 626.316, "min_zoom": 3.7 }, "geometry": { "type": "MultiPolygon", "coordinates": [ [ [ [ -78.392470465798851, -0.089968356937916 ], [ -78.392470465798851, -0.089968356937916 ], [ -78.392470465798851, -0.089968356937916 ], [ -78.346245897113761, -0.021910495609518 ], [ -78.252763231097774, -0.001084893395884 ], [ -78.323766649066812, -0.139629408370396 ], [ -78.443268398741765, -0.229649753422848 ], [ -78.436938035786, -0.280447686365761 ], [ -78.430581834614117, -0.33124561930866 ], [ -78.502153693338357, -0.325871270350319 ], [ -78.570263231099034, -0.33124561930866 ], [ -78.553933478494812, -0.229081312667631 ], [ -78.532177700499929, -0.102680759281711 ], [ -78.501972825825334, -0.050332533370039 ], [ -78.455980801085559, -0.0137456193074 ], [ -78.418360358377072, -0.045991713057532 ], [ -78.392470465798851, -0.089968356937916 ] ] ] ] } },
{ "type": "Feature", "properties": { "scalerank": 3, "featurecla": "Urban area", "area_sqkm": 146.653, "min_zoom": 3.7 }, "geometry": { "type": "MultiPolygon", "coordinates": [ [ [ [ -48.370349493999058, -1.391749362802493 ], [ -48.370349493999058, -1.391749362802493 ], [ -48.370349493999058, -1.391749362802493 ], [ -48.418253546733638, -1.434175713714119 ], [ -48.429183112163358, -1.445957940276671 ], [ -48.451455654481165, -1.435829359547462 ], [ -48.468043789246849, -1.393816420094169 ], [ -48.477758958517725, -1.323846530770972 ], [ -48.460731574077556, -1.300592136239629 ], [ -48.445176967957693, -1.303796075041724 ], [ -48.391950242697064, -1.322192884937628 ], [ -48.344252895691668, -1.33454355225539 ], [ -48.370349493999058, -1.391749362802493 ] ] ] ] } },
{ "type": "Feature", "properties": { "scalerank": 5, "featurecla": "Urban area", "area_sqkm": 150.797, "min_zoom": 5.0 }, "geometry": { "type": "MultiPolygon", "coordinates": [ [ [ [ -78.773480801086833, -1.690180759288062 ], [ -78.773480801086833, -1.690180759288062 ], [ -78.773480801086833, -1.690180759288062 ], [ -78.699299282531854, -1.634628594574295 ], [ -78.608374599914299, -1.626670424001347 ], [ -78.624471808573219, -1.705838718272503 ], [ -78.659172532857212, -1.766351820486285 ], [ -78.696870490214138, -1.74692148194454 ], [ -78.709970465800126, -1.702893161631863 ], [ -78.747255011698712, -1.702066338715191 ], [ -78.773480801086833, -1.690180759288062 ] ] ] ] } },
{ "type": "Feature", "properties": { "scalerank": 3, "featurecla": "Urban area", "area_sqkm": 382.281, "min_zoom": 3.7 }, "geometry": { "type": "MultiPolygon", "coordinates": [ [ [ [ -79.807190314437321, -2.259861748873675 ], [ -79.807190314437321, -2.259861748873675 ], [ -79.807190314437321, -2.259861748873675 ], [ -79.818688320622272, -2.290454196790463 ], [ -79.828067593083233, -2.295105075696732 ], [ -79.839772304997354, -2.16787769939414 ], [ -79.83264095734107, -2.110568535982452 ], [ -79.842149420882777, -2.067367038586447 ], [ -79.893412441716322, -2.145656833508632 ], [ -79.886255255843892, -2.297688897311325 ], [ -79.908346930648662, -2.292624606946724 ], [ -79.93568376333107, -2.271954034029974 ], [ -79.955398322250417, -2.243635349134024 ], [ -79.964131639307737, -2.228080743014175 ], [ -79.972942471013511, -2.212526136894319 ], [ -79.98376868357866, -2.198470147310928 ], [ -79.992682868149004, -2.185447686373379 ], [ -79.985086432602088, -2.123746026216878 ], [ -79.992682868149004, -2.058478692232242 ], [ -79.90410946320074, -2.033105563976932 ], [ -79.802177700505013, -2.071139418143751 ], [ -79.802177700505013, -2.114961032727258 ], [ -79.802177700505013, -2.158782647310773 ], [ -79.802591111963352, -2.178212985852511 ], [ -79.800601569320108, -2.197281589368217 ], [ -79.798767055973741, -2.212319431165149 ], [ -79.800730760400839, -2.227615655123543 ], [ -79.807190314437321, -2.259861748873675 ] ] ] ] } },
{ "type": "Feature", "properties": { "scalerank": 4, "featurecla": "Urban area", "area_sqkm": 174.532, "min_zoom": 4.0 }, "geometry": { "type": "MultiPolygon", "coordinates": [ [ [ [ -44.297058071456732, -2.588782240411447 ], [ -44.297058071456732, -2.588782240411447 ], [ -44.297058071456732, -2.588782240411447 ], [ -44.323258022628707, -2.586146742364562 ], [ -44.326255255701639, -2.58552662517706 ], [ -44.308168504399475, -2.535142103692486 ], [ -44.228638475102287, -2.471321709812017 ], [ -44.179364996911985, -2.471166680515147 ], [ -44.173241339685404, -2.473027032077653 ], [ -44.170864223799967, -2.501707451999643 ], [ -44.153294236820742, -2.527338962416408 ], [ -44.162337612471816, -2.552143649916509 ], [ -44.178770717940637, -2.572504164239511 ], [ -44.222954067550177, -2.589454034031242 ], [ -44.27080644385245, -2.590745944838538 ], [ -44.297058071456732, -2.588782240411447 ] ] ] ] } },
{ "type": "Feature", "properties": { "scalerank": 3, "featurecla": "Urban area", "area_sqkm": 310.887, "min_zoom": 3.7 }, "geometry": { "type": "MultiPolygon", "coordinates": [ [ [ [ -60.028294236884236, -2.972893161636939 ], [ -60.028294236884236, -2.972893161636939 ], [ -60.028294236884236, -2.972893161636939 ], [ -59.951089647040178, -2.997284437678708 ], [ -59.90127356631082, -3.049064222835163 ], [ -59.911272955959291, -3.115261732601056 ], [ -59.939359096909925, -3.163372491064791 ], [ -60.022971564358173, -3.158101494971014 ], [ -60.079040493394857, -3.125286960465679 ], [ -60.07007463239222, -3.03263111736635 ], [ -60.028294236884236, -2.972893161636939 ] ] ] ] } },
{ "type": "Feature", "properties": { "scalerank": 3, "featurecla": "Urban area", "area_sqkm": 520.797, "min_zoom": 3.7 }, "geometry": { "type": "MultiPolygon", "coordinates": [ [ [ [ -38.672104254702461, -3.681015313332487 ], [ -38.672104254702461, -3.681015313332487 ], [ -38.672104254702461, -3.681015313332487 ], [ -38.669287889142552, -3.670731703306402 ], [ -38.666523200014936, -3.659672946795943 ], [ -38.475759650209483, -3.717447198098256 ], [ -38.424134894349905, -3.789587497577713 ], [ -38.436847296693699, -3.803643487161096 ], [ -38.46149695489693, -3.8367164038279 ], [ -38.476379767396992, -3.87454355226555 ], [ -38.573634812970298, -3.886584160989557 ], [ -38.654198370913321, -3.887255954609351 ], [ -38.65913347019719, -3.871339613463455 ], [ -38.662259894350854, -3.853201185729006 ], [ -38.666704067527959, -3.836406345234145 ], [ -38.671148240705051, -3.819663181171578 ], [ -38.678744676251966, -3.787675469582908 ], [ -38.683395555158228, -3.755119317239028 ], [ -38.682646246890002, -3.722769870624319 ], [ -38.675385708152987, -3.691247246926274 ], [ -38.672104254702461, -3.681015313332487 ] ] ] ] } },
{ "type": "Feature", "properties": { "scalerank": 4, "featurecla": "Urban area", "area_sqkm": 153.632, "min_zoom": 4.0 }, "geometry": { "type": "MultiPolygon", "coordinates": [ [ [ [ -42.763017340656319, -5.144181817244586 ], [ -42.763017340656319, -5.144181817244586 ], [ -42.763017340656319, -5.144181817244586 ], [ -42.832444627440452, -5.157255954614428 ], [ -42.86016903336504, -5.087441094588108 ], [ -42.857869432128055, -5.017574558129496 ], [ -42.7743086411121, -5.03560963299936 ], [ -42.730848761554626, -5.09374561932772 ], [ -42.763017340656319, -5.144181817244586 ] ] ] ] } },
{ "type": "Feature", "properties": { "scalerank": 4, "featurecla": "Urban area", "area_sqkm": 356.164, "min_zoom": 4.0 }, "geometry": { "type": "MultiPolygon", "coordinates": [ [ [ [ -35.213478156055814, -5.701718845241608 ], [ -35.213478156055814, -5.701718845241608 ], [ -35.213478156055814, -5.701718845241608 ], [ -35.205623338347436, -5.696086114121798 ], [ -35.201773444141693, -5.692727146022825 ], [ -35.14877926282638, -5.890906263862156 ], [ -35.202600267058372, -5.916279392117467 ], [ -35.314040493295792, -5.944649753445709 ], [ -35.308175218230659, -5.893386732612164 ], [ -35.288667365040482, -5.855766289903684 ], [ -35.309492967254101, -5.766417738471034 ], [ -35.288667365040482, -5.69066008873115 ], [ -35.255232713347638, -5.694019056830122 ], [ -35.22138465019647, -5.704974460475995 ], [ -35.213478156055814, -5.701718845241608 ] ] ] ] } },
{ "type": "Feature", "properties": { "scalerank": 5, "featurecla": "Urban area", "area_sqkm": 266.798, "min_zoom": 5.0 }, "geometry": { "type": "MultiPolygon", "coordinates": [ [ [ [ -34.860063035611688, -7.056003106314733 ], [ -34.860063035611688, -7.056003106314733 ], [ -34.860063035611688, -7.056003106314733 ], [ -34.852053188606448, -7.036934502799035 ], [ -34.845231899543919, -7.018641045767708 ], [ -34.833863084439699, -7.024428806184403 ], [ -34.816189744595889, -7.188708184440266 ], [ -34.833087937955327, -7.200852146028858 ], [ -34.866625942512755, -7.21222096113307 ], [ -34.9054607813801, -7.20364267337262 ], [ -34.944243943815152, -7.194030856966329 ], [ -34.984861619596558, -7.183178806185033 ], [ -35.021965297982121, -7.163851820507873 ], [ -35.014291347786781, -7.120753675976452 ], [ -34.996540493294518, -7.087680759309656 ], [ -34.957033860807385, -7.092590020377379 ], [ -34.933081834440102, -7.113053887564966 ], [ -34.913005540494709, -7.103958835481592 ], [ -34.891740688606603, -7.090367933788833 ], [ -34.874480760221118, -7.074503269075223 ], [ -34.860063035611688, -7.056003106314733 ] ] ] ] } },
{ "type": "Feature", "properties": { "scalerank": 2, "featurecla": "Urban area", "area_sqkm": 575.808, "min_zoom": 3.6 }, "geometry": { "type": "MultiPolygon", "coordinates": [ [ [ [ -34.931609056119783, -7.908302504104604 ], [ -34.931609056119783, -7.908302504104604 ], [ -34.931609056119783, -7.908302504104604 ], [ -34.920369432096308, -7.836989027541819 ], [ -34.837222052538678, -7.870992119989872 ], [ -34.83693783216107, -7.871818942906543 ], [ -34.834664069140231, -7.971451104365272 ], [ -34.890552130663892, -8.09216725019909 ], [ -34.926002163216111, -8.239135023637175 ], [ -34.927190721158823, -8.239135023637175 ], [ -34.971167365039207, -8.243372491085111 ], [ -34.984034796679893, -8.205441989782877 ], [ -34.983879767383016, -8.154489027543086 ], [ -35.01395545097688, -8.140071302933656 ], [ -35.047390102669723, -8.129064222855483 ], [ -35.038915167773865, -8.08668954837615 ], [ -35.009252895638326, -8.065553887568775 ], [ -35.046769985482229, -8.026848239782161 ], [ -35.085475633268842, -7.989382826370552 ], [ -35.030982835417063, -7.969384047073596 ], [ -34.945794236783897, -7.97667042402675 ], [ -34.931609056119783, -7.908302504104604 ] ] ] ] } },
{ "type": "Feature", "properties": { "scalerank": 3, "featurecla": "Urban area", "area_sqkm": 242.737, "min_zoom": 3.7 }, "geometry": { "type": "MultiPolygon", "coordinates": [ [ [ [ -78.95600195994173, -8.135007012569055 ], [ -78.95600195994173, -8.135007012569055 ], [ -78.95600195994173, -8.135007012569055 ], [ -78.981271735332456, -8.188440443558846 ], [ -79.003750983379419, -8.229213148637136 ], [ -79.012251756491438, -8.21019622155373 ], [ -79.119041103822582, -8.095784600459517 ], [ -79.110721198223601, -8.084570814652182 ], [ -79.081679043275557, -8.049689222855172 ], [ -79.044006924134791, -8.032842705928019 ], [ -79.002149013978368, -8.034754733922817 ], [ -78.964140998027702, -8.050361016474966 ], [ -78.938561164043222, -8.078266289912577 ], [ -78.95600195994173, -8.135007012569055 ] ] ] ] } },
{ "type": "Feature", "properties": { "scalerank": 4, "featurecla": "Urban area", "area_sqkm": 140.663, "min_zoom": 4.0 }, "geometry": { "type": "MultiPolygon", "coordinates": [ [ [ [ -78.537035285135374, -9.137426446166813 ], [ -78.537035285135374, -9.137426446166813 ], [ -78.537035285135374, -9.137426446166813 ], [ -78.568842129211021, -9.161662692911698 ], [ -78.574087287088645, -9.166210218953388 ], [ -78.580133429666787, -9.156598402547097 ], [ -78.641111619771209, -9.02265309004656 ], [ -78.559411180317738, -9.027355645385121 ], [ -78.519956224262899, -9.058774916218582 ], [ -78.494557257791456, -9.099289239135409 ], [ -78.509543423156089, -9.123732191609463 ], [ -78.537035285135374, -9.137426446166813 ] ] ] ] } },
{ "type": "Feature", "properties": { "scalerank": 4, "featurecla": "Urban area", "area_sqkm": 188.661, "min_zoom": 4.0 }, "geometry": { "type": "MultiPolygon", "coordinates": [ [ [ [ -40.573719448394954, -9.344855645386389 ], [ -40.573719448394954, -9.344855645386389 ], [ -40.573719448394954, -9.344855645386389 ], [ -40.498401048329555, -9.330851332235291 ], [ -40.434038051910022, -9.35756804773019 ], [ -40.435407477365757, -9.413326918173127 ], [ -40.446750454253831, -9.459163913616017 ], [ -40.495507168121208, -9.468155612834799 ], [ -40.548346320139643, -9.459163913616017 ], [ -40.566019659983468, -9.407022393433515 ], [ -40.573719448394954, -9.344855645386389 ] ] ] ] } },
{ "type": "Feature", "properties": { "scalerank": 4, "featurecla": "Urban area", "area_sqkm": 175.398, "min_zoom": 4.0 }, "geometry": { "type": "MultiPolygon", "coordinates": [ [ [ [ -35.685955776500407, -9.584996026246728 ], [ -35.685955776500407, -9.584996026246728 ], [ -35.685955776500407, -9.584996026246728 ], [ -35.668514980601898, -9.594866224814474 ], [ -35.659936692841441, -9.601584161012418 ], [ -35.750267096487647, -9.689227390179433 ], [ -35.75179155124026, -9.686023451377338 ], [ -35.752980109182971, -9.673311049033536 ], [ -35.754737107880885, -9.660546970257442 ], [ -35.766571010875722, -9.635897312054219 ], [ -35.782228969860171, -9.613314711142671 ], [ -35.797680223115435, -9.591507256715502 ], [ -35.811116095511323, -9.568407891481037 ], [ -35.820960455862931, -9.537763767131956 ], [ -35.823931850719703, -9.50996184655893 ], [ -35.760912441539773, -9.516834812053744 ], [ -35.709623582490082, -9.535386651246526 ], [ -35.711768154430203, -9.550734551637213 ], [ -35.707401495901536, -9.569183037965416 ], [ -35.697582973766075, -9.578226413616491 ], [ -35.685955776500407, -9.584996026246728 ] ] ] ] } },
{ "type": "Feature", "properties": { "scalerank": 5, "featurecla": "Urban area", "area_sqkm": 257.814, "min_zoom": 5.0 }, "geometry": { "type": "MultiPolygon", "coordinates": [ [ [ [ -37.023574388159403, -10.851792087449709 ], [ -37.023574388159403, -10.851792087449709 ], [ -37.023574388159403, -10.851792087449709 ], [ -37.008820766740072, -10.863522637579969 ], [ -36.983757697078516, -10.889619235887359 ], [ -37.085250210099758, -11.042529799039016 ], [ -37.087575649552889, -11.039480889533799 ], [ -37.109925706519121, -11.008940118049296 ], [ -37.127676561011384, -10.975763848517914 ], [ -37.13338680677964, -10.956850274299093 ], [ -37.139252081844759, -10.937988376512557 ], [ -37.148889736467197, -10.921193536017697 ], [ -37.157442186011494, -10.906982517137429 ], [ -37.125144415829084, -10.844040622605931 ], [ -37.055846320125681, -10.818099053595411 ], [ -37.047526414526686, -10.828434340053782 ], [ -37.038741421037074, -10.840578301642374 ], [ -37.023574388159403, -10.851792087449709 ] ] ] ] } },
{ "type": "Feature", "properties": { "scalerank": 2, "featurecla": "Urban area", "area_sqkm": 1603.807, "min_zoom": 3.6 }, "geometry": { "type": "MultiPolygon", "coordinates": [ [ [ [ -76.842306688123386, -12.279301853080419 ], [ -76.842306688123386, -12.279301853080419 ], [ -76.842306688123386, -12.279301853080419 ], [ -76.867731492810975, -12.300695896049255 ], [ -76.87879024932144, -12.311444593965966 ], [ -76.994106207980764, -12.219253838757268 ], [ -77.038134528293426, -12.172745049694576 ], [ -77.062680833632072, -12.106805922090146 ], [ -77.152752855116802, -12.060400485892046 ], [ -77.157636277968393, -11.923457940318585 ], [ -77.20440344919254, -11.729309584198013 ], [ -77.175206264947633, -11.720266208546938 ], [ -77.1744052802471, -11.720369561411516 ], [ -77.173604295546582, -11.720524590708393 ], [ -77.128387417291194, -11.761659030812723 ], [ -77.086219448541016, -11.79597218185453 ], [ -77.030460578098086, -11.797367445526412 ], [ -76.984623582655189, -11.808684584198332 ], [ -76.946538052056098, -11.872194919485047 ], [ -76.908426683240833, -11.935653578339462 ], [ -76.845794847303083, -11.936532077688426 ], [ -76.794118415011212, -11.948365980683263 ], [ -76.718128221325998, -11.898911634979939 ], [ -76.641724616182472, -11.910280450084151 ], [ -76.661335822237248, -11.954153741099951 ], [ -76.705209113253034, -11.973790785370866 ], [ -76.741020880831314, -12.001489353079307 ], [ -76.768719448539741, -12.037249444225289 ], [ -76.834555223279608, -12.060348809459754 ], [ -76.870315314425568, -12.113472181855798 ], [ -76.837655809217111, -12.183700453340457 ], [ -76.821739468071215, -12.25439381271574 ], [ -76.842306688123386, -12.279301853080419 ] ] ] ] } },
{ "type": "Feature", "properties": { "scalerank": 3, "featurecla": "Urban area", "area_sqkm": 161.742, "min_zoom": 3.7 }, "geometry": { "type": "MultiPolygon", "coordinates": [ [ [ [ -38.998931850732404, -12.176982517142513 ], [ -38.998931850732404, -12.176982517142513 ], [ -38.998931850732404, -12.176982517142513 ], [ -38.914208339989884, -12.19119353602278 ], [ -38.884623582502783, -12.291290785372134 ], [ -38.924931199690448, -12.314441827038898 ], [ -38.98621944838861, -12.316663913627444 ], [ -39.013401251774127, -12.25186166753344 ], [ -38.998931850732404, -12.176982517142513 ] ] ] ] } },
{ "type": "Feature", "properties": { "scalerank": 5, "featurecla": "Urban area", "area_sqkm": 127.19, "min_zoom": 5.0 }, "geometry": { "type": "MultiPolygon", "coordinates": [ [ [ [ -38.364241909323624, -12.637677911024561 ], [ -38.364241909323624, -12.637677911024561 ], [ -38.364241909323624, -12.637677911024561 ], [ -38.287709113099353, -12.570653578342004 ], [ -38.25649654799507, -12.677210381727846 ], [ -38.338507046042267, -12.74847218185834 ], [ -38.364241909323624, -12.637677911024561 ] ] ] ] } },
{ "type": "Feature", "properties": { "scalerank": 3, "featurecla": "Urban area", "area_sqkm": 307.369, "min_zoom": 3.7 }, "geometry": { "type": "MultiPolygon", "coordinates": [ [ [ [ -38.319541795391146, -12.859473158421281 ], [ -38.319541795391146, -12.859473158421281 ], [ -38.319541795391146, -12.859473158421281 ], [ -38.262232631979458, -12.850533135634791 ], [ -38.259442104635696, -12.859059746962949 ], [ -38.40173316095138, -12.966184991104001 ], [ -38.447311774232801, -12.967063490452965 ], [ -38.498910691876247, -12.956624851130009 ], [ -38.51485287123829, -12.837510674697235 ], [ -38.461651984193807, -12.802990817926265 ], [ -38.38930497898518, -12.786557712457451 ], [ -38.376463385560655, -12.824488213759686 ], [ -38.376592576641372, -12.875492852431762 ], [ -38.319541795391146, -12.859473158421281 ] ] ] ] } },
{ "type": "Feature", "properties": { "scalerank": 4, "featurecla": "Urban area", "area_sqkm": 172.929, "min_zoom": 4.0 }, "geometry": { "type": "MultiPolygon", "coordinates": [ [ [ [ -56.080421515514288, -15.529749444239258 ], [ -56.080421515514288, -15.529749444239258 ], [ -56.080421515514288, -15.529749444239258 ], [ -56.036212327688588, -15.53000782640072 ], [ -56.004250454316065, -15.542461846583059 ], [ -56.065099453339741, -15.66850066494294 ], [ -56.182017381400101, -15.65677011481268 ], [ -56.140779588431187, -15.583699639551973 ], [ -56.080421515514288, -15.529749444239258 ] ] ] ] } },
{ "type": "Feature", "properties": { "scalerank": 2, "featurecla": "Urban area", "area_sqkm": 761.778, "min_zoom": 3.6 }, "geometry": { "type": "MultiPolygon", "coordinates": [ [ [ [ -47.792684495624357, -15.816501967026866 ], [ -47.792684495624357, -15.816501967026866 ], [ -47.792684495624357, -15.816501967026866 ], [ -47.812709113137458, -15.872674248928128 ], [ -47.9726993475131, -15.903163343980339 ], [ -48.142921515482527, -15.923472181871041 ], [ -48.149303554870571, -15.85866993577703 ], [ -48.155633917826336, -15.78379078538611 ], [ -48.071401333190579, -15.766375827703747 ], [ -47.977815314309993, -15.758365980698507 ], [ -47.902238532083132, -15.687879327052393 ], [ -47.838133917825061, -15.605972181869774 ], [ -47.787904425637365, -15.606592299057276 ], [ -47.761911180194545, -15.63139698655737 ], [ -47.795242479022804, -15.674288425359627 ], [ -47.838133917825061, -15.707568047755593 ], [ -47.821003180520307, -15.747617282781796 ], [ -47.774623582538354, -15.758365980698507 ], [ -47.792684495624357, -15.816501967026866 ] ] ] ] } },
{ "type": "Feature", "properties": { "scalerank": 5, "featurecla": "Urban area", "area_sqkm": 175.324, "min_zoom": 5.0 }, "geometry": { "type": "MultiPolygon", "coordinates": [ [ [ [ -47.965102911966198, -16.012355645413066 ], [ -47.965102911966198, -16.012355645413066 ], [ -47.965102911966198, -16.012355645413066 ], [ -47.94143510597651, -16.092712497626927 ], [ -47.939729783710888, -16.164749444241799 ], [ -47.984791632669399, -16.139996433173991 ], [ -48.003188442565303, -16.088578383043576 ], [ -48.068817511575986, -16.058916110908044 ], [ -48.092123582539614, -15.986982517157756 ], [ -48.024634161966432, -15.970807793850398 ], [ -47.965102911966198, -16.012355645413066 ] ] ] ] } },
{ "type": "Feature", "properties": { "scalerank": 4, "featurecla": "Urban area", "area_sqkm": 202.409, "min_zoom": 4.0 }, "geometry": { "type": "MultiPolygon", "coordinates": [ [ [ [ -71.485527716747782, -16.317194919502825 ], [ -71.485527716747782, -16.317194919502825 ], [ -71.485527716747782, -16.317194919502825 ], [ -71.457364061148709, -16.371558526273873 ], [ -71.447416347932517, -16.444163913643955 ], [ -71.513174608023945, -16.469485365466973 ], [ -71.587123582633609, -16.456876315987756 ], [ -71.58557328966485, -16.338433933174784 ], [ -71.485527716747782, -16.317194919502825 ] ] ] ] } },
{ "type": "Feature", "properties": { "scalerank": 3, "featurecla": "Urban area", "area_sqkm": 331.082, "min_zoom": 3.7 }, "geometry": { "type": "MultiPolygon", "coordinates": [ [ [ [ -68.208931850849254, -16.583896986561186 ], [ -68.208931850849254, -16.583896986561186 ], [ -68.208931850849254, -16.583896986561186 ], [ -68.245079515237421, -16.537491550363079 ], [ -68.259729783792167, -16.469588718331558 ], [ -68.197976447203388, -16.429694512602232 ], [ -68.107335984963441, -16.418790785388651 ], [ -68.052558966734054, -16.475066420154498 ], [ -68.031113247332925, -16.533099053618272 ], [ -68.097439948179542, -16.581054782785131 ], [ -68.208931850849254, -16.583896986561186 ] ] ] ] } },
{ "type": "Feature", "properties": { "scalerank": 3, "featurecla": "Urban area", "area_sqkm": 423.59, "min_zoom": 3.7 }, "geometry": { "type": "MultiPolygon", "coordinates": [ [ [ [ -49.273188442570387, -16.837886651275738 ], [ -49.273188442570387, -16.837886651275738 ], [ -49.273188442570387, -16.837886651275738 ], [ -49.304969448429887, -16.837886651275738 ], [ -49.336750454289387, -16.837886651275738 ], [ -49.369099900904104, -16.725128676014876 ], [ -49.336750454289387, -16.596557712472695 ], [ -49.248848842960911, -16.595059095936229 ], [ -49.17159257668456, -16.634694919504092 ], [ -49.191229620955468, -16.697585137603305 ], [ -49.197017381372163, -16.774376315989031 ], [ -49.237118292830658, -16.804141940989147 ], [ -49.273188442570387, -16.837886651275738 ] ] ] ] } },
{ "type": "Feature", "properties": { "scalerank": 5, "featurecla": "Urban area", "area_sqkm": 358.808, "min_zoom": 5.0 }, "geometry": { "type": "MultiPolygon", "coordinates": [ [ [ [ -66.202335984955809, -17.307780450105746 ], [ -66.202335984955809, -17.307780450105746 ], [ -66.202335984955809, -17.307780450105746 ], [ -66.085883144786081, -17.337391045808992 ], [ -65.986431850840376, -17.384003187736262 ], [ -66.001262986908131, -17.413562107007209 ], [ -66.037229783783275, -17.422088718335367 ], [ -66.086399909108991, -17.46177621833553 ], [ -66.151512213796764, -17.485599053622082 ], [ -66.188745083263058, -17.459295749585522 ], [ -66.215022549083471, -17.422088718335367 ], [ -66.272280036062867, -17.422192071199952 ], [ -66.303931850841636, -17.396663913647771 ], [ -66.252255418549765, -17.353100681225719 ], [ -66.202335984955809, -17.307780450105746 ] ] ] ] } },
{ "type": "Feature", "properties": { "scalerank": 5, "featurecla": "Urban area", "area_sqkm": 238.43, "min_zoom": 5.0 }, "geometry": { "type": "MultiPolygon", "coordinates": [ [ [ [ -63.217815314370966, -17.714163913649038 ], [ -63.217815314370966, -17.714163913649038 ], [ -63.217815314370966, -17.714163913649038 ], [ -63.145390794513901, -17.724292494378247 ], [ -63.090820482013683, -17.75224944424815 ], [ -63.090820482013683, -17.796691176019159 ], [ -63.090820482013683, -17.841184584222461 ], [ -63.174458787678077, -17.868934828363201 ], [ -63.268613247313866, -17.841184584222461 ], [ -63.245203823485653, -17.775710544508662 ], [ -63.217815314370966, -17.714163913649038 ] ] ] ] } },
{ "type": "Feature", "properties": { "scalerank": 3, "featurecla": "Urban area", "area_sqkm": 141.984, "min_zoom": 3.7 }, "geometry": { "type": "MultiPolygon", "coordinates": [ [ [ [ -70.240926683214155, -17.930068047764486 ], [ -70.240926683214155, -17.930068047764486 ], [ -70.240926683214155, -17.930068047764486 ], [ -70.206225958930162, -17.94613941820726 ], [ -70.190128750271242, -17.980865980707399 ], [ -70.233433600531839, -18.058225599848335 ], [ -70.317123582628525, -18.09517424893702 ], [ -70.304385342068571, -18.015282484613785 ], [ -70.266325649685612, -17.930068047764486 ], [ -70.253613247341804, -17.930068047764486 ], [ -70.240926683214155, -17.930068047764486 ] ] ] ] } },
{ "type": "Feature", "properties": { "scalerank": 4, "featurecla": "Urban area", "area_sqkm": 111.495, "min_zoom": 4.0 }, "geometry": { "type": "MultiPolygon", "coordinates": [ [ [ [ -48.286762864766956, -18.850270277585878 ], [ -48.286762864766956, -18.850270277585878 ], [ -48.286762864766956, -18.850270277585878 ], [ -48.193719448425441, -18.907992852455898 ], [ -48.252398037292863, -18.967162367430092 ], [ -48.346113247254181, -18.94607838305501 ], [ -48.286762864766956, -18.850270277585878 ] ] ] ] } },
{ "type": "Feature", "properties": { "scalerank": 3, "featurecla": "Urban area", "area_sqkm": 100.184, "min_zoom": 3.7 }, "geometry": { "type": "MultiPolygon", "coordinates": [ [ [ [ -65.199012213792955, -19.060386651284631 ], [ -65.199012213792955, -19.060386651284631 ], [ -65.199012213792955, -19.060386651284631 ], [ -65.241619432217604, -19.08126392993055 ], [ -65.300633917894913, -19.085759779539941 ], [ -65.300117153572003, -18.989848321206225 ], [ -65.199012213792955, -18.996876315997916 ], [ -65.199012213792955, -19.028657321857423 ], [ -65.199012213792955, -19.060386651284631 ] ] ] ] } },
{ "type": "Feature", "properties": { "scalerank": 5, "featurecla": "Urban area", "area_sqkm": 137.429, "min_zoom": 5.0 }, "geometry": { "type": "MultiPolygon", "coordinates": [ [ [ [ -42.681911180174225, -19.56836598071375 ], [ -42.681911180174225, -19.56836598071375 ], [ -42.681911180174225, -19.56836598071375 ], [ -42.600520799314523, -19.426565850504844 ], [ -42.49143185074638, -19.479482517171725 ], [ -42.530008307452263, -19.510746758708308 ], [ -42.580315314288399, -19.530280450114638 ], [ -42.621966518715652, -19.558495782145997 ], [ -42.681911180174225, -19.56836598071375 ] ] ] ] } },
{ "type": "Feature", "properties": { "scalerank": 4, "featurecla": "Urban area", "area_sqkm": 772.299, "min_zoom": 4.0 }, "geometry": { "type": "MultiPolygon", "coordinates": [ [ [ [ -43.875688442548793, -19.758896986573887 ], [ -43.875688442548793, -19.758896986573887 ], [ -43.875688442548793, -19.758896986573887 ], [ -43.854242723147664, -19.832639255454389 ], [ -43.812229783694377, -19.885865980715018 ], [ -43.910466681481225, -19.984516289960204 ], [ -44.053507046065135, -20.03825977954375 ], [ -44.09306535498456, -20.027045993736415 ], [ -44.117017381351843, -20.000174248944639 ], [ -44.183550787927629, -19.990510756106062 ], [ -44.231325649581464, -19.962088718345534 ], [ -44.208071255050129, -19.921832777590161 ], [ -44.155102911950948, -19.91129078540262 ], [ -44.126060757002918, -19.876822605063943 ], [ -44.078931850752724, -19.860492852459707 ], [ -44.055419074059927, -19.826799818605409 ], [ -44.040846320153619, -19.784270114829198 ], [ -43.964520229658518, -19.75290252042803 ], [ -43.875688442548793, -19.758896986573887 ] ] ] ] } },
{ "type": "Feature", "properties": { "scalerank": 4, "featurecla": "Urban area", "area_sqkm": 447.78, "min_zoom": 4.0 }, "geometry": { "type": "MultiPolygon", "coordinates": [ [ [ [ -40.188161587065295, -20.104250583580473 ], [ -40.188161587065295, -20.104250583580473 ], [ -40.188161587065295, -20.104250583580473 ], [ -40.179996710763177, -20.10187346769505 ], [ -40.175810919747533, -20.101149997642963 ], [ -40.202760179187749, -20.206053155195463 ], [ -40.282161017404206, -20.27762501391971 ], [ -40.289860805815692, -20.275196221601995 ], [ -40.311539069162137, -20.255972588789412 ], [ -40.332442186024196, -20.241503187747689 ], [ -40.342829148914873, -20.262793877851941 ], [ -40.345102911935712, -20.29224944425831 ], [ -40.334535081532024, -20.304238376550025 ], [ -40.317145962065808, -20.305323581628151 ], [ -40.301074591623035, -20.307493991784412 ], [ -40.318567063953836, -20.425781345300514 ], [ -40.331744554188262, -20.45027597420686 ], [ -40.358177049305553, -20.430793959232822 ], [ -40.386495734201503, -20.404955743086887 ], [ -40.398717210438534, -20.392708428633711 ], [ -40.412178921050568, -20.38180470142013 ], [ -40.430213995920425, -20.373226413659673 ], [ -40.446750454253831, -20.368472181888826 ], [ -40.407528042144293, -20.248892917565428 ], [ -40.319729783680401, -20.177992852460974 ], [ -40.319729783680401, -20.13990732186187 ], [ -40.319729783680401, -20.101770114830465 ], [ -40.283788825021404, -20.103837172122141 ], [ -40.243920457508224, -20.111847019127381 ], [ -40.219710048979479, -20.113138929934678 ], [ -40.196326463367413, -20.10771290454403 ], [ -40.188161587065295, -20.104250583580473 ] ] ] ] } },
{ "type": "Feature", "properties": { "scalerank": 3, "featurecla": "Urban area", "area_sqkm": 226.964, "min_zoom": 3.7 }, "geometry": { "type": "MultiPolygon", "coordinates": [ [ [ [ -54.619916347865214, -20.546290785405162 ], [ -54.619916347865214, -20.546290785405162 ], [ -54.619916347865214, -20.546290785405162 ], [ -54.670688442591981, -20.546290785405162 ], [ -54.69518307149832, -20.481333510014274 ], [ -54.683400844935775, -20.406557712487931 ], [ -54.595525071823445, -20.398082777592066 ], [ -54.53100704610705, -20.419270114831733 ], [ -54.548499518437836, -20.484330743087206 ], [ -54.569092576706154, -20.546290785405162 ], [ -54.619916347865214, -20.546290785405162 ] ] ] ] } },
{ "type": "Feature", "properties": { "scalerank": 5, "featurecla": "Urban area", "area_sqkm": 143.253, "min_zoom": 5.0 }, "geometry": { "type": "MultiPolygon", "coordinates": [ [ [ [ -47.368188442562769, -20.597088718348068 ], [ -47.368188442562769, -20.597088718348068 ], [ -47.368188442562769, -20.597088718348068 ], [ -47.44229244646931, -20.575901381108402 ], [ -47.48249671079239, -20.520865980717559 ], [ -47.441698167497947, -20.491823825769522 ], [ -47.406325649594166, -20.457355645430845 ], [ -47.373071865414346, -20.474925632410084 ], [ -47.342815314307458, -20.495492852462249 ], [ -47.345037400896004, -20.556729424728118 ], [ -47.368188442562769, -20.597088718348068 ] ] ] ] } },
{ "type": "Feature", "properties": { "scalerank": 5, "featurecla": "Urban area", "area_sqkm": 73.134, "min_zoom": 5.0 }, "geometry": { "type": "MultiPolygon", "coordinates": [ [ [ [ -49.438346320175214, -20.825653578375025 ], [ -49.438346320175214, -20.825653578375025 ], [ -49.438346320175214, -20.825653578375025 ], [ -49.373053147974431, -20.7539783667862 ], [ -49.324038051945593, -20.851078383062628 ], [ -49.389408738794813, -20.861361993088714 ], [ -49.438346320175214, -20.825653578375025 ] ] ] ] } },
{ "type": "Feature", "properties": { "scalerank": 4, "featurecla": "Urban area", "area_sqkm": 159.945, "min_zoom": 4.0 }, "geometry": { "type": "MultiPolygon", "coordinates": [ [ [ [ -47.799996710793664, -21.079694919521877 ], [ -47.799996710793664, -21.079694919521877 ], [ -47.799996710793664, -21.079694919521877 ], [ -47.747958543475747, -21.110184014574081 ], [ -47.72382564959544, -21.168578383063895 ], [ -47.751885952329928, -21.216740817959924 ], [ -47.799996710793664, -21.244749444262119 ], [ -47.869139777200189, -21.162893975511793 ], [ -47.799996710793664, -21.079694919521877 ] ] ] ] } },
{ "type": "Feature", "properties": { "scalerank": 5, "featurecla": "Urban area", "area_sqkm": 152.297, "min_zoom": 5.0 }, "geometry": { "type": "MultiPolygon", "coordinates": [ [ [ [ -43.405846320151085, -21.689270114836816 ], [ -43.405846320151085, -21.689270114836816 ], [ -43.405846320151085, -21.689270114836816 ], [ -43.344222174643022, -21.703894545175416 ], [ -43.304250454265258, -21.740068047779729 ], [ -43.325411953288778, -21.795103448170572 ], [ -43.393133917807276, -21.803578383066437 ], [ -43.439255133627782, -21.735417168873461 ], [ -43.4693049790055, -21.651184584237704 ], [ -43.456592576661706, -21.651184584237704 ], [ -43.443931850750189, -21.651184584237704 ], [ -43.413597784994863, -21.658987725513775 ], [ -43.405846320151085, -21.689270114836816 ] ] ] ] } },
{ "type": "Feature", "properties": { "scalerank": 5, "featurecla": "Urban area", "area_sqkm": 137.998, "min_zoom": 5.0 }, "geometry": { "type": "MultiPolygon", "coordinates": [ [ [ [ -41.323027716627124, -21.676557712493015 ], [ -41.323027716627124, -21.676557712493015 ], [ -41.323027716627124, -21.676557712493015 ], [ -41.268276536613882, -21.717072035409842 ], [ -41.246804978996607, -21.790865980722636 ], [ -41.327032640129744, -21.810192966399796 ], [ -41.386538051913831, -21.752780450123531 ], [ -41.369820726067417, -21.69965707772748 ], [ -41.323027716627124, -21.676557712493015 ] ] ] ] } },
{ "type": "Feature", "properties": { "scalerank": 5, "featurecla": "Urban area", "area_sqkm": 86.75, "min_zoom": 5.0 }, "geometry": { "type": "MultiPolygon", "coordinates": [ [ [ [ -48.231804979024545, -21.778153578378834 ], [ -48.231804979024545, -21.778153578378834 ], [ -48.231804979024545, -21.778153578378834 ], [ -48.183797573425394, -21.725340264576545 ], [ -48.104835984883422, -21.727355645435928 ], [ -48.151370612162253, -21.831690362233218 ], [ -48.231804979024545, -21.778153578378834 ] ] ] ] } },
{ "type": "Feature", "properties": { "scalerank": 5, "featurecla": "Urban area", "area_sqkm": 86.214, "min_zoom": 5.0 }, "geometry": { "type": "MultiPolygon", "coordinates": [ [ [ [ -49.133507046085455, -22.324270114839358 ], [ -49.133507046085455, -22.324270114839358 ], [ -49.133507046085455, -22.324270114839358 ], [ -49.069841681501856, -22.263757012625568 ], [ -48.993825649600524, -22.311557712495556 ], [ -49.058627895694528, -22.37093393319892 ], [ -49.133507046085455, -22.324270114839358 ] ] ] ] } },
{ "type": "Feature", "properties": { "scalerank": 5, "featurecla": "Urban area", "area_sqkm": 114.931, "min_zoom": 5.0 }, "geometry": { "type": "MultiPolygon", "coordinates": [ [ [ [ -46.908294033381239, -22.395170179943804 ], [ -46.908294033381239, -22.395170179943804 ], [ -46.908294033381239, -22.395170179943804 ], [ -46.961804979019476, -22.464003187756582 ], [ -46.993250088069075, -22.396255385021938 ], [ -46.97451738136327, -22.298896986584047 ], [ -46.942762213719917, -22.298896986584047 ], [ -46.911007046076563, -22.298896986584047 ], [ -46.908294033381239, -22.395170179943804 ] ] ] ] } },
{ "type": "Feature", "properties": { "scalerank": 5, "featurecla": "Urban area", "area_sqkm": 127.773, "min_zoom": 5.0 }, "geometry": { "type": "MultiPolygon", "coordinates": [ [ [ [ -44.21861324723767, -22.540174248954806 ], [ -44.21861324723767, -22.540174248954806 ], [ -44.21861324723767, -22.540174248954806 ], [ -44.149651048344154, -22.473098239839949 ], [ -44.040846320153619, -22.476663913668091 ], [ -44.090765753747576, -22.553713474215272 ], [ -44.193188442550067, -22.57825977955391 ], [ -44.203317023279268, -22.556607354423619 ], [ -44.21861324723767, -22.540174248954806 ] ] ] ] } },
{ "type": "Feature", "properties": { "scalerank": 2, "featurecla": "Urban area", "area_sqkm": 1697.686, "min_zoom": 3.6 }, "geometry": { "type": "MultiPolygon", "coordinates": [ [ [ [ -43.230198126790995, -22.709517917575269 ], [ -43.230198126790995, -22.709517917575269 ], [ -43.230198126790995, -22.709517917575269 ], [ -43.237329474447279, -22.723625583590952 ], [ -43.232265184082678, -22.759747409762973 ], [ -43.241928676921262, -22.795094089450615 ], [ -43.236631842611345, -22.828838799737206 ], [ -43.208829922038319, -22.878138116143653 ], [ -43.19358537451221, -22.938599541925143 ], [ -43.224151984212853, -22.99120614999827 ], [ -43.369466111817601, -22.998079115493091 ], [ -43.517364061036943, -23.041849053644306 ], [ -43.519637824057781, -23.036061293227618 ], [ -43.505116746583766, -22.985263360284705 ], [ -43.486900804200886, -22.974256280206539 ], [ -43.466927863120077, -22.966504815362761 ], [ -43.447264980633022, -22.958443291925228 ], [ -43.431219448406395, -22.946557712498098 ], [ -43.442536587078308, -22.919789320570906 ], [ -43.4693049790055, -22.908472181898986 ], [ -43.49961320654468, -22.917205498956314 ], [ -43.530179816245322, -22.934620456638669 ], [ -43.577773810386148, -22.967693373305472 ], [ -43.629501919110311, -22.993324883722238 ], [ -43.668517625490679, -23.001903171482688 ], [ -43.67998979345947, -23.002988376560822 ], [ -43.702959967613211, -22.966298109633591 ], [ -43.831143357913191, -22.922528171482377 ], [ -43.826130743980883, -22.913846530857342 ], [ -43.815433722496465, -22.890798842055162 ], [ -43.808664109866228, -22.866562595310278 ], [ -43.800809292157865, -22.853126722914389 ], [ -43.78628821468385, -22.847287286065409 ], [ -43.74902950700141, -22.853488457940429 ], [ -43.710633917808551, -22.857674248956073 ], [ -43.682780320803232, -22.815661309502779 ], [ -43.659835984865637, -22.768790785414048 ], [ -43.602681850750827, -22.787859388929753 ], [ -43.570900844891327, -22.83224944426847 ], [ -43.51865597184424, -22.833748060804936 ], [ -43.482017381349294, -22.819588718356961 ], [ -43.505788540203568, -22.792561944268314 ], [ -43.558188442547518, -22.794163913669358 ], [ -43.580125088055425, -22.737991631768097 ], [ -43.570900844891327, -22.679855645439737 ], [ -43.486099819500353, -22.685436700127255 ], [ -43.405846320151085, -22.692568047783539 ], [ -43.305594041504847, -22.640374851168744 ], [ -43.215315314290947, -22.57825977955391 ], [ -43.180201178548614, -22.581308689059135 ], [ -43.164517381348034, -22.603684584241513 ], [ -43.179710252441836, -22.645594170830222 ], [ -43.215315314290947, -22.667194919528228 ], [ -43.219733649251893, -22.680992526950156 ], [ -43.221878221192014, -22.695771986585633 ], [ -43.230198126790995, -22.709517917575269 ] ] ] ] } },
{ "type": "Feature", "properties": { "scalerank": 5, "featurecla": "Urban area", "area_sqkm": 321.444, "min_zoom": 5.0 }, "geometry": { "type": "MultiPolygon", "coordinates": [ [ [ [ -42.98530351415981, -22.899480482680197 ], [ -42.98530351415981, -22.899480482680197 ], [ -42.98530351415981, -22.899480482680197 ], [ -43.00961727555314, -22.934000339451167 ], [ -43.008971320149499, -22.945730889581426 ], [ -43.016231858886499, -22.942630303643909 ], [ -43.081137457845088, -22.902529392185421 ], [ -43.100696987467572, -22.850077813409165 ], [ -43.066797247884097, -22.773803399346363 ], [ -43.041372443196494, -22.770496107679683 ], [ -43.010108201659918, -22.769152520440095 ], [ -42.982823045409802, -22.755406589450452 ], [ -42.966002366698802, -22.734994398695164 ], [ -42.949905158039883, -22.713962090752375 ], [ -42.940267503417445, -22.704505303642961 ], [ -42.928769497232508, -22.697477308851262 ], [ -42.912956508951197, -22.692981459241871 ], [ -42.897815314289673, -22.692568047783539 ], [ -42.878979254719283, -22.711843357028407 ], [ -42.859729783690568, -22.73065357838265 ], [ -42.896265021320914, -22.789358005466212 ], [ -42.948613247232586, -22.83224944426847 ], [ -42.956648932453973, -22.871213474216546 ], [ -42.98530351415981, -22.899480482680197 ] ] ] ] } },
{ "type": "Feature", "properties": { "scalerank": 5, "featurecla": "Urban area", "area_sqkm": 88.275, "min_zoom": 5.0 }, "geometry": { "type": "MultiPolygon", "coordinates": [ [ [ [ -47.711113247251632, -22.692568047783539 ], [ -47.711113247251632, -22.692568047783539 ], [ -47.711113247251632, -22.692568047783539 ], [ -47.623986782407542, -22.665541273694885 ], [ -47.584092576678216, -22.768790785414048 ], [ -47.665508795754064, -22.76279631926819 ], [ -47.711113247251632, -22.692568047783539 ] ] ] ] } },
{ "type": "Feature", "properties": { "scalerank": 4, "featurecla": "Urban area", "area_sqkm": 1066.059, "min_zoom": 4.0 }, "geometry": { "type": "MultiPolygon", "coordinates": [ [ [ [ -46.959427863134039, -22.991257826430562 ], [ -46.959427863134039, -22.991257826430562 ], [ -46.959427863134039, -22.991257826430562 ], [ -46.961804979019476, -23.086290785415322 ], [ -47.026865607274942, -23.049755547784969 ], [ -47.063400844905289, -22.984694919529495 ], [ -47.091461147639777, -23.007432549737921 ], [ -47.12691118019201, -23.022780450128607 ], [ -47.194452277197485, -22.969657077732563 ], [ -47.253931850765426, -22.908472181898986 ], [ -47.253931850765426, -22.889403578383281 ], [ -47.253931850765426, -22.870386651299874 ], [ -47.333875291520954, -22.804292494398567 ], [ -47.444411180193271, -22.768790785414048 ], [ -47.444411180193271, -22.73706145598684 ], [ -47.444411180193271, -22.70528045012734 ], [ -47.372477586442983, -22.681974379163705 ], [ -47.279304979020736, -22.679855645439737 ], [ -47.263853725765472, -22.708846123955475 ], [ -47.253931850765426, -22.743365980726452 ], [ -47.181403978043789, -22.710241387627356 ], [ -47.1015380519367, -22.70528045012734 ], [ -47.042988654150008, -22.799124851169381 ], [ -46.97451738136327, -22.883099053643676 ], [ -46.959427863134039, -22.991257826430562 ] ] ] ] } },
{ "type": "Feature", "properties": { "scalerank": 5, "featurecla": "Urban area", "area_sqkm": 164.075, "min_zoom": 5.0 }, "geometry": { "type": "MultiPolygon", "coordinates": [ [ [ [ -41.982884080562059, -22.830285739841379 ], [ -41.982884080562059, -22.830285739841379 ], [ -41.982884080562059, -22.830285739841379 ], [ -41.976889614416194, -22.8320427385393 ], [ -41.976786261551609, -22.832094414971593 ], [ -41.987509121252174, -22.845168552341441 ], [ -42.04236365413, -22.947074476821015 ], [ -42.087347988440072, -22.943612155857458 ], [ -42.087218797359341, -22.942733656508494 ], [ -42.086805385901016, -22.928109226169894 ], [ -42.091223720861962, -22.914983412367761 ], [ -42.095797085119798, -22.901909274997919 ], [ -42.106804165197971, -22.87865488046657 ], [ -42.125459357255338, -22.861601657810255 ], [ -42.143029344234563, -22.857054131768571 ], [ -42.161219448401312, -22.857674248956073 ], [ -42.146801723791881, -22.822430922133016 ], [ -42.111661749833402, -22.806824639580867 ], [ -42.06572140152592, -22.807858168226709 ], [ -42.020814581864286, -22.818451836846542 ], [ -42.001797654780873, -22.824394626560107 ], [ -41.982884080562059, -22.830285739841379 ] ] ] ] } },
{ "type": "Feature", "properties": { "scalerank": 5, "featurecla": "Urban area", "area_sqkm": 183.125, "min_zoom": 5.0 }, "geometry": { "type": "MultiPolygon", "coordinates": [ [ [ [ -42.287077399248162, -22.902994480076046 ], [ -42.287077399248162, -22.902994480076046 ], [ -42.287077399248162, -22.902994480076046 ], [ -42.303432990068544, -22.925887139581349 ], [ -42.304905768388863, -22.940924981378281 ], [ -42.476704067543196, -22.940976657810573 ], [ -42.479287889157789, -22.934982191664716 ], [ -42.487866176918246, -22.930486342055325 ], [ -42.495410936032854, -22.92413014088342 ], [ -42.501302049314134, -22.910435886326077 ], [ -42.504092576657882, -22.895759779555185 ], [ -42.456963670407703, -22.888473402602031 ], [ -42.415209113115864, -22.908472181898986 ], [ -42.382756313636577, -22.871110121351961 ], [ -42.351750454261449, -22.83224944426847 ], [ -42.294079555823714, -22.844496758721647 ], [ -42.224729783688019, -22.844961846612271 ], [ -42.228760545406786, -22.84981943124771 ], [ -42.232842983557845, -22.855607191664397 ], [ -42.23801062678703, -22.860826511325875 ], [ -42.243540005042263, -22.865735772393606 ], [ -42.255063849443346, -22.874727471612388 ], [ -42.266846076005905, -22.883409112237423 ], [ -42.287077399248162, -22.902994480076046 ] ] ] ] } },
{ "type": "Feature", "properties": { "scalerank": 5, "featurecla": "Urban area", "area_sqkm": 110.568, "min_zoom": 5.0 }, "geometry": { "type": "MultiPolygon", "coordinates": [ [ [ [ -46.517335984877064, -23.137088718358235 ], [ -46.517335984877064, -23.137088718358235 ], [ -46.517335984877064, -23.137088718358235 ], [ -46.582189907403375, -23.161531670832289 ], [ -46.644304979018202, -23.137088718358235 ], [ -46.606529507012837, -23.07962452564967 ], [ -46.580846320163786, -23.010068047784806 ], [ -46.541675584486541, -23.066188653253782 ], [ -46.517335984877064, -23.137088718358235 ] ] ] ] } },
{ "type": "Feature", "properties": { "scalerank": 2, "featurecla": "Urban area", "area_sqkm": 3011.818, "min_zoom": 3.6 }, "geometry": { "type": "MultiPolygon", "coordinates": [ [ [ [ -46.250633917818703, -23.492674248958615 ], [ -46.250633917818703, -23.492674248958615 ], [ -46.250633917818703, -23.492674248958615 ], [ -46.196942104667457, -23.482855726823153 ], [ -46.136325649589082, -23.479961846614813 ], [ -46.225364142427978, -23.575046482031858 ], [ -46.377602911959841, -23.606982517188236 ], [ -46.373572150241074, -23.668064060157228 ], [ -46.377602911959841, -23.734003187761658 ], [ -46.413492194186546, -23.744751885678369 ], [ -46.453825649590357, -23.734003187761658 ], [ -46.526611904473455, -23.762786960548233 ], [ -46.618931850762891, -23.77208871836077 ], [ -46.671641811700596, -23.795549818621282 ], [ -46.720527716648718, -23.822886651303683 ], [ -46.746443447443085, -23.810742689715092 ], [ -46.745900844904028, -23.77208871836077 ], [ -46.806904873224582, -23.756172377214874 ], [ -46.872921515477444, -23.721290785417864 ], [ -46.877288174006111, -23.687546075131266 ], [ -46.885633917821252, -23.657780450131149 ], [ -46.920877244644302, -23.629513441667491 ], [ -46.961804979019476, -23.606982517188236 ], [ -46.971726854019508, -23.566054782813076 ], [ -46.987229783707079, -23.530759779557727 ], [ -46.957980923029879, -23.477481377864805 ], [ -46.923719448420357, -23.4291639136719 ], [ -46.886460740737917, -23.430042413020864 ], [ -46.860209113133649, -23.441876316015701 ], [ -46.820030687026716, -23.405857842708265 ], [ -46.784038051935426, -23.365653578385185 ], [ -46.789205695164611, -23.307310886327663 ], [ -46.796750454279234, -23.251396986587856 ], [ -46.906020270360401, -23.240028171483644 ], [ -46.97451738136327, -23.187886651301142 ], [ -46.969814826024717, -23.141791273696789 ], [ -46.949092576675667, -23.111663913670633 ], [ -46.895710822118161, -23.115384616795644 ], [ -46.847496710789841, -23.124376316014434 ], [ -46.811839972508452, -23.171246840103159 ], [ -46.758613247247823, -23.200599053644943 ], [ -46.729700283380524, -23.24152678802011 ], [ -46.695102911961115, -23.276770114843167 ], [ -46.696110602390803, -23.360330905859122 ], [ -46.682442186049599, -23.4291639136719 ], [ -46.556894293796503, -23.402292168880123 ], [ -46.441113247246548, -23.365653578385185 ], [ -46.377628750175987, -23.375058689062307 ], [ -46.314092576673133, -23.365653578385185 ], [ -46.283965216646962, -23.430765883072951 ], [ -46.250633917818703, -23.492674248958615 ] ] ] ] } },
{ "type": "Feature", "properties": { "scalerank": 5, "featurecla": "Urban area", "area_sqkm": 329.037, "min_zoom": 5.0 }, "geometry": { "type": "MultiPolygon", "coordinates": [ [ [ [ -45.869623582530721, -23.149749444269737 ], [ -45.869623582530721, -23.149749444269737 ], [ -45.869623582530721, -23.149749444269737 ], [ -45.815311652191966, -23.139310804946781 ], [ -45.768027716644909, -23.149749444269737 ], [ -45.836886562673826, -23.246022637629501 ], [ -45.920421515473635, -23.32756804778608 ], [ -45.98483618832546, -23.337851657812159 ], [ -46.03472978370327, -23.314855645442279 ], [ -45.979849412609298, -23.217342217707511 ], [ -45.920421515473635, -23.124376316014434 ], [ -45.891482713390189, -23.133523044530094 ], [ -45.869623582530721, -23.149749444269737 ] ] ] ] } },
{ "type": "Feature", "properties": { "scalerank": 5, "featurecla": "Urban area", "area_sqkm": 200.37, "min_zoom": 5.0 }, "geometry": { "type": "MultiPolygon", "coordinates": [ [ [ [ -51.292496710807626, -23.264057712499365 ], [ -51.292496710807626, -23.264057712499365 ], [ -51.292496710807626, -23.264057712499365 ], [ -51.173744269400899, -23.23548064544196 ], [ -51.089304979035987, -23.289482517186968 ], [ -51.107185024608967, -23.335112806900689 ], [ -51.127442186067384, -23.378365980728987 ], [ -51.187386847525957, -23.36849578216124 ], [ -51.229038051953211, -23.340280450129875 ], [ -51.266193406771066, -23.307620944921418 ], [ -51.292496710807626, -23.264057712499365 ] ] ] ] } },
{ "type": "Feature", "properties": { "scalerank": 5, "featurecla": "Urban area", "area_sqkm": 80.313, "min_zoom": 5.0 }, "geometry": { "type": "MultiPolygon", "coordinates": [ [ [ [ -52.016431850784485, -23.441876316015701 ], [ -52.016431850784485, -23.441876316015701 ], [ -52.016431850784485, -23.441876316015701 ], [ -51.931217413935187, -23.368857517187287 ], [ -51.864038051955745, -23.454588718359503 ], [ -51.95222388366183, -23.460221449479313 ], [ -52.016431850784485, -23.441876316015701 ] ] ] ] } },
{ "type": "Feature", "properties": { "scalerank": 4, "featurecla": "Urban area", "area_sqkm": 183.614, "min_zoom": 4.0 }, "geometry": { "type": "MultiPolygon", "coordinates": [ [ [ [ -47.533346320167595, -23.530759779557727 ], [ -47.533346320167595, -23.530759779557727 ], [ -47.533346320167595, -23.530759779557727 ], [ -47.491643439308049, -23.423582858984375 ], [ -47.380900844906563, -23.416503187760391 ], [ -47.392863938982131, -23.512517998958693 ], [ -47.444411180193271, -23.568896986589124 ], [ -47.493865525896595, -23.554840997005734 ], [ -47.533346320167595, -23.530759779557727 ] ] ] ] } },
{ "type": "Feature", "properties": { "scalerank": 3, "featurecla": "Urban area", "area_sqkm": 153.078, "min_zoom": 3.7 }, "geometry": { "type": "MultiPolygon", "coordinates": [ [ [ [ -70.351850145128665, -23.699379978126103 ], [ -70.351850145128665, -23.699379978126103 ], [ -70.351850145128665, -23.699379978126103 ], [ -70.408900926378891, -23.702222181902158 ], [ -70.432904629178466, -23.692765394792744 ], [ -70.409960293240886, -23.655558363542596 ], [ -70.392338629829339, -23.565951429948491 ], [ -70.417117479113301, -23.532000013932731 ], [ -70.381150682238157, -23.534067071224406 ], [ -70.333660040961917, -23.55323902760469 ], [ -70.309268764920162, -23.600367933854876 ], [ -70.316451789008738, -23.656281833594683 ], [ -70.351850145128665, -23.699379978126103 ] ] ] ] } },
{ "type": "Feature", "properties": { "scalerank": 6, "featurecla": "Urban area", "area_sqkm": 233.47, "min_zoom": 6.0 }, "geometry": { "type": "MultiPolygon", "coordinates": [ [ [ [ -46.428400844902754, -23.873684584246597 ], [ -46.428400844902754, -23.873684584246597 ], [ -46.428400844902754, -23.873684584246597 ], [ -46.343393113782625, -23.915645847267598 ], [ -46.275696987480273, -23.940605564064569 ], [ -46.558651292494417, -24.075842787372402 ], [ -46.551106533379809, -24.038997491148301 ], [ -46.508964402845791, -23.993935642189783 ], [ -46.487699550957686, -23.970474541929271 ], [ -46.469948696465423, -23.944326267189588 ], [ -46.458011440606001, -23.906809177345686 ], [ -46.453825649590357, -23.873684584246597 ], [ -46.441113247246548, -23.873684584246597 ], [ -46.428400844902754, -23.873684584246597 ] ] ] ] } },
{ "type": "Feature", "properties": { "scalerank": 5, "featurecla": "Urban area", "area_sqkm": 88.756, "min_zoom": 5.0 }, "geometry": { "type": "MultiPolygon", "coordinates": [ [ [ [ -46.700632290216348, -24.109639174091292 ], [ -46.700632290216348, -24.109639174091292 ], [ -46.700632290216348, -24.109639174091292 ], [ -46.633401251804614, -24.10410979583606 ], [ -46.6290087550598, -24.109484144794415 ], [ -46.630791591973875, -24.110310967711087 ], [ -46.865893520685759, -24.235574639586588 ], [ -46.869717576675356, -24.217591241149016 ], [ -46.861836920750847, -24.198884372659357 ], [ -46.848943650894014, -24.183019707945746 ], [ -46.812356736831376, -24.162349135028997 ], [ -46.771325649591631, -24.153099053648752 ], [ -46.700632290216348, -24.109639174091292 ] ] ] ] } },
{ "type": "Feature", "properties": { "scalerank": 6, "featurecla": "Urban area", "area_sqkm": 91.09, "min_zoom": 6.0 }, "geometry": { "type": "MultiPolygon", "coordinates": [ [ [ [ -65.173613247321498, -24.254694919534579 ], [ -65.173613247321498, -24.254694919534579 ], [ -65.173613247321498, -24.254694919534579 ], [ -65.281048550056298, -24.244256280211623 ], [ -65.364118414965489, -24.178472181904063 ], [ -65.253453335212441, -24.170307305601952 ], [ -65.173613247321498, -24.254694919534579 ] ] ] ] } },
{ "type": "Feature", "properties": { "scalerank": 4, "featurecla": "Urban area", "area_sqkm": 141.497, "min_zoom": 4.0 }, "geometry": { "type": "MultiPolygon", "coordinates": [ [ [ [ -65.376804979093137, -24.711876316020785 ], [ -65.376804979093137, -24.711876316020785 ], [ -65.376804979093137, -24.711876316020785 ], [ -65.360578579353486, -24.759160251567849 ], [ -65.351431850837827, -24.813472181906604 ], [ -65.397578904874464, -24.843496189068183 ], [ -65.465714280851302, -24.851557712505716 ], [ -65.478581712491987, -24.813627211203482 ], [ -65.47842668319511, -24.762674248963691 ], [ -65.429101528572517, -24.735802504171922 ], [ -65.376804979093137, -24.711876316020785 ] ] ] ] } },
{ "type": "Feature", "properties": { "scalerank": 4, "featurecla": "Urban area", "area_sqkm": 109.277, "min_zoom": 4.0 }, "geometry": { "type": "MultiPolygon", "coordinates": [ [ [ [ -50.23840084491799, -25.042088718365854 ], [ -50.23840084491799, -25.042088718365854 ], [ -50.23840084491799, -25.042088718365854 ], [ -50.135073818550396, -25.04668792083983 ], [ -50.086007046089264, -25.105599053652568 ], [ -50.122542283719611, -25.126166273704733 ], [ -50.162229783719781, -25.143684584251673 ], [ -50.216490037626244, -25.109061374616118 ], [ -50.23840084491799, -25.042088718365854 ] ] ] ] } },
{ "type": "Feature", "properties": { "scalerank": 3, "featurecla": "Urban area", "area_sqkm": 523.98, "min_zoom": 3.7 }, "geometry": { "type": "MultiPolygon", "coordinates": [ [ [ [ -57.490102912004303, -25.194482517194587 ], [ -57.490102912004303, -25.194482517194587 ], [ -57.490102912004303, -25.194482517194587 ], [ -57.451448940649982, -25.263728936465697 ], [ -57.41393185080608, -25.334163913679518 ], [ -57.475194261288095, -25.387183933210984 ], [ -57.540900844947203, -25.435759779565345 ], [ -57.62399654807254, -25.391834812117253 ], [ -57.680633917864441, -25.321503187768009 ], [ -57.721303270078138, -25.305070082299196 ], [ -57.75680497906265, -25.283365980736612 ], [ -57.712414923723941, -25.247709242455215 ], [ -57.642496710833029, -25.257992852481301 ], [ -57.562139858619162, -25.217685235293636 ], [ -57.515527716691892, -25.143684584251673 ], [ -57.496459113176201, -25.143684584251673 ], [ -57.477442186092787, -25.143684584251673 ], [ -57.466538458879199, -25.174070326439299 ], [ -57.490102912004303, -25.194482517194587 ] ] ] ] } },
{ "type": "Feature", "properties": { "scalerank": 2, "featurecla": "Urban area", "area_sqkm": 787.411, "min_zoom": 3.6 }, "geometry": { "type": "MultiPolygon", "coordinates": [ [ [ [ -49.137124396345882, -25.407647800398564 ], [ -49.137124396345882, -25.407647800398564 ], [ -49.137124396345882, -25.407647800398564 ], [ -49.133507046085455, -25.562780450138767 ], [ -49.210608283064929, -25.574614353133605 ], [ -49.29861324725799, -25.575492852482569 ], [ -49.353286912622792, -25.597041924748282 ], [ -49.412921515487611, -25.613578383081681 ], [ -49.425814785344429, -25.551773370060602 ], [ -49.400209113143816, -25.49927011485206 ], [ -49.412043016138654, -25.447593682560182 ], [ -49.412921515487611, -25.384961846622431 ], [ -49.351090664250378, -25.345170993757691 ], [ -49.29861324725799, -25.296078383080413 ], [ -49.243474494002555, -25.302382907820018 ], [ -49.184304979028369, -25.296078383080413 ], [ -49.137124396345882, -25.407647800398564 ] ] ] ] } },
{ "type": "Feature", "properties": { "scalerank": 4, "featurecla": "Urban area", "area_sqkm": 278.504, "min_zoom": 4.0 }, "geometry": { "type": "MultiPolygon", "coordinates": [ [ [ [ -54.632602911992862, -25.461184584252948 ], [ -54.632602911992862, -25.461184584252948 ], [ -54.632602911992862, -25.461184584252948 ], [ -54.559454922083717, -25.439325453393486 ], [ -54.492921515507931, -25.473896986596749 ], [ -54.522015346888253, -25.546399021102246 ], [ -54.556431850794638, -25.613578383081681 ], [ -54.660895758672666, -25.565674330347115 ], [ -54.734250454310981, -25.486557712508258 ], [ -54.724302741094789, -25.477462660424884 ], [ -54.721538051967187, -25.461184584252948 ], [ -54.677096320196171, -25.451262709252909 ], [ -54.632602911992862, -25.461184584252948 ] ] ] ] } },
{ "type": "Feature", "properties": { "scalerank": 4, "featurecla": "Urban area", "area_sqkm": 103.518, "min_zoom": 4.0 }, "geometry": { "type": "MultiPolygon", "coordinates": [ [ [ [ -58.252123582580268, -26.197780450141309 ], [ -58.252123582580268, -26.197780450141309 ], [ -58.252123582580268, -26.197780450141309 ], [ -58.214968227762398, -26.111635837510754 ], [ -58.125102912006838, -26.108896986599284 ], [ -58.149364996967876, -26.192612806912123 ], [ -58.226750454324957, -26.223153578396619 ], [ -58.236181403218225, -26.207237237250723 ], [ -58.252123582580268, -26.197780450141309 ] ] ] ] } },
{ "type": "Feature", "properties": { "scalerank": 5, "featurecla": "Urban area", "area_sqkm": 142.376, "min_zoom": 5.0 }, "geometry": { "type": "MultiPolygon", "coordinates": [ [ [ [ -48.904942186058491, -26.261290785428024 ], [ -48.904942186058491, -26.261290785428024 ], [ -48.904942186058491, -26.261290785428024 ], [ -48.813268195172711, -26.238139743761259 ], [ -48.752496710797473, -26.299376316027136 ], [ -48.776371222516318, -26.345368340766896 ], [ -48.816007046084181, -26.375599053657645 ], [ -48.878096279482861, -26.336014906522074 ], [ -48.904942186058491, -26.261290785428024 ] ] ] ] } },
{ "type": "Feature", "properties": { "scalerank": 4, "featurecla": "Urban area", "area_sqkm": 292.658, "min_zoom": 4.0 }, "geometry": { "type": "MultiPolygon", "coordinates": [ [ [ [ -65.287921515551119, -26.705759779570421 ], [ -65.287921515551119, -26.705759779570421 ], [ -65.287921515551119, -26.705759779570421 ], [ -65.166972825771992, -26.743586928008078 ], [ -65.084729783779466, -26.820068047800049 ], [ -65.200588344977845, -26.889676202097199 ], [ -65.326007046150224, -26.832780450143851 ], [ -65.316085171150192, -26.760175062773769 ], [ -65.287921515551119, -26.705759779570421 ] ] ] ] } },
{ "type": "Feature", "properties": { "scalerank": 5, "featurecla": "Urban area", "area_sqkm": 79.831, "min_zoom": 5.0 }, "geometry": { "type": "MultiPolygon", "coordinates": [ [ [ [ -49.158931850773058, -26.921663913685869 ], [ -49.158931850773058, -26.921663913685869 ], [ -49.158931850773058, -26.921663913685869 ], [ -49.102837083520228, -26.836139418242823 ], [ -49.031911180199629, -26.90900318777436 ], [ -49.04183305519966, -26.918098239857734 ], [ -49.044623582543423, -26.93437631602967 ], [ -49.101881069522818, -26.940474135040112 ], [ -49.158931850773058, -26.921663913685869 ] ] ] ] } },
{ "type": "Feature", "properties": { "scalerank": 5, "featurecla": "Urban area", "area_sqkm": 202.316, "min_zoom": 5.0 }, "geometry": { "type": "MultiPolygon", "coordinates": [ [ [ [ -48.666920538922128, -26.843529148060561 ], [ -48.666920538922128, -26.843529148060561 ], [ -48.666920538922128, -26.843529148060561 ], [ -48.638188442567838, -26.843425795195976 ], [ -48.62782731789332, -26.843787530222016 ], [ -48.615657518088582, -26.878100681263824 ], [ -48.597467413921848, -27.025120131134202 ], [ -48.634571092307411, -27.023569838165443 ], [ -48.676325649599249, -27.023259779571696 ], [ -48.696376105328497, -26.941714369415116 ], [ -48.752496710797473, -26.896290785430558 ], [ -48.750377977073498, -26.875775241810686 ], [ -48.737717251161996, -26.858153578399161 ], [ -48.717408413271286, -26.848490085560577 ], [ -48.694980841656616, -26.845079441029313 ], [ -48.666920538922128, -26.843529148060561 ] ] ] ] } },
{ "type": "Feature", "properties": { "scalerank": 4, "featurecla": "Urban area", "area_sqkm": 134.91, "min_zoom": 4.0 }, "geometry": { "type": "MultiPolygon", "coordinates": [ [ [ [ -70.380633917915247, -27.328099053661454 ], [ -70.380633917915247, -27.328099053661454 ], [ -70.380633917915247, -27.328099053661454 ], [ -70.261778123643921, -27.313836358348901 ], [ -70.202815314398904, -27.416982517203479 ], [ -70.325004238553035, -27.420651543896199 ], [ -70.380633917915247, -27.328099053661454 ] ] ] ] } },
{ "type": "Feature", "properties": { "scalerank": 3, "featurecla": "Urban area", "area_sqkm": 130.135, "min_zoom": 3.7 }, "geometry": { "type": "MultiPolygon", "coordinates": [ [ [ [ -55.902602911997946, -27.340759779572963 ], [ -55.902602911997946, -27.340759779572963 ], [ -55.902602911997946, -27.340759779572963 ], [ -55.8758603582869, -27.302725925406143 ], [ -55.826431850799722, -27.315386651317652 ], [ -55.852605963755565, -27.378121840119988 ], [ -55.864517381398841, -27.455068047802591 ], [ -55.930585700083995, -27.438583265901478 ], [ -55.966113247284653, -27.391557712515876 ], [ -55.946657070526769, -27.353885593375104 ], [ -55.902602911997946, -27.340759779572963 ] ] ] ] } },
{ "type": "Feature", "properties": { "scalerank": 5, "featurecla": "Urban area", "area_sqkm": 160.91, "min_zoom": 5.0 }, "geometry": { "type": "MultiPolygon", "coordinates": [ [ [ [ -58.937921515525716, -27.378896986604367 ], [ -58.937921515525716, -27.378896986604367 ], [ -58.937921515525716, -27.378896986604367 ], [ -58.920687425356377, -27.437859795849398 ], [ -58.899835984926597, -27.493153578401703 ], [ -59.02662411155471, -27.497856133740257 ], [ -59.064942186099145, -27.391557712515876 ], [ -59.008563198468707, -27.378070163687696 ], [ -58.937921515525716, -27.378896986604367 ] ] ] ] } },
{ "type": "Feature", "properties": { "scalerank": 5, "featurecla": "Urban area", "area_sqkm": 87.954, "min_zoom": 5.0 }, "geometry": { "type": "MultiPolygon", "coordinates": [ [ [ [ -48.663613247255441, -27.493153578401703 ], [ -48.663613247255441, -27.493153578401703 ], [ -48.663613247255441, -27.493153578401703 ], [ -48.642270880718897, -27.497391045849632 ], [ -48.623744879742262, -27.508449802360097 ], [ -48.642606777528798, -27.557904148063415 ], [ -48.629015875836032, -27.656296075147146 ], [ -48.641159837424624, -27.658363132438822 ], [ -48.689038051943044, -27.658259779574237 ], [ -48.691544358909198, -27.575732517204116 ], [ -48.663613247255441, -27.493153578401703 ] ] ] ] } },
{ "type": "Feature", "properties": { "scalerank": 5, "featurecla": "Urban area", "area_sqkm": 228.848, "min_zoom": 5.0 }, "geometry": { "type": "MultiPolygon", "coordinates": [ [ [ [ -64.322709113203501, -27.823365980746772 ], [ -64.322709113203501, -27.823365980746772 ], [ -64.322709113203501, -27.823365980746772 ], [ -64.293460252526302, -27.71293344493904 ], [ -64.18302771671857, -27.683684584261833 ], [ -64.156621059817425, -27.753396091423575 ], [ -64.170315314374776, -27.836078383090573 ], [ -64.251447313073015, -27.857937513950034 ], [ -64.322709113203501, -27.823365980746772 ] ] ] ] } },
{ "type": "Feature", "properties": { "scalerank": 5, "featurecla": "Urban area", "area_sqkm": 97.161, "min_zoom": 5.0 }, "geometry": { "type": "MultiPolygon", "coordinates": [ [ [ [ -65.821325649667827, -28.50916391369222 ], [ -65.821325649667827, -28.50916391369222 ], [ -65.821325649667827, -28.50916391369222 ], [ -65.761380988209254, -28.405552666947017 ], [ -65.668931850839101, -28.445653578405512 ], [ -65.727868821867986, -28.509060560827635 ], [ -65.821325649667827, -28.50916391369222 ] ] ] ] } },
{ "type": "Feature", "properties": { "scalerank": 4, "featurecla": "Urban area", "area_sqkm": 111.993, "min_zoom": 4.0 }, "geometry": { "type": "MultiPolygon", "coordinates": [ [ [ [ -51.254411180208521, -29.194961846637675 ], [ -51.254411180208521, -29.194961846637675 ], [ -51.254411180208521, -29.194961846637675 ], [ -51.204465908398419, -29.115225111611316 ], [ -51.102017381379781, -29.118790785439451 ], [ -51.114083828319934, -29.170260512002159 ], [ -51.1401029119789, -29.207674248981476 ], [ -51.204285040885395, -29.208346042601271 ], [ -51.254411180208521, -29.194961846637675 ] ] ] ] } },
{ "type": "Feature", "properties": { "scalerank": 2, "featurecla": "Urban area", "area_sqkm": 1461.585, "min_zoom": 3.6 }, "geometry": { "type": "MultiPolygon", "coordinates": [ [ [ [ -51.061916469921286, -30.150562432578994 ], [ -51.061916469921286, -30.150562432578994 ], [ -51.061916469921286, -30.150562432578994 ], [ -51.158163825064904, -30.190611667605197 ], [ -51.189789801627526, -30.193712253542714 ], [ -51.233611416211033, -30.121365248334087 ], [ -51.24986365416683, -30.05997364677134 ], [ -51.298051927279005, -30.034858900677492 ], [ -51.29500301777378, -30.141053969037294 ], [ -51.287225714713855, -30.201877129844824 ], [ -51.31805070657596, -30.203065687787543 ], [ -51.370579800000655, -30.210610446902152 ], [ -51.370579800000655, -30.162758070599878 ], [ -51.369494594922514, -30.115112400026774 ], [ -51.369494594922514, -30.063539320599482 ], [ -51.366135626823549, -30.012483005495113 ], [ -51.342312791536997, -29.985146172812712 ], [ -51.29849117695349, -29.996101576458585 ], [ -51.26523739277367, -30.00442148205758 ], [ -51.233998989453227, -29.997548516562759 ], [ -51.228185390820386, -29.945923760703181 ], [ -51.241750454297005, -29.893472181926924 ], [ -51.219348720898481, -29.833269138306896 ], [ -51.190900844921799, -29.779163913697303 ], [ -51.209969448437505, -29.72836598075439 ], [ -51.229038051953211, -29.677568047811477 ], [ -51.197618781119743, -29.645476983358229 ], [ -51.165527716666503, -29.614057712524769 ], [ -51.127442186067384, -29.62677011486857 ], [ -51.089304979035987, -29.639482517212372 ], [ -51.026078864126873, -29.613799330363307 ], [ -50.949623582551055, -29.60139698661326 ], [ -50.98990536152256, -29.675397637655223 ], [ -51.063931850780676, -29.715653578410588 ], [ -51.046930304556653, -29.783504734009817 ], [ -51.076592576692178, -29.829961846640217 ], [ -51.002462734569491, -29.88913136161441 ], [ -50.911538051951936, -29.931557712526036 ], [ -50.926369188019706, -29.961168308229283 ], [ -50.96233598489485, -29.96969491955744 ], [ -50.980061001170967, -30.016410414349295 ], [ -50.998457811066871, -30.070670668255758 ], [ -51.025949673046142, -30.113975518516348 ], [ -51.061916469921286, -30.150562432578994 ] ] ] ] } },
{ "type": "Feature", "properties": { "scalerank": 5, "featurecla": "Urban area", "area_sqkm": 163.778, "min_zoom": 5.0 }, "geometry": { "type": "MultiPolygon", "coordinates": [ [ [ [ -49.984566209500315, -29.713896579712667 ], [ -49.984566209500315, -29.713896579712667 ], [ -49.984566209500315, -29.713896579712667 ], [ -49.979114345893521, -29.713431491822043 ], [ -49.975807054226834, -29.713328138957458 ], [ -50.033348761583838, -29.801023044556764 ], [ -50.15452999530828, -30.085501804323528 ], [ -50.160240241076536, -30.083279717734975 ], [ -50.173495245959401, -30.073926283490145 ], [ -50.181556769396934, -30.053514092734858 ], [ -50.1805232407511, -30.031189873984772 ], [ -50.165847133980208, -29.99915048596381 ], [ -50.145900031115545, -29.969746595989733 ], [ -50.136055670763938, -29.952745049765703 ], [ -50.12843339700089, -29.934658298463546 ], [ -50.12463517922744, -29.912592461874922 ], [ -50.124092576688369, -29.893472181926924 ], [ -50.095928921089296, -29.870889581015376 ], [ -50.073346320177748, -29.842674248984018 ], [ -50.066757575060535, -29.766709893514964 ], [ -50.035209113146351, -29.715653578410588 ], [ -50.017225714708772, -29.716170342733506 ], [ -49.999345669135792, -29.715653578410588 ], [ -49.991852586453462, -29.714723402629339 ], [ -49.984566209500315, -29.713896579712667 ] ] ] ] } },
{ "type": "Feature", "properties": { "scalerank": 4, "featurecla": "Urban area", "area_sqkm": 306.232, "min_zoom": 4.0 }, "geometry": { "type": "MultiPolygon", "coordinates": [ [ [ [ -71.177329474559059, -29.956104017864675 ], [ -71.177329474559059, -29.956104017864675 ], [ -71.177329474559059, -29.956104017864675 ], [ -71.264507615835441, -30.005041599245082 ], [ -71.364088100861878, -29.997548516562759 ], [ -71.348016730419118, -29.93321135835938 ], [ -71.336182827424267, -29.829186700155837 ], [ -71.268202480744307, -29.830788669556881 ], [ -71.129916347931257, -29.868099053671614 ], [ -71.177329474559059, -29.956104017864675 ] ] ] ] } },
{ "type": "Feature", "properties": { "scalerank": 3, "featurecla": "Urban area", "area_sqkm": 576.939, "min_zoom": 3.7 }, "geometry": { "type": "MultiPolygon", "coordinates": [ [ [ [ -64.221113247317675, -31.303153578416939 ], [ -64.221113247317675, -31.303153578416939 ], [ -64.221113247317675, -31.303153578416939 ], [ -64.109001227460467, -31.310491631802385 ], [ -64.03063391788983, -31.379376316047455 ], [ -64.049134080650333, -31.424386488573674 ], [ -64.05600704614514, -31.480972181933275 ], [ -64.152900356692413, -31.50644866305317 ], [ -64.25922461613294, -31.493684584277077 ], [ -64.281755540612195, -31.452705173469624 ], [ -64.297335984948191, -31.404749444302766 ], [ -64.33141659204469, -31.381701755500586 ], [ -64.360820482018767, -31.354003187792145 ], [ -64.337850307865025, -31.288012383755422 ], [ -64.322709113203501, -31.214270114874921 ], [ -64.266846889895987, -31.253647556281329 ], [ -64.221113247317675, -31.303153578416939 ] ] ] ] } },
{ "type": "Feature", "properties": { "scalerank": 5, "featurecla": "Urban area", "area_sqkm": 168.401, "min_zoom": 5.0 }, "geometry": { "type": "MultiPolygon", "coordinates": [ [ [ [ -58.03621944846482, -31.303153578416939 ], [ -58.03621944846482, -31.303153578416939 ], [ -58.03621944846482, -31.303153578416939 ], [ -57.957154507058249, -31.338396905239996 ], [ -57.921911180235185, -31.417461846646567 ], [ -58.021620856342366, -31.425833428677848 ], [ -58.112442186095322, -31.417461846646567 ], [ -58.092960171121291, -31.341704196906676 ], [ -58.03621944846482, -31.303153578416939 ] ] ] ] } },
{ "type": "Feature", "properties": { "scalerank": 4, "featurecla": "Urban area", "area_sqkm": 372.535, "min_zoom": 4.0 }, "geometry": { "type": "MultiPolygon", "coordinates": [ [ [ [ -68.462921515563821, -31.442886651334163 ], [ -68.462921515563821, -31.442886651334163 ], [ -68.462921515563821, -31.442886651334163 ], [ -68.428453335225143, -31.497301934537511 ], [ -68.424835984964702, -31.582568047819102 ], [ -68.504107632100443, -31.63031707125679 ], [ -68.58991634792109, -31.671503187793412 ], [ -68.600949266215409, -31.646078383105809 ], [ -68.58991634792109, -31.620653578418214 ], [ -68.631955125590537, -31.561122328417973 ], [ -68.653426683207812, -31.480972181933275 ], [ -68.569555833598102, -31.450534763313364 ], [ -68.462921515563821, -31.442886651334163 ] ] ] ] } },
{ "type": "Feature", "properties": { "scalerank": 4, "featurecla": "Urban area", "area_sqkm": 296.725, "min_zoom": 4.0 }, "geometry": { "type": "MultiPolygon", "coordinates": [ [ [ [ -60.690527716704594, -31.684163913704921 ], [ -60.690527716704594, -31.684163913704921 ], [ -60.690527716704594, -31.684163913704921 ], [ -60.76034257673092, -31.705454603809173 ], [ -60.830209113189539, -31.696876316048723 ], [ -60.826591762929098, -31.643339532194346 ], [ -60.79212358259042, -31.620653578418214 ], [ -60.788816290923748, -31.566806735970076 ], [ -60.76675045433511, -31.531770114876188 ], [ -60.728613247303713, -31.531770114876188 ], [ -60.690527716704594, -31.531770114876188 ], [ -60.632236701079364, -31.568718763964881 ], [ -60.576219448474973, -31.607992852506705 ], [ -60.625880499907467, -31.653571465788133 ], [ -60.690527716704594, -31.684163913704921 ] ] ] ] } },
{ "type": "Feature", "properties": { "scalerank": 4, "featurecla": "Urban area", "area_sqkm": 123.889, "min_zoom": 4.0 }, "geometry": { "type": "MultiPolygon", "coordinates": [ [ [ [ -52.422815314327778, -31.747674248991636 ], [ -52.422815314327778, -31.747674248991636 ], [ -52.422815314327778, -31.747674248991636 ], [ -52.316723598832553, -31.68023650485074 ], [ -52.219623582556125, -31.773099053679239 ], [ -52.336050584509721, -31.793872979460573 ], [ -52.422815314327778, -31.747674248991636 ] ] ] ] } },
{ "type": "Feature", "properties": { "scalerank": 5, "featurecla": "Urban area", "area_sqkm": 81.675, "min_zoom": 5.0 }, "geometry": { "type": "MultiPolygon", "coordinates": [ [ [ [ -60.576219448474973, -31.785759779590748 ], [ -60.576219448474973, -31.785759779590748 ], [ -60.576219448474973, -31.785759779590748 ], [ -60.507076382068448, -31.693413995085166 ], [ -60.436538051990041, -31.785759779590748 ], [ -60.504104987211662, -31.804725030241862 ], [ -60.576219448474973, -31.785759779590748 ] ] ] ] } },
{ "type": "Feature", "properties": { "scalerank": 4, "featurecla": "Urban area", "area_sqkm": 527.372, "min_zoom": 4.0 }, "geometry": { "type": "MultiPolygon", "coordinates": [ [ [ [ -60.601592576730283, -32.966876316053806 ], [ -60.601592576730283, -32.966876316053806 ], [ -60.601592576730283, -32.966876316053806 ], [ -60.595262213774532, -33.004961846652918 ], [ -60.588931850818781, -33.043099053684315 ], [ -60.706211513905188, -33.042478936496813 ], [ -60.804835984934229, -32.992249444309117 ], [ -60.810210333892584, -32.902022393527503 ], [ -60.76675045433511, -32.839855645480377 ], [ -60.802122972238905, -32.752832533500865 ], [ -60.779411180246626, -32.649376316052532 ], [ -60.747681850819419, -32.649376316052532 ], [ -60.715900844959904, -32.649376316052532 ], [ -60.681742723214981, -32.831122328423056 ], [ -60.601592576730283, -32.966876316053806 ] ] ] ] } },
{ "type": "Feature", "properties": { "scalerank": 3, "featurecla": "Urban area", "area_sqkm": 550.536, "min_zoom": 3.7 }, "geometry": { "type": "MultiPolygon", "coordinates": [ [ [ [ -69.034411180279648, -33.055759779595824 ], [ -69.034411180279648, -33.055759779595824 ], [ -69.034411180279648, -33.055759779595824 ], [ -68.982424689394023, -33.006202081027922 ], [ -68.907416347922364, -32.979588718397608 ], [ -68.914263475201039, -32.916543471001518 ], [ -68.932815314393821, -32.86528045016798 ], [ -68.876100429953496, -32.801356703422933 ], [ -68.780421515565081, -32.776396986625961 ], [ -68.73169063991385, -32.835618178032448 ], [ -68.704224616150725, -32.916078383110893 ], [ -68.735307990174277, -32.973852634413205 ], [ -68.793133917908889, -33.004961846652918 ], [ -68.824553188742343, -33.030696709934269 ], [ -68.843931850851803, -33.068472181939626 ], [ -68.950669521750655, -33.09276010511681 ], [ -69.034411180279648, -33.055759779595824 ] ] ] ] } },
{ "type": "Feature", "properties": { "scalerank": 3, "featurecla": "Urban area", "area_sqkm": 325.704, "min_zoom": 3.7 }, "geometry": { "type": "MultiPolygon", "coordinates": [ [ [ [ -71.634149136019204, -33.064183038059404 ], [ -71.634149136019204, -33.064183038059404 ], [ -71.634149136019204, -33.064183038059404 ], [ -71.64954871284219, -33.041445407850979 ], [ -71.6525976223474, -33.034004001600948 ], [ -71.635570237907245, -33.022531833632151 ], [ -71.592058681917479, -32.969511814100692 ], [ -71.540330573193316, -32.854790134412731 ], [ -71.495217047802512, -32.869104506157584 ], [ -71.482427130810265, -32.873652032199267 ], [ -71.472996181917011, -32.878251234673243 ], [ -71.464960496695625, -32.887242933892026 ], [ -71.460180426708618, -32.903521010063969 ], [ -71.472091844351894, -32.940107924126615 ], [ -71.485527716747782, -32.966876316053806 ], [ -71.464986334911771, -32.99715870537684 ], [ -71.447416347932517, -33.030386651340514 ], [ -71.390158860953136, -33.009561049126894 ], [ -71.333133917919042, -33.01767424899672 ], [ -71.384810350210927, -33.068730564101088 ], [ -71.472815314403988, -33.055759779595824 ], [ -71.53937455919592, -33.071779473606306 ], [ -71.612522549105066, -33.081184584283427 ], [ -71.634149136019204, -33.064183038059404 ] ] ] ] } },
{ "type": "Feature", "properties": { "scalerank": 6, "featurecla": "Urban area", "area_sqkm": 105.628, "min_zoom": 6.0 }, "geometry": { "type": "MultiPolygon", "coordinates": [ [ [ [ -58.582335984925336, -32.966876316053806 ], [ -58.582335984925336, -32.966876316053806 ], [ -58.582335984925336, -32.966876316053806 ], [ -58.491592169820805, -32.965067640923586 ], [ -58.429942186096596, -32.992249444309117 ], [ -58.478879767476997, -33.044907728814536 ], [ -58.582335984925336, -33.043099053684315 ], [ -58.590914272685779, -33.004961846652918 ], [ -58.582335984925336, -32.966876316053806 ] ] ] ] } },
{ "type": "Feature", "properties": { "scalerank": 5, "featurecla": "Urban area", "area_sqkm": 139.658, "min_zoom": 5.0 }, "geometry": { "type": "MultiPolygon", "coordinates": [ [ [ [ -66.367416347912211, -33.246290785455962 ], [ -66.367416347912211, -33.246290785455962 ], [ -66.367416347912211, -33.246290785455962 ], [ -66.289410773367621, -33.241743259414278 ], [ -66.215022549083471, -33.23357838311216 ], [ -66.232334153901249, -33.292489515924899 ], [ -66.278507046154033, -33.322461846654186 ], [ -66.332741461844364, -33.344062595352185 ], [ -66.392815314383654, -33.335174248997987 ], [ -66.386924201102389, -33.283911228164449 ], [ -66.367416347912211, -33.246290785455962 ] ] ] ] } },
{ "type": "Feature", "properties": { "scalerank": 2, "featurecla": "Urban area", "area_sqkm": 1413.011, "min_zoom": 3.6 }, "geometry": { "type": "MultiPolygon", "coordinates": [ [ [ [ -70.634623582629786, -33.309749444310384 ], [ -70.634623582629786, -33.309749444310384 ], [ -70.634623582629786, -33.309749444310384 ], [ -70.526826544868953, -33.309904473607261 ], [ -70.431431850858161, -33.322461846654186 ], [ -70.461300828722855, -33.476767673477724 ], [ -70.494916347928722, -33.627249444311659 ], [ -70.598450080025486, -33.650762221004456 ], [ -70.71082048204417, -33.665386651343056 ], [ -70.735185919869792, -33.632572116837721 ], [ -70.761618414987083, -33.601876316056348 ], [ -70.86150895860726, -33.663577976212842 ], [ -70.977522549102531, -33.678099053686857 ], [ -70.878794725208905, -33.554592380509277 ], [ -70.825128750273791, -33.3859721819409 ], [ -70.798334520130453, -33.355638116185567 ], [ -70.761618414987083, -33.335174248997987 ], [ -70.756218227812582, -33.277038262669627 ], [ -70.723507046171818, -33.246290785455962 ], [ -70.672450731067443, -33.271405531549817 ], [ -70.634623582629786, -33.309749444310384 ] ] ] ] } },
{ "type": "Feature", "properties": { "scalerank": 5, "featurecla": "Urban area", "area_sqkm": 297.942, "min_zoom": 5.0 }, "geometry": { "type": "MultiPolygon", "coordinates": [ [ [ [ -71.554567430289723, -33.570973809545805 ], [ -71.554567430289723, -33.570973809545805 ], [ -71.554567430289723, -33.570973809545805 ], [ -71.574411180289815, -33.652674248999261 ], [ -71.662312791618291, -33.642907403296093 ], [ -71.636293707959325, -33.519245700821642 ], [ -71.695514899365804, -33.428966973607736 ], [ -71.696212531201752, -33.334709161107355 ], [ -71.670684373649564, -33.326906019831284 ], [ -71.630480109326498, -33.329799900039632 ], [ -71.624330613883757, -33.336001071914652 ], [ -71.618956264925401, -33.344837741836571 ], [ -71.609809536409742, -33.39258676527426 ], [ -71.601618821891478, -33.441886081680707 ], [ -71.569760301383539, -33.476405938451677 ], [ -71.536325649690696, -33.48756804782672 ], [ -71.554567430289723, -33.570973809545805 ] ] ] ] } },
{ "type": "Feature", "properties": { "scalerank": 5, "featurecla": "Urban area", "area_sqkm": 160.63, "min_zoom": 5.0 }, "geometry": { "type": "MultiPolygon", "coordinates": [ [ [ [ -70.736219448515612, -34.059057712542554 ], [ -70.736219448515612, -34.059057712542554 ], [ -70.736219448515612, -34.059057712542554 ], [ -70.668290778267959, -34.09910694756875 ], [ -70.621911180285991, -34.160653578428366 ], [ -70.703069017200391, -34.209797865537944 ], [ -70.799729783802334, -34.186078383115969 ], [ -70.775493537057443, -34.115074965146938 ], [ -70.736219448515612, -34.059057712542554 ] ] ] ] } },
{ "type": "Feature", "properties": { "scalerank": 5, "featurecla": "Urban area", "area_sqkm": 112.193, "min_zoom": 5.0 }, "geometry": { "type": "MultiPolygon", "coordinates": [ [ [ [ -58.97600704612482, -34.122568047829262 ], [ -58.97600704612482, -34.122568047829262 ], [ -58.97600704612482, -34.122568047829262 ], [ -58.9424173651351, -34.152488702126256 ], [ -58.925209113181907, -34.198790785459778 ], [ -59.041015997947994, -34.174916273740934 ], [ -59.077602912010647, -34.071770114886348 ], [ -59.061298997622558, -34.062675062802981 ], [ -59.039517381411542, -34.059057712542554 ], [ -58.997607794822827, -34.080658461240553 ], [ -58.97600704612482, -34.122568047829262 ] ] ] ] } },
{ "type": "Feature", "properties": { "scalerank": 2, "featurecla": "Urban area", "area_sqkm": 3733.895, "min_zoom": 3.6 }, "geometry": { "type": "MultiPolygon", "coordinates": [ [ [ [ -58.423534308492407, -34.558562107075801 ], [ -58.423534308492407, -34.558562107075801 ], [ -58.423534308492407, -34.558562107075801 ], [ -58.407540452698072, -34.560319105773722 ], [ -58.396404181539168, -34.556856784810165 ], [ -58.283361985900697, -34.683515720357548 ], [ -58.143293016173573, -34.740411472310896 ], [ -58.142827928282955, -34.743822116842168 ], [ -58.141277635314196, -34.757929782857843 ], [ -58.138332078673557, -34.808107598613255 ], [ -58.137815314350632, -34.859163913717623 ], [ -58.107222866433844, -34.845986423483197 ], [ -58.070687628803498, -34.838906752259206 ], [ -58.034927537657524, -34.84252410251964 ], [ -58.001441209532388, -34.855753269186366 ], [ -57.979943813698966, -34.806712334941373 ], [ -57.849925910052605, -34.859473972311378 ], [ -57.849977586484897, -34.862729587545765 ], [ -57.855920376198469, -34.90613779067094 ], [ -57.854886847552635, -34.947995700827356 ], [ -57.862896694557875, -34.973213799785789 ], [ -57.891990525938198, -34.989336846660855 ], [ -57.98159745953231, -35.018534030905762 ], [ -58.074304979063925, -35.036982517233966 ], [ -58.112416347879176, -34.973472181947244 ], [ -58.163188442605943, -34.922674249004338 ], [ -58.230858730692162, -34.920452162415785 ], [ -58.290209113179372, -34.909961846660536 ], [ -58.32193844260658, -34.922674249004338 ], [ -58.35371944846608, -34.935386651348139 ], [ -58.357595180887969, -34.971043389629529 ], [ -58.366431850809889, -35.011557712546363 ], [ -58.395370652893334, -35.029696140280805 ], [ -58.429942186096596, -35.024270114890157 ], [ -58.406326056539214, -34.990680433900444 ], [ -58.379092576721391, -34.96075977960345 ], [ -58.421234707255422, -34.9203488095512 ], [ -58.480688442607217, -34.897249444316735 ], [ -58.53882442893557, -34.921744073223081 ], [ -58.594996710836838, -34.948099053691934 ], [ -58.664940761943896, -34.940916029603372 ], [ -58.722017381410268, -34.96075977960345 ], [ -58.73888973655356, -34.920503838848077 ], [ -58.747442186097871, -34.871876316061424 ], [ -58.714627651592522, -34.847536716451955 ], [ -58.683931850811149, -34.821078383118518 ], [ -58.742274542868685, -34.783302911113154 ], [ -58.836325649639889, -34.795653578430915 ], [ -58.843095262270126, -34.758033135722428 ], [ -58.836325649639889, -34.70677011488889 ], [ -58.91484798850739, -34.645585219055313 ], [ -59.014092576723939, -34.60517424900307 ], [ -58.963966437400813, -34.566416924784164 ], [ -58.887123582582802, -34.554376316060157 ], [ -58.950582241437218, -34.478101901997348 ], [ -59.001431850812423, -34.389270114887623 ], [ -58.963294643781026, -34.376247653950067 ], [ -58.925209113181907, -34.389270114887623 ], [ -58.873584357322329, -34.345655206033278 ], [ -58.836325649639889, -34.287674249001796 ], [ -58.823613247296095, -34.287674249001796 ], [ -58.810900844952286, -34.287674249001796 ], [ -58.75857845725676, -34.317853285460252 ], [ -58.722017381410268, -34.363896986632312 ], [ -58.546937628805395, -34.411077569314791 ], [ -58.455315314351907, -34.541663913716356 ], [ -58.440380825419552, -34.549983819315344 ], [ -58.423534308492407, -34.558562107075801 ] ] ] ] } },
{ "type": "Feature", "properties": { "scalerank": 6, "featurecla": "Urban area", "area_sqkm": 106.58, "min_zoom": 6.0 }, "geometry": { "type": "MultiPolygon", "coordinates": [ [ [ [ -68.399411180277099, -34.567088718403951 ], [ -68.399411180277099, -34.567088718403951 ], [ -68.399411180277099, -34.567088718403951 ], [ -68.330810716409644, -34.553549493143485 ], [ -68.27241634791983, -34.579749444315468 ], [ -68.280090298115169, -34.62289926527918 ], [ -68.297815314391286, -34.655972181945977 ], [ -68.335900844990391, -34.655972181945977 ], [ -68.374012213805642, -34.655972181945977 ], [ -68.396129726826572, -34.620935560852089 ], [ -68.399411180277099, -34.567088718403951 ] ] ] ] } },
{ "type": "Feature", "properties": { "scalerank": 3, "featurecla": "Urban area", "area_sqkm": 1124.343, "min_zoom": 3.7 }, "geometry": { "type": "MultiPolygon", "coordinates": [ [ [ [ -55.748710496632754, -34.713591403951412 ], [ -55.748710496632754, -34.713591403951412 ], [ -55.748710496632754, -34.713591403951412 ], [ -55.679670783090799, -34.714624932597253 ], [ -55.645409308481291, -34.778652032206885 ], [ -55.673133714405878, -34.775706475566253 ], [ -55.862941250213936, -34.810949802389302 ], [ -56.11791276714203, -34.907894789368861 ], [ -56.194626430879325, -34.906499525696979 ], [ -56.249946051647768, -34.901280206035501 ], [ -56.35712297222112, -34.870015964498918 ], [ -56.356011928926847, -34.83999195733734 ], [ -56.350327521374737, -34.812603448222646 ], [ -56.349552374890365, -34.787281996399628 ], [ -56.381695115775898, -34.772554213196443 ], [ -56.397921515515549, -34.744855645488002 ], [ -56.292010667533361, -34.711059258769112 ], [ -56.245527716686823, -34.617886651346865 ], [ -56.168064744681303, -34.65468027113868 ], [ -56.105846320201891, -34.70677011488889 ], [ -56.013138800670262, -34.678813165018987 ], [ -55.902602911997946, -34.668684584289778 ], [ -55.896840989797397, -34.703979587545128 ], [ -55.902602911997946, -34.744855645488002 ], [ -55.858161180226929, -34.734933770487956 ], [ -55.813719448455927, -34.744855645488002 ], [ -55.748710496632754, -34.713591403951412 ] ] ] ] } },
{ "type": "Feature", "properties": { "scalerank": 5, "featurecla": "Urban area", "area_sqkm": 113.92, "min_zoom": 5.0 }, "geometry": { "type": "MultiPolygon", "coordinates": [ [ [ [ -54.834347703660342, -34.88582895278023 ], [ -54.834347703660342, -34.88582895278023 ], [ -54.834347703660342, -34.88582895278023 ], [ -54.824270799363418, -34.898024590801114 ], [ -54.82220374207175, -34.90298552830113 ], [ -54.902302212124155, -34.932802829733546 ], [ -55.027720913296534, -34.908256524394901 ], [ -55.024904547736625, -34.885570570618768 ], [ -55.013096482957934, -34.864228204082224 ], [ -54.988395148322411, -34.851205743144675 ], [ -54.962815314337931, -34.846503187806114 ], [ -54.906048753465313, -34.864641615540563 ], [ -54.847008429571844, -34.876785577129155 ], [ -54.834347703660342, -34.88582895278023 ] ] ] ] } },
{ "type": "Feature", "properties": { "scalerank": 6, "featurecla": "Urban area", "area_sqkm": 76.953, "min_zoom": 6.0 }, "geometry": { "type": "MultiPolygon", "coordinates": [ [ [ [ -71.561724616162152, -35.40528045017814 ], [ -71.561724616162152, -35.40528045017814 ], [ -71.561724616162152, -35.40528045017814 ], [ -71.612832607698806, -35.463468112938791 ], [ -71.70143185086323, -35.456078383121053 ], [ -71.655129767529715, -35.369520359032165 ], [ -71.561724616162152, -35.40528045017814 ] ] ] ] } },
{ "type": "Feature", "properties": { "scalerank": 5, "featurecla": "Urban area", "area_sqkm": 117.091, "min_zoom": 5.0 }, "geometry": { "type": "MultiPolygon", "coordinates": [ [ [ [ -56.731751268121059, -36.482992445625158 ], [ -56.731751268121059, -36.482992445625158 ], [ -56.731751268121059, -36.482992445625158 ], [ -56.725240037652284, -36.475551039375134 ], [ -56.694104987196425, -36.467541192369893 ], [ -56.668240932834337, -36.735276788074088 ], [ -56.669067755751016, -36.760804945626276 ], [ -56.681315070204192, -36.760959974923153 ], [ -56.725705125542902, -36.699775079089569 ], [ -56.715421515516823, -36.611770114896515 ], [ -56.729839240126253, -36.552083835599397 ], [ -56.735988735568995, -36.492759291328326 ], [ -56.731751268121059, -36.482992445625158 ] ] ] ] } },
{ "type": "Feature", "properties": { "scalerank": 4, "featurecla": "Urban area", "area_sqkm": 71.242, "min_zoom": 4.0 }, "geometry": { "type": "MultiPolygon", "coordinates": [ [ [ [ -64.33542151554731, -36.64985564549562 ], [ -64.33542151554731, -36.64985564549562 ], [ -64.33542151554731, -36.64985564549562 ], [ -64.283486701093977, -36.566501560208835 ], [ -64.195714280846232, -36.62448251724031 ], [ -64.253876105390731, -36.663859958646718 ], [ -64.33542151554731, -36.64985564549562 ] ] ] ] } },
{ "type": "Feature", "properties": { "scalerank": 3, "featurecla": "Urban area", "area_sqkm": 183.491, "min_zoom": 3.7 }, "geometry": { "type": "MultiPolygon", "coordinates": [ [ [ [ -73.033262702105532, -36.84260873794431 ], [ -73.033262702105532, -36.84260873794431 ], [ -73.033262702105532, -36.84260873794431 ], [ -73.111268276650122, -36.856819756824578 ], [ -73.150800747353401, -36.873459568022554 ], [ -73.137778286415852, -36.79987232843893 ], [ -73.118037889280359, -36.688354587553064 ], [ -73.107780117470412, -36.684220472969713 ], [ -73.072433437782777, -36.697501316068724 ], [ -73.034890509722729, -36.738790785469931 ], [ -73.001740078407494, -36.775429375964876 ], [ -72.971431850868314, -36.814961846668155 ], [ -73.033262702105532, -36.84260873794431 ] ] ] ] } },
{ "type": "Feature", "properties": { "scalerank": 5, "featurecla": "Urban area", "area_sqkm": 370.912, "min_zoom": 5.0 }, "geometry": { "type": "MultiPolygon", "coordinates": [ [ [ [ -69.072522549094899, -37.335653578441068 ], [ -69.072522549094899, -37.335653578441068 ], [ -69.072522549094899, -37.335653578441068 ], [ -69.165746832949438, -37.371310316722465 ], [ -69.26302771673889, -37.37379078547248 ], [ -69.277032029889995, -37.410584405264288 ], [ -69.288426683210346, -37.449961846670696 ], [ -69.340723232689726, -37.438799737295653 ], [ -69.377335984968511, -37.411876316071584 ], [ -69.35237626817154, -37.379681898753745 ], [ -69.313825649681803, -37.361078383128671 ], [ -69.342867804629833, -37.326610202789993 ], [ -69.377335984968511, -37.297568047841963 ], [ -69.308244594994278, -37.22594451268543 ], [ -69.161431850853063, -37.234057712555249 ], [ -69.118075324160188, -37.285992527008581 ], [ -69.072522549094899, -37.335653578441068 ] ] ] ] } },
{ "type": "Feature", "properties": { "scalerank": 5, "featurecla": "Urban area", "area_sqkm": 100.297, "min_zoom": 5.0 }, "geometry": { "type": "MultiPolygon", "coordinates": [ [ [ [ -69.618613247339283, -37.234057712555249 ], [ -69.618613247339283, -37.234057712555249 ], [ -69.618613247339283, -37.234057712555249 ], [ -69.599131232365238, -37.271729831696021 ], [ -69.593214280867812, -37.322992852529566 ], [ -69.645355801050314, -37.340666192373384 ], [ -69.707522549097433, -37.348365980784877 ], [ -69.709615444605262, -37.259947605133476 ], [ -69.618613247339283, -37.234057712555249 ] ] ] ] } },
{ "type": "Feature", "properties": { "scalerank": 6, "featurecla": "Urban area", "area_sqkm": 120.905, "min_zoom": 6.0 }, "geometry": { "type": "MultiPolygon", "coordinates": [ [ [ [ -59.191911180240268, -37.259482517242851 ], [ -59.191911180240268, -37.259482517242851 ], [ -59.191911180240268, -37.259482517242851 ], [ -59.106231655500352, -37.274675388336661 ], [ -59.026804979067734, -37.272194919586653 ], [ -59.071660122297075, -37.34800424575883 ], [ -59.179250454328766, -37.361078383128671 ], [ -59.202763231021564, -37.315706475576405 ], [ -59.191911180240268, -37.259482517242851 ] ] ] ] } },
{ "type": "Feature", "properties": { "scalerank": 3, "featurecla": "Urban area", "area_sqkm": 276.882, "min_zoom": 3.7 }, "geometry": { "type": "MultiPolygon", "coordinates": [ [ [ [ -57.527103237525282, -37.890968519849544 ], [ -57.527103237525282, -37.890968519849544 ], [ -57.527103237525282, -37.890968519849544 ], [ -57.511522793189272, -37.892725518547465 ], [ -57.498241950090261, -37.895981133781859 ], [ -57.507259487525204, -37.909313653313163 ], [ -57.546946987525359, -38.085685316725325 ], [ -57.575549892798904, -38.110024916334794 ], [ -57.599476080950041, -38.090181166334716 ], [ -57.636450568254887, -38.063929538730449 ], [ -57.681486578997252, -38.038142999016799 ], [ -57.718719448463546, -38.008790785475014 ], [ -57.690969204322812, -37.967036228183183 ], [ -57.666887986874798, -37.920527439120491 ], [ -57.595626186744298, -37.902492364250634 ], [ -57.527103237525282, -37.890968519849544 ] ] ] ] } },
{ "type": "Feature", "properties": { "scalerank": 6, "featurecla": "Urban area", "area_sqkm": 139.169, "min_zoom": 6.0 }, "geometry": { "type": "MultiPolygon", "coordinates": [ [ [ [ -58.674836798727782, -38.495841159825922 ], [ -58.674836798727782, -38.495841159825922 ], [ -58.674836798727782, -38.495841159825922 ], [ -58.646621466696416, -38.535890394852125 ], [ -58.633754035055745, -38.566224460607458 ], [ -58.797878384014737, -38.613301690425352 ], [ -58.805448981345492, -38.565811049149119 ], [ -58.791677212139717, -38.515633233393714 ], [ -58.769585537334933, -38.498424981440515 ], [ -58.742326219300978, -38.490880222325899 ], [ -58.707496303936253, -38.487572930659226 ], [ -58.674836798727782, -38.495841159825922 ] ] ] ] } },
{ "type": "Feature", "properties": { "scalerank": 3, "featurecla": "Urban area", "area_sqkm": 267.721, "min_zoom": 3.7 }, "geometry": { "type": "MultiPolygon", "coordinates": [ [ [ [ -62.182090420161089, -38.756962172196758 ], [ -62.182090420161089, -38.756962172196758 ], [ -62.182090420161089, -38.756962172196758 ], [ -62.189816046788721, -38.781508477535397 ], [ -62.19115963402831, -38.813134454098027 ], [ -62.312960984940261, -38.802024021155276 ], [ -62.343630947505488, -38.735258070634174 ], [ -62.417709113195883, -38.719961846675773 ], [ -62.422463344966729, -38.69929127375903 ], [ -62.430421515539692, -38.681876316076668 ], [ -62.428561163977179, -38.664668064123475 ], [ -62.417709113195883, -38.656503187821357 ], [ -62.359779832596701, -38.658725274409903 ], [ -62.2907142808386, -38.643790785477556 ], [ -62.255961880122314, -38.652214043941129 ], [ -62.222630581294055, -38.670869235998495 ], [ -62.195448777908538, -38.695208835607971 ], [ -62.178240525955346, -38.726989841467471 ], [ -62.177775438064714, -38.729883721675819 ], [ -62.177517055903252, -38.732674249019581 ], [ -62.182090420161089, -38.756962172196758 ] ] ] ] } },
{ "type": "Feature", "properties": { "scalerank": 6, "featurecla": "Urban area", "area_sqkm": 98.983, "min_zoom": 6.0 }, "geometry": { "type": "MultiPolygon", "coordinates": [ [ [ [ -72.532104661738941, -38.747712090816513 ], [ -72.532104661738941, -38.747712090816513 ], [ -72.532104661738941, -38.747712090816513 ], [ -72.628507046179436, -38.796184584306289 ], [ -72.660107184525913, -38.758874200191556 ], [ -72.653931850867039, -38.707301120764271 ], [ -72.584788784460514, -38.693865248368382 ], [ -72.52691118029361, -38.669163913732866 ], [ -72.532104661738941, -38.747712090816513 ] ] ] ] } },
{ "type": "Feature", "properties": { "scalerank": 4, "featurecla": "Urban area", "area_sqkm": 225.94, "min_zoom": 4.0 }, "geometry": { "type": "MultiPolygon", "coordinates": [ [ [ [ -68.107335984963441, -38.885068047848314 ], [ -68.107335984963441, -38.885068047848314 ], [ -68.107335984963441, -38.885068047848314 ], [ -67.998040330666129, -38.883724460608725 ], [ -67.929517381447099, -38.923153578447426 ], [ -67.980289476173866, -38.980307712562237 ], [ -68.056512213804382, -39.012088718421737 ], [ -68.118446417906185, -38.99146982193728 ], [ -68.170820482034003, -38.961290785478823 ], [ -68.224073045510778, -38.981909681963288 ], [ -68.247017381448373, -38.93586598079122 ], [ -68.164205898700644, -38.933798923499552 ], [ -68.107335984963441, -38.885068047848314 ] ] ] ] } },
{ "type": "Feature", "properties": { "scalerank": 3, "featurecla": "Urban area", "area_sqkm": 213.77, "min_zoom": 3.7 }, "geometry": { "type": "MultiPolygon", "coordinates": [ [ [ [ -67.407947150325228, -45.769402357771682 ], [ -67.407947150325228, -45.769402357771682 ], [ -67.407947150325228, -45.769402357771682 ], [ -67.396630011653301, -45.772916355167538 ], [ -67.391746588801723, -45.773691501651911 ], [ -67.393012661392873, -45.775551853214424 ], [ -67.556646084245088, -45.970165297225613 ], [ -67.558067186133115, -45.972904148137083 ], [ -67.60803829615935, -45.954248956079716 ], [ -67.615428025977096, -45.940192966496326 ], [ -67.624729783789633, -45.933578383162967 ], [ -67.596256069596805, -45.842679538761558 ], [ -67.528766649023623, -45.775655206079001 ], [ -67.487528856054709, -45.757258396183097 ], [ -67.442983771419108, -45.752814223005998 ], [ -67.424948696549251, -45.759945570662268 ], [ -67.407947150325228, -45.769402357771682 ] ] ] ] } },
{ "type": "Feature", "properties": { "scalerank": 6, "featurecla": "Urban area", "area_sqkm": 290.924, "min_zoom": 6.0 }, "geometry": { "type": "MultiPolygon", "coordinates": [ [ [ [ -69.047123582623442, -46.162194919622216 ], [ -69.047123582623442, -46.162194919622216 ], [ -69.047123582623442, -46.162194919622216 ], [ -68.996093105735213, -46.181005140976453 ], [ -68.958214280865278, -46.212992852565122 ], [ -69.013172166607688, -46.268441664414311 ], [ -69.11063391791015, -46.263790785508036 ], [ -69.110375535748702, -46.219555759466196 ], [ -69.097921515566355, -46.187568047877527 ], [ -69.164971686465066, -46.172116794622255 ], [ -69.224916347923639, -46.149482517278415 ], [ -69.204840053978245, -46.10607431415324 ], [ -69.161431850853063, -46.085972181991707 ], [ -69.17864010280627, -46.046077976262374 ], [ -69.199517381452182, -46.009801120793483 ], [ -69.159080573183786, -45.960811862980783 ], [ -69.085209113222561, -45.971663913762079 ], [ -69.088387213808517, -46.038378187850888 ], [ -69.123320482037812, -46.073259779647898 ], [ -69.07611406113918, -46.10865813576784 ], [ -69.047123582623442, -46.162194919622216 ] ] ] ] } },
{ "type": "Feature", "properties": { "scalerank": 5, "featurecla": "Urban area", "area_sqkm": 237.977, "min_zoom": 5.0 }, "geometry": { "type": "MultiPolygon", "coordinates": [ [ [ [ -45.514038051930342, -22.959270114841893 ], [ -45.514038051930342, -22.959270114841893 ], [ -45.514038051930342, -22.959270114841893 ], [ -45.480267503427612, -22.916843763930267 ], [ -45.425102911956031, -22.895759779555185 ], [ -45.44233700212537, -22.948418064060604 ], [ -45.501325649586548, -22.959270114841893 ], [ -45.509387173024081, -23.027379652602583 ], [ -45.539411180185652, -23.073578383071521 ], [ -45.590209113128566, -23.073578383071521 ], [ -45.641007046071479, -23.073578383071521 ], [ -45.687670864431041, -23.111508884373755 ], [ -45.742602911957306, -23.111663913670633 ], [ -45.659998134938746, -23.029188327732797 ], [ -45.577496710784771, -22.946557712498098 ], [ -45.540238003102331, -22.947384535414763 ], [ -45.514038051930342, -22.959270114841893 ] ] ] ] } },
{ "type": "Feature", "properties": { "scalerank": 5, "featurecla": "Urban area", "area_sqkm": 240.227, "min_zoom": 5.0 }, "geometry": { "type": "MultiPolygon", "coordinates": [ [ [ [ -69.529729783797251, -37.069003187815007 ], [ -69.529729783797251, -37.069003187815007 ], [ -69.529729783797251, -37.069003187815007 ], [ -69.490042283797095, -37.086469821929654 ], [ -69.453507046166735, -37.107088718414118 ], [ -69.474487677677246, -37.149618422190329 ], [ -69.529729783797251, -37.157886651357032 ], [ -69.535491705997799, -37.122539971669383 ], [ -69.529729783797251, -37.081663913726516 ], [ -69.597606777612626, -37.128069349924615 ], [ -69.669411180282182, -37.170599053700826 ], [ -69.679513922795252, -37.148894952138242 ], [ -69.694835984969785, -37.132461846669429 ], [ -69.644761522078966, -37.03649871190342 ], [ -69.605926683211621, -36.929270114897776 ], [ -69.571536017521368, -36.942240899403039 ], [ -69.580527716740164, -36.967355645496895 ], [ -69.546860521102005, -37.009885349273105 ], [ -69.529729783797251, -37.069003187815007 ] ] ] ] } }
]
}
