pais,codigo_iata,codigo_oaci,nombre_oficial,anio,pax_nacionales_arribados,pax_nacionales_partidos,pax_internacionales_arribados,pax_internacionales_partidos,pax_nacionales_total,pax_internacionales_total,pax_arribados_total,pax_partidos_total,pax_totales,mov_nacionales_aterrizajes,mov_nacionales_despegues,mov_internacionales_aterrizajes,mov_internacionales_despegues,mov_nacionales_total,mov_internacionales_total,mov_aterrizajes_total,mov_despegues_total,mov_totales,meses_pasajeros_disponibles,meses_movimientos_disponibles,cobertura_anual,fuente_pasajeros,fuente_movimientos
Argentina,AEP,SABE,Aeroparque Jorge Newbery,2001,,,,,4464062,581824,,,5045886,,,,,91626,11948,,,103574,12,12,12 meses pasajeros / 12 meses movimientos,"SIAC ANAC Argentina - Tablas 9 y 10, pasajeros comerciales por aeropuerto","SIAC ANAC Argentina - Tablas 12 y 13, movimientos comerciales por aeropuerto"
Argentina,AEP,SABE,Aeroparque Jorge Newbery,2002,,,,,3975322,448849,,,4424171,,,,,70512,13187,,,83699,12,12,12 meses pasajeros / 12 meses movimientos,"SIAC ANAC Argentina - Tablas 9 y 10, pasajeros comerciales por aeropuerto","SIAC ANAC Argentina - Tablas 12 y 13, movimientos comerciales por aeropuerto"
Argentina,AEP,SABE,Aeroparque Jorge Newbery,2003,,,,,4112519,456972,,,4569491,,,,,57144,11740,,,68884,12,12,12 meses pasajeros / 12 meses movimientos,"SIAC ANAC Argentina - Tablas 9 y 10, pasajeros comerciales por aeropuerto","SIAC ANAC Argentina - Tablas 12 y 13, movimientos comerciales por aeropuerto"
Argentina,AEP,SABE,Aeroparque Jorge Newbery,2004,,,,,4676160,551041,,,5227201,,,,,59819,13799,,,73618,12,12,12 meses pasajeros / 12 meses movimientos,"SIAC ANAC Argentina - Tablas 9 y 10, pasajeros comerciales por aeropuerto","SIAC ANAC Argentina - Tablas 12 y 13, movimientos comerciales por aeropuerto"
Argentina,AEP,SABE,Aeroparque Jorge Newbery,2005,,,,,4812425,568610,,,5381035,,,,,55270,10511,,,65781,12,12,12 meses pasajeros / 12 meses movimientos,"SIAC ANAC Argentina - Tablas 9 y 10, pasajeros comerciales por aeropuerto","SIAC ANAC Argentina - Tablas 12 y 13, movimientos comerciales por aeropuerto"
Argentina,AEP,SABE,Aeroparque Jorge Newbery,2006,,,,,4741355,525860,,,5267215,,,,,53682,9073,,,62755,12,12,12 meses pasajeros / 12 meses movimientos,"SIAC ANAC Argentina - Tablas 9 y 10, pasajeros comerciales por aeropuerto","SIAC ANAC Argentina - Tablas 12 y 13, movimientos comerciales por aeropuerto"
Argentina,AEP,SABE,Aeroparque Jorge Newbery,2007,,,,,5172206,501737,,,5673943,,,,,55697,9283,,,64980,12,12,12 meses pasajeros / 12 meses movimientos,"SIAC ANAC Argentina - Tablas 9 y 10, pasajeros comerciales por aeropuerto","SIAC ANAC Argentina - Tablas 12 y 13, movimientos comerciales por aeropuerto"
Argentina,AEP,SABE,Aeroparque Jorge Newbery,2008,,,,,5185071,484226,,,5669297,,,,,56960,10689,,,67649,12,12,12 meses pasajeros / 12 meses movimientos,"SIAC ANAC Argentina - Tablas 9 y 10, pasajeros comerciales por aeropuerto","SIAC ANAC Argentina - Tablas 12 y 13, movimientos comerciales por aeropuerto"
Argentina,AEP,SABE,Aeroparque Jorge Newbery,2009,,,,,5915911,516346,,,6432257,,,,,65207,11091,,,76298,12,12,12 meses pasajeros / 12 meses movimientos,"SIAC ANAC Argentina - Tablas 9 y 10, pasajeros comerciales por aeropuerto","SIAC ANAC Argentina - Tablas 12 y 13, movimientos comerciales por aeropuerto"
Argentina,AEP,SABE,Aeroparque Jorge Newbery,2010,,,,,6083762,1406015,,,7489777,,,,,69176,21440,,,90616,12,12,12 meses pasajeros / 12 meses movimientos,"SIAC ANAC Argentina - Tablas 9 y 10, pasajeros comerciales por aeropuerto","SIAC ANAC Argentina - Tablas 12 y 13, movimientos comerciales por aeropuerto"
Argentina,AEP,SABE,Aeroparque Jorge Newbery,2011,,,,,5846872,2359642,,,8206514,,,,,68784,30543,,,99327,12,12,12 meses pasajeros / 12 meses movimientos,"SIAC ANAC Argentina - Tablas 9 y 10, pasajeros comerciales por aeropuerto","SIAC ANAC Argentina - Tablas 12 y 13, movimientos comerciales por aeropuerto"
Argentina,AEP,SABE,Aeroparque Jorge Newbery,2012,,,,,6659609,2122076,,,8781685,,,,,76963,26113,,,103076,12,12,12 meses pasajeros / 12 meses movimientos,"SIAC ANAC Argentina - Tablas 9 y 10, pasajeros comerciales por aeropuerto","SIAC ANAC Argentina - Tablas 12 y 13, movimientos comerciales por aeropuerto"
Argentina,AEP,SABE,Aeroparque Jorge Newbery,2013,,,,,7379318,2088394,,,9467712,,,,,83632,24908,,,108540,12,12,12 meses pasajeros / 12 meses movimientos,"SIAC ANAC Argentina - Tablas 9 y 10, pasajeros comerciales por aeropuerto","SIAC ANAC Argentina - Tablas 12 y 13, movimientos comerciales por aeropuerto"
Argentina,AEP,SABE,Aeroparque Jorge Newbery,2014,,,,,8002930,2163384,,,10166314,,,,,87358,25067,,,112425,12,12,12 meses pasajeros / 12 meses movimientos,"SIAC ANAC Argentina - Tablas 9 y 10, pasajeros comerciales por aeropuerto","SIAC ANAC Argentina - Tablas 12 y 13, movimientos comerciales por aeropuerto"
Argentina,AEP,SABE,Aeroparque Jorge Newbery,2015,,,,,8934500,2025751,,,10960251,,,,,92864,22254,,,115118,12,12,12 meses pasajeros / 12 meses movimientos,"SIAC ANAC Argentina - Tablas 9 y 10, pasajeros comerciales por aeropuerto","SIAC ANAC Argentina - Tablas 12 y 13, movimientos comerciales por aeropuerto"
Argentina,AEP,SABE,Aeroparque Jorge Newbery,2016,,,,,9210476,2402474,,,11612950,,,,,91348,23772,,,115120,12,12,12 meses pasajeros / 12 meses movimientos,"SIAC ANAC Argentina - Tablas 9 y 10, pasajeros comerciales por aeropuerto","SIAC ANAC Argentina - Tablas 12 y 13, movimientos comerciales por aeropuerto"
Argentina,AEP,SABE,Aeroparque Jorge Newbery,2017,,,,,10570477,3199439,,,13769916,,,,,98022,29064,,,127086,12,12,12 meses pasajeros / 12 meses movimientos,"SIAC ANAC Argentina - Tablas 9 y 10, pasajeros comerciales por aeropuerto","SIAC ANAC Argentina - Tablas 12 y 13, movimientos comerciales por aeropuerto"
Argentina,AEP,SABE,Aeroparque Jorge Newbery,2018,,,,,11027106,2343279,,,13370385,,,,,103163,22707,,,125870,12,12,12 meses pasajeros / 12 meses movimientos,"SIAC ANAC Argentina - Tablas 9 y 10, pasajeros comerciales por aeropuerto","SIAC ANAC Argentina - Tablas 12 y 13, movimientos comerciales por aeropuerto"
Argentina,AEP,SABE,Aeroparque Jorge Newbery,2019,,,,,11577168,735819,,,12312987,,,,,101978,8865,,,110843,12,12,12 meses pasajeros / 12 meses movimientos,"SIAC ANAC Argentina - Tablas 9 y 10, pasajeros comerciales por aeropuerto","SIAC ANAC Argentina - Tablas 12 y 13, movimientos comerciales por aeropuerto"
Argentina,AEP,SABE,Aeroparque Jorge Newbery,2020,,,,,2270945,76387,,,2347332,,,,,20645,1461,,,22106,12,12,12 meses pasajeros / 12 meses movimientos,"SIAC ANAC Argentina - Tablas 9 y 10, pasajeros comerciales por aeropuerto","SIAC ANAC Argentina - Tablas 12 y 13, movimientos comerciales por aeropuerto"
Argentina,AEP,SABE,Aeroparque Jorge Newbery,2021,,,,,4308169,217981,,,4526150,,,,,37834,3084,,,40918,12,12,12 meses pasajeros / 12 meses movimientos,"SIAC ANAC Argentina - Tablas 9 y 10, pasajeros comerciales por aeropuerto","SIAC ANAC Argentina - Tablas 12 y 13, movimientos comerciales por aeropuerto"
Argentina,AEP,SABE,Aeroparque Jorge Newbery,2022,,,,,10358888,2423245,,,12782133,,,,,81041,21450,,,102491,12,12,12 meses pasajeros / 12 meses movimientos,"SIAC ANAC Argentina - Tablas 9 y 10, pasajeros comerciales por aeropuerto","SIAC ANAC Argentina - Tablas 12 y 13, movimientos comerciales por aeropuerto"
Argentina,AEP,SABE,Aeroparque Jorge Newbery,2023,,,,,12218188,3352756,,,15570944,,,,,96747,27548,,,124295,12,12,12 meses pasajeros / 12 meses movimientos,"SIAC ANAC Argentina - Tablas 9 y 10, pasajeros comerciales por aeropuerto","SIAC ANAC Argentina - Tablas 12 y 13, movimientos comerciales por aeropuerto"
Argentina,AEP,SABE,Aeroparque Jorge Newbery,2024,,,,,11123320,3749843,,,14873163,,,,,89948,30251,,,120199,12,12,12 meses pasajeros / 12 meses movimientos,"SIAC ANAC Argentina - Tablas 9 y 10, pasajeros comerciales por aeropuerto","SIAC ANAC Argentina - Tablas 12 y 13, movimientos comerciales por aeropuerto"
Argentina,AEP,SABE,Aeroparque Jorge Newbery,2025,,,,,12509714,5229834,,,17739548,,,,,98760,40488,,,139248,12,12,12 meses pasajeros / 12 meses movimientos,"SIAC ANAC Argentina - Tablas 9 y 10, pasajeros comerciales por aeropuerto","SIAC ANAC Argentina - Tablas 12 y 13, movimientos comerciales por aeropuerto"
Argentina,AEP,SABE,Aeroparque Jorge Newbery,2026,,,,,5591608,2819871,,,8411479,,,,,43844,20896,,,64740,6,6,6 meses pasajeros / 6 meses movimientos,"SIAC ANAC Argentina - Tablas 9 y 10, pasajeros comerciales por aeropuerto","SIAC ANAC Argentina - Tablas 12 y 13, movimientos comerciales por aeropuerto"
Argentina,AFA,SAMR,Aeropuerto Suboficial Ay Santiago Germano,2001,,,,,10165,0,,,10165,,,,,563,0,,,563,12,12,12 meses pasajeros / 12 meses movimientos,"SIAC ANAC Argentina - Tablas 9 y 10, pasajeros comerciales por aeropuerto","SIAC ANAC Argentina - Tablas 12 y 13, movimientos comerciales por aeropuerto"
Argentina,AFA,SAMR,Aeropuerto Suboficial Ay Santiago Germano,2002,,,,,4487,0,,,4487,,,,,242,0,,,242,12,12,12 meses pasajeros / 12 meses movimientos,"SIAC ANAC Argentina - Tablas 9 y 10, pasajeros comerciales por aeropuerto","SIAC ANAC Argentina - Tablas 12 y 13, movimientos comerciales por aeropuerto"
Argentina,AFA,SAMR,Aeropuerto Suboficial Ay Santiago Germano,2003,,,,,7763,0,,,7763,,,,,334,0,,,334,12,12,12 meses pasajeros / 12 meses movimientos,"SIAC ANAC Argentina - Tablas 9 y 10, pasajeros comerciales por aeropuerto","SIAC ANAC Argentina - Tablas 12 y 13, movimientos comerciales por aeropuerto"
Argentina,AFA,SAMR,Aeropuerto Suboficial Ay Santiago Germano,2004,,,,,17460,4,,,17464,,,,,628,1,,,629,12,12,12 meses pasajeros / 12 meses movimientos,"SIAC ANAC Argentina - Tablas 9 y 10, pasajeros comerciales por aeropuerto","SIAC ANAC Argentina - Tablas 12 y 13, movimientos comerciales por aeropuerto"
Argentina,AFA,SAMR,Aeropuerto Suboficial Ay Santiago Germano,2005,,,,,19998,0,,,19998,,,,,681,0,,,681,12,12,12 meses pasajeros / 12 meses movimientos,"SIAC ANAC Argentina - Tablas 9 y 10, pasajeros comerciales por aeropuerto","SIAC ANAC Argentina - Tablas 12 y 13, movimientos comerciales por aeropuerto"
Argentina,AFA,SAMR,Aeropuerto Suboficial Ay Santiago Germano,2006,,,,,21351,0,,,21351,,,,,636,0,,,636,12,12,12 meses pasajeros / 12 meses movimientos,"SIAC ANAC Argentina - Tablas 9 y 10, pasajeros comerciales por aeropuerto","SIAC ANAC Argentina - Tablas 12 y 13, movimientos comerciales por aeropuerto"
Argentina,AFA,SAMR,Aeropuerto Suboficial Ay Santiago Germano,2007,,,,,15252,0,,,15252,,,,,461,0,,,461,12,12,12 meses pasajeros / 12 meses movimientos,"SIAC ANAC Argentina - Tablas 9 y 10, pasajeros comerciales por aeropuerto","SIAC ANAC Argentina - Tablas 12 y 13, movimientos comerciales por aeropuerto"
Argentina,AFA,SAMR,Aeropuerto Suboficial Ay Santiago Germano,2008,,,,,11951,0,,,11951,,,,,383,0,,,383,12,12,12 meses pasajeros / 12 meses movimientos,"SIAC ANAC Argentina - Tablas 9 y 10, pasajeros comerciales por aeropuerto","SIAC ANAC Argentina - Tablas 12 y 13, movimientos comerciales por aeropuerto"
Argentina,AFA,SAMR,Aeropuerto Suboficial Ay Santiago Germano,2009,,,,,17312,0,,,17312,,,,,578,0,,,578,12,12,12 meses pasajeros / 12 meses movimientos,"SIAC ANAC Argentina - Tablas 9 y 10, pasajeros comerciales por aeropuerto","SIAC ANAC Argentina - Tablas 12 y 13, movimientos comerciales por aeropuerto"
Argentina,AFA,SAMR,Aeropuerto Suboficial Ay Santiago Germano,2010,,,,,16018,0,,,16018,,,,,405,0,,,405,12,12,12 meses pasajeros / 12 meses movimientos,"SIAC ANAC Argentina - Tablas 9 y 10, pasajeros comerciales por aeropuerto","SIAC ANAC Argentina - Tablas 12 y 13, movimientos comerciales por aeropuerto"
Argentina,AFA,SAMR,Aeropuerto Suboficial Ay Santiago Germano,2011,,,,,14051,0,,,14051,,,,,264,0,,,264,12,12,12 meses pasajeros / 12 meses movimientos,"SIAC ANAC Argentina - Tablas 9 y 10, pasajeros comerciales por aeropuerto","SIAC ANAC Argentina - Tablas 12 y 13, movimientos comerciales por aeropuerto"
Argentina,AFA,SAMR,Aeropuerto Suboficial Ay Santiago Germano,2012,,,,,22106,0,,,22106,,,,,605,0,,,605,12,12,12 meses pasajeros / 12 meses movimientos,"SIAC ANAC Argentina - Tablas 9 y 10, pasajeros comerciales por aeropuerto","SIAC ANAC Argentina - Tablas 12 y 13, movimientos comerciales por aeropuerto"
Argentina,AFA,SAMR,Aeropuerto Suboficial Ay Santiago Germano,2013,,,,,31955,0,,,31955,,,,,713,0,,,713,12,12,12 meses pasajeros / 12 meses movimientos,"SIAC ANAC Argentina - Tablas 9 y 10, pasajeros comerciales por aeropuerto","SIAC ANAC Argentina - Tablas 12 y 13, movimientos comerciales por aeropuerto"
Argentina,AFA,SAMR,Aeropuerto Suboficial Ay Santiago Germano,2014,,,,,36720,0,,,36720,,,,,717,0,,,717,12,12,12 meses pasajeros / 12 meses movimientos,"SIAC ANAC Argentina - Tablas 9 y 10, pasajeros comerciales por aeropuerto","SIAC ANAC Argentina - Tablas 12 y 13, movimientos comerciales por aeropuerto"
Argentina,AFA,SAMR,Aeropuerto Suboficial Ay Santiago Germano,2015,,,,,41579,0,,,41579,,,,,712,0,,,712,12,12,12 meses pasajeros / 12 meses movimientos,"SIAC ANAC Argentina - Tablas 9 y 10, pasajeros comerciales por aeropuerto","SIAC ANAC Argentina - Tablas 12 y 13, movimientos comerciales por aeropuerto"
Argentina,AFA,SAMR,Aeropuerto Suboficial Ay Santiago Germano,2016,,,,,56188,0,,,56188,,,,,882,0,,,882,12,12,12 meses pasajeros / 12 meses movimientos,"SIAC ANAC Argentina - Tablas 9 y 10, pasajeros comerciales por aeropuerto","SIAC ANAC Argentina - Tablas 12 y 13, movimientos comerciales por aeropuerto"
Argentina,AFA,SAMR,Aeropuerto Suboficial Ay Santiago Germano,2017,,,,,53530,0,,,53530,,,,,761,0,,,761,12,12,12 meses pasajeros / 12 meses movimientos,"SIAC ANAC Argentina - Tablas 9 y 10, pasajeros comerciales por aeropuerto","SIAC ANAC Argentina - Tablas 12 y 13, movimientos comerciales por aeropuerto"
Argentina,AFA,SAMR,Aeropuerto Suboficial Ay Santiago Germano,2018,,,,,51695,0,,,51695,,,,,731,0,,,731,12,12,12 meses pasajeros / 12 meses movimientos,"SIAC ANAC Argentina - Tablas 9 y 10, pasajeros comerciales por aeropuerto","SIAC ANAC Argentina - Tablas 12 y 13, movimientos comerciales por aeropuerto"
Argentina,AFA,SAMR,Aeropuerto Suboficial Ay Santiago Germano,2019,,,,,53370,0,,,53370,,,,,710,0,,,710,12,12,12 meses pasajeros / 12 meses movimientos,"SIAC ANAC Argentina - Tablas 9 y 10, pasajeros comerciales por aeropuerto","SIAC ANAC Argentina - Tablas 12 y 13, movimientos comerciales por aeropuerto"
Argentina,AFA,SAMR,Aeropuerto Suboficial Ay Santiago Germano,2020,,,,,11967,0,,,11967,,,,,212,0,,,212,12,12,12 meses pasajeros / 12 meses movimientos,"SIAC ANAC Argentina - Tablas 9 y 10, pasajeros comerciales por aeropuerto","SIAC ANAC Argentina - Tablas 12 y 13, movimientos comerciales por aeropuerto"
Argentina,AFA,SAMR,Aeropuerto Suboficial Ay Santiago Germano,2021,,,,,21886,0,,,21886,,,,,371,0,,,371,12,12,12 meses pasajeros / 12 meses movimientos,"SIAC ANAC Argentina - Tablas 9 y 10, pasajeros comerciales por aeropuerto","SIAC ANAC Argentina - Tablas 12 y 13, movimientos comerciales por aeropuerto"
Argentina,AFA,SAMR,Aeropuerto Suboficial Ay Santiago Germano,2022,,,,,51555,0,,,51555,,,,,799,0,,,799,12,12,12 meses pasajeros / 12 meses movimientos,"SIAC ANAC Argentina - Tablas 9 y 10, pasajeros comerciales por aeropuerto","SIAC ANAC Argentina - Tablas 12 y 13, movimientos comerciales por aeropuerto"
Argentina,AFA,SAMR,Aeropuerto Suboficial Ay Santiago Germano,2023,,,,,43248,0,,,43248,,,,,772,0,,,772,12,12,12 meses pasajeros / 12 meses movimientos,"SIAC ANAC Argentina - Tablas 9 y 10, pasajeros comerciales por aeropuerto","SIAC ANAC Argentina - Tablas 12 y 13, movimientos comerciales por aeropuerto"
Argentina,AFA,SAMR,Aeropuerto Suboficial Ay Santiago Germano,2024,,,,,48291,0,,,48291,,,,,1289,0,,,1289,12,12,12 meses pasajeros / 12 meses movimientos,"SIAC ANAC Argentina - Tablas 9 y 10, pasajeros comerciales por aeropuerto","SIAC ANAC Argentina - Tablas 12 y 13, movimientos comerciales por aeropuerto"
Argentina,AFA,SAMR,Aeropuerto Suboficial Ay Santiago Germano,2025,,,,,49404,0,,,49404,,,,,662,0,,,662,12,12,12 meses pasajeros / 12 meses movimientos,"SIAC ANAC Argentina - Tablas 9 y 10, pasajeros comerciales por aeropuerto","SIAC ANAC Argentina - Tablas 12 y 13, movimientos comerciales por aeropuerto"
Argentina,AFA,SAMR,Aeropuerto Suboficial Ay Santiago Germano,2026,,,,,22051,180,,,22231,,,,,280,1,,,281,6,6,6 meses pasajeros / 6 meses movimientos,"SIAC ANAC Argentina - Tablas 9 y 10, pasajeros comerciales por aeropuerto","SIAC ANAC Argentina - Tablas 12 y 13, movimientos comerciales por aeropuerto"
Argentina,AOL,,Paso de los Libres,2001,,,,,1694,28,,,1722,,,,,374,9,,,383,12,12,12 meses pasajeros / 12 meses movimientos,"SIAC ANAC Argentina - Tablas 9 y 10, pasajeros comerciales por aeropuerto","SIAC ANAC Argentina - Tablas 12 y 13, movimientos comerciales por aeropuerto"
Argentina,AOL,,Paso de los Libres,2002,,,,,0,0,,,0,,,,,0,0,,,0,12,12,12 meses pasajeros / 12 meses movimientos,"SIAC ANAC Argentina - Tablas 9 y 10, pasajeros comerciales por aeropuerto","SIAC ANAC Argentina - Tablas 12 y 13, movimientos comerciales por aeropuerto"
Argentina,AOL,,Paso de los Libres,2003,,,,,150,13,,,163,,,,,63,4,,,67,12,12,12 meses pasajeros / 12 meses movimientos,"SIAC ANAC Argentina - Tablas 9 y 10, pasajeros comerciales por aeropuerto","SIAC ANAC Argentina - Tablas 12 y 13, movimientos comerciales por aeropuerto"
Argentina,AOL,,Paso de los Libres,2004,,,,,115,9,,,124,,,,,25,3,,,28,12,12,12 meses pasajeros / 12 meses movimientos,"SIAC ANAC Argentina - Tablas 9 y 10, pasajeros comerciales por aeropuerto","SIAC ANAC Argentina - Tablas 12 y 13, movimientos comerciales por aeropuerto"
Argentina,AOL,,Paso de los Libres,2005,,,,,112,0,,,112,,,,,25,0,,,25,12,12,12 meses pasajeros / 12 meses movimientos,"SIAC ANAC Argentina - Tablas 9 y 10, pasajeros comerciales por aeropuerto","SIAC ANAC Argentina - Tablas 12 y 13, movimientos comerciales por aeropuerto"
Argentina,AOL,,Paso de los Libres,2006,,,,,73,0,,,73,,,,,25,0,,,25,12,12,12 meses pasajeros / 12 meses movimientos,"SIAC ANAC Argentina - Tablas 9 y 10, pasajeros comerciales por aeropuerto","SIAC ANAC Argentina - Tablas 12 y 13, movimientos comerciales por aeropuerto"
Argentina,AOL,,Paso de los Libres,2007,,,,,84,7,,,91,,,,,23,5,,,28,12,12,12 meses pasajeros / 12 meses movimientos,"SIAC ANAC Argentina - Tablas 9 y 10, pasajeros comerciales por aeropuerto","SIAC ANAC Argentina - Tablas 12 y 13, movimientos comerciales por aeropuerto"
Argentina,AOL,,Paso de los Libres,2008,,,,,153,0,,,153,,,,,53,0,,,53,12,12,12 meses pasajeros / 12 meses movimientos,"SIAC ANAC Argentina - Tablas 9 y 10, pasajeros comerciales por aeropuerto","SIAC ANAC Argentina - Tablas 12 y 13, movimientos comerciales por aeropuerto"
Argentina,AOL,,Paso de los Libres,2009,,,,,280,10,,,290,,,,,106,3,,,109,12,12,12 meses pasajeros / 12 meses movimientos,"SIAC ANAC Argentina - Tablas 9 y 10, pasajeros comerciales por aeropuerto","SIAC ANAC Argentina - Tablas 12 y 13, movimientos comerciales por aeropuerto"
Argentina,AOL,,Paso de los Libres,2010,,,,,65,0,,,65,,,,,28,0,,,28,12,12,12 meses pasajeros / 12 meses movimientos,"SIAC ANAC Argentina - Tablas 9 y 10, pasajeros comerciales por aeropuerto","SIAC ANAC Argentina - Tablas 12 y 13, movimientos comerciales por aeropuerto"
Argentina,AOL,,Paso de los Libres,2011,,,,,30,0,,,30,,,,,7,0,,,7,12,12,12 meses pasajeros / 12 meses movimientos,"SIAC ANAC Argentina - Tablas 9 y 10, pasajeros comerciales por aeropuerto","SIAC ANAC Argentina - Tablas 12 y 13, movimientos comerciales por aeropuerto"
Argentina,AOL,,Paso de los Libres,2012,,,,,0,0,,,0,,,,,0,0,,,0,12,12,12 meses pasajeros / 12 meses movimientos,"SIAC ANAC Argentina - Tablas 9 y 10, pasajeros comerciales por aeropuerto","SIAC ANAC Argentina - Tablas 12 y 13, movimientos comerciales por aeropuerto"
Argentina,AOL,,Paso de los Libres,2013,,,,,0,0,,,0,,,,,0,0,,,0,12,12,12 meses pasajeros / 12 meses movimientos,"SIAC ANAC Argentina - Tablas 9 y 10, pasajeros comerciales por aeropuerto","SIAC ANAC Argentina - Tablas 12 y 13, movimientos comerciales por aeropuerto"
Argentina,AOL,,Paso de los Libres,2014,,,,,0,0,,,0,,,,,0,0,,,0,12,12,12 meses pasajeros / 12 meses movimientos,"SIAC ANAC Argentina - Tablas 9 y 10, pasajeros comerciales por aeropuerto","SIAC ANAC Argentina - Tablas 12 y 13, movimientos comerciales por aeropuerto"
Argentina,AOL,,Paso de los Libres,2015,,,,,0,0,,,0,,,,,0,0,,,0,12,12,12 meses pasajeros / 12 meses movimientos,"SIAC ANAC Argentina - Tablas 9 y 10, pasajeros comerciales por aeropuerto","SIAC ANAC Argentina - Tablas 12 y 13, movimientos comerciales por aeropuerto"
Argentina,AOL,,Paso de los Libres,2016,,,,,0,0,,,0,,,,,0,0,,,0,12,12,12 meses pasajeros / 12 meses movimientos,"SIAC ANAC Argentina - Tablas 9 y 10, pasajeros comerciales por aeropuerto","SIAC ANAC Argentina - Tablas 12 y 13, movimientos comerciales por aeropuerto"
Argentina,AOL,,Paso de los Libres,2017,,,,,0,0,,,0,,,,,0,0,,,0,12,12,12 meses pasajeros / 12 meses movimientos,"SIAC ANAC Argentina - Tablas 9 y 10, pasajeros comerciales por aeropuerto","SIAC ANAC Argentina - Tablas 12 y 13, movimientos comerciales por aeropuerto"
Argentina,AOL,,Paso de los Libres,2018,,,,,0,0,,,0,,,,,0,0,,,0,12,12,12 meses pasajeros / 12 meses movimientos,"SIAC ANAC Argentina - Tablas 9 y 10, pasajeros comerciales por aeropuerto","SIAC ANAC Argentina - Tablas 12 y 13, movimientos comerciales por aeropuerto"
Argentina,AOL,,Paso de los Libres,2019,,,,,0,0,,,0,,,,,0,0,,,0,12,12,12 meses pasajeros / 12 meses movimientos,"SIAC ANAC Argentina - Tablas 9 y 10, pasajeros comerciales por aeropuerto","SIAC ANAC Argentina - Tablas 12 y 13, movimientos comerciales por aeropuerto"
Argentina,AOL,,Paso de los Libres,2020,,,,,0,0,,,0,,,,,0,0,,,0,12,12,12 meses pasajeros / 12 meses movimientos,"SIAC ANAC Argentina - Tablas 9 y 10, pasajeros comerciales por aeropuerto","SIAC ANAC Argentina - Tablas 12 y 13, movimientos comerciales por aeropuerto"
Argentina,AOL,,Paso de los Libres,2021,,,,,0,0,,,0,,,,,0,0,,,0,12,12,12 meses pasajeros / 12 meses movimientos,"SIAC ANAC Argentina - Tablas 9 y 10, pasajeros comerciales por aeropuerto","SIAC ANAC Argentina - Tablas 12 y 13, movimientos comerciales por aeropuerto"
Argentina,AOL,,Paso de los Libres,2022,,,,,0,0,,,0,,,,,0,0,,,0,12,12,12 meses pasajeros / 12 meses movimientos,"SIAC ANAC Argentina - Tablas 9 y 10, pasajeros comerciales por aeropuerto","SIAC ANAC Argentina - Tablas 12 y 13, movimientos comerciales por aeropuerto"
Argentina,AOL,,Paso de los Libres,2023,,,,,0,0,,,0,,,,,0,0,,,0,12,12,12 meses pasajeros / 12 meses movimientos,"SIAC ANAC Argentina - Tablas 9 y 10, pasajeros comerciales por aeropuerto","SIAC ANAC Argentina - Tablas 12 y 13, movimientos comerciales por aeropuerto"
Argentina,AOL,,Paso de los Libres,2024,,,,,0,0,,,0,,,,,0,0,,,0,12,12,12 meses pasajeros / 12 meses movimientos,"SIAC ANAC Argentina - Tablas 9 y 10, pasajeros comerciales por aeropuerto","SIAC ANAC Argentina - Tablas 12 y 13, movimientos comerciales por aeropuerto"
Argentina,AOL,,Paso de los Libres,2025,,,,,0,0,,,0,,,,,0,0,,,0,12,12,12 meses pasajeros / 12 meses movimientos,"SIAC ANAC Argentina - Tablas 9 y 10, pasajeros comerciales por aeropuerto","SIAC ANAC Argentina - Tablas 12 y 13, movimientos comerciales por aeropuerto"
Argentina,AOL,,Paso de los Libres,2026,,,,,0,0,,,0,,,,,0,0,,,0,6,6,6 meses pasajeros / 6 meses movimientos,"SIAC ANAC Argentina - Tablas 9 y 10, pasajeros comerciales por aeropuerto","SIAC ANAC Argentina - Tablas 12 y 13, movimientos comerciales por aeropuerto"
Argentina,BHI,SAZB,Aeropuerto Comandante Espora,2001,,,,,165880,0,,,165880,,,,,4140,0,,,4140,12,12,12 meses pasajeros / 12 meses movimientos,"SIAC ANAC Argentina - Tablas 9 y 10, pasajeros comerciales por aeropuerto","SIAC ANAC Argentina - Tablas 12 y 13, movimientos comerciales por aeropuerto"
Argentina,BHI,SAZB,Aeropuerto Comandante Espora,2002,,,,,141079,0,,,141079,,,,,3349,0,,,3349,12,12,12 meses pasajeros / 12 meses movimientos,"SIAC ANAC Argentina - Tablas 9 y 10, pasajeros comerciales por aeropuerto","SIAC ANAC Argentina - Tablas 12 y 13, movimientos comerciales por aeropuerto"
Argentina,BHI,SAZB,Aeropuerto Comandante Espora,2003,,,,,122613,0,,,122613,,,,,2072,0,,,2072,12,12,12 meses pasajeros / 12 meses movimientos,"SIAC ANAC Argentina - Tablas 9 y 10, pasajeros comerciales por aeropuerto","SIAC ANAC Argentina - Tablas 12 y 13, movimientos comerciales por aeropuerto"
Argentina,BHI,SAZB,Aeropuerto Comandante Espora,2004,,,,,129361,45,,,129406,,,,,2090,10,,,2100,12,12,12 meses pasajeros / 12 meses movimientos,"SIAC ANAC Argentina - Tablas 9 y 10, pasajeros comerciales por aeropuerto","SIAC ANAC Argentina - Tablas 12 y 13, movimientos comerciales por aeropuerto"
Argentina,BHI,SAZB,Aeropuerto Comandante Espora,2005,,,,,130231,66,,,130297,,,,,2009,14,,,2023,12,12,12 meses pasajeros / 12 meses movimientos,"SIAC ANAC Argentina - Tablas 9 y 10, pasajeros comerciales por aeropuerto","SIAC ANAC Argentina - Tablas 12 y 13, movimientos comerciales por aeropuerto"
Argentina,BHI,SAZB,Aeropuerto Comandante Espora,2006,,,,,125424,70,,,125494,,,,,1875,15,,,1890,12,12,12 meses pasajeros / 12 meses movimientos,"SIAC ANAC Argentina - Tablas 9 y 10, pasajeros comerciales por aeropuerto","SIAC ANAC Argentina - Tablas 12 y 13, movimientos comerciales por aeropuerto"
Argentina,BHI,SAZB,Aeropuerto Comandante Espora,2007,,,,,101373,17,,,101390,,,,,1477,5,,,1482,12,12,12 meses pasajeros / 12 meses movimientos,"SIAC ANAC Argentina - Tablas 9 y 10, pasajeros comerciales por aeropuerto","SIAC ANAC Argentina - Tablas 12 y 13, movimientos comerciales por aeropuerto"
Argentina,BHI,SAZB,Aeropuerto Comandante Espora,2008,,,,,81039,36,,,81075,,,,,1052,9,,,1061,12,12,12 meses pasajeros / 12 meses movimientos,"SIAC ANAC Argentina - Tablas 9 y 10, pasajeros comerciales por aeropuerto","SIAC ANAC Argentina - Tablas 12 y 13, movimientos comerciales por aeropuerto"
Argentina,BHI,SAZB,Aeropuerto Comandante Espora,2009,,,,,99348,11,,,99359,,,,,1293,2,,,1295,12,12,12 meses pasajeros / 12 meses movimientos,"SIAC ANAC Argentina - Tablas 9 y 10, pasajeros comerciales por aeropuerto","SIAC ANAC Argentina - Tablas 12 y 13, movimientos comerciales por aeropuerto"
Argentina,BHI,SAZB,Aeropuerto Comandante Espora,2010,,,,,89279,0,,,89279,,,,,1174,0,,,1174,12,12,12 meses pasajeros / 12 meses movimientos,"SIAC ANAC Argentina - Tablas 9 y 10, pasajeros comerciales por aeropuerto","SIAC ANAC Argentina - Tablas 12 y 13, movimientos comerciales por aeropuerto"
Argentina,BHI,SAZB,Aeropuerto Comandante Espora,2011,,,,,137278,0,,,137278,,,,,2008,0,,,2008,12,12,12 meses pasajeros / 12 meses movimientos,"SIAC ANAC Argentina - Tablas 9 y 10, pasajeros comerciales por aeropuerto","SIAC ANAC Argentina - Tablas 12 y 13, movimientos comerciales por aeropuerto"
Argentina,BHI,SAZB,Aeropuerto Comandante Espora,2012,,,,,232421,0,,,232421,,,,,3772,0,,,3772,12,12,12 meses pasajeros / 12 meses movimientos,"SIAC ANAC Argentina - Tablas 9 y 10, pasajeros comerciales por aeropuerto","SIAC ANAC Argentina - Tablas 12 y 13, movimientos comerciales por aeropuerto"
Argentina,BHI,SAZB,Aeropuerto Comandante Espora,2013,,,,,279579,165,,,279744,,,,,4245,1,,,4246,12,12,12 meses pasajeros / 12 meses movimientos,"SIAC ANAC Argentina - Tablas 9 y 10, pasajeros comerciales por aeropuerto","SIAC ANAC Argentina - Tablas 12 y 13, movimientos comerciales por aeropuerto"
Argentina,BHI,SAZB,Aeropuerto Comandante Espora,2014,,,,,229877,0,,,229877,,,,,3534,0,,,3534,12,12,12 meses pasajeros / 12 meses movimientos,"SIAC ANAC Argentina - Tablas 9 y 10, pasajeros comerciales por aeropuerto","SIAC ANAC Argentina - Tablas 12 y 13, movimientos comerciales por aeropuerto"
Argentina,BHI,SAZB,Aeropuerto Comandante Espora,2015,,,,,295200,0,,,295200,,,,,4129,0,,,4129,12,12,12 meses pasajeros / 12 meses movimientos,"SIAC ANAC Argentina - Tablas 9 y 10, pasajeros comerciales por aeropuerto","SIAC ANAC Argentina - Tablas 12 y 13, movimientos comerciales por aeropuerto"
Argentina,BHI,SAZB,Aeropuerto Comandante Espora,2016,,,,,302439,0,,,302439,,,,,3062,0,,,3062,12,12,12 meses pasajeros / 12 meses movimientos,"SIAC ANAC Argentina - Tablas 9 y 10, pasajeros comerciales por aeropuerto","SIAC ANAC Argentina - Tablas 12 y 13, movimientos comerciales por aeropuerto"
Argentina,BHI,SAZB,Aeropuerto Comandante Espora,2017,,,,,393346,0,,,393346,,,,,4822,0,,,4822,12,12,12 meses pasajeros / 12 meses movimientos,"SIAC ANAC Argentina - Tablas 9 y 10, pasajeros comerciales por aeropuerto","SIAC ANAC Argentina - Tablas 12 y 13, movimientos comerciales por aeropuerto"
Argentina,BHI,SAZB,Aeropuerto Comandante Espora,2018,,,,,405007,0,,,405007,,,,,5202,0,,,5202,12,12,12 meses pasajeros / 12 meses movimientos,"SIAC ANAC Argentina - Tablas 9 y 10, pasajeros comerciales por aeropuerto","SIAC ANAC Argentina - Tablas 12 y 13, movimientos comerciales por aeropuerto"
Argentina,BHI,SAZB,Aeropuerto Comandante Espora,2019,,,,,328655,0,,,328655,,,,,4013,0,,,4013,12,12,12 meses pasajeros / 12 meses movimientos,"SIAC ANAC Argentina - Tablas 9 y 10, pasajeros comerciales por aeropuerto","SIAC ANAC Argentina - Tablas 12 y 13, movimientos comerciales por aeropuerto"
Argentina,BHI,SAZB,Aeropuerto Comandante Espora,2020,,,,,57780,3,,,57783,,,,,1033,1,,,1034,12,12,12 meses pasajeros / 12 meses movimientos,"SIAC ANAC Argentina - Tablas 9 y 10, pasajeros comerciales por aeropuerto","SIAC ANAC Argentina - Tablas 12 y 13, movimientos comerciales por aeropuerto"
Argentina,BHI,SAZB,Aeropuerto Comandante Espora,2021,,,,,53094,0,,,53094,,,,,1076,0,,,1076,12,12,12 meses pasajeros / 12 meses movimientos,"SIAC ANAC Argentina - Tablas 9 y 10, pasajeros comerciales por aeropuerto","SIAC ANAC Argentina - Tablas 12 y 13, movimientos comerciales por aeropuerto"
Argentina,BHI,SAZB,Aeropuerto Comandante Espora,2022,,,,,193555,5,,,193560,,,,,2173,2,,,2175,12,12,12 meses pasajeros / 12 meses movimientos,"SIAC ANAC Argentina - Tablas 9 y 10, pasajeros comerciales por aeropuerto","SIAC ANAC Argentina - Tablas 12 y 13, movimientos comerciales por aeropuerto"
Argentina,BHI,SAZB,Aeropuerto Comandante Espora,2023,,,,,252474,0,,,252474,,,,,3100,2,,,3102,12,12,12 meses pasajeros / 12 meses movimientos,"SIAC ANAC Argentina - Tablas 9 y 10, pasajeros comerciales por aeropuerto","SIAC ANAC Argentina - Tablas 12 y 13, movimientos comerciales por aeropuerto"
Argentina,BHI,SAZB,Aeropuerto Comandante Espora,2024,,,,,226872,0,,,226872,,,,,2917,1,,,2918,12,12,12 meses pasajeros / 12 meses movimientos,"SIAC ANAC Argentina - Tablas 9 y 10, pasajeros comerciales por aeropuerto","SIAC ANAC Argentina - Tablas 12 y 13, movimientos comerciales por aeropuerto"
Argentina,BHI,SAZB,Aeropuerto Comandante Espora,2025,,,,,235580,19,,,235599,,,,,2874,5,,,2879,12,12,12 meses pasajeros / 12 meses movimientos,"SIAC ANAC Argentina - Tablas 9 y 10, pasajeros comerciales por aeropuerto","SIAC ANAC Argentina - Tablas 12 y 13, movimientos comerciales por aeropuerto"
Argentina,BHI,SAZB,Aeropuerto Comandante Espora,2026,,,,,120157,0,,,120157,,,,,1472,0,,,1472,6,6,6 meses pasajeros / 6 meses movimientos,"SIAC ANAC Argentina - Tablas 9 y 10, pasajeros comerciales por aeropuerto","SIAC ANAC Argentina - Tablas 12 y 13, movimientos comerciales por aeropuerto"
Argentina,BRC,SAZS,Aeropuerto Internacional Teniente Luis Candelaria,2001,,,,,336890,4809,,,341699,,,,,6732,31,,,6763,12,12,12 meses pasajeros / 12 meses movimientos,"SIAC ANAC Argentina - Tablas 9 y 10, pasajeros comerciales por aeropuerto","SIAC ANAC Argentina - Tablas 12 y 13, movimientos comerciales por aeropuerto"
Argentina,BRC,SAZS,Aeropuerto Internacional Teniente Luis Candelaria,2002,,,,,362229,12174,,,374403,,,,,5784,107,,,5891,12,12,12 meses pasajeros / 12 meses movimientos,"SIAC ANAC Argentina - Tablas 9 y 10, pasajeros comerciales por aeropuerto","SIAC ANAC Argentina - Tablas 12 y 13, movimientos comerciales por aeropuerto"
Argentina,BRC,SAZS,Aeropuerto Internacional Teniente Luis Candelaria,2003,,,,,402392,36362,,,438754,,,,,5889,361,,,6250,12,12,12 meses pasajeros / 12 meses movimientos,"SIAC ANAC Argentina - Tablas 9 y 10, pasajeros comerciales por aeropuerto","SIAC ANAC Argentina - Tablas 12 y 13, movimientos comerciales por aeropuerto"
Argentina,BRC,SAZS,Aeropuerto Internacional Teniente Luis Candelaria,2004,,,,,457728,51426,,,509154,,,,,6863,521,,,7384,12,12,12 meses pasajeros / 12 meses movimientos,"SIAC ANAC Argentina - Tablas 9 y 10, pasajeros comerciales por aeropuerto","SIAC ANAC Argentina - Tablas 12 y 13, movimientos comerciales por aeropuerto"
Argentina,BRC,SAZS,Aeropuerto Internacional Teniente Luis Candelaria,2005,,,,,532163,63862,,,596025,,,,,7111,618,,,7729,12,12,12 meses pasajeros / 12 meses movimientos,"SIAC ANAC Argentina - Tablas 9 y 10, pasajeros comerciales por aeropuerto","SIAC ANAC Argentina - Tablas 12 y 13, movimientos comerciales por aeropuerto"
Argentina,BRC,SAZS,Aeropuerto Internacional Teniente Luis Candelaria,2006,,,,,560559,71677,,,632236,,,,,6778,726,,,7504,12,12,12 meses pasajeros / 12 meses movimientos,"SIAC ANAC Argentina - Tablas 9 y 10, pasajeros comerciales por aeropuerto","SIAC ANAC Argentina - Tablas 12 y 13, movimientos comerciales por aeropuerto"
Argentina,BRC,SAZS,Aeropuerto Internacional Teniente Luis Candelaria,2007,,,,,591061,71987,,,663048,,,,,6416,631,,,7047,12,12,12 meses pasajeros / 12 meses movimientos,"SIAC ANAC Argentina - Tablas 9 y 10, pasajeros comerciales por aeropuerto","SIAC ANAC Argentina - Tablas 12 y 13, movimientos comerciales por aeropuerto"
Argentina,BRC,SAZS,Aeropuerto Internacional Teniente Luis Candelaria,2008,,,,,583051,63160,,,646211,,,,,6230,544,,,6774,12,12,12 meses pasajeros / 12 meses movimientos,"SIAC ANAC Argentina - Tablas 9 y 10, pasajeros comerciales por aeropuerto","SIAC ANAC Argentina - Tablas 12 y 13, movimientos comerciales por aeropuerto"
Argentina,BRC,SAZS,Aeropuerto Internacional Teniente Luis Candelaria,2009,,,,,640490,27694,,,668184,,,,,7546,292,,,7838,12,12,12 meses pasajeros / 12 meses movimientos,"SIAC ANAC Argentina - Tablas 9 y 10, pasajeros comerciales por aeropuerto","SIAC ANAC Argentina - Tablas 12 y 13, movimientos comerciales por aeropuerto"
Argentina,BRC,SAZS,Aeropuerto Internacional Teniente Luis Candelaria,2010,,,,,697486,51907,,,749393,,,,,7850,494,,,8344,12,12,12 meses pasajeros / 12 meses movimientos,"SIAC ANAC Argentina - Tablas 9 y 10, pasajeros comerciales por aeropuerto","SIAC ANAC Argentina - Tablas 12 y 13, movimientos comerciales por aeropuerto"
Argentina,BRC,SAZS,Aeropuerto Internacional Teniente Luis Candelaria,2011,,,,,269497,3385,,,272882,,,,,3373,69,,,3442,12,12,12 meses pasajeros / 12 meses movimientos,"SIAC ANAC Argentina - Tablas 9 y 10, pasajeros comerciales por aeropuerto","SIAC ANAC Argentina - Tablas 12 y 13, movimientos comerciales por aeropuerto"
Argentina,BRC,SAZS,Aeropuerto Internacional Teniente Luis Candelaria,2012,,,,,569086,16346,,,585432,,,,,6689,176,,,6865,12,12,12 meses pasajeros / 12 meses movimientos,"SIAC ANAC Argentina - Tablas 9 y 10, pasajeros comerciales por aeropuerto","SIAC ANAC Argentina - Tablas 12 y 13, movimientos comerciales por aeropuerto"
Argentina,BRC,SAZS,Aeropuerto Internacional Teniente Luis Candelaria,2013,,,,,756734,13725,,,770459,,,,,8260,178,,,8438,12,12,12 meses pasajeros / 12 meses movimientos,"SIAC ANAC Argentina - Tablas 9 y 10, pasajeros comerciales por aeropuerto","SIAC ANAC Argentina - Tablas 12 y 13, movimientos comerciales por aeropuerto"
Argentina,BRC,SAZS,Aeropuerto Internacional Teniente Luis Candelaria,2014,,,,,807402,2640,,,810042,,,,,8065,73,,,8138,12,12,12 meses pasajeros / 12 meses movimientos,"SIAC ANAC Argentina - Tablas 9 y 10, pasajeros comerciales por aeropuerto","SIAC ANAC Argentina - Tablas 12 y 13, movimientos comerciales por aeropuerto"
Argentina,BRC,SAZS,Aeropuerto Internacional Teniente Luis Candelaria,2015,,,,,843490,1003,,,844493,,,,,8019,65,,,8084,12,12,12 meses pasajeros / 12 meses movimientos,"SIAC ANAC Argentina - Tablas 9 y 10, pasajeros comerciales por aeropuerto","SIAC ANAC Argentina - Tablas 12 y 13, movimientos comerciales por aeropuerto"
Argentina,BRC,SAZS,Aeropuerto Internacional Teniente Luis Candelaria,2016,,,,,1116480,163,,,1116643,,,,,10192,59,,,10251,12,12,12 meses pasajeros / 12 meses movimientos,"SIAC ANAC Argentina - Tablas 9 y 10, pasajeros comerciales por aeropuerto","SIAC ANAC Argentina - Tablas 12 y 13, movimientos comerciales por aeropuerto"
Argentina,BRC,SAZS,Aeropuerto Internacional Teniente Luis Candelaria,2017,,,,,1265222,9142,,,1274364,,,,,11112,132,,,11244,12,12,12 meses pasajeros / 12 meses movimientos,"SIAC ANAC Argentina - Tablas 9 y 10, pasajeros comerciales por aeropuerto","SIAC ANAC Argentina - Tablas 12 y 13, movimientos comerciales por aeropuerto"
Argentina,BRC,SAZS,Aeropuerto Internacional Teniente Luis Candelaria,2018,,,,,1526385,33738,,,1560123,,,,,12966,277,,,13243,12,12,12 meses pasajeros / 12 meses movimientos,"SIAC ANAC Argentina - Tablas 9 y 10, pasajeros comerciales por aeropuerto","SIAC ANAC Argentina - Tablas 12 y 13, movimientos comerciales por aeropuerto"
Argentina,BRC,SAZS,Aeropuerto Internacional Teniente Luis Candelaria,2019,,,,,1810601,38332,,,1848933,,,,,13721,299,,,14020,12,12,12 meses pasajeros / 12 meses movimientos,"SIAC ANAC Argentina - Tablas 9 y 10, pasajeros comerciales por aeropuerto","SIAC ANAC Argentina - Tablas 12 y 13, movimientos comerciales por aeropuerto"
Argentina,BRC,SAZS,Aeropuerto Internacional Teniente Luis Candelaria,2020,,,,,469788,3168,,,472956,,,,,4004,47,,,4051,12,12,12 meses pasajeros / 12 meses movimientos,"SIAC ANAC Argentina - Tablas 9 y 10, pasajeros comerciales por aeropuerto","SIAC ANAC Argentina - Tablas 12 y 13, movimientos comerciales por aeropuerto"
Argentina,BRC,SAZS,Aeropuerto Internacional Teniente Luis Candelaria,2021,,,,,1110440,64,,,1110504,,,,,8995,8,,,9003,12,12,12 meses pasajeros / 12 meses movimientos,"SIAC ANAC Argentina - Tablas 9 y 10, pasajeros comerciales por aeropuerto","SIAC ANAC Argentina - Tablas 12 y 13, movimientos comerciales por aeropuerto"
Argentina,BRC,SAZS,Aeropuerto Internacional Teniente Luis Candelaria,2022,,,,,1957789,20245,,,1978034,,,,,13793,220,,,14013,12,12,12 meses pasajeros / 12 meses movimientos,"SIAC ANAC Argentina - Tablas 9 y 10, pasajeros comerciales por aeropuerto","SIAC ANAC Argentina - Tablas 12 y 13, movimientos comerciales por aeropuerto"
Argentina,BRC,SAZS,Aeropuerto Internacional Teniente Luis Candelaria,2023,,,,,2478197,60041,,,2538238,,,,,16886,476,,,17362,12,12,12 meses pasajeros / 12 meses movimientos,"SIAC ANAC Argentina - Tablas 9 y 10, pasajeros comerciales por aeropuerto","SIAC ANAC Argentina - Tablas 12 y 13, movimientos comerciales por aeropuerto"
Argentina,BRC,SAZS,Aeropuerto Internacional Teniente Luis Candelaria,2024,,,,,2274635,93727,,,2368362,,,,,15122,700,,,15822,12,12,12 meses pasajeros / 12 meses movimientos,"SIAC ANAC Argentina - Tablas 9 y 10, pasajeros comerciales por aeropuerto","SIAC ANAC Argentina - Tablas 12 y 13, movimientos comerciales por aeropuerto"
Argentina,BRC,SAZS,Aeropuerto Internacional Teniente Luis Candelaria,2025,,,,,2431616,140333,,,2571949,,,,,16337,1081,,,17418,12,12,12 meses pasajeros / 12 meses movimientos,"SIAC ANAC Argentina - Tablas 9 y 10, pasajeros comerciales por aeropuerto","SIAC ANAC Argentina - Tablas 12 y 13, movimientos comerciales por aeropuerto"
Argentina,BRC,SAZS,Aeropuerto Internacional Teniente Luis Candelaria,2026,,,,,953625,29731,,,983356,,,,,6157,244,,,6401,6,6,6 meses pasajeros / 6 meses movimientos,"SIAC ANAC Argentina - Tablas 9 y 10, pasajeros comerciales por aeropuerto","SIAC ANAC Argentina - Tablas 12 y 13, movimientos comerciales por aeropuerto"
Argentina,CNQ,SARC,Aeropuerto Corrientes,2001,,,,,67128,30,,,67158,,,,,1568,9,,,1577,12,12,12 meses pasajeros / 12 meses movimientos,"SIAC ANAC Argentina - Tablas 9 y 10, pasajeros comerciales por aeropuerto","SIAC ANAC Argentina - Tablas 12 y 13, movimientos comerciales por aeropuerto"
Argentina,CNQ,SARC,Aeropuerto Corrientes,2002,,,,,52648,0,,,52648,,,,,1255,0,,,1255,12,12,12 meses pasajeros / 12 meses movimientos,"SIAC ANAC Argentina - Tablas 9 y 10, pasajeros comerciales por aeropuerto","SIAC ANAC Argentina - Tablas 12 y 13, movimientos comerciales por aeropuerto"
Argentina,CNQ,SARC,Aeropuerto Corrientes,2003,,,,,47740,0,,,47740,,,,,927,0,,,927,12,12,12 meses pasajeros / 12 meses movimientos,"SIAC ANAC Argentina - Tablas 9 y 10, pasajeros comerciales por aeropuerto","SIAC ANAC Argentina - Tablas 12 y 13, movimientos comerciales por aeropuerto"
Argentina,CNQ,SARC,Aeropuerto Corrientes,2004,,,,,38188,4,,,38192,,,,,896,2,,,898,12,12,12 meses pasajeros / 12 meses movimientos,"SIAC ANAC Argentina - Tablas 9 y 10, pasajeros comerciales por aeropuerto","SIAC ANAC Argentina - Tablas 12 y 13, movimientos comerciales por aeropuerto"
Argentina,CNQ,SARC,Aeropuerto Corrientes,2005,,,,,41021,5,,,41026,,,,,874,1,,,875,12,12,12 meses pasajeros / 12 meses movimientos,"SIAC ANAC Argentina - Tablas 9 y 10, pasajeros comerciales por aeropuerto","SIAC ANAC Argentina - Tablas 12 y 13, movimientos comerciales por aeropuerto"
Argentina,CNQ,SARC,Aeropuerto Corrientes,2006,,,,,41084,0,,,41084,,,,,919,0,,,919,12,12,12 meses pasajeros / 12 meses movimientos,"SIAC ANAC Argentina - Tablas 9 y 10, pasajeros comerciales por aeropuerto","SIAC ANAC Argentina - Tablas 12 y 13, movimientos comerciales por aeropuerto"
Argentina,CNQ,SARC,Aeropuerto Corrientes,2007,,,,,40220,407,,,40627,,,,,918,72,,,990,12,12,12 meses pasajeros / 12 meses movimientos,"SIAC ANAC Argentina - Tablas 9 y 10, pasajeros comerciales por aeropuerto","SIAC ANAC Argentina - Tablas 12 y 13, movimientos comerciales por aeropuerto"
Argentina,CNQ,SARC,Aeropuerto Corrientes,2008,,,,,40729,543,,,41272,,,,,754,224,,,978,12,12,12 meses pasajeros / 12 meses movimientos,"SIAC ANAC Argentina - Tablas 9 y 10, pasajeros comerciales por aeropuerto","SIAC ANAC Argentina - Tablas 12 y 13, movimientos comerciales por aeropuerto"
Argentina,CNQ,SARC,Aeropuerto Corrientes,2009,,,,,24316,72,,,24388,,,,,490,40,,,530,12,12,12 meses pasajeros / 12 meses movimientos,"SIAC ANAC Argentina - Tablas 9 y 10, pasajeros comerciales por aeropuerto","SIAC ANAC Argentina - Tablas 12 y 13, movimientos comerciales por aeropuerto"
Argentina,CNQ,SARC,Aeropuerto Corrientes,2010,,,,,39303,64,,,39367,,,,,507,1,,,508,12,12,12 meses pasajeros / 12 meses movimientos,"SIAC ANAC Argentina - Tablas 9 y 10, pasajeros comerciales por aeropuerto","SIAC ANAC Argentina - Tablas 12 y 13, movimientos comerciales por aeropuerto"
Argentina,CNQ,SARC,Aeropuerto Corrientes,2011,,,,,54563,13,,,54576,,,,,735,3,,,738,12,12,12 meses pasajeros / 12 meses movimientos,"SIAC ANAC Argentina - Tablas 9 y 10, pasajeros comerciales por aeropuerto","SIAC ANAC Argentina - Tablas 12 y 13, movimientos comerciales por aeropuerto"
Argentina,CNQ,SARC,Aeropuerto Corrientes,2012,,,,,50281,4,,,50285,,,,,741,1,,,742,12,12,12 meses pasajeros / 12 meses movimientos,"SIAC ANAC Argentina - Tablas 9 y 10, pasajeros comerciales por aeropuerto","SIAC ANAC Argentina - Tablas 12 y 13, movimientos comerciales por aeropuerto"
Argentina,CNQ,SARC,Aeropuerto Corrientes,2013,,,,,57515,14,,,57529,,,,,632,3,,,635,12,12,12 meses pasajeros / 12 meses movimientos,"SIAC ANAC Argentina - Tablas 9 y 10, pasajeros comerciales por aeropuerto","SIAC ANAC Argentina - Tablas 12 y 13, movimientos comerciales por aeropuerto"
Argentina,CNQ,SARC,Aeropuerto Corrientes,2014,,,,,14498,3,,,14501,,,,,173,1,,,174,12,12,12 meses pasajeros / 12 meses movimientos,"SIAC ANAC Argentina - Tablas 9 y 10, pasajeros comerciales por aeropuerto","SIAC ANAC Argentina - Tablas 12 y 13, movimientos comerciales por aeropuerto"
Argentina,CNQ,SARC,Aeropuerto Corrientes,2015,,,,,18046,14,,,18060,,,,,256,4,,,260,12,12,12 meses pasajeros / 12 meses movimientos,"SIAC ANAC Argentina - Tablas 9 y 10, pasajeros comerciales por aeropuerto","SIAC ANAC Argentina - Tablas 12 y 13, movimientos comerciales por aeropuerto"
Argentina,CNQ,SARC,Aeropuerto Corrientes,2016,,,,,67525,0,,,67525,,,,,809,0,,,809,12,12,12 meses pasajeros / 12 meses movimientos,"SIAC ANAC Argentina - Tablas 9 y 10, pasajeros comerciales por aeropuerto","SIAC ANAC Argentina - Tablas 12 y 13, movimientos comerciales por aeropuerto"
Argentina,CNQ,SARC,Aeropuerto Corrientes,2017,,,,,95808,26,,,95834,,,,,1188,4,,,1192,12,12,12 meses pasajeros / 12 meses movimientos,"SIAC ANAC Argentina - Tablas 9 y 10, pasajeros comerciales por aeropuerto","SIAC ANAC Argentina - Tablas 12 y 13, movimientos comerciales por aeropuerto"
Argentina,CNQ,SARC,Aeropuerto Corrientes,2018,,,,,156432,40,,,156472,,,,,1622,7,,,1629,12,12,12 meses pasajeros / 12 meses movimientos,"SIAC ANAC Argentina - Tablas 9 y 10, pasajeros comerciales por aeropuerto","SIAC ANAC Argentina - Tablas 12 y 13, movimientos comerciales por aeropuerto"
Argentina,CNQ,SARC,Aeropuerto Corrientes,2019,,,,,199703,6,,,199709,,,,,1773,5,,,1778,12,12,12 meses pasajeros / 12 meses movimientos,"SIAC ANAC Argentina - Tablas 9 y 10, pasajeros comerciales por aeropuerto","SIAC ANAC Argentina - Tablas 12 y 13, movimientos comerciales por aeropuerto"
Argentina,CNQ,SARC,Aeropuerto Corrientes,2020,,,,,33461,0,,,33461,,,,,333,0,,,333,12,12,12 meses pasajeros / 12 meses movimientos,"SIAC ANAC Argentina - Tablas 9 y 10, pasajeros comerciales por aeropuerto","SIAC ANAC Argentina - Tablas 12 y 13, movimientos comerciales por aeropuerto"
Argentina,CNQ,SARC,Aeropuerto Corrientes,2021,,,,,94290,0,,,94290,,,,,891,0,,,891,12,12,12 meses pasajeros / 12 meses movimientos,"SIAC ANAC Argentina - Tablas 9 y 10, pasajeros comerciales por aeropuerto","SIAC ANAC Argentina - Tablas 12 y 13, movimientos comerciales por aeropuerto"
Argentina,CNQ,SARC,Aeropuerto Corrientes,2022,,,,,202067,17,,,202084,,,,,1587,6,,,1593,12,12,12 meses pasajeros / 12 meses movimientos,"SIAC ANAC Argentina - Tablas 9 y 10, pasajeros comerciales por aeropuerto","SIAC ANAC Argentina - Tablas 12 y 13, movimientos comerciales por aeropuerto"
Argentina,CNQ,SARC,Aeropuerto Corrientes,2023,,,,,307762,32,,,307794,,,,,2545,14,,,2559,12,12,12 meses pasajeros / 12 meses movimientos,"SIAC ANAC Argentina - Tablas 9 y 10, pasajeros comerciales por aeropuerto","SIAC ANAC Argentina - Tablas 12 y 13, movimientos comerciales por aeropuerto"
Argentina,CNQ,SARC,Aeropuerto Corrientes,2024,,,,,186733,29,,,186762,,,,,1640,12,,,1652,12,12,12 meses pasajeros / 12 meses movimientos,"SIAC ANAC Argentina - Tablas 9 y 10, pasajeros comerciales por aeropuerto","SIAC ANAC Argentina - Tablas 12 y 13, movimientos comerciales por aeropuerto"
Argentina,CNQ,SARC,Aeropuerto Corrientes,2025,,,,,216922,31,,,216953,,,,,1903,9,,,1912,12,12,12 meses pasajeros / 12 meses movimientos,"SIAC ANAC Argentina - Tablas 9 y 10, pasajeros comerciales por aeropuerto","SIAC ANAC Argentina - Tablas 12 y 13, movimientos comerciales por aeropuerto"
Argentina,CNQ,SARC,Aeropuerto Corrientes,2026,,,,,82831,0,,,82831,,,,,838,1,,,839,6,6,6 meses pasajeros / 6 meses movimientos,"SIAC ANAC Argentina - Tablas 9 y 10, pasajeros comerciales por aeropuerto","SIAC ANAC Argentina - Tablas 12 y 13, movimientos comerciales por aeropuerto"
Argentina,COC,,Concordia,2001,,,,,0,0,,,0,,,,,0,0,,,0,12,12,12 meses pasajeros / 12 meses movimientos,"SIAC ANAC Argentina - Tablas 9 y 10, pasajeros comerciales por aeropuerto","SIAC ANAC Argentina - Tablas 12 y 13, movimientos comerciales por aeropuerto"
Argentina,COC,,Concordia,2002,,,,,767,0,,,767,,,,,54,0,,,54,12,12,12 meses pasajeros / 12 meses movimientos,"SIAC ANAC Argentina - Tablas 9 y 10, pasajeros comerciales por aeropuerto","SIAC ANAC Argentina - Tablas 12 y 13, movimientos comerciales por aeropuerto"
Argentina,COC,,Concordia,2003,,,,,98,0,,,98,,,,,34,0,,,34,12,12,12 meses pasajeros / 12 meses movimientos,"SIAC ANAC Argentina - Tablas 9 y 10, pasajeros comerciales por aeropuerto","SIAC ANAC Argentina - Tablas 12 y 13, movimientos comerciales por aeropuerto"
Argentina,COC,,Concordia,2004,,,,,137,0,,,137,,,,,34,0,,,34,12,12,12 meses pasajeros / 12 meses movimientos,"SIAC ANAC Argentina - Tablas 9 y 10, pasajeros comerciales por aeropuerto","SIAC ANAC Argentina - Tablas 12 y 13, movimientos comerciales por aeropuerto"
Argentina,COC,,Concordia,2005,,,,,129,0,,,129,,,,,34,0,,,34,12,12,12 meses pasajeros / 12 meses movimientos,"SIAC ANAC Argentina - Tablas 9 y 10, pasajeros comerciales por aeropuerto","SIAC ANAC Argentina - Tablas 12 y 13, movimientos comerciales por aeropuerto"
Argentina,COC,,Concordia,2006,,,,,808,11,,,819,,,,,170,2,,,172,12,12,12 meses pasajeros / 12 meses movimientos,"SIAC ANAC Argentina - Tablas 9 y 10, pasajeros comerciales por aeropuerto","SIAC ANAC Argentina - Tablas 12 y 13, movimientos comerciales por aeropuerto"
Argentina,COC,,Concordia,2007,,,,,192,0,,,192,,,,,58,0,,,58,12,12,12 meses pasajeros / 12 meses movimientos,"SIAC ANAC Argentina - Tablas 9 y 10, pasajeros comerciales por aeropuerto","SIAC ANAC Argentina - Tablas 12 y 13, movimientos comerciales por aeropuerto"
Argentina,COC,,Concordia,2008,,,,,41,0,,,41,,,,,11,0,,,11,12,12,12 meses pasajeros / 12 meses movimientos,"SIAC ANAC Argentina - Tablas 9 y 10, pasajeros comerciales por aeropuerto","SIAC ANAC Argentina - Tablas 12 y 13, movimientos comerciales por aeropuerto"
Argentina,COC,,Concordia,2009,,,,,124,0,,,124,,,,,38,0,,,38,12,12,12 meses pasajeros / 12 meses movimientos,"SIAC ANAC Argentina - Tablas 9 y 10, pasajeros comerciales por aeropuerto","SIAC ANAC Argentina - Tablas 12 y 13, movimientos comerciales por aeropuerto"
Argentina,COC,,Concordia,2010,,,,,0,0,,,0,,,,,0,0,,,0,12,12,12 meses pasajeros / 12 meses movimientos,"SIAC ANAC Argentina - Tablas 9 y 10, pasajeros comerciales por aeropuerto","SIAC ANAC Argentina - Tablas 12 y 13, movimientos comerciales por aeropuerto"
Argentina,COC,,Concordia,2011,,,,,3080,5,,,3085,,,,,602,1,,,603,12,12,12 meses pasajeros / 12 meses movimientos,"SIAC ANAC Argentina - Tablas 9 y 10, pasajeros comerciales por aeropuerto","SIAC ANAC Argentina - Tablas 12 y 13, movimientos comerciales por aeropuerto"
Argentina,COC,,Concordia,2012,,,,,3960,0,,,3960,,,,,804,0,,,804,12,12,12 meses pasajeros / 12 meses movimientos,"SIAC ANAC Argentina - Tablas 9 y 10, pasajeros comerciales por aeropuerto","SIAC ANAC Argentina - Tablas 12 y 13, movimientos comerciales por aeropuerto"
Argentina,COC,,Concordia,2013,,,,,2748,0,,,2748,,,,,729,0,,,729,12,12,12 meses pasajeros / 12 meses movimientos,"SIAC ANAC Argentina - Tablas 9 y 10, pasajeros comerciales por aeropuerto","SIAC ANAC Argentina - Tablas 12 y 13, movimientos comerciales por aeropuerto"
Argentina,COC,,Concordia,2014,,,,,340,0,,,340,,,,,124,0,,,124,12,12,12 meses pasajeros / 12 meses movimientos,"SIAC ANAC Argentina - Tablas 9 y 10, pasajeros comerciales por aeropuerto","SIAC ANAC Argentina - Tablas 12 y 13, movimientos comerciales por aeropuerto"
Argentina,COC,,Concordia,2015,,,,,386,0,,,386,,,,,178,0,,,178,12,12,12 meses pasajeros / 12 meses movimientos,"SIAC ANAC Argentina - Tablas 9 y 10, pasajeros comerciales por aeropuerto","SIAC ANAC Argentina - Tablas 12 y 13, movimientos comerciales por aeropuerto"
Argentina,COC,,Concordia,2016,,,,,223,0,,,223,,,,,59,0,,,59,12,12,12 meses pasajeros / 12 meses movimientos,"SIAC ANAC Argentina - Tablas 9 y 10, pasajeros comerciales por aeropuerto","SIAC ANAC Argentina - Tablas 12 y 13, movimientos comerciales por aeropuerto"
Argentina,COC,,Concordia,2017,,,,,135,0,,,135,,,,,35,0,,,35,12,12,12 meses pasajeros / 12 meses movimientos,"SIAC ANAC Argentina - Tablas 9 y 10, pasajeros comerciales por aeropuerto","SIAC ANAC Argentina - Tablas 12 y 13, movimientos comerciales por aeropuerto"
Argentina,COC,,Concordia,2018,,,,,31,0,,,31,,,,,6,0,,,6,12,12,12 meses pasajeros / 12 meses movimientos,"SIAC ANAC Argentina - Tablas 9 y 10, pasajeros comerciales por aeropuerto","SIAC ANAC Argentina - Tablas 12 y 13, movimientos comerciales por aeropuerto"
Argentina,COC,,Concordia,2019,,,,,113,0,,,113,,,,,36,0,,,36,12,12,12 meses pasajeros / 12 meses movimientos,"SIAC ANAC Argentina - Tablas 9 y 10, pasajeros comerciales por aeropuerto","SIAC ANAC Argentina - Tablas 12 y 13, movimientos comerciales por aeropuerto"
Argentina,COC,,Concordia,2020,,,,,18,0,,,18,,,,,14,0,,,14,12,12,12 meses pasajeros / 12 meses movimientos,"SIAC ANAC Argentina - Tablas 9 y 10, pasajeros comerciales por aeropuerto","SIAC ANAC Argentina - Tablas 12 y 13, movimientos comerciales por aeropuerto"
Argentina,COC,,Concordia,2021,,,,,55,0,,,55,,,,,18,0,,,18,12,12,12 meses pasajeros / 12 meses movimientos,"SIAC ANAC Argentina - Tablas 9 y 10, pasajeros comerciales por aeropuerto","SIAC ANAC Argentina - Tablas 12 y 13, movimientos comerciales por aeropuerto"
Argentina,COC,,Concordia,2022,,,,,91,0,,,91,,,,,22,0,,,22,12,12,12 meses pasajeros / 12 meses movimientos,"SIAC ANAC Argentina - Tablas 9 y 10, pasajeros comerciales por aeropuerto","SIAC ANAC Argentina - Tablas 12 y 13, movimientos comerciales por aeropuerto"
Argentina,COC,,Concordia,2023,,,,,0,0,,,0,,,,,0,0,,,0,12,12,12 meses pasajeros / 12 meses movimientos,"SIAC ANAC Argentina - Tablas 9 y 10, pasajeros comerciales por aeropuerto","SIAC ANAC Argentina - Tablas 12 y 13, movimientos comerciales por aeropuerto"
Argentina,COC,,Concordia,2024,,,,,0,0,,,0,,,,,0,0,,,0,12,12,12 meses pasajeros / 12 meses movimientos,"SIAC ANAC Argentina - Tablas 9 y 10, pasajeros comerciales por aeropuerto","SIAC ANAC Argentina - Tablas 12 y 13, movimientos comerciales por aeropuerto"
Argentina,COC,,Concordia,2025,,,,,174,0,,,174,,,,,28,0,,,28,12,12,12 meses pasajeros / 12 meses movimientos,"SIAC ANAC Argentina - Tablas 9 y 10, pasajeros comerciales por aeropuerto","SIAC ANAC Argentina - Tablas 12 y 13, movimientos comerciales por aeropuerto"
Argentina,COC,,Concordia,2026,,,,,435,3,,,438,,,,,90,1,,,91,6,6,6 meses pasajeros / 6 meses movimientos,"SIAC ANAC Argentina - Tablas 9 y 10, pasajeros comerciales por aeropuerto","SIAC ANAC Argentina - Tablas 12 y 13, movimientos comerciales por aeropuerto"
Argentina,COR,SACO,Aeropuerto Internacional Ingeniero Aeronáutico Ambrosio L.V. Taravella,2001,,,,,1065990,218517,,,1284507,,,,,30919,3202,,,34121,12,12,12 meses pasajeros / 12 meses movimientos,"SIAC ANAC Argentina - Tablas 9 y 10, pasajeros comerciales por aeropuerto","SIAC ANAC Argentina - Tablas 12 y 13, movimientos comerciales por aeropuerto"
Argentina,COR,SACO,Aeropuerto Internacional Ingeniero Aeronáutico Ambrosio L.V. Taravella,2002,,,,,778097,89248,,,867345,,,,,18734,2142,,,20876,12,12,12 meses pasajeros / 12 meses movimientos,"SIAC ANAC Argentina - Tablas 9 y 10, pasajeros comerciales por aeropuerto","SIAC ANAC Argentina - Tablas 12 y 13, movimientos comerciales por aeropuerto"
Argentina,COR,SACO,Aeropuerto Internacional Ingeniero Aeronáutico Ambrosio L.V. Taravella,2003,,,,,754394,98806,,,853200,,,,,13669,1623,,,15292,12,12,12 meses pasajeros / 12 meses movimientos,"SIAC ANAC Argentina - Tablas 9 y 10, pasajeros comerciales por aeropuerto","SIAC ANAC Argentina - Tablas 12 y 13, movimientos comerciales por aeropuerto"
Argentina,COR,SACO,Aeropuerto Internacional Ingeniero Aeronáutico Ambrosio L.V. Taravella,2004,,,,,797970,153038,,,951008,,,,,13688,2570,,,16258,12,12,12 meses pasajeros / 12 meses movimientos,"SIAC ANAC Argentina - Tablas 9 y 10, pasajeros comerciales por aeropuerto","SIAC ANAC Argentina - Tablas 12 y 13, movimientos comerciales por aeropuerto"
Argentina,COR,SACO,Aeropuerto Internacional Ingeniero Aeronáutico Ambrosio L.V. Taravella,2005,,,,,803956,152053,,,956009,,,,,13507,2025,,,15532,12,12,12 meses pasajeros / 12 meses movimientos,"SIAC ANAC Argentina - Tablas 9 y 10, pasajeros comerciales por aeropuerto","SIAC ANAC Argentina - Tablas 12 y 13, movimientos comerciales por aeropuerto"
Argentina,COR,SACO,Aeropuerto Internacional Ingeniero Aeronáutico Ambrosio L.V. Taravella,2006,,,,,760617,157231,,,917848,,,,,10959,1895,,,12854,12,12,12 meses pasajeros / 12 meses movimientos,"SIAC ANAC Argentina - Tablas 9 y 10, pasajeros comerciales por aeropuerto","SIAC ANAC Argentina - Tablas 12 y 13, movimientos comerciales por aeropuerto"
Argentina,COR,SACO,Aeropuerto Internacional Ingeniero Aeronáutico Ambrosio L.V. Taravella,2007,,,,,699717,235230,,,934947,,,,,9329,2680,,,12009,12,12,12 meses pasajeros / 12 meses movimientos,"SIAC ANAC Argentina - Tablas 9 y 10, pasajeros comerciales por aeropuerto","SIAC ANAC Argentina - Tablas 12 y 13, movimientos comerciales por aeropuerto"
Argentina,COR,SACO,Aeropuerto Internacional Ingeniero Aeronáutico Ambrosio L.V. Taravella,2008,,,,,764803,302565,,,1067368,,,,,10638,3171,,,13809,12,12,12 meses pasajeros / 12 meses movimientos,"SIAC ANAC Argentina - Tablas 9 y 10, pasajeros comerciales por aeropuerto","SIAC ANAC Argentina - Tablas 12 y 13, movimientos comerciales por aeropuerto"
Argentina,COR,SACO,Aeropuerto Internacional Ingeniero Aeronáutico Ambrosio L.V. Taravella,2009,,,,,890943,326046,,,1216989,,,,,11848,3509,,,15357,12,12,12 meses pasajeros / 12 meses movimientos,"SIAC ANAC Argentina - Tablas 9 y 10, pasajeros comerciales por aeropuerto","SIAC ANAC Argentina - Tablas 12 y 13, movimientos comerciales por aeropuerto"
Argentina,COR,SACO,Aeropuerto Internacional Ingeniero Aeronáutico Ambrosio L.V. Taravella,2010,,,,,925143,415011,,,1340154,,,,,13707,4088,,,17795,12,12,12 meses pasajeros / 12 meses movimientos,"SIAC ANAC Argentina - Tablas 9 y 10, pasajeros comerciales por aeropuerto","SIAC ANAC Argentina - Tablas 12 y 13, movimientos comerciales por aeropuerto"
Argentina,COR,SACO,Aeropuerto Internacional Ingeniero Aeronáutico Ambrosio L.V. Taravella,2011,,,,,902316,543446,,,1445762,,,,,14347,4597,,,18944,12,12,12 meses pasajeros / 12 meses movimientos,"SIAC ANAC Argentina - Tablas 9 y 10, pasajeros comerciales por aeropuerto","SIAC ANAC Argentina - Tablas 12 y 13, movimientos comerciales por aeropuerto"
Argentina,COR,SACO,Aeropuerto Internacional Ingeniero Aeronáutico Ambrosio L.V. Taravella,2012,,,,,989682,513498,,,1503180,,,,,13554,4390,,,17944,12,12,12 meses pasajeros / 12 meses movimientos,"SIAC ANAC Argentina - Tablas 9 y 10, pasajeros comerciales por aeropuerto","SIAC ANAC Argentina - Tablas 12 y 13, movimientos comerciales por aeropuerto"
Argentina,COR,SACO,Aeropuerto Internacional Ingeniero Aeronáutico Ambrosio L.V. Taravella,2013,,,,,1058356,494612,,,1552968,,,,,12681,3897,,,16578,12,12,12 meses pasajeros / 12 meses movimientos,"SIAC ANAC Argentina - Tablas 9 y 10, pasajeros comerciales por aeropuerto","SIAC ANAC Argentina - Tablas 12 y 13, movimientos comerciales por aeropuerto"
Argentina,COR,SACO,Aeropuerto Internacional Ingeniero Aeronáutico Ambrosio L.V. Taravella,2014,,,,,1165357,487463,,,1652820,,,,,13604,3906,,,17510,12,12,12 meses pasajeros / 12 meses movimientos,"SIAC ANAC Argentina - Tablas 9 y 10, pasajeros comerciales por aeropuerto","SIAC ANAC Argentina - Tablas 12 y 13, movimientos comerciales por aeropuerto"
Argentina,COR,SACO,Aeropuerto Internacional Ingeniero Aeronáutico Ambrosio L.V. Taravella,2015,,,,,1369110,546012,,,1915122,,,,,14705,3946,,,18651,12,12,12 meses pasajeros / 12 meses movimientos,"SIAC ANAC Argentina - Tablas 9 y 10, pasajeros comerciales por aeropuerto","SIAC ANAC Argentina - Tablas 12 y 13, movimientos comerciales por aeropuerto"
Argentina,COR,SACO,Aeropuerto Internacional Ingeniero Aeronáutico Ambrosio L.V. Taravella,2016,,,,,1512128,652585,,,2164713,,,,,16142,4518,,,20660,12,12,12 meses pasajeros / 12 meses movimientos,"SIAC ANAC Argentina - Tablas 9 y 10, pasajeros comerciales por aeropuerto","SIAC ANAC Argentina - Tablas 12 y 13, movimientos comerciales por aeropuerto"
Argentina,COR,SACO,Aeropuerto Internacional Ingeniero Aeronáutico Ambrosio L.V. Taravella,2017,,,,,1937288,916712,,,2854000,,,,,19569,6113,,,25682,12,12,12 meses pasajeros / 12 meses movimientos,"SIAC ANAC Argentina - Tablas 9 y 10, pasajeros comerciales por aeropuerto","SIAC ANAC Argentina - Tablas 12 y 13, movimientos comerciales por aeropuerto"
Argentina,COR,SACO,Aeropuerto Internacional Ingeniero Aeronáutico Ambrosio L.V. Taravella,2018,,,,,2423225,964934,,,3388159,,,,,23307,7634,,,30941,12,12,12 meses pasajeros / 12 meses movimientos,"SIAC ANAC Argentina - Tablas 9 y 10, pasajeros comerciales por aeropuerto","SIAC ANAC Argentina - Tablas 12 y 13, movimientos comerciales por aeropuerto"
Argentina,COR,SACO,Aeropuerto Internacional Ingeniero Aeronáutico Ambrosio L.V. Taravella,2019,,,,,2748283,741408,,,3489691,,,,,24570,5355,,,29925,12,12,12 meses pasajeros / 12 meses movimientos,"SIAC ANAC Argentina - Tablas 9 y 10, pasajeros comerciales por aeropuerto","SIAC ANAC Argentina - Tablas 12 y 13, movimientos comerciales por aeropuerto"
Argentina,COR,SACO,Aeropuerto Internacional Ingeniero Aeronáutico Ambrosio L.V. Taravella,2020,,,,,576168,164902,,,741070,,,,,5599,1254,,,6853,12,12,12 meses pasajeros / 12 meses movimientos,"SIAC ANAC Argentina - Tablas 9 y 10, pasajeros comerciales por aeropuerto","SIAC ANAC Argentina - Tablas 12 y 13, movimientos comerciales por aeropuerto"
Argentina,COR,SACO,Aeropuerto Internacional Ingeniero Aeronáutico Ambrosio L.V. Taravella,2021,,,,,681903,18850,,,700753,,,,,7002,164,,,7166,12,12,12 meses pasajeros / 12 meses movimientos,"SIAC ANAC Argentina - Tablas 9 y 10, pasajeros comerciales por aeropuerto","SIAC ANAC Argentina - Tablas 12 y 13, movimientos comerciales por aeropuerto"
Argentina,COR,SACO,Aeropuerto Internacional Ingeniero Aeronáutico Ambrosio L.V. Taravella,2022,,,,,1775747,321976,,,2097723,,,,,15637,2402,,,18039,12,12,12 meses pasajeros / 12 meses movimientos,"SIAC ANAC Argentina - Tablas 9 y 10, pasajeros comerciales por aeropuerto","SIAC ANAC Argentina - Tablas 12 y 13, movimientos comerciales por aeropuerto"
Argentina,COR,SACO,Aeropuerto Internacional Ingeniero Aeronáutico Ambrosio L.V. Taravella,2023,,,,,2431025,498749,,,2929774,,,,,20107,3627,,,23734,12,12,12 meses pasajeros / 12 meses movimientos,"SIAC ANAC Argentina - Tablas 9 y 10, pasajeros comerciales por aeropuerto","SIAC ANAC Argentina - Tablas 12 y 13, movimientos comerciales por aeropuerto"
Argentina,COR,SACO,Aeropuerto Internacional Ingeniero Aeronáutico Ambrosio L.V. Taravella,2024,,,,,2254474,611885,,,2866359,,,,,19187,4222,,,23409,12,12,12 meses pasajeros / 12 meses movimientos,"SIAC ANAC Argentina - Tablas 9 y 10, pasajeros comerciales por aeropuerto","SIAC ANAC Argentina - Tablas 12 y 13, movimientos comerciales por aeropuerto"
Argentina,COR,SACO,Aeropuerto Internacional Ingeniero Aeronáutico Ambrosio L.V. Taravella,2025,,,,,2322626,942366,,,3264992,,,,,18979,6761,,,25740,12,12,12 meses pasajeros / 12 meses movimientos,"SIAC ANAC Argentina - Tablas 9 y 10, pasajeros comerciales por aeropuerto","SIAC ANAC Argentina - Tablas 12 y 13, movimientos comerciales por aeropuerto"
Argentina,COR,SACO,Aeropuerto Internacional Ingeniero Aeronáutico Ambrosio L.V. Taravella,2026,,,,,1066194,653180,,,1719374,,,,,8388,4599,,,12987,6,6,6 meses pasajeros / 6 meses movimientos,"SIAC ANAC Argentina - Tablas 9 y 10, pasajeros comerciales por aeropuerto","SIAC ANAC Argentina - Tablas 12 y 13, movimientos comerciales por aeropuerto"
Argentina,CPC,SAZY,Aeropuerto Aviador C. Campos,2001,,,,,0,0,,,0,,,,,0,0,,,0,12,12,12 meses pasajeros / 12 meses movimientos,"SIAC ANAC Argentina - Tablas 9 y 10, pasajeros comerciales por aeropuerto","SIAC ANAC Argentina - Tablas 12 y 13, movimientos comerciales por aeropuerto"
Argentina,CPC,SAZY,Aeropuerto Aviador C. Campos,2002,,,,,61856,0,,,61856,,,,,1438,0,,,1438,12,12,12 meses pasajeros / 12 meses movimientos,"SIAC ANAC Argentina - Tablas 9 y 10, pasajeros comerciales por aeropuerto","SIAC ANAC Argentina - Tablas 12 y 13, movimientos comerciales por aeropuerto"
Argentina,CPC,SAZY,Aeropuerto Aviador C. Campos,2003,,,,,47875,7,,,47882,,,,,945,1,,,946,12,12,12 meses pasajeros / 12 meses movimientos,"SIAC ANAC Argentina - Tablas 9 y 10, pasajeros comerciales por aeropuerto","SIAC ANAC Argentina - Tablas 12 y 13, movimientos comerciales por aeropuerto"
Argentina,CPC,SAZY,Aeropuerto Aviador C. Campos,2004,,,,,49044,0,,,49044,,,,,941,0,,,941,12,12,12 meses pasajeros / 12 meses movimientos,"SIAC ANAC Argentina - Tablas 9 y 10, pasajeros comerciales por aeropuerto","SIAC ANAC Argentina - Tablas 12 y 13, movimientos comerciales por aeropuerto"
Argentina,CPC,SAZY,Aeropuerto Aviador C. Campos,2005,,,,,43473,3,,,43476,,,,,889,1,,,890,12,12,12 meses pasajeros / 12 meses movimientos,"SIAC ANAC Argentina - Tablas 9 y 10, pasajeros comerciales por aeropuerto","SIAC ANAC Argentina - Tablas 12 y 13, movimientos comerciales por aeropuerto"
Argentina,CPC,SAZY,Aeropuerto Aviador C. Campos,2006,,,,,35745,18,,,35763,,,,,584,4,,,588,12,12,12 meses pasajeros / 12 meses movimientos,"SIAC ANAC Argentina - Tablas 9 y 10, pasajeros comerciales por aeropuerto","SIAC ANAC Argentina - Tablas 12 y 13, movimientos comerciales por aeropuerto"
Argentina,CPC,SAZY,Aeropuerto Aviador C. Campos,2007,,,,,35108,2,,,35110,,,,,509,1,,,510,12,12,12 meses pasajeros / 12 meses movimientos,"SIAC ANAC Argentina - Tablas 9 y 10, pasajeros comerciales por aeropuerto","SIAC ANAC Argentina - Tablas 12 y 13, movimientos comerciales por aeropuerto"
Argentina,CPC,SAZY,Aeropuerto Aviador C. Campos,2008,,,,,14221,2,,,14223,,,,,251,2,,,253,12,12,12 meses pasajeros / 12 meses movimientos,"SIAC ANAC Argentina - Tablas 9 y 10, pasajeros comerciales por aeropuerto","SIAC ANAC Argentina - Tablas 12 y 13, movimientos comerciales por aeropuerto"
Argentina,CPC,SAZY,Aeropuerto Aviador C. Campos,2009,,,,,7756,0,,,7756,,,,,111,0,,,111,12,12,12 meses pasajeros / 12 meses movimientos,"SIAC ANAC Argentina - Tablas 9 y 10, pasajeros comerciales por aeropuerto","SIAC ANAC Argentina - Tablas 12 y 13, movimientos comerciales por aeropuerto"
Argentina,CPC,SAZY,Aeropuerto Aviador C. Campos,2010,,,,,20587,8,,,20595,,,,,821,2,,,823,12,12,12 meses pasajeros / 12 meses movimientos,"SIAC ANAC Argentina - Tablas 9 y 10, pasajeros comerciales por aeropuerto","SIAC ANAC Argentina - Tablas 12 y 13, movimientos comerciales por aeropuerto"
Argentina,CPC,SAZY,Aeropuerto Aviador C. Campos,2011,,,,,8427,8,,,8435,,,,,407,4,,,411,12,12,12 meses pasajeros / 12 meses movimientos,"SIAC ANAC Argentina - Tablas 9 y 10, pasajeros comerciales por aeropuerto","SIAC ANAC Argentina - Tablas 12 y 13, movimientos comerciales por aeropuerto"
Argentina,CPC,SAZY,Aeropuerto Aviador C. Campos,2012,,,,,20,0,,,20,,,,,3,0,,,3,12,12,12 meses pasajeros / 12 meses movimientos,"SIAC ANAC Argentina - Tablas 9 y 10, pasajeros comerciales por aeropuerto","SIAC ANAC Argentina - Tablas 12 y 13, movimientos comerciales por aeropuerto"
Argentina,CPC,SAZY,Aeropuerto Aviador C. Campos,2013,,,,,25134,2,,,25136,,,,,475,1,,,476,12,12,12 meses pasajeros / 12 meses movimientos,"SIAC ANAC Argentina - Tablas 9 y 10, pasajeros comerciales por aeropuerto","SIAC ANAC Argentina - Tablas 12 y 13, movimientos comerciales por aeropuerto"
Argentina,CPC,SAZY,Aeropuerto Aviador C. Campos,2014,,,,,54166,17,,,54183,,,,,906,7,,,913,12,12,12 meses pasajeros / 12 meses movimientos,"SIAC ANAC Argentina - Tablas 9 y 10, pasajeros comerciales por aeropuerto","SIAC ANAC Argentina - Tablas 12 y 13, movimientos comerciales por aeropuerto"
Argentina,CPC,SAZY,Aeropuerto Aviador C. Campos,2015,,,,,57606,22,,,57628,,,,,795,5,,,800,12,12,12 meses pasajeros / 12 meses movimientos,"SIAC ANAC Argentina - Tablas 9 y 10, pasajeros comerciales por aeropuerto","SIAC ANAC Argentina - Tablas 12 y 13, movimientos comerciales por aeropuerto"
Argentina,CPC,SAZY,Aeropuerto Aviador C. Campos,2016,,,,,79008,22,,,79030,,,,,872,6,,,878,12,12,12 meses pasajeros / 12 meses movimientos,"SIAC ANAC Argentina - Tablas 9 y 10, pasajeros comerciales por aeropuerto","SIAC ANAC Argentina - Tablas 12 y 13, movimientos comerciales por aeropuerto"
Argentina,CPC,SAZY,Aeropuerto Aviador C. Campos,2017,,,,,102906,5,,,102911,,,,,956,1,,,957,12,12,12 meses pasajeros / 12 meses movimientos,"SIAC ANAC Argentina - Tablas 9 y 10, pasajeros comerciales por aeropuerto","SIAC ANAC Argentina - Tablas 12 y 13, movimientos comerciales por aeropuerto"
Argentina,CPC,SAZY,Aeropuerto Aviador C. Campos,2018,,,,,143509,18,,,143527,,,,,1275,5,,,1280,12,12,12 meses pasajeros / 12 meses movimientos,"SIAC ANAC Argentina - Tablas 9 y 10, pasajeros comerciales por aeropuerto","SIAC ANAC Argentina - Tablas 12 y 13, movimientos comerciales por aeropuerto"
Argentina,CPC,SAZY,Aeropuerto Aviador C. Campos,2019,,,,,144763,11,,,144774,,,,,1267,3,,,1270,12,12,12 meses pasajeros / 12 meses movimientos,"SIAC ANAC Argentina - Tablas 9 y 10, pasajeros comerciales por aeropuerto","SIAC ANAC Argentina - Tablas 12 y 13, movimientos comerciales por aeropuerto"
Argentina,CPC,SAZY,Aeropuerto Aviador C. Campos,2020,,,,,31040,14,,,31054,,,,,364,5,,,369,12,12,12 meses pasajeros / 12 meses movimientos,"SIAC ANAC Argentina - Tablas 9 y 10, pasajeros comerciales por aeropuerto","SIAC ANAC Argentina - Tablas 12 y 13, movimientos comerciales por aeropuerto"
Argentina,CPC,SAZY,Aeropuerto Aviador C. Campos,2021,,,,,113117,0,,,113117,,,,,1010,0,,,1010,12,12,12 meses pasajeros / 12 meses movimientos,"SIAC ANAC Argentina - Tablas 9 y 10, pasajeros comerciales por aeropuerto","SIAC ANAC Argentina - Tablas 12 y 13, movimientos comerciales por aeropuerto"
Argentina,CPC,SAZY,Aeropuerto Aviador C. Campos,2022,,,,,195798,2,,,195800,,,,,1522,1,,,1523,12,12,12 meses pasajeros / 12 meses movimientos,"SIAC ANAC Argentina - Tablas 9 y 10, pasajeros comerciales por aeropuerto","SIAC ANAC Argentina - Tablas 12 y 13, movimientos comerciales por aeropuerto"
Argentina,CPC,SAZY,Aeropuerto Aviador C. Campos,2023,,,,,261765,18,,,261783,,,,,2089,3,,,2092,12,12,12 meses pasajeros / 12 meses movimientos,"SIAC ANAC Argentina - Tablas 9 y 10, pasajeros comerciales por aeropuerto","SIAC ANAC Argentina - Tablas 12 y 13, movimientos comerciales por aeropuerto"
Argentina,CPC,SAZY,Aeropuerto Aviador C. Campos,2024,,,,,316292,50,,,316342,,,,,2635,12,,,2647,12,12,12 meses pasajeros / 12 meses movimientos,"SIAC ANAC Argentina - Tablas 9 y 10, pasajeros comerciales por aeropuerto","SIAC ANAC Argentina - Tablas 12 y 13, movimientos comerciales por aeropuerto"
Argentina,CPC,SAZY,Aeropuerto Aviador C. Campos,2025,,,,,347752,107,,,347859,,,,,3322,9,,,3331,12,12,12 meses pasajeros / 12 meses movimientos,"SIAC ANAC Argentina - Tablas 9 y 10, pasajeros comerciales por aeropuerto","SIAC ANAC Argentina - Tablas 12 y 13, movimientos comerciales por aeropuerto"
Argentina,CPC,SAZY,Aeropuerto Aviador C. Campos,2026,,,,,149233,89,,,149322,,,,,1529,5,,,1534,6,6,6 meses pasajeros / 6 meses movimientos,"SIAC ANAC Argentina - Tablas 9 y 10, pasajeros comerciales por aeropuerto","SIAC ANAC Argentina - Tablas 12 y 13, movimientos comerciales por aeropuerto"
Argentina,CRD,SAVC,Aeropuerto Internacional General Enrique Mosconi,2001,,,,,239071,7,,,239078,,,,,8571,9,,,8580,12,12,12 meses pasajeros / 12 meses movimientos,"SIAC ANAC Argentina - Tablas 9 y 10, pasajeros comerciales por aeropuerto","SIAC ANAC Argentina - Tablas 12 y 13, movimientos comerciales por aeropuerto"
Argentina,CRD,SAVC,Aeropuerto Internacional General Enrique Mosconi,2002,,,,,208438,0,,,208438,,,,,6054,1,,,6055,12,12,12 meses pasajeros / 12 meses movimientos,"SIAC ANAC Argentina - Tablas 9 y 10, pasajeros comerciales por aeropuerto","SIAC ANAC Argentina - Tablas 12 y 13, movimientos comerciales por aeropuerto"
Argentina,CRD,SAVC,Aeropuerto Internacional General Enrique Mosconi,2003,,,,,204285,2,,,204287,,,,,4496,1,,,4497,12,12,12 meses pasajeros / 12 meses movimientos,"SIAC ANAC Argentina - Tablas 9 y 10, pasajeros comerciales por aeropuerto","SIAC ANAC Argentina - Tablas 12 y 13, movimientos comerciales por aeropuerto"
Argentina,CRD,SAVC,Aeropuerto Internacional General Enrique Mosconi,2004,,,,,254881,0,,,254881,,,,,6248,1,,,6249,12,12,12 meses pasajeros / 12 meses movimientos,"SIAC ANAC Argentina - Tablas 9 y 10, pasajeros comerciales por aeropuerto","SIAC ANAC Argentina - Tablas 12 y 13, movimientos comerciales por aeropuerto"
Argentina,CRD,SAVC,Aeropuerto Internacional General Enrique Mosconi,2005,,,,,255352,11,,,255363,,,,,5388,5,,,5393,12,12,12 meses pasajeros / 12 meses movimientos,"SIAC ANAC Argentina - Tablas 9 y 10, pasajeros comerciales por aeropuerto","SIAC ANAC Argentina - Tablas 12 y 13, movimientos comerciales por aeropuerto"
Argentina,CRD,SAVC,Aeropuerto Internacional General Enrique Mosconi,2006,,,,,262367,7,,,262374,,,,,4744,6,,,4750,12,12,12 meses pasajeros / 12 meses movimientos,"SIAC ANAC Argentina - Tablas 9 y 10, pasajeros comerciales por aeropuerto","SIAC ANAC Argentina - Tablas 12 y 13, movimientos comerciales por aeropuerto"
Argentina,CRD,SAVC,Aeropuerto Internacional General Enrique Mosconi,2007,,,,,281103,12,,,281115,,,,,4951,7,,,4958,12,12,12 meses pasajeros / 12 meses movimientos,"SIAC ANAC Argentina - Tablas 9 y 10, pasajeros comerciales por aeropuerto","SIAC ANAC Argentina - Tablas 12 y 13, movimientos comerciales por aeropuerto"
Argentina,CRD,SAVC,Aeropuerto Internacional General Enrique Mosconi,2008,,,,,226127,1453,,,227580,,,,,4303,335,,,4638,12,12,12 meses pasajeros / 12 meses movimientos,"SIAC ANAC Argentina - Tablas 9 y 10, pasajeros comerciales por aeropuerto","SIAC ANAC Argentina - Tablas 12 y 13, movimientos comerciales por aeropuerto"
Argentina,CRD,SAVC,Aeropuerto Internacional General Enrique Mosconi,2009,,,,,326880,1336,,,328216,,,,,5771,367,,,6138,12,12,12 meses pasajeros / 12 meses movimientos,"SIAC ANAC Argentina - Tablas 9 y 10, pasajeros comerciales por aeropuerto","SIAC ANAC Argentina - Tablas 12 y 13, movimientos comerciales por aeropuerto"
Argentina,CRD,SAVC,Aeropuerto Internacional General Enrique Mosconi,2010,,,,,374904,16,,,374920,,,,,6408,7,,,6415,12,12,12 meses pasajeros / 12 meses movimientos,"SIAC ANAC Argentina - Tablas 9 y 10, pasajeros comerciales por aeropuerto","SIAC ANAC Argentina - Tablas 12 y 13, movimientos comerciales por aeropuerto"
Argentina,CRD,SAVC,Aeropuerto Internacional General Enrique Mosconi,2011,,,,,288763,17,,,288780,,,,,5133,3,,,5136,12,12,12 meses pasajeros / 12 meses movimientos,"SIAC ANAC Argentina - Tablas 9 y 10, pasajeros comerciales por aeropuerto","SIAC ANAC Argentina - Tablas 12 y 13, movimientos comerciales por aeropuerto"
Argentina,CRD,SAVC,Aeropuerto Internacional General Enrique Mosconi,2012,,,,,394674,0,,,394674,,,,,7036,6,,,7042,12,12,12 meses pasajeros / 12 meses movimientos,"SIAC ANAC Argentina - Tablas 9 y 10, pasajeros comerciales por aeropuerto","SIAC ANAC Argentina - Tablas 12 y 13, movimientos comerciales por aeropuerto"
Argentina,CRD,SAVC,Aeropuerto Internacional General Enrique Mosconi,2013,,,,,470625,6,,,470631,,,,,8369,5,,,8374,12,12,12 meses pasajeros / 12 meses movimientos,"SIAC ANAC Argentina - Tablas 9 y 10, pasajeros comerciales por aeropuerto","SIAC ANAC Argentina - Tablas 12 y 13, movimientos comerciales por aeropuerto"
Argentina,CRD,SAVC,Aeropuerto Internacional General Enrique Mosconi,2014,,,,,514952,5,,,514957,,,,,8118,1,,,8119,12,12,12 meses pasajeros / 12 meses movimientos,"SIAC ANAC Argentina - Tablas 9 y 10, pasajeros comerciales por aeropuerto","SIAC ANAC Argentina - Tablas 12 y 13, movimientos comerciales por aeropuerto"
Argentina,CRD,SAVC,Aeropuerto Internacional General Enrique Mosconi,2015,,,,,565887,16,,,565903,,,,,7622,4,,,7626,12,12,12 meses pasajeros / 12 meses movimientos,"SIAC ANAC Argentina - Tablas 9 y 10, pasajeros comerciales por aeropuerto","SIAC ANAC Argentina - Tablas 12 y 13, movimientos comerciales por aeropuerto"
Argentina,CRD,SAVC,Aeropuerto Internacional General Enrique Mosconi,2016,,,,,561677,0,,,561677,,,,,6902,0,,,6902,12,12,12 meses pasajeros / 12 meses movimientos,"SIAC ANAC Argentina - Tablas 9 y 10, pasajeros comerciales por aeropuerto","SIAC ANAC Argentina - Tablas 12 y 13, movimientos comerciales por aeropuerto"
Argentina,CRD,SAVC,Aeropuerto Internacional General Enrique Mosconi,2017,,,,,618036,0,,,618036,,,,,7350,2,,,7352,12,12,12 meses pasajeros / 12 meses movimientos,"SIAC ANAC Argentina - Tablas 9 y 10, pasajeros comerciales por aeropuerto","SIAC ANAC Argentina - Tablas 12 y 13, movimientos comerciales por aeropuerto"
Argentina,CRD,SAVC,Aeropuerto Internacional General Enrique Mosconi,2018,,,,,673873,326,,,674199,,,,,8486,2,,,8488,12,12,12 meses pasajeros / 12 meses movimientos,"SIAC ANAC Argentina - Tablas 9 y 10, pasajeros comerciales por aeropuerto","SIAC ANAC Argentina - Tablas 12 y 13, movimientos comerciales por aeropuerto"
Argentina,CRD,SAVC,Aeropuerto Internacional General Enrique Mosconi,2019,,,,,644061,375,,,644436,,,,,8040,3,,,8043,12,12,12 meses pasajeros / 12 meses movimientos,"SIAC ANAC Argentina - Tablas 9 y 10, pasajeros comerciales por aeropuerto","SIAC ANAC Argentina - Tablas 12 y 13, movimientos comerciales por aeropuerto"
Argentina,CRD,SAVC,Aeropuerto Internacional General Enrique Mosconi,2020,,,,,134355,0,,,134355,,,,,2816,2,,,2818,12,12,12 meses pasajeros / 12 meses movimientos,"SIAC ANAC Argentina - Tablas 9 y 10, pasajeros comerciales por aeropuerto","SIAC ANAC Argentina - Tablas 12 y 13, movimientos comerciales por aeropuerto"
Argentina,CRD,SAVC,Aeropuerto Internacional General Enrique Mosconi,2021,,,,,178901,0,,,178901,,,,,3464,6,,,3470,12,12,12 meses pasajeros / 12 meses movimientos,"SIAC ANAC Argentina - Tablas 9 y 10, pasajeros comerciales por aeropuerto","SIAC ANAC Argentina - Tablas 12 y 13, movimientos comerciales por aeropuerto"
Argentina,CRD,SAVC,Aeropuerto Internacional General Enrique Mosconi,2022,,,,,447178,12,,,447190,,,,,5189,21,,,5210,12,12,12 meses pasajeros / 12 meses movimientos,"SIAC ANAC Argentina - Tablas 9 y 10, pasajeros comerciales por aeropuerto","SIAC ANAC Argentina - Tablas 12 y 13, movimientos comerciales por aeropuerto"
Argentina,CRD,SAVC,Aeropuerto Internacional General Enrique Mosconi,2023,,,,,566641,25,,,566666,,,,,6200,24,,,6224,12,12,12 meses pasajeros / 12 meses movimientos,"SIAC ANAC Argentina - Tablas 9 y 10, pasajeros comerciales por aeropuerto","SIAC ANAC Argentina - Tablas 12 y 13, movimientos comerciales por aeropuerto"
Argentina,CRD,SAVC,Aeropuerto Internacional General Enrique Mosconi,2024,,,,,535619,15,,,535634,,,,,5777,5,,,5782,12,12,12 meses pasajeros / 12 meses movimientos,"SIAC ANAC Argentina - Tablas 9 y 10, pasajeros comerciales por aeropuerto","SIAC ANAC Argentina - Tablas 12 y 13, movimientos comerciales por aeropuerto"
Argentina,CRD,SAVC,Aeropuerto Internacional General Enrique Mosconi,2025,,,,,574212,0,,,574212,,,,,5918,5,,,5923,12,12,12 meses pasajeros / 12 meses movimientos,"SIAC ANAC Argentina - Tablas 9 y 10, pasajeros comerciales por aeropuerto","SIAC ANAC Argentina - Tablas 12 y 13, movimientos comerciales por aeropuerto"
Argentina,CRD,SAVC,Aeropuerto Internacional General Enrique Mosconi,2026,,,,,253556,280,,,253836,,,,,2597,2,,,2599,6,6,6 meses pasajeros / 6 meses movimientos,"SIAC ANAC Argentina - Tablas 9 y 10, pasajeros comerciales por aeropuerto","SIAC ANAC Argentina - Tablas 12 y 13, movimientos comerciales por aeropuerto"
Argentina,CTC,SANC,Aeropuerto Internacional Coronel Felipe Varela,2001,,,,,31940,0,,,31940,,,,,1585,0,,,1585,12,12,12 meses pasajeros / 12 meses movimientos,"SIAC ANAC Argentina - Tablas 9 y 10, pasajeros comerciales por aeropuerto","SIAC ANAC Argentina - Tablas 12 y 13, movimientos comerciales por aeropuerto"
Argentina,CTC,SANC,Aeropuerto Internacional Coronel Felipe Varela,2002,,,,,24708,0,,,24708,,,,,1128,0,,,1128,12,12,12 meses pasajeros / 12 meses movimientos,"SIAC ANAC Argentina - Tablas 9 y 10, pasajeros comerciales por aeropuerto","SIAC ANAC Argentina - Tablas 12 y 13, movimientos comerciales por aeropuerto"
Argentina,CTC,SANC,Aeropuerto Internacional Coronel Felipe Varela,2003,,,,,27837,0,,,27837,,,,,1502,0,,,1502,12,12,12 meses pasajeros / 12 meses movimientos,"SIAC ANAC Argentina - Tablas 9 y 10, pasajeros comerciales por aeropuerto","SIAC ANAC Argentina - Tablas 12 y 13, movimientos comerciales por aeropuerto"
Argentina,CTC,SANC,Aeropuerto Internacional Coronel Felipe Varela,2004,,,,,31115,0,,,31115,,,,,1731,0,,,1731,12,12,12 meses pasajeros / 12 meses movimientos,"SIAC ANAC Argentina - Tablas 9 y 10, pasajeros comerciales por aeropuerto","SIAC ANAC Argentina - Tablas 12 y 13, movimientos comerciales por aeropuerto"
Argentina,CTC,SANC,Aeropuerto Internacional Coronel Felipe Varela,2005,,,,,32051,0,,,32051,,,,,1777,0,,,1777,12,12,12 meses pasajeros / 12 meses movimientos,"SIAC ANAC Argentina - Tablas 9 y 10, pasajeros comerciales por aeropuerto","SIAC ANAC Argentina - Tablas 12 y 13, movimientos comerciales por aeropuerto"
Argentina,CTC,SANC,Aeropuerto Internacional Coronel Felipe Varela,2006,,,,,28413,0,,,28413,,,,,1612,0,,,1612,12,12,12 meses pasajeros / 12 meses movimientos,"SIAC ANAC Argentina - Tablas 9 y 10, pasajeros comerciales por aeropuerto","SIAC ANAC Argentina - Tablas 12 y 13, movimientos comerciales por aeropuerto"
Argentina,CTC,SANC,Aeropuerto Internacional Coronel Felipe Varela,2007,,,,,29212,8,,,29220,,,,,1747,2,,,1749,12,12,12 meses pasajeros / 12 meses movimientos,"SIAC ANAC Argentina - Tablas 9 y 10, pasajeros comerciales por aeropuerto","SIAC ANAC Argentina - Tablas 12 y 13, movimientos comerciales por aeropuerto"
Argentina,CTC,SANC,Aeropuerto Internacional Coronel Felipe Varela,2008,,,,,25277,0,,,25277,,,,,1533,0,,,1533,12,12,12 meses pasajeros / 12 meses movimientos,"SIAC ANAC Argentina - Tablas 9 y 10, pasajeros comerciales por aeropuerto","SIAC ANAC Argentina - Tablas 12 y 13, movimientos comerciales por aeropuerto"
Argentina,CTC,SANC,Aeropuerto Internacional Coronel Felipe Varela,2009,,,,,28264,0,,,28264,,,,,1617,0,,,1617,12,12,12 meses pasajeros / 12 meses movimientos,"SIAC ANAC Argentina - Tablas 9 y 10, pasajeros comerciales por aeropuerto","SIAC ANAC Argentina - Tablas 12 y 13, movimientos comerciales por aeropuerto"
Argentina,CTC,SANC,Aeropuerto Internacional Coronel Felipe Varela,2010,,,,,22645,0,,,22645,,,,,456,0,,,456,12,12,12 meses pasajeros / 12 meses movimientos,"SIAC ANAC Argentina - Tablas 9 y 10, pasajeros comerciales por aeropuerto","SIAC ANAC Argentina - Tablas 12 y 13, movimientos comerciales por aeropuerto"
Argentina,CTC,SANC,Aeropuerto Internacional Coronel Felipe Varela,2011,,,,,25186,4,,,25190,,,,,490,1,,,491,12,12,12 meses pasajeros / 12 meses movimientos,"SIAC ANAC Argentina - Tablas 9 y 10, pasajeros comerciales por aeropuerto","SIAC ANAC Argentina - Tablas 12 y 13, movimientos comerciales por aeropuerto"
Argentina,CTC,SANC,Aeropuerto Internacional Coronel Felipe Varela,2012,,,,,32553,0,,,32553,,,,,628,0,,,628,12,12,12 meses pasajeros / 12 meses movimientos,"SIAC ANAC Argentina - Tablas 9 y 10, pasajeros comerciales por aeropuerto","SIAC ANAC Argentina - Tablas 12 y 13, movimientos comerciales por aeropuerto"
Argentina,CTC,SANC,Aeropuerto Internacional Coronel Felipe Varela,2013,,,,,40240,0,,,40240,,,,,722,0,,,722,12,12,12 meses pasajeros / 12 meses movimientos,"SIAC ANAC Argentina - Tablas 9 y 10, pasajeros comerciales por aeropuerto","SIAC ANAC Argentina - Tablas 12 y 13, movimientos comerciales por aeropuerto"
Argentina,CTC,SANC,Aeropuerto Internacional Coronel Felipe Varela,2014,,,,,32786,0,,,32786,,,,,561,0,,,561,12,12,12 meses pasajeros / 12 meses movimientos,"SIAC ANAC Argentina - Tablas 9 y 10, pasajeros comerciales por aeropuerto","SIAC ANAC Argentina - Tablas 12 y 13, movimientos comerciales por aeropuerto"
Argentina,CTC,SANC,Aeropuerto Internacional Coronel Felipe Varela,2015,,,,,39651,0,,,39651,,,,,643,0,,,643,12,12,12 meses pasajeros / 12 meses movimientos,"SIAC ANAC Argentina - Tablas 9 y 10, pasajeros comerciales por aeropuerto","SIAC ANAC Argentina - Tablas 12 y 13, movimientos comerciales por aeropuerto"
Argentina,CTC,SANC,Aeropuerto Internacional Coronel Felipe Varela,2016,,,,,41665,0,,,41665,,,,,790,0,,,790,12,12,12 meses pasajeros / 12 meses movimientos,"SIAC ANAC Argentina - Tablas 9 y 10, pasajeros comerciales por aeropuerto","SIAC ANAC Argentina - Tablas 12 y 13, movimientos comerciales por aeropuerto"
Argentina,CTC,SANC,Aeropuerto Internacional Coronel Felipe Varela,2017,,,,,61584,0,,,61584,,,,,1165,0,,,1165,12,12,12 meses pasajeros / 12 meses movimientos,"SIAC ANAC Argentina - Tablas 9 y 10, pasajeros comerciales por aeropuerto","SIAC ANAC Argentina - Tablas 12 y 13, movimientos comerciales por aeropuerto"
Argentina,CTC,SANC,Aeropuerto Internacional Coronel Felipe Varela,2018,,,,,62201,0,,,62201,,,,,1044,0,,,1044,12,12,12 meses pasajeros / 12 meses movimientos,"SIAC ANAC Argentina - Tablas 9 y 10, pasajeros comerciales por aeropuerto","SIAC ANAC Argentina - Tablas 12 y 13, movimientos comerciales por aeropuerto"
Argentina,CTC,SANC,Aeropuerto Internacional Coronel Felipe Varela,2019,,,,,56000,0,,,56000,,,,,863,0,,,863,12,12,12 meses pasajeros / 12 meses movimientos,"SIAC ANAC Argentina - Tablas 9 y 10, pasajeros comerciales por aeropuerto","SIAC ANAC Argentina - Tablas 12 y 13, movimientos comerciales por aeropuerto"
Argentina,CTC,SANC,Aeropuerto Internacional Coronel Felipe Varela,2020,,,,,14841,0,,,14841,,,,,699,0,,,699,12,12,12 meses pasajeros / 12 meses movimientos,"SIAC ANAC Argentina - Tablas 9 y 10, pasajeros comerciales por aeropuerto","SIAC ANAC Argentina - Tablas 12 y 13, movimientos comerciales por aeropuerto"
Argentina,CTC,SANC,Aeropuerto Internacional Coronel Felipe Varela,2021,,,,,65484,0,,,65484,,,,,2280,0,,,2280,12,12,12 meses pasajeros / 12 meses movimientos,"SIAC ANAC Argentina - Tablas 9 y 10, pasajeros comerciales por aeropuerto","SIAC ANAC Argentina - Tablas 12 y 13, movimientos comerciales por aeropuerto"
Argentina,CTC,SANC,Aeropuerto Internacional Coronel Felipe Varela,2022,,,,,75267,0,,,75267,,,,,1164,0,,,1164,12,12,12 meses pasajeros / 12 meses movimientos,"SIAC ANAC Argentina - Tablas 9 y 10, pasajeros comerciales por aeropuerto","SIAC ANAC Argentina - Tablas 12 y 13, movimientos comerciales por aeropuerto"
Argentina,CTC,SANC,Aeropuerto Internacional Coronel Felipe Varela,2023,,,,,75213,0,,,75213,,,,,1281,0,,,1281,12,12,12 meses pasajeros / 12 meses movimientos,"SIAC ANAC Argentina - Tablas 9 y 10, pasajeros comerciales por aeropuerto","SIAC ANAC Argentina - Tablas 12 y 13, movimientos comerciales por aeropuerto"
Argentina,CTC,SANC,Aeropuerto Internacional Coronel Felipe Varela,2024,,,,,74621,9,,,74630,,,,,1347,4,,,1351,12,12,12 meses pasajeros / 12 meses movimientos,"SIAC ANAC Argentina - Tablas 9 y 10, pasajeros comerciales por aeropuerto","SIAC ANAC Argentina - Tablas 12 y 13, movimientos comerciales por aeropuerto"
Argentina,CTC,SANC,Aeropuerto Internacional Coronel Felipe Varela,2025,,,,,78932,7,,,78939,,,,,1325,1,,,1326,12,12,12 meses pasajeros / 12 meses movimientos,"SIAC ANAC Argentina - Tablas 9 y 10, pasajeros comerciales por aeropuerto","SIAC ANAC Argentina - Tablas 12 y 13, movimientos comerciales por aeropuerto"
Argentina,CTC,SANC,Aeropuerto Internacional Coronel Felipe Varela,2026,,,,,34292,0,,,34292,,,,,610,0,,,610,6,6,6 meses pasajeros / 6 meses movimientos,"SIAC ANAC Argentina - Tablas 9 y 10, pasajeros comerciales por aeropuerto","SIAC ANAC Argentina - Tablas 12 y 13, movimientos comerciales por aeropuerto"
Argentina,EPA,,El Palomar,2001,,,,,14728,169,,,14897,,,,,256,12,,,268,12,12,12 meses pasajeros / 12 meses movimientos,"SIAC ANAC Argentina - Tablas 9 y 10, pasajeros comerciales por aeropuerto","SIAC ANAC Argentina - Tablas 12 y 13, movimientos comerciales por aeropuerto"
Argentina,EPA,,El Palomar,2002,,,,,2870,147,,,3017,,,,,118,5,,,123,12,12,12 meses pasajeros / 12 meses movimientos,"SIAC ANAC Argentina - Tablas 9 y 10, pasajeros comerciales por aeropuerto","SIAC ANAC Argentina - Tablas 12 y 13, movimientos comerciales por aeropuerto"
Argentina,EPA,,El Palomar,2003,,,,,2876,99,,,2975,,,,,74,1,,,75,12,12,12 meses pasajeros / 12 meses movimientos,"SIAC ANAC Argentina - Tablas 9 y 10, pasajeros comerciales por aeropuerto","SIAC ANAC Argentina - Tablas 12 y 13, movimientos comerciales por aeropuerto"
Argentina,EPA,,El Palomar,2004,,,,,2673,0,,,2673,,,,,91,0,,,91,12,12,12 meses pasajeros / 12 meses movimientos,"SIAC ANAC Argentina - Tablas 9 y 10, pasajeros comerciales por aeropuerto","SIAC ANAC Argentina - Tablas 12 y 13, movimientos comerciales por aeropuerto"
Argentina,EPA,,El Palomar,2005,,,,,8667,4,,,8671,,,,,211,1,,,212,12,12,12 meses pasajeros / 12 meses movimientos,"SIAC ANAC Argentina - Tablas 9 y 10, pasajeros comerciales por aeropuerto","SIAC ANAC Argentina - Tablas 12 y 13, movimientos comerciales por aeropuerto"
Argentina,EPA,,El Palomar,2006,,,,,784,0,,,784,,,,,107,0,,,107,12,12,12 meses pasajeros / 12 meses movimientos,"SIAC ANAC Argentina - Tablas 9 y 10, pasajeros comerciales por aeropuerto","SIAC ANAC Argentina - Tablas 12 y 13, movimientos comerciales por aeropuerto"
Argentina,EPA,,El Palomar,2007,,,,,311,0,,,311,,,,,32,0,,,32,12,12,12 meses pasajeros / 12 meses movimientos,"SIAC ANAC Argentina - Tablas 9 y 10, pasajeros comerciales por aeropuerto","SIAC ANAC Argentina - Tablas 12 y 13, movimientos comerciales por aeropuerto"
Argentina,EPA,,El Palomar,2008,,,,,149,0,,,149,,,,,63,1,,,64,12,12,12 meses pasajeros / 12 meses movimientos,"SIAC ANAC Argentina - Tablas 9 y 10, pasajeros comerciales por aeropuerto","SIAC ANAC Argentina - Tablas 12 y 13, movimientos comerciales por aeropuerto"
Argentina,EPA,,El Palomar,2009,,,,,3,0,,,3,,,,,21,0,,,21,12,12,12 meses pasajeros / 12 meses movimientos,"SIAC ANAC Argentina - Tablas 9 y 10, pasajeros comerciales por aeropuerto","SIAC ANAC Argentina - Tablas 12 y 13, movimientos comerciales por aeropuerto"
Argentina,EPA,,El Palomar,2010,,,,,22143,37235,,,59378,,,,,711,623,,,1334,12,12,12 meses pasajeros / 12 meses movimientos,"SIAC ANAC Argentina - Tablas 9 y 10, pasajeros comerciales por aeropuerto","SIAC ANAC Argentina - Tablas 12 y 13, movimientos comerciales por aeropuerto"
Argentina,EPA,,El Palomar,2011,,,,,99,0,,,99,,,,,19,0,,,19,12,12,12 meses pasajeros / 12 meses movimientos,"SIAC ANAC Argentina - Tablas 9 y 10, pasajeros comerciales por aeropuerto","SIAC ANAC Argentina - Tablas 12 y 13, movimientos comerciales por aeropuerto"
Argentina,EPA,,El Palomar,2012,,,,,91,0,,,91,,,,,65,0,,,65,12,12,12 meses pasajeros / 12 meses movimientos,"SIAC ANAC Argentina - Tablas 9 y 10, pasajeros comerciales por aeropuerto","SIAC ANAC Argentina - Tablas 12 y 13, movimientos comerciales por aeropuerto"
Argentina,EPA,,El Palomar,2013,,,,,112,0,,,112,,,,,30,0,,,30,12,12,12 meses pasajeros / 12 meses movimientos,"SIAC ANAC Argentina - Tablas 9 y 10, pasajeros comerciales por aeropuerto","SIAC ANAC Argentina - Tablas 12 y 13, movimientos comerciales por aeropuerto"
Argentina,EPA,,El Palomar,2014,,,,,0,0,,,0,,,,,29,0,,,29,12,12,12 meses pasajeros / 12 meses movimientos,"SIAC ANAC Argentina - Tablas 9 y 10, pasajeros comerciales por aeropuerto","SIAC ANAC Argentina - Tablas 12 y 13, movimientos comerciales por aeropuerto"
Argentina,EPA,,El Palomar,2015,,,,,0,152,,,152,,,,,7,1,,,8,12,12,12 meses pasajeros / 12 meses movimientos,"SIAC ANAC Argentina - Tablas 9 y 10, pasajeros comerciales por aeropuerto","SIAC ANAC Argentina - Tablas 12 y 13, movimientos comerciales por aeropuerto"
Argentina,EPA,,El Palomar,2016,,,,,0,0,,,0,,,,,0,0,,,0,12,12,12 meses pasajeros / 12 meses movimientos,"SIAC ANAC Argentina - Tablas 9 y 10, pasajeros comerciales por aeropuerto","SIAC ANAC Argentina - Tablas 12 y 13, movimientos comerciales por aeropuerto"
Argentina,EPA,,El Palomar,2017,,,,,4,0,,,4,,,,,63,1,,,64,12,12,12 meses pasajeros / 12 meses movimientos,"SIAC ANAC Argentina - Tablas 9 y 10, pasajeros comerciales por aeropuerto","SIAC ANAC Argentina - Tablas 12 y 13, movimientos comerciales por aeropuerto"
Argentina,EPA,,El Palomar,2018,,,,,658899,1211,,,660110,,,,,5374,10,,,5384,12,12,12 meses pasajeros / 12 meses movimientos,"SIAC ANAC Argentina - Tablas 9 y 10, pasajeros comerciales por aeropuerto","SIAC ANAC Argentina - Tablas 12 y 13, movimientos comerciales por aeropuerto"
Argentina,EPA,,El Palomar,2019,,,,,1481207,207924,,,1689131,,,,,9735,1533,,,11268,12,12,12 meses pasajeros / 12 meses movimientos,"SIAC ANAC Argentina - Tablas 9 y 10, pasajeros comerciales por aeropuerto","SIAC ANAC Argentina - Tablas 12 y 13, movimientos comerciales por aeropuerto"
Argentina,EPA,,El Palomar,2020,,,,,370222,41991,,,412213,,,,,2439,340,,,2779,12,12,12 meses pasajeros / 12 meses movimientos,"SIAC ANAC Argentina - Tablas 9 y 10, pasajeros comerciales por aeropuerto","SIAC ANAC Argentina - Tablas 12 y 13, movimientos comerciales por aeropuerto"
Argentina,EPA,,El Palomar,2021,,,,,5,0,,,5,,,,,289,0,,,289,12,12,12 meses pasajeros / 12 meses movimientos,"SIAC ANAC Argentina - Tablas 9 y 10, pasajeros comerciales por aeropuerto","SIAC ANAC Argentina - Tablas 12 y 13, movimientos comerciales por aeropuerto"
Argentina,EPA,,El Palomar,2022,,,,,1,0,,,1,,,,,506,0,,,506,12,12,12 meses pasajeros / 12 meses movimientos,"SIAC ANAC Argentina - Tablas 9 y 10, pasajeros comerciales por aeropuerto","SIAC ANAC Argentina - Tablas 12 y 13, movimientos comerciales por aeropuerto"
Argentina,EPA,,El Palomar,2023,,,,,1,0,,,1,,,,,401,0,,,401,12,12,12 meses pasajeros / 12 meses movimientos,"SIAC ANAC Argentina - Tablas 9 y 10, pasajeros comerciales por aeropuerto","SIAC ANAC Argentina - Tablas 12 y 13, movimientos comerciales por aeropuerto"
Argentina,EPA,,El Palomar,2024,,,,,26,0,,,26,,,,,905,0,,,905,12,12,12 meses pasajeros / 12 meses movimientos,"SIAC ANAC Argentina - Tablas 9 y 10, pasajeros comerciales por aeropuerto","SIAC ANAC Argentina - Tablas 12 y 13, movimientos comerciales por aeropuerto"
Argentina,EPA,,El Palomar,2025,,,,,73,0,,,73,,,,,740,0,,,740,12,12,12 meses pasajeros / 12 meses movimientos,"SIAC ANAC Argentina - Tablas 9 y 10, pasajeros comerciales por aeropuerto","SIAC ANAC Argentina - Tablas 12 y 13, movimientos comerciales por aeropuerto"
Argentina,EPA,,El Palomar,2026,,,,,38,0,,,38,,,,,122,0,,,122,6,6,6 meses pasajeros / 6 meses movimientos,"SIAC ANAC Argentina - Tablas 9 y 10, pasajeros comerciales por aeropuerto","SIAC ANAC Argentina - Tablas 12 y 13, movimientos comerciales por aeropuerto"
Argentina,EQS,SAVE,Aeropuerto Internacional Esquel Brigadier Antonio Parodi,2001,,,,,14364,0,,,14364,,,,,890,0,,,890,12,12,12 meses pasajeros / 12 meses movimientos,"SIAC ANAC Argentina - Tablas 9 y 10, pasajeros comerciales por aeropuerto","SIAC ANAC Argentina - Tablas 12 y 13, movimientos comerciales por aeropuerto"
Argentina,EQS,SAVE,Aeropuerto Internacional Esquel Brigadier Antonio Parodi,2002,,,,,13741,0,,,13741,,,,,607,0,,,607,12,12,12 meses pasajeros / 12 meses movimientos,"SIAC ANAC Argentina - Tablas 9 y 10, pasajeros comerciales por aeropuerto","SIAC ANAC Argentina - Tablas 12 y 13, movimientos comerciales por aeropuerto"
Argentina,EQS,SAVE,Aeropuerto Internacional Esquel Brigadier Antonio Parodi,2003,,,,,12061,0,,,12061,,,,,559,0,,,559,12,12,12 meses pasajeros / 12 meses movimientos,"SIAC ANAC Argentina - Tablas 9 y 10, pasajeros comerciales por aeropuerto","SIAC ANAC Argentina - Tablas 12 y 13, movimientos comerciales por aeropuerto"
Argentina,EQS,SAVE,Aeropuerto Internacional Esquel Brigadier Antonio Parodi,2004,,,,,18949,0,,,18949,,,,,827,0,,,827,12,12,12 meses pasajeros / 12 meses movimientos,"SIAC ANAC Argentina - Tablas 9 y 10, pasajeros comerciales por aeropuerto","SIAC ANAC Argentina - Tablas 12 y 13, movimientos comerciales por aeropuerto"
Argentina,EQS,SAVE,Aeropuerto Internacional Esquel Brigadier Antonio Parodi,2005,,,,,19626,0,,,19626,,,,,806,0,,,806,12,12,12 meses pasajeros / 12 meses movimientos,"SIAC ANAC Argentina - Tablas 9 y 10, pasajeros comerciales por aeropuerto","SIAC ANAC Argentina - Tablas 12 y 13, movimientos comerciales por aeropuerto"
Argentina,EQS,SAVE,Aeropuerto Internacional Esquel Brigadier Antonio Parodi,2006,,,,,20363,0,,,20363,,,,,651,0,,,651,12,12,12 meses pasajeros / 12 meses movimientos,"SIAC ANAC Argentina - Tablas 9 y 10, pasajeros comerciales por aeropuerto","SIAC ANAC Argentina - Tablas 12 y 13, movimientos comerciales por aeropuerto"
Argentina,EQS,SAVE,Aeropuerto Internacional Esquel Brigadier Antonio Parodi,2007,,,,,19933,0,,,19933,,,,,676,0,,,676,12,12,12 meses pasajeros / 12 meses movimientos,"SIAC ANAC Argentina - Tablas 9 y 10, pasajeros comerciales por aeropuerto","SIAC ANAC Argentina - Tablas 12 y 13, movimientos comerciales por aeropuerto"
Argentina,EQS,SAVE,Aeropuerto Internacional Esquel Brigadier Antonio Parodi,2008,,,,,5924,2,,,5926,,,,,398,1,,,399,12,12,12 meses pasajeros / 12 meses movimientos,"SIAC ANAC Argentina - Tablas 9 y 10, pasajeros comerciales por aeropuerto","SIAC ANAC Argentina - Tablas 12 y 13, movimientos comerciales por aeropuerto"
Argentina,EQS,SAVE,Aeropuerto Internacional Esquel Brigadier Antonio Parodi,2009,,,,,14377,0,,,14377,,,,,618,0,,,618,12,12,12 meses pasajeros / 12 meses movimientos,"SIAC ANAC Argentina - Tablas 9 y 10, pasajeros comerciales por aeropuerto","SIAC ANAC Argentina - Tablas 12 y 13, movimientos comerciales por aeropuerto"
Argentina,EQS,SAVE,Aeropuerto Internacional Esquel Brigadier Antonio Parodi,2010,,,,,21039,0,,,21039,,,,,694,0,,,694,12,12,12 meses pasajeros / 12 meses movimientos,"SIAC ANAC Argentina - Tablas 9 y 10, pasajeros comerciales por aeropuerto","SIAC ANAC Argentina - Tablas 12 y 13, movimientos comerciales por aeropuerto"
Argentina,EQS,SAVE,Aeropuerto Internacional Esquel Brigadier Antonio Parodi,2011,,,,,112019,2606,,,114625,,,,,1873,25,,,1898,12,12,12 meses pasajeros / 12 meses movimientos,"SIAC ANAC Argentina - Tablas 9 y 10, pasajeros comerciales por aeropuerto","SIAC ANAC Argentina - Tablas 12 y 13, movimientos comerciales por aeropuerto"
Argentina,EQS,SAVE,Aeropuerto Internacional Esquel Brigadier Antonio Parodi,2012,,,,,25456,0,,,25456,,,,,821,0,,,821,12,12,12 meses pasajeros / 12 meses movimientos,"SIAC ANAC Argentina - Tablas 9 y 10, pasajeros comerciales por aeropuerto","SIAC ANAC Argentina - Tablas 12 y 13, movimientos comerciales por aeropuerto"
Argentina,EQS,SAVE,Aeropuerto Internacional Esquel Brigadier Antonio Parodi,2013,,,,,31841,0,,,31841,,,,,916,0,,,916,12,12,12 meses pasajeros / 12 meses movimientos,"SIAC ANAC Argentina - Tablas 9 y 10, pasajeros comerciales por aeropuerto","SIAC ANAC Argentina - Tablas 12 y 13, movimientos comerciales por aeropuerto"
Argentina,EQS,SAVE,Aeropuerto Internacional Esquel Brigadier Antonio Parodi,2014,,,,,37677,0,,,37677,,,,,783,0,,,783,12,12,12 meses pasajeros / 12 meses movimientos,"SIAC ANAC Argentina - Tablas 9 y 10, pasajeros comerciales por aeropuerto","SIAC ANAC Argentina - Tablas 12 y 13, movimientos comerciales por aeropuerto"
Argentina,EQS,SAVE,Aeropuerto Internacional Esquel Brigadier Antonio Parodi,2015,,,,,43540,0,,,43540,,,,,881,0,,,881,12,12,12 meses pasajeros / 12 meses movimientos,"SIAC ANAC Argentina - Tablas 9 y 10, pasajeros comerciales por aeropuerto","SIAC ANAC Argentina - Tablas 12 y 13, movimientos comerciales por aeropuerto"
Argentina,EQS,SAVE,Aeropuerto Internacional Esquel Brigadier Antonio Parodi,2016,,,,,46803,0,,,46803,,,,,977,0,,,977,12,12,12 meses pasajeros / 12 meses movimientos,"SIAC ANAC Argentina - Tablas 9 y 10, pasajeros comerciales por aeropuerto","SIAC ANAC Argentina - Tablas 12 y 13, movimientos comerciales por aeropuerto"
Argentina,EQS,SAVE,Aeropuerto Internacional Esquel Brigadier Antonio Parodi,2017,,,,,58929,8,,,58937,,,,,836,4,,,840,12,12,12 meses pasajeros / 12 meses movimientos,"SIAC ANAC Argentina - Tablas 9 y 10, pasajeros comerciales por aeropuerto","SIAC ANAC Argentina - Tablas 12 y 13, movimientos comerciales por aeropuerto"
Argentina,EQS,SAVE,Aeropuerto Internacional Esquel Brigadier Antonio Parodi,2018,,,,,51080,0,,,51080,,,,,716,0,,,716,12,12,12 meses pasajeros / 12 meses movimientos,"SIAC ANAC Argentina - Tablas 9 y 10, pasajeros comerciales por aeropuerto","SIAC ANAC Argentina - Tablas 12 y 13, movimientos comerciales por aeropuerto"
Argentina,EQS,SAVE,Aeropuerto Internacional Esquel Brigadier Antonio Parodi,2019,,,,,53100,0,,,53100,,,,,756,0,,,756,12,12,12 meses pasajeros / 12 meses movimientos,"SIAC ANAC Argentina - Tablas 9 y 10, pasajeros comerciales por aeropuerto","SIAC ANAC Argentina - Tablas 12 y 13, movimientos comerciales por aeropuerto"
Argentina,EQS,SAVE,Aeropuerto Internacional Esquel Brigadier Antonio Parodi,2020,,,,,13366,0,,,13366,,,,,251,0,,,251,12,12,12 meses pasajeros / 12 meses movimientos,"SIAC ANAC Argentina - Tablas 9 y 10, pasajeros comerciales por aeropuerto","SIAC ANAC Argentina - Tablas 12 y 13, movimientos comerciales por aeropuerto"
Argentina,EQS,SAVE,Aeropuerto Internacional Esquel Brigadier Antonio Parodi,2021,,,,,37477,0,,,37477,,,,,568,0,,,568,12,12,12 meses pasajeros / 12 meses movimientos,"SIAC ANAC Argentina - Tablas 9 y 10, pasajeros comerciales por aeropuerto","SIAC ANAC Argentina - Tablas 12 y 13, movimientos comerciales por aeropuerto"
Argentina,EQS,SAVE,Aeropuerto Internacional Esquel Brigadier Antonio Parodi,2022,,,,,80506,0,,,80506,,,,,754,0,,,754,12,12,12 meses pasajeros / 12 meses movimientos,"SIAC ANAC Argentina - Tablas 9 y 10, pasajeros comerciales por aeropuerto","SIAC ANAC Argentina - Tablas 12 y 13, movimientos comerciales por aeropuerto"
Argentina,EQS,SAVE,Aeropuerto Internacional Esquel Brigadier Antonio Parodi,2023,,,,,90175,6,,,90181,,,,,845,4,,,849,12,12,12 meses pasajeros / 12 meses movimientos,"SIAC ANAC Argentina - Tablas 9 y 10, pasajeros comerciales por aeropuerto","SIAC ANAC Argentina - Tablas 12 y 13, movimientos comerciales por aeropuerto"
Argentina,EQS,SAVE,Aeropuerto Internacional Esquel Brigadier Antonio Parodi,2024,,,,,93171,0,,,93171,,,,,846,0,,,846,12,12,12 meses pasajeros / 12 meses movimientos,"SIAC ANAC Argentina - Tablas 9 y 10, pasajeros comerciales por aeropuerto","SIAC ANAC Argentina - Tablas 12 y 13, movimientos comerciales por aeropuerto"
Argentina,EQS,SAVE,Aeropuerto Internacional Esquel Brigadier Antonio Parodi,2025,,,,,95841,0,,,95841,,,,,882,0,,,882,12,12,12 meses pasajeros / 12 meses movimientos,"SIAC ANAC Argentina - Tablas 9 y 10, pasajeros comerciales por aeropuerto","SIAC ANAC Argentina - Tablas 12 y 13, movimientos comerciales por aeropuerto"
Argentina,EQS,SAVE,Aeropuerto Internacional Esquel Brigadier Antonio Parodi,2026,,,,,37436,1,,,37437,,,,,358,1,,,359,6,6,6 meses pasajeros / 6 meses movimientos,"SIAC ANAC Argentina - Tablas 9 y 10, pasajeros comerciales por aeropuerto","SIAC ANAC Argentina - Tablas 12 y 13, movimientos comerciales por aeropuerto"
Argentina,EZE,SAEZ,Aeropuerto Internacional Ezeiza - Ministro Pistarini,2001,,,,,93259,5435539,,,5528798,,,,,5679,50770,,,56449,12,12,12 meses pasajeros / 12 meses movimientos,"SIAC ANAC Argentina - Tablas 9 y 10, pasajeros comerciales por aeropuerto","SIAC ANAC Argentina - Tablas 12 y 13, movimientos comerciales por aeropuerto"
Argentina,EZE,SAEZ,Aeropuerto Internacional Ezeiza - Ministro Pistarini,2002,,,,,101846,4397344,,,4499190,,,,,3671,44656,,,48327,12,12,12 meses pasajeros / 12 meses movimientos,"SIAC ANAC Argentina - Tablas 9 y 10, pasajeros comerciales por aeropuerto","SIAC ANAC Argentina - Tablas 12 y 13, movimientos comerciales por aeropuerto"
Argentina,EZE,SAEZ,Aeropuerto Internacional Ezeiza - Ministro Pistarini,2003,,,,,205721,5139588,,,5345309,,,,,4349,47539,,,51888,12,12,12 meses pasajeros / 12 meses movimientos,"SIAC ANAC Argentina - Tablas 9 y 10, pasajeros comerciales por aeropuerto","SIAC ANAC Argentina - Tablas 12 y 13, movimientos comerciales por aeropuerto"
Argentina,EZE,SAEZ,Aeropuerto Internacional Ezeiza - Ministro Pistarini,2004,,,,,195508,5729115,,,5924623,,,,,4063,52455,,,56518,12,12,12 meses pasajeros / 12 meses movimientos,"SIAC ANAC Argentina - Tablas 9 y 10, pasajeros comerciales por aeropuerto","SIAC ANAC Argentina - Tablas 12 y 13, movimientos comerciales por aeropuerto"
Argentina,EZE,SAEZ,Aeropuerto Internacional Ezeiza - Ministro Pistarini,2005,,,,,196722,6539876,,,6736598,,,,,3893,55686,,,59579,12,12,12 meses pasajeros / 12 meses movimientos,"SIAC ANAC Argentina - Tablas 9 y 10, pasajeros comerciales por aeropuerto","SIAC ANAC Argentina - Tablas 12 y 13, movimientos comerciales por aeropuerto"
Argentina,EZE,SAEZ,Aeropuerto Internacional Ezeiza - Ministro Pistarini,2006,,,,,378162,7073922,,,7452084,,,,,6105,58732,,,64837,12,12,12 meses pasajeros / 12 meses movimientos,"SIAC ANAC Argentina - Tablas 9 y 10, pasajeros comerciales por aeropuerto","SIAC ANAC Argentina - Tablas 12 y 13, movimientos comerciales por aeropuerto"
Argentina,EZE,SAEZ,Aeropuerto Internacional Ezeiza - Ministro Pistarini,2007,,,,,146316,7933467,,,8079783,,,,,4591,64565,,,69156,12,12,12 meses pasajeros / 12 meses movimientos,"SIAC ANAC Argentina - Tablas 9 y 10, pasajeros comerciales por aeropuerto","SIAC ANAC Argentina - Tablas 12 y 13, movimientos comerciales por aeropuerto"
Argentina,EZE,SAEZ,Aeropuerto Internacional Ezeiza - Ministro Pistarini,2008,,,,,271813,8130016,,,8401829,,,,,5583,64122,,,69705,12,12,12 meses pasajeros / 12 meses movimientos,"SIAC ANAC Argentina - Tablas 9 y 10, pasajeros comerciales por aeropuerto","SIAC ANAC Argentina - Tablas 12 y 13, movimientos comerciales por aeropuerto"
Argentina,EZE,SAEZ,Aeropuerto Internacional Ezeiza - Ministro Pistarini,2009,,,,,302611,7617744,,,7920355,,,,,5516,60948,,,66464,12,12,12 meses pasajeros / 12 meses movimientos,"SIAC ANAC Argentina - Tablas 9 y 10, pasajeros comerciales por aeropuerto","SIAC ANAC Argentina - Tablas 12 y 13, movimientos comerciales por aeropuerto"
Argentina,EZE,SAEZ,Aeropuerto Internacional Ezeiza - Ministro Pistarini,2010,,,,,530883,8184955,,,8715838,,,,,6499,56429,,,62928,12,12,12 meses pasajeros / 12 meses movimientos,"SIAC ANAC Argentina - Tablas 9 y 10, pasajeros comerciales por aeropuerto","SIAC ANAC Argentina - Tablas 12 y 13, movimientos comerciales por aeropuerto"
Argentina,EZE,SAEZ,Aeropuerto Internacional Ezeiza - Ministro Pistarini,2011,,,,,283671,8025240,,,8308911,,,,,4991,55712,,,60703,12,12,12 meses pasajeros / 12 meses movimientos,"SIAC ANAC Argentina - Tablas 9 y 10, pasajeros comerciales por aeropuerto","SIAC ANAC Argentina - Tablas 12 y 13, movimientos comerciales por aeropuerto"
Argentina,EZE,SAEZ,Aeropuerto Internacional Ezeiza - Ministro Pistarini,2012,,,,,486754,8454495,,,8941249,,,,,6914,58860,,,65774,12,12,12 meses pasajeros / 12 meses movimientos,"SIAC ANAC Argentina - Tablas 9 y 10, pasajeros comerciales por aeropuerto","SIAC ANAC Argentina - Tablas 12 y 13, movimientos comerciales por aeropuerto"
Argentina,EZE,SAEZ,Aeropuerto Internacional Ezeiza - Ministro Pistarini,2013,,,,,489468,8366260,,,8855728,,,,,6123,57138,,,63261,12,12,12 meses pasajeros / 12 meses movimientos,"SIAC ANAC Argentina - Tablas 9 y 10, pasajeros comerciales por aeropuerto","SIAC ANAC Argentina - Tablas 12 y 13, movimientos comerciales por aeropuerto"
Argentina,EZE,SAEZ,Aeropuerto Internacional Ezeiza - Ministro Pistarini,2014,,,,,569911,8403419,,,8973330,,,,,7476,57505,,,64981,12,12,12 meses pasajeros / 12 meses movimientos,"SIAC ANAC Argentina - Tablas 9 y 10, pasajeros comerciales por aeropuerto","SIAC ANAC Argentina - Tablas 12 y 13, movimientos comerciales por aeropuerto"
Argentina,EZE,SAEZ,Aeropuerto Internacional Ezeiza - Ministro Pistarini,2015,,,,,676920,8721339,,,9398259,,,,,8416,57192,,,65608,12,12,12 meses pasajeros / 12 meses movimientos,"SIAC ANAC Argentina - Tablas 9 y 10, pasajeros comerciales por aeropuerto","SIAC ANAC Argentina - Tablas 12 y 13, movimientos comerciales por aeropuerto"
Argentina,EZE,SAEZ,Aeropuerto Internacional Ezeiza - Ministro Pistarini,2016,,,,,865580,9186572,,,10052152,,,,,11198,56301,,,67499,12,12,12 meses pasajeros / 12 meses movimientos,"SIAC ANAC Argentina - Tablas 9 y 10, pasajeros comerciales por aeropuerto","SIAC ANAC Argentina - Tablas 12 y 13, movimientos comerciales por aeropuerto"
Argentina,EZE,SAEZ,Aeropuerto Internacional Ezeiza - Ministro Pistarini,2017,,,,,857404,9452188,,,10309592,,,,,11798,53745,,,65543,12,12,12 meses pasajeros / 12 meses movimientos,"SIAC ANAC Argentina - Tablas 9 y 10, pasajeros comerciales por aeropuerto","SIAC ANAC Argentina - Tablas 12 y 13, movimientos comerciales por aeropuerto"
Argentina,EZE,SAEZ,Aeropuerto Internacional Ezeiza - Ministro Pistarini,2018,,,,,920640,10305234,,,11225874,,,,,12150,61814,,,73964,12,12,12 meses pasajeros / 12 meses movimientos,"SIAC ANAC Argentina - Tablas 9 y 10, pasajeros comerciales por aeropuerto","SIAC ANAC Argentina - Tablas 12 y 13, movimientos comerciales por aeropuerto"
Argentina,EZE,SAEZ,Aeropuerto Internacional Ezeiza - Ministro Pistarini,2019,,,,,1155610,11552836,,,12708446,,,,,12452,70514,,,82966,12,12,12 meses pasajeros / 12 meses movimientos,"SIAC ANAC Argentina - Tablas 9 y 10, pasajeros comerciales por aeropuerto","SIAC ANAC Argentina - Tablas 12 y 13, movimientos comerciales por aeropuerto"
Argentina,EZE,SAEZ,Aeropuerto Internacional Ezeiza - Ministro Pistarini,2020,,,,,531055,2942834,,,3473889,,,,,5939,23611,,,29550,12,12,12 meses pasajeros / 12 meses movimientos,"SIAC ANAC Argentina - Tablas 9 y 10, pasajeros comerciales por aeropuerto","SIAC ANAC Argentina - Tablas 12 y 13, movimientos comerciales por aeropuerto"
Argentina,EZE,SAEZ,Aeropuerto Internacional Ezeiza - Ministro Pistarini,2021,,,,,1394355,1709984,,,3104339,,,,,12879,16953,,,29832,12,12,12 meses pasajeros / 12 meses movimientos,"SIAC ANAC Argentina - Tablas 9 y 10, pasajeros comerciales por aeropuerto","SIAC ANAC Argentina - Tablas 12 y 13, movimientos comerciales por aeropuerto"
Argentina,EZE,SAEZ,Aeropuerto Internacional Ezeiza - Ministro Pistarini,2022,,,,,1672672,4992881,,,6665553,,,,,13690,30919,,,44609,12,12,12 meses pasajeros / 12 meses movimientos,"SIAC ANAC Argentina - Tablas 9 y 10, pasajeros comerciales por aeropuerto","SIAC ANAC Argentina - Tablas 12 y 13, movimientos comerciales por aeropuerto"
Argentina,EZE,SAEZ,Aeropuerto Internacional Ezeiza - Ministro Pistarini,2023,,,,,3190906,7122340,,,10313246,,,,,24673,42203,,,66876,12,12,12 meses pasajeros / 12 meses movimientos,"SIAC ANAC Argentina - Tablas 9 y 10, pasajeros comerciales por aeropuerto","SIAC ANAC Argentina - Tablas 12 y 13, movimientos comerciales por aeropuerto"
Argentina,EZE,SAEZ,Aeropuerto Internacional Ezeiza - Ministro Pistarini,2024,,,,,3011757,8056898,,,11068655,,,,,24221,47105,,,71326,12,12,12 meses pasajeros / 12 meses movimientos,"SIAC ANAC Argentina - Tablas 9 y 10, pasajeros comerciales por aeropuerto","SIAC ANAC Argentina - Tablas 12 y 13, movimientos comerciales por aeropuerto"
Argentina,EZE,SAEZ,Aeropuerto Internacional Ezeiza - Ministro Pistarini,2025,,,,,3383741,8536670,,,11920411,,,,,27127,49261,,,76388,12,12,12 meses pasajeros / 12 meses movimientos,"SIAC ANAC Argentina - Tablas 9 y 10, pasajeros comerciales por aeropuerto","SIAC ANAC Argentina - Tablas 12 y 13, movimientos comerciales por aeropuerto"
Argentina,EZE,SAEZ,Aeropuerto Internacional Ezeiza - Ministro Pistarini,2026,,,,,1608218,4654324,,,6262542,,,,,13110,26930,,,40040,6,6,6 meses pasajeros / 6 meses movimientos,"SIAC ANAC Argentina - Tablas 9 y 10, pasajeros comerciales por aeropuerto","SIAC ANAC Argentina - Tablas 12 y 13, movimientos comerciales por aeropuerto"
Argentina,FDO,,San Fernando,2001,,,,,1355,273,,,1628,,,,,249,37,,,286,12,12,12 meses pasajeros / 12 meses movimientos,"SIAC ANAC Argentina - Tablas 9 y 10, pasajeros comerciales por aeropuerto","SIAC ANAC Argentina - Tablas 12 y 13, movimientos comerciales por aeropuerto"
Argentina,FDO,,San Fernando,2002,,,,,240,87,,,327,,,,,156,24,,,180,12,12,12 meses pasajeros / 12 meses movimientos,"SIAC ANAC Argentina - Tablas 9 y 10, pasajeros comerciales por aeropuerto","SIAC ANAC Argentina - Tablas 12 y 13, movimientos comerciales por aeropuerto"
Argentina,FDO,,San Fernando,2003,,,,,174,121,,,295,,,,,169,23,,,192,12,12,12 meses pasajeros / 12 meses movimientos,"SIAC ANAC Argentina - Tablas 9 y 10, pasajeros comerciales por aeropuerto","SIAC ANAC Argentina - Tablas 12 y 13, movimientos comerciales por aeropuerto"
Argentina,FDO,,San Fernando,2004,,,,,29,5,,,34,,,,,146,5,,,151,12,12,12 meses pasajeros / 12 meses movimientos,"SIAC ANAC Argentina - Tablas 9 y 10, pasajeros comerciales por aeropuerto","SIAC ANAC Argentina - Tablas 12 y 13, movimientos comerciales por aeropuerto"
Argentina,FDO,,San Fernando,2005,,,,,244,62,,,306,,,,,330,46,,,376,12,12,12 meses pasajeros / 12 meses movimientos,"SIAC ANAC Argentina - Tablas 9 y 10, pasajeros comerciales por aeropuerto","SIAC ANAC Argentina - Tablas 12 y 13, movimientos comerciales por aeropuerto"
Argentina,FDO,,San Fernando,2006,,,,,302,67,,,369,,,,,444,88,,,532,12,12,12 meses pasajeros / 12 meses movimientos,"SIAC ANAC Argentina - Tablas 9 y 10, pasajeros comerciales por aeropuerto","SIAC ANAC Argentina - Tablas 12 y 13, movimientos comerciales por aeropuerto"
Argentina,FDO,,San Fernando,2007,,,,,924,240,,,1164,,,,,1067,120,,,1187,12,12,12 meses pasajeros / 12 meses movimientos,"SIAC ANAC Argentina - Tablas 9 y 10, pasajeros comerciales por aeropuerto","SIAC ANAC Argentina - Tablas 12 y 13, movimientos comerciales por aeropuerto"
Argentina,FDO,,San Fernando,2008,,,,,1368,217,,,1585,,,,,1485,227,,,1712,12,12,12 meses pasajeros / 12 meses movimientos,"SIAC ANAC Argentina - Tablas 9 y 10, pasajeros comerciales por aeropuerto","SIAC ANAC Argentina - Tablas 12 y 13, movimientos comerciales por aeropuerto"
Argentina,FDO,,San Fernando,2009,,,,,1029,325,,,1354,,,,,987,199,,,1186,12,12,12 meses pasajeros / 12 meses movimientos,"SIAC ANAC Argentina - Tablas 9 y 10, pasajeros comerciales por aeropuerto","SIAC ANAC Argentina - Tablas 12 y 13, movimientos comerciales por aeropuerto"
Argentina,FDO,,San Fernando,2010,,,,,1471,418,,,1889,,,,,1043,238,,,1281,12,12,12 meses pasajeros / 12 meses movimientos,"SIAC ANAC Argentina - Tablas 9 y 10, pasajeros comerciales por aeropuerto","SIAC ANAC Argentina - Tablas 12 y 13, movimientos comerciales por aeropuerto"
Argentina,FDO,,San Fernando,2011,,,,,1401,152,,,1553,,,,,922,114,,,1036,12,12,12 meses pasajeros / 12 meses movimientos,"SIAC ANAC Argentina - Tablas 9 y 10, pasajeros comerciales por aeropuerto","SIAC ANAC Argentina - Tablas 12 y 13, movimientos comerciales por aeropuerto"
Argentina,FDO,,San Fernando,2012,,,,,890,253,,,1143,,,,,628,158,,,786,12,12,12 meses pasajeros / 12 meses movimientos,"SIAC ANAC Argentina - Tablas 9 y 10, pasajeros comerciales por aeropuerto","SIAC ANAC Argentina - Tablas 12 y 13, movimientos comerciales por aeropuerto"
Argentina,FDO,,San Fernando,2013,,,,,3386,925,,,4311,,,,,1838,424,,,2262,12,12,12 meses pasajeros / 12 meses movimientos,"SIAC ANAC Argentina - Tablas 9 y 10, pasajeros comerciales por aeropuerto","SIAC ANAC Argentina - Tablas 12 y 13, movimientos comerciales por aeropuerto"
Argentina,FDO,,San Fernando,2014,,,,,5437,2785,,,8222,,,,,2892,1004,,,3896,12,12,12 meses pasajeros / 12 meses movimientos,"SIAC ANAC Argentina - Tablas 9 y 10, pasajeros comerciales por aeropuerto","SIAC ANAC Argentina - Tablas 12 y 13, movimientos comerciales por aeropuerto"
Argentina,FDO,,San Fernando,2015,,,,,5189,1883,,,7072,,,,,2843,836,,,3679,12,12,12 meses pasajeros / 12 meses movimientos,"SIAC ANAC Argentina - Tablas 9 y 10, pasajeros comerciales por aeropuerto","SIAC ANAC Argentina - Tablas 12 y 13, movimientos comerciales por aeropuerto"
Argentina,FDO,,San Fernando,2016,,,,,4035,1592,,,5627,,,,,2595,698,,,3293,12,12,12 meses pasajeros / 12 meses movimientos,"SIAC ANAC Argentina - Tablas 9 y 10, pasajeros comerciales por aeropuerto","SIAC ANAC Argentina - Tablas 12 y 13, movimientos comerciales por aeropuerto"
Argentina,FDO,,San Fernando,2017,,,,,3298,1306,,,4604,,,,,2630,812,,,3442,12,12,12 meses pasajeros / 12 meses movimientos,"SIAC ANAC Argentina - Tablas 9 y 10, pasajeros comerciales por aeropuerto","SIAC ANAC Argentina - Tablas 12 y 13, movimientos comerciales por aeropuerto"
Argentina,FDO,,San Fernando,2018,,,,,3790,1366,,,5156,,,,,2469,845,,,3314,12,12,12 meses pasajeros / 12 meses movimientos,"SIAC ANAC Argentina - Tablas 9 y 10, pasajeros comerciales por aeropuerto","SIAC ANAC Argentina - Tablas 12 y 13, movimientos comerciales por aeropuerto"
Argentina,FDO,,San Fernando,2019,,,,,4425,1817,,,6242,,,,,3058,899,,,3957,12,12,12 meses pasajeros / 12 meses movimientos,"SIAC ANAC Argentina - Tablas 9 y 10, pasajeros comerciales por aeropuerto","SIAC ANAC Argentina - Tablas 12 y 13, movimientos comerciales por aeropuerto"
Argentina,FDO,,San Fernando,2020,,,,,4995,2167,,,7162,,,,,4062,1471,,,5533,12,12,12 meses pasajeros / 12 meses movimientos,"SIAC ANAC Argentina - Tablas 9 y 10, pasajeros comerciales por aeropuerto","SIAC ANAC Argentina - Tablas 12 y 13, movimientos comerciales por aeropuerto"
Argentina,FDO,,San Fernando,2021,,,,,7622,5173,,,12795,,,,,5894,2999,,,8893,12,12,12 meses pasajeros / 12 meses movimientos,"SIAC ANAC Argentina - Tablas 9 y 10, pasajeros comerciales por aeropuerto","SIAC ANAC Argentina - Tablas 12 y 13, movimientos comerciales por aeropuerto"
Argentina,FDO,,San Fernando,2022,,,,,8127,5179,,,13306,,,,,5781,2752,,,8533,12,12,12 meses pasajeros / 12 meses movimientos,"SIAC ANAC Argentina - Tablas 9 y 10, pasajeros comerciales por aeropuerto","SIAC ANAC Argentina - Tablas 12 y 13, movimientos comerciales por aeropuerto"
Argentina,FDO,,San Fernando,2023,,,,,8536,5268,,,13804,,,,,6517,2852,,,9369,12,12,12 meses pasajeros / 12 meses movimientos,"SIAC ANAC Argentina - Tablas 9 y 10, pasajeros comerciales por aeropuerto","SIAC ANAC Argentina - Tablas 12 y 13, movimientos comerciales por aeropuerto"
Argentina,FDO,,San Fernando,2024,,,,,6647,3506,,,10153,,,,,5144,2215,,,7359,12,12,12 meses pasajeros / 12 meses movimientos,"SIAC ANAC Argentina - Tablas 9 y 10, pasajeros comerciales por aeropuerto","SIAC ANAC Argentina - Tablas 12 y 13, movimientos comerciales por aeropuerto"
Argentina,FDO,,San Fernando,2025,,,,,7052,4204,,,11256,,,,,8450,2905,,,11355,12,12,12 meses pasajeros / 12 meses movimientos,"SIAC ANAC Argentina - Tablas 9 y 10, pasajeros comerciales por aeropuerto","SIAC ANAC Argentina - Tablas 12 y 13, movimientos comerciales por aeropuerto"
Argentina,FDO,,San Fernando,2026,,,,,3833,2211,,,6044,,,,,5121,1725,,,6846,6,6,6 meses pasajeros / 6 meses movimientos,"SIAC ANAC Argentina - Tablas 9 y 10, pasajeros comerciales por aeropuerto","SIAC ANAC Argentina - Tablas 12 y 13, movimientos comerciales por aeropuerto"
Argentina,FMA,SARF,Aeropuerto Formosa,2001,,,,,38375,3,,,38378,,,,,1421,3,,,1424,12,12,12 meses pasajeros / 12 meses movimientos,"SIAC ANAC Argentina - Tablas 9 y 10, pasajeros comerciales por aeropuerto","SIAC ANAC Argentina - Tablas 12 y 13, movimientos comerciales por aeropuerto"
Argentina,FMA,SARF,Aeropuerto Formosa,2002,,,,,45411,0,,,45411,,,,,1182,1,,,1183,12,12,12 meses pasajeros / 12 meses movimientos,"SIAC ANAC Argentina - Tablas 9 y 10, pasajeros comerciales por aeropuerto","SIAC ANAC Argentina - Tablas 12 y 13, movimientos comerciales por aeropuerto"
Argentina,FMA,SARF,Aeropuerto Formosa,2003,,,,,34180,0,,,34180,,,,,866,0,,,866,12,12,12 meses pasajeros / 12 meses movimientos,"SIAC ANAC Argentina - Tablas 9 y 10, pasajeros comerciales por aeropuerto","SIAC ANAC Argentina - Tablas 12 y 13, movimientos comerciales por aeropuerto"
Argentina,FMA,SARF,Aeropuerto Formosa,2004,,,,,31620,0,,,31620,,,,,869,0,,,869,12,12,12 meses pasajeros / 12 meses movimientos,"SIAC ANAC Argentina - Tablas 9 y 10, pasajeros comerciales por aeropuerto","SIAC ANAC Argentina - Tablas 12 y 13, movimientos comerciales por aeropuerto"
Argentina,FMA,SARF,Aeropuerto Formosa,2005,,,,,30693,0,,,30693,,,,,906,2,,,908,12,12,12 meses pasajeros / 12 meses movimientos,"SIAC ANAC Argentina - Tablas 9 y 10, pasajeros comerciales por aeropuerto","SIAC ANAC Argentina - Tablas 12 y 13, movimientos comerciales por aeropuerto"
Argentina,FMA,SARF,Aeropuerto Formosa,2006,,,,,31064,0,,,31064,,,,,896,1,,,897,12,12,12 meses pasajeros / 12 meses movimientos,"SIAC ANAC Argentina - Tablas 9 y 10, pasajeros comerciales por aeropuerto","SIAC ANAC Argentina - Tablas 12 y 13, movimientos comerciales por aeropuerto"
Argentina,FMA,SARF,Aeropuerto Formosa,2007,,,,,28921,3,,,28924,,,,,873,2,,,875,12,12,12 meses pasajeros / 12 meses movimientos,"SIAC ANAC Argentina - Tablas 9 y 10, pasajeros comerciales por aeropuerto","SIAC ANAC Argentina - Tablas 12 y 13, movimientos comerciales por aeropuerto"
Argentina,FMA,SARF,Aeropuerto Formosa,2008,,,,,23077,5,,,23082,,,,,764,1,,,765,12,12,12 meses pasajeros / 12 meses movimientos,"SIAC ANAC Argentina - Tablas 9 y 10, pasajeros comerciales por aeropuerto","SIAC ANAC Argentina - Tablas 12 y 13, movimientos comerciales por aeropuerto"
Argentina,FMA,SARF,Aeropuerto Formosa,2009,,,,,33766,0,,,33766,,,,,732,0,,,732,12,12,12 meses pasajeros / 12 meses movimientos,"SIAC ANAC Argentina - Tablas 9 y 10, pasajeros comerciales por aeropuerto","SIAC ANAC Argentina - Tablas 12 y 13, movimientos comerciales por aeropuerto"
Argentina,FMA,SARF,Aeropuerto Formosa,2010,,,,,40359,0,,,40359,,,,,856,0,,,856,12,12,12 meses pasajeros / 12 meses movimientos,"SIAC ANAC Argentina - Tablas 9 y 10, pasajeros comerciales por aeropuerto","SIAC ANAC Argentina - Tablas 12 y 13, movimientos comerciales por aeropuerto"
Argentina,FMA,SARF,Aeropuerto Formosa,2011,,,,,49073,8,,,49081,,,,,834,5,,,839,12,12,12 meses pasajeros / 12 meses movimientos,"SIAC ANAC Argentina - Tablas 9 y 10, pasajeros comerciales por aeropuerto","SIAC ANAC Argentina - Tablas 12 y 13, movimientos comerciales por aeropuerto"
Argentina,FMA,SARF,Aeropuerto Formosa,2012,,,,,49577,2,,,49579,,,,,910,2,,,912,12,12,12 meses pasajeros / 12 meses movimientos,"SIAC ANAC Argentina - Tablas 9 y 10, pasajeros comerciales por aeropuerto","SIAC ANAC Argentina - Tablas 12 y 13, movimientos comerciales por aeropuerto"
Argentina,FMA,SARF,Aeropuerto Formosa,2013,,,,,55960,5,,,55965,,,,,847,3,,,850,12,12,12 meses pasajeros / 12 meses movimientos,"SIAC ANAC Argentina - Tablas 9 y 10, pasajeros comerciales por aeropuerto","SIAC ANAC Argentina - Tablas 12 y 13, movimientos comerciales por aeropuerto"
Argentina,FMA,SARF,Aeropuerto Formosa,2014,,,,,78656,8,,,78664,,,,,1287,3,,,1290,12,12,12 meses pasajeros / 12 meses movimientos,"SIAC ANAC Argentina - Tablas 9 y 10, pasajeros comerciales por aeropuerto","SIAC ANAC Argentina - Tablas 12 y 13, movimientos comerciales por aeropuerto"
Argentina,FMA,SARF,Aeropuerto Formosa,2015,,,,,94374,17,,,94391,,,,,1438,5,,,1443,12,12,12 meses pasajeros / 12 meses movimientos,"SIAC ANAC Argentina - Tablas 9 y 10, pasajeros comerciales por aeropuerto","SIAC ANAC Argentina - Tablas 12 y 13, movimientos comerciales por aeropuerto"
Argentina,FMA,SARF,Aeropuerto Formosa,2016,,,,,94384,19,,,94403,,,,,1510,3,,,1513,12,12,12 meses pasajeros / 12 meses movimientos,"SIAC ANAC Argentina - Tablas 9 y 10, pasajeros comerciales por aeropuerto","SIAC ANAC Argentina - Tablas 12 y 13, movimientos comerciales por aeropuerto"
Argentina,FMA,SARF,Aeropuerto Formosa,2017,,,,,105730,0,,,105730,,,,,1499,0,,,1499,12,12,12 meses pasajeros / 12 meses movimientos,"SIAC ANAC Argentina - Tablas 9 y 10, pasajeros comerciales por aeropuerto","SIAC ANAC Argentina - Tablas 12 y 13, movimientos comerciales por aeropuerto"
Argentina,FMA,SARF,Aeropuerto Formosa,2018,,,,,108958,17,,,108975,,,,,1447,6,,,1453,12,12,12 meses pasajeros / 12 meses movimientos,"SIAC ANAC Argentina - Tablas 9 y 10, pasajeros comerciales por aeropuerto","SIAC ANAC Argentina - Tablas 12 y 13, movimientos comerciales por aeropuerto"
Argentina,FMA,SARF,Aeropuerto Formosa,2019,,,,,104876,0,,,104876,,,,,1435,0,,,1435,12,12,12 meses pasajeros / 12 meses movimientos,"SIAC ANAC Argentina - Tablas 9 y 10, pasajeros comerciales por aeropuerto","SIAC ANAC Argentina - Tablas 12 y 13, movimientos comerciales por aeropuerto"
Argentina,FMA,SARF,Aeropuerto Formosa,2020,,,,,17902,0,,,17902,,,,,483,1,,,484,12,12,12 meses pasajeros / 12 meses movimientos,"SIAC ANAC Argentina - Tablas 9 y 10, pasajeros comerciales por aeropuerto","SIAC ANAC Argentina - Tablas 12 y 13, movimientos comerciales por aeropuerto"
Argentina,FMA,SARF,Aeropuerto Formosa,2021,,,,,11880,0,,,11880,,,,,503,0,,,503,12,12,12 meses pasajeros / 12 meses movimientos,"SIAC ANAC Argentina - Tablas 9 y 10, pasajeros comerciales por aeropuerto","SIAC ANAC Argentina - Tablas 12 y 13, movimientos comerciales por aeropuerto"
Argentina,FMA,SARF,Aeropuerto Formosa,2022,,,,,87520,39,,,87559,,,,,1278,8,,,1286,12,12,12 meses pasajeros / 12 meses movimientos,"SIAC ANAC Argentina - Tablas 9 y 10, pasajeros comerciales por aeropuerto","SIAC ANAC Argentina - Tablas 12 y 13, movimientos comerciales por aeropuerto"
Argentina,FMA,SARF,Aeropuerto Formosa,2023,,,,,107133,12,,,107145,,,,,1348,9,,,1357,12,12,12 meses pasajeros / 12 meses movimientos,"SIAC ANAC Argentina - Tablas 9 y 10, pasajeros comerciales por aeropuerto","SIAC ANAC Argentina - Tablas 12 y 13, movimientos comerciales por aeropuerto"
Argentina,FMA,SARF,Aeropuerto Formosa,2024,,,,,98527,2,,,98529,,,,,1227,1,,,1228,12,12,12 meses pasajeros / 12 meses movimientos,"SIAC ANAC Argentina - Tablas 9 y 10, pasajeros comerciales por aeropuerto","SIAC ANAC Argentina - Tablas 12 y 13, movimientos comerciales por aeropuerto"
Argentina,FMA,SARF,Aeropuerto Formosa,2025,,,,,90568,7,,,90575,,,,,1222,3,,,1225,12,12,12 meses pasajeros / 12 meses movimientos,"SIAC ANAC Argentina - Tablas 9 y 10, pasajeros comerciales por aeropuerto","SIAC ANAC Argentina - Tablas 12 y 13, movimientos comerciales por aeropuerto"
Argentina,FMA,SARF,Aeropuerto Formosa,2026,,,,,37245,0,,,37245,,,,,560,0,,,560,6,6,6 meses pasajeros / 6 meses movimientos,"SIAC ANAC Argentina - Tablas 9 y 10, pasajeros comerciales por aeropuerto","SIAC ANAC Argentina - Tablas 12 y 13, movimientos comerciales por aeropuerto"
Argentina,FTE,SAWC,Aeropuerto Internacional El Calafate - Comandante Armando Tola,2001,,,,,78485,90,,,78575,,,,,1711,58,,,1769,12,12,12 meses pasajeros / 12 meses movimientos,"SIAC ANAC Argentina - Tablas 9 y 10, pasajeros comerciales por aeropuerto","SIAC ANAC Argentina - Tablas 12 y 13, movimientos comerciales por aeropuerto"
Argentina,FTE,SAWC,Aeropuerto Internacional El Calafate - Comandante Armando Tola,2002,,,,,135165,358,,,135523,,,,,1982,109,,,2091,12,12,12 meses pasajeros / 12 meses movimientos,"SIAC ANAC Argentina - Tablas 9 y 10, pasajeros comerciales por aeropuerto","SIAC ANAC Argentina - Tablas 12 y 13, movimientos comerciales por aeropuerto"
Argentina,FTE,SAWC,Aeropuerto Internacional El Calafate - Comandante Armando Tola,2003,,,,,227573,445,,,228018,,,,,2925,150,,,3075,12,12,12 meses pasajeros / 12 meses movimientos,"SIAC ANAC Argentina - Tablas 9 y 10, pasajeros comerciales por aeropuerto","SIAC ANAC Argentina - Tablas 12 y 13, movimientos comerciales por aeropuerto"
Argentina,FTE,SAWC,Aeropuerto Internacional El Calafate - Comandante Armando Tola,2004,,,,,319237,788,,,320025,,,,,3782,190,,,3972,12,12,12 meses pasajeros / 12 meses movimientos,"SIAC ANAC Argentina - Tablas 9 y 10, pasajeros comerciales por aeropuerto","SIAC ANAC Argentina - Tablas 12 y 13, movimientos comerciales por aeropuerto"
Argentina,FTE,SAWC,Aeropuerto Internacional El Calafate - Comandante Armando Tola,2005,,,,,363373,611,,,363984,,,,,3765,110,,,3875,12,12,12 meses pasajeros / 12 meses movimientos,"SIAC ANAC Argentina - Tablas 9 y 10, pasajeros comerciales por aeropuerto","SIAC ANAC Argentina - Tablas 12 y 13, movimientos comerciales por aeropuerto"
Argentina,FTE,SAWC,Aeropuerto Internacional El Calafate - Comandante Armando Tola,2006,,,,,381472,438,,,381910,,,,,3853,27,,,3880,12,12,12 meses pasajeros / 12 meses movimientos,"SIAC ANAC Argentina - Tablas 9 y 10, pasajeros comerciales por aeropuerto","SIAC ANAC Argentina - Tablas 12 y 13, movimientos comerciales por aeropuerto"
Argentina,FTE,SAWC,Aeropuerto Internacional El Calafate - Comandante Armando Tola,2007,,,,,456198,181,,,456379,,,,,5013,10,,,5023,12,12,12 meses pasajeros / 12 meses movimientos,"SIAC ANAC Argentina - Tablas 9 y 10, pasajeros comerciales por aeropuerto","SIAC ANAC Argentina - Tablas 12 y 13, movimientos comerciales por aeropuerto"
Argentina,FTE,SAWC,Aeropuerto Internacional El Calafate - Comandante Armando Tola,2008,,,,,469160,121,,,469281,,,,,5822,21,,,5843,12,12,12 meses pasajeros / 12 meses movimientos,"SIAC ANAC Argentina - Tablas 9 y 10, pasajeros comerciales por aeropuerto","SIAC ANAC Argentina - Tablas 12 y 13, movimientos comerciales por aeropuerto"
Argentina,FTE,SAWC,Aeropuerto Internacional El Calafate - Comandante Armando Tola,2009,,,,,326886,17,,,326903,,,,,4693,4,,,4697,12,12,12 meses pasajeros / 12 meses movimientos,"SIAC ANAC Argentina - Tablas 9 y 10, pasajeros comerciales por aeropuerto","SIAC ANAC Argentina - Tablas 12 y 13, movimientos comerciales por aeropuerto"
Argentina,FTE,SAWC,Aeropuerto Internacional El Calafate - Comandante Armando Tola,2010,,,,,380936,5,,,380941,,,,,5202,3,,,5205,12,12,12 meses pasajeros / 12 meses movimientos,"SIAC ANAC Argentina - Tablas 9 y 10, pasajeros comerciales por aeropuerto","SIAC ANAC Argentina - Tablas 12 y 13, movimientos comerciales por aeropuerto"
Argentina,FTE,SAWC,Aeropuerto Internacional El Calafate - Comandante Armando Tola,2011,,,,,409923,306,,,410229,,,,,4871,15,,,4886,12,12,12 meses pasajeros / 12 meses movimientos,"SIAC ANAC Argentina - Tablas 9 y 10, pasajeros comerciales por aeropuerto","SIAC ANAC Argentina - Tablas 12 y 13, movimientos comerciales por aeropuerto"
Argentina,FTE,SAWC,Aeropuerto Internacional El Calafate - Comandante Armando Tola,2012,,,,,415678,623,,,416301,,,,,5634,27,,,5661,12,12,12 meses pasajeros / 12 meses movimientos,"SIAC ANAC Argentina - Tablas 9 y 10, pasajeros comerciales por aeropuerto","SIAC ANAC Argentina - Tablas 12 y 13, movimientos comerciales por aeropuerto"
Argentina,FTE,SAWC,Aeropuerto Internacional El Calafate - Comandante Armando Tola,2013,,,,,446172,359,,,446531,,,,,5817,24,,,5841,12,12,12 meses pasajeros / 12 meses movimientos,"SIAC ANAC Argentina - Tablas 9 y 10, pasajeros comerciales por aeropuerto","SIAC ANAC Argentina - Tablas 12 y 13, movimientos comerciales por aeropuerto"
Argentina,FTE,SAWC,Aeropuerto Internacional El Calafate - Comandante Armando Tola,2014,,,,,530203,67,,,530270,,,,,5783,18,,,5801,12,12,12 meses pasajeros / 12 meses movimientos,"SIAC ANAC Argentina - Tablas 9 y 10, pasajeros comerciales por aeropuerto","SIAC ANAC Argentina - Tablas 12 y 13, movimientos comerciales por aeropuerto"
Argentina,FTE,SAWC,Aeropuerto Internacional El Calafate - Comandante Armando Tola,2015,,,,,625919,45,,,625964,,,,,6732,13,,,6745,12,12,12 meses pasajeros / 12 meses movimientos,"SIAC ANAC Argentina - Tablas 9 y 10, pasajeros comerciales por aeropuerto","SIAC ANAC Argentina - Tablas 12 y 13, movimientos comerciales por aeropuerto"
Argentina,FTE,SAWC,Aeropuerto Internacional El Calafate - Comandante Armando Tola,2016,,,,,620906,104,,,621010,,,,,6257,9,,,6266,12,12,12 meses pasajeros / 12 meses movimientos,"SIAC ANAC Argentina - Tablas 9 y 10, pasajeros comerciales por aeropuerto","SIAC ANAC Argentina - Tablas 12 y 13, movimientos comerciales por aeropuerto"
Argentina,FTE,SAWC,Aeropuerto Internacional El Calafate - Comandante Armando Tola,2017,,,,,602737,216,,,602953,,,,,5652,34,,,5686,12,12,12 meses pasajeros / 12 meses movimientos,"SIAC ANAC Argentina - Tablas 9 y 10, pasajeros comerciales por aeropuerto","SIAC ANAC Argentina - Tablas 12 y 13, movimientos comerciales por aeropuerto"
Argentina,FTE,SAWC,Aeropuerto Internacional El Calafate - Comandante Armando Tola,2018,,,,,597780,224,,,598004,,,,,5005,60,,,5065,12,12,12 meses pasajeros / 12 meses movimientos,"SIAC ANAC Argentina - Tablas 9 y 10, pasajeros comerciales por aeropuerto","SIAC ANAC Argentina - Tablas 12 y 13, movimientos comerciales por aeropuerto"
Argentina,FTE,SAWC,Aeropuerto Internacional El Calafate - Comandante Armando Tola,2019,,,,,675209,222,,,675431,,,,,5450,26,,,5476,12,12,12 meses pasajeros / 12 meses movimientos,"SIAC ANAC Argentina - Tablas 9 y 10, pasajeros comerciales por aeropuerto","SIAC ANAC Argentina - Tablas 12 y 13, movimientos comerciales por aeropuerto"
Argentina,FTE,SAWC,Aeropuerto Internacional El Calafate - Comandante Armando Tola,2020,,,,,230065,14,,,230079,,,,,1961,8,,,1969,12,12,12 meses pasajeros / 12 meses movimientos,"SIAC ANAC Argentina - Tablas 9 y 10, pasajeros comerciales por aeropuerto","SIAC ANAC Argentina - Tablas 12 y 13, movimientos comerciales por aeropuerto"
Argentina,FTE,SAWC,Aeropuerto Internacional El Calafate - Comandante Armando Tola,2021,,,,,328611,32,,,328643,,,,,3051,11,,,3062,12,12,12 meses pasajeros / 12 meses movimientos,"SIAC ANAC Argentina - Tablas 9 y 10, pasajeros comerciales por aeropuerto","SIAC ANAC Argentina - Tablas 12 y 13, movimientos comerciales por aeropuerto"
Argentina,FTE,SAWC,Aeropuerto Internacional El Calafate - Comandante Armando Tola,2022,,,,,721107,108,,,721215,,,,,5745,36,,,5781,12,12,12 meses pasajeros / 12 meses movimientos,"SIAC ANAC Argentina - Tablas 9 y 10, pasajeros comerciales por aeropuerto","SIAC ANAC Argentina - Tablas 12 y 13, movimientos comerciales por aeropuerto"
Argentina,FTE,SAWC,Aeropuerto Internacional El Calafate - Comandante Armando Tola,2023,,,,,894404,85,,,894489,,,,,6574,22,,,6596,12,12,12 meses pasajeros / 12 meses movimientos,"SIAC ANAC Argentina - Tablas 9 y 10, pasajeros comerciales por aeropuerto","SIAC ANAC Argentina - Tablas 12 y 13, movimientos comerciales por aeropuerto"
Argentina,FTE,SAWC,Aeropuerto Internacional El Calafate - Comandante Armando Tola,2024,,,,,899825,901,,,900726,,,,,7207,25,,,7232,12,12,12 meses pasajeros / 12 meses movimientos,"SIAC ANAC Argentina - Tablas 9 y 10, pasajeros comerciales por aeropuerto","SIAC ANAC Argentina - Tablas 12 y 13, movimientos comerciales por aeropuerto"
Argentina,FTE,SAWC,Aeropuerto Internacional El Calafate - Comandante Armando Tola,2025,,,,,884097,7522,,,891619,,,,,7235,85,,,7320,12,12,12 meses pasajeros / 12 meses movimientos,"SIAC ANAC Argentina - Tablas 9 y 10, pasajeros comerciales por aeropuerto","SIAC ANAC Argentina - Tablas 12 y 13, movimientos comerciales por aeropuerto"
Argentina,FTE,SAWC,Aeropuerto Internacional El Calafate - Comandante Armando Tola,2026,,,,,467997,5170,,,473167,,,,,3557,48,,,3605,6,6,6 meses pasajeros / 6 meses movimientos,"SIAC ANAC Argentina - Tablas 9 y 10, pasajeros comerciales por aeropuerto","SIAC ANAC Argentina - Tablas 12 y 13, movimientos comerciales por aeropuerto"
Argentina,GPO,,General Pico,2001,,,,,773,0,,,773,,,,,169,0,,,169,12,12,12 meses pasajeros / 12 meses movimientos,"SIAC ANAC Argentina - Tablas 9 y 10, pasajeros comerciales por aeropuerto","SIAC ANAC Argentina - Tablas 12 y 13, movimientos comerciales por aeropuerto"
Argentina,GPO,,General Pico,2002,,,,,26,0,,,26,,,,,20,0,,,20,12,12,12 meses pasajeros / 12 meses movimientos,"SIAC ANAC Argentina - Tablas 9 y 10, pasajeros comerciales por aeropuerto","SIAC ANAC Argentina - Tablas 12 y 13, movimientos comerciales por aeropuerto"
Argentina,GPO,,General Pico,2003,,,,,23,0,,,23,,,,,13,0,,,13,12,12,12 meses pasajeros / 12 meses movimientos,"SIAC ANAC Argentina - Tablas 9 y 10, pasajeros comerciales por aeropuerto","SIAC ANAC Argentina - Tablas 12 y 13, movimientos comerciales por aeropuerto"
Argentina,GPO,,General Pico,2004,,,,,16,0,,,16,,,,,13,0,,,13,12,12,12 meses pasajeros / 12 meses movimientos,"SIAC ANAC Argentina - Tablas 9 y 10, pasajeros comerciales por aeropuerto","SIAC ANAC Argentina - Tablas 12 y 13, movimientos comerciales por aeropuerto"
Argentina,GPO,,General Pico,2005,,,,,61,0,,,61,,,,,25,0,,,25,12,12,12 meses pasajeros / 12 meses movimientos,"SIAC ANAC Argentina - Tablas 9 y 10, pasajeros comerciales por aeropuerto","SIAC ANAC Argentina - Tablas 12 y 13, movimientos comerciales por aeropuerto"
Argentina,GPO,,General Pico,2006,,,,,108,0,,,108,,,,,34,0,,,34,12,12,12 meses pasajeros / 12 meses movimientos,"SIAC ANAC Argentina - Tablas 9 y 10, pasajeros comerciales por aeropuerto","SIAC ANAC Argentina - Tablas 12 y 13, movimientos comerciales por aeropuerto"
Argentina,GPO,,General Pico,2007,,,,,37,0,,,37,,,,,15,0,,,15,12,12,12 meses pasajeros / 12 meses movimientos,"SIAC ANAC Argentina - Tablas 9 y 10, pasajeros comerciales por aeropuerto","SIAC ANAC Argentina - Tablas 12 y 13, movimientos comerciales por aeropuerto"
Argentina,GPO,,General Pico,2008,,,,,179,0,,,179,,,,,53,0,,,53,12,12,12 meses pasajeros / 12 meses movimientos,"SIAC ANAC Argentina - Tablas 9 y 10, pasajeros comerciales por aeropuerto","SIAC ANAC Argentina - Tablas 12 y 13, movimientos comerciales por aeropuerto"
Argentina,GPO,,General Pico,2009,,,,,98,0,,,98,,,,,75,0,,,75,12,12,12 meses pasajeros / 12 meses movimientos,"SIAC ANAC Argentina - Tablas 9 y 10, pasajeros comerciales por aeropuerto","SIAC ANAC Argentina - Tablas 12 y 13, movimientos comerciales por aeropuerto"
Argentina,GPO,,General Pico,2010,,,,,873,0,,,873,,,,,176,0,,,176,12,12,12 meses pasajeros / 12 meses movimientos,"SIAC ANAC Argentina - Tablas 9 y 10, pasajeros comerciales por aeropuerto","SIAC ANAC Argentina - Tablas 12 y 13, movimientos comerciales por aeropuerto"
Argentina,GPO,,General Pico,2011,,,,,242,0,,,242,,,,,68,0,,,68,12,12,12 meses pasajeros / 12 meses movimientos,"SIAC ANAC Argentina - Tablas 9 y 10, pasajeros comerciales por aeropuerto","SIAC ANAC Argentina - Tablas 12 y 13, movimientos comerciales por aeropuerto"
Argentina,GPO,,General Pico,2012,,,,,130,0,,,130,,,,,45,0,,,45,12,12,12 meses pasajeros / 12 meses movimientos,"SIAC ANAC Argentina - Tablas 9 y 10, pasajeros comerciales por aeropuerto","SIAC ANAC Argentina - Tablas 12 y 13, movimientos comerciales por aeropuerto"
Argentina,GPO,,General Pico,2013,,,,,344,0,,,344,,,,,107,0,,,107,12,12,12 meses pasajeros / 12 meses movimientos,"SIAC ANAC Argentina - Tablas 9 y 10, pasajeros comerciales por aeropuerto","SIAC ANAC Argentina - Tablas 12 y 13, movimientos comerciales por aeropuerto"
Argentina,GPO,,General Pico,2014,,,,,167,0,,,167,,,,,49,0,,,49,12,12,12 meses pasajeros / 12 meses movimientos,"SIAC ANAC Argentina - Tablas 9 y 10, pasajeros comerciales por aeropuerto","SIAC ANAC Argentina - Tablas 12 y 13, movimientos comerciales por aeropuerto"
Argentina,GPO,,General Pico,2015,,,,,119,0,,,119,,,,,46,0,,,46,12,12,12 meses pasajeros / 12 meses movimientos,"SIAC ANAC Argentina - Tablas 9 y 10, pasajeros comerciales por aeropuerto","SIAC ANAC Argentina - Tablas 12 y 13, movimientos comerciales por aeropuerto"
Argentina,GPO,,General Pico,2016,,,,,142,0,,,142,,,,,40,0,,,40,12,12,12 meses pasajeros / 12 meses movimientos,"SIAC ANAC Argentina - Tablas 9 y 10, pasajeros comerciales por aeropuerto","SIAC ANAC Argentina - Tablas 12 y 13, movimientos comerciales por aeropuerto"
Argentina,GPO,,General Pico,2017,,,,,73,0,,,73,,,,,24,0,,,24,12,12,12 meses pasajeros / 12 meses movimientos,"SIAC ANAC Argentina - Tablas 9 y 10, pasajeros comerciales por aeropuerto","SIAC ANAC Argentina - Tablas 12 y 13, movimientos comerciales por aeropuerto"
Argentina,GPO,,General Pico,2018,,,,,27,0,,,27,,,,,12,0,,,12,12,12,12 meses pasajeros / 12 meses movimientos,"SIAC ANAC Argentina - Tablas 9 y 10, pasajeros comerciales por aeropuerto","SIAC ANAC Argentina - Tablas 12 y 13, movimientos comerciales por aeropuerto"
Argentina,GPO,,General Pico,2019,,,,,6,0,,,6,,,,,3,0,,,3,12,12,12 meses pasajeros / 12 meses movimientos,"SIAC ANAC Argentina - Tablas 9 y 10, pasajeros comerciales por aeropuerto","SIAC ANAC Argentina - Tablas 12 y 13, movimientos comerciales por aeropuerto"
Argentina,GPO,,General Pico,2020,,,,,0,0,,,0,,,,,0,0,,,0,12,12,12 meses pasajeros / 12 meses movimientos,"SIAC ANAC Argentina - Tablas 9 y 10, pasajeros comerciales por aeropuerto","SIAC ANAC Argentina - Tablas 12 y 13, movimientos comerciales por aeropuerto"
Argentina,GPO,,General Pico,2021,,,,,0,0,,,0,,,,,0,0,,,0,12,12,12 meses pasajeros / 12 meses movimientos,"SIAC ANAC Argentina - Tablas 9 y 10, pasajeros comerciales por aeropuerto","SIAC ANAC Argentina - Tablas 12 y 13, movimientos comerciales por aeropuerto"
Argentina,GPO,,General Pico,2022,,,,,10,0,,,10,,,,,17,0,,,17,12,12,12 meses pasajeros / 12 meses movimientos,"SIAC ANAC Argentina - Tablas 9 y 10, pasajeros comerciales por aeropuerto","SIAC ANAC Argentina - Tablas 12 y 13, movimientos comerciales por aeropuerto"
Argentina,GPO,,General Pico,2023,,,,,55,0,,,55,,,,,20,0,,,20,12,12,12 meses pasajeros / 12 meses movimientos,"SIAC ANAC Argentina - Tablas 9 y 10, pasajeros comerciales por aeropuerto","SIAC ANAC Argentina - Tablas 12 y 13, movimientos comerciales por aeropuerto"
Argentina,GPO,,General Pico,2024,,,,,67,0,,,67,,,,,51,0,,,51,12,12,12 meses pasajeros / 12 meses movimientos,"SIAC ANAC Argentina - Tablas 9 y 10, pasajeros comerciales por aeropuerto","SIAC ANAC Argentina - Tablas 12 y 13, movimientos comerciales por aeropuerto"
Argentina,GPO,,General Pico,2025,,,,,548,0,,,548,,,,,122,0,,,122,12,12,12 meses pasajeros / 12 meses movimientos,"SIAC ANAC Argentina - Tablas 9 y 10, pasajeros comerciales por aeropuerto","SIAC ANAC Argentina - Tablas 12 y 13, movimientos comerciales por aeropuerto"
Argentina,GPO,,General Pico,2026,,,,,166,0,,,166,,,,,57,0,,,57,6,6,6 meses pasajeros / 6 meses movimientos,"SIAC ANAC Argentina - Tablas 9 y 10, pasajeros comerciales por aeropuerto","SIAC ANAC Argentina - Tablas 12 y 13, movimientos comerciales por aeropuerto"
Argentina,IGR,SARI,Aeropuerto Internacional Cataratas Del Iguazú,2001,,,,,221313,5260,,,226573,,,,,2636,129,,,2765,12,12,12 meses pasajeros / 12 meses movimientos,"SIAC ANAC Argentina - Tablas 9 y 10, pasajeros comerciales por aeropuerto","SIAC ANAC Argentina - Tablas 12 y 13, movimientos comerciales por aeropuerto"
Argentina,IGR,SARI,Aeropuerto Internacional Cataratas Del Iguazú,2002,,,,,269645,576,,,270221,,,,,3180,49,,,3229,12,12,12 meses pasajeros / 12 meses movimientos,"SIAC ANAC Argentina - Tablas 9 y 10, pasajeros comerciales por aeropuerto","SIAC ANAC Argentina - Tablas 12 y 13, movimientos comerciales por aeropuerto"
Argentina,IGR,SARI,Aeropuerto Internacional Cataratas Del Iguazú,2003,,,,,355829,1654,,,357483,,,,,3851,202,,,4053,12,12,12 meses pasajeros / 12 meses movimientos,"SIAC ANAC Argentina - Tablas 9 y 10, pasajeros comerciales por aeropuerto","SIAC ANAC Argentina - Tablas 12 y 13, movimientos comerciales por aeropuerto"
Argentina,IGR,SARI,Aeropuerto Internacional Cataratas Del Iguazú,2004,,,,,437699,1753,,,439452,,,,,4534,28,,,4562,12,12,12 meses pasajeros / 12 meses movimientos,"SIAC ANAC Argentina - Tablas 9 y 10, pasajeros comerciales por aeropuerto","SIAC ANAC Argentina - Tablas 12 y 13, movimientos comerciales por aeropuerto"
Argentina,IGR,SARI,Aeropuerto Internacional Cataratas Del Iguazú,2005,,,,,487969,615,,,488584,,,,,5076,17,,,5093,12,12,12 meses pasajeros / 12 meses movimientos,"SIAC ANAC Argentina - Tablas 9 y 10, pasajeros comerciales por aeropuerto","SIAC ANAC Argentina - Tablas 12 y 13, movimientos comerciales por aeropuerto"
Argentina,IGR,SARI,Aeropuerto Internacional Cataratas Del Iguazú,2006,,,,,511201,1320,,,512521,,,,,5156,47,,,5203,12,12,12 meses pasajeros / 12 meses movimientos,"SIAC ANAC Argentina - Tablas 9 y 10, pasajeros comerciales por aeropuerto","SIAC ANAC Argentina - Tablas 12 y 13, movimientos comerciales por aeropuerto"
Argentina,IGR,SARI,Aeropuerto Internacional Cataratas Del Iguazú,2007,,,,,561557,2427,,,563984,,,,,5009,79,,,5088,12,12,12 meses pasajeros / 12 meses movimientos,"SIAC ANAC Argentina - Tablas 9 y 10, pasajeros comerciales por aeropuerto","SIAC ANAC Argentina - Tablas 12 y 13, movimientos comerciales por aeropuerto"
Argentina,IGR,SARI,Aeropuerto Internacional Cataratas Del Iguazú,2008,,,,,599191,6042,,,605233,,,,,5421,135,,,5556,12,12,12 meses pasajeros / 12 meses movimientos,"SIAC ANAC Argentina - Tablas 9 y 10, pasajeros comerciales por aeropuerto","SIAC ANAC Argentina - Tablas 12 y 13, movimientos comerciales por aeropuerto"
Argentina,IGR,SARI,Aeropuerto Internacional Cataratas Del Iguazú,2009,,,,,560071,1528,,,561599,,,,,5290,87,,,5377,12,12,12 meses pasajeros / 12 meses movimientos,"SIAC ANAC Argentina - Tablas 9 y 10, pasajeros comerciales por aeropuerto","SIAC ANAC Argentina - Tablas 12 y 13, movimientos comerciales por aeropuerto"
Argentina,IGR,SARI,Aeropuerto Internacional Cataratas Del Iguazú,2010,,,,,611732,748,,,612480,,,,,5537,53,,,5590,12,12,12 meses pasajeros / 12 meses movimientos,"SIAC ANAC Argentina - Tablas 9 y 10, pasajeros comerciales por aeropuerto","SIAC ANAC Argentina - Tablas 12 y 13, movimientos comerciales por aeropuerto"
Argentina,IGR,SARI,Aeropuerto Internacional Cataratas Del Iguazú,2011,,,,,610265,5681,,,615946,,,,,6231,304,,,6535,12,12,12 meses pasajeros / 12 meses movimientos,"SIAC ANAC Argentina - Tablas 9 y 10, pasajeros comerciales por aeropuerto","SIAC ANAC Argentina - Tablas 12 y 13, movimientos comerciales por aeropuerto"
Argentina,IGR,SARI,Aeropuerto Internacional Cataratas Del Iguazú,2012,,,,,662523,11445,,,673968,,,,,6711,415,,,7126,12,12,12 meses pasajeros / 12 meses movimientos,"SIAC ANAC Argentina - Tablas 9 y 10, pasajeros comerciales por aeropuerto","SIAC ANAC Argentina - Tablas 12 y 13, movimientos comerciales por aeropuerto"
Argentina,IGR,SARI,Aeropuerto Internacional Cataratas Del Iguazú,2013,,,,,703528,11883,,,715411,,,,,7610,407,,,8017,12,12,12 meses pasajeros / 12 meses movimientos,"SIAC ANAC Argentina - Tablas 9 y 10, pasajeros comerciales por aeropuerto","SIAC ANAC Argentina - Tablas 12 y 13, movimientos comerciales por aeropuerto"
Argentina,IGR,SARI,Aeropuerto Internacional Cataratas Del Iguazú,2014,,,,,782630,5678,,,788308,,,,,7612,239,,,7851,12,12,12 meses pasajeros / 12 meses movimientos,"SIAC ANAC Argentina - Tablas 9 y 10, pasajeros comerciales por aeropuerto","SIAC ANAC Argentina - Tablas 12 y 13, movimientos comerciales por aeropuerto"
Argentina,IGR,SARI,Aeropuerto Internacional Cataratas Del Iguazú,2015,,,,,861638,392,,,862030,,,,,7886,48,,,7934,12,12,12 meses pasajeros / 12 meses movimientos,"SIAC ANAC Argentina - Tablas 9 y 10, pasajeros comerciales por aeropuerto","SIAC ANAC Argentina - Tablas 12 y 13, movimientos comerciales por aeropuerto"
Argentina,IGR,SARI,Aeropuerto Internacional Cataratas Del Iguazú,2016,,,,,890490,1190,,,891680,,,,,8084,59,,,8143,12,12,12 meses pasajeros / 12 meses movimientos,"SIAC ANAC Argentina - Tablas 9 y 10, pasajeros comerciales por aeropuerto","SIAC ANAC Argentina - Tablas 12 y 13, movimientos comerciales por aeropuerto"
Argentina,IGR,SARI,Aeropuerto Internacional Cataratas Del Iguazú,2017,,,,,999165,803,,,999968,,,,,8498,59,,,8557,12,12,12 meses pasajeros / 12 meses movimientos,"SIAC ANAC Argentina - Tablas 9 y 10, pasajeros comerciales por aeropuerto","SIAC ANAC Argentina - Tablas 12 y 13, movimientos comerciales por aeropuerto"
Argentina,IGR,SARI,Aeropuerto Internacional Cataratas Del Iguazú,2018,,,,,1108035,43,,,1108078,,,,,9220,21,,,9241,12,12,12 meses pasajeros / 12 meses movimientos,"SIAC ANAC Argentina - Tablas 9 y 10, pasajeros comerciales por aeropuerto","SIAC ANAC Argentina - Tablas 12 y 13, movimientos comerciales por aeropuerto"
Argentina,IGR,SARI,Aeropuerto Internacional Cataratas Del Iguazú,2019,,,,,1561489,4546,,,1566035,,,,,12255,126,,,12381,12,12,12 meses pasajeros / 12 meses movimientos,"SIAC ANAC Argentina - Tablas 9 y 10, pasajeros comerciales por aeropuerto","SIAC ANAC Argentina - Tablas 12 y 13, movimientos comerciales por aeropuerto"
Argentina,IGR,SARI,Aeropuerto Internacional Cataratas Del Iguazú,2020,,,,,352541,2176,,,354717,,,,,2958,75,,,3033,12,12,12 meses pasajeros / 12 meses movimientos,"SIAC ANAC Argentina - Tablas 9 y 10, pasajeros comerciales por aeropuerto","SIAC ANAC Argentina - Tablas 12 y 13, movimientos comerciales por aeropuerto"
Argentina,IGR,SARI,Aeropuerto Internacional Cataratas Del Iguazú,2021,,,,,410549,97,,,410646,,,,,3444,47,,,3491,12,12,12 meses pasajeros / 12 meses movimientos,"SIAC ANAC Argentina - Tablas 9 y 10, pasajeros comerciales por aeropuerto","SIAC ANAC Argentina - Tablas 12 y 13, movimientos comerciales por aeropuerto"
Argentina,IGR,SARI,Aeropuerto Internacional Cataratas Del Iguazú,2022,,,,,1165973,1003,,,1166976,,,,,8451,111,,,8562,12,12,12 meses pasajeros / 12 meses movimientos,"SIAC ANAC Argentina - Tablas 9 y 10, pasajeros comerciales por aeropuerto","SIAC ANAC Argentina - Tablas 12 y 13, movimientos comerciales por aeropuerto"
Argentina,IGR,SARI,Aeropuerto Internacional Cataratas Del Iguazú,2023,,,,,1551297,463,,,1551760,,,,,11068,106,,,11174,12,12,12 meses pasajeros / 12 meses movimientos,"SIAC ANAC Argentina - Tablas 9 y 10, pasajeros comerciales por aeropuerto","SIAC ANAC Argentina - Tablas 12 y 13, movimientos comerciales por aeropuerto"
Argentina,IGR,SARI,Aeropuerto Internacional Cataratas Del Iguazú,2024,,,,,1499689,901,,,1500590,,,,,11035,73,,,11108,12,12,12 meses pasajeros / 12 meses movimientos,"SIAC ANAC Argentina - Tablas 9 y 10, pasajeros comerciales por aeropuerto","SIAC ANAC Argentina - Tablas 12 y 13, movimientos comerciales por aeropuerto"
Argentina,IGR,SARI,Aeropuerto Internacional Cataratas Del Iguazú,2025,,,,,1782890,2276,,,1785166,,,,,12522,132,,,12654,12,12,12 meses pasajeros / 12 meses movimientos,"SIAC ANAC Argentina - Tablas 9 y 10, pasajeros comerciales por aeropuerto","SIAC ANAC Argentina - Tablas 12 y 13, movimientos comerciales por aeropuerto"
Argentina,IGR,SARI,Aeropuerto Internacional Cataratas Del Iguazú,2026,,,,,782356,5190,,,787546,,,,,5519,111,,,5630,6,6,6 meses pasajeros / 6 meses movimientos,"SIAC ANAC Argentina - Tablas 9 y 10, pasajeros comerciales por aeropuerto","SIAC ANAC Argentina - Tablas 12 y 13, movimientos comerciales por aeropuerto"
Argentina,IRJ,SANL,Aeropuerto Capitan V A Almonacid,2001,,,,,52390,8,,,52398,,,,,1848,1,,,1849,12,12,12 meses pasajeros / 12 meses movimientos,"SIAC ANAC Argentina - Tablas 9 y 10, pasajeros comerciales por aeropuerto","SIAC ANAC Argentina - Tablas 12 y 13, movimientos comerciales por aeropuerto"
Argentina,IRJ,SANL,Aeropuerto Capitan V A Almonacid,2002,,,,,39349,0,,,39349,,,,,1295,0,,,1295,12,12,12 meses pasajeros / 12 meses movimientos,"SIAC ANAC Argentina - Tablas 9 y 10, pasajeros comerciales por aeropuerto","SIAC ANAC Argentina - Tablas 12 y 13, movimientos comerciales por aeropuerto"
Argentina,IRJ,SANL,Aeropuerto Capitan V A Almonacid,2003,,,,,32739,9,,,32748,,,,,775,3,,,778,12,12,12 meses pasajeros / 12 meses movimientos,"SIAC ANAC Argentina - Tablas 9 y 10, pasajeros comerciales por aeropuerto","SIAC ANAC Argentina - Tablas 12 y 13, movimientos comerciales por aeropuerto"
Argentina,IRJ,SANL,Aeropuerto Capitan V A Almonacid,2004,,,,,33241,0,,,33241,,,,,742,0,,,742,12,12,12 meses pasajeros / 12 meses movimientos,"SIAC ANAC Argentina - Tablas 9 y 10, pasajeros comerciales por aeropuerto","SIAC ANAC Argentina - Tablas 12 y 13, movimientos comerciales por aeropuerto"
Argentina,IRJ,SANL,Aeropuerto Capitan V A Almonacid,2005,,,,,32135,0,,,32135,,,,,715,0,,,715,12,12,12 meses pasajeros / 12 meses movimientos,"SIAC ANAC Argentina - Tablas 9 y 10, pasajeros comerciales por aeropuerto","SIAC ANAC Argentina - Tablas 12 y 13, movimientos comerciales por aeropuerto"
Argentina,IRJ,SANL,Aeropuerto Capitan V A Almonacid,2006,,,,,36275,0,,,36275,,,,,723,0,,,723,12,12,12 meses pasajeros / 12 meses movimientos,"SIAC ANAC Argentina - Tablas 9 y 10, pasajeros comerciales por aeropuerto","SIAC ANAC Argentina - Tablas 12 y 13, movimientos comerciales por aeropuerto"
Argentina,IRJ,SANL,Aeropuerto Capitan V A Almonacid,2007,,,,,28530,0,,,28530,,,,,707,0,,,707,12,12,12 meses pasajeros / 12 meses movimientos,"SIAC ANAC Argentina - Tablas 9 y 10, pasajeros comerciales por aeropuerto","SIAC ANAC Argentina - Tablas 12 y 13, movimientos comerciales por aeropuerto"
Argentina,IRJ,SANL,Aeropuerto Capitan V A Almonacid,2008,,,,,21987,3,,,21990,,,,,515,1,,,516,12,12,12 meses pasajeros / 12 meses movimientos,"SIAC ANAC Argentina - Tablas 9 y 10, pasajeros comerciales por aeropuerto","SIAC ANAC Argentina - Tablas 12 y 13, movimientos comerciales por aeropuerto"
Argentina,IRJ,SANL,Aeropuerto Capitan V A Almonacid,2009,,,,,24861,0,,,24861,,,,,549,0,,,549,12,12,12 meses pasajeros / 12 meses movimientos,"SIAC ANAC Argentina - Tablas 9 y 10, pasajeros comerciales por aeropuerto","SIAC ANAC Argentina - Tablas 12 y 13, movimientos comerciales por aeropuerto"
Argentina,IRJ,SANL,Aeropuerto Capitan V A Almonacid,2010,,,,,27001,13,,,27014,,,,,483,2,,,485,12,12,12 meses pasajeros / 12 meses movimientos,"SIAC ANAC Argentina - Tablas 9 y 10, pasajeros comerciales por aeropuerto","SIAC ANAC Argentina - Tablas 12 y 13, movimientos comerciales por aeropuerto"
Argentina,IRJ,SANL,Aeropuerto Capitan V A Almonacid,2011,,,,,28961,6,,,28967,,,,,458,2,,,460,12,12,12 meses pasajeros / 12 meses movimientos,"SIAC ANAC Argentina - Tablas 9 y 10, pasajeros comerciales por aeropuerto","SIAC ANAC Argentina - Tablas 12 y 13, movimientos comerciales por aeropuerto"
Argentina,IRJ,SANL,Aeropuerto Capitan V A Almonacid,2012,,,,,35622,0,,,35622,,,,,588,0,,,588,12,12,12 meses pasajeros / 12 meses movimientos,"SIAC ANAC Argentina - Tablas 9 y 10, pasajeros comerciales por aeropuerto","SIAC ANAC Argentina - Tablas 12 y 13, movimientos comerciales por aeropuerto"
Argentina,IRJ,SANL,Aeropuerto Capitan V A Almonacid,2013,,,,,43581,0,,,43581,,,,,632,0,,,632,12,12,12 meses pasajeros / 12 meses movimientos,"SIAC ANAC Argentina - Tablas 9 y 10, pasajeros comerciales por aeropuerto","SIAC ANAC Argentina - Tablas 12 y 13, movimientos comerciales por aeropuerto"
Argentina,IRJ,SANL,Aeropuerto Capitan V A Almonacid,2014,,,,,45456,9,,,45465,,,,,627,1,,,628,12,12,12 meses pasajeros / 12 meses movimientos,"SIAC ANAC Argentina - Tablas 9 y 10, pasajeros comerciales por aeropuerto","SIAC ANAC Argentina - Tablas 12 y 13, movimientos comerciales por aeropuerto"
Argentina,IRJ,SANL,Aeropuerto Capitan V A Almonacid,2015,,,,,48674,0,,,48674,,,,,640,0,,,640,12,12,12 meses pasajeros / 12 meses movimientos,"SIAC ANAC Argentina - Tablas 9 y 10, pasajeros comerciales por aeropuerto","SIAC ANAC Argentina - Tablas 12 y 13, movimientos comerciales por aeropuerto"
Argentina,IRJ,SANL,Aeropuerto Capitan V A Almonacid,2016,,,,,54186,0,,,54186,,,,,834,0,,,834,12,12,12 meses pasajeros / 12 meses movimientos,"SIAC ANAC Argentina - Tablas 9 y 10, pasajeros comerciales por aeropuerto","SIAC ANAC Argentina - Tablas 12 y 13, movimientos comerciales por aeropuerto"
Argentina,IRJ,SANL,Aeropuerto Capitan V A Almonacid,2017,,,,,72852,0,,,72852,,,,,1224,0,,,1224,12,12,12 meses pasajeros / 12 meses movimientos,"SIAC ANAC Argentina - Tablas 9 y 10, pasajeros comerciales por aeropuerto","SIAC ANAC Argentina - Tablas 12 y 13, movimientos comerciales por aeropuerto"
Argentina,IRJ,SANL,Aeropuerto Capitan V A Almonacid,2018,,,,,67060,28,,,67088,,,,,1035,1,,,1036,12,12,12 meses pasajeros / 12 meses movimientos,"SIAC ANAC Argentina - Tablas 9 y 10, pasajeros comerciales por aeropuerto","SIAC ANAC Argentina - Tablas 12 y 13, movimientos comerciales por aeropuerto"
Argentina,IRJ,SANL,Aeropuerto Capitan V A Almonacid,2019,,,,,64438,0,,,64438,,,,,867,0,,,867,12,12,12 meses pasajeros / 12 meses movimientos,"SIAC ANAC Argentina - Tablas 9 y 10, pasajeros comerciales por aeropuerto","SIAC ANAC Argentina - Tablas 12 y 13, movimientos comerciales por aeropuerto"
Argentina,IRJ,SANL,Aeropuerto Capitan V A Almonacid,2020,,,,,7765,0,,,7765,,,,,107,0,,,107,12,12,12 meses pasajeros / 12 meses movimientos,"SIAC ANAC Argentina - Tablas 9 y 10, pasajeros comerciales por aeropuerto","SIAC ANAC Argentina - Tablas 12 y 13, movimientos comerciales por aeropuerto"
Argentina,IRJ,SANL,Aeropuerto Capitan V A Almonacid,2021,,,,,3095,0,,,3095,,,,,48,0,,,48,12,12,12 meses pasajeros / 12 meses movimientos,"SIAC ANAC Argentina - Tablas 9 y 10, pasajeros comerciales por aeropuerto","SIAC ANAC Argentina - Tablas 12 y 13, movimientos comerciales por aeropuerto"
Argentina,IRJ,SANL,Aeropuerto Capitan V A Almonacid,2022,,,,,53121,0,,,53121,,,,,788,0,,,788,12,12,12 meses pasajeros / 12 meses movimientos,"SIAC ANAC Argentina - Tablas 9 y 10, pasajeros comerciales por aeropuerto","SIAC ANAC Argentina - Tablas 12 y 13, movimientos comerciales por aeropuerto"
Argentina,IRJ,SANL,Aeropuerto Capitan V A Almonacid,2023,,,,,79222,0,,,79222,,,,,1226,0,,,1226,12,12,12 meses pasajeros / 12 meses movimientos,"SIAC ANAC Argentina - Tablas 9 y 10, pasajeros comerciales por aeropuerto","SIAC ANAC Argentina - Tablas 12 y 13, movimientos comerciales por aeropuerto"
Argentina,IRJ,SANL,Aeropuerto Capitan V A Almonacid,2024,,,,,72869,0,,,72869,,,,,1176,0,,,1176,12,12,12 meses pasajeros / 12 meses movimientos,"SIAC ANAC Argentina - Tablas 9 y 10, pasajeros comerciales por aeropuerto","SIAC ANAC Argentina - Tablas 12 y 13, movimientos comerciales por aeropuerto"
Argentina,IRJ,SANL,Aeropuerto Capitan V A Almonacid,2025,,,,,72666,71,,,72737,,,,,1189,1,,,1190,12,12,12 meses pasajeros / 12 meses movimientos,"SIAC ANAC Argentina - Tablas 9 y 10, pasajeros comerciales por aeropuerto","SIAC ANAC Argentina - Tablas 12 y 13, movimientos comerciales por aeropuerto"
Argentina,IRJ,SANL,Aeropuerto Capitan V A Almonacid,2026,,,,,32303,0,,,32303,,,,,493,0,,,493,6,6,6 meses pasajeros / 6 meses movimientos,"SIAC ANAC Argentina - Tablas 9 y 10, pasajeros comerciales por aeropuerto","SIAC ANAC Argentina - Tablas 12 y 13, movimientos comerciales por aeropuerto"
Argentina,JNI,,Junín,2001,,,,,0,0,,,0,,,,,0,0,,,0,12,12,12 meses pasajeros / 12 meses movimientos,"SIAC ANAC Argentina - Tablas 9 y 10, pasajeros comerciales por aeropuerto","SIAC ANAC Argentina - Tablas 12 y 13, movimientos comerciales por aeropuerto"
Argentina,JNI,,Junín,2002,,,,,188,0,,,188,,,,,154,0,,,154,12,12,12 meses pasajeros / 12 meses movimientos,"SIAC ANAC Argentina - Tablas 9 y 10, pasajeros comerciales por aeropuerto","SIAC ANAC Argentina - Tablas 12 y 13, movimientos comerciales por aeropuerto"
Argentina,JNI,,Junín,2003,,,,,257,0,,,257,,,,,211,0,,,211,12,12,12 meses pasajeros / 12 meses movimientos,"SIAC ANAC Argentina - Tablas 9 y 10, pasajeros comerciales por aeropuerto","SIAC ANAC Argentina - Tablas 12 y 13, movimientos comerciales por aeropuerto"
Argentina,JNI,,Junín,2004,,,,,178,0,,,178,,,,,103,0,,,103,12,12,12 meses pasajeros / 12 meses movimientos,"SIAC ANAC Argentina - Tablas 9 y 10, pasajeros comerciales por aeropuerto","SIAC ANAC Argentina - Tablas 12 y 13, movimientos comerciales por aeropuerto"
Argentina,JNI,,Junín,2005,,,,,86,0,,,86,,,,,39,0,,,39,12,12,12 meses pasajeros / 12 meses movimientos,"SIAC ANAC Argentina - Tablas 9 y 10, pasajeros comerciales por aeropuerto","SIAC ANAC Argentina - Tablas 12 y 13, movimientos comerciales por aeropuerto"
Argentina,JNI,,Junín,2006,,,,,86,0,,,86,,,,,28,0,,,28,12,12,12 meses pasajeros / 12 meses movimientos,"SIAC ANAC Argentina - Tablas 9 y 10, pasajeros comerciales por aeropuerto","SIAC ANAC Argentina - Tablas 12 y 13, movimientos comerciales por aeropuerto"
Argentina,JNI,,Junín,2007,,,,,242,0,,,242,,,,,62,0,,,62,12,12,12 meses pasajeros / 12 meses movimientos,"SIAC ANAC Argentina - Tablas 9 y 10, pasajeros comerciales por aeropuerto","SIAC ANAC Argentina - Tablas 12 y 13, movimientos comerciales por aeropuerto"
Argentina,JNI,,Junín,2008,,,,,221,0,,,221,,,,,76,0,,,76,12,12,12 meses pasajeros / 12 meses movimientos,"SIAC ANAC Argentina - Tablas 9 y 10, pasajeros comerciales por aeropuerto","SIAC ANAC Argentina - Tablas 12 y 13, movimientos comerciales por aeropuerto"
Argentina,JNI,,Junín,2009,,,,,60,0,,,60,,,,,81,0,,,81,12,12,12 meses pasajeros / 12 meses movimientos,"SIAC ANAC Argentina - Tablas 9 y 10, pasajeros comerciales por aeropuerto","SIAC ANAC Argentina - Tablas 12 y 13, movimientos comerciales por aeropuerto"
Argentina,JNI,,Junín,2010,,,,,75,0,,,75,,,,,25,0,,,25,12,12,12 meses pasajeros / 12 meses movimientos,"SIAC ANAC Argentina - Tablas 9 y 10, pasajeros comerciales por aeropuerto","SIAC ANAC Argentina - Tablas 12 y 13, movimientos comerciales por aeropuerto"
Argentina,JNI,,Junín,2011,,,,,35,0,,,35,,,,,17,0,,,17,12,12,12 meses pasajeros / 12 meses movimientos,"SIAC ANAC Argentina - Tablas 9 y 10, pasajeros comerciales por aeropuerto","SIAC ANAC Argentina - Tablas 12 y 13, movimientos comerciales por aeropuerto"
Argentina,JNI,,Junín,2012,,,,,0,0,,,0,,,,,0,0,,,0,12,12,12 meses pasajeros / 12 meses movimientos,"SIAC ANAC Argentina - Tablas 9 y 10, pasajeros comerciales por aeropuerto","SIAC ANAC Argentina - Tablas 12 y 13, movimientos comerciales por aeropuerto"
Argentina,JNI,,Junín,2013,,,,,0,0,,,0,,,,,0,0,,,0,12,12,12 meses pasajeros / 12 meses movimientos,"SIAC ANAC Argentina - Tablas 9 y 10, pasajeros comerciales por aeropuerto","SIAC ANAC Argentina - Tablas 12 y 13, movimientos comerciales por aeropuerto"
Argentina,JNI,,Junín,2014,,,,,0,0,,,0,,,,,0,0,,,0,12,12,12 meses pasajeros / 12 meses movimientos,"SIAC ANAC Argentina - Tablas 9 y 10, pasajeros comerciales por aeropuerto","SIAC ANAC Argentina - Tablas 12 y 13, movimientos comerciales por aeropuerto"
Argentina,JNI,,Junín,2015,,,,,0,0,,,0,,,,,0,0,,,0,12,12,12 meses pasajeros / 12 meses movimientos,"SIAC ANAC Argentina - Tablas 9 y 10, pasajeros comerciales por aeropuerto","SIAC ANAC Argentina - Tablas 12 y 13, movimientos comerciales por aeropuerto"
Argentina,JNI,,Junín,2016,,,,,0,0,,,0,,,,,0,0,,,0,12,12,12 meses pasajeros / 12 meses movimientos,"SIAC ANAC Argentina - Tablas 9 y 10, pasajeros comerciales por aeropuerto","SIAC ANAC Argentina - Tablas 12 y 13, movimientos comerciales por aeropuerto"
Argentina,JNI,,Junín,2017,,,,,0,0,,,0,,,,,0,0,,,0,12,12,12 meses pasajeros / 12 meses movimientos,"SIAC ANAC Argentina - Tablas 9 y 10, pasajeros comerciales por aeropuerto","SIAC ANAC Argentina - Tablas 12 y 13, movimientos comerciales por aeropuerto"
Argentina,JNI,,Junín,2018,,,,,0,0,,,0,,,,,0,0,,,0,12,12,12 meses pasajeros / 12 meses movimientos,"SIAC ANAC Argentina - Tablas 9 y 10, pasajeros comerciales por aeropuerto","SIAC ANAC Argentina - Tablas 12 y 13, movimientos comerciales por aeropuerto"
Argentina,JNI,,Junín,2019,,,,,0,0,,,0,,,,,0,0,,,0,12,12,12 meses pasajeros / 12 meses movimientos,"SIAC ANAC Argentina - Tablas 9 y 10, pasajeros comerciales por aeropuerto","SIAC ANAC Argentina - Tablas 12 y 13, movimientos comerciales por aeropuerto"
Argentina,JNI,,Junín,2020,,,,,0,0,,,0,,,,,0,0,,,0,12,12,12 meses pasajeros / 12 meses movimientos,"SIAC ANAC Argentina - Tablas 9 y 10, pasajeros comerciales por aeropuerto","SIAC ANAC Argentina - Tablas 12 y 13, movimientos comerciales por aeropuerto"
Argentina,JNI,,Junín,2021,,,,,0,0,,,0,,,,,0,0,,,0,12,12,12 meses pasajeros / 12 meses movimientos,"SIAC ANAC Argentina - Tablas 9 y 10, pasajeros comerciales por aeropuerto","SIAC ANAC Argentina - Tablas 12 y 13, movimientos comerciales por aeropuerto"
Argentina,JNI,,Junín,2022,,,,,0,0,,,0,,,,,0,0,,,0,12,12,12 meses pasajeros / 12 meses movimientos,"SIAC ANAC Argentina - Tablas 9 y 10, pasajeros comerciales por aeropuerto","SIAC ANAC Argentina - Tablas 12 y 13, movimientos comerciales por aeropuerto"
Argentina,JNI,,Junín,2023,,,,,0,0,,,0,,,,,0,0,,,0,12,12,12 meses pasajeros / 12 meses movimientos,"SIAC ANAC Argentina - Tablas 9 y 10, pasajeros comerciales por aeropuerto","SIAC ANAC Argentina - Tablas 12 y 13, movimientos comerciales por aeropuerto"
Argentina,JNI,,Junín,2024,,,,,0,0,,,0,,,,,0,0,,,0,12,12,12 meses pasajeros / 12 meses movimientos,"SIAC ANAC Argentina - Tablas 9 y 10, pasajeros comerciales por aeropuerto","SIAC ANAC Argentina - Tablas 12 y 13, movimientos comerciales por aeropuerto"
Argentina,JNI,,Junín,2025,,,,,0,0,,,0,,,,,0,0,,,0,12,12,12 meses pasajeros / 12 meses movimientos,"SIAC ANAC Argentina - Tablas 9 y 10, pasajeros comerciales por aeropuerto","SIAC ANAC Argentina - Tablas 12 y 13, movimientos comerciales por aeropuerto"
Argentina,JNI,,Junín,2026,,,,,0,0,,,0,,,,,0,0,,,0,6,6,6 meses pasajeros / 6 meses movimientos,"SIAC ANAC Argentina - Tablas 9 y 10, pasajeros comerciales por aeropuerto","SIAC ANAC Argentina - Tablas 12 y 13, movimientos comerciales por aeropuerto"
Argentina,JUJ,SASJ,Aeropuerto Internacional Gobernador Horacio Guzman,2001,,,,,86900,1978,,,88878,,,,,2855,27,,,2882,12,12,12 meses pasajeros / 12 meses movimientos,"SIAC ANAC Argentina - Tablas 9 y 10, pasajeros comerciales por aeropuerto","SIAC ANAC Argentina - Tablas 12 y 13, movimientos comerciales por aeropuerto"
Argentina,JUJ,SASJ,Aeropuerto Internacional Gobernador Horacio Guzman,2002,,,,,61494,2,,,61496,,,,,1669,4,,,1673,12,12,12 meses pasajeros / 12 meses movimientos,"SIAC ANAC Argentina - Tablas 9 y 10, pasajeros comerciales por aeropuerto","SIAC ANAC Argentina - Tablas 12 y 13, movimientos comerciales por aeropuerto"
Argentina,JUJ,SASJ,Aeropuerto Internacional Gobernador Horacio Guzman,2003,,,,,51134,6,,,51140,,,,,939,1,,,940,12,12,12 meses pasajeros / 12 meses movimientos,"SIAC ANAC Argentina - Tablas 9 y 10, pasajeros comerciales por aeropuerto","SIAC ANAC Argentina - Tablas 12 y 13, movimientos comerciales por aeropuerto"
Argentina,JUJ,SASJ,Aeropuerto Internacional Gobernador Horacio Guzman,2004,,,,,68534,7,,,68541,,,,,1208,5,,,1213,12,12,12 meses pasajeros / 12 meses movimientos,"SIAC ANAC Argentina - Tablas 9 y 10, pasajeros comerciales por aeropuerto","SIAC ANAC Argentina - Tablas 12 y 13, movimientos comerciales por aeropuerto"
Argentina,JUJ,SASJ,Aeropuerto Internacional Gobernador Horacio Guzman,2005,,,,,65251,5,,,65256,,,,,980,2,,,982,12,12,12 meses pasajeros / 12 meses movimientos,"SIAC ANAC Argentina - Tablas 9 y 10, pasajeros comerciales por aeropuerto","SIAC ANAC Argentina - Tablas 12 y 13, movimientos comerciales por aeropuerto"
Argentina,JUJ,SASJ,Aeropuerto Internacional Gobernador Horacio Guzman,2006,,,,,61611,64,,,61675,,,,,953,4,,,957,12,12,12 meses pasajeros / 12 meses movimientos,"SIAC ANAC Argentina - Tablas 9 y 10, pasajeros comerciales por aeropuerto","SIAC ANAC Argentina - Tablas 12 y 13, movimientos comerciales por aeropuerto"
Argentina,JUJ,SASJ,Aeropuerto Internacional Gobernador Horacio Guzman,2007,,,,,58478,274,,,58752,,,,,937,5,,,942,12,12,12 meses pasajeros / 12 meses movimientos,"SIAC ANAC Argentina - Tablas 9 y 10, pasajeros comerciales por aeropuerto","SIAC ANAC Argentina - Tablas 12 y 13, movimientos comerciales por aeropuerto"
Argentina,JUJ,SASJ,Aeropuerto Internacional Gobernador Horacio Guzman,2008,,,,,59596,21,,,59617,,,,,1073,10,,,1083,12,12,12 meses pasajeros / 12 meses movimientos,"SIAC ANAC Argentina - Tablas 9 y 10, pasajeros comerciales por aeropuerto","SIAC ANAC Argentina - Tablas 12 y 13, movimientos comerciales por aeropuerto"
Argentina,JUJ,SASJ,Aeropuerto Internacional Gobernador Horacio Guzman,2009,,,,,74632,575,,,75207,,,,,1381,17,,,1398,12,12,12 meses pasajeros / 12 meses movimientos,"SIAC ANAC Argentina - Tablas 9 y 10, pasajeros comerciales por aeropuerto","SIAC ANAC Argentina - Tablas 12 y 13, movimientos comerciales por aeropuerto"
Argentina,JUJ,SASJ,Aeropuerto Internacional Gobernador Horacio Guzman,2010,,,,,87818,1151,,,88969,,,,,1549,38,,,1587,12,12,12 meses pasajeros / 12 meses movimientos,"SIAC ANAC Argentina - Tablas 9 y 10, pasajeros comerciales por aeropuerto","SIAC ANAC Argentina - Tablas 12 y 13, movimientos comerciales por aeropuerto"
Argentina,JUJ,SASJ,Aeropuerto Internacional Gobernador Horacio Guzman,2011,,,,,94208,1260,,,95468,,,,,1521,32,,,1553,12,12,12 meses pasajeros / 12 meses movimientos,"SIAC ANAC Argentina - Tablas 9 y 10, pasajeros comerciales por aeropuerto","SIAC ANAC Argentina - Tablas 12 y 13, movimientos comerciales por aeropuerto"
Argentina,JUJ,SASJ,Aeropuerto Internacional Gobernador Horacio Guzman,2012,,,,,113593,2587,,,116180,,,,,1904,75,,,1979,12,12,12 meses pasajeros / 12 meses movimientos,"SIAC ANAC Argentina - Tablas 9 y 10, pasajeros comerciales por aeropuerto","SIAC ANAC Argentina - Tablas 12 y 13, movimientos comerciales por aeropuerto"
Argentina,JUJ,SASJ,Aeropuerto Internacional Gobernador Horacio Guzman,2013,,,,,139989,20,,,140009,,,,,1893,7,,,1900,12,12,12 meses pasajeros / 12 meses movimientos,"SIAC ANAC Argentina - Tablas 9 y 10, pasajeros comerciales por aeropuerto","SIAC ANAC Argentina - Tablas 12 y 13, movimientos comerciales por aeropuerto"
Argentina,JUJ,SASJ,Aeropuerto Internacional Gobernador Horacio Guzman,2014,,,,,182970,0,,,182970,,,,,2620,0,,,2620,12,12,12 meses pasajeros / 12 meses movimientos,"SIAC ANAC Argentina - Tablas 9 y 10, pasajeros comerciales por aeropuerto","SIAC ANAC Argentina - Tablas 12 y 13, movimientos comerciales por aeropuerto"
Argentina,JUJ,SASJ,Aeropuerto Internacional Gobernador Horacio Guzman,2015,,,,,198771,5,,,198776,,,,,2530,3,,,2533,12,12,12 meses pasajeros / 12 meses movimientos,"SIAC ANAC Argentina - Tablas 9 y 10, pasajeros comerciales por aeropuerto","SIAC ANAC Argentina - Tablas 12 y 13, movimientos comerciales por aeropuerto"
Argentina,JUJ,SASJ,Aeropuerto Internacional Gobernador Horacio Guzman,2016,,,,,219377,119,,,219496,,,,,2948,13,,,2961,12,12,12 meses pasajeros / 12 meses movimientos,"SIAC ANAC Argentina - Tablas 9 y 10, pasajeros comerciales por aeropuerto","SIAC ANAC Argentina - Tablas 12 y 13, movimientos comerciales por aeropuerto"
Argentina,JUJ,SASJ,Aeropuerto Internacional Gobernador Horacio Guzman,2017,,,,,260685,2227,,,262912,,,,,3237,35,,,3272,12,12,12 meses pasajeros / 12 meses movimientos,"SIAC ANAC Argentina - Tablas 9 y 10, pasajeros comerciales por aeropuerto","SIAC ANAC Argentina - Tablas 12 y 13, movimientos comerciales por aeropuerto"
Argentina,JUJ,SASJ,Aeropuerto Internacional Gobernador Horacio Guzman,2018,,,,,393117,3619,,,396736,,,,,4094,64,,,4158,12,12,12 meses pasajeros / 12 meses movimientos,"SIAC ANAC Argentina - Tablas 9 y 10, pasajeros comerciales por aeropuerto","SIAC ANAC Argentina - Tablas 12 y 13, movimientos comerciales por aeropuerto"
Argentina,JUJ,SASJ,Aeropuerto Internacional Gobernador Horacio Guzman,2019,,,,,384939,9,,,384948,,,,,3915,11,,,3926,12,12,12 meses pasajeros / 12 meses movimientos,"SIAC ANAC Argentina - Tablas 9 y 10, pasajeros comerciales por aeropuerto","SIAC ANAC Argentina - Tablas 12 y 13, movimientos comerciales por aeropuerto"
Argentina,JUJ,SASJ,Aeropuerto Internacional Gobernador Horacio Guzman,2020,,,,,85379,1,,,85380,,,,,988,3,,,991,12,12,12 meses pasajeros / 12 meses movimientos,"SIAC ANAC Argentina - Tablas 9 y 10, pasajeros comerciales por aeropuerto","SIAC ANAC Argentina - Tablas 12 y 13, movimientos comerciales por aeropuerto"
Argentina,JUJ,SASJ,Aeropuerto Internacional Gobernador Horacio Guzman,2021,,,,,174020,0,,,174020,,,,,1900,2,,,1902,12,12,12 meses pasajeros / 12 meses movimientos,"SIAC ANAC Argentina - Tablas 9 y 10, pasajeros comerciales por aeropuerto","SIAC ANAC Argentina - Tablas 12 y 13, movimientos comerciales por aeropuerto"
Argentina,JUJ,SASJ,Aeropuerto Internacional Gobernador Horacio Guzman,2022,,,,,447521,12,,,447533,,,,,3636,6,,,3642,12,12,12 meses pasajeros / 12 meses movimientos,"SIAC ANAC Argentina - Tablas 9 y 10, pasajeros comerciales por aeropuerto","SIAC ANAC Argentina - Tablas 12 y 13, movimientos comerciales por aeropuerto"
Argentina,JUJ,SASJ,Aeropuerto Internacional Gobernador Horacio Guzman,2023,,,,,588970,1,,,588971,,,,,4691,1,,,4692,12,12,12 meses pasajeros / 12 meses movimientos,"SIAC ANAC Argentina - Tablas 9 y 10, pasajeros comerciales por aeropuerto","SIAC ANAC Argentina - Tablas 12 y 13, movimientos comerciales por aeropuerto"
Argentina,JUJ,SASJ,Aeropuerto Internacional Gobernador Horacio Guzman,2024,,,,,509142,622,,,509764,,,,,4209,29,,,4238,12,12,12 meses pasajeros / 12 meses movimientos,"SIAC ANAC Argentina - Tablas 9 y 10, pasajeros comerciales por aeropuerto","SIAC ANAC Argentina - Tablas 12 y 13, movimientos comerciales por aeropuerto"
Argentina,JUJ,SASJ,Aeropuerto Internacional Gobernador Horacio Guzman,2025,,,,,491276,3535,,,494811,,,,,4074,208,,,4282,12,12,12 meses pasajeros / 12 meses movimientos,"SIAC ANAC Argentina - Tablas 9 y 10, pasajeros comerciales por aeropuerto","SIAC ANAC Argentina - Tablas 12 y 13, movimientos comerciales por aeropuerto"
Argentina,JUJ,SASJ,Aeropuerto Internacional Gobernador Horacio Guzman,2026,,,,,212039,1981,,,214020,,,,,1817,93,,,1910,6,6,6 meses pasajeros / 6 meses movimientos,"SIAC ANAC Argentina - Tablas 9 y 10, pasajeros comerciales por aeropuerto","SIAC ANAC Argentina - Tablas 12 y 13, movimientos comerciales por aeropuerto"
Argentina,LGS,,Malargüe,2001,,,,,7774,369,,,8143,,,,,189,5,,,194,12,12,12 meses pasajeros / 12 meses movimientos,"SIAC ANAC Argentina - Tablas 9 y 10, pasajeros comerciales por aeropuerto","SIAC ANAC Argentina - Tablas 12 y 13, movimientos comerciales por aeropuerto"
Argentina,LGS,,Malargüe,2002,,,,,10497,1884,,,12381,,,,,149,19,,,168,12,12,12 meses pasajeros / 12 meses movimientos,"SIAC ANAC Argentina - Tablas 9 y 10, pasajeros comerciales por aeropuerto","SIAC ANAC Argentina - Tablas 12 y 13, movimientos comerciales por aeropuerto"
Argentina,LGS,,Malargüe,2003,,,,,7483,1429,,,8912,,,,,95,14,,,109,12,12,12 meses pasajeros / 12 meses movimientos,"SIAC ANAC Argentina - Tablas 9 y 10, pasajeros comerciales por aeropuerto","SIAC ANAC Argentina - Tablas 12 y 13, movimientos comerciales por aeropuerto"
Argentina,LGS,,Malargüe,2004,,,,,7571,866,,,8437,,,,,103,14,,,117,12,12,12 meses pasajeros / 12 meses movimientos,"SIAC ANAC Argentina - Tablas 9 y 10, pasajeros comerciales por aeropuerto","SIAC ANAC Argentina - Tablas 12 y 13, movimientos comerciales por aeropuerto"
Argentina,LGS,,Malargüe,2005,,,,,9924,1017,,,10941,,,,,205,10,,,215,12,12,12 meses pasajeros / 12 meses movimientos,"SIAC ANAC Argentina - Tablas 9 y 10, pasajeros comerciales por aeropuerto","SIAC ANAC Argentina - Tablas 12 y 13, movimientos comerciales por aeropuerto"
Argentina,LGS,,Malargüe,2006,,,,,8702,1176,,,9878,,,,,266,12,,,278,12,12,12 meses pasajeros / 12 meses movimientos,"SIAC ANAC Argentina - Tablas 9 y 10, pasajeros comerciales por aeropuerto","SIAC ANAC Argentina - Tablas 12 y 13, movimientos comerciales por aeropuerto"
Argentina,LGS,,Malargüe,2007,,,,,7900,1357,,,9257,,,,,287,11,,,298,12,12,12 meses pasajeros / 12 meses movimientos,"SIAC ANAC Argentina - Tablas 9 y 10, pasajeros comerciales por aeropuerto","SIAC ANAC Argentina - Tablas 12 y 13, movimientos comerciales por aeropuerto"
Argentina,LGS,,Malargüe,2008,,,,,6048,2020,,,8068,,,,,381,20,,,401,12,12,12 meses pasajeros / 12 meses movimientos,"SIAC ANAC Argentina - Tablas 9 y 10, pasajeros comerciales por aeropuerto","SIAC ANAC Argentina - Tablas 12 y 13, movimientos comerciales por aeropuerto"
Argentina,LGS,,Malargüe,2009,,,,,5363,0,,,5363,,,,,435,0,,,435,12,12,12 meses pasajeros / 12 meses movimientos,"SIAC ANAC Argentina - Tablas 9 y 10, pasajeros comerciales por aeropuerto","SIAC ANAC Argentina - Tablas 12 y 13, movimientos comerciales por aeropuerto"
Argentina,LGS,,Malargüe,2010,,,,,5965,1241,,,7206,,,,,336,17,,,353,12,12,12 meses pasajeros / 12 meses movimientos,"SIAC ANAC Argentina - Tablas 9 y 10, pasajeros comerciales por aeropuerto","SIAC ANAC Argentina - Tablas 12 y 13, movimientos comerciales por aeropuerto"
Argentina,LGS,,Malargüe,2011,,,,,4520,773,,,5293,,,,,325,8,,,333,12,12,12 meses pasajeros / 12 meses movimientos,"SIAC ANAC Argentina - Tablas 9 y 10, pasajeros comerciales por aeropuerto","SIAC ANAC Argentina - Tablas 12 y 13, movimientos comerciales por aeropuerto"
Argentina,LGS,,Malargüe,2012,,,,,3247,303,,,3550,,,,,389,7,,,396,12,12,12 meses pasajeros / 12 meses movimientos,"SIAC ANAC Argentina - Tablas 9 y 10, pasajeros comerciales por aeropuerto","SIAC ANAC Argentina - Tablas 12 y 13, movimientos comerciales por aeropuerto"
Argentina,LGS,,Malargüe,2013,,,,,3472,646,,,4118,,,,,292,9,,,301,12,12,12 meses pasajeros / 12 meses movimientos,"SIAC ANAC Argentina - Tablas 9 y 10, pasajeros comerciales por aeropuerto","SIAC ANAC Argentina - Tablas 12 y 13, movimientos comerciales por aeropuerto"
Argentina,LGS,,Malargüe,2014,,,,,2778,308,,,3086,,,,,320,5,,,325,12,12,12 meses pasajeros / 12 meses movimientos,"SIAC ANAC Argentina - Tablas 9 y 10, pasajeros comerciales por aeropuerto","SIAC ANAC Argentina - Tablas 12 y 13, movimientos comerciales por aeropuerto"
Argentina,LGS,,Malargüe,2015,,,,,2305,280,,,2585,,,,,245,10,,,255,12,12,12 meses pasajeros / 12 meses movimientos,"SIAC ANAC Argentina - Tablas 9 y 10, pasajeros comerciales por aeropuerto","SIAC ANAC Argentina - Tablas 12 y 13, movimientos comerciales por aeropuerto"
Argentina,LGS,,Malargüe,2016,,,,,1954,0,,,1954,,,,,219,0,,,219,12,12,12 meses pasajeros / 12 meses movimientos,"SIAC ANAC Argentina - Tablas 9 y 10, pasajeros comerciales por aeropuerto","SIAC ANAC Argentina - Tablas 12 y 13, movimientos comerciales por aeropuerto"
Argentina,LGS,,Malargüe,2017,,,,,1427,0,,,1427,,,,,87,0,,,87,12,12,12 meses pasajeros / 12 meses movimientos,"SIAC ANAC Argentina - Tablas 9 y 10, pasajeros comerciales por aeropuerto","SIAC ANAC Argentina - Tablas 12 y 13, movimientos comerciales por aeropuerto"
Argentina,LGS,,Malargüe,2018,,,,,543,0,,,543,,,,,34,0,,,34,12,12,12 meses pasajeros / 12 meses movimientos,"SIAC ANAC Argentina - Tablas 9 y 10, pasajeros comerciales por aeropuerto","SIAC ANAC Argentina - Tablas 12 y 13, movimientos comerciales por aeropuerto"
Argentina,LGS,,Malargüe,2019,,,,,472,0,,,472,,,,,55,0,,,55,12,12,12 meses pasajeros / 12 meses movimientos,"SIAC ANAC Argentina - Tablas 9 y 10, pasajeros comerciales por aeropuerto","SIAC ANAC Argentina - Tablas 12 y 13, movimientos comerciales por aeropuerto"
Argentina,LGS,,Malargüe,2020,,,,,8,0,,,8,,,,,10,0,,,10,12,12,12 meses pasajeros / 12 meses movimientos,"SIAC ANAC Argentina - Tablas 9 y 10, pasajeros comerciales por aeropuerto","SIAC ANAC Argentina - Tablas 12 y 13, movimientos comerciales por aeropuerto"
Argentina,LGS,,Malargüe,2021,,,,,89,0,,,89,,,,,36,0,,,36,12,12,12 meses pasajeros / 12 meses movimientos,"SIAC ANAC Argentina - Tablas 9 y 10, pasajeros comerciales por aeropuerto","SIAC ANAC Argentina - Tablas 12 y 13, movimientos comerciales por aeropuerto"
Argentina,LGS,,Malargüe,2022,,,,,1680,0,,,1680,,,,,370,0,,,370,12,12,12 meses pasajeros / 12 meses movimientos,"SIAC ANAC Argentina - Tablas 9 y 10, pasajeros comerciales por aeropuerto","SIAC ANAC Argentina - Tablas 12 y 13, movimientos comerciales por aeropuerto"
Argentina,LGS,,Malargüe,2023,,,,,539,8,,,547,,,,,130,1,,,131,12,12,12 meses pasajeros / 12 meses movimientos,"SIAC ANAC Argentina - Tablas 9 y 10, pasajeros comerciales por aeropuerto","SIAC ANAC Argentina - Tablas 12 y 13, movimientos comerciales por aeropuerto"
Argentina,LGS,,Malargüe,2024,,,,,63,11,,,74,,,,,28,3,,,31,12,12,12 meses pasajeros / 12 meses movimientos,"SIAC ANAC Argentina - Tablas 9 y 10, pasajeros comerciales por aeropuerto","SIAC ANAC Argentina - Tablas 12 y 13, movimientos comerciales por aeropuerto"
Argentina,LGS,,Malargüe,2025,,,,,18,0,,,18,,,,,18,0,,,18,12,12,12 meses pasajeros / 12 meses movimientos,"SIAC ANAC Argentina - Tablas 9 y 10, pasajeros comerciales por aeropuerto","SIAC ANAC Argentina - Tablas 12 y 13, movimientos comerciales por aeropuerto"
Argentina,LGS,,Malargüe,2026,,,,,33,0,,,33,,,,,14,0,,,14,6,6,6 meses pasajeros / 6 meses movimientos,"SIAC ANAC Argentina - Tablas 9 y 10, pasajeros comerciales por aeropuerto","SIAC ANAC Argentina - Tablas 12 y 13, movimientos comerciales por aeropuerto"
Argentina,LPG,,La Plata,2001,,,,,0,0,,,0,,,,,0,0,,,0,12,12,12 meses pasajeros / 12 meses movimientos,"SIAC ANAC Argentina - Tablas 9 y 10, pasajeros comerciales por aeropuerto","SIAC ANAC Argentina - Tablas 12 y 13, movimientos comerciales por aeropuerto"
Argentina,LPG,,La Plata,2002,,,,,14,0,,,14,,,,,10,0,,,10,12,12,12 meses pasajeros / 12 meses movimientos,"SIAC ANAC Argentina - Tablas 9 y 10, pasajeros comerciales por aeropuerto","SIAC ANAC Argentina - Tablas 12 y 13, movimientos comerciales por aeropuerto"
Argentina,LPG,,La Plata,2003,,,,,0,0,,,0,,,,,1,0,,,1,12,12,12 meses pasajeros / 12 meses movimientos,"SIAC ANAC Argentina - Tablas 9 y 10, pasajeros comerciales por aeropuerto","SIAC ANAC Argentina - Tablas 12 y 13, movimientos comerciales por aeropuerto"
Argentina,LPG,,La Plata,2004,,,,,0,0,,,0,,,,,0,0,,,0,12,12,12 meses pasajeros / 12 meses movimientos,"SIAC ANAC Argentina - Tablas 9 y 10, pasajeros comerciales por aeropuerto","SIAC ANAC Argentina - Tablas 12 y 13, movimientos comerciales por aeropuerto"
Argentina,LPG,,La Plata,2005,,,,,0,0,,,0,,,,,0,0,,,0,12,12,12 meses pasajeros / 12 meses movimientos,"SIAC ANAC Argentina - Tablas 9 y 10, pasajeros comerciales por aeropuerto","SIAC ANAC Argentina - Tablas 12 y 13, movimientos comerciales por aeropuerto"
Argentina,LPG,,La Plata,2006,,,,,0,0,,,0,,,,,0,0,,,0,12,12,12 meses pasajeros / 12 meses movimientos,"SIAC ANAC Argentina - Tablas 9 y 10, pasajeros comerciales por aeropuerto","SIAC ANAC Argentina - Tablas 12 y 13, movimientos comerciales por aeropuerto"
Argentina,LPG,,La Plata,2007,,,,,0,0,,,0,,,,,0,0,,,0,12,12,12 meses pasajeros / 12 meses movimientos,"SIAC ANAC Argentina - Tablas 9 y 10, pasajeros comerciales por aeropuerto","SIAC ANAC Argentina - Tablas 12 y 13, movimientos comerciales por aeropuerto"
Argentina,LPG,,La Plata,2008,,,,,0,0,,,0,,,,,0,0,,,0,12,12,12 meses pasajeros / 12 meses movimientos,"SIAC ANAC Argentina - Tablas 9 y 10, pasajeros comerciales por aeropuerto","SIAC ANAC Argentina - Tablas 12 y 13, movimientos comerciales por aeropuerto"
Argentina,LPG,,La Plata,2009,,,,,0,0,,,0,,,,,0,0,,,0,12,12,12 meses pasajeros / 12 meses movimientos,"SIAC ANAC Argentina - Tablas 9 y 10, pasajeros comerciales por aeropuerto","SIAC ANAC Argentina - Tablas 12 y 13, movimientos comerciales por aeropuerto"
Argentina,LPG,,La Plata,2010,,,,,0,0,,,0,,,,,0,0,,,0,12,12,12 meses pasajeros / 12 meses movimientos,"SIAC ANAC Argentina - Tablas 9 y 10, pasajeros comerciales por aeropuerto","SIAC ANAC Argentina - Tablas 12 y 13, movimientos comerciales por aeropuerto"
Argentina,LPG,,La Plata,2011,,,,,0,0,,,0,,,,,0,0,,,0,12,12,12 meses pasajeros / 12 meses movimientos,"SIAC ANAC Argentina - Tablas 9 y 10, pasajeros comerciales por aeropuerto","SIAC ANAC Argentina - Tablas 12 y 13, movimientos comerciales por aeropuerto"
Argentina,LPG,,La Plata,2012,,,,,0,0,,,0,,,,,0,0,,,0,12,12,12 meses pasajeros / 12 meses movimientos,"SIAC ANAC Argentina - Tablas 9 y 10, pasajeros comerciales por aeropuerto","SIAC ANAC Argentina - Tablas 12 y 13, movimientos comerciales por aeropuerto"
Argentina,LPG,,La Plata,2013,,,,,802,0,,,802,,,,,790,0,,,790,12,12,12 meses pasajeros / 12 meses movimientos,"SIAC ANAC Argentina - Tablas 9 y 10, pasajeros comerciales por aeropuerto","SIAC ANAC Argentina - Tablas 12 y 13, movimientos comerciales por aeropuerto"
Argentina,LPG,,La Plata,2014,,,,,87,0,,,87,,,,,83,0,,,83,12,12,12 meses pasajeros / 12 meses movimientos,"SIAC ANAC Argentina - Tablas 9 y 10, pasajeros comerciales por aeropuerto","SIAC ANAC Argentina - Tablas 12 y 13, movimientos comerciales por aeropuerto"
Argentina,LPG,,La Plata,2015,,,,,13,0,,,13,,,,,15,0,,,15,12,12,12 meses pasajeros / 12 meses movimientos,"SIAC ANAC Argentina - Tablas 9 y 10, pasajeros comerciales por aeropuerto","SIAC ANAC Argentina - Tablas 12 y 13, movimientos comerciales por aeropuerto"
Argentina,LPG,,La Plata,2016,,,,,32,0,,,32,,,,,27,0,,,27,12,12,12 meses pasajeros / 12 meses movimientos,"SIAC ANAC Argentina - Tablas 9 y 10, pasajeros comerciales por aeropuerto","SIAC ANAC Argentina - Tablas 12 y 13, movimientos comerciales por aeropuerto"
Argentina,LPG,,La Plata,2017,,,,,17,0,,,17,,,,,6,0,,,6,12,12,12 meses pasajeros / 12 meses movimientos,"SIAC ANAC Argentina - Tablas 9 y 10, pasajeros comerciales por aeropuerto","SIAC ANAC Argentina - Tablas 12 y 13, movimientos comerciales por aeropuerto"
Argentina,LPG,,La Plata,2018,,,,,0,0,,,0,,,,,0,0,,,0,12,12,12 meses pasajeros / 12 meses movimientos,"SIAC ANAC Argentina - Tablas 9 y 10, pasajeros comerciales por aeropuerto","SIAC ANAC Argentina - Tablas 12 y 13, movimientos comerciales por aeropuerto"
Argentina,LPG,,La Plata,2019,,,,,0,0,,,0,,,,,0,0,,,0,12,12,12 meses pasajeros / 12 meses movimientos,"SIAC ANAC Argentina - Tablas 9 y 10, pasajeros comerciales por aeropuerto","SIAC ANAC Argentina - Tablas 12 y 13, movimientos comerciales por aeropuerto"
Argentina,LPG,,La Plata,2020,,,,,0,0,,,0,,,,,0,0,,,0,12,12,12 meses pasajeros / 12 meses movimientos,"SIAC ANAC Argentina - Tablas 9 y 10, pasajeros comerciales por aeropuerto","SIAC ANAC Argentina - Tablas 12 y 13, movimientos comerciales por aeropuerto"
Argentina,LPG,,La Plata,2021,,,,,0,0,,,0,,,,,0,0,,,0,12,12,12 meses pasajeros / 12 meses movimientos,"SIAC ANAC Argentina - Tablas 9 y 10, pasajeros comerciales por aeropuerto","SIAC ANAC Argentina - Tablas 12 y 13, movimientos comerciales por aeropuerto"
Argentina,LPG,,La Plata,2022,,,,,0,0,,,0,,,,,0,0,,,0,12,12,12 meses pasajeros / 12 meses movimientos,"SIAC ANAC Argentina - Tablas 9 y 10, pasajeros comerciales por aeropuerto","SIAC ANAC Argentina - Tablas 12 y 13, movimientos comerciales por aeropuerto"
Argentina,LPG,,La Plata,2023,,,,,0,0,,,0,,,,,0,0,,,0,12,12,12 meses pasajeros / 12 meses movimientos,"SIAC ANAC Argentina - Tablas 9 y 10, pasajeros comerciales por aeropuerto","SIAC ANAC Argentina - Tablas 12 y 13, movimientos comerciales por aeropuerto"
Argentina,LPG,,La Plata,2024,,,,,0,0,,,0,,,,,0,0,,,0,12,12,12 meses pasajeros / 12 meses movimientos,"SIAC ANAC Argentina - Tablas 9 y 10, pasajeros comerciales por aeropuerto","SIAC ANAC Argentina - Tablas 12 y 13, movimientos comerciales por aeropuerto"
Argentina,LPG,,La Plata,2025,,,,,0,0,,,0,,,,,0,0,,,0,12,12,12 meses pasajeros / 12 meses movimientos,"SIAC ANAC Argentina - Tablas 9 y 10, pasajeros comerciales por aeropuerto","SIAC ANAC Argentina - Tablas 12 y 13, movimientos comerciales por aeropuerto"
Argentina,LPG,,La Plata,2026,,,,,0,0,,,0,,,,,0,0,,,0,6,6,6 meses pasajeros / 6 meses movimientos,"SIAC ANAC Argentina - Tablas 9 y 10, pasajeros comerciales por aeropuerto","SIAC ANAC Argentina - Tablas 12 y 13, movimientos comerciales por aeropuerto"
Argentina,LUQ,SAOU,Aeropuerto Brigadier Mayor D Cesar Raul Ojeda,2001,,,,,54452,0,,,54452,,,,,1873,0,,,1873,12,12,12 meses pasajeros / 12 meses movimientos,"SIAC ANAC Argentina - Tablas 9 y 10, pasajeros comerciales por aeropuerto","SIAC ANAC Argentina - Tablas 12 y 13, movimientos comerciales por aeropuerto"
Argentina,LUQ,SAOU,Aeropuerto Brigadier Mayor D Cesar Raul Ojeda,2002,,,,,44596,0,,,44596,,,,,1234,0,,,1234,12,12,12 meses pasajeros / 12 meses movimientos,"SIAC ANAC Argentina - Tablas 9 y 10, pasajeros comerciales por aeropuerto","SIAC ANAC Argentina - Tablas 12 y 13, movimientos comerciales por aeropuerto"
Argentina,LUQ,SAOU,Aeropuerto Brigadier Mayor D Cesar Raul Ojeda,2003,,,,,31814,0,,,31814,,,,,637,0,,,637,12,12,12 meses pasajeros / 12 meses movimientos,"SIAC ANAC Argentina - Tablas 9 y 10, pasajeros comerciales por aeropuerto","SIAC ANAC Argentina - Tablas 12 y 13, movimientos comerciales por aeropuerto"
Argentina,LUQ,SAOU,Aeropuerto Brigadier Mayor D Cesar Raul Ojeda,2004,,,,,37916,0,,,37916,,,,,748,0,,,748,12,12,12 meses pasajeros / 12 meses movimientos,"SIAC ANAC Argentina - Tablas 9 y 10, pasajeros comerciales por aeropuerto","SIAC ANAC Argentina - Tablas 12 y 13, movimientos comerciales por aeropuerto"
Argentina,LUQ,SAOU,Aeropuerto Brigadier Mayor D Cesar Raul Ojeda,2005,,,,,37985,13,,,37998,,,,,872,2,,,874,12,12,12 meses pasajeros / 12 meses movimientos,"SIAC ANAC Argentina - Tablas 9 y 10, pasajeros comerciales por aeropuerto","SIAC ANAC Argentina - Tablas 12 y 13, movimientos comerciales por aeropuerto"
Argentina,LUQ,SAOU,Aeropuerto Brigadier Mayor D Cesar Raul Ojeda,2006,,,,,34083,0,,,34083,,,,,717,0,,,717,12,12,12 meses pasajeros / 12 meses movimientos,"SIAC ANAC Argentina - Tablas 9 y 10, pasajeros comerciales por aeropuerto","SIAC ANAC Argentina - Tablas 12 y 13, movimientos comerciales por aeropuerto"
Argentina,LUQ,SAOU,Aeropuerto Brigadier Mayor D Cesar Raul Ojeda,2007,,,,,23652,20,,,23672,,,,,636,2,,,638,12,12,12 meses pasajeros / 12 meses movimientos,"SIAC ANAC Argentina - Tablas 9 y 10, pasajeros comerciales por aeropuerto","SIAC ANAC Argentina - Tablas 12 y 13, movimientos comerciales por aeropuerto"
Argentina,LUQ,SAOU,Aeropuerto Brigadier Mayor D Cesar Raul Ojeda,2008,,,,,20942,0,,,20942,,,,,765,0,,,765,12,12,12 meses pasajeros / 12 meses movimientos,"SIAC ANAC Argentina - Tablas 9 y 10, pasajeros comerciales por aeropuerto","SIAC ANAC Argentina - Tablas 12 y 13, movimientos comerciales por aeropuerto"
Argentina,LUQ,SAOU,Aeropuerto Brigadier Mayor D Cesar Raul Ojeda,2009,,,,,29717,13,,,29730,,,,,1151,4,,,1155,12,12,12 meses pasajeros / 12 meses movimientos,"SIAC ANAC Argentina - Tablas 9 y 10, pasajeros comerciales por aeropuerto","SIAC ANAC Argentina - Tablas 12 y 13, movimientos comerciales por aeropuerto"
Argentina,LUQ,SAOU,Aeropuerto Brigadier Mayor D Cesar Raul Ojeda,2010,,,,,25374,0,,,25374,,,,,1163,0,,,1163,12,12,12 meses pasajeros / 12 meses movimientos,"SIAC ANAC Argentina - Tablas 9 y 10, pasajeros comerciales por aeropuerto","SIAC ANAC Argentina - Tablas 12 y 13, movimientos comerciales por aeropuerto"
Argentina,LUQ,SAOU,Aeropuerto Brigadier Mayor D Cesar Raul Ojeda,2011,,,,,14832,8,,,14840,,,,,720,2,,,722,12,12,12 meses pasajeros / 12 meses movimientos,"SIAC ANAC Argentina - Tablas 9 y 10, pasajeros comerciales por aeropuerto","SIAC ANAC Argentina - Tablas 12 y 13, movimientos comerciales por aeropuerto"
Argentina,LUQ,SAOU,Aeropuerto Brigadier Mayor D Cesar Raul Ojeda,2012,,,,,21013,0,,,21013,,,,,705,0,,,705,12,12,12 meses pasajeros / 12 meses movimientos,"SIAC ANAC Argentina - Tablas 9 y 10, pasajeros comerciales por aeropuerto","SIAC ANAC Argentina - Tablas 12 y 13, movimientos comerciales por aeropuerto"
Argentina,LUQ,SAOU,Aeropuerto Brigadier Mayor D Cesar Raul Ojeda,2013,,,,,34095,0,,,34095,,,,,704,0,,,704,12,12,12 meses pasajeros / 12 meses movimientos,"SIAC ANAC Argentina - Tablas 9 y 10, pasajeros comerciales por aeropuerto","SIAC ANAC Argentina - Tablas 12 y 13, movimientos comerciales por aeropuerto"
Argentina,LUQ,SAOU,Aeropuerto Brigadier Mayor D Cesar Raul Ojeda,2014,,,,,43405,0,,,43405,,,,,808,0,,,808,12,12,12 meses pasajeros / 12 meses movimientos,"SIAC ANAC Argentina - Tablas 9 y 10, pasajeros comerciales por aeropuerto","SIAC ANAC Argentina - Tablas 12 y 13, movimientos comerciales por aeropuerto"
Argentina,LUQ,SAOU,Aeropuerto Brigadier Mayor D Cesar Raul Ojeda,2015,,,,,58865,0,,,58865,,,,,1207,0,,,1207,12,12,12 meses pasajeros / 12 meses movimientos,"SIAC ANAC Argentina - Tablas 9 y 10, pasajeros comerciales por aeropuerto","SIAC ANAC Argentina - Tablas 12 y 13, movimientos comerciales por aeropuerto"
Argentina,LUQ,SAOU,Aeropuerto Brigadier Mayor D Cesar Raul Ojeda,2016,,,,,92608,0,,,92608,,,,,1540,0,,,1540,12,12,12 meses pasajeros / 12 meses movimientos,"SIAC ANAC Argentina - Tablas 9 y 10, pasajeros comerciales por aeropuerto","SIAC ANAC Argentina - Tablas 12 y 13, movimientos comerciales por aeropuerto"
Argentina,LUQ,SAOU,Aeropuerto Brigadier Mayor D Cesar Raul Ojeda,2017,,,,,89312,12,,,89324,,,,,1298,2,,,1300,12,12,12 meses pasajeros / 12 meses movimientos,"SIAC ANAC Argentina - Tablas 9 y 10, pasajeros comerciales por aeropuerto","SIAC ANAC Argentina - Tablas 12 y 13, movimientos comerciales por aeropuerto"
Argentina,LUQ,SAOU,Aeropuerto Brigadier Mayor D Cesar Raul Ojeda,2018,,,,,89563,0,,,89563,,,,,1307,0,,,1307,12,12,12 meses pasajeros / 12 meses movimientos,"SIAC ANAC Argentina - Tablas 9 y 10, pasajeros comerciales por aeropuerto","SIAC ANAC Argentina - Tablas 12 y 13, movimientos comerciales por aeropuerto"
Argentina,LUQ,SAOU,Aeropuerto Brigadier Mayor D Cesar Raul Ojeda,2019,,,,,73362,0,,,73362,,,,,1019,0,,,1019,12,12,12 meses pasajeros / 12 meses movimientos,"SIAC ANAC Argentina - Tablas 9 y 10, pasajeros comerciales por aeropuerto","SIAC ANAC Argentina - Tablas 12 y 13, movimientos comerciales por aeropuerto"
Argentina,LUQ,SAOU,Aeropuerto Brigadier Mayor D Cesar Raul Ojeda,2020,,,,,13978,0,,,13978,,,,,276,0,,,276,12,12,12 meses pasajeros / 12 meses movimientos,"SIAC ANAC Argentina - Tablas 9 y 10, pasajeros comerciales por aeropuerto","SIAC ANAC Argentina - Tablas 12 y 13, movimientos comerciales por aeropuerto"
Argentina,LUQ,SAOU,Aeropuerto Brigadier Mayor D Cesar Raul Ojeda,2021,,,,,22558,0,,,22558,,,,,392,0,,,392,12,12,12 meses pasajeros / 12 meses movimientos,"SIAC ANAC Argentina - Tablas 9 y 10, pasajeros comerciales por aeropuerto","SIAC ANAC Argentina - Tablas 12 y 13, movimientos comerciales por aeropuerto"
Argentina,LUQ,SAOU,Aeropuerto Brigadier Mayor D Cesar Raul Ojeda,2022,,,,,64422,0,,,64422,,,,,852,0,,,852,12,12,12 meses pasajeros / 12 meses movimientos,"SIAC ANAC Argentina - Tablas 9 y 10, pasajeros comerciales por aeropuerto","SIAC ANAC Argentina - Tablas 12 y 13, movimientos comerciales por aeropuerto"
Argentina,LUQ,SAOU,Aeropuerto Brigadier Mayor D Cesar Raul Ojeda,2023,,,,,69887,0,,,69887,,,,,914,0,,,914,12,12,12 meses pasajeros / 12 meses movimientos,"SIAC ANAC Argentina - Tablas 9 y 10, pasajeros comerciales por aeropuerto","SIAC ANAC Argentina - Tablas 12 y 13, movimientos comerciales por aeropuerto"
Argentina,LUQ,SAOU,Aeropuerto Brigadier Mayor D Cesar Raul Ojeda,2024,,,,,59847,0,,,59847,,,,,904,0,,,904,12,12,12 meses pasajeros / 12 meses movimientos,"SIAC ANAC Argentina - Tablas 9 y 10, pasajeros comerciales por aeropuerto","SIAC ANAC Argentina - Tablas 12 y 13, movimientos comerciales por aeropuerto"
Argentina,LUQ,SAOU,Aeropuerto Brigadier Mayor D Cesar Raul Ojeda,2025,,,,,59902,183,,,60085,,,,,766,1,,,767,12,12,12 meses pasajeros / 12 meses movimientos,"SIAC ANAC Argentina - Tablas 9 y 10, pasajeros comerciales por aeropuerto","SIAC ANAC Argentina - Tablas 12 y 13, movimientos comerciales por aeropuerto"
Argentina,LUQ,SAOU,Aeropuerto Brigadier Mayor D Cesar Raul Ojeda,2026,,,,,28418,4,,,28422,,,,,359,2,,,361,6,6,6 meses pasajeros / 6 meses movimientos,"SIAC ANAC Argentina - Tablas 9 y 10, pasajeros comerciales por aeropuerto","SIAC ANAC Argentina - Tablas 12 y 13, movimientos comerciales por aeropuerto"
Argentina,MDQ,SAZM,Aeropuerto Internacional Ástor Piazzola,2001,,,,,281788,1185,,,282973,,,,,7375,38,,,7413,12,12,12 meses pasajeros / 12 meses movimientos,"SIAC ANAC Argentina - Tablas 9 y 10, pasajeros comerciales por aeropuerto","SIAC ANAC Argentina - Tablas 12 y 13, movimientos comerciales por aeropuerto"
Argentina,MDQ,SAZM,Aeropuerto Internacional Ástor Piazzola,2002,,,,,232594,21,,,232615,,,,,7479,11,,,7490,12,12,12 meses pasajeros / 12 meses movimientos,"SIAC ANAC Argentina - Tablas 9 y 10, pasajeros comerciales por aeropuerto","SIAC ANAC Argentina - Tablas 12 y 13, movimientos comerciales por aeropuerto"
Argentina,MDQ,SAZM,Aeropuerto Internacional Ástor Piazzola,2003,,,,,200380,1614,,,201994,,,,,5075,33,,,5108,12,12,12 meses pasajeros / 12 meses movimientos,"SIAC ANAC Argentina - Tablas 9 y 10, pasajeros comerciales por aeropuerto","SIAC ANAC Argentina - Tablas 12 y 13, movimientos comerciales por aeropuerto"
Argentina,MDQ,SAZM,Aeropuerto Internacional Ástor Piazzola,2004,,,,,187103,736,,,187839,,,,,3822,25,,,3847,12,12,12 meses pasajeros / 12 meses movimientos,"SIAC ANAC Argentina - Tablas 9 y 10, pasajeros comerciales por aeropuerto","SIAC ANAC Argentina - Tablas 12 y 13, movimientos comerciales por aeropuerto"
Argentina,MDQ,SAZM,Aeropuerto Internacional Ástor Piazzola,2005,,,,,175639,55,,,175694,,,,,2755,23,,,2778,12,12,12 meses pasajeros / 12 meses movimientos,"SIAC ANAC Argentina - Tablas 9 y 10, pasajeros comerciales por aeropuerto","SIAC ANAC Argentina - Tablas 12 y 13, movimientos comerciales por aeropuerto"
Argentina,MDQ,SAZM,Aeropuerto Internacional Ástor Piazzola,2006,,,,,149504,65,,,149569,,,,,2479,20,,,2499,12,12,12 meses pasajeros / 12 meses movimientos,"SIAC ANAC Argentina - Tablas 9 y 10, pasajeros comerciales por aeropuerto","SIAC ANAC Argentina - Tablas 12 y 13, movimientos comerciales por aeropuerto"
Argentina,MDQ,SAZM,Aeropuerto Internacional Ástor Piazzola,2007,,,,,101873,96,,,101969,,,,,2172,38,,,2210,12,12,12 meses pasajeros / 12 meses movimientos,"SIAC ANAC Argentina - Tablas 9 y 10, pasajeros comerciales por aeropuerto","SIAC ANAC Argentina - Tablas 12 y 13, movimientos comerciales por aeropuerto"
Argentina,MDQ,SAZM,Aeropuerto Internacional Ástor Piazzola,2008,,,,,78097,167,,,78264,,,,,2713,41,,,2754,12,12,12 meses pasajeros / 12 meses movimientos,"SIAC ANAC Argentina - Tablas 9 y 10, pasajeros comerciales por aeropuerto","SIAC ANAC Argentina - Tablas 12 y 13, movimientos comerciales por aeropuerto"
Argentina,MDQ,SAZM,Aeropuerto Internacional Ástor Piazzola,2009,,,,,102116,163,,,102279,,,,,2554,34,,,2588,12,12,12 meses pasajeros / 12 meses movimientos,"SIAC ANAC Argentina - Tablas 9 y 10, pasajeros comerciales por aeropuerto","SIAC ANAC Argentina - Tablas 12 y 13, movimientos comerciales por aeropuerto"
Argentina,MDQ,SAZM,Aeropuerto Internacional Ástor Piazzola,2010,,,,,113579,117,,,113696,,,,,2836,34,,,2870,12,12,12 meses pasajeros / 12 meses movimientos,"SIAC ANAC Argentina - Tablas 9 y 10, pasajeros comerciales por aeropuerto","SIAC ANAC Argentina - Tablas 12 y 13, movimientos comerciales por aeropuerto"
Argentina,MDQ,SAZM,Aeropuerto Internacional Ástor Piazzola,2011,,,,,98007,130,,,98137,,,,,2272,36,,,2308,12,12,12 meses pasajeros / 12 meses movimientos,"SIAC ANAC Argentina - Tablas 9 y 10, pasajeros comerciales por aeropuerto","SIAC ANAC Argentina - Tablas 12 y 13, movimientos comerciales por aeropuerto"
Argentina,MDQ,SAZM,Aeropuerto Internacional Ástor Piazzola,2012,,,,,112727,66,,,112793,,,,,2964,28,,,2992,12,12,12 meses pasajeros / 12 meses movimientos,"SIAC ANAC Argentina - Tablas 9 y 10, pasajeros comerciales por aeropuerto","SIAC ANAC Argentina - Tablas 12 y 13, movimientos comerciales por aeropuerto"
Argentina,MDQ,SAZM,Aeropuerto Internacional Ástor Piazzola,2013,,,,,131234,196,,,131430,,,,,3542,57,,,3599,12,12,12 meses pasajeros / 12 meses movimientos,"SIAC ANAC Argentina - Tablas 9 y 10, pasajeros comerciales por aeropuerto","SIAC ANAC Argentina - Tablas 12 y 13, movimientos comerciales por aeropuerto"
Argentina,MDQ,SAZM,Aeropuerto Internacional Ástor Piazzola,2014,,,,,133829,136,,,133965,,,,,3404,38,,,3442,12,12,12 meses pasajeros / 12 meses movimientos,"SIAC ANAC Argentina - Tablas 9 y 10, pasajeros comerciales por aeropuerto","SIAC ANAC Argentina - Tablas 12 y 13, movimientos comerciales por aeropuerto"
Argentina,MDQ,SAZM,Aeropuerto Internacional Ástor Piazzola,2015,,,,,182793,96,,,182889,,,,,4297,32,,,4329,12,12,12 meses pasajeros / 12 meses movimientos,"SIAC ANAC Argentina - Tablas 9 y 10, pasajeros comerciales por aeropuerto","SIAC ANAC Argentina - Tablas 12 y 13, movimientos comerciales por aeropuerto"
Argentina,MDQ,SAZM,Aeropuerto Internacional Ástor Piazzola,2016,,,,,194467,99,,,194566,,,,,3108,29,,,3137,12,12,12 meses pasajeros / 12 meses movimientos,"SIAC ANAC Argentina - Tablas 9 y 10, pasajeros comerciales por aeropuerto","SIAC ANAC Argentina - Tablas 12 y 13, movimientos comerciales por aeropuerto"
Argentina,MDQ,SAZM,Aeropuerto Internacional Ástor Piazzola,2017,,,,,279686,295,,,279981,,,,,4646,48,,,4694,12,12,12 meses pasajeros / 12 meses movimientos,"SIAC ANAC Argentina - Tablas 9 y 10, pasajeros comerciales por aeropuerto","SIAC ANAC Argentina - Tablas 12 y 13, movimientos comerciales por aeropuerto"
Argentina,MDQ,SAZM,Aeropuerto Internacional Ástor Piazzola,2018,,,,,454033,129,,,454162,,,,,7588,42,,,7630,12,12,12 meses pasajeros / 12 meses movimientos,"SIAC ANAC Argentina - Tablas 9 y 10, pasajeros comerciales por aeropuerto","SIAC ANAC Argentina - Tablas 12 y 13, movimientos comerciales por aeropuerto"
Argentina,MDQ,SAZM,Aeropuerto Internacional Ástor Piazzola,2019,,,,,377321,215,,,377536,,,,,6314,35,,,6349,12,12,12 meses pasajeros / 12 meses movimientos,"SIAC ANAC Argentina - Tablas 9 y 10, pasajeros comerciales por aeropuerto","SIAC ANAC Argentina - Tablas 12 y 13, movimientos comerciales por aeropuerto"
Argentina,MDQ,SAZM,Aeropuerto Internacional Ástor Piazzola,2020,,,,,112053,70,,,112123,,,,,1755,27,,,1782,12,12,12 meses pasajeros / 12 meses movimientos,"SIAC ANAC Argentina - Tablas 9 y 10, pasajeros comerciales por aeropuerto","SIAC ANAC Argentina - Tablas 12 y 13, movimientos comerciales por aeropuerto"
Argentina,MDQ,SAZM,Aeropuerto Internacional Ástor Piazzola,2021,,,,,85502,26,,,85528,,,,,1854,5,,,1859,12,12,12 meses pasajeros / 12 meses movimientos,"SIAC ANAC Argentina - Tablas 9 y 10, pasajeros comerciales por aeropuerto","SIAC ANAC Argentina - Tablas 12 y 13, movimientos comerciales por aeropuerto"
Argentina,MDQ,SAZM,Aeropuerto Internacional Ástor Piazzola,2022,,,,,268760,71,,,268831,,,,,3670,22,,,3692,12,12,12 meses pasajeros / 12 meses movimientos,"SIAC ANAC Argentina - Tablas 9 y 10, pasajeros comerciales por aeropuerto","SIAC ANAC Argentina - Tablas 12 y 13, movimientos comerciales por aeropuerto"
Argentina,MDQ,SAZM,Aeropuerto Internacional Ástor Piazzola,2023,,,,,303681,114,,,303795,,,,,4468,43,,,4511,12,12,12 meses pasajeros / 12 meses movimientos,"SIAC ANAC Argentina - Tablas 9 y 10, pasajeros comerciales por aeropuerto","SIAC ANAC Argentina - Tablas 12 y 13, movimientos comerciales por aeropuerto"
Argentina,MDQ,SAZM,Aeropuerto Internacional Ástor Piazzola,2024,,,,,288526,70,,,288596,,,,,4022,35,,,4057,12,12,12 meses pasajeros / 12 meses movimientos,"SIAC ANAC Argentina - Tablas 9 y 10, pasajeros comerciales por aeropuerto","SIAC ANAC Argentina - Tablas 12 y 13, movimientos comerciales por aeropuerto"
Argentina,MDQ,SAZM,Aeropuerto Internacional Ástor Piazzola,2025,,,,,296197,284,,,296481,,,,,3882,60,,,3942,12,12,12 meses pasajeros / 12 meses movimientos,"SIAC ANAC Argentina - Tablas 9 y 10, pasajeros comerciales por aeropuerto","SIAC ANAC Argentina - Tablas 12 y 13, movimientos comerciales por aeropuerto"
Argentina,MDQ,SAZM,Aeropuerto Internacional Ástor Piazzola,2026,,,,,151039,74,,,151113,,,,,1839,35,,,1874,6,6,6 meses pasajeros / 6 meses movimientos,"SIAC ANAC Argentina - Tablas 9 y 10, pasajeros comerciales por aeropuerto","SIAC ANAC Argentina - Tablas 12 y 13, movimientos comerciales por aeropuerto"
Argentina,MDZ,SAME,Aeropuerto Internacional Gobernador Francisco Gabrielli,2001,,,,,506053,111890,,,617943,,,,,11581,1653,,,13234,12,12,12 meses pasajeros / 12 meses movimientos,"SIAC ANAC Argentina - Tablas 9 y 10, pasajeros comerciales por aeropuerto","SIAC ANAC Argentina - Tablas 12 y 13, movimientos comerciales por aeropuerto"
Argentina,MDZ,SAME,Aeropuerto Internacional Gobernador Francisco Gabrielli,2002,,,,,464212,94478,,,558690,,,,,10311,2452,,,12763,12,12,12 meses pasajeros / 12 meses movimientos,"SIAC ANAC Argentina - Tablas 9 y 10, pasajeros comerciales por aeropuerto","SIAC ANAC Argentina - Tablas 12 y 13, movimientos comerciales por aeropuerto"
Argentina,MDZ,SAME,Aeropuerto Internacional Gobernador Francisco Gabrielli,2003,,,,,467370,111770,,,579140,,,,,7065,2228,,,9293,12,12,12 meses pasajeros / 12 meses movimientos,"SIAC ANAC Argentina - Tablas 9 y 10, pasajeros comerciales por aeropuerto","SIAC ANAC Argentina - Tablas 12 y 13, movimientos comerciales por aeropuerto"
Argentina,MDZ,SAME,Aeropuerto Internacional Gobernador Francisco Gabrielli,2004,,,,,482184,102022,,,584206,,,,,6764,1656,,,8420,12,12,12 meses pasajeros / 12 meses movimientos,"SIAC ANAC Argentina - Tablas 9 y 10, pasajeros comerciales por aeropuerto","SIAC ANAC Argentina - Tablas 12 y 13, movimientos comerciales por aeropuerto"
Argentina,MDZ,SAME,Aeropuerto Internacional Gobernador Francisco Gabrielli,2005,,,,,529884,114866,,,644750,,,,,6483,1570,,,8053,12,12,12 meses pasajeros / 12 meses movimientos,"SIAC ANAC Argentina - Tablas 9 y 10, pasajeros comerciales por aeropuerto","SIAC ANAC Argentina - Tablas 12 y 13, movimientos comerciales por aeropuerto"
Argentina,MDZ,SAME,Aeropuerto Internacional Gobernador Francisco Gabrielli,2006,,,,,528327,115789,,,644116,,,,,6208,1557,,,7765,12,12,12 meses pasajeros / 12 meses movimientos,"SIAC ANAC Argentina - Tablas 9 y 10, pasajeros comerciales por aeropuerto","SIAC ANAC Argentina - Tablas 12 y 13, movimientos comerciales por aeropuerto"
Argentina,MDZ,SAME,Aeropuerto Internacional Gobernador Francisco Gabrielli,2007,,,,,542584,143395,,,685979,,,,,5774,1642,,,7416,12,12,12 meses pasajeros / 12 meses movimientos,"SIAC ANAC Argentina - Tablas 9 y 10, pasajeros comerciales por aeropuerto","SIAC ANAC Argentina - Tablas 12 y 13, movimientos comerciales por aeropuerto"
Argentina,MDZ,SAME,Aeropuerto Internacional Gobernador Francisco Gabrielli,2008,,,,,615995,146586,,,762581,,,,,7588,1603,,,9191,12,12,12 meses pasajeros / 12 meses movimientos,"SIAC ANAC Argentina - Tablas 9 y 10, pasajeros comerciales por aeropuerto","SIAC ANAC Argentina - Tablas 12 y 13, movimientos comerciales por aeropuerto"
Argentina,MDZ,SAME,Aeropuerto Internacional Gobernador Francisco Gabrielli,2009,,,,,661259,180183,,,841442,,,,,7872,1902,,,9774,12,12,12 meses pasajeros / 12 meses movimientos,"SIAC ANAC Argentina - Tablas 9 y 10, pasajeros comerciales por aeropuerto","SIAC ANAC Argentina - Tablas 12 y 13, movimientos comerciales por aeropuerto"
Argentina,MDZ,SAME,Aeropuerto Internacional Gobernador Francisco Gabrielli,2010,,,,,721407,223155,,,944562,,,,,9222,2206,,,11428,12,12,12 meses pasajeros / 12 meses movimientos,"SIAC ANAC Argentina - Tablas 9 y 10, pasajeros comerciales por aeropuerto","SIAC ANAC Argentina - Tablas 12 y 13, movimientos comerciales por aeropuerto"
Argentina,MDZ,SAME,Aeropuerto Internacional Gobernador Francisco Gabrielli,2011,,,,,776632,280541,,,1057173,,,,,10947,2811,,,13758,12,12,12 meses pasajeros / 12 meses movimientos,"SIAC ANAC Argentina - Tablas 9 y 10, pasajeros comerciales por aeropuerto","SIAC ANAC Argentina - Tablas 12 y 13, movimientos comerciales por aeropuerto"
Argentina,MDZ,SAME,Aeropuerto Internacional Gobernador Francisco Gabrielli,2012,,,,,843420,320881,,,1164301,,,,,12148,3041,,,15189,12,12,12 meses pasajeros / 12 meses movimientos,"SIAC ANAC Argentina - Tablas 9 y 10, pasajeros comerciales por aeropuerto","SIAC ANAC Argentina - Tablas 12 y 13, movimientos comerciales por aeropuerto"
Argentina,MDZ,SAME,Aeropuerto Internacional Gobernador Francisco Gabrielli,2013,,,,,900982,318507,,,1219489,,,,,12593,3020,,,15613,12,12,12 meses pasajeros / 12 meses movimientos,"SIAC ANAC Argentina - Tablas 9 y 10, pasajeros comerciales por aeropuerto","SIAC ANAC Argentina - Tablas 12 y 13, movimientos comerciales por aeropuerto"
Argentina,MDZ,SAME,Aeropuerto Internacional Gobernador Francisco Gabrielli,2014,,,,,978664,271037,,,1249701,,,,,12851,2372,,,15223,12,12,12 meses pasajeros / 12 meses movimientos,"SIAC ANAC Argentina - Tablas 9 y 10, pasajeros comerciales por aeropuerto","SIAC ANAC Argentina - Tablas 12 y 13, movimientos comerciales por aeropuerto"
Argentina,MDZ,SAME,Aeropuerto Internacional Gobernador Francisco Gabrielli,2015,,,,,1041729,248738,,,1290467,,,,,12853,1905,,,14758,12,12,12 meses pasajeros / 12 meses movimientos,"SIAC ANAC Argentina - Tablas 9 y 10, pasajeros comerciales por aeropuerto","SIAC ANAC Argentina - Tablas 12 y 13, movimientos comerciales por aeropuerto"
Argentina,MDZ,SAME,Aeropuerto Internacional Gobernador Francisco Gabrielli,2016,,,,,802577,242192,,,1044769,,,,,10116,1792,,,11908,12,12,12 meses pasajeros / 12 meses movimientos,"SIAC ANAC Argentina - Tablas 9 y 10, pasajeros comerciales por aeropuerto","SIAC ANAC Argentina - Tablas 12 y 13, movimientos comerciales por aeropuerto"
Argentina,MDZ,SAME,Aeropuerto Internacional Gobernador Francisco Gabrielli,2017,,,,,1243030,516008,,,1759038,,,,,13602,4113,,,17715,12,12,12 meses pasajeros / 12 meses movimientos,"SIAC ANAC Argentina - Tablas 9 y 10, pasajeros comerciales por aeropuerto","SIAC ANAC Argentina - Tablas 12 y 13, movimientos comerciales por aeropuerto"
Argentina,MDZ,SAME,Aeropuerto Internacional Gobernador Francisco Gabrielli,2018,,,,,1420101,613642,,,2033743,,,,,14522,5014,,,19536,12,12,12 meses pasajeros / 12 meses movimientos,"SIAC ANAC Argentina - Tablas 9 y 10, pasajeros comerciales por aeropuerto","SIAC ANAC Argentina - Tablas 12 y 13, movimientos comerciales por aeropuerto"
Argentina,MDZ,SAME,Aeropuerto Internacional Gobernador Francisco Gabrielli,2019,,,,,1811912,512520,,,2324432,,,,,16957,3898,,,20855,12,12,12 meses pasajeros / 12 meses movimientos,"SIAC ANAC Argentina - Tablas 9 y 10, pasajeros comerciales por aeropuerto","SIAC ANAC Argentina - Tablas 12 y 13, movimientos comerciales por aeropuerto"
Argentina,MDZ,SAME,Aeropuerto Internacional Gobernador Francisco Gabrielli,2020,,,,,385148,92402,,,477550,,,,,4626,812,,,5438,12,12,12 meses pasajeros / 12 meses movimientos,"SIAC ANAC Argentina - Tablas 9 y 10, pasajeros comerciales por aeropuerto","SIAC ANAC Argentina - Tablas 12 y 13, movimientos comerciales por aeropuerto"
Argentina,MDZ,SAME,Aeropuerto Internacional Gobernador Francisco Gabrielli,2021,,,,,638316,27637,,,665953,,,,,6780,388,,,7168,12,12,12 meses pasajeros / 12 meses movimientos,"SIAC ANAC Argentina - Tablas 9 y 10, pasajeros comerciales por aeropuerto","SIAC ANAC Argentina - Tablas 12 y 13, movimientos comerciales por aeropuerto"
Argentina,MDZ,SAME,Aeropuerto Internacional Gobernador Francisco Gabrielli,2022,,,,,1437358,285489,,,1722847,,,,,12968,2569,,,15537,12,12,12 meses pasajeros / 12 meses movimientos,"SIAC ANAC Argentina - Tablas 9 y 10, pasajeros comerciales por aeropuerto","SIAC ANAC Argentina - Tablas 12 y 13, movimientos comerciales por aeropuerto"
Argentina,MDZ,SAME,Aeropuerto Internacional Gobernador Francisco Gabrielli,2023,,,,,1904609,501411,,,2406020,,,,,16545,3788,,,20333,12,12,12 meses pasajeros / 12 meses movimientos,"SIAC ANAC Argentina - Tablas 9 y 10, pasajeros comerciales por aeropuerto","SIAC ANAC Argentina - Tablas 12 y 13, movimientos comerciales por aeropuerto"
Argentina,MDZ,SAME,Aeropuerto Internacional Gobernador Francisco Gabrielli,2024,,,,,1698035,597711,,,2295746,,,,,15167,4532,,,19699,12,12,12 meses pasajeros / 12 meses movimientos,"SIAC ANAC Argentina - Tablas 9 y 10, pasajeros comerciales por aeropuerto","SIAC ANAC Argentina - Tablas 12 y 13, movimientos comerciales por aeropuerto"
Argentina,MDZ,SAME,Aeropuerto Internacional Gobernador Francisco Gabrielli,2025,,,,,1906695,680129,,,2586824,,,,,15856,5080,,,20936,12,12,12 meses pasajeros / 12 meses movimientos,"SIAC ANAC Argentina - Tablas 9 y 10, pasajeros comerciales por aeropuerto","SIAC ANAC Argentina - Tablas 12 y 13, movimientos comerciales por aeropuerto"
Argentina,MDZ,SAME,Aeropuerto Internacional Gobernador Francisco Gabrielli,2026,,,,,800521,350609,,,1151130,,,,,6523,2701,,,9224,6,6,6 meses pasajeros / 6 meses movimientos,"SIAC ANAC Argentina - Tablas 9 y 10, pasajeros comerciales por aeropuerto","SIAC ANAC Argentina - Tablas 12 y 13, movimientos comerciales por aeropuerto"
Argentina,NQN,SAZN,Aeropuerto Internacional Presidente Perón,2001,,,,,331738,7,,,331745,,,,,12097,16,,,12113,12,12,12 meses pasajeros / 12 meses movimientos,"SIAC ANAC Argentina - Tablas 9 y 10, pasajeros comerciales por aeropuerto","SIAC ANAC Argentina - Tablas 12 y 13, movimientos comerciales por aeropuerto"
Argentina,NQN,SAZN,Aeropuerto Internacional Presidente Perón,2002,,,,,247725,34,,,247759,,,,,8183,16,,,8199,12,12,12 meses pasajeros / 12 meses movimientos,"SIAC ANAC Argentina - Tablas 9 y 10, pasajeros comerciales por aeropuerto","SIAC ANAC Argentina - Tablas 12 y 13, movimientos comerciales por aeropuerto"
Argentina,NQN,SAZN,Aeropuerto Internacional Presidente Perón,2003,,,,,240947,12,,,240959,,,,,5998,9,,,6007,12,12,12 meses pasajeros / 12 meses movimientos,"SIAC ANAC Argentina - Tablas 9 y 10, pasajeros comerciales por aeropuerto","SIAC ANAC Argentina - Tablas 12 y 13, movimientos comerciales por aeropuerto"
Argentina,NQN,SAZN,Aeropuerto Internacional Presidente Perón,2004,,,,,269654,235,,,269889,,,,,6701,21,,,6722,12,12,12 meses pasajeros / 12 meses movimientos,"SIAC ANAC Argentina - Tablas 9 y 10, pasajeros comerciales por aeropuerto","SIAC ANAC Argentina - Tablas 12 y 13, movimientos comerciales por aeropuerto"
Argentina,NQN,SAZN,Aeropuerto Internacional Presidente Perón,2005,,,,,274156,18,,,274174,,,,,6861,10,,,6871,12,12,12 meses pasajeros / 12 meses movimientos,"SIAC ANAC Argentina - Tablas 9 y 10, pasajeros comerciales por aeropuerto","SIAC ANAC Argentina - Tablas 12 y 13, movimientos comerciales por aeropuerto"
Argentina,NQN,SAZN,Aeropuerto Internacional Presidente Perón,2006,,,,,263471,5,,,263476,,,,,6029,4,,,6033,12,12,12 meses pasajeros / 12 meses movimientos,"SIAC ANAC Argentina - Tablas 9 y 10, pasajeros comerciales por aeropuerto","SIAC ANAC Argentina - Tablas 12 y 13, movimientos comerciales por aeropuerto"
Argentina,NQN,SAZN,Aeropuerto Internacional Presidente Perón,2007,,,,,266682,29,,,266711,,,,,7259,5,,,7264,12,12,12 meses pasajeros / 12 meses movimientos,"SIAC ANAC Argentina - Tablas 9 y 10, pasajeros comerciales por aeropuerto","SIAC ANAC Argentina - Tablas 12 y 13, movimientos comerciales por aeropuerto"
Argentina,NQN,SAZN,Aeropuerto Internacional Presidente Perón,2008,,,,,310813,3848,,,314661,,,,,7637,34,,,7671,12,12,12 meses pasajeros / 12 meses movimientos,"SIAC ANAC Argentina - Tablas 9 y 10, pasajeros comerciales por aeropuerto","SIAC ANAC Argentina - Tablas 12 y 13, movimientos comerciales por aeropuerto"
Argentina,NQN,SAZN,Aeropuerto Internacional Presidente Perón,2009,,,,,395950,36,,,395986,,,,,7970,6,,,7976,12,12,12 meses pasajeros / 12 meses movimientos,"SIAC ANAC Argentina - Tablas 9 y 10, pasajeros comerciales por aeropuerto","SIAC ANAC Argentina - Tablas 12 y 13, movimientos comerciales por aeropuerto"
Argentina,NQN,SAZN,Aeropuerto Internacional Presidente Perón,2010,,,,,447034,57,,,447091,,,,,9066,12,,,9078,12,12,12 meses pasajeros / 12 meses movimientos,"SIAC ANAC Argentina - Tablas 9 y 10, pasajeros comerciales por aeropuerto","SIAC ANAC Argentina - Tablas 12 y 13, movimientos comerciales por aeropuerto"
Argentina,NQN,SAZN,Aeropuerto Internacional Presidente Perón,2011,,,,,349673,356,,,350029,,,,,7133,12,,,7145,12,12,12 meses pasajeros / 12 meses movimientos,"SIAC ANAC Argentina - Tablas 9 y 10, pasajeros comerciales por aeropuerto","SIAC ANAC Argentina - Tablas 12 y 13, movimientos comerciales por aeropuerto"
Argentina,NQN,SAZN,Aeropuerto Internacional Presidente Perón,2012,,,,,520868,1,,,520869,,,,,9017,2,,,9019,12,12,12 meses pasajeros / 12 meses movimientos,"SIAC ANAC Argentina - Tablas 9 y 10, pasajeros comerciales por aeropuerto","SIAC ANAC Argentina - Tablas 12 y 13, movimientos comerciales por aeropuerto"
Argentina,NQN,SAZN,Aeropuerto Internacional Presidente Perón,2013,,,,,530511,0,,,530511,,,,,8826,1,,,8827,12,12,12 meses pasajeros / 12 meses movimientos,"SIAC ANAC Argentina - Tablas 9 y 10, pasajeros comerciales por aeropuerto","SIAC ANAC Argentina - Tablas 12 y 13, movimientos comerciales por aeropuerto"
Argentina,NQN,SAZN,Aeropuerto Internacional Presidente Perón,2014,,,,,660938,1,,,660939,,,,,9504,4,,,9508,12,12,12 meses pasajeros / 12 meses movimientos,"SIAC ANAC Argentina - Tablas 9 y 10, pasajeros comerciales por aeropuerto","SIAC ANAC Argentina - Tablas 12 y 13, movimientos comerciales por aeropuerto"
Argentina,NQN,SAZN,Aeropuerto Internacional Presidente Perón,2015,,,,,711335,22,,,711357,,,,,9125,9,,,9134,12,12,12 meses pasajeros / 12 meses movimientos,"SIAC ANAC Argentina - Tablas 9 y 10, pasajeros comerciales por aeropuerto","SIAC ANAC Argentina - Tablas 12 y 13, movimientos comerciales por aeropuerto"
Argentina,NQN,SAZN,Aeropuerto Internacional Presidente Perón,2016,,,,,751394,192,,,751586,,,,,8786,50,,,8836,12,12,12 meses pasajeros / 12 meses movimientos,"SIAC ANAC Argentina - Tablas 9 y 10, pasajeros comerciales por aeropuerto","SIAC ANAC Argentina - Tablas 12 y 13, movimientos comerciales por aeropuerto"
Argentina,NQN,SAZN,Aeropuerto Internacional Presidente Perón,2017,,,,,851282,9397,,,860679,,,,,9207,90,,,9297,12,12,12 meses pasajeros / 12 meses movimientos,"SIAC ANAC Argentina - Tablas 9 y 10, pasajeros comerciales por aeropuerto","SIAC ANAC Argentina - Tablas 12 y 13, movimientos comerciales por aeropuerto"
Argentina,NQN,SAZN,Aeropuerto Internacional Presidente Perón,2018,,,,,981589,37520,,,1019109,,,,,9691,312,,,10003,12,12,12 meses pasajeros / 12 meses movimientos,"SIAC ANAC Argentina - Tablas 9 y 10, pasajeros comerciales por aeropuerto","SIAC ANAC Argentina - Tablas 12 y 13, movimientos comerciales por aeropuerto"
Argentina,NQN,SAZN,Aeropuerto Internacional Presidente Perón,2019,,,,,1177451,27806,,,1205257,,,,,10352,240,,,10592,12,12,12 meses pasajeros / 12 meses movimientos,"SIAC ANAC Argentina - Tablas 9 y 10, pasajeros comerciales por aeropuerto","SIAC ANAC Argentina - Tablas 12 y 13, movimientos comerciales por aeropuerto"
Argentina,NQN,SAZN,Aeropuerto Internacional Presidente Perón,2020,,,,,252485,14,,,252499,,,,,3299,7,,,3306,12,12,12 meses pasajeros / 12 meses movimientos,"SIAC ANAC Argentina - Tablas 9 y 10, pasajeros comerciales por aeropuerto","SIAC ANAC Argentina - Tablas 12 y 13, movimientos comerciales por aeropuerto"
Argentina,NQN,SAZN,Aeropuerto Internacional Presidente Perón,2021,,,,,383298,2,,,383300,,,,,5411,1,,,5412,12,12,12 meses pasajeros / 12 meses movimientos,"SIAC ANAC Argentina - Tablas 9 y 10, pasajeros comerciales por aeropuerto","SIAC ANAC Argentina - Tablas 12 y 13, movimientos comerciales por aeropuerto"
Argentina,NQN,SAZN,Aeropuerto Internacional Presidente Perón,2022,,,,,869437,28,,,869465,,,,,8666,9,,,8675,12,12,12 meses pasajeros / 12 meses movimientos,"SIAC ANAC Argentina - Tablas 9 y 10, pasajeros comerciales por aeropuerto","SIAC ANAC Argentina - Tablas 12 y 13, movimientos comerciales por aeropuerto"
Argentina,NQN,SAZN,Aeropuerto Internacional Presidente Perón,2023,,,,,1124167,0,,,1124167,,,,,9895,4,,,9899,12,12,12 meses pasajeros / 12 meses movimientos,"SIAC ANAC Argentina - Tablas 9 y 10, pasajeros comerciales por aeropuerto","SIAC ANAC Argentina - Tablas 12 y 13, movimientos comerciales por aeropuerto"
Argentina,NQN,SAZN,Aeropuerto Internacional Presidente Perón,2024,,,,,1117791,50,,,1117841,,,,,10056,15,,,10071,12,12,12 meses pasajeros / 12 meses movimientos,"SIAC ANAC Argentina - Tablas 9 y 10, pasajeros comerciales por aeropuerto","SIAC ANAC Argentina - Tablas 12 y 13, movimientos comerciales por aeropuerto"
Argentina,NQN,SAZN,Aeropuerto Internacional Presidente Perón,2025,,,,,1364675,744,,,1365419,,,,,11620,16,,,11636,12,12,12 meses pasajeros / 12 meses movimientos,"SIAC ANAC Argentina - Tablas 9 y 10, pasajeros comerciales por aeropuerto","SIAC ANAC Argentina - Tablas 12 y 13, movimientos comerciales por aeropuerto"
Argentina,NQN,SAZN,Aeropuerto Internacional Presidente Perón,2026,,,,,647260,7990,,,655250,,,,,5807,112,,,5919,6,6,6 meses pasajeros / 6 meses movimientos,"SIAC ANAC Argentina - Tablas 9 y 10, pasajeros comerciales por aeropuerto","SIAC ANAC Argentina - Tablas 12 y 13, movimientos comerciales por aeropuerto"
Argentina,PMY,SAVY,Aeropuerto El Tehuelche,2001,,,,,40738,0,,,40738,,,,,1245,0,,,1245,12,12,12 meses pasajeros / 12 meses movimientos,"SIAC ANAC Argentina - Tablas 9 y 10, pasajeros comerciales por aeropuerto","SIAC ANAC Argentina - Tablas 12 y 13, movimientos comerciales por aeropuerto"
Argentina,PMY,SAVY,Aeropuerto El Tehuelche,2002,,,,,40593,0,,,40593,,,,,1298,0,,,1298,12,12,12 meses pasajeros / 12 meses movimientos,"SIAC ANAC Argentina - Tablas 9 y 10, pasajeros comerciales por aeropuerto","SIAC ANAC Argentina - Tablas 12 y 13, movimientos comerciales por aeropuerto"
Argentina,PMY,SAVY,Aeropuerto El Tehuelche,2003,,,,,20495,0,,,20495,,,,,823,0,,,823,12,12,12 meses pasajeros / 12 meses movimientos,"SIAC ANAC Argentina - Tablas 9 y 10, pasajeros comerciales por aeropuerto","SIAC ANAC Argentina - Tablas 12 y 13, movimientos comerciales por aeropuerto"
Argentina,PMY,SAVY,Aeropuerto El Tehuelche,2004,,,,,14898,0,,,14898,,,,,488,0,,,488,12,12,12 meses pasajeros / 12 meses movimientos,"SIAC ANAC Argentina - Tablas 9 y 10, pasajeros comerciales por aeropuerto","SIAC ANAC Argentina - Tablas 12 y 13, movimientos comerciales por aeropuerto"
Argentina,PMY,SAVY,Aeropuerto El Tehuelche,2005,,,,,5865,0,,,5865,,,,,337,0,,,337,12,12,12 meses pasajeros / 12 meses movimientos,"SIAC ANAC Argentina - Tablas 9 y 10, pasajeros comerciales por aeropuerto","SIAC ANAC Argentina - Tablas 12 y 13, movimientos comerciales por aeropuerto"
Argentina,PMY,SAVY,Aeropuerto El Tehuelche,2006,,,,,10081,10,,,10091,,,,,336,2,,,338,12,12,12 meses pasajeros / 12 meses movimientos,"SIAC ANAC Argentina - Tablas 9 y 10, pasajeros comerciales por aeropuerto","SIAC ANAC Argentina - Tablas 12 y 13, movimientos comerciales por aeropuerto"
Argentina,PMY,SAVY,Aeropuerto El Tehuelche,2007,,,,,32769,1106,,,33875,,,,,512,32,,,544,12,12,12 meses pasajeros / 12 meses movimientos,"SIAC ANAC Argentina - Tablas 9 y 10, pasajeros comerciales por aeropuerto","SIAC ANAC Argentina - Tablas 12 y 13, movimientos comerciales por aeropuerto"
Argentina,PMY,SAVY,Aeropuerto El Tehuelche,2008,,,,,33236,0,,,33236,,,,,510,0,,,510,12,12,12 meses pasajeros / 12 meses movimientos,"SIAC ANAC Argentina - Tablas 9 y 10, pasajeros comerciales por aeropuerto","SIAC ANAC Argentina - Tablas 12 y 13, movimientos comerciales por aeropuerto"
Argentina,PMY,SAVY,Aeropuerto El Tehuelche,2009,,,,,27500,0,,,27500,,,,,408,0,,,408,12,12,12 meses pasajeros / 12 meses movimientos,"SIAC ANAC Argentina - Tablas 9 y 10, pasajeros comerciales por aeropuerto","SIAC ANAC Argentina - Tablas 12 y 13, movimientos comerciales por aeropuerto"
Argentina,PMY,SAVY,Aeropuerto El Tehuelche,2010,,,,,33527,0,,,33527,,,,,565,0,,,565,12,12,12 meses pasajeros / 12 meses movimientos,"SIAC ANAC Argentina - Tablas 9 y 10, pasajeros comerciales por aeropuerto","SIAC ANAC Argentina - Tablas 12 y 13, movimientos comerciales por aeropuerto"
Argentina,PMY,SAVY,Aeropuerto El Tehuelche,2011,,,,,32687,0,,,32687,,,,,568,0,,,568,12,12,12 meses pasajeros / 12 meses movimientos,"SIAC ANAC Argentina - Tablas 9 y 10, pasajeros comerciales por aeropuerto","SIAC ANAC Argentina - Tablas 12 y 13, movimientos comerciales por aeropuerto"
Argentina,PMY,SAVY,Aeropuerto El Tehuelche,2012,,,,,33097,0,,,33097,,,,,488,0,,,488,12,12,12 meses pasajeros / 12 meses movimientos,"SIAC ANAC Argentina - Tablas 9 y 10, pasajeros comerciales por aeropuerto","SIAC ANAC Argentina - Tablas 12 y 13, movimientos comerciales por aeropuerto"
Argentina,PMY,SAVY,Aeropuerto El Tehuelche,2013,,,,,39914,0,,,39914,,,,,723,0,,,723,12,12,12 meses pasajeros / 12 meses movimientos,"SIAC ANAC Argentina - Tablas 9 y 10, pasajeros comerciales por aeropuerto","SIAC ANAC Argentina - Tablas 12 y 13, movimientos comerciales por aeropuerto"
Argentina,PMY,SAVY,Aeropuerto El Tehuelche,2014,,,,,38671,0,,,38671,,,,,654,0,,,654,12,12,12 meses pasajeros / 12 meses movimientos,"SIAC ANAC Argentina - Tablas 9 y 10, pasajeros comerciales por aeropuerto","SIAC ANAC Argentina - Tablas 12 y 13, movimientos comerciales por aeropuerto"
Argentina,PMY,SAVY,Aeropuerto El Tehuelche,2015,,,,,47451,0,,,47451,,,,,655,0,,,655,12,12,12 meses pasajeros / 12 meses movimientos,"SIAC ANAC Argentina - Tablas 9 y 10, pasajeros comerciales por aeropuerto","SIAC ANAC Argentina - Tablas 12 y 13, movimientos comerciales por aeropuerto"
Argentina,PMY,SAVY,Aeropuerto El Tehuelche,2016,,,,,50783,7,,,50790,,,,,650,2,,,652,12,12,12 meses pasajeros / 12 meses movimientos,"SIAC ANAC Argentina - Tablas 9 y 10, pasajeros comerciales por aeropuerto","SIAC ANAC Argentina - Tablas 12 y 13, movimientos comerciales por aeropuerto"
Argentina,PMY,SAVY,Aeropuerto El Tehuelche,2017,,,,,103553,0,,,103553,,,,,1238,0,,,1238,12,12,12 meses pasajeros / 12 meses movimientos,"SIAC ANAC Argentina - Tablas 9 y 10, pasajeros comerciales por aeropuerto","SIAC ANAC Argentina - Tablas 12 y 13, movimientos comerciales por aeropuerto"
Argentina,PMY,SAVY,Aeropuerto El Tehuelche,2018,,,,,100819,2,,,100821,,,,,858,3,,,861,12,12,12 meses pasajeros / 12 meses movimientos,"SIAC ANAC Argentina - Tablas 9 y 10, pasajeros comerciales por aeropuerto","SIAC ANAC Argentina - Tablas 12 y 13, movimientos comerciales por aeropuerto"
Argentina,PMY,SAVY,Aeropuerto El Tehuelche,2019,,,,,79832,8,,,79840,,,,,717,1,,,718,12,12,12 meses pasajeros / 12 meses movimientos,"SIAC ANAC Argentina - Tablas 9 y 10, pasajeros comerciales por aeropuerto","SIAC ANAC Argentina - Tablas 12 y 13, movimientos comerciales por aeropuerto"
Argentina,PMY,SAVY,Aeropuerto El Tehuelche,2020,,,,,12585,0,,,12585,,,,,294,0,,,294,12,12,12 meses pasajeros / 12 meses movimientos,"SIAC ANAC Argentina - Tablas 9 y 10, pasajeros comerciales por aeropuerto","SIAC ANAC Argentina - Tablas 12 y 13, movimientos comerciales por aeropuerto"
Argentina,PMY,SAVY,Aeropuerto El Tehuelche,2021,,,,,22068,0,,,22068,,,,,853,0,,,853,12,12,12 meses pasajeros / 12 meses movimientos,"SIAC ANAC Argentina - Tablas 9 y 10, pasajeros comerciales por aeropuerto","SIAC ANAC Argentina - Tablas 12 y 13, movimientos comerciales por aeropuerto"
Argentina,PMY,SAVY,Aeropuerto El Tehuelche,2022,,,,,108793,0,,,108793,,,,,1181,0,,,1181,12,12,12 meses pasajeros / 12 meses movimientos,"SIAC ANAC Argentina - Tablas 9 y 10, pasajeros comerciales por aeropuerto","SIAC ANAC Argentina - Tablas 12 y 13, movimientos comerciales por aeropuerto"
Argentina,PMY,SAVY,Aeropuerto El Tehuelche,2023,,,,,195953,0,,,195953,,,,,1899,2,,,1901,12,12,12 meses pasajeros / 12 meses movimientos,"SIAC ANAC Argentina - Tablas 9 y 10, pasajeros comerciales por aeropuerto","SIAC ANAC Argentina - Tablas 12 y 13, movimientos comerciales por aeropuerto"
Argentina,PMY,SAVY,Aeropuerto El Tehuelche,2024,,,,,149761,0,,,149761,,,,,1419,0,,,1419,12,12,12 meses pasajeros / 12 meses movimientos,"SIAC ANAC Argentina - Tablas 9 y 10, pasajeros comerciales por aeropuerto","SIAC ANAC Argentina - Tablas 12 y 13, movimientos comerciales por aeropuerto"
Argentina,PMY,SAVY,Aeropuerto El Tehuelche,2025,,,,,179637,0,,,179637,,,,,1775,0,,,1775,12,12,12 meses pasajeros / 12 meses movimientos,"SIAC ANAC Argentina - Tablas 9 y 10, pasajeros comerciales por aeropuerto","SIAC ANAC Argentina - Tablas 12 y 13, movimientos comerciales por aeropuerto"
Argentina,PMY,SAVY,Aeropuerto El Tehuelche,2026,,,,,60119,0,,,60119,,,,,525,0,,,525,6,6,6 meses pasajeros / 6 meses movimientos,"SIAC ANAC Argentina - Tablas 9 y 10, pasajeros comerciales por aeropuerto","SIAC ANAC Argentina - Tablas 12 y 13, movimientos comerciales por aeropuerto"
Argentina,PRA,SAAP,Aeropuerto General Urquiza,2001,,,,,62160,0,,,62160,,,,,3520,0,,,3520,12,12,12 meses pasajeros / 12 meses movimientos,"SIAC ANAC Argentina - Tablas 9 y 10, pasajeros comerciales por aeropuerto","SIAC ANAC Argentina - Tablas 12 y 13, movimientos comerciales por aeropuerto"
Argentina,PRA,SAAP,Aeropuerto General Urquiza,2002,,,,,10287,0,,,10287,,,,,577,0,,,577,12,12,12 meses pasajeros / 12 meses movimientos,"SIAC ANAC Argentina - Tablas 9 y 10, pasajeros comerciales por aeropuerto","SIAC ANAC Argentina - Tablas 12 y 13, movimientos comerciales por aeropuerto"
Argentina,PRA,SAAP,Aeropuerto General Urquiza,2003,,,,,16668,14,,,16682,,,,,848,3,,,851,12,12,12 meses pasajeros / 12 meses movimientos,"SIAC ANAC Argentina - Tablas 9 y 10, pasajeros comerciales por aeropuerto","SIAC ANAC Argentina - Tablas 12 y 13, movimientos comerciales por aeropuerto"
Argentina,PRA,SAAP,Aeropuerto General Urquiza,2004,,,,,11135,0,,,11135,,,,,899,0,,,899,12,12,12 meses pasajeros / 12 meses movimientos,"SIAC ANAC Argentina - Tablas 9 y 10, pasajeros comerciales por aeropuerto","SIAC ANAC Argentina - Tablas 12 y 13, movimientos comerciales por aeropuerto"
Argentina,PRA,SAAP,Aeropuerto General Urquiza,2005,,,,,2967,40,,,3007,,,,,301,3,,,304,12,12,12 meses pasajeros / 12 meses movimientos,"SIAC ANAC Argentina - Tablas 9 y 10, pasajeros comerciales por aeropuerto","SIAC ANAC Argentina - Tablas 12 y 13, movimientos comerciales por aeropuerto"
Argentina,PRA,SAAP,Aeropuerto General Urquiza,2006,,,,,4558,0,,,4558,,,,,572,0,,,572,12,12,12 meses pasajeros / 12 meses movimientos,"SIAC ANAC Argentina - Tablas 9 y 10, pasajeros comerciales por aeropuerto","SIAC ANAC Argentina - Tablas 12 y 13, movimientos comerciales por aeropuerto"
Argentina,PRA,SAAP,Aeropuerto General Urquiza,2007,,,,,1069,1,,,1070,,,,,227,1,,,228,12,12,12 meses pasajeros / 12 meses movimientos,"SIAC ANAC Argentina - Tablas 9 y 10, pasajeros comerciales por aeropuerto","SIAC ANAC Argentina - Tablas 12 y 13, movimientos comerciales por aeropuerto"
Argentina,PRA,SAAP,Aeropuerto General Urquiza,2008,,,,,752,3,,,755,,,,,205,1,,,206,12,12,12 meses pasajeros / 12 meses movimientos,"SIAC ANAC Argentina - Tablas 9 y 10, pasajeros comerciales por aeropuerto","SIAC ANAC Argentina - Tablas 12 y 13, movimientos comerciales por aeropuerto"
Argentina,PRA,SAAP,Aeropuerto General Urquiza,2009,,,,,2254,0,,,2254,,,,,282,1,,,283,12,12,12 meses pasajeros / 12 meses movimientos,"SIAC ANAC Argentina - Tablas 9 y 10, pasajeros comerciales por aeropuerto","SIAC ANAC Argentina - Tablas 12 y 13, movimientos comerciales por aeropuerto"
Argentina,PRA,SAAP,Aeropuerto General Urquiza,2010,,,,,689,0,,,689,,,,,79,0,,,79,12,12,12 meses pasajeros / 12 meses movimientos,"SIAC ANAC Argentina - Tablas 9 y 10, pasajeros comerciales por aeropuerto","SIAC ANAC Argentina - Tablas 12 y 13, movimientos comerciales por aeropuerto"
Argentina,PRA,SAAP,Aeropuerto General Urquiza,2011,,,,,7045,0,,,7045,,,,,839,0,,,839,12,12,12 meses pasajeros / 12 meses movimientos,"SIAC ANAC Argentina - Tablas 9 y 10, pasajeros comerciales por aeropuerto","SIAC ANAC Argentina - Tablas 12 y 13, movimientos comerciales por aeropuerto"
Argentina,PRA,SAAP,Aeropuerto General Urquiza,2012,,,,,7626,6,,,7632,,,,,929,3,,,932,12,12,12 meses pasajeros / 12 meses movimientos,"SIAC ANAC Argentina - Tablas 9 y 10, pasajeros comerciales por aeropuerto","SIAC ANAC Argentina - Tablas 12 y 13, movimientos comerciales por aeropuerto"
Argentina,PRA,SAAP,Aeropuerto General Urquiza,2013,,,,,7403,0,,,7403,,,,,772,0,,,772,12,12,12 meses pasajeros / 12 meses movimientos,"SIAC ANAC Argentina - Tablas 9 y 10, pasajeros comerciales por aeropuerto","SIAC ANAC Argentina - Tablas 12 y 13, movimientos comerciales por aeropuerto"
Argentina,PRA,SAAP,Aeropuerto General Urquiza,2014,,,,,32099,0,,,32099,,,,,726,0,,,726,12,12,12 meses pasajeros / 12 meses movimientos,"SIAC ANAC Argentina - Tablas 9 y 10, pasajeros comerciales por aeropuerto","SIAC ANAC Argentina - Tablas 12 y 13, movimientos comerciales por aeropuerto"
Argentina,PRA,SAAP,Aeropuerto General Urquiza,2015,,,,,37431,0,,,37431,,,,,796,0,,,796,12,12,12 meses pasajeros / 12 meses movimientos,"SIAC ANAC Argentina - Tablas 9 y 10, pasajeros comerciales por aeropuerto","SIAC ANAC Argentina - Tablas 12 y 13, movimientos comerciales por aeropuerto"
Argentina,PRA,SAAP,Aeropuerto General Urquiza,2016,,,,,41919,42,,,41961,,,,,690,7,,,697,12,12,12 meses pasajeros / 12 meses movimientos,"SIAC ANAC Argentina - Tablas 9 y 10, pasajeros comerciales por aeropuerto","SIAC ANAC Argentina - Tablas 12 y 13, movimientos comerciales por aeropuerto"
Argentina,PRA,SAAP,Aeropuerto General Urquiza,2017,,,,,104425,30,,,104455,,,,,1509,4,,,1513,12,12,12 meses pasajeros / 12 meses movimientos,"SIAC ANAC Argentina - Tablas 9 y 10, pasajeros comerciales por aeropuerto","SIAC ANAC Argentina - Tablas 12 y 13, movimientos comerciales por aeropuerto"
Argentina,PRA,SAAP,Aeropuerto General Urquiza,2018,,,,,73066,15,,,73081,,,,,1134,3,,,1137,12,12,12 meses pasajeros / 12 meses movimientos,"SIAC ANAC Argentina - Tablas 9 y 10, pasajeros comerciales por aeropuerto","SIAC ANAC Argentina - Tablas 12 y 13, movimientos comerciales por aeropuerto"
Argentina,PRA,SAAP,Aeropuerto General Urquiza,2019,,,,,59019,12,,,59031,,,,,1039,5,,,1044,12,12,12 meses pasajeros / 12 meses movimientos,"SIAC ANAC Argentina - Tablas 9 y 10, pasajeros comerciales por aeropuerto","SIAC ANAC Argentina - Tablas 12 y 13, movimientos comerciales por aeropuerto"
Argentina,PRA,SAAP,Aeropuerto General Urquiza,2020,,,,,8389,3,,,8392,,,,,214,1,,,215,12,12,12 meses pasajeros / 12 meses movimientos,"SIAC ANAC Argentina - Tablas 9 y 10, pasajeros comerciales por aeropuerto","SIAC ANAC Argentina - Tablas 12 y 13, movimientos comerciales por aeropuerto"
Argentina,PRA,SAAP,Aeropuerto General Urquiza,2021,,,,,10048,0,,,10048,,,,,362,0,,,362,12,12,12 meses pasajeros / 12 meses movimientos,"SIAC ANAC Argentina - Tablas 9 y 10, pasajeros comerciales por aeropuerto","SIAC ANAC Argentina - Tablas 12 y 13, movimientos comerciales por aeropuerto"
Argentina,PRA,SAAP,Aeropuerto General Urquiza,2022,,,,,31437,5,,,31442,,,,,674,2,,,676,12,12,12 meses pasajeros / 12 meses movimientos,"SIAC ANAC Argentina - Tablas 9 y 10, pasajeros comerciales por aeropuerto","SIAC ANAC Argentina - Tablas 12 y 13, movimientos comerciales por aeropuerto"
Argentina,PRA,SAAP,Aeropuerto General Urquiza,2023,,,,,51180,166,,,51346,,,,,943,12,,,955,12,12,12 meses pasajeros / 12 meses movimientos,"SIAC ANAC Argentina - Tablas 9 y 10, pasajeros comerciales por aeropuerto","SIAC ANAC Argentina - Tablas 12 y 13, movimientos comerciales por aeropuerto"
Argentina,PRA,SAAP,Aeropuerto General Urquiza,2024,,,,,37881,12,,,37893,,,,,821,8,,,829,12,12,12 meses pasajeros / 12 meses movimientos,"SIAC ANAC Argentina - Tablas 9 y 10, pasajeros comerciales por aeropuerto","SIAC ANAC Argentina - Tablas 12 y 13, movimientos comerciales por aeropuerto"
Argentina,PRA,SAAP,Aeropuerto General Urquiza,2025,,,,,42668,22,,,42690,,,,,758,7,,,765,12,12,12 meses pasajeros / 12 meses movimientos,"SIAC ANAC Argentina - Tablas 9 y 10, pasajeros comerciales por aeropuerto","SIAC ANAC Argentina - Tablas 12 y 13, movimientos comerciales por aeropuerto"
Argentina,PRA,SAAP,Aeropuerto General Urquiza,2026,,,,,20613,0,,,20613,,,,,372,0,,,372,6,6,6 meses pasajeros / 6 meses movimientos,"SIAC ANAC Argentina - Tablas 9 y 10, pasajeros comerciales por aeropuerto","SIAC ANAC Argentina - Tablas 12 y 13, movimientos comerciales por aeropuerto"
Argentina,PSS,SARP,Aeropuerto Libertador Gral D Jose De San Martin,2001,,,,,86629,287,,,86916,,,,,2646,18,,,2664,12,12,12 meses pasajeros / 12 meses movimientos,"SIAC ANAC Argentina - Tablas 9 y 10, pasajeros comerciales por aeropuerto","SIAC ANAC Argentina - Tablas 12 y 13, movimientos comerciales por aeropuerto"
Argentina,PSS,SARP,Aeropuerto Libertador Gral D Jose De San Martin,2002,,,,,71383,35,,,71418,,,,,1664,18,,,1682,12,12,12 meses pasajeros / 12 meses movimientos,"SIAC ANAC Argentina - Tablas 9 y 10, pasajeros comerciales por aeropuerto","SIAC ANAC Argentina - Tablas 12 y 13, movimientos comerciales por aeropuerto"
Argentina,PSS,SARP,Aeropuerto Libertador Gral D Jose De San Martin,2003,,,,,72168,18,,,72186,,,,,1293,4,,,1297,12,12,12 meses pasajeros / 12 meses movimientos,"SIAC ANAC Argentina - Tablas 9 y 10, pasajeros comerciales por aeropuerto","SIAC ANAC Argentina - Tablas 12 y 13, movimientos comerciales por aeropuerto"
Argentina,PSS,SARP,Aeropuerto Libertador Gral D Jose De San Martin,2004,,,,,79735,19,,,79754,,,,,1475,9,,,1484,12,12,12 meses pasajeros / 12 meses movimientos,"SIAC ANAC Argentina - Tablas 9 y 10, pasajeros comerciales por aeropuerto","SIAC ANAC Argentina - Tablas 12 y 13, movimientos comerciales por aeropuerto"
Argentina,PSS,SARP,Aeropuerto Libertador Gral D Jose De San Martin,2005,,,,,74752,16,,,74768,,,,,1475,7,,,1482,12,12,12 meses pasajeros / 12 meses movimientos,"SIAC ANAC Argentina - Tablas 9 y 10, pasajeros comerciales por aeropuerto","SIAC ANAC Argentina - Tablas 12 y 13, movimientos comerciales por aeropuerto"
Argentina,PSS,SARP,Aeropuerto Libertador Gral D Jose De San Martin,2006,,,,,73977,14,,,73991,,,,,1326,8,,,1334,12,12,12 meses pasajeros / 12 meses movimientos,"SIAC ANAC Argentina - Tablas 9 y 10, pasajeros comerciales por aeropuerto","SIAC ANAC Argentina - Tablas 12 y 13, movimientos comerciales por aeropuerto"
Argentina,PSS,SARP,Aeropuerto Libertador Gral D Jose De San Martin,2007,,,,,60035,9,,,60044,,,,,861,2,,,863,12,12,12 meses pasajeros / 12 meses movimientos,"SIAC ANAC Argentina - Tablas 9 y 10, pasajeros comerciales por aeropuerto","SIAC ANAC Argentina - Tablas 12 y 13, movimientos comerciales por aeropuerto"
Argentina,PSS,SARP,Aeropuerto Libertador Gral D Jose De San Martin,2008,,,,,45122,19,,,45141,,,,,738,4,,,742,12,12,12 meses pasajeros / 12 meses movimientos,"SIAC ANAC Argentina - Tablas 9 y 10, pasajeros comerciales por aeropuerto","SIAC ANAC Argentina - Tablas 12 y 13, movimientos comerciales por aeropuerto"
Argentina,PSS,SARP,Aeropuerto Libertador Gral D Jose De San Martin,2009,,,,,80526,55,,,80581,,,,,1310,15,,,1325,12,12,12 meses pasajeros / 12 meses movimientos,"SIAC ANAC Argentina - Tablas 9 y 10, pasajeros comerciales por aeropuerto","SIAC ANAC Argentina - Tablas 12 y 13, movimientos comerciales por aeropuerto"
Argentina,PSS,SARP,Aeropuerto Libertador Gral D Jose De San Martin,2010,,,,,84250,64,,,84314,,,,,1463,29,,,1492,12,12,12 meses pasajeros / 12 meses movimientos,"SIAC ANAC Argentina - Tablas 9 y 10, pasajeros comerciales por aeropuerto","SIAC ANAC Argentina - Tablas 12 y 13, movimientos comerciales por aeropuerto"
Argentina,PSS,SARP,Aeropuerto Libertador Gral D Jose De San Martin,2011,,,,,88885,40,,,88925,,,,,1314,5,,,1319,12,12,12 meses pasajeros / 12 meses movimientos,"SIAC ANAC Argentina - Tablas 9 y 10, pasajeros comerciales por aeropuerto","SIAC ANAC Argentina - Tablas 12 y 13, movimientos comerciales por aeropuerto"
Argentina,PSS,SARP,Aeropuerto Libertador Gral D Jose De San Martin,2012,,,,,95262,0,,,95262,,,,,1354,1,,,1355,12,12,12 meses pasajeros / 12 meses movimientos,"SIAC ANAC Argentina - Tablas 9 y 10, pasajeros comerciales por aeropuerto","SIAC ANAC Argentina - Tablas 12 y 13, movimientos comerciales por aeropuerto"
Argentina,PSS,SARP,Aeropuerto Libertador Gral D Jose De San Martin,2013,,,,,109864,37,,,109901,,,,,1421,7,,,1428,12,12,12 meses pasajeros / 12 meses movimientos,"SIAC ANAC Argentina - Tablas 9 y 10, pasajeros comerciales por aeropuerto","SIAC ANAC Argentina - Tablas 12 y 13, movimientos comerciales por aeropuerto"
Argentina,PSS,SARP,Aeropuerto Libertador Gral D Jose De San Martin,2014,,,,,127857,12,,,127869,,,,,1523,6,,,1529,12,12,12 meses pasajeros / 12 meses movimientos,"SIAC ANAC Argentina - Tablas 9 y 10, pasajeros comerciales por aeropuerto","SIAC ANAC Argentina - Tablas 12 y 13, movimientos comerciales por aeropuerto"
Argentina,PSS,SARP,Aeropuerto Libertador Gral D Jose De San Martin,2015,,,,,174840,5,,,174845,,,,,1942,4,,,1946,12,12,12 meses pasajeros / 12 meses movimientos,"SIAC ANAC Argentina - Tablas 9 y 10, pasajeros comerciales por aeropuerto","SIAC ANAC Argentina - Tablas 12 y 13, movimientos comerciales por aeropuerto"
Argentina,PSS,SARP,Aeropuerto Libertador Gral D Jose De San Martin,2016,,,,,173162,10,,,173172,,,,,1958,4,,,1962,12,12,12 meses pasajeros / 12 meses movimientos,"SIAC ANAC Argentina - Tablas 9 y 10, pasajeros comerciales por aeropuerto","SIAC ANAC Argentina - Tablas 12 y 13, movimientos comerciales por aeropuerto"
Argentina,PSS,SARP,Aeropuerto Libertador Gral D Jose De San Martin,2017,,,,,207886,33,,,207919,,,,,2174,11,,,2185,12,12,12 meses pasajeros / 12 meses movimientos,"SIAC ANAC Argentina - Tablas 9 y 10, pasajeros comerciales por aeropuerto","SIAC ANAC Argentina - Tablas 12 y 13, movimientos comerciales por aeropuerto"
Argentina,PSS,SARP,Aeropuerto Libertador Gral D Jose De San Martin,2018,,,,,294504,25,,,294529,,,,,3180,8,,,3188,12,12,12 meses pasajeros / 12 meses movimientos,"SIAC ANAC Argentina - Tablas 9 y 10, pasajeros comerciales por aeropuerto","SIAC ANAC Argentina - Tablas 12 y 13, movimientos comerciales por aeropuerto"
Argentina,PSS,SARP,Aeropuerto Libertador Gral D Jose De San Martin,2019,,,,,319738,10,,,319748,,,,,3103,5,,,3108,12,12,12 meses pasajeros / 12 meses movimientos,"SIAC ANAC Argentina - Tablas 9 y 10, pasajeros comerciales por aeropuerto","SIAC ANAC Argentina - Tablas 12 y 13, movimientos comerciales por aeropuerto"
Argentina,PSS,SARP,Aeropuerto Libertador Gral D Jose De San Martin,2020,,,,,64235,0,,,64235,,,,,666,0,,,666,12,12,12 meses pasajeros / 12 meses movimientos,"SIAC ANAC Argentina - Tablas 9 y 10, pasajeros comerciales por aeropuerto","SIAC ANAC Argentina - Tablas 12 y 13, movimientos comerciales por aeropuerto"
Argentina,PSS,SARP,Aeropuerto Libertador Gral D Jose De San Martin,2021,,,,,140528,9,,,140537,,,,,1390,3,,,1393,12,12,12 meses pasajeros / 12 meses movimientos,"SIAC ANAC Argentina - Tablas 9 y 10, pasajeros comerciales por aeropuerto","SIAC ANAC Argentina - Tablas 12 y 13, movimientos comerciales por aeropuerto"
Argentina,PSS,SARP,Aeropuerto Libertador Gral D Jose De San Martin,2022,,,,,227715,18,,,227733,,,,,1925,9,,,1934,12,12,12 meses pasajeros / 12 meses movimientos,"SIAC ANAC Argentina - Tablas 9 y 10, pasajeros comerciales por aeropuerto","SIAC ANAC Argentina - Tablas 12 y 13, movimientos comerciales por aeropuerto"
Argentina,PSS,SARP,Aeropuerto Libertador Gral D Jose De San Martin,2023,,,,,407330,55,,,407385,,,,,3565,18,,,3583,12,12,12 meses pasajeros / 12 meses movimientos,"SIAC ANAC Argentina - Tablas 9 y 10, pasajeros comerciales por aeropuerto","SIAC ANAC Argentina - Tablas 12 y 13, movimientos comerciales por aeropuerto"
Argentina,PSS,SARP,Aeropuerto Libertador Gral D Jose De San Martin,2024,,,,,325660,61,,,325721,,,,,3016,19,,,3035,12,12,12 meses pasajeros / 12 meses movimientos,"SIAC ANAC Argentina - Tablas 9 y 10, pasajeros comerciales por aeropuerto","SIAC ANAC Argentina - Tablas 12 y 13, movimientos comerciales por aeropuerto"
Argentina,PSS,SARP,Aeropuerto Libertador Gral D Jose De San Martin,2025,,,,,334186,42,,,334228,,,,,3045,10,,,3055,12,12,12 meses pasajeros / 12 meses movimientos,"SIAC ANAC Argentina - Tablas 9 y 10, pasajeros comerciales por aeropuerto","SIAC ANAC Argentina - Tablas 12 y 13, movimientos comerciales por aeropuerto"
Argentina,PSS,SARP,Aeropuerto Libertador Gral D Jose De San Martin,2026,,,,,138827,9,,,138836,,,,,1222,11,,,1233,6,6,6 meses pasajeros / 6 meses movimientos,"SIAC ANAC Argentina - Tablas 9 y 10, pasajeros comerciales por aeropuerto","SIAC ANAC Argentina - Tablas 12 y 13, movimientos comerciales por aeropuerto"
Argentina,RCQ,,Reconquista,2001,,,,,2816,0,,,2816,,,,,515,0,,,515,12,12,12 meses pasajeros / 12 meses movimientos,"SIAC ANAC Argentina - Tablas 9 y 10, pasajeros comerciales por aeropuerto","SIAC ANAC Argentina - Tablas 12 y 13, movimientos comerciales por aeropuerto"
Argentina,RCQ,,Reconquista,2002,,,,,115,0,,,115,,,,,38,0,,,38,12,12,12 meses pasajeros / 12 meses movimientos,"SIAC ANAC Argentina - Tablas 9 y 10, pasajeros comerciales por aeropuerto","SIAC ANAC Argentina - Tablas 12 y 13, movimientos comerciales por aeropuerto"
Argentina,RCQ,,Reconquista,2003,,,,,240,0,,,240,,,,,74,0,,,74,12,12,12 meses pasajeros / 12 meses movimientos,"SIAC ANAC Argentina - Tablas 9 y 10, pasajeros comerciales por aeropuerto","SIAC ANAC Argentina - Tablas 12 y 13, movimientos comerciales por aeropuerto"
Argentina,RCQ,,Reconquista,2004,,,,,496,0,,,496,,,,,131,0,,,131,12,12,12 meses pasajeros / 12 meses movimientos,"SIAC ANAC Argentina - Tablas 9 y 10, pasajeros comerciales por aeropuerto","SIAC ANAC Argentina - Tablas 12 y 13, movimientos comerciales por aeropuerto"
Argentina,RCQ,,Reconquista,2005,,,,,231,0,,,231,,,,,78,0,,,78,12,12,12 meses pasajeros / 12 meses movimientos,"SIAC ANAC Argentina - Tablas 9 y 10, pasajeros comerciales por aeropuerto","SIAC ANAC Argentina - Tablas 12 y 13, movimientos comerciales por aeropuerto"
Argentina,RCQ,,Reconquista,2006,,,,,276,0,,,276,,,,,105,0,,,105,12,12,12 meses pasajeros / 12 meses movimientos,"SIAC ANAC Argentina - Tablas 9 y 10, pasajeros comerciales por aeropuerto","SIAC ANAC Argentina - Tablas 12 y 13, movimientos comerciales por aeropuerto"
Argentina,RCQ,,Reconquista,2007,,,,,177,0,,,177,,,,,59,0,,,59,12,12,12 meses pasajeros / 12 meses movimientos,"SIAC ANAC Argentina - Tablas 9 y 10, pasajeros comerciales por aeropuerto","SIAC ANAC Argentina - Tablas 12 y 13, movimientos comerciales por aeropuerto"
Argentina,RCQ,,Reconquista,2008,,,,,89,0,,,89,,,,,37,0,,,37,12,12,12 meses pasajeros / 12 meses movimientos,"SIAC ANAC Argentina - Tablas 9 y 10, pasajeros comerciales por aeropuerto","SIAC ANAC Argentina - Tablas 12 y 13, movimientos comerciales por aeropuerto"
Argentina,RCQ,,Reconquista,2009,,,,,78,0,,,78,,,,,20,0,,,20,12,12,12 meses pasajeros / 12 meses movimientos,"SIAC ANAC Argentina - Tablas 9 y 10, pasajeros comerciales por aeropuerto","SIAC ANAC Argentina - Tablas 12 y 13, movimientos comerciales por aeropuerto"
Argentina,RCQ,,Reconquista,2010,,,,,22,0,,,22,,,,,8,0,,,8,12,12,12 meses pasajeros / 12 meses movimientos,"SIAC ANAC Argentina - Tablas 9 y 10, pasajeros comerciales por aeropuerto","SIAC ANAC Argentina - Tablas 12 y 13, movimientos comerciales por aeropuerto"
Argentina,RCQ,,Reconquista,2011,,,,,146,0,,,146,,,,,16,0,,,16,12,12,12 meses pasajeros / 12 meses movimientos,"SIAC ANAC Argentina - Tablas 9 y 10, pasajeros comerciales por aeropuerto","SIAC ANAC Argentina - Tablas 12 y 13, movimientos comerciales por aeropuerto"
Argentina,RCQ,,Reconquista,2012,,,,,278,0,,,278,,,,,65,0,,,65,12,12,12 meses pasajeros / 12 meses movimientos,"SIAC ANAC Argentina - Tablas 9 y 10, pasajeros comerciales por aeropuerto","SIAC ANAC Argentina - Tablas 12 y 13, movimientos comerciales por aeropuerto"
Argentina,RCQ,,Reconquista,2013,,,,,1151,0,,,1151,,,,,286,0,,,286,12,12,12 meses pasajeros / 12 meses movimientos,"SIAC ANAC Argentina - Tablas 9 y 10, pasajeros comerciales por aeropuerto","SIAC ANAC Argentina - Tablas 12 y 13, movimientos comerciales por aeropuerto"
Argentina,RCQ,,Reconquista,2014,,,,,1242,0,,,1242,,,,,210,0,,,210,12,12,12 meses pasajeros / 12 meses movimientos,"SIAC ANAC Argentina - Tablas 9 y 10, pasajeros comerciales por aeropuerto","SIAC ANAC Argentina - Tablas 12 y 13, movimientos comerciales por aeropuerto"
Argentina,RCQ,,Reconquista,2015,,,,,1332,0,,,1332,,,,,309,0,,,309,12,12,12 meses pasajeros / 12 meses movimientos,"SIAC ANAC Argentina - Tablas 9 y 10, pasajeros comerciales por aeropuerto","SIAC ANAC Argentina - Tablas 12 y 13, movimientos comerciales por aeropuerto"
Argentina,RCQ,,Reconquista,2016,,,,,1561,0,,,1561,,,,,352,0,,,352,12,12,12 meses pasajeros / 12 meses movimientos,"SIAC ANAC Argentina - Tablas 9 y 10, pasajeros comerciales por aeropuerto","SIAC ANAC Argentina - Tablas 12 y 13, movimientos comerciales por aeropuerto"
Argentina,RCQ,,Reconquista,2017,,,,,3185,0,,,3185,,,,,282,0,,,282,12,12,12 meses pasajeros / 12 meses movimientos,"SIAC ANAC Argentina - Tablas 9 y 10, pasajeros comerciales por aeropuerto","SIAC ANAC Argentina - Tablas 12 y 13, movimientos comerciales por aeropuerto"
Argentina,RCQ,,Reconquista,2018,,,,,9370,2,,,9372,,,,,206,2,,,208,12,12,12 meses pasajeros / 12 meses movimientos,"SIAC ANAC Argentina - Tablas 9 y 10, pasajeros comerciales por aeropuerto","SIAC ANAC Argentina - Tablas 12 y 13, movimientos comerciales por aeropuerto"
Argentina,RCQ,,Reconquista,2019,,,,,3307,0,,,3307,,,,,131,0,,,131,12,12,12 meses pasajeros / 12 meses movimientos,"SIAC ANAC Argentina - Tablas 9 y 10, pasajeros comerciales por aeropuerto","SIAC ANAC Argentina - Tablas 12 y 13, movimientos comerciales por aeropuerto"
Argentina,RCQ,,Reconquista,2020,,,,,32,0,,,32,,,,,13,0,,,13,12,12,12 meses pasajeros / 12 meses movimientos,"SIAC ANAC Argentina - Tablas 9 y 10, pasajeros comerciales por aeropuerto","SIAC ANAC Argentina - Tablas 12 y 13, movimientos comerciales por aeropuerto"
Argentina,RCQ,,Reconquista,2021,,,,,47,0,,,47,,,,,35,0,,,35,12,12,12 meses pasajeros / 12 meses movimientos,"SIAC ANAC Argentina - Tablas 9 y 10, pasajeros comerciales por aeropuerto","SIAC ANAC Argentina - Tablas 12 y 13, movimientos comerciales por aeropuerto"
Argentina,RCQ,,Reconquista,2022,,,,,255,0,,,255,,,,,159,0,,,159,12,12,12 meses pasajeros / 12 meses movimientos,"SIAC ANAC Argentina - Tablas 9 y 10, pasajeros comerciales por aeropuerto","SIAC ANAC Argentina - Tablas 12 y 13, movimientos comerciales por aeropuerto"
Argentina,RCQ,,Reconquista,2023,,,,,2696,7,,,2703,,,,,198,1,,,199,12,12,12 meses pasajeros / 12 meses movimientos,"SIAC ANAC Argentina - Tablas 9 y 10, pasajeros comerciales por aeropuerto","SIAC ANAC Argentina - Tablas 12 y 13, movimientos comerciales por aeropuerto"
Argentina,RCQ,,Reconquista,2024,,,,,835,0,,,835,,,,,206,0,,,206,12,12,12 meses pasajeros / 12 meses movimientos,"SIAC ANAC Argentina - Tablas 9 y 10, pasajeros comerciales por aeropuerto","SIAC ANAC Argentina - Tablas 12 y 13, movimientos comerciales por aeropuerto"
Argentina,RCQ,,Reconquista,2025,,,,,251,0,,,251,,,,,232,1,,,233,12,12,12 meses pasajeros / 12 meses movimientos,"SIAC ANAC Argentina - Tablas 9 y 10, pasajeros comerciales por aeropuerto","SIAC ANAC Argentina - Tablas 12 y 13, movimientos comerciales por aeropuerto"
Argentina,RCQ,,Reconquista,2026,,,,,49,0,,,49,,,,,59,0,,,59,6,6,6 meses pasajeros / 6 meses movimientos,"SIAC ANAC Argentina - Tablas 9 y 10, pasajeros comerciales por aeropuerto","SIAC ANAC Argentina - Tablas 12 y 13, movimientos comerciales por aeropuerto"
Argentina,RCU,,Río Cuarto,2001,,,,,15005,0,,,15005,,,,,818,0,,,818,12,12,12 meses pasajeros / 12 meses movimientos,"SIAC ANAC Argentina - Tablas 9 y 10, pasajeros comerciales por aeropuerto","SIAC ANAC Argentina - Tablas 12 y 13, movimientos comerciales por aeropuerto"
Argentina,RCU,,Río Cuarto,2002,,,,,4054,0,,,4054,,,,,390,0,,,390,12,12,12 meses pasajeros / 12 meses movimientos,"SIAC ANAC Argentina - Tablas 9 y 10, pasajeros comerciales por aeropuerto","SIAC ANAC Argentina - Tablas 12 y 13, movimientos comerciales por aeropuerto"
Argentina,RCU,,Río Cuarto,2003,,,,,38,0,,,38,,,,,10,0,,,10,12,12,12 meses pasajeros / 12 meses movimientos,"SIAC ANAC Argentina - Tablas 9 y 10, pasajeros comerciales por aeropuerto","SIAC ANAC Argentina - Tablas 12 y 13, movimientos comerciales por aeropuerto"
Argentina,RCU,,Río Cuarto,2004,,,,,1644,0,,,1644,,,,,158,0,,,158,12,12,12 meses pasajeros / 12 meses movimientos,"SIAC ANAC Argentina - Tablas 9 y 10, pasajeros comerciales por aeropuerto","SIAC ANAC Argentina - Tablas 12 y 13, movimientos comerciales por aeropuerto"
Argentina,RCU,,Río Cuarto,2005,,,,,74,0,,,74,,,,,22,0,,,22,12,12,12 meses pasajeros / 12 meses movimientos,"SIAC ANAC Argentina - Tablas 9 y 10, pasajeros comerciales por aeropuerto","SIAC ANAC Argentina - Tablas 12 y 13, movimientos comerciales por aeropuerto"
Argentina,RCU,,Río Cuarto,2006,,,,,26,0,,,26,,,,,16,0,,,16,12,12,12 meses pasajeros / 12 meses movimientos,"SIAC ANAC Argentina - Tablas 9 y 10, pasajeros comerciales por aeropuerto","SIAC ANAC Argentina - Tablas 12 y 13, movimientos comerciales por aeropuerto"
Argentina,RCU,,Río Cuarto,2007,,,,,57,0,,,57,,,,,15,0,,,15,12,12,12 meses pasajeros / 12 meses movimientos,"SIAC ANAC Argentina - Tablas 9 y 10, pasajeros comerciales por aeropuerto","SIAC ANAC Argentina - Tablas 12 y 13, movimientos comerciales por aeropuerto"
Argentina,RCU,,Río Cuarto,2008,,,,,59,0,,,59,,,,,24,0,,,24,12,12,12 meses pasajeros / 12 meses movimientos,"SIAC ANAC Argentina - Tablas 9 y 10, pasajeros comerciales por aeropuerto","SIAC ANAC Argentina - Tablas 12 y 13, movimientos comerciales por aeropuerto"
Argentina,RCU,,Río Cuarto,2009,,,,,2595,0,,,2595,,,,,622,0,,,622,12,12,12 meses pasajeros / 12 meses movimientos,"SIAC ANAC Argentina - Tablas 9 y 10, pasajeros comerciales por aeropuerto","SIAC ANAC Argentina - Tablas 12 y 13, movimientos comerciales por aeropuerto"
Argentina,RCU,,Río Cuarto,2010,,,,,2937,0,,,2937,,,,,517,0,,,517,12,12,12 meses pasajeros / 12 meses movimientos,"SIAC ANAC Argentina - Tablas 9 y 10, pasajeros comerciales por aeropuerto","SIAC ANAC Argentina - Tablas 12 y 13, movimientos comerciales por aeropuerto"
Argentina,RCU,,Río Cuarto,2011,,,,,510,0,,,510,,,,,113,0,,,113,12,12,12 meses pasajeros / 12 meses movimientos,"SIAC ANAC Argentina - Tablas 9 y 10, pasajeros comerciales por aeropuerto","SIAC ANAC Argentina - Tablas 12 y 13, movimientos comerciales por aeropuerto"
Argentina,RCU,,Río Cuarto,2012,,,,,123,0,,,123,,,,,23,0,,,23,12,12,12 meses pasajeros / 12 meses movimientos,"SIAC ANAC Argentina - Tablas 9 y 10, pasajeros comerciales por aeropuerto","SIAC ANAC Argentina - Tablas 12 y 13, movimientos comerciales por aeropuerto"
Argentina,RCU,,Río Cuarto,2013,,,,,12,0,,,12,,,,,10,0,,,10,12,12,12 meses pasajeros / 12 meses movimientos,"SIAC ANAC Argentina - Tablas 9 y 10, pasajeros comerciales por aeropuerto","SIAC ANAC Argentina - Tablas 12 y 13, movimientos comerciales por aeropuerto"
Argentina,RCU,,Río Cuarto,2014,,,,,122,0,,,122,,,,,31,0,,,31,12,12,12 meses pasajeros / 12 meses movimientos,"SIAC ANAC Argentina - Tablas 9 y 10, pasajeros comerciales por aeropuerto","SIAC ANAC Argentina - Tablas 12 y 13, movimientos comerciales por aeropuerto"
Argentina,RCU,,Río Cuarto,2015,,,,,164,0,,,164,,,,,54,0,,,54,12,12,12 meses pasajeros / 12 meses movimientos,"SIAC ANAC Argentina - Tablas 9 y 10, pasajeros comerciales por aeropuerto","SIAC ANAC Argentina - Tablas 12 y 13, movimientos comerciales por aeropuerto"
Argentina,RCU,,Río Cuarto,2016,,,,,12333,0,,,12333,,,,,371,0,,,371,12,12,12 meses pasajeros / 12 meses movimientos,"SIAC ANAC Argentina - Tablas 9 y 10, pasajeros comerciales por aeropuerto","SIAC ANAC Argentina - Tablas 12 y 13, movimientos comerciales por aeropuerto"
Argentina,RCU,,Río Cuarto,2017,,,,,54029,0,,,54029,,,,,1154,0,,,1154,12,12,12 meses pasajeros / 12 meses movimientos,"SIAC ANAC Argentina - Tablas 9 y 10, pasajeros comerciales por aeropuerto","SIAC ANAC Argentina - Tablas 12 y 13, movimientos comerciales por aeropuerto"
Argentina,RCU,,Río Cuarto,2018,,,,,37664,0,,,37664,,,,,596,0,,,596,12,12,12 meses pasajeros / 12 meses movimientos,"SIAC ANAC Argentina - Tablas 9 y 10, pasajeros comerciales por aeropuerto","SIAC ANAC Argentina - Tablas 12 y 13, movimientos comerciales por aeropuerto"
Argentina,RCU,,Río Cuarto,2019,,,,,37097,0,,,37097,,,,,565,0,,,565,12,12,12 meses pasajeros / 12 meses movimientos,"SIAC ANAC Argentina - Tablas 9 y 10, pasajeros comerciales por aeropuerto","SIAC ANAC Argentina - Tablas 12 y 13, movimientos comerciales por aeropuerto"
Argentina,RCU,,Río Cuarto,2020,,,,,4518,0,,,4518,,,,,100,0,,,100,12,12,12 meses pasajeros / 12 meses movimientos,"SIAC ANAC Argentina - Tablas 9 y 10, pasajeros comerciales por aeropuerto","SIAC ANAC Argentina - Tablas 12 y 13, movimientos comerciales por aeropuerto"
Argentina,RCU,,Río Cuarto,2021,,,,,8762,0,,,8762,,,,,327,0,,,327,12,12,12 meses pasajeros / 12 meses movimientos,"SIAC ANAC Argentina - Tablas 9 y 10, pasajeros comerciales por aeropuerto","SIAC ANAC Argentina - Tablas 12 y 13, movimientos comerciales por aeropuerto"
Argentina,RCU,,Río Cuarto,2022,,,,,24043,0,,,24043,,,,,569,0,,,569,12,12,12 meses pasajeros / 12 meses movimientos,"SIAC ANAC Argentina - Tablas 9 y 10, pasajeros comerciales por aeropuerto","SIAC ANAC Argentina - Tablas 12 y 13, movimientos comerciales por aeropuerto"
Argentina,RCU,,Río Cuarto,2023,,,,,28100,7,,,28107,,,,,443,1,,,444,12,12,12 meses pasajeros / 12 meses movimientos,"SIAC ANAC Argentina - Tablas 9 y 10, pasajeros comerciales por aeropuerto","SIAC ANAC Argentina - Tablas 12 y 13, movimientos comerciales por aeropuerto"
Argentina,RCU,,Río Cuarto,2024,,,,,26293,12,,,26305,,,,,434,2,,,436,12,12,12 meses pasajeros / 12 meses movimientos,"SIAC ANAC Argentina - Tablas 9 y 10, pasajeros comerciales por aeropuerto","SIAC ANAC Argentina - Tablas 12 y 13, movimientos comerciales por aeropuerto"
Argentina,RCU,,Río Cuarto,2025,,,,,11892,5,,,11897,,,,,212,1,,,213,12,12,12 meses pasajeros / 12 meses movimientos,"SIAC ANAC Argentina - Tablas 9 y 10, pasajeros comerciales por aeropuerto","SIAC ANAC Argentina - Tablas 12 y 13, movimientos comerciales por aeropuerto"
Argentina,RCU,,Río Cuarto,2026,,,,,11758,0,,,11758,,,,,228,0,,,228,6,6,6 meses pasajeros / 6 meses movimientos,"SIAC ANAC Argentina - Tablas 9 y 10, pasajeros comerciales por aeropuerto","SIAC ANAC Argentina - Tablas 12 y 13, movimientos comerciales por aeropuerto"
Argentina,REL,SAVT,Aeropuerto Almirante Marco Andres Zar,2001,,,,,127115,0,,,127115,,,,,4664,0,,,4664,12,12,12 meses pasajeros / 12 meses movimientos,"SIAC ANAC Argentina - Tablas 9 y 10, pasajeros comerciales por aeropuerto","SIAC ANAC Argentina - Tablas 12 y 13, movimientos comerciales por aeropuerto"
Argentina,REL,SAVT,Aeropuerto Almirante Marco Andres Zar,2002,,,,,118132,0,,,118132,,,,,2745,0,,,2745,12,12,12 meses pasajeros / 12 meses movimientos,"SIAC ANAC Argentina - Tablas 9 y 10, pasajeros comerciales por aeropuerto","SIAC ANAC Argentina - Tablas 12 y 13, movimientos comerciales por aeropuerto"
Argentina,REL,SAVT,Aeropuerto Almirante Marco Andres Zar,2003,,,,,172400,0,,,172400,,,,,2704,0,,,2704,12,12,12 meses pasajeros / 12 meses movimientos,"SIAC ANAC Argentina - Tablas 9 y 10, pasajeros comerciales por aeropuerto","SIAC ANAC Argentina - Tablas 12 y 13, movimientos comerciales por aeropuerto"
Argentina,REL,SAVT,Aeropuerto Almirante Marco Andres Zar,2004,,,,,222919,0,,,222919,,,,,3221,1,,,3222,12,12,12 meses pasajeros / 12 meses movimientos,"SIAC ANAC Argentina - Tablas 9 y 10, pasajeros comerciales por aeropuerto","SIAC ANAC Argentina - Tablas 12 y 13, movimientos comerciales por aeropuerto"
Argentina,REL,SAVT,Aeropuerto Almirante Marco Andres Zar,2005,,,,,234898,0,,,234898,,,,,3356,0,,,3356,12,12,12 meses pasajeros / 12 meses movimientos,"SIAC ANAC Argentina - Tablas 9 y 10, pasajeros comerciales por aeropuerto","SIAC ANAC Argentina - Tablas 12 y 13, movimientos comerciales por aeropuerto"
Argentina,REL,SAVT,Aeropuerto Almirante Marco Andres Zar,2006,,,,,246556,11,,,246567,,,,,3516,1,,,3517,12,12,12 meses pasajeros / 12 meses movimientos,"SIAC ANAC Argentina - Tablas 9 y 10, pasajeros comerciales por aeropuerto","SIAC ANAC Argentina - Tablas 12 y 13, movimientos comerciales por aeropuerto"
Argentina,REL,SAVT,Aeropuerto Almirante Marco Andres Zar,2007,,,,,244098,0,,,244098,,,,,3309,0,,,3309,12,12,12 meses pasajeros / 12 meses movimientos,"SIAC ANAC Argentina - Tablas 9 y 10, pasajeros comerciales por aeropuerto","SIAC ANAC Argentina - Tablas 12 y 13, movimientos comerciales por aeropuerto"
Argentina,REL,SAVT,Aeropuerto Almirante Marco Andres Zar,2008,,,,,233008,0,,,233008,,,,,3459,0,,,3459,12,12,12 meses pasajeros / 12 meses movimientos,"SIAC ANAC Argentina - Tablas 9 y 10, pasajeros comerciales por aeropuerto","SIAC ANAC Argentina - Tablas 12 y 13, movimientos comerciales por aeropuerto"
Argentina,REL,SAVT,Aeropuerto Almirante Marco Andres Zar,2009,,,,,238110,127,,,238237,,,,,3714,3,,,3717,12,12,12 meses pasajeros / 12 meses movimientos,"SIAC ANAC Argentina - Tablas 9 y 10, pasajeros comerciales por aeropuerto","SIAC ANAC Argentina - Tablas 12 y 13, movimientos comerciales por aeropuerto"
Argentina,REL,SAVT,Aeropuerto Almirante Marco Andres Zar,2010,,,,,223998,0,,,223998,,,,,3298,0,,,3298,12,12,12 meses pasajeros / 12 meses movimientos,"SIAC ANAC Argentina - Tablas 9 y 10, pasajeros comerciales por aeropuerto","SIAC ANAC Argentina - Tablas 12 y 13, movimientos comerciales por aeropuerto"
Argentina,REL,SAVT,Aeropuerto Almirante Marco Andres Zar,2011,,,,,137687,0,,,137687,,,,,2190,0,,,2190,12,12,12 meses pasajeros / 12 meses movimientos,"SIAC ANAC Argentina - Tablas 9 y 10, pasajeros comerciales por aeropuerto","SIAC ANAC Argentina - Tablas 12 y 13, movimientos comerciales por aeropuerto"
Argentina,REL,SAVT,Aeropuerto Almirante Marco Andres Zar,2012,,,,,190728,0,,,190728,,,,,3775,0,,,3775,12,12,12 meses pasajeros / 12 meses movimientos,"SIAC ANAC Argentina - Tablas 9 y 10, pasajeros comerciales por aeropuerto","SIAC ANAC Argentina - Tablas 12 y 13, movimientos comerciales por aeropuerto"
Argentina,REL,SAVT,Aeropuerto Almirante Marco Andres Zar,2013,,,,,199963,0,,,199963,,,,,3894,0,,,3894,12,12,12 meses pasajeros / 12 meses movimientos,"SIAC ANAC Argentina - Tablas 9 y 10, pasajeros comerciales por aeropuerto","SIAC ANAC Argentina - Tablas 12 y 13, movimientos comerciales por aeropuerto"
Argentina,REL,SAVT,Aeropuerto Almirante Marco Andres Zar,2014,,,,,224155,75,,,224230,,,,,4371,5,,,4376,12,12,12 meses pasajeros / 12 meses movimientos,"SIAC ANAC Argentina - Tablas 9 y 10, pasajeros comerciales por aeropuerto","SIAC ANAC Argentina - Tablas 12 y 13, movimientos comerciales por aeropuerto"
Argentina,REL,SAVT,Aeropuerto Almirante Marco Andres Zar,2015,,,,,222228,0,,,222228,,,,,4125,0,,,4125,12,12,12 meses pasajeros / 12 meses movimientos,"SIAC ANAC Argentina - Tablas 9 y 10, pasajeros comerciales por aeropuerto","SIAC ANAC Argentina - Tablas 12 y 13, movimientos comerciales por aeropuerto"
Argentina,REL,SAVT,Aeropuerto Almirante Marco Andres Zar,2016,,,,,227409,0,,,227409,,,,,2852,0,,,2852,12,12,12 meses pasajeros / 12 meses movimientos,"SIAC ANAC Argentina - Tablas 9 y 10, pasajeros comerciales por aeropuerto","SIAC ANAC Argentina - Tablas 12 y 13, movimientos comerciales por aeropuerto"
Argentina,REL,SAVT,Aeropuerto Almirante Marco Andres Zar,2017,,,,,277287,0,,,277287,,,,,3602,0,,,3602,12,12,12 meses pasajeros / 12 meses movimientos,"SIAC ANAC Argentina - Tablas 9 y 10, pasajeros comerciales por aeropuerto","SIAC ANAC Argentina - Tablas 12 y 13, movimientos comerciales por aeropuerto"
Argentina,REL,SAVT,Aeropuerto Almirante Marco Andres Zar,2018,,,,,332680,0,,,332680,,,,,4219,0,,,4219,12,12,12 meses pasajeros / 12 meses movimientos,"SIAC ANAC Argentina - Tablas 9 y 10, pasajeros comerciales por aeropuerto","SIAC ANAC Argentina - Tablas 12 y 13, movimientos comerciales por aeropuerto"
Argentina,REL,SAVT,Aeropuerto Almirante Marco Andres Zar,2019,,,,,357632,0,,,357632,,,,,4011,0,,,4011,12,12,12 meses pasajeros / 12 meses movimientos,"SIAC ANAC Argentina - Tablas 9 y 10, pasajeros comerciales por aeropuerto","SIAC ANAC Argentina - Tablas 12 y 13, movimientos comerciales por aeropuerto"
Argentina,REL,SAVT,Aeropuerto Almirante Marco Andres Zar,2020,,,,,87480,0,,,87480,,,,,1315,0,,,1315,12,12,12 meses pasajeros / 12 meses movimientos,"SIAC ANAC Argentina - Tablas 9 y 10, pasajeros comerciales por aeropuerto","SIAC ANAC Argentina - Tablas 12 y 13, movimientos comerciales por aeropuerto"
Argentina,REL,SAVT,Aeropuerto Almirante Marco Andres Zar,2021,,,,,166061,0,,,166061,,,,,1596,0,,,1596,12,12,12 meses pasajeros / 12 meses movimientos,"SIAC ANAC Argentina - Tablas 9 y 10, pasajeros comerciales por aeropuerto","SIAC ANAC Argentina - Tablas 12 y 13, movimientos comerciales por aeropuerto"
Argentina,REL,SAVT,Aeropuerto Almirante Marco Andres Zar,2022,,,,,303980,0,,,303980,,,,,2771,0,,,2771,12,12,12 meses pasajeros / 12 meses movimientos,"SIAC ANAC Argentina - Tablas 9 y 10, pasajeros comerciales por aeropuerto","SIAC ANAC Argentina - Tablas 12 y 13, movimientos comerciales por aeropuerto"
Argentina,REL,SAVT,Aeropuerto Almirante Marco Andres Zar,2023,,,,,298396,1,,,298397,,,,,3284,4,,,3288,12,12,12 meses pasajeros / 12 meses movimientos,"SIAC ANAC Argentina - Tablas 9 y 10, pasajeros comerciales por aeropuerto","SIAC ANAC Argentina - Tablas 12 y 13, movimientos comerciales por aeropuerto"
Argentina,REL,SAVT,Aeropuerto Almirante Marco Andres Zar,2024,,,,,281628,3,,,281631,,,,,2778,1,,,2779,12,12,12 meses pasajeros / 12 meses movimientos,"SIAC ANAC Argentina - Tablas 9 y 10, pasajeros comerciales por aeropuerto","SIAC ANAC Argentina - Tablas 12 y 13, movimientos comerciales por aeropuerto"
Argentina,REL,SAVT,Aeropuerto Almirante Marco Andres Zar,2025,,,,,289311,3,,,289314,,,,,2614,1,,,2615,12,12,12 meses pasajeros / 12 meses movimientos,"SIAC ANAC Argentina - Tablas 9 y 10, pasajeros comerciales por aeropuerto","SIAC ANAC Argentina - Tablas 12 y 13, movimientos comerciales por aeropuerto"
Argentina,REL,SAVT,Aeropuerto Almirante Marco Andres Zar,2026,,,,,138986,0,,,138986,,,,,1391,0,,,1391,6,6,6 meses pasajeros / 6 meses movimientos,"SIAC ANAC Argentina - Tablas 9 y 10, pasajeros comerciales por aeropuerto","SIAC ANAC Argentina - Tablas 12 y 13, movimientos comerciales por aeropuerto"
Argentina,RES,SARE,Aeropuerto Internacional Resistencia,2001,,,,,114603,1025,,,115628,,,,,4148,38,,,4186,12,12,12 meses pasajeros / 12 meses movimientos,"SIAC ANAC Argentina - Tablas 9 y 10, pasajeros comerciales por aeropuerto","SIAC ANAC Argentina - Tablas 12 y 13, movimientos comerciales por aeropuerto"
Argentina,RES,SARE,Aeropuerto Internacional Resistencia,2002,,,,,92770,15,,,92785,,,,,2164,13,,,2177,12,12,12 meses pasajeros / 12 meses movimientos,"SIAC ANAC Argentina - Tablas 9 y 10, pasajeros comerciales por aeropuerto","SIAC ANAC Argentina - Tablas 12 y 13, movimientos comerciales por aeropuerto"
Argentina,RES,SARE,Aeropuerto Internacional Resistencia,2003,,,,,82356,6,,,82362,,,,,1308,4,,,1312,12,12,12 meses pasajeros / 12 meses movimientos,"SIAC ANAC Argentina - Tablas 9 y 10, pasajeros comerciales por aeropuerto","SIAC ANAC Argentina - Tablas 12 y 13, movimientos comerciales por aeropuerto"
Argentina,RES,SARE,Aeropuerto Internacional Resistencia,2004,,,,,123184,113,,,123297,,,,,1809,19,,,1828,12,12,12 meses pasajeros / 12 meses movimientos,"SIAC ANAC Argentina - Tablas 9 y 10, pasajeros comerciales por aeropuerto","SIAC ANAC Argentina - Tablas 12 y 13, movimientos comerciales por aeropuerto"
Argentina,RES,SARE,Aeropuerto Internacional Resistencia,2005,,,,,102479,11,,,102490,,,,,1346,12,,,1358,12,12,12 meses pasajeros / 12 meses movimientos,"SIAC ANAC Argentina - Tablas 9 y 10, pasajeros comerciales por aeropuerto","SIAC ANAC Argentina - Tablas 12 y 13, movimientos comerciales por aeropuerto"
Argentina,RES,SARE,Aeropuerto Internacional Resistencia,2006,,,,,98084,57,,,98141,,,,,1229,12,,,1241,12,12,12 meses pasajeros / 12 meses movimientos,"SIAC ANAC Argentina - Tablas 9 y 10, pasajeros comerciales por aeropuerto","SIAC ANAC Argentina - Tablas 12 y 13, movimientos comerciales por aeropuerto"
Argentina,RES,SARE,Aeropuerto Internacional Resistencia,2007,,,,,93267,111,,,93378,,,,,1154,64,,,1218,12,12,12 meses pasajeros / 12 meses movimientos,"SIAC ANAC Argentina - Tablas 9 y 10, pasajeros comerciales por aeropuerto","SIAC ANAC Argentina - Tablas 12 y 13, movimientos comerciales por aeropuerto"
Argentina,RES,SARE,Aeropuerto Internacional Resistencia,2008,,,,,71739,384,,,72123,,,,,1080,170,,,1250,12,12,12 meses pasajeros / 12 meses movimientos,"SIAC ANAC Argentina - Tablas 9 y 10, pasajeros comerciales por aeropuerto","SIAC ANAC Argentina - Tablas 12 y 13, movimientos comerciales por aeropuerto"
Argentina,RES,SARE,Aeropuerto Internacional Resistencia,2009,,,,,142552,308,,,142860,,,,,2715,48,,,2763,12,12,12 meses pasajeros / 12 meses movimientos,"SIAC ANAC Argentina - Tablas 9 y 10, pasajeros comerciales por aeropuerto","SIAC ANAC Argentina - Tablas 12 y 13, movimientos comerciales por aeropuerto"
Argentina,RES,SARE,Aeropuerto Internacional Resistencia,2010,,,,,119705,30,,,119735,,,,,2278,15,,,2293,12,12,12 meses pasajeros / 12 meses movimientos,"SIAC ANAC Argentina - Tablas 9 y 10, pasajeros comerciales por aeropuerto","SIAC ANAC Argentina - Tablas 12 y 13, movimientos comerciales por aeropuerto"
Argentina,RES,SARE,Aeropuerto Internacional Resistencia,2011,,,,,118810,167,,,118977,,,,,1785,28,,,1813,12,12,12 meses pasajeros / 12 meses movimientos,"SIAC ANAC Argentina - Tablas 9 y 10, pasajeros comerciales por aeropuerto","SIAC ANAC Argentina - Tablas 12 y 13, movimientos comerciales por aeropuerto"
Argentina,RES,SARE,Aeropuerto Internacional Resistencia,2012,,,,,131343,333,,,131676,,,,,1915,18,,,1933,12,12,12 meses pasajeros / 12 meses movimientos,"SIAC ANAC Argentina - Tablas 9 y 10, pasajeros comerciales por aeropuerto","SIAC ANAC Argentina - Tablas 12 y 13, movimientos comerciales por aeropuerto"
Argentina,RES,SARE,Aeropuerto Internacional Resistencia,2013,,,,,150634,140,,,150774,,,,,1722,27,,,1749,12,12,12 meses pasajeros / 12 meses movimientos,"SIAC ANAC Argentina - Tablas 9 y 10, pasajeros comerciales por aeropuerto","SIAC ANAC Argentina - Tablas 12 y 13, movimientos comerciales por aeropuerto"
Argentina,RES,SARE,Aeropuerto Internacional Resistencia,2014,,,,,224225,376,,,224601,,,,,2490,59,,,2549,12,12,12 meses pasajeros / 12 meses movimientos,"SIAC ANAC Argentina - Tablas 9 y 10, pasajeros comerciales por aeropuerto","SIAC ANAC Argentina - Tablas 12 y 13, movimientos comerciales por aeropuerto"
Argentina,RES,SARE,Aeropuerto Internacional Resistencia,2015,,,,,258480,164,,,258644,,,,,2556,5,,,2561,12,12,12 meses pasajeros / 12 meses movimientos,"SIAC ANAC Argentina - Tablas 9 y 10, pasajeros comerciales por aeropuerto","SIAC ANAC Argentina - Tablas 12 y 13, movimientos comerciales por aeropuerto"
Argentina,RES,SARE,Aeropuerto Internacional Resistencia,2016,,,,,214783,175,,,214958,,,,,2408,6,,,2414,12,12,12 meses pasajeros / 12 meses movimientos,"SIAC ANAC Argentina - Tablas 9 y 10, pasajeros comerciales por aeropuerto","SIAC ANAC Argentina - Tablas 12 y 13, movimientos comerciales por aeropuerto"
Argentina,RES,SARE,Aeropuerto Internacional Resistencia,2017,,,,,315875,207,,,316082,,,,,3267,15,,,3282,12,12,12 meses pasajeros / 12 meses movimientos,"SIAC ANAC Argentina - Tablas 9 y 10, pasajeros comerciales por aeropuerto","SIAC ANAC Argentina - Tablas 12 y 13, movimientos comerciales por aeropuerto"
Argentina,RES,SARE,Aeropuerto Internacional Resistencia,2018,,,,,297323,595,,,297918,,,,,3499,13,,,3512,12,12,12 meses pasajeros / 12 meses movimientos,"SIAC ANAC Argentina - Tablas 9 y 10, pasajeros comerciales por aeropuerto","SIAC ANAC Argentina - Tablas 12 y 13, movimientos comerciales por aeropuerto"
Argentina,RES,SARE,Aeropuerto Internacional Resistencia,2019,,,,,280978,4032,,,285010,,,,,3285,234,,,3519,12,12,12 meses pasajeros / 12 meses movimientos,"SIAC ANAC Argentina - Tablas 9 y 10, pasajeros comerciales por aeropuerto","SIAC ANAC Argentina - Tablas 12 y 13, movimientos comerciales por aeropuerto"
Argentina,RES,SARE,Aeropuerto Internacional Resistencia,2020,,,,,48291,129,,,48420,,,,,715,66,,,781,12,12,12 meses pasajeros / 12 meses movimientos,"SIAC ANAC Argentina - Tablas 9 y 10, pasajeros comerciales por aeropuerto","SIAC ANAC Argentina - Tablas 12 y 13, movimientos comerciales por aeropuerto"
Argentina,RES,SARE,Aeropuerto Internacional Resistencia,2021,,,,,67807,0,,,67807,,,,,858,2,,,860,12,12,12 meses pasajeros / 12 meses movimientos,"SIAC ANAC Argentina - Tablas 9 y 10, pasajeros comerciales por aeropuerto","SIAC ANAC Argentina - Tablas 12 y 13, movimientos comerciales por aeropuerto"
Argentina,RES,SARE,Aeropuerto Internacional Resistencia,2022,,,,,226253,169,,,226422,,,,,2339,17,,,2356,12,12,12 meses pasajeros / 12 meses movimientos,"SIAC ANAC Argentina - Tablas 9 y 10, pasajeros comerciales por aeropuerto","SIAC ANAC Argentina - Tablas 12 y 13, movimientos comerciales por aeropuerto"
Argentina,RES,SARE,Aeropuerto Internacional Resistencia,2023,,,,,190544,0,,,190544,,,,,2286,11,,,2297,12,12,12 meses pasajeros / 12 meses movimientos,"SIAC ANAC Argentina - Tablas 9 y 10, pasajeros comerciales por aeropuerto","SIAC ANAC Argentina - Tablas 12 y 13, movimientos comerciales por aeropuerto"
Argentina,RES,SARE,Aeropuerto Internacional Resistencia,2024,,,,,194957,151,,,195108,,,,,2420,12,,,2432,12,12,12 meses pasajeros / 12 meses movimientos,"SIAC ANAC Argentina - Tablas 9 y 10, pasajeros comerciales por aeropuerto","SIAC ANAC Argentina - Tablas 12 y 13, movimientos comerciales por aeropuerto"
Argentina,RES,SARE,Aeropuerto Internacional Resistencia,2025,,,,,226626,30,,,226656,,,,,2409,21,,,2430,12,12,12 meses pasajeros / 12 meses movimientos,"SIAC ANAC Argentina - Tablas 9 y 10, pasajeros comerciales por aeropuerto","SIAC ANAC Argentina - Tablas 12 y 13, movimientos comerciales por aeropuerto"
Argentina,RES,SARE,Aeropuerto Internacional Resistencia,2026,,,,,129966,316,,,130282,,,,,1273,8,,,1281,6,6,6 meses pasajeros / 6 meses movimientos,"SIAC ANAC Argentina - Tablas 9 y 10, pasajeros comerciales por aeropuerto","SIAC ANAC Argentina - Tablas 12 y 13, movimientos comerciales por aeropuerto"
Argentina,RGA,SAWE,Aeropuerto Internacional Gobernador Ramón Trejo Noel,2001,,,,,82298,1,,,82299,,,,,2039,3,,,2042,12,12,12 meses pasajeros / 12 meses movimientos,"SIAC ANAC Argentina - Tablas 9 y 10, pasajeros comerciales por aeropuerto","SIAC ANAC Argentina - Tablas 12 y 13, movimientos comerciales por aeropuerto"
Argentina,RGA,SAWE,Aeropuerto Internacional Gobernador Ramón Trejo Noel,2002,,,,,72854,5,,,72859,,,,,1643,6,,,1649,12,12,12 meses pasajeros / 12 meses movimientos,"SIAC ANAC Argentina - Tablas 9 y 10, pasajeros comerciales por aeropuerto","SIAC ANAC Argentina - Tablas 12 y 13, movimientos comerciales por aeropuerto"
Argentina,RGA,SAWE,Aeropuerto Internacional Gobernador Ramón Trejo Noel,2003,,,,,68764,22,,,68786,,,,,1768,6,,,1774,12,12,12 meses pasajeros / 12 meses movimientos,"SIAC ANAC Argentina - Tablas 9 y 10, pasajeros comerciales por aeropuerto","SIAC ANAC Argentina - Tablas 12 y 13, movimientos comerciales por aeropuerto"
Argentina,RGA,SAWE,Aeropuerto Internacional Gobernador Ramón Trejo Noel,2004,,,,,96701,15,,,96716,,,,,2883,13,,,2896,12,12,12 meses pasajeros / 12 meses movimientos,"SIAC ANAC Argentina - Tablas 9 y 10, pasajeros comerciales por aeropuerto","SIAC ANAC Argentina - Tablas 12 y 13, movimientos comerciales por aeropuerto"
Argentina,RGA,SAWE,Aeropuerto Internacional Gobernador Ramón Trejo Noel,2005,,,,,95725,9,,,95734,,,,,1493,7,,,1500,12,12,12 meses pasajeros / 12 meses movimientos,"SIAC ANAC Argentina - Tablas 9 y 10, pasajeros comerciales por aeropuerto","SIAC ANAC Argentina - Tablas 12 y 13, movimientos comerciales por aeropuerto"
Argentina,RGA,SAWE,Aeropuerto Internacional Gobernador Ramón Trejo Noel,2006,,,,,103372,29,,,103401,,,,,1420,14,,,1434,12,12,12 meses pasajeros / 12 meses movimientos,"SIAC ANAC Argentina - Tablas 9 y 10, pasajeros comerciales por aeropuerto","SIAC ANAC Argentina - Tablas 12 y 13, movimientos comerciales por aeropuerto"
Argentina,RGA,SAWE,Aeropuerto Internacional Gobernador Ramón Trejo Noel,2007,,,,,97752,44,,,97796,,,,,1649,25,,,1674,12,12,12 meses pasajeros / 12 meses movimientos,"SIAC ANAC Argentina - Tablas 9 y 10, pasajeros comerciales por aeropuerto","SIAC ANAC Argentina - Tablas 12 y 13, movimientos comerciales por aeropuerto"
Argentina,RGA,SAWE,Aeropuerto Internacional Gobernador Ramón Trejo Noel,2008,,,,,74017,76,,,74093,,,,,1304,17,,,1321,12,12,12 meses pasajeros / 12 meses movimientos,"SIAC ANAC Argentina - Tablas 9 y 10, pasajeros comerciales por aeropuerto","SIAC ANAC Argentina - Tablas 12 y 13, movimientos comerciales por aeropuerto"
Argentina,RGA,SAWE,Aeropuerto Internacional Gobernador Ramón Trejo Noel,2009,,,,,85848,6,,,85854,,,,,1505,4,,,1509,12,12,12 meses pasajeros / 12 meses movimientos,"SIAC ANAC Argentina - Tablas 9 y 10, pasajeros comerciales por aeropuerto","SIAC ANAC Argentina - Tablas 12 y 13, movimientos comerciales por aeropuerto"
Argentina,RGA,SAWE,Aeropuerto Internacional Gobernador Ramón Trejo Noel,2010,,,,,61623,0,,,61623,,,,,749,0,,,749,12,12,12 meses pasajeros / 12 meses movimientos,"SIAC ANAC Argentina - Tablas 9 y 10, pasajeros comerciales por aeropuerto","SIAC ANAC Argentina - Tablas 12 y 13, movimientos comerciales por aeropuerto"
Argentina,RGA,SAWE,Aeropuerto Internacional Gobernador Ramón Trejo Noel,2011,,,,,78897,1,,,78898,,,,,1125,1,,,1126,12,12,12 meses pasajeros / 12 meses movimientos,"SIAC ANAC Argentina - Tablas 9 y 10, pasajeros comerciales por aeropuerto","SIAC ANAC Argentina - Tablas 12 y 13, movimientos comerciales por aeropuerto"
Argentina,RGA,SAWE,Aeropuerto Internacional Gobernador Ramón Trejo Noel,2012,,,,,96382,0,,,96382,,,,,1561,1,,,1562,12,12,12 meses pasajeros / 12 meses movimientos,"SIAC ANAC Argentina - Tablas 9 y 10, pasajeros comerciales por aeropuerto","SIAC ANAC Argentina - Tablas 12 y 13, movimientos comerciales por aeropuerto"
Argentina,RGA,SAWE,Aeropuerto Internacional Gobernador Ramón Trejo Noel,2013,,,,,146169,62,,,146231,,,,,2612,16,,,2628,12,12,12 meses pasajeros / 12 meses movimientos,"SIAC ANAC Argentina - Tablas 9 y 10, pasajeros comerciales por aeropuerto","SIAC ANAC Argentina - Tablas 12 y 13, movimientos comerciales por aeropuerto"
Argentina,RGA,SAWE,Aeropuerto Internacional Gobernador Ramón Trejo Noel,2014,,,,,151817,5,,,151822,,,,,2349,3,,,2352,12,12,12 meses pasajeros / 12 meses movimientos,"SIAC ANAC Argentina - Tablas 9 y 10, pasajeros comerciales por aeropuerto","SIAC ANAC Argentina - Tablas 12 y 13, movimientos comerciales por aeropuerto"
Argentina,RGA,SAWE,Aeropuerto Internacional Gobernador Ramón Trejo Noel,2015,,,,,153709,11,,,153720,,,,,1753,4,,,1757,12,12,12 meses pasajeros / 12 meses movimientos,"SIAC ANAC Argentina - Tablas 9 y 10, pasajeros comerciales por aeropuerto","SIAC ANAC Argentina - Tablas 12 y 13, movimientos comerciales por aeropuerto"
Argentina,RGA,SAWE,Aeropuerto Internacional Gobernador Ramón Trejo Noel,2016,,,,,139798,9,,,139807,,,,,1627,2,,,1629,12,12,12 meses pasajeros / 12 meses movimientos,"SIAC ANAC Argentina - Tablas 9 y 10, pasajeros comerciales por aeropuerto","SIAC ANAC Argentina - Tablas 12 y 13, movimientos comerciales por aeropuerto"
Argentina,RGA,SAWE,Aeropuerto Internacional Gobernador Ramón Trejo Noel,2017,,,,,149814,14,,,149828,,,,,1759,1,,,1760,12,12,12 meses pasajeros / 12 meses movimientos,"SIAC ANAC Argentina - Tablas 9 y 10, pasajeros comerciales por aeropuerto","SIAC ANAC Argentina - Tablas 12 y 13, movimientos comerciales por aeropuerto"
Argentina,RGA,SAWE,Aeropuerto Internacional Gobernador Ramón Trejo Noel,2018,,,,,151849,18,,,151867,,,,,1675,5,,,1680,12,12,12 meses pasajeros / 12 meses movimientos,"SIAC ANAC Argentina - Tablas 9 y 10, pasajeros comerciales por aeropuerto","SIAC ANAC Argentina - Tablas 12 y 13, movimientos comerciales por aeropuerto"
Argentina,RGA,SAWE,Aeropuerto Internacional Gobernador Ramón Trejo Noel,2019,,,,,147426,0,,,147426,,,,,1653,1,,,1654,12,12,12 meses pasajeros / 12 meses movimientos,"SIAC ANAC Argentina - Tablas 9 y 10, pasajeros comerciales por aeropuerto","SIAC ANAC Argentina - Tablas 12 y 13, movimientos comerciales por aeropuerto"
Argentina,RGA,SAWE,Aeropuerto Internacional Gobernador Ramón Trejo Noel,2020,,,,,35078,7,,,35085,,,,,573,1,,,574,12,12,12 meses pasajeros / 12 meses movimientos,"SIAC ANAC Argentina - Tablas 9 y 10, pasajeros comerciales por aeropuerto","SIAC ANAC Argentina - Tablas 12 y 13, movimientos comerciales por aeropuerto"
Argentina,RGA,SAWE,Aeropuerto Internacional Gobernador Ramón Trejo Noel,2021,,,,,37376,0,,,37376,,,,,559,0,,,559,12,12,12 meses pasajeros / 12 meses movimientos,"SIAC ANAC Argentina - Tablas 9 y 10, pasajeros comerciales por aeropuerto","SIAC ANAC Argentina - Tablas 12 y 13, movimientos comerciales por aeropuerto"
Argentina,RGA,SAWE,Aeropuerto Internacional Gobernador Ramón Trejo Noel,2022,,,,,123880,0,,,123880,,,,,1883,0,,,1883,12,12,12 meses pasajeros / 12 meses movimientos,"SIAC ANAC Argentina - Tablas 9 y 10, pasajeros comerciales por aeropuerto","SIAC ANAC Argentina - Tablas 12 y 13, movimientos comerciales por aeropuerto"
Argentina,RGA,SAWE,Aeropuerto Internacional Gobernador Ramón Trejo Noel,2023,,,,,153834,0,,,153834,,,,,1987,0,,,1987,12,12,12 meses pasajeros / 12 meses movimientos,"SIAC ANAC Argentina - Tablas 9 y 10, pasajeros comerciales por aeropuerto","SIAC ANAC Argentina - Tablas 12 y 13, movimientos comerciales por aeropuerto"
Argentina,RGA,SAWE,Aeropuerto Internacional Gobernador Ramón Trejo Noel,2024,,,,,133937,9,,,133946,,,,,1747,2,,,1749,12,12,12 meses pasajeros / 12 meses movimientos,"SIAC ANAC Argentina - Tablas 9 y 10, pasajeros comerciales por aeropuerto","SIAC ANAC Argentina - Tablas 12 y 13, movimientos comerciales por aeropuerto"
Argentina,RGA,SAWE,Aeropuerto Internacional Gobernador Ramón Trejo Noel,2025,,,,,142120,4,,,142124,,,,,1803,2,,,1805,12,12,12 meses pasajeros / 12 meses movimientos,"SIAC ANAC Argentina - Tablas 9 y 10, pasajeros comerciales por aeropuerto","SIAC ANAC Argentina - Tablas 12 y 13, movimientos comerciales por aeropuerto"
Argentina,RGA,SAWE,Aeropuerto Internacional Gobernador Ramón Trejo Noel,2026,,,,,23909,0,,,23909,,,,,274,0,,,274,6,6,6 meses pasajeros / 6 meses movimientos,"SIAC ANAC Argentina - Tablas 9 y 10, pasajeros comerciales por aeropuerto","SIAC ANAC Argentina - Tablas 12 y 13, movimientos comerciales por aeropuerto"
Argentina,RGL,SAWG,Aeropuerto Internacional Piloto Civil Norberto Fernández,2001,,,,,184627,53,,,184680,,,,,6224,28,,,6252,12,12,12 meses pasajeros / 12 meses movimientos,"SIAC ANAC Argentina - Tablas 9 y 10, pasajeros comerciales por aeropuerto","SIAC ANAC Argentina - Tablas 12 y 13, movimientos comerciales por aeropuerto"
Argentina,RGL,SAWG,Aeropuerto Internacional Piloto Civil Norberto Fernández,2002,,,,,124301,1690,,,125991,,,,,4191,133,,,4324,12,12,12 meses pasajeros / 12 meses movimientos,"SIAC ANAC Argentina - Tablas 9 y 10, pasajeros comerciales por aeropuerto","SIAC ANAC Argentina - Tablas 12 y 13, movimientos comerciales por aeropuerto"
Argentina,RGL,SAWG,Aeropuerto Internacional Piloto Civil Norberto Fernández,2003,,,,,119264,1390,,,120654,,,,,3287,135,,,3422,12,12,12 meses pasajeros / 12 meses movimientos,"SIAC ANAC Argentina - Tablas 9 y 10, pasajeros comerciales por aeropuerto","SIAC ANAC Argentina - Tablas 12 y 13, movimientos comerciales por aeropuerto"
Argentina,RGL,SAWG,Aeropuerto Internacional Piloto Civil Norberto Fernández,2004,,,,,142767,17,,,142784,,,,,4473,30,,,4503,12,12,12 meses pasajeros / 12 meses movimientos,"SIAC ANAC Argentina - Tablas 9 y 10, pasajeros comerciales por aeropuerto","SIAC ANAC Argentina - Tablas 12 y 13, movimientos comerciales por aeropuerto"
Argentina,RGL,SAWG,Aeropuerto Internacional Piloto Civil Norberto Fernández,2005,,,,,143757,191,,,143948,,,,,3186,50,,,3236,12,12,12 meses pasajeros / 12 meses movimientos,"SIAC ANAC Argentina - Tablas 9 y 10, pasajeros comerciales por aeropuerto","SIAC ANAC Argentina - Tablas 12 y 13, movimientos comerciales por aeropuerto"
Argentina,RGL,SAWG,Aeropuerto Internacional Piloto Civil Norberto Fernández,2006,,,,,149856,27,,,149883,,,,,2964,25,,,2989,12,12,12 meses pasajeros / 12 meses movimientos,"SIAC ANAC Argentina - Tablas 9 y 10, pasajeros comerciales por aeropuerto","SIAC ANAC Argentina - Tablas 12 y 13, movimientos comerciales por aeropuerto"
Argentina,RGL,SAWG,Aeropuerto Internacional Piloto Civil Norberto Fernández,2007,,,,,156371,1414,,,157785,,,,,2631,112,,,2743,12,12,12 meses pasajeros / 12 meses movimientos,"SIAC ANAC Argentina - Tablas 9 y 10, pasajeros comerciales por aeropuerto","SIAC ANAC Argentina - Tablas 12 y 13, movimientos comerciales por aeropuerto"
Argentina,RGL,SAWG,Aeropuerto Internacional Piloto Civil Norberto Fernández,2008,,,,,159447,111,,,159558,,,,,2453,30,,,2483,12,12,12 meses pasajeros / 12 meses movimientos,"SIAC ANAC Argentina - Tablas 9 y 10, pasajeros comerciales por aeropuerto","SIAC ANAC Argentina - Tablas 12 y 13, movimientos comerciales por aeropuerto"
Argentina,RGL,SAWG,Aeropuerto Internacional Piloto Civil Norberto Fernández,2009,,,,,200802,25,,,200827,,,,,3790,40,,,3830,12,12,12 meses pasajeros / 12 meses movimientos,"SIAC ANAC Argentina - Tablas 9 y 10, pasajeros comerciales por aeropuerto","SIAC ANAC Argentina - Tablas 12 y 13, movimientos comerciales por aeropuerto"
Argentina,RGL,SAWG,Aeropuerto Internacional Piloto Civil Norberto Fernández,2010,,,,,210875,17,,,210892,,,,,3210,27,,,3237,12,12,12 meses pasajeros / 12 meses movimientos,"SIAC ANAC Argentina - Tablas 9 y 10, pasajeros comerciales por aeropuerto","SIAC ANAC Argentina - Tablas 12 y 13, movimientos comerciales por aeropuerto"
Argentina,RGL,SAWG,Aeropuerto Internacional Piloto Civil Norberto Fernández,2011,,,,,201431,69,,,201500,,,,,3082,33,,,3115,12,12,12 meses pasajeros / 12 meses movimientos,"SIAC ANAC Argentina - Tablas 9 y 10, pasajeros comerciales por aeropuerto","SIAC ANAC Argentina - Tablas 12 y 13, movimientos comerciales por aeropuerto"
Argentina,RGL,SAWG,Aeropuerto Internacional Piloto Civil Norberto Fernández,2012,,,,,212160,21,,,212181,,,,,4305,32,,,4337,12,12,12 meses pasajeros / 12 meses movimientos,"SIAC ANAC Argentina - Tablas 9 y 10, pasajeros comerciales por aeropuerto","SIAC ANAC Argentina - Tablas 12 y 13, movimientos comerciales por aeropuerto"
Argentina,RGL,SAWG,Aeropuerto Internacional Piloto Civil Norberto Fernández,2013,,,,,228765,186,,,228951,,,,,5201,33,,,5234,12,12,12 meses pasajeros / 12 meses movimientos,"SIAC ANAC Argentina - Tablas 9 y 10, pasajeros comerciales por aeropuerto","SIAC ANAC Argentina - Tablas 12 y 13, movimientos comerciales por aeropuerto"
Argentina,RGL,SAWG,Aeropuerto Internacional Piloto Civil Norberto Fernández,2014,,,,,245279,18,,,245297,,,,,4596,32,,,4628,12,12,12 meses pasajeros / 12 meses movimientos,"SIAC ANAC Argentina - Tablas 9 y 10, pasajeros comerciales por aeropuerto","SIAC ANAC Argentina - Tablas 12 y 13, movimientos comerciales por aeropuerto"
Argentina,RGL,SAWG,Aeropuerto Internacional Piloto Civil Norberto Fernández,2015,,,,,290103,326,,,290429,,,,,3859,31,,,3890,12,12,12 meses pasajeros / 12 meses movimientos,"SIAC ANAC Argentina - Tablas 9 y 10, pasajeros comerciales por aeropuerto","SIAC ANAC Argentina - Tablas 12 y 13, movimientos comerciales por aeropuerto"
Argentina,RGL,SAWG,Aeropuerto Internacional Piloto Civil Norberto Fernández,2016,,,,,255279,225,,,255504,,,,,3687,37,,,3724,12,12,12 meses pasajeros / 12 meses movimientos,"SIAC ANAC Argentina - Tablas 9 y 10, pasajeros comerciales por aeropuerto","SIAC ANAC Argentina - Tablas 12 y 13, movimientos comerciales por aeropuerto"
Argentina,RGL,SAWG,Aeropuerto Internacional Piloto Civil Norberto Fernández,2017,,,,,247783,747,,,248530,,,,,2593,28,,,2621,12,12,12 meses pasajeros / 12 meses movimientos,"SIAC ANAC Argentina - Tablas 9 y 10, pasajeros comerciales por aeropuerto","SIAC ANAC Argentina - Tablas 12 y 13, movimientos comerciales por aeropuerto"
Argentina,RGL,SAWG,Aeropuerto Internacional Piloto Civil Norberto Fernández,2018,,,,,233353,501,,,233854,,,,,2153,26,,,2179,12,12,12 meses pasajeros / 12 meses movimientos,"SIAC ANAC Argentina - Tablas 9 y 10, pasajeros comerciales por aeropuerto","SIAC ANAC Argentina - Tablas 12 y 13, movimientos comerciales por aeropuerto"
Argentina,RGL,SAWG,Aeropuerto Internacional Piloto Civil Norberto Fernández,2019,,,,,250060,553,,,250613,,,,,2319,36,,,2355,12,12,12 meses pasajeros / 12 meses movimientos,"SIAC ANAC Argentina - Tablas 9 y 10, pasajeros comerciales por aeropuerto","SIAC ANAC Argentina - Tablas 12 y 13, movimientos comerciales por aeropuerto"
Argentina,RGL,SAWG,Aeropuerto Internacional Piloto Civil Norberto Fernández,2020,,,,,66287,154,,,66441,,,,,810,6,,,816,12,12,12 meses pasajeros / 12 meses movimientos,"SIAC ANAC Argentina - Tablas 9 y 10, pasajeros comerciales por aeropuerto","SIAC ANAC Argentina - Tablas 12 y 13, movimientos comerciales por aeropuerto"
Argentina,RGL,SAWG,Aeropuerto Internacional Piloto Civil Norberto Fernández,2021,,,,,88434,0,,,88434,,,,,1743,0,,,1743,12,12,12 meses pasajeros / 12 meses movimientos,"SIAC ANAC Argentina - Tablas 9 y 10, pasajeros comerciales por aeropuerto","SIAC ANAC Argentina - Tablas 12 y 13, movimientos comerciales por aeropuerto"
Argentina,RGL,SAWG,Aeropuerto Internacional Piloto Civil Norberto Fernández,2022,,,,,196125,236,,,196361,,,,,3208,11,,,3219,12,12,12 meses pasajeros / 12 meses movimientos,"SIAC ANAC Argentina - Tablas 9 y 10, pasajeros comerciales por aeropuerto","SIAC ANAC Argentina - Tablas 12 y 13, movimientos comerciales por aeropuerto"
Argentina,RGL,SAWG,Aeropuerto Internacional Piloto Civil Norberto Fernández,2023,,,,,230141,83,,,230224,,,,,3646,25,,,3671,12,12,12 meses pasajeros / 12 meses movimientos,"SIAC ANAC Argentina - Tablas 9 y 10, pasajeros comerciales por aeropuerto","SIAC ANAC Argentina - Tablas 12 y 13, movimientos comerciales por aeropuerto"
Argentina,RGL,SAWG,Aeropuerto Internacional Piloto Civil Norberto Fernández,2024,,,,,177535,224,,,177759,,,,,2896,29,,,2925,12,12,12 meses pasajeros / 12 meses movimientos,"SIAC ANAC Argentina - Tablas 9 y 10, pasajeros comerciales por aeropuerto","SIAC ANAC Argentina - Tablas 12 y 13, movimientos comerciales por aeropuerto"
Argentina,RGL,SAWG,Aeropuerto Internacional Piloto Civil Norberto Fernández,2025,,,,,129649,16,,,129665,,,,,1950,22,,,1972,12,12,12 meses pasajeros / 12 meses movimientos,"SIAC ANAC Argentina - Tablas 9 y 10, pasajeros comerciales por aeropuerto","SIAC ANAC Argentina - Tablas 12 y 13, movimientos comerciales por aeropuerto"
Argentina,RGL,SAWG,Aeropuerto Internacional Piloto Civil Norberto Fernández,2026,,,,,69041,504,,,69545,,,,,1315,14,,,1329,6,6,6 meses pasajeros / 6 meses movimientos,"SIAC ANAC Argentina - Tablas 9 y 10, pasajeros comerciales por aeropuerto","SIAC ANAC Argentina - Tablas 12 y 13, movimientos comerciales por aeropuerto"
Argentina,RHD,SANR,Aeropuerto Internacional Termas de Río Hondo,2001,,,,,0,0,,,0,,,,,0,0,,,0,12,12,12 meses pasajeros / 12 meses movimientos,"SIAC ANAC Argentina - Tablas 9 y 10, pasajeros comerciales por aeropuerto","SIAC ANAC Argentina - Tablas 12 y 13, movimientos comerciales por aeropuerto"
Argentina,RHD,SANR,Aeropuerto Internacional Termas de Río Hondo,2002,,,,,0,0,,,0,,,,,0,0,,,0,12,12,12 meses pasajeros / 12 meses movimientos,"SIAC ANAC Argentina - Tablas 9 y 10, pasajeros comerciales por aeropuerto","SIAC ANAC Argentina - Tablas 12 y 13, movimientos comerciales por aeropuerto"
Argentina,RHD,SANR,Aeropuerto Internacional Termas de Río Hondo,2003,,,,,0,0,,,0,,,,,0,0,,,0,12,12,12 meses pasajeros / 12 meses movimientos,"SIAC ANAC Argentina - Tablas 9 y 10, pasajeros comerciales por aeropuerto","SIAC ANAC Argentina - Tablas 12 y 13, movimientos comerciales por aeropuerto"
Argentina,RHD,SANR,Aeropuerto Internacional Termas de Río Hondo,2004,,,,,0,0,,,0,,,,,0,0,,,0,12,12,12 meses pasajeros / 12 meses movimientos,"SIAC ANAC Argentina - Tablas 9 y 10, pasajeros comerciales por aeropuerto","SIAC ANAC Argentina - Tablas 12 y 13, movimientos comerciales por aeropuerto"
Argentina,RHD,SANR,Aeropuerto Internacional Termas de Río Hondo,2005,,,,,0,0,,,0,,,,,0,0,,,0,12,12,12 meses pasajeros / 12 meses movimientos,"SIAC ANAC Argentina - Tablas 9 y 10, pasajeros comerciales por aeropuerto","SIAC ANAC Argentina - Tablas 12 y 13, movimientos comerciales por aeropuerto"
Argentina,RHD,SANR,Aeropuerto Internacional Termas de Río Hondo,2006,,,,,0,0,,,0,,,,,0,0,,,0,12,12,12 meses pasajeros / 12 meses movimientos,"SIAC ANAC Argentina - Tablas 9 y 10, pasajeros comerciales por aeropuerto","SIAC ANAC Argentina - Tablas 12 y 13, movimientos comerciales por aeropuerto"
Argentina,RHD,SANR,Aeropuerto Internacional Termas de Río Hondo,2007,,,,,0,0,,,0,,,,,0,0,,,0,12,12,12 meses pasajeros / 12 meses movimientos,"SIAC ANAC Argentina - Tablas 9 y 10, pasajeros comerciales por aeropuerto","SIAC ANAC Argentina - Tablas 12 y 13, movimientos comerciales por aeropuerto"
Argentina,RHD,SANR,Aeropuerto Internacional Termas de Río Hondo,2008,,,,,0,0,,,0,,,,,0,0,,,0,12,12,12 meses pasajeros / 12 meses movimientos,"SIAC ANAC Argentina - Tablas 9 y 10, pasajeros comerciales por aeropuerto","SIAC ANAC Argentina - Tablas 12 y 13, movimientos comerciales por aeropuerto"
Argentina,RHD,SANR,Aeropuerto Internacional Termas de Río Hondo,2009,,,,,0,0,,,0,,,,,0,0,,,0,12,12,12 meses pasajeros / 12 meses movimientos,"SIAC ANAC Argentina - Tablas 9 y 10, pasajeros comerciales por aeropuerto","SIAC ANAC Argentina - Tablas 12 y 13, movimientos comerciales por aeropuerto"
Argentina,RHD,SANR,Aeropuerto Internacional Termas de Río Hondo,2010,,,,,0,0,,,0,,,,,0,0,,,0,12,12,12 meses pasajeros / 12 meses movimientos,"SIAC ANAC Argentina - Tablas 9 y 10, pasajeros comerciales por aeropuerto","SIAC ANAC Argentina - Tablas 12 y 13, movimientos comerciales por aeropuerto"
Argentina,RHD,SANR,Aeropuerto Internacional Termas de Río Hondo,2011,,,,,0,0,,,0,,,,,0,0,,,0,12,12,12 meses pasajeros / 12 meses movimientos,"SIAC ANAC Argentina - Tablas 9 y 10, pasajeros comerciales por aeropuerto","SIAC ANAC Argentina - Tablas 12 y 13, movimientos comerciales por aeropuerto"
Argentina,RHD,SANR,Aeropuerto Internacional Termas de Río Hondo,2012,,,,,4,0,,,4,,,,,1,0,,,1,12,12,12 meses pasajeros / 12 meses movimientos,"SIAC ANAC Argentina - Tablas 9 y 10, pasajeros comerciales por aeropuerto","SIAC ANAC Argentina - Tablas 12 y 13, movimientos comerciales por aeropuerto"
Argentina,RHD,SANR,Aeropuerto Internacional Termas de Río Hondo,2013,,,,,6731,0,,,6731,,,,,91,0,,,91,12,12,12 meses pasajeros / 12 meses movimientos,"SIAC ANAC Argentina - Tablas 9 y 10, pasajeros comerciales por aeropuerto","SIAC ANAC Argentina - Tablas 12 y 13, movimientos comerciales por aeropuerto"
Argentina,RHD,SANR,Aeropuerto Internacional Termas de Río Hondo,2014,,,,,1184,0,,,1184,,,,,28,0,,,28,12,12,12 meses pasajeros / 12 meses movimientos,"SIAC ANAC Argentina - Tablas 9 y 10, pasajeros comerciales por aeropuerto","SIAC ANAC Argentina - Tablas 12 y 13, movimientos comerciales por aeropuerto"
Argentina,RHD,SANR,Aeropuerto Internacional Termas de Río Hondo,2015,,,,,2916,0,,,2916,,,,,39,0,,,39,12,12,12 meses pasajeros / 12 meses movimientos,"SIAC ANAC Argentina - Tablas 9 y 10, pasajeros comerciales por aeropuerto","SIAC ANAC Argentina - Tablas 12 y 13, movimientos comerciales por aeropuerto"
Argentina,RHD,SANR,Aeropuerto Internacional Termas de Río Hondo,2016,,,,,1002,0,,,1002,,,,,18,0,,,18,12,12,12 meses pasajeros / 12 meses movimientos,"SIAC ANAC Argentina - Tablas 9 y 10, pasajeros comerciales por aeropuerto","SIAC ANAC Argentina - Tablas 12 y 13, movimientos comerciales por aeropuerto"
Argentina,RHD,SANR,Aeropuerto Internacional Termas de Río Hondo,2017,,,,,153566,10,,,153576,,,,,1468,3,,,1471,12,12,12 meses pasajeros / 12 meses movimientos,"SIAC ANAC Argentina - Tablas 9 y 10, pasajeros comerciales por aeropuerto","SIAC ANAC Argentina - Tablas 12 y 13, movimientos comerciales por aeropuerto"
Argentina,RHD,SANR,Aeropuerto Internacional Termas de Río Hondo,2018,,,,,20702,3,,,20705,,,,,310,4,,,314,12,12,12 meses pasajeros / 12 meses movimientos,"SIAC ANAC Argentina - Tablas 9 y 10, pasajeros comerciales por aeropuerto","SIAC ANAC Argentina - Tablas 12 y 13, movimientos comerciales por aeropuerto"
Argentina,RHD,SANR,Aeropuerto Internacional Termas de Río Hondo,2019,,,,,8307,0,,,8307,,,,,130,0,,,130,12,12,12 meses pasajeros / 12 meses movimientos,"SIAC ANAC Argentina - Tablas 9 y 10, pasajeros comerciales por aeropuerto","SIAC ANAC Argentina - Tablas 12 y 13, movimientos comerciales por aeropuerto"
Argentina,RHD,SANR,Aeropuerto Internacional Termas de Río Hondo,2020,,,,,86,0,,,86,,,,,2,0,,,2,12,12,12 meses pasajeros / 12 meses movimientos,"SIAC ANAC Argentina - Tablas 9 y 10, pasajeros comerciales por aeropuerto","SIAC ANAC Argentina - Tablas 12 y 13, movimientos comerciales por aeropuerto"
Argentina,RHD,SANR,Aeropuerto Internacional Termas de Río Hondo,2021,,,,,0,0,,,0,,,,,0,0,,,0,12,12,12 meses pasajeros / 12 meses movimientos,"SIAC ANAC Argentina - Tablas 9 y 10, pasajeros comerciales por aeropuerto","SIAC ANAC Argentina - Tablas 12 y 13, movimientos comerciales por aeropuerto"
Argentina,RHD,SANR,Aeropuerto Internacional Termas de Río Hondo,2022,,,,,18489,0,,,18489,,,,,238,0,,,238,12,12,12 meses pasajeros / 12 meses movimientos,"SIAC ANAC Argentina - Tablas 9 y 10, pasajeros comerciales por aeropuerto","SIAC ANAC Argentina - Tablas 12 y 13, movimientos comerciales por aeropuerto"
Argentina,RHD,SANR,Aeropuerto Internacional Termas de Río Hondo,2023,,,,,12510,0,,,12510,,,,,213,0,,,213,12,12,12 meses pasajeros / 12 meses movimientos,"SIAC ANAC Argentina - Tablas 9 y 10, pasajeros comerciales por aeropuerto","SIAC ANAC Argentina - Tablas 12 y 13, movimientos comerciales por aeropuerto"
Argentina,RHD,SANR,Aeropuerto Internacional Termas de Río Hondo,2024,,,,,10724,378,,,11102,,,,,231,14,,,245,12,12,12 meses pasajeros / 12 meses movimientos,"SIAC ANAC Argentina - Tablas 9 y 10, pasajeros comerciales por aeropuerto","SIAC ANAC Argentina - Tablas 12 y 13, movimientos comerciales por aeropuerto"
Argentina,RHD,SANR,Aeropuerto Internacional Termas de Río Hondo,2025,,,,,19604,20,,,19624,,,,,364,2,,,366,12,12,12 meses pasajeros / 12 meses movimientos,"SIAC ANAC Argentina - Tablas 9 y 10, pasajeros comerciales por aeropuerto","SIAC ANAC Argentina - Tablas 12 y 13, movimientos comerciales por aeropuerto"
Argentina,RHD,SANR,Aeropuerto Internacional Termas de Río Hondo,2026,,,,,8041,9,,,8050,,,,,159,2,,,161,6,6,6 meses pasajeros / 6 meses movimientos,"SIAC ANAC Argentina - Tablas 9 y 10, pasajeros comerciales por aeropuerto","SIAC ANAC Argentina - Tablas 12 y 13, movimientos comerciales por aeropuerto"
Argentina,RLO,,Santa Rosa de Conlara,2001,,,,,0,0,,,0,,,,,0,0,,,0,12,12,12 meses pasajeros / 12 meses movimientos,"SIAC ANAC Argentina - Tablas 9 y 10, pasajeros comerciales por aeropuerto","SIAC ANAC Argentina - Tablas 12 y 13, movimientos comerciales por aeropuerto"
Argentina,RLO,,Santa Rosa de Conlara,2002,,,,,5307,0,,,5307,,,,,303,0,,,303,12,12,12 meses pasajeros / 12 meses movimientos,"SIAC ANAC Argentina - Tablas 9 y 10, pasajeros comerciales por aeropuerto","SIAC ANAC Argentina - Tablas 12 y 13, movimientos comerciales por aeropuerto"
Argentina,RLO,,Santa Rosa de Conlara,2003,,,,,2303,0,,,2303,,,,,160,0,,,160,12,12,12 meses pasajeros / 12 meses movimientos,"SIAC ANAC Argentina - Tablas 9 y 10, pasajeros comerciales por aeropuerto","SIAC ANAC Argentina - Tablas 12 y 13, movimientos comerciales por aeropuerto"
Argentina,RLO,,Santa Rosa de Conlara,2004,,,,,915,0,,,915,,,,,276,0,,,276,12,12,12 meses pasajeros / 12 meses movimientos,"SIAC ANAC Argentina - Tablas 9 y 10, pasajeros comerciales por aeropuerto","SIAC ANAC Argentina - Tablas 12 y 13, movimientos comerciales por aeropuerto"
Argentina,RLO,,Santa Rosa de Conlara,2005,,,,,804,0,,,804,,,,,142,0,,,142,12,12,12 meses pasajeros / 12 meses movimientos,"SIAC ANAC Argentina - Tablas 9 y 10, pasajeros comerciales por aeropuerto","SIAC ANAC Argentina - Tablas 12 y 13, movimientos comerciales por aeropuerto"
Argentina,RLO,,Santa Rosa de Conlara,2006,,,,,1451,0,,,1451,,,,,310,0,,,310,12,12,12 meses pasajeros / 12 meses movimientos,"SIAC ANAC Argentina - Tablas 9 y 10, pasajeros comerciales por aeropuerto","SIAC ANAC Argentina - Tablas 12 y 13, movimientos comerciales por aeropuerto"
Argentina,RLO,,Santa Rosa de Conlara,2007,,,,,1027,0,,,1027,,,,,211,0,,,211,12,12,12 meses pasajeros / 12 meses movimientos,"SIAC ANAC Argentina - Tablas 9 y 10, pasajeros comerciales por aeropuerto","SIAC ANAC Argentina - Tablas 12 y 13, movimientos comerciales por aeropuerto"
Argentina,RLO,,Santa Rosa de Conlara,2008,,,,,19,0,,,19,,,,,16,0,,,16,12,12,12 meses pasajeros / 12 meses movimientos,"SIAC ANAC Argentina - Tablas 9 y 10, pasajeros comerciales por aeropuerto","SIAC ANAC Argentina - Tablas 12 y 13, movimientos comerciales por aeropuerto"
Argentina,RLO,,Santa Rosa de Conlara,2009,,,,,82,0,,,82,,,,,270,0,,,270,12,12,12 meses pasajeros / 12 meses movimientos,"SIAC ANAC Argentina - Tablas 9 y 10, pasajeros comerciales por aeropuerto","SIAC ANAC Argentina - Tablas 12 y 13, movimientos comerciales por aeropuerto"
Argentina,RLO,,Santa Rosa de Conlara,2010,,,,,0,0,,,0,,,,,0,0,,,0,12,12,12 meses pasajeros / 12 meses movimientos,"SIAC ANAC Argentina - Tablas 9 y 10, pasajeros comerciales por aeropuerto","SIAC ANAC Argentina - Tablas 12 y 13, movimientos comerciales por aeropuerto"
Argentina,RLO,,Santa Rosa de Conlara,2011,,,,,0,0,,,0,,,,,0,0,,,0,12,12,12 meses pasajeros / 12 meses movimientos,"SIAC ANAC Argentina - Tablas 9 y 10, pasajeros comerciales por aeropuerto","SIAC ANAC Argentina - Tablas 12 y 13, movimientos comerciales por aeropuerto"
Argentina,RLO,,Santa Rosa de Conlara,2012,,,,,29,0,,,29,,,,,7,0,,,7,12,12,12 meses pasajeros / 12 meses movimientos,"SIAC ANAC Argentina - Tablas 9 y 10, pasajeros comerciales por aeropuerto","SIAC ANAC Argentina - Tablas 12 y 13, movimientos comerciales por aeropuerto"
Argentina,RLO,,Santa Rosa de Conlara,2013,,,,,0,0,,,0,,,,,0,0,,,0,12,12,12 meses pasajeros / 12 meses movimientos,"SIAC ANAC Argentina - Tablas 9 y 10, pasajeros comerciales por aeropuerto","SIAC ANAC Argentina - Tablas 12 y 13, movimientos comerciales por aeropuerto"
Argentina,RLO,,Santa Rosa de Conlara,2014,,,,,0,0,,,0,,,,,0,0,,,0,12,12,12 meses pasajeros / 12 meses movimientos,"SIAC ANAC Argentina - Tablas 9 y 10, pasajeros comerciales por aeropuerto","SIAC ANAC Argentina - Tablas 12 y 13, movimientos comerciales por aeropuerto"
Argentina,RLO,,Santa Rosa de Conlara,2015,,,,,0,0,,,0,,,,,0,0,,,0,12,12,12 meses pasajeros / 12 meses movimientos,"SIAC ANAC Argentina - Tablas 9 y 10, pasajeros comerciales por aeropuerto","SIAC ANAC Argentina - Tablas 12 y 13, movimientos comerciales por aeropuerto"
Argentina,RLO,,Santa Rosa de Conlara,2016,,,,,0,0,,,0,,,,,0,0,,,0,12,12,12 meses pasajeros / 12 meses movimientos,"SIAC ANAC Argentina - Tablas 9 y 10, pasajeros comerciales por aeropuerto","SIAC ANAC Argentina - Tablas 12 y 13, movimientos comerciales por aeropuerto"
Argentina,RLO,,Santa Rosa de Conlara,2017,,,,,0,0,,,0,,,,,0,0,,,0,12,12,12 meses pasajeros / 12 meses movimientos,"SIAC ANAC Argentina - Tablas 9 y 10, pasajeros comerciales por aeropuerto","SIAC ANAC Argentina - Tablas 12 y 13, movimientos comerciales por aeropuerto"
Argentina,RLO,,Santa Rosa de Conlara,2018,,,,,0,0,,,0,,,,,0,0,,,0,12,12,12 meses pasajeros / 12 meses movimientos,"SIAC ANAC Argentina - Tablas 9 y 10, pasajeros comerciales por aeropuerto","SIAC ANAC Argentina - Tablas 12 y 13, movimientos comerciales por aeropuerto"
Argentina,RLO,,Santa Rosa de Conlara,2019,,,,,0,0,,,0,,,,,0,0,,,0,12,12,12 meses pasajeros / 12 meses movimientos,"SIAC ANAC Argentina - Tablas 9 y 10, pasajeros comerciales por aeropuerto","SIAC ANAC Argentina - Tablas 12 y 13, movimientos comerciales por aeropuerto"
Argentina,RLO,,Santa Rosa de Conlara,2020,,,,,0,0,,,0,,,,,0,0,,,0,12,12,12 meses pasajeros / 12 meses movimientos,"SIAC ANAC Argentina - Tablas 9 y 10, pasajeros comerciales por aeropuerto","SIAC ANAC Argentina - Tablas 12 y 13, movimientos comerciales por aeropuerto"
Argentina,RLO,,Santa Rosa de Conlara,2021,,,,,0,0,,,0,,,,,0,0,,,0,12,12,12 meses pasajeros / 12 meses movimientos,"SIAC ANAC Argentina - Tablas 9 y 10, pasajeros comerciales por aeropuerto","SIAC ANAC Argentina - Tablas 12 y 13, movimientos comerciales por aeropuerto"
Argentina,RLO,,Santa Rosa de Conlara,2022,,,,,0,0,,,0,,,,,0,0,,,0,12,12,12 meses pasajeros / 12 meses movimientos,"SIAC ANAC Argentina - Tablas 9 y 10, pasajeros comerciales por aeropuerto","SIAC ANAC Argentina - Tablas 12 y 13, movimientos comerciales por aeropuerto"
Argentina,RLO,,Santa Rosa de Conlara,2023,,,,,0,0,,,0,,,,,0,0,,,0,12,12,12 meses pasajeros / 12 meses movimientos,"SIAC ANAC Argentina - Tablas 9 y 10, pasajeros comerciales por aeropuerto","SIAC ANAC Argentina - Tablas 12 y 13, movimientos comerciales por aeropuerto"
Argentina,RLO,,Santa Rosa de Conlara,2024,,,,,0,0,,,0,,,,,0,0,,,0,12,12,12 meses pasajeros / 12 meses movimientos,"SIAC ANAC Argentina - Tablas 9 y 10, pasajeros comerciales por aeropuerto","SIAC ANAC Argentina - Tablas 12 y 13, movimientos comerciales por aeropuerto"
Argentina,RLO,,Santa Rosa de Conlara,2025,,,,,10673,0,,,10673,,,,,142,1,,,143,12,12,12 meses pasajeros / 12 meses movimientos,"SIAC ANAC Argentina - Tablas 9 y 10, pasajeros comerciales por aeropuerto","SIAC ANAC Argentina - Tablas 12 y 13, movimientos comerciales por aeropuerto"
Argentina,RLO,,Santa Rosa de Conlara,2026,,,,,8105,0,,,8105,,,,,109,0,,,109,6,6,6 meses pasajeros / 6 meses movimientos,"SIAC ANAC Argentina - Tablas 9 y 10, pasajeros comerciales por aeropuerto","SIAC ANAC Argentina - Tablas 12 y 13, movimientos comerciales por aeropuerto"
Argentina,ROS,SAAR,Aeropuerto Internacional Rosario Islas Malvinas,2001,,,,,208728,19761,,,228489,,,,,12074,656,,,12730,12,12,12 meses pasajeros / 12 meses movimientos,"SIAC ANAC Argentina - Tablas 9 y 10, pasajeros comerciales por aeropuerto","SIAC ANAC Argentina - Tablas 12 y 13, movimientos comerciales por aeropuerto"
Argentina,ROS,SAAR,Aeropuerto Internacional Rosario Islas Malvinas,2002,,,,,121212,3614,,,124826,,,,,6865,190,,,7055,12,12,12 meses pasajeros / 12 meses movimientos,"SIAC ANAC Argentina - Tablas 9 y 10, pasajeros comerciales por aeropuerto","SIAC ANAC Argentina - Tablas 12 y 13, movimientos comerciales por aeropuerto"
Argentina,ROS,SAAR,Aeropuerto Internacional Rosario Islas Malvinas,2003,,,,,87815,4705,,,92520,,,,,4267,85,,,4352,12,12,12 meses pasajeros / 12 meses movimientos,"SIAC ANAC Argentina - Tablas 9 y 10, pasajeros comerciales por aeropuerto","SIAC ANAC Argentina - Tablas 12 y 13, movimientos comerciales por aeropuerto"
Argentina,ROS,SAAR,Aeropuerto Internacional Rosario Islas Malvinas,2004,,,,,82890,15325,,,98215,,,,,3561,552,,,4113,12,12,12 meses pasajeros / 12 meses movimientos,"SIAC ANAC Argentina - Tablas 9 y 10, pasajeros comerciales por aeropuerto","SIAC ANAC Argentina - Tablas 12 y 13, movimientos comerciales por aeropuerto"
Argentina,ROS,SAAR,Aeropuerto Internacional Rosario Islas Malvinas,2005,,,,,72047,7996,,,80043,,,,,2274,235,,,2509,12,12,12 meses pasajeros / 12 meses movimientos,"SIAC ANAC Argentina - Tablas 9 y 10, pasajeros comerciales por aeropuerto","SIAC ANAC Argentina - Tablas 12 y 13, movimientos comerciales por aeropuerto"
Argentina,ROS,SAAR,Aeropuerto Internacional Rosario Islas Malvinas,2006,,,,,56905,28800,,,85705,,,,,3103,506,,,3609,12,12,12 meses pasajeros / 12 meses movimientos,"SIAC ANAC Argentina - Tablas 9 y 10, pasajeros comerciales por aeropuerto","SIAC ANAC Argentina - Tablas 12 y 13, movimientos comerciales por aeropuerto"
Argentina,ROS,SAAR,Aeropuerto Internacional Rosario Islas Malvinas,2007,,,,,80658,43278,,,123936,,,,,4807,701,,,5508,12,12,12 meses pasajeros / 12 meses movimientos,"SIAC ANAC Argentina - Tablas 9 y 10, pasajeros comerciales por aeropuerto","SIAC ANAC Argentina - Tablas 12 y 13, movimientos comerciales por aeropuerto"
Argentina,ROS,SAAR,Aeropuerto Internacional Rosario Islas Malvinas,2008,,,,,97730,51643,,,149373,,,,,4908,782,,,5690,12,12,12 meses pasajeros / 12 meses movimientos,"SIAC ANAC Argentina - Tablas 9 y 10, pasajeros comerciales por aeropuerto","SIAC ANAC Argentina - Tablas 12 y 13, movimientos comerciales por aeropuerto"
Argentina,ROS,SAAR,Aeropuerto Internacional Rosario Islas Malvinas,2009,,,,,65835,33489,,,99324,,,,,3944,484,,,4428,12,12,12 meses pasajeros / 12 meses movimientos,"SIAC ANAC Argentina - Tablas 9 y 10, pasajeros comerciales por aeropuerto","SIAC ANAC Argentina - Tablas 12 y 13, movimientos comerciales por aeropuerto"
Argentina,ROS,SAAR,Aeropuerto Internacional Rosario Islas Malvinas,2010,,,,,79974,44717,,,124691,,,,,4468,576,,,5044,12,12,12 meses pasajeros / 12 meses movimientos,"SIAC ANAC Argentina - Tablas 9 y 10, pasajeros comerciales por aeropuerto","SIAC ANAC Argentina - Tablas 12 y 13, movimientos comerciales por aeropuerto"
Argentina,ROS,SAAR,Aeropuerto Internacional Rosario Islas Malvinas,2011,,,,,64878,118726,,,183604,,,,,3977,1756,,,5733,12,12,12 meses pasajeros / 12 meses movimientos,"SIAC ANAC Argentina - Tablas 9 y 10, pasajeros comerciales por aeropuerto","SIAC ANAC Argentina - Tablas 12 y 13, movimientos comerciales por aeropuerto"
Argentina,ROS,SAAR,Aeropuerto Internacional Rosario Islas Malvinas,2012,,,,,98883,72017,,,170900,,,,,4579,1220,,,5799,12,12,12 meses pasajeros / 12 meses movimientos,"SIAC ANAC Argentina - Tablas 9 y 10, pasajeros comerciales por aeropuerto","SIAC ANAC Argentina - Tablas 12 y 13, movimientos comerciales por aeropuerto"
Argentina,ROS,SAAR,Aeropuerto Internacional Rosario Islas Malvinas,2013,,,,,80935,52162,,,133097,,,,,3169,839,,,4008,12,12,12 meses pasajeros / 12 meses movimientos,"SIAC ANAC Argentina - Tablas 9 y 10, pasajeros comerciales por aeropuerto","SIAC ANAC Argentina - Tablas 12 y 13, movimientos comerciales por aeropuerto"
Argentina,ROS,SAAR,Aeropuerto Internacional Rosario Islas Malvinas,2014,,,,,116080,118912,,,234992,,,,,3800,1307,,,5107,12,12,12 meses pasajeros / 12 meses movimientos,"SIAC ANAC Argentina - Tablas 9 y 10, pasajeros comerciales por aeropuerto","SIAC ANAC Argentina - Tablas 12 y 13, movimientos comerciales por aeropuerto"
Argentina,ROS,SAAR,Aeropuerto Internacional Rosario Islas Malvinas,2015,,,,,209076,143989,,,353065,,,,,5360,1253,,,6613,12,12,12 meses pasajeros / 12 meses movimientos,"SIAC ANAC Argentina - Tablas 9 y 10, pasajeros comerciales por aeropuerto","SIAC ANAC Argentina - Tablas 12 y 13, movimientos comerciales por aeropuerto"
Argentina,ROS,SAAR,Aeropuerto Internacional Rosario Islas Malvinas,2016,,,,,229708,247806,,,477514,,,,,4565,1883,,,6448,12,12,12 meses pasajeros / 12 meses movimientos,"SIAC ANAC Argentina - Tablas 9 y 10, pasajeros comerciales por aeropuerto","SIAC ANAC Argentina - Tablas 12 y 13, movimientos comerciales por aeropuerto"
Argentina,ROS,SAAR,Aeropuerto Internacional Rosario Islas Malvinas,2017,,,,,293212,438214,,,731426,,,,,5564,3110,,,8674,12,12,12 meses pasajeros / 12 meses movimientos,"SIAC ANAC Argentina - Tablas 9 y 10, pasajeros comerciales por aeropuerto","SIAC ANAC Argentina - Tablas 12 y 13, movimientos comerciales por aeropuerto"
Argentina,ROS,SAAR,Aeropuerto Internacional Rosario Islas Malvinas,2018,,,,,352372,513245,,,865617,,,,,6455,4058,,,10513,12,12,12 meses pasajeros / 12 meses movimientos,"SIAC ANAC Argentina - Tablas 9 y 10, pasajeros comerciales por aeropuerto","SIAC ANAC Argentina - Tablas 12 y 13, movimientos comerciales por aeropuerto"
Argentina,ROS,SAAR,Aeropuerto Internacional Rosario Islas Malvinas,2019,,,,,383823,376625,,,760448,,,,,5964,2946,,,8910,12,12,12 meses pasajeros / 12 meses movimientos,"SIAC ANAC Argentina - Tablas 9 y 10, pasajeros comerciales por aeropuerto","SIAC ANAC Argentina - Tablas 12 y 13, movimientos comerciales por aeropuerto"
Argentina,ROS,SAAR,Aeropuerto Internacional Rosario Islas Malvinas,2020,,,,,90411,77354,,,167765,,,,,1594,645,,,2239,12,12,12 meses pasajeros / 12 meses movimientos,"SIAC ANAC Argentina - Tablas 9 y 10, pasajeros comerciales por aeropuerto","SIAC ANAC Argentina - Tablas 12 y 13, movimientos comerciales por aeropuerto"
Argentina,ROS,SAAR,Aeropuerto Internacional Rosario Islas Malvinas,2021,,,,,100401,86,,,100487,,,,,2001,34,,,2035,12,12,12 meses pasajeros / 12 meses movimientos,"SIAC ANAC Argentina - Tablas 9 y 10, pasajeros comerciales por aeropuerto","SIAC ANAC Argentina - Tablas 12 y 13, movimientos comerciales por aeropuerto"
Argentina,ROS,SAAR,Aeropuerto Internacional Rosario Islas Malvinas,2022,,,,,297413,66601,,,364014,,,,,4175,639,,,4814,12,12,12 meses pasajeros / 12 meses movimientos,"SIAC ANAC Argentina - Tablas 9 y 10, pasajeros comerciales por aeropuerto","SIAC ANAC Argentina - Tablas 12 y 13, movimientos comerciales por aeropuerto"
Argentina,ROS,SAAR,Aeropuerto Internacional Rosario Islas Malvinas,2023,,,,,342257,150705,,,492962,,,,,4557,1276,,,5833,12,12,12 meses pasajeros / 12 meses movimientos,"SIAC ANAC Argentina - Tablas 9 y 10, pasajeros comerciales por aeropuerto","SIAC ANAC Argentina - Tablas 12 y 13, movimientos comerciales por aeropuerto"
Argentina,ROS,SAAR,Aeropuerto Internacional Rosario Islas Malvinas,2024,,,,,274668,161173,,,435841,,,,,3599,1200,,,4799,12,12,12 meses pasajeros / 12 meses movimientos,"SIAC ANAC Argentina - Tablas 9 y 10, pasajeros comerciales por aeropuerto","SIAC ANAC Argentina - Tablas 12 y 13, movimientos comerciales por aeropuerto"
Argentina,ROS,SAAR,Aeropuerto Internacional Rosario Islas Malvinas,2025,,,,,195543,211191,,,406734,,,,,2360,1524,,,3884,12,12,12 meses pasajeros / 12 meses movimientos,"SIAC ANAC Argentina - Tablas 9 y 10, pasajeros comerciales por aeropuerto","SIAC ANAC Argentina - Tablas 12 y 13, movimientos comerciales por aeropuerto"
Argentina,ROS,SAAR,Aeropuerto Internacional Rosario Islas Malvinas,2026,,,,,101591,228578,,,330169,,,,,1316,1726,,,3042,6,6,6 meses pasajeros / 6 meses movimientos,"SIAC ANAC Argentina - Tablas 9 y 10, pasajeros comerciales por aeropuerto","SIAC ANAC Argentina - Tablas 12 y 13, movimientos comerciales por aeropuerto"
Argentina,RSA,SAZR,Aeropuerto Santa Rosa,2001,,,,,18262,0,,,18262,,,,,1232,0,,,1232,12,12,12 meses pasajeros / 12 meses movimientos,"SIAC ANAC Argentina - Tablas 9 y 10, pasajeros comerciales por aeropuerto","SIAC ANAC Argentina - Tablas 12 y 13, movimientos comerciales por aeropuerto"
Argentina,RSA,SAZR,Aeropuerto Santa Rosa,2002,,,,,9637,0,,,9637,,,,,919,0,,,919,12,12,12 meses pasajeros / 12 meses movimientos,"SIAC ANAC Argentina - Tablas 9 y 10, pasajeros comerciales por aeropuerto","SIAC ANAC Argentina - Tablas 12 y 13, movimientos comerciales por aeropuerto"
Argentina,RSA,SAZR,Aeropuerto Santa Rosa,2003,,,,,11337,0,,,11337,,,,,1034,0,,,1034,12,12,12 meses pasajeros / 12 meses movimientos,"SIAC ANAC Argentina - Tablas 9 y 10, pasajeros comerciales por aeropuerto","SIAC ANAC Argentina - Tablas 12 y 13, movimientos comerciales por aeropuerto"
Argentina,RSA,SAZR,Aeropuerto Santa Rosa,2004,,,,,10959,0,,,10959,,,,,1009,0,,,1009,12,12,12 meses pasajeros / 12 meses movimientos,"SIAC ANAC Argentina - Tablas 9 y 10, pasajeros comerciales por aeropuerto","SIAC ANAC Argentina - Tablas 12 y 13, movimientos comerciales por aeropuerto"
Argentina,RSA,SAZR,Aeropuerto Santa Rosa,2005,,,,,11231,0,,,11231,,,,,1005,0,,,1005,12,12,12 meses pasajeros / 12 meses movimientos,"SIAC ANAC Argentina - Tablas 9 y 10, pasajeros comerciales por aeropuerto","SIAC ANAC Argentina - Tablas 12 y 13, movimientos comerciales por aeropuerto"
Argentina,RSA,SAZR,Aeropuerto Santa Rosa,2006,,,,,10283,0,,,10283,,,,,1028,0,,,1028,12,12,12 meses pasajeros / 12 meses movimientos,"SIAC ANAC Argentina - Tablas 9 y 10, pasajeros comerciales por aeropuerto","SIAC ANAC Argentina - Tablas 12 y 13, movimientos comerciales por aeropuerto"
Argentina,RSA,SAZR,Aeropuerto Santa Rosa,2007,,,,,7641,0,,,7641,,,,,534,0,,,534,12,12,12 meses pasajeros / 12 meses movimientos,"SIAC ANAC Argentina - Tablas 9 y 10, pasajeros comerciales por aeropuerto","SIAC ANAC Argentina - Tablas 12 y 13, movimientos comerciales por aeropuerto"
Argentina,RSA,SAZR,Aeropuerto Santa Rosa,2008,,,,,3561,0,,,3561,,,,,255,0,,,255,12,12,12 meses pasajeros / 12 meses movimientos,"SIAC ANAC Argentina - Tablas 9 y 10, pasajeros comerciales por aeropuerto","SIAC ANAC Argentina - Tablas 12 y 13, movimientos comerciales por aeropuerto"
Argentina,RSA,SAZR,Aeropuerto Santa Rosa,2009,,,,,4517,0,,,4517,,,,,272,0,,,272,12,12,12 meses pasajeros / 12 meses movimientos,"SIAC ANAC Argentina - Tablas 9 y 10, pasajeros comerciales por aeropuerto","SIAC ANAC Argentina - Tablas 12 y 13, movimientos comerciales por aeropuerto"
Argentina,RSA,SAZR,Aeropuerto Santa Rosa,2010,,,,,7995,0,,,7995,,,,,500,0,,,500,12,12,12 meses pasajeros / 12 meses movimientos,"SIAC ANAC Argentina - Tablas 9 y 10, pasajeros comerciales por aeropuerto","SIAC ANAC Argentina - Tablas 12 y 13, movimientos comerciales por aeropuerto"
Argentina,RSA,SAZR,Aeropuerto Santa Rosa,2011,,,,,4109,0,,,4109,,,,,293,0,,,293,12,12,12 meses pasajeros / 12 meses movimientos,"SIAC ANAC Argentina - Tablas 9 y 10, pasajeros comerciales por aeropuerto","SIAC ANAC Argentina - Tablas 12 y 13, movimientos comerciales por aeropuerto"
Argentina,RSA,SAZR,Aeropuerto Santa Rosa,2012,,,,,6209,0,,,6209,,,,,316,0,,,316,12,12,12 meses pasajeros / 12 meses movimientos,"SIAC ANAC Argentina - Tablas 9 y 10, pasajeros comerciales por aeropuerto","SIAC ANAC Argentina - Tablas 12 y 13, movimientos comerciales por aeropuerto"
Argentina,RSA,SAZR,Aeropuerto Santa Rosa,2013,,,,,9724,0,,,9724,,,,,430,0,,,430,12,12,12 meses pasajeros / 12 meses movimientos,"SIAC ANAC Argentina - Tablas 9 y 10, pasajeros comerciales por aeropuerto","SIAC ANAC Argentina - Tablas 12 y 13, movimientos comerciales por aeropuerto"
Argentina,RSA,SAZR,Aeropuerto Santa Rosa,2014,,,,,16387,0,,,16387,,,,,585,0,,,585,12,12,12 meses pasajeros / 12 meses movimientos,"SIAC ANAC Argentina - Tablas 9 y 10, pasajeros comerciales por aeropuerto","SIAC ANAC Argentina - Tablas 12 y 13, movimientos comerciales por aeropuerto"
Argentina,RSA,SAZR,Aeropuerto Santa Rosa,2015,,,,,26753,0,,,26753,,,,,764,0,,,764,12,12,12 meses pasajeros / 12 meses movimientos,"SIAC ANAC Argentina - Tablas 9 y 10, pasajeros comerciales por aeropuerto","SIAC ANAC Argentina - Tablas 12 y 13, movimientos comerciales por aeropuerto"
Argentina,RSA,SAZR,Aeropuerto Santa Rosa,2016,,,,,30871,0,,,30871,,,,,708,0,,,708,12,12,12 meses pasajeros / 12 meses movimientos,"SIAC ANAC Argentina - Tablas 9 y 10, pasajeros comerciales por aeropuerto","SIAC ANAC Argentina - Tablas 12 y 13, movimientos comerciales por aeropuerto"
Argentina,RSA,SAZR,Aeropuerto Santa Rosa,2017,,,,,45993,0,,,45993,,,,,645,0,,,645,12,12,12 meses pasajeros / 12 meses movimientos,"SIAC ANAC Argentina - Tablas 9 y 10, pasajeros comerciales por aeropuerto","SIAC ANAC Argentina - Tablas 12 y 13, movimientos comerciales por aeropuerto"
Argentina,RSA,SAZR,Aeropuerto Santa Rosa,2018,,,,,46919,0,,,46919,,,,,764,0,,,764,12,12,12 meses pasajeros / 12 meses movimientos,"SIAC ANAC Argentina - Tablas 9 y 10, pasajeros comerciales por aeropuerto","SIAC ANAC Argentina - Tablas 12 y 13, movimientos comerciales por aeropuerto"
Argentina,RSA,SAZR,Aeropuerto Santa Rosa,2019,,,,,49116,0,,,49116,,,,,696,0,,,696,12,12,12 meses pasajeros / 12 meses movimientos,"SIAC ANAC Argentina - Tablas 9 y 10, pasajeros comerciales por aeropuerto","SIAC ANAC Argentina - Tablas 12 y 13, movimientos comerciales por aeropuerto"
Argentina,RSA,SAZR,Aeropuerto Santa Rosa,2020,,,,,7774,0,,,7774,,,,,171,0,,,171,12,12,12 meses pasajeros / 12 meses movimientos,"SIAC ANAC Argentina - Tablas 9 y 10, pasajeros comerciales por aeropuerto","SIAC ANAC Argentina - Tablas 12 y 13, movimientos comerciales por aeropuerto"
Argentina,RSA,SAZR,Aeropuerto Santa Rosa,2021,,,,,12811,0,,,12811,,,,,423,0,,,423,12,12,12 meses pasajeros / 12 meses movimientos,"SIAC ANAC Argentina - Tablas 9 y 10, pasajeros comerciales por aeropuerto","SIAC ANAC Argentina - Tablas 12 y 13, movimientos comerciales por aeropuerto"
Argentina,RSA,SAZR,Aeropuerto Santa Rosa,2022,,,,,29955,0,,,29955,,,,,612,0,,,612,12,12,12 meses pasajeros / 12 meses movimientos,"SIAC ANAC Argentina - Tablas 9 y 10, pasajeros comerciales por aeropuerto","SIAC ANAC Argentina - Tablas 12 y 13, movimientos comerciales por aeropuerto"
Argentina,RSA,SAZR,Aeropuerto Santa Rosa,2023,,,,,51695,0,,,51695,,,,,795,0,,,795,12,12,12 meses pasajeros / 12 meses movimientos,"SIAC ANAC Argentina - Tablas 9 y 10, pasajeros comerciales por aeropuerto","SIAC ANAC Argentina - Tablas 12 y 13, movimientos comerciales por aeropuerto"
Argentina,RSA,SAZR,Aeropuerto Santa Rosa,2024,,,,,41513,0,,,41513,,,,,654,0,,,654,12,12,12 meses pasajeros / 12 meses movimientos,"SIAC ANAC Argentina - Tablas 9 y 10, pasajeros comerciales por aeropuerto","SIAC ANAC Argentina - Tablas 12 y 13, movimientos comerciales por aeropuerto"
Argentina,RSA,SAZR,Aeropuerto Santa Rosa,2025,,,,,42446,13,,,42459,,,,,611,1,,,612,12,12,12 meses pasajeros / 12 meses movimientos,"SIAC ANAC Argentina - Tablas 9 y 10, pasajeros comerciales por aeropuerto","SIAC ANAC Argentina - Tablas 12 y 13, movimientos comerciales por aeropuerto"
Argentina,RSA,SAZR,Aeropuerto Santa Rosa,2026,,,,,18976,0,,,18976,,,,,271,0,,,271,6,6,6 meses pasajeros / 6 meses movimientos,"SIAC ANAC Argentina - Tablas 9 y 10, pasajeros comerciales por aeropuerto","SIAC ANAC Argentina - Tablas 12 y 13, movimientos comerciales por aeropuerto"
Argentina,SDE,SANE,Aeropuerto Vicecomodoro Angel D. La Paz Aragonés,2001,,,,,38709,0,,,38709,,,,,1037,0,,,1037,12,12,12 meses pasajeros / 12 meses movimientos,"SIAC ANAC Argentina - Tablas 9 y 10, pasajeros comerciales por aeropuerto","SIAC ANAC Argentina - Tablas 12 y 13, movimientos comerciales por aeropuerto"
Argentina,SDE,SANE,Aeropuerto Vicecomodoro Angel D. La Paz Aragonés,2002,,,,,32693,0,,,32693,,,,,949,0,,,949,12,12,12 meses pasajeros / 12 meses movimientos,"SIAC ANAC Argentina - Tablas 9 y 10, pasajeros comerciales por aeropuerto","SIAC ANAC Argentina - Tablas 12 y 13, movimientos comerciales por aeropuerto"
Argentina,SDE,SANE,Aeropuerto Vicecomodoro Angel D. La Paz Aragonés,2003,,,,,23754,0,,,23754,,,,,659,0,,,659,12,12,12 meses pasajeros / 12 meses movimientos,"SIAC ANAC Argentina - Tablas 9 y 10, pasajeros comerciales por aeropuerto","SIAC ANAC Argentina - Tablas 12 y 13, movimientos comerciales por aeropuerto"
Argentina,SDE,SANE,Aeropuerto Vicecomodoro Angel D. La Paz Aragonés,2004,,,,,28162,0,,,28162,,,,,688,0,,,688,12,12,12 meses pasajeros / 12 meses movimientos,"SIAC ANAC Argentina - Tablas 9 y 10, pasajeros comerciales por aeropuerto","SIAC ANAC Argentina - Tablas 12 y 13, movimientos comerciales por aeropuerto"
Argentina,SDE,SANE,Aeropuerto Vicecomodoro Angel D. La Paz Aragonés,2005,,,,,27941,0,,,27941,,,,,710,0,,,710,12,12,12 meses pasajeros / 12 meses movimientos,"SIAC ANAC Argentina - Tablas 9 y 10, pasajeros comerciales por aeropuerto","SIAC ANAC Argentina - Tablas 12 y 13, movimientos comerciales por aeropuerto"
Argentina,SDE,SANE,Aeropuerto Vicecomodoro Angel D. La Paz Aragonés,2006,,,,,28586,0,,,28586,,,,,698,0,,,698,12,12,12 meses pasajeros / 12 meses movimientos,"SIAC ANAC Argentina - Tablas 9 y 10, pasajeros comerciales por aeropuerto","SIAC ANAC Argentina - Tablas 12 y 13, movimientos comerciales por aeropuerto"
Argentina,SDE,SANE,Aeropuerto Vicecomodoro Angel D. La Paz Aragonés,2007,,,,,26952,0,,,26952,,,,,654,0,,,654,12,12,12 meses pasajeros / 12 meses movimientos,"SIAC ANAC Argentina - Tablas 9 y 10, pasajeros comerciales por aeropuerto","SIAC ANAC Argentina - Tablas 12 y 13, movimientos comerciales por aeropuerto"
Argentina,SDE,SANE,Aeropuerto Vicecomodoro Angel D. La Paz Aragonés,2008,,,,,27001,0,,,27001,,,,,566,0,,,566,12,12,12 meses pasajeros / 12 meses movimientos,"SIAC ANAC Argentina - Tablas 9 y 10, pasajeros comerciales por aeropuerto","SIAC ANAC Argentina - Tablas 12 y 13, movimientos comerciales por aeropuerto"
Argentina,SDE,SANE,Aeropuerto Vicecomodoro Angel D. La Paz Aragonés,2009,,,,,29816,0,,,29816,,,,,636,0,,,636,12,12,12 meses pasajeros / 12 meses movimientos,"SIAC ANAC Argentina - Tablas 9 y 10, pasajeros comerciales por aeropuerto","SIAC ANAC Argentina - Tablas 12 y 13, movimientos comerciales por aeropuerto"
Argentina,SDE,SANE,Aeropuerto Vicecomodoro Angel D. La Paz Aragonés,2010,,,,,28204,0,,,28204,,,,,564,0,,,564,12,12,12 meses pasajeros / 12 meses movimientos,"SIAC ANAC Argentina - Tablas 9 y 10, pasajeros comerciales por aeropuerto","SIAC ANAC Argentina - Tablas 12 y 13, movimientos comerciales por aeropuerto"
Argentina,SDE,SANE,Aeropuerto Vicecomodoro Angel D. La Paz Aragonés,2011,,,,,31917,12,,,31929,,,,,615,2,,,617,12,12,12 meses pasajeros / 12 meses movimientos,"SIAC ANAC Argentina - Tablas 9 y 10, pasajeros comerciales por aeropuerto","SIAC ANAC Argentina - Tablas 12 y 13, movimientos comerciales por aeropuerto"
Argentina,SDE,SANE,Aeropuerto Vicecomodoro Angel D. La Paz Aragonés,2012,,,,,32772,0,,,32772,,,,,574,0,,,574,12,12,12 meses pasajeros / 12 meses movimientos,"SIAC ANAC Argentina - Tablas 9 y 10, pasajeros comerciales por aeropuerto","SIAC ANAC Argentina - Tablas 12 y 13, movimientos comerciales por aeropuerto"
Argentina,SDE,SANE,Aeropuerto Vicecomodoro Angel D. La Paz Aragonés,2013,,,,,36170,0,,,36170,,,,,514,0,,,514,12,12,12 meses pasajeros / 12 meses movimientos,"SIAC ANAC Argentina - Tablas 9 y 10, pasajeros comerciales por aeropuerto","SIAC ANAC Argentina - Tablas 12 y 13, movimientos comerciales por aeropuerto"
Argentina,SDE,SANE,Aeropuerto Vicecomodoro Angel D. La Paz Aragonés,2014,,,,,40866,0,,,40866,,,,,519,0,,,519,12,12,12 meses pasajeros / 12 meses movimientos,"SIAC ANAC Argentina - Tablas 9 y 10, pasajeros comerciales por aeropuerto","SIAC ANAC Argentina - Tablas 12 y 13, movimientos comerciales por aeropuerto"
Argentina,SDE,SANE,Aeropuerto Vicecomodoro Angel D. La Paz Aragonés,2015,,,,,62280,0,,,62280,,,,,856,0,,,856,12,12,12 meses pasajeros / 12 meses movimientos,"SIAC ANAC Argentina - Tablas 9 y 10, pasajeros comerciales por aeropuerto","SIAC ANAC Argentina - Tablas 12 y 13, movimientos comerciales por aeropuerto"
Argentina,SDE,SANE,Aeropuerto Vicecomodoro Angel D. La Paz Aragonés,2016,,,,,69354,0,,,69354,,,,,1118,0,,,1118,12,12,12 meses pasajeros / 12 meses movimientos,"SIAC ANAC Argentina - Tablas 9 y 10, pasajeros comerciales por aeropuerto","SIAC ANAC Argentina - Tablas 12 y 13, movimientos comerciales por aeropuerto"
Argentina,SDE,SANE,Aeropuerto Vicecomodoro Angel D. La Paz Aragonés,2017,,,,,97416,0,,,97416,,,,,1236,0,,,1236,12,12,12 meses pasajeros / 12 meses movimientos,"SIAC ANAC Argentina - Tablas 9 y 10, pasajeros comerciales por aeropuerto","SIAC ANAC Argentina - Tablas 12 y 13, movimientos comerciales por aeropuerto"
Argentina,SDE,SANE,Aeropuerto Vicecomodoro Angel D. La Paz Aragonés,2018,,,,,121687,0,,,121687,,,,,1374,0,,,1374,12,12,12 meses pasajeros / 12 meses movimientos,"SIAC ANAC Argentina - Tablas 9 y 10, pasajeros comerciales por aeropuerto","SIAC ANAC Argentina - Tablas 12 y 13, movimientos comerciales por aeropuerto"
Argentina,SDE,SANE,Aeropuerto Vicecomodoro Angel D. La Paz Aragonés,2019,,,,,140171,0,,,140171,,,,,1408,0,,,1408,12,12,12 meses pasajeros / 12 meses movimientos,"SIAC ANAC Argentina - Tablas 9 y 10, pasajeros comerciales por aeropuerto","SIAC ANAC Argentina - Tablas 12 y 13, movimientos comerciales por aeropuerto"
Argentina,SDE,SANE,Aeropuerto Vicecomodoro Angel D. La Paz Aragonés,2020,,,,,26551,0,,,26551,,,,,333,0,,,333,12,12,12 meses pasajeros / 12 meses movimientos,"SIAC ANAC Argentina - Tablas 9 y 10, pasajeros comerciales por aeropuerto","SIAC ANAC Argentina - Tablas 12 y 13, movimientos comerciales por aeropuerto"
Argentina,SDE,SANE,Aeropuerto Vicecomodoro Angel D. La Paz Aragonés,2021,,,,,69557,0,,,69557,,,,,808,0,,,808,12,12,12 meses pasajeros / 12 meses movimientos,"SIAC ANAC Argentina - Tablas 9 y 10, pasajeros comerciales por aeropuerto","SIAC ANAC Argentina - Tablas 12 y 13, movimientos comerciales por aeropuerto"
Argentina,SDE,SANE,Aeropuerto Vicecomodoro Angel D. La Paz Aragonés,2022,,,,,176038,0,,,176038,,,,,1457,0,,,1457,12,12,12 meses pasajeros / 12 meses movimientos,"SIAC ANAC Argentina - Tablas 9 y 10, pasajeros comerciales por aeropuerto","SIAC ANAC Argentina - Tablas 12 y 13, movimientos comerciales por aeropuerto"
Argentina,SDE,SANE,Aeropuerto Vicecomodoro Angel D. La Paz Aragonés,2023,,,,,235748,82,,,235830,,,,,2097,6,,,2103,12,12,12 meses pasajeros / 12 meses movimientos,"SIAC ANAC Argentina - Tablas 9 y 10, pasajeros comerciales por aeropuerto","SIAC ANAC Argentina - Tablas 12 y 13, movimientos comerciales por aeropuerto"
Argentina,SDE,SANE,Aeropuerto Vicecomodoro Angel D. La Paz Aragonés,2024,,,,,215706,8,,,215714,,,,,1918,2,,,1920,12,12,12 meses pasajeros / 12 meses movimientos,"SIAC ANAC Argentina - Tablas 9 y 10, pasajeros comerciales por aeropuerto","SIAC ANAC Argentina - Tablas 12 y 13, movimientos comerciales por aeropuerto"
Argentina,SDE,SANE,Aeropuerto Vicecomodoro Angel D. La Paz Aragonés,2025,,,,,221434,471,,,221905,,,,,2021,10,,,2031,12,12,12 meses pasajeros / 12 meses movimientos,"SIAC ANAC Argentina - Tablas 9 y 10, pasajeros comerciales por aeropuerto","SIAC ANAC Argentina - Tablas 12 y 13, movimientos comerciales por aeropuerto"
Argentina,SDE,SANE,Aeropuerto Vicecomodoro Angel D. La Paz Aragonés,2026,,,,,86183,0,,,86183,,,,,785,0,,,785,6,6,6 meses pasajeros / 6 meses movimientos,"SIAC ANAC Argentina - Tablas 9 y 10, pasajeros comerciales por aeropuerto","SIAC ANAC Argentina - Tablas 12 y 13, movimientos comerciales por aeropuerto"
Argentina,SFN,SAAV,Aeropuerto Sauce Viejo,2001,,,,,99501,0,,,99501,,,,,7660,0,,,7660,12,12,12 meses pasajeros / 12 meses movimientos,"SIAC ANAC Argentina - Tablas 9 y 10, pasajeros comerciales por aeropuerto","SIAC ANAC Argentina - Tablas 12 y 13, movimientos comerciales por aeropuerto"
Argentina,SFN,SAAV,Aeropuerto Sauce Viejo,2002,,,,,94012,0,,,94012,,,,,4197,0,,,4197,12,12,12 meses pasajeros / 12 meses movimientos,"SIAC ANAC Argentina - Tablas 9 y 10, pasajeros comerciales por aeropuerto","SIAC ANAC Argentina - Tablas 12 y 13, movimientos comerciales por aeropuerto"
Argentina,SFN,SAAV,Aeropuerto Sauce Viejo,2003,,,,,90896,0,,,90896,,,,,3113,0,,,3113,12,12,12 meses pasajeros / 12 meses movimientos,"SIAC ANAC Argentina - Tablas 9 y 10, pasajeros comerciales por aeropuerto","SIAC ANAC Argentina - Tablas 12 y 13, movimientos comerciales por aeropuerto"
Argentina,SFN,SAAV,Aeropuerto Sauce Viejo,2004,,,,,96194,0,,,96194,,,,,2851,0,,,2851,12,12,12 meses pasajeros / 12 meses movimientos,"SIAC ANAC Argentina - Tablas 9 y 10, pasajeros comerciales por aeropuerto","SIAC ANAC Argentina - Tablas 12 y 13, movimientos comerciales por aeropuerto"
Argentina,SFN,SAAV,Aeropuerto Sauce Viejo,2005,,,,,79155,24,,,79179,,,,,1310,4,,,1314,12,12,12 meses pasajeros / 12 meses movimientos,"SIAC ANAC Argentina - Tablas 9 y 10, pasajeros comerciales por aeropuerto","SIAC ANAC Argentina - Tablas 12 y 13, movimientos comerciales por aeropuerto"
Argentina,SFN,SAAV,Aeropuerto Sauce Viejo,2006,,,,,47689,17,,,47706,,,,,1674,6,,,1680,12,12,12 meses pasajeros / 12 meses movimientos,"SIAC ANAC Argentina - Tablas 9 y 10, pasajeros comerciales por aeropuerto","SIAC ANAC Argentina - Tablas 12 y 13, movimientos comerciales por aeropuerto"
Argentina,SFN,SAAV,Aeropuerto Sauce Viejo,2007,,,,,48538,0,,,48538,,,,,2064,0,,,2064,12,12,12 meses pasajeros / 12 meses movimientos,"SIAC ANAC Argentina - Tablas 9 y 10, pasajeros comerciales por aeropuerto","SIAC ANAC Argentina - Tablas 12 y 13, movimientos comerciales por aeropuerto"
Argentina,SFN,SAAV,Aeropuerto Sauce Viejo,2008,,,,,57355,3,,,57358,,,,,2585,1,,,2586,12,12,12 meses pasajeros / 12 meses movimientos,"SIAC ANAC Argentina - Tablas 9 y 10, pasajeros comerciales por aeropuerto","SIAC ANAC Argentina - Tablas 12 y 13, movimientos comerciales por aeropuerto"
Argentina,SFN,SAAV,Aeropuerto Sauce Viejo,2009,,,,,38712,2,,,38714,,,,,1528,1,,,1529,12,12,12 meses pasajeros / 12 meses movimientos,"SIAC ANAC Argentina - Tablas 9 y 10, pasajeros comerciales por aeropuerto","SIAC ANAC Argentina - Tablas 12 y 13, movimientos comerciales por aeropuerto"
Argentina,SFN,SAAV,Aeropuerto Sauce Viejo,2010,,,,,5147,0,,,5147,,,,,206,0,,,206,12,12,12 meses pasajeros / 12 meses movimientos,"SIAC ANAC Argentina - Tablas 9 y 10, pasajeros comerciales por aeropuerto","SIAC ANAC Argentina - Tablas 12 y 13, movimientos comerciales por aeropuerto"
Argentina,SFN,SAAV,Aeropuerto Sauce Viejo,2011,,,,,58775,0,,,58775,,,,,2223,0,,,2223,12,12,12 meses pasajeros / 12 meses movimientos,"SIAC ANAC Argentina - Tablas 9 y 10, pasajeros comerciales por aeropuerto","SIAC ANAC Argentina - Tablas 12 y 13, movimientos comerciales por aeropuerto"
Argentina,SFN,SAAV,Aeropuerto Sauce Viejo,2012,,,,,65643,10,,,65653,,,,,2271,2,,,2273,12,12,12 meses pasajeros / 12 meses movimientos,"SIAC ANAC Argentina - Tablas 9 y 10, pasajeros comerciales por aeropuerto","SIAC ANAC Argentina - Tablas 12 y 13, movimientos comerciales por aeropuerto"
Argentina,SFN,SAAV,Aeropuerto Sauce Viejo,2013,,,,,71483,2,,,71485,,,,,2089,1,,,2090,12,12,12 meses pasajeros / 12 meses movimientos,"SIAC ANAC Argentina - Tablas 9 y 10, pasajeros comerciales por aeropuerto","SIAC ANAC Argentina - Tablas 12 y 13, movimientos comerciales por aeropuerto"
Argentina,SFN,SAAV,Aeropuerto Sauce Viejo,2014,,,,,65874,4,,,65878,,,,,2032,1,,,2033,12,12,12 meses pasajeros / 12 meses movimientos,"SIAC ANAC Argentina - Tablas 9 y 10, pasajeros comerciales por aeropuerto","SIAC ANAC Argentina - Tablas 12 y 13, movimientos comerciales por aeropuerto"
Argentina,SFN,SAAV,Aeropuerto Sauce Viejo,2015,,,,,73096,7,,,73103,,,,,2264,2,,,2266,12,12,12 meses pasajeros / 12 meses movimientos,"SIAC ANAC Argentina - Tablas 9 y 10, pasajeros comerciales por aeropuerto","SIAC ANAC Argentina - Tablas 12 y 13, movimientos comerciales por aeropuerto"
Argentina,SFN,SAAV,Aeropuerto Sauce Viejo,2016,,,,,63528,13,,,63541,,,,,1189,4,,,1193,12,12,12 meses pasajeros / 12 meses movimientos,"SIAC ANAC Argentina - Tablas 9 y 10, pasajeros comerciales por aeropuerto","SIAC ANAC Argentina - Tablas 12 y 13, movimientos comerciales por aeropuerto"
Argentina,SFN,SAAV,Aeropuerto Sauce Viejo,2017,,,,,37381,0,,,37381,,,,,623,0,,,623,12,12,12 meses pasajeros / 12 meses movimientos,"SIAC ANAC Argentina - Tablas 9 y 10, pasajeros comerciales por aeropuerto","SIAC ANAC Argentina - Tablas 12 y 13, movimientos comerciales por aeropuerto"
Argentina,SFN,SAAV,Aeropuerto Sauce Viejo,2018,,,,,108443,13,,,108456,,,,,1877,3,,,1880,12,12,12 meses pasajeros / 12 meses movimientos,"SIAC ANAC Argentina - Tablas 9 y 10, pasajeros comerciales por aeropuerto","SIAC ANAC Argentina - Tablas 12 y 13, movimientos comerciales por aeropuerto"
Argentina,SFN,SAAV,Aeropuerto Sauce Viejo,2019,,,,,94198,330,,,94528,,,,,1991,7,,,1998,12,12,12 meses pasajeros / 12 meses movimientos,"SIAC ANAC Argentina - Tablas 9 y 10, pasajeros comerciales por aeropuerto","SIAC ANAC Argentina - Tablas 12 y 13, movimientos comerciales por aeropuerto"
Argentina,SFN,SAAV,Aeropuerto Sauce Viejo,2020,,,,,10489,339,,,10828,,,,,338,10,,,348,12,12,12 meses pasajeros / 12 meses movimientos,"SIAC ANAC Argentina - Tablas 9 y 10, pasajeros comerciales por aeropuerto","SIAC ANAC Argentina - Tablas 12 y 13, movimientos comerciales por aeropuerto"
Argentina,SFN,SAAV,Aeropuerto Sauce Viejo,2021,,,,,16239,1,,,16240,,,,,481,1,,,482,12,12,12 meses pasajeros / 12 meses movimientos,"SIAC ANAC Argentina - Tablas 9 y 10, pasajeros comerciales por aeropuerto","SIAC ANAC Argentina - Tablas 12 y 13, movimientos comerciales por aeropuerto"
Argentina,SFN,SAAV,Aeropuerto Sauce Viejo,2022,,,,,61788,713,,,62501,,,,,1107,17,,,1124,12,12,12 meses pasajeros / 12 meses movimientos,"SIAC ANAC Argentina - Tablas 9 y 10, pasajeros comerciales por aeropuerto","SIAC ANAC Argentina - Tablas 12 y 13, movimientos comerciales por aeropuerto"
Argentina,SFN,SAAV,Aeropuerto Sauce Viejo,2023,,,,,88287,82,,,88369,,,,,1516,10,,,1526,12,12,12 meses pasajeros / 12 meses movimientos,"SIAC ANAC Argentina - Tablas 9 y 10, pasajeros comerciales por aeropuerto","SIAC ANAC Argentina - Tablas 12 y 13, movimientos comerciales por aeropuerto"
Argentina,SFN,SAAV,Aeropuerto Sauce Viejo,2024,,,,,79554,78,,,79632,,,,,1253,14,,,1267,12,12,12 meses pasajeros / 12 meses movimientos,"SIAC ANAC Argentina - Tablas 9 y 10, pasajeros comerciales por aeropuerto","SIAC ANAC Argentina - Tablas 12 y 13, movimientos comerciales por aeropuerto"
Argentina,SFN,SAAV,Aeropuerto Sauce Viejo,2025,,,,,103791,560,,,104351,,,,,1553,26,,,1579,12,12,12 meses pasajeros / 12 meses movimientos,"SIAC ANAC Argentina - Tablas 9 y 10, pasajeros comerciales por aeropuerto","SIAC ANAC Argentina - Tablas 12 y 13, movimientos comerciales por aeropuerto"
Argentina,SFN,SAAV,Aeropuerto Sauce Viejo,2026,,,,,37796,10,,,37806,,,,,554,5,,,559,6,6,6 meses pasajeros / 6 meses movimientos,"SIAC ANAC Argentina - Tablas 9 y 10, pasajeros comerciales por aeropuerto","SIAC ANAC Argentina - Tablas 12 y 13, movimientos comerciales por aeropuerto"
Argentina,SLA,SASA,Aeropuerto Internacional Martín Miguel de Güemes,2001,,,,,260361,16234,,,276595,,,,,7415,312,,,7727,12,12,12 meses pasajeros / 12 meses movimientos,"SIAC ANAC Argentina - Tablas 9 y 10, pasajeros comerciales por aeropuerto","SIAC ANAC Argentina - Tablas 12 y 13, movimientos comerciales por aeropuerto"
Argentina,SLA,SASA,Aeropuerto Internacional Martín Miguel de Güemes,2002,,,,,229852,6129,,,235981,,,,,4966,151,,,5117,12,12,12 meses pasajeros / 12 meses movimientos,"SIAC ANAC Argentina - Tablas 9 y 10, pasajeros comerciales por aeropuerto","SIAC ANAC Argentina - Tablas 12 y 13, movimientos comerciales por aeropuerto"
Argentina,SLA,SASA,Aeropuerto Internacional Martín Miguel de Güemes,2003,,,,,231874,8511,,,240385,,,,,3382,219,,,3601,12,12,12 meses pasajeros / 12 meses movimientos,"SIAC ANAC Argentina - Tablas 9 y 10, pasajeros comerciales por aeropuerto","SIAC ANAC Argentina - Tablas 12 y 13, movimientos comerciales por aeropuerto"
Argentina,SLA,SASA,Aeropuerto Internacional Martín Miguel de Güemes,2004,,,,,275488,8608,,,284096,,,,,4060,193,,,4253,12,12,12 meses pasajeros / 12 meses movimientos,"SIAC ANAC Argentina - Tablas 9 y 10, pasajeros comerciales por aeropuerto","SIAC ANAC Argentina - Tablas 12 y 13, movimientos comerciales por aeropuerto"
Argentina,SLA,SASA,Aeropuerto Internacional Martín Miguel de Güemes,2005,,,,,264514,8961,,,273475,,,,,3223,208,,,3431,12,12,12 meses pasajeros / 12 meses movimientos,"SIAC ANAC Argentina - Tablas 9 y 10, pasajeros comerciales por aeropuerto","SIAC ANAC Argentina - Tablas 12 y 13, movimientos comerciales por aeropuerto"
Argentina,SLA,SASA,Aeropuerto Internacional Martín Miguel de Güemes,2006,,,,,277476,3725,,,281201,,,,,2843,88,,,2931,12,12,12 meses pasajeros / 12 meses movimientos,"SIAC ANAC Argentina - Tablas 9 y 10, pasajeros comerciales por aeropuerto","SIAC ANAC Argentina - Tablas 12 y 13, movimientos comerciales por aeropuerto"
Argentina,SLA,SASA,Aeropuerto Internacional Martín Miguel de Güemes,2007,,,,,363571,11388,,,374959,,,,,3825,193,,,4018,12,12,12 meses pasajeros / 12 meses movimientos,"SIAC ANAC Argentina - Tablas 9 y 10, pasajeros comerciales por aeropuerto","SIAC ANAC Argentina - Tablas 12 y 13, movimientos comerciales por aeropuerto"
Argentina,SLA,SASA,Aeropuerto Internacional Martín Miguel de Güemes,2008,,,,,423429,17880,,,441309,,,,,4412,326,,,4738,12,12,12 meses pasajeros / 12 meses movimientos,"SIAC ANAC Argentina - Tablas 9 y 10, pasajeros comerciales por aeropuerto","SIAC ANAC Argentina - Tablas 12 y 13, movimientos comerciales por aeropuerto"
Argentina,SLA,SASA,Aeropuerto Internacional Martín Miguel de Güemes,2009,,,,,494634,11432,,,506066,,,,,5659,226,,,5885,12,12,12 meses pasajeros / 12 meses movimientos,"SIAC ANAC Argentina - Tablas 9 y 10, pasajeros comerciales por aeropuerto","SIAC ANAC Argentina - Tablas 12 y 13, movimientos comerciales por aeropuerto"
Argentina,SLA,SASA,Aeropuerto Internacional Martín Miguel de Güemes,2010,,,,,517994,25187,,,543181,,,,,5899,391,,,6290,12,12,12 meses pasajeros / 12 meses movimientos,"SIAC ANAC Argentina - Tablas 9 y 10, pasajeros comerciales por aeropuerto","SIAC ANAC Argentina - Tablas 12 y 13, movimientos comerciales por aeropuerto"
Argentina,SLA,SASA,Aeropuerto Internacional Martín Miguel de Güemes,2011,,,,,560261,32356,,,592617,,,,,7134,434,,,7568,12,12,12 meses pasajeros / 12 meses movimientos,"SIAC ANAC Argentina - Tablas 9 y 10, pasajeros comerciales por aeropuerto","SIAC ANAC Argentina - Tablas 12 y 13, movimientos comerciales por aeropuerto"
Argentina,SLA,SASA,Aeropuerto Internacional Martín Miguel de Güemes,2012,,,,,621700,17015,,,638715,,,,,7685,180,,,7865,12,12,12 meses pasajeros / 12 meses movimientos,"SIAC ANAC Argentina - Tablas 9 y 10, pasajeros comerciales por aeropuerto","SIAC ANAC Argentina - Tablas 12 y 13, movimientos comerciales por aeropuerto"
Argentina,SLA,SASA,Aeropuerto Internacional Martín Miguel de Güemes,2013,,,,,664288,10466,,,674754,,,,,7717,110,,,7827,12,12,12 meses pasajeros / 12 meses movimientos,"SIAC ANAC Argentina - Tablas 9 y 10, pasajeros comerciales por aeropuerto","SIAC ANAC Argentina - Tablas 12 y 13, movimientos comerciales por aeropuerto"
Argentina,SLA,SASA,Aeropuerto Internacional Martín Miguel de Güemes,2014,,,,,704806,15099,,,719905,,,,,7379,238,,,7617,12,12,12 meses pasajeros / 12 meses movimientos,"SIAC ANAC Argentina - Tablas 9 y 10, pasajeros comerciales por aeropuerto","SIAC ANAC Argentina - Tablas 12 y 13, movimientos comerciales por aeropuerto"
Argentina,SLA,SASA,Aeropuerto Internacional Martín Miguel de Güemes,2015,,,,,783879,29532,,,813411,,,,,7669,477,,,8146,12,12,12 meses pasajeros / 12 meses movimientos,"SIAC ANAC Argentina - Tablas 9 y 10, pasajeros comerciales por aeropuerto","SIAC ANAC Argentina - Tablas 12 y 13, movimientos comerciales por aeropuerto"
Argentina,SLA,SASA,Aeropuerto Internacional Martín Miguel de Güemes,2016,,,,,889119,48204,,,937323,,,,,8877,517,,,9394,12,12,12 meses pasajeros / 12 meses movimientos,"SIAC ANAC Argentina - Tablas 9 y 10, pasajeros comerciales por aeropuerto","SIAC ANAC Argentina - Tablas 12 y 13, movimientos comerciales por aeropuerto"
Argentina,SLA,SASA,Aeropuerto Internacional Martín Miguel de Güemes,2017,,,,,1004717,79357,,,1084074,,,,,9496,1122,,,10618,12,12,12 meses pasajeros / 12 meses movimientos,"SIAC ANAC Argentina - Tablas 9 y 10, pasajeros comerciales por aeropuerto","SIAC ANAC Argentina - Tablas 12 y 13, movimientos comerciales por aeropuerto"
Argentina,SLA,SASA,Aeropuerto Internacional Martín Miguel de Güemes,2018,,,,,1037682,73696,,,1111378,,,,,8678,1342,,,10020,12,12,12 meses pasajeros / 12 meses movimientos,"SIAC ANAC Argentina - Tablas 9 y 10, pasajeros comerciales por aeropuerto","SIAC ANAC Argentina - Tablas 12 y 13, movimientos comerciales por aeropuerto"
Argentina,SLA,SASA,Aeropuerto Internacional Martín Miguel de Güemes,2019,,,,,1357985,76348,,,1434333,,,,,11105,1066,,,12171,12,12,12 meses pasajeros / 12 meses movimientos,"SIAC ANAC Argentina - Tablas 9 y 10, pasajeros comerciales por aeropuerto","SIAC ANAC Argentina - Tablas 12 y 13, movimientos comerciales por aeropuerto"
Argentina,SLA,SASA,Aeropuerto Internacional Martín Miguel de Güemes,2020,,,,,323763,14940,,,338703,,,,,2966,174,,,3140,12,12,12 meses pasajeros / 12 meses movimientos,"SIAC ANAC Argentina - Tablas 9 y 10, pasajeros comerciales por aeropuerto","SIAC ANAC Argentina - Tablas 12 y 13, movimientos comerciales por aeropuerto"
Argentina,SLA,SASA,Aeropuerto Internacional Martín Miguel de Güemes,2021,,,,,508673,320,,,508993,,,,,4567,76,,,4643,12,12,12 meses pasajeros / 12 meses movimientos,"SIAC ANAC Argentina - Tablas 9 y 10, pasajeros comerciales por aeropuerto","SIAC ANAC Argentina - Tablas 12 y 13, movimientos comerciales por aeropuerto"
Argentina,SLA,SASA,Aeropuerto Internacional Martín Miguel de Güemes,2022,,,,,1190802,9176,,,1199978,,,,,9579,579,,,10158,12,12,12 meses pasajeros / 12 meses movimientos,"SIAC ANAC Argentina - Tablas 9 y 10, pasajeros comerciales por aeropuerto","SIAC ANAC Argentina - Tablas 12 y 13, movimientos comerciales por aeropuerto"
Argentina,SLA,SASA,Aeropuerto Internacional Martín Miguel de Güemes,2023,,,,,1446607,15747,,,1462354,,,,,11333,801,,,12134,12,12,12 meses pasajeros / 12 meses movimientos,"SIAC ANAC Argentina - Tablas 9 y 10, pasajeros comerciales por aeropuerto","SIAC ANAC Argentina - Tablas 12 y 13, movimientos comerciales por aeropuerto"
Argentina,SLA,SASA,Aeropuerto Internacional Martín Miguel de Güemes,2024,,,,,1262147,59473,,,1321620,,,,,10066,1424,,,11490,12,12,12 meses pasajeros / 12 meses movimientos,"SIAC ANAC Argentina - Tablas 9 y 10, pasajeros comerciales por aeropuerto","SIAC ANAC Argentina - Tablas 12 y 13, movimientos comerciales por aeropuerto"
Argentina,SLA,SASA,Aeropuerto Internacional Martín Miguel de Güemes,2025,,,,,1373040,96197,,,1469237,,,,,10917,1829,,,12746,12,12,12 meses pasajeros / 12 meses movimientos,"SIAC ANAC Argentina - Tablas 9 y 10, pasajeros comerciales por aeropuerto","SIAC ANAC Argentina - Tablas 12 y 13, movimientos comerciales por aeropuerto"
Argentina,SLA,SASA,Aeropuerto Internacional Martín Miguel de Güemes,2026,,,,,649643,61512,,,711155,,,,,5129,989,,,6118,6,6,6 meses pasajeros / 6 meses movimientos,"SIAC ANAC Argentina - Tablas 9 y 10, pasajeros comerciales por aeropuerto","SIAC ANAC Argentina - Tablas 12 y 13, movimientos comerciales por aeropuerto"
Argentina,TDL,,Tandil,2001,,,,,2267,0,,,2267,,,,,476,0,,,476,12,12,12 meses pasajeros / 12 meses movimientos,"SIAC ANAC Argentina - Tablas 9 y 10, pasajeros comerciales por aeropuerto","SIAC ANAC Argentina - Tablas 12 y 13, movimientos comerciales por aeropuerto"
Argentina,TDL,,Tandil,2002,,,,,94,0,,,94,,,,,23,0,,,23,12,12,12 meses pasajeros / 12 meses movimientos,"SIAC ANAC Argentina - Tablas 9 y 10, pasajeros comerciales por aeropuerto","SIAC ANAC Argentina - Tablas 12 y 13, movimientos comerciales por aeropuerto"
Argentina,TDL,,Tandil,2003,,,,,110,0,,,110,,,,,14,0,,,14,12,12,12 meses pasajeros / 12 meses movimientos,"SIAC ANAC Argentina - Tablas 9 y 10, pasajeros comerciales por aeropuerto","SIAC ANAC Argentina - Tablas 12 y 13, movimientos comerciales por aeropuerto"
Argentina,TDL,,Tandil,2004,,,,,80,0,,,80,,,,,8,0,,,8,12,12,12 meses pasajeros / 12 meses movimientos,"SIAC ANAC Argentina - Tablas 9 y 10, pasajeros comerciales por aeropuerto","SIAC ANAC Argentina - Tablas 12 y 13, movimientos comerciales por aeropuerto"
Argentina,TDL,,Tandil,2005,,,,,232,0,,,232,,,,,27,0,,,27,12,12,12 meses pasajeros / 12 meses movimientos,"SIAC ANAC Argentina - Tablas 9 y 10, pasajeros comerciales por aeropuerto","SIAC ANAC Argentina - Tablas 12 y 13, movimientos comerciales por aeropuerto"
Argentina,TDL,,Tandil,2006,,,,,116,0,,,116,,,,,20,0,,,20,12,12,12 meses pasajeros / 12 meses movimientos,"SIAC ANAC Argentina - Tablas 9 y 10, pasajeros comerciales por aeropuerto","SIAC ANAC Argentina - Tablas 12 y 13, movimientos comerciales por aeropuerto"
Argentina,TDL,,Tandil,2007,,,,,44,0,,,44,,,,,7,0,,,7,12,12,12 meses pasajeros / 12 meses movimientos,"SIAC ANAC Argentina - Tablas 9 y 10, pasajeros comerciales por aeropuerto","SIAC ANAC Argentina - Tablas 12 y 13, movimientos comerciales por aeropuerto"
Argentina,TDL,,Tandil,2008,,,,,288,0,,,288,,,,,56,0,,,56,12,12,12 meses pasajeros / 12 meses movimientos,"SIAC ANAC Argentina - Tablas 9 y 10, pasajeros comerciales por aeropuerto","SIAC ANAC Argentina - Tablas 12 y 13, movimientos comerciales por aeropuerto"
Argentina,TDL,,Tandil,2009,,,,,163,0,,,163,,,,,66,0,,,66,12,12,12 meses pasajeros / 12 meses movimientos,"SIAC ANAC Argentina - Tablas 9 y 10, pasajeros comerciales por aeropuerto","SIAC ANAC Argentina - Tablas 12 y 13, movimientos comerciales por aeropuerto"
Argentina,TDL,,Tandil,2010,,,,,119,0,,,119,,,,,24,0,,,24,12,12,12 meses pasajeros / 12 meses movimientos,"SIAC ANAC Argentina - Tablas 9 y 10, pasajeros comerciales por aeropuerto","SIAC ANAC Argentina - Tablas 12 y 13, movimientos comerciales por aeropuerto"
Argentina,TDL,,Tandil,2011,,,,,10,0,,,10,,,,,7,0,,,7,12,12,12 meses pasajeros / 12 meses movimientos,"SIAC ANAC Argentina - Tablas 9 y 10, pasajeros comerciales por aeropuerto","SIAC ANAC Argentina - Tablas 12 y 13, movimientos comerciales por aeropuerto"
Argentina,TDL,,Tandil,2012,,,,,133,0,,,133,,,,,38,0,,,38,12,12,12 meses pasajeros / 12 meses movimientos,"SIAC ANAC Argentina - Tablas 9 y 10, pasajeros comerciales por aeropuerto","SIAC ANAC Argentina - Tablas 12 y 13, movimientos comerciales por aeropuerto"
Argentina,TDL,,Tandil,2013,,,,,359,0,,,359,,,,,69,0,,,69,12,12,12 meses pasajeros / 12 meses movimientos,"SIAC ANAC Argentina - Tablas 9 y 10, pasajeros comerciales por aeropuerto","SIAC ANAC Argentina - Tablas 12 y 13, movimientos comerciales por aeropuerto"
Argentina,TDL,,Tandil,2014,,,,,140,0,,,140,,,,,30,0,,,30,12,12,12 meses pasajeros / 12 meses movimientos,"SIAC ANAC Argentina - Tablas 9 y 10, pasajeros comerciales por aeropuerto","SIAC ANAC Argentina - Tablas 12 y 13, movimientos comerciales por aeropuerto"
Argentina,TDL,,Tandil,2015,,,,,15,0,,,15,,,,,9,0,,,9,12,12,12 meses pasajeros / 12 meses movimientos,"SIAC ANAC Argentina - Tablas 9 y 10, pasajeros comerciales por aeropuerto","SIAC ANAC Argentina - Tablas 12 y 13, movimientos comerciales por aeropuerto"
Argentina,TDL,,Tandil,2016,,,,,9,0,,,9,,,,,9,0,,,9,12,12,12 meses pasajeros / 12 meses movimientos,"SIAC ANAC Argentina - Tablas 9 y 10, pasajeros comerciales por aeropuerto","SIAC ANAC Argentina - Tablas 12 y 13, movimientos comerciales por aeropuerto"
Argentina,TDL,,Tandil,2017,,,,,101,0,,,101,,,,,40,0,,,40,12,12,12 meses pasajeros / 12 meses movimientos,"SIAC ANAC Argentina - Tablas 9 y 10, pasajeros comerciales por aeropuerto","SIAC ANAC Argentina - Tablas 12 y 13, movimientos comerciales por aeropuerto"
Argentina,TDL,,Tandil,2018,,,,,0,0,,,0,,,,,2,0,,,2,12,12,12 meses pasajeros / 12 meses movimientos,"SIAC ANAC Argentina - Tablas 9 y 10, pasajeros comerciales por aeropuerto","SIAC ANAC Argentina - Tablas 12 y 13, movimientos comerciales por aeropuerto"
Argentina,TDL,,Tandil,2019,,,,,1,0,,,1,,,,,2,0,,,2,12,12,12 meses pasajeros / 12 meses movimientos,"SIAC ANAC Argentina - Tablas 9 y 10, pasajeros comerciales por aeropuerto","SIAC ANAC Argentina - Tablas 12 y 13, movimientos comerciales por aeropuerto"
Argentina,TDL,,Tandil,2020,,,,,0,0,,,0,,,,,0,0,,,0,12,12,12 meses pasajeros / 12 meses movimientos,"SIAC ANAC Argentina - Tablas 9 y 10, pasajeros comerciales por aeropuerto","SIAC ANAC Argentina - Tablas 12 y 13, movimientos comerciales por aeropuerto"
Argentina,TDL,,Tandil,2021,,,,,0,0,,,0,,,,,0,0,,,0,12,12,12 meses pasajeros / 12 meses movimientos,"SIAC ANAC Argentina - Tablas 9 y 10, pasajeros comerciales por aeropuerto","SIAC ANAC Argentina - Tablas 12 y 13, movimientos comerciales por aeropuerto"
Argentina,TDL,,Tandil,2022,,,,,20,0,,,20,,,,,18,0,,,18,12,12,12 meses pasajeros / 12 meses movimientos,"SIAC ANAC Argentina - Tablas 9 y 10, pasajeros comerciales por aeropuerto","SIAC ANAC Argentina - Tablas 12 y 13, movimientos comerciales por aeropuerto"
Argentina,TDL,,Tandil,2023,,,,,12,0,,,12,,,,,2,0,,,2,12,12,12 meses pasajeros / 12 meses movimientos,"SIAC ANAC Argentina - Tablas 9 y 10, pasajeros comerciales por aeropuerto","SIAC ANAC Argentina - Tablas 12 y 13, movimientos comerciales por aeropuerto"
Argentina,TDL,,Tandil,2024,,,,,0,0,,,0,,,,,0,0,,,0,12,12,12 meses pasajeros / 12 meses movimientos,"SIAC ANAC Argentina - Tablas 9 y 10, pasajeros comerciales por aeropuerto","SIAC ANAC Argentina - Tablas 12 y 13, movimientos comerciales por aeropuerto"
Argentina,TDL,,Tandil,2025,,,,,0,0,,,0,,,,,3,0,,,3,12,12,12 meses pasajeros / 12 meses movimientos,"SIAC ANAC Argentina - Tablas 9 y 10, pasajeros comerciales por aeropuerto","SIAC ANAC Argentina - Tablas 12 y 13, movimientos comerciales por aeropuerto"
Argentina,TDL,,Tandil,2026,,,,,0,0,,,0,,,,,0,0,,,0,6,6,6 meses pasajeros / 6 meses movimientos,"SIAC ANAC Argentina - Tablas 9 y 10, pasajeros comerciales por aeropuerto","SIAC ANAC Argentina - Tablas 12 y 13, movimientos comerciales por aeropuerto"
Argentina,TUC,SANT,Aeropuerto Internacional Teniente Benjamín Matienzo,2001,,,,,320874,9115,,,329989,,,,,8289,192,,,8481,12,12,12 meses pasajeros / 12 meses movimientos,"SIAC ANAC Argentina - Tablas 9 y 10, pasajeros comerciales por aeropuerto","SIAC ANAC Argentina - Tablas 12 y 13, movimientos comerciales por aeropuerto"
Argentina,TUC,SANT,Aeropuerto Internacional Teniente Benjamín Matienzo,2002,,,,,242702,661,,,243363,,,,,6208,42,,,6250,12,12,12 meses pasajeros / 12 meses movimientos,"SIAC ANAC Argentina - Tablas 9 y 10, pasajeros comerciales por aeropuerto","SIAC ANAC Argentina - Tablas 12 y 13, movimientos comerciales por aeropuerto"
Argentina,TUC,SANT,Aeropuerto Internacional Teniente Benjamín Matienzo,2003,,,,,215329,360,,,215689,,,,,3811,15,,,3826,12,12,12 meses pasajeros / 12 meses movimientos,"SIAC ANAC Argentina - Tablas 9 y 10, pasajeros comerciales por aeropuerto","SIAC ANAC Argentina - Tablas 12 y 13, movimientos comerciales por aeropuerto"
Argentina,TUC,SANT,Aeropuerto Internacional Teniente Benjamín Matienzo,2004,,,,,253349,1305,,,254654,,,,,4347,21,,,4368,12,12,12 meses pasajeros / 12 meses movimientos,"SIAC ANAC Argentina - Tablas 9 y 10, pasajeros comerciales por aeropuerto","SIAC ANAC Argentina - Tablas 12 y 13, movimientos comerciales por aeropuerto"
Argentina,TUC,SANT,Aeropuerto Internacional Teniente Benjamín Matienzo,2005,,,,,251182,1044,,,252226,,,,,6140,23,,,6163,12,12,12 meses pasajeros / 12 meses movimientos,"SIAC ANAC Argentina - Tablas 9 y 10, pasajeros comerciales por aeropuerto","SIAC ANAC Argentina - Tablas 12 y 13, movimientos comerciales por aeropuerto"
Argentina,TUC,SANT,Aeropuerto Internacional Teniente Benjamín Matienzo,2006,,,,,256115,1335,,,257450,,,,,6204,37,,,6241,12,12,12 meses pasajeros / 12 meses movimientos,"SIAC ANAC Argentina - Tablas 9 y 10, pasajeros comerciales por aeropuerto","SIAC ANAC Argentina - Tablas 12 y 13, movimientos comerciales por aeropuerto"
Argentina,TUC,SANT,Aeropuerto Internacional Teniente Benjamín Matienzo,2007,,,,,241576,408,,,241984,,,,,5807,21,,,5828,12,12,12 meses pasajeros / 12 meses movimientos,"SIAC ANAC Argentina - Tablas 9 y 10, pasajeros comerciales por aeropuerto","SIAC ANAC Argentina - Tablas 12 y 13, movimientos comerciales por aeropuerto"
Argentina,TUC,SANT,Aeropuerto Internacional Teniente Benjamín Matienzo,2008,,,,,258156,1875,,,260031,,,,,5994,108,,,6102,12,12,12 meses pasajeros / 12 meses movimientos,"SIAC ANAC Argentina - Tablas 9 y 10, pasajeros comerciales por aeropuerto","SIAC ANAC Argentina - Tablas 12 y 13, movimientos comerciales por aeropuerto"
Argentina,TUC,SANT,Aeropuerto Internacional Teniente Benjamín Matienzo,2009,,,,,357106,5090,,,362196,,,,,7077,207,,,7284,12,12,12 meses pasajeros / 12 meses movimientos,"SIAC ANAC Argentina - Tablas 9 y 10, pasajeros comerciales por aeropuerto","SIAC ANAC Argentina - Tablas 12 y 13, movimientos comerciales por aeropuerto"
Argentina,TUC,SANT,Aeropuerto Internacional Teniente Benjamín Matienzo,2010,,,,,394028,1484,,,395512,,,,,4530,106,,,4636,12,12,12 meses pasajeros / 12 meses movimientos,"SIAC ANAC Argentina - Tablas 9 y 10, pasajeros comerciales por aeropuerto","SIAC ANAC Argentina - Tablas 12 y 13, movimientos comerciales por aeropuerto"
Argentina,TUC,SANT,Aeropuerto Internacional Teniente Benjamín Matienzo,2011,,,,,394004,312,,,394316,,,,,4648,104,,,4752,12,12,12 meses pasajeros / 12 meses movimientos,"SIAC ANAC Argentina - Tablas 9 y 10, pasajeros comerciales por aeropuerto","SIAC ANAC Argentina - Tablas 12 y 13, movimientos comerciales por aeropuerto"
Argentina,TUC,SANT,Aeropuerto Internacional Teniente Benjamín Matienzo,2012,,,,,439487,8,,,439495,,,,,4555,133,,,4688,12,12,12 meses pasajeros / 12 meses movimientos,"SIAC ANAC Argentina - Tablas 9 y 10, pasajeros comerciales por aeropuerto","SIAC ANAC Argentina - Tablas 12 y 13, movimientos comerciales por aeropuerto"
Argentina,TUC,SANT,Aeropuerto Internacional Teniente Benjamín Matienzo,2013,,,,,494043,6,,,494049,,,,,5000,40,,,5040,12,12,12 meses pasajeros / 12 meses movimientos,"SIAC ANAC Argentina - Tablas 9 y 10, pasajeros comerciales por aeropuerto","SIAC ANAC Argentina - Tablas 12 y 13, movimientos comerciales por aeropuerto"
Argentina,TUC,SANT,Aeropuerto Internacional Teniente Benjamín Matienzo,2014,,,,,511750,13,,,511763,,,,,4964,127,,,5091,12,12,12 meses pasajeros / 12 meses movimientos,"SIAC ANAC Argentina - Tablas 9 y 10, pasajeros comerciales por aeropuerto","SIAC ANAC Argentina - Tablas 12 y 13, movimientos comerciales por aeropuerto"
Argentina,TUC,SANT,Aeropuerto Internacional Teniente Benjamín Matienzo,2015,,,,,582100,693,,,582793,,,,,5745,108,,,5853,12,12,12 meses pasajeros / 12 meses movimientos,"SIAC ANAC Argentina - Tablas 9 y 10, pasajeros comerciales por aeropuerto","SIAC ANAC Argentina - Tablas 12 y 13, movimientos comerciales por aeropuerto"
Argentina,TUC,SANT,Aeropuerto Internacional Teniente Benjamín Matienzo,2016,,,,,655050,23,,,655073,,,,,6196,148,,,6344,12,12,12 meses pasajeros / 12 meses movimientos,"SIAC ANAC Argentina - Tablas 9 y 10, pasajeros comerciales por aeropuerto","SIAC ANAC Argentina - Tablas 12 y 13, movimientos comerciales por aeropuerto"
Argentina,TUC,SANT,Aeropuerto Internacional Teniente Benjamín Matienzo,2017,,,,,534051,22450,,,556501,,,,,4803,312,,,5115,12,12,12 meses pasajeros / 12 meses movimientos,"SIAC ANAC Argentina - Tablas 9 y 10, pasajeros comerciales por aeropuerto","SIAC ANAC Argentina - Tablas 12 y 13, movimientos comerciales por aeropuerto"
Argentina,TUC,SANT,Aeropuerto Internacional Teniente Benjamín Matienzo,2018,,,,,844892,96826,,,941718,,,,,8036,1137,,,9173,12,12,12 meses pasajeros / 12 meses movimientos,"SIAC ANAC Argentina - Tablas 9 y 10, pasajeros comerciales por aeropuerto","SIAC ANAC Argentina - Tablas 12 y 13, movimientos comerciales por aeropuerto"
Argentina,TUC,SANT,Aeropuerto Internacional Teniente Benjamín Matienzo,2019,,,,,907728,63450,,,971178,,,,,7601,731,,,8332,12,12,12 meses pasajeros / 12 meses movimientos,"SIAC ANAC Argentina - Tablas 9 y 10, pasajeros comerciales por aeropuerto","SIAC ANAC Argentina - Tablas 12 y 13, movimientos comerciales por aeropuerto"
Argentina,TUC,SANT,Aeropuerto Internacional Teniente Benjamín Matienzo,2020,,,,,190800,12066,,,202866,,,,,2001,121,,,2122,12,12,12 meses pasajeros / 12 meses movimientos,"SIAC ANAC Argentina - Tablas 9 y 10, pasajeros comerciales por aeropuerto","SIAC ANAC Argentina - Tablas 12 y 13, movimientos comerciales por aeropuerto"
Argentina,TUC,SANT,Aeropuerto Internacional Teniente Benjamín Matienzo,2021,,,,,319125,37,,,319162,,,,,3180,95,,,3275,12,12,12 meses pasajeros / 12 meses movimientos,"SIAC ANAC Argentina - Tablas 9 y 10, pasajeros comerciales por aeropuerto","SIAC ANAC Argentina - Tablas 12 y 13, movimientos comerciales por aeropuerto"
Argentina,TUC,SANT,Aeropuerto Internacional Teniente Benjamín Matienzo,2022,,,,,715502,274,,,715776,,,,,5729,85,,,5814,12,12,12 meses pasajeros / 12 meses movimientos,"SIAC ANAC Argentina - Tablas 9 y 10, pasajeros comerciales por aeropuerto","SIAC ANAC Argentina - Tablas 12 y 13, movimientos comerciales por aeropuerto"
Argentina,TUC,SANT,Aeropuerto Internacional Teniente Benjamín Matienzo,2023,,,,,870144,236,,,870380,,,,,6963,52,,,7015,12,12,12 meses pasajeros / 12 meses movimientos,"SIAC ANAC Argentina - Tablas 9 y 10, pasajeros comerciales por aeropuerto","SIAC ANAC Argentina - Tablas 12 y 13, movimientos comerciales por aeropuerto"
Argentina,TUC,SANT,Aeropuerto Internacional Teniente Benjamín Matienzo,2024,,,,,754282,102,,,754384,,,,,6265,34,,,6299,12,12,12 meses pasajeros / 12 meses movimientos,"SIAC ANAC Argentina - Tablas 9 y 10, pasajeros comerciales por aeropuerto","SIAC ANAC Argentina - Tablas 12 y 13, movimientos comerciales por aeropuerto"
Argentina,TUC,SANT,Aeropuerto Internacional Teniente Benjamín Matienzo,2025,,,,,846095,25174,,,871269,,,,,7016,234,,,7250,12,12,12 meses pasajeros / 12 meses movimientos,"SIAC ANAC Argentina - Tablas 9 y 10, pasajeros comerciales por aeropuerto","SIAC ANAC Argentina - Tablas 12 y 13, movimientos comerciales por aeropuerto"
Argentina,TUC,SANT,Aeropuerto Internacional Teniente Benjamín Matienzo,2026,,,,,419587,40552,,,460139,,,,,3147,329,,,3476,6,6,6 meses pasajeros / 6 meses movimientos,"SIAC ANAC Argentina - Tablas 9 y 10, pasajeros comerciales por aeropuerto","SIAC ANAC Argentina - Tablas 12 y 13, movimientos comerciales por aeropuerto"
Argentina,UAQ,SANU,Aeropuerto Domingo Faustino Sarmiento,2001,,,,,87932,987,,,88919,,,,,1709,15,,,1724,12,12,12 meses pasajeros / 12 meses movimientos,"SIAC ANAC Argentina - Tablas 9 y 10, pasajeros comerciales por aeropuerto","SIAC ANAC Argentina - Tablas 12 y 13, movimientos comerciales por aeropuerto"
Argentina,UAQ,SANU,Aeropuerto Domingo Faustino Sarmiento,2002,,,,,69985,194,,,70179,,,,,1469,13,,,1482,12,12,12 meses pasajeros / 12 meses movimientos,"SIAC ANAC Argentina - Tablas 9 y 10, pasajeros comerciales por aeropuerto","SIAC ANAC Argentina - Tablas 12 y 13, movimientos comerciales por aeropuerto"
Argentina,UAQ,SANU,Aeropuerto Domingo Faustino Sarmiento,2003,,,,,56132,1190,,,57322,,,,,919,22,,,941,12,12,12 meses pasajeros / 12 meses movimientos,"SIAC ANAC Argentina - Tablas 9 y 10, pasajeros comerciales por aeropuerto","SIAC ANAC Argentina - Tablas 12 y 13, movimientos comerciales por aeropuerto"
Argentina,UAQ,SANU,Aeropuerto Domingo Faustino Sarmiento,2004,,,,,64988,21,,,65009,,,,,859,2,,,861,12,12,12 meses pasajeros / 12 meses movimientos,"SIAC ANAC Argentina - Tablas 9 y 10, pasajeros comerciales por aeropuerto","SIAC ANAC Argentina - Tablas 12 y 13, movimientos comerciales por aeropuerto"
Argentina,UAQ,SANU,Aeropuerto Domingo Faustino Sarmiento,2005,,,,,61534,0,,,61534,,,,,833,0,,,833,12,12,12 meses pasajeros / 12 meses movimientos,"SIAC ANAC Argentina - Tablas 9 y 10, pasajeros comerciales por aeropuerto","SIAC ANAC Argentina - Tablas 12 y 13, movimientos comerciales por aeropuerto"
Argentina,UAQ,SANU,Aeropuerto Domingo Faustino Sarmiento,2006,,,,,66833,29,,,66862,,,,,941,8,,,949,12,12,12 meses pasajeros / 12 meses movimientos,"SIAC ANAC Argentina - Tablas 9 y 10, pasajeros comerciales por aeropuerto","SIAC ANAC Argentina - Tablas 12 y 13, movimientos comerciales por aeropuerto"
Argentina,UAQ,SANU,Aeropuerto Domingo Faustino Sarmiento,2007,,,,,66661,22,,,66683,,,,,943,6,,,949,12,12,12 meses pasajeros / 12 meses movimientos,"SIAC ANAC Argentina - Tablas 9 y 10, pasajeros comerciales por aeropuerto","SIAC ANAC Argentina - Tablas 12 y 13, movimientos comerciales por aeropuerto"
Argentina,UAQ,SANU,Aeropuerto Domingo Faustino Sarmiento,2008,,,,,67434,114,,,67548,,,,,1103,13,,,1116,12,12,12 meses pasajeros / 12 meses movimientos,"SIAC ANAC Argentina - Tablas 9 y 10, pasajeros comerciales por aeropuerto","SIAC ANAC Argentina - Tablas 12 y 13, movimientos comerciales por aeropuerto"
Argentina,UAQ,SANU,Aeropuerto Domingo Faustino Sarmiento,2009,,,,,104085,15,,,104100,,,,,1330,4,,,1334,12,12,12 meses pasajeros / 12 meses movimientos,"SIAC ANAC Argentina - Tablas 9 y 10, pasajeros comerciales por aeropuerto","SIAC ANAC Argentina - Tablas 12 y 13, movimientos comerciales por aeropuerto"
Argentina,UAQ,SANU,Aeropuerto Domingo Faustino Sarmiento,2010,,,,,127532,459,,,127991,,,,,2043,33,,,2076,12,12,12 meses pasajeros / 12 meses movimientos,"SIAC ANAC Argentina - Tablas 9 y 10, pasajeros comerciales por aeropuerto","SIAC ANAC Argentina - Tablas 12 y 13, movimientos comerciales por aeropuerto"
Argentina,UAQ,SANU,Aeropuerto Domingo Faustino Sarmiento,2011,,,,,137749,42,,,137791,,,,,2237,8,,,2245,12,12,12 meses pasajeros / 12 meses movimientos,"SIAC ANAC Argentina - Tablas 9 y 10, pasajeros comerciales por aeropuerto","SIAC ANAC Argentina - Tablas 12 y 13, movimientos comerciales por aeropuerto"
Argentina,UAQ,SANU,Aeropuerto Domingo Faustino Sarmiento,2012,,,,,157885,29,,,157914,,,,,2407,7,,,2414,12,12,12 meses pasajeros / 12 meses movimientos,"SIAC ANAC Argentina - Tablas 9 y 10, pasajeros comerciales por aeropuerto","SIAC ANAC Argentina - Tablas 12 y 13, movimientos comerciales por aeropuerto"
Argentina,UAQ,SANU,Aeropuerto Domingo Faustino Sarmiento,2013,,,,,175476,19,,,175495,,,,,2499,6,,,2505,12,12,12 meses pasajeros / 12 meses movimientos,"SIAC ANAC Argentina - Tablas 9 y 10, pasajeros comerciales por aeropuerto","SIAC ANAC Argentina - Tablas 12 y 13, movimientos comerciales por aeropuerto"
Argentina,UAQ,SANU,Aeropuerto Domingo Faustino Sarmiento,2014,,,,,166119,23,,,166142,,,,,2528,7,,,2535,12,12,12 meses pasajeros / 12 meses movimientos,"SIAC ANAC Argentina - Tablas 9 y 10, pasajeros comerciales por aeropuerto","SIAC ANAC Argentina - Tablas 12 y 13, movimientos comerciales por aeropuerto"
Argentina,UAQ,SANU,Aeropuerto Domingo Faustino Sarmiento,2015,,,,,176080,171,,,176251,,,,,2595,16,,,2611,12,12,12 meses pasajeros / 12 meses movimientos,"SIAC ANAC Argentina - Tablas 9 y 10, pasajeros comerciales por aeropuerto","SIAC ANAC Argentina - Tablas 12 y 13, movimientos comerciales por aeropuerto"
Argentina,UAQ,SANU,Aeropuerto Domingo Faustino Sarmiento,2016,,,,,329396,34846,,,364242,,,,,4052,269,,,4321,12,12,12 meses pasajeros / 12 meses movimientos,"SIAC ANAC Argentina - Tablas 9 y 10, pasajeros comerciales por aeropuerto","SIAC ANAC Argentina - Tablas 12 y 13, movimientos comerciales por aeropuerto"
Argentina,UAQ,SANU,Aeropuerto Domingo Faustino Sarmiento,2017,,,,,211677,7829,,,219506,,,,,2635,81,,,2716,12,12,12 meses pasajeros / 12 meses movimientos,"SIAC ANAC Argentina - Tablas 9 y 10, pasajeros comerciales por aeropuerto","SIAC ANAC Argentina - Tablas 12 y 13, movimientos comerciales por aeropuerto"
Argentina,UAQ,SANU,Aeropuerto Domingo Faustino Sarmiento,2018,,,,,196872,12218,,,209090,,,,,2293,109,,,2402,12,12,12 meses pasajeros / 12 meses movimientos,"SIAC ANAC Argentina - Tablas 9 y 10, pasajeros comerciales por aeropuerto","SIAC ANAC Argentina - Tablas 12 y 13, movimientos comerciales por aeropuerto"
Argentina,UAQ,SANU,Aeropuerto Domingo Faustino Sarmiento,2019,,,,,149332,31,,,149363,,,,,1591,7,,,1598,12,12,12 meses pasajeros / 12 meses movimientos,"SIAC ANAC Argentina - Tablas 9 y 10, pasajeros comerciales por aeropuerto","SIAC ANAC Argentina - Tablas 12 y 13, movimientos comerciales por aeropuerto"
Argentina,UAQ,SANU,Aeropuerto Domingo Faustino Sarmiento,2020,,,,,36641,87,,,36728,,,,,1023,18,,,1041,12,12,12 meses pasajeros / 12 meses movimientos,"SIAC ANAC Argentina - Tablas 9 y 10, pasajeros comerciales por aeropuerto","SIAC ANAC Argentina - Tablas 12 y 13, movimientos comerciales por aeropuerto"
Argentina,UAQ,SANU,Aeropuerto Domingo Faustino Sarmiento,2021,,,,,73551,95,,,73646,,,,,1865,13,,,1878,12,12,12 meses pasajeros / 12 meses movimientos,"SIAC ANAC Argentina - Tablas 9 y 10, pasajeros comerciales por aeropuerto","SIAC ANAC Argentina - Tablas 12 y 13, movimientos comerciales por aeropuerto"
Argentina,UAQ,SANU,Aeropuerto Domingo Faustino Sarmiento,2022,,,,,196838,70,,,196908,,,,,2363,13,,,2376,12,12,12 meses pasajeros / 12 meses movimientos,"SIAC ANAC Argentina - Tablas 9 y 10, pasajeros comerciales por aeropuerto","SIAC ANAC Argentina - Tablas 12 y 13, movimientos comerciales por aeropuerto"
Argentina,UAQ,SANU,Aeropuerto Domingo Faustino Sarmiento,2023,,,,,220005,20,,,220025,,,,,2640,5,,,2645,12,12,12 meses pasajeros / 12 meses movimientos,"SIAC ANAC Argentina - Tablas 9 y 10, pasajeros comerciales por aeropuerto","SIAC ANAC Argentina - Tablas 12 y 13, movimientos comerciales por aeropuerto"
Argentina,UAQ,SANU,Aeropuerto Domingo Faustino Sarmiento,2024,,,,,189602,10,,,189612,,,,,1996,5,,,2001,12,12,12 meses pasajeros / 12 meses movimientos,"SIAC ANAC Argentina - Tablas 9 y 10, pasajeros comerciales por aeropuerto","SIAC ANAC Argentina - Tablas 12 y 13, movimientos comerciales por aeropuerto"
Argentina,UAQ,SANU,Aeropuerto Domingo Faustino Sarmiento,2025,,,,,202204,2,,,202206,,,,,2184,1,,,2185,12,12,12 meses pasajeros / 12 meses movimientos,"SIAC ANAC Argentina - Tablas 9 y 10, pasajeros comerciales por aeropuerto","SIAC ANAC Argentina - Tablas 12 y 13, movimientos comerciales por aeropuerto"
Argentina,UAQ,SANU,Aeropuerto Domingo Faustino Sarmiento,2026,,,,,101354,5,,,101359,,,,,1059,2,,,1061,6,6,6 meses pasajeros / 6 meses movimientos,"SIAC ANAC Argentina - Tablas 9 y 10, pasajeros comerciales por aeropuerto","SIAC ANAC Argentina - Tablas 12 y 13, movimientos comerciales por aeropuerto"
Argentina,USH,SAWH,Aeropuerto Internacional Ushuaia - Malvinas Argentinas,2001,,,,,236863,976,,,237839,,,,,4288,78,,,4366,12,12,12 meses pasajeros / 12 meses movimientos,"SIAC ANAC Argentina - Tablas 9 y 10, pasajeros comerciales por aeropuerto","SIAC ANAC Argentina - Tablas 12 y 13, movimientos comerciales por aeropuerto"
Argentina,USH,SAWH,Aeropuerto Internacional Ushuaia - Malvinas Argentinas,2002,,,,,254937,2608,,,257545,,,,,3993,116,,,4109,12,12,12 meses pasajeros / 12 meses movimientos,"SIAC ANAC Argentina - Tablas 9 y 10, pasajeros comerciales por aeropuerto","SIAC ANAC Argentina - Tablas 12 y 13, movimientos comerciales por aeropuerto"
Argentina,USH,SAWH,Aeropuerto Internacional Ushuaia - Malvinas Argentinas,2003,,,,,308549,4249,,,312798,,,,,4258,144,,,4402,12,12,12 meses pasajeros / 12 meses movimientos,"SIAC ANAC Argentina - Tablas 9 y 10, pasajeros comerciales por aeropuerto","SIAC ANAC Argentina - Tablas 12 y 13, movimientos comerciales por aeropuerto"
Argentina,USH,SAWH,Aeropuerto Internacional Ushuaia - Malvinas Argentinas,2004,,,,,380146,7530,,,387676,,,,,4981,240,,,5221,12,12,12 meses pasajeros / 12 meses movimientos,"SIAC ANAC Argentina - Tablas 9 y 10, pasajeros comerciales por aeropuerto","SIAC ANAC Argentina - Tablas 12 y 13, movimientos comerciales por aeropuerto"
Argentina,USH,SAWH,Aeropuerto Internacional Ushuaia - Malvinas Argentinas,2005,,,,,422268,13481,,,435749,,,,,4822,273,,,5095,12,12,12 meses pasajeros / 12 meses movimientos,"SIAC ANAC Argentina - Tablas 9 y 10, pasajeros comerciales por aeropuerto","SIAC ANAC Argentina - Tablas 12 y 13, movimientos comerciales por aeropuerto"
Argentina,USH,SAWH,Aeropuerto Internacional Ushuaia - Malvinas Argentinas,2006,,,,,442624,13496,,,456120,,,,,4717,224,,,4941,12,12,12 meses pasajeros / 12 meses movimientos,"SIAC ANAC Argentina - Tablas 9 y 10, pasajeros comerciales por aeropuerto","SIAC ANAC Argentina - Tablas 12 y 13, movimientos comerciales por aeropuerto"
Argentina,USH,SAWH,Aeropuerto Internacional Ushuaia - Malvinas Argentinas,2007,,,,,498760,18662,,,517422,,,,,5530,275,,,5805,12,12,12 meses pasajeros / 12 meses movimientos,"SIAC ANAC Argentina - Tablas 9 y 10, pasajeros comerciales por aeropuerto","SIAC ANAC Argentina - Tablas 12 y 13, movimientos comerciales por aeropuerto"
Argentina,USH,SAWH,Aeropuerto Internacional Ushuaia - Malvinas Argentinas,2008,,,,,533841,17687,,,551528,,,,,5984,214,,,6198,12,12,12 meses pasajeros / 12 meses movimientos,"SIAC ANAC Argentina - Tablas 9 y 10, pasajeros comerciales por aeropuerto","SIAC ANAC Argentina - Tablas 12 y 13, movimientos comerciales por aeropuerto"
Argentina,USH,SAWH,Aeropuerto Internacional Ushuaia - Malvinas Argentinas,2009,,,,,508683,10256,,,518939,,,,,6392,142,,,6534,12,12,12 meses pasajeros / 12 meses movimientos,"SIAC ANAC Argentina - Tablas 9 y 10, pasajeros comerciales por aeropuerto","SIAC ANAC Argentina - Tablas 12 y 13, movimientos comerciales por aeropuerto"
Argentina,USH,SAWH,Aeropuerto Internacional Ushuaia - Malvinas Argentinas,2010,,,,,506655,8505,,,515160,,,,,5345,106,,,5451,12,12,12 meses pasajeros / 12 meses movimientos,"SIAC ANAC Argentina - Tablas 9 y 10, pasajeros comerciales por aeropuerto","SIAC ANAC Argentina - Tablas 12 y 13, movimientos comerciales por aeropuerto"
Argentina,USH,SAWH,Aeropuerto Internacional Ushuaia - Malvinas Argentinas,2011,,,,,495916,1645,,,497561,,,,,5367,30,,,5397,12,12,12 meses pasajeros / 12 meses movimientos,"SIAC ANAC Argentina - Tablas 9 y 10, pasajeros comerciales por aeropuerto","SIAC ANAC Argentina - Tablas 12 y 13, movimientos comerciales por aeropuerto"
Argentina,USH,SAWH,Aeropuerto Internacional Ushuaia - Malvinas Argentinas,2012,,,,,515454,2510,,,517964,,,,,5392,46,,,5438,12,12,12 meses pasajeros / 12 meses movimientos,"SIAC ANAC Argentina - Tablas 9 y 10, pasajeros comerciales por aeropuerto","SIAC ANAC Argentina - Tablas 12 y 13, movimientos comerciales por aeropuerto"
Argentina,USH,SAWH,Aeropuerto Internacional Ushuaia - Malvinas Argentinas,2013,,,,,553421,1485,,,554906,,,,,5277,42,,,5319,12,12,12 meses pasajeros / 12 meses movimientos,"SIAC ANAC Argentina - Tablas 9 y 10, pasajeros comerciales por aeropuerto","SIAC ANAC Argentina - Tablas 12 y 13, movimientos comerciales por aeropuerto"
Argentina,USH,SAWH,Aeropuerto Internacional Ushuaia - Malvinas Argentinas,2014,,,,,609803,508,,,610311,,,,,5212,29,,,5241,12,12,12 meses pasajeros / 12 meses movimientos,"SIAC ANAC Argentina - Tablas 9 y 10, pasajeros comerciales por aeropuerto","SIAC ANAC Argentina - Tablas 12 y 13, movimientos comerciales por aeropuerto"
Argentina,USH,SAWH,Aeropuerto Internacional Ushuaia - Malvinas Argentinas,2015,,,,,687620,893,,,688513,,,,,5406,25,,,5431,12,12,12 meses pasajeros / 12 meses movimientos,"SIAC ANAC Argentina - Tablas 9 y 10, pasajeros comerciales por aeropuerto","SIAC ANAC Argentina - Tablas 12 y 13, movimientos comerciales por aeropuerto"
Argentina,USH,SAWH,Aeropuerto Internacional Ushuaia - Malvinas Argentinas,2016,,,,,751759,2070,,,753829,,,,,6232,78,,,6310,12,12,12 meses pasajeros / 12 meses movimientos,"SIAC ANAC Argentina - Tablas 9 y 10, pasajeros comerciales por aeropuerto","SIAC ANAC Argentina - Tablas 12 y 13, movimientos comerciales por aeropuerto"
Argentina,USH,SAWH,Aeropuerto Internacional Ushuaia - Malvinas Argentinas,2017,,,,,795968,2874,,,798842,,,,,6654,122,,,6776,12,12,12 meses pasajeros / 12 meses movimientos,"SIAC ANAC Argentina - Tablas 9 y 10, pasajeros comerciales por aeropuerto","SIAC ANAC Argentina - Tablas 12 y 13, movimientos comerciales por aeropuerto"
Argentina,USH,SAWH,Aeropuerto Internacional Ushuaia - Malvinas Argentinas,2018,,,,,788103,7027,,,795130,,,,,6393,173,,,6566,12,12,12 meses pasajeros / 12 meses movimientos,"SIAC ANAC Argentina - Tablas 9 y 10, pasajeros comerciales por aeropuerto","SIAC ANAC Argentina - Tablas 12 y 13, movimientos comerciales por aeropuerto"
Argentina,USH,SAWH,Aeropuerto Internacional Ushuaia - Malvinas Argentinas,2019,,,,,920656,7050,,,927706,,,,,7595,97,,,7692,12,12,12 meses pasajeros / 12 meses movimientos,"SIAC ANAC Argentina - Tablas 9 y 10, pasajeros comerciales por aeropuerto","SIAC ANAC Argentina - Tablas 12 y 13, movimientos comerciales por aeropuerto"
Argentina,USH,SAWH,Aeropuerto Internacional Ushuaia - Malvinas Argentinas,2020,,,,,307153,3881,,,311034,,,,,2491,38,,,2529,12,12,12 meses pasajeros / 12 meses movimientos,"SIAC ANAC Argentina - Tablas 9 y 10, pasajeros comerciales por aeropuerto","SIAC ANAC Argentina - Tablas 12 y 13, movimientos comerciales por aeropuerto"
Argentina,USH,SAWH,Aeropuerto Internacional Ushuaia - Malvinas Argentinas,2021,,,,,507212,4120,,,511332,,,,,3629,46,,,3675,12,12,12 meses pasajeros / 12 meses movimientos,"SIAC ANAC Argentina - Tablas 9 y 10, pasajeros comerciales por aeropuerto","SIAC ANAC Argentina - Tablas 12 y 13, movimientos comerciales por aeropuerto"
Argentina,USH,SAWH,Aeropuerto Internacional Ushuaia - Malvinas Argentinas,2022,,,,,974929,7141,,,982070,,,,,6501,113,,,6614,12,12,12 meses pasajeros / 12 meses movimientos,"SIAC ANAC Argentina - Tablas 9 y 10, pasajeros comerciales por aeropuerto","SIAC ANAC Argentina - Tablas 12 y 13, movimientos comerciales por aeropuerto"
Argentina,USH,SAWH,Aeropuerto Internacional Ushuaia - Malvinas Argentinas,2023,,,,,1185304,4974,,,1190278,,,,,8142,68,,,8210,12,12,12 meses pasajeros / 12 meses movimientos,"SIAC ANAC Argentina - Tablas 9 y 10, pasajeros comerciales por aeropuerto","SIAC ANAC Argentina - Tablas 12 y 13, movimientos comerciales por aeropuerto"
Argentina,USH,SAWH,Aeropuerto Internacional Ushuaia - Malvinas Argentinas,2024,,,,,1144040,4150,,,1148190,,,,,8386,74,,,8460,12,12,12 meses pasajeros / 12 meses movimientos,"SIAC ANAC Argentina - Tablas 9 y 10, pasajeros comerciales por aeropuerto","SIAC ANAC Argentina - Tablas 12 y 13, movimientos comerciales por aeropuerto"
Argentina,USH,SAWH,Aeropuerto Internacional Ushuaia - Malvinas Argentinas,2025,,,,,1123527,4495,,,1128022,,,,,8286,77,,,8363,12,12,12 meses pasajeros / 12 meses movimientos,"SIAC ANAC Argentina - Tablas 9 y 10, pasajeros comerciales por aeropuerto","SIAC ANAC Argentina - Tablas 12 y 13, movimientos comerciales por aeropuerto"
Argentina,USH,SAWH,Aeropuerto Internacional Ushuaia - Malvinas Argentinas,2026,,,,,561592,2136,,,563728,,,,,3995,34,,,4029,6,6,6 meses pasajeros / 6 meses movimientos,"SIAC ANAC Argentina - Tablas 9 y 10, pasajeros comerciales por aeropuerto","SIAC ANAC Argentina - Tablas 12 y 13, movimientos comerciales por aeropuerto"
Argentina,VDM,SAVV,Aeropuerto Gobernador Castello,2001,,,,,12644,0,,,12644,,,,,1328,0,,,1328,12,12,12 meses pasajeros / 12 meses movimientos,"SIAC ANAC Argentina - Tablas 9 y 10, pasajeros comerciales por aeropuerto","SIAC ANAC Argentina - Tablas 12 y 13, movimientos comerciales por aeropuerto"
Argentina,VDM,SAVV,Aeropuerto Gobernador Castello,2002,,,,,4791,0,,,4791,,,,,627,0,,,627,12,12,12 meses pasajeros / 12 meses movimientos,"SIAC ANAC Argentina - Tablas 9 y 10, pasajeros comerciales por aeropuerto","SIAC ANAC Argentina - Tablas 12 y 13, movimientos comerciales por aeropuerto"
Argentina,VDM,SAVV,Aeropuerto Gobernador Castello,2003,,,,,6390,0,,,6390,,,,,547,0,,,547,12,12,12 meses pasajeros / 12 meses movimientos,"SIAC ANAC Argentina - Tablas 9 y 10, pasajeros comerciales por aeropuerto","SIAC ANAC Argentina - Tablas 12 y 13, movimientos comerciales por aeropuerto"
Argentina,VDM,SAVV,Aeropuerto Gobernador Castello,2004,,,,,11437,0,,,11437,,,,,616,0,,,616,12,12,12 meses pasajeros / 12 meses movimientos,"SIAC ANAC Argentina - Tablas 9 y 10, pasajeros comerciales por aeropuerto","SIAC ANAC Argentina - Tablas 12 y 13, movimientos comerciales por aeropuerto"
Argentina,VDM,SAVV,Aeropuerto Gobernador Castello,2005,,,,,11319,0,,,11319,,,,,670,0,,,670,12,12,12 meses pasajeros / 12 meses movimientos,"SIAC ANAC Argentina - Tablas 9 y 10, pasajeros comerciales por aeropuerto","SIAC ANAC Argentina - Tablas 12 y 13, movimientos comerciales por aeropuerto"
Argentina,VDM,SAVV,Aeropuerto Gobernador Castello,2006,,,,,10576,0,,,10576,,,,,583,0,,,583,12,12,12 meses pasajeros / 12 meses movimientos,"SIAC ANAC Argentina - Tablas 9 y 10, pasajeros comerciales por aeropuerto","SIAC ANAC Argentina - Tablas 12 y 13, movimientos comerciales por aeropuerto"
Argentina,VDM,SAVV,Aeropuerto Gobernador Castello,2007,,,,,7067,0,,,7067,,,,,410,0,,,410,12,12,12 meses pasajeros / 12 meses movimientos,"SIAC ANAC Argentina - Tablas 9 y 10, pasajeros comerciales por aeropuerto","SIAC ANAC Argentina - Tablas 12 y 13, movimientos comerciales por aeropuerto"
Argentina,VDM,SAVV,Aeropuerto Gobernador Castello,2008,,,,,3785,0,,,3785,,,,,269,0,,,269,12,12,12 meses pasajeros / 12 meses movimientos,"SIAC ANAC Argentina - Tablas 9 y 10, pasajeros comerciales por aeropuerto","SIAC ANAC Argentina - Tablas 12 y 13, movimientos comerciales por aeropuerto"
Argentina,VDM,SAVV,Aeropuerto Gobernador Castello,2009,,,,,5858,0,,,5858,,,,,367,0,,,367,12,12,12 meses pasajeros / 12 meses movimientos,"SIAC ANAC Argentina - Tablas 9 y 10, pasajeros comerciales por aeropuerto","SIAC ANAC Argentina - Tablas 12 y 13, movimientos comerciales por aeropuerto"
Argentina,VDM,SAVV,Aeropuerto Gobernador Castello,2010,,,,,7113,0,,,7113,,,,,575,0,,,575,12,12,12 meses pasajeros / 12 meses movimientos,"SIAC ANAC Argentina - Tablas 9 y 10, pasajeros comerciales por aeropuerto","SIAC ANAC Argentina - Tablas 12 y 13, movimientos comerciales por aeropuerto"
Argentina,VDM,SAVV,Aeropuerto Gobernador Castello,2011,,,,,3960,0,,,3960,,,,,294,0,,,294,12,12,12 meses pasajeros / 12 meses movimientos,"SIAC ANAC Argentina - Tablas 9 y 10, pasajeros comerciales por aeropuerto","SIAC ANAC Argentina - Tablas 12 y 13, movimientos comerciales por aeropuerto"
Argentina,VDM,SAVV,Aeropuerto Gobernador Castello,2012,,,,,8045,0,,,8045,,,,,385,0,,,385,12,12,12 meses pasajeros / 12 meses movimientos,"SIAC ANAC Argentina - Tablas 9 y 10, pasajeros comerciales por aeropuerto","SIAC ANAC Argentina - Tablas 12 y 13, movimientos comerciales por aeropuerto"
Argentina,VDM,SAVV,Aeropuerto Gobernador Castello,2013,,,,,10745,0,,,10745,,,,,501,0,,,501,12,12,12 meses pasajeros / 12 meses movimientos,"SIAC ANAC Argentina - Tablas 9 y 10, pasajeros comerciales por aeropuerto","SIAC ANAC Argentina - Tablas 12 y 13, movimientos comerciales por aeropuerto"
Argentina,VDM,SAVV,Aeropuerto Gobernador Castello,2014,,,,,15332,0,,,15332,,,,,745,0,,,745,12,12,12 meses pasajeros / 12 meses movimientos,"SIAC ANAC Argentina - Tablas 9 y 10, pasajeros comerciales por aeropuerto","SIAC ANAC Argentina - Tablas 12 y 13, movimientos comerciales por aeropuerto"
Argentina,VDM,SAVV,Aeropuerto Gobernador Castello,2015,,,,,25093,0,,,25093,,,,,941,0,,,941,12,12,12 meses pasajeros / 12 meses movimientos,"SIAC ANAC Argentina - Tablas 9 y 10, pasajeros comerciales por aeropuerto","SIAC ANAC Argentina - Tablas 12 y 13, movimientos comerciales por aeropuerto"
Argentina,VDM,SAVV,Aeropuerto Gobernador Castello,2016,,,,,28358,0,,,28358,,,,,927,0,,,927,12,12,12 meses pasajeros / 12 meses movimientos,"SIAC ANAC Argentina - Tablas 9 y 10, pasajeros comerciales por aeropuerto","SIAC ANAC Argentina - Tablas 12 y 13, movimientos comerciales por aeropuerto"
Argentina,VDM,SAVV,Aeropuerto Gobernador Castello,2017,,,,,36534,0,,,36534,,,,,1024,0,,,1024,12,12,12 meses pasajeros / 12 meses movimientos,"SIAC ANAC Argentina - Tablas 9 y 10, pasajeros comerciales por aeropuerto","SIAC ANAC Argentina - Tablas 12 y 13, movimientos comerciales por aeropuerto"
Argentina,VDM,SAVV,Aeropuerto Gobernador Castello,2018,,,,,34217,0,,,34217,,,,,718,0,,,718,12,12,12 meses pasajeros / 12 meses movimientos,"SIAC ANAC Argentina - Tablas 9 y 10, pasajeros comerciales por aeropuerto","SIAC ANAC Argentina - Tablas 12 y 13, movimientos comerciales por aeropuerto"
Argentina,VDM,SAVV,Aeropuerto Gobernador Castello,2019,,,,,39995,0,,,39995,,,,,865,0,,,865,12,12,12 meses pasajeros / 12 meses movimientos,"SIAC ANAC Argentina - Tablas 9 y 10, pasajeros comerciales por aeropuerto","SIAC ANAC Argentina - Tablas 12 y 13, movimientos comerciales por aeropuerto"
Argentina,VDM,SAVV,Aeropuerto Gobernador Castello,2020,,,,,8811,0,,,8811,,,,,473,0,,,473,12,12,12 meses pasajeros / 12 meses movimientos,"SIAC ANAC Argentina - Tablas 9 y 10, pasajeros comerciales por aeropuerto","SIAC ANAC Argentina - Tablas 12 y 13, movimientos comerciales por aeropuerto"
Argentina,VDM,SAVV,Aeropuerto Gobernador Castello,2021,,,,,12164,0,,,12164,,,,,761,0,,,761,12,12,12 meses pasajeros / 12 meses movimientos,"SIAC ANAC Argentina - Tablas 9 y 10, pasajeros comerciales por aeropuerto","SIAC ANAC Argentina - Tablas 12 y 13, movimientos comerciales por aeropuerto"
Argentina,VDM,SAVV,Aeropuerto Gobernador Castello,2022,,,,,30240,0,,,30240,,,,,956,0,,,956,12,12,12 meses pasajeros / 12 meses movimientos,"SIAC ANAC Argentina - Tablas 9 y 10, pasajeros comerciales por aeropuerto","SIAC ANAC Argentina - Tablas 12 y 13, movimientos comerciales por aeropuerto"
Argentina,VDM,SAVV,Aeropuerto Gobernador Castello,2023,,,,,37027,0,,,37027,,,,,939,0,,,939,12,12,12 meses pasajeros / 12 meses movimientos,"SIAC ANAC Argentina - Tablas 9 y 10, pasajeros comerciales por aeropuerto","SIAC ANAC Argentina - Tablas 12 y 13, movimientos comerciales por aeropuerto"
Argentina,VDM,SAVV,Aeropuerto Gobernador Castello,2024,,,,,34129,8,,,34137,,,,,802,2,,,804,12,12,12 meses pasajeros / 12 meses movimientos,"SIAC ANAC Argentina - Tablas 9 y 10, pasajeros comerciales por aeropuerto","SIAC ANAC Argentina - Tablas 12 y 13, movimientos comerciales por aeropuerto"
Argentina,VDM,SAVV,Aeropuerto Gobernador Castello,2025,,,,,35270,0,,,35270,,,,,815,0,,,815,12,12,12 meses pasajeros / 12 meses movimientos,"SIAC ANAC Argentina - Tablas 9 y 10, pasajeros comerciales por aeropuerto","SIAC ANAC Argentina - Tablas 12 y 13, movimientos comerciales por aeropuerto"
Argentina,VDM,SAVV,Aeropuerto Gobernador Castello,2026,,,,,17576,0,,,17576,,,,,331,0,,,331,6,6,6 meses pasajeros / 6 meses movimientos,"SIAC ANAC Argentina - Tablas 9 y 10, pasajeros comerciales por aeropuerto","SIAC ANAC Argentina - Tablas 12 y 13, movimientos comerciales por aeropuerto"
Argentina,VLG,,Villa Gesell,2001,,,,,0,0,,,0,,,,,0,0,,,0,12,12,12 meses pasajeros / 12 meses movimientos,"SIAC ANAC Argentina - Tablas 9 y 10, pasajeros comerciales por aeropuerto","SIAC ANAC Argentina - Tablas 12 y 13, movimientos comerciales por aeropuerto"
Argentina,VLG,,Villa Gesell,2002,,,,,5359,0,,,5359,,,,,388,0,,,388,12,12,12 meses pasajeros / 12 meses movimientos,"SIAC ANAC Argentina - Tablas 9 y 10, pasajeros comerciales por aeropuerto","SIAC ANAC Argentina - Tablas 12 y 13, movimientos comerciales por aeropuerto"
Argentina,VLG,,Villa Gesell,2003,,,,,4390,0,,,4390,,,,,369,0,,,369,12,12,12 meses pasajeros / 12 meses movimientos,"SIAC ANAC Argentina - Tablas 9 y 10, pasajeros comerciales por aeropuerto","SIAC ANAC Argentina - Tablas 12 y 13, movimientos comerciales por aeropuerto"
Argentina,VLG,,Villa Gesell,2004,,,,,2153,0,,,2153,,,,,139,0,,,139,12,12,12 meses pasajeros / 12 meses movimientos,"SIAC ANAC Argentina - Tablas 9 y 10, pasajeros comerciales por aeropuerto","SIAC ANAC Argentina - Tablas 12 y 13, movimientos comerciales por aeropuerto"
Argentina,VLG,,Villa Gesell,2005,,,,,28,0,,,28,,,,,9,0,,,9,12,12,12 meses pasajeros / 12 meses movimientos,"SIAC ANAC Argentina - Tablas 9 y 10, pasajeros comerciales por aeropuerto","SIAC ANAC Argentina - Tablas 12 y 13, movimientos comerciales por aeropuerto"
Argentina,VLG,,Villa Gesell,2006,,,,,294,0,,,294,,,,,30,0,,,30,12,12,12 meses pasajeros / 12 meses movimientos,"SIAC ANAC Argentina - Tablas 9 y 10, pasajeros comerciales por aeropuerto","SIAC ANAC Argentina - Tablas 12 y 13, movimientos comerciales por aeropuerto"
Argentina,VLG,,Villa Gesell,2007,,,,,1605,0,,,1605,,,,,124,0,,,124,12,12,12 meses pasajeros / 12 meses movimientos,"SIAC ANAC Argentina - Tablas 9 y 10, pasajeros comerciales por aeropuerto","SIAC ANAC Argentina - Tablas 12 y 13, movimientos comerciales por aeropuerto"
Argentina,VLG,,Villa Gesell,2008,,,,,1984,0,,,1984,,,,,98,0,,,98,12,12,12 meses pasajeros / 12 meses movimientos,"SIAC ANAC Argentina - Tablas 9 y 10, pasajeros comerciales por aeropuerto","SIAC ANAC Argentina - Tablas 12 y 13, movimientos comerciales por aeropuerto"
Argentina,VLG,,Villa Gesell,2009,,,,,954,0,,,954,,,,,62,0,,,62,12,12,12 meses pasajeros / 12 meses movimientos,"SIAC ANAC Argentina - Tablas 9 y 10, pasajeros comerciales por aeropuerto","SIAC ANAC Argentina - Tablas 12 y 13, movimientos comerciales por aeropuerto"
Argentina,VLG,,Villa Gesell,2010,,,,,1276,0,,,1276,,,,,76,0,,,76,12,12,12 meses pasajeros / 12 meses movimientos,"SIAC ANAC Argentina - Tablas 9 y 10, pasajeros comerciales por aeropuerto","SIAC ANAC Argentina - Tablas 12 y 13, movimientos comerciales por aeropuerto"
Argentina,VLG,,Villa Gesell,2011,,,,,1661,0,,,1661,,,,,95,0,,,95,12,12,12 meses pasajeros / 12 meses movimientos,"SIAC ANAC Argentina - Tablas 9 y 10, pasajeros comerciales por aeropuerto","SIAC ANAC Argentina - Tablas 12 y 13, movimientos comerciales por aeropuerto"
Argentina,VLG,,Villa Gesell,2012,,,,,188,0,,,188,,,,,142,0,,,142,12,12,12 meses pasajeros / 12 meses movimientos,"SIAC ANAC Argentina - Tablas 9 y 10, pasajeros comerciales por aeropuerto","SIAC ANAC Argentina - Tablas 12 y 13, movimientos comerciales por aeropuerto"
Argentina,VLG,,Villa Gesell,2013,,,,,3,0,,,3,,,,,169,0,,,169,12,12,12 meses pasajeros / 12 meses movimientos,"SIAC ANAC Argentina - Tablas 9 y 10, pasajeros comerciales por aeropuerto","SIAC ANAC Argentina - Tablas 12 y 13, movimientos comerciales por aeropuerto"
Argentina,VLG,,Villa Gesell,2014,,,,,43,0,,,43,,,,,2,0,,,2,12,12,12 meses pasajeros / 12 meses movimientos,"SIAC ANAC Argentina - Tablas 9 y 10, pasajeros comerciales por aeropuerto","SIAC ANAC Argentina - Tablas 12 y 13, movimientos comerciales por aeropuerto"
Argentina,VLG,,Villa Gesell,2015,,,,,1667,0,,,1667,,,,,122,0,,,122,12,12,12 meses pasajeros / 12 meses movimientos,"SIAC ANAC Argentina - Tablas 9 y 10, pasajeros comerciales por aeropuerto","SIAC ANAC Argentina - Tablas 12 y 13, movimientos comerciales por aeropuerto"
Argentina,VLG,,Villa Gesell,2016,,,,,223,0,,,223,,,,,24,0,,,24,12,12,12 meses pasajeros / 12 meses movimientos,"SIAC ANAC Argentina - Tablas 9 y 10, pasajeros comerciales por aeropuerto","SIAC ANAC Argentina - Tablas 12 y 13, movimientos comerciales por aeropuerto"
Argentina,VLG,,Villa Gesell,2017,,,,,4,0,,,4,,,,,2,0,,,2,12,12,12 meses pasajeros / 12 meses movimientos,"SIAC ANAC Argentina - Tablas 9 y 10, pasajeros comerciales por aeropuerto","SIAC ANAC Argentina - Tablas 12 y 13, movimientos comerciales por aeropuerto"
Argentina,VLG,,Villa Gesell,2018,,,,,0,0,,,0,,,,,0,0,,,0,12,12,12 meses pasajeros / 12 meses movimientos,"SIAC ANAC Argentina - Tablas 9 y 10, pasajeros comerciales por aeropuerto","SIAC ANAC Argentina - Tablas 12 y 13, movimientos comerciales por aeropuerto"
Argentina,VLG,,Villa Gesell,2019,,,,,0,0,,,0,,,,,0,0,,,0,12,12,12 meses pasajeros / 12 meses movimientos,"SIAC ANAC Argentina - Tablas 9 y 10, pasajeros comerciales por aeropuerto","SIAC ANAC Argentina - Tablas 12 y 13, movimientos comerciales por aeropuerto"
Argentina,VLG,,Villa Gesell,2020,,,,,0,0,,,0,,,,,0,0,,,0,12,12,12 meses pasajeros / 12 meses movimientos,"SIAC ANAC Argentina - Tablas 9 y 10, pasajeros comerciales por aeropuerto","SIAC ANAC Argentina - Tablas 12 y 13, movimientos comerciales por aeropuerto"
Argentina,VLG,,Villa Gesell,2021,,,,,0,0,,,0,,,,,0,0,,,0,12,12,12 meses pasajeros / 12 meses movimientos,"SIAC ANAC Argentina - Tablas 9 y 10, pasajeros comerciales por aeropuerto","SIAC ANAC Argentina - Tablas 12 y 13, movimientos comerciales por aeropuerto"
Argentina,VLG,,Villa Gesell,2022,,,,,0,0,,,0,,,,,0,0,,,0,12,12,12 meses pasajeros / 12 meses movimientos,"SIAC ANAC Argentina - Tablas 9 y 10, pasajeros comerciales por aeropuerto","SIAC ANAC Argentina - Tablas 12 y 13, movimientos comerciales por aeropuerto"
Argentina,VLG,,Villa Gesell,2023,,,,,0,0,,,0,,,,,0,0,,,0,12,12,12 meses pasajeros / 12 meses movimientos,"SIAC ANAC Argentina - Tablas 9 y 10, pasajeros comerciales por aeropuerto","SIAC ANAC Argentina - Tablas 12 y 13, movimientos comerciales por aeropuerto"
Argentina,VLG,,Villa Gesell,2024,,,,,0,0,,,0,,,,,0,0,,,0,12,12,12 meses pasajeros / 12 meses movimientos,"SIAC ANAC Argentina - Tablas 9 y 10, pasajeros comerciales por aeropuerto","SIAC ANAC Argentina - Tablas 12 y 13, movimientos comerciales por aeropuerto"
Argentina,VLG,,Villa Gesell,2025,,,,,0,0,,,0,,,,,0,0,,,0,12,12,12 meses pasajeros / 12 meses movimientos,"SIAC ANAC Argentina - Tablas 9 y 10, pasajeros comerciales por aeropuerto","SIAC ANAC Argentina - Tablas 12 y 13, movimientos comerciales por aeropuerto"
Argentina,VLG,,Villa Gesell,2026,,,,,0,0,,,0,,,,,0,0,,,0,6,6,6 meses pasajeros / 6 meses movimientos,"SIAC ANAC Argentina - Tablas 9 y 10, pasajeros comerciales por aeropuerto","SIAC ANAC Argentina - Tablas 12 y 13, movimientos comerciales por aeropuerto"
Argentina,VME,,Villa Reynolds,2001,,,,,19019,0,,,19019,,,,,954,0,,,954,12,12,12 meses pasajeros / 12 meses movimientos,"SIAC ANAC Argentina - Tablas 9 y 10, pasajeros comerciales por aeropuerto","SIAC ANAC Argentina - Tablas 12 y 13, movimientos comerciales por aeropuerto"
Argentina,VME,,Villa Reynolds,2002,,,,,6411,0,,,6411,,,,,638,0,,,638,12,12,12 meses pasajeros / 12 meses movimientos,"SIAC ANAC Argentina - Tablas 9 y 10, pasajeros comerciales por aeropuerto","SIAC ANAC Argentina - Tablas 12 y 13, movimientos comerciales por aeropuerto"
Argentina,VME,,Villa Reynolds,2003,,,,,1341,0,,,1341,,,,,546,0,,,546,12,12,12 meses pasajeros / 12 meses movimientos,"SIAC ANAC Argentina - Tablas 9 y 10, pasajeros comerciales por aeropuerto","SIAC ANAC Argentina - Tablas 12 y 13, movimientos comerciales por aeropuerto"
Argentina,VME,,Villa Reynolds,2004,,,,,956,0,,,956,,,,,279,0,,,279,12,12,12 meses pasajeros / 12 meses movimientos,"SIAC ANAC Argentina - Tablas 9 y 10, pasajeros comerciales por aeropuerto","SIAC ANAC Argentina - Tablas 12 y 13, movimientos comerciales por aeropuerto"
Argentina,VME,,Villa Reynolds,2005,,,,,1479,0,,,1479,,,,,435,0,,,435,12,12,12 meses pasajeros / 12 meses movimientos,"SIAC ANAC Argentina - Tablas 9 y 10, pasajeros comerciales por aeropuerto","SIAC ANAC Argentina - Tablas 12 y 13, movimientos comerciales por aeropuerto"
Argentina,VME,,Villa Reynolds,2006,,,,,1971,0,,,1971,,,,,445,0,,,445,12,12,12 meses pasajeros / 12 meses movimientos,"SIAC ANAC Argentina - Tablas 9 y 10, pasajeros comerciales por aeropuerto","SIAC ANAC Argentina - Tablas 12 y 13, movimientos comerciales por aeropuerto"
Argentina,VME,,Villa Reynolds,2007,,,,,2051,13,,,2064,,,,,427,2,,,429,12,12,12 meses pasajeros / 12 meses movimientos,"SIAC ANAC Argentina - Tablas 9 y 10, pasajeros comerciales por aeropuerto","SIAC ANAC Argentina - Tablas 12 y 13, movimientos comerciales por aeropuerto"
Argentina,VME,,Villa Reynolds,2008,,,,,801,0,,,801,,,,,312,0,,,312,12,12,12 meses pasajeros / 12 meses movimientos,"SIAC ANAC Argentina - Tablas 9 y 10, pasajeros comerciales por aeropuerto","SIAC ANAC Argentina - Tablas 12 y 13, movimientos comerciales por aeropuerto"
Argentina,VME,,Villa Reynolds,2009,,,,,4967,0,,,4967,,,,,619,0,,,619,12,12,12 meses pasajeros / 12 meses movimientos,"SIAC ANAC Argentina - Tablas 9 y 10, pasajeros comerciales por aeropuerto","SIAC ANAC Argentina - Tablas 12 y 13, movimientos comerciales por aeropuerto"
Argentina,VME,,Villa Reynolds,2010,,,,,5417,0,,,5417,,,,,616,0,,,616,12,12,12 meses pasajeros / 12 meses movimientos,"SIAC ANAC Argentina - Tablas 9 y 10, pasajeros comerciales por aeropuerto","SIAC ANAC Argentina - Tablas 12 y 13, movimientos comerciales por aeropuerto"
Argentina,VME,,Villa Reynolds,2011,,,,,2763,1,,,2764,,,,,399,2,,,401,12,12,12 meses pasajeros / 12 meses movimientos,"SIAC ANAC Argentina - Tablas 9 y 10, pasajeros comerciales por aeropuerto","SIAC ANAC Argentina - Tablas 12 y 13, movimientos comerciales por aeropuerto"
Argentina,VME,,Villa Reynolds,2012,,,,,463,0,,,463,,,,,104,0,,,104,12,12,12 meses pasajeros / 12 meses movimientos,"SIAC ANAC Argentina - Tablas 9 y 10, pasajeros comerciales por aeropuerto","SIAC ANAC Argentina - Tablas 12 y 13, movimientos comerciales por aeropuerto"
Argentina,VME,,Villa Reynolds,2013,,,,,172,0,,,172,,,,,30,0,,,30,12,12,12 meses pasajeros / 12 meses movimientos,"SIAC ANAC Argentina - Tablas 9 y 10, pasajeros comerciales por aeropuerto","SIAC ANAC Argentina - Tablas 12 y 13, movimientos comerciales por aeropuerto"
Argentina,VME,,Villa Reynolds,2014,,,,,0,0,,,0,,,,,0,0,,,0,12,12,12 meses pasajeros / 12 meses movimientos,"SIAC ANAC Argentina - Tablas 9 y 10, pasajeros comerciales por aeropuerto","SIAC ANAC Argentina - Tablas 12 y 13, movimientos comerciales por aeropuerto"
Argentina,VME,,Villa Reynolds,2015,,,,,434,0,,,434,,,,,127,0,,,127,12,12,12 meses pasajeros / 12 meses movimientos,"SIAC ANAC Argentina - Tablas 9 y 10, pasajeros comerciales por aeropuerto","SIAC ANAC Argentina - Tablas 12 y 13, movimientos comerciales por aeropuerto"
Argentina,VME,,Villa Reynolds,2016,,,,,30,0,,,30,,,,,13,0,,,13,12,12,12 meses pasajeros / 12 meses movimientos,"SIAC ANAC Argentina - Tablas 9 y 10, pasajeros comerciales por aeropuerto","SIAC ANAC Argentina - Tablas 12 y 13, movimientos comerciales por aeropuerto"
Argentina,VME,,Villa Reynolds,2017,,,,,38,0,,,38,,,,,21,0,,,21,12,12,12 meses pasajeros / 12 meses movimientos,"SIAC ANAC Argentina - Tablas 9 y 10, pasajeros comerciales por aeropuerto","SIAC ANAC Argentina - Tablas 12 y 13, movimientos comerciales por aeropuerto"
Argentina,VME,,Villa Reynolds,2018,,,,,110,0,,,110,,,,,13,0,,,13,12,12,12 meses pasajeros / 12 meses movimientos,"SIAC ANAC Argentina - Tablas 9 y 10, pasajeros comerciales por aeropuerto","SIAC ANAC Argentina - Tablas 12 y 13, movimientos comerciales por aeropuerto"
Argentina,VME,,Villa Reynolds,2019,,,,,0,0,,,0,,,,,1,0,,,1,12,12,12 meses pasajeros / 12 meses movimientos,"SIAC ANAC Argentina - Tablas 9 y 10, pasajeros comerciales por aeropuerto","SIAC ANAC Argentina - Tablas 12 y 13, movimientos comerciales por aeropuerto"
Argentina,VME,,Villa Reynolds,2020,,,,,0,0,,,0,,,,,2,0,,,2,12,12,12 meses pasajeros / 12 meses movimientos,"SIAC ANAC Argentina - Tablas 9 y 10, pasajeros comerciales por aeropuerto","SIAC ANAC Argentina - Tablas 12 y 13, movimientos comerciales por aeropuerto"
Argentina,VME,,Villa Reynolds,2021,,,,,85,0,,,85,,,,,11,0,,,11,12,12,12 meses pasajeros / 12 meses movimientos,"SIAC ANAC Argentina - Tablas 9 y 10, pasajeros comerciales por aeropuerto","SIAC ANAC Argentina - Tablas 12 y 13, movimientos comerciales por aeropuerto"
Argentina,VME,,Villa Reynolds,2022,,,,,455,0,,,455,,,,,65,0,,,65,12,12,12 meses pasajeros / 12 meses movimientos,"SIAC ANAC Argentina - Tablas 9 y 10, pasajeros comerciales por aeropuerto","SIAC ANAC Argentina - Tablas 12 y 13, movimientos comerciales por aeropuerto"
Argentina,VME,,Villa Reynolds,2023,,,,,2,0,,,2,,,,,4,0,,,4,12,12,12 meses pasajeros / 12 meses movimientos,"SIAC ANAC Argentina - Tablas 9 y 10, pasajeros comerciales por aeropuerto","SIAC ANAC Argentina - Tablas 12 y 13, movimientos comerciales por aeropuerto"
Argentina,VME,,Villa Reynolds,2024,,,,,6,0,,,6,,,,,31,0,,,31,12,12,12 meses pasajeros / 12 meses movimientos,"SIAC ANAC Argentina - Tablas 9 y 10, pasajeros comerciales por aeropuerto","SIAC ANAC Argentina - Tablas 12 y 13, movimientos comerciales por aeropuerto"
Argentina,VME,,Villa Reynolds,2025,,,,,24,0,,,24,,,,,6,0,,,6,12,12,12 meses pasajeros / 12 meses movimientos,"SIAC ANAC Argentina - Tablas 9 y 10, pasajeros comerciales por aeropuerto","SIAC ANAC Argentina - Tablas 12 y 13, movimientos comerciales por aeropuerto"
Argentina,VME,,Villa Reynolds,2026,,,,,154,0,,,154,,,,,29,0,,,29,6,6,6 meses pasajeros / 6 meses movimientos,"SIAC ANAC Argentina - Tablas 9 y 10, pasajeros comerciales por aeropuerto","SIAC ANAC Argentina - Tablas 12 y 13, movimientos comerciales por aeropuerto"
Chile,ANF,SCFA,Aeropuerto Internacional Andrés Sabella Gálvez,2017,,,,,,,,,,8239,8254,194,193,16493,387,8433,8447,16880,0,12,parcial,"JAC Chile - Datos y Análisis, Tráfico Aéreo: https://www.jac.gob.cl/data-y-analisis/","JAC Chile - Datos y Análisis, Bitácora de aeropuertos / Operaciones de Aeronaves: https://www.jac.gob.cl/data-y-analisis/"
Chile,ANF,SCFA,Aeropuerto Internacional Andrés Sabella Gálvez,2018,,,,,,,,,,8428,8483,243,198,16911,441,8671,8681,17352,0,12,parcial,"JAC Chile - Datos y Análisis, Tráfico Aéreo: https://www.jac.gob.cl/data-y-analisis/","JAC Chile - Datos y Análisis, Bitácora de aeropuertos / Operaciones de Aeronaves: https://www.jac.gob.cl/data-y-analisis/"
Chile,ANF,SCFA,Aeropuerto Internacional Andrés Sabella Gálvez,2019,,,,,,,,,,8329,8442,312,206,16771,518,8641,8648,17289,0,12,parcial,"JAC Chile - Datos y Análisis, Tráfico Aéreo: https://www.jac.gob.cl/data-y-analisis/","JAC Chile - Datos y Análisis, Bitácora de aeropuertos / Operaciones de Aeronaves: https://www.jac.gob.cl/data-y-analisis/"
Chile,ANF,SCFA,Aeropuerto Internacional Andrés Sabella Gálvez,2020,,,,,,,,,,5910,5965,153,96,11875,249,6063,6061,12124,0,12,parcial,"JAC Chile - Data y Análisis, Tráfico Aéreo: https://www.jac.gob.cl/data-y-analisis/","JAC Chile - Datos y Análisis, Bitácora de aeropuertos / Operaciones de Aeronaves: https://www.jac.gob.cl/data-y-analisis/"
Chile,ANF,SCFA,Aeropuerto Internacional Andrés Sabella Gálvez,2021,,,,,,,,,,8018,8088,120,59,16106,179,8138,8147,16285,0,12,parcial,"JAC Chile - Data y Análisis, Tráfico Aéreo: https://www.jac.gob.cl/data-y-analisis/","JAC Chile - Datos y Análisis, Bitácora de aeropuertos / Operaciones de Aeronaves: https://www.jac.gob.cl/data-y-analisis/"
Chile,ANF,SCFA,Aeropuerto Internacional Andrés Sabella Gálvez,2022,973414,987474,22898,18803,1960888,41701,996312,1006277,2002589,7974,8104,355,242,16078,597,8329,8346,16675,12,12,anual_completo,"JAC Chile - Data y Análisis, Tráfico Aéreo: https://www.jac.gob.cl/data-y-analisis/","JAC Chile - Datos y Análisis, Bitácora de aeropuertos / Operaciones de Aeronaves: https://www.jac.gob.cl/data-y-analisis/"
Chile,ANF,SCFA,Aeropuerto Internacional Andrés Sabella Gálvez,2023,1105493,1133905,42670,39893,2239398,82563,1148163,1173798,2321961,8221,8347,458,337,16568,795,8679,8684,17363,12,12,anual_completo,"JAC Chile - Data y Análisis, Tráfico Aéreo: https://www.jac.gob.cl/data-y-analisis/","JAC Chile - Datos y Análisis, Bitácora de aeropuertos / Operaciones de Aeronaves: https://www.jac.gob.cl/data-y-analisis/"
Chile,ANF,SCFA,Aeropuerto Internacional Andrés Sabella Gálvez,2024,1262311,1294463,43733,43858,2556774,87591,1306044,1338321,2644365,9277,9385,513,403,18662,916,9790,9788,19578,12,12,anual_completo,"JAC Chile - Data y Análisis, Tráfico Aéreo: https://www.jac.gob.cl/data-y-analisis/","JAC Chile - Datos y Análisis, Bitácora de aeropuertos / Operaciones de Aeronaves: https://www.jac.gob.cl/data-y-analisis/"
Chile,ANF,SCFA,Aeropuerto Internacional Andrés Sabella Gálvez,2025,1362545,1395266,43671,43464,2757811,87135,1406216,1438730,2844946,9530,9624,467,374,19154,841,9997,9998,19995,12,12,anual_completo,"JAC Chile - Data y Análisis, Tráfico Aéreo: https://www.jac.gob.cl/data-y-analisis/","JAC Chile - Datos y Análisis, Bitácora de aeropuertos / Operaciones de Aeronaves: https://www.jac.gob.cl/data-y-analisis/"
Chile,ANF,SCFA,Aeropuerto Internacional Andrés Sabella Gálvez,2026,770756,782364,27124,27618,1553120,54742,797880,809982,1607862,5812,5868,279,223,11680,502,6091,6091,12182,7,7,parcial,"JAC Chile - Data y Análisis, Tráfico Aéreo: https://www.jac.gob.cl/data-y-analisis/","JAC Chile - Datos y Análisis, Bitácora de aeropuertos / Operaciones de Aeronaves: https://www.jac.gob.cl/data-y-analisis/"
Chile,ARI,SCAR,Aeropuerto Internacional Chacalluta,2017,,,,,,,,,,3336,3361,206,185,6697,391,3542,3546,7088,0,12,parcial,"JAC Chile - Datos y Análisis, Tráfico Aéreo: https://www.jac.gob.cl/data-y-analisis/","JAC Chile - Datos y Análisis, Bitácora de aeropuertos / Operaciones de Aeronaves: https://www.jac.gob.cl/data-y-analisis/"
Chile,ARI,SCAR,Aeropuerto Internacional Chacalluta,2018,,,,,,,,,,3405,3415,196,186,6820,382,3601,3601,7202,0,12,parcial,"JAC Chile - Datos y Análisis, Tráfico Aéreo: https://www.jac.gob.cl/data-y-analisis/","JAC Chile - Datos y Análisis, Bitácora de aeropuertos / Operaciones de Aeronaves: https://www.jac.gob.cl/data-y-analisis/"
Chile,ARI,SCAR,Aeropuerto Internacional Chacalluta,2019,,,,,,,,,,3654,3673,198,182,7327,380,3852,3855,7707,0,12,parcial,"JAC Chile - Datos y Análisis, Tráfico Aéreo: https://www.jac.gob.cl/data-y-analisis/","JAC Chile - Datos y Análisis, Bitácora de aeropuertos / Operaciones de Aeronaves: https://www.jac.gob.cl/data-y-analisis/"
Chile,ARI,SCAR,Aeropuerto Internacional Chacalluta,2020,,,,,,,,,,1593,1571,147,169,3164,316,1740,1740,3480,0,12,parcial,"JAC Chile - Data y Análisis, Tráfico Aéreo: https://www.jac.gob.cl/data-y-analisis/","JAC Chile - Datos y Análisis, Bitácora de aeropuertos / Operaciones de Aeronaves: https://www.jac.gob.cl/data-y-analisis/"
Chile,ARI,SCAR,Aeropuerto Internacional Chacalluta,2021,,,,,,,,,,1932,1930,149,150,3862,299,2081,2080,4161,0,12,parcial,"JAC Chile - Data y Análisis, Tráfico Aéreo: https://www.jac.gob.cl/data-y-analisis/","JAC Chile - Datos y Análisis, Bitácora de aeropuertos / Operaciones de Aeronaves: https://www.jac.gob.cl/data-y-analisis/"
Chile,ARI,SCAR,Aeropuerto Internacional Chacalluta,2022,325408,320106,6478,0,645514,6478,331886,320106,651992,2297,2330,235,202,4627,437,2532,2532,5064,12,12,anual_completo,"JAC Chile - Data y Análisis, Tráfico Aéreo: https://www.jac.gob.cl/data-y-analisis/","JAC Chile - Datos y Análisis, Bitácora de aeropuertos / Operaciones de Aeronaves: https://www.jac.gob.cl/data-y-analisis/"
Chile,ARI,SCAR,Aeropuerto Internacional Chacalluta,2023,364754,342371,270,263,707125,533,365024,342634,707658,2775,2798,166,144,5573,310,2941,2942,5883,12,12,anual_completo,"JAC Chile - Data y Análisis, Tráfico Aéreo: https://www.jac.gob.cl/data-y-analisis/","JAC Chile - Datos y Análisis, Bitácora de aeropuertos / Operaciones de Aeronaves: https://www.jac.gob.cl/data-y-analisis/"
Chile,ARI,SCAR,Aeropuerto Internacional Chacalluta,2024,340116,335907,0,0,676023,0,340116,335907,676023,2910,2930,155,145,5840,300,3065,3075,6140,12,12,anual_completo,"JAC Chile - Data y Análisis, Tráfico Aéreo: https://www.jac.gob.cl/data-y-analisis/","JAC Chile - Datos y Análisis, Bitácora de aeropuertos / Operaciones de Aeronaves: https://www.jac.gob.cl/data-y-analisis/"
Chile,ARI,SCAR,Aeropuerto Internacional Chacalluta,2025,320708,323711,0,105,644419,105,320708,323816,644524,2627,2628,129,130,5255,259,2756,2758,5514,12,12,anual_completo,"JAC Chile - Data y Análisis, Tráfico Aéreo: https://www.jac.gob.cl/data-y-analisis/","JAC Chile - Datos y Análisis, Bitácora de aeropuertos / Operaciones de Aeronaves: https://www.jac.gob.cl/data-y-analisis/"
Chile,ARI,SCAR,Aeropuerto Internacional Chacalluta,2026,184468,184323,0,155,368791,155,184468,184478,368946,1494,1464,95,123,2958,218,1589,1587,3176,7,7,parcial,"JAC Chile - Data y Análisis, Tráfico Aéreo: https://www.jac.gob.cl/data-y-analisis/","JAC Chile - Datos y Análisis, Bitácora de aeropuertos / Operaciones de Aeronaves: https://www.jac.gob.cl/data-y-analisis/"
Chile,BBA,SCBA,Aeropuerto Balmaceda,2017,,,,,,,,,,2247,2238,3,9,4485,12,2250,2247,4497,0,12,parcial,"JAC Chile - Datos y Análisis, Tráfico Aéreo: https://www.jac.gob.cl/data-y-analisis/","JAC Chile - Datos y Análisis, Bitácora de aeropuertos / Operaciones de Aeronaves: https://www.jac.gob.cl/data-y-analisis/"
Chile,BBA,SCBA,Aeropuerto Balmaceda,2018,,,,,,,,,,2443,2439,2,5,4882,7,2445,2444,4889,0,12,parcial,"JAC Chile - Datos y Análisis, Tráfico Aéreo: https://www.jac.gob.cl/data-y-analisis/","JAC Chile - Datos y Análisis, Bitácora de aeropuertos / Operaciones de Aeronaves: https://www.jac.gob.cl/data-y-analisis/"
Chile,BBA,SCBA,Aeropuerto Balmaceda,2019,,,,,,,,,,2751,2752,1,1,5503,2,2752,2753,5505,0,12,parcial,"JAC Chile - Datos y Análisis, Tráfico Aéreo: https://www.jac.gob.cl/data-y-analisis/","JAC Chile - Datos y Análisis, Bitácora de aeropuertos / Operaciones de Aeronaves: https://www.jac.gob.cl/data-y-analisis/"
Chile,BBA,SCBA,Aeropuerto Balmaceda,2020,,,,,,,,,,1674,1665,4,13,3339,17,1678,1678,3356,0,12,parcial,"JAC Chile - Data y Análisis, Tráfico Aéreo: https://www.jac.gob.cl/data-y-analisis/","JAC Chile - Datos y Análisis, Bitácora de aeropuertos / Operaciones de Aeronaves: https://www.jac.gob.cl/data-y-analisis/"
Chile,BBA,SCBA,Aeropuerto Balmaceda,2021,,,,,,,,,,1968,1967,0,0,3935,0,1968,1967,3935,0,12,parcial,"JAC Chile - Data y Análisis, Tráfico Aéreo: https://www.jac.gob.cl/data-y-analisis/","JAC Chile - Datos y Análisis, Bitácora de aeropuertos / Operaciones de Aeronaves: https://www.jac.gob.cl/data-y-analisis/"
Chile,BBA,SCBA,Aeropuerto Balmaceda,2022,305111,307946,0,0,613057,0,305111,307946,613057,2471,2472,4,4,4943,8,2475,2476,4951,12,12,anual_completo,"JAC Chile - Data y Análisis, Tráfico Aéreo: https://www.jac.gob.cl/data-y-analisis/","JAC Chile - Datos y Análisis, Bitácora de aeropuertos / Operaciones de Aeronaves: https://www.jac.gob.cl/data-y-analisis/"
Chile,BBA,SCBA,Aeropuerto Balmaceda,2023,298135,300153,0,0,598288,0,298135,300153,598288,2081,2076,11,17,4157,28,2092,2093,4185,12,12,anual_completo,"JAC Chile - Data y Análisis, Tráfico Aéreo: https://www.jac.gob.cl/data-y-analisis/","JAC Chile - Datos y Análisis, Bitácora de aeropuertos / Operaciones de Aeronaves: https://www.jac.gob.cl/data-y-analisis/"
Chile,BBA,SCBA,Aeropuerto Balmaceda,2024,311949,314376,0,0,626325,0,311949,314376,626325,2122,2116,7,13,4238,20,2129,2129,4258,12,12,anual_completo,"JAC Chile - Data y Análisis, Tráfico Aéreo: https://www.jac.gob.cl/data-y-analisis/","JAC Chile - Datos y Análisis, Bitácora de aeropuertos / Operaciones de Aeronaves: https://www.jac.gob.cl/data-y-analisis/"
Chile,BBA,SCBA,Aeropuerto Balmaceda,2025,302910,305355,0,0,608265,0,302910,305355,608265,2000,1998,9,11,3998,20,2009,2009,4018,12,12,anual_completo,"JAC Chile - Data y Análisis, Tráfico Aéreo: https://www.jac.gob.cl/data-y-analisis/","JAC Chile - Datos y Análisis, Bitácora de aeropuertos / Operaciones de Aeronaves: https://www.jac.gob.cl/data-y-analisis/"
Chile,BBA,SCBA,Aeropuerto Balmaceda,2026,174872,180530,0,0,355402,0,174872,180530,355402,1224,1223,4,5,2447,9,1228,1228,2456,7,7,parcial,"JAC Chile - Data y Análisis, Tráfico Aéreo: https://www.jac.gob.cl/data-y-analisis/","JAC Chile - Datos y Análisis, Bitácora de aeropuertos / Operaciones de Aeronaves: https://www.jac.gob.cl/data-y-analisis/"
Chile,CCP,SCIE,Aeropuerto Internacional Carriel Sur,2017,,,,,,,,,,8858,8857,26,19,17715,45,8884,8876,17760,0,12,parcial,"JAC Chile - Datos y Análisis, Tráfico Aéreo: https://www.jac.gob.cl/data-y-analisis/","JAC Chile - Datos y Análisis, Bitácora de aeropuertos / Operaciones de Aeronaves: https://www.jac.gob.cl/data-y-analisis/"
Chile,CCP,SCIE,Aeropuerto Internacional Carriel Sur,2018,,,,,,,,,,11193,11176,33,30,22369,63,11226,11206,22432,0,12,parcial,"JAC Chile - Datos y Análisis, Tráfico Aéreo: https://www.jac.gob.cl/data-y-analisis/","JAC Chile - Datos y Análisis, Bitácora de aeropuertos / Operaciones de Aeronaves: https://www.jac.gob.cl/data-y-analisis/"
Chile,CCP,SCIE,Aeropuerto Internacional Carriel Sur,2019,,,,,,,,,,11801,11788,27,26,23589,53,11828,11814,23642,0,12,parcial,"JAC Chile - Datos y Análisis, Tráfico Aéreo: https://www.jac.gob.cl/data-y-analisis/","JAC Chile - Datos y Análisis, Bitácora de aeropuertos / Operaciones de Aeronaves: https://www.jac.gob.cl/data-y-analisis/"
Chile,CCP,SCIE,Aeropuerto Internacional Carriel Sur,2020,,,,,,,,,,8945,8949,63,71,17894,134,9008,9020,18028,0,12,parcial,"JAC Chile - Data y Análisis, Tráfico Aéreo: https://www.jac.gob.cl/data-y-analisis/","JAC Chile - Datos y Análisis, Bitácora de aeropuertos / Operaciones de Aeronaves: https://www.jac.gob.cl/data-y-analisis/"
Chile,CCP,SCIE,Aeropuerto Internacional Carriel Sur,2021,,,,,,,,,,9811,9808,8,14,19619,22,9819,9822,19641,0,12,parcial,"JAC Chile - Data y Análisis, Tráfico Aéreo: https://www.jac.gob.cl/data-y-analisis/","JAC Chile - Datos y Análisis, Bitácora de aeropuertos / Operaciones de Aeronaves: https://www.jac.gob.cl/data-y-analisis/"
Chile,CCP,SCIE,Aeropuerto Internacional Carriel Sur,2022,887887,890749,0,0,1778636,0,887887,890749,1778636,12882,12903,14,7,25785,21,12896,12910,25806,12,12,anual_completo,"JAC Chile - Data y Análisis, Tráfico Aéreo: https://www.jac.gob.cl/data-y-analisis/","JAC Chile - Datos y Análisis, Bitácora de aeropuertos / Operaciones de Aeronaves: https://www.jac.gob.cl/data-y-analisis/"
Chile,CCP,SCIE,Aeropuerto Internacional Carriel Sur,2023,1046984,1061929,95,168,2108913,263,1047079,1062097,2109176,14103,14124,42,36,28227,78,14145,14160,28305,12,12,anual_completo,"JAC Chile - Data y Análisis, Tráfico Aéreo: https://www.jac.gob.cl/data-y-analisis/","JAC Chile - Datos y Análisis, Bitácora de aeropuertos / Operaciones de Aeronaves: https://www.jac.gob.cl/data-y-analisis/"
Chile,CCP,SCIE,Aeropuerto Internacional Carriel Sur,2024,1123100,1141425,2024,1788,2264525,3812,1125124,1143213,2268337,13869,13887,74,71,27756,145,13943,13958,27901,12,12,anual_completo,"JAC Chile - Data y Análisis, Tráfico Aéreo: https://www.jac.gob.cl/data-y-analisis/","JAC Chile - Datos y Análisis, Bitácora de aeropuertos / Operaciones de Aeronaves: https://www.jac.gob.cl/data-y-analisis/"
Chile,CCP,SCIE,Aeropuerto Internacional Carriel Sur,2025,1112284,1120522,371,441,2232806,812,1112655,1120963,2233618,13895,13897,47,40,27792,87,13942,13937,27879,12,12,anual_completo,"JAC Chile - Data y Análisis, Tráfico Aéreo: https://www.jac.gob.cl/data-y-analisis/","JAC Chile - Datos y Análisis, Bitácora de aeropuertos / Operaciones de Aeronaves: https://www.jac.gob.cl/data-y-analisis/"
Chile,CCP,SCIE,Aeropuerto Internacional Carriel Sur,2026,634942,648689,180,58,1283631,238,635122,648747,1283869,8166,8118,17,29,16284,46,8183,8147,16330,7,7,parcial,"JAC Chile - Data y Análisis, Tráfico Aéreo: https://www.jac.gob.cl/data-y-analisis/","JAC Chile - Datos y Análisis, Bitácora de aeropuertos / Operaciones de Aeronaves: https://www.jac.gob.cl/data-y-analisis/"
Chile,CJC,SCCF,Aeropuerto El Loa,2017,,,,,,,,,,5916,5916,38,39,11832,77,5954,5955,11909,0,12,parcial,"JAC Chile - Datos y Análisis, Tráfico Aéreo: https://www.jac.gob.cl/data-y-analisis/","JAC Chile - Datos y Análisis, Bitácora de aeropuertos / Operaciones de Aeronaves: https://www.jac.gob.cl/data-y-analisis/"
Chile,CJC,SCCF,Aeropuerto El Loa,2018,,,,,,,,,,7032,7035,33,32,14067,65,7065,7067,14132,0,12,parcial,"JAC Chile - Datos y Análisis, Tráfico Aéreo: https://www.jac.gob.cl/data-y-analisis/","JAC Chile - Datos y Análisis, Bitácora de aeropuertos / Operaciones de Aeronaves: https://www.jac.gob.cl/data-y-analisis/"
Chile,CJC,SCCF,Aeropuerto El Loa,2019,,,,,,,,,,8114,8118,110,107,16232,217,8224,8225,16449,0,12,parcial,"JAC Chile - Datos y Análisis, Tráfico Aéreo: https://www.jac.gob.cl/data-y-analisis/","JAC Chile - Datos y Análisis, Bitácora de aeropuertos / Operaciones de Aeronaves: https://www.jac.gob.cl/data-y-analisis/"
Chile,CJC,SCCF,Aeropuerto El Loa,2020,,,,,,,,,,4403,4430,77,49,8833,126,4480,4479,8959,0,12,parcial,"JAC Chile - Data y Análisis, Tráfico Aéreo: https://www.jac.gob.cl/data-y-analisis/","JAC Chile - Datos y Análisis, Bitácora de aeropuertos / Operaciones de Aeronaves: https://www.jac.gob.cl/data-y-analisis/"
Chile,CJC,SCCF,Aeropuerto El Loa,2021,,,,,,,,,,5764,5784,25,6,11548,31,5789,5790,11579,0,12,parcial,"JAC Chile - Data y Análisis, Tráfico Aéreo: https://www.jac.gob.cl/data-y-analisis/","JAC Chile - Datos y Análisis, Bitácora de aeropuertos / Operaciones de Aeronaves: https://www.jac.gob.cl/data-y-analisis/"
Chile,CJC,SCCF,Aeropuerto El Loa,2022,900999,890215,0,115,1791214,115,900999,890330,1791329,6260,6251,10,17,12511,27,6270,6268,12538,12,12,anual_completo,"JAC Chile - Data y Análisis, Tráfico Aéreo: https://www.jac.gob.cl/data-y-analisis/","JAC Chile - Datos y Análisis, Bitácora de aeropuertos / Operaciones de Aeronaves: https://www.jac.gob.cl/data-y-analisis/"
Chile,CJC,SCCF,Aeropuerto El Loa,2023,1120113,1113472,0,0,2233585,0,1120113,1113472,2233585,7673,7670,53,57,15343,110,7726,7727,15453,12,12,anual_completo,"JAC Chile - Data y Análisis, Tráfico Aéreo: https://www.jac.gob.cl/data-y-analisis/","JAC Chile - Datos y Análisis, Bitácora de aeropuertos / Operaciones de Aeronaves: https://www.jac.gob.cl/data-y-analisis/"
Chile,CJC,SCCF,Aeropuerto El Loa,2024,1347253,1339622,0,213,2686875,213,1347253,1339835,2687088,9273,9268,35,39,18541,74,9308,9307,18615,12,12,anual_completo,"JAC Chile - Data y Análisis, Tráfico Aéreo: https://www.jac.gob.cl/data-y-analisis/","JAC Chile - Datos y Análisis, Bitácora de aeropuertos / Operaciones de Aeronaves: https://www.jac.gob.cl/data-y-analisis/"
Chile,CJC,SCCF,Aeropuerto El Loa,2025,1467223,1463207,0,0,2930430,0,1467223,1463207,2930430,9742,9755,55,41,19497,96,9797,9796,19593,12,12,anual_completo,"JAC Chile - Data y Análisis, Tráfico Aéreo: https://www.jac.gob.cl/data-y-analisis/","JAC Chile - Datos y Análisis, Bitácora de aeropuertos / Operaciones de Aeronaves: https://www.jac.gob.cl/data-y-analisis/"
Chile,CJC,SCCF,Aeropuerto El Loa,2026,814051,803650,0,0,1617701,0,814051,803650,1617701,5276,5286,37,29,10562,66,5313,5315,10628,7,7,parcial,"JAC Chile - Data y Análisis, Tráfico Aéreo: https://www.jac.gob.cl/data-y-analisis/","JAC Chile - Datos y Análisis, Bitácora de aeropuertos / Operaciones de Aeronaves: https://www.jac.gob.cl/data-y-analisis/"
Chile,CPO,SCAT,Aeropuerto Desierto de Atacama,2017,,,,,,,,,,2731,2734,2,1,5465,3,2733,2735,5468,0,12,parcial,"JAC Chile - Datos y Análisis, Tráfico Aéreo: https://www.jac.gob.cl/data-y-analisis/","JAC Chile - Datos y Análisis, Bitácora de aeropuertos / Operaciones de Aeronaves: https://www.jac.gob.cl/data-y-analisis/"
Chile,CPO,SCAT,Aeropuerto Desierto de Atacama,2018,,,,,,,,,,2671,2665,1,6,5336,7,2672,2671,5343,0,12,parcial,"JAC Chile - Datos y Análisis, Tráfico Aéreo: https://www.jac.gob.cl/data-y-analisis/","JAC Chile - Datos y Análisis, Bitácora de aeropuertos / Operaciones de Aeronaves: https://www.jac.gob.cl/data-y-analisis/"
Chile,CPO,SCAT,Aeropuerto Desierto de Atacama,2019,,,,,,,,,,2583,2584,2,2,5167,4,2585,2586,5171,0,12,parcial,"JAC Chile - Datos y Análisis, Tráfico Aéreo: https://www.jac.gob.cl/data-y-analisis/","JAC Chile - Datos y Análisis, Bitácora de aeropuertos / Operaciones de Aeronaves: https://www.jac.gob.cl/data-y-analisis/"
Chile,CPO,SCAT,Aeropuerto Desierto de Atacama,2020,,,,,,,,,,1123,1123,2,3,2246,5,1125,1126,2251,0,12,parcial,"JAC Chile - Data y Análisis, Tráfico Aéreo: https://www.jac.gob.cl/data-y-analisis/","JAC Chile - Datos y Análisis, Bitácora de aeropuertos / Operaciones de Aeronaves: https://www.jac.gob.cl/data-y-analisis/"
Chile,CPO,SCAT,Aeropuerto Desierto de Atacama,2021,,,,,,,,,,1984,1984,1,1,3968,2,1985,1985,3970,0,12,parcial,"JAC Chile - Data y Análisis, Tráfico Aéreo: https://www.jac.gob.cl/data-y-analisis/","JAC Chile - Datos y Análisis, Bitácora de aeropuertos / Operaciones de Aeronaves: https://www.jac.gob.cl/data-y-analisis/"
Chile,CPO,SCAT,Aeropuerto Desierto de Atacama,2022,326463,324885,0,0,651348,0,326463,324885,651348,2548,2547,0,1,5095,1,2548,2548,5096,12,12,anual_completo,"JAC Chile - Data y Análisis, Tráfico Aéreo: https://www.jac.gob.cl/data-y-analisis/","JAC Chile - Datos y Análisis, Bitácora de aeropuertos / Operaciones de Aeronaves: https://www.jac.gob.cl/data-y-analisis/"
Chile,CPO,SCAT,Aeropuerto Desierto de Atacama,2023,362463,362029,0,0,724492,0,362463,362029,724492,2714,2709,5,9,5423,14,2719,2718,5437,12,12,anual_completo,"JAC Chile - Data y Análisis, Tráfico Aéreo: https://www.jac.gob.cl/data-y-analisis/","JAC Chile - Datos y Análisis, Bitácora de aeropuertos / Operaciones de Aeronaves: https://www.jac.gob.cl/data-y-analisis/"
Chile,CPO,SCAT,Aeropuerto Desierto de Atacama,2024,354790,357105,0,0,711895,0,354790,357105,711895,2798,2798,7,7,5596,14,2805,2805,5610,12,12,anual_completo,"JAC Chile - Data y Análisis, Tráfico Aéreo: https://www.jac.gob.cl/data-y-analisis/","JAC Chile - Datos y Análisis, Bitácora de aeropuertos / Operaciones de Aeronaves: https://www.jac.gob.cl/data-y-analisis/"
Chile,CPO,SCAT,Aeropuerto Desierto de Atacama,2025,326120,321446,0,0,647566,0,326120,321446,647566,2323,2323,10,10,4646,20,2333,2333,4666,12,12,anual_completo,"JAC Chile - Data y Análisis, Tráfico Aéreo: https://www.jac.gob.cl/data-y-analisis/","JAC Chile - Datos y Análisis, Bitácora de aeropuertos / Operaciones de Aeronaves: https://www.jac.gob.cl/data-y-analisis/"
Chile,CPO,SCAT,Aeropuerto Desierto de Atacama,2026,196818,195022,0,0,391840,0,196818,195022,391840,1514,1509,4,9,3023,13,1518,1518,3036,7,7,parcial,"JAC Chile - Data y Análisis, Tráfico Aéreo: https://www.jac.gob.cl/data-y-analisis/","JAC Chile - Datos y Análisis, Bitácora de aeropuertos / Operaciones de Aeronaves: https://www.jac.gob.cl/data-y-analisis/"
Chile,ESR,SCES,Aeropuerto Ricardo García Posada,2017,,,,,,,,,,355,351,0,0,706,0,355,351,706,0,12,parcial,"JAC Chile - Datos y Análisis, Tráfico Aéreo: https://www.jac.gob.cl/data-y-analisis/","JAC Chile - Datos y Análisis, Bitácora de aeropuertos / Operaciones de Aeronaves: https://www.jac.gob.cl/data-y-analisis/"
Chile,ESR,SCES,Aeropuerto Ricardo García Posada,2018,,,,,,,,,,201,229,0,0,430,0,201,229,430,0,12,parcial,"JAC Chile - Datos y Análisis, Tráfico Aéreo: https://www.jac.gob.cl/data-y-analisis/","JAC Chile - Datos y Análisis, Bitácora de aeropuertos / Operaciones de Aeronaves: https://www.jac.gob.cl/data-y-analisis/"
Chile,ESR,SCES,Aeropuerto Ricardo García Posada,2019,,,,,,,,,,201,230,0,0,431,0,201,230,431,0,12,parcial,"JAC Chile - Datos y Análisis, Tráfico Aéreo: https://www.jac.gob.cl/data-y-analisis/","JAC Chile - Datos y Análisis, Bitácora de aeropuertos / Operaciones de Aeronaves: https://www.jac.gob.cl/data-y-analisis/"
Chile,ESR,SCES,Aeropuerto Ricardo García Posada,2020,,,,,,,,,,81,84,0,0,165,0,81,84,165,0,12,parcial,"JAC Chile - Data y Análisis, Tráfico Aéreo: https://www.jac.gob.cl/data-y-analisis/","JAC Chile - Datos y Análisis, Bitácora de aeropuertos / Operaciones de Aeronaves: https://www.jac.gob.cl/data-y-analisis/"
Chile,ESR,SCES,Aeropuerto Ricardo García Posada,2021,,,,,,,,,,196,197,0,0,393,0,196,197,393,0,12,parcial,"JAC Chile - Data y Análisis, Tráfico Aéreo: https://www.jac.gob.cl/data-y-analisis/","JAC Chile - Datos y Análisis, Bitácora de aeropuertos / Operaciones de Aeronaves: https://www.jac.gob.cl/data-y-analisis/"
Chile,ESR,SCES,Aeropuerto Ricardo García Posada,2022,21154,19233,0,0,40387,0,21154,19233,40387,424,426,0,0,850,0,424,426,850,12,12,anual_completo,"JAC Chile - Data y Análisis, Tráfico Aéreo: https://www.jac.gob.cl/data-y-analisis/","JAC Chile - Datos y Análisis, Bitácora de aeropuertos / Operaciones de Aeronaves: https://www.jac.gob.cl/data-y-analisis/"
Chile,ESR,SCES,Aeropuerto Ricardo García Posada,2023,31160,29571,0,0,60731,0,31160,29571,60731,624,626,0,0,1250,0,624,626,1250,12,12,anual_completo,"JAC Chile - Data y Análisis, Tráfico Aéreo: https://www.jac.gob.cl/data-y-analisis/","JAC Chile - Datos y Análisis, Bitácora de aeropuertos / Operaciones de Aeronaves: https://www.jac.gob.cl/data-y-analisis/"
Chile,ESR,SCES,Aeropuerto Ricardo García Posada,2024,21542,19576,0,0,41118,0,21542,19576,41118,438,444,0,0,882,0,438,444,882,12,12,anual_completo,"JAC Chile - Data y Análisis, Tráfico Aéreo: https://www.jac.gob.cl/data-y-analisis/","JAC Chile - Datos y Análisis, Bitácora de aeropuertos / Operaciones de Aeronaves: https://www.jac.gob.cl/data-y-analisis/"
Chile,ESR,SCES,Aeropuerto Ricardo García Posada,2025,18803,18261,0,0,37064,0,18803,18261,37064,379,401,0,0,780,0,379,401,780,12,12,anual_completo,"JAC Chile - Data y Análisis, Tráfico Aéreo: https://www.jac.gob.cl/data-y-analisis/","JAC Chile - Datos y Análisis, Bitácora de aeropuertos / Operaciones de Aeronaves: https://www.jac.gob.cl/data-y-analisis/"
Chile,ESR,SCES,Aeropuerto Ricardo García Posada,2026,6643,6732,0,0,13375,0,6643,6732,13375,141,146,0,0,287,0,141,146,287,7,7,parcial,"JAC Chile - Data y Análisis, Tráfico Aéreo: https://www.jac.gob.cl/data-y-analisis/","JAC Chile - Datos y Análisis, Bitácora de aeropuertos / Operaciones de Aeronaves: https://www.jac.gob.cl/data-y-analisis/"
Chile,IPC,SCIP,Aeropuerto Internacional Mataveri,2017,,,,,,,,,,496,492,83,88,988,171,579,580,1159,0,12,parcial,"JAC Chile - Datos y Análisis, Tráfico Aéreo: https://www.jac.gob.cl/data-y-analisis/","JAC Chile - Datos y Análisis, Bitácora de aeropuertos / Operaciones de Aeronaves: https://www.jac.gob.cl/data-y-analisis/"
Chile,IPC,SCIP,Aeropuerto Internacional Mataveri,2018,,,,,,,,,,557,549,80,88,1106,168,637,637,1274,0,12,parcial,"JAC Chile - Datos y Análisis, Tráfico Aéreo: https://www.jac.gob.cl/data-y-analisis/","JAC Chile - Datos y Análisis, Bitácora de aeropuertos / Operaciones de Aeronaves: https://www.jac.gob.cl/data-y-analisis/"
Chile,IPC,SCIP,Aeropuerto Internacional Mataveri,2019,,,,,,,,,,637,638,83,82,1275,165,720,720,1440,0,12,parcial,"JAC Chile - Datos y Análisis, Tráfico Aéreo: https://www.jac.gob.cl/data-y-analisis/","JAC Chile - Datos y Análisis, Bitácora de aeropuertos / Operaciones de Aeronaves: https://www.jac.gob.cl/data-y-analisis/"
Chile,IPC,SCIP,Aeropuerto Internacional Mataveri,2020,,,,,,,,,,240,241,25,25,481,50,265,266,531,0,12,parcial,"JAC Chile - Data y Análisis, Tráfico Aéreo: https://www.jac.gob.cl/data-y-analisis/","JAC Chile - Datos y Análisis, Bitácora de aeropuertos / Operaciones de Aeronaves: https://www.jac.gob.cl/data-y-analisis/"
Chile,IPC,SCIP,Aeropuerto Internacional Mataveri,2021,,,,,,,,,,128,129,3,2,257,5,131,131,262,0,12,parcial,"JAC Chile - Data y Análisis, Tráfico Aéreo: https://www.jac.gob.cl/data-y-analisis/","JAC Chile - Datos y Análisis, Bitácora de aeropuertos / Operaciones de Aeronaves: https://www.jac.gob.cl/data-y-analisis/"
Chile,IPC,SCIP,Aeropuerto Internacional Mataveri,2022,16731,16586,0,0,33317,0,16731,16586,33317,124,123,18,19,247,37,142,142,284,12,12,anual_completo,"JAC Chile - Data y Análisis, Tráfico Aéreo: https://www.jac.gob.cl/data-y-analisis/","JAC Chile - Datos y Análisis, Bitácora de aeropuertos / Operaciones de Aeronaves: https://www.jac.gob.cl/data-y-analisis/"
Chile,IPC,SCIP,Aeropuerto Internacional Mataveri,2023,71946,70635,0,0,142581,0,71946,70635,142581,322,320,35,37,642,72,357,357,714,12,12,anual_completo,"JAC Chile - Data y Análisis, Tráfico Aéreo: https://www.jac.gob.cl/data-y-analisis/","JAC Chile - Datos y Análisis, Bitácora de aeropuertos / Operaciones de Aeronaves: https://www.jac.gob.cl/data-y-analisis/"
Chile,IPC,SCIP,Aeropuerto Internacional Mataveri,2024,116791,115909,0,0,232700,0,116791,115909,232700,508,507,40,40,1015,80,548,547,1095,12,12,anual_completo,"JAC Chile - Data y Análisis, Tráfico Aéreo: https://www.jac.gob.cl/data-y-analisis/","JAC Chile - Datos y Análisis, Bitácora de aeropuertos / Operaciones de Aeronaves: https://www.jac.gob.cl/data-y-analisis/"
Chile,IPC,SCIP,Aeropuerto Internacional Mataveri,2025,148697,148080,0,0,296777,0,148697,148080,296777,622,618,40,44,1240,84,662,662,1324,12,12,anual_completo,"JAC Chile - Data y Análisis, Tráfico Aéreo: https://www.jac.gob.cl/data-y-analisis/","JAC Chile - Datos y Análisis, Bitácora de aeropuertos / Operaciones de Aeronaves: https://www.jac.gob.cl/data-y-analisis/"
Chile,IPC,SCIP,Aeropuerto Internacional Mataveri,2026,93684,93568,0,0,187252,0,93684,93568,187252,383,381,29,32,764,61,412,413,825,7,7,parcial,"JAC Chile - Data y Análisis, Tráfico Aéreo: https://www.jac.gob.cl/data-y-analisis/","JAC Chile - Datos y Análisis, Bitácora de aeropuertos / Operaciones de Aeronaves: https://www.jac.gob.cl/data-y-analisis/"
Chile,IQQ,SCDA,Aeropuerto Internacional Diego Aracena,2017,,,,,,,,,,7237,7224,721,735,14461,1456,7958,7959,15917,0,12,parcial,"JAC Chile - Datos y Análisis, Tráfico Aéreo: https://www.jac.gob.cl/data-y-analisis/","JAC Chile - Datos y Análisis, Bitácora de aeropuertos / Operaciones de Aeronaves: https://www.jac.gob.cl/data-y-analisis/"
Chile,IQQ,SCDA,Aeropuerto Internacional Diego Aracena,2018,,,,,,,,,,7224,7223,652,653,14447,1305,7876,7876,15752,0,12,parcial,"JAC Chile - Datos y Análisis, Tráfico Aéreo: https://www.jac.gob.cl/data-y-analisis/","JAC Chile - Datos y Análisis, Bitácora de aeropuertos / Operaciones de Aeronaves: https://www.jac.gob.cl/data-y-analisis/"
Chile,IQQ,SCDA,Aeropuerto Internacional Diego Aracena,2019,,,,,,,,,,7541,7550,451,446,15091,897,7992,7996,15988,0,12,parcial,"JAC Chile - Datos y Análisis, Tráfico Aéreo: https://www.jac.gob.cl/data-y-analisis/","JAC Chile - Datos y Análisis, Bitácora de aeropuertos / Operaciones de Aeronaves: https://www.jac.gob.cl/data-y-analisis/"
Chile,IQQ,SCDA,Aeropuerto Internacional Diego Aracena,2020,,,,,,,,,,5066,5074,157,149,10140,306,5223,5223,10446,0,12,parcial,"JAC Chile - Data y Análisis, Tráfico Aéreo: https://www.jac.gob.cl/data-y-analisis/","JAC Chile - Datos y Análisis, Bitácora de aeropuertos / Operaciones de Aeronaves: https://www.jac.gob.cl/data-y-analisis/"
Chile,IQQ,SCDA,Aeropuerto Internacional Diego Aracena,2021,,,,,,,,,,7930,7930,102,101,15860,203,8032,8031,16063,0,12,parcial,"JAC Chile - Data y Análisis, Tráfico Aéreo: https://www.jac.gob.cl/data-y-analisis/","JAC Chile - Datos y Análisis, Bitácora de aeropuertos / Operaciones de Aeronaves: https://www.jac.gob.cl/data-y-analisis/"
Chile,IQQ,SCDA,Aeropuerto Internacional Diego Aracena,2022,863452,868374,7965,7457,1731826,15422,871417,875831,1747248,7885,7908,173,152,15793,325,8058,8060,16118,12,12,anual_completo,"JAC Chile - Data y Análisis, Tráfico Aéreo: https://www.jac.gob.cl/data-y-analisis/","JAC Chile - Datos y Análisis, Bitácora de aeropuertos / Operaciones de Aeronaves: https://www.jac.gob.cl/data-y-analisis/"
Chile,IQQ,SCDA,Aeropuerto Internacional Diego Aracena,2023,897434,897995,5477,5522,1795429,10999,902911,903517,1806428,8327,8332,103,98,16659,201,8430,8430,16860,12,12,anual_completo,"JAC Chile - Data y Análisis, Tráfico Aéreo: https://www.jac.gob.cl/data-y-analisis/","JAC Chile - Datos y Análisis, Bitácora de aeropuertos / Operaciones de Aeronaves: https://www.jac.gob.cl/data-y-analisis/"
Chile,IQQ,SCDA,Aeropuerto Internacional Diego Aracena,2024,845588,844703,217,378,1690291,595,845805,845081,1690886,6896,6887,31,37,13783,68,6927,6924,13851,12,12,anual_completo,"JAC Chile - Data y Análisis, Tráfico Aéreo: https://www.jac.gob.cl/data-y-analisis/","JAC Chile - Datos y Análisis, Bitácora de aeropuertos / Operaciones de Aeronaves: https://www.jac.gob.cl/data-y-analisis/"
Chile,IQQ,SCDA,Aeropuerto Internacional Diego Aracena,2025,817203,812691,1570,1926,1629894,3496,818773,814617,1633390,6558,6559,77,76,13117,153,6635,6635,13270,12,12,anual_completo,"JAC Chile - Data y Análisis, Tráfico Aéreo: https://www.jac.gob.cl/data-y-analisis/","JAC Chile - Datos y Análisis, Bitácora de aeropuertos / Operaciones de Aeronaves: https://www.jac.gob.cl/data-y-analisis/"
Chile,IQQ,SCDA,Aeropuerto Internacional Diego Aracena,2026,457312,450759,4231,4173,908071,8404,461543,454932,916475,4414,4418,92,89,8832,181,4506,4507,9013,7,7,parcial,"JAC Chile - Data y Análisis, Tráfico Aéreo: https://www.jac.gob.cl/data-y-analisis/","JAC Chile - Datos y Análisis, Bitácora de aeropuertos / Operaciones de Aeronaves: https://www.jac.gob.cl/data-y-analisis/"
Chile,LSC,SCSE,Aeropuerto La Florida,2017,,,,,,,,,,6955,6983,13,15,13938,28,6968,6998,13966,0,12,parcial,"JAC Chile - Datos y Análisis, Tráfico Aéreo: https://www.jac.gob.cl/data-y-analisis/","JAC Chile - Datos y Análisis, Bitácora de aeropuertos / Operaciones de Aeronaves: https://www.jac.gob.cl/data-y-analisis/"
Chile,LSC,SCSE,Aeropuerto La Florida,2018,,,,,,,,,,7646,7661,19,16,15307,35,7665,7677,15342,0,12,parcial,"JAC Chile - Datos y Análisis, Tráfico Aéreo: https://www.jac.gob.cl/data-y-analisis/","JAC Chile - Datos y Análisis, Bitácora de aeropuertos / Operaciones de Aeronaves: https://www.jac.gob.cl/data-y-analisis/"
Chile,LSC,SCSE,Aeropuerto La Florida,2019,,,,,,,,,,6840,6854,44,45,13694,89,6884,6899,13783,0,12,parcial,"JAC Chile - Datos y Análisis, Tráfico Aéreo: https://www.jac.gob.cl/data-y-analisis/","JAC Chile - Datos y Análisis, Bitácora de aeropuertos / Operaciones de Aeronaves: https://www.jac.gob.cl/data-y-analisis/"
Chile,LSC,SCSE,Aeropuerto La Florida,2020,,,,,,,,,,5028,5025,8,13,10053,21,5036,5038,10074,0,12,parcial,"JAC Chile - Data y Análisis, Tráfico Aéreo: https://www.jac.gob.cl/data-y-analisis/","JAC Chile - Datos y Análisis, Bitácora de aeropuertos / Operaciones de Aeronaves: https://www.jac.gob.cl/data-y-analisis/"
Chile,LSC,SCSE,Aeropuerto La Florida,2021,,,,,,,,,,7211,7203,0,0,14414,0,7211,7203,14414,0,12,parcial,"JAC Chile - Data y Análisis, Tráfico Aéreo: https://www.jac.gob.cl/data-y-analisis/","JAC Chile - Datos y Análisis, Bitácora de aeropuertos / Operaciones de Aeronaves: https://www.jac.gob.cl/data-y-analisis/"
Chile,LSC,SCSE,Aeropuerto La Florida,2022,670304,678699,0,0,1349003,0,670304,678699,1349003,7716,7717,1,0,15433,1,7717,7717,15434,12,12,anual_completo,"JAC Chile - Data y Análisis, Tráfico Aéreo: https://www.jac.gob.cl/data-y-analisis/","JAC Chile - Datos y Análisis, Bitácora de aeropuertos / Operaciones de Aeronaves: https://www.jac.gob.cl/data-y-analisis/"
Chile,LSC,SCSE,Aeropuerto La Florida,2023,756962,768965,0,0,1525927,0,756962,768965,1525927,9009,9002,12,9,18011,21,9021,9011,18032,12,12,anual_completo,"JAC Chile - Data y Análisis, Tráfico Aéreo: https://www.jac.gob.cl/data-y-analisis/","JAC Chile - Datos y Análisis, Bitácora de aeropuertos / Operaciones de Aeronaves: https://www.jac.gob.cl/data-y-analisis/"
Chile,LSC,SCSE,Aeropuerto La Florida,2024,882880,896318,325,330,1779198,655,883205,896648,1779853,9348,9344,9,11,18692,20,9357,9355,18712,12,12,anual_completo,"JAC Chile - Data y Análisis, Tráfico Aéreo: https://www.jac.gob.cl/data-y-analisis/","JAC Chile - Datos y Análisis, Bitácora de aeropuertos / Operaciones de Aeronaves: https://www.jac.gob.cl/data-y-analisis/"
Chile,LSC,SCSE,Aeropuerto La Florida,2025,831424,840560,633,560,1671984,1193,832057,841120,1673177,7807,7807,10,11,15614,21,7817,7818,15635,12,12,anual_completo,"JAC Chile - Data y Análisis, Tráfico Aéreo: https://www.jac.gob.cl/data-y-analisis/","JAC Chile - Datos y Análisis, Bitácora de aeropuertos / Operaciones de Aeronaves: https://www.jac.gob.cl/data-y-analisis/"
Chile,LSC,SCSE,Aeropuerto La Florida,2026,451874,461988,0,61,913862,61,451874,462049,913923,4581,4586,5,6,9167,11,4586,4592,9178,7,7,parcial,"JAC Chile - Data y Análisis, Tráfico Aéreo: https://www.jac.gob.cl/data-y-analisis/","JAC Chile - Datos y Análisis, Bitácora de aeropuertos / Operaciones de Aeronaves: https://www.jac.gob.cl/data-y-analisis/"
Chile,MHC,SCPQ,Aeropuerto Mocopulli,2017,,,,,,,,,,473,473,1,0,946,1,474,473,947,0,12,parcial,"JAC Chile - Datos y Análisis, Tráfico Aéreo: https://www.jac.gob.cl/data-y-analisis/","JAC Chile - Datos y Análisis, Bitácora de aeropuertos / Operaciones de Aeronaves: https://www.jac.gob.cl/data-y-analisis/"
Chile,MHC,SCPQ,Aeropuerto Mocopulli,2018,,,,,,,,,,469,459,1,1,928,2,470,460,930,0,12,parcial,"JAC Chile - Datos y Análisis, Tráfico Aéreo: https://www.jac.gob.cl/data-y-analisis/","JAC Chile - Datos y Análisis, Bitácora de aeropuertos / Operaciones de Aeronaves: https://www.jac.gob.cl/data-y-analisis/"
Chile,MHC,SCPQ,Aeropuerto Mocopulli,2019,,,,,,,,,,395,390,0,0,785,0,395,390,785,0,12,parcial,"JAC Chile - Datos y Análisis, Tráfico Aéreo: https://www.jac.gob.cl/data-y-analisis/","JAC Chile - Datos y Análisis, Bitácora de aeropuertos / Operaciones de Aeronaves: https://www.jac.gob.cl/data-y-analisis/"
Chile,MHC,SCPQ,Aeropuerto Mocopulli,2020,,,,,,,,,,148,147,0,0,295,0,148,147,295,0,12,parcial,"JAC Chile - Data y Análisis, Tráfico Aéreo: https://www.jac.gob.cl/data-y-analisis/","JAC Chile - Datos y Análisis, Bitácora de aeropuertos / Operaciones de Aeronaves: https://www.jac.gob.cl/data-y-analisis/"
Chile,MHC,SCPQ,Aeropuerto Mocopulli,2021,,,,,,,,,,700,691,0,0,1391,0,700,691,1391,0,12,parcial,"JAC Chile - Data y Análisis, Tráfico Aéreo: https://www.jac.gob.cl/data-y-analisis/","JAC Chile - Datos y Análisis, Bitácora de aeropuertos / Operaciones de Aeronaves: https://www.jac.gob.cl/data-y-analisis/"
Chile,MHC,SCPQ,Aeropuerto Mocopulli,2022,72008,75691,0,0,147699,0,72008,75691,147699,785,779,0,0,1564,0,785,779,1564,12,12,anual_completo,"JAC Chile - Data y Análisis, Tráfico Aéreo: https://www.jac.gob.cl/data-y-analisis/","JAC Chile - Datos y Análisis, Bitácora de aeropuertos / Operaciones de Aeronaves: https://www.jac.gob.cl/data-y-analisis/"
Chile,MHC,SCPQ,Aeropuerto Mocopulli,2023,74482,77292,0,0,151774,0,74482,77292,151774,701,704,0,0,1405,0,701,704,1405,12,12,anual_completo,"JAC Chile - Data y Análisis, Tráfico Aéreo: https://www.jac.gob.cl/data-y-analisis/","JAC Chile - Datos y Análisis, Bitácora de aeropuertos / Operaciones de Aeronaves: https://www.jac.gob.cl/data-y-analisis/"
Chile,MHC,SCPQ,Aeropuerto Mocopulli,2024,101885,103442,0,0,205327,0,101885,103442,205327,943,942,0,0,1885,0,943,942,1885,12,12,anual_completo,"JAC Chile - Data y Análisis, Tráfico Aéreo: https://www.jac.gob.cl/data-y-analisis/","JAC Chile - Datos y Análisis, Bitácora de aeropuertos / Operaciones de Aeronaves: https://www.jac.gob.cl/data-y-analisis/"
Chile,MHC,SCPQ,Aeropuerto Mocopulli,2025,89370,92806,0,0,182176,0,89370,92806,182176,798,798,0,1,1596,1,798,799,1597,12,12,anual_completo,"JAC Chile - Data y Análisis, Tráfico Aéreo: https://www.jac.gob.cl/data-y-analisis/","JAC Chile - Datos y Análisis, Bitácora de aeropuertos / Operaciones de Aeronaves: https://www.jac.gob.cl/data-y-analisis/"
Chile,MHC,SCPQ,Aeropuerto Mocopulli,2026,38857,40075,0,0,78932,0,38857,40075,78932,328,330,0,0,658,0,328,330,658,7,7,parcial,"JAC Chile - Data y Análisis, Tráfico Aéreo: https://www.jac.gob.cl/data-y-analisis/","JAC Chile - Datos y Análisis, Bitácora de aeropuertos / Operaciones de Aeronaves: https://www.jac.gob.cl/data-y-analisis/"
Chile,PMC,SCTE,Aeropuerto Internacional El Tepual,2017,,,,,,,,,,8180,8220,63,47,16400,110,8243,8267,16510,0,12,parcial,"JAC Chile - Datos y Análisis, Tráfico Aéreo: https://www.jac.gob.cl/data-y-analisis/","JAC Chile - Datos y Análisis, Bitácora de aeropuertos / Operaciones de Aeronaves: https://www.jac.gob.cl/data-y-analisis/"
Chile,PMC,SCTE,Aeropuerto Internacional El Tepual,2018,,,,,,,,,,7676,7670,41,48,15346,89,7717,7718,15435,0,12,parcial,"JAC Chile - Datos y Análisis, Tráfico Aéreo: https://www.jac.gob.cl/data-y-analisis/","JAC Chile - Datos y Análisis, Bitácora de aeropuertos / Operaciones de Aeronaves: https://www.jac.gob.cl/data-y-analisis/"
Chile,PMC,SCTE,Aeropuerto Internacional El Tepual,2019,,,,,,,,,,8050,8063,42,36,16113,78,8092,8099,16191,0,12,parcial,"JAC Chile - Datos y Análisis, Tráfico Aéreo: https://www.jac.gob.cl/data-y-analisis/","JAC Chile - Datos y Análisis, Bitácora de aeropuertos / Operaciones de Aeronaves: https://www.jac.gob.cl/data-y-analisis/"
Chile,PMC,SCTE,Aeropuerto Internacional El Tepual,2020,,,,,,,,,,4412,4422,40,33,8834,73,4452,4455,8907,0,12,parcial,"JAC Chile - Data y Análisis, Tráfico Aéreo: https://www.jac.gob.cl/data-y-analisis/","JAC Chile - Datos y Análisis, Bitácora de aeropuertos / Operaciones de Aeronaves: https://www.jac.gob.cl/data-y-analisis/"
Chile,PMC,SCTE,Aeropuerto Internacional El Tepual,2021,,,,,,,,,,6576,6592,5,3,13168,8,6581,6595,13176,0,12,parcial,"JAC Chile - Data y Análisis, Tráfico Aéreo: https://www.jac.gob.cl/data-y-analisis/","JAC Chile - Datos y Análisis, Bitácora de aeropuertos / Operaciones de Aeronaves: https://www.jac.gob.cl/data-y-analisis/"
Chile,PMC,SCTE,Aeropuerto Internacional El Tepual,2022,852849,850279,0,0,1703128,0,852849,850279,1703128,7770,7768,10,14,15538,24,7780,7782,15562,12,12,anual_completo,"JAC Chile - Data y Análisis, Tráfico Aéreo: https://www.jac.gob.cl/data-y-analisis/","JAC Chile - Datos y Análisis, Bitácora de aeropuertos / Operaciones de Aeronaves: https://www.jac.gob.cl/data-y-analisis/"
Chile,PMC,SCTE,Aeropuerto Internacional El Tepual,2023,933756,932052,0,0,1865808,0,933756,932052,1865808,8477,8464,33,54,16941,87,8510,8518,17028,12,12,anual_completo,"JAC Chile - Data y Análisis, Tráfico Aéreo: https://www.jac.gob.cl/data-y-analisis/","JAC Chile - Datos y Análisis, Bitácora de aeropuertos / Operaciones de Aeronaves: https://www.jac.gob.cl/data-y-analisis/"
Chile,PMC,SCTE,Aeropuerto Internacional El Tepual,2024,1001732,999528,0,0,2001260,0,1001732,999528,2001260,9290,9290,38,37,18580,75,9328,9327,18655,12,12,anual_completo,"JAC Chile - Data y Análisis, Tráfico Aéreo: https://www.jac.gob.cl/data-y-analisis/","JAC Chile - Datos y Análisis, Bitácora de aeropuertos / Operaciones de Aeronaves: https://www.jac.gob.cl/data-y-analisis/"
Chile,PMC,SCTE,Aeropuerto Internacional El Tepual,2025,990580,989128,0,235,1979708,235,990580,989363,1979943,9064,9050,42,57,18114,99,9106,9107,18213,12,12,anual_completo,"JAC Chile - Data y Análisis, Tráfico Aéreo: https://www.jac.gob.cl/data-y-analisis/","JAC Chile - Datos y Análisis, Bitácora de aeropuertos / Operaciones de Aeronaves: https://www.jac.gob.cl/data-y-analisis/"
Chile,PMC,SCTE,Aeropuerto Internacional El Tepual,2026,567830,567898,0,0,1135728,0,567830,567898,1135728,5127,5124,26,32,10251,58,5153,5156,10309,7,7,parcial,"JAC Chile - Data y Análisis, Tráfico Aéreo: https://www.jac.gob.cl/data-y-analisis/","JAC Chile - Datos y Análisis, Bitácora de aeropuertos / Operaciones de Aeronaves: https://www.jac.gob.cl/data-y-analisis/"
Chile,PNT,SCNT,Aeropuerto Lieutenant Julio Gallardo,2017,,,,,,,,,,248,247,22,23,495,45,270,270,540,0,12,parcial,"JAC Chile - Datos y Análisis, Tráfico Aéreo: https://www.jac.gob.cl/data-y-analisis/","JAC Chile - Datos y Análisis, Bitácora de aeropuertos / Operaciones de Aeronaves: https://www.jac.gob.cl/data-y-analisis/"
Chile,PNT,SCNT,Aeropuerto Lieutenant Julio Gallardo,2018,,,,,,,,,,291,300,31,22,591,53,322,322,644,0,12,parcial,"JAC Chile - Datos y Análisis, Tráfico Aéreo: https://www.jac.gob.cl/data-y-analisis/","JAC Chile - Datos y Análisis, Bitácora de aeropuertos / Operaciones de Aeronaves: https://www.jac.gob.cl/data-y-analisis/"
Chile,PNT,SCNT,Aeropuerto Lieutenant Julio Gallardo,2019,,,,,,,,,,290,288,23,24,578,47,313,312,625,0,12,parcial,"JAC Chile - Datos y Análisis, Tráfico Aéreo: https://www.jac.gob.cl/data-y-analisis/","JAC Chile - Datos y Análisis, Bitácora de aeropuertos / Operaciones de Aeronaves: https://www.jac.gob.cl/data-y-analisis/"
Chile,PNT,SCNT,Aeropuerto Lieutenant Julio Gallardo,2020,,,,,,,,,,329,326,9,14,655,23,338,340,678,0,12,parcial,"JAC Chile - Data y Análisis, Tráfico Aéreo: https://www.jac.gob.cl/data-y-analisis/","JAC Chile - Datos y Análisis, Bitácora de aeropuertos / Operaciones de Aeronaves: https://www.jac.gob.cl/data-y-analisis/"
Chile,PNT,SCNT,Aeropuerto Lieutenant Julio Gallardo,2021,,,,,,,,,,413,407,0,6,820,6,413,413,826,0,12,parcial,"JAC Chile - Data y Análisis, Tráfico Aéreo: https://www.jac.gob.cl/data-y-analisis/","JAC Chile - Datos y Análisis, Bitácora de aeropuertos / Operaciones de Aeronaves: https://www.jac.gob.cl/data-y-analisis/"
Chile,PNT,SCNT,Aeropuerto Lieutenant Julio Gallardo,2022,62384,60807,0,0,123191,0,62384,60807,123191,687,687,3,2,1374,5,690,689,1379,12,12,anual_completo,"JAC Chile - Data y Análisis, Tráfico Aéreo: https://www.jac.gob.cl/data-y-analisis/","JAC Chile - Datos y Análisis, Bitácora de aeropuertos / Operaciones de Aeronaves: https://www.jac.gob.cl/data-y-analisis/"
Chile,PNT,SCNT,Aeropuerto Lieutenant Julio Gallardo,2023,95707,92268,0,2,187975,2,95707,92270,187977,886,866,33,53,1752,86,919,919,1838,12,12,anual_completo,"JAC Chile - Data y Análisis, Tráfico Aéreo: https://www.jac.gob.cl/data-y-analisis/","JAC Chile - Datos y Análisis, Bitácora de aeropuertos / Operaciones de Aeronaves: https://www.jac.gob.cl/data-y-analisis/"
Chile,PNT,SCNT,Aeropuerto Lieutenant Julio Gallardo,2024,125186,122723,28,0,247909,28,125214,122723,247937,1017,1013,28,30,2030,58,1045,1043,2088,12,12,anual_completo,"JAC Chile - Data y Análisis, Tráfico Aéreo: https://www.jac.gob.cl/data-y-analisis/","JAC Chile - Datos y Análisis, Bitácora de aeropuertos / Operaciones de Aeronaves: https://www.jac.gob.cl/data-y-analisis/"
Chile,PNT,SCNT,Aeropuerto Lieutenant Julio Gallardo,2025,156596,154797,0,149,311393,149,156596,154946,311542,1224,1221,39,42,2445,81,1263,1263,2526,12,12,anual_completo,"JAC Chile - Data y Análisis, Tráfico Aéreo: https://www.jac.gob.cl/data-y-analisis/","JAC Chile - Datos y Análisis, Bitácora de aeropuertos / Operaciones de Aeronaves: https://www.jac.gob.cl/data-y-analisis/"
Chile,PNT,SCNT,Aeropuerto Lieutenant Julio Gallardo,2026,98345,100575,0,74,198920,74,98345,100649,198994,875,860,16,27,1735,43,891,887,1778,7,7,parcial,"JAC Chile - Data y Análisis, Tráfico Aéreo: https://www.jac.gob.cl/data-y-analisis/","JAC Chile - Datos y Análisis, Bitácora de aeropuertos / Operaciones de Aeronaves: https://www.jac.gob.cl/data-y-analisis/"
Chile,PUQ,SCCI,Aeropuerto Internacional President Carlos Ibáñez,2017,,,,,,,,,,5877,5870,195,205,11747,400,6072,6075,12147,0,12,parcial,"JAC Chile - Datos y Análisis, Tráfico Aéreo: https://www.jac.gob.cl/data-y-analisis/","JAC Chile - Datos y Análisis, Bitácora de aeropuertos / Operaciones de Aeronaves: https://www.jac.gob.cl/data-y-analisis/"
Chile,PUQ,SCCI,Aeropuerto Internacional President Carlos Ibáñez,2018,,,,,,,,,,6814,6832,242,223,13646,465,7056,7055,14111,0,12,parcial,"JAC Chile - Datos y Análisis, Tráfico Aéreo: https://www.jac.gob.cl/data-y-analisis/","JAC Chile - Datos y Análisis, Bitácora de aeropuertos / Operaciones de Aeronaves: https://www.jac.gob.cl/data-y-analisis/"
Chile,PUQ,SCCI,Aeropuerto Internacional President Carlos Ibáñez,2019,,,,,,,,,,6665,6666,196,197,13331,393,6861,6863,13724,0,12,parcial,"JAC Chile - Datos y Análisis, Tráfico Aéreo: https://www.jac.gob.cl/data-y-analisis/","JAC Chile - Datos y Análisis, Bitácora de aeropuertos / Operaciones de Aeronaves: https://www.jac.gob.cl/data-y-analisis/"
Chile,PUQ,SCCI,Aeropuerto Internacional President Carlos Ibáñez,2020,,,,,,,,,,3179,3188,79,75,6367,154,3258,3263,6521,0,12,parcial,"JAC Chile - Data y Análisis, Tráfico Aéreo: https://www.jac.gob.cl/data-y-analisis/","JAC Chile - Datos y Análisis, Bitácora de aeropuertos / Operaciones de Aeronaves: https://www.jac.gob.cl/data-y-analisis/"
Chile,PUQ,SCCI,Aeropuerto Internacional President Carlos Ibáñez,2021,,,,,,,,,,3982,3960,42,69,7942,111,4024,4029,8053,0,12,parcial,"JAC Chile - Data y Análisis, Tráfico Aéreo: https://www.jac.gob.cl/data-y-analisis/","JAC Chile - Datos y Análisis, Bitácora de aeropuertos / Operaciones de Aeronaves: https://www.jac.gob.cl/data-y-analisis/"
Chile,PUQ,SCCI,Aeropuerto Internacional President Carlos Ibáñez,2022,484816,478466,920,1134,963282,2054,485736,479600,965336,5105,5109,152,149,10214,301,5257,5258,10515,12,12,anual_completo,"JAC Chile - Data y Análisis, Tráfico Aéreo: https://www.jac.gob.cl/data-y-analisis/","JAC Chile - Datos y Análisis, Bitácora de aeropuertos / Operaciones de Aeronaves: https://www.jac.gob.cl/data-y-analisis/"
Chile,PUQ,SCCI,Aeropuerto Internacional President Carlos Ibáñez,2023,485174,484402,2007,2262,969576,4269,487181,486664,973845,5110,5117,183,175,10227,358,5293,5292,10585,12,12,anual_completo,"JAC Chile - Data y Análisis, Tráfico Aéreo: https://www.jac.gob.cl/data-y-analisis/","JAC Chile - Datos y Análisis, Bitácora de aeropuertos / Operaciones de Aeronaves: https://www.jac.gob.cl/data-y-analisis/"
Chile,PUQ,SCCI,Aeropuerto Internacional President Carlos Ibáñez,2024,481761,479087,1749,1793,960848,3542,483510,480880,964390,4967,4963,156,166,9930,322,5123,5129,10252,12,12,anual_completo,"JAC Chile - Data y Análisis, Tráfico Aéreo: https://www.jac.gob.cl/data-y-analisis/","JAC Chile - Datos y Análisis, Bitácora de aeropuertos / Operaciones de Aeronaves: https://www.jac.gob.cl/data-y-analisis/"
Chile,PUQ,SCCI,Aeropuerto Internacional President Carlos Ibáñez,2025,483062,476081,2016,2143,959143,4159,485078,478224,963302,5013,5018,159,157,10031,316,5172,5175,10347,12,12,anual_completo,"JAC Chile - Data y Análisis, Tráfico Aéreo: https://www.jac.gob.cl/data-y-analisis/","JAC Chile - Datos y Análisis, Bitácora de aeropuertos / Operaciones de Aeronaves: https://www.jac.gob.cl/data-y-analisis/"
Chile,PUQ,SCCI,Aeropuerto Internacional President Carlos Ibáñez,2026,273556,275868,1562,1557,549424,3119,275118,277425,552543,2937,2963,95,78,5900,173,3032,3041,6073,7,7,parcial,"JAC Chile - Data y Análisis, Tráfico Aéreo: https://www.jac.gob.cl/data-y-analisis/","JAC Chile - Datos y Análisis, Bitácora de aeropuertos / Operaciones de Aeronaves: https://www.jac.gob.cl/data-y-analisis/"
Chile,SCL,SCEL,Aeropuerto Internacional Comodoro Arturo Merino Benítez,2017,,,,,,,,,,42792,42792,35123,35122,85584,70245,77915,77914,155829,0,12,parcial,"JAC Chile - Datos y Análisis, Tráfico Aéreo: https://www.jac.gob.cl/data-y-analisis/","JAC Chile - Datos y Análisis, Bitácora de aeropuertos / Operaciones de Aeronaves: https://www.jac.gob.cl/data-y-analisis/"
Chile,SCL,SCEL,Aeropuerto Internacional Comodoro Arturo Merino Benítez,2018,,,,,,,,,,47067,46994,36531,36610,94061,73141,83598,83604,167202,0,12,parcial,"JAC Chile - Datos y Análisis, Tráfico Aéreo: https://www.jac.gob.cl/data-y-analisis/","JAC Chile - Datos y Análisis, Bitácora de aeropuertos / Operaciones de Aeronaves: https://www.jac.gob.cl/data-y-analisis/"
Chile,SCL,SCEL,Aeropuerto Internacional Comodoro Arturo Merino Benítez,2019,,,,,,,,,,51726,51596,35384,35482,103322,70866,87110,87078,174188,0,12,parcial,"JAC Chile - Datos y Análisis, Tráfico Aéreo: https://www.jac.gob.cl/data-y-analisis/","JAC Chile - Datos y Análisis, Bitácora de aeropuertos / Operaciones de Aeronaves: https://www.jac.gob.cl/data-y-analisis/"
Chile,SCL,SCEL,Aeropuerto Internacional Comodoro Arturo Merino Benítez,2020,,,,,,,,,,27630,27529,14443,14511,55159,28954,42073,42040,84113,0,12,parcial,"JAC Chile - Data y Análisis, Tráfico Aéreo: https://www.jac.gob.cl/data-y-analisis/","JAC Chile - Datos y Análisis, Bitácora de aeropuertos / Operaciones de Aeronaves: https://www.jac.gob.cl/data-y-analisis/"
Chile,SCL,SCEL,Aeropuerto Internacional Comodoro Arturo Merino Benítez,2021,,,,,,,,,,37500,37467,13372,13412,74967,26784,50872,50879,101751,0,12,parcial,"JAC Chile - Data y Análisis, Tráfico Aéreo: https://www.jac.gob.cl/data-y-analisis/","JAC Chile - Datos y Análisis, Bitácora de aeropuertos / Operaciones de Aeronaves: https://www.jac.gob.cl/data-y-analisis/"
Chile,SCL,SCEL,Aeropuerto Internacional Comodoro Arturo Merino Benítez,2022,5819798,5814326,3523182,3536599,11634124,7059781,9342980,9350925,18693905,43985,43792,25732,25936,87777,51668,69717,69728,139445,12,12,anual_completo,"JAC Chile - Data y Análisis, Tráfico Aéreo: https://www.jac.gob.cl/data-y-analisis/","JAC Chile - Datos y Análisis, Bitácora de aeropuertos / Operaciones de Aeronaves: https://www.jac.gob.cl/data-y-analisis/"
Chile,SCL,SCEL,Aeropuerto Internacional Comodoro Arturo Merino Benítez,2023,6685066,6661257,4852051,4952027,13346323,9804078,11537117,11613284,23150401,48222,48099,32389,32485,96321,64874,80611,80584,161195,12,12,anual_completo,"JAC Chile - Data y Análisis, Tráfico Aéreo: https://www.jac.gob.cl/data-y-analisis/","JAC Chile - Datos y Análisis, Bitácora de aeropuertos / Operaciones de Aeronaves: https://www.jac.gob.cl/data-y-analisis/"
Chile,SCL,SCEL,Aeropuerto Internacional Comodoro Arturo Merino Benítez,2024,7121103,7067209,5884784,5991467,14188312,11876251,13005887,13058676,26064563,50713,50599,38411,38512,101312,76923,89124,89111,178235,12,12,anual_completo,"JAC Chile - Data y Análisis, Tráfico Aéreo: https://www.jac.gob.cl/data-y-analisis/","JAC Chile - Datos y Análisis, Bitácora de aeropuertos / Operaciones de Aeronaves: https://www.jac.gob.cl/data-y-analisis/"
Chile,SCL,SCEL,Aeropuerto Internacional Comodoro Arturo Merino Benítez,2025,6945283,6903174,6142799,6221576,13848457,12364375,13088082,13124750,26212832,48256,48122,40122,40235,96378,80357,88378,88357,176735,12,12,anual_completo,"JAC Chile - Data y Análisis, Tráfico Aéreo: https://www.jac.gob.cl/data-y-analisis/","JAC Chile - Datos y Análisis, Bitácora de aeropuertos / Operaciones de Aeronaves: https://www.jac.gob.cl/data-y-analisis/"
Chile,SCL,SCEL,Aeropuerto Internacional Comodoro Arturo Merino Benítez,2026,4031508,3998776,3623752,3676355,8030284,7300107,7655260,7675131,15330391,28577,28448,23059,23188,57025,46247,51636,51636,103272,7,7,parcial,"JAC Chile - Data y Análisis, Tráfico Aéreo: https://www.jac.gob.cl/data-y-analisis/","JAC Chile - Datos y Análisis, Bitácora de aeropuertos / Operaciones de Aeronaves: https://www.jac.gob.cl/data-y-analisis/"
Chile,ZAL,SCVD,Aeropuerto Pichoy,2017,,,,,,,,,,1027,1022,0,0,2049,0,1027,1022,2049,0,12,parcial,"JAC Chile - Datos y Análisis, Tráfico Aéreo: https://www.jac.gob.cl/data-y-analisis/","JAC Chile - Datos y Análisis, Bitácora de aeropuertos / Operaciones de Aeronaves: https://www.jac.gob.cl/data-y-analisis/"
Chile,ZAL,SCVD,Aeropuerto Pichoy,2018,,,,,,,,,,1139,1136,1,0,2275,1,1140,1136,2276,0,12,parcial,"JAC Chile - Datos y Análisis, Tráfico Aéreo: https://www.jac.gob.cl/data-y-analisis/","JAC Chile - Datos y Análisis, Bitácora de aeropuertos / Operaciones de Aeronaves: https://www.jac.gob.cl/data-y-analisis/"
Chile,ZAL,SCVD,Aeropuerto Pichoy,2019,,,,,,,,,,1504,1492,0,0,2996,0,1504,1492,2996,0,12,parcial,"JAC Chile - Datos y Análisis, Tráfico Aéreo: https://www.jac.gob.cl/data-y-analisis/","JAC Chile - Datos y Análisis, Bitácora de aeropuertos / Operaciones de Aeronaves: https://www.jac.gob.cl/data-y-analisis/"
Chile,ZAL,SCVD,Aeropuerto Pichoy,2020,,,,,,,,,,705,707,0,0,1412,0,705,707,1412,0,12,parcial,"JAC Chile - Data y Análisis, Tráfico Aéreo: https://www.jac.gob.cl/data-y-analisis/","JAC Chile - Datos y Análisis, Bitácora de aeropuertos / Operaciones de Aeronaves: https://www.jac.gob.cl/data-y-analisis/"
Chile,ZAL,SCVD,Aeropuerto Pichoy,2021,,,,,,,,,,1074,1078,0,0,2152,0,1074,1078,2152,0,12,parcial,"JAC Chile - Data y Análisis, Tráfico Aéreo: https://www.jac.gob.cl/data-y-analisis/","JAC Chile - Datos y Análisis, Bitácora de aeropuertos / Operaciones de Aeronaves: https://www.jac.gob.cl/data-y-analisis/"
Chile,ZAL,SCVD,Aeropuerto Pichoy,2022,192812,193206,0,0,386018,0,192812,193206,386018,1664,1666,0,0,3330,0,1664,1666,3330,12,12,anual_completo,"JAC Chile - Data y Análisis, Tráfico Aéreo: https://www.jac.gob.cl/data-y-analisis/","JAC Chile - Datos y Análisis, Bitácora de aeropuertos / Operaciones de Aeronaves: https://www.jac.gob.cl/data-y-analisis/"
Chile,ZAL,SCVD,Aeropuerto Pichoy,2023,209144,209864,0,0,419008,0,209144,209864,419008,2212,2191,4,4,4403,8,2216,2195,4411,12,12,anual_completo,"JAC Chile - Data y Análisis, Tráfico Aéreo: https://www.jac.gob.cl/data-y-analisis/","JAC Chile - Datos y Análisis, Bitácora de aeropuertos / Operaciones de Aeronaves: https://www.jac.gob.cl/data-y-analisis/"
Chile,ZAL,SCVD,Aeropuerto Pichoy,2024,210165,210808,0,0,420973,0,210165,210808,420973,1904,1904,0,0,3808,0,1904,1904,3808,12,12,anual_completo,"JAC Chile - Data y Análisis, Tráfico Aéreo: https://www.jac.gob.cl/data-y-analisis/","JAC Chile - Datos y Análisis, Bitácora de aeropuertos / Operaciones de Aeronaves: https://www.jac.gob.cl/data-y-analisis/"
Chile,ZAL,SCVD,Aeropuerto Pichoy,2025,140447,141032,0,0,281479,0,140447,141032,281479,988,989,0,0,1977,0,988,989,1977,12,12,anual_completo,"JAC Chile - Data y Análisis, Tráfico Aéreo: https://www.jac.gob.cl/data-y-analisis/","JAC Chile - Datos y Análisis, Bitácora de aeropuertos / Operaciones de Aeronaves: https://www.jac.gob.cl/data-y-analisis/"
Chile,ZAL,SCVD,Aeropuerto Pichoy,2026,75817,75101,0,0,150918,0,75817,75101,150918,503,504,0,0,1007,0,503,504,1007,7,7,parcial,"JAC Chile - Data y Análisis, Tráfico Aéreo: https://www.jac.gob.cl/data-y-analisis/","JAC Chile - Datos y Análisis, Bitácora de aeropuertos / Operaciones de Aeronaves: https://www.jac.gob.cl/data-y-analisis/"
Chile,ZCO,SCQP,Aeropuerto Internacional La Araucanía,2017,,,,,,,,,,4172,4173,13,19,8345,32,4185,4192,8377,0,12,parcial,"JAC Chile - Datos y Análisis, Tráfico Aéreo: https://www.jac.gob.cl/data-y-analisis/","JAC Chile - Datos y Análisis, Bitácora de aeropuertos / Operaciones de Aeronaves: https://www.jac.gob.cl/data-y-analisis/"
Chile,ZCO,SCQP,Aeropuerto Internacional La Araucanía,2018,,,,,,,,,,4590,4602,18,19,9192,37,4608,4621,9229,0,12,parcial,"JAC Chile - Datos y Análisis, Tráfico Aéreo: https://www.jac.gob.cl/data-y-analisis/","JAC Chile - Datos y Análisis, Bitácora de aeropuertos / Operaciones de Aeronaves: https://www.jac.gob.cl/data-y-analisis/"
Chile,ZCO,SCQP,Aeropuerto Internacional La Araucanía,2019,,,,,,,,,,4841,4855,14,10,9696,24,4855,4865,9720,0,12,parcial,"JAC Chile - Datos y Análisis, Tráfico Aéreo: https://www.jac.gob.cl/data-y-analisis/","JAC Chile - Datos y Análisis, Bitácora de aeropuertos / Operaciones de Aeronaves: https://www.jac.gob.cl/data-y-analisis/"
Chile,ZCO,SCQP,Aeropuerto Internacional La Araucanía,2020,,,,,,,,,,2774,2771,11,9,5545,20,2785,2780,5565,0,12,parcial,"JAC Chile - Data y Análisis, Tráfico Aéreo: https://www.jac.gob.cl/data-y-analisis/","JAC Chile - Datos y Análisis, Bitácora de aeropuertos / Operaciones de Aeronaves: https://www.jac.gob.cl/data-y-analisis/"
Chile,ZCO,SCQP,Aeropuerto Internacional La Araucanía,2021,,,,,,,,,,4104,4110,7,13,8214,20,4111,4123,8234,0,12,parcial,"JAC Chile - Data y Análisis, Tráfico Aéreo: https://www.jac.gob.cl/data-y-analisis/","JAC Chile - Datos y Análisis, Bitácora de aeropuertos / Operaciones de Aeronaves: https://www.jac.gob.cl/data-y-analisis/"
Chile,ZCO,SCQP,Aeropuerto Internacional La Araucanía,2022,463213,459613,0,0,922826,0,463213,459613,922826,5050,5044,4,5,10094,9,5054,5049,10103,12,12,anual_completo,"JAC Chile - Data y Análisis, Tráfico Aéreo: https://www.jac.gob.cl/data-y-analisis/","JAC Chile - Datos y Análisis, Bitácora de aeropuertos / Operaciones de Aeronaves: https://www.jac.gob.cl/data-y-analisis/"
Chile,ZCO,SCQP,Aeropuerto Internacional La Araucanía,2023,534752,532977,0,0,1067729,0,534752,532977,1067729,5263,5268,18,16,10531,34,5281,5284,10565,12,12,anual_completo,"JAC Chile - Data y Análisis, Tráfico Aéreo: https://www.jac.gob.cl/data-y-analisis/","JAC Chile - Datos y Análisis, Bitácora de aeropuertos / Operaciones de Aeronaves: https://www.jac.gob.cl/data-y-analisis/"
Chile,ZCO,SCQP,Aeropuerto Internacional La Araucanía,2024,560889,560451,0,0,1121340,0,560889,560451,1121340,5125,5123,5,9,10248,14,5130,5132,10262,12,12,anual_completo,"JAC Chile - Data y Análisis, Tráfico Aéreo: https://www.jac.gob.cl/data-y-analisis/","JAC Chile - Datos y Análisis, Bitácora de aeropuertos / Operaciones de Aeronaves: https://www.jac.gob.cl/data-y-analisis/"
Chile,ZCO,SCQP,Aeropuerto Internacional La Araucanía,2025,489553,489863,0,0,979416,0,489553,489863,979416,4774,4766,6,8,9540,14,4780,4774,9554,12,12,anual_completo,"JAC Chile - Data y Análisis, Tráfico Aéreo: https://www.jac.gob.cl/data-y-analisis/","JAC Chile - Datos y Análisis, Bitácora de aeropuertos / Operaciones de Aeronaves: https://www.jac.gob.cl/data-y-analisis/"
Chile,ZCO,SCQP,Aeropuerto Internacional La Araucanía,2026,291998,293902,0,0,585900,0,291998,293902,585900,2918,2925,5,9,5843,14,2923,2934,5857,7,7,parcial,"JAC Chile - Data y Análisis, Tráfico Aéreo: https://www.jac.gob.cl/data-y-analisis/","JAC Chile - Datos y Análisis, Bitácora de aeropuertos / Operaciones de Aeronaves: https://www.jac.gob.cl/data-y-analisis/"
Chile,ZOS,SCJO,Aeropuerto Cañal Bajo Carlos Hott Siebert,2017,,,,,,,,,,1831,1977,11,11,3808,22,1842,1988,3830,0,12,parcial,"JAC Chile - Datos y Análisis, Tráfico Aéreo: https://www.jac.gob.cl/data-y-analisis/","JAC Chile - Datos y Análisis, Bitácora de aeropuertos / Operaciones de Aeronaves: https://www.jac.gob.cl/data-y-analisis/"
Chile,ZOS,SCJO,Aeropuerto Cañal Bajo Carlos Hott Siebert,2018,,,,,,,,,,2069,2172,5,6,4241,11,2074,2178,4252,0,12,parcial,"JAC Chile - Datos y Análisis, Tráfico Aéreo: https://www.jac.gob.cl/data-y-analisis/","JAC Chile - Datos y Análisis, Bitácora de aeropuertos / Operaciones de Aeronaves: https://www.jac.gob.cl/data-y-analisis/"
Chile,ZOS,SCJO,Aeropuerto Cañal Bajo Carlos Hott Siebert,2019,,,,,,,,,,2084,2221,0,0,4305,0,2084,2221,4305,0,12,parcial,"JAC Chile - Datos y Análisis, Tráfico Aéreo: https://www.jac.gob.cl/data-y-analisis/","JAC Chile - Datos y Análisis, Bitácora de aeropuertos / Operaciones de Aeronaves: https://www.jac.gob.cl/data-y-analisis/"
Chile,ZOS,SCJO,Aeropuerto Cañal Bajo Carlos Hott Siebert,2020,,,,,,,,,,1287,1326,0,0,2613,0,1287,1326,2613,0,12,parcial,"JAC Chile - Data y Análisis, Tráfico Aéreo: https://www.jac.gob.cl/data-y-analisis/","JAC Chile - Datos y Análisis, Bitácora de aeropuertos / Operaciones de Aeronaves: https://www.jac.gob.cl/data-y-analisis/"
Chile,ZOS,SCJO,Aeropuerto Cañal Bajo Carlos Hott Siebert,2021,,,,,,,,,,3018,3156,0,0,6174,0,3018,3156,6174,0,12,parcial,"JAC Chile - Data y Análisis, Tráfico Aéreo: https://www.jac.gob.cl/data-y-analisis/","JAC Chile - Datos y Análisis, Bitácora de aeropuertos / Operaciones de Aeronaves: https://www.jac.gob.cl/data-y-analisis/"
Chile,ZOS,SCJO,Aeropuerto Cañal Bajo Carlos Hott Siebert,2022,119794,120885,0,0,240679,0,119794,120885,240679,4606,4738,4,4,9344,8,4610,4742,9352,12,12,anual_completo,"JAC Chile - Data y Análisis, Tráfico Aéreo: https://www.jac.gob.cl/data-y-analisis/","JAC Chile - Datos y Análisis, Bitácora de aeropuertos / Operaciones de Aeronaves: https://www.jac.gob.cl/data-y-analisis/"
Chile,ZOS,SCJO,Aeropuerto Cañal Bajo Carlos Hott Siebert,2023,151747,153209,0,0,304956,0,151747,153209,304956,6034,6130,1,1,12164,2,6035,6131,12166,12,12,anual_completo,"JAC Chile - Data y Análisis, Tráfico Aéreo: https://www.jac.gob.cl/data-y-analisis/","JAC Chile - Datos y Análisis, Bitácora de aeropuertos / Operaciones de Aeronaves: https://www.jac.gob.cl/data-y-analisis/"
Chile,ZOS,SCJO,Aeropuerto Cañal Bajo Carlos Hott Siebert,2024,180690,184995,0,0,365685,0,180690,184995,365685,3096,3237,0,1,6333,1,3096,3238,6334,12,12,anual_completo,"JAC Chile - Data y Análisis, Tráfico Aéreo: https://www.jac.gob.cl/data-y-analisis/","JAC Chile - Datos y Análisis, Bitácora de aeropuertos / Operaciones de Aeronaves: https://www.jac.gob.cl/data-y-analisis/"
Chile,ZOS,SCJO,Aeropuerto Cañal Bajo Carlos Hott Siebert,2025,156863,161238,0,0,318101,0,156863,161238,318101,2952,3043,1,2,5995,3,2953,3045,5998,12,12,anual_completo,"JAC Chile - Data y Análisis, Tráfico Aéreo: https://www.jac.gob.cl/data-y-analisis/","JAC Chile - Datos y Análisis, Bitácora de aeropuertos / Operaciones de Aeronaves: https://www.jac.gob.cl/data-y-analisis/"
Chile,ZOS,SCJO,Aeropuerto Cañal Bajo Carlos Hott Siebert,2026,79869,81934,0,0,161803,0,79869,81934,161803,1484,1513,1,0,2997,1,1485,1513,2998,7,7,parcial,"JAC Chile - Data y Análisis, Tráfico Aéreo: https://www.jac.gob.cl/data-y-analisis/","JAC Chile - Datos y Análisis, Bitácora de aeropuertos / Operaciones de Aeronaves: https://www.jac.gob.cl/data-y-analisis/"
Chile,ZPC,SCPC,Aeropuerto Pucón,2017,,,,,,,,,,0,0,0,0,0,0,0,0,0,0,12,parcial,"JAC Chile - Datos y Análisis, Tráfico Aéreo: https://www.jac.gob.cl/data-y-analisis/","JAC Chile - Datos y Análisis, Bitácora de aeropuertos / Operaciones de Aeronaves: https://www.jac.gob.cl/data-y-analisis/"
Chile,ZPC,SCPC,Aeropuerto Pucón,2018,,,,,,,,,,0,0,0,0,0,0,0,0,0,0,12,parcial,"JAC Chile - Datos y Análisis, Tráfico Aéreo: https://www.jac.gob.cl/data-y-analisis/","JAC Chile - Datos y Análisis, Bitácora de aeropuertos / Operaciones de Aeronaves: https://www.jac.gob.cl/data-y-analisis/"
Chile,ZPC,SCPC,Aeropuerto Pucón,2019,,,,,,,,,,0,0,0,0,0,0,0,0,0,0,12,parcial,"JAC Chile - Datos y Análisis, Tráfico Aéreo: https://www.jac.gob.cl/data-y-analisis/","JAC Chile - Datos y Análisis, Bitácora de aeropuertos / Operaciones de Aeronaves: https://www.jac.gob.cl/data-y-analisis/"
Chile,ZPC,SCPC,Aeropuerto Pucón,2020,,,,,,,,,,5,3,0,0,8,0,5,3,8,0,12,parcial,"JAC Chile - Data y Análisis, Tráfico Aéreo: https://www.jac.gob.cl/data-y-analisis/","JAC Chile - Datos y Análisis, Bitácora de aeropuertos / Operaciones de Aeronaves: https://www.jac.gob.cl/data-y-analisis/"
Chile,ZPC,SCPC,Aeropuerto Pucón,2021,,,,,,,,,,0,0,0,0,0,0,0,0,0,0,12,parcial,"JAC Chile - Data y Análisis, Tráfico Aéreo: https://www.jac.gob.cl/data-y-analisis/","JAC Chile - Datos y Análisis, Bitácora de aeropuertos / Operaciones de Aeronaves: https://www.jac.gob.cl/data-y-analisis/"
Chile,ZPC,SCPC,Aeropuerto Pucón,2022,7,13,0,0,20,0,7,13,20,0,0,0,0,0,0,0,0,0,12,12,anual_completo,"JAC Chile - Data y Análisis, Tráfico Aéreo: https://www.jac.gob.cl/data-y-analisis/","JAC Chile - Datos y Análisis, Bitácora de aeropuertos / Operaciones de Aeronaves: https://www.jac.gob.cl/data-y-analisis/"
Chile,ZPC,SCPC,Aeropuerto Pucón,2023,1,1,0,0,2,0,1,1,2,0,0,0,0,0,0,0,0,0,12,12,anual_completo,"JAC Chile - Data y Análisis, Tráfico Aéreo: https://www.jac.gob.cl/data-y-analisis/","JAC Chile - Datos y Análisis, Bitácora de aeropuertos / Operaciones de Aeronaves: https://www.jac.gob.cl/data-y-analisis/"
Chile,ZPC,SCPC,Aeropuerto Pucón,2024,3,11,0,0,14,0,3,11,14,0,0,0,0,0,0,0,0,0,12,12,anual_completo,"JAC Chile - Data y Análisis, Tráfico Aéreo: https://www.jac.gob.cl/data-y-analisis/","JAC Chile - Datos y Análisis, Bitácora de aeropuertos / Operaciones de Aeronaves: https://www.jac.gob.cl/data-y-analisis/"
Chile,ZPC,SCPC,Aeropuerto Pucón,2025,4,0,0,0,4,0,4,0,4,0,0,0,0,0,0,0,0,0,12,12,anual_completo,"JAC Chile - Data y Análisis, Tráfico Aéreo: https://www.jac.gob.cl/data-y-analisis/","JAC Chile - Datos y Análisis, Bitácora de aeropuertos / Operaciones de Aeronaves: https://www.jac.gob.cl/data-y-analisis/"
Chile,ZPC,SCPC,Aeropuerto Pucón,2026,0,0,0,0,0,0,0,0,0,0,0,0,0,0,0,0,0,0,7,7,parcial,"JAC Chile - Data y Análisis, Tráfico Aéreo: https://www.jac.gob.cl/data-y-analisis/","JAC Chile - Datos y Análisis, Bitácora de aeropuertos / Operaciones de Aeronaves: https://www.jac.gob.cl/data-y-analisis/"
Colombia,ADZ,SKSP,Gustavo Rojas Pinilla International Airport,2020,301625,323581,12887,15217,625206,28104,314512,338798,653310,4633,4651,140,148,9284,288,4773,4799,9572,12,12,anual_completo,PasajerosArribadosPartidosxAeropuerto2020-2026,MovimientosxAeropuerto2020-2026
Colombia,ADZ,SKSP,Gustavo Rojas Pinilla International Airport,2021,1103193,1127569,5294,5794,2230762,11088,1108487,1133363,2241850,11772,11772,60,72,23544,132,11832,11844,23676,12,12,anual_completo,PasajerosArribadosPartidosxAeropuerto2020-2026,MovimientosxAeropuerto2020-2026
Colombia,ADZ,SKSP,Gustavo Rojas Pinilla International Airport,2022,1311802,1296182,22381,37897,2607984,60278,1334183,1334079,2668262,12551,12571,277,273,25122,550,12828,12844,25672,12,12,anual_completo,PasajerosArribadosPartidosxAeropuerto2020-2026,MovimientosxAeropuerto2020-2026
Colombia,ADZ,SKSP,Gustavo Rojas Pinilla International Airport,2023,923658,892845,14498,36880,1816503,51378,938156,929725,1867881,8321,8322,191,203,16643,394,8512,8525,17037,12,12,anual_completo,PasajerosArribadosPartidosxAeropuerto2020-2026,MovimientosxAeropuerto2020-2026
Colombia,ADZ,SKSP,Gustavo Rojas Pinilla International Airport,2024,962815,1071935,25298,58716,2034750,84014,988113,1130651,2118764,9700,9703,241,249,19403,490,9941,9952,19893,12,12,anual_completo,PasajerosArribadosPartidosxAeropuerto2020-2026,MovimientosxAeropuerto2020-2026
Colombia,ADZ,SKSP,Gustavo Rojas Pinilla International Airport,2025,1057294,1036159,26078,90970,2093453,117048,1083372,1127129,2210501,10100,10115,283,290,20215,573,10383,10405,20788,12,12,anual_completo,PasajerosArribadosPartidosxAeropuerto2020-2026,MovimientosxAeropuerto2020-2026
Colombia,ADZ,SKSP,Gustavo Rojas Pinilla International Airport,2026,625329,588766,15824,57287,1214095,73111,641153,646053,1287206,6707,6708,180,181,13415,361,6887,6889,13776,6,7,parcial,PasajerosArribadosPartidosxAeropuerto2020-2026,MovimientosxAeropuerto2020-2026
Colombia,APO,SKLC,Antonio Roldán Betancur Airport,2020,44691,45195,0,0,89886,0,44691,45195,89886,7322,7291,3,2,14613,5,7325,7293,14618,12,12,anual_completo,PasajerosArribadosPartidosxAeropuerto2020-2026,MovimientosxAeropuerto2020-2026
Colombia,APO,SKLC,Antonio Roldán Betancur Airport,2021,94417,102189,0,0,196606,0,94417,102189,196606,9801,9706,6,11,19507,17,9807,9717,19524,12,12,anual_completo,PasajerosArribadosPartidosxAeropuerto2020-2026,MovimientosxAeropuerto2020-2026
Colombia,APO,SKLC,Antonio Roldán Betancur Airport,2022,119775,126978,0,0,246753,0,119775,126978,246753,10440,10404,8,9,20844,17,10448,10413,20861,12,12,anual_completo,PasajerosArribadosPartidosxAeropuerto2020-2026,MovimientosxAeropuerto2020-2026
Colombia,APO,SKLC,Antonio Roldán Betancur Airport,2023,91980,102568,0,0,194548,0,91980,102568,194548,9518,9588,13,4,19106,17,9531,9592,19123,12,12,anual_completo,PasajerosArribadosPartidosxAeropuerto2020-2026,MovimientosxAeropuerto2020-2026
Colombia,APO,SKLC,Antonio Roldán Betancur Airport,2024,88286,84617,0,0,172903,0,88286,84617,172903,10152,10180,8,4,20332,12,10160,10184,20344,12,12,anual_completo,PasajerosArribadosPartidosxAeropuerto2020-2026,MovimientosxAeropuerto2020-2026
Colombia,APO,SKLC,Antonio Roldán Betancur Airport,2025,84171,79622,0,0,163793,0,84171,79622,163793,10521,10558,9,2,21079,11,10530,10560,21090,12,12,anual_completo,PasajerosArribadosPartidosxAeropuerto2020-2026,MovimientosxAeropuerto2020-2026
Colombia,APO,SKLC,Antonio Roldán Betancur Airport,2026,33777,42189,0,0,75966,0,33777,42189,75966,6054,6082,6,3,12136,9,6060,6085,12145,6,7,parcial,PasajerosArribadosPartidosxAeropuerto2020-2026,MovimientosxAeropuerto2020-2026
Colombia,AUC,SKUC,Santiago Perez Airport,2020,21991,20848,2,3,42839,5,21993,20851,42844,2369,2325,0,0,4694,0,2369,2325,4694,12,12,anual_completo,PasajerosArribadosPartidosxAeropuerto2020-2026,MovimientosxAeropuerto2020-2026
Colombia,AUC,SKUC,Santiago Perez Airport,2021,68174,61479,0,0,129653,0,68174,61479,129653,3815,3820,0,0,7635,0,3815,3820,7635,12,12,anual_completo,PasajerosArribadosPartidosxAeropuerto2020-2026,MovimientosxAeropuerto2020-2026
Colombia,AUC,SKUC,Santiago Perez Airport,2022,76376,78114,0,0,154490,0,76376,78114,154490,4091,4131,0,0,8222,0,4091,4131,8222,12,12,anual_completo,PasajerosArribadosPartidosxAeropuerto2020-2026,MovimientosxAeropuerto2020-2026
Colombia,AUC,SKUC,Santiago Perez Airport,2023,69978,66119,0,0,136097,0,69978,66119,136097,3940,3913,0,0,7853,0,3940,3913,7853,12,12,anual_completo,PasajerosArribadosPartidosxAeropuerto2020-2026,MovimientosxAeropuerto2020-2026
Colombia,AUC,SKUC,Santiago Perez Airport,2024,75827,70803,0,7,146630,7,75827,70810,146637,3645,3671,0,0,7316,0,3645,3671,7316,12,12,anual_completo,PasajerosArribadosPartidosxAeropuerto2020-2026,MovimientosxAeropuerto2020-2026
Colombia,AUC,SKUC,Santiago Perez Airport,2025,79771,80698,0,114,160469,114,79771,80812,160583,3441,3527,0,0,6968,0,3441,3527,6968,12,12,anual_completo,PasajerosArribadosPartidosxAeropuerto2020-2026,MovimientosxAeropuerto2020-2026
Colombia,AUC,SKUC,Santiago Perez Airport,2026,35238,39547,0,0,74785,0,35238,39547,74785,2145,2194,0,0,4339,0,2145,2194,4339,6,7,parcial,PasajerosArribadosPartidosxAeropuerto2020-2026,MovimientosxAeropuerto2020-2026
Colombia,AXM,SKAR,El Eden Airport,2020,60178,61645,12480,13181,121823,25661,72658,74826,147484,1644,1616,74,73,3260,147,1718,1689,3407,12,12,anual_completo,PasajerosArribadosPartidosxAeropuerto2020-2026,MovimientosxAeropuerto2020-2026
Colombia,AXM,SKAR,El Eden Airport,2021,124759,116126,29355,31393,240885,60748,154114,147519,301633,2850,2854,197,197,5704,394,3047,3051,6098,12,12,anual_completo,PasajerosArribadosPartidosxAeropuerto2020-2026,MovimientosxAeropuerto2020-2026
Colombia,AXM,SKAR,El Eden Airport,2022,249841,241846,40119,46702,491687,86821,289960,288548,578508,3902,3906,337,336,7808,673,4239,4242,8481,12,12,anual_completo,PasajerosArribadosPartidosxAeropuerto2020-2026,MovimientosxAeropuerto2020-2026
Colombia,AXM,SKAR,El Eden Airport,2023,249846,247753,39168,43463,497599,82631,289014,291216,580230,3637,3635,325,324,7272,649,3962,3959,7921,12,12,anual_completo,PasajerosArribadosPartidosxAeropuerto2020-2026,MovimientosxAeropuerto2020-2026
Colombia,AXM,SKAR,El Eden Airport,2024,303269,285867,40296,48487,589136,88783,343565,334354,677919,3648,3660,332,331,7308,663,3980,3991,7971,12,12,anual_completo,PasajerosArribadosPartidosxAeropuerto2020-2026,MovimientosxAeropuerto2020-2026
Colombia,AXM,SKAR,El Eden Airport,2025,260316,274442,23923,31292,534758,55215,284239,305734,589973,3281,3284,199,196,6565,395,3480,3480,6960,12,12,anual_completo,PasajerosArribadosPartidosxAeropuerto2020-2026,MovimientosxAeropuerto2020-2026
Colombia,AXM,SKAR,El Eden Airport,2026,122302,137265,8580,18770,259567,27350,130882,156035,286917,2242,2252,91,92,4494,183,2333,2344,4677,6,7,parcial,PasajerosArribadosPartidosxAeropuerto2020-2026,MovimientosxAeropuerto2020-2026
Colombia,BAQ,SKBQ,Ernesto Cortissoz International Airport,2020,400599,416148,57347,46861,816747,104208,457946,463009,920955,11681,11688,1139,1194,23369,2333,12820,12882,25702,12,12,anual_completo,PasajerosArribadosPartidosxAeropuerto2020-2026,MovimientosxAeropuerto2020-2026
Colombia,BAQ,SKBQ,Ernesto Cortissoz International Airport,2021,871992,844686,141349,158401,1716678,299750,1013341,1003087,2016428,18352,18496,2053,2023,36848,4076,20405,20519,40924,12,12,anual_completo,PasajerosArribadosPartidosxAeropuerto2020-2026,MovimientosxAeropuerto2020-2026
Colombia,BAQ,SKBQ,Ernesto Cortissoz International Airport,2022,1152064,1083792,174216,207639,2235856,381855,1326280,1291431,2617711,20563,20778,2350,2271,41341,4621,22913,23049,45962,12,12,anual_completo,PasajerosArribadosPartidosxAeropuerto2020-2026,MovimientosxAeropuerto2020-2026
Colombia,BAQ,SKBQ,Ernesto Cortissoz International Airport,2023,1105587,1227492,206843,260297,2333079,467140,1312430,1487789,2800219,20047,20181,2444,2389,40228,4833,22491,22570,45061,12,12,anual_completo,PasajerosArribadosPartidosxAeropuerto2020-2026,MovimientosxAeropuerto2020-2026
Colombia,BAQ,SKBQ,Ernesto Cortissoz International Airport,2024,1207303,1195467,202072,266500,2402770,468572,1409375,1461967,2871342,21103,21263,2474,2418,42366,4892,23577,23681,47258,12,12,anual_completo,PasajerosArribadosPartidosxAeropuerto2020-2026,MovimientosxAeropuerto2020-2026
Colombia,BAQ,SKBQ,Ernesto Cortissoz International Airport,2025,1059023,1200445,178534,255840,2259468,434374,1237557,1456285,2693842,19976,20023,2263,2264,39999,4527,22239,22287,44526,12,12,anual_completo,PasajerosArribadosPartidosxAeropuerto2020-2026,MovimientosxAeropuerto2020-2026
Colombia,BAQ,SKBQ,Ernesto Cortissoz International Airport,2026,549049,660526,130291,142255,1209575,272546,679340,802781,1482121,11600,11615,1469,1474,23215,2943,13069,13089,26158,6,7,parcial,PasajerosArribadosPartidosxAeropuerto2020-2026,MovimientosxAeropuerto2020-2026
Colombia,BGA,SKBG,Palonegro Airport,2020,275015,258074,13625,13369,533089,26994,288640,271443,560083,8026,8005,133,126,16031,259,8159,8131,16290,12,12,anual_completo,PasajerosArribadosPartidosxAeropuerto2020-2026,MovimientosxAeropuerto2020-2026
Colombia,BGA,SKBG,Palonegro Airport,2021,532972,546593,39661,41974,1079565,81635,572633,588567,1161200,11709,11684,350,353,23393,703,12059,12037,24096,12,12,anual_completo,PasajerosArribadosPartidosxAeropuerto2020-2026,MovimientosxAeropuerto2020-2026
Colombia,BGA,SKBG,Palonegro Airport,2022,892429,953521,40886,68965,1845950,109851,933315,1022486,1955801,13847,13800,372,366,27647,738,14219,14166,28385,12,12,anual_completo,PasajerosArribadosPartidosxAeropuerto2020-2026,MovimientosxAeropuerto2020-2026
Colombia,BGA,SKBG,Palonegro Airport,2023,837902,933702,37769,73396,1771604,111165,875671,1007098,1882769,14025,14014,416,400,28039,816,14441,14414,28855,12,12,anual_completo,PasajerosArribadosPartidosxAeropuerto2020-2026,MovimientosxAeropuerto2020-2026
Colombia,BGA,SKBG,Palonegro Airport,2024,926477,950289,22451,67089,1876766,89540,948928,1017378,1966306,13484,13454,351,333,26938,684,13835,13787,27622,12,12,anual_completo,PasajerosArribadosPartidosxAeropuerto2020-2026,MovimientosxAeropuerto2020-2026
Colombia,BGA,SKBG,Palonegro Airport,2025,803555,841259,34436,82333,1644814,116769,837991,923592,1761583,13356,13337,392,408,26693,800,13748,13745,27493,12,12,anual_completo,PasajerosArribadosPartidosxAeropuerto2020-2026,MovimientosxAeropuerto2020-2026
Colombia,BGA,SKBG,Palonegro Airport,2026,410879,423277,18220,42320,834156,60540,429099,465597,894696,8476,8467,279,292,16943,571,8755,8759,17514,6,7,parcial,PasajerosArribadosPartidosxAeropuerto2020-2026,MovimientosxAeropuerto2020-2026
Colombia,BOG,SKBO,El Dorado International Airport,2020,2945908,2821461,1073948,1105975,5767369,2179923,4019856,3927436,7947292,53869,54214,21362,20861,108083,42223,75231,75075,150306,12,12,anual_completo,PasajerosArribadosPartidosxAeropuerto2020-2026,MovimientosxAeropuerto2020-2026
Colombia,BOG,SKBO,El Dorado International Airport,2021,6552395,6647564,1931554,2102886,13199959,4034440,8483949,8750450,17234399,96797,97321,30089,29532,194118,59621,126886,126853,253739,12,12,anual_completo,PasajerosArribadosPartidosxAeropuerto2020-2026,MovimientosxAeropuerto2020-2026
Colombia,BOG,SKBO,El Dorado International Airport,2022,9514832,9168255,4422522,3885437,18683087,8307959,13937354,13053692,26991046,116479,117048,48784,48124,233527,96908,165263,165172,330435,12,12,anual_completo,PasajerosArribadosPartidosxAeropuerto2020-2026,MovimientosxAeropuerto2020-2026
Colombia,BOG,SKBO,El Dorado International Airport,2023,9675010,9167358,6114186,5786305,18842368,11900491,15789196,14953663,30742859,119204,120018,54119,53288,239222,107407,173323,173306,346629,12,12,anual_completo,PasajerosArribadosPartidosxAeropuerto2020-2026,MovimientosxAeropuerto2020-2026
Colombia,BOG,SKBO,El Dorado International Airport,2024,11157389,10707457,6958361,7226257,21864846,14184618,18115750,17933714,36049464,134948,135846,59280,58395,270794,117675,194228,194241,388469,12,12,anual_completo,PasajerosArribadosPartidosxAeropuerto2020-2026,MovimientosxAeropuerto2020-2026
Colombia,BOG,SKBO,El Dorado International Airport,2025,10565966,10175134,7250896,7422870,20741100,14673766,17816862,17598004,35414866,131159,132087,64033,63052,263246,127085,195192,195139,390331,12,12,anual_completo,PasajerosArribadosPartidosxAeropuerto2020-2026,MovimientosxAeropuerto2020-2026
Colombia,BOG,SKBO,El Dorado International Airport,2026,5570839,4939952,3543855,3790358,10510791,7334213,9114694,8730310,17845004,78489,79017,38502,37979,157506,76481,116991,116996,233987,6,7,parcial,PasajerosArribadosPartidosxAeropuerto2020-2026,MovimientosxAeropuerto2020-2026
Colombia,BSC,SKBS,José Celestino Mutis Airport,2020,15824,14999,0,0,30823,0,15824,14999,30823,3021,3028,0,0,6049,0,3021,3028,6049,12,12,anual_completo,PasajerosArribadosPartidosxAeropuerto2020-2026,MovimientosxAeropuerto2020-2026
Colombia,BSC,SKBS,José Celestino Mutis Airport,2021,36899,36635,8,0,73534,8,36907,36635,73542,4663,4659,0,0,9322,0,4663,4659,9322,12,12,anual_completo,PasajerosArribadosPartidosxAeropuerto2020-2026,MovimientosxAeropuerto2020-2026
Colombia,BSC,SKBS,José Celestino Mutis Airport,2022,45812,42366,0,2,88178,2,45812,42368,88180,4350,4338,0,0,8688,0,4350,4338,8688,12,12,anual_completo,PasajerosArribadosPartidosxAeropuerto2020-2026,MovimientosxAeropuerto2020-2026
Colombia,BSC,SKBS,José Celestino Mutis Airport,2023,46219,46310,0,0,92529,0,46219,46310,92529,3812,3804,0,0,7616,0,3812,3804,7616,12,12,anual_completo,PasajerosArribadosPartidosxAeropuerto2020-2026,MovimientosxAeropuerto2020-2026
Colombia,BSC,SKBS,José Celestino Mutis Airport,2024,40247,40112,0,0,80359,0,40247,40112,80359,3633,3628,0,0,7261,0,3633,3628,7261,12,12,anual_completo,PasajerosArribadosPartidosxAeropuerto2020-2026,MovimientosxAeropuerto2020-2026
Colombia,BSC,SKBS,José Celestino Mutis Airport,2025,47689,46335,0,0,94024,0,47689,46335,94024,3381,3376,0,0,6757,0,3381,3376,6757,12,12,anual_completo,PasajerosArribadosPartidosxAeropuerto2020-2026,MovimientosxAeropuerto2020-2026
Colombia,BSC,SKBS,José Celestino Mutis Airport,2026,17520,19890,0,0,37410,0,17520,19890,37410,1700,1707,0,0,3407,0,1700,1707,3407,6,7,parcial,PasajerosArribadosPartidosxAeropuerto2020-2026,MovimientosxAeropuerto2020-2026
Colombia,BUN,SKBU,Gerardo Tobar López Airport,2020,2511,2292,0,0,4803,0,2511,2292,4803,471,411,0,0,882,0,471,411,882,12,12,anual_completo,PasajerosArribadosPartidosxAeropuerto2020-2026,MovimientosxAeropuerto2020-2026
Colombia,BUN,SKBU,Gerardo Tobar López Airport,2021,3794,3955,0,0,7749,0,3794,3955,7749,886,824,0,0,1710,0,886,824,1710,12,12,anual_completo,PasajerosArribadosPartidosxAeropuerto2020-2026,MovimientosxAeropuerto2020-2026
Colombia,BUN,SKBU,Gerardo Tobar López Airport,2022,3985,4040,0,0,8025,0,3985,4040,8025,554,545,0,0,1099,0,554,545,1099,12,12,anual_completo,PasajerosArribadosPartidosxAeropuerto2020-2026,MovimientosxAeropuerto2020-2026
Colombia,BUN,SKBU,Gerardo Tobar López Airport,2023,5679,5258,0,0,10937,0,5679,5258,10937,603,587,0,0,1190,0,603,587,1190,12,12,anual_completo,PasajerosArribadosPartidosxAeropuerto2020-2026,MovimientosxAeropuerto2020-2026
Colombia,BUN,SKBU,Gerardo Tobar López Airport,2024,3714,3519,0,0,7233,0,3714,3519,7233,363,343,0,0,706,0,363,343,706,12,12,anual_completo,PasajerosArribadosPartidosxAeropuerto2020-2026,MovimientosxAeropuerto2020-2026
Colombia,BUN,SKBU,Gerardo Tobar López Airport,2025,4322,3866,0,0,8188,0,4322,3866,8188,398,395,2,0,793,2,400,395,795,12,12,anual_completo,PasajerosArribadosPartidosxAeropuerto2020-2026,MovimientosxAeropuerto2020-2026
Colombia,BUN,SKBU,Gerardo Tobar López Airport,2026,2422,2206,0,0,4628,0,2422,2206,4628,307,300,0,0,607,0,307,300,607,6,7,parcial,PasajerosArribadosPartidosxAeropuerto2020-2026,MovimientosxAeropuerto2020-2026
Colombia,CLO,SKCL,Alfonso Bonilla Aragon International Airport,2020,656916,732981,154442,158981,1389897,313423,811358,891962,1703320,16601,16863,1619,1475,33464,3094,18220,18338,36558,12,12,anual_completo,PasajerosArribadosPartidosxAeropuerto2020-2026,MovimientosxAeropuerto2020-2026
Colombia,CLO,SKCL,Alfonso Bonilla Aragon International Airport,2021,2016173,2032372,372224,366417,4048545,738641,2388397,2398789,4787186,31908,32144,3197,3098,64052,6295,35105,35242,70347,12,12,anual_completo,PasajerosArribadosPartidosxAeropuerto2020-2026,MovimientosxAeropuerto2020-2026
Colombia,CLO,SKCL,Alfonso Bonilla Aragon International Airport,2022,2514889,2607920,505244,659390,5122809,1164634,3020133,3267310,6287443,36164,36331,4899,4708,72495,9607,41063,41039,82102,12,12,anual_completo,PasajerosArribadosPartidosxAeropuerto2020-2026,MovimientosxAeropuerto2020-2026
Colombia,CLO,SKCL,Alfonso Bonilla Aragon International Airport,2023,2357504,2367878,460170,660405,4725382,1120575,2817674,3028283,5845957,33297,33378,4009,3921,66675,7930,37306,37299,74605,12,12,anual_completo,PasajerosArribadosPartidosxAeropuerto2020-2026,MovimientosxAeropuerto2020-2026
Colombia,CLO,SKCL,Alfonso Bonilla Aragon International Airport,2024,2269478,2227093,477601,680002,4496571,1157603,2747079,2907095,5654174,33197,33335,3746,3646,66532,7392,36943,36981,73924,12,12,anual_completo,PasajerosArribadosPartidosxAeropuerto2020-2026,MovimientosxAeropuerto2020-2026
Colombia,CLO,SKCL,Alfonso Bonilla Aragon International Airport,2025,2380345,2312924,446814,645126,4693269,1091940,2827159,2958050,5785209,32487,32696,4145,3955,65183,8100,36632,36651,73283,12,12,anual_completo,PasajerosArribadosPartidosxAeropuerto2020-2026,MovimientosxAeropuerto2020-2026
Colombia,CLO,SKCL,Alfonso Bonilla Aragon International Airport,2026,1076482,1165336,236185,362019,2241818,598204,1312667,1527355,2840022,19096,19204,2465,2366,38300,4831,21561,21570,43131,6,7,parcial,PasajerosArribadosPartidosxAeropuerto2020-2026,MovimientosxAeropuerto2020-2026
Colombia,CTG,SKCG,Rafael Nuñez International Airport,2020,701735,663006,143821,167430,1364741,311251,845556,830436,1675992,8561,8496,1495,1642,17057,3137,10056,10138,20194,12,12,anual_completo,PasajerosArribadosPartidosxAeropuerto2020-2026,MovimientosxAeropuerto2020-2026
Colombia,CTG,SKCG,Rafael Nuñez International Airport,2021,1740852,1790727,226872,248847,3531579,475719,1967724,2039574,4007298,19254,19299,2431,2685,38553,5116,21685,21984,43669,12,12,anual_completo,PasajerosArribadosPartidosxAeropuerto2020-2026,MovimientosxAeropuerto2020-2026
Colombia,CTG,SKCG,Rafael Nuñez International Airport,2022,2596803,2661766,431819,550034,5258569,981853,3028622,3211800,6240422,26193,26034,3985,4421,52227,8406,30178,30455,60633,12,12,anual_completo,PasajerosArribadosPartidosxAeropuerto2020-2026,MovimientosxAeropuerto2020-2026
Colombia,CTG,SKCG,Rafael Nuñez International Airport,2023,2085594,2186917,562407,804235,4272511,1366642,2648001,2991152,5639153,20836,20587,4845,5361,41423,10206,25681,25948,51629,12,12,anual_completo,PasajerosArribadosPartidosxAeropuerto2020-2026,MovimientosxAeropuerto2020-2026
Colombia,CTG,SKCG,Rafael Nuñez International Airport,2024,2519276,2411322,683574,917050,4930598,1600624,3202850,3328372,6531222,23751,23254,5564,6149,47005,11713,29315,29403,58718,12,12,anual_completo,PasajerosArribadosPartidosxAeropuerto2020-2026,MovimientosxAeropuerto2020-2026
Colombia,CTG,SKCG,Rafael Nuñez International Airport,2025,2622771,2483692,650506,940017,5106463,1590523,3273277,3423709,6696986,23409,22868,5917,6514,46277,12431,29326,29382,58708,12,12,anual_completo,PasajerosArribadosPartidosxAeropuerto2020-2026,MovimientosxAeropuerto2020-2026
Colombia,CTG,SKCG,Rafael Nuñez International Airport,2026,1304009,1237230,326490,476810,2541239,803300,1630499,1714040,3344539,13886,13687,3524,3800,27573,7324,17410,17487,34897,6,7,parcial,PasajerosArribadosPartidosxAeropuerto2020-2026,MovimientosxAeropuerto2020-2026
Colombia,CUC,SKCC,Camilo Daza International Airport,2020,169151,161890,12994,11268,331041,24262,182145,173158,355303,4740,4702,31,30,9442,61,4771,4732,9503,12,12,anual_completo,PasajerosArribadosPartidosxAeropuerto2020-2026,MovimientosxAeropuerto2020-2026
Colombia,CUC,SKCC,Camilo Daza International Airport,2021,397385,433671,20702,20506,831056,41208,418087,454177,872264,7707,7671,25,25,15378,50,7732,7696,15428,12,12,anual_completo,PasajerosArribadosPartidosxAeropuerto2020-2026,MovimientosxAeropuerto2020-2026
Colombia,CUC,SKCC,Camilo Daza International Airport,2022,698314,697709,29354,56706,1396023,86060,727668,754415,1482083,8935,8945,214,217,17880,431,9149,9162,18311,12,12,anual_completo,PasajerosArribadosPartidosxAeropuerto2020-2026,MovimientosxAeropuerto2020-2026
Colombia,CUC,SKCC,Camilo Daza International Airport,2023,632296,654352,25531,62412,1286648,87943,657827,716764,1374591,8277,8308,231,237,16585,468,8508,8545,17053,12,12,anual_completo,PasajerosArribadosPartidosxAeropuerto2020-2026,MovimientosxAeropuerto2020-2026
Colombia,CUC,SKCC,Camilo Daza International Airport,2024,633795,674332,39112,76176,1308127,115288,672907,750508,1423415,8398,8472,410,410,16870,820,8808,8882,17690,12,12,anual_completo,PasajerosArribadosPartidosxAeropuerto2020-2026,MovimientosxAeropuerto2020-2026
Colombia,CUC,SKCC,Camilo Daza International Airport,2025,585596,628457,57459,103629,1214053,161088,643055,732086,1375141,8630,8682,486,488,17312,974,9116,9170,18286,12,12,anual_completo,PasajerosArribadosPartidosxAeropuerto2020-2026,MovimientosxAeropuerto2020-2026
Colombia,CUC,SKCC,Camilo Daza International Airport,2026,313119,329204,21249,47343,642323,68592,334368,376547,710915,4985,4998,168,168,9983,336,5153,5166,10319,6,7,parcial,PasajerosArribadosPartidosxAeropuerto2020-2026,MovimientosxAeropuerto2020-2026
Colombia,CZU,SKCZ,Las Brujas Airport,2020,10798,10763,0,0,21561,0,10798,10763,21561,632,699,1,0,1331,1,633,699,1332,11,12,parcial,PasajerosArribadosPartidosxAeropuerto2020-2026,MovimientosxAeropuerto2020-2026
Colombia,CZU,SKCZ,Las Brujas Airport,2021,18738,20390,0,0,39128,0,18738,20390,39128,899,1006,0,0,1905,0,899,1006,1905,12,12,anual_completo,PasajerosArribadosPartidosxAeropuerto2020-2026,MovimientosxAeropuerto2020-2026
Colombia,CZU,SKCZ,Las Brujas Airport,2022,26995,27795,0,0,54790,0,26995,27795,54790,966,1072,0,0,2038,0,966,1072,2038,12,12,anual_completo,PasajerosArribadosPartidosxAeropuerto2020-2026,MovimientosxAeropuerto2020-2026
Colombia,CZU,SKCZ,Las Brujas Airport,2023,14577,13919,0,0,28496,0,14577,13919,28496,743,812,0,0,1555,0,743,812,1555,12,12,anual_completo,PasajerosArribadosPartidosxAeropuerto2020-2026,MovimientosxAeropuerto2020-2026
Colombia,CZU,SKCZ,Las Brujas Airport,2024,27156,26964,0,0,54120,0,27156,26964,54120,1052,1112,0,0,2164,0,1052,1112,2164,12,12,anual_completo,PasajerosArribadosPartidosxAeropuerto2020-2026,MovimientosxAeropuerto2020-2026
Colombia,CZU,SKCZ,Las Brujas Airport,2025,20663,25087,11,11,45750,22,20674,25098,45772,940,960,0,0,1900,0,940,960,1900,12,12,anual_completo,PasajerosArribadosPartidosxAeropuerto2020-2026,MovimientosxAeropuerto2020-2026
Colombia,CZU,SKCZ,Las Brujas Airport,2026,4571,6684,0,0,11255,0,4571,6684,11255,386,399,0,0,785,0,386,399,785,6,7,parcial,PasajerosArribadosPartidosxAeropuerto2020-2026,MovimientosxAeropuerto2020-2026
Colombia,EJA,SKEJ,Yariguíes Airport,2020,18475,21156,210,232,39631,442,18685,21388,40073,2526,2514,0,0,5040,0,2526,2514,5040,12,12,anual_completo,PasajerosArribadosPartidosxAeropuerto2020-2026,MovimientosxAeropuerto2020-2026
Colombia,EJA,SKEJ,Yariguíes Airport,2021,26497,23272,91,42,49769,133,26588,23314,49902,4323,4349,0,1,8672,1,4323,4350,8673,12,12,anual_completo,PasajerosArribadosPartidosxAeropuerto2020-2026,MovimientosxAeropuerto2020-2026
Colombia,EJA,SKEJ,Yariguíes Airport,2022,49400,49844,41,42,99244,83,49441,49886,99327,3076,3157,0,0,6233,0,3076,3157,6233,12,12,anual_completo,PasajerosArribadosPartidosxAeropuerto2020-2026,MovimientosxAeropuerto2020-2026
Colombia,EJA,SKEJ,Yariguíes Airport,2023,62494,62812,0,87,125306,87,62494,62899,125393,2801,2858,0,0,5659,0,2801,2858,5659,12,12,anual_completo,PasajerosArribadosPartidosxAeropuerto2020-2026,MovimientosxAeropuerto2020-2026
Colombia,EJA,SKEJ,Yariguíes Airport,2024,69237,75066,0,243,144303,243,69237,75309,144546,2490,2468,0,0,4958,0,2490,2468,4958,12,12,anual_completo,PasajerosArribadosPartidosxAeropuerto2020-2026,MovimientosxAeropuerto2020-2026
Colombia,EJA,SKEJ,Yariguíes Airport,2025,66110,62650,1,663,128760,664,66111,63313,129424,2392,2320,0,0,4712,0,2392,2320,4712,12,12,anual_completo,PasajerosArribadosPartidosxAeropuerto2020-2026,MovimientosxAeropuerto2020-2026
Colombia,EJA,SKEJ,Yariguíes Airport,2026,31872,34554,0,465,66426,465,31872,35019,66891,1551,1554,0,0,3105,0,1551,1554,3105,6,7,parcial,PasajerosArribadosPartidosxAeropuerto2020-2026,MovimientosxAeropuerto2020-2026
Colombia,EOH,SKMD,Enrique Olaya Herrera Airport,2020,237249,233999,69,26,471248,95,237318,234025,471343,21400,21369,16,17,42769,33,21416,21386,42802,12,12,anual_completo,PasajerosArribadosPartidosxAeropuerto2020-2026,MovimientosxAeropuerto2020-2026
Colombia,EOH,SKMD,Enrique Olaya Herrera Airport,2021,505932,488131,164,164,994063,328,506096,488295,994391,35254,35178,22,26,70432,48,35276,35204,70480,12,12,anual_completo,PasajerosArribadosPartidosxAeropuerto2020-2026,MovimientosxAeropuerto2020-2026
Colombia,EOH,SKMD,Enrique Olaya Herrera Airport,2022,620197,615125,15,6,1235322,21,620212,615131,1235343,40003,39923,66,79,79926,145,40069,40002,80071,12,12,anual_completo,PasajerosArribadosPartidosxAeropuerto2020-2026,MovimientosxAeropuerto2020-2026
Colombia,EOH,SKMD,Enrique Olaya Herrera Airport,2023,620189,616754,0,34,1236943,34,620189,616788,1236977,37442,37406,107,117,74848,224,37549,37523,75072,12,12,anual_completo,PasajerosArribadosPartidosxAeropuerto2020-2026,MovimientosxAeropuerto2020-2026
Colombia,EOH,SKMD,Enrique Olaya Herrera Airport,2024,587542,582987,29,7,1170529,36,587571,582994,1170565,35193,35199,81,87,70392,168,35274,35286,70560,12,12,anual_completo,PasajerosArribadosPartidosxAeropuerto2020-2026,MovimientosxAeropuerto2020-2026
Colombia,EOH,SKMD,Enrique Olaya Herrera Airport,2025,599763,587875,44,88,1187638,132,599807,587963,1187770,34021,34075,63,74,68096,137,34084,34149,68233,12,12,anual_completo,PasajerosArribadosPartidosxAeropuerto2020-2026,MovimientosxAeropuerto2020-2026
Colombia,EOH,SKMD,Enrique Olaya Herrera Airport,2026,266778,255624,13,7,522402,20,266791,255631,522422,19538,19572,47,56,39110,103,19585,19628,39213,6,7,parcial,PasajerosArribadosPartidosxAeropuerto2020-2026,MovimientosxAeropuerto2020-2026
Colombia,EYP,SKYP,El Alcaravan - Yopal Airport,2020,43444,45530,0,0,88974,0,43444,45530,88974,6483,6451,0,0,12934,0,6483,6451,12934,12,12,anual_completo,PasajerosArribadosPartidosxAeropuerto2020-2026,MovimientosxAeropuerto2020-2026
Colombia,EYP,SKYP,El Alcaravan - Yopal Airport,2021,80465,75573,0,0,156038,0,80465,75573,156038,7740,7673,0,0,15413,0,7740,7673,15413,12,12,anual_completo,PasajerosArribadosPartidosxAeropuerto2020-2026,MovimientosxAeropuerto2020-2026
Colombia,EYP,SKYP,El Alcaravan - Yopal Airport,2022,132234,140170,0,0,272404,0,132234,140170,272404,9901,9784,0,0,19685,0,9901,9784,19685,12,12,anual_completo,PasajerosArribadosPartidosxAeropuerto2020-2026,MovimientosxAeropuerto2020-2026
Colombia,EYP,SKYP,El Alcaravan - Yopal Airport,2023,136049,155442,0,0,291491,0,136049,155442,291491,9052,8997,0,0,18049,0,9052,8997,18049,12,12,anual_completo,PasajerosArribadosPartidosxAeropuerto2020-2026,MovimientosxAeropuerto2020-2026
Colombia,EYP,SKYP,El Alcaravan - Yopal Airport,2024,150835,180112,0,0,330947,0,150835,180112,330947,8875,8786,2,1,17661,3,8877,8787,17664,12,12,anual_completo,PasajerosArribadosPartidosxAeropuerto2020-2026,MovimientosxAeropuerto2020-2026
Colombia,EYP,SKYP,El Alcaravan - Yopal Airport,2025,127779,170676,43,0,298455,43,127822,170676,298498,8740,8703,1,0,17443,1,8741,8703,17444,12,12,anual_completo,PasajerosArribadosPartidosxAeropuerto2020-2026,MovimientosxAeropuerto2020-2026
Colombia,EYP,SKYP,El Alcaravan - Yopal Airport,2026,68695,93533,0,0,162228,0,68695,93533,162228,3883,3869,1,0,7752,1,3884,3869,7753,6,7,parcial,PasajerosArribadosPartidosxAeropuerto2020-2026,MovimientosxAeropuerto2020-2026
Colombia,FLA,SKFL,Gustavo Artunduaga Paredes Airport,2020,21186,22248,0,0,43434,0,21186,22248,43434,1528,1484,0,1,3012,1,1528,1485,3013,12,12,anual_completo,PasajerosArribadosPartidosxAeropuerto2020-2026,MovimientosxAeropuerto2020-2026
Colombia,FLA,SKFL,Gustavo Artunduaga Paredes Airport,2021,40964,44270,0,0,85234,0,40964,44270,85234,2404,2385,1,0,4789,1,2405,2385,4790,12,12,anual_completo,PasajerosArribadosPartidosxAeropuerto2020-2026,MovimientosxAeropuerto2020-2026
Colombia,FLA,SKFL,Gustavo Artunduaga Paredes Airport,2022,64375,67678,0,0,132053,0,64375,67678,132053,2508,2459,0,1,4967,1,2508,2460,4968,12,12,anual_completo,PasajerosArribadosPartidosxAeropuerto2020-2026,MovimientosxAeropuerto2020-2026
Colombia,FLA,SKFL,Gustavo Artunduaga Paredes Airport,2023,45710,52432,0,0,98142,0,45710,52432,98142,1671,1638,0,0,3309,0,1671,1638,3309,12,12,anual_completo,PasajerosArribadosPartidosxAeropuerto2020-2026,MovimientosxAeropuerto2020-2026
Colombia,FLA,SKFL,Gustavo Artunduaga Paredes Airport,2024,42191,48159,0,0,90350,0,42191,48159,90350,1746,1871,0,0,3617,0,1746,1871,3617,12,12,anual_completo,PasajerosArribadosPartidosxAeropuerto2020-2026,MovimientosxAeropuerto2020-2026
Colombia,FLA,SKFL,Gustavo Artunduaga Paredes Airport,2025,50315,51584,0,0,101899,0,50315,51584,101899,1894,2035,0,0,3929,0,1894,2035,3929,12,12,anual_completo,PasajerosArribadosPartidosxAeropuerto2020-2026,MovimientosxAeropuerto2020-2026
Colombia,FLA,SKFL,Gustavo Artunduaga Paredes Airport,2026,23142,24863,0,0,48005,0,23142,24863,48005,1114,1207,0,0,2321,0,1114,1207,2321,6,7,parcial,PasajerosArribadosPartidosxAeropuerto2020-2026,MovimientosxAeropuerto2020-2026
Colombia,GPI,SKGP,Guapi Airport,2020,7715,7483,0,0,15198,0,7715,7483,15198,1153,1065,0,0,2218,0,1153,1065,2218,12,12,anual_completo,PasajerosArribadosPartidosxAeropuerto2020-2026,MovimientosxAeropuerto2020-2026
Colombia,GPI,SKGP,Guapi Airport,2021,26308,28809,0,0,55117,0,26308,28809,55117,1817,1817,0,0,3634,0,1817,1817,3634,12,12,anual_completo,PasajerosArribadosPartidosxAeropuerto2020-2026,MovimientosxAeropuerto2020-2026
Colombia,GPI,SKGP,Guapi Airport,2022,29682,32628,0,0,62310,0,29682,32628,62310,1619,1620,0,0,3239,0,1619,1620,3239,12,12,anual_completo,PasajerosArribadosPartidosxAeropuerto2020-2026,MovimientosxAeropuerto2020-2026
Colombia,GPI,SKGP,Guapi Airport,2023,30763,31561,0,0,62324,0,30763,31561,62324,1732,1748,0,0,3480,0,1732,1748,3480,12,12,anual_completo,PasajerosArribadosPartidosxAeropuerto2020-2026,MovimientosxAeropuerto2020-2026
Colombia,GPI,SKGP,Guapi Airport,2024,31416,25379,0,0,56795,0,31416,25379,56795,1686,1686,0,0,3372,0,1686,1686,3372,12,12,anual_completo,PasajerosArribadosPartidosxAeropuerto2020-2026,MovimientosxAeropuerto2020-2026
Colombia,GPI,SKGP,Guapi Airport,2025,35656,43808,0,0,79464,0,35656,43808,79464,1997,2006,0,0,4003,0,1997,2006,4003,12,12,anual_completo,PasajerosArribadosPartidosxAeropuerto2020-2026,MovimientosxAeropuerto2020-2026
Colombia,GPI,SKGP,Guapi Airport,2026,19298,19893,0,0,39191,0,19298,19893,39191,913,918,0,0,1831,0,913,918,1831,6,7,parcial,PasajerosArribadosPartidosxAeropuerto2020-2026,MovimientosxAeropuerto2020-2026
Colombia,IBE,SKIB,Perales Airport,2020,13810,16172,0,1,29982,1,13810,16173,29983,1658,1638,0,0,3296,0,1658,1638,3296,12,12,anual_completo,PasajerosArribadosPartidosxAeropuerto2020-2026,MovimientosxAeropuerto2020-2026
Colombia,IBE,SKIB,Perales Airport,2021,23873,27116,0,0,50989,0,23873,27116,50989,2693,2682,0,0,5375,0,2693,2682,5375,12,12,anual_completo,PasajerosArribadosPartidosxAeropuerto2020-2026,MovimientosxAeropuerto2020-2026
Colombia,IBE,SKIB,Perales Airport,2022,59370,75014,14,0,134384,14,59384,75014,134398,3179,3163,0,0,6342,0,3179,3163,6342,12,12,anual_completo,PasajerosArribadosPartidosxAeropuerto2020-2026,MovimientosxAeropuerto2020-2026
Colombia,IBE,SKIB,Perales Airport,2023,53304,84687,0,0,137991,0,53304,84687,137991,2691,2686,1,1,5377,2,2692,2687,5379,12,12,anual_completo,PasajerosArribadosPartidosxAeropuerto2020-2026,MovimientosxAeropuerto2020-2026
Colombia,IBE,SKIB,Perales Airport,2024,95304,136698,0,0,232002,0,95304,136698,232002,3064,3066,0,0,6130,0,3064,3066,6130,12,12,anual_completo,PasajerosArribadosPartidosxAeropuerto2020-2026,MovimientosxAeropuerto2020-2026
Colombia,IBE,SKIB,Perales Airport,2025,109237,143305,0,0,252542,0,109237,143305,252542,3699,3693,0,0,7392,0,3699,3693,7392,12,12,anual_completo,PasajerosArribadosPartidosxAeropuerto2020-2026,MovimientosxAeropuerto2020-2026
Colombia,IBE,SKIB,Perales Airport,2026,35902,59767,0,0,95669,0,35902,59767,95669,2687,2683,2,2,5370,4,2689,2685,5374,6,7,parcial,PasajerosArribadosPartidosxAeropuerto2020-2026,MovimientosxAeropuerto2020-2026
Colombia,IPI,SKIP,San Luis Airport,2020,5481,5846,0,0,11327,0,5481,5846,11327,245,239,1,1,484,2,246,240,486,10,12,parcial,PasajerosArribadosPartidosxAeropuerto2020-2026,MovimientosxAeropuerto2020-2026
Colombia,IPI,SKIP,San Luis Airport,2021,13748,13523,0,0,27271,0,13748,13523,27271,491,490,1,1,981,2,492,491,983,12,12,anual_completo,PasajerosArribadosPartidosxAeropuerto2020-2026,MovimientosxAeropuerto2020-2026
Colombia,IPI,SKIP,San Luis Airport,2022,14710,15118,0,0,29828,0,14710,15118,29828,509,509,0,1,1018,1,509,510,1019,12,12,anual_completo,PasajerosArribadosPartidosxAeropuerto2020-2026,MovimientosxAeropuerto2020-2026
Colombia,IPI,SKIP,San Luis Airport,2023,30291,29056,0,0,59347,0,30291,29056,59347,673,673,1,0,1346,1,674,673,1347,12,12,anual_completo,PasajerosArribadosPartidosxAeropuerto2020-2026,MovimientosxAeropuerto2020-2026
Colombia,IPI,SKIP,San Luis Airport,2024,49817,92963,0,0,142780,0,49817,92963,142780,855,853,0,0,1708,0,855,853,1708,12,12,anual_completo,PasajerosArribadosPartidosxAeropuerto2020-2026,MovimientosxAeropuerto2020-2026
Colombia,IPI,SKIP,San Luis Airport,2025,60889,102972,0,0,163861,0,60889,102972,163861,1084,1085,0,0,2169,0,1084,1085,2169,12,12,anual_completo,PasajerosArribadosPartidosxAeropuerto2020-2026,MovimientosxAeropuerto2020-2026
Colombia,IPI,SKIP,San Luis Airport,2026,23693,54117,0,0,77810,0,23693,54117,77810,692,693,0,0,1385,0,692,693,1385,6,7,parcial,PasajerosArribadosPartidosxAeropuerto2020-2026,MovimientosxAeropuerto2020-2026
Colombia,LCR,SKHZ,Virgilio Barco Vargas (La Chorrera) Airport,2020,,,,,,,,,,164,94,0,0,258,0,164,94,258,0,12,parcial,PasajerosArribadosPartidosxAeropuerto2020-2026,MovimientosxAeropuerto2020-2026
Colombia,LCR,SKHZ,Virgilio Barco Vargas (La Chorrera) Airport,2021,,,,,,,,,,229,175,0,0,404,0,229,175,404,0,12,parcial,PasajerosArribadosPartidosxAeropuerto2020-2026,MovimientosxAeropuerto2020-2026
Colombia,LCR,SKHZ,Virgilio Barco Vargas (La Chorrera) Airport,2022,,,,,,,,,,254,235,0,0,489,0,254,235,489,0,12,parcial,PasajerosArribadosPartidosxAeropuerto2020-2026,MovimientosxAeropuerto2020-2026
Colombia,LCR,SKHZ,Virgilio Barco Vargas (La Chorrera) Airport,2023,,,,,,,,,,280,261,0,0,541,0,280,261,541,0,12,parcial,PasajerosArribadosPartidosxAeropuerto2020-2026,MovimientosxAeropuerto2020-2026
Colombia,LCR,SKHZ,Virgilio Barco Vargas (La Chorrera) Airport,2024,,,,,,,,,,313,298,0,0,611,0,313,298,611,0,12,parcial,PasajerosArribadosPartidosxAeropuerto2020-2026,MovimientosxAeropuerto2020-2026
Colombia,LCR,SKHZ,Virgilio Barco Vargas (La Chorrera) Airport,2025,,,,,,,,,,394,394,0,0,788,0,394,394,788,0,12,parcial,PasajerosArribadosPartidosxAeropuerto2020-2026,MovimientosxAeropuerto2020-2026
Colombia,LCR,SKHZ,Virgilio Barco Vargas (La Chorrera) Airport,2026,,,,,,,,,,241,235,0,0,476,0,241,235,476,0,7,parcial,PasajerosArribadosPartidosxAeropuerto2020-2026,MovimientosxAeropuerto2020-2026
Colombia,LET,SKLT,Alfredo Vásquez Cobo International Airport,2020,47975,50031,126,126,98006,252,48101,50157,98258,1973,2068,41,43,4041,84,2014,2111,4125,12,12,anual_completo,PasajerosArribadosPartidosxAeropuerto2020-2026,MovimientosxAeropuerto2020-2026
Colombia,LET,SKLT,Alfredo Vásquez Cobo International Airport,2021,65485,69583,37,17,135068,54,65522,69600,135122,2277,2419,86,67,4696,153,2363,2486,4849,12,12,anual_completo,PasajerosArribadosPartidosxAeropuerto2020-2026,MovimientosxAeropuerto2020-2026
Colombia,LET,SKLT,Alfredo Vásquez Cobo International Airport,2022,171201,165820,103,362,337021,465,171304,166182,337486,2817,2868,49,41,5685,90,2866,2909,5775,12,12,anual_completo,PasajerosArribadosPartidosxAeropuerto2020-2026,MovimientosxAeropuerto2020-2026
Colombia,LET,SKLT,Alfredo Vásquez Cobo International Airport,2023,138871,153850,42,711,292721,753,138913,154561,293474,2645,2786,25,36,5431,61,2670,2822,5492,12,12,anual_completo,PasajerosArribadosPartidosxAeropuerto2020-2026,MovimientosxAeropuerto2020-2026
Colombia,LET,SKLT,Alfredo Vásquez Cobo International Airport,2024,187206,179032,95,737,366238,832,187301,179769,367070,3017,3138,23,38,6155,61,3040,3176,6216,12,12,anual_completo,PasajerosArribadosPartidosxAeropuerto2020-2026,MovimientosxAeropuerto2020-2026
Colombia,LET,SKLT,Alfredo Vásquez Cobo International Airport,2025,168414,171069,0,1633,339483,1633,168414,172702,341116,3019,3115,22,27,6134,49,3041,3142,6183,12,12,anual_completo,PasajerosArribadosPartidosxAeropuerto2020-2026,MovimientosxAeropuerto2020-2026
Colombia,LET,SKLT,Alfredo Vásquez Cobo International Airport,2026,71861,80197,10,1070,152058,1080,71871,81267,153138,1637,1655,19,20,3292,39,1656,1675,3331,6,7,parcial,PasajerosArribadosPartidosxAeropuerto2020-2026,MovimientosxAeropuerto2020-2026
Colombia,LMC,SKNA,La Macarena Airport,2020,3219,3578,0,0,6797,0,3219,3578,6797,2056,1972,0,0,4028,0,2056,1972,4028,12,12,anual_completo,PasajerosArribadosPartidosxAeropuerto2020-2026,MovimientosxAeropuerto2020-2026
Colombia,LMC,SKNA,La Macarena Airport,2021,11385,12127,0,0,23512,0,11385,12127,23512,2909,2812,0,0,5721,0,2909,2812,5721,12,12,anual_completo,PasajerosArribadosPartidosxAeropuerto2020-2026,MovimientosxAeropuerto2020-2026
Colombia,LMC,SKNA,La Macarena Airport,2022,14824,15292,0,0,30116,0,14824,15292,30116,3070,3012,0,0,6082,0,3070,3012,6082,12,12,anual_completo,PasajerosArribadosPartidosxAeropuerto2020-2026,MovimientosxAeropuerto2020-2026
Colombia,LMC,SKNA,La Macarena Airport,2023,15079,15286,0,0,30365,0,15079,15286,30365,2679,2621,0,0,5300,0,2679,2621,5300,12,12,anual_completo,PasajerosArribadosPartidosxAeropuerto2020-2026,MovimientosxAeropuerto2020-2026
Colombia,LMC,SKNA,La Macarena Airport,2024,13501,14154,0,0,27655,0,13501,14154,27655,2527,2468,0,0,4995,0,2527,2468,4995,12,12,anual_completo,PasajerosArribadosPartidosxAeropuerto2020-2026,MovimientosxAeropuerto2020-2026
Colombia,LMC,SKNA,La Macarena Airport,2025,13775,14470,0,0,28245,0,13775,14470,28245,2631,2614,0,0,5245,0,2631,2614,5245,12,12,anual_completo,PasajerosArribadosPartidosxAeropuerto2020-2026,MovimientosxAeropuerto2020-2026
Colombia,LMC,SKNA,La Macarena Airport,2026,3424,3566,0,0,6990,0,3424,3566,6990,1310,1317,0,0,2627,0,1310,1317,2627,6,7,parcial,PasajerosArribadosPartidosxAeropuerto2020-2026,MovimientosxAeropuerto2020-2026
Colombia,LPD,SKLP,La Pedrera Airport,2020,1292,1245,0,0,2537,0,1292,1245,2537,292,156,0,0,448,0,292,156,448,12,12,anual_completo,PasajerosArribadosPartidosxAeropuerto2020-2026,MovimientosxAeropuerto2020-2026
Colombia,LPD,SKLP,La Pedrera Airport,2021,1853,1775,0,0,3628,0,1853,1775,3628,431,360,0,0,791,0,431,360,791,12,12,anual_completo,PasajerosArribadosPartidosxAeropuerto2020-2026,MovimientosxAeropuerto2020-2026
Colombia,LPD,SKLP,La Pedrera Airport,2022,2803,2921,0,0,5724,0,2803,2921,5724,546,478,0,0,1024,0,546,478,1024,12,12,anual_completo,PasajerosArribadosPartidosxAeropuerto2020-2026,MovimientosxAeropuerto2020-2026
Colombia,LPD,SKLP,La Pedrera Airport,2023,2035,2248,0,0,4283,0,2035,2248,4283,560,482,0,0,1042,0,560,482,1042,12,12,anual_completo,PasajerosArribadosPartidosxAeropuerto2020-2026,MovimientosxAeropuerto2020-2026
Colombia,LPD,SKLP,La Pedrera Airport,2024,2337,2294,0,0,4631,0,2337,2294,4631,553,488,0,0,1041,0,553,488,1041,12,12,anual_completo,PasajerosArribadosPartidosxAeropuerto2020-2026,MovimientosxAeropuerto2020-2026
Colombia,LPD,SKLP,La Pedrera Airport,2025,2849,2614,0,0,5463,0,2849,2614,5463,606,541,0,0,1147,0,606,541,1147,12,12,anual_completo,PasajerosArribadosPartidosxAeropuerto2020-2026,MovimientosxAeropuerto2020-2026
Colombia,LPD,SKLP,La Pedrera Airport,2026,1474,1347,0,0,2821,0,1474,1347,2821,327,328,0,0,655,0,327,328,655,6,7,parcial,PasajerosArribadosPartidosxAeropuerto2020-2026,MovimientosxAeropuerto2020-2026
Colombia,LQM,SKLG,Caucaya Airport,2020,3634,3724,0,0,7358,0,3634,3724,7358,322,300,0,0,622,0,322,300,622,12,12,anual_completo,PasajerosArribadosPartidosxAeropuerto2020-2026,MovimientosxAeropuerto2020-2026
Colombia,LQM,SKLG,Caucaya Airport,2021,6949,6790,0,0,13739,0,6949,6790,13739,497,457,2,0,954,2,499,457,956,12,12,anual_completo,PasajerosArribadosPartidosxAeropuerto2020-2026,MovimientosxAeropuerto2020-2026
Colombia,LQM,SKLG,Caucaya Airport,2022,7577,7344,0,0,14921,0,7577,7344,14921,465,445,0,0,910,0,465,445,910,12,12,anual_completo,PasajerosArribadosPartidosxAeropuerto2020-2026,MovimientosxAeropuerto2020-2026
Colombia,LQM,SKLG,Caucaya Airport,2023,8106,8228,0,0,16334,0,8106,8228,16334,416,387,2,0,803,2,418,387,805,12,12,anual_completo,PasajerosArribadosPartidosxAeropuerto2020-2026,MovimientosxAeropuerto2020-2026
Colombia,LQM,SKLG,Caucaya Airport,2024,8664,8777,0,0,17441,0,8664,8777,17441,516,458,2,0,974,2,518,458,976,12,12,anual_completo,PasajerosArribadosPartidosxAeropuerto2020-2026,MovimientosxAeropuerto2020-2026
Colombia,LQM,SKLG,Caucaya Airport,2025,9054,9535,0,0,18589,0,9054,9535,18589,464,427,2,1,891,3,466,428,894,12,12,anual_completo,PasajerosArribadosPartidosxAeropuerto2020-2026,MovimientosxAeropuerto2020-2026
Colombia,LQM,SKLG,Caucaya Airport,2026,4425,4221,0,0,8646,0,4425,4221,8646,366,329,1,0,695,1,367,329,696,6,7,parcial,PasajerosArribadosPartidosxAeropuerto2020-2026,MovimientosxAeropuerto2020-2026
Colombia,MDE,SKRG,Jose Maria Córdova International Airport,2020,1049437,1055060,283823,284043,2104497,567866,1333260,1339103,2672363,14769,14143,3642,4078,28912,7720,18411,18221,36632,12,12,anual_completo,PasajerosArribadosPartidosxAeropuerto2020-2026,MovimientosxAeropuerto2020-2026
Colombia,MDE,SKRG,Jose Maria Córdova International Airport,2021,2813265,2646231,709293,733190,5459496,1442483,3522558,3379421,6901979,30286,29783,7673,8060,60069,15733,37959,37843,75802,12,12,anual_completo,PasajerosArribadosPartidosxAeropuerto2020-2026,MovimientosxAeropuerto2020-2026
Colombia,MDE,SKRG,Jose Maria Córdova International Airport,2022,4205289,4246247,1184855,1275172,8451536,2460027,5390144,5521419,10911563,43606,43080,12405,12795,86686,25200,56011,55875,111886,12,12,anual_completo,PasajerosArribadosPartidosxAeropuerto2020-2026,MovimientosxAeropuerto2020-2026
Colombia,MDE,SKRG,Jose Maria Córdova International Airport,2023,3615734,3484053,1313401,1578019,7099787,2891420,4929135,5062072,9991207,35234,34702,11816,12245,69936,24061,47050,46947,93997,12,12,anual_completo,PasajerosArribadosPartidosxAeropuerto2020-2026,MovimientosxAeropuerto2020-2026
Colombia,MDE,SKRG,Jose Maria Córdova International Airport,2024,4010878,4212381,1660734,1894797,8223259,3555531,5671612,6107178,11778790,38795,38302,14331,14758,77097,29089,53126,53060,106186,12,12,anual_completo,PasajerosArribadosPartidosxAeropuerto2020-2026,MovimientosxAeropuerto2020-2026
Colombia,MDE,SKRG,Jose Maria Córdova International Airport,2025,4095275,4104944,1891890,2062343,8200219,3954233,5987165,6167287,12154452,39242,38681,16788,17271,77923,34059,56030,55952,111982,12,12,anual_completo,PasajerosArribadosPartidosxAeropuerto2020-2026,MovimientosxAeropuerto2020-2026
Colombia,MDE,SKRG,Jose Maria Córdova International Airport,2026,1955161,2191978,916137,1083822,4147139,1999959,2871298,3275800,6147098,24187,23898,9723,9998,48085,19721,33910,33896,67806,6,7,parcial,PasajerosArribadosPartidosxAeropuerto2020-2026,MovimientosxAeropuerto2020-2026
Colombia,MTR,SKMR,Los Garzones Airport,2020,174205,200889,2057,1922,375094,3979,176262,202811,379073,4709,4701,2,1,9410,3,4711,4702,9413,12,12,anual_completo,PasajerosArribadosPartidosxAeropuerto2020-2026,MovimientosxAeropuerto2020-2026
Colombia,MTR,SKMR,Los Garzones Airport,2021,485212,456985,2313,2383,942197,4696,487525,459368,946893,7937,7927,2,0,15864,2,7939,7927,15866,12,12,anual_completo,PasajerosArribadosPartidosxAeropuerto2020-2026,MovimientosxAeropuerto2020-2026
Colombia,MTR,SKMR,Los Garzones Airport,2022,636272,745697,1670,5285,1381969,6955,637942,750982,1388924,9462,9491,3,3,18953,6,9465,9494,18959,12,12,anual_completo,PasajerosArribadosPartidosxAeropuerto2020-2026,MovimientosxAeropuerto2020-2026
Colombia,MTR,SKMR,Los Garzones Airport,2023,591519,548696,116,6354,1140215,6470,591635,555050,1146685,8214,8206,3,3,16420,6,8217,8209,16426,12,12,anual_completo,PasajerosArribadosPartidosxAeropuerto2020-2026,MovimientosxAeropuerto2020-2026
Colombia,MTR,SKMR,Los Garzones Airport,2024,606449,666352,0,7950,1272801,7950,606449,674302,1280751,8611,8646,4,3,17257,7,8615,8649,17264,12,12,anual_completo,PasajerosArribadosPartidosxAeropuerto2020-2026,MovimientosxAeropuerto2020-2026
Colombia,MTR,SKMR,Los Garzones Airport,2025,585513,669592,0,12959,1255105,12959,585513,682551,1268064,8160,8169,5,6,16329,11,8165,8175,16340,12,12,anual_completo,PasajerosArribadosPartidosxAeropuerto2020-2026,MovimientosxAeropuerto2020-2026
Colombia,MTR,SKMR,Los Garzones Airport,2026,336139,346542,43,7893,682681,7936,336182,354435,690617,5625,5661,9,8,11286,17,5634,5669,11303,6,7,parcial,PasajerosArribadosPartidosxAeropuerto2020-2026,MovimientosxAeropuerto2020-2026
Colombia,MVP,SKMU,Fabio Alberto Leon Bentley Airport,2020,11856,11889,7,8,23745,15,11863,11897,23760,5694,5699,0,0,11393,0,5694,5699,11393,12,12,anual_completo,PasajerosArribadosPartidosxAeropuerto2020-2026,MovimientosxAeropuerto2020-2026
Colombia,MVP,SKMU,Fabio Alberto Leon Bentley Airport,2021,19585,20264,5,3,39849,8,19590,20267,39857,6598,6540,0,0,13138,0,6598,6540,13138,12,12,anual_completo,PasajerosArribadosPartidosxAeropuerto2020-2026,MovimientosxAeropuerto2020-2026
Colombia,MVP,SKMU,Fabio Alberto Leon Bentley Airport,2022,20703,21428,0,0,42131,0,20703,21428,42131,7690,7662,0,0,15352,0,7690,7662,15352,12,12,anual_completo,PasajerosArribadosPartidosxAeropuerto2020-2026,MovimientosxAeropuerto2020-2026
Colombia,MVP,SKMU,Fabio Alberto Leon Bentley Airport,2023,26596,26035,1,0,52631,1,26597,26035,52632,8060,8057,1,0,16117,1,8061,8057,16118,12,12,anual_completo,PasajerosArribadosPartidosxAeropuerto2020-2026,MovimientosxAeropuerto2020-2026
Colombia,MVP,SKMU,Fabio Alberto Leon Bentley Airport,2024,29745,32644,0,7,62389,7,29745,32651,62396,9187,9187,0,1,18374,1,9187,9188,18375,12,12,anual_completo,PasajerosArribadosPartidosxAeropuerto2020-2026,MovimientosxAeropuerto2020-2026
Colombia,MVP,SKMU,Fabio Alberto Leon Bentley Airport,2025,30972,31797,6,2,62769,8,30978,31799,62777,9608,9596,0,0,19204,0,9608,9596,19204,12,12,anual_completo,PasajerosArribadosPartidosxAeropuerto2020-2026,MovimientosxAeropuerto2020-2026
Colombia,MVP,SKMU,Fabio Alberto Leon Bentley Airport,2026,13609,13441,1,0,27050,1,13610,13441,27051,6068,6064,0,0,12132,0,6068,6064,12132,6,7,parcial,PasajerosArribadosPartidosxAeropuerto2020-2026,MovimientosxAeropuerto2020-2026
Colombia,MZL,SKMZ,La Nubia Airport,2020,33383,31577,0,0,64960,0,33383,31577,64960,1669,1653,0,0,3322,0,1669,1653,3322,10,12,parcial,PasajerosArribadosPartidosxAeropuerto2020-2026,MovimientosxAeropuerto2020-2026
Colombia,MZL,SKMZ,La Nubia Airport,2021,53125,53431,0,0,106556,0,53125,53431,106556,2260,2228,0,0,4488,0,2260,2228,4488,12,12,anual_completo,PasajerosArribadosPartidosxAeropuerto2020-2026,MovimientosxAeropuerto2020-2026
Colombia,MZL,SKMZ,La Nubia Airport,2022,66594,62958,0,0,129552,0,66594,62958,129552,2408,2358,0,0,4766,0,2408,2358,4766,12,12,anual_completo,PasajerosArribadosPartidosxAeropuerto2020-2026,MovimientosxAeropuerto2020-2026
Colombia,MZL,SKMZ,La Nubia Airport,2023,41787,46016,0,0,87803,0,41787,46016,87803,1830,1830,0,0,3660,0,1830,1830,3660,12,12,anual_completo,PasajerosArribadosPartidosxAeropuerto2020-2026,MovimientosxAeropuerto2020-2026
Colombia,MZL,SKMZ,La Nubia Airport,2024,30434,35986,0,0,66420,0,30434,35986,66420,1543,1541,0,0,3084,0,1543,1541,3084,12,12,anual_completo,PasajerosArribadosPartidosxAeropuerto2020-2026,MovimientosxAeropuerto2020-2026
Colombia,MZL,SKMZ,La Nubia Airport,2025,31816,24778,0,0,56594,0,31816,24778,56594,1326,1323,0,0,2649,0,1326,1323,2649,12,12,anual_completo,PasajerosArribadosPartidosxAeropuerto2020-2026,MovimientosxAeropuerto2020-2026
Colombia,MZL,SKMZ,La Nubia Airport,2026,13636,11965,0,0,25601,0,13636,11965,25601,743,744,0,0,1487,0,743,744,1487,6,7,parcial,PasajerosArribadosPartidosxAeropuerto2020-2026,MovimientosxAeropuerto2020-2026
Colombia,NQU,SKNQ,Reyes Murillo Airport,2020,8297,8453,0,0,16750,0,8297,8453,16750,1504,1503,0,0,3007,0,1504,1503,3007,12,12,anual_completo,PasajerosArribadosPartidosxAeropuerto2020-2026,MovimientosxAeropuerto2020-2026
Colombia,NQU,SKNQ,Reyes Murillo Airport,2021,25127,24865,0,0,49992,0,25127,24865,49992,2966,2967,0,0,5933,0,2966,2967,5933,12,12,anual_completo,PasajerosArribadosPartidosxAeropuerto2020-2026,MovimientosxAeropuerto2020-2026
Colombia,NQU,SKNQ,Reyes Murillo Airport,2022,22549,23452,0,0,46001,0,22549,23452,46001,2992,2995,0,0,5987,0,2992,2995,5987,12,12,anual_completo,PasajerosArribadosPartidosxAeropuerto2020-2026,MovimientosxAeropuerto2020-2026
Colombia,NQU,SKNQ,Reyes Murillo Airport,2023,22812,21816,0,0,44628,0,22812,21816,44628,2416,2405,0,0,4821,0,2416,2405,4821,12,12,anual_completo,PasajerosArribadosPartidosxAeropuerto2020-2026,MovimientosxAeropuerto2020-2026
Colombia,NQU,SKNQ,Reyes Murillo Airport,2024,33342,35190,0,0,68532,0,33342,35190,68532,2119,2115,1,0,4234,1,2120,2115,4235,12,12,anual_completo,PasajerosArribadosPartidosxAeropuerto2020-2026,MovimientosxAeropuerto2020-2026
Colombia,NQU,SKNQ,Reyes Murillo Airport,2025,39567,38560,16,0,78127,16,39583,38560,78143,2007,2002,0,0,4009,0,2007,2002,4009,12,12,anual_completo,PasajerosArribadosPartidosxAeropuerto2020-2026,MovimientosxAeropuerto2020-2026
Colombia,NQU,SKNQ,Reyes Murillo Airport,2026,12614,14034,0,0,26648,0,12614,14034,26648,1014,1014,0,0,2028,0,1014,1014,2028,6,7,parcial,PasajerosArribadosPartidosxAeropuerto2020-2026,MovimientosxAeropuerto2020-2026
Colombia,NVA,SKNV,Benito Salas Airport,2020,35651,37919,13,0,73570,13,35664,37919,73583,3225,3300,0,0,6525,0,3225,3300,6525,12,12,anual_completo,PasajerosArribadosPartidosxAeropuerto2020-2026,MovimientosxAeropuerto2020-2026
Colombia,NVA,SKNV,Benito Salas Airport,2021,68609,69110,0,0,137719,0,68609,69110,137719,4728,4817,0,0,9545,0,4728,4817,9545,12,12,anual_completo,PasajerosArribadosPartidosxAeropuerto2020-2026,MovimientosxAeropuerto2020-2026
Colombia,NVA,SKNV,Benito Salas Airport,2022,170891,184419,0,1,355310,1,170891,184420,355311,5729,5733,0,0,11462,0,5729,5733,11462,12,12,anual_completo,PasajerosArribadosPartidosxAeropuerto2020-2026,MovimientosxAeropuerto2020-2026
Colombia,NVA,SKNV,Benito Salas Airport,2023,148681,166840,0,12,315521,12,148681,166852,315533,4570,4612,0,0,9182,0,4570,4612,9182,12,12,anual_completo,PasajerosArribadosPartidosxAeropuerto2020-2026,MovimientosxAeropuerto2020-2026
Colombia,NVA,SKNV,Benito Salas Airport,2024,137452,204004,0,3,341456,3,137452,204007,341459,5110,5131,0,0,10241,0,5110,5131,10241,12,12,anual_completo,PasajerosArribadosPartidosxAeropuerto2020-2026,MovimientosxAeropuerto2020-2026
Colombia,NVA,SKNV,Benito Salas Airport,2025,146578,198015,0,0,344593,0,146578,198015,344593,5119,5128,0,0,10247,0,5119,5128,10247,12,12,anual_completo,PasajerosArribadosPartidosxAeropuerto2020-2026,MovimientosxAeropuerto2020-2026
Colombia,NVA,SKNV,Benito Salas Airport,2026,63112,82225,0,0,145337,0,63112,82225,145337,3102,3105,0,0,6207,0,3102,3105,6207,6,7,parcial,PasajerosArribadosPartidosxAeropuerto2020-2026,MovimientosxAeropuerto2020-2026
Colombia,PCR,SKPC,German Olano Airport,2020,8862,9732,0,0,18594,0,8862,9732,18594,1216,1175,0,0,2391,0,1216,1175,2391,12,12,anual_completo,PasajerosArribadosPartidosxAeropuerto2020-2026,MovimientosxAeropuerto2020-2026
Colombia,PCR,SKPC,German Olano Airport,2021,18278,18913,0,0,37191,0,18278,18913,37191,1679,1654,0,0,3333,0,1679,1654,3333,12,12,anual_completo,PasajerosArribadosPartidosxAeropuerto2020-2026,MovimientosxAeropuerto2020-2026
Colombia,PCR,SKPC,German Olano Airport,2022,25304,26508,0,0,51812,0,25304,26508,51812,1607,1596,1,5,3203,6,1608,1601,3209,12,12,anual_completo,PasajerosArribadosPartidosxAeropuerto2020-2026,MovimientosxAeropuerto2020-2026
Colombia,PCR,SKPC,German Olano Airport,2023,33978,33347,0,0,67325,0,33978,33347,67325,1483,1473,1,1,2956,2,1484,1474,2958,12,12,anual_completo,PasajerosArribadosPartidosxAeropuerto2020-2026,MovimientosxAeropuerto2020-2026
Colombia,PCR,SKPC,German Olano Airport,2024,34827,37079,0,0,71906,0,34827,37079,71906,1573,1578,0,0,3151,0,1573,1578,3151,12,12,anual_completo,PasajerosArribadosPartidosxAeropuerto2020-2026,MovimientosxAeropuerto2020-2026
Colombia,PCR,SKPC,German Olano Airport,2025,35556,36340,0,0,71896,0,35556,36340,71896,1538,1538,0,0,3076,0,1538,1538,3076,12,12,anual_completo,PasajerosArribadosPartidosxAeropuerto2020-2026,MovimientosxAeropuerto2020-2026
Colombia,PCR,SKPC,German Olano Airport,2026,14845,16492,0,0,31337,0,14845,16492,31337,884,878,0,0,1762,0,884,878,1762,6,7,parcial,PasajerosArribadosPartidosxAeropuerto2020-2026,MovimientosxAeropuerto2020-2026
Colombia,PDA,SKPD,Obando Cesar Gaviria Trujillo Airport,2020,,,,,,,,,,1398,1397,0,0,2795,0,1398,1397,2795,0,12,parcial,PasajerosArribadosPartidosxAeropuerto2020-2026,MovimientosxAeropuerto2020-2026
Colombia,PDA,SKPD,Obando Cesar Gaviria Trujillo Airport,2021,,,,,,,,,,2036,2034,0,0,4070,0,2036,2034,4070,0,12,parcial,PasajerosArribadosPartidosxAeropuerto2020-2026,MovimientosxAeropuerto2020-2026
Colombia,PDA,SKPD,Obando Cesar Gaviria Trujillo Airport,2022,,,,,,,,,,2100,2095,0,0,4195,0,2100,2095,4195,0,12,parcial,PasajerosArribadosPartidosxAeropuerto2020-2026,MovimientosxAeropuerto2020-2026
Colombia,PDA,SKPD,Obando Cesar Gaviria Trujillo Airport,2023,,,,,,,,,,1962,1975,0,0,3937,0,1962,1975,3937,0,12,parcial,PasajerosArribadosPartidosxAeropuerto2020-2026,MovimientosxAeropuerto2020-2026
Colombia,PDA,SKPD,Obando Cesar Gaviria Trujillo Airport,2024,,,,,,,,,,2208,2215,0,0,4423,0,2208,2215,4423,0,12,parcial,PasajerosArribadosPartidosxAeropuerto2020-2026,MovimientosxAeropuerto2020-2026
Colombia,PDA,SKPD,Obando Cesar Gaviria Trujillo Airport,2025,,,,,,,,,,2667,2687,0,0,5354,0,2667,2687,5354,0,12,parcial,PasajerosArribadosPartidosxAeropuerto2020-2026,MovimientosxAeropuerto2020-2026
Colombia,PDA,SKPD,Obando Cesar Gaviria Trujillo Airport,2026,,,,,,,,,,1707,1705,0,0,3412,0,1707,1705,3412,0,7,parcial,PasajerosArribadosPartidosxAeropuerto2020-2026,MovimientosxAeropuerto2020-2026
Colombia,PEI,SKPE,Matecaña International Airport,2020,245868,229814,35823,31335,475682,67158,281691,261149,542840,5219,5212,200,204,10431,404,5419,5416,10835,12,12,anual_completo,PasajerosArribadosPartidosxAeropuerto2020-2026,MovimientosxAeropuerto2020-2026
Colombia,PEI,SKPE,Matecaña International Airport,2021,624009,624874,87418,84215,1248883,171633,711427,709089,1420516,10165,10194,545,548,20359,1093,10710,10742,21452,12,12,anual_completo,PasajerosArribadosPartidosxAeropuerto2020-2026,MovimientosxAeropuerto2020-2026
Colombia,PEI,SKPE,Matecaña International Airport,2022,1029326,1094369,94697,145344,2123695,240041,1124023,1239713,2363736,12928,12955,707,706,25883,1413,13635,13661,27296,12,12,anual_completo,PasajerosArribadosPartidosxAeropuerto2020-2026,MovimientosxAeropuerto2020-2026
Colombia,PEI,SKPE,Matecaña International Airport,2023,748012,875894,94343,149779,1623906,244122,842355,1025673,1868028,11068,11065,881,891,22133,1772,11949,11956,23905,12,12,anual_completo,PasajerosArribadosPartidosxAeropuerto2020-2026,MovimientosxAeropuerto2020-2026
Colombia,PEI,SKPE,Matecaña International Airport,2024,1042237,1095526,88329,184946,2137763,273275,1130566,1280472,2411038,12073,12062,812,818,24135,1630,12885,12880,25765,12,12,anual_completo,PasajerosArribadosPartidosxAeropuerto2020-2026,MovimientosxAeropuerto2020-2026
Colombia,PEI,SKPE,Matecaña International Airport,2025,966110,1044964,95683,197247,2011074,292930,1061793,1242211,2304004,11478,11479,794,785,22957,1579,12272,12264,24536,12,12,anual_completo,PasajerosArribadosPartidosxAeropuerto2020-2026,MovimientosxAeropuerto2020-2026
Colombia,PEI,SKPE,Matecaña International Airport,2026,457163,534665,47483,113862,991828,161345,504646,648527,1153173,7404,7402,523,525,14806,1048,7927,7927,15854,6,7,parcial,PasajerosArribadosPartidosxAeropuerto2020-2026,MovimientosxAeropuerto2020-2026
Colombia,PPN,SKPP,Guillermo León Valencia Airport,2020,15405,16839,0,0,32244,0,15405,16839,32244,2516,2574,0,0,5090,0,2516,2574,5090,12,12,anual_completo,PasajerosArribadosPartidosxAeropuerto2020-2026,MovimientosxAeropuerto2020-2026
Colombia,PPN,SKPP,Guillermo León Valencia Airport,2021,33427,29289,0,0,62716,0,33427,29289,62716,3567,3582,0,0,7149,0,3567,3582,7149,12,12,anual_completo,PasajerosArribadosPartidosxAeropuerto2020-2026,MovimientosxAeropuerto2020-2026
Colombia,PPN,SKPP,Guillermo León Valencia Airport,2022,55894,49087,0,0,104981,0,55894,49087,104981,3240,3248,1,0,6488,1,3241,3248,6489,12,12,anual_completo,PasajerosArribadosPartidosxAeropuerto2020-2026,MovimientosxAeropuerto2020-2026
Colombia,PPN,SKPP,Guillermo León Valencia Airport,2023,53854,60988,0,0,114842,0,53854,60988,114842,4094,4133,1,0,8227,1,4095,4133,8228,12,12,anual_completo,PasajerosArribadosPartidosxAeropuerto2020-2026,MovimientosxAeropuerto2020-2026
Colombia,PPN,SKPP,Guillermo León Valencia Airport,2024,63868,78787,0,1,142655,1,63868,78788,142656,4530,4586,0,0,9116,0,4530,4586,9116,12,12,anual_completo,PasajerosArribadosPartidosxAeropuerto2020-2026,MovimientosxAeropuerto2020-2026
Colombia,PPN,SKPP,Guillermo León Valencia Airport,2025,82277,103460,0,13,185737,13,82277,103473,185750,5110,5179,0,0,10289,0,5110,5179,10289,12,12,anual_completo,PasajerosArribadosPartidosxAeropuerto2020-2026,MovimientosxAeropuerto2020-2026
Colombia,PPN,SKPP,Guillermo León Valencia Airport,2026,38673,59151,0,0,97824,0,38673,59151,97824,2719,2778,0,0,5497,0,2719,2778,5497,6,7,parcial,PasajerosArribadosPartidosxAeropuerto2020-2026,MovimientosxAeropuerto2020-2026
Colombia,PSO,SKPS,Antonio Nariño Airport,2020,56528,54354,938,1141,110882,2079,57466,55495,112961,1493,1474,0,0,2967,0,1493,1474,2967,12,12,anual_completo,PasajerosArribadosPartidosxAeropuerto2020-2026,MovimientosxAeropuerto2020-2026
Colombia,PSO,SKPS,Antonio Nariño Airport,2021,143386,147502,1048,1117,290888,2165,144434,148619,293053,2584,2563,0,0,5147,0,2584,2563,5147,12,12,anual_completo,PasajerosArribadosPartidosxAeropuerto2020-2026,MovimientosxAeropuerto2020-2026
Colombia,PSO,SKPS,Antonio Nariño Airport,2022,331126,323003,591,3242,654129,3833,331717,326245,657962,3963,3944,0,0,7907,0,3963,3944,7907,12,12,anual_completo,PasajerosArribadosPartidosxAeropuerto2020-2026,MovimientosxAeropuerto2020-2026
Colombia,PSO,SKPS,Antonio Nariño Airport,2023,362624,401699,8,5005,764323,5013,362632,406704,769336,4156,4127,1,0,8283,1,4157,4127,8284,12,12,anual_completo,PasajerosArribadosPartidosxAeropuerto2020-2026,MovimientosxAeropuerto2020-2026
Colombia,PSO,SKPS,Antonio Nariño Airport,2024,348708,352170,0,6266,700878,6266,348708,358436,707144,4212,4190,0,0,8402,0,4212,4190,8402,12,12,anual_completo,PasajerosArribadosPartidosxAeropuerto2020-2026,MovimientosxAeropuerto2020-2026
Colombia,PSO,SKPS,Antonio Nariño Airport,2025,301303,327443,0,8735,628746,8735,301303,336178,637481,4065,4056,0,0,8121,0,4065,4056,8121,12,12,anual_completo,PasajerosArribadosPartidosxAeropuerto2020-2026,MovimientosxAeropuerto2020-2026
Colombia,PSO,SKPS,Antonio Nariño Airport,2026,150196,168787,0,5599,318983,5599,150196,174386,324582,2251,2260,0,0,4511,0,2251,2260,4511,6,7,parcial,PasajerosArribadosPartidosxAeropuerto2020-2026,MovimientosxAeropuerto2020-2026
Colombia,PUU,SKAS,Tres De Mayo Airport,2020,15171,19888,0,0,35059,0,15171,19888,35059,1114,1120,0,0,2234,0,1114,1120,2234,12,12,anual_completo,PasajerosArribadosPartidosxAeropuerto2020-2026,MovimientosxAeropuerto2020-2026
Colombia,PUU,SKAS,Tres De Mayo Airport,2021,41919,44036,0,0,85955,0,41919,44036,85955,1756,1729,0,0,3485,0,1756,1729,3485,12,12,anual_completo,PasajerosArribadosPartidosxAeropuerto2020-2026,MovimientosxAeropuerto2020-2026
Colombia,PUU,SKAS,Tres De Mayo Airport,2022,64826,66496,0,0,131322,0,64826,66496,131322,2289,2269,0,0,4558,0,2289,2269,4558,12,12,anual_completo,PasajerosArribadosPartidosxAeropuerto2020-2026,MovimientosxAeropuerto2020-2026
Colombia,PUU,SKAS,Tres De Mayo Airport,2023,55695,60339,0,0,116034,0,55695,60339,116034,1776,1801,0,0,3577,0,1776,1801,3577,12,12,anual_completo,PasajerosArribadosPartidosxAeropuerto2020-2026,MovimientosxAeropuerto2020-2026
Colombia,PUU,SKAS,Tres De Mayo Airport,2024,52276,52291,0,0,104567,0,52276,52291,104567,1624,1687,0,0,3311,0,1624,1687,3311,12,12,anual_completo,PasajerosArribadosPartidosxAeropuerto2020-2026,MovimientosxAeropuerto2020-2026
Colombia,PUU,SKAS,Tres De Mayo Airport,2025,57466,55186,0,0,112652,0,57466,55186,112652,1667,1740,0,0,3407,0,1667,1740,3407,12,12,anual_completo,PasajerosArribadosPartidosxAeropuerto2020-2026,MovimientosxAeropuerto2020-2026
Colombia,PUU,SKAS,Tres De Mayo Airport,2026,22924,27765,0,0,50689,0,22924,27765,50689,994,1012,0,0,2006,0,994,1012,2006,6,7,parcial,PasajerosArribadosPartidosxAeropuerto2020-2026,MovimientosxAeropuerto2020-2026
Colombia,PVA,SKPV,El Embrujo Airport,2020,9439,7395,0,0,16834,0,9439,7395,16834,1308,1289,0,0,2597,0,1308,1289,2597,8,12,parcial,PasajerosArribadosPartidosxAeropuerto2020-2026,MovimientosxAeropuerto2020-2026
Colombia,PVA,SKPV,El Embrujo Airport,2021,12554,10627,14,0,23181,14,12568,10627,23195,2413,2423,0,0,4836,0,2413,2423,4836,12,12,anual_completo,PasajerosArribadosPartidosxAeropuerto2020-2026,MovimientosxAeropuerto2020-2026
Colombia,PVA,SKPV,El Embrujo Airport,2022,22703,25281,0,0,47984,0,22703,25281,47984,2004,1994,0,0,3998,0,2004,1994,3998,12,12,anual_completo,PasajerosArribadosPartidosxAeropuerto2020-2026,MovimientosxAeropuerto2020-2026
Colombia,PVA,SKPV,El Embrujo Airport,2023,34255,37962,0,0,72217,0,34255,37962,72217,1302,1303,0,0,2605,0,1302,1303,2605,12,12,anual_completo,PasajerosArribadosPartidosxAeropuerto2020-2026,MovimientosxAeropuerto2020-2026
Colombia,PVA,SKPV,El Embrujo Airport,2024,43159,42800,0,0,85959,0,43159,42800,85959,1399,1390,0,0,2789,0,1399,1390,2789,12,12,anual_completo,PasajerosArribadosPartidosxAeropuerto2020-2026,MovimientosxAeropuerto2020-2026
Colombia,PVA,SKPV,El Embrujo Airport,2025,47283,44102,0,0,91385,0,47283,44102,91385,1430,1426,0,0,2856,0,1430,1426,2856,12,12,anual_completo,PasajerosArribadosPartidosxAeropuerto2020-2026,MovimientosxAeropuerto2020-2026
Colombia,PVA,SKPV,El Embrujo Airport,2026,18934,25326,0,0,44260,0,18934,25326,44260,933,930,0,0,1863,0,933,930,1863,6,7,parcial,PasajerosArribadosPartidosxAeropuerto2020-2026,MovimientosxAeropuerto2020-2026
Colombia,RCH,SKRH,Almirante Padilla Airport,2020,39212,35822,1178,993,75034,2171,40390,36815,77205,716,785,24,25,1501,49,740,810,1550,12,12,anual_completo,PasajerosArribadosPartidosxAeropuerto2020-2026,MovimientosxAeropuerto2020-2026
Colombia,RCH,SKRH,Almirante Padilla Airport,2021,105671,110640,1127,836,216311,1963,106798,111476,218274,1225,1346,2,6,2571,8,1227,1352,2579,12,12,anual_completo,PasajerosArribadosPartidosxAeropuerto2020-2026,MovimientosxAeropuerto2020-2026
Colombia,RCH,SKRH,Almirante Padilla Airport,2022,213062,210122,875,3622,423184,4497,213937,213744,427681,1856,1976,1,1,3832,2,1857,1977,3834,12,12,anual_completo,PasajerosArribadosPartidosxAeropuerto2020-2026,MovimientosxAeropuerto2020-2026
Colombia,RCH,SKRH,Almirante Padilla Airport,2023,218485,240240,26,4740,458725,4766,218511,244980,463491,2373,2558,0,0,4931,0,2373,2558,4931,12,12,anual_completo,PasajerosArribadosPartidosxAeropuerto2020-2026,MovimientosxAeropuerto2020-2026
Colombia,RCH,SKRH,Almirante Padilla Airport,2024,250061,265959,19,7645,516020,7664,250080,273604,523684,2694,2783,1,1,5477,2,2695,2784,5479,12,12,anual_completo,PasajerosArribadosPartidosxAeropuerto2020-2026,MovimientosxAeropuerto2020-2026
Colombia,RCH,SKRH,Almirante Padilla Airport,2025,264980,260161,10,20151,525141,20161,264990,280312,545302,2494,2586,2,0,5080,2,2496,2586,5082,12,12,anual_completo,PasajerosArribadosPartidosxAeropuerto2020-2026,MovimientosxAeropuerto2020-2026
Colombia,RCH,SKRH,Almirante Padilla Airport,2026,129638,121703,0,7644,251341,7644,129638,129347,258985,1565,1593,2,3,3158,5,1567,1596,3163,6,7,parcial,PasajerosArribadosPartidosxAeropuerto2020-2026,MovimientosxAeropuerto2020-2026
Colombia,RVE,SKSA,Los Colonizadores Airport,2020,6022,5243,0,0,11265,0,6022,5243,11265,1574,1517,0,0,3091,0,1574,1517,3091,12,12,anual_completo,PasajerosArribadosPartidosxAeropuerto2020-2026,MovimientosxAeropuerto2020-2026
Colombia,RVE,SKSA,Los Colonizadores Airport,2021,14469,14884,0,0,29353,0,14469,14884,29353,2447,2395,0,0,4842,0,2447,2395,4842,12,12,anual_completo,PasajerosArribadosPartidosxAeropuerto2020-2026,MovimientosxAeropuerto2020-2026
Colombia,RVE,SKSA,Los Colonizadores Airport,2022,19378,19523,0,0,38901,0,19378,19523,38901,2610,2625,0,0,5235,0,2610,2625,5235,12,12,anual_completo,PasajerosArribadosPartidosxAeropuerto2020-2026,MovimientosxAeropuerto2020-2026
Colombia,RVE,SKSA,Los Colonizadores Airport,2023,22617,22771,0,0,45388,0,22617,22771,45388,3008,3145,0,0,6153,0,3008,3145,6153,12,12,anual_completo,PasajerosArribadosPartidosxAeropuerto2020-2026,MovimientosxAeropuerto2020-2026
Colombia,RVE,SKSA,Los Colonizadores Airport,2024,24424,24867,0,0,49291,0,24424,24867,49291,2438,2913,0,0,5351,0,2438,2913,5351,12,12,anual_completo,PasajerosArribadosPartidosxAeropuerto2020-2026,MovimientosxAeropuerto2020-2026
Colombia,RVE,SKSA,Los Colonizadores Airport,2025,28878,28300,0,0,57178,0,28878,28300,57178,2008,2168,0,0,4176,0,2008,2168,4176,12,12,anual_completo,PasajerosArribadosPartidosxAeropuerto2020-2026,MovimientosxAeropuerto2020-2026
Colombia,RVE,SKSA,Los Colonizadores Airport,2026,13382,13392,0,0,26774,0,13382,13392,26774,992,1001,0,0,1993,0,992,1001,1993,6,7,parcial,PasajerosArribadosPartidosxAeropuerto2020-2026,MovimientosxAeropuerto2020-2026
Colombia,SJE,SKSJ,Jorge E. Gonzalez Torres Airport,2020,6463,6880,0,0,13343,0,6463,6880,13343,4567,4614,0,0,9181,0,4567,4614,9181,12,12,anual_completo,PasajerosArribadosPartidosxAeropuerto2020-2026,MovimientosxAeropuerto2020-2026
Colombia,SJE,SKSJ,Jorge E. Gonzalez Torres Airport,2021,16395,17335,0,0,33730,0,16395,17335,33730,6300,6347,0,0,12647,0,6300,6347,12647,12,12,anual_completo,PasajerosArribadosPartidosxAeropuerto2020-2026,MovimientosxAeropuerto2020-2026
Colombia,SJE,SKSJ,Jorge E. Gonzalez Torres Airport,2022,19514,20041,0,0,39555,0,19514,20041,39555,6058,6046,0,0,12104,0,6058,6046,12104,12,12,anual_completo,PasajerosArribadosPartidosxAeropuerto2020-2026,MovimientosxAeropuerto2020-2026
Colombia,SJE,SKSJ,Jorge E. Gonzalez Torres Airport,2023,18740,18902,4,0,37642,4,18744,18902,37646,4372,4382,0,0,8754,0,4372,4382,8754,12,12,anual_completo,PasajerosArribadosPartidosxAeropuerto2020-2026,MovimientosxAeropuerto2020-2026
Colombia,SJE,SKSJ,Jorge E. Gonzalez Torres Airport,2024,23397,23392,4,0,46789,4,23401,23392,46793,4153,4183,0,0,8336,0,4153,4183,8336,12,12,anual_completo,PasajerosArribadosPartidosxAeropuerto2020-2026,MovimientosxAeropuerto2020-2026
Colombia,SJE,SKSJ,Jorge E. Gonzalez Torres Airport,2025,22840,23118,8,0,45958,8,22848,23118,45966,5089,5108,0,0,10197,0,5089,5108,10197,12,12,anual_completo,PasajerosArribadosPartidosxAeropuerto2020-2026,MovimientosxAeropuerto2020-2026
Colombia,SJE,SKSJ,Jorge E. Gonzalez Torres Airport,2026,10849,10768,0,0,21617,0,10849,10768,21617,3190,3185,0,0,6375,0,3190,3185,6375,6,7,parcial,PasajerosArribadosPartidosxAeropuerto2020-2026,MovimientosxAeropuerto2020-2026
Colombia,SMR,SKSM,Simón Bolívar International Airport,2020,305494,369340,4181,4751,674834,8932,309675,374091,683766,4196,4170,31,30,8366,61,4227,4200,8427,11,12,parcial,PasajerosArribadosPartidosxAeropuerto2020-2026,MovimientosxAeropuerto2020-2026
Colombia,SMR,SKSM,Simón Bolívar International Airport,2021,1143310,1128608,4287,4260,2271918,8547,1147597,1132868,2280465,11264,11229,61,60,22493,121,11325,11289,22614,12,12,anual_completo,PasajerosArribadosPartidosxAeropuerto2020-2026,MovimientosxAeropuerto2020-2026
Colombia,SMR,SKSM,Simón Bolívar International Airport,2022,1699049,1655067,13810,24060,3354116,37870,1712859,1679127,3391986,15060,15066,148,157,30126,305,15208,15223,30431,12,12,anual_completo,PasajerosArribadosPartidosxAeropuerto2020-2026,MovimientosxAeropuerto2020-2026
Colombia,SMR,SKSM,Simón Bolívar International Airport,2023,1279766,1274371,18674,35271,2554137,53945,1298440,1309642,2608082,10681,10725,262,255,21406,517,10943,10980,21923,12,12,anual_completo,PasajerosArribadosPartidosxAeropuerto2020-2026,MovimientosxAeropuerto2020-2026
Colombia,SMR,SKSM,Simón Bolívar International Airport,2024,1707488,1563030,17719,37725,3270518,55444,1725207,1600755,3325962,13849,13971,194,195,27820,389,14043,14166,28209,12,12,anual_completo,PasajerosArribadosPartidosxAeropuerto2020-2026,MovimientosxAeropuerto2020-2026
Colombia,SMR,SKSM,Simón Bolívar International Airport,2025,1667150,1616829,18072,40244,3283979,58316,1685222,1657073,3342295,14046,14139,219,209,28185,428,14265,14348,28613,12,12,anual_completo,PasajerosArribadosPartidosxAeropuerto2020-2026,MovimientosxAeropuerto2020-2026
Colombia,SMR,SKSM,Simón Bolívar International Airport,2026,853317,831147,9667,25164,1684464,34831,862984,856311,1719295,8110,8102,116,122,16212,238,8226,8224,16450,6,7,parcial,PasajerosArribadosPartidosxAeropuerto2020-2026,MovimientosxAeropuerto2020-2026
Colombia,SVI,SKSV,Eduardo Falla Solano Airport,2020,908,912,0,0,1820,0,908,912,1820,195,172,0,0,367,0,195,172,367,12,12,anual_completo,PasajerosArribadosPartidosxAeropuerto2020-2026,MovimientosxAeropuerto2020-2026
Colombia,SVI,SKSV,Eduardo Falla Solano Airport,2021,3842,4188,0,0,8030,0,3842,4188,8030,409,395,0,0,804,0,409,395,804,12,12,anual_completo,PasajerosArribadosPartidosxAeropuerto2020-2026,MovimientosxAeropuerto2020-2026
Colombia,SVI,SKSV,Eduardo Falla Solano Airport,2022,4093,4265,0,0,8358,0,4093,4265,8358,521,493,0,0,1014,0,521,493,1014,12,12,anual_completo,PasajerosArribadosPartidosxAeropuerto2020-2026,MovimientosxAeropuerto2020-2026
Colombia,SVI,SKSV,Eduardo Falla Solano Airport,2023,3499,3635,0,0,7134,0,3499,3635,7134,415,399,1,1,814,2,416,400,816,12,12,anual_completo,PasajerosArribadosPartidosxAeropuerto2020-2026,MovimientosxAeropuerto2020-2026
Colombia,SVI,SKSV,Eduardo Falla Solano Airport,2024,3760,3863,0,0,7623,0,3760,3863,7623,387,373,0,0,760,0,387,373,760,12,12,anual_completo,PasajerosArribadosPartidosxAeropuerto2020-2026,MovimientosxAeropuerto2020-2026
Colombia,SVI,SKSV,Eduardo Falla Solano Airport,2025,3766,3932,0,0,7698,0,3766,3932,7698,368,340,0,0,708,0,368,340,708,12,12,anual_completo,PasajerosArribadosPartidosxAeropuerto2020-2026,MovimientosxAeropuerto2020-2026
Colombia,SVI,SKSV,Eduardo Falla Solano Airport,2026,1436,1555,0,0,2991,0,1436,1555,2991,241,194,0,0,435,0,241,194,435,6,7,parcial,PasajerosArribadosPartidosxAeropuerto2020-2026,MovimientosxAeropuerto2020-2026
Colombia,TCD,SKRA,Tarapacá Airport,2020,,,,,,,,,,241,74,0,0,315,0,241,74,315,0,12,parcial,PasajerosArribadosPartidosxAeropuerto2020-2026,MovimientosxAeropuerto2020-2026
Colombia,TCD,SKRA,Tarapacá Airport,2021,,,,,,,,,,237,164,0,0,401,0,237,164,401,0,12,parcial,PasajerosArribadosPartidosxAeropuerto2020-2026,MovimientosxAeropuerto2020-2026
Colombia,TCD,SKRA,Tarapacá Airport,2022,,,,,,,,,,208,161,0,0,369,0,208,161,369,0,12,parcial,PasajerosArribadosPartidosxAeropuerto2020-2026,MovimientosxAeropuerto2020-2026
Colombia,TCD,SKRA,Tarapacá Airport,2023,,,,,,,,,,190,147,0,0,337,0,190,147,337,0,12,parcial,PasajerosArribadosPartidosxAeropuerto2020-2026,MovimientosxAeropuerto2020-2026
Colombia,TCD,SKRA,Tarapacá Airport,2024,,,,,,,,,,217,193,0,0,410,0,217,193,410,0,12,parcial,PasajerosArribadosPartidosxAeropuerto2020-2026,MovimientosxAeropuerto2020-2026
Colombia,TCD,SKRA,Tarapacá Airport,2025,,,,,,,,,,261,233,0,0,494,0,261,233,494,0,12,parcial,PasajerosArribadosPartidosxAeropuerto2020-2026,MovimientosxAeropuerto2020-2026
Colombia,TCD,SKRA,Tarapacá Airport,2026,,,,,,,,,,176,165,0,0,341,0,176,165,341,0,7,parcial,PasajerosArribadosPartidosxAeropuerto2020-2026,MovimientosxAeropuerto2020-2026
Colombia,TCO,SKCO,La Florida Airport,2020,20154,22174,0,0,42328,0,20154,22174,42328,4431,4376,0,1,8807,1,4431,4377,8808,12,12,anual_completo,PasajerosArribadosPartidosxAeropuerto2020-2026,MovimientosxAeropuerto2020-2026
Colombia,TCO,SKCO,La Florida Airport,2021,51391,55174,0,0,106565,0,51391,55174,106565,4916,4898,3,6,9814,9,4919,4904,9823,12,12,anual_completo,PasajerosArribadosPartidosxAeropuerto2020-2026,MovimientosxAeropuerto2020-2026
Colombia,TCO,SKCO,La Florida Airport,2022,62398,62647,0,0,125045,0,62398,62647,125045,3443,3422,4,5,6865,9,3447,3427,6874,12,12,anual_completo,PasajerosArribadosPartidosxAeropuerto2020-2026,MovimientosxAeropuerto2020-2026
Colombia,TCO,SKCO,La Florida Airport,2023,74031,76278,0,0,150309,0,74031,76278,150309,3520,3506,1,9,7026,10,3521,3515,7036,12,12,anual_completo,PasajerosArribadosPartidosxAeropuerto2020-2026,MovimientosxAeropuerto2020-2026
Colombia,TCO,SKCO,La Florida Airport,2024,58776,67678,0,0,126454,0,58776,67678,126454,2960,2943,0,4,5903,4,2960,2947,5907,12,12,anual_completo,PasajerosArribadosPartidosxAeropuerto2020-2026,MovimientosxAeropuerto2020-2026
Colombia,TCO,SKCO,La Florida Airport,2025,66468,65841,0,0,132309,0,66468,65841,132309,3051,3013,4,9,6064,13,3055,3022,6077,12,12,anual_completo,PasajerosArribadosPartidosxAeropuerto2020-2026,MovimientosxAeropuerto2020-2026
Colombia,TCO,SKCO,La Florida Airport,2026,28699,33660,0,0,62359,0,28699,33660,62359,1775,1725,2,4,3500,6,1777,1729,3506,6,7,parcial,PasajerosArribadosPartidosxAeropuerto2020-2026,MovimientosxAeropuerto2020-2026
Colombia,TLU,SKTL,Golfo de Morrosquillo Airport,2020,1807,1777,0,0,3584,0,1807,1777,3584,335,334,0,2,669,2,335,336,671,8,10,parcial,PasajerosArribadosPartidosxAeropuerto2020-2026,MovimientosxAeropuerto2020-2026
Colombia,TLU,SKTL,Golfo de Morrosquillo Airport,2021,8372,8367,0,0,16739,0,8372,8367,16739,631,633,19,15,1264,34,650,648,1298,12,12,anual_completo,PasajerosArribadosPartidosxAeropuerto2020-2026,MovimientosxAeropuerto2020-2026
Colombia,TLU,SKTL,Golfo de Morrosquillo Airport,2022,19347,17819,0,0,37166,0,19347,17819,37166,888,890,0,0,1778,0,888,890,1778,12,12,anual_completo,PasajerosArribadosPartidosxAeropuerto2020-2026,MovimientosxAeropuerto2020-2026
Colombia,TLU,SKTL,Golfo de Morrosquillo Airport,2023,32492,37820,0,0,70312,0,32492,37820,70312,1302,1305,0,0,2607,0,1302,1305,2607,12,12,anual_completo,PasajerosArribadosPartidosxAeropuerto2020-2026,MovimientosxAeropuerto2020-2026
Colombia,TLU,SKTL,Golfo de Morrosquillo Airport,2024,26880,19018,0,0,45898,0,26880,19018,45898,922,920,0,0,1842,0,922,920,1842,8,9,parcial,PasajerosArribadosPartidosxAeropuerto2020-2026,MovimientosxAeropuerto2020-2026
Colombia,TLU,SKTL,Golfo de Morrosquillo Airport,2025,24099,26519,0,0,50618,0,24099,26519,50618,794,790,0,0,1584,0,794,790,1584,9,11,parcial,PasajerosArribadosPartidosxAeropuerto2020-2026,MovimientosxAeropuerto2020-2026
Colombia,TLU,SKTL,Golfo de Morrosquillo Airport,2026,16882,19344,0,0,36226,0,16882,19344,36226,691,695,0,0,1386,0,691,695,1386,6,7,parcial,PasajerosArribadosPartidosxAeropuerto2020-2026,MovimientosxAeropuerto2020-2026
Colombia,TME,SKTM,Gustavo Vargas Airport,2020,1976,1909,0,0,3885,0,1976,1909,3885,810,789,0,0,1599,0,810,789,1599,12,12,anual_completo,PasajerosArribadosPartidosxAeropuerto2020-2026,MovimientosxAeropuerto2020-2026
Colombia,TME,SKTM,Gustavo Vargas Airport,2021,4107,4209,0,0,8316,0,4107,4209,8316,1007,998,0,0,2005,0,1007,998,2005,12,12,anual_completo,PasajerosArribadosPartidosxAeropuerto2020-2026,MovimientosxAeropuerto2020-2026
Colombia,TME,SKTM,Gustavo Vargas Airport,2022,5291,5729,0,0,11020,0,5291,5729,11020,2153,2141,0,0,4294,0,2153,2141,4294,12,12,anual_completo,PasajerosArribadosPartidosxAeropuerto2020-2026,MovimientosxAeropuerto2020-2026
Colombia,TME,SKTM,Gustavo Vargas Airport,2023,3982,4324,0,1,8306,1,3982,4325,8307,1796,1801,0,0,3597,0,1796,1801,3597,12,12,anual_completo,PasajerosArribadosPartidosxAeropuerto2020-2026,MovimientosxAeropuerto2020-2026
Colombia,TME,SKTM,Gustavo Vargas Airport,2024,4256,4305,0,0,8561,0,4256,4305,8561,1860,1859,0,0,3719,0,1860,1859,3719,12,12,anual_completo,PasajerosArribadosPartidosxAeropuerto2020-2026,MovimientosxAeropuerto2020-2026
Colombia,TME,SKTM,Gustavo Vargas Airport,2025,4124,4301,0,0,8425,0,4124,4301,8425,695,924,0,0,1619,0,695,924,1619,12,12,anual_completo,PasajerosArribadosPartidosxAeropuerto2020-2026,MovimientosxAeropuerto2020-2026
Colombia,TME,SKTM,Gustavo Vargas Airport,2026,1890,1914,0,0,3804,0,1890,1914,3804,359,473,0,0,832,0,359,473,832,6,7,parcial,PasajerosArribadosPartidosxAeropuerto2020-2026,MovimientosxAeropuerto2020-2026
Colombia,UIB,SKUI,El Caraño Airport,2020,69919,74458,0,0,144377,0,69919,74458,144377,6760,6679,1,0,13439,1,6761,6679,13440,12,12,anual_completo,PasajerosArribadosPartidosxAeropuerto2020-2026,MovimientosxAeropuerto2020-2026
Colombia,UIB,SKUI,El Caraño Airport,2021,135769,150013,0,0,285782,0,135769,150013,285782,8943,8913,0,1,17856,1,8943,8914,17857,12,12,anual_completo,PasajerosArribadosPartidosxAeropuerto2020-2026,MovimientosxAeropuerto2020-2026
Colombia,UIB,SKUI,El Caraño Airport,2022,167048,185607,21,17,352655,38,167069,185624,352693,9999,10009,0,0,20008,0,9999,10009,20008,12,12,anual_completo,PasajerosArribadosPartidosxAeropuerto2020-2026,MovimientosxAeropuerto2020-2026
Colombia,UIB,SKUI,El Caraño Airport,2023,160601,165394,0,0,325995,0,160601,165394,325995,9570,9507,2,0,19077,2,9572,9507,19079,12,12,anual_completo,PasajerosArribadosPartidosxAeropuerto2020-2026,MovimientosxAeropuerto2020-2026
Colombia,UIB,SKUI,El Caraño Airport,2024,138382,159208,3,9,297590,12,138385,159217,297602,8876,8853,0,0,17729,0,8876,8853,17729,12,12,anual_completo,PasajerosArribadosPartidosxAeropuerto2020-2026,MovimientosxAeropuerto2020-2026
Colombia,UIB,SKUI,El Caraño Airport,2025,161828,161463,0,19,323291,19,161828,161482,323310,8660,8672,0,0,17332,0,8660,8672,17332,12,12,anual_completo,PasajerosArribadosPartidosxAeropuerto2020-2026,MovimientosxAeropuerto2020-2026
Colombia,UIB,SKUI,El Caraño Airport,2026,70197,81755,0,0,151952,0,70197,81755,151952,5259,5256,0,0,10515,0,5259,5256,10515,6,7,parcial,PasajerosArribadosPartidosxAeropuerto2020-2026,MovimientosxAeropuerto2020-2026
Colombia,VUP,SKVP,Alfonso López Pumarejo Airport,2020,65045,46436,926,1233,111481,2159,65971,47669,113640,1527,1534,3,0,3061,3,1530,1534,3064,12,12,anual_completo,PasajerosArribadosPartidosxAeropuerto2020-2026,MovimientosxAeropuerto2020-2026
Colombia,VUP,SKVP,Alfonso López Pumarejo Airport,2021,134107,120919,1132,1235,255026,2367,135239,122154,257393,2383,2451,5,1,4834,6,2388,2452,4840,12,12,anual_completo,PasajerosArribadosPartidosxAeropuerto2020-2026,MovimientosxAeropuerto2020-2026
Colombia,VUP,SKVP,Alfonso López Pumarejo Airport,2022,225070,221645,855,5521,446715,6376,225925,227166,453091,3566,3606,10,9,7172,19,3576,3615,7191,12,12,anual_completo,PasajerosArribadosPartidosxAeropuerto2020-2026,MovimientosxAeropuerto2020-2026
Colombia,VUP,SKVP,Alfonso López Pumarejo Airport,2023,198516,226620,13,5248,425136,5261,198529,231868,430397,3379,3435,5,8,6814,13,3384,3443,6827,12,12,anual_completo,PasajerosArribadosPartidosxAeropuerto2020-2026,MovimientosxAeropuerto2020-2026
Colombia,VUP,SKVP,Alfonso López Pumarejo Airport,2024,194888,207632,101,6360,402520,6461,194989,213992,408981,3274,3371,15,15,6645,30,3289,3386,6675,12,12,anual_completo,PasajerosArribadosPartidosxAeropuerto2020-2026,MovimientosxAeropuerto2020-2026
Colombia,VUP,SKVP,Alfonso López Pumarejo Airport,2025,175787,196927,0,10213,372714,10213,175787,207140,382927,3087,3122,10,10,6209,20,3097,3132,6229,12,12,anual_completo,PasajerosArribadosPartidosxAeropuerto2020-2026,MovimientosxAeropuerto2020-2026
Colombia,VUP,SKVP,Alfonso López Pumarejo Airport,2026,102066,89364,1,5936,191430,5937,102067,95300,197367,1906,1903,10,11,3809,21,1916,1914,3830,6,7,parcial,PasajerosArribadosPartidosxAeropuerto2020-2026,MovimientosxAeropuerto2020-2026
Colombia,VVC,SKVV,Vanguardia Airport,2020,41581,44533,8,7,86114,15,41589,44540,86129,17661,17528,1,0,35189,1,17662,17528,35190,12,12,anual_completo,PasajerosArribadosPartidosxAeropuerto2020-2026,MovimientosxAeropuerto2020-2026
Colombia,VVC,SKVV,Vanguardia Airport,2021,61053,63342,0,1,124395,1,61053,63343,124396,20712,20627,0,0,41339,0,20712,20627,41339,12,12,anual_completo,PasajerosArribadosPartidosxAeropuerto2020-2026,MovimientosxAeropuerto2020-2026
Colombia,VVC,SKVV,Vanguardia Airport,2022,126200,132971,18,9,259171,27,126218,132980,259198,23018,22909,0,0,45927,0,23018,22909,45927,12,12,anual_completo,PasajerosArribadosPartidosxAeropuerto2020-2026,MovimientosxAeropuerto2020-2026
Colombia,VVC,SKVV,Vanguardia Airport,2023,123087,150039,5,1,273126,6,123092,150040,273132,18288,18236,0,0,36524,0,18288,18236,36524,12,12,anual_completo,PasajerosArribadosPartidosxAeropuerto2020-2026,MovimientosxAeropuerto2020-2026
Colombia,VVC,SKVV,Vanguardia Airport,2024,123787,171273,8,9,295060,17,123795,171282,295077,18496,18472,0,1,36968,1,18496,18473,36969,12,12,anual_completo,PasajerosArribadosPartidosxAeropuerto2020-2026,MovimientosxAeropuerto2020-2026
Colombia,VVC,SKVV,Vanguardia Airport,2025,124066,164059,2,11,288125,13,124068,164070,288138,19068,19052,0,0,38120,0,19068,19052,38120,12,12,anual_completo,PasajerosArribadosPartidosxAeropuerto2020-2026,MovimientosxAeropuerto2020-2026
Colombia,VVC,SKVV,Vanguardia Airport,2026,51762,67583,0,1,119345,1,51762,67584,119346,10800,10795,0,0,21595,0,10800,10795,21595,6,7,parcial,PasajerosArribadosPartidosxAeropuerto2020-2026,MovimientosxAeropuerto2020-2026
Ecuador,ETR,SERO,Aeropuerto Internacional Santa Rosa - Artillery Colonel Victor Larrea,2024,29122,29329,,,58451,,29122,29329,58451,,,,,,,,,,12,0,anual_pasajeros_sin_movimientos,DGAC Ecuador - datos aportados por la usuaria en imagen/captura de trabajo 2024,
Ecuador,GPS,SEGS,Aeropuerto Seymour Galapagos Ecological,2024,246434,241704,,,488138,,246434,241704,488138,,,,,,,,,,12,0,anual_pasajeros_sin_movimientos,DGAC Ecuador - datos aportados por la usuaria en imagen/captura de trabajo 2024,
Ecuador,GYE,SEGU,Aeropuerto Internacional José Joaquín de Olmedo,2024,821599,807427,1041489,1152065,1629026,2193554,1863088,1959492,3822580,,,,,,,,,,12,0,anual_pasajeros_sin_movimientos,DGAC Ecuador - datos aportados por la usuaria en imagen/captura de trabajo 2024,
Ecuador,LOH,SECA,Aeropuerto Ciudad de Catamayo,2024,82454,80145,,,162599,,82454,80145,162599,,,,,,,,,,12,0,anual_pasajeros_sin_movimientos,DGAC Ecuador - datos aportados por la usuaria en imagen/captura de trabajo 2024,
Ecuador,MEC,SEMT,Aeropuerto Internacional Eloy Alfaro,2024,141383,143077,,,284460,,141383,143077,284460,,,,,,,,,,12,0,anual_pasajeros_sin_movimientos,DGAC Ecuador - datos aportados por la usuaria en imagen/captura de trabajo 2024,
Ecuador,SCY,SEST,Aeropuerto San Cristóbal,2024,104242,110199,,,214441,,104242,110199,214441,,,,,,,,,,12,0,anual_pasajeros_sin_movimientos,DGAC Ecuador - datos aportados por la usuaria en imagen/captura de trabajo 2024,
Ecuador,UIO,SEQM,Aeropuerto Internacional Mariscal Sucre,2024,1354926,1369125,1259725,1232856,2724051,2492581,2614651,2601981,5216632,,,,,,,,,,12,0,anual_pasajeros_sin_movimientos,DGAC Ecuador - datos aportados por la usuaria en imagen/captura de trabajo 2024,
