CityPair_IATA	Aerolinea Nombre	Clasificacion	Comercial Av Gral	DistanciaKM
EZE - GMP	N/A	Internacional	Av. General	19470
EZE - PEK	Aerolíneas Argentinas	Internacional	Comercial	19311
DMK - EZE	Ethiopian Airlines	Internacional	Comercial	16907
EZE - SDK	N/A	Internacional	Comercial	16799
FDO - LKH		Internacional	Av. General	16502
EZE - HKT	N/A	Internacional	Av. General	16239
CNQ - HAZ		Internacional	Av. General	15656
COC - HAZ		Internacional	Av. General	15362
EZE - HAZ	Aerolíneas Argentinas	Internacional	Comercial	15013
DRW - EZE	Qantas Airways Limited	Internacional	Comercial	14686
EZE - MLE		Internacional	Comercial	14046
EZE - MLE	N/A	Internacional	Av. General	14046
EZE - MLE	N/A	Internacional	Comercial	14046
DXB - EZE	Emirates Airline	Internacional	Comercial	13691
DXB - EZE	N/A	Internacional	Comercial	13691
EZE - SVO	Aerolíneas Argentinas	Internacional	Comercial	13513
EZE - VKO	Aerolíneas Argentinas	Internacional	Comercial	13492
ANC - EZE	N/A	Internacional	Comercial	13435
BAH - EZE	N/A	Internacional	Comercial	13318
EZE - SFT	Aerolíneas Argentinas	Internacional	Comercial	13014
EZE - HEL	N/A	Internacional	Comercial	12996
EZE - RUH	N/A	Internacional	Av. General	12900
EZE - RUH	N/A	Internacional	Comercial	12900
EZE - RMA	Aerolíneas Argentinas	Internacional	Comercial	12625
EZE - RMA	Alitalia	Internacional	Comercial	12625
ARN - EZE	Hi Fly	Internacional	Comercial	12613
BZZ - CRD	Royal Air Force	Internacional	Av. General	12549
BQH - BRC	N/A	Internacional	Av. General	12382
EZE - WAW	Atlas Air	Internacional	Comercial	12363
EZE - WAW	N/A	Internacional	Av. General	12363
EZE - WAW	N/A	Internacional	Comercial	12363
BNE - EZE	Qantas Airways Limited	Internacional	Comercial	12353
EZE - LCA	Aerolíneas Argentinas	Internacional	Comercial	12312
EZE - LCA	N/A	Internacional	Av. General	12312
CPC - LTN	Qatar Executive	Internacional	Av. General	12305
EZE - IST	Hi Fly	Internacional	Comercial	12271
EZE - IST	N/A	Internacional	Av. General	12271
EZE - IST	Turkish Airlines	Internacional	Comercial	12271
EZE - MED	N/A	Internacional	Comercial	12261
EZE - TLV	N/A	Internacional	Comercial	12260
EZE - SDV	Austral Líneas Aéreas	Internacional	Comercial	12257
BRC - MLA	N/A	Internacional	Comercial	12225
EZE - USQ	N/A	Internacional	Av. General	12195
EZE - POZ	Korean Air	Internacional	Comercial	12137
FTE - MAD	N/A	Internacional	Comercial	12105
EZE - JED	N/A	Internacional	Av. General	12050
EZE - JED	N/A	Internacional	Comercial	12050
EZE - SOF	N/A	Internacional	Av. General	11980
EZE - SXF	N/A	Internacional	Comercial	11948
EZE - TXL	N/A	Internacional	Av. General	11947
EZE - TXL	N/A	Internacional	Comercial	11947
BLL - EZE	Cargolux	Internacional	Comercial	11939
EZE - HRG	Qatar Airways	Internacional	Comercial	11899
EZE - LBC	Aerolíneas Argentinas	Internacional	Comercial	11889
CAI - EZE	N/A	Internacional	Av. General	11868
CAI - EZE	N/A	Internacional	Comercial	11868
EZE - VIE	N/A	Internacional	Comercial	11857
EZE - VIE	Qatar Amiri Flight	Internacional	Av. General	11857
EZE - PRG	N/A	Internacional	Comercial	11844
EZE - HAM	Lufthansa	Internacional	Comercial	11839
EZE - HAM	N/A	Internacional	Comercial	11839
EZE - SKG	N/A	Internacional	Av. General	11821
EZE - LEJ	Emirates Airline	Internacional	Comercial	11815
EZE - SYD	LATAM	Internacional	Comercial	11780
EZE - SYD	N/A	Internacional	Av. General	11780
EZE - SYD	Qantas Airways Limited	Internacional	Comercial	11780
AEP - NAN	N/A	Internacional	Comercial	11744
CFU - COR	Qatar Executive	Internacional	Comercial	11723
FCO - MDZ	Alitalia	Internacional	Comercial	11722
EZE - NAN	N/A	Internacional	Av. General	11718
EZE - NAN	N/A	Internacional	Comercial	11718
COR - MUC	Air Europa	Internacional	Comercial	11638
EZE - FMO	Lufthansa	Internacional	Comercial	11615
EZE - MEL	Qantas Airways Limited	Internacional	Comercial	11613
EZE - MUC	Aerolíneas Argentinas	Internacional	Comercial	11584
EZE - MUC	Iberia Airlines	Internacional	Comercial	11584
EZE - MUC	Lufthansa	Internacional	Comercial	11584
EZE - MUC	N/A	Internacional	Av. General	11584
AEP - MUC	Gestair	Internacional	Av. General	11555
CDG - MDZ	Air France	Internacional	Comercial	11518
EZE - FRA	Aerolíneas Argentinas	Internacional	Comercial	11513
EZE - FRA	Air Europa	Internacional	Comercial	11513
EZE - FRA	Air France	Internacional	Comercial	11513
EZE - FRA	Alitalia	Internacional	Comercial	11513
EZE - FRA	Boliviana de Aviacion	Internacional	Comercial	11513
EZE - FRA	British Airways	Internacional	Comercial	11513
EZE - FRA	Delta Air Lines	Internacional	Comercial	11513
EZE - FRA	ITA Airways	Internacional	Comercial	11513
EZE - FRA	KLM	Internacional	Comercial	11513
EZE - FRA	Lufthansa	Internacional	Comercial	11513
EZE - FRA	Lufthansa Cargo	Internacional	Comercial	11513
EZE - FRA	N/A	Internacional	Av. General	11513
EZE - FRA	N/A	Internacional	Comercial	11513
EZE - FRA	United Airlines	Internacional	Comercial	11513
SFO - USH	N/A	Internacional	Comercial	11509
DUS - EZE	N/A	Internacional	Comercial	11506
DUS - EZE	Qatar Amiri Flight	Internacional	Av. General	11506
CGN - EZE	Lufthansa	Internacional	Comercial	11496
AEP - FRA	N/A	Internacional	Av. General	11483
BDS - EZE	N/A	Internacional	Comercial	11476
AMS - EZE	Air Canada	Internacional	Comercial	11475
AMS - EZE	Atlas Air	Internacional	Comercial	11475
AMS - EZE	KLM	Internacional	Comercial	11475
AMS - EZE	LATAM	Internacional	Comercial	11475
AMS - EZE	Lufthansa	Internacional	Comercial	11475
AMS - EZE	Lufthansa Cargo	Internacional	Comercial	11475
AMS - EZE	Martinair	Internacional	Comercial	11475
AMS - EZE	N/A	Internacional	Comercial	11475
AMS - EZE	Qatar Airways	Internacional	Comercial	11475
AMS - EZE	Volga-Dnepr Airlines	Internacional	Comercial	11475
BRC - VLC	N/A	Internacional	Comercial	11474
FRA - ROS	Lufthansa	Internacional	Comercial	11472
SJC - USH	N/A	Internacional	Comercial	11465
AMS - COR	KLM	Internacional	Comercial	11459
EZE - KEF	N/A	Internacional	Av. General	11444
EZE - KEF	N/A	Internacional	Comercial	11444
EZE - HHN	N/A	Internacional	Comercial	11437
EZE - RTM	KLM	Internacional	Comercial	11432
ACH - EZE	Edelweiss Air	Internacional	Comercial	11394
EZE - LGG	Air Atlanta Icelandic	Internacional	Comercial	11388
EZE - LGG	N/A	Internacional	Comercial	11388
EZE - LGG	Qatar Airways	Internacional	Comercial	11388
BRU - EZE	N/A	Internacional	Comercial	11357
EZE - LUX	Cargolux	Internacional	Comercial	11356
EZE - LUX	Qatar Airways	Internacional	Comercial	11356
EZE - ZRH		Internacional	Av. General	11334
EZE - ZRH	Air Canada	Internacional	Comercial	11334
EZE - ZRH	Edelweiss Air	Internacional	Comercial	11334
EZE - ZRH	Lufthansa	Internacional	Comercial	11334
EZE - ZRH	N/A	Internacional	Av. General	11334
EZE - ZRH	N/A	Internacional	Comercial	11334
EZE - ZRH	Swiss International Air Lines	Internacional	Comercial	11334
CRL - EZE	N/A	Internacional	Comercial	11323
EZE - GLA	Aerolíneas Argentinas	Internacional	Comercial	11320
EZE - YVR	Hi Fly	Internacional	Comercial	11319
EZE - YVR	N/A	Internacional	Av. General	11319
EZE - YVR	N/A	Internacional	Comercial	11319
EZE - YVR	Qatar Executive	Internacional	Comercial	11319
UAQ - ZNZ	N/A	Internacional	Av. General	11303
UAQ - ZNZ	N/A	Internacional	Comercial	11303
MDZ - ZNZ	N/A	Internacional	Av. General	11301
EZE - OST	Qatar Airways	Internacional	Comercial	11295
COR - FCO	Aerolíneas Argentinas	Internacional	Comercial	11286
COR - FCO	Alitalia	Internacional	Comercial	11286
COR - FCO	ITA Airways	Internacional	Comercial	11286
BSL - EZE	Lufthansa	Internacional	Comercial	11283
BSL - EZE	Qatar Airways	Internacional	Comercial	11283
EZE - LBA	N/A	Internacional	Comercial	11281
ADD - EZE	Ethiopian Airlines	Internacional	Comercial	11255
ADD - EZE	N/A	Internacional	Comercial	11255
EZE - LIN	N/A	Internacional	Av. General	11234
EZE - LIN	N/A	Internacional	Comercial	11234
EZE - STN	Aeronexus	Internacional	Comercial	11216
EZE - STN	Lufthansa Cargo	Internacional	Comercial	11216
EZE - STN	N/A	Internacional	Av. General	11216
EZE - STN	N/A	Internacional	Comercial	11216
EZE - STN	Qatar Airways	Internacional	Comercial	11216
EZE - STN	Qatar Executive	Internacional	Av. General	11216
EMA - EZE	N/A	Internacional	Comercial	11215
EZE - MXP	Alitalia	Internacional	Comercial	11214
EZE - MXP	ITA Airways	Internacional	Comercial	11214
EZE - MXP	N/A	Internacional	Comercial	11214
EZE - MXP	Qatar Airways	Internacional	Comercial	11214
EZE - SEN	N/A	Internacional	Comercial	11214
EZE - MAN	N/A	Internacional	Comercial	11212
EZE - MAN	Qatar Executive	Internacional	Comercial	11212
AEP - FLR	N/A	Internacional	Av. General	11210
CIA - EZE	Aerolíneas Argentinas	Internacional	Comercial	11191
CIA - EZE	Alitalia	Internacional	Comercial	11191
CIA - EZE	ITA Airways	Internacional	Comercial	11191
CIA - EZE	N/A	Internacional	Comercial	11191
EZE - LTN	British Airways	Internacional	Comercial	11185
EZE - LTN	N/A	Internacional	Av. General	11185
EZE - LTN	N/A	Internacional	Comercial	11185
EZE - LTN	Qatar Airways	Internacional	Comercial	11185
EZE - LTN	Qatar Amiri Flight	Internacional	Av. General	11185
EZE - LTN	Qatar Executive	Internacional	Av. General	11185
EZE - LTN	Qatar Executive	Internacional	Comercial	11185
EZE - LTN	Unijet	Internacional	Comercial	11185
AEP - STN	N/A	Internacional	Av. General	11185
EZE - LTQ	Air France	Internacional	Comercial	11179
EZE - LTQ	Lufthansa	Internacional	Comercial	11179
USH - YUL	N/A	Internacional	Comercial	11179
EZE - LCY	British Airways	Internacional	Comercial	11177
EZE - LCY	N/A	Internacional	Comercial	11177
EZE - LCY	Norwegian Air Shuttle	Internacional	Comercial	11177
FCO - ROS	Aerolíneas Argentinas	Internacional	Comercial	11170
FCO - ROS	Alitalia	Internacional	Comercial	11170
EZE - FCO	Aerolíneas Argentinas	Internacional	Comercial	11168
EZE - FCO	Air Europa	Internacional	Comercial	11168
EZE - FCO	Air France	Internacional	Comercial	11168
EZE - FCO	Alitalia	Internacional	Comercial	11168
EZE - FCO	British Airways	Internacional	Comercial	11168
EZE - FCO	Centurion Air Cargo	Internacional	Comercial	11168
EZE - FCO	Gol Transportes Aéreos	Internacional	Comercial	11168
EZE - FCO	Iberia Airlines	Internacional	Comercial	11168
EZE - FCO	Inter Trans Air	Internacional	Comercial	11168
EZE - FCO	ITA Airways	Internacional	Comercial	11168
EZE - FCO	N/A	Internacional	Av. General	11168
EZE - FCO	N/A	Internacional	Comercial	11168
BHX - EZE	British Airways	Internacional	Comercial	11165
BHX - EZE	N/A	Internacional	Comercial	11165
BQH - EZE	N/A	Internacional	Comercial	11162
BQH - EZE	Qatar Executive	Internacional	Comercial	11162
AEP - CIA	N/A	Internacional	Av. General	11162
AEP - CIA	N/A	Internacional	Comercial	11162
AEP - PSA	N/A	Internacional	Av. General	11150
EZE - LHR	Aerolíneas Argentinas	Internacional	Comercial	11149
EZE - LHR	Air Canada	Internacional	Comercial	11149
EZE - LHR	British Airways	Internacional	Comercial	11149
EZE - LHR	Edelweiss Air	Internacional	Comercial	11149
EZE - LHR	Lufthansa	Internacional	Comercial	11149
EZE - LHR	Lufthansa Cargo	Internacional	Comercial	11149
EZE - LHR	N/A	Internacional	Comercial	11149
EZE - LHR	Norwegian Air Argentina	Internacional	Comercial	11149
EZE - LHR	Norwegian Air Shuttle	Internacional	Comercial	11149
EZE - LHR	United Airlines	Internacional	Comercial	11149
BFI - EZE	Aerolíneas Argentinas	Internacional	Comercial	11148
BFI - EZE	N/A	Internacional	Av. General	11148
BFI - EZE	N/A	Internacional	Comercial	11148
EZE - YRM	N/A	Internacional	Comercial	11143
EZE - SEA	Aerolíneas Argentinas	Internacional	Comercial	11143
EZE - SEA	Atlas Air	Internacional	Comercial	11143
EZE - SEA	NetJets	Internacional	Av. General	11143
EZE - LGW	British Airways	Internacional	Comercial	11137
EZE - LGW	Edelweiss Air	Internacional	Comercial	11137
EZE - LGW	N/A	Internacional	Av. General	11137
EZE - LGW	Norwegian Air Argentina	Internacional	Comercial	11137
EZE - LGW	Norwegian Air Shuttle	Internacional	Comercial	11137
EZE - LDY	British Airways	Internacional	Comercial	11137
EZE - GOA	N/A	Internacional	Av. General	11134
EZE - FAB	N/A	Internacional	Av. General	11118
EZE - FAB	N/A	Internacional	Comercial	11118
EZE - FAB	NetJets	Internacional	Comercial	11118
EZE - FAB	Qatar Airways	Internacional	Comercial	11118
LTN - ROS	N/A	Internacional	Av. General	11118
CDG - COR	Air France	Internacional	Comercial	11117
COR - LHR	British Airways	Internacional	Comercial	11117
CDG - EZE	Aerolíneas Argentinas	Internacional	Comercial	11113
CDG - EZE	Aeroméxico	Internacional	Comercial	11113
CDG - EZE	Air Atlanta Icelandic	Internacional	Comercial	11113
CDG - EZE	Air France	Internacional	Comercial	11113
CDG - EZE	British Airways	Internacional	Comercial	11113
CDG - EZE	ITA Airways	Internacional	Comercial	11113
CDG - EZE	KLM	Internacional	Comercial	11113
CDG - EZE	Lufthansa	Internacional	Comercial	11113
CDG - EZE	N/A	Internacional	Comercial	11113
CDG - EZE	Qatar Amiri Flight	Internacional	Av. General	11113
CDG - EZE	TAM Linhas Aéreas	Internacional	Comercial	11113
CDG - EZE	Wamos Air	Internacional	Comercial	11113
COR - LBG	Qatar Executive	Internacional	Comercial	11108
AEP - LGW	N/A	Internacional	Comercial	11107
EZE - LBG		Internacional	Av. General	11104
EZE - LBG		Internacional	Comercial	11104
EZE - LBG	Air France	Internacional	Comercial	11104
EZE - LBG	Lufthansa	Internacional	Comercial	11104
EZE - LBG	N/A	Internacional	Comercial	11104
EZE - GVA	Dasnair	Internacional	Av. General	11104
EZE - GVA	Dasnair	Internacional	Comercial	11104
EZE - GVA	Edelweiss Air	Internacional	Comercial	11104
EZE - GVA	N/A	Internacional	Av. General	11104
EZE - GVA	N/A	Internacional	Comercial	11104
EZE - GVA	Qatar Airways	Internacional	Av. General	11104
EZE - GVA	Qatar Airways	Internacional	Comercial	11104
COR - MLA	N/A	Internacional	Av. General	11100
ROS - TRN	N/A	Internacional	Av. General	11095
AEP - TRN	N/A	Internacional	Av. General	11090
AEP - CDG		Internacional	Comercial	11083
AEP - CDG	N/A	Internacional	Comercial	11083
LHR - ROS	Norwegian Air Shuttle	Internacional	Comercial	11083
EZE - ORY	N/A	Internacional	Av. General	11081
AEP - GVA	Dasnair	Internacional	Av. General	11074
AEP - GVA	N/A	Internacional	Av. General	11074
AEP - LBG		Internacional	Comercial	11074
AEP - LBG	N/A	Internacional	Av. General	11074
LGW - ROS	Norwegian Air Shuttle	Internacional	Comercial	11072
APA - USH	N/A	Internacional	Av. General	11071
APA - USH	N/A	Internacional	Comercial	11071
LBG - ROS		Internacional	Av. General	11053
LBG - ROS		Internacional	Comercial	11053
LBG - ROS	N/A	Internacional	Av. General	11053
FAB - ROS	N/A	Internacional	Av. General	11052
EVX - EZE	N/A	Internacional	Av. General	11044
DUB - EZE	N/A	Internacional	Comercial	11038
LUX - TUC	Qatar Airways	Internacional	Comercial	11036
AEP - SOU	N/A	Internacional	Av. General	11033
BOH - EZE	N/A	Internacional	Comercial	11027
EZE - LYS	N/A	Internacional	Av. General	11007
AGP - BRC	N/A	Internacional	Comercial	11003
BFI - CPC	N/A	Internacional	Av. General	10985
EZE - NCE	N/A	Internacional	Av. General	10981
EZE - NCE	N/A	Internacional	Comercial	10981
LAX - USH	N/A	Internacional	Comercial	10980
EZE - PMO	N/A	Internacional	Comercial	10976
AEP - NCE		Internacional	Av. General	10952
AEP - NCE	N/A	Internacional	Comercial	10952
EZE - OLB	N/A	Internacional	Av. General	10927
EZE - OLB	N/A	Internacional	Comercial	10927
AEP - MRU	N/A	Internacional	Av. General	10924
EZE - MLA	Aerolíneas Argentinas	Internacional	Comercial	10915
EZE - MLA	N/A	Internacional	Av. General	10915
EZE - MLA	N/A	Internacional	Comercial	10915
AEP - FSC		Internacional	Comercial	10914
CHR - EZE	N/A	Internacional	Comercial	10904
AEP - OLB	N/A	Internacional	Comercial	10899
AEP - TPS	N/A	Internacional	Av. General	10889
AEP - MLA	N/A	Internacional	Comercial	10889
EZE - MRS		Internacional	Comercial	10844
EZE - MRS	N/A	Internacional	Av. General	10844
EZE - MRS	Qatar Executive	Internacional	Av. General	10844
LTN - TUC	Qatar Airways	Internacional	Comercial	10787
IBZ - MDZ		Internacional	Comercial	10775
EZE - MXN	Emirates Airline	Internacional	Comercial	10753
EZE - UAK	Austral Líneas Aéreas	Internacional	Comercial	10751
USH - YUM	N/A	Internacional	Av. General	10698
SCF - USH	N/A	Internacional	Av. General	10693
EZE - TUN	N/A	Internacional	Av. General	10687
DAY - USH	N/A	Internacional	Av. General	10656
EZE - TLS	Aerolíneas Argentinas	Internacional	Comercial	10632
FCO - RES	Aerolíneas Argentinas	Internacional	Comercial	10627
BOD - EZE	N/A	Internacional	Av. General	10610
AEP - BOD	N/A	Internacional	Av. General	10580
BCN - COR	N/A	Internacional	Av. General	10561
MAD - MDZ	Iberia Airlines	Internacional	Comercial	10557
MAD - MDZ	LATAM	Internacional	Comercial	10557
MAD - MDZ	Plus Ultra Líneas Aéreas	Internacional	Comercial	10557
EZE - LDE	Aerolíneas Argentinas	Internacional	Comercial	10518
EZE - YQR	N/A	Internacional	Comercial	10515
EZE - MAH	N/A	Internacional	Comercial	10514
EZE - MBA	N/A	Internacional	Comercial	10502
UAQ - YVR	N/A	Internacional	Comercial	10498
BWI - USH	Omniflys	Internacional	Comercial	10497
BCN - EZE		Internacional	Av. General	10493
BCN - EZE		Internacional	Comercial	10493
BCN - EZE	Aerolíneas Argentinas	Internacional	Comercial	10493
BCN - EZE	Air Europa	Internacional	Comercial	10493
BCN - EZE	Alitalia	Internacional	Comercial	10493
BCN - EZE	Flybondi	Internacional	Comercial	10493
BCN - EZE	Gestair	Internacional	Av. General	10493
BCN - EZE	Gestair	Internacional	Comercial	10493
BCN - EZE	Iberia Airlines	Internacional	Comercial	10493
BCN - EZE	Korean Air	Internacional	Av. General	10493
BCN - EZE	N/A	Internacional	Av. General	10493
BCN - EZE	N/A	Internacional	Comercial	10493
BCN - EZE	Qatar Executive	Internacional	Av. General	10493
BCN - EZE	Qatar Executive	Internacional	Comercial	10493
FDO - MAH	N/A	Internacional	Comercial	10487
COR - PMI	Air Europa	Internacional	Comercial	10486
AEP - BOI		Internacional	Av. General	10485
AEP - MAH	Gestair	Internacional	Av. General	10485
AEP - MAH	N/A	Internacional	Comercial	10485
IAD - USH	N/A	Internacional	Av. General	10477
BCN - ROS		Internacional	Av. General	10471
BCN - ROS		Internacional	Comercial	10471
BCN - ROS	Gestair	Internacional	Av. General	10471
BCN - ROS	Gestair	Internacional	Comercial	10471
BCN - ROS	N/A	Internacional	Av. General	10471
BCN - ROS	N/A	Internacional	Comercial	10471
BCN - ROS	Qatar Executive	Internacional	Av. General	10471
BCN - FDO		Internacional	Av. General	10465
BCN - FDO		Internacional	Comercial	10465
BCN - FDO	N/A	Internacional	Av. General	10465
FAO - NQN	N/A	Internacional	Av. General	10464
AEP - BCN		Internacional	Av. General	10463
AEP - BCN		Internacional	Comercial	10463
AEP - BCN	Gestair	Internacional	Av. General	10463
AEP - BCN	Gestair	Internacional	Comercial	10463
AEP - BCN	N/A	Internacional	Av. General	10463
AEP - BCN	N/A	Internacional	Comercial	10463
TFS - USH	N/A	Internacional	Av. General	10463
MAD - UAQ	Qatar Executive	Internacional	Av. General	10431
EZE - SFO	N/A	Internacional	Av. General	10414
EZE - SFO	N/A	Internacional	Comercial	10414
EZE - SFO	NetJets	Internacional	Comercial	10414
NCE - RES	N/A	Internacional	Av. General	10401
AEP - SFO	N/A	Internacional	Av. General	10401
AEP - SFO	NetJets	Internacional	Av. General	10401
EZE - PMI	Gestair	Internacional	Comercial	10398
AEP - PMI		Internacional	Av. General	10369
AEP - PMI	Gestair	Internacional	Av. General	10369
AEP - PMI	Gestair	Internacional	Comercial	10369
AEP - PMI	N/A	Internacional	Av. General	10369
BIO - EZE	Aerolíneas Argentinas	Internacional	Comercial	10365
BIO - EZE	N/A	Internacional	Av. General	10365
BIO - EZE	N/A	Internacional	Comercial	10365
EZE - SJC	N/A	Internacional	Av. General	10365
EZE - SJC	N/A	Internacional	Comercial	10365
AEP - AKL	N/A	Internacional	Av. General	10353
AEP - AKL	N/A	Internacional	Comercial	10353
AEP - SJC	N/A	Internacional	Av. General	10353
AEP - SJC	N/A	Internacional	Comercial	10353
EZE - ZAZ	Gestair	Internacional	Av. General	10338
AKL - EZE	ACM Air Charter	Internacional	Comercial	10324
AKL - EZE	Aerolíneas Argentinas	Internacional	Comercial	10324
AKL - EZE	Air New Zealand	Internacional	Comercial	10324
AKL - EZE	N/A	Internacional	Av. General	10324
AKL - EZE	N/A	Internacional	Comercial	10324
AKL - EZE	NetJets	Internacional	Comercial	10324
AKL - EZE	Qantas Airways Limited	Internacional	Comercial	10324
AEP - ZNZ	N/A	Internacional	Comercial	10321
EZE - JRO	N/A	Internacional	Av. General	10312
EZE - JRO	N/A	Internacional	Comercial	10312
EZE - MRY	N/A	Internacional	Comercial	10301
ROS - VIT		Internacional	Av. General	10301
CPC - RAK	Qatar Executive	Internacional	Comercial	10290
DAR - EZE	Qatar Executive	Internacional	Comercial	10283
AKL - COR	Amaszonas	Internacional	Comercial	10264
EZE - IBZ		Internacional	Av. General	10261
EZE - IBZ	N/A	Internacional	Av. General	10261
EZE - IBZ	N/A	Internacional	Comercial	10261
CRD - LAX	N/A	Internacional	Av. General	10246
IBZ - ROS	N/A	Internacional	Av. General	10246
BSL - IGR	N/A	Internacional	Comercial	10245
FDO - IBZ		Internacional	Av. General	10234
FDO - IBZ		Internacional	Comercial	10234
AEP - IBZ		Internacional	Av. General	10232
AEP - IBZ		Internacional	Comercial	10232
AEP - IBZ	Gestair	Internacional	Av. General	10232
AEP - IBZ	Gestair	Internacional	Comercial	10232
AEP - IBZ	N/A	Internacional	Av. General	10232
AEP - IBZ	N/A	Internacional	Comercial	10232
ALG - EZE	N/A	Internacional	Av. General	10208
BRC - SFO	N/A	Internacional	Av. General	10198
EZE - VLC	N/A	Internacional	Av. General	10197
EZE - VLC	N/A	Internacional	Comercial	10197
EZE - VLC	Qatar Executive	Internacional	Av. General	10197
MDZ - SVQ	Hi Fly	Internacional	Comercial	10181
LAX - MDQ	N/A	Internacional	Comercial	10174
EZE - YWG	N/A	Internacional	Comercial	10174
FCO - IGR	Aerolíneas Argentinas	Internacional	Comercial	10173
AEP - VLC		Internacional	Comercial	10168
AFW - USH	N/A	Internacional	Comercial	10164
IGR - STN	N/A	Internacional	Av. General	10149
FTE - TEB	N/A	Internacional	Av. General	10146
LAX - REL	N/A	Internacional	Av. General	10144
COR - MAD	Aerolíneas Argentinas	Internacional	Comercial	10140
COR - MAD	Air Europa	Internacional	Comercial	10140
COR - MAD	Gestair	Internacional	Comercial	10140
COR - MAD	Iberia Airlines	Internacional	Comercial	10140
COR - MAD	LATAM	Internacional	Comercial	10140
COR - MAD	TAG Aviation Espana	Internacional	Comercial	10140
IGR - LTN	N/A	Internacional	Av. General	10118
EZE - MAD		Internacional	Comercial	10098
EZE - MAD	Aerolíneas Argentinas	Internacional	Comercial	10098
EZE - MAD	Air Europa	Internacional	Comercial	10098
EZE - MAD	Air France	Internacional	Comercial	10098
EZE - MAD	Alitalia	Internacional	Comercial	10098
EZE - MAD	American Airlines	Internacional	Comercial	10098
EZE - MAD	Avianca Uruguay	Internacional	Comercial	10098
EZE - MAD	British Airways	Internacional	Comercial	10098
EZE - MAD	Estelar Latinoamerica	Internacional	Comercial	10098
EZE - MAD	Gestair	Internacional	Av. General	10098
EZE - MAD	Gestair	Internacional	Comercial	10098
EZE - MAD	Global Jet Luxembourg	Internacional	Comercial	10098
EZE - MAD	Hi Fly	Internacional	Comercial	10098
EZE - MAD	Iberia Airlines	Internacional	Comercial	10098
EZE - MAD	ITA Airways	Internacional	Comercial	10098
EZE - MAD	KLM	Internacional	Comercial	10098
EZE - MAD	Korean Air	Internacional	Comercial	10098
EZE - MAD	LATAM Argentina	Internacional	Comercial	10098
EZE - MAD	LATAM Paraguay	Internacional	Comercial	10098
EZE - MAD	Lufthansa	Internacional	Comercial	10098
EZE - MAD	Lufthansa Cargo	Internacional	Comercial	10098
EZE - MAD	N/A	Internacional	Av. General	10098
EZE - MAD	N/A	Internacional	Comercial	10098
EZE - MAD	NetJets	Internacional	Comercial	10098
EZE - MAD	Norwegian Air Shuttle	Internacional	Comercial	10098
EZE - MAD	Plus Ultra Líneas Aéreas	Internacional	Comercial	10098
EZE - MAD	Qatar Executive	Internacional	Av. General	10098
EZE - MAD	Qatar Executive	Internacional	Comercial	10098
EZE - MAD	TAM Linhas Aéreas	Internacional	Comercial	10098
EZE - MAD	Wamos Air	Internacional	Comercial	10098
BQH - IGR	N/A	Internacional	Av. General	10097
ALC - EZE		Internacional	Comercial	10096
ROS - VLL		Internacional	Comercial	10084
AEP - TOJ		Internacional	Comercial	10076
EZE - LCG	Gestair	Internacional	Comercial	10075
TUC - ZAZ	Ethiopian Airlines	Internacional	Comercial	10074
TUC - ZAZ	Qatar Airways	Internacional	Av. General	10074
TUC - ZAZ	Qatar Airways	Internacional	Comercial	10074
FDO - MAD		Internacional	Av. General	10069
FDO - MAD		Internacional	Comercial	10069
FDO - MAD	N/A	Internacional	Av. General	10069
FDO - MAD	N/A	Internacional	Comercial	10069
ALC - FDO		Internacional	Av. General	10068
ALC - FDO		Internacional	Comercial	10068
AEP - MAD		Internacional	Comercial	10068
AEP - MAD	Gestair	Internacional	Av. General	10068
AEP - MAD	Gestair	Internacional	Comercial	10068
AEP - MAD	N/A	Internacional	Av. General	10068
AEP - MAD	N/A	Internacional	Comercial	10068
AEP - MAD	TAG Aviation Espana	Internacional	Av. General	10068
ROS - SJC	Qatar Executive	Internacional	Av. General	10067
MAD - ROS	Gestair	Internacional	Av. General	10064
MAD - ROS	Gestair	Internacional	Comercial	10064
MAD - ROS	Iberia Airlines	Internacional	Comercial	10064
MAD - ROS	N/A	Internacional	Av. General	10064
CPC - SJC	N/A	Internacional	Av. General	10058
CPC - SJC	N/A	Internacional	Comercial	10058
IGR - LBG		Internacional	Comercial	10049
IGR - LBG	JetSMART Airlines	Internacional	Comercial	10049
EZE - SCQ	Gestair	Internacional	Comercial	10038
EZE - SLC	Delta Air Lines	Internacional	Comercial	10037
EQS - MSP	N/A	Internacional	Av. General	10016
FDO - SLC	N/A	Internacional	Comercial	10001
IGR - SFO	N/A	Internacional	Av. General	9997
IGR - SFO	N/A	Internacional	Comercial	9997
MAD - SFN	N/A	Internacional	Av. General	9963
IGR - NCE	N/A	Internacional	Av. General	9960
IGR - NCE	NetJets	Internacional	Av. General	9960
AEP - CHC	N/A	Internacional	Av. General	9930
BCN - RES	Iberia Airlines	Internacional	Comercial	9906
CRD - SCF		Internacional	Av. General	9906
CHC - EZE	N/A	Internacional	Av. General	9899
CHC - EZE	N/A	Internacional	Comercial	9899
BUR - EZE	N/A	Internacional	Av. General	9889
BUR - EZE	N/A	Internacional	Comercial	9889
EZE - OPO	N/A	Internacional	Av. General	9882
EZE - OPO	N/A	Internacional	Comercial	9882
COR - GRX	N/A	Internacional	Av. General	9881
AEP - BUR	N/A	Internacional	Av. General	9877
EZE - LAX		Internacional	Comercial	9872
EZE - LAX	Aerolíneas Argentinas	Internacional	Av. General	9872
EZE - LAX	Aerolíneas Argentinas	Internacional	Comercial	9872
EZE - LAX	Aeronexus	Internacional	Comercial	9872
EZE - LAX	American Airlines	Internacional	Comercial	9872
EZE - LAX	Atlas Air	Internacional	Comercial	9872
EZE - LAX	Delta Air Lines	Internacional	Comercial	9872
EZE - LAX	LATAM	Internacional	Comercial	9872
EZE - LAX	Lufthansa Cargo	Internacional	Comercial	9872
EZE - LAX	Metrojet	Internacional	Av. General	9872
EZE - LAX	Metrojet	Internacional	Comercial	9872
EZE - LAX	N/A	Internacional	Av. General	9872
EZE - LAX	N/A	Internacional	Comercial	9872
EZE - LAX	NetJets	Internacional	Av. General	9872
EZE - LAX	Prefectura Naval Argentina	Internacional	Av. General	9872
EZE - LAX	Qatar Airways	Internacional	Comercial	9872
EZE - LAX	Qatar Executive	Internacional	Comercial	9872
EZE - LAX	SkyLease Cargo	Internacional	Comercial	9872
AEP - LAX		Internacional	Comercial	9860
AEP - LAX	N/A	Internacional	Av. General	9860
AEP - OPO	N/A	Internacional	Comercial	9852
EZE - LGB	N/A	Internacional	Comercial	9846
FDO - LAX		Internacional	Av. General	9840
FDO - LAX		Internacional	Comercial	9840
EZE - LAS	N/A	Internacional	Av. General	9835
EZE - LAS	N/A	Internacional	Comercial	9835
AEP - LAS		Internacional	Comercial	9821
AEP - LAS	N/A	Internacional	Av. General	9821
AEP - LAS	N/A	Internacional	Comercial	9821
EZE - SBD	Aerolíneas Argentinas	Internacional	Comercial	9808
EZE - SBD	N/A	Internacional	Av. General	9808
EZE - SBD	N/A	Internacional	Comercial	9808
FDO - LAS		Internacional	Comercial	9802
FDO - LAS	N/A	Internacional	Av. General	9802
BZN - COR	N/A	Internacional	Av. General	9801
AEP - GRX	N/A	Internacional	Av. General	9784
AEP - KGL	N/A	Internacional	Comercial	9762
HOU - USH	N/A	Internacional	Av. General	9754
EZE - PSP	N/A	Internacional	Av. General	9740
MAH - PSS	N/A	Internacional	Av. General	9738
AGP - EZE		Internacional	Av. General	9728
AGP - EZE	N/A	Internacional	Av. General	9728
AGP - EZE	N/A	Internacional	Comercial	9728
AGP - EZE	NetJets	Internacional	Comercial	9728
AGP - EZE	Qatar Executive	Internacional	Comercial	9728
CPC - MSP	N/A	Internacional	Av. General	9712
EZE - SVQ	N/A	Internacional	Av. General	9708
EZE - SVQ	N/A	Internacional	Comercial	9708
AGP - ROS		Internacional	Av. General	9704
AGP - FDO		Internacional	Comercial	9700
AGP - FDO	N/A	Internacional	Av. General	9700
AGP - FDO	N/A	Internacional	Comercial	9700
AEP - AGP		Internacional	Comercial	9698
AEP - AGP	N/A	Internacional	Comercial	9698
EZE - SAN	N/A	Internacional	Av. General	9697
EZE - SAN	N/A	Internacional	Comercial	9697
EZE - SAN	TAG Aviation	Internacional	Av. General	9697
AEP - SAN	N/A	Internacional	Comercial	9684
AEP - SVQ	N/A	Internacional	Av. General	9679
MSY - USH	NetJets	Internacional	Av. General	9675
EZE - SDM	N/A	Internacional	Av. General	9670
EZE - SDM	N/A	Internacional	Comercial	9670
EGE - EZE	N/A	Internacional	Av. General	9664
COR - LIS	N/A	Internacional	Av. General	9664
BRC - LAX	N/A	Internacional	Av. General	9658
BRC - LAX	N/A	Internacional	Comercial	9658
BYJ - EZE	Hi Fly	Internacional	Comercial	9649
BYJ - EZE	N/A	Internacional	Comercial	9649
EZE - LIS	Aerolíneas Argentinas	Internacional	Comercial	9644
EZE - LIS	Aeronexus	Internacional	Av. General	9644
EZE - LIS	Dasnair	Internacional	Comercial	9644
EZE - LIS	Lufthansa Cargo	Internacional	Comercial	9644
EZE - LIS	N/A	Internacional	Av. General	9644
EZE - LIS	N/A	Internacional	Comercial	9644
EZE - LIS	Qatar Executive	Internacional	Comercial	9644
CRD - JFK	N/A	Internacional	Av. General	9641
AEP - LIS	N/A	Internacional	Av. General	9613
AEP - LIS	N/A	Internacional	Comercial	9613
BRC - SBD	N/A	Internacional	Av. General	9612
BRC - SBD	N/A	Internacional	Comercial	9612
APA - BRC	N/A	Internacional	Comercial	9612
MDZ - SFO	N/A	Internacional	Av. General	9609
AEP - ASE	N/A	Internacional	Comercial	9608
AEP - GIB		Internacional	Comercial	9604
AEP - GIB	N/A	Internacional	Comercial	9604
LIS - ROS		Internacional	Av. General	9598
LIS - ROS	N/A	Internacional	Av. General	9598
BRC - LPA	Execujet Charter	Internacional	Av. General	9598
BRC - LPA	N/A	Internacional	Av. General	9598
BRC - LPA	N/A	Internacional	Comercial	9598
UAQ - YBR	N/A	Internacional	Av. General	9590
LAX - ROS		Internacional	Comercial	9574
LAX - ROS	N/A	Internacional	Av. General	9574
LAX - ROS	Qatar Executive	Internacional	Av. General	9574
EZE - FAO	N/A	Internacional	Av. General	9556
EZE - FAO	N/A	Internacional	Comercial	9556
EZE - FAO	NetJets	Internacional	Comercial	9556
APA - EZE	N/A	Internacional	Av. General	9551
APA - EZE	N/A	Internacional	Comercial	9551
EZE - MSP	Atlas Air	Internacional	Comercial	9538
EZE - MSP	N/A	Internacional	Av. General	9538
LAS - ROS		Internacional	Av. General	9537
LAS - ROS	N/A	Internacional	Av. General	9537
AEP - PRC	N/A	Internacional	Comercial	9536
BRC - TFS		Internacional	Av. General	9535
BRC - TFS		Internacional	Comercial	9535
BRC - TFS	N/A	Internacional	Comercial	9535
AEP - APA		Internacional	Comercial	9533
BRC - COS	N/A	Internacional	Av. General	9529
AEP - FAO	N/A	Internacional	Av. General	9526
AEP - FAO	N/A	Internacional	Comercial	9526
FDO - PRC		Internacional	Av. General	9517
AEP - MSP	N/A	Internacional	Av. General	9515
ROS - SBD	N/A	Internacional	Av. General	9510
APA - NQN	N/A	Internacional	Av. General	9506
APA - CPC	N/A	Internacional	Av. General	9504
CHC - MDZ	N/A	Internacional	Av. General	9504
CRD - DOV	Chief of Staff, United States Air Force	Internacional	Av. General	9486
EZE - FEZ	N/A	Internacional	Comercial	9470
EZE - FEZ	Qatar Amiri Flight	Internacional	Av. General	9470
BCN - IGR	Gestair	Internacional	Comercial	9467
SYD - USH	N/A	Internacional	Av. General	9458
BRC - SDM	N/A	Internacional	Comercial	9457
EZE - SCF	N/A	Internacional	Av. General	9434
EZE - SCF	N/A	Internacional	Comercial	9434
EZE - PHX	Aerolíneas Argentinas	Internacional	Comercial	9424
EZE - PHX	Eastern Air Lines	Internacional	Comercial	9424
EZE - PHX	N/A	Internacional	Av. General	9424
EZE - PHX	N/A	Internacional	Comercial	9424
LPA - REL	N/A	Internacional	Comercial	9417
EZE - RST	N/A	Internacional	Av. General	9415
MDQ - ORD	N/A	Internacional	Av. General	9413
MDQ - ORD	NetJets	Internacional	Av. General	9413
COR - SLC	N/A	Internacional	Av. General	9411
BRO - USH	N/A	Internacional	Comercial	9410
AEP - PHX	N/A	Internacional	Av. General	9410
EQS - SWF	N/A	Internacional	Av. General	9401
ROS - SAN	N/A	Internacional	Av. General	9399
AEP - RST	N/A	Internacional	Av. General	9393
AEP - RST	N/A	Internacional	Comercial	9393
SFB - USH	N/A	Internacional	Comercial	9391
IGR - PMI	Air Europa	Internacional	Comercial	9382
IGR - PMI	Gestair	Internacional	Comercial	9382
EZE - RBA	N/A	Internacional	Av. General	9373
EZE - RBA	N/A	Internacional	Comercial	9373
ROS - SDM	N/A	Internacional	Comercial	9372
BRC - YIP	N/A	Internacional	Av. General	9366
CPC - SDM	N/A	Internacional	Av. General	9363
MCO - USH	N/A	Internacional	Av. General	9353
MCO - USH	N/A	Internacional	Comercial	9353
MQP - TUC	Ethiopian Airlines	Internacional	Comercial	9339
EZE - YQX	N/A	Internacional	Av. General	9332
EZE - YQX	N/A	Internacional	Comercial	9332
EQS - TEB	N/A	Internacional	Av. General	9329
TPA - USH	N/A	Internacional	Av. General	9320
TPA - USH	N/A	Internacional	Comercial	9320
EZE - GMD	Aerolíneas Argentinas	Internacional	Comercial	9312
EQS - EWR	N/A	Internacional	Av. General	9311
EZE - MZJ	Aerolíneas Argentinas	Internacional	Comercial	9305
MAD - PSS	Gestair	Internacional	Av. General	9295
MAD - PSS	N/A	Internacional	Comercial	9295
AEP - BOB	N/A	Internacional	Av. General	9286
CMN - EZE	Qatar Airways	Internacional	Comercial	9265
MSP - ROS	N/A	Internacional	Av. General	9260
SRQ - USH	N/A	Internacional	Av. General	9256
EZE - TUS	Antonov Airlines	Internacional	Comercial	9248
EZE - TUS	N/A	Internacional	Av. General	9248
EZE - TUS	N/A	Internacional	Comercial	9248
EZE - TUS	NetJets	Internacional	Av. General	9248
EZE - TUS	NetJets	Internacional	Comercial	9248
EZE - TUS	Swiss International Air Lines	Internacional	Comercial	9248
LPA - NQN		Internacional	Av. General	9243
AEP - TUS	N/A	Internacional	Av. General	9234
COR - LAX	N/A	Internacional	Av. General	9224
FUE - LGS	ACM Air Charter	Internacional	Av. General	9209
EZE - TET	N/A	Internacional	Comercial	9197
NQN - TFS	N/A	Internacional	Av. General	9181
NQN - TFS	NetJets	Internacional	Av. General	9181
EZE - MKE	N/A	Internacional	Av. General	9157
BRC - HPN	N/A	Internacional	Av. General	9156
RSW - USH	NetJets	Internacional	Av. General	9150
AEP - YQB	N/A	Internacional	Av. General	9149
AEP - YQB	N/A	Internacional	Comercial	9149
PBI - USH	N/A	Internacional	Av. General	9146
PBI - USH	N/A	Internacional	Comercial	9146
PBI - USH	NetJets	Internacional	Av. General	9146
BRC - TEB	N/A	Internacional	Comercial	9133
EZE - RFD	Air Atlanta Icelandic	Internacional	Comercial	9122
EZE - RFD	N/A	Internacional	Av. General	9122
EZE - RFD	N/A	Internacional	Comercial	9122
BRC - TUS	N/A	Internacional	Av. General	9121
BRC - TUS	N/A	Internacional	Comercial	9121
BRC - JFK	N/A	Internacional	Comercial	9109
DKR - USH	N/A	Internacional	Comercial	9098
EZE - YMX	Air Canada	Internacional	Comercial	9096
EZE - YMX	N/A	Internacional	Comercial	9096
EZE - RAK	N/A	Internacional	Av. General	9088
EZE - RAK	N/A	Internacional	Comercial	9088
EZE - RAK	Qatar Amiri Flight	Internacional	Av. General	9088
EZE - RAK	Qatar Executive	Internacional	Av. General	9088
FDO - RFD	N/A	Internacional	Av. General	9082
FLL - USH	N/A	Internacional	Av. General	9079
FLL - USH	N/A	Internacional	Comercial	9079
FLL - USH	NetJets	Internacional	Av. General	9079
EZE - YUL	Air Canada	Internacional	Comercial	9068
EZE - YUL	N/A	Internacional	Av. General	9068
EZE - YUL	N/A	Internacional	Comercial	9068
EZE - YUL	Starlink Aviation	Internacional	Comercial	9068
EZE - YHU	Air Canada	Internacional	Comercial	9068
LAX - MDZ	N/A	Internacional	Av. General	9065
LAX - MDZ	N/A	Internacional	Comercial	9065
EZE - ORD	Aeronexus	Internacional	Comercial	9059
EZE - ORD	Atlas Air	Internacional	Comercial	9059
EZE - ORD	Dassault Aviation	Internacional	Comercial	9059
EZE - ORD	N/A	Internacional	Av. General	9059
EZE - ORD	N/A	Internacional	Comercial	9059
EZE - ORD	NetJets	Internacional	Av. General	9059
EZE - ORD	NetJets	Internacional	Comercial	9059
EZE - ORD	United Airlines	Internacional	Comercial	9059
AEP - RAK	N/A	Internacional	Av. General	9059
IGR - MAD		Internacional	Comercial	9058
IGR - MAD	Air Europa	Internacional	Comercial	9058
MIA - USH	Eastern Air Lines	Internacional	Comercial	9050
MIA - USH	N/A	Internacional	Av. General	9050
MIA - USH	N/A	Internacional	Comercial	9050
MIA - USH	NetJets	Internacional	Av. General	9050
MIA - USH	NetJets	Internacional	Comercial	9050
COR - MQP	Qatar Executive	Internacional	Av. General	9049
SID - USH		Internacional	Av. General	9045
SID - USH	ACM Air Charter	Internacional	Av. General	9045
SID - USH	ACM Air Charter	Internacional	Comercial	9045
SID - USH	Hi Fly	Internacional	Comercial	9045
SID - USH	N/A	Internacional	Av. General	9045
SID - USH	N/A	Internacional	Comercial	9045
AEP - YUL	N/A	Internacional	Av. General	9042
AEP - YUL	N/A	Internacional	Comercial	9042
EZE - MDW	N/A	Internacional	Av. General	9034
EZE - MDW	N/A	Internacional	Comercial	9034
EZE - MDW	NetJets	Internacional	Comercial	9034
BRC - PHL	N/A	Internacional	Av. General	9029
AEP - PPT	N/A	Internacional	Av. General	9028
AEP - PPT	N/A	Internacional	Comercial	9028
FDO - PPT		Internacional	Av. General	9015
AEP - MDW	N/A	Internacional	Comercial	9011
EZE - PPT	Aeronexus	Internacional	Av. General	9009
EZE - PPT	N/A	Internacional	Av. General	9009
EZE - PPT	N/A	Internacional	Comercial	9009
EZE - YZD	Air Canada	Internacional	Comercial	8999
EZE - YYZ	Air Canada	Internacional	Comercial	8996
EZE - YYZ	LATAM	Internacional	Comercial	8996
EZE - YYZ	N/A	Internacional	Av. General	8996
EZE - YYZ	N/A	Internacional	Comercial	8996
EZE - YYZ	NetJets	Internacional	Av. General	8996
EZE - YTR	N/A	Internacional	Av. General	8996
EZE - PTK	N/A	Internacional	Comercial	8990
EZE - YTZ	Air Canada	Internacional	Comercial	8986
AEP - YKZ	N/A	Internacional	Av. General	8985
LAX - UAQ	N/A	Internacional	Av. General	8980
EZE - SBN	N/A	Internacional	Comercial	8979
IGR - SCF	N/A	Internacional	Av. General	8973
AEP - YYZ	N/A	Internacional	Av. General	8971
BTL - FDO		Internacional	Comercial	8967
EZE - SLK	N/A	Internacional	Comercial	8959
EZE - YHM	Centurion Air Cargo	Internacional	Comercial	8950
EZE - YHM	N/A	Internacional	Comercial	8950
EZE - YIP	N/A	Internacional	Av. General	8949
EZE - YIP	N/A	Internacional	Comercial	8949
BRC - IAD	N/A	Internacional	Av. General	8939
NAS - USH	N/A	Internacional	Comercial	8936
CJS - EZE	LATAM	Internacional	Av. General	8935
MDQ - TEB	N/A	Internacional	Av. General	8929
NQN - TEB	TAG Aviation USA	Internacional	Av. General	8903
BRC - LAD	N/A	Internacional	Av. General	8903
MMU - NQN	N/A	Internacional	Av. General	8900
BUF - EZE	N/A	Internacional	Av. General	8897
BUF - EZE	N/A	Internacional	Comercial	8897
EWR - NQN	N/A	Internacional	Av. General	8887
APA - MDZ	N/A	Internacional	Av. General	8876
BRC - JNB	Cat Aviation	Internacional	Comercial	8868
CHS - CRD	Chief of Staff, United States Air Force	Internacional	Av. General	8850
SFN - TUS	N/A	Internacional	Av. General	8849
RFD - ROS	N/A	Internacional	Av. General	8847
DAL - EQS	N/A	Internacional	Av. General	8831
EZE - SUS	N/A	Internacional	Av. General	8824
EZE - SUS	N/A	Internacional	Comercial	8824
ALN - EZE	N/A	Internacional	Comercial	8824
EZE - STL	N/A	Internacional	Av. General	8822
BKL - EZE	N/A	Internacional	Comercial	8821
LPA - MDZ	N/A	Internacional	Av. General	8809
EZE - TER	Air France	Internacional	Comercial	8809
EZE - TER	N/A	Internacional	Comercial	8809
EZE - TUL	Kalitta Air	Internacional	Comercial	8804
EZE - TUL	N/A	Internacional	Comercial	8804
COR - SCF	Dassault Aviation	Internacional	Av. General	8794
COR - SCF	N/A	Internacional	Av. General	8794
ORD - ROS	N/A	Internacional	Av. General	8785
ORD - ROS	N/A	Internacional	Comercial	8785
ORD - ROS	NetJets	Internacional	Av. General	8785
COR - PHX	N/A	Internacional	Av. General	8784
TLC - USH	N/A	Internacional	Av. General	8776
EZE - KAN	Qatar Airways	Internacional	Comercial	8775
MSP - RES	N/A	Internacional	Av. General	8767
EZE - PDL	N/A	Internacional	Comercial	8761
MDW - ROS	N/A	Internacional	Av. General	8761
FDO - TBN	N/A	Internacional	Av. General	8753
EZE - PXO	N/A	Internacional	Comercial	8747
MDZ - TFS	N/A	Internacional	Av. General	8738
CLU - EZE	N/A	Internacional	Av. General	8714
BVY - EZE	N/A	Internacional	Av. General	8709
BED - EZE	N/A	Internacional	Av. General	8702
BED - EZE	N/A	Internacional	Comercial	8702
BOS - EZE	LATAM	Internacional	Av. General	8686
BOS - EZE	N/A	Internacional	Av. General	8686
BOS - EZE	N/A	Internacional	Comercial	8686
ROS - YIP	N/A	Internacional	Av. General	8682
AEP - BED	N/A	Internacional	Av. General	8675
EZE - PIT	N/A	Internacional	Comercial	8674
BDL - EZE	N/A	Internacional	Comercial	8666
AEP - BOS	Gestair	Internacional	Comercial	8659
AEP - BOS	N/A	Internacional	Av. General	8659
AEP - BOS	N/A	Internacional	Comercial	8659
AEP - BOS	Priester Aviation	Internacional	Comercial	8659
LAD - NQN	American Jet	Internacional	Av. General	8657
LAD - NQN	N/A	Internacional	Av. General	8657
CUU - EZE	N/A	Internacional	Comercial	8651
BRC - DAL	N/A	Internacional	Av. General	8649
BRC - DAL	N/A	Internacional	Comercial	8649
EZE - SWF	N/A	Internacional	Av. General	8644
EZE - SWF	N/A	Internacional	Comercial	8644
AEP - BDL	N/A	Internacional	Av. General	8639
AEP - BDL	N/A	Internacional	Comercial	8639
COR - MKE	N/A	Internacional	Av. General	8614
FSD - SDE	N/A	Internacional	Av. General	8605
COR - YUL	N/A	Internacional	Av. General	8603
EZE - SDF	N/A	Internacional	Av. General	8597
IGR - LIS	NetJets	Internacional	Comercial	8593
COR - PPT	N/A	Internacional	Av. General	8590
EZE - HPN	Global Jet Luxembourg	Internacional	Av. General	8589
EZE - HPN	N/A	Internacional	Av. General	8589
EZE - HPN	N/A	Internacional	Comercial	8589
MDZ - YYZ	N/A	Internacional	Av. General	8588
CZM - USH	N/A	Internacional	Av. General	8575
EZE - MMU	N/A	Internacional	Av. General	8574
EZE - MMU	N/A	Internacional	Comercial	8574
EZE - TEB		Internacional	Av. General	8573
EZE - TEB		Internacional	Comercial	8573
EZE - TEB	Chief of Staff, United States Air Force	Internacional	Av. General	8573
EZE - TEB	Gestair	Internacional	Comercial	8573
EZE - TEB	LATAM	Internacional	Av. General	8573
EZE - TEB	Metrojet	Internacional	Comercial	8573
EZE - TEB	N/A	Internacional	Av. General	8573
EZE - TEB	N/A	Internacional	Comercial	8573
EZE - TEB	NetJets	Internacional	Av. General	8573
EZE - TEB	NetJets	Internacional	Comercial	8573
EZE - TEB	Qatar Executive	Internacional	Comercial	8573
AFW - EZE	N/A	Internacional	Av. General	8566
AFW - EZE	N/A	Internacional	Comercial	8566
AEP - HPN		Internacional	Av. General	8563
AEP - HPN		Internacional	Comercial	8563
AEP - HPN	N/A	Internacional	Av. General	8563
AEP - HPN	N/A	Internacional	Comercial	8563
PHX - UAQ	N/A	Internacional	Av. General	8562
EWR - EZE	Aerolíneas Argentinas	Internacional	Comercial	8557
EWR - EZE	American Airlines	Internacional	Comercial	8557
EWR - EZE	Jet Aviation	Internacional	Av. General	8557
EWR - EZE	N/A	Internacional	Av. General	8557
EWR - EZE	N/A	Internacional	Comercial	8557
EWR - EZE	United Airlines	Internacional	Comercial	8557
ADS - CPC	N/A	Internacional	Av. General	8551
FDO - HPN		Internacional	Av. General	8548
FDO - HPN	N/A	Internacional	Av. General	8548
AEP - MMU		Internacional	Av. General	8548
AEP - MMU		Internacional	Comercial	8548
AEP - TEB		Internacional	Av. General	8546
AEP - TEB		Internacional	Comercial	8546
AEP - TEB	ACM Air Charter	Internacional	Comercial	8546
AEP - TEB	Air Alsie	Internacional	Av. General	8546
AEP - TEB	Benair	Internacional	Av. General	8546
AEP - TEB	Gestair	Internacional	Av. General	8546
AEP - TEB	N/A	Internacional	Av. General	8546
AEP - TEB	N/A	Internacional	Comercial	8546
EZE - LEX	N/A	Internacional	Av. General	8545
EZE - LEX	N/A	Internacional	Comercial	8545
EZE - JFK	Abelag Aviation	Internacional	Av. General	8544
EZE - JFK	Aerolíneas Argentinas	Internacional	Comercial	8544
EZE - JFK	American Airlines	Internacional	Comercial	8544
EZE - JFK	Atlas Air	Internacional	Comercial	8544
EZE - JFK	Delta Air Lines	Internacional	Comercial	8544
EZE - JFK	Kalitta Air	Internacional	Comercial	8544
EZE - JFK	KLM	Internacional	Comercial	8544
EZE - JFK	Lufthansa	Internacional	Comercial	8544
EZE - JFK	N/A	Internacional	Av. General	8544
EZE - JFK	N/A	Internacional	Comercial	8544
EZE - JFK	Qatar Executive	Internacional	Comercial	8544
EZE - JFK	Sun Air	Internacional	Comercial	8544
EZE - JFK	United Airlines	Internacional	Comercial	8544
ROS - SUS	N/A	Internacional	Av. General	8544
DFW - EZE	Aerolíneas Argentinas	Internacional	Comercial	8543
DFW - EZE	American Airlines	Internacional	Comercial	8543
DFW - EZE	Delta Air Lines	Internacional	Comercial	8543
DFW - EZE	N/A	Internacional	Av. General	8543
DFW - EZE	N/A	Internacional	Comercial	8543
DFW - EZE	Qatar Airways	Internacional	Comercial	8543
DFW - EZE	United Airlines	Internacional	Comercial	8543
DFW - NQN	N/A	Internacional	Av. General	8536
FDO - MMU		Internacional	Av. General	8533
FDO - TEB		Internacional	Av. General	8531
FDO - TEB	Jet Aviation	Internacional	Av. General	8531
FDO - TEB	N/A	Internacional	Av. General	8531
AEP - EWR		Internacional	Av. General	8531
AEP - EWR	N/A	Internacional	Av. General	8531
AEP - EWR	N/A	Internacional	Comercial	8531
MDW - MDZ	N/A	Internacional	Av. General	8530
DAL - EZE	American Airlines	Internacional	Comercial	8529
DAL - EZE	Delta Air Lines	Internacional	Comercial	8529
DAL - EZE	N/A	Internacional	Av. General	8529
DAL - EZE	N/A	Internacional	Comercial	8529
DAL - EZE	United Airlines	Internacional	Comercial	8529
EZE - TTN	N/A	Internacional	Av. General	8525
EZE - TTN	N/A	Internacional	Comercial	8525
AEP - DFW	N/A	Internacional	Av. General	8524
AEP - DFW	N/A	Internacional	Comercial	8524
DAL - NQN	N/A	Internacional	Av. General	8524
DAL - NQN	N/A	Internacional	Comercial	8524
AEP - JFK		Internacional	Av. General	8518
AEP - JFK	N/A	Internacional	Av. General	8518
COR - ORD	N/A	Internacional	Av. General	8514
AEP - DAL	Gestair	Internacional	Comercial	8511
FTE - MIA	N/A	Internacional	Av. General	8507
FTE - MIA	N/A	Internacional	Comercial	8507
FDO - LEX	Aeroandina	Internacional	Av. General	8505
BGM - ROS	N/A	Internacional	Av. General	8505
FDO - JFK		Internacional	Comercial	8503
COR - YYZ	N/A	Internacional	Av. General	8496
ACE - AEP	N/A	Internacional	Comercial	8494
EZE - WRI	Chief of Staff, United States Air Force	Internacional	Av. General	8492
EZE - WRI	N/A	Internacional	Av. General	8492
EZE - WRI	N/A	Internacional	Comercial	8492
DAL - FDO		Internacional	Av. General	8492
EZE - PHL	N/A	Internacional	Av. General	8490
MDZ - TUS	Antonov Airlines	Internacional	Av. General	8477
MDZ - TUS	N/A	Internacional	Av. General	8477
BHM - BRC	N/A	Internacional	Comercial	8469
AEP - PHL		Internacional	Comercial	8464
BED - ROS	N/A	Internacional	Av. General	8459
BED - ROS	N/A	Internacional	Comercial	8459
UAQ - YYZ	N/A	Internacional	Av. General	8454
UAQ - YYZ	N/A	Internacional	Comercial	8454
ABV - EZE	N/A	Internacional	Av. General	8453
ABV - EZE	N/A	Internacional	Comercial	8453
BRC - FTY	N/A	Internacional	Comercial	8453
BWI - EZE	Aerolíneas Argentinas	Internacional	Comercial	8446
BWI - EZE	N/A	Internacional	Av. General	8446
BWI - EZE	United Airlines	Internacional	Comercial	8446
EQS - HOU	N/A	Internacional	Av. General	8446
EZE - IAD		Internacional	Av. General	8440
EZE - IAD		Internacional	Comercial	8440
EZE - IAD	Global Jet Luxembourg	Internacional	Av. General	8440
EZE - IAD	LATAM	Internacional	Av. General	8440
EZE - IAD	N/A	Internacional	Av. General	8440
EZE - IAD	N/A	Internacional	Comercial	8440
EZE - IAD	NetJets	Internacional	Comercial	8440
EZE - IAD	Omniflys	Internacional	Comercial	8440
EZE - IAD	United Airlines	Internacional	Comercial	8440
EZE - MEM	Aerolíneas Argentinas	Internacional	Comercial	8436
ABV - AEP	N/A	Internacional	Comercial	8432
ACY - EZE	N/A	Internacional	Comercial	8432
ORD - UAQ	N/A	Internacional	Av. General	8428
BDL - ROS	N/A	Internacional	Av. General	8420
BNA - EZE	N/A	Internacional	Av. General	8420
BDL - ROS	N/A	Internacional	Comercial	8420
BNA - EZE	N/A	Internacional	Comercial	8420
EZE - SJD	N/A	Internacional	Comercial	8416
DOV - EZE	N/A	Internacional	Comercial	8415
AEP - IAD		Internacional	Av. General	8414
AEP - IAD		Internacional	Comercial	8414
AEP - IAD	Gestair	Internacional	Comercial	8414
AEP - IAD	N/A	Internacional	Av. General	8414
AEP - IAD	N/A	Internacional	Comercial	8414
AEP - IAD	NetJets	Internacional	Av. General	8414
ADW - EZE	American Airlines	Internacional	Comercial	8412
ADW - EZE	N/A	Internacional	Av. General	8412
EZE - MQP	NetJets	Internacional	Comercial	8411
FDO - IAD		Internacional	Comercial	8399
FDO - IAD	N/A	Internacional	Av. General	8399
AUS - BRC	N/A	Internacional	Av. General	8398
AEP - BNA	N/A	Internacional	Comercial	8397
BHI - IAH	N/A	Internacional	Av. General	8388
BED - MDZ	N/A	Internacional	Av. General	8386
ADW - AEP		Internacional	Av. General	8386
ADW - AEP	N/A	Internacional	Av. General	8386
TUS - UAQ	N/A	Internacional	Av. General	8384
EZE - VFA	N/A	Internacional	Comercial	8382
CHO - EZE	Antonov Airlines	Internacional	Comercial	8378
CHO - EZE	N/A	Internacional	Av. General	8378
BOS - MDZ	N/A	Internacional	Av. General	8374
AKL - RGL	N/A	Internacional	Av. General	8373
BRC - SAT	NetJets	Internacional	Av. General	8356
HPN - ROS	N/A	Internacional	Av. General	8341
HPN - ROS	N/A	Internacional	Comercial	8341
EZE - LPA	Aerolíneas Argentinas	Internacional	Comercial	8330
EZE - LPA	Air Alsie	Internacional	Comercial	8330
EZE - LPA	Dasnair	Internacional	Av. General	8330
EZE - LPA	Dasnair	Internacional	Comercial	8330
EZE - LPA	Execujet Charter	Internacional	Comercial	8330
EZE - LPA	Gestair	Internacional	Av. General	8330
EZE - LPA	LATAM Perú	Internacional	Comercial	8330
EZE - LPA	Lauda Air	Internacional	Av. General	8330
EZE - LPA	N/A	Internacional	Av. General	8330
EZE - LPA	N/A	Internacional	Comercial	8330
EZE - LPA	NetJets	Internacional	Av. General	8330
EZE - LPA	NetJets	Internacional	Comercial	8330
EZE - LPA	Spanish Air Force	Internacional	Comercial	8330
EZE - LPA	Swiss Jet	Internacional	Av. General	8330
EZE - LPA	Unijet	Internacional	Av. General	8330
EZE - TFN	N/A	Internacional	Av. General	8326
EZE - TFN	N/A	Internacional	Comercial	8326
ROS - TEB		Internacional	Av. General	8323
AUS - EZE	Atlas Air	Internacional	Comercial	8320
AUS - EZE	N/A	Internacional	Av. General	8320
AUS - EZE	N/A	Internacional	Comercial	8320
DLA - EZE	N/A	Internacional	Comercial	8318
COR - TFS	ACM Air Charter	Internacional	Av. General	8317
COR - TFS	N/A	Internacional	Av. General	8317
EWR - ROS	N/A	Internacional	Av. General	8307
AEP - AUS		Internacional	Comercial	8302
FDO - LPA		Internacional	Av. General	8301
FDO - LPA		Internacional	Comercial	8301
BRC - IAH	Volga-Dnepr Airlines	Internacional	Av. General	8301
AEP - LPA		Internacional	Av. General	8300
AEP - LPA		Internacional	Comercial	8300
AEP - LPA	Dasnair	Internacional	Av. General	8300
AEP - LPA	Dasnair	Internacional	Comercial	8300
AEP - LPA	Dassault Aviation	Internacional	Av. General	8300
AEP - LPA	Gestair	Internacional	Av. General	8300
AEP - LPA	Gestair	Internacional	Comercial	8300
AEP - LPA	N/A	Internacional	Av. General	8300
AEP - LPA	N/A	Internacional	Comercial	8300
EZE - SAT	N/A	Internacional	Comercial	8300
EZE - SAT	NetJets	Internacional	Av. General	8300
LPA - ROS	N/A	Internacional	Av. General	8299
FDO - TFN	N/A	Internacional	Av. General	8297
EZE - TYS	N/A	Internacional	Av. General	8295
JFK - ROS	N/A	Internacional	Av. General	8295
AUS - FDO		Internacional	Av. General	8283
EZE - RIC	N/A	Internacional	Comercial	8282
CRD - SID	Antonov Airlines	Internacional	Av. General	8277
EZE - TFS		Internacional	Av. General	8273
EZE - TFS	Abelag Aviation	Internacional	Av. General	8273
EZE - TFS	Aeroflot Russian Airlines	Internacional	Comercial	8273
EZE - TFS	Gestair	Internacional	Comercial	8273
EZE - TFS	KLM	Internacional	Comercial	8273
EZE - TFS	N/A	Internacional	Av. General	8273
EZE - TFS	N/A	Internacional	Comercial	8273
EZE - TFS	NetJets	Internacional	Comercial	8273
AEP - TYS	N/A	Internacional	Av. General	8272
EPA - SKF	N/A	Internacional	Av. General	8269
BRC - HOU	N/A	Internacional	Av. General	8263
IGR - MDW	N/A	Internacional	Av. General	8261
COR - SUS	N/A	Internacional	Av. General	8259
CNQ - YUL	Starlink Aviation	Internacional	Av. General	8258
RES - YUL	Starlink Aviation	Internacional	Av. General	8253
DFW - ROS	N/A	Internacional	Av. General	8252
DFW - ROS	N/A	Internacional	Comercial	8252
LOS - TUC	Qatar Airways	Internacional	Av. General	8247
LOS - TUC	Qatar Airways	Internacional	Comercial	8247
BED - COR	N/A	Internacional	Av. General	8247
BED - COR	N/A	Internacional	Comercial	8247
FDO - TFS		Internacional	Av. General	8244
FDO - TFS		Internacional	Comercial	8244
FDO - TFS	N/A	Internacional	Av. General	8244
AEP - TFS		Internacional	Comercial	8243
AEP - TFS	Air Alsie	Internacional	Av. General	8243
AEP - TFS	Gestair	Internacional	Comercial	8243
AEP - TFS	Global Jet Luxembourg	Internacional	Av. General	8243
AEP - TFS	Global Jet Luxembourg	Internacional	Comercial	8243
AEP - TFS	N/A	Internacional	Av. General	8243
AEP - TFS	N/A	Internacional	Comercial	8243
HPN - MDZ	N/A	Internacional	Av. General	8242
IGR - PIA		Internacional	Comercial	8240
DAL - ROS	N/A	Internacional	Av. General	8238
ROS - TFS		Internacional	Av. General	8237
ROS - TFS	Gestair	Internacional	Av. General	8237
ROS - TFS	N/A	Internacional	Av. General	8237
HPN - PRA	N/A	Internacional	Av. General	8224
EZE - PHF	N/A	Internacional	Comercial	8223
MDZ - TEB	N/A	Internacional	Av. General	8220
BIF - MDZ	N/A	Internacional	Av. General	8212
PRA - TEB	N/A	Internacional	Av. General	8207
PRA - TEB	N/A	Internacional	Comercial	8207
EWR - MDZ		Internacional	Av. General	8203
EWR - MDZ	N/A	Internacional	Av. General	8203
ABY - BRC	N/A	Internacional	Comercial	8202
JFK - MDZ	N/A	Internacional	Av. General	8195
PPT - UAQ	N/A	Internacional	Av. General	8193
PPT - UAQ	N/A	Internacional	Comercial	8193
EZE - RMG	Alitalia	Internacional	Comercial	8184
EZE - IAH	Aerolíneas Argentinas	Internacional	Comercial	8182
EZE - IAH	Air Canada	Internacional	Comercial	8182
EZE - IAH	American Airlines	Internacional	Comercial	8182
EZE - IAH	Antonov Airlines	Internacional	Comercial	8182
EZE - IAH	Atlas Air	Internacional	Comercial	8182
EZE - IAH	Delta Air Lines	Internacional	Comercial	8182
EZE - IAH	Emirates Airline	Internacional	Comercial	8182
EZE - IAH	Jet Aviation	Internacional	Comercial	8182
EZE - IAH	N/A	Internacional	Av. General	8182
EZE - IAH	N/A	Internacional	Comercial	8182
EZE - IAH	NetJets	Internacional	Av. General	8182
EZE - IAH	Qatar Airways	Internacional	Comercial	8182
EZE - IAH	Qatar Executive	Internacional	Av. General	8182
EZE - IAH	Sky Airline	Internacional	Comercial	8182
EZE - IAH	SkyLease Cargo	Internacional	Comercial	8182
EZE - IAH	United Airlines	Internacional	Comercial	8182
EZE - IAH	Volga-Dnepr Airlines	Internacional	Av. General	8182
EZE - IAH	Volga-Dnepr Airlines	Internacional	Comercial	8182
AKL - USH	N/A	Internacional	Av. General	8182
AEX - EZE	N/A	Internacional	Comercial	8180
EWR - SFN	N/A	Internacional	Av. General	8176
IAH - NQN	N/A	Internacional	Av. General	8175
CLU - COR	N/A	Internacional	Av. General	8172
EZE - LRD	American Airlines	Internacional	Comercial	8169
EZE - LRD	N/A	Internacional	Av. General	8169
EZE - LRD	N/A	Internacional	Comercial	8169
EZE - LRD	United Airlines	Internacional	Comercial	8169
CRD - PBI	N/A	Internacional	Av. General	8168
AEP - IAH	N/A	Internacional	Av. General	8164
AEP - IAH	N/A	Internacional	Comercial	8164
AEP - IAH	NetJets	Internacional	Comercial	8164
EZE - SGR	N/A	Internacional	Av. General	8164
BHM - EZE		Internacional	Av. General	8162
SJU - USH	N/A	Internacional	Av. General	8161
SJU - USH	N/A	Internacional	Comercial	8161
EZE - TCL	LATAM	Internacional	Comercial	8160
COS - JUJ	N/A	Internacional	Av. General	8155
SCF - SLA	N/A	Internacional	Av. General	8155
AEP - LRD	N/A	Internacional	Av. General	8153
CPC - HOU	N/A	Internacional	Av. General	8153
CPC - HOU	N/A	Internacional	Comercial	8153
STT - USH	N/A	Internacional	Comercial	8153
NQN - SGR	N/A	Internacional	Av. General	8149
EZE - HOU	Meridian Air Cargo	Internacional	Av. General	8147
EZE - HOU	N/A	Internacional	Av. General	8147
EZE - HOU	N/A	Internacional	Comercial	8147
EZE - HOU	Planet Airways	Internacional	Comercial	8147
EZE - HOU	United Airlines	Internacional	Comercial	8147
EZE - RDU	Centurion Air Cargo	Internacional	Comercial	8146
EZE - RDU	N/A	Internacional	Av. General	8146
EZE - RDU	NetJets	Internacional	Comercial	8146
AEP - SGR	N/A	Internacional	Av. General	8145
AEP - SGR	N/A	Internacional	Comercial	8145
IGR - YYZ	N/A	Internacional	Av. General	8143
IGR - YYZ	N/A	Internacional	Comercial	8143
FDO - JNB		Internacional	Comercial	8141
HOU - NQN		Internacional	Comercial	8138
HOU - NQN	N/A	Internacional	Av. General	8138
BRC - SID	Execujet Charter	Internacional	Av. General	8136
BRC - SID	Execujet Charter	Internacional	Comercial	8136
BRC - SID	N/A	Internacional	Av. General	8136
BRC - SID	Tyrolean Jet Services	Internacional	Comercial	8136
BRC - SID	Volga-Dnepr Airlines	Internacional	Comercial	8136
IGR - YIP	NetJets	Internacional	Av. General	8135
FDO - LRD	N/A	Internacional	Comercial	8134
MDZ - PPT	N/A	Internacional	Av. General	8133
MDZ - WRI	N/A	Internacional	Comercial	8131
SXM - USH	Global Jet Luxembourg	Internacional	Comercial	8128
AEP - HOU	N/A	Internacional	Av. General	8128
AEP - HOU	N/A	Internacional	Comercial	8128
BRC - VAD	N/A	Internacional	Av. General	8123
EZE - JNB	Air Atlanta Icelandic	Internacional	Comercial	8123
EZE - JNB	N/A	Internacional	Av. General	8123
EZE - JNB	N/A	Internacional	Comercial	8123
EZE - JNB	South African Airways	Internacional	Comercial	8123
AEP - JNB	N/A	Internacional	Av. General	8122
AEP - JNB	Qatar Executive	Internacional	Av. General	8122
COR - HPN	Qatar Executive	Internacional	Av. General	8118
FDO - HOU		Internacional	Comercial	8110
FDO - HOU	N/A	Internacional	Comercial	8110
EZE - HLA	N/A	Internacional	Av. General	8107
EZE - HLA	N/A	Internacional	Comercial	8107
AEP - HLA		Internacional	Comercial	8106
AEP - HLA	N/A	Internacional	Av. General	8106
AEP - HLA	Qatar Executive	Internacional	Av. General	8106
EZE - PDK	N/A	Internacional	Comercial	8105
EZE - FTY	Delta Air Lines	Internacional	Comercial	8103
EZE - FTY	N/A	Internacional	Av. General	8103
EZE - FTY	N/A	Internacional	Comercial	8103
CRD - FLL	N/A	Internacional	Av. General	8102
COR - MMU		Internacional	Av. General	8097
HLA - IGR	N/A	Internacional	Av. General	8095
ATL - EZE	Air New Zealand	Internacional	Comercial	8085
ATL - EZE	American Airlines	Internacional	Comercial	8085
ATL - EZE	Delta Air Lines	Internacional	Comercial	8085
ATL - EZE	Gol Transportes Aéreos	Internacional	Comercial	8085
ATL - EZE	Iberia Airlines	Internacional	Comercial	8085
ATL - EZE	Kalitta Air	Internacional	Comercial	8085
ATL - EZE	LATAM Argentina	Internacional	Comercial	8085
ATL - EZE	Lufthansa	Internacional	Comercial	8085
ATL - EZE	N/A	Internacional	Av. General	8085
ATL - EZE	N/A	Internacional	Comercial	8085
ATL - EZE	SkyLease Cargo	Internacional	Comercial	8085
ATL - EZE	United Airlines	Internacional	Comercial	8085
BRC - PFN	Chief of Staff, United States Air Force	Internacional	Av. General	8084
COR - EWR	N/A	Internacional	Av. General	8082
CPC - LRD	N/A	Internacional	Av. General	8079
COR - JFK	Aerolíneas Argentinas	Internacional	Comercial	8071
COR - JFK	American Airlines	Internacional	Comercial	8071
COR - JFK	Delta Air Lines	Internacional	Comercial	8071
IGR - RAK	N/A	Internacional	Av. General	8068
JNB - USH	N/A	Internacional	Av. General	8067
JNB - USH	N/A	Internacional	Comercial	8067
EZE - NTR	N/A	Internacional	Av. General	8059
CPC - SID	Tyrolean Jet Services	Internacional	Av. General	8055
EZE - MTY	Aeroméxico	Internacional	Comercial	8044
EZE - MTY	Atlas Air	Internacional	Comercial	8044
EZE - MTY	Jet Aviation	Internacional	Comercial	8044
EZE - MTY	N/A	Internacional	Comercial	8044
AUS - ROS	N/A	Internacional	Av. General	8027
LFW - TUC	Ethiopian Airlines	Internacional	Comercial	8027
COR - LEX	N/A	Internacional	Av. General	8006
ROS - SAT	N/A	Internacional	Av. General	8006
AEP - CAE	N/A	Internacional	Comercial	7984
LPA - SLA	N/A	Internacional	Av. General	7959
LPA - SLA	N/A	Internacional	Comercial	7959
SFN - UOX	N/A	Internacional	Av. General	7949
EZE - LOS		Internacional	Comercial	7946
EZE - LOS	Cargolux	Internacional	Comercial	7946
EZE - LOS	N/A	Internacional	Av. General	7946
EZE - LOS	N/A	Internacional	Comercial	7946
EZE - LOS	Qatar Airways	Internacional	Comercial	7946
EZE - MSY	N/A	Internacional	Av. General	7946
EZE - MSY	N/A	Internacional	Comercial	7946
PTP - USH	N/A	Internacional	Av. General	7942
EZE - NEW	United Airlines	Internacional	Comercial	7941
COR - DFW	N/A	Internacional	Av. General	7939
ADS - COR	N/A	Internacional	Av. General	7937
COR - DAL	American Airlines	Internacional	Comercial	7926
COR - DAL	N/A	Internacional	Av. General	7926
COR - DAL	N/A	Internacional	Comercial	7926
AEP - MSY	N/A	Internacional	Comercial	7925
AEP - LOS	N/A	Internacional	Av. General	7925
BFM - EZE	American Airlines	Internacional	Comercial	7916
BRO - EZE	N/A	Internacional	Av. General	7906
BRO - EZE	N/A	Internacional	Comercial	7906
BRO - EZE	NetJets	Internacional	Av. General	7906
BRO - EZE	Planet Airways	Internacional	Av. General	7906
DFW - MDZ	American Airlines	Internacional	Comercial	7894
DFW - MDZ	Eastern Air Lines	Internacional	Comercial	7894
IAH - ROS	United Airlines	Internacional	Comercial	7891
AEP - BRO	N/A	Internacional	Comercial	7889
BED - CNQ	N/A	Internacional	Av. General	7888
SLA - TFS	ACM Air Charter	Internacional	Comercial	7883
DAL - MDZ	N/A	Internacional	Av. General	7881
PPT - USH	N/A	Internacional	Av. General	7877
FDO - PVR		Internacional	Av. General	7876
LRD - ROS	N/A	Internacional	Av. General	7874
SLA - YUL	N/A	Internacional	Av. General	7873
BRO - FDO		Internacional	Av. General	7870
BRO - FDO		Internacional	Comercial	7870
BRO - FDO	N/A	Internacional	Av. General	7870
BRO - FDO	N/A	Internacional	Comercial	7870
ACC - TUC	Qatar Airways	Internacional	Comercial	7860
EQS - SUA	N/A	Internacional	Av. General	7858
HOU - ROS	N/A	Internacional	Av. General	7856
BRC - SFB	N/A	Internacional	Av. General	7853
AEP - CHS	N/A	Internacional	Av. General	7842
RES - SWF	N/A	Internacional	Av. General	7831
CHS - FDO		Internacional	Comercial	7826
EZE - SAV	N/A	Internacional	Av. General	7821
EZE - SAV	N/A	Internacional	Comercial	7821
BRC - MCO	N/A	Internacional	Av. General	7816
BRC - MCO	N/A	Internacional	Comercial	7816
EPA - VPS	N/A	Internacional	Comercial	7815
ATL - ROS	N/A	Internacional	Av. General	7810
EZE - TMS	N/A	Internacional	Av. General	7806
EZE - TMS	N/A	Internacional	Comercial	7806
EQS - PBI	N/A	Internacional	Av. General	7801
IAH - PRA	N/A	Internacional	Av. General	7801
FDO - TMS		Internacional	Av. General	7801
FDO - LAD		Internacional	Av. General	7797
FDO - LAD		Internacional	Comercial	7797
AEP - SAV	N/A	Internacional	Av. General	7797
AEP - SAV	N/A	Internacional	Comercial	7797
EZE - LAD	Centurion Air Cargo	Internacional	Comercial	7794
EZE - LAD	Hong Kong Airlines	Internacional	Comercial	7794
EZE - LAD	N/A	Internacional	Av. General	7794
EZE - LAD	N/A	Internacional	Comercial	7794
EZE - LAD	Qatar Airways	Internacional	Comercial	7794
BRC - PPT		Internacional	Comercial	7791
BRC - PPT	N/A	Internacional	Comercial	7791
ORD - SLA	N/A	Internacional	Av. General	7790
COR - TPL	N/A	Internacional	Av. General	7787
AEP - LAD		Internacional	Comercial	7782
AEP - LAD	N/A	Internacional	Av. General	7782
AEP - LAD	N/A	Internacional	Comercial	7782
NQN - SID	N/A	Internacional	Av. General	7781
FDO - SAV	N/A	Internacional	Av. General	7780
EZE - PFN	Copa Airlines	Internacional	Comercial	7779
HPN - RES	N/A	Internacional	Av. General	7776
BRC - MLB	N/A	Internacional	Av. General	7771
BRC - MLB	N/A	Internacional	Comercial	7771
BOS - IGR	N/A	Internacional	Av. General	7769
EZE - GDL	Martinair	Internacional	Comercial	7768
EZE - VAD	N/A	Internacional	Av. General	7766
EZE - PAM	Copa Airlines	Internacional	Comercial	7761
EZE - PAM	LATAM	Internacional	Comercial	7761
RES - TEB	Dassault Aviation	Internacional	Av. General	7759
RES - TEB	N/A	Internacional	Av. General	7759
EWR - RES	N/A	Internacional	Av. General	7745
AUS - IGR	N/A	Internacional	Av. General	7744
EZE - LFW	Ethiopian Airlines	Internacional	Comercial	7743
IGR - SAT	N/A	Internacional	Comercial	7740
CNQ - JFK	N/A	Internacional	Comercial	7737
AUS - COR	N/A	Internacional	Av. General	7707
ATL - PRA	NetJets	Internacional	Av. General	7705
ELS - EZE	British Airways	Internacional	Comercial	7704
ELS - EZE	Norwegian Air Shuttle	Internacional	Comercial	7704
HPN - IGR	N/A	Internacional	Av. General	7697
ACA - CRD	Volga-Dnepr Airlines	Internacional	Av. General	7685
IGR - TEB	Sun Air	Internacional	Av. General	7684
CBM - MDZ	N/A	Internacional	Comercial	7681
CHC - USH	N/A	Internacional	Av. General	7676
EWR - IGR	Priester Aviation	Internacional	Av. General	7670
BRC - SUA	N/A	Internacional	Av. General	7664
BRO - ROS		Internacional	Av. General	7611
BRC - PBI	N/A	Internacional	Av. General	7607
BRC - PBI	N/A	Internacional	Comercial	7607
BGI - USH	N/A	Internacional	Av. General	7606
BGI - USH	N/A	Internacional	Comercial	7606
BHM - COR	N/A	Internacional	Av. General	7601
BHM - COR	N/A	Internacional	Comercial	7601
DKR - MDZ	Turkish Airlines	Internacional	Av. General	7601
ACC - EZE	Lufthansa Cargo	Internacional	Comercial	7583
ACC - EZE	N/A	Internacional	Av. General	7583
ACC - EZE	N/A	Internacional	Comercial	7583
ACC - EZE	NetJets	Internacional	Av. General	7583
ACC - EZE	Qatar Airways	Internacional	Comercial	7583
ACC - EZE	Qatar Executive	Internacional	Av. General	7583
IAH - IGR	N/A	Internacional	Comercial	7581
EZE - QRO	N/A	Internacional	Comercial	7580
EZE - QRO	SkyLease Cargo	Internacional	Comercial	7580
ATL - MDZ	Delta Air Lines	Internacional	Comercial	7578
COR - IAH	N/A	Internacional	Av. General	7577
COR - IAH	N/A	Internacional	Comercial	7577
COR - IAH	United Airlines	Internacional	Comercial	7577
IVC - USH	N/A	Internacional	Av. General	7576
BCT - BRC	N/A	Internacional	Av. General	7574
BCT - BRC	N/A	Internacional	Comercial	7574
MDQ - PBI	N/A	Internacional	Av. General	7568
JFK - TUC	Qatar Airways	Internacional	Comercial	7565
EZE - MLM	Austral Líneas Aéreas	Internacional	Comercial	7564
EZE - MLM	N/A	Internacional	Av. General	7564
COR - PDK	N/A	Internacional	Av. General	7558
COR - PDK	N/A	Internacional	Comercial	7558
COR - SGR	N/A	Internacional	Av. General	7556
SDF - TUC	N/A	Internacional	Comercial	7551
FDO - QRO	N/A	Internacional	Comercial	7547
COR - LRD	N/A	Internacional	Av. General	7546
COR - LRD	N/A	Internacional	Comercial	7546
SLA - SUS	N/A	Internacional	Av. General	7542
COR - HOU	N/A	Internacional	Av. General	7541
COR - HOU	N/A	Internacional	Comercial	7541
BRC - FLL		Internacional	Av. General	7541
BRC - FLL	N/A	Internacional	Av. General	7541
COR - CPT	N/A	Internacional	Av. General	7539
ATL - COR	Delta Air Lines	Internacional	Comercial	7537
IAH - MDZ	N/A	Internacional	Av. General	7532
IAH - MDZ	United Airlines	Internacional	Comercial	7532
IGR - TYS	N/A	Internacional	Av. General	7522
BPT - COR	N/A	Internacional	Av. General	7514
FTE - TAP	N/A	Internacional	Av. General	7512
BRC - MIA	N/A	Internacional	Av. General	7512
BRC - MIA	N/A	Internacional	Comercial	7512
AUA - USH	N/A	Internacional	Av. General	7499
AUA - USH	N/A	Internacional	Comercial	7499
FDO - PLZ	N/A	Internacional	Comercial	7496
EZE - LEE	N/A	Internacional	Av. General	7495
HOU - MDZ	N/A	Internacional	Av. General	7495
DKR - UAQ	N/A	Internacional	Av. General	7490
CPC - PBI	N/A	Internacional	Av. General	7489
CPC - PBI	NetJets	Internacional	Av. General	7489
CNQ - IAH	N/A	Internacional	Av. General	7485
AFW - TUC	Omniflys	Internacional	Comercial	7482
AFW - TUC	Volga-Dnepr Airlines	Internacional	Comercial	7482
MDQ - MIA	Chief of Staff, United States Air Force	Internacional	Av. General	7480
AEP - PLZ	N/A	Internacional	Comercial	7477
EZE - SFB	Aerolíneas Argentinas	Internacional	Comercial	7471
LRD - MDZ	N/A	Internacional	Comercial	7463
CUR - USH	N/A	Internacional	Av. General	7462
CUR - USH	NetJets	Internacional	Comercial	7462
DFW - TUC	N/A	Internacional	Av. General	7459
ADS - TUC	N/A	Internacional	Av. General	7457
BCT - CPC	N/A	Internacional	Av. General	7456
BTR - COR	N/A	Internacional	Av. General	7451
AEP - SFB		Internacional	Comercial	7448
AEP - SFB	N/A	Internacional	Av. General	7448
AEP - SFB	N/A	Internacional	Comercial	7448
DAL - TUC	N/A	Internacional	Av. General	7446
EZE - MCO	Aerolíneas Argentinas	Internacional	Comercial	7437
EZE - MCO	N/A	Internacional	Av. General	7437
EZE - MCO	N/A	Internacional	Comercial	7437
EZE - MCO	United Airlines	Internacional	Comercial	7437
IGR - RIC	N/A	Internacional	Av. General	7435
IGR - RIC	N/A	Internacional	Comercial	7435
EZE - TPA	Delta Air Lines	Internacional	Comercial	7432
EZE - TPA	N/A	Internacional	Av. General	7432
EZE - PIE	N/A	Internacional	Av. General	7431
EZE - PIE	N/A	Internacional	Comercial	7431
EZE - NLU	Atlas Air	Internacional	Comercial	7431
EZE - NLU	N/A	Internacional	Comercial	7431
EZE - NLU	SkyLease Cargo	Internacional	Comercial	7431
EZE - TLC	Aerofrisco	Internacional	Av. General	7427
EZE - TLC	Aerofrisco	Internacional	Comercial	7427
EZE - TLC	Centurion Air Cargo	Internacional	Comercial	7427
EZE - TLC	Execujet Charter	Internacional	Comercial	7427
EZE - TLC	LATAM	Internacional	Av. General	7427
EZE - TLC	LATAM	Internacional	Comercial	7427
EZE - TLC	N/A	Internacional	Av. General	7427
EZE - TLC	N/A	Internacional	Comercial	7427
SAV - SFN	N/A	Internacional	Av. General	7424
EZE - NKC	N/A	Internacional	Av. General	7414
AEP - MCO		Internacional	Comercial	7414
AEP - MCO	N/A	Internacional	Av. General	7414
AEP - MCO	N/A	Internacional	Comercial	7414
AEP - TLC	Gestair	Internacional	Av. General	7413
AEP - TLC	N/A	Internacional	Av. General	7413
AEP - TLC	N/A	Internacional	Comercial	7413
AEP - TLC	Priester Aviation	Internacional	Comercial	7413
AEP - TLC	Qatar Executive	Internacional	Comercial	7413
AEP - TPA	N/A	Internacional	Comercial	7410
EZE - MEX	Aerolíneas Argentinas	Internacional	Comercial	7406
EZE - MEX	Aeroméxico	Internacional	Comercial	7406
EZE - MEX	Atlas Air	Internacional	Comercial	7406
EZE - MEX	LATAM	Internacional	Comercial	7406
EZE - MEX	LATAM Argentina	Internacional	Comercial	7406
EZE - MEX	N/A	Internacional	Av. General	7406
EZE - MEX	N/A	Internacional	Comercial	7406
FDO - MCO		Internacional	Av. General	7397
FDO - MCO		Internacional	Comercial	7397
FDO - MCO	N/A	Internacional	Av. General	7397
BRC - NAS	N/A	Internacional	Av. General	7397
BRC - NAS	N/A	Internacional	Comercial	7397
FDO - TLC		Internacional	Comercial	7393
FDO - TLC	N/A	Internacional	Av. General	7393
AEP - MEX	N/A	Internacional	Av. General	7391
HPN - SLA	NetJets	Internacional	Av. General	7388
EPA - MEX	N/A	Internacional	Av. General	7383
EZE - SRQ	N/A	Internacional	Comercial	7373
SJO - USH	N/A	Internacional	Av. General	7370
SJO - USH	TAG Aviation USA	Internacional	Av. General	7370
SLA - TEB	N/A	Internacional	Av. General	7368
MDZ - SID	N/A	Internacional	Av. General	7364
MDZ - SID	N/A	Internacional	Comercial	7364
MDZ - SID	Royal Jet	Internacional	Comercial	7364
COR - MSY	N/A	Internacional	Av. General	7361
COR - NEW	N/A	Internacional	Av. General	7357
COR - NEW	N/A	Internacional	Comercial	7357
EWR - SLA	N/A	Internacional	Av. General	7352
JFK - SLA	N/A	Internacional	Av. General	7341
EZE - PBC	LATAM	Internacional	Av. General	7338
FDO - SRQ		Internacional	Comercial	7333
ATL - IGR	N/A	Internacional	Av. General	7330
MDZ - MTY	N/A	Internacional	Av. General	7320
EWR - JUJ	N/A	Internacional	Av. General	7306
CTG - USH	TAG Aviation USA	Internacional	Comercial	7299
IGR - LPA	Air Alsie	Internacional	Av. General	7294
COR - SAV	N/A	Internacional	Av. General	7287
BRO - COR	N/A	Internacional	Av. General	7284
BRO - COR	N/A	Internacional	Comercial	7284
EZE - SUA	N/A	Internacional	Av. General	7270
EZE - RSW	Aerolíneas Argentinas	Internacional	Comercial	7255
EZE - RSW	N/A	Internacional	Av. General	7255
EZE - RSW	N/A	Internacional	Comercial	7255
ABJ - EZE	N/A	Internacional	Av. General	7247
AUS - TUC	Atlas Air	Internacional	Av. General	7234
AUS - TUC	Atlas Air	Internacional	Comercial	7234
AUS - TUC	Cargolux	Internacional	Comercial	7234
AUS - TUC	Kalitta Air	Internacional	Comercial	7234
AUS - TUC	N/A	Internacional	Comercial	7234
AUS - TUC	Omniflys	Internacional	Comercial	7234
AUS - TUC	Qatar Airways	Internacional	Av. General	7234
DAL - SLA		Internacional	Comercial	7234
DAL - SLA	N/A	Internacional	Av. General	7234
ABJ - FDO		Internacional	Comercial	7233
AEP - RSW	N/A	Internacional	Av. General	7233
FDO - RSW		Internacional	Comercial	7216
EZE - PBI		Internacional	Comercial	7214
EZE - PBI	Firefly	Internacional	Av. General	7214
EZE - PBI	LATAM Argentina	Internacional	Comercial	7214
EZE - PBI	N/A	Internacional	Av. General	7214
EZE - PBI	N/A	Internacional	Comercial	7214
EZE - PBI	NetJets	Internacional	Av. General	7214
EZE - PBI	NetJets	Internacional	Comercial	7214
SAT - TUC	NetJets	Internacional	Av. General	7213
DAL - JUJ	N/A	Internacional	Av. General	7208
ACA - AEP	N/A	Internacional	Comercial	7194
AEP - PBI		Internacional	Av. General	7190
AEP - PBI		Internacional	Comercial	7190
AEP - PBI	Benair	Internacional	Av. General	7190
AEP - PBI	N/A	Internacional	Av. General	7190
AEP - PBI	N/A	Internacional	Comercial	7190
PTY - USH	N/A	Internacional	Av. General	7190
PTY - USH	NetJets	Internacional	Av. General	7190
PTY - USH	Starlink Aviation	Internacional	Av. General	7190
BCT - EZE	N/A	Internacional	Av. General	7182
BCT - EZE	N/A	Internacional	Comercial	7182
BCT - EZE	NetJets	Internacional	Comercial	7182
FDO - PBI		Internacional	Av. General	7174
FDO - PBI		Internacional	Comercial	7174
FDO - PBI	N/A	Internacional	Av. General	7174
FDO - PBI	N/A	Internacional	Comercial	7174
EZE - FXE	N/A	Internacional	Av. General	7165
EZE - FXE	N/A	Internacional	Comercial	7165
ROS - TPA	N/A	Internacional	Av. General	7156
EZE - FLL		Internacional	Av. General	7152
EZE - FLL		Internacional	Comercial	7152
EZE - FLL	American Airlines	Internacional	Comercial	7152
EZE - FLL	Chief of Staff, United States Air Force	Internacional	Av. General	7152
EZE - FLL	Executive Air Charter	Internacional	Comercial	7152
EZE - FLL	LATAM	Internacional	Av. General	7152
EZE - FLL	LATAM	Internacional	Comercial	7152
EZE - FLL	N/A	Internacional	Av. General	7152
EZE - FLL	N/A	Internacional	Comercial	7152
EZE - FLL	NetJets	Internacional	Av. General	7152
EZE - FLL	NetJets	Internacional	Comercial	7152
AEP - FXE		Internacional	Av. General	7142
AEP - FXE		Internacional	Comercial	7142
AEP - FXE	N/A	Internacional	Av. General	7142
AEP - FXE	N/A	Internacional	Comercial	7142
BHI - CUN	N/A	Internacional	Comercial	7135
AEP - FLL		Internacional	Av. General	7128
AEP - FLL		Internacional	Comercial	7128
AEP - FLL	Benair	Internacional	Av. General	7128
AEP - FLL	Benair	Internacional	Comercial	7128
AEP - FLL	N/A	Internacional	Av. General	7128
AEP - FLL	N/A	Internacional	Comercial	7128
EZE - MIA		Internacional	Av. General	7127
EZE - MIA		Internacional	Comercial	7127
EZE - MIA	Aerocardal	Internacional	Comercial	7127
EZE - MIA	Aerolíneas Argentinas	Internacional	Comercial	7127
EZE - MIA	Aeroméxico	Internacional	Comercial	7127
EZE - MIA	Air France	Internacional	Comercial	7127
EZE - MIA	Air New Zealand	Internacional	Comercial	7127
EZE - MIA	American Airlines	Internacional	Comercial	7127
EZE - MIA	American Jet	Internacional	Av. General	7127
EZE - MIA	Atlas Air	Internacional	Av. General	7127
EZE - MIA	Atlas Air	Internacional	Comercial	7127
EZE - MIA	Austral Líneas Aéreas	Internacional	Comercial	7127
EZE - MIA	Avianca	Internacional	Comercial	7127
EZE - MIA	Avianca Cargo	Internacional	Comercial	7127
EZE - MIA	Avianca Costa Rica	Internacional	Comercial	7127
EZE - MIA	Avianca Perú	Internacional	Comercial	7127
EZE - MIA	Centurion Air Cargo	Internacional	Comercial	7127
EZE - MIA	Chief of Staff, United States Air Force	Internacional	Av. General	7127
EZE - MIA	Copa Airlines	Internacional	Comercial	7127
EZE - MIA	Delta Air Lines	Internacional	Comercial	7127
EZE - MIA	Eastern Air Lines	Internacional	Comercial	7127
EZE - MIA	Ethiopian Airlines	Internacional	Comercial	7127
EZE - MIA	Federal Express	Internacional	Comercial	7127
EZE - MIA	Florida West International Airways	Internacional	Comercial	7127
EZE - MIA	Iberia Airlines	Internacional	Comercial	7127
EZE - MIA	JetSMART Airlines	Internacional	Comercial	7127
EZE - MIA	Kalitta Air	Internacional	Comercial	7127
EZE - MIA	LATAM	Internacional	Comercial	7127
EZE - MIA	LATAM Argentina	Internacional	Comercial	7127
EZE - MIA	LATAM Cargo Uruguay	Internacional	Comercial	7127
EZE - MIA	Martinair	Internacional	Comercial	7127
EZE - MIA	N/A	Internacional	Av. General	7127
EZE - MIA	N/A	Internacional	Comercial	7127
EZE - MIA	NetJets	Internacional	Av. General	7127
EZE - MIA	NetJets	Internacional	Comercial	7127
EZE - MIA	Northwest Airlines	Internacional	Comercial	7127
EZE - MIA	Prefectura Naval Argentina	Internacional	Av. General	7127
EZE - MIA	Qatar Airways	Internacional	Comercial	7127
EZE - MIA	Qatar Executive	Internacional	Av. General	7127
EZE - MIA	Sky Airline	Internacional	Comercial	7127
EZE - MIA	SkyLease Cargo	Internacional	Comercial	7127
EZE - MIA	TAM Cargo	Internacional	Comercial	7127
EZE - MIA	TAM Linhas Aéreas	Internacional	Comercial	7127
EZE - MIA	United Airlines	Internacional	Comercial	7127
EZE - MIA	United Parcel Service	Internacional	Comercial	7127
FDO - FXE		Internacional	Av. General	7125
FDO - FXE		Internacional	Comercial	7125
FDO - FXE	N/A	Internacional	Av. General	7125
FDO - FXE	N/A	Internacional	Comercial	7125
EZE - TMB	N/A	Internacional	Av. General	7117
FDO - FLL		Internacional	Av. General	7112
FDO - FLL		Internacional	Comercial	7112
FDO - FLL	N/A	Internacional	Av. General	7112
FDO - FLL	N/A	Internacional	Comercial	7112
AEP - MIA		Internacional	Av. General	7104
AEP - MIA		Internacional	Comercial	7104
AEP - MIA	Chief of Staff, United States Air Force	Internacional	Av. General	7104
AEP - MIA	Gestair	Internacional	Av. General	7104
AEP - MIA	N/A	Internacional	Av. General	7104
AEP - MIA	N/A	Internacional	Comercial	7104
AEP - MIA	NetJets	Internacional	Av. General	7104
AEP - MIA	Qatar Executive	Internacional	Av. General	7104
EZE - MHH	N/A	Internacional	Av. General	7102
ABY - RES	N/A	Internacional	Av. General	7087
FDO - MIA		Internacional	Av. General	7087
FDO - MIA		Internacional	Comercial	7087
FDO - MIA	N/A	Internacional	Av. General	7087
FDO - MIA	N/A	Internacional	Comercial	7087
MDQ - SID	N/A	Internacional	Av. General	7081
SGR - TUC	NetJets	Internacional	Av. General	7079
FDO - TMB		Internacional	Av. General	7077
HOU - TUC	N/A	Internacional	Av. General	7063
FTY - TUC	N/A	Internacional	Av. General	7053
ATL - TUC	N/A	Internacional	Comercial	7035
ATL - TUC	NetJets	Internacional	Av. General	7035
EZE - MID	Aerolíneas Argentinas	Internacional	Comercial	7025
EZE - MID	Aeroméxico	Internacional	Comercial	7025
DKR - EZE	Atlas Air	Internacional	Comercial	7017
DKR - EZE	Centurion Air Cargo	Internacional	Comercial	7017
DKR - EZE	Emirates Airline	Internacional	Comercial	7017
DKR - EZE	Lufthansa Cargo	Internacional	Comercial	7017
DKR - EZE	N/A	Internacional	Av. General	7017
DKR - EZE	N/A	Internacional	Comercial	7017
DKR - EZE	Volga-Dnepr Airlines	Internacional	Comercial	7017
NAS - RSA	N/A	Internacional	Av. General	6999
IGR - TLC	N/A	Internacional	Av. General	6997
DKR - FDO	N/A	Internacional	Av. General	6992
MDZ - SFB	N/A	Internacional	Comercial	6983
PIB - TUC	N/A	Internacional	Av. General	6982
MEX - PSS		Internacional	Comercial	6982
ELH - EZE	N/A	Internacional	Comercial	6980
ROS - RSW	N/A	Internacional	Comercial	6979
NTR - TUC	N/A	Internacional	Av. General	6973
MTY - TUC	N/A	Internacional	Av. General	6957
EZE - NAS		Internacional	Av. General	6957
EZE - NAS	Chief of Staff, United States Air Force	Internacional	Av. General	6957
EZE - NAS	Global Jet Luxembourg	Internacional	Av. General	6957
EZE - NAS	N/A	Internacional	Av. General	6957
EZE - NAS	N/A	Internacional	Comercial	6957
EZE - NAS	NetJets	Internacional	Av. General	6957
CBM - SLA	N/A	Internacional	Av. General	6951
COR - LEE	N/A	Internacional	Av. General	6950
COR - LEE	N/A	Internacional	Comercial	6950
BJL - EZE	Lufthansa Cargo	Internacional	Comercial	6949
MCO - MDZ		Internacional	Comercial	6947
MCO - MDZ	N/A	Internacional	Av. General	6947
PBI - ROS		Internacional	Av. General	6941
PBI - ROS	NetJets	Internacional	Av. General	6941
AEP - NAS	N/A	Internacional	Av. General	6933
AEP - NAS	N/A	Internacional	Comercial	6933
COR - SID		Internacional	Av. General	6933
COR - SID	N/A	Internacional	Av. General	6933
MDZ - TPA	N/A	Internacional	Av. General	6923
FDO - NAS		Internacional	Av. General	6916
FDO - NAS		Internacional	Comercial	6916
FDO - NAS	N/A	Internacional	Av. General	6916
FDO - NAS	N/A	Internacional	Comercial	6916
CPT - FDO		Internacional	Av. General	6915
CPT - FDO		Internacional	Comercial	6915
CPT - FDO	N/A	Internacional	Av. General	6915
EZE - HAV	Aerolíneas Argentinas	Internacional	Comercial	6912
EZE - HAV	Conviasa	Internacional	Comercial	6912
EZE - HAV	Cubana de Aviación	Internacional	Comercial	6912
EZE - HAV	Estelar Latinoamerica	Internacional	Comercial	6912
EZE - HAV	Fuerza Aérea Argentina	Internacional	Av. General	6912
EZE - HAV	Gestair	Internacional	Av. General	6912
EZE - HAV	Gestair	Internacional	Comercial	6912
EZE - HAV	N/A	Internacional	Av. General	6912
EZE - HAV	Plus Ultra Líneas Aéreas	Internacional	Comercial	6912
MCF - MDZ	N/A	Internacional	Av. General	6909
EZE - VSA	N/A	Internacional	Av. General	6907
EZE - VSA	N/A	Internacional	Comercial	6907
CZM - NQN	N/A	Internacional	Av. General	6904
CUN - EZE	Aerolíneas Argentinas	Internacional	Comercial	6902
CUN - EZE	Aeroméxico	Internacional	Comercial	6902
CUN - EZE	Arajet	Internacional	Comercial	6902
CUN - EZE	LATAM	Internacional	Av. General	6902
CUN - EZE	LATAM	Internacional	Comercial	6902
CUN - EZE	LATAM Argentina	Internacional	Comercial	6902
CUN - EZE	N/A	Internacional	Comercial	6902
MDZ - MLB	N/A	Internacional	Av. General	6898
AEP - CPT		Internacional	Av. General	6895
AEP - CPT		Internacional	Comercial	6895
AEP - CPT	N/A	Internacional	Av. General	6895
AEP - CPT	N/A	Internacional	Comercial	6895
AEP - CPT	Qatar Executive	Internacional	Av. General	6895
CPT - EZE	Delta Private Jets	Internacional	Av. General	6894
CPT - EZE	N/A	Internacional	Av. General	6894
CPT - EZE	N/A	Internacional	Comercial	6894
CPT - EZE	Qatar Airways	Internacional	Comercial	6894
FXE - ROS		Internacional	Av. General	6892
FXE - ROS	N/A	Internacional	Av. General	6892
FXE - ROS	N/A	Internacional	Comercial	6892
AEP - VSA	N/A	Internacional	Av. General	6891
AEP - HAV	Gestair	Internacional	Comercial	6890
AEP - HAV	N/A	Internacional	Av. General	6890
AEP - CUN	Aerolíneas Argentinas	Internacional	Comercial	6883
AEP - CUN	N/A	Internacional	Av. General	6883
COR - TPA	N/A	Internacional	Av. General	6881
EZE - VRA	Execujet Charter	Internacional	Av. General	6880
COR - PIE	N/A	Internacional	Av. General	6879
FLL - ROS		Internacional	Av. General	6878
FLL - ROS		Internacional	Comercial	6878
FLL - ROS	N/A	Internacional	Av. General	6878
FLL - ROS	N/A	Internacional	Comercial	6878
FLL - ROS	NetJets	Internacional	Av. General	6878
CPA - EZE	N/A	Internacional	Comercial	6874
EQS - MBJ	N/A	Internacional	Av. General	6871
FDO - OXB		Internacional	Av. General	6868
COR - MCF	N/A	Internacional	Av. General	6868
CUN - FDO		Internacional	Comercial	6864
CUN - FDO	N/A	Internacional	Av. General	6864
AEP - OXB		Internacional	Av. General	6864
AEP - OXB		Internacional	Comercial	6864
EZE - SID		Internacional	Av. General	6863
EZE - SID		Internacional	Comercial	6863
EZE - SID	Abelag Aviation	Internacional	Av. General	6863
EZE - SID	ACM Air Charter	Internacional	Av. General	6863
EZE - SID	Aeroflot Russian Airlines	Internacional	Av. General	6863
EZE - SID	Air Atlanta Icelandic	Internacional	Comercial	6863
EZE - SID	American Airlines	Internacional	Comercial	6863
EZE - SID	Antonov Airlines	Internacional	Comercial	6863
EZE - SID	Atlas Air	Internacional	Comercial	6863
EZE - SID	Cat Aviation	Internacional	Av. General	6863
EZE - SID	Dasnair	Internacional	Av. General	6863
EZE - SID	Execujet Charter	Internacional	Av. General	6863
EZE - SID	Execujet Charter	Internacional	Comercial	6863
EZE - SID	Global Jet Luxembourg	Internacional	Av. General	6863
EZE - SID	LATAM	Internacional	Av. General	6863
EZE - SID	LATAM	Internacional	Comercial	6863
EZE - SID	Lufthansa Cargo	Internacional	Comercial	6863
EZE - SID	N/A	Internacional	Av. General	6863
EZE - SID	N/A	Internacional	Comercial	6863
EZE - SID	NetJets	Internacional	Av. General	6863
EZE - SID	TAG Aviation USA	Internacional	Comercial	6863
EZE - SID	Volga-Dnepr Airlines	Internacional	Comercial	6863
CZM - EZE	Jet Aviation	Internacional	Comercial	6853
CZM - EZE	LATAM	Internacional	Av. General	6853
CZM - EZE	LATAM	Internacional	Comercial	6853
CZM - EZE	N/A	Internacional	Av. General	6853
CZM - EZE	N/A	Internacional	Comercial	6853
MIA - ROS		Internacional	Comercial	6853
MIA - ROS	American Airlines	Internacional	Comercial	6853
MIA - ROS	N/A	Internacional	Av. General	6853
MIA - ROS	N/A	Internacional	Comercial	6853
MIA - ROS	NetJets	Internacional	Av. General	6853
EPA - SID	N/A	Internacional	Av. General	6849
ROS - TMB	N/A	Internacional	Av. General	6842
CKY - EZE	N/A	Internacional	Comercial	6839
ROS - SID		Internacional	Av. General	6836
ROS - SID		Internacional	Comercial	6836
ROS - SID	N/A	Internacional	Av. General	6836
ROS - SID	N/A	Internacional	Comercial	6836
FDO - SID		Internacional	Av. General	6834
FDO - SID		Internacional	Comercial	6834
FDO - SID	Benair	Internacional	Av. General	6834
FDO - SID	Cat Aviation	Internacional	Av. General	6834
FDO - SID	Dassault Aviation	Internacional	Av. General	6834
FDO - SID	N/A	Internacional	Av. General	6834
FDO - SID	N/A	Internacional	Comercial	6834
AEP - CZM	N/A	Internacional	Av. General	6834
AEP - CZM	N/A	Internacional	Comercial	6834
AEP - SID		Internacional	Av. General	6833
AEP - SID		Internacional	Comercial	6833
AEP - SID	ACM Air Charter	Internacional	Av. General	6833
AEP - SID	Dasnair	Internacional	Av. General	6833
AEP - SID	Executive Airlines	Internacional	Av. General	6833
AEP - SID	Hong Kong Airlines	Internacional	Av. General	6833
AEP - SID	Metrojet	Internacional	Av. General	6833
AEP - SID	Metrojet	Internacional	Comercial	6833
AEP - SID	N/A	Internacional	Av. General	6833
AEP - SID	N/A	Internacional	Comercial	6833
AEP - SID	Royal Jet	Internacional	Av. General	6833
AEP - SID	Spanish Air Force	Internacional	Comercial	6833
PTY - RGL	N/A	Internacional	Av. General	6824
MDE - USH	N/A	Internacional	Av. General	6824
DKR - SLA	Turkish Airlines	Internacional	Av. General	6824
CZM - FDO		Internacional	Av. General	6815
CZM - FDO	N/A	Internacional	Av. General	6815
PBI - SFN	NetJets	Internacional	Av. General	6815
EZE - ROB	N/A	Internacional	Av. General	6809
CPT - USH		Internacional	Av. General	6806
CPT - USH	N/A	Internacional	Av. General	6806
EZE - FNA	N/A	Internacional	Av. General	6789
EZE - FNA	N/A	Internacional	Comercial	6789
COR - TLC	N/A	Internacional	Av. General	6787
COR - TLC	N/A	Internacional	Comercial	6787
BRC - POP	N/A	Internacional	Comercial	6781
EZE - SNU	Cubana de Aviación	Internacional	Comercial	6769
EZE - ZSA	Aerolíneas Argentinas	Internacional	Comercial	6769
COR - MEX	Aeroméxico	Internacional	Comercial	6767
MTY - SLA	N/A	Internacional	Av. General	6756
MDZ - RSW		Internacional	Av. General	6750
MDZ - RSW	N/A	Internacional	Comercial	6750
COR - RAI	N/A	Internacional	Av. General	6740
FNA - JUJ	N/A	Internacional	Av. General	6725
CCC - EZE	Cubana de Aviación	Internacional	Comercial	6711
CCC - EZE	Plus Ultra Líneas Aéreas	Internacional	Comercial	6711
COR - RSW	Latin American Wings	Internacional	Av. General	6705
COR - RSW	N/A	Internacional	Av. General	6705
COR - RSW	N/A	Internacional	Comercial	6705
BCT - MDZ	N/A	Internacional	Comercial	6699
NAS - ROS		Internacional	Av. General	6688
NAS - ROS		Internacional	Comercial	6688
NAS - ROS	N/A	Internacional	Av. General	6688
NAS - ROS	N/A	Internacional	Comercial	6688
CPT - MDQ	Cat Aviation	Internacional	Av. General	6681
COR - PBI	N/A	Internacional	Av. General	6674
COR - PBI	N/A	Internacional	Comercial	6674
FLL - MDZ		Internacional	Av. General	6667
FLL - MDZ		Internacional	Comercial	6667
FLL - MDZ	N/A	Internacional	Av. General	6667
FLL - MDZ	N/A	Internacional	Comercial	6667
FLL - MDZ	NetJets	Internacional	Comercial	6667
MDZ - TLC		Internacional	Av. General	6667
MDZ - TLC	N/A	Internacional	Av. General	6667
EZE - RAI	Global Jet Luxembourg	Internacional	Av. General	6662
EZE - RAI	Global Jet Luxembourg	Internacional	Comercial	6662
EZE - RAI	N/A	Internacional	Av. General	6662
EZE - RAI	N/A	Internacional	Comercial	6662
BRC - SJU	N/A	Internacional	Av. General	6655
SID - TUC	Volga-Dnepr Airlines	Internacional	Comercial	6654
MDZ - MEX	Aeroméxico	Internacional	Comercial	6651
FTE - PTY	N/A	Internacional	Av. General	6645
FTE - PTY	N/A	Internacional	Comercial	6645
BCT - COR	N/A	Internacional	Av. General	6642
MDZ - MIA		Internacional	Av. General	6639
MDZ - MIA		Internacional	Comercial	6639
MDZ - MIA	Aeroméxico	Internacional	Comercial	6639
MDZ - MIA	American Airlines	Internacional	Comercial	6639
MDZ - MIA	Centurion Air Cargo	Internacional	Av. General	6639
MDZ - MIA	Global Jet Luxembourg	Internacional	Av. General	6639
MDZ - MIA	LATAM Argentina	Internacional	Comercial	6639
MDZ - MIA	N/A	Internacional	Av. General	6639
BRC - LRM	N/A	Internacional	Comercial	6639
MDZ - MIA	N/A	Internacional	Comercial	6639
RAI - ROS	Gestair	Internacional	Comercial	6639
FDO - RAI		Internacional	Av. General	6633
FDO - RAI		Internacional	Comercial	6633
AEP - RAI	Gestair	Internacional	Av. General	6632
AEP - RAI	N/A	Internacional	Av. General	6632
AEP - RAI	N/A	Internacional	Comercial	6632
BZE - EZE	N/A	Internacional	Av. General	6625
CNQ - SRQ	N/A	Internacional	Av. General	6614
BRO - SLA	N/A	Internacional	Av. General	6613
BRO - SLA	N/A	Internacional	Comercial	6613
COR - FLL		Internacional	Av. General	6610
COR - FLL		Internacional	Comercial	6610
COR - FLL	N/A	Internacional	Av. General	6610
COR - FLL	NetJets	Internacional	Comercial	6610
BZE - FDO	N/A	Internacional	Av. General	6588
COR - MIA	Aerolíneas Argentinas	Internacional	Av. General	6584
COR - MIA	Aerolíneas Argentinas	Internacional	Comercial	6584
COR - MIA	American Airlines	Internacional	Comercial	6584
COR - MIA	LATAM	Internacional	Comercial	6584
COR - MIA	LATAM Argentina	Internacional	Comercial	6584
COR - MIA	N/A	Internacional	Av. General	6584
COR - MIA	N/A	Internacional	Comercial	6584
COR - MIA	NetJets	Internacional	Av. General	6584
COR - MIA	Qatar Executive	Internacional	Av. General	6584
EZE - TAP	LATAM	Internacional	Comercial	6579
EZE - TAP	N/A	Internacional	Av. General	6579
EZE - TAP	N/A	Internacional	Comercial	6579
AEP - TAP	N/A	Internacional	Av. General	6564
AEP - TAP	N/A	Internacional	Comercial	6564
NAS - SFN	N/A	Internacional	Av. General	6561
NAS - SFN	N/A	Internacional	Comercial	6561
ANU - BRC	N/A	Internacional	Av. General	6560
FDO - TAP		Internacional	Av. General	6544
FDO - TAP		Internacional	Comercial	6544
FDO - TAP	N/A	Internacional	Av. General	6544
AXA - CPC	NetJets	Internacional	Av. General	6542
BCT - PSS	N/A	Internacional	Av. General	6519
BRC - GUA	N/A	Internacional	Comercial	6518
MIA - UAQ	N/A	Internacional	Av. General	6509
MDZ - NAS		Internacional	Av. General	6507
MDZ - NAS	Global Jet Luxembourg	Internacional	Av. General	6507
EZE - GCM	N/A	Internacional	Comercial	6490
EZE - HOG	Cubana de Aviación	Internacional	Comercial	6469
MIA - PSS	N/A	Internacional	Av. General	6468
AEP - GCM	N/A	Internacional	Av. General	6468
AEP - GCM	N/A	Internacional	Comercial	6468
EZE - PLS		Internacional	Comercial	6465
EZE - PLS	N/A	Internacional	Av. General	6465
EZE - PLS	N/A	Internacional	Comercial	6465
EZE - PLS	NetJets	Internacional	Comercial	6465
EZE - PLS	Sirio	Internacional	Av. General	6465
EZE - GUA	LATAM	Internacional	Comercial	6456
EZE - GUA	N/A	Internacional	Av. General	6456
IGR - PBI	N/A	Internacional	Comercial	6451
AEP - PLS	N/A	Internacional	Av. General	6440
AEP - PLS	N/A	Internacional	Comercial	6440
AEP - GUA	N/A	Internacional	Av. General	6439
PBI - RES	N/A	Internacional	Av. General	6433
CRD - SJO	Chief of Staff, United States Air Force	Internacional	Av. General	6431
CRD - SJO	N/A	Internacional	Av. General	6431
COR - NAS	N/A	Internacional	Av. General	6431
ACA - MDZ	N/A	Internacional	Av. General	6429
FDO - PLS		Internacional	Av. General	6424
FDO - PLS		Internacional	Comercial	6424
FDO - PLS	N/A	Internacional	Av. General	6424
FDO - PLS	N/A	Internacional	Comercial	6424
COR - MID	N/A	Internacional	Av. General	6421
FDO - GUA	N/A	Internacional	Comercial	6420
EZE - GSJ	Avianca Costa Rica	Internacional	Comercial	6411
FXE - IGR	N/A	Internacional	Av. General	6406
FLL - IGR	N/A	Internacional	Av. General	6393
FLL - IGR	NetJets	Internacional	Comercial	6393
FDO - RTB		Internacional	Av. General	6379
FDO - RTB		Internacional	Comercial	6379
FLL - RES	N/A	Internacional	Av. General	6372
IGR - MIA	N/A	Internacional	Av. General	6372
IGR - MIA	N/A	Internacional	Comercial	6372
EZE - SCU	Aerolíneas Argentinas	Internacional	Comercial	6368
EZE - SCU	Cubana de Aviación	Internacional	Comercial	6368
MIA - RES	Aerolíneas Argentinas	Internacional	Comercial	6349
MIA - RES	Línea Aérea de Entre Ríos SE (LAER)	Internacional	Comercial	6349
MDQ - SJU	N/A	Internacional	Av. General	6337
MEX - TUC		Internacional	Comercial	6323
MEX - TUC	Flybondi	Internacional	Comercial	6323
MEX - TUC	N/A	Internacional	Comercial	6323
MEX - TUC	Qatar Airways	Internacional	Comercial	6323
COR - CUN	Aerolíneas Argentinas	Internacional	Comercial	6311
FOR - USH	N/A	Internacional	Av. General	6284
FOR - USH	N/A	Internacional	Comercial	6284
ROS - TAP		Internacional	Comercial	6283
EZE - MBJ	N/A	Internacional	Av. General	6280
EZE - MBJ	N/A	Internacional	Comercial	6280
EZE - SAL	Aerolíneas Argentinas	Internacional	Comercial	6265
EZE - SAL	Jordan Aviation	Internacional	Comercial	6265
EZE - SAL	N/A	Internacional	Av. General	6265
AEP - SAL		Internacional	Av. General	6248
AEP - SAL	N/A	Internacional	Av. General	6248
AEP - SAL	N/A	Internacional	Comercial	6248
FDO - SAL	N/A	Internacional	Av. General	6229
CRD - PTY	Chief of Staff, United States Air Force	Internacional	Av. General	6222
CRD - PTY	N/A	Internacional	Av. General	6222
GCM - ROS	N/A	Internacional	Av. General	6209
PLS - ROS	N/A	Internacional	Av. General	6208
PLS - ROS	N/A	Internacional	Comercial	6208
EZE - POP	Aerolíneas Argentinas	Internacional	Comercial	6208
EZE - POP	N/A	Internacional	Comercial	6208
NAT - USH	Gestair	Internacional	Comercial	6204
NAT - USH	N/A	Internacional	Av. General	6204
EZE - KIN	Chief of Staff, United States Air Force	Internacional	Av. General	6182
EZE - KIN	N/A	Internacional	Comercial	6182
AEP - POP	N/A	Internacional	Av. General	6182
CUR - REL	N/A	Internacional	Av. General	6178
PBI - TUC	N/A	Internacional	Av. General	6171
PBI - TUC	NetJets	Internacional	Av. General	6171
JBQ - RSA	N/A	Internacional	Av. General	6170
IGR - NAS	N/A	Internacional	Comercial	6170
MCO - SLA	N/A	Internacional	Av. General	6169
FDO - POP		Internacional	Av. General	6167
FDO - POP		Internacional	Comercial	6167
FDO - POP	N/A	Internacional	Av. General	6167
GUA - ROS	N/A	Internacional	Av. General	6160
AEP - KIN	N/A	Internacional	Av. General	6159
AEP - KIN	N/A	Internacional	Comercial	6159
AEP - STI	N/A	Internacional	Av. General	6144
EPS - EZE	Andes Líneas Aéreas	Internacional	Comercial	6138
JUJ - TLC	N/A	Internacional	Av. General	6137
MEX - SLA		Internacional	Comercial	6128
MEX - SLA	Flybondi	Internacional	Comercial	6128
FXE - TUC	N/A	Internacional	Av. General	6121
FXE - TUC	N/A	Internacional	Comercial	6121
EZE - PAP	Jordan Aviation	Internacional	Comercial	6120
FLL - TUC		Internacional	Av. General	6107
FLL - TUC		Internacional	Comercial	6107
FLL - TUC	N/A	Internacional	Av. General	6107
FLL - TUC	N/A	Internacional	Comercial	6107
MEC - USH	N/A	Internacional	Comercial	6105
IGR - TAP	N/A	Internacional	Comercial	6101
MIA - TUC	Atlas Air	Internacional	Av. General	6081
MIA - TUC	Atlas Air	Internacional	Comercial	6081
MIA - TUC	Avianca Cargo	Internacional	Comercial	6081
MIA - TUC	Centurion Air Cargo	Internacional	Av. General	6081
MIA - TUC	Centurion Air Cargo	Internacional	Comercial	6081
MIA - TUC	Florida West International Airways	Internacional	Comercial	6081
MIA - TUC	Kalitta Air	Internacional	Comercial	6081
MIA - TUC	LATAM	Internacional	Av. General	6081
MIA - TUC	LATAM	Internacional	Comercial	6081
MIA - TUC	N/A	Internacional	Av. General	6081
MIA - TUC	N/A	Internacional	Comercial	6081
MIA - TUC	NetJets	Internacional	Av. General	6081
MIA - TUC	SkyLease Cargo	Internacional	Comercial	6081
MIA - TUC	TAM Linhas Aéreas	Internacional	Comercial	6081
PSS - SID	N/A	Internacional	Av. General	6069
EZE - JBQ	Aerolíneas Argentinas	Internacional	Comercial	6066
EZE - JBQ	Arajet	Internacional	Comercial	6066
EZE - JBQ	N/A	Internacional	Comercial	6066
EZE - HEX	Arajet	Internacional	Comercial	6054
EZE - SDQ	Aerolíneas Argentinas	Internacional	Comercial	6044
EZE - SDQ	Andes Líneas Aéreas	Internacional	Comercial	6044
EZE - SDQ	Arajet	Internacional	Comercial	6044
EZE - SDQ	Chief of Staff, United States Air Force	Internacional	Av. General	6044
EZE - SDQ	LATAM	Internacional	Comercial	6044
EZE - SDQ	N/A	Internacional	Av. General	6044
EZE - SDQ	N/A	Internacional	Comercial	6044
BGI - CPC	Tyrolean Jet Services	Internacional	Av. General	6038
EZE - PUJ		Internacional	Av. General	6034
EZE - PUJ	Aerolíneas Argentinas	Internacional	Comercial	6034
EZE - PUJ	Arajet	Internacional	Comercial	6034
EZE - PUJ	Avianca	Internacional	Comercial	6034
EZE - PUJ	Avianca Costa Rica	Internacional	Comercial	6034
EZE - PUJ	Copa Airlines	Internacional	Comercial	6034
EZE - PUJ	LATAM	Internacional	Comercial	6034
EZE - PUJ	LATAM Argentina	Internacional	Comercial	6034
EZE - PUJ	N/A	Internacional	Av. General	6034
EZE - PUJ	N/A	Internacional	Comercial	6034
EZE - LRM	Aerolíneas Argentinas	Internacional	Comercial	6031
EZE - LRM	N/A	Internacional	Av. General	6031
EZE - LRM	N/A	Internacional	Comercial	6031
EZE - LRM	NetJets	Internacional	Av. General	6031
EZE - LRM	Qatar Executive	Internacional	Av. General	6031
AEP - SDQ		Internacional	Av. General	6018
AEP - SDQ	Arajet	Internacional	Av. General	6018
AEP - SDQ	N/A	Internacional	Comercial	6018
AEP - PUJ	Aerolíneas Argentinas	Internacional	Comercial	6007
AEP - PUJ	Arajet	Internacional	Comercial	6007
AEP - PUJ	N/A	Internacional	Av. General	6007
AEP - PUJ	N/A	Internacional	Comercial	6007
AEP - LRM		Internacional	Comercial	6005
AEP - LRM	Executive Airlines	Internacional	Av. General	6005
AEP - LRM	Gestair	Internacional	Av. General	6005
AEP - LRM	N/A	Internacional	Av. General	6005
AEP - LRM	N/A	Internacional	Comercial	6005
BQN - EZE	N/A	Internacional	Av. General	6004
FDO - SDQ	N/A	Internacional	Av. General	6003
FDO - PUJ		Internacional	Av. General	5992
FDO - PUJ	N/A	Internacional	Av. General	5992
FDO - LRM		Internacional	Av. General	5990
FDO - LRM	N/A	Internacional	Av. General	5990
FDO - LRM	N/A	Internacional	Comercial	5990
EZE - SJU		Internacional	Av. General	5981
EZE - SJU		Internacional	Comercial	5981
EZE - SJU	Chief of Staff, United States Air Force	Internacional	Av. General	5981
EZE - SJU	Delta Air Lines	Internacional	Comercial	5981
EZE - SJU	LATAM	Internacional	Av. General	5981
EZE - SJU	LATAM	Internacional	Comercial	5981
EZE - SJU	N/A	Internacional	Av. General	5981
EZE - SJU	N/A	Internacional	Comercial	5981
EZE - SJU	NetJets	Internacional	Av. General	5981
REC - USH	N/A	Internacional	Av. General	5981
REC - USH	NetJets	Internacional	Comercial	5981
REC - USH	Spanish Air Force	Internacional	Av. General	5981
AEP - BQN	N/A	Internacional	Av. General	5978
EIS - EZE	N/A	Internacional	Av. General	5964
BQN - FDO		Internacional	Av. General	5963
BQN - FDO	Dassault Falcon Service	Internacional	Av. General	5963
BQN - FDO	N/A	Internacional	Av. General	5963
BQN - FDO	N/A	Internacional	Comercial	5963
GYE - USH	N/A	Internacional	Av. General	5958
GYE - USH	N/A	Internacional	Comercial	5958
AEP - SIG	N/A	Internacional	Av. General	5958
AEP - SIG	N/A	Internacional	Comercial	5958
EPA - SJU	N/A	Internacional	Av. General	5957
EZE - STT	N/A	Internacional	Av. General	5957
EZE - STT	N/A	Internacional	Comercial	5957
AEP - SJU		Internacional	Comercial	5954
AEP - SJU	Chief of Staff, United States Air Force	Internacional	Av. General	5954
AEP - SJU	N/A	Internacional	Av. General	5954
POP - ROS		Internacional	Comercial	5954
COR - TAP	N/A	Internacional	Av. General	5951
FDO - SIG	N/A	Internacional	Av. General	5943
BRC - CUR	Tyrolean Jet Services	Internacional	Comercial	5942
EZE - PSE	N/A	Internacional	Av. General	5942
FDO - SJU		Internacional	Av. General	5940
FDO - SJU		Internacional	Comercial	5940
FDO - SJU	N/A	Internacional	Av. General	5940
AEP - EIS		Internacional	Comercial	5936
AEP - EIS	N/A	Internacional	Comercial	5936
AEP - STT	N/A	Internacional	Av. General	5929
AEP - STT	N/A	Internacional	Comercial	5929
NAS - TUC		Internacional	Av. General	5926
NAS - TUC		Internacional	Comercial	5926
AXA - EZE	N/A	Internacional	Av. General	5922
AXA - EZE	N/A	Internacional	Comercial	5922
EIS - FDO		Internacional	Av. General	5922
FDO - STT		Internacional	Av. General	5915
FDO - STT	N/A	Internacional	Av. General	5915
EZE - SXM	N/A	Internacional	Av. General	5905
EZE - SXM	N/A	Internacional	Comercial	5905
AEP - AXA	N/A	Internacional	Av. General	5894
AEP - AXA	N/A	Internacional	Comercial	5894
CYO - IRJ	Andes Líneas Aéreas	Internacional	Av. General	5893
FLL - SLA		Internacional	Av. General	5885
FLL - SLA		Internacional	Comercial	5885
FLL - SLA	NetJets	Internacional	Av. General	5885
EZE - STX	N/A	Internacional	Av. General	5884
EZE - STX	N/A	Internacional	Comercial	5884
AXA - FDO	N/A	Internacional	Av. General	5881
AEP - SXM		Internacional	Av. General	5876
AEP - SXM		Internacional	Comercial	5876
AEP - SXM	N/A	Internacional	Av. General	5876
AEP - SXM	N/A	Internacional	Comercial	5876
PSS - RAI	N/A	Internacional	Av. General	5872
PSS - RAI	Swiss Air-Ambulance	Internacional	Comercial	5872
MDZ - TAP		Internacional	Comercial	5865
FDO - SXM		Internacional	Av. General	5863
FDO - SXM		Internacional	Comercial	5863
FDO - SXM	N/A	Internacional	Av. General	5863
FDO - SXM	N/A	Internacional	Comercial	5863
MIA - SLA	Aerolíneas Argentinas	Internacional	Comercial	5859
MIA - SLA	N/A	Internacional	Av. General	5859
MIA - SLA	NetJets	Internacional	Av. General	5859
GYE - RGA	N/A	Internacional	Av. General	5853
GYE - RGA	N/A	Internacional	Comercial	5853
BRC - SJO	N/A	Internacional	Av. General	5849
EQS - PTY	N/A	Internacional	Av. General	5847
EUX - EZE	N/A	Internacional	Av. General	5843
COR - GUA	N/A	Internacional	Av. General	5833
IGR - SID	ASL Airlines France	Internacional	Av. General	5832
IGR - SID	ASL Airlines France	Internacional	Comercial	5832
IGR - SID	Execujet Charter	Internacional	Av. General	5832
IGR - SID	N/A	Internacional	Av. General	5832
IGR - SID	N/A	Internacional	Comercial	5832
GCM - UAQ	N/A	Internacional	Av. General	5828
FDO - SAB	N/A	Internacional	Av. General	5820
FTE - REC	Cat Aviation	Internacional	Av. General	5809
EZE - NEV	TAG Aviation	Internacional	Av. General	5808
EZE - LIR	N/A	Internacional	Av. General	5802
EZE - LIR	N/A	Internacional	Comercial	5802
EZE - LIR	TAG Aviation UK	Internacional	Comercial	5802
ANU - EZE	Global Jet Luxembourg	Internacional	Comercial	5794
ANU - EZE	N/A	Internacional	Av. General	5794
ANU - EZE	N/A	Internacional	Comercial	5794
ROS - SDQ	N/A	Internacional	Av. General	5792
PUJ - ROS		Internacional	Comercial	5786
PUJ - ROS	Aerolíneas Argentinas	Internacional	Comercial	5786
AEP - LIR	N/A	Internacional	Av. General	5785
AEP - LIR	N/A	Internacional	Comercial	5785
LRM - ROS	N/A	Internacional	Av. General	5782
FDO - SKB		Internacional	Av. General	5779
AEP - ANU	N/A	Internacional	Av. General	5766
AEP - ANU	N/A	Internacional	Comercial	5766
BRC - CTG	N/A	Internacional	Av. General	5761
ANU - FDO		Internacional	Av. General	5753
CPC - SJO	N/A	Internacional	Av. General	5734
MDZ - PUJ		Internacional	Av. General	5722
MDZ - PUJ	Aerolíneas Argentinas	Internacional	Comercial	5722
MDZ - SJU	N/A	Internacional	Av. General	5715
MDZ - SJU	N/A	Internacional	Comercial	5715
AXA - MDZ	N/A	Internacional	Av. General	5714
MDZ - SDQ	N/A	Internacional	Av. General	5707
MDQ - PTY	Copa Airlines	Internacional	Comercial	5703
NAS - SLA	N/A	Internacional	Av. General	5702
NQN - SJO	N/A	Internacional	Comercial	5697
EZE - PTP	N/A	Internacional	Av. General	5696
EZE - PTP	N/A	Internacional	Comercial	5696
MDZ - SXM		Internacional	Av. General	5695
MGA - ROS	N/A	Internacional	Av. General	5694
ROS - SXM	N/A	Internacional	Comercial	5677
EZE - SJO		Internacional	Comercial	5675
EZE - SJO	Aerolíneas Argentinas	Internacional	Comercial	5675
EZE - SJO	Air Canada	Internacional	Comercial	5675
EZE - SJO	Atlas Air	Internacional	Comercial	5675
EZE - SJO	Avianca	Internacional	Comercial	5675
EZE - SJO	Avianca Costa Rica	Internacional	Comercial	5675
EZE - SJO	JetSMART Airlines	Internacional	Comercial	5675
EZE - SJO	N/A	Internacional	Av. General	5675
EZE - SJO	N/A	Internacional	Comercial	5675
BRC - FEN		Internacional	Comercial	5669
AZS - COR	Andes Líneas Aéreas	Internacional	Comercial	5663
JUJ - NAS	N/A	Internacional	Av. General	5662
JUJ - NAS	N/A	Internacional	Comercial	5662
SDQ - SFN	Chief of Staff, United States Air Force	Internacional	Av. General	5661
SDQ - SFN	N/A	Internacional	Av. General	5661
BOG - CRD	N/A	Internacional	Av. General	5659
AEP - SJO	JetSMART Airlines	Internacional	Comercial	5657
AEP - SJO	N/A	Internacional	Av. General	5657
AEP - SJO	N/A	Internacional	Comercial	5657
PUJ - SFN		Internacional	Comercial	5655
BRC - PTY	N/A	Internacional	Av. General	5654
BRC - PTY	N/A	Internacional	Comercial	5654
BRC - PTY	NetJets	Internacional	Av. General	5654
BRC - PTY	NetJets	Internacional	Comercial	5654
EPA - SJO	JetSMART Airlines	Internacional	Comercial	5652
MDZ - STX	N/A	Internacional	Av. General	5641
FDO - SJO		Internacional	Av. General	5638
IGR - RAI		Internacional	Comercial	5635
HAV - SLA	N/A	Internacional	Av. General	5631
MDZ - SKB		Internacional	Av. General	5619
FTE - UIO	Dassault Aviation	Internacional	Comercial	5615
HAV - JUJ	N/A	Internacional	Av. General	5596
PUJ - UAQ	N/A	Internacional	Av. General	5581
COR - PUJ	Aerolíneas Argentinas	Internacional	Comercial	5572
COR - PUJ	Arajet	Internacional	Comercial	5572
COR - PUJ	N/A	Internacional	Av. General	5572
ANU - ROS	N/A	Internacional	Av. General	5571
ANU - ROS	N/A	Internacional	Comercial	5571
COR - SDQ	Andes Líneas Aéreas	Internacional	Comercial	5569
COR - SDQ	N/A	Internacional	Av. General	5569
LRM - UAQ	N/A	Internacional	Av. General	5569
SDQ - UAQ	N/A	Internacional	Av. General	5568
SDQ - UAQ	N/A	Internacional	Comercial	5568
COR - LRM	Andes Líneas Aéreas	Internacional	Comercial	5564
CLO - CRD	N/A	Internacional	Av. General	5562
SXM - UAQ	N/A	Internacional	Av. General	5552
COR - SJU	N/A	Internacional	Av. General	5543
EZE - FDF	LATAM	Internacional	Comercial	5507
EZE - FDF	Norwegian Air Shuttle	Internacional	Comercial	5507
SLA - TGZ	N/A	Internacional	Av. General	5494
TAP - TUC		Internacional	Comercial	5493
TAP - TUC	N/A	Internacional	Av. General	5493
BOC - FDO		Internacional	Av. General	5477
BOC - FDO	N/A	Internacional	Av. General	5477
COR - STX	N/A	Internacional	Av. General	5458
CYO - SLA	Andes Líneas Aéreas	Internacional	Comercial	5457
IGR - IPC	Hi Fly	Internacional	Av. General	5434
IGR - IPC	Hi Fly	Internacional	Comercial	5434
IGR - IPC	N/A	Internacional	Av. General	5434
IGR - IPC	N/A	Internacional	Comercial	5434
IGR - KIN	N/A	Internacional	Av. General	5429
GCM - TUC	N/A	Internacional	Av. General	5427
COR - SKB	Executive Air Charter	Internacional	Av. General	5416
EZE - UVF	N/A	Internacional	Av. General	5411
EZE - UVF	N/A	Internacional	Comercial	5411
AEP - DAV	N/A	Internacional	Comercial	5409
AUA - EZE		Internacional	Comercial	5406
AUA - EZE	Andes Líneas Aéreas	Internacional	Comercial	5406
AUA - EZE	KLM	Internacional	Comercial	5406
AUA - EZE	N/A	Internacional	Av. General	5406
AUA - EZE	N/A	Internacional	Comercial	5406
AUA - EZE	United Airlines	Internacional	Comercial	5406
DAV - FDO		Internacional	Comercial	5391
ROS - SJO	Executive Airlines	Internacional	Av. General	5384
ROS - SJO	N/A	Internacional	Av. General	5384
AEP - AUA	Gestair	Internacional	Comercial	5380
AEP - AUA	N/A	Internacional	Av. General	5380
FDO - UVF	N/A	Internacional	Av. General	5370
BAQ - EZE	Aerolíneas Argentinas	Internacional	Comercial	5369
BAQ - EZE	Arajet	Internacional	Comercial	5369
BAQ - EZE	Avianca	Internacional	Comercial	5369
BAQ - EZE	N/A	Internacional	Av. General	5369
BAQ - EZE	N/A	Internacional	Comercial	5369
AUA - FDO		Internacional	Av. General	5365
AUA - FDO	N/A	Internacional	Comercial	5365
EZE - PTY		Internacional	Av. General	5357
EZE - PTY		Internacional	Comercial	5357
EZE - PTY	Aerolíneas Argentinas	Internacional	Comercial	5357
EZE - PTY	Aeroméxico	Internacional	Comercial	5357
EZE - PTY	Arajet	Internacional	Comercial	5357
EZE - PTY	Austral Líneas Aéreas	Internacional	Comercial	5357
EZE - PTY	Avianca	Internacional	Comercial	5357
EZE - PTY	Avianca Cargo	Internacional	Comercial	5357
EZE - PTY	Avianca Perú	Internacional	Comercial	5357
EZE - PTY	Boliviana de Aviacion	Internacional	Comercial	5357
EZE - PTY	Chief of Staff, United States Air Force	Internacional	Av. General	5357
EZE - PTY	Copa Airlines	Internacional	Av. General	5357
EZE - PTY	Copa Airlines	Internacional	Comercial	5357
EZE - PTY	Ethiopian Airlines	Internacional	Comercial	5357
EZE - PTY	Federal Express	Internacional	Comercial	5357
EZE - PTY	Flybondi	Internacional	Comercial	5357
EZE - PTY	Gol Transportes Aéreos	Internacional	Comercial	5357
EZE - PTY	JetSMART Airlines	Internacional	Comercial	5357
EZE - PTY	KLM	Internacional	Comercial	5357
EZE - PTY	LATAM	Internacional	Av. General	5357
EZE - PTY	LATAM	Internacional	Comercial	5357
EZE - PTY	LATAM Ecuador	Internacional	Comercial	5357
EZE - PTY	N/A	Internacional	Av. General	5357
EZE - PTY	N/A	Internacional	Comercial	5357
EZE - PTY	NetJets	Internacional	Av. General	5357
EZE - PTY	Qatar Airways	Internacional	Comercial	5357
EZE - PTY	Sky Airline	Internacional	Comercial	5357
EZE - PTY	United Airlines	Internacional	Comercial	5357
EZE - PAC	N/A	Internacional	Av. General	5354
EZE - PAC	N/A	Internacional	Comercial	5354
CUR - EZE	Antonov Airlines	Internacional	Comercial	5348
CUR - EZE	Centurion Air Cargo	Internacional	Comercial	5348
CUR - EZE	Fuerza Aérea Uruguaya	Internacional	Av. General	5348
CUR - EZE	LATAM	Internacional	Comercial	5348
CTG - EZE	Aeroméxico	Internacional	Comercial	5347
CTG - EZE	Arajet	Internacional	Comercial	5347
CTG - EZE	LATAM	Internacional	Av. General	5347
CTG - EZE	LATAM	Internacional	Comercial	5347
CTG - EZE	N/A	Internacional	Av. General	5347
CTG - EZE	N/A	Internacional	Comercial	5347
CTG - EZE	Unijet	Internacional	Av. General	5347
EZE - SVD	N/A	Internacional	Av. General	5347
AEP - BAQ		Internacional	Comercial	5346
AEP - BAQ	Andes Líneas Aéreas	Internacional	Comercial	5346
AEP - BAQ	N/A	Internacional	Av. General	5346
AEP - BAQ	N/A	Internacional	Comercial	5346
SSA - USH	N/A	Internacional	Av. General	5346
SSA - USH	N/A	Internacional	Comercial	5346
AEP - PTY		Internacional	Av. General	5336
AEP - PTY	Chief of Staff, United States Air Force	Internacional	Av. General	5336
AEP - PTY	Copa Airlines	Internacional	Comercial	5336
AEP - PTY	Executive Airlines	Internacional	Av. General	5336
AEP - PTY	N/A	Internacional	Av. General	5336
AEP - PTY	N/A	Internacional	Comercial	5336
AEP - PAC	Copa Airlines	Internacional	Av. General	5334
AEP - PAC	N/A	Internacional	Av. General	5334
AEP - PAC	N/A	Internacional	Comercial	5334
BGI - EZE		Internacional	Comercial	5333
BGI - EZE	Aerolíneas Argentinas	Internacional	Av. General	5333
BGI - EZE	Jordan Aviation	Internacional	Av. General	5333
BGI - EZE	Jordan Aviation	Internacional	Comercial	5333
BGI - EZE	N/A	Internacional	Av. General	5333
BGI - EZE	N/A	Internacional	Comercial	5333
BGI - EZE	NetJets	Internacional	Comercial	5333
BGI - EZE	Qatar Executive	Internacional	Av. General	5333
BGI - EZE	Qatar Executive	Internacional	Comercial	5333
BGI - EZE	Volga-Dnepr Airlines	Internacional	Comercial	5333
EPA - PTY	N/A	Internacional	Av. General	5333
AEP - BLB	N/A	Internacional	Av. General	5330
BAQ - FDO		Internacional	Av. General	5329
BAQ - FDO		Internacional	Comercial	5329
BAQ - FDO	N/A	Internacional	Av. General	5329
BAQ - FDO	N/A	Internacional	Comercial	5329
BON - EZE	N/A	Internacional	Av. General	5327
AEP - CTG	Hong Kong Airlines	Internacional	Av. General	5325
AEP - CTG	LATAM	Internacional	Av. General	5325
AEP - CTG	N/A	Internacional	Av. General	5325
AEP - CTG	N/A	Internacional	Comercial	5325
CTG - EPA	N/A	Internacional	Av. General	5323
AEP - CUR	N/A	Internacional	Av. General	5322
FDO - PTY		Internacional	Av. General	5318
FDO - PTY		Internacional	Comercial	5318
FDO - PTY	N/A	Internacional	Av. General	5318
FDO - PTY	N/A	Internacional	Comercial	5318
FDO - PAC		Internacional	Av. General	5316
FDO - PAC	N/A	Internacional	Av. General	5316
FDO - PAC	N/A	Internacional	Comercial	5316
CTG - FDO		Internacional	Av. General	5308
CTG - FDO		Internacional	Comercial	5308
CTG - FDO	N/A	Internacional	Av. General	5308
CUR - FDO		Internacional	Av. General	5307
CUR - FDO	Benair	Internacional	Comercial	5307
CUR - FDO	N/A	Internacional	Av. General	5307
CUR - FDO	N/A	Internacional	Comercial	5307
AEP - BGI		Internacional	Av. General	5304
AEP - BGI	N/A	Internacional	Av. General	5304
BRC - NAT		Internacional	Av. General	5302
AEP - BON	N/A	Internacional	Av. General	5301
BGI - FDO		Internacional	Av. General	5292
BGI - FDO		Internacional	Comercial	5292
BGI - FDO	Benair	Internacional	Av. General	5292
BGI - FDO	Benair	Internacional	Comercial	5292
BGI - FDO	N/A	Internacional	Av. General	5292
BGI - FDO	N/A	Internacional	Comercial	5292
SLA - TAP	N/A	Internacional	Comercial	5292
BON - FDO		Internacional	Av. General	5286
BON - FDO		Internacional	Comercial	5286
BON - FDO	N/A	Internacional	Av. General	5286
BON - FDO	N/A	Internacional	Comercial	5286
BRC - FOR	N/A	Internacional	Av. General	5283
BRC - FOR	N/A	Internacional	Comercial	5283
AEP - CIW		Internacional	Comercial	5270
AEP - CIW	N/A	Internacional	Comercial	5270
IGR - LIR	N/A	Internacional	Av. General	5262
IGR - LIR	N/A	Internacional	Comercial	5262
CIW - FDO		Internacional	Av. General	5257
CIW - FDO	N/A	Internacional	Av. General	5257
EZE - MAR	Conviasa	Internacional	Comercial	5240
EZE - MAR	N/A	Internacional	Comercial	5240
ADZ - COR	N/A	Internacional	Av. General	5233
EZE - GND	N/A	Internacional	Av. General	5224
EZE - GND	N/A	Internacional	Comercial	5224
CRD - REC	N/A	Internacional	Av. General	5221
PUJ - RES	Aerolíneas Argentinas	Internacional	Comercial	5220
LRM - RES	Aerolíneas Argentinas	Internacional	Comercial	5219
COR - LIR		Internacional	Comercial	5192
COR - LIR	N/A	Internacional	Av. General	5192
IGR - PUJ		Internacional	Comercial	5156
IGR - PUJ	Aerolíneas Argentinas	Internacional	Comercial	5156
IGR - PUJ	N/A	Internacional	Av. General	5156
LIR - MDZ		Internacional	Av. General	5151
LIR - MDZ	N/A	Internacional	Av. General	5151
CCS - EZE	Aerojet de Costa Rica, S.A.	Internacional	Av. General	5135
CCS - EZE	Aerolíneas Argentinas	Internacional	Comercial	5135
CCS - EZE	Andes Líneas Aéreas	Internacional	Comercial	5135
CCS - EZE	Avianca	Internacional	Comercial	5135
CCS - EZE	Avianca Perú	Internacional	Comercial	5135
CCS - EZE	Azul Linhas Aéreas Brasileiras	Internacional	Comercial	5135
CCS - EZE	Boliviana de Aviacion	Internacional	Comercial	5135
CCS - EZE	Centurion Air Cargo	Internacional	Comercial	5135
CCS - EZE	Conviasa	Internacional	Av. General	5135
CCS - EZE	Conviasa	Internacional	Comercial	5135
CCS - EZE	Cubana de Aviación	Internacional	Comercial	5135
CCS - EZE	Estelar Latinoamerica	Internacional	Comercial	5135
CCS - EZE	Kalitta Air	Internacional	Comercial	5135
CCS - EZE	LATAM	Internacional	Comercial	5135
CCS - EZE	N/A	Internacional	Av. General	5135
CCS - EZE	N/A	Internacional	Comercial	5135
CCS - EZE	SkyLease Cargo	Internacional	Comercial	5135
CCS - EZE	Solar Cargo	Internacional	Comercial	5135
CCS - EZE	Transcarga Intl Airways	Internacional	Comercial	5135
BRC - REC		Internacional	Comercial	5124
BRC - REC	Lauda Air	Internacional	Comercial	5124
BRC - REC	N/A	Internacional	Av. General	5124
BRC - REC	Qatar Amiri Flight	Internacional	Av. General	5124
EZE - PMV	Andes Líneas Aéreas	Internacional	Comercial	5123
EZE - PMV	Conviasa	Internacional	Comercial	5123
EZE - PMV	Gol Transportes Aéreos	Internacional	Comercial	5123
BRM - EZE	Andes Líneas Aéreas	Internacional	Comercial	5123
BRM - EZE	N/A	Internacional	Av. General	5123
BGI - ROS	Jetalliance	Internacional	Av. General	5120
IGR - SJO	N/A	Internacional	Av. General	5118
EZE - MYC	TAME	Internacional	Comercial	5109
AEP - CCS	Aerolíneas Argentinas	Internacional	Comercial	5108
AEP - CCS	Conviasa	Internacional	Av. General	5108
AEP - CCS	Conviasa	Internacional	Comercial	5108
AEP - CCS	N/A	Internacional	Av. General	5108
AEP - CCS	N/A	Internacional	Comercial	5108
EZE - VLN	Centurion Air Cargo	Internacional	Comercial	5103
EZE - VLN	N/A	Internacional	Av. General	5103
EZE - VLN	N/A	Internacional	Comercial	5103
EZE - VLN	Transcarga Intl Airways	Internacional	Comercial	5103
AEP - PMV	Andes Líneas Aéreas	Internacional	Comercial	5096
AEP - PMV	N/A	Internacional	Av. General	5096
CCS - FDO		Internacional	Av. General	5094
CCS - FDO		Internacional	Comercial	5094
CCS - FDO	N/A	Internacional	Av. General	5094
CCS - FDO	N/A	Internacional	Comercial	5094
FDO - TAB	N/A	Internacional	Av. General	5082
FDO - TAB	N/A	Internacional	Comercial	5082
FDO - PMV	N/A	Internacional	Comercial	5082
IGR - SJU	N/A	Internacional	Av. General	5074
IGR - SJU	N/A	Internacional	Comercial	5074
PTY - ROS	Copa Airlines	Internacional	Av. General	5072
PTY - ROS	Copa Airlines	Internacional	Comercial	5072
PTY - ROS	LATAM Perú	Internacional	Comercial	5072
PTY - ROS	N/A	Internacional	Av. General	5072
PTY - ROS	N/A	Internacional	Comercial	5072
COR - SJO	N/A	Internacional	Comercial	5070
PAC - ROS	N/A	Internacional	Av. General	5069
PUJ - TUC	Aerolíneas Argentinas	Internacional	Comercial	5067
EZE - POS	Arajet	Internacional	Comercial	5064
EZE - POS	N/A	Internacional	Av. General	5064
EZE - POS	N/A	Internacional	Comercial	5064
FDO - VLN	N/A	Internacional	Av. General	5062
LRM - TUC	Spanish Air Force	Internacional	Av. General	5059
BOG - MDQ	Avianca	Internacional	Comercial	5046
BLA - EZE	Aerolíneas Argentinas	Internacional	Comercial	5043
AEP - AGV	N/A	Internacional	Av. General	5042
AEP - AGV	N/A	Internacional	Comercial	5042
SJU - TUC	Centurion Air Cargo	Internacional	Comercial	5042
MDZ - SJO	Dassault Aviation	Internacional	Comercial	5040
MDZ - SJO	N/A	Internacional	Av. General	5040
AEP - POS	N/A	Internacional	Av. General	5036
EZE - VIG	Andes Líneas Aéreas	Internacional	Comercial	5030
AGV - FDO		Internacional	Comercial	5026
FDO - POS	N/A	Internacional	Av. General	5023
FDO - POS	N/A	Internacional	Comercial	5023
CUR - MDZ	Chief of Staff, United States Air Force	Internacional	Av. General	5012
CLO - MDQ	N/A	Internacional	Av. General	5009
CRD - GYE	N/A	Internacional	Av. General	5006
CRD - GYE	Volga-Dnepr Airlines	Internacional	Av. General	5006
BRC - CLO	N/A	Internacional	Av. General	5004
BGI - SFN		Internacional	Av. General	4988
CUC - EZE	Aerolíneas Argentinas	Internacional	Comercial	4981
PRA - PTY	N/A	Internacional	Av. General	4974
RES - SJO	N/A	Internacional	Av. General	4973
FEN - MDZ	N/A	Internacional	Comercial	4970
BGI - COR	Flybondi	Internacional	Comercial	4968
AEP - CUC	Hong Kong Airlines	Internacional	Av. General	4957
PTY - SFN	N/A	Internacional	Av. General	4952
CTG - SFN	N/A	Internacional	Av. General	4947
IPC - MDQ	N/A	Internacional	Av. General	4946
CUC - FDO		Internacional	Av. General	4941
EPS - SLA	Andes Líneas Aéreas	Internacional	Comercial	4937
AZS - SLA	Andes Líneas Aéreas	Internacional	Comercial	4933
FOR - NQN	Gestair	Internacional	Av. General	4929
EZE - STD	N/A	Internacional	Comercial	4928
BGA - EZE	Aerolíneas Argentinas	Internacional	Comercial	4917
BGA - EZE	N/A	Internacional	Av. General	4917
BGA - EZE	N/A	Internacional	Comercial	4917
BAQ - MDZ		Internacional	Av. General	4908
BAQ - MDZ		Internacional	Comercial	4908
EOH - EZE	Avianca	Internacional	Comercial	4907
EOH - EZE	N/A	Internacional	Comercial	4907
BOG - NQN		Internacional	Av. General	4898
BOG - NQN	N/A	Internacional	Av. General	4898
EZE - MDE		Internacional	Comercial	4895
EZE - MDE	Aerolíneas Argentinas	Internacional	Comercial	4895
EZE - MDE	Andes Líneas Aéreas	Internacional	Comercial	4895
EZE - MDE	Arajet	Internacional	Comercial	4895
EZE - MDE	Avianca	Internacional	Comercial	4895
EZE - MDE	Avianca Cargo	Internacional	Comercial	4895
EZE - MDE	Avianca Costa Rica	Internacional	Comercial	4895
EZE - MDE	Centurion Air Cargo	Internacional	Comercial	4895
EZE - MDE	Copa Airlines	Internacional	Comercial	4895
EZE - MDE	Florida West International Airways	Internacional	Comercial	4895
EZE - MDE	LATAM	Internacional	Av. General	4895
EZE - MDE	LATAM	Internacional	Comercial	4895
EZE - MDE	LATAM Ecuador	Internacional	Comercial	4895
EZE - MDE	N/A	Internacional	Av. General	4895
EZE - MDE	N/A	Internacional	Comercial	4895
EZE - MDE	SkyLease Cargo	Internacional	Comercial	4895
AEP - BGA	Aerolíneas Argentinas	Internacional	Comercial	4894
AEP - IPC	N/A	Internacional	Av. General	4892
AEP - IPC	N/A	Internacional	Comercial	4892
CCS - ROS	N/A	Internacional	Av. General	4888
AZS - JUJ	Andes Líneas Aéreas	Internacional	Comercial	4886
AEP - EOH	Avianca	Internacional	Comercial	4885
EZE - IPC		Internacional	Comercial	4878
EZE - IPC	Icelandair	Internacional	Av. General	4878
EZE - IPC	N/A	Internacional	Av. General	4878
EZE - IPC	N/A	Internacional	Comercial	4878
EZE - IPC	Royal Air Force	Internacional	Av. General	4878
BGA - FDO	N/A	Internacional	Av. General	4877
BGA - FDO	N/A	Internacional	Comercial	4877
FDO - IPC		Internacional	Av. General	4877
FDO - IPC		Internacional	Comercial	4877
AEP - MDE		Internacional	Comercial	4873
AEP - MDE	Aerolíneas Argentinas	Internacional	Comercial	4873
AEP - MDE	Avianca	Internacional	Comercial	4873
AEP - MDE	N/A	Internacional	Av. General	4873
AEP - MDE	N/A	Internacional	Comercial	4873
CTG - MDZ	N/A	Internacional	Av. General	4870
FDO - MDE		Internacional	Av. General	4856
FDO - MDE		Internacional	Comercial	4856
FDO - MDE	N/A	Internacional	Av. General	4856
FDO - MDE	N/A	Internacional	Comercial	4856
PUJ - SLA	Aerolíneas Argentinas	Internacional	Comercial	4844
PUJ - SLA	Copa Airlines	Internacional	Comercial	4844
SDQ - SLA	N/A	Internacional	Av. General	4840
CCS - MDZ	N/A	Internacional	Av. General	4839
AUC - EZE	LATAM	Internacional	Comercial	4836
BAQ - COR	Avianca	Internacional	Comercial	4833
BAQ - COR	N/A	Internacional	Av. General	4833
BAQ - COR	N/A	Internacional	Comercial	4833
COR - GND	N/A	Internacional	Av. General	4830
BQN - SLA	N/A	Internacional	Av. General	4829
LIM - USH	N/A	Internacional	Av. General	4829
LIM - USH	N/A	Internacional	Comercial	4829
EZE - PZO	N/A	Internacional	Av. General	4820
EZE - PZO	SkyLease Cargo	Internacional	Comercial	4820
CBL - EZE	Transportes Aéreos Bolivianos	Internacional	Comercial	4809
COR - CTG	Gestair	Internacional	Av. General	4803
COR - CTG	N/A	Internacional	Av. General	4803
MDZ - PTY	Avianca Perú	Internacional	Comercial	4798
MDZ - PTY	Copa Airlines	Internacional	Comercial	4798
MDZ - PTY	Israel Aircraft Industries	Internacional	Av. General	4798
MDZ - PTY	N/A	Internacional	Av. General	4798
MDZ - PTY	N/A	Internacional	Comercial	4798
GYE - REL		Internacional	Av. General	4794
JUJ - SDQ	N/A	Internacional	Av. General	4793
MDZ - PAC	N/A	Internacional	Av. General	4792
AEP - PZO		Internacional	Av. General	4792
AEP - PZO	N/A	Internacional	Av. General	4792
SLA - SXM	N/A	Internacional	Av. General	4782
COR - PTY	Aerolíneas Argentinas	Internacional	Comercial	4779
COR - PTY	Amaszonas	Internacional	Comercial	4779
COR - PTY	Chief of Staff, United States Air Force	Internacional	Av. General	4779
COR - PTY	Copa Airlines	Internacional	Av. General	4779
COR - PTY	Copa Airlines	Internacional	Comercial	4779
COR - PTY	Gol Transportes Aéreos	Internacional	Comercial	4779
COR - PTY	N/A	Internacional	Av. General	4779
COR - PTY	N/A	Internacional	Comercial	4779
COR - PTY	NetJets	Internacional	Av. General	4779
COR - PTY	TAM Linhas Aéreas	Internacional	Comercial	4779
FDO - PZO	N/A	Internacional	Av. General	4778
COR - PAC	N/A	Internacional	Av. General	4775
NQN - REC	N/A	Internacional	Av. General	4773
BLB - COR	Aerolíneas Argentinas	Internacional	Comercial	4770
EQS - MEC	N/A	Internacional	Av. General	4767
EZE - PEI	Aerolíneas Argentinas	Internacional	Comercial	4766
EZE - PEI	N/A	Internacional	Comercial	4766
AEP - CRC	Aerolíneas Argentinas	Internacional	Comercial	4748
AXM - EZE	N/A	Internacional	Av. General	4730
IGR - PAC	N/A	Internacional	Av. General	4723
IGR - PAC	N/A	Internacional	Comercial	4723
IGR - PTY	N/A	Internacional	Av. General	4721
IGR - PTY	N/A	Internacional	Comercial	4721
SDE - SJO	NetJets	Internacional	Av. General	4719
LIR - TUC	N/A	Internacional	Av. General	4716
COR - PMV	Andes Líneas Aéreas	Internacional	Comercial	4702
BOG - EZE	Aerolíneas Argentinas	Internacional	Comercial	4694
BOG - EZE	Andes Líneas Aéreas	Internacional	Comercial	4694
BOG - EZE	Antonov Airlines	Internacional	Comercial	4694
BOG - EZE	Arajet	Internacional	Comercial	4694
BOG - EZE	Atlas Air	Internacional	Comercial	4694
BOG - EZE	Austral Líneas Aéreas	Internacional	Comercial	4694
BOG - EZE	Avianca	Internacional	Av. General	4694
BOG - EZE	Avianca	Internacional	Comercial	4694
BOG - EZE	Avianca Cargo	Internacional	Comercial	4694
BOG - EZE	Avianca Costa Rica	Internacional	Comercial	4694
BOG - EZE	Avianca Perú	Internacional	Comercial	4694
BOG - EZE	Boliviana de Aviacion	Internacional	Comercial	4694
BOG - EZE	Centurion Air Cargo	Internacional	Comercial	4694
BOG - EZE	Conviasa	Internacional	Comercial	4694
BOG - EZE	Copa Airlines	Internacional	Comercial	4694
BOG - EZE	Florida West International Airways	Internacional	Comercial	4694
BOG - EZE	Gol Transportes Aéreos	Internacional	Av. General	4694
BOG - EZE	Gol Transportes Aéreos	Internacional	Comercial	4694
BOG - EZE	Israel Aircraft Industries	Internacional	Av. General	4694
BOG - EZE	ITA Airways	Internacional	Comercial	4694
BOG - EZE	LATAM	Internacional	Av. General	4694
BOG - EZE	LATAM	Internacional	Comercial	4694
BOG - EZE	LATAM Argentina	Internacional	Comercial	4694
BOG - EZE	LATAM Perú	Internacional	Comercial	4694
BOG - EZE	Martinair	Internacional	Comercial	4694
BOG - EZE	N/A	Internacional	Av. General	4694
BOG - EZE	N/A	Internacional	Comercial	4694
BOG - EZE	Qatar Airways	Internacional	Comercial	4694
BOG - EZE	Qatar Amiri Flight	Internacional	Av. General	4694
BOG - EZE	Sky Airline	Internacional	Comercial	4694
BOG - EZE	SkyLease Cargo	Internacional	Comercial	4694
BOG - EZE	TAG Aviation UK	Internacional	Comercial	4694
BOG - EZE	TAM Linhas Aéreas	Internacional	Comercial	4694
BOG - EZE	Transcarga Intl Airways	Internacional	Comercial	4694
BOG - EZE	United Parcel Service	Internacional	Comercial	4694
BOG - EZE	Volga-Dnepr Airlines	Internacional	Comercial	4694
BSB - USH	N/A	Internacional	Av. General	4679
CCS - COR	N/A	Internacional	Comercial	4677
COR - POS	N/A	Internacional	Av. General	4676
PTY - UAQ	N/A	Internacional	Av. General	4673
PTY - UAQ	N/A	Internacional	Comercial	4673
AEP - BOG		Internacional	Av. General	4672
AEP - BOG	Aerolíneas Argentinas	Internacional	Comercial	4672
AEP - BOG	Avianca	Internacional	Comercial	4672
AEP - BOG	Chief of Staff, United States Air Force	Internacional	Av. General	4672
AEP - BOG	Flybondi	Internacional	Comercial	4672
AEP - BOG	Gestair	Internacional	Av. General	4672
AEP - BOG	N/A	Internacional	Av. General	4672
AEP - BOG	N/A	Internacional	Comercial	4672
BOG - EPA	Fuerza Aérea Argentina	Internacional	Av. General	4670
BOG - EPA	N/A	Internacional	Av. General	4670
JUJ - MGA	N/A	Internacional	Av. General	4668
CLO - EZE	Aerolíneas Argentinas	Internacional	Comercial	4661
CLO - EZE	Andes Líneas Aéreas	Internacional	Comercial	4661
CLO - EZE	Avianca	Internacional	Comercial	4661
CLO - EZE	Avianca Cargo	Internacional	Av. General	4661
CLO - EZE	Avianca Cargo	Internacional	Comercial	4661
CLO - EZE	Copa Airlines	Internacional	Comercial	4661
CLO - EZE	Gol Transportes Aéreos	Internacional	Comercial	4661
CLO - EZE	LATAM	Internacional	Comercial	4661
CLO - EZE	N/A	Internacional	Comercial	4661
BOG - FDO		Internacional	Av. General	4655
BOG - FDO		Internacional	Comercial	4655
BOG - FDO	N/A	Internacional	Av. General	4655
BOG - FDO	N/A	Internacional	Comercial	4655
AEP - CLO		Internacional	Comercial	4640
AEP - CLO	N/A	Internacional	Av. General	4640
AEP - CLO	N/A	Internacional	Comercial	4640
BAQ - IGR	Andes Líneas Aéreas	Internacional	Comercial	4633
CTG - IGR		Internacional	Comercial	4628
CTG - IGR	N/A	Internacional	Av. General	4628
CTG - IGR	N/A	Internacional	Comercial	4628
BRC - UIO	N/A	Internacional	Av. General	4624
CLO - FDO		Internacional	Comercial	4622
CLO - FDO	N/A	Internacional	Av. General	4622
CLO - FDO	N/A	Internacional	Comercial	4622
EQS - GYE	N/A	Internacional	Av. General	4619
PTY - RES	Copa Airlines	Internacional	Comercial	4619
PTY - RES	N/A	Internacional	Av. General	4619
MDE - ROS	N/A	Internacional	Av. General	4616
BAQ - CNQ	N/A	Internacional	Av. General	4604
PTP - SLA	N/A	Internacional	Av. General	4598
BAQ - RES	Andes Líneas Aéreas	Internacional	Comercial	4593
SJO - TUC		Internacional	Comercial	4591
MDZ - NAT		Internacional	Av. General	4587
MDZ - NAT		Internacional	Comercial	4587
GYE - MDQ		Internacional	Comercial	4587
GYE - MDQ	N/A	Internacional	Av. General	4587
BRC - MEC	N/A	Internacional	Av. General	4577
CRD - SSA	Jordan Aviation	Internacional	Av. General	4573
CRD - SSA	N/A	Internacional	Av. General	4573
EZE - QSX	KLM	Internacional	Comercial	4573
BRC - LTX	N/A	Internacional	Av. General	4543
EZE - ORG	Miami Air International	Internacional	Comercial	4537
CAY - MDZ	N/A	Internacional	Av. General	4537
IPC - USH	Jet Aviation	Internacional	Av. General	4521
IPC - USH	N/A	Internacional	Av. General	4521
IPC - USH	N/A	Internacional	Comercial	4521
MDE - PRA		Internacional	Av. General	4514
FOR - MDZ		Internacional	Av. General	4513
FOR - MDZ		Internacional	Comercial	4513
FOR - MDZ	N/A	Internacional	Av. General	4513
FOR - MDZ	N/A	Internacional	Comercial	4513
FOR - MDZ	Swiss Air-Ambulance	Internacional	Av. General	4513
CUR - IGR	N/A	Internacional	Av. General	4504
EZE - PBM	Miami Air International	Internacional	Comercial	4497
EZE - PBM	Phoenix Air Group	Internacional	Comercial	4497
EZE - URM	Conviasa	Internacional	Comercial	4492
BGI - TUC	N/A	Internacional	Av. General	4485
BRC - SSA	Execujet Charter	Internacional	Av. General	4476
BRC - SSA	N/A	Internacional	Av. General	4476
BON - IGR	N/A	Internacional	Comercial	4473
CAY - EZE	N/A	Internacional	Comercial	4460
CAY - EZE	Volga-Dnepr Airlines	Internacional	Comercial	4460
FDO - PBM	N/A	Internacional	Av. General	4457
NQN - UIO	NetJets	Internacional	Av. General	4445
MDZ - REC	N/A	Internacional	Av. General	4440
MDZ - REC	TAG Aviation UK	Internacional	Av. General	4440
AEP - CAY	N/A	Internacional	Comercial	4429
BRC - GYE		Internacional	Comercial	4428
BRC - GYE	N/A	Internacional	Av. General	4428
BRC - GYE	N/A	Internacional	Comercial	4428
CNF - USH	Swiss Air-Ambulance	Internacional	Comercial	4425
CAY - FDO		Internacional	Av. General	4421
CAY - FDO		Internacional	Comercial	4421
CAY - FDO	N/A	Internacional	Av. General	4421
MEC - NQN	N/A	Internacional	Av. General	4419
BOG - ROS	Avianca	Internacional	Comercial	4418
BOG - ROS	N/A	Internacional	Av. General	4418
EZE - SJE	Avianca Costa Rica	Internacional	Comercial	4417
EZE - MEC		Internacional	Av. General	4416
EZE - MEC		Internacional	Comercial	4416
EZE - MEC	Aerolíneas Argentinas	Internacional	Comercial	4416
EZE - MEC	Aerovitro	Internacional	Comercial	4416
EZE - MEC	N/A	Internacional	Av. General	4416
EZE - MEC	N/A	Internacional	Comercial	4416
PAC - SDE	N/A	Internacional	Av. General	4407
PAC - SDE	N/A	Internacional	Comercial	4407
AEP - MEC	N/A	Internacional	Av. General	4399
AEP - MEC	N/A	Internacional	Comercial	4399
MDE - MDZ	N/A	Internacional	Av. General	4397
EPA - MEC		Internacional	Av. General	4393
EPA - MEC	Flybondi	Internacional	Comercial	4393
COR - IPC	TAG Aviation UK	Internacional	Comercial	4386
IPC - SLA	Air Alsie	Internacional	Comercial	4381
IPC - SLA	N/A	Internacional	Av. General	4381
FDO - MEC		Internacional	Av. General	4380
FDO - MEC		Internacional	Comercial	4380
FDO - MEC	Aerocardal	Internacional	Av. General	4380
FDO - MEC	Benair	Internacional	Av. General	4380
FDO - MEC	N/A	Internacional	Av. General	4380
FDO - MEC	N/A	Internacional	Comercial	4380
SJO - SLA	Andes Líneas Aéreas	Internacional	Comercial	4380
SJO - SLA	LATAM Argentina	Internacional	Comercial	4380
SJO - SLA	N/A	Internacional	Av. General	4380
CLO - ROS	N/A	Internacional	Av. General	4378
EZE - UIO	Aerolíneas Argentinas	Internacional	Comercial	4378
EZE - UIO	Amaszonas	Internacional	Av. General	4378
EZE - UIO	Andes Líneas Aéreas	Internacional	Comercial	4378
EZE - UIO	Arajet	Internacional	Comercial	4378
EZE - UIO	Atlas Air	Internacional	Comercial	4378
EZE - UIO	Avianca	Internacional	Comercial	4378
EZE - UIO	Avianca Costa Rica	Internacional	Comercial	4378
EZE - UIO	Centurion Air Cargo	Internacional	Comercial	4378
EZE - UIO	Emirates Airline	Internacional	Comercial	4378
EZE - UIO	Federal Express	Internacional	Comercial	4378
EZE - UIO	LATAM	Internacional	Comercial	4378
EZE - UIO	LATAM Argentina	Internacional	Comercial	4378
EZE - UIO	LATAM Ecuador	Internacional	Comercial	4378
EZE - UIO	LATAM Perú	Internacional	Comercial	4378
EZE - UIO	Lufthansa Cargo	Internacional	Comercial	4378
EZE - UIO	Martinair	Internacional	Comercial	4378
EZE - UIO	N/A	Internacional	Av. General	4378
EZE - UIO	N/A	Internacional	Comercial	4378
EZE - UIO	NetJets	Internacional	Comercial	4378
EZE - UIO	Qatar Airways	Internacional	Comercial	4378
EZE - UIO	Qatar Executive	Internacional	Av. General	4378
EZE - UIO	SkyLease Cargo	Internacional	Comercial	4378
EZE - UIO	TAM Cargo	Internacional	Comercial	4378
EZE - UIO	TAM Linhas Aéreas	Internacional	Comercial	4378
EZE - UIO	TAME	Internacional	Comercial	4378
EZE - FEN	Azul Linhas Aéreas Brasileiras	Internacional	Comercial	4375
AEP - UIO		Internacional	Comercial	4359
AEP - UIO	LATAM Argentina	Internacional	Comercial	4359
AEP - UIO	N/A	Internacional	Av. General	4359
AEP - UIO	N/A	Internacional	Comercial	4359
BGI - IGR	N/A	Internacional	Av. General	4355
FDO - FEN		Internacional	Av. General	4349
FDO - FEN	N/A	Internacional	Av. General	4349
FDO - FEN	N/A	Internacional	Comercial	4349
AEP - FEN		Internacional	Av. General	4346
AEP - FEN	Aerolíneas Argentinas	Internacional	Comercial	4346
CIW - IGR	N/A	Internacional	Av. General	4343
COR - MDE		Internacional	Av. General	4340
COR - MDE	N/A	Internacional	Av. General	4340
FDO - UIO		Internacional	Av. General	4340
FDO - UIO		Internacional	Comercial	4340
FDO - UIO	N/A	Internacional	Av. General	4340
CCS - RES	Aerolíneas Argentinas	Internacional	Comercial	4322
EZE - LTX	Cargolux	Internacional	Comercial	4313
EZE - LTX	Centurion Air Cargo	Internacional	Comercial	4313
EZE - LTX	SkyLease Cargo	Internacional	Comercial	4313
CTG - TUC	N/A	Internacional	Av. General	4300
AQP - USH	N/A	Internacional	Av. General	4295
BOG - SFN	N/A	Internacional	Av. General	4293
PTY - TUC	Copa Airlines	Internacional	Comercial	4285
PTY - TUC	N/A	Internacional	Av. General	4285
MDE - PSS	N/A	Internacional	Av. General	4282
PAC - TUC	N/A	Internacional	Av. General	4281
FDO - LTX	N/A	Internacional	Av. General	4276
CCS - IGR	N/A	Internacional	Av. General	4267
GYE - NQN		Internacional	Av. General	4265
GYE - NQN		Internacional	Comercial	4265
GYE - NQN	Delta Private Jets	Internacional	Av. General	4265
GYE - NQN	N/A	Internacional	Av. General	4265
EZE - GYE		Internacional	Av. General	4255
EZE - GYE		Internacional	Comercial	4255
EZE - GYE	Aerolíneas Argentinas	Internacional	Comercial	4255
EZE - GYE	Andes Líneas Aéreas	Internacional	Comercial	4255
EZE - GYE	Avianca	Internacional	Comercial	4255
EZE - GYE	Avianca Costa Rica	Internacional	Comercial	4255
EZE - GYE	Avianca Perú	Internacional	Comercial	4255
EZE - GYE	Conviasa	Internacional	Comercial	4255
EZE - GYE	Flybondi	Internacional	Comercial	4255
EZE - GYE	JetSMART Airlines	Internacional	Comercial	4255
EZE - GYE	LATAM	Internacional	Comercial	4255
EZE - GYE	LATAM Ecuador	Internacional	Comercial	4255
EZE - GYE	LATAM Perú	Internacional	Comercial	4255
EZE - GYE	Martinair	Internacional	Comercial	4255
EZE - GYE	Mission Aviation Fellowship	Internacional	Comercial	4255
EZE - GYE	N/A	Internacional	Av. General	4255
EZE - GYE	N/A	Internacional	Comercial	4255
EZE - GYE	NetJets	Internacional	Comercial	4255
EZE - GYE	TAG Aviation	Internacional	Av. General	4255
EZE - GYE	TAG Aviation	Internacional	Comercial	4255
EZE - GYE	TAME	Internacional	Av. General	4255
EZE - GYE	TAME	Internacional	Comercial	4255
EZE - GYE	Volga-Dnepr Airlines	Internacional	Comercial	4255
AEP - GYE		Internacional	Av. General	4238
AEP - GYE		Internacional	Comercial	4238
AEP - GYE	Benair	Internacional	Av. General	4238
AEP - GYE	Benair	Internacional	Comercial	4238
AEP - GYE	Chief of Staff, United States Air Force	Internacional	Av. General	4238
AEP - GYE	Flybondi	Internacional	Comercial	4238
AEP - GYE	N/A	Internacional	Av. General	4238
AEP - GYE	N/A	Internacional	Comercial	4238
EPA - GYE		Internacional	Comercial	4232
EPA - GYE	Flybondi	Internacional	Comercial	4232
EPA - GYE	Fuerza Aérea Argentina	Internacional	Av. General	4232
MDQ - NAT	Swiss Air-Ambulance	Internacional	Av. General	4227
FDO - GYE		Internacional	Av. General	4219
FDO - GYE		Internacional	Comercial	4219
FDO - GYE	Benair	Internacional	Av. General	4219
FDO - GYE	Benair	Internacional	Comercial	4219
FDO - GYE	N/A	Internacional	Av. General	4219
FDO - GYE	N/A	Internacional	Comercial	4219
BOG - MDZ		Internacional	Av. General	4216
BOG - MDZ		Internacional	Comercial	4216
BOG - MDZ	LATAM	Internacional	Comercial	4216
BOG - MDZ	N/A	Internacional	Av. General	4216
BVB - EZE	Flybondi	Internacional	Comercial	4199
BVB - EZE	N/A	Internacional	Comercial	4199
BVB - EZE	Sky Airline	Internacional	Comercial	4199
POS - TUC	Volga-Dnepr Airlines	Internacional	Comercial	4187
CCS - TUC	Centurion Air Cargo	Internacional	Comercial	4173
CCS - TUC	N/A	Internacional	Comercial	4173
AEP - BVB	Aerolíneas Argentinas	Internacional	Comercial	4170
AEP - BVB	Gol Transportes Aéreos	Internacional	Comercial	4170
BRC - IQT	N/A	Internacional	Av. General	4165
USH - VVI	N/A	Internacional	Comercial	4164
GYE - RSA	N/A	Internacional	Av. General	4155
BOG - COR	Aerolíneas Argentinas	Internacional	Comercial	4147
BOG - COR	Avianca	Internacional	Comercial	4147
BOG - COR	Copa Airlines	Internacional	Comercial	4147
BOG - COR	N/A	Internacional	Av. General	4147
COR - NAT	Norwegian Air Argentina	Internacional	Comercial	4138
MYC - TUC	Atlas Air	Internacional	Comercial	4138
COR - NAT	N/A	Internacional	Av. General	4136
DAV - SLA	Southern Air	Internacional	Av. General	4133
TUC - VLN	Centurion Air Cargo	Internacional	Comercial	4129
CLO - MDZ	JetSMART Airlines	Internacional	Comercial	4128
CLO - MDZ	N/A	Internacional	Av. General	4128
CLO - MDZ	Southern Air	Internacional	Av. General	4128
GIG - USH		Internacional	Av. General	4127
GIG - USH	Fuerza Aérea Brasilera	Internacional	Av. General	4127
GIG - USH	Lufthansa	Internacional	Comercial	4127
GIG - USH	N/A	Internacional	Av. General	4127
GIG - USH	NetJets	Internacional	Comercial	4127
MEC - ROS	N/A	Internacional	Av. General	4122
MEC - ROS	N/A	Internacional	Comercial	4122
AHL - FDO	N/A	Internacional	Av. General	4113
AHL - FDO	N/A	Internacional	Comercial	4113
EZE - TYL	N/A	Internacional	Comercial	4100
CLO - COR	N/A	Internacional	Av. General	4090
CLO - COR	N/A	Internacional	Comercial	4090
AEP - TYL	N/A	Internacional	Comercial	4085
BOG - UAQ	Avianca	Internacional	Av. General	4083
BOG - UAQ	Avianca	Internacional	Comercial	4083
CLO - PSS	Air Canada	Internacional	Av. General	4081
COR - FOR		Internacional	Comercial	4078
COR - FOR	Gol Transportes Aéreos	Internacional	Comercial	4078
CTG - SLA		Internacional	Av. General	4077
CUC - SDE	Aerolíneas Argentinas	Internacional	Comercial	4070
PTY - SLA		Internacional	Av. General	4067
PTY - SLA		Internacional	Comercial	4067
PTY - SLA	Copa Airlines	Internacional	Comercial	4067
PTY - SLA	N/A	Internacional	Av. General	4067
ARI - USH	N/A	Internacional	Av. General	4066
FDO - TYL		Internacional	Comercial	4066
PAC - SLA	N/A	Internacional	Av. General	4064
JUJ - PAC	N/A	Internacional	Av. General	4033
CLO - IGR	N/A	Internacional	Av. General	4026
EZE - FOR	Aerolíneas Argentinas	Internacional	Comercial	4026
EZE - FOR	Air France	Internacional	Comercial	4026
EZE - FOR	Austral Líneas Aéreas	Internacional	Comercial	4026
EZE - FOR	Flybondi	Internacional	Comercial	4026
EZE - FOR	Gestair	Internacional	Av. General	4026
EZE - FOR	Gol Transportes Aéreos	Internacional	Comercial	4026
EZE - FOR	Iberia Airlines	Internacional	Comercial	4026
EZE - FOR	LATAM	Internacional	Comercial	4026
EZE - FOR	N/A	Internacional	Av. General	4026
EZE - FOR	N/A	Internacional	Comercial	4026
EZE - FOR	TAM Linhas Aéreas	Internacional	Comercial	4026
MDQ - REC	N/A	Internacional	Av. General	4024
EZE - NAT		Internacional	Av. General	4015
EZE - NAT		Internacional	Comercial	4015
EZE - NAT	Andes Líneas Aéreas	Internacional	Comercial	4015
EZE - NAT	Azul Linhas Aéreas Brasileiras	Internacional	Comercial	4015
EZE - NAT	Flybondi	Internacional	Comercial	4015
EZE - NAT	Gestair	Internacional	Comercial	4015
EZE - NAT	Gol Transportes Aéreos	Internacional	Comercial	4015
EZE - NAT	JetSMART Airlines	Internacional	Comercial	4015
EZE - NAT	Lufthansa Cargo	Internacional	Comercial	4015
EZE - NAT	N/A	Internacional	Av. General	4015
EZE - NAT	N/A	Internacional	Comercial	4015
EZE - NAT	Norwegian Air Argentina	Internacional	Comercial	4015
EZE - NAT	Swiss Air-Ambulance	Internacional	Av. General	4015
EZE - NAT	Swiss Air-Ambulance	Internacional	Comercial	4015
EZE - NAT	TAM Linhas Aéreas	Internacional	Comercial	4015
EZE - NAT	Andes Líneas Aéreas	Internacional	Comercial	4009
EZE - NAT	Azul Linhas Aéreas Brasileiras	Internacional	Comercial	4009
EZE - NAT	Gol Transportes Aéreos	Internacional	Comercial	4009
EZE - NAT	Lufthansa Cargo	Internacional	Comercial	4009
EZE - NAT	Norwegian Air Argentina	Internacional	Comercial	4009
EZE - NAT	Swiss Air-Ambulance	Internacional	Comercial	4009
EZE - PIU	LATAM Perú	Internacional	Comercial	4003
EZE - PIU	N/A	Internacional	Av. General	4003
EPA - NAT	Fuerza Aérea Argentina	Internacional	Av. General	4002
BOG - IGR	N/A	Internacional	Av. General	3999
BOG - IGR	N/A	Internacional	Comercial	3999
AEP - FOR		Internacional	Av. General	3995
AEP - FOR		Internacional	Comercial	3995
AEP - FOR	Aerolíneas Argentinas	Internacional	Comercial	3995
AEP - FOR	Flyest	Internacional	Comercial	3995
AEP - FOR	Gestair	Internacional	Av. General	3995
AEP - FOR	Gol Transportes Aéreos	Internacional	Comercial	3995
AEP - FOR	LATAM Perú	Internacional	Comercial	3995
AEP - FOR	N/A	Internacional	Av. General	3995
AEP - FOR	N/A	Internacional	Comercial	3995
AEP - FOR	TAM Linhas Aéreas	Internacional	Comercial	3995
FDO - FOR		Internacional	Av. General	3995
FDO - FOR		Internacional	Comercial	3995
FDO - FOR	Gestair	Internacional	Av. General	3995
FDO - FOR	N/A	Internacional	Av. General	3995
FDO - FOR	N/A	Internacional	Comercial	3995
FDO - NAT		Internacional	Av. General	3988
FDO - NAT		Internacional	Comercial	3988
FDO - NAT	Gestair	Internacional	Av. General	3988
FDO - NAT	Gestair	Internacional	Comercial	3988
FDO - NAT	N/A	Internacional	Av. General	3988
FDO - NAT	N/A	Internacional	Comercial	3988
FDO - NAT	Swiss Air-Ambulance	Internacional	Av. General	3988
AEP - NAT		Internacional	Av. General	3986
AEP - NAT		Internacional	Comercial	3986
AEP - NAT	Avianca	Internacional	Comercial	3986
AEP - NAT	Gestair	Internacional	Av. General	3986
AEP - NAT	Gestair	Internacional	Comercial	3986
AEP - NAT	Gol Transportes Aéreos	Internacional	Comercial	3986
AEP - NAT	N/A	Internacional	Av. General	3986
AEP - NAT	N/A	Internacional	Comercial	3986
PMV - SLA	Andes Líneas Aéreas	Internacional	Comercial	3985
IPC - UAQ	N/A	Internacional	Av. General	3985
COR - REC	Azul Linhas Aéreas Brasileiras	Internacional	Av. General	3985
COR - REC	Azul Linhas Aéreas Brasileiras	Internacional	Comercial	3985
COR - REC	Dassault Aviation	Internacional	Av. General	3985
COR - REC	Fuerza Aérea Argentina	Internacional	Av. General	3985
COR - REC	Gol Transportes Aéreos	Internacional	Comercial	3985
COR - REC	N/A	Internacional	Av. General	3985
COR - REC	Spanish Air Force	Internacional	Av. General	3985
FOR - ROS	Aerolíneas Argentinas	Internacional	Comercial	3984
FOR - ROS	Gol Transportes Aéreos	Internacional	Comercial	3984
FOR - ROS	N/A	Internacional	Av. General	3984
FDO - NAT	N/A	Internacional	Av. General	3982
AEP - NAT	Gol Transportes Aéreos	Internacional	Comercial	3980
SFN - UIO	Andes Líneas Aéreas	Internacional	Comercial	3972
SFN - UIO	N/A	Internacional	Av. General	3972
FDO - PIU		Internacional	Av. General	3969
GYE - ROS		Internacional	Comercial	3961
GYE - ROS	N/A	Internacional	Av. General	3961
GYE - ROS	N/A	Internacional	Comercial	3961
EZE - PHB	Gol Transportes Aéreos	Internacional	Comercial	3956
USH - VCP	Fuerza Aérea Brasilera	Internacional	Av. General	3955
USH - VCP	N/A	Internacional	Av. General	3955
CCS - SLA	N/A	Internacional	Av. General	3951
FTE - GIG	ASL Airlines France	Internacional	Comercial	3949
FTE - GIG	N/A	Internacional	Av. General	3949
FTE - GIG	N/A	Internacional	Comercial	3949
IPC - MDZ		Internacional	Av. General	3943
IPC - MDZ	Icelandair	Internacional	Comercial	3943
IPC - MDZ	N/A	Internacional	Av. General	3943
IPC - MDZ	N/A	Internacional	Comercial	3943
GRU - USH		Internacional	Av. General	3935
GRU - USH	N/A	Internacional	Av. General	3935
GRU - USH	N/A	Internacional	Comercial	3935
BOG - RES	Avianca	Internacional	Comercial	3930
EZE - JPA	Gol Transportes Aéreos	Internacional	Comercial	3914
GIG - RGL	N/A	Internacional	Av. General	3908
FDO - JPA	N/A	Internacional	Av. General	3888
AEP - JPA	Gol Transportes Aéreos	Internacional	Comercial	3885
EZE - SLZ	Aerolíneas Argentinas	Internacional	Comercial	3882
EZE - SLZ	Gol Transportes Aéreos	Internacional	Comercial	3882
EZE - SLZ	N/A	Internacional	Comercial	3882
EZE - SLZ	TAM Linhas Aéreas	Internacional	Comercial	3882
GYE - PRA		Internacional	Av. General	3876
GYE - PRA	N/A	Internacional	Av. General	3876
GYE - PRA	N/A	Internacional	Comercial	3876
GYE - PRA	Southern Air	Internacional	Av. General	3876
CRD - LIM	Chief of Staff, United States Air Force	Internacional	Av. General	3868
CRD - LIM	N/A	Internacional	Av. General	3868
BEL - EZE	N/A	Internacional	Av. General	3866
BEL - EZE	N/A	Internacional	Comercial	3866
BEL - EZE	Swiftair	Internacional	Comercial	3866
EQS - IPC	N/A	Internacional	Av. General	3860
NAT - SLA	Andes Líneas Aéreas	Internacional	Comercial	3851
GYE - SFN	Aerolíneas Argentinas	Internacional	Comercial	3851
GYE - SFN	Andes Líneas Aéreas	Internacional	Av. General	3851
GYE - SFN	Fuerza Aérea Argentina	Internacional	Av. General	3851
EOH - TUC		Internacional	Av. General	3850
EOH - TUC	N/A	Internacional	Av. General	3850
FDO - SLZ	N/A	Internacional	Av. General	3847
CPV - EZE	United Parcel Service	Internacional	Comercial	3844
MDE - TUC	N/A	Internacional	Comercial	3839
AEP - BEL	Brazilian Air Force	Internacional	Av. General	3835
AEP - BEL	N/A	Internacional	Comercial	3835
IGR - UIO	N/A	Internacional	Av. General	3835
IGR - UIO	N/A	Internacional	Comercial	3835
REC - ROS	Azul Linhas Aéreas Brasileiras	Internacional	Av. General	3834
REC - ROS	Azul Linhas Aéreas Brasileiras	Internacional	Comercial	3834
REC - ROS	Gol Transportes Aéreos	Internacional	Comercial	3834
REC - ROS	N/A	Internacional	Comercial	3834
EZE - REC		Internacional	Comercial	3827
EZE - REC	Azul Linhas Aéreas Brasileiras	Internacional	Comercial	3827
EZE - REC	Centurion Air Cargo	Internacional	Comercial	3827
EZE - REC	Czech Air Force	Internacional	Av. General	3827
EZE - REC	Flybondi	Internacional	Comercial	3827
EZE - REC	Gol Transportes Aéreos	Internacional	Av. General	3827
EZE - REC	Gol Transportes Aéreos	Internacional	Comercial	3827
EZE - REC	ITA Airways	Internacional	Comercial	3827
EZE - REC	JetSMART Airlines	Internacional	Comercial	3827
EZE - REC	N/A	Internacional	Av. General	3827
EZE - REC	N/A	Internacional	Comercial	3827
EZE - REC	Norwegian Air Argentina	Internacional	Av. General	3827
EZE - REC	Qatar Executive	Internacional	Av. General	3827
EZE - REC	Qatar Executive	Internacional	Comercial	3827
EZE - REC	Spanish Air Force	Internacional	Comercial	3827
EZE - REC	Swiss Air-Ambulance	Internacional	Comercial	3827
EZE - REC	TAM Linhas Aéreas	Internacional	Comercial	3827
IQQ - USH	N/A	Internacional	Av. General	3822
FOR - SDE		Internacional	Av. General	3822
BVB - COR	Aerolíneas Argentinas	Internacional	Comercial	3821
FOR - TUC	N/A	Internacional	Comercial	3819
GRU - RGA	N/A	Internacional	Comercial	3819
EPA - REC	Fuerza Aérea Argentina	Internacional	Av. General	3815
BRC - IPC	N/A	Internacional	Av. General	3815
COR - MCZ	Andes Líneas Aéreas	Internacional	Comercial	3809
COR - MCZ	Flybondi	Internacional	Comercial	3809
COR - MCZ	LATAM Argentina	Internacional	Comercial	3809
CIX - EZE	Aerocardal	Internacional	Av. General	3808
CIX - EZE	NetJets	Internacional	Av. General	3808
MDZ - SSA	N/A	Internacional	Av. General	3808
MDZ - SSA	N/A	Internacional	Comercial	3808
REC - TUC	Atlas Air	Internacional	Av. General	3804
REC - TUC	Atlas Air	Internacional	Comercial	3804
REC - TUC	LATAM	Internacional	Comercial	3804
REC - TUC	N/A	Internacional	Av. General	3804
REC - TUC	Spanish Air Force	Internacional	Av. General	3804
FDO - REC		Internacional	Av. General	3801
FDO - REC		Internacional	Comercial	3801
FDO - REC	Benair	Internacional	Av. General	3801
FDO - REC	Benair	Internacional	Comercial	3801
FDO - REC	Fuerza Aérea Paraguaya	Internacional	Av. General	3801
FDO - REC	Medjet International	Internacional	Av. General	3801
FDO - REC	N/A	Internacional	Av. General	3801
FDO - REC	N/A	Internacional	Comercial	3801
FDO - REC	Swiss Air-Ambulance	Internacional	Av. General	3801
COR - MEC		Internacional	Av. General	3801
COR - MEC	Aerolíneas Argentinas	Internacional	Comercial	3801
COR - MEC	N/A	Internacional	Av. General	3801
COR - MEC	N/A	Internacional	Comercial	3801
AEP - REC		Internacional	Av. General	3798
AEP - REC		Internacional	Comercial	3798
AEP - REC	Gol Transportes Aéreos	Internacional	Comercial	3798
AEP - REC	JetSMART Airlines	Internacional	Comercial	3798
AEP - REC	N/A	Internacional	Av. General	3798
AEP - REC	N/A	Internacional	Comercial	3798
AEP - REC	Spanish Air Force	Internacional	Av. General	3798
BSB - CRD	N/A	Internacional	Av. General	3795
AEP - CIX	N/A	Internacional	Av. General	3793
GYE - PSS	Sun Air	Internacional	Av. General	3792
GYE - IGR		Internacional	Comercial	3780
GYE - IGR	N/A	Internacional	Av. General	3780
GYE - IGR	N/A	Internacional	Comercial	3780
COR - UIO	Avianca Costa Rica	Internacional	Comercial	3780
COR - UIO	N/A	Internacional	Av. General	3780
COR - UIO	N/A	Internacional	Comercial	3780
EZE - IQT	Aerolíneas Argentinas	Internacional	Comercial	3777
EZE - IQT	Andes Líneas Aéreas	Internacional	Comercial	3777
EZE - IQT	N/A	Internacional	Comercial	3777
EZE - IQT	TAME	Internacional	Comercial	3777
MDZ - UIO		Internacional	Av. General	3776
MDZ - UIO		Internacional	Comercial	3776
MDZ - UIO	LATAM Ecuador	Internacional	Comercial	3776
MDZ - UIO	N/A	Internacional	Av. General	3776
CIX - FDO		Internacional	Av. General	3773
CIX - FDO		Internacional	Comercial	3773
CIX - FDO	N/A	Internacional	Av. General	3773
CIX - FDO	N/A	Internacional	Comercial	3773
MDZ - MEC		Internacional	Av. General	3761
MDZ - MEC		Internacional	Comercial	3761
MDZ - MEC	N/A	Internacional	Av. General	3761
AEP - IQT	N/A	Internacional	Av. General	3756
PBM - TUC		Internacional	Av. General	3750
FDO - IQT		Internacional	Av. General	3738
FDO - IQT		Internacional	Comercial	3738
FDO - IQT	N/A	Internacional	Av. General	3738
FDO - IQT	N/A	Internacional	Comercial	3738
EZE - RIJ	LATAM Perú	Internacional	Comercial	3729
FTE - VCP	N/A	Internacional	Comercial	3727
BEL - COR	N/A	Internacional	Av. General	3722
ARR - LIM	LATAM Perú	Internacional	Comercial	3721
FTE - VVI	N/A	Internacional	Comercial	3719
FTE - GRU		Internacional	Av. General	3719
FTE - GRU	N/A	Internacional	Av. General	3719
FTE - GRU	N/A	Internacional	Comercial	3719
CLO - SDE	N/A	Internacional	Av. General	3718
CUC - JUJ	N/A	Internacional	Av. General	3687
CNQ - PBM	N/A	Internacional	Av. General	3682
RES - UIO		Internacional	Av. General	3675
EZE - MCZ		Internacional	Comercial	3646
EZE - MCZ	Aerolíneas Argentinas	Internacional	Comercial	3646
EZE - MCZ	Andes Líneas Aéreas	Internacional	Comercial	3646
EZE - MCZ	Flybondi	Internacional	Comercial	3646
EZE - MCZ	Gol Transportes Aéreos	Internacional	Comercial	3646
EZE - MCZ	Sky Airline	Internacional	Comercial	3646
BOG - TUC	Aerolíneas Argentinas	Internacional	Comercial	3644
BOG - TUC	Atlas Air	Internacional	Comercial	3644
BOG - TUC	Qatar Airways	Internacional	Av. General	3644
EZE - TRU	Flybondi	Internacional	Comercial	3644
EZE - TRU	N/A	Internacional	Av. General	3644
EZE - TRU	N/A	Internacional	Comercial	3644
COR - GYE		Internacional	Av. General	3641
COR - GYE		Internacional	Comercial	3641
COR - GYE	Aerolíneas Argentinas	Internacional	Comercial	3641
COR - GYE	Aerolíneas Ejecutivas	Internacional	Av. General	3641
COR - GYE	Avianca	Internacional	Comercial	3641
COR - GYE	Fuerza Aérea Argentina	Internacional	Av. General	3641
COR - GYE	N/A	Internacional	Av. General	3641
COR - GYE	N/A	Internacional	Comercial	3641
EPA - MCZ	Fuerza Aérea Argentina	Internacional	Av. General	3634
AEP - TRU	Aerolíneas Argentinas	Internacional	Comercial	3628
AEP - TRU	N/A	Internacional	Av. General	3628
AEP - TRU	N/A	Internacional	Comercial	3628
FEN - PSS		Internacional	Av. General	3622
FEN - PSS	N/A	Internacional	Comercial	3622
FDO - MCZ		Internacional	Av. General	3620
CWB - USH	N/A	Internacional	Av. General	3619
MDE - SLA	Aerolíneas Argentinas	Internacional	Comercial	3617
MDE - SLA	N/A	Internacional	Av. General	3617
AEP - MCZ		Internacional	Av. General	3617
AEP - MCZ	Gol Transportes Aéreos	Internacional	Comercial	3617
AEP - MCZ	N/A	Internacional	Comercial	3617
FDO - TRU		Internacional	Av. General	3609
FDO - TRU		Internacional	Comercial	3609
FDO - TRU	N/A	Internacional	Av. General	3609
EZE - LET	Avianca	Internacional	Comercial	3607
EZE - LET	N/A	Internacional	Av. General	3607
EZE - LET	N/A	Internacional	Comercial	3607
CAY - PSS	N/A	Internacional	Av. General	3606
GYE - MDZ		Internacional	Av. General	3606
GYE - MDZ		Internacional	Comercial	3606
GYE - MDZ	Copa Airlines	Internacional	Comercial	3606
GYE - MDZ	N/A	Internacional	Av. General	3606
GYE - MDZ	N/A	Internacional	Comercial	3606
GYE - MDZ	Titan Airways	Internacional	Av. General	3606
CNQ - GYE	N/A	Internacional	Av. General	3604
CJC - USH	N/A	Internacional	Av. General	3601
CJC - USH	N/A	Internacional	Comercial	3601
BRC - BSB		Internacional	Av. General	3593
BRC - BSB	Brazilian Air Force	Internacional	Av. General	3593
BRC - BSB	N/A	Internacional	Av. General	3593
GYE - RES		Internacional	Av. General	3585
GYE - RES	Sun Air	Internacional	Av. General	3585
AEP - LET	N/A	Internacional	Av. General	3584
JUJ - MDE	Andes Líneas Aéreas	Internacional	Comercial	3581
JUJ - MDE	N/A	Internacional	Av. General	3581
FDO - LET		Internacional	Av. General	3567
FDO - LET		Internacional	Comercial	3567
FDO - LET	N/A	Internacional	Av. General	3567
FDO - LET	N/A	Internacional	Comercial	3567
EZE - MAO	Andes Líneas Aéreas	Internacional	Comercial	3542
EZE - MAO	Arajet	Internacional	Comercial	3542
EZE - MAO	Atlas Air	Internacional	Comercial	3542
EZE - MAO	Centurion Air Cargo	Internacional	Comercial	3542
EZE - MAO	Cubana de Aviación	Internacional	Comercial	3542
EZE - MAO	Gol Transportes Aéreos	Internacional	Comercial	3542
EZE - MAO	Hong Kong Airlines	Internacional	Comercial	3542
EZE - MAO	LATAM	Internacional	Comercial	3542
EZE - MAO	N/A	Internacional	Av. General	3542
EZE - MAO	N/A	Internacional	Comercial	3542
EZE - MAO	TAM Linhas Aéreas	Internacional	Comercial	3542
EZE - MAO	Transcarga Intl Airways	Internacional	Comercial	3542
EZE - MAO	Transportes Aéreos Bolivianos	Internacional	Comercial	3542
EZE - PLL	Andes Líneas Aéreas	Internacional	Comercial	3529
EZE - PLL	Gol Transportes Aéreos	Internacional	Comercial	3529
EPA - MAO	Fuerza Aérea Argentina	Internacional	Av. General	3518
EPA - MAO	N/A	Internacional	Av. General	3518
BRC - CNF	Azul Linhas Aéreas Brasileiras	Internacional	Comercial	3516
BRC - CNF	N/A	Internacional	Comercial	3516
AEP - MAO	Andes Líneas Aéreas	Internacional	Comercial	3513
AEP - MAO	Fuerza Aérea Argentina	Internacional	Av. General	3513
AEP - MAO	N/A	Internacional	Av. General	3513
AEP - MAO	N/A	Internacional	Comercial	3513
CIX - ROS	N/A	Internacional	Av. General	3511
BSB - CPC	N/A	Internacional	Av. General	3509
BSB - CPC	Qatar Executive	Internacional	Av. General	3509
FDO - MAO		Internacional	Av. General	3500
FDO - MAO		Internacional	Comercial	3500
FDO - MAO	N/A	Internacional	Av. General	3500
FDO - MAO	N/A	Internacional	Comercial	3500
FDO - MAO	Priester Aviation	Internacional	Av. General	3500
ANF - USH	N/A	Internacional	Av. General	3500
ANF - USH	N/A	Internacional	Comercial	3500
NVT - USH	N/A	Internacional	Comercial	3498
BPS - MDZ		Internacional	Comercial	3497
IQT - ROS	N/A	Internacional	Av. General	3494
EQS - LIM	N/A	Internacional	Av. General	3486
EQS - LIM	N/A	Internacional	Comercial	3486
LIM - MDQ	N/A	Internacional	Comercial	3477
IQQ - RGL	N/A	Internacional	Av. General	3460
IGU - USH		Internacional	Comercial	3446
IGU - USH	N/A	Internacional	Comercial	3446
BRC - GYN		Internacional	Comercial	3446
BRC - GYN	N/A	Internacional	Av. General	3446
MAO - MDZ	N/A	Internacional	Av. General	3440
IGR - USH		Cabotaje	Av. General	3432
IGR - USH		Cabotaje	Comercial	3432
IGR - USH	ASL Airlines France	Cabotaje	Av. General	3432
IGR - USH	ASL Airlines France	Cabotaje	Comercial	3432
IGR - USH	N/A	Cabotaje	Av. General	3432
IGR - USH	N/A	Cabotaje	Comercial	3432
IGR - USH	Sun Air	Cabotaje	Av. General	3432
AJU - EZE	Gol Transportes Aéreos	Internacional	Comercial	3431
SDE - UIO	Aerolíneas Argentinas	Internacional	Comercial	3423
BOG - SLA		Internacional	Av. General	3421
BOG - SLA		Internacional	Comercial	3421
BOG - SLA	Fuerza Aérea Argentina	Internacional	Av. General	3421
BOG - SLA	N/A	Internacional	Av. General	3421
FOR - RES		Internacional	Comercial	3420
FLN - USH		Internacional	Av. General	3420
FLN - USH	Brazilian Air Force	Internacional	Av. General	3420
FLN - USH	N/A	Internacional	Av. General	3420
ASU - USH		Internacional	Comercial	3412
ASU - USH	Fuerza Aérea Paraguaya	Internacional	Av. General	3412
ASU - USH	N/A	Internacional	Av. General	3412
ASU - USH	N/A	Internacional	Comercial	3412
BSB - PMY	N/A	Internacional	Av. General	3411
CAY - IGR	Fuerza Aérea Argentina	Internacional	Av. General	3409
JUJ - USH		Cabotaje	Comercial	3400
CNQ - FOR		Internacional	Av. General	3400
CNQ - FOR	N/A	Internacional	Av. General	3400
MEC - RHD	N/A	Internacional	Comercial	3399
BOG - JUJ	N/A	Internacional	Av. General	3384
COR - PIU	N/A	Internacional	Av. General	3375
CLO - SLA		Internacional	Comercial	3374
CLO - SLA	Andes Líneas Aéreas	Internacional	Comercial	3374
EZE - PNZ	Gol Transportes Aéreos	Internacional	Comercial	3373
COR - SSA	Aerolíneas Argentinas	Internacional	Comercial	3349
COR - SSA	Andes Líneas Aéreas	Internacional	Comercial	3349
COR - SSA	Azul Linhas Aéreas Brasileiras	Internacional	Comercial	3349
COR - SSA	Gol Transportes Aéreos	Internacional	Comercial	3349
COR - SSA	N/A	Internacional	Comercial	3349
ROS - TRU	N/A	Internacional	Av. General	3347
SLA - USH		Cabotaje	Av. General	3346
SLA - USH		Cabotaje	Comercial	3346
SLA - USH	N/A	Cabotaje	Av. General	3346
SLA - USH	N/A	Cabotaje	Comercial	3346
BEL - TUC	N/A	Internacional	Comercial	3345
FDO - PNZ	N/A	Internacional	Av. General	3343
CLO - JUJ	Andes Líneas Aéreas	Internacional	Comercial	3341
CTC - SSA	N/A	Internacional	Av. General	3333
FDO - PCL	N/A	Internacional	Av. General	3331
MEC - TUC		Internacional	Av. General	3329
MEC - TUC		Internacional	Comercial	3329
MEC - TUC	N/A	Internacional	Av. General	3329
MEC - TUC	N/A	Internacional	Comercial	3329
REC - RES	N/A	Internacional	Comercial	3329
IGR - PUQ		Internacional	Comercial	3329
IGR - PUQ	ASL Airlines France	Internacional	Av. General	3329
IGR - PUQ	N/A	Internacional	Av. General	3329
IGR - PUQ	N/A	Internacional	Comercial	3329
MAO - ROS	Andes Líneas Aéreas	Internacional	Comercial	3325
MAO - ROS	N/A	Internacional	Av. General	3325
MAO - ROS	N/A	Internacional	Comercial	3325
BRC - GIG		Internacional	Comercial	3308
BRC - GIG	Andes Líneas Aéreas	Internacional	Comercial	3308
BRC - GIG	Flybondi	Internacional	Comercial	3308
BRC - GIG	N/A	Internacional	Av. General	3308
BRC - GIG	N/A	Internacional	Comercial	3308
BRC - GIG	Qatar Amiri Flight	Internacional	Av. General	3308
BRC - GIG	TAG Aviation UK	Internacional	Comercial	3308
BRC - GIG	Unijet	Internacional	Av. General	3308
JUJ - SLZ	N/A	Internacional	Av. General	3304
TUC - UIO		Internacional	Av. General	3295
TUC - UIO	Atlas Air	Internacional	Comercial	3295
TUC - UIO	LATAM	Internacional	Av. General	3295
TUC - UIO	N/A	Internacional	Comercial	3295
TUC - UIO	Qatar Airways	Internacional	Comercial	3295
TUC - UIO	TAME	Internacional	Comercial	3295
BRC - LIM	Aerolíneas Ejecutivas	Internacional	Av. General	3294
BRC - LIM	Aerolíneas Ejecutivas	Internacional	Comercial	3294
BRC - LIM	N/A	Internacional	Av. General	3294
BRC - LIM	N/A	Internacional	Comercial	3294
EQS - PIO	N/A	Internacional	Av. General	3283
JUJ - RGA		Cabotaje	Comercial	3279
JUJ - RGA	N/A	Cabotaje	Comercial	3279
IQT - MDZ	N/A	Internacional	Av. General	3268
IQT - MDZ	N/A	Internacional	Comercial	3268
IGR - PNT		Internacional	Comercial	3265
IGR - PNT	NetJets	Internacional	Comercial	3265
CPC - GIG	N/A	Internacional	Av. General	3249
NAT - PSS	Air Canada	Internacional	Av. General	3247
CLN - FDO		Internacional	Comercial	3229
RGA - SLA	N/A	Cabotaje	Av. General	3225
FOR - PSS	N/A	Internacional	Av. General	3216
FOR - PSS	N/A	Internacional	Comercial	3216
FOR - PSS	Swiss Air-Ambulance	Internacional	Av. General	3216
FLN - FTE	Aerocardal	Internacional	Comercial	3207
FLN - FTE	N/A	Internacional	Comercial	3207
SSA - TUC		Internacional	Av. General	3193
SSA - TUC	N/A	Internacional	Comercial	3193
LET - MDZ	N/A	Internacional	Av. General	3190
ROS - SSA	Gol Transportes Aéreos	Internacional	Comercial	3188
ROS - SSA	N/A	Internacional	Comercial	3188
ROS - SSA	Swiss Air-Ambulance	Internacional	Comercial	3188
COR - MAO	Andes Líneas Aéreas	Internacional	Comercial	3179
COR - MAO	N/A	Internacional	Comercial	3179
CIX - COR	Fuerza Aérea Argentina	Internacional	Av. General	3179
CPC - LIM	Israel Aircraft Industries	Internacional	Av. General	3178
CPC - LIM	Jet Aviation	Internacional	Av. General	3178
CPC - LIM	N/A	Internacional	Av. General	3178
CPC - LIM	N/A	Internacional	Comercial	3178
EZE - SSA	Aerolíneas Argentinas	Internacional	Comercial	3177
EZE - SSA	Air Europa	Internacional	Comercial	3177
EZE - SSA	Andes Líneas Aéreas	Internacional	Comercial	3177
EZE - SSA	Austral Líneas Aéreas	Internacional	Comercial	3177
EZE - SSA	Flybondi	Internacional	Comercial	3177
EZE - SSA	Gol Transportes Aéreos	Internacional	Comercial	3177
EZE - SSA	Iberia Airlines	Internacional	Comercial	3177
EZE - SSA	LATAM Argentina	Internacional	Comercial	3177
EZE - SSA	LATAM Cargo Uruguay	Internacional	Comercial	3177
EZE - SSA	N/A	Internacional	Av. General	3177
EZE - SSA	N/A	Internacional	Comercial	3177
EZE - SSA	Sky Airline	Internacional	Comercial	3177
EZE - SSA	TAM Linhas Aéreas	Internacional	Comercial	3177
GYE - TUC		Internacional	Av. General	3168
GYE - TUC		Internacional	Comercial	3168
GYE - TUC	Aerolíneas Argentinas	Internacional	Comercial	3168
GYE - TUC	LATAM	Internacional	Av. General	3168
GYE - TUC	LATAM	Internacional	Comercial	3168
GYE - TUC	N/A	Internacional	Av. General	3168
GYE - TUC	N/A	Internacional	Comercial	3168
PUQ - SLA	Travel Service	Internacional	Comercial	3165
IGR - IQT	N/A	Internacional	Av. General	3165
CRD - VVI	N/A	Internacional	Av. General	3158
EZE - LIM		Internacional	Av. General	3157
EZE - LIM		Internacional	Comercial	3157
EZE - LIM	Aerolíneas Argentinas	Internacional	Comercial	3157
EZE - LIM	Aeroméxico	Internacional	Av. General	3157
EZE - LIM	Aeroméxico	Internacional	Comercial	3157
EZE - LIM	Air Atlanta Icelandic	Internacional	Comercial	3157
EZE - LIM	Air Canada	Internacional	Comercial	3157
EZE - LIM	Amaszonas	Internacional	Comercial	3157
EZE - LIM	American Airlines	Internacional	Comercial	3157
EZE - LIM	Andes Líneas Aéreas	Internacional	Comercial	3157
EZE - LIM	Antonov Airlines	Internacional	Comercial	3157
EZE - LIM	Arajet	Internacional	Comercial	3157
EZE - LIM	Atlas Air	Internacional	Comercial	3157
EZE - LIM	Avianca	Internacional	Comercial	3157
EZE - LIM	Avianca Cargo	Internacional	Comercial	3157
EZE - LIM	Avianca Costa Rica	Internacional	Comercial	3157
EZE - LIM	Avianca Perú	Internacional	Comercial	3157
EZE - LIM	Boliviana de Aviacion	Internacional	Comercial	3157
EZE - LIM	Centurion Air Cargo	Internacional	Comercial	3157
EZE - LIM	Copa Airlines	Internacional	Comercial	3157
EZE - LIM	Cubana de Aviación	Internacional	Comercial	3157
EZE - LIM	DAS Air Cargo	Internacional	Comercial	3157
EZE - LIM	Delta Air Lines	Internacional	Comercial	3157
EZE - LIM	Eastern Air Lines	Internacional	Comercial	3157
EZE - LIM	Estelar Latinoamerica	Internacional	Comercial	3157
EZE - LIM	Florida West International Airways	Internacional	Comercial	3157
EZE - LIM	Flybondi	Internacional	Comercial	3157
EZE - LIM	Fuerza Aérea Argentina	Internacional	Av. General	3157
EZE - LIM	Gestair	Internacional	Av. General	3157
EZE - LIM	Gestair	Internacional	Comercial	3157
EZE - LIM	Icelandair	Internacional	Av. General	3157
EZE - LIM	ITA Airways	Internacional	Comercial	3157
EZE - LIM	Jet Aviation	Internacional	Comercial	3157
EZE - LIM	JetBlue Airways	Internacional	Av. General	3157
EZE - LIM	JetSMART Airlines	Internacional	Comercial	3157
EZE - LIM	Kalitta Air	Internacional	Comercial	3157
EZE - LIM	LATAM	Internacional	Av. General	3157
EZE - LIM	LATAM	Internacional	Comercial	3157
EZE - LIM	LATAM Argentina	Internacional	Comercial	3157
EZE - LIM	LATAM Cargo Uruguay	Internacional	Comercial	3157
EZE - LIM	LATAM Ecuador	Internacional	Comercial	3157
EZE - LIM	LATAM Paraguay	Internacional	Comercial	3157
EZE - LIM	LATAM Perú	Internacional	Comercial	3157
EZE - LIM	Lufthansa	Internacional	Comercial	3157
EZE - LIM	Martinair	Internacional	Comercial	3157
EZE - LIM	N/A	Internacional	Av. General	3157
EZE - LIM	N/A	Internacional	Comercial	3157
EZE - LIM	NetJets	Internacional	Comercial	3157
EZE - LIM	Peruvian Airlines	Internacional	Comercial	3157
EZE - LIM	Qatar Airways	Internacional	Comercial	3157
EZE - LIM	Qatar Executive	Internacional	Av. General	3157
EZE - LIM	Sky Airline	Internacional	Comercial	3157
EZE - LIM	SkyLease Cargo	Internacional	Comercial	3157
EZE - LIM	Star Up	Internacional	Comercial	3157
EZE - LIM	Swiftair	Internacional	Comercial	3157
EZE - LIM	TAM Linhas Aéreas	Internacional	Comercial	3157
EZE - LIM	TAME	Internacional	Comercial	3157
EZE - LIM	Titan Airways	Internacional	Av. General	3157
EZE - LIM	Titan Airways	Internacional	Comercial	3157
EZE - LIM	Transcarga Intl Airways	Internacional	Comercial	3157
EZE - LIM	Travel Service	Internacional	Comercial	3157
EZE - LIM	United Parcel Service	Internacional	Comercial	3157
FDO - SSA		Internacional	Av. General	3152
FDO - SSA		Internacional	Comercial	3152
FDO - SSA	American Jet	Internacional	Comercial	3152
FDO - SSA	N/A	Internacional	Av. General	3152
FDO - SSA	N/A	Internacional	Comercial	3152
AEP - SSA		Internacional	Av. General	3149
AEP - SSA		Internacional	Comercial	3149
AEP - SSA	Aerolíneas Argentinas	Internacional	Comercial	3149
AEP - SSA	Andes Líneas Aéreas	Internacional	Comercial	3149
AEP - SSA	Austral Líneas Aéreas	Internacional	Comercial	3149
AEP - SSA	Fuerza Aérea Brasilera	Internacional	Av. General	3149
AEP - SSA	Gestair	Internacional	Comercial	3149
AEP - SSA	Gol Transportes Aéreos	Internacional	Comercial	3149
AEP - SSA	N/A	Internacional	Av. General	3149
AEP - SSA	N/A	Internacional	Comercial	3149
SLA - SSA	Andes Líneas Aéreas	Internacional	Comercial	3146
AEP - LIM		Internacional	Av. General	3142
AEP - LIM		Internacional	Comercial	3142
AEP - LIM	Aerolíneas Argentinas	Internacional	Comercial	3142
AEP - LIM	Andes Líneas Aéreas	Internacional	Comercial	3142
AEP - LIM	Austral Líneas Aéreas	Internacional	Comercial	3142
AEP - LIM	Avianca	Internacional	Comercial	3142
AEP - LIM	Benair	Internacional	Av. General	3142
AEP - LIM	Benair	Internacional	Comercial	3142
AEP - LIM	Flyest	Internacional	Comercial	3142
AEP - LIM	Fuerza Aérea Argentina	Internacional	Av. General	3142
AEP - LIM	Fuerza Aérea Brasilera	Internacional	Av. General	3142
AEP - LIM	Gol Transportes Aéreos	Internacional	Comercial	3142
AEP - LIM	JetSMART Airlines	Internacional	Comercial	3142
AEP - LIM	LADE - Líneas Aéreas Del Estado	Internacional	Comercial	3142
AEP - LIM	LATAM	Internacional	Comercial	3142
AEP - LIM	LATAM Argentina	Internacional	Comercial	3142
AEP - LIM	LATAM Ecuador	Internacional	Comercial	3142
AEP - LIM	LATAM Paraguay	Internacional	Comercial	3142
AEP - LIM	LATAM Perú	Internacional	Comercial	3142
AEP - LIM	Línea Aérea SAPSA	Internacional	Av. General	3142
AEP - LIM	N/A	Internacional	Av. General	3142
AEP - LIM	N/A	Internacional	Comercial	3142
AEP - LIM	Sky Airline	Internacional	Comercial	3142
AEP - LIM	TAM Linhas Aéreas	Internacional	Comercial	3142
IGR - RGL		Cabotaje	Comercial	3142
IGR - RGL	N/A	Cabotaje	Comercial	3142
EQS - GRU	N/A	Internacional	Av. General	3137
IQT - UAQ	N/A	Internacional	Comercial	3135
COR - ITB	Aerolíneas Argentinas	Internacional	Comercial	3135
EPA - LIM	Fuerza Aérea Argentina	Internacional	Av. General	3134
EPA - LIM	JetSMART Airlines	Internacional	Comercial	3134
EPA - LIM	N/A	Internacional	Av. General	3134
FTE - IGU		Internacional	Comercial	3133
FTE - IGU	N/A	Internacional	Comercial	3133
FTE - IGU	TAG Aviation	Internacional	Av. General	3133
CRD - VCP	Antonov Airlines	Internacional	Av. General	3129
TUC - USH		Cabotaje	Av. General	3128
TUC - USH	N/A	Cabotaje	Comercial	3128
LIM - NQN	Antonov Airlines	Internacional	Av. General	3126
LIM - NQN	Phoenix Air Group	Internacional	Av. General	3126
CRD - GRU	Antonov Airlines	Internacional	Av. General	3124
MEC - SLA		Internacional	Av. General	3123
MEC - SLA		Internacional	Comercial	3123
MEC - SLA	Aerovitro	Internacional	Av. General	3123
MEC - SLA	Fuerza Aérea Argentina	Internacional	Av. General	3123
MEC - SLA	N/A	Internacional	Av. General	3123
MEC - SLA	N/A	Internacional	Comercial	3123
FDO - LIM		Internacional	Av. General	3122
FDO - LIM		Internacional	Comercial	3122
FDO - LIM	American Jet	Internacional	Av. General	3122
FDO - LIM	American Jet	Internacional	Comercial	3122
FDO - LIM	Línea Aérea SAPSA	Internacional	Av. General	3122
FDO - LIM	N/A	Internacional	Av. General	3122
FDO - LIM	N/A	Internacional	Comercial	3122
FDO - LIM	Personas Y Paquetes Por Aire	Internacional	Av. General	3122
FDO - LIM	Sun Air	Internacional	Av. General	3122
FDO - LIM	TAG Aviation UK	Internacional	Av. General	3122
FTE - IGR		Cabotaje	Av. General	3119
FTE - IGR		Cabotaje	Comercial	3119
FTE - IGR	Aerolíneas Argentinas	Cabotaje	Comercial	3119
FTE - IGR	ASL Airlines France	Cabotaje	Comercial	3119
FTE - IGR	Gestair	Cabotaje	Av. General	3119
FTE - IGR	Gestair	Cabotaje	Comercial	3119
FTE - IGR	JetSMART Airlines	Cabotaje	Comercial	3119
FTE - IGR	LATAM Argentina	Cabotaje	Comercial	3119
FTE - IGR	N/A	Cabotaje	Av. General	3119
FTE - IGR	N/A	Cabotaje	Comercial	3119
CIX - MDZ		Internacional	Comercial	3116
SFN - SSA	Aerolíneas Argentinas	Internacional	Comercial	3108
SFN - SSA	Austral Líneas Aéreas	Internacional	Comercial	3108
CJC - FTE		Internacional	Comercial	3105
CJC - FTE	Executive Air Charter	Internacional	Av. General	3105
CJC - FTE	Fly Linhas Aéreas	Internacional	Av. General	3105
CJC - FTE	N/A	Internacional	Av. General	3105
CJC - FTE	N/A	Internacional	Comercial	3105
CJC - FTE	Titan Airways	Internacional	Av. General	3105
JUJ - MEC		Internacional	Comercial	3103
JUJ - MEC	N/A	Internacional	Av. General	3103
PSS - RGA		Cabotaje	Av. General	3093
POA - USH	Fuerza Aérea Brasilera	Internacional	Av. General	3085
POA - USH	N/A	Internacional	Av. General	3085
PSS - REC		Internacional	Av. General	3084
PSS - REC	N/A	Internacional	Av. General	3084
SLA - UIO		Internacional	Comercial	3082
SLA - UIO	Avianca Cargo	Internacional	Av. General	3082
SLA - UIO	Fuerza Aérea Argentina	Internacional	Av. General	3082
SLA - UIO	N/A	Internacional	Av. General	3082
SLA - UIO	N/A	Internacional	Comercial	3082
COR - LET	N/A	Internacional	Av. General	3079
BRC - CUZ	Execujet Charter	Internacional	Comercial	3075
BRC - CUZ	N/A	Internacional	Av. General	3075
RHD - USH	N/A	Cabotaje	Comercial	3059
JUJ - UIO	Andes Líneas Aéreas	Internacional	Comercial	3056
BPS - COR	Aerolíneas Argentinas	Internacional	Comercial	3035
BPS - COR	Andes Líneas Aéreas	Internacional	Comercial	3035
BPS - COR	LATAM Argentina	Internacional	Comercial	3035
SDE - USH		Cabotaje	Av. General	3032
SDE - USH	Air Alsie	Cabotaje	Av. General	3032
SDE - USH	Air Alsie	Cabotaje	Comercial	3032
BRC - GRU		Internacional	Av. General	3027
BRC - GRU	Aerolíneas Argentinas	Internacional	Av. General	3027
BRC - GRU	Aerolíneas Argentinas	Internacional	Comercial	3027
BRC - GRU	Andes Líneas Aéreas	Internacional	Comercial	3027
BRC - GRU	Azul Linhas Aéreas Brasileiras	Internacional	Comercial	3027
BRC - GRU	Execujet Charter	Internacional	Comercial	3027
BRC - GRU	Flybondi	Internacional	Comercial	3027
BRC - GRU	Gol Transportes Aéreos	Internacional	Comercial	3027
BRC - GRU	N/A	Internacional	Av. General	3027
BRC - GRU	N/A	Internacional	Comercial	3027
BRC - GRU	Qatar Amiri Flight	Internacional	Av. General	3027
BRC - GRU	TAM Linhas Aéreas	Internacional	Comercial	3027
BRC - VCP	Azul Linhas Aéreas Brasileiras	Internacional	Av. General	3016
BRC - VCP	Azul Linhas Aéreas Brasileiras	Internacional	Comercial	3016
BRC - VCP	N/A	Internacional	Av. General	3016
BRC - VCP	N/A	Internacional	Comercial	3016
BRC - VCP	TAM Linhas Aéreas	Internacional	Comercial	3016
RES - RGA	Aerolíneas Argentinas	Cabotaje	Comercial	3016
COR - TRU		Internacional	Comercial	3014
COR - TRU	N/A	Internacional	Av. General	3014
IGR - NAT		Internacional	Av. General	3012
IGR - NAT	Flyest	Internacional	Comercial	3012
IGR - NAT	Fuerza Aérea Argentina	Internacional	Av. General	3012
IGR - NAT	N/A	Internacional	Av. General	3012
IGR - NAT	N/A	Internacional	Comercial	3012
IGR - NAT		Internacional	Av. General	3009
IGR - NAT		Internacional	Comercial	3009
RGL - SLA	N/A	Cabotaje	Av. General	2996
LPB - REL	N/A	Internacional	Av. General	2985
FOR - IGR		Internacional	Comercial	2979
FOR - IGR	N/A	Internacional	Av. General	2979
FOR - IGR	N/A	Internacional	Comercial	2979
GIG - NQN	N/A	Internacional	Av. General	2964
GYE - SLA		Internacional	Av. General	2962
GYE - SLA		Internacional	Comercial	2962
GYE - SLA	Andes Líneas Aéreas	Internacional	Comercial	2962
GYE - SLA	Avianca Cargo	Internacional	Comercial	2962
GYE - SLA	Fuerza Aérea Argentina	Internacional	Av. General	2962
GYE - SLA	Medjet International	Internacional	Av. General	2962
GYE - SLA	N/A	Internacional	Av. General	2962
GYE - SLA	N/A	Internacional	Comercial	2962
GYE - SLA	Sky Jet	Internacional	Av. General	2962
CPC - CUZ	N/A	Internacional	Av. General	2955
MDZ - TRU		Internacional	Av. General	2953
MDZ - TRU	N/A	Internacional	Av. General	2953
EZE - PIO		Internacional	Av. General	2943
EZE - PIO	Andes Líneas Aéreas	Internacional	Comercial	2943
EZE - PIO	LATAM Ecuador	Internacional	Comercial	2943
EZE - PIO	LATAM Perú	Internacional	Comercial	2943
EZE - PIO	N/A	Internacional	Av. General	2943
EZE - PIO	N/A	Internacional	Comercial	2943
EZE - PIO	Titan Airways	Internacional	Comercial	2943
GYE - JUJ		Internacional	Av. General	2942
GYE - JUJ	Andes Líneas Aéreas	Internacional	Comercial	2942
GYE - JUJ	Fuerza Aérea Argentina	Internacional	Av. General	2942
GYE - JUJ	N/A	Internacional	Av. General	2942
CTC - USH		Cabotaje	Av. General	2929
CTC - USH		Cabotaje	Comercial	2929
CTC - USH	N/A	Cabotaje	Av. General	2929
AEP - PIO		Internacional	Av. General	2929
AEP - PIO	Andes Líneas Aéreas	Internacional	Comercial	2929
AEP - PIO	LATAM Perú	Internacional	Comercial	2929
AEP - PIO	N/A	Internacional	Av. General	2929
AEP - PIO	N/A	Internacional	Comercial	2929
FDO - PIO		Internacional	Av. General	2909
FDO - PIO		Internacional	Comercial	2909
FDO - PIO	N/A	Internacional	Av. General	2909
FDO - PIO	N/A	Internacional	Comercial	2909
MCZ - PSS	N/A	Internacional	Av. General	2906
BPS - SLA	Andes Líneas Aéreas	Internacional	Comercial	2900
FDO - RBR		Internacional	Av. General	2896
FDO - RBR	N/A	Internacional	Av. General	2896
FTE - SLA	N/A	Cabotaje	Av. General	2886
FTE - SLA	N/A	Cabotaje	Comercial	2886
CNF - MDZ		Internacional	Av. General	2870
CNF - MDZ	Aerolíneas Argentinas	Internacional	Comercial	2870
CNF - MDZ	AeroSur	Internacional	Comercial	2870
CNF - MDZ	Gol Transportes Aéreos	Internacional	Comercial	2870
CNF - MDZ	N/A	Internacional	Av. General	2870
CNF - MDZ	N/A	Internacional	Comercial	2870
PET - USH	Brazilian Air Force	Internacional	Av. General	2866
PET - USH	Fuerza Aérea Brasilera	Internacional	Av. General	2866
PET - USH	N/A	Internacional	Av. General	2866
LIM - ROS		Internacional	Av. General	2859
LIM - ROS		Internacional	Comercial	2859
LIM - ROS	Aerolíneas Argentinas	Internacional	Comercial	2859
LIM - ROS	Antonov Airlines	Internacional	Av. General	2859
LIM - ROS	Avianca	Internacional	Comercial	2859
LIM - ROS	Estelar Latinoamerica	Internacional	Av. General	2859
LIM - ROS	JetSMART Airlines	Internacional	Comercial	2859
LIM - ROS	LATAM	Internacional	Comercial	2859
LIM - ROS	LATAM Argentina	Internacional	Comercial	2859
LIM - ROS	LATAM Ecuador	Internacional	Comercial	2859
LIM - ROS	LATAM Perú	Internacional	Comercial	2859
LIM - ROS	N/A	Internacional	Av. General	2859
LIM - ROS	N/A	Internacional	Comercial	2859
LIM - ROS	Phoenix Air Group	Internacional	Av. General	2859
CUZ - NQN	N/A	Internacional	Av. General	2853
FTE - POA	N/A	Internacional	Av. General	2853
FTE - POA	N/A	Internacional	Comercial	2853
IGR - REC		Internacional	Av. General	2851
IGR - REC		Internacional	Comercial	2851
IGR - REC	N/A	Internacional	Av. General	2851
IGR - REC	N/A	Internacional	Comercial	2851
BPS - ROS	Gol Transportes Aéreos	Internacional	Comercial	2849
BPS - ROS	N/A	Internacional	Av. General	2849
TRU - UAQ	N/A	Internacional	Av. General	2840
TRU - UAQ	N/A	Internacional	Comercial	2840
BSB - MDZ	Fuerza Aérea Brasilera	Internacional	Av. General	2826
BSB - MDZ	Meridian Air Cargo	Internacional	Av. General	2826
BSB - MDZ	N/A	Internacional	Av. General	2826
IGR - LIM	Flybondi	Internacional	Comercial	2824
IGR - LIM	N/A	Internacional	Av. General	2824
IGR - LIM	N/A	Internacional	Comercial	2824
RES - RGL	Fuerza Aérea Argentina	Cabotaje	Av. General	2823
AEP - CIJ	N/A	Internacional	Av. General	2822
AEP - CIJ	N/A	Internacional	Comercial	2822
BPS - EZE	Aeroandina	Internacional	Av. General	2817
BPS - EZE	Aerolíneas Argentinas	Internacional	Comercial	2817
BPS - EZE	Andes Líneas Aéreas	Internacional	Comercial	2817
BPS - EZE	Austral Líneas Aéreas	Internacional	Comercial	2817
BPS - EZE	Gestair	Internacional	Av. General	2817
BPS - EZE	Gol Transportes Aéreos	Internacional	Comercial	2817
BPS - EZE	LATAM Argentina	Internacional	Comercial	2817
BPS - EZE	N/A	Internacional	Av. General	2817
BPS - EZE	N/A	Internacional	Comercial	2817
BPS - EZE	TAM Linhas Aéreas	Internacional	Comercial	2817
FDO - LAZ		Internacional	Av. General	2812
FDO - LAZ		Internacional	Comercial	2812
GRU - REL	N/A	Internacional	Av. General	2797
BPS - FDO		Internacional	Av. General	2794
BPS - FDO		Internacional	Comercial	2794
BPS - FDO	American Jet	Internacional	Av. General	2794
BPS - FDO	N/A	Internacional	Av. General	2794
BPS - FDO	N/A	Internacional	Comercial	2794
LIM - PSS	N/A	Internacional	Av. General	2791
LIM - PSS	N/A	Internacional	Comercial	2791
AEP - BPS	Aerolíneas Argentinas	Internacional	Comercial	2790
AEP - BPS	Andes Líneas Aéreas	Internacional	Comercial	2790
AEP - BPS	Execujet Charter	Internacional	Av. General	2790
AEP - BPS	Gol Transportes Aéreos	Internacional	Comercial	2790
AEP - BPS	LATAM Argentina	Internacional	Comercial	2790
AEP - BPS	N/A	Internacional	Comercial	2790
BEL - IGR		Internacional	Comercial	2787
LIM - PRA	N/A	Internacional	Comercial	2784
RGL - TUC		Cabotaje	Av. General	2780
BRC - CGR	Brazilian Air Force	Internacional	Av. General	2779
FTE - RES		Cabotaje	Av. General	2771
FTE - RES		Cabotaje	Comercial	2771
FTE - RES	Aerolíneas Argentinas	Cabotaje	Comercial	2771
AQP - BRC	N/A	Internacional	Comercial	2762
BRC - LPB	N/A	Internacional	Av. General	2757
LIM - SFN		Internacional	Av. General	2756
LIM - SFN	Fuerza Aérea Argentina	Internacional	Av. General	2756
LIM - SFN	Jet Aviation	Internacional	Av. General	2756
LIM - SFN	N/A	Internacional	Av. General	2756
LIM - SFN	N/A	Internacional	Comercial	2756
PET - RGA	N/A	Internacional	Av. General	2747
COC - USH	N/A	Cabotaje	Av. General	2745
MAO - PSS	N/A	Internacional	Av. General	2745
GIG - MDZ		Internacional	Av. General	2741
GIG - MDZ		Internacional	Comercial	2741
GIG - MDZ	Aerolíneas Argentinas	Internacional	Comercial	2741
GIG - MDZ	Flybondi	Internacional	Comercial	2741
GIG - MDZ	Gol Transportes Aéreos	Internacional	Comercial	2741
GIG - MDZ	JetSMART Airlines	Internacional	Comercial	2741
GIG - MDZ	LATAM	Internacional	Comercial	2741
GIG - MDZ	N/A	Internacional	Av. General	2741
GIG - MDZ	N/A	Internacional	Comercial	2741
GIG - MDZ	TAM Linhas Aéreas	Internacional	Comercial	2741
AEP - GJM	Aerolíneas Argentinas	Internacional	Comercial	2737
CUZ - EZE	Delta Private Jets	Internacional	Comercial	2726
CUZ - EZE	Execujet Charter	Internacional	Comercial	2726
CUZ - EZE	N/A	Internacional	Av. General	2726
CUZ - EZE	N/A	Internacional	Comercial	2726
CIX - TUC	N/A	Internacional	Av. General	2722
CNQ - MAO	N/A	Internacional	Av. General	2720
PIU - SLA		Internacional	Av. General	2720
MAO - RES		Internacional	Av. General	2720
MAO - RES	Andes Líneas Aéreas	Internacional	Comercial	2720
MAO - RES	Fuerza Aérea Argentina	Internacional	Av. General	2720
MAO - RES	N/A	Internacional	Av. General	2720
MAO - RES	N/A	Internacional	Comercial	2720
BSB - UAQ	N/A	Internacional	Av. General	2714
BSB - UAQ	N/A	Internacional	Comercial	2714
IQT - TUC	Andes Líneas Aéreas	Internacional	Comercial	2711
IQT - TUC	N/A	Internacional	Av. General	2711
AEP - CUZ	Jet Aviation	Internacional	Av. General	2708
AEP - CUZ	N/A	Internacional	Av. General	2708
AEP - CUZ	N/A	Internacional	Comercial	2708
MAO - TUC	Andes Líneas Aéreas	Internacional	Comercial	2704
MAO - TUC	Atlas Air	Internacional	Comercial	2704
MAO - TUC	LATAM	Internacional	Comercial	2704
MAO - TUC	N/A	Internacional	Av. General	2704
EZE - PEM	Andes Líneas Aéreas	Internacional	Comercial	2697
RES - SSA	Aerolíneas Argentinas	Internacional	Comercial	2697
CUZ - FDO		Internacional	Av. General	2689
CUZ - FDO		Internacional	Comercial	2689
CUZ - FDO	Gestair	Internacional	Comercial	2689
CUZ - FDO	N/A	Internacional	Av. General	2689
CUZ - FDO	N/A	Internacional	Comercial	2689
RGL - SDE		Cabotaje	Av. General	2687
RGL - SDE		Cabotaje	Comercial	2687
CTC - TRU	N/A	Internacional	Comercial	2679
GRU - NQN	N/A	Internacional	Av. General	2679
GRU - NQN	TAM Linhas Aéreas	Internacional	Comercial	2679
IGR - MCZ		Internacional	Comercial	2675
IGR - MCZ	Flybondi	Internacional	Comercial	2675
CNQ - SSA	N/A	Internacional	Av. General	2672
BRC - CWB		Internacional	Av. General	2670
BRC - CWB	N/A	Internacional	Av. General	2670
BRC - CWB	N/A	Internacional	Comercial	2670
GYN - MDZ		Internacional	Av. General	2668
GYN - MDZ		Internacional	Comercial	2668
GYN - MDZ	N/A	Internacional	Av. General	2668
GYN - MDZ	N/A	Internacional	Comercial	2668
NQN - VCP	Azul Linhas Aéreas Brasileiras	Internacional	Av. General	2666
NQN - VCP	Azul Linhas Aéreas Brasileiras	Internacional	Comercial	2666
NQN - VCP	N/A	Internacional	Av. General	2666
EQS - FLN		Internacional	Av. General	2647
PIO - ROS		Internacional	Av. General	2646
COR - USH	Aerolíneas Argentinas	Cabotaje	Comercial	2638
COR - USH	Austral Líneas Aéreas	Cabotaje	Av. General	2638
COR - USH	Austral Líneas Aéreas	Cabotaje	Comercial	2638
COR - USH	Flybondi	Cabotaje	Comercial	2638
COR - USH	Fuerza Aérea Argentina	Cabotaje	Av. General	2638
COR - USH	Gestair	Cabotaje	Comercial	2638
COR - USH	JetSMART Airlines	Cabotaje	Comercial	2638
COR - USH	LATAM Argentina	Cabotaje	Comercial	2638
COR - USH	N/A	Cabotaje	Av. General	2638
COR - USH	N/A	Cabotaje	Comercial	2638
COR - USH	Norwegian Air Argentina	Cabotaje	Comercial	2638
COR - USH	Personas Y Paquetes Por Aire	Cabotaje	Av. General	2638
COR - USH	Personas Y Paquetes Por Aire	Cabotaje	Comercial	2638
IGR - PIO	N/A	Internacional	Comercial	2634
BSB - MDQ	Brazilian Air Force	Internacional	Av. General	2633
BSB - MDQ	Fuerza Aérea Brasilera	Internacional	Av. General	2633
FTE - PET	N/A	Internacional	Comercial	2632
TUC - VIX	LATAM	Internacional	Comercial	2631
RCQ - RGL	Fuerza Aérea Argentina	Cabotaje	Av. General	2618
CRD - FLN	N/A	Internacional	Av. General	2616
BRC - NVT	N/A	Internacional	Av. General	2601
BRC - NVT	N/A	Internacional	Comercial	2601
GRU - LGS	Aerolíneas Argentinas	Internacional	Comercial	2600
IGR - MAO		Internacional	Av. General	2596
IGR - MAO		Internacional	Comercial	2596
IGR - MAO	Andes Líneas Aéreas	Internacional	Comercial	2596
IGR - MAO	N/A	Internacional	Av. General	2596
IGR - MAO	N/A	Internacional	Comercial	2596
IGR - MAO	Priester Aviation	Internacional	Av. General	2596
PIO - PSS	N/A	Internacional	Av. General	2593
UAQ - USH	N/A	Cabotaje	Comercial	2591
FMA - MAO	N/A	Internacional	Av. General	2587
LET - TUC	N/A	Internacional	Comercial	2573
CNQ - LIM		Internacional	Av. General	2571
TRU - TUC	N/A	Internacional	Av. General	2558
GYN - UAQ	N/A	Internacional	Av. General	2555
LIM - RES	N/A	Internacional	Comercial	2549
BRC - FLN		Internacional	Comercial	2549
BRC - FLN	Azul Linhas Aéreas Brasileiras	Internacional	Comercial	2549
BRC - FLN	N/A	Internacional	Av. General	2549
BRC - FLN	N/A	Internacional	Comercial	2549
ARI - BRC	Andes Líneas Aéreas	Internacional	Comercial	2540
ARI - BRC	N/A	Internacional	Comercial	2540
CIX - SLA	Aerocardal	Internacional	Av. General	2526
CIX - SLA	N/A	Internacional	Av. General	2526
COR - LIM		Internacional	Av. General	2525
COR - LIM		Internacional	Comercial	2525
COR - LIM	Aerolíneas Argentinas	Internacional	Comercial	2525
COR - LIM	Air Alsie	Internacional	Comercial	2525
COR - LIM	Andes Líneas Aéreas	Internacional	Comercial	2525
COR - LIM	Avianca	Internacional	Comercial	2525
COR - LIM	Avianca Perú	Internacional	Comercial	2525
COR - LIM	Copa Airlines	Internacional	Comercial	2525
COR - LIM	Fuerza Aérea Argentina	Internacional	Av. General	2525
COR - LIM	Gol Transportes Aéreos	Internacional	Comercial	2525
COR - LIM	JetSMART Airlines	Internacional	Comercial	2525
COR - LIM	LATAM	Internacional	Comercial	2525
COR - LIM	LATAM Argentina	Internacional	Comercial	2525
COR - LIM	LATAM Cargo Uruguay	Internacional	Comercial	2525
COR - LIM	LATAM Ecuador	Internacional	Comercial	2525
COR - LIM	LATAM Perú	Internacional	Av. General	2525
COR - LIM	LATAM Perú	Internacional	Comercial	2525
COR - LIM	N/A	Internacional	Av. General	2525
COR - LIM	N/A	Internacional	Comercial	2525
COR - LIM	Personas Y Paquetes Por Aire	Internacional	Av. General	2525
COR - LIM	Personas Y Paquetes Por Aire	Internacional	Comercial	2525
COR - LIM	TAM Linhas Aéreas	Internacional	Comercial	2525
COR - LIM	Volga-Dnepr Airlines	Internacional	Comercial	2525
COR - RGA		Cabotaje	Comercial	2516
COR - RGA	Aerolíneas Argentinas	Cabotaje	Comercial	2516
COR - RGA	Austral Líneas Aéreas	Cabotaje	Comercial	2516
COR - RGA	N/A	Cabotaje	Av. General	2516
COR - RGA	N/A	Cabotaje	Comercial	2516
PRA - RGA		Cabotaje	Av. General	2515
PRA - RGA	Fuerza Aérea Argentina	Cabotaje	Av. General	2515
CRD - IGR	N/A	Cabotaje	Av. General	2514
CRD - IGR	N/A	Cabotaje	Comercial	2514
CAW - COR	Martinair	Internacional	Comercial	2514
ROS - USH		Cabotaje	Comercial	2512
ROS - USH	Austral Líneas Aéreas	Cabotaje	Comercial	2512
ROS - USH	Flyest	Cabotaje	Comercial	2512
ROS - USH	N/A	Cabotaje	Comercial	2512
RLO - USH	Fuerza Aérea Argentina	Cabotaje	Av. General	2512
ARI - MDQ		Internacional	Comercial	2509
ARI - MDQ	N/A	Internacional	Av. General	2509
PMQ - PSS	N/A	Cabotaje	Comercial	2506
MAO - SLA		Internacional	Av. General	2498
MAO - SLA		Internacional	Comercial	2498
MAO - SLA	N/A	Internacional	Av. General	2498
IQT - SLA		Internacional	Av. General	2491
IQT - SLA	Medjet International	Internacional	Av. General	2491
IQT - SLA	N/A	Internacional	Av. General	2491
IQT - SLA	N/A	Internacional	Comercial	2491
PLL - SLA	N/A	Internacional	Av. General	2488
RGA - UAQ	N/A	Cabotaje	Av. General	2473
RGA - UAQ	N/A	Cabotaje	Comercial	2473
COR - PUQ		Internacional	Comercial	2472
COR - PUQ	Aerocardal	Internacional	Comercial	2472
CTC - FTE		Cabotaje	Av. General	2472
CTC - FTE		Cabotaje	Comercial	2472
LIM - MDZ		Internacional	Av. General	2467
LIM - MDZ		Internacional	Comercial	2467
LIM - MDZ	Aerocardal	Internacional	Av. General	2467
LIM - MDZ	Aerolíneas Argentinas	Internacional	Comercial	2467
LIM - MDZ	ASL Airlines France	Internacional	Av. General	2467
LIM - MDZ	Avianca Perú	Internacional	Comercial	2467
LIM - MDZ	Dassault Falcon Service	Internacional	Av. General	2467
LIM - MDZ	Flyest	Internacional	Comercial	2467
LIM - MDZ	LATAM	Internacional	Comercial	2467
LIM - MDZ	LATAM Argentina	Internacional	Comercial	2467
LIM - MDZ	LATAM Perú	Internacional	Av. General	2467
LIM - MDZ	LATAM Perú	Internacional	Comercial	2467
LIM - MDZ	N/A	Internacional	Av. General	2467
LIM - MDZ	N/A	Internacional	Comercial	2467
LIM - MDZ	Sky Airline	Internacional	Comercial	2467
LIM - MDZ	Star Up	Internacional	Comercial	2467
PMQ - SLA	N/A	Cabotaje	Comercial	2463
MDZ - USH		Cabotaje	Av. General	2451
MDZ - USH		Cabotaje	Comercial	2451
MDZ - USH	American Jet	Cabotaje	Comercial	2451
MDZ - USH	Austral Líneas Aéreas	Cabotaje	Comercial	2451
MDZ - USH	LATAM Argentina	Cabotaje	Comercial	2451
MDZ - USH	N/A	Cabotaje	Av. General	2451
MDZ - USH	N/A	Cabotaje	Comercial	2451
KNA - USH	N/A	Internacional	Av. General	2450
EZE - JUL	Aerolíneas Argentinas	Internacional	Comercial	2448
PDP - USH		Internacional	Av. General	2447
PDP - USH		Internacional	Comercial	2447
PDP - USH	N/A	Internacional	Av. General	2447
PDP - USH	N/A	Internacional	Comercial	2447
PSS - SSA	N/A	Internacional	Av. General	2443
JUJ - MAO		Internacional	Av. General	2438
AQP - EZE	Starlink Aviation	Internacional	Comercial	2434
AEP - JUL	Aerolíneas Argentinas	Internacional	Comercial	2429
EPA - JUL	Fuerza Aérea Argentina	Internacional	Av. General	2424
GRU - MDZ		Internacional	Av. General	2421
GRU - MDZ		Internacional	Comercial	2421
GRU - MDZ	Aeroandina	Internacional	Av. General	2421
GRU - MDZ	Aerolíneas Argentinas	Internacional	Comercial	2421
GRU - MDZ	AeroSur	Internacional	Comercial	2421
GRU - MDZ	Azul Linhas Aéreas Brasileiras	Internacional	Comercial	2421
GRU - MDZ	Fuerza Aérea Brasilera	Internacional	Av. General	2421
GRU - MDZ	Gol Transportes Aéreos	Internacional	Av. General	2421
GRU - MDZ	Gol Transportes Aéreos	Internacional	Comercial	2421
GRU - MDZ	JetSMART Airlines	Internacional	Comercial	2421
GRU - MDZ	LATAM	Internacional	Comercial	2421
GRU - MDZ	LATAM Argentina	Internacional	Comercial	2421
GRU - MDZ	N/A	Internacional	Av. General	2421
GRU - MDZ	N/A	Internacional	Comercial	2421
GRU - MDZ	Sky Airline	Internacional	Comercial	2421
GRU - MDZ	TAM Linhas Aéreas	Internacional	Comercial	2421
MVD - USH		Internacional	Av. General	2420
MVD - USH		Internacional	Comercial	2420
MVD - USH	Eastern Air Lines	Internacional	Comercial	2420
MVD - USH	N/A	Internacional	Av. General	2420
MVD - USH	N/A	Internacional	Comercial	2420
AEP - AQP	Aerolíneas Argentinas	Internacional	Comercial	2416
AEP - AQP	N/A	Internacional	Comercial	2416
CYR - USH	N/A	Internacional	Av. General	2411
AQP - EPA		Internacional	Av. General	2410
AQP - EPA	Fuerza Aérea Argentina	Internacional	Av. General	2410
FDO - JUL	N/A	Internacional	Av. General	2410
CNF - COR		Internacional	Av. General	2408
CNF - COR	Aeroandina	Internacional	Av. General	2408
CNF - COR	Aerolíneas Argentinas	Internacional	Comercial	2408
CNF - COR	Gol Transportes Aéreos	Internacional	Comercial	2408
CNF - COR	N/A	Internacional	Av. General	2408
CNF - COR	N/A	Internacional	Comercial	2408
AQP - FDO		Internacional	Av. General	2397
AQP - FDO	N/A	Internacional	Av. General	2397
AQP - FDO	N/A	Internacional	Comercial	2397
SCL - USH		Internacional	Av. General	2396
SCL - USH	Aerocardal	Internacional	Av. General	2396
SCL - USH	Aerocardal	Internacional	Comercial	2396
SCL - USH	LATAM	Internacional	Comercial	2396
SCL - USH	LATAM Argentina	Internacional	Comercial	2396
SCL - USH	N/A	Internacional	Av. General	2396
SCL - USH	N/A	Internacional	Comercial	2396
SCL - USH	Starlink Aviation	Internacional	Comercial	2396
SCL - USH	TAG Aviation Espana	Internacional	Av. General	2396
SCL - USH	TAM Linhas Aéreas	Internacional	Comercial	2396
FDO - VIX	N/A	Internacional	Av. General	2395
BPS - RES	LATAM Argentina	Internacional	Comercial	2394
FDO - USH		Cabotaje	Av. General	2391
FDO - USH		Cabotaje	Comercial	2391
FDO - USH	American Jet	Cabotaje	Comercial	2391
FDO - USH	Ameriflight	Cabotaje	Av. General	2391
FDO - USH	N/A	Cabotaje	Av. General	2391
FDO - USH	N/A	Cabotaje	Comercial	2391
CRD - JUJ		Cabotaje	Av. General	2391
CRD - JUJ	Aerolíneas Argentinas	Cabotaje	Comercial	2391
CRD - JUJ	N/A	Cabotaje	Comercial	2391
AEP - VIX	Aerolíneas Argentinas	Internacional	Comercial	2389
RGA - ROS		Cabotaje	Av. General	2388
RGA - ROS		Cabotaje	Comercial	2388
RGA - ROS	N/A	Cabotaje	Comercial	2388
MDZ - VCP		Internacional	Av. General	2388
MDZ - VCP		Internacional	Comercial	2388
MDZ - VCP	Atlas Air	Internacional	Av. General	2388
MDZ - VCP	Azul Linhas Aéreas Brasileiras	Internacional	Av. General	2388
MDZ - VCP	Azul Linhas Aéreas Brasileiras	Internacional	Comercial	2388
MDZ - VCP	Icelandair	Internacional	Comercial	2388
MDZ - VCP	Meridian Air Cargo	Internacional	Av. General	2388
MDZ - VCP	N/A	Internacional	Av. General	2388
MDZ - VCP	N/A	Internacional	Comercial	2388
MDZ - VCP	United Parcel Service	Internacional	Comercial	2388
NCJ - RGL		Cabotaje	Av. General	2386
BSB - COR		Internacional	Comercial	2386
BSB - COR	Fuerza Aérea Brasilera	Internacional	Av. General	2386
BSB - COR	N/A	Internacional	Av. General	2386
FDO - WPU		Internacional	Av. General	2384
AEP - USH		Cabotaje	Av. General	2384
AEP - USH		Cabotaje	Comercial	2384
AEP - USH	Aerolíneas Argentinas	Cabotaje	Av. General	2384
AEP - USH	Aerolíneas Argentinas	Cabotaje	Comercial	2384
AEP - USH	American Jet	Cabotaje	Comercial	2384
AEP - USH	Andes Líneas Aéreas	Cabotaje	Comercial	2384
AEP - USH	Austral Líneas Aéreas	Cabotaje	Comercial	2384
AEP - USH	CATA Línea Aérea	Cabotaje	Comercial	2384
AEP - USH	Chief of Staff, United States Air Force	Cabotaje	Av. General	2384
AEP - USH	Flybondi	Cabotaje	Comercial	2384
AEP - USH	Flyest	Cabotaje	Comercial	2384
AEP - USH	Fuerza Aérea Argentina	Cabotaje	Av. General	2384
AEP - USH	Gendarmería Nacional	Cabotaje	Av. General	2384
AEP - USH	JetSMART Airlines	Cabotaje	Comercial	2384
AEP - USH	LADE - Líneas Aéreas Del Estado	Cabotaje	Av. General	2384
AEP - USH	LADE - Líneas Aéreas Del Estado	Cabotaje	Comercial	2384
AEP - USH	LATAM Argentina	Cabotaje	Comercial	2384
AEP - USH	Macair Jet	Cabotaje	Av. General	2384
AEP - USH	Macair Jet	Cabotaje	Comercial	2384
AEP - USH	N/A	Cabotaje	Av. General	2384
AEP - USH	N/A	Cabotaje	Comercial	2384
AEP - USH	Norwegian Air Argentina	Cabotaje	Comercial	2384
AEP - USH	Sun Air	Cabotaje	Av. General	2384
CFB - COR	Andes Líneas Aéreas	Internacional	Comercial	2378
CFB - COR	N/A	Internacional	Comercial	2378
PUQ - ROS	N/A	Internacional	Av. General	2378
AEP - WPU	Aeroandina	Internacional	Comercial	2377
ARR - FMA		Cabotaje	Av. General	2376
EPA - USH	Fuerza Aérea Argentina	Cabotaje	Av. General	2374
EPA - USH	Jet Aviation	Cabotaje	Comercial	2374
EPA - USH	JetSMART Airlines	Cabotaje	Av. General	2374
EPA - USH	JetSMART Airlines	Cabotaje	Comercial	2374
EPA - USH	N/A	Cabotaje	Av. General	2374
EPA - USH	N/A	Cabotaje	Comercial	2374
FTE - IRJ	N/A	Cabotaje	Comercial	2368
MOR - USH		Cabotaje	Av. General	2366
MOR - USH	N/A	Cabotaje	Av. General	2366
MOR - USH	N/A	Cabotaje	Comercial	2366
COR - PNT	N/A	Internacional	Av. General	2365
SLA - TRU		Internacional	Av. General	2363
SLA - TRU	N/A	Internacional	Av. General	2363
BSB - EZE		Internacional	Comercial	2361
BSB - EZE	Aerolíneas Argentinas	Internacional	Comercial	2361
BSB - EZE	Antonov Airlines	Internacional	Comercial	2361
BSB - EZE	Austral Líneas Aéreas	Internacional	Comercial	2361
BSB - EZE	Azul Linhas Aéreas Brasileiras	Internacional	Comercial	2361
BSB - EZE	Brazilian Air Force	Internacional	Av. General	2361
BSB - EZE	British Airways	Internacional	Comercial	2361
BSB - EZE	Chief of Staff, United States Air Force	Internacional	Av. General	2361
BSB - EZE	Delta Private Jets	Internacional	Comercial	2361
BSB - EZE	Emirates Airline	Internacional	Comercial	2361
BSB - EZE	Flybondi	Internacional	Comercial	2361
BSB - EZE	Flyest	Internacional	Comercial	2361
BSB - EZE	Fuerza Aérea Brasilera	Internacional	Av. General	2361
BSB - EZE	Fuerza Aérea Uruguaya	Internacional	Av. General	2361
BSB - EZE	Gol Transportes Aéreos	Internacional	Comercial	2361
BSB - EZE	LATAM	Internacional	Comercial	2361
BSB - EZE	LATAM Paraguay	Internacional	Comercial	2361
BSB - EZE	Lufthansa Cargo	Internacional	Comercial	2361
BSB - EZE	N/A	Internacional	Av. General	2361
BSB - EZE	N/A	Internacional	Comercial	2361
BSB - EZE	Qatar Airways	Internacional	Comercial	2361
BSB - EZE	Royal Jet	Internacional	Comercial	2361
BSB - EZE	Sky Airline	Internacional	Comercial	2361
BSB - EZE	TAM Linhas Aéreas	Internacional	Comercial	2361
BSB - EZE	United Parcel Service	Internacional	Comercial	2361
LPG - USH	N/A	Cabotaje	Av. General	2353
EZE - USH		Cabotaje	Av. General	2353
EZE - USH		Cabotaje	Comercial	2353
EZE - USH	Aerolíneas Argentinas	Cabotaje	Comercial	2353
EZE - USH	Aerovías DAP	Cabotaje	Comercial	2353
EZE - USH	Air Alsie	Cabotaje	Av. General	2353
EZE - USH	Air Alsie	Cabotaje	Comercial	2353
EZE - USH	Air Canada	Cabotaje	Comercial	2353
EZE - USH	Air Europa	Cabotaje	Comercial	2353
EZE - USH	Andes Líneas Aéreas	Cabotaje	Comercial	2353
EZE - USH	Austral Líneas Aéreas	Cabotaje	Comercial	2353
EZE - USH	Flybondi	Cabotaje	Comercial	2353
EZE - USH	Flyest	Cabotaje	Comercial	2353
EZE - USH	Fuerza Aérea Argentina	Cabotaje	Av. General	2353
EZE - USH	Global Jet Luxembourg	Cabotaje	Av. General	2353
EZE - USH	Global Jet Luxembourg	Cabotaje	Comercial	2353
EZE - USH	Jet Aviation	Cabotaje	Comercial	2353
EZE - USH	JetSMART Airlines	Cabotaje	Comercial	2353
EZE - USH	LADE - Líneas Aéreas Del Estado	Cabotaje	Comercial	2353
EZE - USH	LATAM	Cabotaje	Av. General	2353
EZE - USH	LATAM Argentina	Cabotaje	Comercial	2353
EZE - USH	LATAM Cargo Uruguay	Cabotaje	Comercial	2353
EZE - USH	LATAM Ecuador	Cabotaje	Comercial	2353
EZE - USH	Lufthansa	Cabotaje	Comercial	2353
EZE - USH	N/A	Cabotaje	Av. General	2353
EZE - USH	N/A	Cabotaje	Comercial	2353
EZE - USH	NetJets	Cabotaje	Av. General	2353
EZE - USH	Qatar Executive	Cabotaje	Av. General	2353
LIM - UAQ		Internacional	Av. General	2352
LIM - UAQ	Miami Air International	Internacional	Av. General	2352
LIM - UAQ	N/A	Internacional	Av. General	2352
LIM - UAQ	N/A	Internacional	Comercial	2352
JUJ - TRU	N/A	Internacional	Av. General	2349
LET - SLA	N/A	Internacional	Av. General	2349
LET - SLA	N/A	Internacional	Comercial	2349
BSB - EPA	Fuerza Aérea Argentina	Internacional	Av. General	2344
GRU - UAQ	Gol Transportes Aéreos	Internacional	Av. General	2343
GRU - UAQ	Gol Transportes Aéreos	Internacional	Comercial	2343
GRU - UAQ	N/A	Internacional	Av. General	2343
GRU - UAQ	N/A	Internacional	Comercial	2343
CRD - SLA		Cabotaje	Av. General	2337
CRD - SLA		Cabotaje	Comercial	2337
MDZ - RGA		Cabotaje	Av. General	2333
MDZ - RGA		Cabotaje	Comercial	2333
MDZ - RGA	N/A	Cabotaje	Av. General	2333
MDZ - RGA	N/A	Cabotaje	Comercial	2333
COR - MPN		Cabotaje	Av. General	2330
COR - MPN	TAM Linhas Aéreas	Cabotaje	Comercial	2330
AEP - BSB		Internacional	Av. General	2330
AEP - BSB		Internacional	Comercial	2330
AEP - BSB	Aerolíneas Argentinas	Internacional	Comercial	2330
AEP - BSB	Austral Líneas Aéreas	Internacional	Comercial	2330
AEP - BSB	BETA - Brazilian Express Transportes Aéreos	Internacional	Av. General	2330
AEP - BSB	Brazilian Air Force	Internacional	Av. General	2330
AEP - BSB	Chief of Staff, United States Air Force	Internacional	Av. General	2330
AEP - BSB	Fuerza Aérea Argentina	Internacional	Av. General	2330
AEP - BSB	Fuerza Aérea Brasilera	Internacional	Av. General	2330
AEP - BSB	Fuerza Aérea Brasilera	Internacional	Comercial	2330
AEP - BSB	Fuerza Aérea Paraguaya	Internacional	Av. General	2330
AEP - BSB	Gestair	Internacional	Comercial	2330
AEP - BSB	Gol Transportes Aéreos	Internacional	Comercial	2330
AEP - BSB	N/A	Internacional	Av. General	2330
AEP - BSB	N/A	Internacional	Comercial	2330
AEP - BSB	TAM Linhas Aéreas	Internacional	Comercial	2330
BSB - FDO		Internacional	Av. General	2328
BSB - FDO		Internacional	Comercial	2328
BSB - FDO	N/A	Internacional	Av. General	2328
BSB - FDO	N/A	Internacional	Comercial	2328
BSB - FDO	Swiss Air-Ambulance	Internacional	Av. General	2328
PDP - RGA		Internacional	Av. General	2327
PDP - RGA	N/A	Internacional	Av. General	2327
PDP - RGA	N/A	Internacional	Comercial	2327
MDQ - VVI	Aerolíneas Argentinas	Internacional	Comercial	2323
RGL - SFN		Cabotaje	Av. General	2321
RGL - SFN		Cabotaje	Comercial	2321
PRA - RGL		Cabotaje	Av. General	2321
PRA - RGL	Fuerza Aérea Argentina	Cabotaje	Av. General	2321
PRA - RGL	N/A	Cabotaje	Av. General	2321
PRA - RGL	N/A	Cabotaje	Comercial	2321
CWB - NQN	N/A	Internacional	Av. General	2321
BRC - IGU		Internacional	Comercial	2315
BRC - IGU	N/A	Internacional	Av. General	2315
BRC - IGU	N/A	Internacional	Comercial	2315
BSB - CTC		Internacional	Av. General	2315
COR - PIO		Internacional	Av. General	2310
COR - PIO	Global Jet Luxembourg	Internacional	Av. General	2310
COR - PIO	N/A	Internacional	Av. General	2310
COR - PIO	N/A	Internacional	Comercial	2310
JUJ - LET	N/A	Internacional	Av. General	2308
UAQ - VCP	N/A	Internacional	Av. General	2306
UAQ - VCP	N/A	Internacional	Comercial	2306
CNF - RHD	N/A	Internacional	Comercial	2304
BRC - IGR		Cabotaje	Av. General	2304
BRC - IGR		Cabotaje	Comercial	2304
BRC - IGR	Andes Líneas Aéreas	Cabotaje	Comercial	2304
BRC - IGR	Fuerza Aérea Argentina	Cabotaje	Av. General	2304
BRC - IGR	JetSMART Airlines	Cabotaje	Comercial	2304
BRC - IGR	N/A	Cabotaje	Av. General	2304
BRC - IGR	N/A	Cabotaje	Comercial	2304
ARI - NQN		Internacional	Comercial	2303
ARI - NQN	American Jet	Internacional	Comercial	2303
ARI - NQN	N/A	Internacional	Comercial	2303
MVD - RGA		Internacional	Av. General	2299
BSB - ROS		Internacional	Av. General	2297
BSB - ROS	Aerolíneas Argentinas	Internacional	Comercial	2297
BSB - ROS	Gol Transportes Aéreos	Internacional	Comercial	2297
BSB - ROS	N/A	Internacional	Av. General	2297
BSB - ROS	N/A	Internacional	Comercial	2297
COR - RGL		Cabotaje	Av. General	2297
COR - RGL		Cabotaje	Comercial	2297
COR - RGL	Aerolíneas Argentinas	Cabotaje	Comercial	2297
COR - RGL	Austral Líneas Aéreas	Cabotaje	Comercial	2297
COR - RGL	Fuerza Aérea Argentina	Cabotaje	Av. General	2297
COR - RGL	LATAM Argentina	Cabotaje	Comercial	2297
COR - RGL	N/A	Cabotaje	Av. General	2297
COR - RGL	N/A	Cabotaje	Comercial	2297
PNT - ROS	N/A	Internacional	Comercial	2296
IQQ - MDQ	N/A	Internacional	Comercial	2286
CRD - PSS		Cabotaje	Av. General	2286
CRD - PSS		Cabotaje	Comercial	2286
CRD - PSS	N/A	Cabotaje	Av. General	2286
CRD - PSS	N/A	Cabotaje	Comercial	2286
CRD - PSS	Prefectura Naval Argentina	Cabotaje	Av. General	2286
LUQ - RGA	N/A	Cabotaje	Comercial	2285
PCL - TUC	N/A	Internacional	Av. General	2285
RGA - SCL	Korean Air	Internacional	Comercial	2282
RGA - SCL	N/A	Internacional	Av. General	2282
RGA - SCL	N/A	Internacional	Comercial	2282
ING - PRA		Cabotaje	Av. General	2282
FDO - PUQ		Internacional	Av. General	2281
FDO - PUQ		Internacional	Comercial	2281
FDO - PUQ	N/A	Internacional	Av. General	2281
FDO - PUQ	N/A	Internacional	Comercial	2281
COR - GIG		Internacional	Av. General	2278
COR - GIG		Internacional	Comercial	2278
COR - GIG	Aerolíneas Argentinas	Internacional	Comercial	2278
COR - GIG	Andes Líneas Aéreas	Internacional	Comercial	2278
COR - GIG	Austral Líneas Aéreas	Internacional	Comercial	2278
COR - GIG	Azul Linhas Aéreas Brasileiras	Internacional	Comercial	2278
COR - GIG	Copa Airlines	Internacional	Comercial	2278
COR - GIG	Flybondi	Internacional	Comercial	2278
COR - GIG	Fuerza Aérea Brasilera	Internacional	Av. General	2278
COR - GIG	Gol Transportes Aéreos	Internacional	Av. General	2278
COR - GIG	Gol Transportes Aéreos	Internacional	Comercial	2278
COR - GIG	JetSMART Airlines	Internacional	Comercial	2278
COR - GIG	LATAM	Internacional	Comercial	2278
COR - GIG	LATAM Argentina	Internacional	Comercial	2278
COR - GIG	LATAM Paraguay	Internacional	Comercial	2278
COR - GIG	N/A	Internacional	Av. General	2278
COR - GIG	N/A	Internacional	Comercial	2278
COR - GIG	Qatar Amiri Flight	Internacional	Av. General	2278
COR - GIG	Sky Airline	Internacional	Comercial	2278
COR - GIG	TAG Aviation	Internacional	Av. General	2278
COR - GIG	TAM Linhas Aéreas	Internacional	Comercial	2278
AEP - PUQ		Internacional	Comercial	2276
AEP - PUQ	Fuerza Aérea Brasilera	Internacional	Av. General	2276
AEP - PUQ	N/A	Internacional	Av. General	2276
AEP - PUQ	N/A	Internacional	Comercial	2276
CUZ - IGR		Internacional	Comercial	2275
CUZ - IGR	N/A	Internacional	Av. General	2275
CUZ - IGR	N/A	Internacional	Comercial	2275
MDZ - MPN		Cabotaje	Comercial	2274
DZO - FTE		Internacional	Comercial	2273
GIG - SLA		Internacional	Av. General	2273
GIG - SLA		Internacional	Comercial	2273
GIG - SLA	Global Jet Luxembourg	Internacional	Av. General	2273
GIG - SLA	N/A	Internacional	Av. General	2273
FTE - PRA	N/A	Cabotaje	Av. General	2269
FDO - RGA		Cabotaje	Av. General	2268
FDO - RGA		Cabotaje	Comercial	2268
FDO - RGA	American Jet	Cabotaje	Comercial	2268
FDO - RGA	N/A	Cabotaje	Av. General	2268
FDO - RGA	N/A	Cabotaje	Comercial	2268
AEP - RGA		Cabotaje	Av. General	2261
AEP - RGA		Cabotaje	Comercial	2261
AEP - RGA	Aerolíneas Argentinas	Cabotaje	Av. General	2261
AEP - RGA	Aerolíneas Argentinas	Cabotaje	Comercial	2261
AEP - RGA	American Jet	Cabotaje	Av. General	2261
AEP - RGA	American Jet	Cabotaje	Comercial	2261
AEP - RGA	Andes Líneas Aéreas	Cabotaje	Comercial	2261
AEP - RGA	Armada Argentina	Cabotaje	Av. General	2261
AEP - RGA	Austral Líneas Aéreas	Cabotaje	Av. General	2261
AEP - RGA	Austral Líneas Aéreas	Cabotaje	Comercial	2261
AEP - RGA	Avianca	Cabotaje	Comercial	2261
AEP - RGA	Flybondi	Cabotaje	Comercial	2261
AEP - RGA	Fuerza Aérea Argentina	Cabotaje	Av. General	2261
AEP - RGA	JetSMART Airlines	Cabotaje	Comercial	2261
AEP - RGA	LATAM Argentina	Cabotaje	Comercial	2261
AEP - RGA	Macair Jet	Cabotaje	Comercial	2261
AEP - RGA	N/A	Cabotaje	Av. General	2261
AEP - RGA	N/A	Cabotaje	Comercial	2261
AEP - RGA	Norwegian Air Argentina	Cabotaje	Comercial	2261
BHI - GRU	N/A	Internacional	Comercial	2259
CRD - POA	N/A	Internacional	Av. General	2258
BHI - VCP		Internacional	Comercial	2257
MDZ - PIO		Internacional	Av. General	2255
MDZ - PIO	N/A	Internacional	Av. General	2255
MDZ - PIO	N/A	Internacional	Comercial	2255
EZE - LPB		Internacional	Comercial	2254
EZE - LPB	Aerolíneas Argentinas	Internacional	Comercial	2254
EZE - LPB	Amaszonas	Internacional	Comercial	2254
EZE - LPB	Boliviana de Aviacion	Internacional	Comercial	2254
EZE - LPB	N/A	Internacional	Av. General	2254
EZE - LPB	N/A	Internacional	Comercial	2254
PMQ - TUC	American Jet	Cabotaje	Comercial	2253
PMQ - TUC	N/A	Cabotaje	Av. General	2253
MDZ - PUQ		Internacional	Av. General	2251
MDZ - PUQ	Dassault Aviation	Internacional	Av. General	2251
MDZ - PUQ	N/A	Internacional	Av. General	2251
MDZ - PUQ	N/A	Internacional	Comercial	2251
MDZ - PUQ	Titan Airways	Internacional	Comercial	2251
EPA - RGA		Cabotaje	Av. General	2251
EPA - RGA	Fuerza Aérea Argentina	Cabotaje	Av. General	2251
EPA - RGA	Jet Aviation	Cabotaje	Comercial	2251
EPA - RGA	JetSMART Airlines	Cabotaje	Av. General	2251
EPA - RGA	JetSMART Airlines	Cabotaje	Comercial	2251
EPA - RGA	LADE - Líneas Aéreas Del Estado	Cabotaje	Av. General	2251
EPA - RGA	N/A	Cabotaje	Av. General	2251
GIG - TUC		Internacional	Av. General	2250
GIG - TUC	Aerolíneas Argentinas	Internacional	Comercial	2250
GIG - TUC	Atlas Air	Internacional	Comercial	2250
GIG - TUC	LATAM	Internacional	Comercial	2250
GIG - TUC	N/A	Internacional	Av. General	2250
GIG - TUC	SkyLease Cargo	Internacional	Comercial	2250
GIG - TUC	TAM Linhas Aéreas	Internacional	Comercial	2250
EZE - PUQ		Internacional	Av. General	2245
EZE - PUQ		Internacional	Comercial	2245
EZE - PUQ	Aerocardal	Internacional	Comercial	2245
EZE - PUQ	Aerolíneas Argentinas	Internacional	Comercial	2245
EZE - PUQ	Aerovías DAP	Internacional	Comercial	2245
EZE - PUQ	Airfix Aviation	Internacional	Av. General	2245
EZE - PUQ	Gestair	Internacional	Comercial	2245
EZE - PUQ	Icelandair	Internacional	Comercial	2245
EZE - PUQ	LATAM	Internacional	Comercial	2245
EZE - PUQ	N/A	Internacional	Av. General	2245
EZE - PUQ	N/A	Internacional	Comercial	2245
EZE - PUQ	Titan Airways	Internacional	Comercial	2245
EZE - PUQ	TUI Airways	Internacional	Comercial	2245
EZE - PUQ	White Airways	Internacional	Comercial	2245
MOR - RGA		Cabotaje	Av. General	2243
MOR - RGA		Cabotaje	Comercial	2243
MOR - RGA	N/A	Cabotaje	Av. General	2243
MOR - RGA	N/A	Cabotaje	Comercial	2243
CWB - LGS	N/A	Internacional	Av. General	2242
GIG - JUJ	Andes Líneas Aéreas	Internacional	Comercial	2233
GIG - JUJ	N/A	Internacional	Av. General	2233
GIG - JUJ	N/A	Internacional	Comercial	2233
AEP - LPB		Internacional	Av. General	2233
AEP - LPB	Aerolíneas Argentinas	Internacional	Comercial	2233
AEP - LPB	Boliviana de Aviacion	Internacional	Comercial	2233
AEP - LPB	Conviasa	Internacional	Comercial	2233
AEP - LPB	N/A	Internacional	Av. General	2233
AEP - LPB	N/A	Internacional	Comercial	2233
RGL - UAQ	N/A	Cabotaje	Av. General	2232
CFB - MDQ		Internacional	Comercial	2231
CNF - ROS	Aerolíneas Argentinas	Internacional	Comercial	2231
CNF - ROS	Azul Linhas Aéreas Brasileiras	Internacional	Comercial	2231
CNF - ROS	Gol Transportes Aéreos	Internacional	Comercial	2231
CNF - ROS	LATAM Perú	Internacional	Comercial	2231
CNF - ROS	N/A	Internacional	Av. General	2231
CNF - ROS	N/A	Internacional	Comercial	2231
EZE - RGA		Cabotaje	Av. General	2230
EZE - RGA		Cabotaje	Comercial	2230
EZE - RGA	Aerolíneas Argentinas	Cabotaje	Comercial	2230
EZE - RGA	American Jet	Cabotaje	Comercial	2230
EZE - RGA	Austral Líneas Aéreas	Cabotaje	Comercial	2230
EZE - RGA	Flybondi	Cabotaje	Comercial	2230
EZE - RGA	Fuerza Aérea Argentina	Cabotaje	Av. General	2230
EZE - RGA	JetSMART Airlines	Cabotaje	Comercial	2230
EZE - RGA	LADE - Líneas Aéreas Del Estado	Cabotaje	Av. General	2230
EZE - RGA	LADE - Líneas Aéreas Del Estado	Cabotaje	Comercial	2230
EZE - RGA	N/A	Cabotaje	Av. General	2230
EZE - RGA	N/A	Cabotaje	Comercial	2230
EPA - LPB		Internacional	Comercial	2229
EPA - LPB	Fuerza Aérea Argentina	Internacional	Av. General	2229
EPA - LPB	N/A	Internacional	Av. General	2229
CAW - EZE	Azul Linhas Aéreas Brasileiras	Internacional	Comercial	2227
CAW - EZE	Gol Transportes Aéreos	Internacional	Comercial	2227
CAW - EZE	LATAM	Internacional	Comercial	2227
CAW - EZE	TAM Linhas Aéreas	Internacional	Comercial	2227
EZE - GYN	Aerolíneas Argentinas	Internacional	Comercial	2227
EZE - GYN	Azul Linhas Aéreas Brasileiras	Internacional	Comercial	2227
EZE - GYN	Gol Transportes Aéreos	Internacional	Comercial	2227
EZE - GYN	N/A	Internacional	Av. General	2227
EZE - GYN	N/A	Internacional	Comercial	2227
CPC - IGR	N/A	Cabotaje	Av. General	2222
CPC - IGR	N/A	Cabotaje	Comercial	2222
FDO - PNT		Internacional	Av. General	2218
FDO - PNT		Internacional	Comercial	2218
FDO - PNT	Aerocardal	Internacional	Av. General	2218
FDO - PNT	N/A	Internacional	Av. General	2218
FDO - PNT	N/A	Internacional	Comercial	2218
CNF - EZE	Aerolíneas Argentinas	Internacional	Comercial	2217
CNF - EZE	Alitalia	Internacional	Comercial	2217
CNF - EZE	Andes Líneas Aéreas	Internacional	Comercial	2217
CNF - EZE	Austral Líneas Aéreas	Internacional	Comercial	2217
CNF - EZE	Azul Linhas Aéreas Brasileiras	Internacional	Av. General	2217
CNF - EZE	Azul Linhas Aéreas Brasileiras	Internacional	Comercial	2217
CNF - EZE	Flyest	Internacional	Comercial	2217
CNF - EZE	Gol Transportes Aéreos	Internacional	Comercial	2217
CNF - EZE	Lamia Corporation S.R.L.	Internacional	Comercial	2217
CNF - EZE	LATAM Argentina	Internacional	Comercial	2217
CNF - EZE	N/A	Internacional	Av. General	2217
CNF - EZE	N/A	Internacional	Comercial	2217
CNF - EZE	TAM Linhas Aéreas	Internacional	Comercial	2217
ARR - RES		Cabotaje	Av. General	2216
FDO - LPB		Internacional	Av. General	2215
FDO - LPB		Internacional	Comercial	2215
FDO - LPB	N/A	Internacional	Av. General	2215
FDO - LPB	N/A	Internacional	Comercial	2215
AEP - PNT		Internacional	Av. General	2215
AEP - PNT		Internacional	Comercial	2215
AEP - PNT	N/A	Internacional	Comercial	2215
IGR - SSA		Internacional	Av. General	2213
IGR - SSA		Internacional	Comercial	2213
IGR - SSA	American Jet	Internacional	Comercial	2213
IGR - SSA	N/A	Internacional	Av. General	2213
IGR - SSA	N/A	Internacional	Comercial	2213
COR - FTE		Cabotaje	Av. General	2208
COR - FTE		Cabotaje	Comercial	2208
COR - FTE	Aerolíneas Argentinas	Cabotaje	Av. General	2208
COR - FTE	Aerolíneas Argentinas	Cabotaje	Comercial	2208
COR - FTE	Austral Líneas Aéreas	Cabotaje	Comercial	2208
COR - FTE	Flybondi	Cabotaje	Comercial	2208
COR - FTE	Fuerza Aérea Argentina	Cabotaje	Av. General	2208
COR - FTE	LADE - Líneas Aéreas Del Estado	Cabotaje	Comercial	2208
COR - FTE	LATAM Argentina	Cabotaje	Comercial	2208
COR - FTE	N/A	Cabotaje	Av. General	2208
COR - FTE	N/A	Cabotaje	Comercial	2208
FLN - NQN	Aerolíneas Argentinas	Internacional	Comercial	2206
FLN - NQN	JetSMART Airlines	Internacional	Comercial	2206
FLN - NQN	N/A	Internacional	Av. General	2206
CNF - EPA	Fuerza Aérea Argentina	Internacional	Av. General	2205
EQS - PSS	Gestair	Cabotaje	Av. General	2204
LIM - SDE		Internacional	Av. General	2203
LIM - SDE	N/A	Internacional	Av. General	2203
LIM - SDE	Star Up	Internacional	Comercial	2203
LUQ - VCP	N/A	Internacional	Av. General	2200
FDO - RYO		Cabotaje	Comercial	2200
FDO - RYO	N/A	Cabotaje	Av. General	2200
FDO - RYO	N/A	Cabotaje	Comercial	2200
EZE - TCQ	N/A	Internacional	Av. General	2199
EZE - TCQ	N/A	Internacional	Comercial	2199
EZE - TCQ	Peruvian Airlines	Internacional	Av. General	2199
EZE - PLU	Aerolíneas Argentinas	Internacional	Comercial	2199
EZE - PLU	Austral Líneas Aéreas	Internacional	Comercial	2199
EZE - PLU	Azul Linhas Aéreas Brasileiras	Internacional	Comercial	2199
EZE - PLU	Gol Transportes Aéreos	Internacional	Comercial	2199
FTE - PDP		Internacional	Comercial	2199
FTE - PDP	N/A	Internacional	Av. General	2199
FTE - PDP	N/A	Internacional	Comercial	2199
EQS - FMA	N/A	Cabotaje	Comercial	2198
AEP - RYO		Cabotaje	Av. General	2196
AEP - RYO	Aerolíneas Argentinas	Cabotaje	Comercial	2196
AEP - RYO	N/A	Cabotaje	Av. General	2196
AEP - RYO	N/A	Cabotaje	Comercial	2196
AEP - GYN	Aerolíneas Argentinas	Internacional	Comercial	2196
BSB - SFN		Internacional	Comercial	2194
BSB - SFN	Fuerza Aérea Brasilera	Internacional	Av. General	2194
RGL - ROS		Cabotaje	Av. General	2194
RGL - ROS		Cabotaje	Comercial	2194
RGL - ROS	Aerolíneas Argentinas	Cabotaje	Comercial	2194
RGL - ROS	N/A	Cabotaje	Av. General	2194
RGL - ROS	N/A	Cabotaje	Comercial	2194
FDO - GYN		Internacional	Av. General	2193
FDO - GYN		Internacional	Comercial	2193
FDO - GYN	N/A	Internacional	Av. General	2193
FDO - GYN	N/A	Internacional	Comercial	2193
CNF - FDO		Internacional	Av. General	2191
CNF - FDO		Internacional	Comercial	2191
CNF - FDO	Línea Aérea SAPSA	Internacional	Av. General	2191
CNF - FDO	N/A	Internacional	Av. General	2191
CNF - FDO	N/A	Internacional	Comercial	2191
AEP - CNF		Internacional	Av. General	2189
AEP - CNF		Internacional	Comercial	2189
AEP - CNF	Aerolíneas Argentinas	Internacional	Comercial	2189
AEP - CNF	Andes Líneas Aéreas	Internacional	Comercial	2189
AEP - CNF	Austral Líneas Aéreas	Internacional	Comercial	2189
AEP - CNF	Avianca	Internacional	Comercial	2189
AEP - CNF	Avianca Uruguay	Internacional	Comercial	2189
AEP - CNF	Flyest	Internacional	Comercial	2189
AEP - CNF	Fuerza Aérea Brasilera	Internacional	Av. General	2189
AEP - CNF	Gol Transportes Aéreos	Internacional	Comercial	2189
AEP - CNF	LATAM Argentina	Internacional	Comercial	2189
AEP - CNF	N/A	Internacional	Av. General	2189
AEP - CNF	N/A	Internacional	Comercial	2189
GIG - SDE		Internacional	Av. General	2187
GIG - SDE	Aerolíneas Argentinas	Internacional	Comercial	2187
GIG - SDE	Andes Líneas Aéreas	Internacional	Comercial	2187
BRC - POA	Azul Linhas Aéreas Brasileiras	Internacional	Comercial	2186
BRC - POA	Flybondi	Internacional	Comercial	2186
BRC - POA	N/A	Internacional	Av. General	2186
BRC - POA	N/A	Internacional	Comercial	2186
EZE - PNT		Internacional	Av. General	2184
EZE - PNT		Internacional	Comercial	2184
EZE - PNT	Aerocardal	Internacional	Av. General	2184
EZE - PNT	Aerovías DAP	Internacional	Comercial	2184
EZE - PNT	Línea Aérea SAPSA	Internacional	Av. General	2184
EZE - PNT	N/A	Internacional	Av. General	2184
EZE - PNT	N/A	Internacional	Comercial	2184
AEP - TCQ		Internacional	Av. General	2182
AEP - TCQ	N/A	Internacional	Comercial	2182
CNQ - CRD		Cabotaje	Av. General	2181
CNQ - CRD		Cabotaje	Comercial	2181
CNQ - CRD	N/A	Cabotaje	Av. General	2181
IGR - REL	N/A	Cabotaje	Av. General	2178
IGR - REL	N/A	Cabotaje	Comercial	2178
CPC - IQQ	N/A	Internacional	Av. General	2177
ARI - EZE		Internacional	Av. General	2174
ARI - EZE		Internacional	Comercial	2174
ARI - EZE	Aerofreight Airlines	Internacional	Av. General	2174
ARI - EZE	Aerofreight Airlines	Internacional	Comercial	2174
ARI - EZE	American Jet	Internacional	Av. General	2174
ARI - EZE	American Jet	Internacional	Comercial	2174
ARI - EZE	Medjet International	Internacional	Av. General	2174
ARI - EZE	N/A	Internacional	Av. General	2174
ARI - EZE	N/A	Internacional	Comercial	2174
ASU - BRC		Internacional	Av. General	2174
ASU - BRC		Internacional	Comercial	2174
ASU - BRC	Fuerza Aérea Paraguaya	Internacional	Av. General	2174
ASU - BRC	N/A	Internacional	Av. General	2174
ASU - BRC	N/A	Internacional	Comercial	2174
CRD - RES		Cabotaje	Av. General	2172
CRD - RES	Fuerza Aérea Argentina	Cabotaje	Av. General	2172
CRD - RES	N/A	Cabotaje	Av. General	2172
CRD - RES	N/A	Cabotaje	Comercial	2172
CUZ - MDZ		Internacional	Comercial	2172
CUZ - MDZ	N/A	Internacional	Av. General	2172
CUZ - MDZ	N/A	Internacional	Comercial	2172
AEP - PLU	Aerolíneas Argentinas	Internacional	Comercial	2170
AEP - PLU	Austral Líneas Aéreas	Internacional	Comercial	2170
FLN - LGS	N/A	Internacional	Av. General	2170
GIG - MDQ		Internacional	Av. General	2168
GIG - MDQ		Internacional	Comercial	2168
GIG - MDQ	Aerolíneas Argentinas	Internacional	Comercial	2168
GIG - MDQ	N/A	Internacional	Av. General	2168
GIG - MDQ	N/A	Internacional	Comercial	2168
EZE - RYO		Cabotaje	Av. General	2165
EZE - RYO		Cabotaje	Comercial	2165
EZE - RYO	Aerolíneas Argentinas	Cabotaje	Comercial	2165
EZE - RYO	N/A	Cabotaje	Av. General	2165
EZE - RYO	N/A	Cabotaje	Comercial	2165
FDO - TCQ		Internacional	Av. General	2163
FDO - TCQ		Internacional	Comercial	2163
FDO - TCQ	N/A	Internacional	Av. General	2163
FDO - TCQ	N/A	Internacional	Comercial	2163
AEP - ARI		Internacional	Av. General	2157
AEP - ARI		Internacional	Comercial	2157
AEP - ARI	Benair	Internacional	Av. General	2157
AEP - ARI	N/A	Internacional	Av. General	2157
AEP - ARI	N/A	Internacional	Comercial	2157
LGS - USH		Cabotaje	Av. General	2156
LGS - USH		Cabotaje	Comercial	2156
CNF - SFN	Aerolíneas Argentinas	Internacional	Comercial	2155
CNF - SFN	American Jet	Internacional	Comercial	2155
CNF - SFN	Flyest	Internacional	Comercial	2155
CNF - SFN	N/A	Internacional	Av. General	2155
CTC - GYN	N/A	Internacional	Av. General	2154
FTE - MVD	N/A	Internacional	Comercial	2154
ASC - EZE	TAM Linhas Aéreas	Internacional	Comercial	2153
GYN - ROS	N/A	Internacional	Av. General	2152
ARI - EPA	Fuerza Aérea Argentina	Internacional	Av. General	2151
MVD - RGL	N/A	Internacional	Av. General	2148
CGB - EZE	Aerolíneas Argentinas	Internacional	Comercial	2148
CGB - EZE	N/A	Internacional	Comercial	2148
BSB - SDE		Internacional	Av. General	2146
CFB - ROS	Aerolíneas Argentinas	Internacional	Comercial	2145
FTE - ROS		Cabotaje	Av. General	2144
FTE - ROS		Cabotaje	Comercial	2144
FTE - ROS	Aerolíneas Argentinas	Cabotaje	Comercial	2144
FTE - ROS	American Jet	Cabotaje	Av. General	2144
FTE - ROS	American Jet	Cabotaje	Comercial	2144
FTE - ROS	Austral Líneas Aéreas	Cabotaje	Comercial	2144
FTE - ROS	N/A	Cabotaje	Av. General	2144
FTE - ROS	N/A	Cabotaje	Comercial	2144
AQP - ROS	LATAM Perú	Internacional	Comercial	2140
PIO - UAQ		Internacional	Av. General	2138
ARI - FDO		Internacional	Av. General	2138
ARI - FDO		Internacional	Comercial	2138
ARI - FDO	Interjet	Internacional	Av. General	2138
ARI - FDO	N/A	Internacional	Av. General	2138
ARI - FDO	N/A	Internacional	Comercial	2138
ARI - FDO	Personas Y Paquetes Por Aire	Internacional	Av. General	2138
COR - CUZ	LATAM Perú	Internacional	Comercial	2132
COR - CUZ	N/A	Internacional	Av. General	2132
COR - CUZ	N/A	Internacional	Comercial	2132
CPC - POA	N/A	Internacional	Av. General	2130
IGR - PMY		Cabotaje	Comercial	2128
IGR - PMY	N/A	Cabotaje	Av. General	2128
IGR - PMY	N/A	Cabotaje	Comercial	2128
CRD - TUC		Cabotaje	Av. General	2119
CRD - TUC		Cabotaje	Comercial	2119
CRD - TUC	Aeroandina	Cabotaje	Av. General	2119
CRD - TUC	Aerolíneas Argentinas	Cabotaje	Comercial	2119
CRD - TUC	American Jet	Cabotaje	Comercial	2119
CRD - TUC	N/A	Cabotaje	Av. General	2119
CRD - TUC	N/A	Cabotaje	Comercial	2119
MDZ - PNT		Internacional	Av. General	2119
MDZ - PNT		Internacional	Comercial	2119
MDZ - PNT	Aerocardal	Internacional	Av. General	2119
MDZ - PNT	N/A	Internacional	Av. General	2119
MDZ - PNT	N/A	Internacional	Comercial	2119
AEP - CGB	Aerolíneas Argentinas	Internacional	Comercial	2117
COR - RZA		Cabotaje	Av. General	2112
FTE - UAQ	American Jet	Cabotaje	Comercial	2104
RCU - RGL	N/A	Cabotaje	Comercial	2102
JUJ - REL		Cabotaje	Av. General	2095
JUJ - REL		Cabotaje	Comercial	2095
FDO - RGL		Cabotaje	Av. General	2094
FDO - RGL		Cabotaje	Comercial	2094
FDO - RGL	American Jet	Cabotaje	Av. General	2094
FDO - RGL	American Jet	Cabotaje	Comercial	2094
FDO - RGL	Línea Aérea SAPSA	Cabotaje	Av. General	2094
FDO - RGL	Línea Aérea SAPSA	Cabotaje	Comercial	2094
FDO - RGL	N/A	Cabotaje	Av. General	2094
FDO - RGL	N/A	Cabotaje	Comercial	2094
FDO - RGL	Prefectura Naval Argentina	Cabotaje	Av. General	2094
OVR - USH	Fuerza Aérea Argentina	Cabotaje	Av. General	2091
MDZ - RGL		Cabotaje	Av. General	2091
MDZ - RGL		Cabotaje	Comercial	2091
MDZ - RGL	American Jet	Cabotaje	Comercial	2091
MDZ - RGL	Fuerza Aérea Argentina	Cabotaje	Av. General	2091
MDZ - RGL	JetSMART Airlines	Cabotaje	Av. General	2091
MDZ - RGL	LATAM Argentina	Cabotaje	Comercial	2091
MDZ - RGL	N/A	Cabotaje	Comercial	2091
AEP - RGL		Cabotaje	Av. General	2089
AEP - RGL		Cabotaje	Comercial	2089
AEP - RGL	Aerolíneas Argentinas	Cabotaje	Av. General	2089
AEP - RGL	Aerolíneas Argentinas	Cabotaje	Comercial	2089
AEP - RGL	American Jet	Cabotaje	Av. General	2089
AEP - RGL	American Jet	Cabotaje	Comercial	2089
AEP - RGL	Andes Líneas Aéreas	Cabotaje	Comercial	2089
AEP - RGL	Armada Argentina	Cabotaje	Av. General	2089
AEP - RGL	Austral Líneas Aéreas	Cabotaje	Comercial	2089
AEP - RGL	Ejército Argentino	Cabotaje	Av. General	2089
AEP - RGL	Flybondi	Cabotaje	Comercial	2089
AEP - RGL	Flyest	Cabotaje	Comercial	2089
AEP - RGL	Fuerza Aérea Argentina	Cabotaje	Av. General	2089
AEP - RGL	Gendarmería Nacional	Cabotaje	Av. General	2089
AEP - RGL	JetSMART Airlines	Cabotaje	Comercial	2089
AEP - RGL	LADE - Líneas Aéreas Del Estado	Cabotaje	Comercial	2089
AEP - RGL	LATAM Argentina	Cabotaje	Comercial	2089
AEP - RGL	Macair Jet	Cabotaje	Av. General	2089
AEP - RGL	Macair Jet	Cabotaje	Comercial	2089
AEP - RGL	N/A	Cabotaje	Av. General	2089
AEP - RGL	N/A	Cabotaje	Comercial	2089
BRC - CJC		Internacional	Av. General	2087
BRC - CJC	N/A	Internacional	Av. General	2087
BRC - CJC	N/A	Internacional	Comercial	2087
FDO - ING		Cabotaje	Comercial	2087
BSB - SLA		Internacional	Av. General	2085
BSB - SLA	N/A	Internacional	Av. General	2085
CBB - EZE		Internacional	Av. General	2080
CBB - EZE		Internacional	Comercial	2080
CBB - EZE	Aerolíneas Argentinas	Internacional	Comercial	2080
CBB - EZE	Amaszonas	Internacional	Comercial	2080
CBB - EZE	Boliviana de Aviacion	Internacional	Comercial	2080
CBB - EZE	LATAM Perú	Internacional	Comercial	2080
CBB - EZE	N/A	Internacional	Av. General	2080
CBB - EZE	N/A	Internacional	Comercial	2080
CBB - EZE	Transportes Aéreos Bolivianos	Internacional	Comercial	2080
BRC - ENO	N/A	Internacional	Av. General	2079
EPA - RGL		Cabotaje	Av. General	2077
EPA - RGL	Ejército Argentino	Cabotaje	Av. General	2077
EPA - RGL	Fuerza Aérea Argentina	Cabotaje	Av. General	2077
EPA - RGL	Gendarmería Nacional	Cabotaje	Av. General	2077
EPA - RGL	JetSMART Airlines	Cabotaje	Av. General	2077
EPA - RGL	JetSMART Airlines	Cabotaje	Comercial	2077
EPA - RGL	N/A	Cabotaje	Av. General	2077
EPA - RGL	N/A	Cabotaje	Comercial	2077
ENO - RGL	Fuerza Aérea Argentina	Cabotaje	Av. General	2077
CFB - EZE		Internacional	Av. General	2076
CFB - EZE		Internacional	Comercial	2076
CFB - EZE	Andes Líneas Aéreas	Internacional	Comercial	2076
CFB - EZE	Azul Linhas Aéreas Brasileiras	Internacional	Comercial	2076
CFB - EZE	Centurion Air Cargo	Internacional	Comercial	2076
CFB - EZE	LATAM	Internacional	Comercial	2076
EQS - SLA		Cabotaje	Av. General	2075
EQS - SLA	N/A	Cabotaje	Av. General	2075
EQS - SLA	N/A	Cabotaje	Comercial	2075
FDO - FTE		Cabotaje	Av. General	2074
FDO - FTE		Cabotaje	Comercial	2074
FDO - FTE	American Jet	Cabotaje	Comercial	2074
FDO - FTE	Ameriflight	Cabotaje	Av. General	2074
FDO - FTE	Ameriflight	Cabotaje	Comercial	2074
FDO - FTE	Fuerza Aérea Argentina	Cabotaje	Av. General	2074
FDO - FTE	Gestair	Cabotaje	Comercial	2074
FDO - FTE	Interjet	Cabotaje	Av. General	2074
FDO - FTE	Línea Aérea SAPSA	Cabotaje	Av. General	2074
FDO - FTE	Línea Aérea SAPSA	Cabotaje	Comercial	2074
FDO - FTE	N/A	Cabotaje	Av. General	2074
FDO - FTE	N/A	Cabotaje	Comercial	2074
FDO - FTE	Prefectura Naval Argentina	Cabotaje	Av. General	2074
LIM - TUC		Internacional	Av. General	2073
LIM - TUC		Internacional	Comercial	2073
LIM - TUC	Aerolíneas Argentinas	Internacional	Comercial	2073
LIM - TUC	American Jet	Internacional	Av. General	2073
LIM - TUC	American Jet	Internacional	Comercial	2073
LIM - TUC	Atlas Air	Internacional	Av. General	2073
LIM - TUC	Atlas Air	Internacional	Comercial	2073
LIM - TUC	Centurion Air Cargo	Internacional	Av. General	2073
LIM - TUC	Centurion Air Cargo	Internacional	Comercial	2073
LIM - TUC	Florida West International Airways	Internacional	Comercial	2073
LIM - TUC	Flyest	Internacional	Comercial	2073
LIM - TUC	Fuerza Aérea Argentina	Internacional	Av. General	2073
LIM - TUC	LATAM	Internacional	Av. General	2073
LIM - TUC	LATAM	Internacional	Comercial	2073
LIM - TUC	LATAM Perú	Internacional	Comercial	2073
LIM - TUC	N/A	Internacional	Av. General	2073
LIM - TUC	N/A	Internacional	Comercial	2073
LIM - TUC	SkyLease Cargo	Internacional	Comercial	2073
PCL - SLA		Internacional	Av. General	2073
PCL - SLA	N/A	Internacional	Av. General	2073
AEP - FTE		Cabotaje	Av. General	2071
AEP - FTE		Cabotaje	Comercial	2071
AEP - FTE	Aerolíneas Argentinas	Cabotaje	Av. General	2071
AEP - FTE	Aerolíneas Argentinas	Cabotaje	Comercial	2071
AEP - FTE	American Jet	Cabotaje	Comercial	2071
AEP - FTE	Andes Líneas Aéreas	Cabotaje	Comercial	2071
AEP - FTE	Austral Líneas Aéreas	Cabotaje	Comercial	2071
AEP - FTE	Flybondi	Cabotaje	Comercial	2071
AEP - FTE	Flyest	Cabotaje	Comercial	2071
AEP - FTE	Fuerza Aérea Argentina	Cabotaje	Av. General	2071
AEP - FTE	Gendarmería Nacional	Cabotaje	Av. General	2071
AEP - FTE	Global Jet Luxembourg	Cabotaje	Comercial	2071
AEP - FTE	Jet Aviation	Cabotaje	Comercial	2071
AEP - FTE	JetSMART Airlines	Cabotaje	Comercial	2071
AEP - FTE	LADE - Líneas Aéreas Del Estado	Cabotaje	Av. General	2071
AEP - FTE	LADE - Líneas Aéreas Del Estado	Cabotaje	Comercial	2071
AEP - FTE	LATAM	Cabotaje	Comercial	2071
AEP - FTE	LATAM Argentina	Cabotaje	Comercial	2071
AEP - FTE	N/A	Cabotaje	Av. General	2071
AEP - FTE	N/A	Cabotaje	Comercial	2071
AEP - FTE	NetJets	Cabotaje	Av. General	2071
MOR - RGL		Cabotaje	Av. General	2070
MOR - RGL		Cabotaje	Comercial	2070
MOR - RGL	N/A	Cabotaje	Comercial	2070
CWB - MDZ		Internacional	Av. General	2068
CWB - MDZ		Internacional	Comercial	2068
CWB - MDZ	N/A	Internacional	Av. General	2068
CWB - MDZ	N/A	Internacional	Comercial	2068
BRC - PSS		Cabotaje	Av. General	2067
BRC - PSS		Cabotaje	Comercial	2067
BRC - PSS	American Jet	Cabotaje	Comercial	2067
BRC - PSS	Andes Líneas Aéreas	Cabotaje	Comercial	2067
BRC - PSS	JetSMART Airlines	Cabotaje	Comercial	2067
BRC - PSS	N/A	Cabotaje	Av. General	2067
BRC - PSS	N/A	Cabotaje	Comercial	2067
CNQ - CUZ	N/A	Internacional	Av. General	2067
LPG - RGL	N/A	Cabotaje	Av. General	2065
LPG - RGL	N/A	Cabotaje	Comercial	2065
AQP - IGR	N/A	Internacional	Comercial	2059
EZE - RGL		Cabotaje	Av. General	2058
EZE - RGL		Cabotaje	Comercial	2058
EZE - RGL	Aerolíneas Argentinas	Cabotaje	Av. General	2058
EZE - RGL	Aerolíneas Argentinas	Cabotaje	Comercial	2058
EZE - RGL	Andes Líneas Aéreas	Cabotaje	Comercial	2058
EZE - RGL	Austral Líneas Aéreas	Cabotaje	Comercial	2058
EZE - RGL	Flybondi	Cabotaje	Comercial	2058
EZE - RGL	Fuerza Aérea Argentina	Cabotaje	Av. General	2058
EZE - RGL	JetSMART Airlines	Cabotaje	Comercial	2058
EZE - RGL	LATAM Argentina	Cabotaje	Comercial	2058
EZE - RGL	N/A	Cabotaje	Av. General	2058
EZE - RGL	N/A	Cabotaje	Comercial	2058
AEP - CBB		Internacional	Av. General	2058
AEP - CBB	Aerolíneas Argentinas	Internacional	Comercial	2058
AEP - CBB	N/A	Internacional	Av. General	2058
AEP - CBB	N/A	Internacional	Comercial	2058
EPA - FTE		Cabotaje	Av. General	2057
EPA - FTE		Cabotaje	Comercial	2057
EPA - FTE	Flybondi	Cabotaje	Comercial	2057
EPA - FTE	Fuerza Aérea Argentina	Cabotaje	Av. General	2057
EPA - FTE	Gendarmería Nacional	Cabotaje	Av. General	2057
CFB - FDO		Internacional	Av. General	2056
CFB - FDO		Internacional	Comercial	2056
CFB - FDO	N/A	Internacional	Av. General	2056
CFB - FDO	N/A	Internacional	Comercial	2056
RSA - USH	N/A	Cabotaje	Av. General	2055
RSA - USH	N/A	Cabotaje	Comercial	2055
GIG - ROS		Internacional	Av. General	2055
GIG - ROS		Internacional	Comercial	2055
GIG - ROS	Aerolíneas Argentinas	Internacional	Comercial	2055
GIG - ROS	Austral Líneas Aéreas	Internacional	Comercial	2055
GIG - ROS	Emirates Airline	Internacional	Comercial	2055
GIG - ROS	Flybondi	Internacional	Comercial	2055
GIG - ROS	Gol Transportes Aéreos	Internacional	Av. General	2055
GIG - ROS	Gol Transportes Aéreos	Internacional	Comercial	2055
GIG - ROS	N/A	Internacional	Av. General	2055
GIG - ROS	N/A	Internacional	Comercial	2055
GIG - ROS	TAM Linhas Aéreas	Internacional	Comercial	2055
FTE - LPG	N/A	Cabotaje	Av. General	2054
FTE - LPG	N/A	Cabotaje	Comercial	2054
MDZ - NVT		Internacional	Av. General	2050
MDZ - NVT		Internacional	Comercial	2050
MDZ - NVT	N/A	Internacional	Av. General	2050
MDZ - NVT	N/A	Internacional	Comercial	2050
AEP - CFB	Aerolíneas Argentinas	Internacional	Comercial	2050
AEP - CFB	Andes Líneas Aéreas	Internacional	Comercial	2050
AEP - CFB	N/A	Internacional	Comercial	2050
FTE - MOR		Cabotaje	Comercial	2050
FTE - MOR	Aerolíneas Argentinas	Cabotaje	Comercial	2050
FTE - MOR	American Jet	Cabotaje	Comercial	2050
MDQ - USH		Cabotaje	Av. General	2049
MDQ - USH		Cabotaje	Comercial	2049
MDQ - USH	Aerolíneas Argentinas	Cabotaje	Comercial	2049
MDQ - USH	Austral Líneas Aéreas	Cabotaje	Comercial	2049
MDQ - USH	Fuerza Aérea Argentina	Cabotaje	Av. General	2049
MDQ - USH	LADE - Líneas Aéreas Del Estado	Cabotaje	Av. General	2049
MDQ - USH	N/A	Cabotaje	Av. General	2049
MDQ - USH	N/A	Cabotaje	Comercial	2049
MDQ - USH	Swiss Air-Ambulance	Cabotaje	Av. General	2049
CTC - PMQ	American Jet	Cabotaje	Av. General	2049
PDI - RGL	Armada Argentina	Cabotaje	Av. General	2048
GYN - SFN	Aerolíneas Argentinas	Internacional	Comercial	2047
JUJ - PMY		Cabotaje	Comercial	2045
JUJ - PMY	N/A	Cabotaje	Av. General	2045
JUJ - PMY	N/A	Cabotaje	Comercial	2045
BRC - FMA		Cabotaje	Av. General	2044
BRC - FMA		Cabotaje	Comercial	2044
CCP - USH	N/A	Internacional	Comercial	2044
REL - SLA		Cabotaje	Av. General	2043
REL - SLA		Cabotaje	Comercial	2043
CBB - FDO		Internacional	Av. General	2041
CBB - FDO		Internacional	Comercial	2041
CBB - FDO	N/A	Internacional	Av. General	2041
CBB - FDO	N/A	Internacional	Comercial	2041
EZE - FTE		Cabotaje	Av. General	2040
EZE - FTE		Cabotaje	Comercial	2040
EZE - FTE	Aerolíneas Argentinas	Cabotaje	Av. General	2040
EZE - FTE	Aerolíneas Argentinas	Cabotaje	Comercial	2040
EZE - FTE	Air Alsie	Cabotaje	Av. General	2040
EZE - FTE	American Jet	Cabotaje	Comercial	2040
EZE - FTE	Andes Líneas Aéreas	Cabotaje	Comercial	2040
EZE - FTE	ASL Airlines France	Cabotaje	Av. General	2040
EZE - FTE	ASL Airlines France	Cabotaje	Comercial	2040
EZE - FTE	Austral Líneas Aéreas	Cabotaje	Comercial	2040
EZE - FTE	Fly Linhas Aéreas	Cabotaje	Av. General	2040
EZE - FTE	Flybondi	Cabotaje	Comercial	2040
EZE - FTE	Flyest	Cabotaje	Comercial	2040
EZE - FTE	Jet Aviation	Cabotaje	Comercial	2040
EZE - FTE	JetSMART Airlines	Cabotaje	Comercial	2040
EZE - FTE	LATAM Argentina	Cabotaje	Comercial	2040
EZE - FTE	Línea Aérea SAPSA	Cabotaje	Comercial	2040
EZE - FTE	N/A	Cabotaje	Av. General	2040
EZE - FTE	N/A	Cabotaje	Comercial	2040
EZE - FTE	NetJets	Cabotaje	Av. General	2040
EZE - FTE	NetJets	Cabotaje	Comercial	2040
EZE - FTE	Starlink Aviation	Cabotaje	Av. General	2040
EZE - FTE	Starlink Aviation	Cabotaje	Comercial	2040
EZE - FTE	TAG Aviation	Cabotaje	Av. General	2040
EZE - FTE	Tyrolean Jet Services	Cabotaje	Av. General	2040
CUZ - UAQ	N/A	Internacional	Av. General	2040
CRD - PET	Brazilian Air Force	Internacional	Av. General	2037
CRD - PET	N/A	Internacional	Av. General	2037
RGL - SCL		Internacional	Comercial	2031
RGL - SCL	LATAM	Internacional	Comercial	2031
RGL - SCL	N/A	Internacional	Av. General	2031
RGL - SCL	Sky Airline	Internacional	Comercial	2031
AQP - SFN	Star Up	Internacional	Av. General	2029
FLN - MDZ		Internacional	Av. General	2026
FLN - MDZ		Internacional	Comercial	2026
FLN - MDZ	Aerolíneas Argentinas	Internacional	Comercial	2026
FLN - MDZ	Austral Líneas Aéreas	Internacional	Comercial	2026
FLN - MDZ	N/A	Internacional	Av. General	2026
FLN - MDZ	N/A	Internacional	Comercial	2026
FLN - MDZ	Sky Airline	Internacional	Comercial	2026
ANF - MDQ	Aeroandina	Internacional	Av. General	2025
COR - ULA		Cabotaje	Av. General	2024
FDO - ORU	N/A	Internacional	Av. General	2020
CRD - MDX		Cabotaje	Av. General	2018
RCU - VCP	N/A	Internacional	Av. General	2018
RCU - VCP	N/A	Internacional	Comercial	2018
RGL - VME		Cabotaje	Av. General	2015
RGL - VME		Cabotaje	Comercial	2015
GYN - RHD	American Jet	Internacional	Comercial	2015
RGL - VME	Fuerza Aérea Argentina	Cabotaje	Av. General	2015
ARR - RCQ		Cabotaje	Av. General	2013
ARR - RCQ	Fuerza Aérea Argentina	Cabotaje	Av. General	2013
EZE - GIG		Internacional	Av. General	1998
EZE - GIG		Internacional	Comercial	1998
EZE - GIG	Abelag Aviation	Internacional	Av. General	1998
EZE - GIG	Aerofrisco	Internacional	Comercial	1998
EZE - GIG	Aerolíneas Argentinas	Internacional	Comercial	1998
EZE - GIG	Air Canada	Internacional	Comercial	1998
EZE - GIG	American Airlines	Internacional	Comercial	1998
EZE - GIG	Andes Líneas Aéreas	Internacional	Comercial	1998
EZE - GIG	Atlas Air	Internacional	Comercial	1998
EZE - GIG	Austral Líneas Aéreas	Internacional	Comercial	1998
EZE - GIG	Avianca	Internacional	Comercial	1998
EZE - GIG	Avianca Cargo	Internacional	Comercial	1998
EZE - GIG	Azul Linhas Aéreas Brasileiras	Internacional	Comercial	1998
EZE - GIG	Brazilian Air Force	Internacional	Av. General	1998
EZE - GIG	British Airways	Internacional	Comercial	1998
EZE - GIG	Centurion Air Cargo	Internacional	Comercial	1998
EZE - GIG	Czech Air Force	Internacional	Av. General	1998
EZE - GIG	Emirates Airline	Internacional	Comercial	1998
EZE - GIG	Ethiopian Airlines	Internacional	Comercial	1998
EZE - GIG	Execujet Charter	Internacional	Comercial	1998
EZE - GIG	Flybondi	Internacional	Comercial	1998
EZE - GIG	Flyest	Internacional	Comercial	1998
EZE - GIG	Gestair	Internacional	Av. General	1998
EZE - GIG	Gol Transportes Aéreos	Internacional	Av. General	1998
EZE - GIG	Gol Transportes Aéreos	Internacional	Comercial	1998
EZE - GIG	Jetclub	Internacional	Av. General	1998
EZE - GIG	JetSMART Airlines	Internacional	Comercial	1998
EZE - GIG	KLM	Internacional	Comercial	1998
EZE - GIG	LATAM	Internacional	Comercial	1998
EZE - GIG	LATAM Argentina	Internacional	Comercial	1998
EZE - GIG	LATAM Cargo Uruguay	Internacional	Comercial	1998
EZE - GIG	LATAM Paraguay	Internacional	Comercial	1998
EZE - GIG	Lufthansa	Internacional	Comercial	1998
EZE - GIG	Lufthansa Cargo	Internacional	Comercial	1998
EZE - GIG	Martinair	Internacional	Comercial	1998
EZE - GIG	N/A	Internacional	Av. General	1998
EZE - GIG	N/A	Internacional	Comercial	1998
EZE - GIG	NetJets	Internacional	Av. General	1998
EZE - GIG	Qatar Airways	Internacional	Comercial	1998
EZE - GIG	Qatar Amiri Flight	Internacional	Av. General	1998
EZE - GIG	Qatar Executive	Internacional	Comercial	1998
EZE - GIG	Swiss International Air Lines	Internacional	Comercial	1998
EZE - GIG	TAG Aviation UK	Internacional	Comercial	1998
EZE - GIG	TAG Aviation USA	Internacional	Av. General	1998
EZE - GIG	TAM Linhas Aéreas	Internacional	Comercial	1998
EZE - GIG	Turkish Airlines	Internacional	Comercial	1998
EZE - GIG	Unijet	Internacional	Av. General	1998
EZE - GIG	United Airlines	Internacional	Comercial	1998
EZE - GIG	United Parcel Service	Internacional	Comercial	1998
GIG - SFN	Aerolíneas Argentinas	Internacional	Comercial	1996
GIG - SFN	N/A	Internacional	Av. General	1996
EZE - SDU	Aerolíneas Argentinas	Internacional	Comercial	1996
EZE - SDU	Austral Líneas Aéreas	Internacional	Comercial	1996
EZE - SDU	Emirates Airline	Internacional	Comercial	1996
EZE - SDU	Gol Transportes Aéreos	Internacional	Comercial	1996
EZE - SDU	JetSMART Airlines	Internacional	Comercial	1996
EZE - SDU	LATAM Paraguay	Internacional	Comercial	1996
EZE - SDU	N/A	Internacional	Av. General	1996
CWB - UAQ	N/A	Internacional	Av. General	1995
GYN - TUC	N/A	Internacional	Av. General	1994
PMY - SLA	N/A	Cabotaje	Comercial	1993
PIO - SDE		Internacional	Av. General	1990
EPA - GIG	Flybondi	Internacional	Comercial	1989
BRC - PET	N/A	Internacional	Av. General	1980
BRC - PET	N/A	Internacional	Comercial	1980
CGB - ROS	N/A	Internacional	Av. General	1977
FDO - GIG		Internacional	Av. General	1977
FDO - GIG		Internacional	Comercial	1977
FDO - GIG	Aerocardal	Internacional	Av. General	1977
FDO - GIG	American Jet	Internacional	Av. General	1977
FDO - GIG	American Jet	Internacional	Comercial	1977
FDO - GIG	Ameriflight	Internacional	Av. General	1977
FDO - GIG	Benair	Internacional	Av. General	1977
FDO - GIG	Benair	Internacional	Comercial	1977
FDO - GIG	N/A	Internacional	Av. General	1977
FDO - GIG	N/A	Internacional	Comercial	1977
UAQ - ULA		Cabotaje	Comercial	1975
UAQ - ULA	N/A	Cabotaje	Comercial	1975
GIG - PRA		Internacional	Comercial	1972
GIG - PRA	N/A	Internacional	Comercial	1972
ANF - BRC	Andes Líneas Aéreas	Internacional	Comercial	1972
ANF - BRC	N/A	Internacional	Av. General	1972
ANF - BRC	N/A	Internacional	Comercial	1972
AEP - GIG		Internacional	Av. General	1971
AEP - GIG		Internacional	Comercial	1971
AEP - GIG	Aerolíneas Argentinas	Internacional	Comercial	1971
AEP - GIG	American Jet	Internacional	Comercial	1971
AEP - GIG	Andes Líneas Aéreas	Internacional	Comercial	1971
AEP - GIG	Austral Líneas Aéreas	Internacional	Comercial	1971
AEP - GIG	Benair	Internacional	Av. General	1971
AEP - GIG	Benair	Internacional	Comercial	1971
AEP - GIG	Brazilian Air Force	Internacional	Av. General	1971
AEP - GIG	Chief of Staff, United States Air Force	Internacional	Av. General	1971
AEP - GIG	Flybondi	Internacional	Comercial	1971
AEP - GIG	Flyest	Internacional	Comercial	1971
AEP - GIG	Fuerza Aérea Argentina	Internacional	Av. General	1971
AEP - GIG	Fuerza Aérea Brasilera	Internacional	Av. General	1971
AEP - GIG	Gestair	Internacional	Av. General	1971
AEP - GIG	Gol Transportes Aéreos	Internacional	Av. General	1971
AEP - GIG	Gol Transportes Aéreos	Internacional	Comercial	1971
AEP - GIG	JetSMART Airlines	Internacional	Comercial	1971
AEP - GIG	LATAM Argentina	Internacional	Comercial	1971
AEP - GIG	N/A	Internacional	Av. General	1971
AEP - GIG	N/A	Internacional	Comercial	1971
AEP - GIG	TAM Linhas Aéreas	Internacional	Comercial	1971
AEP - SDU	Fuerza Aérea Brasilera	Internacional	Av. General	1970
CJC - CPC	Executive Air Charter	Internacional	Av. General	1968
CJC - CPC	N/A	Internacional	Av. General	1968
CRD - RCQ	Fuerza Aérea Argentina	Cabotaje	Av. General	1967
EZE - VVI		Internacional	Comercial	1966
EZE - VVI	Abelag Aviation	Internacional	Comercial	1966
EZE - VVI	Aero Regional Paraguaya	Internacional	Av. General	1966
EZE - VVI	Aero Regional Paraguaya	Internacional	Comercial	1966
EZE - VVI	Aerolíneas Argentinas	Internacional	Comercial	1966
EZE - VVI	Air Europa	Internacional	Comercial	1966
EZE - VVI	Amaszonas	Internacional	Comercial	1966
EZE - VVI	American Jet	Internacional	Comercial	1966
EZE - VVI	Andes Líneas Aéreas	Internacional	Comercial	1966
EZE - VVI	Austral Líneas Aéreas	Internacional	Comercial	1966
EZE - VVI	Avianca	Internacional	Comercial	1966
EZE - VVI	Avianca Perú	Internacional	Comercial	1966
EZE - VVI	Boliviana de Aviacion	Internacional	Comercial	1966
EZE - VVI	Conviasa	Internacional	Comercial	1966
EZE - VVI	Copa Airlines	Internacional	Comercial	1966
EZE - VVI	Cubana de Aviación	Internacional	Comercial	1966
EZE - VVI	Estelar Latinoamerica	Internacional	Av. General	1966
EZE - VVI	Estelar Latinoamerica	Internacional	Comercial	1966
EZE - VVI	Ethiopian Airlines	Internacional	Comercial	1966
EZE - VVI	Flybondi	Internacional	Comercial	1966
EZE - VVI	Flyest	Internacional	Comercial	1966
EZE - VVI	Gol Transportes Aéreos	Internacional	Comercial	1966
EZE - VVI	KLM	Internacional	Comercial	1966
EZE - VVI	Lamia Corporation S.R.L.	Internacional	Comercial	1966
EZE - VVI	LATAM	Internacional	Comercial	1966
EZE - VVI	LATAM Cargo Uruguay	Internacional	Comercial	1966
EZE - VVI	LATAM Ecuador	Internacional	Comercial	1966
EZE - VVI	LATAM Perú	Internacional	Comercial	1966
EZE - VVI	Líneas Aéreas Suramericanas	Internacional	Comercial	1966
EZE - VVI	Lufthansa	Internacional	Comercial	1966
EZE - VVI	N/A	Internacional	Av. General	1966
EZE - VVI	N/A	Internacional	Comercial	1966
EZE - VVI	Sky Airline	Internacional	Comercial	1966
EZE - VVI	TAG Aviation	Internacional	Comercial	1966
EZE - VVI	TAME	Internacional	Comercial	1966
EZE - VVI	Transportes Aéreos Bolivianos	Internacional	Comercial	1966
MDQ - PUQ	Fuerza Aérea Brasilera	Internacional	Av. General	1965
MDQ - PUQ	N/A	Internacional	Comercial	1965
NQN - TJA	N/A	Internacional	Av. General	1964
CGR - MDZ		Internacional	Av. General	1963
CGR - MDZ		Internacional	Comercial	1963
CGR - MDZ	N/A	Internacional	Av. General	1963
IGU - NQN	LASA Argentina	Internacional	Av. General	1961
IGU - NQN	N/A	Internacional	Av. General	1961
FTE - MDZ		Cabotaje	Av. General	1961
FTE - MDZ		Cabotaje	Comercial	1961
FTE - MDZ	Aerocardal	Cabotaje	Av. General	1961
FTE - MDZ	Aerocardal	Cabotaje	Comercial	1961
FTE - MDZ	Aerolíneas Argentinas	Cabotaje	Comercial	1961
FTE - MDZ	American Jet	Cabotaje	Comercial	1961
FTE - MDZ	ASL Airlines France	Cabotaje	Av. General	1961
FTE - MDZ	Fuerza Aérea Argentina	Cabotaje	Av. General	1961
FTE - MDZ	Gestair	Cabotaje	Av. General	1961
FTE - MDZ	Gestair	Cabotaje	Comercial	1961
FTE - MDZ	N/A	Cabotaje	Av. General	1961
FTE - MDZ	N/A	Cabotaje	Comercial	1961
EZE - IQQ		Internacional	Comercial	1958
EZE - IQQ	Aerovías DAP	Internacional	Comercial	1958
EZE - IQQ	Andes Líneas Aéreas	Internacional	Comercial	1958
EZE - IQQ	LATAM	Internacional	Comercial	1958
EZE - IQQ	LATAM Cargo Uruguay	Internacional	Comercial	1958
EZE - IQQ	LATAM Perú	Internacional	Comercial	1958
EZE - IQQ	N/A	Internacional	Av. General	1958
EZE - IQQ	N/A	Internacional	Comercial	1958
COR - GRU		Internacional	Av. General	1957
COR - GRU		Internacional	Comercial	1957
COR - GRU	Aerolíneas Argentinas	Internacional	Comercial	1957
COR - GRU	Austral Líneas Aéreas	Internacional	Comercial	1957
COR - GRU	Azul Linhas Aéreas Brasileiras	Internacional	Comercial	1957
COR - GRU	Brazilian Air Force	Internacional	Av. General	1957
COR - GRU	Copa Airlines	Internacional	Comercial	1957
COR - GRU	Fair Wind Air Charter	Internacional	Av. General	1957
COR - GRU	Flybondi	Internacional	Comercial	1957
COR - GRU	Gestair	Internacional	Av. General	1957
COR - GRU	Gol Transportes Aéreos	Internacional	Av. General	1957
COR - GRU	Gol Transportes Aéreos	Internacional	Comercial	1957
COR - GRU	Helicol	Internacional	Av. General	1957
COR - GRU	JetSMART Airlines	Internacional	Comercial	1957
COR - GRU	LATAM	Internacional	Comercial	1957
COR - GRU	LATAM Argentina	Internacional	Comercial	1957
COR - GRU	N/A	Internacional	Av. General	1957
COR - GRU	N/A	Internacional	Comercial	1957
COR - GRU	Sky Airline	Internacional	Comercial	1957
COR - GRU	TAM Linhas Aéreas	Internacional	Comercial	1957
COR - GRU	Turkish Airlines	Internacional	Comercial	1957
EZE - SNZ	Gol Transportes Aéreos	Internacional	Comercial	1955
EZE - SNZ	LATAM	Internacional	Comercial	1955
CPC - FMA		Cabotaje	Comercial	1952
CPC - FMA	N/A	Cabotaje	Av. General	1952
CPC - FMA	N/A	Cabotaje	Comercial	1952
AGT - NQN	Antonov Airlines	Internacional	Av. General	1952
PSS - REL		Cabotaje	Av. General	1951
PSS - REL		Cabotaje	Comercial	1951
PSS - REL	N/A	Cabotaje	Av. General	1951
PSS - REL	N/A	Cabotaje	Comercial	1951
FTE - LUQ	N/A	Cabotaje	Av. General	1950
FTE - LUQ	N/A	Cabotaje	Comercial	1950
IGR - NQN		Cabotaje	Av. General	1949
IGR - NQN		Cabotaje	Comercial	1949
IGR - NQN	American Jet	Cabotaje	Comercial	1949
IGR - NQN	Ameriflight	Cabotaje	Av. General	1949
IGR - NQN	Ameriflight	Cabotaje	Comercial	1949
IGR - NQN	Flybondi	Cabotaje	Comercial	1949
IGR - NQN	N/A	Cabotaje	Av. General	1949
EZE - SRZ	Aerolíneas Argentinas	Internacional	Comercial	1949
BRC - JUJ		Cabotaje	Av. General	1949
BRC - JUJ		Cabotaje	Comercial	1949
BRC - JUJ	Andes Líneas Aéreas	Cabotaje	Comercial	1949
BRC - JUJ	Execujet Charter	Cabotaje	Av. General	1949
BRC - JUJ	Execujet Charter	Cabotaje	Comercial	1949
BRC - JUJ	Fuerza Aérea Argentina	Cabotaje	Av. General	1949
BRC - JUJ	N/A	Cabotaje	Av. General	1949
BRC - JUJ	N/A	Cabotaje	Comercial	1949
AEP - IQQ		Internacional	Comercial	1942
AEP - IQQ	N/A	Internacional	Av. General	1942
AEP - IQQ	N/A	Internacional	Comercial	1942
EPA - VVI	Fuerza Aérea Argentina	Internacional	Av. General	1941
AEP - VVI		Internacional	Av. General	1940
AEP - VVI		Internacional	Comercial	1940
AEP - VVI	Aerolíneas Argentinas	Internacional	Comercial	1940
AEP - VVI	American Jet	Internacional	Comercial	1940
AEP - VVI	Andes Líneas Aéreas	Internacional	Comercial	1940
AEP - VVI	Austral Líneas Aéreas	Internacional	Comercial	1940
AEP - VVI	Conviasa	Internacional	Av. General	1940
AEP - VVI	Flyest	Internacional	Comercial	1940
AEP - VVI	Línea Aérea SAPSA	Internacional	Comercial	1940
AEP - VVI	N/A	Internacional	Av. General	1940
AEP - VVI	N/A	Internacional	Comercial	1940
MDQ - VCP	N/A	Internacional	Av. General	1937
MDQ - VCP	N/A	Internacional	Comercial	1937
GRU - SLA		Internacional	Av. General	1936
GRU - SLA		Internacional	Comercial	1936
GRU - SLA	Aerolíneas Argentinas	Internacional	Comercial	1936
GRU - SLA	N/A	Internacional	Av. General	1936
GRU - SLA	N/A	Internacional	Comercial	1936
FDO - MPN		Cabotaje	Av. General	1934
FDO - MPN		Internacional	Av. General	1934
FDO - MPN		Cabotaje	Comercial	1934
FDO - MPN		Internacional	Comercial	1934
FDO - MPN	N/A	Cabotaje	Av. General	1934
RGA - RSA	N/A	Cabotaje	Av. General	1932
POA - REL		Internacional	Av. General	1931
POA - REL	N/A	Internacional	Av. General	1931
CGH - COR	Aerolíneas Argentinas	Internacional	Comercial	1930
CGH - COR	Gol Transportes Aéreos	Internacional	Comercial	1930
CGH - COR	N/A	Internacional	Comercial	1930
FTE - KNA	N/A	Internacional	Av. General	1930
GRU - MDQ		Internacional	Av. General	1929
GRU - MDQ		Internacional	Comercial	1929
GRU - MDQ	Aerolíneas Argentinas	Internacional	Comercial	1929
GRU - MDQ	Fuerza Aérea Brasilera	Internacional	Av. General	1929
GRU - MDQ	N/A	Internacional	Av. General	1929
GRU - MDQ	N/A	Internacional	Comercial	1929
AEP - SNZ	Gol Transportes Aéreos	Internacional	Comercial	1928
MDQ - RGA		Cabotaje	Av. General	1928
MDQ - RGA		Cabotaje	Comercial	1928
MDQ - RGA	Austral Líneas Aéreas	Cabotaje	Comercial	1928
MDQ - RGA	N/A	Cabotaje	Av. General	1928
MDQ - RGA	N/A	Cabotaje	Comercial	1928
FDO - VVI		Internacional	Av. General	1925
FDO - VVI		Internacional	Comercial	1925
FDO - VVI	American Jet	Internacional	Comercial	1925
FDO - VVI	Austral Líneas Aéreas	Internacional	Av. General	1925
FDO - VVI	N/A	Internacional	Av. General	1925
FDO - VVI	N/A	Internacional	Comercial	1925
FDO - VVI	Personas Y Paquetes Por Aire	Internacional	Av. General	1925
MDQ - PNT	N/A	Internacional	Av. General	1924
MDQ - PNT	N/A	Internacional	Comercial	1924
COR - VCP		Internacional	Av. General	1924
COR - VCP		Internacional	Comercial	1924
COR - VCP	Azul Linhas Aéreas Brasileiras	Internacional	Comercial	1924
COR - VCP	Dassault Aviation	Internacional	Av. General	1924
COR - VCP	Fuerza Aérea Argentina	Internacional	Av. General	1924
COR - VCP	Fuerza Aérea Brasilera	Internacional	Av. General	1924
COR - VCP	N/A	Internacional	Av. General	1924
COR - VCP	N/A	Internacional	Comercial	1924
COR - VCP	TAG Aviation Espana	Internacional	Av. General	1924
COR - VCP	TAG Aviation UK	Internacional	Comercial	1924
FDO - IQQ		Internacional	Av. General	1923
FDO - IQQ		Internacional	Comercial	1923
FDO - IQQ	Interjet	Internacional	Av. General	1923
FDO - IQQ	N/A	Internacional	Av. General	1923
FDO - IQQ	N/A	Internacional	Comercial	1923
GYN - SLA	N/A	Internacional	Av. General	1922
AEP - MPN	Andes Líneas Aéreas	Cabotaje	Comercial	1922
AEP - MPN	N/A	Cabotaje	Av. General	1922
AEP - MPN	N/A	Cabotaje	Comercial	1922
FTE - VME	N/A	Cabotaje	Av. General	1921
CRD - CTC		Cabotaje	Av. General	1919
CRD - CTC		Cabotaje	Comercial	1919
CRD - CTC	American Jet	Cabotaje	Av. General	1919
CRD - CTC	American Jet	Cabotaje	Comercial	1919
CRD - CTC	N/A	Cabotaje	Av. General	1919
CRD - CTC	N/A	Cabotaje	Comercial	1919
FDO - PSY	N/A	Internacional	Av. General	1919
FDO - RZA		Cabotaje	Av. General	1914
FDO - RZA		Cabotaje	Comercial	1914
FDO - RZA	N/A	Cabotaje	Av. General	1914
FDO - RZA	N/A	Cabotaje	Comercial	1914
GRU - TUC		Internacional	Av. General	1914
GRU - TUC		Internacional	Comercial	1914
GRU - TUC	Aerolíneas Argentinas	Internacional	Comercial	1914
GRU - TUC	Azul Linhas Aéreas Brasileiras	Internacional	Comercial	1914
GRU - TUC	Ethiopian Airlines	Internacional	Comercial	1914
GRU - TUC	Florida West International Airways	Internacional	Comercial	1914
GRU - TUC	Gol Transportes Aéreos	Internacional	Comercial	1914
GRU - TUC	LATAM	Internacional	Av. General	1914
GRU - TUC	LATAM	Internacional	Comercial	1914
GRU - TUC	N/A	Internacional	Av. General	1914
GRU - TUC	N/A	Internacional	Comercial	1914
GRU - TUC	Qatar Airways	Internacional	Av. General	1914
GRU - TUC	Qatar Airways	Internacional	Comercial	1914
GRU - TUC	TAM Linhas Aéreas	Internacional	Comercial	1914
RBR - TUC	Titan Airways	Internacional	Comercial	1912
AEP - RZA		Cabotaje	Av. General	1909
AEP - RZA		Cabotaje	Comercial	1909
AEP - RZA	N/A	Cabotaje	Av. General	1909
AEP - RZA	N/A	Cabotaje	Comercial	1909
CRD - TNM		Internacional	Av. General	1905
GRU - RHD		Internacional	Av. General	1904
GRU - RHD		Internacional	Comercial	1904
GRU - RHD	Aerolíneas Argentinas	Internacional	Comercial	1904
EZE - SJS	Avianca Costa Rica	Internacional	Comercial	1904
BPS - IGR		Internacional	Comercial	1902
BPS - IGR	Andes Líneas Aéreas	Internacional	Comercial	1902
BRC - CNQ		Cabotaje	Av. General	1900
BRC - CNQ		Cabotaje	Comercial	1900
BRC - CNQ	N/A	Cabotaje	Av. General	1900
BRC - CNQ	N/A	Cabotaje	Comercial	1900
EPA - RZA	Ejército Argentino	Cabotaje	Av. General	1897
EPA - RZA	Fuerza Aérea Argentina	Cabotaje	Av. General	1897
GRU - JUJ		Internacional	Comercial	1897
GRU - JUJ	Aerolíneas Argentinas	Internacional	Comercial	1897
GRU - JUJ	N/A	Internacional	Av. General	1897
AFA - RGL		Cabotaje	Av. General	1896
AFA - RGL	Fuerza Aérea Argentina	Cabotaje	Av. General	1896
EZE - MPN	Andes Líneas Aéreas	Cabotaje	Comercial	1893
EZE - MPN	N/A	Cabotaje	Av. General	1893
EZE - MPN	Royal Air Force	Cabotaje	Av. General	1893
CGH - TUC		Internacional	Av. General	1890
BRC - SLA		Cabotaje	Av. General	1889
BRC - SLA		Cabotaje	Comercial	1889
BRC - SLA	Aerojet de Costa Rica, S.A.	Cabotaje	Av. General	1889
BRC - SLA	Aerolíneas Argentinas	Cabotaje	Comercial	1889
BRC - SLA	American Jet	Cabotaje	Comercial	1889
BRC - SLA	Andes Líneas Aéreas	Cabotaje	Av. General	1889
BRC - SLA	Andes Líneas Aéreas	Cabotaje	Comercial	1889
BRC - SLA	Fuerza Aérea Argentina	Cabotaje	Av. General	1889
BRC - SLA	JetSMART Airlines	Cabotaje	Comercial	1889
BRC - SLA	LATAM Argentina	Cabotaje	Comercial	1889
BRC - SLA	N/A	Cabotaje	Av. General	1889
BRC - SLA	N/A	Cabotaje	Comercial	1889
BRC - SLA	TAG Aviation USA	Cabotaje	Av. General	1889
BRC - RES	Andes Líneas Aéreas	Cabotaje	Comercial	1884
BRC - RES	Fuerza Aérea Argentina	Cabotaje	Av. General	1884
BRC - RES	N/A	Cabotaje	Av. General	1884
BRC - RES	N/A	Cabotaje	Comercial	1884
FTE - SCL		Internacional	Comercial	1883
FTE - SCL	Aerocardal	Internacional	Comercial	1883
FTE - SCL	Gestair	Internacional	Comercial	1883
FTE - SCL	N/A	Internacional	Av. General	1883
FTE - SCL	N/A	Internacional	Comercial	1883
FTE - SCL	Sky Airline	Internacional	Comercial	1883
EZE - SRE	Boliviana de Aviacion	Internacional	Comercial	1882
LIM - SLA		Internacional	Av. General	1882
LIM - SLA		Internacional	Comercial	1882
LIM - SLA	Ejército Argentino	Internacional	Av. General	1882
LIM - SLA	Fuerza Aérea Argentina	Internacional	Av. General	1882
LIM - SLA	LATAM	Internacional	Comercial	1882
LIM - SLA	LATAM Argentina	Internacional	Comercial	1882
LIM - SLA	LATAM Perú	Internacional	Comercial	1882
LIM - SLA	N/A	Internacional	Av. General	1882
LIM - SLA	N/A	Internacional	Comercial	1882
LIM - SLA	TAG Aviation USA	Internacional	Av. General	1882
LIM - SLA	Travel Service	Internacional	Comercial	1882
ARI - ROS		Internacional	Comercial	1880
ARI - ROS	LATAM Perú	Internacional	Comercial	1880
ARI - ROS	N/A	Internacional	Av. General	1880
ARI - ROS	N/A	Internacional	Comercial	1880
EZE - RZA		Cabotaje	Comercial	1878
EZE - RZA	N/A	Cabotaje	Av. General	1878
EZE - RZA	N/A	Cabotaje	Comercial	1878
SLA - VCP	N/A	Internacional	Av. General	1877
JUJ - LIM		Internacional	Av. General	1871
JUJ - LIM		Internacional	Comercial	1871
JUJ - LIM	American Jet	Internacional	Comercial	1871
JUJ - LIM	Andes Líneas Aéreas	Internacional	Comercial	1871
JUJ - LIM	N/A	Internacional	Av. General	1871
JUJ - LIM	N/A	Internacional	Comercial	1871
BGX - BRC	N/A	Internacional	Av. General	1871
EQS - TUC		Cabotaje	Av. General	1870
EQS - TUC	N/A	Cabotaje	Av. General	1870
PMQ - SFN	American Jet	Cabotaje	Comercial	1866
GYN - JUJ	N/A	Internacional	Av. General	1865
GYN - JUJ	N/A	Internacional	Comercial	1865
NQN - TTG		Cabotaje	Av. General	1864
NQN - TTG	American Jet	Cabotaje	Comercial	1864
NQN - TTG	N/A	Cabotaje	Av. General	1864
NQN - TTG	N/A	Cabotaje	Comercial	1864
TUC - VCP		Internacional	Av. General	1862
TUC - VCP	Atlas Air	Internacional	Av. General	1862
TUC - VCP	Atlas Air	Internacional	Comercial	1862
TUC - VCP	Avianca Cargo	Internacional	Comercial	1862
TUC - VCP	Azul Linhas Aéreas Brasileiras	Internacional	Comercial	1862
TUC - VCP	Cargolux	Internacional	Av. General	1862
TUC - VCP	Cargolux	Internacional	Comercial	1862
TUC - VCP	Centurion Air Cargo	Internacional	Comercial	1862
TUC - VCP	Gol Transportes Aéreos	Internacional	Av. General	1862
TUC - VCP	LATAM	Internacional	Av. General	1862
TUC - VCP	LATAM	Internacional	Comercial	1862
TUC - VCP	N/A	Internacional	Av. General	1862
TUC - VCP	SkyLease Cargo	Internacional	Comercial	1862
TUC - VCP	TAM Linhas Aéreas	Internacional	Comercial	1862
TUC - VCP	Volga-Dnepr Airlines	Internacional	Comercial	1862
PIO - TUC		Internacional	Av. General	1861
PIO - TUC	N/A	Internacional	Av. General	1861
PIO - TUC	N/A	Internacional	Comercial	1861
IGR - VDM	N/A	Cabotaje	Av. General	1860
IGR - VDM	N/A	Cabotaje	Comercial	1860
FDO - GGS		Cabotaje	Av. General	1858
AQP - MDZ	N/A	Internacional	Av. General	1857
AEP - GGS	Aerolíneas Argentinas	Cabotaje	Comercial	1855
AEP - GGS	Austral Líneas Aéreas	Cabotaje	Comercial	1855
ANF - CPC	N/A	Internacional	Av. General	1852
GRU - SDE	Andes Líneas Aéreas	Internacional	Comercial	1852
GRU - SDE	N/A	Internacional	Av. General	1852
BHI - USH		Cabotaje	Av. General	1852
BHI - USH		Cabotaje	Comercial	1852
BHI - USH	Aerolíneas Argentinas	Cabotaje	Comercial	1852
BHI - USH	Armada Argentina	Cabotaje	Av. General	1852
BHI - USH	Austral Líneas Aéreas	Cabotaje	Comercial	1852
BHI - USH	Chief of Staff, United States Air Force	Cabotaje	Av. General	1852
BHI - USH	Ejército Argentino	Cabotaje	Av. General	1852
BHI - USH	Flybondi	Cabotaje	Comercial	1852
BHI - USH	Fuerza Aérea Argentina	Cabotaje	Av. General	1852
BHI - USH	LATAM Argentina	Cabotaje	Comercial	1852
BHI - USH	N/A	Cabotaje	Av. General	1852
BHI - USH	N/A	Cabotaje	Comercial	1852
LPB - SFN	N/A	Internacional	Av. General	1849
NQN - POA	N/A	Internacional	Av. General	1845
JUJ - VDM		Cabotaje	Av. General	1844
JUJ - VDM		Cabotaje	Comercial	1844
JUJ - VDM	N/A	Cabotaje	Av. General	1844
JUJ - VDM	N/A	Cabotaje	Comercial	1844
REL - RES		Cabotaje	Av. General	1842
REL - RES	N/A	Cabotaje	Comercial	1842
EQS - RCQ	N/A	Cabotaje	Av. General	1837
JUJ - VCP	N/A	Internacional	Av. General	1836
MDZ - ULA	N/A	Cabotaje	Comercial	1836
CPC - JUJ	N/A	Cabotaje	Comercial	1835
COR - PUD		Cabotaje	Av. General	1833
COR - PUD	N/A	Cabotaje	Comercial	1833
IGR - KNA	Aerocardal	Internacional	Av. General	1832
ARI - IGR	American Jet	Internacional	Av. General	1830
CRD - IRJ		Cabotaje	Comercial	1827
CRD - IRJ	N/A	Cabotaje	Comercial	1827
GPO - RGL	N/A	Cabotaje	Comercial	1826
LGS - POA	N/A	Internacional	Av. General	1825
ASU - NQN		Internacional	Comercial	1823
ASU - NQN	Flyest	Internacional	Av. General	1823
ASU - NQN	N/A	Internacional	Av. General	1823
REL - TUC		Cabotaje	Av. General	1822
REL - TUC		Cabotaje	Comercial	1822
REL - TUC	N/A	Cabotaje	Av. General	1822
REL - TUC	N/A	Cabotaje	Comercial	1822
PRA - TCQ		Internacional	Av. General	1819
PZS - USH	N/A	Internacional	Av. General	1819
FDO - ULA		Cabotaje	Av. General	1818
FDO - ULA		Cabotaje	Comercial	1818
FDO - ULA	N/A	Cabotaje	Av. General	1818
FDO - ULA	N/A	Cabotaje	Comercial	1818
LPB - MDZ	N/A	Internacional	Av. General	1818
IGU - LGS	N/A	Internacional	Av. General	1814
AEP - ULA		Cabotaje	Av. General	1813
AEP - ULA		Cabotaje	Comercial	1813
AEP - ULA	American Jet	Cabotaje	Comercial	1813
AEP - ULA	N/A	Cabotaje	Av. General	1813
AEP - ULA	N/A	Cabotaje	Comercial	1813
PUD - UAQ		Cabotaje	Comercial	1812
PUD - UAQ	American Jet	Cabotaje	Comercial	1812
PUD - UAQ	N/A	Cabotaje	Comercial	1812
CNQ - CPC		Cabotaje	Av. General	1810
CNQ - CPC		Cabotaje	Comercial	1810
CNQ - CPC	N/A	Cabotaje	Av. General	1810
CNQ - CPC	N/A	Cabotaje	Comercial	1810
CBB - ROS	Boliviana de Aviacion	Internacional	Comercial	1806
SDE - VCP		Internacional	Av. General	1805
BHI - TTG	Fuerza Aérea Argentina	Cabotaje	Av. General	1799
SLA - VDM		Cabotaje	Av. General	1797
SLA - VDM		Cabotaje	Comercial	1797
SLA - VDM	N/A	Cabotaje	Av. General	1797
SLA - VDM	N/A	Cabotaje	Comercial	1797
EQS - SDE		Cabotaje	Av. General	1795
EQS - SDE		Cabotaje	Comercial	1795
MOR - ULA		Cabotaje	Av. General	1793
IGR - SCL		Internacional	Av. General	1792
IGR - SCL		Internacional	Comercial	1792
IGR - SCL	Aeroandina	Internacional	Av. General	1792
IGR - SCL	Aerocardal	Internacional	Av. General	1792
IGR - SCL	LATAM Argentina	Internacional	Comercial	1792
IGR - SCL	N/A	Internacional	Av. General	1792
IGR - SCL	N/A	Internacional	Comercial	1792
COR - PMQ		Cabotaje	Comercial	1791
COR - PMQ	American Jet	Cabotaje	Av. General	1791
FTE - MDQ		Cabotaje	Comercial	1790
FTE - MDQ	Aerolíneas Argentinas	Cabotaje	Comercial	1790
FTE - MDQ	LADE - Líneas Aéreas Del Estado	Cabotaje	Comercial	1790
FTE - MDQ	N/A	Cabotaje	Av. General	1790
FTE - MDQ	N/A	Cabotaje	Comercial	1790
PMY - RES		Cabotaje	Av. General	1790
PMY - RES		Cabotaje	Comercial	1790
PMY - RES	N/A	Cabotaje	Comercial	1790
RGL - TDL	Fuerza Aérea Argentina	Cabotaje	Av. General	1786
MDZ - VVI		Internacional	Av. General	1783
MDZ - VVI	Conviasa	Internacional	Comercial	1783
MDZ - VVI	N/A	Internacional	Av. General	1783
EZE - SJK	Flybondi	Internacional	Comercial	1782
EZE - SJK	Gol Transportes Aéreos	Internacional	Comercial	1782
EZE - SJK	LASA Argentina	Internacional	Av. General	1782
EZE - SJK	LATAM	Internacional	Comercial	1782
EZE - ULA		Cabotaje	Comercial	1782
EZE - ULA	Aerolíneas Argentinas	Cabotaje	Comercial	1782
EZE - ULA	N/A	Cabotaje	Comercial	1782
CPC - PRQ	N/A	Cabotaje	Comercial	1781
MDQ - RGL		Cabotaje	Av. General	1778
MDQ - RGL		Cabotaje	Comercial	1778
MDQ - RGL	Aerolíneas Argentinas	Cabotaje	Comercial	1778
MDQ - RGL	Fuerza Aérea Argentina	Cabotaje	Av. General	1778
MDQ - RGL	N/A	Cabotaje	Av. General	1778
MDQ - RGL	N/A	Cabotaje	Comercial	1778
AEP - UYU		Internacional	Comercial	1776
AEP - UYU	N/A	Internacional	Comercial	1776
CPC - SLA		Cabotaje	Av. General	1774
CPC - SLA		Cabotaje	Comercial	1774
CPC - SLA	Línea Aérea SAPSA	Cabotaje	Av. General	1774
CPC - SLA	Línea Aérea SAPSA	Cabotaje	Comercial	1774
CPC - SLA	N/A	Cabotaje	Av. General	1774
CPC - SLA	N/A	Cabotaje	Comercial	1774
PMY - TUC		Cabotaje	Av. General	1772
PMY - TUC		Cabotaje	Comercial	1772
PMY - TUC	Flybondi	Cabotaje	Comercial	1772
PMY - TUC	N/A	Cabotaje	Av. General	1772
PMY - TUC	N/A	Cabotaje	Comercial	1772
NQN - USH		Cabotaje	Av. General	1769
NQN - USH		Cabotaje	Comercial	1769
NQN - USH	Aerolíneas Argentinas	Cabotaje	Comercial	1769
NQN - USH	Macair Jet	Cabotaje	Av. General	1769
NQN - USH	Macair Jet	Cabotaje	Comercial	1769
NQN - USH	N/A	Cabotaje	Av. General	1769
NQN - USH	N/A	Cabotaje	Comercial	1769
ARI - SFN		Internacional	Comercial	1769
AEP - SJP	Aerolíneas Argentinas	Internacional	Comercial	1767
GNR - USH		Cabotaje	Av. General	1764
GNR - USH		Cabotaje	Comercial	1764
FDO - SJK		Internacional	Av. General	1758
FDO - SJK		Internacional	Comercial	1758
FDO - UYU		Internacional	Av. General	1758
FDO - UYU		Internacional	Comercial	1758
FDO - UYU	N/A	Internacional	Av. General	1758
FTE - GPO	N/A	Cabotaje	Comercial	1756
AEP - SJK		Internacional	Av. General	1754
AEP - SJK		Internacional	Comercial	1754
AEP - SJK	Aerolíneas Argentinas	Internacional	Comercial	1754
AEP - SJK	Flybondi	Internacional	Comercial	1754
IGR - LPB	N/A	Internacional	Av. General	1754
CFB - CNQ	N/A	Internacional	Av. General	1753
GRU - ROS		Internacional	Av. General	1753
GRU - ROS		Internacional	Comercial	1753
GRU - ROS	Aerolíneas Argentinas	Internacional	Comercial	1753
GRU - ROS	Air Canada	Internacional	Av. General	1753
GRU - ROS	Andes Líneas Aéreas	Internacional	Comercial	1753
GRU - ROS	Austral Líneas Aéreas	Internacional	Comercial	1753
GRU - ROS	Flybondi	Internacional	Comercial	1753
GRU - ROS	Gol Transportes Aéreos	Internacional	Comercial	1753
GRU - ROS	N/A	Internacional	Av. General	1753
GRU - ROS	N/A	Internacional	Comercial	1753
GRU - ROS	NetJets	Internacional	Av. General	1753
GRU - ROS	TAM Linhas Aéreas	Internacional	Comercial	1753
ARI - RCU	N/A	Internacional	Av. General	1749
BBA - COR		Internacional	Av. General	1748
BBA - COR		Internacional	Comercial	1748
BBA - COR	N/A	Internacional	Comercial	1748
PMQ - ROS	American Jet	Cabotaje	Av. General	1747
ANF - NQN		Internacional	Av. General	1739
ANF - NQN	N/A	Internacional	Av. General	1739
COC - GIG	N/A	Internacional	Av. General	1738
CBB - MDZ		Internacional	Av. General	1735
CBB - MDZ	N/A	Internacional	Av. General	1735
CBB - MDZ	N/A	Internacional	Comercial	1735
ROS - VCP		Internacional	Av. General	1734
ROS - VCP		Internacional	Comercial	1734
ROS - VCP	Andes Líneas Aéreas	Internacional	Comercial	1734
ROS - VCP	Azul Linhas Aéreas Brasileiras	Internacional	Comercial	1734
ROS - VCP	Gol Transportes Aéreos	Internacional	Comercial	1734
ROS - VCP	N/A	Internacional	Av. General	1734
ROS - VCP	N/A	Internacional	Comercial	1734
AEP - CMG	N/A	Internacional	Av. General	1732
BHI - RGA		Cabotaje	Av. General	1728
BHI - RGA		Cabotaje	Comercial	1728
BHI - RGA	Aerolíneas Argentinas	Cabotaje	Comercial	1728
BHI - RGA	Armada Argentina	Cabotaje	Av. General	1728
BHI - RGA	Austral Líneas Aéreas	Cabotaje	Comercial	1728
BHI - RGA	Fuerza Aérea Argentina	Cabotaje	Av. General	1728
BHI - RGA	N/A	Cabotaje	Av. General	1728
BHI - RGA	N/A	Cabotaje	Comercial	1728
BSB - RES		Internacional	Av. General	1727
BSB - RES	N/A	Internacional	Av. General	1727
AQP - UAQ	Aerocardal	Internacional	Av. General	1725
FDO - PSZ	N/A	Internacional	Av. General	1725
ROS - WPA		Internacional	Comercial	1724
EZE - GRU		Internacional	Av. General	1724
EZE - GRU		Internacional	Comercial	1724
EZE - GRU	Aerolíneas Argentinas	Internacional	Comercial	1724
EZE - GRU	Aeroméxico	Internacional	Comercial	1724
EZE - GRU	Air Alsie	Internacional	Comercial	1724
EZE - GRU	Air Canada	Internacional	Comercial	1724
EZE - GRU	Air Europa	Internacional	Comercial	1724
EZE - GRU	Air France	Internacional	Comercial	1724
EZE - GRU	Alitalia	Internacional	Comercial	1724
EZE - GRU	Amaszonas	Internacional	Comercial	1724
EZE - GRU	American Airlines	Internacional	Comercial	1724
EZE - GRU	American Jet	Internacional	Av. General	1724
EZE - GRU	American Jet	Internacional	Comercial	1724
EZE - GRU	Andes Líneas Aéreas	Internacional	Comercial	1724
EZE - GRU	Atlas Air	Internacional	Comercial	1724
EZE - GRU	Austral Líneas Aéreas	Internacional	Comercial	1724
EZE - GRU	Avianca	Internacional	Comercial	1724
EZE - GRU	Azul Linhas Aéreas Brasileiras	Internacional	Comercial	1724
EZE - GRU	British Airways	Internacional	Comercial	1724
EZE - GRU	Delta Air Lines	Internacional	Comercial	1724
EZE - GRU	Emirates Airline	Internacional	Comercial	1724
EZE - GRU	Ethiopian Airlines	Internacional	Comercial	1724
EZE - GRU	EVA Air	Internacional	Av. General	1724
EZE - GRU	Flybondi	Internacional	Comercial	1724
EZE - GRU	Gestair	Internacional	Av. General	1724
EZE - GRU	Gestair	Internacional	Comercial	1724
EZE - GRU	Gol Transportes Aéreos	Internacional	Av. General	1724
EZE - GRU	Gol Transportes Aéreos	Internacional	Comercial	1724
EZE - GRU	Iberia Airlines	Internacional	Comercial	1724
EZE - GRU	ITA Airways	Internacional	Comercial	1724
EZE - GRU	Jet Aviation	Internacional	Comercial	1724
EZE - GRU	JetSMART Airlines	Internacional	Comercial	1724
EZE - GRU	KLM	Internacional	Comercial	1724
EZE - GRU	Korean Air	Internacional	Av. General	1724
EZE - GRU	LATAM	Internacional	Av. General	1724
EZE - GRU	LATAM	Internacional	Comercial	1724
EZE - GRU	LATAM Argentina	Internacional	Comercial	1724
EZE - GRU	LATAM Cargo Uruguay	Internacional	Comercial	1724
EZE - GRU	LATAM Paraguay	Internacional	Comercial	1724
EZE - GRU	Lufthansa	Internacional	Comercial	1724
EZE - GRU	Lufthansa Cargo	Internacional	Comercial	1724
EZE - GRU	Martinair	Internacional	Comercial	1724
EZE - GRU	N/A	Internacional	Av. General	1724
EZE - GRU	N/A	Internacional	Comercial	1724
EZE - GRU	NetJets	Internacional	Av. General	1724
EZE - GRU	NetJets	Internacional	Comercial	1724
EZE - GRU	Qatar Airways	Internacional	Comercial	1724
EZE - GRU	Qatar Amiri Flight	Internacional	Av. General	1724
EZE - GRU	Qatar Executive	Internacional	Comercial	1724
EZE - GRU	Sky Airline	Internacional	Comercial	1724
EZE - GRU	South African Airways	Internacional	Comercial	1724
EZE - GRU	Sun Air	Internacional	Av. General	1724
EZE - GRU	Swiss International Air Lines	Internacional	Comercial	1724
EZE - GRU	TAG Aviation	Internacional	Av. General	1724
EZE - GRU	TAG Aviation USA	Internacional	Av. General	1724
EZE - GRU	TAG Aviation USA	Internacional	Comercial	1724
EZE - GRU	TAM Linhas Aéreas	Internacional	Comercial	1724
EZE - GRU	Titan Airways	Internacional	Comercial	1724
EZE - GRU	Turkish Airlines	Internacional	Av. General	1724
EZE - GRU	Turkish Airlines	Internacional	Comercial	1724
EZE - GRU	Unijet	Internacional	Av. General	1724
EZE - GRU	United Airlines	Internacional	Comercial	1724
EZE - GRU	United Parcel Service	Internacional	Comercial	1724
BHI - PUQ	Fuerza Aérea Brasilera	Internacional	Av. General	1723
BHI - PUQ	N/A	Internacional	Comercial	1723
ARR - PRA	Fuerza Aérea Argentina	Cabotaje	Av. General	1722
MDZ - PMG	N/A	Internacional	Av. General	1722
MDZ - PMG	N/A	Internacional	Comercial	1722
CMG - FDO		Internacional	Comercial	1721
CMG - FDO	N/A	Internacional	Av. General	1721
CMG - FDO	N/A	Internacional	Comercial	1721
GRU - MOR	Gol Transportes Aéreos	Internacional	Comercial	1720
CPC - URG	N/A	Internacional	Av. General	1719
EZE - VCP		Internacional	Comercial	1719
EZE - VCP	Aerolíneas Argentinas	Internacional	Comercial	1719
EZE - VCP	Amaszonas	Internacional	Comercial	1719
EZE - VCP	Atlas Air	Internacional	Comercial	1719
EZE - VCP	Austral Líneas Aéreas	Internacional	Comercial	1719
EZE - VCP	Avianca	Internacional	Comercial	1719
EZE - VCP	Avianca Cargo	Internacional	Comercial	1719
EZE - VCP	Azul Linhas Aéreas Brasileiras	Internacional	Av. General	1719
EZE - VCP	Azul Linhas Aéreas Brasileiras	Internacional	Comercial	1719
EZE - VCP	British Airways	Internacional	Comercial	1719
EZE - VCP	Cargolux	Internacional	Comercial	1719
EZE - VCP	Centurion Air Cargo	Internacional	Comercial	1719
EZE - VCP	Emirates Airline	Internacional	Comercial	1719
EZE - VCP	Federal Express	Internacional	Comercial	1719
EZE - VCP	Flybondi	Internacional	Comercial	1719
EZE - VCP	Gestair	Internacional	Comercial	1719
EZE - VCP	Gol Transportes Aéreos	Internacional	Comercial	1719
EZE - VCP	LATAM	Internacional	Comercial	1719
EZE - VCP	LATAM Argentina	Internacional	Comercial	1719
EZE - VCP	LATAM Cargo Uruguay	Internacional	Comercial	1719
EZE - VCP	LATAM Perú	Internacional	Comercial	1719
EZE - VCP	Lufthansa	Internacional	Comercial	1719
EZE - VCP	Lufthansa Cargo	Internacional	Comercial	1719
EZE - VCP	Martinair	Internacional	Comercial	1719
EZE - VCP	N/A	Internacional	Av. General	1719
EZE - VCP	N/A	Internacional	Comercial	1719
EZE - VCP	Qatar Airways	Internacional	Comercial	1719
EZE - VCP	TAM Cargo	Internacional	Comercial	1719
EZE - VCP	TAM Linhas Aéreas	Internacional	Comercial	1719
EZE - VCP	Transportes Aéreos Bolivianos	Internacional	Comercial	1719
EZE - VCP	United Parcel Service	Internacional	Comercial	1719
RGL - RSA		Cabotaje	Av. General	1719
RGL - RSA		Cabotaje	Comercial	1719
RGL - RSA	N/A	Cabotaje	Av. General	1719
FLN - SLA		Internacional	Av. General	1718
FLN - SLA	Andes Líneas Aéreas	Internacional	Comercial	1718
FLN - SLA	N/A	Internacional	Comercial	1718
CUZ - RHD	N/A	Internacional	Comercial	1715
ROS - VVI		Internacional	Av. General	1715
ROS - VVI		Internacional	Comercial	1715
ROS - VVI	Aerolíneas Argentinas	Internacional	Comercial	1715
ROS - VVI	American Jet	Internacional	Av. General	1715
ROS - VVI	Andes Líneas Aéreas	Internacional	Comercial	1715
ROS - VVI	Boliviana de Aviacion	Internacional	Comercial	1715
ROS - VVI	N/A	Internacional	Av. General	1715
ROS - VVI	N/A	Internacional	Comercial	1715
ROS - VVI	Titan Airways	Internacional	Av. General	1715
ANF - EZE		Internacional	Av. General	1713
ANF - EZE		Internacional	Comercial	1713
ANF - EZE	Andes Líneas Aéreas	Internacional	Comercial	1713
ANF - EZE	JetSMART Airlines	Internacional	Comercial	1713
ANF - EZE	LATAM	Internacional	Comercial	1713
ANF - EZE	LATAM Perú	Internacional	Comercial	1713
ANF - EZE	N/A	Internacional	Av. General	1713
ANF - EZE	N/A	Internacional	Comercial	1713
NQN - PSS		Cabotaje	Av. General	1713
NQN - PSS		Cabotaje	Comercial	1713
NQN - PSS	American Jet	Cabotaje	Av. General	1713
NQN - PSS	American Jet	Cabotaje	Comercial	1713
NQN - PSS	Andes Líneas Aéreas	Cabotaje	Comercial	1713
NQN - PSS	Gendarmería Nacional	Cabotaje	Av. General	1713
NQN - PSS	N/A	Cabotaje	Av. General	1713
NQN - PSS	N/A	Cabotaje	Comercial	1713
EPA - GRU	Flybondi	Internacional	Comercial	1713
EPA - GRU	Fuerza Aérea Argentina	Internacional	Av. General	1713
PET - REL	Brazilian Air Force	Internacional	Av. General	1712
PET - REL	Fuerza Aérea Brasilera	Internacional	Av. General	1712
PET - REL	N/A	Internacional	Av. General	1712
IGR - LSC	N/A	Internacional	Av. General	1709
EPA - VCP	Fuerza Aérea Argentina	Internacional	Av. General	1707
BSB - CNQ		Internacional	Av. General	1706
BSB - CNQ	N/A	Internacional	Av. General	1706
CJC - EZE		Internacional	Comercial	1703
CJC - EZE	Aerocardal	Internacional	Av. General	1703
CJC - EZE	Aerolíneas Argentinas	Internacional	Comercial	1703
CJC - EZE	Aerovías DAP	Internacional	Comercial	1703
CJC - EZE	N/A	Internacional	Av. General	1703
CJC - EZE	N/A	Internacional	Comercial	1703
PMY - RHD		Cabotaje	Comercial	1702
MDZ - POA		Internacional	Av. General	1702
MDZ - POA	Aerolíneas Argentinas	Internacional	Comercial	1702
MDZ - POA	Azul Linhas Aéreas Brasileiras	Internacional	Comercial	1702
MDZ - POA	Gol Transportes Aéreos	Internacional	Comercial	1702
MDZ - POA	LATAM	Internacional	Comercial	1702
MDZ - POA	N/A	Internacional	Av. General	1702
MDZ - POA	N/A	Internacional	Comercial	1702
MDZ - POA	TAM Linhas Aéreas	Internacional	Comercial	1702
FDO - PMQ		Cabotaje	Av. General	1701
FDO - PMQ		Cabotaje	Comercial	1701
FDO - PMQ	American Jet	Cabotaje	Av. General	1701
FDO - PMQ	American Jet	Cabotaje	Comercial	1701
FDO - PMQ	Línea Aérea SAPSA	Cabotaje	Comercial	1701
FDO - PMQ	N/A	Cabotaje	Av. General	1701
FDO - PMQ	N/A	Cabotaje	Comercial	1701
AEP - ANF		Internacional	Av. General	1701
AEP - ANF	Aerolíneas Argentinas	Internacional	Comercial	1701
AEP - ANF	American Jet	Internacional	Comercial	1701
AEP - ANF	N/A	Internacional	Av. General	1701
AEP - ANF	N/A	Internacional	Comercial	1701
AEP - PMQ		Cabotaje	Av. General	1701
AEP - PMQ		Cabotaje	Comercial	1701
AEP - PMQ	Aerolíneas Argentinas	Cabotaje	Comercial	1701
AEP - PMQ	American Jet	Cabotaje	Av. General	1701
AEP - PMQ	American Jet	Cabotaje	Comercial	1701
AEP - PMQ	N/A	Cabotaje	Av. General	1701
AEP - PMQ	N/A	Cabotaje	Comercial	1701
NVT - SLA		Internacional	Av. General	1700
NVT - SLA	N/A	Internacional	Av. General	1700
FDO - GRU		Internacional	Av. General	1699
FDO - GRU		Internacional	Comercial	1699
FDO - GRU	Aerocardal	Internacional	Av. General	1699
FDO - GRU	American Jet	Internacional	Av. General	1699
FDO - GRU	American Jet	Internacional	Comercial	1699
FDO - GRU	Ameriflight	Internacional	Av. General	1699
FDO - GRU	Fuerza Aérea Argentina	Internacional	Av. General	1699
FDO - GRU	Global Air Charter	Internacional	Av. General	1699
FDO - GRU	Línea Aérea SAPSA	Internacional	Av. General	1699
FDO - GRU	Línea Aérea SAPSA	Internacional	Comercial	1699
FDO - GRU	N/A	Internacional	Av. General	1699
FDO - GRU	N/A	Internacional	Comercial	1699
FDO - GRU	Priester Aviation	Internacional	Comercial	1699
COR - LPB	N/A	Internacional	Av. General	1697
COR - LPB	N/A	Internacional	Comercial	1697
AEP - GRU		Internacional	Av. General	1696
AEP - GRU		Internacional	Comercial	1696
AEP - GRU	Aerolíneas Argentinas	Internacional	Comercial	1696
AEP - GRU	Amaszonas	Internacional	Comercial	1696
AEP - GRU	American Jet	Internacional	Comercial	1696
AEP - GRU	Andes Líneas Aéreas	Internacional	Comercial	1696
AEP - GRU	Austral Líneas Aéreas	Internacional	Comercial	1696
AEP - GRU	Brazilian Air Force	Internacional	Av. General	1696
AEP - GRU	Chief of Staff, United States Air Force	Internacional	Av. General	1696
AEP - GRU	Flybondi	Internacional	Comercial	1696
AEP - GRU	Flyest	Internacional	Av. General	1696
AEP - GRU	Flyest	Internacional	Comercial	1696
AEP - GRU	Fuerza Aérea Argentina	Internacional	Av. General	1696
AEP - GRU	Fuerza Aérea Brasilera	Internacional	Av. General	1696
AEP - GRU	Gestair	Internacional	Av. General	1696
AEP - GRU	Gestair	Internacional	Comercial	1696
AEP - GRU	Gol Transportes Aéreos	Internacional	Av. General	1696
AEP - GRU	Gol Transportes Aéreos	Internacional	Comercial	1696
AEP - GRU	JetSMART Airlines	Internacional	Comercial	1696
AEP - GRU	LATAM	Internacional	Comercial	1696
AEP - GRU	LATAM Argentina	Internacional	Comercial	1696
AEP - GRU	LATAM Perú	Internacional	Comercial	1696
AEP - GRU	Línea Aérea SAPSA	Internacional	Comercial	1696
AEP - GRU	N/A	Internacional	Av. General	1696
AEP - GRU	N/A	Internacional	Comercial	1696
AEP - GRU	NetJets	Internacional	Av. General	1696
AEP - GRU	Sky Airline	Internacional	Comercial	1696
AEP - GRU	TAM Linhas Aéreas	Internacional	Comercial	1696
CGH - EZE	Aerolíneas Argentinas	Internacional	Comercial	1696
CGH - EZE	Air Canada	Internacional	Comercial	1696
CGH - EZE	American Jet	Internacional	Comercial	1696
CGH - EZE	Andes Líneas Aéreas	Internacional	Comercial	1696
CGH - EZE	Austral Líneas Aéreas	Internacional	Comercial	1696
CGH - EZE	British Airways	Internacional	Comercial	1696
CGH - EZE	Ethiopian Airlines	Internacional	Comercial	1696
CGH - EZE	Gol Transportes Aéreos	Internacional	Comercial	1696
CGH - EZE	LATAM	Internacional	Comercial	1696
CGH - EZE	LATAM Argentina	Internacional	Comercial	1696
CGH - EZE	N/A	Internacional	Av. General	1696
CGH - EZE	N/A	Internacional	Comercial	1696
CGH - EZE	Qatar Airways	Internacional	Comercial	1696
CGH - EZE	TAM Linhas Aéreas	Internacional	Comercial	1696
CGH - EZE	Turkish Airlines	Internacional	Comercial	1696
CPC - MDX	N/A	Cabotaje	Av. General	1696
CPC - MDX	N/A	Cabotaje	Comercial	1696
FMA - NQN	American Jet	Cabotaje	Comercial	1694
FMA - NQN	N/A	Cabotaje	Comercial	1694
FLN - JUJ	N/A	Internacional	Av. General	1693
FDO - VCP		Internacional	Av. General	1693
FDO - VCP		Internacional	Comercial	1693
FDO - VCP	N/A	Internacional	Av. General	1693
FDO - VCP	N/A	Internacional	Comercial	1693
ANF - EPA	Fuerza Aérea Argentina	Internacional	Av. General	1692
APZ - JUJ		Cabotaje	Av. General	1691
AEP - VCP		Internacional	Av. General	1690
AEP - VCP		Internacional	Comercial	1690
AEP - VCP	American Jet	Internacional	Comercial	1690
AEP - VCP	Andes Líneas Aéreas	Internacional	Comercial	1690
AEP - VCP	Benair	Internacional	Av. General	1690
AEP - VCP	Flyest	Internacional	Comercial	1690
AEP - VCP	Fuerza Aérea Brasilera	Internacional	Av. General	1690
AEP - VCP	N/A	Internacional	Av. General	1690
AEP - VCP	N/A	Internacional	Comercial	1690
AEP - VCP	TAM Linhas Aéreas	Internacional	Comercial	1690
AEP - BBA	N/A	Internacional	Av. General	1690
AEP - BBA	N/A	Internacional	Comercial	1690
BBA - FDO		Internacional	Av. General	1689
BBA - FDO		Internacional	Comercial	1689
BBA - FDO	N/A	Internacional	Av. General	1689
BBA - FDO	N/A	Internacional	Comercial	1689
PZS - SLA	N/A	Internacional	Av. General	1688
FDO - GXQ		Internacional	Av. General	1688
FDO - GXQ		Internacional	Comercial	1688
AEP - CJC		Internacional	Comercial	1687
AEP - CJC	N/A	Internacional	Av. General	1687
AEP - CJC	N/A	Internacional	Comercial	1687
BRC - RCQ		Cabotaje	Av. General	1687
BRC - RCQ		Cabotaje	Comercial	1687
BRC - RCQ	Andes Líneas Aéreas	Cabotaje	Comercial	1687
BRC - RCQ	Línea Aérea SAPSA	Cabotaje	Av. General	1687
BRC - RCQ	Línea Aérea SAPSA	Cabotaje	Comercial	1687
BRC - TUC		Cabotaje	Av. General	1687
BRC - TUC		Cabotaje	Comercial	1687
BRC - TUC	Aerolíneas Argentinas	Cabotaje	Comercial	1687
BRC - TUC	Andes Líneas Aéreas	Cabotaje	Av. General	1687
BRC - TUC	Andes Líneas Aéreas	Cabotaje	Comercial	1687
BRC - TUC	JetSMART Airlines	Cabotaje	Comercial	1687
BRC - TUC	LATAM Argentina	Cabotaje	Comercial	1687
BRC - TUC	N/A	Cabotaje	Av. General	1687
BRC - TUC	N/A	Cabotaje	Comercial	1687
GRU - SFN	N/A	Internacional	Av. General	1686
TDL - TTG	Fuerza Aérea Argentina	Cabotaje	Av. General	1685
GNR - PSS		Cabotaje	Av. General	1685
GNR - PSS	N/A	Cabotaje	Av. General	1685
MDX - REL	N/A	Cabotaje	Comercial	1684
ANF - FDO		Internacional	Av. General	1681
ANF - FDO		Internacional	Comercial	1681
ANF - FDO	N/A	Internacional	Av. General	1681
ANF - FDO	N/A	Internacional	Comercial	1681
PMQ - UAQ	American Jet	Cabotaje	Comercial	1680
CBB - SFN	N/A	Internacional	Av. General	1680
MOR - PMQ	American Jet	Cabotaje	Av. General	1678
MDZ - PUD		Cabotaje	Av. General	1677
MDZ - PUD		Cabotaje	Comercial	1677
MDZ - PUD	N/A	Cabotaje	Comercial	1677
GIG - RES	Aerolíneas Argentinas	Internacional	Comercial	1673
GIG - RES	N/A	Internacional	Av. General	1673
PIO - SLA		Internacional	Av. General	1672
PIO - SLA		Internacional	Comercial	1672
PIO - SLA	Medjet International	Internacional	Av. General	1672
PIO - SLA	N/A	Internacional	Av. General	1672
CGH - FDO	American Jet	Internacional	Comercial	1671
CGH - FDO	N/A	Internacional	Av. General	1671
PMY - SDE		Cabotaje	Av. General	1671
PMY - SDE		Cabotaje	Comercial	1671
EZE - PMQ		Cabotaje	Av. General	1670
EZE - PMQ		Cabotaje	Comercial	1670
EZE - PMQ	American Jet	Cabotaje	Av. General	1670
EZE - PMQ	American Jet	Cabotaje	Comercial	1670
EZE - PMQ	N/A	Cabotaje	Av. General	1670
EZE - PMQ	N/A	Cabotaje	Comercial	1670
CRD - PRA		Cabotaje	Av. General	1670
CRD - PRA		Cabotaje	Comercial	1670
CRD - PRA	Fuerza Aérea Argentina	Cabotaje	Av. General	1670
CRD - PRA	N/A	Cabotaje	Av. General	1670
CRD - SFN		Cabotaje	Av. General	1668
CRD - SFN	American Jet	Cabotaje	Av. General	1668
CRD - SFN	American Jet	Cabotaje	Comercial	1668
CRD - SFN	N/A	Cabotaje	Comercial	1668
CJC - FDO		Internacional	Av. General	1668
CJC - FDO		Internacional	Comercial	1668
CJC - FDO	Aerocardal	Internacional	Av. General	1668
CJC - FDO	Gestair	Internacional	Av. General	1668
CJC - FDO	N/A	Internacional	Av. General	1668
CJC - FDO	N/A	Internacional	Comercial	1668
AEP - CGH		Internacional	Comercial	1668
AEP - CGH	Andes Líneas Aéreas	Internacional	Comercial	1668
JUJ - MDQ		Cabotaje	Av. General	1668
JUJ - MDQ		Cabotaje	Comercial	1668
JUJ - MDQ	Fuerza Aérea Argentina	Cabotaje	Av. General	1668
JUJ - MDQ	N/A	Cabotaje	Av. General	1668
JUJ - MDQ	N/A	Cabotaje	Comercial	1668
CTC - EQS		Cabotaje	Av. General	1665
CTC - EQS	Fuerza Aérea Argentina	Cabotaje	Av. General	1665
JUJ - PIO	Fuerza Aérea Argentina	Internacional	Av. General	1664
JUJ - PIO	N/A	Internacional	Av. General	1664
GRU - PRA	Gestair	Internacional	Comercial	1663
GRU - PRA	N/A	Internacional	Av. General	1663
GRU - PRA	N/A	Internacional	Comercial	1663
SFN - VCP	N/A	Internacional	Av. General	1661
AFA - IGR	N/A	Cabotaje	Av. General	1661
BBA - EZE		Internacional	Av. General	1660
BBA - EZE		Internacional	Comercial	1660
BBA - EZE	N/A	Internacional	Av. General	1660
BBA - EZE	N/A	Internacional	Comercial	1660
FTE - LGS	N/A	Cabotaje	Av. General	1658
FTE - LGS	N/A	Cabotaje	Comercial	1658
CPC - USH		Cabotaje	Av. General	1657
CPC - USH		Cabotaje	Comercial	1657
CPC - USH	N/A	Cabotaje	Av. General	1657
CPC - USH	N/A	Cabotaje	Comercial	1657
POA - UAQ		Internacional	Comercial	1657
MDZ - TCQ	N/A	Internacional	Comercial	1652
NQN - RGA		Cabotaje	Av. General	1651
NQN - RGA	American Jet	Cabotaje	Av. General	1651
NQN - RGA	American Jet	Cabotaje	Comercial	1651
NQN - RGA	N/A	Cabotaje	Av. General	1651
NQN - RGA	N/A	Cabotaje	Comercial	1651
EQS - PDP	N/A	Internacional	Av. General	1650
EQS - PDP	N/A	Internacional	Comercial	1650
EQS - PDP	NetJets	Internacional	Av. General	1650
FTE - RSA		Cabotaje	Av. General	1647
FTE - RSA	Línea Aérea SAPSA	Cabotaje	Av. General	1647
FTE - RSA	Línea Aérea SAPSA	Cabotaje	Comercial	1647
FTE - RSA	N/A	Cabotaje	Av. General	1647
JUJ - NQN		Cabotaje	Av. General	1646
JUJ - NQN		Cabotaje	Comercial	1646
JUJ - NQN	Aerolíneas Argentinas	Cabotaje	Comercial	1646
JUJ - NQN	American Jet	Cabotaje	Av. General	1646
JUJ - NQN	American Jet	Cabotaje	Comercial	1646
JUJ - NQN	Andes Líneas Aéreas	Cabotaje	Comercial	1646
JUJ - NQN	Línea Aérea SAPSA	Cabotaje	Av. General	1646
JUJ - NQN	Línea Aérea SAPSA	Cabotaje	Comercial	1646
JUJ - NQN	N/A	Cabotaje	Av. General	1646
JUJ - NQN	N/A	Cabotaje	Comercial	1646
GNR - RGA	N/A	Cabotaje	Av. General	1645
GNR - RGA	N/A	Cabotaje	Comercial	1645
CNQ - GIG	N/A	Internacional	Av. General	1645
CWB - SLA		Internacional	Av. General	1644
CWB - SLA	N/A	Internacional	Av. General	1644
GNR - JUJ		Cabotaje	Av. General	1643
CUZ - TUC		Internacional	Av. General	1643
CUZ - TUC		Internacional	Comercial	1643
CUZ - TUC	N/A	Internacional	Av. General	1643
CGR - EZE	N/A	Internacional	Av. General	1642
CGR - EZE	N/A	Internacional	Comercial	1642
FLN - TUC		Internacional	Av. General	1639
FLN - TUC	N/A	Internacional	Av. General	1639
FLN - TUC	N/A	Internacional	Comercial	1639
UAQ - VVI	Avianca	Internacional	Av. General	1639
UAQ - VVI	Avianca	Internacional	Comercial	1639
MDQ - SLA		Cabotaje	Av. General	1637
MDQ - SLA		Cabotaje	Comercial	1637
MDQ - SLA	Medjet International	Cabotaje	Av. General	1637
MDQ - SLA	Medjet International	Cabotaje	Comercial	1637
MDQ - SLA	N/A	Cabotaje	Av. General	1637
MDQ - SLA	N/A	Cabotaje	Comercial	1637
MDQ - SLA	Norwegian Air Argentina	Cabotaje	Comercial	1637
ANF - IGR	N/A	Internacional	Av. General	1636
ANF - IGR	N/A	Internacional	Comercial	1636
COR - CRD		Cabotaje	Av. General	1634
COR - CRD		Cabotaje	Comercial	1634
COR - CRD	Aerolíneas Argentinas	Cabotaje	Comercial	1634
COR - CRD	American Jet	Cabotaje	Av. General	1634
COR - CRD	American Jet	Cabotaje	Comercial	1634
COR - CRD	Austral Líneas Aéreas	Cabotaje	Av. General	1634
COR - CRD	Austral Líneas Aéreas	Cabotaje	Comercial	1634
COR - CRD	Chief of Staff, United States Air Force	Cabotaje	Av. General	1634
COR - CRD	Flybondi	Cabotaje	Comercial	1634
COR - CRD	Fuerza Aérea Argentina	Cabotaje	Av. General	1634
COR - CRD	JetSMART Airlines	Cabotaje	Comercial	1634
COR - CRD	LATAM Argentina	Cabotaje	Comercial	1634
COR - CRD	N/A	Cabotaje	Av. General	1634
COR - CRD	N/A	Cabotaje	Comercial	1634
CNF - FMA	Avianca Uruguay	Internacional	Comercial	1634
PSS - VDM		Cabotaje	Av. General	1633
PSS - VDM	American Jet	Cabotaje	Av. General	1633
PSS - VDM	American Jet	Cabotaje	Comercial	1633
PSS - VDM	N/A	Cabotaje	Av. General	1633
PSS - VDM	N/A	Cabotaje	Comercial	1633
BHI - RYO	N/A	Cabotaje	Av. General	1633
BHI - RYO	N/A	Cabotaje	Comercial	1633
MDX - PMY	Gestair	Cabotaje	Comercial	1633
MDX - PMY	N/A	Cabotaje	Comercial	1633
APZ - SLA		Cabotaje	Av. General	1631
APZ - SLA	Fuerza Aérea Argentina	Cabotaje	Av. General	1631
APZ - SLA	N/A	Cabotaje	Av. General	1631
ARR - COR	Aerolíneas Argentinas	Cabotaje	Comercial	1628
ARR - COR	N/A	Cabotaje	Comercial	1628
CTC - REL		Cabotaje	Av. General	1627
CTC - REL		Cabotaje	Comercial	1627
CTC - REL	N/A	Cabotaje	Av. General	1627
BRC - RHD		Cabotaje	Av. General	1626
BRC - RHD	Andes Líneas Aéreas	Cabotaje	Comercial	1626
BRC - RHD	Línea Aérea SAPSA	Cabotaje	Comercial	1626
CGR - EPA	Fuerza Aérea Argentina	Internacional	Av. General	1621
ARI - MDZ		Internacional	Av. General	1620
ARI - MDZ		Internacional	Comercial	1620
ARI - MDZ	Delta Private Jets	Internacional	Av. General	1620
ARI - MDZ	Gestair	Internacional	Av. General	1620
ARI - MDZ	LATAM	Internacional	Comercial	1620
ARI - MDZ	Medjet International	Internacional	Av. General	1620
ARI - MDZ	N/A	Internacional	Av. General	1620
ARI - MDZ	N/A	Internacional	Comercial	1620
ARI - MDZ	Sky Airline	Internacional	Comercial	1620
BHI - JUJ		Cabotaje	Av. General	1619
BRC - SDE		Cabotaje	Av. General	1616
BRC - SDE		Cabotaje	Comercial	1616
BRC - SDE	Aerolíneas Argentinas	Cabotaje	Comercial	1616
BRC - SDE	Andes Líneas Aéreas	Cabotaje	Av. General	1616
BRC - SDE	Andes Líneas Aéreas	Cabotaje	Comercial	1616
BRC - SDE	N/A	Cabotaje	Av. General	1616
BHI - IGR		Cabotaje	Av. General	1616
BHI - IGR		Cabotaje	Comercial	1616
BHI - IGR	Fuerza Aérea Argentina	Cabotaje	Av. General	1616
BHI - IGR	N/A	Cabotaje	Comercial	1616
FLN - RHD	N/A	Internacional	Av. General	1613
FLN - RHD	N/A	Internacional	Comercial	1613
RES - VCF	N/A	Cabotaje	Av. General	1612
AEP - CGR		Internacional	Comercial	1611
AEP - CGR	N/A	Internacional	Comercial	1611
BRC - COC	Fuerza Aérea Argentina	Cabotaje	Av. General	1609
BRC - COC	N/A	Cabotaje	Av. General	1609
COR - CWB		Internacional	Comercial	1605
COR - CWB	Aerolíneas Argentinas	Internacional	Comercial	1605
COR - CWB	Aerovías DAP	Internacional	Comercial	1605
COR - CWB	Amaszonas	Internacional	Comercial	1605
COR - CWB	Andes Líneas Aéreas	Internacional	Comercial	1605
COR - CWB	N/A	Internacional	Av. General	1605
COR - CWB	N/A	Internacional	Comercial	1605
IGU - MDZ		Internacional	Av. General	1604
IGU - MDZ		Internacional	Comercial	1604
IGU - MDZ	Aerolíneas Argentinas	Internacional	Comercial	1604
IGU - MDZ	BRA-Transportes Aéreos	Internacional	Av. General	1604
IGU - MDZ	JetSMART Airlines	Internacional	Comercial	1604
IGU - MDZ	Macair Jet	Internacional	Comercial	1604
IGU - MDZ	N/A	Internacional	Av. General	1604
IGU - MDZ	N/A	Internacional	Comercial	1604
IGU - MDZ	Star Up	Internacional	Av. General	1604
USH - VDM		Cabotaje	Av. General	1604
USH - VDM		Cabotaje	Comercial	1604
USH - VDM	American Jet	Cabotaje	Comercial	1604
USH - VDM	Fuerza Aérea Argentina	Cabotaje	Av. General	1604
USH - VDM	N/A	Cabotaje	Av. General	1604
USH - VDM	N/A	Cabotaje	Comercial	1604
CGR - FDO		Internacional	Av. General	1604
CGR - FDO		Internacional	Comercial	1604
CGR - FDO	N/A	Internacional	Av. General	1604
CGR - FDO	N/A	Internacional	Comercial	1604
FDO - LHS		Cabotaje	Av. General	1604
FDO - LHS	N/A	Cabotaje	Av. General	1604
CRD - PDP		Internacional	Av. General	1603
CRD - PDP	N/A	Internacional	Av. General	1603
CRD - PDP	N/A	Internacional	Comercial	1603
AEP - LHS	N/A	Cabotaje	Av. General	1601
ARR - ROS	Fuerza Aérea Argentina	Cabotaje	Av. General	1601
FDO - PUD		Cabotaje	Av. General	1599
FDO - PUD		Cabotaje	Comercial	1599
FDO - PUD	American Jet	Cabotaje	Comercial	1599
FDO - PUD	N/A	Cabotaje	Av. General	1599
FDO - PUD	N/A	Cabotaje	Comercial	1599
COR - TCQ	N/A	Internacional	Av. General	1599
CWB - TUC		Internacional	Av. General	1597
CWB - TUC	LATAM	Internacional	Av. General	1597
CWB - TUC	LATAM	Internacional	Comercial	1597
CWB - TUC	N/A	Internacional	Av. General	1597
CWB - TUC	N/A	Internacional	Comercial	1597
IGR - MDZ		Cabotaje	Av. General	1597
IGR - MDZ		Cabotaje	Comercial	1597
IGR - MDZ	Aerolíneas Argentinas	Cabotaje	Comercial	1597
IGR - MDZ	American Jet	Cabotaje	Comercial	1597
IGR - MDZ	Austral Líneas Aéreas	Cabotaje	Comercial	1597
IGR - MDZ	Flybondi	Cabotaje	Comercial	1597
IGR - MDZ	Flyest	Cabotaje	Comercial	1597
IGR - MDZ	JetSMART Airlines	Cabotaje	Comercial	1597
IGR - MDZ	LATAM Argentina	Cabotaje	Comercial	1597
IGR - MDZ	Línea Aérea SAPSA	Cabotaje	Av. General	1597
IGR - MDZ	Línea Aérea SAPSA	Cabotaje	Comercial	1597
IGR - MDZ	N/A	Cabotaje	Av. General	1597
IGR - MDZ	N/A	Cabotaje	Comercial	1597
IGR - MDZ	Norwegian Air Argentina	Cabotaje	Comercial	1597
SLA - VLG		Cabotaje	Av. General	1595
SLA - VLG	N/A	Cabotaje	Av. General	1595
EZE - TJA	N/A	Internacional	Av. General	1595
EZE - TJA	N/A	Internacional	Comercial	1595
AEP - PUD		Cabotaje	Av. General	1594
AEP - PUD	N/A	Cabotaje	Av. General	1594
AEP - PUD	N/A	Cabotaje	Comercial	1594
CWB - MDQ		Internacional	Comercial	1592
CWB - MDQ	N/A	Internacional	Av. General	1592
CWB - MDQ	N/A	Internacional	Comercial	1592
COR - NVT		Internacional	Av. General	1590
COR - NVT	N/A	Internacional	Av. General	1590
COR - NVT	N/A	Internacional	Comercial	1590
NQN - SLA		Cabotaje	Av. General	1589
NQN - SLA		Cabotaje	Comercial	1589
NQN - SLA	Aerolíneas Argentinas	Cabotaje	Comercial	1589
NQN - SLA	American Jet	Cabotaje	Av. General	1589
NQN - SLA	American Jet	Cabotaje	Comercial	1589
NQN - SLA	Flybondi	Cabotaje	Comercial	1589
NQN - SLA	Fuerza Aérea Argentina	Cabotaje	Av. General	1589
NQN - SLA	Jet Aviation	Cabotaje	Comercial	1589
NQN - SLA	JetSMART Airlines	Cabotaje	Comercial	1589
NQN - SLA	N/A	Cabotaje	Av. General	1589
NQN - SLA	N/A	Cabotaje	Comercial	1589
AEP - MHC	N/A	Internacional	Av. General	1587
AEP - MHC	N/A	Internacional	Comercial	1587
CRD - UAQ		Cabotaje	Av. General	1584
CRD - UAQ		Cabotaje	Comercial	1584
CRD - UAQ	Aerocardal	Cabotaje	Av. General	1584
CRD - UAQ	Aerolíneas Argentinas	Cabotaje	Comercial	1584
CRD - UAQ	American Jet	Cabotaje	Comercial	1584
CRD - UAQ	Flyest	Cabotaje	Comercial	1584
CRD - UAQ	Fuerza Aérea Argentina	Cabotaje	Av. General	1584
CRD - UAQ	LADE - Líneas Aéreas Del Estado	Cabotaje	Av. General	1584
CRD - UAQ	LADE - Líneas Aéreas Del Estado	Cabotaje	Comercial	1584
CRD - UAQ	N/A	Cabotaje	Av. General	1584
CRD - UAQ	N/A	Cabotaje	Comercial	1584
IGB - SDE		Cabotaje	Av. General	1583
SFN - VVI	Aerolíneas Argentinas	Internacional	Comercial	1583
AGT - MDZ		Internacional	Av. General	1583
AGT - MDZ	Aerolíneas Argentinas	Internacional	Comercial	1583
AGT - MDZ	Austral Líneas Aéreas	Internacional	Av. General	1583
AGT - MDZ	N/A	Internacional	Av. General	1583
FDO - MHC		Internacional	Comercial	1581
FDO - MHC	N/A	Internacional	Av. General	1581
CWB - RHD	N/A	Internacional	Comercial	1581
LHS - MOR		Cabotaje	Av. General	1580
LHS - MOR	N/A	Cabotaje	Av. General	1580
NQN - PUQ	American Jet	Internacional	Comercial	1578
NQN - PUQ	N/A	Internacional	Av. General	1578
CTC - PMY	Andes Líneas Aéreas	Cabotaje	Av. General	1578
CTC - PMY	Andes Líneas Aéreas	Cabotaje	Comercial	1578
CMG - ROS	N/A	Internacional	Av. General	1577
BHI - SLA		Cabotaje	Av. General	1575
CPC - TUC		Cabotaje	Av. General	1575
BHI - SLA		Cabotaje	Comercial	1575
CPC - TUC		Cabotaje	Comercial	1575
BHI - SLA	Aerolíneas Argentinas	Cabotaje	Comercial	1575
BHI - SLA	American Jet	Cabotaje	Comercial	1575
BHI - SLA	Fuerza Aérea Argentina	Cabotaje	Av. General	1575
CPC - TUC	Fuerza Aérea Argentina	Cabotaje	Av. General	1575
BHI - SLA	Línea Aérea SAPSA	Cabotaje	Comercial	1575
BHI - SLA	N/A	Cabotaje	Av. General	1575
CPC - TUC	N/A	Cabotaje	Av. General	1575
BHI - SLA	N/A	Cabotaje	Comercial	1575
CPC - TUC	N/A	Cabotaje	Comercial	1575
MOR - PUD		Cabotaje	Av. General	1574
TUC - VDM		Cabotaje	Av. General	1574
TUC - VDM		Cabotaje	Comercial	1574
TUC - VDM	Línea Aérea SAPSA	Cabotaje	Av. General	1574
TUC - VDM	Línea Aérea SAPSA	Cabotaje	Comercial	1574
TUC - VDM	N/A	Cabotaje	Av. General	1574
TUC - VDM	N/A	Cabotaje	Comercial	1574
GYN - RES	N/A	Internacional	Av. General	1573
AEP - TJA	N/A	Internacional	Av. General	1573
AEP - TJA	N/A	Internacional	Comercial	1573
AEP - ARR	Aerolíneas Argentinas	Cabotaje	Comercial	1571
AEP - ARR	Austral Líneas Aéreas	Cabotaje	Comercial	1571
AEP - ARR	N/A	Cabotaje	Av. General	1571
ARI - COR		Internacional	Comercial	1571
ARI - COR	Medjet International	Internacional	Av. General	1571
ARI - COR	N/A	Internacional	Av. General	1571
ARI - COR	N/A	Internacional	Comercial	1571
BRC - PDP		Internacional	Av. General	1570
BRC - PDP		Internacional	Comercial	1570
BRC - PDP	Aerolíneas Argentinas	Internacional	Comercial	1570
BRC - PDP	American Jet	Internacional	Comercial	1570
BRC - PDP	Andes Líneas Aéreas	Internacional	Comercial	1570
BRC - PDP	Avianca Uruguay	Internacional	Av. General	1570
BRC - PDP	Jet Aviation	Internacional	Av. General	1570
BRC - PDP	N/A	Internacional	Av. General	1570
BRC - PDP	N/A	Internacional	Comercial	1570
BRC - PDP	NetJets	Internacional	Av. General	1570
ARR - FDO		Cabotaje	Av. General	1570
ARR - FDO		Cabotaje	Comercial	1570
ARR - FDO	N/A	Cabotaje	Av. General	1570
PSS - SCL	N/A	Internacional	Av. General	1570
COR - FLN		Internacional	Av. General	1569
COR - FLN		Internacional	Comercial	1569
COR - FLN	Aerolíneas Argentinas	Internacional	Comercial	1569
COR - FLN	Air Alsie	Internacional	Comercial	1569
COR - FLN	Andes Líneas Aéreas	Internacional	Comercial	1569
COR - FLN	Austral Líneas Aéreas	Internacional	Comercial	1569
COR - FLN	Flybondi	Internacional	Comercial	1569
COR - FLN	Gol Transportes Aéreos	Internacional	Comercial	1569
COR - FLN	LATAM	Internacional	Comercial	1569
COR - FLN	LATAM Argentina	Internacional	Comercial	1569
COR - FLN	N/A	Internacional	Av. General	1569
COR - FLN	N/A	Internacional	Comercial	1569
COR - FLN	Sky Airline	Internacional	Comercial	1569
EZE - ROY	N/A	Cabotaje	Comercial	1564
GYA - SLA	N/A	Internacional	Av. General	1562
EZE - PUD	JetSMART Airlines	Cabotaje	Comercial	1562
EZE - PUD	N/A	Cabotaje	Av. General	1562
EZE - PUD	N/A	Cabotaje	Comercial	1562
CBB - COR		Internacional	Av. General	1560
CBB - COR	Gol Transportes Aéreos	Internacional	Comercial	1560
CBB - COR	N/A	Internacional	Av. General	1560
FDO - TJA		Internacional	Av. General	1555
FDO - TJA		Internacional	Comercial	1555
FDO - TJA	N/A	Internacional	Av. General	1555
FDO - TJA	N/A	Internacional	Comercial	1555
ARR - EPA		Cabotaje	Av. General	1555
ARR - EPA		Cabotaje	Comercial	1555
CRD - MVD		Internacional	Comercial	1555
CRD - MVD	Chief of Staff, United States Air Force	Internacional	Av. General	1555
CRD - MVD	Fuerza Aérea Uruguaya	Internacional	Av. General	1555
CRD - MVD	LATAM Cargo Uruguay	Internacional	Av. General	1555
CRD - MVD	N/A	Internacional	Comercial	1555
CRD - MVD	Royal Air Force	Internacional	Av. General	1555
CNQ - GYN	N/A	Internacional	Av. General	1554
CNQ - GYN	N/A	Internacional	Comercial	1554
MDZ - PET		Internacional	Av. General	1553
MDZ - PET	N/A	Internacional	Av. General	1553
EQS - PRA		Cabotaje	Av. General	1553
EQS - PRA	Fuerza Aérea Argentina	Cabotaje	Av. General	1553
FLN - SDE	N/A	Internacional	Av. General	1552
ELO - MDZ		Cabotaje	Av. General	1549
CNQ - NQN		Cabotaje	Av. General	1549
CNQ - NQN		Cabotaje	Comercial	1549
CNQ - NQN	American Jet	Cabotaje	Comercial	1549
CNQ - NQN	N/A	Cabotaje	Av. General	1549
CNQ - NQN	N/A	Cabotaje	Comercial	1549
GGS - GPO		Cabotaje	Av. General	1548
ARR - MOR		Cabotaje	Av. General	1548
ARR - MOR	Fuerza Aérea Argentina	Cabotaje	Av. General	1548
MDQ - MPN	N/A	Cabotaje	Comercial	1548
BRC - CPO		Internacional	Comercial	1547
CPC - RGA		Cabotaje	Av. General	1546
CPC - RGA	N/A	Cabotaje	Av. General	1546
IRJ - REL		Cabotaje	Av. General	1545
IRJ - REL		Cabotaje	Comercial	1545
LGS - ULA	N/A	Cabotaje	Av. General	1544
CNQ - VDM		Cabotaje	Av. General	1544
CRD - ROS		Cabotaje	Av. General	1544
CRD - ROS		Cabotaje	Comercial	1544
CRD - ROS	Aerolíneas Argentinas	Cabotaje	Comercial	1544
CRD - ROS	Fuerza Aérea Argentina	Cabotaje	Av. General	1544
CRD - ROS	N/A	Cabotaje	Av. General	1544
CRD - ROS	N/A	Cabotaje	Comercial	1544
EQS - SFN		Cabotaje	Av. General	1543
EQS - SFN	Fuerza Aérea Argentina	Cabotaje	Av. General	1543
EQS - SFN	N/A	Cabotaje	Comercial	1543
ARR - EZE	Aerolíneas Argentinas	Cabotaje	Comercial	1541
BRC - USH		Cabotaje	Av. General	1539
BRC - USH		Cabotaje	Comercial	1539
BRC - USH	Aerolíneas Argentinas	Cabotaje	Comercial	1539
BRC - USH	American Jet	Cabotaje	Av. General	1539
BRC - USH	American Jet	Cabotaje	Comercial	1539
BRC - USH	Flyest	Cabotaje	Comercial	1539
BRC - USH	Fuerza Aérea Argentina	Cabotaje	Av. General	1539
BRC - USH	JetSMART Airlines	Cabotaje	Av. General	1539
BRC - USH	JetSMART Airlines	Cabotaje	Comercial	1539
BRC - USH	LADE - Líneas Aéreas Del Estado	Cabotaje	Comercial	1539
BRC - USH	N/A	Cabotaje	Av. General	1539
BRC - USH	N/A	Cabotaje	Comercial	1539
CGR - COR		Internacional	Comercial	1538
CGR - COR	Fuerza Aérea Brasilera	Internacional	Av. General	1538
CGR - COR	N/A	Internacional	Av. General	1538
CGR - COR	N/A	Internacional	Comercial	1538
BHI - RGL		Cabotaje	Av. General	1538
BHI - RGL		Cabotaje	Comercial	1538
BHI - RGL	Aerolíneas Argentinas	Cabotaje	Comercial	1538
BHI - RGL	Armada Argentina	Cabotaje	Av. General	1538
BHI - RGL	Austral Líneas Aéreas	Cabotaje	Comercial	1538
BHI - RGL	Ejército Argentino	Cabotaje	Av. General	1538
BHI - RGL	Flyest	Cabotaje	Av. General	1538
BHI - RGL	Flyest	Cabotaje	Comercial	1538
BHI - RGL	Fuerza Aérea Argentina	Cabotaje	Av. General	1538
BHI - RGL	Gendarmería Nacional	Cabotaje	Av. General	1538
BHI - RGL	N/A	Cabotaje	Av. General	1538
BHI - RGL	N/A	Cabotaje	Comercial	1538
MDZ - PMQ		Cabotaje	Av. General	1537
MDZ - PMQ		Cabotaje	Comercial	1537
MDZ - PMQ	American Jet	Cabotaje	Av. General	1537
MDZ - PMQ	American Jet	Cabotaje	Comercial	1537
MDZ - PMQ	N/A	Cabotaje	Av. General	1537
RES - VDM	Aerolíneas Argentinas	Cabotaje	Comercial	1537
RES - VDM	N/A	Cabotaje	Av. General	1537
RES - VDM	N/A	Cabotaje	Comercial	1537
ARI - RES		Internacional	Av. General	1536
ARI - RES	N/A	Internacional	Av. General	1536
JUJ - TDL	American Jet	Cabotaje	Av. General	1535
JUJ - TDL	American Jet	Cabotaje	Comercial	1535
JUJ - TDL	N/A	Cabotaje	Av. General	1535
NQN - RES		Cabotaje	Av. General	1533
NQN - RES		Cabotaje	Comercial	1533
NQN - RES	American Jet	Cabotaje	Comercial	1533
NQN - RES	N/A	Cabotaje	Av. General	1533
NQN - RES	N/A	Cabotaje	Comercial	1533
PMC - USH	Aerocardal	Internacional	Comercial	1533
PMC - USH	N/A	Internacional	Av. General	1533
PMC - USH	N/A	Internacional	Comercial	1533
AQP - IRJ	Aerolíneas Argentinas	Internacional	Comercial	1532
CPC - PDP		Internacional	Av. General	1529
CPC - PDP		Internacional	Comercial	1529
CPC - PDP	Línea Aérea SAPSA	Internacional	Av. General	1529
CPC - PDP	N/A	Internacional	Av. General	1529
CPC - PDP	N/A	Internacional	Comercial	1529
BSB - PSS		Internacional	Av. General	1528
BSB - PSS	Fuerza Aérea Brasilera	Internacional	Av. General	1528
BSB - PSS	N/A	Internacional	Av. General	1528
COR - VVI		Internacional	Av. General	1527
COR - VVI		Internacional	Comercial	1527
COR - VVI	Aerolíneas Argentinas	Internacional	Comercial	1527
COR - VVI	Amaszonas	Internacional	Av. General	1527
COR - VVI	Amaszonas	Internacional	Comercial	1527
COR - VVI	Andes Líneas Aéreas	Internacional	Comercial	1527
COR - VVI	Austral Líneas Aéreas	Internacional	Comercial	1527
COR - VVI	Boliviana de Aviacion	Internacional	Comercial	1527
COR - VVI	Copa Airlines	Internacional	Comercial	1527
COR - VVI	N/A	Internacional	Av. General	1527
COR - VVI	N/A	Internacional	Comercial	1527
CWB - SDE		Internacional	Av. General	1525
IGR - RSA		Cabotaje	Comercial	1525
IGR - RSA	N/A	Cabotaje	Comercial	1525
FDO - OLN	N/A	Cabotaje	Av. General	1524
POA - SLA	N/A	Internacional	Av. General	1524
CBB - IGR	N/A	Internacional	Av. General	1523
CBB - IGR	N/A	Internacional	Comercial	1523
EZE - WCH	N/A	Internacional	Av. General	1520
CMG - COR		Internacional	Av. General	1520
COR - JSM	N/A	Cabotaje	Av. General	1519
IGU - UAQ	N/A	Internacional	Av. General	1514
IGU - UAQ	N/A	Internacional	Comercial	1514
JUJ - PDP		Internacional	Av. General	1513
JUJ - PDP	N/A	Internacional	Av. General	1513
JUJ - POA	N/A	Internacional	Av. General	1512
CGR - ROS		Internacional	Av. General	1511
CGR - ROS	N/A	Internacional	Av. General	1511
CJC - IGR		Internacional	Comercial	1509
CJC - IGR	N/A	Internacional	Av. General	1509
CJC - IGR	N/A	Internacional	Comercial	1509
IGR - UAQ		Cabotaje	Comercial	1507
IGR - UAQ	N/A	Cabotaje	Av. General	1507
IGR - UAQ	N/A	Cabotaje	Comercial	1507
CPC - SDE		Cabotaje	Av. General	1507
CPC - SDE		Cabotaje	Comercial	1507
CPC - SDE	JetSMART Airlines	Cabotaje	Comercial	1507
CPC - SDE	N/A	Cabotaje	Av. General	1507
CPC - SDE	N/A	Cabotaje	Comercial	1507
BHI - FTE		Cabotaje	Av. General	1504
BHI - FTE		Cabotaje	Comercial	1504
BHI - FTE	Aerolíneas Argentinas	Cabotaje	Comercial	1504
BHI - FTE	American Jet	Cabotaje	Comercial	1504
BHI - FTE	Andes Líneas Aéreas	Cabotaje	Comercial	1504
BHI - FTE	N/A	Cabotaje	Av. General	1504
BHI - FTE	N/A	Cabotaje	Comercial	1504
RHD - VDM	N/A	Cabotaje	Comercial	1501
SLA - TDL		Cabotaje	Av. General	1501
SLA - TDL	Fuerza Aérea Argentina	Cabotaje	Av. General	1501
BRC - MVD		Internacional	Av. General	1499
BRC - MVD		Internacional	Comercial	1499
BRC - MVD	Aerolíneas Argentinas	Internacional	Comercial	1499
BRC - MVD	American Jet	Internacional	Comercial	1499
BRC - MVD	Andes Líneas Aéreas	Internacional	Comercial	1499
BRC - MVD	Execujet Charter	Internacional	Av. General	1499
BRC - MVD	Fuerza Aérea Uruguaya	Internacional	Av. General	1499
BRC - MVD	Jet Aviation	Internacional	Av. General	1499
BRC - MVD	Jet Aviation	Internacional	Comercial	1499
BRC - MVD	JetSMART Airlines	Internacional	Comercial	1499
BRC - MVD	N/A	Internacional	Av. General	1499
BRC - MVD	N/A	Internacional	Comercial	1499
IRJ - PMY	N/A	Cabotaje	Comercial	1497
PDP - SLA		Internacional	Av. General	1497
PDP - SLA		Internacional	Comercial	1497
PDP - SLA	N/A	Internacional	Av. General	1497
PDP - SLA	N/A	Internacional	Comercial	1497
AEP - PMC		Internacional	Av. General	1495
AEP - PMC	Fuerza Aérea Argentina	Internacional	Av. General	1495
AEP - PMC	N/A	Internacional	Av. General	1495
AEP - PMC	N/A	Internacional	Comercial	1495
AEP - BYC		Internacional	Av. General	1493
EZE - OLN	Aerolíneas Argentinas	Cabotaje	Comercial	1493
FDO - PMC		Internacional	Av. General	1489
FDO - PMC		Internacional	Comercial	1489
FDO - PMC	N/A	Internacional	Av. General	1489
FDO - PMC	N/A	Internacional	Comercial	1489
MDQ - NVT	N/A	Internacional	Comercial	1487
ARI - UAQ	American Jet	Internacional	Comercial	1485
LUQ - POA	N/A	Internacional	Av. General	1483
BRC - CTC		Cabotaje	Av. General	1481
BRC - CTC		Cabotaje	Comercial	1481
BRC - CTC	Andes Líneas Aéreas	Cabotaje	Comercial	1481
RGA - VDM		Cabotaje	Comercial	1480
RGA - VDM	Fuerza Aérea Argentina	Cabotaje	Av. General	1480
RGA - VDM	N/A	Cabotaje	Av. General	1480
RGA - VDM	N/A	Cabotaje	Comercial	1480
AFA - PUD		Cabotaje	Av. General	1478
AFA - PUD		Cabotaje	Comercial	1478
FDO - JSM		Cabotaje	Av. General	1476
FDO - JSM	N/A	Cabotaje	Comercial	1476
COC - REL	Línea Aérea SAPSA	Cabotaje	Av. General	1473
COC - REL	Línea Aérea SAPSA	Cabotaje	Comercial	1473
COC - REL	N/A	Cabotaje	Av. General	1473
HOS - SLA	N/A	Cabotaje	Av. General	1472
CRD - KNA	Aerocardal	Internacional	Av. General	1469
EZE - PMC		Internacional	Comercial	1469
EZE - PMC	N/A	Internacional	Av. General	1469
EZE - PMC	N/A	Internacional	Comercial	1469
EZE - PMC	NetJets	Internacional	Comercial	1469
EZE - PMC	Sirio	Internacional	Av. General	1469
EZE - PMC	TAG Aviation	Internacional	Av. General	1469
CRD - FDO		Cabotaje	Av. General	1468
CRD - FDO		Cabotaje	Comercial	1468
CRD - FDO	American Jet	Cabotaje	Av. General	1468
CRD - FDO	American Jet	Cabotaje	Comercial	1468
CRD - FDO	Ameriflight	Cabotaje	Av. General	1468
CRD - FDO	Fuerza Aérea Argentina	Cabotaje	Av. General	1468
CRD - FDO	Gendarmería Nacional	Cabotaje	Av. General	1468
CRD - FDO	Línea Aérea SAPSA	Cabotaje	Av. General	1468
CRD - FDO	Línea Aérea SAPSA	Cabotaje	Comercial	1468
CRD - FDO	N/A	Cabotaje	Av. General	1468
CRD - FDO	N/A	Cabotaje	Comercial	1468
CRD - FDO	Prefectura Naval Argentina	Cabotaje	Av. General	1468
AEP - CRD		Cabotaje	Av. General	1466
AEP - CRD		Cabotaje	Comercial	1466
AEP - CRD	Aerolíneas Argentinas	Cabotaje	Av. General	1466
AEP - CRD	Aerolíneas Argentinas	Cabotaje	Comercial	1466
AEP - CRD	Aeroméxico	Cabotaje	Comercial	1466
AEP - CRD	American Jet	Cabotaje	Av. General	1466
AEP - CRD	American Jet	Cabotaje	Comercial	1466
AEP - CRD	Andes Líneas Aéreas	Cabotaje	Comercial	1466
AEP - CRD	Austral Líneas Aéreas	Cabotaje	Comercial	1466
AEP - CRD	Avianca	Cabotaje	Comercial	1466
AEP - CRD	Ejército Argentino	Cabotaje	Av. General	1466
AEP - CRD	Flybondi	Cabotaje	Comercial	1466
AEP - CRD	Flyest	Cabotaje	Comercial	1466
AEP - CRD	Fuerza Aérea Argentina	Cabotaje	Av. General	1466
AEP - CRD	Fuerza Aérea Argentina	Cabotaje	Comercial	1466
AEP - CRD	Gendarmería Nacional	Cabotaje	Av. General	1466
AEP - CRD	JetSMART Airlines	Cabotaje	Comercial	1466
AEP - CRD	LADE - Líneas Aéreas Del Estado	Cabotaje	Av. General	1466
AEP - CRD	LADE - Líneas Aéreas Del Estado	Cabotaje	Comercial	1466
AEP - CRD	LATAM Argentina	Cabotaje	Comercial	1466
AEP - CRD	Macair Jet	Cabotaje	Av. General	1466
AEP - CRD	Macair Jet	Cabotaje	Comercial	1466
AEP - CRD	N/A	Cabotaje	Av. General	1466
AEP - CRD	N/A	Cabotaje	Comercial	1466
AEP - CRD	Prefectura Naval Argentina	Cabotaje	Av. General	1466
AEP - CRD	SOL Líneas Aéreas	Cabotaje	Comercial	1466
GRU - RCQ	N/A	Internacional	Av. General	1465
OES - RGA	N/A	Cabotaje	Comercial	1464
SDE - VDM		Cabotaje	Av. General	1464
SDE - VDM	N/A	Cabotaje	Av. General	1464
SDE - VDM	N/A	Cabotaje	Comercial	1464
NQN - PNT		Internacional	Av. General	1456
NQN - PNT	Ameriflight	Internacional	Av. General	1456
JUJ - MVD	N/A	Internacional	Comercial	1455
CPC - MVD		Internacional	Av. General	1454
CPC - MVD		Internacional	Comercial	1454
CPC - MVD	N/A	Internacional	Av. General	1454
CPC - MVD	N/A	Internacional	Comercial	1454
CRD - EPA		Cabotaje	Av. General	1452
CRD - EPA		Cabotaje	Comercial	1452
CRD - EPA	Ejército Argentino	Cabotaje	Av. General	1452
CRD - EPA	Fuerza Aérea Argentina	Cabotaje	Av. General	1452
CRD - EPA	Gendarmería Nacional	Cabotaje	Av. General	1452
CRD - EPA	N/A	Cabotaje	Av. General	1452
CRD - EPA	N/A	Cabotaje	Comercial	1452
CRD - EPA	Prefectura Naval Argentina	Cabotaje	Av. General	1452
FMA - SCL		Internacional	Comercial	1451
CRD - LPG		Cabotaje	Av. General	1449
CRD - LPG		Cabotaje	Comercial	1449
CRD - LPG	Fuerza Aérea Argentina	Cabotaje	Av. General	1449
CRD - LPG	N/A	Cabotaje	Av. General	1449
EZE - JSM	Aerolíneas Argentinas	Cabotaje	Comercial	1448
CRD - MDZ		Cabotaje	Av. General	1446
CRD - MDZ		Cabotaje	Comercial	1446
CRD - MDZ	Aerolíneas Argentinas	Cabotaje	Comercial	1446
CRD - MDZ	American Jet	Cabotaje	Av. General	1446
CRD - MDZ	American Jet	Cabotaje	Comercial	1446
CRD - MDZ	Austral Líneas Aéreas	Cabotaje	Comercial	1446
CRD - MDZ	Fuerza Aérea Argentina	Cabotaje	Av. General	1446
CRD - MDZ	LADE - Líneas Aéreas Del Estado	Cabotaje	Av. General	1446
CRD - MDZ	LADE - Líneas Aéreas Del Estado	Cabotaje	Comercial	1446
CRD - MDZ	LATAM Argentina	Cabotaje	Comercial	1446
CRD - MDZ	N/A	Cabotaje	Av. General	1446
CRD - MDZ	N/A	Cabotaje	Comercial	1446
PMC - ROS		Internacional	Av. General	1445
PMC - ROS	N/A	Internacional	Av. General	1445
EQS - LPG		Cabotaje	Av. General	1445
RSA - ULA	N/A	Cabotaje	Comercial	1444
CRD - MOR		Cabotaje	Av. General	1444
CRD - MOR		Cabotaje	Comercial	1444
CRD - MOR	American Jet	Cabotaje	Av. General	1444
CRD - MOR	Fuerza Aérea Argentina	Cabotaje	Av. General	1444
CRD - MOR	Gendarmería Nacional	Cabotaje	Av. General	1444
CRD - MOR	N/A	Cabotaje	Av. General	1444
CRD - MOR	N/A	Cabotaje	Comercial	1444
CRD - PDI	Armada Argentina	Cabotaje	Av. General	1443
CRD - PDI	Fuerza Aérea Argentina	Cabotaje	Av. General	1443
AEP - EQS		Cabotaje	Av. General	1441
AEP - EQS		Cabotaje	Comercial	1441
AEP - EQS	Aerolíneas Argentinas	Cabotaje	Comercial	1441
AEP - EQS	American Jet	Cabotaje	Av. General	1441
AEP - EQS	American Jet	Cabotaje	Comercial	1441
AEP - EQS	Andes Líneas Aéreas	Cabotaje	Comercial	1441
AEP - EQS	Austral Líneas Aéreas	Cabotaje	Comercial	1441
AEP - EQS	Flybondi	Cabotaje	Comercial	1441
AEP - EQS	Fuerza Aérea Argentina	Cabotaje	Av. General	1441
AEP - EQS	Gestair	Cabotaje	Av. General	1441
AEP - EQS	Gestair	Cabotaje	Comercial	1441
AEP - EQS	JetSMART Airlines	Cabotaje	Comercial	1441
AEP - EQS	LATAM Argentina	Cabotaje	Comercial	1441
AEP - EQS	N/A	Cabotaje	Av. General	1441
AEP - EQS	N/A	Cabotaje	Comercial	1441
BHI - FMA		Cabotaje	Av. General	1441
BHI - FMA		Cabotaje	Comercial	1441
CRD - RCU		Cabotaje	Av. General	1440
CRD - RCU		Cabotaje	Comercial	1440
CRD - RCU	American Jet	Cabotaje	Comercial	1440
CRD - RCU	Fuerza Aérea Argentina	Cabotaje	Av. General	1440
CRD - RCU	N/A	Cabotaje	Av. General	1440
CRD - RCU	N/A	Cabotaje	Comercial	1440
CPC - PUQ		Internacional	Comercial	1439
EQS - FDO		Cabotaje	Av. General	1438
EQS - FDO		Cabotaje	Comercial	1438
EQS - FDO	American Jet	Cabotaje	Av. General	1438
EQS - FDO	American Jet	Cabotaje	Comercial	1438
EQS - FDO	Gendarmería Nacional	Cabotaje	Av. General	1438
EQS - FDO	Gestair	Cabotaje	Av. General	1438
EQS - FDO	Línea Aérea SAPSA	Cabotaje	Comercial	1438
EQS - FDO	N/A	Cabotaje	Av. General	1438
EQS - FDO	N/A	Cabotaje	Comercial	1438
CPO - EZE	TAG Aviation USA	Internacional	Comercial	1438
MVD - SLA		Internacional	Av. General	1437
MVD - SLA		Internacional	Comercial	1437
MVD - SLA	Fuerza Aérea Uruguaya	Internacional	Av. General	1437
MVD - SLA	N/A	Internacional	Av. General	1437
MVD - SLA	N/A	Internacional	Comercial	1437
ESG - EZE	N/A	Internacional	Comercial	1436
EQS - ROS		Cabotaje	Av. General	1435
EQS - ROS		Cabotaje	Comercial	1435
EQS - ROS	N/A	Cabotaje	Av. General	1435
EQS - ROS	N/A	Cabotaje	Comercial	1435
CRD - EZE		Cabotaje	Av. General	1435
CRD - EZE		Cabotaje	Comercial	1435
CRD - EZE	Aerolíneas Argentinas	Cabotaje	Comercial	1435
CRD - EZE	American Jet	Cabotaje	Av. General	1435
CRD - EZE	American Jet	Cabotaje	Comercial	1435
CRD - EZE	Andes Líneas Aéreas	Cabotaje	Comercial	1435
CRD - EZE	Austral Líneas Aéreas	Cabotaje	Comercial	1435
CRD - EZE	Flybondi	Cabotaje	Comercial	1435
CRD - EZE	JetSMART Airlines	Cabotaje	Comercial	1435
CRD - EZE	LATAM Argentina	Cabotaje	Comercial	1435
CRD - EZE	N/A	Cabotaje	Av. General	1435
CRD - EZE	N/A	Cabotaje	Comercial	1435
MOR - TTG		Cabotaje	Av. General	1433
AEP - CPO	American Jet	Internacional	Comercial	1431
AEP - CPO	Andes Líneas Aéreas	Internacional	Comercial	1431
AEP - CPO	Flyest	Internacional	Comercial	1431
AEP - CPO	N/A	Internacional	Av. General	1431
CUZ - SLA		Internacional	Av. General	1430
CUZ - SLA		Internacional	Comercial	1430
CUZ - SLA	N/A	Internacional	Av. General	1430
OVR - SLA		Cabotaje	Comercial	1430
AFA - PSS	N/A	Cabotaje	Av. General	1430
AFA - PSS	N/A	Cabotaje	Comercial	1430
PMC - RGA		Internacional	Av. General	1430
PMC - RGA	N/A	Internacional	Av. General	1430
APZ - TUC		Cabotaje	Av. General	1429
AEP - TTG		Cabotaje	Av. General	1429
AEP - TTG		Cabotaje	Comercial	1429
AEP - TTG	Fuerza Aérea Argentina	Cabotaje	Av. General	1429
AEP - TTG	Gendarmería Nacional	Cabotaje	Av. General	1429
AEP - TTG	Macair Jet	Cabotaje	Comercial	1429
AEP - TTG	N/A	Cabotaje	Av. General	1429
AEP - TTG	N/A	Cabotaje	Comercial	1429
AEP - TTG	Prefectura Naval Argentina	Cabotaje	Av. General	1429
BRC - RGA		Cabotaje	Av. General	1428
BRC - RGA		Cabotaje	Comercial	1428
BRC - RGA	Fuerza Aérea Argentina	Cabotaje	Av. General	1428
BRC - RGA	N/A	Cabotaje	Av. General	1428
BRC - RGA	N/A	Cabotaje	Comercial	1428
COR - EQS		Cabotaje	Av. General	1428
COR - EQS		Cabotaje	Comercial	1428
COR - EQS	Aerolíneas Argentinas	Cabotaje	Comercial	1428
COR - EQS	Flybondi	Cabotaje	Comercial	1428
COR - EQS	Fuerza Aérea Argentina	Cabotaje	Av. General	1428
COR - EQS	N/A	Cabotaje	Av. General	1428
COR - EQS	N/A	Cabotaje	Comercial	1428
EPA - TTG	Ejército Argentino	Cabotaje	Av. General	1427
EPA - TTG	Fuerza Aérea Argentina	Cabotaje	Av. General	1427
EPA - TTG	Gendarmería Nacional	Cabotaje	Av. General	1427
EPA - TTG	N/A	Cabotaje	Comercial	1427
BRC - NCJ		Cabotaje	Av. General	1426
BRC - NCJ		Cabotaje	Comercial	1426
BRC - NCJ	N/A	Cabotaje	Av. General	1426
BRC - NCJ	N/A	Cabotaje	Comercial	1426
EPA - EQS		Cabotaje	Av. General	1424
EPA - EQS	Ejército Argentino	Cabotaje	Av. General	1424
EPA - EQS	Fuerza Aérea Argentina	Cabotaje	Av. General	1424
EPA - EQS	Gendarmería Nacional	Cabotaje	Av. General	1424
EPA - EQS	N/A	Cabotaje	Comercial	1424
IGR - VMA		Cabotaje	Comercial	1423
IGR - VMA	N/A	Cabotaje	Av. General	1423
IGR - VMA	N/A	Cabotaje	Comercial	1423
MDQ - TUC		Cabotaje	Av. General	1422
MDQ - TUC		Cabotaje	Comercial	1422
MDQ - TUC	Aerolíneas Argentinas	Cabotaje	Comercial	1422
MDQ - TUC	Austral Líneas Aéreas	Cabotaje	Comercial	1422
MDQ - TUC	Fuerza Aérea Argentina	Cabotaje	Av. General	1422
MDQ - TUC	Macair Jet	Cabotaje	Comercial	1422
MDQ - TUC	N/A	Cabotaje	Av. General	1422
MDQ - TUC	N/A	Cabotaje	Comercial	1422
MDQ - TUC	Sirio	Cabotaje	Av. General	1422
GPO - IGR		Cabotaje	Av. General	1419
GPO - IGR	N/A	Cabotaje	Av. General	1419
FLN - MDQ		Internacional	Av. General	1419
FLN - MDQ	Brazilian Air Force	Internacional	Av. General	1419
FLN - MDQ	Fuerza Aérea Brasilera	Internacional	Av. General	1419
FLN - MDQ	N/A	Internacional	Av. General	1419
FLN - MDQ	N/A	Internacional	Comercial	1419
ASU - RSA	American Jet	Internacional	Comercial	1417
EQS - MOR		Cabotaje	Av. General	1417
EQS - MOR		Cabotaje	Comercial	1417
EZE - ORA	N/A	Cabotaje	Av. General	1415
EZE - ORA	N/A	Cabotaje	Comercial	1415
ANF - ROS		Internacional	Av. General	1415
ANF - ROS		Internacional	Comercial	1415
ANF - ROS	N/A	Internacional	Av. General	1415
ASU - MDQ		Internacional	Av. General	1413
ASU - MDQ		Internacional	Comercial	1413
ASU - MDQ	Aerolíneas Argentinas	Internacional	Comercial	1413
ASU - MDQ	Austral Líneas Aéreas	Internacional	Comercial	1413
ASU - MDQ	N/A	Internacional	Av. General	1413
ASU - MDQ	N/A	Internacional	Comercial	1413
EQS - EZE		Cabotaje	Av. General	1413
EQS - EZE		Cabotaje	Comercial	1413
EQS - EZE	Aerolíneas Argentinas	Cabotaje	Av. General	1413
EQS - EZE	Aerolíneas Argentinas	Cabotaje	Comercial	1413
EQS - EZE	American Jet	Cabotaje	Comercial	1413
EQS - EZE	Austral Líneas Aéreas	Cabotaje	Comercial	1413
EQS - EZE	Gestair	Cabotaje	Av. General	1413
EQS - EZE	Gestair	Cabotaje	Comercial	1413
EQS - EZE	N/A	Cabotaje	Av. General	1413
EQS - EZE	N/A	Cabotaje	Comercial	1413
EQS - EZE	NetJets	Cabotaje	Av. General	1413
EQS - EZE	NetJets	Cabotaje	Comercial	1413
AGT - MDQ	N/A	Internacional	Av. General	1412
NQN - RGL		Cabotaje	Av. General	1412
NQN - RGL		Cabotaje	Comercial	1412
NQN - RGL	American Jet	Cabotaje	Comercial	1412
NQN - RGL	Austral Líneas Aéreas	Cabotaje	Comercial	1412
NQN - RGL	Ejército Argentino	Cabotaje	Av. General	1412
NQN - RGL	Fuerza Aérea Argentina	Cabotaje	Av. General	1412
NQN - RGL	N/A	Cabotaje	Av. General	1412
NQN - RGL	N/A	Cabotaje	Comercial	1412
CPO - FDO		Internacional	Av. General	1412
CPO - FDO	American Jet	Internacional	Comercial	1412
FDO - TTG		Cabotaje	Av. General	1412
FDO - TTG		Cabotaje	Comercial	1412
FDO - TTG	American Jet	Cabotaje	Av. General	1412
FDO - TTG	American Jet	Cabotaje	Comercial	1412
FDO - TTG	Gendarmería Nacional	Cabotaje	Av. General	1412
FDO - TTG	N/A	Cabotaje	Av. General	1412
FDO - TTG	N/A	Cabotaje	Comercial	1412
BRC - PRA		Cabotaje	Av. General	1411
BRC - PRA		Cabotaje	Comercial	1411
BRC - PRA	Andes Líneas Aéreas	Cabotaje	Comercial	1411
BRC - PRA	Fuerza Aérea Argentina	Cabotaje	Av. General	1411
BRC - PRA	N/A	Cabotaje	Av. General	1411
GNR - RGL	N/A	Cabotaje	Comercial	1410
FDO - ZAL		Internacional	Comercial	1410
CRD - SCL		Internacional	Av. General	1408
CRD - SCL		Internacional	Comercial	1408
CRD - SCL	Aeroandina	Internacional	Comercial	1408
CRD - SCL	Aerocardal	Internacional	Av. General	1408
CRD - SCL	Chief of Staff, United States Air Force	Internacional	Av. General	1408
CRD - SCL	LATAM	Internacional	Comercial	1408
CRD - SCL	N/A	Internacional	Av. General	1408
CRD - SCL	N/A	Internacional	Comercial	1408
CRD - SCL	Volga-Dnepr Airlines	Internacional	Av. General	1408
AEP - EHL		Cabotaje	Comercial	1408
AEP - EHL	Línea Aérea SAPSA	Cabotaje	Av. General	1408
AEP - EHL	Línea Aérea SAPSA	Cabotaje	Comercial	1408
AEP - EHL	N/A	Cabotaje	Av. General	1408
AEP - EHL	N/A	Cabotaje	Comercial	1408
POA - TUC		Internacional	Av. General	1408
POA - TUC	Flyest	Internacional	Comercial	1408
POA - TUC	LATAM	Internacional	Av. General	1408
POA - TUC	LATAM	Internacional	Comercial	1408
POA - TUC	N/A	Internacional	Av. General	1408
POA - TUC	N/A	Internacional	Comercial	1408
CUZ - JUJ	N/A	Internacional	Av. General	1406
CUZ - JUJ	N/A	Internacional	Comercial	1406
EHL - FDO		Cabotaje	Av. General	1404
EHL - FDO		Cabotaje	Comercial	1404
EHL - FDO	N/A	Cabotaje	Av. General	1404
EHL - FDO	N/A	Cabotaje	Comercial	1404
IGU - MDQ	N/A	Internacional	Av. General	1404
IGU - MDQ	N/A	Internacional	Comercial	1404
NCJ - REL		Cabotaje	Comercial	1403
ESR - FDO	Aerocardal	Internacional	Av. General	1403
ESR - FDO	N/A	Internacional	Av. General	1403
CUT - TUC	American Jet	Cabotaje	Comercial	1401
BHI - POA	Aerolíneas Argentinas	Internacional	Comercial	1400
BHI - POA	N/A	Internacional	Av. General	1400
BRC - SFN		Cabotaje	Av. General	1399
BRC - SFN		Cabotaje	Comercial	1399
BRC - SFN	Aerolíneas Argentinas	Cabotaje	Comercial	1399
BRC - SFN	American Jet	Cabotaje	Av. General	1399
BRC - SFN	American Jet	Cabotaje	Comercial	1399
BRC - SFN	Andes Líneas Aéreas	Cabotaje	Av. General	1399
BRC - SFN	Andes Líneas Aéreas	Cabotaje	Comercial	1399
BRC - SFN	Fuerza Aérea Argentina	Cabotaje	Av. General	1399
BRC - SFN	LADE - Líneas Aéreas Del Estado	Cabotaje	Comercial	1399
BRC - SFN	N/A	Cabotaje	Av. General	1399
BRC - SFN	N/A	Cabotaje	Comercial	1399
BRC - RAF		Cabotaje	Av. General	1398
IGR - UYU	N/A	Internacional	Av. General	1396
IGR - UYU	N/A	Internacional	Comercial	1396
CRD - LUQ		Cabotaje	Av. General	1396
CRD - VMA		Cabotaje	Comercial	1396
CRD - LUQ	Fuerza Aérea Argentina	Cabotaje	Av. General	1396
CRD - LUQ	N/A	Cabotaje	Av. General	1396
CRD - LUQ	N/A	Cabotaje	Comercial	1396
EZE - ZAL	N/A	Internacional	Comercial	1395
ESG - FDO		Internacional	Av. General	1395
ESG - FDO		Internacional	Comercial	1395
ESG - FDO	Aerolíneas Argentinas	Internacional	Comercial	1395
ESG - FDO	N/A	Internacional	Comercial	1395
AEP - ORA		Cabotaje	Av. General	1394
AEP - ORA	Aerolíneas Argentinas	Cabotaje	Comercial	1394
AEP - ORA	Gendarmería Nacional	Cabotaje	Av. General	1394
AEP - ORA	JetSMART Airlines	Cabotaje	Comercial	1394
AEP - ORA	N/A	Cabotaje	Av. General	1394
AEP - ORA	N/A	Cabotaje	Comercial	1394
CWB - ROS		Internacional	Av. General	1393
CWB - ROS	Flyest	Internacional	Av. General	1393
CWB - ROS	Gol Transportes Aéreos	Internacional	Comercial	1393
CWB - ROS	N/A	Internacional	Av. General	1393
CWB - ROS	N/A	Internacional	Comercial	1393
CWB - ROS	WebJet Linhas Aéreas	Internacional	Av. General	1393
CWB - ROS	WebJet Linhas Aéreas	Internacional	Comercial	1393
BGX - MDZ	N/A	Internacional	Comercial	1392
EPA - ORA	Gendarmería Nacional	Cabotaje	Av. General	1391
CTC - VDM		Cabotaje	Av. General	1389
CTC - VDM		Cabotaje	Comercial	1389
CTC - VDM	N/A	Cabotaje	Av. General	1389
CTC - VDM	N/A	Cabotaje	Comercial	1389
IGR - MDQ	Aerolíneas Argentinas	Cabotaje	Comercial	1389
IGR - MDQ	N/A	Cabotaje	Av. General	1389
IGR - MDQ	N/A	Cabotaje	Comercial	1389
AEP - EMX	Aerolíneas Argentinas	Cabotaje	Comercial	1388
RYO - VDM	Ejército Argentino	Cabotaje	Av. General	1388
RYO - VDM	N/A	Cabotaje	Comercial	1388
BHI - PSS		Cabotaje	Av. General	1388
BHI - PSS		Cabotaje	Comercial	1388
BHI - PSS	N/A	Cabotaje	Av. General	1388
BHI - PSS	N/A	Cabotaje	Comercial	1388
MDQ - PMC	N/A	Internacional	Av. General	1383
ASU - MDZ		Internacional	Av. General	1383
ASU - MDZ		Internacional	Comercial	1383
ASU - MDZ	Aerolíneas Argentinas	Internacional	Comercial	1383
ASU - MDZ	Amaszonas	Internacional	Av. General	1383
ASU - MDZ	Amaszonas	Internacional	Comercial	1383
ASU - MDZ	Fuerza Aérea Paraguaya	Internacional	Av. General	1383
ASU - MDZ	Jet Aviation	Internacional	Comercial	1383
ASU - MDZ	LATAM Cargo Uruguay	Internacional	Comercial	1383
ASU - MDZ	N/A	Internacional	Av. General	1383
ASU - MDZ	N/A	Internacional	Comercial	1383
ASU - MDZ	Royal Jet	Internacional	Av. General	1383
PSS - SDU	N/A	Internacional	Av. General	1382
EHL - EZE		Cabotaje	Av. General	1381
EHL - EZE		Cabotaje	Comercial	1381
EHL - EZE	N/A	Cabotaje	Av. General	1381
EHL - EZE	N/A	Cabotaje	Comercial	1381
GIG - PSS		Internacional	Av. General	1379
GIG - PSS	American Jet	Internacional	Comercial	1379
GIG - PSS	N/A	Internacional	Av. General	1379
IGR - VME		Cabotaje	Av. General	1378
BFH - EZE	Aerolíneas Argentinas	Internacional	Comercial	1378
BFH - EZE	Austral Líneas Aéreas	Internacional	Comercial	1378
BFH - EZE	Gol Transportes Aéreos	Internacional	Comercial	1378
NQN - TUC		Cabotaje	Av. General	1377
NQN - TUC		Cabotaje	Comercial	1377
NQN - TUC	Aerolíneas Argentinas	Cabotaje	Comercial	1377
NQN - TUC	American Jet	Cabotaje	Av. General	1377
NQN - TUC	American Jet	Cabotaje	Comercial	1377
NQN - TUC	Andes Líneas Aéreas	Cabotaje	Comercial	1377
NQN - TUC	Fuerza Aérea Argentina	Cabotaje	Av. General	1377
NQN - TUC	LATAM Argentina	Cabotaje	Comercial	1377
COR - PMC	N/A	Internacional	Av. General	1377
NQN - TUC	N/A	Cabotaje	Av. General	1377
COR - PMC	N/A	Internacional	Comercial	1377
NQN - TUC	N/A	Cabotaje	Comercial	1377
FDO - ORA		Cabotaje	Av. General	1376
FDO - ORA		Cabotaje	Comercial	1376
FDO - ORA	Gendarmería Nacional	Cabotaje	Av. General	1376
FDO - ORA	N/A	Cabotaje	Av. General	1376
FDO - ORA	N/A	Cabotaje	Comercial	1376
KNA - MDQ	Aerocardal	Internacional	Av. General	1376
IQQ - MDZ		Internacional	Av. General	1376
IQQ - MDZ	Flyest	Internacional	Comercial	1376
IQQ - MDZ	JetSMART Airlines	Internacional	Comercial	1376
IQQ - MDZ	N/A	Internacional	Av. General	1376
IQQ - MDZ	N/A	Internacional	Comercial	1376
IQQ - MDZ	Sky Airline	Internacional	Comercial	1376
CCP - MDQ		Internacional	Av. General	1375
MDZ - PSS		Cabotaje	Av. General	1374
MDZ - PSS		Cabotaje	Comercial	1374
MDZ - PSS	Austral Líneas Aéreas	Cabotaje	Comercial	1374
MDZ - PSS	Fuerza Aérea Argentina	Cabotaje	Av. General	1374
MDZ - PSS	Fuerza Aérea Brasilera	Cabotaje	Av. General	1374
MDZ - PSS	LATAM	Cabotaje	Av. General	1374
MDZ - PSS	LATAM	Cabotaje	Comercial	1374
MDZ - PSS	N/A	Cabotaje	Av. General	1374
MDZ - PSS	N/A	Cabotaje	Comercial	1374
GNR - TUC		Cabotaje	Av. General	1374
GNR - TUC	N/A	Cabotaje	Av. General	1374
CWB - EZE	Aerolíneas Argentinas	Internacional	Comercial	1370
CWB - EZE	American Jet	Internacional	Comercial	1370
CWB - EZE	Austral Líneas Aéreas	Internacional	Comercial	1370
CWB - EZE	Avianca	Internacional	Comercial	1370
CWB - EZE	Avianca Cargo	Internacional	Comercial	1370
CWB - EZE	Azul Linhas Aéreas Brasileiras	Internacional	Comercial	1370
CWB - EZE	British Airways	Internacional	Comercial	1370
CWB - EZE	Ethiopian Airlines	Internacional	Comercial	1370
CWB - EZE	Flybondi	Internacional	Comercial	1370
CWB - EZE	Flyest	Internacional	Av. General	1370
CWB - EZE	Flyest	Internacional	Comercial	1370
CWB - EZE	Gol Transportes Aéreos	Internacional	Av. General	1370
CWB - EZE	Gol Transportes Aéreos	Internacional	Comercial	1370
CWB - EZE	JetBlue Airways	Internacional	Av. General	1370
CWB - EZE	JetSMART Airlines	Internacional	Comercial	1370
CWB - EZE	LATAM	Internacional	Av. General	1370
CWB - EZE	LATAM	Internacional	Comercial	1370
CWB - EZE	LATAM Argentina	Internacional	Comercial	1370
CWB - EZE	LATAM Cargo Uruguay	Internacional	Comercial	1370
CWB - EZE	Lufthansa Cargo	Internacional	Comercial	1370
CWB - EZE	N/A	Internacional	Av. General	1370
CWB - EZE	N/A	Internacional	Comercial	1370
CWB - EZE	Priester Aviation	Internacional	Comercial	1370
CWB - EZE	Sky Airline	Internacional	Comercial	1370
CWB - EZE	TAM Linhas Aéreas	Internacional	Comercial	1370
JUL - TUC	N/A	Internacional	Av. General	1370
CPC - CTC		Cabotaje	Av. General	1370
CPC - CTC	American Jet	Cabotaje	Comercial	1370
CPC - CTC	Fuerza Aérea Argentina	Cabotaje	Av. General	1370
CPC - CTC	N/A	Cabotaje	Av. General	1370
CPC - CTC	N/A	Cabotaje	Comercial	1370
BRC - IRJ		Cabotaje	Av. General	1368
BRC - IRJ		Cabotaje	Comercial	1368
BRC - IRJ	Andes Líneas Aéreas	Cabotaje	Av. General	1368
BRC - IRJ	Andes Líneas Aéreas	Cabotaje	Comercial	1368
BRC - IRJ	N/A	Cabotaje	Av. General	1368
BRC - IRJ	N/A	Cabotaje	Comercial	1368
IQQ - RES	N/A	Internacional	Av. General	1367
JUJ - LPG		Cabotaje	Av. General	1367
JUJ - LPG	N/A	Cabotaje	Av. General	1367
JUJ - LPG	N/A	Cabotaje	Comercial	1367
MDZ - MLZ	N/A	Internacional	Av. General	1367
ARR - MDZ	Fuerza Aérea Argentina	Cabotaje	Av. General	1367
PMY - USH		Cabotaje	Av. General	1365
PMY - USH		Cabotaje	Comercial	1365
PMY - USH	Aerolíneas Argentinas	Cabotaje	Comercial	1365
PMY - USH	American Jet	Cabotaje	Comercial	1365
PMY - USH	Andes Líneas Aéreas	Cabotaje	Comercial	1365
PMY - USH	Fuerza Aérea Argentina	Cabotaje	Av. General	1365
PMY - USH	Interjet	Cabotaje	Av. General	1365
PMY - USH	LADE - Líneas Aéreas Del Estado	Cabotaje	Comercial	1365
PMY - USH	N/A	Cabotaje	Av. General	1365
PMY - USH	N/A	Cabotaje	Comercial	1365
CNQ - LGS		Cabotaje	Av. General	1361
CNQ - LGS	N/A	Cabotaje	Av. General	1361
LCM - REL		Cabotaje	Av. General	1360
JUJ - RSA		Cabotaje	Av. General	1360
JUJ - RSA		Cabotaje	Comercial	1360
JUJ - RSA	N/A	Cabotaje	Av. General	1360
JUJ - RSA	N/A	Cabotaje	Comercial	1360
APZ - SDE		Cabotaje	Av. General	1359
APZ - SDE	N/A	Cabotaje	Av. General	1359
IGR - TDL		Cabotaje	Av. General	1357
IGR - TDL	N/A	Cabotaje	Av. General	1357
IGR - TDL	N/A	Cabotaje	Comercial	1357
EQS - VLG		Cabotaje	Av. General	1355
EQS - VLG	N/A	Cabotaje	Av. General	1355
BHI - RZA		Cabotaje	Av. General	1355
BHI - RZA	American Jet	Cabotaje	Comercial	1355
BHI - RZA	Ejército Argentino	Cabotaje	Av. General	1355
BHI - RZA	N/A	Cabotaje	Av. General	1355
BHI - RZA	N/A	Cabotaje	Comercial	1355
FDO - PMG		Internacional	Av. General	1355
FDO - PMG		Internacional	Comercial	1355
FDO - PMG	N/A	Internacional	Av. General	1355
CRD - VME		Cabotaje	Av. General	1354
CRD - VME		Cabotaje	Comercial	1354
CRD - VME	Fuerza Aérea Argentina	Cabotaje	Av. General	1354
AEP - PZS	LATAM Argentina	Internacional	Comercial	1352
BHI - TUC		Cabotaje	Av. General	1351
BHI - TUC		Cabotaje	Comercial	1351
BHI - TUC	Aerolíneas Argentinas	Cabotaje	Comercial	1351
BHI - TUC	American Jet	Cabotaje	Av. General	1351
BHI - TUC	American Jet	Cabotaje	Comercial	1351
BHI - TUC	Gendarmería Nacional	Cabotaje	Av. General	1351
BHI - TUC	N/A	Cabotaje	Av. General	1351
BHI - TUC	N/A	Cabotaje	Comercial	1351
MDQ - RHD		Cabotaje	Av. General	1351
MDQ - RHD		Cabotaje	Comercial	1351
MDQ - RHD	American Jet	Cabotaje	Comercial	1351
MDQ - RHD	N/A	Cabotaje	Av. General	1351
MDQ - RHD	N/A	Cabotaje	Comercial	1351
AEP - PJC	Fuerza Aérea Argentina	Internacional	Av. General	1351
AFA - FMA	N/A	Cabotaje	Av. General	1349
BRC - LPG		Cabotaje	Av. General	1348
BRC - LPG		Cabotaje	Comercial	1348
BRC - LPG	N/A	Cabotaje	Av. General	1348
BRC - LPG	N/A	Cabotaje	Comercial	1348
NVT - ROS	American Jet	Internacional	Comercial	1348
NVT - ROS	N/A	Internacional	Av. General	1348
AFA - PMQ	American Jet	Cabotaje	Av. General	1348
AFA - PMQ	American Jet	Cabotaje	Comercial	1348
AQP - TUC		Internacional	Av. General	1347
AQP - TUC		Internacional	Comercial	1347
AQP - TUC	Aerolíneas Argentinas	Internacional	Comercial	1347
AQP - TUC	LATAM Perú	Internacional	Comercial	1347
AQP - TUC	N/A	Internacional	Comercial	1347
AQP - TUC	Sirio	Internacional	Av. General	1347
AEP - CCP	Aerolíneas Argentinas	Internacional	Comercial	1346
AEP - CCP	Flyest	Internacional	Comercial	1346
AEP - CCP	Fuerza Aérea Argentina	Internacional	Av. General	1346
AEP - CCP	JetSMART Airlines	Internacional	Comercial	1346
AEP - CCP	N/A	Internacional	Av. General	1346
AEP - CCP	N/A	Internacional	Comercial	1346
AEP - CCP	Sky Airline	Internacional	Comercial	1346
EQS - USH		Cabotaje	Av. General	1345
EQS - USH	Fuerza Aérea Argentina	Cabotaje	Av. General	1345
EQS - USH	N/A	Cabotaje	Av. General	1345
EQS - USH	N/A	Cabotaje	Comercial	1345
CWB - FDO		Internacional	Av. General	1344
CWB - FDO		Internacional	Comercial	1344
CWB - FDO	American Jet	Internacional	Comercial	1344
CWB - FDO	N/A	Internacional	Av. General	1344
CWB - FDO	N/A	Internacional	Comercial	1344
LPG - SLA		Cabotaje	Av. General	1342
LPG - SLA	N/A	Cabotaje	Av. General	1342
FDO - PJC	N/A	Internacional	Av. General	1342
FDO - PZS	N/A	Internacional	Av. General	1342
FDO - PZS	N/A	Internacional	Comercial	1342
AEP - CWB		Internacional	Av. General	1342
AEP - CWB		Internacional	Comercial	1342
AEP - CWB	Aerolíneas Argentinas	Internacional	Comercial	1342
AEP - CWB	American Jet	Internacional	Comercial	1342
AEP - CWB	Andes Líneas Aéreas	Internacional	Comercial	1342
AEP - CWB	Austral Líneas Aéreas	Internacional	Comercial	1342
AEP - CWB	Flybondi	Internacional	Comercial	1342
AEP - CWB	Fuerza Aérea Brasilera	Internacional	Av. General	1342
AEP - CWB	Gol Transportes Aéreos	Internacional	Comercial	1342
AEP - CWB	N/A	Internacional	Av. General	1342
AEP - CWB	N/A	Internacional	Comercial	1342
AEP - CWB	TAM Linhas Aéreas	Internacional	Comercial	1342
COR - IQQ	N/A	Internacional	Av. General	1341
CGB - CNQ	N/A	Internacional	Av. General	1341
GRU - RES		Internacional	Av. General	1341
GRU - RES		Internacional	Comercial	1341
GRU - RES	Aerolíneas Argentinas	Internacional	Comercial	1341
GRU - RES	Andes Líneas Aéreas	Internacional	Comercial	1341
GRU - RES	LATAM	Internacional	Comercial	1341
GRU - RES	N/A	Internacional	Av. General	1341
GRU - RES	Sky Airline	Internacional	Comercial	1341
SST - TUC	N/A	Cabotaje	Av. General	1339
REL - SFN		Cabotaje	Av. General	1339
REL - SFN		Cabotaje	Comercial	1339
REL - SFN	American Jet	Cabotaje	Comercial	1339
REL - SFN	LADE - Líneas Aéreas Del Estado	Cabotaje	Comercial	1339
REL - SFN	Línea Aérea SAPSA	Cabotaje	Comercial	1339
REL - SFN	N/A	Cabotaje	Av. General	1339
REL - SFN	N/A	Cabotaje	Comercial	1339
PRA - REL		Cabotaje	Av. General	1339
PRA - REL	Fuerza Aérea Argentina	Cabotaje	Av. General	1339
PRA - REL	LADE - Líneas Aéreas Del Estado	Cabotaje	Av. General	1339
AEP - BRC		Cabotaje	Av. General	1337
AEP - BRC		Cabotaje	Comercial	1337
AEP - BRC	Aerolíneas Argentinas	Cabotaje	Av. General	1337
AEP - BRC	Aerolíneas Argentinas	Cabotaje	Comercial	1337
AEP - BRC	American Jet	Cabotaje	Av. General	1337
AEP - BRC	American Jet	Cabotaje	Comercial	1337
AEP - BRC	Andes Líneas Aéreas	Cabotaje	Av. General	1337
AEP - BRC	Andes Líneas Aéreas	Cabotaje	Comercial	1337
AEP - BRC	Austral Líneas Aéreas	Cabotaje	Av. General	1337
AEP - BRC	Austral Líneas Aéreas	Cabotaje	Comercial	1337
AEP - BRC	Avianca	Cabotaje	Av. General	1337
AEP - BRC	Avianca	Cabotaje	Comercial	1337
AEP - BRC	Avianca Uruguay	Cabotaje	Av. General	1337
AEP - BRC	Avianca Uruguay	Cabotaje	Comercial	1337
AEP - BRC	Benair	Cabotaje	Av. General	1337
AEP - BRC	Benair	Cabotaje	Comercial	1337
AEP - BRC	BETA - Brazilian Express Transportes Aéreos	Cabotaje	Av. General	1337
AEP - BRC	Chief of Staff, United States Air Force	Cabotaje	Av. General	1337
AEP - BRC	Ejército Argentino	Cabotaje	Av. General	1337
AEP - BRC	Execujet Charter	Cabotaje	Av. General	1337
AEP - BRC	Execujet Charter	Cabotaje	Comercial	1337
AEP - BRC	Flybondi	Cabotaje	Av. General	1337
AEP - BRC	Flybondi	Cabotaje	Comercial	1337
AEP - BRC	Flyest	Cabotaje	Comercial	1337
AEP - BRC	Fuerza Aérea Argentina	Cabotaje	Av. General	1337
AEP - BRC	Fuerza Aérea Brasilera	Cabotaje	Av. General	1337
AEP - BRC	Gendarmería Nacional	Cabotaje	Av. General	1337
AEP - BRC	Gestair	Cabotaje	Av. General	1337
AEP - BRC	Gestair	Cabotaje	Comercial	1337
AEP - BRC	JetSMART Airlines	Cabotaje	Comercial	1337
AEP - BRC	LADE - Líneas Aéreas Del Estado	Cabotaje	Av. General	1337
AEP - BRC	LADE - Líneas Aéreas Del Estado	Cabotaje	Comercial	1337
AEP - BRC	LATAM Argentina	Cabotaje	Comercial	1337
AEP - BRC	Línea Aérea SAPSA	Cabotaje	Av. General	1337
AEP - BRC	Línea Aérea SAPSA	Cabotaje	Comercial	1337
AEP - BRC	Macair Jet	Cabotaje	Comercial	1337
AEP - BRC	N/A	Cabotaje	Av. General	1337
AEP - BRC	N/A	Cabotaje	Comercial	1337
AEP - BRC	Norwegian Air Argentina	Cabotaje	Comercial	1337
AEP - BRC	Prefectura Naval Argentina	Cabotaje	Av. General	1337
AEP - BRC	Sky Airline	Cabotaje	Comercial	1337
AEP - BRC	SOL Líneas Aéreas	Cabotaje	Comercial	1337
NQN - RCQ		Cabotaje	Av. General	1335
NQN - RCQ		Cabotaje	Comercial	1335
CCP - FDO		Internacional	Av. General	1334
CCP - FDO		Internacional	Comercial	1334
CCP - FDO	Heliworks	Internacional	Av. General	1334
CCP - FDO	N/A	Internacional	Av. General	1334
CCP - FDO	N/A	Internacional	Comercial	1334
BRC - FDO		Cabotaje	Av. General	1331
BRC - FDO		Cabotaje	Comercial	1331
BRC - FDO	Aerolíneas Argentinas	Cabotaje	Comercial	1331
BRC - FDO	American Falcon	Cabotaje	Comercial	1331
BRC - FDO	American Jet	Cabotaje	Av. General	1331
BRC - FDO	American Jet	Cabotaje	Comercial	1331
BRC - FDO	Andes Líneas Aéreas	Cabotaje	Av. General	1331
BRC - FDO	Andes Líneas Aéreas	Cabotaje	Comercial	1331
BRC - FDO	Austral Líneas Aéreas	Cabotaje	Av. General	1331
BRC - FDO	Benair	Cabotaje	Av. General	1331
BRC - FDO	Benair	Cabotaje	Comercial	1331
BRC - FDO	Fuerza Aérea Argentina	Cabotaje	Av. General	1331
BRC - FDO	Gendarmería Nacional	Cabotaje	Av. General	1331
BRC - FDO	Helijet	Cabotaje	Av. General	1331
BRC - FDO	Interjet	Cabotaje	Av. General	1331
BRC - FDO	Interjet	Cabotaje	Comercial	1331
BRC - FDO	Línea Aérea SAPSA	Cabotaje	Av. General	1331
BRC - FDO	Línea Aérea SAPSA	Cabotaje	Comercial	1331
BRC - FDO	N/A	Cabotaje	Av. General	1331
BRC - FDO	N/A	Cabotaje	Comercial	1331
BRC - FDO	Prefectura Naval Argentina	Cabotaje	Av. General	1331
RGL - TNM	Fuerza Aérea Argentina	Internacional	Av. General	1331
CPC - PRA		Cabotaje	Av. General	1329
CPC - PRA	Fuerza Aérea Argentina	Cabotaje	Av. General	1329
CPC - PRA	N/A	Cabotaje	Av. General	1329
CPC - PRA	N/A	Cabotaje	Comercial	1329
CNQ - SCL		Internacional	Av. General	1329
CNQ - SCL	N/A	Internacional	Av. General	1329
CCP - EZE		Internacional	Av. General	1328
CCP - EZE		Internacional	Comercial	1328
CCP - EZE	Aerolíneas Argentinas	Internacional	Comercial	1328
CCP - EZE	Air Canada	Internacional	Comercial	1328
CCP - EZE	Andes Líneas Aéreas	Internacional	Comercial	1328
CCP - EZE	Antonov Airlines	Internacional	Comercial	1328
CCP - EZE	JetSMART Airlines	Internacional	Comercial	1328
CCP - EZE	LATAM	Internacional	Comercial	1328
CCP - EZE	LATAM Argentina	Internacional	Comercial	1328
CCP - EZE	N/A	Internacional	Av. General	1328
CCP - EZE	N/A	Internacional	Comercial	1328
CCP - EZE	Sky Airline	Internacional	Comercial	1328
CWB - SFN	N/A	Internacional	Av. General	1328
CWB - SFN	N/A	Internacional	Comercial	1328
CCP - EPA	JetSMART Airlines	Internacional	Comercial	1327
COR - REL		Cabotaje	Av. General	1327
COR - REL		Cabotaje	Comercial	1327
COR - REL	Aerolíneas Argentinas	Cabotaje	Av. General	1327
COR - REL	Aerolíneas Argentinas	Cabotaje	Comercial	1327
COR - REL	American Jet	Cabotaje	Av. General	1327
COR - REL	American Jet	Cabotaje	Comercial	1327
COR - REL	Armada Argentina	Cabotaje	Av. General	1327
COR - REL	Austral Líneas Aéreas	Cabotaje	Comercial	1327
COR - REL	Flybondi	Cabotaje	Comercial	1327
COR - REL	Gendarmería Nacional	Cabotaje	Av. General	1327
COR - REL	LADE - Líneas Aéreas Del Estado	Cabotaje	Av. General	1327
COR - REL	N/A	Cabotaje	Av. General	1327
COR - REL	N/A	Cabotaje	Comercial	1327
REL - UAQ		Cabotaje	Av. General	1325
REL - UAQ		Cabotaje	Comercial	1325
REL - UAQ	American Jet	Cabotaje	Comercial	1325
REL - UAQ	Flybondi	Cabotaje	Comercial	1325
REL - UAQ	Línea Aérea SAPSA	Cabotaje	Av. General	1325
REL - UAQ	N/A	Cabotaje	Av. General	1325
REL - UAQ	N/A	Cabotaje	Comercial	1325
IRJ - VDM		Cabotaje	Av. General	1324
IRJ - VDM		Cabotaje	Comercial	1324
EZE - JUJ		Cabotaje	Av. General	1322
EZE - JUJ		Cabotaje	Comercial	1322
EZE - JUJ	Aerolíneas Argentinas	Cabotaje	Comercial	1322
EZE - JUJ	American Jet	Cabotaje	Av. General	1322
EZE - JUJ	American Jet	Cabotaje	Comercial	1322
EZE - JUJ	Andes Líneas Aéreas	Cabotaje	Comercial	1322
EZE - JUJ	Austral Líneas Aéreas	Cabotaje	Comercial	1322
EZE - JUJ	Flybondi	Cabotaje	Av. General	1322
EZE - JUJ	Flybondi	Cabotaje	Comercial	1322
EZE - JUJ	Jet Aviation	Cabotaje	Comercial	1322
EZE - JUJ	JetSMART Airlines	Cabotaje	Comercial	1322
EZE - JUJ	N/A	Cabotaje	Av. General	1322
EZE - JUJ	N/A	Cabotaje	Comercial	1322
ROS - TJA	N/A	Internacional	Av. General	1321
BRC - PUQ		Internacional	Av. General	1319
BRC - PUQ	Aerovías DAP	Internacional	Comercial	1319
BRC - PUQ	American Jet	Internacional	Comercial	1319
BRC - PUQ	Chief of Staff, United States Air Force	Internacional	Av. General	1319
BRC - PUQ	N/A	Internacional	Av. General	1319
BRC - PUQ	N/A	Internacional	Comercial	1319
BRC - PUQ	Priester Aviation	Internacional	Av. General	1319
BRC - EPA		Cabotaje	Av. General	1319
BRC - EPA	Andes Líneas Aéreas	Cabotaje	Comercial	1319
BRC - EPA	Ejército Argentino	Cabotaje	Av. General	1319
BRC - EPA	Flybondi	Cabotaje	Comercial	1319
BRC - EPA	Fuerza Aérea Argentina	Cabotaje	Av. General	1319
BRC - EPA	Gendarmería Nacional	Cabotaje	Av. General	1319
BRC - EPA	JetSMART Airlines	Cabotaje	Comercial	1319
BRC - EPA	LADE - Líneas Aéreas Del Estado	Cabotaje	Av. General	1319
BRC - EPA	LADE - Líneas Aéreas Del Estado	Cabotaje	Comercial	1319
BRC - EPA	N/A	Cabotaje	Av. General	1319
BRC - EPA	N/A	Cabotaje	Comercial	1319
MDZ - TJA	N/A	Internacional	Av. General	1319
MDZ - TJA	N/A	Internacional	Comercial	1319
LGS - PDP		Internacional	Comercial	1318
LGS - PDP	N/A	Internacional	Av. General	1318
CPC - SFN		Cabotaje	Av. General	1315
REL - USH		Cabotaje	Av. General	1313
REL - USH		Cabotaje	Comercial	1313
REL - USH	Aerolíneas Argentinas	Cabotaje	Comercial	1313
REL - USH	American Jet	Cabotaje	Av. General	1313
REL - USH	American Jet	Cabotaje	Comercial	1313
REL - USH	Armada Argentina	Cabotaje	Av. General	1313
REL - USH	Austral Líneas Aéreas	Cabotaje	Comercial	1313
REL - USH	Ejército Argentino	Cabotaje	Av. General	1313
REL - USH	Fuerza Aérea Argentina	Cabotaje	Av. General	1313
REL - USH	N/A	Cabotaje	Av. General	1313
REL - USH	N/A	Cabotaje	Comercial	1313
CNQ - GRU	N/A	Internacional	Av. General	1313
NQN - RHD		Cabotaje	Av. General	1313
NQN - RHD		Cabotaje	Comercial	1313
NQN - RHD	N/A	Cabotaje	Av. General	1313
NQN - RHD	N/A	Cabotaje	Comercial	1313
BRC - MOR		Cabotaje	Av. General	1312
BRC - MOR		Cabotaje	Comercial	1312
BRC - MOR	Fuerza Aérea Argentina	Cabotaje	Av. General	1312
BRC - MOR	Gendarmería Nacional	Cabotaje	Av. General	1312
BRC - MOR	N/A	Cabotaje	Av. General	1312
BRC - MOR	N/A	Cabotaje	Comercial	1312
JUJ - PEH	American Jet	Cabotaje	Av. General	1312
BYC - MDZ		Internacional	Comercial	1312
RSA - SLA		Cabotaje	Av. General	1311
RSA - SLA		Cabotaje	Comercial	1311
RSA - SLA	Andes Líneas Aéreas	Cabotaje	Comercial	1311
RSA - SLA	N/A	Cabotaje	Av. General	1311
RSA - SLA	N/A	Cabotaje	Comercial	1311
FLN - ROS		Internacional	Av. General	1311
FLN - ROS		Internacional	Comercial	1311
FLN - ROS	Aerolíneas Argentinas	Internacional	Comercial	1311
FLN - ROS	Austral Líneas Aéreas	Internacional	Comercial	1311
FLN - ROS	Azul Linhas Aéreas Brasileiras	Internacional	Comercial	1311
FLN - ROS	Gol Transportes Aéreos	Internacional	Comercial	1311
FLN - ROS	N/A	Internacional	Av. General	1311
FLN - ROS	N/A	Internacional	Comercial	1311
FLN - ROS	Swiss Air-Ambulance	Internacional	Av. General	1311
LHS - TDL	Gendarmería Nacional	Cabotaje	Av. General	1311
BRC - EZE		Cabotaje	Av. General	1310
BRC - EZE		Cabotaje	Comercial	1310
BRC - EZE	Aerolíneas Argentinas	Cabotaje	Comercial	1310
BRC - EZE	Aerolíneas Ejecutivas	Cabotaje	Av. General	1310
BRC - EZE	Aerolíneas Ejecutivas	Cabotaje	Comercial	1310
BRC - EZE	American Jet	Cabotaje	Av. General	1310
BRC - EZE	American Jet	Cabotaje	Comercial	1310
BRC - EZE	Andes Líneas Aéreas	Cabotaje	Av. General	1310
BRC - EZE	Andes Líneas Aéreas	Cabotaje	Comercial	1310
BRC - EZE	Austral Líneas Aéreas	Cabotaje	Comercial	1310
BRC - EZE	Azul Linhas Aéreas Brasileiras	Cabotaje	Comercial	1310
BRC - EZE	Chief of Staff, United States Air Force	Cabotaje	Av. General	1310
BRC - EZE	Copa Airlines	Cabotaje	Comercial	1310
BRC - EZE	Execujet Charter	Cabotaje	Av. General	1310
BRC - EZE	Execujet Charter	Cabotaje	Comercial	1310
BRC - EZE	Flybondi	Cabotaje	Av. General	1310
BRC - EZE	Flybondi	Cabotaje	Comercial	1310
BRC - EZE	Fuerza Aérea Argentina	Cabotaje	Av. General	1310
BRC - EZE	Global Air Charter	Cabotaje	Comercial	1310
BRC - EZE	Gol Transportes Aéreos	Cabotaje	Comercial	1310
BRC - EZE	Helijet	Cabotaje	Comercial	1310
BRC - EZE	Jet Aviation	Cabotaje	Av. General	1310
BRC - EZE	Jet Aviation	Cabotaje	Comercial	1310
BRC - EZE	JetSMART Airlines	Cabotaje	Comercial	1310
BRC - EZE	LATAM	Cabotaje	Comercial	1310
BRC - EZE	LATAM Argentina	Cabotaje	Comercial	1310
BRC - EZE	Línea Aérea SAPSA	Cabotaje	Av. General	1310
BRC - EZE	Lufthansa	Cabotaje	Comercial	1310
BRC - EZE	N/A	Cabotaje	Av. General	1310
BRC - EZE	N/A	Cabotaje	Comercial	1310
BRC - EZE	NetJets	Cabotaje	Av. General	1310
BRC - EZE	NetJets	Cabotaje	Comercial	1310
BRC - EZE	Norwegian Air Argentina	Cabotaje	Comercial	1310
BRC - EZE	Priester Aviation	Cabotaje	Av. General	1310
BRC - EZE	Qantas Airways Limited	Cabotaje	Comercial	1310
BRC - EZE	Qatar Amiri Flight	Cabotaje	Av. General	1310
BRC - EZE	Qatar Executive	Cabotaje	Av. General	1310
BRC - EZE	SOL Líneas Aéreas	Cabotaje	Comercial	1310
BRC - EZE	TAG Aviation UK	Cabotaje	Av. General	1310
BRC - EZE	TAG Aviation UK	Cabotaje	Comercial	1310
BRC - EZE	TAG Aviation USA	Cabotaje	Comercial	1310
BRC - EZE	Unijet	Cabotaje	Comercial	1310
PSS - VVI		Internacional	Comercial	1310
PSS - VVI	N/A	Internacional	Av. General	1310
AEP - ZPC		Internacional	Comercial	1310
CPC - RAF		Cabotaje	Av. General	1309
CPC - RAF	N/A	Cabotaje	Av. General	1309
LSQ - MDQ	Aerocardal	Internacional	Av. General	1309
AEP - LSC	Aerolíneas Argentinas	Internacional	Comercial	1309
AEP - LSC	American Jet	Internacional	Comercial	1309
AEP - LSC	N/A	Internacional	Av. General	1309
AEP - LSC	N/A	Internacional	Comercial	1309
EZE - LSC	Andes Líneas Aéreas	Internacional	Comercial	1309
EZE - LSC	LATAM	Internacional	Comercial	1309
PDP - TUC		Internacional	Av. General	1307
PDP - TUC		Internacional	Comercial	1307
PDP - TUC	N/A	Internacional	Av. General	1307
PDP - TUC	N/A	Internacional	Comercial	1307
FMA - MDQ		Cabotaje	Av. General	1306
FMA - MDQ		Cabotaje	Comercial	1306
FMA - MDQ	Fuerza Aérea Argentina	Cabotaje	Av. General	1306
FMA - MDQ	N/A	Cabotaje	Av. General	1306
FMA - MDQ	N/A	Cabotaje	Comercial	1306
RES - SCL		Internacional	Av. General	1305
RES - SCL	LATAM	Internacional	Comercial	1305
RES - SCL	N/A	Internacional	Av. General	1305
RES - SCL	Sky Airline	Internacional	Comercial	1305
POA - SDE	N/A	Internacional	Av. General	1304
JUJ - MOR		Cabotaje	Av. General	1304
JUJ - MOR		Cabotaje	Comercial	1304
JUJ - MOR	American Jet	Cabotaje	Av. General	1304
JUJ - MOR	American Jet	Cabotaje	Comercial	1304
JUJ - MOR	N/A	Cabotaje	Av. General	1304
FTE - GNR		Cabotaje	Comercial	1303
FTE - GNR	N/A	Cabotaje	Comercial	1303
AEP - JUJ		Cabotaje	Av. General	1303
AEP - JUJ		Cabotaje	Comercial	1303
AEP - JUJ	Aerolíneas Argentinas	Cabotaje	Comercial	1303
AEP - JUJ	American Jet	Cabotaje	Av. General	1303
AEP - JUJ	American Jet	Cabotaje	Comercial	1303
AEP - JUJ	Andes Líneas Aéreas	Cabotaje	Comercial	1303
AEP - JUJ	Armada Argentina	Cabotaje	Av. General	1303
AEP - JUJ	Austral Líneas Aéreas	Cabotaje	Comercial	1303
AEP - JUJ	Avianca	Cabotaje	Comercial	1303
AEP - JUJ	Ejército Argentino	Cabotaje	Av. General	1303
AEP - JUJ	Flybondi	Cabotaje	Av. General	1303
AEP - JUJ	Flybondi	Cabotaje	Comercial	1303
AEP - JUJ	Flyest	Cabotaje	Comercial	1303
AEP - JUJ	Fuerza Aérea Argentina	Cabotaje	Av. General	1303
AEP - JUJ	Gendarmería Nacional	Cabotaje	Av. General	1303
AEP - JUJ	Jet Aviation	Cabotaje	Comercial	1303
AEP - JUJ	JetSMART Airlines	Cabotaje	Comercial	1303
AEP - JUJ	LADE - Líneas Aéreas Del Estado	Cabotaje	Av. General	1303
AEP - JUJ	LADE - Líneas Aéreas Del Estado	Cabotaje	Comercial	1303
AEP - JUJ	LATAM Argentina	Cabotaje	Comercial	1303
AEP - JUJ	Línea Aérea SAPSA	Cabotaje	Comercial	1303
AEP - JUJ	Macair Jet	Cabotaje	Av. General	1303
AEP - JUJ	Macair Jet	Cabotaje	Comercial	1303
AEP - JUJ	N/A	Cabotaje	Av. General	1303
AEP - JUJ	N/A	Cabotaje	Comercial	1303
AEP - JUJ	Norwegian Air Argentina	Cabotaje	Comercial	1303
AEP - JUJ	Prefectura Naval Argentina	Cabotaje	Av. General	1303
AEP - JUJ	SOL Líneas Aéreas	Cabotaje	Comercial	1303
CYR - SLA	Medjet International	Internacional	Av. General	1302
FDO - ZPC	Aerocardal	Internacional	Av. General	1302
FDO - ZPC	N/A	Internacional	Av. General	1302
CGR - RHD	N/A	Internacional	Comercial	1300
BRC - ROS		Cabotaje	Av. General	1299
BRC - ROS		Cabotaje	Comercial	1299
BRC - ROS	Aerolíneas Argentinas	Cabotaje	Av. General	1299
BRC - ROS	Aerolíneas Argentinas	Cabotaje	Comercial	1299
BRC - ROS	Andes Líneas Aéreas	Cabotaje	Av. General	1299
BRC - ROS	Andes Líneas Aéreas	Cabotaje	Comercial	1299
BRC - ROS	Austral Líneas Aéreas	Cabotaje	Comercial	1299
BRC - ROS	Flybondi	Cabotaje	Comercial	1299
BRC - ROS	JetSMART Airlines	Cabotaje	Comercial	1299
BRC - ROS	Macair Jet	Cabotaje	Comercial	1299
BRC - ROS	N/A	Cabotaje	Av. General	1299
BRC - ROS	N/A	Cabotaje	Comercial	1299
ARR - TDL	Fuerza Aérea Argentina	Cabotaje	Av. General	1299
EPA - JUJ		Cabotaje	Av. General	1299
EPA - JUJ		Cabotaje	Comercial	1299
EPA - JUJ	Ejército Argentino	Cabotaje	Av. General	1299
EPA - JUJ	Flybondi	Cabotaje	Comercial	1299
EPA - JUJ	Fuerza Aérea Argentina	Cabotaje	Av. General	1299
EPA - JUJ	N/A	Cabotaje	Av. General	1299
EPA - JUJ	N/A	Cabotaje	Comercial	1299
EPA - JUJ	Norwegian Air Argentina	Cabotaje	Comercial	1299
FTE - NQN		Cabotaje	Av. General	1298
FTE - NQN		Cabotaje	Comercial	1298
FTE - NQN	American Jet	Cabotaje	Comercial	1298
FTE - NQN	Fuerza Aérea Argentina	Cabotaje	Av. General	1298
FTE - NQN	JetSMART Airlines	Cabotaje	Comercial	1298
FTE - NQN	N/A	Cabotaje	Av. General	1298
FTE - NQN	N/A	Cabotaje	Comercial	1298
CPC - LPG		Cabotaje	Av. General	1298
CPC - LPG		Cabotaje	Comercial	1298
CPC - LPG	N/A	Cabotaje	Av. General	1298
RES - VCP	Línea Aérea de Entre Ríos SE (LAER)	Internacional	Comercial	1298
RES - VCP	N/A	Internacional	Av. General	1298
MDQ - SCL		Internacional	Av. General	1296
MDQ - SCL		Internacional	Comercial	1296
MDQ - SCL	Aerocardal	Internacional	Av. General	1296
MDQ - SCL	Aerolíneas Argentinas	Internacional	Comercial	1296
MDQ - SCL	Flyest	Internacional	Comercial	1296
MDQ - SCL	N/A	Internacional	Av. General	1296
MDQ - SCL	N/A	Internacional	Comercial	1296
EZE - SLA		Cabotaje	Av. General	1296
EZE - SLA		Cabotaje	Comercial	1296
EZE - SLA	Abelag Aviation	Cabotaje	Av. General	1296
EZE - SLA	ACM Air Charter	Cabotaje	Av. General	1296
EZE - SLA	Aerolíneas Argentinas	Cabotaje	Av. General	1296
EZE - SLA	Aerolíneas Argentinas	Cabotaje	Comercial	1296
EZE - SLA	American Jet	Cabotaje	Av. General	1296
EZE - SLA	American Jet	Cabotaje	Comercial	1296
EZE - SLA	Andes Líneas Aéreas	Cabotaje	Comercial	1296
EZE - SLA	Austral Líneas Aéreas	Cabotaje	Comercial	1296
EZE - SLA	Ejército Argentino	Cabotaje	Av. General	1296
EZE - SLA	Execujet Charter	Cabotaje	Av. General	1296
EZE - SLA	Flybondi	Cabotaje	Comercial	1296
EZE - SLA	Flyest	Cabotaje	Comercial	1296
EZE - SLA	Global Jet Luxembourg	Cabotaje	Av. General	1296
EZE - SLA	JetSMART Airlines	Cabotaje	Comercial	1296
EZE - SLA	LATAM	Cabotaje	Comercial	1296
EZE - SLA	LATAM Argentina	Cabotaje	Comercial	1296
EZE - SLA	Línea Aérea SAPSA	Cabotaje	Av. General	1296
EZE - SLA	N/A	Cabotaje	Av. General	1296
EZE - SLA	N/A	Cabotaje	Comercial	1296
EZE - SLA	NetJets	Cabotaje	Av. General	1296
EZE - SLA	TAG Aviation UK	Cabotaje	Av. General	1296
CFB - IGR	N/A	Internacional	Av. General	1296
CFB - IGR	N/A	Internacional	Comercial	1296
CPC - PNT	Executive Air Charter	Internacional	Av. General	1295
CPC - PNT	N/A	Internacional	Comercial	1295
BHI - CNQ		Cabotaje	Av. General	1295
BHI - CNQ		Cabotaje	Comercial	1295
BHI - CNQ	American Jet	Cabotaje	Av. General	1295
BHI - CNQ	American Jet	Cabotaje	Comercial	1295
BHI - CNQ	Armada Argentina	Cabotaje	Av. General	1295
NQN - SDE		Cabotaje	Av. General	1295
NQN - SDE		Cabotaje	Comercial	1295
NQN - SDE	American Jet	Cabotaje	Av. General	1295
NQN - SDE	American Jet	Cabotaje	Comercial	1295
NQN - SDE	N/A	Cabotaje	Av. General	1295
NQN - SDE	N/A	Cabotaje	Comercial	1295
MDQ - SDE		Cabotaje	Av. General	1295
MDQ - SDE		Cabotaje	Comercial	1295
MDQ - SDE	Aerolíneas Argentinas	Cabotaje	Av. General	1295
MDQ - SDE	Aerolíneas Argentinas	Cabotaje	Comercial	1295
MDQ - SDE	American Jet	Cabotaje	Comercial	1295
MDQ - SDE	Andes Líneas Aéreas	Cabotaje	Comercial	1295
MDQ - SDE	N/A	Cabotaje	Av. General	1295
MDQ - SDE	N/A	Cabotaje	Comercial	1295
BRC - VLG		Cabotaje	Av. General	1293
BRC - VLG		Cabotaje	Comercial	1293
BRC - VLG	N/A	Cabotaje	Av. General	1293
BRC - VLG	N/A	Cabotaje	Comercial	1293
EZE - NVT	Aerolíneas Argentinas	Internacional	Comercial	1292
EZE - NVT	Azul Linhas Aéreas Brasileiras	Internacional	Comercial	1292
EZE - NVT	Gol Transportes Aéreos	Internacional	Comercial	1292
EZE - NVT	N/A	Internacional	Comercial	1292
PDP - UAQ		Internacional	Comercial	1292
BSB - IGR		Internacional	Av. General	1292
BSB - IGR		Internacional	Comercial	1292
BSB - IGR	Andes Líneas Aéreas	Internacional	Comercial	1292
BSB - IGR	Ejército Argentino	Internacional	Av. General	1292
BSB - IGR	Fuerza Aérea Argentina	Internacional	Av. General	1292
BSB - IGR	Fuerza Aérea Brasilera	Internacional	Av. General	1292
BSB - IGR	N/A	Internacional	Av. General	1292
BSB - IGR	N/A	Internacional	Comercial	1292
PSS - UAQ		Cabotaje	Av. General	1292
PSS - UAQ		Cabotaje	Comercial	1292
PSS - UAQ	N/A	Cabotaje	Av. General	1292
PSS - UAQ	N/A	Cabotaje	Comercial	1292
CPC - RGL	N/A	Cabotaje	Av. General	1292
OYO - PSS		Cabotaje	Av. General	1290
COR - PMG	N/A	Internacional	Av. General	1290
FDO - LSC		Internacional	Av. General	1290
FDO - LSC	N/A	Internacional	Av. General	1290
FDO - LSC	N/A	Internacional	Comercial	1290
RGL - VDM		Cabotaje	Av. General	1289
RGL - VDM		Cabotaje	Comercial	1289
RGL - VDM	N/A	Cabotaje	Av. General	1289
RGL - VDM	N/A	Cabotaje	Comercial	1289
RGL - VDM	Prefectura Naval Argentina	Cabotaje	Av. General	1289
FMA - RSA	N/A	Cabotaje	Av. General	1289
PSS - RSA		Cabotaje	Av. General	1289
PSS - RSA		Cabotaje	Comercial	1289
PSS - RSA	N/A	Cabotaje	Av. General	1289
PSS - RSA	N/A	Cabotaje	Comercial	1289
BHI - RES		Cabotaje	Av. General	1288
BHI - RES	Aerolíneas Argentinas	Cabotaje	Comercial	1288
BHI - RES	Armada Argentina	Cabotaje	Av. General	1288
BHI - RES	Fuerza Aérea Argentina	Cabotaje	Av. General	1288
BHI - RES	N/A	Cabotaje	Av. General	1288
BHI - RES	N/A	Cabotaje	Comercial	1288
GNR - SDE		Cabotaje	Av. General	1288
OYO - RHD		Cabotaje	Av. General	1287
CRD - VLG	N/A	Cabotaje	Av. General	1287
CTC - MDQ		Cabotaje	Av. General	1287
CTC - MDQ		Cabotaje	Comercial	1287
CTC - MDQ	Fuerza Aérea Argentina	Cabotaje	Av. General	1287
CTC - MDQ	N/A	Cabotaje	Av. General	1287
CTC - MDQ	N/A	Cabotaje	Comercial	1287
DZO - SLA	Fuerza Aérea Uruguaya	Internacional	Av. General	1287
PMY - PRA	American Jet	Cabotaje	Comercial	1287
PMY - PRA	Fuerza Aérea Argentina	Cabotaje	Av. General	1287
PMY - SFN		Cabotaje	Av. General	1287
PMY - SFN		Cabotaje	Comercial	1287
PMY - SFN	American Jet	Cabotaje	Comercial	1287
PMY - SFN	N/A	Cabotaje	Comercial	1287
MDZ - PDP		Internacional	Av. General	1285
MDZ - PDP		Internacional	Comercial	1285
MDZ - PDP	Austral Líneas Aéreas	Internacional	Comercial	1285
MDZ - PDP	Benair	Internacional	Comercial	1285
MDZ - PDP	Macair Jet	Internacional	Av. General	1285
MDZ - PDP	N/A	Internacional	Av. General	1285
MDZ - PDP	N/A	Internacional	Comercial	1285
FDO - JUJ		Cabotaje	Av. General	1285
FDO - JUJ		Cabotaje	Comercial	1285
FDO - JUJ	Aerolíneas Argentinas	Cabotaje	Comercial	1285
FDO - JUJ	American Jet	Cabotaje	Av. General	1285
FDO - JUJ	American Jet	Cabotaje	Comercial	1285
FDO - JUJ	Ameriflight	Cabotaje	Av. General	1285
FDO - JUJ	Benair	Cabotaje	Av. General	1285
FDO - JUJ	Flybondi	Cabotaje	Comercial	1285
FDO - JUJ	Fuerza Aérea Argentina	Cabotaje	Av. General	1285
FDO - JUJ	Línea Aérea SAPSA	Cabotaje	Av. General	1285
FDO - JUJ	Línea Aérea SAPSA	Cabotaje	Comercial	1285
FDO - JUJ	N/A	Cabotaje	Av. General	1285
FDO - JUJ	N/A	Cabotaje	Comercial	1285
EQS - UAQ		Cabotaje	Av. General	1285
EQS - UAQ		Cabotaje	Comercial	1285
EQS - UAQ	American Jet	Cabotaje	Comercial	1285
EQS - UAQ	N/A	Cabotaje	Av. General	1285
EQS - UAQ	N/A	Cabotaje	Comercial	1285
MDQ - PUD	N/A	Cabotaje	Comercial	1284
EQS - JNI		Cabotaje	Av. General	1284
EQS - RLO		Cabotaje	Av. General	1283
TDL - TUC	Fuerza Aérea Argentina	Cabotaje	Av. General	1283
TDL - TUC	N/A	Cabotaje	Av. General	1283
IGR - IRJ		Cabotaje	Av. General	1281
IGR - IRJ		Cabotaje	Comercial	1281
IGR - IRJ	American Jet	Cabotaje	Av. General	1281
IGR - IRJ	American Jet	Cabotaje	Comercial	1281
IGR - IRJ	N/A	Cabotaje	Av. General	1281
IGR - IRJ	N/A	Cabotaje	Comercial	1281
AEP - CPC		Cabotaje	Av. General	1281
AEP - CPC		Cabotaje	Comercial	1281
AEP - CPC	Aerolíneas Argentinas	Cabotaje	Av. General	1281
AEP - CPC	Aerolíneas Argentinas	Cabotaje	Comercial	1281
AEP - CPC	Aeroméxico	Cabotaje	Av. General	1281
AEP - CPC	American Jet	Cabotaje	Comercial	1281
AEP - CPC	Andes Líneas Aéreas	Cabotaje	Comercial	1281
AEP - CPC	Austral Líneas Aéreas	Cabotaje	Comercial	1281
AEP - CPC	Ejército Argentino	Cabotaje	Av. General	1281
AEP - CPC	Flybondi	Cabotaje	Comercial	1281
AEP - CPC	Fuerza Aérea Argentina	Cabotaje	Av. General	1281
AEP - CPC	Gendarmería Nacional	Cabotaje	Av. General	1281
AEP - CPC	Jet Aviation	Cabotaje	Comercial	1281
AEP - CPC	JetSMART Airlines	Cabotaje	Comercial	1281
AEP - CPC	LATAM Argentina	Cabotaje	Comercial	1281
AEP - CPC	N/A	Cabotaje	Av. General	1281
AEP - CPC	N/A	Cabotaje	Comercial	1281
AEP - CPC	Prefectura Naval Argentina	Cabotaje	Av. General	1281
ARI - IRJ		Internacional	Av. General	1280
PMY - UAQ		Cabotaje	Comercial	1279
PMY - UAQ	American Jet	Cabotaje	Comercial	1279
PMY - UAQ	Flybondi	Cabotaje	Comercial	1279
PMY - UAQ	N/A	Cabotaje	Comercial	1279
PDP - REL		Internacional	Av. General	1278
PDP - REL	N/A	Internacional	Av. General	1278
PDP - REL	N/A	Internacional	Comercial	1278
BHI - RHD	N/A	Cabotaje	Av. General	1278
IRJ - MDQ		Cabotaje	Av. General	1278
IRJ - MDQ		Cabotaje	Comercial	1278
IRJ - MDQ	N/A	Cabotaje	Av. General	1278
IRJ - MDQ	N/A	Cabotaje	Comercial	1278
ASU - UAQ		Internacional	Comercial	1278
ASU - UAQ	N/A	Internacional	Av. General	1278
ASU - UAQ	N/A	Internacional	Comercial	1278
CGR - TUC		Internacional	Av. General	1278
CGR - TUC	N/A	Internacional	Av. General	1278
AEP - SLA		Cabotaje	Av. General	1277
AEP - SLA		Cabotaje	Comercial	1277
AEP - SLA	Aerolíneas Argentinas	Cabotaje	Av. General	1277
AEP - SLA	Aerolíneas Argentinas	Cabotaje	Comercial	1277
AEP - SLA	American Jet	Cabotaje	Av. General	1277
AEP - SLA	American Jet	Cabotaje	Comercial	1277
AEP - SLA	Andes Líneas Aéreas	Cabotaje	Av. General	1277
AEP - SLA	Andes Líneas Aéreas	Cabotaje	Comercial	1277
AEP - SLA	Austral Líneas Aéreas	Cabotaje	Comercial	1277
AEP - SLA	Avianca	Cabotaje	Comercial	1277
AEP - SLA	Ejército Argentino	Cabotaje	Av. General	1277
AEP - SLA	Execujet Charter	Cabotaje	Comercial	1277
AEP - SLA	Flybondi	Cabotaje	Av. General	1277
AEP - SLA	Flybondi	Cabotaje	Comercial	1277
AEP - SLA	Flyest	Cabotaje	Av. General	1277
AEP - SLA	Flyest	Cabotaje	Comercial	1277
AEP - SLA	Fuerza Aérea Argentina	Cabotaje	Av. General	1277
AEP - SLA	Fuerza Aérea Uruguaya	Cabotaje	Av. General	1277
AEP - SLA	Gendarmería Nacional	Cabotaje	Av. General	1277
AEP - SLA	Jet Aviation	Cabotaje	Comercial	1277
AEP - SLA	JetSMART Airlines	Cabotaje	Comercial	1277
AEP - SLA	LADE - Líneas Aéreas Del Estado	Cabotaje	Av. General	1277
AEP - SLA	LATAM Argentina	Cabotaje	Av. General	1277
AEP - SLA	LATAM Argentina	Cabotaje	Comercial	1277
AEP - SLA	Línea Aérea SAPSA	Cabotaje	Comercial	1277
AEP - SLA	Macair Jet	Cabotaje	Av. General	1277
AEP - SLA	Macair Jet	Cabotaje	Comercial	1277
AEP - SLA	Medjet International	Cabotaje	Av. General	1277
AEP - SLA	N/A	Cabotaje	Av. General	1277
AEP - SLA	N/A	Cabotaje	Comercial	1277
AEP - SLA	Norwegian Air Argentina	Cabotaje	Comercial	1277
AEP - SLA	Prefectura Naval Argentina	Cabotaje	Av. General	1277
AEP - SLA	Sky Jet	Cabotaje	Av. General	1277
IGR - RLO	N/A	Cabotaje	Av. General	1277
IGR - RLO	N/A	Cabotaje	Comercial	1277
MOR - SLA		Cabotaje	Av. General	1277
MOR - SLA		Cabotaje	Comercial	1277
MOR - SLA	Aerolíneas Argentinas	Cabotaje	Comercial	1277
MOR - SLA	Fuerza Aérea Argentina	Cabotaje	Av. General	1277
MOR - SLA	N/A	Cabotaje	Av. General	1277
MOR - SLA	N/A	Cabotaje	Comercial	1277
BRC - LCM		Cabotaje	Av. General	1276
COR - PMY		Cabotaje	Av. General	1275
COR - PMY		Cabotaje	Comercial	1275
COR - PMY	N/A	Cabotaje	Av. General	1275
COR - PMY	N/A	Cabotaje	Comercial	1275
MDQ - PRQ	N/A	Cabotaje	Comercial	1275
CNF - IGR		Internacional	Comercial	1274
CNF - IGR	American Jet	Internacional	Comercial	1274
CNF - IGR	N/A	Internacional	Av. General	1274
CNF - IGR	N/A	Internacional	Comercial	1274
EQS - MDQ		Cabotaje	Av. General	1274
EQS - MDQ		Cabotaje	Comercial	1274
EQS - MDQ	Fuerza Aérea Argentina	Cabotaje	Av. General	1274
EQS - MDQ	N/A	Cabotaje	Av. General	1274
EQS - MDQ	N/A	Cabotaje	Comercial	1274
CPC - FDO		Cabotaje	Av. General	1274
CPC - FDO		Cabotaje	Comercial	1274
CPC - FDO	Aerolíneas Argentinas	Cabotaje	Comercial	1274
CPC - FDO	American Jet	Cabotaje	Av. General	1274
CPC - FDO	American Jet	Cabotaje	Comercial	1274
CPC - FDO	Austral Líneas Aéreas	Cabotaje	Av. General	1274
CPC - FDO	Benair	Cabotaje	Av. General	1274
CPC - FDO	Benair	Cabotaje	Comercial	1274
CPC - FDO	Interjet	Cabotaje	Av. General	1274
CPC - FDO	Línea Aérea SAPSA	Cabotaje	Av. General	1274
CPC - FDO	Línea Aérea SAPSA	Cabotaje	Comercial	1274
CPC - FDO	N/A	Cabotaje	Av. General	1274
CPC - FDO	N/A	Cabotaje	Comercial	1274
CPC - FDO	Prefectura Naval Argentina	Cabotaje	Av. General	1274
EPA - SLA		Cabotaje	Av. General	1272
EPA - SLA		Cabotaje	Comercial	1272
EPA - SLA	Ejército Argentino	Cabotaje	Av. General	1272
EPA - SLA	Flybondi	Cabotaje	Comercial	1272
EPA - SLA	Fuerza Aérea Argentina	Cabotaje	Av. General	1272
EPA - SLA	Gendarmería Nacional	Cabotaje	Av. General	1272
EPA - SLA	JetSMART Airlines	Cabotaje	Comercial	1272
EPA - SLA	N/A	Cabotaje	Av. General	1272
EPA - SLA	N/A	Cabotaje	Comercial	1272
CGR - SDE		Internacional	Av. General	1271
NVT - PRA	N/A	Internacional	Av. General	1271
EHL - MDQ		Cabotaje	Comercial	1270
CNQ - VCP	N/A	Internacional	Av. General	1270
CNQ - VCP	N/A	Internacional	Comercial	1270
FDO - NVT		Internacional	Av. General	1270
FDO - NVT		Internacional	Comercial	1270
FDO - NVT	Aerocardal	Internacional	Av. General	1270
FDO - NVT	N/A	Internacional	Av. General	1270
FDO - NVT	N/A	Internacional	Comercial	1270
IGR - VVI	Líneas Aéreas Canedo LAC	Internacional	Comercial	1270
IGR - VVI	N/A	Internacional	Av. General	1270
IGR - VVI	N/A	Internacional	Comercial	1270
APZ - FTE		Cabotaje	Av. General	1268
FLN - SFN		Internacional	Comercial	1267
FLN - SFN	N/A	Internacional	Av. General	1267
AEP - NVT		Internacional	Comercial	1265
AEP - NVT	N/A	Internacional	Av. General	1265
AEP - NVT	N/A	Internacional	Comercial	1265
CPC - VLG	N/A	Cabotaje	Av. General	1265
CPC - VLG	N/A	Cabotaje	Comercial	1265
NEC - PSS	N/A	Cabotaje	Av. General	1263
CPC - EPA	Ejército Argentino	Cabotaje	Av. General	1263
CPC - EPA	Fuerza Aérea Argentina	Cabotaje	Av. General	1263
CPC - EPA	N/A	Cabotaje	Av. General	1263
IGR - PLU	N/A	Internacional	Comercial	1262
IGU - RCU	N/A	Internacional	Comercial	1261
FTE - VDM		Cabotaje	Av. General	1261
FTE - VDM		Cabotaje	Comercial	1261
FTE - VDM	Ejército Argentino	Cabotaje	Av. General	1261
FTE - VDM	Interjet	Cabotaje	Comercial	1261
FTE - VDM	N/A	Cabotaje	Av. General	1261
FTE - VDM	N/A	Cabotaje	Comercial	1261
BHI - ULA		Cabotaje	Av. General	1260
BHI - ULA	American Jet	Cabotaje	Comercial	1260
BHI - ULA	N/A	Cabotaje	Av. General	1260
BHI - ULA	N/A	Cabotaje	Comercial	1260
FMA - MDZ		Cabotaje	Av. General	1260
FMA - MDZ		Cabotaje	Comercial	1260
FMA - MDZ	N/A	Cabotaje	Av. General	1260
FMA - MDZ	N/A	Cabotaje	Comercial	1260
IRJ - VLG	N/A	Cabotaje	Av. General	1260
CTC - VLG	N/A	Cabotaje	Av. General	1259
IRJ - PDP		Internacional	Av. General	1259
FDO - SLA		Cabotaje	Av. General	1259
FDO - SLA		Cabotaje	Comercial	1259
FDO - SLA	Aerolíneas Argentinas	Cabotaje	Av. General	1259
FDO - SLA	American Jet	Cabotaje	Av. General	1259
FDO - SLA	American Jet	Cabotaje	Comercial	1259
FDO - SLA	Ameriflight	Cabotaje	Av. General	1259
FDO - SLA	Fuerza Aérea Uruguaya	Cabotaje	Av. General	1259
FDO - SLA	Gendarmería Nacional	Cabotaje	Av. General	1259
FDO - SLA	Línea Aérea SAPSA	Cabotaje	Comercial	1259
FDO - SLA	N/A	Cabotaje	Av. General	1259
FDO - SLA	N/A	Cabotaje	Comercial	1259
FDO - SLA	Prefectura Naval Argentina	Cabotaje	Av. General	1259
BRC - COR		Cabotaje	Av. General	1258
BRC - COR		Cabotaje	Comercial	1258
BRC - COR	Aerolíneas Argentinas	Cabotaje	Comercial	1258
BRC - COR	American Jet	Cabotaje	Av. General	1258
BRC - COR	American Jet	Cabotaje	Comercial	1258
BRC - COR	Ameriflight	Cabotaje	Av. General	1258
BRC - COR	Ameriflight	Cabotaje	Comercial	1258
BRC - COR	Andes Líneas Aéreas	Cabotaje	Av. General	1258
BRC - COR	Andes Líneas Aéreas	Cabotaje	Comercial	1258
BRC - COR	Austral Líneas Aéreas	Cabotaje	Comercial	1258
BRC - COR	Flybondi	Cabotaje	Comercial	1258
BRC - COR	Fuerza Aérea Argentina	Cabotaje	Av. General	1258
BRC - COR	Fuerza Aérea Uruguaya	Cabotaje	Av. General	1258
BRC - COR	Gendarmería Nacional	Cabotaje	Av. General	1258
BRC - COR	JetSMART Airlines	Cabotaje	Comercial	1258
BRC - COR	LADE - Líneas Aéreas Del Estado	Cabotaje	Av. General	1258
BRC - COR	LATAM Argentina	Cabotaje	Comercial	1258
BRC - COR	N/A	Cabotaje	Av. General	1258
BRC - COR	N/A	Cabotaje	Comercial	1258
BRC - COR	SOL Líneas Aéreas	Cabotaje	Comercial	1258
FDO - OVL	N/A	Internacional	Av. General	1257
FDO - OVL	N/A	Internacional	Comercial	1257
CPC - MOR		Cabotaje	Av. General	1256
CPC - MOR		Cabotaje	Comercial	1256
CPC - MOR	Línea Aérea SAPSA	Cabotaje	Av. General	1256
CPC - MOR	N/A	Cabotaje	Av. General	1256
CPC - MOR	N/A	Cabotaje	Comercial	1256
COR - POA		Internacional	Av. General	1256
COR - POA		Internacional	Comercial	1256
COR - POA	Aerolíneas Argentinas	Internacional	Comercial	1256
COR - POA	Andes Líneas Aéreas	Internacional	Comercial	1256
COR - POA	Azul Linhas Aéreas Brasileiras	Internacional	Comercial	1256
COR - POA	Gol Transportes Aéreos	Internacional	Av. General	1256
COR - POA	Gol Transportes Aéreos	Internacional	Comercial	1256
COR - POA	LATAM Perú	Internacional	Comercial	1256
COR - POA	N/A	Internacional	Av. General	1256
COR - POA	N/A	Internacional	Comercial	1256
COR - POA	Qatar Amiri Flight	Internacional	Av. General	1256
COR - POA	Sky Airline	Internacional	Comercial	1256
COR - POA	TAM Linhas Aéreas	Internacional	Comercial	1256
CPC - EZE		Cabotaje	Av. General	1256
CPC - EZE		Cabotaje	Comercial	1256
CPC - EZE	Aerolíneas Argentinas	Cabotaje	Av. General	1256
CPC - EZE	Aerolíneas Argentinas	Cabotaje	Comercial	1256
CPC - EZE	American Jet	Cabotaje	Av. General	1256
CPC - EZE	American Jet	Cabotaje	Comercial	1256
CPC - EZE	Andes Líneas Aéreas	Cabotaje	Comercial	1256
CPC - EZE	Austral Líneas Aéreas	Cabotaje	Comercial	1256
CPC - EZE	Flybondi	Cabotaje	Comercial	1256
CPC - EZE	JetSMART Airlines	Cabotaje	Comercial	1256
CPC - EZE	Línea Aérea SAPSA	Cabotaje	Av. General	1256
CPC - EZE	Línea Aérea SAPSA	Cabotaje	Comercial	1256
CPC - EZE	N/A	Cabotaje	Av. General	1256
CPC - EZE	N/A	Cabotaje	Comercial	1256
CPC - EZE	Northwest Airlines	Cabotaje	Av. General	1256
CPC - EZE	Qatar Executive	Cabotaje	Av. General	1256
CPC - EZE	Qatar Executive	Cabotaje	Comercial	1256
COC - NQN		Cabotaje	Av. General	1256
COC - NQN		Cabotaje	Comercial	1256
COC - NQN	N/A	Cabotaje	Av. General	1256
COC - NQN	N/A	Cabotaje	Comercial	1256
SDE - VLG		Cabotaje	Av. General	1255
SDE - VLG	N/A	Cabotaje	Av. General	1255
ANF - CNQ		Internacional	Av. General	1255
ANF - CNQ	N/A	Internacional	Comercial	1255
CPC - IRJ	N/A	Cabotaje	Av. General	1254
CPC - IRJ	N/A	Cabotaje	Comercial	1254
OES - RGL		Cabotaje	Av. General	1252
OES - RGL	N/A	Cabotaje	Av. General	1252
IGR - RCU		Cabotaje	Av. General	1252
IGR - RCU	N/A	Cabotaje	Av. General	1252
IGR - RCU	N/A	Cabotaje	Comercial	1252
BRC - LSC	Andes Líneas Aéreas	Internacional	Comercial	1251
BRC - LSC	JetSMART Airlines	Internacional	Comercial	1251
BRC - LSC	LATAM	Internacional	Comercial	1251
BRC - LSC	N/A	Internacional	Av. General	1251
CSZ - PSS	N/A	Cabotaje	Av. General	1250
AFA - CRD		Cabotaje	Av. General	1249
AFA - CRD		Cabotaje	Comercial	1249
AFA - CRD	American Jet	Cabotaje	Av. General	1249
AFA - CRD	American Jet	Cabotaje	Comercial	1249
AFA - CRD	N/A	Cabotaje	Av. General	1249
AFA - CRD	N/A	Cabotaje	Comercial	1249
IGR - VDR	N/A	Cabotaje	Av. General	1248
PUD - RSA		Cabotaje	Av. General	1248
PUD - RSA		Cabotaje	Comercial	1248
PUD - RSA	N/A	Cabotaje	Av. General	1248
EQS - RCU		Cabotaje	Av. General	1248
EQS - RCU	Fuerza Aérea Argentina	Cabotaje	Av. General	1248
LGS - SLA		Cabotaje	Av. General	1247
LGS - SLA	N/A	Cabotaje	Av. General	1247
LGS - SLA	N/A	Cabotaje	Comercial	1247
NQN - PDP		Internacional	Av. General	1247
NQN - PDP		Internacional	Comercial	1247
NQN - PDP	American Jet	Internacional	Comercial	1247
NQN - PDP	N/A	Internacional	Av. General	1247
NQN - PDP	N/A	Internacional	Comercial	1247
ANF - VME		Internacional	Av. General	1247
TTG - VME		Cabotaje	Av. General	1247
NQN - STY		Internacional	Av. General	1245
PDP - RHD		Internacional	Comercial	1243
PDP - RHD	N/A	Internacional	Comercial	1243
PMY - RGA		Cabotaje	Comercial	1242
PMY - RGA	Fuerza Aérea Argentina	Cabotaje	Av. General	1242
PJC - ROS	N/A	Internacional	Av. General	1242
PMY - RGA	N/A	Cabotaje	Av. General	1242
PMY - RGA	N/A	Cabotaje	Comercial	1242
MVD - TUC		Internacional	Av. General	1242
MVD - TUC		Internacional	Comercial	1242
MVD - TUC	Aerolíneas Argentinas	Internacional	Comercial	1242
MVD - TUC	Amaszonas	Internacional	Av. General	1242
MVD - TUC	Avianca Uruguay	Internacional	Av. General	1242
MVD - TUC	Fuerza Aérea Uruguaya	Internacional	Av. General	1242
MVD - TUC	LATAM	Internacional	Comercial	1242
MVD - TUC	N/A	Internacional	Av. General	1242
MVD - TUC	N/A	Internacional	Comercial	1242
AEP - CIO	N/A	Internacional	Av. General	1241
FLN - PRA	N/A	Internacional	Comercial	1240
FDO - YAI	Línea Aérea SAPSA	Internacional	Comercial	1240
MDZ - TTG		Cabotaje	Av. General	1238
MDZ - TTG		Cabotaje	Comercial	1238
MDZ - TTG	American Jet	Cabotaje	Comercial	1238
MDZ - TTG	Fuerza Aérea Argentina	Cabotaje	Av. General	1238
EZE - FLN		Internacional	Comercial	1238
EZE - FLN	Aerolíneas Argentinas	Internacional	Comercial	1238
EZE - FLN	Andes Líneas Aéreas	Internacional	Comercial	1238
EZE - FLN	Austral Líneas Aéreas	Internacional	Comercial	1238
EZE - FLN	Azul Linhas Aéreas Brasileiras	Internacional	Comercial	1238
EZE - FLN	Boliviana de Aviacion	Internacional	Comercial	1238
EZE - FLN	Emirates Airline	Internacional	Comercial	1238
EZE - FLN	Flybondi	Internacional	Comercial	1238
EZE - FLN	Gol Transportes Aéreos	Internacional	Av. General	1238
EZE - FLN	Gol Transportes Aéreos	Internacional	Comercial	1238
EZE - FLN	JetSMART Airlines	Internacional	Comercial	1238
EZE - FLN	LATAM	Internacional	Comercial	1238
EZE - FLN	N/A	Internacional	Av. General	1238
EZE - FLN	N/A	Internacional	Comercial	1238
EZE - FLN	TAM Linhas Aéreas	Internacional	Comercial	1238
BHI - SDE		Cabotaje	Av. General	1236
BHI - SDE		Cabotaje	Comercial	1236
BHI - SDE	N/A	Cabotaje	Av. General	1236
BHI - SDE	N/A	Cabotaje	Comercial	1236
EQS - RGA		Cabotaje	Comercial	1235
EQS - RGA	Fuerza Aérea Argentina	Cabotaje	Av. General	1235
EQS - RGA	N/A	Cabotaje	Av. General	1235
EQS - RGA	N/A	Cabotaje	Comercial	1235
PDP - PMY	Avianca Uruguay	Internacional	Av. General	1234
PDP - PMY	N/A	Internacional	Av. General	1234
PDP - PMY	N/A	Internacional	Comercial	1234
AEP - IGB		Cabotaje	Comercial	1234
AEP - IGB	Aerolíneas Argentinas	Cabotaje	Comercial	1234
AEP - IGB	N/A	Cabotaje	Comercial	1234
LGS - MVD		Internacional	Av. General	1234
LGS - MVD		Internacional	Comercial	1234
NQN - RZA		Cabotaje	Av. General	1232
NQN - RZA		Cabotaje	Comercial	1232
NQN - RZA	American Jet	Cabotaje	Comercial	1232
NQN - RZA	N/A	Cabotaje	Comercial	1232
EPA - FLN	Flybondi	Internacional	Comercial	1230
FDO - IGB		Cabotaje	Av. General	1230
FDO - IGB	Línea Aérea SAPSA	Cabotaje	Av. General	1230
FDO - IGB	N/A	Cabotaje	Av. General	1230
FDO - IGB	N/A	Cabotaje	Comercial	1230
COC - OES	N/A	Cabotaje	Comercial	1227
FMA - GRU		Internacional	Comercial	1227
MVD - REL	Fuerza Aérea Uruguaya	Internacional	Av. General	1226
MVD - REL	N/A	Internacional	Av. General	1226
CTC - PDP		Internacional	Av. General	1225
CTC - PDP	N/A	Internacional	Av. General	1225
CPC - ROS		Cabotaje	Av. General	1221
CPC - ROS		Cabotaje	Comercial	1221
CPC - ROS	Aerolíneas Argentinas	Cabotaje	Comercial	1221
CPC - ROS	Austral Líneas Aéreas	Cabotaje	Comercial	1221
CPC - ROS	Interjet	Cabotaje	Av. General	1221
CPC - ROS	N/A	Cabotaje	Av. General	1221
CPC - ROS	N/A	Cabotaje	Comercial	1221
AEP - KNA		Internacional	Av. General	1221
AEP - KNA	N/A	Internacional	Av. General	1221
AEP - KNA	N/A	Internacional	Comercial	1221
CSZ - TUC		Cabotaje	Av. General	1219
BRC - MDQ		Cabotaje	Av. General	1218
BRC - MDQ		Cabotaje	Comercial	1218
BRC - MDQ	Aerolíneas Argentinas	Cabotaje	Comercial	1218
BRC - MDQ	American Falcon	Cabotaje	Comercial	1218
BRC - MDQ	American Jet	Cabotaje	Comercial	1218
BRC - MDQ	Andes Líneas Aéreas	Cabotaje	Comercial	1218
BRC - MDQ	Cat Aviation	Cabotaje	Av. General	1218
BRC - MDQ	Fuerza Aérea Argentina	Cabotaje	Av. General	1218
BRC - MDQ	LADE - Líneas Aéreas Del Estado	Cabotaje	Av. General	1218
BRC - MDQ	LADE - Líneas Aéreas Del Estado	Cabotaje	Comercial	1218
BRC - MDQ	N/A	Cabotaje	Av. General	1218
BRC - MDQ	N/A	Cabotaje	Comercial	1218
GPO - SLA		Cabotaje	Av. General	1218
FDO - FLN		Internacional	Av. General	1218
FDO - FLN		Internacional	Comercial	1218
FDO - FLN	Benair	Internacional	Comercial	1218
FDO - FLN	N/A	Internacional	Av. General	1218
FDO - FLN	N/A	Internacional	Comercial	1218
FDO - FLN	Spanish Air Force	Internacional	Av. General	1218
PMY - PUQ	N/A	Internacional	Av. General	1217
MDQ - UAQ		Cabotaje	Av. General	1217
MDQ - UAQ		Cabotaje	Comercial	1217
MDQ - UAQ	Aerolíneas Argentinas	Cabotaje	Comercial	1217
MDQ - UAQ	American Jet	Cabotaje	Av. General	1217
MDQ - UAQ	American Jet	Cabotaje	Comercial	1217
MDQ - UAQ	Austral Líneas Aéreas	Cabotaje	Comercial	1217
MDQ - UAQ	Flybondi	Cabotaje	Comercial	1217
MDQ - UAQ	Flyest	Cabotaje	Comercial	1217
MDQ - UAQ	N/A	Cabotaje	Av. General	1217
MDQ - UAQ	N/A	Cabotaje	Comercial	1217
DZO - NQN	N/A	Internacional	Av. General	1217
ARI - SDE	N/A	Internacional	Av. General	1216
AFA - CNQ		Cabotaje	Av. General	1215
AFA - CNQ	N/A	Cabotaje	Av. General	1215
AFA - CNQ	N/A	Cabotaje	Comercial	1215
EZE - KNA		Internacional	Comercial	1213
EZE - KNA	N/A	Internacional	Av. General	1213
EZE - KNA	N/A	Internacional	Comercial	1213
CGR - SLA	N/A	Internacional	Av. General	1213
REL - ROS		Cabotaje	Av. General	1212
REL - ROS		Cabotaje	Comercial	1212
REL - ROS	Aerolíneas Argentinas	Cabotaje	Comercial	1212
REL - ROS	American Jet	Cabotaje	Comercial	1212
REL - ROS	Austral Líneas Aéreas	Cabotaje	Comercial	1212
REL - ROS	Flybondi	Cabotaje	Comercial	1212
REL - ROS	N/A	Cabotaje	Av. General	1212
REL - ROS	N/A	Cabotaje	Comercial	1212
AEP - FLN		Internacional	Av. General	1212
AEP - FLN		Internacional	Comercial	1212
AEP - FLN	Aerolíneas Argentinas	Internacional	Comercial	1212
AEP - FLN	American Jet	Internacional	Av. General	1212
AEP - FLN	Andes Líneas Aéreas	Internacional	Comercial	1212
AEP - FLN	Austral Líneas Aéreas	Internacional	Comercial	1212
AEP - FLN	Avianca	Internacional	Comercial	1212
AEP - FLN	Benair	Internacional	Comercial	1212
AEP - FLN	Chief of Staff, United States Air Force	Internacional	Av. General	1212
AEP - FLN	Flybondi	Internacional	Comercial	1212
AEP - FLN	Gendarmería Nacional	Internacional	Av. General	1212
AEP - FLN	Gol Transportes Aéreos	Internacional	Av. General	1212
AEP - FLN	Gol Transportes Aéreos	Internacional	Comercial	1212
AEP - FLN	JetSMART Airlines	Internacional	Comercial	1212
AEP - FLN	LATAM	Internacional	Comercial	1212
AEP - FLN	N/A	Internacional	Av. General	1212
AEP - FLN	N/A	Internacional	Comercial	1212
AEP - FLN	TAM Linhas Aéreas	Internacional	Comercial	1212
COR - IGB	N/A	Cabotaje	Comercial	1212
OVR - TUC	N/A	Cabotaje	Av. General	1210
MVD - UAQ		Internacional	Av. General	1209
MVD - UAQ	N/A	Internacional	Av. General	1209
MVD - UAQ	N/A	Internacional	Comercial	1209
FDO - KNA		Internacional	Av. General	1204
FDO - KNA		Internacional	Comercial	1204
FDO - KNA	Aerocardal	Internacional	Av. General	1204
FDO - KNA	Aerovías DAP	Internacional	Av. General	1204
FDO - KNA	N/A	Internacional	Av. General	1204
FDO - KNA	N/A	Internacional	Comercial	1204
PMY - VDR	N/A	Cabotaje	Av. General	1204
CRD - PEH	N/A	Cabotaje	Av. General	1202
CCP - ROS	N/A	Internacional	Av. General	1201
CCP - ROS	N/A	Internacional	Comercial	1201
MDZ - MVD		Internacional	Av. General	1200
MDZ - MVD		Internacional	Comercial	1200
MDZ - MVD	Alas Uruguay	Internacional	Comercial	1200
MDZ - MVD	American Jet	Internacional	Comercial	1200
MDZ - MVD	Avianca Uruguay	Internacional	Comercial	1200
MDZ - MVD	Fuerza Aérea Uruguaya	Internacional	Av. General	1200
MDZ - MVD	Global Jet Luxembourg	Internacional	Av. General	1200
MDZ - MVD	LATAM	Internacional	Comercial	1200
MDZ - MVD	N/A	Internacional	Av. General	1200
MDZ - MVD	N/A	Internacional	Comercial	1200
MDZ - MVD	Top Speed	Internacional	Av. General	1200
JUJ - RVY	N/A	Internacional	Av. General	1198
CRD - MDQ		Cabotaje	Av. General	1197
CRD - MDQ		Cabotaje	Comercial	1197
CRD - MDQ	Aerolíneas Argentinas	Cabotaje	Comercial	1197
CRD - MDQ	American Jet	Cabotaje	Comercial	1197
CRD - MDQ	Andes Líneas Aéreas	Cabotaje	Comercial	1197
CRD - MDQ	Austral Líneas Aéreas	Cabotaje	Comercial	1197
CRD - MDQ	Brazilian Air Force	Cabotaje	Av. General	1197
CRD - MDQ	Fuerza Aérea Argentina	Cabotaje	Av. General	1197
CRD - MDQ	Fuerza Aérea Uruguaya	Cabotaje	Av. General	1197
CRD - MDQ	LADE - Líneas Aéreas Del Estado	Cabotaje	Av. General	1197
CRD - MDQ	LADE - Líneas Aéreas Del Estado	Cabotaje	Comercial	1197
CRD - MDQ	N/A	Cabotaje	Av. General	1197
CRD - MDQ	N/A	Cabotaje	Comercial	1197
CRD - MDQ	Prefectura Naval Argentina	Cabotaje	Av. General	1197
CPC - MDQ		Cabotaje	Av. General	1196
CPC - MDQ		Cabotaje	Comercial	1196
CPC - MDQ	Línea Aérea SAPSA	Cabotaje	Av. General	1196
CPC - MDQ	Línea Aérea SAPSA	Cabotaje	Comercial	1196
CPC - MDQ	N/A	Cabotaje	Av. General	1196
CPC - MDQ	N/A	Cabotaje	Comercial	1196
CAC - EZE	Aerocardal	Internacional	Comercial	1196
CAC - EZE	Austral Líneas Aéreas	Internacional	Comercial	1196
MDZ - REL		Cabotaje	Av. General	1196
MDZ - REL		Cabotaje	Comercial	1196
MDZ - REL	Aerolíneas Argentinas	Cabotaje	Comercial	1196
MDZ - REL	American Jet	Cabotaje	Av. General	1196
MDZ - REL	American Jet	Cabotaje	Comercial	1196
MDZ - REL	Austral Líneas Aéreas	Cabotaje	Comercial	1196
MDZ - REL	Flybondi	Cabotaje	Comercial	1196
MDZ - REL	Fuerza Aérea Argentina	Cabotaje	Av. General	1196
MDZ - REL	N/A	Cabotaje	Av. General	1196
MDZ - REL	N/A	Cabotaje	Comercial	1196
ENO - MDQ	N/A	Internacional	Av. General	1194
REL - SCL		Internacional	Comercial	1194
REL - SCL	N/A	Internacional	Av. General	1194
AFA - RES	N/A	Cabotaje	Av. General	1193
EQS - TDL	Fuerza Aérea Argentina	Cabotaje	Av. General	1193
EQS - TDL	N/A	Cabotaje	Av. General	1193
LPB - TUC	Amaszonas	Internacional	Comercial	1193
LPB - TUC	N/A	Internacional	Av. General	1193
LUQ - PSS		Cabotaje	Av. General	1193
PSS - VMA		Cabotaje	Av. General	1193
PSS - VMA	N/A	Cabotaje	Av. General	1193
PSS - VMA	N/A	Cabotaje	Comercial	1193
REL - RGA		Cabotaje	Av. General	1190
REL - RGA		Cabotaje	Comercial	1190
REL - RGA	Aerolíneas Argentinas	Cabotaje	Comercial	1190
REL - RGA	American Jet	Cabotaje	Av. General	1190
REL - RGA	American Jet	Cabotaje	Comercial	1190
REL - RGA	Armada Argentina	Cabotaje	Av. General	1190
REL - RGA	Fuerza Aérea Argentina	Cabotaje	Av. General	1190
REL - RGA	N/A	Cabotaje	Av. General	1190
REL - RGA	N/A	Cabotaje	Comercial	1190
IGR - SDU		Internacional	Comercial	1189
BHI - PET	Fuerza Aérea Brasilera	Internacional	Av. General	1186
GIG - IGR		Internacional	Av. General	1184
GIG - IGR		Internacional	Comercial	1184
GIG - IGR	Aeronexus	Internacional	Av. General	1184
GIG - IGR	American Jet	Internacional	Comercial	1184
GIG - IGR	Ameriflight	Internacional	Comercial	1184
GIG - IGR	Executive Air Charter	Internacional	Av. General	1184
GIG - IGR	Flyest	Internacional	Comercial	1184
GIG - IGR	Gestair	Internacional	Av. General	1184
GIG - IGR	Hi Fly	Internacional	Av. General	1184
GIG - IGR	Hi Fly	Internacional	Comercial	1184
GIG - IGR	N/A	Internacional	Av. General	1184
GIG - IGR	N/A	Internacional	Comercial	1184
GIG - IGR	Priester Aviation	Internacional	Comercial	1184
GIG - IGR	TAG Aviation USA	Internacional	Av. General	1184
MDQ - PSS		Cabotaje	Av. General	1184
MDQ - PSS		Cabotaje	Comercial	1184
MDQ - PSS	N/A	Cabotaje	Av. General	1184
MDQ - PSS	N/A	Cabotaje	Comercial	1184
GPO - PSS		Cabotaje	Av. General	1183
GPO - PSS		Cabotaje	Comercial	1183
GPO - PSS	N/A	Cabotaje	Av. General	1183
BRC - MJR		Cabotaje	Comercial	1183
ROS - TTG	N/A	Cabotaje	Av. General	1182
ROS - TTG	N/A	Cabotaje	Comercial	1182
IRJ - MVD		Internacional	Av. General	1182
IRJ - MVD	LATAM Argentina	Internacional	Comercial	1182
CNQ - VVI		Internacional	Av. General	1180
AFA - JUJ		Cabotaje	Av. General	1179
AFA - JUJ	American Jet	Cabotaje	Av. General	1179
AFA - JUJ	American Jet	Cabotaje	Comercial	1179
AFA - JUJ	N/A	Cabotaje	Av. General	1179
AFA - JUJ	N/A	Cabotaje	Comercial	1179
MDZ - SST		Cabotaje	Av. General	1179
MDZ - SST		Cabotaje	Comercial	1179
MDZ - SST	N/A	Cabotaje	Comercial	1179
PDP - SDE		Internacional	Av. General	1178
PDP - SDE		Internacional	Comercial	1178
MDZ - VLG		Cabotaje	Av. General	1178
MDZ - VLG		Cabotaje	Comercial	1178
MDZ - VLG	N/A	Cabotaje	Av. General	1178
MDZ - VLG	N/A	Cabotaje	Comercial	1178
MVD - RHD	N/A	Internacional	Comercial	1177
BRC - PNT		Internacional	Av. General	1176
BRC - PNT		Internacional	Comercial	1176
BRC - PNT	N/A	Internacional	Av. General	1176
BRC - PNT	N/A	Internacional	Comercial	1176
BRC - PNT	Sky Airline	Internacional	Comercial	1176
MDQ - RES		Cabotaje	Av. General	1175
MDQ - RES		Cabotaje	Comercial	1175
MDQ - RES	Aerolíneas Argentinas	Cabotaje	Comercial	1175
MDQ - RES	American Jet	Cabotaje	Comercial	1175
MDQ - RES	Armada Argentina	Cabotaje	Av. General	1175
MDQ - RES	Fuerza Aérea Argentina	Cabotaje	Av. General	1175
MDQ - RES	N/A	Cabotaje	Av. General	1175
MDQ - RES	N/A	Cabotaje	Comercial	1175
BHI - CTC		Cabotaje	Av. General	1175
BHI - CTC		Cabotaje	Comercial	1175
BHI - CTC	American Jet	Cabotaje	Av. General	1175
BHI - CTC	Andes Líneas Aéreas	Cabotaje	Comercial	1175
BHI - CTC	N/A	Cabotaje	Comercial	1175
CTC - NQN		Cabotaje	Av. General	1174
CTC - NQN		Cabotaje	Comercial	1174
CTC - NQN	American Jet	Cabotaje	Av. General	1174
CTC - NQN	American Jet	Cabotaje	Comercial	1174
CTC - NQN	Andes Líneas Aéreas	Cabotaje	Comercial	1174
CTC - NQN	N/A	Cabotaje	Av. General	1174
CTC - NQN	N/A	Cabotaje	Comercial	1174
CNQ - MDQ		Cabotaje	Av. General	1173
CNQ - MDQ		Cabotaje	Comercial	1173
CNQ - MDQ	Fuerza Aérea Argentina	Cabotaje	Av. General	1173
CNQ - MDQ	N/A	Cabotaje	Av. General	1173
CNQ - MDQ	N/A	Cabotaje	Comercial	1173
CPC - LCM	N/A	Cabotaje	Av. General	1173
BRC - RGL		Cabotaje	Av. General	1173
BRC - RGL		Cabotaje	Comercial	1173
BRC - RGL	Aerolíneas Argentinas	Cabotaje	Comercial	1173
BRC - RGL	Andes Líneas Aéreas	Cabotaje	Comercial	1173
BRC - RGL	Fuerza Aérea Argentina	Cabotaje	Av. General	1173
BRC - RGL	LADE - Líneas Aéreas Del Estado	Cabotaje	Comercial	1173
BRC - RGL	LATAM Argentina	Cabotaje	Comercial	1173
BRC - RGL	N/A	Cabotaje	Av. General	1173
BRC - RGL	N/A	Cabotaje	Comercial	1173
CRD - TDL		Cabotaje	Av. General	1172
CRD - TDL	Ejército Argentino	Cabotaje	Av. General	1172
CRD - TDL	Fuerza Aérea Argentina	Cabotaje	Av. General	1172
CRD - TDL	N/A	Cabotaje	Av. General	1172
MVD - NQN		Internacional	Av. General	1171
MVD - NQN		Internacional	Comercial	1171
MVD - NQN	American Jet	Internacional	Comercial	1171
MVD - NQN	Avianca	Internacional	Comercial	1171
MVD - NQN	Fuerza Aérea Uruguaya	Internacional	Av. General	1171
MVD - NQN	JetSMART Airlines	Internacional	Comercial	1171
MVD - NQN	N/A	Internacional	Av. General	1171
MVD - NQN	N/A	Internacional	Comercial	1171
CTC - GNR		Cabotaje	Av. General	1171
RES - VVI		Internacional	Av. General	1169
RES - VVI		Internacional	Comercial	1169
RES - VVI	Aerolíneas Argentinas	Internacional	Comercial	1169
RES - VVI	American Jet	Internacional	Comercial	1169
RES - VVI	Fuerza Aérea Argentina	Internacional	Av. General	1169
RES - VVI	N/A	Internacional	Av. General	1169
RES - VVI	N/A	Internacional	Comercial	1169
PMC - RGL	LATAM	Internacional	Comercial	1168
PMC - RGL	Sky Airline	Internacional	Comercial	1168
MDZ - URG	Fuerza Aérea Brasilera	Internacional	Av. General	1168
BRC - RYO	N/A	Cabotaje	Comercial	1167
PUQ - REL	Brazilian Air Force	Internacional	Av. General	1166
PUQ - REL	Fuerza Aérea Brasilera	Internacional	Av. General	1166
PUQ - REL	Fuerza Aérea Uruguaya	Internacional	Av. General	1166
PUQ - REL	N/A	Internacional	Av. General	1166
MDQ - MDZ		Cabotaje	Av. General	1165
MDQ - MDZ		Cabotaje	Comercial	1165
MDQ - MDZ	Aerolíneas Argentinas	Cabotaje	Av. General	1165
MDQ - MDZ	Aerolíneas Argentinas	Cabotaje	Comercial	1165
MDQ - MDZ	American Jet	Cabotaje	Comercial	1165
MDQ - MDZ	Andes Líneas Aéreas	Cabotaje	Comercial	1165
MDQ - MDZ	Austral Líneas Aéreas	Cabotaje	Comercial	1165
MDQ - MDZ	Fuerza Aérea Argentina	Cabotaje	Av. General	1165
MDQ - MDZ	N/A	Cabotaje	Av. General	1165
MDQ - MDZ	N/A	Cabotaje	Comercial	1165
CTC - IGU	N/A	Internacional	Comercial	1165
MDZ - ORA	N/A	Cabotaje	Av. General	1163
LGS - RCQ		Cabotaje	Av. General	1163
LGS - RCQ		Cabotaje	Comercial	1163
CTC - IGR		Cabotaje	Av. General	1161
CTC - IGR		Cabotaje	Comercial	1161
CTC - IGR	American Jet	Cabotaje	Av. General	1161
CTC - IGR	American Jet	Cabotaje	Comercial	1161
CTC - IGR	N/A	Cabotaje	Comercial	1161
PMY - ROS		Cabotaje	Av. General	1160
PMY - ROS		Cabotaje	Comercial	1160
PMY - ROS	Fuerza Aérea Argentina	Cabotaje	Av. General	1160
PMY - ROS	N/A	Cabotaje	Av. General	1160
PMY - ROS	N/A	Cabotaje	Comercial	1160
CRD - OVR		Cabotaje	Comercial	1160
CRD - LGS		Cabotaje	Av. General	1159
CRD - LGS	Fuerza Aérea Argentina	Cabotaje	Av. General	1159
CGR - JUJ	N/A	Internacional	Av. General	1158
FMA - UAQ		Cabotaje	Comercial	1158
FMA - UAQ	Flyest	Cabotaje	Comercial	1158
FMA - UAQ	N/A	Cabotaje	Comercial	1158
COR - CPC		Cabotaje	Av. General	1157
COR - CPC		Cabotaje	Comercial	1157
COR - CPC	Aerolíneas Argentinas	Cabotaje	Comercial	1157
COR - CPC	Ejército Argentino	Cabotaje	Av. General	1157
COR - CPC	N/A	Cabotaje	Av. General	1157
COR - CPC	N/A	Cabotaje	Comercial	1157
SDE - TDL	N/A	Cabotaje	Av. General	1157
BRC - VDR	N/A	Cabotaje	Comercial	1156
COC - VDM		Cabotaje	Av. General	1156
COC - VDM		Cabotaje	Comercial	1156
PMY - SCL	N/A	Internacional	Av. General	1155
PMY - SCL	N/A	Internacional	Comercial	1155
RCQ - SCL	N/A	Internacional	Av. General	1154
NQN - ULA	American Jet	Cabotaje	Comercial	1153
NQN - ULA	N/A	Cabotaje	Av. General	1153
NQN - ULA	N/A	Cabotaje	Comercial	1153
JUL - SLA	N/A	Internacional	Comercial	1153
CTC - MVD		Internacional	Comercial	1152
AEP - APZ		Cabotaje	Av. General	1152
AEP - APZ		Cabotaje	Comercial	1152
AEP - APZ	Ejército Argentino	Cabotaje	Av. General	1152
AEP - APZ	N/A	Cabotaje	Av. General	1152
AEP - APZ	N/A	Cabotaje	Comercial	1152
MDZ - PMY		Cabotaje	Av. General	1151
MDZ - PMY		Cabotaje	Comercial	1151
MDZ - PMY	American Jet	Cabotaje	Comercial	1151
MDZ - PMY	Flybondi	Cabotaje	Comercial	1151
MDZ - PMY	N/A	Cabotaje	Av. General	1151
MDZ - PMY	N/A	Cabotaje	Comercial	1151
EQS - LUQ	Ejército Argentino	Cabotaje	Av. General	1151
GYN - IGR		Internacional	Comercial	1151
GYN - IGR	American Jet	Internacional	Comercial	1151
GYN - IGR	N/A	Internacional	Av. General	1151
CJC - MDZ		Internacional	Av. General	1150
CJC - MDZ		Internacional	Comercial	1150
CJC - MDZ	Aerovías DAP	Internacional	Av. General	1150
CJC - MDZ	JetSMART Airlines	Internacional	Comercial	1150
CJC - MDZ	LATAM	Internacional	Comercial	1150
CJC - MDZ	N/A	Internacional	Av. General	1150
CJC - MDZ	N/A	Internacional	Comercial	1150
CJC - MDZ	Sky Airline	Internacional	Comercial	1150
CJC - MDZ	TAM Linhas Aéreas	Internacional	Comercial	1150
AEP - SCL		Internacional	Av. General	1149
AEP - SCL		Internacional	Comercial	1149
AEP - SCL	ACM Air Charter	Internacional	Av. General	1149
AEP - SCL	ACM Air Charter	Internacional	Comercial	1149
AEP - SCL	Aeroandina	Internacional	Av. General	1149
AEP - SCL	Aeroandina	Internacional	Comercial	1149
AEP - SCL	Aerocardal	Internacional	Av. General	1149
AEP - SCL	Aerolíneas Argentinas	Internacional	Comercial	1149
AEP - SCL	AeroSur	Internacional	Av. General	1149
AEP - SCL	Aerovías DAP	Internacional	Av. General	1149
AEP - SCL	Aerovías DAP	Internacional	Comercial	1149
AEP - SCL	Amaszonas	Internacional	Comercial	1149
AEP - SCL	American Jet	Internacional	Comercial	1149
AEP - SCL	Andes Líneas Aéreas	Internacional	Comercial	1149
AEP - SCL	Austral Líneas Aéreas	Internacional	Comercial	1149
AEP - SCL	Avianca Uruguay	Internacional	Comercial	1149
AEP - SCL	Brazilian Air Force	Internacional	Comercial	1149
AEP - SCL	Chief of Staff, United States Air Force	Internacional	Av. General	1149
AEP - SCL	Executive Airlines	Internacional	Av. General	1149
AEP - SCL	Flybondi	Internacional	Comercial	1149
AEP - SCL	Flyest	Internacional	Comercial	1149
AEP - SCL	Fuerza Aérea Argentina	Internacional	Av. General	1149
AEP - SCL	Fuerza Aérea Brasilera	Internacional	Av. General	1149
AEP - SCL	Fuerza Aérea Uruguaya	Internacional	Av. General	1149
AEP - SCL	Gestair	Internacional	Av. General	1149
AEP - SCL	Gestair	Internacional	Comercial	1149
AEP - SCL	Gol Transportes Aéreos	Internacional	Comercial	1149
AEP - SCL	Jet Aviation	Internacional	Comercial	1149
AEP - SCL	JetSMART Airlines	Internacional	Comercial	1149
AEP - SCL	LATAM	Internacional	Comercial	1149
AEP - SCL	LATAM Argentina	Internacional	Comercial	1149
AEP - SCL	LATAM Perú	Internacional	Comercial	1149
AEP - SCL	Línea Aérea SAPSA	Internacional	Comercial	1149
AEP - SCL	N/A	Internacional	Av. General	1149
AEP - SCL	N/A	Internacional	Comercial	1149
AEP - SCL	Sky Airline	Internacional	Av. General	1149
AEP - SCL	Sky Airline	Internacional	Comercial	1149
AEP - SCL	TAG Aviation Espana	Internacional	Av. General	1149
AEP - SCL	TAM Linhas Aéreas	Internacional	Comercial	1149
COR - SGV	Aerolíneas Argentinas	Cabotaje	Comercial	1147
DZO - MDZ	N/A	Internacional	Av. General	1147
CSZ - RHD		Cabotaje	Av. General	1146
PSS - VME	Fuerza Aérea Argentina	Cabotaje	Av. General	1145
JUJ - SCL		Internacional	Av. General	1144
JUJ - SCL		Internacional	Comercial	1144
JUJ - SCL	Aerocardal	Internacional	Av. General	1144
JUJ - SCL	American Jet	Internacional	Comercial	1144
JUJ - SCL	Fuerza Aérea Argentina	Internacional	Av. General	1144
JUJ - SCL	N/A	Internacional	Av. General	1144
COR - IGU		Internacional	Av. General	1144
COR - IGU		Internacional	Comercial	1144
COR - IGU	Aerolíneas Argentinas	Internacional	Comercial	1144
COR - IGU	Copa Airlines	Internacional	Comercial	1144
COR - IGU	Flybondi	Internacional	Comercial	1144
COR - IGU	N/A	Internacional	Av. General	1144
COR - IGU	N/A	Internacional	Comercial	1144
CSZ - RES	N/A	Cabotaje	Av. General	1144
APZ - FDO		Cabotaje	Av. General	1144
APZ - FDO		Cabotaje	Comercial	1144
APZ - FDO	American Jet	Cabotaje	Comercial	1144
APZ - FDO	Ameriflight	Cabotaje	Av. General	1144
APZ - FDO	N/A	Cabotaje	Av. General	1144
APZ - FDO	N/A	Cabotaje	Comercial	1144
MDZ - MHC	LATAM	Internacional	Comercial	1144
UAQ - VDM		Cabotaje	Av. General	1143
UAQ - VDM		Cabotaje	Comercial	1143
UAQ - VDM	American Jet	Cabotaje	Comercial	1143
UAQ - VDM	Fuerza Aérea Argentina	Cabotaje	Av. General	1143
UAQ - VDM	Línea Aérea SAPSA	Cabotaje	Comercial	1143
UAQ - VDM	N/A	Cabotaje	Av. General	1143
UAQ - VDM	N/A	Cabotaje	Comercial	1143
CNQ - RSA		Cabotaje	Av. General	1143
CNQ - RSA	N/A	Cabotaje	Av. General	1143
AQP - SLA		Internacional	Av. General	1141
AQP - SLA	N/A	Internacional	Av. General	1141
EQS - MDZ		Cabotaje	Av. General	1140
EQS - MDZ		Cabotaje	Comercial	1140
EQS - MDZ	Aerolíneas Argentinas	Cabotaje	Comercial	1140
EQS - MDZ	American Jet	Cabotaje	Av. General	1140
EQS - MDZ	American Jet	Cabotaje	Comercial	1140
EQS - MDZ	Fuerza Aérea Argentina	Cabotaje	Av. General	1140
EQS - MDZ	N/A	Cabotaje	Av. General	1140
EQS - MDZ	N/A	Cabotaje	Comercial	1140
ORA - ROS		Cabotaje	Av. General	1140
ORA - ROS	Ejército Argentino	Cabotaje	Av. General	1140
ORA - ROS	Gendarmería Nacional	Cabotaje	Av. General	1140
ORA - ROS	N/A	Cabotaje	Av. General	1140
EZE - SCL		Internacional	Av. General	1140
EZE - SCL		Internacional	Comercial	1140
EZE - SCL	ACM Air Charter	Internacional	Comercial	1140
EZE - SCL	Aeroandina	Internacional	Av. General	1140
EZE - SCL	Aerocardal	Internacional	Av. General	1140
EZE - SCL	Aerocardal	Internacional	Comercial	1140
EZE - SCL	Aerofrisco	Internacional	Comercial	1140
EZE - SCL	Aerolíneas Argentinas	Internacional	Comercial	1140
EZE - SCL	Aeroméxico	Internacional	Comercial	1140
EZE - SCL	Aerovías DAP	Internacional	Comercial	1140
EZE - SCL	Air Alsie	Internacional	Av. General	1140
EZE - SCL	Air Alsie	Internacional	Comercial	1140
EZE - SCL	Air Atlanta Icelandic	Internacional	Comercial	1140
EZE - SCL	Air Canada	Internacional	Comercial	1140
EZE - SCL	Amaszonas	Internacional	Comercial	1140
EZE - SCL	American Airlines	Internacional	Comercial	1140
EZE - SCL	American Jet	Internacional	Comercial	1140
EZE - SCL	Andes Líneas Aéreas	Internacional	Comercial	1140
EZE - SCL	Arajet	Internacional	Comercial	1140
EZE - SCL	Atlas Air	Internacional	Comercial	1140
EZE - SCL	Austral Líneas Aéreas	Internacional	Comercial	1140
EZE - SCL	Avianca	Internacional	Av. General	1140
EZE - SCL	Avianca	Internacional	Comercial	1140
EZE - SCL	Avianca Cargo	Internacional	Av. General	1140
EZE - SCL	Avianca Cargo	Internacional	Comercial	1140
EZE - SCL	Avianca Perú	Internacional	Comercial	1140
EZE - SCL	Avianca Uruguay	Internacional	Comercial	1140
EZE - SCL	Azul Linhas Aéreas Brasileiras	Internacional	Comercial	1140
EZE - SCL	British Airways	Internacional	Comercial	1140
EZE - SCL	Cargolux	Internacional	Comercial	1140
EZE - SCL	Centurion Air Cargo	Internacional	Comercial	1140
EZE - SCL	Delta Air Lines	Internacional	Comercial	1140
EZE - SCL	Emirates Airline	Internacional	Comercial	1140
EZE - SCL	Ethiopian Airlines	Internacional	Comercial	1140
EZE - SCL	Execujet Charter	Internacional	Av. General	1140
EZE - SCL	Execujet Charter	Internacional	Comercial	1140
EZE - SCL	Federal Express	Internacional	Comercial	1140
EZE - SCL	Florida West International Airways	Internacional	Comercial	1140
EZE - SCL	Flybondi	Internacional	Comercial	1140
EZE - SCL	Flyest	Internacional	Comercial	1140
EZE - SCL	Fuerza Aérea Argentina	Internacional	Av. General	1140
EZE - SCL	Gestair	Internacional	Comercial	1140
EZE - SCL	Global Jet Luxembourg	Internacional	Comercial	1140
EZE - SCL	Gol Transportes Aéreos	Internacional	Comercial	1140
EZE - SCL	Jet Aviation	Internacional	Comercial	1140
EZE - SCL	JetSMART Airlines	Internacional	Comercial	1140
EZE - SCL	Kalitta Air	Internacional	Comercial	1140
EZE - SCL	KLM	Internacional	Comercial	1140
EZE - SCL	LATAM	Internacional	Av. General	1140
EZE - SCL	LATAM	Internacional	Comercial	1140
EZE - SCL	LATAM Argentina	Internacional	Comercial	1140
EZE - SCL	LATAM Cargo Uruguay	Internacional	Comercial	1140
EZE - SCL	LATAM Ecuador	Internacional	Comercial	1140
EZE - SCL	LATAM Paraguay	Internacional	Comercial	1140
EZE - SCL	LATAM Perú	Internacional	Comercial	1140
EZE - SCL	Líneas Aéreas Suramericanas	Internacional	Comercial	1140
EZE - SCL	Lufthansa Cargo	Internacional	Comercial	1140
EZE - SCL	Martinair	Internacional	Comercial	1140
EZE - SCL	N/A	Internacional	Av. General	1140
EZE - SCL	N/A	Internacional	Comercial	1140
EZE - SCL	NetJets	Internacional	Av. General	1140
EZE - SCL	NetJets	Internacional	Comercial	1140
EZE - SCL	Northwest Airlines	Internacional	Comercial	1140
EZE - SCL	Omniflys	Internacional	Av. General	1140
EZE - SCL	Qatar Airways	Internacional	Comercial	1140
EZE - SCL	Qatar Executive	Internacional	Av. General	1140
EZE - SCL	Qatar Executive	Internacional	Comercial	1140
EZE - SCL	Royal Jet	Internacional	Comercial	1140
EZE - SCL	Sky Airline	Internacional	Av. General	1140
EZE - SCL	Sky Airline	Internacional	Comercial	1140
EZE - SCL	SkyLease Cargo	Internacional	Comercial	1140
EZE - SCL	Solar Cargo	Internacional	Comercial	1140
EZE - SCL	Spanish Air Force	Internacional	Av. General	1140
EZE - SCL	Sun Air	Internacional	Comercial	1140
EZE - SCL	Swiss Air-Ambulance	Internacional	Comercial	1140
EZE - SCL	TAG Aviation UK	Internacional	Comercial	1140
EZE - SCL	TAG Aviation USA	Internacional	Comercial	1140
EZE - SCL	TAM Cargo	Internacional	Comercial	1140
EZE - SCL	TAM Linhas Aéreas	Internacional	Comercial	1140
EZE - SCL	Titan Airways	Internacional	Av. General	1140
EZE - SCL	Travel Service	Internacional	Comercial	1140
EZE - SCL	United Airlines	Internacional	Comercial	1140
EZE - SCL	United Parcel Service	Internacional	Comercial	1140
EZE - SCL	Volga-Dnepr Airlines	Internacional	Comercial	1140
PMY - PNT	N/A	Internacional	Av. General	1139
PSS - TDL	N/A	Cabotaje	Av. General	1138
CPC - FTE		Cabotaje	Av. General	1138
CPC - FTE		Cabotaje	Comercial	1138
CPC - FTE	Interjet	Cabotaje	Av. General	1138
CPC - FTE	Interjet	Cabotaje	Comercial	1138
CPC - FTE	N/A	Cabotaje	Av. General	1138
CPC - FTE	N/A	Cabotaje	Comercial	1138
ESR - ROS	N/A	Internacional	Av. General	1137
LPG - TUC		Cabotaje	Av. General	1137
LPG - TUC		Cabotaje	Comercial	1137
LPG - TUC	N/A	Cabotaje	Av. General	1137
LPG - TUC	N/A	Cabotaje	Comercial	1137
COR - IGR		Cabotaje	Av. General	1136
COR - IGR		Cabotaje	Comercial	1136
COR - IGR	Aerolíneas Argentinas	Cabotaje	Comercial	1136
COR - IGR	Air Europa	Cabotaje	Comercial	1136
COR - IGR	American Jet	Cabotaje	Comercial	1136
COR - IGR	Andes Líneas Aéreas	Cabotaje	Comercial	1136
COR - IGR	Austral Líneas Aéreas	Cabotaje	Comercial	1136
COR - IGR	Ejército Argentino	Cabotaje	Av. General	1136
COR - IGR	Fly Linhas Aéreas	Cabotaje	Av. General	1136
COR - IGR	Flybondi	Cabotaje	Comercial	1136
COR - IGR	Fuerza Aérea Argentina	Cabotaje	Av. General	1136
COR - IGR	Gendarmería Nacional	Cabotaje	Av. General	1136
COR - IGR	JetSMART Airlines	Cabotaje	Comercial	1136
COR - IGR	LATAM Argentina	Cabotaje	Comercial	1136
COR - IGR	Macair Jet	Cabotaje	Comercial	1136
COR - IGR	N/A	Cabotaje	Av. General	1136
COR - IGR	N/A	Cabotaje	Comercial	1136
COR - IGR	Norwegian Air Argentina	Cabotaje	Comercial	1136
CNQ - MDZ		Cabotaje	Av. General	1136
CNQ - MDZ		Cabotaje	Comercial	1136
CNQ - MDZ	American Jet	Cabotaje	Comercial	1136
CNQ - MDZ	Austral Líneas Aéreas	Cabotaje	Av. General	1136
CNQ - MDZ	Flybondi	Cabotaje	Comercial	1136
CNQ - MDZ	N/A	Cabotaje	Av. General	1136
CNQ - MDZ	N/A	Cabotaje	Comercial	1136
APZ - EPA	Ejército Argentino	Cabotaje	Av. General	1133
APZ - EPA	Fuerza Aérea Argentina	Cabotaje	Av. General	1133
FDO - REL		Cabotaje	Av. General	1133
FDO - REL		Cabotaje	Comercial	1133
FDO - REL	American Jet	Cabotaje	Av. General	1133
FDO - REL	American Jet	Cabotaje	Comercial	1133
FDO - REL	Armada Argentina	Cabotaje	Av. General	1133
FDO - REL	Fuerza Aérea Argentina	Cabotaje	Av. General	1133
FDO - REL	Fuerza Aérea Uruguaya	Cabotaje	Av. General	1133
FDO - REL	Gendarmería Nacional	Cabotaje	Av. General	1133
FDO - REL	Interjet	Cabotaje	Av. General	1133
FDO - REL	Línea Aérea SAPSA	Cabotaje	Av. General	1133
FDO - REL	Línea Aérea SAPSA	Cabotaje	Comercial	1133
FDO - REL	N/A	Cabotaje	Av. General	1133
FDO - REL	N/A	Cabotaje	Comercial	1133
FDO - REL	Prefectura Naval Argentina	Cabotaje	Av. General	1133
SDE - VVI		Internacional	Av. General	1133
SDE - VVI	American Jet	Internacional	Comercial	1133
FDO - SCL		Internacional	Av. General	1132
FDO - SCL		Internacional	Comercial	1132
FDO - SCL	ACM Air Charter	Internacional	Comercial	1132
FDO - SCL	Aeroandina	Internacional	Av. General	1132
FDO - SCL	Aeroandina	Internacional	Comercial	1132
FDO - SCL	Aerocardal	Internacional	Av. General	1132
FDO - SCL	Aerocardal	Internacional	Comercial	1132
FDO - SCL	AeroSur	Internacional	Av. General	1132
FDO - SCL	Aerovías DAP	Internacional	Av. General	1132
FDO - SCL	American Jet	Internacional	Av. General	1132
FDO - SCL	American Jet	Internacional	Comercial	1132
FDO - SCL	Ameriflight	Internacional	Av. General	1132
FDO - SCL	ASL Airlines France	Internacional	Av. General	1132
FDO - SCL	Gestair	Internacional	Av. General	1132
FDO - SCL	Heliworks	Internacional	Av. General	1132
FDO - SCL	Israel Aircraft Industries	Internacional	Av. General	1132
FDO - SCL	Jet Aviation	Internacional	Av. General	1132
FDO - SCL	LATAM	Internacional	Av. General	1132
FDO - SCL	Línea Aérea SAPSA	Internacional	Av. General	1132
FDO - SCL	Línea Aérea SAPSA	Internacional	Comercial	1132
FDO - SCL	N/A	Internacional	Av. General	1132
FDO - SCL	N/A	Internacional	Comercial	1132
EPA - SCL		Internacional	Av. General	1131
EPA - SCL	Fuerza Aérea Argentina	Internacional	Av. General	1131
EPA - SCL	JetSMART Airlines	Internacional	Comercial	1131
EPA - SCL	LATAM	Internacional	Comercial	1131
EPA - SCL	N/A	Internacional	Av. General	1131
RCU - REL		Cabotaje	Av. General	1131
RCU - REL		Cabotaje	Comercial	1131
RCU - REL	Fuerza Aérea Argentina	Cabotaje	Av. General	1131
RCU - REL	N/A	Cabotaje	Av. General	1131
AEP - REL		Cabotaje	Av. General	1131
AEP - REL		Cabotaje	Comercial	1131
AEP - REL	Aerolíneas Argentinas	Cabotaje	Comercial	1131
AEP - REL	American Jet	Cabotaje	Av. General	1131
AEP - REL	American Jet	Cabotaje	Comercial	1131
AEP - REL	Andes Líneas Aéreas	Cabotaje	Comercial	1131
AEP - REL	Armada Argentina	Cabotaje	Av. General	1131
AEP - REL	Austral Líneas Aéreas	Cabotaje	Av. General	1131
AEP - REL	Austral Líneas Aéreas	Cabotaje	Comercial	1131
AEP - REL	Flybondi	Cabotaje	Comercial	1131
AEP - REL	Fuerza Aérea Argentina	Cabotaje	Av. General	1131
AEP - REL	Gendarmería Nacional	Cabotaje	Av. General	1131
AEP - REL	Jet Aviation	Cabotaje	Comercial	1131
AEP - REL	JetSMART Airlines	Cabotaje	Comercial	1131
AEP - REL	LADE - Líneas Aéreas Del Estado	Cabotaje	Comercial	1131
AEP - REL	LATAM Argentina	Cabotaje	Comercial	1131
AEP - REL	Línea Aérea SAPSA	Cabotaje	Av. General	1131
AEP - REL	Línea Aérea SAPSA	Cabotaje	Comercial	1131
AEP - REL	Macair Jet	Cabotaje	Comercial	1131
AEP - REL	N/A	Cabotaje	Av. General	1131
AEP - REL	N/A	Cabotaje	Comercial	1131
AEP - REL	SOL Líneas Aéreas	Cabotaje	Av. General	1131
AEP - REL	SOL Líneas Aéreas	Cabotaje	Comercial	1131
RES - RSA		Cabotaje	Av. General	1130
RES - RSA		Cabotaje	Comercial	1130
RES - RSA	N/A	Cabotaje	Av. General	1130
COR - PZS	N/A	Internacional	Av. General	1129
BHI - PMQ		Cabotaje	Comercial	1129
BHI - PMQ	American Jet	Cabotaje	Av. General	1129
BHI - PMQ	American Jet	Cabotaje	Comercial	1129
BHI - PMQ	N/A	Cabotaje	Av. General	1129
BHI - PMQ	N/A	Cabotaje	Comercial	1129
COR - PET		Internacional	Av. General	1128
COR - PET		Internacional	Comercial	1128
COR - PET	Fuerza Aérea Brasilera	Internacional	Av. General	1128
COR - PET	N/A	Internacional	Av. General	1128
COR - PET	N/A	Internacional	Comercial	1128
MPN - PMY	N/A	Cabotaje	Av. General	1126
JUJ - JUL		Internacional	Comercial	1126
JUJ - JUL	N/A	Internacional	Comercial	1126
AGT - COR		Internacional	Av. General	1125
AGT - COR		Internacional	Comercial	1125
AGT - COR	Air Europa	Internacional	Comercial	1125
AGT - COR	N/A	Internacional	Av. General	1125
AGT - COR	N/A	Internacional	Comercial	1125
BHI - IRJ		Cabotaje	Av. General	1124
BHI - IRJ	Austral Líneas Aéreas	Cabotaje	Comercial	1124
BHI - IRJ	N/A	Cabotaje	Comercial	1124
AQP - JUJ	N/A	Internacional	Av. General	1123
IRJ - TDL	N/A	Cabotaje	Av. General	1122
PMY - RYO	N/A	Cabotaje	Av. General	1121
AFA - SLA		Cabotaje	Av. General	1119
AFA - SLA		Cabotaje	Comercial	1119
AFA - SLA	American Jet	Cabotaje	Comercial	1119
AFA - SLA	N/A	Cabotaje	Av. General	1119
AFA - SLA	N/A	Cabotaje	Comercial	1119
SLA - TDD		Internacional	Av. General	1119
EPA - REL		Cabotaje	Av. General	1117
EPA - REL	Armada Argentina	Cabotaje	Av. General	1117
EPA - REL	Ejército Argentino	Cabotaje	Av. General	1117
EPA - REL	Flybondi	Cabotaje	Comercial	1117
EPA - REL	Fuerza Aérea Argentina	Cabotaje	Av. General	1117
EPA - REL	Gendarmería Nacional	Cabotaje	Av. General	1117
EPA - REL	JetSMART Airlines	Cabotaje	Comercial	1117
EPA - REL	N/A	Cabotaje	Comercial	1117
BRC - TDL		Cabotaje	Av. General	1116
BRC - TDL	Fuerza Aérea Argentina	Cabotaje	Av. General	1116
BRC - TDL	N/A	Cabotaje	Av. General	1116
CWB - RCQ	N/A	Internacional	Av. General	1116
LPG - REL		Cabotaje	Av. General	1116
LPG - REL	N/A	Cabotaje	Av. General	1116
LPG - REL	N/A	Cabotaje	Comercial	1116
TCQ - TUC		Internacional	Av. General	1113
TCQ - TUC	Fuerza Aérea Argentina	Internacional	Av. General	1113
TCQ - TUC	Interjet	Internacional	Av. General	1113
TCQ - TUC	LATAM Perú	Internacional	Comercial	1113
TCQ - TUC	N/A	Internacional	Av. General	1113
TCQ - TUC	N/A	Internacional	Comercial	1113
MVD - SDE		Internacional	Av. General	1113
MVD - SDE	Aerolíneas Argentinas	Internacional	Comercial	1113
MVD - SDE	N/A	Internacional	Av. General	1113
MVD - SDE	N/A	Internacional	Comercial	1113
IGR - SLA		Cabotaje	Av. General	1112
IGR - SLA		Cabotaje	Comercial	1112
IGR - SLA	Aerolíneas Argentinas	Cabotaje	Comercial	1112
IGR - SLA	Andes Líneas Aéreas	Cabotaje	Comercial	1112
IGR - SLA	Austral Líneas Aéreas	Cabotaje	Comercial	1112
IGR - SLA	Flybondi	Cabotaje	Comercial	1112
IGR - SLA	JetSMART Airlines	Cabotaje	Comercial	1112
IGR - SLA	LATAM Argentina	Cabotaje	Comercial	1112
IGR - SLA	N/A	Cabotaje	Av. General	1112
IGR - SLA	N/A	Cabotaje	Comercial	1112
MDZ - RES		Cabotaje	Av. General	1112
MDZ - RES		Cabotaje	Comercial	1112
MDZ - RES	Aerolíneas Argentinas	Cabotaje	Comercial	1112
MDZ - RES	American Jet	Cabotaje	Av. General	1112
MDZ - RES	American Jet	Cabotaje	Comercial	1112
MDZ - RES	Austral Líneas Aéreas	Cabotaje	Comercial	1112
MDZ - RES	Flyest	Cabotaje	Comercial	1112
MDZ - RES	Fuerza Aérea Argentina	Cabotaje	Av. General	1112
MDZ - RES	Fuerza Aérea Paraguaya	Cabotaje	Av. General	1112
MDZ - RES	N/A	Cabotaje	Av. General	1112
MDZ - RES	N/A	Cabotaje	Comercial	1112
PDI - REL		Cabotaje	Av. General	1111
PDI - REL	Armada Argentina	Cabotaje	Av. General	1111
PDI - REL	N/A	Cabotaje	Av. General	1111
NCJ - VDM		Cabotaje	Comercial	1111
BRC - RLO		Cabotaje	Av. General	1111
BRC - RLO		Cabotaje	Comercial	1111
BRC - RLO	N/A	Cabotaje	Comercial	1111
IGU - SLA		Internacional	Comercial	1111
IGU - SLA	Andes Líneas Aéreas	Internacional	Comercial	1111
IGU - SLA	Austral Líneas Aéreas	Internacional	Comercial	1111
IGU - SLA	Bell Helicopter Textron	Internacional	Av. General	1111
IGU - SLA	N/A	Internacional	Av. General	1111
IGU - SLA	N/A	Internacional	Comercial	1111
FMA - LUQ		Cabotaje	Av. General	1110
FMA - LUQ	Fuerza Aérea Argentina	Cabotaje	Av. General	1110
FMA - LUQ	N/A	Cabotaje	Av. General	1110
FMA - VMA	N/A	Cabotaje	Av. General	1110
FMA - LUQ	N/A	Cabotaje	Comercial	1110
FMA - VMA	N/A	Cabotaje	Comercial	1110
LUQ - REL		Cabotaje	Comercial	1110
LUQ - REL	N/A	Cabotaje	Av. General	1110
REL - VMA	N/A	Cabotaje	Av. General	1110
LUQ - REL	N/A	Cabotaje	Comercial	1110
AEP - HOS		Cabotaje	Comercial	1110
AEP - HOS	Gendarmería Nacional	Cabotaje	Av. General	1110
AEP - HOS	N/A	Cabotaje	Av. General	1110
AEP - HOS	N/A	Cabotaje	Comercial	1110
MOR - REL		Cabotaje	Av. General	1109
MOR - REL		Cabotaje	Comercial	1109
MOR - REL	Fuerza Aérea Argentina	Cabotaje	Av. General	1109
MOR - REL	N/A	Cabotaje	Av. General	1109
MOR - REL	N/A	Cabotaje	Comercial	1109
RZA - VDM		Cabotaje	Comercial	1107
RZA - VDM	N/A	Cabotaje	Comercial	1107
CCP - CRD	Jordan Aviation	Internacional	Av. General	1106
PDU - SLA	American Jet	Internacional	Comercial	1106
PDU - SLA	Línea Aérea SAPSA	Internacional	Comercial	1106
PDU - SLA	N/A	Internacional	Comercial	1106
RES - VLG	N/A	Cabotaje	Av. General	1106
LGS - MDQ	N/A	Cabotaje	Comercial	1104
FLN - RCQ	N/A	Internacional	Av. General	1102
AGT - EZE		Internacional	Comercial	1101
AGT - EZE	Aerolíneas Argentinas	Internacional	Comercial	1101
AGT - EZE	Austral Líneas Aéreas	Internacional	Av. General	1101
AGT - EZE	Austral Líneas Aéreas	Internacional	Comercial	1101
AGT - EZE	Avianca	Internacional	Comercial	1101
AGT - EZE	Centurion Air Cargo	Internacional	Comercial	1101
AGT - EZE	Florida West International Airways	Internacional	Comercial	1101
AGT - EZE	LATAM	Internacional	Comercial	1101
AGT - EZE	N/A	Internacional	Comercial	1101
AGT - EZE	Qatar Airways	Internacional	Comercial	1101
AGT - EZE	SkyLease Cargo	Internacional	Comercial	1101
AGT - EZE	TAG Aviation USA	Internacional	Comercial	1101
PSS - VLG		Cabotaje	Av. General	1101
CYR - TUC	N/A	Internacional	Av. General	1100
EZE - REL		Cabotaje	Av. General	1100
EZE - REL		Cabotaje	Comercial	1100
EZE - REL	Aerolíneas Argentinas	Cabotaje	Av. General	1100
EZE - REL	Aerolíneas Argentinas	Cabotaje	Comercial	1100
EZE - REL	American Jet	Cabotaje	Comercial	1100
EZE - REL	Andes Líneas Aéreas	Cabotaje	Comercial	1100
EZE - REL	Armada Argentina	Cabotaje	Av. General	1100
EZE - REL	Austral Líneas Aéreas	Cabotaje	Av. General	1100
EZE - REL	Austral Líneas Aéreas	Cabotaje	Comercial	1100
EZE - REL	Flybondi	Cabotaje	Comercial	1100
EZE - REL	JetSMART Airlines	Cabotaje	Comercial	1100
EZE - REL	N/A	Cabotaje	Av. General	1100
EZE - REL	N/A	Cabotaje	Comercial	1100
FDO - HOS		Cabotaje	Av. General	1099
FDO - HOS		Cabotaje	Comercial	1099
FDO - HOS	N/A	Cabotaje	Av. General	1099
FDO - HOS	N/A	Cabotaje	Comercial	1099
MDZ - NEC		Cabotaje	Av. General	1099
MDZ - NEC	N/A	Cabotaje	Av. General	1099
MDZ - NEC	N/A	Cabotaje	Comercial	1099
PSY - REL		Internacional	Av. General	1098
EZE - IGU		Internacional	Av. General	1098
EZE - IGU		Internacional	Comercial	1098
EZE - IGU	Aerocardal	Internacional	Comercial	1098
EZE - IGU	Aerolíneas Ejecutivas	Internacional	Comercial	1098
EZE - IGU	Air Alsie	Internacional	Av. General	1098
EZE - IGU	Austral Líneas Aéreas	Internacional	Comercial	1098
EZE - IGU	Azul Linhas Aéreas Brasileiras	Internacional	Comercial	1098
EZE - IGU	Executive Air Charter	Internacional	Av. General	1098
EZE - IGU	Flybondi	Internacional	Comercial	1098
EZE - IGU	Gol Transportes Aéreos	Internacional	Comercial	1098
EZE - IGU	Hong Kong Airlines	Internacional	Av. General	1098
EZE - IGU	LATAM Argentina	Internacional	Comercial	1098
EZE - IGU	N/A	Internacional	Av. General	1098
EZE - IGU	N/A	Internacional	Comercial	1098
EZE - IGU	NetJets	Internacional	Comercial	1098
EZE - IGU	Royal Jet	Internacional	Av. General	1098
EZE - IGU	TAM Linhas Aéreas	Internacional	Comercial	1098
EZE - IGU	TUI Airways	Internacional	Comercial	1098
MDX - MDZ	American Jet	Cabotaje	Comercial	1097
TTG - UAQ	American Jet	Cabotaje	Comercial	1096
CGR - RCQ	N/A	Internacional	Av. General	1096
BRC - NEC	N/A	Cabotaje	Comercial	1095
BRC - UAQ		Cabotaje	Av. General	1094
BRC - UAQ		Cabotaje	Comercial	1094
BRC - UAQ	American Jet	Cabotaje	Comercial	1094
BRC - UAQ	Andes Líneas Aéreas	Cabotaje	Comercial	1094
BRC - UAQ	Fuerza Aérea Argentina	Cabotaje	Av. General	1094
BRC - UAQ	N/A	Cabotaje	Av. General	1094
BRC - UAQ	N/A	Cabotaje	Comercial	1094
COR - ESG	N/A	Internacional	Av. General	1092
CNQ - TDL	N/A	Cabotaje	Av. General	1091
RES - TDL		Cabotaje	Av. General	1090
RES - TDL	Fuerza Aérea Argentina	Cabotaje	Av. General	1090
RES - TDL	N/A	Cabotaje	Av. General	1090
EHL - RGL		Cabotaje	Av. General	1089
COR - TJA	N/A	Internacional	Av. General	1088
RSA - TUC		Cabotaje	Av. General	1088
RSA - TUC		Cabotaje	Comercial	1088
RSA - TUC	Línea Aérea SAPSA	Cabotaje	Av. General	1088
RSA - TUC	N/A	Cabotaje	Av. General	1088
RSA - TUC	N/A	Cabotaje	Comercial	1088
PNT - REL	N/A	Internacional	Av. General	1088
PNT - REL	N/A	Internacional	Comercial	1088
ARI - TUC		Internacional	Av. General	1087
EZE - TUC		Cabotaje	Av. General	1087
EZE - TUC		Cabotaje	Comercial	1087
EZE - TUC	Aerocardal	Cabotaje	Av. General	1087
EZE - TUC	Aerocardal	Cabotaje	Comercial	1087
EZE - TUC	Aerolíneas Argentinas	Cabotaje	Comercial	1087
ARI - TUC	Aerovías DAP	Internacional	Comercial	1087
EZE - TUC	Aerovitro	Cabotaje	Av. General	1087
EZE - TUC	American Jet	Cabotaje	Av. General	1087
EZE - TUC	American Jet	Cabotaje	Comercial	1087
EZE - TUC	Andes Líneas Aéreas	Cabotaje	Comercial	1087
EZE - TUC	Atlas Air	Cabotaje	Comercial	1087
EZE - TUC	Austral Líneas Aéreas	Cabotaje	Comercial	1087
EZE - TUC	Centurion Air Cargo	Cabotaje	Comercial	1087
EZE - TUC	Florida West International Airways	Cabotaje	Comercial	1087
EZE - TUC	Flybondi	Cabotaje	Comercial	1087
EZE - TUC	Flyest	Cabotaje	Comercial	1087
ARI - TUC	Fuerza Aérea Argentina	Internacional	Av. General	1087
ARI - TUC	Interjet	Internacional	Av. General	1087
EZE - TUC	Jet Aviation	Cabotaje	Comercial	1087
EZE - TUC	JetSMART Airlines	Cabotaje	Comercial	1087
EZE - TUC	LADE - Líneas Aéreas Del Estado	Cabotaje	Av. General	1087
EZE - TUC	LATAM	Cabotaje	Av. General	1087
EZE - TUC	LATAM	Cabotaje	Comercial	1087
EZE - TUC	LATAM Argentina	Cabotaje	Comercial	1087
EZE - TUC	Línea Aérea SAPSA	Cabotaje	Av. General	1087
EZE - TUC	Línea Aérea SAPSA	Cabotaje	Comercial	1087
ARI - TUC	N/A	Internacional	Av. General	1087
EZE - TUC	N/A	Cabotaje	Av. General	1087
ARI - TUC	N/A	Internacional	Comercial	1087
EZE - TUC	N/A	Cabotaje	Comercial	1087
EZE - TUC	Qatar Airways	Cabotaje	Comercial	1087
EZE - TUC	SkyLease Cargo	Cabotaje	Comercial	1087
EZE - TUC	Sun Air	Cabotaje	Av. General	1087
EZE - TUC	Titan Airways	Cabotaje	Av. General	1087
CJC - COR		Internacional	Comercial	1087
CJC - COR	Aerolíneas Argentinas	Internacional	Comercial	1087
CJC - COR	N/A	Internacional	Av. General	1087
COR - ELO		Cabotaje	Av. General	1087
COR - ELO	N/A	Cabotaje	Av. General	1087
COR - ELO	N/A	Cabotaje	Comercial	1087
BRC - RCU		Cabotaje	Av. General	1086
BRC - RCU		Cabotaje	Comercial	1086
BRC - RCU	Andes Líneas Aéreas	Cabotaje	Comercial	1086
BRC - RCU	Fuerza Aérea Argentina	Cabotaje	Av. General	1086
BRC - RCU	N/A	Cabotaje	Av. General	1086
BRC - RCU	N/A	Cabotaje	Comercial	1086
EZE - IGR		Cabotaje	Av. General	1084
EZE - IGR		Cabotaje	Comercial	1084
EZE - IGR	ACM Air Charter	Cabotaje	Comercial	1084
EZE - IGR	Aerolíneas Argentinas	Cabotaje	Av. General	1084
EZE - IGR	Aerolíneas Argentinas	Cabotaje	Comercial	1084
EZE - IGR	Aeronexus	Cabotaje	Av. General	1084
EZE - IGR	Aeronexus	Cabotaje	Comercial	1084
EZE - IGR	Air Alsie	Cabotaje	Av. General	1084
EZE - IGR	Air Alsie	Cabotaje	Comercial	1084
EZE - IGR	American Jet	Cabotaje	Comercial	1084
EZE - IGR	Andes Líneas Aéreas	Cabotaje	Comercial	1084
EZE - IGR	ASL Airlines France	Cabotaje	Av. General	1084
EZE - IGR	ASL Airlines France	Cabotaje	Comercial	1084
EZE - IGR	Austral Líneas Aéreas	Cabotaje	Comercial	1084
EZE - IGR	Executive Air Charter	Cabotaje	Av. General	1084
EZE - IGR	Flybondi	Cabotaje	Comercial	1084
EZE - IGR	Flyest	Cabotaje	Comercial	1084
EZE - IGR	Fuerza Aérea Argentina	Cabotaje	Av. General	1084
EZE - IGR	Gestair	Cabotaje	Av. General	1084
EZE - IGR	Gestair	Cabotaje	Comercial	1084
EZE - IGR	Iberia Airlines	Cabotaje	Comercial	1084
EZE - IGR	Jet Aviation	Cabotaje	Av. General	1084
EZE - IGR	Jet Aviation	Cabotaje	Comercial	1084
EZE - IGR	JetSMART Airlines	Cabotaje	Comercial	1084
EZE - IGR	LATAM Argentina	Cabotaje	Comercial	1084
EZE - IGR	N/A	Cabotaje	Av. General	1084
EZE - IGR	N/A	Cabotaje	Comercial	1084
EZE - IGR	TAG Aviation UK	Cabotaje	Av. General	1084
EZE - IGR	TAG Aviation UK	Cabotaje	Comercial	1084
EZE - IGR	TAM Linhas Aéreas	Cabotaje	Comercial	1084
EZE - IGR	Titan Airways	Cabotaje	Av. General	1084
EZE - IGR	Titan Airways	Cabotaje	Comercial	1084
EZE - IGR	White Airways	Cabotaje	Comercial	1084
BHI - RCQ		Cabotaje	Av. General	1084
BHI - RCQ		Cabotaje	Comercial	1084
BHI - RCQ	American Jet	Cabotaje	Av. General	1084
BHI - RCQ	American Jet	Cabotaje	Comercial	1084
BHI - RCQ	Armada Argentina	Cabotaje	Av. General	1084
BHI - RCQ	Fuerza Aérea Argentina	Cabotaje	Av. General	1084
FDO - PMY		Cabotaje	Av. General	1084
FDO - PMY		Cabotaje	Comercial	1084
FDO - PMY	American Jet	Cabotaje	Comercial	1084
FDO - PMY	Interjet	Cabotaje	Av. General	1084
FDO - PMY	Línea Aérea SAPSA	Cabotaje	Av. General	1084
FDO - PMY	Línea Aérea SAPSA	Cabotaje	Comercial	1084
FDO - PMY	N/A	Cabotaje	Av. General	1084
FDO - PMY	N/A	Cabotaje	Comercial	1084
FDO - PMY	Prefectura Naval Argentina	Cabotaje	Av. General	1084
GHU - NQN	N/A	Cabotaje	Av. General	1083
IRJ - PSS		Cabotaje	Av. General	1083
IRJ - PSS		Cabotaje	Comercial	1083
IRJ - PSS	N/A	Cabotaje	Av. General	1083
IRJ - PSS	N/A	Cabotaje	Comercial	1083
AEP - CUT	Aerolíneas Argentinas	Cabotaje	Comercial	1083
AEP - CUT	N/A	Cabotaje	Av. General	1083
IGR - JUJ		Cabotaje	Av. General	1081
IGR - JUJ		Cabotaje	Comercial	1081
IGR - JUJ	Aerolíneas Argentinas	Cabotaje	Comercial	1081
IGR - JUJ	Austral Líneas Aéreas	Cabotaje	Comercial	1081
IGR - JUJ	Flybondi	Cabotaje	Comercial	1081
IGR - JUJ	JetSMART Airlines	Cabotaje	Comercial	1081
IGR - JUJ	N/A	Cabotaje	Av. General	1081
IGR - JUJ	N/A	Cabotaje	Comercial	1081
AEP - PMY		Cabotaje	Av. General	1081
AEP - PMY		Cabotaje	Comercial	1081
AEP - PMY	Aerolíneas Argentinas	Cabotaje	Comercial	1081
AEP - PMY	American Jet	Cabotaje	Av. General	1081
AEP - PMY	American Jet	Cabotaje	Comercial	1081
AEP - PMY	Andes Líneas Aéreas	Cabotaje	Av. General	1081
AEP - PMY	Andes Líneas Aéreas	Cabotaje	Comercial	1081
AEP - PMY	Austral Líneas Aéreas	Cabotaje	Comercial	1081
AEP - PMY	Avianca	Cabotaje	Comercial	1081
AEP - PMY	Flybondi	Cabotaje	Comercial	1081
AEP - PMY	Fuerza Aérea Argentina	Cabotaje	Av. General	1081
AEP - PMY	Gendarmería Nacional	Cabotaje	Av. General	1081
AEP - PMY	Gestair	Cabotaje	Comercial	1081
AEP - PMY	Global Jet Luxembourg	Cabotaje	Av. General	1081
AEP - PMY	JetSMART Airlines	Cabotaje	Comercial	1081
AEP - PMY	LADE - Líneas Aéreas Del Estado	Cabotaje	Av. General	1081
AEP - PMY	LADE - Líneas Aéreas Del Estado	Cabotaje	Comercial	1081
AEP - PMY	Línea Aérea SAPSA	Cabotaje	Av. General	1081
AEP - PMY	Línea Aérea SAPSA	Cabotaje	Comercial	1081
AEP - PMY	Macair Jet	Cabotaje	Av. General	1081
AEP - PMY	Macair Jet	Cabotaje	Comercial	1081
AEP - PMY	N/A	Cabotaje	Av. General	1081
AEP - PMY	N/A	Cabotaje	Comercial	1081
AEP - PMY	Prefectura Naval Argentina	Cabotaje	Av. General	1081
SCL - VDM		Internacional	Comercial	1081
SCL - SLA		Internacional	Av. General	1081
SCL - SLA		Internacional	Comercial	1081
SCL - SLA	Abelag Aviation	Internacional	Av. General	1081
SCL - SLA	ACM Air Charter	Internacional	Av. General	1081
SCL - SLA	ACM Air Charter	Internacional	Comercial	1081
SCL - SLA	Aerocardal	Internacional	Av. General	1081
SCL - SLA	Aerovías DAP	Internacional	Av. General	1081
SCL - SLA	Aerovías DAP	Internacional	Comercial	1081
SCL - SLA	Amaszonas	Internacional	Comercial	1081
SCL - SLA	American Jet	Internacional	Comercial	1081
SCL - SLA	LATAM Argentina	Internacional	Comercial	1081
SCL - SLA	N/A	Internacional	Av. General	1081
SCL - SLA	N/A	Internacional	Comercial	1081
CRD - NEC	N/A	Cabotaje	Av. General	1081
CRD - NEC	N/A	Cabotaje	Comercial	1081
FMA - VVI	N/A	Internacional	Av. General	1080
PMY - RCU		Cabotaje	Av. General	1079
PMY - RCU		Cabotaje	Comercial	1079
PMY - RCU	American Jet	Cabotaje	Comercial	1079
PMY - RCU	N/A	Cabotaje	Comercial	1079
IGR - LPG		Cabotaje	Av. General	1079
IGR - LPG		Cabotaje	Comercial	1079
IGR - LPG	Gendarmería Nacional	Cabotaje	Av. General	1079
IGR - LPG	N/A	Cabotaje	Comercial	1079
IGU - JUJ	Austral Líneas Aéreas	Internacional	Comercial	1079
IGU - JUJ	N/A	Internacional	Av. General	1079
IGU - JUJ	N/A	Internacional	Comercial	1079
ATI - SLA	Fuerza Aérea Uruguaya	Internacional	Av. General	1079
RAF - VDM	N/A	Cabotaje	Av. General	1076
CPC - NEC		Cabotaje	Comercial	1075
CPC - NEC	N/A	Cabotaje	Av. General	1075
NCJ - NQN		Cabotaje	Av. General	1075
NCJ - NQN	American Jet	Cabotaje	Comercial	1075
NCJ - NQN	N/A	Cabotaje	Av. General	1075
CUT - FDO		Cabotaje	Av. General	1075
CUT - FDO		Cabotaje	Comercial	1075
CUT - FDO	N/A	Cabotaje	Av. General	1075
CUT - FDO	N/A	Cabotaje	Comercial	1075
AGT - SLA		Internacional	Av. General	1075
AGT - SLA	Austral Líneas Aéreas	Internacional	Av. General	1075
AGT - SLA	N/A	Internacional	Av. General	1075
IGR - MOR		Cabotaje	Av. General	1073
IGR - MOR		Cabotaje	Comercial	1073
IGR - MOR	Aerolíneas Argentinas	Cabotaje	Comercial	1073
IGR - MOR	N/A	Cabotaje	Av. General	1073
IGR - MOR	N/A	Cabotaje	Comercial	1073
PRA - TTG		Cabotaje	Av. General	1073
PRA - TTG	Ejército Argentino	Cabotaje	Av. General	1073
PRA - TTG	Fuerza Aérea Argentina	Cabotaje	Av. General	1073
IRJ - NQN		Cabotaje	Av. General	1072
IRJ - NQN		Cabotaje	Comercial	1072
IRJ - NQN	American Jet	Cabotaje	Av. General	1072
IRJ - NQN	American Jet	Cabotaje	Comercial	1072
IRJ - NQN	N/A	Cabotaje	Av. General	1072
IRJ - NQN	N/A	Cabotaje	Comercial	1072
IRJ - NQN	TAG Aviation USA	Cabotaje	Av. General	1072
ANF - COR		Internacional	Av. General	1072
ANF - COR	Aerolíneas Argentinas	Internacional	Comercial	1072
ANF - COR	Fuerza Aérea Argentina	Internacional	Av. General	1072
ANF - COR	N/A	Internacional	Av. General	1072
ANF - COR	N/A	Internacional	Comercial	1072
ASU - EZE		Internacional	Av. General	1071
ASU - EZE		Internacional	Comercial	1071
ASU - EZE	Aero VIP	Internacional	Comercial	1071
ASU - EZE	Aerolíneas Argentinas	Internacional	Comercial	1071
ASU - EZE	Air Europa	Internacional	Comercial	1071
ASU - EZE	Air France	Internacional	Comercial	1071
ASU - EZE	Alitalia	Internacional	Comercial	1071
ASU - EZE	Amaszonas	Internacional	Comercial	1071
ASU - EZE	American Airlines	Internacional	Comercial	1071
ASU - EZE	American Jet	Internacional	Comercial	1071
ASU - EZE	Andes Líneas Aéreas	Internacional	Comercial	1071
ASU - EZE	Arajet	Internacional	Comercial	1071
ASU - EZE	Atlas Air	Internacional	Comercial	1071
ASU - EZE	Austral Líneas Aéreas	Internacional	Comercial	1071
ASU - EZE	Avianca	Internacional	Comercial	1071
ASU - EZE	Avianca Cargo	Internacional	Comercial	1071
ASU - EZE	Avianca Perú	Internacional	Comercial	1071
ASU - EZE	Avianca Uruguay	Internacional	Comercial	1071
ASU - EZE	Azul Linhas Aéreas Brasileiras	Internacional	Comercial	1071
ASU - EZE	Centurion Air Cargo	Internacional	Comercial	1071
ASU - EZE	Chief of Staff, United States Air Force	Internacional	Av. General	1071
ASU - EZE	Copa Airlines	Internacional	Comercial	1071
ASU - EZE	Czech Air Force	Internacional	Av. General	1071
ASU - EZE	Florida West International Airways	Internacional	Comercial	1071
ASU - EZE	Flybondi	Internacional	Comercial	1071
ASU - EZE	Flyest	Internacional	Comercial	1071
ASU - EZE	Fuerza Aérea Paraguaya	Internacional	Av. General	1071
ASU - EZE	Gol Transportes Aéreos	Internacional	Comercial	1071
ASU - EZE	Iberia Airlines	Internacional	Comercial	1071
ASU - EZE	Jet Aviation	Internacional	Comercial	1071
ASU - EZE	JetSMART Airlines	Internacional	Comercial	1071
ASU - EZE	Lamia Corporation S.R.L.	Internacional	Comercial	1071
ASU - EZE	LATAM	Internacional	Comercial	1071
ASU - EZE	LATAM Argentina	Internacional	Comercial	1071
ASU - EZE	LATAM Cargo Uruguay	Internacional	Av. General	1071
ASU - EZE	LATAM Cargo Uruguay	Internacional	Comercial	1071
ASU - EZE	LATAM Ecuador	Internacional	Comercial	1071
ASU - EZE	LATAM Paraguay	Internacional	Comercial	1071
ASU - EZE	LATAM Perú	Internacional	Comercial	1071
ASU - EZE	Líneas Aéreas Suramericanas	Internacional	Comercial	1071
ASU - EZE	Lufthansa	Internacional	Comercial	1071
ASU - EZE	Lufthansa Cargo	Internacional	Comercial	1071
ASU - EZE	N/A	Internacional	Av. General	1071
ASU - EZE	N/A	Internacional	Comercial	1071
ASU - EZE	Omniflys	Internacional	Av. General	1071
ASU - EZE	Qatar Amiri Flight	Internacional	Av. General	1071
ASU - EZE	Qatar Executive	Internacional	Av. General	1071
ASU - EZE	Sky Airline	Internacional	Comercial	1071
ASU - EZE	SkyLease Cargo	Internacional	Comercial	1071
ASU - EZE	SOL Líneas Aéreas	Internacional	Av. General	1071
ASU - EZE	SOL Líneas Aéreas	Internacional	Comercial	1071
ASU - EZE	Spanish Air Force	Internacional	Comercial	1071
ASU - EZE	TAM Linhas Aéreas	Internacional	Comercial	1071
ASU - EZE	Turkish Airlines	Internacional	Comercial	1071
AEP - TUC		Cabotaje	Av. General	1071
AEP - TUC		Cabotaje	Comercial	1071
AEP - TUC	Aerolíneas Argentinas	Cabotaje	Av. General	1071
AEP - TUC	Aerolíneas Argentinas	Cabotaje	Comercial	1071
AEP - TUC	Aeroméxico	Cabotaje	Comercial	1071
AEP - TUC	American Jet	Cabotaje	Av. General	1071
AEP - TUC	American Jet	Cabotaje	Comercial	1071
AEP - TUC	Andes Líneas Aéreas	Cabotaje	Comercial	1071
AEP - TUC	Austral Líneas Aéreas	Cabotaje	Comercial	1071
AEP - TUC	Avianca	Cabotaje	Comercial	1071
AEP - TUC	Chief of Staff, United States Air Force	Cabotaje	Av. General	1071
AEP - TUC	Flybondi	Cabotaje	Comercial	1071
AEP - TUC	Flyest	Cabotaje	Av. General	1071
AEP - TUC	Flyest	Cabotaje	Comercial	1071
AEP - TUC	Fuerza Aérea Argentina	Cabotaje	Av. General	1071
AEP - TUC	Fuerza Aérea Brasilera	Cabotaje	Av. General	1071
AEP - TUC	Gendarmería Nacional	Cabotaje	Av. General	1071
AEP - TUC	Gestair	Cabotaje	Av. General	1071
AEP - TUC	Gestair	Cabotaje	Comercial	1071
AEP - TUC	JetSMART Airlines	Cabotaje	Comercial	1071
AEP - TUC	LADE - Líneas Aéreas Del Estado	Cabotaje	Av. General	1071
AEP - TUC	LADE - Líneas Aéreas Del Estado	Cabotaje	Comercial	1071
AEP - TUC	LATAM	Cabotaje	Comercial	1071
AEP - TUC	LATAM Argentina	Cabotaje	Comercial	1071
AEP - TUC	Macair Jet	Cabotaje	Av. General	1071
AEP - TUC	Macair Jet	Cabotaje	Comercial	1071
AEP - TUC	N/A	Cabotaje	Av. General	1071
AEP - TUC	N/A	Cabotaje	Comercial	1071
AEP - TUC	Prefectura Naval Argentina	Cabotaje	Av. General	1071
REL - RYO	N/A	Cabotaje	Av. General	1070
AEP - AGT		Internacional	Av. General	1070
AEP - AGT		Internacional	Comercial	1070
AEP - AGT	Aerolíneas Argentinas	Internacional	Comercial	1070
AEP - AGT	Flyest	Internacional	Comercial	1070
AEP - AGT	N/A	Internacional	Av. General	1070
IGU - TUC		Internacional	Av. General	1069
IGU - TUC		Internacional	Comercial	1069
IGU - TUC	N/A	Internacional	Av. General	1069
IGU - TUC	N/A	Internacional	Comercial	1069
MOR - TUC		Cabotaje	Av. General	1068
MOR - TUC		Cabotaje	Comercial	1068
MOR - TUC	N/A	Cabotaje	Av. General	1068
MOR - TUC	N/A	Cabotaje	Comercial	1068
COR - VDM		Cabotaje	Av. General	1068
COR - VDM		Cabotaje	Comercial	1068
COR - VDM	Línea Aérea SAPSA	Cabotaje	Comercial	1068
COR - VDM	N/A	Cabotaje	Av. General	1068
COR - VDM	N/A	Cabotaje	Comercial	1068
LPG - RHD	N/A	Cabotaje	Av. General	1068
IGR - TUC		Cabotaje	Av. General	1068
IGR - TUC		Cabotaje	Comercial	1068
IGR - TUC	Aerolíneas Argentinas	Cabotaje	Comercial	1068
IGR - TUC	Avianca	Cabotaje	Comercial	1068
IGR - TUC	Flybondi	Cabotaje	Comercial	1068
IGR - TUC	Fuerza Aérea Argentina	Cabotaje	Av. General	1068
IGR - TUC	N/A	Cabotaje	Av. General	1068
IGR - TUC	N/A	Cabotaje	Comercial	1068
RGA - TNM	Fuerza Aérea Argentina	Internacional	Av. General	1068
EPA - PMY	Fuerza Aérea Argentina	Cabotaje	Av. General	1067
AEP - IGU		Internacional	Av. General	1066
AEP - IGU		Internacional	Comercial	1066
AEP - IGU	Aerolíneas Argentinas	Internacional	Comercial	1066
AEP - IGU	Andes Líneas Aéreas	Internacional	Comercial	1066
AEP - IGU	Austral Líneas Aéreas	Internacional	Comercial	1066
AEP - IGU	Flybondi	Internacional	Comercial	1066
AEP - IGU	Fuerza Aérea Brasilera	Internacional	Av. General	1066
AEP - IGU	LATAM Argentina	Internacional	Comercial	1066
AEP - IGU	N/A	Internacional	Av. General	1066
AEP - IGU	N/A	Internacional	Comercial	1066
EPA - IGR		Cabotaje	Av. General	1065
EPA - IGR		Cabotaje	Comercial	1065
EPA - IGR	Austral Líneas Aéreas	Cabotaje	Comercial	1065
EPA - IGR	Ejército Argentino	Cabotaje	Av. General	1065
EPA - IGR	Flybondi	Cabotaje	Comercial	1065
EPA - IGR	Fuerza Aérea Argentina	Cabotaje	Av. General	1065
EPA - IGR	Gendarmería Nacional	Cabotaje	Av. General	1065
EPA - IGR	JetSMART Airlines	Cabotaje	Comercial	1065
EPA - IGR	LATAM Argentina	Cabotaje	Comercial	1065
EPA - IGR	N/A	Cabotaje	Av. General	1065
EPA - TUC		Cabotaje	Av. General	1064
EPA - TUC		Cabotaje	Comercial	1064
EPA - TUC	Flybondi	Cabotaje	Comercial	1064
EPA - TUC	Fuerza Aérea Argentina	Cabotaje	Av. General	1064
EPA - TUC	Gendarmería Nacional	Cabotaje	Av. General	1064
EPA - TUC	JetSMART Airlines	Cabotaje	Comercial	1064
EPA - TUC	N/A	Cabotaje	Av. General	1064
EPA - TUC	N/A	Cabotaje	Comercial	1064
AGT - FDO		Internacional	Av. General	1064
AGT - FDO		Internacional	Comercial	1064
AGT - FDO	Austral Líneas Aéreas	Internacional	Av. General	1064
AGT - FDO	Austral Líneas Aéreas	Internacional	Comercial	1064
AGT - FDO	N/A	Internacional	Av. General	1064
AGT - FDO	N/A	Internacional	Comercial	1064
PMG - TUC	N/A	Internacional	Av. General	1064
LGS - LPG		Cabotaje	Av. General	1063
LGS - LPG	N/A	Cabotaje	Av. General	1063
LGS - LPG	N/A	Cabotaje	Comercial	1063
MDQ - POA		Internacional	Comercial	1063
MDQ - POA	Aerolíneas Argentinas	Internacional	Comercial	1063
MDQ - POA	Austral Líneas Aéreas	Internacional	Comercial	1063
MDQ - POA	Fuerza Aérea Brasilera	Internacional	Av. General	1063
MDQ - POA	N/A	Internacional	Av. General	1063
MDQ - POA	N/A	Internacional	Comercial	1063
LUQ - PMY		Cabotaje	Av. General	1062
LUQ - PMY		Cabotaje	Comercial	1062
PMY - VMA		Cabotaje	Comercial	1062
FDO - IGU		Internacional	Av. General	1062
FDO - IGU		Internacional	Comercial	1062
FDO - IGU	Aerocardal	Internacional	Av. General	1062
FDO - IGU	Austral Líneas Aéreas	Internacional	Av. General	1062
FDO - IGU	Dassault Falcon Service	Internacional	Av. General	1062
FDO - IGU	Ejército Argentino	Internacional	Av. General	1062
FDO - IGU	Interjet	Internacional	Av. General	1062
FDO - IGU	N/A	Internacional	Av. General	1062
FDO - IGU	N/A	Internacional	Comercial	1062
FDO - IGU	Northwest Airlines	Internacional	Av. General	1062
CNQ - OVR	N/A	Cabotaje	Av. General	1060
EQS - SCL	N/A	Internacional	Av. General	1060
EQS - SCL	N/A	Internacional	Comercial	1060
EQS - SCL	NetJets	Internacional	Av. General	1060
MOR - PMY		Cabotaje	Av. General	1060
MOR - PMY		Cabotaje	Comercial	1060
CUT - EZE	N/A	Cabotaje	Comercial	1059
CTC - OVR	N/A	Cabotaje	Comercial	1058
IGU - RHD	N/A	Internacional	Av. General	1058
IGU - RHD	N/A	Internacional	Comercial	1058
CRD - RSA		Cabotaje	Av. General	1058
CRD - RSA		Cabotaje	Comercial	1058
CRD - RSA	Fuerza Aérea Argentina	Cabotaje	Av. General	1058
CRD - RSA	LADE - Líneas Aéreas Del Estado	Cabotaje	Av. General	1058
CRD - RSA	LADE - Líneas Aéreas Del Estado	Cabotaje	Comercial	1058
CRD - RSA	N/A	Cabotaje	Av. General	1058
CRD - RSA	N/A	Cabotaje	Comercial	1058
ANF - MDZ		Internacional	Av. General	1057
ANF - MDZ	Andes Líneas Aéreas	Internacional	Comercial	1057
ANF - MDZ	Fuerza Aérea Argentina	Internacional	Av. General	1057
ANF - MDZ	Fuerza Aérea Uruguaya	Internacional	Av. General	1057
ANF - MDZ	LATAM	Internacional	Comercial	1057
ANF - MDZ	N/A	Internacional	Av. General	1057
ANF - MDZ	N/A	Internacional	Comercial	1057
ANF - MDZ	Sky Airline	Internacional	Comercial	1057
BRC - OVR		Cabotaje	Av. General	1057
BRC - OVR	N/A	Cabotaje	Av. General	1057
BRC - OVR	N/A	Cabotaje	Comercial	1057
BRC - OVR	Prefectura Naval Argentina	Cabotaje	Av. General	1057
OYO - UAQ	N/A	Cabotaje	Comercial	1057
NQN - PRA		Cabotaje	Av. General	1057
NQN - PRA		Cabotaje	Comercial	1057
NQN - PRA	American Jet	Cabotaje	Comercial	1057
NQN - PRA	Fuerza Aérea Argentina	Cabotaje	Av. General	1057
NQN - PRA	N/A	Cabotaje	Av. General	1057
NQN - PRA	N/A	Cabotaje	Comercial	1057
OVR - RES	N/A	Cabotaje	Comercial	1057
IGR - RHD	American Jet	Cabotaje	Comercial	1056
IGR - RHD	N/A	Cabotaje	Comercial	1056
REL - VME		Cabotaje	Av. General	1055
CBB - TUC		Internacional	Av. General	1054
CBB - TUC		Internacional	Comercial	1054
CBB - TUC	Amaszonas	Internacional	Comercial	1054
CBB - TUC	Fuerza Aérea Argentina	Internacional	Av. General	1054
CBB - TUC	N/A	Internacional	Comercial	1054
SFN - TTG		Cabotaje	Comercial	1054
CPC - VDR	N/A	Cabotaje	Av. General	1053
TDL - UAQ	N/A	Cabotaje	Comercial	1053
LGS - TUC		Cabotaje	Av. General	1053
LGS - TUC		Cabotaje	Comercial	1053
LGS - TUC	N/A	Cabotaje	Av. General	1053
LGS - TUC	N/A	Cabotaje	Comercial	1053
AEP - IGR		Cabotaje	Av. General	1053
AEP - IGR		Cabotaje	Comercial	1053
AEP - IGR	Aerolíneas Argentinas	Cabotaje	Comercial	1053
AEP - IGR	American Jet	Cabotaje	Av. General	1053
AEP - IGR	American Jet	Cabotaje	Comercial	1053
AEP - IGR	Andes Líneas Aéreas	Cabotaje	Av. General	1053
AEP - IGR	Andes Líneas Aéreas	Cabotaje	Comercial	1053
AEP - IGR	Austral Líneas Aéreas	Cabotaje	Comercial	1053
AEP - IGR	Avianca	Cabotaje	Av. General	1053
AEP - IGR	Avianca	Cabotaje	Comercial	1053
AEP - IGR	Ejército Argentino	Cabotaje	Av. General	1053
AEP - IGR	Execujet Charter	Cabotaje	Av. General	1053
AEP - IGR	Execujet Charter	Cabotaje	Comercial	1053
AEP - IGR	Flybondi	Cabotaje	Comercial	1053
AEP - IGR	Flyest	Cabotaje	Comercial	1053
AEP - IGR	Fuerza Aérea Argentina	Cabotaje	Av. General	1053
AEP - IGR	Gendarmería Nacional	Cabotaje	Av. General	1053
AEP - IGR	Gestair	Cabotaje	Av. General	1053
AEP - IGR	Global Jet Luxembourg	Cabotaje	Av. General	1053
AEP - IGR	Global Jet Luxembourg	Cabotaje	Comercial	1053
AEP - IGR	JetSMART Airlines	Cabotaje	Comercial	1053
AEP - IGR	LADE - Líneas Aéreas Del Estado	Cabotaje	Av. General	1053
AEP - IGR	LADE - Líneas Aéreas Del Estado	Cabotaje	Comercial	1053
AEP - IGR	LATAM Argentina	Cabotaje	Comercial	1053
AEP - IGR	Macair Jet	Cabotaje	Av. General	1053
AEP - IGR	Macair Jet	Cabotaje	Comercial	1053
AEP - IGR	N/A	Cabotaje	Av. General	1053
AEP - IGR	N/A	Cabotaje	Comercial	1053
AEP - IGR	Norwegian Air Argentina	Cabotaje	Comercial	1053
AEP - IGR	Prefectura Naval Argentina	Cabotaje	Av. General	1053
AEP - IGR	SOL Líneas Aéreas	Cabotaje	Comercial	1053
COR - OES	Aerolíneas Argentinas	Cabotaje	Comercial	1052
COR - OES	N/A	Cabotaje	Av. General	1052
FDO - TUC		Cabotaje	Av. General	1052
FDO - TUC		Cabotaje	Comercial	1052
FDO - TUC	Aerocardal	Cabotaje	Av. General	1052
FDO - TUC	Aerolíneas Argentinas	Cabotaje	Av. General	1052
FDO - TUC	American Jet	Cabotaje	Av. General	1052
FDO - TUC	American Jet	Cabotaje	Comercial	1052
FDO - TUC	Ameriflight	Cabotaje	Av. General	1052
FDO - TUC	Ameriflight	Cabotaje	Comercial	1052
FDO - TUC	Benair	Cabotaje	Av. General	1052
FDO - TUC	Chief of Staff, United States Air Force	Cabotaje	Av. General	1052
FDO - TUC	Flybondi	Cabotaje	Comercial	1052
FDO - TUC	Fuerza Aérea Argentina	Cabotaje	Av. General	1052
FDO - TUC	Interjet	Cabotaje	Av. General	1052
FDO - TUC	Línea Aérea SAPSA	Cabotaje	Av. General	1052
FDO - TUC	Línea Aérea SAPSA	Cabotaje	Comercial	1052
FDO - TUC	Macair Jet	Cabotaje	Comercial	1052
FDO - TUC	N/A	Cabotaje	Av. General	1052
FDO - TUC	N/A	Cabotaje	Comercial	1052
GRU - PSS		Internacional	Av. General	1051
GRU - PSS		Internacional	Comercial	1051
GRU - PSS	Andes Líneas Aéreas	Internacional	Comercial	1051
GRU - PSS	N/A	Internacional	Av. General	1051
GRU - PSS	N/A	Internacional	Comercial	1051
EZE - PMY		Cabotaje	Av. General	1051
EZE - PMY		Cabotaje	Comercial	1051
EZE - PMY	Aerolíneas Argentinas	Cabotaje	Comercial	1051
EZE - PMY	American Jet	Cabotaje	Comercial	1051
EZE - PMY	Austral Líneas Aéreas	Cabotaje	Comercial	1051
EZE - PMY	Flybondi	Cabotaje	Comercial	1051
EZE - PMY	Gestair	Cabotaje	Av. General	1051
EZE - PMY	Gestair	Cabotaje	Comercial	1051
EZE - PMY	Global Jet Luxembourg	Cabotaje	Av. General	1051
EZE - PMY	Global Jet Luxembourg	Cabotaje	Comercial	1051
EZE - PMY	N/A	Cabotaje	Av. General	1051
EZE - PMY	N/A	Cabotaje	Comercial	1051
MDZ - PRQ		Cabotaje	Comercial	1050
MDZ - PRQ	N/A	Cabotaje	Av. General	1050
MDZ - PRQ	N/A	Cabotaje	Comercial	1050
LPG - UAQ		Cabotaje	Av. General	1049
LPG - UAQ		Cabotaje	Comercial	1049
LPG - UAQ	N/A	Cabotaje	Av. General	1049
LPG - UAQ	N/A	Cabotaje	Comercial	1049
CSZ - CTC	Andes Líneas Aéreas	Cabotaje	Comercial	1049
ELO - TUC		Cabotaje	Av. General	1049
ELO - TUC	N/A	Cabotaje	Av. General	1049
PEH - TUC		Cabotaje	Av. General	1049
PSS - RLO	N/A	Cabotaje	Comercial	1049
ASU - EPA	Flybondi	Internacional	Comercial	1048
ASU - EPA	Fuerza Aérea Argentina	Internacional	Av. General	1048
FDO - IGR		Cabotaje	Av. General	1048
FDO - IGR		Cabotaje	Comercial	1048
FDO - IGR	Aerocardal	Cabotaje	Av. General	1048
FDO - IGR	Aerolíneas Argentinas	Cabotaje	Comercial	1048
FDO - IGR	American Jet	Cabotaje	Av. General	1048
FDO - IGR	American Jet	Cabotaje	Comercial	1048
FDO - IGR	Ameriflight	Cabotaje	Comercial	1048
FDO - IGR	Austral Líneas Aéreas	Cabotaje	Av. General	1048
FDO - IGR	Avianca Uruguay	Cabotaje	Av. General	1048
FDO - IGR	Gendarmería Nacional	Cabotaje	Av. General	1048
FDO - IGR	Helicol	Cabotaje	Av. General	1048
FDO - IGR	N/A	Cabotaje	Av. General	1048
FDO - IGR	N/A	Cabotaje	Comercial	1048
FDO - IGR	Prefectura Naval Argentina	Cabotaje	Av. General	1048
BHI - PUD		Cabotaje	Av. General	1047
BHI - PUD		Cabotaje	Comercial	1047
BHI - PUD	N/A	Cabotaje	Av. General	1047
BHI - PUD	N/A	Cabotaje	Comercial	1047
NQN - RAF		Cabotaje	Av. General	1046
NQN - RAF		Cabotaje	Comercial	1046
NQN - RAF	N/A	Cabotaje	Av. General	1046
NQN - RAF	N/A	Cabotaje	Comercial	1046
EMX - MDZ	American Jet	Cabotaje	Comercial	1045
NQN - SFN		Cabotaje	Av. General	1045
NQN - SFN		Cabotaje	Comercial	1045
NQN - SFN	Aerolíneas Argentinas	Cabotaje	Comercial	1045
NQN - SFN	American Jet	Cabotaje	Av. General	1045
NQN - SFN	American Jet	Cabotaje	Comercial	1045
NQN - SFN	Fuerza Aérea Argentina	Cabotaje	Av. General	1045
NQN - SFN	N/A	Cabotaje	Av. General	1045
NQN - SFN	N/A	Cabotaje	Comercial	1045
BYC - COR	N/A	Internacional	Av. General	1044
IRJ - LPG		Cabotaje	Av. General	1044
IRJ - LPG	N/A	Cabotaje	Av. General	1044
TUC - VVI		Internacional	Av. General	1044
TUC - VVI		Internacional	Comercial	1044
TUC - VVI	Amaszonas	Internacional	Comercial	1044
TUC - VVI	American Jet	Internacional	Comercial	1044
TUC - VVI	Florida West International Airways	Internacional	Comercial	1044
TUC - VVI	LATAM	Internacional	Av. General	1044
TUC - VVI	LATAM	Internacional	Comercial	1044
TUC - VVI	N/A	Internacional	Av. General	1044
TUC - VVI	N/A	Internacional	Comercial	1044
LSC - ROS	N/A	Internacional	Av. General	1043
LSC - ROS	N/A	Internacional	Comercial	1043
EHL - MDZ		Cabotaje	Av. General	1043
EHL - MDZ		Cabotaje	Comercial	1043
AGT - JUJ	N/A	Internacional	Av. General	1042
CNQ - UAQ		Cabotaje	Av. General	1042
CNQ - UAQ		Cabotaje	Comercial	1042
CNQ - UAQ	N/A	Cabotaje	Av. General	1042
CNQ - UAQ	N/A	Cabotaje	Comercial	1042
EQS - OYO		Cabotaje	Comercial	1041
EQS - OYO	N/A	Cabotaje	Av. General	1041
AEP - ASU		Internacional	Av. General	1041
AEP - ASU		Internacional	Comercial	1041
AEP - ASU	Aerolíneas Argentinas	Internacional	Comercial	1041
AEP - ASU	Aeroméxico	Internacional	Av. General	1041
AEP - ASU	Aeroméxico	Internacional	Comercial	1041
AEP - ASU	Amaszonas	Internacional	Av. General	1041
AEP - ASU	Amaszonas	Internacional	Comercial	1041
AEP - ASU	American Jet	Internacional	Av. General	1041
AEP - ASU	American Jet	Internacional	Comercial	1041
AEP - ASU	Andes Líneas Aéreas	Internacional	Comercial	1041
AEP - ASU	Austral Líneas Aéreas	Internacional	Comercial	1041
AEP - ASU	Avianca	Internacional	Av. General	1041
AEP - ASU	Avianca	Internacional	Comercial	1041
AEP - ASU	Avianca Uruguay	Internacional	Comercial	1041
AEP - ASU	Brazilian Air Force	Internacional	Av. General	1041
AEP - ASU	Chief of Staff, United States Air Force	Internacional	Av. General	1041
AEP - ASU	Ejército Argentino	Internacional	Av. General	1041
AEP - ASU	Flybondi	Internacional	Comercial	1041
AEP - ASU	Flyest	Internacional	Av. General	1041
AEP - ASU	Flyest	Internacional	Comercial	1041
AEP - ASU	Fuerza Aérea Argentina	Internacional	Av. General	1041
AEP - ASU	Fuerza Aérea Brasilera	Internacional	Av. General	1041
AEP - ASU	Fuerza Aérea Paraguaya	Internacional	Av. General	1041
AEP - ASU	Gendarmería Nacional	Internacional	Av. General	1041
AEP - ASU	Gol Transportes Aéreos	Internacional	Comercial	1041
AEP - ASU	JetSMART Airlines	Internacional	Comercial	1041
AEP - ASU	LATAM Cargo Uruguay	Internacional	Comercial	1041
AEP - ASU	LATAM Perú	Internacional	Comercial	1041
AEP - ASU	Macair Jet	Internacional	Av. General	1041
AEP - ASU	Macair Jet	Internacional	Comercial	1041
AEP - ASU	N/A	Internacional	Av. General	1041
AEP - ASU	N/A	Internacional	Comercial	1041
AEP - ASU	Prefectura Naval Argentina	Internacional	Av. General	1041
AEP - ASU	Sky Airline	Internacional	Comercial	1041
AEP - ASU	SOL Líneas Aéreas	Internacional	Av. General	1041
AEP - ASU	SOL Líneas Aéreas	Internacional	Comercial	1041
AEP - ASU	TAM Linhas Aéreas	Internacional	Comercial	1041
AFA - MDQ		Cabotaje	Av. General	1040
AFA - MDQ		Cabotaje	Comercial	1040
AFA - MDQ	Austral Líneas Aéreas	Cabotaje	Comercial	1040
AFA - MDQ	N/A	Cabotaje	Av. General	1040
JUJ - VME		Cabotaje	Av. General	1040
JUJ - VME	Fuerza Aérea Argentina	Cabotaje	Av. General	1040
IGR - ORA	N/A	Cabotaje	Av. General	1039
SLA - STY		Internacional	Av. General	1038
SLA - STY		Internacional	Comercial	1038
SLA - STY	N/A	Internacional	Av. General	1038
SFN - VDM		Cabotaje	Av. General	1038
SFN - VDM		Cabotaje	Comercial	1038
SFN - VDM	American Jet	Cabotaje	Comercial	1038
SFN - VDM	N/A	Cabotaje	Av. General	1038
SFN - VDM	N/A	Cabotaje	Comercial	1038
CRD - CSZ	Fuerza Aérea Argentina	Cabotaje	Av. General	1037
AGT - TUC		Internacional	Av. General	1037
AGT - TUC	Austral Líneas Aéreas	Internacional	Av. General	1037
AGT - TUC	Austral Líneas Aéreas	Internacional	Comercial	1037
AGT - TUC	Centurion Air Cargo	Internacional	Comercial	1037
AGT - TUC	LATAM	Internacional	Comercial	1037
AGT - TUC	SkyLease Cargo	Internacional	Comercial	1037
CYR - MDZ		Internacional	Av. General	1037
CYR - MDZ		Internacional	Comercial	1037
JUJ - ROS		Cabotaje	Av. General	1037
JUJ - ROS		Cabotaje	Comercial	1037
JUJ - ROS	Aerolíneas Argentinas	Cabotaje	Comercial	1037
JUJ - ROS	Andes Líneas Aéreas	Cabotaje	Comercial	1037
JUJ - ROS	Austral Líneas Aéreas	Cabotaje	Comercial	1037
JUJ - ROS	Flybondi	Cabotaje	Comercial	1037
JUJ - ROS	N/A	Cabotaje	Av. General	1037
JUJ - ROS	N/A	Cabotaje	Comercial	1037
FLN - RES		Internacional	Av. General	1037
FLN - RES	N/A	Internacional	Av. General	1037
NEC - RCQ	N/A	Cabotaje	Comercial	1035
PRA - VDM		Cabotaje	Av. General	1035
PRA - VDM	Fuerza Aérea Argentina	Cabotaje	Av. General	1035
PRA - VDM	N/A	Cabotaje	Av. General	1035
PRA - VDM	N/A	Cabotaje	Comercial	1035
PMY - RGL		Cabotaje	Av. General	1035
PMY - RGL		Cabotaje	Comercial	1035
PMY - RGL	Austral Líneas Aéreas	Cabotaje	Comercial	1035
PMY - RGL	Fuerza Aérea Argentina	Cabotaje	Av. General	1035
PMY - RGL	LADE - Líneas Aéreas Del Estado	Cabotaje	Comercial	1035
PMY - RGL	N/A	Cabotaje	Av. General	1035
PMY - RGL	N/A	Cabotaje	Comercial	1035
ORA - PRA		Cabotaje	Av. General	1034
ORA - PRA	Ejército Argentino	Cabotaje	Av. General	1034
ORA - PRA	Gendarmería Nacional	Cabotaje	Av. General	1034
LPG - MDZ		Cabotaje	Av. General	1034
LPG - MDZ		Cabotaje	Comercial	1034
LPG - MDZ	Fuerza Aérea Argentina	Cabotaje	Av. General	1034
LPG - MDZ	N/A	Cabotaje	Av. General	1034
LPG - MDZ	N/A	Cabotaje	Comercial	1034
CNQ - GPO		Cabotaje	Av. General	1033
MDZ - VDM		Cabotaje	Av. General	1032
MDZ - VDM		Cabotaje	Comercial	1032
MDZ - VDM	American Jet	Cabotaje	Comercial	1032
MDZ - VDM	Línea Aérea SAPSA	Cabotaje	Comercial	1032
COC - MDZ	N/A	Cabotaje	Av. General	1032
MDZ - VDM	N/A	Cabotaje	Av. General	1032
COC - MDZ	N/A	Cabotaje	Comercial	1032
MDZ - VDM	N/A	Cabotaje	Comercial	1032
NVT - RES	N/A	Internacional	Av. General	1032
MDZ - PMC		Internacional	Comercial	1031
MDZ - PMC	LATAM	Internacional	Comercial	1031
MDZ - PMC	N/A	Internacional	Av. General	1031
MDZ - PMC	N/A	Internacional	Comercial	1031
MDZ - PMC	Sky Airline	Internacional	Comercial	1031
ASU - FDO		Internacional	Av. General	1031
ASU - FDO		Internacional	Comercial	1031
ASU - FDO	Aerocardal	Internacional	Av. General	1031
ASU - FDO	American Jet	Internacional	Av. General	1031
ASU - FDO	American Jet	Internacional	Comercial	1031
ASU - FDO	Austral Líneas Aéreas	Internacional	Av. General	1031
ASU - FDO	Fuerza Aérea Paraguaya	Internacional	Av. General	1031
ASU - FDO	Gestair	Internacional	Av. General	1031
ASU - FDO	Jet Aviation	Internacional	Av. General	1031
ASU - FDO	Jet Aviation	Internacional	Comercial	1031
ASU - FDO	LATAM Cargo Uruguay	Internacional	Av. General	1031
ASU - FDO	Línea Aérea SAPSA	Internacional	Av. General	1031
ASU - FDO	Línea Aérea SAPSA	Internacional	Comercial	1031
ASU - FDO	N/A	Internacional	Av. General	1031
ASU - FDO	N/A	Internacional	Comercial	1031
ASU - FDO	Prefectura Naval Argentina	Internacional	Av. General	1031
ASU - FDO	Sol del Paraguay Líneas Aéreas	Internacional	Av. General	1031
GNR - PRA	N/A	Cabotaje	Av. General	1030
MDZ - STY	N/A	Internacional	Av. General	1030
PMG - SLA	N/A	Internacional	Av. General	1029
CTC - LPG		Cabotaje	Av. General	1027
CTC - LPG		Cabotaje	Comercial	1027
CTC - LPG	N/A	Cabotaje	Av. General	1027
COC - SLA		Cabotaje	Av. General	1027
COC - SLA	N/A	Cabotaje	Av. General	1027
COC - SLA	N/A	Cabotaje	Comercial	1027
ASU - IRJ		Internacional	Av. General	1026
BRC - ING	N/A	Cabotaje	Comercial	1026
IGR - MVD		Internacional	Comercial	1024
IGR - MVD	Aerolíneas Argentinas	Internacional	Comercial	1024
IGR - MVD	American Jet	Internacional	Comercial	1024
IGR - MVD	Fuerza Aérea Uruguaya	Internacional	Av. General	1024
IGR - MVD	LATAM Argentina	Internacional	Comercial	1024
IGR - MVD	N/A	Internacional	Av. General	1024
IGR - MVD	N/A	Internacional	Comercial	1024
EQS - GPO		Cabotaje	Av. General	1023
EQS - GPO	N/A	Cabotaje	Av. General	1023
BBA - USH	N/A	Internacional	Av. General	1022
AEP - LGS		Cabotaje	Av. General	1022
AEP - LGS		Cabotaje	Comercial	1022
AEP - LGS	Aerolíneas Argentinas	Cabotaje	Comercial	1022
AEP - LGS	American Jet	Cabotaje	Av. General	1022
AEP - LGS	American Jet	Cabotaje	Comercial	1022
AEP - LGS	Austral Líneas Aéreas	Cabotaje	Comercial	1022
AEP - LGS	Avianca	Cabotaje	Comercial	1022
AEP - LGS	Fuerza Aérea Argentina	Cabotaje	Av. General	1022
AEP - LGS	N/A	Cabotaje	Av. General	1022
AEP - LGS	N/A	Cabotaje	Comercial	1022
CYR - IGR	N/A	Internacional	Av. General	1021
GPO - RES	N/A	Cabotaje	Av. General	1020
GPO - RES	N/A	Cabotaje	Comercial	1020
GNR - SFN		Cabotaje	Av. General	1019
BRC - FTE		Cabotaje	Av. General	1019
BRC - FTE		Cabotaje	Comercial	1019
BRC - FTE	Aerocardal	Cabotaje	Comercial	1019
BRC - FTE	Aerolíneas Argentinas	Cabotaje	Comercial	1019
BRC - FTE	American Jet	Cabotaje	Comercial	1019
BRC - FTE	Andes Líneas Aéreas	Cabotaje	Comercial	1019
BRC - FTE	Execujet Charter	Cabotaje	Comercial	1019
BRC - FTE	Flybondi	Cabotaje	Comercial	1019
BRC - FTE	Fuerza Aérea Argentina	Cabotaje	Av. General	1019
BRC - FTE	Gestair	Cabotaje	Av. General	1019
BRC - FTE	Gestair	Cabotaje	Comercial	1019
BRC - FTE	JetSMART Airlines	Cabotaje	Comercial	1019
BRC - FTE	LADE - Líneas Aéreas Del Estado	Cabotaje	Av. General	1019
BRC - FTE	LADE - Líneas Aéreas Del Estado	Cabotaje	Comercial	1019
BRC - FTE	LATAM Argentina	Cabotaje	Comercial	1019
BRC - FTE	Línea Aérea SAPSA	Cabotaje	Av. General	1019
BRC - FTE	Línea Aérea SAPSA	Cabotaje	Comercial	1019
BRC - FTE	Macair Jet	Cabotaje	Comercial	1019
BRC - FTE	N/A	Cabotaje	Av. General	1019
BRC - FTE	N/A	Cabotaje	Comercial	1019
BRC - FTE	TAG Aviation USA	Cabotaje	Av. General	1019
PSS - RCU		Cabotaje	Av. General	1018
PSS - RCU		Cabotaje	Comercial	1018
PSS - RCU	N/A	Cabotaje	Av. General	1018
PSS - RCU	N/A	Cabotaje	Comercial	1018
EZE - RHD		Cabotaje	Av. General	1018
EZE - RHD		Cabotaje	Comercial	1018
EZE - RHD	Aerolíneas Argentinas	Cabotaje	Comercial	1018
EZE - RHD	American Jet	Cabotaje	Comercial	1018
EZE - RHD	Andes Líneas Aéreas	Cabotaje	Comercial	1018
EZE - RHD	Austral Líneas Aéreas	Cabotaje	Comercial	1018
EZE - RHD	LATAM Argentina	Cabotaje	Comercial	1018
EZE - RHD	Línea Aérea SAPSA	Cabotaje	Comercial	1018
EZE - RHD	Macair Jet	Cabotaje	Av. General	1018
EZE - RHD	Macair Jet	Cabotaje	Comercial	1018
EZE - RHD	N/A	Cabotaje	Av. General	1018
EZE - RHD	N/A	Cabotaje	Comercial	1018
IGU - ROS		Internacional	Av. General	1017
IGU - ROS		Internacional	Comercial	1017
IGU - ROS	Austral Líneas Aéreas	Internacional	Comercial	1017
IGU - ROS	Gol Transportes Aéreos	Internacional	Comercial	1017
IGU - ROS	N/A	Internacional	Av. General	1017
IGU - ROS	N/A	Internacional	Comercial	1017
CUT - ROS		Cabotaje	Av. General	1017
IGR - PDP		Internacional	Av. General	1017
IGR - PDP		Internacional	Comercial	1017
IGR - PDP	Aerocardal	Internacional	Av. General	1017
IGR - PDP	American Jet	Internacional	Comercial	1017
IGR - PDP	Avianca Uruguay	Internacional	Av. General	1017
IGR - PDP	N/A	Internacional	Av. General	1017
IGR - PDP	N/A	Internacional	Comercial	1017
CCP - COR	N/A	Internacional	Av. General	1017
RES - UAQ		Cabotaje	Av. General	1016
RES - UAQ		Cabotaje	Comercial	1016
RES - UAQ	N/A	Cabotaje	Av. General	1016
RES - UAQ	N/A	Cabotaje	Comercial	1016
CPC - OVR		Cabotaje	Av. General	1015
CPC - OVR	N/A	Cabotaje	Av. General	1015
PSS - VCP		Internacional	Av. General	1014
PSS - VCP		Internacional	Comercial	1014
PSS - VCP	N/A	Internacional	Av. General	1014
PSS - VCP	N/A	Internacional	Comercial	1014
LPG - NQN		Cabotaje	Av. General	1014
LPG - NQN		Cabotaje	Comercial	1014
LPG - NQN	Interjet	Cabotaje	Comercial	1014
LPG - NQN	N/A	Cabotaje	Av. General	1014
LPG - NQN	N/A	Cabotaje	Comercial	1014
LSC - SFN	Andes Líneas Aéreas	Internacional	Comercial	1013
CRD - OYO		Cabotaje	Av. General	1012
VDM - VDR		Cabotaje	Av. General	1012
ULA - VDM	N/A	Cabotaje	Comercial	1012
ELO - EZE	N/A	Cabotaje	Comercial	1011
CRD - USH		Cabotaje	Av. General	1010
CRD - USH		Cabotaje	Comercial	1010
CRD - USH	Aerolíneas Argentinas	Cabotaje	Comercial	1010
CRD - USH	American Jet	Cabotaje	Comercial	1010
CRD - USH	Armada Argentina	Cabotaje	Av. General	1010
CRD - USH	Austral Líneas Aéreas	Cabotaje	Comercial	1010
CRD - USH	Ejército Argentino	Cabotaje	Av. General	1010
CRD - USH	Flyest	Cabotaje	Comercial	1010
CRD - USH	Fuerza Aérea Argentina	Cabotaje	Av. General	1010
CRD - USH	Gendarmería Nacional	Cabotaje	Av. General	1010
CRD - USH	LADE - Líneas Aéreas Del Estado	Cabotaje	Av. General	1010
CRD - USH	LADE - Líneas Aéreas Del Estado	Cabotaje	Comercial	1010
CRD - USH	LATAM Argentina	Cabotaje	Comercial	1010
CRD - USH	LATAM Cargo Uruguay	Cabotaje	Av. General	1010
CRD - USH	LATAM Cargo Uruguay	Cabotaje	Comercial	1010
CRD - USH	N/A	Cabotaje	Av. General	1010
CRD - USH	N/A	Cabotaje	Comercial	1010
CRD - USH	Prefectura Naval Argentina	Cabotaje	Av. General	1010
CRD - USH	SOL Líneas Aéreas	Cabotaje	Comercial	1010
AGT - ROS		Internacional	Av. General	1010
AGT - ROS		Internacional	Comercial	1010
AGT - ROS	Gestair	Internacional	Comercial	1010
AGT - ROS	N/A	Internacional	Av. General	1010
CPC - RLO		Cabotaje	Av. General	1009
CPC - RLO	Fuerza Aérea Argentina	Cabotaje	Av. General	1009
CPC - RLO	N/A	Cabotaje	Comercial	1009
FDO - LGS		Cabotaje	Av. General	1008
FDO - LGS		Cabotaje	Comercial	1008
FDO - LGS	American Jet	Cabotaje	Av. General	1008
FDO - LGS	American Jet	Cabotaje	Comercial	1008
FDO - LGS	Ameriflight	Cabotaje	Av. General	1008
FDO - LGS	Ameriflight	Cabotaje	Comercial	1008
FDO - LGS	N/A	Cabotaje	Av. General	1008
FDO - LGS	N/A	Cabotaje	Comercial	1008
FMA - PDP		Internacional	Av. General	1008
FMA - PDP	N/A	Internacional	Comercial	1008
CNQ - FLN		Internacional	Av. General	1008
CNQ - FLN	N/A	Internacional	Av. General	1008
LPG - SDE		Cabotaje	Av. General	1007
LPG - SDE		Cabotaje	Comercial	1007
LPG - SDE	N/A	Cabotaje	Av. General	1007
CWB - RES		Internacional	Comercial	1007
CWB - RES	N/A	Internacional	Av. General	1007
EZE - LGS		Cabotaje	Av. General	1007
EZE - LGS		Cabotaje	Comercial	1007
EZE - LGS	N/A	Cabotaje	Av. General	1007
EZE - LGS	N/A	Cabotaje	Comercial	1007
APZ - COR		Cabotaje	Av. General	1007
APZ - COR		Cabotaje	Comercial	1007
APZ - COR	N/A	Cabotaje	Av. General	1007
JUJ - MDZ		Cabotaje	Av. General	1006
JUJ - MDZ		Cabotaje	Comercial	1006
JUJ - MDZ	Aerolíneas Argentinas	Cabotaje	Comercial	1006
JUJ - MDZ	American Jet	Cabotaje	Av. General	1006
JUJ - MDZ	American Jet	Cabotaje	Comercial	1006
JUJ - MDZ	Austral Líneas Aéreas	Cabotaje	Comercial	1006
JUJ - MDZ	Flybondi	Cabotaje	Comercial	1006
JUJ - MDZ	Fuerza Aérea Argentina	Cabotaje	Av. General	1006
JUJ - MDZ	JetSMART Airlines	Cabotaje	Comercial	1006
IGU - SDE	N/A	Internacional	Av. General	1006
JUJ - MDZ	N/A	Cabotaje	Av. General	1006
JUJ - MDZ	N/A	Cabotaje	Comercial	1006
ROS - SLA		Cabotaje	Av. General	1006
ROS - SLA		Cabotaje	Comercial	1006
ROS - SLA	Aerolíneas Argentinas	Cabotaje	Av. General	1006
ROS - SLA	Aerolíneas Argentinas	Cabotaje	Comercial	1006
ROS - SLA	American Jet	Cabotaje	Av. General	1006
ROS - SLA	American Jet	Cabotaje	Comercial	1006
ROS - SLA	Andes Líneas Aéreas	Cabotaje	Comercial	1006
ROS - SLA	Austral Líneas Aéreas	Cabotaje	Av. General	1006
ROS - SLA	Austral Líneas Aéreas	Cabotaje	Comercial	1006
ROS - SLA	Ejército Argentino	Cabotaje	Av. General	1006
ROS - SLA	Flybondi	Cabotaje	Comercial	1006
ROS - SLA	Fuerza Aérea Argentina	Cabotaje	Av. General	1006
ROS - SLA	Fuerza Aérea Uruguaya	Cabotaje	Av. General	1006
ROS - SLA	JetSMART Airlines	Cabotaje	Comercial	1006
ROS - SLA	N/A	Cabotaje	Av. General	1006
ROS - SLA	N/A	Cabotaje	Comercial	1006
PMY - VME		Cabotaje	Av. General	1005
PMY - VME		Cabotaje	Comercial	1005
IGR - ROS		Cabotaje	Av. General	1005
IGR - ROS		Cabotaje	Comercial	1005
IGR - ROS	Aerolíneas Argentinas	Cabotaje	Av. General	1005
IGR - ROS	Aerolíneas Argentinas	Cabotaje	Comercial	1005
IGR - ROS	Austral Líneas Aéreas	Cabotaje	Comercial	1005
IGR - ROS	Flybondi	Cabotaje	Comercial	1005
IGR - ROS	JetSMART Airlines	Cabotaje	Comercial	1005
IGR - ROS	N/A	Cabotaje	Av. General	1005
IGR - ROS	N/A	Cabotaje	Comercial	1005
IGR - ROS	Norwegian Air Argentina	Cabotaje	Comercial	1005
CXJ - ROS	Aerolíneas Argentinas	Internacional	Comercial	1003
EPA - LGS	Fuerza Aérea Argentina	Cabotaje	Av. General	1003
EPA - LGS	Gendarmería Nacional	Cabotaje	Av. General	1003
IGR - SDE		Cabotaje	Av. General	1003
IGR - SDE		Cabotaje	Comercial	1003
IGR - SDE	American Jet	Cabotaje	Av. General	1003
IGR - SDE	American Jet	Cabotaje	Comercial	1003
IGR - SDE	Fuerza Aérea Argentina	Cabotaje	Av. General	1003
IGR - SDE	N/A	Cabotaje	Av. General	1003
IGR - SDE	N/A	Cabotaje	Comercial	1003
CNQ - NVT		Internacional	Av. General	1003
CNQ - NVT	N/A	Internacional	Av. General	1003
CNQ - NVT	N/A	Internacional	Comercial	1003
MDZ - OYA		Cabotaje	Comercial	1003
MDZ - OYA	American Jet	Cabotaje	Comercial	1003
MDZ - OYA	N/A	Cabotaje	Av. General	1003
MDX - RSA	N/A	Cabotaje	Comercial	1003
AEP - RHD		Cabotaje	Av. General	1002
AEP - RHD		Cabotaje	Comercial	1002
AEP - RHD	Aerolíneas Argentinas	Cabotaje	Comercial	1002
AEP - RHD	Aeroméxico	Cabotaje	Comercial	1002
AEP - RHD	American Jet	Cabotaje	Av. General	1002
AEP - RHD	American Jet	Cabotaje	Comercial	1002
AEP - RHD	Andes Líneas Aéreas	Cabotaje	Comercial	1002
AEP - RHD	Austral Líneas Aéreas	Cabotaje	Comercial	1002
AEP - RHD	Avianca	Cabotaje	Comercial	1002
AEP - RHD	Flybondi	Cabotaje	Comercial	1002
AEP - RHD	Flyest	Cabotaje	Comercial	1002
AEP - RHD	Fuerza Aérea Argentina	Cabotaje	Av. General	1002
AEP - RHD	JetSMART Airlines	Cabotaje	Comercial	1002
AEP - RHD	LATAM Argentina	Cabotaje	Comercial	1002
AEP - RHD	Línea Aérea SAPSA	Cabotaje	Av. General	1002
AEP - RHD	Macair Jet	Cabotaje	Comercial	1002
AEP - RHD	N/A	Cabotaje	Av. General	1002
AEP - RHD	N/A	Cabotaje	Comercial	1002
BRC - PEH		Cabotaje	Av. General	1002
BRC - PEH		Cabotaje	Comercial	1002
BRC - PEH	N/A	Cabotaje	Av. General	1002
LCM - MDQ	N/A	Cabotaje	Av. General	1001
ELO - MOR		Cabotaje	Av. General	1000
MDZ - TDL		Cabotaje	Av. General	1000
MDZ - TDL		Cabotaje	Comercial	1000
MDZ - TDL	Ejército Argentino	Cabotaje	Av. General	1000
MDZ - TDL	Fuerza Aérea Argentina	Cabotaje	Av. General	1000
MDZ - TDL	N/A	Cabotaje	Av. General	1000
MDZ - TDL	N/A	Cabotaje	Comercial	1000
LGS - MOR		Cabotaje	Av. General	999
LGS - MOR	N/A	Cabotaje	Av. General	999
KNA - ROS	N/A	Internacional	Comercial	999
AFA - REL		Cabotaje	Av. General	997
AFA - REL		Cabotaje	Comercial	997
AFA - REL	American Jet	Cabotaje	Av. General	997
AFA - REL	American Jet	Cabotaje	Comercial	997
AFA - REL	N/A	Cabotaje	Av. General	997
AFA - REL	N/A	Cabotaje	Comercial	997
LGS - RHD	N/A	Cabotaje	Comercial	996
JUJ - LUQ		Cabotaje	Av. General	996
JUJ - LUQ		Cabotaje	Comercial	996
JUJ - LUQ	Fuerza Aérea Argentina	Cabotaje	Av. General	996
JUJ - LUQ	N/A	Cabotaje	Av. General	996
JUJ - VMA	N/A	Cabotaje	Av. General	996
JUJ - LUQ	N/A	Cabotaje	Comercial	996
AEP - NQN		Cabotaje	Av. General	996
AEP - NQN		Cabotaje	Comercial	996
AEP - NQN	Aerolíneas Argentinas	Cabotaje	Comercial	996
AEP - NQN	American Jet	Cabotaje	Av. General	996
AEP - NQN	American Jet	Cabotaje	Comercial	996
AEP - NQN	Andes Líneas Aéreas	Cabotaje	Comercial	996
AEP - NQN	Austral Líneas Aéreas	Cabotaje	Comercial	996
AEP - NQN	Avianca	Cabotaje	Comercial	996
AEP - NQN	Avianca Uruguay	Cabotaje	Av. General	996
AEP - NQN	Ejército Argentino	Cabotaje	Av. General	996
AEP - NQN	Flybondi	Cabotaje	Comercial	996
AEP - NQN	Flyest	Cabotaje	Av. General	996
AEP - NQN	Flyest	Cabotaje	Comercial	996
AEP - NQN	Fuerza Aérea Argentina	Cabotaje	Av. General	996
AEP - NQN	Gendarmería Nacional	Cabotaje	Av. General	996
AEP - NQN	JetSMART Airlines	Cabotaje	Comercial	996
AEP - NQN	LADE - Líneas Aéreas Del Estado	Cabotaje	Comercial	996
AEP - NQN	LATAM Argentina	Cabotaje	Av. General	996
AEP - NQN	LATAM Argentina	Cabotaje	Comercial	996
AEP - NQN	Línea Aérea SAPSA	Cabotaje	Av. General	996
AEP - NQN	Línea Aérea SAPSA	Cabotaje	Comercial	996
AEP - NQN	Macair Jet	Cabotaje	Av. General	996
AEP - NQN	Macair Jet	Cabotaje	Comercial	996
AEP - NQN	N/A	Cabotaje	Av. General	996
AEP - NQN	N/A	Cabotaje	Comercial	996
AEP - NQN	Norwegian Air Argentina	Cabotaje	Comercial	996
AEP - NQN	Qatar Executive	Cabotaje	Av. General	996
AEP - NQN	Qatar Executive	Cabotaje	Comercial	996
AEP - NQN	SOL Líneas Aéreas	Cabotaje	Comercial	996
AEP - RDS	N/A	Cabotaje	Av. General	995
EPA - RHD		Cabotaje	Av. General	995
ENO - SLA	N/A	Internacional	Av. General	995
NQN - PUD		Cabotaje	Av. General	995
NQN - PUD		Cabotaje	Comercial	995
NQN - PUD	American Jet	Cabotaje	Comercial	995
NQN - PUD	Ejército Argentino	Cabotaje	Av. General	995
NQN - PUD	N/A	Cabotaje	Comercial	995
MDQ - OYA		Cabotaje	Comercial	995
LGS - SDE	N/A	Cabotaje	Av. General	994
GPO - TUC	N/A	Cabotaje	Av. General	994
UAQ - ZAL		Internacional	Comercial	993
NQN - VLG		Cabotaje	Av. General	993
NQN - VLG	American Jet	Cabotaje	Comercial	993
NQN - VLG	Línea Aérea SAPSA	Cabotaje	Av. General	993
NQN - VLG	Línea Aérea SAPSA	Cabotaje	Comercial	993
NQN - VLG	N/A	Cabotaje	Av. General	993
NQN - VLG	N/A	Cabotaje	Comercial	993
ELO - EPA	Gendarmería Nacional	Cabotaje	Av. General	993
PSS - SLA		Cabotaje	Av. General	992
PSS - SLA		Cabotaje	Comercial	992
PSS - SLA	Austral Líneas Aéreas	Cabotaje	Comercial	992
PSS - SLA	Gendarmería Nacional	Cabotaje	Av. General	992
PSS - SLA	N/A	Cabotaje	Av. General	992
PSS - SLA	N/A	Cabotaje	Comercial	992
FTE - PMY		Cabotaje	Av. General	991
FTE - PMY		Cabotaje	Comercial	991
FTE - PMY	American Jet	Cabotaje	Av. General	991
FTE - PMY	American Jet	Cabotaje	Comercial	991
FTE - PMY	Flybondi	Cabotaje	Comercial	991
FTE - PMY	LADE - Líneas Aéreas Del Estado	Cabotaje	Comercial	991
FTE - PMY	Macair Jet	Cabotaje	Comercial	991
FTE - PMY	N/A	Cabotaje	Av. General	991
FTE - PMY	N/A	Cabotaje	Comercial	991
CPC - RCU		Cabotaje	Av. General	991
CPC - RCU		Cabotaje	Comercial	991
CPC - RCU	Ejército Argentino	Cabotaje	Av. General	991
CPC - RCU	N/A	Cabotaje	Av. General	991
CPC - RCU	N/A	Cabotaje	Comercial	991
MDQ - RCQ		Cabotaje	Av. General	991
MDQ - RCQ		Cabotaje	Comercial	991
MDQ - RCQ	N/A	Cabotaje	Av. General	991
FDO - SGV		Cabotaje	Av. General	990
AEP - UAQ		Cabotaje	Av. General	990
AEP - UAQ		Cabotaje	Comercial	990
AEP - UAQ	Aerolíneas Argentinas	Cabotaje	Av. General	990
AEP - UAQ	Aerolíneas Argentinas	Cabotaje	Comercial	990
AEP - UAQ	American Jet	Cabotaje	Av. General	990
AEP - UAQ	American Jet	Cabotaje	Comercial	990
AEP - UAQ	Andes Líneas Aéreas	Cabotaje	Comercial	990
AEP - UAQ	Austral Líneas Aéreas	Cabotaje	Av. General	990
AEP - UAQ	Austral Líneas Aéreas	Cabotaje	Comercial	990
AEP - UAQ	Avianca	Cabotaje	Comercial	990
AEP - UAQ	Ejército Argentino	Cabotaje	Av. General	990
AEP - UAQ	Flybondi	Cabotaje	Comercial	990
AEP - UAQ	Flyest	Cabotaje	Comercial	990
AEP - UAQ	Fuerza Aérea Argentina	Cabotaje	Av. General	990
AEP - UAQ	Gendarmería Nacional	Cabotaje	Av. General	990
AEP - UAQ	JetSMART Airlines	Cabotaje	Comercial	990
AEP - UAQ	LADE - Líneas Aéreas Del Estado	Cabotaje	Av. General	990
AEP - UAQ	LADE - Líneas Aéreas Del Estado	Cabotaje	Comercial	990
AEP - UAQ	LATAM Argentina	Cabotaje	Comercial	990
AEP - UAQ	Línea Aérea SAPSA	Cabotaje	Av. General	990
AEP - UAQ	Línea Aérea SAPSA	Cabotaje	Comercial	990
AEP - UAQ	Macair Jet	Cabotaje	Av. General	990
AEP - UAQ	Macair Jet	Cabotaje	Comercial	990
AEP - UAQ	N/A	Cabotaje	Av. General	990
AEP - UAQ	N/A	Cabotaje	Comercial	990
AEP - UAQ	Prefectura Naval Argentina	Cabotaje	Av. General	990
AEP - UAQ	SOL Líneas Aéreas	Cabotaje	Comercial	990
COC - UAQ		Cabotaje	Av. General	990
COC - UAQ		Cabotaje	Comercial	990
COC - UAQ	N/A	Cabotaje	Av. General	990
COC - UAQ	N/A	Cabotaje	Comercial	990
FDO - NQN		Cabotaje	Av. General	989
FDO - NQN		Cabotaje	Comercial	989
FDO - NQN	American Jet	Cabotaje	Av. General	989
FDO - NQN	American Jet	Cabotaje	Comercial	989
FDO - NQN	Ameriflight	Cabotaje	Av. General	989
FDO - NQN	Ameriflight	Cabotaje	Comercial	989
FDO - NQN	Austral Líneas Aéreas	Cabotaje	Av. General	989
FDO - NQN	Fuerza Aérea Argentina	Cabotaje	Av. General	989
FDO - NQN	Gendarmería Nacional	Cabotaje	Av. General	989
FDO - NQN	Gestair	Cabotaje	Av. General	989
FDO - NQN	Gestair	Cabotaje	Comercial	989
FDO - NQN	Línea Aérea SAPSA	Cabotaje	Av. General	989
FDO - NQN	Línea Aérea SAPSA	Cabotaje	Comercial	989
FDO - NQN	N/A	Cabotaje	Av. General	989
FDO - NQN	N/A	Cabotaje	Comercial	989
FDO - NQN	Prefectura Naval Argentina	Cabotaje	Av. General	989
EZE - UAQ		Cabotaje	Av. General	989
EZE - UAQ		Cabotaje	Comercial	989
EZE - UAQ	Aerolíneas Argentinas	Cabotaje	Av. General	989
EZE - UAQ	Aerolíneas Argentinas	Cabotaje	Comercial	989
EZE - UAQ	Aeroméxico	Cabotaje	Comercial	989
EZE - UAQ	Aerovías DAP	Cabotaje	Comercial	989
EZE - UAQ	American Jet	Cabotaje	Comercial	989
EZE - UAQ	Andes Líneas Aéreas	Cabotaje	Comercial	989
EZE - UAQ	Austral Líneas Aéreas	Cabotaje	Comercial	989
EZE - UAQ	Avianca	Cabotaje	Av. General	989
EZE - UAQ	Avianca	Cabotaje	Comercial	989
EZE - UAQ	Fly Linhas Aéreas	Cabotaje	Comercial	989
EZE - UAQ	Flybondi	Cabotaje	Comercial	989
EZE - UAQ	Flyest	Cabotaje	Comercial	989
EZE - UAQ	Fuerza Aérea Argentina	Cabotaje	Av. General	989
EZE - UAQ	LATAM Argentina	Cabotaje	Comercial	989
EZE - UAQ	N/A	Cabotaje	Av. General	989
EZE - UAQ	N/A	Cabotaje	Comercial	989
EZE - UAQ	TAG Aviation USA	Cabotaje	Comercial	989
SLA - VME		Cabotaje	Av. General	988
SLA - VME	Fuerza Aérea Argentina	Cabotaje	Av. General	988
SLA - VME	N/A	Cabotaje	Av. General	988
SLA - VME	N/A	Cabotaje	Comercial	988
FTE - PMC	Aerocardal	Internacional	Av. General	987
FTE - PMC	N/A	Internacional	Comercial	987
EZE - IRJ		Cabotaje	Av. General	986
EZE - IRJ		Cabotaje	Comercial	986
EZE - IRJ	Aerolíneas Argentinas	Cabotaje	Comercial	986
EZE - IRJ	American Jet	Cabotaje	Av. General	986
EZE - IRJ	American Jet	Cabotaje	Comercial	986
EZE - IRJ	Andes Líneas Aéreas	Cabotaje	Av. General	986
EZE - IRJ	Andes Líneas Aéreas	Cabotaje	Comercial	986
EZE - IRJ	Austral Líneas Aéreas	Cabotaje	Comercial	986
EZE - IRJ	Ejército Argentino	Cabotaje	Av. General	986
EZE - IRJ	Fuerza Aérea Argentina	Cabotaje	Av. General	986
EZE - IRJ	Línea Aérea SAPSA	Cabotaje	Av. General	986
EZE - IRJ	N/A	Cabotaje	Av. General	986
EZE - IRJ	N/A	Cabotaje	Comercial	986
FDO - RDS		Cabotaje	Av. General	985
FDO - RDS		Cabotaje	Comercial	985
FDO - RDS	Ameriflight	Cabotaje	Av. General	985
FDO - RDS	N/A	Cabotaje	Av. General	985
MDZ - OYO		Cabotaje	Comercial	984
MDZ - OYO	N/A	Cabotaje	Av. General	984
FMA - MVD		Internacional	Av. General	983
FMA - MVD	Avianca Uruguay	Internacional	Comercial	983
FMA - MVD	N/A	Internacional	Av. General	983
FMA - MVD	N/A	Internacional	Comercial	983
FDO - RHD		Cabotaje	Av. General	983
FDO - RHD		Cabotaje	Comercial	983
FDO - RHD	American Jet	Cabotaje	Av. General	983
FDO - RHD	American Jet	Cabotaje	Comercial	983
FDO - RHD	Línea Aérea SAPSA	Cabotaje	Av. General	983
FDO - RHD	Línea Aérea SAPSA	Cabotaje	Comercial	983
FDO - RHD	N/A	Cabotaje	Av. General	983
FDO - RHD	N/A	Cabotaje	Comercial	983
FDO - RHD	Prefectura Naval Argentina	Cabotaje	Av. General	983
REL - RGL		Cabotaje	Av. General	983
REL - RGL		Cabotaje	Comercial	983
REL - RGL	Aerolíneas Argentinas	Cabotaje	Comercial	983
REL - RGL	Aerovías DAP	Cabotaje	Av. General	983
REL - RGL	American Jet	Cabotaje	Av. General	983
REL - RGL	American Jet	Cabotaje	Comercial	983
REL - RGL	Armada Argentina	Cabotaje	Av. General	983
REL - RGL	Austral Líneas Aéreas	Cabotaje	Comercial	983
REL - RGL	Ejército Argentino	Cabotaje	Av. General	983
REL - RGL	Fuerza Aérea Argentina	Cabotaje	Av. General	983
REL - RGL	Gendarmería Nacional	Cabotaje	Av. General	983
REL - RGL	N/A	Cabotaje	Av. General	983
REL - RGL	N/A	Cabotaje	Comercial	983
REL - RGL	Prefectura Naval Argentina	Cabotaje	Av. General	983
RSA - SDE		Cabotaje	Av. General	982
RSA - SDE	American Jet	Cabotaje	Av. General	982
RSA - SDE	American Jet	Cabotaje	Comercial	982
RSA - SDE	N/A	Cabotaje	Av. General	982
RSA - SDE	Prefectura Naval Argentina	Cabotaje	Av. General	982
EQS - PNT		Internacional	Av. General	981
EQS - PNT	NetJets	Internacional	Av. General	981
AEP - ELO		Cabotaje	Av. General	980
AEP - ELO		Cabotaje	Comercial	980
AEP - ELO	Gendarmería Nacional	Cabotaje	Av. General	980
AEP - ELO	N/A	Cabotaje	Av. General	980
AEP - ELO	N/A	Cabotaje	Comercial	980
AEP - MDZ		Cabotaje	Av. General	980
AEP - MDZ		Cabotaje	Comercial	980
AEP - MDZ	Aerolíneas Argentinas	Cabotaje	Av. General	980
AEP - MDZ	Aerolíneas Argentinas	Cabotaje	Comercial	980
AEP - MDZ	American Jet	Cabotaje	Av. General	980
AEP - MDZ	American Jet	Cabotaje	Comercial	980
AEP - MDZ	Andes Líneas Aéreas	Cabotaje	Comercial	980
AEP - MDZ	Austral Líneas Aéreas	Cabotaje	Comercial	980
AEP - MDZ	Avianca	Cabotaje	Comercial	980
AEP - MDZ	Benair	Cabotaje	Av. General	980
AEP - MDZ	Benair	Cabotaje	Comercial	980
AEP - MDZ	Ejército Argentino	Cabotaje	Av. General	980
AEP - MDZ	Flybondi	Cabotaje	Comercial	980
AEP - MDZ	Flyest	Cabotaje	Av. General	980
AEP - MDZ	Flyest	Cabotaje	Comercial	980
AEP - MDZ	Fuerza Aérea Argentina	Cabotaje	Av. General	980
AEP - MDZ	Fuerza Aérea Uruguaya	Cabotaje	Av. General	980
AEP - MDZ	Gendarmería Nacional	Cabotaje	Av. General	980
AEP - MDZ	JetSMART Airlines	Cabotaje	Comercial	980
AEP - MDZ	LADE - Líneas Aéreas Del Estado	Cabotaje	Av. General	980
AEP - MDZ	LADE - Líneas Aéreas Del Estado	Cabotaje	Comercial	980
AEP - MDZ	LATAM	Cabotaje	Comercial	980
AEP - MDZ	LATAM Argentina	Cabotaje	Av. General	980
AEP - MDZ	LATAM Argentina	Cabotaje	Comercial	980
AEP - MDZ	Línea Aérea SAPSA	Cabotaje	Av. General	980
AEP - MDZ	Línea Aérea SAPSA	Cabotaje	Comercial	980
AEP - MDZ	Macair Jet	Cabotaje	Av. General	980
AEP - MDZ	Macair Jet	Cabotaje	Comercial	980
AEP - MDZ	N/A	Cabotaje	Av. General	980
AEP - MDZ	N/A	Cabotaje	Comercial	980
AEP - MDZ	Norwegian Air Argentina	Cabotaje	Comercial	980
AEP - MDZ	Prefectura Naval Argentina	Cabotaje	Av. General	980
AEP - MDZ	Royal Jet	Cabotaje	Comercial	980
AEP - MDZ	Sky Airline	Cabotaje	Comercial	980
AEP - MDZ	Star Up	Cabotaje	Comercial	980
TNM - USH	Fuerza Aérea Argentina	Internacional	Av. General	979
TNM - USH	N/A	Internacional	Av. General	979
TNM - USH	N/A	Internacional	Comercial	979
AEP - IRJ		Cabotaje	Av. General	978
AEP - IRJ		Cabotaje	Comercial	978
AEP - IRJ	Aerolíneas Argentinas	Cabotaje	Comercial	978
AEP - IRJ	American Jet	Cabotaje	Av. General	978
AEP - IRJ	American Jet	Cabotaje	Comercial	978
AEP - IRJ	Andes Líneas Aéreas	Cabotaje	Av. General	978
AEP - IRJ	Andes Líneas Aéreas	Cabotaje	Comercial	978
AEP - IRJ	Armada Argentina	Cabotaje	Av. General	978
AEP - IRJ	Austral Líneas Aéreas	Cabotaje	Comercial	978
AEP - IRJ	Avianca	Cabotaje	Comercial	978
AEP - IRJ	Ejército Argentino	Cabotaje	Av. General	978
AEP - IRJ	Fuerza Aérea Argentina	Cabotaje	Av. General	978
AEP - IRJ	Gendarmería Nacional	Cabotaje	Av. General	978
AEP - IRJ	JetSMART Airlines	Cabotaje	Comercial	978
AEP - IRJ	LADE - Líneas Aéreas Del Estado	Cabotaje	Av. General	978
AEP - IRJ	LADE - Líneas Aéreas Del Estado	Cabotaje	Comercial	978
AEP - IRJ	LATAM Argentina	Cabotaje	Comercial	978
AEP - IRJ	Macair Jet	Cabotaje	Comercial	978
AEP - IRJ	N/A	Cabotaje	Av. General	978
AEP - IRJ	N/A	Cabotaje	Comercial	978
AEP - IRJ	Prefectura Naval Argentina	Cabotaje	Av. General	978
AEP - IRJ	TAG Aviation USA	Cabotaje	Av. General	978
CNQ - CWB	N/A	Internacional	Av. General	978
CNQ - CWB	N/A	Internacional	Comercial	978
EQS - RGL		Cabotaje	Av. General	978
EQS - RGL		Cabotaje	Comercial	978
EQS - RGL	Ejército Argentino	Cabotaje	Av. General	978
EQS - RGL	Fuerza Aérea Argentina	Cabotaje	Av. General	978
EQS - RGL	Gendarmería Nacional	Cabotaje	Av. General	978
EQS - RGL	N/A	Cabotaje	Av. General	978
BHI - UAQ		Cabotaje	Av. General	978
BHI - UAQ		Cabotaje	Comercial	978
BHI - UAQ	American Jet	Cabotaje	Comercial	978
BHI - UAQ	N/A	Cabotaje	Av. General	978
BHI - UAQ	N/A	Cabotaje	Comercial	978
CPC - UAQ		Cabotaje	Av. General	978
CPC - UAQ		Cabotaje	Comercial	978
CPC - UAQ	N/A	Cabotaje	Av. General	978
CPC - UAQ	N/A	Cabotaje	Comercial	978
EPA - NQN		Cabotaje	Av. General	978
EPA - NQN		Cabotaje	Comercial	978
EPA - NQN	Aerolíneas Argentinas	Cabotaje	Comercial	978
EPA - NQN	Ejército Argentino	Cabotaje	Av. General	978
EPA - NQN	Flybondi	Cabotaje	Comercial	978
EPA - NQN	Fuerza Aérea Argentina	Cabotaje	Av. General	978
EPA - NQN	JetSMART Airlines	Cabotaje	Comercial	978
EPA - NQN	N/A	Cabotaje	Av. General	978
EPA - NQN	N/A	Cabotaje	Comercial	978
EPA - NQN	Prefectura Naval Argentina	Cabotaje	Av. General	978
BHI - PMC	N/A	Internacional	Comercial	977
ELO - FDO		Cabotaje	Av. General	976
ELO - FDO		Cabotaje	Comercial	976
ELO - FDO	N/A	Cabotaje	Av. General	976
ELO - FDO	N/A	Cabotaje	Comercial	976
BHI - SCL		Internacional	Av. General	976
BHI - SCL		Internacional	Comercial	976
BHI - SCL	N/A	Internacional	Av. General	976
CNQ - LUQ		Cabotaje	Av. General	976
CNQ - VMA		Cabotaje	Av. General	976
CNQ - LUQ		Cabotaje	Comercial	976
CNQ - VMA		Cabotaje	Comercial	976
CNQ - VMA	Jet Aviation	Cabotaje	Av. General	976
CNQ - VMA	N/A	Cabotaje	Av. General	976
FMA - LPG		Cabotaje	Av. General	976
FMA - LPG		Cabotaje	Comercial	976
FMA - LPG	N/A	Cabotaje	Av. General	976
FMA - LPG	N/A	Cabotaje	Comercial	976
BRC - OYO		Cabotaje	Av. General	975
BRC - OYO		Cabotaje	Comercial	975
BRC - OYO	N/A	Cabotaje	Av. General	975
BHI - CVI	N/A	Cabotaje	Av. General	975
EPA - UAQ		Cabotaje	Av. General	975
EPA - UAQ		Cabotaje	Comercial	975
EPA - UAQ	Ejército Argentino	Cabotaje	Av. General	975
EPA - UAQ	Flybondi	Cabotaje	Comercial	975
EPA - UAQ	Fuerza Aérea Argentina	Cabotaje	Av. General	975
EPA - UAQ	N/A	Cabotaje	Av. General	975
EPA - UAQ	N/A	Cabotaje	Comercial	975
BRC - LUQ		Cabotaje	Av. General	974
BRC - VMA		Cabotaje	Av. General	974
BRC - LUQ		Cabotaje	Comercial	974
BRC - VMA		Cabotaje	Comercial	974
BRC - LUQ	Aerolíneas Argentinas	Cabotaje	Comercial	974
BRC - LUQ	Andes Líneas Aéreas	Cabotaje	Av. General	974
BRC - LUQ	Andes Líneas Aéreas	Cabotaje	Comercial	974
BRC - LUQ	Dassault Aviation	Cabotaje	Av. General	974
BRC - LUQ	N/A	Cabotaje	Av. General	974
BRC - LUQ	N/A	Cabotaje	Comercial	974
MOR - UAQ		Cabotaje	Av. General	974
MOR - UAQ		Cabotaje	Comercial	974
MOR - UAQ	American Jet	Cabotaje	Comercial	974
MOR - UAQ	N/A	Cabotaje	Av. General	974
MOR - UAQ	N/A	Cabotaje	Comercial	974
CMG - JUJ	N/A	Internacional	Av. General	974
EZE - MDZ		Cabotaje	Av. General	974
EZE - MDZ		Cabotaje	Comercial	974
EZE - MDZ	Abelag Aviation	Cabotaje	Av. General	974
EZE - MDZ	Aeroandina	Cabotaje	Av. General	974
EZE - MDZ	Aerolíneas Argentinas	Cabotaje	Av. General	974
EZE - MDZ	Aerolíneas Argentinas	Cabotaje	Comercial	974
EZE - MDZ	Aeroméxico	Cabotaje	Comercial	974
EZE - MDZ	American Airlines	Cabotaje	Comercial	974
EZE - MDZ	American Jet	Cabotaje	Av. General	974
EZE - MDZ	American Jet	Cabotaje	Comercial	974
EZE - MDZ	Andes Líneas Aéreas	Cabotaje	Comercial	974
EZE - MDZ	Austral Líneas Aéreas	Cabotaje	Comercial	974
EZE - MDZ	BETA - Brazilian Express Transportes Aéreos	Cabotaje	Comercial	974
EZE - MDZ	DAP Helicopteros	Cabotaje	Comercial	974
EZE - MDZ	Flybondi	Cabotaje	Comercial	974
EZE - MDZ	Flyest	Cabotaje	Comercial	974
EZE - MDZ	Fuerza Aérea Argentina	Cabotaje	Av. General	974
EZE - MDZ	Gendarmería Nacional	Cabotaje	Av. General	974
EZE - MDZ	Gestair	Cabotaje	Av. General	974
EZE - MDZ	Gestair	Cabotaje	Comercial	974
EZE - MDZ	Global Jet Luxembourg	Cabotaje	Av. General	974
EZE - MDZ	Global Jet Luxembourg	Cabotaje	Comercial	974
EZE - MDZ	Gol Transportes Aéreos	Cabotaje	Comercial	974
EZE - MDZ	JetSMART Airlines	Cabotaje	Comercial	974
EZE - MDZ	KLM	Cabotaje	Comercial	974
EZE - MDZ	LATAM	Cabotaje	Av. General	974
EZE - MDZ	LATAM	Cabotaje	Comercial	974
EZE - MDZ	LATAM Argentina	Cabotaje	Comercial	974
EZE - MDZ	LATAM Perú	Cabotaje	Comercial	974
EZE - MDZ	N/A	Cabotaje	Av. General	974
EZE - MDZ	N/A	Cabotaje	Comercial	974
EZE - MDZ	Norwegian Air Argentina	Cabotaje	Av. General	974
EZE - MDZ	Norwegian Air Argentina	Cabotaje	Comercial	974
EZE - MDZ	Sky Airline	Cabotaje	Comercial	974
EZE - MDZ	South African Airways	Cabotaje	Av. General	974
EZE - MDZ	TAM Linhas Aéreas	Cabotaje	Comercial	974
EZE - MDZ	United Airlines	Cabotaje	Comercial	974
FLN - FMA		Internacional	Comercial	974
FLN - FMA	N/A	Internacional	Av. General	974
CTC - EZE		Cabotaje	Av. General	973
CTC - EZE		Cabotaje	Comercial	973
CTC - EZE	Aerolíneas Argentinas	Cabotaje	Comercial	973
CTC - EZE	American Jet	Cabotaje	Av. General	973
CTC - EZE	American Jet	Cabotaje	Comercial	973
CTC - EZE	Andes Líneas Aéreas	Cabotaje	Comercial	973
CTC - EZE	Austral Líneas Aéreas	Cabotaje	Comercial	973
CTC - EZE	Flybondi	Cabotaje	Comercial	973
CTC - EZE	Flyest	Cabotaje	Comercial	973
CTC - EZE	N/A	Cabotaje	Av. General	973
CTC - EZE	N/A	Cabotaje	Comercial	973
CTC - EZE	Sirio	Cabotaje	Av. General	973
JUJ - PSS		Cabotaje	Av. General	973
JUJ - PSS	Fuerza Aérea Argentina	Cabotaje	Av. General	973
JUJ - PSS	N/A	Cabotaje	Av. General	973
JUJ - PSS	N/A	Cabotaje	Comercial	973
EQS - RYO		Cabotaje	Av. General	972
FDO - UAQ		Cabotaje	Av. General	971
FDO - UAQ		Cabotaje	Comercial	971
FDO - UAQ	Aerocardal	Cabotaje	Av. General	971
FDO - UAQ	Aerocardal	Cabotaje	Comercial	971
FDO - UAQ	American Jet	Cabotaje	Av. General	971
FDO - UAQ	American Jet	Cabotaje	Comercial	971
FDO - UAQ	Ameriflight	Cabotaje	Av. General	971
FDO - UAQ	Ameriflight	Cabotaje	Comercial	971
FDO - UAQ	Línea Aérea SAPSA	Cabotaje	Av. General	971
FDO - UAQ	Línea Aérea SAPSA	Cabotaje	Comercial	971
FDO - UAQ	N/A	Cabotaje	Av. General	971
FDO - UAQ	N/A	Cabotaje	Comercial	971
MOR - NQN		Cabotaje	Av. General	971
MOR - NQN		Cabotaje	Comercial	971
MOR - NQN	Ejército Argentino	Cabotaje	Av. General	971
MOR - NQN	Fuerza Aérea Argentina	Cabotaje	Av. General	971
MOR - NQN	N/A	Cabotaje	Av. General	971
MOR - NQN	N/A	Cabotaje	Comercial	971
PEH - RES	N/A	Cabotaje	Av. General	971
MOR - RDS		Cabotaje	Av. General	971
EZE - NQN		Cabotaje	Av. General	971
EZE - NQN		Cabotaje	Comercial	971
EZE - NQN	Aerolíneas Argentinas	Cabotaje	Comercial	971
EZE - NQN	American Jet	Cabotaje	Av. General	971
EZE - NQN	American Jet	Cabotaje	Comercial	971
EZE - NQN	Andes Líneas Aéreas	Cabotaje	Comercial	971
EZE - NQN	Austral Líneas Aéreas	Cabotaje	Comercial	971
EZE - NQN	Delta Private Jets	Cabotaje	Av. General	971
EZE - NQN	Delta Private Jets	Cabotaje	Comercial	971
EZE - NQN	Flybondi	Cabotaje	Comercial	971
EZE - NQN	Flyest	Cabotaje	Comercial	971
EZE - NQN	Fuerza Aérea Argentina	Cabotaje	Av. General	971
EZE - NQN	Gestair	Cabotaje	Av. General	971
EZE - NQN	JetSMART Airlines	Cabotaje	Comercial	971
EZE - NQN	LASA Argentina	Cabotaje	Comercial	971
EZE - NQN	LATAM Argentina	Cabotaje	Comercial	971
EZE - NQN	Macair Jet	Cabotaje	Av. General	971
EZE - NQN	Macair Jet	Cabotaje	Comercial	971
EZE - NQN	N/A	Cabotaje	Av. General	971
EZE - NQN	N/A	Cabotaje	Comercial	971
EZE - NQN	NetJets	Cabotaje	Av. General	971
EZE - NQN	Qatar Executive	Cabotaje	Av. General	971
EZE - NQN	Qatar Executive	Cabotaje	Comercial	971
EZE - NQN	Volga-Dnepr Airlines	Cabotaje	Av. General	971
EZE - NQN	Volga-Dnepr Airlines	Cabotaje	Comercial	971
MDQ - MDX	N/A	Cabotaje	Av. General	971
JUJ - RCU		Cabotaje	Av. General	971
JUJ - RCU		Cabotaje	Comercial	971
JUJ - RCU	American Jet	Cabotaje	Comercial	971
JUJ - RCU	Fuerza Aérea Argentina	Cabotaje	Av. General	971
JUJ - RCU	N/A	Cabotaje	Av. General	971
JUJ - RCU	N/A	Cabotaje	Comercial	971
CTC - PSS		Cabotaje	Av. General	971
CTC - PSS		Cabotaje	Comercial	971
CTC - PSS	Fuerza Aérea Argentina	Cabotaje	Av. General	971
CTC - PSS	N/A	Cabotaje	Av. General	971
LPB - SLA		Internacional	Av. General	970
LPB - SLA		Internacional	Comercial	970
LPB - SLA	Boliviana de Aviacion	Internacional	Comercial	970
LPB - SLA	N/A	Internacional	Av. General	970
BRC - VME		Cabotaje	Av. General	970
BRC - VME	Andes Líneas Aéreas	Cabotaje	Comercial	970
BRC - VME	Fuerza Aérea Argentina	Cabotaje	Av. General	970
BRC - VME	N/A	Cabotaje	Av. General	970
BRC - VME	N/A	Cabotaje	Comercial	970
COR - TTG		Cabotaje	Av. General	970
COR - TTG	American Jet	Cabotaje	Comercial	970
COR - TTG	Ejército Argentino	Cabotaje	Av. General	970
COR - TTG	Fuerza Aérea Argentina	Cabotaje	Av. General	970
COR - TTG	N/A	Cabotaje	Av. General	970
IRJ - MOR		Cabotaje	Av. General	969
IRJ - MOR		Cabotaje	Comercial	969
IRJ - MOR	N/A	Cabotaje	Av. General	969
POA - ROS		Internacional	Av. General	968
POA - ROS	Aerolíneas Argentinas	Internacional	Comercial	968
POA - ROS	Alas Uruguay	Internacional	Comercial	968
POA - ROS	American Jet	Internacional	Comercial	968
POA - ROS	Andes Líneas Aéreas	Internacional	Comercial	968
POA - ROS	Austral Líneas Aéreas	Internacional	Comercial	968
POA - ROS	Azul Linhas Aéreas Brasileiras	Internacional	Comercial	968
POA - ROS	Gol Transportes Aéreos	Internacional	Comercial	968
POA - ROS	Interjet	Internacional	Av. General	968
POA - ROS	N/A	Internacional	Av. General	968
POA - ROS	N/A	Internacional	Comercial	968
POA - ROS	TAM Linhas Aéreas	Internacional	Comercial	968
LUQ - MVD	Aerocardal	Internacional	Comercial	968
CRD - PSY		Internacional	Av. General	967
CRD - PSY	N/A	Internacional	Av. General	967
CRD - PSY	N/A	Internacional	Comercial	967
EPA - IRJ		Cabotaje	Av. General	967
EPA - IRJ		Cabotaje	Comercial	967
EPA - IRJ	Fuerza Aérea Argentina	Cabotaje	Av. General	967
EPA - IRJ	Gendarmería Nacional	Cabotaje	Av. General	967
EPA - IRJ	N/A	Cabotaje	Av. General	967
COR - CUT	Aerolíneas Argentinas	Cabotaje	Comercial	964
COR - CUT	N/A	Cabotaje	Av. General	964
ORA - PSS		Cabotaje	Av. General	964
ORA - PSS	Fuerza Aérea Argentina	Cabotaje	Av. General	964
ORA - PSS	Gendarmería Nacional	Cabotaje	Av. General	964
FMA - JNI		Cabotaje	Av. General	963
FDO - VCF	N/A	Cabotaje	Av. General	963
EPA - MDZ		Cabotaje	Av. General	963
EPA - MDZ		Cabotaje	Comercial	963
EPA - MDZ	Ejército Argentino	Cabotaje	Av. General	963
EPA - MDZ	Flybondi	Cabotaje	Comercial	963
EPA - MDZ	Fuerza Aérea Argentina	Cabotaje	Av. General	963
EPA - MDZ	JetSMART Airlines	Cabotaje	Comercial	963
EPA - MDZ	N/A	Cabotaje	Av. General	963
EPA - MDZ	N/A	Cabotaje	Comercial	963
FDO - MDZ		Cabotaje	Av. General	962
FDO - MDZ		Cabotaje	Comercial	962
FDO - MDZ	Aerocardal	Cabotaje	Av. General	962
FDO - MDZ	Aerocardal	Cabotaje	Comercial	962
FDO - MDZ	American Jet	Cabotaje	Av. General	962
FDO - MDZ	American Jet	Cabotaje	Comercial	962
FDO - MDZ	Ameriflight	Cabotaje	Av. General	962
FDO - MDZ	Ameriflight	Cabotaje	Comercial	962
FDO - MDZ	Austral Líneas Aéreas	Cabotaje	Comercial	962
FDO - MDZ	Benair	Cabotaje	Av. General	962
FDO - MDZ	Benair	Cabotaje	Comercial	962
FDO - MDZ	BRA-Transportes Aéreos	Cabotaje	Av. General	962
FDO - MDZ	Ejército Argentino	Cabotaje	Av. General	962
FDO - MDZ	Fuerza Aérea Argentina	Cabotaje	Av. General	962
FDO - MDZ	Fuerza Aérea Brasilera	Cabotaje	Av. General	962
FDO - MDZ	Fuerza Aérea Uruguaya	Cabotaje	Av. General	962
FDO - MDZ	Gendarmería Nacional	Cabotaje	Av. General	962
FDO - MDZ	Gestair	Cabotaje	Av. General	962
FDO - MDZ	Interjet	Cabotaje	Av. General	962
FDO - MDZ	Interjet	Cabotaje	Comercial	962
FDO - MDZ	Línea Aérea SAPSA	Cabotaje	Av. General	962
FDO - MDZ	Línea Aérea SAPSA	Cabotaje	Comercial	962
FDO - MDZ	N/A	Cabotaje	Av. General	962
FDO - MDZ	N/A	Cabotaje	Comercial	962
FDO - MDZ	Southern Air	Cabotaje	Av. General	962
FMA - RCU		Cabotaje	Av. General	962
FMA - RCU	American Jet	Cabotaje	Av. General	962
FMA - RCU	American Jet	Cabotaje	Comercial	962
FMA - RCU	Fuerza Aérea Argentina	Cabotaje	Av. General	962
FMA - RCU	N/A	Cabotaje	Av. General	962
AFA - LPG		Cabotaje	Av. General	961
AFA - LPG		Cabotaje	Comercial	961
AFA - LPG	N/A	Cabotaje	Av. General	961
MDZ - MOR		Cabotaje	Av. General	961
MDZ - MOR		Cabotaje	Comercial	961
MDZ - MOR	Aerocardal	Cabotaje	Comercial	961
MDZ - MOR	Aerolíneas Argentinas	Cabotaje	Comercial	961
MDZ - MOR	Fuerza Aérea Argentina	Cabotaje	Av. General	961
MDZ - MOR	Heliworks	Cabotaje	Av. General	961
MDZ - MOR	N/A	Cabotaje	Av. General	961
MDZ - MOR	N/A	Cabotaje	Comercial	961
AEP - CTC		Cabotaje	Av. General	961
AEP - CTC		Cabotaje	Comercial	961
AEP - CTC	Aerolíneas Argentinas	Cabotaje	Comercial	961
AEP - CTC	American Jet	Cabotaje	Av. General	961
AEP - CTC	American Jet	Cabotaje	Comercial	961
AEP - CTC	Austral Líneas Aéreas	Cabotaje	Av. General	961
AEP - CTC	Austral Líneas Aéreas	Cabotaje	Comercial	961
AEP - CTC	Flybondi	Cabotaje	Comercial	961
AEP - CTC	Fuerza Aérea Argentina	Cabotaje	Av. General	961
AEP - CTC	Gendarmería Nacional	Cabotaje	Av. General	961
AEP - CTC	JetSMART Airlines	Cabotaje	Comercial	961
AEP - CTC	LATAM Argentina	Cabotaje	Comercial	961
AEP - CTC	Línea Aérea SAPSA	Cabotaje	Comercial	961
AEP - CTC	N/A	Cabotaje	Av. General	961
AEP - CTC	N/A	Cabotaje	Comercial	961
MDQ - VDR		Cabotaje	Av. General	960
MDQ - VDR	N/A	Cabotaje	Av. General	960
BGX - COR		Internacional	Av. General	959
BGX - COR	N/A	Internacional	Av. General	959
EZE - FMA		Cabotaje	Av. General	959
EZE - FMA		Cabotaje	Comercial	959
EZE - FMA	Aerolíneas Argentinas	Cabotaje	Comercial	959
EZE - FMA	Austral Líneas Aéreas	Cabotaje	Comercial	959
EZE - FMA	Fuerza Aérea Argentina	Cabotaje	Av. General	959
EZE - FMA	N/A	Cabotaje	Av. General	959
EZE - FMA	N/A	Cabotaje	Comercial	959
OVR - UAQ	N/A	Cabotaje	Comercial	959
FDO - IRJ		Cabotaje	Av. General	959
FDO - IRJ		Cabotaje	Comercial	959
FDO - IRJ	American Jet	Cabotaje	Av. General	959
FDO - IRJ	American Jet	Cabotaje	Comercial	959
FDO - IRJ	Ameriflight	Cabotaje	Av. General	959
FDO - IRJ	Ameriflight	Cabotaje	Comercial	959
FDO - IRJ	Fuerza Aérea Argentina	Cabotaje	Av. General	959
FDO - IRJ	Línea Aérea SAPSA	Cabotaje	Comercial	959
FDO - IRJ	N/A	Cabotaje	Av. General	959
FDO - IRJ	N/A	Cabotaje	Comercial	959
FDO - IRJ	Prefectura Naval Argentina	Cabotaje	Av. General	959
EZE - SDE		Cabotaje	Av. General	958
EZE - SDE		Cabotaje	Comercial	958
EZE - SDE	Aerolíneas Argentinas	Cabotaje	Av. General	958
EZE - SDE	Aerolíneas Argentinas	Cabotaje	Comercial	958
EZE - SDE	American Airlines	Cabotaje	Comercial	958
EZE - SDE	American Jet	Cabotaje	Av. General	958
EZE - SDE	American Jet	Cabotaje	Comercial	958
EZE - SDE	Andes Líneas Aéreas	Cabotaje	Av. General	958
EZE - SDE	Andes Líneas Aéreas	Cabotaje	Comercial	958
EZE - SDE	Austral Líneas Aéreas	Cabotaje	Comercial	958
EZE - SDE	Flybondi	Cabotaje	Comercial	958
EZE - SDE	Fuerza Aérea Argentina	Cabotaje	Av. General	958
EZE - SDE	JetSMART Airlines	Cabotaje	Av. General	958
EZE - SDE	JetSMART Airlines	Cabotaje	Comercial	958
EZE - SDE	LADE - Líneas Aéreas Del Estado	Cabotaje	Av. General	958
EZE - SDE	LATAM	Cabotaje	Comercial	958
EZE - SDE	N/A	Cabotaje	Av. General	958
EZE - SDE	N/A	Cabotaje	Comercial	958
EZE - SDE	NetJets	Cabotaje	Av. General	958
EZE - SDE	NetJets	Cabotaje	Comercial	958
MDZ - RCQ		Cabotaje	Av. General	958
MDZ - RCQ		Cabotaje	Comercial	958
MDZ - RCQ	Fuerza Aérea Argentina	Cabotaje	Av. General	958
MDZ - RCQ	N/A	Cabotaje	Av. General	958
MDZ - RCQ	N/A	Cabotaje	Comercial	958
OYA - RSA		Cabotaje	Av. General	957
AEP - GNR		Cabotaje	Av. General	957
AEP - GNR		Cabotaje	Comercial	957
AEP - GNR	Aerolíneas Argentinas	Cabotaje	Comercial	957
AEP - GNR	Austral Líneas Aéreas	Cabotaje	Comercial	957
AEP - GNR	Línea Aérea SAPSA	Cabotaje	Av. General	957
AEP - GNR	Línea Aérea SAPSA	Cabotaje	Comercial	957
AEP - GNR	Macair Jet	Cabotaje	Comercial	957
AEP - GNR	N/A	Cabotaje	Av. General	957
AEP - GNR	N/A	Cabotaje	Comercial	957
AFA - EQS		Cabotaje	Av. General	956
AFA - EQS		Cabotaje	Comercial	956
LUQ - VLG		Cabotaje	Av. General	955
LUQ - VLG	N/A	Cabotaje	Comercial	955
CTC - MOR		Cabotaje	Av. General	955
CTC - MOR		Cabotaje	Comercial	955
CTC - MOR	N/A	Cabotaje	Av. General	955
LUQ - RES		Cabotaje	Av. General	954
RES - VMA		Cabotaje	Av. General	954
LUQ - RES		Cabotaje	Comercial	954
LUQ - RES	Andes Líneas Aéreas	Cabotaje	Comercial	954
LUQ - RES	Fuerza Aérea Argentina	Cabotaje	Av. General	954
LUQ - RES	N/A	Cabotaje	Av. General	954
RES - VMA	N/A	Cabotaje	Av. General	954
LUQ - RES	N/A	Cabotaje	Comercial	954
SCL - SFN		Internacional	Av. General	954
SCL - SFN	Aerolíneas Argentinas	Internacional	Comercial	954
SCL - SFN	Andes Líneas Aéreas	Internacional	Comercial	954
SCL - SFN	N/A	Internacional	Av. General	954
SCL - SFN	N/A	Internacional	Comercial	954
COR - MDQ		Cabotaje	Av. General	954
COR - MDQ		Cabotaje	Comercial	954
COR - MDQ	Aerolíneas Argentinas	Cabotaje	Comercial	954
COR - MDQ	American Jet	Cabotaje	Comercial	954
COR - MDQ	Andes Líneas Aéreas	Cabotaje	Comercial	954
COR - MDQ	Austral Líneas Aéreas	Cabotaje	Comercial	954
COR - MDQ	Flybondi	Cabotaje	Comercial	954
COR - MDQ	Flyest	Cabotaje	Comercial	954
COR - MDQ	Fuerza Aérea Argentina	Cabotaje	Av. General	954
COR - MDQ	Fuerza Aérea Paraguaya	Cabotaje	Av. General	954
COR - MDQ	LADE - Líneas Aéreas Del Estado	Cabotaje	Comercial	954
COR - MDQ	N/A	Cabotaje	Av. General	954
COR - MDQ	N/A	Cabotaje	Comercial	954
AFA - PMY		Cabotaje	Av. General	954
AFA - PMY		Cabotaje	Comercial	954
AFA - PMY	Aerolíneas Argentinas	Cabotaje	Comercial	954
AFA - PMY	American Jet	Cabotaje	Comercial	954
AFA - PMY	N/A	Cabotaje	Av. General	954
AFA - PMY	N/A	Cabotaje	Comercial	954
OES - ROS	N/A	Cabotaje	Av. General	952
CTC - EPA		Cabotaje	Av. General	951
CTC - EPA	Ejército Argentino	Cabotaje	Av. General	951
CTC - EPA	Fuerza Aérea Argentina	Cabotaje	Av. General	951
COR - MLZ		Internacional	Av. General	951
COR - MLZ	N/A	Internacional	Av. General	951
BHI - OLN	Ejército Argentino	Cabotaje	Av. General	951
FDO - GNR		Cabotaje	Av. General	951
FDO - GNR		Cabotaje	Comercial	951
FDO - GNR	American Jet	Cabotaje	Av. General	951
FDO - GNR	American Jet	Cabotaje	Comercial	951
FDO - GNR	Línea Aérea SAPSA	Cabotaje	Av. General	951
FDO - GNR	Línea Aérea SAPSA	Cabotaje	Comercial	951
FDO - GNR	N/A	Cabotaje	Av. General	951
FDO - GNR	N/A	Cabotaje	Comercial	951
PSS - TTG	N/A	Cabotaje	Av. General	951
CPC - OYO		Cabotaje	Av. General	950
CPC - OYO	N/A	Cabotaje	Av. General	950
BRC - MDZ		Cabotaje	Av. General	950
BRC - MDZ		Cabotaje	Comercial	950
BRC - MDZ	Aerocardal	Cabotaje	Comercial	950
BRC - MDZ	Aerolíneas Argentinas	Cabotaje	Comercial	950
BRC - MDZ	American Jet	Cabotaje	Av. General	950
BRC - MDZ	American Jet	Cabotaje	Comercial	950
BRC - MDZ	Andes Líneas Aéreas	Cabotaje	Comercial	950
BRC - MDZ	Austral Líneas Aéreas	Cabotaje	Av. General	950
BRC - MDZ	Austral Líneas Aéreas	Cabotaje	Comercial	950
BRC - MDZ	Ejército Argentino	Cabotaje	Av. General	950
BRC - MDZ	Flybondi	Cabotaje	Comercial	950
BRC - MDZ	Flyest	Cabotaje	Comercial	950
BRC - MDZ	Fuerza Aérea Argentina	Cabotaje	Av. General	950
BRC - MDZ	Gestair	Cabotaje	Av. General	950
BRC - MDZ	Gestair	Cabotaje	Comercial	950
BRC - MDZ	JetSMART Airlines	Cabotaje	Comercial	950
BRC - MDZ	LADE - Líneas Aéreas Del Estado	Cabotaje	Av. General	950
BRC - MDZ	LATAM Argentina	Cabotaje	Comercial	950
BRC - MDZ	Macair Jet	Cabotaje	Comercial	950
BRC - MDZ	N/A	Cabotaje	Av. General	950
BRC - MDZ	N/A	Cabotaje	Comercial	950
BRC - MDZ	Norwegian Air Argentina	Cabotaje	Comercial	950
LUQ - MDQ		Cabotaje	Av. General	949
MDQ - VMA		Cabotaje	Av. General	949
MDQ - VMA		Cabotaje	Comercial	949
LUQ - MDQ	Fuerza Aérea Argentina	Cabotaje	Av. General	949
LUQ - MDQ	Gendarmería Nacional	Cabotaje	Av. General	949
LUQ - MDQ	N/A	Cabotaje	Av. General	949
MDQ - VMA	N/A	Cabotaje	Av. General	949
LUQ - MDQ	N/A	Cabotaje	Comercial	949
MDQ - VMA	N/A	Cabotaje	Comercial	949
CMG - PSS		Internacional	Av. General	948
CMG - CNQ		Internacional	Av. General	945
CMG - CNQ	N/A	Internacional	Av. General	945
NQN - ROS		Cabotaje	Av. General	945
NQN - ROS		Cabotaje	Comercial	945
NQN - ROS	Aerolíneas Argentinas	Cabotaje	Comercial	945
NQN - ROS	American Jet	Cabotaje	Av. General	945
NQN - ROS	American Jet	Cabotaje	Comercial	945
NQN - ROS	Andes Líneas Aéreas	Cabotaje	Comercial	945
NQN - ROS	Austral Líneas Aéreas	Cabotaje	Comercial	945
NQN - ROS	Flybondi	Cabotaje	Comercial	945
NQN - ROS	JetSMART Airlines	Cabotaje	Comercial	945
NQN - ROS	LADE - Líneas Aéreas Del Estado	Cabotaje	Av. General	945
NQN - ROS	LADE - Líneas Aéreas Del Estado	Cabotaje	Comercial	945
NQN - ROS	LATAM Argentina	Cabotaje	Comercial	945
NQN - ROS	N/A	Cabotaje	Av. General	945
NQN - ROS	N/A	Cabotaje	Comercial	945
NQN - ROS	Qatar Executive	Cabotaje	Av. General	945
NQN - ROS	SOL Líneas Aéreas	Cabotaje	Comercial	945
BRC - ULA		Cabotaje	Av. General	945
MDZ - SLA		Cabotaje	Av. General	944
MDZ - SLA		Cabotaje	Comercial	944
MDZ - SLA	Aerolíneas Argentinas	Cabotaje	Av. General	944
MDZ - SLA	Aerolíneas Argentinas	Cabotaje	Comercial	944
MDZ - SLA	American Jet	Cabotaje	Av. General	944
MDZ - SLA	American Jet	Cabotaje	Comercial	944
MDZ - SLA	Andes Líneas Aéreas	Cabotaje	Comercial	944
MDZ - SLA	Austral Líneas Aéreas	Cabotaje	Av. General	944
MDZ - SLA	Austral Líneas Aéreas	Cabotaje	Comercial	944
MDZ - SLA	Ejército Argentino	Cabotaje	Av. General	944
MDZ - SLA	Execujet Charter	Cabotaje	Av. General	944
MDZ - SLA	Flybondi	Cabotaje	Comercial	944
MDZ - SLA	Fuerza Aérea Argentina	Cabotaje	Av. General	944
MDZ - SLA	Gendarmería Nacional	Cabotaje	Av. General	944
MDZ - SLA	JetSMART Airlines	Cabotaje	Comercial	944
MDZ - SLA	LATAM Argentina	Cabotaje	Comercial	944
MDZ - SLA	LATAM Perú	Cabotaje	Comercial	944
MDZ - SLA	N/A	Cabotaje	Av. General	944
MDZ - SLA	N/A	Cabotaje	Comercial	944
MDZ - SLA	Norwegian Air Argentina	Cabotaje	Comercial	944
CNQ - VME		Cabotaje	Av. General	944
PMQ - USH		Cabotaje	Comercial	944
FMA - MOR		Cabotaje	Av. General	943
FMA - MOR		Cabotaje	Comercial	943
MDZ - OES	N/A	Cabotaje	Av. General	943
MDZ - OES	N/A	Cabotaje	Comercial	943
ASU - COR		Internacional	Av. General	942
ASU - COR		Internacional	Comercial	942
ASU - COR	Aerocardal	Internacional	Av. General	942
ASU - COR	Aerolíneas Argentinas	Internacional	Comercial	942
ASU - COR	Air Europa	Internacional	Comercial	942
ASU - COR	Amaszonas	Internacional	Av. General	942
ASU - COR	Amaszonas	Internacional	Comercial	942
ASU - COR	American Jet	Internacional	Comercial	942
ASU - COR	Andes Líneas Aéreas	Internacional	Comercial	942
ASU - COR	Arajet	Internacional	Comercial	942
ASU - COR	Austral Líneas Aéreas	Internacional	Comercial	942
ASU - COR	Avianca Perú	Internacional	Comercial	942
ASU - COR	Copa Airlines	Internacional	Comercial	942
ASU - COR	Flybondi	Internacional	Comercial	942
ASU - COR	Fuerza Aérea Argentina	Internacional	Av. General	942
ASU - COR	Fuerza Aérea Paraguaya	Internacional	Av. General	942
ASU - COR	Fuerza Aérea Uruguaya	Internacional	Av. General	942
ASU - COR	LATAM	Internacional	Comercial	942
ASU - COR	LATAM Paraguay	Internacional	Comercial	942
ASU - COR	LATAM Perú	Internacional	Comercial	942
ASU - COR	N/A	Internacional	Av. General	942
ASU - COR	N/A	Internacional	Comercial	942
ASU - COR	TAG Aviation UK	Internacional	Av. General	942
CRD - RDS	Aerolíneas Argentinas	Cabotaje	Comercial	942
CRD - MPN		Cabotaje	Av. General	941
CRD - MPN		Cabotaje	Comercial	941
CRD - MPN	American Jet	Cabotaje	Av. General	941
CRD - MPN	American Jet	Cabotaje	Comercial	941
CRD - MPN	N/A	Cabotaje	Av. General	941
CRD - MPN	N/A	Cabotaje	Comercial	941
AEP - SDE		Cabotaje	Av. General	941
AEP - SDE		Cabotaje	Comercial	941
AEP - SDE	Aerolíneas Argentinas	Cabotaje	Av. General	941
AEP - SDE	Aerolíneas Argentinas	Cabotaje	Comercial	941
AEP - SDE	American Jet	Cabotaje	Av. General	941
AEP - SDE	American Jet	Cabotaje	Comercial	941
AEP - SDE	Andes Líneas Aéreas	Cabotaje	Comercial	941
AEP - SDE	Armada Argentina	Cabotaje	Av. General	941
AEP - SDE	Austral Líneas Aéreas	Cabotaje	Av. General	941
AEP - SDE	Austral Líneas Aéreas	Cabotaje	Comercial	941
AEP - SDE	Ejército Argentino	Cabotaje	Av. General	941
AEP - SDE	Flybondi	Cabotaje	Comercial	941
AEP - SDE	Flyest	Cabotaje	Comercial	941
AEP - SDE	Fuerza Aérea Argentina	Cabotaje	Av. General	941
AEP - SDE	Gendarmería Nacional	Cabotaje	Av. General	941
AEP - SDE	JetSMART Airlines	Cabotaje	Comercial	941
AEP - SDE	LADE - Líneas Aéreas Del Estado	Cabotaje	Av. General	941
AEP - SDE	LADE - Líneas Aéreas Del Estado	Cabotaje	Comercial	941
AEP - SDE	LATAM Argentina	Cabotaje	Comercial	941
AEP - SDE	Macair Jet	Cabotaje	Comercial	941
AEP - SDE	N/A	Cabotaje	Av. General	941
AEP - SDE	N/A	Cabotaje	Comercial	941
AEP - SDE	Prefectura Naval Argentina	Cabotaje	Av. General	941
CTC - FDO		Cabotaje	Av. General	941
CTC - FDO		Cabotaje	Comercial	941
CTC - FDO	American Jet	Cabotaje	Av. General	941
CTC - FDO	American Jet	Cabotaje	Comercial	941
CTC - FDO	Línea Aérea SAPSA	Cabotaje	Comercial	941
CTC - FDO	N/A	Cabotaje	Av. General	941
CTC - FDO	N/A	Cabotaje	Comercial	941
FTE - REL		Cabotaje	Av. General	941
FTE - REL		Cabotaje	Comercial	941
FTE - REL	Aerolíneas Argentinas	Cabotaje	Comercial	941
FTE - REL	American Jet	Cabotaje	Comercial	941
FTE - REL	Armada Argentina	Cabotaje	Av. General	941
FTE - REL	Austral Líneas Aéreas	Cabotaje	Comercial	941
FTE - REL	Ejército Argentino	Cabotaje	Av. General	941
FTE - REL	Fuerza Aérea Argentina	Cabotaje	Av. General	941
FTE - REL	Interjet	Cabotaje	Av. General	941
FTE - REL	Interjet	Cabotaje	Comercial	941
FTE - REL	LADE - Líneas Aéreas Del Estado	Cabotaje	Comercial	941
FTE - REL	Línea Aérea SAPSA	Cabotaje	Comercial	941
FTE - REL	Macair Jet	Cabotaje	Comercial	941
FTE - REL	N/A	Cabotaje	Av. General	941
FTE - REL	N/A	Cabotaje	Comercial	941
LUQ - SLA		Cabotaje	Av. General	941
SLA - VMA		Cabotaje	Av. General	941
LUQ - SLA		Cabotaje	Comercial	941
SLA - VMA		Cabotaje	Comercial	941
LUQ - SLA	Andes Líneas Aéreas	Cabotaje	Comercial	941
LUQ - SLA	Ejército Argentino	Cabotaje	Av. General	941
LUQ - SLA	N/A	Cabotaje	Av. General	941
SLA - VMA	N/A	Cabotaje	Av. General	941
LUQ - SLA	N/A	Cabotaje	Comercial	941
ELO - ROS	N/A	Cabotaje	Av. General	941
POA - SFN	N/A	Internacional	Av. General	941
ELO - ROS	N/A	Cabotaje	Comercial	941
JUJ - PRA		Cabotaje	Av. General	940
JUJ - PRA	American Jet	Cabotaje	Comercial	940
JUJ - PRA	Ejército Argentino	Cabotaje	Av. General	940
JUJ - PRA	Fuerza Aérea Argentina	Cabotaje	Av. General	940
JUJ - PRA	N/A	Cabotaje	Av. General	940
JUJ - PRA	N/A	Cabotaje	Comercial	940
CPC - PEH		Cabotaje	Av. General	940
CPC - PEH	N/A	Cabotaje	Av. General	940
EPA - GNR	Fuerza Aérea Argentina	Cabotaje	Av. General	939
MOR - SDE		Cabotaje	Av. General	939
MOR - SDE		Cabotaje	Comercial	939
MOR - SDE	Fuerza Aérea Argentina	Cabotaje	Av. General	939
MOR - SDE	N/A	Cabotaje	Av. General	939
MOR - SDE	N/A	Cabotaje	Comercial	939
LGS - PRA		Cabotaje	Av. General	937
LGS - PRA	Fuerza Aérea Argentina	Cabotaje	Av. General	937
COR - NEC		Cabotaje	Av. General	936
COR - NEC		Cabotaje	Comercial	936
COR - NEC	N/A	Cabotaje	Av. General	936
COR - NEC	N/A	Cabotaje	Comercial	936
COR - PDP		Internacional	Av. General	936
COR - PDP		Internacional	Comercial	936
COR - PDP	Aerolíneas Argentinas	Internacional	Comercial	936
COR - PDP	Amaszonas	Internacional	Comercial	936
COR - PDP	American Jet	Internacional	Av. General	936
COR - PDP	Austral Líneas Aéreas	Internacional	Comercial	936
COR - PDP	Flybondi	Internacional	Comercial	936
COR - PDP	Flyest	Internacional	Comercial	936
COR - PDP	Fuerza Aérea Uruguaya	Internacional	Av. General	936
COR - PDP	Global Jet Luxembourg	Internacional	Av. General	936
COR - PDP	N/A	Internacional	Av. General	936
COR - PDP	N/A	Internacional	Comercial	936
COR - PDP	SOL Líneas Aéreas	Internacional	Comercial	936
EPA - FMA		Cabotaje	Av. General	935
EPA - FMA	Ejército Argentino	Cabotaje	Av. General	935
EPA - FMA	Fuerza Aérea Argentina	Cabotaje	Av. General	935
EPA - FMA	Gendarmería Nacional	Cabotaje	Av. General	935
EPA - FMA	N/A	Cabotaje	Av. General	935
EPA - SDE		Cabotaje	Av. General	935
EPA - SDE		Cabotaje	Comercial	935
EPA - SDE	Aerolíneas Argentinas	Cabotaje	Comercial	935
EPA - SDE	Ejército Argentino	Cabotaje	Av. General	935
EPA - SDE	Flybondi	Cabotaje	Comercial	935
EPA - SDE	Fuerza Aérea Argentina	Cabotaje	Av. General	935
EPA - SDE	Gendarmería Nacional	Cabotaje	Av. General	935
EPA - SDE	N/A	Cabotaje	Av. General	935
EPA - SDE	N/A	Cabotaje	Comercial	935
JUJ - LPB		Internacional	Av. General	935
JUJ - LPB		Internacional	Comercial	935
JUJ - LPB	N/A	Internacional	Av. General	935
CXJ - EZE	Aerolíneas Argentinas	Internacional	Comercial	934
ROS - SCL		Internacional	Av. General	933
ROS - SCL		Internacional	Comercial	933
ROS - SCL	Aeroandina	Internacional	Av. General	933
ROS - SCL	Aerolíneas Argentinas	Internacional	Comercial	933
ROS - SCL	Aerovías DAP	Internacional	Comercial	933
ROS - SCL	American Jet	Internacional	Comercial	933
ROS - SCL	Andes Líneas Aéreas	Internacional	Comercial	933
ROS - SCL	Gol Transportes Aéreos	Internacional	Comercial	933
ROS - SCL	LATAM	Internacional	Comercial	933
ROS - SCL	N/A	Internacional	Av. General	933
ROS - SCL	N/A	Internacional	Comercial	933
ROS - SCL	Sky Airline	Internacional	Comercial	933
ROS - SCL	TAM Linhas Aéreas	Internacional	Comercial	933
GNR - MOR		Cabotaje	Av. General	933
EZE - GNR		Cabotaje	Av. General	932
EZE - GNR		Cabotaje	Comercial	932
EZE - GNR	N/A	Cabotaje	Comercial	932
COR - VLG		Cabotaje	Av. General	932
COR - VLG		Cabotaje	Comercial	932
COR - VLG	Aerolíneas Argentinas	Cabotaje	Comercial	932
COR - VLG	N/A	Cabotaje	Av. General	932
COR - VLG	N/A	Cabotaje	Comercial	932
AEP - FMA		Cabotaje	Av. General	929
AEP - FMA		Cabotaje	Comercial	929
AEP - FMA	Aerolíneas Argentinas	Cabotaje	Av. General	929
AEP - FMA	Aerolíneas Argentinas	Cabotaje	Comercial	929
AEP - FMA	American Jet	Cabotaje	Av. General	929
AEP - FMA	American Jet	Cabotaje	Comercial	929
AEP - FMA	Austral Líneas Aéreas	Cabotaje	Comercial	929
AEP - FMA	Avianca Uruguay	Cabotaje	Comercial	929
AEP - FMA	Ejército Argentino	Cabotaje	Av. General	929
AEP - FMA	Flybondi	Cabotaje	Comercial	929
AEP - FMA	Flyest	Cabotaje	Comercial	929
AEP - FMA	Fuerza Aérea Argentina	Cabotaje	Av. General	929
AEP - FMA	Gendarmería Nacional	Cabotaje	Av. General	929
AEP - FMA	JetSMART Airlines	Cabotaje	Comercial	929
AEP - FMA	LATAM Argentina	Cabotaje	Comercial	929
AEP - FMA	Línea Aérea SAPSA	Cabotaje	Comercial	929
AEP - FMA	Macair Jet	Cabotaje	Comercial	929
AEP - FMA	N/A	Cabotaje	Av. General	929
AEP - FMA	N/A	Cabotaje	Comercial	929
AEP - FMA	SOL Líneas Aéreas	Cabotaje	Comercial	929
MDQ - NQN		Cabotaje	Av. General	929
MDQ - NQN		Cabotaje	Comercial	929
MDQ - NQN	Aerolíneas Argentinas	Cabotaje	Comercial	929
MDQ - NQN	American Jet	Cabotaje	Comercial	929
MDQ - NQN	Austral Líneas Aéreas	Cabotaje	Comercial	929
MDQ - NQN	Fuerza Aérea Argentina	Cabotaje	Av. General	929
MDQ - NQN	LADE - Líneas Aéreas Del Estado	Cabotaje	Av. General	929
MDQ - NQN	LADE - Líneas Aéreas Del Estado	Cabotaje	Comercial	929
MDQ - NQN	N/A	Cabotaje	Av. General	929
MDQ - NQN	N/A	Cabotaje	Comercial	929
EHL - FTE	N/A	Cabotaje	Comercial	929
PEH - SDE	American Jet	Cabotaje	Av. General	929
FMA - VDR		Cabotaje	Comercial	927
RCQ - VLG		Cabotaje	Comercial	927
RCQ - RSA		Cabotaje	Av. General	927
RCQ - RSA		Cabotaje	Comercial	927
RCQ - RSA	N/A	Cabotaje	Av. General	927
ANF - UAQ	N/A	Internacional	Av. General	926
ANF - UAQ	N/A	Internacional	Comercial	926
RES - VME		Cabotaje	Av. General	925
RES - VME	Ejército Argentino	Cabotaje	Av. General	925
RES - VME	Fuerza Aérea Argentina	Cabotaje	Av. General	925
LCM - PSS		Cabotaje	Av. General	924
RCU - SLA		Cabotaje	Av. General	924
RCU - SLA		Cabotaje	Comercial	924
RCU - SLA	Andes Líneas Aéreas	Cabotaje	Comercial	924
RCU - SLA	Fuerza Aérea Argentina	Cabotaje	Av. General	924
RCU - SLA	N/A	Cabotaje	Av. General	924
RCU - SLA	N/A	Cabotaje	Comercial	924
IGR - RAF		Cabotaje	Av. General	924
IGR - RAF		Cabotaje	Comercial	924
IGR - RAF	N/A	Cabotaje	Av. General	924
IGR - RAF	N/A	Cabotaje	Comercial	924
FDO - SDE		Cabotaje	Av. General	922
FDO - SDE		Cabotaje	Comercial	922
FDO - SDE	American Jet	Cabotaje	Av. General	922
FDO - SDE	American Jet	Cabotaje	Comercial	922
FDO - SDE	Ameriflight	Cabotaje	Av. General	922
FDO - SDE	Gendarmería Nacional	Cabotaje	Av. General	922
FDO - SDE	Línea Aérea SAPSA	Cabotaje	Av. General	922
FDO - SDE	Línea Aérea SAPSA	Cabotaje	Comercial	922
FDO - SDE	N/A	Cabotaje	Av. General	922
FDO - SDE	N/A	Cabotaje	Comercial	922
FDO - SDE	Prefectura Naval Argentina	Cabotaje	Av. General	922
COR - NQN		Cabotaje	Av. General	922
COR - NQN		Cabotaje	Comercial	922
COR - NQN	Aerolíneas Argentinas	Cabotaje	Comercial	922
COR - NQN	American Jet	Cabotaje	Av. General	922
COR - NQN	American Jet	Cabotaje	Comercial	922
COR - NQN	Andes Líneas Aéreas	Cabotaje	Comercial	922
COR - NQN	Austral Líneas Aéreas	Cabotaje	Comercial	922
COR - NQN	Ejército Argentino	Cabotaje	Av. General	922
COR - NQN	Flybondi	Cabotaje	Comercial	922
COR - NQN	Fuerza Aérea Argentina	Cabotaje	Av. General	922
COR - NQN	JetSMART Airlines	Cabotaje	Comercial	922
COR - NQN	LADE - Líneas Aéreas Del Estado	Cabotaje	Av. General	922
COR - NQN	LADE - Líneas Aéreas Del Estado	Cabotaje	Comercial	922
COR - NQN	Línea Aérea SAPSA	Cabotaje	Av. General	922
COR - NQN	Línea Aérea SAPSA	Cabotaje	Comercial	922
COR - NQN	N/A	Cabotaje	Av. General	922
COR - NQN	N/A	Cabotaje	Comercial	922
COR - NQN	SOL Líneas Aéreas	Cabotaje	Comercial	922
COR - ENO	N/A	Internacional	Av. General	921
IGU - SFN	N/A	Internacional	Av. General	919
AFA - TUC		Cabotaje	Av. General	918
AFA - TUC		Cabotaje	Comercial	918
AFA - TUC	N/A	Cabotaje	Av. General	918
AFA - TUC	N/A	Cabotaje	Comercial	918
FDO - FMA		Cabotaje	Av. General	918
FDO - FMA		Cabotaje	Comercial	918
FDO - FMA	Aerolíneas Argentinas	Cabotaje	Comercial	918
FDO - FMA	American Jet	Cabotaje	Av. General	918
FDO - FMA	American Jet	Cabotaje	Comercial	918
FDO - FMA	Ejército Argentino	Cabotaje	Av. General	918
FDO - FMA	Gendarmería Nacional	Cabotaje	Av. General	918
FDO - FMA	Línea Aérea SAPSA	Cabotaje	Av. General	918
FDO - FMA	Línea Aérea SAPSA	Cabotaje	Comercial	918
FDO - FMA	Macair Jet	Cabotaje	Comercial	918
FDO - FMA	N/A	Cabotaje	Av. General	918
FDO - FMA	N/A	Cabotaje	Comercial	918
FDO - FMA	Prefectura Naval Argentina	Cabotaje	Av. General	918
PDU - TUC		Internacional	Av. General	917
PDU - TUC	Avianca Uruguay	Internacional	Av. General	917
JUJ - SFN		Cabotaje	Av. General	917
JUJ - SFN		Cabotaje	Comercial	917
JUJ - SFN	American Jet	Cabotaje	Comercial	917
JUJ - SFN	N/A	Cabotaje	Av. General	917
JUJ - SFN	N/A	Cabotaje	Comercial	917
KNA - TUC	N/A	Internacional	Av. General	916
GNR - ROS		Cabotaje	Av. General	916
GNR - ROS	Ejército Argentino	Cabotaje	Av. General	916
GNR - ROS	N/A	Cabotaje	Av. General	916
GNR - ROS	N/A	Cabotaje	Comercial	916
EQS - RSA		Cabotaje	Av. General	916
EQS - RSA	N/A	Cabotaje	Av. General	916
EQS - RSA	N/A	Cabotaje	Comercial	916
EQS - RSA	Prefectura Naval Argentina	Cabotaje	Av. General	916
IGR - SJK		Internacional	Av. General	916
IGR - SJK	N/A	Internacional	Av. General	916
AEP - AFA		Cabotaje	Av. General	915
AEP - AFA		Cabotaje	Comercial	915
AEP - AFA	Aerolíneas Argentinas	Cabotaje	Av. General	915
AEP - AFA	Aerolíneas Argentinas	Cabotaje	Comercial	915
AEP - AFA	American Jet	Cabotaje	Comercial	915
AEP - AFA	Austral Líneas Aéreas	Cabotaje	Av. General	915
AEP - AFA	Austral Líneas Aéreas	Cabotaje	Comercial	915
AEP - AFA	Avianca	Cabotaje	Av. General	915
AEP - AFA	Avianca	Cabotaje	Comercial	915
AEP - AFA	Benair	Cabotaje	Av. General	915
AEP - AFA	Benair	Cabotaje	Comercial	915
AEP - AFA	Ejército Argentino	Cabotaje	Av. General	915
AEP - AFA	Flybondi	Cabotaje	Comercial	915
AEP - AFA	LATAM Argentina	Cabotaje	Comercial	915
AEP - AFA	N/A	Cabotaje	Av. General	915
AEP - AFA	N/A	Cabotaje	Comercial	915
AEP - AFA	Norwegian Air Argentina	Cabotaje	Comercial	915
PRA - SLA		Cabotaje	Av. General	915
PRA - SLA		Cabotaje	Comercial	915
PRA - SLA	American Jet	Cabotaje	Comercial	915
PRA - SLA	Ejército Argentino	Cabotaje	Av. General	915
PRA - SLA	Fuerza Aérea Argentina	Cabotaje	Av. General	915
PRA - SLA	N/A	Cabotaje	Av. General	915
PRA - SLA	N/A	Cabotaje	Comercial	915
FDO - VRG		Cabotaje	Av. General	915
LGS - SFN	Fuerza Aérea Argentina	Cabotaje	Av. General	915
FMA - IRJ		Cabotaje	Av. General	914
FMA - IRJ	Fuerza Aérea Argentina	Cabotaje	Av. General	914
FMA - IRJ	N/A	Cabotaje	Av. General	914
FMA - IRJ	N/A	Cabotaje	Comercial	914
BRC - KNA	N/A	Internacional	Comercial	913
ENO - TUC	N/A	Internacional	Av. General	913
FDO - PFB	N/A	Internacional	Av. General	912
SCL - TUC		Internacional	Av. General	911
SCL - TUC		Internacional	Comercial	911
SCL - TUC	Aeroandina	Internacional	Av. General	911
SCL - TUC	Aeroandina	Internacional	Comercial	911
SCL - TUC	Aerocardal	Internacional	Av. General	911
SCL - TUC	Aerovías DAP	Internacional	Av. General	911
SCL - TUC	Aerovías DAP	Internacional	Comercial	911
SCL - TUC	Atlas Air	Internacional	Av. General	911
SCL - TUC	Atlas Air	Internacional	Comercial	911
SCL - TUC	Centurion Air Cargo	Internacional	Comercial	911
SCL - TUC	Florida West International Airways	Internacional	Comercial	911
SCL - TUC	Kalitta Air	Internacional	Comercial	911
SCL - TUC	LATAM	Internacional	Av. General	911
SCL - TUC	LATAM	Internacional	Comercial	911
SCL - TUC	N/A	Internacional	Av. General	911
SCL - TUC	N/A	Internacional	Comercial	911
SCL - TUC	SkyLease Cargo	Internacional	Comercial	911
SCL - TUC	TAM Linhas Aéreas	Internacional	Comercial	911
POA - PRA	N/A	Internacional	Comercial	911
COR - PSS		Cabotaje	Av. General	911
COR - PSS		Cabotaje	Comercial	911
COR - PSS	Aerolíneas Argentinas	Cabotaje	Comercial	911
COR - PSS	American Jet	Cabotaje	Av. General	911
COR - PSS	American Jet	Cabotaje	Comercial	911
COR - PSS	Austral Líneas Aéreas	Cabotaje	Comercial	911
COR - PSS	Ejército Argentino	Cabotaje	Av. General	911
COR - PSS	Flybondi	Cabotaje	Comercial	911
COR - PSS	Fuerza Aérea Argentina	Cabotaje	Av. General	911
COR - PSS	LATAM	Cabotaje	Av. General	911
COR - PSS	N/A	Cabotaje	Av. General	911
COR - PSS	N/A	Cabotaje	Comercial	911
ASU - ROS		Internacional	Av. General	910
ASU - ROS		Internacional	Comercial	910
ASU - ROS	Aerolíneas Argentinas	Internacional	Comercial	910
ASU - ROS	Air Nostrum	Internacional	Av. General	910
ASU - ROS	Amaszonas	Internacional	Av. General	910
ASU - ROS	Amaszonas	Internacional	Comercial	910
ASU - ROS	American Jet	Internacional	Av. General	910
ASU - ROS	American Jet	Internacional	Comercial	910
ASU - ROS	Copa Airlines	Internacional	Comercial	910
ASU - ROS	Flybondi	Internacional	Comercial	910
ASU - ROS	Flyest	Internacional	Comercial	910
ASU - ROS	Fuerza Aérea Paraguaya	Internacional	Av. General	910
ASU - ROS	Jet Aviation	Internacional	Av. General	910
ASU - ROS	LATAM Paraguay	Internacional	Comercial	910
ASU - ROS	LTU International	Internacional	Av. General	910
ASU - ROS	N/A	Internacional	Av. General	910
ASU - ROS	N/A	Internacional	Comercial	910
BHI - COC	N/A	Cabotaje	Av. General	910
BHI - COC	N/A	Cabotaje	Comercial	910
CWB - FMA	American Jet	Internacional	Comercial	910
COR - ORA		Cabotaje	Av. General	910
COR - ORA	American Jet	Cabotaje	Comercial	910
COR - ORA	Ejército Argentino	Cabotaje	Av. General	910
COR - ORA	Gendarmería Nacional	Cabotaje	Av. General	910
COR - ORA	N/A	Cabotaje	Av. General	910
COR - ORA	N/A	Cabotaje	Comercial	910
COR - GNR		Cabotaje	Av. General	909
COR - GNR		Cabotaje	Comercial	909
COR - GNR	N/A	Cabotaje	Av. General	909
COR - GNR	N/A	Cabotaje	Comercial	909
ROS - VDM		Cabotaje	Av. General	908
ROS - VDM		Cabotaje	Comercial	908
ROS - VDM	Fuerza Aérea Argentina	Cabotaje	Av. General	908
ROS - VDM	N/A	Cabotaje	Av. General	908
ROS - VDM	N/A	Cabotaje	Comercial	908
MVD - VDM	Fuerza Aérea Uruguaya	Internacional	Av. General	908
IGR - SFN		Cabotaje	Av. General	908
IGR - SFN		Cabotaje	Comercial	908
IGR - SFN	Aerolíneas Argentinas	Cabotaje	Comercial	908
IGR - SFN	American Jet	Cabotaje	Comercial	908
IGR - SFN	Ejército Argentino	Cabotaje	Av. General	908
IGR - SFN	N/A	Cabotaje	Av. General	908
IGR - SFN	N/A	Cabotaje	Comercial	908
AGT - SFN		Internacional	Av. General	908
PSS - TUC		Cabotaje	Av. General	907
PSS - TUC		Cabotaje	Comercial	907
PSS - TUC	Gendarmería Nacional	Cabotaje	Av. General	907
PSS - TUC	Gestair	Cabotaje	Av. General	907
PSS - TUC	Helicol	Cabotaje	Av. General	907
PSS - TUC	N/A	Cabotaje	Av. General	907
PSS - TUC	N/A	Cabotaje	Comercial	907
PDP - RES		Internacional	Av. General	906
PDP - RES		Internacional	Comercial	906
PDP - RES	N/A	Internacional	Av. General	906
SLA - TCQ	Bell Helicopter Textron	Internacional	Av. General	905
SLA - TCQ	Fuerza Aérea Argentina	Internacional	Av. General	905
SLA - TCQ	N/A	Internacional	Av. General	905
IGU - PRA		Internacional	Av. General	904
IGU - PRA		Internacional	Comercial	904
IGU - PRA	Fuerza Aérea Brasilera	Internacional	Av. General	904
IGU - PRA	N/A	Internacional	Av. General	904
MDZ - OVR		Cabotaje	Av. General	904
MDZ - OVR		Cabotaje	Comercial	904
MDZ - OVR	N/A	Cabotaje	Av. General	904
MDZ - OVR	N/A	Cabotaje	Comercial	904
GHU - IGR		Cabotaje	Comercial	904
AFA - EZE		Cabotaje	Av. General	903
AFA - EZE		Cabotaje	Comercial	903
AFA - EZE	Aerolíneas Argentinas	Cabotaje	Comercial	903
AFA - EZE	American Jet	Cabotaje	Av. General	903
AFA - EZE	American Jet	Cabotaje	Comercial	903
AFA - EZE	Andes Líneas Aéreas	Cabotaje	Comercial	903
AFA - EZE	Austral Líneas Aéreas	Cabotaje	Comercial	903
AFA - EZE	N/A	Cabotaje	Av. General	903
AFA - EZE	N/A	Cabotaje	Comercial	903
IGR - NCJ		Cabotaje	Av. General	903
IGR - NCJ		Cabotaje	Comercial	903
IGR - NCJ	N/A	Cabotaje	Av. General	903
IGR - NCJ	N/A	Cabotaje	Comercial	903
COR - SST	N/A	Cabotaje	Av. General	903
COR - SST	N/A	Cabotaje	Comercial	903
AEP - OES		Cabotaje	Av. General	902
AEP - OES		Cabotaje	Comercial	902
AEP - OES	Aerolíneas Argentinas	Cabotaje	Comercial	902
AEP - OES	Austral Líneas Aéreas	Cabotaje	Comercial	902
AEP - OES	Flybondi	Cabotaje	Comercial	902
AEP - OES	Línea Aérea SAPSA	Cabotaje	Av. General	902
AEP - OES	Línea Aérea SAPSA	Cabotaje	Comercial	902
AEP - OES	N/A	Cabotaje	Av. General	902
AEP - OES	N/A	Cabotaje	Comercial	902
FDO - OES		Cabotaje	Av. General	902
FDO - OES		Cabotaje	Comercial	902
FDO - OES	Línea Aérea SAPSA	Cabotaje	Comercial	902
FDO - OES	N/A	Cabotaje	Av. General	902
FDO - OES	N/A	Cabotaje	Comercial	902
FDO - OES	Prefectura Naval Argentina	Cabotaje	Av. General	902
CTC - RSA		Cabotaje	Av. General	900
CTC - RSA		Cabotaje	Comercial	900
CTC - RSA	N/A	Cabotaje	Av. General	900
AFA - FDO		Cabotaje	Av. General	900
AFA - FDO		Cabotaje	Comercial	900
AFA - FDO	American Jet	Cabotaje	Av. General	900
AFA - FDO	American Jet	Cabotaje	Comercial	900
AFA - FDO	Benair	Cabotaje	Av. General	900
AFA - FDO	Línea Aérea SAPSA	Cabotaje	Av. General	900
AFA - FDO	Línea Aérea SAPSA	Cabotaje	Comercial	900
AFA - FDO	N/A	Cabotaje	Av. General	900
AFA - FDO	N/A	Cabotaje	Comercial	900
PMQ - VDM		Cabotaje	Av. General	899
PMQ - VDM		Cabotaje	Comercial	899
PMQ - VDM	American Jet	Cabotaje	Comercial	899
BHI - CRD		Cabotaje	Av. General	898
BHI - CRD		Cabotaje	Comercial	898
BHI - CRD	Aerolíneas Argentinas	Cabotaje	Comercial	898
BHI - CRD	American Jet	Cabotaje	Av. General	898
BHI - CRD	American Jet	Cabotaje	Comercial	898
BHI - CRD	Armada Argentina	Cabotaje	Av. General	898
BHI - CRD	Austral Líneas Aéreas	Cabotaje	Comercial	898
BHI - CRD	Ejército Argentino	Cabotaje	Av. General	898
BHI - CRD	Flyest	Cabotaje	Comercial	898
BHI - CRD	Fuerza Aérea Argentina	Cabotaje	Av. General	898
BHI - CRD	Gendarmería Nacional	Cabotaje	Av. General	898
BHI - CRD	LADE - Líneas Aéreas Del Estado	Cabotaje	Av. General	898
BHI - CRD	LADE - Líneas Aéreas Del Estado	Cabotaje	Comercial	898
BHI - CRD	LATAM Argentina	Cabotaje	Comercial	898
BHI - CRD	N/A	Cabotaje	Av. General	898
BHI - CRD	N/A	Cabotaje	Comercial	898
BHI - CRD	Prefectura Naval Argentina	Cabotaje	Av. General	898
BHI - CRD	SOL Líneas Aéreas	Cabotaje	Comercial	898
ASU - CTC		Internacional	Comercial	898
BRC - CSZ		Cabotaje	Av. General	898
BRC - CSZ		Cabotaje	Comercial	898
BRC - CSZ	Dassault Aviation	Cabotaje	Comercial	898
BRC - CSZ	N/A	Cabotaje	Av. General	898
BRC - CSZ	N/A	Cabotaje	Comercial	898
AFA - EPA		Cabotaje	Av. General	897
AFA - EPA	Fuerza Aérea Argentina	Cabotaje	Av. General	897
AFA - EPA	N/A	Cabotaje	Av. General	897
LUQ - VDM		Cabotaje	Av. General	896
LUQ - VDM		Cabotaje	Comercial	896
LUQ - VDM	N/A	Cabotaje	Av. General	896
LUQ - VDM	N/A	Cabotaje	Comercial	896
CGR - RES		Internacional	Av. General	896
CGR - RES	Fuerza Aérea Brasilera	Internacional	Av. General	896
CGR - RES	N/A	Internacional	Av. General	896
PDI - RES		Cabotaje	Av. General	896
PDI - RES		Cabotaje	Comercial	896
CNQ - PDP		Internacional	Av. General	896
CNQ - PDP		Internacional	Comercial	896
CNQ - PDP	N/A	Internacional	Av. General	896
CNQ - PDP	N/A	Internacional	Comercial	896
RCQ - TDL		Cabotaje	Av. General	895
RCQ - TDL	Fuerza Aérea Argentina	Cabotaje	Av. General	895
AFA - MOR		Cabotaje	Av. General	894
AFA - MOR		Cabotaje	Comercial	894
AFA - MOR	N/A	Cabotaje	Av. General	894
EPA - PRQ	Fuerza Aérea Argentina	Cabotaje	Av. General	894
EPA - PRQ	Gendarmería Nacional	Cabotaje	Av. General	894
IGR - PRA		Cabotaje	Av. General	893
IGR - PRA		Cabotaje	Comercial	893
IGR - PRA	Ejército Argentino	Cabotaje	Av. General	893
IGR - PRA	Fuerza Aérea Argentina	Cabotaje	Av. General	893
IGR - PRA	Línea Aérea de Entre Ríos SE (LAER)	Cabotaje	Av. General	893
IGR - PRA	Línea Aérea SAPSA	Cabotaje	Av. General	893
IGR - PRA	Línea Aérea SAPSA	Cabotaje	Comercial	893
IGR - PRA	N/A	Cabotaje	Av. General	893
IGR - PRA	N/A	Cabotaje	Comercial	893
IGR - PRA	Prefectura Naval Argentina	Cabotaje	Av. General	893
AEP - PRQ		Cabotaje	Av. General	892
AEP - PRQ		Cabotaje	Comercial	892
AEP - PRQ	Ejército Argentino	Cabotaje	Av. General	892
AEP - PRQ	Fuerza Aérea Argentina	Cabotaje	Av. General	892
AEP - PRQ	Gendarmería Nacional	Cabotaje	Av. General	892
AEP - PRQ	N/A	Cabotaje	Av. General	892
AEP - PRQ	N/A	Cabotaje	Comercial	892
AEP - PRQ	Prefectura Naval Argentina	Cabotaje	Av. General	892
RDS - ROS		Cabotaje	Av. General	891
CNQ - PDI	Prefectura Naval Argentina	Cabotaje	Av. General	891
CRD - RGA		Cabotaje	Av. General	890
CRD - RGA		Cabotaje	Comercial	890
CRD - RGA	Aerolíneas Argentinas	Cabotaje	Comercial	890
CRD - RGA	American Jet	Cabotaje	Av. General	890
CRD - RGA	American Jet	Cabotaje	Comercial	890
CRD - RGA	Armada Argentina	Cabotaje	Av. General	890
CRD - RGA	Ejército Argentino	Cabotaje	Av. General	890
CRD - RGA	Fly Linhas Aéreas	Cabotaje	Av. General	890
CRD - RGA	Flybondi	Cabotaje	Comercial	890
CRD - RGA	Fuerza Aérea Argentina	Cabotaje	Av. General	890
CRD - RGA	Gendarmería Nacional	Cabotaje	Av. General	890
CRD - RGA	LADE - Líneas Aéreas Del Estado	Cabotaje	Av. General	890
CRD - RGA	LADE - Líneas Aéreas Del Estado	Cabotaje	Comercial	890
CRD - RGA	Macair Jet	Cabotaje	Av. General	890
CRD - RGA	N/A	Cabotaje	Av. General	890
CRD - RGA	N/A	Cabotaje	Comercial	890
CRD - RGA	Prefectura Naval Argentina	Cabotaje	Av. General	890
CRD - RGA	SOL Líneas Aéreas	Cabotaje	Comercial	890
SFN - SLA		Cabotaje	Av. General	890
SFN - SLA		Cabotaje	Comercial	890
SFN - SLA	Aerolíneas Argentinas	Cabotaje	Comercial	890
SFN - SLA	American Jet	Cabotaje	Av. General	890
SFN - SLA	American Jet	Cabotaje	Comercial	890
SFN - SLA	N/A	Cabotaje	Av. General	890
SFN - SLA	N/A	Cabotaje	Comercial	890
BHI - MDZ		Cabotaje	Av. General	887
BHI - MDZ		Cabotaje	Comercial	887
BHI - MDZ	Aerolíneas Argentinas	Cabotaje	Comercial	887
BHI - MDZ	American Jet	Cabotaje	Av. General	887
BHI - MDZ	American Jet	Cabotaje	Comercial	887
BHI - MDZ	Austral Líneas Aéreas	Cabotaje	Comercial	887
BHI - MDZ	Ejército Argentino	Cabotaje	Av. General	887
BHI - MDZ	Fuerza Aérea Argentina	Cabotaje	Av. General	887
BHI - MDZ	N/A	Cabotaje	Av. General	887
BHI - MDZ	N/A	Cabotaje	Comercial	887
BHI - EQS		Cabotaje	Av. General	887
BHI - EQS		Cabotaje	Comercial	887
BHI - EQS	Aerolíneas Argentinas	Cabotaje	Comercial	887
BHI - EQS	Armada Argentina	Cabotaje	Av. General	887
BHI - EQS	Ejército Argentino	Cabotaje	Av. General	887
BHI - EQS	Fuerza Aérea Argentina	Cabotaje	Av. General	887
BHI - EQS	Gendarmería Nacional	Cabotaje	Av. General	887
BHI - EQS	N/A	Cabotaje	Av. General	887
BHI - EQS	N/A	Cabotaje	Comercial	887
BHI - EQS	Prefectura Naval Argentina	Cabotaje	Av. General	887
JUJ - TCQ	Fuerza Aérea Argentina	Internacional	Av. General	887
BRC - GPO		Cabotaje	Av. General	885
BRC - GPO		Cabotaje	Comercial	885
BRC - GPO	Fuerza Aérea Argentina	Cabotaje	Av. General	885
BRC - GPO	N/A	Cabotaje	Av. General	885
BRC - GPO	N/A	Cabotaje	Comercial	885
GPO - SDE		Cabotaje	Av. General	884
GNR - MDQ		Cabotaje	Av. General	883
GNR - MDQ		Cabotaje	Comercial	883
GNR - MDQ	N/A	Cabotaje	Av. General	883
GNR - MDQ	N/A	Cabotaje	Comercial	883
LGS - OYO	N/A	Cabotaje	Av. General	883
PSS - RHD		Cabotaje	Av. General	883
PSS - RHD		Cabotaje	Comercial	883
PSS - RHD	N/A	Cabotaje	Av. General	883
SCL - SDE		Internacional	Comercial	881
SCL - SDE	N/A	Internacional	Av. General	881
EZE - QNS	Aerolíneas Argentinas	Internacional	Comercial	881
EZE - QNS	Austral Líneas Aéreas	Internacional	Comercial	881
EZE - QNS	Gol Transportes Aéreos	Internacional	Comercial	881
EZE - QNS	N/A	Internacional	Comercial	881
ARI - SLA		Internacional	Av. General	881
ARI - SLA		Internacional	Comercial	881
ARI - SLA	American Jet	Internacional	Av. General	881
ARI - SLA	Execujet Charter	Internacional	Av. General	881
ARI - SLA	N/A	Internacional	Av. General	881
AFA - ENO		Cabotaje	Av. General	881
CGR - CNQ		Internacional	Av. General	881
CGR - CNQ		Internacional	Comercial	881
CGR - CNQ	N/A	Internacional	Av. General	881
MDX - SLA		Cabotaje	Comercial	880
MDX - SLA	Fuerza Aérea Argentina	Cabotaje	Av. General	880
MDX - SLA	N/A	Cabotaje	Av. General	880
MDX - SLA	N/A	Cabotaje	Comercial	880
JUJ - MDX	N/A	Cabotaje	Comercial	879
RCQ - UAQ		Cabotaje	Av. General	879
RCQ - UAQ		Cabotaje	Comercial	879
RCQ - UAQ	N/A	Cabotaje	Av. General	879
RCQ - UAQ	N/A	Cabotaje	Comercial	879
AFA - TDL	Fuerza Aérea Argentina	Cabotaje	Av. General	878
AFA - TDL	N/A	Cabotaje	Av. General	878
FDO - PRQ		Cabotaje	Av. General	877
FDO - PRQ		Cabotaje	Comercial	877
FDO - PRQ	American Jet	Cabotaje	Av. General	877
FDO - PRQ	American Jet	Cabotaje	Comercial	877
FDO - PRQ	Gendarmería Nacional	Cabotaje	Av. General	877
FDO - PRQ	N/A	Cabotaje	Av. General	877
FDO - PRQ	N/A	Cabotaje	Comercial	877
COR - HOS		Cabotaje	Av. General	877
COR - HOS	American Jet	Cabotaje	Comercial	877
MDQ - REL		Cabotaje	Av. General	876
MDQ - REL		Cabotaje	Comercial	876
MDQ - REL	Aerolíneas Argentinas	Cabotaje	Comercial	876
MDQ - REL	American Jet	Cabotaje	Comercial	876
MDQ - REL	Armada Argentina	Cabotaje	Av. General	876
MDQ - REL	BETA - Brazilian Express Transportes Aéreos	Cabotaje	Av. General	876
MDQ - REL	Brazilian Air Force	Cabotaje	Av. General	876
MDQ - REL	Ejército Argentino	Cabotaje	Av. General	876
MDQ - REL	Fuerza Aérea Argentina	Cabotaje	Av. General	876
MDQ - REL	Fuerza Aérea Brasilera	Cabotaje	Av. General	876
MDQ - REL	LADE - Líneas Aéreas Del Estado	Cabotaje	Av. General	876
MDQ - REL	LADE - Líneas Aéreas Del Estado	Cabotaje	Comercial	876
MDQ - REL	N/A	Cabotaje	Av. General	876
MDQ - REL	N/A	Cabotaje	Comercial	876
MDQ - REL	SOL Líneas Aéreas	Cabotaje	Comercial	876
EZE - POA		Internacional	Comercial	876
EZE - POA	Aerocardal	Internacional	Comercial	876
EZE - POA	Aerolíneas Argentinas	Internacional	Comercial	876
EZE - POA	Air Europa	Internacional	Comercial	876
EZE - POA	American Airlines	Internacional	Comercial	876
EZE - POA	American Jet	Internacional	Comercial	876
EZE - POA	Andes Líneas Aéreas	Internacional	Comercial	876
EZE - POA	Austral Líneas Aéreas	Internacional	Comercial	876
EZE - POA	Avianca	Internacional	Comercial	876
EZE - POA	Azul Linhas Aéreas Brasileiras	Internacional	Comercial	876
EZE - POA	BETA - Brazilian Express Transportes Aéreos	Internacional	Av. General	876
EZE - POA	Centurion Air Cargo	Internacional	Comercial	876
EZE - POA	Flybondi	Internacional	Comercial	876
EZE - POA	Flyest	Internacional	Comercial	876
EZE - POA	Gol Transportes Aéreos	Internacional	Comercial	876
EZE - POA	LATAM	Internacional	Av. General	876
EZE - POA	LATAM	Internacional	Comercial	876
EZE - POA	LATAM Argentina	Internacional	Comercial	876
EZE - POA	LATAM Cargo Uruguay	Internacional	Comercial	876
EZE - POA	N/A	Internacional	Av. General	876
EZE - POA	N/A	Internacional	Comercial	876
EZE - POA	NetJets	Internacional	Av. General	876
EZE - POA	Planet Airways	Internacional	Comercial	876
EZE - POA	Qatar Airways	Internacional	Comercial	876
EZE - POA	Swiftair	Internacional	Comercial	876
EZE - POA	TAG Aviation UK	Internacional	Av. General	876
EZE - POA	TAM Linhas Aéreas	Internacional	Comercial	876
EZE - POA	Titan Airways	Internacional	Comercial	876
EZE - POA	Transportes Aéreos Bolivianos	Internacional	Comercial	876
NQN - PMQ		Cabotaje	Av. General	876
NQN - PMQ		Cabotaje	Comercial	876
NQN - PMQ	American Jet	Cabotaje	Comercial	876
NQN - PMQ	N/A	Cabotaje	Comercial	876
ENO - EZE		Internacional	Comercial	874
ENO - EZE	Flybondi	Internacional	Comercial	874
ENO - EZE	N/A	Internacional	Comercial	874
RCU - VDM		Cabotaje	Av. General	874
RCU - VDM		Cabotaje	Comercial	874
RCU - VDM	N/A	Cabotaje	Av. General	874
RCU - VDM	N/A	Cabotaje	Comercial	874
EPA - QNS	Fuerza Aérea Argentina	Internacional	Av. General	873
EZE - OES	Aerolíneas Argentinas	Cabotaje	Comercial	873
CPC - VME		Cabotaje	Av. General	872
CPC - VME		Cabotaje	Comercial	872
CPC - VME	N/A	Cabotaje	Av. General	872
CPC - VME	N/A	Cabotaje	Comercial	872
IQQ - TUC		Internacional	Av. General	872
IQQ - TUC		Internacional	Comercial	872
IQQ - TUC	N/A	Internacional	Av. General	872
COC - IRJ	N/A	Cabotaje	Av. General	872
MVD - RES		Internacional	Av. General	871
MVD - RES	Andes Líneas Aéreas	Internacional	Comercial	871
MVD - RES	Avianca	Internacional	Comercial	871
MVD - RES	Fuerza Aérea Uruguaya	Internacional	Av. General	871
MVD - RES	N/A	Internacional	Av. General	871
MVD - RES	N/A	Internacional	Comercial	871
BHI - EHL		Cabotaje	Av. General	871
BHI - EHL		Cabotaje	Comercial	871
BHI - EHL	N/A	Cabotaje	Comercial	871
PEH - REL		Cabotaje	Av. General	871
CPC - LUQ		Cabotaje	Av. General	869
CPC - VMA		Cabotaje	Av. General	869
CPC - LUQ		Cabotaje	Comercial	869
CPC - LUQ	N/A	Cabotaje	Av. General	869
CPC - VMA	N/A	Cabotaje	Av. General	869
CPC - LUQ	N/A	Cabotaje	Comercial	869
PDP - RCU		Internacional	Av. General	869
PDP - RCU	N/A	Internacional	Av. General	869
EPA - POA	Flybondi	Internacional	Comercial	868
EPA - POA	N/A	Internacional	Comercial	868
RHD - SCL	LATAM Argentina	Internacional	Comercial	867
BHI - NCJ	N/A	Cabotaje	Comercial	867
LUQ - PDI	Fuerza Aérea Argentina	Cabotaje	Av. General	865
ARI - JUJ		Internacional	Av. General	865
ARI - JUJ	N/A	Internacional	Av. General	865
BRC - SCL		Internacional	Av. General	864
BRC - SCL		Internacional	Comercial	864
BRC - SCL	ACM Air Charter	Internacional	Comercial	864
BRC - SCL	Aerocardal	Internacional	Av. General	864
BRC - SCL	Aerocardal	Internacional	Comercial	864
BRC - SCL	Aerovías DAP	Internacional	Comercial	864
BRC - SCL	American Jet	Internacional	Comercial	864
BRC - SCL	Andes Líneas Aéreas	Internacional	Comercial	864
BRC - SCL	Execujet Charter	Internacional	Comercial	864
BRC - SCL	Helijet	Internacional	Av. General	864
BRC - SCL	Jet Aviation	Internacional	Comercial	864
BRC - SCL	JetSMART Airlines	Internacional	Comercial	864
BRC - SCL	LATAM	Internacional	Comercial	864
BRC - SCL	LATAM Argentina	Internacional	Av. General	864
BRC - SCL	LATAM Argentina	Internacional	Comercial	864
BRC - SCL	Lauda Air	Internacional	Comercial	864
BRC - SCL	N/A	Internacional	Av. General	864
BRC - SCL	N/A	Internacional	Comercial	864
BRC - SCL	Sky Airline	Internacional	Comercial	864
BRC - SCL	Starlink Aviation	Internacional	Comercial	864
BRC - SCL	Volga-Dnepr Airlines	Internacional	Av. General	864
BRC - SCL	Volga-Dnepr Airlines	Internacional	Comercial	864
LPG - PSS		Cabotaje	Av. General	864
LPG - PSS		Cabotaje	Comercial	864
LPG - PSS	N/A	Cabotaje	Av. General	864
LPG - PSS	N/A	Cabotaje	Comercial	864
EHL - RSA		Cabotaje	Av. General	863
EHL - RSA	N/A	Cabotaje	Av. General	863
EZE - PSS		Cabotaje	Av. General	863
JUJ - UAQ		Cabotaje	Av. General	863
EZE - PSS		Cabotaje	Comercial	863
JUJ - UAQ		Cabotaje	Comercial	863
EZE - PSS	Aerolíneas Argentinas	Cabotaje	Comercial	863
JUJ - UAQ	Aerolíneas Argentinas	Cabotaje	Comercial	863
EZE - PSS	American Jet	Cabotaje	Av. General	863
JUJ - UAQ	American Jet	Cabotaje	Av. General	863
EZE - PSS	American Jet	Cabotaje	Comercial	863
JUJ - UAQ	American Jet	Cabotaje	Comercial	863
EZE - PSS	Andes Líneas Aéreas	Cabotaje	Av. General	863
EZE - PSS	Andes Líneas Aéreas	Cabotaje	Comercial	863
EZE - PSS	Austral Líneas Aéreas	Cabotaje	Comercial	863
EZE - PSS	Flybondi	Cabotaje	Comercial	863
JUJ - UAQ	Flybondi	Cabotaje	Comercial	863
JUJ - UAQ	Flyest	Cabotaje	Comercial	863
EZE - PSS	Fuerza Aérea Argentina	Cabotaje	Av. General	863
JUJ - UAQ	Fuerza Aérea Argentina	Cabotaje	Av. General	863
EZE - PSS	Gestair	Cabotaje	Av. General	863
EZE - PSS	JetSMART Airlines	Cabotaje	Comercial	863
JUJ - UAQ	LADE - Líneas Aéreas Del Estado	Cabotaje	Av. General	863
EZE - PSS	Macair Jet	Cabotaje	Av. General	863
EZE - PSS	Macair Jet	Cabotaje	Comercial	863
EZE - PSS	N/A	Cabotaje	Av. General	863
JUJ - UAQ	N/A	Cabotaje	Av. General	863
EZE - PSS	N/A	Cabotaje	Comercial	863
JUJ - UAQ	N/A	Cabotaje	Comercial	863
CNQ - MVD		Internacional	Av. General	863
CNQ - MVD		Internacional	Comercial	863
CNQ - MVD	N/A	Internacional	Av. General	863
COR - OYO		Cabotaje	Av. General	862
COR - OYO	N/A	Cabotaje	Av. General	862
FDO - QNS		Internacional	Comercial	862
AFA - RHD		Cabotaje	Av. General	859
LGS - ROS		Cabotaje	Av. General	859
LGS - ROS		Cabotaje	Comercial	859
LGS - ROS	N/A	Cabotaje	Av. General	859
LGS - ROS	N/A	Cabotaje	Comercial	859
MDQ - NCJ		Cabotaje	Av. General	857
MDQ - NCJ	American Jet	Cabotaje	Av. General	857
MDQ - NCJ	American Jet	Cabotaje	Comercial	857
MDQ - NCJ	N/A	Cabotaje	Av. General	857
MDQ - NCJ	N/A	Cabotaje	Comercial	857
COR - MVD		Internacional	Av. General	857
COR - MVD		Internacional	Comercial	857
COR - MVD	Aerolíneas Argentinas	Internacional	Comercial	857
COR - MVD	Amaszonas	Internacional	Comercial	857
COR - MVD	American Airlines	Internacional	Comercial	857
COR - MVD	American Jet	Internacional	Av. General	857
COR - MVD	American Jet	Internacional	Comercial	857
COR - MVD	Andes Líneas Aéreas	Internacional	Comercial	857
COR - MVD	Avianca Uruguay	Internacional	Av. General	857
COR - MVD	Copa Airlines	Internacional	Comercial	857
COR - MVD	Fuerza Aérea Argentina	Internacional	Av. General	857
COR - MVD	Fuerza Aérea Uruguaya	Internacional	Av. General	857
COR - MVD	Gol Transportes Aéreos	Internacional	Comercial	857
COR - MVD	Helicol	Internacional	Av. General	857
COR - MVD	Iberia Airlines	Internacional	Comercial	857
COR - MVD	JetSMART Airlines	Internacional	Comercial	857
COR - MVD	LATAM Argentina	Internacional	Comercial	857
COR - MVD	LATAM Cargo Uruguay	Internacional	Comercial	857
COR - MVD	Macair Jet	Internacional	Av. General	857
COR - MVD	Macair Jet	Internacional	Comercial	857
COR - MVD	N/A	Internacional	Av. General	857
COR - MVD	N/A	Internacional	Comercial	857
COR - MVD	TAG Aviation UK	Internacional	Av. General	857
FDO - POA		Internacional	Av. General	857
FDO - POA		Internacional	Comercial	857
FDO - POA	American Jet	Internacional	Av. General	857
FDO - POA	American Jet	Internacional	Comercial	857
FDO - POA	Cat Aviation	Internacional	Av. General	857
FDO - POA	Dassault Aviation	Internacional	Av. General	857
FDO - POA	Fuerza Aérea Brasilera	Internacional	Av. General	857
FDO - POA	N/A	Internacional	Av. General	857
FDO - POA	N/A	Internacional	Comercial	857
AEP - QNS	American Jet	Internacional	Comercial	855
IRJ - PEH		Cabotaje	Av. General	855
AEP - PIL	N/A	Internacional	Av. General	855
LGS - OVR	N/A	Cabotaje	Av. General	855
LGS - OVR	N/A	Cabotaje	Comercial	855
CPC - CSZ		Cabotaje	Av. General	854
CPC - CSZ		Cabotaje	Comercial	854
CPC - CSZ	N/A	Cabotaje	Av. General	854
AFA - SDE	Fuerza Aérea Argentina	Cabotaje	Av. General	854
AFA - SDE	N/A	Cabotaje	Av. General	854
VLG - VME		Cabotaje	Av. General	852
COC - TUC		Cabotaje	Av. General	851
COC - TUC	N/A	Cabotaje	Av. General	851
COC - TUC	N/A	Cabotaje	Comercial	851
COC - TUC	Prefectura Naval Argentina	Cabotaje	Av. General	851
PMY - RZA		Cabotaje	Comercial	851
PMY - RZA	American Jet	Cabotaje	Comercial	851
PMY - RZA	N/A	Cabotaje	Av. General	851
PMY - RZA	N/A	Cabotaje	Comercial	851
MOR - PSS		Cabotaje	Av. General	851
MOR - PSS	Fuerza Aérea Argentina	Cabotaje	Av. General	851
MOR - PSS	N/A	Cabotaje	Av. General	851
AEP - POA		Internacional	Av. General	850
AEP - POA		Internacional	Comercial	850
AEP - POA	Aerolíneas Argentinas	Internacional	Comercial	850
AEP - POA	American Jet	Internacional	Comercial	850
AEP - POA	Andes Líneas Aéreas	Internacional	Comercial	850
AEP - POA	Austral Líneas Aéreas	Internacional	Comercial	850
AEP - POA	Avianca	Internacional	Comercial	850
AEP - POA	Brazilian Air Force	Internacional	Av. General	850
AEP - POA	Flybondi	Internacional	Comercial	850
AEP - POA	Flyest	Internacional	Comercial	850
AEP - POA	Fuerza Aérea Brasilera	Internacional	Av. General	850
AEP - POA	Gol Transportes Aéreos	Internacional	Comercial	850
AEP - POA	Interjet	Internacional	Av. General	850
AEP - POA	LATAM Argentina	Internacional	Comercial	850
AEP - POA	Macair Jet	Internacional	Comercial	850
AEP - POA	N/A	Internacional	Av. General	850
AEP - POA	N/A	Internacional	Comercial	850
AEP - POA	TAM Linhas Aéreas	Internacional	Comercial	850
GRU - IGR		Internacional	Av. General	849
GRU - IGR		Internacional	Comercial	849
GRU - IGR	American Jet	Internacional	Av. General	849
GRU - IGR	American Jet	Internacional	Comercial	849
GRU - IGR	Andes Líneas Aéreas	Internacional	Comercial	849
GRU - IGR	N/A	Internacional	Av. General	849
GRU - IGR	N/A	Internacional	Comercial	849
EMX - RSA		Cabotaje	Av. General	848
LHS - NQN		Cabotaje	Av. General	847
LHS - NQN	American Jet	Cabotaje	Comercial	847
LHS - NQN	N/A	Cabotaje	Av. General	847
ELO - SFN	N/A	Cabotaje	Comercial	847
BHI - EMX		Cabotaje	Av. General	847
GPO - REL		Cabotaje	Av. General	846
GPO - REL		Cabotaje	Comercial	846
GPO - REL	N/A	Cabotaje	Av. General	846
CVI - NQN		Cabotaje	Av. General	846
MDQ - VME		Cabotaje	Av. General	846
MDQ - VME		Cabotaje	Comercial	846
MDQ - VME	Fuerza Aérea Argentina	Cabotaje	Av. General	846
MDQ - VME	LADE - Líneas Aéreas Del Estado	Cabotaje	Av. General	846
MDQ - VME	N/A	Cabotaje	Av. General	846
MDQ - VME	N/A	Cabotaje	Comercial	846
AFA - VDM		Cabotaje	Av. General	845
AFA - VDM		Cabotaje	Comercial	845
LPG - RES		Cabotaje	Av. General	845
LPG - RES		Cabotaje	Comercial	845
LPG - RES	Armada Argentina	Cabotaje	Av. General	845
LPG - RES	N/A	Cabotaje	Av. General	845
LPG - RES	N/A	Cabotaje	Comercial	845
BHI - COR		Cabotaje	Av. General	845
BHI - COR		Cabotaje	Comercial	845
BHI - COR	Aerolíneas Argentinas	Cabotaje	Comercial	845
BHI - COR	American Jet	Cabotaje	Av. General	845
BHI - COR	American Jet	Cabotaje	Comercial	845
BHI - COR	Armada Argentina	Cabotaje	Av. General	845
BHI - COR	Austral Líneas Aéreas	Cabotaje	Comercial	845
BHI - COR	Ejército Argentino	Cabotaje	Av. General	845
BHI - COR	Flybondi	Cabotaje	Comercial	845
BHI - COR	Fuerza Aérea Argentina	Cabotaje	Av. General	845
BHI - COR	JetSMART Airlines	Cabotaje	Comercial	845
BHI - COR	Macair Jet	Cabotaje	Av. General	845
BHI - COR	Macair Jet	Cabotaje	Comercial	845
BHI - COR	N/A	Cabotaje	Av. General	845
BHI - COR	N/A	Cabotaje	Comercial	845
BHI - COR	Prefectura Naval Argentina	Cabotaje	Av. General	845
BHI - COR	SOL Líneas Aéreas	Cabotaje	Comercial	845
JUJ - RAF		Cabotaje	Av. General	845
JUJ - RAF		Cabotaje	Comercial	845
JUJ - RAF	N/A	Cabotaje	Av. General	845
UAQ - VRG	N/A	Cabotaje	Av. General	844
BRC - PUD		Cabotaje	Comercial	843
BRC - PUD	N/A	Cabotaje	Comercial	843
AEP - ENO		Internacional	Av. General	843
AEP - ENO		Internacional	Comercial	843
AEP - ENO	Gendarmería Nacional	Internacional	Av. General	843
AEP - ENO	N/A	Internacional	Av. General	843
AEP - ENO	N/A	Internacional	Comercial	843
EPA - PSS		Cabotaje	Av. General	843
EPA - PSS		Cabotaje	Comercial	843
EPA - PSS	Ejército Argentino	Cabotaje	Av. General	843
EPA - PSS	Flybondi	Cabotaje	Comercial	843
EPA - PSS	Fuerza Aérea Argentina	Cabotaje	Av. General	843
EPA - PSS	Gendarmería Nacional	Cabotaje	Av. General	843
EPA - PSS	JetSMART Airlines	Cabotaje	Comercial	843
EPA - PSS	N/A	Cabotaje	Av. General	843
EPA - PSS	N/A	Cabotaje	Comercial	843
CNQ - LPG		Cabotaje	Av. General	842
CNQ - LPG		Cabotaje	Comercial	842
CNQ - LPG	N/A	Cabotaje	Av. General	842
CNQ - LPG	N/A	Cabotaje	Comercial	842
PMG - RCQ	N/A	Internacional	Av. General	842
MDQ - PET	Brazilian Air Force	Internacional	Av. General	841
MDQ - PET	Fuerza Aérea Brasilera	Internacional	Av. General	841
MDQ - PET	N/A	Internacional	Av. General	841
RCQ - TTG		Cabotaje	Av. General	841
RCQ - TTG	Fuerza Aérea Argentina	Cabotaje	Av. General	841
RCQ - TTG	N/A	Cabotaje	Av. General	841
APZ - RCU		Cabotaje	Av. General	841
APZ - RCU	N/A	Cabotaje	Av. General	841
CTC - GHU	N/A	Cabotaje	Av. General	841
LUQ - OES	Línea Aérea SAPSA	Cabotaje	Av. General	841
LUQ - OES	N/A	Cabotaje	Av. General	841
CRD - PUQ		Internacional	Av. General	840
CRD - PUQ		Internacional	Comercial	840
CRD - PUQ	Aerovías DAP	Internacional	Av. General	840
CRD - PUQ	Aerovías DAP	Internacional	Comercial	840
CRD - PUQ	American Jet	Internacional	Comercial	840
CRD - PUQ	Brazilian Air Force	Internacional	Av. General	840
CRD - PUQ	Fuerza Aérea Uruguaya	Internacional	Av. General	840
CRD - PUQ	LATAM	Internacional	Comercial	840
CRD - PUQ	N/A	Internacional	Av. General	840
CRD - PUQ	N/A	Internacional	Comercial	840
REL - TDL		Cabotaje	Av. General	840
REL - TDL	Fuerza Aérea Argentina	Cabotaje	Av. General	840
REL - TDL	N/A	Cabotaje	Av. General	840
SLA - VVI		Internacional	Av. General	839
SLA - VVI		Internacional	Comercial	839
SLA - VVI	Amaszonas	Internacional	Comercial	839
SLA - VVI	Andes Líneas Aéreas	Internacional	Comercial	839
SLA - VVI	Boliviana de Aviacion	Internacional	Comercial	839
SLA - VVI	Copa Airlines	Internacional	Comercial	839
SLA - VVI	Execujet Charter	Internacional	Av. General	839
SLA - VVI	Fuerza Aérea Argentina	Internacional	Av. General	839
SLA - VVI	Línea Aérea SAPSA	Internacional	Comercial	839
SLA - VVI	N/A	Internacional	Av. General	839
SLA - VVI	N/A	Internacional	Comercial	839
RLO - SLA		Cabotaje	Av. General	839
RLO - SLA	N/A	Cabotaje	Av. General	839
PMQ - RGA		Cabotaje	Comercial	838
PMQ - RGA	LADE - Líneas Aéreas Del Estado	Cabotaje	Comercial	838
PMQ - RGA	N/A	Cabotaje	Av. General	838
ENO - FDO		Internacional	Av. General	836
ENO - FDO		Internacional	Comercial	836
ENO - FDO	Austral Líneas Aéreas	Internacional	Av. General	836
ENO - FDO	N/A	Internacional	Av. General	836
ENO - FDO	N/A	Internacional	Comercial	836
EQS - LGS		Cabotaje	Av. General	836
EQS - LGS	Fuerza Aérea Argentina	Cabotaje	Av. General	836
EQS - LGS	N/A	Cabotaje	Av. General	836
IRJ - RSA		Cabotaje	Comercial	836
IRJ - RSA	N/A	Cabotaje	Av. General	836
IRJ - RSA	N/A	Cabotaje	Comercial	836
PDP - PSS		Internacional	Av. General	836
PDP - PSS		Internacional	Comercial	836
PDP - PSS	Andes Líneas Aéreas	Internacional	Comercial	836
PDP - PSS	N/A	Internacional	Av. General	836
PDP - PSS	N/A	Internacional	Comercial	836
MDQ - PMY		Cabotaje	Av. General	834
MDQ - PMY		Cabotaje	Comercial	834
MDQ - PMY	Fuerza Aérea Argentina	Cabotaje	Av. General	834
MDQ - PMY	LADE - Líneas Aéreas Del Estado	Cabotaje	Comercial	834
MDQ - PMY	N/A	Cabotaje	Av. General	834
MDQ - PMY	N/A	Cabotaje	Comercial	834
CPC - MDZ		Cabotaje	Av. General	833
CPC - MDZ		Cabotaje	Comercial	833
CPC - MDZ	Aerocardal	Cabotaje	Av. General	833
CPC - MDZ	Aerocardal	Cabotaje	Comercial	833
CPC - MDZ	Aerolíneas Argentinas	Cabotaje	Comercial	833
CPC - MDZ	American Jet	Cabotaje	Av. General	833
CPC - MDZ	American Jet	Cabotaje	Comercial	833
CPC - MDZ	Israel Aircraft Industries	Cabotaje	Av. General	833
CPC - MDZ	N/A	Cabotaje	Av. General	833
CPC - MDZ	N/A	Cabotaje	Comercial	833
COR - RVY		Internacional	Comercial	833
COR - RVY	Fuerza Aérea Uruguaya	Internacional	Av. General	833
AEP - PSS		Cabotaje	Av. General	832
AEP - PSS		Cabotaje	Comercial	832
AEP - PSS	Aerolíneas Argentinas	Cabotaje	Comercial	832
AEP - PSS	American Jet	Cabotaje	Comercial	832
AEP - PSS	Andes Líneas Aéreas	Cabotaje	Av. General	832
AEP - PSS	Andes Líneas Aéreas	Cabotaje	Comercial	832
AEP - PSS	Austral Líneas Aéreas	Cabotaje	Av. General	832
AEP - PSS	Austral Líneas Aéreas	Cabotaje	Comercial	832
AEP - PSS	Ejército Argentino	Cabotaje	Av. General	832
AEP - PSS	Flybondi	Cabotaje	Comercial	832
AEP - PSS	Fuerza Aérea Argentina	Cabotaje	Av. General	832
AEP - PSS	Gendarmería Nacional	Cabotaje	Av. General	832
AEP - PSS	Gestair	Cabotaje	Av. General	832
AEP - PSS	Gestair	Cabotaje	Comercial	832
AEP - PSS	Jet Aviation	Cabotaje	Comercial	832
AEP - PSS	JetSMART Airlines	Cabotaje	Av. General	832
AEP - PSS	JetSMART Airlines	Cabotaje	Comercial	832
AEP - PSS	LADE - Líneas Aéreas Del Estado	Cabotaje	Av. General	832
AEP - PSS	LADE - Líneas Aéreas Del Estado	Cabotaje	Comercial	832
AEP - PSS	LATAM Argentina	Cabotaje	Comercial	832
AEP - PSS	Línea Aérea SAPSA	Cabotaje	Av. General	832
AEP - PSS	Línea Aérea SAPSA	Cabotaje	Comercial	832
AEP - PSS	Macair Jet	Cabotaje	Av. General	832
AEP - PSS	Macair Jet	Cabotaje	Comercial	832
AEP - PSS	N/A	Cabotaje	Av. General	832
AEP - PSS	N/A	Cabotaje	Comercial	832
AEP - PSS	Prefectura Naval Argentina	Cabotaje	Av. General	832
AEP - PSS	SOL Líneas Aéreas	Cabotaje	Av. General	832
AEP - PSS	SOL Líneas Aéreas	Cabotaje	Comercial	832
ELO - PRA	N/A	Cabotaje	Av. General	831
GPO - MCS		Cabotaje	Av. General	831
CBB - SLA		Internacional	Av. General	831
CBB - SLA		Internacional	Comercial	831
CBB - SLA	Boliviana de Aviacion	Internacional	Comercial	831
CBB - SLA	Gendarmería Nacional	Internacional	Av. General	831
CBB - SLA	N/A	Internacional	Av. General	831
BHI - RAF		Cabotaje	Av. General	831
BHI - RAF	N/A	Cabotaje	Av. General	831
GNR - UAQ		Cabotaje	Av. General	830
GNR - UAQ		Cabotaje	Comercial	830
GNR - UAQ	Línea Aérea SAPSA	Cabotaje	Comercial	830
GNR - UAQ	N/A	Cabotaje	Av. General	830
GNR - UAQ	N/A	Cabotaje	Comercial	830
MVD - PSS		Internacional	Av. General	830
MVD - PSS	American Jet	Internacional	Comercial	830
MVD - PSS	Gestair	Internacional	Av. General	830
MVD - PSS	LATAM Cargo Uruguay	Internacional	Av. General	830
MVD - PSS	N/A	Internacional	Av. General	830
MVD - PSS	N/A	Internacional	Comercial	830
BBA - NQN	N/A	Internacional	Av. General	828
BBA - NQN	N/A	Internacional	Comercial	828
PJC - RCQ	N/A	Internacional	Av. General	827
COC - RSA		Cabotaje	Av. General	826
COC - RSA	N/A	Cabotaje	Av. General	826
NQN - VDR		Cabotaje	Av. General	826
NQN - VDR	N/A	Cabotaje	Av. General	826
NQN - VDR	N/A	Cabotaje	Comercial	826
FDO - PSS		Cabotaje	Av. General	825
FDO - PSS		Cabotaje	Comercial	825
FDO - PSS	Aeronorte	Cabotaje	Av. General	825
FDO - PSS	American Jet	Cabotaje	Av. General	825
FDO - PSS	American Jet	Cabotaje	Comercial	825
FDO - PSS	Ameriflight	Cabotaje	Av. General	825
FDO - PSS	Austral Líneas Aéreas	Cabotaje	Av. General	825
FDO - PSS	Austral Líneas Aéreas	Cabotaje	Comercial	825
FDO - PSS	Ejército Argentino	Cabotaje	Av. General	825
FDO - PSS	Fuerza Aérea Argentina	Cabotaje	Av. General	825
FDO - PSS	Gendarmería Nacional	Cabotaje	Av. General	825
FDO - PSS	Gestair	Cabotaje	Av. General	825
FDO - PSS	Gestair	Cabotaje	Comercial	825
FDO - PSS	Línea Aérea SAPSA	Cabotaje	Av. General	825
FDO - PSS	Línea Aérea SAPSA	Cabotaje	Comercial	825
FDO - PSS	N/A	Cabotaje	Av. General	825
FDO - PSS	N/A	Cabotaje	Comercial	825
FDO - PSS	Prefectura Naval Argentina	Cabotaje	Av. General	825
OVR - REL		Cabotaje	Comercial	825
OVR - REL	N/A	Cabotaje	Av. General	825
OVR - REL	N/A	Cabotaje	Comercial	825
PSS - SDE		Cabotaje	Av. General	824
PSS - SDE		Cabotaje	Comercial	824
PSS - SDE	American Jet	Cabotaje	Comercial	824
PSS - SDE	Austral Líneas Aéreas	Cabotaje	Comercial	824
PSS - SDE	Fuerza Aérea Argentina	Cabotaje	Av. General	824
PSS - SDE	Gendarmería Nacional	Cabotaje	Av. General	824
PSS - SDE	N/A	Cabotaje	Av. General	824
EQS - FTE		Cabotaje	Av. General	824
EQS - FTE		Cabotaje	Comercial	824
EQS - FTE	Aerolíneas Argentinas	Cabotaje	Comercial	824
EQS - FTE	Fuerza Aérea Argentina	Cabotaje	Av. General	824
EQS - FTE	N/A	Cabotaje	Av. General	824
EQS - FTE	N/A	Cabotaje	Comercial	824
MCS - TUC	N/A	Cabotaje	Av. General	823
MCS - TUC	N/A	Cabotaje	Comercial	823
MDQ - RAF		Cabotaje	Av. General	823
MDQ - RAF		Cabotaje	Comercial	823
MDQ - RAF	N/A	Cabotaje	Av. General	823
MDQ - RAF	N/A	Cabotaje	Comercial	823
OYA - VMA		Cabotaje	Av. General	823
VDM - VME	American Jet	Cabotaje	Av. General	822
VDM - VME	N/A	Cabotaje	Av. General	822
VDM - VME	N/A	Cabotaje	Comercial	822
EZE - RES		Cabotaje	Av. General	822
EZE - RES		Cabotaje	Comercial	822
EZE - RES	Aerolíneas Argentinas	Cabotaje	Av. General	822
EZE - RES	Aerolíneas Argentinas	Cabotaje	Comercial	822
EZE - RES	American Jet	Cabotaje	Comercial	822
EZE - RES	Andes Líneas Aéreas	Cabotaje	Comercial	822
EZE - RES	Austral Líneas Aéreas	Cabotaje	Comercial	822
EZE - RES	Avianca	Cabotaje	Comercial	822
EZE - RES	Flybondi	Cabotaje	Av. General	822
EZE - RES	Flybondi	Cabotaje	Comercial	822
EZE - RES	Fuerza Aérea Argentina	Cabotaje	Av. General	822
EZE - RES	Iberia Airlines	Cabotaje	Comercial	822
EZE - RES	JetSMART Airlines	Cabotaje	Comercial	822
EZE - RES	LADE - Líneas Aéreas Del Estado	Cabotaje	Av. General	822
EZE - RES	LATAM Cargo Uruguay	Cabotaje	Av. General	822
EZE - RES	LATAM Cargo Uruguay	Cabotaje	Comercial	822
EZE - RES	LATAM Paraguay	Cabotaje	Comercial	822
EZE - RES	N/A	Cabotaje	Av. General	822
EZE - RES	N/A	Cabotaje	Comercial	822
EZE - RES	Starlink Aviation	Cabotaje	Av. General	822
EZE - RES	Starlink Aviation	Cabotaje	Comercial	822
NQN - UAQ		Cabotaje	Av. General	822
NQN - UAQ		Cabotaje	Comercial	822
NQN - UAQ	Aerolíneas Argentinas	Cabotaje	Comercial	822
NQN - UAQ	American Jet	Cabotaje	Av. General	822
NQN - UAQ	American Jet	Cabotaje	Comercial	822
NQN - UAQ	Andes Líneas Aéreas	Cabotaje	Comercial	822
NQN - UAQ	Fuerza Aérea Argentina	Cabotaje	Av. General	822
NQN - UAQ	LADE - Líneas Aéreas Del Estado	Cabotaje	Av. General	822
NQN - UAQ	LADE - Líneas Aéreas Del Estado	Cabotaje	Comercial	822
NQN - UAQ	Línea Aérea SAPSA	Cabotaje	Comercial	822
NQN - UAQ	N/A	Cabotaje	Av. General	822
NQN - UAQ	N/A	Cabotaje	Comercial	822
CNQ - EZE		Cabotaje	Av. General	821
CNQ - EZE		Cabotaje	Comercial	821
CNQ - EZE	Aerolíneas Argentinas	Cabotaje	Comercial	821
CNQ - EZE	Austral Líneas Aéreas	Cabotaje	Comercial	821
CNQ - EZE	Flybondi	Cabotaje	Comercial	821
CNQ - EZE	JetSMART Airlines	Cabotaje	Comercial	821
CNQ - EZE	N/A	Cabotaje	Av. General	821
CNQ - EZE	N/A	Cabotaje	Comercial	821
CNQ - RCU		Cabotaje	Av. General	820
CNQ - RCU	Fuerza Aérea Argentina	Cabotaje	Av. General	820
CNQ - RCU	N/A	Cabotaje	Av. General	820
CNQ - RCU	N/A	Cabotaje	Comercial	820
JNI - SDE	N/A	Cabotaje	Av. General	820
POA - RES		Internacional	Av. General	820
POA - RES	Austral Líneas Aéreas	Internacional	Comercial	820
POA - RES	N/A	Internacional	Av. General	820
POA - RES	N/A	Internacional	Comercial	820
FTE - WCH		Internacional	Comercial	819
ORA - RCQ		Cabotaje	Av. General	819
ORA - RCQ	Gendarmería Nacional	Cabotaje	Av. General	819
ORA - RCQ	N/A	Cabotaje	Av. General	819
GPO - RCQ		Cabotaje	Av. General	817
GPO - RCQ	N/A	Cabotaje	Av. General	817
CNQ - JNI		Cabotaje	Av. General	817
CNQ - JNI	N/A	Cabotaje	Av. General	817
COC - VMA	N/A	Cabotaje	Av. General	817
COC - VMA	N/A	Cabotaje	Comercial	817
CNQ - IRJ		Cabotaje	Av. General	815
CNQ - IRJ	N/A	Cabotaje	Av. General	815
RAF - SLA		Cabotaje	Av. General	815
RAF - SLA		Cabotaje	Comercial	815
RAF - SLA	N/A	Cabotaje	Av. General	815
RAF - SLA	N/A	Cabotaje	Comercial	815
EQS - RZA		Cabotaje	Av. General	815
FMA - LCM		Cabotaje	Av. General	815
FMA - LCM	N/A	Cabotaje	Av. General	815
COR - FMA		Cabotaje	Av. General	815
COR - FMA		Cabotaje	Comercial	815
COR - FMA	Aerolíneas Argentinas	Cabotaje	Comercial	815
COR - FMA	American Jet	Cabotaje	Comercial	815
COR - FMA	Austral Líneas Aéreas	Cabotaje	Comercial	815
COR - FMA	Avianca	Cabotaje	Comercial	815
COR - FMA	Ejército Argentino	Cabotaje	Av. General	815
COR - FMA	Flyest	Cabotaje	Comercial	815
COR - FMA	Fuerza Aérea Argentina	Cabotaje	Av. General	815
COR - FMA	Macair Jet	Cabotaje	Comercial	815
COR - FMA	N/A	Cabotaje	Av. General	815
COR - FMA	N/A	Cabotaje	Comercial	815
COR - FMA	SOL Líneas Aéreas	Cabotaje	Comercial	815
AEP - AYO		Internacional	Av. General	814
AEP - AYO	N/A	Internacional	Av. General	814
AEP - AYO	N/A	Internacional	Comercial	814
FDO - VDM		Cabotaje	Av. General	813
FDO - VDM		Cabotaje	Comercial	813
FDO - VDM	Aerolíneas Argentinas	Cabotaje	Comercial	813
FDO - VDM	American Jet	Cabotaje	Av. General	813
FDO - VDM	American Jet	Cabotaje	Comercial	813
FDO - VDM	Ejército Argentino	Cabotaje	Av. General	813
FDO - VDM	Fuerza Aérea Argentina	Cabotaje	Av. General	813
FDO - VDM	Fuerza Aérea Uruguaya	Cabotaje	Av. General	813
FDO - VDM	Interjet	Cabotaje	Av. General	813
FDO - VDM	Interjet	Cabotaje	Comercial	813
FDO - VDM	Línea Aérea SAPSA	Cabotaje	Av. General	813
FDO - VDM	Línea Aérea SAPSA	Cabotaje	Comercial	813
FDO - VDM	N/A	Cabotaje	Av. General	813
FDO - VDM	N/A	Cabotaje	Comercial	813
FDO - VDM	Prefectura Naval Argentina	Cabotaje	Av. General	813
BHI - BRC		Cabotaje	Av. General	813
BHI - BRC		Cabotaje	Comercial	813
BHI - BRC	Aerolíneas Argentinas	Cabotaje	Comercial	813
BHI - BRC	Andes Líneas Aéreas	Cabotaje	Comercial	813
BHI - BRC	Armada Argentina	Cabotaje	Av. General	813
BHI - BRC	Austral Líneas Aéreas	Cabotaje	Comercial	813
BHI - BRC	Fuerza Aérea Argentina	Cabotaje	Av. General	813
BHI - BRC	Fuerza Aérea Uruguaya	Cabotaje	Av. General	813
BHI - BRC	Gendarmería Nacional	Cabotaje	Av. General	813
BHI - BRC	LADE - Líneas Aéreas Del Estado	Cabotaje	Av. General	813
BHI - BRC	LADE - Líneas Aéreas Del Estado	Cabotaje	Comercial	813
BHI - BRC	N/A	Cabotaje	Av. General	813
BHI - BRC	N/A	Cabotaje	Comercial	813
BHI - BRC	Prefectura Naval Argentina	Cabotaje	Av. General	813
BHI - BRC	Sky Airline	Cabotaje	Av. General	813
NEC - NQN		Cabotaje	Av. General	812
NEC - NQN	N/A	Cabotaje	Av. General	812
NEC - NQN	N/A	Cabotaje	Comercial	812
CTC - GPO		Cabotaje	Av. General	812
CSZ - MDZ	N/A	Cabotaje	Av. General	811
CSZ - MDZ	N/A	Cabotaje	Comercial	811
MDQ - RCU		Cabotaje	Av. General	811
MDQ - RCU		Cabotaje	Comercial	811
MDQ - RCU	Fuerza Aérea Argentina	Cabotaje	Av. General	811
MDQ - RCU	N/A	Cabotaje	Av. General	811
MDQ - RCU	N/A	Cabotaje	Comercial	811
JUJ - NCJ		Cabotaje	Av. General	811
JUJ - NCJ	N/A	Cabotaje	Comercial	811
CPC - GPO		Cabotaje	Av. General	811
CPC - GPO		Cabotaje	Comercial	811
CPC - GPO	N/A	Cabotaje	Av. General	811
AEP - VDM		Cabotaje	Av. General	810
AEP - VDM		Cabotaje	Comercial	810
AEP - VDM	Aerolíneas Argentinas	Cabotaje	Comercial	810
AEP - VDM	American Jet	Cabotaje	Comercial	810
AEP - VDM	Andes Líneas Aéreas	Cabotaje	Comercial	810
AEP - VDM	Austral Líneas Aéreas	Cabotaje	Comercial	810
AEP - VDM	Avianca	Cabotaje	Comercial	810
AEP - VDM	Ejército Argentino	Cabotaje	Av. General	810
AEP - VDM	Flybondi	Cabotaje	Comercial	810
AEP - VDM	Fuerza Aérea Argentina	Cabotaje	Av. General	810
AEP - VDM	Línea Aérea SAPSA	Cabotaje	Av. General	810
AEP - VDM	Línea Aérea SAPSA	Cabotaje	Comercial	810
AEP - VDM	Macair Jet	Cabotaje	Comercial	810
AEP - VDM	N/A	Cabotaje	Av. General	810
AEP - VDM	N/A	Cabotaje	Comercial	810
AEP - VDM	Prefectura Naval Argentina	Cabotaje	Av. General	810
AEP - VDM	SOL Líneas Aéreas	Cabotaje	Comercial	810
JNI - RES		Cabotaje	Av. General	810
JNI - NQN		Cabotaje	Av. General	809
JNI - NQN	Ejército Argentino	Cabotaje	Av. General	809
JNI - NQN	N/A	Cabotaje	Av. General	809
PUD - USH	Armada Argentina	Cabotaje	Av. General	808
PUD - USH	N/A	Cabotaje	Av. General	808
CTC - MCS		Cabotaje	Comercial	808
RES - RLO		Cabotaje	Av. General	807
RES - RLO	N/A	Cabotaje	Av. General	807
PET - ROS		Internacional	Av. General	806
PET - ROS	N/A	Internacional	Av. General	806
PET - ROS	N/A	Internacional	Comercial	806
COC - CTC	N/A	Cabotaje	Av. General	806
COC - CTC	N/A	Cabotaje	Comercial	806
MOR - RES		Cabotaje	Av. General	805
MOR - RES		Cabotaje	Comercial	805
MOR - RES	Fuerza Aérea Argentina	Cabotaje	Av. General	805
MOR - RES	N/A	Cabotaje	Av. General	805
CNQ - MOR		Cabotaje	Av. General	805
CNQ - MOR	N/A	Cabotaje	Av. General	805
NQN - TDL	Fuerza Aérea Argentina	Cabotaje	Av. General	805
NQN - TDL	N/A	Cabotaje	Av. General	805
ASU - SLA		Internacional	Av. General	804
ASU - SLA		Internacional	Comercial	804
ASU - SLA	Aerolíneas Argentinas	Internacional	Comercial	804
ASU - SLA	Amaszonas	Internacional	Av. General	804
ASU - SLA	Amaszonas	Internacional	Comercial	804
ASU - SLA	American Jet	Internacional	Comercial	804
ASU - SLA	Copa Airlines	Internacional	Comercial	804
ASU - SLA	Fuerza Aérea Uruguaya	Internacional	Av. General	804
ASU - SLA	Lamia Corporation S.R.L.	Internacional	Comercial	804
ASU - SLA	N/A	Internacional	Av. General	804
ASU - SLA	N/A	Internacional	Comercial	804
RCU - VLG		Cabotaje	Av. General	804
IGR - VCP		Internacional	Av. General	804
IGR - VCP		Internacional	Comercial	804
IGR - VCP	Andes Líneas Aéreas	Internacional	Comercial	804
IGR - VCP	N/A	Internacional	Av. General	804
IGR - VCP	N/A	Internacional	Comercial	804
CMG - FMA	N/A	Internacional	Av. General	804
PET - SFN		Internacional	Comercial	803
RCU - RES		Cabotaje	Av. General	802
RCU - RES		Cabotaje	Comercial	802
RCU - RES	Fuerza Aérea Argentina	Cabotaje	Av. General	802
RCU - RES	N/A	Cabotaje	Av. General	802
LPG - LUQ		Cabotaje	Av. General	802
LPG - LUQ	N/A	Cabotaje	Av. General	802
LPG - VMA	N/A	Cabotaje	Av. General	802
COR - TDL		Cabotaje	Av. General	802
COR - TDL	Fuerza Aérea Argentina	Cabotaje	Av. General	802
COR - TDL	N/A	Cabotaje	Av. General	802
COR - TDL	N/A	Cabotaje	Comercial	802
BHI - VDR		Cabotaje	Av. General	802
BHI - VDR		Cabotaje	Comercial	802
COR - RDS		Cabotaje	Av. General	801
SLA - UAQ		Cabotaje	Av. General	801
SLA - UAQ		Cabotaje	Comercial	801
SLA - UAQ	Aerolíneas Argentinas	Cabotaje	Comercial	801
SLA - UAQ	American Jet	Cabotaje	Av. General	801
SLA - UAQ	American Jet	Cabotaje	Comercial	801
SLA - UAQ	Andes Líneas Aéreas	Cabotaje	Comercial	801
SLA - UAQ	Fuerza Aérea Argentina	Cabotaje	Av. General	801
SLA - UAQ	Gendarmería Nacional	Cabotaje	Av. General	801
SLA - UAQ	LADE - Líneas Aéreas Del Estado	Cabotaje	Av. General	801
SLA - UAQ	N/A	Cabotaje	Av. General	801
SLA - UAQ	N/A	Cabotaje	Comercial	801
AFA - PRA		Cabotaje	Comercial	801
AFA - PRA	American Jet	Cabotaje	Comercial	801
AFA - PRA	Fuerza Aérea Argentina	Cabotaje	Av. General	801
AFA - PRA	N/A	Cabotaje	Av. General	801
AFA - PRA	N/A	Cabotaje	Comercial	801
GHU - SDE		Cabotaje	Av. General	800
REL - RZA		Cabotaje	Av. General	799
REL - RZA		Cabotaje	Comercial	799
REL - RZA	American Jet	Cabotaje	Comercial	799
REL - RZA	Ejército Argentino	Cabotaje	Av. General	799
REL - RZA	N/A	Cabotaje	Av. General	799
REL - RZA	N/A	Cabotaje	Comercial	799
PUD - VDM		Cabotaje	Av. General	798
PUD - VDM		Cabotaje	Comercial	798
PUD - VDM	Ejército Argentino	Cabotaje	Av. General	798
PUD - VDM	N/A	Cabotaje	Av. General	798
PUD - VDM	N/A	Cabotaje	Comercial	798
EPA - RES		Cabotaje	Av. General	798
EPA - RES		Cabotaje	Comercial	798
EPA - RES	Ejército Argentino	Cabotaje	Av. General	798
EPA - RES	Flybondi	Cabotaje	Comercial	798
EPA - RES	Fuerza Aérea Argentina	Cabotaje	Av. General	798
EPA - RES	Gendarmería Nacional	Cabotaje	Av. General	798
EPA - RES	JetSMART Airlines	Cabotaje	Comercial	798
EPA - RES	N/A	Cabotaje	Av. General	798
CNQ - EPA		Cabotaje	Av. General	798
CNQ - EPA		Cabotaje	Comercial	798
CNQ - EPA	Flybondi	Cabotaje	Comercial	798
CNQ - EPA	Fuerza Aérea Argentina	Cabotaje	Av. General	798
CNQ - EPA	Gendarmería Nacional	Cabotaje	Av. General	798
CNQ - EPA	JetSMART Airlines	Cabotaje	Comercial	798
CNQ - EPA	N/A	Cabotaje	Av. General	798
CNQ - EPA	N/A	Cabotaje	Comercial	798
LSC - SLA		Internacional	Comercial	797
EPA - VDM		Cabotaje	Av. General	796
EPA - VDM		Cabotaje	Comercial	796
EPA - VDM	Ejército Argentino	Cabotaje	Av. General	796
EPA - VDM	Fuerza Aérea Argentina	Cabotaje	Av. General	796
EPA - VDM	N/A	Cabotaje	Av. General	796
PSY - RGL		Internacional	Comercial	796
PSY - RGL	N/A	Internacional	Av. General	796
JNI - LGS		Cabotaje	Av. General	795
GPO - PMY		Cabotaje	Av. General	795
CNQ - VDR		Cabotaje	Comercial	795
GPO - PMY	N/A	Cabotaje	Av. General	795
LPG - VDM		Cabotaje	Av. General	795
LPG - VDM		Cabotaje	Comercial	795
LPG - VDM	N/A	Cabotaje	Av. General	795
LPG - VDM	N/A	Cabotaje	Comercial	795
BGX - MDQ	N/A	Internacional	Av. General	794
BGX - MDQ	N/A	Internacional	Comercial	794
PRQ - RCU	N/A	Cabotaje	Av. General	794
AEP - RES		Cabotaje	Av. General	794
AEP - RES		Cabotaje	Comercial	794
AEP - RES	Aerolíneas Argentinas	Cabotaje	Av. General	794
AEP - RES	Aerolíneas Argentinas	Cabotaje	Comercial	794
AEP - RES	Amaszonas	Cabotaje	Comercial	794
AEP - RES	American Jet	Cabotaje	Av. General	794
AEP - RES	American Jet	Cabotaje	Comercial	794
AEP - RES	Andes Líneas Aéreas	Cabotaje	Av. General	794
AEP - RES	Andes Líneas Aéreas	Cabotaje	Comercial	794
AEP - RES	Armada Argentina	Cabotaje	Av. General	794
AEP - RES	Austral Líneas Aéreas	Cabotaje	Av. General	794
AEP - RES	Austral Líneas Aéreas	Cabotaje	Comercial	794
AEP - RES	Ejército Argentino	Cabotaje	Av. General	794
AEP - RES	Flybondi	Cabotaje	Comercial	794
AEP - RES	Flyest	Cabotaje	Comercial	794
AEP - RES	Fuerza Aérea Argentina	Cabotaje	Av. General	794
AEP - RES	Gendarmería Nacional	Cabotaje	Av. General	794
AEP - RES	JetSMART Airlines	Cabotaje	Comercial	794
AEP - RES	LATAM	Cabotaje	Comercial	794
AEP - RES	LATAM Argentina	Cabotaje	Comercial	794
AEP - RES	Macair Jet	Cabotaje	Comercial	794
AEP - RES	N/A	Cabotaje	Av. General	794
AEP - RES	N/A	Cabotaje	Comercial	794
AEP - RES	Prefectura Naval Argentina	Cabotaje	Av. General	794
CNQ - POA	N/A	Internacional	Av. General	793
CNQ - POA	N/A	Internacional	Comercial	793
ROS - TUC		Cabotaje	Av. General	793
ROS - TUC		Cabotaje	Comercial	793
ROS - TUC	Aerolíneas Argentinas	Cabotaje	Comercial	793
ROS - TUC	American Jet	Cabotaje	Av. General	793
ROS - TUC	American Jet	Cabotaje	Comercial	793
ROS - TUC	Austral Líneas Aéreas	Cabotaje	Comercial	793
ROS - TUC	Flybondi	Cabotaje	Comercial	793
ROS - TUC	Flyest	Cabotaje	Av. General	793
ROS - TUC	Flyest	Cabotaje	Comercial	793
ROS - TUC	Fuerza Aérea Argentina	Cabotaje	Av. General	793
ROS - TUC	Gendarmería Nacional	Cabotaje	Av. General	793
ROS - TUC	Línea Aérea SAPSA	Cabotaje	Comercial	793
ROS - TUC	Macair Jet	Cabotaje	Av. General	793
ROS - TUC	Macair Jet	Cabotaje	Comercial	793
ROS - TUC	N/A	Cabotaje	Av. General	793
ROS - TUC	N/A	Cabotaje	Comercial	793
AEP - CNQ		Cabotaje	Av. General	793
AEP - CNQ		Cabotaje	Comercial	793
AEP - CNQ	Aerolíneas Argentinas	Cabotaje	Av. General	793
AEP - CNQ	Aerolíneas Argentinas	Cabotaje	Comercial	793
AEP - CNQ	American Jet	Cabotaje	Av. General	793
AEP - CNQ	Armada Argentina	Cabotaje	Av. General	793
AEP - CNQ	Austral Líneas Aéreas	Cabotaje	Av. General	793
AEP - CNQ	Austral Líneas Aéreas	Cabotaje	Comercial	793
AEP - CNQ	Avianca	Cabotaje	Av. General	793
AEP - CNQ	Avianca	Cabotaje	Comercial	793
AEP - CNQ	Flybondi	Cabotaje	Comercial	793
AEP - CNQ	Fuerza Aérea Argentina	Cabotaje	Av. General	793
AEP - CNQ	Gendarmería Nacional	Cabotaje	Av. General	793
AEP - CNQ	Jet Aviation	Cabotaje	Comercial	793
AEP - CNQ	JetSMART Airlines	Cabotaje	Comercial	793
AEP - CNQ	LADE - Líneas Aéreas Del Estado	Cabotaje	Av. General	793
AEP - CNQ	Línea Aérea SAPSA	Cabotaje	Av. General	793
AEP - CNQ	Línea Aérea SAPSA	Cabotaje	Comercial	793
AEP - CNQ	Macair Jet	Cabotaje	Av. General	793
AEP - CNQ	Macair Jet	Cabotaje	Comercial	793
AEP - CNQ	N/A	Cabotaje	Av. General	793
AEP - CNQ	N/A	Cabotaje	Comercial	793
AEP - CNQ	Norwegian Air Argentina	Cabotaje	Comercial	793
AEP - CNQ	Prefectura Naval Argentina	Cabotaje	Av. General	793
PMY - TDL	N/A	Cabotaje	Av. General	793
PMY - TDL	N/A	Cabotaje	Comercial	793
LHS - VDM		Cabotaje	Comercial	792
CNQ - ENO		Cabotaje	Av. General	792
CNQ - ENO		Cabotaje	Comercial	792
BHI - SFN		Cabotaje	Av. General	790
BHI - SFN		Cabotaje	Comercial	790
BHI - SFN	American Jet	Cabotaje	Av. General	790
BHI - SFN	American Jet	Cabotaje	Comercial	790
BHI - SFN	LADE - Líneas Aéreas Del Estado	Cabotaje	Av. General	790
BHI - SFN	LADE - Líneas Aéreas Del Estado	Cabotaje	Comercial	790
BHI - SFN	N/A	Cabotaje	Av. General	790
BHI - SFN	N/A	Cabotaje	Comercial	790
MDZ - PRA		Cabotaje	Av. General	790
MDZ - PRA		Cabotaje	Comercial	790
MDZ - PRA	Aerolíneas Argentinas	Cabotaje	Comercial	790
MDZ - PRA	American Jet	Cabotaje	Av. General	790
MDZ - PRA	American Jet	Cabotaje	Comercial	790
MDZ - PRA	Ejército Argentino	Cabotaje	Av. General	790
MDZ - PRA	Flyest	Cabotaje	Comercial	790
MDZ - PRA	Fuerza Aérea Argentina	Cabotaje	Av. General	790
MDZ - PRA	LADE - Líneas Aéreas Del Estado	Cabotaje	Av. General	790
MDZ - PRA	LADE - Líneas Aéreas Del Estado	Cabotaje	Comercial	790
MDZ - PRA	Línea Aérea SAPSA	Cabotaje	Av. General	790
MDZ - PRA	Línea Aérea SAPSA	Cabotaje	Comercial	790
MDZ - PRA	N/A	Cabotaje	Av. General	790
MDZ - PRA	N/A	Cabotaje	Comercial	790
OYA - PEH		Cabotaje	Av. General	790
SLA - VDR		Cabotaje	Av. General	790
SLA - VDR		Cabotaje	Comercial	790
SLA - VDR	N/A	Cabotaje	Av. General	790
CTC - FMA		Cabotaje	Av. General	789
CTC - FMA	Línea Aérea SAPSA	Cabotaje	Comercial	789
CTC - FMA	N/A	Cabotaje	Av. General	789
CTC - FMA	N/A	Cabotaje	Comercial	789
ASU - SFN		Internacional	Av. General	789
ASU - SFN		Internacional	Comercial	789
ASU - SFN	Amaszonas	Internacional	Av. General	789
ASU - SFN	American Jet	Internacional	Comercial	789
ASU - SFN	Flyest	Internacional	Comercial	789
ASU - SFN	Fuerza Aérea Paraguaya	Internacional	Av. General	789
ASU - SFN	N/A	Internacional	Av. General	789
ASU - SFN	N/A	Internacional	Comercial	789
APZ - CRD		Cabotaje	Av. General	789
APZ - CRD	Fuerza Aérea Argentina	Cabotaje	Av. General	789
MOR - VDM		Cabotaje	Av. General	789
MOR - VDM		Cabotaje	Comercial	789
MOR - VDM	N/A	Cabotaje	Av. General	789
MOR - VDM	N/A	Cabotaje	Comercial	789
IRJ - RES		Cabotaje	Av. General	788
IRJ - RES		Cabotaje	Comercial	788
IRJ - RES	American Jet	Cabotaje	Comercial	788
IRJ - RES	Fuerza Aérea Argentina	Cabotaje	Av. General	788
IRJ - RES	N/A	Cabotaje	Av. General	788
BHI - PRA		Cabotaje	Av. General	787
BHI - PRA		Cabotaje	Comercial	787
BHI - PRA	Fuerza Aérea Argentina	Cabotaje	Av. General	787
BHI - PRA	N/A	Cabotaje	Av. General	787
BHI - PRA	N/A	Cabotaje	Comercial	787
BHI - CPC		Cabotaje	Av. General	786
BHI - CPC		Cabotaje	Comercial	786
BHI - CPC	Aerolíneas Argentinas	Cabotaje	Comercial	786
BHI - CPC	American Jet	Cabotaje	Av. General	786
BHI - CPC	American Jet	Cabotaje	Comercial	786
BHI - CPC	Ejército Argentino	Cabotaje	Av. General	786
BHI - CPC	N/A	Cabotaje	Av. General	786
BHI - CPC	N/A	Cabotaje	Comercial	786
ASU - PRA		Internacional	Av. General	785
ASU - PRA	American Jet	Internacional	Comercial	785
ASU - PRA	N/A	Internacional	Av. General	785
ASU - PRA	N/A	Internacional	Comercial	785
ORU - SLA		Internacional	Comercial	785
FMA - ROS		Cabotaje	Av. General	785
FMA - ROS		Cabotaje	Comercial	785
FMA - ROS	Avianca	Cabotaje	Comercial	785
FMA - ROS	Ejército Argentino	Cabotaje	Av. General	785
FMA - ROS	Flyest	Cabotaje	Av. General	785
FMA - ROS	Flyest	Cabotaje	Comercial	785
FMA - ROS	Fuerza Aérea Argentina	Cabotaje	Av. General	785
FMA - ROS	Gendarmería Nacional	Cabotaje	Av. General	785
FMA - ROS	Macair Jet	Cabotaje	Av. General	785
FMA - ROS	Macair Jet	Cabotaje	Comercial	785
FMA - ROS	N/A	Cabotaje	Av. General	785
FMA - ROS	N/A	Cabotaje	Comercial	785
FMA - ROS	SOL Líneas Aéreas	Cabotaje	Comercial	785
CBB - JUJ		Internacional	Av. General	784
CBB - JUJ	N/A	Internacional	Av. General	784
TDL - VMA	Fuerza Aérea Argentina	Cabotaje	Av. General	784
LUQ - TDL	N/A	Cabotaje	Av. General	784
BRC - RSA		Cabotaje	Av. General	783
BRC - RSA		Cabotaje	Comercial	783
BRC - RSA	American Jet	Cabotaje	Comercial	783
BRC - RSA	Ameriflight	Cabotaje	Av. General	783
BRC - RSA	Andes Líneas Aéreas	Cabotaje	Av. General	783
BRC - RSA	Andes Líneas Aéreas	Cabotaje	Comercial	783
BRC - RSA	Ejército Argentino	Cabotaje	Av. General	783
BRC - RSA	Fuerza Aérea Argentina	Cabotaje	Av. General	783
BRC - RSA	Gendarmería Nacional	Cabotaje	Av. General	783
BRC - RSA	Línea Aérea SAPSA	Cabotaje	Av. General	783
BRC - RSA	Línea Aérea SAPSA	Cabotaje	Comercial	783
BRC - RSA	N/A	Cabotaje	Av. General	783
BRC - RSA	N/A	Cabotaje	Comercial	783
NCJ - SLA		Cabotaje	Av. General	783
NCJ - SLA		Cabotaje	Comercial	783
NCJ - SLA	N/A	Cabotaje	Av. General	783
NCJ - SLA	N/A	Cabotaje	Comercial	783
AFA - OVR	N/A	Cabotaje	Av. General	783
COR - CPO	Fuerza Aérea Argentina	Internacional	Av. General	782
CGR - PSS		Internacional	Av. General	781
CGR - PSS	N/A	Internacional	Av. General	781
OYA - SLA		Cabotaje	Av. General	781
FDO - RES		Cabotaje	Av. General	781
FDO - RES		Cabotaje	Comercial	781
FDO - RES	Aerolíneas Argentinas	Cabotaje	Comercial	781
FDO - RES	American Jet	Cabotaje	Av. General	781
FDO - RES	American Jet	Cabotaje	Comercial	781
FDO - RES	Ameriflight	Cabotaje	Av. General	781
FDO - RES	Ameriflight	Cabotaje	Comercial	781
FDO - RES	Austral Líneas Aéreas	Cabotaje	Comercial	781
FDO - RES	Ejército Argentino	Cabotaje	Av. General	781
FDO - RES	Fuerza Aérea Argentina	Cabotaje	Av. General	781
FDO - RES	Fuerza Aérea Uruguaya	Cabotaje	Av. General	781
FDO - RES	Gendarmería Nacional	Cabotaje	Av. General	781
FDO - RES	JetSMART Airlines	Cabotaje	Comercial	781
FDO - RES	Línea Aérea SAPSA	Cabotaje	Av. General	781
FDO - RES	Línea Aérea SAPSA	Cabotaje	Comercial	781
FDO - RES	N/A	Cabotaje	Av. General	781
FDO - RES	N/A	Cabotaje	Comercial	781
FDO - RES	Prefectura Naval Argentina	Cabotaje	Av. General	781
OES - PUD	N/A	Cabotaje	Av. General	781
ENO - ROS	N/A	Internacional	Av. General	780
CNQ - FDO		Cabotaje	Av. General	780
CNQ - FDO		Cabotaje	Comercial	780
CNQ - FDO	American Jet	Cabotaje	Av. General	780
CNQ - FDO	American Jet	Cabotaje	Comercial	780
CNQ - FDO	Ameriflight	Cabotaje	Av. General	780
CNQ - FDO	Fuerza Aérea Argentina	Cabotaje	Av. General	780
CNQ - FDO	Gendarmería Nacional	Cabotaje	Av. General	780
CNQ - FDO	Línea Aérea de Entre Ríos SE (LAER)	Cabotaje	Av. General	780
CNQ - FDO	N/A	Cabotaje	Av. General	780
CNQ - FDO	N/A	Cabotaje	Comercial	780
CNQ - FDO	Prefectura Naval Argentina	Cabotaje	Av. General	780
OYA - VME		Cabotaje	Av. General	780
LUQ - RCQ		Cabotaje	Av. General	780
RCQ - VMA		Cabotaje	Av. General	780
RCQ - VMA		Cabotaje	Comercial	780
RCQ - VMA	N/A	Cabotaje	Av. General	780
ASU - TUC		Internacional	Av. General	779
ASU - TUC		Internacional	Comercial	779
ASU - TUC	Amaszonas	Internacional	Comercial	779
ASU - TUC	Avianca	Internacional	Av. General	779
ASU - TUC	Centurion Air Cargo	Internacional	Comercial	779
ASU - TUC	LATAM	Internacional	Comercial	779
ASU - TUC	N/A	Internacional	Av. General	779
ASU - TUC	N/A	Internacional	Comercial	779
EZE - VDM		Cabotaje	Av. General	779
EZE - VDM		Cabotaje	Comercial	779
EZE - VDM	Aerolíneas Argentinas	Cabotaje	Comercial	779
EZE - VDM	Andes Líneas Aéreas	Cabotaje	Comercial	779
EZE - VDM	Austral Líneas Aéreas	Cabotaje	Comercial	779
EZE - VDM	Línea Aérea SAPSA	Cabotaje	Comercial	779
EZE - VDM	N/A	Cabotaje	Av. General	779
EZE - VDM	N/A	Cabotaje	Comercial	779
NQN - RLO		Cabotaje	Av. General	778
NQN - RLO		Cabotaje	Comercial	778
NQN - RLO	N/A	Cabotaje	Av. General	778
JUJ - VVI		Internacional	Av. General	778
JUJ - VVI		Internacional	Comercial	778
JUJ - VVI	Amaszonas	Internacional	Av. General	778
JUJ - VVI	Fuerza Aérea Argentina	Internacional	Av. General	778
JUJ - VVI	N/A	Internacional	Av. General	778
ASU - RHD		Internacional	Comercial	777
ASU - RHD	Andes Líneas Aéreas	Internacional	Comercial	777
ASU - RHD	N/A	Internacional	Av. General	777
COR - JUJ		Cabotaje	Av. General	776
COR - JUJ		Cabotaje	Comercial	776
COR - JUJ	Aerolíneas Argentinas	Cabotaje	Comercial	776
COR - JUJ	American Jet	Cabotaje	Comercial	776
COR - JUJ	Ameriflight	Cabotaje	Av. General	776
COR - JUJ	Ameriflight	Cabotaje	Comercial	776
COR - JUJ	Andes Líneas Aéreas	Cabotaje	Comercial	776
COR - JUJ	Austral Líneas Aéreas	Cabotaje	Comercial	776
COR - JUJ	Ejército Argentino	Cabotaje	Av. General	776
COR - JUJ	Flybondi	Cabotaje	Comercial	776
COR - JUJ	Fuerza Aérea Argentina	Cabotaje	Av. General	776
COR - JUJ	Interjet	Cabotaje	Av. General	776
COR - JUJ	JetSMART Airlines	Cabotaje	Comercial	776
COR - JUJ	Macair Jet	Cabotaje	Comercial	776
COR - JUJ	N/A	Cabotaje	Av. General	776
COR - JUJ	N/A	Cabotaje	Comercial	776
AFA - SFN		Cabotaje	Av. General	776
AFA - SFN	American Jet	Cabotaje	Av. General	776
AFA - SFN	American Jet	Cabotaje	Comercial	776
AFA - SFN	N/A	Cabotaje	Av. General	776
CRD - CUT	Aerolíneas Argentinas	Cabotaje	Comercial	776
CRD - CUT	N/A	Cabotaje	Comercial	776
NEC - RCU		Cabotaje	Av. General	776
OVR - PMY		Cabotaje	Av. General	775
OVR - PMY	N/A	Cabotaje	Av. General	775
PMY - PZS	N/A	Internacional	Comercial	775
JNI - UAQ		Cabotaje	Comercial	773
COC - CSZ		Cabotaje	Av. General	772
COC - CSZ	N/A	Cabotaje	Av. General	772
MDZ - ZPC	N/A	Internacional	Av. General	772
ASU - JUJ		Internacional	Av. General	771
ASU - JUJ	Amaszonas	Internacional	Av. General	771
ASU - JUJ	Amaszonas	Internacional	Comercial	771
ASU - JUJ	N/A	Internacional	Av. General	771
MVD - RSA	N/A	Internacional	Av. General	770
AFA - BRC		Cabotaje	Av. General	769
AFA - BRC		Cabotaje	Comercial	769
AFA - BRC	American Jet	Cabotaje	Av. General	769
AFA - BRC	Andes Líneas Aéreas	Cabotaje	Av. General	769
AFA - BRC	Andes Líneas Aéreas	Cabotaje	Comercial	769
AFA - BRC	Austral Líneas Aéreas	Cabotaje	Comercial	769
AFA - BRC	N/A	Cabotaje	Av. General	769
AFA - BRC	N/A	Cabotaje	Comercial	769
PSS - ROS		Cabotaje	Av. General	769
PSS - ROS		Cabotaje	Comercial	769
PSS - ROS	Aerolíneas Argentinas	Cabotaje	Comercial	769
PSS - ROS	Austral Líneas Aéreas	Cabotaje	Comercial	769
PSS - ROS	Ejército Argentino	Cabotaje	Av. General	769
PSS - ROS	Fuerza Aérea Argentina	Cabotaje	Av. General	769
PSS - ROS	N/A	Cabotaje	Av. General	769
PSS - ROS	N/A	Cabotaje	Comercial	769
PSS - ROS	SOL Líneas Aéreas	Cabotaje	Comercial	769
BYC - RES		Internacional	Av. General	768
TUC - VME		Cabotaje	Av. General	767
TUC - VME		Cabotaje	Comercial	767
TUC - VME	Fuerza Aérea Argentina	Cabotaje	Av. General	767
TUC - VME	N/A	Cabotaje	Av. General	767
TUC - VME	N/A	Cabotaje	Comercial	767
RLO - TDL	N/A	Cabotaje	Av. General	767
BHI - PDP	Fuerza Aérea Uruguaya	Internacional	Av. General	763
BHI - PDP	N/A	Internacional	Av. General	763
CRD - NQN		Cabotaje	Av. General	763
CRD - NQN		Cabotaje	Comercial	763
CRD - NQN	Aerolíneas Argentinas	Cabotaje	Comercial	763
CRD - NQN	American Jet	Cabotaje	Av. General	763
CRD - NQN	American Jet	Cabotaje	Comercial	763
CRD - NQN	Ameriflight	Cabotaje	Av. General	763
CRD - NQN	Austral Líneas Aéreas	Cabotaje	Av. General	763
CRD - NQN	Austral Líneas Aéreas	Cabotaje	Comercial	763
CRD - NQN	Ejército Argentino	Cabotaje	Av. General	763
CRD - NQN	Flybondi	Cabotaje	Comercial	763
CRD - NQN	Fuerza Aérea Argentina	Cabotaje	Av. General	763
CRD - NQN	JetSMART Airlines	Cabotaje	Comercial	763
CRD - NQN	LADE - Líneas Aéreas Del Estado	Cabotaje	Av. General	763
CRD - NQN	LADE - Líneas Aéreas Del Estado	Cabotaje	Comercial	763
CRD - NQN	Macair Jet	Cabotaje	Av. General	763
CRD - NQN	Macair Jet	Cabotaje	Comercial	763
CRD - NQN	N/A	Cabotaje	Av. General	763
CRD - NQN	N/A	Cabotaje	Comercial	763
CRD - NQN	SOL Líneas Aéreas	Cabotaje	Comercial	763
PDP - RCQ	N/A	Internacional	Av. General	763
RIA - ROS	Brazilian Air Force	Internacional	Av. General	763
MDZ - SFN		Cabotaje	Av. General	761
MDZ - SFN		Cabotaje	Comercial	761
MDZ - SFN	American Jet	Cabotaje	Comercial	761
MDZ - SFN	Andes Líneas Aéreas	Cabotaje	Comercial	761
MDZ - SFN	Flyest	Cabotaje	Comercial	761
MDZ - SFN	Fuerza Aérea Argentina	Cabotaje	Av. General	761
MDZ - SFN	LADE - Líneas Aéreas Del Estado	Cabotaje	Av. General	761
MDZ - SFN	LADE - Líneas Aéreas Del Estado	Cabotaje	Comercial	761
MDZ - SFN	Macair Jet	Cabotaje	Comercial	761
MDZ - SFN	N/A	Cabotaje	Av. General	761
MDZ - SFN	N/A	Cabotaje	Comercial	761
MDZ - SFN	Sun Air	Cabotaje	Av. General	761
LCM - LPG	N/A	Cabotaje	Av. General	761
NEC - PRA	N/A	Cabotaje	Comercial	760
JUJ - RCQ		Cabotaje	Av. General	760
JUJ - RCQ	Fuerza Aérea Argentina	Cabotaje	Av. General	760
JUJ - RCQ	N/A	Cabotaje	Av. General	760
AFA - NCJ		Cabotaje	Av. General	760
AFA - NCJ	N/A	Cabotaje	Av. General	760
COR - DZO		Internacional	Av. General	759
COR - DZO	Fuerza Aérea Uruguaya	Internacional	Av. General	759
COR - DZO	N/A	Internacional	Comercial	759
PMY - ULA		Cabotaje	Comercial	758
PMY - ULA	American Jet	Cabotaje	Comercial	758
PMY - ULA	Flybondi	Cabotaje	Comercial	758
PMY - ULA	N/A	Cabotaje	Av. General	758
PMY - ULA	N/A	Cabotaje	Comercial	758
FMA - GHU	N/A	Cabotaje	Av. General	758
BHI - RLO		Cabotaje	Av. General	757
NEC - REL	N/A	Cabotaje	Comercial	756
MDZ - TUC		Cabotaje	Av. General	756
MDZ - TUC		Cabotaje	Comercial	756
MDZ - TUC	Aerolíneas Argentinas	Cabotaje	Av. General	756
MDZ - TUC	Aerolíneas Argentinas	Cabotaje	Comercial	756
MDZ - TUC	American Jet	Cabotaje	Av. General	756
MDZ - TUC	American Jet	Cabotaje	Comercial	756
MDZ - TUC	Andes Líneas Aéreas	Cabotaje	Comercial	756
MDZ - TUC	Fuerza Aérea Argentina	Cabotaje	Av. General	756
MDZ - TUC	JetSMART Airlines	Cabotaje	Comercial	756
MDZ - TUC	LADE - Líneas Aéreas Del Estado	Cabotaje	Av. General	756
MDZ - TUC	LATAM Perú	Cabotaje	Comercial	756
MDZ - TUC	N/A	Cabotaje	Av. General	756
MDZ - TUC	N/A	Cabotaje	Comercial	756
CRD - GNR		Cabotaje	Av. General	755
CRD - GNR	N/A	Cabotaje	Comercial	755
MDQ - SFN		Cabotaje	Av. General	753
MDQ - SFN		Cabotaje	Comercial	753
MDQ - SFN	Aerolíneas Argentinas	Cabotaje	Comercial	753
MDQ - SFN	American Jet	Cabotaje	Comercial	753
MDQ - SFN	Andes Líneas Aéreas	Cabotaje	Comercial	753
MDQ - SFN	LADE - Líneas Aéreas Del Estado	Cabotaje	Av. General	753
MDQ - SFN	Macair Jet	Cabotaje	Comercial	753
MDQ - SFN	N/A	Cabotaje	Av. General	753
MDQ - SFN	N/A	Cabotaje	Comercial	753
CRD - PNT	American Jet	Internacional	Comercial	753
CRD - PNT	N/A	Internacional	Av. General	753
JNI - MDZ	N/A	Cabotaje	Av. General	753
RCQ - SLA		Cabotaje	Av. General	752
RCQ - SLA		Cabotaje	Comercial	752
RCQ - SLA	Ejército Argentino	Cabotaje	Av. General	752
RCQ - SLA	Fuerza Aérea Argentina	Cabotaje	Av. General	752
RCQ - SLA	Gendarmería Nacional	Cabotaje	Av. General	752
RCQ - SLA	N/A	Cabotaje	Av. General	752
PRA - UAQ		Cabotaje	Av. General	752
PRA - UAQ		Cabotaje	Comercial	752
PRA - UAQ	Fuerza Aérea Argentina	Cabotaje	Av. General	752
PRA - UAQ	LADE - Líneas Aéreas Del Estado	Cabotaje	Av. General	752
PRA - UAQ	N/A	Cabotaje	Av. General	752
PRA - UAQ	N/A	Cabotaje	Comercial	752
MPN - RGL	Andes Líneas Aéreas	Cabotaje	Comercial	749
MPN - RGL	LATAM	Cabotaje	Comercial	749
MPN - RGL	N/A	Cabotaje	Av. General	749
MPN - RGL	N/A	Cabotaje	Comercial	749
BHI - LGS		Cabotaje	Av. General	749
MDZ - ROS		Cabotaje	Av. General	749
MDZ - ROS		Cabotaje	Comercial	749
MDZ - ROS	Aerolíneas Argentinas	Cabotaje	Comercial	749
MDZ - ROS	American Jet	Cabotaje	Av. General	749
MDZ - ROS	American Jet	Cabotaje	Comercial	749
MDZ - ROS	Andes Líneas Aéreas	Cabotaje	Comercial	749
MDZ - ROS	Austral Líneas Aéreas	Cabotaje	Av. General	749
MDZ - ROS	Austral Líneas Aéreas	Cabotaje	Comercial	749
MDZ - ROS	Copa Airlines	Cabotaje	Comercial	749
MDZ - ROS	Ejército Argentino	Cabotaje	Av. General	749
MDZ - ROS	Flyest	Cabotaje	Comercial	749
MDZ - ROS	Fuerza Aérea Argentina	Cabotaje	Av. General	749
MDZ - ROS	Fuerza Aérea Uruguaya	Cabotaje	Av. General	749
MDZ - ROS	JetSMART Airlines	Cabotaje	Comercial	749
MDZ - ROS	LADE - Líneas Aéreas Del Estado	Cabotaje	Comercial	749
MDZ - ROS	LATAM Argentina	Cabotaje	Comercial	749
MDZ - ROS	LATAM Perú	Cabotaje	Comercial	749
MDZ - ROS	Macair Jet	Cabotaje	Comercial	749
MDZ - ROS	N/A	Cabotaje	Av. General	749
MDZ - ROS	N/A	Cabotaje	Comercial	749
MDZ - ROS	Norwegian Air Argentina	Cabotaje	Comercial	749
MDZ - ROS	SOL Líneas Aéreas	Cabotaje	Comercial	749
AEP - LUQ		Cabotaje	Av. General	747
AEP - VMA		Cabotaje	Av. General	747
AEP - LUQ		Cabotaje	Comercial	747
AEP - VMA		Cabotaje	Comercial	747
AEP - LUQ	Aerolíneas Argentinas	Cabotaje	Av. General	747
AEP - LUQ	Aerolíneas Argentinas	Cabotaje	Comercial	747
AEP - VMA	Aerolíneas Argentinas	Cabotaje	Comercial	747
AEP - LUQ	American Jet	Cabotaje	Av. General	747
AEP - LUQ	American Jet	Cabotaje	Comercial	747
AEP - VMA	American Jet	Cabotaje	Comercial	747
AEP - LUQ	Andes Líneas Aéreas	Cabotaje	Comercial	747
AEP - LUQ	Austral Líneas Aéreas	Cabotaje	Av. General	747
AEP - LUQ	Austral Líneas Aéreas	Cabotaje	Comercial	747
AEP - VMA	Austral Líneas Aéreas	Cabotaje	Comercial	747
AEP - VMA	Avianca	Cabotaje	Av. General	747
AEP - LUQ	Avianca	Cabotaje	Comercial	747
AEP - VMA	Avianca	Cabotaje	Comercial	747
AEP - LUQ	Bell Helicopter Textron	Cabotaje	Av. General	747
AEP - LUQ	Ejército Argentino	Cabotaje	Av. General	747
AEP - VMA	Ejército Argentino	Cabotaje	Av. General	747
AEP - LUQ	Flybondi	Cabotaje	Comercial	747
AEP - LUQ	Flyest	Cabotaje	Comercial	747
AEP - LUQ	Fuerza Aérea Argentina	Cabotaje	Av. General	747
AEP - VMA	Fuerza Aérea Argentina	Cabotaje	Av. General	747
AEP - LUQ	Gendarmería Nacional	Cabotaje	Av. General	747
AEP - VMA	Gendarmería Nacional	Cabotaje	Av. General	747
AEP - LUQ	Gestair	Cabotaje	Comercial	747
AEP - LUQ	JetSMART Airlines	Cabotaje	Comercial	747
AEP - LUQ	LADE - Líneas Aéreas Del Estado	Cabotaje	Comercial	747
AEP - LUQ	LATAM Argentina	Cabotaje	Comercial	747
AEP - LUQ	Línea Aérea SAPSA	Cabotaje	Av. General	747
AEP - LUQ	Línea Aérea SAPSA	Cabotaje	Comercial	747
AEP - LUQ	Macair Jet	Cabotaje	Av. General	747
AEP - VMA	Macair Jet	Cabotaje	Av. General	747
AEP - LUQ	Macair Jet	Cabotaje	Comercial	747
AEP - VMA	Macair Jet	Cabotaje	Comercial	747
AEP - LUQ	N/A	Cabotaje	Av. General	747
AEP - VMA	N/A	Cabotaje	Av. General	747
AEP - LUQ	N/A	Cabotaje	Comercial	747
AEP - VMA	N/A	Cabotaje	Comercial	747
AEP - LUQ	SOL Líneas Aéreas	Cabotaje	Av. General	747
AEP - LUQ	SOL Líneas Aéreas	Cabotaje	Comercial	747
AEP - VMA	SOL Líneas Aéreas	Cabotaje	Comercial	747
MDZ - PZS		Internacional	Comercial	746
JUJ - ORU		Internacional	Comercial	745
CPC - SCL		Internacional	Av. General	745
CPC - SCL		Internacional	Comercial	745
CPC - SCL	Aerocardal	Internacional	Av. General	745
COC - VME	N/A	Cabotaje	Av. General	745
CPC - SCL	N/A	Internacional	Av. General	745
CPC - SCL	N/A	Internacional	Comercial	745
FMA - SLA		Cabotaje	Av. General	744
FMA - SLA		Cabotaje	Comercial	744
FMA - SLA	Fuerza Aérea Argentina	Cabotaje	Av. General	744
FMA - SLA	N/A	Cabotaje	Av. General	744
FMA - SLA	N/A	Cabotaje	Comercial	744
OYO - SFN	N/A	Cabotaje	Av. General	744
OYO - SFN	N/A	Cabotaje	Comercial	744
AFA - RAF		Cabotaje	Av. General	742
AFA - RAF	N/A	Cabotaje	Av. General	742
REL - RSA		Cabotaje	Av. General	742
REL - RSA		Cabotaje	Comercial	742
REL - RSA	American Jet	Cabotaje	Av. General	742
REL - RSA	American Jet	Cabotaje	Comercial	742
REL - RSA	Ejército Argentino	Cabotaje	Av. General	742
REL - RSA	Fuerza Aérea Argentina	Cabotaje	Av. General	742
REL - RSA	Línea Aérea SAPSA	Cabotaje	Comercial	742
REL - RSA	N/A	Cabotaje	Av. General	742
REL - RSA	N/A	Cabotaje	Comercial	742
NQN - OLN	N/A	Cabotaje	Av. General	742
EZE - LUQ		Cabotaje	Av. General	741
EZE - VMA		Cabotaje	Av. General	741
EZE - LUQ		Cabotaje	Comercial	741
EZE - VMA		Cabotaje	Comercial	741
EZE - LUQ	Aerolíneas Argentinas	Cabotaje	Comercial	741
EZE - LUQ	American Jet	Cabotaje	Av. General	741
EZE - VMA	American Jet	Cabotaje	Av. General	741
EZE - LUQ	American Jet	Cabotaje	Comercial	741
EZE - VMA	American Jet	Cabotaje	Comercial	741
EZE - LUQ	Andes Líneas Aéreas	Cabotaje	Comercial	741
EZE - LUQ	Austral Líneas Aéreas	Cabotaje	Comercial	741
EZE - LUQ	Fuerza Aérea Argentina	Cabotaje	Av. General	741
EZE - LUQ	Línea Aérea SAPSA	Cabotaje	Av. General	741
EZE - LUQ	Macair Jet	Cabotaje	Comercial	741
EZE - LUQ	N/A	Cabotaje	Av. General	741
EZE - VMA	N/A	Cabotaje	Av. General	741
EZE - LUQ	N/A	Cabotaje	Comercial	741
EZE - VMA	N/A	Cabotaje	Comercial	741
ANF - CTC	N/A	Internacional	Av. General	741
NQN - RCU		Cabotaje	Av. General	741
NQN - RCU		Cabotaje	Comercial	741
NQN - RCU	American Jet	Cabotaje	Av. General	741
NQN - RCU	American Jet	Cabotaje	Comercial	741
NQN - RCU	Fuerza Aérea Argentina	Cabotaje	Av. General	741
NQN - RCU	N/A	Cabotaje	Av. General	741
NQN - RCU	N/A	Cabotaje	Comercial	741
COC - MDQ		Cabotaje	Av. General	740
COC - MDQ		Cabotaje	Comercial	740
COC - MDQ	Línea Aérea SAPSA	Cabotaje	Av. General	740
COC - MDQ	Línea Aérea SAPSA	Cabotaje	Comercial	740
COC - MDQ	N/A	Cabotaje	Av. General	740
COC - MDQ	N/A	Cabotaje	Comercial	740
RCQ - VME		Cabotaje	Av. General	739
RCQ - VME	Fuerza Aérea Argentina	Cabotaje	Av. General	739
RCQ - VME	N/A	Cabotaje	Av. General	739
CNQ - TTG		Cabotaje	Av. General	739
CNQ - TTG	Ejército Argentino	Cabotaje	Av. General	739
CNQ - TTG	N/A	Cabotaje	Av. General	739
MDX - TUC		Cabotaje	Av. General	739
MDX - TUC	N/A	Cabotaje	Av. General	739
JUJ - LCM	N/A	Cabotaje	Av. General	738
CNQ - ORA		Cabotaje	Av. General	736
CNQ - ORA	Fuerza Aérea Argentina	Cabotaje	Av. General	736
CNQ - ORA	N/A	Cabotaje	Av. General	736
IRJ - ORA	N/A	Cabotaje	Av. General	736
CRD - RYO		Cabotaje	Av. General	736
CRD - RYO	Fuerza Aérea Argentina	Cabotaje	Av. General	736
CRD - RYO	Gendarmería Nacional	Cabotaje	Av. General	736
CRD - RYO	N/A	Cabotaje	Av. General	736
CRD - RYO	N/A	Cabotaje	Comercial	736
CGR - FMA		Internacional	Av. General	735
CGR - FMA		Internacional	Comercial	735
CGR - FMA	N/A	Internacional	Av. General	735
MPN - USH		Cabotaje	Comercial	735
MPN - USH	LATAM	Cabotaje	Comercial	735
MPN - USH	LATAM	Internacional	Comercial	735
MPN - USH	N/A	Cabotaje	Av. General	735
LPG - RLO	N/A	Cabotaje	Av. General	734
OYO - PRA		Cabotaje	Av. General	734
ROS - UAQ		Cabotaje	Av. General	734
ROS - UAQ		Cabotaje	Comercial	734
ROS - UAQ	Aerolíneas Argentinas	Cabotaje	Comercial	734
ROS - UAQ	American Jet	Cabotaje	Comercial	734
ROS - UAQ	Austral Líneas Aéreas	Cabotaje	Comercial	734
ROS - UAQ	Flyest	Cabotaje	Av. General	734
ROS - UAQ	Flyest	Cabotaje	Comercial	734
ROS - UAQ	Línea Aérea SAPSA	Cabotaje	Comercial	734
ROS - UAQ	N/A	Cabotaje	Av. General	734
ROS - UAQ	N/A	Cabotaje	Comercial	734
ROS - UAQ	SOL Líneas Aéreas	Cabotaje	Comercial	734
TUC - UYU		Internacional	Av. General	734
TUC - UYU		Internacional	Comercial	734
NQN - OVR		Cabotaje	Av. General	734
NQN - OVR	N/A	Cabotaje	Av. General	734
NQN - OVR	N/A	Cabotaje	Comercial	734
MDQ - PRA		Cabotaje	Av. General	733
MDQ - PRA		Cabotaje	Comercial	733
MDQ - PRA	Aerolíneas Argentinas	Cabotaje	Comercial	733
MDQ - PRA	Fuerza Aérea Argentina	Cabotaje	Av. General	733
MDQ - PRA	LADE - Líneas Aéreas Del Estado	Cabotaje	Av. General	733
MDQ - PRA	LADE - Líneas Aéreas Del Estado	Cabotaje	Comercial	733
MDQ - PRA	N/A	Cabotaje	Av. General	733
MDQ - PRA	N/A	Cabotaje	Comercial	733
FLN - PSS		Internacional	Av. General	733
FLN - PSS		Internacional	Comercial	733
FLN - PSS	N/A	Internacional	Av. General	733
FLN - PSS	N/A	Internacional	Comercial	733
ASU - SDE		Internacional	Av. General	732
ASU - SDE	Aerolíneas Argentinas	Internacional	Comercial	732
ASU - SDE	N/A	Internacional	Av. General	732
ASU - SDE	N/A	Internacional	Comercial	732
KNA - NQN		Internacional	Av. General	732
CNQ - SLA		Cabotaje	Av. General	731
CNQ - SLA		Cabotaje	Comercial	731
CNQ - SLA	Aerolíneas Argentinas	Cabotaje	Comercial	731
CNQ - SLA	Armada Argentina	Cabotaje	Av. General	731
CNQ - SLA	Fuerza Aérea Argentina	Cabotaje	Av. General	731
CNQ - SLA	N/A	Cabotaje	Av. General	731
CNQ - SLA	N/A	Cabotaje	Comercial	731
CNQ - SLA	Prefectura Naval Argentina	Cabotaje	Av. General	731
COR - SLA		Cabotaje	Av. General	731
COR - SLA		Cabotaje	Comercial	731
COR - SLA	Aerocardal	Cabotaje	Av. General	731
COR - SLA	Aerolíneas Argentinas	Cabotaje	Av. General	731
COR - SLA	Aerolíneas Argentinas	Cabotaje	Comercial	731
COR - SLA	American Jet	Cabotaje	Av. General	731
COR - SLA	American Jet	Cabotaje	Comercial	731
COR - SLA	Andes Líneas Aéreas	Cabotaje	Comercial	731
COR - SLA	Austral Líneas Aéreas	Cabotaje	Comercial	731
COR - SLA	Ejército Argentino	Cabotaje	Av. General	731
COR - SLA	Execujet Charter	Cabotaje	Av. General	731
COR - SLA	Flybondi	Cabotaje	Av. General	731
COR - SLA	Flybondi	Cabotaje	Comercial	731
COR - SLA	Fuerza Aérea Argentina	Cabotaje	Av. General	731
COR - SLA	Fuerza Aérea Uruguaya	Cabotaje	Av. General	731
COR - SLA	Gendarmería Nacional	Cabotaje	Av. General	731
COR - SLA	JetSMART Airlines	Cabotaje	Comercial	731
COR - SLA	LATAM Argentina	Cabotaje	Comercial	731
COR - SLA	LATAM Perú	Cabotaje	Comercial	731
COR - SLA	Línea Aérea SAPSA	Cabotaje	Av. General	731
COR - SLA	Línea Aérea SAPSA	Cabotaje	Comercial	731
COR - SLA	N/A	Cabotaje	Av. General	731
COR - SLA	N/A	Cabotaje	Comercial	731
COR - SLA	SOL Líneas Aéreas	Cabotaje	Comercial	731
EPA - LUQ		Cabotaje	Av. General	730
EPA - LUQ	Ejército Argentino	Cabotaje	Av. General	730
EPA - LUQ	Fuerza Aérea Argentina	Cabotaje	Av. General	730
EPA - LUQ	Gendarmería Nacional	Cabotaje	Av. General	730
FDO - LUQ		Cabotaje	Av. General	730
FDO - VMA		Cabotaje	Av. General	730
FDO - LUQ		Cabotaje	Comercial	730
FDO - VMA		Cabotaje	Comercial	730
FDO - LUQ	Aerolíneas Argentinas	Cabotaje	Comercial	730
FDO - LUQ	American Jet	Cabotaje	Av. General	730
FDO - VMA	American Jet	Cabotaje	Av. General	730
FDO - LUQ	American Jet	Cabotaje	Comercial	730
FDO - VMA	American Jet	Cabotaje	Comercial	730
FDO - VMA	Ameriflight	Cabotaje	Av. General	730
FDO - LUQ	Línea Aérea SAPSA	Cabotaje	Av. General	730
FDO - LUQ	Línea Aérea SAPSA	Cabotaje	Comercial	730
FDO - VMA	Macair Jet	Cabotaje	Comercial	730
FDO - LUQ	N/A	Cabotaje	Av. General	730
FDO - VMA	N/A	Cabotaje	Av. General	730
FDO - LUQ	N/A	Cabotaje	Comercial	730
FDO - VMA	N/A	Cabotaje	Comercial	730
FDO - LUQ	SOL Líneas Aéreas	Cabotaje	Av. General	730
FDO - LUQ	SOL Líneas Aéreas	Cabotaje	Comercial	730
AFA - ROS		Cabotaje	Av. General	730
AFA - ROS		Cabotaje	Comercial	730
AFA - ROS	Andes Líneas Aéreas	Cabotaje	Comercial	730
AFA - ROS	Austral Líneas Aéreas	Cabotaje	Comercial	730
AFA - ROS	N/A	Cabotaje	Av. General	730
AFA - ROS	N/A	Cabotaje	Comercial	730
LUQ - MOR		Cabotaje	Av. General	729
MOR - VMA		Cabotaje	Av. General	729
LUQ - MOR	Fuerza Aérea Argentina	Cabotaje	Av. General	729
MOR - VMA	Fuerza Aérea Argentina	Cabotaje	Av. General	729
LUQ - MOR	N/A	Cabotaje	Av. General	729
MOR - VMA	N/A	Cabotaje	Av. General	729
IRJ - LGS		Cabotaje	Av. General	729
IRJ - LGS		Cabotaje	Comercial	729
SST - VDM		Cabotaje	Comercial	727
NVT - PSS		Internacional	Av. General	727
NVT - PSS		Internacional	Comercial	727
NVT - PSS	N/A	Internacional	Av. General	727
NVT - PSS	N/A	Internacional	Comercial	727
COC - SDE		Cabotaje	Av. General	727
COC - SDE	N/A	Cabotaje	Av. General	727
LUQ - TUC		Cabotaje	Av. General	726
TUC - VMA		Cabotaje	Av. General	726
LUQ - TUC		Cabotaje	Comercial	726
TUC - VMA		Cabotaje	Comercial	726
LUQ - TUC	Fuerza Aérea Argentina	Cabotaje	Av. General	726
LUQ - TUC	N/A	Cabotaje	Av. General	726
TUC - VMA	N/A	Cabotaje	Av. General	726
LUQ - TUC	N/A	Cabotaje	Comercial	726
COC - GPO		Cabotaje	Av. General	725
COC - GPO	Línea Aérea SAPSA	Cabotaje	Av. General	725
COC - GPO	N/A	Cabotaje	Av. General	725
GNR - RCU		Cabotaje	Av. General	724
MDQ - STY	N/A	Internacional	Av. General	724
RHD - ROS		Cabotaje	Av. General	723
RHD - ROS		Cabotaje	Comercial	723
RHD - ROS	Aerolíneas Argentinas	Cabotaje	Comercial	723
RHD - ROS	American Jet	Cabotaje	Comercial	723
RHD - ROS	Andes Líneas Aéreas	Cabotaje	Comercial	723
RHD - ROS	Fuerza Aérea Argentina	Cabotaje	Av. General	723
RHD - ROS	Gendarmería Nacional	Cabotaje	Av. General	723
RHD - ROS	N/A	Cabotaje	Av. General	723
RHD - ROS	N/A	Cabotaje	Comercial	723
AFA - BHI		Cabotaje	Av. General	722
AFA - BHI		Cabotaje	Comercial	722
AFA - BHI	American Jet	Cabotaje	Av. General	722
AFA - BHI	American Jet	Cabotaje	Comercial	722
AFA - BHI	N/A	Cabotaje	Av. General	722
AFA - BHI	N/A	Cabotaje	Comercial	722
GHU - VMA	N/A	Cabotaje	Av. General	722
EHL - VDM		Cabotaje	Av. General	722
EHL - VDM		Cabotaje	Comercial	722
EHL - VDM	Línea Aérea SAPSA	Cabotaje	Comercial	722
EHL - VDM	N/A	Cabotaje	Comercial	722
IGR - STY		Internacional	Comercial	721
IGR - STY	Avianca Uruguay	Internacional	Av. General	721
IGR - STY	N/A	Internacional	Av. General	721
IGR - STY	N/A	Internacional	Comercial	721
CSZ - LGS		Cabotaje	Av. General	721
CSZ - LGS		Cabotaje	Comercial	721
COC - IGU		Internacional	Av. General	721
COC - IGU	N/A	Internacional	Av. General	721
SFN - UAQ		Cabotaje	Av. General	721
SFN - UAQ		Cabotaje	Comercial	721
SFN - UAQ	Aerolíneas Argentinas	Cabotaje	Comercial	721
SFN - UAQ	American Jet	Cabotaje	Comercial	721
SFN - UAQ	Andes Líneas Aéreas	Cabotaje	Comercial	721
SFN - UAQ	Línea Aérea SAPSA	Cabotaje	Comercial	721
SFN - UAQ	N/A	Cabotaje	Av. General	721
SFN - UAQ	N/A	Cabotaje	Comercial	721
COR - OVR		Cabotaje	Av. General	720
COR - OVR	N/A	Cabotaje	Av. General	720
COR - OVR	N/A	Cabotaje	Comercial	720
FMA - JUJ		Cabotaje	Av. General	720
FMA - JUJ		Cabotaje	Comercial	720
FMA - JUJ	American Jet	Cabotaje	Av. General	720
FMA - JUJ	American Jet	Cabotaje	Comercial	720
FMA - JUJ	Fuerza Aérea Argentina	Cabotaje	Av. General	720
FMA - JUJ	Gendarmería Nacional	Cabotaje	Av. General	720
FMA - JUJ	N/A	Cabotaje	Av. General	720
FMA - JUJ	N/A	Cabotaje	Comercial	720
MDZ - PEH		Cabotaje	Av. General	720
MDZ - PEH	N/A	Cabotaje	Av. General	720
PDI - RCQ	Armada Argentina	Cabotaje	Av. General	720
CPC - PMQ	American Jet	Cabotaje	Comercial	720
CPC - PMQ	N/A	Cabotaje	Av. General	720
CPC - PMQ	N/A	Cabotaje	Comercial	720
CNQ - JUJ		Cabotaje	Av. General	719
CNQ - JUJ		Cabotaje	Comercial	719
CNQ - JUJ	Flybondi	Cabotaje	Comercial	719
CNQ - JUJ	Fuerza Aérea Argentina	Cabotaje	Av. General	719
CNQ - JUJ	N/A	Cabotaje	Av. General	719
CNQ - JUJ	N/A	Cabotaje	Comercial	719
RES - TTG		Cabotaje	Av. General	719
RES - TTG	Ejército Argentino	Cabotaje	Av. General	719
RES - TTG	Fuerza Aérea Argentina	Cabotaje	Av. General	719
RES - TTG	Gendarmería Nacional	Cabotaje	Av. General	719
RES - TTG	N/A	Cabotaje	Av. General	719
CTC - SCL	N/A	Internacional	Av. General	718
MDZ - NCJ		Cabotaje	Av. General	717
MDZ - NCJ		Cabotaje	Comercial	717
MDZ - NCJ	Aerocardal	Cabotaje	Av. General	717
MDZ - NCJ	American Jet	Cabotaje	Comercial	717
MDZ - NCJ	N/A	Cabotaje	Av. General	717
MDZ - NCJ	N/A	Cabotaje	Comercial	717
MLZ - RES	N/A	Internacional	Av. General	717
MLZ - RES	N/A	Internacional	Comercial	717
EPA - RIA	Ejército Argentino	Internacional	Av. General	716
MVD - RCQ		Internacional	Av. General	715
MVD - RCQ		Internacional	Comercial	715
MVD - RCQ	N/A	Internacional	Av. General	715
COR - LPG		Cabotaje	Av. General	715
COR - LPG		Cabotaje	Comercial	715
COR - LPG	Fuerza Aérea Argentina	Cabotaje	Av. General	715
COR - LPG	Macair Jet	Cabotaje	Comercial	715
COR - LPG	N/A	Cabotaje	Av. General	715
COR - LPG	N/A	Cabotaje	Comercial	715
MDQ - OES		Cabotaje	Av. General	714
MDQ - OES		Cabotaje	Comercial	714
MDQ - OES	N/A	Cabotaje	Av. General	714
BHI - LUQ		Cabotaje	Av. General	714
BHI - VMA		Cabotaje	Av. General	714
BHI - LUQ		Cabotaje	Comercial	714
BHI - VMA		Cabotaje	Comercial	714
BHI - LUQ	American Jet	Cabotaje	Av. General	714
BHI - LUQ	American Jet	Cabotaje	Comercial	714
BHI - LUQ	Andes Líneas Aéreas	Cabotaje	Comercial	714
BHI - LUQ	Armada Argentina	Cabotaje	Av. General	714
BHI - LUQ	Fuerza Aérea Argentina	Cabotaje	Av. General	714
BHI - LUQ	N/A	Cabotaje	Av. General	714
BHI - LUQ	N/A	Cabotaje	Comercial	714
ORA - RES	Ejército Argentino	Cabotaje	Av. General	714
ORA - RES	Gendarmería Nacional	Cabotaje	Av. General	714
ORA - RES	N/A	Cabotaje	Comercial	714
COR - CSZ		Cabotaje	Av. General	714
COR - CSZ	N/A	Cabotaje	Av. General	714
CPC - RSA		Cabotaje	Av. General	714
CPC - RSA		Cabotaje	Comercial	714
CPC - RSA	American Jet	Cabotaje	Av. General	714
CPC - RSA	American Jet	Cabotaje	Comercial	714
CPC - RSA	Ejército Argentino	Cabotaje	Av. General	714
CPC - RSA	Fuerza Aérea Argentina	Cabotaje	Av. General	714
CPC - RSA	N/A	Cabotaje	Av. General	714
CPC - RSA	N/A	Cabotaje	Comercial	714
CPC - RSA	Prefectura Naval Argentina	Cabotaje	Av. General	714
AFA - CTC		Cabotaje	Av. General	713
AFA - CTC		Cabotaje	Comercial	713
AFA - CTC	American Jet	Cabotaje	Av. General	713
AFA - CTC	American Jet	Cabotaje	Comercial	713
AFA - CTC	N/A	Cabotaje	Av. General	713
AFA - CTC	N/A	Cabotaje	Comercial	713
MDZ - VRG		Cabotaje	Comercial	712
EQS - VDM		Cabotaje	Av. General	711
EQS - VDM		Cabotaje	Comercial	711
EQS - VDM	N/A	Cabotaje	Av. General	711
EQS - VDM	Prefectura Naval Argentina	Cabotaje	Av. General	711
PRA - TUC		Cabotaje	Av. General	711
PRA - TUC		Cabotaje	Comercial	711
PRA - TUC	American Jet	Cabotaje	Av. General	711
PRA - TUC	American Jet	Cabotaje	Comercial	711
PRA - TUC	Fuerza Aérea Argentina	Cabotaje	Av. General	711
PRA - TUC	Línea Aérea SAPSA	Cabotaje	Av. General	711
PRA - TUC	Línea Aérea SAPSA	Cabotaje	Comercial	711
PRA - TUC	N/A	Cabotaje	Av. General	711
PRA - TUC	N/A	Cabotaje	Comercial	711
PSY - RGA	N/A	Internacional	Av. General	711
MDZ - SDE		Cabotaje	Av. General	710
MDZ - SDE		Cabotaje	Comercial	710
MDZ - SDE	Aerocardal	Cabotaje	Av. General	710
MDZ - SDE	Aerolíneas Argentinas	Cabotaje	Comercial	710
MDZ - SDE	Aerovías DAP	Cabotaje	Av. General	710
MDZ - SDE	American Jet	Cabotaje	Av. General	710
MDZ - SDE	American Jet	Cabotaje	Comercial	710
MDZ - SDE	Flyest	Cabotaje	Comercial	710
MDZ - SDE	Fuerza Aérea Argentina	Cabotaje	Av. General	710
MDZ - SDE	N/A	Cabotaje	Av. General	710
MDZ - SDE	N/A	Cabotaje	Comercial	710
MDZ - SDE	Star Up	Cabotaje	Comercial	710
MDZ - RAF		Cabotaje	Av. General	709
MDZ - RAF		Cabotaje	Comercial	709
MDZ - RAF	N/A	Cabotaje	Av. General	709
MDZ - RAF	N/A	Cabotaje	Comercial	709
COR - KNA		Internacional	Av. General	709
COR - KNA	N/A	Internacional	Av. General	709
COC - IGR		Cabotaje	Av. General	708
COC - IGR		Cabotaje	Comercial	708
COC - IGR	Ejército Argentino	Cabotaje	Av. General	708
COC - IGR	N/A	Cabotaje	Av. General	708
COC - IGR	N/A	Cabotaje	Comercial	708
COC - IGR	Prefectura Naval Argentina	Cabotaje	Av. General	708
CWB - PSS		Internacional	Av. General	708
CWB - PSS	N/A	Internacional	Av. General	708
CWB - PSS	N/A	Internacional	Comercial	708
REL - ULA		Cabotaje	Av. General	706
REL - ULA		Cabotaje	Comercial	706
REL - ULA	American Jet	Cabotaje	Av. General	706
REL - ULA	American Jet	Cabotaje	Comercial	706
REL - ULA	Flybondi	Cabotaje	Comercial	706
REL - ULA	N/A	Cabotaje	Av. General	706
REL - ULA	N/A	Cabotaje	Comercial	706
SFN - VLG		Cabotaje	Av. General	706
SFN - VLG		Cabotaje	Comercial	706
SFN - VLG	N/A	Cabotaje	Av. General	706
FMA - ORA		Cabotaje	Comercial	705
FMA - ORA	Gendarmería Nacional	Cabotaje	Av. General	705
FMA - ORA	N/A	Cabotaje	Av. General	705
RES - SLA		Cabotaje	Av. General	704
RES - SLA		Cabotaje	Comercial	704
RES - SLA	Aerolíneas Argentinas	Cabotaje	Comercial	704
RES - SLA	American Jet	Cabotaje	Av. General	704
RES - SLA	American Jet	Cabotaje	Comercial	704
RES - SLA	Andes Líneas Aéreas	Cabotaje	Comercial	704
RES - SLA	Austral Líneas Aéreas	Cabotaje	Comercial	704
RES - SLA	Ejército Argentino	Cabotaje	Av. General	704
RES - SLA	Fuerza Aérea Argentina	Cabotaje	Av. General	704
RES - SLA	Fuerza Aérea Uruguaya	Cabotaje	Av. General	704
RES - SLA	Gendarmería Nacional	Cabotaje	Av. General	704
RES - SLA	LADE - Líneas Aéreas Del Estado	Cabotaje	Av. General	704
RES - SLA	N/A	Cabotaje	Av. General	704
RES - SLA	N/A	Cabotaje	Comercial	704
MDZ - RHD		Cabotaje	Av. General	704
MDZ - RHD		Cabotaje	Comercial	704
MDZ - RHD	Avianca	Cabotaje	Comercial	704
MDZ - RHD	Macair Jet	Cabotaje	Comercial	704
MDZ - RHD	N/A	Cabotaje	Av. General	704
MDZ - RHD	N/A	Cabotaje	Comercial	704
EZE - LCM		Cabotaje	Av. General	703
EZE - LCM		Cabotaje	Comercial	703
EZE - LCM	N/A	Cabotaje	Comercial	703
CSZ - REL		Cabotaje	Av. General	703
CPC - CRD		Cabotaje	Av. General	702
CPC - CRD		Cabotaje	Comercial	702
CPC - CRD	Fuerza Aérea Argentina	Cabotaje	Av. General	702
CPC - CRD	N/A	Cabotaje	Av. General	702
CPC - CRD	N/A	Cabotaje	Comercial	702
LPG - VME		Cabotaje	Av. General	702
LPG - VME	N/A	Cabotaje	Av. General	702
FDO - RIA	N/A	Internacional	Av. General	701
ESG - TUC		Internacional	Av. General	701
ESG - TUC		Internacional	Comercial	701
RCU - TUC		Cabotaje	Av. General	700
RCU - TUC		Cabotaje	Comercial	700
RCU - TUC	American Jet	Cabotaje	Av. General	700
RCU - TUC	American Jet	Cabotaje	Comercial	700
RCU - TUC	Fuerza Aérea Argentina	Cabotaje	Av. General	700
RCU - TUC	Línea Aérea SAPSA	Cabotaje	Comercial	700
RCU - TUC	N/A	Cabotaje	Av. General	700
RCU - TUC	N/A	Cabotaje	Comercial	700
AEP - RIA	N/A	Internacional	Av. General	700
CNQ - MLZ		Internacional	Av. General	699
LGS - PEH		Cabotaje	Av. General	699
CNQ - CTC		Cabotaje	Av. General	699
CNQ - CTC	N/A	Cabotaje	Av. General	699
CNQ - CTC	N/A	Cabotaje	Comercial	699
RHD - VME		Cabotaje	Av. General	698
RHD - VME	N/A	Cabotaje	Av. General	698
BHI - MVD		Internacional	Av. General	697
BHI - MVD		Internacional	Comercial	697
BHI - MVD	N/A	Internacional	Av. General	697
BHI - MVD	N/A	Internacional	Comercial	697
AEP - LCM		Cabotaje	Av. General	696
AEP - LCM		Cabotaje	Comercial	696
AEP - LCM	Aerolíneas Argentinas	Cabotaje	Comercial	696
AEP - LCM	N/A	Cabotaje	Av. General	696
AEP - LCM	N/A	Cabotaje	Comercial	696
COR - CYR		Internacional	Av. General	695
COR - CYR	N/A	Internacional	Av. General	695
GNR - MDZ		Cabotaje	Av. General	695
GNR - MDZ	American Jet	Cabotaje	Comercial	695
GNR - MDZ	Línea Aérea SAPSA	Cabotaje	Comercial	695
GNR - MDZ	N/A	Cabotaje	Comercial	695
GNR - MDZ	Southern Air	Cabotaje	Av. General	695
CPC - VDM		Cabotaje	Av. General	694
CPC - VDM		Cabotaje	Comercial	694
CPC - VDM	Fuerza Aérea Argentina	Cabotaje	Av. General	694
CPC - VDM	N/A	Cabotaje	Av. General	694
CPC - VDM	N/A	Cabotaje	Comercial	694
APZ - MDZ		Cabotaje	Av. General	694
APZ - MDZ		Cabotaje	Comercial	694
APZ - MDZ	Ameriflight	Cabotaje	Av. General	694
APZ - MDZ	Ejército Argentino	Cabotaje	Av. General	694
APZ - MDZ	N/A	Cabotaje	Av. General	694
JUJ - RES		Cabotaje	Av. General	694
JUJ - RES		Cabotaje	Comercial	694
JUJ - RES	Aerolíneas Argentinas	Cabotaje	Comercial	694
JUJ - RES	Andes Líneas Aéreas	Cabotaje	Comercial	694
JUJ - RES	Austral Líneas Aéreas	Cabotaje	Comercial	694
JUJ - RES	Ejército Argentino	Cabotaje	Av. General	694
JUJ - RES	Fuerza Aérea Argentina	Cabotaje	Av. General	694
JUJ - RES	N/A	Cabotaje	Av. General	694
JUJ - RES	N/A	Cabotaje	Comercial	694
IRJ - ROS		Cabotaje	Av. General	694
IRJ - ROS		Cabotaje	Comercial	694
IRJ - ROS	N/A	Cabotaje	Av. General	694
IRJ - ROS	N/A	Cabotaje	Comercial	694
MDQ - MLZ	N/A	Internacional	Comercial	694
CTC - TTG		Cabotaje	Av. General	694
CTC - TTG	American Jet	Cabotaje	Av. General	694
CTC - TTG	N/A	Cabotaje	Comercial	694
EZE - VDR		Cabotaje	Av. General	693
EZE - VDR		Cabotaje	Comercial	693
EZE - VDR	American Jet	Cabotaje	Comercial	693
EZE - VDR	Línea Aérea SAPSA	Cabotaje	Av. General	693
EZE - VDR	Línea Aérea SAPSA	Cabotaje	Comercial	693
EZE - VDR	Macair Jet	Cabotaje	Comercial	693
EZE - VDR	N/A	Cabotaje	Av. General	693
EZE - VDR	N/A	Cabotaje	Comercial	693
RSA - SCL	N/A	Internacional	Av. General	692
FMA - TTG	Ejército Argentino	Cabotaje	Av. General	691
FMA - TTG	N/A	Cabotaje	Av. General	691
FMA - TTG	N/A	Cabotaje	Comercial	691
LCM - SLA		Cabotaje	Av. General	691
LCM - SLA	N/A	Cabotaje	Av. General	691
IRJ - RCQ		Cabotaje	Av. General	691
IRJ - RCQ	N/A	Cabotaje	Av. General	691
IRJ - RCQ	N/A	Cabotaje	Comercial	691
GNR - OVR	N/A	Cabotaje	Av. General	691
AEP - VDR		Cabotaje	Comercial	691
AEP - VDR	American Jet	Cabotaje	Comercial	691
AEP - VDR	Macair Jet	Cabotaje	Comercial	691
AEP - VDR	N/A	Cabotaje	Av. General	691
AEP - VDR	N/A	Cabotaje	Comercial	691
PMY - RSA		Cabotaje	Av. General	691
PMY - RSA		Cabotaje	Comercial	691
PMY - RSA	American Jet	Cabotaje	Comercial	691
PMY - RSA	Andes Líneas Aéreas	Cabotaje	Comercial	691
PMY - RSA	N/A	Cabotaje	Av. General	691
PMY - RSA	N/A	Cabotaje	Comercial	691
PSS - RAF		Cabotaje	Av. General	690
PSS - RAF		Cabotaje	Comercial	690
PSS - RAF	N/A	Cabotaje	Av. General	690
PSS - RAF	N/A	Cabotaje	Comercial	690
PSS - RAF	Prefectura Naval Argentina	Cabotaje	Av. General	690
PDI - RCU	Fuerza Aérea Argentina	Cabotaje	Av. General	689
APZ - BHI		Cabotaje	Av. General	689
LUQ - OVR		Cabotaje	Av. General	689
LUQ - OVR	N/A	Cabotaje	Av. General	689
OYO - RCU		Cabotaje	Comercial	689
OYO - RCU	N/A	Cabotaje	Av. General	689
FMA - TUC		Cabotaje	Av. General	688
FMA - TUC		Cabotaje	Comercial	688
FMA - TUC	American Jet	Cabotaje	Av. General	688
FMA - TUC	American Jet	Cabotaje	Comercial	688
FMA - TUC	Fuerza Aérea Argentina	Cabotaje	Av. General	688
FMA - TUC	N/A	Cabotaje	Av. General	688
FMA - TUC	N/A	Cabotaje	Comercial	688
COR - LSC	Andes Líneas Aéreas	Internacional	Comercial	688
COR - LSC	JetSMART Airlines	Internacional	Comercial	688
COR - LSC	N/A	Internacional	Av. General	688
CNQ - LCM	N/A	Cabotaje	Av. General	686
CNQ - LCM	N/A	Cabotaje	Comercial	686
PRQ - ROS		Cabotaje	Av. General	686
PRQ - ROS	American Jet	Cabotaje	Comercial	686
PRQ - ROS	N/A	Cabotaje	Av. General	686
PRQ - ROS	N/A	Cabotaje	Comercial	686
BRC - VDM		Cabotaje	Av. General	686
BRC - VDM		Cabotaje	Comercial	686
BRC - VDM	Aerolíneas Argentinas	Cabotaje	Comercial	686
BRC - VDM	American Jet	Cabotaje	Comercial	686
BRC - VDM	Andes Líneas Aéreas	Cabotaje	Comercial	686
BRC - VDM	Austral Líneas Aéreas	Cabotaje	Comercial	686
BRC - VDM	Fuerza Aérea Uruguaya	Cabotaje	Av. General	686
BRC - VDM	Interjet	Cabotaje	Av. General	686
BRC - VDM	Interjet	Cabotaje	Comercial	686
BRC - VDM	LADE - Líneas Aéreas Del Estado	Cabotaje	Av. General	686
BRC - VDM	Línea Aérea SAPSA	Cabotaje	Av. General	686
BRC - VDM	Línea Aérea SAPSA	Cabotaje	Comercial	686
BRC - VDM	N/A	Cabotaje	Av. General	686
BRC - VDM	N/A	Cabotaje	Comercial	686
BRC - VDM	Transportes Aéreos San Rafael	Cabotaje	Av. General	686
LCM - MOR		Cabotaje	Av. General	686
LCM - MOR	N/A	Cabotaje	Av. General	686
PUD - RGA	N/A	Cabotaje	Av. General	685
PUD - RGA	N/A	Cabotaje	Comercial	685
SFN - TUC		Cabotaje	Av. General	684
SFN - TUC		Cabotaje	Comercial	684
SFN - TUC	American Jet	Cabotaje	Av. General	684
SFN - TUC	American Jet	Cabotaje	Comercial	684
SFN - TUC	Ejército Argentino	Cabotaje	Av. General	684
SFN - TUC	Fuerza Aérea Argentina	Cabotaje	Av. General	684
SFN - TUC	Macair Jet	Cabotaje	Comercial	684
SFN - TUC	N/A	Cabotaje	Av. General	684
SFN - TUC	N/A	Cabotaje	Comercial	684
MDZ - NQN		Cabotaje	Av. General	683
MDZ - NQN		Cabotaje	Comercial	683
MDZ - NQN	Aerolíneas Argentinas	Cabotaje	Comercial	683
MDZ - NQN	American Jet	Cabotaje	Av. General	683
MDZ - NQN	American Jet	Cabotaje	Comercial	683
MDZ - NQN	Andes Líneas Aéreas	Cabotaje	Comercial	683
MDZ - NQN	Austral Líneas Aéreas	Cabotaje	Av. General	683
MDZ - NQN	Austral Líneas Aéreas	Cabotaje	Comercial	683
MDZ - NQN	Ejército Argentino	Cabotaje	Av. General	683
MDZ - NQN	Flybondi	Cabotaje	Comercial	683
MDZ - NQN	Fuerza Aérea Argentina	Cabotaje	Av. General	683
MDZ - NQN	JetSMART Airlines	Cabotaje	Comercial	683
MDZ - NQN	LADE - Líneas Aéreas Del Estado	Cabotaje	Av. General	683
MDZ - NQN	LADE - Líneas Aéreas Del Estado	Cabotaje	Comercial	683
MDZ - NQN	LATAM Argentina	Cabotaje	Comercial	683
MDZ - NQN	Línea Aérea SAPSA	Cabotaje	Comercial	683
MDZ - NQN	Macair Jet	Cabotaje	Comercial	683
MDZ - NQN	N/A	Cabotaje	Av. General	683
MDZ - NQN	N/A	Cabotaje	Comercial	683
MDZ - NQN	SOL Líneas Aéreas	Cabotaje	Comercial	683
MDZ - NQN	Southern Air	Cabotaje	Av. General	683
PRA - VLG		Cabotaje	Av. General	683
PRA - VLG		Cabotaje	Comercial	683
PRA - VLG	Fuerza Aérea Argentina	Cabotaje	Av. General	683
PRA - VLG	N/A	Cabotaje	Av. General	683
NQN - OYO		Cabotaje	Av. General	683
NQN - OYO		Cabotaje	Comercial	683
NQN - OYO	N/A	Cabotaje	Av. General	683
NQN - OYO	N/A	Cabotaje	Comercial	683
CNQ - COR		Cabotaje	Av. General	682
CNQ - COR		Cabotaje	Comercial	682
CNQ - COR	Aerolíneas Argentinas	Cabotaje	Comercial	682
CNQ - COR	Austral Líneas Aéreas	Cabotaje	Comercial	682
CNQ - COR	Flybondi	Cabotaje	Comercial	682
CNQ - COR	Fuerza Aérea Argentina	Cabotaje	Av. General	682
CNQ - COR	N/A	Cabotaje	Av. General	682
CNQ - COR	N/A	Cabotaje	Comercial	682
CNQ - COR	Prefectura Naval Argentina	Cabotaje	Av. General	682
COC - VDR	N/A	Cabotaje	Comercial	681
CUT - MDZ		Cabotaje	Av. General	681
CUT - MDZ	Aerolíneas Argentinas	Cabotaje	Comercial	681
CUT - MDZ	N/A	Cabotaje	Comercial	681
COR - LGS		Cabotaje	Av. General	681
COR - LGS		Cabotaje	Comercial	681
COR - LGS	N/A	Cabotaje	Av. General	681
COR - LGS	N/A	Cabotaje	Comercial	681
TDL - VME		Cabotaje	Av. General	681
TDL - VME	Fuerza Aérea Argentina	Cabotaje	Av. General	681
TDL - VME	N/A	Cabotaje	Av. General	681
IQQ - SLA		Internacional	Av. General	681
IQQ - SLA	Amaszonas	Internacional	Av. General	681
IQQ - SLA	Amaszonas	Internacional	Comercial	681
IQQ - SLA	LATAM	Internacional	Comercial	681
IQQ - SLA	LATAM Perú	Internacional	Comercial	681
IQQ - SLA	N/A	Internacional	Av. General	681
IQQ - SLA	N/A	Internacional	Comercial	681
OYO - REL	N/A	Cabotaje	Av. General	679
FMA - RHD		Cabotaje	Comercial	678
FMA - RHD	N/A	Cabotaje	Av. General	678
FMA - RHD	Prefectura Naval Argentina	Cabotaje	Av. General	678
MOR - VDR		Cabotaje	Av. General	677
IQQ - JUJ		Internacional	Av. General	677
IQQ - JUJ	Aerovías DAP	Internacional	Av. General	677
IQQ - JUJ	Aerovías DAP	Internacional	Comercial	677
IQQ - JUJ	N/A	Internacional	Av. General	677
RSA - UAQ		Cabotaje	Av. General	676
RSA - UAQ		Cabotaje	Comercial	676
RSA - UAQ	Ameriflight	Cabotaje	Comercial	676
RSA - UAQ	Andes Líneas Aéreas	Cabotaje	Comercial	676
RSA - UAQ	Fuerza Aérea Argentina	Cabotaje	Av. General	676
RSA - UAQ	N/A	Cabotaje	Av. General	676
RSA - UAQ	N/A	Cabotaje	Comercial	676
EPA - VDR	Fuerza Aérea Argentina	Cabotaje	Av. General	676
NCJ - RSA		Cabotaje	Av. General	676
NCJ - RSA	N/A	Cabotaje	Av. General	676
NCJ - RSA	N/A	Cabotaje	Comercial	676
PMC - PMY	N/A	Internacional	Comercial	676
ASU - COC		Internacional	Av. General	676
ASU - COC	N/A	Internacional	Av. General	676
FDO - LCM		Cabotaje	Av. General	676
FDO - LCM		Cabotaje	Comercial	676
FDO - LCM	N/A	Cabotaje	Av. General	676
FDO - LCM	N/A	Cabotaje	Comercial	676
GHU - PSS		Cabotaje	Av. General	676
GHU - PSS	Gendarmería Nacional	Cabotaje	Av. General	676
GHU - PSS	N/A	Cabotaje	Av. General	676
EQS - PUD		Cabotaje	Av. General	675
RSA - SST		Cabotaje	Av. General	675
CTC - ROS		Cabotaje	Av. General	675
CTC - ROS		Cabotaje	Comercial	675
CTC - ROS	Aerolíneas Argentinas	Cabotaje	Comercial	675
CTC - ROS	Fuerza Aérea Argentina	Cabotaje	Av. General	675
CTC - ROS	N/A	Cabotaje	Av. General	675
CTC - ROS	N/A	Cabotaje	Comercial	675
AEP - RLO		Cabotaje	Av. General	674
AEP - RLO		Cabotaje	Comercial	674
AEP - RLO	Aerolíneas Argentinas	Cabotaje	Comercial	674
AEP - RLO	American Jet	Cabotaje	Comercial	674
AEP - RLO	Austral Líneas Aéreas	Cabotaje	Comercial	674
AEP - RLO	Avianca	Cabotaje	Comercial	674
AEP - RLO	Fuerza Aérea Argentina	Cabotaje	Av. General	674
AEP - RLO	LADE - Líneas Aéreas Del Estado	Cabotaje	Av. General	674
AEP - RLO	LADE - Líneas Aéreas Del Estado	Cabotaje	Comercial	674
AEP - RLO	Macair Jet	Cabotaje	Av. General	674
AEP - RLO	Macair Jet	Cabotaje	Comercial	674
AEP - RLO	N/A	Cabotaje	Av. General	674
AEP - RLO	N/A	Cabotaje	Comercial	674
AEP - RLO	SOL Líneas Aéreas	Cabotaje	Comercial	674
EZE - RLO		Cabotaje	Av. General	673
EZE - RLO		Cabotaje	Comercial	673
EZE - RLO	Aerolíneas Argentinas	Cabotaje	Comercial	673
EZE - RLO	American Jet	Cabotaje	Comercial	673
EZE - RLO	Fuerza Aérea Argentina	Cabotaje	Av. General	673
EZE - RLO	LADE - Líneas Aéreas Del Estado	Cabotaje	Av. General	673
EZE - RLO	LADE - Líneas Aéreas Del Estado	Cabotaje	Comercial	673
EZE - RLO	Macair Jet	Cabotaje	Comercial	673
EZE - RLO	N/A	Cabotaje	Comercial	673
PMC - REL	N/A	Internacional	Av. General	673
PMC - REL	N/A	Internacional	Comercial	673
EZE - PET	N/A	Internacional	Av. General	673
EZE - PET	N/A	Internacional	Comercial	673
PSS - SFN		Cabotaje	Av. General	672
PSS - SFN		Cabotaje	Comercial	672
PSS - SFN	N/A	Cabotaje	Av. General	672
PSS - SFN	N/A	Cabotaje	Comercial	672
SDE - VME		Cabotaje	Av. General	672
SDE - VME	Fuerza Aérea Argentina	Cabotaje	Av. General	672
SDE - VME	N/A	Cabotaje	Av. General	672
FDO - VDR		Cabotaje	Av. General	671
FDO - VDR		Cabotaje	Comercial	671
FDO - VDR	Línea Aérea SAPSA	Cabotaje	Av. General	671
FDO - VDR	N/A	Cabotaje	Av. General	671
FDO - VDR	N/A	Cabotaje	Comercial	671
COC - TDL	Fuerza Aérea Argentina	Cabotaje	Av. General	671
COC - TDL	N/A	Cabotaje	Av. General	671
NCJ - PSS		Cabotaje	Av. General	671
NCJ - PSS	N/A	Cabotaje	Av. General	671
COR - OVL	N/A	Internacional	Av. General	671
CTC - RES		Cabotaje	Av. General	670
CTC - RES		Cabotaje	Comercial	670
CTC - RES	Austral Líneas Aéreas	Cabotaje	Comercial	670
CTC - RES	Fuerza Aérea Argentina	Cabotaje	Av. General	670
CTC - RES	N/A	Cabotaje	Av. General	670
COC - POA	N/A	Internacional	Av. General	669
ENO - PRA	N/A	Internacional	Av. General	668
ENO - PRA	N/A	Internacional	Comercial	668
COC - VLG		Cabotaje	Av. General	667
COC - VLG	N/A	Cabotaje	Av. General	667
DZO - PSS	N/A	Internacional	Av. General	667
BRC - CVI	N/A	Cabotaje	Av. General	665
BRC - CVI	N/A	Cabotaje	Comercial	665
ROS - SDE		Cabotaje	Av. General	665
ROS - SDE		Cabotaje	Comercial	665
ROS - SDE	Aerolíneas Argentinas	Cabotaje	Comercial	665
ROS - SDE	American Jet	Cabotaje	Av. General	665
ROS - SDE	American Jet	Cabotaje	Comercial	665
ROS - SDE	Andes Líneas Aéreas	Cabotaje	Comercial	665
ROS - SDE	Austral Líneas Aéreas	Cabotaje	Comercial	665
ROS - SDE	Flyest	Cabotaje	Comercial	665
ROS - SDE	Fuerza Aérea Argentina	Cabotaje	Av. General	665
ROS - SDE	Gendarmería Nacional	Cabotaje	Av. General	665
ROS - SDE	N/A	Cabotaje	Av. General	665
ROS - SDE	N/A	Cabotaje	Comercial	665
LPG - RCQ		Cabotaje	Av. General	663
LPG - RCQ	N/A	Cabotaje	Av. General	663
CRD - PMC		Internacional	Av. General	663
CRD - PMC		Internacional	Comercial	663
CRD - PMC	Aerocardal	Internacional	Av. General	663
CRD - PMC	N/A	Internacional	Av. General	663
LCM - RES		Cabotaje	Av. General	663
LCM - RES		Cabotaje	Comercial	663
LCM - RES	N/A	Cabotaje	Av. General	663
LCM - RES	N/A	Cabotaje	Comercial	663
CRD - RGL		Cabotaje	Av. General	662
CRD - RGL		Cabotaje	Comercial	662
CRD - RGL	Aerolíneas Argentinas	Cabotaje	Comercial	662
CRD - RGL	Aerovías DAP	Cabotaje	Av. General	662
CRD - RGL	Aerovías DAP	Cabotaje	Comercial	662
CRD - RGL	American Jet	Cabotaje	Av. General	662
CRD - RGL	American Jet	Cabotaje	Comercial	662
CRD - RGL	Armada Argentina	Cabotaje	Av. General	662
CRD - RGL	Austral Líneas Aéreas	Cabotaje	Comercial	662
CRD - RGL	Chief of Staff, United States Air Force	Cabotaje	Av. General	662
CRD - RGL	DAP Helicopteros	Cabotaje	Av. General	662
CRD - RGL	Ejército Argentino	Cabotaje	Av. General	662
CRD - RGL	Flyest	Cabotaje	Comercial	662
CRD - RGL	Fuerza Aérea Argentina	Cabotaje	Av. General	662
CRD - RGL	Gendarmería Nacional	Cabotaje	Av. General	662
CRD - RGL	JetSMART Airlines	Cabotaje	Comercial	662
CRD - RGL	LADE - Líneas Aéreas Del Estado	Cabotaje	Av. General	662
CRD - RGL	LADE - Líneas Aéreas Del Estado	Cabotaje	Comercial	662
CRD - RGL	LATAM Argentina	Cabotaje	Comercial	662
CRD - RGL	Lauda Air	Cabotaje	Av. General	662
CRD - RGL	Líneas Aéreas Suramericanas	Cabotaje	Av. General	662
CRD - RGL	N/A	Cabotaje	Av. General	662
CRD - RGL	N/A	Cabotaje	Comercial	662
CRD - RGL	Prefectura Naval Argentina	Cabotaje	Av. General	662
CRD - RGL	SOL Líneas Aéreas	Cabotaje	Comercial	662
MPN - RGA		Cabotaje	Comercial	662
NQN - SCL		Internacional	Av. General	662
NQN - SCL		Internacional	Comercial	662
NQN - SCL	Aerocardal	Internacional	Av. General	662
NQN - SCL	Aerocardal	Internacional	Comercial	662
NQN - SCL	American Jet	Internacional	Comercial	662
NQN - SCL	Austral Líneas Aéreas	Internacional	Av. General	662
NQN - SCL	Avianca	Internacional	Comercial	662
NQN - SCL	Ejército Argentino	Internacional	Av. General	662
NQN - SCL	JetSMART Airlines	Internacional	Comercial	662
NQN - SCL	LATAM Argentina	Internacional	Comercial	662
NQN - SCL	N/A	Internacional	Av. General	662
NQN - SCL	N/A	Internacional	Comercial	662
IRJ - PRA		Cabotaje	Av. General	662
IRJ - PRA		Cabotaje	Comercial	662
IRJ - PRA	Ejército Argentino	Cabotaje	Av. General	662
IRJ - PRA	Fuerza Aérea Argentina	Cabotaje	Av. General	662
IRJ - PRA	N/A	Cabotaje	Av. General	662
IRJ - PRA	N/A	Cabotaje	Comercial	662
FMA - SFN		Cabotaje	Av. General	662
FMA - SFN		Cabotaje	Comercial	662
FMA - SFN	N/A	Cabotaje	Av. General	662
FMA - SFN	SOL Líneas Aéreas	Cabotaje	Comercial	662
LUQ - RHD	Andes Líneas Aéreas	Cabotaje	Comercial	660
BHI - ROS		Cabotaje	Av. General	660
BHI - ROS		Cabotaje	Comercial	660
BHI - ROS	Aerolíneas Argentinas	Cabotaje	Comercial	660
BHI - ROS	American Jet	Cabotaje	Comercial	660
BHI - ROS	Ameriflight	Cabotaje	Av. General	660
BHI - ROS	Andes Líneas Aéreas	Cabotaje	Comercial	660
BHI - ROS	Fuerza Aérea Argentina	Cabotaje	Av. General	660
BHI - ROS	Línea Aérea SAPSA	Cabotaje	Av. General	660
BHI - ROS	Línea Aérea SAPSA	Cabotaje	Comercial	660
BHI - ROS	Macair Jet	Cabotaje	Comercial	660
BHI - ROS	N/A	Cabotaje	Av. General	660
BHI - ROS	N/A	Cabotaje	Comercial	660
BHI - ROS	SOL Líneas Aéreas	Cabotaje	Av. General	660
BHI - ROS	SOL Líneas Aéreas	Cabotaje	Comercial	660
COR - SCL		Internacional	Av. General	660
COR - SCL		Internacional	Comercial	660
COR - SCL	Aeroandina	Internacional	Av. General	660
COR - SCL	Aeroandina	Internacional	Comercial	660
COR - SCL	Aerocardal	Internacional	Av. General	660
COR - SCL	Aerocardal	Internacional	Comercial	660
COR - SCL	Aerolíneas Argentinas	Internacional	Comercial	660
COR - SCL	Aerovías DAP	Internacional	Av. General	660
COR - SCL	Aerovías DAP	Internacional	Comercial	660
COR - SCL	Air Europa	Internacional	Comercial	660
COR - SCL	American Jet	Internacional	Av. General	660
COR - SCL	American Jet	Internacional	Comercial	660
COR - SCL	Andes Líneas Aéreas	Internacional	Comercial	660
COR - SCL	Austral Líneas Aéreas	Internacional	Comercial	660
COR - SCL	Copa Airlines	Internacional	Comercial	660
COR - SCL	Fair Wind Air Charter	Internacional	Av. General	660
COR - SCL	Flyest	Internacional	Comercial	660
COR - SCL	Fuerza Aérea Argentina	Internacional	Av. General	660
COR - SCL	Fuerza Aérea Brasilera	Internacional	Av. General	660
COR - SCL	Gol Transportes Aéreos	Internacional	Comercial	660
COR - SCL	Iberia Airlines	Internacional	Comercial	660
COR - SCL	JetSMART Airlines	Internacional	Comercial	660
COR - SCL	LATAM	Internacional	Av. General	660
COR - SCL	LATAM	Internacional	Comercial	660
COR - SCL	LATAM Argentina	Internacional	Comercial	660
COR - SCL	LATAM Cargo Uruguay	Internacional	Comercial	660
COR - SCL	LATAM Perú	Internacional	Comercial	660
COR - SCL	N/A	Internacional	Av. General	660
COR - SCL	N/A	Internacional	Comercial	660
COR - SCL	NetJets	Internacional	Av. General	660
COR - SCL	Sky Airline	Internacional	Av. General	660
COR - SCL	Sky Airline	Internacional	Comercial	660
COR - SCL	Swiftair	Internacional	Av. General	660
COR - SCL	TAG Aviation	Internacional	Av. General	660
COR - SCL	TAM Linhas Aéreas	Internacional	Comercial	660
COR - SCL	United Airlines	Internacional	Comercial	660
COR - RES		Cabotaje	Av. General	660
COR - RES		Cabotaje	Comercial	660
COR - RES	Aerolíneas Argentinas	Cabotaje	Av. General	660
COR - RES	Aerolíneas Argentinas	Cabotaje	Comercial	660
COR - RES	American Jet	Cabotaje	Av. General	660
COR - RES	American Jet	Cabotaje	Comercial	660
COR - RES	Ameriflight	Cabotaje	Av. General	660
COR - RES	Andes Líneas Aéreas	Cabotaje	Comercial	660
COR - RES	Austral Líneas Aéreas	Cabotaje	Comercial	660
COR - RES	Copa Airlines	Cabotaje	Comercial	660
COR - RES	Ejército Argentino	Cabotaje	Av. General	660
COR - RES	Flybondi	Cabotaje	Comercial	660
COR - RES	Fuerza Aérea Argentina	Cabotaje	Av. General	660
COR - RES	JetSMART Airlines	Cabotaje	Comercial	660
COR - RES	LATAM Argentina	Cabotaje	Comercial	660
COR - RES	Macair Jet	Cabotaje	Comercial	660
COR - RES	N/A	Cabotaje	Av. General	660
COR - RES	N/A	Cabotaje	Comercial	660
NCJ - UAQ	American Jet	Cabotaje	Comercial	659
NCJ - UAQ	N/A	Cabotaje	Comercial	659
FMA - PRA		Cabotaje	Av. General	659
FMA - PRA		Cabotaje	Comercial	659
FMA - PRA	Ejército Argentino	Cabotaje	Av. General	659
FMA - PRA	Fuerza Aérea Argentina	Cabotaje	Av. General	659
FMA - PRA	N/A	Cabotaje	Av. General	659
FMA - PRA	N/A	Cabotaje	Comercial	659
MOR - RLO		Cabotaje	Av. General	658
MOR - RLO	N/A	Cabotaje	Av. General	658
FDO - PET		Internacional	Av. General	658
FDO - PET		Internacional	Comercial	658
EPA - RLO	Fuerza Aérea Argentina	Cabotaje	Av. General	658
EPA - RLO	N/A	Cabotaje	Av. General	658
FDO - PET	N/A	Internacional	Av. General	658
FDO - PET	N/A	Internacional	Comercial	658
RAF - UAQ		Cabotaje	Av. General	658
RAF - UAQ		Cabotaje	Comercial	658
ANF - TUC		Internacional	Comercial	658
ANF - TUC	Aerocardal	Internacional	Comercial	658
ANF - TUC	Aerovías DAP	Internacional	Av. General	658
ANF - TUC	Atlas Air	Internacional	Comercial	658
ANF - TUC	Fuerza Aérea Argentina	Internacional	Av. General	658
ANF - TUC	LATAM	Internacional	Comercial	658
ANF - TUC	N/A	Internacional	Av. General	658
AFA - CPC		Cabotaje	Av. General	657
AFA - CPC		Cabotaje	Comercial	657
AFA - CPC	American Jet	Cabotaje	Av. General	657
AFA - CPC	American Jet	Cabotaje	Comercial	657
AFA - CPC	N/A	Cabotaje	Av. General	657
AFA - CPC	N/A	Cabotaje	Comercial	657
COR - EZE		Cabotaje	Av. General	657
COR - EZE		Cabotaje	Comercial	657
COR - EZE	Aerolíneas Argentinas	Cabotaje	Av. General	657
COR - EZE	Aerolíneas Argentinas	Cabotaje	Comercial	657
COR - EZE	Aeroméxico	Cabotaje	Comercial	657
COR - EZE	Air Europa	Cabotaje	Comercial	657
COR - EZE	Air France	Cabotaje	Comercial	657
COR - EZE	Alitalia	Cabotaje	Comercial	657
COR - EZE	American Airlines	Cabotaje	Comercial	657
COR - EZE	American Jet	Cabotaje	Av. General	657
COR - EZE	American Jet	Cabotaje	Comercial	657
COR - EZE	Ameriflight	Cabotaje	Av. General	657
COR - EZE	Andes Líneas Aéreas	Cabotaje	Av. General	657
COR - EZE	Andes Líneas Aéreas	Cabotaje	Comercial	657
COR - EZE	Austral Líneas Aéreas	Cabotaje	Comercial	657
COR - EZE	Avianca	Cabotaje	Av. General	657
COR - EZE	Avianca	Cabotaje	Comercial	657
COR - EZE	Avianca Costa Rica	Cabotaje	Comercial	657
COR - EZE	Avianca Perú	Cabotaje	Comercial	657
COR - EZE	Boliviana de Aviacion	Cabotaje	Comercial	657
COR - EZE	British Airways	Cabotaje	Comercial	657
COR - EZE	Copa Airlines	Cabotaje	Comercial	657
COR - EZE	Delta Air Lines	Cabotaje	Comercial	657
COR - EZE	Execujet Charter	Cabotaje	Av. General	657
COR - EZE	Executive Air Charter	Cabotaje	Av. General	657
COR - EZE	Executive Air Charter	Cabotaje	Comercial	657
COR - EZE	Flybondi	Cabotaje	Comercial	657
COR - EZE	Flyest	Cabotaje	Comercial	657
COR - EZE	Fuerza Aérea Argentina	Cabotaje	Av. General	657
COR - EZE	Fuerza Aérea Uruguaya	Cabotaje	Av. General	657
COR - EZE	Gol Transportes Aéreos	Cabotaje	Comercial	657
COR - EZE	Iberia Airlines	Cabotaje	Comercial	657
COR - EZE	ITA Airways	Cabotaje	Comercial	657
COR - EZE	JetSMART Airlines	Cabotaje	Comercial	657
COR - EZE	KLM	Cabotaje	Comercial	657
COR - EZE	LATAM	Cabotaje	Av. General	657
COR - EZE	LATAM	Cabotaje	Comercial	657
COR - EZE	LATAM Argentina	Cabotaje	Comercial	657
COR - EZE	LATAM Ecuador	Cabotaje	Comercial	657
COR - EZE	LATAM Paraguay	Cabotaje	Comercial	657
COR - EZE	LATAM Perú	Cabotaje	Comercial	657
COR - EZE	Línea Aérea SAPSA	Cabotaje	Av. General	657
COR - EZE	Línea Aérea SAPSA	Cabotaje	Comercial	657
COR - EZE	Macair Jet	Cabotaje	Av. General	657
COR - EZE	Macair Jet	Cabotaje	Comercial	657
COR - EZE	Martinair	Cabotaje	Comercial	657
COR - EZE	N/A	Cabotaje	Av. General	657
COR - EZE	N/A	Cabotaje	Comercial	657
COR - EZE	Norwegian Air Argentina	Cabotaje	Av. General	657
COR - EZE	Norwegian Air Argentina	Cabotaje	Comercial	657
COR - EZE	Qatar Amiri Flight	Cabotaje	Av. General	657
COR - EZE	Swiftair	Cabotaje	Comercial	657
COR - EZE	TAM Linhas Aéreas	Cabotaje	Av. General	657
COR - EZE	TAM Linhas Aéreas	Cabotaje	Comercial	657
COR - EZE	Turkish Airlines	Cabotaje	Comercial	657
COR - EZE	United Airlines	Cabotaje	Comercial	657
PRA - PSS		Cabotaje	Av. General	657
PRA - PSS		Cabotaje	Comercial	657
PRA - PSS	Andes Líneas Aéreas	Cabotaje	Comercial	657
PRA - PSS	Ejército Argentino	Cabotaje	Av. General	657
PRA - PSS	Fuerza Aérea Argentina	Cabotaje	Av. General	657
PRA - PSS	Gendarmería Nacional	Cabotaje	Av. General	657
PRA - PSS	Helicol	Cabotaje	Av. General	657
PRA - PSS	Helicol	Cabotaje	Comercial	657
PRA - PSS	N/A	Cabotaje	Av. General	657
PRA - PSS	N/A	Cabotaje	Comercial	657
SFN - SST		Cabotaje	Av. General	656
CRD - VDM		Cabotaje	Av. General	656
CRD - VDM		Cabotaje	Comercial	656
CRD - VDM	Aerolíneas Argentinas	Cabotaje	Comercial	656
CRD - VDM	American Jet	Cabotaje	Comercial	656
CRD - VDM	Ejército Argentino	Cabotaje	Av. General	656
CRD - VDM	Fuerza Aérea Argentina	Cabotaje	Av. General	656
CRD - VDM	LADE - Líneas Aéreas Del Estado	Cabotaje	Comercial	656
CRD - VDM	N/A	Cabotaje	Av. General	656
CRD - VDM	N/A	Cabotaje	Comercial	656
CRD - VDM	Prefectura Naval Argentina	Cabotaje	Av. General	656
VDM - VLG		Cabotaje	Av. General	656
VDM - VLG	N/A	Cabotaje	Av. General	656
VDM - VLG	N/A	Cabotaje	Comercial	656
BHI - RCU		Cabotaje	Av. General	655
BHI - RCU	American Jet	Cabotaje	Av. General	655
BHI - RCU	American Jet	Cabotaje	Comercial	655
BHI - RCU	Fuerza Aérea Argentina	Cabotaje	Av. General	655
BHI - RCU	LADE - Líneas Aéreas Del Estado	Cabotaje	Av. General	655
BHI - RCU	N/A	Cabotaje	Av. General	655
BHI - RCU	N/A	Cabotaje	Comercial	655
NQN - PEH		Cabotaje	Av. General	655
NQN - PEH		Cabotaje	Comercial	655
NQN - PEH	N/A	Cabotaje	Av. General	655
FDO - RLO		Cabotaje	Av. General	655
FDO - RLO		Cabotaje	Comercial	655
FDO - RLO	Aerocardal	Cabotaje	Comercial	655
FDO - RLO	American Jet	Cabotaje	Av. General	655
FDO - RLO	American Jet	Cabotaje	Comercial	655
FDO - RLO	Ameriflight	Cabotaje	Av. General	655
FDO - RLO	Línea Aérea SAPSA	Cabotaje	Av. General	655
FDO - RLO	N/A	Cabotaje	Av. General	655
FDO - RLO	N/A	Cabotaje	Comercial	655
GHU - RSA		Cabotaje	Av. General	653
GHU - RSA	N/A	Cabotaje	Av. General	653
LUQ - NQN		Cabotaje	Av. General	652
NQN - VMA		Cabotaje	Av. General	652
LUQ - NQN		Cabotaje	Comercial	652
LUQ - NQN	American Jet	Cabotaje	Comercial	652
NQN - VMA	American Jet	Cabotaje	Comercial	652
LUQ - NQN	Ejército Argentino	Cabotaje	Av. General	652
LUQ - NQN	Línea Aérea SAPSA	Cabotaje	Comercial	652
LUQ - NQN	N/A	Cabotaje	Av. General	652
NQN - VMA	N/A	Cabotaje	Av. General	652
LUQ - NQN	N/A	Cabotaje	Comercial	652
IGU - RCQ	N/A	Internacional	Av. General	652
BBA - CPC		Internacional	Comercial	652
CSZ - PMY		Cabotaje	Av. General	652
BGX - ROS		Internacional	Av. General	651
BGX - ROS	N/A	Internacional	Av. General	651
BGX - ROS	N/A	Internacional	Comercial	651
RCU - TDL		Cabotaje	Av. General	651
RCU - TDL		Cabotaje	Comercial	651
RCU - TDL	Fuerza Aérea Argentina	Cabotaje	Av. General	651
RCU - TDL	Línea Aérea SAPSA	Cabotaje	Av. General	651
RCU - TDL	N/A	Cabotaje	Av. General	651
AEP - COR		Cabotaje	Av. General	650
AEP - COR		Cabotaje	Comercial	650
AEP - COR	Aerolíneas Argentinas	Cabotaje	Av. General	650
AEP - COR	Aerolíneas Argentinas	Cabotaje	Comercial	650
AEP - COR	Air Alsie	Cabotaje	Av. General	650
AEP - COR	American Jet	Cabotaje	Av. General	650
AEP - COR	American Jet	Cabotaje	Comercial	650
AEP - COR	Ameriflight	Cabotaje	Av. General	650
AEP - COR	Andes Líneas Aéreas	Cabotaje	Av. General	650
AEP - COR	Andes Líneas Aéreas	Cabotaje	Comercial	650
AEP - COR	Armada Argentina	Cabotaje	Av. General	650
AEP - COR	Austral Líneas Aéreas	Cabotaje	Av. General	650
AEP - COR	Austral Líneas Aéreas	Cabotaje	Comercial	650
AEP - COR	Avianca	Cabotaje	Comercial	650
AEP - COR	Chief of Staff, United States Air Force	Cabotaje	Av. General	650
AEP - COR	Ejército Argentino	Cabotaje	Av. General	650
AEP - COR	Flybondi	Cabotaje	Av. General	650
AEP - COR	Flybondi	Cabotaje	Comercial	650
AEP - COR	Flyest	Cabotaje	Av. General	650
AEP - COR	Flyest	Cabotaje	Comercial	650
AEP - COR	Fuerza Aérea Argentina	Cabotaje	Av. General	650
AEP - COR	Fuerza Aérea Uruguaya	Cabotaje	Av. General	650
AEP - COR	Gendarmería Nacional	Cabotaje	Av. General	650
AEP - COR	Gestair	Cabotaje	Av. General	650
AEP - COR	Gestair	Cabotaje	Comercial	650
AEP - COR	Interjet	Cabotaje	Av. General	650
AEP - COR	Jet Aviation	Cabotaje	Comercial	650
AEP - COR	JetSMART Airlines	Cabotaje	Comercial	650
AEP - COR	LADE - Líneas Aéreas Del Estado	Cabotaje	Av. General	650
AEP - COR	LADE - Líneas Aéreas Del Estado	Cabotaje	Comercial	650
AEP - COR	LATAM	Cabotaje	Comercial	650
AEP - COR	LATAM Argentina	Cabotaje	Av. General	650
AEP - COR	LATAM Argentina	Cabotaje	Comercial	650
AEP - COR	LATAM Perú	Cabotaje	Comercial	650
AEP - COR	Línea Aérea SAPSA	Cabotaje	Av. General	650
AEP - COR	Línea Aérea SAPSA	Cabotaje	Comercial	650
AEP - COR	Macair Jet	Cabotaje	Av. General	650
AEP - COR	Macair Jet	Cabotaje	Comercial	650
AEP - COR	N/A	Cabotaje	Av. General	650
AEP - COR	N/A	Cabotaje	Comercial	650
AEP - COR	NetJets	Cabotaje	Av. General	650
AEP - COR	Norwegian Air Argentina	Cabotaje	Comercial	650
AEP - COR	Prefectura Naval Argentina	Cabotaje	Av. General	650
AEP - COR	SOL Líneas Aéreas	Cabotaje	Comercial	650
AEP - COR	TAG Aviation UK	Cabotaje	Av. General	650
AEP - COR	TAG Aviation UK	Cabotaje	Comercial	650
AEP - COR	TAM Linhas Aéreas	Cabotaje	Comercial	650
AEP - PET		Internacional	Comercial	649
AEP - PET	Brazilian Air Force	Internacional	Av. General	649
AEP - PET	Fuerza Aérea Brasilera	Internacional	Av. General	649
AEP - PET	N/A	Internacional	Av. General	649
AEP - PET	N/A	Internacional	Comercial	649
RDS - UAQ		Cabotaje	Comercial	649
CPO - MDZ	Ameriflight	Internacional	Comercial	649
CPO - MDZ	Fuerza Aérea Argentina	Internacional	Av. General	649
CPO - MDZ	LATAM	Internacional	Comercial	649
CPO - MDZ	N/A	Internacional	Av. General	649
RSA - VLG		Cabotaje	Av. General	649
AEP - VME		Cabotaje	Av. General	649
AEP - VME		Cabotaje	Comercial	649
AEP - VME	Aerolíneas Argentinas	Cabotaje	Comercial	649
AEP - VME	American Jet	Cabotaje	Av. General	649
AEP - VME	American Jet	Cabotaje	Comercial	649
AEP - VME	Andes Líneas Aéreas	Cabotaje	Comercial	649
AEP - VME	Austral Líneas Aéreas	Cabotaje	Comercial	649
AEP - VME	Avianca	Cabotaje	Av. General	649
AEP - VME	Avianca	Cabotaje	Comercial	649
AEP - VME	Flyest	Cabotaje	Av. General	649
AEP - VME	Flyest	Cabotaje	Comercial	649
AEP - VME	Fuerza Aérea Argentina	Cabotaje	Av. General	649
AEP - VME	Gendarmería Nacional	Cabotaje	Av. General	649
AEP - VME	Gestair	Cabotaje	Comercial	649
AEP - VME	LADE - Líneas Aéreas Del Estado	Cabotaje	Av. General	649
AEP - VME	LADE - Líneas Aéreas Del Estado	Cabotaje	Comercial	649
AEP - VME	Macair Jet	Cabotaje	Av. General	649
AEP - VME	Macair Jet	Cabotaje	Comercial	649
AEP - VME	N/A	Cabotaje	Av. General	649
AEP - VME	N/A	Cabotaje	Comercial	649
AEP - VME	SOL Líneas Aéreas	Cabotaje	Comercial	649
MJR - ROS		Cabotaje	Av. General	649
MJR - ROS		Cabotaje	Comercial	649
MJR - ROS	N/A	Cabotaje	Av. General	649
MJR - ROS	N/A	Cabotaje	Comercial	649
FMA - RAF		Cabotaje	Av. General	648
FMA - RAF		Cabotaje	Comercial	648
FMA - RAF	N/A	Cabotaje	Av. General	648
GNR - LUQ	N/A	Cabotaje	Av. General	648
NEC - ROS		Cabotaje	Av. General	646
NEC - ROS	N/A	Cabotaje	Av. General	646
NEC - ROS	N/A	Cabotaje	Comercial	646
BRC - LGS		Cabotaje	Av. General	645
BRC - LGS		Cabotaje	Comercial	645
BRC - LGS	Fuerza Aérea Argentina	Cabotaje	Av. General	645
BRC - LGS	N/A	Cabotaje	Av. General	645
BRC - LGS	N/A	Cabotaje	Comercial	645
BRC - TLX		Internacional	Av. General	644
BRC - TLX		Internacional	Comercial	644
BRC - TLX	N/A	Internacional	Av. General	644
PRA - RHD		Cabotaje	Av. General	644
PRA - RHD	American Jet	Cabotaje	Comercial	644
PRA - RHD	Fuerza Aérea Argentina	Cabotaje	Av. General	644
PRA - RHD	Gendarmería Nacional	Cabotaje	Av. General	644
PRA - RHD	N/A	Cabotaje	Av. General	644
PRA - RHD	N/A	Cabotaje	Comercial	644
RAF - RSA		Cabotaje	Av. General	644
RAF - RSA	N/A	Cabotaje	Av. General	644
RAF - RSA	N/A	Cabotaje	Comercial	644
LUQ - SDE		Cabotaje	Av. General	644
SDE - VMA		Cabotaje	Av. General	644
LUQ - SDE		Cabotaje	Comercial	644
SDE - VMA		Cabotaje	Comercial	644
LUQ - SDE	Andes Líneas Aéreas	Cabotaje	Comercial	644
LUQ - SDE	N/A	Cabotaje	Av. General	644
SDE - VMA	N/A	Cabotaje	Av. General	644
LUQ - SDE	N/A	Cabotaje	Comercial	644
IGR - RCQ		Cabotaje	Av. General	643
IGR - RCQ		Cabotaje	Comercial	643
IGR - RCQ	Fuerza Aérea Argentina	Cabotaje	Av. General	643
IGR - RCQ	N/A	Cabotaje	Av. General	643
IGR - RCQ	N/A	Cabotaje	Comercial	643
IGR - RCQ	Planet Airways	Cabotaje	Av. General	643
APZ - VDM	N/A	Cabotaje	Av. General	643
CSZ - PRA		Cabotaje	Av. General	642
PMG - RES		Internacional	Av. General	642
EZE - VME		Cabotaje	Av. General	642
EZE - VME		Cabotaje	Comercial	642
EZE - VME	Fuerza Aérea Argentina	Cabotaje	Av. General	642
EZE - VME	LADE - Líneas Aéreas Del Estado	Cabotaje	Av. General	642
EZE - VME	LADE - Líneas Aéreas Del Estado	Cabotaje	Comercial	642
EZE - VME	Línea Aérea SAPSA	Cabotaje	Comercial	642
EZE - VME	N/A	Cabotaje	Av. General	642
EZE - VME	N/A	Cabotaje	Comercial	642
RDS - VDM		Cabotaje	Comercial	640
EZE - OYA		Cabotaje	Av. General	640
EZE - OYA		Cabotaje	Comercial	640
EZE - OYA	American Jet	Cabotaje	Av. General	640
EZE - OYA	American Jet	Cabotaje	Comercial	640
EZE - OYA	Austral Líneas Aéreas	Cabotaje	Comercial	640
EZE - OYA	Línea Aérea SAPSA	Cabotaje	Comercial	640
EZE - OYA	Macair Jet	Cabotaje	Comercial	640
EZE - OYA	N/A	Cabotaje	Av. General	640
EZE - OYA	N/A	Cabotaje	Comercial	640
COR - MOR		Cabotaje	Av. General	640
COR - MOR		Cabotaje	Comercial	640
COR - MOR	Aerolíneas Argentinas	Cabotaje	Comercial	640
COR - MOR	Fuerza Aérea Argentina	Cabotaje	Av. General	640
COR - MOR	N/A	Cabotaje	Av. General	640
COR - MOR	N/A	Cabotaje	Comercial	640
COC - ELO		Cabotaje	Av. General	639
COC - ELO	N/A	Cabotaje	Av. General	639
COC - ELO	N/A	Cabotaje	Comercial	639
RCU - RDS		Cabotaje	Av. General	638
CNQ - ROS		Cabotaje	Av. General	638
CNQ - ROS		Cabotaje	Comercial	638
CNQ - ROS	Aerolíneas Argentinas	Cabotaje	Comercial	638
CNQ - ROS	Ameriflight	Cabotaje	Av. General	638
CNQ - ROS	Fuerza Aérea Argentina	Cabotaje	Av. General	638
CNQ - ROS	Macair Jet	Cabotaje	Comercial	638
CNQ - ROS	N/A	Cabotaje	Av. General	638
CNQ - ROS	N/A	Cabotaje	Comercial	638
CNQ - ROS	Prefectura Naval Argentina	Cabotaje	Av. General	638
COR - EPA		Cabotaje	Av. General	638
COR - EPA		Cabotaje	Comercial	638
COR - EPA	Aerolíneas Argentinas	Cabotaje	Comercial	638
COR - EPA	Ameriflight	Cabotaje	Av. General	638
COR - EPA	Andes Líneas Aéreas	Cabotaje	Comercial	638
COR - EPA	Austral Líneas Aéreas	Cabotaje	Comercial	638
COR - EPA	Ejército Argentino	Cabotaje	Av. General	638
COR - EPA	Flybondi	Cabotaje	Comercial	638
COR - EPA	Fuerza Aérea Argentina	Cabotaje	Av. General	638
COR - EPA	Fuerza Aérea Argentina	Cabotaje	Comercial	638
COR - EPA	Fuerza Aérea Uruguaya	Cabotaje	Av. General	638
COR - EPA	Gendarmería Nacional	Cabotaje	Av. General	638
COR - EPA	JetSMART Airlines	Cabotaje	Comercial	638
COR - EPA	Macair Jet	Cabotaje	Comercial	638
COR - EPA	N/A	Cabotaje	Av. General	638
COR - EPA	N/A	Cabotaje	Comercial	638
PRA - RSA		Cabotaje	Av. General	638
PRA - RSA	American Jet	Cabotaje	Av. General	638
PRA - RSA	American Jet	Cabotaje	Comercial	638
PRA - RSA	Andes Líneas Aéreas	Cabotaje	Comercial	638
PRA - RSA	Fuerza Aérea Argentina	Cabotaje	Av. General	638
PRA - RSA	N/A	Cabotaje	Av. General	638
PDP - SFN		Internacional	Av. General	637
PDP - SFN		Internacional	Comercial	637
PDP - SFN	Andes Líneas Aéreas	Internacional	Comercial	637
PDP - SFN	N/A	Internacional	Av. General	637
PDP - SFN	N/A	Internacional	Comercial	637
OES - TDL	N/A	Cabotaje	Av. General	636
CRR - EZE	N/A	Cabotaje	Comercial	635
GHU - VME		Cabotaje	Av. General	635
EZE - RCQ		Cabotaje	Av. General	634
EZE - RCQ		Cabotaje	Comercial	634
EZE - RCQ	Aerolíneas Argentinas	Cabotaje	Comercial	634
EZE - RCQ	American Jet	Cabotaje	Av. General	634
EZE - RCQ	American Jet	Cabotaje	Comercial	634
EZE - RCQ	N/A	Cabotaje	Av. General	634
EZE - RCQ	N/A	Cabotaje	Comercial	634
COR - MDX		Cabotaje	Av. General	633
COR - MDX	Línea Aérea SAPSA	Cabotaje	Comercial	633
COR - MDX	N/A	Cabotaje	Av. General	633
COR - MDX	N/A	Cabotaje	Comercial	633
OYO - PMY	N/A	Cabotaje	Av. General	632
SFN - TDL		Cabotaje	Av. General	632
SFN - TDL	Fuerza Aérea Argentina	Cabotaje	Av. General	632
SFN - TDL	N/A	Cabotaje	Av. General	632
SFN - TDL	N/A	Cabotaje	Comercial	632
CNQ - TUC		Cabotaje	Av. General	632
CNQ - TUC		Cabotaje	Comercial	632
CNQ - TUC	Aerolíneas Argentinas	Cabotaje	Comercial	632
CNQ - TUC	American Jet	Cabotaje	Av. General	632
CNQ - TUC	Fuerza Aérea Argentina	Cabotaje	Av. General	632
CNQ - TUC	Macair Jet	Cabotaje	Av. General	632
CNQ - TUC	Macair Jet	Cabotaje	Comercial	632
CNQ - TUC	N/A	Cabotaje	Av. General	632
CNQ - TUC	N/A	Cabotaje	Comercial	632
FDO - VME		Cabotaje	Av. General	632
NQN - VME		Cabotaje	Av. General	632
FDO - VME		Cabotaje	Comercial	632
NQN - VME		Cabotaje	Comercial	632
FDO - VME	American Jet	Cabotaje	Av. General	632
FDO - VME	American Jet	Cabotaje	Comercial	632
FDO - VME	Chief of Staff, United States Air Force	Cabotaje	Av. General	632
NQN - VME	Ejército Argentino	Cabotaje	Av. General	632
NQN - VME	Fuerza Aérea Argentina	Cabotaje	Av. General	632
FDO - VME	Fuerza Aérea Uruguaya	Cabotaje	Av. General	632
FDO - VME	N/A	Cabotaje	Av. General	632
NQN - VME	N/A	Cabotaje	Av. General	632
FDO - VME	N/A	Cabotaje	Comercial	632
NQN - VME	N/A	Cabotaje	Comercial	632
PRA - SST	N/A	Cabotaje	Av. General	632
EPA - VME		Cabotaje	Av. General	631
EPA - VME	Ejército Argentino	Cabotaje	Av. General	631
EPA - VME	Fuerza Aérea Argentina	Cabotaje	Av. General	631
EPA - VME	N/A	Cabotaje	Av. General	631
MDQ - ROS		Cabotaje	Av. General	631
MDQ - ROS		Cabotaje	Comercial	631
MDQ - ROS	Aerolíneas Argentinas	Cabotaje	Comercial	631
MDQ - ROS	American Jet	Cabotaje	Av. General	631
MDQ - ROS	American Jet	Cabotaje	Comercial	631
MDQ - ROS	Austral Líneas Aéreas	Cabotaje	Comercial	631
MDQ - ROS	Avianca	Cabotaje	Comercial	631
MDQ - ROS	Ejército Argentino	Cabotaje	Av. General	631
MDQ - ROS	Flyest	Cabotaje	Comercial	631
MDQ - ROS	Fuerza Aérea Argentina	Cabotaje	Av. General	631
MDQ - ROS	N/A	Cabotaje	Av. General	631
MDQ - ROS	N/A	Cabotaje	Comercial	631
MDQ - ROS	Prefectura Naval Argentina	Cabotaje	Av. General	631
MDQ - ROS	SOL Líneas Aéreas	Cabotaje	Comercial	631
OYA - TUC		Cabotaje	Av. General	631
OYA - TUC	N/A	Cabotaje	Av. General	631
GPO - UAQ	N/A	Cabotaje	Av. General	630
GPO - UAQ	N/A	Cabotaje	Comercial	630
COR - FDO		Cabotaje	Av. General	630
COR - FDO		Cabotaje	Comercial	630
COR - FDO	Aerocardal	Cabotaje	Av. General	630
COR - FDO	Aerocardal	Cabotaje	Comercial	630
COR - FDO	Aerolíneas Argentinas	Cabotaje	Comercial	630
COR - FDO	American Jet	Cabotaje	Av. General	630
COR - FDO	American Jet	Cabotaje	Comercial	630
COR - FDO	Ameriflight	Cabotaje	Av. General	630
COR - FDO	Ameriflight	Cabotaje	Comercial	630
COR - FDO	Austral Líneas Aéreas	Cabotaje	Comercial	630
COR - FDO	Chief of Staff, United States Air Force	Cabotaje	Av. General	630
COR - FDO	Ejército Argentino	Cabotaje	Av. General	630
COR - FDO	Flybondi	Cabotaje	Comercial	630
COR - FDO	Fuerza Aérea Argentina	Cabotaje	Av. General	630
COR - FDO	Fuerza Aérea Uruguaya	Cabotaje	Av. General	630
COR - FDO	Gendarmería Nacional	Cabotaje	Av. General	630
COR - FDO	Interjet	Cabotaje	Av. General	630
COR - FDO	Interjet	Cabotaje	Comercial	630
COR - FDO	JetSMART Airlines	Cabotaje	Comercial	630
COR - FDO	LATAM Argentina	Cabotaje	Comercial	630
COR - FDO	Línea Aérea SAPSA	Cabotaje	Av. General	630
COR - FDO	Línea Aérea SAPSA	Cabotaje	Comercial	630
COR - FDO	Macair Jet	Cabotaje	Comercial	630
COR - FDO	N/A	Cabotaje	Av. General	630
COR - FDO	N/A	Cabotaje	Comercial	630
MDX - SDE		Cabotaje	Av. General	630
MDX - SDE	N/A	Cabotaje	Av. General	630
MOR - VME		Cabotaje	Av. General	630
MOR - VME	Fuerza Aérea Argentina	Cabotaje	Av. General	630
MOR - VME	N/A	Cabotaje	Av. General	630
RSA - SFN		Cabotaje	Av. General	630
RSA - SFN		Cabotaje	Comercial	630
RSA - SFN	Andes Líneas Aéreas	Cabotaje	Comercial	630
RSA - SFN	N/A	Cabotaje	Av. General	630
RSA - SFN	N/A	Cabotaje	Comercial	630
COR - LOB		Internacional	Av. General	630
IRJ - SFN		Cabotaje	Comercial	629
IRJ - SFN	American Jet	Cabotaje	Av. General	629
IRJ - SFN	American Jet	Cabotaje	Comercial	629
IRJ - SFN	N/A	Cabotaje	Av. General	629
IRJ - SFN	N/A	Cabotaje	Comercial	629
RES - ROS		Cabotaje	Av. General	629
RES - ROS		Cabotaje	Comercial	629
RES - ROS	Aerolíneas Argentinas	Cabotaje	Comercial	629
RES - ROS	Andes Líneas Aéreas	Cabotaje	Comercial	629
RES - ROS	Austral Líneas Aéreas	Cabotaje	Comercial	629
RES - ROS	Ejército Argentino	Cabotaje	Av. General	629
RES - ROS	Fuerza Aérea Argentina	Cabotaje	Av. General	629
RES - ROS	Gendarmería Nacional	Cabotaje	Av. General	629
RES - ROS	N/A	Cabotaje	Av. General	629
RES - ROS	N/A	Cabotaje	Comercial	629
RCU - RHD	N/A	Cabotaje	Av. General	628
FMA - SDE		Cabotaje	Av. General	627
FMA - SDE		Cabotaje	Comercial	627
FMA - SDE	Fuerza Aérea Argentina	Cabotaje	Av. General	627
FMA - SDE	Gendarmería Nacional	Cabotaje	Av. General	627
FMA - SDE	N/A	Cabotaje	Av. General	627
FMA - SDE	N/A	Cabotaje	Comercial	627
PMQ - PMY	American Jet	Cabotaje	Comercial	627
FLN - IGR		Internacional	Av. General	627
FLN - IGR		Internacional	Comercial	627
FLN - IGR	Gendarmería Nacional	Internacional	Av. General	627
FLN - IGR	N/A	Internacional	Av. General	627
FLN - IGR	N/A	Internacional	Comercial	627
BHI - VME		Cabotaje	Av. General	627
BHI - VME	Fuerza Aérea Argentina	Cabotaje	Av. General	627
PJC - RES	N/A	Internacional	Comercial	626
CNQ - PMG		Internacional	Av. General	626
CNQ - PMG	N/A	Internacional	Av. General	626
CNQ - PMG	N/A	Internacional	Comercial	626
MLZ - SFN	N/A	Internacional	Av. General	626
COR - PRQ		Cabotaje	Av. General	625
COR - PRQ	N/A	Cabotaje	Av. General	625
COR - PRQ	N/A	Cabotaje	Comercial	625
EZE - MDX		Cabotaje	Comercial	625
EZE - MDX	American Jet	Cabotaje	Comercial	625
EZE - MDX	Gestair	Cabotaje	Comercial	625
EZE - MDX	N/A	Cabotaje	Av. General	625
EZE - MDX	N/A	Cabotaje	Comercial	625
LPG - RCU		Cabotaje	Av. General	624
LPG - RCU	N/A	Cabotaje	Av. General	624
CCT - EQS		Cabotaje	Av. General	623
COC - RCU	N/A	Cabotaje	Comercial	623
MOR - OYA		Cabotaje	Av. General	622
MOR - OYA	Fuerza Aérea Argentina	Cabotaje	Av. General	622
CTC - ORA		Cabotaje	Av. General	622
CTC - ORA	Gendarmería Nacional	Cabotaje	Av. General	622
APZ - REL		Cabotaje	Av. General	622
LCM - RSA		Cabotaje	Av. General	622
LCM - RSA	N/A	Cabotaje	Av. General	622
MDQ - PDU	N/A	Internacional	Comercial	622
ESG - RES		Internacional	Av. General	622
COR - ENO	Aerolíneas Argentinas	Cabotaje	Comercial	621
COR - ENO	Fuerza Aérea Argentina	Cabotaje	Av. General	621
GHU - RES		Cabotaje	Av. General	620
GHU - RES	Ejército Argentino	Cabotaje	Av. General	620
GHU - RES	Fuerza Aérea Argentina	Cabotaje	Av. General	620
GHU - RES	N/A	Cabotaje	Av. General	620
COC - PEH	N/A	Cabotaje	Av. General	620
GNR - VME		Cabotaje	Av. General	620
CNQ - GHU		Cabotaje	Av. General	620
CNQ - GHU		Cabotaje	Comercial	620
CNQ - GHU	N/A	Cabotaje	Av. General	620
GHU - RLO		Cabotaje	Av. General	620
CTC - PRA		Cabotaje	Av. General	620
CTC - PRA		Cabotaje	Comercial	620
CTC - PRA	Fuerza Aérea Argentina	Cabotaje	Av. General	620
CTC - PRA	N/A	Cabotaje	Av. General	620
CTC - PRA	N/A	Cabotaje	Comercial	620
MLZ - ROS	N/A	Internacional	Av. General	619
CRD - ING	N/A	Cabotaje	Av. General	619
CJC - TUC	N/A	Internacional	Av. General	617
ULA - USH		Cabotaje	Av. General	617
ULA - USH	Fuerza Aérea Argentina	Cabotaje	Av. General	617
ULA - USH	N/A	Cabotaje	Av. General	617
RLO - TUC		Cabotaje	Av. General	617
RLO - TUC		Cabotaje	Comercial	617
RLO - TUC	N/A	Cabotaje	Av. General	617
RLO - TUC	N/A	Cabotaje	Comercial	617
TUC - UAQ		Cabotaje	Av. General	617
TUC - UAQ		Cabotaje	Comercial	617
TUC - UAQ	Aerocardal	Cabotaje	Av. General	617
TUC - UAQ	Aerolíneas Argentinas	Cabotaje	Comercial	617
TUC - UAQ	American Jet	Cabotaje	Av. General	617
TUC - UAQ	American Jet	Cabotaje	Comercial	617
TUC - UAQ	Ameriflight	Cabotaje	Av. General	617
TUC - UAQ	Ameriflight	Cabotaje	Comercial	617
TUC - UAQ	Andes Líneas Aéreas	Cabotaje	Comercial	617
TUC - UAQ	Fuerza Aérea Argentina	Cabotaje	Av. General	617
TUC - UAQ	Helicol	Cabotaje	Comercial	617
TUC - UAQ	LATAM Argentina	Cabotaje	Comercial	617
TUC - UAQ	N/A	Cabotaje	Av. General	617
TUC - UAQ	N/A	Cabotaje	Comercial	617
PRA - TDL		Cabotaje	Av. General	617
PRA - TDL		Cabotaje	Comercial	617
PRA - TDL	Ejército Argentino	Cabotaje	Av. General	617
PRA - TDL	Fuerza Aérea Argentina	Cabotaje	Av. General	617
PRA - TDL	N/A	Cabotaje	Av. General	617
CSZ - LUQ	N/A	Cabotaje	Av. General	616
MOR - RCQ		Cabotaje	Av. General	616
MOR - RCQ		Cabotaje	Comercial	616
MOR - RCQ	Fuerza Aérea Argentina	Cabotaje	Av. General	616
MOR - RCQ	N/A	Cabotaje	Av. General	616
MOR - RCQ	N/A	Cabotaje	Comercial	616
RHD - SFN		Cabotaje	Av. General	616
RHD - SFN		Cabotaje	Comercial	616
RHD - SFN	Aerolíneas Argentinas	Cabotaje	Comercial	616
RHD - SFN	N/A	Cabotaje	Av. General	616
RHD - SFN	N/A	Cabotaje	Comercial	616
RHD - SFN	Prefectura Naval Argentina	Cabotaje	Av. General	616
CRR - MOR		Cabotaje	Av. General	616
AEP - CRR	N/A	Cabotaje	Av. General	616
BHI - CUT	N/A	Cabotaje	Av. General	616
EPA - OYA	Ejército Argentino	Cabotaje	Av. General	615
EPA - OYA	N/A	Cabotaje	Av. General	615
ENO - VME	Fuerza Aérea Argentina	Cabotaje	Av. General	615
RCQ - RCU		Cabotaje	Av. General	613
RCQ - RCU		Cabotaje	Comercial	613
RCQ - RCU	Fuerza Aérea Argentina	Cabotaje	Av. General	613
RCQ - RCU	N/A	Cabotaje	Av. General	613
MDQ - RSA		Cabotaje	Av. General	612
MDQ - RSA		Cabotaje	Comercial	612
MDQ - RSA	Aerolíneas Argentinas	Cabotaje	Comercial	612
MDQ - RSA	Austral Líneas Aéreas	Cabotaje	Comercial	612
MDQ - RSA	Fuerza Aérea Argentina	Cabotaje	Av. General	612
MDQ - RSA	LASA Argentina	Cabotaje	Av. General	612
MDQ - RSA	LASA Argentina	Cabotaje	Comercial	612
MDQ - RSA	Línea Aérea SAPSA	Cabotaje	Av. General	612
MDQ - RSA	N/A	Cabotaje	Av. General	612
MDQ - RSA	N/A	Cabotaje	Comercial	612
MDQ - RSA	SOL Líneas Aéreas	Cabotaje	Comercial	612
AEP - OYA		Cabotaje	Av. General	612
AEP - OYA		Cabotaje	Comercial	612
AEP - OYA	American Jet	Cabotaje	Comercial	612
AEP - OYA	Armada Argentina	Cabotaje	Av. General	612
AEP - OYA	Ejército Argentino	Cabotaje	Av. General	612
AEP - OYA	Fuerza Aérea Argentina	Cabotaje	Av. General	612
AEP - OYA	Macair Jet	Cabotaje	Av. General	612
AEP - OYA	Macair Jet	Cabotaje	Comercial	612
AEP - OYA	N/A	Cabotaje	Av. General	612
AEP - OYA	N/A	Cabotaje	Comercial	612
OYO - ROS		Cabotaje	Av. General	612
OYO - ROS		Cabotaje	Comercial	612
OYO - ROS	N/A	Cabotaje	Av. General	612
OYO - ROS	N/A	Cabotaje	Comercial	612
AFA - PEH		Cabotaje	Av. General	611
IGR - PRQ	N/A	Cabotaje	Av. General	611
IGR - PRQ	N/A	Cabotaje	Comercial	611
MDX - MOR		Cabotaje	Av. General	609
MDX - MOR	N/A	Cabotaje	Av. General	609
MDX - MOR	N/A	Cabotaje	Comercial	609
EPA - RCQ		Cabotaje	Av. General	609
EPA - RCQ		Cabotaje	Comercial	609
EPA - RCQ	Ejército Argentino	Cabotaje	Av. General	609
EPA - RCQ	Fuerza Aérea Argentina	Cabotaje	Av. General	609
EPA - RCQ	N/A	Cabotaje	Av. General	609
BHI - RDS	N/A	Cabotaje	Av. General	609
RCU - SCL		Internacional	Av. General	608
RCU - SCL		Internacional	Comercial	608
AEP - RCQ		Cabotaje	Av. General	607
AEP - RCQ		Cabotaje	Comercial	607
AEP - RCQ	Andes Líneas Aéreas	Cabotaje	Comercial	607
AEP - RCQ	Austral Líneas Aéreas	Cabotaje	Comercial	607
AEP - RCQ	Avianca	Cabotaje	Av. General	607
AEP - RCQ	Avianca	Cabotaje	Comercial	607
AEP - RCQ	Fuerza Aérea Argentina	Cabotaje	Av. General	607
AEP - RCQ	Gendarmería Nacional	Cabotaje	Av. General	607
AEP - RCQ	LADE - Líneas Aéreas Del Estado	Cabotaje	Av. General	607
AEP - RCQ	LADE - Líneas Aéreas Del Estado	Cabotaje	Comercial	607
AEP - RCQ	Macair Jet	Cabotaje	Av. General	607
AEP - RCQ	Macair Jet	Cabotaje	Comercial	607
AEP - RCQ	N/A	Cabotaje	Av. General	607
AEP - RCQ	N/A	Cabotaje	Comercial	607
CNQ - RHD		Cabotaje	Av. General	607
CNQ - RHD	N/A	Cabotaje	Av. General	607
CNQ - RHD	N/A	Cabotaje	Comercial	607
LSQ - MDZ	N/A	Internacional	Av. General	607
LSQ - MDZ	N/A	Internacional	Comercial	607
RAF - TUC		Cabotaje	Av. General	606
RAF - TUC		Cabotaje	Comercial	606
RAF - TUC	N/A	Cabotaje	Av. General	606
RCQ - VDR	N/A	Cabotaje	Av. General	606
PDP - PRA		Internacional	Av. General	606
PDP - PRA		Internacional	Comercial	606
PDP - PRA	N/A	Internacional	Av. General	606
PDP - PRA	N/A	Internacional	Comercial	606
CRD - FTE		Cabotaje	Av. General	606
CRD - FTE		Cabotaje	Comercial	606
CRD - FTE	Aerolíneas Argentinas	Cabotaje	Comercial	606
CRD - FTE	American Jet	Cabotaje	Av. General	606
CRD - FTE	American Jet	Cabotaje	Comercial	606
CRD - FTE	DAP Helicopteros	Cabotaje	Av. General	606
CRD - FTE	DAP Helicopteros	Cabotaje	Comercial	606
CRD - FTE	Ejército Argentino	Cabotaje	Av. General	606
CRD - FTE	Flybondi	Cabotaje	Comercial	606
CRD - FTE	Fuerza Aérea Argentina	Cabotaje	Av. General	606
CRD - FTE	Gendarmería Nacional	Cabotaje	Av. General	606
CRD - FTE	JetSMART Airlines	Cabotaje	Comercial	606
CRD - FTE	LADE - Líneas Aéreas Del Estado	Cabotaje	Av. General	606
CRD - FTE	LADE - Líneas Aéreas Del Estado	Cabotaje	Comercial	606
CRD - FTE	Macair Jet	Cabotaje	Comercial	606
CRD - FTE	N/A	Cabotaje	Av. General	606
CRD - FTE	N/A	Cabotaje	Comercial	606
CRD - FTE	Prefectura Naval Argentina	Cabotaje	Av. General	606
GPO - MDQ		Cabotaje	Av. General	605
GPO - MDQ		Cabotaje	Comercial	605
GPO - MDQ	Ejército Argentino	Cabotaje	Av. General	605
GPO - MDQ	Fuerza Aérea Argentina	Cabotaje	Av. General	605
GPO - MDQ	N/A	Cabotaje	Av. General	605
GPO - MDQ	N/A	Cabotaje	Comercial	605
LPG - RSA		Cabotaje	Av. General	604
LPG - RSA	N/A	Cabotaje	Av. General	604
LPG - RSA	N/A	Cabotaje	Comercial	604
RES - TUC		Cabotaje	Av. General	603
RES - TUC		Cabotaje	Comercial	603
RES - TUC	Aerolíneas Argentinas	Cabotaje	Comercial	603
RES - TUC	Andes Líneas Aéreas	Cabotaje	Comercial	603
RES - TUC	Avianca	Cabotaje	Comercial	603
RES - TUC	Ejército Argentino	Cabotaje	Av. General	603
RES - TUC	Fuerza Aérea Argentina	Cabotaje	Av. General	603
RES - TUC	Gendarmería Nacional	Cabotaje	Av. General	603
RES - TUC	Macair Jet	Cabotaje	Av. General	603
RES - TUC	N/A	Cabotaje	Av. General	603
RES - TUC	N/A	Cabotaje	Comercial	603
RES - TUC	Sun Air	Cabotaje	Av. General	603
MHC - NQN	American Jet	Internacional	Comercial	602
MHC - NQN	N/A	Internacional	Av. General	602
EPA - MDX	Ejército Argentino	Cabotaje	Av. General	602
EPA - MDX	Fuerza Aérea Argentina	Cabotaje	Av. General	602
EPA - MDX	Gendarmería Nacional	Cabotaje	Av. General	602
IGR - OYA		Cabotaje	Av. General	600
IGR - OYA		Cabotaje	Comercial	600
IGR - OYA	N/A	Cabotaje	Av. General	600
IGR - OYA	N/A	Cabotaje	Comercial	600
BRC - PMQ		Cabotaje	Av. General	600
BRC - PMQ		Cabotaje	Comercial	600
BRC - PMQ	American Jet	Cabotaje	Comercial	600
BRC - PMQ	LADE - Líneas Aéreas Del Estado	Cabotaje	Av. General	600
BRC - PMQ	N/A	Cabotaje	Av. General	600
BRC - PMQ	N/A	Cabotaje	Comercial	600
CPC - REL		Cabotaje	Av. General	600
CPC - REL		Cabotaje	Comercial	600
CPC - REL	N/A	Cabotaje	Av. General	600
OES - OVR	N/A	Cabotaje	Av. General	599
JSM - NQN	N/A	Cabotaje	Av. General	599
JSM - NQN	N/A	Cabotaje	Comercial	599
AFA - IRJ		Cabotaje	Av. General	599
AFA - IRJ		Cabotaje	Comercial	599
AFA - IRJ	N/A	Cabotaje	Av. General	599
AFA - IRJ	N/A	Cabotaje	Comercial	599
FDO - OYA		Cabotaje	Av. General	598
FDO - OYA		Cabotaje	Comercial	598
FDO - OYA	American Jet	Cabotaje	Av. General	598
FDO - OYA	American Jet	Cabotaje	Comercial	598
FDO - OYA	Ameriflight	Cabotaje	Av. General	598
FDO - OYA	Ameriflight	Cabotaje	Comercial	598
FDO - OYA	Línea Aérea SAPSA	Cabotaje	Av. General	598
FDO - OYA	Línea Aérea SAPSA	Cabotaje	Comercial	598
FDO - OYA	N/A	Cabotaje	Av. General	598
FDO - OYA	N/A	Cabotaje	Comercial	598
FTE - WPU		Internacional	Comercial	598
CRR - FDO		Cabotaje	Av. General	597
CRR - FDO		Cabotaje	Comercial	597
CRR - FDO	N/A	Cabotaje	Av. General	597
APZ - PMY	N/A	Cabotaje	Av. General	596
BRC - CRD		Cabotaje	Av. General	596
BRC - CRD		Cabotaje	Comercial	596
BRC - CRD	Aerolíneas Argentinas	Cabotaje	Comercial	596
BRC - CRD	American Jet	Cabotaje	Av. General	596
BRC - CRD	American Jet	Cabotaje	Comercial	596
BRC - CRD	Andes Líneas Aéreas	Cabotaje	Comercial	596
BRC - CRD	Chief of Staff, United States Air Force	Cabotaje	Av. General	596
BRC - CRD	Ejército Argentino	Cabotaje	Av. General	596
BRC - CRD	Fuerza Aérea Argentina	Cabotaje	Av. General	596
BRC - CRD	LADE - Líneas Aéreas Del Estado	Cabotaje	Av. General	596
BRC - CRD	LADE - Líneas Aéreas Del Estado	Cabotaje	Comercial	596
BRC - CRD	LATAM Argentina	Cabotaje	Comercial	596
BRC - CRD	N/A	Cabotaje	Av. General	596
BRC - CRD	N/A	Cabotaje	Comercial	596
BRC - CRD	Prefectura Naval Argentina	Cabotaje	Av. General	596
COC - SST		Cabotaje	Av. General	596
CTC - RCQ		Cabotaje	Av. General	596
CTC - RCQ		Cabotaje	Comercial	596
CTC - RCQ	N/A	Cabotaje	Av. General	596
CTC - RCQ	N/A	Cabotaje	Comercial	596
AEP - MDX		Cabotaje	Av. General	595
AEP - MDX		Cabotaje	Comercial	595
AEP - MDX	American Jet	Cabotaje	Comercial	595
AEP - MDX	Ejército Argentino	Cabotaje	Av. General	595
AEP - MDX	Fuerza Aérea Argentina	Cabotaje	Av. General	595
AEP - MDX	Gendarmería Nacional	Cabotaje	Av. General	595
AEP - MDX	Gestair	Cabotaje	Av. General	595
AEP - MDX	Gestair	Cabotaje	Comercial	595
AEP - MDX	Macair Jet	Cabotaje	Comercial	595
AEP - MDX	N/A	Cabotaje	Av. General	595
AEP - MDX	N/A	Cabotaje	Comercial	595
RCQ - TUC		Cabotaje	Av. General	595
IGR - NVT		Internacional	Comercial	595
RCQ - TUC		Cabotaje	Comercial	595
RCQ - TUC	Ejército Argentino	Cabotaje	Av. General	595
RCQ - TUC	Fuerza Aérea Argentina	Cabotaje	Av. General	595
RCQ - TUC	N/A	Cabotaje	Av. General	595
GPO - MJR		Cabotaje	Av. General	595
GPO - MJR	N/A	Cabotaje	Av. General	595
CRD - OES		Cabotaje	Av. General	594
CRD - OES		Cabotaje	Comercial	594
CRD - OES	N/A	Cabotaje	Av. General	594
CRD - OES	Prefectura Naval Argentina	Cabotaje	Av. General	594
CPO - SLA		Internacional	Av. General	593
CPO - SLA		Internacional	Comercial	593
FDO - RCQ		Cabotaje	Av. General	593
FDO - RCQ		Cabotaje	Comercial	593
FDO - RCQ	American Jet	Cabotaje	Av. General	593
FDO - RCQ	American Jet	Cabotaje	Comercial	593
FDO - RCQ	Ameriflight	Cabotaje	Av. General	593
FDO - RCQ	Ameriflight	Cabotaje	Comercial	593
FDO - RCQ	Ejército Argentino	Cabotaje	Av. General	593
FDO - RCQ	Fuerza Aérea Argentina	Cabotaje	Av. General	593
FDO - RCQ	Fuerza Aérea Uruguaya	Cabotaje	Av. General	593
FDO - RCQ	Línea Aérea SAPSA	Cabotaje	Comercial	593
FDO - RCQ	N/A	Cabotaje	Av. General	593
FDO - RCQ	N/A	Cabotaje	Comercial	593
FDO - RCQ	Prefectura Naval Argentina	Cabotaje	Av. General	593
COR - PDU		Internacional	Av. General	593
COR - PDU	American Jet	Internacional	Comercial	593
COR - PDU	N/A	Internacional	Av. General	593
RCU - SDE		Cabotaje	Av. General	592
RCU - SDE		Cabotaje	Comercial	592
RCU - SDE	N/A	Cabotaje	Av. General	592
ELO - RCQ		Cabotaje	Av. General	592
ELO - RCQ	Fuerza Aérea Argentina	Cabotaje	Av. General	592
ELO - RCQ	N/A	Cabotaje	Av. General	592
COR - STY	N/A	Internacional	Av. General	591
IGR - RVY	N/A	Internacional	Av. General	591
ROS - VLG		Cabotaje	Av. General	591
ROS - VLG		Cabotaje	Comercial	591
ROS - VLG	N/A	Cabotaje	Av. General	591
ROS - VLG	N/A	Cabotaje	Comercial	591
COC - COR		Cabotaje	Av. General	591
COC - COR		Cabotaje	Comercial	591
COC - COR	American Jet	Cabotaje	Av. General	591
COC - COR	American Jet	Cabotaje	Comercial	591
COC - COR	Gendarmería Nacional	Cabotaje	Av. General	591
COC - COR	Macair Jet	Cabotaje	Comercial	591
COC - COR	N/A	Cabotaje	Av. General	591
COC - COR	N/A	Cabotaje	Comercial	591
TJA - TUC		Internacional	Comercial	590
TJA - TUC	N/A	Internacional	Av. General	590
TJA - TUC	N/A	Internacional	Comercial	590
CTC - SFN		Cabotaje	Av. General	588
CTC - SFN		Cabotaje	Comercial	588
CTC - SFN	American Jet	Cabotaje	Av. General	588
CTC - SFN	American Jet	Cabotaje	Comercial	588
MDZ - RSA		Cabotaje	Av. General	588
MDZ - RSA		Cabotaje	Comercial	588
MDZ - RSA	American Jet	Cabotaje	Comercial	588
MDZ - RSA	Andes Líneas Aéreas	Cabotaje	Comercial	588
MDZ - RSA	Austral Líneas Aéreas	Cabotaje	Comercial	588
MDZ - RSA	Ejército Argentino	Cabotaje	Av. General	588
MDZ - RSA	Fuerza Aérea Argentina	Cabotaje	Av. General	588
MDZ - RSA	N/A	Cabotaje	Av. General	588
MDZ - RSA	N/A	Cabotaje	Comercial	588
CCP - MDZ		Internacional	Av. General	587
CCP - MDZ		Internacional	Comercial	587
CCP - MDZ	Aerolíneas Argentinas	Internacional	Comercial	587
CCP - MDZ	Andes Líneas Aéreas	Internacional	Comercial	587
CCP - MDZ	LATAM	Internacional	Comercial	587
CCP - MDZ	Latin American Wings	Internacional	Comercial	587
CCP - MDZ	N/A	Internacional	Av. General	587
CCP - MDZ	N/A	Internacional	Comercial	587
CCP - MDZ	Sky Airline	Internacional	Comercial	587
ESG - SLA		Internacional	Av. General	587
ESG - SLA		Internacional	Comercial	587
ESG - SLA	N/A	Internacional	Av. General	587
CGR - IGR		Internacional	Av. General	587
CGR - IGR		Internacional	Comercial	587
CGR - IGR	N/A	Internacional	Av. General	587
CGR - IGR	N/A	Internacional	Comercial	587
COR - RSA		Cabotaje	Av. General	586
COR - RSA		Cabotaje	Comercial	586
COR - RSA	Aerolíneas Argentinas	Cabotaje	Comercial	586
COR - RSA	American Jet	Cabotaje	Comercial	586
COR - RSA	Andes Líneas Aéreas	Cabotaje	Comercial	586
COR - RSA	Fuerza Aérea Argentina	Cabotaje	Av. General	586
COR - RSA	LADE - Líneas Aéreas Del Estado	Cabotaje	Av. General	586
COR - RSA	Línea Aérea SAPSA	Cabotaje	Av. General	586
COR - RSA	Línea Aérea SAPSA	Cabotaje	Comercial	586
COR - RSA	N/A	Cabotaje	Av. General	586
COR - RSA	N/A	Cabotaje	Comercial	586
IRJ - SCL		Internacional	Av. General	586
IRJ - SCL	N/A	Internacional	Av. General	586
CPC - PMY		Cabotaje	Comercial	585
CPC - PMY	American Jet	Cabotaje	Comercial	585
CPC - PMY	LADE - Líneas Aéreas Del Estado	Cabotaje	Comercial	585
CPC - PMY	N/A	Cabotaje	Av. General	585
FDO - MDX		Cabotaje	Av. General	584
FDO - MDX		Cabotaje	Comercial	584
FDO - MDX	American Jet	Cabotaje	Av. General	584
FDO - MDX	American Jet	Cabotaje	Comercial	584
FDO - MDX	Ameriflight	Cabotaje	Av. General	584
FDO - MDX	Ameriflight	Cabotaje	Comercial	584
FDO - MDX	Línea Aérea SAPSA	Cabotaje	Comercial	584
FDO - MDX	N/A	Cabotaje	Av. General	584
FDO - MDX	N/A	Cabotaje	Comercial	584
FDO - MDX	Prefectura Naval Argentina	Cabotaje	Av. General	584
PMQ - REL		Cabotaje	Av. General	583
PMQ - REL		Cabotaje	Comercial	583
PMQ - REL	American Jet	Cabotaje	Av. General	583
PMQ - REL	American Jet	Cabotaje	Comercial	583
PMQ - REL	Fuerza Aérea Argentina	Cabotaje	Av. General	583
PMQ - REL	Línea Aérea SAPSA	Cabotaje	Comercial	583
PMQ - REL	N/A	Cabotaje	Av. General	583
PMQ - REL	N/A	Cabotaje	Comercial	583
FMA - STY	N/A	Internacional	Av. General	582
RES - RIA	N/A	Internacional	Av. General	582
PRA - SDE		Cabotaje	Av. General	581
PRA - SDE		Cabotaje	Comercial	581
PRA - SDE	American Jet	Cabotaje	Av. General	581
PRA - SDE	American Jet	Cabotaje	Comercial	581
PRA - SDE	Ejército Argentino	Cabotaje	Av. General	581
PRA - SDE	Fuerza Aérea Argentina	Cabotaje	Av. General	581
PRA - SDE	Gendarmería Nacional	Cabotaje	Av. General	581
PRA - SDE	N/A	Cabotaje	Av. General	581
PRA - SDE	N/A	Cabotaje	Comercial	581
NQN - QRC		Internacional	Av. General	581
SDE - UAQ		Cabotaje	Av. General	581
SDE - UAQ		Cabotaje	Comercial	581
SDE - UAQ	Aerolíneas Argentinas	Cabotaje	Comercial	581
SDE - UAQ	Aerovías DAP	Cabotaje	Av. General	581
SDE - UAQ	Aerovías DAP	Cabotaje	Comercial	581
SDE - UAQ	American Jet	Cabotaje	Comercial	581
SDE - UAQ	Fuerza Aérea Argentina	Cabotaje	Av. General	581
SDE - UAQ	Gendarmería Nacional	Cabotaje	Av. General	581
SDE - UAQ	N/A	Cabotaje	Av. General	581
SDE - UAQ	N/A	Cabotaje	Comercial	581
IRJ - JUJ		Cabotaje	Av. General	580
IRJ - JUJ		Cabotaje	Comercial	580
IRJ - JUJ	American Jet	Cabotaje	Comercial	580
IRJ - JUJ	Andes Líneas Aéreas	Cabotaje	Comercial	580
IRJ - JUJ	Ejército Argentino	Cabotaje	Av. General	580
IRJ - JUJ	Fuerza Aérea Argentina	Cabotaje	Av. General	580
IRJ - JUJ	N/A	Cabotaje	Av. General	580
IRJ - JUJ	N/A	Cabotaje	Comercial	580
IRJ - JUJ	Prefectura Naval Argentina	Cabotaje	Av. General	580
GPO - VDM		Cabotaje	Av. General	580
GPO - VDM		Cabotaje	Comercial	580
GPO - VDM	N/A	Cabotaje	Comercial	580
OVR - SFN	N/A	Cabotaje	Av. General	579
APZ - RSA		Cabotaje	Av. General	578
APZ - RSA	Ejército Argentino	Cabotaje	Av. General	578
RES - RHD		Cabotaje	Av. General	578
RES - RHD	Aerolíneas Argentinas	Cabotaje	Comercial	578
RES - RHD	American Jet	Cabotaje	Av. General	578
RES - RHD	American Jet	Cabotaje	Comercial	578
RES - RHD	Fuerza Aérea Argentina	Cabotaje	Av. General	578
RES - RHD	N/A	Cabotaje	Av. General	578
PMQ - RGL		Cabotaje	Av. General	577
PMQ - RGL		Cabotaje	Comercial	577
PMQ - RGL	Fuerza Aérea Argentina	Cabotaje	Av. General	577
PMQ - RGL	Gendarmería Nacional	Cabotaje	Av. General	577
PMQ - RGL	LADE - Líneas Aéreas Del Estado	Cabotaje	Comercial	577
PMQ - RGL	N/A	Cabotaje	Av. General	577
PMQ - RGL	N/A	Cabotaje	Comercial	577
MLZ - PSS	N/A	Internacional	Av. General	577
AEP - RSA		Cabotaje	Av. General	577
AEP - RSA		Cabotaje	Comercial	577
AEP - RSA	Aerolíneas Argentinas	Cabotaje	Comercial	577
AEP - RSA	American Jet	Cabotaje	Comercial	577
AEP - RSA	Andes Líneas Aéreas	Cabotaje	Comercial	577
AEP - RSA	Armada Argentina	Cabotaje	Av. General	577
AEP - RSA	Austral Líneas Aéreas	Cabotaje	Comercial	577
AEP - RSA	Ejército Argentino	Cabotaje	Av. General	577
AEP - RSA	Flybondi	Cabotaje	Comercial	577
AEP - RSA	Fuerza Aérea Argentina	Cabotaje	Av. General	577
AEP - RSA	Gendarmería Nacional	Cabotaje	Av. General	577
AEP - RSA	JetSMART Airlines	Cabotaje	Comercial	577
AEP - RSA	LATAM Argentina	Cabotaje	Comercial	577
AEP - RSA	Línea Aérea SAPSA	Cabotaje	Comercial	577
AEP - RSA	Macair Jet	Cabotaje	Av. General	577
AEP - RSA	Macair Jet	Cabotaje	Comercial	577
AEP - RSA	N/A	Cabotaje	Av. General	577
AEP - RSA	N/A	Cabotaje	Comercial	577
AEP - RSA	Prefectura Naval Argentina	Cabotaje	Av. General	577
NCJ - TUC		Cabotaje	Av. General	576
NCJ - TUC	N/A	Cabotaje	Av. General	576
NCJ - TUC	N/A	Cabotaje	Comercial	576
LUQ - PRA		Cabotaje	Av. General	575
PRA - VMA		Cabotaje	Av. General	575
LUQ - PRA	Andes Líneas Aéreas	Cabotaje	Comercial	575
PRA - VMA	Avianca	Cabotaje	Comercial	575
LUQ - PRA	Fuerza Aérea Argentina	Cabotaje	Av. General	575
LUQ - PRA	N/A	Cabotaje	Av. General	575
PRA - VMA	N/A	Cabotaje	Av. General	575
PRA - VMA	N/A	Cabotaje	Comercial	575
SDE - TTG		Cabotaje	Av. General	575
SDE - TTG	American Jet	Cabotaje	Comercial	575
SDE - TTG	Ejército Argentino	Cabotaje	Av. General	575
SDE - TTG	Fuerza Aérea Argentina	Cabotaje	Av. General	575
SDE - TTG	N/A	Cabotaje	Av. General	575
IGR - POA	Dassault Aviation	Internacional	Comercial	575
IGR - POA	N/A	Internacional	Av. General	575
IGR - POA	N/A	Internacional	Comercial	575
BHI - PDI		Cabotaje	Av. General	573
BHI - PDI		Cabotaje	Comercial	573
BHI - PDI	Armada Argentina	Cabotaje	Av. General	573
BHI - PDI	Ejército Argentino	Cabotaje	Av. General	573
BHI - PDI	N/A	Cabotaje	Av. General	573
BHI - FDO		Cabotaje	Av. General	573
BHI - FDO		Cabotaje	Comercial	573
BHI - FDO	American Jet	Cabotaje	Av. General	573
BHI - FDO	American Jet	Cabotaje	Comercial	573
BHI - FDO	Ameriflight	Cabotaje	Av. General	573
BHI - FDO	Ameriflight	Cabotaje	Comercial	573
BHI - FDO	Armada Argentina	Cabotaje	Av. General	573
BHI - FDO	Bell Helicopter Textron	Cabotaje	Av. General	573
BHI - FDO	Chief of Staff, United States Air Force	Cabotaje	Av. General	573
BHI - FDO	Ejército Argentino	Cabotaje	Av. General	573
BHI - FDO	Fuerza Aérea Argentina	Cabotaje	Av. General	573
BHI - FDO	Fuerza Aérea Uruguaya	Cabotaje	Av. General	573
BHI - FDO	Gendarmería Nacional	Cabotaje	Av. General	573
BHI - FDO	Interjet	Cabotaje	Av. General	573
BHI - FDO	Línea Aérea SAPSA	Cabotaje	Av. General	573
BHI - FDO	Línea Aérea SAPSA	Cabotaje	Comercial	573
BHI - FDO	N/A	Cabotaje	Av. General	573
BHI - FDO	N/A	Cabotaje	Comercial	573
BHI - FDO	Prefectura Naval Argentina	Cabotaje	Av. General	573
BHI - FDO	Sky Airline	Cabotaje	Av. General	573
CSZ - NQN		Cabotaje	Av. General	573
CTC - VME		Cabotaje	Av. General	573
CTC - VME	Fuerza Aérea Argentina	Cabotaje	Av. General	573
CTC - VME	N/A	Cabotaje	Av. General	573
AEP - BHI		Cabotaje	Av. General	572
AEP - BHI		Cabotaje	Comercial	572
AEP - BHI	Aerolíneas Argentinas	Cabotaje	Av. General	572
AEP - BHI	Aerolíneas Argentinas	Cabotaje	Comercial	572
AEP - BHI	American Jet	Cabotaje	Av. General	572
AEP - BHI	American Jet	Cabotaje	Comercial	572
AEP - BHI	Andes Líneas Aéreas	Cabotaje	Comercial	572
AEP - BHI	Armada Argentina	Cabotaje	Av. General	572
AEP - BHI	Austral Líneas Aéreas	Cabotaje	Comercial	572
AEP - BHI	Avianca	Cabotaje	Comercial	572
AEP - BHI	Ejército Argentino	Cabotaje	Av. General	572
AEP - BHI	Flybondi	Cabotaje	Comercial	572
AEP - BHI	Flyest	Cabotaje	Av. General	572
AEP - BHI	Flyest	Cabotaje	Comercial	572
AEP - BHI	Fuerza Aérea Argentina	Cabotaje	Av. General	572
AEP - BHI	Gendarmería Nacional	Cabotaje	Av. General	572
AEP - BHI	JetSMART Airlines	Cabotaje	Comercial	572
AEP - BHI	LADE - Líneas Aéreas Del Estado	Cabotaje	Av. General	572
AEP - BHI	LADE - Líneas Aéreas Del Estado	Cabotaje	Comercial	572
AEP - BHI	LATAM	Cabotaje	Comercial	572
AEP - BHI	LATAM Argentina	Cabotaje	Comercial	572
AEP - BHI	Macair Jet	Cabotaje	Av. General	572
AEP - BHI	Macair Jet	Cabotaje	Comercial	572
AEP - BHI	N/A	Cabotaje	Av. General	572
AEP - BHI	N/A	Cabotaje	Comercial	572
AEP - BHI	Norwegian Air Argentina	Cabotaje	Comercial	572
AEP - BHI	Prefectura Naval Argentina	Cabotaje	Av. General	572
AEP - BHI	SOL Líneas Aéreas	Cabotaje	Comercial	572
MDQ - VDM		Cabotaje	Av. General	570
MDQ - VDM		Cabotaje	Comercial	570
MDQ - VDM	American Jet	Cabotaje	Av. General	570
MDQ - VDM	American Jet	Cabotaje	Comercial	570
MDQ - VDM	Austral Líneas Aéreas	Cabotaje	Comercial	570
MDQ - VDM	Fuerza Aérea Argentina	Cabotaje	Av. General	570
MDQ - VDM	Línea Aérea SAPSA	Cabotaje	Comercial	570
MDQ - VDM	N/A	Cabotaje	Av. General	570
MDQ - VDM	N/A	Cabotaje	Comercial	570
MDQ - VDM	Prefectura Naval Argentina	Cabotaje	Av. General	570
LGS - VDR		Cabotaje	Comercial	569
RHD - UAQ		Cabotaje	Comercial	569
RHD - UAQ	N/A	Cabotaje	Av. General	569
RHD - UAQ	N/A	Cabotaje	Comercial	569
PDP - ROS		Internacional	Av. General	569
PDP - ROS		Internacional	Comercial	569
PDP - ROS	Aerolíneas Argentinas	Internacional	Comercial	569
PDP - ROS	Alas Uruguay	Internacional	Av. General	569
PDP - ROS	Andes Líneas Aéreas	Internacional	Comercial	569
PDP - ROS	Austral Líneas Aéreas	Internacional	Comercial	569
PDP - ROS	Flyest	Internacional	Av. General	569
PDP - ROS	Flyest	Internacional	Comercial	569
PDP - ROS	Fuerza Aérea Argentina	Internacional	Av. General	569
PDP - ROS	Fuerza Aérea Uruguaya	Internacional	Av. General	569
PDP - ROS	Macair Jet	Internacional	Comercial	569
PDP - ROS	N/A	Internacional	Av. General	569
PDP - ROS	N/A	Internacional	Comercial	569
PDP - ROS	SOL Líneas Aéreas	Internacional	Comercial	569
PDP - ROS	Southern Air	Internacional	Av. General	569
TUC - VDR		Cabotaje	Av. General	568
TUC - VDR	N/A	Cabotaje	Av. General	568
PEH - VDM	N/A	Cabotaje	Av. General	568
FTE - USH		Cabotaje	Av. General	568
FTE - USH		Cabotaje	Comercial	568
FTE - USH	Aerolíneas Argentinas	Cabotaje	Comercial	568
FTE - USH	American Jet	Cabotaje	Comercial	568
FTE - USH	ASL Airlines France	Cabotaje	Av. General	568
FTE - USH	ASL Airlines France	Cabotaje	Comercial	568
FTE - USH	Austral Líneas Aéreas	Cabotaje	Comercial	568
FTE - USH	Flybondi	Cabotaje	Comercial	568
FTE - USH	Flyest	Cabotaje	Comercial	568
FTE - USH	Fuerza Aérea Argentina	Cabotaje	Av. General	568
FTE - USH	Global Jet Luxembourg	Cabotaje	Av. General	568
FTE - USH	Global Jet Luxembourg	Cabotaje	Comercial	568
FTE - USH	Interjet	Cabotaje	Comercial	568
FTE - USH	JetSMART Airlines	Cabotaje	Comercial	568
FTE - USH	LADE - Líneas Aéreas Del Estado	Cabotaje	Av. General	568
FTE - USH	LADE - Líneas Aéreas Del Estado	Cabotaje	Comercial	568
FTE - USH	LATAM Argentina	Cabotaje	Comercial	568
FTE - USH	N/A	Cabotaje	Av. General	568
FTE - USH	N/A	Cabotaje	Comercial	568
FTE - USH	Prefectura Naval Argentina	Cabotaje	Av. General	568
FTE - USH	TAG Aviation Espana	Cabotaje	Av. General	568
FDO - RSA		Cabotaje	Av. General	567
FDO - RSA		Cabotaje	Comercial	567
FDO - RSA	American Jet	Cabotaje	Av. General	567
FDO - RSA	American Jet	Cabotaje	Comercial	567
FDO - RSA	Ameriflight	Cabotaje	Av. General	567
FDO - RSA	Ameriflight	Cabotaje	Comercial	567
FDO - RSA	Bell Helicopter Textron	Cabotaje	Av. General	567
FDO - RSA	Línea Aérea SAPSA	Cabotaje	Av. General	567
FDO - RSA	Línea Aérea SAPSA	Cabotaje	Comercial	567
FDO - RSA	N/A	Cabotaje	Av. General	567
FDO - RSA	N/A	Cabotaje	Comercial	567
FDO - RSA	Prefectura Naval Argentina	Cabotaje	Av. General	567
GPO - NCJ	N/A	Cabotaje	Av. General	567
COC - FMA		Cabotaje	Av. General	566
COC - FMA		Cabotaje	Comercial	566
COC - FMA	N/A	Cabotaje	Av. General	566
IGR - UZU	N/A	Cabotaje	Comercial	566
BHI - LPG		Cabotaje	Av. General	565
BHI - LPG		Cabotaje	Comercial	565
BHI - LPG	Armada Argentina	Cabotaje	Av. General	565
BHI - LPG	N/A	Cabotaje	Av. General	565
BHI - LPG	N/A	Cabotaje	Comercial	565
LHS - RGL		Cabotaje	Av. General	565
LHS - RGL		Cabotaje	Comercial	565
LHS - RGL	N/A	Cabotaje	Av. General	565
AEP - RCU		Cabotaje	Av. General	565
AEP - RCU		Cabotaje	Comercial	565
AEP - RCU	Aerolíneas Argentinas	Cabotaje	Comercial	565
AEP - RCU	American Jet	Cabotaje	Av. General	565
AEP - RCU	American Jet	Cabotaje	Comercial	565
AEP - RCU	Andes Líneas Aéreas	Cabotaje	Comercial	565
AEP - RCU	Austral Líneas Aéreas	Cabotaje	Av. General	565
AEP - RCU	Austral Líneas Aéreas	Cabotaje	Comercial	565
AEP - RCU	Avianca	Cabotaje	Comercial	565
AEP - RCU	Fuerza Aérea Argentina	Cabotaje	Av. General	565
AEP - RCU	Gendarmería Nacional	Cabotaje	Av. General	565
AEP - RCU	Línea Aérea SAPSA	Cabotaje	Comercial	565
AEP - RCU	Macair Jet	Cabotaje	Av. General	565
AEP - RCU	Macair Jet	Cabotaje	Comercial	565
AEP - RCU	N/A	Cabotaje	Av. General	565
AEP - RCU	N/A	Cabotaje	Comercial	565
AEP - RCU	SOL Líneas Aéreas	Cabotaje	Comercial	565
MVD - SFN		Internacional	Av. General	565
MVD - SFN		Internacional	Comercial	565
MVD - SFN	Aerolíneas Argentinas	Internacional	Comercial	565
MVD - SFN	American Jet	Internacional	Comercial	565
MVD - SFN	Fuerza Aérea Uruguaya	Internacional	Av. General	565
MVD - SFN	N/A	Internacional	Av. General	565
RSA - SGV		Cabotaje	Comercial	564
BHI - REL		Cabotaje	Av. General	563
BHI - REL		Cabotaje	Comercial	563
BHI - REL	Aerolíneas Argentinas	Cabotaje	Comercial	563
BHI - REL	American Jet	Cabotaje	Av. General	563
BHI - REL	American Jet	Cabotaje	Comercial	563
BHI - REL	Andes Líneas Aéreas	Cabotaje	Comercial	563
BHI - REL	Armada Argentina	Cabotaje	Av. General	563
BHI - REL	Austral Líneas Aéreas	Cabotaje	Comercial	563
BHI - REL	Ejército Argentino	Cabotaje	Av. General	563
BHI - REL	Fuerza Aérea Argentina	Cabotaje	Av. General	563
BHI - REL	Gendarmería Nacional	Cabotaje	Av. General	563
BHI - REL	Korean Air	Cabotaje	Av. General	563
BHI - REL	LADE - Líneas Aéreas Del Estado	Cabotaje	Av. General	563
BHI - REL	LADE - Líneas Aéreas Del Estado	Cabotaje	Comercial	563
BHI - REL	Línea Aérea SAPSA	Cabotaje	Av. General	563
BHI - REL	N/A	Cabotaje	Av. General	563
BHI - REL	N/A	Cabotaje	Comercial	563
BHI - REL	Prefectura Naval Argentina	Cabotaje	Av. General	563
BHI - REL	SOL Líneas Aéreas	Cabotaje	Av. General	563
BHI - REL	SOL Líneas Aéreas	Cabotaje	Comercial	563
BYC - TUC		Internacional	Av. General	563
BYC - TUC	N/A	Internacional	Av. General	563
EZE - RCU		Cabotaje	Av. General	563
EZE - RCU		Cabotaje	Comercial	563
EZE - RCU	Aerolíneas Argentinas	Cabotaje	Comercial	563
EZE - RCU	American Jet	Cabotaje	Comercial	563
EZE - RCU	Andes Líneas Aéreas	Cabotaje	Comercial	563
EZE - RCU	Austral Líneas Aéreas	Cabotaje	Comercial	563
EZE - RCU	Fuerza Aérea Argentina	Cabotaje	Av. General	563
EZE - RCU	Línea Aérea SAPSA	Cabotaje	Comercial	563
EZE - RCU	N/A	Cabotaje	Av. General	563
EZE - RCU	N/A	Cabotaje	Comercial	563
GPO - MDZ		Cabotaje	Av. General	562
GPO - MDZ		Cabotaje	Comercial	562
GPO - MDZ	ACM Air Charter	Cabotaje	Av. General	562
GPO - MDZ	Aeroandina	Cabotaje	Av. General	562
GPO - MDZ	Aerocardal	Cabotaje	Av. General	562
GPO - MDZ	Aerocardal	Cabotaje	Comercial	562
GPO - MDZ	American Jet	Cabotaje	Comercial	562
GPO - MDZ	Fuerza Aérea Argentina	Cabotaje	Av. General	562
GPO - MDZ	N/A	Cabotaje	Av. General	562
GPO - MDZ	N/A	Cabotaje	Comercial	562
BGX - EZE	Gol Transportes Aéreos	Internacional	Comercial	562
BGX - EZE	N/A	Internacional	Av. General	562
BGX - EZE	TAM Linhas Aéreas	Internacional	Comercial	562
PRA - PRQ	Fuerza Aérea Argentina	Cabotaje	Av. General	562
OVR - RCU		Cabotaje	Av. General	562
LPG - NCJ	N/A	Cabotaje	Av. General	561
EQS - OES		Cabotaje	Av. General	560
EQS - OES	N/A	Cabotaje	Av. General	560
COR - GHU	N/A	Cabotaje	Av. General	560
COR - GHU	N/A	Cabotaje	Comercial	560
GHU - GPO		Cabotaje	Av. General	559
CTC - PRQ	Fuerza Aérea Argentina	Cabotaje	Av. General	559
CTC - PRQ	N/A	Cabotaje	Av. General	559
EPA - RSA		Cabotaje	Av. General	558
EPA - RSA		Cabotaje	Comercial	558
EPA - RSA	Aerolíneas Argentinas	Cabotaje	Comercial	558
EPA - RSA	Ejército Argentino	Cabotaje	Av. General	558
EPA - RSA	Fuerza Aérea Argentina	Cabotaje	Av. General	558
EPA - RSA	N/A	Cabotaje	Av. General	558
EPA - RSA	N/A	Cabotaje	Comercial	558
PMY - PUD		Cabotaje	Av. General	557
PMY - PUD		Cabotaje	Comercial	557
PMY - PUD	N/A	Cabotaje	Comercial	557
BHI - EPA		Cabotaje	Av. General	557
BHI - EPA		Cabotaje	Comercial	557
BHI - EPA	Aerolíneas Argentinas	Cabotaje	Comercial	557
BHI - EPA	Armada Argentina	Cabotaje	Av. General	557
BHI - EPA	Austral Líneas Aéreas	Cabotaje	Comercial	557
BHI - EPA	Ejército Argentino	Cabotaje	Av. General	557
BHI - EPA	Flybondi	Cabotaje	Comercial	557
BHI - EPA	Fuerza Aérea Argentina	Cabotaje	Av. General	557
BHI - EPA	Gendarmería Nacional	Cabotaje	Av. General	557
BHI - EPA	LADE - Líneas Aéreas Del Estado	Cabotaje	Av. General	557
BHI - EPA	N/A	Cabotaje	Av. General	557
BHI - EPA	N/A	Cabotaje	Comercial	557
BHI - EPA	Prefectura Naval Argentina	Cabotaje	Av. General	557
LGS - RCU		Cabotaje	Av. General	557
LGS - RCU	Fuerza Aérea Argentina	Cabotaje	Av. General	557
LGS - RCU	N/A	Cabotaje	Av. General	557
ATI - IGR		Internacional	Av. General	556
ATI - IGR		Internacional	Comercial	556
ATI - IGR	N/A	Internacional	Av. General	556
ATI - IGR	N/A	Internacional	Comercial	556
GHU - MDQ	N/A	Cabotaje	Av. General	556
GHU - MDQ	N/A	Cabotaje	Comercial	556
AEP - AOL	Aerolíneas Argentinas	Cabotaje	Comercial	555
AEP - AOL	N/A	Cabotaje	Av. General	555
EZE - RSA		Cabotaje	Av. General	555
EZE - RSA		Cabotaje	Comercial	555
EZE - RSA	Aerolíneas Argentinas	Cabotaje	Comercial	555
EZE - RSA	American Jet	Cabotaje	Av. General	555
EZE - RSA	American Jet	Cabotaje	Comercial	555
EZE - RSA	Armada Argentina	Cabotaje	Av. General	555
EZE - RSA	Austral Líneas Aéreas	Cabotaje	Comercial	555
EZE - RSA	N/A	Cabotaje	Av. General	555
EZE - RSA	N/A	Cabotaje	Comercial	555
EZE - RSA	NetJets	Cabotaje	Av. General	555
EZE - RSA	NetJets	Cabotaje	Comercial	555
SDE - SFN		Cabotaje	Av. General	554
SDE - SFN		Cabotaje	Comercial	554
SDE - SFN	Aerolíneas Argentinas	Cabotaje	Comercial	554
SDE - SFN	American Jet	Cabotaje	Av. General	554
SDE - SFN	American Jet	Cabotaje	Comercial	554
SDE - SFN	Bell Helicopter Textron	Cabotaje	Av. General	554
SDE - SFN	Ejército Argentino	Cabotaje	Av. General	554
SDE - SFN	Fuerza Aérea Argentina	Cabotaje	Av. General	554
SDE - SFN	Gendarmería Nacional	Cabotaje	Av. General	554
SDE - SFN	N/A	Cabotaje	Av. General	554
SDE - SFN	N/A	Cabotaje	Comercial	554
ANF - JUJ		Internacional	Comercial	554
ANF - JUJ	N/A	Internacional	Av. General	554
CTC - MDZ		Cabotaje	Av. General	554
CTC - MDZ		Cabotaje	Comercial	554
CTC - MDZ	Aerocardal	Cabotaje	Av. General	554
CTC - MDZ	Aerocardal	Cabotaje	Comercial	554
CTC - MDZ	American Jet	Cabotaje	Av. General	554
CTC - MDZ	American Jet	Cabotaje	Comercial	554
CTC - MDZ	Ameriflight	Cabotaje	Av. General	554
CTC - MDZ	Andes Líneas Aéreas	Cabotaje	Comercial	554
CTC - MDZ	Bell Helicopter Textron	Cabotaje	Av. General	554
CTC - MDZ	Ejército Argentino	Cabotaje	Av. General	554
CTC - MDZ	Fuerza Aérea Argentina	Cabotaje	Av. General	554
CTC - MDZ	N/A	Cabotaje	Av. General	554
CTC - MDZ	N/A	Cabotaje	Comercial	554
LCM - OYA	N/A	Cabotaje	Av. General	554
IGB - VDM		Cabotaje	Av. General	554
PRQ - SFN		Cabotaje	Av. General	554
IGB - VDM		Cabotaje	Comercial	554
IGB - VDM	Línea Aérea SAPSA	Cabotaje	Comercial	554
PRQ - SFN	N/A	Cabotaje	Av. General	554
IGB - VDM	N/A	Cabotaje	Comercial	554
PRQ - SFN	N/A	Cabotaje	Comercial	554
BHI - ENO		Cabotaje	Av. General	553
BHI - ENO	Fuerza Aérea Argentina	Cabotaje	Av. General	553
MOR - RSA		Cabotaje	Av. General	552
MOR - RSA		Cabotaje	Comercial	552
MOR - RSA	N/A	Cabotaje	Av. General	552
POA - PSS		Internacional	Av. General	551
POA - PSS	Fuerza Aérea Brasilera	Internacional	Av. General	551
POA - PSS	N/A	Internacional	Av. General	551
POA - PSS	N/A	Internacional	Comercial	551
CUT - PMY		Cabotaje	Comercial	551
ARR - CPC		Cabotaje	Av. General	550
ROS - SST		Cabotaje	Av. General	550
ROS - SST	N/A	Cabotaje	Av. General	550
BHI - MOR		Cabotaje	Av. General	550
BHI - MOR		Cabotaje	Comercial	550
BHI - MOR	American Jet	Cabotaje	Av. General	550
BHI - MOR	Ejército Argentino	Cabotaje	Av. General	550
BHI - MOR	Fuerza Aérea Argentina	Cabotaje	Av. General	550
BHI - MOR	Gendarmería Nacional	Cabotaje	Av. General	550
BHI - MOR	N/A	Cabotaje	Av. General	550
BHI - MOR	N/A	Cabotaje	Comercial	550
BHI - MOR	Prefectura Naval Argentina	Cabotaje	Av. General	550
EPA - RCU		Cabotaje	Av. General	549
EPA - RCU		Cabotaje	Comercial	549
EPA - RCU	Ejército Argentino	Cabotaje	Av. General	549
EPA - RCU	Fuerza Aérea Argentina	Cabotaje	Av. General	549
EPA - RCU	Gendarmería Nacional	Cabotaje	Av. General	549
EPA - RCU	N/A	Cabotaje	Av. General	549
LUQ - SFN		Cabotaje	Av. General	549
SFN - VMA		Cabotaje	Av. General	549
SFN - VMA		Cabotaje	Comercial	549
LUQ - SFN	Andes Líneas Aéreas	Cabotaje	Comercial	549
SFN - VMA	Fuerza Aérea Argentina	Cabotaje	Av. General	549
SFN - VMA	Macair Jet	Cabotaje	Comercial	549
LUQ - SFN	N/A	Cabotaje	Av. General	549
SFN - VMA	N/A	Cabotaje	Av. General	549
LUQ - SFN	N/A	Cabotaje	Comercial	549
MOR - RCU		Cabotaje	Av. General	549
MOR - RCU		Cabotaje	Comercial	549
MOR - RCU	Ecocopter SA	Cabotaje	Av. General	549
MOR - RCU	Firefly	Cabotaje	Av. General	549
MOR - RCU	Fuerza Aérea Argentina	Cabotaje	Av. General	549
MOR - RCU	N/A	Cabotaje	Av. General	549
MOR - RCU	N/A	Cabotaje	Comercial	549
CNQ - SDE		Cabotaje	Av. General	548
CNQ - SDE		Cabotaje	Comercial	548
CNQ - SDE	Bell Helicopter Textron	Cabotaje	Av. General	548
CNQ - SDE	Bell Helicopter Textron	Cabotaje	Comercial	548
CNQ - SDE	Fuerza Aérea Argentina	Cabotaje	Av. General	548
CNQ - SDE	Gendarmería Nacional	Cabotaje	Av. General	548
CNQ - SDE	N/A	Cabotaje	Av. General	548
CNQ - SDE	N/A	Cabotaje	Comercial	548
COR - PEH		Cabotaje	Av. General	548
COR - PEH	American Jet	Cabotaje	Av. General	548
COR - PEH	American Jet	Cabotaje	Comercial	548
COR - PEH	N/A	Cabotaje	Av. General	548
COR - PEH	N/A	Cabotaje	Comercial	548
AEP - URG	Fuerza Aérea Argentina	Internacional	Av. General	547
AOL - FDO		Cabotaje	Av. General	547
AOL - FDO		Cabotaje	Comercial	547
AOL - FDO	N/A	Cabotaje	Av. General	547
RCQ - RHD	Fuerza Aérea Argentina	Cabotaje	Av. General	547
RCQ - RHD	N/A	Cabotaje	Av. General	547
FDO - RCU		Cabotaje	Av. General	546
FDO - RCU		Cabotaje	Comercial	546
FDO - RCU	Aerolíneas Argentinas	Cabotaje	Comercial	546
FDO - RCU	American Jet	Cabotaje	Av. General	546
FDO - RCU	American Jet	Cabotaje	Comercial	546
FDO - RCU	Ameriflight	Cabotaje	Av. General	546
FDO - RCU	Ameriflight	Cabotaje	Comercial	546
FDO - RCU	Fuerza Aérea Argentina	Cabotaje	Av. General	546
FDO - RCU	Fuerza Aérea Uruguaya	Cabotaje	Av. General	546
FDO - RCU	Interjet	Cabotaje	Av. General	546
FDO - RCU	Línea Aérea SAPSA	Cabotaje	Av. General	546
FDO - RCU	Línea Aérea SAPSA	Cabotaje	Comercial	546
FDO - RCU	N/A	Cabotaje	Av. General	546
FDO - RCU	N/A	Cabotaje	Comercial	546
EQS - VRG		Cabotaje	Av. General	546
ENO - RSA		Cabotaje	Av. General	545
ENO - RSA	Fuerza Aérea Argentina	Cabotaje	Av. General	545
ROS - RVY	N/A	Internacional	Av. General	545
PRQ - SLA		Cabotaje	Av. General	544
PRQ - SLA	Andes Líneas Aéreas	Cabotaje	Comercial	544
PRQ - SLA	Gendarmería Nacional	Cabotaje	Av. General	544
PRQ - SLA	N/A	Cabotaje	Av. General	544
PRQ - SLA	N/A	Cabotaje	Comercial	544
BHI - EZE		Cabotaje	Av. General	542
BHI - EZE		Cabotaje	Comercial	542
BHI - EZE	Aerolíneas Argentinas	Cabotaje	Comercial	542
BHI - EZE	American Jet	Cabotaje	Av. General	542
BHI - EZE	American Jet	Cabotaje	Comercial	542
BHI - EZE	Andes Líneas Aéreas	Cabotaje	Comercial	542
BHI - EZE	Armada Argentina	Cabotaje	Av. General	542
BHI - EZE	Austral Líneas Aéreas	Cabotaje	Comercial	542
BHI - EZE	Ejército Argentino	Cabotaje	Av. General	542
BHI - EZE	Flybondi	Cabotaje	Comercial	542
BHI - EZE	Flyest	Cabotaje	Comercial	542
BHI - EZE	Fuerza Aérea Argentina	Cabotaje	Av. General	542
BHI - EZE	LATAM Argentina	Cabotaje	Comercial	542
BHI - EZE	N/A	Cabotaje	Av. General	542
BHI - EZE	N/A	Cabotaje	Comercial	542
CRR - FMA		Cabotaje	Av. General	542
CRR - FMA	N/A	Cabotaje	Av. General	542
FDO - URG		Internacional	Comercial	540
FDO - URG	N/A	Internacional	Av. General	540
COR - OYA		Cabotaje	Av. General	540
COR - OYA		Cabotaje	Comercial	540
COR - OYA	Línea Aérea SAPSA	Cabotaje	Comercial	540
COR - OYA	Macair Jet	Cabotaje	Av. General	540
COR - OYA	N/A	Cabotaje	Av. General	540
COR - OYA	N/A	Cabotaje	Comercial	540
BGX - FDO		Internacional	Av. General	540
BGX - FDO	N/A	Internacional	Av. General	540
BGX - FDO	N/A	Internacional	Comercial	540
PMG - PSS	N/A	Internacional	Av. General	539
AFA - LCM		Cabotaje	Av. General	539
AFA - LCM		Cabotaje	Comercial	539
AFA - LCM	N/A	Cabotaje	Av. General	539
GPO - LPG		Cabotaje	Av. General	538
GPO - LPG	N/A	Cabotaje	Av. General	538
BHI - SST		Cabotaje	Av. General	538
CRD - EHL		Cabotaje	Comercial	538
CRD - EHL	Fuerza Aérea Argentina	Cabotaje	Av. General	538
CRD - EHL	N/A	Cabotaje	Av. General	538
CRD - EHL	N/A	Cabotaje	Comercial	538
RZA - USH		Cabotaje	Av. General	538
RZA - USH	Armada Argentina	Cabotaje	Av. General	538
RAF - RHD		Cabotaje	Av. General	537
GPO - NEC		Cabotaje	Av. General	537
GPO - NEC	N/A	Cabotaje	Av. General	537
HOS - RSA	N/A	Cabotaje	Av. General	537
BRC - REL		Cabotaje	Av. General	537
BRC - REL		Cabotaje	Comercial	537
BRC - REL	Aerolíneas Argentinas	Cabotaje	Comercial	537
BRC - REL	Andes Líneas Aéreas	Cabotaje	Av. General	537
BRC - REL	Andes Líneas Aéreas	Cabotaje	Comercial	537
BRC - REL	Armada Argentina	Cabotaje	Av. General	537
BRC - REL	Austral Líneas Aéreas	Cabotaje	Comercial	537
BRC - REL	Fuerza Aérea Argentina	Cabotaje	Av. General	537
BRC - REL	Gendarmería Nacional	Cabotaje	Av. General	537
BRC - REL	LADE - Líneas Aéreas Del Estado	Cabotaje	Av. General	537
BRC - REL	LADE - Líneas Aéreas Del Estado	Cabotaje	Comercial	537
BRC - REL	Línea Aérea SAPSA	Cabotaje	Comercial	537
BRC - REL	N/A	Cabotaje	Av. General	537
BRC - REL	N/A	Cabotaje	Comercial	537
BRC - REL	Prefectura Naval Argentina	Cabotaje	Av. General	537
EHL - PMY	N/A	Cabotaje	Av. General	537
EHL - PMY	N/A	Cabotaje	Comercial	537
RLO - SCL	Aerocardal	Internacional	Comercial	535
MVD - PRA		Internacional	Av. General	535
MVD - PRA		Internacional	Comercial	535
MVD - PRA	Fuerza Aérea Argentina	Internacional	Av. General	535
MVD - PRA	Fuerza Aérea Uruguaya	Internacional	Av. General	535
MVD - PRA	N/A	Internacional	Av. General	535
MVD - PRA	N/A	Internacional	Comercial	535
AEP - UZU		Cabotaje	Av. General	535
AEP - UZU	Ejército Argentino	Cabotaje	Av. General	535
AEP - UZU	N/A	Cabotaje	Av. General	535
AEP - UZU	N/A	Cabotaje	Comercial	535
AEP - BGX	Aerolíneas Argentinas	Internacional	Comercial	535
AEP - BGX	Austral Líneas Aéreas	Internacional	Comercial	535
AEP - BGX	Fuerza Aérea Brasilera	Internacional	Av. General	535
AEP - BGX	Gol Transportes Aéreos	Internacional	Comercial	535
AEP - BGX	N/A	Internacional	Av. General	535
AEP - BGX	N/A	Internacional	Comercial	535
AFA - COR		Cabotaje	Av. General	534
AFA - COR		Cabotaje	Comercial	534
AFA - COR	Aerolíneas Argentinas	Cabotaje	Comercial	534
AFA - COR	Andes Líneas Aéreas	Cabotaje	Comercial	534
AFA - COR	N/A	Cabotaje	Av. General	534
AFA - COR	N/A	Cabotaje	Comercial	534
GPO - RAF		Cabotaje	Av. General	534
GPO - RAF	N/A	Cabotaje	Av. General	534
LGS - RLO	Fuerza Aérea Argentina	Cabotaje	Av. General	533
NQN - REL		Cabotaje	Av. General	533
NQN - REL		Cabotaje	Comercial	533
NQN - REL	Aerolíneas Argentinas	Cabotaje	Comercial	533
NQN - REL	American Jet	Cabotaje	Comercial	533
NQN - REL	Armada Argentina	Cabotaje	Av. General	533
NQN - REL	Austral Líneas Aéreas	Cabotaje	Comercial	533
NQN - REL	DAP Helicopteros	Cabotaje	Av. General	533
NQN - REL	Ejército Argentino	Cabotaje	Av. General	533
NQN - REL	Fuerza Aérea Argentina	Cabotaje	Av. General	533
NQN - REL	LADE - Líneas Aéreas Del Estado	Cabotaje	Comercial	533
NQN - REL	Línea Aérea SAPSA	Cabotaje	Av. General	533
NQN - REL	N/A	Cabotaje	Av. General	533
NQN - REL	N/A	Cabotaje	Comercial	533
EHL - REL		Cabotaje	Av. General	532
EHL - REL		Cabotaje	Comercial	532
EHL - REL	N/A	Cabotaje	Av. General	532
EHL - REL	N/A	Cabotaje	Comercial	532
CWB - IGR		Internacional	Comercial	532
CWB - IGR	American Jet	Internacional	Comercial	532
BBA - BRC	N/A	Internacional	Av. General	532
CWB - IGR	N/A	Internacional	Av. General	532
BBA - BRC	N/A	Internacional	Comercial	532
CWB - IGR	N/A	Internacional	Comercial	532
JUJ - PRQ	N/A	Cabotaje	Av. General	532
BRC - PMY		Cabotaje	Av. General	532
BRC - PMY		Cabotaje	Comercial	532
BRC - PMY	Andes Líneas Aéreas	Cabotaje	Av. General	532
BRC - PMY	Andes Líneas Aéreas	Cabotaje	Comercial	532
BRC - PMY	Fuerza Aérea Argentina	Cabotaje	Av. General	532
BRC - PMY	LADE - Líneas Aéreas Del Estado	Cabotaje	Av. General	532
BRC - PMY	LADE - Líneas Aéreas Del Estado	Cabotaje	Comercial	532
BRC - PMY	N/A	Cabotaje	Av. General	532
BRC - PMY	N/A	Cabotaje	Comercial	532
ENO - RCU		Cabotaje	Av. General	532
ENO - RCU	Fuerza Aérea Argentina	Cabotaje	Av. General	532
CPO - UAQ		Internacional	Comercial	532
CPO - UAQ	Aerocardal	Internacional	Av. General	532
CPO - UAQ	American Jet	Internacional	Comercial	532
GPO - NQN		Cabotaje	Av. General	532
GPO - NQN		Cabotaje	Comercial	532
GPO - NQN	American Jet	Cabotaje	Comercial	532
GPO - NQN	Ejército Argentino	Cabotaje	Av. General	532
GPO - NQN	Fuerza Aérea Argentina	Cabotaje	Av. General	532
GPO - NQN	Gendarmería Nacional	Cabotaje	Av. General	532
GPO - NQN	N/A	Cabotaje	Av. General	532
GPO - NQN	N/A	Cabotaje	Comercial	532
CSZ - RCU		Cabotaje	Av. General	531
CSZ - RCU	N/A	Cabotaje	Av. General	531
FTE - PUD		Cabotaje	Comercial	531
CCT - VDM		Cabotaje	Comercial	530
HOS - MDZ		Cabotaje	Av. General	530
HOS - MDZ	American Jet	Cabotaje	Av. General	530
HOS - MDZ	American Jet	Cabotaje	Comercial	530
HOS - MDZ	N/A	Cabotaje	Av. General	530
HOS - MDZ	N/A	Cabotaje	Comercial	530
GPO - PRA		Cabotaje	Av. General	530
GPO - PRA		Cabotaje	Comercial	530
GPO - PRA	Fuerza Aérea Argentina	Cabotaje	Av. General	530
GPO - PRA	N/A	Cabotaje	Av. General	530
CPC - LGS		Cabotaje	Av. General	528
CPC - LGS		Cabotaje	Comercial	528
CPC - LGS	N/A	Cabotaje	Av. General	528
ANF - SLA		Internacional	Av. General	528
ANF - SLA		Internacional	Comercial	528
ANF - SLA	ACM Air Charter	Internacional	Av. General	528
ANF - SLA	LATAM Perú	Internacional	Comercial	528
ANF - SLA	N/A	Internacional	Av. General	528
ANF - SLA	N/A	Internacional	Comercial	528
ESG - JUJ		Internacional	Av. General	527
ESG - JUJ	N/A	Internacional	Av. General	527
GPO - LCM		Cabotaje	Av. General	527
GPO - LCM		Cabotaje	Comercial	527
GHU - RCU		Cabotaje	Av. General	527
IGR - MDX		Cabotaje	Comercial	527
IGR - MDX	Ejército Argentino	Cabotaje	Av. General	527
IGR - MDX	N/A	Cabotaje	Av. General	527
IGR - MDX	N/A	Cabotaje	Comercial	527
IGR - MDX	Prefectura Naval Argentina	Cabotaje	Av. General	527
FTE - ROY	N/A	Cabotaje	Av. General	527
FTE - ROY	N/A	Cabotaje	Comercial	527
GPO - LGS		Cabotaje	Av. General	527
GPO - LGS	N/A	Cabotaje	Av. General	527
GPO - LGS	N/A	Cabotaje	Comercial	527
EQS - GNR		Cabotaje	Av. General	526
EQS - GNR		Cabotaje	Comercial	526
EQS - GNR	N/A	Cabotaje	Av. General	526
EQS - GNR	N/A	Cabotaje	Comercial	526
PMY - ROY	N/A	Cabotaje	Av. General	525
CPC - TLX	N/A	Internacional	Av. General	525
FDO - UZU		Cabotaje	Av. General	524
FDO - UZU	N/A	Cabotaje	Av. General	524
RES - RVY	N/A	Internacional	Av. General	524
CTC - LUQ		Cabotaje	Av. General	524
CTC - VMA		Cabotaje	Av. General	524
CTC - VMA		Cabotaje	Comercial	524
CTC - LUQ	Ameriflight	Cabotaje	Av. General	524
CTC - LUQ	Andes Líneas Aéreas	Cabotaje	Comercial	524
CTC - LUQ	Fuerza Aérea Argentina	Cabotaje	Av. General	524
CTC - LUQ	N/A	Cabotaje	Av. General	524
CTC - VMA	N/A	Cabotaje	Av. General	524
CTC - LUQ	N/A	Cabotaje	Comercial	524
RSA - VDR		Cabotaje	Av. General	523
RSA - VDR		Cabotaje	Comercial	523
RSA - VDR	Línea Aérea SAPSA	Cabotaje	Comercial	523
RSA - VDR	N/A	Cabotaje	Av. General	523
LUQ - NCJ		Cabotaje	Av. General	523
CPC - OES	N/A	Cabotaje	Av. General	523
ARR - PMY		Cabotaje	Av. General	522
FTE - GXQ	N/A	Internacional	Av. General	522
LUQ - ROS		Cabotaje	Av. General	521
ROS - VMA		Cabotaje	Av. General	521
LUQ - ROS		Cabotaje	Comercial	521
LUQ - ROS	Andes Líneas Aéreas	Cabotaje	Comercial	521
ROS - VMA	Ejército Argentino	Cabotaje	Av. General	521
ROS - VMA	Fuerza Aérea Argentina	Cabotaje	Av. General	521
ROS - VMA	Fuerza Aérea Uruguaya	Cabotaje	Av. General	521
LUQ - ROS	N/A	Cabotaje	Av. General	521
ROS - VMA	N/A	Cabotaje	Av. General	521
LUQ - ROS	N/A	Cabotaje	Comercial	521
ROS - VMA	N/A	Cabotaje	Comercial	521
LUQ - ROS	SOL Líneas Aéreas	Cabotaje	Av. General	521
LUQ - ROS	SOL Líneas Aéreas	Cabotaje	Comercial	521
RLO - SDE		Cabotaje	Av. General	521
GPO - SFN		Cabotaje	Av. General	521
GPO - SFN	N/A	Cabotaje	Av. General	521
BRC - OLN	N/A	Cabotaje	Av. General	520
IRJ - SLA		Cabotaje	Av. General	520
IRJ - SLA		Cabotaje	Comercial	520
IRJ - SLA	American Jet	Cabotaje	Comercial	520
IRJ - SLA	Andes Líneas Aéreas	Cabotaje	Av. General	520
IRJ - SLA	Andes Líneas Aéreas	Cabotaje	Comercial	520
IRJ - SLA	Avianca	Cabotaje	Comercial	520
IRJ - SLA	Ejército Argentino	Cabotaje	Av. General	520
IRJ - SLA	Fuerza Aérea Argentina	Cabotaje	Av. General	520
IRJ - SLA	Gendarmería Nacional	Cabotaje	Av. General	520
IRJ - SLA	Macair Jet	Cabotaje	Av. General	520
IRJ - SLA	N/A	Cabotaje	Av. General	520
IRJ - SLA	N/A	Cabotaje	Comercial	520
ROS - RSA		Cabotaje	Av. General	520
ROS - RSA		Cabotaje	Comercial	520
ROS - RSA	American Jet	Cabotaje	Comercial	520
ROS - RSA	Andes Líneas Aéreas	Cabotaje	Comercial	520
ROS - RSA	Línea Aérea SAPSA	Cabotaje	Av. General	520
ROS - RSA	N/A	Cabotaje	Av. General	520
ROS - RSA	N/A	Cabotaje	Comercial	520
CTC - RCU		Cabotaje	Av. General	520
CTC - RCU		Cabotaje	Comercial	520
CTC - RCU	N/A	Cabotaje	Av. General	520
CTC - RCU	N/A	Cabotaje	Comercial	520
BHI - NQN		Cabotaje	Av. General	520
BHI - NQN		Cabotaje	Comercial	520
BHI - NQN	Aerolíneas Argentinas	Cabotaje	Comercial	520
BHI - NQN	American Jet	Cabotaje	Av. General	520
BHI - NQN	American Jet	Cabotaje	Comercial	520
BHI - NQN	Armada Argentina	Cabotaje	Av. General	520
BHI - NQN	Austral Líneas Aéreas	Cabotaje	Comercial	520
BHI - NQN	Ejército Argentino	Cabotaje	Av. General	520
BHI - NQN	Fuerza Aérea Argentina	Cabotaje	Av. General	520
BHI - NQN	Gendarmería Nacional	Cabotaje	Av. General	520
BHI - NQN	LADE - Líneas Aéreas Del Estado	Cabotaje	Av. General	520
BHI - NQN	LADE - Líneas Aéreas Del Estado	Cabotaje	Comercial	520
BHI - NQN	LASA Argentina	Cabotaje	Comercial	520
BHI - NQN	N/A	Cabotaje	Av. General	520
BHI - NQN	N/A	Cabotaje	Comercial	520
BHI - NQN	Prefectura Naval Argentina	Cabotaje	Av. General	520
RES - SDE		Cabotaje	Av. General	519
RES - SDE		Cabotaje	Comercial	519
RES - SDE	Aerolíneas Argentinas	Cabotaje	Comercial	519
RES - SDE	Andes Líneas Aéreas	Cabotaje	Comercial	519
RES - SDE	Austral Líneas Aéreas	Cabotaje	Comercial	519
RES - SDE	Ejército Argentino	Cabotaje	Av. General	519
RES - SDE	Fuerza Aérea Argentina	Cabotaje	Av. General	519
RES - SDE	Gendarmería Nacional	Cabotaje	Av. General	519
RES - SDE	N/A	Cabotaje	Av. General	519
RES - SDE	N/A	Cabotaje	Comercial	519
TDL - VDM		Cabotaje	Av. General	519
TDL - VDM	Ejército Argentino	Cabotaje	Av. General	519
TDL - VDM	Fuerza Aérea Argentina	Cabotaje	Av. General	519
TDL - VDM	N/A	Cabotaje	Av. General	519
TDL - VDM	N/A	Cabotaje	Comercial	519
TDL - VDM	Prefectura Naval Argentina	Cabotaje	Av. General	519
DZO - MDQ		Internacional	Comercial	518
RDS - VME	N/A	Cabotaje	Av. General	517
BRC - OES		Cabotaje	Av. General	517
BRC - OES		Cabotaje	Comercial	517
BRC - OES	Línea Aérea SAPSA	Cabotaje	Av. General	517
BRC - OES	N/A	Cabotaje	Comercial	517
CSZ - ROS		Cabotaje	Av. General	516
CSZ - ROS		Cabotaje	Comercial	516
CSZ - ROS	N/A	Cabotaje	Av. General	516
CSZ - ROS	N/A	Cabotaje	Comercial	516
EZE - RVY	N/A	Internacional	Av. General	515
CNQ - SFN		Cabotaje	Av. General	515
CNQ - SFN		Cabotaje	Comercial	515
CNQ - SFN	Aerolíneas Argentinas	Cabotaje	Comercial	515
CNQ - SFN	American Jet	Cabotaje	Comercial	515
CNQ - SFN	Ejército Argentino	Cabotaje	Av. General	515
CNQ - SFN	Fuerza Aérea Argentina	Cabotaje	Av. General	515
CNQ - SFN	N/A	Cabotaje	Av. General	515
CNQ - SFN	N/A	Cabotaje	Comercial	515
BRC - CCP	Andes Líneas Aéreas	Internacional	Comercial	515
BRC - CCP	Fuerza Aérea Argentina	Internacional	Av. General	515
BRC - CCP	JetSMART Airlines	Internacional	Comercial	515
BRC - CCP	N/A	Internacional	Av. General	515
BRC - CCP	N/A	Internacional	Comercial	515
ORA - SDE		Cabotaje	Av. General	513
ORA - SDE	Ejército Argentino	Cabotaje	Av. General	513
ORA - SDE	Gendarmería Nacional	Cabotaje	Av. General	513
ORA - SDE	N/A	Cabotaje	Av. General	513
EZE - NCJ		Cabotaje	Av. General	513
EZE - NCJ		Cabotaje	Comercial	513
EZE - NCJ	American Jet	Cabotaje	Comercial	513
EZE - NCJ	Austral Líneas Aéreas	Cabotaje	Comercial	513
EZE - NCJ	Línea Aérea SAPSA	Cabotaje	Comercial	513
EZE - NCJ	N/A	Cabotaje	Av. General	513
EZE - NCJ	N/A	Cabotaje	Comercial	513
CRD - EMX		Cabotaje	Av. General	513
BHI - PMY		Cabotaje	Av. General	513
BHI - PMY		Cabotaje	Comercial	513
BHI - PMY	Aerolíneas Argentinas	Cabotaje	Comercial	513
BHI - PMY	American Jet	Cabotaje	Av. General	513
BHI - PMY	American Jet	Cabotaje	Comercial	513
BHI - PMY	Andes Líneas Aéreas	Cabotaje	Comercial	513
BHI - PMY	Austral Líneas Aéreas	Cabotaje	Comercial	513
BHI - PMY	Ejército Argentino	Cabotaje	Av. General	513
BHI - PMY	Fuerza Aérea Argentina	Cabotaje	Av. General	513
BHI - PMY	LADE - Líneas Aéreas Del Estado	Cabotaje	Av. General	513
BHI - PMY	LADE - Líneas Aéreas Del Estado	Cabotaje	Comercial	513
BHI - PMY	N/A	Cabotaje	Av. General	513
BHI - PMY	N/A	Cabotaje	Comercial	513
BHI - PMY	Prefectura Naval Argentina	Cabotaje	Av. General	513
BRC - ROY	N/A	Cabotaje	Av. General	512
MDZ - YAI		Internacional	Av. General	512
CNQ - PRA		Cabotaje	Av. General	512
CNQ - PRA		Cabotaje	Comercial	512
CNQ - PRA	Fuerza Aérea Argentina	Cabotaje	Av. General	512
CNQ - PRA	Gendarmería Nacional	Cabotaje	Av. General	512
CNQ - PRA	N/A	Cabotaje	Av. General	512
CNQ - PRA	N/A	Cabotaje	Comercial	512
CNQ - PRA	Prefectura Naval Argentina	Cabotaje	Av. General	512
AFA - APZ		Cabotaje	Av. General	512
AFA - APZ		Cabotaje	Comercial	512
AFA - APZ	N/A	Cabotaje	Av. General	512
CUT - RSA		Cabotaje	Av. General	511
SLA - UYU		Internacional	Av. General	510
SLA - UYU		Internacional	Comercial	510
SLA - UYU	Boliviana de Aviacion	Internacional	Av. General	510
SLA - UYU	Ecocopter SA	Internacional	Av. General	510
SLA - UYU	N/A	Internacional	Av. General	510
SLA - UYU	N/A	Internacional	Comercial	510
GNR - REL		Cabotaje	Av. General	508
GNR - REL		Cabotaje	Comercial	508
GNR - REL	Fuerza Aérea Argentina	Cabotaje	Av. General	508
GNR - REL	N/A	Cabotaje	Av. General	508
LCM - RCQ		Cabotaje	Av. General	508
LCM - RCQ		Cabotaje	Comercial	508
LCM - RCQ	N/A	Cabotaje	Av. General	508
LUQ - RAF		Cabotaje	Av. General	508
LUQ - RAF	N/A	Cabotaje	Av. General	508
MDZ - RDS		Cabotaje	Av. General	508
MDZ - RDS		Cabotaje	Comercial	508
MDZ - RDS	Aerolíneas Argentinas	Cabotaje	Comercial	508
MDZ - RDS	American Jet	Cabotaje	Av. General	508
MDZ - RDS	American Jet	Cabotaje	Comercial	508
MDZ - RDS	N/A	Cabotaje	Comercial	508
CTC - RAF		Cabotaje	Av. General	507
CTC - RAF		Cabotaje	Comercial	507
PRA - VME		Cabotaje	Av. General	507
PRA - VME		Cabotaje	Comercial	507
PRA - VME	Fuerza Aérea Argentina	Cabotaje	Av. General	507
EQS - NQN		Cabotaje	Av. General	507
EQS - NQN		Cabotaje	Comercial	507
EQS - NQN	Aerolíneas Argentinas	Cabotaje	Comercial	507
EQS - NQN	American Jet	Cabotaje	Av. General	507
EQS - NQN	American Jet	Cabotaje	Comercial	507
EQS - NQN	Ejército Argentino	Cabotaje	Av. General	507
EQS - NQN	Fuerza Aérea Argentina	Cabotaje	Av. General	507
EQS - NQN	Gendarmería Nacional	Cabotaje	Av. General	507
EQS - NQN	N/A	Cabotaje	Av. General	507
EQS - NQN	N/A	Cabotaje	Comercial	507
EQS - NQN	Prefectura Naval Argentina	Cabotaje	Av. General	507
COR - TUC		Cabotaje	Av. General	507
COR - TUC		Cabotaje	Comercial	507
COR - TUC	Aerolíneas Argentinas	Cabotaje	Comercial	507
COR - TUC	Aeromar	Cabotaje	Av. General	507
COR - TUC	American Jet	Cabotaje	Av. General	507
COR - TUC	American Jet	Cabotaje	Comercial	507
COR - TUC	Ameriflight	Cabotaje	Av. General	507
COR - TUC	Andes Líneas Aéreas	Cabotaje	Comercial	507
COR - TUC	Austral Líneas Aéreas	Cabotaje	Comercial	507
COR - TUC	Chief of Staff, United States Air Force	Cabotaje	Av. General	507
COR - TUC	Ejército Argentino	Cabotaje	Av. General	507
COR - TUC	Flybondi	Cabotaje	Comercial	507
COR - TUC	Flyest	Cabotaje	Comercial	507
COR - TUC	Fuerza Aérea Argentina	Cabotaje	Av. General	507
COR - TUC	Fuerza Aérea Brasilera	Cabotaje	Av. General	507
COR - TUC	Gendarmería Nacional	Cabotaje	Av. General	507
COR - TUC	JetSMART Airlines	Cabotaje	Comercial	507
COR - TUC	LADE - Líneas Aéreas Del Estado	Cabotaje	Comercial	507
COR - TUC	LATAM Argentina	Cabotaje	Comercial	507
COR - TUC	LATAM Perú	Cabotaje	Comercial	507
COR - TUC	Línea Aérea SAPSA	Cabotaje	Comercial	507
COR - TUC	Macair Jet	Cabotaje	Av. General	507
COR - TUC	Macair Jet	Cabotaje	Comercial	507
COR - TUC	N/A	Cabotaje	Av. General	507
COR - TUC	N/A	Cabotaje	Comercial	507
COR - TUC	NetJets	Cabotaje	Av. General	507
COR - TUC	SOL Líneas Aéreas	Cabotaje	Av. General	507
COR - TUC	Spanish Air Force	Cabotaje	Av. General	507
COR - TUC	Spanish Air Force	Cabotaje	Comercial	507
COR - TUC	TAM Linhas Aéreas	Cabotaje	Comercial	507
PUD - REL		Cabotaje	Av. General	506
PUD - REL		Cabotaje	Comercial	506
PUD - REL	Aerocardal	Cabotaje	Av. General	506
PUD - REL	Ejército Argentino	Cabotaje	Av. General	506
PUD - REL	N/A	Cabotaje	Av. General	506
PUD - REL	N/A	Cabotaje	Comercial	506
OVR - VDM		Cabotaje	Av. General	504
OVR - VDM		Cabotaje	Comercial	504
OVR - VDM	N/A	Cabotaje	Av. General	504
RES - SFN		Cabotaje	Av. General	504
RES - SFN		Cabotaje	Comercial	504
RES - SFN	Aerolíneas Argentinas	Cabotaje	Comercial	504
RES - SFN	American Jet	Cabotaje	Comercial	504
RES - SFN	Andes Líneas Aéreas	Cabotaje	Comercial	504
RES - SFN	Ecocopter SA	Cabotaje	Av. General	504
RES - SFN	Ejército Argentino	Cabotaje	Av. General	504
RES - SFN	Fuerza Aérea Argentina	Cabotaje	Av. General	504
RES - SFN	Fuerza Aérea Paraguaya	Cabotaje	Av. General	504
RES - SFN	N/A	Cabotaje	Av. General	504
RES - SFN	N/A	Cabotaje	Comercial	504
CNQ - RAF		Cabotaje	Av. General	503
CNQ - RAF		Cabotaje	Comercial	503
CNQ - RAF	N/A	Cabotaje	Av. General	503
NQN - PMC		Internacional	Av. General	503
NQN - PMC		Internacional	Comercial	503
NQN - PMC	N/A	Internacional	Av. General	503
NQN - PMC	N/A	Internacional	Comercial	503
PRA - RES		Cabotaje	Av. General	503
PRA - RES		Cabotaje	Comercial	503
PRA - RES	Aerolíneas Argentinas	Cabotaje	Comercial	503
PRA - RES	Andes Líneas Aéreas	Cabotaje	Comercial	503
PRA - RES	Ejército Argentino	Cabotaje	Av. General	503
PRA - RES	Flyest	Cabotaje	Comercial	503
PRA - RES	Fuerza Aérea Argentina	Cabotaje	Av. General	503
PRA - RES	Gendarmería Nacional	Cabotaje	Av. General	503
PRA - RES	N/A	Cabotaje	Av. General	503
PRA - RES	N/A	Cabotaje	Comercial	503
ROS - TDL		Cabotaje	Av. General	503
ROS - TDL		Cabotaje	Comercial	503
ROS - TDL	Fuerza Aérea Argentina	Cabotaje	Av. General	503
ROS - TDL	N/A	Cabotaje	Av. General	503
AEP - GPO		Cabotaje	Av. General	503
AEP - GPO		Cabotaje	Comercial	503
AEP - GPO	American Jet	Cabotaje	Comercial	503
AEP - GPO	Avianca	Cabotaje	Comercial	503
AEP - GPO	Ejército Argentino	Cabotaje	Av. General	503
AEP - GPO	Macair Jet	Cabotaje	Comercial	503
AEP - GPO	N/A	Cabotaje	Av. General	503
AEP - GPO	N/A	Cabotaje	Comercial	503
AEP - GPO	Prefectura Naval Argentina	Cabotaje	Av. General	503
EMX - PMQ	American Jet	Cabotaje	Comercial	502
IRJ - VME		Cabotaje	Av. General	502
IRJ - VME	Fuerza Aérea Argentina	Cabotaje	Av. General	502
IRJ - VME	N/A	Cabotaje	Av. General	502
GNR - GPO		Cabotaje	Av. General	502
LUQ - PEH	N/A	Cabotaje	Av. General	502
NQN - TLX	N/A	Internacional	Av. General	501
EMX - REL		Cabotaje	Av. General	501
EMX - REL	N/A	Cabotaje	Av. General	501
IGU - RES		Internacional	Av. General	500
IGU - RES	N/A	Internacional	Av. General	500
IGU - RES	N/A	Internacional	Comercial	500
MCS - MOR		Cabotaje	Av. General	499
RGA - ULA		Cabotaje	Av. General	498
RGA - ULA	N/A	Cabotaje	Av. General	498
ROS - URG	N/A	Internacional	Av. General	498
GPO - RDS		Cabotaje	Av. General	497
GPO - RDS		Cabotaje	Comercial	497
GPO - RDS	N/A	Cabotaje	Av. General	497
CRD - SGV		Cabotaje	Av. General	497
AFA - GNR		Cabotaje	Comercial	496
AFA - GNR	N/A	Cabotaje	Av. General	496
PUD - RGL		Cabotaje	Av. General	496
PUD - RGL		Cabotaje	Comercial	496
PUD - RGL	Armada Argentina	Cabotaje	Av. General	496
PUD - RGL	Ejército Argentino	Cabotaje	Av. General	496
PUD - RGL	Fuerza Aérea Argentina	Cabotaje	Av. General	496
PUD - RGL	Gendarmería Nacional	Cabotaje	Av. General	496
PUD - RGL	N/A	Cabotaje	Av. General	496
PUD - RGL	N/A	Cabotaje	Comercial	496
PUD - RGL	Prefectura Naval Argentina	Cabotaje	Av. General	496
NQN - PMY		Cabotaje	Av. General	496
NQN - PMY		Cabotaje	Comercial	496
NQN - PMY	American Jet	Cabotaje	Comercial	496
NQN - PMY	Austral Líneas Aéreas	Cabotaje	Comercial	496
NQN - PMY	Ejército Argentino	Cabotaje	Av. General	496
NQN - PMY	Fuerza Aérea Argentina	Cabotaje	Av. General	496
NQN - PMY	LADE - Líneas Aéreas Del Estado	Cabotaje	Av. General	496
NQN - PMY	LADE - Líneas Aéreas Del Estado	Cabotaje	Comercial	496
NQN - PMY	N/A	Cabotaje	Av. General	496
NQN - PMY	N/A	Cabotaje	Comercial	496
AEP - NCJ		Cabotaje	Av. General	496
AEP - NCJ		Cabotaje	Comercial	496
AEP - NCJ	American Jet	Cabotaje	Av. General	496
AEP - NCJ	American Jet	Cabotaje	Comercial	496
AEP - NCJ	Austral Líneas Aéreas	Cabotaje	Comercial	496
AEP - NCJ	Avianca	Cabotaje	Comercial	496
AEP - NCJ	Flyest	Cabotaje	Comercial	496
AEP - NCJ	Fuerza Aérea Argentina	Cabotaje	Av. General	496
AEP - NCJ	LATAM Argentina	Cabotaje	Comercial	496
AEP - NCJ	Línea Aérea SAPSA	Cabotaje	Comercial	496
AEP - NCJ	Macair Jet	Cabotaje	Av. General	496
AEP - NCJ	Macair Jet	Cabotaje	Comercial	496
AEP - NCJ	N/A	Cabotaje	Av. General	496
AEP - NCJ	N/A	Cabotaje	Comercial	496
COR - RCQ		Cabotaje	Av. General	495
COR - RCQ		Cabotaje	Comercial	495
COR - RCQ	Bell Helicopter Textron	Cabotaje	Av. General	495
COR - RCQ	Ecocopter SA	Cabotaje	Av. General	495
COR - RCQ	Ecocopter SA	Cabotaje	Comercial	495
COR - RCQ	Fuerza Aérea Argentina	Cabotaje	Av. General	495
COR - RCQ	Línea Aérea SAPSA	Cabotaje	Comercial	495
COR - RCQ	N/A	Cabotaje	Av. General	495
COR - RCQ	N/A	Cabotaje	Comercial	495
CCP - NQN		Internacional	Av. General	495
CCP - NQN		Internacional	Comercial	495
CCP - NQN	American Jet	Internacional	Comercial	495
CCP - NQN	LATAM Argentina	Internacional	Comercial	495
CCP - NQN	N/A	Internacional	Av. General	495
CCP - NQN	N/A	Internacional	Comercial	495
PDI - PRA		Cabotaje	Av. General	494
PDI - PRA		Cabotaje	Comercial	494
PDI - PRA	Armada Argentina	Cabotaje	Av. General	494
IGR - RES		Cabotaje	Av. General	494
IGR - RES		Cabotaje	Comercial	494
IGR - RES	Aerolíneas Argentinas	Cabotaje	Comercial	494
IGR - RES	Andes Líneas Aéreas	Cabotaje	Comercial	494
IGR - RES	Austral Líneas Aéreas	Cabotaje	Comercial	494
IGR - RES	Dassault Aviation	Cabotaje	Av. General	494
IGR - RES	Ejército Argentino	Cabotaje	Av. General	494
IGR - RES	Flybondi	Cabotaje	Av. General	494
IGR - RES	Flybondi	Cabotaje	Comercial	494
IGR - RES	Fuerza Aérea Argentina	Cabotaje	Av. General	494
IGR - RES	Gendarmería Nacional	Cabotaje	Av. General	494
IGR - RES	JetSMART Airlines	Cabotaje	Comercial	494
IGR - RES	LATAM	Cabotaje	Comercial	494
IGR - RES	LATAM Argentina	Cabotaje	Comercial	494
IGR - RES	N/A	Cabotaje	Av. General	494
IGR - RES	N/A	Cabotaje	Comercial	494
MOR - NCJ		Cabotaje	Av. General	494
MOR - NCJ	N/A	Cabotaje	Av. General	494
CVI - EQS		Cabotaje	Av. General	493
CVI - EQS	N/A	Cabotaje	Av. General	493
EQS - PMY		Cabotaje	Av. General	493
EQS - PMY		Cabotaje	Comercial	493
EQS - PMY	Fuerza Aérea Argentina	Cabotaje	Av. General	493
EQS - PMY	N/A	Cabotaje	Av. General	493
EQS - PMY	N/A	Cabotaje	Comercial	493
EQS - PMY	Prefectura Naval Argentina	Cabotaje	Av. General	493
PEH - RLO		Cabotaje	Av. General	492
LGS - RSA		Cabotaje	Av. General	492
LGS - RSA		Cabotaje	Comercial	492
LGS - RSA	Fuerza Aérea Argentina	Cabotaje	Av. General	492
LGS - RSA	N/A	Cabotaje	Av. General	492
ATI - ROS		Internacional	Av. General	492
ATI - FDO		Internacional	Av. General	492
ATI - FDO		Internacional	Comercial	492
ATI - FDO	N/A	Internacional	Av. General	492
ATI - FDO	N/A	Internacional	Comercial	492
PSS - STY		Internacional	Comercial	492
PSS - STY	Fuerza Aérea Uruguaya	Internacional	Av. General	492
PSS - STY	LATAM Cargo Uruguay	Internacional	Av. General	492
PSS - STY	N/A	Internacional	Av. General	492
PSS - STY	N/A	Internacional	Comercial	492
ASU - RCQ	N/A	Internacional	Av. General	491
ASU - RCQ	N/A	Internacional	Comercial	491
FDO - GPO		Cabotaje	Av. General	491
FDO - GPO		Cabotaje	Comercial	491
FDO - GPO	American Jet	Cabotaje	Av. General	491
FDO - GPO	American Jet	Cabotaje	Comercial	491
FDO - GPO	Ameriflight	Cabotaje	Av. General	491
FDO - GPO	Ameriflight	Cabotaje	Comercial	491
FDO - GPO	Línea Aérea SAPSA	Cabotaje	Av. General	491
FDO - GPO	Línea Aérea SAPSA	Cabotaje	Comercial	491
FDO - GPO	N/A	Cabotaje	Av. General	491
FDO - GPO	N/A	Cabotaje	Comercial	491
AFA - CUT		Cabotaje	Av. General	490
AFA - CUT	N/A	Cabotaje	Av. General	490
EPA - NCJ	N/A	Cabotaje	Av. General	490
MVD - ROS		Internacional	Av. General	489
MVD - ROS		Internacional	Comercial	489
MVD - ROS	Aerolíneas Argentinas	Internacional	Comercial	489
MVD - ROS	Alas Uruguay	Internacional	Av. General	489
MVD - ROS	Alas Uruguay	Internacional	Comercial	489
MVD - ROS	Amaszonas	Internacional	Av. General	489
MVD - ROS	American Airlines	Internacional	Comercial	489
MVD - ROS	Andes Líneas Aéreas	Internacional	Comercial	489
MVD - ROS	Antonov Airlines	Internacional	Av. General	489
MVD - ROS	Avianca	Internacional	Comercial	489
MVD - ROS	Avianca Uruguay	Internacional	Comercial	489
MVD - ROS	Copa Airlines	Internacional	Comercial	489
MVD - ROS	Flyest	Internacional	Comercial	489
MVD - ROS	Fuerza Aérea Uruguaya	Internacional	Av. General	489
MVD - ROS	Gestair	Internacional	Comercial	489
MVD - ROS	LATAM	Internacional	Comercial	489
MVD - ROS	LATAM Perú	Internacional	Comercial	489
MVD - ROS	Línea Aérea SAPSA	Internacional	Comercial	489
MVD - ROS	N/A	Internacional	Av. General	489
MVD - ROS	N/A	Internacional	Comercial	489
MVD - ROS	TAM Linhas Aéreas	Internacional	Comercial	489
MVD - ROS	Vietnam Airlines	Internacional	Av. General	489
NQN - VDM		Cabotaje	Av. General	489
NQN - VDM		Cabotaje	Comercial	489
NQN - VDM	Aerolíneas Argentinas	Cabotaje	Comercial	489
NQN - VDM	American Jet	Cabotaje	Av. General	489
NQN - VDM	American Jet	Cabotaje	Comercial	489
NQN - VDM	Fuerza Aérea Argentina	Cabotaje	Av. General	489
NQN - VDM	LADE - Líneas Aéreas Del Estado	Cabotaje	Comercial	489
NQN - VDM	Línea Aérea SAPSA	Cabotaje	Av. General	489
NQN - VDM	Línea Aérea SAPSA	Cabotaje	Comercial	489
NQN - VDM	N/A	Cabotaje	Av. General	489
NQN - VDM	N/A	Cabotaje	Comercial	489
RSA - VDM		Cabotaje	Av. General	489
RSA - VDM		Cabotaje	Comercial	489
RSA - VDM	Aerolíneas Argentinas	Cabotaje	Comercial	489
RSA - VDM	Austral Líneas Aéreas	Cabotaje	Comercial	489
RSA - VDM	Fuerza Aérea Argentina	Cabotaje	Av. General	489
RSA - VDM	Línea Aérea SAPSA	Cabotaje	Av. General	489
RSA - VDM	Línea Aérea SAPSA	Cabotaje	Comercial	489
RSA - VDM	N/A	Cabotaje	Av. General	489
RSA - VDM	N/A	Cabotaje	Comercial	489
COR - GPO		Cabotaje	Av. General	489
COR - GPO		Cabotaje	Comercial	489
COR - GPO	Aerolíneas Argentinas	Cabotaje	Comercial	489
COR - GPO	Fuerza Aérea Argentina	Cabotaje	Av. General	489
COR - GPO	Línea Aérea SAPSA	Cabotaje	Comercial	489
COR - GPO	N/A	Cabotaje	Av. General	489
COR - GPO	N/A	Cabotaje	Comercial	489
TTG - TUC		Cabotaje	Av. General	488
TTG - TUC		Cabotaje	Comercial	488
TTG - TUC	American Jet	Cabotaje	Av. General	488
TTG - TUC	American Jet	Cabotaje	Comercial	488
TTG - TUC	Ejército Argentino	Cabotaje	Av. General	488
TTG - TUC	Fuerza Aérea Argentina	Cabotaje	Av. General	488
TTG - TUC	Gendarmería Nacional	Cabotaje	Av. General	488
TTG - TUC	N/A	Cabotaje	Av. General	488
TTG - TUC	N/A	Cabotaje	Comercial	488
FTE - RGA		Cabotaje	Av. General	488
FTE - RGA		Cabotaje	Comercial	488
FTE - RGA	Aerolíneas Argentinas	Cabotaje	Comercial	488
FTE - RGA	Armada Argentina	Cabotaje	Av. General	488
FTE - RGA	Fuerza Aérea Argentina	Cabotaje	Av. General	488
FTE - RGA	LADE - Líneas Aéreas Del Estado	Cabotaje	Av. General	488
FTE - RGA	LADE - Líneas Aéreas Del Estado	Cabotaje	Comercial	488
FTE - RGA	N/A	Cabotaje	Av. General	488
FTE - RGA	N/A	Cabotaje	Comercial	488
RAF - RES		Cabotaje	Av. General	488
RAF - RES	N/A	Cabotaje	Av. General	488
EZE - MLZ	Air France	Internacional	Comercial	487
EZE - MLZ	LATAM	Internacional	Comercial	487
EZE - MLZ	LATAM Cargo Uruguay	Internacional	Comercial	487
BBA - FTE		Internacional	Comercial	487
BBA - FTE	N/A	Internacional	Av. General	487
BBA - FTE	N/A	Internacional	Comercial	487
ARR - REL		Cabotaje	Av. General	486
ARR - REL	N/A	Cabotaje	Av. General	486
AFA - NQN		Cabotaje	Av. General	486
AFA - NQN		Cabotaje	Comercial	486
AFA - NQN	American Jet	Cabotaje	Av. General	486
AFA - NQN	American Jet	Cabotaje	Comercial	486
AFA - NQN	Ejército Argentino	Cabotaje	Av. General	486
AFA - NQN	Fuerza Aérea Argentina	Cabotaje	Av. General	486
AFA - NQN	Gendarmería Nacional	Cabotaje	Av. General	486
AFA - NQN	N/A	Cabotaje	Av. General	486
AFA - NQN	N/A	Cabotaje	Comercial	486
CTC - NCJ		Cabotaje	Av. General	485
FDO - RVY		Internacional	Av. General	485
FDO - RVY		Internacional	Comercial	485
FDO - RVY	N/A	Internacional	Av. General	485
FDO - RVY	N/A	Internacional	Comercial	485
AEP - RVY		Internacional	Av. General	485
AEP - RVY		Internacional	Comercial	485
AEP - RVY	Fuerza Aérea Brasilera	Internacional	Av. General	485
AEP - RVY	N/A	Internacional	Comercial	485
EZE - GPO		Cabotaje	Av. General	485
EZE - GPO		Cabotaje	Comercial	485
EZE - GPO	American Jet	Cabotaje	Comercial	485
EZE - GPO	N/A	Cabotaje	Av. General	485
EZE - GPO	N/A	Cabotaje	Comercial	485
MDX - ROS		Cabotaje	Av. General	484
MDX - ROS	Ameriflight	Cabotaje	Av. General	484
MDX - ROS	Ameriflight	Cabotaje	Comercial	484
MDX - ROS	N/A	Cabotaje	Av. General	484
MDX - ROS	N/A	Cabotaje	Comercial	484
SFN - VME		Cabotaje	Av. General	484
SFN - VME	American Jet	Cabotaje	Comercial	484
SFN - VME	Fuerza Aérea Argentina	Cabotaje	Av. General	484
SFN - VME	N/A	Cabotaje	Av. General	484
SFN - VME	N/A	Cabotaje	Comercial	484
EPA - GPO		Cabotaje	Av. General	484
EPA - GPO		Cabotaje	Comercial	484
EPA - GPO	Fuerza Aérea Argentina	Cabotaje	Av. General	484
EPA - GPO	N/A	Cabotaje	Av. General	484
REL - ROY		Cabotaje	Av. General	483
REL - ROY	N/A	Cabotaje	Av. General	483
REL - ROY	N/A	Cabotaje	Comercial	483
AEP - MCS	Aerolíneas Argentinas	Cabotaje	Comercial	483
JNI - MDQ		Cabotaje	Av. General	483
JNI - MDQ		Cabotaje	Comercial	483
JNI - MDQ	N/A	Cabotaje	Av. General	483
EZE - RAF		Cabotaje	Av. General	481
EZE - RAF		Cabotaje	Comercial	481
EZE - RAF	Aerolíneas Argentinas	Cabotaje	Comercial	481
EZE - RAF	Austral Líneas Aéreas	Cabotaje	Comercial	481
EZE - RAF	N/A	Cabotaje	Av. General	481
EZE - RAF	N/A	Cabotaje	Comercial	481
RCQ - SDE		Cabotaje	Av. General	481
RCQ - SDE		Cabotaje	Comercial	481
RCQ - SDE	Ejército Argentino	Cabotaje	Av. General	481
RCQ - SDE	Fuerza Aérea Argentina	Cabotaje	Av. General	481
RCQ - SDE	Gendarmería Nacional	Cabotaje	Av. General	481
RCQ - SDE	N/A	Cabotaje	Av. General	481
RCQ - SDE	N/A	Cabotaje	Comercial	481
BHI - VLG		Cabotaje	Av. General	480
BHI - VLG	Interjet	Cabotaje	Av. General	480
BHI - VLG	N/A	Cabotaje	Av. General	480
COC - PDP		Internacional	Av. General	480
GPO - MOR		Cabotaje	Av. General	479
GPO - MOR		Cabotaje	Comercial	479
GPO - MOR	Fuerza Aérea Argentina	Cabotaje	Av. General	479
GPO - MOR	N/A	Cabotaje	Av. General	479
EQS - REL		Cabotaje	Av. General	478
EQS - REL		Cabotaje	Comercial	478
EQS - REL	Armada Argentina	Cabotaje	Av. General	478
EQS - REL	Ejército Argentino	Cabotaje	Av. General	478
EQS - REL	Fuerza Aérea Argentina	Cabotaje	Av. General	478
EQS - REL	Gendarmería Nacional	Cabotaje	Av. General	478
EQS - REL	LADE - Líneas Aéreas Del Estado	Cabotaje	Av. General	478
EQS - REL	N/A	Cabotaje	Av. General	478
EQS - REL	N/A	Cabotaje	Comercial	478
EQS - REL	Prefectura Naval Argentina	Cabotaje	Av. General	478
CRD - RZA		Cabotaje	Av. General	478
CRD - RZA		Cabotaje	Comercial	478
CRD - RZA	American Jet	Cabotaje	Av. General	478
CRD - RZA	American Jet	Cabotaje	Comercial	478
CRD - RZA	Ejército Argentino	Cabotaje	Av. General	478
CRD - RZA	Fuerza Aérea Argentina	Cabotaje	Av. General	478
CRD - RZA	N/A	Cabotaje	Av. General	478
CRD - RZA	N/A	Cabotaje	Comercial	478
CRD - RZA	Prefectura Naval Argentina	Cabotaje	Av. General	478
BHI - JNI		Cabotaje	Av. General	478
BHI - JNI	Armada Argentina	Cabotaje	Av. General	478
BHI - JNI	Fuerza Aérea Argentina	Cabotaje	Av. General	478
BHI - JNI	N/A	Cabotaje	Av. General	478
COC - PSS		Cabotaje	Av. General	478
COC - PSS		Cabotaje	Comercial	478
COC - PSS	Armada Argentina	Cabotaje	Av. General	478
COC - PSS	Bell Helicopter Textron	Cabotaje	Av. General	478
COC - PSS	Bell Helicopter Textron	Cabotaje	Comercial	478
COC - PSS	Ejército Argentino	Cabotaje	Av. General	478
COC - PSS	Fuerza Aérea Argentina	Cabotaje	Av. General	478
COC - PSS	Gendarmería Nacional	Cabotaje	Av. General	478
COC - PSS	N/A	Cabotaje	Av. General	478
COC - PSS	N/A	Cabotaje	Comercial	478
COC - PSS	Prefectura Naval Argentina	Cabotaje	Av. General	478
IRJ - RCU		Cabotaje	Av. General	478
IRJ - RCU	Fuerza Aérea Argentina	Cabotaje	Av. General	478
IRJ - RCU	Gendarmería Nacional	Cabotaje	Av. General	478
IRJ - RCU	N/A	Cabotaje	Av. General	478
IRJ - RCU	N/A	Cabotaje	Comercial	478
GPO - VRG		Cabotaje	Av. General	477
RAF - SDE		Cabotaje	Av. General	477
RAF - SDE	N/A	Cabotaje	Av. General	477
FDO - NCJ		Cabotaje	Av. General	477
FDO - NCJ		Cabotaje	Comercial	477
FDO - NCJ	American Jet	Cabotaje	Av. General	477
FDO - NCJ	American Jet	Cabotaje	Comercial	477
FDO - NCJ	Interjet	Cabotaje	Av. General	477
FDO - NCJ	Línea Aérea SAPSA	Cabotaje	Av. General	477
FDO - NCJ	Línea Aérea SAPSA	Cabotaje	Comercial	477
FDO - NCJ	Macair Jet	Cabotaje	Av. General	477
FDO - NCJ	N/A	Cabotaje	Av. General	477
FDO - NCJ	N/A	Cabotaje	Comercial	477
NCJ - VME	N/A	Cabotaje	Av. General	476
CIO - RES	N/A	Internacional	Comercial	475
RLO - RSA		Cabotaje	Av. General	475
AGT - RES		Internacional	Av. General	475
AGT - RES	LATAM	Internacional	Comercial	475
AGT - RES	N/A	Internacional	Av. General	475
FTE - LHS		Cabotaje	Comercial	475
FTE - LHS	Prefectura Naval Argentina	Cabotaje	Av. General	475
JUJ - UYU	Amaszonas	Internacional	Av. General	475
JUJ - UYU	Gestair	Internacional	Av. General	475
JUJ - UYU	N/A	Internacional	Av. General	475
CNQ - NCJ		Cabotaje	Av. General	474
CNQ - NCJ	N/A	Cabotaje	Av. General	474
FDO - MCS		Cabotaje	Av. General	474
FDO - MCS		Cabotaje	Comercial	474
FDO - MCS	N/A	Cabotaje	Av. General	474
FDO - MCS	N/A	Cabotaje	Comercial	474
BHI - GNR		Cabotaje	Av. General	473
BHI - GNR		Cabotaje	Comercial	473
BHI - GNR	DAP Helicopteros	Cabotaje	Av. General	473
BHI - GNR	N/A	Cabotaje	Av. General	473
BHI - GNR	N/A	Cabotaje	Comercial	473
CNQ - IGU		Internacional	Av. General	473
CNQ - IGU	ABX Air	Internacional	Av. General	473
CNQ - IGU	N/A	Internacional	Av. General	473
CNQ - IGU	N/A	Internacional	Comercial	473
CNQ - IGU	Phoenix Air Group	Internacional	Av. General	473
CNQ - IGU	Prefectura Naval Argentina	Internacional	Av. General	473
CNQ - IGU	TAM Linhas Aéreas	Internacional	Av. General	473
CTC - JUJ		Cabotaje	Av. General	472
CTC - JUJ		Cabotaje	Comercial	472
CTC - JUJ	American Jet	Cabotaje	Av. General	472
CTC - JUJ	American Jet	Cabotaje	Comercial	472
CTC - JUJ	Avianca	Cabotaje	Av. General	472
CTC - JUJ	Fuerza Aérea Argentina	Cabotaje	Av. General	472
CTC - JUJ	N/A	Cabotaje	Av. General	472
CTC - JUJ	N/A	Cabotaje	Comercial	472
SDE - VDR		Cabotaje	Av. General	472
SDE - VDR	N/A	Cabotaje	Av. General	472
COR - JNI		Cabotaje	Av. General	472
COR - JNI		Cabotaje	Comercial	472
COR - JNI	N/A	Cabotaje	Comercial	472
LHS - REL		Cabotaje	Av. General	471
LHS - REL	N/A	Cabotaje	Av. General	471
LHS - REL	N/A	Cabotaje	Comercial	471
PEH - SFN		Cabotaje	Av. General	470
PEH - SFN	N/A	Cabotaje	Av. General	470
PEH - SFN	N/A	Cabotaje	Comercial	470
FDO - MLZ		Internacional	Av. General	470
FDO - MLZ		Internacional	Comercial	470
FDO - MLZ	American Jet	Internacional	Av. General	470
FDO - MLZ	N/A	Internacional	Av. General	470
FDO - MLZ	N/A	Internacional	Comercial	470
CUT - EQS		Cabotaje	Av. General	469
GNR - PMY		Cabotaje	Av. General	469
GNR - PMY	N/A	Cabotaje	Av. General	469
GNR - PMY	N/A	Cabotaje	Comercial	469
PEH - PRA	Línea Aérea SAPSA	Cabotaje	Comercial	468
PEH - PRA	Macair Jet	Cabotaje	Av. General	468
PEH - PRA	N/A	Cabotaje	Av. General	468
PEH - PRA	N/A	Cabotaje	Comercial	468
OES - RSA		Cabotaje	Av. General	468
OES - RSA	N/A	Cabotaje	Av. General	468
CNQ - IGR		Cabotaje	Av. General	467
CNQ - IGR		Cabotaje	Comercial	467
CNQ - IGR	Aerolíneas Argentinas	Cabotaje	Comercial	467
CNQ - IGR	Austral Líneas Aéreas	Cabotaje	Av. General	467
CNQ - IGR	Austral Líneas Aéreas	Cabotaje	Comercial	467
CNQ - IGR	Ejército Argentino	Cabotaje	Av. General	467
CNQ - IGR	Flybondi	Cabotaje	Comercial	467
CNQ - IGR	JetSMART Airlines	Cabotaje	Comercial	467
CNQ - IGR	N/A	Cabotaje	Av. General	467
CNQ - IGR	N/A	Cabotaje	Comercial	467
LCM - TUC		Cabotaje	Av. General	467
LCM - TUC	N/A	Cabotaje	Av. General	467
CIO - CNQ	N/A	Internacional	Av. General	466
AEP - RAF		Cabotaje	Av. General	465
AEP - RAF		Cabotaje	Comercial	465
AEP - RAF	Aerolíneas Argentinas	Cabotaje	Comercial	465
AEP - RAF	American Jet	Cabotaje	Comercial	465
AEP - RAF	Austral Líneas Aéreas	Cabotaje	Comercial	465
AEP - RAF	Fuerza Aérea Argentina	Cabotaje	Av. General	465
AEP - RAF	Gendarmería Nacional	Cabotaje	Av. General	465
AEP - RAF	Macair Jet	Cabotaje	Comercial	465
AEP - RAF	N/A	Cabotaje	Av. General	465
AEP - RAF	N/A	Cabotaje	Comercial	465
AEP - RAF	Prefectura Naval Argentina	Cabotaje	Av. General	465
FDO - OYO		Cabotaje	Av. General	465
FDO - OYO		Cabotaje	Comercial	465
FDO - OYO	Línea Aérea SAPSA	Cabotaje	Av. General	465
FDO - OYO	Línea Aérea SAPSA	Cabotaje	Comercial	465
FDO - OYO	N/A	Cabotaje	Av. General	465
FDO - OYO	N/A	Cabotaje	Comercial	465
COR - MDZ		Cabotaje	Av. General	464
COR - MDZ		Cabotaje	Comercial	464
COR - MDZ	Abelag Aviation	Cabotaje	Comercial	464
COR - MDZ	Aerolíneas Argentinas	Cabotaje	Comercial	464
COR - MDZ	American Jet	Cabotaje	Av. General	464
COR - MDZ	American Jet	Cabotaje	Comercial	464
COR - MDZ	Ameriflight	Cabotaje	Av. General	464
COR - MDZ	Ameriflight	Cabotaje	Comercial	464
COR - MDZ	Andes Líneas Aéreas	Cabotaje	Comercial	464
COR - MDZ	Austral Líneas Aéreas	Cabotaje	Av. General	464
COR - MDZ	Austral Líneas Aéreas	Cabotaje	Comercial	464
COR - MDZ	Bell Helicopter Textron	Cabotaje	Av. General	464
COR - MDZ	Copa Airlines	Cabotaje	Comercial	464
COR - MDZ	Ecocopter SA	Cabotaje	Av. General	464
COR - MDZ	Ecocopter SA	Cabotaje	Comercial	464
COR - MDZ	Ejército Argentino	Cabotaje	Av. General	464
COR - MDZ	Flybondi	Cabotaje	Comercial	464
COR - MDZ	Flyest	Cabotaje	Comercial	464
COR - MDZ	Fuerza Aérea Argentina	Cabotaje	Av. General	464
COR - MDZ	Fuerza Aérea Paraguaya	Cabotaje	Av. General	464
COR - MDZ	Fuerza Aérea Uruguaya	Cabotaje	Av. General	464
COR - MDZ	JetSMART Airlines	Cabotaje	Comercial	464
COR - MDZ	LADE - Líneas Aéreas Del Estado	Cabotaje	Av. General	464
COR - MDZ	LADE - Líneas Aéreas Del Estado	Cabotaje	Comercial	464
COR - MDZ	LATAM	Cabotaje	Comercial	464
COR - MDZ	LATAM Argentina	Cabotaje	Comercial	464
COR - MDZ	LATAM Perú	Cabotaje	Comercial	464
COR - MDZ	Línea Aérea SAPSA	Cabotaje	Av. General	464
COR - MDZ	Macair Jet	Cabotaje	Av. General	464
COR - MDZ	Macair Jet	Cabotaje	Comercial	464
COR - MDZ	N/A	Cabotaje	Av. General	464
COR - MDZ	N/A	Cabotaje	Comercial	464
COR - MDZ	NetJets	Cabotaje	Av. General	464
COR - MDZ	Norwegian Air Argentina	Cabotaje	Comercial	464
COR - MDZ	Prefectura Naval Argentina	Cabotaje	Av. General	464
COR - MDZ	SOL Líneas Aéreas	Cabotaje	Comercial	464
COR - MDZ	TAM Linhas Aéreas	Cabotaje	Comercial	464
CVI - PMY		Cabotaje	Av. General	464
CVI - PMY		Cabotaje	Comercial	464
CVI - PMY	N/A	Cabotaje	Av. General	464
MOR - RAF		Cabotaje	Av. General	463
MOR - RAF	N/A	Cabotaje	Av. General	463
CRR - TUC		Cabotaje	Av. General	462
CRR - TUC		Cabotaje	Comercial	462
CRR - TUC	N/A	Cabotaje	Av. General	462
AEP - MLZ	Aerolíneas Argentinas	Internacional	Comercial	462
AEP - MLZ	Austral Líneas Aéreas	Internacional	Comercial	462
AEP - MLZ	Fuerza Aérea Uruguaya	Internacional	Av. General	462
AEP - MLZ	N/A	Internacional	Av. General	462
AEP - MLZ	N/A	Internacional	Comercial	462
BRC - RDS		Cabotaje	Av. General	461
BRC - RDS	N/A	Cabotaje	Comercial	461
ELO - RES		Cabotaje	Av. General	460
ELO - RES	Fuerza Aérea Argentina	Cabotaje	Av. General	460
ELO - RES	Gendarmería Nacional	Cabotaje	Av. General	460
ELO - RES	N/A	Cabotaje	Av. General	460
PRQ - TUC		Cabotaje	Av. General	459
PRQ - TUC	Ejército Argentino	Cabotaje	Av. General	459
PRQ - TUC	Fuerza Aérea Argentina	Cabotaje	Av. General	459
PRQ - TUC	N/A	Cabotaje	Av. General	459
PRQ - TUC	Prefectura Naval Argentina	Cabotaje	Av. General	459
AEP - OYO		Cabotaje	Av. General	459
AEP - OYO		Cabotaje	Comercial	459
AEP - OYO	JetSMART Airlines	Cabotaje	Comercial	459
AEP - OYO	N/A	Cabotaje	Av. General	459
AEP - OYO	N/A	Cabotaje	Comercial	459
NCJ - RES		Cabotaje	Av. General	458
NCJ - RES	American Jet	Cabotaje	Comercial	458
NCJ - RES	N/A	Cabotaje	Av. General	458
NCJ - RES	N/A	Cabotaje	Comercial	458
EPA - RAF		Cabotaje	Comercial	458
JSM - PMY	N/A	Cabotaje	Av. General	456
CPO - IRJ		Internacional	Av. General	456
CPO - IRJ	Andes Líneas Aéreas	Internacional	Av. General	456
CPO - IRJ	Fuerza Aérea Argentina	Internacional	Av. General	456
CPO - IRJ	N/A	Internacional	Av. General	456
RES - STY		Internacional	Av. General	456
RES - STY	N/A	Internacional	Av. General	456
RAF - VME		Cabotaje	Av. General	455
RAF - VME	N/A	Cabotaje	Av. General	455
RSA - TDL		Cabotaje	Av. General	455
RSA - TDL	Ejército Argentino	Cabotaje	Av. General	455
RSA - TDL	Fuerza Aérea Argentina	Cabotaje	Av. General	455
RSA - TDL	Gendarmería Nacional	Cabotaje	Av. General	455
RSA - TDL	N/A	Cabotaje	Av. General	455
RSA - TDL	N/A	Cabotaje	Comercial	455
COC - JNI	N/A	Cabotaje	Av. General	454
LPG - SFN		Cabotaje	Av. General	453
LPG - SFN		Cabotaje	Comercial	453
LPG - SFN	N/A	Cabotaje	Av. General	453
LPG - SFN	N/A	Cabotaje	Comercial	453
PRQ - PSS	Gendarmería Nacional	Cabotaje	Av. General	453
PRQ - PSS	N/A	Cabotaje	Av. General	453
PRQ - PSS	N/A	Cabotaje	Comercial	453
CSZ - LPG	N/A	Cabotaje	Av. General	452
PNT - USH		Internacional	Av. General	452
PNT - USH		Internacional	Comercial	452
PNT - USH	Aerovías DAP	Internacional	Comercial	452
PNT - USH	N/A	Internacional	Av. General	452
PNT - USH	N/A	Internacional	Comercial	452
LCM - MDZ		Cabotaje	Av. General	451
LCM - MDZ		Cabotaje	Comercial	451
LCM - MDZ	N/A	Cabotaje	Av. General	451
CNQ - STY		Internacional	Av. General	451
CNQ - STY	N/A	Internacional	Av. General	451
LGS - UAQ		Cabotaje	Av. General	450
LGS - UAQ		Cabotaje	Comercial	450
LGS - UAQ	N/A	Cabotaje	Av. General	450
LGS - UAQ	N/A	Cabotaje	Comercial	450
FDO - NEC		Cabotaje	Av. General	449
FDO - NEC		Cabotaje	Comercial	449
FDO - NEC	N/A	Cabotaje	Av. General	449
FDO - NEC	N/A	Cabotaje	Comercial	449
FDO - NEC	Prefectura Naval Argentina	Cabotaje	Av. General	449
AGT - CNQ		Internacional	Av. General	449
AGT - CNQ	Austral Líneas Aéreas	Internacional	Av. General	449
AGT - CNQ	N/A	Internacional	Av. General	449
AGT - CNQ	N/A	Internacional	Comercial	449
PRA - RLO		Cabotaje	Av. General	449
PRA - RLO	American Jet	Cabotaje	Comercial	449
PRA - RLO	Fuerza Aérea Argentina	Cabotaje	Av. General	449
PRA - RLO	N/A	Cabotaje	Comercial	449
AEP - CSZ		Cabotaje	Av. General	448
AEP - CSZ		Cabotaje	Comercial	448
AEP - CSZ	Aerolíneas Argentinas	Cabotaje	Comercial	448
AEP - CSZ	Ejército Argentino	Cabotaje	Av. General	448
AEP - CSZ	JetSMART Airlines	Cabotaje	Comercial	448
AEP - CSZ	Macair Jet	Cabotaje	Comercial	448
AEP - CSZ	N/A	Cabotaje	Av. General	448
AEP - CSZ	N/A	Cabotaje	Comercial	448
OYA - ROS		Cabotaje	Av. General	448
OYA - ROS	N/A	Cabotaje	Av. General	448
OYA - ROS	N/A	Cabotaje	Comercial	448
OVR - ROS		Cabotaje	Av. General	447
OVR - ROS		Cabotaje	Comercial	447
OVR - ROS	N/A	Cabotaje	Av. General	447
OVR - ROS	N/A	Cabotaje	Comercial	447
MDQ - PEH		Cabotaje	Av. General	447
MDQ - PEH	N/A	Cabotaje	Av. General	447
CSZ - FDO		Cabotaje	Av. General	447
CSZ - FDO		Cabotaje	Comercial	447
CSZ - FDO	Dassault Aviation	Cabotaje	Av. General	447
CSZ - FDO	Interjet	Cabotaje	Av. General	447
CSZ - FDO	N/A	Cabotaje	Av. General	447
CSZ - FDO	N/A	Cabotaje	Comercial	447
APZ - EQS		Cabotaje	Av. General	446
APZ - EQS	N/A	Cabotaje	Av. General	446
NCJ - SDE		Cabotaje	Av. General	446
NCJ - SDE	N/A	Cabotaje	Av. General	446
NCJ - SDE	N/A	Cabotaje	Comercial	446
NEC - VDM	Prefectura Naval Argentina	Cabotaje	Av. General	446
OLN - PMY	N/A	Cabotaje	Av. General	446
CPC - JSM	N/A	Cabotaje	Av. General	446
GNR - VDM		Cabotaje	Av. General	446
GNR - VDM		Cabotaje	Comercial	446
GNR - VDM	Línea Aérea SAPSA	Cabotaje	Comercial	446
GNR - VDM	N/A	Cabotaje	Av. General	446
GNR - VDM	N/A	Cabotaje	Comercial	446
FDO - RAF		Cabotaje	Av. General	446
FDO - RAF		Cabotaje	Comercial	446
FDO - RAF	American Jet	Cabotaje	Av. General	446
FDO - RAF	Ameriflight	Cabotaje	Av. General	446
FDO - RAF	N/A	Cabotaje	Av. General	446
FDO - RAF	N/A	Cabotaje	Comercial	446
FDO - RAF	Prefectura Naval Argentina	Cabotaje	Av. General	446
RYO - USH	Gendarmería Nacional	Cabotaje	Av. General	445
RYO - USH	LADE - Líneas Aéreas Del Estado	Cabotaje	Comercial	445
RYO - USH	N/A	Cabotaje	Av. General	445
CJC - JUJ		Internacional	Av. General	442
CJC - JUJ	American Jet	Internacional	Comercial	442
CJC - JUJ	N/A	Internacional	Av. General	442
PRA - VDR		Cabotaje	Av. General	441
PRA - VDR	N/A	Cabotaje	Comercial	441
JNI - SST	N/A	Cabotaje	Av. General	441
AFA - GPO		Cabotaje	Av. General	440
AFA - GPO		Cabotaje	Comercial	440
AFA - GPO	Fuerza Aérea Argentina	Cabotaje	Av. General	440
AFA - GPO	N/A	Cabotaje	Av. General	440
COC - RES		Cabotaje	Av. General	440
COC - RES		Cabotaje	Comercial	440
COC - RES	Ejército Argentino	Cabotaje	Av. General	440
COC - RES	Gendarmería Nacional	Cabotaje	Av. General	440
COC - RES	N/A	Cabotaje	Av. General	440
COC - RES	N/A	Cabotaje	Comercial	440
GPO - TDL		Cabotaje	Av. General	440
GPO - TDL		Cabotaje	Comercial	440
GPO - TDL	Ejército Argentino	Cabotaje	Av. General	440
GPO - TDL	Fuerza Aérea Argentina	Cabotaje	Av. General	440
GPO - TDL	N/A	Cabotaje	Av. General	440
MOR - OYO		Cabotaje	Av. General	440
MOR - OYO	N/A	Cabotaje	Av. General	440
EHL - NQN		Cabotaje	Av. General	439
EHL - NQN	Línea Aérea SAPSA	Cabotaje	Av. General	439
EHL - NQN	Línea Aérea SAPSA	Cabotaje	Comercial	439
EHL - NQN	N/A	Cabotaje	Av. General	439
EHL - NQN	N/A	Cabotaje	Comercial	439
EQS - LHS		Cabotaje	Av. General	439
EQS - LHS	N/A	Cabotaje	Av. General	439
GHU - OYA	N/A	Cabotaje	Av. General	438
AEP - NEC		Cabotaje	Av. General	438
AEP - NEC		Cabotaje	Comercial	438
AEP - NEC	Austral Líneas Aéreas	Cabotaje	Comercial	438
AEP - NEC	Ejército Argentino	Cabotaje	Av. General	438
AEP - NEC	Fuerza Aérea Argentina	Cabotaje	Av. General	438
AEP - NEC	LATAM Argentina	Cabotaje	Comercial	438
AEP - NEC	Línea Aérea SAPSA	Cabotaje	Av. General	438
AEP - NEC	N/A	Cabotaje	Av. General	438
AEP - NEC	N/A	Cabotaje	Comercial	438
ROS - VME		Cabotaje	Av. General	438
ROS - VME		Cabotaje	Comercial	438
ROS - VME	American Jet	Cabotaje	Comercial	438
ROS - VME	Andes Líneas Aéreas	Cabotaje	Comercial	438
ROS - VME	Ejército Argentino	Cabotaje	Av. General	438
ROS - VME	Firefly	Cabotaje	Av. General	438
ROS - VME	Fuerza Aérea Argentina	Cabotaje	Av. General	438
ROS - VME	Fuerza Aérea Uruguaya	Cabotaje	Av. General	438
ROS - VME	N/A	Cabotaje	Av. General	438
ROS - VME	N/A	Cabotaje	Comercial	438
ROS - VME	SOL Líneas Aéreas	Cabotaje	Comercial	438
LPG - OYO	N/A	Cabotaje	Av. General	438
GPO - VDR		Cabotaje	Comercial	437
CJC - SLA		Internacional	Comercial	436
CJC - SLA	American Jet	Internacional	Av. General	436
CJC - SLA	American Jet	Internacional	Comercial	436
CJC - SLA	Ecocopter SA	Internacional	Av. General	436
CJC - SLA	N/A	Internacional	Av. General	436
CJC - SLA	N/A	Internacional	Comercial	436
IRJ - LUQ		Cabotaje	Av. General	435
IRJ - VMA		Cabotaje	Av. General	435
IRJ - LUQ	American Jet	Cabotaje	Av. General	435
IRJ - LUQ	Fuerza Aérea Argentina	Cabotaje	Av. General	435
IRJ - LUQ	N/A	Cabotaje	Av. General	435
IRJ - LUQ	N/A	Cabotaje	Comercial	435
CNQ - COC		Cabotaje	Av. General	435
CNQ - COC		Cabotaje	Comercial	435
CNQ - COC	N/A	Cabotaje	Av. General	435
CNQ - COC	N/A	Cabotaje	Comercial	435
CNQ - COC	Prefectura Naval Argentina	Cabotaje	Av. General	435
GHU - RCQ	N/A	Cabotaje	Av. General	435
AFA - RSA		Cabotaje	Av. General	435
AFA - RSA		Cabotaje	Comercial	435
AFA - RSA	Aerolíneas Argentinas	Cabotaje	Comercial	435
AFA - RSA	American Jet	Cabotaje	Comercial	435
AFA - RSA	Austral Líneas Aéreas	Cabotaje	Comercial	435
AFA - RSA	Ejército Argentino	Cabotaje	Av. General	435
AFA - RSA	N/A	Cabotaje	Av. General	435
COC - MVD		Internacional	Av. General	435
COC - MVD	N/A	Internacional	Av. General	435
COR - RHD		Cabotaje	Av. General	434
COR - RHD		Cabotaje	Comercial	434
COR - RHD	Aerolíneas Argentinas	Cabotaje	Comercial	434
COR - RHD	Andes Líneas Aéreas	Cabotaje	Comercial	434
COR - RHD	Austral Líneas Aéreas	Cabotaje	Comercial	434
COR - RHD	Avianca	Cabotaje	Av. General	434
COR - RHD	Gendarmería Nacional	Cabotaje	Av. General	434
COR - RHD	LATAM Argentina	Cabotaje	Comercial	434
COR - RHD	Macair Jet	Cabotaje	Comercial	434
COR - RHD	N/A	Cabotaje	Av. General	434
COR - RHD	N/A	Cabotaje	Comercial	434
COR - RHD	SOL Líneas Aéreas	Cabotaje	Comercial	434
CRD - EQS		Cabotaje	Av. General	434
CRD - EQS		Cabotaje	Comercial	434
CRD - EQS	Aerolíneas Argentinas	Cabotaje	Comercial	434
CRD - EQS	Ejército Argentino	Cabotaje	Av. General	434
CRD - EQS	Fuerza Aérea Argentina	Cabotaje	Av. General	434
CRD - EQS	Gendarmería Nacional	Cabotaje	Av. General	434
CRD - EQS	LADE - Líneas Aéreas Del Estado	Cabotaje	Av. General	434
CRD - EQS	LADE - Líneas Aéreas Del Estado	Cabotaje	Comercial	434
CRD - EQS	N/A	Cabotaje	Av. General	434
CRD - EQS	N/A	Cabotaje	Comercial	434
CRD - EQS	Prefectura Naval Argentina	Cabotaje	Av. General	434
CSZ - EPA	Ejército Argentino	Cabotaje	Av. General	432
CSZ - EPA	Fuerza Aérea Argentina	Cabotaje	Av. General	432
CSZ - EPA	N/A	Cabotaje	Av. General	432
CNQ - ELO		Cabotaje	Av. General	432
CNQ - ELO	N/A	Cabotaje	Av. General	432
EPA - NEC		Cabotaje	Av. General	432
EPA - NEC		Cabotaje	Comercial	432
NQN - YAI		Internacional	Av. General	431
NQN - YAI	N/A	Internacional	Av. General	431
NQN - YAI	N/A	Internacional	Comercial	431
LGS - VME		Cabotaje	Av. General	431
LGS - VME	Fuerza Aérea Argentina	Cabotaje	Av. General	431
LGS - VME	N/A	Cabotaje	Av. General	431
NQN - RSA		Cabotaje	Av. General	431
NQN - RSA		Cabotaje	Comercial	431
NQN - RSA	American Jet	Cabotaje	Comercial	431
NQN - RSA	Bell Helicopter Textron	Cabotaje	Av. General	431
NQN - RSA	Ejército Argentino	Cabotaje	Av. General	431
NQN - RSA	Fuerza Aérea Argentina	Cabotaje	Av. General	431
NQN - RSA	Gendarmería Nacional	Cabotaje	Av. General	431
NQN - RSA	LASA Argentina	Cabotaje	Av. General	431
NQN - RSA	LASA Argentina	Cabotaje	Comercial	431
NQN - RSA	Línea Aérea SAPSA	Cabotaje	Av. General	431
NQN - RSA	Línea Aérea SAPSA	Cabotaje	Comercial	431
NQN - RSA	N/A	Cabotaje	Av. General	431
NQN - RSA	N/A	Cabotaje	Comercial	431
NQN - RSA	Prefectura Naval Argentina	Cabotaje	Av. General	431
IRJ - MDZ		Cabotaje	Av. General	429
IRJ - MDZ		Cabotaje	Comercial	429
IRJ - MDZ	Aerolíneas Argentinas	Cabotaje	Comercial	429
IRJ - MDZ	American Jet	Cabotaje	Comercial	429
IRJ - MDZ	Ameriflight	Cabotaje	Av. General	429
IRJ - MDZ	Ameriflight	Cabotaje	Comercial	429
IRJ - MDZ	Andes Líneas Aéreas	Cabotaje	Comercial	429
IRJ - MDZ	Austral Líneas Aéreas	Cabotaje	Comercial	429
IRJ - MDZ	Bell Helicopter Textron	Cabotaje	Comercial	429
IRJ - MDZ	Ejército Argentino	Cabotaje	Av. General	429
IRJ - MDZ	Fuerza Aérea Argentina	Cabotaje	Av. General	429
IRJ - MDZ	N/A	Cabotaje	Av. General	429
IRJ - MDZ	N/A	Cabotaje	Comercial	429
JSM - REL		Cabotaje	Av. General	428
JSM - REL	N/A	Cabotaje	Av. General	428
JSM - REL	N/A	Cabotaje	Comercial	428
EZE - OYO		Cabotaje	Comercial	428
EZE - OYO	N/A	Cabotaje	Comercial	428
LPG - PRA		Cabotaje	Av. General	428
LPG - PRA		Cabotaje	Comercial	428
LPG - PRA	Fuerza Aérea Argentina	Cabotaje	Av. General	428
LPG - PRA	Gendarmería Nacional	Cabotaje	Av. General	428
LPG - PRA	N/A	Cabotaje	Av. General	428
LPG - PRA	N/A	Cabotaje	Comercial	428
EMX - NQN		Cabotaje	Av. General	427
EMX - NQN	N/A	Cabotaje	Av. General	427
GPO - OYO		Cabotaje	Av. General	427
BHI - VRG	Ejército Argentino	Cabotaje	Av. General	427
BHI - VRG	N/A	Cabotaje	Av. General	427
RCU - UAQ		Cabotaje	Av. General	426
RCU - UAQ		Cabotaje	Comercial	426
RCU - UAQ	American Jet	Cabotaje	Av. General	426
RCU - UAQ	American Jet	Cabotaje	Comercial	426
RCU - UAQ	Ameriflight	Cabotaje	Av. General	426
RCU - UAQ	Ameriflight	Cabotaje	Comercial	426
RCU - UAQ	Andes Líneas Aéreas	Cabotaje	Comercial	426
RCU - UAQ	Avianca	Cabotaje	Av. General	426
RCU - UAQ	Avianca	Cabotaje	Comercial	426
RCU - UAQ	Ecocopter SA	Cabotaje	Av. General	426
RCU - UAQ	Ejército Argentino	Cabotaje	Av. General	426
RCU - UAQ	Fuerza Aérea Argentina	Cabotaje	Av. General	426
RCU - UAQ	Macair Jet	Cabotaje	Comercial	426
RCU - UAQ	N/A	Cabotaje	Av. General	426
RCU - UAQ	N/A	Cabotaje	Comercial	426
CTC - RLO		Cabotaje	Av. General	425
CTC - RLO		Cabotaje	Comercial	425
CTC - RLO	N/A	Cabotaje	Av. General	425
FDO - MJR		Cabotaje	Av. General	425
FDO - MJR		Cabotaje	Comercial	425
FDO - MJR	Ameriflight	Cabotaje	Av. General	425
FDO - MJR	N/A	Cabotaje	Av. General	425
FDO - MJR	N/A	Cabotaje	Comercial	425
GHU - MDX	N/A	Cabotaje	Av. General	425
CSZ - MOR		Cabotaje	Av. General	425
CSZ - MOR	N/A	Cabotaje	Av. General	425
RCQ - ROS		Cabotaje	Av. General	424
RCQ - ROS		Cabotaje	Comercial	424
RCQ - ROS	Aerolíneas Argentinas	Cabotaje	Av. General	424
RCQ - ROS	Aerolíneas Argentinas	Cabotaje	Comercial	424
RCQ - ROS	Avianca	Cabotaje	Av. General	424
RCQ - ROS	Avianca	Cabotaje	Comercial	424
RCQ - ROS	Ejército Argentino	Cabotaje	Av. General	424
RCQ - ROS	Fuerza Aérea Argentina	Cabotaje	Av. General	424
RCQ - ROS	Fuerza Aérea Uruguaya	Cabotaje	Av. General	424
RCQ - ROS	Gendarmería Nacional	Cabotaje	Av. General	424
RCQ - ROS	LADE - Líneas Aéreas Del Estado	Cabotaje	Av. General	424
RCQ - ROS	LADE - Líneas Aéreas Del Estado	Cabotaje	Comercial	424
RCQ - ROS	Macair Jet	Cabotaje	Comercial	424
RCQ - ROS	N/A	Cabotaje	Av. General	424
RCQ - ROS	N/A	Cabotaje	Comercial	424
RCQ - ROS	Prefectura Naval Argentina	Cabotaje	Av. General	424
MDZ - RCU		Cabotaje	Av. General	424
MDZ - RCU		Cabotaje	Comercial	424
MDZ - RCU	American Jet	Cabotaje	Av. General	424
MDZ - RCU	American Jet	Cabotaje	Comercial	424
MDZ - RCU	Bell Helicopter Textron	Cabotaje	Av. General	424
MDZ - RCU	Ecocopter SA	Cabotaje	Av. General	424
MDZ - RCU	Ecocopter SA	Cabotaje	Comercial	424
MDZ - RCU	Ejército Argentino	Cabotaje	Av. General	424
MDZ - RCU	Fuerza Aérea Argentina	Cabotaje	Av. General	424
MDZ - RCU	N/A	Cabotaje	Av. General	424
MDZ - RCU	N/A	Cabotaje	Comercial	424
FTE - PMQ		Cabotaje	Av. General	424
FTE - PMQ		Cabotaje	Comercial	424
FTE - PMQ	American Jet	Cabotaje	Comercial	424
FTE - PMQ	Fuerza Aérea Argentina	Cabotaje	Av. General	424
FTE - PMQ	Gendarmería Nacional	Cabotaje	Av. General	424
FTE - PMQ	LADE - Líneas Aéreas Del Estado	Cabotaje	Av. General	424
FTE - PMQ	LADE - Líneas Aéreas Del Estado	Cabotaje	Comercial	424
FTE - PMQ	N/A	Cabotaje	Av. General	424
FTE - PMQ	N/A	Cabotaje	Comercial	424
MOR - NEC		Cabotaje	Av. General	424
MOR - NEC	N/A	Cabotaje	Av. General	424
MOR - NEC	N/A	Cabotaje	Comercial	424
ROS - VDR		Cabotaje	Av. General	423
ROS - VDR		Cabotaje	Comercial	423
ROS - VDR	N/A	Cabotaje	Av. General	423
RGA - RZA		Cabotaje	Av. General	423
RGA - RZA		Cabotaje	Comercial	423
RGA - RZA	N/A	Cabotaje	Av. General	423
AFA - VDR		Cabotaje	Av. General	422
AFA - VDR	N/A	Cabotaje	Av. General	422
PDI - ROS		Cabotaje	Av. General	422
PDI - ROS	Armada Argentina	Cabotaje	Av. General	422
PDI - ROS	Prefectura Naval Argentina	Cabotaje	Av. General	422
RDS - RSA		Cabotaje	Av. General	421
RDS - RSA	N/A	Cabotaje	Av. General	421
BRC - HOS		Cabotaje	Av. General	420
BRC - HOS		Cabotaje	Comercial	420
BRC - HOS	N/A	Cabotaje	Av. General	420
BRC - HOS	N/A	Cabotaje	Comercial	420
CSZ - EZE		Cabotaje	Av. General	420
CSZ - EZE		Cabotaje	Comercial	420
CSZ - EZE	Aerolíneas Argentinas	Cabotaje	Comercial	420
CSZ - EZE	Flybondi	Cabotaje	Comercial	420
CSZ - EZE	Macair Jet	Cabotaje	Av. General	420
CSZ - EZE	N/A	Cabotaje	Av. General	420
CSZ - EZE	N/A	Cabotaje	Comercial	420
RLO - SFN		Cabotaje	Av. General	419
CTC - UAQ		Cabotaje	Av. General	419
CTC - UAQ		Cabotaje	Comercial	419
CTC - UAQ	American Jet	Cabotaje	Av. General	419
CTC - UAQ	American Jet	Cabotaje	Comercial	419
CTC - UAQ	Andes Líneas Aéreas	Cabotaje	Comercial	419
CTC - UAQ	Austral Líneas Aéreas	Cabotaje	Comercial	419
CTC - UAQ	Ejército Argentino	Cabotaje	Av. General	419
CTC - UAQ	Fuerza Aérea Argentina	Cabotaje	Av. General	419
CTC - UAQ	N/A	Cabotaje	Av. General	419
CTC - UAQ	N/A	Cabotaje	Comercial	419
MCS - ROS		Cabotaje	Av. General	418
MCS - ROS	Ejército Argentino	Cabotaje	Av. General	418
AFA - RCU		Cabotaje	Av. General	418
AFA - RCU		Cabotaje	Comercial	418
AFA - RCU	Ejército Argentino	Cabotaje	Av. General	418
AFA - RCU	Fuerza Aérea Argentina	Cabotaje	Av. General	418
AFA - RCU	N/A	Cabotaje	Av. General	418
AFA - RCU	N/A	Cabotaje	Comercial	418
ORA - TUC		Cabotaje	Av. General	418
ORA - TUC		Cabotaje	Comercial	418
ORA - TUC	Ejército Argentino	Cabotaje	Av. General	418
ORA - TUC	Gendarmería Nacional	Cabotaje	Av. General	418
ORA - TUC	N/A	Cabotaje	Av. General	418
ORA - TUC	N/A	Cabotaje	Comercial	418
CTC - SLA		Cabotaje	Av. General	417
CTC - SLA		Cabotaje	Comercial	417
CTC - SLA	Aerocardal	Cabotaje	Av. General	417
CTC - SLA	Aerolíneas Argentinas	Cabotaje	Comercial	417
CTC - SLA	American Jet	Cabotaje	Av. General	417
CTC - SLA	American Jet	Cabotaje	Comercial	417
CTC - SLA	Andes Líneas Aéreas	Cabotaje	Comercial	417
CTC - SLA	Armada Argentina	Cabotaje	Av. General	417
CTC - SLA	Bell Helicopter Textron	Cabotaje	Av. General	417
CTC - SLA	Ejército Argentino	Cabotaje	Av. General	417
CTC - SLA	Fuerza Aérea Argentina	Cabotaje	Av. General	417
CTC - SLA	Línea Aérea SAPSA	Cabotaje	Comercial	417
CTC - SLA	N/A	Cabotaje	Av. General	417
CTC - SLA	N/A	Cabotaje	Comercial	417
BRC - VRG		Cabotaje	Comercial	417
BRC - VRG	N/A	Cabotaje	Av. General	417
RLO - ROS		Cabotaje	Av. General	417
RLO - ROS	N/A	Cabotaje	Av. General	417
RLO - ROS	N/A	Cabotaje	Comercial	417
RLO - ROS	SOL Líneas Aéreas	Cabotaje	Comercial	417
PSS - RCQ		Cabotaje	Av. General	416
PSS - RCQ		Cabotaje	Comercial	416
PSS - RCQ	Armada Argentina	Cabotaje	Av. General	416
PSS - RCQ	Bell Helicopter Textron	Cabotaje	Av. General	416
PSS - RCQ	Bell Helicopter Textron	Cabotaje	Comercial	416
PSS - RCQ	Ecocopter SA	Cabotaje	Av. General	416
PSS - RCQ	Ecocopter SA	Cabotaje	Comercial	416
PSS - RCQ	Ejército Argentino	Cabotaje	Av. General	416
PSS - RCQ	Fuerza Aérea Argentina	Cabotaje	Av. General	416
PSS - RCQ	Gendarmería Nacional	Cabotaje	Av. General	416
PSS - RCQ	N/A	Cabotaje	Av. General	416
PSS - RCQ	N/A	Cabotaje	Comercial	416
PSS - RCQ	Prefectura Naval Argentina	Cabotaje	Av. General	416
PSS - RCQ	Sirio	Cabotaje	Av. General	416
LUQ - RSA		Cabotaje	Av. General	415
RSA - VMA		Cabotaje	Av. General	415
LUQ - RSA		Cabotaje	Comercial	415
LUQ - RSA	Aerolíneas Argentinas	Cabotaje	Comercial	415
LUQ - RSA	Andes Líneas Aéreas	Cabotaje	Comercial	415
LUQ - RSA	Ejército Argentino	Cabotaje	Av. General	415
LUQ - RSA	Fuerza Aérea Argentina	Cabotaje	Av. General	415
LUQ - RSA	N/A	Cabotaje	Av. General	415
RSA - VMA	N/A	Cabotaje	Av. General	415
LUQ - RSA	N/A	Cabotaje	Comercial	415
GPO - ROS		Cabotaje	Av. General	414
GPO - ROS		Cabotaje	Comercial	414
GPO - ROS	N/A	Cabotaje	Av. General	414
GPO - ROS	N/A	Cabotaje	Comercial	414
CVI - REL		Cabotaje	Av. General	412
CVI - REL	N/A	Cabotaje	Av. General	412
IGB - REL	N/A	Cabotaje	Av. General	412
LUQ - SCL	Aerocardal	Internacional	Comercial	412
LUQ - SCL	Andes Líneas Aéreas	Internacional	Comercial	412
LUQ - SCL	N/A	Internacional	Av. General	412
LCM - ROS		Cabotaje	Av. General	412
LCM - ROS		Cabotaje	Comercial	412
LCM - ROS	N/A	Cabotaje	Av. General	412
LCM - ROS	N/A	Cabotaje	Comercial	412
DZO - PRA		Internacional	Av. General	412
DZO - PRA	Fuerza Aérea Uruguaya	Internacional	Av. General	412
ATI - RES		Internacional	Av. General	412
LSQ - NQN	N/A	Internacional	Av. General	411
AEP - MJR		Cabotaje	Av. General	411
AEP - MJR		Cabotaje	Comercial	411
AEP - MJR	Aerolíneas Argentinas	Cabotaje	Comercial	411
AEP - MJR	Avianca	Cabotaje	Comercial	411
AEP - MJR	Fuerza Aérea Argentina	Cabotaje	Av. General	411
AEP - MJR	JetSMART Airlines	Cabotaje	Comercial	411
AEP - MJR	N/A	Cabotaje	Av. General	411
AEP - MJR	N/A	Cabotaje	Comercial	411
BHI - MDQ		Cabotaje	Av. General	411
BHI - MDQ		Cabotaje	Comercial	411
BHI - MDQ	Aerolíneas Argentinas	Cabotaje	Comercial	411
BHI - MDQ	American Jet	Cabotaje	Av. General	411
BHI - MDQ	American Jet	Cabotaje	Comercial	411
BHI - MDQ	Andes Líneas Aéreas	Cabotaje	Comercial	411
BHI - MDQ	Armada Argentina	Cabotaje	Av. General	411
BHI - MDQ	Austral Líneas Aéreas	Cabotaje	Comercial	411
BHI - MDQ	Ejército Argentino	Cabotaje	Av. General	411
BHI - MDQ	Fuerza Aérea Argentina	Cabotaje	Av. General	411
BHI - MDQ	Fuerza Aérea Uruguaya	Cabotaje	Av. General	411
BHI - MDQ	LADE - Líneas Aéreas Del Estado	Cabotaje	Av. General	411
BHI - MDQ	LADE - Líneas Aéreas Del Estado	Cabotaje	Comercial	411
BHI - MDQ	LASA Argentina	Cabotaje	Av. General	411
BHI - MDQ	LASA Argentina	Cabotaje	Comercial	411
BHI - MDQ	N/A	Cabotaje	Av. General	411
BHI - MDQ	N/A	Cabotaje	Comercial	411
BHI - MDQ	Prefectura Naval Argentina	Cabotaje	Av. General	411
BHI - MDQ	SOL Líneas Aéreas	Cabotaje	Comercial	411
SFN - VDR	N/A	Cabotaje	Comercial	411
COC - LPG		Cabotaje	Av. General	409
COC - LPG	N/A	Cabotaje	Av. General	409
COC - LPG	N/A	Cabotaje	Comercial	409
MDQ - PDP		Internacional	Av. General	408
MDQ - PDP		Internacional	Comercial	408
MDQ - PDP	Amaszonas	Internacional	Av. General	408
MDQ - PDP	American Jet	Internacional	Comercial	408
MDQ - PDP	Andes Líneas Aéreas	Internacional	Comercial	408
MDQ - PDP	Avianca Uruguay	Internacional	Av. General	408
MDQ - PDP	Fuerza Aérea Paraguaya	Internacional	Av. General	408
MDQ - PDP	Fuerza Aérea Uruguaya	Internacional	Av. General	408
MDQ - PDP	Línea Aérea SAPSA	Internacional	Comercial	408
MDQ - PDP	N/A	Internacional	Av. General	408
MDQ - PDP	N/A	Internacional	Comercial	408
EZE - NEC		Cabotaje	Comercial	408
EZE - NEC	N/A	Cabotaje	Comercial	408
EPA - MJR		Cabotaje	Av. General	408
EQS - ZPC	N/A	Internacional	Av. General	408
CNQ - CRR	N/A	Cabotaje	Av. General	406
EZE - SFN		Cabotaje	Av. General	406
EZE - SFN		Cabotaje	Comercial	406
EZE - SFN	Aerolíneas Argentinas	Cabotaje	Comercial	406
EZE - SFN	Aeroméxico	Cabotaje	Comercial	406
EZE - SFN	American Jet	Cabotaje	Av. General	406
EZE - SFN	American Jet	Cabotaje	Comercial	406
EZE - SFN	Andes Líneas Aéreas	Cabotaje	Comercial	406
EZE - SFN	Austral Líneas Aéreas	Cabotaje	Comercial	406
EZE - SFN	Flyest	Cabotaje	Comercial	406
EZE - SFN	Línea Aérea SAPSA	Cabotaje	Comercial	406
EZE - SFN	N/A	Cabotaje	Av. General	406
EZE - SFN	N/A	Cabotaje	Comercial	406
LGS - NQN		Cabotaje	Av. General	405
LGS - NQN		Cabotaje	Comercial	405
LGS - NQN	Aerolíneas Argentinas	Cabotaje	Comercial	405
LGS - NQN	American Jet	Cabotaje	Av. General	405
LGS - NQN	American Jet	Cabotaje	Comercial	405
LGS - NQN	Bell Helicopter Textron	Cabotaje	Av. General	405
LGS - NQN	Ejército Argentino	Cabotaje	Av. General	405
LGS - NQN	Fuerza Aérea Argentina	Cabotaje	Av. General	405
LGS - NQN	Gendarmería Nacional	Cabotaje	Av. General	405
LGS - NQN	LADE - Líneas Aéreas Del Estado	Cabotaje	Av. General	405
LGS - NQN	LADE - Líneas Aéreas Del Estado	Cabotaje	Comercial	405
LGS - NQN	N/A	Cabotaje	Av. General	405
LGS - NQN	N/A	Cabotaje	Comercial	405
EQS - PMQ		Cabotaje	Av. General	404
EQS - PMQ		Cabotaje	Comercial	404
EQS - PMQ	American Jet	Cabotaje	Av. General	404
EQS - PMQ	American Jet	Cabotaje	Comercial	404
EQS - PMQ	Gendarmería Nacional	Cabotaje	Av. General	404
EQS - PMQ	LADE - Líneas Aéreas Del Estado	Cabotaje	Av. General	404
EQS - PMQ	LADE - Líneas Aéreas Del Estado	Cabotaje	Comercial	404
EQS - PMQ	N/A	Cabotaje	Av. General	404
EQS - PMQ	N/A	Cabotaje	Comercial	404
CCP - CPC		Internacional	Comercial	404
CCP - CPC	Aerolíneas Argentinas	Internacional	Comercial	404
DZO - ROS		Internacional	Av. General	403
DZO - ROS		Internacional	Comercial	403
DZO - ROS	Fuerza Aérea Argentina	Internacional	Av. General	403
DZO - ROS	Fuerza Aérea Uruguaya	Internacional	Av. General	403
DZO - ROS	Macair Jet	Internacional	Comercial	403
DZO - ROS	N/A	Internacional	Av. General	403
PSS - RVY	N/A	Internacional	Av. General	402
OYO - RSA		Cabotaje	Av. General	402
OYO - RSA		Cabotaje	Comercial	402
OYO - RSA	N/A	Cabotaje	Av. General	402
MJR - MOR		Cabotaje	Av. General	401
MJR - MOR	N/A	Cabotaje	Av. General	401
MJR - MOR	N/A	Cabotaje	Comercial	401
VDM - VRG	N/A	Cabotaje	Comercial	401
OLN - REL		Cabotaje	Av. General	401
OLN - REL	Aerolíneas Argentinas	Cabotaje	Comercial	401
OLN - REL	N/A	Cabotaje	Av. General	401
COR - UAQ		Cabotaje	Av. General	401
COR - UAQ		Cabotaje	Comercial	401
COR - UAQ	Aerolíneas Argentinas	Cabotaje	Comercial	401
COR - UAQ	American Jet	Cabotaje	Av. General	401
COR - UAQ	American Jet	Cabotaje	Comercial	401
COR - UAQ	Andes Líneas Aéreas	Cabotaje	Comercial	401
COR - UAQ	Austral Líneas Aéreas	Cabotaje	Comercial	401
COR - UAQ	Avianca	Cabotaje	Av. General	401
COR - UAQ	Avianca	Cabotaje	Comercial	401
COR - UAQ	Ejército Argentino	Cabotaje	Av. General	401
COR - UAQ	Flybondi	Cabotaje	Comercial	401
COR - UAQ	Flyest	Cabotaje	Comercial	401
COR - UAQ	Fuerza Aérea Argentina	Cabotaje	Av. General	401
COR - UAQ	Gendarmería Nacional	Cabotaje	Av. General	401
COR - UAQ	Helicol	Cabotaje	Av. General	401
COR - UAQ	Helicol	Cabotaje	Comercial	401
COR - UAQ	Macair Jet	Cabotaje	Av. General	401
COR - UAQ	Macair Jet	Cabotaje	Comercial	401
COR - UAQ	N/A	Cabotaje	Av. General	401
COR - UAQ	N/A	Cabotaje	Comercial	401
COR - UAQ	Qatar Executive	Cabotaje	Av. General	401
PEH - VME		Cabotaje	Av. General	399
LPG - NEC	N/A	Cabotaje	Av. General	399
PEH - VME	N/A	Cabotaje	Av. General	399
PNT - RGA	N/A	Internacional	Av. General	398
PNT - RGA	N/A	Internacional	Comercial	398
GNR - RSA		Cabotaje	Av. General	398
GNR - RSA		Cabotaje	Comercial	398
GNR - RSA	Ameriflight	Cabotaje	Av. General	398
GNR - RSA	N/A	Cabotaje	Av. General	398
FDO - MDQ		Cabotaje	Av. General	398
FDO - MDQ		Cabotaje	Comercial	398
FDO - MDQ	Aeroandina	Cabotaje	Av. General	398
FDO - MDQ	American Jet	Cabotaje	Av. General	398
FDO - MDQ	American Jet	Cabotaje	Comercial	398
FDO - MDQ	Ameriflight	Cabotaje	Av. General	398
FDO - MDQ	Ameriflight	Cabotaje	Comercial	398
FDO - MDQ	Andes Líneas Aéreas	Cabotaje	Comercial	398
FDO - MDQ	Austral Líneas Aéreas	Cabotaje	Av. General	398
FDO - MDQ	Austral Líneas Aéreas	Cabotaje	Comercial	398
FDO - MDQ	Chief of Staff, United States Air Force	Cabotaje	Av. General	398
FDO - MDQ	Dassault Aviation	Cabotaje	Av. General	398
FDO - MDQ	Ejército Argentino	Cabotaje	Av. General	398
FDO - MDQ	Fuerza Aérea Argentina	Cabotaje	Av. General	398
FDO - MDQ	Fuerza Aérea Uruguaya	Cabotaje	Av. General	398
FDO - MDQ	Gendarmería Nacional	Cabotaje	Av. General	398
FDO - MDQ	Gestair	Cabotaje	Av. General	398
FDO - MDQ	Gestair	Cabotaje	Comercial	398
FDO - MDQ	Interjet	Cabotaje	Av. General	398
FDO - MDQ	Interjet	Cabotaje	Comercial	398
FDO - MDQ	Línea Aérea SAPSA	Cabotaje	Av. General	398
FDO - MDQ	Línea Aérea SAPSA	Cabotaje	Comercial	398
FDO - MDQ	N/A	Cabotaje	Av. General	398
FDO - MDQ	N/A	Cabotaje	Comercial	398
FDO - MDQ	Prefectura Naval Argentina	Cabotaje	Av. General	398
EQS - ZAL	N/A	Internacional	Av. General	398
LSC - MDZ		Internacional	Av. General	397
LSC - MDZ		Internacional	Comercial	397
LSC - MDZ	JetSMART Airlines	Internacional	Comercial	397
LSC - MDZ	N/A	Internacional	Av. General	397
LSC - MDZ	N/A	Internacional	Comercial	397
CPC - YAI	N/A	Internacional	Av. General	397
COR - SDE		Cabotaje	Av. General	396
COR - SDE		Cabotaje	Comercial	396
COR - SDE	Aerolíneas Argentinas	Cabotaje	Comercial	396
COR - SDE	American Jet	Cabotaje	Av. General	396
COR - SDE	American Jet	Cabotaje	Comercial	396
COR - SDE	Austral Líneas Aéreas	Cabotaje	Comercial	396
COR - SDE	Ejército Argentino	Cabotaje	Av. General	396
COR - SDE	Flybondi	Cabotaje	Comercial	396
COR - SDE	Fuerza Aérea Argentina	Cabotaje	Av. General	396
COR - SDE	Gendarmería Nacional	Cabotaje	Av. General	396
COR - SDE	LADE - Líneas Aéreas Del Estado	Cabotaje	Av. General	396
COR - SDE	N/A	Cabotaje	Av. General	396
COR - SDE	N/A	Cabotaje	Comercial	396
COR - SDE	Prefectura Naval Argentina	Cabotaje	Av. General	396
COC - EZE		Cabotaje	Av. General	396
COC - EZE		Cabotaje	Comercial	396
COC - EZE	Aerolíneas Argentinas	Cabotaje	Comercial	396
COC - EZE	N/A	Cabotaje	Av. General	396
COC - EZE	N/A	Cabotaje	Comercial	396
AOL - PRA	Gendarmería Nacional	Cabotaje	Av. General	395
PRQ - SDE		Cabotaje	Av. General	395
PRQ - SDE	Ejército Argentino	Cabotaje	Av. General	395
PRQ - SDE	Gendarmería Nacional	Cabotaje	Av. General	395
PRQ - SDE	N/A	Cabotaje	Av. General	395
PRQ - SDE	N/A	Cabotaje	Comercial	395
LCM - RHD	N/A	Cabotaje	Comercial	395
LCM - PRA		Cabotaje	Av. General	395
LCM - PRA		Cabotaje	Comercial	395
CSZ - VDM		Cabotaje	Av. General	393
CSZ - VDM		Cabotaje	Comercial	393
CSZ - VDM	N/A	Cabotaje	Av. General	393
CRD - ULA		Cabotaje	Av. General	393
CRD - ULA		Cabotaje	Comercial	393
CRD - ULA	Aerolíneas Argentinas	Cabotaje	Av. General	393
CRD - ULA	American Jet	Cabotaje	Av. General	393
CRD - ULA	American Jet	Cabotaje	Comercial	393
CRD - ULA	Armada Argentina	Cabotaje	Av. General	393
CRD - ULA	Fuerza Aérea Argentina	Cabotaje	Av. General	393
CRD - ULA	LADE - Líneas Aéreas Del Estado	Cabotaje	Av. General	393
CRD - ULA	LADE - Líneas Aéreas Del Estado	Cabotaje	Comercial	393
CRD - ULA	N/A	Cabotaje	Av. General	393
CRD - ULA	N/A	Cabotaje	Comercial	393
GPO - RLO		Cabotaje	Av. General	391
ENO - MDQ		Cabotaje	Av. General	391
ENO - MDQ		Cabotaje	Comercial	391
ENO - MDQ	Fuerza Aérea Argentina	Cabotaje	Av. General	391
ENO - MDQ	N/A	Cabotaje	Av. General	391
APZ - LGS		Cabotaje	Av. General	391
APZ - LGS	N/A	Cabotaje	Av. General	391
CRD - GGS		Cabotaje	Av. General	390
CRD - GGS		Cabotaje	Comercial	390
CRD - GGS	Ejército Argentino	Cabotaje	Av. General	390
CRD - GGS	N/A	Cabotaje	Av. General	390
RCU - RSA		Cabotaje	Av. General	390
RCU - RSA		Cabotaje	Comercial	390
RCU - RSA	Aerolíneas Argentinas	Cabotaje	Comercial	390
RCU - RSA	Andes Líneas Aéreas	Cabotaje	Comercial	390
RCU - RSA	Armada Argentina	Cabotaje	Av. General	390
RCU - RSA	Ejército Argentino	Cabotaje	Av. General	390
RCU - RSA	Fuerza Aérea Argentina	Cabotaje	Av. General	390
RCU - RSA	N/A	Cabotaje	Av. General	390
RCU - RSA	N/A	Cabotaje	Comercial	390
CYR - PRA		Internacional	Av. General	389
CYR - PRA	N/A	Internacional	Av. General	389
NQN - PZS		Internacional	Av. General	389
NQN - PZS		Internacional	Comercial	389
NQN - PZS	American Jet	Internacional	Comercial	389
NQN - PZS	N/A	Internacional	Av. General	389
NQN - PZS	N/A	Internacional	Comercial	389
AEP - SFN		Cabotaje	Av. General	388
AEP - SFN		Cabotaje	Comercial	388
AEP - SFN	Aerolíneas Argentinas	Cabotaje	Av. General	388
AEP - SFN	Aerolíneas Argentinas	Cabotaje	Comercial	388
AEP - SFN	American Jet	Cabotaje	Av. General	388
AEP - SFN	American Jet	Cabotaje	Comercial	388
AEP - SFN	Andes Líneas Aéreas	Cabotaje	Comercial	388
AEP - SFN	Armada Argentina	Cabotaje	Av. General	388
AEP - SFN	Austral Líneas Aéreas	Cabotaje	Av. General	388
AEP - SFN	Austral Líneas Aéreas	Cabotaje	Comercial	388
AEP - SFN	Avianca	Cabotaje	Av. General	388
AEP - SFN	Avianca	Cabotaje	Comercial	388
AEP - SFN	Ejército Argentino	Cabotaje	Av. General	388
AEP - SFN	Flyest	Cabotaje	Av. General	388
AEP - SFN	Flyest	Cabotaje	Comercial	388
AEP - SFN	Fuerza Aérea Argentina	Cabotaje	Av. General	388
AEP - SFN	Gendarmería Nacional	Cabotaje	Av. General	388
AEP - SFN	Gestair	Cabotaje	Av. General	388
AEP - SFN	JetSMART Airlines	Cabotaje	Comercial	388
AEP - SFN	LADE - Líneas Aéreas Del Estado	Cabotaje	Av. General	388
AEP - SFN	LADE - Líneas Aéreas Del Estado	Cabotaje	Comercial	388
AEP - SFN	Línea Aérea SAPSA	Cabotaje	Av. General	388
AEP - SFN	Línea Aérea SAPSA	Cabotaje	Comercial	388
AEP - SFN	Macair Jet	Cabotaje	Av. General	388
AEP - SFN	Macair Jet	Cabotaje	Comercial	388
AEP - SFN	N/A	Cabotaje	Av. General	388
AEP - SFN	N/A	Cabotaje	Comercial	388
AEP - SFN	Prefectura Naval Argentina	Cabotaje	Av. General	388
AEP - SFN	SOL Líneas Aéreas	Cabotaje	Comercial	388
CYR - MDQ		Internacional	Av. General	388
CYR - MDQ	N/A	Internacional	Av. General	388
CYR - MDQ	N/A	Internacional	Comercial	388
MOR - SFN		Cabotaje	Av. General	387
MOR - SFN		Cabotaje	Comercial	387
MOR - SFN	Fuerza Aérea Argentina	Cabotaje	Av. General	387
MOR - SFN	N/A	Cabotaje	Av. General	387
MOR - SFN	N/A	Cabotaje	Comercial	387
RGA - RYO		Cabotaje	Comercial	387
RGA - RYO	LADE - Líneas Aéreas Del Estado	Cabotaje	Comercial	387
RGA - RYO	N/A	Cabotaje	Av. General	387
AFA - RLO		Cabotaje	Av. General	386
AFA - RLO	N/A	Cabotaje	Av. General	386
CRD - PMY		Cabotaje	Av. General	386
CRD - PMY		Cabotaje	Comercial	386
CRD - PMY	Aerolíneas Argentinas	Cabotaje	Comercial	386
CRD - PMY	AirTanker Services	Cabotaje	Comercial	386
CRD - PMY	American Jet	Cabotaje	Av. General	386
CRD - PMY	American Jet	Cabotaje	Comercial	386
CRD - PMY	Andes Líneas Aéreas	Cabotaje	Comercial	386
CRD - PMY	Austral Líneas Aéreas	Cabotaje	Comercial	386
CRD - PMY	Ejército Argentino	Cabotaje	Av. General	386
CRD - PMY	Flybondi	Cabotaje	Comercial	386
CRD - PMY	Fuerza Aérea Argentina	Cabotaje	Av. General	386
CRD - PMY	Global Jet Luxembourg	Cabotaje	Av. General	386
CRD - PMY	LADE - Líneas Aéreas Del Estado	Cabotaje	Av. General	386
CRD - PMY	LADE - Líneas Aéreas Del Estado	Cabotaje	Comercial	386
CRD - PMY	N/A	Cabotaje	Av. General	386
CRD - PMY	N/A	Cabotaje	Comercial	386
CRD - PMY	Prefectura Naval Argentina	Cabotaje	Av. General	386
LGS - LUQ		Cabotaje	Av. General	385
LGS - VMA		Cabotaje	Av. General	385
LGS - LUQ		Cabotaje	Comercial	385
LGS - LUQ	Ejército Argentino	Cabotaje	Av. General	385
LGS - LUQ	N/A	Cabotaje	Av. General	385
LGS - VMA	N/A	Cabotaje	Av. General	385
LGS - LUQ	N/A	Cabotaje	Comercial	385
BRC - GNR		Cabotaje	Av. General	385
BRC - GNR		Cabotaje	Comercial	385
BRC - GNR	Línea Aérea SAPSA	Cabotaje	Av. General	385
BRC - GNR	Línea Aérea SAPSA	Cabotaje	Comercial	385
BRC - GNR	N/A	Cabotaje	Av. General	385
BRC - GNR	N/A	Cabotaje	Comercial	385
CRR - RES		Cabotaje	Av. General	385
CSZ - MDQ		Cabotaje	Av. General	384
CSZ - MDQ		Cabotaje	Comercial	384
CSZ - MDQ	N/A	Cabotaje	Av. General	384
CSZ - MDQ	N/A	Cabotaje	Comercial	384
MDZ - TLX		Internacional	Av. General	384
EZE - MJR		Cabotaje	Av. General	384
EZE - MJR		Cabotaje	Comercial	384
EZE - MJR	N/A	Cabotaje	Av. General	384
EZE - MJR	N/A	Cabotaje	Comercial	384
JUJ - SDE		Cabotaje	Av. General	384
JUJ - SDE		Cabotaje	Comercial	384
JUJ - SDE	Aerolíneas Argentinas	Cabotaje	Comercial	384
JUJ - SDE	American Jet	Cabotaje	Av. General	384
JUJ - SDE	American Jet	Cabotaje	Comercial	384
JUJ - SDE	Andes Líneas Aéreas	Cabotaje	Comercial	384
JUJ - SDE	Ejército Argentino	Cabotaje	Av. General	384
JUJ - SDE	Fuerza Aérea Argentina	Cabotaje	Av. General	384
JUJ - SDE	Gendarmería Nacional	Cabotaje	Av. General	384
JUJ - SDE	N/A	Cabotaje	Av. General	384
JUJ - SDE	N/A	Cabotaje	Comercial	384
AEP - MDQ		Cabotaje	Av. General	383
AEP - MDQ		Cabotaje	Comercial	383
AEP - MDQ	Aerolíneas Argentinas	Cabotaje	Av. General	383
AEP - MDQ	Aerolíneas Argentinas	Cabotaje	Comercial	383
AEP - MDQ	American Jet	Cabotaje	Av. General	383
AEP - MDQ	American Jet	Cabotaje	Comercial	383
AEP - MDQ	Andes Líneas Aéreas	Cabotaje	Av. General	383
AEP - MDQ	Andes Líneas Aéreas	Cabotaje	Comercial	383
AEP - MDQ	Armada Argentina	Cabotaje	Av. General	383
AEP - MDQ	Austral Líneas Aéreas	Cabotaje	Av. General	383
AEP - MDQ	Austral Líneas Aéreas	Cabotaje	Comercial	383
AEP - MDQ	Avianca	Cabotaje	Av. General	383
AEP - MDQ	Avianca	Cabotaje	Comercial	383
AEP - MDQ	Ejército Argentino	Cabotaje	Av. General	383
AEP - MDQ	Flybondi	Cabotaje	Comercial	383
AEP - MDQ	Flyest	Cabotaje	Av. General	383
AEP - MDQ	Flyest	Cabotaje	Comercial	383
AEP - MDQ	Fuerza Aérea Argentina	Cabotaje	Av. General	383
AEP - MDQ	Gendarmería Nacional	Cabotaje	Av. General	383
AEP - MDQ	JetSMART Airlines	Cabotaje	Comercial	383
AEP - MDQ	LADE - Líneas Aéreas Del Estado	Cabotaje	Av. General	383
AEP - MDQ	LADE - Líneas Aéreas Del Estado	Cabotaje	Comercial	383
AEP - MDQ	LATAM Argentina	Cabotaje	Comercial	383
AEP - MDQ	Línea Aérea SAPSA	Cabotaje	Comercial	383
AEP - MDQ	Macair Jet	Cabotaje	Av. General	383
AEP - MDQ	Macair Jet	Cabotaje	Comercial	383
AEP - MDQ	N/A	Cabotaje	Av. General	383
AEP - MDQ	N/A	Cabotaje	Comercial	383
AEP - MDQ	Norwegian Air Argentina	Cabotaje	Comercial	383
AEP - MDQ	Prefectura Naval Argentina	Cabotaje	Av. General	383
AEP - MDQ	SOL Líneas Aéreas	Cabotaje	Comercial	383
PRA - RCU		Cabotaje	Av. General	383
PRA - RCU		Cabotaje	Comercial	383
PRA - RCU	Andes Líneas Aéreas	Cabotaje	Comercial	383
PRA - RCU	Fuerza Aérea Argentina	Cabotaje	Av. General	383
PRA - RCU	Línea Aérea SAPSA	Cabotaje	Av. General	383
PRA - RCU	Línea Aérea SAPSA	Cabotaje	Comercial	383
PRA - RCU	N/A	Cabotaje	Av. General	383
PRA - RCU	N/A	Cabotaje	Comercial	383
EZE - PRA		Cabotaje	Av. General	382
EZE - PRA		Cabotaje	Comercial	382
EZE - PRA	Aerolíneas Argentinas	Cabotaje	Comercial	382
EZE - PRA	American Jet	Cabotaje	Av. General	382
EZE - PRA	American Jet	Cabotaje	Comercial	382
EZE - PRA	Ameriflight	Cabotaje	Av. General	382
EZE - PRA	Ameriflight	Cabotaje	Comercial	382
EZE - PRA	Andes Líneas Aéreas	Cabotaje	Comercial	382
EZE - PRA	Armada Argentina	Cabotaje	Av. General	382
EZE - PRA	Austral Líneas Aéreas	Cabotaje	Comercial	382
EZE - PRA	Execujet Charter	Cabotaje	Av. General	382
EZE - PRA	Fuerza Aérea Argentina	Cabotaje	Av. General	382
EZE - PRA	Línea Aérea SAPSA	Cabotaje	Av. General	382
EZE - PRA	Línea Aérea SAPSA	Cabotaje	Comercial	382
EZE - PRA	Macair Jet	Cabotaje	Av. General	382
EZE - PRA	Macair Jet	Cabotaje	Comercial	382
EZE - PRA	N/A	Cabotaje	Av. General	382
EZE - PRA	N/A	Cabotaje	Comercial	382
EZE - PRA	NetJets	Cabotaje	Av. General	382
EPA - SFN		Cabotaje	Av. General	382
EPA - SFN		Cabotaje	Comercial	382
EPA - SFN	Ejército Argentino	Cabotaje	Av. General	382
EPA - SFN	Flyest	Cabotaje	Comercial	382
EPA - SFN	Fuerza Aérea Argentina	Cabotaje	Av. General	382
EPA - SFN	Gendarmería Nacional	Cabotaje	Av. General	382
EPA - SFN	LADE - Líneas Aéreas Del Estado	Cabotaje	Av. General	382
EPA - SFN	N/A	Cabotaje	Av. General	382
EPA - SFN	N/A	Cabotaje	Comercial	382
EPA - MDQ		Cabotaje	Av. General	382
EPA - MDQ		Cabotaje	Comercial	382
EPA - MDQ	Ejército Argentino	Cabotaje	Av. General	382
EPA - MDQ	Fuerza Aérea Argentina	Cabotaje	Av. General	382
EPA - MDQ	Gendarmería Nacional	Cabotaje	Av. General	382
EPA - MDQ	LADE - Líneas Aéreas Del Estado	Cabotaje	Av. General	382
EPA - MDQ	LADE - Líneas Aéreas Del Estado	Cabotaje	Comercial	382
EPA - MDQ	N/A	Cabotaje	Av. General	382
EPA - MDQ	N/A	Cabotaje	Comercial	382
COC - MOR		Cabotaje	Av. General	381
COC - MOR	Ejército Argentino	Cabotaje	Av. General	381
COC - MOR	Fuerza Aérea Argentina	Cabotaje	Av. General	381
COC - MOR	Gendarmería Nacional	Cabotaje	Av. General	381
COC - MOR	N/A	Cabotaje	Av. General	381
MDX - SFN		Cabotaje	Av. General	381
MDX - SFN	American Jet	Cabotaje	Comercial	381
MDX - SFN	Ejército Argentino	Cabotaje	Av. General	381
MDX - SFN	N/A	Cabotaje	Av. General	381
FMA - IGU	N/A	Internacional	Av. General	381
FMA - IGU	N/A	Internacional	Comercial	381
EZE - STY		Internacional	Av. General	380
EZE - STY		Internacional	Comercial	380
EZE - STY	Ameriflight	Internacional	Av. General	380
EZE - STY	N/A	Internacional	Av. General	380
EZE - STY	N/A	Internacional	Comercial	380
FMA - IGR		Cabotaje	Av. General	379
FMA - IGR		Cabotaje	Comercial	379
FMA - IGR	Austral Líneas Aéreas	Cabotaje	Comercial	379
FMA - IGR	Fuerza Aérea Argentina	Cabotaje	Av. General	379
FMA - IGR	N/A	Cabotaje	Av. General	379
FMA - IGR	N/A	Cabotaje	Comercial	379
NQN - SGV	N/A	Cabotaje	Av. General	379
BHI - MJR		Cabotaje	Av. General	379
BHI - MJR	N/A	Cabotaje	Av. General	379
JNI - RSA		Cabotaje	Av. General	379
JNI - RSA	N/A	Cabotaje	Av. General	379
PEH - RCU		Cabotaje	Av. General	378
PEH - RCU	N/A	Cabotaje	Av. General	378
CTC - VDR		Cabotaje	Av. General	377
CTC - VDR		Cabotaje	Comercial	377
CTC - VDR	N/A	Cabotaje	Av. General	377
IGR - PMG	N/A	Internacional	Av. General	376
SLA - TJA		Internacional	Av. General	376
SLA - TJA		Internacional	Comercial	376
SLA - TJA	Amaszonas	Internacional	Comercial	376
SLA - TJA	N/A	Internacional	Av. General	376
SLA - TJA	N/A	Internacional	Comercial	376
COC - MLZ	N/A	Internacional	Av. General	376
MDQ - MOR		Cabotaje	Av. General	375
MDQ - MOR		Cabotaje	Comercial	375
MDQ - MOR	American Jet	Cabotaje	Av. General	375
MDQ - MOR	American Jet	Cabotaje	Comercial	375
MDQ - MOR	Austral Líneas Aéreas	Cabotaje	Comercial	375
MDQ - MOR	Fuerza Aérea Argentina	Cabotaje	Av. General	375
MDQ - MOR	Línea Aérea SAPSA	Cabotaje	Av. General	375
MDQ - MOR	N/A	Cabotaje	Av. General	375
MDQ - MOR	N/A	Cabotaje	Comercial	375
MDQ - MOR	Prefectura Naval Argentina	Cabotaje	Av. General	375
LCM - UAQ		Cabotaje	Av. General	375
LCM - UAQ		Cabotaje	Comercial	375
LCM - UAQ	N/A	Cabotaje	Av. General	375
LCM - UAQ	N/A	Cabotaje	Comercial	375
CCT - CPC		Cabotaje	Av. General	374
COC - EPA		Cabotaje	Av. General	373
COC - EPA	Ejército Argentino	Cabotaje	Av. General	373
COC - EPA	Fuerza Aérea Argentina	Cabotaje	Av. General	373
COC - EPA	Gendarmería Nacional	Cabotaje	Av. General	373
COC - EPA	N/A	Cabotaje	Av. General	373
BYC - SLA		Internacional	Av. General	373
BYC - SLA	N/A	Internacional	Av. General	373
LPG - PEH	N/A	Cabotaje	Av. General	372
UAQ - VME		Cabotaje	Av. General	372
UAQ - VME		Cabotaje	Comercial	372
UAQ - VME	Avianca	Cabotaje	Av. General	372
UAQ - VME	Fuerza Aérea Argentina	Cabotaje	Av. General	372
UAQ - VME	Macair Jet	Cabotaje	Av. General	372
UAQ - VME	N/A	Cabotaje	Av. General	372
UAQ - VME	N/A	Cabotaje	Comercial	372
OYA - PSS		Cabotaje	Av. General	372
OYA - PSS	Ejército Argentino	Cabotaje	Av. General	372
OYA - PSS	Fuerza Aérea Argentina	Cabotaje	Av. General	372
OYA - PSS	N/A	Cabotaje	Av. General	372
MDQ - MVD		Internacional	Av. General	371
MDQ - MVD		Internacional	Comercial	371
MDQ - MVD	Aerolíneas Argentinas	Internacional	Comercial	371
MDQ - MVD	Amaszonas	Internacional	Av. General	371
MDQ - MVD	Andes Líneas Aéreas	Internacional	Comercial	371
MDQ - MVD	Avianca	Internacional	Comercial	371
MDQ - MVD	Fuerza Aérea Uruguaya	Internacional	Av. General	371
MDQ - MVD	N/A	Internacional	Av. General	371
MDQ - MVD	N/A	Internacional	Comercial	371
IGR - PJC	Fuerza Aérea Argentina	Internacional	Av. General	371
RSA - VRG		Cabotaje	Av. General	371
RSA - VRG	N/A	Cabotaje	Av. General	371
FDO - SFN		Cabotaje	Av. General	369
FDO - SFN		Cabotaje	Comercial	369
FDO - SFN	Aerolíneas Argentinas	Cabotaje	Av. General	369
FDO - SFN	American Jet	Cabotaje	Av. General	369
FDO - SFN	American Jet	Cabotaje	Comercial	369
FDO - SFN	Ameriflight	Cabotaje	Av. General	369
FDO - SFN	Ameriflight	Cabotaje	Comercial	369
FDO - SFN	Ejército Argentino	Cabotaje	Av. General	369
FDO - SFN	Fuerza Aérea Argentina	Cabotaje	Av. General	369
FDO - SFN	Fuerza Aérea Paraguaya	Cabotaje	Av. General	369
FDO - SFN	Interjet	Cabotaje	Av. General	369
FDO - SFN	Línea Aérea SAPSA	Cabotaje	Av. General	369
FDO - SFN	Línea Aérea SAPSA	Cabotaje	Comercial	369
FDO - SFN	N/A	Cabotaje	Av. General	369
FDO - SFN	N/A	Cabotaje	Comercial	369
FDO - SFN	Prefectura Naval Argentina	Cabotaje	Av. General	369
FDO - SFN	Sun Air	Cabotaje	Av. General	369
IRJ - RLO		Cabotaje	Av. General	368
COR - ROS		Cabotaje	Av. General	368
COR - ROS		Cabotaje	Comercial	368
COR - ROS	Aerolíneas Argentinas	Cabotaje	Comercial	368
COR - ROS	American Jet	Cabotaje	Av. General	368
COR - ROS	American Jet	Cabotaje	Comercial	368
COR - ROS	Andes Líneas Aéreas	Cabotaje	Comercial	368
COR - ROS	Austral Líneas Aéreas	Cabotaje	Comercial	368
COR - ROS	Copa Airlines	Cabotaje	Comercial	368
COR - ROS	Ecocopter SA	Cabotaje	Av. General	368
COR - ROS	Ejército Argentino	Cabotaje	Av. General	368
COR - ROS	Flybondi	Cabotaje	Comercial	368
COR - ROS	Flyest	Cabotaje	Av. General	368
COR - ROS	Flyest	Cabotaje	Comercial	368
COR - ROS	Fuerza Aérea Argentina	Cabotaje	Av. General	368
COR - ROS	Fuerza Aérea Uruguaya	Cabotaje	Av. General	368
COR - ROS	Gendarmería Nacional	Cabotaje	Av. General	368
COR - ROS	Gol Transportes Aéreos	Cabotaje	Comercial	368
COR - ROS	Helicol	Cabotaje	Av. General	368
COR - ROS	Interjet	Cabotaje	Av. General	368
COR - ROS	LADE - Líneas Aéreas Del Estado	Cabotaje	Av. General	368
COR - ROS	LADE - Líneas Aéreas Del Estado	Cabotaje	Comercial	368
COR - ROS	LATAM	Cabotaje	Comercial	368
COR - ROS	LATAM Perú	Cabotaje	Comercial	368
COR - ROS	Línea Aérea SAPSA	Cabotaje	Av. General	368
COR - ROS	Línea Aérea SAPSA	Cabotaje	Comercial	368
COR - ROS	Macair Jet	Cabotaje	Av. General	368
COR - ROS	Macair Jet	Cabotaje	Comercial	368
COR - ROS	N/A	Cabotaje	Av. General	368
COR - ROS	N/A	Cabotaje	Comercial	368
COR - ROS	Prefectura Naval Argentina	Cabotaje	Av. General	368
COR - ROS	SOL Líneas Aéreas	Cabotaje	Av. General	368
COR - ROS	SOL Líneas Aéreas	Cabotaje	Comercial	368
COR - ROS	TAM Linhas Aéreas	Cabotaje	Comercial	368
MDX - PRA		Cabotaje	Av. General	367
MDX - PRA		Cabotaje	Comercial	367
MDX - PRA	American Jet	Cabotaje	Comercial	367
MDX - PRA	Ejército Argentino	Cabotaje	Av. General	367
MDX - PRA	Fuerza Aérea Argentina	Cabotaje	Av. General	367
MDX - PRA	N/A	Cabotaje	Av. General	367
RGL - USH		Cabotaje	Av. General	366
RGL - USH		Cabotaje	Comercial	366
RGL - USH	Aerolíneas Argentinas	Cabotaje	Comercial	366
RGL - USH	American Jet	Cabotaje	Comercial	366
RGL - USH	Armada Argentina	Cabotaje	Av. General	366
RGL - USH	Austral Líneas Aéreas	Cabotaje	Comercial	366
RGL - USH	DAP Helicopteros	Cabotaje	Av. General	366
RGL - USH	Ejército Argentino	Cabotaje	Av. General	366
RGL - USH	Fuerza Aérea Argentina	Cabotaje	Av. General	366
RGL - USH	Gendarmería Nacional	Cabotaje	Av. General	366
RGL - USH	JetSMART Airlines	Cabotaje	Comercial	366
RGL - USH	LADE - Líneas Aéreas Del Estado	Cabotaje	Av. General	366
RGL - USH	LADE - Líneas Aéreas Del Estado	Cabotaje	Comercial	366
RGL - USH	LATAM Argentina	Cabotaje	Comercial	366
RGL - USH	N/A	Cabotaje	Av. General	366
RGL - USH	N/A	Cabotaje	Comercial	366
RGL - USH	Polar Air Cargo	Cabotaje	Av. General	366
RGL - USH	Prefectura Naval Argentina	Cabotaje	Av. General	366
CPC - VRG		Cabotaje	Av. General	366
CPC - VRG	N/A	Cabotaje	Av. General	366
BHI - GPO		Cabotaje	Av. General	365
BHI - GPO		Cabotaje	Comercial	365
BHI - GPO	Fuerza Aérea Argentina	Cabotaje	Av. General	365
BHI - GPO	N/A	Cabotaje	Av. General	365
BHI - GPO	N/A	Cabotaje	Comercial	365
AEP - COC		Cabotaje	Av. General	365
AEP - COC		Cabotaje	Comercial	365
AEP - COC	Aerolíneas Argentinas	Cabotaje	Comercial	365
AEP - COC	Austral Líneas Aéreas	Cabotaje	Comercial	365
AEP - COC	Ejército Argentino	Cabotaje	Av. General	365
AEP - COC	Flybondi	Cabotaje	Comercial	365
AEP - COC	Fuerza Aérea Argentina	Cabotaje	Av. General	365
AEP - COC	Gendarmería Nacional	Cabotaje	Av. General	365
AEP - COC	Macair Jet	Cabotaje	Comercial	365
AEP - COC	N/A	Cabotaje	Av. General	365
AEP - COC	N/A	Cabotaje	Comercial	365
AEP - COC	Prefectura Naval Argentina	Cabotaje	Av. General	365
ELO - FMA	N/A	Cabotaje	Av. General	365
OVR - RSA		Cabotaje	Av. General	364
OVR - RSA	N/A	Cabotaje	Av. General	364
MOR - PRA		Cabotaje	Av. General	364
MOR - PRA		Cabotaje	Comercial	364
MOR - PRA	Fuerza Aérea Argentina	Cabotaje	Av. General	364
MOR - PRA	Gendarmería Nacional	Cabotaje	Av. General	364
MOR - PRA	N/A	Cabotaje	Av. General	364
MOR - PRA	N/A	Cabotaje	Comercial	364
FMA - RCQ		Cabotaje	Av. General	363
FMA - RCQ		Cabotaje	Comercial	363
FMA - RCQ	Ejército Argentino	Cabotaje	Av. General	363
FMA - RCQ	Fuerza Aérea Argentina	Cabotaje	Av. General	363
FMA - RCQ	Gendarmería Nacional	Cabotaje	Av. General	363
FMA - RCQ	N/A	Cabotaje	Av. General	363
FMA - RCQ	N/A	Cabotaje	Comercial	363
AEP - PRA		Cabotaje	Av. General	363
AEP - PRA		Cabotaje	Comercial	363
AEP - PRA	Aerolíneas Argentinas	Cabotaje	Av. General	363
AEP - PRA	Aerolíneas Argentinas	Cabotaje	Comercial	363
AEP - PRA	American Jet	Cabotaje	Av. General	363
AEP - PRA	American Jet	Cabotaje	Comercial	363
AEP - PRA	Ameriflight	Cabotaje	Av. General	363
AEP - PRA	Andes Líneas Aéreas	Cabotaje	Comercial	363
AEP - PRA	Austral Líneas Aéreas	Cabotaje	Comercial	363
AEP - PRA	Avianca	Cabotaje	Comercial	363
AEP - PRA	Benair	Cabotaje	Av. General	363
AEP - PRA	Ejército Argentino	Cabotaje	Av. General	363
AEP - PRA	Flybondi	Cabotaje	Comercial	363
AEP - PRA	Flyest	Cabotaje	Av. General	363
AEP - PRA	Flyest	Cabotaje	Comercial	363
AEP - PRA	Fuerza Aérea Argentina	Cabotaje	Av. General	363
AEP - PRA	Fuerza Aérea Uruguaya	Cabotaje	Av. General	363
AEP - PRA	Gendarmería Nacional	Cabotaje	Av. General	363
AEP - PRA	JetSMART Airlines	Cabotaje	Comercial	363
AEP - PRA	LADE - Líneas Aéreas Del Estado	Cabotaje	Av. General	363
AEP - PRA	LATAM Argentina	Cabotaje	Comercial	363
AEP - PRA	Línea Aérea SAPSA	Cabotaje	Comercial	363
AEP - PRA	Macair Jet	Cabotaje	Av. General	363
AEP - PRA	Macair Jet	Cabotaje	Comercial	363
AEP - PRA	N/A	Cabotaje	Av. General	363
AEP - PRA	N/A	Cabotaje	Comercial	363
AEP - PRA	Prefectura Naval Argentina	Cabotaje	Av. General	363
AEP - PRA	SOL Líneas Aéreas	Cabotaje	Comercial	363
LPG - MJR	N/A	Cabotaje	Av. General	362
LCM - SFN		Cabotaje	Av. General	362
LCM - SFN	N/A	Cabotaje	Av. General	362
LCM - SDE		Cabotaje	Av. General	361
LCM - SDE	N/A	Cabotaje	Av. General	361
MCS - PSS		Cabotaje	Av. General	360
MCS - PSS	Ejército Argentino	Cabotaje	Av. General	360
MCS - PSS	Prefectura Naval Argentina	Cabotaje	Av. General	360
GPO - LUQ		Cabotaje	Av. General	360
GPO - VMA		Cabotaje	Av. General	360
GPO - LUQ		Cabotaje	Comercial	360
GPO - LUQ	N/A	Cabotaje	Av. General	360
GPO - VMA	N/A	Cabotaje	Av. General	360
OYO - VDM		Cabotaje	Av. General	359
OYO - VDM		Cabotaje	Comercial	359
OYO - VDM	Línea Aérea SAPSA	Cabotaje	Comercial	359
OYO - VDM	N/A	Cabotaje	Av. General	359
OYO - VDM	N/A	Cabotaje	Comercial	359
RCU - SFN		Cabotaje	Av. General	358
RCU - SFN		Cabotaje	Comercial	358
RCU - SFN	American Jet	Cabotaje	Av. General	358
RCU - SFN	American Jet	Cabotaje	Comercial	358
RCU - SFN	Andes Líneas Aéreas	Cabotaje	Comercial	358
RCU - SFN	Ecocopter SA	Cabotaje	Av. General	358
RCU - SFN	Fuerza Aérea Argentina	Cabotaje	Av. General	358
RCU - SFN	N/A	Cabotaje	Av. General	358
RCU - SFN	N/A	Cabotaje	Comercial	358
EPA - PRA		Cabotaje	Av. General	358
EPA - PRA		Cabotaje	Comercial	358
EPA - PRA	Ejército Argentino	Cabotaje	Av. General	358
EPA - PRA	Fuerza Aérea Argentina	Cabotaje	Av. General	358
EPA - PRA	Gendarmería Nacional	Cabotaje	Av. General	358
EPA - PRA	N/A	Cabotaje	Av. General	358
EPA - PRA	N/A	Cabotaje	Comercial	358
AFA - HOS		Cabotaje	Av. General	358
AFA - HOS	N/A	Cabotaje	Av. General	358
COR - PRA		Cabotaje	Av. General	357
COR - PRA		Cabotaje	Comercial	357
COR - PRA	Aerolíneas Argentinas	Cabotaje	Comercial	357
COR - PRA	American Jet	Cabotaje	Comercial	357
COR - PRA	Andes Líneas Aéreas	Cabotaje	Comercial	357
COR - PRA	Austral Líneas Aéreas	Cabotaje	Comercial	357
COR - PRA	Bell Helicopter Textron	Cabotaje	Av. General	357
COR - PRA	Ejército Argentino	Cabotaje	Av. General	357
COR - PRA	Fuerza Aérea Argentina	Cabotaje	Av. General	357
COR - PRA	Fuerza Aérea Uruguaya	Cabotaje	Av. General	357
COR - PRA	Gendarmería Nacional	Cabotaje	Av. General	357
COR - PRA	Línea Aérea SAPSA	Cabotaje	Comercial	357
COR - PRA	Macair Jet	Cabotaje	Av. General	357
COR - PRA	Macair Jet	Cabotaje	Comercial	357
COR - PRA	N/A	Cabotaje	Av. General	357
COR - PRA	N/A	Cabotaje	Comercial	357
COR - PRA	Personas Y Paquetes Por Aire	Cabotaje	Av. General	357
EZE - MDQ		Cabotaje	Av. General	357
EZE - MDQ		Cabotaje	Comercial	357
EZE - MDQ	Aerolíneas Argentinas	Cabotaje	Comercial	357
EZE - MDQ	American Jet	Cabotaje	Av. General	357
EZE - MDQ	American Jet	Cabotaje	Comercial	357
EZE - MDQ	Andes Líneas Aéreas	Cabotaje	Comercial	357
EZE - MDQ	Armada Argentina	Cabotaje	Av. General	357
EZE - MDQ	Austral Líneas Aéreas	Cabotaje	Comercial	357
EZE - MDQ	Copa Airlines	Cabotaje	Comercial	357
EZE - MDQ	Flybondi	Cabotaje	Comercial	357
EZE - MDQ	Flyest	Cabotaje	Comercial	357
EZE - MDQ	Fuerza Aérea Argentina	Cabotaje	Av. General	357
EZE - MDQ	JetSMART Airlines	Cabotaje	Comercial	357
EZE - MDQ	LADE - Líneas Aéreas Del Estado	Cabotaje	Comercial	357
EZE - MDQ	LATAM	Cabotaje	Av. General	357
EZE - MDQ	LATAM	Cabotaje	Comercial	357
EZE - MDQ	N/A	Cabotaje	Av. General	357
EZE - MDQ	N/A	Cabotaje	Comercial	357
EZE - MDQ	Prefectura Naval Argentina	Cabotaje	Av. General	357
MDZ - VDR		Cabotaje	Av. General	357
MDZ - VDR		Cabotaje	Comercial	357
MDZ - VDR	N/A	Cabotaje	Av. General	357
MDZ - VDR	N/A	Cabotaje	Comercial	357
CPC - RDS		Cabotaje	Av. General	356
CPC - RDS		Cabotaje	Comercial	356
CPC - RDS	N/A	Cabotaje	Av. General	356
COC - FDO		Cabotaje	Av. General	356
COC - FDO		Cabotaje	Comercial	356
COC - FDO	American Jet	Cabotaje	Av. General	356
COC - FDO	American Jet	Cabotaje	Comercial	356
COC - FDO	Bell Helicopter Textron	Cabotaje	Av. General	356
COC - FDO	Bell Helicopter Textron	Cabotaje	Comercial	356
COC - FDO	Ejército Argentino	Cabotaje	Av. General	356
COC - FDO	Gendarmería Nacional	Cabotaje	Av. General	356
COC - FDO	Línea Aérea SAPSA	Cabotaje	Av. General	356
COC - FDO	Línea Aérea SAPSA	Cabotaje	Comercial	356
COC - FDO	Macair Jet	Cabotaje	Av. General	356
COC - FDO	Macair Jet	Cabotaje	Comercial	356
COC - FDO	N/A	Cabotaje	Av. General	356
COC - FDO	N/A	Cabotaje	Comercial	356
COC - FDO	Prefectura Naval Argentina	Cabotaje	Av. General	356
BRC - NQN		Cabotaje	Av. General	354
BRC - NQN		Cabotaje	Comercial	354
BRC - NQN	Aerolíneas Argentinas	Cabotaje	Comercial	354
BRC - NQN	American Jet	Cabotaje	Av. General	354
BRC - NQN	American Jet	Cabotaje	Comercial	354
BRC - NQN	Andes Líneas Aéreas	Cabotaje	Comercial	354
BRC - NQN	Armada Argentina	Cabotaje	Av. General	354
BRC - NQN	Austral Líneas Aéreas	Cabotaje	Comercial	354
BRC - NQN	Avianca Uruguay	Cabotaje	Av. General	354
BRC - NQN	Benair	Cabotaje	Av. General	354
BRC - NQN	Chief of Staff, United States Air Force	Cabotaje	Av. General	354
BRC - NQN	Ejército Argentino	Cabotaje	Av. General	354
BRC - NQN	Flybondi	Cabotaje	Comercial	354
BRC - NQN	Fuerza Aérea Argentina	Cabotaje	Av. General	354
BRC - NQN	Gendarmería Nacional	Cabotaje	Av. General	354
BRC - NQN	Jet Aviation	Cabotaje	Av. General	354
BRC - NQN	JetSMART Airlines	Cabotaje	Comercial	354
BRC - NQN	LADE - Líneas Aéreas Del Estado	Cabotaje	Av. General	354
BRC - NQN	LADE - Líneas Aéreas Del Estado	Cabotaje	Comercial	354
BRC - NQN	LASA Argentina	Cabotaje	Av. General	354
BRC - NQN	LASA Argentina	Cabotaje	Comercial	354
BRC - NQN	LATAM Argentina	Cabotaje	Comercial	354
BRC - NQN	Línea Aérea SAPSA	Cabotaje	Av. General	354
BRC - NQN	Línea Aérea SAPSA	Cabotaje	Comercial	354
BRC - NQN	N/A	Cabotaje	Av. General	354
BRC - NQN	N/A	Cabotaje	Comercial	354
BRC - NQN	Prefectura Naval Argentina	Cabotaje	Av. General	354
BRC - NQN	Volga-Dnepr Airlines	Cabotaje	Av. General	354
BRC - NQN	Volga-Dnepr Airlines	Cabotaje	Comercial	354
CRR - ROS		Cabotaje	Av. General	354
CRR - ROS	Gendarmería Nacional	Cabotaje	Av. General	354
CRR - ROS	N/A	Cabotaje	Av. General	354
LPG - ROS		Cabotaje	Av. General	353
LPG - ROS		Cabotaje	Comercial	353
LPG - ROS	N/A	Cabotaje	Av. General	353
LPG - ROS	N/A	Cabotaje	Comercial	353
NCJ - RCU		Cabotaje	Av. General	350
NCJ - RCU	N/A	Cabotaje	Av. General	350
AEP - STY		Internacional	Comercial	350
AEP - STY	Fuerza Aérea Uruguaya	Internacional	Av. General	350
AEP - STY	N/A	Internacional	Av. General	350
AEP - STY	N/A	Internacional	Comercial	350
AGT - FMA		Internacional	Av. General	350
AGT - FMA	N/A	Internacional	Av. General	350
JNI - RCU		Cabotaje	Av. General	348
JNI - RCU	N/A	Cabotaje	Av. General	348
CCT - RSA	Ejército Argentino	Cabotaje	Av. General	348
ENO - PRA		Cabotaje	Av. General	346
ENO - PRA		Cabotaje	Comercial	346
ENO - PRA	Ejército Argentino	Cabotaje	Av. General	346
ENO - PRA	Fuerza Aérea Argentina	Cabotaje	Av. General	346
ENO - PRA	N/A	Cabotaje	Av. General	346
SDE - SLA		Cabotaje	Av. General	344
SDE - SLA		Cabotaje	Comercial	344
SDE - SLA	Aerolíneas Argentinas	Cabotaje	Av. General	344
SDE - SLA	Aerolíneas Argentinas	Cabotaje	Comercial	344
SDE - SLA	Air Alsie	Cabotaje	Av. General	344
SDE - SLA	Air Alsie	Cabotaje	Comercial	344
SDE - SLA	American Jet	Cabotaje	Av. General	344
SDE - SLA	American Jet	Cabotaje	Comercial	344
SDE - SLA	Andes Líneas Aéreas	Cabotaje	Av. General	344
SDE - SLA	Andes Líneas Aéreas	Cabotaje	Comercial	344
SDE - SLA	Austral Líneas Aéreas	Cabotaje	Comercial	344
SDE - SLA	Ejército Argentino	Cabotaje	Av. General	344
SDE - SLA	Flybondi	Cabotaje	Comercial	344
SDE - SLA	Fuerza Aérea Argentina	Cabotaje	Av. General	344
SDE - SLA	Gendarmería Nacional	Cabotaje	Av. General	344
SDE - SLA	N/A	Cabotaje	Av. General	344
SDE - SLA	N/A	Cabotaje	Comercial	344
FDO - PRA		Cabotaje	Av. General	344
FDO - PRA		Cabotaje	Comercial	344
FDO - PRA	American Jet	Cabotaje	Av. General	344
FDO - PRA	American Jet	Cabotaje	Comercial	344
FDO - PRA	Ameriflight	Cabotaje	Av. General	344
FDO - PRA	Ameriflight	Cabotaje	Comercial	344
FDO - PRA	Fuerza Aérea Argentina	Cabotaje	Av. General	344
FDO - PRA	Fuerza Aérea Uruguaya	Cabotaje	Av. General	344
FDO - PRA	Gendarmería Nacional	Cabotaje	Av. General	344
FDO - PRA	Gestair	Cabotaje	Comercial	344
FDO - PRA	Línea Aérea SAPSA	Cabotaje	Av. General	344
FDO - PRA	Línea Aérea SAPSA	Cabotaje	Comercial	344
FDO - PRA	N/A	Cabotaje	Av. General	344
FDO - PRA	N/A	Cabotaje	Comercial	344
FDO - PRA	Prefectura Naval Argentina	Cabotaje	Av. General	344
GPO - OVR	N/A	Cabotaje	Av. General	344
AEP - PEH		Cabotaje	Av. General	344
AEP - PEH		Cabotaje	Comercial	344
AEP - PEH	Aerolíneas Argentinas	Cabotaje	Comercial	344
AEP - PEH	American Jet	Cabotaje	Av. General	344
AEP - PEH	American Jet	Cabotaje	Comercial	344
AEP - PEH	Avianca	Cabotaje	Comercial	344
AEP - PEH	Ejército Argentino	Cabotaje	Av. General	344
AEP - PEH	Macair Jet	Cabotaje	Comercial	344
AEP - PEH	N/A	Cabotaje	Av. General	344
AEP - PEH	N/A	Cabotaje	Comercial	344
JUJ - RHD		Cabotaje	Av. General	344
JUJ - RHD		Cabotaje	Comercial	344
JUJ - RHD	Aerolíneas Argentinas	Cabotaje	Comercial	344
JUJ - RHD	Andes Líneas Aéreas	Cabotaje	Comercial	344
JUJ - RHD	Ejército Argentino	Cabotaje	Av. General	344
JUJ - RHD	Gendarmería Nacional	Cabotaje	Av. General	344
JUJ - RHD	Macair Jet	Cabotaje	Comercial	344
JUJ - RHD	N/A	Cabotaje	Av. General	344
JUJ - RHD	N/A	Cabotaje	Comercial	344
JUJ - RHD	SOL Líneas Aéreas	Cabotaje	Comercial	344
MCS - RES		Cabotaje	Av. General	343
MCS - RES	Ejército Argentino	Cabotaje	Av. General	343
MCS - RES	N/A	Cabotaje	Av. General	343
MCS - SFN	Ejército Argentino	Cabotaje	Av. General	342
PEH - ROS		Cabotaje	Av. General	342
PEH - ROS	N/A	Cabotaje	Av. General	342
PEH - ROS	N/A	Cabotaje	Comercial	342
MDZ - RLO		Cabotaje	Av. General	342
MDZ - RLO		Cabotaje	Comercial	342
MDZ - RLO	Aerocardal	Cabotaje	Av. General	342
MDZ - RLO	Aerolíneas Argentinas	Cabotaje	Comercial	342
MDZ - RLO	Fuerza Aérea Argentina	Cabotaje	Av. General	342
MDZ - RLO	N/A	Cabotaje	Av. General	342
MDZ - RLO	N/A	Cabotaje	Comercial	342
FDO - STY		Internacional	Av. General	340
FDO - STY		Internacional	Comercial	340
FDO - STY	Ameriflight	Internacional	Av. General	340
FDO - STY	N/A	Internacional	Av. General	340
FDO - STY	N/A	Internacional	Comercial	340
FDO - VLG		Cabotaje	Av. General	340
FDO - VLG		Cabotaje	Comercial	340
FDO - VLG	American Jet	Cabotaje	Av. General	340
FDO - VLG	American Jet	Cabotaje	Comercial	340
FDO - VLG	Austral Líneas Aéreas	Cabotaje	Av. General	340
FDO - VLG	Interjet	Cabotaje	Av. General	340
FDO - VLG	Línea Aérea SAPSA	Cabotaje	Av. General	340
FDO - VLG	Línea Aérea SAPSA	Cabotaje	Comercial	340
FDO - VLG	N/A	Cabotaje	Av. General	340
FDO - VLG	N/A	Cabotaje	Comercial	340
ATI - PSS		Internacional	Av. General	340
ATI - PSS	N/A	Internacional	Av. General	340
EQS - OLN		Cabotaje	Av. General	339
EQS - OLN	Ejército Argentino	Cabotaje	Av. General	339
MDZ - OVL	N/A	Internacional	Av. General	339
COC - NCJ	N/A	Cabotaje	Av. General	339
COR - CTC		Cabotaje	Av. General	338
COR - CTC		Cabotaje	Comercial	338
COR - CTC	Aerolíneas Argentinas	Cabotaje	Comercial	338
COR - CTC	American Jet	Cabotaje	Av. General	338
COR - CTC	American Jet	Cabotaje	Comercial	338
COR - CTC	Ameriflight	Cabotaje	Av. General	338
COR - CTC	Ameriflight	Cabotaje	Comercial	338
COR - CTC	Austral Líneas Aéreas	Cabotaje	Comercial	338
COR - CTC	Fuerza Aérea Argentina	Cabotaje	Av. General	338
COR - CTC	N/A	Cabotaje	Av. General	338
COR - CTC	N/A	Cabotaje	Comercial	338
BBA - EQS		Internacional	Av. General	338
BBA - EQS		Internacional	Comercial	338
BBA - EQS	N/A	Internacional	Av. General	338
BBA - EQS	N/A	Internacional	Comercial	338
JNI - TDL	N/A	Cabotaje	Av. General	337
FMA - OYA		Cabotaje	Av. General	337
FMA - OYA	N/A	Cabotaje	Av. General	337
FMA - OYA	N/A	Cabotaje	Comercial	337
AFA - UAQ		Cabotaje	Av. General	336
AFA - UAQ		Cabotaje	Comercial	336
AFA - UAQ	Aerolíneas Argentinas	Cabotaje	Comercial	336
AFA - UAQ	American Jet	Cabotaje	Av. General	336
AFA - UAQ	American Jet	Cabotaje	Comercial	336
AFA - UAQ	Austral Líneas Aéreas	Cabotaje	Comercial	336
AFA - UAQ	Benair	Cabotaje	Av. General	336
AFA - UAQ	Benair	Cabotaje	Comercial	336
AFA - UAQ	Fuerza Aérea Argentina	Cabotaje	Av. General	336
AFA - UAQ	Gendarmería Nacional	Cabotaje	Av. General	336
AFA - UAQ	N/A	Cabotaje	Av. General	336
AFA - UAQ	N/A	Cabotaje	Comercial	336
CRD - REL		Cabotaje	Av. General	335
CRD - REL		Cabotaje	Comercial	335
CRD - REL	Aerolíneas Argentinas	Cabotaje	Comercial	335
CRD - REL	Aerovías DAP	Cabotaje	Av. General	335
CRD - REL	American Jet	Cabotaje	Av. General	335
CRD - REL	American Jet	Cabotaje	Comercial	335
CRD - REL	Armada Argentina	Cabotaje	Av. General	335
CRD - REL	Austral Líneas Aéreas	Cabotaje	Av. General	335
CRD - REL	Austral Líneas Aéreas	Cabotaje	Comercial	335
CRD - REL	DAP Helicopteros	Cabotaje	Av. General	335
CRD - REL	Ejército Argentino	Cabotaje	Av. General	335
CRD - REL	Flybondi	Cabotaje	Comercial	335
CRD - REL	Fuerza Aérea Argentina	Cabotaje	Av. General	335
CRD - REL	Gendarmería Nacional	Cabotaje	Av. General	335
CRD - REL	LADE - Líneas Aéreas Del Estado	Cabotaje	Av. General	335
CRD - REL	LADE - Líneas Aéreas Del Estado	Cabotaje	Comercial	335
CRD - REL	Macair Jet	Cabotaje	Comercial	335
CRD - REL	N/A	Cabotaje	Av. General	335
CRD - REL	N/A	Cabotaje	Comercial	335
CRD - REL	Prefectura Naval Argentina	Cabotaje	Av. General	335
CRD - REL	SOL Líneas Aéreas	Cabotaje	Comercial	335
FDO - PEH		Cabotaje	Av. General	335
FDO - PEH		Cabotaje	Comercial	335
FDO - PEH	American Jet	Cabotaje	Av. General	335
FDO - PEH	American Jet	Cabotaje	Comercial	335
FDO - PEH	Ameriflight	Cabotaje	Av. General	335
FDO - PEH	Línea Aérea SAPSA	Cabotaje	Av. General	335
FDO - PEH	Línea Aérea SAPSA	Cabotaje	Comercial	335
FDO - PEH	N/A	Cabotaje	Av. General	335
FDO - PEH	N/A	Cabotaje	Comercial	335
FDO - PEH	Prefectura Naval Argentina	Cabotaje	Av. General	335
FMA - MDX		Cabotaje	Av. General	335
FMA - MDX		Cabotaje	Comercial	335
FMA - MDX	Ejército Argentino	Cabotaje	Av. General	335
RSA - VME		Cabotaje	Av. General	334
RSA - VME	Armada Argentina	Cabotaje	Av. General	334
RSA - VME	Fuerza Aérea Argentina	Cabotaje	Av. General	334
RSA - VME	N/A	Cabotaje	Av. General	334
NQN - OES		Cabotaje	Av. General	334
NQN - OES		Cabotaje	Comercial	334
NQN - OES	Ejército Argentino	Cabotaje	Av. General	334
NQN - OES	Línea Aérea SAPSA	Cabotaje	Av. General	334
NQN - OES	Línea Aérea SAPSA	Cabotaje	Comercial	334
NQN - OES	N/A	Cabotaje	Av. General	334
NQN - OES	N/A	Cabotaje	Comercial	334
COC - RAF		Cabotaje	Comercial	333
COC - RAF	N/A	Cabotaje	Av. General	333
COC - RAF	N/A	Cabotaje	Comercial	333
GHU - RAF	N/A	Cabotaje	Av. General	333
CRR - SDE		Cabotaje	Av. General	333
CRR - SDE	Aerocardal	Cabotaje	Av. General	333
CRR - SDE	Gendarmería Nacional	Cabotaje	Av. General	333
CRR - SDE	N/A	Cabotaje	Av. General	333
CRR - SDE	N/A	Cabotaje	Comercial	333
BHI - OES		Cabotaje	Av. General	333
BHI - OES		Cabotaje	Comercial	333
BHI - OES	N/A	Cabotaje	Av. General	333
BHI - OES	N/A	Cabotaje	Comercial	333
BHI - OES	Prefectura Naval Argentina	Cabotaje	Av. General	333
CNQ - MCS		Cabotaje	Av. General	333
CNQ - MCS	N/A	Cabotaje	Av. General	333
MDZ - VME		Cabotaje	Av. General	332
MDZ - VME		Cabotaje	Comercial	332
MDZ - VME	Aerocardal	Cabotaje	Av. General	332
MDZ - VME	Aerocardal	Cabotaje	Comercial	332
MDZ - VME	Bell Helicopter Textron	Cabotaje	Av. General	332
MDZ - VME	Ejército Argentino	Cabotaje	Av. General	332
MDZ - VME	Firefly	Cabotaje	Av. General	332
MDZ - VME	Fuerza Aérea Argentina	Cabotaje	Av. General	332
MDZ - VME	Fuerza Aérea Uruguaya	Cabotaje	Av. General	332
MDZ - VME	Macair Jet	Cabotaje	Av. General	332
MDZ - VME	Macair Jet	Cabotaje	Comercial	332
MDZ - VME	N/A	Cabotaje	Av. General	332
MDZ - VME	N/A	Cabotaje	Comercial	332
LGS - LSQ	N/A	Internacional	Av. General	332
CPC - MHC	N/A	Internacional	Av. General	332
LPG - MDQ		Cabotaje	Av. General	331
LPG - MDQ		Cabotaje	Comercial	331
LPG - MDQ	American Jet	Cabotaje	Av. General	331
LPG - MDQ	Ameriflight	Cabotaje	Av. General	331
LPG - MDQ	Austral Líneas Aéreas	Cabotaje	Comercial	331
LPG - MDQ	Ejército Argentino	Cabotaje	Av. General	331
LPG - MDQ	Fuerza Aérea Argentina	Cabotaje	Av. General	331
LPG - MDQ	N/A	Cabotaje	Av. General	331
LPG - MDQ	N/A	Cabotaje	Comercial	331
LPG - MDQ	Prefectura Naval Argentina	Cabotaje	Av. General	331
PSS - UZU		Cabotaje	Av. General	330
PSS - UZU	Ejército Argentino	Cabotaje	Av. General	330
PSS - UZU	Fuerza Aérea Argentina	Cabotaje	Av. General	330
COR - IRJ		Cabotaje	Av. General	329
COR - IRJ		Cabotaje	Comercial	329
COR - IRJ	Aerolíneas Argentinas	Cabotaje	Comercial	329
COR - IRJ	American Jet	Cabotaje	Av. General	329
COR - IRJ	American Jet	Cabotaje	Comercial	329
COR - IRJ	Ameriflight	Cabotaje	Comercial	329
COR - IRJ	Andes Líneas Aéreas	Cabotaje	Av. General	329
COR - IRJ	Andes Líneas Aéreas	Cabotaje	Comercial	329
COR - IRJ	Austral Líneas Aéreas	Cabotaje	Comercial	329
COR - IRJ	Ejército Argentino	Cabotaje	Av. General	329
COR - IRJ	Fuerza Aérea Argentina	Cabotaje	Av. General	329
COR - IRJ	Fuerza Aérea Uruguaya	Cabotaje	Av. General	329
COR - IRJ	Gendarmería Nacional	Cabotaje	Av. General	329
COR - IRJ	LATAM Argentina	Cabotaje	Comercial	329
COR - IRJ	N/A	Cabotaje	Av. General	329
COR - IRJ	N/A	Cabotaje	Comercial	329
PRA - UZU	Ejército Argentino	Cabotaje	Av. General	329
RAF - RCU		Cabotaje	Av. General	328
RAF - RCU	N/A	Cabotaje	Av. General	328
CYR - ROS		Internacional	Av. General	328
CYR - ROS	N/A	Internacional	Av. General	328
CYR - ROS	N/A	Internacional	Comercial	328
IRJ - TUC		Cabotaje	Av. General	328
IRJ - TUC		Cabotaje	Comercial	328
IRJ - TUC	Aerolíneas Argentinas	Cabotaje	Av. General	328
IRJ - TUC	American Jet	Cabotaje	Av. General	328
IRJ - TUC	American Jet	Cabotaje	Comercial	328
IRJ - TUC	Andes Líneas Aéreas	Cabotaje	Comercial	328
IRJ - TUC	Ejército Argentino	Cabotaje	Av. General	328
IRJ - TUC	Fuerza Aérea Argentina	Cabotaje	Av. General	328
IRJ - TUC	Gendarmería Nacional	Cabotaje	Av. General	328
IRJ - TUC	N/A	Cabotaje	Av. General	328
IRJ - TUC	N/A	Cabotaje	Comercial	328
OYA - SFN		Cabotaje	Av. General	328
OYA - SFN	Línea Aérea SAPSA	Cabotaje	Comercial	328
OYA - SFN	N/A	Cabotaje	Av. General	328
OYA - SFN	N/A	Cabotaje	Comercial	328
BBA - CRD		Internacional	Comercial	328
BBA - CRD	N/A	Internacional	Av. General	328
BBA - CRD	N/A	Internacional	Comercial	328
BRC - JSM	Fuerza Aérea Argentina	Cabotaje	Av. General	328
OYA - RAF		Cabotaje	Av. General	327
OYA - RAF	Ameriflight	Cabotaje	Comercial	327
NQN - ZPC		Internacional	Av. General	327
NQN - ZPC	N/A	Internacional	Av. General	327
NQN - ZPC	N/A	Internacional	Comercial	327
KNA - UAQ	Aerocardal	Internacional	Comercial	326
KNA - UAQ	N/A	Internacional	Av. General	326
KNA - UAQ	N/A	Internacional	Comercial	326
IRJ - VDR		Cabotaje	Av. General	326
IRJ - VDR	N/A	Cabotaje	Av. General	326
EPA - PEH		Cabotaje	Av. General	325
EPA - VLG		Cabotaje	Av. General	325
EPA - VLG		Cabotaje	Comercial	325
EPA - VLG	Fuerza Aérea Argentina	Cabotaje	Av. General	325
EPA - VLG	N/A	Cabotaje	Av. General	325
RCU - ROS		Cabotaje	Av. General	325
RCU - ROS		Cabotaje	Comercial	325
RCU - ROS	Andes Líneas Aéreas	Cabotaje	Comercial	325
RCU - ROS	Armada Argentina	Cabotaje	Av. General	325
RCU - ROS	Ecocopter SA	Cabotaje	Av. General	325
RCU - ROS	Ejército Argentino	Cabotaje	Av. General	325
RCU - ROS	Fuerza Aérea Argentina	Cabotaje	Av. General	325
RCU - ROS	Fuerza Aérea Uruguaya	Cabotaje	Av. General	325
RCU - ROS	N/A	Cabotaje	Av. General	325
RCU - ROS	N/A	Cabotaje	Comercial	325
COR - SFN		Cabotaje	Av. General	325
COR - SFN		Cabotaje	Comercial	325
COR - SFN	Aerolíneas Argentinas	Cabotaje	Comercial	325
COR - SFN	American Jet	Cabotaje	Comercial	325
COR - SFN	Ameriflight	Cabotaje	Av. General	325
COR - SFN	Ameriflight	Cabotaje	Comercial	325
COR - SFN	Andes Líneas Aéreas	Cabotaje	Comercial	325
COR - SFN	Austral Líneas Aéreas	Cabotaje	Comercial	325
COR - SFN	Ejército Argentino	Cabotaje	Av. General	325
COR - SFN	Flyest	Cabotaje	Comercial	325
COR - SFN	Fuerza Aérea Argentina	Cabotaje	Av. General	325
COR - SFN	Fuerza Aérea Uruguaya	Cabotaje	Av. General	325
COR - SFN	Gendarmería Nacional	Cabotaje	Av. General	325
COR - SFN	Jet Aviation	Cabotaje	Av. General	325
COR - SFN	Línea Aérea SAPSA	Cabotaje	Comercial	325
COR - SFN	Macair Jet	Cabotaje	Comercial	325
COR - SFN	N/A	Cabotaje	Av. General	325
COR - SFN	N/A	Cabotaje	Comercial	325
CPC - GNR		Cabotaje	Av. General	325
CPC - GNR		Cabotaje	Comercial	325
CPC - GNR	N/A	Cabotaje	Av. General	325
CPC - GNR	N/A	Cabotaje	Comercial	325
FTE - ULA		Cabotaje	Av. General	324
FTE - ULA		Cabotaje	Comercial	324
FTE - ULA	American Jet	Cabotaje	Comercial	324
FTE - ULA	LADE - Líneas Aéreas Del Estado	Cabotaje	Av. General	324
FTE - ULA	N/A	Cabotaje	Av. General	324
FTE - ULA	N/A	Cabotaje	Comercial	324
LSC - UAQ		Internacional	Av. General	324
LSC - UAQ	Aerolíneas Argentinas	Internacional	Comercial	324
LSC - UAQ	Aerovías DAP	Internacional	Comercial	324
LSC - UAQ	N/A	Internacional	Av. General	324
LSC - UAQ	N/A	Internacional	Comercial	324
FDO - PDP		Internacional	Av. General	323
FDO - PDP		Internacional	Comercial	323
FDO - PDP	Aerolíneas Argentinas	Internacional	Comercial	323
FDO - PDP	American Jet	Internacional	Av. General	323
FDO - PDP	American Jet	Internacional	Comercial	323
FDO - PDP	Ameriflight	Internacional	Av. General	323
FDO - PDP	Ameriflight	Internacional	Comercial	323
FDO - PDP	Andes Líneas Aéreas	Internacional	Av. General	323
FDO - PDP	Avianca Uruguay	Internacional	Av. General	323
FDO - PDP	Avianca Uruguay	Internacional	Comercial	323
FDO - PDP	Bell Helicopter Textron	Internacional	Av. General	323
FDO - PDP	Benair	Internacional	Av. General	323
FDO - PDP	Benair	Internacional	Comercial	323
FDO - PDP	Fuerza Aérea Argentina	Internacional	Av. General	323
FDO - PDP	Fuerza Aérea Uruguaya	Internacional	Av. General	323
FDO - PDP	Gendarmería Nacional	Internacional	Av. General	323
FDO - PDP	Gestair	Internacional	Comercial	323
FDO - PDP	Interjet	Internacional	Av. General	323
FDO - PDP	Línea Aérea SAPSA	Internacional	Av. General	323
FDO - PDP	Línea Aérea SAPSA	Internacional	Comercial	323
FDO - PDP	N/A	Internacional	Av. General	323
FDO - PDP	N/A	Internacional	Comercial	323
AEP - VLG		Cabotaje	Av. General	323
AEP - VLG		Cabotaje	Comercial	323
AEP - VLG	American Jet	Cabotaje	Av. General	323
AEP - VLG	American Jet	Cabotaje	Comercial	323
AEP - VLG	Fuerza Aérea Argentina	Cabotaje	Av. General	323
AEP - VLG	JetSMART Airlines	Cabotaje	Comercial	323
AEP - VLG	LADE - Líneas Aéreas Del Estado	Cabotaje	Av. General	323
AEP - VLG	LADE - Líneas Aéreas Del Estado	Cabotaje	Comercial	323
AEP - VLG	Macair Jet	Cabotaje	Comercial	323
AEP - VLG	N/A	Cabotaje	Av. General	323
AEP - VLG	N/A	Cabotaje	Comercial	323
AEP - VLG	SOL Líneas Aéreas	Cabotaje	Comercial	323
EPA - PDP	Flybondi	Internacional	Comercial	323
EPA - PDP	N/A	Internacional	Comercial	323
OYA - PRA		Cabotaje	Av. General	323
OYA - PRA		Cabotaje	Comercial	323
OYA - PRA	Ejército Argentino	Cabotaje	Av. General	323
OYA - PRA	Gendarmería Nacional	Cabotaje	Av. General	323
OYA - PRA	N/A	Cabotaje	Av. General	323
OYA - PRA	N/A	Cabotaje	Comercial	323
EZE - PEH		Cabotaje	Av. General	322
EZE - PEH		Cabotaje	Comercial	322
EZE - PEH	American Jet	Cabotaje	Av. General	322
EZE - PEH	American Jet	Cabotaje	Comercial	322
EZE - PEH	Línea Aérea SAPSA	Cabotaje	Comercial	322
EZE - PEH	Macair Jet	Cabotaje	Av. General	322
EZE - PEH	Macair Jet	Cabotaje	Comercial	322
EZE - PEH	N/A	Cabotaje	Av. General	322
EZE - PEH	N/A	Cabotaje	Comercial	322
BHI - PEH		Cabotaje	Av. General	322
BHI - PEH	N/A	Cabotaje	Av. General	322
REL - VDM		Cabotaje	Av. General	321
REL - VDM		Cabotaje	Comercial	321
REL - VDM	Aerolíneas Argentinas	Cabotaje	Comercial	321
REL - VDM	American Jet	Cabotaje	Comercial	321
REL - VDM	Armada Argentina	Cabotaje	Av. General	321
REL - VDM	Austral Líneas Aéreas	Cabotaje	Comercial	321
REL - VDM	Ejército Argentino	Cabotaje	Av. General	321
REL - VDM	Fuerza Aérea Argentina	Cabotaje	Av. General	321
REL - VDM	Gendarmería Nacional	Cabotaje	Av. General	321
REL - VDM	Línea Aérea SAPSA	Cabotaje	Av. General	321
REL - VDM	Línea Aérea SAPSA	Cabotaje	Comercial	321
REL - VDM	N/A	Cabotaje	Av. General	321
REL - VDM	N/A	Cabotaje	Comercial	321
REL - VDM	Prefectura Naval Argentina	Cabotaje	Av. General	321
REL - VDM	SOL Líneas Aéreas	Cabotaje	Comercial	321
GGS - RGL		Cabotaje	Comercial	320
GGS - RGL	Ejército Argentino	Cabotaje	Av. General	320
GGS - RGL	N/A	Cabotaje	Av. General	320
MOR - PEH		Cabotaje	Av. General	320
MOR - VLG		Cabotaje	Av. General	320
MOR - VLG	Fuerza Aérea Argentina	Cabotaje	Av. General	320
MOR - PEH	N/A	Cabotaje	Av. General	320
MOR - VLG	N/A	Cabotaje	Av. General	320
MOR - VLG	N/A	Cabotaje	Comercial	320
MCS - PRA		Cabotaje	Av. General	320
MCS - PRA	Ejército Argentino	Cabotaje	Av. General	320
MCS - PRA	Fuerza Aérea Argentina	Cabotaje	Av. General	320
EQS - ROY	Ejército Argentino	Cabotaje	Av. General	319
EQS - ROY	N/A	Cabotaje	Av. General	319
JUJ - TJA		Internacional	Av. General	318
JUJ - TJA	Fuerza Aérea Argentina	Internacional	Av. General	318
JUJ - TJA	Gendarmería Nacional	Internacional	Av. General	318
JUJ - TJA	Gestair	Internacional	Av. General	318
JUJ - TJA	N/A	Internacional	Av. General	318
RLO - UAQ		Cabotaje	Av. General	318
RLO - UAQ		Cabotaje	Comercial	318
RLO - UAQ	N/A	Cabotaje	Av. General	318
RLO - UAQ	N/A	Cabotaje	Comercial	318
COC - ROS		Cabotaje	Av. General	318
COC - ROS		Cabotaje	Comercial	318
COC - ROS	Fuerza Aérea Argentina	Cabotaje	Av. General	318
COC - ROS	Gendarmería Nacional	Cabotaje	Av. General	318
COC - ROS	N/A	Cabotaje	Av. General	318
COC - ROS	N/A	Cabotaje	Comercial	318
COC - ROS	Prefectura Naval Argentina	Cabotaje	Av. General	318
JNI - SFN		Cabotaje	Av. General	316
CPC - EQS		Cabotaje	Av. General	315
CPC - EQS		Cabotaje	Comercial	315
CPC - EQS	Aerolíneas Argentinas	Cabotaje	Comercial	315
CPC - EQS	AeroSur	Cabotaje	Av. General	315
CPC - EQS	American Jet	Cabotaje	Comercial	315
CPC - EQS	Austral Líneas Aéreas	Cabotaje	Comercial	315
CPC - EQS	Ejército Argentino	Cabotaje	Av. General	315
CPC - EQS	Fuerza Aérea Argentina	Cabotaje	Av. General	315
CPC - EQS	Gendarmería Nacional	Cabotaje	Av. General	315
CPC - EQS	N/A	Cabotaje	Av. General	315
CPC - EQS	N/A	Cabotaje	Comercial	315
FDO - TDL		Cabotaje	Av. General	315
FDO - TDL		Cabotaje	Comercial	315
FDO - TDL	American Jet	Cabotaje	Av. General	315
FDO - TDL	American Jet	Cabotaje	Comercial	315
FDO - TDL	Ameriflight	Cabotaje	Av. General	315
FDO - TDL	Ejército Argentino	Cabotaje	Av. General	315
FDO - TDL	Fuerza Aérea Argentina	Cabotaje	Av. General	315
FDO - TDL	Fuerza Aérea Uruguaya	Cabotaje	Av. General	315
FDO - TDL	Gendarmería Nacional	Cabotaje	Av. General	315
FDO - TDL	Línea Aérea SAPSA	Cabotaje	Av. General	315
FDO - TDL	Línea Aérea SAPSA	Cabotaje	Comercial	315
FDO - TDL	N/A	Cabotaje	Av. General	315
FDO - TDL	N/A	Cabotaje	Comercial	315
FDO - TDL	Prefectura Naval Argentina	Cabotaje	Av. General	315
AFA - RDS		Cabotaje	Av. General	315
AFA - RDS		Cabotaje	Comercial	315
AFA - RDS	N/A	Cabotaje	Av. General	315
EZE - PDP		Internacional	Av. General	314
EZE - PDP		Internacional	Comercial	314
EZE - PDP	Aerolíneas Argentinas	Internacional	Comercial	314
EZE - PDP	American Jet	Internacional	Av. General	314
EZE - PDP	American Jet	Internacional	Comercial	314
EZE - PDP	Ameriflight	Internacional	Av. General	314
EZE - PDP	Ameriflight	Internacional	Comercial	314
EZE - PDP	Andes Líneas Aéreas	Internacional	Comercial	314
EZE - PDP	Austral Líneas Aéreas	Internacional	Comercial	314
EZE - PDP	Avianca	Internacional	Comercial	314
EZE - PDP	Avianca Uruguay	Internacional	Av. General	314
EZE - PDP	Avianca Uruguay	Internacional	Comercial	314
EZE - PDP	Azul Linhas Aéreas Brasileiras	Internacional	Comercial	314
EZE - PDP	Dassault Aviation	Internacional	Comercial	314
EZE - PDP	Flybondi	Internacional	Comercial	314
EZE - PDP	Jet Aviation	Internacional	Av. General	314
EZE - PDP	Jet Aviation	Internacional	Comercial	314
EZE - PDP	LATAM Argentina	Internacional	Comercial	314
EZE - PDP	LATAM Cargo Uruguay	Internacional	Comercial	314
EZE - PDP	Línea Aérea SAPSA	Internacional	Av. General	314
EZE - PDP	Línea Aérea SAPSA	Internacional	Comercial	314
EZE - PDP	Metrojet	Internacional	Av. General	314
EZE - PDP	N/A	Internacional	Av. General	314
EZE - PDP	N/A	Internacional	Comercial	314
EZE - PDP	NetJets	Internacional	Comercial	314
EZE - PDP	Qatar Executive	Internacional	Av. General	314
EZE - PDP	TAM Linhas Aéreas	Internacional	Comercial	314
OVR - SST	N/A	Cabotaje	Av. General	314
FTE - PUQ		Internacional	Av. General	314
FTE - PUQ		Internacional	Comercial	314
FTE - PUQ	Aerocardal	Internacional	Av. General	314
FTE - PUQ	Aerovías DAP	Internacional	Av. General	314
FTE - PUQ	Aerovías DAP	Internacional	Comercial	314
FTE - PUQ	DAP Helicopteros	Internacional	Comercial	314
FTE - PUQ	N/A	Internacional	Av. General	314
FTE - PUQ	N/A	Internacional	Comercial	314
FTE - PUQ	NetJets	Internacional	Comercial	314
FTE - PUQ	Starlink Aviation	Internacional	Av. General	314
LCM - VME		Cabotaje	Av. General	314
UAQ - VDR		Cabotaje	Av. General	312
UAQ - VDR		Cabotaje	Comercial	312
UAQ - VDR	N/A	Cabotaje	Av. General	312
UAQ - VDR	N/A	Cabotaje	Comercial	312
ENO - RES	N/A	Internacional	Av. General	311
AOL - RES	N/A	Cabotaje	Av. General	311
ASU - IGR		Internacional	Av. General	311
ASU - IGR		Internacional	Comercial	311
ASU - IGR	Aerolíneas Argentinas	Internacional	Comercial	311
ASU - IGR	Air Europa	Internacional	Comercial	311
ASU - IGR	Austral Líneas Aéreas	Internacional	Av. General	311
ASU - IGR	Austral Líneas Aéreas	Internacional	Comercial	311
ASU - IGR	Flyest	Internacional	Comercial	311
ASU - IGR	Fuerza Aérea Paraguaya	Internacional	Av. General	311
ASU - IGR	JetSMART Airlines	Internacional	Comercial	311
ASU - IGR	N/A	Internacional	Av. General	311
ASU - IGR	N/A	Internacional	Comercial	311
ROS - STY		Internacional	Av. General	310
ROS - STY	Fuerza Aérea Uruguaya	Internacional	Av. General	310
ROS - STY	N/A	Internacional	Av. General	310
ROS - STY	N/A	Internacional	Comercial	310
FDO - OVR		Cabotaje	Av. General	309
FDO - OVR		Cabotaje	Comercial	309
FDO - OVR	American Jet	Cabotaje	Comercial	309
FDO - OVR	Ameriflight	Cabotaje	Av. General	309
FDO - OVR	Ameriflight	Cabotaje	Comercial	309
FDO - OVR	Línea Aérea SAPSA	Cabotaje	Av. General	309
FDO - OVR	Línea Aérea SAPSA	Cabotaje	Comercial	309
FDO - OVR	N/A	Cabotaje	Av. General	309
FDO - OVR	N/A	Cabotaje	Comercial	309
BYC - JUJ		Internacional	Av. General	309
BYC - JUJ	N/A	Internacional	Av. General	309
AEP - TDL		Cabotaje	Av. General	307
AEP - TDL		Cabotaje	Comercial	307
AEP - TDL	American Jet	Cabotaje	Av. General	307
AEP - TDL	American Jet	Cabotaje	Comercial	307
AEP - TDL	Ejército Argentino	Cabotaje	Av. General	307
AEP - TDL	Flyest	Cabotaje	Av. General	307
AEP - TDL	Flyest	Cabotaje	Comercial	307
AEP - TDL	Fuerza Aérea Argentina	Cabotaje	Av. General	307
AEP - TDL	Fuerza Aérea Uruguaya	Cabotaje	Av. General	307
AEP - TDL	LATAM Argentina	Cabotaje	Comercial	307
AEP - TDL	Macair Jet	Cabotaje	Av. General	307
AEP - TDL	Macair Jet	Cabotaje	Comercial	307
AEP - TDL	N/A	Cabotaje	Av. General	307
AEP - TDL	N/A	Cabotaje	Comercial	307
AEP - TDL	Prefectura Naval Argentina	Cabotaje	Av. General	307
BHI - TDL		Cabotaje	Av. General	307
BHI - TDL		Cabotaje	Comercial	307
BHI - TDL	American Jet	Cabotaje	Av. General	307
BHI - TDL	American Jet	Cabotaje	Comercial	307
BHI - TDL	Armada Argentina	Cabotaje	Av. General	307
BHI - TDL	Ejército Argentino	Cabotaje	Av. General	307
BHI - TDL	Fuerza Aérea Argentina	Cabotaje	Av. General	307
BHI - TDL	Gendarmería Nacional	Cabotaje	Av. General	307
BHI - TDL	N/A	Cabotaje	Av. General	307
BHI - TDL	N/A	Cabotaje	Comercial	307
AEP - OVR		Cabotaje	Av. General	306
AEP - OVR		Cabotaje	Comercial	306
AEP - OVR	American Jet	Cabotaje	Comercial	306
AEP - OVR	Ameriflight	Cabotaje	Comercial	306
AEP - OVR	Austral Líneas Aéreas	Cabotaje	Comercial	306
AEP - OVR	Ejército Argentino	Cabotaje	Av. General	306
AEP - OVR	Fuerza Aérea Argentina	Cabotaje	Av. General	306
AEP - OVR	N/A	Cabotaje	Av. General	306
AEP - OVR	N/A	Cabotaje	Comercial	306
AEP - PDP		Internacional	Av. General	306
AEP - PDP		Internacional	Comercial	306
AEP - PDP	ACM Air Charter	Internacional	Av. General	306
AEP - PDP	Aerolíneas Argentinas	Internacional	Comercial	306
AEP - PDP	Alas Uruguay	Internacional	Comercial	306
AEP - PDP	Amaszonas	Internacional	Comercial	306
AEP - PDP	American Jet	Internacional	Av. General	306
AEP - PDP	American Jet	Internacional	Comercial	306
AEP - PDP	Andes Líneas Aéreas	Internacional	Comercial	306
AEP - PDP	Austral Líneas Aéreas	Internacional	Comercial	306
AEP - PDP	Avianca	Internacional	Av. General	306
AEP - PDP	Avianca	Internacional	Comercial	306
AEP - PDP	Avianca Uruguay	Internacional	Av. General	306
AEP - PDP	Avianca Uruguay	Internacional	Comercial	306
AEP - PDP	Benair	Internacional	Av. General	306
AEP - PDP	Benair	Internacional	Comercial	306
AEP - PDP	BQB Líneas Aéreas	Internacional	Comercial	306
AEP - PDP	Flybondi	Internacional	Comercial	306
AEP - PDP	Flyest	Internacional	Comercial	306
AEP - PDP	Fuerza Aérea Uruguaya	Internacional	Av. General	306
AEP - PDP	Gendarmería Nacional	Internacional	Av. General	306
AEP - PDP	Gestair	Internacional	Av. General	306
AEP - PDP	Gestair	Internacional	Comercial	306
AEP - PDP	Gol Transportes Aéreos	Internacional	Comercial	306
AEP - PDP	Jet Aviation	Internacional	Av. General	306
AEP - PDP	JetSMART Airlines	Internacional	Comercial	306
AEP - PDP	LATAM Argentina	Internacional	Comercial	306
AEP - PDP	Línea Aérea SAPSA	Internacional	Av. General	306
AEP - PDP	Línea Aérea SAPSA	Internacional	Comercial	306
AEP - PDP	Macair Jet	Internacional	Av. General	306
AEP - PDP	Macair Jet	Internacional	Comercial	306
AEP - PDP	N/A	Internacional	Av. General	306
AEP - PDP	N/A	Internacional	Comercial	306
AEP - PDP	SOL Líneas Aéreas	Internacional	Comercial	306
LCM - LUQ		Cabotaje	Av. General	305
LCM - LUQ	N/A	Cabotaje	Av. General	305
CRD - JSM		Cabotaje	Av. General	305
CRD - JSM		Cabotaje	Comercial	305
CRD - JSM	Ejército Argentino	Cabotaje	Av. General	305
CRD - JSM	Fuerza Aérea Argentina	Cabotaje	Av. General	305
CRD - JSM	Gendarmería Nacional	Cabotaje	Av. General	305
CRD - JSM	N/A	Cabotaje	Av. General	305
CRD - JSM	N/A	Cabotaje	Comercial	305
PSS - RES		Cabotaje	Av. General	305
PSS - RES		Cabotaje	Comercial	305
PSS - RES	Aerolíneas Argentinas	Cabotaje	Comercial	305
PSS - RES	Andes Líneas Aéreas	Cabotaje	Comercial	305
PSS - RES	Austral Líneas Aéreas	Cabotaje	Comercial	305
PSS - RES	Ecocopter SA	Cabotaje	Av. General	305
PSS - RES	Ejército Argentino	Cabotaje	Av. General	305
PSS - RES	Fuerza Aérea Argentina	Cabotaje	Av. General	305
PSS - RES	Gendarmería Nacional	Cabotaje	Av. General	305
PSS - RES	N/A	Cabotaje	Av. General	305
PSS - RES	N/A	Cabotaje	Comercial	305
PSS - RES	Prefectura Naval Argentina	Cabotaje	Av. General	305
LGS - MDZ		Cabotaje	Av. General	305
LGS - MDZ		Cabotaje	Comercial	305
LGS - MDZ	Aerolíneas Argentinas	Cabotaje	Comercial	305
LGS - MDZ	American Jet	Cabotaje	Av. General	305
LGS - MDZ	American Jet	Cabotaje	Comercial	305
LGS - MDZ	Ameriflight	Cabotaje	Av. General	305
LGS - MDZ	Ameriflight	Cabotaje	Comercial	305
LGS - MDZ	Bell Helicopter Textron	Cabotaje	Av. General	305
LGS - MDZ	Ejército Argentino	Cabotaje	Av. General	305
LGS - MDZ	Fuerza Aérea Argentina	Cabotaje	Av. General	305
LGS - MDZ	Gendarmería Nacional	Cabotaje	Av. General	305
LGS - MDZ	LADE - Líneas Aéreas Del Estado	Cabotaje	Av. General	305
LGS - MDZ	LADE - Líneas Aéreas Del Estado	Cabotaje	Comercial	305
LGS - MDZ	N/A	Cabotaje	Av. General	305
LGS - MDZ	N/A	Cabotaje	Comercial	305
CPC - HOS		Cabotaje	Av. General	303
CPC - HOS		Cabotaje	Comercial	303
CPC - HOS	Gendarmería Nacional	Cabotaje	Av. General	303
CPC - HOS	N/A	Cabotaje	Av. General	303
NCJ - OYA	N/A	Cabotaje	Av. General	303
SLA - TTG		Cabotaje	Av. General	303
SLA - TTG		Cabotaje	Comercial	303
SLA - TTG	American Jet	Cabotaje	Comercial	303
SLA - TTG	Ejército Argentino	Cabotaje	Av. General	303
SLA - TTG	Fuerza Aérea Argentina	Cabotaje	Av. General	303
SLA - TTG	Gendarmería Nacional	Cabotaje	Av. General	303
SLA - TTG	N/A	Cabotaje	Av. General	303
SLA - TTG	N/A	Cabotaje	Comercial	303
IRJ - SDE		Cabotaje	Av. General	302
IRJ - SDE		Cabotaje	Comercial	302
IRJ - SDE	American Jet	Cabotaje	Av. General	302
IRJ - SDE	American Jet	Cabotaje	Comercial	302
IRJ - SDE	Andes Líneas Aéreas	Cabotaje	Comercial	302
IRJ - SDE	Bell Helicopter Textron	Cabotaje	Av. General	302
IRJ - SDE	Ejército Argentino	Cabotaje	Av. General	302
IRJ - SDE	Fuerza Aérea Argentina	Cabotaje	Av. General	302
IRJ - SDE	Gendarmería Nacional	Cabotaje	Av. General	302
IRJ - SDE	N/A	Cabotaje	Av. General	302
IRJ - SDE	N/A	Cabotaje	Comercial	302
IRJ - SDE	Prefectura Naval Argentina	Cabotaje	Av. General	302
BHI - RSA		Cabotaje	Av. General	302
BHI - RSA		Cabotaje	Comercial	302
BHI - RSA	Armada Argentina	Cabotaje	Av. General	302
BHI - RSA	Ejército Argentino	Cabotaje	Av. General	302
BHI - RSA	Fuerza Aérea Argentina	Cabotaje	Av. General	302
BHI - RSA	LASA Argentina	Cabotaje	Comercial	302
BHI - RSA	N/A	Cabotaje	Av. General	302
BHI - RSA	N/A	Cabotaje	Comercial	302
EZE - VLG		Cabotaje	Av. General	301
EZE - VLG		Cabotaje	Comercial	301
EZE - VLG	Fuerza Aérea Argentina	Cabotaje	Av. General	301
EZE - VLG	N/A	Cabotaje	Av. General	301
EZE - VLG	N/A	Cabotaje	Comercial	301
SCL - UAQ		Internacional	Av. General	301
SCL - UAQ		Internacional	Comercial	301
SCL - UAQ	Aerocardal	Internacional	Av. General	301
SCL - UAQ	Aerocardal	Internacional	Comercial	301
SCL - UAQ	Aerovías DAP	Internacional	Comercial	301
SCL - UAQ	Ameriflight	Internacional	Av. General	301
SCL - UAQ	Ameriflight	Internacional	Comercial	301
SCL - UAQ	Bell Helicopter Textron	Internacional	Av. General	301
SCL - UAQ	LATAM	Internacional	Av. General	301
SCL - UAQ	LATAM	Internacional	Comercial	301
SCL - UAQ	LATAM Argentina	Internacional	Av. General	301
SCL - UAQ	LATAM Argentina	Internacional	Comercial	301
SCL - UAQ	N/A	Internacional	Av. General	301
SCL - UAQ	N/A	Internacional	Comercial	301
SCL - UAQ	Sky Airline	Internacional	Av. General	301
ENO - TDL	Fuerza Aérea Argentina	Cabotaje	Av. General	301
LPG - OVR	N/A	Cabotaje	Av. General	299
RCQ - SFN		Cabotaje	Av. General	299
RCQ - SFN		Cabotaje	Comercial	299
RCQ - SFN	Avianca	Cabotaje	Comercial	299
RCQ - SFN	Bell Helicopter Textron	Cabotaje	Av. General	299
RCQ - SFN	Ecocopter SA	Cabotaje	Av. General	299
RCQ - SFN	Ecocopter SA	Cabotaje	Comercial	299
RCQ - SFN	Ejército Argentino	Cabotaje	Av. General	299
RCQ - SFN	Flyest	Cabotaje	Comercial	299
RCQ - SFN	Fuerza Aérea Argentina	Cabotaje	Av. General	299
RCQ - SFN	Gendarmería Nacional	Cabotaje	Av. General	299
RCQ - SFN	Macair Jet	Cabotaje	Comercial	299
RCQ - SFN	N/A	Cabotaje	Av. General	299
RCQ - SFN	N/A	Cabotaje	Comercial	299
AYO - IGR	N/A	Internacional	Av. General	298
EZE - ROS		Cabotaje	Av. General	298
EZE - ROS		Cabotaje	Comercial	298
EZE - ROS	Aerolíneas Argentinas	Cabotaje	Comercial	298
EZE - ROS	Aeroméxico	Cabotaje	Comercial	298
EZE - ROS	Alitalia	Cabotaje	Comercial	298
EZE - ROS	American Airlines	Cabotaje	Comercial	298
EZE - ROS	American Jet	Cabotaje	Av. General	298
EZE - ROS	American Jet	Cabotaje	Comercial	298
EZE - ROS	Ameriflight	Cabotaje	Comercial	298
EZE - ROS	Andes Líneas Aéreas	Cabotaje	Av. General	298
EZE - ROS	Andes Líneas Aéreas	Cabotaje	Comercial	298
EZE - ROS	Austral Líneas Aéreas	Cabotaje	Comercial	298
EZE - ROS	Avianca	Cabotaje	Comercial	298
EZE - ROS	Azul Linhas Aéreas Brasileiras	Cabotaje	Comercial	298
EZE - ROS	BETA - Brazilian Express Transportes Aéreos	Cabotaje	Comercial	298
EZE - ROS	Boliviana de Aviacion	Cabotaje	Av. General	298
EZE - ROS	Boliviana de Aviacion	Cabotaje	Comercial	298
EZE - ROS	Copa Airlines	Cabotaje	Comercial	298
EZE - ROS	Dassault Aviation	Cabotaje	Av. General	298
EZE - ROS	Emirates Airline	Cabotaje	Comercial	298
EZE - ROS	Estelar Latinoamerica	Cabotaje	Av. General	298
EZE - ROS	Estelar Latinoamerica	Cabotaje	Comercial	298
EZE - ROS	Executive Airlines	Cabotaje	Av. General	298
EZE - ROS	Flybondi	Cabotaje	Comercial	298
EZE - ROS	Flyest	Cabotaje	Comercial	298
EZE - ROS	Gestair	Cabotaje	Av. General	298
EZE - ROS	Gol Transportes Aéreos	Cabotaje	Comercial	298
EZE - ROS	Iberia Airlines	Cabotaje	Comercial	298
EZE - ROS	ITA Airways	Cabotaje	Comercial	298
EZE - ROS	JetSMART Airlines	Cabotaje	Comercial	298
EZE - ROS	LATAM	Cabotaje	Comercial	298
EZE - ROS	LATAM Argentina	Cabotaje	Comercial	298
EZE - ROS	LATAM Ecuador	Cabotaje	Comercial	298
EZE - ROS	LATAM Paraguay	Cabotaje	Comercial	298
EZE - ROS	LATAM Perú	Cabotaje	Comercial	298
EZE - ROS	Lufthansa	Cabotaje	Comercial	298
EZE - ROS	Macair Jet	Cabotaje	Av. General	298
EZE - ROS	Macair Jet	Cabotaje	Comercial	298
EZE - ROS	N/A	Cabotaje	Av. General	298
EZE - ROS	N/A	Cabotaje	Comercial	298
EZE - ROS	NetJets	Cabotaje	Av. General	298
EZE - ROS	NetJets	Cabotaje	Comercial	298
EZE - ROS	Norwegian Air Shuttle	Cabotaje	Comercial	298
EZE - ROS	Qatar Executive	Cabotaje	Av. General	298
EZE - ROS	Qatar Executive	Cabotaje	Comercial	298
EZE - ROS	Sky Airline	Cabotaje	Av. General	298
EZE - ROS	Sky Airline	Cabotaje	Comercial	298
EZE - ROS	SOL Líneas Aéreas	Cabotaje	Av. General	298
EZE - ROS	SOL Líneas Aéreas	Cabotaje	Comercial	298
EZE - ROS	TAM Linhas Aéreas	Cabotaje	Comercial	298
EZE - ROS	TAME	Cabotaje	Comercial	298
EZE - ROS	United Airlines	Cabotaje	Comercial	298
EZE - ROS	Vietnam Airlines	Cabotaje	Comercial	298
PRA - RCQ		Cabotaje	Av. General	298
PRA - RCQ		Cabotaje	Comercial	298
PRA - RCQ	American Jet	Cabotaje	Comercial	298
PRA - RCQ	Bell Helicopter Textron	Cabotaje	Av. General	298
PRA - RCQ	Ejército Argentino	Cabotaje	Av. General	298
PRA - RCQ	Fuerza Aérea Argentina	Cabotaje	Av. General	298
PRA - RCQ	Gendarmería Nacional	Cabotaje	Av. General	298
PRA - RCQ	Macair Jet	Cabotaje	Comercial	298
PRA - RCQ	N/A	Cabotaje	Av. General	298
PRA - RCQ	N/A	Cabotaje	Comercial	298
PRA - RCQ	Prefectura Naval Argentina	Cabotaje	Av. General	298
EPA - TDL		Cabotaje	Av. General	298
EPA - TDL		Cabotaje	Comercial	298
EPA - TDL	Ejército Argentino	Cabotaje	Av. General	298
EPA - TDL	Fuerza Aérea Argentina	Cabotaje	Av. General	298
EPA - TDL	Gendarmería Nacional	Cabotaje	Av. General	298
EPA - TDL	N/A	Cabotaje	Av. General	298
EPA - TDL	N/A	Cabotaje	Comercial	298
RHD - SLA		Cabotaje	Av. General	297
RHD - SLA		Cabotaje	Comercial	297
RHD - SLA	Aerolíneas Argentinas	Cabotaje	Comercial	297
RHD - SLA	American Jet	Cabotaje	Comercial	297
RHD - SLA	Andes Líneas Aéreas	Cabotaje	Comercial	297
RHD - SLA	Ejército Argentino	Cabotaje	Av. General	297
RHD - SLA	Fuerza Aérea Argentina	Cabotaje	Av. General	297
RHD - SLA	Gendarmería Nacional	Cabotaje	Av. General	297
RHD - SLA	LATAM Argentina	Cabotaje	Comercial	297
RHD - SLA	N/A	Cabotaje	Av. General	297
RHD - SLA	N/A	Cabotaje	Comercial	297
COR - LUQ		Cabotaje	Av. General	297
COR - VMA		Cabotaje	Av. General	297
COR - LUQ		Cabotaje	Comercial	297
COR - VMA		Cabotaje	Comercial	297
COR - VMA	Aerocardal	Cabotaje	Av. General	297
COR - LUQ	Aerolíneas Argentinas	Cabotaje	Comercial	297
COR - LUQ	American Jet	Cabotaje	Comercial	297
COR - LUQ	Austral Líneas Aéreas	Cabotaje	Comercial	297
COR - LUQ	Bell Helicopter Textron	Cabotaje	Av. General	297
COR - LUQ	Ejército Argentino	Cabotaje	Av. General	297
COR - LUQ	Fuerza Aérea Argentina	Cabotaje	Av. General	297
COR - VMA	Fuerza Aérea Argentina	Cabotaje	Av. General	297
COR - VMA	Gendarmería Nacional	Cabotaje	Av. General	297
COR - LUQ	Macair Jet	Cabotaje	Av. General	297
COR - VMA	Macair Jet	Cabotaje	Comercial	297
COR - LUQ	N/A	Cabotaje	Av. General	297
COR - VMA	N/A	Cabotaje	Av. General	297
COR - LUQ	N/A	Cabotaje	Comercial	297
COR - VMA	N/A	Cabotaje	Comercial	297
COR - LUQ	SOL Líneas Aéreas	Cabotaje	Comercial	297
AOL - CNQ		Cabotaje	Av. General	295
AOL - CNQ	N/A	Cabotaje	Av. General	295
GNR - OES	N/A	Cabotaje	Av. General	295
GPO - RCU		Cabotaje	Av. General	294
GPO - RCU		Cabotaje	Comercial	294
GPO - RCU	Fuerza Aérea Argentina	Cabotaje	Av. General	294
GPO - RCU	N/A	Cabotaje	Av. General	294
GPO - RCU	N/A	Cabotaje	Comercial	294
BRC - CUT		Cabotaje	Av. General	294
BRC - CUT		Cabotaje	Comercial	294
BRC - CUT	N/A	Cabotaje	Av. General	294
BRC - PZS		Internacional	Av. General	294
BRC - PZS		Internacional	Comercial	294
BRC - PZS	N/A	Internacional	Av. General	294
BRC - PZS	N/A	Internacional	Comercial	294
AFA - VME		Cabotaje	Av. General	294
AFA - VME		Cabotaje	Comercial	294
AFA - VME	Ejército Argentino	Cabotaje	Av. General	294
AFA - VME	Fuerza Aérea Argentina	Cabotaje	Av. General	294
AFA - VME	N/A	Cabotaje	Av. General	294
CTC - LCM		Cabotaje	Av. General	293
CTC - LCM		Cabotaje	Comercial	293
CTC - LCM	N/A	Cabotaje	Av. General	293
CTC - LCM	N/A	Cabotaje	Comercial	293
BHI - NEC		Cabotaje	Av. General	293
BHI - NEC		Cabotaje	Comercial	293
BHI - NEC	N/A	Cabotaje	Av. General	293
BHI - NEC	N/A	Cabotaje	Comercial	293
EPA - OVR		Cabotaje	Av. General	292
EPA - OVR		Cabotaje	Comercial	292
EPA - OVR	Ejército Argentino	Cabotaje	Av. General	292
EPA - OVR	N/A	Cabotaje	Av. General	292
MDX - PSS		Cabotaje	Av. General	291
MDX - PSS		Cabotaje	Comercial	291
MDX - PSS	Ameriflight	Cabotaje	Comercial	291
MDX - PSS	Ecocopter SA	Cabotaje	Av. General	291
MDX - PSS	Ejército Argentino	Cabotaje	Av. General	291
MDX - PSS	Fuerza Aérea Argentina	Cabotaje	Av. General	291
MDX - PSS	Gendarmería Nacional	Cabotaje	Av. General	291
MDX - PSS	N/A	Cabotaje	Av. General	291
MDX - PSS	N/A	Cabotaje	Comercial	291
MDX - PSS	Prefectura Naval Argentina	Cabotaje	Av. General	291
OYA - PRQ	N/A	Cabotaje	Av. General	291
IGB - NQN		Cabotaje	Av. General	290
IGB - NQN		Cabotaje	Comercial	290
IGB - NQN	Línea Aérea SAPSA	Cabotaje	Av. General	290
IGB - NQN	Línea Aérea SAPSA	Cabotaje	Comercial	290
IGB - NQN	N/A	Cabotaje	Av. General	290
IGB - NQN	N/A	Cabotaje	Comercial	290
MOR - TDL		Cabotaje	Av. General	290
MOR - TDL		Cabotaje	Comercial	290
MOR - TDL	Ameriflight	Cabotaje	Av. General	290
MOR - TDL	Ejército Argentino	Cabotaje	Av. General	290
MOR - TDL	Fuerza Aérea Argentina	Cabotaje	Av. General	290
MOR - TDL	N/A	Cabotaje	Av. General	290
MOR - TDL	N/A	Cabotaje	Comercial	290
COR - VME		Cabotaje	Av. General	290
COR - VME		Cabotaje	Comercial	290
COR - VME	American Jet	Cabotaje	Comercial	290
COR - VME	Fuerza Aérea Argentina	Cabotaje	Av. General	290
COR - VME	N/A	Cabotaje	Av. General	290
COR - VME	N/A	Cabotaje	Comercial	290
ASU - RES		Internacional	Av. General	290
ASU - RES		Internacional	Comercial	290
ASU - RES	Aerolíneas Argentinas	Internacional	Comercial	290
ASU - RES	Amaszonas	Internacional	Comercial	290
ASU - RES	American Jet	Internacional	Comercial	290
ASU - RES	Austral Líneas Aéreas	Internacional	Comercial	290
ASU - RES	Avianca	Internacional	Comercial	290
ASU - RES	Copa Airlines	Internacional	Comercial	290
ASU - RES	Ecocopter SA	Internacional	Av. General	290
ASU - RES	Ejército Argentino	Internacional	Av. General	290
ASU - RES	Fuerza Aérea Argentina	Internacional	Av. General	290
ASU - RES	Fuerza Aérea Paraguaya	Internacional	Av. General	290
ASU - RES	Fuerza Aérea Uruguaya	Internacional	Av. General	290
ASU - RES	LATAM Cargo Uruguay	Internacional	Av. General	290
ASU - RES	LATAM Cargo Uruguay	Internacional	Comercial	290
ASU - RES	LATAM Paraguay	Internacional	Comercial	290
ASU - RES	N/A	Internacional	Av. General	290
ASU - RES	N/A	Internacional	Comercial	290
RAF - RCQ		Cabotaje	Av. General	290
RAF - RCQ		Cabotaje	Comercial	290
RAF - RCQ	Fuerza Aérea Argentina	Cabotaje	Av. General	290
RAF - RCQ	N/A	Cabotaje	Av. General	290
RAF - RCQ	N/A	Cabotaje	Comercial	290
IRJ - UAQ		Cabotaje	Av. General	289
IRJ - UAQ		Cabotaje	Comercial	289
IRJ - UAQ	Aerolíneas Argentinas	Cabotaje	Comercial	289
IRJ - UAQ	American Jet	Cabotaje	Av. General	289
IRJ - UAQ	American Jet	Cabotaje	Comercial	289
IRJ - UAQ	Andes Líneas Aéreas	Cabotaje	Av. General	289
IRJ - UAQ	Andes Líneas Aéreas	Cabotaje	Comercial	289
IRJ - UAQ	Austral Líneas Aéreas	Cabotaje	Comercial	289
IRJ - UAQ	Avianca	Cabotaje	Av. General	289
IRJ - UAQ	Avianca	Cabotaje	Comercial	289
IRJ - UAQ	Ejército Argentino	Cabotaje	Av. General	289
IRJ - UAQ	Fuerza Aérea Argentina	Cabotaje	Av. General	289
IRJ - UAQ	Gendarmería Nacional	Cabotaje	Av. General	289
IRJ - UAQ	Línea Aérea SAPSA	Cabotaje	Comercial	289
IRJ - UAQ	Macair Jet	Cabotaje	Av. General	289
IRJ - UAQ	Macair Jet	Cabotaje	Comercial	289
IRJ - UAQ	N/A	Cabotaje	Av. General	289
IRJ - UAQ	N/A	Cabotaje	Comercial	289
MDQ - PDI		Cabotaje	Av. General	288
MDQ - PDI		Cabotaje	Comercial	288
MDQ - PDI	Armada Argentina	Cabotaje	Av. General	288
MDQ - PDI	Ejército Argentino	Cabotaje	Av. General	288
MDQ - PDI	N/A	Cabotaje	Av. General	288
MDQ - PDI	Prefectura Naval Argentina	Cabotaje	Av. General	288
FDO - SST		Cabotaje	Av. General	288
FDO - SST		Cabotaje	Comercial	288
FDO - SST	N/A	Cabotaje	Av. General	288
FDO - SST	N/A	Cabotaje	Comercial	288
FDO - SST	Prefectura Naval Argentina	Cabotaje	Av. General	288
GPO - JNI		Cabotaje	Av. General	288
GPO - JNI	N/A	Cabotaje	Av. General	288
AEP - ROS		Cabotaje	Av. General	286
AEP - ROS		Cabotaje	Comercial	286
AEP - ROS	Aerolíneas Argentinas	Cabotaje	Av. General	286
AEP - ROS	Aerolíneas Argentinas	Cabotaje	Comercial	286
AEP - ROS	American Jet	Cabotaje	Av. General	286
AEP - ROS	American Jet	Cabotaje	Comercial	286
AEP - ROS	Andes Líneas Aéreas	Cabotaje	Av. General	286
AEP - ROS	Andes Líneas Aéreas	Cabotaje	Comercial	286
AEP - ROS	Armada Argentina	Cabotaje	Av. General	286
AEP - ROS	Austral Líneas Aéreas	Cabotaje	Av. General	286
AEP - ROS	Austral Líneas Aéreas	Cabotaje	Comercial	286
AEP - ROS	Avianca	Cabotaje	Av. General	286
AEP - ROS	Avianca	Cabotaje	Comercial	286
AEP - ROS	Benair	Cabotaje	Av. General	286
AEP - ROS	Ecocopter SA	Cabotaje	Av. General	286
AEP - ROS	Ejército Argentino	Cabotaje	Av. General	286
AEP - ROS	Flybondi	Cabotaje	Comercial	286
AEP - ROS	Flyest	Cabotaje	Av. General	286
AEP - ROS	Flyest	Cabotaje	Comercial	286
AEP - ROS	Fuerza Aérea Argentina	Cabotaje	Av. General	286
AEP - ROS	Gendarmería Nacional	Cabotaje	Av. General	286
AEP - ROS	Gestair	Cabotaje	Av. General	286
AEP - ROS	Gestair	Cabotaje	Comercial	286
AEP - ROS	JetSMART Airlines	Cabotaje	Comercial	286
AEP - ROS	LADE - Líneas Aéreas Del Estado	Cabotaje	Av. General	286
AEP - ROS	LADE - Líneas Aéreas Del Estado	Cabotaje	Comercial	286
AEP - ROS	LATAM	Cabotaje	Comercial	286
AEP - ROS	LATAM Argentina	Cabotaje	Comercial	286
AEP - ROS	Macair Jet	Cabotaje	Av. General	286
AEP - ROS	Macair Jet	Cabotaje	Comercial	286
AEP - ROS	N/A	Cabotaje	Av. General	286
AEP - ROS	N/A	Cabotaje	Comercial	286
AEP - ROS	Prefectura Naval Argentina	Cabotaje	Av. General	286
AEP - ROS	SOL Líneas Aéreas	Cabotaje	Av. General	286
AEP - ROS	SOL Líneas Aéreas	Cabotaje	Comercial	286
OVL - UAQ	N/A	Internacional	Av. General	286
OVR - VLG	N/A	Cabotaje	Av. General	286
OVR - VLG	N/A	Cabotaje	Comercial	286
PRQ - RCQ		Cabotaje	Av. General	285
PRQ - RCQ	Fuerza Aérea Argentina	Cabotaje	Av. General	285
PRQ - RCQ	Gendarmería Nacional	Cabotaje	Av. General	285
PRQ - RCQ	N/A	Cabotaje	Av. General	285
CPC - NQN		Cabotaje	Av. General	285
CPC - NQN		Cabotaje	Comercial	285
CPC - NQN	Aerolíneas Argentinas	Cabotaje	Comercial	285
CPC - NQN	Aeroméxico	Cabotaje	Av. General	285
CPC - NQN	AeroSur	Cabotaje	Av. General	285
CPC - NQN	American Jet	Cabotaje	Av. General	285
CPC - NQN	American Jet	Cabotaje	Comercial	285
CPC - NQN	Ejército Argentino	Cabotaje	Av. General	285
CPC - NQN	Fuerza Aérea Argentina	Cabotaje	Av. General	285
CPC - NQN	Gendarmería Nacional	Cabotaje	Av. General	285
CPC - NQN	Israel Aircraft Industries	Cabotaje	Av. General	285
CPC - NQN	JetSMART Airlines	Cabotaje	Comercial	285
CPC - NQN	LADE - Líneas Aéreas Del Estado	Cabotaje	Av. General	285
CPC - NQN	LADE - Líneas Aéreas Del Estado	Cabotaje	Comercial	285
CPC - NQN	LASA Argentina	Cabotaje	Comercial	285
CPC - NQN	N/A	Cabotaje	Av. General	285
CPC - NQN	N/A	Cabotaje	Comercial	285
CPC - NQN	Prefectura Naval Argentina	Cabotaje	Av. General	285
ASU - PSS		Internacional	Av. General	285
ASU - PSS		Internacional	Comercial	285
ASU - PSS	Ejército Argentino	Internacional	Av. General	285
ASU - PSS	Fuerza Aérea Paraguaya	Internacional	Av. General	285
ASU - PSS	Fuerza Aérea Uruguaya	Internacional	Av. General	285
ASU - PSS	Jet Aviation	Internacional	Av. General	285
ASU - PSS	N/A	Internacional	Av. General	285
ASU - PSS	N/A	Internacional	Comercial	285
ASU - PSS	Sol del Paraguay Líneas Aéreas	Internacional	Av. General	285
ASU - PSS	Sun Air	Internacional	Av. General	285
MOR - OVR		Cabotaje	Av. General	284
MOR - OVR		Cabotaje	Comercial	284
MOR - OVR	Fuerza Aérea Argentina	Cabotaje	Av. General	284
MOR - OVR	N/A	Cabotaje	Av. General	284
NEC - SST	N/A	Cabotaje	Av. General	284
NEC - SST	N/A	Cabotaje	Comercial	284
CRD - PMQ		Cabotaje	Av. General	284
CRD - PMQ		Cabotaje	Comercial	284
CRD - PMQ	American Jet	Cabotaje	Av. General	284
CRD - PMQ	American Jet	Cabotaje	Comercial	284
CRD - PMQ	Fuerza Aérea Argentina	Cabotaje	Av. General	284
CRD - PMQ	Gendarmería Nacional	Cabotaje	Av. General	284
CRD - PMQ	LADE - Líneas Aéreas Del Estado	Cabotaje	Av. General	284
CRD - PMQ	LADE - Líneas Aéreas Del Estado	Cabotaje	Comercial	284
CRD - PMQ	Línea Aérea SAPSA	Cabotaje	Av. General	284
CRD - PMQ	N/A	Cabotaje	Av. General	284
CRD - PMQ	N/A	Cabotaje	Comercial	284
CRD - PMQ	Prefectura Naval Argentina	Cabotaje	Av. General	284
COC - RCQ		Cabotaje	Av. General	283
COC - RCQ		Cabotaje	Comercial	283
COC - RCQ	Ejército Argentino	Cabotaje	Av. General	283
COC - RCQ	Fuerza Aérea Argentina	Cabotaje	Av. General	283
COC - RCQ	N/A	Cabotaje	Av. General	283
IRJ - LCM		Cabotaje	Av. General	283
IRJ - LCM	N/A	Cabotaje	Av. General	283
CNQ - ENO		Internacional	Av. General	282
CNQ - ENO	N/A	Internacional	Av. General	282
IRJ - RHD		Cabotaje	Av. General	282
IRJ - RHD	Andes Líneas Aéreas	Cabotaje	Av. General	282
IRJ - RHD	Andes Líneas Aéreas	Cabotaje	Comercial	282
PEH - TDL	N/A	Cabotaje	Av. General	282
IRJ - RHD	N/A	Cabotaje	Comercial	282
JNI - LPG	N/A	Cabotaje	Av. General	282
AOL - PSS		Cabotaje	Av. General	281
AOL - PSS	Ejército Argentino	Cabotaje	Av. General	281
AOL - PSS	Gendarmería Nacional	Cabotaje	Av. General	281
AOL - PSS	N/A	Cabotaje	Av. General	281
MOR - ROS		Cabotaje	Av. General	280
MOR - ROS		Cabotaje	Comercial	280
MOR - ROS	Aerolíneas Argentinas	Cabotaje	Comercial	280
MOR - ROS	Ecocopter SA	Cabotaje	Av. General	280
MOR - ROS	Ejército Argentino	Cabotaje	Av. General	280
MOR - ROS	Fuerza Aérea Argentina	Cabotaje	Av. General	280
MOR - ROS	Gendarmería Nacional	Cabotaje	Av. General	280
MOR - ROS	N/A	Cabotaje	Av. General	280
MOR - ROS	N/A	Cabotaje	Comercial	280
MOR - ROS	Prefectura Naval Argentina	Cabotaje	Av. General	280
MOR - ROS	Southern Air	Cabotaje	Av. General	280
LPG - TDL		Cabotaje	Av. General	279
LPG - TDL	Fuerza Aérea Argentina	Cabotaje	Av. General	279
LPG - TDL	N/A	Cabotaje	Av. General	279
LPG - TDL	N/A	Cabotaje	Comercial	279
LPG - TDL	Prefectura Naval Argentina	Cabotaje	Av. General	279
BRC - WAP	N/A	Internacional	Av. General	279
RES - UZU	Ejército Argentino	Cabotaje	Av. General	279
RGL - ULA		Cabotaje	Av. General	278
RGL - ULA		Cabotaje	Comercial	278
RGL - ULA	Armada Argentina	Cabotaje	Av. General	278
RGL - ULA	Ejército Argentino	Cabotaje	Av. General	278
RGL - ULA	Fuerza Aérea Argentina	Cabotaje	Av. General	278
RGL - ULA	LADE - Líneas Aéreas Del Estado	Cabotaje	Av. General	278
RGL - ULA	LADE - Líneas Aéreas Del Estado	Cabotaje	Comercial	278
RGL - ULA	N/A	Cabotaje	Av. General	278
RGL - ULA	N/A	Cabotaje	Comercial	278
RGL - ULA	Prefectura Naval Argentina	Cabotaje	Av. General	278
EZE - PDU		Internacional	Av. General	277
EZE - PDU		Internacional	Comercial	277
EZE - PDU	N/A	Internacional	Av. General	277
EZE - PDU	N/A	Internacional	Comercial	277
COR - CRR		Cabotaje	Av. General	277
COR - CRR	JetSMART Airlines	Cabotaje	Comercial	277
COR - CRR	N/A	Cabotaje	Av. General	277
EPA - ROS		Cabotaje	Av. General	277
EPA - ROS		Cabotaje	Comercial	277
EPA - ROS	American Jet	Cabotaje	Av. General	277
EPA - ROS	Ejército Argentino	Cabotaje	Av. General	277
EPA - ROS	Flybondi	Cabotaje	Comercial	277
EPA - ROS	Fuerza Aérea Argentina	Cabotaje	Av. General	277
EPA - ROS	Gendarmería Nacional	Cabotaje	Av. General	277
EPA - ROS	JetSMART Airlines	Cabotaje	Comercial	277
EPA - ROS	N/A	Cabotaje	Av. General	277
EPA - ROS	N/A	Cabotaje	Comercial	277
EZE - TDL		Cabotaje	Av. General	276
EZE - TDL		Cabotaje	Comercial	276
EZE - TDL	Aerolíneas Argentinas	Cabotaje	Comercial	276
EZE - TDL	Flyest	Cabotaje	Av. General	276
EZE - TDL	Flyest	Cabotaje	Comercial	276
EZE - TDL	Fuerza Aérea Argentina	Cabotaje	Av. General	276
EZE - TDL	N/A	Cabotaje	Av. General	276
EZE - TDL	N/A	Cabotaje	Comercial	276
CNQ - PSS		Cabotaje	Av. General	276
CNQ - PSS		Cabotaje	Comercial	276
CNQ - PSS	Aerolíneas Argentinas	Cabotaje	Comercial	276
CNQ - PSS	Ameriflight	Cabotaje	Av. General	276
CNQ - PSS	Armada Argentina	Cabotaje	Av. General	276
CNQ - PSS	Ejército Argentino	Cabotaje	Av. General	276
CNQ - PSS	Flybondi	Cabotaje	Comercial	276
CNQ - PSS	Fuerza Aérea Argentina	Cabotaje	Av. General	276
CNQ - PSS	Gendarmería Nacional	Cabotaje	Av. General	276
CNQ - PSS	N/A	Cabotaje	Av. General	276
CNQ - PSS	N/A	Cabotaje	Comercial	276
CNQ - PSS	Prefectura Naval Argentina	Cabotaje	Av. General	276
EZE - OVR		Cabotaje	Av. General	276
EZE - OVR		Cabotaje	Comercial	276
EZE - OVR	American Jet	Cabotaje	Comercial	276
EZE - OVR	Fuerza Aérea Argentina	Cabotaje	Av. General	276
EZE - OVR	N/A	Cabotaje	Av. General	276
EZE - OVR	N/A	Cabotaje	Comercial	276
ARR - CRD		Cabotaje	Av. General	275
ARR - CRD		Cabotaje	Comercial	275
ARR - CRD	Fuerza Aérea Argentina	Cabotaje	Av. General	275
ARR - CRD	N/A	Cabotaje	Av. General	275
ARR - CRD	N/A	Cabotaje	Comercial	275
ASU - CNQ		Internacional	Av. General	275
ASU - CNQ		Internacional	Comercial	275
ASU - CNQ	Amaszonas	Internacional	Av. General	275
ASU - CNQ	Amaszonas	Internacional	Comercial	275
ASU - CNQ	Austral Líneas Aéreas	Internacional	Av. General	275
ASU - CNQ	Flyest	Internacional	Av. General	275
ASU - CNQ	Flyest	Internacional	Comercial	275
ASU - CNQ	Global Air Charter	Internacional	Av. General	275
ASU - CNQ	Jet Aviation	Internacional	Av. General	275
ASU - CNQ	N/A	Internacional	Av. General	275
ASU - CNQ	N/A	Internacional	Comercial	275
EPA - SST		Cabotaje	Av. General	275
EPA - SST	Gendarmería Nacional	Cabotaje	Av. General	275
OES - REL		Cabotaje	Av. General	274
OES - REL	Austral Líneas Aéreas	Cabotaje	Av. General	274
OES - REL	Ejército Argentino	Cabotaje	Av. General	274
OES - REL	N/A	Cabotaje	Av. General	274
OES - REL	N/A	Cabotaje	Comercial	274
OES - REL	Prefectura Naval Argentina	Cabotaje	Av. General	274
GHU - JNI	N/A	Cabotaje	Av. General	274
PMY - VDM		Cabotaje	Av. General	273
PMY - VDM		Cabotaje	Comercial	273
PMY - VDM	American Jet	Cabotaje	Comercial	273
PMY - VDM	Ejército Argentino	Cabotaje	Av. General	273
PMY - VDM	Fuerza Aérea Argentina	Cabotaje	Av. General	273
PMY - VDM	LADE - Líneas Aéreas Del Estado	Cabotaje	Av. General	273
PMY - VDM	LADE - Líneas Aéreas Del Estado	Cabotaje	Comercial	273
PMY - VDM	N/A	Cabotaje	Av. General	273
PMY - VDM	N/A	Cabotaje	Comercial	273
PMY - VDM	Prefectura Naval Argentina	Cabotaje	Av. General	273
JUJ - TUC		Cabotaje	Av. General	273
JUJ - TUC		Cabotaje	Comercial	273
JUJ - TUC	Aerolíneas Argentinas	Cabotaje	Comercial	273
JUJ - TUC	American Jet	Cabotaje	Av. General	273
JUJ - TUC	American Jet	Cabotaje	Comercial	273
JUJ - TUC	Andes Líneas Aéreas	Cabotaje	Comercial	273
JUJ - TUC	Armada Argentina	Cabotaje	Av. General	273
JUJ - TUC	Austral Líneas Aéreas	Cabotaje	Comercial	273
JUJ - TUC	Avianca	Cabotaje	Av. General	273
JUJ - TUC	Avianca	Cabotaje	Comercial	273
JUJ - TUC	Benair	Cabotaje	Av. General	273
JUJ - TUC	Ejército Argentino	Cabotaje	Av. General	273
JUJ - TUC	Flybondi	Cabotaje	Comercial	273
JUJ - TUC	Fuerza Aérea Argentina	Cabotaje	Av. General	273
JUJ - TUC	Gendarmería Nacional	Cabotaje	Av. General	273
JUJ - TUC	JetSMART Airlines	Cabotaje	Comercial	273
JUJ - TUC	Macair Jet	Cabotaje	Av. General	273
JUJ - TUC	Macair Jet	Cabotaje	Comercial	273
JUJ - TUC	N/A	Cabotaje	Av. General	273
JUJ - TUC	N/A	Cabotaje	Comercial	273
JUJ - TUC	Prefectura Naval Argentina	Cabotaje	Av. General	273
PDI - TDL	Armada Argentina	Cabotaje	Av. General	272
PDI - TDL	Fuerza Aérea Argentina	Cabotaje	Av. General	272
COC - SFN		Cabotaje	Av. General	271
COC - SFN		Cabotaje	Comercial	271
COC - SFN	N/A	Cabotaje	Av. General	271
COC - SFN	N/A	Cabotaje	Comercial	271
LUQ - UAQ		Cabotaje	Av. General	271
UAQ - VMA		Cabotaje	Av. General	271
LUQ - UAQ		Cabotaje	Comercial	271
UAQ - VMA		Cabotaje	Comercial	271
LUQ - UAQ	Aerolíneas Argentinas	Cabotaje	Comercial	271
LUQ - UAQ	Andes Líneas Aéreas	Cabotaje	Comercial	271
LUQ - UAQ	Austral Líneas Aéreas	Cabotaje	Comercial	271
LUQ - UAQ	Ejército Argentino	Cabotaje	Av. General	271
LUQ - UAQ	Fuerza Aérea Argentina	Cabotaje	Av. General	271
LUQ - UAQ	Macair Jet	Cabotaje	Av. General	271
LUQ - UAQ	Macair Jet	Cabotaje	Comercial	271
LUQ - UAQ	N/A	Cabotaje	Av. General	271
LUQ - UAQ	N/A	Cabotaje	Comercial	271
UAQ - VMA	N/A	Cabotaje	Comercial	271
MOR - SST		Cabotaje	Av. General	271
MOR - SST	N/A	Cabotaje	Av. General	271
MOR - SST	N/A	Cabotaje	Comercial	271
COC - OYA		Cabotaje	Av. General	271
COC - OYA		Cabotaje	Comercial	271
COC - OYA	N/A	Cabotaje	Av. General	271
COC - OYA	N/A	Cabotaje	Comercial	271
CNQ - UZU	N/A	Cabotaje	Av. General	270
SFN - STY	N/A	Internacional	Comercial	270
PDU - SFN	N/A	Internacional	Av. General	269
COC - DZO	N/A	Internacional	Av. General	269
AEP - SST		Cabotaje	Av. General	269
AEP - SST		Cabotaje	Comercial	269
AEP - SST	Avianca	Cabotaje	Comercial	269
AEP - SST	Gendarmería Nacional	Cabotaje	Av. General	269
AEP - SST	N/A	Cabotaje	Av. General	269
AEP - SST	N/A	Cabotaje	Comercial	269
JNI - OVR	N/A	Cabotaje	Av. General	269
BHI - OVR		Cabotaje	Av. General	267
BHI - OVR		Cabotaje	Comercial	267
BHI - OVR	Fuerza Aérea Argentina	Cabotaje	Av. General	267
BHI - OVR	N/A	Cabotaje	Av. General	267
BHI - OVR	N/A	Cabotaje	Comercial	267
FDO - ROS		Cabotaje	Av. General	267
FDO - ROS		Cabotaje	Comercial	267
FDO - ROS	Aerolíneas Argentinas	Cabotaje	Comercial	267
FDO - ROS	American Jet	Cabotaje	Av. General	267
FDO - ROS	American Jet	Cabotaje	Comercial	267
FDO - ROS	Ameriflight	Cabotaje	Av. General	267
FDO - ROS	Ameriflight	Cabotaje	Comercial	267
FDO - ROS	Avianca Uruguay	Cabotaje	Av. General	267
FDO - ROS	Avianca Uruguay	Cabotaje	Comercial	267
FDO - ROS	Ejército Argentino	Cabotaje	Av. General	267
FDO - ROS	Fuerza Aérea Argentina	Cabotaje	Av. General	267
FDO - ROS	Fuerza Aérea Uruguaya	Cabotaje	Av. General	267
FDO - ROS	Gendarmería Nacional	Cabotaje	Av. General	267
FDO - ROS	Gestair	Cabotaje	Av. General	267
FDO - ROS	Gestair	Cabotaje	Comercial	267
FDO - ROS	Interjet	Cabotaje	Av. General	267
FDO - ROS	Interjet	Cabotaje	Comercial	267
FDO - ROS	Jet Aviation	Cabotaje	Av. General	267
FDO - ROS	Línea Aérea SAPSA	Cabotaje	Av. General	267
FDO - ROS	Línea Aérea SAPSA	Cabotaje	Comercial	267
FDO - ROS	N/A	Cabotaje	Av. General	267
FDO - ROS	N/A	Cabotaje	Comercial	267
FDO - ROS	Prefectura Naval Argentina	Cabotaje	Av. General	267
FDO - ROS	Spanish Air Force	Cabotaje	Av. General	267
FDO - ROS	Sun Air	Cabotaje	Av. General	267
GPO - VME		Cabotaje	Av. General	265
GPO - VME		Cabotaje	Comercial	265
GPO - VME	Fuerza Aérea Argentina	Cabotaje	Av. General	265
GPO - VME	N/A	Cabotaje	Av. General	265
PUQ - USH		Internacional	Av. General	265
PUQ - USH		Internacional	Comercial	265
PUQ - USH	Aerovías DAP	Internacional	Av. General	265
PUQ - USH	Aerovías DAP	Internacional	Comercial	265
PUQ - USH	Almaty Aviation	Internacional	Comercial	265
PUQ - USH	Dasnair	Internacional	Av. General	265
PUQ - USH	LATAM	Internacional	Comercial	265
PUQ - USH	N/A	Internacional	Av. General	265
PUQ - USH	N/A	Internacional	Comercial	265
PUQ - USH	TAM Linhas Aéreas	Internacional	Comercial	265
NCJ - RCQ		Cabotaje	Av. General	264
NCJ - RCQ		Cabotaje	Comercial	264
NCJ - RCQ	Avianca	Cabotaje	Comercial	264
NCJ - RCQ	Macair Jet	Cabotaje	Av. General	264
NCJ - RCQ	Macair Jet	Cabotaje	Comercial	264
LPG - VLG	N/A	Cabotaje	Av. General	264
NCJ - RCQ	N/A	Cabotaje	Av. General	264
NCJ - RCQ	N/A	Cabotaje	Comercial	264
RGA - RGL		Cabotaje	Av. General	263
RGA - RGL		Cabotaje	Comercial	263
RGA - RGL	Aerolíneas Argentinas	Cabotaje	Comercial	263
RGA - RGL	Armada Argentina	Cabotaje	Av. General	263
RGA - RGL	Ejército Argentino	Cabotaje	Av. General	263
RGA - RGL	Fuerza Aérea Argentina	Cabotaje	Av. General	263
RGA - RGL	Gendarmería Nacional	Cabotaje	Av. General	263
RGA - RGL	LADE - Líneas Aéreas Del Estado	Cabotaje	Av. General	263
RGA - RGL	LADE - Líneas Aéreas Del Estado	Cabotaje	Comercial	263
RGA - RGL	Macair Jet	Cabotaje	Av. General	263
RGA - RGL	N/A	Cabotaje	Av. General	263
RGA - RGL	N/A	Cabotaje	Comercial	263
RGA - RGL	Prefectura Naval Argentina	Cabotaje	Av. General	263
PDU - ROS		Internacional	Av. General	262
PDU - ROS	N/A	Internacional	Av. General	262
ENO - ROS		Cabotaje	Av. General	261
ENO - ROS		Cabotaje	Comercial	261
ENO - ROS	Ejército Argentino	Cabotaje	Av. General	261
ENO - ROS	Fuerza Aérea Argentina	Cabotaje	Av. General	261
ENO - ROS	Gendarmería Nacional	Cabotaje	Av. General	261
ENO - ROS	N/A	Cabotaje	Av. General	261
MDQ - OVR		Cabotaje	Av. General	261
MDQ - OVR		Cabotaje	Comercial	261
MDQ - OVR	N/A	Cabotaje	Av. General	261
MDQ - OVR	N/A	Cabotaje	Comercial	261
MDQ - OVR	Prefectura Naval Argentina	Cabotaje	Av. General	261
BJO - SLA	N/A	Internacional	Av. General	261
ENO - FMA	N/A	Internacional	Av. General	260
MQD - NQN		Cabotaje	Av. General	260
FMA - PSS		Cabotaje	Av. General	260
FMA - PSS		Cabotaje	Comercial	260
FMA - PSS	Aerolíneas Argentinas	Cabotaje	Comercial	260
FMA - PSS	Ejército Argentino	Cabotaje	Av. General	260
FMA - PSS	Fuerza Aérea Argentina	Cabotaje	Av. General	260
FMA - PSS	Gendarmería Nacional	Cabotaje	Av. General	260
FMA - PSS	N/A	Cabotaje	Av. General	260
FMA - PSS	N/A	Cabotaje	Comercial	260
FMA - PSS	Prefectura Naval Argentina	Cabotaje	Av. General	260
LGS - SCL		Internacional	Av. General	259
LGS - SCL		Internacional	Comercial	259
LGS - SCL	ACM Air Charter	Internacional	Av. General	259
LGS - SCL	N/A	Internacional	Av. General	259
LGS - SCL	N/A	Internacional	Comercial	259
COR - NCJ		Cabotaje	Av. General	258
COR - NCJ		Cabotaje	Comercial	258
COR - NCJ	American Jet	Cabotaje	Av. General	258
COR - NCJ	American Jet	Cabotaje	Comercial	258
COR - NCJ	Fuerza Aérea Argentina	Cabotaje	Av. General	258
COR - NCJ	Interjet	Cabotaje	Av. General	258
COR - NCJ	Macair Jet	Cabotaje	Comercial	258
COR - NCJ	N/A	Cabotaje	Av. General	258
COR - NCJ	N/A	Cabotaje	Comercial	258
APZ - BRC		Cabotaje	Av. General	258
APZ - BRC		Cabotaje	Comercial	258
APZ - BRC	Ejército Argentino	Cabotaje	Av. General	258
APZ - BRC	Fuerza Aérea Argentina	Cabotaje	Av. General	258
APZ - BRC	N/A	Cabotaje	Av. General	258
APZ - BRC	N/A	Cabotaje	Comercial	258
COR - RAF		Cabotaje	Av. General	257
COR - RAF		Cabotaje	Comercial	257
COR - RAF	Interjet	Cabotaje	Av. General	257
COR - RAF	N/A	Cabotaje	Av. General	257
COR - RAF	N/A	Cabotaje	Comercial	257
CSZ - GPO	N/A	Cabotaje	Av. General	257
CRR - PRA		Cabotaje	Av. General	253
CRR - PRA	Gendarmería Nacional	Cabotaje	Av. General	253
CRR - PRA	N/A	Cabotaje	Av. General	253
CRR - PRA	N/A	Cabotaje	Comercial	253
GHU - SFN		Cabotaje	Av. General	252
GHU - SFN		Cabotaje	Comercial	252
GHU - SFN	Ejército Argentino	Cabotaje	Av. General	252
GHU - SFN	Macair Jet	Cabotaje	Comercial	252
GHU - SFN	N/A	Cabotaje	Av. General	252
GHU - SFN	N/A	Cabotaje	Comercial	252
LGS - YAI		Internacional	Av. General	252
LGS - YAI	N/A	Internacional	Av. General	252
EZE - SST		Cabotaje	Comercial	252
EZE - SST	N/A	Cabotaje	Av. General	252
EZE - SST	N/A	Cabotaje	Comercial	252
KNA - MDZ	N/A	Internacional	Av. General	251
KNA - MDZ	N/A	Internacional	Comercial	251
KNA - MDZ	Sun Air	Internacional	Av. General	251
AOL - RCQ	Gendarmería Nacional	Cabotaje	Av. General	251
BRC - MHC	N/A	Internacional	Av. General	250
BRC - MHC	N/A	Internacional	Comercial	250
FTE - RZA		Cabotaje	Av. General	250
FTE - RZA		Cabotaje	Comercial	250
FTE - RZA	Ejército Argentino	Cabotaje	Av. General	250
FTE - RZA	Gendarmería Nacional	Cabotaje	Av. General	250
FTE - RZA	LADE - Líneas Aéreas Del Estado	Cabotaje	Av. General	250
FTE - RZA	LADE - Líneas Aéreas Del Estado	Cabotaje	Comercial	250
FTE - RZA	N/A	Cabotaje	Av. General	250
FTE - RZA	N/A	Cabotaje	Comercial	250
BHI - VDM		Cabotaje	Av. General	249
BHI - VDM		Cabotaje	Comercial	249
BHI - VDM	Aerolíneas Argentinas	Cabotaje	Comercial	249
BHI - VDM	AirTanker Services	Cabotaje	Comercial	249
BHI - VDM	American Jet	Cabotaje	Av. General	249
BHI - VDM	American Jet	Cabotaje	Comercial	249
BHI - VDM	Armada Argentina	Cabotaje	Av. General	249
BHI - VDM	Austral Líneas Aéreas	Cabotaje	Comercial	249
BHI - VDM	Ejército Argentino	Cabotaje	Av. General	249
BHI - VDM	Fuerza Aérea Argentina	Cabotaje	Av. General	249
BHI - VDM	Gendarmería Nacional	Cabotaje	Av. General	249
BHI - VDM	LADE - Líneas Aéreas Del Estado	Cabotaje	Av. General	249
BHI - VDM	N/A	Cabotaje	Av. General	249
BHI - VDM	N/A	Cabotaje	Comercial	249
BHI - VDM	Prefectura Naval Argentina	Cabotaje	Av. General	249
DZO - EZE		Internacional	Av. General	249
DZO - EZE		Internacional	Comercial	249
DZO - EZE	N/A	Internacional	Av. General	249
DZO - EZE	N/A	Internacional	Comercial	249
IGU - PSS		Internacional	Av. General	248
IGU - PSS		Internacional	Comercial	248
IGU - PSS	Bell Helicopter Textron	Internacional	Av. General	248
IGU - PSS	Ecocopter SA	Internacional	Av. General	248
IGU - PSS	N/A	Internacional	Av. General	248
IGU - PSS	N/A	Internacional	Comercial	248
IGU - PSS	Sirio	Internacional	Av. General	248
CRD - PUD		Cabotaje	Av. General	248
CRD - PUD		Cabotaje	Comercial	248
CRD - PUD	Aerocardal	Cabotaje	Av. General	248
CRD - PUD	Aerocardal	Cabotaje	Comercial	248
CRD - PUD	American Jet	Cabotaje	Comercial	248
CRD - PUD	Armada Argentina	Cabotaje	Av. General	248
CRD - PUD	Ejército Argentino	Cabotaje	Av. General	248
CRD - PUD	Gendarmería Nacional	Cabotaje	Av. General	248
CRD - PUD	N/A	Cabotaje	Av. General	248
CRD - PUD	N/A	Cabotaje	Comercial	248
CRD - PUD	Prefectura Naval Argentina	Cabotaje	Av. General	248
AEP - PDU	American Jet	Internacional	Av. General	247
AEP - PDU	American Jet	Internacional	Comercial	247
AEP - PDU	N/A	Internacional	Av. General	247
AEP - PDU	N/A	Internacional	Comercial	247
MDQ - OYO		Cabotaje	Av. General	246
MDQ - OYO		Cabotaje	Comercial	246
MDQ - OYO	N/A	Cabotaje	Av. General	246
MDQ - OYO	N/A	Cabotaje	Comercial	246
HOS - NQN		Cabotaje	Av. General	246
HOS - NQN		Cabotaje	Comercial	246
HOS - NQN	American Jet	Cabotaje	Av. General	246
HOS - NQN	American Jet	Cabotaje	Comercial	246
HOS - NQN	Ejército Argentino	Cabotaje	Av. General	246
HOS - NQN	Fuerza Aérea Argentina	Cabotaje	Av. General	246
HOS - NQN	Gendarmería Nacional	Cabotaje	Av. General	246
HOS - NQN	N/A	Cabotaje	Av. General	246
HOS - NQN	N/A	Cabotaje	Comercial	246
PMY - VCF		Cabotaje	Comercial	245
FTE - RGL		Cabotaje	Av. General	243
FTE - RGL		Cabotaje	Comercial	243
FTE - RGL	Aerolíneas Argentinas	Cabotaje	Comercial	243
FTE - RGL	Aerovías DAP	Cabotaje	Av. General	243
FTE - RGL	Aerovías DAP	Cabotaje	Comercial	243
FTE - RGL	American Jet	Cabotaje	Comercial	243
FTE - RGL	Armada Argentina	Cabotaje	Av. General	243
FTE - RGL	Austral Líneas Aéreas	Cabotaje	Comercial	243
FTE - RGL	DAP Helicopteros	Cabotaje	Av. General	243
FTE - RGL	DAP Helicopteros	Cabotaje	Comercial	243
FTE - RGL	Ejército Argentino	Cabotaje	Av. General	243
FTE - RGL	Fuerza Aérea Argentina	Cabotaje	Av. General	243
FTE - RGL	Gendarmería Nacional	Cabotaje	Av. General	243
FTE - RGL	LADE - Líneas Aéreas Del Estado	Cabotaje	Av. General	243
FTE - RGL	LADE - Líneas Aéreas Del Estado	Cabotaje	Comercial	243
FTE - RGL	LATAM Argentina	Cabotaje	Comercial	243
FTE - RGL	N/A	Cabotaje	Av. General	243
FTE - RGL	N/A	Cabotaje	Comercial	243
FTE - RGL	Prefectura Naval Argentina	Cabotaje	Av. General	243
AGT - PSS		Internacional	Av. General	242
AGT - PSS		Internacional	Comercial	242
AGT - PSS	Aero Regional Paraguaya	Internacional	Av. General	242
AGT - PSS	N/A	Internacional	Av. General	242
AGT - PSS	N/A	Internacional	Comercial	242
COC - PRA		Cabotaje	Av. General	242
COC - PRA		Cabotaje	Comercial	242
COC - PRA	Ejército Argentino	Cabotaje	Av. General	242
COC - PRA	Fuerza Aérea Argentina	Cabotaje	Av. General	242
COC - PRA	Gendarmería Nacional	Cabotaje	Av. General	242
COC - PRA	N/A	Cabotaje	Av. General	242
COC - PRA	N/A	Cabotaje	Comercial	242
PRA - STY		Internacional	Av. General	240
PRA - STY	N/A	Internacional	Comercial	240
DZO - EPA	Fuerza Aérea Uruguaya	Internacional	Av. General	240
AFA - LUQ		Cabotaje	Av. General	239
AFA - VMA		Cabotaje	Av. General	239
AFA - LUQ		Cabotaje	Comercial	239
AFA - LUQ	Aerolíneas Argentinas	Cabotaje	Comercial	239
AFA - LUQ	Austral Líneas Aéreas	Cabotaje	Comercial	239
AFA - LUQ	Ejército Argentino	Cabotaje	Av. General	239
AFA - LUQ	Fuerza Aérea Argentina	Cabotaje	Av. General	239
AFA - LUQ	N/A	Cabotaje	Av. General	239
AFA - VMA	N/A	Cabotaje	Av. General	239
AFA - LUQ	N/A	Cabotaje	Comercial	239
FDO - MVD		Internacional	Av. General	238
FDO - MVD		Internacional	Comercial	238
FDO - MVD	Aerocardal	Internacional	Av. General	238
FDO - MVD	American Jet	Internacional	Av. General	238
FDO - MVD	American Jet	Internacional	Comercial	238
FDO - MVD	Ameriflight	Internacional	Av. General	238
FDO - MVD	Ameriflight	Internacional	Comercial	238
FDO - MVD	Austral Líneas Aéreas	Internacional	Av. General	238
FDO - MVD	Avianca Uruguay	Internacional	Av. General	238
FDO - MVD	Avianca Uruguay	Internacional	Comercial	238
FDO - MVD	Bell Helicopter Textron	Internacional	Av. General	238
FDO - MVD	Benair	Internacional	Av. General	238
FDO - MVD	Fuerza Aérea Argentina	Internacional	Av. General	238
FDO - MVD	Fuerza Aérea Paraguaya	Internacional	Av. General	238
FDO - MVD	Fuerza Aérea Uruguaya	Internacional	Av. General	238
FDO - MVD	Gestair	Internacional	Av. General	238
FDO - MVD	Interjet	Internacional	Av. General	238
FDO - MVD	LATAM Cargo Uruguay	Internacional	Av. General	238
FDO - MVD	LATAM Cargo Uruguay	Internacional	Comercial	238
FDO - MVD	Línea Aérea SAPSA	Internacional	Av. General	238
FDO - MVD	Línea Aérea SAPSA	Internacional	Comercial	238
FDO - MVD	N/A	Internacional	Av. General	238
FDO - MVD	N/A	Internacional	Comercial	238
JUJ - TTG		Cabotaje	Av. General	238
JUJ - TTG		Cabotaje	Comercial	238
JUJ - TTG	American Jet	Cabotaje	Comercial	238
JUJ - TTG	Armada Argentina	Cabotaje	Av. General	238
JUJ - TTG	Ejército Argentino	Cabotaje	Av. General	238
JUJ - TTG	Fuerza Aérea Argentina	Cabotaje	Av. General	238
JUJ - TTG	Gendarmería Nacional	Cabotaje	Av. General	238
JUJ - TTG	N/A	Cabotaje	Av. General	238
JUJ - TTG	Prefectura Naval Argentina	Cabotaje	Av. General	238
FDO - PDU		Internacional	Av. General	238
FDO - PDU		Internacional	Comercial	238
FDO - PDU	American Jet	Internacional	Av. General	238
FDO - PDU	American Jet	Internacional	Comercial	238
FDO - PDU	Ameriflight	Internacional	Av. General	238
FDO - PDU	Ameriflight	Internacional	Comercial	238
FDO - PDU	Avianca Uruguay	Internacional	Av. General	238
FDO - PDU	Fuerza Aérea Uruguaya	Internacional	Av. General	238
FDO - PDU	Línea Aérea SAPSA	Internacional	Av. General	238
FDO - PDU	Línea Aérea SAPSA	Internacional	Comercial	238
FDO - PDU	N/A	Internacional	Av. General	238
FDO - PDU	N/A	Internacional	Comercial	238
EPA - MVD	Fuerza Aérea Argentina	Internacional	Av. General	238
EPA - MVD	Fuerza Aérea Uruguaya	Internacional	Av. General	238
EPA - MVD	JetSMART Airlines	Internacional	Comercial	238
MDZ - QRC		Internacional	Av. General	237
MDZ - QRC	N/A	Internacional	Av. General	237
PDU - PRA	N/A	Internacional	Av. General	237
CSZ - TDL		Cabotaje	Av. General	237
CSZ - TDL	Fuerza Aérea Argentina	Cabotaje	Av. General	237
CSZ - TDL	N/A	Cabotaje	Av. General	237
IGR - PSS		Cabotaje	Av. General	236
IGR - PSS		Cabotaje	Comercial	236
IGR - PSS	Aerolíneas Argentinas	Cabotaje	Comercial	236
IGR - PSS	Austral Líneas Aéreas	Cabotaje	Comercial	236
IGR - PSS	Bell Helicopter Textron	Cabotaje	Av. General	236
IGR - PSS	Ejército Argentino	Cabotaje	Av. General	236
IGR - PSS	Flybondi	Cabotaje	Comercial	236
IGR - PSS	Fuerza Aérea Argentina	Cabotaje	Av. General	236
IGR - PSS	Gendarmería Nacional	Cabotaje	Av. General	236
IGR - PSS	JetSMART Airlines	Cabotaje	Comercial	236
IGR - PSS	LATAM Argentina	Cabotaje	Comercial	236
IGR - PSS	LATAM Cargo Uruguay	Cabotaje	Av. General	236
IGR - PSS	N/A	Cabotaje	Av. General	236
IGR - PSS	N/A	Cabotaje	Comercial	236
IGR - PSS	Prefectura Naval Argentina	Cabotaje	Av. General	236
SST - TDL	N/A	Cabotaje	Av. General	236
ARR - EQS		Cabotaje	Av. General	236
ARR - EQS		Cabotaje	Comercial	236
BRC - FFU	N/A	Internacional	Comercial	234
BRC - ZAL	N/A	Internacional	Av. General	234
LCM - RCU		Cabotaje	Av. General	233
LCM - RCU		Cabotaje	Comercial	233
LCM - RCU	N/A	Cabotaje	Av. General	233
LCM - RCU	N/A	Cabotaje	Comercial	233
CSZ - RSA		Cabotaje	Av. General	233
CSZ - RSA	Ejército Argentino	Cabotaje	Av. General	233
CSZ - RSA	N/A	Cabotaje	Av. General	233
LUQ - MDZ		Cabotaje	Av. General	233
MDZ - VMA		Cabotaje	Av. General	233
LUQ - MDZ		Cabotaje	Comercial	233
MDZ - VMA		Cabotaje	Comercial	233
LUQ - MDZ	Aerolíneas Argentinas	Cabotaje	Comercial	233
LUQ - MDZ	American Jet	Cabotaje	Av. General	233
LUQ - MDZ	American Jet	Cabotaje	Comercial	233
LUQ - MDZ	Andes Líneas Aéreas	Cabotaje	Comercial	233
LUQ - MDZ	Austral Líneas Aéreas	Cabotaje	Comercial	233
LUQ - MDZ	Bell Helicopter Textron	Cabotaje	Av. General	233
LUQ - MDZ	Ecocopter SA	Cabotaje	Av. General	233
LUQ - MDZ	Ejército Argentino	Cabotaje	Av. General	233
LUQ - MDZ	Firefly	Cabotaje	Av. General	233
LUQ - MDZ	Fuerza Aérea Argentina	Cabotaje	Av. General	233
MDZ - VMA	Macair Jet	Cabotaje	Comercial	233
LUQ - MDZ	N/A	Cabotaje	Av. General	233
MDZ - VMA	N/A	Cabotaje	Av. General	233
LUQ - MDZ	N/A	Cabotaje	Comercial	233
MDZ - VMA	N/A	Cabotaje	Comercial	233
FMA - PRQ		Cabotaje	Av. General	233
FMA - PRQ	N/A	Cabotaje	Av. General	233
FMA - PRQ	N/A	Cabotaje	Comercial	233
PEH - RSA		Cabotaje	Av. General	232
PEH - RSA	N/A	Cabotaje	Av. General	232
PEH - RSA	N/A	Cabotaje	Comercial	232
COC - MDX		Cabotaje	Av. General	231
COC - MDX	Ejército Argentino	Cabotaje	Av. General	231
COC - MDX	Fuerza Aérea Argentina	Cabotaje	Av. General	231
COC - MDX	Macair Jet	Cabotaje	Comercial	231
COC - MDX	N/A	Cabotaje	Av. General	231
COC - MDX	N/A	Cabotaje	Comercial	231
COC - MDX	Prefectura Naval Argentina	Cabotaje	Av. General	231
AEP - JNI		Cabotaje	Av. General	231
AEP - JNI		Cabotaje	Comercial	231
AEP - JNI	Aerolíneas Argentinas	Cabotaje	Comercial	231
AEP - JNI	Fuerza Aérea Argentina	Cabotaje	Av. General	231
AEP - JNI	N/A	Cabotaje	Av. General	231
AEP - JNI	N/A	Cabotaje	Comercial	231
MCS - RCQ	Ejército Argentino	Cabotaje	Av. General	230
MCS - RCQ	Fuerza Aérea Argentina	Cabotaje	Av. General	230
MCS - RCQ	N/A	Cabotaje	Av. General	230
EQS - PMC		Internacional	Av. General	230
EQS - PMC	N/A	Internacional	Av. General	230
CRR - SFN		Cabotaje	Av. General	229
CRR - SFN	N/A	Cabotaje	Av. General	229
EZE - MVD		Internacional	Av. General	229
EZE - MVD		Internacional	Comercial	229
EZE - MVD	Aerolíneas Argentinas	Internacional	Comercial	229
EZE - MVD	Aeroméxico	Internacional	Comercial	229
EZE - MVD	Air Europa	Internacional	Comercial	229
EZE - MVD	Air France	Internacional	Comercial	229
EZE - MVD	Alitalia	Internacional	Comercial	229
EZE - MVD	Amaszonas	Internacional	Av. General	229
EZE - MVD	Amaszonas	Internacional	Comercial	229
EZE - MVD	American Airlines	Internacional	Comercial	229
EZE - MVD	American Jet	Internacional	Av. General	229
EZE - MVD	American Jet	Internacional	Comercial	229
EZE - MVD	Andes Líneas Aéreas	Internacional	Comercial	229
EZE - MVD	Atlas Air	Internacional	Comercial	229
EZE - MVD	Austral Líneas Aéreas	Internacional	Comercial	229
EZE - MVD	Avianca	Internacional	Av. General	229
EZE - MVD	Avianca	Internacional	Comercial	229
EZE - MVD	Avianca Cargo	Internacional	Comercial	229
EZE - MVD	Avianca Costa Rica	Internacional	Comercial	229
EZE - MVD	Avianca Perú	Internacional	Comercial	229
EZE - MVD	Avianca Uruguay	Internacional	Av. General	229
EZE - MVD	Avianca Uruguay	Internacional	Comercial	229
EZE - MVD	Azul Linhas Aéreas Brasileiras	Internacional	Comercial	229
EZE - MVD	BETA - Brazilian Express Transportes Aéreos	Internacional	Comercial	229
EZE - MVD	British Airways	Internacional	Comercial	229
EZE - MVD	Centurion Air Cargo	Internacional	Comercial	229
EZE - MVD	Chief of Staff, United States Air Force	Internacional	Av. General	229
EZE - MVD	Copa Airlines	Internacional	Comercial	229
EZE - MVD	Delta Air Lines	Internacional	Comercial	229
EZE - MVD	Eastern Air Lines	Internacional	Comercial	229
EZE - MVD	Emirates Airline	Internacional	Comercial	229
EZE - MVD	Ethiopian Airlines	Internacional	Comercial	229
EZE - MVD	Florida West International Airways	Internacional	Comercial	229
EZE - MVD	Flyest	Internacional	Comercial	229
EZE - MVD	Fuerza Aérea Uruguaya	Internacional	Av. General	229
EZE - MVD	Gestair	Internacional	Comercial	229
EZE - MVD	Gol Transportes Aéreos	Internacional	Comercial	229
EZE - MVD	Iberia Airlines	Internacional	Comercial	229
EZE - MVD	ITA Airways	Internacional	Comercial	229
EZE - MVD	JetSMART Airlines	Internacional	Comercial	229
EZE - MVD	Kalitta Air	Internacional	Comercial	229
EZE - MVD	KLM	Internacional	Comercial	229
EZE - MVD	LATAM	Internacional	Av. General	229
EZE - MVD	LATAM	Internacional	Comercial	229
EZE - MVD	LATAM Argentina	Internacional	Comercial	229
EZE - MVD	LATAM Cargo Uruguay	Internacional	Av. General	229
EZE - MVD	LATAM Cargo Uruguay	Internacional	Comercial	229
EZE - MVD	LATAM Ecuador	Internacional	Comercial	229
EZE - MVD	LATAM Paraguay	Internacional	Comercial	229
EZE - MVD	LATAM Perú	Internacional	Comercial	229
EZE - MVD	Líneas Aéreas Suramericanas	Internacional	Comercial	229
EZE - MVD	Lufthansa	Internacional	Comercial	229
EZE - MVD	Lufthansa Cargo	Internacional	Comercial	229
EZE - MVD	Martinair	Internacional	Comercial	229
EZE - MVD	N/A	Internacional	Av. General	229
EZE - MVD	N/A	Internacional	Comercial	229
EZE - MVD	NetJets	Internacional	Av. General	229
EZE - MVD	Norwegian Air Shuttle	Internacional	Comercial	229
EZE - MVD	Omniflys	Internacional	Av. General	229
EZE - MVD	Phoenix Air Group	Internacional	Comercial	229
EZE - MVD	Qatar Airways	Internacional	Comercial	229
EZE - MVD	Qatar Executive	Internacional	Av. General	229
EZE - MVD	Sky Airline	Internacional	Comercial	229
EZE - MVD	SkyLease Cargo	Internacional	Comercial	229
EZE - MVD	Swiftair	Internacional	Comercial	229
EZE - MVD	TAG Aviation Espana	Internacional	Comercial	229
EZE - MVD	TAG Aviation UK	Internacional	Av. General	229
EZE - MVD	TAM Linhas Aéreas	Internacional	Comercial	229
EZE - MVD	Titan Airways	Internacional	Av. General	229
EZE - MVD	Titan Airways	Internacional	Comercial	229
EZE - MVD	Tyrolean Jet Services	Internacional	Av. General	229
EZE - MVD	United Airlines	Internacional	Comercial	229
EZE - MVD	United Parcel Service	Internacional	Comercial	229
DZO - FDO		Internacional	Av. General	228
DZO - FDO		Internacional	Comercial	228
DZO - FDO	Fuerza Aérea Uruguaya	Internacional	Av. General	228
DZO - FDO	N/A	Internacional	Av. General	228
DZO - FDO	N/A	Internacional	Comercial	228
GHU - LPG	N/A	Cabotaje	Av. General	228
NCJ - ROS		Cabotaje	Av. General	228
NCJ - ROS		Cabotaje	Comercial	228
NCJ - ROS	American Jet	Cabotaje	Comercial	228
NCJ - ROS	Fuerza Aérea Argentina	Cabotaje	Av. General	228
NCJ - ROS	Fuerza Aérea Uruguaya	Cabotaje	Av. General	228
NCJ - ROS	Interjet	Cabotaje	Av. General	228
NCJ - ROS	Interjet	Cabotaje	Comercial	228
NCJ - ROS	N/A	Cabotaje	Av. General	228
NCJ - ROS	N/A	Cabotaje	Comercial	228
ENO - IGR		Internacional	Comercial	225
ENO - IGR	N/A	Internacional	Av. General	225
ENO - IGR	N/A	Internacional	Comercial	225
HOS - LGS		Cabotaje	Av. General	225
HOS - LGS	American Jet	Cabotaje	Comercial	225
HOS - LGS	Ejército Argentino	Cabotaje	Av. General	225
HOS - LGS	N/A	Cabotaje	Av. General	225
CRR - RCQ		Cabotaje	Av. General	224
CRR - RCQ		Cabotaje	Comercial	224
CRR - RCQ	N/A	Cabotaje	Av. General	224
SLA - TUC		Cabotaje	Av. General	224
SLA - TUC		Cabotaje	Comercial	224
SLA - TUC	Aerocardal	Cabotaje	Av. General	224
SLA - TUC	Aerolíneas Argentinas	Cabotaje	Av. General	224
SLA - TUC	Aerolíneas Argentinas	Cabotaje	Comercial	224
SLA - TUC	Aerovitro	Cabotaje	Av. General	224
SLA - TUC	American Jet	Cabotaje	Av. General	224
SLA - TUC	American Jet	Cabotaje	Comercial	224
SLA - TUC	Andes Líneas Aéreas	Cabotaje	Av. General	224
SLA - TUC	Andes Líneas Aéreas	Cabotaje	Comercial	224
SLA - TUC	Austral Líneas Aéreas	Cabotaje	Comercial	224
SLA - TUC	Avianca	Cabotaje	Av. General	224
SLA - TUC	Avianca	Cabotaje	Comercial	224
SLA - TUC	Bell Helicopter Textron	Cabotaje	Av. General	224
SLA - TUC	Ejército Argentino	Cabotaje	Av. General	224
SLA - TUC	Flybondi	Cabotaje	Comercial	224
SLA - TUC	Fuerza Aérea Argentina	Cabotaje	Av. General	224
SLA - TUC	Fuerza Aérea Uruguaya	Cabotaje	Av. General	224
SLA - TUC	Gendarmería Nacional	Cabotaje	Av. General	224
SLA - TUC	Helicol	Cabotaje	Av. General	224
SLA - TUC	JetSMART Airlines	Cabotaje	Comercial	224
SLA - TUC	LATAM Argentina	Cabotaje	Comercial	224
SLA - TUC	LATAM Perú	Cabotaje	Comercial	224
SLA - TUC	Línea Aérea SAPSA	Cabotaje	Av. General	224
SLA - TUC	Macair Jet	Cabotaje	Av. General	224
SLA - TUC	Macair Jet	Cabotaje	Comercial	224
SLA - TUC	N/A	Cabotaje	Av. General	224
SLA - TUC	N/A	Cabotaje	Comercial	224
SLA - TUC	NetJets	Cabotaje	Av. General	224
CPC - PMC	N/A	Internacional	Av. General	224
OES - PMY		Cabotaje	Av. General	224
OES - PMY		Cabotaje	Comercial	224
OES - PMY	AirTanker Services	Cabotaje	Comercial	224
OES - PMY	Línea Aérea SAPSA	Cabotaje	Comercial	224
OES - PMY	N/A	Cabotaje	Av. General	224
OES - PMY	N/A	Cabotaje	Comercial	224
PUQ - RGA		Internacional	Comercial	223
PUQ - RGA	N/A	Internacional	Av. General	223
PUQ - RGA	N/A	Internacional	Comercial	223
ORA - SLA		Cabotaje	Av. General	223
ORA - SLA		Cabotaje	Comercial	223
ORA - SLA	American Jet	Cabotaje	Av. General	223
ORA - SLA	Ameriflight	Cabotaje	Av. General	223
ORA - SLA	Ejército Argentino	Cabotaje	Av. General	223
ORA - SLA	Gendarmería Nacional	Cabotaje	Av. General	223
ORA - SLA	N/A	Cabotaje	Av. General	223
ORA - SLA	N/A	Cabotaje	Comercial	223
PNT - RGL		Internacional	Av. General	222
PNT - RGL		Internacional	Comercial	222
PNT - RGL	N/A	Internacional	Av. General	222
PNT - RGL	N/A	Internacional	Comercial	222
AEP - DZO		Internacional	Comercial	222
AEP - DZO	Fuerza Aérea Uruguaya	Internacional	Av. General	222
AEP - DZO	Macair Jet	Internacional	Av. General	222
AEP - DZO	N/A	Internacional	Av. General	222
AEP - DZO	N/A	Internacional	Comercial	222
GHU - PRA		Cabotaje	Av. General	222
GHU - PRA		Cabotaje	Comercial	222
GHU - PRA	Fuerza Aérea Argentina	Cabotaje	Av. General	222
GHU - PRA	Gendarmería Nacional	Cabotaje	Av. General	222
GHU - PRA	N/A	Cabotaje	Av. General	222
GHU - PRA	N/A	Cabotaje	Comercial	222
EZE - JNI		Cabotaje	Comercial	221
EZE - JNI	Aerolíneas Argentinas	Cabotaje	Comercial	221
EZE - JNI	N/A	Cabotaje	Av. General	221
EZE - JNI	N/A	Cabotaje	Comercial	221
AEP - MVD		Internacional	Av. General	220
AEP - MVD		Internacional	Comercial	220
AEP - MVD	Aerolíneas Argentinas	Internacional	Comercial	220
AEP - MVD	Alas Uruguay	Internacional	Comercial	220
AEP - MVD	Amaszonas	Internacional	Comercial	220
AEP - MVD	American Jet	Internacional	Av. General	220
AEP - MVD	American Jet	Internacional	Comercial	220
AEP - MVD	Andes Líneas Aéreas	Internacional	Comercial	220
AEP - MVD	Austral Líneas Aéreas	Internacional	Comercial	220
AEP - MVD	Avianca	Internacional	Comercial	220
AEP - MVD	Avianca Uruguay	Internacional	Av. General	220
AEP - MVD	Avianca Uruguay	Internacional	Comercial	220
AEP - MVD	Benair	Internacional	Av. General	220
AEP - MVD	BQB Líneas Aéreas	Internacional	Comercial	220
AEP - MVD	Brazilian Air Force	Internacional	Comercial	220
AEP - MVD	Chief of Staff, United States Air Force	Internacional	Av. General	220
AEP - MVD	Ejército Argentino	Internacional	Av. General	220
AEP - MVD	Flybondi	Internacional	Comercial	220
AEP - MVD	Flyest	Internacional	Comercial	220
AEP - MVD	Fuerza Aérea Argentina	Internacional	Av. General	220
AEP - MVD	Fuerza Aérea Brasilera	Internacional	Av. General	220
AEP - MVD	Fuerza Aérea Paraguaya	Internacional	Av. General	220
AEP - MVD	Fuerza Aérea Uruguaya	Internacional	Av. General	220
AEP - MVD	Gestair	Internacional	Av. General	220
AEP - MVD	Gestair	Internacional	Comercial	220
AEP - MVD	Gol Transportes Aéreos	Internacional	Comercial	220
AEP - MVD	Jet Aviation	Internacional	Comercial	220
AEP - MVD	JetSMART Airlines	Internacional	Comercial	220
AEP - MVD	LATAM	Internacional	Comercial	220
AEP - MVD	LATAM Argentina	Internacional	Comercial	220
AEP - MVD	LATAM Cargo Uruguay	Internacional	Comercial	220
AEP - MVD	LATAM Perú	Internacional	Comercial	220
AEP - MVD	Línea Aérea SAPSA	Internacional	Av. General	220
AEP - MVD	Línea Aérea SAPSA	Internacional	Comercial	220
AEP - MVD	Macair Jet	Internacional	Av. General	220
AEP - MVD	Macair Jet	Internacional	Comercial	220
AEP - MVD	N/A	Internacional	Av. General	220
AEP - MVD	N/A	Internacional	Comercial	220
AEP - MVD	Prefectura Naval Argentina	Internacional	Av. General	220
AEP - MVD	Sky Airline	Internacional	Comercial	220
AEP - MVD	SOL Líneas Aéreas	Internacional	Comercial	220
AEP - MVD	TAM Linhas Aéreas	Internacional	Comercial	220
AEP - MVD	Uair	Internacional	Av. General	220
LGS - RDS		Cabotaje	Av. General	220
LGS - RDS	American Jet	Cabotaje	Comercial	220
EQS - IGB		Cabotaje	Av. General	219
EQS - IGB	N/A	Cabotaje	Av. General	219
EQS - IGB	N/A	Cabotaje	Comercial	219
MDX - RES		Cabotaje	Av. General	219
MDX - RES	Ameriflight	Cabotaje	Comercial	219
MDX - RES	Ejército Argentino	Cabotaje	Av. General	219
MDX - RES	Fuerza Aérea Argentina	Cabotaje	Av. General	219
MDX - RES	Fuerza Aérea Brasilera	Cabotaje	Av. General	219
MDX - RES	Fuerza Aérea Uruguaya	Cabotaje	Av. General	219
MDX - RES	N/A	Cabotaje	Av. General	219
MDX - RES	N/A	Cabotaje	Comercial	219
CPC - EMX		Cabotaje	Av. General	218
BRC - ZPC		Internacional	Av. General	217
BRC - ZPC		Internacional	Comercial	217
BRC - ZPC	Israel Aircraft Industries	Internacional	Av. General	217
BRC - ZPC	N/A	Internacional	Av. General	217
BRC - ZPC	N/A	Internacional	Comercial	217
CRD - ROY		Cabotaje	Av. General	216
CRD - ROY	Ejército Argentino	Cabotaje	Av. General	216
CRD - ROY	Fuerza Aérea Argentina	Cabotaje	Av. General	216
CRD - ROY	LADE - Líneas Aéreas Del Estado	Cabotaje	Av. General	216
CRD - ROY	LADE - Líneas Aéreas Del Estado	Cabotaje	Comercial	216
CRD - ROY	N/A	Cabotaje	Av. General	216
CRD - ROY	N/A	Cabotaje	Comercial	216
CNQ - RCQ		Cabotaje	Av. General	216
CNQ - RCQ		Cabotaje	Comercial	216
CNQ - RCQ	Ejército Argentino	Cabotaje	Av. General	216
CNQ - RCQ	Fuerza Aérea Argentina	Cabotaje	Av. General	216
CNQ - RCQ	Gendarmería Nacional	Cabotaje	Av. General	216
CNQ - RCQ	N/A	Cabotaje	Av. General	216
CNQ - RCQ	N/A	Cabotaje	Comercial	216
CNQ - RCQ	Prefectura Naval Argentina	Cabotaje	Av. General	216
FTE - GGS		Cabotaje	Comercial	216
FTE - GGS	N/A	Cabotaje	Comercial	216
NEC - OVR	N/A	Cabotaje	Av. General	216
FDO - JNI		Cabotaje	Av. General	215
FDO - JNI		Cabotaje	Comercial	215
FDO - JNI	N/A	Cabotaje	Av. General	215
FDO - JNI	N/A	Cabotaje	Comercial	215
MJR - SST	N/A	Cabotaje	Av. General	213
EPA - JNI		Cabotaje	Comercial	213
EPA - JNI	N/A	Cabotaje	Av. General	213
SGV - VDM		Cabotaje	Comercial	212
AOL - OYA		Cabotaje	Av. General	211
CPC - EHL		Cabotaje	Av. General	211
CPC - EHL		Cabotaje	Comercial	211
CPC - EHL	AeroSur	Cabotaje	Av. General	211
CPC - EHL	N/A	Cabotaje	Av. General	211
JNI - MOR		Cabotaje	Av. General	210
JNI - MOR	N/A	Cabotaje	Av. General	210
NEC - VLG	N/A	Cabotaje	Av. General	210
CNQ - MDX		Cabotaje	Av. General	208
CNQ - MDX		Cabotaje	Comercial	208
CNQ - MDX	Ameriflight	Cabotaje	Av. General	208
CNQ - MDX	Fuerza Aérea Argentina	Cabotaje	Av. General	208
CNQ - MDX	Gendarmería Nacional	Cabotaje	Av. General	208
CNQ - MDX	N/A	Cabotaje	Av. General	208
CNQ - MDX	N/A	Cabotaje	Comercial	208
CNQ - MDX	Prefectura Naval Argentina	Cabotaje	Av. General	208
CTC - TUC		Cabotaje	Av. General	205
CTC - TUC		Cabotaje	Comercial	205
CTC - TUC	Aerolíneas Argentinas	Cabotaje	Comercial	205
CTC - TUC	American Jet	Cabotaje	Av. General	205
CTC - TUC	American Jet	Cabotaje	Comercial	205
CTC - TUC	Andes Líneas Aéreas	Cabotaje	Comercial	205
CTC - TUC	Austral Líneas Aéreas	Cabotaje	Comercial	205
CTC - TUC	Ejército Argentino	Cabotaje	Av. General	205
CTC - TUC	Fuerza Aérea Argentina	Cabotaje	Av. General	205
CTC - TUC	N/A	Cabotaje	Av. General	205
CTC - TUC	N/A	Cabotaje	Comercial	205
CTC - TUC	Sirio	Cabotaje	Av. General	205
RCQ - RES		Cabotaje	Av. General	205
RCQ - RES		Cabotaje	Comercial	205
RCQ - RES	Ecocopter SA	Cabotaje	Av. General	205
RCQ - RES	Ecocopter SA	Cabotaje	Comercial	205
RCQ - RES	Ejército Argentino	Cabotaje	Av. General	205
RCQ - RES	Flyest	Cabotaje	Av. General	205
RCQ - RES	Fuerza Aérea Argentina	Cabotaje	Av. General	205
RCQ - RES	Gendarmería Nacional	Cabotaje	Av. General	205
RCQ - RES	N/A	Cabotaje	Av. General	205
RCQ - RES	N/A	Cabotaje	Comercial	205
CPC - CUT		Cabotaje	Av. General	205
CPC - CUT		Cabotaje	Comercial	205
CPC - CUT	N/A	Cabotaje	Av. General	205
LPG - SST	Gendarmería Nacional	Cabotaje	Av. General	204
LPG - SST	N/A	Cabotaje	Av. General	204
LPG - SST	N/A	Cabotaje	Comercial	204
GEL - PSS	N/A	Internacional	Av. General	203
GHU - ROS		Cabotaje	Av. General	203
GHU - ROS		Cabotaje	Comercial	203
GHU - ROS	Fuerza Aérea Argentina	Cabotaje	Av. General	203
GHU - ROS	N/A	Cabotaje	Av. General	203
GHU - ROS	N/A	Cabotaje	Comercial	203
EZE - GHU		Cabotaje	Av. General	202
EZE - GHU		Cabotaje	Comercial	202
EZE - GHU	N/A	Cabotaje	Av. General	202
EZE - GHU	N/A	Cabotaje	Comercial	202
RGL - RYO		Cabotaje	Av. General	201
RGL - RYO		Cabotaje	Comercial	201
RGL - RYO	Ejército Argentino	Cabotaje	Av. General	201
RGL - RYO	Fuerza Aérea Argentina	Cabotaje	Av. General	201
RGL - RYO	Gendarmería Nacional	Cabotaje	Av. General	201
RGL - RYO	LADE - Líneas Aéreas Del Estado	Cabotaje	Av. General	201
RGL - RYO	LADE - Líneas Aéreas Del Estado	Cabotaje	Comercial	201
RGL - RYO	N/A	Cabotaje	Av. General	201
RGL - RYO	N/A	Cabotaje	Comercial	201
VDR - VME		Cabotaje	Av. General	200
VDR - VME	N/A	Cabotaje	Av. General	200
COC - GHU		Cabotaje	Av. General	199
COC - GHU	Ejército Argentino	Cabotaje	Av. General	199
COC - GHU	Fuerza Aérea Argentina	Cabotaje	Av. General	199
COC - GHU	Gendarmería Nacional	Cabotaje	Av. General	199
COC - GHU	N/A	Cabotaje	Av. General	199
COC - GHU	N/A	Cabotaje	Comercial	199
COC - GHU	Prefectura Naval Argentina	Cabotaje	Av. General	199
AFA - MDZ		Cabotaje	Av. General	199
AFA - MDZ		Cabotaje	Comercial	199
AFA - MDZ	Aerolíneas Argentinas	Cabotaje	Comercial	199
AFA - MDZ	American Jet	Cabotaje	Comercial	199
AFA - MDZ	Andes Líneas Aéreas	Cabotaje	Comercial	199
AFA - MDZ	Austral Líneas Aéreas	Cabotaje	Comercial	199
AFA - MDZ	Benair	Cabotaje	Av. General	199
AFA - MDZ	Benair	Cabotaje	Comercial	199
AFA - MDZ	Ecocopter SA	Cabotaje	Av. General	199
AFA - MDZ	Ejército Argentino	Cabotaje	Av. General	199
AFA - MDZ	Fuerza Aérea Argentina	Cabotaje	Av. General	199
AFA - MDZ	Gendarmería Nacional	Cabotaje	Av. General	199
AFA - MDZ	N/A	Cabotaje	Av. General	199
AFA - MDZ	N/A	Cabotaje	Comercial	199
AOL - COC		Cabotaje	Av. General	196
AOL - COC	Ejército Argentino	Cabotaje	Av. General	196
AOL - COC	Gendarmería Nacional	Cabotaje	Av. General	196
AOL - COC	N/A	Cabotaje	Av. General	196
LUQ - RCU		Cabotaje	Av. General	196
RCU - VMA		Cabotaje	Av. General	196
LUQ - RCU		Cabotaje	Comercial	196
RCU - VMA		Cabotaje	Comercial	196
LUQ - RCU	American Jet	Cabotaje	Av. General	196
LUQ - RCU	Ecocopter SA	Cabotaje	Av. General	196
LUQ - RCU	Ejército Argentino	Cabotaje	Av. General	196
LUQ - RCU	Fuerza Aérea Argentina	Cabotaje	Av. General	196
RCU - VMA	Gendarmería Nacional	Cabotaje	Av. General	196
LUQ - RCU	N/A	Cabotaje	Av. General	196
RCU - VMA	N/A	Cabotaje	Av. General	196
LUQ - RCU	N/A	Cabotaje	Comercial	196
RCU - VMA	N/A	Cabotaje	Comercial	196
COR - RCU		Cabotaje	Av. General	196
COR - RCU		Cabotaje	Comercial	196
COR - RCU	Aerolíneas Argentinas	Cabotaje	Comercial	196
COR - RCU	American Jet	Cabotaje	Av. General	196
COR - RCU	American Jet	Cabotaje	Comercial	196
COR - RCU	Austral Líneas Aéreas	Cabotaje	Comercial	196
COR - RCU	Ejército Argentino	Cabotaje	Av. General	196
COR - RCU	Fuerza Aérea Argentina	Cabotaje	Av. General	196
COR - RCU	Gendarmería Nacional	Cabotaje	Av. General	196
COR - RCU	Macair Jet	Cabotaje	Av. General	196
COR - RCU	Macair Jet	Cabotaje	Comercial	196
COR - RCU	N/A	Cabotaje	Av. General	196
COR - RCU	N/A	Cabotaje	Comercial	196
MDZ - SCL		Internacional	Av. General	196
MDZ - SCL		Internacional	Comercial	196
MDZ - SCL	Abelag Aviation	Internacional	Av. General	196
MDZ - SCL	ACM Air Charter	Internacional	Av. General	196
MDZ - SCL	Aeroandina	Internacional	Av. General	196
MDZ - SCL	Aeroandina	Internacional	Comercial	196
MDZ - SCL	Aerocardal	Internacional	Av. General	196
MDZ - SCL	Aerocardal	Internacional	Comercial	196
MDZ - SCL	Aerolíneas Argentinas	Internacional	Av. General	196
MDZ - SCL	Aerolíneas Argentinas	Internacional	Comercial	196
MDZ - SCL	Aerovías DAP	Internacional	Av. General	196
MDZ - SCL	Aerovías DAP	Internacional	Comercial	196
MDZ - SCL	Air Alsie	Internacional	Av. General	196
MDZ - SCL	Air France	Internacional	Comercial	196
MDZ - SCL	Alitalia	Internacional	Comercial	196
MDZ - SCL	American Airlines	Internacional	Comercial	196
MDZ - SCL	American Jet	Internacional	Comercial	196
MDZ - SCL	Andes Líneas Aéreas	Internacional	Comercial	196
MDZ - SCL	Antonov Airlines	Internacional	Av. General	196
MDZ - SCL	Atlas Air	Internacional	Comercial	196
MDZ - SCL	Austral Líneas Aéreas	Internacional	Comercial	196
MDZ - SCL	Avianca Perú	Internacional	Comercial	196
MDZ - SCL	Bell Helicopter Textron	Internacional	Av. General	196
MDZ - SCL	Bell Helicopter Textron	Internacional	Comercial	196
MDZ - SCL	Centurion Air Cargo	Internacional	Comercial	196
MDZ - SCL	Copa Airlines	Internacional	Comercial	196
MDZ - SCL	Delta Air Lines	Internacional	Comercial	196
MDZ - SCL	Ecocopter SA	Internacional	Av. General	196
MDZ - SCL	Ejército Argentino	Internacional	Av. General	196
MDZ - SCL	Execujet Charter	Internacional	Av. General	196
MDZ - SCL	Firefly	Internacional	Av. General	196
MDZ - SCL	Flybondi	Internacional	Comercial	196
MDZ - SCL	Fuerza Aérea Argentina	Internacional	Av. General	196
MDZ - SCL	Fuerza Aérea Brasilera	Internacional	Av. General	196
MDZ - SCL	Fuerza Aérea Paraguaya	Internacional	Av. General	196
MDZ - SCL	Fuerza Aérea Uruguaya	Internacional	Av. General	196
MDZ - SCL	Gol Transportes Aéreos	Internacional	Comercial	196
MDZ - SCL	Heliworks	Internacional	Av. General	196
MDZ - SCL	Hi Fly	Internacional	Comercial	196
MDZ - SCL	Iberia Airlines	Internacional	Comercial	196
MDZ - SCL	JetSMART Airlines	Internacional	Comercial	196
MDZ - SCL	Korean Air	Internacional	Comercial	196
MDZ - SCL	LATAM	Internacional	Av. General	196
MDZ - SCL	LATAM	Internacional	Comercial	196
MDZ - SCL	LATAM Argentina	Internacional	Comercial	196
MDZ - SCL	LATAM Cargo Uruguay	Internacional	Av. General	196
MDZ - SCL	LATAM Ecuador	Internacional	Comercial	196
MDZ - SCL	LATAM Perú	Internacional	Comercial	196
MDZ - SCL	Latin American Wings	Internacional	Comercial	196
MDZ - SCL	N/A	Internacional	Av. General	196
MDZ - SCL	N/A	Internacional	Comercial	196
MDZ - SCL	NetJets	Internacional	Av. General	196
MDZ - SCL	Plus Ultra Líneas Aéreas	Internacional	Comercial	196
MDZ - SCL	Sky Airline	Internacional	Av. General	196
MDZ - SCL	Sky Airline	Internacional	Comercial	196
MDZ - SCL	TAM Linhas Aéreas	Internacional	Av. General	196
MDZ - SCL	TAM Linhas Aéreas	Internacional	Comercial	196
MDZ - SCL	United Parcel Service	Internacional	Comercial	196
BRC - EQS		Cabotaje	Av. General	196
BRC - EQS		Cabotaje	Comercial	196
BRC - EQS	Aerocardal	Cabotaje	Av. General	196
BRC - EQS	Aerocardal	Cabotaje	Comercial	196
BRC - EQS	Aerolíneas Argentinas	Cabotaje	Av. General	196
BRC - EQS	Aerolíneas Argentinas	Cabotaje	Comercial	196
BRC - EQS	American Jet	Cabotaje	Comercial	196
BRC - EQS	Andes Líneas Aéreas	Cabotaje	Comercial	196
BRC - EQS	Armada Argentina	Cabotaje	Av. General	196
BRC - EQS	Austral Líneas Aéreas	Cabotaje	Comercial	196
BRC - EQS	Ejército Argentino	Cabotaje	Av. General	196
BRC - EQS	Execujet Charter	Cabotaje	Av. General	196
BRC - EQS	Fuerza Aérea Argentina	Cabotaje	Av. General	196
BRC - EQS	Gendarmería Nacional	Cabotaje	Av. General	196
BRC - EQS	LADE - Líneas Aéreas Del Estado	Cabotaje	Av. General	196
BRC - EQS	LADE - Líneas Aéreas Del Estado	Cabotaje	Comercial	196
BRC - EQS	Línea Aérea SAPSA	Cabotaje	Comercial	196
BRC - EQS	N/A	Cabotaje	Av. General	196
BRC - EQS	N/A	Cabotaje	Comercial	196
BRC - EQS	Prefectura Naval Argentina	Cabotaje	Av. General	196
TDL - VLG		Cabotaje	Av. General	195
TDL - VLG	N/A	Cabotaje	Av. General	195
CPC - PZS		Internacional	Comercial	195
CPC - PZS	N/A	Internacional	Av. General	195
RAF - ROS		Cabotaje	Av. General	193
RAF - ROS		Cabotaje	Comercial	193
RAF - ROS	Austral Líneas Aéreas	Cabotaje	Comercial	193
RAF - ROS	Ejército Argentino	Cabotaje	Av. General	193
RAF - ROS	Gendarmería Nacional	Cabotaje	Av. General	193
RAF - ROS	Interjet	Cabotaje	Av. General	193
RAF - ROS	Macair Jet	Cabotaje	Comercial	193
RAF - ROS	N/A	Cabotaje	Av. General	193
RAF - ROS	N/A	Cabotaje	Comercial	193
CNQ - OYA		Cabotaje	Av. General	190
CNQ - OYA		Cabotaje	Comercial	190
CNQ - OYA	Ejército Argentino	Cabotaje	Av. General	190
CNQ - OYA	Fuerza Aérea Argentina	Cabotaje	Av. General	190
CNQ - OYA	Gendarmería Nacional	Cabotaje	Av. General	190
CNQ - OYA	N/A	Cabotaje	Av. General	190
CNQ - OYA	Prefectura Naval Argentina	Cabotaje	Av. General	190
AYO - CNQ	N/A	Internacional	Av. General	189
CNQ - PRQ		Cabotaje	Av. General	188
CNQ - PRQ	Fuerza Aérea Argentina	Cabotaje	Av. General	188
CNQ - PRQ	Gendarmería Nacional	Cabotaje	Av. General	188
CNQ - PRQ	N/A	Cabotaje	Av. General	188
CNQ - PRQ	Prefectura Naval Argentina	Cabotaje	Av. General	188
OVR - PEH	N/A	Cabotaje	Av. General	188
PUQ - RGL		Internacional	Av. General	187
PUQ - RGL		Internacional	Comercial	187
PUQ - RGL	Aerovías DAP	Internacional	Av. General	187
PUQ - RGL	Aerovías DAP	Internacional	Comercial	187
PUQ - RGL	DAP Helicopteros	Internacional	Av. General	187
PUQ - RGL	DAP Helicopteros	Internacional	Comercial	187
PUQ - RGL	Fuerza Aérea Uruguaya	Internacional	Av. General	187
PUQ - RGL	LATAM	Internacional	Comercial	187
PUQ - RGL	N/A	Internacional	Av. General	187
PUQ - RGL	N/A	Internacional	Comercial	187
PUQ - RGL	Sky Airline	Internacional	Comercial	187
LUQ - VDR		Cabotaje	Av. General	186
LUQ - VDR		Cabotaje	Comercial	186
LUQ - VDR	N/A	Cabotaje	Av. General	186
LUQ - VDR	N/A	Cabotaje	Comercial	186
GHU - MOR		Cabotaje	Av. General	185
GHU - MOR	Fuerza Aérea Argentina	Cabotaje	Av. General	185
GHU - MOR	N/A	Cabotaje	Av. General	185
GHU - MOR	N/A	Cabotaje	Comercial	185
GHU - MOR	Prefectura Naval Argentina	Cabotaje	Av. General	185
NQN - RDS		Cabotaje	Av. General	185
NQN - RDS		Cabotaje	Comercial	185
NQN - RDS	American Jet	Cabotaje	Comercial	185
NQN - RDS	Ameriflight	Cabotaje	Av. General	185
NQN - RDS	DAP Helicopteros	Cabotaje	Av. General	185
NQN - RDS	N/A	Cabotaje	Av. General	185
NQN - RDS	N/A	Cabotaje	Comercial	185
OYA - RES		Cabotaje	Av. General	185
OYA - RES		Cabotaje	Comercial	185
OYA - RES	Ejército Argentino	Cabotaje	Av. General	185
OYA - RES	Macair Jet	Cabotaje	Av. General	185
OYA - RES	Macair Jet	Cabotaje	Comercial	185
OYA - RES	N/A	Cabotaje	Av. General	185
OYA - RES	N/A	Cabotaje	Comercial	185
RGL - RZA		Cabotaje	Av. General	185
RGL - RZA		Cabotaje	Comercial	185
RGL - RZA	Chief of Staff, United States Air Force	Cabotaje	Av. General	185
RGL - RZA	DAP Helicopteros	Cabotaje	Comercial	185
RGL - RZA	Ejército Argentino	Cabotaje	Av. General	185
RGL - RZA	Fuerza Aérea Argentina	Cabotaje	Av. General	185
RGL - RZA	Gendarmería Nacional	Cabotaje	Av. General	185
RGL - RZA	LADE - Líneas Aéreas Del Estado	Cabotaje	Av. General	185
RGL - RZA	LADE - Líneas Aéreas Del Estado	Cabotaje	Comercial	185
RGL - RZA	N/A	Cabotaje	Av. General	185
RGL - RZA	N/A	Cabotaje	Comercial	185
LGS - TLX		Internacional	Av. General	184
JNI - ROS		Cabotaje	Av. General	183
JNI - ROS	N/A	Cabotaje	Av. General	183
REL - SGV		Cabotaje	Av. General	180
REL - SGV	N/A	Cabotaje	Av. General	180
EPA - GHU	Fuerza Aérea Argentina	Cabotaje	Av. General	178
EPA - GHU	Gendarmería Nacional	Cabotaje	Av. General	178
EPA - GHU	N/A	Cabotaje	Av. General	178
EPA - GHU	N/A	Cabotaje	Comercial	178
ELO - PSS		Cabotaje	Av. General	177
ELO - PSS		Cabotaje	Comercial	177
ELO - PSS	Ejército Argentino	Cabotaje	Av. General	177
ELO - PSS	Fuerza Aérea Argentina	Cabotaje	Av. General	177
ELO - PSS	Gendarmería Nacional	Cabotaje	Av. General	177
ELO - PSS	N/A	Cabotaje	Av. General	177
ELO - PSS	N/A	Cabotaje	Comercial	177
ELO - PSS	Prefectura Naval Argentina	Cabotaje	Av. General	177
LOB - MDZ	N/A	Internacional	Av. General	173
LOB - MDZ	N/A	Internacional	Comercial	173
AEP - GHU		Cabotaje	Av. General	173
AEP - GHU		Cabotaje	Comercial	173
AEP - GHU	Aerolíneas Argentinas	Cabotaje	Comercial	173
AEP - GHU	Avianca	Cabotaje	Comercial	173
AEP - GHU	Fuerza Aérea Argentina	Cabotaje	Av. General	173
AEP - GHU	Macair Jet	Cabotaje	Av. General	173
AEP - GHU	Macair Jet	Cabotaje	Comercial	173
AEP - GHU	N/A	Cabotaje	Av. General	173
AEP - GHU	N/A	Cabotaje	Comercial	173
CPC - ZAL		Internacional	Av. General	173
CPC - ZAL		Internacional	Comercial	173
GPO - PEH		Cabotaje	Av. General	172
GPO - PEH	American Jet	Cabotaje	Comercial	172
GPO - PEH	N/A	Cabotaje	Av. General	172
GPO - PEH	N/A	Cabotaje	Comercial	172
MDQ - SST		Cabotaje	Av. General	172
MDQ - SST		Cabotaje	Comercial	172
MDQ - SST	Gendarmería Nacional	Cabotaje	Av. General	172
MDQ - SST	N/A	Cabotaje	Av. General	172
MDQ - SST	N/A	Cabotaje	Comercial	172
OES - VDM		Cabotaje	Av. General	172
OES - VDM		Cabotaje	Comercial	172
OES - VDM	Fuerza Aérea Argentina	Cabotaje	Av. General	172
OES - VDM	Línea Aérea SAPSA	Cabotaje	Comercial	172
OES - VDM	N/A	Cabotaje	Av. General	172
OES - VDM	N/A	Cabotaje	Comercial	172
COC - UZU	Ejército Argentino	Cabotaje	Av. General	170
COC - UZU	N/A	Cabotaje	Av. General	170
APZ - NQN		Cabotaje	Av. General	169
APZ - NQN		Cabotaje	Comercial	169
APZ - NQN	American Jet	Cabotaje	Comercial	169
APZ - NQN	Ejército Argentino	Cabotaje	Av. General	169
APZ - NQN	Fuerza Aérea Argentina	Cabotaje	Av. General	169
APZ - NQN	Gendarmería Nacional	Cabotaje	Av. General	169
APZ - NQN	N/A	Cabotaje	Av. General	169
APZ - NQN	N/A	Cabotaje	Comercial	169
CTC - SDE		Cabotaje	Av. General	169
CTC - SDE		Cabotaje	Comercial	169
CTC - SDE	American Jet	Cabotaje	Comercial	169
CTC - SDE	Andes Líneas Aéreas	Cabotaje	Av. General	169
CTC - SDE	Andes Líneas Aéreas	Cabotaje	Comercial	169
CTC - SDE	Fuerza Aérea Argentina	Cabotaje	Av. General	169
CTC - SDE	Gendarmería Nacional	Cabotaje	Av. General	169
CTC - SDE	N/A	Cabotaje	Av. General	169
CTC - SDE	N/A	Cabotaje	Comercial	169
OVR - OYO	N/A	Cabotaje	Av. General	167
LCM - RLO		Cabotaje	Av. General	166
MDQ - TDL		Cabotaje	Av. General	165
MDQ - TDL		Cabotaje	Comercial	165
MDQ - TDL	Aerolíneas Argentinas	Cabotaje	Comercial	165
MDQ - TDL	American Jet	Cabotaje	Av. General	165
MDQ - TDL	Armada Argentina	Cabotaje	Av. General	165
MDQ - TDL	Ejército Argentino	Cabotaje	Av. General	165
MDQ - TDL	Fuerza Aérea Argentina	Cabotaje	Av. General	165
MDQ - TDL	Gendarmería Nacional	Cabotaje	Av. General	165
MDQ - TDL	LADE - Líneas Aéreas Del Estado	Cabotaje	Av. General	165
MDQ - TDL	Línea Aérea SAPSA	Cabotaje	Av. General	165
MDQ - TDL	N/A	Cabotaje	Av. General	165
MDQ - TDL	N/A	Cabotaje	Comercial	165
MDQ - TDL	Omniflys	Cabotaje	Av. General	165
MDQ - TDL	Prefectura Naval Argentina	Cabotaje	Av. General	165
MDQ - TDL	TUI Airways	Cabotaje	Av. General	165
BRC - PMC		Internacional	Av. General	165
BRC - PMC		Internacional	Comercial	165
BRC - PMC	Aerocardal	Internacional	Av. General	165
BRC - PMC	Aerocardal	Internacional	Comercial	165
BRC - PMC	JetSMART Airlines	Internacional	Comercial	165
BRC - PMC	N/A	Internacional	Av. General	165
BRC - PMC	N/A	Internacional	Comercial	165
BRC - PMC	Transportes Aéreos San Rafael	Internacional	Av. General	165
BHI - OYO		Cabotaje	Av. General	165
BHI - OYO		Cabotaje	Comercial	165
BHI - OYO	N/A	Cabotaje	Av. General	165
BHI - OYO	N/A	Cabotaje	Comercial	165
MJR - TDL		Cabotaje	Av. General	163
MJR - TDL	N/A	Cabotaje	Av. General	163
MJR - TDL	N/A	Cabotaje	Comercial	163
PRQ - RES		Cabotaje	Av. General	162
PRQ - RES		Cabotaje	Comercial	162
PRQ - RES	Ejército Argentino	Cabotaje	Av. General	162
PRQ - RES	Fuerza Aérea Argentina	Cabotaje	Av. General	162
PRQ - RES	Gendarmería Nacional	Cabotaje	Av. General	162
PRQ - RES	N/A	Cabotaje	Av. General	162
PRQ - RES	N/A	Cabotaje	Comercial	162
PRQ - RES	Prefectura Naval Argentina	Cabotaje	Av. General	162
CSZ - OVR	N/A	Cabotaje	Av. General	161
FDO - GHU		Cabotaje	Av. General	161
FDO - GHU		Cabotaje	Comercial	161
FDO - GHU	Aerolíneas Argentinas	Cabotaje	Av. General	161
FDO - GHU	Ameriflight	Cabotaje	Av. General	161
FDO - GHU	Fuerza Aérea Argentina	Cabotaje	Av. General	161
FDO - GHU	Gendarmería Nacional	Cabotaje	Av. General	161
FDO - GHU	Interjet	Cabotaje	Av. General	161
FDO - GHU	Línea Aérea SAPSA	Cabotaje	Av. General	161
FDO - GHU	Línea Aérea SAPSA	Cabotaje	Comercial	161
FDO - GHU	N/A	Cabotaje	Av. General	161
FDO - GHU	N/A	Cabotaje	Comercial	161
FDO - GHU	Prefectura Naval Argentina	Cabotaje	Av. General	161
OYO - TDL	Ejército Argentino	Cabotaje	Av. General	161
OYO - TDL	Fuerza Aérea Argentina	Cabotaje	Av. General	161
OYO - TDL	N/A	Cabotaje	Av. General	161
OYO - TDL	N/A	Cabotaje	Comercial	161
FMA - RES		Cabotaje	Av. General	160
FMA - RES		Cabotaje	Comercial	160
FMA - RES	Aerolíneas Argentinas	Cabotaje	Comercial	160
FMA - RES	American Jet	Cabotaje	Comercial	160
FMA - RES	Austral Líneas Aéreas	Cabotaje	Comercial	160
FMA - RES	Ejército Argentino	Cabotaje	Av. General	160
FMA - RES	Fuerza Aérea Argentina	Cabotaje	Av. General	160
FMA - RES	Gendarmería Nacional	Cabotaje	Av. General	160
FMA - RES	N/A	Cabotaje	Av. General	160
FMA - RES	N/A	Cabotaje	Comercial	160
FMA - RES	Prefectura Naval Argentina	Cabotaje	Av. General	160
JUJ - ORA		Cabotaje	Av. General	159
JUJ - ORA	Ejército Argentino	Cabotaje	Av. General	159
JUJ - ORA	Fuerza Aérea Argentina	Cabotaje	Av. General	159
JUJ - ORA	Gendarmería Nacional	Cabotaje	Av. General	159
JUJ - ORA	N/A	Cabotaje	Av. General	159
JUJ - ORA	N/A	Cabotaje	Comercial	159
FTE - PNT		Internacional	Av. General	158
FTE - PNT		Internacional	Comercial	158
FTE - PNT	Aerovías DAP	Internacional	Av. General	158
FTE - PNT	Aerovías DAP	Internacional	Comercial	158
FTE - PNT	Air Alsie	Internacional	Comercial	158
FTE - PNT	Ameriflight	Internacional	Comercial	158
FTE - PNT	Cat Aviation	Internacional	Comercial	158
FTE - PNT	DAP Helicopteros	Internacional	Comercial	158
FTE - PNT	Gestair	Internacional	Comercial	158
FTE - PNT	Línea Aérea SAPSA	Internacional	Comercial	158
FTE - PNT	N/A	Internacional	Av. General	158
FTE - PNT	N/A	Internacional	Comercial	158
FTE - PNT	Titan Airways	Internacional	Av. General	158
FDO - PDI		Cabotaje	Av. General	155
FDO - PDI	Armada Argentina	Cabotaje	Av. General	155
FDO - PDI	Ejército Argentino	Cabotaje	Av. General	155
FDO - PDI	Fuerza Aérea Argentina	Cabotaje	Av. General	155
FDO - PDI	N/A	Cabotaje	Av. General	155
FDO - PDI	Prefectura Naval Argentina	Cabotaje	Av. General	155
MDX - RCQ		Cabotaje	Av. General	155
MDX - RCQ		Cabotaje	Comercial	155
MDX - RCQ	American Jet	Cabotaje	Av. General	155
MDX - RCQ	American Jet	Cabotaje	Comercial	155
MDX - RCQ	Ameriflight	Cabotaje	Av. General	155
MDX - RCQ	Ecocopter SA	Cabotaje	Comercial	155
MDX - RCQ	Ejército Argentino	Cabotaje	Av. General	155
MDX - RCQ	Fuerza Aérea Argentina	Cabotaje	Av. General	155
MDX - RCQ	Gendarmería Nacional	Cabotaje	Av. General	155
MDX - RCQ	N/A	Cabotaje	Av. General	155
MDX - RCQ	N/A	Cabotaje	Comercial	155
MDX - RCQ	Prefectura Naval Argentina	Cabotaje	Av. General	155
RCU - VDR		Cabotaje	Av. General	152
RCU - VDR		Cabotaje	Comercial	152
RCU - VDR	Ejército Argentino	Cabotaje	Av. General	152
RCU - VDR	Línea Aérea SAPSA	Cabotaje	Comercial	152
RCU - VDR	N/A	Cabotaje	Av. General	152
RCU - VDR	N/A	Cabotaje	Comercial	152
RLO - VME		Cabotaje	Av. General	151
RLO - VME	Fuerza Aérea Argentina	Cabotaje	Av. General	151
RLO - VME	LADE - Líneas Aéreas Del Estado	Cabotaje	Av. General	151
RLO - VME	LADE - Líneas Aéreas Del Estado	Cabotaje	Comercial	151
RLO - VME	N/A	Cabotaje	Av. General	151
RLO - VME	SOL Líneas Aéreas	Cabotaje	Comercial	151
APZ - CPC		Cabotaje	Av. General	151
APZ - CPC		Cabotaje	Comercial	151
APZ - CPC	AeroSur	Cabotaje	Av. General	151
APZ - CPC	Ejército Argentino	Cabotaje	Av. General	151
APZ - CPC	N/A	Cabotaje	Av. General	151
COR - RLO		Cabotaje	Av. General	150
COR - RLO		Cabotaje	Comercial	150
COR - RLO	Fuerza Aérea Argentina	Cabotaje	Av. General	150
COR - RLO	Macair Jet	Cabotaje	Comercial	150
COR - RLO	N/A	Cabotaje	Av. General	150
COR - RLO	N/A	Cabotaje	Comercial	150
CTC - RHD		Cabotaje	Av. General	150
CTC - RHD		Cabotaje	Comercial	150
CTC - RHD	Fuerza Aérea Argentina	Cabotaje	Av. General	150
CTC - RHD	N/A	Cabotaje	Av. General	150
FTE - RYO		Cabotaje	Av. General	148
FTE - RYO		Cabotaje	Comercial	148
FTE - RYO	American Jet	Cabotaje	Comercial	148
FTE - RYO	Ejército Argentino	Cabotaje	Av. General	148
FTE - RYO	Gendarmería Nacional	Cabotaje	Av. General	148
FTE - RYO	LADE - Líneas Aéreas Del Estado	Cabotaje	Comercial	148
FTE - RYO	N/A	Cabotaje	Av. General	148
FTE - RYO	N/A	Cabotaje	Comercial	148
LUQ - RLO		Cabotaje	Av. General	148
RLO - VMA		Cabotaje	Av. General	148
LUQ - RLO		Cabotaje	Comercial	148
LUQ - RLO	Fuerza Aérea Argentina	Cabotaje	Av. General	148
LUQ - RLO	N/A	Cabotaje	Av. General	148
LUQ - RLO	N/A	Cabotaje	Comercial	148
LUQ - RLO	SOL Líneas Aéreas	Cabotaje	Comercial	148
CNQ - FMA		Cabotaje	Av. General	147
CNQ - FMA		Cabotaje	Comercial	147
CNQ - FMA	Austral Líneas Aéreas	Cabotaje	Comercial	147
CNQ - FMA	Fuerza Aérea Argentina	Cabotaje	Av. General	147
CNQ - FMA	Gendarmería Nacional	Cabotaje	Av. General	147
CNQ - FMA	N/A	Cabotaje	Av. General	147
CNQ - FMA	N/A	Cabotaje	Comercial	147
CNQ - FMA	Prefectura Naval Argentina	Cabotaje	Av. General	147
AFA - LGS		Cabotaje	Av. General	147
AFA - LGS		Cabotaje	Comercial	147
AFA - LGS	American Jet	Cabotaje	Comercial	147
AFA - LGS	Ameriflight	Cabotaje	Av. General	147
AFA - LGS	Ameriflight	Cabotaje	Comercial	147
AFA - LGS	Avianca	Cabotaje	Av. General	147
AFA - LGS	Avianca	Cabotaje	Comercial	147
AFA - LGS	Ejército Argentino	Cabotaje	Av. General	147
AFA - LGS	Fuerza Aérea Argentina	Cabotaje	Av. General	147
AFA - LGS	N/A	Cabotaje	Av. General	147
AFA - LGS	N/A	Cabotaje	Comercial	147
EPA - PDI		Cabotaje	Av. General	146
EPA - PDI	Armada Argentina	Cabotaje	Av. General	146
EPA - PDI	Ejército Argentino	Cabotaje	Av. General	146
EPA - PDI	Fuerza Aérea Argentina	Cabotaje	Av. General	146
MDZ - UAQ		Cabotaje	Av. General	145
MDZ - UAQ		Cabotaje	Comercial	145
MDZ - UAQ	Aerocardal	Cabotaje	Av. General	145
MDZ - UAQ	Aerolíneas Argentinas	Cabotaje	Comercial	145
MDZ - UAQ	American Jet	Cabotaje	Comercial	145
MDZ - UAQ	Austral Líneas Aéreas	Cabotaje	Comercial	145
MDZ - UAQ	Bell Helicopter Textron	Cabotaje	Av. General	145
MDZ - UAQ	Benair	Cabotaje	Av. General	145
MDZ - UAQ	Benair	Cabotaje	Comercial	145
MDZ - UAQ	Ecocopter SA	Cabotaje	Av. General	145
MDZ - UAQ	Ejército Argentino	Cabotaje	Av. General	145
MDZ - UAQ	Flybondi	Cabotaje	Comercial	145
MDZ - UAQ	Fuerza Aérea Argentina	Cabotaje	Av. General	145
MDZ - UAQ	Gendarmería Nacional	Cabotaje	Av. General	145
MDZ - UAQ	Jet Aviation	Cabotaje	Av. General	145
MDZ - UAQ	LADE - Líneas Aéreas Del Estado	Cabotaje	Av. General	145
MDZ - UAQ	LATAM Argentina	Cabotaje	Comercial	145
MDZ - UAQ	Línea Aérea SAPSA	Cabotaje	Av. General	145
MDZ - UAQ	Línea Aérea SAPSA	Cabotaje	Comercial	145
MDZ - UAQ	N/A	Cabotaje	Av. General	145
MDZ - UAQ	N/A	Cabotaje	Comercial	145
MOR - PDI		Cabotaje	Av. General	145
MOR - PDI	Fuerza Aérea Argentina	Cabotaje	Av. General	145
MOR - PDI	N/A	Cabotaje	Av. General	145
BHI - CSZ		Cabotaje	Av. General	144
BHI - CSZ		Cabotaje	Comercial	144
BHI - CSZ	Armada Argentina	Cabotaje	Av. General	144
BHI - CSZ	Ejército Argentino	Cabotaje	Av. General	144
BHI - CSZ	Interjet	Cabotaje	Av. General	144
BHI - CSZ	Interjet	Cabotaje	Comercial	144
BHI - CSZ	Línea Aérea SAPSA	Cabotaje	Av. General	144
BHI - CSZ	Línea Aérea SAPSA	Cabotaje	Comercial	144
BHI - CSZ	N/A	Cabotaje	Av. General	144
BHI - CSZ	N/A	Cabotaje	Comercial	144
NEC - TDL		Cabotaje	Av. General	143
NEC - TDL	N/A	Cabotaje	Av. General	143
CRD - LHS		Cabotaje	Av. General	143
CRD - LHS		Cabotaje	Comercial	143
CRD - LHS	American Jet	Cabotaje	Comercial	143
CRD - LHS	Fuerza Aérea Argentina	Cabotaje	Av. General	143
CRD - LHS	Gendarmería Nacional	Cabotaje	Av. General	143
CRD - LHS	N/A	Cabotaje	Av. General	143
CRD - LHS	N/A	Cabotaje	Comercial	143
CRD - LHS	Prefectura Naval Argentina	Cabotaje	Av. General	143
EQS - JSM	Fuerza Aérea Argentina	Cabotaje	Av. General	138
EQS - JSM	N/A	Cabotaje	Av. General	138
NCJ - PRA		Cabotaje	Av. General	136
NCJ - PRA		Cabotaje	Comercial	136
NCJ - PRA	American Jet	Cabotaje	Comercial	136
NCJ - PRA	Fuerza Aérea Argentina	Cabotaje	Av. General	136
NCJ - PRA	N/A	Cabotaje	Av. General	136
NCJ - PRA	N/A	Cabotaje	Comercial	136
AEP - PDI		Cabotaje	Av. General	135
AEP - PDI		Cabotaje	Comercial	135
AEP - PDI	Armada Argentina	Cabotaje	Av. General	135
AEP - PDI	Fuerza Aérea Argentina	Cabotaje	Av. General	135
AEP - PDI	Prefectura Naval Argentina	Cabotaje	Av. General	135
CTC - IRJ		Cabotaje	Av. General	134
CTC - IRJ		Cabotaje	Comercial	134
CTC - IRJ	Aerolíneas Argentinas	Cabotaje	Comercial	134
CTC - IRJ	American Jet	Cabotaje	Av. General	134
CTC - IRJ	American Jet	Cabotaje	Comercial	134
CTC - IRJ	Andes Líneas Aéreas	Cabotaje	Comercial	134
CTC - IRJ	Austral Líneas Aéreas	Cabotaje	Comercial	134
CTC - IRJ	Ejército Argentino	Cabotaje	Av. General	134
CTC - IRJ	Fuerza Aérea Argentina	Cabotaje	Av. General	134
CTC - IRJ	Gendarmería Nacional	Cabotaje	Av. General	134
CTC - IRJ	Línea Aérea SAPSA	Cabotaje	Av. General	134
CTC - IRJ	Línea Aérea SAPSA	Cabotaje	Comercial	134
CTC - IRJ	N/A	Cabotaje	Av. General	134
CTC - IRJ	N/A	Cabotaje	Comercial	134
BRC - IGB		Cabotaje	Av. General	134
BRC - IGB		Cabotaje	Comercial	134
BRC - IGB	Línea Aérea SAPSA	Cabotaje	Av. General	134
BRC - IGB	Línea Aérea SAPSA	Cabotaje	Comercial	134
BRC - IGB	N/A	Cabotaje	Av. General	134
BRC - IGB	N/A	Cabotaje	Comercial	134
ROS - SFN		Cabotaje	Av. General	133
ROS - SFN		Cabotaje	Comercial	133
ROS - SFN	Aerolíneas Argentinas	Cabotaje	Comercial	133
ROS - SFN	American Jet	Cabotaje	Comercial	133
ROS - SFN	Andes Líneas Aéreas	Cabotaje	Comercial	133
ROS - SFN	Armada Argentina	Cabotaje	Av. General	133
ROS - SFN	Austral Líneas Aéreas	Cabotaje	Comercial	133
ROS - SFN	Avianca	Cabotaje	Comercial	133
ROS - SFN	Brazilian Air Force	Cabotaje	Av. General	133
ROS - SFN	Ecocopter SA	Cabotaje	Av. General	133
ROS - SFN	Ecocopter SA	Cabotaje	Comercial	133
ROS - SFN	Ejército Argentino	Cabotaje	Av. General	133
ROS - SFN	Flyest	Cabotaje	Av. General	133
ROS - SFN	Flyest	Cabotaje	Comercial	133
ROS - SFN	Fuerza Aérea Argentina	Cabotaje	Av. General	133
ROS - SFN	Fuerza Aérea Brasilera	Cabotaje	Av. General	133
ROS - SFN	Fuerza Aérea Uruguaya	Cabotaje	Av. General	133
ROS - SFN	Gendarmería Nacional	Cabotaje	Av. General	133
ROS - SFN	N/A	Cabotaje	Av. General	133
ROS - SFN	N/A	Cabotaje	Comercial	133
ROS - SFN	Prefectura Naval Argentina	Cabotaje	Av. General	133
ROS - SFN	SOL Líneas Aéreas	Cabotaje	Comercial	133
PMY - SGV		Cabotaje	Av. General	131
PMY - SGV		Cabotaje	Comercial	131
PMY - SGV	N/A	Cabotaje	Av. General	131
SDE - TUC		Cabotaje	Av. General	130
SDE - TUC		Cabotaje	Comercial	130
SDE - TUC	Aerolíneas Argentinas	Cabotaje	Comercial	130
SDE - TUC	American Jet	Cabotaje	Av. General	130
SDE - TUC	American Jet	Cabotaje	Comercial	130
SDE - TUC	Andes Líneas Aéreas	Cabotaje	Comercial	130
SDE - TUC	Austral Líneas Aéreas	Cabotaje	Comercial	130
SDE - TUC	Ejército Argentino	Cabotaje	Av. General	130
SDE - TUC	Flybondi	Cabotaje	Comercial	130
SDE - TUC	Fuerza Aérea Argentina	Cabotaje	Av. General	130
SDE - TUC	Gendarmería Nacional	Cabotaje	Av. General	130
SDE - TUC	N/A	Cabotaje	Av. General	130
SDE - TUC	N/A	Cabotaje	Comercial	130
ASU - FMA		Internacional	Av. General	129
ASU - FMA		Internacional	Comercial	129
ASU - FMA	Fuerza Aérea Paraguaya	Internacional	Av. General	129
ASU - FMA	Gendarmería Nacional	Internacional	Av. General	129
ASU - FMA	N/A	Internacional	Av. General	129
ASU - FMA	N/A	Internacional	Comercial	129
RGA - WPU	Armada Argentina	Internacional	Av. General	129
EZE - PDI	Armada Argentina	Cabotaje	Av. General	128
EZE - PDI	Ejército Argentino	Cabotaje	Av. General	128
EZE - PDI	N/A	Cabotaje	Av. General	128
CRD - OLN		Cabotaje	Av. General	127
CRD - OLN		Cabotaje	Comercial	127
CRD - OLN	Ejército Argentino	Cabotaje	Av. General	127
CRD - OLN	Fuerza Aérea Argentina	Cabotaje	Av. General	127
CRD - OLN	N/A	Cabotaje	Av. General	127
CRD - OLN	N/A	Cabotaje	Comercial	127
RCU - VME		Cabotaje	Av. General	127
RCU - VME		Cabotaje	Comercial	127
RCU - VME	Aerolíneas Argentinas	Cabotaje	Comercial	127
RCU - VME	Ejército Argentino	Cabotaje	Av. General	127
RCU - VME	Fuerza Aérea Argentina	Cabotaje	Av. General	127
RCU - VME	N/A	Cabotaje	Av. General	127
RCU - VME	N/A	Cabotaje	Comercial	127
PRA - ROS		Cabotaje	Av. General	127
PRA - ROS		Cabotaje	Comercial	127
PRA - ROS	Aerolíneas Argentinas	Cabotaje	Comercial	127
PRA - ROS	American Jet	Cabotaje	Comercial	127
PRA - ROS	Austral Líneas Aéreas	Cabotaje	Comercial	127
PRA - ROS	Ejército Argentino	Cabotaje	Av. General	127
PRA - ROS	Fuerza Aérea Argentina	Cabotaje	Av. General	127
PRA - ROS	Fuerza Aérea Uruguaya	Cabotaje	Av. General	127
PRA - ROS	Gendarmería Nacional	Cabotaje	Av. General	127
PRA - ROS	Helicol	Cabotaje	Av. General	127
PRA - ROS	Helicol	Cabotaje	Comercial	127
PRA - ROS	LTU International	Cabotaje	Av. General	127
PRA - ROS	Macair Jet	Cabotaje	Comercial	127
PRA - ROS	N/A	Cabotaje	Av. General	127
PRA - ROS	N/A	Cabotaje	Comercial	127
PRA - ROS	Prefectura Naval Argentina	Cabotaje	Av. General	127
MDQ - NEC		Cabotaje	Av. General	125
MDQ - NEC		Cabotaje	Comercial	125
MDQ - NEC	Avianca	Cabotaje	Comercial	125
MDQ - NEC	Línea Aérea SAPSA	Cabotaje	Av. General	125
MDQ - NEC	N/A	Cabotaje	Av. General	125
MDQ - NEC	N/A	Cabotaje	Comercial	125
RGA - USH		Cabotaje	Av. General	124
RGA - USH		Cabotaje	Comercial	124
RGA - USH	Aerolíneas Argentinas	Cabotaje	Comercial	124
RGA - USH	Armada Argentina	Cabotaje	Av. General	124
RGA - USH	Austral Líneas Aéreas	Cabotaje	Comercial	124
RGA - USH	Ejército Argentino	Cabotaje	Av. General	124
RGA - USH	Fuerza Aérea Argentina	Cabotaje	Av. General	124
RGA - USH	Fuerza Aérea Paraguaya	Cabotaje	Av. General	124
RGA - USH	Gendarmería Nacional	Cabotaje	Av. General	124
RGA - USH	LADE - Líneas Aéreas Del Estado	Cabotaje	Av. General	124
RGA - USH	LADE - Líneas Aéreas Del Estado	Cabotaje	Comercial	124
RGA - USH	N/A	Cabotaje	Av. General	124
RGA - USH	N/A	Cabotaje	Comercial	124
RGA - USH	Prefectura Naval Argentina	Cabotaje	Av. General	124
BRC - CPC		Cabotaje	Av. General	120
BRC - CPC		Cabotaje	Comercial	120
BRC - CPC	Aerolíneas Argentinas	Cabotaje	Comercial	120
BRC - CPC	AeroSur	Cabotaje	Av. General	120
BRC - CPC	AeroSur	Cabotaje	Comercial	120
BRC - CPC	American Jet	Cabotaje	Comercial	120
BRC - CPC	Austral Líneas Aéreas	Cabotaje	Comercial	120
BRC - CPC	Ejército Argentino	Cabotaje	Av. General	120
BRC - CPC	Fuerza Aérea Argentina	Cabotaje	Av. General	120
BRC - CPC	Gemini Air Cargo	Cabotaje	Comercial	120
BRC - CPC	Israel Aircraft Industries	Cabotaje	Av. General	120
BRC - CPC	Jet Aviation	Cabotaje	Av. General	120
BRC - CPC	JetSMART Airlines	Cabotaje	Comercial	120
BRC - CPC	LADE - Líneas Aéreas Del Estado	Cabotaje	Av. General	120
BRC - CPC	LADE - Líneas Aéreas Del Estado	Cabotaje	Comercial	120
BRC - CPC	LASA Argentina	Cabotaje	Comercial	120
BRC - CPC	N/A	Cabotaje	Av. General	120
BRC - CPC	N/A	Cabotaje	Comercial	120
BRC - CPC	Prefectura Naval Argentina	Cabotaje	Av. General	120
BRC - CPC	Qatar Executive	Cabotaje	Av. General	120
BRC - CPC	Qatar Executive	Cabotaje	Comercial	120
COC - MCS		Cabotaje	Av. General	119
COC - MCS	Ejército Argentino	Cabotaje	Av. General	119
COC - MCS	Fuerza Aérea Argentina	Cabotaje	Av. General	119
COC - MCS	N/A	Cabotaje	Av. General	119
COC - MCS	Prefectura Naval Argentina	Cabotaje	Av. General	119
CCT - NQN		Cabotaje	Av. General	119
CCT - NQN		Cabotaje	Comercial	119
CCT - NQN	Ejército Argentino	Cabotaje	Av. General	119
CCT - NQN	Gendarmería Nacional	Cabotaje	Av. General	119
CCT - NQN	N/A	Cabotaje	Av. General	119
COC - PDU	N/A	Internacional	Av. General	119
RCU - RLO		Cabotaje	Av. General	117
RCU - RLO		Cabotaje	Comercial	117
RCU - RLO	Ecocopter SA	Cabotaje	Av. General	117
RCU - RLO	Ejército Argentino	Cabotaje	Av. General	117
RCU - RLO	Fuerza Aérea Argentina	Cabotaje	Av. General	117
RCU - RLO	Línea Aérea SAPSA	Cabotaje	Av. General	117
RCU - RLO	Macair Jet	Cabotaje	Av. General	117
RCU - RLO	Macair Jet	Cabotaje	Comercial	117
RCU - RLO	N/A	Cabotaje	Av. General	117
RCU - RLO	N/A	Cabotaje	Comercial	117
COR - VDR		Cabotaje	Av. General	113
COR - VDR		Cabotaje	Comercial	113
COR - VDR	N/A	Cabotaje	Av. General	113
COR - VDR	N/A	Cabotaje	Comercial	113
PRA - RAF		Cabotaje	Av. General	112
PRA - RAF		Cabotaje	Comercial	112
PRA - RAF	Fuerza Aérea Argentina	Cabotaje	Av. General	112
PRA - RAF	Gendarmería Nacional	Cabotaje	Av. General	112
PRA - RAF	N/A	Cabotaje	Av. General	112
PRA - RAF	N/A	Cabotaje	Comercial	112
EHL - EQS		Cabotaje	Av. General	112
EHL - EQS		Cabotaje	Comercial	112
EHL - EQS	Ejército Argentino	Cabotaje	Av. General	112
EHL - EQS	Gendarmería Nacional	Cabotaje	Av. General	112
EHL - EQS	N/A	Cabotaje	Av. General	112
EHL - EQS	N/A	Cabotaje	Comercial	112
EHL - EQS	Prefectura Naval Argentina	Cabotaje	Av. General	112
MDX - OYA		Cabotaje	Av. General	111
MDX - OYA	Ejército Argentino	Cabotaje	Av. General	111
MDX - OYA	N/A	Cabotaje	Av. General	111
CPC - ZPC		Internacional	Av. General	110
CPC - ZPC	N/A	Internacional	Av. General	110
GPO - RSA		Cabotaje	Av. General	110
GPO - RSA		Cabotaje	Comercial	110
GPO - RSA	Ejército Argentino	Cabotaje	Av. General	110
GPO - RSA	Fuerza Aérea Argentina	Cabotaje	Av. General	110
GPO - RSA	Gendarmería Nacional	Cabotaje	Av. General	110
GPO - RSA	N/A	Cabotaje	Av. General	110
GPO - RSA	N/A	Cabotaje	Comercial	110
NCJ - SFN		Cabotaje	Av. General	108
NCJ - SFN		Cabotaje	Comercial	108
NCJ - SFN	American Jet	Cabotaje	Av. General	108
NCJ - SFN	American Jet	Cabotaje	Comercial	108
NCJ - SFN	Avianca	Cabotaje	Comercial	108
NCJ - SFN	Flyest	Cabotaje	Comercial	108
NCJ - SFN	Fuerza Aérea Argentina	Cabotaje	Av. General	108
NCJ - SFN	Macair Jet	Cabotaje	Comercial	108
NCJ - SFN	N/A	Cabotaje	Av. General	108
NCJ - SFN	N/A	Cabotaje	Comercial	108
LUQ - VME		Cabotaje	Av. General	103
VMA - VME		Cabotaje	Av. General	103
LUQ - VME		Cabotaje	Comercial	103
LUQ - VME	Ejército Argentino	Cabotaje	Av. General	103
LUQ - VME	Fuerza Aérea Argentina	Cabotaje	Av. General	103
LUQ - VME	N/A	Cabotaje	Av. General	103
VMA - VME	N/A	Cabotaje	Av. General	103
LUQ - VME	N/A	Cabotaje	Comercial	103
LUQ - VME	SOL Líneas Aéreas	Cabotaje	Av. General	103
LUQ - VME	SOL Líneas Aéreas	Cabotaje	Comercial	103
EMX - EQS		Cabotaje	Av. General	98
EMX - EQS	Ejército Argentino	Cabotaje	Av. General	98
EMX - EQS	N/A	Cabotaje	Av. General	98
EMX - EQS	Prefectura Naval Argentina	Cabotaje	Av. General	98
BRC - EMX		Cabotaje	Av. General	98
BRC - EMX		Cabotaje	Comercial	98
BRC - EMX	Ejército Argentino	Cabotaje	Av. General	98
BRC - EMX	N/A	Cabotaje	Av. General	98
PIL - RES	N/A	Internacional	Av. General	97
CUT - NQN		Cabotaje	Av. General	96
CUT - NQN		Cabotaje	Comercial	96
CUT - NQN	American Jet	Cabotaje	Av. General	96
CUT - NQN	American Jet	Cabotaje	Comercial	96
CUT - NQN	Ejército Argentino	Cabotaje	Av. General	96
CUT - NQN	LASA Argentina	Cabotaje	Av. General	96
CUT - NQN	LASA Argentina	Cabotaje	Comercial	96
CUT - NQN	N/A	Cabotaje	Av. General	96
CUT - NQN	N/A	Cabotaje	Comercial	96
OVR - TDL		Cabotaje	Av. General	96
OVR - TDL	American Jet	Cabotaje	Av. General	96
OVR - TDL	Ameriflight	Cabotaje	Av. General	96
OVR - TDL	Ejército Argentino	Cabotaje	Av. General	96
OVR - TDL	Fuerza Aérea Argentina	Cabotaje	Av. General	96
OVR - TDL	Gendarmería Nacional	Cabotaje	Av. General	96
OVR - TDL	N/A	Cabotaje	Av. General	96
NQN - VRG		Cabotaje	Av. General	94
NQN - VRG		Cabotaje	Comercial	94
NQN - VRG	Ejército Argentino	Cabotaje	Av. General	94
NQN - VRG	N/A	Cabotaje	Av. General	94
NQN - VRG	N/A	Cabotaje	Comercial	94
BRC - EHL		Cabotaje	Av. General	94
BRC - EHL		Cabotaje	Comercial	94
BRC - EHL	AeroSur	Cabotaje	Comercial	94
BRC - EHL	American Jet	Cabotaje	Comercial	94
BRC - EHL	Ejército Argentino	Cabotaje	Av. General	94
BRC - EHL	Fuerza Aérea Argentina	Cabotaje	Av. General	94
BRC - EHL	Gendarmería Nacional	Cabotaje	Av. General	94
BRC - EHL	Línea Aérea SAPSA	Cabotaje	Av. General	94
BRC - EHL	Línea Aérea SAPSA	Cabotaje	Comercial	94
BRC - EHL	N/A	Cabotaje	Av. General	94
BRC - EHL	N/A	Cabotaje	Comercial	94
MDQ - VLG		Cabotaje	Av. General	91
MDQ - VLG		Cabotaje	Comercial	91
MDQ - VLG	American Jet	Cabotaje	Comercial	91
MDQ - VLG	Fuerza Aérea Argentina	Cabotaje	Av. General	91
MDQ - VLG	LADE - Líneas Aéreas Del Estado	Cabotaje	Av. General	91
MDQ - VLG	LADE - Líneas Aéreas Del Estado	Cabotaje	Comercial	91
MDQ - VLG	Línea Aérea SAPSA	Cabotaje	Comercial	91
MDQ - VLG	Macair Jet	Cabotaje	Comercial	91
MDQ - VLG	N/A	Cabotaje	Av. General	91
MDQ - VLG	N/A	Cabotaje	Comercial	91
MDQ - VLG	Prefectura Naval Argentina	Cabotaje	Av. General	91
MDQ - VLG	SOL Líneas Aéreas	Cabotaje	Comercial	91
MJR - NEC	N/A	Cabotaje	Av. General	87
AYO - PSS		Internacional	Av. General	87
AYO - PSS	N/A	Internacional	Av. General	87
FDO - LPG		Cabotaje	Av. General	86
FDO - LPG		Cabotaje	Comercial	86
FDO - LPG	American Jet	Cabotaje	Av. General	86
FDO - LPG	American Jet	Cabotaje	Comercial	86
FDO - LPG	Ameriflight	Cabotaje	Av. General	86
FDO - LPG	Bell Helicopter Textron	Cabotaje	Av. General	86
FDO - LPG	Ejército Argentino	Cabotaje	Av. General	86
FDO - LPG	Fuerza Aérea Argentina	Cabotaje	Av. General	86
FDO - LPG	Gendarmería Nacional	Cabotaje	Av. General	86
FDO - LPG	N/A	Cabotaje	Av. General	86
FDO - LPG	N/A	Cabotaje	Comercial	86
FDO - LPG	Prefectura Naval Argentina	Cabotaje	Av. General	86
CRD - CVI		Cabotaje	Av. General	84
CRD - CVI		Cabotaje	Comercial	84
CRD - CVI	Aerolíneas Argentinas	Cabotaje	Av. General	84
CRD - CVI	Aerolíneas Argentinas	Cabotaje	Comercial	84
CRD - CVI	N/A	Cabotaje	Av. General	84
CRD - CVI	N/A	Cabotaje	Comercial	84
SST - VLG	N/A	Cabotaje	Av. General	82
SST - VLG	N/A	Cabotaje	Comercial	82
RAF - SFN		Cabotaje	Av. General	81
RAF - SFN		Cabotaje	Comercial	81
RAF - SFN	Ejército Argentino	Cabotaje	Av. General	81
RAF - SFN	Fuerza Aérea Argentina	Cabotaje	Av. General	81
RAF - SFN	Gendarmería Nacional	Cabotaje	Av. General	81
RAF - SFN	N/A	Cabotaje	Av. General	81
RAF - SFN	N/A	Cabotaje	Comercial	81
RAF - SFN	Prefectura Naval Argentina	Cabotaje	Av. General	81
CYR - EZE		Internacional	Av. General	81
CYR - EZE		Internacional	Comercial	81
CYR - EZE	Fuerza Aérea Uruguaya	Internacional	Av. General	81
CYR - EZE	N/A	Internacional	Av. General	81
CYR - EZE	N/A	Internacional	Comercial	81
EPA - LPG		Cabotaje	Av. General	77
EPA - LPG		Cabotaje	Comercial	77
EPA - LPG	Ejército Argentino	Cabotaje	Av. General	77
EPA - LPG	Fuerza Aérea Argentina	Cabotaje	Av. General	77
EPA - LPG	N/A	Cabotaje	Av. General	77
EPA - LPG	N/A	Cabotaje	Comercial	77
CNQ - PIL		Internacional	Av. General	77
LPG - MOR		Cabotaje	Av. General	76
LPG - MOR		Cabotaje	Comercial	76
LPG - MOR	Ejército Argentino	Cabotaje	Av. General	76
LPG - MOR	Fuerza Aérea Argentina	Cabotaje	Av. General	76
LPG - MOR	Gendarmería Nacional	Cabotaje	Av. General	76
LPG - MOR	N/A	Cabotaje	Av. General	76
LPG - MOR	N/A	Cabotaje	Comercial	76
CYR - FDO		Internacional	Av. General	75
CYR - FDO		Internacional	Comercial	75
CYR - FDO	Ameriflight	Internacional	Av. General	75
CYR - FDO	Avianca Uruguay	Internacional	Av. General	75
CYR - FDO	Fuerza Aérea Uruguaya	Internacional	Av. General	75
CYR - FDO	Jet Aviation	Internacional	Av. General	75
CYR - FDO	N/A	Internacional	Av. General	75
CYR - FDO	N/A	Internacional	Comercial	75
FMA - PIL	Fuerza Aérea Paraguaya	Internacional	Av. General	75
FMA - PIL	N/A	Internacional	Av. General	75
ELO - IGR		Cabotaje	Av. General	74
ELO - IGR		Cabotaje	Comercial	74
ELO - IGR	Dassault Aviation	Cabotaje	Comercial	74
ELO - IGR	Ejército Argentino	Cabotaje	Av. General	74
ELO - IGR	Gendarmería Nacional	Cabotaje	Av. General	74
ELO - IGR	N/A	Cabotaje	Av. General	74
ELO - IGR	N/A	Cabotaje	Comercial	74
ELO - IGR	Prefectura Naval Argentina	Cabotaje	Av. General	74
RHD - TUC		Cabotaje	Av. General	73
RHD - TUC		Cabotaje	Comercial	73
RHD - TUC	Aerolíneas Argentinas	Cabotaje	Comercial	73
RHD - TUC	American Jet	Cabotaje	Comercial	73
RHD - TUC	Ejército Argentino	Cabotaje	Av. General	73
RHD - TUC	Fuerza Aérea Argentina	Cabotaje	Av. General	73
RHD - TUC	Línea Aérea SAPSA	Cabotaje	Av. General	73
RHD - TUC	Línea Aérea SAPSA	Cabotaje	Comercial	73
RHD - TUC	Macair Jet	Cabotaje	Comercial	73
RHD - TUC	N/A	Cabotaje	Av. General	73
RHD - TUC	N/A	Cabotaje	Comercial	73
RHD - TUC	SOL Líneas Aéreas	Cabotaje	Av. General	73
LPG - PDI	Ejército Argentino	Cabotaje	Av. General	69
LPG - PDI	Gendarmería Nacional	Cabotaje	Av. General	69
LPG - PDI	N/A	Cabotaje	Av. General	69
RHD - SDE		Cabotaje	Av. General	67
RHD - SDE		Cabotaje	Comercial	67
RHD - SDE	Aerolíneas Argentinas	Cabotaje	Comercial	67
RHD - SDE	American Jet	Cabotaje	Comercial	67
RHD - SDE	Fuerza Aérea Argentina	Cabotaje	Av. General	67
RHD - SDE	Gendarmería Nacional	Cabotaje	Av. General	67
RHD - SDE	Línea Aérea SAPSA	Cabotaje	Comercial	67
RHD - SDE	N/A	Cabotaje	Av. General	67
RHD - SDE	N/A	Cabotaje	Comercial	67
AEP - LPG		Cabotaje	Av. General	66
AEP - LPG		Cabotaje	Comercial	66
AEP - LPG	American Jet	Cabotaje	Av. General	66
AEP - LPG	Avianca	Cabotaje	Av. General	66
AEP - LPG	Bell Helicopter Textron	Cabotaje	Av. General	66
AEP - LPG	Ejército Argentino	Cabotaje	Av. General	66
AEP - LPG	Fuerza Aérea Argentina	Cabotaje	Av. General	66
AEP - LPG	Macair Jet	Cabotaje	Av. General	66
AEP - LPG	Macair Jet	Cabotaje	Comercial	66
AEP - LPG	N/A	Cabotaje	Av. General	66
AEP - LPG	N/A	Cabotaje	Comercial	66
AEP - LPG	Prefectura Naval Argentina	Cabotaje	Av. General	66
AEP - LPG	SOL Líneas Aéreas	Cabotaje	Comercial	66
JUJ - SLA		Cabotaje	Av. General	65
JUJ - SLA		Cabotaje	Comercial	65
JUJ - SLA	Aerolíneas Argentinas	Cabotaje	Comercial	65
JUJ - SLA	American Jet	Cabotaje	Av. General	65
JUJ - SLA	American Jet	Cabotaje	Comercial	65
JUJ - SLA	Andes Líneas Aéreas	Cabotaje	Av. General	65
JUJ - SLA	Andes Líneas Aéreas	Cabotaje	Comercial	65
JUJ - SLA	Austral Líneas Aéreas	Cabotaje	Av. General	65
JUJ - SLA	Austral Líneas Aéreas	Cabotaje	Comercial	65
JUJ - SLA	Avianca	Cabotaje	Av. General	65
JUJ - SLA	Avianca	Cabotaje	Comercial	65
JUJ - SLA	Ejército Argentino	Cabotaje	Av. General	65
JUJ - SLA	Flybondi	Cabotaje	Comercial	65
JUJ - SLA	Fuerza Aérea Argentina	Cabotaje	Av. General	65
JUJ - SLA	Gendarmería Nacional	Cabotaje	Av. General	65
JUJ - SLA	Jet Aviation	Cabotaje	Comercial	65
JUJ - SLA	JetSMART Airlines	Cabotaje	Comercial	65
JUJ - SLA	Macair Jet	Cabotaje	Comercial	65
JUJ - SLA	N/A	Cabotaje	Av. General	65
JUJ - SLA	N/A	Cabotaje	Comercial	65
EZE - LPG		Cabotaje	Av. General	61
EZE - LPG		Cabotaje	Comercial	61
EZE - LPG	Fuerza Aérea Argentina	Cabotaje	Av. General	61
EZE - LPG	N/A	Cabotaje	Av. General	61
EZE - LPG	N/A	Cabotaje	Comercial	61
EZE - LPG	Prefectura Naval Argentina	Cabotaje	Av. General	61
EZE - LPG	Secretaria de Marina	Cabotaje	Av. General	61
AEP - CYR		Internacional	Av. General	60
AEP - CYR		Internacional	Comercial	60
AEP - CYR	Fuerza Aérea Uruguaya	Internacional	Av. General	60
AEP - CYR	N/A	Internacional	Av. General	60
AEP - CYR	N/A	Internacional	Comercial	60
PMY - REL		Cabotaje	Av. General	52
PMY - REL		Cabotaje	Comercial	52
PMY - REL	Aerolíneas Argentinas	Cabotaje	Comercial	52
PMY - REL	American Jet	Cabotaje	Av. General	52
PMY - REL	American Jet	Cabotaje	Comercial	52
PMY - REL	Armada Argentina	Cabotaje	Av. General	52
PMY - REL	Avianca Uruguay	Cabotaje	Av. General	52
PMY - REL	Ejército Argentino	Cabotaje	Av. General	52
PMY - REL	Fuerza Aérea Argentina	Cabotaje	Av. General	52
PMY - REL	N/A	Cabotaje	Av. General	52
PMY - REL	N/A	Cabotaje	Comercial	52
PMY - REL	Prefectura Naval Argentina	Cabotaje	Av. General	52
RLO - VDR		Cabotaje	Av. General	49
RLO - VDR	N/A	Cabotaje	Av. General	49
AGT - IGR		Internacional	Av. General	48
AGT - IGR		Internacional	Comercial	48
AGT - IGR	Austral Líneas Aéreas	Internacional	Av. General	48
AGT - IGR	Austral Líneas Aéreas	Internacional	Comercial	48
AGT - IGR	Fuerza Aérea Paraguaya	Internacional	Av. General	48
AGT - IGR	N/A	Internacional	Av. General	48
AGT - IGR	N/A	Internacional	Comercial	48
COR - LCM		Cabotaje	Av. General	47
COR - LCM		Cabotaje	Comercial	47
COR - LCM	Aerolíneas Argentinas	Cabotaje	Comercial	47
COR - LCM	Chief of Staff, United States Air Force	Cabotaje	Av. General	47
COR - LCM	Macair Jet	Cabotaje	Av. General	47
COR - LCM	N/A	Cabotaje	Av. General	47
COR - LCM	N/A	Cabotaje	Comercial	47
GNR - NQN		Cabotaje	Av. General	47
GNR - NQN		Cabotaje	Comercial	47
GNR - NQN	American Jet	Cabotaje	Av. General	47
GNR - NQN	American Jet	Cabotaje	Comercial	47
GNR - NQN	Austral Líneas Aéreas	Cabotaje	Comercial	47
GNR - NQN	DAP Helicopteros	Cabotaje	Av. General	47
GNR - NQN	Ejército Argentino	Cabotaje	Av. General	47
GNR - NQN	Fuerza Aérea Argentina	Cabotaje	Av. General	47
GNR - NQN	Línea Aérea SAPSA	Cabotaje	Av. General	47
GNR - NQN	Línea Aérea SAPSA	Cabotaje	Comercial	47
GNR - NQN	Macair Jet	Cabotaje	Comercial	47
GNR - NQN	N/A	Cabotaje	Av. General	47
GNR - NQN	N/A	Cabotaje	Comercial	47
GNR - NQN	Southern Air	Cabotaje	Av. General	47
OYA - RCQ		Cabotaje	Av. General	46
OYA - RCQ		Cabotaje	Comercial	46
OYA - RCQ	American Jet	Cabotaje	Av. General	46
OYA - RCQ	American Jet	Cabotaje	Comercial	46
OYA - RCQ	Ameriflight	Cabotaje	Av. General	46
OYA - RCQ	Ameriflight	Cabotaje	Comercial	46
OYA - RCQ	Armada Argentina	Cabotaje	Av. General	46
OYA - RCQ	Ejército Argentino	Cabotaje	Av. General	46
OYA - RCQ	Fuerza Aérea Argentina	Cabotaje	Av. General	46
OYA - RCQ	Gendarmería Nacional	Cabotaje	Av. General	46
OYA - RCQ	N/A	Cabotaje	Av. General	46
OYA - RCQ	N/A	Cabotaje	Comercial	46
OYA - RCQ	Prefectura Naval Argentina	Cabotaje	Av. General	46
USH - WPU		Internacional	Av. General	44
USH - WPU		Internacional	Comercial	44
USH - WPU	Aerovías DAP	Internacional	Av. General	44
USH - WPU	Aerovías DAP	Internacional	Comercial	44
USH - WPU	Armada Argentina	Internacional	Av. General	44
USH - WPU	DAP Helicopteros	Internacional	Av. General	44
USH - WPU	DAP Helicopteros	Internacional	Comercial	44
USH - WPU	N/A	Internacional	Av. General	44
USH - WPU	N/A	Internacional	Comercial	44
MDQ - MJR		Cabotaje	Av. General	42
MDQ - MJR		Cabotaje	Comercial	42
MDQ - MJR	Armada Argentina	Cabotaje	Av. General	42
MDQ - MJR	Fuerza Aérea Argentina	Cabotaje	Av. General	42
MDQ - MJR	LADE - Líneas Aéreas Del Estado	Cabotaje	Av. General	42
MDQ - MJR	LADE - Líneas Aéreas Del Estado	Cabotaje	Comercial	42
MDQ - MJR	N/A	Cabotaje	Av. General	42
MDQ - MJR	N/A	Cabotaje	Comercial	42
MDQ - MJR	Prefectura Naval Argentina	Cabotaje	Av. General	42
EZE - FDO		Cabotaje	Av. General	41
EZE - FDO		Cabotaje	Comercial	41
EZE - FDO	American Jet	Cabotaje	Av. General	41
EZE - FDO	American Jet	Cabotaje	Comercial	41
EZE - FDO	Ameriflight	Cabotaje	Av. General	41
EZE - FDO	Ameriflight	Cabotaje	Comercial	41
EZE - FDO	Armada Argentina	Cabotaje	Av. General	41
EZE - FDO	Austral Líneas Aéreas	Cabotaje	Av. General	41
EZE - FDO	Avianca Uruguay	Cabotaje	Av. General	41
EZE - FDO	Avianca Uruguay	Cabotaje	Comercial	41
EZE - FDO	Flybondi	Cabotaje	Comercial	41
EZE - FDO	Fuerza Aérea Argentina	Cabotaje	Av. General	41
EZE - FDO	Gendarmería Nacional	Cabotaje	Av. General	41
EZE - FDO	Gestair	Cabotaje	Comercial	41
EZE - FDO	LATAM Cargo Uruguay	Cabotaje	Av. General	41
EZE - FDO	LATAM Cargo Uruguay	Cabotaje	Comercial	41
EZE - FDO	Línea Aérea SAPSA	Cabotaje	Av. General	41
EZE - FDO	Línea Aérea SAPSA	Cabotaje	Comercial	41
EZE - FDO	Macair Jet	Cabotaje	Comercial	41
EZE - FDO	N/A	Cabotaje	Av. General	41
EZE - FDO	N/A	Cabotaje	Comercial	41
EZE - FDO	Prefectura Naval Argentina	Cabotaje	Av. General	41
ENO - EZE	Fuerza Aérea Argentina	Cabotaje	Av. General	37
AEP - ENO		Cabotaje	Av. General	34
AEP - ENO		Cabotaje	Comercial	34
AEP - ENO	Fuerza Aérea Argentina	Cabotaje	Av. General	34
AEP - ENO	N/A	Cabotaje	Av. General	34
AEP - ENO	N/A	Cabotaje	Comercial	34
PRA - SFN		Cabotaje	Av. General	33
PRA - SFN		Cabotaje	Comercial	33
PRA - SFN	American Jet	Cabotaje	Av. General	33
PRA - SFN	American Jet	Cabotaje	Comercial	33
PRA - SFN	Ejército Argentino	Cabotaje	Av. General	33
PRA - SFN	Flyest	Cabotaje	Comercial	33
PRA - SFN	Fuerza Aérea Argentina	Cabotaje	Av. General	33
PRA - SFN	Fuerza Aérea Brasilera	Cabotaje	Av. General	33
PRA - SFN	Gendarmería Nacional	Cabotaje	Av. General	33
PRA - SFN	Línea Aérea SAPSA	Cabotaje	Av. General	33
PRA - SFN	Línea Aérea SAPSA	Cabotaje	Comercial	33
PRA - SFN	N/A	Cabotaje	Av. General	33
PRA - SFN	N/A	Cabotaje	Comercial	33
PRA - SFN	Prefectura Naval Argentina	Cabotaje	Av. General	33
AEP - EZE		Cabotaje	Av. General	31
AEP - EZE		Cabotaje	Comercial	31
AEP - EZE	Aerolíneas Argentinas	Cabotaje	Av. General	31
AEP - EZE	Aerolíneas Argentinas	Cabotaje	Comercial	31
AEP - EZE	Aeroméxico	Cabotaje	Comercial	31
AEP - EZE	Amaszonas	Cabotaje	Comercial	31
AEP - EZE	American Jet	Cabotaje	Av. General	31
AEP - EZE	American Jet	Cabotaje	Comercial	31
AEP - EZE	Andes Líneas Aéreas	Cabotaje	Av. General	31
AEP - EZE	Andes Líneas Aéreas	Cabotaje	Comercial	31
AEP - EZE	Arajet	Cabotaje	Comercial	31
AEP - EZE	Armada Argentina	Cabotaje	Av. General	31
AEP - EZE	Austral Líneas Aéreas	Cabotaje	Comercial	31
AEP - EZE	Avianca	Cabotaje	Av. General	31
AEP - EZE	Avianca	Cabotaje	Comercial	31
AEP - EZE	Avianca Uruguay	Cabotaje	Comercial	31
AEP - EZE	Chief of Staff, United States Air Force	Cabotaje	Av. General	31
AEP - EZE	Copa Airlines	Cabotaje	Comercial	31
AEP - EZE	Dasnair	Cabotaje	Comercial	31
AEP - EZE	Flybondi	Cabotaje	Av. General	31
AEP - EZE	Flybondi	Cabotaje	Comercial	31
AEP - EZE	Flyest	Cabotaje	Comercial	31
AEP - EZE	Fuerza Aérea Argentina	Cabotaje	Av. General	31
AEP - EZE	Fuerza Aérea Uruguaya	Cabotaje	Av. General	31
EHL - EMX	Gendarmería Nacional	Cabotaje	Av. General	31
AEP - EZE	Gestair	Cabotaje	Av. General	31
AEP - EZE	Gestair	Cabotaje	Comercial	31
AEP - EZE	Gol Transportes Aéreos	Cabotaje	Comercial	31
AEP - EZE	Hong Kong Airlines	Cabotaje	Comercial	31
AEP - EZE	JetSMART Airlines	Cabotaje	Comercial	31
AEP - EZE	LATAM	Cabotaje	Comercial	31
AEP - EZE	LATAM Argentina	Cabotaje	Av. General	31
AEP - EZE	LATAM Argentina	Cabotaje	Comercial	31
AEP - EZE	LATAM Cargo Uruguay	Cabotaje	Av. General	31
AEP - EZE	LATAM Cargo Uruguay	Cabotaje	Comercial	31
AEP - EZE	LATAM Ecuador	Cabotaje	Comercial	31
AEP - EZE	LATAM Perú	Cabotaje	Comercial	31
AEP - EZE	Latin American Wings	Cabotaje	Comercial	31
AEP - EZE	Macair Jet	Cabotaje	Av. General	31
AEP - EZE	Macair Jet	Cabotaje	Comercial	31
AEP - EZE	N/A	Cabotaje	Av. General	31
EHL - EMX	N/A	Cabotaje	Av. General	31
AEP - EZE	N/A	Cabotaje	Comercial	31
AEP - EZE	NetJets	Cabotaje	Av. General	31
AEP - EZE	NetJets	Cabotaje	Comercial	31
AEP - EZE	Norwegian Air Argentina	Cabotaje	Av. General	31
AEP - EZE	Norwegian Air Argentina	Cabotaje	Comercial	31
AEP - EZE	Qatar Executive	Cabotaje	Comercial	31
AEP - EZE	Royal Air Force	Cabotaje	Av. General	31
AEP - EZE	Sky Airline	Cabotaje	Comercial	31
AEP - EZE	SOL Líneas Aéreas	Cabotaje	Comercial	31
AEP - EZE	TAG Aviation	Cabotaje	Av. General	31
AEP - EZE	TAG Aviation UK	Cabotaje	Av. General	31
AEP - EZE	TAM Linhas Aéreas	Cabotaje	Comercial	31
CNQ - RES		Cabotaje	Av. General	29
CNQ - RES		Cabotaje	Comercial	29
CNQ - RES	Aerolíneas Argentinas	Cabotaje	Comercial	29
CNQ - RES	Austral Líneas Aéreas	Cabotaje	Comercial	29
CNQ - RES	Ejército Argentino	Cabotaje	Av. General	29
CNQ - RES	Fuerza Aérea Argentina	Cabotaje	Av. General	29
CNQ - RES	Gendarmería Nacional	Cabotaje	Av. General	29
CNQ - RES	N/A	Cabotaje	Av. General	29
CNQ - RES	N/A	Cabotaje	Comercial	29
CNQ - RES	Prefectura Naval Argentina	Cabotaje	Av. General	29
FDO - MOR		Cabotaje	Av. General	25
FDO - MOR		Cabotaje	Comercial	25
FDO - MOR	Ameriflight	Cabotaje	Av. General	25
FDO - MOR	Avianca Uruguay	Cabotaje	Av. General	25
FDO - MOR	Ejército Argentino	Cabotaje	Av. General	25
FDO - MOR	Fuerza Aérea Argentina	Cabotaje	Av. General	25
FDO - MOR	Gendarmería Nacional	Cabotaje	Av. General	25
FDO - MOR	Heliworks	Cabotaje	Av. General	25
FDO - MOR	Jet Aviation	Cabotaje	Av. General	25
FDO - MOR	LATAM Cargo Uruguay	Cabotaje	Av. General	25
FDO - MOR	N/A	Cabotaje	Av. General	25
FDO - MOR	N/A	Cabotaje	Comercial	25
FDO - MOR	Prefectura Naval Argentina	Cabotaje	Av. General	25
EPA - EZE		Cabotaje	Av. General	25
EPA - EZE		Cabotaje	Comercial	25
EPA - EZE	Armada Argentina	Cabotaje	Av. General	25
EPA - EZE	Chief of Staff, United States Air Force	Cabotaje	Av. General	25
EPA - EZE	Flybondi	Cabotaje	Av. General	25
EPA - EZE	Flybondi	Cabotaje	Comercial	25
EPA - EZE	Fuerza Aérea Argentina	Cabotaje	Av. General	25
EPA - EZE	JetSMART Airlines	Cabotaje	Comercial	25
EPA - EZE	LADE - Líneas Aéreas Del Estado	Cabotaje	Av. General	25
EPA - EZE	LATAM	Cabotaje	Av. General	25
EPA - EZE	N/A	Cabotaje	Av. General	25
EPA - EZE	N/A	Cabotaje	Comercial	25
AEP - MOR		Cabotaje	Av. General	25
AEP - MOR		Cabotaje	Comercial	25
AEP - MOR	Aerolíneas Argentinas	Cabotaje	Comercial	25
AEP - MOR	American Jet	Cabotaje	Av. General	25
AEP - MOR	American Jet	Cabotaje	Comercial	25
AEP - MOR	Ecocopter SA	Cabotaje	Av. General	25
AEP - MOR	Ejército Argentino	Cabotaje	Av. General	25
AEP - MOR	Fuerza Aérea Argentina	Cabotaje	Av. General	25
AEP - MOR	Gendarmería Nacional	Cabotaje	Av. General	25
AEP - MOR	N/A	Cabotaje	Av. General	25
AEP - MOR	N/A	Cabotaje	Comercial	25
ENO - FDO		Cabotaje	Av. General	22
ENO - FDO		Cabotaje	Comercial	22
ENO - FDO	Ejército Argentino	Cabotaje	Av. General	22
ENO - FDO	Fuerza Aérea Argentina	Cabotaje	Av. General	22
ENO - FDO	N/A	Cabotaje	Av. General	22
AEP - FDO		Cabotaje	Av. General	20
AEP - FDO		Cabotaje	Comercial	20
AEP - FDO	Aeroandina	Cabotaje	Av. General	20
AEP - FDO	Aerolíneas Argentinas	Cabotaje	Av. General	20
AEP - FDO	Aerolíneas Argentinas	Cabotaje	Comercial	20
AEP - FDO	American Jet	Cabotaje	Av. General	20
AEP - FDO	American Jet	Cabotaje	Comercial	20
AEP - FDO	Ameriflight	Cabotaje	Av. General	20
AEP - FDO	Ameriflight	Cabotaje	Comercial	20
AEP - FDO	Armada Argentina	Cabotaje	Av. General	20
AEP - FDO	Austral Líneas Aéreas	Cabotaje	Comercial	20
AEP - FDO	Bell Helicopter Textron	Cabotaje	Av. General	20
AEP - FDO	Benair	Cabotaje	Av. General	20
AEP - FDO	Benair	Cabotaje	Comercial	20
AEP - FDO	Dassault Aviation	Cabotaje	Av. General	20
AEP - FDO	Ejército Argentino	Cabotaje	Av. General	20
AEP - FDO	Fuerza Aérea Argentina	Cabotaje	Av. General	20
AEP - FDO	Fuerza Aérea Uruguaya	Cabotaje	Av. General	20
AEP - FDO	Gendarmería Nacional	Cabotaje	Av. General	20
AEP - FDO	Línea Aérea SAPSA	Cabotaje	Av. General	20
AEP - FDO	Línea Aérea SAPSA	Cabotaje	Comercial	20
AEP - FDO	Macair Jet	Cabotaje	Av. General	20
AEP - FDO	Macair Jet	Cabotaje	Comercial	20
AEP - FDO	N/A	Cabotaje	Av. General	20
AEP - FDO	N/A	Cabotaje	Comercial	20
AEP - FDO	Prefectura Naval Argentina	Cabotaje	Av. General	20
EZE - MOR		Cabotaje	Av. General	19
EZE - MOR		Cabotaje	Comercial	19
EZE - MOR	Aerolíneas Argentinas	Cabotaje	Comercial	19
EZE - MOR	American Jet	Cabotaje	Av. General	19
EZE - MOR	American Jet	Cabotaje	Comercial	19
EZE - MOR	Avianca Uruguay	Cabotaje	Av. General	19
EZE - MOR	Avianca Uruguay	Cabotaje	Comercial	19
EZE - MOR	Ejército Argentino	Cabotaje	Av. General	19
EZE - MOR	Fuerza Aérea Argentina	Cabotaje	Av. General	19
EZE - MOR	LATAM Cargo Uruguay	Cabotaje	Av. General	19
EZE - MOR	LATAM Cargo Uruguay	Cabotaje	Comercial	19
EZE - MOR	N/A	Cabotaje	Av. General	19
EZE - MOR	N/A	Cabotaje	Comercial	19
AEP - EPA		Cabotaje	Av. General	19
AEP - EPA		Cabotaje	Comercial	19
AEP - EPA	Aerolíneas Argentinas	Cabotaje	Comercial	19
AEP - EPA	Aeroméxico	Cabotaje	Av. General	19
AEP - EPA	American Jet	Cabotaje	Comercial	19
AEP - EPA	Austral Líneas Aéreas	Cabotaje	Comercial	19
AEP - EPA	Ejército Argentino	Cabotaje	Av. General	19
AEP - EPA	Flyest	Cabotaje	Comercial	19
AEP - EPA	Fuerza Aérea Argentina	Cabotaje	Av. General	19
AEP - EPA	Fuerza Aérea Argentina	Cabotaje	Comercial	19
AEP - EPA	Fuerza Aérea Paraguaya	Cabotaje	Av. General	19
AEP - EPA	Fuerza Aérea Uruguaya	Cabotaje	Av. General	19
AEP - EPA	Gendarmería Nacional	Cabotaje	Av. General	19
AEP - EPA	JetSMART Airlines	Cabotaje	Comercial	19
AEP - EPA	LADE - Líneas Aéreas Del Estado	Cabotaje	Av. General	19
AEP - EPA	N/A	Cabotaje	Av. General	19
AEP - EPA	N/A	Cabotaje	Comercial	19
ENO - MOR		Cabotaje	Av. General	19
ENO - MOR		Cabotaje	Comercial	19
ENO - MOR	Fuerza Aérea Argentina	Cabotaje	Av. General	19
ENO - MOR	N/A	Cabotaje	Av. General	19
EPA - FDO		Cabotaje	Av. General	18
EPA - FDO		Cabotaje	Comercial	18
EPA - FDO	Ameriflight	Cabotaje	Av. General	18
EPA - FDO	Ejército Argentino	Cabotaje	Av. General	18
EPA - FDO	Fuerza Aérea Argentina	Cabotaje	Av. General	18
EPA - FDO	Fuerza Aérea Uruguaya	Cabotaje	Av. General	18
EPA - FDO	Gendarmería Nacional	Cabotaje	Av. General	18
EPA - FDO	N/A	Cabotaje	Av. General	18
EPA - FDO	N/A	Cabotaje	Comercial	18
EPA - FDO	Prefectura Naval Argentina	Cabotaje	Av. General	18
ENO - EPA		Cabotaje	Av. General	17
ENO - EPA	Fuerza Aérea Argentina	Cabotaje	Av. General	17
ENO - EPA	Malaysia Airlines	Cabotaje	Av. General	17
ENO - EPA	N/A	Cabotaje	Av. General	17
ENO - EPA	N/A	Cabotaje	Comercial	17
COC - STY		Internacional	Av. General	16
COC - STY	N/A	Internacional	Av. General	16
IGR - IGU		Internacional	Av. General	15
IGR - IGU		Internacional	Comercial	15
IGR - IGU	AirTanker Services	Internacional	Av. General	15
IGR - IGU	ASL Airlines France	Internacional	Comercial	15
IGR - IGU	Bell Helicopter Textron	Internacional	Av. General	15
IGR - IGU	Continental Airlines	Internacional	Av. General	15
IGR - IGU	Ejército Argentino	Internacional	Av. General	15
IGR - IGU	Fly Linhas Aéreas	Internacional	Av. General	15
IGR - IGU	Fuerza Aérea Brasilera	Internacional	Av. General	15
IGR - IGU	Gendarmería Nacional	Internacional	Av. General	15
IGR - IGU	JetSMART Airlines	Internacional	Comercial	15
IGR - IGU	LATAM Argentina	Internacional	Comercial	15
IGR - IGU	N/A	Internacional	Av. General	15
IGR - IGU	N/A	Internacional	Comercial	15
IGR - IGU	NetJets	Internacional	Av. General	15
IGR - IGU	Planet Airways	Internacional	Comercial	15
IGR - IGU	Prefectura Naval Argentina	Internacional	Av. General	15
ENO - PSS		Internacional	Av. General	11
ENO - PSS		Internacional	Comercial	11
ENO - PSS	Ejército Argentino	Internacional	Av. General	11
ENO - PSS	Gendarmería Nacional	Internacional	Av. General	11
ENO - PSS	N/A	Internacional	Av. General	11
EPA - MOR		Cabotaje	Av. General	8
EPA - MOR		Cabotaje	Comercial	8
EPA - MOR	Ejército Argentino	Cabotaje	Av. General	8
EPA - MOR	Fuerza Aérea Argentina	Cabotaje	Av. General	8
EPA - MOR	Gendarmería Nacional	Cabotaje	Av. General	8
EPA - MOR	N/A	Cabotaje	Av. General	8
EPA - MOR	N/A	Cabotaje	Comercial	8
LGS - LGS		Cabotaje	Av. General	0
LGS - LGS		Cabotaje	Comercial	0
LGS - LGS	American Jet	Cabotaje	Comercial	0
LGS - LGS	Ejército Argentino	Cabotaje	Av. General	0
LGS - LGS	Fuerza Aérea Argentina	Cabotaje	Av. General	0
LGS - LGS	N/A	Cabotaje	Av. General	0
LGS - LGS	N/A	Cabotaje	Comercial	0
BHI - BHI		Cabotaje	Av. General	0
BRC - BRC		Cabotaje	Av. General	0
CRD - CRD		Cabotaje	Av. General	0
EQS - EQS		Cabotaje	Av. General	0
LUQ - LUQ		Cabotaje	Av. General	0
LUQ - VMA		Cabotaje	Av. General	0
PMY - PMY		Cabotaje	Av. General	0
PSS - PSS		Cabotaje	Av. General	0
REL - REL		Cabotaje	Av. General	0
UAQ - UAQ		Cabotaje	Av. General	0
BHI - BHI		Cabotaje	Comercial	0
BRC - BRC		Cabotaje	Comercial	0
CRD - CRD		Cabotaje	Comercial	0
EQS - EQS		Cabotaje	Comercial	0
LUQ - LUQ		Cabotaje	Comercial	0
PMY - PMY		Cabotaje	Comercial	0
PSS - PSS		Cabotaje	Comercial	0
REL - REL		Cabotaje	Comercial	0
UAQ - UAQ		Cabotaje	Comercial	0
BHI - BHI	Aerolíneas Argentinas	Cabotaje	Comercial	0
BRC - BRC	Aerolíneas Argentinas	Cabotaje	Comercial	0
CRD - CRD	Aerolíneas Argentinas	Cabotaje	Comercial	0
EQS - EQS	Aerolíneas Argentinas	Cabotaje	Comercial	0
LUQ - LUQ	Aerolíneas Argentinas	Cabotaje	Comercial	0
PMY - PMY	Aerolíneas Argentinas	Cabotaje	Comercial	0
PSS - PSS	Aerolíneas Argentinas	Cabotaje	Comercial	0
REL - REL	Aerolíneas Argentinas	Cabotaje	Comercial	0
CRD - CRD	American Jet	Cabotaje	Comercial	0
EQS - EQS	American Jet	Cabotaje	Comercial	0
UAQ - UAQ	American Jet	Cabotaje	Comercial	0
BRC - BRC	Andes Líneas Aéreas	Cabotaje	Comercial	0
PMY - PMY	Andes Líneas Aéreas	Cabotaje	Comercial	0
BHI - BHI	Armada Argentina	Cabotaje	Av. General	0
BRC - BRC	Armada Argentina	Cabotaje	Av. General	0
CRD - CRD	Armada Argentina	Cabotaje	Av. General	0
PMY - PMY	Armada Argentina	Cabotaje	Av. General	0
REL - REL	Armada Argentina	Cabotaje	Av. General	0
BHI - BHI	Austral Líneas Aéreas	Cabotaje	Comercial	0
CRD - CRD	Austral Líneas Aéreas	Cabotaje	Comercial	0
LUQ - LUQ	Austral Líneas Aéreas	Cabotaje	Comercial	0
PMY - PMY	Austral Líneas Aéreas	Cabotaje	Comercial	0
PSS - PSS	Austral Líneas Aéreas	Cabotaje	Comercial	0
UAQ - UAQ	Austral Líneas Aéreas	Cabotaje	Comercial	0
UAQ - UAQ	Ecocopter SA	Cabotaje	Av. General	0
BHI - BHI	Ejército Argentino	Cabotaje	Av. General	0
BRC - BRC	Ejército Argentino	Cabotaje	Av. General	0
CRD - CRD	Ejército Argentino	Cabotaje	Av. General	0
EQS - EQS	Ejército Argentino	Cabotaje	Av. General	0
LUQ - LUQ	Ejército Argentino	Cabotaje	Av. General	0
PMY - PMY	Ejército Argentino	Cabotaje	Av. General	0
PSS - PSS	Ejército Argentino	Cabotaje	Av. General	0
REL - REL	Ejército Argentino	Cabotaje	Av. General	0
UAQ - UAQ	Ejército Argentino	Cabotaje	Av. General	0
UAQ - UAQ	EuroAtlantic Airways	Cabotaje	Av. General	0
PMY - PMY	Flybondi	Cabotaje	Comercial	0
PSS - PSS	Flybondi	Cabotaje	Comercial	0
BHI - BHI	Fuerza Aérea Argentina	Cabotaje	Av. General	0
BRC - BRC	Fuerza Aérea Argentina	Cabotaje	Av. General	0
CRD - CRD	Fuerza Aérea Argentina	Cabotaje	Av. General	0
EQS - EQS	Fuerza Aérea Argentina	Cabotaje	Av. General	0
LUQ - LUQ	Fuerza Aérea Argentina	Cabotaje	Av. General	0
PMY - PMY	Fuerza Aérea Argentina	Cabotaje	Av. General	0
PSS - PSS	Fuerza Aérea Argentina	Cabotaje	Av. General	0
REL - REL	Fuerza Aérea Argentina	Cabotaje	Av. General	0
UAQ - UAQ	Fuerza Aérea Argentina	Cabotaje	Av. General	0
BHI - BHI	Gendarmería Nacional	Cabotaje	Av. General	0
BRC - BRC	Gendarmería Nacional	Cabotaje	Av. General	0
CRD - CRD	Gendarmería Nacional	Cabotaje	Av. General	0
EQS - EQS	Gendarmería Nacional	Cabotaje	Av. General	0
PSS - PSS	Gendarmería Nacional	Cabotaje	Av. General	0
UAQ - UAQ	Gendarmería Nacional	Cabotaje	Av. General	0
CRD - CRD	LADE - Líneas Aéreas Del Estado	Cabotaje	Av. General	0
CRD - CRD	LADE - Líneas Aéreas Del Estado	Cabotaje	Comercial	0
BHI - BHI	N/A	Cabotaje	Av. General	0
BRC - BRC	N/A	Cabotaje	Av. General	0
CRD - CRD	N/A	Cabotaje	Av. General	0
EQS - EQS	N/A	Cabotaje	Av. General	0
LUQ - LUQ	N/A	Cabotaje	Av. General	0
LUQ - VMA	N/A	Cabotaje	Av. General	0
PMY - PMY	N/A	Cabotaje	Av. General	0
PSS - PSS	N/A	Cabotaje	Av. General	0
REL - REL	N/A	Cabotaje	Av. General	0
UAQ - UAQ	N/A	Cabotaje	Av. General	0
BHI - BHI	N/A	Cabotaje	Comercial	0
BRC - BRC	N/A	Cabotaje	Comercial	0
CRD - CRD	N/A	Cabotaje	Comercial	0
EQS - EQS	N/A	Cabotaje	Comercial	0
LUQ - LUQ	N/A	Cabotaje	Comercial	0
LUQ - VMA	N/A	Cabotaje	Comercial	0
PMY - PMY	N/A	Cabotaje	Comercial	0
PSS - PSS	N/A	Cabotaje	Comercial	0
REL - REL	N/A	Cabotaje	Comercial	0
UAQ - UAQ	N/A	Cabotaje	Comercial	0
BHI - BHI	Polar Air Cargo	Cabotaje	Av. General	0
BHI - BHI	Prefectura Naval Argentina	Cabotaje	Av. General	0
CRD - CRD	Prefectura Naval Argentina	Cabotaje	Av. General	0
EQS - EQS	Prefectura Naval Argentina	Cabotaje	Av. General	0
PMY - PMY	Prefectura Naval Argentina	Cabotaje	Av. General	0
PSS - PSS	Prefectura Naval Argentina	Cabotaje	Av. General	0
REL - REL	Prefectura Naval Argentina	Cabotaje	Av. General	0
REL - REL	SOL Líneas Aéreas	Cabotaje	Av. General	0
BHI - BHI	SOL Líneas Aéreas	Cabotaje	Comercial	0
CRD - CRD	SOL Líneas Aéreas	Cabotaje	Comercial	0
REL - REL	SOL Líneas Aéreas	Cabotaje	Comercial	0
LUQ - LUQ	TAPSA Transportes Aéreos Petroleros	Cabotaje	Av. General	0
AEP - AEP		Cabotaje	Av. General	
AEP - CTC		Cabotaje	Av. General	
AFA - AFA		Cabotaje	Av. General	
AFA - CTC		Cabotaje	Av. General	
BHI - CTC		Cabotaje	Av. General	
BRC - PMQ		Cabotaje	Av. General	
CNQ - CNQ		Cabotaje	Av. General	
CNQ - CTC		Cabotaje	Av. General	
COC - COC		Cabotaje	Av. General	
COR - COR		Cabotaje	Av. General	
COR - CTC		Cabotaje	Av. General	
CPC - CPC		Cabotaje	Av. General	
CRD - CTC		Cabotaje	Av. General	
CRD - PMQ		Cabotaje	Av. General	
CTC - CTC		Cabotaje	Av. General	
CTC - EQS		Cabotaje	Av. General	
CTC - FDO		Cabotaje	Av. General	
CTC - IGR		Cabotaje	Av. General	
CTC - IRJ		Cabotaje	Av. General	
CTC - JUJ		Cabotaje	Av. General	
CTC - LCM		Cabotaje	Av. General	
CTC - LUQ		Cabotaje	Av. General	
CTC - MDZ		Cabotaje	Av. General	
CTC - MOR		Cabotaje	Av. General	
CTC - NQN		Cabotaje	Av. General	
CTC - PRA		Cabotaje	Av. General	
CTC - PSS		Cabotaje	Av. General	
CTC - RCU		Cabotaje	Av. General	
CTC - RES		Cabotaje	Av. General	
CTC - RHD		Cabotaje	Av. General	
CTC - RLO		Cabotaje	Av. General	
CTC - ROS		Cabotaje	Av. General	
CTC - RSA		Cabotaje	Av. General	
CTC - SDE		Cabotaje	Av. General	
CTC - SFN		Cabotaje	Av. General	
CTC - SLA		Cabotaje	Av. General	
CTC - TUC		Cabotaje	Av. General	
CTC - UAQ		Cabotaje	Av. General	
CTC - VDM		Cabotaje	Av. General	
EPA - EPA		Cabotaje	Av. General	
EQS - PMQ		Cabotaje	Av. General	
EZE - EZE		Cabotaje	Av. General	
FDO - FDO		Cabotaje	Av. General	
FMA - FMA		Cabotaje	Av. General	
FTE - FTE		Cabotaje	Av. General	
FTE - PMQ		Cabotaje	Av. General	
GPO - GPO		Cabotaje	Av. General	
IGR - IGR		Cabotaje	Av. General	
IRJ - IRJ		Cabotaje	Av. General	
JUJ - JUJ		Cabotaje	Av. General	
MDQ - MDQ		Cabotaje	Av. General	
MDZ - MDZ		Cabotaje	Av. General	
MDZ - PMQ		Cabotaje	Av. General	
MOR - MOR		Cabotaje	Av. General	
NQN - NQN		Cabotaje	Av. General	
OYA - OYA		Cabotaje	Av. General	
PMQ - REL		Cabotaje	Av. General	
PMQ - RGL		Cabotaje	Av. General	
PRA - PRA		Cabotaje	Av. General	
RCQ - RCQ		Cabotaje	Av. General	
RCU - RCU		Cabotaje	Av. General	
RES - RES		Cabotaje	Av. General	
RGA - RGA		Cabotaje	Av. General	
RGL - RGL		Cabotaje	Av. General	
RHD - RHD		Cabotaje	Av. General	
RLO - RLO		Cabotaje	Av. General	
ROS - ROS		Cabotaje	Av. General	
RSA - RSA		Cabotaje	Av. General	
SDE - SDE		Cabotaje	Av. General	
SFN - SFN		Cabotaje	Av. General	
SLA - SLA		Cabotaje	Av. General	
SST - SST		Cabotaje	Av. General	
TDL - TDL		Cabotaje	Av. General	
TUC - TUC		Cabotaje	Av. General	
USH - USH		Cabotaje	Av. General	
VDM - VDM		Cabotaje	Av. General	
VME - VME		Cabotaje	Av. General	
AEP - AEP		Cabotaje	Comercial	
AEP - CTC		Cabotaje	Comercial	
AFA - AFA		Cabotaje	Comercial	
AFA - CTC		Cabotaje	Comercial	
BHI - CTC		Cabotaje	Comercial	
BRC - PMQ		Cabotaje	Comercial	
CNQ - CNQ		Cabotaje	Comercial	
COR - COR		Cabotaje	Comercial	
COR - CTC		Cabotaje	Comercial	
CPC - CPC		Cabotaje	Comercial	
CRD - CTC		Cabotaje	Comercial	
CRD - PMQ		Cabotaje	Comercial	
CTC - CTC		Cabotaje	Comercial	
CTC - EZE		Cabotaje	Comercial	
CTC - FDO		Cabotaje	Comercial	
CTC - IGR		Cabotaje	Comercial	
CTC - IRJ		Cabotaje	Comercial	
CTC - JUJ		Cabotaje	Comercial	
CTC - MDQ		Cabotaje	Comercial	
CTC - MDZ		Cabotaje	Comercial	
CTC - NQN		Cabotaje	Comercial	
CTC - REL		Cabotaje	Comercial	
CTC - RES		Cabotaje	Comercial	
CTC - ROS		Cabotaje	Comercial	
CTC - RSA		Cabotaje	Comercial	
CTC - SDE		Cabotaje	Comercial	
CTC - SFN		Cabotaje	Comercial	
CTC - SLA		Cabotaje	Comercial	
CTC - TUC		Cabotaje	Comercial	
CTC - UAQ		Cabotaje	Comercial	
CTC - USH		Cabotaje	Comercial	
CTC - VDM		Cabotaje	Comercial	
EPA - EPA		Cabotaje	Comercial	
EQS - PMQ		Cabotaje	Comercial	
EZE - EZE		Cabotaje	Comercial	
EZE - PMQ		Cabotaje	Comercial	
FDO - FDO		Cabotaje	Comercial	
FMA - FMA		Cabotaje	Comercial	
FTE - FTE		Cabotaje	Comercial	
FTE - PMQ		Cabotaje	Comercial	
GPO - GPO		Cabotaje	Comercial	
IGR - IGR		Cabotaje	Comercial	
IRJ - IRJ		Cabotaje	Comercial	
JUJ - JUJ		Cabotaje	Comercial	
MDQ - MDQ		Cabotaje	Comercial	
MDZ - MDZ		Cabotaje	Comercial	
MOR - MOR		Cabotaje	Comercial	
NQN - NQN		Cabotaje	Comercial	
PMQ - RGL		Cabotaje	Comercial	
PMQ - VDM		Cabotaje	Comercial	
PRA - PRA		Cabotaje	Comercial	
RCQ - RCQ		Cabotaje	Comercial	
RCU - RCU		Cabotaje	Comercial	
RES - RES		Cabotaje	Comercial	
RGA - RGA		Cabotaje	Comercial	
RGL - RGL		Cabotaje	Comercial	
RHD - RHD		Cabotaje	Comercial	
ROS - ROS		Cabotaje	Comercial	
RSA - RSA		Cabotaje	Comercial	
SDE - SDE		Cabotaje	Comercial	
SFN - SFN		Cabotaje	Comercial	
SLA - SLA		Cabotaje	Comercial	
TUC - TUC		Cabotaje	Comercial	
USH - USH		Cabotaje	Comercial	
VDM - VDM		Cabotaje	Comercial	
VME - VME		Cabotaje	Comercial	
SLA - SLA	ACM Air Charter	Cabotaje	Av. General	
AEP - AEP	Aerolíneas Argentinas	Cabotaje	Av. General	
CPC - CPC	Aerolíneas Argentinas	Cabotaje	Av. General	
EZE - EZE	Aerolíneas Argentinas	Cabotaje	Av. General	
PRA - PRA	Aerolíneas Argentinas	Cabotaje	Av. General	
AEP - AEP	Aerolíneas Argentinas	Cabotaje	Comercial	
AEP - CTC	Aerolíneas Argentinas	Cabotaje	Comercial	
AFA - AFA	Aerolíneas Argentinas	Cabotaje	Comercial	
CNQ - CNQ	Aerolíneas Argentinas	Cabotaje	Comercial	
COR - COR	Aerolíneas Argentinas	Cabotaje	Comercial	
COR - CTC	Aerolíneas Argentinas	Cabotaje	Comercial	
CPC - CPC	Aerolíneas Argentinas	Cabotaje	Comercial	
CTC - CTC	Aerolíneas Argentinas	Cabotaje	Comercial	
CTC - EZE	Aerolíneas Argentinas	Cabotaje	Comercial	
CTC - IRJ	Aerolíneas Argentinas	Cabotaje	Comercial	
CTC - SLA	Aerolíneas Argentinas	Cabotaje	Comercial	
EZE - EZE	Aerolíneas Argentinas	Cabotaje	Comercial	
FTE - FTE	Aerolíneas Argentinas	Cabotaje	Comercial	
IGR - IGR	Aerolíneas Argentinas	Cabotaje	Comercial	
IRJ - IRJ	Aerolíneas Argentinas	Cabotaje	Comercial	
JUJ - JUJ	Aerolíneas Argentinas	Cabotaje	Comercial	
MDQ - MDQ	Aerolíneas Argentinas	Cabotaje	Comercial	
MDZ - MDZ	Aerolíneas Argentinas	Cabotaje	Comercial	
NQN - NQN	Aerolíneas Argentinas	Cabotaje	Comercial	
PRA - PRA	Aerolíneas Argentinas	Cabotaje	Comercial	
RES - RES	Aerolíneas Argentinas	Cabotaje	Comercial	
RGA - RGA	Aerolíneas Argentinas	Cabotaje	Comercial	
RGL - RGL	Aerolíneas Argentinas	Cabotaje	Comercial	
ROS - ROS	Aerolíneas Argentinas	Cabotaje	Comercial	
RSA - RSA	Aerolíneas Argentinas	Cabotaje	Comercial	
SDE - SDE	Aerolíneas Argentinas	Cabotaje	Comercial	
SFN - SFN	Aerolíneas Argentinas	Cabotaje	Comercial	
SLA - SLA	Aerolíneas Argentinas	Cabotaje	Comercial	
TUC - TUC	Aerolíneas Argentinas	Cabotaje	Comercial	
USH - USH	Aerolíneas Argentinas	Cabotaje	Comercial	
MOR - MOR	Aeronorte	Cabotaje	Av. General	
CPC - CPC	AeroSur	Cabotaje	Av. General	
NQN - NQN	AeroSur	Cabotaje	Av. General	
EZE - EZE	Air Canada	Cabotaje	Comercial	
EZE - EZE	Air New Zealand	Cabotaje	Comercial	
USH - USH	Almaty Aviation	Cabotaje	Comercial	
EZE - EZE	Amaszonas	Cabotaje	Comercial	
SLA - SLA	Amaszonas	Cabotaje	Comercial	
EZE - EZE	American Airlines	Cabotaje	Comercial	
AEP - AEP	American Jet	Cabotaje	Av. General	
AFA - PMQ	American Jet	Cabotaje	Av. General	
BHI - CTC	American Jet	Cabotaje	Av. General	
BHI - PMQ	American Jet	Cabotaje	Av. General	
COR - COR	American Jet	Cabotaje	Av. General	
COR - CTC	American Jet	Cabotaje	Av. General	
CRD - CTC	American Jet	Cabotaje	Av. General	
CRD - PMQ	American Jet	Cabotaje	Av. General	
CTC - EZE	American Jet	Cabotaje	Av. General	
CTC - FDO	American Jet	Cabotaje	Av. General	
CTC - IRJ	American Jet	Cabotaje	Av. General	
CTC - JUJ	American Jet	Cabotaje	Av. General	
CTC - MDZ	American Jet	Cabotaje	Av. General	
CTC - NQN	American Jet	Cabotaje	Av. General	
CTC - SLA	American Jet	Cabotaje	Av. General	
CTC - TUC	American Jet	Cabotaje	Av. General	
CTC - UAQ	American Jet	Cabotaje	Av. General	
EZE - PMQ	American Jet	Cabotaje	Av. General	
FDO - FDO	American Jet	Cabotaje	Av. General	
FDO - PMQ	American Jet	Cabotaje	Av. General	
IRJ - IRJ	American Jet	Cabotaje	Av. General	
JUJ - JUJ	American Jet	Cabotaje	Av. General	
MOR - MOR	American Jet	Cabotaje	Av. General	
MOR - PMQ	American Jet	Cabotaje	Av. General	
NQN - NQN	American Jet	Cabotaje	Av. General	
PMQ - REL	American Jet	Cabotaje	Av. General	
SLA - SLA	American Jet	Cabotaje	Av. General	
AEP - AEP	American Jet	Cabotaje	Comercial	
AEP - CTC	American Jet	Cabotaje	Comercial	
AEP - PMQ	American Jet	Cabotaje	Comercial	
AFA - PMQ	American Jet	Cabotaje	Comercial	
BHI - PMQ	American Jet	Cabotaje	Comercial	
COR - COR	American Jet	Cabotaje	Comercial	
COR - CTC	American Jet	Cabotaje	Comercial	
CPC - CTC	American Jet	Cabotaje	Comercial	
CPC - PMQ	American Jet	Cabotaje	Comercial	
CRD - CTC	American Jet	Cabotaje	Comercial	
CRD - PMQ	American Jet	Cabotaje	Comercial	
CTC - EZE	American Jet	Cabotaje	Comercial	
CTC - FDO	American Jet	Cabotaje	Comercial	
CTC - IRJ	American Jet	Cabotaje	Comercial	
CTC - JUJ	American Jet	Cabotaje	Comercial	
CTC - MDZ	American Jet	Cabotaje	Comercial	
CTC - NQN	American Jet	Cabotaje	Comercial	
CTC - SDE	American Jet	Cabotaje	Comercial	
CTC - SLA	American Jet	Cabotaje	Comercial	
CTC - TUC	American Jet	Cabotaje	Comercial	
CTC - UAQ	American Jet	Cabotaje	Comercial	
EQS - PMQ	American Jet	Cabotaje	Comercial	
EZE - EZE	American Jet	Cabotaje	Comercial	
EZE - PMQ	American Jet	Cabotaje	Comercial	
FDO - FDO	American Jet	Cabotaje	Comercial	
FDO - PMQ	American Jet	Cabotaje	Comercial	
FTE - PMQ	American Jet	Cabotaje	Comercial	
GPO - GPO	American Jet	Cabotaje	Comercial	
JUJ - JUJ	American Jet	Cabotaje	Comercial	
MDQ - MDQ	American Jet	Cabotaje	Comercial	
MDZ - MDZ	American Jet	Cabotaje	Comercial	
MDZ - PMQ	American Jet	Cabotaje	Comercial	
NQN - NQN	American Jet	Cabotaje	Comercial	
NQN - PMQ	American Jet	Cabotaje	Comercial	
PMQ - PMY	American Jet	Cabotaje	Comercial	
PMQ - REL	American Jet	Cabotaje	Comercial	
PMQ - SFN	American Jet	Cabotaje	Comercial	
PMQ - TUC	American Jet	Cabotaje	Comercial	
PMQ - UAQ	American Jet	Cabotaje	Comercial	
PMQ - VDM	American Jet	Cabotaje	Comercial	
PRA - PRA	American Jet	Cabotaje	Comercial	
SLA - SLA	American Jet	Cabotaje	Comercial	
CTC - MDZ	Ameriflight	Cabotaje	Av. General	
FDO - FDO	Ameriflight	Cabotaje	Av. General	
LPG - LPG	Ameriflight	Cabotaje	Av. General	
RCQ - RCQ	Ameriflight	Cabotaje	Av. General	
FDO - FDO	Ameriflight	Cabotaje	Comercial	
AEP - AEP	Andes Líneas Aéreas	Cabotaje	Av. General	
MDQ - MDQ	Andes Líneas Aéreas	Cabotaje	Av. General	
SLA - SLA	Andes Líneas Aéreas	Cabotaje	Av. General	
AEP - AEP	Andes Líneas Aéreas	Cabotaje	Comercial	
COR - COR	Andes Líneas Aéreas	Cabotaje	Comercial	
EZE - EZE	Andes Líneas Aéreas	Cabotaje	Comercial	
JUJ - JUJ	Andes Líneas Aéreas	Cabotaje	Comercial	
MDQ - MDQ	Andes Líneas Aéreas	Cabotaje	Comercial	
SDE - SDE	Andes Líneas Aéreas	Cabotaje	Comercial	
SLA - SLA	Andes Líneas Aéreas	Cabotaje	Comercial	
AEP - AEP	Armada Argentina	Cabotaje	Av. General	
CTC - CTC	Armada Argentina	Cabotaje	Av. General	
EZE - EZE	Armada Argentina	Cabotaje	Av. General	
MDQ - MDQ	Armada Argentina	Cabotaje	Av. General	
RCU - RCU	Armada Argentina	Cabotaje	Av. General	
RGA - RGA	Armada Argentina	Cabotaje	Av. General	
RGL - RGL	Armada Argentina	Cabotaje	Av. General	
ROS - ROS	Armada Argentina	Cabotaje	Av. General	
USH - USH	Armada Argentina	Cabotaje	Av. General	
AEP - AEP	Austral Líneas Aéreas	Cabotaje	Av. General	
CPC - CPC	Austral Líneas Aéreas	Cabotaje	Av. General	
FDO - FDO	Austral Líneas Aéreas	Cabotaje	Av. General	
MOR - MOR	Austral Líneas Aéreas	Cabotaje	Av. General	
AEP - AEP	Austral Líneas Aéreas	Cabotaje	Comercial	
AFA - AFA	Austral Líneas Aéreas	Cabotaje	Comercial	
CNQ - CNQ	Austral Líneas Aéreas	Cabotaje	Comercial	
COR - COR	Austral Líneas Aéreas	Cabotaje	Comercial	
CTC - CTC	Austral Líneas Aéreas	Cabotaje	Comercial	
CTC - EZE	Austral Líneas Aéreas	Cabotaje	Comercial	
CTC - IRJ	Austral Líneas Aéreas	Cabotaje	Comercial	
EZE - EZE	Austral Líneas Aéreas	Cabotaje	Comercial	
FDO - FDO	Austral Líneas Aéreas	Cabotaje	Comercial	
IGR - IGR	Austral Líneas Aéreas	Cabotaje	Comercial	
IRJ - IRJ	Austral Líneas Aéreas	Cabotaje	Comercial	
JUJ - JUJ	Austral Líneas Aéreas	Cabotaje	Comercial	
MDQ - MDQ	Austral Líneas Aéreas	Cabotaje	Comercial	
MDZ - MDZ	Austral Líneas Aéreas	Cabotaje	Comercial	
NQN - NQN	Austral Líneas Aéreas	Cabotaje	Comercial	
PRA - PRA	Austral Líneas Aéreas	Cabotaje	Comercial	
RCU - RCU	Austral Líneas Aéreas	Cabotaje	Comercial	
RES - RES	Austral Líneas Aéreas	Cabotaje	Comercial	
ROS - ROS	Austral Líneas Aéreas	Cabotaje	Comercial	
RSA - RSA	Austral Líneas Aéreas	Cabotaje	Comercial	
SDE - SDE	Austral Líneas Aéreas	Cabotaje	Comercial	
SFN - SFN	Austral Líneas Aéreas	Cabotaje	Comercial	
USH - USH	Austral Líneas Aéreas	Cabotaje	Comercial	
AEP - AEP	Avianca	Cabotaje	Av. General	
AEP - AEP	Avianca	Cabotaje	Comercial	
EZE - EZE	Avianca	Cabotaje	Comercial	
MDQ - MDQ	Avianca	Cabotaje	Comercial	
RCQ - RCQ	Avianca	Cabotaje	Comercial	
SFN - SFN	Avianca	Cabotaje	Comercial	
EZE - EZE	Avianca Costa Rica	Cabotaje	Comercial	
MDZ - MDZ	Avianca Perú	Cabotaje	Comercial	
FDO - FDO	Avianca Uruguay	Cabotaje	Av. General	
EZE - EZE	Avianca Uruguay	Cabotaje	Comercial	
FDO - FDO	Avianca Uruguay	Cabotaje	Comercial	
CTC - CTC	Bell Helicopter Textron	Cabotaje	Av. General	
FDO - FDO	Bell Helicopter Textron	Cabotaje	Av. General	
TUC - TUC	Bell Helicopter Textron	Cabotaje	Av. General	
AEP - AEP	Benair	Cabotaje	Av. General	
FDO - FDO	Benair	Cabotaje	Av. General	
AEP - AEP	Benair	Cabotaje	Comercial	
EZE - EZE	Boliviana de Aviacion	Cabotaje	Comercial	
ROS - ROS	Boliviana de Aviacion	Cabotaje	Comercial	
USH - USH	Brazilian Air Force	Cabotaje	Av. General	
EZE - EZE	British Airways	Cabotaje	Comercial	
COR - COR	Copa Airlines	Cabotaje	Comercial	
EZE - EZE	Copa Airlines	Cabotaje	Comercial	
MDZ - MDZ	Copa Airlines	Cabotaje	Comercial	
EZE - EZE	Cubana de Aviación	Cabotaje	Comercial	
FTE - FTE	DAP Helicopteros	Cabotaje	Av. General	
RGL - RGL	DAP Helicopteros	Cabotaje	Av. General	
FTE - FTE	DAP Helicopteros	Cabotaje	Comercial	
USH - USH	Dasnair	Cabotaje	Av. General	
FDO - FDO	Dassault Falcon Service	Cabotaje	Av. General	
EZE - EZE	Delta Air Lines	Cabotaje	Comercial	
JUJ - JUJ	Ecocopter SA	Cabotaje	Av. General	
RCU - RCU	Ecocopter SA	Cabotaje	Av. General	
ROS - ROS	Ecocopter SA	Cabotaje	Av. General	
SFN - SFN	Ecocopter SA	Cabotaje	Av. General	
SLA - SLA	Ecocopter SA	Cabotaje	Av. General	
AFA - AFA	Ejército Argentino	Cabotaje	Av. General	
CNQ - CNQ	Ejército Argentino	Cabotaje	Av. General	
COC - COC	Ejército Argentino	Cabotaje	Av. General	
COR - COR	Ejército Argentino	Cabotaje	Av. General	
CPC - CPC	Ejército Argentino	Cabotaje	Av. General	
CTC - CTC	Ejército Argentino	Cabotaje	Av. General	
CTC - IRJ	Ejército Argentino	Cabotaje	Av. General	
CTC - TUC	Ejército Argentino	Cabotaje	Av. General	
EPA - EPA	Ejército Argentino	Cabotaje	Av. General	
FDO - FDO	Ejército Argentino	Cabotaje	Av. General	
FMA - FMA	Ejército Argentino	Cabotaje	Av. General	
FTE - FTE	Ejército Argentino	Cabotaje	Av. General	
IGR - IGR	Ejército Argentino	Cabotaje	Av. General	
IRJ - IRJ	Ejército Argentino	Cabotaje	Av. General	
JUJ - JUJ	Ejército Argentino	Cabotaje	Av. General	
LPG - LPG	Ejército Argentino	Cabotaje	Av. General	
MDQ - MDQ	Ejército Argentino	Cabotaje	Av. General	
MDZ - MDZ	Ejército Argentino	Cabotaje	Av. General	
MOR - MOR	Ejército Argentino	Cabotaje	Av. General	
NQN - NQN	Ejército Argentino	Cabotaje	Av. General	
PRA - PRA	Ejército Argentino	Cabotaje	Av. General	
RCQ - RCQ	Ejército Argentino	Cabotaje	Av. General	
RCU - RCU	Ejército Argentino	Cabotaje	Av. General	
RES - RES	Ejército Argentino	Cabotaje	Av. General	
RGL - RGL	Ejército Argentino	Cabotaje	Av. General	
ROS - ROS	Ejército Argentino	Cabotaje	Av. General	
RSA - RSA	Ejército Argentino	Cabotaje	Av. General	
SFN - SFN	Ejército Argentino	Cabotaje	Av. General	
SLA - SLA	Ejército Argentino	Cabotaje	Av. General	
TDL - TDL	Ejército Argentino	Cabotaje	Av. General	
TUC - TUC	Ejército Argentino	Cabotaje	Av. General	
USH - USH	Ejército Argentino	Cabotaje	Av. General	
EZE - EZE	Emirates Airline	Cabotaje	Comercial	
EZE - EZE	Ethiopian Airlines	Cabotaje	Comercial	
AEP - AEP	Executive Airlines	Cabotaje	Av. General	
MDZ - MDZ	Firefly	Cabotaje	Av. General	
AEP - AEP	Flybondi	Cabotaje	Comercial	
AEP - CTC	Flybondi	Cabotaje	Comercial	
CNQ - CNQ	Flybondi	Cabotaje	Comercial	
COR - COR	Flybondi	Cabotaje	Comercial	
EPA - EPA	Flybondi	Cabotaje	Comercial	
EZE - EZE	Flybondi	Cabotaje	Comercial	
FTE - FTE	Flybondi	Cabotaje	Comercial	
IGR - IGR	Flybondi	Cabotaje	Comercial	
NQN - NQN	Flybondi	Cabotaje	Comercial	
SDE - SDE	Flybondi	Cabotaje	Comercial	
USH - USH	Flybondi	Cabotaje	Comercial	
AEP - AEP	Flyest	Cabotaje	Av. General	
MDZ - MDZ	Flyest	Cabotaje	Av. General	
MOR - MOR	Flyest	Cabotaje	Av. General	
PRA - PRA	Flyest	Cabotaje	Av. General	
RCQ - RCQ	Flyest	Cabotaje	Av. General	
RES - RES	Flyest	Cabotaje	Av. General	
AEP - AEP	Flyest	Cabotaje	Comercial	
AEP - AEP	Fuerza Aérea Argentina	Cabotaje	Av. General	
AFA - AFA	Fuerza Aérea Argentina	Cabotaje	Av. General	
CNQ - CNQ	Fuerza Aérea Argentina	Cabotaje	Av. General	
COR - COR	Fuerza Aérea Argentina	Cabotaje	Av. General	
CPC - CPC	Fuerza Aérea Argentina	Cabotaje	Av. General	
CRD - PMQ	Fuerza Aérea Argentina	Cabotaje	Av. General	
CTC - CTC	Fuerza Aérea Argentina	Cabotaje	Av. General	
CTC - EPA	Fuerza Aérea Argentina	Cabotaje	Av. General	
CTC - EQS	Fuerza Aérea Argentina	Cabotaje	Av. General	
CTC - IRJ	Fuerza Aérea Argentina	Cabotaje	Av. General	
CTC - JUJ	Fuerza Aérea Argentina	Cabotaje	Av. General	
CTC - PSS	Fuerza Aérea Argentina	Cabotaje	Av. General	
EPA - EPA	Fuerza Aérea Argentina	Cabotaje	Av. General	
EZE - EZE	Fuerza Aérea Argentina	Cabotaje	Av. General	
FDO - FDO	Fuerza Aérea Argentina	Cabotaje	Av. General	
FMA - FMA	Fuerza Aérea Argentina	Cabotaje	Av. General	
FTE - FTE	Fuerza Aérea Argentina	Cabotaje	Av. General	
GPO - GPO	Fuerza Aérea Argentina	Cabotaje	Av. General	
IGR - IGR	Fuerza Aérea Argentina	Cabotaje	Av. General	
IRJ - IRJ	Fuerza Aérea Argentina	Cabotaje	Av. General	
JUJ - JUJ	Fuerza Aérea Argentina	Cabotaje	Av. General	
LPG - LPG	Fuerza Aérea Argentina	Cabotaje	Av. General	
MDQ - MDQ	Fuerza Aérea Argentina	Cabotaje	Av. General	
MDZ - MDZ	Fuerza Aérea Argentina	Cabotaje	Av. General	
MOR - MOR	Fuerza Aérea Argentina	Cabotaje	Av. General	
NQN - NQN	Fuerza Aérea Argentina	Cabotaje	Av. General	
OVR - OVR	Fuerza Aérea Argentina	Cabotaje	Av. General	
OYA - OYA	Fuerza Aérea Argentina	Cabotaje	Av. General	
PRA - PRA	Fuerza Aérea Argentina	Cabotaje	Av. General	
RCQ - RCQ	Fuerza Aérea Argentina	Cabotaje	Av. General	
RCU - RCU	Fuerza Aérea Argentina	Cabotaje	Av. General	
RES - RES	Fuerza Aérea Argentina	Cabotaje	Av. General	
RGA - RGA	Fuerza Aérea Argentina	Cabotaje	Av. General	
RGL - RGL	Fuerza Aérea Argentina	Cabotaje	Av. General	
RLO - RLO	Fuerza Aérea Argentina	Cabotaje	Av. General	
ROS - ROS	Fuerza Aérea Argentina	Cabotaje	Av. General	
RSA - RSA	Fuerza Aérea Argentina	Cabotaje	Av. General	
SDE - SDE	Fuerza Aérea Argentina	Cabotaje	Av. General	
SFN - SFN	Fuerza Aérea Argentina	Cabotaje	Av. General	
SLA - SLA	Fuerza Aérea Argentina	Cabotaje	Av. General	
TDL - TDL	Fuerza Aérea Argentina	Cabotaje	Av. General	
TUC - TUC	Fuerza Aérea Argentina	Cabotaje	Av. General	
USH - USH	Fuerza Aérea Argentina	Cabotaje	Av. General	
VDM - VDM	Fuerza Aérea Argentina	Cabotaje	Av. General	
VME - VME	Fuerza Aérea Argentina	Cabotaje	Av. General	
USH - USH	Fuerza Aérea Brasilera	Cabotaje	Av. General	
FDO - FDO	Fuerza Aérea Paraguaya	Cabotaje	Av. General	
FDO - FDO	Fuerza Aérea Uruguaya	Cabotaje	Av. General	
CNQ - CNQ	Gendarmería Nacional	Cabotaje	Av. General	
COC - COC	Gendarmería Nacional	Cabotaje	Av. General	
COR - COR	Gendarmería Nacional	Cabotaje	Av. General	
CPC - CPC	Gendarmería Nacional	Cabotaje	Av. General	
CTC - CTC	Gendarmería Nacional	Cabotaje	Av. General	
EMX - EMX	Gendarmería Nacional	Cabotaje	Av. General	
EPA - EPA	Gendarmería Nacional	Cabotaje	Av. General	
FDO - FDO	Gendarmería Nacional	Cabotaje	Av. General	
FMA - FMA	Gendarmería Nacional	Cabotaje	Av. General	
FTE - FTE	Gendarmería Nacional	Cabotaje	Av. General	
GHU - GHU	Gendarmería Nacional	Cabotaje	Av. General	
IGR - IGR	Gendarmería Nacional	Cabotaje	Av. General	
IRJ - IRJ	Gendarmería Nacional	Cabotaje	Av. General	
JUJ - JUJ	Gendarmería Nacional	Cabotaje	Av. General	
LPG - LPG	Gendarmería Nacional	Cabotaje	Av. General	
MDQ - MDQ	Gendarmería Nacional	Cabotaje	Av. General	
MOR - MOR	Gendarmería Nacional	Cabotaje	Av. General	
NQN - NQN	Gendarmería Nacional	Cabotaje	Av. General	
OYA - OYA	Gendarmería Nacional	Cabotaje	Av. General	
PRA - PRA	Gendarmería Nacional	Cabotaje	Av. General	
RCQ - RCQ	Gendarmería Nacional	Cabotaje	Av. General	
RCU - RCU	Gendarmería Nacional	Cabotaje	Av. General	
RES - RES	Gendarmería Nacional	Cabotaje	Av. General	
RGA - RGA	Gendarmería Nacional	Cabotaje	Av. General	
RGL - RGL	Gendarmería Nacional	Cabotaje	Av. General	
ROS - ROS	Gendarmería Nacional	Cabotaje	Av. General	
SDE - SDE	Gendarmería Nacional	Cabotaje	Av. General	
SFN - SFN	Gendarmería Nacional	Cabotaje	Av. General	
SLA - SLA	Gendarmería Nacional	Cabotaje	Av. General	
TDL - TDL	Gendarmería Nacional	Cabotaje	Av. General	
TUC - TUC	Gendarmería Nacional	Cabotaje	Av. General	
USH - USH	Gendarmería Nacional	Cabotaje	Av. General	
FDO - FDO	Gestair	Cabotaje	Av. General	
EZE - EZE	Gol Transportes Aéreos	Cabotaje	Comercial	
EZE - EZE	Iberia Airlines	Cabotaje	Comercial	
FDO - FDO	Interjet	Cabotaje	Av. General	
FDO - FDO	Jet Aviation	Cabotaje	Av. General	
AEP - AEP	JetSMART Airlines	Cabotaje	Comercial	
CNQ - CNQ	JetSMART Airlines	Cabotaje	Comercial	
COR - COR	JetSMART Airlines	Cabotaje	Comercial	
EPA - EPA	JetSMART Airlines	Cabotaje	Comercial	
EZE - EZE	JetSMART Airlines	Cabotaje	Comercial	
FTE - FTE	JetSMART Airlines	Cabotaje	Comercial	
MDZ - MDZ	JetSMART Airlines	Cabotaje	Comercial	
NQN - NQN	JetSMART Airlines	Cabotaje	Comercial	
RES - RES	JetSMART Airlines	Cabotaje	Comercial	
SLA - SLA	JetSMART Airlines	Cabotaje	Comercial	
EZE - EZE	KLM	Cabotaje	Comercial	
BRC - PMQ	LADE - Líneas Aéreas Del Estado	Cabotaje	Av. General	
CRD - PMQ	LADE - Líneas Aéreas Del Estado	Cabotaje	Av. General	
EQS - PMQ	LADE - Líneas Aéreas Del Estado	Cabotaje	Av. General	
FTE - FTE	LADE - Líneas Aéreas Del Estado	Cabotaje	Av. General	
RGA - RGA	LADE - Líneas Aéreas Del Estado	Cabotaje	Av. General	
RGL - RGL	LADE - Líneas Aéreas Del Estado	Cabotaje	Av. General	
CRD - PMQ	LADE - Líneas Aéreas Del Estado	Cabotaje	Comercial	
EQS - PMQ	LADE - Líneas Aéreas Del Estado	Cabotaje	Comercial	
FTE - FTE	LADE - Líneas Aéreas Del Estado	Cabotaje	Comercial	
MDQ - MDQ	LADE - Líneas Aéreas Del Estado	Cabotaje	Comercial	
NQN - NQN	LADE - Líneas Aéreas Del Estado	Cabotaje	Comercial	
RGA - RGA	LADE - Líneas Aéreas Del Estado	Cabotaje	Comercial	
RGL - RGL	LADE - Líneas Aéreas Del Estado	Cabotaje	Comercial	
USH - USH	LADE - Líneas Aéreas Del Estado	Cabotaje	Comercial	
NQN - NQN	LASA Argentina	Cabotaje	Av. General	
NQN - NQN	LASA Argentina	Cabotaje	Comercial	
EZE - EZE	LATAM	Cabotaje	Av. General	
MDQ - MDQ	LATAM	Cabotaje	Av. General	
COR - COR	LATAM	Cabotaje	Comercial	
EZE - EZE	LATAM	Cabotaje	Comercial	
MDZ - MDZ	LATAM	Cabotaje	Comercial	
FDO - FDO	LATAM Argentina	Cabotaje	Av. General	
AEP - AEP	LATAM Argentina	Cabotaje	Comercial	
COR - COR	LATAM Argentina	Cabotaje	Comercial	
EZE - EZE	LATAM Argentina	Cabotaje	Comercial	
IGR - IGR	LATAM Argentina	Cabotaje	Comercial	
MDZ - MDZ	LATAM Argentina	Cabotaje	Comercial	
NQN - NQN	LATAM Argentina	Cabotaje	Comercial	
SLA - SLA	LATAM Argentina	Cabotaje	Comercial	
TUC - TUC	LATAM Argentina	Cabotaje	Comercial	
USH - USH	LATAM Argentina	Cabotaje	Comercial	
FDO - FDO	LATAM Cargo Uruguay	Cabotaje	Av. General	
EZE - EZE	LATAM Cargo Uruguay	Cabotaje	Comercial	
EZE - EZE	LATAM Perú	Cabotaje	Comercial	
ROS - ROS	LATAM Perú	Cabotaje	Comercial	
TUC - TUC	LATAM Perú	Cabotaje	Comercial	
FDO - FDO	Línea Aérea SAPSA	Cabotaje	Av. General	
NQN - NQN	Línea Aérea SAPSA	Cabotaje	Av. General	
VDM - VDM	Línea Aérea SAPSA	Cabotaje	Av. General	
FDO - FDO	Línea Aérea SAPSA	Cabotaje	Comercial	
MDQ - MDQ	Línea Aérea SAPSA	Cabotaje	Comercial	
ROS - ROS	Línea Aérea SAPSA	Cabotaje	Comercial	
VDM - VDM	Línea Aérea SAPSA	Cabotaje	Comercial	
RGL - RGL	Líneas Aéreas Suramericanas	Cabotaje	Av. General	
PRA - PRA	Líneas Aéreas Suramericanas	Cabotaje	Comercial	
EZE - EZE	Lufthansa	Cabotaje	Comercial	
EZE - EZE	Lufthansa Cargo	Cabotaje	Comercial	
AEP - AEP	Macair Jet	Cabotaje	Av. General	
GHU - GHU	Macair Jet	Cabotaje	Av. General	
LPG - LPG	Macair Jet	Cabotaje	Av. General	
AEP - AEP	Macair Jet	Cabotaje	Comercial	
RCQ - RCQ	Macair Jet	Cabotaje	Comercial	
SLA - SLA	Macair Jet	Cabotaje	Comercial	
SLA - SLA	Medjet International	Cabotaje	Av. General	
AEP - AEP	N/A	Cabotaje	Av. General	
AEP - CTC	N/A	Cabotaje	Av. General	
AFA - AFA	N/A	Cabotaje	Av. General	
AFA - CTC	N/A	Cabotaje	Av. General	
BHI - PMQ	N/A	Cabotaje	Av. General	
CNQ - CNQ	N/A	Cabotaje	Av. General	
COC - COC	N/A	Cabotaje	Av. General	
COR - COR	N/A	Cabotaje	Av. General	
COR - CTC	N/A	Cabotaje	Av. General	
CPC - CPC	N/A	Cabotaje	Av. General	
CRD - CTC	N/A	Cabotaje	Av. General	
CRD - PMQ	N/A	Cabotaje	Av. General	
CTC - CTC	N/A	Cabotaje	Av. General	
CTC - FDO	N/A	Cabotaje	Av. General	
CTC - IRJ	N/A	Cabotaje	Av. General	
CTC - MDZ	N/A	Cabotaje	Av. General	
CTC - NQN	N/A	Cabotaje	Av. General	
CTC - RCU	N/A	Cabotaje	Av. General	
CTC - REL	N/A	Cabotaje	Av. General	
CTC - RSA	N/A	Cabotaje	Av. General	
CTC - SLA	N/A	Cabotaje	Av. General	
CTC - TUC	N/A	Cabotaje	Av. General	
CTC - UAQ	N/A	Cabotaje	Av. General	
CTC - USH	N/A	Cabotaje	Av. General	
CTC - VDM	N/A	Cabotaje	Av. General	
EHL - EHL	N/A	Cabotaje	Av. General	
EMX - EMX	N/A	Cabotaje	Av. General	
EPA - EPA	N/A	Cabotaje	Av. General	
EZE - EZE	N/A	Cabotaje	Av. General	
EZE - PMQ	N/A	Cabotaje	Av. General	
FDO - FDO	N/A	Cabotaje	Av. General	
FMA - FMA	N/A	Cabotaje	Av. General	
FTE - FTE	N/A	Cabotaje	Av. General	
GHU - GHU	N/A	Cabotaje	Av. General	
GPO - GPO	N/A	Cabotaje	Av. General	
IGR - IGR	N/A	Cabotaje	Av. General	
IRJ - IRJ	N/A	Cabotaje	Av. General	
JUJ - JUJ	N/A	Cabotaje	Av. General	
LPG - LPG	N/A	Cabotaje	Av. General	
MDQ - MDQ	N/A	Cabotaje	Av. General	
MDZ - MDZ	N/A	Cabotaje	Av. General	
MJR - MJR	N/A	Cabotaje	Av. General	
MOR - MOR	N/A	Cabotaje	Av. General	
NQN - NQN	N/A	Cabotaje	Av. General	
OVR - OVR	N/A	Cabotaje	Av. General	
OYA - OYA	N/A	Cabotaje	Av. General	
PRA - PRA	N/A	Cabotaje	Av. General	
RCQ - RCQ	N/A	Cabotaje	Av. General	
RCU - RCU	N/A	Cabotaje	Av. General	
RES - RES	N/A	Cabotaje	Av. General	
RGA - RGA	N/A	Cabotaje	Av. General	
RGL - RGL	N/A	Cabotaje	Av. General	
RHD - RHD	N/A	Cabotaje	Av. General	
RLO - RLO	N/A	Cabotaje	Av. General	
ROS - ROS	N/A	Cabotaje	Av. General	
RSA - RSA	N/A	Cabotaje	Av. General	
SDE - SDE	N/A	Cabotaje	Av. General	
SFN - SFN	N/A	Cabotaje	Av. General	
SLA - SLA	N/A	Cabotaje	Av. General	
SST - SST	N/A	Cabotaje	Av. General	
TDL - TDL	N/A	Cabotaje	Av. General	
TUC - TUC	N/A	Cabotaje	Av. General	
USH - USH	N/A	Cabotaje	Av. General	
VDM - VDM	N/A	Cabotaje	Av. General	
VLG - VLG	N/A	Cabotaje	Av. General	
VME - VME	N/A	Cabotaje	Av. General	
AEP - AEP	N/A	Cabotaje	Comercial	
AEP - CTC	N/A	Cabotaje	Comercial	
AFA - AFA	N/A	Cabotaje	Comercial	
AFA - CTC	N/A	Cabotaje	Comercial	
BHI - CTC	N/A	Cabotaje	Comercial	
BHI - PMQ	N/A	Cabotaje	Comercial	
CNQ - CNQ	N/A	Cabotaje	Comercial	
COR - COR	N/A	Cabotaje	Comercial	
COR - CTC	N/A	Cabotaje	Comercial	
CPC - CPC	N/A	Cabotaje	Comercial	
CRD - CTC	N/A	Cabotaje	Comercial	
CRD - PMQ	N/A	Cabotaje	Comercial	
CTC - CTC	N/A	Cabotaje	Comercial	
CTC - FDO	N/A	Cabotaje	Comercial	
CTC - FMA	N/A	Cabotaje	Comercial	
CTC - IGR	N/A	Cabotaje	Comercial	
CTC - IRJ	N/A	Cabotaje	Comercial	
CTC - JUJ	N/A	Cabotaje	Comercial	
CTC - LUQ	N/A	Cabotaje	Comercial	
CTC - MDZ	N/A	Cabotaje	Comercial	
CTC - NQN	N/A	Cabotaje	Comercial	
CTC - RCU	N/A	Cabotaje	Comercial	
CTC - SLA	N/A	Cabotaje	Comercial	
CTC - TUC	N/A	Cabotaje	Comercial	
CTC - UAQ	N/A	Cabotaje	Comercial	
CTC - VDM	N/A	Cabotaje	Comercial	
EPA - EPA	N/A	Cabotaje	Comercial	
EQS - PMQ	N/A	Cabotaje	Comercial	
EZE - EZE	N/A	Cabotaje	Comercial	
FDO - FDO	N/A	Cabotaje	Comercial	
FTE - FTE	N/A	Cabotaje	Comercial	
GHU - GHU	N/A	Cabotaje	Comercial	
GPO - GPO	N/A	Cabotaje	Comercial	
IGR - IGR	N/A	Cabotaje	Comercial	
IRJ - IRJ	N/A	Cabotaje	Comercial	
JUJ - JUJ	N/A	Cabotaje	Comercial	
LPG - LPG	N/A	Cabotaje	Comercial	
MDQ - MDQ	N/A	Cabotaje	Comercial	
MDZ - MDZ	N/A	Cabotaje	Comercial	
MJR - MJR	N/A	Cabotaje	Comercial	
MOR - MOR	N/A	Cabotaje	Comercial	
NQN - NQN	N/A	Cabotaje	Comercial	
NQN - PMQ	N/A	Cabotaje	Comercial	
OVR - OVR	N/A	Cabotaje	Comercial	
PMQ - SLA	N/A	Cabotaje	Comercial	
PRA - PRA	N/A	Cabotaje	Comercial	
RCU - RCU	N/A	Cabotaje	Comercial	
RES - RES	N/A	Cabotaje	Comercial	
RGA - RGA	N/A	Cabotaje	Comercial	
RGL - RGL	N/A	Cabotaje	Comercial	
ROS - ROS	N/A	Cabotaje	Comercial	
RSA - RSA	N/A	Cabotaje	Comercial	
SDE - SDE	N/A	Cabotaje	Comercial	
SFN - SFN	N/A	Cabotaje	Comercial	
SLA - SLA	N/A	Cabotaje	Comercial	
SST - SST	N/A	Cabotaje	Comercial	
TDL - TDL	N/A	Cabotaje	Comercial	
TUC - TUC	N/A	Cabotaje	Comercial	
USH - USH	N/A	Cabotaje	Comercial	
VDM - VDM	N/A	Cabotaje	Comercial	
VLG - VLG	N/A	Cabotaje	Comercial	
FDO - FDO	North American Airlines	Cabotaje	Av. General	
FDO - FDO	North American Airlines	Cabotaje	Comercial	
MDZ - MDZ	Norwegian Air Argentina	Cabotaje	Av. General	
AEP - AEP	Norwegian Air Argentina	Cabotaje	Comercial	
EZE - EZE	Norwegian Air Argentina	Cabotaje	Comercial	
IGR - IGR	Norwegian Air Argentina	Cabotaje	Comercial	
MDZ - MDZ	Norwegian Air Argentina	Cabotaje	Comercial	
MDQ - MDQ	Omniflys	Cabotaje	Av. General	
MDQ - MDQ	Omniflys	Cabotaje	Comercial	
RGL - RGL	Polar Air Cargo	Cabotaje	Av. General	
USH - USH	Polar Air Cargo	Cabotaje	Av. General	
PRA - PRA	Polar Air Cargo	Cabotaje	Comercial	
AEP - AEP	Prefectura Naval Argentina	Cabotaje	Av. General	
CNQ - CNQ	Prefectura Naval Argentina	Cabotaje	Av. General	
COC - COC	Prefectura Naval Argentina	Cabotaje	Av. General	
EPA - EPA	Prefectura Naval Argentina	Cabotaje	Av. General	
FDO - FDO	Prefectura Naval Argentina	Cabotaje	Av. General	
FMA - FMA	Prefectura Naval Argentina	Cabotaje	Av. General	
FTE - FTE	Prefectura Naval Argentina	Cabotaje	Av. General	
GHU - GHU	Prefectura Naval Argentina	Cabotaje	Av. General	
IGR - IGR	Prefectura Naval Argentina	Cabotaje	Av. General	
LPG - LPG	Prefectura Naval Argentina	Cabotaje	Av. General	
MDQ - MDQ	Prefectura Naval Argentina	Cabotaje	Av. General	
NQN - NQN	Prefectura Naval Argentina	Cabotaje	Av. General	
OYA - OYA	Prefectura Naval Argentina	Cabotaje	Av. General	
PRA - PRA	Prefectura Naval Argentina	Cabotaje	Av. General	
RCQ - RCQ	Prefectura Naval Argentina	Cabotaje	Av. General	
RES - RES	Prefectura Naval Argentina	Cabotaje	Av. General	
RGA - RGA	Prefectura Naval Argentina	Cabotaje	Av. General	
RGL - RGL	Prefectura Naval Argentina	Cabotaje	Av. General	
ROS - ROS	Prefectura Naval Argentina	Cabotaje	Av. General	
SFN - SFN	Prefectura Naval Argentina	Cabotaje	Av. General	
USH - USH	Prefectura Naval Argentina	Cabotaje	Av. General	
VDM - VDM	Prefectura Naval Argentina	Cabotaje	Av. General	
EZE - EZE	Qatar Airways	Cabotaje	Comercial	
EZE - EZE	Secretaria de Marina	Cabotaje	Av. General	
MDZ - MDZ	Secretaria de Marina	Cabotaje	Av. General	
RCQ - RCQ	Secretaria de Marina	Cabotaje	Av. General	
EZE - EZE	Secretaria de Marina	Cabotaje	Comercial	
COR - COR	Sky Airline	Cabotaje	Comercial	
FTE - FTE	Sky Airline	Cabotaje	Comercial	
ROS - ROS	SOL Líneas Aéreas	Cabotaje	Av. General	
AEP - AEP	SOL Líneas Aéreas	Cabotaje	Comercial	
COR - COR	SOL Líneas Aéreas	Cabotaje	Comercial	
MDQ - MDQ	SOL Líneas Aéreas	Cabotaje	Comercial	
ROS - ROS	SOL Líneas Aéreas	Cabotaje	Comercial	
SFN - SFN	SOL Líneas Aéreas	Cabotaje	Comercial	
VLG - VLG	SOL Líneas Aéreas	Cabotaje	Comercial	
CPC - CPC	Starlink Aviation	Cabotaje	Av. General	
COR - COR	TAM Linhas Aéreas	Cabotaje	Comercial	
EZE - EZE	TAM Linhas Aéreas	Cabotaje	Comercial	
MDZ - MDZ	TUI Airways	Cabotaje	Av. General	
RES - RES	TUI Airways	Cabotaje	Av. General	
EZE - EZE	United Airlines	Cabotaje	Comercial	
EZE - EZE	United Parcel Service	Cabotaje	Comercial	
