{
"type": "FeatureCollection",
"name": "PrediosAeroportuarios2026",
"crs": { "type": "name", "properties": { "name": "urn:ogc:def:crs:OGC:1.3:CRS84" } },
"features": [
{ "type": "Feature", "properties": { "Id": "0", "IATA": "GNR", "Descrip": "Predio administrado por Gobierno de la Provincia de Río Negro", "Etiqueta": "GNR - Predio administrado por Gob. de la Prov. de Río Negro", "Observac": "No se tiene información oficial sobre la delimitación del predio. Se tomó el predio operativo como la totalidad del predio.", "LINK": "GNR", "Ciudad": "General Roca", "Nom_aerop": "Dr. Arturo Umberto Illia", "Provincia": "Río Negro", "Habilitaci": "Cabotaje", "Grupo": "B", "SupHa": 183.683133113, "SupKm2": 1.83683133113, "SupHaText": "183,7 Ha", "SupKm2Tex": "1,84 Km2" }, "geometry": { "type": "MultiPolygon", "coordinates": [ [ [ [ -67.605826918885313, -39.005197554207349 ], [ -67.636218149223538, -39.003353081744322 ], [ -67.635589401387563, -38.997096313061043 ], [ -67.63205776792168, -38.997313085962553 ], [ -67.605247283588767, -38.99895518598732 ], [ -67.605826918885313, -39.005197554207349 ] ] ] ] } },
{ "type": "Feature", "properties": { "Id": "0", "IATA": "IRJ", "Descrip": "Predio concesionado a AA2000", "Etiqueta": "IRJ - Predio concesionado a AA2000", "Observac": "Delimitación del predio según Plano de Usos del Suelo ajustado por foto satelital", "LINK": "IRJ", "Ciudad": "La Rioja", "Nom_aerop": "Capitán Vicente A. Almonacid", "Provincia": "La Rioja", "Habilitaci": "Cabotaje", "Grupo": "A", "SupHa": 481.07447801400002, "SupKm2": 4.8107447801400003, "SupHaText": "481,1 Ha", "SupKm2Tex": "4,81 Km2" }, "geometry": { "type": "MultiPolygon", "coordinates": [ [ [ [ -66.791070745623827, -29.386957229908369 ], [ -66.790733666925775, -29.387257467356751 ], [ -66.801820147493345, -29.393786017412182 ], [ -66.803460111061653, -29.393662886658245 ], [ -66.804362821985976, -29.393508683942084 ], [ -66.805125182314342, -29.393330939582366 ], [ -66.810519615493476, -29.392266468041853 ], [ -66.806727464152772, -29.385046455017083 ], [ -66.805276488533607, -29.383025381696402 ], [ -66.804017028191168, -29.372911824428343 ], [ -66.803817752315382, -29.372859141785057 ], [ -66.803271543311709, -29.371281847614096 ], [ -66.799351014140797, -29.371061630447965 ], [ -66.798605104222545, -29.370153553889079 ], [ -66.798499757032843, -29.369357966566078 ], [ -66.790532088003758, -29.36713425503963 ], [ -66.786460976839933, -29.360581865654819 ], [ -66.780887195279163, -29.363208663580807 ], [ -66.78605899328241, -29.371517371864101 ], [ -66.78765337263421, -29.382169549886186 ], [ -66.790505013323255, -29.386808279354081 ], [ -66.790710992382358, -29.386629324993574 ], [ -66.791070745623827, -29.386957229908369 ] ] ] ] } },
{ "type": "Feature", "properties": { "Id": "0", "IATA": "SDE", "Descrip": "Predio concesionado a AA2000", "Etiqueta": "SDE - Predio concesionado a AA2000", "Observac": "Delimitación del predio concesionado según Plano de Usos del Suelo ajustado por foto satelital", "LINK": "SDE", "Ciudad": "Santiago del Estero", "Nom_aerop": "Vcom. Angel de la Paz Aragonés", "Provincia": "Santiago del Estero", "Habilitaci": "Cabotaje", "Grupo": "A", "SupHa": 217.24336748, "SupKm2": 2.1724336748000002, "SupHaText": "217,2 Ha", "SupKm2Tex": "2,17 Km2" }, "geometry": { "type": "MultiPolygon", "coordinates": [ [ [ [ -64.302521960054946, -27.749293131096653 ], [ -64.294791473012879, -27.758819316675432 ], [ -64.295661300589728, -27.759376252380211 ], [ -64.295036833902699, -27.760189681062993 ], [ -64.309303445237489, -27.768385255679949 ], [ -64.317758271177453, -27.782718901473654 ], [ -64.320364410415507, -27.781465205616055 ], [ -64.312491813788142, -27.768210933345863 ], [ -64.313424441880315, -27.767813676195836 ], [ -64.302521960054946, -27.749293131096653 ] ], [ [ -64.300769900659247, -27.754078606328214 ], [ -64.299370945440373, -27.755831970104449 ], [ -64.298949889172491, -27.755557792228355 ], [ -64.299033503944358, -27.755445769004822 ], [ -64.298781488648729, -27.755279834081243 ], [ -64.298880505842632, -27.755154711593121 ], [ -64.29824057002871, -27.754738065752917 ], [ -64.299454996186114, -27.753224248606482 ], [ -64.300769900659247, -27.754078606328214 ] ] ] ] } },
{ "type": "Feature", "properties": { "Id": "0", "IATA": "SDE", "Descrip": "Sector no concesionado", "Etiqueta": "SDE - Sector no concesionado", "Observac": "Se delimitó según croquis de ubicación del plano de Jefatura de Gabinete", "LINK": null, "Ciudad": "Santiago del Estero", "Nom_aerop": "Vcom. Angel de la Paz Aragonés", "Provincia": "Santiago del Estero", "Habilitaci": "Cabotaje", "Grupo": "A", "SupHa": 302.54521767699998, "SupKm2": 3.02545217677, "SupHaText": "302,5 Ha", "SupKm2Tex": "3,03 Km2" }, "geometry": { "type": "MultiPolygon", "coordinates": [ [ [ [ -64.302521960054946, -27.749293131096646 ], [ -64.313424441880315, -27.767813676195832 ], [ -64.322668138948558, -27.756092076722833 ], [ -64.316636443867012, -27.752346860321392 ], [ -64.314736863774286, -27.739871753812224 ], [ -64.311748284430237, -27.738137229856715 ], [ -64.304932098842116, -27.74633730650314 ], [ -64.302521960054946, -27.749293131096646 ] ] ] ] } },
{ "type": "Feature", "properties": { "Id": "0", "IATA": "SDE", "Descrip": "Estado Nacional", "Etiqueta": "SDE - Estado Nacional", "Observac": null, "LINK": null, "Ciudad": "Santiago del Estero", "Nom_aerop": "Vcom. Angel de la Paz Aragonés", "Provincia": "Santiago del Estero", "Habilitaci": "Cabotaje", "Grupo": "A", "SupHa": 3.5359606897, "SupKm2": 0.0353596069, "SupHaText": "3,5 Ha", "SupKm2Tex": "0,035 Km2" }, "geometry": { "type": "MultiPolygon", "coordinates": [ [ [ [ -64.300769900659233, -27.754078606328271 ], [ -64.299454996186157, -27.753224248606539 ], [ -64.298240570028696, -27.754738065752907 ], [ -64.298880505842675, -27.755154711593125 ], [ -64.298781488648743, -27.755279834081261 ], [ -64.299033503944386, -27.755445769004815 ], [ -64.298949889172505, -27.755557792228469 ], [ -64.299370945440387, -27.755831970104506 ], [ -64.300769900659233, -27.754078606328271 ] ] ] ] } },
{ "type": "Feature", "properties": { "Id": "0", "IATA": "CTC", "Descrip": "Predio concesionado a AA2000", "Etiqueta": "CTC - Predio concesionado a AA2000", "Observac": null, "LINK": "CTC", "Ciudad": "San Fernando del Valle de Catamarca", "Nom_aerop": "Coronel Felipe Varela", "Provincia": "Catamarca", "Habilitaci": "Cabotaje", "Grupo": "A", "SupHa": 441.83937510599998, "SupKm2": 4.41839375106, "SupHaText": "441,8 Ha", "SupKm2Tex": "4,42 Km2" }, "geometry": { "type": "MultiPolygon", "coordinates": [ [ [ [ -65.743883964782412, -28.575292308589454 ], [ -65.752390262421457, -28.610533614439433 ], [ -65.752624436001497, -28.617614798738266 ], [ -65.760217229093954, -28.615501378511514 ], [ -65.756070532749433, -28.573014584668279 ], [ -65.743883964782412, -28.575292308589454 ] ] ] ] } },
{ "type": "Feature", "properties": { "Id": "0", "IATA": "RGA", "Descrip": "Predio concesionado a AA2000", "Etiqueta": "RGA - Predio concesionado a AA2000", "Observac": null, "LINK": "RGA", "Ciudad": "Río Grande", "Nom_aerop": "Aeropuerto de Rio Grande", "Provincia": "Tierra del Fuego", "Habilitaci": "Internacional", "Grupo": "A", "SupHa": 183.721014932, "SupKm2": 1.8372101493199999, "SupHaText": "183,7 Ha", "SupKm2Tex": "1,84 Km2" }, "geometry": { "type": "MultiPolygon", "coordinates": [ [ [ [ -67.767547821716747, -53.776274305846577 ], [ -67.750378275650121, -53.77569980729217 ], [ -67.739331193131505, -53.77535095168161 ], [ -67.724058086654381, -53.774922562539764 ], [ -67.716458544618206, -53.778691508095662 ], [ -67.719119212752318, -53.77878489839221 ], [ -67.725051998738863, -53.778938214770221 ], [ -67.739182506031142, -53.779325800173922 ], [ -67.74511718854906, -53.779593523678074 ], [ -67.745103630493176, -53.779960085287122 ], [ -67.74475283777187, -53.783986676475926 ], [ -67.746450129617756, -53.783979001394144 ], [ -67.753909897746297, -53.784159773707188 ], [ -67.753729747210485, -53.785014419724845 ], [ -67.75323308420316, -53.785524370547087 ], [ -67.752400025294378, -53.785902915494432 ], [ -67.750845345848859, -53.786573159175823 ], [ -67.749750236149239, -53.786878831430492 ], [ -67.749714854047326, -53.787054841601822 ], [ -67.750864896223717, -53.787037291561631 ], [ -67.75165693783282, -53.786714664944952 ], [ -67.754031706183113, -53.785700130270698 ], [ -67.754159837409787, -53.784633242464594 ], [ -67.754322380114431, -53.783012043801115 ], [ -67.754739538842358, -53.779563813887627 ], [ -67.770542059804114, -53.780209312026336 ], [ -67.773082760186625, -53.779617655450004 ], [ -67.773203500608631, -53.777289395819267 ], [ -67.773042270032377, -53.776951450944779 ], [ -67.772611716367877, -53.776660746902024 ], [ -67.772175114817713, -53.77651270720078 ], [ -67.771466431809372, -53.77642094105866 ], [ -67.771091246032, -53.776392404688934 ], [ -67.767547821716747, -53.776274305846577 ] ] ] ] } },
{ "type": "Feature", "properties": { "Id": "0", "IATA": "RGA", "Descrip": "Sector militar", "Etiqueta": "RGA - Sector militar", "Observac": null, "LINK": null, "Ciudad": "Río Grande", "Nom_aerop": "Aeropuerto de Rio Grande", "Provincia": "Tierra del Fuego", "Habilitaci": "Internacional", "Grupo": "A", "SupHa": 506.813220022, "SupKm2": 5.06813220022, "SupHaText": "506,8 Ha", "SupKm2Tex": "5,07 Km2" }, "geometry": { "type": "MultiPolygon", "coordinates": [ [ [ [ -67.738850103902777, -53.787128214023916 ], [ -67.7497148610842, -53.787054806596359 ], [ -67.749750236149268, -53.786878831430435 ], [ -67.750845345848859, -53.786573159175809 ], [ -67.752400025294378, -53.785902915494376 ], [ -67.753233084203131, -53.785524370547087 ], [ -67.753729747210514, -53.78501441972481 ], [ -67.753909897746325, -53.784159773707188 ], [ -67.746450129617685, -53.783979001394066 ], [ -67.744752837771898, -53.783986676475863 ], [ -67.745103630493134, -53.779960085287144 ], [ -67.745117188548988, -53.779593523677988 ], [ -67.739182506031113, -53.779325800173922 ], [ -67.738850103902777, -53.787128214023916 ] ] ], [ [ [ -67.773082760186597, -53.779617655449961 ], [ -67.770542059804086, -53.780209312026322 ], [ -67.75473953884233, -53.779563813887641 ], [ -67.754322380114445, -53.783012043801136 ], [ -67.754159837409787, -53.784633242464572 ], [ -67.754031706183056, -53.785700130270641 ], [ -67.751656937832848, -53.786714664944952 ], [ -67.750864938544055, -53.78703727432309 ], [ -67.76085407378055, -53.786712315893951 ], [ -67.771323749191751, -53.786373385520172 ], [ -67.774512210399422, -53.786432464522292 ], [ -67.775869991174545, -53.786320098389695 ], [ -67.777145466983228, -53.786091899613851 ], [ -67.778101748810357, -53.786158174173003 ], [ -67.779176364374052, -53.786447474321733 ], [ -67.779371429065108, -53.783444068338994 ], [ -67.779897695681811, -53.780693619802136 ], [ -67.780578168611427, -53.77889084010684 ], [ -67.782544589365855, -53.777001356437999 ], [ -67.781194734173525, -53.77496449438781 ], [ -67.76946192838686, -53.774414741941037 ], [ -67.766276574067192, -53.773043337872544 ], [ -67.766021429396119, -53.772038938107983 ], [ -67.766144325509728, -53.769713167095063 ], [ -67.766563056573247, -53.766935955257722 ], [ -67.767098790649115, -53.765073648169341 ], [ -67.76871396769711, -53.761379239909616 ], [ -67.739528248609915, -53.761297068634789 ], [ -67.739367188039466, -53.77476558055411 ], [ -67.739331193131548, -53.77535095168161 ], [ -67.750378275650078, -53.775699807292135 ], [ -67.767547821716718, -53.776274305846577 ], [ -67.771091246032, -53.776392404688913 ], [ -67.771466431809287, -53.776420941058625 ], [ -67.772175114817685, -53.776512707200759 ], [ -67.772611716367777, -53.776660746902053 ], [ -67.773042270032377, -53.7769514509448 ], [ -67.773203500608631, -53.777289395819245 ], [ -67.773082760186597, -53.779617655449961 ] ] ] ] } },
{ "type": "Feature", "properties": { "Id": "0", "IATA": "USH", "Descrip": "Predio concesionado a London Supply S.A.", "Etiqueta": "USH - Predio concesionado a London Supply S.A.", "Observac": "Se estimó el límite del predio", "LINK": "USH", "Ciudad": "Ushuaia", "Nom_aerop": "Malvinas Argentinas", "Provincia": "Tierra del Fuego", "Habilitaci": "Internacional", "Grupo": "B", "SupHa": 259.6737083, "SupKm2": 2.596737083, "SupHaText": "259,7 Ha", "SupKm2Tex": "2,60 Km2" }, "geometry": { "type": "MultiPolygon", "coordinates": [ [ [ [ -68.318292202291261, -54.845858184673432 ], [ -68.319537404083462, -54.845948505723101 ], [ -68.320724652552798, -54.846249127619437 ], [ -68.321414752610977, -54.846285854314885 ], [ -68.322053583614306, -54.846218955231762 ], [ -68.322202865372574, -54.846092477654906 ], [ -68.322288372220839, -54.845931560132023 ], [ -68.322196769336799, -54.845842974074188 ], [ -68.321258907589424, -54.845509069161075 ], [ -68.320854224140589, -54.845205377410132 ], [ -68.3205890990657, -54.844749243959818 ], [ -68.321525221945507, -54.843188450629064 ], [ -68.321863777487209, -54.842628054824701 ], [ -68.322787543101612, -54.841714122489442 ], [ -68.323338919571043, -54.841201950183859 ], [ -68.323560488205629, -54.840971861239794 ], [ -68.323539135639322, -54.840815365748306 ], [ -68.323213752356679, -54.840529182389304 ], [ -68.322681165778192, -54.84014949309492 ], [ -68.322016560413076, -54.839622555293552 ], [ -68.321006384842917, -54.839425541326833 ], [ -68.320097338256332, -54.839303849182357 ], [ -68.31937773974586, -54.839253415863283 ], [ -68.318566631667636, -54.83911557651799 ], [ -68.317815906236689, -54.838737656388084 ], [ -68.315308694492728, -54.837248568583831 ], [ -68.314702830764389, -54.836917789895644 ], [ -68.314285284351257, -54.836422947116176 ], [ -68.313975420224153, -54.835758447695937 ], [ -68.313690377787395, -54.835635506458345 ], [ -68.312710149339921, -54.83534751499888 ], [ -68.311484639772772, -54.834875189988594 ], [ -68.311538311081691, -54.834193061721237 ], [ -68.31208381764452, -54.833469469529511 ], [ -68.312314152833977, -54.833176234709867 ], [ -68.313323594585185, -54.831816179016656 ], [ -68.314294771066301, -54.831947433367347 ], [ -68.315546080060599, -54.832116126986065 ], [ -68.316302347182457, -54.832203385144915 ], [ -68.31684222649524, -54.832312479792833 ], [ -68.317701128245162, -54.832424454571878 ], [ -68.318866688226606, -54.832605449935336 ], [ -68.319811582767386, -54.832708634605254 ], [ -68.320721335212582, -54.832737597850304 ], [ -68.321812768181104, -54.83259547585309 ], [ -68.32242124464652, -54.832434059792213 ], [ -68.323506143941955, -54.832070954770892 ], [ -68.325967149469193, -54.831253549224634 ], [ -68.32730275736705, -54.830632416685432 ], [ -68.327986773704637, -54.829852602609314 ], [ -68.328225006833961, -54.829484298250691 ], [ -68.329510988568003, -54.827145271711956 ], [ -68.329859809869035, -54.826981669686347 ], [ -68.329287662503702, -54.826586155258411 ], [ -68.328782710018757, -54.827369646108181 ], [ -68.328007970082197, -54.828611222264598 ], [ -68.327385430488931, -54.829600252621923 ], [ -68.326918209544388, -54.830283189829082 ], [ -68.326486014362828, -54.830608852074896 ], [ -68.324822335676899, -54.831218431192234 ], [ -68.322956000800005, -54.83184969658992 ], [ -68.322003788086576, -54.83215676769386 ], [ -68.321240843297275, -54.832317570537789 ], [ -68.320725166064591, -54.832373791719249 ], [ -68.320199024617438, -54.832355324598332 ], [ -68.318475249426029, -54.832135084374656 ], [ -68.314993956781933, -54.831626406058668 ], [ -68.313999775625632, -54.831538812715735 ], [ -68.312943840642333, -54.831548835630983 ], [ -68.312021309560848, -54.831619905866404 ], [ -68.31119642365654, -54.831778259377785 ], [ -68.310287518849691, -54.832087978817412 ], [ -68.309658927018859, -54.832438714415296 ], [ -68.309174286263172, -54.832822367473234 ], [ -68.308903988602339, -54.833173412473649 ], [ -68.308681708291573, -54.833536024297231 ], [ -68.308141601583301, -54.835329296909421 ], [ -68.307466040029496, -54.837286241343527 ], [ -68.30171913452287, -54.838846103247647 ], [ -68.30154684691999, -54.840884361588792 ], [ -68.29213931792097, -54.840458561945496 ], [ -68.291084574392301, -54.840744737631695 ], [ -68.28874548224762, -54.840318162904509 ], [ -68.283894013705691, -54.840149184139989 ], [ -68.284067700252194, -54.839013776139332 ], [ -68.285292669262319, -54.838824303446721 ], [ -68.286818242775198, -54.838123974240439 ], [ -68.284075529857745, -54.837147435254614 ], [ -68.282613219300814, -54.83756071729929 ], [ -68.282442405113528, -54.840096870337199 ], [ -68.269808074417426, -54.839602244425336 ], [ -68.270744362164123, -54.840321695483297 ], [ -68.271559241118055, -54.841079071613969 ], [ -68.271957210860336, -54.841380672442291 ], [ -68.272229680485566, -54.841464720623705 ], [ -68.272317650574365, -54.841564109236131 ], [ -68.272240359319341, -54.841654705401666 ], [ -68.272036284826257, -54.84168824230003 ], [ -68.271612176009214, -54.841654578167322 ], [ -68.271426340110054, -54.841646169765909 ], [ -68.271337091598383, -54.841707272765127 ], [ -68.271325523988409, -54.841867957557156 ], [ -68.27126763110428, -54.842487141091325 ], [ -68.271204399411531, -54.843011332122565 ], [ -68.271321898642867, -54.843086395775217 ], [ -68.272436287227492, -54.843124968440854 ], [ -68.272805029499068, -54.843272588827681 ], [ -68.273848079318228, -54.843324371028402 ], [ -68.274057838491672, -54.843391760285158 ], [ -68.274503347877157, -54.843805384505323 ], [ -68.27739777048042, -54.84436326514723 ], [ -68.278058196854886, -54.844386530748096 ], [ -68.278658148223471, -54.844250459633031 ], [ -68.280374911272659, -54.84364766114934 ], [ -68.281983461263351, -54.843682803929333 ], [ -68.283594361308701, -54.843759484191445 ], [ -68.285659600021148, -54.843857304167798 ], [ -68.287030269172504, -54.844524432137014 ], [ -68.289604269690685, -54.844953781656535 ], [ -68.290456284540923, -54.845086288125458 ], [ -68.29209441377516, -54.84509696605263 ], [ -68.293143776717613, -54.845077144202172 ], [ -68.294651381545975, -54.844880761207193 ], [ -68.295827390607116, -54.844818395396004 ], [ -68.296808273256616, -54.845043512555904 ], [ -68.298306598818144, -54.845312314289075 ], [ -68.298787945348835, -54.845445837768494 ], [ -68.299209281212057, -54.84597275441385 ], [ -68.300852108426383, -54.846969814565441 ], [ -68.302066515382606, -54.84731527229097 ], [ -68.303138323672783, -54.847859599480707 ], [ -68.304287117148462, -54.848146801055741 ], [ -68.307039774834024, -54.848914688271542 ], [ -68.309336764011661, -54.849096852694373 ], [ -68.309948321232881, -54.848984179037707 ], [ -68.311699845656563, -54.848273293748314 ], [ -68.313017403277399, -54.84771923652162 ], [ -68.314423099075341, -54.847086220696298 ], [ -68.316074983443769, -54.846436603787275 ], [ -68.31763551034733, -54.845990781664611 ], [ -68.318292202291261, -54.845858184673432 ] ] ] ] } },
{ "type": "Feature", "properties": { "Id": "0", "IATA": "RGL", "Descrip": "Predio concesionado a AA2000", "Etiqueta": "RGL - Predio concesionado a AA2000", "Observac": null, "LINK": "RGL", "Ciudad": "Río Gallegos", "Nom_aerop": "Piloto Civil Norberto Fernández", "Provincia": "Santa Cruz", "Habilitaci": "Internacional", "Grupo": "A", "SupHa": 190.683090843, "SupKm2": 1.9068309084299999, "SupHaText": "190,7 Ha", "SupKm2Tex": "1,91 Km2" }, "geometry": { "type": "MultiPolygon", "coordinates": [ [ [ [ -69.344607482656144, -51.61260987215902 ], [ -69.344779393085688, -51.611078871233445 ], [ -69.344790500346051, -51.61077789300122 ], [ -69.344745283056213, -51.610576932949492 ], [ -69.344594633559893, -51.61028667868576 ], [ -69.344350498463058, -51.610020580278942 ], [ -69.344140694600782, -51.609862147814141 ], [ -69.343765162288307, -51.60966030640062 ], [ -69.343481049343779, -51.609553267844625 ], [ -69.342958903968864, -51.609429902724557 ], [ -69.342660104997236, -51.609393478409054 ], [ -69.341586786617398, -51.609340049873516 ], [ -69.338148054101083, -51.609178246947465 ], [ -69.331090341262239, -51.608845840694272 ], [ -69.327650920437577, -51.608683694269537 ], [ -69.321824464099336, -51.608408781953422 ], [ -69.317859335773491, -51.60822152622405 ], [ -69.31048950203953, -51.607873121138937 ], [ -69.305083856136591, -51.607617274436201 ], [ -69.299572357939454, -51.607356158511479 ], [ -69.296857432623597, -51.60722743839694 ], [ -69.289112486328392, -51.606859885683534 ], [ -69.283382908021451, -51.606587643793944 ], [ -69.274144857230198, -51.606148100346878 ], [ -69.273792858002452, -51.60923064307412 ], [ -69.290547767316028, -51.610034080554613 ], [ -69.296393922805208, -51.610313848013156 ], [ -69.296208625544907, -51.611948538060602 ], [ -69.299582408369176, -51.612104180767865 ], [ -69.299753179092107, -51.610817960081349 ], [ -69.299251658460221, -51.610805234803642 ], [ -69.299305381016254, -51.610461410206469 ], [ -69.301921961807651, -51.610575666594642 ], [ -69.301805549534123, -51.611600571384514 ], [ -69.300514292700782, -51.611549850436383 ], [ -69.30028251660265, -51.613591839816777 ], [ -69.304702184477719, -51.613800278880092 ], [ -69.305718358932339, -51.613848934517129 ], [ -69.308931678970808, -51.612164681573873 ], [ -69.309100552932406, -51.610919391752788 ], [ -69.323184641049721, -51.611591233713327 ], [ -69.333443033336522, -51.612079505371327 ], [ -69.34386605102803, -51.612574683777524 ], [ -69.344607482656144, -51.61260987215902 ] ] ] ] } },
{ "type": "Feature", "properties": { "Id": "0", "IATA": "RGL", "Descrip": "Sector militar", "Etiqueta": "RGL - Sector militar", "Observac": null, "LINK": null, "Ciudad": "Río Gallegos", "Nom_aerop": "Piloto Civil Norberto Fernández", "Provincia": "Santa Cruz", "Habilitaci": "Internacional", "Grupo": "A", "SupHa": 1539.3867262000001, "SupKm2": 15.393867262000001, "SupHaText": "1.539,4 Ha", "SupKm2Tex": "15,39 Km2" }, "geometry": { "type": "MultiPolygon", "coordinates": [ [ [ [ -69.27320914671138, -51.600535071358301 ], [ -69.273699808214388, -51.608140961977831 ], [ -69.273750871447277, -51.612820895715657 ], [ -69.273810286549718, -51.617470965481047 ], [ -69.276481171757226, -51.617530336842563 ], [ -69.295257409944099, -51.617805542835768 ], [ -69.344699715105818, -51.618155927308102 ], [ -69.35036200070715, -51.618267583538973 ], [ -69.351164210572307, -51.618265186982107 ], [ -69.351347352455392, -51.618236102170073 ], [ -69.351438041658298, -51.618107414624333 ], [ -69.35127649870347, -51.617965213450852 ], [ -69.345576971708752, -51.612945359472143 ], [ -69.34646815155466, -51.612600289699536 ], [ -69.347060057140681, -51.612269743291279 ], [ -69.348029181968315, -51.611825031561224 ], [ -69.363688313394121, -51.606819362330299 ], [ -69.363785637689645, -51.598510330450083 ], [ -69.36385654495453, -51.58934119164045 ], [ -69.358179114680354, -51.587793247308802 ], [ -69.354075483727271, -51.587180396393499 ], [ -69.351313516071713, -51.586980261553137 ], [ -69.347464961803837, -51.586887500021376 ], [ -69.342278859288896, -51.58690273696012 ], [ -69.338848174536238, -51.58675636530981 ], [ -69.33583459072041, -51.586452375618606 ], [ -69.332071275667161, -51.586567299107578 ], [ -69.328226547313506, -51.586994979900936 ], [ -69.324303663110527, -51.588204376170474 ], [ -69.320047061987438, -51.589570876275339 ], [ -69.317528302077747, -51.590394745800445 ], [ -69.313414881650672, -51.591818383268702 ], [ -69.311999238147919, -51.592492774341572 ], [ -69.310262521178686, -51.593095293831382 ], [ -69.309606143283702, -51.593162485202079 ], [ -69.309054966471052, -51.593245760569836 ], [ -69.308005263651012, -51.59342852998882 ], [ -69.306588828961281, -51.593775894283176 ], [ -69.30362463506043, -51.594487275800674 ], [ -69.299164656611438, -51.595496966252931 ], [ -69.296540313771928, -51.595978197765035 ], [ -69.292917784960437, -51.596510959183867 ], [ -69.288061476720657, -51.597243017550333 ], [ -69.286014259632907, -51.597608043816905 ], [ -69.285069465783351, -51.597790352180247 ], [ -69.284334359726586, -51.59789032238514 ], [ -69.283704149710459, -51.597957305386977 ], [ -69.282995313771238, -51.598057203708869 ], [ -69.28178753637728, -51.598207390156922 ], [ -69.280843015850479, -51.598438757507203 ], [ -69.279820059362947, -51.598735762492993 ], [ -69.27396990806804, -51.600320559132506 ], [ -69.27320914671138, -51.600535071358301 ] ], [ [ -69.344779393085688, -51.611078871233445 ], [ -69.344607482656144, -51.612609872158998 ], [ -69.34386605102803, -51.612574683777524 ], [ -69.333443033336522, -51.612079505371327 ], [ -69.323184641049721, -51.611591233713327 ], [ -69.309100552932406, -51.610919391752788 ], [ -69.308931678970808, -51.612164681573873 ], [ -69.305718358932282, -51.613848934517129 ], [ -69.304702184477705, -51.613800278880085 ], [ -69.30027472732948, -51.61359914630124 ], [ -69.300518342417917, -51.611550048536422 ], [ -69.301805549534123, -51.611600571384528 ], [ -69.301921961807651, -51.610575666594592 ], [ -69.299305704094621, -51.610458786454103 ], [ -69.299249769130327, -51.610809765775343 ], [ -69.299757716194904, -51.610815537468596 ], [ -69.299583660465927, -51.612104235699029 ], [ -69.296208625544949, -51.611948538060602 ], [ -69.296393922805208, -51.610313848013156 ], [ -69.290547767316028, -51.610034080554627 ], [ -69.273792858002452, -51.60923064307412 ], [ -69.274144857230155, -51.606148100346878 ], [ -69.283382908021451, -51.606587643793922 ], [ -69.289112486328349, -51.606859885683534 ], [ -69.296857432623597, -51.607227438396933 ], [ -69.299572357939454, -51.607356158511479 ], [ -69.305083856136619, -51.607617274436201 ], [ -69.310489502039488, -51.607873121138937 ], [ -69.317859335773434, -51.60822152622405 ], [ -69.321824464099308, -51.608408781953422 ], [ -69.327650920437577, -51.608683694269537 ], [ -69.331090341262239, -51.608845840694272 ], [ -69.338148054101083, -51.609178246947465 ], [ -69.34158678661737, -51.609340049873516 ], [ -69.342660104997194, -51.609393478409054 ], [ -69.342958903968864, -51.609429902724557 ], [ -69.343481049343779, -51.609553267844625 ], [ -69.343765162288307, -51.60966030640062 ], [ -69.344140694600782, -51.609862147814141 ], [ -69.344350498463015, -51.610020580278942 ], [ -69.344594633559893, -51.610286678685746 ], [ -69.344745283056213, -51.610576932949492 ], [ -69.344790500346051, -51.61077789300122 ], [ -69.344779393085688, -51.611078871233445 ] ] ] ] } },
{ "type": "Feature", "properties": { "Id": "0", "IATA": "FTE", "Descrip": "Predio concesionado a London Supply S.A.", "Etiqueta": "FTE - Predio concesionado a London Supply S.A.", "Observac": "El limite se trazó con información no oficial del catastro provincial", "LINK": "FTE", "Ciudad": "El Calafate", "Nom_aerop": "Comandante Armando Tola", "Provincia": "Santa Cruz", "Habilitaci": "Internacional", "Grupo": "B", "SupHa": 320.55930199, "SupKm2": 3.2055930198999998, "SupHaText": "320,6 Ha", "SupKm2Tex": "3,21 Km2" }, "geometry": { "type": "MultiPolygon", "coordinates": [ [ [ [ -72.054077140297451, -50.285692457194614 ], [ -72.062456758867825, -50.286223444873364 ], [ -72.066273519211151, -50.286478221713921 ], [ -72.079832953598569, -50.287354544419628 ], [ -72.080376624704968, -50.28391945354641 ], [ -72.080582327313977, -50.282625345483311 ], [ -72.077147142093338, -50.279449847383347 ], [ -72.075573160694148, -50.279372387021759 ], [ -72.075079403320672, -50.279308027709817 ], [ -72.074431097608155, -50.27958489785108 ], [ -72.074108189664045, -50.279849459504206 ], [ -72.073503954087457, -50.279947818348226 ], [ -72.072608125978292, -50.279799554147587 ], [ -72.071124447263387, -50.27906304146201 ], [ -72.070411238325008, -50.278948044741732 ], [ -72.070000274863133, -50.278988634060227 ], [ -72.069478528168162, -50.278801689967445 ], [ -72.067987966715776, -50.27815684129137 ], [ -72.064803063749878, -50.278044486883473 ], [ -72.052041206029898, -50.277480033062055 ], [ -72.041284367625167, -50.27727585704455 ], [ -72.032155078713188, -50.276727420896442 ], [ -72.027578649438425, -50.276424085757235 ], [ -72.027389863263451, -50.277737922749687 ], [ -72.027148243019795, -50.279557422497142 ], [ -72.02674375206125, -50.282271575050977 ], [ -72.026589380684243, -50.283554773133105 ], [ -72.046172297734117, -50.28475767228565 ], [ -72.052362641050962, -50.285126967679034 ], [ -72.052105708002927, -50.285564912492802 ], [ -72.054077140297451, -50.285692457194614 ] ] ] ] } },
{ "type": "Feature", "properties": { "Id": "0", "IATA": "CRD", "Descrip": "Predio concesionado a AA2000", "Etiqueta": "CRD - Predio concesionado a AA2000", "Observac": null, "LINK": "CRD", "Ciudad": "Comodoro Rivadavia", "Nom_aerop": "General Enrique Mosconi", "Provincia": "Chubut", "Habilitaci": "Internacional", "Grupo": "A", "SupHa": 256.68427439200002, "SupKm2": 2.5668427439200001, "SupHaText": "256,7 Ha", "SupKm2Tex": "2,57 Km2" }, "geometry": { "type": "MultiPolygon", "coordinates": [ [ [ [ -67.451264993584573, -45.787252375396747 ], [ -67.451207883037341, -45.789826023751971 ], [ -67.454810427759014, -45.792503114826843 ], [ -67.46658978299206, -45.793195596399585 ], [ -67.467214659828642, -45.792947694680322 ], [ -67.467291820760863, -45.791597025382373 ], [ -67.467976677881325, -45.79107269544852 ], [ -67.46936293515131, -45.791144168168785 ], [ -67.469402506220661, -45.79023680528428 ], [ -67.469285610542443, -45.790233794354094 ], [ -67.469318165101186, -45.789835767906311 ], [ -67.470276948522326, -45.78985956037036 ], [ -67.470261942434661, -45.790126299289227 ], [ -67.470300446008764, -45.790127838928584 ], [ -67.470315468284184, -45.789860796038852 ], [ -67.473131194349094, -45.789935399299168 ], [ -67.473099672212072, -45.790501009913612 ], [ -67.473296882744876, -45.790606717126252 ], [ -67.474296868605563, -45.790634761584954 ], [ -67.47441219586608, -45.78911870966067 ], [ -67.477061093194834, -45.789189131972819 ], [ -67.47700779577309, -45.790158408683567 ], [ -67.488022368437498, -45.790579567493012 ], [ -67.486966689361168, -45.786193907522772 ], [ -67.444211479476166, -45.780791974969645 ], [ -67.443287239014808, -45.784106042359952 ], [ -67.451264993584573, -45.787252375396747 ] ] ] ] } },
{ "type": "Feature", "properties": { "Id": "0", "IATA": "CRD", "Descrip": "Sector militar ACC", "Etiqueta": "CRD - Sector militar ACC", "Observac": null, "LINK": null, "Ciudad": "Comodoro Rivadavia", "Nom_aerop": "General Enrique Mosconi", "Provincia": "Chubut", "Habilitaci": "Internacional", "Grupo": "A", "SupHa": 0.46494594682000001, "SupKm2": 0.00464945947, "SupHaText": "0,46 Ha", "SupKm2Tex": "0,005 Km2" }, "geometry": { "type": "MultiPolygon", "coordinates": [ [ [ [ -67.452160771402419, -45.77882257300331 ], [ -67.453411079957334, -45.778987109367563 ], [ -67.453522711004268, -45.778571770970416 ], [ -67.452272410543287, -45.778407235505483 ], [ -67.452160771402419, -45.77882257300331 ] ] ] ] } },
{ "type": "Feature", "properties": { "Id": "0", "IATA": "CRD", "Descrip": "Sector militar", "Etiqueta": "CRD - Sector militar", "Observac": null, "LINK": null, "Ciudad": "Comodoro Rivadavia", "Nom_aerop": "General Enrique Mosconi", "Provincia": "Chubut", "Habilitaci": "Internacional", "Grupo": "A", "SupHa": 533.79966742600004, "SupKm2": 5.3379966742600002, "SupHaText": "533,8 Ha", "SupKm2Tex": "5,34 Km2" }, "geometry": { "type": "MultiPolygon", "coordinates": [ [ [ [ -67.448802809002416, -45.772945101435255 ], [ -67.448249180055598, -45.772592213759594 ], [ -67.446716971810758, -45.773940304701284 ], [ -67.439291191435302, -45.779372533615515 ], [ -67.441073291599082, -45.784426655165987 ], [ -67.441229178283891, -45.784586053703379 ], [ -67.44145541263714, -45.784698555294028 ], [ -67.442539219809134, -45.785032681313169 ], [ -67.444329421965222, -45.785241729622101 ], [ -67.445588247099863, -45.785802855317456 ], [ -67.448038485987297, -45.78755711876596 ], [ -67.450295116126654, -45.7891726222187 ], [ -67.451207883037341, -45.789826023751971 ], [ -67.451264993584573, -45.787252375396747 ], [ -67.443287239014808, -45.784106042359952 ], [ -67.444211479476166, -45.780791974969645 ], [ -67.486966689361168, -45.786193907522772 ], [ -67.488022368437498, -45.790579567493012 ], [ -67.47700779577309, -45.790158408683567 ], [ -67.477061093194834, -45.789189131972819 ], [ -67.47441219586608, -45.78911870966067 ], [ -67.474296868605563, -45.790634761584954 ], [ -67.473296882744876, -45.790606717126252 ], [ -67.473099672212072, -45.790501009913612 ], [ -67.473131194349094, -45.789935399299168 ], [ -67.470315468284184, -45.789860796038852 ], [ -67.470300446008764, -45.790127838928584 ], [ -67.470261942434661, -45.790126299289227 ], [ -67.470276948522326, -45.78985956037036 ], [ -67.469318165101186, -45.789835767906311 ], [ -67.469285610542443, -45.790233794354094 ], [ -67.469402506220661, -45.79023680528428 ], [ -67.46936293515131, -45.791144168168785 ], [ -67.467976677881325, -45.79107269544852 ], [ -67.467291820760863, -45.791597025382373 ], [ -67.467214659828642, -45.792947694680322 ], [ -67.489305755855924, -45.794264829158521 ], [ -67.489230113878591, -45.793102170328837 ], [ -67.487768281181218, -45.786860395990459 ], [ -67.487680566704739, -45.786762720623017 ], [ -67.487534505113274, -45.78625423494492 ], [ -67.485214373844258, -45.773534081832395 ], [ -67.478411159947029, -45.777673258314167 ], [ -67.460538012918903, -45.764490950796699 ], [ -67.448802809002416, -45.772945101435255 ] ], [ [ -67.453522711004268, -45.778571770970416 ], [ -67.453411079957334, -45.778987109367563 ], [ -67.452160771402419, -45.77882257300331 ], [ -67.452272410543287, -45.778407235505483 ], [ -67.453522711004268, -45.778571770970416 ] ] ] ] } },
{ "type": "Feature", "properties": { "Id": "0", "IATA": "EQS", "Descrip": "Predio concesionado a AA2000", "Etiqueta": "ESQ - Predio concesionado a AA2000", "Observac": null, "LINK": "EQS", "Ciudad": "Esquel", "Nom_aerop": "Brigadier General Antonio Parodi", "Provincia": "Chubut", "Habilitaci": "Cabotaje", "Grupo": "A", "SupHa": 470.45896447299998, "SupKm2": 4.7045896447300004, "SupHaText": "470,5 Ha", "SupKm2Tex": "4,70 Km2" }, "geometry": { "type": "MultiPolygon", "coordinates": [ [ [ [ -71.1471304088316, -42.915404627998029 ], [ -71.159184850254846, -42.913830114040458 ], [ -71.161049054101156, -42.911714512798603 ], [ -71.150748718761449, -42.906809804515035 ], [ -71.133681475307569, -42.89867878996035 ], [ -71.119195108468503, -42.891773309787659 ], [ -71.116047055688071, -42.89416327401289 ], [ -71.110670301226747, -42.898244669473918 ], [ -71.131601740358079, -42.913963438253852 ], [ -71.144036226725845, -42.913959416902394 ], [ -71.1471304088316, -42.915404627998029 ] ] ] ] } },
{ "type": "Feature", "properties": { "Id": "0", "IATA": "REL", "Descrip": "Base Aeronaval", "Etiqueta": "REL - Base Aeronaval", "Observac": null, "LINK": null, "Ciudad": "Trelew", "Nom_aerop": "Almirante Marco Andrés Zar", "Provincia": "Chubut", "Habilitaci": "Internacional", "Grupo": "B", "SupHa": 50.168132333599999, "SupKm2": 0.50168132334000004, "SupHaText": "50,2 Ha", "SupKm2Tex": "0,50 Km2" }, "geometry": { "type": "MultiPolygon", "coordinates": [ [ [ [ -65.272709374762826, -43.214130506038714 ], [ -65.26530635431493, -43.214348847308266 ], [ -65.264860406870639, -43.214665313801788 ], [ -65.26504336063573, -43.219321661994847 ], [ -65.265397702176415, -43.219541529524577 ], [ -65.275194741727375, -43.21936815237882 ], [ -65.275550351549327, -43.219093561602165 ], [ -65.27529860768243, -43.214052054726892 ], [ -65.275026516722335, -43.213790964342934 ], [ -65.272867669027448, -43.213824188405511 ], [ -65.272709374762826, -43.214130506038714 ] ] ] ] } },
{ "type": "Feature", "properties": { "Id": "0", "IATA": "REL", "Descrip": "Predio concesionado a London Supply S.A.", "Etiqueta": "REL - Predio concesionado a London Supply S.A.", "Observac": null, "LINK": "REL", "Ciudad": "Trelew", "Nom_aerop": "Almirante Marco Andrés Zar", "Provincia": "Chubut", "Habilitaci": "Internacional", "Grupo": "B", "SupHa": 53.666737302599998, "SupKm2": 0.53666737303000001, "SupHaText": "53,7 Ha", "SupKm2Tex": "0,54 Km2" }, "geometry": { "type": "MultiPolygon", "coordinates": [ [ [ [ -65.294676728512357, -43.213120955106447 ], [ -65.29363864003453, -43.209629508419098 ], [ -65.276566525702137, -43.204846075594048 ], [ -65.275041644595277, -43.207661367128622 ], [ -65.294662337766596, -43.213148467780826 ], [ -65.294676728512357, -43.213120955106447 ] ] ] ] } },
{ "type": "Feature", "properties": { "Id": "0", "IATA": "REL", "Descrip": "Sector militar", "Etiqueta": "REL - Sector militar", "Observac": "Se estimó el límite del predio", "LINK": null, "Ciudad": "Trelew", "Nom_aerop": "Almirante Marco Andrés Zar", "Provincia": "Chubut", "Habilitaci": "Internacional", "Grupo": "B", "SupHa": 5108.5189699800003, "SupKm2": 51.085189699799997, "SupHaText": "5.108,5 Ha", "SupKm2Tex": "51,09 Km2" }, "geometry": { "type": "MultiPolygon", "coordinates": [ [ [ [ -65.184758423330209, -43.169535117182818 ], [ -65.182092823209302, -43.214448651778014 ], [ -65.23481866008666, -43.216123289312634 ], [ -65.237138784888089, -43.225902809188028 ], [ -65.255009519869873, -43.227890040301929 ], [ -65.246305572909023, -43.241800310809481 ], [ -65.268700819700086, -43.241767066537413 ], [ -65.271854594921251, -43.243632817885953 ], [ -65.274451945027067, -43.244363760047236 ], [ -65.277617990024112, -43.245217308993688 ], [ -65.291577017817303, -43.235231911008604 ], [ -65.296447825036125, -43.231448468229075 ], [ -65.295183901834548, -43.227481382558096 ], [ -65.298640372067268, -43.227097776921767 ], [ -65.294617136809336, -43.213135826932557 ], [ -65.275041644595206, -43.207661367128594 ], [ -65.276566525702094, -43.204846075593935 ], [ -65.293603966694775, -43.209619793301727 ], [ -65.287152848841515, -43.18723229193413 ], [ -65.270834301567618, -43.185756521514691 ], [ -65.264379189353463, -43.171789447385784 ], [ -65.184758423330209, -43.169535117182818 ] ], [ [ -65.275194741727319, -43.219368152378763 ], [ -65.265397702176415, -43.219541529524577 ], [ -65.265043360635673, -43.219321661994798 ], [ -65.264860406870582, -43.214665313801731 ], [ -65.265306354314873, -43.214348847308258 ], [ -65.272709374762826, -43.214130506038657 ], [ -65.272867669027448, -43.213824188405454 ], [ -65.275026516722278, -43.213790964342934 ], [ -65.275298607682373, -43.214052054726835 ], [ -65.275550351549271, -43.219093561602165 ], [ -65.275194741727319, -43.219368152378763 ] ] ] ] } },
{ "type": "Feature", "properties": { "Id": "0", "IATA": "CPC", "Descrip": "Predio administrado por Consejo Administración Aeropuerto Chapelco", "Etiqueta": "CPC - Predio administrado por Consejo Administración Aeropuerto Chapelco", "Observac": null, "LINK": "CPC", "Ciudad": "San Martín de los Andes", "Nom_aerop": "Aviador Carlos Campos", "Provincia": "Neuquén", "Habilitaci": "Cabotaje", "Grupo": "B", "SupHa": 180.82382910199999, "SupKm2": 1.8082382910200001, "SupHaText": "180,8 Ha", "SupKm2Tex": "1,81 Km2" }, "geometry": { "type": "MultiPolygon", "coordinates": [ [ [ [ -71.153295565399617, -40.083468801238723 ], [ -71.154450236197761, -40.081374000327571 ], [ -71.156116096582195, -40.081857973513195 ], [ -71.156829700485446, -40.080478002458165 ], [ -71.154597938757377, -40.079788880629337 ], [ -71.153263942239505, -40.078965665036833 ], [ -71.152762502499286, -40.078359907561094 ], [ -71.147882838583541, -40.076893882326203 ], [ -71.141443263392375, -40.074928126998429 ], [ -71.137864262854578, -40.073835595400169 ], [ -71.132308084902661, -40.071987052361465 ], [ -71.128065334613666, -40.070574153310361 ], [ -71.124062465483632, -40.06924113825886 ], [ -71.122536985423267, -40.068733130673479 ], [ -71.121894982652293, -40.069829801089554 ], [ -71.118506436503026, -40.068794459142509 ], [ -71.117819934664794, -40.070120594922003 ], [ -71.121113632205834, -40.071126961748689 ], [ -71.120382397026674, -40.072413446317 ], [ -71.138089733308902, -40.078282427137594 ], [ -71.136770019215533, -40.08066881288147 ], [ -71.140087270577794, -40.083063466347028 ], [ -71.136995040293186, -40.085592588379029 ], [ -71.135749002840214, -40.086611717125891 ], [ -71.136021890608447, -40.08678461611197 ], [ -71.138629931396054, -40.084652160603355 ], [ -71.141580917902559, -40.082239296716352 ], [ -71.146571947358893, -40.083921938826791 ], [ -71.147477083564411, -40.082294601586113 ], [ -71.15047029023458, -40.08320811527625 ], [ -71.150776988778148, -40.082615149516414 ], [ -71.153295565399617, -40.083468801238723 ] ] ] ] } },
{ "type": "Feature", "properties": { "Id": "0", "IATA": "VDM", "Descrip": "Predio concesionado a AA2000", "Etiqueta": "VDM - Predio concesionado a AA2000", "Observac": null, "LINK": "VDM", "Ciudad": "Viedma", "Nom_aerop": "Gobernador Castello", "Provincia": "Río Negro", "Habilitaci": "Cabotaje", "Grupo": "A", "SupHa": 307.20503352200001, "SupKm2": 3.0720503352200002, "SupHaText": "307,2 Ha", "SupKm2Tex": "3,07 Km2" }, "geometry": { "type": "MultiPolygon", "coordinates": [ [ [ [ -62.998196239160592, -40.871239700637609 ], [ -63.002899888560755, -40.874950097653262 ], [ -63.00979686416904, -40.869606090609217 ], [ -63.011661139267588, -40.870994680362365 ], [ -63.01785962011423, -40.866213043071369 ], [ -63.007520551962926, -40.858393770452508 ], [ -63.001260067937523, -40.863085444799921 ], [ -62.996183092080003, -40.859234682182418 ], [ -62.996639574032685, -40.858868345723522 ], [ -62.993319081224911, -40.856342526660256 ], [ -62.991238410579697, -40.857880379740131 ], [ -62.996354358359518, -40.866008135981986 ], [ -62.984931470650309, -40.868434626600788 ], [ -62.981370005423237, -40.87111176425072 ], [ -62.974712872383549, -40.872420569665742 ], [ -62.978739879460484, -40.875408313000634 ], [ -62.998196239160592, -40.871239700637609 ] ] ] ] } },
{ "type": "Feature", "properties": { "Id": "0", "IATA": "BHI", "Descrip": "Sector militar", "Etiqueta": "BHI - Sector militar", "Observac": null, "LINK": null, "Ciudad": "Bahía Blanca", "Nom_aerop": "Comandante Espora", "Provincia": "Buenos Aires", "Habilitaci": "Cabotaje", "Grupo": "B", "SupHa": 1112.65511823, "SupKm2": 11.1265511823, "SupHaText": "1.112,7 Ha", "SupKm2Tex": "11,13 Km2" }, "geometry": { "type": "MultiPolygon", "coordinates": [ [ [ [ -62.142083522408363, -38.715750567380724 ], [ -62.131882582600142, -38.71640060975912 ], [ -62.131067101769887, -38.717559952210415 ], [ -62.132854648227379, -38.719047407494074 ], [ -62.138339349376501, -38.723451031445144 ], [ -62.148436570568713, -38.731510961295527 ], [ -62.147494740030332, -38.733972029741714 ], [ -62.14640141328325, -38.737068215131771 ], [ -62.147535308277625, -38.737985409442352 ], [ -62.146243691954297, -38.73955807841417 ], [ -62.148505647339341, -38.741327573456822 ], [ -62.154703011582825, -38.736650330639236 ], [ -62.157737023969723, -38.739083523500412 ], [ -62.158563830628296, -38.738467721036152 ], [ -62.162485273641352, -38.741654946372449 ], [ -62.168400800833219, -38.746409373052352 ], [ -62.16959056978363, -38.745527570991804 ], [ -62.170129183787552, -38.745116630236204 ], [ -62.172725647360735, -38.74312018397486 ], [ -62.171798696423018, -38.742341581236445 ], [ -62.17065783373048, -38.741423931395808 ], [ -62.171663218978239, -38.740712049457777 ], [ -62.173061964175204, -38.739735054099711 ], [ -62.1739366255729, -38.73906579529617 ], [ -62.175256936459895, -38.738136979750394 ], [ -62.177158374280836, -38.739812917597504 ], [ -62.178289729784275, -38.738789561994601 ], [ -62.179478144326211, -38.737742139254514 ], [ -62.1802749179598, -38.737178933764383 ], [ -62.182672522357599, -38.735385072212814 ], [ -62.186665467538937, -38.73243655732773 ], [ -62.187855657793442, -38.731561175968231 ], [ -62.189361415433012, -38.730460637425999 ], [ -62.191080357754089, -38.729170211026833 ], [ -62.191704131549741, -38.728677153506943 ], [ -62.192051826477382, -38.728308420390178 ], [ -62.192278778733048, -38.727970547163437 ], [ -62.192468808268899, -38.727619068447503 ], [ -62.192588599679709, -38.727159290760277 ], [ -62.192586524114375, -38.726892437152493 ], [ -62.192568100357569, -38.72668784747944 ], [ -62.192516070102172, -38.726379037688417 ], [ -62.192129106520902, -38.725661874661242 ], [ -62.191602917686637, -38.725166554638335 ], [ -62.188968936653751, -38.72298546265835 ], [ -62.187297302676939, -38.721634638978784 ], [ -62.186099137536118, -38.720646678269183 ], [ -62.185733720642546, -38.720234110043442 ], [ -62.185302573937513, -38.719660727503701 ], [ -62.182693887013123, -38.717498078826779 ], [ -62.180870215548751, -38.715940296928018 ], [ -62.177536335025984, -38.71312382535492 ], [ -62.17727637227118, -38.712976158087457 ], [ -62.177191549225334, -38.712987270233249 ], [ -62.152470826379044, -38.714946053387798 ], [ -62.147455084252464, -38.715342572635727 ], [ -62.142083522408363, -38.715750567380724 ] ], [ [ -62.163992462289201, -38.715927554221309 ], [ -62.164003953143066, -38.715993006770454 ], [ -62.164111950729087, -38.716757463487305 ], [ -62.163743108860629, -38.7167849587468 ], [ -62.163647060138594, -38.715965705450188 ], [ -62.163992462289201, -38.715927554221309 ] ] ] ] } },
{ "type": "Feature", "properties": { "Id": "0", "IATA": "BHI", "Descrip": "Terminal de pasajeros concesionada a Aeropuerto Bahía Blanca S.A.", "Etiqueta": "BHI - Terminal de pasajeros concesionada a Aeropuerto Bahía Blanca S.A.", "Observac": null, "LINK": "BHI", "Ciudad": "Bahía Blanca", "Nom_aerop": "Comandante Espora", "Provincia": "Buenos Aires", "Habilitaci": "Cabotaje", "Grupo": "B", "SupHa": 0.28936318788999998, "SupKm2": 0.00289363188, "SupHaText": "0,29 Ha", "SupKm2Tex": "0,003 Km2" }, "geometry": { "type": "MultiPolygon", "coordinates": [ [ [ [ -62.163992462289201, -38.715927554221309 ], [ -62.163647060138594, -38.715965705450188 ], [ -62.163743108860693, -38.71678495874685 ], [ -62.164111950729087, -38.716757463487355 ], [ -62.164003953143066, -38.715993006770503 ], [ -62.163992462289201, -38.715927554221309 ] ] ] ] } },
{ "type": "Feature", "properties": { "Id": "0", "IATA": "NEC", "Descrip": "Predio administrado por la Provincia de Buenos Aires", "Etiqueta": "NEC - Predio administrado por la Provincia de Buenos Aires", "Observac": "No se tiene información oficial sobre la delimitación del predio. Se tomó el predio operativo como la totalidad del predio", "LINK": "NEC", "Ciudad": "Necochea", "Nom_aerop": "Aeropuerto de Necochea", "Provincia": "Buenos Aires", "Habilitaci": "Cabotaje", "Grupo": "B", "SupHa": 257.920437865, "SupKm2": 2.5792043786500001, "SupHaText": "257,9 Ha", "SupKm2Tex": "2,58 Km2" }, "geometry": { "type": "MultiPolygon", "coordinates": [ [ [ [ -58.818758875221654, -38.494991430734871 ], [ -58.825889101111471, -38.489473300779174 ], [ -58.813731735868117, -38.479673061602185 ], [ -58.805632731253731, -38.485859969405816 ], [ -58.800196662292656, -38.490011711618962 ], [ -58.806004078845127, -38.494683334679621 ], [ -58.812414451199665, -38.499838964742331 ], [ -58.815178426006824, -38.497716360011545 ], [ -58.81892631701664, -38.497572600119746 ], [ -58.818758875221654, -38.494991430734871 ] ] ] ] } },
{ "type": "Feature", "properties": { "Id": "0", "IATA": "RYO", "Descrip": "Predio administrado por el Municipio de 28 de Noviembre", "Etiqueta": "RYO - Predio adjministrado por el Municipio de 28 de Noviembre", "Observac": "No se dispone de datos oficiales sobre el límite del predio. Se estimó por imagen satelitaria", "LINK": "RYO", "Ciudad": "El Turbio /28 de Noviembre", "Nom_aerop": "Río Turbio/28 de Noviembre", "Provincia": "Santa Cruz", "Habilitaci": "Cabotaje", "Grupo": "B", "SupHa": 123.666476413, "SupKm2": 1.2366647641299999, "SupHaText": "123,7 Ha", "SupKm2Tex": "1,24 Km2" }, "geometry": { "type": "MultiPolygon", "coordinates": [ [ [ [ -72.234281920932403, -51.607309770655512 ], [ -72.234882399999989, -51.60651619999998 ], [ -72.234857754785253, -51.605785851830881 ], [ -72.234615321463082, -51.604988721539868 ], [ -72.233859499929252, -51.604306721182247 ], [ -72.23281846272225, -51.603801857176165 ], [ -72.231620556895052, -51.603465278053463 ], [ -72.230394129500553, -51.603155268759544 ], [ -72.229335238432796, -51.602905106920716 ], [ -72.22801257862983, -51.602101221328219 ], [ -72.227171192394096, -51.60138374647628 ], [ -72.226743368884399, -51.600683976132942 ], [ -72.225688070893796, -51.599559006270226 ], [ -72.220425841724335, -51.601268595135721 ], [ -72.215730899999983, -51.6023261 ], [ -72.207002800000012, -51.6003731 ], [ -72.2049958, -51.604046100000012 ], [ -72.2315164, -51.609849 ], [ -72.232345168079121, -51.609308761540113 ], [ -72.2334627, -51.608392399999964 ], [ -72.234281920932403, -51.607309770655512 ] ] ] ] } },
{ "type": "Feature", "properties": { "Id": "0", "IATA": "PMQ", "Descrip": "Predio administrado por la Provincia de Santa Cruz", "Etiqueta": "PMQ - Predio administrado por la Provincia de Santa Cruz", "Observac": "No se dispone de datos oficiales sobre el límite del predio. Se estimó por imagen satelitaria", "LINK": "PMQ", "Ciudad": "Perito Moreno", "Nom_aerop": "Jalil Hamer", "Provincia": "Santa Cruz", "Habilitaci": "Cabotaje", "Grupo": "B", "SupHa": 83.184054137199993, "SupKm2": 0.83184054136999996, "SupHaText": "83,2 Ha", "SupKm2Tex": "0,83 Km2" }, "geometry": { "type": "MultiPolygon", "coordinates": [ [ [ [ -70.966162751821088, -46.543369179565694 ], [ -70.9800973410306, -46.53941475743261 ], [ -70.983068185452041, -46.539232679622707 ], [ -70.984486790565043, -46.539127866425908 ], [ -70.985055943700218, -46.538788765452551 ], [ -70.986174645694476, -46.537897159612314 ], [ -70.98791279618419, -46.536764212880243 ], [ -70.990961358119677, -46.535702477544206 ], [ -70.990214175342288, -46.532749913493603 ], [ -70.984933437261134, -46.534294827358963 ], [ -70.964192364113984, -46.540155446999457 ], [ -70.966162751821088, -46.543369179565694 ] ] ] ] } },
{ "type": "Feature", "properties": { "Id": "0", "IATA": "TDL", "Descrip": "Predio administrado por Administración Nacional de Aviación Civil (ANAC)", "Etiqueta": "TDL - Predio administrado por ANAC", "Observac": "No se tiene información oficial sobre la delimitación del predio. Se tomó el predio operativo como la totalidad del predio", "LINK": "TDL", "Ciudad": "Tandil", "Nom_aerop": "Héroes de Malvinas", "Provincia": "Buenos Aires", "Habilitaci": "Cabotaje", "Grupo": "B", "SupHa": 304.34705752600001, "SupKm2": 3.0434705752600002, "SupHaText": "304,3 Ha", "SupKm2Tex": "3,04 Km2" }, "geometry": { "type": "MultiPolygon", "coordinates": [ [ [ [ -59.224045559579167, -37.219040965639756 ], [ -59.226335262292778, -37.239150542902514 ], [ -59.226848265871659, -37.243654691096566 ], [ -59.227216600797732, -37.246888346932423 ], [ -59.227186270640459, -37.24973653487902 ], [ -59.22918050644035, -37.251418810276895 ], [ -59.229369176684685, -37.253074607647683 ], [ -59.231377805449334, -37.252903081559246 ], [ -59.232778240364539, -37.254110748138636 ], [ -59.232391456675245, -37.250043028860723 ], [ -59.232049197867475, -37.247080201480308 ], [ -59.231635635141423, -37.243424752009304 ], [ -59.23248253602894, -37.242705473429005 ], [ -59.233565630977637, -37.241710969968359 ], [ -59.233747547890275, -37.241762225713224 ], [ -59.234233078605413, -37.241711493404992 ], [ -59.234601135632644, -37.241422935345788 ], [ -59.23533262932046, -37.241980587380375 ], [ -59.235423437958268, -37.241913257436643 ], [ -59.23552938426576, -37.241834703445285 ], [ -59.235706024562568, -37.242013655611956 ], [ -59.238003942978963, -37.24033589549677 ], [ -59.240253659071001, -37.238696965585163 ], [ -59.241658509119603, -37.237655164261696 ], [ -59.241525320082005, -37.237557220369297 ], [ -59.242108366677137, -37.237050360890912 ], [ -59.24186170756478, -37.236868973925034 ], [ -59.242054026146711, -37.236701784058745 ], [ -59.24176213521234, -37.236473346479293 ], [ -59.241923393265544, -37.236332481060266 ], [ -59.241602356431152, -37.236097530233948 ], [ -59.242037467644195, -37.235717440620746 ], [ -59.24229737768642, -37.235591488259182 ], [ -59.242591574586889, -37.235340044137949 ], [ -59.238329467079595, -37.232365140211712 ], [ -59.239104959349, -37.231647715619637 ], [ -59.238115991710934, -37.230776382886077 ], [ -59.237044315240034, -37.230880431567627 ], [ -59.23241603418154, -37.22316512143874 ], [ -59.22991614856894, -37.221002096845666 ], [ -59.229709991876661, -37.219192296190236 ], [ -59.227971043540862, -37.219318974533685 ], [ -59.22733283124191, -37.218801582502223 ], [ -59.224045559579167, -37.219040965639756 ] ] ] ] } },
{ "type": "Feature", "properties": { "Id": "0", "IATA": "SST", "Descrip": "Predio administrado por Municipio de La Costa", "Etiqueta": "SST - Predio administrado por el Municipio de la Costa", "Observac": "No se tiene información oficial sobre la delimitación del predio. Se tomó el predio operativo como la totalidad del predio", "LINK": "SST", "Ciudad": "Santa Teresita", "Nom_aerop": "Aeropuerto de Santa Teresita", "Provincia": "Buenos Aires", "Habilitaci": "Cabotaje", "Grupo": "B", "SupHa": 276.68996792399997, "SupKm2": 2.7668996792399998, "SupHaText": "276,7 Ha", "SupKm2Tex": "2,77 Km2" }, "geometry": { "type": "MultiPolygon", "coordinates": [ [ [ [ -56.716782068652549, -36.539041038923536 ], [ -56.717174186760587, -36.54205293195546 ], [ -56.717908682417779, -36.547694208218218 ], [ -56.71833430351294, -36.55102176535712 ], [ -56.717698958230677, -36.553747298240687 ], [ -56.71712467822023, -36.556210673442102 ], [ -56.716353567292984, -36.559518060865436 ], [ -56.716583857124384, -36.559473400198975 ], [ -56.716907421775929, -36.559355848806561 ], [ -56.717190394684899, -36.559183100015659 ], [ -56.717337624279985, -36.559052735510619 ], [ -56.717784306130604, -36.558445041894423 ], [ -56.718941206045308, -36.556780859210811 ], [ -56.72018951381542, -36.554985088606436 ], [ -56.720438923509796, -36.554758401450925 ], [ -56.723002064861994, -36.55251684343299 ], [ -56.725475785696105, -36.550353303088322 ], [ -56.726879282225752, -36.548607091808179 ], [ -56.728783896572558, -36.546237234925016 ], [ -56.729209740390488, -36.544968125333469 ], [ -56.729421629400022, -36.544315000963458 ], [ -56.729797436560318, -36.542763274043701 ], [ -56.730806905156285, -36.542570779230417 ], [ -56.730905302482903, -36.542532624298303 ], [ -56.73216688328219, -36.540970673843489 ], [ -56.732370706042573, -36.540718315344627 ], [ -56.734939715488686, -36.538622362246464 ], [ -56.738351548674387, -36.534334533274794 ], [ -56.740379922305657, -36.531785082396347 ], [ -56.740439703337863, -36.531702893982164 ], [ -56.740439553392576, -36.531656119076793 ], [ -56.740433207861649, -36.531641242612757 ], [ -56.740411969647766, -36.531614980938336 ], [ -56.740381357966342, -36.531595664409288 ], [ -56.740324982637489, -36.531592512334399 ], [ -56.740201537152522, -36.531602818950333 ], [ -56.732289862430974, -36.532263099890798 ], [ -56.725428167425008, -36.532835315370953 ], [ -56.721523620863188, -36.533132588613299 ], [ -56.72033899203533, -36.538566949481485 ], [ -56.718933710160194, -36.539550803370275 ], [ -56.718524583845451, -36.539900296831135 ], [ -56.716782068652549, -36.539041038923536 ] ] ] ] } },
{ "type": "Feature", "properties": { "Id": "0", "IATA": "VLG", "Descrip": "Predio administrado por la Municipalidad de Villa Gesell", "Etiqueta": "VLG - Predio administrado por la Municipalidad de Villa Gesell", "Observac": null, "LINK": "VLG", "Ciudad": "Villa Gesell", "Nom_aerop": "Aeropuerto de Villa Gesell", "Provincia": "Buenos Aires", "Habilitaci": "Cabotaje", "Grupo": "B", "SupHa": 120.613784447, "SupKm2": 1.2061378444699999, "SupHaText": "120,6 Ha", "SupKm2Tex": "1,21 Km2" }, "geometry": { "type": "MultiPolygon", "coordinates": [ [ [ [ -57.040235872892026, -37.236106585014838 ], [ -57.039819933368612, -37.234086544577494 ], [ -57.040120004024722, -37.234046332450241 ], [ -57.040045729109877, -37.233648940862906 ], [ -57.04028043784092, -37.23361345936933 ], [ -57.039941150029755, -37.231725819836292 ], [ -57.037923688532636, -37.231948048746546 ], [ -57.036236841829293, -37.232137716779064 ], [ -57.031926835285056, -37.232699058720911 ], [ -57.021222442882454, -37.233929450916484 ], [ -57.012477444452678, -37.234846807118956 ], [ -57.013429631035486, -37.239668422742518 ], [ -57.02475400963452, -37.23778218404339 ], [ -57.040235872892026, -37.236106585014838 ] ] ] ] } },
{ "type": "Feature", "properties": { "Id": "0", "IATA": "MDQ", "Descrip": "Sector militar", "Etiqueta": "MDQ - Sector militar", "Observac": null, "LINK": null, "Ciudad": "Mar del Plata", "Nom_aerop": "Astor Piazzolla", "Provincia": "Buenos Aires", "Habilitaci": "Internacional", "Grupo": "A", "SupHa": 307.08506036799997, "SupKm2": 3.0708506036799998, "SupHaText": "307,1 Ha", "SupKm2Tex": "3,07 Km2" }, "geometry": { "type": "MultiPolygon", "coordinates": [ [ [ [ -57.553367067297103, -37.911486785654596 ], [ -57.555549561676344, -37.914035114968947 ], [ -57.555664802318617, -37.913944898383534 ], [ -57.557612462582078, -37.915506375966331 ], [ -57.557206086397095, -37.915824514279564 ], [ -57.558009644106221, -37.91646871612835 ], [ -57.557435454851934, -37.916918226486665 ], [ -57.560917966587191, -37.919709932672404 ], [ -57.560170296896032, -37.920295263493195 ], [ -57.565829190575876, -37.924830993903413 ], [ -57.565291863785305, -37.92525166961984 ], [ -57.569639133542651, -37.928735554259561 ], [ -57.570013661693203, -37.92844232151819 ], [ -57.570943616954132, -37.929187516783941 ], [ -57.570745475671607, -37.929342651325349 ], [ -57.571717581747293, -37.930272991195316 ], [ -57.57880920446776, -37.927464614935687 ], [ -57.577022947724174, -37.923257503183869 ], [ -57.574389905581761, -37.923749191827 ], [ -57.570672465807007, -37.920210026633598 ], [ -57.570274708983824, -37.919879254967164 ], [ -57.569683297195837, -37.919876416272814 ], [ -57.569663205092326, -37.919497898634724 ], [ -57.569412740807159, -37.91953273554612 ], [ -57.569381466678593, -37.91912713410742 ], [ -57.568994904801954, -37.919107255933788 ], [ -57.568930716434735, -37.918530305421655 ], [ -57.568578087179802, -37.918537619027191 ], [ -57.568412115716036, -37.917879087979728 ], [ -57.567378760286722, -37.917648858532999 ], [ -57.567300482820862, -37.917459270351848 ], [ -57.56738333091004, -37.917000158147069 ], [ -57.56672624744246, -37.916636586053635 ], [ -57.566841882002429, -37.916366843225376 ], [ -57.566059770675224, -37.915993653612837 ], [ -57.566176042922422, -37.915633814192383 ], [ -57.565767518968805, -37.915505698391406 ], [ -57.565791283117179, -37.915361652753461 ], [ -57.565111221891648, -37.915034000388481 ], [ -57.565112114653722, -37.914907864147054 ], [ -57.564760522994661, -37.914771010493205 ], [ -57.564523295817708, -37.914544609812573 ], [ -57.564427742227728, -37.914470245973419 ], [ -57.564011427757812, -37.914134778673727 ], [ -57.563649590885312, -37.913717891685828 ], [ -57.563584013742748, -37.913753616012002 ], [ -57.557573381283461, -37.907875331038561 ], [ -57.554257910637432, -37.91047104533758 ], [ -57.554458797658675, -37.910632117690959 ], [ -57.553367067297103, -37.911486785654596 ] ] ], [ [ [ -57.58053370026083, -37.93563994524041 ], [ -57.575669520381012, -37.936951166134293 ], [ -57.575350742985322, -37.936503825134565 ], [ -57.56980250294901, -37.938635810141349 ], [ -57.565291653593796, -37.940647091726738 ], [ -57.558031519694893, -37.943664309390201 ], [ -57.558690164768464, -37.944193323971035 ], [ -57.559834571429761, -37.943471595873561 ], [ -57.560385381766622, -37.943234654923579 ], [ -57.560844433595257, -37.943066707388802 ], [ -57.561227278454886, -37.942954495292007 ], [ -57.561549467111348, -37.942884760286496 ], [ -57.561826549783596, -37.942844243745917 ], [ -57.562074076314296, -37.942819686833467 ], [ -57.562305222031085, -37.942800214547923 ], [ -57.562523665110795, -37.942784487778979 ], [ -57.562730709467083, -37.942773551389479 ], [ -57.562927659020268, -37.942768450229487 ], [ -57.563115817696648, -37.942770229137523 ], [ -57.563296489428296, -37.942779932941342 ], [ -57.563470978153298, -37.942798606459121 ], [ -57.563640587816245, -37.942827294500084 ], [ -57.563806699717595, -37.94286640762585 ], [ -57.563971004549522, -37.942913819433016 ], [ -57.564135270333274, -37.942966769269404 ], [ -57.564301265070029, -37.943022496473155 ], [ -57.564470756741457, -37.943078240372628 ], [ -57.564645513309159, -37.943131240286021 ], [ -57.564827302712622, -37.943178735520767 ], [ -57.565017892865917, -37.943217965372547 ], [ -57.565218279610036, -37.943247175003883 ], [ -57.565426370598992, -37.943268633093112 ], [ -57.565639301466575, -37.943285614213849 ], [ -57.565854207879205, -37.943301392959228 ], [ -57.566068225538579, -37.943319243942696 ], [ -57.566278490181794, -37.943342441798222 ], [ -57.566482137578774, -37.943374261179628 ], [ -57.566676303527451, -37.943417976759427 ], [ -57.566858971971264, -37.943475396165333 ], [ -57.567031519343828, -37.943542458783639 ], [ -57.567196170155995, -37.943613636926315 ], [ -57.567355148873027, -37.943683402891544 ], [ -57.567510679920034, -37.943746228965011 ], [ -57.567664987684239, -37.943796587420678 ], [ -57.56782029651395, -37.943828950521144 ], [ -57.567978830714026, -37.94383779051752 ], [ -57.568142471910477, -37.943819683765803 ], [ -57.568311731196005, -37.943779623080012 ], [ -57.568486777079947, -37.943724705387829 ], [ -57.568667778130354, -37.943662027614614 ], [ -57.568854902979183, -37.9435986866837 ], [ -57.569048320328122, -37.943541779516018 ], [ -57.569248198954405, -37.943498403030141 ], [ -57.569454707717547, -37.943475654141835 ], [ -57.569667521812427, -37.943478319707452 ], [ -57.569884341459392, -37.943501946361962 ], [ -57.570102373065126, -37.943539770702401 ], [ -57.570318822954071, -37.943585029347034 ], [ -57.570530897364435, -37.943630958935458 ], [ -57.570735802449263, -37.943670796127975 ], [ -57.570930744282741, -37.943697777604129 ], [ -57.571112928871877, -37.943705140060402 ], [ -57.571280603752101, -37.94368823095455 ], [ -57.571436182776132, -37.943650840732744 ], [ -57.571583121433065, -37.943598870568032 ], [ -57.571724875262454, -37.943538221613402 ], [ -57.571864899843376, -37.943474795003901 ], [ -57.572006650788772, -37.943414491857908 ], [ -57.572153583745632, -37.943363213276918 ], [ -57.572309154400578, -37.943326860344641 ], [ -57.572475516483337, -37.943310000988646 ], [ -57.572649615733809, -37.943311870585426 ], [ -57.572827095883724, -37.943330371395234 ], [ -57.573003600647738, -37.943363405704048 ], [ -57.573174773713852, -37.943408875823913 ], [ -57.573336258736177, -37.943464684092049 ], [ -57.573483699330296, -37.943528732868039 ], [ -57.573612739071166, -37.943598924529539 ], [ -57.573720441432613, -37.943673254768974 ], [ -57.573809549620819, -37.943750092485374 ], [ -57.573884226782781, -37.943827899860459 ], [ -57.573948636074533, -37.943905139058906 ], [ -57.574006940663885, -37.943980272232679 ], [ -57.574063303731307, -37.944051761523944 ], [ -57.574121888469342, -37.94411806906654 ], [ -57.574186858079997, -37.944177656985737 ], [ -57.574261464558546, -37.944229069598876 ], [ -57.574345315048724, -37.944271180023115 ], [ -57.574437105468824, -37.944302943577853 ], [ -57.574535531722901, -37.944323315584839 ], [ -57.574639289701842, -37.944331251368965 ], [ -57.574747075284556, -37.944325706258894 ], [ -57.574857584339597, -37.944305635587483 ], [ -57.574969512727293, -37.944269994692284 ], [ -57.575082715477492, -37.94421866749768 ], [ -57.575201684321442, -37.944155252252401 ], [ -57.575332070169928, -37.94408427576613 ], [ -57.57547952393687, -37.944010264821216 ], [ -57.575649696543906, -37.943937746165659 ], [ -57.575848238931826, -37.943871246503647 ], [ -57.576080802079112, -37.943815292483066 ], [ -57.576353037027076, -37.943774410680149 ], [ -57.576667618507486, -37.943751613482235 ], [ -57.577015315710177, -37.943743856842197 ], [ -57.577383921401172, -37.943746582706936 ], [ -57.577761228280899, -37.943755233160132 ], [ -57.57813502896154, -37.943765250437757 ], [ -57.578493115959361, -37.943772076930806 ], [ -57.578823281702043, -37.943771155175469 ], [ -57.579113318551087, -37.943757927830035 ], [ -57.579355251036738, -37.943729487399963 ], [ -57.579558032515664, -37.943689525417248 ], [ -57.579734848609718, -37.94364338305278 ], [ -57.579898884978469, -37.943596401373632 ], [ -57.580063327299115, -37.943553921364803 ], [ -57.580241361265301, -37.943521283936114 ], [ -57.580446172605079, -37.943503829914341 ], [ -57.580690947117631, -37.94350690002004 ], [ -57.580988278051045, -37.943537274344351 ], [ -57.581348388195835, -37.943607490854845 ], [ -57.581780908135251, -37.943731526817082 ], [ -57.582295469123174, -37.943923359224556 ], [ -57.582994210896068, -37.944245266660332 ], [ -57.584882469968193, -37.938549292516676 ], [ -57.582174971322267, -37.93610680818972 ], [ -57.581403888342784, -37.935405200882059 ], [ -57.58053370026083, -37.93563994524041 ] ] ] ] } },
{ "type": "Feature", "properties": { "Id": "0", "IATA": "MDQ", "Descrip": "Predio concesionado a AA2000", "Etiqueta": "MDQ - Predio concesionado a AA2000", "Observac": null, "LINK": "MDQ", "Ciudad": "Mar del Plata", "Nom_aerop": "Astor Piazzolla", "Provincia": "Buenos Aires", "Habilitaci": "Internacional", "Grupo": "A", "SupHa": 191.963300479, "SupKm2": 1.9196330047900001, "SupHaText": "192,0 Ha", "SupKm2Tex": "1,92 Km2" }, "geometry": { "type": "MultiPolygon", "coordinates": [ [ [ [ -57.558031519694907, -37.943664309390215 ], [ -57.56529165359381, -37.940647091726746 ], [ -57.569802502949024, -37.938635810141342 ], [ -57.575350742985322, -37.936503825134565 ], [ -57.575669520381027, -37.936951166134293 ], [ -57.580533700260844, -37.93563994524041 ], [ -57.581403888342784, -37.93540520088208 ], [ -57.582174971322267, -37.936106808189756 ], [ -57.584882469968207, -37.938549292516683 ], [ -57.587433284691521, -37.930853281269698 ], [ -57.585529133868299, -37.929007490889035 ], [ -57.585463212984727, -37.928938922461647 ], [ -57.585403837767615, -37.928866699345591 ], [ -57.585351329834502, -37.928791212775096 ], [ -57.585305973600043, -37.928712871661496 ], [ -57.585268014735604, -37.928632100377868 ], [ -57.585237658838949, -37.928549336460129 ], [ -57.585216359497302, -37.928494595130857 ], [ -57.585187864882784, -37.928441946987306 ], [ -57.585152493257119, -37.928391981156814 ], [ -57.585110643265146, -37.928345261645276 ], [ -57.584988011425452, -37.928225084613565 ], [ -57.58486832966782, -37.928103055981104 ], [ -57.584820471828337, -37.928060107606306 ], [ -57.584767143568939, -37.928021413007528 ], [ -57.584708944069028, -37.927987406939408 ], [ -57.584646527236238, -37.927958471477815 ], [ -57.584552282703086, -37.927916412009758 ], [ -57.584462173566116, -37.927869006159519 ], [ -57.584376682339261, -37.927816507778743 ], [ -57.584296266805367, -37.927759197988294 ], [ -57.584221357564779, -37.927697383672808 ], [ -57.584152355729508, -37.927631395837153 ], [ -57.583726133248668, -37.927192003863823 ], [ -57.582825619747595, -37.927796259522843 ], [ -57.581965530669088, -37.928075231687956 ], [ -57.579582514940867, -37.929285807087105 ], [ -57.578809204467774, -37.927464614935673 ], [ -57.571717581747293, -37.930272991195316 ], [ -57.570822021303343, -37.930955586387839 ], [ -57.569303890825047, -37.932109386642495 ], [ -57.567269706089242, -37.933658053905731 ], [ -57.566428846850918, -37.934296498940164 ], [ -57.563949927927617, -37.936175277080444 ], [ -57.564073408471188, -37.936277477955407 ], [ -57.556258271426344, -37.942240004356712 ], [ -57.558031519694907, -37.943664309390215 ] ] ] ] } },
{ "type": "Feature", "properties": { "Id": "0", "IATA": "JNI", "Descrip": "Predio administrado por Municipalidad de Junin", "Etiqueta": "JNI - Predio administrado por Municipalidad de Junin", "Observac": null, "LINK": "JNI", "Ciudad": "Junín", "Nom_aerop": "Aeropuerto de Junín", "Provincia": "Buenos Aires", "Habilitaci": "Cabotaje", "Grupo": "B", "SupHa": 184.84971485, "SupKm2": 1.8484971485, "SupHaText": "184,8 Ha", "SupKm2Tex": "1,85 Km2" }, "geometry": { "type": "MultiPolygon", "coordinates": [ [ [ [ -60.921470149256265, -34.548031145223433 ], [ -60.929390637910451, -34.55463009495201 ], [ -60.941008591184016, -34.544756746711073 ], [ -60.931168137475943, -34.536648666229667 ], [ -60.923342016419213, -34.543114419155529 ], [ -60.924705077728383, -34.545287810595589 ], [ -60.921470149256265, -34.548031145223433 ] ] ] ] } },
{ "type": "Feature", "properties": { "Id": "0", "IATA": "EZE", "Descrip": "Predio concesionado a AA2000", "Etiqueta": "EZE - Predio concesionado a AA2000", "Observac": null, "LINK": "EZE", "Ciudad": "Ezeiza", "Nom_aerop": "Ministro Pistarini", "Provincia": "Buenos Aires", "Habilitaci": "Internacional", "Grupo": "A", "SupHa": 2439.1559263899999, "SupKm2": 24.3915592639, "SupHaText": "2.439,2 Ha", "SupKm2Tex": "24,39 Km2" }, "geometry": { "type": "MultiPolygon", "coordinates": [ [ [ [ -58.539297618664932, -34.783017666856892 ], [ -58.538297071113732, -34.783022319608676 ], [ -58.537884037071315, -34.782941346156633 ], [ -58.537598876251877, -34.78302556635839 ], [ -58.537436376239327, -34.783026322016838 ], [ -58.535985044681638, -34.783447478029586 ], [ -58.536054700472846, -34.783481627594547 ], [ -58.544301705986072, -34.788100029728405 ], [ -58.543171511682438, -34.789078389915694 ], [ -58.548707475342724, -34.793431152561936 ], [ -58.538779210133107, -34.802024603894949 ], [ -58.532785302902994, -34.796989673570806 ], [ -58.531015184080722, -34.795202697361105 ], [ -58.530183491219297, -34.794215592299906 ], [ -58.529425196326542, -34.793178514511453 ], [ -58.528998069349036, -34.793337799548844 ], [ -58.528796501531865, -34.79305018171425 ], [ -58.525455914320275, -34.794783331770077 ], [ -58.525052251346324, -34.795130185614369 ], [ -58.524777900690879, -34.795520338356432 ], [ -58.523533301964228, -34.797228201409439 ], [ -58.522584383359913, -34.798564048328842 ], [ -58.521751203535473, -34.799642520198063 ], [ -58.521395846826188, -34.800115145502616 ], [ -58.520732389679949, -34.801003734114147 ], [ -58.520184857585832, -34.801801948792047 ], [ -58.519494608844809, -34.802813016944981 ], [ -58.519261240064502, -34.80330361076085 ], [ -58.513829926015148, -34.810762543783483 ], [ -58.521070830206043, -34.814403189482952 ], [ -58.515896969223661, -34.821324684454048 ], [ -58.51151369530055, -34.822600438382437 ], [ -58.511490699987348, -34.822739223181543 ], [ -58.511380247222121, -34.822775353844634 ], [ -58.511263675722894, -34.823471094202262 ], [ -58.510921154755017, -34.823754279438738 ], [ -58.509742255967019, -34.823955119122729 ], [ -58.50940851730843, -34.824230048750621 ], [ -58.50939293244403, -34.8243219161862 ], [ -58.509253991496898, -34.824424567742824 ], [ -58.50919523144659, -34.824876940797715 ], [ -58.50892944453124, -34.826787405190657 ], [ -58.50903164479854, -34.828738150061163 ], [ -58.509186370916041, -34.828978516520976 ], [ -58.509343246545718, -34.829099674158556 ], [ -58.512201241675491, -34.830535783781954 ], [ -58.512258147293672, -34.83056836985611 ], [ -58.518925924353027, -34.833918396344188 ], [ -58.517487145491657, -34.835872794306169 ], [ -58.525344746087633, -34.839854069032924 ], [ -58.526005829662154, -34.840194551012701 ], [ -58.528729647922091, -34.83626429215542 ], [ -58.552491463289527, -34.837850247532742 ], [ -58.563764337446237, -34.847285070447697 ], [ -58.574385182806964, -34.84471605526295 ], [ -58.574951882204907, -34.844535428182951 ], [ -58.56740003567495, -34.838238554366171 ], [ -58.565241522041212, -34.836286258061477 ], [ -58.56143689806936, -34.832869326979846 ], [ -58.558261779518091, -34.830082661811105 ], [ -58.558549036149479, -34.829697849461922 ], [ -58.558623683439698, -34.829597826250968 ], [ -58.575815081517312, -34.806730100828531 ], [ -58.575842876335116, -34.806652632725843 ], [ -58.575878953818965, -34.80654910570388 ], [ -58.575913849799917, -34.806445303222517 ], [ -58.5759475611992, -34.806341234453612 ], [ -58.575980085042552, -34.806236908592616 ], [ -58.576011418460439, -34.806132334857409 ], [ -58.576041558688985, -34.806027522487796 ], [ -58.576070503069737, -34.805922480745039 ], [ -58.576098249049487, -34.805817218909858 ], [ -58.576124794181446, -34.805711746283059 ], [ -58.576150136124738, -34.805606072183821 ], [ -58.576174272644721, -34.805500205948931 ], [ -58.576197201613411, -34.805394156932316 ], [ -58.576218921009634, -34.805287934503951 ], [ -58.576239428919052, -34.805181548049177 ], [ -58.576258723534124, -34.805075006967627 ], [ -58.57627680315511, -34.804968320672629 ], [ -58.57629366618891, -34.804861498590348 ], [ -58.576309311150517, -34.804754550159096 ], [ -58.576323736662232, -34.804647484827804 ], [ -58.576336941454421, -34.80454031205619 ], [ -58.576348924364993, -34.804433041313132 ], [ -58.576359684340055, -34.804325682076239 ], [ -58.576369220433492, -34.804218243831031 ], [ -58.576377531807907, -34.804110736069674 ], [ -58.576384617733368, -34.804003168290834 ], [ -58.576390477588802, -34.803895549997954 ], [ -58.576395110861313, -34.803787890699255 ], [ -58.576398517146004, -34.80368019990641 ], [ -58.576400696147232, -34.803572487134041 ], [ -58.576401647676846, -34.803464761898454 ], [ -58.576401371655777, -34.80335703371685 ], [ -58.576399868113064, -34.803249312107198 ], [ -58.576397137186468, -34.803141606586451 ], [ -58.576393179122029, -34.803033926670089 ], [ -58.576387994274171, -34.802926281871407 ], [ -58.576381583105778, -34.802818681700671 ], [ -58.576373946188028, -34.802711135663856 ], [ -58.576365084200511, -34.802603653262516 ], [ -58.576354997930814, -34.802496243992216 ], [ -58.57634368827479, -34.802388917342178 ], [ -58.576331156236343, -34.80228168279416 ], [ -58.576317402927714, -34.802174549821984 ], [ -58.576302429568095, -34.802067527890244 ], [ -58.576286237485597, -34.801960626453706 ], [ -58.576268828115012, -34.801853854956569 ], [ -58.57625020299951, -34.801747222831473 ], [ -58.576230363788802, -34.80164073949868 ], [ -58.576209312240564, -34.801534414365278 ], [ -58.576187050219168, -34.801428256824344 ], [ -58.57616357969578, -34.801322276254098 ], [ -58.576138902748824, -34.80121648201709 ], [ -58.576113021562549, -34.801110883459444 ], [ -58.576085938428314, -34.801005489909926 ], [ -58.576057655743163, -34.80090031067914 ], [ -58.576028176010368, -34.800795355058597 ], [ -58.575997501838458, -34.800690632320311 ], [ -58.575965635942055, -34.800586151715436 ], [ -58.575932581140485, -34.80048192247375 ], [ -58.575898340358378, -34.800377953802808 ], [ -58.575862916625162, -34.800274254887256 ], [ -58.575826313074572, -34.800170834887638 ], [ -58.575788532944451, -34.800067702939941 ], [ -58.5757495795769, -34.799964868154753 ], [ -58.575709456416909, -34.799862339616091 ], [ -58.575668167013816, -34.799760126381273 ], [ -58.57562571501898, -34.799658237479377 ], [ -58.575582104186985, -34.799556681911156 ], [ -58.575537338374602, -34.799455468647523 ], [ -58.575491421540157, -34.799354606629436 ], [ -58.575444357744622, -34.799254104766305 ], [ -58.57539615114905, -34.799153971936391 ], [ -58.575346806016348, -34.7990542169847 ], [ -58.575296326709406, -34.79895484872339 ], [ -58.575244717691533, -34.798855875929746 ], [ -58.575191983525428, -34.798757307346705 ], [ -58.575138128873675, -34.798659151681022 ], [ -58.57508315849725, -34.798561417603423 ], [ -58.575027077256095, -34.798464113746888 ], [ -58.574962909623537, -34.798350207943599 ], [ -58.574911966086688, -34.798251159834415 ], [ -58.574875604142733, -34.798183378142141 ], [ -58.57483812030074, -34.798116013390256 ], [ -58.57479952159634, -34.798049078218696 ], [ -58.574759815274831, -34.79798258518656 ], [ -58.574719008789081, -34.797916546770075 ], [ -58.574677109798131, -34.797850975360234 ], [ -58.574634126166472, -34.797785883260246 ], [ -58.574590065961566, -34.797721282683369 ], [ -58.574544937453133, -34.797657185750715 ], [ -58.574498749110951, -34.797593604488611 ], [ -58.574451509603875, -34.797530550827062 ], [ -58.574403227797866, -34.797468036596449 ], [ -58.574353912754418, -34.797406073526361 ], [ -58.574303573728677, -34.797344673242947 ], [ -58.574252220168098, -34.797283847266335 ], [ -58.574199861710156, -34.7972236070093 ], [ -58.574146508181002, -34.797163963774381 ], [ -58.574092169593314, -34.797104928752447 ], [ -58.574036856144573, -34.797046513019829 ], [ -58.573980578215078, -34.796988727536871 ], [ -58.573923346366207, -34.796931583145465 ], [ -58.573865171337836, -34.796875090567426 ], [ -58.573806064047233, -34.796819260402174 ], [ -58.573746035586169, -34.796764103124644 ], [ -58.573685097219197, -34.796709629083814 ], [ -58.573623260381787, -34.796655848499995 ], [ -58.573560536677519, -34.796602771463839 ], [ -58.573496937876875, -34.796550407933694 ], [ -58.573432475913819, -34.796498767734192 ], [ -58.573367162884438, -34.79644786055411 ], [ -58.573301011044684, -34.796397695944499 ], [ -58.57323403280742, -34.796348283317634 ], [ -58.573166240740704, -34.796299631944123 ], [ -58.573097647565312, -34.796251750951853 ], [ -58.57302826615188, -34.796204649324409 ], [ -58.572958109519398, -34.796158335898838 ], [ -58.57288719083175, -34.79611281936451 ], [ -58.572815523396116, -34.796068108260954 ], [ -58.572743120659709, -34.796024210977002 ], [ -58.572669996208049, -34.795981135748548 ], [ -58.572596163761489, -34.795938890657048 ], [ -58.572521637173558, -34.795897483628778 ], [ -58.572446430427938, -34.795856922431938 ], [ -58.572370557635622, -34.795817214676838 ], [ -58.57229403303279, -34.795778367813057 ], [ -58.572216870977464, -34.795740389128923 ], [ -58.572139085947583, -34.79570328574993 ], [ -58.572060619647914, -34.795665806696547 ], [ -58.57197450625511, -34.795640270478145 ], [ -58.571859571812183, -34.795616060569387 ], [ -58.57174352834955, -34.795595773689058 ], [ -58.57162657256162, -34.795579444223165 ], [ -58.571508902688656, -34.795567099849563 ], [ -58.571390718180794, -34.795558761491577 ], [ -58.57127221936036, -34.795554443282469 ], [ -58.571168431810975, -34.795553895103751 ], [ -58.571064694361667, -34.79555657806327 ], [ -58.570946367225297, -34.795563332467452 ], [ -58.57082847894867, -34.795574099270986 ], [ -58.570711229351957, -34.795588860223859 ], [ -58.570594817172598, -34.795607590305742 ], [ -58.570479439729347, -34.795630257768835 ], [ -58.57036529258756, -34.795656824191546 ], [ -58.570252569227307, -34.795687244543331 ], [ -58.57014146071657, -34.79572146726116 ], [ -58.570032155385825, -34.795759434337128 ], [ -58.569924838510993, -34.795801081416577 ], [ -58.569819691997346, -34.79584633790688 ], [ -58.569716894072769, -34.795895127097708 ], [ -58.56961661898481, -34.795947366290129 ], [ -58.569526730506823, -34.795998326267977 ], [ -58.567958066037015, -34.797219940995774 ], [ -58.56521590540968, -34.794872988694692 ], [ -58.563256134871381, -34.79651239286386 ], [ -58.548229511637835, -34.784699630706882 ], [ -58.546462178713114, -34.786172711129666 ], [ -58.542514879444873, -34.782369468290256 ], [ -58.542429349187671, -34.782287945602718 ], [ -58.539870573564542, -34.782824823675988 ], [ -58.539297618664932, -34.783017666856892 ] ] ] ] } },
{ "type": "Feature", "properties": { "Id": "0", "IATA": "EZE", "Descrip": "Estado Nacional", "Etiqueta": "EZE - Estado Nacional", "Observac": null, "LINK": null, "Ciudad": "Ezeiza", "Nom_aerop": "Ministro Pistarini", "Provincia": "Buenos Aires", "Habilitaci": "Internacional", "Grupo": "A", "SupHa": 1067.39138121, "SupKm2": 10.6739138121, "SupHaText": "1.067,4 Ha", "SupKm2Tex": "10,67 Km2" }, "geometry": { "type": "MultiPolygon", "coordinates": [ [ [ [ -58.557406141000115, -34.85615249955282 ], [ -58.568829565715305, -34.86204895255878 ], [ -58.576405888405198, -34.852194658840688 ], [ -58.574752577806414, -34.851366961580084 ], [ -58.578639911493724, -34.84652379021685 ], [ -58.575983660560723, -34.845395744674761 ], [ -58.574951882204907, -34.844535428182951 ], [ -58.574385182806964, -34.84471605526295 ], [ -58.56379667326491, -34.847277248922467 ], [ -58.564104982587423, -34.847538250742737 ], [ -58.557406141000115, -34.85615249955282 ] ] ], [ [ [ -58.535985044681638, -34.783447478029586 ], [ -58.534477319401852, -34.783884998707777 ], [ -58.533305335258603, -34.78371706571324 ], [ -58.532380687074635, -34.783537795959489 ], [ -58.532042707991017, -34.783526565695134 ], [ -58.530392058273776, -34.783946626650788 ], [ -58.529825322720917, -34.784207044461937 ], [ -58.528147198035533, -34.784502234022455 ], [ -58.527584083347797, -34.784810895230692 ], [ -58.527114902497885, -34.785212703466698 ], [ -58.52674012262969, -34.785681376070329 ], [ -58.526441711227783, -34.786334997775448 ], [ -58.526337252004168, -34.786833231092324 ], [ -58.526156158351739, -34.787536545969488 ], [ -58.526300256089598, -34.788346439127054 ], [ -58.527054100583541, -34.790167953255605 ], [ -58.527820627974165, -34.791460304930126 ], [ -58.528796501531865, -34.79305018171425 ], [ -58.528998069349036, -34.793337799548844 ], [ -58.529425196326478, -34.793178514511446 ], [ -58.530183491219248, -34.794215592299906 ], [ -58.531015184080722, -34.795202697361049 ], [ -58.532785302902994, -34.796989673570806 ], [ -58.538779210133043, -34.802024603894949 ], [ -58.54870747534261, -34.793431152561936 ], [ -58.543171511682438, -34.789078389915694 ], [ -58.544301705986072, -34.788100029728355 ], [ -58.536054700472846, -34.783481627594547 ], [ -58.535985044681638, -34.783447478029586 ] ] ], [ [ [ -58.567325828977687, -34.781491534819224 ], [ -58.557224212141364, -34.783971567534081 ], [ -58.555496532441175, -34.780692931557041 ], [ -58.554766758344385, -34.779356886753931 ], [ -58.553599017515701, -34.778784266085722 ], [ -58.553127600132086, -34.779014358584107 ], [ -58.551893687512468, -34.779448848267975 ], [ -58.550690550882848, -34.779872484353177 ], [ -58.549005262649985, -34.780381815307415 ], [ -58.548547269243556, -34.780457435295205 ], [ -58.548636915771461, -34.780949759116815 ], [ -58.547480034492075, -34.781322284555586 ], [ -58.546920429388933, -34.781258371207116 ], [ -58.545022924810944, -34.781669723165578 ], [ -58.543141734733638, -34.78213847404453 ], [ -58.542429349187671, -34.782287945602718 ], [ -58.542514879444873, -34.782369468290256 ], [ -58.546462178713114, -34.786172711129666 ], [ -58.548229511637771, -34.784699630706882 ], [ -58.563256134871438, -34.79651239286386 ], [ -58.565215905409559, -34.794872988694635 ], [ -58.567958066036965, -34.797219940995781 ], [ -58.569526730506823, -34.795998326267977 ], [ -58.56961661898476, -34.795947366290022 ], [ -58.569716894072712, -34.795895127097708 ], [ -58.569819691997282, -34.79584633790688 ], [ -58.569924838510993, -34.795801081416471 ], [ -58.570032155385825, -34.795759434337128 ], [ -58.57014146071652, -34.79572146726116 ], [ -58.570252569227307, -34.795687244543331 ], [ -58.570365292587496, -34.795656824191497 ], [ -58.570479439729297, -34.795630257768835 ], [ -58.570594817172484, -34.795607590305742 ], [ -58.570711229351907, -34.795588860223802 ], [ -58.570828478948727, -34.795574099270993 ], [ -58.570946367225297, -34.795563332467452 ], [ -58.571064694361617, -34.795556578063206 ], [ -58.571168431811031, -34.795553895103751 ], [ -58.571272219360246, -34.795554443282413 ], [ -58.571390718180744, -34.795558761491577 ], [ -58.571508902688656, -34.795567099849507 ], [ -58.57162657256162, -34.795579444223108 ], [ -58.571743528349437, -34.795595773688945 ], [ -58.571859571812183, -34.79561606056933 ], [ -58.57197450625511, -34.795640270478088 ], [ -58.5720606196478, -34.795665806696547 ], [ -58.572139085947526, -34.795703285749937 ], [ -58.572216870977464, -34.795740389128866 ], [ -58.57229403303274, -34.795778367812943 ], [ -58.572370557635622, -34.795817214676838 ], [ -58.572446430427938, -34.795856922431881 ], [ -58.572521637173558, -34.795897483628778 ], [ -58.572596163761432, -34.795938890657055 ], [ -58.572669996207992, -34.795981135748491 ], [ -58.572743120659595, -34.796024210976952 ], [ -58.572815523396116, -34.79606810826084 ], [ -58.57288719083175, -34.79611281936451 ], [ -58.572958109519398, -34.796158335898781 ], [ -58.57302826615188, -34.796204649324409 ], [ -58.573097647565248, -34.796251750951797 ], [ -58.57316624074064, -34.796299631944116 ], [ -58.573234032807363, -34.796348283317634 ], [ -58.573301011044634, -34.796397695944556 ], [ -58.573367162884388, -34.796447860554053 ], [ -58.573432475913769, -34.796498767734079 ], [ -58.573496937876826, -34.796550407933694 ], [ -58.573560536677576, -34.796602771463711 ], [ -58.573623260381673, -34.796655848499931 ], [ -58.573685097219197, -34.79670962908375 ], [ -58.573746035586119, -34.796764103124595 ], [ -58.573806064047176, -34.796819260402174 ], [ -58.573865171337786, -34.796875090567369 ], [ -58.573923346366144, -34.796931583145465 ], [ -58.573980578214965, -34.796988727536814 ], [ -58.574036856144517, -34.797046513019787 ], [ -58.574092169593264, -34.79710492875239 ], [ -58.574146508180952, -34.797163963774324 ], [ -58.574199861710156, -34.7972236070093 ], [ -58.574252220167985, -34.797283847266272 ], [ -58.574303573728677, -34.797344673242833 ], [ -58.574353912754418, -34.797406073526304 ], [ -58.574403227797866, -34.797468036596449 ], [ -58.574451509603875, -34.797530550827062 ], [ -58.574498749110951, -34.797593604488675 ], [ -58.574544937453084, -34.797657185750666 ], [ -58.574590065961566, -34.797721282683305 ], [ -58.574634126166352, -34.797785883260197 ], [ -58.574677109798131, -34.79785097536017 ], [ -58.574719008788968, -34.797916546770075 ], [ -58.574759815274831, -34.797982585186503 ], [ -58.57479952159634, -34.798049078218632 ], [ -58.574838120300676, -34.798116013390143 ], [ -58.574875604142733, -34.798183378142085 ], [ -58.574911966086624, -34.798251159834308 ], [ -58.574962909623537, -34.798350207943543 ], [ -58.575027077255974, -34.798464113746888 ], [ -58.57508315849725, -34.798561417603423 ], [ -58.575138128873675, -34.798659151680965 ], [ -58.575191983525428, -34.798757307346705 ], [ -58.575244717691483, -34.798855875929689 ], [ -58.575296326709292, -34.79895484872339 ], [ -58.575346806016348, -34.799054216984636 ], [ -58.575396151148936, -34.799153971936278 ], [ -58.575444357744573, -34.799254104766248 ], [ -58.575491421540157, -34.799354606629436 ], [ -58.575537338374488, -34.799455468647466 ], [ -58.575582104186985, -34.799556681911092 ], [ -58.57562571501898, -34.799658237479321 ], [ -58.575668167013703, -34.799760126381273 ], [ -58.575709456416973, -34.799862339616034 ], [ -58.575749579576836, -34.799964868154746 ], [ -58.575788532944451, -34.800067702939884 ], [ -58.575826313074522, -34.800170834887581 ], [ -58.575862916625162, -34.800274254887256 ], [ -58.575898340358265, -34.800377953802752 ], [ -58.575932581140421, -34.80048192247375 ], [ -58.575965635942005, -34.800586151715436 ], [ -58.575997501838458, -34.800690632320311 ], [ -58.576028176010304, -34.800795355058547 ], [ -58.576057655743163, -34.800900310679083 ], [ -58.576085938428314, -34.801005489909926 ], [ -58.576113021562485, -34.801110883459444 ], [ -58.576138902748774, -34.80121648201709 ], [ -58.57616357969578, -34.801322276254098 ], [ -58.576187050219119, -34.801428256824302 ], [ -58.576209312240564, -34.801534414365278 ], [ -58.576230363788802, -34.80164073949868 ], [ -58.576250202999461, -34.801747222831409 ], [ -58.576268828115012, -34.801853854956448 ], [ -58.576286237485533, -34.801960626453649 ], [ -58.576302429568095, -34.802067527890244 ], [ -58.57631740292765, -34.802174549821878 ], [ -58.576331156236343, -34.80228168279411 ], [ -58.576343688274676, -34.802388917342178 ], [ -58.576354997930764, -34.802496243992152 ], [ -58.576365084200461, -34.802603653262508 ], [ -58.576373946188028, -34.802711135663799 ], [ -58.576381583105729, -34.802818681700671 ], [ -58.576387994274107, -34.802926281871407 ], [ -58.576393179121965, -34.803033926670089 ], [ -58.576397137186468, -34.803141606586451 ], [ -58.576399868113015, -34.803249312107084 ], [ -58.576401371655713, -34.8033570337168 ], [ -58.576401647676796, -34.803464761898454 ], [ -58.576400696147168, -34.803572487134041 ], [ -58.576398517146004, -34.803680199906353 ], [ -58.576395110861249, -34.803787890699255 ], [ -58.576390477588802, -34.803895549997897 ], [ -58.576384617733254, -34.804003168290819 ], [ -58.576377531807843, -34.804110736069731 ], [ -58.576369220433378, -34.804218243830924 ], [ -58.576359684339991, -34.804325682076183 ], [ -58.576348924364929, -34.804433041313082 ], [ -58.576336941454372, -34.80454031205619 ], [ -58.576323736662232, -34.80464748482774 ], [ -58.576309311150453, -34.804754550158975 ], [ -58.57629366618886, -34.804861498590249 ], [ -58.576276803155054, -34.804968320672565 ], [ -58.576258723534011, -34.80507500696757 ], [ -58.576239428919003, -34.805181548049127 ], [ -58.576218921009634, -34.805287934503887 ], [ -58.576197201613297, -34.805394156932209 ], [ -58.576174272644657, -34.805500205948931 ], [ -58.576150136124689, -34.805606072183821 ], [ -58.576124794181332, -34.805711746283066 ], [ -58.576098249049373, -34.805817218909802 ], [ -58.576070503069673, -34.805922480745039 ], [ -58.576041558688985, -34.806027522487796 ], [ -58.576011418460382, -34.806132334857352 ], [ -58.575980085042488, -34.806236908592602 ], [ -58.5759475611992, -34.806341234453555 ], [ -58.575913849799917, -34.806445303222517 ], [ -58.575878953818965, -34.80654910570388 ], [ -58.575842876335052, -34.806652632725786 ], [ -58.575815081517312, -34.806730100828474 ], [ -58.574321315570721, -34.808717084630189 ], [ -58.581662394776743, -34.799193253749593 ], [ -58.586350047021369, -34.797620874498136 ], [ -58.589865168061181, -34.794919207368821 ], [ -58.588864748884923, -34.794251806496959 ], [ -58.588012413664387, -34.793377450942785 ], [ -58.587474554889177, -34.792762443808272 ], [ -58.587269890655925, -34.792050607355861 ], [ -58.587546786128655, -34.791493407090115 ], [ -58.588150453359219, -34.79126789967745 ], [ -58.588396102448769, -34.790847457506693 ], [ -58.588366363929644, -34.790048223681303 ], [ -58.588297122984727, -34.788598688948127 ], [ -58.58819361122255, -34.787888026939918 ], [ -58.587977655001112, -34.786938241893836 ], [ -58.587877409639191, -34.786460129954833 ], [ -58.587684842852354, -34.785908047055102 ], [ -58.58695698095574, -34.785346502561538 ], [ -58.586172932969305, -34.784711401557615 ], [ -58.585677376224339, -34.784109457726402 ], [ -58.5851055081136, -34.783745099208545 ], [ -58.584240695866136, -34.782816259788611 ], [ -58.584217712841614, -34.782046912384089 ], [ -58.58459807741793, -34.781353798526602 ], [ -58.584967546303922, -34.780875183723197 ], [ -58.585467557760751, -34.780791567942856 ], [ -58.585973877147808, -34.780761680154569 ], [ -58.586266616771702, -34.780544491823605 ], [ -58.586378056129661, -34.780288104622358 ], [ -58.586035540580724, -34.780059552609877 ], [ -58.585535432571874, -34.779725839168293 ], [ -58.584536246952439, -34.778998799556582 ], [ -58.584004614034605, -34.778396429411544 ], [ -58.583364117070865, -34.777822599302624 ], [ -58.582503337373566, -34.777454865944094 ], [ -58.58185571753171, -34.777298275537021 ], [ -58.581502165267629, -34.7768470159724 ], [ -58.581218305667448, -34.776545614365709 ], [ -58.580787926409251, -34.776361741076933 ], [ -58.580315812710971, -34.776505281978132 ], [ -58.579800426369673, -34.777065646468429 ], [ -58.578917182641135, -34.778009235243985 ], [ -58.577406014342152, -34.778962709156588 ], [ -58.567325828977687, -34.781491534819224 ] ] ] ] } },
{ "type": "Feature", "properties": { "Id": "0", "IATA": "LPG", "Descrip": "Predio administrado por la Provincia de Buenos Aires", "Etiqueta": "LPG - Predio administrado por la Provincia de Buenos Aires", "Observac": null, "LINK": "LPG", "Ciudad": "La Plata", "Nom_aerop": "Aeropuerto de La Plata", "Provincia": "Buenos Aires", "Habilitaci": "Cabotaje", "Grupo": "B", "SupHa": 440.14067558900001, "SupKm2": 4.4014067558900001, "SupHaText": "440,1 Ha", "SupKm2Tex": "4,40 Km2" }, "geometry": { "type": "MultiPolygon", "coordinates": [ [ [ [ -57.892982890746346, -34.957904525625636 ], [ -57.889528345464818, -34.960461673669244 ], [ -57.885281530457441, -34.963604917712679 ], [ -57.880992636011335, -34.966778899604016 ], [ -57.880932923290743, -34.966823086915738 ], [ -57.883088581383433, -34.968841139830161 ], [ -57.879599500150029, -34.971454592905737 ], [ -57.883094373323324, -34.974616951222522 ], [ -57.885797199928582, -34.977055470716891 ], [ -57.884056952111365, -34.978369920113437 ], [ -57.888052234798835, -34.981892631604282 ], [ -57.890794888228868, -34.984377198589051 ], [ -57.890952766567018, -34.984531297384414 ], [ -57.894577899339247, -34.981856923240045 ], [ -57.895111731367408, -34.983644827737812 ], [ -57.896129266356652, -34.98705254171788 ], [ -57.900902322244811, -34.986086539567161 ], [ -57.899617421210564, -34.981841216840792 ], [ -57.898627591149932, -34.978570528004404 ], [ -57.900404272815251, -34.977258984919501 ], [ -57.905644719678776, -34.973390089351874 ], [ -57.908173272418175, -34.971523102144324 ], [ -57.898294681423756, -34.962633401735644 ], [ -57.892982890746346, -34.957904525625636 ] ] ] ] } },
{ "type": "Feature", "properties": { "Id": "0", "IATA": "FDO", "Descrip": "Predio concesionado a AA2000", "Etiqueta": "FDO - Predio concesionado a AA2000", "Observac": null, "LINK": "FDO", "Ciudad": "San Fernando", "Nom_aerop": "Aeropuerto de San Fernando", "Provincia": "Buenos Aires", "Habilitaci": "Internacional", "Grupo": "A", "SupHa": 181.96195179899999, "SupKm2": 1.8196195179900001, "SupHaText": "182,0 Ha", "SupKm2Tex": "1,82 Km2" }, "geometry": { "type": "MultiPolygon", "coordinates": [ [ [ [ -58.577189776663246, -34.453424470777485 ], [ -58.580168156612352, -34.454696846808972 ], [ -58.58199724222596, -34.455495544947077 ], [ -58.585247384365609, -34.456880654862779 ], [ -58.587888386504545, -34.458027311566966 ], [ -58.590386892827617, -34.459091183191667 ], [ -58.591418753708766, -34.459539509521136 ], [ -58.593107960890521, -34.460279194578348 ], [ -58.593575802324949, -34.460573147682098 ], [ -58.593656765971772, -34.460483931352407 ], [ -58.593545600689012, -34.460416829899351 ], [ -58.593509209690602, -34.460320539514001 ], [ -58.593609364059773, -34.460323122911099 ], [ -58.594075902967525, -34.460007964233498 ], [ -58.594187739366383, -34.459931980926818 ], [ -58.594232550779807, -34.459938220010862 ], [ -58.59428568645906, -34.459963156776531 ], [ -58.594609682839007, -34.460112836480015 ], [ -58.595133846867235, -34.460379289859624 ], [ -58.595220736518783, -34.460451834556117 ], [ -58.595505561574782, -34.460568150534741 ], [ -58.595705274371412, -34.460712106393103 ], [ -58.59644951598856, -34.4607321024572 ], [ -58.598349965345889, -34.460723861995177 ], [ -58.598856185776249, -34.460721080686518 ], [ -58.598958761367449, -34.460682190755939 ], [ -58.599029882030401, -34.460561377703456 ], [ -58.599016201403913, -34.460449609057633 ], [ -58.598983497513196, -34.460339053274936 ], [ -58.598886994020106, -34.460014558909947 ], [ -58.598817582735258, -34.459826312548486 ], [ -58.598623455123182, -34.459244563899844 ], [ -58.59827393146945, -34.458658171074212 ], [ -58.597738150879238, -34.457743390532883 ], [ -58.597099897716006, -34.456655721016531 ], [ -58.596355390302222, -34.455415150409692 ], [ -58.595297560492824, -34.453579169746654 ], [ -58.595185117767059, -34.453416898846491 ], [ -58.595058033612105, -34.453269364995784 ], [ -58.59460716761059, -34.452471212979717 ], [ -58.594493227181495, -34.4521837185778 ], [ -58.594281488699608, -34.451504577028942 ], [ -58.594255601844402, -34.451331376271533 ], [ -58.594247253692828, -34.450970568692455 ], [ -58.594260093654782, -34.4506338534554 ], [ -58.594266138981489, -34.450487849678844 ], [ -58.594075996323205, -34.450238232666806 ], [ -58.594003488235494, -34.450270190677678 ], [ -58.5939506183379, -34.450203998636582 ], [ -58.593965509612488, -34.45017435904176 ], [ -58.593686019874525, -34.449673302348941 ], [ -58.593257919994507, -34.449450757193766 ], [ -58.59233756256414, -34.449183788920607 ], [ -58.592159369150323, -34.449080379870338 ], [ -58.592030849838224, -34.448804639639597 ], [ -58.592000920214339, -34.448658221627959 ], [ -58.592029006514771, -34.448485642043586 ], [ -58.592069383203516, -34.448438409682062 ], [ -58.592057250011251, -34.447874844352057 ], [ -58.590085410050861, -34.447437746892774 ], [ -58.587748123214915, -34.446906963972118 ], [ -58.585819453596322, -34.446473277986378 ], [ -58.58282550052008, -34.44583642756016 ], [ -58.582269156419571, -34.446178763656661 ], [ -58.579000924659724, -34.450843175518322 ], [ -58.577318126822973, -34.45324089934202 ], [ -58.577189776663246, -34.453424470777485 ] ] ] ] } },
{ "type": "Feature", "properties": { "Id": "0", "IATA": "AEP", "Descrip": "Predio concesionado a AA2000", "Etiqueta": "AEP - Predio concesionado a AA2000", "Observac": null, "LINK": "AEP", "Ciudad": "Ciudad Autónoma de Buenos Aires", "Nom_aerop": "Jorge Newbery", "Provincia": "Ciudad Autónoma de Buenos Aires", "Habilitaci": "Internacional", "Grupo": "A", "SupHa": 147.12036145499999, "SupKm2": 1.47120361455, "SupHaText": "147,1 Ha", "SupKm2Tex": "1,47 Km2" }, "geometry": { "type": "MultiPolygon", "coordinates": [ [ [ [ -58.429163007810388, -34.551109372811204 ], [ -58.429005812643275, -34.551191340277001 ], [ -58.428399786019085, -34.551507344571007 ], [ -58.427483599872332, -34.551946266845356 ], [ -58.426502355262066, -34.552362858682578 ], [ -58.425786382897243, -34.55263368535477 ], [ -58.424245323109858, -34.553100670884682 ], [ -58.422027182865712, -34.553666771158184 ], [ -58.419827240342187, -34.554121324847856 ], [ -58.418692533145872, -34.554232578869126 ], [ -58.417723786525841, -34.554388334248877 ], [ -58.416774337647276, -34.55462991344492 ], [ -58.416338208690838, -34.554769774764026 ], [ -58.415458231681406, -34.555046318043857 ], [ -58.414917894921253, -34.555262466174263 ], [ -58.413590210310552, -34.555958586483456 ], [ -58.412262525699795, -34.556699201239027 ], [ -58.411058346634292, -34.557541523311912 ], [ -58.409950656275953, -34.558406086531818 ], [ -58.408746477210443, -34.559464528533717 ], [ -58.407719837366123, -34.560497529512858 ], [ -58.406974944546761, -34.561317564232667 ], [ -58.406423029141742, -34.561854714376054 ], [ -58.405384810652507, -34.562801870082637 ], [ -58.40428258421926, -34.563831980036575 ], [ -58.403968356431257, -34.564089094607787 ], [ -58.402559621306558, -34.564839171810519 ], [ -58.402027003642964, -34.56519196002008 ], [ -58.40186490261484, -34.565382655726431 ], [ -58.401556138751864, -34.565764045827343 ], [ -58.401370880434087, -34.566158147094072 ], [ -58.401239655792345, -34.566657127470222 ], [ -58.401197200761146, -34.567041689920977 ], [ -58.40117018392317, -34.567594693964068 ], [ -58.401204919857754, -34.567718642641651 ], [ -58.401312987209799, -34.567842591134436 ], [ -58.401365764825385, -34.567877841407487 ], [ -58.401666490635435, -34.567894143683219 ], [ -58.401839222842774, -34.5678719698534 ], [ -58.402351184976062, -34.56777919924339 ], [ -58.403397927640896, -34.56762747656736 ], [ -58.40399687941003, -34.567484446365313 ], [ -58.404635762517856, -34.567250757085958 ], [ -58.405067864262683, -34.56706873734305 ], [ -58.40545575757816, -34.566867928003099 ], [ -58.405890413044581, -34.566632267001637 ], [ -58.406050134364605, -34.566559098575659 ], [ -58.406265770089874, -34.566473353852643 ], [ -58.406364169497103, -34.56645573889152 ], [ -58.406462568904352, -34.566439298257812 ], [ -58.406551010906341, -34.566432987142399 ], [ -58.406653327729607, -34.566444884447392 ], [ -58.406753265091794, -34.566444884447392 ], [ -58.406846064071068, -34.566455592021953 ], [ -58.406942432241706, -34.566480576362444 ], [ -58.407038800412536, -34.566505560703021 ], [ -58.407141803503421, -34.566538087994992 ], [ -58.407258900555433, -34.566568616419772 ], [ -58.40734410701662, -34.56660468649298 ], [ -58.407416615330952, -34.566649503258319 ], [ -58.407502180032857, -34.566695302042667 ], [ -58.407563501402613, -34.566743449455487 ], [ -58.407631953164177, -34.566803340100748 ], [ -58.407701831004118, -34.566862056377722 ], [ -58.407798804332913, -34.566802165774774 ], [ -58.407918594915635, -34.566724660224516 ], [ -58.40807974177099, -34.566618970721443 ], [ -58.408265131958494, -34.566500363452427 ], [ -58.408732885662438, -34.566236138730083 ], [ -58.413748861088152, -34.563698793018972 ], [ -58.414494242259813, -34.563319042000884 ], [ -58.415447509783277, -34.562756178567909 ], [ -58.41653141038384, -34.561978957340159 ], [ -58.417116927257283, -34.561504830631222 ], [ -58.418938611842655, -34.559804813559758 ], [ -58.420712293322474, -34.558570452056443 ], [ -58.4241808952969, -34.556230517409219 ], [ -58.42564855187684, -34.555240905954257 ], [ -58.427046108675221, -34.554316969310811 ], [ -58.427768655047167, -34.553888274883299 ], [ -58.428500708608219, -34.553475238436761 ], [ -58.431725384989228, -34.551687925068897 ], [ -58.430964272937977, -34.551245616888529 ], [ -58.430687304487101, -34.551163318922647 ], [ -58.430227097493514, -34.551097747977252 ], [ -58.429859150962017, -34.551059663607575 ], [ -58.429561046399783, -34.551053709465243 ], [ -58.429163007810388, -34.551109372811204 ] ] ] ] } },
{ "type": "Feature", "properties": { "Id": "0", "IATA": "AEP", "Descrip": "Sector militar", "Etiqueta": "AEP - Sector militar", "Observac": null, "LINK": null, "Ciudad": "Ciudad Autónoma de Buenos Aires", "Nom_aerop": "Jorge Newbery", "Provincia": "Ciudad Autónoma de Buenos Aires", "Habilitaci": "Internacional", "Grupo": "A", "SupHa": 0.04860406722, "SupKm2": 0.00048604067, "SupHaText": "0,05 Ha", "SupKm2Tex": "0,000 Km2" }, "geometry": { "type": "MultiPolygon", "coordinates": [ [ [ [ -58.407850099251974, -34.566484648743447 ], [ -58.407959593987343, -34.56647167147014 ], [ -58.407804959318824, -34.566251614441676 ], [ -58.407581770116771, -34.566376562234652 ], [ -58.407666714391041, -34.566440840567402 ], [ -58.407761110865742, -34.566477179311953 ], [ -58.407850099251974, -34.566484648743447 ] ] ] ] } },
{ "type": "Feature", "properties": { "Id": "0", "IATA": "ROS", "Descrip": "Predio administrado por AIR", "Etiqueta": "ROS - Predio administrado por AIR", "Observac": null, "LINK": "ROS", "Ciudad": "Rosario", "Nom_aerop": "Islas Malvinas", "Provincia": "Santa Fe", "Habilitaci": "Internacional", "Grupo": "B", "SupHa": 544.32059471699995, "SupKm2": 5.4432059471700001, "SupHaText": "544,3 Ha", "SupKm2Tex": "5,44 Km2" }, "geometry": { "type": "MultiPolygon", "coordinates": [ [ [ [ -60.78069893639519, -32.919976692505088 ], [ -60.780356294010289, -32.920357406266021 ], [ -60.780089794377659, -32.920642941586664 ], [ -60.779994615937426, -32.920957030439467 ], [ -60.780042205157542, -32.921261601448236 ], [ -60.780213526349939, -32.921451958328703 ], [ -60.780527615202743, -32.921651833053204 ], [ -60.780756043459235, -32.921699422273321 ], [ -60.785324608590479, -32.921175940851981 ], [ -60.790741682755375, -32.920306113527886 ], [ -60.789599541472569, -32.916237235207852 ], [ -60.787865628237626, -32.909162026880104 ], [ -60.789632378034526, -32.906834914016365 ], [ -60.791445527320953, -32.904397156215907 ], [ -60.791434819746371, -32.904357895109285 ], [ -60.791142146042723, -32.904375741066872 ], [ -60.788393868581018, -32.9042758037046 ], [ -60.787158928318895, -32.904232973406529 ], [ -60.786020356227588, -32.901927275691889 ], [ -60.785670575459797, -32.901266975262729 ], [ -60.785413593671144, -32.900196217810048 ], [ -60.784846092221301, -32.897854828180357 ], [ -60.784642648305294, -32.896980376260728 ], [ -60.783670638484409, -32.892602168009944 ], [ -60.78281403252231, -32.888771235790614 ], [ -60.782605829684321, -32.887926527133516 ], [ -60.782141834788156, -32.885832601448449 ], [ -60.782052605000388, -32.885808806838327 ], [ -60.781308913862802, -32.885868746506105 ], [ -60.78104728272546, -32.885826652795913 ], [ -60.780731570805749, -32.885755063384003 ], [ -60.778251416043638, -32.885648193220447 ], [ -60.771362876431738, -32.885362657899748 ], [ -60.762873554428154, -32.884970641699056 ], [ -60.771112438160912, -32.901686355264935 ], [ -60.774949319032778, -32.909419603533877 ], [ -60.775042118012038, -32.909492970248266 ], [ -60.775313376566658, -32.909557215695436 ], [ -60.775763094696806, -32.909685706589755 ], [ -60.776084321932608, -32.909921273229372 ], [ -60.77629847342314, -32.910142563102909 ], [ -60.776462656232525, -32.91057800446692 ], [ -60.776555455211671, -32.911063414512114 ], [ -60.77691237436261, -32.91180580634591 ], [ -60.778489957009462, -32.915339305939533 ], [ -60.77951074578101, -32.917559343058031 ], [ -60.779724897271535, -32.917916262208905 ], [ -60.779924771995923, -32.917980507656068 ], [ -60.779981879060074, -32.918059029869255 ], [ -60.779953325528083, -32.918201797529605 ], [ -60.779924771995923, -32.918308873274896 ], [ -60.78069893639519, -32.919976692505088 ] ] ] ] } },
{ "type": "Feature", "properties": { "Id": "0", "IATA": "VME", "Descrip": "Predio concesionado a AA2000", "Etiqueta": "VME - Predio concesionado a AA2000", "Observac": null, "LINK": "VME", "Ciudad": "Villa Mercedes", "Nom_aerop": "Aeropuerto de Villa Mercedes", "Provincia": "San Luis", "Habilitaci": "Cabotaje", "Grupo": "A", "SupHa": 205.51085240699999, "SupKm2": 2.05510852407, "SupHaText": "205,5 Ha", "SupKm2Tex": "2,06 Km2" }, "geometry": { "type": "MultiPolygon", "coordinates": [ [ [ [ -65.370679306856815, -33.718083619286041 ], [ -65.367873100564296, -33.715409676070941 ], [ -65.365500715444057, -33.717138942190545 ], [ -65.364883665391218, -33.716324608085358 ], [ -65.362789630986697, -33.71773307684154 ], [ -65.36536101905169, -33.720414340462327 ], [ -65.367487571603206, -33.721495786885406 ], [ -65.382355922392819, -33.729113153348493 ], [ -65.378895971528195, -33.729681301946762 ], [ -65.360052055145275, -33.732770153221459 ], [ -65.36085675613478, -33.735899057078065 ], [ -65.387123278046374, -33.731554907558071 ], [ -65.391790143758726, -33.733944881445673 ], [ -65.39376982488055, -33.731246002406643 ], [ -65.388886455505812, -33.72874500393894 ], [ -65.388722869028456, -33.728065710911288 ], [ -65.387823906439877, -33.728240814573574 ], [ -65.380549533503654, -33.724474881530156 ], [ -65.380291991698769, -33.724935804001881 ], [ -65.377876786984601, -33.724070292091518 ], [ -65.377391540797703, -33.722857107539703 ], [ -65.373175242699872, -33.720696965971435 ], [ -65.374270577967238, -33.719201051668257 ], [ -65.375399186894867, -33.716545918791368 ], [ -65.372407607222996, -33.718588472706315 ], [ -65.370679306856815, -33.718083619286041 ] ] ] ] } },
{ "type": "Feature", "properties": { "Id": "0", "IATA": "VME", "Descrip": "Sector militar", "Etiqueta": "VME - Sector militar", "Observac": null, "LINK": null, "Ciudad": "Villa Mercedes", "Nom_aerop": "Aeropuerto de Villa Mercedes", "Provincia": "San Luis", "Habilitaci": "Cabotaje", "Grupo": "A", "SupHa": 726.26685462499995, "SupKm2": 7.2626685462499996, "SupHaText": "726,3 Ha", "SupKm2Tex": "7,26 Km2" }, "geometry": { "type": "MultiPolygon", "coordinates": [ [ [ [ -65.36719019949301, -33.722305418803892 ], [ -65.36284408976428, -33.725206758244603 ], [ -65.355634346715391, -33.720957625909513 ], [ -65.353930424991091, -33.722254570794767 ], [ -65.354134497095771, -33.725294797176247 ], [ -65.354453358691543, -33.729770372466731 ], [ -65.35726460093241, -33.731774373155545 ], [ -65.358559203324006, -33.732739993495336 ], [ -65.358507326466011, -33.732870513415833 ], [ -65.356974751727122, -33.733891005713829 ], [ -65.361122930660756, -33.738120196809717 ], [ -65.354740703318413, -33.742486431719009 ], [ -65.345557213892548, -33.748675621420595 ], [ -65.333745937211305, -33.756626992613249 ], [ -65.338816808319748, -33.761925729623066 ], [ -65.348147232780121, -33.755439682643392 ], [ -65.35054836270686, -33.753222097337307 ], [ -65.351606653672363, -33.752989131982723 ], [ -65.355106394449422, -33.748940549945722 ], [ -65.358932423737144, -33.748158462399481 ], [ -65.359071574323153, -33.748104438426587 ], [ -65.361834511518026, -33.746600901655675 ], [ -65.367393593097262, -33.743569364577112 ], [ -65.373096456453467, -33.73976786352975 ], [ -65.379169686558399, -33.737326779326452 ], [ -65.386055791171657, -33.73582889916397 ], [ -65.393891848805524, -33.734123850489595 ], [ -65.394033841866275, -33.733133222731269 ], [ -65.393108062174903, -33.73214819948646 ], [ -65.391790143758726, -33.733944881445673 ], [ -65.387123278046374, -33.731554907558071 ], [ -65.36085675613478, -33.735899057078065 ], [ -65.360052055145275, -33.732770153221459 ], [ -65.378895971528195, -33.729681301946762 ], [ -65.382355922392819, -33.729113153348493 ], [ -65.367487571603206, -33.721495786885406 ], [ -65.365378787547854, -33.720423376794919 ], [ -65.36719019949301, -33.722305418803892 ] ] ], [ [ [ -65.375366830660326, -33.716622041622351 ], [ -65.374270577967238, -33.719201051668257 ], [ -65.373175242699872, -33.720696965971435 ], [ -65.377391540797703, -33.722857107539703 ], [ -65.377876786984601, -33.724070292091518 ], [ -65.380291991698769, -33.724935804001881 ], [ -65.380549533503654, -33.724474881530156 ], [ -65.387823906439877, -33.728240814573574 ], [ -65.388722869028456, -33.728065710911288 ], [ -65.388886455505812, -33.72874500393894 ], [ -65.390859334748157, -33.729755446885704 ], [ -65.385146822018029, -33.723676285037151 ], [ -65.389275821848727, -33.722053097231182 ], [ -65.384683230549328, -33.715613830834158 ], [ -65.380646013243648, -33.717382630807869 ], [ -65.379671822281594, -33.713930975704066 ], [ -65.376690452721249, -33.715728798156277 ], [ -65.375366830660326, -33.716622041622351 ] ] ] ] } },
{ "type": "Feature", "properties": { "Id": "0", "IATA": "MDZ", "Descrip": "Predio concesionado a AA2000", "Etiqueta": "MDZ - Predio concesionado a AA2000", "Observac": null, "LINK": "MDZ", "Ciudad": "Mendoza", "Nom_aerop": "Francisco Gabrielli - El Plumerillo", "Provincia": "Mendoza", "Habilitaci": "Internacional", "Grupo": "A", "SupHa": 322.73161630200002, "SupKm2": 3.2273161630199998, "SupHaText": "322,7 Ha", "SupKm2Tex": "3,23 Km2" }, "geometry": { "type": "MultiPolygon", "coordinates": [ [ [ [ -68.797988107965182, -32.848074144591294 ], [ -68.798058628419994, -32.846409091975659 ], [ -68.797150360625324, -32.846382841134982 ], [ -68.797182964093224, -32.845967428991806 ], [ -68.798020874852, -32.845993879367995 ], [ -68.798170440410672, -32.842422032093168 ], [ -68.795787885423749, -32.842441466974151 ], [ -68.795667342662512, -32.834425490211167 ], [ -68.797873007784858, -32.83440324850352 ], [ -68.79789680239503, -32.835021908365022 ], [ -68.798027672750322, -32.835021908365022 ], [ -68.798003878140207, -32.836080768512588 ], [ -68.800674295665715, -32.836131811274981 ], [ -68.800692669076852, -32.835057600280095 ], [ -68.8011894888499, -32.835067242631006 ], [ -68.801299431633311, -32.832713831189388 ], [ -68.802039084759656, -32.832717414338674 ], [ -68.802025167240117, -32.833296799135731 ], [ -68.803959374190299, -32.833398041704356 ], [ -68.804751229354054, -32.833403149190076 ], [ -68.805005916540836, -32.833402183634341 ], [ -68.805198863223666, -32.832831519898896 ], [ -68.805455035051068, -32.832048395007298 ], [ -68.805503108244125, -32.831921054097741 ], [ -68.80557513955705, -32.831898852097595 ], [ -68.805778375542047, -32.831279025519343 ], [ -68.80564250038816, -32.830896922212055 ], [ -68.805458637342838, -32.830388591628207 ], [ -68.805280942147931, -32.829908313355126 ], [ -68.805124519303206, -32.8294892045393 ], [ -68.804864986990424, -32.828796778888595 ], [ -68.804528264267219, -32.828125494798599 ], [ -68.804218738572445, -32.827965103167976 ], [ -68.803777037299994, -32.827866787878627 ], [ -68.803529348462916, -32.827870102191291 ], [ -68.803524424873103, -32.827820593501876 ], [ -68.803495330961823, -32.827561971306302 ], [ -68.803828182066184, -32.827549770672981 ], [ -68.803993034477458, -32.827493923842269 ], [ -68.804049370745759, -32.827398761492191 ], [ -68.803845129961815, -32.826871928855034 ], [ -68.803694579792591, -32.826443853925568 ], [ -68.803457721394466, -32.825792551577592 ], [ -68.803322010501631, -32.825411857201232 ], [ -68.803029761181847, -32.824610633408035 ], [ -68.802911548769032, -32.824287102721698 ], [ -68.802845793425433, -32.824100879753651 ], [ -68.802461346519863, -32.823407329013108 ], [ -68.802016510762371, -32.822598397956185 ], [ -68.801802766261687, -32.822213259984103 ], [ -68.801421138733986, -32.821530900892455 ], [ -68.80133488862532, -32.821376043790558 ], [ -68.801197923006498, -32.821169224770706 ], [ -68.80096570133918, -32.820903628342478 ], [ -68.80049976382054, -32.820628951294168 ], [ -68.799923917852766, -32.820300805769023 ], [ -68.799210517976348, -32.81991260154637 ], [ -68.798658016515219, -32.819615559005072 ], [ -68.797879410094026, -32.819199201506358 ], [ -68.797521031244855, -32.818988117913989 ], [ -68.797137384762891, -32.818777398286898 ], [ -68.796889770728626, -32.818645362427375 ], [ -68.796409200341486, -32.818375977340288 ], [ -68.796040787205413, -32.818182693581498 ], [ -68.795629068178528, -32.817944041783782 ], [ -68.794847559298262, -32.817532141225158 ], [ -68.79433432798163, -32.817256512360814 ], [ -68.793280919865254, -32.816688636102867 ], [ -68.793188159609485, -32.816586939623441 ], [ -68.793112312556332, -32.816519658685479 ], [ -68.7930424744128, -32.81646192393481 ], [ -68.792594076037915, -32.816261469990877 ], [ -68.792401786904065, -32.816176789990706 ], [ -68.792266718810538, -32.816113062633299 ], [ -68.789941112368183, -32.816877501434071 ], [ -68.789943076380951, -32.819071244485549 ], [ -68.79234494241058, -32.819045199921916 ], [ -68.792370562388101, -32.820748903589902 ], [ -68.789969187316956, -32.820774942829935 ], [ -68.790043042048012, -32.823957087496353 ], [ -68.78957019209264, -32.82915776475204 ], [ -68.789253267708659, -32.832616853084517 ], [ -68.789378370931274, -32.833499827644395 ], [ -68.789476735047856, -32.834532772404586 ], [ -68.78998902103109, -32.835953091514732 ], [ -68.790076142020098, -32.837976880084113 ], [ -68.790128239115973, -32.838671212054692 ], [ -68.789475960220727, -32.841277984785336 ], [ -68.789162380456617, -32.843491871748775 ], [ -68.788514171179429, -32.844209849677448 ], [ -68.788335714149753, -32.844481980864821 ], [ -68.789283612039526, -32.844678429874307 ], [ -68.790116522887104, -32.844852135695589 ], [ -68.790337716041734, -32.844969431176025 ], [ -68.790605310007038, -32.84521402290477 ], [ -68.791184046281842, -32.845730985367311 ], [ -68.791396099764086, -32.845926087880287 ], [ -68.792087441584044, -32.846528852778818 ], [ -68.792777523216614, -32.847147134552749 ], [ -68.792845663205185, -32.847577977072206 ], [ -68.793352652672922, -32.847627539546863 ], [ -68.793457907800473, -32.847696059080192 ], [ -68.794114139723945, -32.848143411691062 ], [ -68.794555430101866, -32.848437418067817 ], [ -68.794967483697747, -32.84869194516375 ], [ -68.795588718295733, -32.848674048577948 ], [ -68.795718593991182, -32.84866484681708 ], [ -68.796010923695178, -32.848634637771852 ], [ -68.796432639026079, -32.848562021356656 ], [ -68.796677124571318, -32.848517394283249 ], [ -68.796967908279555, -32.848443369751408 ], [ -68.797186542179588, -32.848379205733409 ], [ -68.797600057899501, -32.848238314601751 ], [ -68.797967242736775, -32.848084086194035 ], [ -68.797988107965182, -32.848074144591294 ] ] ] ] } },
{ "type": "Feature", "properties": { "Id": "0", "IATA": "MDZ", "Descrip": "Sector militar", "Etiqueta": "MDZ - Sector militar", "Observac": null, "LINK": null, "Ciudad": "Mendoza", "Nom_aerop": "Francisco Gabrielli - El Plumerillo", "Provincia": "Mendoza", "Habilitaci": "Internacional", "Grupo": "A", "SupHa": 199.52211309500001, "SupKm2": 1.9952211309500001, "SupHaText": "199,5 Ha", "SupKm2Tex": "2,00 Km2" }, "geometry": { "type": "MultiPolygon", "coordinates": [ [ [ [ -68.788314407951702, -32.844477565218824 ], [ -68.788335714149753, -32.844481980864813 ], [ -68.788514171179429, -32.844209849677426 ], [ -68.789162380456617, -32.843491871748753 ], [ -68.789475960220727, -32.841277984785336 ], [ -68.788182426051421, -32.841209289417336 ], [ -68.786590376457042, -32.843487263310685 ], [ -68.786791531496078, -32.844167489418503 ], [ -68.787254886920778, -32.844259342489863 ], [ -68.788314407951702, -32.844477565218824 ] ] ], [ [ [ -68.801299431633311, -32.832713831189338 ], [ -68.8011894888499, -32.835067242631006 ], [ -68.800692669076838, -32.835057600280031 ], [ -68.800674295665658, -32.836131811274981 ], [ -68.79800387814015, -32.836080768512602 ], [ -68.798027672750266, -32.835021908365015 ], [ -68.79789680239503, -32.835021908365015 ], [ -68.797873007784787, -32.83440324850347 ], [ -68.795667342662441, -32.834425490211167 ], [ -68.795787885423735, -32.842441466974151 ], [ -68.798170440410615, -32.842422032093161 ], [ -68.798020874851929, -32.845993879367995 ], [ -68.797182964093224, -32.845967428991806 ], [ -68.797150360625253, -32.846382841134975 ], [ -68.798058628419923, -32.846409091975644 ], [ -68.797988107965125, -32.848074144591216 ], [ -68.798227727480992, -32.847959973685128 ], [ -68.798440389535344, -32.847849933914688 ], [ -68.799030284293679, -32.847488795367596 ], [ -68.79929000868475, -32.847286386230166 ], [ -68.799468533851666, -32.847130093458183 ], [ -68.799524925809678, -32.847073073518573 ], [ -68.799880008005971, -32.84672418315413 ], [ -68.800092439470731, -32.846479159196058 ], [ -68.80024056721885, -32.846282917422904 ], [ -68.800412743788783, -32.846012443097656 ], [ -68.800633033933693, -32.845614730228071 ], [ -68.800644707966967, -32.84545823351452 ], [ -68.800633267091882, -32.845006188803147 ], [ -68.800616724823385, -32.843997281029253 ], [ -68.800617040485008, -32.843494871984205 ], [ -68.800586254548591, -32.842679791523892 ], [ -68.800578661685122, -32.842498126161104 ], [ -68.800685722491494, -32.842352557831532 ], [ -68.800728816681854, -32.842238058224652 ], [ -68.800851166649224, -32.842264282486717 ], [ -68.803532159210519, -32.834450044569955 ], [ -68.803902901821672, -32.83339508576023 ], [ -68.802025167240117, -32.833296799135717 ], [ -68.802039084759585, -32.832717414338674 ], [ -68.801299431633311, -32.832713831189338 ] ] ], [ [ [ -68.779576825471622, -32.809186566125796 ], [ -68.785267476158452, -32.823857571247494 ], [ -68.786281466844571, -32.823839259357953 ], [ -68.786818396887213, -32.82538903164243 ], [ -68.787709955788827, -32.827996943978277 ], [ -68.785532277094603, -32.827872051555907 ], [ -68.785308334129809, -32.827953185305581 ], [ -68.785031152601562, -32.832881508202476 ], [ -68.785472940025372, -32.83322419348508 ], [ -68.78937837093126, -32.833499827644445 ], [ -68.789253267708702, -32.83261685308451 ], [ -68.789570192092683, -32.82915776475209 ], [ -68.790043042048055, -32.823957087496403 ], [ -68.789969187316956, -32.820774942829985 ], [ -68.792370562388101, -32.820748903589958 ], [ -68.792344942410637, -32.819045199921945 ], [ -68.789943076381007, -32.819071244485542 ], [ -68.78994111236824, -32.816877501434135 ], [ -68.792266718810609, -32.816113062633349 ], [ -68.792244266358779, -32.816102469195869 ], [ -68.791979211554292, -32.815964533901187 ], [ -68.791577302294741, -32.815756511479307 ], [ -68.790817044412563, -32.81533737916233 ], [ -68.79022646730499, -32.815013072703252 ], [ -68.790084448307823, -32.814941925285432 ], [ -68.779695882981784, -32.809026200943102 ], [ -68.779576825471622, -32.809186566125796 ] ] ] ] } },
{ "type": "Feature", "properties": { "Id": "0", "IATA": "LUQ", "Descrip": "Predio concesionado a AA2000", "Etiqueta": "LUQ - Predio concesionado a AA2000", "Observac": null, "LINK": "LUQ", "Ciudad": "San Luis", "Nom_aerop": "Brigadier Mayor César R. Ojeda", "Provincia": "San Luis", "Habilitaci": "Cabotaje", "Grupo": "A", "SupHa": 372.98025497399999, "SupKm2": 3.72980254974, "SupHaText": "373,0 Ha", "SupKm2Tex": "3,73 Km2" }, "geometry": { "type": "MultiPolygon", "coordinates": [ [ [ [ -66.354925777948793, -33.258356661861043 ], [ -66.352252102075227, -33.258842209533888 ], [ -66.352809864153244, -33.262924239959752 ], [ -66.35311013843608, -33.264783710132825 ], [ -66.353347630808571, -33.26653726612664 ], [ -66.353758903445907, -33.269422241528694 ], [ -66.348834237149816, -33.269513461695141 ], [ -66.348975826612772, -33.273970292675187 ], [ -66.344766819551111, -33.274566364944633 ], [ -66.344752564757002, -33.274414393227616 ], [ -66.344057335266555, -33.274444492656983 ], [ -66.344082091971174, -33.278987635416641 ], [ -66.346225873078566, -33.278921663966791 ], [ -66.346310436358721, -33.281357637965591 ], [ -66.352937319582765, -33.282905459344612 ], [ -66.353974071358863, -33.283890968605746 ], [ -66.354556339308189, -33.285171168476452 ], [ -66.354858318350125, -33.285130309600049 ], [ -66.355411311981612, -33.28701643463468 ], [ -66.35540621420455, -33.289442606000293 ], [ -66.35964539426584, -33.289734200815012 ], [ -66.361107851802544, -33.288301723616179 ], [ -66.360063357695481, -33.281660253053062 ], [ -66.366285352351582, -33.28302204229319 ], [ -66.373003525464597, -33.277098367923095 ], [ -66.375296009362486, -33.273960032914317 ], [ -66.365791904366603, -33.274318062077548 ], [ -66.358361668936467, -33.274530977784302 ], [ -66.357837674647612, -33.27107508301237 ], [ -66.361483190312342, -33.270770098920345 ], [ -66.360761331158571, -33.265178892424139 ], [ -66.357154064724227, -33.265609263577787 ], [ -66.356723505034864, -33.262894770077942 ], [ -66.356294137620807, -33.259783537194359 ], [ -66.354925777948793, -33.258356661861043 ] ] ] ] } },
{ "type": "Feature", "properties": { "Id": "0", "IATA": "UAQ", "Descrip": "Predio concesionado a AA2000", "Etiqueta": "UAQ - Predio concesionado a AA2000", "Observac": null, "LINK": "UAQ", "Ciudad": "San Juan", "Nom_aerop": "Domingo Faustino Sarmiento", "Provincia": "San Juan", "Habilitaci": "Cabotaje", "Grupo": "A", "SupHa": 346.27638777300001, "SupKm2": 3.4627638777300001, "SupHaText": "346,3 Ha", "SupKm2Tex": "3,46 Km2" }, "geometry": { "type": "MultiPolygon", "coordinates": [ [ [ [ -68.423773225008361, -31.553883511338388 ], [ -68.417651191297068, -31.556050775416558 ], [ -68.416289938713746, -31.560510675196483 ], [ -68.4147325718791, -31.560616989423867 ], [ -68.414732271282929, -31.561938624948869 ], [ -68.414605999988765, -31.574775434558578 ], [ -68.414470375979604, -31.588538868441891 ], [ -68.415249640577713, -31.589539644021425 ], [ -68.416696354716677, -31.588671445297773 ], [ -68.42568067693945, -31.581948593074063 ], [ -68.4236018897722, -31.57841626622918 ], [ -68.425868996567118, -31.574905807049365 ], [ -68.426050513541, -31.565456262372127 ], [ -68.426376310639213, -31.558676084607821 ], [ -68.425032425687135, -31.556129746664517 ], [ -68.423773225008361, -31.553883511338388 ] ] ] ] } },
{ "type": "Feature", "properties": { "Id": "0", "IATA": "COR", "Descrip": "Predio concesionado a AA2000", "Etiqueta": "COR - Predio concesionado a AA2000", "Observac": null, "LINK": "COR", "Ciudad": "Córdoba", "Nom_aerop": "Ing. A. Taravella - Pajas Blancas", "Provincia": "Córdoba", "Habilitaci": "Internacional", "Grupo": "A", "SupHa": 960.20065714099997, "SupKm2": 9.6020065714099996, "SupHaText": "960,2 Ha", "SupKm2Tex": "9,60 Km2" }, "geometry": { "type": "MultiPolygon", "coordinates": [ [ [ [ -64.205696779270042, -31.279793846120622 ], [ -64.205546546901616, -31.279819029983454 ], [ -64.204898140754992, -31.279818679927114 ], [ -64.201898606792994, -31.279817060562483 ], [ -64.201866472027518, -31.282046205968363 ], [ -64.20181475775, -31.285657234544423 ], [ -64.201764492657219, -31.289167071590036 ], [ -64.201745638649513, -31.290475506352717 ], [ -64.201703235453323, -31.293396370024535 ], [ -64.201653839932817, -31.296798886681596 ], [ -64.201592350479814, -31.301034470912153 ], [ -64.201526032863796, -31.305602633991146 ], [ -64.198067751270315, -31.30581928462572 ], [ -64.189407985526984, -31.306350859516836 ], [ -64.184639576744587, -31.306653069753338 ], [ -64.184665231624251, -31.313603782471084 ], [ -64.188063136890364, -31.315739751302797 ], [ -64.191408687639182, -31.317958244059177 ], [ -64.192094176895921, -31.318125090374451 ], [ -64.192427352200411, -31.318594830261535 ], [ -64.195373152819101, -31.320294271171473 ], [ -64.198990680484016, -31.322805275060819 ], [ -64.201463103212177, -31.323996866614948 ], [ -64.203772660664924, -31.324690875480542 ], [ -64.205718560066998, -31.326144039274073 ], [ -64.209086737818609, -31.327471119969566 ], [ -64.208888132241526, -31.326588964442738 ], [ -64.210898908063101, -31.326848412663651 ], [ -64.213646013479377, -31.321654446845056 ], [ -64.215195234265124, -31.318590374323939 ], [ -64.215773768318982, -31.317407926334287 ], [ -64.216012260910873, -31.316850233216027 ], [ -64.217004765892511, -31.314926580408773 ], [ -64.217368692752927, -31.314330882161862 ], [ -64.217621040050446, -31.313864925756025 ], [ -64.218119630351381, -31.312883842158723 ], [ -64.219418687453114, -31.310348534076702 ], [ -64.22034902614979, -31.308547423700755 ], [ -64.221414297554617, -31.306504576760958 ], [ -64.224338897466396, -31.300723420343108 ], [ -64.225435152640486, -31.298526862207414 ], [ -64.22750378064795, -31.294381968037619 ], [ -64.223577051026595, -31.294310726722777 ], [ -64.219127088963319, -31.294229992580494 ], [ -64.215588050142685, -31.294165785007444 ], [ -64.21230614678808, -31.294106242555404 ], [ -64.212360616730209, -31.290850427958674 ], [ -64.2123821172936, -31.289565281593521 ], [ -64.212440141925015, -31.286096993677464 ], [ -64.212456757324205, -31.285103846683903 ], [ -64.212522444612603, -31.28117754119971 ], [ -64.212545361363752, -31.279807745485869 ], [ -64.208788584987303, -31.279787775410494 ], [ -64.206642424089864, -31.27977969449627 ], [ -64.205696779270042, -31.279793846120622 ] ], [ [ -64.220329291794826, -31.308525796081145 ], [ -64.21899959757701, -31.311094812770651 ], [ -64.218956058263146, -31.311072342469615 ], [ -64.218063154307387, -31.312853703646791 ], [ -64.217989896049616, -31.312965461571643 ], [ -64.217910559043332, -31.313063971348644 ], [ -64.217854536863967, -31.31309556348576 ], [ -64.217771162146391, -31.313267346728434 ], [ -64.217592333207463, -31.313195513529877 ], [ -64.21526059640847, -31.313166131922682 ], [ -64.215256761449226, -31.313390299247384 ], [ -64.213392821991576, -31.313366781599655 ], [ -64.213361561483453, -31.313331975709556 ], [ -64.213288637009597, -31.313334028908699 ], [ -64.213229538552525, -31.313397584496503 ], [ -64.212908012542982, -31.313393524597636 ], [ -64.21285111670295, -31.313328504364559 ], [ -64.212857166263746, -31.312975408468823 ], [ -64.212859993764724, -31.31262984996869 ], [ -64.212866078375384, -31.312274695830819 ], [ -64.213990127327349, -31.312293211057018 ], [ -64.214026391762602, -31.310149016933334 ], [ -64.215810354539769, -31.310171565326794 ], [ -64.215855116766306, -31.307553631878125 ], [ -64.216614409713941, -31.30681348040503 ], [ -64.220329291794826, -31.308525796081145 ] ], [ [ -64.191638225203519, -31.316429105257733 ], [ -64.191842773758921, -31.317946356063548 ], [ -64.191123487301397, -31.317601415267529 ], [ -64.190510111202954, -31.317155355196327 ], [ -64.190067198966403, -31.316906257960333 ], [ -64.19011110395563, -31.314977194406612 ], [ -64.19093654283752, -31.314891796021382 ], [ -64.191638225203519, -31.316429105257733 ] ], [ [ -64.212295687967668, -31.317987890611512 ], [ -64.212287853665472, -31.318444900163961 ], [ -64.211697540622083, -31.318437440561414 ], [ -64.21170537777283, -31.31798043115236 ], [ -64.212295687967668, -31.317987890611512 ] ], [ [ -64.213060700274397, -31.318959353594245 ], [ -64.213052891577874, -31.3194150658456 ], [ -64.212612683964309, -31.31939811673185 ], [ -64.212620299612865, -31.318953791238762 ], [ -64.213060700274397, -31.318959353594245 ] ] ] ] } },
{ "type": "Feature", "properties": { "Id": "0", "IATA": "COR", "Descrip": "Sector militar", "Etiqueta": "COR - Sector militar", "Observac": null, "LINK": null, "Ciudad": "Córdoba", "Nom_aerop": "Ing. A. Taravella - Pajas Blancas", "Provincia": "Córdoba", "Habilitaci": "Internacional", "Grupo": "A", "SupHa": 32.113729319199997, "SupKm2": 0.32113729319000001, "SupHaText": "32,1 Ha", "SupKm2Tex": "0,32 Km2" }, "geometry": { "type": "MultiPolygon", "coordinates": [ [ [ [ -64.212612683964323, -31.319398116731797 ], [ -64.213052891577888, -31.319415065845593 ], [ -64.213060700274411, -31.318959353594266 ], [ -64.212620299612865, -31.318953791238698 ], [ -64.212612683964323, -31.319398116731797 ] ] ], [ [ [ -64.211697540622026, -31.318437440561414 ], [ -64.212287853665487, -31.318444900163911 ], [ -64.212295687967639, -31.317987890611512 ], [ -64.211705377772773, -31.317980431152304 ], [ -64.211697540622026, -31.318437440561414 ] ] ], [ [ [ -64.191123487301411, -31.317601415267529 ], [ -64.191842773758879, -31.317946356063533 ], [ -64.19184056070452, -31.31792994060412 ], [ -64.191638225203462, -31.316429105257733 ], [ -64.190936542837505, -31.314891796021357 ], [ -64.19011110395553, -31.314977194406534 ], [ -64.190067198966346, -31.316906257960333 ], [ -64.190510111202968, -31.317155355196288 ], [ -64.190754316812274, -31.317332946680207 ], [ -64.191123487301411, -31.317601415267529 ] ] ], [ [ [ -64.215812907588429, -31.310022249440646 ], [ -64.215810354539769, -31.310171565326826 ], [ -64.215354562446691, -31.310165804343622 ], [ -64.214484650176644, -31.310154809089504 ], [ -64.214026391762616, -31.310149016933334 ], [ -64.21401905405304, -31.310582871028203 ], [ -64.214006417951282, -31.31133000124003 ], [ -64.213995262657818, -31.311989576234392 ], [ -64.213990127327236, -31.312293211057018 ], [ -64.213434848457666, -31.31228406455682 ], [ -64.212866078375384, -31.312274695830752 ], [ -64.212859609758596, -31.31267678065575 ], [ -64.21285111670295, -31.313328504364449 ], [ -64.212908012542982, -31.313393524597629 ], [ -64.213229538552525, -31.313397584496453 ], [ -64.213288637009555, -31.313334028908617 ], [ -64.213361561483396, -31.313331975709506 ], [ -64.213392821991533, -31.313366781599601 ], [ -64.214218119000691, -31.313377194515279 ], [ -64.215256761449155, -31.313390299247246 ], [ -64.215260596408484, -31.313166131922632 ], [ -64.215706732001536, -31.313171753560816 ], [ -64.217025887620423, -31.313188375896686 ], [ -64.21732000226757, -31.313192081958746 ], [ -64.217592333207392, -31.313195513529827 ], [ -64.217771162146335, -31.313267346728434 ], [ -64.217854536863967, -31.313095563485767 ], [ -64.217910559043275, -31.313063971348587 ], [ -64.217989896049573, -31.312965461571636 ], [ -64.218063154307345, -31.312853703646791 ], [ -64.21820963495054, -31.312561471845871 ], [ -64.218311297772345, -31.312358652491298 ], [ -64.218530262678883, -31.311921813141456 ], [ -64.218956058263132, -31.311072342469629 ], [ -64.218999597576953, -31.311094812770651 ], [ -64.219296066702498, -31.310522023838356 ], [ -64.219603287159998, -31.309928462948907 ], [ -64.219922245914859, -31.30931222324973 ], [ -64.220276593331789, -31.308627611392591 ], [ -64.220329291794826, -31.308525796081092 ], [ -64.219719612237498, -31.308244774008127 ], [ -64.218958577762749, -31.307893987298669 ], [ -64.218021016046919, -31.307461833171434 ], [ -64.217128794312032, -31.30705057778567 ], [ -64.216614409713941, -31.30681348040503 ], [ -64.216283320296327, -31.307136223189492 ], [ -64.215855116766306, -31.307553631878076 ], [ -64.215849132718176, -31.307903610889007 ], [ -64.215840898305657, -31.308385203193279 ], [ -64.21583585348003, -31.308680251469532 ], [ -64.215824705499813, -31.309332244734215 ], [ -64.215812907588429, -31.310022249440646 ] ] ] ] } },
{ "type": "Feature", "properties": { "Id": "0", "IATA": "PRA", "Descrip": "Sector militar", "Etiqueta": "PRA - Sector militar", "Observac": null, "LINK": null, "Ciudad": "Paraná", "Nom_aerop": "General Justo José de Urquiza", "Provincia": "Entre Ríos", "Habilitaci": "Cabotaje", "Grupo": "A", "SupHa": 179.64131804300001, "SupKm2": 1.7964131804300001, "SupHaText": "179,6 Ha", "SupKm2Tex": "1,80 Km2" }, "geometry": { "type": "MultiPolygon", "coordinates": [ [ [ [ -60.4771696283861, -31.789014878670457 ], [ -60.477200476184684, -31.788963401471847 ], [ -60.476908981513006, -31.787408769990858 ], [ -60.478183545996259, -31.787234440489392 ], [ -60.477106580960189, -31.781489447132675 ], [ -60.479902066706764, -31.782340114763546 ], [ -60.484680217496823, -31.781596967622022 ], [ -60.48396077600772, -31.778225760150239 ], [ -60.461405296019869, -31.781709237553272 ], [ -60.463464179558848, -31.79119967924915 ], [ -60.4771696283861, -31.789014878670457 ] ] ] ] } },
{ "type": "Feature", "properties": { "Id": "0", "IATA": "PRA", "Descrip": "Predio concesionado a AA2000", "Etiqueta": "PRA - Predio concesionado a AA2000", "Observac": null, "LINK": "PRA", "Ciudad": "Paraná", "Nom_aerop": "General Justo José de Urquiza", "Provincia": "Entre Ríos", "Habilitaci": "Cabotaje", "Grupo": "A", "SupHa": 253.80610793299999, "SupKm2": 2.5380610793299998, "SupHaText": "253,8 Ha", "SupKm2Tex": "2,54 Km2" }, "geometry": { "type": "MultiPolygon", "coordinates": [ [ [ [ -60.477169628386086, -31.789014878670443 ], [ -60.477208924246959, -31.789008777705035 ], [ -60.481706182829853, -31.814205449782786 ], [ -60.487957159666166, -31.815296087849621 ], [ -60.48495581826657, -31.797793646798446 ], [ -60.488026404520397, -31.797276756551568 ], [ -60.484680217496823, -31.78159696762204 ], [ -60.479902066706764, -31.782340114763546 ], [ -60.477106580960189, -31.78148944713265 ], [ -60.478183545996259, -31.787234440489378 ], [ -60.47690898151302, -31.787408769990826 ], [ -60.47720047618467, -31.788963401471829 ], [ -60.477169628386086, -31.789014878670443 ] ] ] ] } },
{ "type": "Feature", "properties": { "Id": "0", "IATA": "SFN", "Descrip": "Reserva Provincia de Santa Fe", "Etiqueta": "SFN - Reserva Provincia de Santa Fe", "Observac": null, "LINK": null, "Ciudad": "Santa Fe", "Nom_aerop": "Sauce Viejo", "Provincia": "Santa Fe", "Habilitaci": "Cabotaje", "Grupo": "B", "SupHa": 103.71897003399999, "SupKm2": 1.0371897003399999, "SupHaText": "103,7 Ha", "SupKm2Tex": "1,04 Km2" }, "geometry": { "type": "MultiPolygon", "coordinates": [ [ [ [ -60.81257377957818, -31.706846799381012 ], [ -60.819791532371354, -31.721490155418941 ], [ -60.825035587607445, -31.719375853236972 ], [ -60.820484837895627, -31.706444272739272 ], [ -60.81257377957818, -31.706846799381012 ] ] ] ] } },
{ "type": "Feature", "properties": { "Id": "0", "IATA": "SFN", "Descrip": "Predio administrados por la Provincia de Santa Fe", "Etiqueta": "SFN - Predio administrados por la Provincia de Santa Fe", "Observac": null, "LINK": "SFN", "Ciudad": "Santa Fe", "Nom_aerop": "Sauce Viejo", "Provincia": "Santa Fe", "Habilitaci": "Cabotaje", "Grupo": "B", "SupHa": 270.69407365699999, "SupKm2": 2.70694073657, "SupHaText": "270,7 Ha", "SupKm2Tex": "2,71 Km2" }, "geometry": { "type": "MultiPolygon", "coordinates": [ [ [ [ -60.800161262720387, -31.693182735679592 ], [ -60.799293692897514, -31.693504521398932 ], [ -60.799177554051198, -31.693616003490522 ], [ -60.799069204517252, -31.693683804497596 ], [ -60.798965907782083, -31.693757120186326 ], [ -60.798868046956322, -31.693835677871885 ], [ -60.798775984981027, -31.693919185419009 ], [ -60.798690063283161, -31.694007332331971 ], [ -60.798610600510294, -31.694099790911459 ], [ -60.798537891350065, -31.69419621747506 ], [ -60.798472205438586, -31.694296253637674 ], [ -60.798413786361195, -31.694399527644965 ], [ -60.798362850749861, -31.694505655757961 ], [ -60.798319587480705, -31.694614243680189 ], [ -60.798284156974603, -31.694724888025245 ], [ -60.798256690603054, -31.694837177817309 ], [ -60.798237290201016, -31.694950696019131 ], [ -60.798226027690916, -31.695065021083735 ], [ -60.798222944815919, -31.695179728521158 ], [ -60.79822805298641, -31.695294392476857 ], [ -60.798241333237677, -31.695408587314585 ], [ -60.798262736301623, -31.695521889198236 ], [ -60.798292182789389, -31.695633877667234 ], [ -60.798329563486959, -31.695744137197604 ], [ -60.798374739760291, -31.695852258746218 ], [ -60.798427544070137, -31.695957841269045 ], [ -60.804786927403256, -31.708055800847198 ], [ -60.805203349999672, -31.70790518000188 ], [ -60.805738059511654, -31.708991472368517 ], [ -60.805787143830969, -31.709091170400431 ], [ -60.80589004097925, -31.709061530358582 ], [ -60.805915986558368, -31.709114236168467 ], [ -60.805877432329495, -31.709128232512107 ], [ -60.805974934707734, -31.709326278358049 ], [ -60.805907467069623, -31.709350781543503 ], [ -60.805948822814578, -31.709434769935193 ], [ -60.806093243307032, -31.709728048070986 ], [ -60.805717396894742, -31.710175256148876 ], [ -60.805693007842407, -31.710314001841255 ], [ -60.805802148318833, -31.71053544525687 ], [ -60.805652390617475, -31.710589978714445 ], [ -60.812792050787039, -31.72425245755062 ], [ -60.812897901331553, -31.724269049211102 ], [ -60.816322527945204, -31.722888546891987 ], [ -60.817733652259847, -31.722319708122544 ], [ -60.819791532371362, -31.721490155418962 ], [ -60.81257377957818, -31.706846799380966 ], [ -60.805557644132435, -31.69219451112474 ], [ -60.800161262720387, -31.693182735679592 ] ] ] ] } },
{ "type": "Feature", "properties": { "Id": "0", "IATA": "COC", "Descrip": "Predio administrado por Municipalidad de Concordia", "Etiqueta": "COC - Predio administrado por Municipalidad de Concordia", "Observac": "No se tiene información oficial sobre la delimitación del predio. Se tomó el predio operativo como la totalidad del predio", "LINK": "COC", "Ciudad": "Concordia", "Nom_aerop": "Comodoro Pierrestegui", "Provincia": "Entre Ríos", "Habilitaci": "Cabotaje", "Grupo": "B", "SupHa": 104.94762741864062, "SupKm2": 1.0494762741864063, "SupHaText": "104,9 Ha", "SupKm2Tex": "1,05 Km2" }, "geometry": { "type": "MultiPolygon", "coordinates": [ [ [ [ -57.993192758692736, -31.287939701890366 ], [ -57.993033322509305, -31.28789246153972 ], [ -57.992649494660313, -31.288010562416336 ], [ -57.992330622293451, -31.288152283468271 ], [ -57.991964509575951, -31.28831762469553 ], [ -57.991707401766497, -31.288405804270784 ], [ -57.99090419886948, -31.288794416871653 ], [ -57.990594631209319, -31.290255467465393 ], [ -57.990472985487742, -31.290792334035398 ], [ -57.991368900213097, -31.292237872709634 ], [ -57.992604164932111, -31.294230859941234 ], [ -57.994314438985832, -31.296990080622702 ], [ -57.995998895284892, -31.299707477699197 ], [ -57.997800921328569, -31.302614352332565 ], [ -57.999395517864457, -31.305186457133278 ], [ -57.999591319494876, -31.305502277189213 ], [ -58.00093427115479, -31.307727503767055 ], [ -58.004725309294102, -31.307136999383982 ], [ -58.003054181890008, -31.304532875054644 ], [ -58.002971511276378, -31.303824269794958 ], [ -58.003136852503637, -31.303062519140799 ], [ -58.003668306448411, -31.302956228351842 ], [ -58.003585635834774, -31.302531065196028 ], [ -58.002481392638437, -31.300741836915329 ], [ -58.002670354041015, -31.300440679679966 ], [ -58.00168421172129, -31.298427059733697 ], [ -58.00119999812717, -31.29846248999668 ], [ -58.000951986286282, -31.2979664663149 ], [ -58.00018433058829, -31.298019611709378 ], [ -57.999873422445759, -31.2971323683389 ], [ -57.999734114203399, -31.296759736224896 ], [ -57.998734114392569, -31.295188600488622 ], [ -57.997255340634837, -31.292865140789203 ], [ -57.996853976236252, -31.292234492623091 ], [ -57.995360994290643, -31.289888547559716 ], [ -57.995108459372751, -31.289491723010354 ], [ -57.994835583295306, -31.289261796031155 ], [ -57.993192758692736, -31.287939701890366 ] ] ] ] } },
{ "type": "Feature", "properties": { "Id": "0", "IATA": "AOL", "Descrip": "Predio administrado por Administración Nacional de Aviación Civil (ANAC)", "Etiqueta": "AOL - Predio administrado por ANAC", "Observac": "No se tiene información oficial sobre la delimitación del predio. Se tomó el predio operativo como la totalidad del predio", "LINK": "AOL", "Ciudad": "Paso de los Libres", "Nom_aerop": "Aeropuerto de Paso de los Libres", "Provincia": "Corrientes", "Habilitaci": "Internacional", "Grupo": "B", "SupHa": 112.92596736900001, "SupKm2": 1.12925967369, "SupHaText": "112,9 Ha", "SupKm2Tex": "1,13 Km2" }, "geometry": { "type": "MultiPolygon", "coordinates": [ [ [ [ -57.153931677005446, -29.69274561119671 ], [ -57.154575877956901, -29.68920328056323 ], [ -57.155474709707804, -29.684394453677914 ], [ -57.155798072992461, -29.682712912188194 ], [ -57.155238039543349, -29.681831890864 ], [ -57.155099486368087, -29.681514045360629 ], [ -57.155538561318643, -29.679018844162769 ], [ -57.152730343031514, -29.678636459628787 ], [ -57.152251419865692, -29.679881722592533 ], [ -57.15214924742299, -29.680413023061352 ], [ -57.151911511681057, -29.68164923052489 ], [ -57.151758383250765, -29.6824454663981 ], [ -57.151860649922284, -29.682529753949531 ], [ -57.152495346332046, -29.682610192446688 ], [ -57.152451894103358, -29.682988530577784 ], [ -57.152404130450137, -29.683095065501217 ], [ -57.152053054065981, -29.683533578394947 ], [ -57.151388427794352, -29.684363717699934 ], [ -57.150103081147847, -29.685958901659195 ], [ -57.148762588012076, -29.687595457962921 ], [ -57.147902210469034, -29.688612117345667 ], [ -57.147440042621703, -29.689177342885028 ], [ -57.146836804927027, -29.689914972307449 ], [ -57.147214515564166, -29.693106102118477 ], [ -57.147365652848976, -29.694527563077433 ], [ -57.149328841535912, -29.69578078540891 ], [ -57.14901712680151, -29.697605663132805 ], [ -57.148850347973948, -29.698622999826377 ], [ -57.148446074120663, -29.699075467617991 ], [ -57.15145229926862, -29.700929226895852 ], [ -57.151862504406495, -29.698791146966499 ], [ -57.152115135650085, -29.697536757328756 ], [ -57.152027655872068, -29.697441845956753 ], [ -57.153419107015559, -29.695771215757716 ], [ -57.153772408704548, -29.693621346812648 ], [ -57.153931677005446, -29.69274561119671 ] ] ] ] } },
{ "type": "Feature", "properties": { "Id": "0", "IATA": "GPO", "Descrip": "Predio concesionado a AA2000", "Etiqueta": "GPO - Predio concesionado a AA2000", "Observac": null, "LINK": "GPO", "Ciudad": "General Pico", "Nom_aerop": "Aeropuerto de General Pico", "Provincia": "La Pampa", "Habilitaci": "Cabotaje", "Grupo": "A", "SupHa": 240.340756425, "SupKm2": 2.4034075642500001, "SupHaText": "240,3 Ha", "SupKm2Tex": "2,40 Km2" }, "geometry": { "type": "MultiPolygon", "coordinates": [ [ [ [ -63.768999130740376, -35.683221508060839 ], [ -63.759159502621834, -35.683218854500488 ], [ -63.756643549804458, -35.689818609612203 ], [ -63.753835441533887, -35.697193622235687 ], [ -63.751660505042643, -35.702978794688221 ], [ -63.750703443589146, -35.705593522027435 ], [ -63.749200343415133, -35.709729545499826 ], [ -63.749685940423305, -35.709918809459971 ], [ -63.749824529914299, -35.709791272701189 ], [ -63.750313613388897, -35.709420042479159 ], [ -63.75104165924607, -35.708843069022755 ], [ -63.751791978716099, -35.708346586793773 ], [ -63.752402864195098, -35.708007653820104 ], [ -63.753349427132925, -35.707514827929081 ], [ -63.754832124439275, -35.706721692950865 ], [ -63.756912534287899, -35.705619366585481 ], [ -63.761005620618526, -35.696616564026399 ], [ -63.769132356170466, -35.69649725658104 ], [ -63.768999130740376, -35.683221508060839 ] ] ] ] } },
{ "type": "Feature", "properties": { "Id": "0", "IATA": "RCQ", "Descrip": "Predio concesionado a AA2000", "Etiqueta": "RCQ - Predio concesionado a AA2000", "Observac": null, "LINK": "RCQ", "Ciudad": "Reconquista", "Nom_aerop": "Daniel Jukic", "Provincia": "Santa Fe", "Habilitaci": "Cabotaje", "Grupo": "A", "SupHa": 200.68449751899999, "SupKm2": 2.0068449751899999, "SupHaText": "200,7 Ha", "SupKm2Tex": "2,01 Km2" }, "geometry": { "type": "MultiPolygon", "coordinates": [ [ [ [ -59.661369413936669, -29.211721197604174 ], [ -59.664827734413926, -29.211745698405451 ], [ -59.671502966633845, -29.211789799833056 ], [ -59.67996350065868, -29.211829001086041 ], [ -59.688822639803355, -29.211887802937461 ], [ -59.694290828350205, -29.211946604755095 ], [ -59.695349416306676, -29.211987184797945 ], [ -59.697758564492659, -29.211713670752946 ], [ -59.697703801442302, -29.211284227251653 ], [ -59.696806040650671, -29.204244176216879 ], [ -59.700250583642607, -29.203926399117343 ], [ -59.700082351073306, -29.203724479184004 ], [ -59.69637899915822, -29.204088522143262 ], [ -59.696240536990089, -29.204106443837567 ], [ -59.695223571013322, -29.204334354274991 ], [ -59.694653437941227, -29.20439315980639 ], [ -59.694567610846867, -29.203985877524115 ], [ -59.693213751442372, -29.203469700348439 ], [ -59.693068450669976, -29.20244869633558 ], [ -59.691385898493387, -29.20263301829149 ], [ -59.690885832385803, -29.199118448965304 ], [ -59.690318590846083, -29.195131756635561 ], [ -59.687177405782734, -29.195491647765632 ], [ -59.687748476424204, -29.199553387702547 ], [ -59.688469453108844, -29.20452884066572 ], [ -59.688954863154144, -29.207833912002908 ], [ -59.688141087490102, -29.208761901795086 ], [ -59.680038983316493, -29.208697331432248 ], [ -59.67370728451165, -29.208660672017068 ], [ -59.664448864119286, -29.208607067402113 ], [ -59.661407890903654, -29.208589460705593 ], [ -59.661369413936669, -29.211721197604174 ] ] ] ] } },
{ "type": "Feature", "properties": { "Id": "0", "IATA": "RCQ", "Descrip": "Sector militar", "Etiqueta": "RCQ - Sector militar", "Observac": null, "LINK": null, "Ciudad": "Reconquista", "Nom_aerop": "Daniel Jukic", "Provincia": "Santa Fe", "Habilitaci": "Cabotaje", "Grupo": "A", "SupHa": 696.29161529299995, "SupKm2": 6.9629161529300001, "SupHaText": "696,3 Ha", "SupKm2Tex": "6,96 Km2" }, "geometry": { "type": "MultiPolygon", "coordinates": [ [ [ [ -59.656946353672531, -29.193909067660528 ], [ -59.660087241500143, -29.215990466473187 ], [ -59.695349416306676, -29.211987184797945 ], [ -59.693914460312854, -29.211942557506411 ], [ -59.688760674197958, -29.211887391645636 ], [ -59.679896013468721, -29.211828688389222 ], [ -59.671502966633845, -29.211789799833056 ], [ -59.664827734413926, -29.211745698405451 ], [ -59.661369413936669, -29.211721197604124 ], [ -59.661407890554962, -29.208589460642514 ], [ -59.664448864408769, -29.208607067121182 ], [ -59.673707284498967, -29.208660672069534 ], [ -59.680038983176907, -29.208697331079716 ], [ -59.688141087710399, -29.208761902118589 ], [ -59.688954862824183, -29.20783391187431 ], [ -59.688469452725244, -29.204528840316879 ], [ -59.687748476106179, -29.199553387705219 ], [ -59.687177406041897, -29.195491647405973 ], [ -59.69031859101959, -29.195131756307099 ], [ -59.690885832707878, -29.199118448595929 ], [ -59.69138589833161, -29.202633017965116 ], [ -59.693068450782427, -29.202448696480104 ], [ -59.693213751656032, -29.203469700529247 ], [ -59.694567610451472, -29.203985877684289 ], [ -59.694653437589288, -29.20439315965632 ], [ -59.69522357062668, -29.204334353911669 ], [ -59.696240536868594, -29.204106444260074 ], [ -59.696378998749424, -29.204088522412363 ], [ -59.700082351220757, -29.203724479302728 ], [ -59.689112306979936, -29.190557762398377 ], [ -59.656946353672531, -29.193909067660528 ] ] ] ] } },
{ "type": "Feature", "properties": { "Id": "0", "IATA": "CNQ", "Descrip": "Predio administrado por la Dir. Aeronáutica Provincia de Corrientes", "Etiqueta": "CNQ - Predio administrado por la Dir. Aeronáutica Prov. de Corrientes", "Observac": "Se desconoce el límite del predio en el sector costero ya que la línea costera se modificó respecto de los planos originales", "LINK": "CNQ", "Ciudad": "Corrientes", "Nom_aerop": "Dr. Fernando Piragine Niveyro", "Provincia": "Corrientes", "Habilitaci": "Internacional", "Grupo": "B", "SupHa": 783.78813994500001, "SupKm2": 7.8378813994499996, "SupHaText": "783,8 Ha", "SupKm2Tex": "7,84 Km2" }, "geometry": { "type": "MultiPolygon", "coordinates": [ [ [ [ -58.765002710001703, -27.458998470304198 ], [ -58.770151847535367, -27.452571824239584 ], [ -58.772973824370929, -27.448882287012697 ], [ -58.776286813002159, -27.444892300635928 ], [ -58.778258406798493, -27.441885700492687 ], [ -58.777672955556383, -27.44159163569795 ], [ -58.777733665700296, -27.437563191180143 ], [ -58.777754561679949, -27.437142598531633 ], [ -58.778252273545171, -27.436247373233936 ], [ -58.779031824572634, -27.434861291812947 ], [ -58.778763696463081, -27.434343131947266 ], [ -58.777534846128752, -27.433469762886318 ], [ -58.776760302181756, -27.4329261138984 ], [ -58.776666903951138, -27.432548046487927 ], [ -58.776156041808925, -27.431687499281111 ], [ -58.776160842455134, -27.431252255779278 ], [ -58.77487475429907, -27.428440618146642 ], [ -58.77468861842398, -27.42762644846022 ], [ -58.774283110894096, -27.427535825693774 ], [ -58.773895145118075, -27.427329279896441 ], [ -58.773735924495718, -27.427023179132945 ], [ -58.773705170589395, -27.426863303792523 ], [ -58.773445668761575, -27.426954403944887 ], [ -58.773375988893285, -27.427223145175056 ], [ -58.773227415391744, -27.427424970815224 ], [ -58.772900636775951, -27.427567189331114 ], [ -58.772609102671851, -27.427463055625502 ], [ -58.772034107630731, -27.427994842900734 ], [ -58.771913713321446, -27.428588672210424 ], [ -58.771420003804757, -27.42912117289346 ], [ -58.771058129224123, -27.429495229652673 ], [ -58.770353847243562, -27.429953321751007 ], [ -58.769651168162007, -27.430266329231969 ], [ -58.768561163614045, -27.430314740128654 ], [ -58.767487901026286, -27.430319762044707 ], [ -58.766448447156456, -27.430208998991468 ], [ -58.765476291655929, -27.429895691509039 ], [ -58.764653072870068, -27.429425648569769 ], [ -58.763623577064813, -27.428619709351207 ], [ -58.763018719173765, -27.428489288664068 ], [ -58.759021705736352, -27.426464328318136 ], [ -58.758256229913172, -27.426073758484094 ], [ -58.756840802744271, -27.425952532486985 ], [ -58.754717240167139, -27.425965623541686 ], [ -58.751313909770857, -27.42625861400299 ], [ -58.750756949123442, -27.426316210078955 ], [ -58.748837772819819, -27.426560295056557 ], [ -58.747864014646616, -27.427142745605675 ], [ -58.746771404200501, -27.427594582411064 ], [ -58.747997450547267, -27.435543537431055 ], [ -58.748249094217975, -27.436300288263261 ], [ -58.749441034259661, -27.44384536413375 ], [ -58.750304068513756, -27.448211843855937 ], [ -58.765002710001703, -27.458998470304198 ] ] ] ] } },
{ "type": "Feature", "properties": { "Id": "0", "IATA": "RES", "Descrip": "Predio concesionado a AA2000", "Etiqueta": "RES - Predio concesionado a AA2000", "Observac": null, "LINK": "RES", "Ciudad": "Resistencia", "Nom_aerop": "José de San Martín", "Provincia": "Chaco", "Habilitaci": "Internacional", "Grupo": "A", "SupHa": 898.29597481099995, "SupKm2": 8.9829597481099999, "SupHaText": "898,3 Ha", "SupKm2Tex": "8,98 Km2" }, "geometry": { "type": "MultiPolygon", "coordinates": [ [ [ [ -59.057288990238824, -27.426532096939898 ], [ -59.033536123326201, -27.43481980134375 ], [ -59.031208115810649, -27.436885971430655 ], [ -59.028486791956816, -27.439423816910235 ], [ -59.02692014386519, -27.439182912777763 ], [ -59.025873962916663, -27.438870007084326 ], [ -59.024940953556012, -27.438341062836898 ], [ -59.02376000124567, -27.437242718931493 ], [ -59.022228339345958, -27.438513056148796 ], [ -59.023342585749397, -27.439482578950731 ], [ -59.023997664158159, -27.440036463547258 ], [ -59.025871489700336, -27.441761572776464 ], [ -59.024656195723757, -27.442839266726864 ], [ -59.025644316858354, -27.443689878386589 ], [ -59.025765533519447, -27.443594958832541 ], [ -59.026644664653723, -27.444340381384723 ], [ -59.028433641100314, -27.442754060904669 ], [ -59.029814368320984, -27.442318436559528 ], [ -59.031403736538977, -27.441880545826695 ], [ -59.037649821679132, -27.443605655056054 ], [ -59.052012365611269, -27.456560365478587 ], [ -59.058526043114441, -27.471803683940703 ], [ -59.074585155422625, -27.46634205382713 ], [ -59.057288990238824, -27.426532096939898 ] ], [ [ -59.042349636513826, -27.442695328337404 ], [ -59.039360178320997, -27.442356656448752 ], [ -59.03550055688455, -27.434675686804102 ], [ -59.045178443016226, -27.431385191960498 ], [ -59.044506264778718, -27.435694534437911 ], [ -59.046212908822568, -27.438642739351916 ], [ -59.04724432454433, -27.441887052737748 ], [ -59.046606951648997, -27.441972165928934 ], [ -59.045686929110204, -27.442091387460358 ], [ -59.042349636513826, -27.442695328337404 ] ], [ [ -59.045912292513691, -27.446657092931339 ], [ -59.046631702334771, -27.44729388651713 ], [ -59.045800152818373, -27.448045145128482 ], [ -59.045079022174392, -27.447406823927416 ], [ -59.045912292513691, -27.446657092931339 ] ], [ [ -59.049937231002801, -27.447396223991994 ], [ -59.051023403215446, -27.447026885404814 ], [ -59.051560692901042, -27.448297505602454 ], [ -59.050970507966589, -27.448947748163562 ], [ -59.052736605190532, -27.448347198636199 ], [ -59.053690425823667, -27.450579718099373 ], [ -59.053368482013305, -27.451126893669631 ], [ -59.051122633183297, -27.451866675659449 ], [ -59.050639620047328, -27.452455569421051 ], [ -59.049986675992024, -27.453027175395842 ], [ -59.049629447415022, -27.452688930443628 ], [ -59.048741961893448, -27.453430941934929 ], [ -59.048242867123449, -27.452953340108156 ], [ -59.047230419713074, -27.451984474708301 ], [ -59.046778755282439, -27.451552244989962 ], [ -59.047601736376123, -27.450768919131736 ], [ -59.047257872259138, -27.450443309606737 ], [ -59.048261803155583, -27.449552877192662 ], [ -59.04860986311698, -27.449860212260578 ], [ -59.04920070587135, -27.449268907740944 ], [ -59.049316241703067, -27.449174575903431 ], [ -59.049426916551887, -27.44907571392573 ], [ -59.049532507474687, -27.448972520966031 ], [ -59.049632801771637, -27.448865204907069 ], [ -59.049727597415128, -27.448753981936846 ], [ -59.049816703456003, -27.448639076113203 ], [ -59.04989994040853, -27.448520718912526 ], [ -59.049977140611929, -27.448399148763095 ], [ -59.050048148567782, -27.448274610565019 ], [ -59.050106694978716, -27.447856930188959 ], [ -59.049937231002801, -27.447396223991994 ] ], [ [ -59.074003788208472, -27.465989075877694 ], [ -59.068998941722697, -27.466236535840157 ], [ -59.066958564594813, -27.461452013834229 ], [ -59.071963196901144, -27.461204621789761 ], [ -59.074003788208472, -27.465989075877694 ] ] ] ] } },
{ "type": "Feature", "properties": { "Id": "0", "IATA": "AFA", "Descrip": "Predio concesionado a AA2000", "Etiqueta": "AFA - Predio concesionado a AA2000", "Observac": null, "LINK": "AFA", "Ciudad": "San Rafael", "Nom_aerop": "S.A. Santiago Germano", "Provincia": "Mendoza", "Habilitaci": "Cabotaje", "Grupo": "A", "SupHa": 186.73143833699999, "SupKm2": 1.8673143833700001, "SupHaText": "186,7 Ha", "SupKm2Tex": "1,87 Km2" }, "geometry": { "type": "MultiPolygon", "coordinates": [ [ [ [ -68.409266005501451, -34.584198392471464 ], [ -68.405823401433949, -34.585364092790265 ], [ -68.404464539280028, -34.582550345178852 ], [ -68.400346707629524, -34.583980506033726 ], [ -68.399640773565736, -34.582553589651639 ], [ -68.396611215631836, -34.583578810326749 ], [ -68.397276255733274, -34.584914776855854 ], [ -68.396729615824157, -34.58510085325748 ], [ -68.392300356433196, -34.58660844992486 ], [ -68.393622642161318, -34.589455316554954 ], [ -68.390543271868736, -34.590497440076675 ], [ -68.390566778508614, -34.590594681608152 ], [ -68.390154083437409, -34.591409975223392 ], [ -68.390461719527295, -34.592114206123171 ], [ -68.390421625334739, -34.592140212594053 ], [ -68.390401644445703, -34.592175579105358 ], [ -68.390306016545097, -34.592209621752126 ], [ -68.390326095445303, -34.592276493179995 ], [ -68.391671761295683, -34.594987883716136 ], [ -68.395490121161203, -34.593714892598435 ], [ -68.401334560698885, -34.591723638177307 ], [ -68.411401733152246, -34.588292783946173 ], [ -68.415655008767132, -34.586842905747034 ], [ -68.418539103943758, -34.585843712204955 ], [ -68.419369548559985, -34.585540587705829 ], [ -68.418979910759631, -34.584722820786389 ], [ -68.421051407975028, -34.58401020270226 ], [ -68.420322925445305, -34.582556448206908 ], [ -68.419391152839282, -34.580673856736446 ], [ -68.414809338395116, -34.582324094932829 ], [ -68.411184729668221, -34.58350258258934 ], [ -68.409266005501451, -34.584198392471464 ] ], [ [ -68.40310569136858, -34.588141423254108 ], [ -68.403970535666375, -34.589897846758724 ], [ -68.404288842590461, -34.589790647863026 ], [ -68.404490153655757, -34.590199479403132 ], [ -68.404896072213404, -34.590057314062101 ], [ -68.40509299381803, -34.590416978456432 ], [ -68.403374682216068, -34.591001248814536 ], [ -68.402453243967699, -34.589146835714196 ], [ -68.402101402748571, -34.588414380874553 ], [ -68.40310569136858, -34.588141423254108 ] ] ] ] } },
{ "type": "Feature", "properties": { "Id": "0", "IATA": "AFA", "Descrip": "Estado Nacional (aeroclub)", "Etiqueta": "AFA  -Estado Nacional (aeroclub)", "Observac": null, "LINK": null, "Ciudad": "San Rafael", "Nom_aerop": "S.A. Santiago Germano", "Provincia": "Mendoza", "Habilitaci": "Cabotaje", "Grupo": "A", "SupHa": 3.4511484923500002, "SupKm2": 0.03451148492, "SupHaText": "3,5 Ha", "SupKm2Tex": "0,035 Km2" }, "geometry": { "type": "MultiPolygon", "coordinates": [ [ [ [ -68.40245324396767, -34.58914683571421 ], [ -68.403374682216111, -34.591001248814599 ], [ -68.405092993818045, -34.590416978456503 ], [ -68.404896072213447, -34.590057314062115 ], [ -68.4044901536558, -34.590199479403225 ], [ -68.404288842590503, -34.589790647863062 ], [ -68.403970535666346, -34.589897846758745 ], [ -68.403105691368637, -34.588141423254157 ], [ -68.402101402748613, -34.588414380874575 ], [ -68.40245324396767, -34.58914683571421 ] ] ] ] } },
{ "type": "Feature", "properties": { "Id": "0", "IATA": "LGS", "Descrip": "Predio concesionado a AA2000", "Etiqueta": "LGS - Predio concesionado a AA2000", "Observac": null, "LINK": "LGS", "Ciudad": "Malargüe", "Nom_aerop": "Comodoro D. Ricardo Salomon", "Provincia": "Mendoza", "Habilitaci": "Cabotaje", "Grupo": "A", "SupHa": 306.11337267, "SupKm2": 3.0611337267000001, "SupHaText": "306,1 Ha", "SupKm2Tex": "3,06 Km2" }, "geometry": { "type": "MultiPolygon", "coordinates": [ [ [ [ -69.584881947085805, -35.480384398494728 ], [ -69.577020079219082, -35.480250292976919 ], [ -69.57681376759659, -35.483763133494186 ], [ -69.563070409463037, -35.483506173341802 ], [ -69.563545861358932, -35.485187662816394 ], [ -69.561837809172118, -35.48534483630003 ], [ -69.562152445492188, -35.486657354508807 ], [ -69.563989169107359, -35.486463784297939 ], [ -69.566405397969945, -35.49417669172211 ], [ -69.569533489857037, -35.495368234003351 ], [ -69.560517418809525, -35.505701232184286 ], [ -69.56450679681565, -35.507991305816887 ], [ -69.57596294761926, -35.4947713860576 ], [ -69.57608253200037, -35.494733482336407 ], [ -69.581986257589278, -35.492197723709751 ], [ -69.58180387185692, -35.490034988339033 ], [ -69.585186703119888, -35.489683773351643 ], [ -69.584881947085805, -35.480384398494728 ] ] ] ] } },
{ "type": "Feature", "properties": { "Id": "0", "IATA": "FMA", "Descrip": "Predio concesionado a AA2000", "Etiqueta": "FMA - Predio concesionado a AA2000", "Observac": null, "LINK": "FMA", "Ciudad": "Formosa", "Nom_aerop": "El Pucu", "Provincia": "Formosa", "Habilitaci": "Internacional", "Grupo": "A", "SupHa": 447.19783058799999, "SupKm2": 4.4719783058799996, "SupHaText": "447,2 Ha", "SupKm2Tex": "4,47 Km2" }, "geometry": { "type": "MultiPolygon", "coordinates": [ [ [ [ -58.220020766100617, -26.206858570249839 ], [ -58.212037950470403, -26.226987565298661 ], [ -58.230932856151412, -26.232981572261458 ], [ -58.231898592841389, -26.230665815747617 ], [ -58.234161599338059, -26.224956357094925 ], [ -58.235680455913155, -26.221138140553943 ], [ -58.234166095173123, -26.218814015875804 ], [ -58.231576722353964, -26.214839806185186 ], [ -58.231380213028899, -26.214480081778337 ], [ -58.230478934301232, -26.212800765472196 ], [ -58.229801741929343, -26.212072304605098 ], [ -58.229337579491187, -26.211374227242917 ], [ -58.225776657390199, -26.20588138171906 ], [ -58.224209950144207, -26.203411138000323 ], [ -58.223490909256668, -26.202775225705697 ], [ -58.220854867112621, -26.20508893908158 ], [ -58.220730341039889, -26.205168305220699 ], [ -58.220603815813952, -26.205379120458815 ], [ -58.220020766100617, -26.206858570249839 ] ], [ [ -58.229267318720581, -26.212345295322788 ], [ -58.229350032448622, -26.212510566585085 ], [ -58.22916719763208, -26.212583959809649 ], [ -58.229085276718372, -26.212420127318406 ], [ -58.229267318720581, -26.212345295322788 ] ], [ [ -58.229711010067099, -26.212459219350599 ], [ -58.229776335782219, -26.212425308788614 ], [ -58.229834889150936, -26.212519458217113 ], [ -58.229773016044078, -26.212551576536335 ], [ -58.229711010067099, -26.212459219350599 ] ], [ [ -58.229825467258088, -26.213083450179504 ], [ -58.229802982080791, -26.213145597908863 ], [ -58.229759191633548, -26.213133429622303 ], [ -58.229778815967272, -26.213069716368466 ], [ -58.229797652818888, -26.213008559714122 ], [ -58.229846826705909, -26.213022197533977 ], [ -58.229825467258088, -26.213083450179504 ] ], [ [ -58.231644454642201, -26.215660158220611 ], [ -58.231696083252132, -26.215743892677384 ], [ -58.231723481806625, -26.215730147491573 ], [ -58.23175221471417, -26.215776748213951 ], [ -58.231625817709926, -26.215840158436098 ], [ -58.231607413353913, -26.215810309117554 ], [ -58.23155848574288, -26.21583485482796 ], [ -58.23154889531844, -26.215819300469214 ], [ -58.231496855713267, -26.215845407355339 ], [ -58.231473959392986, -26.215804619231736 ], [ -58.231557829685642, -26.215762543721262 ], [ -58.231534239487701, -26.215715450378013 ], [ -58.231644454642201, -26.215660158220611 ] ], [ [ -58.231734866888409, -26.215878569305975 ], [ -58.231775176562216, -26.21594969023937 ], [ -58.231806822116766, -26.215935096731467 ], [ -58.231821957795091, -26.215961801538935 ], [ -58.231790312234757, -26.215976395049729 ], [ -58.231820605015976, -26.216029842452432 ], [ -58.231748688259763, -26.216063007191099 ], [ -58.231662950206385, -26.215911734005825 ], [ -58.231734866888409, -26.215878569305975 ] ], [ [ -58.231847786508744, -26.216076871222189 ], [ -58.231888096313973, -26.216147992128985 ], [ -58.23191974191127, -26.216133398598565 ], [ -58.231934877638928, -26.216160103395968 ], [ -58.231903232035897, -26.216174696929439 ], [ -58.231933524915974, -26.216228144312144 ], [ -58.231861608062673, -26.216261309101814 ], [ -58.231775869729638, -26.216110035973021 ], [ -58.231847786508744, -26.216076871222189 ] ], [ [ -58.234875670855153, -26.219988104265838 ], [ -58.233165881527214, -26.220710097697747 ], [ -58.232162425121771, -26.218775855957123 ], [ -58.233668677750991, -26.218139775102266 ], [ -58.234875670855153, -26.219988104265838 ] ] ] ] } },
{ "type": "Feature", "properties": { "Id": "0", "IATA": "FMA", "Descrip": "Sectores no concesionados", "Etiqueta": "FMA - Sectores no concesionados", "Observac": null, "LINK": null, "Ciudad": "Formosa", "Nom_aerop": "El Pucu", "Provincia": "Formosa", "Habilitaci": "Internacional", "Grupo": "A", "SupHa": 4.3798159524700004, "SupKm2": 0.04379815952, "SupHaText": "4,4 Ha", "SupKm2Tex": "0,044 Km2" }, "geometry": { "type": "MultiPolygon", "coordinates": [ [ [ [ -58.229085276718443, -26.212420127318428 ], [ -58.229167197632066, -26.212583959809624 ], [ -58.229350032448693, -26.212510566585117 ], [ -58.229267318720588, -26.212345295322773 ], [ -58.229085276718443, -26.212420127318428 ] ] ], [ [ [ -58.229711010067106, -26.212459219350663 ], [ -58.229773016044049, -26.212551576536356 ], [ -58.229834889150979, -26.212519458217173 ], [ -58.229776335782198, -26.212425308788642 ], [ -58.229711010067106, -26.212459219350663 ] ] ], [ [ [ -58.229759191633562, -26.213133429622285 ], [ -58.229802982080791, -26.213145597908884 ], [ -58.229825467258138, -26.213083450179496 ], [ -58.229846826705895, -26.213022197533956 ], [ -58.229797652818903, -26.213008559714169 ], [ -58.229778815967286, -26.213069716368445 ], [ -58.229759191633562, -26.213133429622285 ] ] ], [ [ [ -58.231534239487729, -26.215715450378095 ], [ -58.231557829685727, -26.215762543721347 ], [ -58.231473959393007, -26.215804619231783 ], [ -58.231496855713303, -26.215845407355328 ], [ -58.231548895318461, -26.215819300469235 ], [ -58.231558485742902, -26.215834854828042 ], [ -58.231607413353892, -26.215810309117536 ], [ -58.231625817709975, -26.215840158436166 ], [ -58.231752214714156, -26.215776748214022 ], [ -58.231723481806618, -26.215730147491612 ], [ -58.231696083252132, -26.215743892677391 ], [ -58.231644454642201, -26.215660158220622 ], [ -58.231534239487729, -26.215715450378095 ] ] ], [ [ [ -58.231662950206371, -26.215911734005878 ], [ -58.231748688259778, -26.216063007191117 ], [ -58.231820605015976, -26.216029842452485 ], [ -58.231790312234793, -26.215976395049793 ], [ -58.231821957795091, -26.215961801538896 ], [ -58.231806822116788, -26.215935096731513 ], [ -58.231775176562259, -26.215949690239405 ], [ -58.231734866888488, -26.215878569305996 ], [ -58.231662950206371, -26.215911734005878 ] ] ], [ [ [ -58.23177586972961, -26.216110035973106 ], [ -58.231861608062701, -26.216261309101835 ], [ -58.231933524915974, -26.216228144312144 ], [ -58.231903232035961, -26.216174696929425 ], [ -58.231934877638928, -26.216160103396007 ], [ -58.231919741911256, -26.216133398598629 ], [ -58.23188809631403, -26.216147992128978 ], [ -58.231847786508737, -26.216076871222164 ], [ -58.23177586972961, -26.216110035973106 ] ] ], [ [ [ -58.232162425121849, -26.218775855957134 ], [ -58.233165881527228, -26.220710097697726 ], [ -58.234875670855217, -26.219988104265859 ], [ -58.233668677750963, -26.218139775102276 ], [ -58.232162425121849, -26.218775855957134 ] ] ] ] } },
{ "type": "Feature", "properties": { "Id": "0", "IATA": "IGR", "Descrip": "Predio concesionado a AA2000", "Etiqueta": "IGR - Predio concesionado a AA2000", "Observac": null, "LINK": "IGR", "Ciudad": "Iguazú", "Nom_aerop": "Cataratas del Iguazú", "Provincia": "Misiones", "Habilitaci": "Internacional", "Grupo": "A", "SupHa": 633.944584093, "SupKm2": 6.3394458409299999, "SupHaText": "633,9 Ha", "SupKm2Tex": "6,34 Km2" }, "geometry": { "type": "MultiPolygon", "coordinates": [ [ [ [ -54.485912791741903, -25.727239799077431 ], [ -54.483831917009297, -25.723145387249762 ], [ -54.464846279831931, -25.731060546307113 ], [ -54.466926651843501, -25.735155231528665 ], [ -54.451568995812458, -25.741555358492981 ], [ -54.455729356724419, -25.749745069779124 ], [ -54.501827645229589, -25.730526925477193 ], [ -54.49766483996035, -25.722338544288331 ], [ -54.485912791741903, -25.727239799077431 ] ] ] ] } },
{ "type": "Feature", "properties": { "Id": "0", "IATA": "PSS", "Descrip": "Sector militar", "Etiqueta": "PSS - Sector militar", "Observac": null, "LINK": null, "Ciudad": "Posadas", "Nom_aerop": "Libertador General San Martín", "Provincia": "Misiones", "Habilitaci": "Internacional", "Grupo": "A", "SupHa": 11.9412670838, "SupKm2": 0.11941267084, "SupHaText": "11,9 Ha", "SupKm2Tex": "0,12 Km2" }, "geometry": { "type": "MultiPolygon", "coordinates": [ [ [ [ -55.975096235085424, -27.389002236405041 ], [ -55.972708037690452, -27.38895325635103 ], [ -55.972663711666947, -27.39187887149167 ], [ -55.972729759132669, -27.393078139988074 ], [ -55.975596604397921, -27.392860240479369 ], [ -55.975096235085424, -27.389002236405041 ] ] ] ] } },
{ "type": "Feature", "properties": { "Id": "0", "IATA": "PSS", "Descrip": "Estado Provincial", "Etiqueta": "PSS - Estado Provincial", "Observac": null, "LINK": null, "Ciudad": "Posadas", "Nom_aerop": "Libertador General San Martín", "Provincia": "Misiones", "Habilitaci": "Internacional", "Grupo": "A", "SupHa": 15.607924951599999, "SupKm2": 0.15607924952, "SupHaText": "15,6 Ha", "SupKm2Tex": "0,16 Km2" }, "geometry": { "type": "MultiPolygon", "coordinates": [ [ [ [ -55.972972802810112, -27.397447959960903 ], [ -55.976222277761728, -27.396966126183774 ], [ -55.975596604397921, -27.392860240479369 ], [ -55.972377442994969, -27.39309481344285 ], [ -55.972972802810112, -27.397447959960903 ] ] ] ] } },
{ "type": "Feature", "properties": { "Id": "0", "IATA": "PSS", "Descrip": "Predio concesionado a AA2000", "Etiqueta": "PSS - Predio concesionado a AA2000", "Observac": null, "LINK": "PSS", "Ciudad": "Posadas", "Nom_aerop": "Libertador General San Martín", "Provincia": "Misiones", "Habilitaci": "Internacional", "Grupo": "A", "SupHa": 276.42165695699998, "SupKm2": 2.7642165695699998, "SupHaText": "276,4 Ha", "SupKm2Tex": "2,76 Km2" }, "geometry": { "type": "MultiPolygon", "coordinates": [ [ [ [ -55.962658692630605, -27.393548361293817 ], [ -55.962219567258977, -27.393999686227204 ], [ -55.962492537566121, -27.394155193237136 ], [ -55.963649332769876, -27.394572129315087 ], [ -55.963847092467276, -27.394136381415166 ], [ -55.964346731419333, -27.393903806249192 ], [ -55.964707946255487, -27.394496469138524 ], [ -55.966590596556422, -27.393630104486757 ], [ -55.966551988907284, -27.39649612765156 ], [ -55.967355008171182, -27.398137334532628 ], [ -55.968294794426185, -27.397802968278405 ], [ -55.969500392111591, -27.397693918899208 ], [ -55.970925126919859, -27.397649285636803 ], [ -55.972972802810112, -27.397447959960903 ], [ -55.972377442994969, -27.39309481344285 ], [ -55.972729759132669, -27.393078139988074 ], [ -55.972663711666947, -27.39187887149167 ], [ -55.972708037690452, -27.38895325635103 ], [ -55.974993211884595, -27.389000124352744 ], [ -55.974972716796486, -27.38871240959843 ], [ -55.974785581082415, -27.387463054347901 ], [ -55.974714759660721, -27.386881253489218 ], [ -55.974821349757008, -27.386723765125705 ], [ -55.974235037104485, -27.38294044136877 ], [ -55.973271628408476, -27.376732789975339 ], [ -55.972434140502813, -27.371336499713202 ], [ -55.972029701266621, -27.368730524290026 ], [ -55.971860297263881, -27.36857746388857 ], [ -55.967148665210523, -27.369194679758536 ], [ -55.965477659392342, -27.369414423194812 ], [ -55.964324546466088, -27.369521221258331 ], [ -55.964155279947327, -27.369583362127184 ], [ -55.964106082405571, -27.369723067290302 ], [ -55.964199946793158, -27.370481900176671 ], [ -55.964574614564441, -27.372626627692888 ], [ -55.964886217299224, -27.374420310247434 ], [ -55.965219635221573, -27.376424077691428 ], [ -55.965749936159163, -27.380114779814249 ], [ -55.966014083425939, -27.38179208341263 ], [ -55.966355726089581, -27.384225836044738 ], [ -55.965460636368789, -27.383970119854361 ], [ -55.965331249187464, -27.383988710205401 ], [ -55.965253480818355, -27.384146715761187 ], [ -55.963192527827673, -27.389013694897574 ], [ -55.961714060701333, -27.392227163205188 ], [ -55.962962325080355, -27.392756345335251 ], [ -55.963007277517569, -27.392858883329726 ], [ -55.963106665048393, -27.392939419441717 ], [ -55.963260092012924, -27.393054864019636 ], [ -55.962658692630605, -27.393548361293817 ] ] ] ] } },
{ "type": "Feature", "properties": { "Id": "0", "IATA": "RHD", "Descrip": "Predio concesionado a AA2000", "Etiqueta": "RHD - Predio concesionado a AA2000", "Observac": "No se tiene información oficial sobre la delimitación del predio. Se tomó el predio operativo como la totalidad del predio", "LINK": "RHD", "Ciudad": "Rio Hondo", "Nom_aerop": "Aeropuerto Termas de Río Hondo", "Provincia": "Santiago del Estero", "Habilitaci": "Cabotaje", "Grupo": "A", "SupHa": 255.084810799, "SupKm2": 2.5508481079899998, "SupHaText": "255,1 Ha", "SupKm2Tex": "2,55 Km2" }, "geometry": { "type": "MultiPolygon", "coordinates": [ [ [ [ -64.93154791687725, -27.478632679899825 ], [ -64.931961868187074, -27.508605965101069 ], [ -64.933916853372367, -27.510005396901931 ], [ -64.933989426842203, -27.51358705953394 ], [ -64.93916552169523, -27.513454668597113 ], [ -64.938839280724267, -27.506079549631384 ], [ -64.938377624767298, -27.478575075231298 ], [ -64.93154791687725, -27.478632679899825 ] ] ] ] } },
{ "type": "Feature", "properties": { "Id": "0", "IATA": "RSA", "Descrip": "Predio concesionado a AA2000", "Etiqueta": "VDM - Predio concesionado a AA2000", "Observac": null, "LINK": "RSA", "Ciudad": "Santa Rosa", "Nom_aerop": "Aeropuerto de Santa Rosa", "Provincia": "La Pampa", "Habilitaci": "Cabotaje", "Grupo": "A", "SupHa": 244.67984839900001, "SupKm2": 2.4467984839899999, "SupHaText": "244,7 Ha", "SupKm2Tex": "2,45 Km2" }, "geometry": { "type": "MultiPolygon", "coordinates": [ [ [ [ -64.281070741116324, -36.592777218977417 ], [ -64.281010778558112, -36.59060457477797 ], [ -64.280967402732216, -36.589032902560071 ], [ -64.280928963659889, -36.587640093200541 ], [ -64.28088757324646, -36.586140328970501 ], [ -64.28084149936933, -36.584470842674463 ], [ -64.280799045319128, -36.582932503295723 ], [ -64.280753511329905, -36.581282542490456 ], [ -64.280745781200579, -36.581002433112438 ], [ -64.2774990273642, -36.580988653613964 ], [ -64.27753201142562, -36.576472685095688 ], [ -64.269658220622674, -36.576473049199322 ], [ -64.2696955380584, -36.580984864299474 ], [ -64.269783171533547, -36.589290637549176 ], [ -64.26968339390811, -36.599078680319558 ], [ -64.275081123744457, -36.599014024911092 ], [ -64.27650612863917, -36.599041077103585 ], [ -64.276486717090492, -36.601250423906727 ], [ -64.276507275109608, -36.601362210974344 ], [ -64.276583241738734, -36.601400473093989 ], [ -64.27720895971855, -36.601325157191752 ], [ -64.27896773046163, -36.600978778309987 ], [ -64.279430300752566, -36.600887600385683 ], [ -64.280497198898203, -36.600243926758431 ], [ -64.280793883795667, -36.599776006727041 ], [ -64.281037063406785, -36.599076263589247 ], [ -64.281070741116324, -36.592777218977417 ] ] ] ] } },
{ "type": "Feature", "properties": { "Id": "0", "IATA": "SLA", "Descrip": "Predio concesionado a AA2000", "Etiqueta": "SLA - Predio concesionado a AA2000", "Observac": null, "LINK": "SLA", "Ciudad": "Salta", "Nom_aerop": "Martín Miguel de Güemes", "Provincia": "Salta", "Habilitaci": "Internacional", "Grupo": "A", "SupHa": 811.84457367899995, "SupKm2": 8.1184457367899991, "SupHaText": "811,8 Ha", "SupKm2Tex": "8,12 Km2" }, "geometry": { "type": "MultiPolygon", "coordinates": [ [ [ [ -65.468501170668773, -24.839217064747405 ], [ -65.464024557698224, -24.839832076198448 ], [ -65.464621165355467, -24.841090714688743 ], [ -65.464299713620093, -24.841186687899796 ], [ -65.468344348620789, -24.849712423885968 ], [ -65.479029240017169, -24.872109049466282 ], [ -65.48332278341779, -24.872754521300831 ], [ -65.486646358734603, -24.872454988384771 ], [ -65.488633818903693, -24.881643838948115 ], [ -65.493299904782873, -24.880813236256515 ], [ -65.491367637963506, -24.872230408008896 ], [ -65.491666033976159, -24.872245754937921 ], [ -65.495284462656571, -24.872824095240539 ], [ -65.496767526155267, -24.87316587416699 ], [ -65.495533299184999, -24.857956744952268 ], [ -65.495578871802479, -24.856402006780222 ], [ -65.495516504381172, -24.854123615421507 ], [ -65.494473271408438, -24.85407127077368 ], [ -65.493782003855799, -24.854060640949282 ], [ -65.493181724332899, -24.854037470168866 ], [ -65.492605416654101, -24.854116742177581 ], [ -65.491373381202749, -24.853789071244794 ], [ -65.490646689676495, -24.853719759626387 ], [ -65.489426014323868, -24.853533561405882 ], [ -65.487546256428857, -24.853341853367297 ], [ -65.487395043143053, -24.853015081420647 ], [ -65.487213391997159, -24.852858783250873 ], [ -65.487150584155344, -24.852182873030621 ], [ -65.486748067369561, -24.846785784991898 ], [ -65.486742100045419, -24.846738449882569 ], [ -65.48666675486102, -24.846456441298603 ], [ -65.486694449163778, -24.846378121197358 ], [ -65.486673590347834, -24.845617489029173 ], [ -65.486586099600771, -24.84058108149177 ], [ -65.485578844431004, -24.840404843373356 ], [ -65.484565409022267, -24.840142817481802 ], [ -65.482968365714427, -24.839689224789222 ], [ -65.482376161807196, -24.839588682788452 ], [ -65.476994607992509, -24.839328697686572 ], [ -65.475718957468004, -24.839264233360602 ], [ -65.473573590723589, -24.839164138850947 ], [ -65.470062774599469, -24.838991353701651 ], [ -65.468501170668773, -24.839217064747405 ] ] ] ] } },
{ "type": "Feature", "properties": { "Id": "0", "IATA": "JUJ", "Descrip": "Predio concesionado a AA2000", "Etiqueta": "JUJ - Predio concesionado a AA2000", "Observac": null, "LINK": "JUJ", "Ciudad": "San Salvador de Jujuy", "Nom_aerop": "Gobernador Horacio Guzmán", "Provincia": "Jujuy", "Habilitaci": "Internacional", "Grupo": "A", "SupHa": 724.08870422400003, "SupKm2": 7.2408870422399998, "SupHaText": "724,1 Ha", "SupKm2Tex": "7,24 Km2" }, "geometry": { "type": "MultiPolygon", "coordinates": [ [ [ [ -65.111985549980218, -24.378002295428143 ], [ -65.112854481610682, -24.376846006425669 ], [ -65.112112057681273, -24.375462425799913 ], [ -65.099603237701317, -24.372948194205033 ], [ -65.095203813540877, -24.379959278013079 ], [ -65.092225700876554, -24.384724530436685 ], [ -65.087799410942239, -24.391788563339709 ], [ -65.08316091236108, -24.399190140151607 ], [ -65.073296341775091, -24.414927044911732 ], [ -65.083970190723193, -24.420547613803123 ], [ -65.095476672430948, -24.402236411189623 ], [ -65.10162408774697, -24.395902971551518 ], [ -65.104703733981253, -24.38727960200913 ], [ -65.106539764362282, -24.384862980499253 ], [ -65.110327528216189, -24.380577512429312 ], [ -65.112335816860494, -24.378242737504959 ], [ -65.111985549980218, -24.378002295428143 ] ] ] ] } },
{ "type": "Feature", "properties": { "Id": "0", "IATA": "TUC", "Descrip": "Predio concesionado a AA2000", "Etiqueta": "TUC - Predio concesionado a AA2000", "Observac": null, "LINK": "TUC", "Ciudad": "San Miguel de Tucumán", "Nom_aerop": "Teniente Benjamín Matienzo", "Provincia": "Tucumán", "Habilitaci": "Internacional", "Grupo": "A", "SupHa": 526.08972082299999, "SupKm2": 5.2608972082300003, "SupHaText": "526,1 Ha", "SupKm2Tex": "5,26 Km2" }, "geometry": { "type": "MultiPolygon", "coordinates": [ [ [ [ -65.097693153983514, -26.819285733807074 ], [ -65.098414286803916, -26.822535956516969 ], [ -65.096053111356539, -26.822957650118351 ], [ -65.096787336377119, -26.826244396195889 ], [ -65.097352244829139, -26.826145450343091 ], [ -65.098571736966122, -26.831595518155289 ], [ -65.098755807613827, -26.83175567369339 ], [ -65.099296030235834, -26.834224899472002 ], [ -65.099135325189422, -26.834421189900091 ], [ -65.104423268965363, -26.857263757663848 ], [ -65.104612830813267, -26.858008138958937 ], [ -65.106050344868393, -26.85781463255158 ], [ -65.107342425946896, -26.864654106223391 ], [ -65.111324701623261, -26.864020967176145 ], [ -65.110037368278427, -26.857104386869675 ], [ -65.114517403873435, -26.856192082859494 ], [ -65.110998216174963, -26.841143002660317 ], [ -65.111494400967842, -26.841053454647568 ], [ -65.110690995873981, -26.835275415921036 ], [ -65.113231053144375, -26.834853577123365 ], [ -65.111428558812534, -26.826964108233426 ], [ -65.111422958208692, -26.826914032646584 ], [ -65.110321830663139, -26.822093908331727 ], [ -65.109619400269978, -26.818985153492797 ], [ -65.104070461287421, -26.81993693387486 ], [ -65.103625650300259, -26.818306397717656 ], [ -65.097693153983514, -26.819285733807074 ] ] ] ] } },
{ "type": "Feature", "properties": { "Id": "0", "IATA": "TTG", "Descrip": "Predio administrado por Gob. de la Provincia de Salta", "Etiqueta": "TTG - Predio administrado por Gob. de la Provincia de Salta", "Observac": "No se tiene información oficial sobre la delimitación del predio. Se tomó el predio operativo como la totalidad del predio", "LINK": "TTG", "Ciudad": "Tartagal", "Nom_aerop": "Gral. Enrique Mosconi", "Provincia": "Salta", "Habilitaci": "Cabotaje", "Grupo": "B", "SupHa": 111.446994633, "SupKm2": 1.1144699463300001, "SupHaText": "111,4 Ha", "SupKm2Tex": "1,11 Km2" }, "geometry": { "type": "MultiPolygon", "coordinates": [ [ [ [ -63.789671370419548, -22.602804986918624 ], [ -63.789661238028764, -22.602795295493941 ], [ -63.793400161633102, -22.629765854544999 ], [ -63.796118595715441, -22.629447879251789 ], [ -63.795605581878675, -22.626022739058126 ], [ -63.794905932055563, -22.620328279863159 ], [ -63.799677771060608, -22.619811154658969 ], [ -63.799156825364889, -22.615696694297704 ], [ -63.795931835066305, -22.615996279653576 ], [ -63.795932139541435, -22.615977180084762 ], [ -63.795815521548533, -22.614861216641177 ], [ -63.795916350736348, -22.614843385677254 ], [ -63.795848827209774, -22.614306574767678 ], [ -63.795753062643719, -22.614303140895164 ], [ -63.794086142932919, -22.614466893020051 ], [ -63.793657029660437, -22.61170050117526 ], [ -63.793348458967586, -22.609117252038246 ], [ -63.792370707972559, -22.602635639825358 ], [ -63.789671370419548, -22.602804986918624 ] ] ] ] } },
{ "type": "Feature", "properties": { "Id": "0", "IATA": "BRC", "Descrip": "Predio concesionado a AA2000", "Etiqueta": "BRC - Predio concesionado a AA2000", "Observac": "Se estimó el límite del predio", "LINK": "BRC", "Ciudad": "San Carlos de Bariloche", "Nom_aerop": "Teniente Luis Candelaria", "Provincia": "Río Negro", "Habilitaci": "Internacional", "Grupo": "A", "SupHa": 1810.229987, "SupKm2": 18.10229987, "SupHaText": "1.810,2 Ha", "SupKm2Tex": "18,10 Km2" }, "geometry": { "type": "MultiPolygon", "coordinates": [ [ [ [ -71.166046885551992, -41.125102594010102 ], [ -71.16306929575731, -41.127091798982427 ], [ -71.160212145104126, -41.12898711822838 ], [ -71.159823894323111, -41.129224852521141 ], [ -71.159088265525682, -41.129746216629286 ], [ -71.156225210591998, -41.131663410418952 ], [ -71.153028373171168, -41.13375230235291 ], [ -71.149707407019349, -41.135970922717071 ], [ -71.146724581242964, -41.137935281953823 ], [ -71.146159048903726, -41.138322251646123 ], [ -71.145475076203823, -41.138788560484265 ], [ -71.144775977922777, -41.139249217598731 ], [ -71.144294761942106, -41.139578006310231 ], [ -71.143640822319128, -41.14002710191221 ], [ -71.141645711088074, -41.141345543799297 ], [ -71.140731484238344, -41.14192707213553 ], [ -71.139573040426896, -41.142707199330417 ], [ -71.138842158734619, -41.143203020140156 ], [ -71.138697081388599, -41.143292094084408 ], [ -71.137470985523606, -41.144118041915064 ], [ -71.135888284464599, -41.145174970408377 ], [ -71.132376001704372, -41.147522360858716 ], [ -71.130804643531079, -41.148563852129456 ], [ -71.128062391867971, -41.150397252799081 ], [ -71.127648620319249, -41.15068016049235 ], [ -71.126388127465432, -41.15152718621512 ], [ -71.124599465179685, -41.152650460889916 ], [ -71.119250871848621, -41.156317751939511 ], [ -71.123256164419686, -41.166393283182167 ], [ -71.125022298452905, -41.171486685032953 ], [ -71.144799440486779, -41.168989959459005 ], [ -71.172047209476546, -41.165574723423575 ], [ -71.195316288324292, -41.149714346406476 ], [ -71.192112118307705, -41.14702093402407 ], [ -71.187717637119306, -41.143328704832342 ], [ -71.166046885551992, -41.125102594010102 ] ] ] ] } },
{ "type": "Feature", "properties": { "Id": "0", "IATA": "PMY", "Descrip": "Predio concesionado a AA2000", "Etiqueta": "PMY - Predio concesionado a AA2000", "Observac": null, "LINK": "PMY", "Ciudad": "Puerto Madryn", "Nom_aerop": "El Tehuelche", "Provincia": "Chubut", "Habilitaci": "Cabotaje", "Grupo": "A", "SupHa": 458.308468586, "SupKm2": 4.5830846858600003, "SupHaText": "458,3 Ha", "SupKm2Tex": "4,58 Km2" }, "geometry": { "type": "MultiPolygon", "coordinates": [ [ [ [ -65.10446952449918, -42.767845104498946 ], [ -65.109296246570707, -42.767917417188542 ], [ -65.110560812621316, -42.768101905400442 ], [ -65.11576595366671, -42.768014344518392 ], [ -65.11651006177118, -42.767940327817307 ], [ -65.117185511192289, -42.767708001026946 ], [ -65.117721240516275, -42.767359786403645 ], [ -65.117911400000011, -42.767184500000013 ], [ -65.118106253743278, -42.766902623032038 ], [ -65.118266799999986, -42.766624300000011 ], [ -65.118294819969236, -42.766347782069765 ], [ -65.1182774703055, -42.765910439655471 ], [ -65.118156935924802, -42.765397542682962 ], [ -65.117648857094508, -42.763352732490375 ], [ -65.116967776155576, -42.760611400829006 ], [ -65.11615249447523, -42.757329525528021 ], [ -65.115359777735321, -42.754138077305733 ], [ -65.114513472697354, -42.750730441668843 ], [ -65.113777256701965, -42.747765705981543 ], [ -65.113443487514417, -42.747045420875452 ], [ -65.112878559431579, -42.746463694584207 ], [ -65.112089995565938, -42.74600173596906 ], [ -65.111154251729729, -42.745763136034128 ], [ -65.110232048232604, -42.745723723210013 ], [ -65.107924801734598, -42.745870345776666 ], [ -65.102726512924406, -42.746218259957239 ], [ -65.099275753624696, -42.746449285492126 ], [ -65.097315549640015, -42.746580472584291 ], [ -65.095402211246864, -42.74670849036324 ], [ -65.090724941944885, -42.747940768201083 ], [ -65.08923243227845, -42.748908029923975 ], [ -65.088039707710934, -42.749463314315953 ], [ -65.08694939117234, -42.748935291334611 ], [ -65.084426850072376, -42.749599670288568 ], [ -65.084133995924816, -42.749676800832987 ], [ -65.083764931821875, -42.749694209495829 ], [ -65.083424390516598, -42.749649252584057 ], [ -65.082059009143009, -42.74941148375089 ], [ -65.081344205366022, -42.749240798983386 ], [ -65.085768360852668, -42.75280132583736 ], [ -65.10446952449918, -42.767845104498946 ] ] ] ] } },
{ "type": "Feature", "properties": { "Id": "0", "IATA": "RCU", "Descrip": "Predio concesionado a AA2000", "Etiqueta": "RCU - Predio concesionado a AA2000", "Observac": null, "LINK": "RCU", "Ciudad": "Río Cuarto", "Nom_aerop": "Área Material", "Provincia": "Córdoba", "Habilitaci": "Cabotaje", "Grupo": "B", "SupHa": 189.77283896899999, "SupKm2": 1.8977283896899999, "SupHaText": "189,8 Ha", "SupKm2Tex": "1,90 Km2" }, "geometry": { "type": "MultiPolygon", "coordinates": [ [ [ [ -64.260214310017886, -33.103688107785949 ], [ -64.262287776656663, -33.103684891626386 ], [ -64.262361200863779, -33.095001465870638 ], [ -64.270109922846942, -33.095053868491377 ], [ -64.279968554364558, -33.103656064817713 ], [ -64.282686936004581, -33.103651410149524 ], [ -64.282698839578288, -33.099279132540282 ], [ -64.279815341685548, -33.096864059887423 ], [ -64.279740652472981, -33.095630381289567 ], [ -64.276862252569529, -33.095576764732492 ], [ -64.276856881704035, -33.095008841847545 ], [ -64.275457600053798, -33.095044885985587 ], [ -64.271150919179703, -33.091467326459515 ], [ -64.266684726845398, -33.087651955266509 ], [ -64.262721431576665, -33.084217388086543 ], [ -64.262447547145058, -33.083922721459423 ], [ -64.262474946457132, -33.081693261620202 ], [ -64.257391523992254, -33.081691546607431 ], [ -64.257359899159624, -33.084128692773945 ], [ -64.260449786385408, -33.086789493022053 ], [ -64.260324380223906, -33.096496539858336 ], [ -64.260214310017886, -33.103688107785949 ] ] ] ] } },
{ "type": "Feature", "properties": { "Id": "0", "IATA": "RCU", "Descrip": "Sector militar", "Etiqueta": "RCU - Sector militar", "Observac": null, "LINK": null, "Ciudad": "Río Cuarto", "Nom_aerop": "Área Material", "Provincia": "Córdoba", "Habilitaci": "Cabotaje", "Grupo": "B", "SupHa": 529.84746304299995, "SupKm2": 5.2984746304300003, "SupHaText": "529,8 Ha", "SupKm2Tex": "5,30 Km2" }, "geometry": { "type": "MultiPolygon", "coordinates": [ [ [ [ -64.262361200863779, -33.095001465870638 ], [ -64.262287776656663, -33.103684891626386 ], [ -64.279968554364558, -33.103656064817713 ], [ -64.270109922846942, -33.095053868491377 ], [ -64.262361200863779, -33.095001465870638 ] ] ], [ [ [ -64.257063028522452, -33.077760118330126 ], [ -64.257098425207445, -33.088599494549463 ], [ -64.25714762452472, -33.103692801249927 ], [ -64.260214310017886, -33.103688107785949 ], [ -64.260324380223906, -33.096496539858329 ], [ -64.260449786385408, -33.086789493022053 ], [ -64.257359899159624, -33.084128692773945 ], [ -64.257391523992254, -33.081691546607431 ], [ -64.262474946457132, -33.081693261620202 ], [ -64.262447547145058, -33.083922721459423 ], [ -64.262721431576665, -33.084217388086543 ], [ -64.266684726845398, -33.087651955266509 ], [ -64.271150919179703, -33.091467326459515 ], [ -64.275457600053798, -33.095044885985587 ], [ -64.276856881704035, -33.095008841847545 ], [ -64.276862252569529, -33.095576764732492 ], [ -64.279740652472981, -33.095630381289567 ], [ -64.279815341685548, -33.096864059887423 ], [ -64.282698839578288, -33.099279132540282 ], [ -64.282720322640259, -33.09137785388436 ], [ -64.282738900209637, -33.085339445304456 ], [ -64.277334596101767, -33.08165123368056 ], [ -64.26965846795872, -33.076411682044679 ], [ -64.257102283541542, -33.067865639565468 ], [ -64.256947259736862, -33.068008691189974 ], [ -64.25694936468588, -33.068140582042027 ], [ -64.257063028522452, -33.077760118330126 ] ] ] ] } },
{ "type": "Feature", "properties": { "Id": "0", "IATA": "EPA", "Descrip": "Predio concesionado a AA2000", "Etiqueta": "EPA - Predio concesionado a AA2000", "Observac": "Delimitación del predio concesionado según Plano de Usos del Suelo preliminar ajustado por foto satelital", "LINK": "EPA", "Ciudad": "El Palomar", "Nom_aerop": "Aeropuerto El Palomar", "Provincia": "Buenos Aires", "Habilitaci": "Internacional", "Grupo": "A", "SupHa": 203.54431308900001, "SupKm2": 2.0354431308900001, "SupHaText": "203,5 Ha", "SupKm2Tex": "2,04 Km2" }, "geometry": { "type": "MultiPolygon", "coordinates": [ [ [ [ -58.606624039810626, -34.624835324455461 ], [ -58.608031406149749, -34.624862415547923 ], [ -58.614799481636886, -34.61930488662054 ], [ -58.614781221639603, -34.618833207627311 ], [ -58.615109325435455, -34.618406214634007 ], [ -58.615716555101251, -34.61839443449599 ], [ -58.617322513925117, -34.617171326679227 ], [ -58.618474421464477, -34.615632487222193 ], [ -58.618692428169084, -34.613832027208346 ], [ -58.618971909842813, -34.606309344456768 ], [ -58.619265817447129, -34.60519706071112 ], [ -58.619700971194945, -34.603071445500383 ], [ -58.619436922631309, -34.602093408188239 ], [ -58.619007554541028, -34.600807774958831 ], [ -58.618255079045561, -34.599788398971278 ], [ -58.617884330405708, -34.599298839382406 ], [ -58.617510758416273, -34.598996367835888 ], [ -58.615507007502444, -34.600033852922515 ], [ -58.605981611052762, -34.618294060123283 ], [ -58.602241526704724, -34.620585683265027 ], [ -58.606624039810626, -34.624835324455461 ] ] ] ] } },
{ "type": "Feature", "properties": { "Id": "0", "IATA": "EPA", "Descrip": "Sector militar", "Etiqueta": "EPA - Sector militar", "Observac": null, "LINK": null, "Ciudad": "El Palomar", "Nom_aerop": "Aeropuerto El Palomar", "Provincia": "Buenos Aires", "Habilitaci": "Internacional", "Grupo": "A", "SupHa": 267.701005818, "SupKm2": 2.67701005818, "SupHaText": "267,7 Ha", "SupKm2Tex": "2,68 Km2" }, "geometry": { "type": "MultiPolygon", "coordinates": [ [ [ [ -58.605389403047688, -34.62425015729054 ], [ -58.605924182434819, -34.62501293796425 ], [ -58.606518381753887, -34.625697478752727 ], [ -58.607160117018417, -34.626499362208087 ], [ -58.60751663660983, -34.627007869652147 ], [ -58.607968228092332, -34.627516373979773 ], [ -58.608550543424975, -34.628230230565798 ], [ -58.608562427411364, -34.628308461051063 ], [ -58.60871929603158, -34.628695700867091 ], [ -58.609090076406673, -34.628854116634493 ], [ -58.609204162675944, -34.629012532099416 ], [ -58.609261205810512, -34.629294158845788 ], [ -58.609432335214429, -34.629828073594936 ], [ -58.609767463630355, -34.630291579217236 ], [ -58.610195287140058, -34.630725746691724 ], [ -58.610722936135403, -34.630966297962857 ], [ -58.611186411604194, -34.630749215139154 ], [ -58.611421714534586, -34.630995633436079 ], [ -58.612683793888181, -34.629974752869437 ], [ -58.613448071971092, -34.630675312053569 ], [ -58.615875194024312, -34.628786019794617 ], [ -58.615980095794541, -34.628494901708436 ], [ -58.61635784711769, -34.628356572762918 ], [ -58.617631810457759, -34.627355217560947 ], [ -58.618720006294339, -34.626534196837639 ], [ -58.619221536883956, -34.626019031002023 ], [ -58.619133946336206, -34.625759282728808 ], [ -58.618962816932402, -34.624945657079124 ], [ -58.618620558124604, -34.624085082806459 ], [ -58.618316328073263, -34.623021087730791 ], [ -58.618088155534764, -34.621863195235434 ], [ -58.617936040509072, -34.620955646580477 ], [ -58.61787899737449, -34.620251507166032 ], [ -58.618031112400082, -34.619594304989093 ], [ -58.618563514989965, -34.618514604400637 ], [ -58.619514233900397, -34.616887203060841 ], [ -58.620065650868511, -34.61583876414403 ], [ -58.620407909676253, -34.615259769812525 ], [ -58.620350866541678, -34.615087635583855 ], [ -58.620217765894182, -34.614712068754841 ], [ -58.620027622112076, -34.614414743810158 ], [ -58.620065650868511, -34.613804441903049 ], [ -58.620407909676267, -34.613084592860716 ], [ -58.620978341022585, -34.612286492060541 ], [ -58.621396657343176, -34.61173877138544 ], [ -58.621712719568201, -34.611128032390049 ], [ -58.621773654058963, -34.610654861764182 ], [ -58.62156778674705, -34.610455525938832 ], [ -58.620712139727651, -34.609860844493952 ], [ -58.620293823407039, -34.609344407151845 ], [ -58.620084665246729, -34.608953164602575 ], [ -58.620008607733844, -34.608561920209674 ], [ -58.620008607733872, -34.607810725807198 ], [ -58.619756667222582, -34.606886395243585 ], [ -58.619673479317932, -34.606431562141303 ], [ -58.619649711345154, -34.605839786311009 ], [ -58.619774493202129, -34.60528713234708 ], [ -58.619923043031882, -34.604993686269452 ], [ -58.620006230936632, -34.604624431815026 ], [ -58.619814304556542, -34.603491226105426 ], [ -58.619700971194945, -34.603071445500383 ], [ -58.619265817447129, -34.60519706071112 ], [ -58.618971909842813, -34.606309344456768 ], [ -58.618692428169084, -34.613832027208346 ], [ -58.618474421464477, -34.615632487222193 ], [ -58.617322513925117, -34.617171326679227 ], [ -58.615716555101251, -34.61839443449599 ], [ -58.615109325435455, -34.618406214634007 ], [ -58.614781221639603, -34.618833207627311 ], [ -58.614799481636886, -34.61930488662054 ], [ -58.608031406149749, -34.624862415547923 ], [ -58.606624039810626, -34.624835324455461 ], [ -58.602241526704724, -34.620585683265027 ], [ -58.605981611052762, -34.618294060123283 ], [ -58.615507007502444, -34.600033852922515 ], [ -58.614601988129948, -34.600480354976739 ], [ -58.613617994057591, -34.601061408782328 ], [ -58.612070699030831, -34.601888963244981 ], [ -58.610772967718042, -34.602552174698737 ], [ -58.608534024683898, -34.603673166087468 ], [ -58.607564291395249, -34.604095734830359 ], [ -58.606551775755548, -34.604471349685554 ], [ -58.605603433642358, -34.604700239154816 ], [ -58.603585532754892, -34.604952603735839 ], [ -58.598829561405296, -34.604964341604649 ], [ -58.599601901680245, -34.608112769373456 ], [ -58.602759967591702, -34.614864977211759 ], [ -58.599601869491217, -34.618771466857837 ], [ -58.602418406452472, -34.621335879380098 ], [ -58.602537246316288, -34.621492353277283 ], [ -58.604343612246154, -34.623193987858883 ], [ -58.605270563183872, -34.624181702271784 ], [ -58.605389403047688, -34.62425015729054 ] ] ] ] } },
{ "type": "Feature", "properties": { "Id": "0", "IATA": "RLO", "Descrip": "Estado Provincial", "Etiqueta": "RLO - Estado Provincial", "Observac": null, "LINK": "RLO", "Ciudad": "Valle del Conlara", "Nom_aerop": "Aeropuerto Valle del Conlara", "Provincia": "San Luis", "Habilitaci": "Cabotaje", "Grupo": "B", "SupHa": 407.33004533799999, "SupKm2": 4.0733004533799999, "SupHaText": "407,3 Ha", "SupKm2Tex": "4,07 Km2" }, "geometry": { "type": "MultiPolygon", "coordinates": [ [ [ [ -65.193961769279156, -32.397329093873793 ], [ -65.193918151552964, -32.397182387664657 ], [ -65.189333083489828, -32.381760722830847 ], [ -65.187824085503394, -32.380621167328002 ], [ -65.187401592537697, -32.379721569512469 ], [ -65.187643111627665, -32.378162331568831 ], [ -65.187882288613878, -32.377312193009118 ], [ -65.185168542908741, -32.368793944265292 ], [ -65.175427434176243, -32.369612698632636 ], [ -65.17639694505641, -32.386813775746361 ], [ -65.177079739029239, -32.398927917030221 ], [ -65.193803481120966, -32.39734408465209 ], [ -65.193961769279156, -32.397329093873793 ] ] ] ] } },
{ "type": "Feature", "properties": { "Id": "0", "IATA": "FTE", "Descrip": "Predio concesionado a London Supply S.A.", "Etiqueta": "FTE - Predio concesionado a London Supply S.A.", "Observac": "Fuente PUS ORSNA", "LINK": "FTE", "Ciudad": "El Calafate", "Nom_aerop": "Comandante Armando Tola", "Provincia": "Santa Cruz", "Habilitaci": "Internacional", "Grupo": "B", "SupHa": 217.154576142, "SupKm2": 2.17154576142, "SupHaText": "217,2 Ha", "SupKm2Tex": "2,17 Km2" }, "geometry": { "type": "MultiPolygon", "coordinates": [ [ [ [ -72.071509246296984, -50.28479563301277 ], [ -72.071718366430801, -50.283365868065545 ], [ -72.076031933521136, -50.283624761460935 ], [ -72.076536300371728, -50.280169385645756 ], [ -72.051561890859219, -50.27866794735862 ], [ -72.051662318182863, -50.277983216909057 ], [ -72.041381278050096, -50.277363543544475 ], [ -72.041280664036421, -50.27804855498929 ], [ -72.028708297261417, -50.277289517699501 ], [ -72.028619532385122, -50.277889115866166 ], [ -72.021668575987533, -50.277468868408995 ], [ -72.021292483646931, -50.279140766745762 ], [ -72.028360488998374, -50.279643639454896 ], [ -72.027981696852251, -50.282204909489323 ], [ -72.033541516850406, -50.282540746779311 ], [ -72.033395168088703, -50.283536245251739 ], [ -72.03649676568034, -50.283723477079697 ], [ -72.03664310419218, -50.282727977064283 ], [ -72.046369585583776, -50.283329612249133 ], [ -72.046172297734117, -50.284757672285636 ], [ -72.059493340761392, -50.28555194594508 ], [ -72.060181202035125, -50.284114907005311 ], [ -72.071509246296984, -50.28479563301277 ] ] ] ] } },
{ "type": "Feature", "properties": { "Id": "0", "IATA": "AFA", "Descrip": "Estado Nacional", "Etiqueta": "AFA  -Estado Nacional (aeroclub)", "Observac": null, "LINK": null, "Ciudad": "San Rafael", "Nom_aerop": "S.A. Santiago Germano", "Provincia": "Mendoza", "Habilitaci": "Cabotaje", "Grupo": "A", "SupHa": 0.6780769985, "SupKm2": 0.00678076998, "SupHaText": "0,68 Ha", "SupKm2Tex": "0,007 Km2" }, "geometry": { "type": "MultiPolygon", "coordinates": [ [ [ [ -68.417805574476674, -34.586096336241297 ], [ -68.418524451892523, -34.585850548372889 ], [ -68.418157633832791, -34.585051278041362 ], [ -68.417437503019116, -34.585297091180763 ], [ -68.417805574476674, -34.586096336241297 ] ] ] ] } },
{ "type": "Feature", "properties": { "Id": "0", "IATA": "NQN", "Descrip": "Predio concesionado a Aeropuertos del Neuquén S.A.", "Etiqueta": "NQN - Predio concesionado a Aeropuertos del Neuquén S.A.", "Observac": null, "LINK": "NQN", "Ciudad": "Neuquén", "Nom_aerop": "Presidente Perón", "Provincia": "Neuquén", "Habilitaci": "Internacional", "Grupo": "B", "SupHa": 158.650058586, "SupKm2": 1.5865005858600001, "SupHaText": "158,7 Ha", "SupKm2Tex": "1,59 Km2" }, "geometry": { "type": "MultiPolygon", "coordinates": [ [ [ [ -68.14262279793023, -38.953558692435323 ], [ -68.142862969022289, -38.953988084643399 ], [ -68.143757319236528, -38.953872553182968 ], [ -68.144843781131939, -38.95374120693544 ], [ -68.144736029806154, -38.952927045294317 ], [ -68.145410282319702, -38.952827520426787 ], [ -68.145398761958745, -38.952770239191814 ], [ -68.14463456133555, -38.952869551458832 ], [ -68.14378868969051, -38.952977329054498 ], [ -68.143877900014047, -38.953354893238398 ], [ -68.14262279793023, -38.953558692435323 ] ] ], [ [ [ -68.14262279793023, -38.953558692435323 ], [ -68.142595730642455, -38.953378845387228 ], [ -68.143039441310577, -38.95302939036241 ], [ -68.141981842631083, -38.952284261942005 ], [ -68.141923059807368, -38.951965971251433 ], [ -68.141898021986421, -38.951830398410607 ], [ -68.148487015646438, -38.951787100571849 ], [ -68.148497567427455, -38.951415397727516 ], [ -68.151202043073098, -38.951382667831076 ], [ -68.151204974557146, -38.952186047740341 ], [ -68.152396190364428, -38.952109372577667 ], [ -68.153928087359915, -38.952009435215373 ], [ -68.15569840634835, -38.951890938057289 ], [ -68.157634335822706, -38.951769585545961 ], [ -68.1592204845292, -38.951679641919945 ], [ -68.162025869055242, -38.951497137260894 ], [ -68.16594008240962, -38.951415997640581 ], [ -68.166082850069969, -38.951322722769021 ], [ -68.166558742271192, -38.951315108493915 ], [ -68.174378127028604, -38.951274181764624 ], [ -68.176030662697102, -38.949963717410292 ], [ -68.176016385931064, -38.949952295997385 ], [ -68.176012102901282, -38.949932308524978 ], [ -68.176009247548109, -38.949906610346133 ], [ -68.17479001172866, -38.94919134436774 ], [ -68.174504476407989, -38.949041438324294 ], [ -68.174337438245388, -38.948948639345183 ], [ -68.173812767093594, -38.948607424636982 ], [ -68.173650725799078, -38.948511056466202 ], [ -68.173547933083555, -38.94843182041469 ], [ -68.172812441686645, -38.947491695371255 ], [ -68.171317188390702, -38.947513586412512 ], [ -68.166030977820142, -38.947518345334551 ], [ -68.165847283430438, -38.947455527563982 ], [ -68.165581735582251, -38.947385095518221 ], [ -68.165436112568614, -38.947368915183382 ], [ -68.164715611776046, -38.9473727223209 ], [ -68.161786971170073, -38.947364156261344 ], [ -68.158113083377017, -38.947372722320921 ], [ -68.157275513102931, -38.947377481242988 ], [ -68.156602601530551, -38.947381288380633 ], [ -68.15577359731607, -38.947386999087023 ], [ -68.155568011885109, -38.947570693476671 ], [ -68.153192738216859, -38.94760105963843 ], [ -68.146936405362695, -38.947516040979785 ], [ -68.143785373226436, -38.947579792574977 ], [ -68.138800822474806, -38.947499115199619 ], [ -68.138421510295714, -38.947788813204987 ], [ -68.138065590740609, -38.948070061487449 ], [ -68.138070858031057, -38.948070121537135 ], [ -68.135452770996295, -38.950170358554722 ], [ -68.13583421132158, -38.950425422059041 ], [ -68.136979868927241, -38.950958204092366 ], [ -68.138262078706703, -38.951557521319444 ], [ -68.1386639112918, -38.951769017899366 ], [ -68.138830460134116, -38.951877491085469 ], [ -68.139136088053988, -38.952069448815479 ], [ -68.138782583058244, -38.952378563612818 ], [ -68.138666590194418, -38.952381232772424 ], [ -68.138727736263533, -38.952636904965473 ], [ -68.13865143392934, -38.953246114994435 ], [ -68.138963164418698, -38.953496664619649 ], [ -68.139220558525679, -38.953715315574968 ], [ -68.139862478641405, -38.953702443752341 ], [ -68.139982330446173, -38.95381923874254 ], [ -68.139994205497587, -38.954099352483283 ], [ -68.139990605263293, -38.954397226185655 ], [ -68.14002445985399, -38.954611083196831 ], [ -68.140165277674996, -38.954600918426728 ], [ -68.140593385176814, -38.954558087317373 ], [ -68.141086335332545, -38.954422783781013 ], [ -68.14157104387381, -38.954217097314363 ], [ -68.141877994343687, -38.954020791781389 ], [ -68.142377681154912, -38.953556796885259 ], [ -68.14262279793023, -38.953558692435323 ] ] ] ] } },
{ "type": "Feature", "properties": { "Id": "0", "IATA": "NQN", "Descrip": "No concesionado", "Etiqueta": null, "Observac": null, "LINK": null, "Ciudad": "Neuquén", "Nom_aerop": "Presidente Perón", "Provincia": "Neuquén", "Habilitaci": null, "Grupo": null, "SupHa": 11.7139868292, "SupKm2": 0.11713986829, "SupHaText": "11,7 Ha", "SupKm2Tex": "0,12 Km2" }, "geometry": { "type": "MultiPolygon", "coordinates": [ [ [ [ -68.144736029806154, -38.952927045294317 ], [ -68.144843781131939, -38.95374120693544 ], [ -68.145928815350644, -38.953602722304922 ], [ -68.14624861490978, -38.95362413745395 ], [ -68.146494175285639, -38.953534193827934 ], [ -68.146890657530022, -38.953486396290863 ], [ -68.147731970900793, -38.953378577078176 ], [ -68.148182164922929, -38.95314134481599 ], [ -68.148361814228821, -38.952996197694659 ], [ -68.14856145100741, -38.952813217143159 ], [ -68.149222465274732, -38.952402046281321 ], [ -68.149550830893673, -38.952292115182892 ], [ -68.149894143173498, -38.952270123772571 ], [ -68.151204974557146, -38.952186047740341 ], [ -68.151202043073098, -38.951382667831076 ], [ -68.148497567427455, -38.951415397727516 ], [ -68.148487015646438, -38.951787100571849 ], [ -68.141898021986421, -38.951830398410607 ], [ -68.141923059807368, -38.951965971251433 ], [ -68.141981842631083, -38.952284261942005 ], [ -68.143039441310577, -38.95302939036241 ], [ -68.142595730642455, -38.953378845387228 ], [ -68.14262279793023, -38.953558692435323 ], [ -68.143877900014047, -38.953354893238426 ], [ -68.14378868969051, -38.952977329054498 ], [ -68.14463456133555, -38.952869551458832 ], [ -68.145398761958745, -38.952770239191814 ], [ -68.145410282319702, -38.952827520426787 ], [ -68.144736029806154, -38.952927045294317 ] ] ] ] } },
{ "type": "Feature", "properties": { "Id": "0", "IATA": "NQN", "Descrip": "No concesionado", "Etiqueta": null, "Observac": null, "LINK": null, "Ciudad": "Neuquén", "Nom_aerop": "Presidente Perón", "Provincia": "Neuquén", "Habilitaci": null, "Grupo": null, "SupHa": 24.681561654700001, "SupKm2": 0.24681561655000001, "SupHaText": "24,7 Ha", "SupKm2Tex": "0,25 Km2" }, "geometry": { "type": "MultiPolygon", "coordinates": [ [ [ [ -68.143534108286232, -38.943883782901807 ], [ -68.138820575429193, -38.947484028868033 ], [ -68.153131219009623, -38.947578122324629 ], [ -68.146946017676143, -38.945271742251414 ], [ -68.144926848954924, -38.944452942692607 ], [ -68.143534108286232, -38.943883782901807 ] ] ] ] } },
{ "type": "Feature", "properties": { "Id": "0", "IATA": "NQN", "Descrip": "No concesionado", "Etiqueta": null, "Observac": null, "LINK": null, "Ciudad": "Neuquén", "Nom_aerop": "Presidente Perón", "Provincia": "Neuquén", "Habilitaci": null, "Grupo": null, "SupHa": 9.7859945842599991, "SupKm2": 0.09785994584, "SupHaText": "9,8 Ha", "SupKm2Tex": "0,10 Km2" }, "geometry": { "type": "MultiPolygon", "coordinates": [ [ [ [ -68.133171945321493, -38.952053318414762 ], [ -68.136052015527497, -38.953864311991502 ], [ -68.136329935400553, -38.953598258873278 ], [ -68.137083225776763, -38.952513516215937 ], [ -68.138358861721983, -38.952397823056238 ], [ -68.138666590194418, -38.952381232772424 ], [ -68.138782583058244, -38.952378563612818 ], [ -68.139136088053988, -38.952069448815479 ], [ -68.138830460134116, -38.951877491085469 ], [ -68.1386639112918, -38.951769017899366 ], [ -68.138262078706703, -38.951557521319444 ], [ -68.137573341542037, -38.951235601913986 ], [ -68.13583421132158, -38.950425422059041 ], [ -68.135452770996295, -38.950170358554722 ], [ -68.133171945321493, -38.952053318414762 ] ] ] ] } },
{ "type": "Feature", "properties": { "Id": "0", "IATA": "RES", "Descrip": "Estado Nacional", "Etiqueta": "RES - Estado Nacional", "Observac": null, "LINK": null, "Ciudad": "Resistencia", "Nom_aerop": "José de San Martín", "Provincia": "Chaco", "Habilitaci": "Internacional", "Grupo": "A", "SupHa": 27.093990480399999, "SupKm2": 0.2709399048, "SupHaText": "27,1 Ha", "SupKm2Tex": "0,27 Km2" }, "geometry": { "type": "MultiPolygon", "coordinates": [ [ [ [ -59.066958564594813, -27.461452013834279 ], [ -59.068998941722697, -27.466236535840231 ], [ -59.074003788208458, -27.465989075877793 ], [ -59.071963196901173, -27.461204621789815 ], [ -59.066958564594813, -27.461452013834279 ] ] ] ] } },
{ "type": "Feature", "properties": { "Id": "0", "IATA": "RES", "Descrip": "Estado Nacional", "Etiqueta": "RES - Estado Nacional", "Observac": null, "LINK": null, "Ciudad": "Resistencia", "Nom_aerop": "José de San Martín", "Provincia": "Chaco", "Habilitaci": "Internacional", "Grupo": "A", "SupHa": 24.138314815400001, "SupKm2": 0.24138314815, "SupHaText": "24,1 Ha", "SupKm2Tex": "0,24 Km2" }, "geometry": { "type": "MultiPolygon", "coordinates": [ [ [ [ -59.049632801771686, -27.448865204907147 ], [ -59.049532507474659, -27.448972520966109 ], [ -59.049426916551916, -27.449075713925755 ], [ -59.049316241703096, -27.449174575903481 ], [ -59.049200705871336, -27.449268907741047 ], [ -59.048609863116972, -27.449860212260603 ], [ -59.048261803155647, -27.449552877192765 ], [ -59.047257872259166, -27.450443309606815 ], [ -59.047601736376151, -27.450768919131761 ], [ -59.046778755282489, -27.451552244990037 ], [ -59.047230419713095, -27.45198447470835 ], [ -59.048242867123513, -27.452953340108206 ], [ -59.048741961893434, -27.453430941934954 ], [ -59.049629447415022, -27.452688930443628 ], [ -59.049986675992102, -27.453027175395917 ], [ -59.050639620047363, -27.452455569421101 ], [ -59.051122633183326, -27.451866675659502 ], [ -59.053368482013319, -27.451126893669731 ], [ -59.053690425823753, -27.450579718099423 ], [ -59.05273660519056, -27.448347198636199 ], [ -59.050970507966625, -27.448947748163615 ], [ -59.051560692901042, -27.448297505602454 ], [ -59.05102340321551, -27.447026885404917 ], [ -59.049937231002865, -27.447396223992069 ], [ -59.050106694978709, -27.447856930189008 ], [ -59.050048148567832, -27.448274610565118 ], [ -59.049977140611944, -27.448399148763095 ], [ -59.049899940408579, -27.448520718912501 ], [ -59.049816703456003, -27.448639076113203 ], [ -59.049727597415192, -27.448753981936871 ], [ -59.049632801771686, -27.448865204907147 ] ] ] ] } },
{ "type": "Feature", "properties": { "Id": "0", "IATA": "RES", "Descrip": "Estado Nacional", "Etiqueta": "RES - Estado Nacional", "Observac": null, "LINK": null, "Ciudad": "Resistencia", "Nom_aerop": "José de San Martín", "Provincia": "Chaco", "Habilitaci": "Internacional", "Grupo": "A", "SupHa": 1.187389141, "SupKm2": 0.01187389141, "SupHaText": "1,2 Ha", "SupKm2Tex": "0,012 Km2" }, "geometry": { "type": "MultiPolygon", "coordinates": [ [ [ [ -59.04507902217442, -27.447406823927441 ], [ -59.045800152818408, -27.448045145128507 ], [ -59.046631702334757, -27.447293886517183 ], [ -59.04591229251379, -27.446657092931314 ], [ -59.04507902217442, -27.447406823927441 ] ] ] ] } },
{ "type": "Feature", "properties": { "Id": "0", "IATA": "RES", "Descrip": "Estado Nacional", "Etiqueta": "RES - Estado Nacional", "Observac": null, "LINK": null, "Ciudad": "Resistencia", "Nom_aerop": "José de San Martín", "Provincia": "Chaco", "Habilitaci": "Internacional", "Grupo": "A", "SupHa": 89.321044010600005, "SupKm2": 0.89321044010999995, "SupHaText": "89,3 Ha", "SupKm2Tex": "0,89 Km2" }, "geometry": { "type": "MultiPolygon", "coordinates": [ [ [ [ -59.035500556884628, -27.434675686804102 ], [ -59.039360178320997, -27.442356656448752 ], [ -59.042349636513826, -27.442695328337404 ], [ -59.045686929110204, -27.442091387460358 ], [ -59.046606951648997, -27.441972165928934 ], [ -59.047244324544394, -27.441887052737798 ], [ -59.046212908822568, -27.438642739351916 ], [ -59.044506264778718, -27.435694534437832 ], [ -59.045178443016297, -27.431385191960498 ], [ -59.035500556884628, -27.434675686804102 ] ] ] ] } }
]
}
