A¤oMes;CityPair_IATA;Aerolinea Nombre;Clasificaci¢n Vuelo;Av. General;Comercial;TotalPasajeros
2025-01;3005 - FDO;(en blanco);Internacional;1;;1
2025-01;3017 - SLA;(en blanco);Internacional;;628;628
2025-01;AEP - AFA;Aerol¡neas Argentinas;Cabotaje;;5035;5035
2025-01;AEP - AFA;N/A;Cabotaje;;1;1
2025-01;AEP - AFA;(en blanco);Cabotaje;;89;89
2025-01;AEP - AGT;Aerol¡neas Argentinas;Internacional;;118;118
2025-01;AEP - AGT;(en blanco);Internacional;;2;2
2025-01;AEP - AR-0083;(en blanco);Cabotaje;;1;1
2025-01;AEP - AR-0382;N/A;Cabotaje;;3;3
2025-01;AEP - AR-0385;N/A;Cabotaje;;7;7
2025-01;AEP - ASU;Aerol¡neas Argentinas;Internacional;;7546;7546
2025-01;AEP - ASU;Amaszonas;Internacional;;1382;1382
2025-01;AEP - ASU;Fuerza A‚rea Paraguaya;Internacional;12;;12
2025-01;AEP - ASU;JetSMART Airlines;Internacional;;3690;3690
2025-01;AEP - ASU;(en blanco);Internacional;;2;2
2025-01;AEP - BHI;Aerol¡neas Argentinas;Cabotaje;;15550;15550
2025-01;AEP - BHI;N/A;Cabotaje;;1;1
2025-01;AEP - BHI;(en blanco);Cabotaje;1;;1
2025-01;AEP - BOG;Aerol¡neas Argentinas;Internacional;;5684;5684
2025-01;AEP - BOG;Avianca;Internacional;;3666;3666
2025-01;AEP - BPS;Aerol¡neas Argentinas;Internacional;;2709;2709
2025-01;AEP - BRC;Aerol¡neas Argentinas;Cabotaje;;83179;83179
2025-01;AEP - BRC;Andes L¡neas A‚reas;Cabotaje;;93;93
2025-01;AEP - BRC;Flybondi;Cabotaje;;13076;13076
2025-01;AEP - BRC;JetSMART Airlines;Cabotaje;;36528;36528
2025-01;AEP - BRC;N/A;Cabotaje;7;8;15
2025-01;AEP - BRC;(en blanco);Cabotaje;1;88;89
2025-01;AEP - BSB;Aerol¡neas Argentinas;Internacional;;1116;1116
2025-01;AEP - CNF;Gol Transportes A‚reos;Internacional;;171;171
2025-01;AEP - CNQ;Aerol¡neas Argentinas;Cabotaje;;5818;5818
2025-01;AEP - CNQ;Flybondi;Cabotaje;;11968;11968
2025-01;AEP - CNQ;N/A;Cabotaje;;6;6
2025-01;AEP - CNQ;(en blanco);Cabotaje;20;2;22
2025-01;AEP - COR;Aerol¡neas Argentinas;Cabotaje;;54769;54769
2025-01;AEP - COR;American Jet;Cabotaje;;49;49
2025-01;AEP - COR;Flybondi;Cabotaje;;22541;22541
2025-01;AEP - COR;JetSMART Airlines;Cabotaje;;26812;26812
2025-01;AEP - COR;N/A;Cabotaje;;4;4
2025-01;AEP - COR;(en blanco);Cabotaje;;5;5
2025-01;AEP - CPC;Aerol¡neas Argentinas;Cabotaje;;19666;19666
2025-01;AEP - CPC;JetSMART Airlines;Cabotaje;;13520;13520
2025-01;AEP - CPC;N/A;Cabotaje;6;92;98
2025-01;AEP - CPC;(en blanco);Cabotaje;4;12;16
2025-01;AEP - CRD;Aerol¡neas Argentinas;Cabotaje;;24489;24489
2025-01;AEP - CRD;Flybondi;Cabotaje;;5378;5378
2025-01;AEP - CRD;JetSMART Airlines;Cabotaje;;4790;4790
2025-01;AEP - CRD;N/A;Cabotaje;;5;5
2025-01;AEP - CSZ;N/A;Cabotaje;;3;3
2025-01;AEP - CTC;Aerol¡neas Argentinas;Cabotaje;;4704;4704
2025-01;AEP - CTC;(en blanco);Cabotaje;2;12;14
2025-01;AEP - CTG;N/A;Internacional;;7;7
2025-01;AEP - CWB;Aerol¡neas Argentinas;Internacional;;5159;5159
2025-01;AEP - EQS;Aerol¡neas Argentinas;Cabotaje;;8276;8276
2025-01;AEP - EQS;N/A;Cabotaje;;7;7
2025-01;AEP - EQS;(en blanco);Cabotaje;;6;6
2025-01;AEP - EWR;N/A;Internacional;2;;2
2025-01;AEP - EZE;Aerol¡neas Argentinas;Cabotaje;;40;40
2025-01;AEP - EZE;N/A;Cabotaje;;3;3
2025-01;AEP - FDO;American Jet;Cabotaje;;19;19
2025-01;AEP - FDO;N/A;Cabotaje;;5;5
2025-01;AEP - FDO;(en blanco);Cabotaje;3;1;4
2025-01;AEP - FLN;Aerol¡neas Argentinas;Internacional;;25573;25573
2025-01;AEP - FLN;Flybondi;Internacional;;11070;11070
2025-01;AEP - FLN;Gol Transportes A‚reos;Internacional;;9327;9327
2025-01;AEP - FLN;JetSMART Airlines;Internacional;;13399;13399
2025-01;AEP - FMA;Aerol¡neas Argentinas;Cabotaje;;5974;5974
2025-01;AEP - FMA;N/A;Cabotaje;;9;9
2025-01;AEP - FTE;Aerol¡neas Argentinas;Cabotaje;;39607;39607
2025-01;AEP - FTE;American Jet;Cabotaje;;23;23
2025-01;AEP - FTE;Flybondi;Cabotaje;;2908;2908
2025-01;AEP - FTE;JetSMART Airlines;Cabotaje;;2693;2693
2025-01;AEP - FTE;N/A;Cabotaje;;7;7
2025-01;AEP - FTE;(en blanco);Cabotaje;;5;5
2025-01;AEP - GIG;Aerol¡neas Argentinas;Internacional;;45350;45350
2025-01;AEP - GIG;Flybondi;Internacional;;8597;8597
2025-01;AEP - GIG;Gol Transportes A‚reos;Internacional;;167;167
2025-01;AEP - GIG;JetSMART Airlines;Internacional;;8936;8936
2025-01;AEP - GPO;American Jet;Cabotaje;;1;1
2025-01;AEP - GPO;N/A;Cabotaje;;2;2
2025-01;AEP - GRU;Aerol¡neas Argentinas;Internacional;;27118;27118
2025-01;AEP - GRU;Flybondi;Internacional;;7425;7425
2025-01;AEP - GRU;Gol Transportes A‚reos;Internacional;;36191;36191
2025-01;AEP - GRU;TAM Linhas A‚reas;Internacional;;43430;43430
2025-01;AEP - IGR;Aerol¡neas Argentinas;Cabotaje;;47735;47735
2025-01;AEP - IGR;Flybondi;Cabotaje;;17480;17480
2025-01;AEP - IGR;JetSMART Airlines;Cabotaje;;28606;28606
2025-01;AEP - IGR;N/A;Cabotaje;;3;3
2025-01;AEP - IGU;N/A;Internacional;13;;13
2025-01;AEP - IRJ;Aerol¡neas Argentinas;Cabotaje;;4384;4384
2025-01;AEP - JUJ;Aerol¡neas Argentinas;Cabotaje;;16118;16118
2025-01;AEP - JUJ;Flybondi;Cabotaje;;8655;8655
2025-01;AEP - JUJ;N/A;Cabotaje;;13;13
2025-01;AEP - LIM;Aerol¡neas Argentinas;Internacional;;7832;7832
2025-01;AEP - LIM;JetSMART Airlines;Internacional;;9573;9573
2025-01;AEP - LIM;LATAM Per£;Internacional;;18374;18374
2025-01;AEP - LIM;N/A;Internacional;;2;2
2025-01;AEP - LIM;Sky Airline;Internacional;;3500;3500
2025-01;AEP - LUQ;Aerol¡neas Argentinas;Cabotaje;;4494;4494
2025-01;AEP - LUQ;(en blanco);Cabotaje;5;4;9
2025-01;AEP - MAD;N/A;Internacional;;3;3
2025-01;AEP - MDQ;Aerol¡neas Argentinas;Cabotaje;;30628;30628
2025-01;AEP - MDQ;JetSMART Airlines;Cabotaje;;169;169
2025-01;AEP - MDQ;LADE - L¡neas A‚reas Del Estado;Cabotaje;45;9;54
2025-01;AEP - MDQ;N/A;Cabotaje;;68;68
2025-01;AEP - MDQ;(en blanco);Cabotaje;81;50;131
2025-01;AEP - MDZ;Aerol¡neas Argentinas;Cabotaje;;42335;42335
2025-01;AEP - MDZ;Ej‚rcito Argentino;Cabotaje;9;;9
2025-01;AEP - MDZ;Flybondi;Cabotaje;;29048;29048
2025-01;AEP - MDZ;JetSMART Airlines;Cabotaje;;29974;29974
2025-01;AEP - MDZ;N/A;Cabotaje;;19;19
2025-01;AEP - MDZ;(en blanco);Cabotaje;2;7;9
2025-01;AEP - MVD;Aerol¡neas Argentinas;Internacional;;11912;11912
2025-01;AEP - MVD;(en blanco);Internacional;;9;9
2025-01;AEP - NAT;Gol Transportes A‚reos;Internacional;;1291;1291
2025-01;AEP - NQN;Aerol¡neas Argentinas;Cabotaje;;32174;32174
2025-01;AEP - NQN;American Jet;Cabotaje;;4;4
2025-01;AEP - NQN;Flybondi;Cabotaje;;12142;12142
2025-01;AEP - NQN;JetSMART Airlines;Cabotaje;;22112;22112
2025-01;AEP - NQN;N/A;Cabotaje;;10;10
2025-01;AEP - NQN;(en blanco);Cabotaje;3;6;9
2025-01;AEP - OPF;N/A;Internacional;2;;2
2025-01;AEP - PDP;Aerol¡neas Argentinas;Internacional;;22290;22290
2025-01;AEP - PDP;N/A;Internacional;12;325;337
2025-01;AEP - PDP;(en blanco);Internacional;12;70;82
2025-01;AEP - PMQ;American Jet;Cabotaje;;40;40
2025-01;AEP - PMY;Aerol¡neas Argentinas;Cabotaje;;6096;6096
2025-01;AEP - PMY;Flybondi;Cabotaje;;6174;6174
2025-01;AEP - PMY;JetSMART Airlines;Cabotaje;;68;68
2025-01;AEP - PNT;N/A;Internacional;;12;12
2025-01;AEP - POA;American Jet;Internacional;;45;45
2025-01;AEP - PRA;Aerol¡neas Argentinas;Cabotaje;;3263;3263
2025-01;AEP - PRA;Flybondi;Cabotaje;;71;71
2025-01;AEP - PRA;N/A;Cabotaje;;9;9
2025-01;AEP - PRA;(en blanco);Cabotaje;5;3;8
2025-01;AEP - PSS;Aerol¡neas Argentinas;Cabotaje;;11419;11419
2025-01;AEP - PSS;Flybondi;Cabotaje;;13434;13434
2025-01;AEP - PSS;N/A;Cabotaje;1;3;4
2025-01;AEP - PSS;(en blanco);Cabotaje;3;44;47
2025-01;AEP - RAF;(en blanco);Cabotaje;3;;3
2025-01;AEP - RCQ;N/A;Cabotaje;;5;5
2025-01;AEP - RCU;Aerol¡neas Argentinas;Cabotaje;;438;438
2025-01;AEP - REC;Gol Transportes A‚reos;Internacional;;838;838
2025-01;AEP - REL;Aerol¡neas Argentinas;Cabotaje;;18318;18318
2025-01;AEP - REL;Flybondi;Cabotaje;;43;43
2025-01;AEP - REL;N/A;Cabotaje;4;8;12
2025-01;AEP - RES;Aerol¡neas Argentinas;Cabotaje;;10465;10465
2025-01;AEP - RES;N/A;Cabotaje;;7;7
2025-01;AEP - RES;(en blanco);Cabotaje;9;52;61
2025-01;AEP - RGA;Aerol¡neas Argentinas;Cabotaje;;13250;13250
2025-01;AEP - RGA;Flybondi;Cabotaje;;95;95
2025-01;AEP - RGL;Aerol¡neas Argentinas;Cabotaje;;11164;11164
2025-01;AEP - RGL;(en blanco);Cabotaje;;4;4
2025-01;AEP - RHD;Aerol¡neas Argentinas;Cabotaje;;1313;1313
2025-01;AEP - RLO;Aerol¡neas Argentinas;Cabotaje;;790;790
2025-01;AEP - ROS;Aerol¡neas Argentinas;Cabotaje;;11300;11300
2025-01;AEP - ROS;American Jet;Cabotaje;;46;46
2025-01;AEP - ROS;N/A;Cabotaje;;1;1
2025-01;AEP - ROS;(en blanco);Cabotaje;16;9;25
2025-01;AEP - RSA;Aerol¡neas Argentinas;Cabotaje;;3166;3166
2025-01;AEP - RSA;(en blanco);Cabotaje;5;4;9
2025-01;AEP - SA40;(en blanco);Cabotaje;;3;3
2025-01;AEP - SCL;Aerol¡neas Argentinas;Internacional;;18964;18964
2025-01;AEP - SCL;American Jet;Internacional;;4;4
2025-01;AEP - SCL;JetSMART Airlines;Internacional;;21018;21018
2025-01;AEP - SCL;LATAM;Internacional;;36278;36278
2025-01;AEP - SCL;LATAM Per£;Internacional;;491;491
2025-01;AEP - SCL;N/A;Internacional;;5;5
2025-01;AEP - SCL;Sky Airline;Internacional;;19738;19738
2025-01;AEP - SDE;Aerol¡neas Argentinas;Cabotaje;;7260;7260
2025-01;AEP - SDE;Flybondi;Cabotaje;;8245;8245
2025-01;AEP - SDE;JetSMART Airlines;Cabotaje;;79;79
2025-01;AEP - SDE;(en blanco);Cabotaje;11;5;16
2025-01;AEP - SFN;Aerol¡neas Argentinas;Cabotaje;;4566;4566
2025-01;AEP - SFN;(en blanco);Cabotaje;1;1;2
2025-01;AEP - SID;N/A;Internacional;;7;7
2025-01;AEP - SJC;N/A;Internacional;12;;12
2025-01;AEP - SLA;Aerol¡neas Argentinas;Cabotaje;;38588;38588
2025-01;AEP - SLA;Flybondi;Cabotaje;;6790;6790
2025-01;AEP - SLA;JetSMART Airlines;Cabotaje;;16806;16806
2025-01;AEP - SLA;N/A;Cabotaje;3;16;19
2025-01;AEP - SLA;(en blanco);Cabotaje;3;21;24
2025-01;AEP - SSA;Aerol¡neas Argentinas;Internacional;;12183;12183
2025-01;AEP - SSA;Gol Transportes A‚reos;Internacional;;1465;1465
2025-01;AEP - SUAA;N/A;Internacional;;5;5
2025-01;AEP - SXM;N/A;Internacional;;4;4
2025-01;AEP - TDL;Fuerza A‚rea Argentina;Cabotaje;10;;10
2025-01;AEP - TDL;(en blanco);Cabotaje;6;;6
2025-01;AEP - TUC;Aerol¡neas Argentinas;Cabotaje;;26429;26429
2025-01;AEP - TUC;Flybondi;Cabotaje;;13240;13240
2025-01;AEP - TUC;JetSMART Airlines;Cabotaje;;9274;9274
2025-01;AEP - TUC;N/A;Cabotaje;6;12;18
2025-01;AEP - TUC;(en blanco);Cabotaje;17;8;25
2025-01;AEP - UAQ;Aerol¡neas Argentinas;Cabotaje;;9992;9992
2025-01;AEP - UAQ;Flybondi;Cabotaje;;5033;5033
2025-01;AEP - UAQ;N/A;Cabotaje;;2;2
2025-01;AEP - UAQ;(en blanco);Cabotaje;3;;3
2025-01;AEP - ULA;(en blanco);Cabotaje;;2;2
2025-01;AEP - USH;Aerol¡neas Argentinas;Cabotaje;;42741;42741
2025-01;AEP - USH;Flybondi;Cabotaje;;2080;2080
2025-01;AEP - USH;Fuerza A‚rea Argentina;Cabotaje;10;;10
2025-01;AEP - USH;JetSMART Airlines;Cabotaje;;4806;4806
2025-01;AEP - USH;N/A;Cabotaje;1;21;22
2025-01;AEP - USH;(en blanco);Cabotaje;13;;13
2025-01;AEP - VDM;Aerol¡neas Argentinas;Cabotaje;;3066;3066
2025-01;AEP - VDM;Flybondi;Cabotaje;;81;81
2025-01;AEP - VDM;N/A;Cabotaje;;1;1
2025-01;AEP - VLG;N/A;Cabotaje;;1;1
2025-01;AEP - VLG;(en blanco);Cabotaje;4;6;10
2025-01;AEP - VVI;Aerol¡neas Argentinas;Internacional;;3142;3142
2025-01;AFA - FDO;(en blanco);Cabotaje;3;;3
2025-01;AFA - GPO;(en blanco);Cabotaje;2;;2
2025-01;AFA - MDZ;(en blanco);Cabotaje;1;;1
2025-01;AFA - RSA;(en blanco);Cabotaje;2;;2
2025-01;AMS - EZE;Air Canada;Internacional;;289;289
2025-01;AMS - EZE;KLM;Internacional;;14089;14089
2025-01;APZ - COR;(en blanco);Cabotaje;2;;2
2025-01;APZ - NQN;(en blanco);Cabotaje;2;;2
2025-01;APZ - SLA;(en blanco);Cabotaje;2;;2
2025-01;AQP - TUC;Sirio;Internacional;12;;12
2025-01;AR-0005 - FDO;(en blanco);Cabotaje;1;;1
2025-01;AR-0005 - ROS;(en blanco);Cabotaje;2;;2
2025-01;AR-0008 - PSS;(en blanco);Cabotaje;1;;1
2025-01;AR-0009 - CNQ;(en blanco);Cabotaje;5;;5
2025-01;AR-0009 - COR;(en blanco);Cabotaje;;1;1
2025-01;AR-0009 - FDO;(en blanco);Cabotaje;1;1;2
2025-01;AR-0009 - LGS;(en blanco);Cabotaje;2;;2
2025-01;AR-0009 - RES;(en blanco);Cabotaje;2;;2
2025-01;AR-0010 - GPO;(en blanco);Cabotaje;3;;3
2025-01;AR-0014 - FDO;(en blanco);Cabotaje;2;;2
2025-01;AR-0014 - FMA;(en blanco);Cabotaje;1;;1
2025-01;AR-0019 - CRD;(en blanco);Cabotaje;2;;2
2025-01;AR-0019 - EQS;(en blanco);Cabotaje;9;;9
2025-01;AR-0019 - USH;(en blanco);Cabotaje;1;;1
2025-01;AR-0023 - MDQ;N/A;Cabotaje;;2;2
2025-01;AR-0028 - MDZ;N/A;Cabotaje;2;;2
2025-01;AR-0031 - FDO;(en blanco);Cabotaje;1;;1
2025-01;AR-0035 - CPC;(en blanco);Cabotaje;1;;1
2025-01;AR-0035 - NQN;N/A;Cabotaje;1;;1
2025-01;AR-0036 - COR;(en blanco);Cabotaje;1;;1
2025-01;AR-0044 - CTC;(en blanco);Cabotaje;1;;1
2025-01;AR-0044 - SFN;(en blanco);Cabotaje;1;;1
2025-01;AR-0049 - COR;(en blanco);Cabotaje;3;;3
2025-01;AR-0052 - BRC;(en blanco);Cabotaje;4;;4
2025-01;AR-0052 - CNQ;(en blanco);Cabotaje;1;;1
2025-01;AR-0052 - FDO;(en blanco);Cabotaje;3;;3
2025-01;AR-0052 - PSS;(en blanco);Cabotaje;2;;2
2025-01;AR-0052 - ROS;N/A;Cabotaje;1;;1
2025-01;AR-0053 - FDO;(en blanco);Cabotaje;;1;1
2025-01;AR-0061 - FDO;(en blanco);Cabotaje;3;;3
2025-01;AR-0069 - EZE;(en blanco);Cabotaje;;1;1
2025-01;AR-0077 - FDO;(en blanco);Cabotaje;;1;1
2025-01;AR-0077 - ROS;(en blanco);Cabotaje;1;;1
2025-01;AR-0081 - FDO;(en blanco);Cabotaje;1;;1
2025-01;AR-0083 - FDO;(en blanco);Cabotaje;6;;6
2025-01;AR-0083 - RSA;(en blanco);Cabotaje;1;;1
2025-01;AR-0085 - GPO;(en blanco);Cabotaje;2;;2
2025-01;AR-0086 - PRA;(en blanco);Cabotaje;1;;1
2025-01;AR-0101 - FDO;(en blanco);Cabotaje;1;;1
2025-01;AR-0102 - BRC;(en blanco);Cabotaje;1;;1
2025-01;AR-0110 - CNQ;(en blanco);Cabotaje;1;;1
2025-01;AR-0110 - PRA;(en blanco);Cabotaje;1;;1
2025-01;AR-0114 - FDO;(en blanco);Cabotaje;2;;2
2025-01;AR-0123 - ROS;(en blanco);Cabotaje;1;;1
2025-01;AR-0138 - RSA;(en blanco);Cabotaje;1;1;2
2025-01;AR-0141 - BHI;(en blanco);Cabotaje;1;;1
2025-01;AR-0141 - EZE;(en blanco);Cabotaje;;1;1
2025-01;AR-0141 - MDQ;(en blanco);Cabotaje;1;;1
2025-01;AR-0141 - SFN;(en blanco);Cabotaje;1;;1
2025-01;AR-0152 - NQN;(en blanco);Cabotaje;1;;1
2025-01;AR-0173 - SDE;(en blanco);Cabotaje;3;;3
2025-01;AR-0175 - BHI;(en blanco);Cabotaje;1;;1
2025-01;AR-0175 - EPA;(en blanco);Cabotaje;;1;1
2025-01;AR-0175 - FDO;(en blanco);Cabotaje;2;;2
2025-01;AR-0181 - CNQ;(en blanco);Cabotaje;2;;2
2025-01;AR-0184 - ROS;(en blanco);Cabotaje;3;;3
2025-01;AR-0194 - SLA;(en blanco);Cabotaje;2;1;3
2025-01;AR-0199 - COR;(en blanco);Cabotaje;8;;8
2025-01;AR-0199 - RCU;(en blanco);Cabotaje;1;;1
2025-01;AR-0211 - FDO;(en blanco);Cabotaje;1;;1
2025-01;AR-0211 - MDZ;(en blanco);Cabotaje;1;;1
2025-01;AR-0211 - SLA;(en blanco);Cabotaje;3;;3
2025-01;AR-0212 - FDO;(en blanco);Cabotaje;3;;3
2025-01;AR-0216 - FDO;(en blanco);Cabotaje;1;;1
2025-01;AR-0216 - PRA;(en blanco);Cabotaje;1;;1
2025-01;AR-0236 - BRC;(en blanco);Cabotaje;9;;9
2025-01;AR-0238 - CPC;(en blanco);Cabotaje;;1;1
2025-01;AR-0238 - EQS;(en blanco);Cabotaje;2;;2
2025-01;AR-0238 - FDO;(en blanco);Cabotaje;1;;1
2025-01;AR-0238 - NQN;(en blanco);Cabotaje;1;;1
2025-01;AR-0242 - FDO;(en blanco);Cabotaje;1;;1
2025-01;AR-0252 - FDO;(en blanco);Cabotaje;2;;2
2025-01;AR-0253 - COR;(en blanco);Cabotaje;2;;2
2025-01;AR-0257 - FDO;(en blanco);Cabotaje;1;;1
2025-01;AR-0260 - RGL;(en blanco);Cabotaje;2;;2
2025-01;AR-0262 - FDO;N/A;Cabotaje;1;;1
2025-01;AR-0262 - NQN;N/A;Cabotaje;2;;2
2025-01;AR-0262 - NQN;(en blanco);Cabotaje;1;;1
2025-01;AR-0263 - PRA;(en blanco);Cabotaje;1;;1
2025-01;AR-0273 - TUC;(en blanco);Cabotaje;1;;1
2025-01;AR-0282 - MDQ;(en blanco);Cabotaje;1;;1
2025-01;AR-0289 - IGR;N/A;Cabotaje;;2;2
2025-01;AR-0293 - GPO;(en blanco);Cabotaje;;1;1
2025-01;AR-0296 - FDO;(en blanco);Cabotaje;3;1;4
2025-01;AR-0310 - BRC;(en blanco);Cabotaje;1;;1
2025-01;AR-0313 - COR;(en blanco);Cabotaje;1;;1
2025-01;AR-0314 - FDO;(en blanco);Cabotaje;1;;1
2025-01;AR-0320 - COR;(en blanco);Cabotaje;2;;2
2025-01;AR-0320 - FMA;(en blanco);Cabotaje;;1;1
2025-01;AR-0320 - SLA;(en blanco);Cabotaje;1;1;2
2025-01;AR-0333 - LUQ;(en blanco);Cabotaje;1;;1
2025-01;AR-0343 - EZE;(en blanco);Cabotaje;1;1;2
2025-01;AR-0343 - FDO;(en blanco);Cabotaje;1;;1
2025-01;AR-0343 - MDQ;(en blanco);Cabotaje;;1;1
2025-01;AR-0345 - MDQ;(en blanco);Cabotaje;1;;1
2025-01;AR-0369 - NQN;American Jet;Cabotaje;;240;240
2025-01;AR-0370 - FMA;(en blanco);Cabotaje;;1;1
2025-01;AR-0370 - SLA;(en blanco);Cabotaje;1;;1
2025-01;AR-0370 - TUC;(en blanco);Cabotaje;2;;2
2025-01;AR-0382 - COR;(en blanco);Cabotaje;4;;4
2025-01;AR-0382 - SFN;(en blanco);Cabotaje;1;;1
2025-01;AR-0383 - COR;(en blanco);Cabotaje;1;;1
2025-01;AR-0385 - MDQ;(en blanco);Cabotaje;;2;2
2025-01;AR-0394 - COR;(en blanco);Cabotaje;2;;2
2025-01;AR-0395 - FDO;(en blanco);Cabotaje;1;;1
2025-01;AR-0395 - MDQ;(en blanco);Cabotaje;3;1;4
2025-01;AR-0424 - SLA;(en blanco);Cabotaje;7;;7
2025-01;AR-0448 - CNQ;(en blanco);Cabotaje;2;;2
2025-01;AR-0448 - PSS;(en blanco);Cabotaje;1;;1
2025-01;AR-0451 - SLA;(en blanco);Cabotaje;1;;1
2025-01;AR-0463 - CNQ;(en blanco);Cabotaje;2;;2
2025-01;AR-0464 - BRC;(en blanco);Cabotaje;2;;2
2025-01;AR-0464 - EQS;(en blanco);Cabotaje;2;;2
2025-01;AR-0494 - EQS;(en blanco);Cabotaje;2;;2
2025-01;ASU - BRC;N/A;Internacional;10;;10
2025-01;ASU - CNQ;N/A;Internacional;1;;1
2025-01;ASU - CNQ;(en blanco);Internacional;6;;6
2025-01;ASU - COR;Amaszonas;Internacional;;628;628
2025-01;ASU - COR;(en blanco);Internacional;10;7;17
2025-01;ASU - EZE;Amaszonas;Internacional;;69;69
2025-01;ASU - EZE;Flybondi;Internacional;;180;180
2025-01;ASU - EZE;LATAM Cargo Uruguay;Internacional;;147;147
2025-01;ASU - FDO;Fuerza A‚rea Paraguaya;Internacional;1;;1
2025-01;ASU - FDO;N/A;Internacional;12;;12
2025-01;ASU - FDO;(en blanco);Internacional;11;;11
2025-01;ASU - JUJ;Amaszonas;Internacional;;363;363
2025-01;ASU - MDQ;N/A;Internacional;8;;8
2025-01;ASU - MDQ;(en blanco);Internacional;4;;4
2025-01;ASU - ROS;N/A;Internacional;7;;7
2025-01;ASU - ROS;(en blanco);Internacional;5;;5
2025-01;ASU - SFN;N/A;Internacional;13;;13
2025-01;ASU - SLA;(en blanco);Internacional;8;;8
2025-01;ATL - EZE;Delta Air Lines;Internacional;;21288;21288
2025-01;ATL - ROS;N/A;Internacional;15;;15
2025-01;BCN - EZE;Iberia Airlines;Internacional;;18235;18235
2025-01;BHI - BRC;LADE - L¡neas A‚reas Del Estado;Cabotaje;87;82;169
2025-01;BHI - BRC;Sky Airline;Cabotaje;37;;37
2025-01;BHI - BRC;(en blanco);Cabotaje;;11;11
2025-01;BHI - EZE;(en blanco);Cabotaje;3;3;6
2025-01;BHI - FDO;(en blanco);Cabotaje;5;1;6
2025-01;BHI - LPG;(en blanco);Cabotaje;;3;3
2025-01;BHI - MDQ;Aerol¡neas Argentinas;Cabotaje;;48;48
2025-01;BHI - MDQ;LADE - L¡neas A‚reas Del Estado;Cabotaje;63;69;132
2025-01;BHI - MDQ;(en blanco);Cabotaje;25;6;31
2025-01;BHI - NQN;(en blanco);Cabotaje;1;;1
2025-01;BHI - OYO;(en blanco);Cabotaje;1;2;3
2025-01;BHI - RGL;(en blanco);Cabotaje;28;;28
2025-01;BHI - RSA;(en blanco);Cabotaje;42;;42
2025-01;BOG - EZE;Avianca;Internacional;;27043;27043
2025-01;BOG - EZE;Gol Transportes A‚reos;Internacional;;8696;8696
2025-01;BPS - COR;Andes L¡neas A‚reas;Internacional;;703;703
2025-01;BPS - EZE;Aerol¡neas Argentinas;Internacional;;484;484
2025-01;BPS - EZE;Gol Transportes A‚reos;Internacional;;2345;2345
2025-01;BPS - IGR;Andes L¡neas A‚reas;Internacional;;165;165
2025-01;BRC - BRC;(en blanco);Cabotaje;5;;5
2025-01;BRC - CCP;Andes L¡neas A‚reas;Internacional;;738;738
2025-01;BRC - COR;Aerol¡neas Argentinas;Cabotaje;;5220;5220
2025-01;BRC - COR;Andes L¡neas A‚reas;Cabotaje;;5760;5760
2025-01;BRC - COR;Flybondi;Cabotaje;;10387;10387
2025-01;BRC - CPC;N/A;Cabotaje;1;4;5
2025-01;BRC - CPC;(en blanco);Cabotaje;6;5;11
2025-01;BRC - EHL;(en blanco);Cabotaje;;1;1
2025-01;BRC - EMX;(en blanco);Cabotaje;3;2;5
2025-01;BRC - EQS;(en blanco);Cabotaje;8;;8
2025-01;BRC - EZE;Aerol¡neas Argentinas;Cabotaje;;14706;14706
2025-01;BRC - EZE;Andes L¡neas A‚reas;Cabotaje;;1497;1497
2025-01;BRC - EZE;Flybondi;Cabotaje;;36277;36277
2025-01;BRC - EZE;JetSMART Airlines;Cabotaje;;18656;18656
2025-01;BRC - EZE;N/A;Cabotaje;5;6;11
2025-01;BRC - EZE;(en blanco);Cabotaje;15;4;19
2025-01;BRC - FDO;N/A;Cabotaje;41;94;135
2025-01;BRC - FDO;(en blanco);Cabotaje;53;64;117
2025-01;BRC - FTE;Aerol¡neas Argentinas;Cabotaje;;7932;7932
2025-01;BRC - FTE;(en blanco);Cabotaje;6;9;15
2025-01;BRC - HOS;(en blanco);Cabotaje;;1;1
2025-01;BRC - IGR;N/A;Cabotaje;9;;9
2025-01;BRC - IGR;(en blanco);Cabotaje;1;1;2
2025-01;BRC - LPG;(en blanco);Cabotaje;2;;2
2025-01;BRC - MDQ;(en blanco);Cabotaje;;8;8
2025-01;BRC - MDZ;Aerol¡neas Argentinas;Cabotaje;;3708;3708
2025-01;BRC - MDZ;Andes L¡neas A‚reas;Cabotaje;;361;361
2025-01;BRC - MDZ;JetSMART Airlines;Cabotaje;;5358;5358
2025-01;BRC - MDZ;(en blanco);Cabotaje;5;2;7
2025-01;BRC - MVD;Jet Aviation;Internacional;2;;2
2025-01;BRC - MVD;N/A;Internacional;;2;2
2025-01;BRC - NAS;N/A;Internacional;18;;18
2025-01;BRC - NQN;N/A;Cabotaje;;2;2
2025-01;BRC - NQN;(en blanco);Cabotaje;8;10;18
2025-01;BRC - PDP;Jet Aviation;Internacional;2;;2
2025-01;BRC - PDP;N/A;Internacional;8;5;13
2025-01;BRC - PDP;(en blanco);Internacional;22;4;26
2025-01;BRC - PMC;N/A;Internacional;9;;9
2025-01;BRC - PMC;(en blanco);Internacional;11;8;19
2025-01;BRC - PMY;(en blanco);Cabotaje;;3;3
2025-01;BRC - PNT;Sky Airline;Internacional;;77;77
2025-01;BRC - PNT;(en blanco);Internacional;;1;1
2025-01;BRC - RCU;Andes L¡neas A‚reas;Cabotaje;;269;269
2025-01;BRC - REL;(en blanco);Cabotaje;3;;3
2025-01;BRC - RGA;(en blanco);Cabotaje;3;3;6
2025-01;BRC - RLO;(en blanco);Cabotaje;5;1;6
2025-01;BRC - ROS;Aerol¡neas Argentinas;Cabotaje;;3198;3198
2025-01;BRC - ROS;N/A;Cabotaje;4;;4
2025-01;BRC - RSA;(en blanco);Cabotaje;1;;1
2025-01;BRC - SACD;(en blanco);Cabotaje;1;;1
2025-01;BRC - SAOM;(en blanco);Cabotaje;2;;2
2025-01;BRC - SAVA;(en blanco);Cabotaje;;1;1
2025-01;BRC - SCL;Andes L¡neas A‚reas;Internacional;;2671;2671
2025-01;BRC - SCL;LATAM;Internacional;;3455;3455
2025-01;BRC - SCL;N/A;Internacional;4;;4
2025-01;BRC - SCL;Sky Airline;Internacional;;3530;3530
2025-01;BRC - SCL;(en blanco);Internacional;2;1;3
2025-01;BRC - SCVI;N/A;Internacional;5;;5
2025-01;BRC - SDE;(en blanco);Cabotaje;9;3;12
2025-01;BRC - SFN;Andes L¡neas A‚reas;Cabotaje;;273;273
2025-01;BRC - SFN;(en blanco);Cabotaje;;94;94
2025-01;BRC - SLA;N/A;Cabotaje;4;;4
2025-01;BRC - USH;N/A;Cabotaje;4;4;8
2025-01;BRC - USH;(en blanco);Cabotaje;;8;8
2025-01;BRO - FDO;(en blanco);Internacional;7;;7
2025-01;BSB - EZE;Gol Transportes A‚reos;Internacional;;4714;4714
2025-01;CCP - CPC;Aerol¡neas Argentinas;Internacional;;69;69
2025-01;CCP - EZE;Aerol¡neas Argentinas;Internacional;;66;66
2025-01;CCP - EZE;Andes L¡neas A‚reas;Internacional;;7;7
2025-01;CDF - EZE;Flybondi;Internacional;;141;141
2025-01;CDG - EZE;Air France;Internacional;;16683;16683
2025-01;CJC - IGR;N/A;Internacional;;4;4
2025-01;CJC - MDZ;(en blanco);Internacional;2;;2
2025-01;CNF - EZE;Gol Transportes A‚reos;Internacional;;2728;2728
2025-01;CNQ - COR;N/A;Cabotaje;2;;2
2025-01;CNQ - COR;(en blanco);Cabotaje;3;1;4
2025-01;CNQ - EZE;Flybondi;Cabotaje;;1126;1126
2025-01;CNQ - FDO;N/A;Cabotaje;12;2;14
2025-01;CNQ - FDO;(en blanco);Cabotaje;23;4;27
2025-01;CNQ - FLN;N/A;Internacional;3;;3
2025-01;CNQ - FMA;(en blanco);Cabotaje;6;;6
2025-01;CNQ - IGU;N/A;Internacional;4;;4
2025-01;CNQ - MDQ;(en blanco);Cabotaje;3;3;6
2025-01;CNQ - MDX;(en blanco);Cabotaje;1;;1
2025-01;CNQ - OYA;(en blanco);Cabotaje;4;;4
2025-01;CNQ - PDP;(en blanco);Internacional;11;;11
2025-01;CNQ - POA;N/A;Internacional;3;;3
2025-01;CNQ - PSS;(en blanco);Cabotaje;1;;1
2025-01;CNQ - RES;N/A;Cabotaje;1;;1
2025-01;CNQ - SARV;N/A;Cabotaje;1;;1
2025-01;CNQ - SUAA;(en blanco);Internacional;1;4;5
2025-01;CNQ - VMA;(en blanco);Cabotaje;3;;3
2025-01;COR - COR;N/A;Cabotaje;1;;1
2025-01;COR - COR;(en blanco);Cabotaje;12;1;13
2025-01;COR - CRD;Aerol¡neas Argentinas;Cabotaje;;2374;2374
2025-01;COR - CRD;(en blanco);Cabotaje;4;;4
2025-01;COR - CTC;(en blanco);Cabotaje;29;1;30
2025-01;COR - CUZ;LATAM Per£;Internacional;;165;165
2025-01;COR - EPA;Fuerza A‚rea Argentina;Cabotaje;47;;47
2025-01;COR - EQS;(en blanco);Cabotaje;7;;7
2025-01;COR - EZE;Aerol¡neas Argentinas;Cabotaje;;8280;8280
2025-01;COR - EZE;American Jet;Cabotaje;;49;49
2025-01;COR - EZE;Andes L¡neas A‚reas;Cabotaje;;311;311
2025-01;COR - EZE;Flybondi;Cabotaje;;2935;2935
2025-01;COR - EZE;JetSMART Airlines;Cabotaje;;880;880
2025-01;COR - EZE;(en blanco);Cabotaje;20;13;33
2025-01;COR - FDO;N/A;Cabotaje;1;;1
2025-01;COR - FDO;(en blanco);Cabotaje;22;5;27
2025-01;COR - FLN;Aerol¡neas Argentinas;Internacional;;3715;3715
2025-01;COR - FLN;Gol Transportes A‚reos;Internacional;;3757;3757
2025-01;COR - FLN;Sky Airline;Internacional;;631;631
2025-01;COR - FTE;Aerol¡neas Argentinas;Cabotaje;;2534;2534
2025-01;COR - GIG;Aerol¡neas Argentinas;Internacional;;6729;6729
2025-01;COR - GIG;Gol Transportes A‚reos;Internacional;;10296;10296
2025-01;COR - GPO;(en blanco);Cabotaje;3;;3
2025-01;COR - GRU;Aerol¡neas Argentinas;Internacional;;348;348
2025-01;COR - GYE;N/A;Internacional;4;;4
2025-01;COR - IGR;Aerol¡neas Argentinas;Cabotaje;;4530;4530
2025-01;COR - IGR;Andes L¡neas A‚reas;Cabotaje;;242;242
2025-01;COR - IGR;Flybondi;Cabotaje;;187;187
2025-01;COR - IGR;N/A;Cabotaje;3;;3
2025-01;COR - IGU;Aerol¡neas Argentinas;Internacional;;113;113
2025-01;COR - IRJ;N/A;Cabotaje;5;2;7
2025-01;COR - IRJ;(en blanco);Cabotaje;9;;9
2025-01;COR - JUJ;Aerol¡neas Argentinas;Cabotaje;;2567;2567
2025-01;COR - JUJ;(en blanco);Cabotaje;3;;3
2025-01;COR - LCM;(en blanco);Cabotaje;5;4;9
2025-01;COR - LIM;LATAM Per£;Internacional;;8777;8777
2025-01;COR - LUQ;(en blanco);Cabotaje;2;;2
2025-01;COR - MAD;Air Europa;Internacional;;7624;7624
2025-01;COR - MCZ;Flybondi;Internacional;;1115;1115
2025-01;COR - MDQ;Aerol¡neas Argentinas;Cabotaje;;4229;4229
2025-01;COR - MDQ;(en blanco);Cabotaje;3;;3
2025-01;COR - MDZ;Aerol¡neas Argentinas;Cabotaje;;7331;7331
2025-01;COR - MDZ;Andes L¡neas A‚reas;Cabotaje;;1;1
2025-01;COR - MDZ;Copa Airlines;Cabotaje;;64;64
2025-01;COR - MDZ;Flybondi;Cabotaje;;2611;2611
2025-01;COR - MDZ;Fuerza A‚rea Argentina;Cabotaje;4;;4
2025-01;COR - MDZ;N/A;Cabotaje;2;;2
2025-01;COR - MDZ;(en blanco);Cabotaje;10;;10
2025-01;COR - MOR;(en blanco);Cabotaje;3;;3
2025-01;COR - NQN;Aerol¡neas Argentinas;Cabotaje;;4724;4724
2025-01;COR - NQN;American Jet;Cabotaje;10;29;39
2025-01;COR - NQN;Flybondi;Cabotaje;;5947;5947
2025-01;COR - NVT;(en blanco);Internacional;3;;3
2025-01;COR - PDP;(en blanco);Internacional;63;13;76
2025-01;COR - POA;(en blanco);Internacional;6;;6
2025-01;COR - PSS;(en blanco);Cabotaje;2;1;3
2025-01;COR - PTY;Copa Airlines;Internacional;;19354;19354
2025-01;COR - PTY;N/A;Internacional;5;;5
2025-01;COR - PUJ;Aerol¡neas Argentinas;Internacional;;4655;4655
2025-01;COR - RCU;(en blanco);Cabotaje;5;;5
2025-01;COR - RES;Aerol¡neas Argentinas;Cabotaje;;70;70
2025-01;COR - ROS;Copa Airlines;Cabotaje;;31;31
2025-01;COR - ROS;(en blanco);Cabotaje;26;7;33
2025-01;COR - SACD;(en blanco);Cabotaje;2;;2
2025-01;COR - SAOL;(en blanco);Cabotaje;2;;2
2025-01;COR - SCL;Andes L¡neas A‚reas;Internacional;;1;1
2025-01;COR - SCL;LATAM;Internacional;;11110;11110
2025-01;COR - SDE;(en blanco);Cabotaje;5;;5
2025-01;COR - SLA;Aerol¡neas Argentinas;Cabotaje;;4921;4921
2025-01;COR - SLA;Flybondi;Cabotaje;;5029;5029
2025-01;COR - SLA;Fuerza A‚rea Argentina;Cabotaje;25;;25
2025-01;COR - SLA;N/A;Cabotaje;3;3;6
2025-01;COR - SLA;(en blanco);Cabotaje;18;;18
2025-01;COR - SSA;Aerol¡neas Argentinas;Internacional;;1058;1058
2025-01;COR - SUAA;(en blanco);Internacional;5;;5
2025-01;COR - SUCM;N/A;Internacional;;1;1
2025-01;COR - TAP;N/A;Internacional;4;;4
2025-01;COR - TUC;Aerol¡neas Argentinas;Cabotaje;;2895;2895
2025-01;COR - TUC;(en blanco);Cabotaje;3;;3
2025-01;COR - UAQ;N/A;Cabotaje;3;;3
2025-01;COR - UAQ;(en blanco);Cabotaje;;3;3
2025-01;COR - USH;Aerol¡neas Argentinas;Cabotaje;;2813;2813
2025-01;COR - VDR;N/A;Cabotaje;1;;1
2025-01;COR - VDR;(en blanco);Cabotaje;7;;7
2025-01;CPC - CPC;Aerol¡neas Argentinas;Cabotaje;;64;64
2025-01;CPC - CPC;(en blanco);Cabotaje;1;;1
2025-01;CPC - CUT;(en blanco);Cabotaje;;2;2
2025-01;CPC - EQS;(en blanco);Cabotaje;8;4;12
2025-01;CPC - EZE;Aerol¡neas Argentinas;Cabotaje;;1772;1772
2025-01;CPC - EZE;(en blanco);Cabotaje;1;13;14
2025-01;CPC - FDO;N/A;Cabotaje;;3;3
2025-01;CPC - FDO;(en blanco);Cabotaje;3;10;13
2025-01;CPC - HOS;(en blanco);Cabotaje;2;;2
2025-01;CPC - IGR;N/A;Cabotaje;;2;2
2025-01;CPC - LIM;Jet Aviation;Internacional;3;;3
2025-01;CPC - LRD;N/A;Internacional;4;;4
2025-01;CPC - MDQ;(en blanco);Cabotaje;;1;1
2025-01;CPC - MDZ;(en blanco);Cabotaje;2;;2
2025-01;CPC - NQN;N/A;Cabotaje;;7;7
2025-01;CPC - NQN;(en blanco);Cabotaje;11;3;14
2025-01;CPC - PDP;N/A;Internacional;;19;19
2025-01;CPC - PDP;(en blanco);Internacional;2;7;9
2025-01;CPC - RSA;(en blanco);Cabotaje;3;2;5
2025-01;CPC - SA29;(en blanco);Cabotaje;;2;2
2025-01;CPC - SLA;(en blanco);Cabotaje;1;;1
2025-01;CRD - CRD;Aerol¡neas Argentinas;Cabotaje;;43;43
2025-01;CRD - EPA;Fuerza A‚rea Argentina;Cabotaje;4;;4
2025-01;CRD - EZE;Aerol¡neas Argentinas;Cabotaje;;1327;1327
2025-01;CRD - EZE;Flybondi;Cabotaje;;3640;3640
2025-01;CRD - EZE;JetSMART Airlines;Cabotaje;;40;40
2025-01;CRD - FDO;N/A;Cabotaje;;5;5
2025-01;CRD - FDO;(en blanco);Cabotaje;12;3;15
2025-01;CRD - FTE;LADE - L¡neas A‚reas Del Estado;Cabotaje;43;136;179
2025-01;CRD - NQN;Aerol¡neas Argentinas;Cabotaje;;3642;3642
2025-01;CRD - NQN;Fuerza A‚rea Argentina;Cabotaje;12;;12
2025-01;CRD - NQN;N/A;Cabotaje;1;1;2
2025-01;CRD - NQN;(en blanco);Cabotaje;4;1;5
2025-01;CRD - PMQ;LADE - L¡neas A‚reas Del Estado;Cabotaje;29;61;90
2025-01;CRD - RGL;Fuerza A‚rea Argentina;Cabotaje;4;;4
2025-01;CRD - RGL;(en blanco);Cabotaje;4;4;8
2025-01;CRD - RZA;(en blanco);Cabotaje;3;;3
2025-01;CRD - USH;(en blanco);Cabotaje;1;1;2
2025-01;CTC - EZE;Aerol¡neas Argentinas;Cabotaje;;78;78
2025-01;CTC - EZE;Sirio;Cabotaje;11;;11
2025-01;CTC - FDO;N/A;Cabotaje;4;;4
2025-01;CTC - FDO;(en blanco);Cabotaje;10;6;16
2025-01;CTC - IRJ;Aerol¡neas Argentinas;Cabotaje;;24;24
2025-01;CTC - IRJ;(en blanco);Cabotaje;4;;4
2025-01;CTC - PDP;(en blanco);Internacional;1;;1
2025-01;CTC - SLA;(en blanco);Cabotaje;54;14;68
2025-01;CTC - TUC;Fuerza A‚rea Argentina;Cabotaje;2;;2
2025-01;CTC - TUC;Sirio;Cabotaje;1;;1
2025-01;CTG - FDO;N/A;Internacional;1;;1
2025-01;CUN - EZE;Aerol¡neas Argentinas;Internacional;;12727;12727
2025-01;CWB - EZE;Flybondi;Internacional;;164;164
2025-01;CWB - FDO;N/A;Internacional;7;;7
2025-01;CWB - PSS;N/A;Internacional;13;;13
2025-01;CYR - FDO;(en blanco);Internacional;2;;2
2025-01;DFW - EZE;American Airlines;Internacional;;14697;14697
2025-01;DZO - FDO;Fuerza A‚rea Uruguaya;Internacional;1;;1
2025-01;EHL - EZE;(en blanco);Cabotaje;;3;3
2025-01;EHL - REL;(en blanco);Cabotaje;1;;1
2025-01;ELO - PSS;(en blanco);Cabotaje;1;;1
2025-01;EMX - REL;(en blanco);Cabotaje;3;;3
2025-01;EOH - EZE;Avianca;Internacional;;188;188
2025-01;EPA - EPA;N/A;Cabotaje;1;;1
2025-01;EPA - EPA;(en blanco);Cabotaje;4;;4
2025-01;EPA - EZE;N/A;Cabotaje;4;;4
2025-01;EPA - FMA;Fuerza A‚rea Argentina;Cabotaje;6;;6
2025-01;EPA - IGR;(en blanco);Cabotaje;1;;1
2025-01;EPA - IRJ;Fuerza A‚rea Argentina;Cabotaje;3;;3
2025-01;EPA - IRJ;(en blanco);Cabotaje;5;;5
2025-01;EPA - MDZ;(en blanco);Cabotaje;22;;22
2025-01;EPA - MOR;(en blanco);Cabotaje;2;;2
2025-01;EPA - PRA;Fuerza A‚rea Argentina;Cabotaje;3;;3
2025-01;EPA - PRA;(en blanco);Cabotaje;3;;3
2025-01;EPA - RCU;(en blanco);Cabotaje;17;;17
2025-01;EPA - RGL;Fuerza A‚rea Argentina;Cabotaje;20;;20
2025-01;EPA - SLA;(en blanco);Cabotaje;2;;2
2025-01;EPA - TDL;Fuerza A‚rea Argentina;Cabotaje;3;;3
2025-01;EPA - UAQ;Fuerza A‚rea Argentina;Cabotaje;5;;5
2025-01;EPA - USH;Fuerza A‚rea Argentina;Cabotaje;6;;6
2025-01;EQS - EQS;Aerol¡neas Argentinas;Cabotaje;;85;85
2025-01;EQS - EQS;(en blanco);Cabotaje;4;;4
2025-01;EQS - EZE;Aerol¡neas Argentinas;Cabotaje;;67;67
2025-01;EQS - EZE;(en blanco);Cabotaje;13;4;17
2025-01;EQS - FDO;N/A;Cabotaje;;1;1
2025-01;EQS - FDO;(en blanco);Cabotaje;20;;20
2025-01;EQS - PBI;N/A;Internacional;7;;7
2025-01;EQS - REL;(en blanco);Cabotaje;2;;2
2025-01;EQS - SCL;N/A;Internacional;13;;13
2025-01;EQS - SUA;N/A;Internacional;7;;7
2025-01;EQS - TEB;N/A;Internacional;12;;12
2025-01;EQS - VLG;(en blanco);Cabotaje;2;;2
2025-01;ESG - FDO;(en blanco);Internacional;2;;2
2025-01;EZE - EZE;Aerol¡neas Argentinas;Cabotaje;;3;3
2025-01;EZE - FCO;Aerol¡neas Argentinas;Internacional;;9519;9519
2025-01;EZE - FCO;ITA Airways;Internacional;;22786;22786
2025-01;EZE - FDO;N/A;Cabotaje;;2;2
2025-01;EZE - FDO;(en blanco);Cabotaje;5;6;11
2025-01;EZE - FLN;Aerol¡neas Argentinas;Internacional;;1415;1415
2025-01;EZE - FLN;Boliviana de Aviacion;Internacional;;152;152
2025-01;EZE - FLN;Flybondi;Internacional;;13602;13602
2025-01;EZE - FLN;Gol Transportes A‚reos;Internacional;;22466;22466
2025-01;EZE - FLN;JetSMART Airlines;Internacional;;654;654
2025-01;EZE - FOR;Gol Transportes A‚reos;Internacional;;3460;3460
2025-01;EZE - FRA;ITA Airways;Internacional;;290;290
2025-01;EZE - FRA;Lufthansa;Internacional;;19892;19892
2025-01;EZE - FRA;United Airlines;Internacional;;213;213
2025-01;EZE - FTE;Aerol¡neas Argentinas;Cabotaje;;15130;15130
2025-01;EZE - FTE;American Jet;Cabotaje;;23;23
2025-01;EZE - FTE;Flybondi;Cabotaje;;11727;11727
2025-01;EZE - FTE;JetSMART Airlines;Cabotaje;;4119;4119
2025-01;EZE - FTE;(en blanco);Cabotaje;3;12;15
2025-01;EZE - GIG;Aerol¡neas Argentinas;Internacional;;6671;6671
2025-01;EZE - GIG;British Airways;Internacional;;18548;18548
2025-01;EZE - GIG;Emirates Airline;Internacional;;11090;11090
2025-01;EZE - GIG;Flybondi;Internacional;;21100;21100
2025-01;EZE - GIG;Gol Transportes A‚reos;Internacional;;24107;24107
2025-01;EZE - GIG;JetSMART Airlines;Internacional;;15355;15355
2025-01;EZE - GIG;NetJets;Internacional;7;;7
2025-01;EZE - GIG;Swiss International Air Lines;Internacional;;185;185
2025-01;EZE - GIG;Turkish Airlines;Internacional;;182;182
2025-01;EZE - GRU;Air Canada;Internacional;;15548;15548
2025-01;EZE - GRU;British Airways;Internacional;;930;930
2025-01;EZE - GRU;Emirates Airline;Internacional;;297;297
2025-01;EZE - GRU;Ethiopian Airlines;Internacional;;13840;13840
2025-01;EZE - GRU;Flybondi;Internacional;;1407;1407
2025-01;EZE - GRU;Gol Transportes A‚reos;Internacional;;10652;10652
2025-01;EZE - GRU;JetSMART Airlines;Internacional;;133;133
2025-01;EZE - GRU;N/A;Internacional;;10;10
2025-01;EZE - GRU;Swiss International Air Lines;Internacional;;4327;4327
2025-01;EZE - GRU;TAM Linhas A‚reas;Internacional;;6220;6220
2025-01;EZE - GRU;Turkish Airlines;Internacional;;14088;14088
2025-01;EZE - GRU;United Airlines;Internacional;;229;229
2025-01;EZE - GSJ;Avianca Costa Rica;Internacional;;159;159
2025-01;EZE - GYE;Avianca;Internacional;;1866;1866
2025-01;EZE - GYE;Avianca Costa Rica;Internacional;;4252;4252
2025-01;EZE - IAD;United Airlines;Internacional;;230;230
2025-01;EZE - IAH;United Airlines;Internacional;;27914;27914
2025-01;EZE - IGR;Aerol¡neas Argentinas;Cabotaje;;11561;11561
2025-01;EZE - IGR;Flybondi;Cabotaje;;24636;24636
2025-01;EZE - IGR;JetSMART Airlines;Cabotaje;;9534;9534
2025-01;EZE - IGR;N/A;Cabotaje;5;3;8
2025-01;EZE - IGR;(en blanco);Cabotaje;;5;5
2025-01;EZE - IGU;NetJets;Internacional;;7;7
2025-01;EZE - IRJ;Aerol¡neas Argentinas;Cabotaje;;282;282
2025-01;EZE - JFK;American Airlines;Internacional;;15619;15619
2025-01;EZE - JFK;Delta Air Lines;Internacional;;13172;13172
2025-01;EZE - JPA;Gol Transportes A‚reos;Internacional;;541;541
2025-01;EZE - JUJ;Aerol¡neas Argentinas;Cabotaje;;2180;2180
2025-01;EZE - JUJ;Flybondi;Cabotaje;;8671;8671
2025-01;EZE - LET;N/A;Internacional;;5;5
2025-01;EZE - LIM;LATAM Ecuador;Internacional;;7365;7365
2025-01;EZE - LIM;LATAM Per£;Internacional;;14201;14201
2025-01;EZE - LIM;Sky Airline;Internacional;;6658;6658
2025-01;EZE - LPA;N/A;Internacional;4;;4
2025-01;EZE - LPG;(en blanco);Cabotaje;1;;1
2025-01;EZE - LRD;N/A;Internacional;2;;2
2025-01;EZE - LTN;N/A;Internacional;3;;3
2025-01;EZE - MAD;Aerol¡neas Argentinas;Internacional;;21863;21863
2025-01;EZE - MAD;Air Europa;Internacional;;18432;18432
2025-01;EZE - MAD;Iberia Airlines;Internacional;;57092;57092
2025-01;EZE - MCZ;Gol Transportes A‚reos;Internacional;;2241;2241
2025-01;EZE - MDE;Avianca;Internacional;;8847;8847
2025-01;EZE - MDQ;(en blanco);Cabotaje;;6;6
2025-01;EZE - MDZ;Aerol¡neas Argentinas;Cabotaje;;7204;7204
2025-01;EZE - MDZ;Andes L¡neas A‚reas;Cabotaje;;170;170
2025-01;EZE - MDZ;Flybondi;Cabotaje;;6833;6833
2025-01;EZE - MDZ;JetSMART Airlines;Cabotaje;;2867;2867
2025-01;EZE - MDZ;N/A;Cabotaje;8;;8
2025-01;EZE - MDZ;(en blanco);Cabotaje;2;14;16
2025-01;EZE - MEX;Aerom‚xico;Internacional;;16336;16336
2025-01;EZE - MIA;Aerol¡neas Argentinas;Internacional;;28538;28538
2025-01;EZE - MIA;American Airlines;Internacional;;44671;44671
2025-01;EZE - MVD;Aerol¡neas Argentinas;Internacional;;520;520
2025-01;EZE - MVD;American Jet;Internacional;;49;49
2025-01;EZE - MVD;Lufthansa Cargo;Internacional;;4;4
2025-01;EZE - MVD;N/A;Internacional;;7;7
2025-01;EZE - MVD;(en blanco);Internacional;;10;10
2025-01;EZE - NAT;Gol Transportes A‚reos;Internacional;;2658;2658
2025-01;EZE - NCJ;American Jet;Cabotaje;;6;6
2025-01;EZE - NQN;Aerol¡neas Argentinas;Cabotaje;;1701;1701
2025-01;EZE - NQN;Flybondi;Cabotaje;;3388;3388
2025-01;EZE - NQN;JetSMART Airlines;Cabotaje;;2761;2761
2025-01;EZE - NQN;(en blanco);Cabotaje;1;1;2
2025-01;EZE - ORD;Dassault Aviation;Internacional;;7;7
2025-01;EZE - PBI;N/A;Internacional;5;;5
2025-01;EZE - PDP;Dassault Aviation;Internacional;;15;15
2025-01;EZE - PDP;N/A;Internacional;7;19;26
2025-01;EZE - PDP;NetJets;Internacional;;4;4
2025-01;EZE - PDP;(en blanco);Internacional;4;34;38
2025-01;EZE - PDU;(en blanco);Internacional;;2;2
2025-01;EZE - PIO;Andes L¡neas A‚reas;Internacional;;1249;1249
2025-01;EZE - PLS;Sirio;Internacional;2;;2
2025-01;EZE - PMQ;American Jet;Cabotaje;;62;62
2025-01;EZE - PMY;Aerol¡neas Argentinas;Cabotaje;;924;924
2025-01;EZE - PMY;Flybondi;Cabotaje;;2565;2565
2025-01;EZE - PMY;(en blanco);Cabotaje;;4;4
2025-01;EZE - POA;Andes L¡neas A‚reas;Internacional;;62;62
2025-01;EZE - PSS;Aerol¡neas Argentinas;Cabotaje;;813;813
2025-01;EZE - PSS;Flybondi;Cabotaje;;623;623
2025-01;EZE - PTY;Chief of Staff,ÿUnited States Air Force;Internacional;7;;7
2025-01;EZE - PTY;Copa Airlines;Internacional;;37270;37270
2025-01;EZE - PTY;N/A;Internacional;;7640;7640
2025-01;EZE - PUJ;Aerol¡neas Argentinas;Internacional;;13323;13323
2025-01;EZE - PUJ;Arajet;Internacional;;10341;10341
2025-01;EZE - RAF;(en blanco);Cabotaje;;4;4
2025-01;EZE - REC;Gol Transportes A‚reos;Internacional;;2293;2293
2025-01;EZE - REC;N/A;Internacional;1;;1
2025-01;EZE - REL;Aerol¡neas Argentinas;Cabotaje;;781;781
2025-01;EZE - RES;Aerol¡neas Argentinas;Cabotaje;;1358;1358
2025-01;EZE - RGA;Aerol¡neas Argentinas;Cabotaje;;102;102
2025-01;EZE - RGL;Aerol¡neas Argentinas;Cabotaje;;1159;1159
2025-01;EZE - ROS;Aerol¡neas Argentinas;Cabotaje;;4;4
2025-01;EZE - ROS;Andes L¡neas A‚reas;Cabotaje;;3;3
2025-01;EZE - ROS;(en blanco);Cabotaje;2;7;9
2025-01;EZE - RSA;(en blanco);Cabotaje;;1;1
2025-01;EZE - SA02;(en blanco);Cabotaje;;1;1
2025-01;EZE - SA13;(en blanco);Cabotaje;;5;5
2025-01;EZE - SAOM;(en blanco);Cabotaje;;1;1
2025-01;EZE - SCL;Andes L¡neas A‚reas;Internacional;;5;5
2025-01;EZE - SCL;JetSMART Airlines;Internacional;;432;432
2025-01;EZE - SCL;KLM;Internacional;;13778;13778
2025-01;EZE - SCL;LATAM;Internacional;;31272;31272
2025-01;EZE - SCL;LATAM Per£;Internacional;;136;136
2025-01;EZE - SCL;N/A;Internacional;2;;2
2025-01;EZE - SCL;Sky Airline;Internacional;;14886;14886
2025-01;EZE - SDE;Aerol¡neas Argentinas;Cabotaje;;86;86
2025-01;EZE - SDE;Flybondi;Cabotaje;;467;467
2025-01;EZE - SFN;Aerol¡neas Argentinas;Cabotaje;;179;179
2025-01;EZE - SFN;Andes L¡neas A‚reas;Cabotaje;;1;1
2025-01;EZE - SID;N/A;Internacional;2;;2
2025-01;EZE - SJC;N/A;Internacional;2;;2
2025-01;EZE - SLA;Aerol¡neas Argentinas;Cabotaje;;7612;7612
2025-01;EZE - SLA;Andes L¡neas A‚reas;Cabotaje;;357;357
2025-01;EZE - SLA;Flybondi;Cabotaje;;13099;13099
2025-01;EZE - SLA;JetSMART Airlines;Cabotaje;;3449;3449
2025-01;EZE - SLA;(en blanco);Cabotaje;3;;3
2025-01;EZE - SSA;Aerol¡neas Argentinas;Internacional;;275;275
2025-01;EZE - SSA;Gol Transportes A‚reos;Internacional;;1918;1918
2025-01;EZE - SUCM;N/A;Internacional;;1;1
2025-01;EZE - SUPE;(en blanco);Internacional;;8;8
2025-01;EZE - TDL;(en blanco);Cabotaje;1;1;2
2025-01;EZE - TUC;Aerol¡neas Argentinas;Cabotaje;;7213;7213
2025-01;EZE - TUC;Flybondi;Cabotaje;;2407;2407
2025-01;EZE - TUC;JetSMART Airlines;Cabotaje;;978;978
2025-01;EZE - TUC;(en blanco);Cabotaje;9;4;13
2025-01;EZE - UAQ;Flybondi;Cabotaje;;1013;1013
2025-01;EZE - UIO;Avianca;Internacional;;2142;2142
2025-01;EZE - UIO;Avianca Costa Rica;Internacional;;4962;4962
2025-01;EZE - UIO;N/A;Internacional;2;;2
2025-01;EZE - USH;Aerol¡neas Argentinas;Cabotaje;;29557;29557
2025-01;EZE - USH;Flybondi;Cabotaje;;21546;21546
2025-01;EZE - USH;JetSMART Airlines;Cabotaje;;9293;9293
2025-01;EZE - USH;N/A;Cabotaje;;14;14
2025-01;EZE - USH;(en blanco);Cabotaje;;4;4
2025-01;EZE - VCP;Lufthansa Cargo;Internacional;;1;1
2025-01;EZE - VVI;Boliviana de Aviacion;Internacional;;17064;17064
2025-01;EZE - YVR;N/A;Internacional;;1;1
2025-01;FAA EJERCITO ARGENTINO - MDZ;(en blanco);Internacional;;4;4
2025-01;FDO - FDO;N/A;Cabotaje;1;2;3
2025-01;FDO - FDO;(en blanco);Cabotaje;14;1;15
2025-01;FDO - FLN;(en blanco);Internacional;25;;25
2025-01;FDO - FMA;(en blanco);Cabotaje;7;10;17
2025-01;FDO - FTE;(en blanco);Cabotaje;1;14;15
2025-01;FDO - GPO;American Jet;Cabotaje;;2;2
2025-01;FDO - GPO;N/A;Cabotaje;;2;2
2025-01;FDO - GPO;(en blanco);Cabotaje;3;;3
2025-01;FDO - GRU;(en blanco);Internacional;8;3;11
2025-01;FDO - GYE;N/A;Internacional;3;;3
2025-01;FDO - HPN;(en blanco);Internacional;4;;4
2025-01;FDO - IGR;American Jet;Cabotaje;;24;24
2025-01;FDO - IGR;N/A;Cabotaje;;8;8
2025-01;FDO - IGR;(en blanco);Cabotaje;25;30;55
2025-01;FDO - IGU;(en blanco);Internacional;7;;7
2025-01;FDO - IRJ;N/A;Cabotaje;2;;2
2025-01;FDO - IRJ;(en blanco);Cabotaje;8;1;9
2025-01;FDO - JNI;(en blanco);Cabotaje;;1;1
2025-01;FDO - JUJ;N/A;Cabotaje;4;;4
2025-01;FDO - JUJ;(en blanco);Cabotaje;10;3;13
2025-01;FDO - LAX;(en blanco);Internacional;2;;2
2025-01;FDO - LGS;N/A;Cabotaje;2;3;5
2025-01;FDO - LMMM;N/A;Internacional;10;;10
2025-01;FDO - LMMM;(en blanco);Internacional;2;;2
2025-01;FDO - LPG;(en blanco);Cabotaje;2;;2
2025-01;FDO - LUQ;N/A;Cabotaje;;1;1
2025-01;FDO - LUQ;(en blanco);Cabotaje;5;;5
2025-01;FDO - MDQ;American Jet;Cabotaje;;16;16
2025-01;FDO - MDQ;N/A;Cabotaje;;7;7
2025-01;FDO - MDQ;(en blanco);Cabotaje;52;41;93
2025-01;FDO - MDX;(en blanco);Cabotaje;2;;2
2025-01;FDO - MDZ;(en blanco);Cabotaje;24;12;36
2025-01;FDO - MJR;(en blanco);Cabotaje;2;;2
2025-01;FDO - MOR;(en blanco);Cabotaje;6;;6
2025-01;FDO - MVD;(en blanco);Internacional;17;;17
2025-01;FDO - NCJ;(en blanco);Cabotaje;5;;5
2025-01;FDO - NEC;(en blanco);Cabotaje;;2;2
2025-01;FDO - NQN;N/A;Cabotaje;13;1;14
2025-01;FDO - NQN;(en blanco);Cabotaje;8;5;13
2025-01;FDO - OVR;(en blanco);Cabotaje;1;;1
2025-01;FDO - OYA;(en blanco);Cabotaje;6;;6
2025-01;FDO - OYO;(en blanco);Cabotaje;1;;1
2025-01;FDO - PDP;N/A;Internacional;22;17;39
2025-01;FDO - PDP;(en blanco);Internacional;367;150;517
2025-01;FDO - PMQ;(en blanco);Cabotaje;;3;3
2025-01;FDO - PMY;N/A;Cabotaje;;3;3
2025-01;FDO - PNT;(en blanco);Internacional;6;;6
2025-01;FDO - POA;N/A;Internacional;2;;2
2025-01;FDO - PRA;N/A;Cabotaje;;2;2
2025-01;FDO - PRA;(en blanco);Cabotaje;6;2;8
2025-01;FDO - PSS;N/A;Cabotaje;4;1;5
2025-01;FDO - PSS;(en blanco);Cabotaje;7;3;10
2025-01;FDO - RAF;(en blanco);Cabotaje;2;1;3
2025-01;FDO - RCQ;(en blanco);Cabotaje;2;;2
2025-01;FDO - RCU;(en blanco);Cabotaje;5;2;7
2025-01;FDO - REC;N/A;Internacional;5;;5
2025-01;FDO - REL;(en blanco);Cabotaje;3;;3
2025-01;FDO - RES;N/A;Cabotaje;1;11;12
2025-01;FDO - RES;(en blanco);Cabotaje;6;3;9
2025-01;FDO - RGA;N/A;Cabotaje;;1;1
2025-01;FDO - RGA;(en blanco);Cabotaje;;3;3
2025-01;FDO - RGL;N/A;Cabotaje;1;1;2
2025-01;FDO - RGL;(en blanco);Cabotaje;9;11;20
2025-01;FDO - RHD;(en blanco);Cabotaje;;1;1
2025-01;FDO - ROS;N/A;Cabotaje;8;;8
2025-01;FDO - ROS;(en blanco);Cabotaje;19;2;21
2025-01;FDO - RSA;(en blanco);Cabotaje;4;;4
2025-01;FDO - SA04;(en blanco);Cabotaje;2;;2
2025-01;FDO - SA36;(en blanco);Cabotaje;3;;3
2025-01;FDO - SA40;(en blanco);Cabotaje;2;3;5
2025-01;FDO - SAAA;(en blanco);Cabotaje;1;;1
2025-01;FDO - SADQ;(en blanco);Cabotaje;5;;5
2025-01;FDO - SAEL;(en blanco);Cabotaje;1;;1
2025-01;FDO - SAZX;(en blanco);Cabotaje;1;;1
2025-01;FDO - SCL;N/A;Internacional;5;;5
2025-01;FDO - SCVI;(en blanco);Internacional;2;;2
2025-01;FDO - SDE;(en blanco);Cabotaje;42;3;45
2025-01;FDO - SFN;(en blanco);Cabotaje;3;3;6
2025-01;FDO - SLA;N/A;Cabotaje;3;1;4
2025-01;FDO - SLA;(en blanco);Cabotaje;7;35;42
2025-01;FDO - SSA;(en blanco);Internacional;1;;1
2025-01;FDO - SST;(en blanco);Cabotaje;6;;6
2025-01;FDO - SUAA;N/A;Internacional;3;2;5
2025-01;FDO - SUAA;(en blanco);Internacional;44;1;45
2025-01;FDO - SUCM;N/A;Internacional;9;;9
2025-01;FDO - SUCM;(en blanco);Internacional;29;;29
2025-01;FDO - TDL;N/A;Cabotaje;3;2;5
2025-01;FDO - TDL;(en blanco);Cabotaje;;1;1
2025-01;FDO - TRU;(en blanco);Internacional;3;;3
2025-01;FDO - TUC;(en blanco);Cabotaje;7;6;13
2025-01;FDO - UAQ;N/A;Cabotaje;3;;3
2025-01;FDO - USH;N/A;Cabotaje;4;3;7
2025-01;FDO - USH;(en blanco);Cabotaje;;3;3
2025-01;FDO - VDM;(en blanco);Cabotaje;2;11;13
2025-01;FDO - VLG;(en blanco);Cabotaje;8;;8
2025-01;FLL - ROS;(en blanco);Internacional;;9;9
2025-01;FLN - MDQ;N/A;Internacional;6;;6
2025-01;FLN - MDZ;Sky Airline;Internacional;;1166;1166
2025-01;FLN - ROS;Aerol¡neas Argentinas;Internacional;;2802;2802
2025-01;FLN - ROS;Gol Transportes A‚reos;Internacional;;3485;3485
2025-01;FLN - SLA;(en blanco);Internacional;10;;10
2025-01;FMA - PSS;Fuerza A‚rea Argentina;Cabotaje;3;;3
2025-01;FMA - PSS;(en blanco);Cabotaje;13;;13
2025-01;FMA - RES;Aerol¡neas Argentinas;Cabotaje;;48;48
2025-01;FMA - RES;(en blanco);Cabotaje;2;;2
2025-01;FTE - FTE;N/A;Cabotaje;;10;10
2025-01;FTE - FTE;(en blanco);Cabotaje;13;9;22
2025-01;FTE - MDZ;N/A;Cabotaje;8;2;10
2025-01;FTE - MDZ;(en blanco);Cabotaje;;8;8
2025-01;FTE - PDP;N/A;Internacional;4;;4
2025-01;FTE - PMQ;LADE - L¡neas A‚reas Del Estado;Cabotaje;11;19;30
2025-01;FTE - PNT;Aerov¡as DAP;Internacional;;7;7
2025-01;FTE - PNT;(en blanco);Internacional;;12;12
2025-01;FTE - REL;Aerol¡neas Argentinas;Cabotaje;;1673;1673
2025-01;FTE - RGA;LADE - L¡neas A‚reas Del Estado;Cabotaje;;12;12
2025-01;FTE - RGA;(en blanco);Cabotaje;;8;8
2025-01;FTE - RGL;LADE - L¡neas A‚reas Del Estado;Cabotaje;35;96;131
2025-01;FTE - RGL;(en blanco);Cabotaje;;1;1
2025-01;FTE - SCL;Sky Airline;Internacional;;2316;2316
2025-01;FTE - USH;Aerol¡neas Argentinas;Cabotaje;;22259;22259
2025-01;FTE - USH;Flybondi;Cabotaje;;5895;5895
2025-01;FTE - USH;LADE - L¡neas A‚reas Del Estado;Cabotaje;2;45;47
2025-01;FTE - USH;N/A;Cabotaje;4;;4
2025-01;FTE - USH;(en blanco);Cabotaje;;9;9
2025-01;GIG - MDQ;(en blanco);Internacional;2;;2
2025-01;GIG - PRA;(en blanco);Internacional;;1;1
2025-01;GIG - ROS;Aerol¡neas Argentinas;Internacional;;5157;5157
2025-01;GIG - ROS;Gol Transportes A‚reos;Internacional;;9706;9706
2025-01;GPO - MDZ;N/A;Cabotaje;;4;4
2025-01;GPO - NQN;American Jet;Cabotaje;;2;2
2025-01;GPO - NQN;(en blanco);Cabotaje;2;;2
2025-01;GPO - ROS;N/A;Cabotaje;2;2;4
2025-01;GRU - IGR;(en blanco);Internacional;5;;5
2025-01;GRU - MDQ;N/A;Internacional;6;;6
2025-01;GRU - MDZ;Gol Transportes A‚reos;Internacional;;5623;5623
2025-01;GRU - MDZ;TAM Linhas A‚reas;Internacional;;5097;5097
2025-01;GRU - SLA;Aerol¡neas Argentinas;Internacional;;1046;1046
2025-01;GRU - USH;N/A;Internacional;;2;2
2025-01;GYE - MDZ;N/A;Internacional;8;;8
2025-01;GYE - MDZ;(en blanco);Internacional;6;6;12
2025-01;GYE - SLA;(en blanco);Internacional;;1;1
2025-01;HOS - NQN;(en blanco);Cabotaje;2;;2
2025-01;IGR - IGR;(en blanco);Cabotaje;2;;2
2025-01;IGR - IGU;N/A;Internacional;;4;4
2025-01;IGR - JUJ;Aerol¡neas Argentinas;Cabotaje;;1496;1496
2025-01;IGR - LIM;N/A;Internacional;;9;9
2025-01;IGR - MAD;(en blanco);Internacional;;2;2
2025-01;IGR - MAO;N/A;Internacional;;1;1
2025-01;IGR - MCZ;Flybondi;Internacional;;187;187
2025-01;IGR - MDQ;N/A;Cabotaje;;9;9
2025-01;IGR - MDZ;N/A;Cabotaje;2;2;4
2025-01;IGR - MDZ;(en blanco);Cabotaje;;12;12
2025-01;IGR - MVD;Aerol¡neas Argentinas;Internacional;;91;91
2025-01;IGR - PRA;(en blanco);Cabotaje;1;;1
2025-01;IGR - PSS;(en blanco);Cabotaje;5;2;7
2025-01;IGR - ROS;Aerol¡neas Argentinas;Cabotaje;;1253;1253
2025-01;IGR - SCL;(en blanco);Internacional;3;3;6
2025-01;IGR - SLA;Aerol¡neas Argentinas;Cabotaje;;3214;3214
2025-01;IGR - STY;N/A;Internacional;;2;2
2025-01;IGR - TUC;Aerol¡neas Argentinas;Cabotaje;;829;829
2025-01;IGR - USH;(en blanco);Cabotaje;3;;3
2025-01;IGU - JUJ;N/A;Internacional;;2;2
2025-01;IGU - PSS;N/A;Internacional;9;;9
2025-01;IGU - ROS;N/A;Internacional;2;;2
2025-01;IRJ - IRJ;(en blanco);Cabotaje;2;;2
2025-01;IRJ - MDQ;(en blanco);Cabotaje;4;;4
2025-01;IRJ - MDZ;(en blanco);Cabotaje;2;;2
2025-01;IRJ - SA40;(en blanco);Cabotaje;1;;1
2025-01;IRJ - SLA;(en blanco);Cabotaje;6;;6
2025-01;IRJ - TUC;(en blanco);Cabotaje;2;;2
2025-01;IRJ - UAQ;Fuerza A‚rea Argentina;Cabotaje;5;;5
2025-01;IRJ - UAQ;(en blanco);Cabotaje;5;;5
2025-01;JNI - MDQ;(en blanco);Cabotaje;2;;2
2025-01;JUJ - JUJ;(en blanco);Cabotaje;14;;14
2025-01;JUJ - MDZ;Aerol¡neas Argentinas;Cabotaje;;1038;1038
2025-01;JUJ - MOR;(en blanco);Cabotaje;1;;1
2025-01;JUJ - SA16;(en blanco);Cabotaje;1;;1
2025-01;JUJ - SLA;N/A;Cabotaje;;2;2
2025-01;JUJ - SLA;(en blanco);Cabotaje;1;;1
2025-01;JUJ - TUC;N/A;Cabotaje;1;;1
2025-01;LAX - MDQ;N/A;Internacional;;14;14
2025-01;LCM - SFN;(en blanco);Cabotaje;1;;1
2025-01;LCM - TUC;(en blanco);Cabotaje;2;;2
2025-01;LGS - LUQ;(en blanco);Cabotaje;3;;3
2025-01;LIM - MDZ;LATAM Per£;Internacional;;5813;5813
2025-01;LIM - ROS;LATAM Per£;Internacional;;3855;3855
2025-01;LIM - ROS;(en blanco);Internacional;6;;6
2025-01;LIM - SFN;N/A;Internacional;12;4;16
2025-01;LIM - SLA;LATAM Per£;Internacional;;6435;6435
2025-01;LMMM - RES;N/A;Internacional;7;;7
2025-01;LPG - MDQ;(en blanco);Cabotaje;9;4;13
2025-01;LPG - PSS;(en blanco);Cabotaje;2;;2
2025-01;LPG - UAQ;(en blanco);Cabotaje;1;;1
2025-01;LUQ - LUQ;(en blanco);Cabotaje;7;;7
2025-01;LUQ - MDZ;Fuerza A‚rea Argentina;Cabotaje;2;;2
2025-01;LUQ - OVR;(en blanco);Cabotaje;5;;5
2025-01;LUQ - SA16;(en blanco);Cabotaje;3;;3
2025-01;LUQ - SA32;(en blanco);Cabotaje;1;;1
2025-01;MCZ - PSS;N/A;Internacional;4;;4
2025-01;MDQ - MDQ;(en blanco);Cabotaje;;1;1
2025-01;MDQ - MDZ;Aerol¡neas Argentinas;Cabotaje;;1608;1608
2025-01;MDQ - MDZ;(en blanco);Cabotaje;4;10;14
2025-01;MDQ - MOR;(en blanco);Cabotaje;2;2;4
2025-01;MDQ - MVD;N/A;Internacional;7;2;9
2025-01;MDQ - NEC;(en blanco);Cabotaje;;1;1
2025-01;MDQ - NQN;N/A;Cabotaje;;2;2
2025-01;MDQ - NQN;(en blanco);Cabotaje;2;3;5
2025-01;MDQ - OPF;N/A;Internacional;7;;7
2025-01;MDQ - PDP;N/A;Internacional;8;10;18
2025-01;MDQ - PDP;(en blanco);Internacional;27;50;77
2025-01;MDQ - RHD;(en blanco);Cabotaje;1;;1
2025-01;MDQ - ROS;Aerol¡neas Argentinas;Cabotaje;;1622;1622
2025-01;MDQ - ROS;(en blanco);Cabotaje;3;;3
2025-01;MDQ - SAAA;(en blanco);Cabotaje;;1;1
2025-01;MDQ - SCL;N/A;Internacional;14;;14
2025-01;MDQ - SCL;(en blanco);Internacional;;4;4
2025-01;MDQ - SDE;(en blanco);Cabotaje;2;;2
2025-01;MDQ - SFN;(en blanco);Cabotaje;3;;3
2025-01;MDQ - TUC;Aerol¡neas Argentinas;Cabotaje;;3822;3822
2025-01;MDQ - TUC;Sirio;Cabotaje;1;;1
2025-01;MDQ - USH;Aerol¡neas Argentinas;Cabotaje;;83;83
2025-01;MDQ - VLG;N/A;Cabotaje;;2;2
2025-01;MDQ - VLG;(en blanco);Cabotaje;2;;2
2025-01;MDZ - MDZ;(en blanco);Cabotaje;;1;1
2025-01;MDZ - NQN;Aerol¡neas Argentinas;Cabotaje;;3355;3355
2025-01;MDZ - NQN;American Jet;Cabotaje;;219;219
2025-01;MDZ - NQN;(en blanco);Cabotaje;12;6;18
2025-01;MDZ - OPF;N/A;Internacional;4;;4
2025-01;MDZ - PDP;(en blanco);Internacional;;8;8
2025-01;MDZ - PSS;(en blanco);Cabotaje;2;1;3
2025-01;MDZ - PTY;Copa Airlines;Internacional;;7076;7076
2025-01;MDZ - RCU;(en blanco);Cabotaje;4;;4
2025-01;MDZ - RES;Fuerza A‚rea Argentina;Cabotaje;12;;12
2025-01;MDZ - RES;N/A;Cabotaje;3;;3
2025-01;MDZ - RLO;Aerocardal;Cabotaje;1;;1
2025-01;MDZ - ROS;Aerol¡neas Argentinas;Cabotaje;;1033;1033
2025-01;MDZ - ROS;American Jet;Cabotaje;24;92;116
2025-01;MDZ - SAVO;(en blanco);Cabotaje;1;1;2
2025-01;MDZ - SAZX;(en blanco);Cabotaje;;2;2
2025-01;MDZ - SCL;Aerocardal;Internacional;3;;3
2025-01;MDZ - SCL;Aerol¡neas Argentinas;Internacional;;1391;1391
2025-01;MDZ - SCL;JetSMART Airlines;Internacional;;4665;4665
2025-01;MDZ - SCL;LATAM;Internacional;;20413;20413
2025-01;MDZ - SCL;N/A;Internacional;3;8;11
2025-01;MDZ - SCL;Sky Airline;Internacional;;13189;13189
2025-01;MDZ - SCL;(en blanco);Internacional;7;2;9
2025-01;MDZ - SLA;Aerol¡neas Argentinas;Cabotaje;;2573;2573
2025-01;MDZ - SLA;JetSMART Airlines;Cabotaje;;4318;4318
2025-01;MDZ - SLA;(en blanco);Cabotaje;3;82;85
2025-01;MDZ - STY;N/A;Internacional;1;;1
2025-01;MDZ - TFS;N/A;Internacional;10;;10
2025-01;MDZ - TUC;(en blanco);Cabotaje;5;;5
2025-01;MDZ - UAQ;(en blanco);Cabotaje;2;;2
2025-01;MOR - MOR;(en blanco);Cabotaje;13;;13
2025-01;MOR - NQN;(en blanco);Cabotaje;1;;1
2025-01;MOR - PRA;(en blanco);Cabotaje;1;;1
2025-01;MOR - PSS;(en blanco);Cabotaje;2;;2
2025-01;MOR - RCU;(en blanco);Cabotaje;2;;2
2025-01;MOR - ROS;(en blanco);Cabotaje;1;;1
2025-01;MOR - SAZJ;(en blanco);Cabotaje;1;;1
2025-01;MOR - VDM;(en blanco);Cabotaje;;4;4
2025-01;MPN - RGL;LATAM;Cabotaje;;123;123
2025-01;MVD - ROS;(en blanco);Internacional;10;;10
2025-01;MVD - USH;N/A;Internacional;;3;3
2025-01;NEC - NQN;(en blanco);Cabotaje;3;;3
2025-01;NQN - NQN;American Jet;Cabotaje;;139;139
2025-01;NQN - NQN;(en blanco);Cabotaje;1;;1
2025-01;NQN - PDP;N/A;Internacional;;5;5
2025-01;NQN - PDP;(en blanco);Internacional;3;5;8
2025-01;NQN - PMY;(en blanco);Cabotaje;1;;1
2025-01;NQN - RSA;(en blanco);Cabotaje;4;;4
2025-01;NQN - SA29;(en blanco);Cabotaje;1;;1
2025-01;NQN - SLA;JetSMART Airlines;Cabotaje;;7624;7624
2025-01;NQN - USH;(en blanco);Cabotaje;;3;3
2025-01;NQN - ZPC;N/A;Internacional;1;;1
2025-01;NVT - PSS;(en blanco);Internacional;17;;17
2025-01;ORA - RCQ;(en blanco);Cabotaje;2;;2
2025-01;ORA - SLA;(en blanco);Cabotaje;8;3;11
2025-01;OYO - VDM;(en blanco);Cabotaje;1;;1
2025-01;PDP - PRA;(en blanco);Internacional;7;;7
2025-01;PDP - PSS;(en blanco);Internacional;5;;5
2025-01;PDP - RHD;(en blanco);Internacional;;4;4
2025-01;PDP - ROS;N/A;Internacional;11;;11
2025-01;PDP - ROS;(en blanco);Internacional;55;3;58
2025-01;PDP - SLA;(en blanco);Internacional;9;;9
2025-01;PDP - TUC;(en blanco);Internacional;4;;4
2025-01;PDP - USH;N/A;Internacional;;3;3
2025-01;PMQ - RGL;(en blanco);Cabotaje;3;3;6
2025-01;POA - ROS;American Jet;Internacional;;45;45
2025-01;POA - ROS;Andes L¡neas A‚reas;Internacional;;44;44
2025-01;POA - ROS;N/A;Internacional;14;;14
2025-01;PRA - RCQ;(en blanco);Cabotaje;1;;1
2025-01;PRA - RCU;(en blanco);Cabotaje;3;;3
2025-01;PRA - VME;(en blanco);Cabotaje;4;;4
2025-01;PRQ - RES;(en blanco);Cabotaje;3;;3
2025-01;PSS - PSS;(en blanco);Cabotaje;20;;20
2025-01;PSS - ROS;(en blanco);Cabotaje;2;1;3
2025-01;PSS - SFN;(en blanco);Cabotaje;;2;2
2025-01;PSS - SSA;N/A;Internacional;4;;4
2025-01;PTY - ROS;Copa Airlines;Internacional;;11880;11880
2025-01;PTY - USH;N/A;Internacional;4;;4
2025-01;PUJ - ROS;Aerol¡neas Argentinas;Internacional;;1066;1066
2025-01;PUJ - TUC;Aerol¡neas Argentinas;Internacional;;997;997
2025-01;RAF - ROS;(en blanco);Cabotaje;4;;4
2025-01;RAF - SFN;(en blanco);Cabotaje;2;;2
2025-01;RCQ - ROS;(en blanco);Cabotaje;2;;2
2025-01;RCQ - SA03;(en blanco);Cabotaje;1;;1
2025-01;RCQ - SLA;(en blanco);Cabotaje;15;;15
2025-01;RCU - ROS;N/A;Cabotaje;4;;4
2025-01;RCU - SA17;(en blanco);Cabotaje;1;;1
2025-01;RCU - SA32;N/A;Cabotaje;;4;4
2025-01;RCU - SANO;(en blanco);Cabotaje;3;2;5
2025-01;RCU - TDL;(en blanco);Cabotaje;2;;2
2025-01;RCU - VME;(en blanco);Cabotaje;4;;4
2025-01;REL - USH;Aerol¡neas Argentinas;Cabotaje;;2216;2216
2025-01;REL - USH;N/A;Cabotaje;;1;1
2025-01;RES - RLO;(en blanco);Cabotaje;9;;9
2025-01;RES - SLA;(en blanco);Cabotaje;1;;1
2025-01;RES - TUC;Aerol¡neas Argentinas;Cabotaje;;37;37
2025-01;RES - TUC;(en blanco);Cabotaje;;1;1
2025-01;RGA - RGL;LADE - L¡neas A‚reas Del Estado;Cabotaje;21;113;134
2025-01;RGA - USH;LADE - L¡neas A‚reas Del Estado;Cabotaje;11;98;109
2025-01;RGL - RGL;Aerol¡neas Argentinas;Cabotaje;;77;77
2025-01;RGL - USH;LADE - L¡neas A‚reas Del Estado;Cabotaje;;237;237
2025-01;RGL - USH;N/A;Cabotaje;2;2;4
2025-01;RGL - VDM;N/A;Cabotaje;;2;2
2025-01;RHD - SDE;(en blanco);Cabotaje;2;;2
2025-01;ROS - ROS;N/A;Cabotaje;2;;2
2025-01;ROS - ROS;(en blanco);Cabotaje;15;1;16
2025-01;ROS - SA03;(en blanco);Cabotaje;2;;2
2025-01;ROS - SA17;N/A;Cabotaje;4;;4
2025-01;ROS - SA32;N/A;Cabotaje;4;;4
2025-01;ROS - SAAN;(en blanco);Cabotaje;1;;1
2025-01;ROS - SAOM;(en blanco);Cabotaje;1;;1
2025-01;ROS - SCL;N/A;Internacional;7;;7
2025-01;ROS - SDE;(en blanco);Cabotaje;2;;2
2025-01;ROS - SFN;(en blanco);Cabotaje;5;;5
2025-01;ROS - SLA;(en blanco);Cabotaje;2;;2
2025-01;ROS - SUCM;N/A;Internacional;2;;2
2025-01;ROS - TUC;(en blanco);Cabotaje;7;2;9
2025-01;ROS - UAQ;American Jet;Cabotaje;;25;25
2025-01;ROS - VLG;(en blanco);Cabotaje;3;;3
2025-01;ROS - VVI;(en blanco);Internacional;1;;1
2025-01;RSA - RSA;(en blanco);Cabotaje;11;;11
2025-01;RSA - SA32;(en blanco);Cabotaje;2;;2
2025-01;SA02 - SLA;(en blanco);Cabotaje;2;4;6
2025-01;SA32 - SFN;(en blanco);Cabotaje;1;;1
2025-01;SA44 - TUC;(en blanco);Cabotaje;7;;7
2025-01;SACD - UAQ;(en blanco);Cabotaje;2;;2
2025-01;SANO - SLA;(en blanco);Cabotaje;1;;1
2025-01;SCL - USH;LATAM;Internacional;;535;535
2025-01;SCL - USH;N/A;Internacional;1;;1
2025-01;SDE - SDE;(en blanco);Cabotaje;14;;14
2025-01;SDE - TUC;(en blanco);Cabotaje;11;;11
2025-01;SDE - UAQ;(en blanco);Cabotaje;3;;3
2025-01;SDE - VDR;(en blanco);Cabotaje;1;;1
2025-01;SID - USH;(en blanco);Internacional;5;;5
2025-01;SLA - SLA;(en blanco);Cabotaje;11;13;24
2025-01;SLA - TTG;(en blanco);Cabotaje;7;7;14
2025-01;SLA - TUC;Aerol¡neas Argentinas;Cabotaje;;83;83
2025-01;SLA - TUC;Fuerza A‚rea Argentina;Cabotaje;2;;2
2025-01;SLA - TUC;(en blanco);Cabotaje;2;4;6
2025-01;SLA - UAQ;(en blanco);Cabotaje;1;;1
2025-01;SLA - VVI;N/A;Internacional;;5;5
2025-01;TUC - TUC;(en blanco);Cabotaje;66;4;70
2025-01;UAQ - VDR;(en blanco);Cabotaje;2;;2
2025-01;USH - VDM;N/A;Cabotaje;2;3;5
2025-02;3005 - FDO;(en blanco);Internacional;;2;2
2025-02;3017 - SLA;American Jet;Internacional;;6;6
2025-02;3017 - SLA;(en blanco);Internacional;;674;674
2025-02;AEP - AEP;Aerol¡neas Argentinas;Cabotaje;;4;4
2025-02;AEP - AFA;Aerol¡neas Argentinas;Cabotaje;;3857;3857
2025-02;AEP - AFA;(en blanco);Cabotaje;;43;43
2025-02;AEP - AR-0184;N/A;Cabotaje;;5;5
2025-02;AEP - ARI;N/A;Internacional;;8;8
2025-02;AEP - ASU;Aerol¡neas Argentinas;Internacional;;7129;7129
2025-02;AEP - ASU;Amaszonas;Internacional;;2072;2072
2025-02;AEP - ASU;Fuerza A‚rea Paraguaya;Internacional;3;;3
2025-02;AEP - ASU;JetSMART Airlines;Internacional;;3646;3646
2025-02;AEP - ASU;N/A;Internacional;15;1;16
2025-02;AEP - ASU;(en blanco);Internacional;;5;5
2025-02;AEP - BHI;Aerol¡neas Argentinas;Cabotaje;;14520;14520
2025-02;AEP - BHI;N/A;Cabotaje;6;6;12
2025-02;AEP - BHI;(en blanco);Cabotaje;8;5;13
2025-02;AEP - BOG;Aerol¡neas Argentinas;Internacional;;5120;5120
2025-02;AEP - BOG;Avianca;Internacional;;3539;3539
2025-02;AEP - BPS;Aerol¡neas Argentinas;Internacional;;3808;3808
2025-02;AEP - BRC;Aerol¡neas Argentinas;Cabotaje;;73532;73532
2025-02;AEP - BRC;Andes L¡neas A‚reas;Cabotaje;;423;423
2025-02;AEP - BRC;Flybondi;Cabotaje;;4904;4904
2025-02;AEP - BRC;JetSMART Airlines;Cabotaje;;29250;29250
2025-02;AEP - BRC;N/A;Cabotaje;11;8;19
2025-02;AEP - BRC;(en blanco);Cabotaje;57;85;142
2025-02;AEP - BSB;Aerol¡neas Argentinas;Internacional;;633;633
2025-02;AEP - BSB;TAM Linhas A‚reas;Internacional;;158;158
2025-02;AEP - CGR;(en blanco);Internacional;;4;4
2025-02;AEP - CNQ;Aerol¡neas Argentinas;Cabotaje;;5094;5094
2025-02;AEP - CNQ;Flybondi;Cabotaje;;9519;9519
2025-02;AEP - CNQ;(en blanco);Cabotaje;3;3;6
2025-02;AEP - COR;Aerol¡neas Argentinas;Cabotaje;;51990;51990
2025-02;AEP - COR;American Jet;Cabotaje;;59;59
2025-02;AEP - COR;Andes L¡neas A‚reas;Cabotaje;;85;85
2025-02;AEP - COR;Flybondi;Cabotaje;;20790;20790
2025-02;AEP - COR;JetSMART Airlines;Cabotaje;;31336;31336
2025-02;AEP - COR;N/A;Cabotaje;1;4;5
2025-02;AEP - COR;(en blanco);Cabotaje;8;3;11
2025-02;AEP - CPC;Aerol¡neas Argentinas;Cabotaje;;16902;16902
2025-02;AEP - CPC;JetSMART Airlines;Cabotaje;;11768;11768
2025-02;AEP - CPC;(en blanco);Cabotaje;;2;2
2025-02;AEP - CPT;(en blanco);Internacional;4;;4
2025-02;AEP - CRD;Aerol¡neas Argentinas;Cabotaje;;22644;22644
2025-02;AEP - CRD;Flybondi;Cabotaje;;853;853
2025-02;AEP - CRD;JetSMART Airlines;Cabotaje;;5055;5055
2025-02;AEP - CRD;N/A;Cabotaje;;4;4
2025-02;AEP - CRD;(en blanco);Cabotaje;2;;2
2025-02;AEP - CTC;Aerol¡neas Argentinas;Cabotaje;;4251;4251
2025-02;AEP - CWB;Aerol¡neas Argentinas;Internacional;;4319;4319
2025-02;AEP - EPA;(en blanco);Cabotaje;22;;22
2025-02;AEP - EQS;Aerol¡neas Argentinas;Cabotaje;;7312;7312
2025-02;AEP - EQS;N/A;Cabotaje;;7;7
2025-02;AEP - EQS;(en blanco);Cabotaje;2;2;4
2025-02;AEP - EZE;Flybondi;Cabotaje;;50;50
2025-02;AEP - EZE;N/A;Cabotaje;;4;4
2025-02;AEP - EZE;(en blanco);Cabotaje;;1;1
2025-02;AEP - FDO;N/A;Cabotaje;1;9;10
2025-02;AEP - FDO;(en blanco);Cabotaje;3;3;6
2025-02;AEP - FLL;N/A;Internacional;1;;1
2025-02;AEP - FLN;Aerol¡neas Argentinas;Internacional;;25584;25584
2025-02;AEP - FLN;Flybondi;Internacional;;9361;9361
2025-02;AEP - FLN;Gol Transportes A‚reos;Internacional;;8641;8641
2025-02;AEP - FLN;JetSMART Airlines;Internacional;;15109;15109
2025-02;AEP - FLN;N/A;Internacional;;11;11
2025-02;AEP - FMA;Aerol¡neas Argentinas;Cabotaje;;5413;5413
2025-02;AEP - FMA;JetSMART Airlines;Cabotaje;;48;48
2025-02;AEP - FMA;N/A;Cabotaje;;28;28
2025-02;AEP - FMA;(en blanco);Cabotaje;19;4;23
2025-02;AEP - FTE;Aerol¡neas Argentinas;Cabotaje;;32551;32551
2025-02;AEP - FTE;American Jet;Cabotaje;;5;5
2025-02;AEP - FTE;Flybondi;Cabotaje;;3173;3173
2025-02;AEP - FTE;JetSMART Airlines;Cabotaje;;3614;3614
2025-02;AEP - FTE;N/A;Cabotaje;4;;4
2025-02;AEP - FTE;NetJets;Cabotaje;4;;4
2025-02;AEP - FXE;N/A;Internacional;;1;1
2025-02;AEP - GIG;Aerol¡neas Argentinas;Internacional;;39027;39027
2025-02;AEP - GIG;Flybondi;Internacional;;7414;7414
2025-02;AEP - GIG;Gol Transportes A‚reos;Internacional;;498;498
2025-02;AEP - GIG;JetSMART Airlines;Internacional;;8558;8558
2025-02;AEP - GIG;N/A;Internacional;2;5;7
2025-02;AEP - GIG;TAM Linhas A‚reas;Internacional;;164;164
2025-02;AEP - GIG;(en blanco);Internacional;;4;4
2025-02;AEP - GRU;Aerol¡neas Argentinas;Internacional;;20644;20644
2025-02;AEP - GRU;Flybondi;Internacional;;6251;6251
2025-02;AEP - GRU;Gol Transportes A‚reos;Internacional;;32674;32674
2025-02;AEP - GRU;N/A;Internacional;5;;5
2025-02;AEP - GRU;TAM Linhas A‚reas;Internacional;;39878;39878
2025-02;AEP - GYE;N/A;Internacional;;2;2
2025-02;AEP - IAD;(en blanco);Internacional;;2;2
2025-02;AEP - IGR;Aerol¡neas Argentinas;Cabotaje;;42895;42895
2025-02;AEP - IGR;Flybondi;Cabotaje;;15354;15354
2025-02;AEP - IGR;JetSMART Airlines;Cabotaje;;30349;30349
2025-02;AEP - IGR;N/A;Cabotaje;;1;1
2025-02;AEP - IGU;Flybondi;Internacional;;164;164
2025-02;AEP - IGU;N/A;Internacional;;5;5
2025-02;AEP - IGU;(en blanco);Internacional;;4;4
2025-02;AEP - IRJ;Aerol¡neas Argentinas;Cabotaje;;4392;4392
2025-02;AEP - IRJ;N/A;Cabotaje;2;8;10
2025-02;AEP - IRJ;(en blanco);Cabotaje;1;5;6
2025-02;AEP - JUJ;Aerol¡neas Argentinas;Cabotaje;;14811;14811
2025-02;AEP - JUJ;Flybondi;Cabotaje;;9541;9541
2025-02;AEP - JUJ;N/A;Cabotaje;4;17;21
2025-02;AEP - JUJ;(en blanco);Cabotaje;10;1;11
2025-02;AEP - KNA;N/A;Internacional;;6;6
2025-02;AEP - LCM;(en blanco);Cabotaje;;2;2
2025-02;AEP - LIM;Aerol¡neas Argentinas;Internacional;;7245;7245
2025-02;AEP - LIM;JetSMART Airlines;Internacional;;8507;8507
2025-02;AEP - LIM;LATAM;Internacional;;170;170
2025-02;AEP - LIM;LATAM Per£;Internacional;;16322;16322
2025-02;AEP - LIM;Sky Airline;Internacional;;2943;2943
2025-02;AEP - LIM;(en blanco);Internacional;4;;4
2025-02;AEP - LMMM;N/A;Internacional;6;4;10
2025-02;AEP - LPG;(en blanco);Cabotaje;2;;2
2025-02;AEP - LUQ;Aerol¡neas Argentinas;Cabotaje;;3930;3930
2025-02;AEP - LUQ;Flybondi;Cabotaje;;42;42
2025-02;AEP - LUQ;N/A;Cabotaje;;1;1
2025-02;AEP - LUQ;(en blanco);Cabotaje;1;;1
2025-02;AEP - MDQ;Aerol¡neas Argentinas;Cabotaje;;23644;23644
2025-02;AEP - MDQ;LADE - L¡neas A‚reas Del Estado;Cabotaje;19;7;26
2025-02;AEP - MDQ;N/A;Cabotaje;;18;18
2025-02;AEP - MDQ;(en blanco);Cabotaje;80;23;103
2025-02;AEP - MDZ;Aerol¡neas Argentinas;Cabotaje;;38240;38240
2025-02;AEP - MDZ;American Jet;Cabotaje;;142;142
2025-02;AEP - MDZ;Andes L¡neas A‚reas;Cabotaje;;1083;1083
2025-02;AEP - MDZ;Flybondi;Cabotaje;;18360;18360
2025-02;AEP - MDZ;JetSMART Airlines;Cabotaje;;32542;32542
2025-02;AEP - MDZ;N/A;Cabotaje;2;14;16
2025-02;AEP - MDZ;(en blanco);Cabotaje;10;32;42
2025-02;AEP - MVD;Aerol¡neas Argentinas;Internacional;;10520;10520
2025-02;AEP - MVD;JetSMART Airlines;Internacional;;226;226
2025-02;AEP - MVD;N/A;Internacional;;20;20
2025-02;AEP - MVD;(en blanco);Internacional;1;4;5
2025-02;AEP - NAT;Gol Transportes A‚reos;Internacional;;1148;1148
2025-02;AEP - NQN;Aerol¡neas Argentinas;Cabotaje;;30439;30439
2025-02;AEP - NQN;Flybondi;Cabotaje;;12520;12520
2025-02;AEP - NQN;JetSMART Airlines;Cabotaje;;21752;21752
2025-02;AEP - NQN;N/A;Cabotaje;;27;27
2025-02;AEP - NQN;(en blanco);Cabotaje;2;;2
2025-02;AEP - OPO;N/A;Internacional;;6;6
2025-02;AEP - PDP;Aerol¡neas Argentinas;Internacional;;16888;16888
2025-02;AEP - PDP;Avianca Uruguay;Internacional;2;2;4
2025-02;AEP - PDP;N/A;Internacional;2;159;161
2025-02;AEP - PDP;(en blanco);Internacional;6;18;24
2025-02;AEP - PMQ;American Jet;Cabotaje;;32;32
2025-02;AEP - PMY;Aerol¡neas Argentinas;Cabotaje;;5903;5903
2025-02;AEP - PMY;Flybondi;Cabotaje;;4470;4470
2025-02;AEP - PMY;N/A;Cabotaje;;13;13
2025-02;AEP - PMY;(en blanco);Cabotaje;1;;1
2025-02;AEP - PNT;N/A;Internacional;;2;2
2025-02;AEP - POA;N/A;Internacional;;3;3
2025-02;AEP - PRA;Aerol¡neas Argentinas;Cabotaje;;3248;3248
2025-02;AEP - PRA;N/A;Cabotaje;;5;5
2025-02;AEP - PRA;(en blanco);Cabotaje;2;;2
2025-02;AEP - PSS;Aerol¡neas Argentinas;Cabotaje;;9203;9203
2025-02;AEP - PSS;Flybondi;Cabotaje;;10512;10512
2025-02;AEP - PSS;N/A;Cabotaje;2;6;8
2025-02;AEP - PSS;(en blanco);Cabotaje;2;3;5
2025-02;AEP - PTY;N/A;Internacional;;4;4
2025-02;AEP - RAF;N/A;Cabotaje;;4;4
2025-02;AEP - RCQ;(en blanco);Cabotaje;14;6;20
2025-02;AEP - RCU;Aerol¡neas Argentinas;Cabotaje;;1100;1100
2025-02;AEP - RCU;(en blanco);Cabotaje;3;;3
2025-02;AEP - REC;Gol Transportes A‚reos;Internacional;;1534;1534
2025-02;AEP - REL;Aerol¡neas Argentinas;Cabotaje;;16484;16484
2025-02;AEP - REL;N/A;Cabotaje;;3;3
2025-02;AEP - REL;(en blanco);Cabotaje;8;;8
2025-02;AEP - RES;Aerol¡neas Argentinas;Cabotaje;;10229;10229
2025-02;AEP - RES;N/A;Cabotaje;;5;5
2025-02;AEP - RES;(en blanco);Cabotaje;17;6;23
2025-02;AEP - RGA;Aerol¡neas Argentinas;Cabotaje;;11641;11641
2025-02;AEP - RGL;Aerol¡neas Argentinas;Cabotaje;;10512;10512
2025-02;AEP - RGL;Flybondi;Cabotaje;;412;412
2025-02;AEP - RGL;N/A;Cabotaje;;8;8
2025-02;AEP - RGL;(en blanco);Cabotaje;18;2;20
2025-02;AEP - RHD;Aerol¡neas Argentinas;Cabotaje;;1337;1337
2025-02;AEP - RLO;Aerol¡neas Argentinas;Cabotaje;;718;718
2025-02;AEP - ROS;Aerol¡neas Argentinas;Cabotaje;;12082;12082
2025-02;AEP - ROS;Flybondi;Cabotaje;;66;66
2025-02;AEP - ROS;N/A;Cabotaje;;4;4
2025-02;AEP - ROS;(en blanco);Cabotaje;5;6;11
2025-02;AEP - RSA;Aerol¡neas Argentinas;Cabotaje;;2919;2919
2025-02;AEP - RZA;(en blanco);Cabotaje;;2;2
2025-02;AEP - SA32;N/A;Cabotaje;;22;22
2025-02;AEP - SA40;(en blanco);Cabotaje;2;;2
2025-02;AEP - SAAN;(en blanco);Cabotaje;;1;1
2025-02;AEP - SAOM;(en blanco);Cabotaje;;1;1
2025-02;AEP - SCL;Aerol¡neas Argentinas;Internacional;;15499;15499
2025-02;AEP - SCL;JetSMART Airlines;Internacional;;23845;23845
2025-02;AEP - SCL;LATAM;Internacional;;32470;32470
2025-02;AEP - SCL;N/A;Internacional;;8;8
2025-02;AEP - SCL;Sky Airline;Internacional;;19512;19512
2025-02;AEP - SDE;Aerol¡neas Argentinas;Cabotaje;;7091;7091
2025-02;AEP - SDE;American Jet;Cabotaje;;42;42
2025-02;AEP - SDE;Flybondi;Cabotaje;;7535;7535
2025-02;AEP - SDE;N/A;Cabotaje;1;5;6
2025-02;AEP - SDE;(en blanco);Cabotaje;14;1;15
2025-02;AEP - SFN;Aerol¡neas Argentinas;Cabotaje;;4506;4506
2025-02;AEP - SFN;American Jet;Cabotaje;;46;46
2025-02;AEP - SFN;N/A;Cabotaje;2;1;3
2025-02;AEP - SGR;N/A;Internacional;6;;6
2025-02;AEP - SID;(en blanco);Internacional;;1;1
2025-02;AEP - SLA;Aerol¡neas Argentinas;Cabotaje;;27228;27228
2025-02;AEP - SLA;Andes L¡neas A‚reas;Cabotaje;;145;145
2025-02;AEP - SLA;Flybondi;Cabotaje;;6078;6078
2025-02;AEP - SLA;JetSMART Airlines;Cabotaje;;16946;16946
2025-02;AEP - SLA;N/A;Cabotaje;;2;2
2025-02;AEP - SLA;(en blanco);Cabotaje;7;5;12
2025-02;AEP - SSA;Aerol¡neas Argentinas;Internacional;;12592;12592
2025-02;AEP - SSA;Gol Transportes A‚reos;Internacional;;1246;1246
2025-02;AEP - TAP;N/A;Internacional;;1;1
2025-02;AEP - TDL;Fuerza A‚rea Argentina;Cabotaje;5;;5
2025-02;AEP - TDL;(en blanco);Cabotaje;203;21;224
2025-02;AEP - TEB;N/A;Internacional;2;;2
2025-02;AEP - TTG;N/A;Cabotaje;;1;1
2025-02;AEP - TUC;Aerol¡neas Argentinas;Cabotaje;;21107;21107
2025-02;AEP - TUC;American Jet;Cabotaje;;52;52
2025-02;AEP - TUC;Flybondi;Cabotaje;;12201;12201
2025-02;AEP - TUC;JetSMART Airlines;Cabotaje;;12369;12369
2025-02;AEP - TUC;N/A;Cabotaje;5;28;33
2025-02;AEP - UAQ;Aerol¡neas Argentinas;Cabotaje;;9122;9122
2025-02;AEP - UAQ;Flybondi;Cabotaje;;3920;3920
2025-02;AEP - UAQ;N/A;Cabotaje;1;8;9
2025-02;AEP - UAQ;(en blanco);Cabotaje;;2;2
2025-02;AEP - USH;Aerol¡neas Argentinas;Cabotaje;;32612;32612
2025-02;AEP - USH;Flybondi;Cabotaje;;1266;1266
2025-02;AEP - USH;JetSMART Airlines;Cabotaje;;3235;3235
2025-02;AEP - USH;N/A;Cabotaje;1;12;13
2025-02;AEP - USH;(en blanco);Cabotaje;11;;11
2025-02;AEP - VDM;Aerol¡neas Argentinas;Cabotaje;;2869;2869
2025-02;AEP - VDM;(en blanco);Cabotaje;8;3;11
2025-02;AEP - VLG;N/A;Cabotaje;;1;1
2025-02;AEP - VMA;N/A;Cabotaje;;11;11
2025-02;AEP - VMA;(en blanco);Cabotaje;;2;2
2025-02;AEP - VME;(en blanco);Cabotaje;9;1;10
2025-02;AEP - VVI;Aerol¡neas Argentinas;Internacional;;1247;1247
2025-02;AFA - AR-0005;(en blanco);Cabotaje;1;;1
2025-02;AFA - CNQ;N/A;Cabotaje;7;;7
2025-02;AFA - COR;(en blanco);Cabotaje;6;3;9
2025-02;AFA - FDO;(en blanco);Cabotaje;4;;4
2025-02;AFA - LGS;(en blanco);Cabotaje;2;;2
2025-02;AFA - NQN;(en blanco);Cabotaje;12;;12
2025-02;AFA - RCU;(en blanco);Cabotaje;1;;1
2025-02;AFA - RSA;(en blanco);Cabotaje;2;;2
2025-02;AFA - UAQ;(en blanco);Cabotaje;;2;2
2025-02;AMS - EZE;KLM;Internacional;;13135;13135
2025-02;AOL - CNQ;(en blanco);Cabotaje;2;;2
2025-02;APZ - NQN;(en blanco);Cabotaje;2;;2
2025-02;AQP - EZE;Starlink Aviation;Internacional;;1;1
2025-02;AR-0008 - OYA;(en blanco);Cabotaje;1;;1
2025-02;AR-0008 - RCQ;(en blanco);Cabotaje;;1;1
2025-02;AR-0009 - CNQ;(en blanco);Cabotaje;3;;3
2025-02;AR-0009 - COR;(en blanco);Cabotaje;4;;4
2025-02;AR-0009 - EZE;(en blanco);Cabotaje;;4;4
2025-02;AR-0009 - FDO;(en blanco);Cabotaje;3;;3
2025-02;AR-0009 - ROS;(en blanco);Cabotaje;4;;4
2025-02;AR-0010 - FDO;(en blanco);Cabotaje;3;;3
2025-02;AR-0018 - SLA;(en blanco);Cabotaje;1;;1
2025-02;AR-0019 - BRC;(en blanco);Cabotaje;2;;2
2025-02;AR-0019 - EQS;(en blanco);Cabotaje;1;;1
2025-02;AR-0019 - NQN;(en blanco);Cabotaje;4;;4
2025-02;AR-0019 - RGL;(en blanco);Cabotaje;;1;1
2025-02;AR-0019 - USH;(en blanco);Cabotaje;;1;1
2025-02;AR-0023 - VDM;(en blanco);Cabotaje;;1;1
2025-02;AR-0024 - FDO;(en blanco);Cabotaje;2;;2
2025-02;AR-0024 - MDQ;(en blanco);Cabotaje;;1;1
2025-02;AR-0031 - FDO;(en blanco);Cabotaje;1;1;2
2025-02;AR-0038 - TUC;(en blanco);Cabotaje;2;;2
2025-02;AR-0041 - FDO;(en blanco);Cabotaje;;2;2
2025-02;AR-0049 - COR;(en blanco);Cabotaje;3;;3
2025-02;AR-0051 - FDO;(en blanco);Cabotaje;1;;1
2025-02;AR-0052 - CNQ;(en blanco);Cabotaje;;2;2
2025-02;AR-0052 - FDO;(en blanco);Cabotaje;1;;1
2025-02;AR-0052 - OYA;(en blanco);Cabotaje;3;;3
2025-02;AR-0061 - MDQ;(en blanco);Cabotaje;;1;1
2025-02;AR-0062 - CPC;(en blanco);Cabotaje;1;;1
2025-02;AR-0063 - EZE;(en blanco);Cabotaje;2;;2
2025-02;AR-0063 - FDO;(en blanco);Cabotaje;9;;9
2025-02;AR-0069 - EZE;(en blanco);Cabotaje;;4;4
2025-02;AR-0073 - RGL;(en blanco);Cabotaje;3;;3
2025-02;AR-0077 - EZE;(en blanco);Cabotaje;;1;1
2025-02;AR-0077 - FDO;(en blanco);Cabotaje;1;;1
2025-02;AR-0077 - ROS;(en blanco);Cabotaje;1;;1
2025-02;AR-0080 - COR;(en blanco);Cabotaje;2;;2
2025-02;AR-0080 - FDO;(en blanco);Cabotaje;2;;2
2025-02;AR-0083 - FDO;(en blanco);Cabotaje;2;;2
2025-02;AR-0100 - FDO;(en blanco);Cabotaje;1;;1
2025-02;AR-0102 - EQS;(en blanco);Cabotaje;1;;1
2025-02;AR-0110 - MOR;(en blanco);Cabotaje;2;;2
2025-02;AR-0110 - ROS;(en blanco);Cabotaje;1;1;2
2025-02;AR-0111 - EZE;(en blanco);Cabotaje;1;;1
2025-02;AR-0114 - FDO;(en blanco);Cabotaje;1;;1
2025-02;AR-0117 - COR;(en blanco);Cabotaje;3;;3
2025-02;AR-0119 - CNQ;(en blanco);Cabotaje;3;;3
2025-02;AR-0124 - COR;(en blanco);Cabotaje;;3;3
2025-02;AR-0138 - EZE;(en blanco);Cabotaje;;1;1
2025-02;AR-0141 - RSA;(en blanco);Cabotaje;2;;2
2025-02;AR-0142 - CNQ;(en blanco);Cabotaje;2;;2
2025-02;AR-0142 - FDO;(en blanco);Cabotaje;2;2;4
2025-02;AR-0152 - NQN;(en blanco);Cabotaje;;1;1
2025-02;AR-0181 - RES;(en blanco);Cabotaje;2;;2
2025-02;AR-0184 - EZE;(en blanco);Cabotaje;;1;1
2025-02;AR-0185 - FDO;(en blanco);Cabotaje;;1;1
2025-02;AR-0194 - SLA;(en blanco);Cabotaje;3;1;4
2025-02;AR-0211 - CNQ;(en blanco);Cabotaje;;3;3
2025-02;AR-0211 - EZE;(en blanco);Cabotaje;1;;1
2025-02;AR-0211 - SDE;(en blanco);Cabotaje;1;;1
2025-02;AR-0212 - FDO;(en blanco);Cabotaje;;3;3
2025-02;AR-0212 - SLA;(en blanco);Cabotaje;4;;4
2025-02;AR-0212 - UAQ;(en blanco);Cabotaje;2;;2
2025-02;AR-0213 - VDM;(en blanco);Cabotaje;3;;3
2025-02;AR-0216 - FDO;(en blanco);Cabotaje;1;;1
2025-02;AR-0218 - FDO;(en blanco);Cabotaje;1;;1
2025-02;AR-0231 - FDO;(en blanco);Cabotaje;1;;1
2025-02;AR-0236 - BRC;(en blanco);Cabotaje;5;3;8
2025-02;AR-0238 - BRC;(en blanco);Cabotaje;3;59;62
2025-02;AR-0238 - NQN;(en blanco);Cabotaje;1;;1
2025-02;AR-0240 - FDO;(en blanco);Cabotaje;1;;1
2025-02;AR-0248 - COR;(en blanco);Cabotaje;2;;2
2025-02;AR-0252 - EZE;(en blanco);Cabotaje;;5;5
2025-02;AR-0252 - FDO;(en blanco);Cabotaje;3;;3
2025-02;AR-0257 - BHI;(en blanco);Cabotaje;1;;1
2025-02;AR-0260 - RGL;(en blanco);Cabotaje;2;1;3
2025-02;AR-0271 - EPA;(en blanco);Cabotaje;1;;1
2025-02;AR-0289 - CNQ;(en blanco);Cabotaje;1;;1
2025-02;AR-0289 - PRA;(en blanco);Cabotaje;1;;1
2025-02;AR-0292 - BHI;(en blanco);Cabotaje;3;;3
2025-02;AR-0313 - FDO;(en blanco);Cabotaje;1;;1
2025-02;AR-0313 - NQN;(en blanco);Cabotaje;4;;4
2025-02;AR-0318 - CPC;(en blanco);Cabotaje;;1;1
2025-02;AR-0318 - MDZ;N/A;Cabotaje;2;;2
2025-02;AR-0318 - MDZ;(en blanco);Cabotaje;1;;1
2025-02;AR-0318 - NQN;(en blanco);Cabotaje;2;;2
2025-02;AR-0320 - SLA;(en blanco);Cabotaje;3;;3
2025-02;AR-0327 - ROS;(en blanco);Cabotaje;4;;4
2025-02;AR-0328 - COR;(en blanco);Cabotaje;1;;1
2025-02;AR-0331 - MDQ;(en blanco);Cabotaje;2;;2
2025-02;AR-0332 - ROS;(en blanco);Cabotaje;2;;2
2025-02;AR-0343 - FDO;(en blanco);Cabotaje;2;1;3
2025-02;AR-0345 - FDO;(en blanco);Cabotaje;2;;2
2025-02;AR-0355 - FDO;(en blanco);Cabotaje;4;;4
2025-02;AR-0369 - NQN;American Jet;Cabotaje;;222;222
2025-02;AR-0370 - FDO;(en blanco);Cabotaje;3;;3
2025-02;AR-0370 - JUJ;(en blanco);Cabotaje;3;;3
2025-02;AR-0370 - RHD;(en blanco);Cabotaje;;2;2
2025-02;AR-0370 - SLA;(en blanco);Cabotaje;1;1;2
2025-02;AR-0370 - TUC;(en blanco);Cabotaje;4;3;7
2025-02;AR-0383 - RSA;(en blanco);Cabotaje;1;;1
2025-02;AR-0386 - RGL;Flybondi;Cabotaje;;51;51
2025-02;AR-0395 - MDQ;(en blanco);Cabotaje;2;2;4
2025-02;AR-0397 - ROS;(en blanco);Cabotaje;1;;1
2025-02;AR-0424 - SLA;(en blanco);Cabotaje;4;1;5
2025-02;AR-0431 - CPC;(en blanco);Cabotaje;1;5;6
2025-02;AR-0457 - EZE;(en blanco);Cabotaje;;5;5
2025-02;AR-0469 - NQN;(en blanco);Cabotaje;4;;4
2025-02;ARI - FDO;(en blanco);Internacional;11;;11
2025-02;ASU - CNQ;(en blanco);Internacional;;4;4
2025-02;ASU - COR;Aerol¡neas Argentinas;Internacional;;169;169
2025-02;ASU - COR;Amaszonas;Internacional;;750;750
2025-02;ASU - FDO;N/A;Internacional;;2;2
2025-02;ASU - FDO;(en blanco);Internacional;13;7;20
2025-02;ASU - JUJ;Amaszonas;Internacional;;307;307
2025-02;ASU - JUJ;(en blanco);Internacional;7;;7
2025-02;ASU - MDQ;N/A;Internacional;11;;11
2025-02;ASU - RES;(en blanco);Internacional;1;;1
2025-02;ASU - SLA;Amaszonas;Internacional;;305;305
2025-02;ASU - USH;(en blanco);Internacional;;2;2
2025-02;ATL - EZE;Delta Air Lines;Internacional;;14135;14135
2025-02;BAQ - EZE;N/A;Internacional;2;8;10
2025-02;BAQ - FDO;N/A;Internacional;2;;2
2025-02;BBA - EZE;N/A;Internacional;;5;5
2025-02;BCN - EZE;Iberia Airlines;Internacional;;18474;18474
2025-02;BCT - BRC;N/A;Internacional;;8;8
2025-02;BHI - BRC;Fuerza A‚rea Argentina;Cabotaje;13;;13
2025-02;BHI - BRC;LADE - L¡neas A‚reas Del Estado;Cabotaje;11;211;222
2025-02;BHI - BRC;(en blanco);Cabotaje;26;;26
2025-02;BHI - CRD;(en blanco);Cabotaje;12;;12
2025-02;BHI - EHL;(en blanco);Cabotaje;12;;12
2025-02;BHI - EPA;Fuerza A‚rea Argentina;Cabotaje;45;;45
2025-02;BHI - EZE;Aerol¡neas Argentinas;Cabotaje;;45;45
2025-02;BHI - EZE;(en blanco);Cabotaje;;7;7
2025-02;BHI - FDO;N/A;Cabotaje;1;;1
2025-02;BHI - FDO;(en blanco);Cabotaje;8;5;13
2025-02;BHI - LPG;(en blanco);Cabotaje;2;;2
2025-02;BHI - MDQ;LADE - L¡neas A‚reas Del Estado;Cabotaje;18;160;178
2025-02;BHI - MDQ;N/A;Cabotaje;4;;4
2025-02;BHI - MJR;(en blanco);Cabotaje;3;;3
2025-02;BHI - MOR;(en blanco);Cabotaje;1;;1
2025-02;BHI - NQN;(en blanco);Cabotaje;5;;5
2025-02;BHI - REL;(en blanco);Cabotaje;8;;8
2025-02;BHI - RGA;(en blanco);Cabotaje;10;;10
2025-02;BHI - SA17;(en blanco);Cabotaje;1;;1
2025-02;BHI - SCL;(en blanco);Internacional;;5;5
2025-02;BOG - EZE;Avianca;Internacional;;21853;21853
2025-02;BOG - EZE;Gol Transportes A‚reos;Internacional;;900;900
2025-02;BOG - EZE;LATAM Per£;Internacional;;144;144
2025-02;BOG - EZE;N/A;Internacional;2;;2
2025-02;BOG - MDZ;(en blanco);Internacional;;3;3
2025-02;BPS - COR;Andes L¡neas A‚reas;Internacional;;1030;1030
2025-02;BPS - EZE;Gol Transportes A‚reos;Internacional;;1401;1401
2025-02;BRC - BRC;Aerol¡neas Argentinas;Cabotaje;;77;77
2025-02;BRC - BRC;(en blanco);Cabotaje;2;69;71
2025-02;BRC - COR;Aerol¡neas Argentinas;Cabotaje;;4717;4717
2025-02;BRC - COR;Flybondi;Cabotaje;;7129;7129
2025-02;BRC - CPC;Fuerza A‚rea Argentina;Cabotaje;13;;13
2025-02;BRC - CPC;(en blanco);Cabotaje;31;2;33
2025-02;BRC - EHL;Fuerza A‚rea Argentina;Cabotaje;20;;20
2025-02;BRC - EHL;(en blanco);Cabotaje;39;;39
2025-02;BRC - EPA;Fuerza A‚rea Argentina;Cabotaje;1;;1
2025-02;BRC - EPA;(en blanco);Cabotaje;15;;15
2025-02;BRC - EQS;N/A;Cabotaje;1;;1
2025-02;BRC - EQS;(en blanco);Cabotaje;4;1;5
2025-02;BRC - EZE;Aerol¡neas Argentinas;Cabotaje;;16208;16208
2025-02;BRC - EZE;Andes L¡neas A‚reas;Cabotaje;;1980;1980
2025-02;BRC - EZE;Copa Airlines;Cabotaje;;61;61
2025-02;BRC - EZE;Flybondi;Cabotaje;;29582;29582
2025-02;BRC - EZE;JetSMART Airlines;Cabotaje;;17099;17099
2025-02;BRC - EZE;N/A;Cabotaje;;3;3
2025-02;BRC - EZE;(en blanco);Cabotaje;;5;5
2025-02;BRC - FDO;N/A;Cabotaje;10;16;26
2025-02;BRC - FDO;(en blanco);Cabotaje;55;30;85
2025-02;BRC - FTE;Aerol¡neas Argentinas;Cabotaje;;6379;6379
2025-02;BRC - GNR;(en blanco);Cabotaje;4;2;6
2025-02;BRC - GRU;N/A;Internacional;5;;5
2025-02;BRC - GYE;N/A;Internacional;2;;2
2025-02;BRC - IGR;N/A;Cabotaje;1;1;2
2025-02;BRC - JUJ;(en blanco);Cabotaje;36;;36
2025-02;BRC - LAX;N/A;Internacional;4;;4
2025-02;BRC - MCO;N/A;Internacional;;13;13
2025-02;BRC - MDZ;Aerol¡neas Argentinas;Cabotaje;;3293;3293
2025-02;BRC - MDZ;JetSMART Airlines;Cabotaje;;5184;5184
2025-02;BRC - MDZ;N/A;Cabotaje;4;8;12
2025-02;BRC - MDZ;(en blanco);Cabotaje;3;4;7
2025-02;BRC - MIA;N/A;Internacional;2;;2
2025-02;BRC - NAS;N/A;Internacional;11;;11
2025-02;BRC - NQN;N/A;Cabotaje;;3;3
2025-02;BRC - NQN;(en blanco);Cabotaje;18;4;22
2025-02;BRC - OPF;N/A;Internacional;4;;4
2025-02;BRC - PDP;Avianca Uruguay;Internacional;4;;4
2025-02;BRC - PDP;(en blanco);Internacional;3;1;4
2025-02;BRC - PEH;(en blanco);Cabotaje;1;;1
2025-02;BRC - PMC;Transportes A‚reos San Rafael;Internacional;2;;2
2025-02;BRC - PMC;(en blanco);Internacional;2;;2
2025-02;BRC - ROS;Aerol¡neas Argentinas;Cabotaje;;3329;3329
2025-02;BRC - ROS;N/A;Cabotaje;4;4;8
2025-02;BRC - RSA;(en blanco);Cabotaje;10;;10
2025-02;BRC - SCL;Aerocardal;Internacional;6;;6
2025-02;BRC - SCL;LATAM;Internacional;;3098;3098
2025-02;BRC - SCL;N/A;Internacional;6;4;10
2025-02;BRC - SCL;Sky Airline;Internacional;;4188;4188
2025-02;BRC - SLA;Fuerza A‚rea Argentina;Cabotaje;28;;28
2025-02;BRC - TFS;N/A;Internacional;;3;3
2025-02;BRC - TUC;(en blanco);Cabotaje;2;;2
2025-02;BRC - USH;N/A;Cabotaje;2;3;5
2025-02;BRC - VDM;Transportes A‚reos San Rafael;Cabotaje;1;;1
2025-02;BRC - VME;(en blanco);Cabotaje;12;;12
2025-02;BRO - EZE;NetJets;Internacional;4;;4
2025-02;BRO - FDO;(en blanco);Internacional;8;;8
2025-02;BSB - EZE;Gol Transportes A‚reos;Internacional;;5931;5931
2025-02;CBB - EZE;Boliviana de Aviacion;Internacional;;168;168
2025-02;CDF - NQN;(en blanco);Internacional;1;;1
2025-02;CDG - EZE;Air France;Internacional;;15984;15984
2025-02;CGR - MDZ;N/A;Internacional;9;;9
2025-02;CLO - PSS;Air Canada;Internacional;1;;1
2025-02;CNF - EZE;Gol Transportes A‚reos;Internacional;;2209;2209
2025-02;CNQ - COR;(en blanco);Cabotaje;2;;2
2025-02;CNQ - EZE;Flybondi;Cabotaje;;1476;1476
2025-02;CNQ - FDO;American Jet;Cabotaje;8;;8
2025-02;CNQ - FDO;(en blanco);Cabotaje;17;5;22
2025-02;CNQ - FMA;(en blanco);Cabotaje;1;;1
2025-02;CNQ - GYN;N/A;Internacional;7;;7
2025-02;CNQ - IGU;N/A;Internacional;7;;7
2025-02;CNQ - IGU;(en blanco);Internacional;13;;13
2025-02;CNQ - MCS;(en blanco);Cabotaje;5;;5
2025-02;CNQ - MDQ;(en blanco);Cabotaje;2;;2
2025-02;CNQ - MDX;(en blanco);Cabotaje;3;;3
2025-02;CNQ - OYA;(en blanco);Cabotaje;2;;2
2025-02;CNQ - PRA;(en blanco);Cabotaje;9;;9
2025-02;CNQ - SLA;(en blanco);Cabotaje;2;2;4
2025-02;CNQ - SUAA;(en blanco);Internacional;4;;4
2025-02;CNQ - TUC;American Jet;Cabotaje;16;;16
2025-02;CNQ - TUC;(en blanco);Cabotaje;;16;16
2025-02;COR - COR;JetSMART Airlines;Cabotaje;;93;93
2025-02;COR - COR;N/A;Cabotaje;3;;3
2025-02;COR - COR;(en blanco);Cabotaje;10;;10
2025-02;COR - CPC;(en blanco);Cabotaje;2;2;4
2025-02;COR - CRD;Aerol¡neas Argentinas;Cabotaje;;2166;2166
2025-02;COR - CTC;Aerol¡neas Argentinas;Cabotaje;;46;46
2025-02;COR - CTC;(en blanco);Cabotaje;;3;3
2025-02;COR - CWB;N/A;Internacional;5;;5
2025-02;COR - CYR;(en blanco);Internacional;5;;5
2025-02;COR - EZE;Aerol¡neas Argentinas;Cabotaje;;7912;7912
2025-02;COR - EZE;Andes L¡neas A‚reas;Cabotaje;;1086;1086
2025-02;COR - EZE;Flybondi;Cabotaje;;4422;4422
2025-02;COR - EZE;JetSMART Airlines;Cabotaje;;731;731
2025-02;COR - EZE;N/A;Cabotaje;7;77;84
2025-02;COR - EZE;(en blanco);Cabotaje;14;7;21
2025-02;COR - FDO;N/A;Cabotaje;2;3;5
2025-02;COR - FDO;(en blanco);Cabotaje;37;16;53
2025-02;COR - FLN;Aerol¡neas Argentinas;Internacional;;3825;3825
2025-02;COR - FLN;Gol Transportes A‚reos;Internacional;;2629;2629
2025-02;COR - FLN;N/A;Internacional;5;;5
2025-02;COR - FMA;(en blanco);Cabotaje;;5;5
2025-02;COR - FTE;Aerol¡neas Argentinas;Cabotaje;;2125;2125
2025-02;COR - GIG;Aerol¡neas Argentinas;Internacional;;7148;7148
2025-02;COR - GIG;Gol Transportes A‚reos;Internacional;;9626;9626
2025-02;COR - GPO;(en blanco);Cabotaje;7;;7
2025-02;COR - GRU;Fair Wind Air Charter;Internacional;7;;7
2025-02;COR - GRU;N/A;Internacional;1;;1
2025-02;COR - IGR;Aerol¡neas Argentinas;Cabotaje;;4459;4459
2025-02;COR - IGR;Andes L¡neas A‚reas;Cabotaje;;158;158
2025-02;COR - IGR;N/A;Cabotaje;;7;7
2025-02;COR - IGU;N/A;Internacional;8;;8
2025-02;COR - IRJ;N/A;Cabotaje;4;4;8
2025-02;COR - IRJ;(en blanco);Cabotaje;7;;7
2025-02;COR - ITB;Aerol¡neas Argentinas;Internacional;;174;174
2025-02;COR - JUJ;Aerol¡neas Argentinas;Cabotaje;;2414;2414
2025-02;COR - JUJ;Flybondi;Cabotaje;;94;94
2025-02;COR - JUJ;(en blanco);Cabotaje;7;;7
2025-02;COR - LCM;(en blanco);Cabotaje;1;;1
2025-02;COR - LIM;LATAM Per£;Internacional;;8430;8430
2025-02;COR - LIM;N/A;Internacional;5;;5
2025-02;COR - LUQ;(en blanco);Cabotaje;7;;7
2025-02;COR - MAD;Air Europa;Internacional;;7197;7197
2025-02;COR - MCZ;Flybondi;Internacional;;1286;1286
2025-02;COR - MDQ;Aerol¡neas Argentinas;Cabotaje;;3422;3422
2025-02;COR - MDQ;(en blanco);Cabotaje;6;2;8
2025-02;COR - MDZ;Aerol¡neas Argentinas;Cabotaje;;6877;6877
2025-02;COR - MDZ;Andes L¡neas A‚reas;Cabotaje;;201;201
2025-02;COR - MDZ;Flybondi;Cabotaje;;2603;2603
2025-02;COR - MDZ;(en blanco);Cabotaje;6;1;7
2025-02;COR - MOR;(en blanco);Cabotaje;1;;1
2025-02;COR - NCJ;(en blanco);Cabotaje;3;3;6
2025-02;COR - NQN;Aerol¡neas Argentinas;Cabotaje;;4580;4580
2025-02;COR - NQN;Flybondi;Cabotaje;;4926;4926
2025-02;COR - PDP;(en blanco);Internacional;20;10;30
2025-02;COR - PMY;(en blanco);Cabotaje;3;2;5
2025-02;COR - POA;LATAM Per£;Internacional;;129;129
2025-02;COR - POA;N/A;Internacional;7;;7
2025-02;COR - PSS;(en blanco);Cabotaje;6;;6
2025-02;COR - PTY;Aerol¡neas Argentinas;Internacional;;99;99
2025-02;COR - PTY;Copa Airlines;Internacional;;18292;18292
2025-02;COR - PTY;N/A;Internacional;;154;154
2025-02;COR - PUJ;Aerol¡neas Argentinas;Internacional;;3796;3796
2025-02;COR - RCU;(en blanco);Cabotaje;2;;2
2025-02;COR - RES;Aerol¡neas Argentinas;Cabotaje;;44;44
2025-02;COR - RES;N/A;Cabotaje;6;;6
2025-02;COR - RGL;(en blanco);Cabotaje;5;;5
2025-02;COR - ROS;(en blanco);Cabotaje;2;1;3
2025-02;COR - RSA;American Jet;Cabotaje;;19;19
2025-02;COR - RSA;N/A;Cabotaje;1;;1
2025-02;COR - RSA;(en blanco);Cabotaje;1;;1
2025-02;COR - SA17;(en blanco);Cabotaje;2;;2
2025-02;COR - SA40;(en blanco);Cabotaje;3;;3
2025-02;COR - SA44;(en blanco);Cabotaje;3;2;5
2025-02;COR - SAAN;(en blanco);Cabotaje;2;;2
2025-02;COR - SACD;(en blanco);Cabotaje;43;;43
2025-02;COR - SCL;American Jet;Internacional;;27;27
2025-02;COR - SCL;Fair Wind Air Charter;Internacional;7;;7
2025-02;COR - SCL;LATAM;Internacional;;10568;10568
2025-02;COR - SCL;N/A;Internacional;7;2;9
2025-02;COR - SCL;(en blanco);Internacional;3;4;7
2025-02;COR - SCSN;(en blanco);Internacional;;1;1
2025-02;COR - SDE;(en blanco);Cabotaje;12;2;14
2025-02;COR - SEMO;Flybondi;Internacional;;187;187
2025-02;COR - SLA;Aerol¡neas Argentinas;Cabotaje;;4629;4629
2025-02;COR - SLA;Andes L¡neas A‚reas;Cabotaje;;338;338
2025-02;COR - SLA;Flybondi;Cabotaje;;3013;3013
2025-02;COR - SLA;(en blanco);Cabotaje;7;2;9
2025-02;COR - SSA;Aerol¡neas Argentinas;Internacional;;1065;1065
2025-02;COR - SUAA;(en blanco);Internacional;2;2;4
2025-02;COR - SUCM;N/A;Internacional;;3;3
2025-02;COR - TUC;Aerol¡neas Argentinas;Cabotaje;;2495;2495
2025-02;COR - TUC;(en blanco);Cabotaje;10;1;11
2025-02;COR - UAQ;American Jet;Cabotaje;;100;100
2025-02;COR - USH;Aerol¡neas Argentinas;Cabotaje;;2462;2462
2025-02;COR - USH;Personas Y Paquetes Por Aire;Cabotaje;;3;3
2025-02;COR - VDR;(en blanco);Cabotaje;6;;6
2025-02;COR - VMA;N/A;Cabotaje;1;;1
2025-02;COR - VVI;Aerol¡neas Argentinas;Internacional;;90;90
2025-02;COR - YYZ;N/A;Internacional;4;;4
2025-02;CPC - CPC;(en blanco);Cabotaje;12;14;26
2025-02;CPC - CTC;(en blanco);Cabotaje;9;;9
2025-02;CPC - EQS;(en blanco);Cabotaje;3;;3
2025-02;CPC - EZE;Aerol¡neas Argentinas;Cabotaje;;971;971
2025-02;CPC - EZE;(en blanco);Cabotaje;;7;7
2025-02;CPC - FDO;(en blanco);Cabotaje;7;24;31
2025-02;CPC - MDQ;(en blanco);Cabotaje;;5;5
2025-02;CPC - MDZ;N/A;Cabotaje;5;;5
2025-02;CPC - MDZ;(en blanco);Cabotaje;;3;3
2025-02;CPC - NQN;N/A;Cabotaje;;2;2
2025-02;CPC - NQN;(en blanco);Cabotaje;11;5;16
2025-02;CPC - PZS;(en blanco);Internacional;;3;3
2025-02;CPC - RSA;(en blanco);Cabotaje;2;2;4
2025-02;CPC - SAOE;(en blanco);Cabotaje;1;;1
2025-02;CPC - SCL;N/A;Internacional;7;;7
2025-02;CPC - SDE;(en blanco);Cabotaje;2;;2
2025-02;CPC - TUC;Fuerza A‚rea Argentina;Cabotaje;21;;21
2025-02;CPO - IRJ;(en blanco);Internacional;7;;7
2025-02;CPT - FDO;(en blanco);Internacional;1;;1
2025-02;CRD - EPA;Fuerza A‚rea Argentina;Cabotaje;4;;4
2025-02;CRD - EZE;Aerol¡neas Argentinas;Cabotaje;;1180;1180
2025-02;CRD - EZE;Flybondi;Cabotaje;;6042;6042
2025-02;CRD - EZE;JetSMART Airlines;Cabotaje;;462;462
2025-02;CRD - FDO;(en blanco);Cabotaje;5;2;7
2025-02;CRD - FTE;LADE - L¡neas A‚reas Del Estado;Cabotaje;44;119;163
2025-02;CRD - FTE;(en blanco);Cabotaje;;8;8
2025-02;CRD - MDZ;Aerol¡neas Argentinas;Cabotaje;;64;64
2025-02;CRD - NQN;Aerol¡neas Argentinas;Cabotaje;;3170;3170
2025-02;CRD - PMQ;LADE - L¡neas A‚reas Del Estado;Cabotaje;37;53;90
2025-02;CRD - PUQ;Fuerza A‚rea Uruguaya;Internacional;21;;21
2025-02;CRD - RGL;LADE - L¡neas A‚reas Del Estado;Cabotaje;;14;14
2025-02;CRD - RGL;(en blanco);Cabotaje;2;2;4
2025-02;CRD - USH;N/A;Cabotaje;;1;1
2025-02;CTC - FDO;(en blanco);Cabotaje;12;6;18
2025-02;CTC - JUJ;(en blanco);Cabotaje;13;;13
2025-02;CTC - SLA;(en blanco);Cabotaje;54;8;62
2025-02;CTC - TUC;(en blanco);Cabotaje;1;1;2
2025-02;CUN - EZE;Aerol¡neas Argentinas;Internacional;;11818;11818
2025-02;CUT - NQN;(en blanco);Cabotaje;1;;1
2025-02;CWB - EZE;Flybondi;Internacional;;188;188
2025-02;CWB - FDO;(en blanco);Internacional;;7;7
2025-02;CWB - PSS;N/A;Internacional;6;;6
2025-02;CWB - ROS;N/A;Internacional;7;;7
2025-02;CYR - FDO;(en blanco);Internacional;6;;6
2025-02;DAL - MDZ;N/A;Internacional;6;;6
2025-02;DFW - EZE;American Airlines;Internacional;;13485;13485
2025-02;EHL - EZE;(en blanco);Cabotaje;;3;3
2025-02;ELO - PSS;(en blanco);Cabotaje;4;;4
2025-02;EMX - REL;(en blanco);Cabotaje;2;;2
2025-02;ENO - EPA;Fuerza A‚rea Argentina;Cabotaje;2;;2
2025-02;EOH - EZE;Avianca;Internacional;;665;665
2025-02;EPA - EPA;Fuerza A‚rea Argentina;Cabotaje;3;;3
2025-02;EPA - EPA;(en blanco);Cabotaje;12;;12
2025-02;EPA - LPG;(en blanco);Cabotaje;1;;1
2025-02;EPA - MCZ;Fuerza A‚rea Argentina;Internacional;182;;182
2025-02;EPA - MDQ;(en blanco);Cabotaje;1;;1
2025-02;EPA - MOR;(en blanco);Cabotaje;5;1;6
2025-02;EPA - PRA;(en blanco);Cabotaje;16;;16
2025-02;EPA - RCQ;(en blanco);Cabotaje;10;;10
2025-02;EPA - RCU;(en blanco);Cabotaje;28;;28
2025-02;EPA - RGL;Fuerza A‚rea Argentina;Cabotaje;6;;6
2025-02;EPA - TDL;Fuerza A‚rea Argentina;Cabotaje;16;;16
2025-02;EQS - EQS;(en blanco);Cabotaje;3;;3
2025-02;EQS - EZE;Aerol¡neas Argentinas;Cabotaje;;179;179
2025-02;EQS - EZE;N/A;Cabotaje;;1;1
2025-02;EQS - EZE;(en blanco);Cabotaje;;20;20
2025-02;EQS - FDO;(en blanco);Cabotaje;18;7;25
2025-02;EQS - REL;(en blanco);Cabotaje;1;2;3
2025-02;EQS - RGL;(en blanco);Cabotaje;1;3;4
2025-02;EQS - SA34;(en blanco);Cabotaje;3;;3
2025-02;EQS - SCL;N/A;Internacional;4;;4
2025-02;EZE - EZE;Flybondi;Cabotaje;;88;88
2025-02;EZE - EZE;LATAM Per£;Cabotaje;;71;71
2025-02;EZE - FAA EJERCITO ARGENTINO;(en blanco);Internacional;2;4;6
2025-02;EZE - FCO;Aerol¡neas Argentinas;Internacional;;6711;6711
2025-02;EZE - FCO;ITA Airways;Internacional;;21258;21258
2025-02;EZE - FDO;American Jet;Cabotaje;;1;1
2025-02;EZE - FDO;(en blanco);Cabotaje;1;4;5
2025-02;EZE - FLN;Aerol¡neas Argentinas;Internacional;;1680;1680
2025-02;EZE - FLN;Flybondi;Internacional;;9590;9590
2025-02;EZE - FLN;Gol Transportes A‚reos;Internacional;;18053;18053
2025-02;EZE - FLN;JetSMART Airlines;Internacional;;3686;3686
2025-02;EZE - FOR;Gol Transportes A‚reos;Internacional;;3503;3503
2025-02;EZE - FOR;N/A;Internacional;2;;2
2025-02;EZE - FRA;Lufthansa;Internacional;;18496;18496
2025-02;EZE - FTE;Aerol¡neas Argentinas;Cabotaje;;11025;11025
2025-02;EZE - FTE;Flybondi;Cabotaje;;9809;9809
2025-02;EZE - FTE;JetSMART Airlines;Cabotaje;;3475;3475
2025-02;EZE - GIG;Aerol¡neas Argentinas;Internacional;;16199;16199
2025-02;EZE - GIG;Andes L¡neas A‚reas;Internacional;;710;710
2025-02;EZE - GIG;British Airways;Internacional;;15508;15508
2025-02;EZE - GIG;Emirates Airline;Internacional;;11259;11259
2025-02;EZE - GIG;Flybondi;Internacional;;19185;19185
2025-02;EZE - GIG;Gol Transportes A‚reos;Internacional;;27133;27133
2025-02;EZE - GIG;JetSMART Airlines;Internacional;;18208;18208
2025-02;EZE - GIG;N/A;Internacional;;5;5
2025-02;EZE - GIG;TAM Linhas A‚reas;Internacional;;359;359
2025-02;EZE - GIG;Turkish Airlines;Internacional;;281;281
2025-02;EZE - GIG;(en blanco);Internacional;5;;5
2025-02;EZE - GRU;Aerol¡neas Argentinas;Internacional;;262;262
2025-02;EZE - GRU;Air Canada;Internacional;;13304;13304
2025-02;EZE - GRU;Ethiopian Airlines;Internacional;;14429;14429
2025-02;EZE - GRU;Flybondi;Internacional;;954;954
2025-02;EZE - GRU;Gol Transportes A‚reos;Internacional;;4480;4480
2025-02;EZE - GRU;Lufthansa;Internacional;;604;604
2025-02;EZE - GRU;N/A;Internacional;;7;7
2025-02;EZE - GRU;Swiss International Air Lines;Internacional;;4374;4374
2025-02;EZE - GRU;TAM Linhas A‚reas;Internacional;;6704;6704
2025-02;EZE - GRU;Turkish Airlines;Internacional;;14758;14758
2025-02;EZE - GYE;Avianca;Internacional;;1120;1120
2025-02;EZE - GYE;Avianca Costa Rica;Internacional;;4114;4114
2025-02;EZE - GYE;N/A;Internacional;;2;2
2025-02;EZE - IAH;Delta Air Lines;Internacional;;277;277
2025-02;EZE - IAH;United Airlines;Internacional;;27942;27942
2025-02;EZE - IGR;Aerol¡neas Argentinas;Cabotaje;;10072;10072
2025-02;EZE - IGR;Flybondi;Cabotaje;;23361;23361
2025-02;EZE - IGR;JetSMART Airlines;Cabotaje;;8831;8831
2025-02;EZE - IGR;(en blanco);Cabotaje;;1;1
2025-02;EZE - IPC;(en blanco);Internacional;;1;1
2025-02;EZE - IRJ;Aerol¡neas Argentinas;Cabotaje;;71;71
2025-02;EZE - JFK;American Airlines;Internacional;;14823;14823
2025-02;EZE - JFK;Delta Air Lines;Internacional;;13656;13656
2025-02;EZE - JPA;Gol Transportes A‚reos;Internacional;;637;637
2025-02;EZE - JUJ;Aerol¡neas Argentinas;Cabotaje;;1745;1745
2025-02;EZE - JUJ;Flybondi;Cabotaje;;8859;8859
2025-02;EZE - JUJ;(en blanco);Cabotaje;;89;89
2025-02;EZE - LHR;British Airways;Internacional;;1298;1298
2025-02;EZE - LIM;Aerol¡neas Argentinas;Internacional;;133;133
2025-02;EZE - LIM;Andes L¡neas A‚reas;Internacional;;707;707
2025-02;EZE - LIM;LATAM Ecuador;Internacional;;6545;6545
2025-02;EZE - LIM;LATAM Per£;Internacional;;13621;13621
2025-02;EZE - LIM;N/A;Internacional;2;5;7
2025-02;EZE - LIM;Sky Airline;Internacional;;5992;5992
2025-02;EZE - LIM;Star Up;Internacional;;250;250
2025-02;EZE - LMMM;N/A;Internacional;;10;10
2025-02;EZE - LRD;N/A;Internacional;;2;2
2025-02;EZE - LTN;N/A;Internacional;;1;1
2025-02;EZE - MAD;Aerol¡neas Argentinas;Internacional;;17021;17021
2025-02;EZE - MAD;Air Europa;Internacional;;17270;17270
2025-02;EZE - MAD;Iberia Airlines;Internacional;;54290;54290
2025-02;EZE - MAD;ITA Airways;Internacional;;319;319
2025-02;EZE - MAD;N/A;Internacional;;45;45
2025-02;EZE - MCZ;Gol Transportes A‚reos;Internacional;;1966;1966
2025-02;EZE - MDE;Avianca;Internacional;;7310;7310
2025-02;EZE - MDE;Avianca Costa Rica;Internacional;;150;150
2025-02;EZE - MDQ;Flybondi;Cabotaje;;87;87
2025-02;EZE - MDZ;Aerol¡neas Argentinas;Cabotaje;;6609;6609
2025-02;EZE - MDZ;American Jet;Cabotaje;;22;22
2025-02;EZE - MDZ;Andes L¡neas A‚reas;Cabotaje;;1193;1193
2025-02;EZE - MDZ;Flybondi;Cabotaje;;7559;7559
2025-02;EZE - MDZ;JetSMART Airlines;Cabotaje;;2133;2133
2025-02;EZE - MDZ;N/A;Cabotaje;;1;1
2025-02;EZE - MDZ;(en blanco);Cabotaje;4;4;8
2025-02;EZE - MEX;Aerom‚xico;Internacional;;13861;13861
2025-02;EZE - MIA;Aerol¡neas Argentinas;Internacional;;27033;27033
2025-02;EZE - MIA;American Airlines;Internacional;;42278;42278
2025-02;EZE - MIA;N/A;Internacional;;4;4
2025-02;EZE - MIA;United Airlines;Internacional;;269;269
2025-02;EZE - MIA;(en blanco);Internacional;4;;4
2025-02;EZE - MVD;Aerol¡neas Argentinas;Internacional;;334;334
2025-02;EZE - MVD;Avianca;Internacional;;162;162
2025-02;EZE - MVD;Copa Airlines;Internacional;;293;293
2025-02;EZE - MVD;Delta Air Lines;Internacional;;256;256
2025-02;EZE - MVD;LATAM;Internacional;;177;177
2025-02;EZE - MVD;LATAM Ecuador;Internacional;;133;133
2025-02;EZE - MVD;Lufthansa Cargo;Internacional;;2;2
2025-02;EZE - MVD;N/A;Internacional;4;3;7
2025-02;EZE - MVD;(en blanco);Internacional;4;1;5
2025-02;EZE - NAT;Gol Transportes A‚reos;Internacional;;2272;2272
2025-02;EZE - NAT;N/A;Internacional;;2;2
2025-02;EZE - NQN;Aerol¡neas Argentinas;Cabotaje;;1250;1250
2025-02;EZE - NQN;Flybondi;Cabotaje;;2564;2564
2025-02;EZE - NQN;JetSMART Airlines;Cabotaje;;1280;1280
2025-02;EZE - NQN;(en blanco);Cabotaje;3;3;6
2025-02;EZE - OPF;N/A;Internacional;;3;3
2025-02;EZE - PBI;N/A;Internacional;6;;6
2025-02;EZE - PDP;N/A;Internacional;4;11;15
2025-02;EZE - PDP;(en blanco);Internacional;1;16;17
2025-02;EZE - PIO;Andes L¡neas A‚reas;Internacional;;724;724
2025-02;EZE - PMQ;American Jet;Cabotaje;;69;69
2025-02;EZE - PMY;Aerol¡neas Argentinas;Cabotaje;;454;454
2025-02;EZE - PMY;Flybondi;Cabotaje;;368;368
2025-02;EZE - PMY;(en blanco);Cabotaje;;3;3
2025-02;EZE - POA;Gol Transportes A‚reos;Internacional;;176;176
2025-02;EZE - PRA;American Jet;Cabotaje;;16;16
2025-02;EZE - PRA;(en blanco);Cabotaje;1;1;2
2025-02;EZE - PSS;Aerol¡neas Argentinas;Cabotaje;;774;774
2025-02;EZE - PSS;Flybondi;Cabotaje;;857;857
2025-02;EZE - PTY;Aerol¡neas Argentinas;Internacional;;407;407
2025-02;EZE - PTY;Arajet;Internacional;;590;590
2025-02;EZE - PTY;Avianca;Internacional;;250;250
2025-02;EZE - PTY;Copa Airlines;Internacional;;35158;35158
2025-02;EZE - PTY;N/A;Internacional;2;7731;7733
2025-02;EZE - PUJ;Aerol¡neas Argentinas;Internacional;;13035;13035
2025-02;EZE - PUJ;Arajet;Internacional;;8290;8290
2025-02;EZE - RAF;(en blanco);Cabotaje;1;4;5
2025-02;EZE - RAI;N/A;Internacional;7;5;12
2025-02;EZE - RCQ;(en blanco);Cabotaje;;20;20
2025-02;EZE - REC;Flybondi;Internacional;;170;170
2025-02;EZE - REC;Gol Transportes A‚reos;Internacional;;2317;2317
2025-02;EZE - REL;Aerol¡neas Argentinas;Cabotaje;;1008;1008
2025-02;EZE - RES;Aerol¡neas Argentinas;Cabotaje;;1090;1090
2025-02;EZE - RGL;Aerol¡neas Argentinas;Cabotaje;;1407;1407
2025-02;EZE - RGL;Flybondi;Cabotaje;;4299;4299
2025-02;EZE - RGL;(en blanco);Cabotaje;2;2;4
2025-02;EZE - ROS;(en blanco);Cabotaje;5;4;9
2025-02;EZE - RSA;(en blanco);Cabotaje;5;1;6
2025-02;EZE - RYO;(en blanco);Cabotaje;;2;2
2025-02;EZE - SA13;(en blanco);Cabotaje;;6;6
2025-02;EZE - SADQ;(en blanco);Cabotaje;;2;2
2025-02;EZE - SCL;Aerol¡neas Argentinas;Internacional;;522;522
2025-02;EZE - SCL;Arajet;Internacional;;159;159
2025-02;EZE - SCL;Flybondi;Internacional;;148;148
2025-02;EZE - SCL;KLM;Internacional;;11636;11636
2025-02;EZE - SCL;LATAM;Internacional;;28437;28437
2025-02;EZE - SCL;N/A;Internacional;;13;13
2025-02;EZE - SCL;Sky Airline;Internacional;;12164;12164
2025-02;EZE - SCL;(en blanco);Internacional;;8;8
2025-02;EZE - SDE;Aerol¡neas Argentinas;Cabotaje;;77;77
2025-02;EZE - SDE;Flybondi;Cabotaje;;790;790
2025-02;EZE - SDE;(en blanco);Cabotaje;1;;1
2025-02;EZE - SDQ;N/A;Internacional;;3;3
2025-02;EZE - SEQU;Avianca;Internacional;;153;153
2025-02;EZE - SFN;American Jet;Cabotaje;;50;50
2025-02;EZE - SLA;Aerol¡neas Argentinas;Cabotaje;;6941;6941
2025-02;EZE - SLA;Andes L¡neas A‚reas;Cabotaje;;530;530
2025-02;EZE - SLA;Flybondi;Cabotaje;;14536;14536
2025-02;EZE - SLA;JetSMART Airlines;Cabotaje;;3143;3143
2025-02;EZE - SSA;Gol Transportes A‚reos;Internacional;;2330;2330
2025-02;EZE - SUAA;(en blanco);Internacional;;2;2
2025-02;EZE - TUC;Aerol¡neas Argentinas;Cabotaje;;6826;6826
2025-02;EZE - TUC;American Jet;Cabotaje;;45;45
2025-02;EZE - TUC;Flybondi;Cabotaje;;2722;2722
2025-02;EZE - TUC;JetSMART Airlines;Cabotaje;;1090;1090
2025-02;EZE - UAQ;Aerol¡neas Argentinas;Cabotaje;;235;235
2025-02;EZE - UAQ;Flybondi;Cabotaje;;1149;1149
2025-02;EZE - UIO;Avianca;Internacional;;1992;1992
2025-02;EZE - UIO;Avianca Costa Rica;Internacional;;4327;4327
2025-02;EZE - USH;Aerol¡neas Argentinas;Cabotaje;;26395;26395
2025-02;EZE - USH;Flybondi;Cabotaje;;15558;15558
2025-02;EZE - USH;JetSMART Airlines;Cabotaje;;7607;7607
2025-02;EZE - USH;N/A;Cabotaje;2;2;4
2025-02;EZE - USH;(en blanco);Cabotaje;2;8;10
2025-02;EZE - VDR;(en blanco);Cabotaje;;2;2
2025-02;EZE - VVI;Boliviana de Aviacion;Internacional;;15500;15500
2025-02;EZE - VVI;KLM;Internacional;;241;241
2025-02;EZE - ZRH;Air Canada;Internacional;;252;252
2025-02;FDO - FDO;American Jet;Cabotaje;;3;3
2025-02;FDO - FDO;N/A;Cabotaje;4;1;5
2025-02;FDO - FDO;(en blanco);Cabotaje;28;3;31
2025-02;FDO - FLL;(en blanco);Internacional;;5;5
2025-02;FDO - FLN;N/A;Internacional;13;;13
2025-02;FDO - FLN;(en blanco);Internacional;10;;10
2025-02;FDO - FMA;(en blanco);Cabotaje;3;2;5
2025-02;FDO - FTE;(en blanco);Cabotaje;2;7;9
2025-02;FDO - GHU;(en blanco);Cabotaje;;3;3
2025-02;FDO - GIG;(en blanco);Internacional;;2;2
2025-02;FDO - GNR;(en blanco);Cabotaje;2;;2
2025-02;FDO - GPO;N/A;Cabotaje;;3;3
2025-02;FDO - GPO;(en blanco);Cabotaje;3;;3
2025-02;FDO - GRU;N/A;Internacional;10;;10
2025-02;FDO - GRU;(en blanco);Internacional;5;1;6
2025-02;FDO - GYE;(en blanco);Internacional;6;;6
2025-02;FDO - IGR;American Jet;Cabotaje;;32;32
2025-02;FDO - IGR;N/A;Cabotaje;;6;6
2025-02;FDO - IGR;(en blanco);Cabotaje;1;10;11
2025-02;FDO - IQQ;(en blanco);Internacional;4;;4
2025-02;FDO - IRJ;(en blanco);Cabotaje;1;;1
2025-02;FDO - JUJ;N/A;Cabotaje;5;4;9
2025-02;FDO - JUJ;(en blanco);Cabotaje;12;3;15
2025-02;FDO - LGS;N/A;Cabotaje;2;;2
2025-02;FDO - LGS;(en blanco);Cabotaje;9;;9
2025-02;FDO - LIM;(en blanco);Internacional;;2;2
2025-02;FDO - LMMM;N/A;Internacional;5;5;10
2025-02;FDO - LMMM;(en blanco);Internacional;4;;4
2025-02;FDO - LUQ;(en blanco);Cabotaje;1;;1
2025-02;FDO - MDQ;American Jet;Cabotaje;;3;3
2025-02;FDO - MDQ;N/A;Cabotaje;;8;8
2025-02;FDO - MDQ;(en blanco);Cabotaje;34;34;68
2025-02;FDO - MDX;(en blanco);Cabotaje;4;4;8
2025-02;FDO - MDZ;American Jet;Cabotaje;;15;15
2025-02;FDO - MDZ;N/A;Cabotaje;2;1;3
2025-02;FDO - MDZ;(en blanco);Cabotaje;19;14;33
2025-02;FDO - MOR;(en blanco);Cabotaje;4;;4
2025-02;FDO - MVD;N/A;Internacional;12;4;16
2025-02;FDO - MVD;(en blanco);Internacional;18;16;34
2025-02;FDO - NAS;N/A;Internacional;;2;2
2025-02;FDO - NCJ;(en blanco);Cabotaje;5;;5
2025-02;FDO - NEC;N/A;Cabotaje;3;;3
2025-02;FDO - NQN;American Jet;Cabotaje;9;23;32
2025-02;FDO - NQN;N/A;Cabotaje;1;3;4
2025-02;FDO - NQN;(en blanco);Cabotaje;14;20;34
2025-02;FDO - OVR;(en blanco);Cabotaje;3;3;6
2025-02;FDO - OYA;(en blanco);Cabotaje;6;;6
2025-02;FDO - OYO;(en blanco);Cabotaje;3;1;4
2025-02;FDO - PDP;American Jet;Internacional;14;;14
2025-02;FDO - PDP;N/A;Internacional;27;47;74
2025-02;FDO - PDP;(en blanco);Internacional;273;219;492
2025-02;FDO - PDU;N/A;Internacional;;1;1
2025-02;FDO - PMQ;(en blanco);Cabotaje;4;6;10
2025-02;FDO - PMY;(en blanco);Cabotaje;;3;3
2025-02;FDO - POA;(en blanco);Internacional;4;5;9
2025-02;FDO - PRA;(en blanco);Cabotaje;34;5;39
2025-02;FDO - PSS;(en blanco);Cabotaje;7;6;13
2025-02;FDO - PUQ;(en blanco);Internacional;1;;1
2025-02;FDO - RAF;(en blanco);Cabotaje;1;;1
2025-02;FDO - RCQ;(en blanco);Cabotaje;;3;3
2025-02;FDO - RCU;(en blanco);Cabotaje;3;;3
2025-02;FDO - RDS;(en blanco);Cabotaje;1;1;2
2025-02;FDO - REL;N/A;Cabotaje;6;8;14
2025-02;FDO - REL;(en blanco);Cabotaje;;1;1
2025-02;FDO - RES;(en blanco);Cabotaje;3;2;5
2025-02;FDO - RGA;(en blanco);Cabotaje;4;7;11
2025-02;FDO - RGL;N/A;Cabotaje;2;;2
2025-02;FDO - RGL;(en blanco);Cabotaje;6;5;11
2025-02;FDO - RLO;(en blanco);Cabotaje;9;;9
2025-02;FDO - ROS;(en blanco);Cabotaje;18;13;31
2025-02;FDO - RSA;(en blanco);Cabotaje;10;;10
2025-02;FDO - SA03;(en blanco);Cabotaje;2;;2
2025-02;FDO - SA04;(en blanco);Cabotaje;6;1;7
2025-02;FDO - SA31;(en blanco);Cabotaje;1;;1
2025-02;FDO - SA32;(en blanco);Cabotaje;1;;1
2025-02;FDO - SA40;(en blanco);Cabotaje;9;1;10
2025-02;FDO - SAVO;(en blanco);Cabotaje;2;;2
2025-02;FDO - SCL;N/A;Internacional;;2;2
2025-02;FDO - SDE;American Jet;Cabotaje;;2;2
2025-02;FDO - SDE;(en blanco);Cabotaje;33;3;36
2025-02;FDO - SFN;American Jet;Cabotaje;;7;7
2025-02;FDO - SFN;(en blanco);Cabotaje;16;;16
2025-02;FDO - SLA;N/A;Cabotaje;;1;1
2025-02;FDO - SLA;(en blanco);Cabotaje;20;14;34
2025-02;FDO - SST;(en blanco);Cabotaje;1;;1
2025-02;FDO - STY;(en blanco);Internacional;1;;1
2025-02;FDO - SUAA;N/A;Internacional;10;2;12
2025-02;FDO - SUAA;(en blanco);Internacional;53;13;66
2025-02;FDO - SUCM;N/A;Internacional;10;6;16
2025-02;FDO - SUCM;(en blanco);Internacional;39;;39
2025-02;FDO - SXM;(en blanco);Internacional;1;;1
2025-02;FDO - TUC;American Jet;Cabotaje;;4;4
2025-02;FDO - TUC;N/A;Cabotaje;;3;3
2025-02;FDO - TUC;(en blanco);Cabotaje;19;13;32
2025-02;FDO - UAQ;(en blanco);Cabotaje;10;3;13
2025-02;FDO - USH;N/A;Cabotaje;3;;3
2025-02;FDO - USH;(en blanco);Cabotaje;3;9;12
2025-02;FDO - VCP;(en blanco);Internacional;2;5;7
2025-02;FDO - VDM;N/A;Cabotaje;2;;2
2025-02;FDO - VDM;(en blanco);Cabotaje;23;2;25
2025-02;FDO - VDR;(en blanco);Cabotaje;1;;1
2025-02;FDO - VLG;(en blanco);Cabotaje;7;;7
2025-02;FDO - VVI;American Jet;Internacional;;6;6
2025-02;FLN - FMA;(en blanco);Internacional;;2;2
2025-02;FLN - MDZ;Sky Airline;Internacional;;660;660
2025-02;FLN - PSS;(en blanco);Internacional;10;;10
2025-02;FLN - ROS;Aerol¡neas Argentinas;Internacional;;3824;3824
2025-02;FLN - ROS;Gol Transportes A‚reos;Internacional;;285;285
2025-02;FMA - FMA;Fuerza A‚rea Argentina;Cabotaje;6;;6
2025-02;FMA - IGU;N/A;Internacional;4;;4
2025-02;FMA - LPG;(en blanco);Cabotaje;;1;1
2025-02;FMA - MDX;(en blanco);Cabotaje;;2;2
2025-02;FMA - MDZ;(en blanco);Cabotaje;2;4;6
2025-02;FMA - PDP;(en blanco);Internacional;1;;1
2025-02;FMA - PSS;(en blanco);Cabotaje;4;;4
2025-02;FMA - RES;(en blanco);Cabotaje;;1;1
2025-02;FMA - ROS;N/A;Cabotaje;;6;6
2025-02;FMA - SDE;(en blanco);Cabotaje;;1;1
2025-02;FTE - FTE;N/A;Cabotaje;;5;5
2025-02;FTE - FTE;(en blanco);Cabotaje;;1;1
2025-02;FTE - IGR;N/A;Cabotaje;2;;2
2025-02;FTE - MDZ;(en blanco);Cabotaje;;2;2
2025-02;FTE - PMQ;LADE - L¡neas A‚reas Del Estado;Cabotaje;8;28;36
2025-02;FTE - PNT;Aerov¡as DAP;Internacional;;65;65
2025-02;FTE - PNT;(en blanco);Internacional;;5;5
2025-02;FTE - REL;Aerol¡neas Argentinas;Cabotaje;;1439;1439
2025-02;FTE - RGL;LADE - L¡neas A‚reas Del Estado;Cabotaje;26;78;104
2025-02;FTE - RGL;(en blanco);Cabotaje;8;9;17
2025-02;FTE - SCL;N/A;Internacional;3;;3
2025-02;FTE - SCL;Sky Airline;Internacional;;1955;1955
2025-02;FTE - SCL;(en blanco);Internacional;;2;2
2025-02;FTE - USH;Aerol¡neas Argentinas;Cabotaje;;15311;15311
2025-02;FTE - USH;Flybondi;Cabotaje;;4398;4398
2025-02;FTE - USH;LADE - L¡neas A‚reas Del Estado;Cabotaje;;39;39
2025-02;FTE - USH;N/A;Cabotaje;3;;3
2025-02;FTE - USH;(en blanco);Cabotaje;4;4;8
2025-02;FXE - ROS;N/A;Internacional;;11;11
2025-02;GIG - IGR;N/A;Internacional;;7;7
2025-02;GIG - ROS;Aerol¡neas Argentinas;Internacional;;4785;4785
2025-02;GIG - ROS;Gol Transportes A‚reos;Internacional;;9446;9446
2025-02;GIG - USH;(en blanco);Internacional;6;;6
2025-02;GNR - NQN;(en blanco);Cabotaje;1;;1
2025-02;GPO - NQN;(en blanco);Cabotaje;1;;1
2025-02;GPO - RDS;(en blanco);Cabotaje;;3;3
2025-02;GPO - SAAN;(en blanco);Cabotaje;;3;3
2025-02;GRU - MDZ;Gol Transportes A‚reos;Internacional;;5188;5188
2025-02;GRU - MDZ;TAM Linhas A‚reas;Internacional;;4447;4447
2025-02;GRU - ROS;N/A;Internacional;;6;6
2025-02;GRU - SLA;Aerol¡neas Argentinas;Internacional;;987;987
2025-02;GYE - MDZ;(en blanco);Internacional;4;6;10
2025-02;HOS - NQN;(en blanco);Cabotaje;2;;2
2025-02;IGR - IGU;N/A;Internacional;5;;5
2025-02;IGR - IRJ;(en blanco);Cabotaje;3;3;6
2025-02;IGR - JUJ;Aerol¡neas Argentinas;Cabotaje;;969;969
2025-02;IGR - JUJ;(en blanco);Cabotaje;7;2;9
2025-02;IGR - MDZ;(en blanco);Cabotaje;;2;2
2025-02;IGR - NCJ;(en blanco);Cabotaje;;2;2
2025-02;IGR - OPF;N/A;Internacional;2;2;4
2025-02;IGR - PDP;(en blanco);Internacional;;3;3
2025-02;IGR - PSS;(en blanco);Cabotaje;1;1;2
2025-02;IGR - ROS;Aerol¡neas Argentinas;Cabotaje;;1336;1336
2025-02;IGR - SCL;N/A;Internacional;9;;9
2025-02;IGR - SLA;Aerol¡neas Argentinas;Cabotaje;;2987;2987
2025-02;IGR - TUC;Aerol¡neas Argentinas;Cabotaje;;736;736
2025-02;IGR - TUC;N/A;Cabotaje;2;;2
2025-02;IGU - ROS;N/A;Internacional;13;;13
2025-02;IRJ - SDE;(en blanco);Cabotaje;2;;2
2025-02;IRJ - SLA;(en blanco);Cabotaje;8;;8
2025-02;JUJ - JUJ;(en blanco);Cabotaje;1;;1
2025-02;JUJ - MDZ;Aerol¡neas Argentinas;Cabotaje;;427;427
2025-02;JUJ - MOR;(en blanco);Cabotaje;1;;1
2025-02;JUJ - RES;N/A;Cabotaje;1;1;2
2025-02;JUJ - SDE;N/A;Cabotaje;2;1;3
2025-02;JUJ - SLA;Aerol¡neas Argentinas;Cabotaje;;42;42
2025-02;JUJ - TUC;(en blanco);Cabotaje;26;;26
2025-02;LCM - PRA;(en blanco);Cabotaje;1;;1
2025-02;LGS - LGS;(en blanco);Cabotaje;15;;15
2025-02;LIM - MDZ;LATAM Per£;Internacional;;4961;4961
2025-02;LIM - MDZ;N/A;Internacional;8;;8
2025-02;LIM - ROS;LATAM Per£;Internacional;;3180;3180
2025-02;LIM - SLA;LATAM Per£;Internacional;;6309;6309
2025-02;LIM - TUC;N/A;Internacional;;5;5
2025-02;LMMM - RES;N/A;Internacional;3;;3
2025-02;LMMM - USH;N/A;Internacional;4;;4
2025-02;LPG - MDQ;(en blanco);Cabotaje;7;6;13
2025-02;LPG - RES;(en blanco);Cabotaje;;1;1
2025-02;LUQ - RES;Fuerza A‚rea Argentina;Cabotaje;9;;9
2025-02;LUQ - RES;(en blanco);Cabotaje;18;;18
2025-02;LUQ - RLO;(en blanco);Cabotaje;1;;1
2025-02;LUQ - SACD;(en blanco);Cabotaje;2;;2
2025-02;MDQ - MDZ;Aerol¡neas Argentinas;Cabotaje;;1433;1433
2025-02;MDQ - MOR;(en blanco);Cabotaje;;1;1
2025-02;MDQ - MVD;(en blanco);Internacional;3;;3
2025-02;MDQ - PDP;(en blanco);Internacional;;3;3
2025-02;MDQ - PMY;N/A;Cabotaje;3;3;6
2025-02;MDQ - POA;N/A;Internacional;4;;4
2025-02;MDQ - ROS;Aerol¡neas Argentinas;Cabotaje;;1103;1103
2025-02;MDQ - SAAN;(en blanco);Cabotaje;;9;9
2025-02;MDQ - SADQ;(en blanco);Cabotaje;1;;1
2025-02;MDQ - SPPA;N/A;Internacional;2;;2
2025-02;MDQ - SUAA;(en blanco);Internacional;;1;1
2025-02;MDQ - TUC;Aerol¡neas Argentinas;Cabotaje;;3608;3608
2025-02;MDQ - VLG;(en blanco);Cabotaje;;1;1
2025-02;MDZ - MDZ;Aerol¡neas Argentinas;Cabotaje;;43;43
2025-02;MDZ - MDZ;(en blanco);Cabotaje;;2;2
2025-02;MDZ - MVD;(en blanco);Internacional;;2;2
2025-02;MDZ - NQN;Aerol¡neas Argentinas;Cabotaje;;3105;3105
2025-02;MDZ - NQN;American Jet;Cabotaje;;190;190
2025-02;MDZ - NQN;N/A;Cabotaje;;3;3
2025-02;MDZ - NQN;(en blanco);Cabotaje;2;;2
2025-02;MDZ - NVT;N/A;Internacional;6;6;12
2025-02;MDZ - PDP;N/A;Internacional;;1;1
2025-02;MDZ - PDP;(en blanco);Internacional;6;4;10
2025-02;MDZ - PTY;Copa Airlines;Internacional;;7132;7132
2025-02;MDZ - RCQ;(en blanco);Cabotaje;11;;11
2025-02;MDZ - RCU;(en blanco);Cabotaje;1;;1
2025-02;MDZ - RES;N/A;Cabotaje;2;2;4
2025-02;MDZ - ROS;Aerol¡neas Argentinas;Cabotaje;;956;956
2025-02;MDZ - ROS;(en blanco);Cabotaje;9;;9
2025-02;MDZ - SANO;(en blanco);Cabotaje;;1;1
2025-02;MDZ - SCL;Aerol¡neas Argentinas;Internacional;;724;724
2025-02;MDZ - SCL;JetSMART Airlines;Internacional;;3966;3966
2025-02;MDZ - SCL;LATAM;Internacional;;17592;17592
2025-02;MDZ - SCL;N/A;Internacional;6;12;18
2025-02;MDZ - SCL;Sky Airline;Internacional;;11099;11099
2025-02;MDZ - SCL;(en blanco);Internacional;;12;12
2025-02;MDZ - SFN;N/A;Cabotaje;2;2;4
2025-02;MDZ - SLA;Aerol¡neas Argentinas;Cabotaje;;2538;2538
2025-02;MDZ - SLA;JetSMART Airlines;Cabotaje;;4020;4020
2025-02;MDZ - TDL;(en blanco);Cabotaje;2;2;4
2025-02;MDZ - UAQ;(en blanco);Cabotaje;1;1;2
2025-02;MDZ - VDM;(en blanco);Cabotaje;2;;2
2025-02;MDZ - VLG;(en blanco);Cabotaje;2;;2
2025-02;MDZ - VME;(en blanco);Cabotaje;4;4;8
2025-02;MOR - MOR;(en blanco);Cabotaje;18;;18
2025-02;MOR - PRA;(en blanco);Cabotaje;2;;2
2025-02;MOR - RCU;Fuerza A‚rea Argentina;Cabotaje;3;;3
2025-02;MOR - SA04;(en blanco);Cabotaje;6;;6
2025-02;MOR - SFN;(en blanco);Cabotaje;2;;2
2025-02;MOR - VDM;(en blanco);Cabotaje;2;;2
2025-02;MPN - RGL;LATAM;Cabotaje;;159;159
2025-02;MVD - ROS;Fuerza A‚rea Uruguaya;Internacional;2;;2
2025-02;MVD - SDE;(en blanco);Internacional;3;;3
2025-02;NAT - PSS;Air Canada;Internacional;3;;3
2025-02;NEC - NQN;(en blanco);Cabotaje;1;;1
2025-02;NQN - NQN;American Jet;Cabotaje;;116;116
2025-02;NQN - NQN;(en blanco);Cabotaje;7;1;8
2025-02;NQN - PDP;(en blanco);Internacional;;2;2
2025-02;NQN - PRA;(en blanco);Cabotaje;;1;1
2025-02;NQN - RDS;(en blanco);Cabotaje;4;2;6
2025-02;NQN - REL;(en blanco);Cabotaje;1;;1
2025-02;NQN - RGL;(en blanco);Cabotaje;1;1;2
2025-02;NQN - ROS;(en blanco);Cabotaje;20;;20
2025-02;NQN - RSA;(en blanco);Cabotaje;5;2;7
2025-02;NQN - SAEA;(en blanco);Cabotaje;;1;1
2025-02;NQN - SFN;American Jet;Cabotaje;;26;26
2025-02;NQN - SJO;N/A;Internacional;;26;26
2025-02;NQN - SLA;JetSMART Airlines;Cabotaje;;6805;6805
2025-02;NQN - VDM;N/A;Cabotaje;3;2;5
2025-02;NQN - VDM;(en blanco);Cabotaje;4;4;8
2025-02;NVT - PSS;(en blanco);Internacional;12;;12
2025-02;ORA - SLA;(en blanco);Cabotaje;16;10;26
2025-02;OYA - RCQ;(en blanco);Cabotaje;1;1;2
2025-02;PDP - PRA;(en blanco);Internacional;2;;2
2025-02;PDP - ROS;N/A;Internacional;4;;4
2025-02;PDP - ROS;(en blanco);Internacional;185;2;187
2025-02;PDP - SFN;(en blanco);Internacional;2;;2
2025-02;PDP - SLA;(en blanco);Internacional;3;8;11
2025-02;PDU - ROS;(en blanco);Internacional;2;;2
2025-02;PDU - TUC;(en blanco);Internacional;2;;2
2025-02;PET - ROS;N/A;Internacional;;2;2
2025-02;PMQ - RGL;(en blanco);Cabotaje;4;2;6
2025-02;PMY - REL;American Jet;Cabotaje;10;;10
2025-02;PMY - RSA;American Jet;Cabotaje;;12;12
2025-02;PNT - USH;N/A;Internacional;4;;4
2025-02;POA - PRA;N/A;Internacional;;5;5
2025-02;POA - PSS;(en blanco);Internacional;1;;1
2025-02;PRA - RCQ;(en blanco);Cabotaje;5;;5
2025-02;PRA - VME;(en blanco);Cabotaje;3;;3
2025-02;PSS - PSS;(en blanco);Cabotaje;44;;44
2025-02;PSS - SATO;Ej‚rcito Argentino;Cabotaje;2;;2
2025-02;PSS - SATO;(en blanco);Cabotaje;3;;3
2025-02;PTY - ROS;Copa Airlines;Internacional;;11369;11369
2025-02;PUD - RGL;(en blanco);Cabotaje;2;;2
2025-02;PUJ - ROS;Aerol¡neas Argentinas;Internacional;;1052;1052
2025-02;PUJ - TUC;Aerol¡neas Argentinas;Internacional;;1234;1234
2025-02;PUQ - RGA;(en blanco);Internacional;;4;4
2025-02;PUQ - RGL;LATAM;Internacional;;2;2
2025-02;PUQ - RGL;N/A;Internacional;26;;26
2025-02;PUQ - USH;Aerov¡as DAP;Internacional;;54;54
2025-02;RCQ - ROS;(en blanco);Cabotaje;;2;2
2025-02;RCQ - SAVO;(en blanco);Cabotaje;;1;1
2025-02;RCQ - SFN;(en blanco);Cabotaje;;2;2
2025-02;REL - ROS;Aerol¡neas Argentinas;Cabotaje;;78;78
2025-02;REL - USH;Aerol¡neas Argentinas;Cabotaje;;1679;1679
2025-02;REL - VDM;(en blanco);Cabotaje;;1;1
2025-02;RES - SDE;(en blanco);Cabotaje;2;;2
2025-02;RES - SLA;Fuerza A‚rea Argentina;Cabotaje;9;;9
2025-02;RGA - RGL;LADE - L¡neas A‚reas Del Estado;Cabotaje;17;116;133
2025-02;RGA - USH;LADE - L¡neas A‚reas Del Estado;Cabotaje;2;67;69
2025-02;RGL - RGL;(en blanco);Cabotaje;3;;3
2025-02;RGL - RZA;(en blanco);Cabotaje;7;2;9
2025-02;RGL - USH;Fuerza A‚rea Argentina;Cabotaje;21;;21
2025-02;RGL - USH;LADE - L¡neas A‚reas Del Estado;Cabotaje;7;234;241
2025-02;RGL - VDM;N/A;Cabotaje;;4;4
2025-02;RHD - RHD;(en blanco);Cabotaje;;1;1
2025-02;ROS - ROS;N/A;Cabotaje;1;;1
2025-02;ROS - ROS;(en blanco);Cabotaje;3;;3
2025-02;ROS - SA32;(en blanco);Cabotaje;2;;2
2025-02;ROS - SDE;Aerol¡neas Argentinas;Cabotaje;;137;137
2025-02;ROS - SFN;(en blanco);Cabotaje;3;;3
2025-02;ROS - SJO;N/A;Internacional;7;;7
2025-02;ROS - SUAA;(en blanco);Internacional;6;;6
2025-02;ROS - SUCM;(en blanco);Internacional;4;;4
2025-02;ROS - UAQ;American Jet;Cabotaje;;50;50
2025-02;ROS - VLG;(en blanco);Cabotaje;3;;3
2025-02;RSA - RSA;(en blanco);Cabotaje;11;;11
2025-02;SA01 - SLA;(en blanco);Cabotaje;1;;1
2025-02;SA02 - SLA;(en blanco);Cabotaje;9;3;12
2025-02;SA03 - VDM;(en blanco);Cabotaje;4;;4
2025-02;SA17 - UAQ;(en blanco);Cabotaje;2;;2
2025-02;SA29 - VDM;(en blanco);Cabotaje;;1;1
2025-02;SA32 - SLA;(en blanco);Cabotaje;1;;1
2025-02;SA42 - TUC;(en blanco);Cabotaje;1;;1
2025-02;SACD - SDE;(en blanco);Cabotaje;1;;1
2025-02;SARV - SLA;(en blanco);Cabotaje;1;;1
2025-02;SCL - USH;LATAM;Internacional;;245;245
2025-02;SDE - SDE;Flybondi;Cabotaje;;181;181
2025-02;SDE - SDE;(en blanco);Cabotaje;6;;6
2025-02;SDE - SLA;(en blanco);Cabotaje;11;;11
2025-02;SDE - TUC;(en blanco);Cabotaje;1;;1
2025-02;SDE - VMA;(en blanco);Cabotaje;2;;2
2025-02;SFN - TUC;American Jet;Cabotaje;;16;16
2025-02;SFN - TUC;(en blanco);Cabotaje;8;7;15
2025-02;SLA - SLA;American Jet;Cabotaje;;4;4
2025-02;SLA - SLA;N/A;Cabotaje;1;;1
2025-02;SLA - SLA;(en blanco);Cabotaje;27;3;30
2025-02;SLA - STY;(en blanco);Internacional;8;8;16
2025-02;SLA - TTG;N/A;Cabotaje;;2;2
2025-02;SLA - TTG;(en blanco);Cabotaje;10;11;21
2025-02;SLA - VVI;N/A;Internacional;2;4;6
2025-02;SLA - VVI;(en blanco);Internacional;2;;2
2025-02;TUC - TUC;(en blanco);Cabotaje;47;9;56
2025-02;UAQ - VMA;(en blanco);Cabotaje;;1;1
2025-02;USH - USH;N/A;Cabotaje;74;;74
2025-02;USH - USH;(en blanco);Cabotaje;1;;1
2025-02;USH - WPU;(en blanco);Internacional;13;4;17
2025-03;3017 - SLA;(en blanco);Internacional;;683;683
2025-03;AEP - AEP;(en blanco);Cabotaje;;3;3
2025-03;AEP - AFA;Aerol¡neas Argentinas;Cabotaje;;4162;4162
2025-03;AEP - AFA;N/A;Cabotaje;3;12;15
2025-03;AEP - AR-0027;N/A;Cabotaje;;6;6
2025-03;AEP - AR-0252;(en blanco);Cabotaje;1;1;2
2025-03;AEP - AR-0446;N/A;Cabotaje;1;1;2
2025-03;AEP - ASU;Aerol¡neas Argentinas;Internacional;;8599;8599
2025-03;AEP - ASU;Amaszonas;Internacional;;4144;4144
2025-03;AEP - ASU;JetSMART Airlines;Internacional;;4218;4218
2025-03;AEP - ASU;LATAM Per£;Internacional;;146;146
2025-03;AEP - ASU;N/A;Internacional;15;14;29
2025-03;AEP - BHI;Aerol¡neas Argentinas;Cabotaje;;16448;16448
2025-03;AEP - BHI;N/A;Cabotaje;;2;2
2025-03;AEP - BHI;(en blanco);Cabotaje;61;2;63
2025-03;AEP - BOG;Aerol¡neas Argentinas;Internacional;;5564;5564
2025-03;AEP - BOG;Avianca;Internacional;;3492;3492
2025-03;AEP - BPS;Aerol¡neas Argentinas;Internacional;;2619;2619
2025-03;AEP - BRC;Aerol¡neas Argentinas;Cabotaje;;65250;65250
2025-03;AEP - BRC;Andes L¡neas A‚reas;Cabotaje;;185;185
2025-03;AEP - BRC;Flybondi;Cabotaje;;5120;5120
2025-03;AEP - BRC;Fuerza A‚rea Argentina;Cabotaje;19;;19
2025-03;AEP - BRC;JetSMART Airlines;Cabotaje;;31974;31974
2025-03;AEP - BRC;N/A;Cabotaje;;3;3
2025-03;AEP - BRC;(en blanco);Cabotaje;35;5;40
2025-03;AEP - BSB;Aerol¡neas Argentinas;Internacional;;1190;1190
2025-03;AEP - BSB;Gol Transportes A‚reos;Internacional;;255;255
2025-03;AEP - CBB;N/A;Internacional;;16;16
2025-03;AEP - CNF;Gol Transportes A‚reos;Internacional;;350;350
2025-03;AEP - CNQ;Aerol¡neas Argentinas;Cabotaje;;7619;7619
2025-03;AEP - CNQ;Flybondi;Cabotaje;;11127;11127
2025-03;AEP - CNQ;(en blanco);Cabotaje;11;3;14
2025-03;AEP - COR;Aerol¡neas Argentinas;Cabotaje;;66453;66453
2025-03;AEP - COR;American Jet;Cabotaje;;24;24
2025-03;AEP - COR;Flybondi;Cabotaje;;29531;29531
2025-03;AEP - COR;Fuerza A‚rea Argentina;Cabotaje;10;;10
2025-03;AEP - COR;JetSMART Airlines;Cabotaje;;34232;34232
2025-03;AEP - COR;N/A;Cabotaje;5;94;99
2025-03;AEP - COR;(en blanco);Cabotaje;60;38;98
2025-03;AEP - CPC;Aerol¡neas Argentinas;Cabotaje;;15239;15239
2025-03;AEP - CPC;Flybondi;Cabotaje;;86;86
2025-03;AEP - CPC;JetSMART Airlines;Cabotaje;;9063;9063
2025-03;AEP - CPC;N/A;Cabotaje;;2;2
2025-03;AEP - CRD;Aerol¡neas Argentinas;Cabotaje;;24908;24908
2025-03;AEP - CRD;Flybondi;Cabotaje;;1073;1073
2025-03;AEP - CRD;JetSMART Airlines;Cabotaje;;6283;6283
2025-03;AEP - CRD;N/A;Cabotaje;1;6;7
2025-03;AEP - CRD;(en blanco);Cabotaje;6;2;8
2025-03;AEP - CTC;Aerol¡neas Argentinas;Cabotaje;;5338;5338
2025-03;AEP - CTC;Flybondi;Cabotaje;;90;90
2025-03;AEP - CWB;Aerol¡neas Argentinas;Internacional;;3823;3823
2025-03;AEP - CWB;N/A;Internacional;7;;7
2025-03;AEP - EPA;(en blanco);Cabotaje;51;;51
2025-03;AEP - EQS;Aerol¡neas Argentinas;Cabotaje;;6791;6791
2025-03;AEP - EQS;N/A;Cabotaje;;9;9
2025-03;AEP - EZE;Aerol¡neas Argentinas;Cabotaje;;73;73
2025-03;AEP - EZE;American Jet;Cabotaje;;2;2
2025-03;AEP - EZE;Gol Transportes A‚reos;Cabotaje;;177;177
2025-03;AEP - EZE;LATAM Per£;Cabotaje;;155;155
2025-03;AEP - FDO;N/A;Cabotaje;;12;12
2025-03;AEP - FDO;(en blanco);Cabotaje;11;6;17
2025-03;AEP - FLL;N/A;Internacional;;2;2
2025-03;AEP - FLN;Aerol¡neas Argentinas;Internacional;;17259;17259
2025-03;AEP - FLN;Flybondi;Internacional;;8136;8136
2025-03;AEP - FLN;Gol Transportes A‚reos;Internacional;;10396;10396
2025-03;AEP - FLN;JetSMART Airlines;Internacional;;14696;14696
2025-03;AEP - FLN;N/A;Internacional;;6;6
2025-03;AEP - FLN;TAM Linhas A‚reas;Internacional;;151;151
2025-03;AEP - FMA;Aerol¡neas Argentinas;Cabotaje;;6191;6191
2025-03;AEP - FMA;Flybondi;Cabotaje;;83;83
2025-03;AEP - FMA;N/A;Cabotaje;3;3;6
2025-03;AEP - FMA;(en blanco);Cabotaje;5;;5
2025-03;AEP - FOR;Aerol¡neas Argentinas;Internacional;;63;63
2025-03;AEP - FOR;Gol Transportes A‚reos;Internacional;;847;847
2025-03;AEP - FTE;Aerol¡neas Argentinas;Cabotaje;;39330;39330
2025-03;AEP - FTE;Flybondi;Cabotaje;;2660;2660
2025-03;AEP - FTE;JetSMART Airlines;Cabotaje;;5652;5652
2025-03;AEP - FTE;N/A;Cabotaje;;8;8
2025-03;AEP - FTE;(en blanco);Cabotaje;;8;8
2025-03;AEP - GIG;Aerol¡neas Argentinas;Internacional;;41971;41971
2025-03;AEP - GIG;Flybondi;Internacional;;9933;9933
2025-03;AEP - GIG;Gol Transportes A‚reos;Internacional;;1108;1108
2025-03;AEP - GIG;JetSMART Airlines;Internacional;;9761;9761
2025-03;AEP - GIG;N/A;Internacional;5;2;7
2025-03;AEP - GIG;(en blanco);Internacional;6;;6
2025-03;AEP - GNR;N/A;Cabotaje;;4;4
2025-03;AEP - GRU;Aerol¡neas Argentinas;Internacional;;25077;25077
2025-03;AEP - GRU;Flybondi;Internacional;;7118;7118
2025-03;AEP - GRU;Gol Transportes A‚reos;Internacional;;36104;36104
2025-03;AEP - GRU;JetSMART Airlines;Internacional;;155;155
2025-03;AEP - GRU;N/A;Internacional;;2;2
2025-03;AEP - GRU;TAM Linhas A‚reas;Internacional;;42829;42829
2025-03;AEP - IAD;(en blanco);Internacional;2;;2
2025-03;AEP - IGR;Aerol¡neas Argentinas;Cabotaje;;57540;57540
2025-03;AEP - IGR;American Jet;Cabotaje;;15;15
2025-03;AEP - IGR;Andes L¡neas A‚reas;Cabotaje;;150;150
2025-03;AEP - IGR;Flybondi;Cabotaje;;15394;15394
2025-03;AEP - IGR;JetSMART Airlines;Cabotaje;;35616;35616
2025-03;AEP - IRJ;Aerol¡neas Argentinas;Cabotaje;;5120;5120
2025-03;AEP - IRJ;JetSMART Airlines;Cabotaje;;42;42
2025-03;AEP - IRJ;(en blanco);Cabotaje;6;4;10
2025-03;AEP - JUJ;Aerol¡neas Argentinas;Cabotaje;;18906;18906
2025-03;AEP - JUJ;Flybondi;Cabotaje;;10747;10747
2025-03;AEP - JUJ;JetSMART Airlines;Cabotaje;;93;93
2025-03;AEP - JUJ;N/A;Cabotaje;13;9;22
2025-03;AEP - JUJ;(en blanco);Cabotaje;2;3;5
2025-03;AEP - KNA;N/A;Internacional;;2;2
2025-03;AEP - LCM;(en blanco);Cabotaje;;2;2
2025-03;AEP - LIM;Aerol¡neas Argentinas;Internacional;;8114;8114
2025-03;AEP - LIM;JetSMART Airlines;Internacional;;9274;9274
2025-03;AEP - LIM;LATAM Per£;Internacional;;17516;17516
2025-03;AEP - LIM;N/A;Internacional;;10;10
2025-03;AEP - LIM;Sky Airline;Internacional;;3704;3704
2025-03;AEP - LIM;(en blanco);Internacional;;5;5
2025-03;AEP - LMMM;N/A;Internacional;;2;2
2025-03;AEP - LPG;(en blanco);Cabotaje;;1;1
2025-03;AEP - LUQ;Aerol¡neas Argentinas;Cabotaje;;4582;4582
2025-03;AEP - LUQ;N/A;Cabotaje;3;2;5
2025-03;AEP - LUQ;(en blanco);Cabotaje;3;;3
2025-03;AEP - MCZ;(en blanco);Internacional;83;;83
2025-03;AEP - MDQ;Aerol¡neas Argentinas;Cabotaje;;24754;24754
2025-03;AEP - MDQ;American Jet;Cabotaje;;43;43
2025-03;AEP - MDQ;JetSMART Airlines;Cabotaje;;75;75
2025-03;AEP - MDQ;LADE - L¡neas A‚reas Del Estado;Cabotaje;30;21;51
2025-03;AEP - MDQ;N/A;Cabotaje;;8;8
2025-03;AEP - MDQ;(en blanco);Cabotaje;17;9;26
2025-03;AEP - MDZ;Aerol¡neas Argentinas;Cabotaje;;55480;55480
2025-03;AEP - MDZ;Flybondi;Cabotaje;;23517;23517
2025-03;AEP - MDZ;JetSMART Airlines;Cabotaje;;42656;42656
2025-03;AEP - MDZ;N/A;Cabotaje;3;15;18
2025-03;AEP - MDZ;(en blanco);Cabotaje;58;25;83
2025-03;AEP - MLA;N/A;Internacional;;2;2
2025-03;AEP - MVD;Aerol¡neas Argentinas;Internacional;;15846;15846
2025-03;AEP - MVD;JetSMART Airlines;Internacional;;186;186
2025-03;AEP - MVD;N/A;Internacional;9;29;38
2025-03;AEP - MVD;(en blanco);Internacional;24;29;53
2025-03;AEP - NAT;Gol Transportes A‚reos;Internacional;;488;488
2025-03;AEP - NQN;Aerol¡neas Argentinas;Cabotaje;;41574;41574
2025-03;AEP - NQN;American Jet;Cabotaje;;66;66
2025-03;AEP - NQN;Flybondi;Cabotaje;;17430;17430
2025-03;AEP - NQN;JetSMART Airlines;Cabotaje;;23745;23745
2025-03;AEP - NQN;N/A;Cabotaje;1;9;10
2025-03;AEP - NQN;(en blanco);Cabotaje;18;3;21
2025-03;AEP - OPF;N/A;Internacional;8;10;18
2025-03;AEP - OVR;N/A;Cabotaje;2;5;7
2025-03;AEP - OVR;(en blanco);Cabotaje;4;;4
2025-03;AEP - PDI;(en blanco);Cabotaje;2;2;4
2025-03;AEP - PDP;Aerol¡neas Argentinas;Internacional;;10362;10362
2025-03;AEP - PDP;N/A;Internacional;6;111;117
2025-03;AEP - PDP;(en blanco);Internacional;6;9;15
2025-03;AEP - PMC;N/A;Internacional;;34;34
2025-03;AEP - PMQ;American Jet;Cabotaje;;54;54
2025-03;AEP - PMQ;(en blanco);Cabotaje;;6;6
2025-03;AEP - PMY;Aerol¡neas Argentinas;Cabotaje;;6128;6128
2025-03;AEP - PMY;Flybondi;Cabotaje;;5572;5572
2025-03;AEP - PMY;N/A;Cabotaje;;2;2
2025-03;AEP - PMY;(en blanco);Cabotaje;1;3;4
2025-03;AEP - POA;Aerol¡neas Argentinas;Internacional;;3059;3059
2025-03;AEP - POA;N/A;Internacional;;6;6
2025-03;AEP - POA;TAM Linhas A‚reas;Internacional;;150;150
2025-03;AEP - PRA;Aerol¡neas Argentinas;Cabotaje;;3549;3549
2025-03;AEP - PRA;N/A;Cabotaje;;7;7
2025-03;AEP - PSS;Aerol¡neas Argentinas;Cabotaje;;11634;11634
2025-03;AEP - PSS;Flybondi;Cabotaje;;12994;12994
2025-03;AEP - PSS;N/A;Cabotaje;;5;5
2025-03;AEP - PSS;(en blanco);Cabotaje;2;;2
2025-03;AEP - PUJ;Aerol¡neas Argentinas;Internacional;;160;160
2025-03;AEP - PUQ;Fuerza A‚rea Brasilera;Internacional;7;;7
2025-03;AEP - RAF;(en blanco);Cabotaje;;1;1
2025-03;AEP - RAI;N/A;Internacional;;1;1
2025-03;AEP - RCU;Aerol¡neas Argentinas;Cabotaje;;2029;2029
2025-03;AEP - REC;Gol Transportes A‚reos;Internacional;;1312;1312
2025-03;AEP - REL;Aerol¡neas Argentinas;Cabotaje;;16056;16056
2025-03;AEP - REL;American Jet;Cabotaje;;18;18
2025-03;AEP - REL;(en blanco);Cabotaje;7;2;9
2025-03;AEP - RES;Aerol¡neas Argentinas;Cabotaje;;12463;12463
2025-03;AEP - RES;JetSMART Airlines;Cabotaje;;92;92
2025-03;AEP - RES;N/A;Cabotaje;;4;4
2025-03;AEP - RES;(en blanco);Cabotaje;13;10;23
2025-03;AEP - RGA;Aerol¡neas Argentinas;Cabotaje;;12480;12480
2025-03;AEP - RGA;N/A;Cabotaje;;3;3
2025-03;AEP - RGA;(en blanco);Cabotaje;1;;1
2025-03;AEP - RGL;Aerol¡neas Argentinas;Cabotaje;;10461;10461
2025-03;AEP - RGL;N/A;Cabotaje;;12;12
2025-03;AEP - RGL;(en blanco);Cabotaje;13;;13
2025-03;AEP - RHD;Aerol¡neas Argentinas;Cabotaje;;2564;2564
2025-03;AEP - RHD;American Jet;Cabotaje;;77;77
2025-03;AEP - RHD;N/A;Cabotaje;3;;3
2025-03;AEP - RHD;(en blanco);Cabotaje;;5;5
2025-03;AEP - RLO;Aerol¡neas Argentinas;Cabotaje;;733;733
2025-03;AEP - RLO;N/A;Cabotaje;;4;4
2025-03;AEP - ROS;Aerol¡neas Argentinas;Cabotaje;;14670;14670
2025-03;AEP - ROS;N/A;Cabotaje;;11;11
2025-03;AEP - ROS;(en blanco);Cabotaje;14;43;57
2025-03;AEP - RSA;Aerol¡neas Argentinas;Cabotaje;;3694;3694
2025-03;AEP - RSA;N/A;Cabotaje;;12;12
2025-03;AEP - RSA;(en blanco);Cabotaje;3;2;5
2025-03;AEP - SA32;N/A;Cabotaje;;20;20
2025-03;AEP - SA40;(en blanco);Cabotaje;;2;2
2025-03;AEP - SANI;N/A;Cabotaje;;4;4
2025-03;AEP - SAOM;(en blanco);Cabotaje;;1;1
2025-03;AEP - SATO;N/A;Cabotaje;;4;4
2025-03;AEP - SCL;Aerol¡neas Argentinas;Internacional;;20179;20179
2025-03;AEP - SCL;JetSMART Airlines;Internacional;;21017;21017
2025-03;AEP - SCL;LATAM;Internacional;;36941;36941
2025-03;AEP - SCL;N/A;Internacional;5;6;11
2025-03;AEP - SCL;Sky Airline;Internacional;;18722;18722
2025-03;AEP - SCL;(en blanco);Internacional;;7;7
2025-03;AEP - SDE;Aerol¡neas Argentinas;Cabotaje;;8173;8173
2025-03;AEP - SDE;Flybondi;Cabotaje;;8738;8738
2025-03;AEP - SDE;JetSMART Airlines;Cabotaje;;91;91
2025-03;AEP - SDE;(en blanco);Cabotaje;16;7;23
2025-03;AEP - SFN;Aerol¡neas Argentinas;Cabotaje;;6295;6295
2025-03;AEP - SFN;American Jet;Cabotaje;;29;29
2025-03;AEP - SFN;N/A;Cabotaje;;30;30
2025-03;AEP - SFN;(en blanco);Cabotaje;;8;8
2025-03;AEP - SID;N/A;Internacional;;2;2
2025-03;AEP - SLA;Aerol¡neas Argentinas;Cabotaje;;37384;37384
2025-03;AEP - SLA;Andes L¡neas A‚reas;Cabotaje;;342;342
2025-03;AEP - SLA;Flybondi;Cabotaje;;5789;5789
2025-03;AEP - SLA;JetSMART Airlines;Cabotaje;;21869;21869
2025-03;AEP - SLA;N/A;Cabotaje;7;15;22
2025-03;AEP - SSA;Aerol¡neas Argentinas;Internacional;;8978;8978
2025-03;AEP - SSA;Gol Transportes A‚reos;Internacional;;1478;1478
2025-03;AEP - STY;N/A;Internacional;;2;2
2025-03;AEP - SUAA;N/A;Internacional;1;7;8
2025-03;AEP - TDL;(en blanco);Cabotaje;3;;3
2025-03;AEP - TFS;N/A;Internacional;4;;4
2025-03;AEP - TUC;Aerol¡neas Argentinas;Cabotaje;;30760;30760
2025-03;AEP - TUC;Flybondi;Cabotaje;;13219;13219
2025-03;AEP - TUC;JetSMART Airlines;Cabotaje;;10941;10941
2025-03;AEP - TUC;N/A;Cabotaje;1;45;46
2025-03;AEP - TUC;(en blanco);Cabotaje;3;5;8
2025-03;AEP - UAQ;Aerol¡neas Argentinas;Cabotaje;;10370;10370
2025-03;AEP - UAQ;Flybondi;Cabotaje;;4855;4855
2025-03;AEP - UAQ;(en blanco);Cabotaje;;2;2
2025-03;AEP - USH;Aerol¡neas Argentinas;Cabotaje;;38551;38551
2025-03;AEP - USH;Flybondi;Cabotaje;;1641;1641
2025-03;AEP - USH;JetSMART Airlines;Cabotaje;;5579;5579
2025-03;AEP - USH;N/A;Cabotaje;;16;16
2025-03;AEP - USH;(en blanco);Cabotaje;5;7;12
2025-03;AEP - VCP;Fuerza A‚rea Brasilera;Internacional;14;;14
2025-03;AEP - VDM;Aerol¡neas Argentinas;Cabotaje;;2614;2614
2025-03;AEP - VMA;N/A;Cabotaje;1;9;10
2025-03;AEP - VME;(en blanco);Cabotaje;;1;1
2025-03;AEP - VVI;Aerol¡neas Argentinas;Internacional;;1600;1600
2025-03;AFA - AFA;Aerol¡neas Argentinas;Cabotaje;;45;45
2025-03;AFA - AR-0253;(en blanco);Cabotaje;2;;2
2025-03;AFA - FDO;(en blanco);Cabotaje;2;;2
2025-03;AFA - MDZ;(en blanco);Cabotaje;2;;2
2025-03;AFA - SA32;(en blanco);Cabotaje;1;;1
2025-03;AGT - FDO;N/A;Internacional;6;;6
2025-03;AGT - FDO;(en blanco);Internacional;17;;17
2025-03;AGT - IGR;(en blanco);Internacional;;3;3
2025-03;AGT - MDZ;N/A;Internacional;4;;4
2025-03;AGT - ROS;N/A;Internacional;4;;4
2025-03;AMS - EZE;KLM;Internacional;;15622;15622
2025-03;ANU - BRC;N/A;Internacional;6;;6
2025-03;APZ - CPC;(en blanco);Cabotaje;;1;1
2025-03;AR-0005 - FDO;(en blanco);Cabotaje;1;;1
2025-03;AR-0005 - MDQ;(en blanco);Cabotaje;4;;4
2025-03;AR-0008 - SDE;(en blanco);Cabotaje;2;;2
2025-03;AR-0009 - FDO;(en blanco);Cabotaje;3;3;6
2025-03;AR-0009 - RCQ;(en blanco);Cabotaje;;6;6
2025-03;AR-0009 - RHD;(en blanco);Cabotaje;4;;4
2025-03;AR-0009 - SDE;(en blanco);Cabotaje;;1;1
2025-03;AR-0010 - FDO;(en blanco);Cabotaje;4;1;5
2025-03;AR-0014 - FDO;(en blanco);Cabotaje;1;;1
2025-03;AR-0019 - BRC;(en blanco);Cabotaje;4;;4
2025-03;AR-0019 - NQN;(en blanco);Cabotaje;7;;7
2025-03;AR-0019 - REL;(en blanco);Cabotaje;2;;2
2025-03;AR-0019 - RGL;(en blanco);Cabotaje;;2;2
2025-03;AR-0024 - FDO;(en blanco);Cabotaje;2;2;4
2025-03;AR-0027 - FDO;(en blanco);Cabotaje;2;;2
2025-03;AR-0027 - TDL;(en blanco);Cabotaje;3;;3
2025-03;AR-0035 - NQN;(en blanco);Cabotaje;2;;2
2025-03;AR-0036 - SLA;(en blanco);Cabotaje;7;2;9
2025-03;AR-0038 - FDO;(en blanco);Cabotaje;2;;2
2025-03;AR-0044 - EZE;(en blanco);Cabotaje;;1;1
2025-03;AR-0051 - FDO;(en blanco);Cabotaje;1;;1
2025-03;AR-0052 - CNQ;(en blanco);Cabotaje;1;;1
2025-03;AR-0063 - FDO;(en blanco);Cabotaje;;2;2
2025-03;AR-0068 - PRA;(en blanco);Cabotaje;2;;2
2025-03;AR-0069 - EZE;(en blanco);Cabotaje;;2;2
2025-03;AR-0071 - BHI;(en blanco);Cabotaje;2;;2
2025-03;AR-0079 - FDO;(en blanco);Cabotaje;1;;1
2025-03;AR-0082 - FDO;(en blanco);Cabotaje;1;;1
2025-03;AR-0082 - NQN;AeroSur;Cabotaje;1;;1
2025-03;AR-0082 - NQN;(en blanco);Cabotaje;1;;1
2025-03;AR-0083 - FDO;(en blanco);Cabotaje;1;;1
2025-03;AR-0088 - COR;(en blanco);Cabotaje;;2;2
2025-03;AR-0101 - EZE;(en blanco);Cabotaje;;2;2
2025-03;AR-0101 - FDO;(en blanco);Cabotaje;5;;5
2025-03;AR-0110 - IGR;(en blanco);Cabotaje;;1;1
2025-03;AR-0119 - CNQ;(en blanco);Cabotaje;5;;5
2025-03;AR-0123 - BHI;N/A;Cabotaje;2;;2
2025-03;AR-0138 - EZE;(en blanco);Cabotaje;1;1;2
2025-03;AR-0142 - RCQ;(en blanco);Cabotaje;;1;1
2025-03;AR-0161 - CNQ;(en blanco);Cabotaje;1;;1
2025-03;AR-0166 - MDZ;(en blanco);Cabotaje;1;;1
2025-03;AR-0168 - FDO;(en blanco);Cabotaje;1;;1
2025-03;AR-0175 - FDO;N/A;Cabotaje;2;;2
2025-03;AR-0175 - FDO;(en blanco);Cabotaje;2;1;3
2025-03;AR-0175 - GPO;(en blanco);Cabotaje;1;;1
2025-03;AR-0175 - NQN;American Jet;Cabotaje;;3;3
2025-03;AR-0175 - PSS;(en blanco);Cabotaje;1;;1
2025-03;AR-0212 - FDO;(en blanco);Cabotaje;;4;4
2025-03;AR-0216 - CTC;(en blanco);Cabotaje;2;;2
2025-03;AR-0218 - FDO;(en blanco);Cabotaje;1;;1
2025-03;AR-0235 - FTE;(en blanco);Cabotaje;;2;2
2025-03;AR-0238 - BRC;(en blanco);Cabotaje;;54;54
2025-03;AR-0238 - EQS;(en blanco);Cabotaje;2;;2
2025-03;AR-0238 - FDO;(en blanco);Cabotaje;1;;1
2025-03;AR-0238 - NQN;(en blanco);Cabotaje;1;;1
2025-03;AR-0240 - FDO;(en blanco);Cabotaje;1;;1
2025-03;AR-0252 - COR;(en blanco);Cabotaje;1;;1
2025-03;AR-0252 - FDO;(en blanco);Cabotaje;6;;6
2025-03;AR-0257 - VDM;(en blanco);Cabotaje;1;;1
2025-03;AR-0262 - FDO;(en blanco);Cabotaje;2;;2
2025-03;AR-0262 - NQN;(en blanco);Cabotaje;1;;1
2025-03;AR-0271 - FDO;(en blanco);Cabotaje;2;;2
2025-03;AR-0273 - SLA;(en blanco);Cabotaje;1;;1
2025-03;AR-0285 - COR;(en blanco);Cabotaje;2;;2
2025-03;AR-0287 - FDO;(en blanco);Cabotaje;3;;3
2025-03;AR-0289 - PRA;(en blanco);Cabotaje;2;;2
2025-03;AR-0289 - ROS;(en blanco);Cabotaje;1;;1
2025-03;AR-0293 - FDO;(en blanco);Cabotaje;2;;2
2025-03;AR-0296 - FDO;(en blanco);Cabotaje;2;3;5
2025-03;AR-0305 - ROS;(en blanco);Cabotaje;2;;2
2025-03;AR-0313 - FDO;(en blanco);Cabotaje;8;;8
2025-03;AR-0313 - GPO;(en blanco);Cabotaje;;2;2
2025-03;AR-0313 - OYA;(en blanco);Cabotaje;3;;3
2025-03;AR-0313 - ROS;(en blanco);Cabotaje;1;;1
2025-03;AR-0314 - CNQ;(en blanco);Cabotaje;1;;1
2025-03;AR-0314 - FDO;(en blanco);Cabotaje;;1;1
2025-03;AR-0316 - EZE;Aerol¡neas Argentinas;Cabotaje;;73;73
2025-03;AR-0316 - EZE;Flybondi;Cabotaje;;50;50
2025-03;AR-0318 - LUQ;(en blanco);Cabotaje;1;1;2
2025-03;AR-0318 - ROS;(en blanco);Cabotaje;2;;2
2025-03;AR-0319 - FDO;(en blanco);Cabotaje;1;;1
2025-03;AR-0320 - SLA;(en blanco);Cabotaje;2;;2
2025-03;AR-0327 - ROS;(en blanco);Cabotaje;1;;1
2025-03;AR-0333 - VME;(en blanco);Cabotaje;1;;1
2025-03;AR-0343 - EZE;(en blanco);Cabotaje;;1;1
2025-03;AR-0343 - FDO;(en blanco);Cabotaje;3;;3
2025-03;AR-0345 - FDO;(en blanco);Cabotaje;1;;1
2025-03;AR-0356 - FDO;(en blanco);Cabotaje;1;;1
2025-03;AR-0369 - NQN;American Jet;Cabotaje;;233;233
2025-03;AR-0370 - COR;(en blanco);Cabotaje;1;;1
2025-03;AR-0370 - FDO;(en blanco);Cabotaje;;2;2
2025-03;AR-0370 - JUJ;(en blanco);Cabotaje;3;;3
2025-03;AR-0370 - SLA;(en blanco);Cabotaje;2;;2
2025-03;AR-0370 - TUC;(en blanco);Cabotaje;2;;2
2025-03;AR-0376 - FDO;(en blanco);Cabotaje;;1;1
2025-03;AR-0383 - FDO;(en blanco);Cabotaje;1;;1
2025-03;AR-0385 - FDO;(en blanco);Cabotaje;2;;2
2025-03;AR-0391 - VDM;(en blanco);Cabotaje;2;;2
2025-03;AR-0395 - MDQ;(en blanco);Cabotaje;;3;3
2025-03;AR-0408 - BRC;(en blanco);Cabotaje;1;;1
2025-03;AR-0408 - CPC;(en blanco);Cabotaje;;1;1
2025-03;AR-0415 - VME;(en blanco);Cabotaje;1;;1
2025-03;AR-0424 - COR;(en blanco);Cabotaje;;1;1
2025-03;AR-0424 - SLA;(en blanco);Cabotaje;9;;9
2025-03;AR-0431 - CPC;(en blanco);Cabotaje;3;1;4
2025-03;AR-0431 - NQN;(en blanco);Cabotaje;2;;2
2025-03;AR-0457 - CPC;(en blanco);Cabotaje;;3;3
2025-03;AR-0464 - EQS;N/A;Cabotaje;1;;1
2025-03;AR-0464 - EQS;(en blanco);Cabotaje;1;;1
2025-03;AR-0469 - CPC;(en blanco);Cabotaje;;4;4
2025-03;AR-0481 - RCU;(en blanco);Cabotaje;4;;4
2025-03;AR-0487 - FDO;(en blanco);Cabotaje;1;;1
2025-03;ARI - FDO;(en blanco);Internacional;;2;2
2025-03;ARI - MDZ;N/A;Internacional;6;;6
2025-03;ASU - BRC;N/A;Internacional;4;;4
2025-03;ASU - CNQ;N/A;Internacional;3;;3
2025-03;ASU - CNQ;(en blanco);Internacional;6;;6
2025-03;ASU - COR;Aerol¡neas Argentinas;Internacional;;333;333
2025-03;ASU - COR;Amaszonas;Internacional;;1069;1069
2025-03;ASU - COR;American Jet;Internacional;;98;98
2025-03;ASU - COR;N/A;Internacional;1;4;5
2025-03;ASU - COR;(en blanco);Internacional;33;7;40
2025-03;ASU - EZE;Aerol¡neas Argentinas;Internacional;;425;425
2025-03;ASU - EZE;Amaszonas;Internacional;;40;40
2025-03;ASU - EZE;Avianca;Internacional;;168;168
2025-03;ASU - EZE;JetSMART Airlines;Internacional;;150;150
2025-03;ASU - EZE;LATAM Cargo Uruguay;Internacional;;180;180
2025-03;ASU - EZE;(en blanco);Internacional;4;6;10
2025-03;ASU - FDO;American Jet;Internacional;18;18;36
2025-03;ASU - FDO;N/A;Internacional;19;10;29
2025-03;ASU - FDO;(en blanco);Internacional;37;26;63
2025-03;ASU - JUJ;Amaszonas;Internacional;;188;188
2025-03;ASU - MDQ;N/A;Internacional;8;;8
2025-03;ASU - MDZ;N/A;Internacional;11;;11
2025-03;ASU - RES;(en blanco);Internacional;9;;9
2025-03;ASU - ROS;N/A;Internacional;3;;3
2025-03;ASU - RSA;American Jet;Internacional;;13;13
2025-03;ASU - SLA;Amaszonas;Internacional;;442;442
2025-03;ATL - EZE;Delta Air Lines;Internacional;;15446;15446
2025-03;BCN - EZE;Iberia Airlines;Internacional;;19337;19337
2025-03;BHI - BHI;N/A;Cabotaje;1;;1
2025-03;BHI - BRC;Fuerza A‚rea Argentina;Cabotaje;24;;24
2025-03;BHI - BRC;LADE - L¡neas A‚reas Del Estado;Cabotaje;38;72;110
2025-03;BHI - COR;Flybondi;Cabotaje;;127;127
2025-03;BHI - CRD;Fuerza A‚rea Argentina;Cabotaje;17;;17
2025-03;BHI - CSZ;(en blanco);Cabotaje;4;1;5
2025-03;BHI - EPA;Ej‚rcito Argentino;Cabotaje;3;;3
2025-03;BHI - EZE;Aerol¡neas Argentinas;Cabotaje;;886;886
2025-03;BHI - EZE;N/A;Cabotaje;;2;2
2025-03;BHI - FDO;American Jet;Cabotaje;;7;7
2025-03;BHI - FDO;N/A;Cabotaje;9;6;15
2025-03;BHI - FDO;(en blanco);Cabotaje;28;15;43
2025-03;BHI - GPO;(en blanco);Cabotaje;1;;1
2025-03;BHI - LPG;(en blanco);Cabotaje;22;17;39
2025-03;BHI - MDQ;Ej‚rcito Argentino;Cabotaje;1;;1
2025-03;BHI - MDQ;LADE - L¡neas A‚reas Del Estado;Cabotaje;46;50;96
2025-03;BHI - MDQ;N/A;Cabotaje;3;;3
2025-03;BHI - MDQ;(en blanco);Cabotaje;1;2;3
2025-03;BHI - MOR;(en blanco);Cabotaje;3;;3
2025-03;BHI - NQN;(en blanco);Cabotaje;2;;2
2025-03;BHI - REL;(en blanco);Cabotaje;10;;10
2025-03;BHI - SADO;Ej‚rcito Argentino;Cabotaje;2;;2
2025-03;BHI - USH;Fuerza A‚rea Argentina;Cabotaje;51;;51
2025-03;BOG - EZE;Avianca;Internacional;;22999;22999
2025-03;BOG - EZE;N/A;Internacional;;7;7
2025-03;BPS - COR;Andes L¡neas A‚reas;Internacional;;1081;1081
2025-03;BPS - EZE;Gol Transportes A‚reos;Internacional;;1430;1430
2025-03;BPS - EZE;TAM Linhas A‚reas;Internacional;;703;703
2025-03;BPS - IGR;Andes L¡neas A‚reas;Internacional;;180;180
2025-03;BRC - BRC;(en blanco);Cabotaje;1;;1
2025-03;BRC - COR;Aerol¡neas Argentinas;Cabotaje;;4620;4620
2025-03;BRC - COR;Flybondi;Cabotaje;;6837;6837
2025-03;BRC - COR;JetSMART Airlines;Cabotaje;;74;74
2025-03;BRC - COR;(en blanco);Cabotaje;;154;154
2025-03;BRC - CPC;N/A;Cabotaje;6;3;9
2025-03;BRC - CPC;(en blanco);Cabotaje;15;4;19
2025-03;BRC - EHL;(en blanco);Cabotaje;1;1;2
2025-03;BRC - EQS;N/A;Cabotaje;18;3;21
2025-03;BRC - EQS;(en blanco);Cabotaje;2;;2
2025-03;BRC - EZE;Aerol¡neas Argentinas;Cabotaje;;16992;16992
2025-03;BRC - EZE;Andes L¡neas A‚reas;Cabotaje;;1286;1286
2025-03;BRC - EZE;Flybondi;Cabotaje;;24770;24770
2025-03;BRC - EZE;JetSMART Airlines;Cabotaje;;16122;16122
2025-03;BRC - EZE;LATAM;Cabotaje;;84;84
2025-03;BRC - EZE;N/A;Cabotaje;11;10;21
2025-03;BRC - EZE;(en blanco);Cabotaje;3;;3
2025-03;BRC - FDO;Aerol¡neas Argentinas;Cabotaje;;1;1
2025-03;BRC - FDO;American Jet;Cabotaje;;8;8
2025-03;BRC - FDO;N/A;Cabotaje;81;14;95
2025-03;BRC - FDO;(en blanco);Cabotaje;19;21;40
2025-03;BRC - FTE;Aerol¡neas Argentinas;Cabotaje;;6843;6843
2025-03;BRC - FTE;N/A;Cabotaje;2;2;4
2025-03;BRC - FTE;(en blanco);Cabotaje;4;4;8
2025-03;BRC - GNR;(en blanco);Cabotaje;;4;4
2025-03;BRC - LMMM;N/A;Internacional;6;;6
2025-03;BRC - MDZ;Aerol¡neas Argentinas;Cabotaje;;2719;2719
2025-03;BRC - MDZ;N/A;Cabotaje;4;1;5
2025-03;BRC - MDZ;(en blanco);Cabotaje;2;;2
2025-03;BRC - MIA;N/A;Internacional;1;;1
2025-03;BRC - MLB;N/A;Internacional;3;3;6
2025-03;BRC - NQN;American Jet;Cabotaje;;16;16
2025-03;BRC - NQN;N/A;Cabotaje;;1;1
2025-03;BRC - NQN;(en blanco);Cabotaje;13;3;16
2025-03;BRC - PDP;Andes L¡neas A‚reas;Internacional;;366;366
2025-03;BRC - PDP;N/A;Internacional;;4;4
2025-03;BRC - PMC;N/A;Internacional;5;;5
2025-03;BRC - PMQ;(en blanco);Cabotaje;3;;3
2025-03;BRC - RES;Fuerza A‚rea Argentina;Cabotaje;34;;34
2025-03;BRC - ROS;Aerol¡neas Argentinas;Cabotaje;;3024;3024
2025-03;BRC - RSA;American Jet;Cabotaje;;7;7
2025-03;BRC - SBD;N/A;Internacional;10;;10
2025-03;BRC - SCL;LATAM;Internacional;;2525;2525
2025-03;BRC - SCL;Sky Airline;Internacional;;2102;2102
2025-03;BRC - SDM;N/A;Internacional;;2;2
2025-03;BRC - SLA;(en blanco);Cabotaje;;2;2
2025-03;BRC - TLX;(en blanco);Internacional;2;2;4
2025-03;BRC - TUC;(en blanco);Cabotaje;8;3;11
2025-03;BRC - TUS;N/A;Internacional;2;;2
2025-03;BSB - EZE;Gol Transportes A‚reos;Internacional;;6509;6509
2025-03;BSB - FDO;N/A;Internacional;12;;12
2025-03;BSB - FDO;(en blanco);Internacional;17;;17
2025-03;BSB - ROS;N/A;Internacional;3;3;6
2025-03;CBB - EZE;Aerol¡neas Argentinas;Internacional;;122;122
2025-03;CBB - EZE;Boliviana de Aviacion;Internacional;;204;204
2025-03;CDG - EZE;Air France;Internacional;;17427;17427
2025-03;CGH - EZE;Air Canada;Internacional;;218;218
2025-03;CGH - EZE;Gol Transportes A‚reos;Internacional;;169;169
2025-03;CGR - IGR;(en blanco);Internacional;;2;2
2025-03;CNF - EZE;Gol Transportes A‚reos;Internacional;;2021;2021
2025-03;CNF - FDO;(en blanco);Internacional;3;;3
2025-03;CNF - SFN;N/A;Internacional;50;;50
2025-03;CNQ - CWB;N/A;Internacional;14;;14
2025-03;CNQ - EZE;Flybondi;Cabotaje;;1852;1852
2025-03;CNQ - FDO;N/A;Cabotaje;;1;1
2025-03;CNQ - FDO;(en blanco);Cabotaje;37;18;55
2025-03;CNQ - FMA;(en blanco);Cabotaje;6;;6
2025-03;CNQ - JNI;(en blanco);Cabotaje;1;;1
2025-03;CNQ - MCS;(en blanco);Cabotaje;3;;3
2025-03;CNQ - MDX;(en blanco);Cabotaje;2;;2
2025-03;CNQ - OYA;(en blanco);Cabotaje;1;2;3
2025-03;CNQ - PSS;Flybondi;Cabotaje;;2;2
2025-03;CNQ - PSS;(en blanco);Cabotaje;2;;2
2025-03;CNQ - RCQ;(en blanco);Cabotaje;1;1;2
2025-03;CNQ - ROS;(en blanco);Cabotaje;11;;11
2025-03;CNQ - SA23;(en blanco);Cabotaje;3;;3
2025-03;CNQ - SDE;(en blanco);Cabotaje;3;;3
2025-03;COR - COR;N/A;Cabotaje;3;;3
2025-03;COR - COR;(en blanco);Cabotaje;6;;6
2025-03;COR - CRD;Aerol¡neas Argentinas;Cabotaje;;2021;2021
2025-03;COR - CRD;(en blanco);Cabotaje;3;3;6
2025-03;COR - CTC;N/A;Cabotaje;;2;2
2025-03;COR - CTC;(en blanco);Cabotaje;1;2;3
2025-03;COR - CWB;N/A;Internacional;6;5;11
2025-03;COR - EPA;Fuerza A‚rea Argentina;Cabotaje;11;;11
2025-03;COR - EZE;Aerol¡neas Argentinas;Cabotaje;;8098;8098
2025-03;COR - EZE;Andes L¡neas A‚reas;Cabotaje;;320;320
2025-03;COR - EZE;Flybondi;Cabotaje;;1249;1249
2025-03;COR - EZE;JetSMART Airlines;Cabotaje;;813;813
2025-03;COR - EZE;N/A;Cabotaje;;2;2
2025-03;COR - EZE;(en blanco);Cabotaje;3;12;15
2025-03;COR - FDO;Aerol¡neas Argentinas;Cabotaje;;116;116
2025-03;COR - FDO;American Jet;Cabotaje;9;6;15
2025-03;COR - FDO;N/A;Cabotaje;2;6;8
2025-03;COR - FDO;(en blanco);Cabotaje;55;43;98
2025-03;COR - FLN;Aerol¡neas Argentinas;Internacional;;2670;2670
2025-03;COR - FLN;Gol Transportes A‚reos;Internacional;;785;785
2025-03;COR - FLN;N/A;Internacional;;5;5
2025-03;COR - FLN;(en blanco);Internacional;;2;2
2025-03;COR - FTE;Aerol¡neas Argentinas;Cabotaje;;2472;2472
2025-03;COR - GIG;Aerol¡neas Argentinas;Internacional;;5992;5992
2025-03;COR - GIG;Gol Transportes A‚reos;Internacional;;7145;7145
2025-03;COR - GRU;Gol Transportes A‚reos;Internacional;;168;168
2025-03;COR - GYE;(en blanco);Internacional;;2;2
2025-03;COR - IGR;Aerol¡neas Argentinas;Cabotaje;;5948;5948
2025-03;COR - IGR;Andes L¡neas A‚reas;Cabotaje;;299;299
2025-03;COR - IGU;N/A;Internacional;2;;2
2025-03;COR - IRJ;N/A;Cabotaje;5;4;9
2025-03;COR - IRJ;(en blanco);Cabotaje;11;7;18
2025-03;COR - JUJ;Aerol¡neas Argentinas;Cabotaje;;2254;2254
2025-03;COR - JUJ;N/A;Cabotaje;8;;8
2025-03;COR - LCM;(en blanco);Cabotaje;3;;3
2025-03;COR - LIM;LATAM Per£;Internacional;;9123;9123
2025-03;COR - LIM;Personas Y Paquetes Por Aire;Internacional;1;;1
2025-03;COR - LPG;(en blanco);Cabotaje;;3;3
2025-03;COR - MAD;Air Europa;Internacional;;8200;8200
2025-03;COR - MCZ;Flybondi;Internacional;;1779;1779
2025-03;COR - MDQ;Aerol¡neas Argentinas;Cabotaje;;589;589
2025-03;COR - MDX;(en blanco);Cabotaje;3;;3
2025-03;COR - MDZ;Aerol¡neas Argentinas;Cabotaje;;7544;7544
2025-03;COR - MDZ;American Jet;Cabotaje;;37;37
2025-03;COR - MDZ;Copa Airlines;Cabotaje;;77;77
2025-03;COR - MDZ;Flybondi;Cabotaje;;91;91
2025-03;COR - MDZ;LATAM Per£;Cabotaje;;81;81
2025-03;COR - MDZ;N/A;Cabotaje;5;;5
2025-03;COR - MDZ;NetJets;Cabotaje;5;;5
2025-03;COR - MDZ;(en blanco);Cabotaje;15;;15
2025-03;COR - NCJ;N/A;Cabotaje;1;;1
2025-03;COR - NCJ;(en blanco);Cabotaje;2;;2
2025-03;COR - NQN;Aerol¡neas Argentinas;Cabotaje;;5667;5667
2025-03;COR - NQN;Flybondi;Cabotaje;;5773;5773
2025-03;COR - NQN;N/A;Cabotaje;;1;1
2025-03;COR - NQN;(en blanco);Cabotaje;1;1;2
2025-03;COR - OPF;NetJets;Internacional;10;;10
2025-03;COR - PDP;(en blanco);Internacional;18;4;22
2025-03;COR - POA;(en blanco);Internacional;7;;7
2025-03;COR - PRA;(en blanco);Cabotaje;2;2;4
2025-03;COR - PSS;(en blanco);Cabotaje;1;1;2
2025-03;COR - PTY;Copa Airlines;Internacional;;18510;18510
2025-03;COR - PUJ;Aerol¡neas Argentinas;Internacional;;3951;3951
2025-03;COR - RAF;(en blanco);Cabotaje;5;;5
2025-03;COR - RCU;N/A;Cabotaje;;1;1
2025-03;COR - RCU;(en blanco);Cabotaje;6;;6
2025-03;COR - RGL;(en blanco);Cabotaje;1;;1
2025-03;COR - ROS;N/A;Cabotaje;;2;2
2025-03;COR - ROS;(en blanco);Cabotaje;11;;11
2025-03;COR - RSA;N/A;Cabotaje;1;;1
2025-03;COR - RSA;(en blanco);Cabotaje;7;;7
2025-03;COR - RVY;(en blanco);Internacional;;3;3
2025-03;COR - SA16;(en blanco);Cabotaje;1;;1
2025-03;COR - SA17;(en blanco);Cabotaje;4;;4
2025-03;COR - SA31;(en blanco);Cabotaje;2;;2
2025-03;COR - SA32;(en blanco);Cabotaje;5;3;8
2025-03;COR - SACD;(en blanco);Cabotaje;2;;2
2025-03;COR - SADZ;(en blanco);Cabotaje;1;;1
2025-03;COR - SAOE;(en blanco);Cabotaje;11;;11
2025-03;COR - SAOM;(en blanco);Cabotaje;5;;5
2025-03;COR - SCEK;LATAM;Internacional;;133;133
2025-03;COR - SCL;Fuerza A‚rea Argentina;Internacional;23;;23
2025-03;COR - SCL;LATAM;Internacional;;12938;12938
2025-03;COR - SCL;N/A;Internacional;5;12;17
2025-03;COR - SCL;(en blanco);Internacional;28;;28
2025-03;COR - SDE;(en blanco);Cabotaje;8;3;11
2025-03;COR - SFN;American Jet;Cabotaje;;47;47
2025-03;COR - SFN;(en blanco);Cabotaje;11;5;16
2025-03;COR - SLA;Aerol¡neas Argentinas;Cabotaje;;4721;4721
2025-03;COR - SLA;American Jet;Cabotaje;9;26;35
2025-03;COR - SLA;Flybondi;Cabotaje;;3955;3955
2025-03;COR - SLA;(en blanco);Cabotaje;19;7;26
2025-03;COR - SSA;Aerol¡neas Argentinas;Internacional;;1375;1375
2025-03;COR - TUC;Aerol¡neas Argentinas;Cabotaje;;2871;2871
2025-03;COR - TUC;N/A;Cabotaje;4;1;5
2025-03;COR - TUC;(en blanco);Cabotaje;2;1;3
2025-03;COR - USH;Aerol¡neas Argentinas;Cabotaje;;2532;2532
2025-03;COR - USH;Personas Y Paquetes Por Aire;Cabotaje;4;;4
2025-03;COR - VMA;(en blanco);Cabotaje;2;;2
2025-03;COR - VVI;N/A;Internacional;7;;7
2025-03;CPC - CPC;N/A;Cabotaje;1;;1
2025-03;CPC - CPC;(en blanco);Cabotaje;3;3;6
2025-03;CPC - EQS;(en blanco);Cabotaje;1;2;3
2025-03;CPC - EZE;Aerol¡neas Argentinas;Cabotaje;;1750;1750
2025-03;CPC - EZE;JetSMART Airlines;Cabotaje;;339;339
2025-03;CPC - EZE;N/A;Cabotaje;;9;9
2025-03;CPC - EZE;(en blanco);Cabotaje;5;11;16
2025-03;CPC - FDO;(en blanco);Cabotaje;8;20;28
2025-03;CPC - GPO;(en blanco);Cabotaje;3;;3
2025-03;CPC - LMMM;N/A;Internacional;4;;4
2025-03;CPC - LRD;N/A;Internacional;6;;6
2025-03;CPC - MDZ;N/A;Cabotaje;4;2;6
2025-03;CPC - MDZ;(en blanco);Cabotaje;;3;3
2025-03;CPC - NQN;(en blanco);Cabotaje;6;;6
2025-03;CPC - PDP;N/A;Internacional;;5;5
2025-03;CPC - RSA;N/A;Cabotaje;2;;2
2025-03;CPC - SDE;(en blanco);Cabotaje;3;;3
2025-03;CPC - TUC;Fuerza A‚rea Argentina;Cabotaje;12;;12
2025-03;CPC - TUC;N/A;Cabotaje;3;2;5
2025-03;CRD - EZE;Aerol¡neas Argentinas;Cabotaje;;2821;2821
2025-03;CRD - EZE;American Jet;Cabotaje;;63;63
2025-03;CRD - EZE;Flybondi;Cabotaje;;7680;7680
2025-03;CRD - EZE;JetSMART Airlines;Cabotaje;;49;49
2025-03;CRD - EZE;(en blanco);Cabotaje;1;4;5
2025-03;CRD - FDO;N/A;Cabotaje;;1;1
2025-03;CRD - FDO;(en blanco);Cabotaje;11;15;26
2025-03;CRD - FTE;Aerol¡neas Argentinas;Cabotaje;;2;2
2025-03;CRD - FTE;LADE - L¡neas A‚reas Del Estado;Cabotaje;26;100;126
2025-03;CRD - FTE;(en blanco);Cabotaje;2;;2
2025-03;CRD - NQN;Aerol¡neas Argentinas;Cabotaje;;3040;3040
2025-03;CRD - PMC;Aerocardal;Internacional;1;;1
2025-03;CRD - PMQ;American Jet;Cabotaje;;24;24
2025-03;CRD - PMQ;LADE - L¡neas A‚reas Del Estado;Cabotaje;25;64;89
2025-03;CRD - PMY;(en blanco);Cabotaje;5;2;7
2025-03;CRD - RCU;(en blanco);Cabotaje;4;;4
2025-03;CRD - REL;(en blanco);Cabotaje;1;;1
2025-03;CRD - RGL;Fuerza A‚rea Argentina;Cabotaje;34;;34
2025-03;CRD - RGL;LADE - L¡neas A‚reas Del Estado;Cabotaje;14;20;34
2025-03;CRD - RGL;(en blanco);Cabotaje;6;6;12
2025-03;CRD - ROS;(en blanco);Cabotaje;3;;3
2025-03;CRD - SCL;Aerocardal;Internacional;2;;2
2025-03;CRD - USH;LADE - L¡neas A‚reas Del Estado;Cabotaje;;26;26
2025-03;CRD - USH;(en blanco);Cabotaje;3;3;6
2025-03;CSZ - FDO;(en blanco);Cabotaje;8;;8
2025-03;CSZ - MDQ;(en blanco);Cabotaje;3;;3
2025-03;CTC - CTC;(en blanco);Cabotaje;4;;4
2025-03;CTC - EZE;Flybondi;Cabotaje;;90;90
2025-03;CTC - FDO;N/A;Cabotaje;2;4;6
2025-03;CTC - FDO;(en blanco);Cabotaje;4;2;6
2025-03;CTC - SDE;(en blanco);Cabotaje;1;;1
2025-03;CTC - SLA;N/A;Cabotaje;10;11;21
2025-03;CTC - SLA;(en blanco);Cabotaje;50;7;57
2025-03;CTC - VDR;(en blanco);Cabotaje;2;;2
2025-03;CTG - EZE;LATAM;Internacional;;2;2
2025-03;CUN - EZE;Aerol¡neas Argentinas;Internacional;;10731;10731
2025-03;CUN - EZE;Aerom‚xico;Internacional;;261;261
2025-03;CUZ - EZE;N/A;Internacional;;4;4
2025-03;CUZ - FDO;(en blanco);Internacional;;6;6
2025-03;CUZ - SLA;(en blanco);Internacional;;2;2
2025-03;CWB - EZE;N/A;Internacional;;80;80
2025-03;CWB - FDO;(en blanco);Internacional;4;3;7
2025-03;CWB - ROS;(en blanco);Internacional;1;;1
2025-03;DAL - FDO;(en blanco);Internacional;4;;4
2025-03;DFW - EZE;American Airlines;Internacional;;13410;13410
2025-03;DZO - FDO;(en blanco);Internacional;;1;1
2025-03;EHL - EQS;(en blanco);Cabotaje;2;;2
2025-03;ELO - FDO;(en blanco);Cabotaje;;2;2
2025-03;ELO - PSS;(en blanco);Cabotaje;4;;4
2025-03;ENO - FDO;N/A;Internacional;6;;6
2025-03;ENO - FDO;(en blanco);Internacional;;1;1
2025-03;EOH - EZE;Avianca;Internacional;;462;462
2025-03;EPA - MDZ;Fuerza A‚rea Argentina;Cabotaje;9;;9
2025-03;EPA - MDZ;(en blanco);Cabotaje;21;;21
2025-03;EPA - MOR;(en blanco);Cabotaje;2;;2
2025-03;EPA - RCU;(en blanco);Cabotaje;2;;2
2025-03;EPA - RGL;Fuerza A‚rea Argentina;Cabotaje;63;;63
2025-03;EPA - RHD;(en blanco);Cabotaje;3;;3
2025-03;EPA - TDL;Fuerza A‚rea Argentina;Cabotaje;1;;1
2025-03;EPA - TUC;Fuerza A‚rea Argentina;Cabotaje;5;;5
2025-03;EQS - EQS;N/A;Cabotaje;1;;1
2025-03;EQS - EQS;(en blanco);Cabotaje;3;;3
2025-03;EQS - EZE;Aerol¡neas Argentinas;Cabotaje;;61;61
2025-03;EQS - EZE;N/A;Cabotaje;4;7;11
2025-03;EQS - FDO;N/A;Cabotaje;;3;3
2025-03;EQS - FDO;(en blanco);Cabotaje;10;8;18
2025-03;EQS - FTE;(en blanco);Cabotaje;;2;2
2025-03;EQS - GNR;(en blanco);Cabotaje;1;;1
2025-03;EQS - MDZ;(en blanco);Cabotaje;2;2;4
2025-03;EQS - NQN;Ej‚rcito Argentino;Cabotaje;10;;10
2025-03;EQS - PMQ;(en blanco);Cabotaje;;1;1
2025-03;EQS - PMY;N/A;Cabotaje;;2;2
2025-03;EQS - REL;(en blanco);Cabotaje;5;3;8
2025-03;EQS - RGA;(en blanco);Cabotaje;;1;1
2025-03;ESG - FDO;(en blanco);Internacional;3;;3
2025-03;ESG - RES;(en blanco);Internacional;3;;3
2025-03;EWR - EZE;N/A;Internacional;6;;6
2025-03;EZE - EZE;Aerol¡neas Argentinas;Cabotaje;;8;8
2025-03;EZE - EZE;Flybondi;Cabotaje;;136;136
2025-03;EZE - EZE;JetSMART Airlines;Cabotaje;;111;111
2025-03;EZE - EZE;N/A;Cabotaje;;2;2
2025-03;EZE - FAA EJERCITO ARGENTINO;(en blanco);Internacional;2;;2
2025-03;EZE - FCO;Aerol¡neas Argentinas;Internacional;;6073;6073
2025-03;EZE - FCO;British Airways;Internacional;;291;291
2025-03;EZE - FCO;ITA Airways;Internacional;;22391;22391
2025-03;EZE - FDO;American Jet;Cabotaje;;1;1
2025-03;EZE - FDO;N/A;Cabotaje;1;;1
2025-03;EZE - FDO;(en blanco);Cabotaje;4;30;34
2025-03;EZE - FLL;N/A;Internacional;69;;69
2025-03;EZE - FLN;Flybondi;Internacional;;5319;5319
2025-03;EZE - FLN;Gol Transportes A‚reos;Internacional;;10487;10487
2025-03;EZE - FLN;JetSMART Airlines;Internacional;;3433;3433
2025-03;EZE - FOR;Gol Transportes A‚reos;Internacional;;2148;2148
2025-03;EZE - FRA;Lufthansa;Internacional;;20292;20292
2025-03;EZE - FRA;Lufthansa Cargo;Internacional;;7;7
2025-03;EZE - FTE;Aerol¡neas Argentinas;Cabotaje;;17314;17314
2025-03;EZE - FTE;Flybondi;Cabotaje;;6536;6536
2025-03;EZE - FTE;JetSMART Airlines;Cabotaje;;2147;2147
2025-03;EZE - FTY;N/A;Internacional;2;;2
2025-03;EZE - GIG;Aerol¡neas Argentinas;Internacional;;6741;6741
2025-03;EZE - GIG;British Airways;Internacional;;16418;16418
2025-03;EZE - GIG;Emirates Airline;Internacional;;11134;11134
2025-03;EZE - GIG;Flybondi;Internacional;;16482;16482
2025-03;EZE - GIG;Gol Transportes A‚reos;Internacional;;29500;29500
2025-03;EZE - GIG;JetSMART Airlines;Internacional;;23692;23692
2025-03;EZE - GIG;LATAM Cargo Uruguay;Internacional;;170;170
2025-03;EZE - GIG;N/A;Internacional;;51;51
2025-03;EZE - GIG;Swiss International Air Lines;Internacional;;92;92
2025-03;EZE - GIG;TAM Linhas A‚reas;Internacional;;168;168
2025-03;EZE - GIG;Turkish Airlines;Internacional;;256;256
2025-03;EZE - GRU;Aerol¡neas Argentinas;Internacional;;364;364
2025-03;EZE - GRU;Air Canada;Internacional;;14419;14419
2025-03;EZE - GRU;British Airways;Internacional;;1171;1171
2025-03;EZE - GRU;Emirates Airline;Internacional;;315;315
2025-03;EZE - GRU;Ethiopian Airlines;Internacional;;13183;13183
2025-03;EZE - GRU;Flybondi;Internacional;;424;424
2025-03;EZE - GRU;Gol Transportes A‚reos;Internacional;;3979;3979
2025-03;EZE - GRU;JetSMART Airlines;Internacional;;310;310
2025-03;EZE - GRU;Swiss International Air Lines;Internacional;;3648;3648
2025-03;EZE - GRU;TAM Linhas A‚reas;Internacional;;5674;5674
2025-03;EZE - GRU;Turkish Airlines;Internacional;;13857;13857
2025-03;EZE - GSJ;Avianca Costa Rica;Internacional;;145;145
2025-03;EZE - GYE;Avianca;Internacional;;1872;1872
2025-03;EZE - GYE;Avianca Costa Rica;Internacional;;4278;4278
2025-03;EZE - GYE;LATAM Ecuador;Internacional;;144;144
2025-03;EZE - GYE;N/A;Internacional;1;34;35
2025-03;EZE - GYE;(en blanco);Internacional;;7;7
2025-03;EZE - IAH;Delta Air Lines;Internacional;;280;280
2025-03;EZE - IAH;N/A;Internacional;2;;2
2025-03;EZE - IAH;United Airlines;Internacional;;22966;22966
2025-03;EZE - IGR;Aerol¡neas Argentinas;Cabotaje;;14520;14520
2025-03;EZE - IGR;Andes L¡neas A‚reas;Cabotaje;;153;153
2025-03;EZE - IGR;Flybondi;Cabotaje;;28566;28566
2025-03;EZE - IGR;JetSMART Airlines;Cabotaje;;11044;11044
2025-03;EZE - IGU;(en blanco);Internacional;2;;2
2025-03;EZE - IQQ;Andes L¡neas A‚reas;Internacional;;4;4
2025-03;EZE - IQT;Andes L¡neas A‚reas;Internacional;;358;358
2025-03;EZE - IRJ;(en blanco);Cabotaje;1;;1
2025-03;EZE - JED;N/A;Internacional;;6;6
2025-03;EZE - JFK;American Airlines;Internacional;;17021;17021
2025-03;EZE - JFK;Delta Air Lines;Internacional;;11947;11947
2025-03;EZE - JFK;United Airlines;Internacional;;240;240
2025-03;EZE - JPA;Gol Transportes A‚reos;Internacional;;750;750
2025-03;EZE - JUJ;Aerol¡neas Argentinas;Cabotaje;;2087;2087
2025-03;EZE - JUJ;Flybondi;Cabotaje;;12011;12011
2025-03;EZE - JUJ;(en blanco);Cabotaje;2;3;5
2025-03;EZE - LHR;British Airways;Internacional;;284;284
2025-03;EZE - LIM;Andes L¡neas A‚reas;Internacional;;335;335
2025-03;EZE - LIM;LATAM Ecuador;Internacional;;7300;7300
2025-03;EZE - LIM;LATAM Per£;Internacional;;15757;15757
2025-03;EZE - LIM;N/A;Internacional;;13;13
2025-03;EZE - LIM;Sky Airline;Internacional;;6403;6403
2025-03;EZE - LMMM;N/A;Internacional;;17;17
2025-03;EZE - LPG;(en blanco);Cabotaje;;2;2
2025-03;EZE - LTN;N/A;Internacional;;1;1
2025-03;EZE - LYS;N/A;Internacional;7;;7
2025-03;EZE - MAD;Aerol¡neas Argentinas;Internacional;;16478;16478
2025-03;EZE - MAD;Air Europa;Internacional;;20146;20146
2025-03;EZE - MAD;Iberia Airlines;Internacional;;57348;57348
2025-03;EZE - MAD;N/A;Internacional;7;;7
2025-03;EZE - MAN;N/A;Internacional;;5;5
2025-03;EZE - MCZ;Gol Transportes A‚reos;Internacional;;1449;1449
2025-03;EZE - MDE;Aerol¡neas Argentinas;Internacional;;62;62
2025-03;EZE - MDE;Avianca;Internacional;;8164;8164
2025-03;EZE - MDQ;Aerol¡neas Argentinas;Cabotaje;;34;34
2025-03;EZE - MDQ;American Jet;Cabotaje;;62;62
2025-03;EZE - MDQ;(en blanco);Cabotaje;;6;6
2025-03;EZE - MDZ;Aerol¡neas Argentinas;Cabotaje;;10262;10262
2025-03;EZE - MDZ;Flybondi;Cabotaje;;8495;8495
2025-03;EZE - MDZ;JetSMART Airlines;Cabotaje;;2363;2363
2025-03;EZE - MDZ;N/A;Cabotaje;4;4;8
2025-03;EZE - MDZ;(en blanco);Cabotaje;1;3;4
2025-03;EZE - MEX;Aerom‚xico;Internacional;;20483;20483
2025-03;EZE - MIA;Aerol¡neas Argentinas;Internacional;;24339;24339
2025-03;EZE - MIA;American Airlines;Internacional;;45348;45348
2025-03;EZE - MIA;Delta Air Lines;Internacional;;547;547
2025-03;EZE - MIA;Ethiopian Airlines;Internacional;;310;310
2025-03;EZE - MIA;N/A;Internacional;;5;5
2025-03;EZE - MIA;United Airlines;Internacional;;269;269
2025-03;EZE - MVD;Aerol¡neas Argentinas;Internacional;;445;445
2025-03;EZE - MVD;Copa Airlines;Internacional;;173;173
2025-03;EZE - MVD;LATAM;Internacional;;1;1
2025-03;EZE - MVD;LATAM Cargo Uruguay;Internacional;;2;2
2025-03;EZE - MVD;Lufthansa Cargo;Internacional;;4;4
2025-03;EZE - MVD;N/A;Internacional;5;5;10
2025-03;EZE - NAT;Gol Transportes A‚reos;Internacional;;1772;1772
2025-03;EZE - NQN;Aerol¡neas Argentinas;Cabotaje;;2234;2234
2025-03;EZE - NQN;Flybondi;Cabotaje;;1393;1393
2025-03;EZE - NQN;JetSMART Airlines;Cabotaje;;2174;2174
2025-03;EZE - NQN;(en blanco);Cabotaje;;7;7
2025-03;EZE - OYA;(en blanco);Cabotaje;3;;3
2025-03;EZE - PBI;N/A;Internacional;;5;5
2025-03;EZE - PDP;N/A;Internacional;2;25;27
2025-03;EZE - PDP;(en blanco);Internacional;4;12;16
2025-03;EZE - PIO;Andes L¡neas A‚reas;Internacional;;517;517
2025-03;EZE - PMQ;American Jet;Cabotaje;;38;38
2025-03;EZE - PMY;Aerol¡neas Argentinas;Cabotaje;;785;785
2025-03;EZE - PMY;Flybondi;Cabotaje;;234;234
2025-03;EZE - PNT;(en blanco);Internacional;;1;1
2025-03;EZE - POA;Gol Transportes A‚reos;Internacional;;159;159
2025-03;EZE - POA;N/A;Internacional;;4;4
2025-03;EZE - PRA;American Jet;Cabotaje;11;11;22
2025-03;EZE - PRA;(en blanco);Cabotaje;1;;1
2025-03;EZE - PSS;Aerol¡neas Argentinas;Cabotaje;;860;860
2025-03;EZE - PSS;Flybondi;Cabotaje;;1205;1205
2025-03;EZE - PTY;Copa Airlines;Internacional;;39335;39335
2025-03;EZE - PTY;N/A;Internacional;;8404;8404
2025-03;EZE - PUJ;Aerol¡neas Argentinas;Internacional;;13744;13744
2025-03;EZE - PUJ;Arajet;Internacional;;9035;9035
2025-03;EZE - RAF;(en blanco);Cabotaje;5;7;12
2025-03;EZE - RCQ;(en blanco);Cabotaje;1;5;6
2025-03;EZE - REC;Gol Transportes A‚reos;Internacional;;991;991
2025-03;EZE - REL;Aerol¡neas Argentinas;Cabotaje;;563;563
2025-03;EZE - RES;Aerol¡neas Argentinas;Cabotaje;;503;503
2025-03;EZE - RGA;Aerol¡neas Argentinas;Cabotaje;;591;591
2025-03;EZE - RGA;N/A;Cabotaje;;4;4
2025-03;EZE - RGL;Aerol¡neas Argentinas;Cabotaje;;1506;1506
2025-03;EZE - RGL;Flybondi;Cabotaje;;5182;5182
2025-03;EZE - RGL;(en blanco);Cabotaje;1;1;2
2025-03;EZE - RHD;Aerol¡neas Argentinas;Cabotaje;;1865;1865
2025-03;EZE - RHD;American Jet;Cabotaje;;12;12
2025-03;EZE - RHD;(en blanco);Cabotaje;;9;9
2025-03;EZE - RLO;(en blanco);Cabotaje;4;5;9
2025-03;EZE - ROS;Aerol¡neas Argentinas;Cabotaje;;112;112
2025-03;EZE - ROS;Copa Airlines;Cabotaje;;76;76
2025-03;EZE - ROS;Gol Transportes A‚reos;Cabotaje;;176;176
2025-03;EZE - ROS;JetSMART Airlines;Cabotaje;;89;89
2025-03;EZE - ROS;(en blanco);Cabotaje;1;1;2
2025-03;EZE - RSA;Aerol¡neas Argentinas;Cabotaje;;45;45
2025-03;EZE - RSA;American Jet;Cabotaje;;10;10
2025-03;EZE - RSA;(en blanco);Cabotaje;9;31;40
2025-03;EZE - SA32;(en blanco);Cabotaje;1;;1
2025-03;EZE - SA40;(en blanco);Cabotaje;;1;1
2025-03;EZE - SBD;N/A;Internacional;;10;10
2025-03;EZE - SCL;Aerol¡neas Argentinas;Internacional;;238;238
2025-03;EZE - SCL;Andes L¡neas A‚reas;Internacional;;101;101
2025-03;EZE - SCL;JetSMART Airlines;Internacional;;1778;1778
2025-03;EZE - SCL;KLM;Internacional;;12965;12965
2025-03;EZE - SCL;LATAM;Internacional;;28421;28421
2025-03;EZE - SCL;N/A;Internacional;12;76;88
2025-03;EZE - SCL;Sky Airline;Internacional;;12771;12771
2025-03;EZE - SCL;(en blanco);Internacional;;13;13
2025-03;EZE - SDE;Aerol¡neas Argentinas;Cabotaje;;261;261
2025-03;EZE - SDE;American Jet;Cabotaje;;45;45
2025-03;EZE - SDE;Flybondi;Cabotaje;;1650;1650
2025-03;EZE - SDF;N/A;Internacional;4;;4
2025-03;EZE - SEQU;Avianca Costa Rica;Internacional;;162;162
2025-03;EZE - SJU;(en blanco);Internacional;;4;4
2025-03;EZE - SKG;N/A;Internacional;4;;4
2025-03;EZE - SLA;Aerol¡neas Argentinas;Cabotaje;;7113;7113
2025-03;EZE - SLA;Andes L¡neas A‚reas;Cabotaje;;645;645
2025-03;EZE - SLA;Flybondi;Cabotaje;;16483;16483
2025-03;EZE - SLA;JetSMART Airlines;Cabotaje;;1422;1422
2025-03;EZE - SLA;(en blanco);Cabotaje;1;5;6
2025-03;EZE - SSA;Gol Transportes A‚reos;Internacional;;618;618
2025-03;EZE - SSA;N/A;Internacional;;4;4
2025-03;EZE - SUCM;(en blanco);Internacional;4;;4
2025-03;EZE - TEB;N/A;Internacional;4;;4
2025-03;EZE - TUC;Aerol¡neas Argentinas;Cabotaje;;6638;6638
2025-03;EZE - TUC;Flybondi;Cabotaje;;2011;2011
2025-03;EZE - TUC;JetSMART Airlines;Cabotaje;;2950;2950
2025-03;EZE - TUC;N/A;Cabotaje;2;;2
2025-03;EZE - UAQ;Aerol¡neas Argentinas;Cabotaje;;123;123
2025-03;EZE - UAQ;Flybondi;Cabotaje;;1866;1866
2025-03;EZE - UIO;Avianca;Internacional;;2306;2306
2025-03;EZE - UIO;Avianca Costa Rica;Internacional;;4871;4871
2025-03;EZE - USH;Aerol¡neas Argentinas;Cabotaje;;23965;23965
2025-03;EZE - USH;Flybondi;Cabotaje;;10449;10449
2025-03;EZE - USH;JetSMART Airlines;Cabotaje;;7461;7461
2025-03;EZE - USH;(en blanco);Cabotaje;4;10;14
2025-03;EZE - VDM;Aerol¡neas Argentinas;Cabotaje;;48;48
2025-03;EZE - VDM;(en blanco);Cabotaje;2;3;5
2025-03;EZE - VDR;(en blanco);Cabotaje;4;;4
2025-03;EZE - VVI;Aerol¡neas Argentinas;Internacional;;810;810
2025-03;EZE - VVI;Boliviana de Aviacion;Internacional;;15638;15638
2025-03;FDO - FDO;N/A;Cabotaje;5;;5
2025-03;FDO - FDO;(en blanco);Cabotaje;67;11;78
2025-03;FDO - FLN;N/A;Internacional;6;3;9
2025-03;FDO - FLN;(en blanco);Internacional;9;2;11
2025-03;FDO - FMA;N/A;Cabotaje;3;;3
2025-03;FDO - FMA;(en blanco);Cabotaje;2;3;5
2025-03;FDO - FTE;N/A;Cabotaje;;4;4
2025-03;FDO - FTE;(en blanco);Cabotaje;;3;3
2025-03;FDO - GHU;(en blanco);Cabotaje;1;3;4
2025-03;FDO - GIG;N/A;Internacional;;6;6
2025-03;FDO - GNR;(en blanco);Cabotaje;3;;3
2025-03;FDO - GPO;(en blanco);Cabotaje;5;;5
2025-03;FDO - HOU;(en blanco);Internacional;;5;5
2025-03;FDO - IGR;(en blanco);Cabotaje;1;6;7
2025-03;FDO - IGU;(en blanco);Internacional;3;4;7
2025-03;FDO - IRJ;N/A;Cabotaje;5;3;8
2025-03;FDO - IRJ;(en blanco);Cabotaje;1;10;11
2025-03;FDO - JNI;(en blanco);Cabotaje;2;;2
2025-03;FDO - JUJ;American Jet;Cabotaje;;5;5
2025-03;FDO - JUJ;N/A;Cabotaje;4;;4
2025-03;FDO - JUJ;(en blanco);Cabotaje;5;2;7
2025-03;FDO - LGS;(en blanco);Cabotaje;3;;3
2025-03;FDO - LMMM;N/A;Internacional;7;;7
2025-03;FDO - LMMM;(en blanco);Internacional;4;4;8
2025-03;FDO - LUQ;(en blanco);Cabotaje;11;1;12
2025-03;FDO - MCS;(en blanco);Cabotaje;1;;1
2025-03;FDO - MDQ;N/A;Cabotaje;6;1;7
2025-03;FDO - MDQ;(en blanco);Cabotaje;58;20;78
2025-03;FDO - MDX;(en blanco);Cabotaje;;3;3
2025-03;FDO - MDZ;N/A;Cabotaje;28;8;36
2025-03;FDO - MDZ;(en blanco);Cabotaje;126;44;170
2025-03;FDO - MOR;(en blanco);Cabotaje;6;;6
2025-03;FDO - MVD;N/A;Internacional;17;4;21
2025-03;FDO - MVD;(en blanco);Internacional;63;29;92
2025-03;FDO - NCJ;(en blanco);Cabotaje;4;6;10
2025-03;FDO - NQN;American Jet;Cabotaje;;16;16
2025-03;FDO - NQN;N/A;Cabotaje;;1;1
2025-03;FDO - NQN;(en blanco);Cabotaje;28;31;59
2025-03;FDO - OVR;(en blanco);Cabotaje;1;;1
2025-03;FDO - OYA;(en blanco);Cabotaje;1;9;10
2025-03;FDO - OYO;N/A;Cabotaje;1;;1
2025-03;FDO - OYO;(en blanco);Cabotaje;;2;2
2025-03;FDO - PDP;American Jet;Internacional;;7;7
2025-03;FDO - PDP;N/A;Internacional;20;43;63
2025-03;FDO - PDP;(en blanco);Internacional;263;95;358
2025-03;FDO - PDU;(en blanco);Internacional;5;4;9
2025-03;FDO - PEH;(en blanco);Cabotaje;2;;2
2025-03;FDO - PET;N/A;Internacional;3;;3
2025-03;FDO - PET;(en blanco);Internacional;3;;3
2025-03;FDO - PMC;N/A;Internacional;;2;2
2025-03;FDO - PMQ;(en blanco);Cabotaje;1;16;17
2025-03;FDO - PMY;N/A;Cabotaje;;3;3
2025-03;FDO - PMY;(en blanco);Cabotaje;5;7;12
2025-03;FDO - PNT;(en blanco);Internacional;7;;7
2025-03;FDO - POA;(en blanco);Internacional;5;;5
2025-03;FDO - PRA;American Jet;Cabotaje;;1;1
2025-03;FDO - PRA;N/A;Cabotaje;;2;2
2025-03;FDO - PRA;(en blanco);Cabotaje;8;1;9
2025-03;FDO - PSS;(en blanco);Cabotaje;20;6;26
2025-03;FDO - PVR;(en blanco);Internacional;1;;1
2025-03;FDO - RAF;(en blanco);Cabotaje;3;4;7
2025-03;FDO - RCQ;(en blanco);Cabotaje;4;19;23
2025-03;FDO - RCU;(en blanco);Cabotaje;7;5;12
2025-03;FDO - REL;N/A;Cabotaje;;1;1
2025-03;FDO - REL;(en blanco);Cabotaje;14;7;21
2025-03;FDO - RES;American Jet;Cabotaje;;10;10
2025-03;FDO - RES;N/A;Cabotaje;;2;2
2025-03;FDO - RES;(en blanco);Cabotaje;14;5;19
2025-03;FDO - RGA;(en blanco);Cabotaje;;1;1
2025-03;FDO - RGL;N/A;Cabotaje;2;6;8
2025-03;FDO - RGL;(en blanco);Cabotaje;16;29;45
2025-03;FDO - RHD;N/A;Cabotaje;3;;3
2025-03;FDO - RHD;(en blanco);Cabotaje;11;9;20
2025-03;FDO - ROS;N/A;Cabotaje;3;1;4
2025-03;FDO - ROS;(en blanco);Cabotaje;39;6;45
2025-03;FDO - RSA;American Jet;Cabotaje;9;60;69
2025-03;FDO - RSA;N/A;Cabotaje;5;;5
2025-03;FDO - RSA;(en blanco);Cabotaje;41;62;103
2025-03;FDO - SA04;(en blanco);Cabotaje;14;1;15
2025-03;FDO - SA05;(en blanco);Cabotaje;1;;1
2025-03;FDO - SA17;N/A;Cabotaje;1;;1
2025-03;FDO - SA17;(en blanco);Cabotaje;4;;4
2025-03;FDO - SA29;(en blanco);Cabotaje;1;;1
2025-03;FDO - SA31;N/A;Cabotaje;2;;2
2025-03;FDO - SA31;(en blanco);Cabotaje;32;8;40
2025-03;FDO - SA32;(en blanco);Cabotaje;1;;1
2025-03;FDO - SA36;(en blanco);Cabotaje;4;;4
2025-03;FDO - SA40;(en blanco);Cabotaje;17;2;19
2025-03;FDO - SACA;(en blanco);Cabotaje;3;;3
2025-03;FDO - SAEA;(en blanco);Cabotaje;5;;5
2025-03;FDO - SAEL;(en blanco);Cabotaje;1;;1
2025-03;FDO - SAOL;N/A;Cabotaje;2;;2
2025-03;FDO - SAOL;(en blanco);Cabotaje;1;;1
2025-03;FDO - SAOM;(en blanco);Cabotaje;1;;1
2025-03;FDO - SARV;N/A;Cabotaje;2;;2
2025-03;FDO - SAVO;(en blanco);Cabotaje;1;1;2
2025-03;FDO - SAZI;(en blanco);Cabotaje;3;;3
2025-03;FDO - SAZX;(en blanco);Cabotaje;1;;1
2025-03;FDO - SCL;N/A;Internacional;19;;19
2025-03;FDO - SCL;(en blanco);Internacional;17;7;24
2025-03;FDO - SDE;American Jet;Cabotaje;;2;2
2025-03;FDO - SDE;(en blanco);Cabotaje;69;11;80
2025-03;FDO - SFN;(en blanco);Cabotaje;3;2;5
2025-03;FDO - SLA;N/A;Cabotaje;;1;1
2025-03;FDO - SLA;(en blanco);Cabotaje;25;33;58
2025-03;FDO - SST;(en blanco);Cabotaje;1;;1
2025-03;FDO - STY;(en blanco);Internacional;;4;4
2025-03;FDO - SUAA;N/A;Internacional;14;8;22
2025-03;FDO - SUAA;(en blanco);Internacional;62;1;63
2025-03;FDO - SUCM;N/A;Internacional;4;;4
2025-03;FDO - SUCM;(en blanco);Internacional;57;;57
2025-03;FDO - TDL;(en blanco);Cabotaje;12;;12
2025-03;FDO - TFS;(en blanco);Internacional;;1;1
2025-03;FDO - TUC;N/A;Cabotaje;2;2;4
2025-03;FDO - TUC;(en blanco);Cabotaje;19;8;27
2025-03;FDO - UAQ;N/A;Cabotaje;;1;1
2025-03;FDO - UAQ;(en blanco);Cabotaje;8;14;22
2025-03;FDO - USH;N/A;Cabotaje;;85;85
2025-03;FDO - USH;(en blanco);Cabotaje;8;6;14
2025-03;FDO - VCP;(en blanco);Internacional;7;5;12
2025-03;FDO - VDM;American Jet;Cabotaje;;10;10
2025-03;FDO - VDM;(en blanco);Cabotaje;2;7;9
2025-03;FDO - VDR;(en blanco);Cabotaje;4;7;11
2025-03;FDO - VLG;(en blanco);Cabotaje;2;;2
2025-03;FDO - VVI;N/A;Internacional;2;;2
2025-03;FLL - ROS;N/A;Internacional;;11;11
2025-03;FLN - MDZ;Aerol¡neas Argentinas;Internacional;;398;398
2025-03;FLN - RHD;N/A;Internacional;6;;6
2025-03;FLN - ROS;Aerol¡neas Argentinas;Internacional;;2651;2651
2025-03;FLN - ROS;(en blanco);Internacional;8;;8
2025-03;FLN - SFN;N/A;Internacional;4;;4
2025-03;FLN - TUC;N/A;Internacional;;2;2
2025-03;FMA - JUJ;(en blanco);Cabotaje;1;1;2
2025-03;FMA - PSS;(en blanco);Cabotaje;4;;4
2025-03;FMA - RES;(en blanco);Cabotaje;1;;1
2025-03;FTE - FTE;N/A;Cabotaje;24;28;52
2025-03;FTE - FTE;(en blanco);Cabotaje;;2;2
2025-03;FTE - NQN;(en blanco);Cabotaje;;5;5
2025-03;FTE - PMQ;LADE - L¡neas A‚reas Del Estado;Cabotaje;;36;36
2025-03;FTE - PMY;(en blanco);Cabotaje;;4;4
2025-03;FTE - REL;Aerol¡neas Argentinas;Cabotaje;;1013;1013
2025-03;FTE - RGL;LADE - L¡neas A‚reas Del Estado;Cabotaje;23;40;63
2025-03;FTE - SCL;Sky Airline;Internacional;;1036;1036
2025-03;FTE - ULA;(en blanco);Cabotaje;;1;1
2025-03;FTE - USH;Aerol¡neas Argentinas;Cabotaje;;17332;17332
2025-03;FTE - USH;Flybondi;Cabotaje;;3556;3556
2025-03;FTE - USH;LADE - L¡neas A‚reas Del Estado;Cabotaje;;15;15
2025-03;FTE - USH;N/A;Cabotaje;6;;6
2025-03;FXE - ROS;(en blanco);Internacional;2;;2
2025-03;GIG - IGR;Priester Aviation;Internacional;;5;5
2025-03;GIG - IGR;(en blanco);Internacional;;3;3
2025-03;GIG - MDZ;(en blanco);Internacional;2;;2
2025-03;GIG - ROS;Aerol¡neas Argentinas;Internacional;;4380;4380
2025-03;GIG - ROS;Gol Transportes A‚reos;Internacional;;5069;5069
2025-03;GIG - SLA;(en blanco);Internacional;;5;5
2025-03;GNR - NQN;(en blanco);Cabotaje;3;;3
2025-03;GNR - RGA;N/A;Cabotaje;;2;2
2025-03;GNR - VDM;N/A;Cabotaje;;1;1
2025-03;GNR - VDM;(en blanco);Cabotaje;;2;2
2025-03;GPO - GPO;(en blanco);Cabotaje;3;;3
2025-03;GPO - JNI;(en blanco);Cabotaje;1;;1
2025-03;GPO - NEC;(en blanco);Cabotaje;1;;1
2025-03;GPO - SA16;(en blanco);Cabotaje;1;;1
2025-03;GPO - SAAN;(en blanco);Cabotaje;2;;2
2025-03;GPO - TDL;(en blanco);Cabotaje;;2;2
2025-03;GRU - IGR;(en blanco);Internacional;;6;6
2025-03;GRU - MDZ;Gol Transportes A‚reos;Internacional;;5492;5492
2025-03;GRU - MDZ;TAM Linhas A‚reas;Internacional;;5268;5268
2025-03;GRU - SLA;Aerol¡neas Argentinas;Internacional;;1070;1070
2025-03;GYE - MDZ;(en blanco);Internacional;8;;8
2025-03;GYN - MDZ;N/A;Internacional;6;;6
2025-03;GYN - MDZ;(en blanco);Internacional;7;7;14
2025-03;GYN - RHD;American Jet;Internacional;;16;16
2025-03;HOS - NQN;(en blanco);Cabotaje;5;;5
2025-03;IGR - IGR;(en blanco);Cabotaje;;3;3
2025-03;IGR - JUJ;Aerol¡neas Argentinas;Cabotaje;;959;959
2025-03;IGR - LPG;(en blanco);Cabotaje;;3;3
2025-03;IGR - MAO;Priester Aviation;Internacional;5;;5
2025-03;IGR - MAO;(en blanco);Internacional;;3;3
2025-03;IGR - MDZ;(en blanco);Cabotaje;4;3;7
2025-03;IGR - PDP;(en blanco);Internacional;;6;6
2025-03;IGR - PSS;(en blanco);Cabotaje;6;4;10
2025-03;IGR - ROS;Aerol¡neas Argentinas;Cabotaje;;1366;1366
2025-03;IGR - SLA;Aerol¡neas Argentinas;Cabotaje;;3157;3157
2025-03;IGR - TUC;Aerol¡neas Argentinas;Cabotaje;;844;844
2025-03;IGU - MDZ;Aerol¡neas Argentinas;Internacional;;168;168
2025-03;IGU - MDZ;N/A;Internacional;10;;10
2025-03;IGU - MDZ;(en blanco);Internacional;5;6;11
2025-03;IGU - PSS;N/A;Internacional;8;;8
2025-03;IGU - RES;(en blanco);Internacional;1;;1
2025-03;IGU - ROS;(en blanco);Internacional;4;;4
2025-03;IGU - SFN;N/A;Internacional;2;;2
2025-03;IRJ - IRJ;(en blanco);Cabotaje;3;;3
2025-03;IRJ - MDZ;N/A;Cabotaje;4;;4
2025-03;IRJ - SDE;(en blanco);Cabotaje;1;;1
2025-03;IRJ - SLA;(en blanco);Cabotaje;7;;7
2025-03;IRJ - TUC;(en blanco);Cabotaje;1;;1
2025-03;JUJ - JUJ;(en blanco);Cabotaje;4;;4
2025-03;JUJ - MDZ;Aerol¡neas Argentinas;Cabotaje;;812;812
2025-03;JUJ - MDZ;(en blanco);Cabotaje;11;;11
2025-03;JUJ - RES;Aerol¡neas Argentinas;Cabotaje;;49;49
2025-03;JUJ - RES;Fuerza A‚rea Argentina;Cabotaje;12;;12
2025-03;JUJ - RES;(en blanco);Cabotaje;17;;17
2025-03;JUJ - SLA;Aerol¡neas Argentinas;Cabotaje;;50;50
2025-03;JUJ - TUC;Fuerza A‚rea Argentina;Cabotaje;25;;25
2025-03;JUJ - TUC;N/A;Cabotaje;8;8;16
2025-03;LGS - MDZ;(en blanco);Cabotaje;4;;4
2025-03;LGS - NQN;(en blanco);Cabotaje;6;;6
2025-03;LGS - SA16;(en blanco);Cabotaje;1;;1
2025-03;LHS - RGL;(en blanco);Cabotaje;1;;1
2025-03;LIM - MDZ;LATAM Per£;Internacional;;6260;6260
2025-03;LIM - ROS;LATAM Per£;Internacional;;3471;3471
2025-03;LIM - SLA;LATAM Per£;Internacional;;6203;6203
2025-03;LIR - TUC;N/A;Internacional;4;;4
2025-03;LMMM - MDZ;N/A;Internacional;;7;7
2025-03;LMMM - ROS;N/A;Internacional;12;;12
2025-03;LOS - TUC;Qatar Airways;Internacional;2;;2
2025-03;LPG - MDQ;(en blanco);Cabotaje;3;;3
2025-03;LPG - RES;(en blanco);Cabotaje;2;;2
2025-03;LPG - SDE;(en blanco);Cabotaje;4;;4
2025-03;LPG - TDL;(en blanco);Cabotaje;1;;1
2025-03;LPG - TUC;(en blanco);Cabotaje;1;;1
2025-03;LUQ - LUQ;(en blanco);Cabotaje;2;1;3
2025-03;LUQ - SA16;(en blanco);Cabotaje;1;;1
2025-03;MAO - MDZ;N/A;Internacional;10;;10
2025-03;MCO - MDZ;N/A;Internacional;7;;7
2025-03;MDQ - MDQ;(en blanco);Cabotaje;1;;1
2025-03;MDQ - MDZ;Aerol¡neas Argentinas;Cabotaje;;1502;1502
2025-03;MDQ - MJR;(en blanco);Cabotaje;1;;1
2025-03;MDQ - MOR;(en blanco);Cabotaje;;1;1
2025-03;MDQ - NEC;(en blanco);Cabotaje;1;;1
2025-03;MDQ - NQN;(en blanco);Cabotaje;4;;4
2025-03;MDQ - PDP;(en blanco);Internacional;;2;2
2025-03;MDQ - ROS;Aerol¡neas Argentinas;Cabotaje;;508;508
2025-03;MDQ - ROS;(en blanco);Cabotaje;1;1;2
2025-03;MDQ - SA31;(en blanco);Cabotaje;;3;3
2025-03;MDQ - SAAN;(en blanco);Cabotaje;1;2;3
2025-03;MDQ - SADO;Ej‚rcito Argentino;Cabotaje;1;;1
2025-03;MDQ - SFN;American Jet;Cabotaje;;88;88
2025-03;MDQ - TUC;Aerol¡neas Argentinas;Cabotaje;;2185;2185
2025-03;MDZ - MDZ;Aerol¡neas Argentinas;Cabotaje;;87;87
2025-03;MDZ - MIA;(en blanco);Internacional;18;;18
2025-03;MDZ - NQN;Aerol¡neas Argentinas;Cabotaje;;3363;3363
2025-03;MDZ - NQN;American Jet;Cabotaje;;174;174
2025-03;MDZ - NQN;(en blanco);Cabotaje;6;4;10
2025-03;MDZ - PNT;(en blanco);Internacional;7;;7
2025-03;MDZ - POA;N/A;Internacional;;10;10
2025-03;MDZ - PRA;(en blanco);Cabotaje;1;;1
2025-03;MDZ - PTY;Copa Airlines;Internacional;;6609;6609
2025-03;MDZ - RHD;(en blanco);Cabotaje;2;13;15
2025-03;MDZ - ROS;Aerol¡neas Argentinas;Cabotaje;;1393;1393
2025-03;MDZ - ROS;(en blanco);Cabotaje;28;2;30
2025-03;MDZ - RSA;(en blanco);Cabotaje;5;;5
2025-03;MDZ - RSW;(en blanco);Internacional;10;;10
2025-03;MDZ - SA40;(en blanco);Cabotaje;3;;3
2025-03;MDZ - SAAN;(en blanco);Cabotaje;5;;5
2025-03;MDZ - SCL;Aerol¡neas Argentinas;Internacional;;402;402
2025-03;MDZ - SCL;Flybondi;Internacional;;123;123
2025-03;MDZ - SCL;JetSMART Airlines;Internacional;;5622;5622
2025-03;MDZ - SCL;LATAM;Internacional;;16244;16244
2025-03;MDZ - SCL;N/A;Internacional;24;;24
2025-03;MDZ - SCL;Sky Airline;Internacional;;12491;12491
2025-03;MDZ - SFN;American Jet;Cabotaje;;130;130
2025-03;MDZ - SLA;Aerol¡neas Argentinas;Cabotaje;;2740;2740
2025-03;MDZ - SLA;JetSMART Airlines;Cabotaje;;3927;3927
2025-03;MDZ - TUC;(en blanco);Cabotaje;8;;8
2025-03;MDZ - UAQ;N/A;Cabotaje;1;;1
2025-03;MDZ - VCP;(en blanco);Internacional;22;;22
2025-03;MOR - MOR;(en blanco);Cabotaje;3;;3
2025-03;MOR - PRA;(en blanco);Cabotaje;6;;6
2025-03;MOR - RES;(en blanco);Cabotaje;5;2;7
2025-03;MOR - SA31;(en blanco);Cabotaje;2;;2
2025-03;MOR - TDL;Fuerza A‚rea Argentina;Cabotaje;4;;4
2025-03;MOR - TDL;(en blanco);Cabotaje;2;;2
2025-03;MOR - TUC;(en blanco);Cabotaje;1;;1
2025-03;MOR - VDM;(en blanco);Cabotaje;2;;2
2025-03;MPN - RGL;LATAM;Cabotaje;;77;77
2025-03;MVD - NQN;(en blanco);Internacional;5;;5
2025-03;MVD - ROS;Copa Airlines;Internacional;;148;148
2025-03;MVD - SFN;(en blanco);Internacional;;3;3
2025-03;NCJ - RES;(en blanco);Cabotaje;2;;2
2025-03;NCJ - ROS;(en blanco);Cabotaje;2;;2
2025-03;NQN - NQN;American Jet;Cabotaje;;111;111
2025-03;NQN - OVR;(en blanco);Cabotaje;1;;1
2025-03;NQN - OYO;(en blanco);Cabotaje;2;;2
2025-03;NQN - RDS;(en blanco);Cabotaje;7;;7
2025-03;NQN - REL;Aerol¡neas Argentinas;Cabotaje;;2;2
2025-03;NQN - ROS;(en blanco);Cabotaje;13;;13
2025-03;NQN - RSA;American Jet;Cabotaje;;19;19
2025-03;NQN - RSA;Ej‚rcito Argentino;Cabotaje;5;;5
2025-03;NQN - RSA;N/A;Cabotaje;2;;2
2025-03;NQN - RSA;(en blanco);Cabotaje;1;;1
2025-03;NQN - SA03;(en blanco);Cabotaje;5;;5
2025-03;NQN - SLA;JetSMART Airlines;Cabotaje;;6462;6462
2025-03;NQN - VDM;(en blanco);Cabotaje;;4;4
2025-03;NVT - PSS;(en blanco);Internacional;8;;8
2025-03;ORA - SLA;N/A;Cabotaje;3;;3
2025-03;ORA - SLA;(en blanco);Cabotaje;7;;7
2025-03;OYO - RHD;(en blanco);Cabotaje;4;;4
2025-03;PDP - ROS;N/A;Internacional;6;;6
2025-03;PDP - ROS;(en blanco);Internacional;35;;35
2025-03;PDP - SFN;(en blanco);Internacional;11;;11
2025-03;PDU - TUC;(en blanco);Internacional;8;;8
2025-03;PET - ROS;N/A;Internacional;6;;6
2025-03;PHX - UAQ;N/A;Internacional;3;;3
2025-03;PMQ - RGL;LADE - L¡neas A‚reas Del Estado;Cabotaje;;4;4
2025-03;PMY - PMY;Aerol¡neas Argentinas;Cabotaje;;154;154
2025-03;PMY - UAQ;(en blanco);Cabotaje;;1;1
2025-03;PNT - USH;(en blanco);Internacional;2;;2
2025-03;PRA - PRA;(en blanco);Cabotaje;12;;12
2025-03;PRA - RCQ;(en blanco);Cabotaje;1;;1
2025-03;PRA - RCU;(en blanco);Cabotaje;1;;1
2025-03;PRA - ROS;(en blanco);Cabotaje;1;;1
2025-03;PRA - SA31;(en blanco);Cabotaje;1;;1
2025-03;PRA - VME;(en blanco);Cabotaje;3;;3
2025-03;PRQ - RES;(en blanco);Cabotaje;5;;5
2025-03;PSS - PSS;(en blanco);Cabotaje;10;;10
2025-03;PSS - RES;(en blanco);Cabotaje;2;;2
2025-03;PSS - SAAU;(en blanco);Cabotaje;1;;1
2025-03;PSS - SATI;(en blanco);Cabotaje;8;;8
2025-03;PSS - SATO;(en blanco);Cabotaje;9;5;14
2025-03;PSS - VCP;(en blanco);Internacional;5;;5
2025-03;PTY - ROS;Copa Airlines;Internacional;;9106;9106
2025-03;PUJ - ROS;Aerol¡neas Argentinas;Internacional;;1094;1094
2025-03;PUJ - TUC;Aerol¡neas Argentinas;Internacional;;1402;1402
2025-03;PUQ - USH;Aerov¡as DAP;Internacional;;12;12
2025-03;RAF - ROS;(en blanco);Cabotaje;7;;7
2025-03;RCQ - ROS;(en blanco);Cabotaje;2;3;5
2025-03;RCU - SA17;(en blanco);Cabotaje;2;;2
2025-03;RCU - SA32;(en blanco);Cabotaje;1;;1
2025-03;RCU - VME;(en blanco);Cabotaje;2;;2
2025-03;REL - SA34;(en blanco);Cabotaje;2;;2
2025-03;REL - USH;Aerol¡neas Argentinas;Cabotaje;;1135;1135
2025-03;RES - RES;Ej‚rcito Argentino;Cabotaje;21;;21
2025-03;RES - RES;(en blanco);Cabotaje;5;;5
2025-03;RES - ROS;(en blanco);Cabotaje;8;;8
2025-03;RES - SDE;Aerol¡neas Argentinas;Cabotaje;;48;48
2025-03;RGA - RGL;Fuerza A‚rea Argentina;Cabotaje;4;;4
2025-03;RGA - RGL;LADE - L¡neas A‚reas Del Estado;Cabotaje;17;73;90
2025-03;RGA - USH;LADE - L¡neas A‚reas Del Estado;Cabotaje;1;58;59
2025-03;RGA - VDM;N/A;Cabotaje;;2;2
2025-03;RGL - USH;LADE - L¡neas A‚reas Del Estado;Cabotaje;25;308;333
2025-03;RHD - RHD;N/A;Cabotaje;2;;2
2025-03;RHD - ROS;(en blanco);Cabotaje;4;;4
2025-03;RHD - SACD;(en blanco);Cabotaje;3;;3
2025-03;RHD - SDE;(en blanco);Cabotaje;14;4;18
2025-03;RHD - TUC;(en blanco);Cabotaje;2;;2
2025-03;ROS - ROS;N/A;Cabotaje;6;;6
2025-03;ROS - ROS;(en blanco);Cabotaje;10;2;12
2025-03;ROS - RSA;N/A;Cabotaje;4;;4
2025-03;ROS - RSA;(en blanco);Cabotaje;10;;10
2025-03;ROS - SA05;(en blanco);Cabotaje;1;;1
2025-03;ROS - SA31;(en blanco);Cabotaje;9;;9
2025-03;ROS - SFN;(en blanco);Cabotaje;1;;1
2025-03;ROS - SLA;N/A;Cabotaje;4;;4
2025-03;ROS - SLA;(en blanco);Cabotaje;4;;4
2025-03;ROS - TUC;Aerol¡neas Argentinas;Cabotaje;;118;118
2025-03;ROS - UAQ;(en blanco);Cabotaje;;6;6
2025-03;ROS - VCP;N/A;Internacional;20;;20
2025-03;ROS - VLG;(en blanco);Cabotaje;2;;2
2025-03;RSA - RSA;(en blanco);Cabotaje;6;;6
2025-03;SA01 - SLA;(en blanco);Cabotaje;;3;3
2025-03;SA02 - SDE;(en blanco);Cabotaje;2;;2
2025-03;SA02 - SLA;(en blanco);Cabotaje;2;4;6
2025-03;SA29 - VDM;(en blanco);Cabotaje;1;;1
2025-03;SA31 - SLA;(en blanco);Cabotaje;2;;2
2025-03;SA31 - TDL;(en blanco);Cabotaje;1;;1
2025-03;SAOM - SDE;(en blanco);Cabotaje;2;;2
2025-03;SCL - SLA;ACM Air Charter;Internacional;5;;5
2025-03;SCL - SLA;N/A;Internacional;10;4;14
2025-03;SCL - USH;LATAM;Internacional;;276;276
2025-03;SCL - USH;N/A;Internacional;2;2;4
2025-03;SDE - SDE;(en blanco);Cabotaje;21;;21
2025-03;SDE - SFN;(en blanco);Cabotaje;1;;1
2025-03;SDE - SLA;(en blanco);Cabotaje;1;;1
2025-03;SDE - TUC;Aerol¡neas Argentinas;Cabotaje;;83;83
2025-03;SDE - TUC;(en blanco);Cabotaje;11;;11
2025-03;SDQ - UAQ;N/A;Internacional;11;;11
2025-03;SFN - TUC;(en blanco);Cabotaje;1;;1
2025-03;SLA - SLA;(en blanco);Cabotaje;15;15;30
2025-03;SLA - TTG;(en blanco);Cabotaje;11;8;19
2025-03;SLA - TUC;(en blanco);Cabotaje;4;;4
2025-03;SLA - UAQ;N/A;Cabotaje;1;;1
2025-03;SLA - UYU;(en blanco);Internacional;;7;7
2025-03;SLA - VCP;N/A;Internacional;8;;8
2025-03;SLA - VVI;N/A;Internacional;7;;7
2025-03;TUC - TUC;(en blanco);Cabotaje;30;9;39
2025-03;TUC - VCP;Cargolux;Internacional;2;;2
2025-03;USH - USH;(en blanco);Cabotaje;1;;1
2025-03;USH - WPU;(en blanco);Internacional;2;;2
2025-03;VDM - VDM;(en blanco);Cabotaje;4;1;5
2025-04;3005 - FDO;(en blanco);Internacional;7;;7
2025-04;3017 - EZE;(en blanco);Internacional;;9;9
2025-04;3017 - SLA;(en blanco);Internacional;;901;901
2025-04;AEP - AEP;Aerol¡neas Argentinas;Cabotaje;;4;4
2025-04;AEP - AEP;N/A;Cabotaje;2;1;3
2025-04;AEP - AFA;Aerol¡neas Argentinas;Cabotaje;;2469;2469
2025-04;AEP - AR-0009;(en blanco);Cabotaje;;1;1
2025-04;AEP - AR-0215;(en blanco);Cabotaje;;2;2
2025-04;AEP - AR-0296;(en blanco);Cabotaje;1;;1
2025-04;AEP - AR-0318;(en blanco);Cabotaje;;1;1
2025-04;AEP - AR-0446;N/A;Cabotaje;1;;1
2025-04;AEP - ASU;Aerol¡neas Argentinas;Internacional;;5526;5526
2025-04;AEP - ASU;Amaszonas;Internacional;;3099;3099
2025-04;AEP - ASU;Fuerza A‚rea Paraguaya;Internacional;18;;18
2025-04;AEP - ASU;JetSMART Airlines;Internacional;;5323;5323
2025-04;AEP - ASU;N/A;Internacional;6;26;32
2025-04;AEP - ASU;(en blanco);Internacional;;1;1
2025-04;AEP - BGX;Gol Transportes A‚reos;Internacional;;164;164
2025-04;AEP - BHI;Aerol¡neas Argentinas;Cabotaje;;20204;20204
2025-04;AEP - BHI;JetSMART Airlines;Cabotaje;;191;191
2025-04;AEP - BHI;LADE - L¡neas A‚reas Del Estado;Cabotaje;25;;25
2025-04;AEP - BHI;N/A;Cabotaje;;3;3
2025-04;AEP - BHI;(en blanco);Cabotaje;3;2;5
2025-04;AEP - BOG;Aerol¡neas Argentinas;Internacional;;6036;6036
2025-04;AEP - BOG;Avianca;Internacional;;3712;3712
2025-04;AEP - BPS;Aerol¡neas Argentinas;Internacional;;78;78
2025-04;AEP - BRC;Aerol¡neas Argentinas;Cabotaje;;56270;56270
2025-04;AEP - BRC;Andes L¡neas A‚reas;Cabotaje;;329;329
2025-04;AEP - BRC;Flybondi;Cabotaje;;14703;14703
2025-04;AEP - BRC;JetSMART Airlines;Cabotaje;;34254;34254
2025-04;AEP - BRC;N/A;Cabotaje;;5;5
2025-04;AEP - BRC;(en blanco);Cabotaje;2;15;17
2025-04;AEP - BSB;Brazilian Air Force;Internacional;10;;10
2025-04;AEP - BSB;Gol Transportes A‚reos;Internacional;;6292;6292
2025-04;AEP - CBB;Aerol¡neas Argentinas;Internacional;;82;82
2025-04;AEP - CNF;Gol Transportes A‚reos;Internacional;;2387;2387
2025-04;AEP - CNQ;Aerol¡neas Argentinas;Cabotaje;;6584;6584
2025-04;AEP - CNQ;Flybondi;Cabotaje;;8619;8619
2025-04;AEP - CNQ;N/A;Cabotaje;4;15;19
2025-04;AEP - CNQ;(en blanco);Cabotaje;14;3;17
2025-04;AEP - COR;Aerol¡neas Argentinas;Cabotaje;;57710;57710
2025-04;AEP - COR;Flybondi;Cabotaje;;21667;21667
2025-04;AEP - COR;JetSMART Airlines;Cabotaje;;39730;39730
2025-04;AEP - COR;N/A;Cabotaje;1;1;2
2025-04;AEP - COR;(en blanco);Cabotaje;81;10;91
2025-04;AEP - CPC;Aerol¡neas Argentinas;Cabotaje;;15268;15268
2025-04;AEP - CPC;Flybondi;Cabotaje;;180;180
2025-04;AEP - CPC;JetSMART Airlines;Cabotaje;;11064;11064
2025-04;AEP - CRD;Aerol¡neas Argentinas;Cabotaje;;26610;26610
2025-04;AEP - CRD;Flybondi;Cabotaje;;5305;5305
2025-04;AEP - CRD;JetSMART Airlines;Cabotaje;;6229;6229
2025-04;AEP - CRD;N/A;Cabotaje;1;12;13
2025-04;AEP - CRD;(en blanco);Cabotaje;;1;1
2025-04;AEP - CSZ;N/A;Cabotaje;;2;2
2025-04;AEP - CSZ;(en blanco);Cabotaje;;4;4
2025-04;AEP - CTC;Aerol¡neas Argentinas;Cabotaje;;5992;5992
2025-04;AEP - CTC;N/A;Cabotaje;4;1;5
2025-04;AEP - CTC;(en blanco);Cabotaje;;2;2
2025-04;AEP - CWB;Aerol¡neas Argentinas;Internacional;;3372;3372
2025-04;AEP - EPA;Fuerza A‚rea Argentina;Cabotaje;4;;4
2025-04;AEP - EPA;(en blanco);Cabotaje;5;;5
2025-04;AEP - EQS;Aerol¡neas Argentinas;Cabotaje;;4787;4787
2025-04;AEP - EQS;N/A;Cabotaje;;9;9
2025-04;AEP - EZE;Aerol¡neas Argentinas;Cabotaje;;83;83
2025-04;AEP - EZE;Avianca;Cabotaje;;136;136
2025-04;AEP - EZE;Flybondi;Cabotaje;;167;167
2025-04;AEP - FDO;N/A;Cabotaje;1;12;13
2025-04;AEP - FDO;(en blanco);Cabotaje;2;46;48
2025-04;AEP - FLL;(en blanco);Internacional;2;;2
2025-04;AEP - FLN;Aerol¡neas Argentinas;Internacional;;5890;5890
2025-04;AEP - FLN;Flybondi;Internacional;;3202;3202
2025-04;AEP - FLN;Gol Transportes A‚reos;Internacional;;13412;13412
2025-04;AEP - FLN;JetSMART Airlines;Internacional;;7205;7205
2025-04;AEP - FLN;(en blanco);Internacional;3;;3
2025-04;AEP - FMA;Aerol¡neas Argentinas;Cabotaje;;7014;7014
2025-04;AEP - FMA;N/A;Cabotaje;1;9;10
2025-04;AEP - FMA;(en blanco);Cabotaje;8;7;15
2025-04;AEP - FOR;Gol Transportes A‚reos;Internacional;;1111;1111
2025-04;AEP - FOR;LATAM Per£;Internacional;;144;144
2025-04;AEP - FTE;Aerol¡neas Argentinas;Cabotaje;;36054;36054
2025-04;AEP - FTE;American Jet;Cabotaje;;20;20
2025-04;AEP - FTE;Flybondi;Cabotaje;;1590;1590
2025-04;AEP - FTE;JetSMART Airlines;Cabotaje;;3270;3270
2025-04;AEP - FTE;(en blanco);Cabotaje;4;4;8
2025-04;AEP - FXE;N/A;Internacional;;4;4
2025-04;AEP - GIG;Aerol¡neas Argentinas;Internacional;;29857;29857
2025-04;AEP - GIG;American Jet;Internacional;;3;3
2025-04;AEP - GIG;Flybondi;Internacional;;10253;10253
2025-04;AEP - GIG;Gol Transportes A‚reos;Internacional;;17803;17803
2025-04;AEP - GIG;JetSMART Airlines;Internacional;;8680;8680
2025-04;AEP - GNR;N/A;Cabotaje;;1;1
2025-04;AEP - GRU;Aerol¡neas Argentinas;Internacional;;23778;23778
2025-04;AEP - GRU;Flybondi;Internacional;;5597;5597
2025-04;AEP - GRU;Gol Transportes A‚reos;Internacional;;41602;41602
2025-04;AEP - GRU;JetSMART Airlines;Internacional;;148;148
2025-04;AEP - GRU;N/A;Internacional;;7;7
2025-04;AEP - GRU;TAM Linhas A‚reas;Internacional;;41172;41172
2025-04;AEP - GYE;(en blanco);Internacional;2;;2
2025-04;AEP - HOS;(en blanco);Cabotaje;;2;2
2025-04;AEP - IGR;Aerol¡neas Argentinas;Cabotaje;;53157;53157
2025-04;AEP - IGR;Flybondi;Cabotaje;;19264;19264
2025-04;AEP - IGR;JetSMART Airlines;Cabotaje;;37013;37013
2025-04;AEP - IGR;N/A;Cabotaje;;3;3
2025-04;AEP - IGR;(en blanco);Cabotaje;3;8;11
2025-04;AEP - IGU;N/A;Internacional;;5;5
2025-04;AEP - IRJ;Aerol¡neas Argentinas;Cabotaje;;5994;5994
2025-04;AEP - IRJ;(en blanco);Cabotaje;7;12;19
2025-04;AEP - JUJ;Aerol¡neas Argentinas;Cabotaje;;17160;17160
2025-04;AEP - JUJ;Flybondi;Cabotaje;;7533;7533
2025-04;AEP - JUJ;N/A;Cabotaje;;6;6
2025-04;AEP - JUJ;(en blanco);Cabotaje;20;4;24
2025-04;AEP - LIM;Aerol¡neas Argentinas;Internacional;;8432;8432
2025-04;AEP - LIM;Fuerza A‚rea Brasilera;Internacional;7;;7
2025-04;AEP - LIM;JetSMART Airlines;Internacional;;9187;9187
2025-04;AEP - LIM;LATAM Per£;Internacional;;16650;16650
2025-04;AEP - LIM;N/A;Internacional;;5;5
2025-04;AEP - LIM;Sky Airline;Internacional;;6106;6106
2025-04;AEP - LIM;(en blanco);Internacional;;10;10
2025-04;AEP - LMMM;(en blanco);Internacional;;2;2
2025-04;AEP - LPA;(en blanco);Internacional;10;;10
2025-04;AEP - LPG;(en blanco);Cabotaje;;2;2
2025-04;AEP - LUQ;Aerol¡neas Argentinas;Cabotaje;;4698;4698
2025-04;AEP - LUQ;(en blanco);Cabotaje;3;6;9
2025-04;AEP - MDE;Aerol¡neas Argentinas;Internacional;;60;60
2025-04;AEP - MDQ;Aerol¡neas Argentinas;Cabotaje;;20042;20042
2025-04;AEP - MDQ;JetSMART Airlines;Cabotaje;;278;278
2025-04;AEP - MDQ;LADE - L¡neas A‚reas Del Estado;Cabotaje;55;44;99
2025-04;AEP - MDQ;(en blanco);Cabotaje;59;2;61
2025-04;AEP - MDZ;Aerol¡neas Argentinas;Cabotaje;;54301;54301
2025-04;AEP - MDZ;American Jet;Cabotaje;;20;20
2025-04;AEP - MDZ;Andes L¡neas A‚reas;Cabotaje;;285;285
2025-04;AEP - MDZ;Flybondi;Cabotaje;;19857;19857
2025-04;AEP - MDZ;JetSMART Airlines;Cabotaje;;44430;44430
2025-04;AEP - MDZ;N/A;Cabotaje;2;5;7
2025-04;AEP - MDZ;(en blanco);Cabotaje;51;25;76
2025-04;AEP - MIA;N/A;Internacional;10;;10
2025-04;AEP - MVD;Aerol¡neas Argentinas;Internacional;;14493;14493
2025-04;AEP - MVD;American Jet;Internacional;;36;36
2025-04;AEP - MVD;Fuerza A‚rea Uruguaya;Internacional;1;;1
2025-04;AEP - MVD;JetSMART Airlines;Internacional;;154;154
2025-04;AEP - MVD;N/A;Internacional;2;13;15
2025-04;AEP - MVD;(en blanco);Internacional;;15;15
2025-04;AEP - NAT;Gol Transportes A‚reos;Internacional;;1292;1292
2025-04;AEP - NQN;Aerol¡neas Argentinas;Cabotaje;;42336;42336
2025-04;AEP - NQN;American Jet;Cabotaje;;2;2
2025-04;AEP - NQN;Flybondi;Cabotaje;;10302;10302
2025-04;AEP - NQN;JetSMART Airlines;Cabotaje;;26951;26951
2025-04;AEP - NQN;N/A;Cabotaje;;8;8
2025-04;AEP - NQN;(en blanco);Cabotaje;11;2;13
2025-04;AEP - OPF;N/A;Internacional;6;;6
2025-04;AEP - OVR;N/A;Cabotaje;;32;32
2025-04;AEP - OVR;(en blanco);Cabotaje;1;;1
2025-04;AEP - OYA;(en blanco);Cabotaje;1;1;2
2025-04;AEP - OYO;N/A;Cabotaje;;2;2
2025-04;AEP - PBI;(en blanco);Internacional;12;;12
2025-04;AEP - PDP;Aerol¡neas Argentinas;Internacional;;3643;3643
2025-04;AEP - PDP;N/A;Internacional;;104;104
2025-04;AEP - PDP;(en blanco);Internacional;2;18;20
2025-04;AEP - PMQ;American Jet;Cabotaje;;118;118
2025-04;AEP - PMY;Aerol¡neas Argentinas;Cabotaje;;6608;6608
2025-04;AEP - PMY;Flybondi;Cabotaje;;5134;5134
2025-04;AEP - PMY;N/A;Cabotaje;;20;20
2025-04;AEP - POA;Aerol¡neas Argentinas;Internacional;;4263;4263
2025-04;AEP - POA;N/A;Internacional;;2;2
2025-04;AEP - PRA;Aerol¡neas Argentinas;Cabotaje;;3296;3296
2025-04;AEP - PRA;Flybondi;Cabotaje;;85;85
2025-04;AEP - PRA;(en blanco);Cabotaje;3;2;5
2025-04;AEP - PSS;Aerol¡neas Argentinas;Cabotaje;;15440;15440
2025-04;AEP - PSS;Flybondi;Cabotaje;;8915;8915
2025-04;AEP - PSS;N/A;Cabotaje;1;6;7
2025-04;AEP - PSS;(en blanco);Cabotaje;2;12;14
2025-04;AEP - PUD;N/A;Cabotaje;;1;1
2025-04;AEP - RAF;N/A;Cabotaje;;2;2
2025-04;AEP - RAF;(en blanco);Cabotaje;4;4;8
2025-04;AEP - RCU;Aerol¡neas Argentinas;Cabotaje;;1524;1524
2025-04;AEP - RCU;(en blanco);Cabotaje;40;;40
2025-04;AEP - REC;Gol Transportes A‚reos;Internacional;;2299;2299
2025-04;AEP - REL;Aerol¡neas Argentinas;Cabotaje;;17978;17978
2025-04;AEP - REL;Flybondi;Cabotaje;;66;66
2025-04;AEP - REL;JetSMART Airlines;Cabotaje;;354;354
2025-04;AEP - REL;N/A;Cabotaje;;11;11
2025-04;AEP - REL;(en blanco);Cabotaje;12;8;20
2025-04;AEP - RES;Aerol¡neas Argentinas;Cabotaje;;14124;14124
2025-04;AEP - RES;Flybondi;Cabotaje;;79;79
2025-04;AEP - RES;JetSMART Airlines;Cabotaje;;1881;1881
2025-04;AEP - RES;N/A;Cabotaje;;18;18
2025-04;AEP - RES;(en blanco);Cabotaje;2;5;7
2025-04;AEP - RGA;Aerol¡neas Argentinas;Cabotaje;;10139;10139
2025-04;AEP - RGA;Flybondi;Cabotaje;;90;90
2025-04;AEP - RGA;N/A;Cabotaje;;18;18
2025-04;AEP - RGL;Aerol¡neas Argentinas;Cabotaje;;13304;13304
2025-04;AEP - RGL;Flybondi;Cabotaje;;2493;2493
2025-04;AEP - RGL;N/A;Cabotaje;1;5;6
2025-04;AEP - RGL;(en blanco);Cabotaje;5;1;6
2025-04;AEP - RHD;Aerol¡neas Argentinas;Cabotaje;;1134;1134
2025-04;AEP - RLO;Aerol¡neas Argentinas;Cabotaje;;560;560
2025-04;AEP - ROS;Aerol¡neas Argentinas;Cabotaje;;12616;12616
2025-04;AEP - ROS;N/A;Cabotaje;;2;2
2025-04;AEP - ROS;(en blanco);Cabotaje;5;7;12
2025-04;AEP - RSA;Aerol¡neas Argentinas;Cabotaje;;3478;3478
2025-04;AEP - RSA;N/A;Cabotaje;;5;5
2025-04;AEP - RSA;(en blanco);Cabotaje;17;44;61
2025-04;AEP - SA05;N/A;Cabotaje;1;;1
2025-04;AEP - SA32;N/A;Cabotaje;;28;28
2025-04;AEP - SA40;(en blanco);Cabotaje;3;;3
2025-04;AEP - SANI;N/A;Cabotaje;;4;4
2025-04;AEP - SAVO;(en blanco);Cabotaje;3;;3
2025-04;AEP - SCL;Aerol¡neas Argentinas;Internacional;;19257;19257
2025-04;AEP - SCL;American Jet;Internacional;;91;91
2025-04;AEP - SCL;JetSMART Airlines;Internacional;;18527;18527
2025-04;AEP - SCL;LATAM;Internacional;;32988;32988
2025-04;AEP - SCL;LATAM Per£;Internacional;;304;304
2025-04;AEP - SCL;N/A;Internacional;2;;2
2025-04;AEP - SCL;Sky Airline;Internacional;326;20856;21182
2025-04;AEP - SCL;(en blanco);Internacional;;19;19
2025-04;AEP - SDE;Aerol¡neas Argentinas;Cabotaje;;8515;8515
2025-04;AEP - SDE;American Jet;Cabotaje;;3;3
2025-04;AEP - SDE;Flybondi;Cabotaje;;6066;6066
2025-04;AEP - SDE;(en blanco);Cabotaje;28;5;33
2025-04;AEP - SFN;Aerol¡neas Argentinas;Cabotaje;;6423;6423
2025-04;AEP - SFN;American Jet;Cabotaje;14;;14
2025-04;AEP - SID;N/A;Internacional;2;;2
2025-04;AEP - SLA;Aerol¡neas Argentinas;Cabotaje;;40612;40612
2025-04;AEP - SLA;Andes L¡neas A‚reas;Cabotaje;;287;287
2025-04;AEP - SLA;Flybondi;Cabotaje;;9075;9075
2025-04;AEP - SLA;JetSMART Airlines;Cabotaje;;20318;20318
2025-04;AEP - SLA;(en blanco);Cabotaje;13;14;27
2025-04;AEP - SSA;Aerol¡neas Argentinas;Internacional;;3976;3976
2025-04;AEP - SSA;Gol Transportes A‚reos;Internacional;;2833;2833
2025-04;AEP - SUAA;N/A;Internacional;;5;5
2025-04;AEP - TDL;Fuerza A‚rea Argentina;Cabotaje;30;;30
2025-04;AEP - TDL;N/A;Cabotaje;;20;20
2025-04;AEP - TDL;(en blanco);Cabotaje;25;18;43
2025-04;AEP - TFS;N/A;Internacional;;4;4
2025-04;AEP - TTG;(en blanco);Cabotaje;46;;46
2025-04;AEP - TUC;Aerol¡neas Argentinas;Cabotaje;;26426;26426
2025-04;AEP - TUC;American Jet;Cabotaje;;50;50
2025-04;AEP - TUC;Flybondi;Cabotaje;;11769;11769
2025-04;AEP - TUC;JetSMART Airlines;Cabotaje;;13336;13336
2025-04;AEP - TUC;N/A;Cabotaje;3;28;31
2025-04;AEP - TUC;(en blanco);Cabotaje;12;;12
2025-04;AEP - UAQ;Aerol¡neas Argentinas;Cabotaje;;10516;10516
2025-04;AEP - UAQ;American Jet;Cabotaje;;15;15
2025-04;AEP - UAQ;Flybondi;Cabotaje;;4587;4587
2025-04;AEP - USH;Aerol¡neas Argentinas;Cabotaje;;32467;32467
2025-04;AEP - USH;Flybondi;Cabotaje;;3287;3287
2025-04;AEP - USH;JetSMART Airlines;Cabotaje;;2274;2274
2025-04;AEP - USH;N/A;Cabotaje;11;5;16
2025-04;AEP - VDM;Aerol¡neas Argentinas;Cabotaje;;2641;2641
2025-04;AEP - VDM;N/A;Cabotaje;;1;1
2025-04;AEP - VMA;N/A;Cabotaje;;17;17
2025-04;AEP - VMA;(en blanco);Cabotaje;3;1;4
2025-04;AEP - VME;(en blanco);Cabotaje;8;;8
2025-04;AEP - VVI;Aerol¡neas Argentinas;Internacional;;1752;1752
2025-04;AFA - AFA;(en blanco);Cabotaje;4;;4
2025-04;AFA - GPO;(en blanco);Cabotaje;1;;1
2025-04;AFA - MDZ;(en blanco);Cabotaje;;1;1
2025-04;AFA - NQN;(en blanco);Cabotaje;1;;1
2025-04;AGT - ROS;N/A;Internacional;2;;2
2025-04;AMS - EZE;KLM;Internacional;;13045;13045
2025-04;ANF - SLA;N/A;Internacional;1;;1
2025-04;APZ - FDO;(en blanco);Cabotaje;1;;1
2025-04;APZ - NQN;(en blanco);Cabotaje;2;3;5
2025-04;AR-0005 - BHI;(en blanco);Cabotaje;2;;2
2025-04;AR-0005 - COR;(en blanco);Cabotaje;5;;5
2025-04;AR-0005 - FDO;(en blanco);Cabotaje;3;;3
2025-04;AR-0005 - MDQ;(en blanco);Cabotaje;;4;4
2025-04;AR-0008 - EZE;Aerol¡neas Argentinas;Cabotaje;;48;48
2025-04;AR-0008 - OYA;(en blanco);Cabotaje;1;;1
2025-04;AR-0009 - CNQ;(en blanco);Cabotaje;10;;10
2025-04;AR-0009 - COR;(en blanco);Cabotaje;2;2;4
2025-04;AR-0009 - FDO;(en blanco);Cabotaje;22;3;25
2025-04;AR-0009 - FMA;(en blanco);Cabotaje;2;;2
2025-04;AR-0009 - RES;(en blanco);Cabotaje;3;1;4
2025-04;AR-0009 - TUC;(en blanco);Cabotaje;1;;1
2025-04;AR-0010 - BRC;(en blanco);Cabotaje;3;;3
2025-04;AR-0010 - EZE;(en blanco);Cabotaje;;2;2
2025-04;AR-0010 - FDO;(en blanco);Cabotaje;1;;1
2025-04;AR-0019 - BRC;(en blanco);Cabotaje;2;2;4
2025-04;AR-0019 - FDO;(en blanco);Cabotaje;1;;1
2025-04;AR-0019 - NQN;(en blanco);Cabotaje;3;;3
2025-04;AR-0019 - PMY;(en blanco);Cabotaje;;2;2
2025-04;AR-0019 - REL;(en blanco);Cabotaje;3;;3
2025-04;AR-0019 - RGL;(en blanco);Cabotaje;;1;1
2025-04;AR-0023 - VDM;(en blanco);Cabotaje;1;;1
2025-04;AR-0024 - FDO;(en blanco);Cabotaje;3;1;4
2025-04;AR-0028 - FDO;(en blanco);Cabotaje;4;1;5
2025-04;AR-0028 - NQN;(en blanco);Cabotaje;5;;5
2025-04;AR-0031 - FDO;(en blanco);Cabotaje;4;1;5
2025-04;AR-0035 - CPC;(en blanco);Cabotaje;1;;1
2025-04;AR-0036 - COR;(en blanco);Cabotaje;2;;2
2025-04;AR-0036 - SDE;(en blanco);Cabotaje;1;;1
2025-04;AR-0038 - FDO;N/A;Cabotaje;2;;2
2025-04;AR-0038 - FDO;(en blanco);Cabotaje;1;;1
2025-04;AR-0051 - FDO;(en blanco);Cabotaje;1;;1
2025-04;AR-0052 - CNQ;(en blanco);Cabotaje;2;;2
2025-04;AR-0052 - FDO;(en blanco);Cabotaje;2;;2
2025-04;AR-0052 - RES;(en blanco);Cabotaje;2;;2
2025-04;AR-0052 - ROS;(en blanco);Cabotaje;7;;7
2025-04;AR-0053 - FDO;(en blanco);Cabotaje;1;;1
2025-04;AR-0061 - EZE;N/A;Cabotaje;;2;2
2025-04;AR-0061 - FDO;(en blanco);Cabotaje;3;;3
2025-04;AR-0061 - MDQ;N/A;Cabotaje;1;;1
2025-04;AR-0062 - FDO;(en blanco);Cabotaje;1;;1
2025-04;AR-0063 - FDO;(en blanco);Cabotaje;9;2;11
2025-04;AR-0069 - EZE;(en blanco);Cabotaje;2;3;5
2025-04;AR-0077 - ROS;(en blanco);Cabotaje;2;;2
2025-04;AR-0077 - UAQ;(en blanco);Cabotaje;1;1;2
2025-04;AR-0080 - FDO;(en blanco);Cabotaje;3;1;4
2025-04;AR-0080 - UAQ;(en blanco);Cabotaje;;2;2
2025-04;AR-0081 - FDO;N/A;Cabotaje;1;;1
2025-04;AR-0081 - FDO;(en blanco);Cabotaje;4;;4
2025-04;AR-0083 - FDO;(en blanco);Cabotaje;1;;1
2025-04;AR-0085 - GPO;(en blanco);Cabotaje;1;;1
2025-04;AR-0087 - COR;(en blanco);Cabotaje;1;;1
2025-04;AR-0105 - COR;(en blanco);Cabotaje;1;;1
2025-04;AR-0110 - FDO;(en blanco);Cabotaje;;1;1
2025-04;AR-0111 - CNQ;N/A;Cabotaje;2;;2
2025-04;AR-0111 - FDO;(en blanco);Cabotaje;5;1;6
2025-04;AR-0115 - FDO;(en blanco);Cabotaje;3;;3
2025-04;AR-0116 - FDO;(en blanco);Cabotaje;2;;2
2025-04;AR-0117 - COR;(en blanco);Cabotaje;1;;1
2025-04;AR-0119 - IGR;N/A;Cabotaje;;3;3
2025-04;AR-0121 - RSA;(en blanco);Cabotaje;1;;1
2025-04;AR-0141 - SFN;(en blanco);Cabotaje;1;;1
2025-04;AR-0142 - FDO;(en blanco);Cabotaje;7;1;8
2025-04;AR-0150 - ROS;(en blanco);Cabotaje;2;;2
2025-04;AR-0166 - LGS;(en blanco);Cabotaje;2;;2
2025-04;AR-0168 - FDO;(en blanco);Cabotaje;4;;4
2025-04;AR-0168 - ROS;(en blanco);Cabotaje;4;;4
2025-04;AR-0173 - RES;(en blanco);Cabotaje;3;;3
2025-04;AR-0175 - COR;(en blanco);Cabotaje;2;;2
2025-04;AR-0175 - FDO;(en blanco);Cabotaje;;1;1
2025-04;AR-0177 - ROS;(en blanco);Cabotaje;1;;1
2025-04;AR-0181 - CNQ;(en blanco);Cabotaje;2;;2
2025-04;AR-0194 - SLA;(en blanco);Cabotaje;1;;1
2025-04;AR-0209 - EZE;(en blanco);Cabotaje;;1;1
2025-04;AR-0211 - COR;(en blanco);Cabotaje;1;;1
2025-04;AR-0211 - EZE;(en blanco);Cabotaje;;4;4
2025-04;AR-0211 - FDO;(en blanco);Cabotaje;;1;1
2025-04;AR-0211 - SLA;(en blanco);Cabotaje;2;;2
2025-04;AR-0212 - FDO;(en blanco);Cabotaje;4;;4
2025-04;AR-0212 - SFN;(en blanco);Cabotaje;;4;4
2025-04;AR-0212 - SLA;(en blanco);Cabotaje;3;;3
2025-04;AR-0213 - FDO;(en blanco);Cabotaje;1;;1
2025-04;AR-0216 - FDO;(en blanco);Cabotaje;1;;1
2025-04;AR-0216 - UAQ;(en blanco);Cabotaje;2;2;4
2025-04;AR-0218 - FDO;(en blanco);Cabotaje;2;;2
2025-04;AR-0226 - FDO;(en blanco);Cabotaje;1;;1
2025-04;AR-0231 - FDO;(en blanco);Cabotaje;2;;2
2025-04;AR-0236 - BRC;(en blanco);Cabotaje;;3;3
2025-04;AR-0240 - FDO;(en blanco);Cabotaje;2;;2
2025-04;AR-0252 - FDO;N/A;Cabotaje;2;;2
2025-04;AR-0252 - FDO;(en blanco);Cabotaje;7;;7
2025-04;AR-0252 - MDQ;(en blanco);Cabotaje;;1;1
2025-04;AR-0252 - PSS;(en blanco);Cabotaje;1;;1
2025-04;AR-0253 - EZE;(en blanco);Cabotaje;;4;4
2025-04;AR-0257 - FDO;(en blanco);Cabotaje;1;2;3
2025-04;AR-0260 - RGL;(en blanco);Cabotaje;2;;2
2025-04;AR-0262 - NQN;N/A;Cabotaje;1;;1
2025-04;AR-0262 - RSA;(en blanco);Cabotaje;1;;1
2025-04;AR-0263 - FDO;(en blanco);Cabotaje;1;;1
2025-04;AR-0267 - FDO;(en blanco);Cabotaje;5;;5
2025-04;AR-0273 - SLA;(en blanco);Cabotaje;3;1;4
2025-04;AR-0287 - FDO;(en blanco);Cabotaje;4;;4
2025-04;AR-0289 - PRA;(en blanco);Cabotaje;1;;1
2025-04;AR-0289 - PSS;(en blanco);Cabotaje;1;;1
2025-04;AR-0296 - FDO;(en blanco);Cabotaje;5;;5
2025-04;AR-0296 - MDQ;(en blanco);Cabotaje;2;;2
2025-04;AR-0300 - MDQ;(en blanco);Cabotaje;;1;1
2025-04;AR-0310 - CPC;(en blanco);Cabotaje;3;;3
2025-04;AR-0313 - COR;(en blanco);Cabotaje;1;;1
2025-04;AR-0314 - FDO;(en blanco);Cabotaje;;1;1
2025-04;AR-0318 - MDZ;(en blanco);Cabotaje;;1;1
2025-04;AR-0320 - IRJ;(en blanco);Cabotaje;1;;1
2025-04;AR-0320 - SLA;(en blanco);Cabotaje;2;;2
2025-04;AR-0328 - COR;(en blanco);Cabotaje;;2;2
2025-04;AR-0331 - SDE;(en blanco);Cabotaje;2;;2
2025-04;AR-0332 - FDO;(en blanco);Cabotaje;1;;1
2025-04;AR-0343 - EZE;(en blanco);Cabotaje;;2;2
2025-04;AR-0343 - FDO;(en blanco);Cabotaje;9;2;11
2025-04;AR-0345 - FDO;(en blanco);Cabotaje;1;;1
2025-04;AR-0350 - FDO;(en blanco);Cabotaje;;1;1
2025-04;AR-0354 - MDQ;(en blanco);Cabotaje;;1;1
2025-04;AR-0355 - VDM;(en blanco);Cabotaje;1;;1
2025-04;AR-0369 - NQN;American Jet;Cabotaje;;281;281
2025-04;AR-0370 - CTC;(en blanco);Cabotaje;1;;1
2025-04;AR-0370 - SLA;(en blanco);Cabotaje;1;;1
2025-04;AR-0370 - TUC;(en blanco);Cabotaje;1;;1
2025-04;AR-0373 - COR;(en blanco);Cabotaje;1;;1
2025-04;AR-0382 - COR;(en blanco);Cabotaje;1;;1
2025-04;AR-0382 - FDO;(en blanco);Cabotaje;3;;3
2025-04;AR-0382 - SDE;(en blanco);Cabotaje;2;;2
2025-04;AR-0383 - CNQ;(en blanco);Cabotaje;1;;1
2025-04;AR-0383 - EPA;(en blanco);Cabotaje;;2;2
2025-04;AR-0383 - FDO;(en blanco);Cabotaje;1;;1
2025-04;AR-0395 - FDO;(en blanco);Cabotaje;1;;1
2025-04;AR-0395 - MDQ;(en blanco);Cabotaje;1;;1
2025-04;AR-0397 - CNQ;(en blanco);Cabotaje;2;;2
2025-04;AR-0408 - CPC;(en blanco);Cabotaje;1;;1
2025-04;AR-0424 - FDO;(en blanco);Cabotaje;2;;2
2025-04;AR-0424 - SLA;(en blanco);Cabotaje;6;;6
2025-04;AR-0431 - CPC;(en blanco);Cabotaje;;3;3
2025-04;AR-0446 - CPC;(en blanco);Cabotaje;1;;1
2025-04;AR-0448 - CNQ;(en blanco);Cabotaje;1;;1
2025-04;AR-0453 - FDO;(en blanco);Cabotaje;2;;2
2025-04;AR-0457 - EZE;(en blanco);Cabotaje;;4;4
2025-04;AR-0457 - PRA;(en blanco);Cabotaje;1;;1
2025-04;AR-0464 - EQS;(en blanco);Cabotaje;2;;2
2025-04;AR-0468 - FDO;(en blanco);Cabotaje;2;;2
2025-04;AR-0493 - FDO;(en blanco);Cabotaje;4;;4
2025-04;ARI - FDO;(en blanco);Internacional;;6;6
2025-04;ASU - CNQ;N/A;Internacional;3;;3
2025-04;ASU - CNQ;(en blanco);Internacional;14;;14
2025-04;ASU - COR;Aerol¡neas Argentinas;Internacional;;188;188
2025-04;ASU - COR;Amaszonas;Internacional;;928;928
2025-04;ASU - COR;N/A;Internacional;20;6;26
2025-04;ASU - COR;(en blanco);Internacional;18;7;25
2025-04;ASU - EZE;JetSMART Airlines;Internacional;;225;225
2025-04;ASU - EZE;(en blanco);Internacional;;2;2
2025-04;ASU - FDO;N/A;Internacional;27;13;40
2025-04;ASU - FDO;(en blanco);Internacional;55;28;83
2025-04;ASU - IGR;N/A;Internacional;2;2;4
2025-04;ASU - JUJ;Amaszonas;Internacional;;275;275
2025-04;ASU - MDZ;Amaszonas;Internacional;;98;98
2025-04;ASU - MDZ;N/A;Internacional;13;;13
2025-04;ASU - RES;N/A;Internacional;;6;6
2025-04;ASU - ROS;N/A;Internacional;2;;2
2025-04;ASU - SLA;Amaszonas;Internacional;14;472;486
2025-04;ASU - SLA;American Jet;Internacional;;2;2
2025-04;ASU - TUC;(en blanco);Internacional;2;;2
2025-04;ASU - USH;Fuerza A‚rea Paraguaya;Internacional;7;;7
2025-04;ATI - FDO;(en blanco);Internacional;3;;3
2025-04;ATL - EZE;Delta Air Lines;Internacional;;15259;15259
2025-04;ATL - EZE;United Airlines;Internacional;;240;240
2025-04;BCN - EZE;Flybondi;Internacional;;165;165
2025-04;BCN - EZE;Iberia Airlines;Internacional;;12547;12547
2025-04;BFI - EZE;N/A;Internacional;;3;3
2025-04;BHI - BRC;LADE - L¡neas A‚reas Del Estado;Cabotaje;9;270;279
2025-04;BHI - BRC;(en blanco);Cabotaje;37;;37
2025-04;BHI - COR;American Jet;Cabotaje;;10;10
2025-04;BHI - COR;(en blanco);Cabotaje;6;3;9
2025-04;BHI - CRD;LADE - L¡neas A‚reas Del Estado;Cabotaje;17;45;62
2025-04;BHI - EZE;Aerol¡neas Argentinas;Cabotaje;;1090;1090
2025-04;BHI - EZE;(en blanco);Cabotaje;4;4;8
2025-04;BHI - FDO;N/A;Cabotaje;3;3;6
2025-04;BHI - FDO;(en blanco);Cabotaje;18;;18
2025-04;BHI - LPG;(en blanco);Cabotaje;2;;2
2025-04;BHI - MDQ;LADE - L¡neas A‚reas Del Estado;Cabotaje;109;172;281
2025-04;BHI - MDQ;(en blanco);Cabotaje;6;;6
2025-04;BHI - NQN;(en blanco);Cabotaje;7;5;12
2025-04;BHI - USH;Fuerza A‚rea Argentina;Cabotaje;19;;19
2025-04;BHI - VDM;(en blanco);Cabotaje;4;;4
2025-04;BOG - EZE;Avianca;Internacional;;27118;27118
2025-04;BOG - EZE;Copa Airlines;Internacional;;160;160
2025-04;BOG - EZE;N/A;Internacional;;19;19
2025-04;BOG - FDO;N/A;Internacional;3;;3
2025-04;BOS - MDZ;N/A;Internacional;4;;4
2025-04;BPS - COR;Andes L¡neas A‚reas;Internacional;;582;582
2025-04;BPS - EZE;Aerol¡neas Argentinas;Internacional;;1857;1857
2025-04;BPS - EZE;Gol Transportes A‚reos;Internacional;;921;921
2025-04;BPS - IGR;(en blanco);Internacional;;8;8
2025-04;BRC - BRC;(en blanco);Cabotaje;;2;2
2025-04;BRC - COR;Aerol¡neas Argentinas;Cabotaje;;3338;3338
2025-04;BRC - COR;Flybondi;Cabotaje;;4016;4016
2025-04;BRC - COR;Fuerza A‚rea Argentina;Cabotaje;108;;108
2025-04;BRC - COR;(en blanco);Cabotaje;119;3;122
2025-04;BRC - CPC;N/A;Cabotaje;1;1;2
2025-04;BRC - CPC;(en blanco);Cabotaje;1;;1
2025-04;BRC - EPA;(en blanco);Cabotaje;2;;2
2025-04;BRC - EQS;N/A;Cabotaje;8;1;9
2025-04;BRC - EQS;(en blanco);Cabotaje;5;;5
2025-04;BRC - EZE;Aerol¡neas Argentinas;Cabotaje;;8135;8135
2025-04;BRC - EZE;Andes L¡neas A‚reas;Cabotaje;;1412;1412
2025-04;BRC - EZE;Flybondi;Cabotaje;;6080;6080
2025-04;BRC - EZE;JetSMART Airlines;Cabotaje;;16421;16421
2025-04;BRC - EZE;N/A;Cabotaje;4;;4
2025-04;BRC - EZE;(en blanco);Cabotaje;5;13;18
2025-04;BRC - FDO;N/A;Cabotaje;82;29;111
2025-04;BRC - FDO;(en blanco);Cabotaje;110;68;178
2025-04;BRC - FLN;N/A;Internacional;1;;1
2025-04;BRC - FTE;JetSMART Airlines;Cabotaje;;179;179
2025-04;BRC - FTE;N/A;Cabotaje;2;;2
2025-04;BRC - FTE;(en blanco);Cabotaje;6;3;9
2025-04;BRC - GNR;(en blanco);Cabotaje;1;;1
2025-04;BRC - LMMM;N/A;Internacional;1;;1
2025-04;BRC - MDZ;Aerol¡neas Argentinas;Cabotaje;;1861;1861
2025-04;BRC - MDZ;(en blanco);Cabotaje;1;3;4
2025-04;BRC - MIA;N/A;Internacional;3;1;4
2025-04;BRC - MVD;Aerol¡neas Argentinas;Internacional;;340;340
2025-04;BRC - MVD;Jet Aviation;Internacional;2;2;4
2025-04;BRC - NAS;N/A;Internacional;;8;8
2025-04;BRC - NQN;Aerol¡neas Argentinas;Cabotaje;;75;75
2025-04;BRC - NQN;N/A;Cabotaje;;1;1
2025-04;BRC - NQN;(en blanco);Cabotaje;15;3;18
2025-04;BRC - PDP;(en blanco);Internacional;;3;3
2025-04;BRC - PMC;N/A;Internacional;5;;5
2025-04;BRC - PZS;(en blanco);Internacional;2;2;4
2025-04;BRC - ROS;(en blanco);Cabotaje;5;5;10
2025-04;BRC - RSA;(en blanco);Cabotaje;7;3;10
2025-04;BRC - SAZJ;(en blanco);Cabotaje;1;;1
2025-04;BRC - SCL;ACM Air Charter;Internacional;;1;1
2025-04;BRC - SCL;N/A;Internacional;1;;1
2025-04;BRC - SLA;N/A;Cabotaje;3;;3
2025-04;BRC - SLA;(en blanco);Cabotaje;1;1;2
2025-04;BRC - TUC;(en blanco);Cabotaje;12;;12
2025-04;BSB - CNQ;N/A;Internacional;2;;2
2025-04;BSB - EZE;Gol Transportes A‚reos;Internacional;;1695;1695
2025-04;BSB - PSS;N/A;Internacional;8;;8
2025-04;BTR - COR;N/A;Internacional;18;;18
2025-04;CBB - EZE;Boliviana de Aviacion;Internacional;;197;197
2025-04;CCP - MDZ;(en blanco);Internacional;;1;1
2025-04;CCS - EZE;N/A;Internacional;;1;1
2025-04;CDF - EZE;Aerol¡neas Argentinas;Internacional;;83;83
2025-04;CDG - EZE;Air France;Internacional;;15042;15042
2025-04;CGR - CNQ;N/A;Internacional;6;;6
2025-04;CGR - MDZ;(en blanco);Internacional;9;;9
2025-04;CJC - COR;N/A;Internacional;4;;4
2025-04;CJC - EZE;(en blanco);Internacional;;4;4
2025-04;CJC - FDO;(en blanco);Internacional;;4;4
2025-04;CJC - FTE;(en blanco);Internacional;;2;2
2025-04;CJC - IGR;(en blanco);Internacional;;4;4
2025-04;CNF - EZE;Gol Transportes A‚reos;Internacional;;57;57
2025-04;CNF - SFN;N/A;Internacional;51;;51
2025-04;CNQ - CNQ;(en blanco);Cabotaje;1;;1
2025-04;CNQ - CWB;N/A;Internacional;14;;14
2025-04;CNQ - EZE;Flybondi;Cabotaje;;793;793
2025-04;CNQ - FDO;(en blanco);Cabotaje;33;3;36
2025-04;CNQ - FMA;(en blanco);Cabotaje;3;;3
2025-04;CNQ - IGR;N/A;Cabotaje;1;;1
2025-04;CNQ - IGU;N/A;Internacional;30;;30
2025-04;CNQ - LPG;(en blanco);Cabotaje;2;;2
2025-04;CNQ - MDX;(en blanco);Cabotaje;2;;2
2025-04;CNQ - MDZ;N/A;Cabotaje;;2;2
2025-04;CNQ - OYA;(en blanco);Cabotaje;7;;7
2025-04;CNQ - PDP;(en blanco);Internacional;18;;18
2025-04;CNQ - POA;N/A;Internacional;2;;2
2025-04;CNQ - PRA;(en blanco);Cabotaje;2;1;3
2025-04;CNQ - PSS;(en blanco);Cabotaje;19;7;26
2025-04;CNQ - RES;(en blanco);Cabotaje;2;;2
2025-04;CNQ - SCL;N/A;Internacional;2;;2
2025-04;CNQ - SUAA;(en blanco);Internacional;4;;4
2025-04;COR - COR;(en blanco);Cabotaje;8;;8
2025-04;COR - CRD;Aerol¡neas Argentinas;Cabotaje;;2174;2174
2025-04;COR - CRD;Fuerza A‚rea Argentina;Cabotaje;35;;35
2025-04;COR - CRD;(en blanco);Cabotaje;52;;52
2025-04;COR - CTC;N/A;Cabotaje;2;;2
2025-04;COR - CTG;N/A;Internacional;18;;18
2025-04;COR - CWB;N/A;Internacional;;6;6
2025-04;COR - EPA;Fuerza A‚rea Argentina;Cabotaje;143;;143
2025-04;COR - EPA;(en blanco);Cabotaje;146;;146
2025-04;COR - EQS;Flybondi;Cabotaje;;88;88
2025-04;COR - EZE;Aerol¡neas Argentinas;Cabotaje;;10356;10356
2025-04;COR - EZE;Andes L¡neas A‚reas;Cabotaje;;919;919
2025-04;COR - EZE;Flybondi;Cabotaje;;2520;2520
2025-04;COR - EZE;JetSMART Airlines;Cabotaje;;316;316
2025-04;COR - EZE;N/A;Cabotaje;1;;1
2025-04;COR - EZE;(en blanco);Cabotaje;1;1;2
2025-04;COR - FDO;American Jet;Cabotaje;;11;11
2025-04;COR - FDO;N/A;Cabotaje;9;;9
2025-04;COR - FDO;(en blanco);Cabotaje;41;30;71
2025-04;COR - FLN;N/A;Internacional;4;;4
2025-04;COR - GIG;Aerol¡neas Argentinas;Internacional;;3462;3462
2025-04;COR - GIG;Copa Airlines;Internacional;;145;145
2025-04;COR - GIG;Gol Transportes A‚reos;Internacional;;9007;9007
2025-04;COR - GRU;Gol Transportes A‚reos;Internacional;;3435;3435
2025-04;COR - GRU;LATAM;Internacional;;2;2
2025-04;COR - GRU;N/A;Internacional;;124;124
2025-04;COR - IAH;N/A;Internacional;;21;21
2025-04;COR - IGR;Aerol¡neas Argentinas;Cabotaje;;3040;3040
2025-04;COR - IGR;JetSMART Airlines;Cabotaje;;86;86
2025-04;COR - IGR;N/A;Cabotaje;4;;4
2025-04;COR - IRJ;(en blanco);Cabotaje;19;3;22
2025-04;COR - JUJ;Aerol¡neas Argentinas;Cabotaje;;2497;2497
2025-04;COR - JUJ;N/A;Cabotaje;1;;1
2025-04;COR - JUJ;(en blanco);Cabotaje;12;4;16
2025-04;COR - LCM;(en blanco);Cabotaje;1;;1
2025-04;COR - LIM;Aerol¡neas Argentinas;Internacional;;224;224
2025-04;COR - LIM;LATAM Per£;Internacional;;8600;8600
2025-04;COR - LUQ;(en blanco);Cabotaje;1;;1
2025-04;COR - MAD;Air Europa;Internacional;;6315;6315
2025-04;COR - MCZ;Flybondi;Internacional;;1021;1021
2025-04;COR - MDQ;Andes L¡neas A‚reas;Cabotaje;;639;639
2025-04;COR - MDQ;Fuerza A‚rea Argentina;Cabotaje;103;;103
2025-04;COR - MDZ;Aerol¡neas Argentinas;Cabotaje;;7907;7907
2025-04;COR - MDZ;JetSMART Airlines;Cabotaje;;94;94
2025-04;COR - MDZ;N/A;Cabotaje;4;;4
2025-04;COR - MDZ;(en blanco);Cabotaje;21;5;26
2025-04;COR - MOR;(en blanco);Cabotaje;1;;1
2025-04;COR - MVD;(en blanco);Internacional;4;;4
2025-04;COR - NCJ;(en blanco);Cabotaje;3;6;9
2025-04;COR - NEW;N/A;Internacional;9;9;18
2025-04;COR - NQN;Aerol¡neas Argentinas;Cabotaje;;6047;6047
2025-04;COR - NQN;Flybondi;Cabotaje;;5310;5310
2025-04;COR - PDP;N/A;Internacional;6;;6
2025-04;COR - PDP;(en blanco);Internacional;20;2;22
2025-04;COR - PSS;(en blanco);Cabotaje;6;5;11
2025-04;COR - PTY;Copa Airlines;Internacional;;16919;16919
2025-04;COR - PUJ;Aerol¡neas Argentinas;Internacional;;3063;3063
2025-04;COR - RAF;(en blanco);Cabotaje;2;;2
2025-04;COR - RCU;N/A;Cabotaje;4;4;8
2025-04;COR - RCU;(en blanco);Cabotaje;15;;15
2025-04;COR - REC;Gol Transportes A‚reos;Internacional;;785;785
2025-04;COR - REL;(en blanco);Cabotaje;3;;3
2025-04;COR - ROS;(en blanco);Cabotaje;3;3;6
2025-04;COR - RSA;American Jet;Cabotaje;;19;19
2025-04;COR - RSA;N/A;Cabotaje;2;;2
2025-04;COR - SA40;(en blanco);Cabotaje;3;;3
2025-04;COR - SACD;(en blanco);Cabotaje;2;;2
2025-04;COR - SAOL;(en blanco);Cabotaje;7;;7
2025-04;COR - SATO;(en blanco);Cabotaje;;3;3
2025-04;COR - SCL;LATAM;Internacional;;10025;10025
2025-04;COR - SCL;N/A;Internacional;11;1;12
2025-04;COR - SDE;(en blanco);Cabotaje;6;2;8
2025-04;COR - SFN;(en blanco);Cabotaje;;2;2
2025-04;COR - SLA;Aerol¡neas Argentinas;Cabotaje;;4230;4230
2025-04;COR - SLA;Flybondi;Cabotaje;;3918;3918
2025-04;COR - SLA;Fuerza A‚rea Argentina;Cabotaje;19;;19
2025-04;COR - SLA;(en blanco);Cabotaje;24;2;26
2025-04;COR - TRU;N/A;Internacional;2;;2
2025-04;COR - TUC;Aerol¡neas Argentinas;Cabotaje;;2531;2531
2025-04;COR - TUC;N/A;Cabotaje;;1;1
2025-04;COR - TUC;(en blanco);Cabotaje;3;;3
2025-04;COR - UAQ;(en blanco);Cabotaje;3;1;4
2025-04;COR - VDR;(en blanco);Cabotaje;;1;1
2025-04;COR - VMA;(en blanco);Cabotaje;6;;6
2025-04;CPC - CPC;N/A;Cabotaje;4;;4
2025-04;CPC - CPC;(en blanco);Cabotaje;6;;6
2025-04;CPC - CSZ;(en blanco);Cabotaje;1;;1
2025-04;CPC - EQS;(en blanco);Cabotaje;2;3;5
2025-04;CPC - EZE;Aerol¡neas Argentinas;Cabotaje;;632;632
2025-04;CPC - EZE;(en blanco);Cabotaje;;12;12
2025-04;CPC - FDO;N/A;Cabotaje;;4;4
2025-04;CPC - FDO;(en blanco);Cabotaje;2;12;14
2025-04;CPC - LGS;(en blanco);Cabotaje;2;;2
2025-04;CPC - NQN;(en blanco);Cabotaje;5;10;15
2025-04;CPO - FDO;(en blanco);Internacional;2;;2
2025-04;CRD - CRD;Fuerza A‚rea Argentina;Cabotaje;4;;4
2025-04;CRD - EPA;Fuerza A‚rea Argentina;Cabotaje;22;;22
2025-04;CRD - EQS;Ej‚rcito Argentino;Cabotaje;3;;3
2025-04;CRD - EQS;(en blanco);Cabotaje;5;;5
2025-04;CRD - EZE;Aerol¡neas Argentinas;Cabotaje;;1727;1727
2025-04;CRD - EZE;Flybondi;Cabotaje;;1348;1348
2025-04;CRD - FDO;N/A;Cabotaje;2;6;8
2025-04;CRD - FDO;(en blanco);Cabotaje;9;6;15
2025-04;CRD - FTE;LADE - L¡neas A‚reas Del Estado;Cabotaje;28;82;110
2025-04;CRD - NQN;Aerol¡neas Argentinas;Cabotaje;;3536;3536
2025-04;CRD - NQN;(en blanco);Cabotaje;1;;1
2025-04;CRD - PMQ;LADE - L¡neas A‚reas Del Estado;Cabotaje;26;59;85
2025-04;CRD - REL;(en blanco);Cabotaje;6;2;8
2025-04;CRD - RGL;Fuerza A‚rea Argentina;Cabotaje;64;;64
2025-04;CRD - RGL;LADE - L¡neas A‚reas Del Estado;Cabotaje;2;10;12
2025-04;CRD - RGL;N/A;Cabotaje;4;3;7
2025-04;CRD - RGL;(en blanco);Cabotaje;15;4;19
2025-04;CRD - USH;N/A;Cabotaje;1;;1
2025-04;CRD - VDM;(en blanco);Cabotaje;1;1;2
2025-04;CSZ - FDO;(en blanco);Cabotaje;3;2;5
2025-04;CSZ - ROS;(en blanco);Cabotaje;4;;4
2025-04;CTC - FDO;N/A;Cabotaje;5;8;13
2025-04;CTC - FDO;(en blanco);Cabotaje;13;6;19
2025-04;CTC - IRJ;Aerol¡neas Argentinas;Cabotaje;;882;882
2025-04;CTC - JUJ;(en blanco);Cabotaje;4;;4
2025-04;CTC - RHD;(en blanco);Cabotaje;1;1;2
2025-04;CTC - SANI;N/A;Cabotaje;4;;4
2025-04;CTC - SDE;(en blanco);Cabotaje;;1;1
2025-04;CTC - SLA;(en blanco);Cabotaje;43;5;48
2025-04;CTG - EZE;LATAM;Internacional;;2;2
2025-04;CUN - EZE;Aerol¡neas Argentinas;Internacional;;9682;9682
2025-04;CUT - NQN;(en blanco);Cabotaje;3;;3
2025-04;CWB - MDZ;N/A;Internacional;23;;23
2025-04;CWB - MDZ;(en blanco);Internacional;5;;5
2025-04;CYR - FDO;(en blanco);Internacional;18;;18
2025-04;CZM - EZE;LATAM;Internacional;2;;2
2025-04;DZO - FDO;Fuerza A‚rea Uruguaya;Internacional;1;;1
2025-04;DZO - FDO;(en blanco);Internacional;;6;6
2025-04;DZO - MDQ;(en blanco);Internacional;;4;4
2025-04;ENO - EPA;Fuerza A‚rea Argentina;Cabotaje;4;;4
2025-04;EOH - EZE;Avianca;Internacional;;171;171
2025-04;EPA - EPA;(en blanco);Cabotaje;20;;20
2025-04;EPA - EZE;N/A;Cabotaje;2;;2
2025-04;EPA - FDO;(en blanco);Cabotaje;1;;1
2025-04;EPA - MDZ;(en blanco);Cabotaje;12;;12
2025-04;EPA - MOR;(en blanco);Cabotaje;6;;6
2025-04;EPA - PRA;(en blanco);Cabotaje;24;;24
2025-04;EPA - RCQ;Fuerza A‚rea Argentina;Cabotaje;13;;13
2025-04;EPA - RCQ;(en blanco);Cabotaje;33;;33
2025-04;EPA - RGL;Fuerza A‚rea Argentina;Cabotaje;46;;46
2025-04;EPA - TDL;Fuerza A‚rea Argentina;Cabotaje;2;;2
2025-04;EPA - USH;Fuerza A‚rea Argentina;Cabotaje;39;;39
2025-04;EQS - EQS;(en blanco);Cabotaje;2;;2
2025-04;EQS - EZE;Aerol¡neas Argentinas;Cabotaje;;584;584
2025-04;EQS - EZE;N/A;Cabotaje;;1;1
2025-04;EQS - EZE;(en blanco);Cabotaje;9;3;12
2025-04;EQS - FDO;N/A;Cabotaje;;3;3
2025-04;EQS - FDO;(en blanco);Cabotaje;2;8;10
2025-04;EQS - FTE;(en blanco);Cabotaje;3;;3
2025-04;EQS - GNR;(en blanco);Cabotaje;;2;2
2025-04;EQS - NQN;(en blanco);Cabotaje;7;1;8
2025-04;EQS - OLN;Ej‚rcito Argentino;Cabotaje;5;;5
2025-04;EQS - PMY;(en blanco);Cabotaje;1;;1
2025-04;EQS - REL;N/A;Cabotaje;;1;1
2025-04;EQS - REL;(en blanco);Cabotaje;5;;5
2025-04;EQS - SLA;(en blanco);Cabotaje;2;;2
2025-04;ESG - JUJ;N/A;Internacional;6;;6
2025-04;EZE - EZE;Flybondi;Cabotaje;;93;93
2025-04;EZE - FCO;Aerol¡neas Argentinas;Internacional;;7705;7705
2025-04;EZE - FCO;ITA Airways;Internacional;;22372;22372
2025-04;EZE - FDO;N/A;Cabotaje;5;5;10
2025-04;EZE - FDO;(en blanco);Cabotaje;11;2;13
2025-04;EZE - FLL;LATAM;Internacional;;3;3
2025-04;EZE - FLL;(en blanco);Internacional;12;;12
2025-04;EZE - FLN;Aerol¡neas Argentinas;Internacional;;163;163
2025-04;EZE - FLN;Flybondi;Internacional;;670;670
2025-04;EZE - FLN;Gol Transportes A‚reos;Internacional;;5583;5583
2025-04;EZE - FLN;JetSMART Airlines;Internacional;;50;50
2025-04;EZE - FMA;Aerol¡neas Argentinas;Cabotaje;;322;322
2025-04;EZE - FOR;Gol Transportes A‚reos;Internacional;;888;888
2025-04;EZE - FRA;KLM;Internacional;;281;281
2025-04;EZE - FRA;Lufthansa;Internacional;;18238;18238
2025-04;EZE - FRA;Lufthansa Cargo;Internacional;;6;6
2025-04;EZE - FTE;Aerol¡neas Argentinas;Cabotaje;;8386;8386
2025-04;EZE - FTE;Flybondi;Cabotaje;;3385;3385
2025-04;EZE - FTE;JetSMART Airlines;Cabotaje;;2243;2243
2025-04;EZE - FTE;N/A;Cabotaje;3;8;11
2025-04;EZE - FTE;(en blanco);Cabotaje;2;2;4
2025-04;EZE - FTY;N/A;Internacional;5;;5
2025-04;EZE - GIG;Aerol¡neas Argentinas;Internacional;;8323;8323
2025-04;EZE - GIG;British Airways;Internacional;;10863;10863
2025-04;EZE - GIG;Emirates Airline;Internacional;;10128;10128
2025-04;EZE - GIG;Flybondi;Internacional;;8373;8373
2025-04;EZE - GIG;Gol Transportes A‚reos;Internacional;;10785;10785
2025-04;EZE - GIG;JetSMART Airlines;Internacional;;13526;13526
2025-04;EZE - GIG;N/A;Internacional;;126;126
2025-04;EZE - GRU;Aerol¡neas Argentinas;Internacional;;260;260
2025-04;EZE - GRU;Air Canada;Internacional;;6876;6876
2025-04;EZE - GRU;Andes L¡neas A‚reas;Internacional;;182;182
2025-04;EZE - GRU;British Airways;Internacional;;685;685
2025-04;EZE - GRU;Ethiopian Airlines;Internacional;;11470;11470
2025-04;EZE - GRU;Flybondi;Internacional;;949;949
2025-04;EZE - GRU;Gol Transportes A‚reos;Internacional;;1771;1771
2025-04;EZE - GRU;Lufthansa;Internacional;;300;300
2025-04;EZE - GRU;N/A;Internacional;17;;17
2025-04;EZE - GRU;Swiss International Air Lines;Internacional;;3201;3201
2025-04;EZE - GRU;TAM Linhas A‚reas;Internacional;;6368;6368
2025-04;EZE - GRU;Turkish Airlines;Internacional;;12059;12059
2025-04;EZE - GYE;Aerol¡neas Argentinas;Internacional;;65;65
2025-04;EZE - GYE;Avianca;Internacional;;2337;2337
2025-04;EZE - GYE;Avianca Costa Rica;Internacional;;1780;1780
2025-04;EZE - GYE;LATAM Ecuador;Internacional;;233;233
2025-04;EZE - GYE;N/A;Internacional;;77;77
2025-04;EZE - IAH;United Airlines;Internacional;;14469;14469
2025-04;EZE - IGR;Aerol¡neas Argentinas;Cabotaje;;11795;11795
2025-04;EZE - IGR;Flybondi;Cabotaje;;5536;5536
2025-04;EZE - IGR;JetSMART Airlines;Cabotaje;;13529;13529
2025-04;EZE - IGR;N/A;Cabotaje;;1;1
2025-04;EZE - JFK;American Airlines;Internacional;;15050;15050
2025-04;EZE - JPA;Gol Transportes A‚reos;Internacional;;562;562
2025-04;EZE - JUJ;Aerol¡neas Argentinas;Cabotaje;;2212;2212
2025-04;EZE - JUJ;Flybondi;Cabotaje;;7165;7165
2025-04;EZE - LHR;British Airways;Internacional;;586;586
2025-04;EZE - LIM;Aerol¡neas Argentinas;Internacional;;138;138
2025-04;EZE - LIM;JetSMART Airlines;Internacional;;261;261
2025-04;EZE - LIM;LATAM;Internacional;;125;125
2025-04;EZE - LIM;LATAM Ecuador;Internacional;;6037;6037
2025-04;EZE - LIM;LATAM Per£;Internacional;;16296;16296
2025-04;EZE - LIM;Sky Airline;Internacional;;1225;1225
2025-04;EZE - LMMM;N/A;Internacional;;6;6
2025-04;EZE - LPA;N/A;Internacional;4;;4
2025-04;EZE - LPPV;N/A;Internacional;3;;3
2025-04;EZE - LTN;N/A;Internacional;1;1;2
2025-04;EZE - LUQ;Aerol¡neas Argentinas;Cabotaje;;29;29
2025-04;EZE - MAD;Aerol¡neas Argentinas;Internacional;;19103;19103
2025-04;EZE - MAD;Air Europa;Internacional;;18366;18366
2025-04;EZE - MAD;Iberia Airlines;Internacional;;48685;48685
2025-04;EZE - MCZ;Gol Transportes A‚reos;Internacional;;606;606
2025-04;EZE - MDE;Avianca;Internacional;;8623;8623
2025-04;EZE - MDQ;Aerol¡neas Argentinas;Cabotaje;;152;152
2025-04;EZE - MDQ;(en blanco);Cabotaje;;6;6
2025-04;EZE - MDZ;Aerol¡neas Argentinas;Cabotaje;;7403;7403
2025-04;EZE - MDZ;Andes L¡neas A‚reas;Cabotaje;;291;291
2025-04;EZE - MDZ;Flybondi;Cabotaje;;2214;2214
2025-04;EZE - MDZ;JetSMART Airlines;Cabotaje;;6844;6844
2025-04;EZE - MDZ;(en blanco);Cabotaje;3;;3
2025-04;EZE - MEX;Aerom‚xico;Internacional;;21576;21576
2025-04;EZE - MIA;Aerol¡neas Argentinas;Internacional;;25150;25150
2025-04;EZE - MIA;American Airlines;Internacional;;29345;29345
2025-04;EZE - MIA;N/A;Internacional;;6;6
2025-04;EZE - MIA;United Airlines;Internacional;;223;223
2025-04;EZE - MVD;American Jet;Internacional;38;;38
2025-04;EZE - MVD;Lufthansa;Internacional;;341;341
2025-04;EZE - MVD;Lufthansa Cargo;Internacional;;4;4
2025-04;EZE - MVD;N/A;Internacional;;6;6
2025-04;EZE - MVD;TAM Linhas A‚reas;Internacional;;129;129
2025-04;EZE - MVD;(en blanco);Internacional;;16;16
2025-04;EZE - NAT;(en blanco);Internacional;;4;4
2025-04;EZE - NCJ;American Jet;Cabotaje;;14;14
2025-04;EZE - NQN;Aerol¡neas Argentinas;Cabotaje;;4074;4074
2025-04;EZE - NQN;Flybondi;Cabotaje;;1163;1163
2025-04;EZE - NQN;JetSMART Airlines;Cabotaje;;1241;1241
2025-04;EZE - NQN;(en blanco);Cabotaje;8;3;11
2025-04;EZE - OPF;N/A;Internacional;;3;3
2025-04;EZE - PBI;N/A;Internacional;;6;6
2025-04;EZE - PDP;N/A;Internacional;4;2;6
2025-04;EZE - PDP;(en blanco);Internacional;4;9;13
2025-04;EZE - PLS;N/A;Internacional;;1;1
2025-04;EZE - PMY;Aerol¡neas Argentinas;Cabotaje;;83;83
2025-04;EZE - PNT;(en blanco);Internacional;;2;2
2025-04;EZE - PRA;American Jet;Cabotaje;4;13;17
2025-04;EZE - PRA;(en blanco);Cabotaje;;1;1
2025-04;EZE - PSS;Aerol¡neas Argentinas;Cabotaje;;1005;1005
2025-04;EZE - PSS;Flybondi;Cabotaje;;646;646
2025-04;EZE - PSS;(en blanco);Cabotaje;2;1;3
2025-04;EZE - PTY;Copa Airlines;Internacional;;36921;36921
2025-04;EZE - PTY;N/A;Internacional;;7848;7848
2025-04;EZE - PUJ;Aerol¡neas Argentinas;Internacional;;11824;11824
2025-04;EZE - PUJ;Arajet;Internacional;;9314;9314
2025-04;EZE - RAF;(en blanco);Cabotaje;1;2;3
2025-04;EZE - REC;Gol Transportes A‚reos;Internacional;;524;524
2025-04;EZE - REC;N/A;Internacional;;1;1
2025-04;EZE - REL;Aerol¡neas Argentinas;Cabotaje;;471;471
2025-04;EZE - RES;Aerol¡neas Argentinas;Cabotaje;;750;750
2025-04;EZE - RGA;Aerol¡neas Argentinas;Cabotaje;;1036;1036
2025-04;EZE - RGA;Flybondi;Cabotaje;;93;93
2025-04;EZE - RGL;Aerol¡neas Argentinas;Cabotaje;;147;147
2025-04;EZE - RGL;Flybondi;Cabotaje;;415;415
2025-04;EZE - ROS;Aerol¡neas Argentinas;Cabotaje;;1529;1529
2025-04;EZE - ROS;(en blanco);Cabotaje;3;3;6
2025-04;EZE - RSA;(en blanco);Cabotaje;13;31;44
2025-04;EZE - SA31;(en blanco);Cabotaje;5;;5
2025-04;EZE - SAEA;(en blanco);Cabotaje;6;;6
2025-04;EZE - SCL;Aerol¡neas Argentinas;Internacional;;292;292
2025-04;EZE - SCL;Andes L¡neas A‚reas;Internacional;;3;3
2025-04;EZE - SCL;JetSMART Airlines;Internacional;;1810;1810
2025-04;EZE - SCL;KLM;Internacional;;10826;10826
2025-04;EZE - SCL;LATAM;Internacional;;26079;26079
2025-04;EZE - SCL;N/A;Internacional;24;39;63
2025-04;EZE - SCL;Sky Airline;Internacional;;8604;8604
2025-04;EZE - SDE;Aerol¡neas Argentinas;Cabotaje;;391;391
2025-04;EZE - SDE;American Jet;Cabotaje;;25;25
2025-04;EZE - SDE;Flybondi;Cabotaje;;137;137
2025-04;EZE - SDQ;Arajet;Internacional;;177;177
2025-04;EZE - SFN;American Jet;Cabotaje;;1;1
2025-04;EZE - SFN;Andes L¡neas A‚reas;Cabotaje;;4;4
2025-04;EZE - SJD;N/A;Internacional;;5;5
2025-04;EZE - SLA;Aerol¡neas Argentinas;Cabotaje;;7440;7440
2025-04;EZE - SLA;Andes L¡neas A‚reas;Cabotaje;;360;360
2025-04;EZE - SLA;Flybondi;Cabotaje;;6122;6122
2025-04;EZE - SLA;JetSMART Airlines;Cabotaje;;1378;1378
2025-04;EZE - SRE;Boliviana de Aviacion;Internacional;;49;49
2025-04;EZE - SSA;Andes L¡neas A‚reas;Internacional;;288;288
2025-04;EZE - SSA;Gol Transportes A‚reos;Internacional;;636;636
2025-04;EZE - SSA;Sky Airline;Internacional;;2486;2486
2025-04;EZE - SUAA;(en blanco);Internacional;;10;10
2025-04;EZE - SUCM;(en blanco);Internacional;;2;2
2025-04;EZE - TDL;(en blanco);Cabotaje;3;;3
2025-04;EZE - TEB;N/A;Internacional;1;;1
2025-04;EZE - TET;N/A;Internacional;;1;1
2025-04;EZE - TFN;N/A;Internacional;3;;3
2025-04;EZE - TRU;N/A;Internacional;;1;1
2025-04;EZE - TUC;Aerol¡neas Argentinas;Cabotaje;;6931;6931
2025-04;EZE - TUC;Andes L¡neas A‚reas;Cabotaje;;106;106
2025-04;EZE - TUC;Flybondi;Cabotaje;;2043;2043
2025-04;EZE - TUC;JetSMART Airlines;Cabotaje;;5940;5940
2025-04;EZE - TUC;(en blanco);Cabotaje;;1;1
2025-04;EZE - TYS;N/A;Internacional;7;;7
2025-04;EZE - UAQ;Aerol¡neas Argentinas;Cabotaje;;183;183
2025-04;EZE - UAQ;American Jet;Cabotaje;;49;49
2025-04;EZE - UAQ;Flybondi;Cabotaje;;256;256
2025-04;EZE - UIO;Aerol¡neas Argentinas;Internacional;;175;175
2025-04;EZE - UIO;Avianca;Internacional;;2202;2202
2025-04;EZE - UIO;Avianca Costa Rica;Internacional;;2148;2148
2025-04;EZE - USH;Aerol¡neas Argentinas;Cabotaje;;10267;10267
2025-04;EZE - USH;Flybondi;Cabotaje;;2475;2475
2025-04;EZE - USH;JetSMART Airlines;Cabotaje;;1328;1328
2025-04;EZE - USH;(en blanco);Cabotaje;8;;8
2025-04;EZE - VDR;(en blanco);Cabotaje;4;5;9
2025-04;EZE - VVI;Boliviana de Aviacion;Internacional;;15582;15582
2025-04;EZE - VVI;LATAM Per£;Internacional;;123;123
2025-04;EZE - VVI;N/A;Internacional;3;168;171
2025-04;FDO - FDO;N/A;Cabotaje;3;1;4
2025-04;FDO - FDO;(en blanco);Cabotaje;38;21;59
2025-04;FDO - FLL;(en blanco);Internacional;3;;3
2025-04;FDO - FLN;N/A;Internacional;;8;8
2025-04;FDO - FLN;(en blanco);Internacional;15;2;17
2025-04;FDO - FMA;(en blanco);Cabotaje;7;5;12
2025-04;FDO - FTE;(en blanco);Cabotaje;4;8;12
2025-04;FDO - FXE;(en blanco);Internacional;6;;6
2025-04;FDO - GHU;N/A;Cabotaje;1;;1
2025-04;FDO - GHU;(en blanco);Cabotaje;5;1;6
2025-04;FDO - GIG;N/A;Internacional;;10;10
2025-04;FDO - GIG;(en blanco);Internacional;;2;2
2025-04;FDO - GPO;(en blanco);Cabotaje;5;4;9
2025-04;FDO - GRU;N/A;Internacional;1;2;3
2025-04;FDO - GRU;(en blanco);Internacional;21;2;23
2025-04;FDO - GYE;N/A;Internacional;14;2;16
2025-04;FDO - GYE;(en blanco);Internacional;16;6;22
2025-04;FDO - IGR;N/A;Cabotaje;;2;2
2025-04;FDO - IGR;(en blanco);Cabotaje;14;16;30
2025-04;FDO - IGU;N/A;Internacional;8;;8
2025-04;FDO - IGU;(en blanco);Internacional;1;;1
2025-04;FDO - IRJ;(en blanco);Cabotaje;10;3;13
2025-04;FDO - JNI;(en blanco);Cabotaje;2;1;3
2025-04;FDO - JUJ;N/A;Cabotaje;;4;4
2025-04;FDO - JUJ;(en blanco);Cabotaje;11;3;14
2025-04;FDO - LIM;(en blanco);Internacional;10;2;12
2025-04;FDO - LMMM;N/A;Internacional;12;;12
2025-04;FDO - LPG;(en blanco);Cabotaje;2;1;3
2025-04;FDO - LUQ;(en blanco);Cabotaje;8;5;13
2025-04;FDO - MDQ;(en blanco);Cabotaje;27;13;40
2025-04;FDO - MDX;American Jet;Cabotaje;;10;10
2025-04;FDO - MDX;(en blanco);Cabotaje;10;;10
2025-04;FDO - MDZ;N/A;Cabotaje;12;23;35
2025-04;FDO - MDZ;(en blanco);Cabotaje;60;30;90
2025-04;FDO - MJR;(en blanco);Cabotaje;4;6;10
2025-04;FDO - MOR;N/A;Cabotaje;;1;1
2025-04;FDO - MOR;(en blanco);Cabotaje;13;2;15
2025-04;FDO - MVD;Fuerza A‚rea Uruguaya;Internacional;3;;3
2025-04;FDO - MVD;N/A;Internacional;37;20;57
2025-04;FDO - MVD;(en blanco);Internacional;25;21;46
2025-04;FDO - NAT;Gestair;Internacional;1;;1
2025-04;FDO - NCJ;(en blanco);Cabotaje;5;3;8
2025-04;FDO - NQN;N/A;Cabotaje;4;3;7
2025-04;FDO - NQN;(en blanco);Cabotaje;35;43;78
2025-04;FDO - NVT;(en blanco);Internacional;7;;7
2025-04;FDO - OPF;(en blanco);Internacional;;16;16
2025-04;FDO - OVR;(en blanco);Cabotaje;1;1;2
2025-04;FDO - OYA;(en blanco);Cabotaje;6;;6
2025-04;FDO - OYO;(en blanco);Cabotaje;3;;3
2025-04;FDO - PDP;N/A;Internacional;75;91;166
2025-04;FDO - PDP;(en blanco);Internacional;565;175;740
2025-04;FDO - PEH;(en blanco);Cabotaje;1;;1
2025-04;FDO - PET;N/A;Internacional;4;;4
2025-04;FDO - PET;(en blanco);Internacional;2;;2
2025-04;FDO - PLS;(en blanco);Internacional;8;8;16
2025-04;FDO - PMQ;(en blanco);Cabotaje;5;14;19
2025-04;FDO - PMY;N/A;Cabotaje;;3;3
2025-04;FDO - PMY;(en blanco);Cabotaje;1;1;2
2025-04;FDO - PNT;(en blanco);Internacional;;4;4
2025-04;FDO - POA;N/A;Internacional;4;2;6
2025-04;FDO - PRA;(en blanco);Cabotaje;21;6;27
2025-04;FDO - PSS;N/A;Cabotaje;9;5;14
2025-04;FDO - PSS;(en blanco);Cabotaje;22;36;58
2025-04;FDO - PTY;N/A;Internacional;2;;2
2025-04;FDO - RAF;(en blanco);Cabotaje;10;2;12
2025-04;FDO - RCQ;N/A;Cabotaje;;3;3
2025-04;FDO - RCQ;(en blanco);Cabotaje;4;9;13
2025-04;FDO - RCU;N/A;Cabotaje;4;;4
2025-04;FDO - RCU;(en blanco);Cabotaje;8;4;12
2025-04;FDO - RDS;(en blanco);Cabotaje;;1;1
2025-04;FDO - REL;(en blanco);Cabotaje;20;5;25
2025-04;FDO - RES;N/A;Cabotaje;3;7;10
2025-04;FDO - RES;(en blanco);Cabotaje;6;4;10
2025-04;FDO - RGA;(en blanco);Cabotaje;;4;4
2025-04;FDO - RGL;N/A;Cabotaje;1;;1
2025-04;FDO - RGL;(en blanco);Cabotaje;18;10;28
2025-04;FDO - RLO;(en blanco);Cabotaje;3;;3
2025-04;FDO - ROS;American Jet;Cabotaje;;1;1
2025-04;FDO - ROS;(en blanco);Cabotaje;69;12;81
2025-04;FDO - RSA;N/A;Cabotaje;4;;4
2025-04;FDO - RSA;(en blanco);Cabotaje;91;48;139
2025-04;FDO - RSW;(en blanco);Internacional;;10;10
2025-04;FDO - SA02;(en blanco);Cabotaje;8;;8
2025-04;FDO - SA03;(en blanco);Cabotaje;3;;3
2025-04;FDO - SA04;N/A;Cabotaje;1;;1
2025-04;FDO - SA04;(en blanco);Cabotaje;10;8;18
2025-04;FDO - SA17;(en blanco);Cabotaje;2;1;3
2025-04;FDO - SA31;(en blanco);Cabotaje;2;;2
2025-04;FDO - SA32;(en blanco);Cabotaje;3;;3
2025-04;FDO - SA36;(en blanco);Cabotaje;;2;2
2025-04;FDO - SA40;(en blanco);Cabotaje;4;;4
2025-04;FDO - SAAN;(en blanco);Cabotaje;3;;3
2025-04;FDO - SACA;(en blanco);Cabotaje;4;;4
2025-04;FDO - SACD;(en blanco);Cabotaje;4;1;5
2025-04;FDO - SADQ;(en blanco);Cabotaje;;9;9
2025-04;FDO - SAEA;(en blanco);Cabotaje;7;4;11
2025-04;FDO - SANO;(en blanco);Cabotaje;1;1;2
2025-04;FDO - SAOE;(en blanco);Cabotaje;;1;1
2025-04;FDO - SAOL;(en blanco);Cabotaje;1;;1
2025-04;FDO - SAOM;(en blanco);Cabotaje;2;1;3
2025-04;FDO - SARV;N/A;Cabotaje;2;;2
2025-04;FDO - SAVO;(en blanco);Cabotaje;4;1;5
2025-04;FDO - SCL;N/A;Internacional;7;;7
2025-04;FDO - SCL;(en blanco);Internacional;11;17;28
2025-04;FDO - SDE;(en blanco);Cabotaje;24;1;25
2025-04;FDO - SFN;N/A;Cabotaje;4;2;6
2025-04;FDO - SFN;(en blanco);Cabotaje;16;13;29
2025-04;FDO - SJU;(en blanco);Internacional;;4;4
2025-04;FDO - SLA;American Jet;Cabotaje;;2;2
2025-04;FDO - SLA;N/A;Cabotaje;;9;9
2025-04;FDO - SLA;(en blanco);Cabotaje;20;46;66
2025-04;FDO - SSA;(en blanco);Internacional;2;2;4
2025-04;FDO - STY;(en blanco);Internacional;;1;1
2025-04;FDO - SUAA;N/A;Internacional;8;5;13
2025-04;FDO - SUAA;(en blanco);Internacional;78;14;92
2025-04;FDO - SUCM;N/A;Internacional;11;3;14
2025-04;FDO - SUCM;(en blanco);Internacional;96;13;109
2025-04;FDO - TDL;(en blanco);Cabotaje;6;5;11
2025-04;FDO - TEB;(en blanco);Internacional;7;;7
2025-04;FDO - TUC;N/A;Cabotaje;5;1;6
2025-04;FDO - TUC;(en blanco);Cabotaje;42;11;53
2025-04;FDO - UAQ;N/A;Cabotaje;1;8;9
2025-04;FDO - UAQ;(en blanco);Cabotaje;8;13;21
2025-04;FDO - USH;N/A;Cabotaje;4;;4
2025-04;FDO - USH;(en blanco);Cabotaje;1;;1
2025-04;FDO - VCP;N/A;Internacional;4;;4
2025-04;FDO - VCP;(en blanco);Internacional;4;7;11
2025-04;FDO - VDM;N/A;Cabotaje;3;4;7
2025-04;FDO - VDM;(en blanco);Cabotaje;1;;1
2025-04;FDO - VMA;(en blanco);Cabotaje;1;;1
2025-04;FLL - IGR;N/A;Internacional;4;;4
2025-04;FLN - PSS;N/A;Internacional;6;;6
2025-04;FLN - PSS;(en blanco);Internacional;2;;2
2025-04;FMA - IGU;N/A;Internacional;4;;4
2025-04;FMA - MDX;(en blanco);Cabotaje;2;;2
2025-04;FMA - PSS;(en blanco);Cabotaje;5;;5
2025-04;FTE - FTE;N/A;Cabotaje;1;;1
2025-04;FTE - FTE;(en blanco);Cabotaje;20;;20
2025-04;FTE - MDZ;N/A;Cabotaje;;4;4
2025-04;FTE - PMQ;LADE - L¡neas A‚reas Del Estado;Cabotaje;8;21;29
2025-04;FTE - PNT;N/A;Internacional;3;;3
2025-04;FTE - PNT;(en blanco);Internacional;;4;4
2025-04;FTE - PUQ;N/A;Internacional;8;;8
2025-04;FTE - PUQ;(en blanco);Internacional;;9;9
2025-04;FTE - REL;(en blanco);Cabotaje;3;;3
2025-04;FTE - RGL;LADE - L¡neas A‚reas Del Estado;Cabotaje;20;102;122
2025-04;FTE - ROS;American Jet;Cabotaje;3;3;6
2025-04;FTE - RSA;N/A;Cabotaje;2;;2
2025-04;FTE - RSA;(en blanco);Cabotaje;3;;3
2025-04;FTE - RYO;(en blanco);Cabotaje;;2;2
2025-04;FTE - SCL;N/A;Internacional;16;3;19
2025-04;FTE - USH;Aerol¡neas Argentinas;Cabotaje;;10142;10142
2025-04;FTE - USH;Flybondi;Cabotaje;;1610;1610
2025-04;FTE - USH;LADE - L¡neas A‚reas Del Estado;Cabotaje;9;15;24
2025-04;GIG - IGR;American Jet;Internacional;;50;50
2025-04;GIG - IGR;N/A;Internacional;;4;4
2025-04;GIG - MDQ;N/A;Internacional;;4;4
2025-04;GIG - MDZ;(en blanco);Internacional;;8;8
2025-04;GIG - PSS;American Jet;Internacional;;25;25
2025-04;GIG - ROS;Aerol¡neas Argentinas;Internacional;;393;393
2025-04;GIG - ROS;Gol Transportes A‚reos;Internacional;;4508;4508
2025-04;GNR - NQN;(en blanco);Cabotaje;2;;2
2025-04;GPO - ROS;(en blanco);Cabotaje;1;;1
2025-04;GPO - RSA;(en blanco);Cabotaje;11;;11
2025-04;GRU - MDZ;Gol Transportes A‚reos;Internacional;;5144;5144
2025-04;GRU - MDZ;N/A;Internacional;5;;5
2025-04;GRU - MDZ;TAM Linhas A‚reas;Internacional;;4938;4938
2025-04;GRU - MDZ;(en blanco);Internacional;5;;5
2025-04;GRU - SLA;Aerol¡neas Argentinas;Internacional;;741;741
2025-04;GRU - SLA;(en blanco);Internacional;5;;5
2025-04;GYE - MDQ;(en blanco);Internacional;;1;1
2025-04;GYE - MDZ;(en blanco);Internacional;11;;11
2025-04;GYE - SFN;Andes L¡neas A‚reas;Internacional;110;;110
2025-04;GYN - SLA;N/A;Internacional;2;;2
2025-04;HOS - NQN;(en blanco);Cabotaje;4;;4
2025-04;IGR - IGR;(en blanco);Cabotaje;;7;7
2025-04;IGR - MCZ;(en blanco);Internacional;;4;4
2025-04;IGR - MDZ;N/A;Cabotaje;2;2;4
2025-04;IGR - PSS;Ej‚rcito Argentino;Cabotaje;1;;1
2025-04;IGR - PSS;(en blanco);Cabotaje;1;2;3
2025-04;IGR - RES;JetSMART Airlines;Cabotaje;;2;2
2025-04;IGR - ROS;Aerol¡neas Argentinas;Cabotaje;;872;872
2025-04;IGR - ROS;(en blanco);Cabotaje;;5;5
2025-04;IGR - SDE;American Jet;Cabotaje;;50;50
2025-04;IGR - SJU;N/A;Internacional;;4;4
2025-04;IGR - SLA;Aerol¡neas Argentinas;Cabotaje;;1343;1343
2025-04;IGR - SLA;N/A;Cabotaje;1;1;2
2025-04;IGU - MDZ;N/A;Internacional;18;;18
2025-04;IGU - MDZ;(en blanco);Internacional;36;;36
2025-04;IGU - PRA;(en blanco);Internacional;;12;12
2025-04;IGU - ROS;(en blanco);Internacional;8;;8
2025-04;IGU - TUC;(en blanco);Internacional;10;;10
2025-04;IRJ - IRJ;(en blanco);Cabotaje;1;;1
2025-04;IRJ - MDZ;(en blanco);Cabotaje;4;;4
2025-04;IRJ - NQN;(en blanco);Cabotaje;13;;13
2025-04;IRJ - SDE;(en blanco);Cabotaje;2;;2
2025-04;IRJ - SLA;(en blanco);Cabotaje;6;1;7
2025-04;IRJ - TUC;(en blanco);Cabotaje;6;;6
2025-04;JUJ - JUJ;(en blanco);Cabotaje;2;;2
2025-04;JUJ - MDZ;American Jet;Cabotaje;25;68;93
2025-04;JUJ - MOR;N/A;Cabotaje;1;;1
2025-04;JUJ - MOR;(en blanco);Cabotaje;1;;1
2025-04;JUJ - NAS;N/A;Internacional;4;;4
2025-04;JUJ - SACD;(en blanco);Cabotaje;2;;2
2025-04;JUJ - SDE;(en blanco);Cabotaje;2;;2
2025-04;JUJ - SLA;Aerol¡neas Argentinas;Cabotaje;;43;43
2025-04;JUJ - SLA;N/A;Cabotaje;3;5;8
2025-04;JUJ - SLA;(en blanco);Cabotaje;8;;8
2025-04;JUJ - TUC;(en blanco);Cabotaje;9;1;10
2025-04;LGS - SA16;(en blanco);Cabotaje;1;;1
2025-04;LHS - RGL;(en blanco);Cabotaje;2;;2
2025-04;LIM - MDZ;Aerol¡neas Argentinas;Internacional;;118;118
2025-04;LIM - MDZ;LATAM Per£;Internacional;;5036;5036
2025-04;LIM - ROS;LATAM Per£;Internacional;;3432;3432
2025-04;LIM - ROS;(en blanco);Internacional;8;;8
2025-04;LIM - SLA;LATAM Per£;Internacional;;5653;5653
2025-04;LMMM - MDZ;N/A;Internacional;16;;16
2025-04;LPG - MDQ;(en blanco);Cabotaje;12;3;15
2025-04;LUQ - MDZ;(en blanco);Cabotaje;3;;3
2025-04;LUQ - OVR;(en blanco);Cabotaje;4;;4
2025-04;MDQ - MDZ;Aerol¡neas Argentinas;Cabotaje;;1432;1432
2025-04;MDQ - MOR;(en blanco);Cabotaje;;1;1
2025-04;MDQ - MVD;N/A;Internacional;1;;1
2025-04;MDQ - MVD;(en blanco);Internacional;;12;12
2025-04;MDQ - NEC;(en blanco);Cabotaje;2;;2
2025-04;MDQ - OVR;(en blanco);Cabotaje;;1;1
2025-04;MDQ - PDI;(en blanco);Cabotaje;4;;4
2025-04;MDQ - PDP;(en blanco);Internacional;;25;25
2025-04;MDQ - ROS;(en blanco);Cabotaje;2;;2
2025-04;MDQ - SAAN;(en blanco);Cabotaje;2;;2
2025-04;MDQ - SADZ;(en blanco);Cabotaje;;1;1
2025-04;MDQ - SAZD;(en blanco);Cabotaje;1;;1
2025-04;MDQ - USH;N/A;Cabotaje;2;2;4
2025-04;MDZ - MVD;Fuerza A‚rea Uruguaya;Internacional;7;;7
2025-04;MDZ - NQN;Aerol¡neas Argentinas;Cabotaje;;3845;3845
2025-04;MDZ - NQN;American Jet;Cabotaje;5;213;218
2025-04;MDZ - NQN;(en blanco);Cabotaje;1;2;3
2025-04;MDZ - NVT;N/A;Internacional;6;;6
2025-04;MDZ - PDP;(en blanco);Internacional;;5;5
2025-04;MDZ - POA;Aerol¡neas Argentinas;Internacional;;123;123
2025-04;MDZ - POA;N/A;Internacional;7;;7
2025-04;MDZ - PTY;Copa Airlines;Internacional;;5882;5882
2025-04;MDZ - RCQ;(en blanco);Cabotaje;66;;66
2025-04;MDZ - ROS;Aerol¡neas Argentinas;Cabotaje;;1331;1331
2025-04;MDZ - ROS;N/A;Cabotaje;9;;9
2025-04;MDZ - ROS;(en blanco);Cabotaje;14;;14
2025-04;MDZ - SA40;(en blanco);Cabotaje;1;;1
2025-04;MDZ - SAEA;(en blanco);Cabotaje;4;;4
2025-04;MDZ - SCL;Copa Airlines;Internacional;;133;133
2025-04;MDZ - SCL;JetSMART Airlines;Internacional;;5772;5772
2025-04;MDZ - SCL;LATAM;Internacional;;11386;11386
2025-04;MDZ - SCL;Sky Airline;Internacional;;11358;11358
2025-04;MDZ - SCL;(en blanco);Internacional;10;3;13
2025-04;MDZ - SDE;American Jet;Cabotaje;;79;79
2025-04;MDZ - SDE;(en blanco);Cabotaje;4;;4
2025-04;MDZ - SLA;Aerol¡neas Argentinas;Cabotaje;;1232;1232
2025-04;MDZ - SLA;JetSMART Airlines;Cabotaje;;4739;4739
2025-04;MDZ - SLA;N/A;Cabotaje;1;;1
2025-04;MDZ - SLA;(en blanco);Cabotaje;7;2;9
2025-04;MDZ - TUC;American Jet;Cabotaje;19;19;38
2025-04;MDZ - TUC;(en blanco);Cabotaje;;1;1
2025-04;MDZ - UAQ;(en blanco);Cabotaje;1;;1
2025-04;MDZ - VME;Fuerza A‚rea Argentina;Cabotaje;32;;32
2025-04;MDZ - VME;(en blanco);Cabotaje;30;;30
2025-04;MOR - MOR;(en blanco);Cabotaje;5;;5
2025-04;MOR - NQN;(en blanco);Cabotaje;2;;2
2025-04;MOR - RCU;(en blanco);Cabotaje;3;;3
2025-04;MOR - RSA;(en blanco);Cabotaje;3;;3
2025-04;MOR - SA04;(en blanco);Cabotaje;2;;2
2025-04;MOR - SA26;(en blanco);Cabotaje;1;;1
2025-04;MOR - SAVO;(en blanco);Cabotaje;2;;2
2025-04;MOR - SDE;(en blanco);Cabotaje;4;;4
2025-04;MOR - VDM;(en blanco);Cabotaje;2;;2
2025-04;MPN - RGL;LATAM;Cabotaje;;160;160
2025-04;NCJ - SFN;(en blanco);Cabotaje;;1;1
2025-04;NQN - NQN;American Jet;Cabotaje;;120;120
2025-04;NQN - NQN;(en blanco);Cabotaje;10;1;11
2025-04;NQN - OES;(en blanco);Cabotaje;2;;2
2025-04;NQN - OYO;(en blanco);Cabotaje;2;2;4
2025-04;NQN - RDS;(en blanco);Cabotaje;4;;4
2025-04;NQN - ROS;Aerol¡neas Argentinas;Cabotaje;;1128;1128
2025-04;NQN - ROS;(en blanco);Cabotaje;12;;12
2025-04;NQN - RSA;(en blanco);Cabotaje;4;;4
2025-04;NQN - SA38;(en blanco);Cabotaje;1;;1
2025-04;NQN - SCL;N/A;Internacional;1;;1
2025-04;NQN - SLA;JetSMART Airlines;Cabotaje;;6241;6241
2025-04;NQN - UAQ;(en blanco);Cabotaje;1;1;2
2025-04;NQN - VDM;N/A;Cabotaje;;2;2
2025-04;NVT - PSS;(en blanco);Internacional;2;;2
2025-04;NVT - USH;N/A;Internacional;;14;14
2025-04;OES - VDM;N/A;Cabotaje;3;1;4
2025-04;OES - VDM;(en blanco);Cabotaje;2;;2
2025-04;ORA - SLA;(en blanco);Cabotaje;30;1;31
2025-04;OVR - RCU;(en blanco);Cabotaje;3;;3
2025-04;OVR - TDL;(en blanco);Cabotaje;11;;11
2025-04;PCL - SLA;N/A;Internacional;2;;2
2025-04;PDP - PRA;(en blanco);Internacional;2;;2
2025-04;PDP - PSS;(en blanco);Internacional;1;;1
2025-04;PDP - ROS;N/A;Internacional;3;;3
2025-04;PDP - ROS;(en blanco);Internacional;41;;41
2025-04;PDP - SFN;(en blanco);Internacional;10;7;17
2025-04;PDP - SLA;(en blanco);Internacional;3;;3
2025-04;PET - ROS;N/A;Internacional;8;;8
2025-04;PMQ - RGL;(en blanco);Cabotaje;;4;4
2025-04;PMY - PMY;(en blanco);Cabotaje;;6;6
2025-04;POA - REL;(en blanco);Internacional;1;;1
2025-04;POA - ROS;N/A;Internacional;8;;8
2025-04;POA - ROS;(en blanco);Internacional;8;;8
2025-04;PRA - PRA;(en blanco);Cabotaje;2;;2
2025-04;PRA - RCQ;(en blanco);Cabotaje;10;;10
2025-04;PRA - RCU;(en blanco);Cabotaje;1;;1
2025-04;PRA - RES;(en blanco);Cabotaje;3;;3
2025-04;PRA - SFN;(en blanco);Cabotaje;4;;4
2025-04;PRA - TEB;N/A;Internacional;4;4;8
2025-04;PSS - PSS;Aerol¡neas Argentinas;Cabotaje;;48;48
2025-04;PSS - PSS;(en blanco);Cabotaje;16;1;17
2025-04;PSS - RAF;(en blanco);Cabotaje;;1;1
2025-04;PSS - RCQ;(en blanco);Cabotaje;2;2;4
2025-04;PSS - ROS;(en blanco);Cabotaje;12;;12
2025-04;PSS - SA02;(en blanco);Cabotaje;;4;4
2025-04;PSS - SA23;(en blanco);Cabotaje;6;;6
2025-04;PSS - SADO;Ej‚rcito Argentino;Cabotaje;1;;1
2025-04;PSS - SATO;(en blanco);Cabotaje;;1;1
2025-04;PSS - SDE;American Jet;Cabotaje;;38;38
2025-04;PSS - SLA;N/A;Cabotaje;3;3;6
2025-04;PSS - TUC;(en blanco);Cabotaje;3;;3
2025-04;PSS - UAQ;(en blanco);Cabotaje;4;;4
2025-04;PTY - ROS;Copa Airlines;Internacional;;9355;9355
2025-04;PUD - RGL;(en blanco);Cabotaje;1;;1
2025-04;PUJ - TUC;Aerol¡neas Argentinas;Internacional;;1066;1066
2025-04;RAF - RCQ;(en blanco);Cabotaje;;14;14
2025-04;RAF - ROS;(en blanco);Cabotaje;3;;3
2025-04;RAF - SFN;Ej‚rcito Argentino;Cabotaje;2;;2
2025-04;RAF - SFN;(en blanco);Cabotaje;2;;2
2025-04;RCQ - SLA;Fuerza A‚rea Argentina;Cabotaje;19;;19
2025-04;RCQ - SLA;(en blanco);Cabotaje;22;;22
2025-04;RCQ - UAQ;(en blanco);Cabotaje;;4;4
2025-04;RCU - SA17;(en blanco);Cabotaje;1;;1
2025-04;RCU - TUC;N/A;Cabotaje;5;4;9
2025-04;RCU - UAQ;(en blanco);Cabotaje;;2;2
2025-04;RCU - VME;Fuerza A‚rea Argentina;Cabotaje;1;;1
2025-04;RCU - VME;(en blanco);Cabotaje;1;;1
2025-04;RDS - ROS;(en blanco);Cabotaje;3;;3
2025-04;REL - RSA;American Jet;Cabotaje;19;10;29
2025-04;REL - USH;N/A;Cabotaje;1;;1
2025-04;REL - USH;(en blanco);Cabotaje;1;;1
2025-04;RES - SLA;(en blanco);Cabotaje;1;;1
2025-04;RGA - RGA;Fuerza A‚rea Argentina;Cabotaje;2;;2
2025-04;RGA - RGA;LADE - L¡neas A‚reas Del Estado;Cabotaje;;1;1
2025-04;RGA - RGL;LADE - L¡neas A‚reas Del Estado;Cabotaje;9;92;101
2025-04;RGA - SA33;(en blanco);Cabotaje;;1;1
2025-04;RGA - USH;Fuerza A‚rea Paraguaya;Cabotaje;5;;5
2025-04;RGA - USH;LADE - L¡neas A‚reas Del Estado;Cabotaje;5;57;62
2025-04;RGA - USH;(en blanco);Cabotaje;9;4;13
2025-04;RGA - VDM;N/A;Cabotaje;;3;3
2025-04;RGL - USH;Aerol¡neas Argentinas;Cabotaje;;37;37
2025-04;RGL - USH;LADE - L¡neas A‚reas Del Estado;Cabotaje;14;184;198
2025-04;RHD - SDE;(en blanco);Cabotaje;1;;1
2025-04;ROS - ROS;N/A;Cabotaje;5;;5
2025-04;ROS - ROS;(en blanco);Cabotaje;2;;2
2025-04;ROS - SFN;(en blanco);Cabotaje;1;1;2
2025-04;ROS - SLA;Aerol¡neas Argentinas;Cabotaje;;1166;1166
2025-04;ROS - SLA;(en blanco);Cabotaje;4;3;7
2025-04;ROS - SUCM;N/A;Internacional;2;;2
2025-04;ROS - TUC;N/A;Cabotaje;9;6;15
2025-04;ROS - TUC;(en blanco);Cabotaje;4;4;8
2025-04;ROS - UAQ;(en blanco);Cabotaje;2;;2
2025-04;ROS - VME;(en blanco);Cabotaje;10;;10
2025-04;RSA - RSA;(en blanco);Cabotaje;25;;25
2025-04;RSA - SA03;(en blanco);Cabotaje;3;;3
2025-04;RSA - TUC;(en blanco);Cabotaje;3;;3
2025-04;SA02 - SDE;(en blanco);Cabotaje;2;;2
2025-04;SA02 - SLA;N/A;Cabotaje;5;;5
2025-04;SA02 - SLA;(en blanco);Cabotaje;18;4;22
2025-04;SA16 - UAQ;(en blanco);Cabotaje;;1;1
2025-04;SA32 - SFN;(en blanco);Cabotaje;1;;1
2025-04;SA40 - UAQ;(en blanco);Cabotaje;;1;1
2025-04;SA42 - TUC;(en blanco);Cabotaje;2;;2
2025-04;SACD - SDE;(en blanco);Cabotaje;3;;3
2025-04;SACD - TUC;(en blanco);Cabotaje;1;;1
2025-04;SADO - SFN;Ej‚rcito Argentino;Cabotaje;3;;3
2025-04;SANO - SLA;(en blanco);Cabotaje;1;;1
2025-04;SANO - UAQ;(en blanco);Cabotaje;;1;1
2025-04;SAOM - SDE;(en blanco);Cabotaje;3;;3
2025-04;SCL - SFN;Andes L¡neas A‚reas;Internacional;;270;270
2025-04;SDE - SDE;(en blanco);Cabotaje;46;;46
2025-04;SDE - SFN;American Jet;Cabotaje;20;59;79
2025-04;SDE - SLA;N/A;Cabotaje;;1;1
2025-04;SDE - TUC;(en blanco);Cabotaje;5;;5
2025-04;SDE - VVI;American Jet;Internacional;;95;95
2025-04;SFN - UIO;Andes L¡neas A‚reas;Internacional;;111;111
2025-04;SLA - SLA;American Jet;Cabotaje;;30;30
2025-04;SLA - SLA;(en blanco);Cabotaje;12;6;18
2025-04;SLA - TTG;(en blanco);Cabotaje;20;8;28
2025-04;SLA - TUC;(en blanco);Cabotaje;1;14;15
2025-04;SLA - UAQ;(en blanco);Cabotaje;;4;4
2025-04;SLA - UYU;N/A;Internacional;3;;3
2025-04;TUC - TUC;(en blanco);Cabotaje;50;;50
2025-04;TUC - UAQ;(en blanco);Cabotaje;1;;1
2025-04;TUC - VVI;N/A;Internacional;3;;3
2025-04;UAQ - VMA;(en blanco);Cabotaje;;2;2
2025-05;3017 - SLA;(en blanco);Internacional;;888;888
2025-05;ACA - MDZ;N/A;Internacional;13;;13
2025-05;AEP - AFA;Aerol¡neas Argentinas;Cabotaje;;2943;2943
2025-05;AEP - AFA;(en blanco);Cabotaje;2;;2
2025-05;AEP - AQP;Aerol¡neas Argentinas;Internacional;;68;68
2025-05;AEP - AR-0185;(en blanco);Cabotaje;;1;1
2025-05;AEP - AR-0193;(en blanco);Cabotaje;2;;2
2025-05;AEP - AR-0199;(en blanco);Cabotaje;2;3;5
2025-05;AEP - AR-0318;(en blanco);Cabotaje;;2;2
2025-05;AEP - ASU;Aerol¡neas Argentinas;Internacional;;5621;5621
2025-05;AEP - ASU;Amaszonas;Internacional;;3749;3749
2025-05;AEP - ASU;JetSMART Airlines;Internacional;;5793;5793
2025-05;AEP - ASU;N/A;Internacional;39;12;51
2025-05;AEP - ASU;(en blanco);Internacional;;3;3
2025-05;AEP - BGA;Aerol¡neas Argentinas;Internacional;;113;113
2025-05;AEP - BHI;Aerol¡neas Argentinas;Cabotaje;;20828;20828
2025-05;AEP - BHI;Fuerza A‚rea Argentina;Cabotaje;18;;18
2025-05;AEP - BHI;JetSMART Airlines;Cabotaje;;76;76
2025-05;AEP - BHI;LADE - L¡neas A‚reas Del Estado;Cabotaje;;14;14
2025-05;AEP - BHI;N/A;Cabotaje;;12;12
2025-05;AEP - BHI;(en blanco);Cabotaje;49;;49
2025-05;AEP - BOG;Aerol¡neas Argentinas;Internacional;;5951;5951
2025-05;AEP - BOG;Avianca;Internacional;;4238;4238
2025-05;AEP - BRC;Aerol¡neas Argentinas;Cabotaje;;44931;44931
2025-05;AEP - BRC;Andes L¡neas A‚reas;Cabotaje;;694;694
2025-05;AEP - BRC;Flybondi;Cabotaje;;13731;13731
2025-05;AEP - BRC;JetSMART Airlines;Cabotaje;;31855;31855
2025-05;AEP - BRC;N/A;Cabotaje;;9;9
2025-05;AEP - BRC;(en blanco);Cabotaje;;3;3
2025-05;AEP - BSB;Fuerza A‚rea Brasilera;Internacional;12;;12
2025-05;AEP - BSB;Gol Transportes A‚reos;Internacional;;6119;6119
2025-05;AEP - BVB;Gol Transportes A‚reos;Internacional;;84;84
2025-05;AEP - CNF;Gol Transportes A‚reos;Internacional;;2057;2057
2025-05;AEP - CNQ;Aerol¡neas Argentinas;Cabotaje;;6489;6489
2025-05;AEP - CNQ;Flybondi;Cabotaje;;9667;9667
2025-05;AEP - CNQ;N/A;Cabotaje;4;10;14
2025-05;AEP - CNQ;(en blanco);Cabotaje;9;8;17
2025-05;AEP - COR;Aerol¡neas Argentinas;Cabotaje;;58920;58920
2025-05;AEP - COR;Andes L¡neas A‚reas;Cabotaje;;176;176
2025-05;AEP - COR;Flybondi;Cabotaje;;22212;22212
2025-05;AEP - COR;Fuerza A‚rea Argentina;Cabotaje;19;;19
2025-05;AEP - COR;JetSMART Airlines;Cabotaje;;44961;44961
2025-05;AEP - COR;N/A;Cabotaje;3;36;39
2025-05;AEP - COR;(en blanco);Cabotaje;41;19;60
2025-05;AEP - CPC;Aerol¡neas Argentinas;Cabotaje;;10695;10695
2025-05;AEP - CPC;Flybondi;Cabotaje;;142;142
2025-05;AEP - CPC;JetSMART Airlines;Cabotaje;;9976;9976
2025-05;AEP - CPC;N/A;Cabotaje;;1;1
2025-05;AEP - CRD;Aerol¡neas Argentinas;Cabotaje;;26245;26245
2025-05;AEP - CRD;Flybondi;Cabotaje;;4149;4149
2025-05;AEP - CRD;JetSMART Airlines;Cabotaje;;5929;5929
2025-05;AEP - CRD;N/A;Cabotaje;;14;14
2025-05;AEP - CRD;(en blanco);Cabotaje;1;2;3
2025-05;AEP - CTC;Aerol¡neas Argentinas;Cabotaje;;6436;6436
2025-05;AEP - CTC;Flybondi;Cabotaje;;250;250
2025-05;AEP - CTC;N/A;Cabotaje;2;2;4
2025-05;AEP - CTC;(en blanco);Cabotaje;6;6;12
2025-05;AEP - CWB;Aerol¡neas Argentinas;Internacional;;2485;2485
2025-05;AEP - CWB;American Jet;Internacional;;5;5
2025-05;AEP - CWB;Gol Transportes A‚reos;Internacional;;153;153
2025-05;AEP - CWB;N/A;Internacional;;8;8
2025-05;AEP - EPA;Fuerza A‚rea Argentina;Cabotaje;4;;4
2025-05;AEP - EPA;(en blanco);Cabotaje;19;;19
2025-05;AEP - EQS;Aerol¡neas Argentinas;Cabotaje;;4189;4189
2025-05;AEP - EQS;JetSMART Airlines;Cabotaje;;90;90
2025-05;AEP - EQS;N/A;Cabotaje;;4;4
2025-05;AEP - EQS;(en blanco);Cabotaje;2;5;7
2025-05;AEP - EZE;N/A;Cabotaje;;1;1
2025-05;AEP - FDO;American Jet;Cabotaje;1;;1
2025-05;AEP - FDO;N/A;Cabotaje;;69;69
2025-05;AEP - FDO;(en blanco);Cabotaje;5;7;12
2025-05;AEP - FLN;Flybondi;Internacional;;266;266
2025-05;AEP - FLN;Gol Transportes A‚reos;Internacional;;9780;9780
2025-05;AEP - FLN;JetSMART Airlines;Internacional;;5768;5768
2025-05;AEP - FMA;Aerol¡neas Argentinas;Cabotaje;;7942;7942
2025-05;AEP - FMA;N/A;Cabotaje;;11;11
2025-05;AEP - FMA;(en blanco);Cabotaje;;6;6
2025-05;AEP - FOR;Gol Transportes A‚reos;Internacional;;1317;1317
2025-05;AEP - FOR;TAM Linhas A‚reas;Internacional;;131;131
2025-05;AEP - FTE;Aerol¡neas Argentinas;Cabotaje;;19474;19474
2025-05;AEP - FTE;Flybondi;Cabotaje;;1212;1212
2025-05;AEP - GIG;Aerol¡neas Argentinas;Internacional;;28958;28958
2025-05;AEP - GIG;Brazilian Air Force;Internacional;11;;11
2025-05;AEP - GIG;Flybondi;Internacional;;8945;8945
2025-05;AEP - GIG;Fuerza A‚rea Brasilera;Internacional;6;;6
2025-05;AEP - GIG;Gol Transportes A‚reos;Internacional;;18124;18124
2025-05;AEP - GIG;JetSMART Airlines;Internacional;;15283;15283
2025-05;AEP - GIG;N/A;Internacional;;6;6
2025-05;AEP - GIG;TAM Linhas A‚reas;Internacional;;273;273
2025-05;AEP - GRU;Aerol¡neas Argentinas;Internacional;;18668;18668
2025-05;AEP - GRU;Flybondi;Internacional;;4589;4589
2025-05;AEP - GRU;Fuerza A‚rea Brasilera;Internacional;8;;8
2025-05;AEP - GRU;Gol Transportes A‚reos;Internacional;;42362;42362
2025-05;AEP - GRU;JetSMART Airlines;Internacional;;156;156
2025-05;AEP - GRU;N/A;Internacional;;2;2
2025-05;AEP - GRU;TAM Linhas A‚reas;Internacional;;44929;44929
2025-05;AEP - GYE;N/A;Internacional;;3;3
2025-05;AEP - IGR;Aerol¡neas Argentinas;Cabotaje;;45383;45383
2025-05;AEP - IGR;Flybondi;Cabotaje;;19493;19493
2025-05;AEP - IGR;JetSMART Airlines;Cabotaje;;41393;41393
2025-05;AEP - IGR;(en blanco);Cabotaje;;4;4
2025-05;AEP - IRJ;Aerol¡neas Argentinas;Cabotaje;;6720;6720
2025-05;AEP - IRJ;(en blanco);Cabotaje;2;8;10
2025-05;AEP - JUJ;Aerol¡neas Argentinas;Cabotaje;;17210;17210
2025-05;AEP - JUJ;Flybondi;Cabotaje;;7015;7015
2025-05;AEP - JUJ;N/A;Cabotaje;3;14;17
2025-05;AEP - JUJ;(en blanco);Cabotaje;13;2;15
2025-05;AEP - LIM;Aerol¡neas Argentinas;Internacional;;8597;8597
2025-05;AEP - LIM;Avianca;Internacional;;154;154
2025-05;AEP - LIM;JetSMART Airlines;Internacional;;9480;9480
2025-05;AEP - LIM;LATAM Per£;Internacional;;17031;17031
2025-05;AEP - LIM;Sky Airline;Internacional;;6654;6654
2025-05;AEP - LPG;(en blanco);Cabotaje;2;;2
2025-05;AEP - LUQ;Aerol¡neas Argentinas;Cabotaje;;4981;4981
2025-05;AEP - LUQ;N/A;Cabotaje;3;6;9
2025-05;AEP - LUQ;(en blanco);Cabotaje;3;;3
2025-05;AEP - MAD;(en blanco);Internacional;;2;2
2025-05;AEP - MAO;N/A;Internacional;;14;14
2025-05;AEP - MDQ;Aerol¡neas Argentinas;Cabotaje;;17514;17514
2025-05;AEP - MDQ;Flybondi;Cabotaje;;90;90
2025-05;AEP - MDQ;JetSMART Airlines;Cabotaje;;139;139
2025-05;AEP - MDQ;LADE - L¡neas A‚reas Del Estado;Cabotaje;65;60;125
2025-05;AEP - MDQ;N/A;Cabotaje;;2;2
2025-05;AEP - MDQ;(en blanco);Cabotaje;75;18;93
2025-05;AEP - MDZ;Aerol¡neas Argentinas;Cabotaje;;48609;48609
2025-05;AEP - MDZ;Andes L¡neas A‚reas;Cabotaje;;376;376
2025-05;AEP - MDZ;Flybondi;Cabotaje;;15068;15068
2025-05;AEP - MDZ;JetSMART Airlines;Cabotaje;;50262;50262
2025-05;AEP - MDZ;N/A;Cabotaje;4;71;75
2025-05;AEP - MDZ;(en blanco);Cabotaje;14;14;28
2025-05;AEP - MVD;Aerol¡neas Argentinas;Internacional;;12009;12009
2025-05;AEP - MVD;Avianca;Internacional;;178;178
2025-05;AEP - MVD;N/A;Internacional;;20;20
2025-05;AEP - MVD;(en blanco);Internacional;9;10;19
2025-05;AEP - NAT;Gol Transportes A‚reos;Internacional;;1364;1364
2025-05;AEP - NCJ;N/A;Cabotaje;;3;3
2025-05;AEP - NCJ;(en blanco);Cabotaje;1;;1
2025-05;AEP - NQN;Aerol¡neas Argentinas;Cabotaje;;39828;39828
2025-05;AEP - NQN;Flybondi;Cabotaje;;9441;9441
2025-05;AEP - NQN;JetSMART Airlines;Cabotaje;;29862;29862
2025-05;AEP - NQN;N/A;Cabotaje;;1;1
2025-05;AEP - NQN;(en blanco);Cabotaje;8;8;16
2025-05;AEP - OES;(en blanco);Cabotaje;;2;2
2025-05;AEP - OPF;N/A;Internacional;3;;3
2025-05;AEP - OVR;American Jet;Cabotaje;;3;3
2025-05;AEP - OVR;N/A;Cabotaje;;16;16
2025-05;AEP - PDP;Aerol¡neas Argentinas;Internacional;;3057;3057
2025-05;AEP - PDP;N/A;Internacional;;99;99
2025-05;AEP - PDP;(en blanco);Internacional;11;27;38
2025-05;AEP - PMQ;American Jet;Cabotaje;;131;131
2025-05;AEP - PMY;Aerol¡neas Argentinas;Cabotaje;;5739;5739
2025-05;AEP - PMY;Flybondi;Cabotaje;;3100;3100
2025-05;AEP - POA;Aerol¡neas Argentinas;Internacional;;3635;3635
2025-05;AEP - POA;Gol Transportes A‚reos;Internacional;;1548;1548
2025-05;AEP - POA;TAM Linhas A‚reas;Internacional;;345;345
2025-05;AEP - PRA;Aerol¡neas Argentinas;Cabotaje;;3755;3755
2025-05;AEP - PRA;N/A;Cabotaje;;5;5
2025-05;AEP - PRA;(en blanco);Cabotaje;5;6;11
2025-05;AEP - PSS;Aerol¡neas Argentinas;Cabotaje;;16166;16166
2025-05;AEP - PSS;Flybondi;Cabotaje;;10665;10665
2025-05;AEP - PSS;N/A;Cabotaje;;7;7
2025-05;AEP - PSS;(en blanco);Cabotaje;;3;3
2025-05;AEP - RAF;(en blanco);Cabotaje;1;2;3
2025-05;AEP - RCQ;(en blanco);Cabotaje;2;;2
2025-05;AEP - RCU;Aerol¡neas Argentinas;Cabotaje;;2031;2031
2025-05;AEP - RCU;N/A;Cabotaje;3;4;7
2025-05;AEP - RCU;(en blanco);Cabotaje;81;41;122
2025-05;AEP - REC;Gol Transportes A‚reos;Internacional;;2468;2468
2025-05;AEP - REL;Aerol¡neas Argentinas;Cabotaje;;17110;17110
2025-05;AEP - REL;Jet Aviation;Cabotaje;;174;174
2025-05;AEP - REL;JetSMART Airlines;Cabotaje;;4831;4831
2025-05;AEP - REL;N/A;Cabotaje;;3;3
2025-05;AEP - REL;(en blanco);Cabotaje;11;2;13
2025-05;AEP - RES;Aerol¡neas Argentinas;Cabotaje;;14148;14148
2025-05;AEP - RES;Fuerza A‚rea Argentina;Cabotaje;6;;6
2025-05;AEP - RES;JetSMART Airlines;Cabotaje;;6568;6568
2025-05;AEP - RES;N/A;Cabotaje;1;1;2
2025-05;AEP - RES;(en blanco);Cabotaje;2;2;4
2025-05;AEP - RGA;Aerol¡neas Argentinas;Cabotaje;;10496;10496
2025-05;AEP - RGA;N/A;Cabotaje;;17;17
2025-05;AEP - RGA;(en blanco);Cabotaje;1;1;2
2025-05;AEP - RGL;Aerol¡neas Argentinas;Cabotaje;;13234;13234
2025-05;AEP - RGL;Flybondi;Cabotaje;;702;702
2025-05;AEP - RGL;JetSMART Airlines;Cabotaje;;47;47
2025-05;AEP - RGL;N/A;Cabotaje;;5;5
2025-05;AEP - RGL;(en blanco);Cabotaje;3;4;7
2025-05;AEP - RHD;Aerol¡neas Argentinas;Cabotaje;;1314;1314
2025-05;AEP - RLO;Aerol¡neas Argentinas;Cabotaje;;1293;1293
2025-05;AEP - ROS;Aerol¡neas Argentinas;Cabotaje;;14208;14208
2025-05;AEP - ROS;N/A;Cabotaje;13;29;42
2025-05;AEP - ROS;(en blanco);Cabotaje;5;5;10
2025-05;AEP - RSA;Aerol¡neas Argentinas;Cabotaje;;3653;3653
2025-05;AEP - RSA;(en blanco);Cabotaje;9;;9
2025-05;AEP - SA17;(en blanco);Cabotaje;3;2;5
2025-05;AEP - SA32;N/A;Cabotaje;;20;20
2025-05;AEP - SA32;(en blanco);Cabotaje;;4;4
2025-05;AEP - SA40;(en blanco);Cabotaje;1;1;2
2025-05;AEP - SCL;Aerol¡neas Argentinas;Internacional;;20685;20685
2025-05;AEP - SCL;JetSMART Airlines;Internacional;;19637;19637
2025-05;AEP - SCL;LATAM;Internacional;;31773;31773
2025-05;AEP - SCL;N/A;Internacional;8;10;18
2025-05;AEP - SCL;Sky Airline;Internacional;;17556;17556
2025-05;AEP - SCL;TAM Linhas A‚reas;Internacional;;308;308
2025-05;AEP - SCRL;Aerol¡neas Argentinas;Internacional;;73;73
2025-05;AEP - SDE;Aerol¡neas Argentinas;Cabotaje;;9731;9731
2025-05;AEP - SDE;American Jet;Cabotaje;;70;70
2025-05;AEP - SDE;Andes L¡neas A‚reas;Cabotaje;;79;79
2025-05;AEP - SDE;Flybondi;Cabotaje;;7697;7697
2025-05;AEP - SDE;(en blanco);Cabotaje;23;6;29
2025-05;AEP - SFN;Aerol¡neas Argentinas;Cabotaje;;7342;7342
2025-05;AEP - SFN;N/A;Cabotaje;;9;9
2025-05;AEP - SFN;(en blanco);Cabotaje;9;7;16
2025-05;AEP - SID;N/A;Internacional;;4;4
2025-05;AEP - SID;(en blanco);Internacional;;2;2
2025-05;AEP - SLA;Aerol¡neas Argentinas;Cabotaje;;36337;36337
2025-05;AEP - SLA;Andes L¡neas A‚reas;Cabotaje;;316;316
2025-05;AEP - SLA;Flybondi;Cabotaje;;9419;9419
2025-05;AEP - SLA;JetSMART Airlines;Cabotaje;;20573;20573
2025-05;AEP - SLA;(en blanco);Cabotaje;77;7;84
2025-05;AEP - SSA;Aerol¡neas Argentinas;Internacional;;2033;2033
2025-05;AEP - SSA;Gol Transportes A‚reos;Internacional;;3415;3415
2025-05;AEP - SUAA;(en blanco);Internacional;5;;5
2025-05;AEP - TDL;N/A;Cabotaje;;21;21
2025-05;AEP - TDL;(en blanco);Cabotaje;24;;24
2025-05;AEP - TFS;N/A;Internacional;4;;4
2025-05;AEP - TUC;Aerol¡neas Argentinas;Cabotaje;;28713;28713
2025-05;AEP - TUC;Flybondi;Cabotaje;;11755;11755
2025-05;AEP - TUC;JetSMART Airlines;Cabotaje;;9954;9954
2025-05;AEP - TUC;N/A;Cabotaje;8;16;24
2025-05;AEP - TUC;(en blanco);Cabotaje;71;8;79
2025-05;AEP - UAQ;Aerol¡neas Argentinas;Cabotaje;;10933;10933
2025-05;AEP - UAQ;Flybondi;Cabotaje;;4542;4542
2025-05;AEP - UAQ;N/A;Cabotaje;;9;9
2025-05;AEP - UAQ;(en blanco);Cabotaje;2;1;3
2025-05;AEP - USH;Aerol¡neas Argentinas;Cabotaje;;24817;24817
2025-05;AEP - USH;Flybondi;Cabotaje;;2668;2668
2025-05;AEP - USH;JetSMART Airlines;Cabotaje;;1208;1208
2025-05;AEP - VCP;N/A;Internacional;;5;5
2025-05;AEP - VDM;Aerol¡neas Argentinas;Cabotaje;;3003;3003
2025-05;AEP - VDM;N/A;Cabotaje;;2;2
2025-05;AEP - VDM;(en blanco);Cabotaje;1;1;2
2025-05;AEP - VMA;Aerol¡neas Argentinas;Cabotaje;;35;35
2025-05;AEP - VMA;N/A;Cabotaje;;1;1
2025-05;AEP - VMA;(en blanco);Cabotaje;;7;7
2025-05;AEP - VVI;Aerol¡neas Argentinas;Internacional;;1358;1358
2025-05;AFA - AFA;(en blanco);Cabotaje;2;;2
2025-05;AFA - FDO;(en blanco);Cabotaje;5;3;8
2025-05;AFA - LGS;(en blanco);Cabotaje;3;;3
2025-05;AGT - CNQ;(en blanco);Internacional;4;;4
2025-05;AGT - FDO;(en blanco);Internacional;3;;3
2025-05;AGT - PSS;(en blanco);Internacional;2;;2
2025-05;AGT - SLA;(en blanco);Internacional;2;;2
2025-05;AKL - COR;Amaszonas;Internacional;;28;28
2025-05;AMS - EZE;KLM;Internacional;;13952;13952
2025-05;APZ - NQN;(en blanco);Cabotaje;1;;1
2025-05;AQP - IRJ;Aerol¡neas Argentinas;Internacional;;71;71
2025-05;AR-0005 - FDO;(en blanco);Cabotaje;;1;1
2025-05;AR-0005 - MDQ;(en blanco);Cabotaje;;5;5
2025-05;AR-0005 - RES;(en blanco);Cabotaje;1;;1
2025-05;AR-0008 - EZE;Aerol¡neas Argentinas;Cabotaje;;41;41
2025-05;AR-0009 - CNQ;(en blanco);Cabotaje;2;;2
2025-05;AR-0009 - COR;(en blanco);Cabotaje;2;2;4
2025-05;AR-0009 - FDO;(en blanco);Cabotaje;5;4;9
2025-05;AR-0009 - RES;(en blanco);Cabotaje;2;;2
2025-05;AR-0010 - FDO;(en blanco);Cabotaje;3;;3
2025-05;AR-0014 - FDO;(en blanco);Cabotaje;6;;6
2025-05;AR-0014 - FMA;(en blanco);Cabotaje;2;2;4
2025-05;AR-0018 - FDO;(en blanco);Cabotaje;1;;1
2025-05;AR-0019 - CRD;(en blanco);Cabotaje;1;;1
2025-05;AR-0019 - RGA;(en blanco);Cabotaje;;4;4
2025-05;AR-0023 - FDO;(en blanco);Cabotaje;7;;7
2025-05;AR-0028 - FDO;N/A;Cabotaje;1;1;2
2025-05;AR-0028 - FDO;(en blanco);Cabotaje;1;;1
2025-05;AR-0028 - MDQ;(en blanco);Cabotaje;1;;1
2025-05;AR-0036 - FDO;(en blanco);Cabotaje;1;;1
2025-05;AR-0041 - FDO;(en blanco);Cabotaje;2;1;3
2025-05;AR-0049 - COR;(en blanco);Cabotaje;1;;1
2025-05;AR-0052 - CNQ;(en blanco);Cabotaje;7;;7
2025-05;AR-0052 - FDO;(en blanco);Cabotaje;5;;5
2025-05;AR-0052 - OYA;(en blanco);Cabotaje;1;;1
2025-05;AR-0052 - PSS;(en blanco);Cabotaje;1;;1
2025-05;AR-0052 - TUC;(en blanco);Cabotaje;3;;3
2025-05;AR-0053 - FDO;(en blanco);Cabotaje;2;;2
2025-05;AR-0061 - COR;(en blanco);Cabotaje;1;;1
2025-05;AR-0061 - MDQ;(en blanco);Cabotaje;;1;1
2025-05;AR-0062 - FDO;(en blanco);Cabotaje;2;;2
2025-05;AR-0063 - FDO;(en blanco);Cabotaje;1;;1
2025-05;AR-0072 - PSS;(en blanco);Cabotaje;2;;2
2025-05;AR-0077 - FDO;(en blanco);Cabotaje;1;;1
2025-05;AR-0080 - FDO;(en blanco);Cabotaje;1;4;5
2025-05;AR-0100 - PRA;(en blanco);Cabotaje;4;;4
2025-05;AR-0110 - FDO;(en blanco);Cabotaje;2;;2
2025-05;AR-0110 - GPO;(en blanco);Cabotaje;;2;2
2025-05;AR-0110 - PSS;(en blanco);Cabotaje;2;;2
2025-05;AR-0110 - SFN;(en blanco);Cabotaje;;2;2
2025-05;AR-0111 - FDO;(en blanco);Cabotaje;2;;2
2025-05;AR-0113 - BHI;(en blanco);Cabotaje;2;;2
2025-05;AR-0114 - FDO;(en blanco);Cabotaje;2;;2
2025-05;AR-0123 - FDO;N/A;Cabotaje;1;;1
2025-05;AR-0124 - COR;(en blanco);Cabotaje;3;;3
2025-05;AR-0141 - FDO;(en blanco);Cabotaje;1;;1
2025-05;AR-0142 - FDO;(en blanco);Cabotaje;5;;5
2025-05;AR-0150 - FDO;(en blanco);Cabotaje;1;;1
2025-05;AR-0154 - RGL;(en blanco);Cabotaje;;3;3
2025-05;AR-0155 - RGL;(en blanco);Cabotaje;;1;1
2025-05;AR-0159 - SLA;(en blanco);Cabotaje;1;;1
2025-05;AR-0166 - COR;(en blanco);Cabotaje;1;;1
2025-05;AR-0168 - FDO;(en blanco);Cabotaje;4;1;5
2025-05;AR-0168 - ROS;(en blanco);Cabotaje;5;;5
2025-05;AR-0174 - COR;(en blanco);Cabotaje;3;;3
2025-05;AR-0174 - EZE;(en blanco);Cabotaje;4;;4
2025-05;AR-0175 - EPA;(en blanco);Cabotaje;;1;1
2025-05;AR-0175 - ROS;(en blanco);Cabotaje;2;;2
2025-05;AR-0184 - EZE;(en blanco);Cabotaje;;11;11
2025-05;AR-0184 - FDO;(en blanco);Cabotaje;;1;1
2025-05;AR-0194 - SLA;(en blanco);Cabotaje;1;;1
2025-05;AR-0199 - EZE;(en blanco);Cabotaje;;1;1
2025-05;AR-0201 - EZE;(en blanco);Cabotaje;;3;3
2025-05;AR-0210 - PSS;(en blanco);Cabotaje;5;;5
2025-05;AR-0211 - COR;(en blanco);Cabotaje;1;;1
2025-05;AR-0211 - EZE;(en blanco);Cabotaje;;4;4
2025-05;AR-0211 - FDO;(en blanco);Cabotaje;5;2;7
2025-05;AR-0211 - ROS;(en blanco);Cabotaje;1;;1
2025-05;AR-0211 - TUC;(en blanco);Cabotaje;1;;1
2025-05;AR-0212 - FDO;(en blanco);Cabotaje;9;;9
2025-05;AR-0212 - SLA;(en blanco);Cabotaje;6;;6
2025-05;AR-0213 - FDO;(en blanco);Cabotaje;1;1;2
2025-05;AR-0216 - ROS;(en blanco);Cabotaje;1;;1
2025-05;AR-0218 - EPA;(en blanco);Cabotaje;;1;1
2025-05;AR-0218 - FDO;(en blanco);Cabotaje;2;;2
2025-05;AR-0218 - PRA;(en blanco);Cabotaje;;1;1
2025-05;AR-0231 - SFN;(en blanco);Cabotaje;3;;3
2025-05;AR-0232 - GPO;(en blanco);Cabotaje;1;;1
2025-05;AR-0236 - BRC;(en blanco);Cabotaje;3;;3
2025-05;AR-0240 - FDO;(en blanco);Cabotaje;1;;1
2025-05;AR-0252 - EZE;(en blanco);Cabotaje;1;1;2
2025-05;AR-0252 - FDO;(en blanco);Cabotaje;1;;1
2025-05;AR-0252 - MOR;(en blanco);Cabotaje;4;;4
2025-05;AR-0253 - FDO;(en blanco);Cabotaje;2;;2
2025-05;AR-0253 - PSS;(en blanco);Cabotaje;1;;1
2025-05;AR-0267 - FDO;(en blanco);Cabotaje;3;;3
2025-05;AR-0287 - FDO;(en blanco);Cabotaje;1;;1
2025-05;AR-0289 - EZE;(en blanco);Cabotaje;;2;2
2025-05;AR-0289 - PRA;(en blanco);Cabotaje;2;;2
2025-05;AR-0296 - FDO;(en blanco);Cabotaje;;1;1
2025-05;AR-0313 - FDO;(en blanco);Cabotaje;5;2;7
2025-05;AR-0313 - GPO;(en blanco);Cabotaje;3;;3
2025-05;AR-0318 - COR;(en blanco);Cabotaje;;1;1
2025-05;AR-0318 - MDZ;(en blanco);Cabotaje;3;2;5
2025-05;AR-0318 - RLO;(en blanco);Cabotaje;1;;1
2025-05;AR-0320 - SLA;(en blanco);Cabotaje;1;;1
2025-05;AR-0320 - TUC;(en blanco);Cabotaje;1;;1
2025-05;AR-0321 - ROS;(en blanco);Cabotaje;1;;1
2025-05;AR-0332 - EZE;(en blanco);Cabotaje;2;;2
2025-05;AR-0333 - COR;(en blanco);Cabotaje;1;;1
2025-05;AR-0333 - LGS;(en blanco);Cabotaje;1;;1
2025-05;AR-0333 - NQN;(en blanco);Cabotaje;1;;1
2025-05;AR-0333 - UAQ;(en blanco);Cabotaje;2;;2
2025-05;AR-0336 - PSS;(en blanco);Cabotaje;1;;1
2025-05;AR-0343 - FDO;(en blanco);Cabotaje;3;1;4
2025-05;AR-0350 - FDO;(en blanco);Cabotaje;1;;1
2025-05;AR-0355 - BHI;(en blanco);Cabotaje;3;;3
2025-05;AR-0369 - NQN;American Jet;Cabotaje;;275;275
2025-05;AR-0370 - RHD;(en blanco);Cabotaje;;1;1
2025-05;AR-0370 - SLA;(en blanco);Cabotaje;1;;1
2025-05;AR-0370 - TUC;(en blanco);Cabotaje;1;;1
2025-05;AR-0373 - FDO;(en blanco);Cabotaje;1;1;2
2025-05;AR-0382 - SFN;(en blanco);Cabotaje;;2;2
2025-05;AR-0385 - EZE;(en blanco);Cabotaje;3;;3
2025-05;AR-0395 - MDQ;(en blanco);Cabotaje;2;;2
2025-05;AR-0424 - COR;(en blanco);Cabotaje;1;;1
2025-05;AR-0424 - RHD;(en blanco);Cabotaje;;2;2
2025-05;AR-0424 - SLA;Ej‚rcito Argentino;Cabotaje;15;;15
2025-05;AR-0424 - SLA;(en blanco);Cabotaje;6;;6
2025-05;AR-0446 - FDO;(en blanco);Cabotaje;1;4;5
2025-05;AR-0448 - CNQ;(en blanco);Cabotaje;1;;1
2025-05;ARI - FDO;(en blanco);Internacional;4;4;8
2025-05;ASU - CNQ;N/A;Internacional;3;;3
2025-05;ASU - CNQ;(en blanco);Internacional;2;;2
2025-05;ASU - COR;Air Europa;Internacional;;122;122
2025-05;ASU - COR;Amaszonas;Internacional;;906;906
2025-05;ASU - COR;LATAM;Internacional;;179;179
2025-05;ASU - COR;N/A;Internacional;;5;5
2025-05;ASU - COR;(en blanco);Internacional;17;20;37
2025-05;ASU - EZE;(en blanco);Internacional;5;;5
2025-05;ASU - FDO;Gestair;Internacional;2;;2
2025-05;ASU - FDO;N/A;Internacional;7;;7
2025-05;ASU - FDO;(en blanco);Internacional;47;16;63
2025-05;ASU - FMA;(en blanco);Internacional;1;;1
2025-05;ASU - IGR;N/A;Internacional;1;;1
2025-05;ASU - JUJ;Amaszonas;Internacional;;212;212
2025-05;ASU - MDZ;Aerol¡neas Argentinas;Internacional;;57;57
2025-05;ASU - MDZ;N/A;Internacional;6;4;10
2025-05;ASU - PSS;(en blanco);Internacional;1;;1
2025-05;ASU - ROS;N/A;Internacional;1;5;6
2025-05;ASU - SLA;Amaszonas;Internacional;;382;382
2025-05;ASU - SLA;N/A;Internacional;13;;13
2025-05;ASU - SLA;(en blanco);Internacional;;5;5
2025-05;ASU - TUC;(en blanco);Internacional;4;;4
2025-05;ATL - EZE;Delta Air Lines;Internacional;;15036;15036
2025-05;ATL - EZE;N/A;Internacional;;5;5
2025-05;AUA - EZE;N/A;Internacional;;1;1
2025-05;BBA - EQS;(en blanco);Internacional;6;;6
2025-05;BCN - EZE;Iberia Airlines;Internacional;;12849;12849
2025-05;BDS - EZE;N/A;Internacional;;5;5
2025-05;BHI - BRC;LADE - L¡neas A‚reas Del Estado;Cabotaje;49;210;259
2025-05;BHI - BRC;(en blanco);Cabotaje;35;;35
2025-05;BHI - COR;(en blanco);Cabotaje;5;1;6
2025-05;BHI - CPC;N/A;Cabotaje;;1;1
2025-05;BHI - CRD;American Jet;Cabotaje;;9;9
2025-05;BHI - CRD;LADE - L¡neas A‚reas Del Estado;Cabotaje;20;59;79
2025-05;BHI - EZE;Aerol¡neas Argentinas;Cabotaje;;1329;1329
2025-05;BHI - EZE;(en blanco);Cabotaje;;7;7
2025-05;BHI - FDO;American Jet;Cabotaje;9;9;18
2025-05;BHI - FDO;(en blanco);Cabotaje;7;5;12
2025-05;BHI - LPG;(en blanco);Cabotaje;2;;2
2025-05;BHI - MDQ;LADE - L¡neas A‚reas Del Estado;Cabotaje;102;128;230
2025-05;BHI - MDQ;(en blanco);Cabotaje;5;;5
2025-05;BHI - NQN;(en blanco);Cabotaje;5;;5
2025-05;BHI - PUD;N/A;Cabotaje;;1;1
2025-05;BHI - REL;American Jet;Cabotaje;;17;17
2025-05;BHI - REL;(en blanco);Cabotaje;16;;16
2025-05;BHI - SACD;(en blanco);Cabotaje;;2;2
2025-05;BOG - EZE;Avianca;Internacional;;29513;29513
2025-05;BOG - FDO;(en blanco);Internacional;;3;3
2025-05;BOS - MDZ;N/A;Internacional;6;;6
2025-05;BPS - EZE;Gol Transportes A‚reos;Internacional;;1140;1140
2025-05;BQH - BRC;N/A;Internacional;4;;4
2025-05;BRC - COR;Aerol¡neas Argentinas;Cabotaje;;4116;4116
2025-05;BRC - COR;Flybondi;Cabotaje;;3719;3719
2025-05;BRC - CPC;N/A;Cabotaje;;1;1
2025-05;BRC - CPC;(en blanco);Cabotaje;;2;2
2025-05;BRC - EQS;(en blanco);Cabotaje;4;2;6
2025-05;BRC - EZE;Aerol¡neas Argentinas;Cabotaje;;11900;11900
2025-05;BRC - EZE;Andes L¡neas A‚reas;Cabotaje;;1528;1528
2025-05;BRC - EZE;Flybondi;Cabotaje;;3736;3736
2025-05;BRC - EZE;JetSMART Airlines;Cabotaje;;14288;14288
2025-05;BRC - EZE;Lufthansa;Cabotaje;;85;85
2025-05;BRC - FDO;N/A;Cabotaje;11;8;19
2025-05;BRC - FDO;(en blanco);Cabotaje;32;32;64
2025-05;BRC - GNR;(en blanco);Cabotaje;2;;2
2025-05;BRC - LUQ;(en blanco);Cabotaje;5;;5
2025-05;BRC - MDQ;(en blanco);Cabotaje;5;;5
2025-05;BRC - MDZ;Aerol¡neas Argentinas;Cabotaje;;2376;2376
2025-05;BRC - MDZ;N/A;Cabotaje;3;;3
2025-05;BRC - NQN;(en blanco);Cabotaje;39;2;41
2025-05;BRC - PMQ;(en blanco);Cabotaje;1;;1
2025-05;BRC - PMY;(en blanco);Cabotaje;;1;1
2025-05;BRC - SUAA;(en blanco);Internacional;1;;1
2025-05;BSB - EZE;Gol Transportes A‚reos;Internacional;;1566;1566
2025-05;BSB - UAQ;N/A;Internacional;12;;12
2025-05;CBB - EZE;Boliviana de Aviacion;Internacional;;300;300
2025-05;CCP - NQN;(en blanco);Internacional;14;;14
2025-05;CDG - EZE;Air France;Internacional;;17139;17139
2025-05;CGR - MDZ;N/A;Internacional;8;;8
2025-05;CGR - MDZ;(en blanco);Internacional;9;;9
2025-05;CJC - FDO;(en blanco);Internacional;15;15;30
2025-05;CJC - IGR;(en blanco);Internacional;;4;4
2025-05;CLO - EZE;Aerol¡neas Argentinas;Internacional;;171;171
2025-05;CNF - EZE;Aerol¡neas Argentinas;Internacional;;68;68
2025-05;CNF - FDO;(en blanco);Internacional;4;;4
2025-05;CNF - SFN;Aerol¡neas Argentinas;Internacional;;237;237
2025-05;CNQ - CNQ;(en blanco);Cabotaje;4;;4
2025-05;CNQ - COR;(en blanco);Cabotaje;11;2;13
2025-05;CNQ - CWB;N/A;Internacional;7;;7
2025-05;CNQ - EZE;Aerol¡neas Argentinas;Cabotaje;;79;79
2025-05;CNQ - EZE;Flybondi;Cabotaje;;258;258
2025-05;CNQ - FDO;(en blanco);Cabotaje;31;3;34
2025-05;CNQ - FMA;(en blanco);Cabotaje;4;;4
2025-05;CNQ - IGU;N/A;Internacional;9;;9
2025-05;CNQ - MDX;(en blanco);Cabotaje;2;;2
2025-05;CNQ - MDZ;(en blanco);Cabotaje;2;;2
2025-05;CNQ - NVT;N/A;Internacional;5;;5
2025-05;CNQ - PRA;(en blanco);Cabotaje;;2;2
2025-05;CNQ - PSS;Flybondi;Cabotaje;;57;57
2025-05;CNQ - PSS;(en blanco);Cabotaje;3;;3
2025-05;CNQ - RES;(en blanco);Cabotaje;3;;3
2025-05;CNQ - SA23;(en blanco);Cabotaje;3;;3
2025-05;CNQ - SA26;(en blanco);Cabotaje;2;;2
2025-05;CNQ - SDE;(en blanco);Cabotaje;3;;3
2025-05;CNQ - TUC;(en blanco);Cabotaje;8;;8
2025-05;COR - COR;N/A;Cabotaje;1;;1
2025-05;COR - COR;(en blanco);Cabotaje;21;;21
2025-05;COR - CRD;Aerol¡neas Argentinas;Cabotaje;;2001;2001
2025-05;COR - CTC;(en blanco);Cabotaje;3;6;9
2025-05;COR - EPA;(en blanco);Cabotaje;4;;4
2025-05;COR - EZE;Aerol¡neas Argentinas;Cabotaje;;10247;10247
2025-05;COR - EZE;American Jet;Cabotaje;2;2;4
2025-05;COR - EZE;Andes L¡neas A‚reas;Cabotaje;;130;130
2025-05;COR - EZE;Copa Airlines;Cabotaje;;68;68
2025-05;COR - EZE;Flybondi;Cabotaje;;1789;1789
2025-05;COR - EZE;JetSMART Airlines;Cabotaje;;961;961
2025-05;COR - EZE;N/A;Cabotaje;45;12;57
2025-05;COR - EZE;(en blanco);Cabotaje;7;11;18
2025-05;COR - FAA EJERCITO ARGENTINO;(en blanco);Internacional;2;;2
2025-05;COR - FDO;American Jet;Cabotaje;;17;17
2025-05;COR - FDO;Flybondi;Cabotaje;;89;89
2025-05;COR - FDO;N/A;Cabotaje;8;1;9
2025-05;COR - FDO;(en blanco);Cabotaje;75;48;123
2025-05;COR - GIG;Aerol¡neas Argentinas;Internacional;;2242;2242
2025-05;COR - GIG;Gol Transportes A‚reos;Internacional;;6652;6652
2025-05;COR - GRU;Aerol¡neas Argentinas;Internacional;;247;247
2025-05;COR - GRU;Copa Airlines;Internacional;;144;144
2025-05;COR - GRU;Gol Transportes A‚reos;Internacional;;4042;4042
2025-05;COR - IAH;N/A;Internacional;21;;21
2025-05;COR - IGR;Aerol¡neas Argentinas;Cabotaje;;3375;3375
2025-05;COR - IGU;N/A;Internacional;11;;11
2025-05;COR - IRJ;(en blanco);Cabotaje;34;;34
2025-05;COR - JUJ;Aerol¡neas Argentinas;Cabotaje;;2734;2734
2025-05;COR - JUJ;(en blanco);Cabotaje;4;;4
2025-05;COR - LIM;JetSMART Airlines;Internacional;;272;272
2025-05;COR - LIM;LATAM Per£;Internacional;;9130;9130
2025-05;COR - LUQ;(en blanco);Cabotaje;2;;2
2025-05;COR - MAD;Air Europa;Internacional;;8048;8048
2025-05;COR - MCZ;Flybondi;Internacional;;116;116
2025-05;COR - MDQ;Aerol¡neas Argentinas;Cabotaje;;69;69
2025-05;COR - MDQ;Fuerza A‚rea Argentina;Cabotaje;14;;14
2025-05;COR - MDZ;Aerol¡neas Argentinas;Cabotaje;;7520;7520
2025-05;COR - MDZ;(en blanco);Cabotaje;8;1;9
2025-05;COR - MVD;N/A;Internacional;;6;6
2025-05;COR - NCJ;(en blanco);Cabotaje;5;;5
2025-05;COR - NQN;Aerol¡neas Argentinas;Cabotaje;;6723;6723
2025-05;COR - NQN;Flybondi;Cabotaje;;4741;4741
2025-05;COR - NQN;(en blanco);Cabotaje;7;3;10
2025-05;COR - PDP;N/A;Internacional;2;;2
2025-05;COR - PSS;N/A;Cabotaje;4;;4
2025-05;COR - PSS;(en blanco);Cabotaje;1;1;2
2025-05;COR - PTY;Copa Airlines;Internacional;;17966;17966
2025-05;COR - PUJ;Aerol¡neas Argentinas;Internacional;;3436;3436
2025-05;COR - RAF;(en blanco);Cabotaje;3;2;5
2025-05;COR - RCU;N/A;Cabotaje;4;;4
2025-05;COR - RCU;(en blanco);Cabotaje;13;3;16
2025-05;COR - REC;Gol Transportes A‚reos;Internacional;;1076;1076
2025-05;COR - RGL;(en blanco);Cabotaje;;4;4
2025-05;COR - RHD;(en blanco);Cabotaje;2;2;4
2025-05;COR - ROS;Copa Airlines;Cabotaje;;146;146
2025-05;COR - ROS;(en blanco);Cabotaje;6;8;14
2025-05;COR - SA05;(en blanco);Cabotaje;1;;1
2025-05;COR - SA17;(en blanco);Cabotaje;;2;2
2025-05;COR - SACD;(en blanco);Cabotaje;3;2;5
2025-05;COR - SAOL;(en blanco);Cabotaje;3;;3
2025-05;COR - SAOM;(en blanco);Cabotaje;1;;1
2025-05;COR - SCL;LATAM;Internacional;;11011;11011
2025-05;COR - SCL;N/A;Internacional;6;1;7
2025-05;COR - SDE;(en blanco);Cabotaje;6;;6
2025-05;COR - SLA;Aerol¡neas Argentinas;Cabotaje;;4417;4417
2025-05;COR - SLA;Flybondi;Cabotaje;;4408;4408
2025-05;COR - SLA;JetSMART Airlines;Cabotaje;;86;86
2025-05;COR - SLA;(en blanco);Cabotaje;5;7;12
2025-05;COR - SUAA;(en blanco);Internacional;2;;2
2025-05;COR - TLC;N/A;Internacional;10;10;20
2025-05;COR - TUC;Aerol¡neas Argentinas;Cabotaje;;2841;2841
2025-05;COR - TUC;Flybondi;Cabotaje;;90;90
2025-05;COR - TUC;N/A;Cabotaje;3;3;6
2025-05;COR - TUC;(en blanco);Cabotaje;11;8;19
2025-05;COR - UAQ;N/A;Cabotaje;;10;10
2025-05;COR - VDR;(en blanco);Cabotaje;6;1;7
2025-05;COR - VMA;(en blanco);Cabotaje;1;;1
2025-05;CPA - EZE;N/A;Internacional;;3;3
2025-05;CPC - EQS;(en blanco);Cabotaje;2;;2
2025-05;CPC - FDO;(en blanco);Cabotaje;7;5;12
2025-05;CPC - GNR;(en blanco);Cabotaje;1;;1
2025-05;CPC - NQN;(en blanco);Cabotaje;9;5;14
2025-05;CPC - RSA;(en blanco);Cabotaje;2;;2
2025-05;CPC - VDM;(en blanco);Cabotaje;5;;5
2025-05;CRD - EZE;Aerol¡neas Argentinas;Cabotaje;;1531;1531
2025-05;CRD - EZE;Flybondi;Cabotaje;;633;633
2025-05;CRD - EZE;JetSMART Airlines;Cabotaje;;131;131
2025-05;CRD - FDO;(en blanco);Cabotaje;7;5;12
2025-05;CRD - FTE;LADE - L¡neas A‚reas Del Estado;Cabotaje;30;102;132
2025-05;CRD - FTE;(en blanco);Cabotaje;2;3;5
2025-05;CRD - NQN;Aerol¡neas Argentinas;Cabotaje;;4173;4173
2025-05;CRD - NQN;(en blanco);Cabotaje;2;;2
2025-05;CRD - PMQ;LADE - L¡neas A‚reas Del Estado;Cabotaje;39;34;73
2025-05;CRD - REL;American Jet;Cabotaje;;17;17
2025-05;CRD - REL;(en blanco);Cabotaje;8;4;12
2025-05;CRD - RGA;N/A;Cabotaje;;1;1
2025-05;CRD - RGA;(en blanco);Cabotaje;6;;6
2025-05;CRD - RGL;(en blanco);Cabotaje;;5;5
2025-05;CRD - RSA;(en blanco);Cabotaje;1;;1
2025-05;CSZ - EZE;(en blanco);Cabotaje;;2;2
2025-05;CSZ - FDO;(en blanco);Cabotaje;3;1;4
2025-05;CTC - CTC;(en blanco);Cabotaje;5;;5
2025-05;CTC - EZE;Aerol¡neas Argentinas;Cabotaje;;52;52
2025-05;CTC - FDO;N/A;Cabotaje;3;3;6
2025-05;CTC - FDO;(en blanco);Cabotaje;31;;31
2025-05;CTC - IRJ;Aerol¡neas Argentinas;Cabotaje;;957;957
2025-05;CTC - JUJ;(en blanco);Cabotaje;6;;6
2025-05;CTC - PRA;(en blanco);Cabotaje;3;;3
2025-05;CTC - RCQ;(en blanco);Cabotaje;2;;2
2025-05;CTC - SLA;(en blanco);Cabotaje;51;3;54
2025-05;CTC - TUC;(en blanco);Cabotaje;3;;3
2025-05;CTC - VMA;(en blanco);Cabotaje;1;1;2
2025-05;CUC - EZE;Aerol¡neas Argentinas;Internacional;;59;59
2025-05;CUC - SDE;Aerol¡neas Argentinas;Internacional;;55;55
2025-05;CUN - EZE;Aerol¡neas Argentinas;Internacional;;10070;10070
2025-05;CUT - NQN;(en blanco);Cabotaje;4;;4
2025-05;CYR - FDO;(en blanco);Internacional;10;;10
2025-05;DZO - FDO;Fuerza A‚rea Uruguaya;Internacional;2;;2
2025-05;DZO - FDO;(en blanco);Internacional;;2;2
2025-05;DZO - FTE;(en blanco);Internacional;;6;6
2025-05;ELO - IGR;(en blanco);Cabotaje;;1;1
2025-05;ELO - PSS;(en blanco);Cabotaje;6;3;9
2025-05;ENO - EPA;Fuerza A‚rea Argentina;Cabotaje;2;;2
2025-05;EOH - EZE;Avianca;Internacional;;175;175
2025-05;EPA - EPA;Fuerza A‚rea Argentina;Cabotaje;2;;2
2025-05;EPA - EPA;(en blanco);Cabotaje;2;;2
2025-05;EPA - FDO;(en blanco);Cabotaje;;1;1
2025-05;EPA - LPG;(en blanco);Cabotaje;;1;1
2025-05;EPA - MDQ;Fuerza A‚rea Argentina;Cabotaje;11;;11
2025-05;EPA - MDQ;(en blanco);Cabotaje;11;;11
2025-05;EPA - MDZ;(en blanco);Cabotaje;13;;13
2025-05;EPA - MOR;(en blanco);Cabotaje;5;;5
2025-05;EPA - PRA;(en blanco);Cabotaje;18;;18
2025-05;EPA - PSS;(en blanco);Cabotaje;70;;70
2025-05;EPA - RCQ;Fuerza A‚rea Argentina;Cabotaje;2;;2
2025-05;EPA - RGA;Fuerza A‚rea Argentina;Cabotaje;5;;5
2025-05;EPA - VDM;(en blanco);Cabotaje;;2;2
2025-05;EQS - EZE;Aerol¡neas Argentinas;Cabotaje;;336;336
2025-05;EQS - FDO;(en blanco);Cabotaje;7;;7
2025-05;EQS - NQN;(en blanco);Cabotaje;2;;2
2025-05;EQS - REL;N/A;Cabotaje;;2;2
2025-05;EQS - RSA;(en blanco);Cabotaje;2;;2
2025-05;ESG - FDO;(en blanco);Internacional;3;;3
2025-05;EZE - EZE;Aerol¡neas Argentinas;Cabotaje;;134;134
2025-05;EZE - EZE;Copa Airlines;Cabotaje;;78;78
2025-05;EZE - EZE;Flybondi;Cabotaje;;70;70
2025-05;EZE - FAA EJERCITO ARGENTINO;(en blanco);Internacional;8;17;25
2025-05;EZE - FCO;Aerol¡neas Argentinas;Internacional;;8617;8617
2025-05;EZE - FCO;Air Europa;Internacional;;286;286
2025-05;EZE - FCO;Air France;Internacional;;215;215
2025-05;EZE - FCO;ITA Airways;Internacional;;23950;23950
2025-05;EZE - FDO;American Jet;Cabotaje;;1;1
2025-05;EZE - FDO;(en blanco);Cabotaje;10;8;18
2025-05;EZE - FLN;Flybondi;Internacional;;143;143
2025-05;EZE - FLN;Gol Transportes A‚reos;Internacional;;1841;1841
2025-05;EZE - FLN;N/A;Internacional;;14;14
2025-05;EZE - FMA;Aerol¡neas Argentinas;Cabotaje;;656;656
2025-05;EZE - FOR;Gol Transportes A‚reos;Internacional;;1095;1095
2025-05;EZE - FOR;Iberia Airlines;Internacional;;342;342
2025-05;EZE - FRA;Lufthansa;Internacional;;19598;19598
2025-05;EZE - FRA;Lufthansa Cargo;Internacional;;9;9
2025-05;EZE - FTE;Aerol¡neas Argentinas;Cabotaje;;5685;5685
2025-05;EZE - FTE;Andes L¡neas A‚reas;Cabotaje;;298;298
2025-05;EZE - FTE;Flybondi;Cabotaje;;3790;3790
2025-05;EZE - GIG;Aerol¡neas Argentinas;Internacional;;151;151
2025-05;EZE - GIG;Air Canada;Internacional;;161;161
2025-05;EZE - GIG;British Airways;Internacional;;8739;8739
2025-05;EZE - GIG;Emirates Airline;Internacional;;8820;8820
2025-05;EZE - GIG;Flybondi;Internacional;;7302;7302
2025-05;EZE - GIG;Gol Transportes A‚reos;Internacional;;10587;10587
2025-05;EZE - GIG;JetSMART Airlines;Internacional;;2230;2230
2025-05;EZE - GIG;N/A;Internacional;;211;211
2025-05;EZE - GIG;TAM Linhas A‚reas;Internacional;;99;99
2025-05;EZE - GRU;Aerol¡neas Argentinas;Internacional;;68;68
2025-05;EZE - GRU;Air Canada;Internacional;;5599;5599
2025-05;EZE - GRU;British Airways;Internacional;;381;381
2025-05;EZE - GRU;Emirates Airline;Internacional;;334;334
2025-05;EZE - GRU;Ethiopian Airlines;Internacional;;10056;10056
2025-05;EZE - GRU;Flybondi;Internacional;;642;642
2025-05;EZE - GRU;Gol Transportes A‚reos;Internacional;;1007;1007
2025-05;EZE - GRU;Lufthansa;Internacional;;578;578
2025-05;EZE - GRU;N/A;Internacional;13;7;20
2025-05;EZE - GRU;Swiss International Air Lines;Internacional;;2154;2154
2025-05;EZE - GRU;TAM Linhas A‚reas;Internacional;;5818;5818
2025-05;EZE - GRU;Turkish Airlines;Internacional;;11579;11579
2025-05;EZE - GRU;(en blanco);Internacional;;38;38
2025-05;EZE - GYE;Aerol¡neas Argentinas;Internacional;;149;149
2025-05;EZE - GYE;Avianca;Internacional;;2042;2042
2025-05;EZE - GYE;Avianca Costa Rica;Internacional;;2325;2325
2025-05;EZE - GYE;LATAM Ecuador;Internacional;;222;222
2025-05;EZE - GYE;N/A;Internacional;;3;3
2025-05;EZE - GYE;(en blanco);Internacional;4;;4
2025-05;EZE - HOU;N/A;Internacional;8;;8
2025-05;EZE - IAH;United Airlines;Internacional;;14871;14871
2025-05;EZE - IGR;Aerol¡neas Argentinas;Cabotaje;;11772;11772
2025-05;EZE - IGR;Flybondi;Cabotaje;;7534;7534
2025-05;EZE - IGR;JetSMART Airlines;Cabotaje;;9917;9917
2025-05;EZE - IGR;(en blanco);Cabotaje;;4;4
2025-05;EZE - JFK;American Airlines;Internacional;;15485;15485
2025-05;EZE - JPA;Gol Transportes A‚reos;Internacional;;488;488
2025-05;EZE - JUJ;Aerol¡neas Argentinas;Cabotaje;;2736;2736
2025-05;EZE - JUJ;Flybondi;Cabotaje;;6809;6809
2025-05;EZE - LAX;N/A;Internacional;;2;2
2025-05;EZE - LBG;(en blanco);Internacional;3;;3
2025-05;EZE - LHR;British Airways;Internacional;;286;286
2025-05;EZE - LIM;Avianca;Internacional;;180;180
2025-05;EZE - LIM;LATAM Ecuador;Internacional;;6409;6409
2025-05;EZE - LIM;LATAM Per£;Internacional;;16436;16436
2025-05;EZE - LIM;Sky Airline;Internacional;;1181;1181
2025-05;EZE - LIR;N/A;Internacional;;13;13
2025-05;EZE - LMMM;N/A;Internacional;4;;4
2025-05;EZE - LPA;N/A;Internacional;;3;3
2025-05;EZE - LPG;(en blanco);Cabotaje;;1;1
2025-05;EZE - LTN;N/A;Internacional;4;;4
2025-05;EZE - LUQ;(en blanco);Cabotaje;;3;3
2025-05;EZE - MAD;Aerol¡neas Argentinas;Internacional;;22407;22407
2025-05;EZE - MAD;Air Europa;Internacional;;19472;19472
2025-05;EZE - MAD;Iberia Airlines;Internacional;;51823;51823
2025-05;EZE - MCZ;Gol Transportes A‚reos;Internacional;;671;671
2025-05;EZE - MDE;Avianca;Internacional;;9549;9549
2025-05;EZE - MDX;(en blanco);Cabotaje;;2;2
2025-05;EZE - MDZ;Aerol¡neas Argentinas;Cabotaje;;9467;9467
2025-05;EZE - MDZ;American Jet;Cabotaje;;2;2
2025-05;EZE - MDZ;Andes L¡neas A‚reas;Cabotaje;;513;513
2025-05;EZE - MDZ;Flybondi;Cabotaje;;2740;2740
2025-05;EZE - MDZ;JetSMART Airlines;Cabotaje;;3774;3774
2025-05;EZE - MDZ;N/A;Cabotaje;;14;14
2025-05;EZE - MEX;Aerom‚xico;Internacional;;14809;14809
2025-05;EZE - MIA;Aerol¡neas Argentinas;Internacional;;26182;26182
2025-05;EZE - MIA;American Airlines;Internacional;;30090;30090
2025-05;EZE - MIA;N/A;Internacional;;4;4
2025-05;EZE - MID;Aerol¡neas Argentinas;Internacional;;214;214
2025-05;EZE - MVD;Aerol¡neas Argentinas;Internacional;;128;128
2025-05;EZE - MVD;Air Europa;Internacional;;263;263
2025-05;EZE - MVD;Andes L¡neas A‚reas;Internacional;;89;89
2025-05;EZE - MVD;Iberia Airlines;Internacional;;480;480
2025-05;EZE - MVD;LATAM;Internacional;;151;151
2025-05;EZE - MVD;Lufthansa Cargo;Internacional;;3;3
2025-05;EZE - MVD;N/A;Internacional;12;11;23
2025-05;EZE - MVD;TAM Linhas A‚reas;Internacional;;107;107
2025-05;EZE - MVD;(en blanco);Internacional;3;14;17
2025-05;EZE - NAT;N/A;Internacional;;2;2
2025-05;EZE - NQN;Aerol¡neas Argentinas;Cabotaje;;5420;5420
2025-05;EZE - NQN;Flybondi;Cabotaje;;262;262
2025-05;EZE - NQN;JetSMART Airlines;Cabotaje;;2589;2589
2025-05;EZE - NQN;(en blanco);Cabotaje;7;;7
2025-05;EZE - OPF;N/A;Internacional;;12;12
2025-05;EZE - OVR;American Jet;Cabotaje;;2;2
2025-05;EZE - PDP;(en blanco);Internacional;;12;12
2025-05;EZE - PEH;(en blanco);Cabotaje;;5;5
2025-05;EZE - PMY;Aerol¡neas Argentinas;Cabotaje;;84;84
2025-05;EZE - PMY;Flybondi;Cabotaje;;121;121
2025-05;EZE - PRA;(en blanco);Cabotaje;4;9;13
2025-05;EZE - PSS;Aerol¡neas Argentinas;Cabotaje;;1304;1304
2025-05;EZE - PSS;Flybondi;Cabotaje;;670;670
2025-05;EZE - PTK;N/A;Internacional;;2;2
2025-05;EZE - PTY;Arajet;Internacional;;150;150
2025-05;EZE - PTY;Boliviana de Aviacion;Internacional;;150;150
2025-05;EZE - PTY;Copa Airlines;Internacional;;38363;38363
2025-05;EZE - PTY;N/A;Internacional;;8166;8166
2025-05;EZE - PUJ;Aerol¡neas Argentinas;Internacional;;12537;12537
2025-05;EZE - PUJ;Arajet;Internacional;;9297;9297
2025-05;EZE - PUJ;Avianca Costa Rica;Internacional;;179;179
2025-05;EZE - PUQ;N/A;Internacional;;2;2
2025-05;EZE - RAF;(en blanco);Cabotaje;;3;3
2025-05;EZE - RCQ;(en blanco);Cabotaje;;16;16
2025-05;EZE - RCU;(en blanco);Cabotaje;2;2;4
2025-05;EZE - REL;Aerol¡neas Argentinas;Cabotaje;;120;120
2025-05;EZE - REL;JetSMART Airlines;Cabotaje;;140;140
2025-05;EZE - RES;Aerol¡neas Argentinas;Cabotaje;;1177;1177
2025-05;EZE - RES;JetSMART Airlines;Cabotaje;;111;111
2025-05;EZE - RGA;Aerol¡neas Argentinas;Cabotaje;;183;183
2025-05;EZE - RGA;Fuerza A‚rea Argentina;Cabotaje;4;;4
2025-05;EZE - RGL;Flybondi;Cabotaje;;193;193
2025-05;EZE - RGL;N/A;Cabotaje;;2;2
2025-05;EZE - RGL;(en blanco);Cabotaje;1;;1
2025-05;EZE - RHD;(en blanco);Cabotaje;;1;1
2025-05;EZE - RLO;(en blanco);Cabotaje;4;4;8
2025-05;EZE - ROS;Aerol¡neas Argentinas;Cabotaje;;1765;1765
2025-05;EZE - ROS;American Jet;Cabotaje;;74;74
2025-05;EZE - ROS;Boliviana de Aviacion;Cabotaje;;59;59
2025-05;EZE - ROS;N/A;Cabotaje;;3;3
2025-05;EZE - ROS;(en blanco);Cabotaje;6;5;11
2025-05;EZE - RSA;(en blanco);Cabotaje;2;3;5
2025-05;EZE - SA17;(en blanco);Cabotaje;;2;2
2025-05;EZE - SAZE;(en blanco);Cabotaje;;2;2
2025-05;EZE - SCL;Aerol¡neas Argentinas;Internacional;;69;69
2025-05;EZE - SCL;British Airways;Internacional;;174;174
2025-05;EZE - SCL;JetSMART Airlines;Internacional;;1840;1840
2025-05;EZE - SCL;KLM;Internacional;;8345;8345
2025-05;EZE - SCL;LATAM;Internacional;;24670;24670
2025-05;EZE - SCL;N/A;Internacional;2;8;10
2025-05;EZE - SCL;Sky Airline;Internacional;;4298;4298
2025-05;EZE - SCL;(en blanco);Internacional;;40;40
2025-05;EZE - SDE;Aerol¡neas Argentinas;Cabotaje;;603;603
2025-05;EZE - SDE;American Jet;Cabotaje;;50;50
2025-05;EZE - SDE;Andes L¡neas A‚reas;Cabotaje;;79;79
2025-05;EZE - SDE;Flybondi;Cabotaje;;187;187
2025-05;EZE - SDE;(en blanco);Cabotaje;3;6;9
2025-05;EZE - SFN;N/A;Cabotaje;3;8;11
2025-05;EZE - SFN;(en blanco);Cabotaje;;1;1
2025-05;EZE - SJU;N/A;Internacional;;8;8
2025-05;EZE - SJU;(en blanco);Internacional;1;;1
2025-05;EZE - SLA;Aerol¡neas Argentinas;Cabotaje;;8483;8483
2025-05;EZE - SLA;Andes L¡neas A‚reas;Cabotaje;;335;335
2025-05;EZE - SLA;Flybondi;Cabotaje;;4237;4237
2025-05;EZE - SLA;JetSMART Airlines;Cabotaje;;1219;1219
2025-05;EZE - SLA;(en blanco);Cabotaje;1;1;2
2025-05;EZE - SSA;Sky Airline;Internacional;;1736;1736
2025-05;EZE - SUAA;(en blanco);Internacional;;1;1
2025-05;EZE - TDL;(en blanco);Cabotaje;1;;1
2025-05;EZE - TEB;N/A;Internacional;;2;2
2025-05;EZE - TER;Air France;Internacional;;281;281
2025-05;EZE - TUC;Aerol¡neas Argentinas;Cabotaje;;6297;6297
2025-05;EZE - TUC;American Jet;Cabotaje;30;28;58
2025-05;EZE - TUC;Flybondi;Cabotaje;;1990;1990
2025-05;EZE - TUC;JetSMART Airlines;Cabotaje;;4432;4432
2025-05;EZE - TUC;N/A;Cabotaje;3;8;11
2025-05;EZE - UAQ;Aerol¡neas Argentinas;Cabotaje;;630;630
2025-05;EZE - UAQ;Flybondi;Cabotaje;;557;557
2025-05;EZE - UIO;Aerol¡neas Argentinas;Internacional;;69;69
2025-05;EZE - UIO;Avianca;Internacional;;1774;1774
2025-05;EZE - UIO;Avianca Costa Rica;Internacional;;2083;2083
2025-05;EZE - UIO;LATAM Ecuador;Internacional;;144;144
2025-05;EZE - UIO;N/A;Internacional;;81;81
2025-05;EZE - USH;Aerol¡neas Argentinas;Cabotaje;;6938;6938
2025-05;EZE - USH;Flybondi;Cabotaje;;2797;2797
2025-05;EZE - USH;JetSMART Airlines;Cabotaje;;1136;1136
2025-05;EZE - VCP;Lufthansa Cargo;Internacional;;2;2
2025-05;EZE - VDR;(en blanco);Cabotaje;5;3;8
2025-05;EZE - VMA;(en blanco);Cabotaje;3;;3
2025-05;EZE - VVI;Boliviana de Aviacion;Internacional;;16021;16021
2025-05;EZE - VVI;N/A;Internacional;;142;142
2025-05;EZE - YYZ;N/A;Internacional;4;;4
2025-05;FAA EJERCITO ARGENTINO - FDO;(en blanco);Internacional;8;;8
2025-05;FDO - FDO;N/A;Cabotaje;1;;1
2025-05;FDO - FDO;(en blanco);Cabotaje;51;9;60
2025-05;FDO - FLL;N/A;Internacional;4;;4
2025-05;FDO - FLL;(en blanco);Internacional;4;;4
2025-05;FDO - FLN;(en blanco);Internacional;4;;4
2025-05;FDO - FMA;(en blanco);Cabotaje;1;5;6
2025-05;FDO - FOR;N/A;Internacional;;2;2
2025-05;FDO - FTE;N/A;Cabotaje;1;3;4
2025-05;FDO - FTE;(en blanco);Cabotaje;3;3;6
2025-05;FDO - FXE;N/A;Internacional;;4;4
2025-05;FDO - GHU;(en blanco);Cabotaje;5;;5
2025-05;FDO - GIG;(en blanco);Internacional;;19;19
2025-05;FDO - GNR;(en blanco);Cabotaje;;2;2
2025-05;FDO - GPO;(en blanco);Cabotaje;8;;8
2025-05;FDO - GRU;(en blanco);Internacional;10;;10
2025-05;FDO - GYE;N/A;Internacional;7;;7
2025-05;FDO - GYE;(en blanco);Internacional;4;2;6
2025-05;FDO - IGR;(en blanco);Cabotaje;3;7;10
2025-05;FDO - IGU;N/A;Internacional;;8;8
2025-05;FDO - IGU;(en blanco);Internacional;6;;6
2025-05;FDO - IRJ;N/A;Cabotaje;3;2;5
2025-05;FDO - IRJ;(en blanco);Cabotaje;10;;10
2025-05;FDO - JNI;(en blanco);Cabotaje;5;5;10
2025-05;FDO - JUJ;N/A;Cabotaje;3;5;8
2025-05;FDO - JUJ;(en blanco);Cabotaje;15;3;18
2025-05;FDO - KNA;(en blanco);Internacional;4;;4
2025-05;FDO - LGS;N/A;Cabotaje;;2;2
2025-05;FDO - LIM;(en blanco);Internacional;7;2;9
2025-05;FDO - LMMM;N/A;Internacional;19;13;32
2025-05;FDO - LMMM;(en blanco);Internacional;1;;1
2025-05;FDO - LPG;(en blanco);Cabotaje;2;1;3
2025-05;FDO - LUQ;(en blanco);Cabotaje;2;;2
2025-05;FDO - MDQ;(en blanco);Cabotaje;22;28;50
2025-05;FDO - MDX;(en blanco);Cabotaje;4;4;8
2025-05;FDO - MDZ;N/A;Cabotaje;7;2;9
2025-05;FDO - MDZ;(en blanco);Cabotaje;30;12;42
2025-05;FDO - MJR;(en blanco);Cabotaje;;2;2
2025-05;FDO - MLZ;(en blanco);Internacional;7;;7
2025-05;FDO - MOR;(en blanco);Cabotaje;3;;3
2025-05;FDO - MVD;Fuerza A‚rea Uruguaya;Internacional;10;;10
2025-05;FDO - MVD;Gestair;Internacional;6;;6
2025-05;FDO - MVD;N/A;Internacional;10;5;15
2025-05;FDO - MVD;(en blanco);Internacional;34;7;41
2025-05;FDO - NAT;Gestair;Internacional;1;;1
2025-05;FDO - NAT;(en blanco);Internacional;6;;6
2025-05;FDO - NCJ;(en blanco);Cabotaje;2;10;12
2025-05;FDO - NQN;American Jet;Cabotaje;;1;1
2025-05;FDO - NQN;N/A;Cabotaje;1;8;9
2025-05;FDO - NQN;(en blanco);Cabotaje;28;46;74
2025-05;FDO - NVT;(en blanco);Internacional;;2;2
2025-05;FDO - OVR;N/A;Cabotaje;2;;2
2025-05;FDO - OVR;(en blanco);Cabotaje;;6;6
2025-05;FDO - OYA;N/A;Cabotaje;1;;1
2025-05;FDO - OYA;(en blanco);Cabotaje;2;;2
2025-05;FDO - OYO;(en blanco);Cabotaje;1;;1
2025-05;FDO - PDP;N/A;Internacional;21;41;62
2025-05;FDO - PDP;(en blanco);Internacional;154;78;232
2025-05;FDO - PDU;(en blanco);Internacional;4;;4
2025-05;FDO - PEH;(en blanco);Cabotaje;2;;2
2025-05;FDO - PET;(en blanco);Internacional;5;;5
2025-05;FDO - PMC;(en blanco);Internacional;3;;3
2025-05;FDO - PMQ;(en blanco);Cabotaje;3;15;18
2025-05;FDO - PMY;N/A;Cabotaje;;2;2
2025-05;FDO - PMY;(en blanco);Cabotaje;1;2;3
2025-05;FDO - POA;N/A;Internacional;2;4;6
2025-05;FDO - POA;(en blanco);Internacional;10;5;15
2025-05;FDO - PRA;N/A;Cabotaje;2;3;5
2025-05;FDO - PRA;(en blanco);Cabotaje;28;8;36
2025-05;FDO - PSS;Gestair;Cabotaje;;2;2
2025-05;FDO - PSS;N/A;Cabotaje;3;;3
2025-05;FDO - PSS;(en blanco);Cabotaje;25;5;30
2025-05;FDO - RAF;(en blanco);Cabotaje;;2;2
2025-05;FDO - RCQ;(en blanco);Cabotaje;4;10;14
2025-05;FDO - RCU;N/A;Cabotaje;5;;5
2025-05;FDO - RCU;(en blanco);Cabotaje;4;1;5
2025-05;FDO - RDS;(en blanco);Cabotaje;4;;4
2025-05;FDO - REL;N/A;Cabotaje;1;;1
2025-05;FDO - REL;(en blanco);Cabotaje;14;;14
2025-05;FDO - RES;N/A;Cabotaje;5;16;21
2025-05;FDO - RES;(en blanco);Cabotaje;31;2;33
2025-05;FDO - RGA;N/A;Cabotaje;;4;4
2025-05;FDO - RGA;(en blanco);Cabotaje;4;5;9
2025-05;FDO - RGL;N/A;Cabotaje;;1;1
2025-05;FDO - RGL;(en blanco);Cabotaje;16;11;27
2025-05;FDO - RHD;(en blanco);Cabotaje;18;23;41
2025-05;FDO - RLO;Aerocardal;Cabotaje;;2;2
2025-05;FDO - ROS;American Jet;Cabotaje;;4;4
2025-05;FDO - ROS;N/A;Cabotaje;3;4;7
2025-05;FDO - ROS;(en blanco);Cabotaje;44;9;53
2025-05;FDO - RSA;(en blanco);Cabotaje;7;1;8
2025-05;FDO - SA03;(en blanco);Cabotaje;;3;3
2025-05;FDO - SA04;(en blanco);Cabotaje;1;1;2
2025-05;FDO - SA17;(en blanco);Cabotaje;9;1;10
2025-05;FDO - SA23;(en blanco);Cabotaje;4;;4
2025-05;FDO - SA31;(en blanco);Cabotaje;2;1;3
2025-05;FDO - SA32;(en blanco);Cabotaje;3;;3
2025-05;FDO - SA36;(en blanco);Cabotaje;1;;1
2025-05;FDO - SA40;(en blanco);Cabotaje;7;;7
2025-05;FDO - SAAA;(en blanco);Cabotaje;1;;1
2025-05;FDO - SADZ;(en blanco);Cabotaje;1;;1
2025-05;FDO - SAOL;(en blanco);Cabotaje;2;;2
2025-05;FDO - SAOM;(en blanco);Cabotaje;1;;1
2025-05;FDO - SAZD;(en blanco);Cabotaje;3;;3
2025-05;FDO - SAZE;(en blanco);Cabotaje;;2;2
2025-05;FDO - SAZI;(en blanco);Cabotaje;3;;3
2025-05;FDO - SCL;N/A;Internacional;7;3;10
2025-05;FDO - SCL;(en blanco);Internacional;26;10;36
2025-05;FDO - SCRL;N/A;Internacional;2;;2
2025-05;FDO - SDE;(en blanco);Cabotaje;22;2;24
2025-05;FDO - SFN;N/A;Cabotaje;;2;2
2025-05;FDO - SFN;(en blanco);Cabotaje;12;6;18
2025-05;FDO - SID;N/A;Internacional;6;;6
2025-05;FDO - SLA;American Jet;Cabotaje;;4;4
2025-05;FDO - SLA;(en blanco);Cabotaje;30;60;90
2025-05;FDO - STY;(en blanco);Internacional;2;;2
2025-05;FDO - SUAA;N/A;Internacional;10;1;11
2025-05;FDO - SUAA;(en blanco);Internacional;83;18;101
2025-05;FDO - SUCM;N/A;Internacional;6;9;15
2025-05;FDO - SUCM;(en blanco);Internacional;28;12;40
2025-05;FDO - TDL;American Jet;Cabotaje;;10;10
2025-05;FDO - TDL;(en blanco);Cabotaje;10;2;12
2025-05;FDO - TFS;N/A;Internacional;7;;7
2025-05;FDO - TUC;American Jet;Cabotaje;5;5;10
2025-05;FDO - TUC;N/A;Cabotaje;;10;10
2025-05;FDO - TUC;(en blanco);Cabotaje;35;33;68
2025-05;FDO - UAQ;N/A;Cabotaje;10;2;12
2025-05;FDO - UAQ;(en blanco);Cabotaje;14;11;25
2025-05;FDO - USH;N/A;Cabotaje;5;3;8
2025-05;FDO - USH;(en blanco);Cabotaje;;3;3
2025-05;FDO - VCP;(en blanco);Internacional;8;;8
2025-05;FDO - VDM;N/A;Cabotaje;;2;2
2025-05;FDO - VDM;(en blanco);Cabotaje;2;1;3
2025-05;FDO - VDR;(en blanco);Cabotaje;;1;1
2025-05;FDO - VMA;(en blanco);Cabotaje;2;;2
2025-05;FDO - VVI;(en blanco);Internacional;13;;13
2025-05;FLN - ROS;N/A;Internacional;6;;6
2025-05;FMA - RES;(en blanco);Cabotaje;1;1;2
2025-05;FMA - ROS;(en blanco);Cabotaje;3;;3
2025-05;FMA - SAAU;(en blanco);Cabotaje;1;;1
2025-05;FMA - SFN;(en blanco);Cabotaje;3;;3
2025-05;FOR - MDZ;(en blanco);Internacional;;12;12
2025-05;FTE - FTE;Aerol¡neas Argentinas;Cabotaje;;73;73
2025-05;FTE - FTE;(en blanco);Cabotaje;10;;10
2025-05;FTE - MDZ;N/A;Cabotaje;;2;2
2025-05;FTE - PMQ;LADE - L¡neas A‚reas Del Estado;Cabotaje;12;21;33
2025-05;FTE - RGL;LADE - L¡neas A‚reas Del Estado;Cabotaje;18;79;97
2025-05;FTE - RGL;(en blanco);Cabotaje;;5;5
2025-05;FTE - USH;Aerol¡neas Argentinas;Cabotaje;;5395;5395
2025-05;FTE - USH;Flybondi;Cabotaje;;1051;1051
2025-05;FTE - USH;LADE - L¡neas A‚reas Del Estado;Cabotaje;5;20;25
2025-05;GHU - PRA;(en blanco);Cabotaje;;1;1
2025-05;GIG - MDZ;JetSMART Airlines;Internacional;;784;784
2025-05;GIG - ROS;Gol Transportes A‚reos;Internacional;;4267;4267
2025-05;GIG - SDE;Aerol¡neas Argentinas;Internacional;;135;135
2025-05;GIG - SLA;(en blanco);Internacional;9;;9
2025-05;GNR - NQN;(en blanco);Cabotaje;2;;2
2025-05;GPO - RDS;(en blanco);Cabotaje;1;;1
2025-05;GPO - SA31;(en blanco);Cabotaje;1;;1
2025-05;GPO - SAZA;(en blanco);Cabotaje;2;;2
2025-05;GRU - MDZ;Gol Transportes A‚reos;Internacional;;5551;5551
2025-05;GRU - MDZ;JetSMART Airlines;Internacional;;167;167
2025-05;GRU - MDZ;N/A;Internacional;2;;2
2025-05;GRU - MDZ;TAM Linhas A‚reas;Internacional;;5185;5185
2025-05;GRU - SLA;Aerol¡neas Argentinas;Internacional;;528;528
2025-05;GYE - MDZ;N/A;Internacional;16;;16
2025-05;GYE - MDZ;(en blanco);Internacional;11;;11
2025-05;GYE - SLA;(en blanco);Internacional;;2;2
2025-05;IGR - IGR;(en blanco);Cabotaje;;2;2
2025-05;IGR - MDX;(en blanco);Cabotaje;;1;1
2025-05;IGR - PSS;(en blanco);Cabotaje;12;9;21
2025-05;IGR - ROS;Aerol¡neas Argentinas;Cabotaje;;2009;2009
2025-05;IGR - SLA;Aerol¡neas Argentinas;Cabotaje;;1502;1502
2025-05;IGR - VMA;(en blanco);Cabotaje;;7;7
2025-05;IGU - JUJ;N/A;Internacional;2;;2
2025-05;IGU - MDZ;N/A;Internacional;48;;48
2025-05;IGU - MDZ;(en blanco);Internacional;15;;15
2025-05;IGU - RES;N/A;Internacional;8;;8
2025-05;IGU - ROS;(en blanco);Internacional;4;;4
2025-05;IRJ - IRJ;N/A;Cabotaje;1;;1
2025-05;IRJ - IRJ;(en blanco);Cabotaje;4;;4
2025-05;IRJ - PSS;(en blanco);Cabotaje;2;1;3
2025-05;IRJ - ROS;(en blanco);Cabotaje;2;;2
2025-05;IRJ - SANO;(en blanco);Cabotaje;2;;2
2025-05;IRJ - SLA;(en blanco);Cabotaje;12;;12
2025-05;IRJ - TUC;(en blanco);Cabotaje;;1;1
2025-05;JNI - MDQ;(en blanco);Cabotaje;;3;3
2025-05;JUJ - JUJ;(en blanco);Cabotaje;12;;12
2025-05;JUJ - MDZ;American Jet;Cabotaje;15;27;42
2025-05;JUJ - NAS;N/A;Internacional;2;;2
2025-05;JUJ - ORA;(en blanco);Cabotaje;2;;2
2025-05;JUJ - PRA;(en blanco);Cabotaje;3;;3
2025-05;JUJ - SA02;(en blanco);Cabotaje;2;;2
2025-05;JUJ - SLA;(en blanco);Cabotaje;12;;12
2025-05;JUJ - TUC;(en blanco);Cabotaje;2;;2
2025-05;LCM - ROS;(en blanco);Cabotaje;1;;1
2025-05;LIM - MDZ;LATAM;Internacional;;385;385
2025-05;LIM - MDZ;LATAM Per£;Internacional;;5728;5728
2025-05;LIM - ROS;LATAM Per£;Internacional;;3550;3550
2025-05;LIM - SLA;LATAM Per£;Internacional;;5573;5573
2025-05;LIS - ROS;(en blanco);Internacional;5;;5
2025-05;LMMM - MDZ;N/A;Internacional;8;;8
2025-05;LMMM - MDZ;(en blanco);Internacional;;12;12
2025-05;LMMM - ROS;N/A;Internacional;22;;22
2025-05;LMMM - SFN;N/A;Internacional;5;;5
2025-05;LPG - MDQ;(en blanco);Cabotaje;3;1;4
2025-05;LPG - PRA;(en blanco);Cabotaje;4;;4
2025-05;LPG - VDM;(en blanco);Cabotaje;;1;1
2025-05;LUQ - LUQ;Aerol¡neas Argentinas;Cabotaje;;41;41
2025-05;LUQ - MDZ;N/A;Cabotaje;2;2;4
2025-05;LUQ - RSA;(en blanco);Cabotaje;3;2;5
2025-05;LUQ - TUC;(en blanco);Cabotaje;3;;3
2025-05;MDQ - MDQ;(en blanco);Cabotaje;34;;34
2025-05;MDQ - MDZ;Aerol¡neas Argentinas;Cabotaje;;1045;1045
2025-05;MDQ - MVD;N/A;Internacional;;1;1
2025-05;MDQ - REL;(en blanco);Cabotaje;;3;3
2025-05;MDQ - ROS;(en blanco);Cabotaje;6;2;8
2025-05;MDQ - SADO;Ej‚rcito Argentino;Cabotaje;5;;5
2025-05;MDX - PRA;(en blanco);Cabotaje;;2;2
2025-05;MDZ - MDZ;Ej‚rcito Argentino;Cabotaje;4;;4
2025-05;MDZ - MVD;(en blanco);Internacional;;3;3
2025-05;MDZ - NQN;Aerol¡neas Argentinas;Cabotaje;;4498;4498
2025-05;MDZ - NQN;American Jet;Cabotaje;;250;250
2025-05;MDZ - NQN;(en blanco);Cabotaje;1;1;2
2025-05;MDZ - POA;Aerol¡neas Argentinas;Internacional;;120;120
2025-05;MDZ - PTY;Copa Airlines;Internacional;;6598;6598
2025-05;MDZ - RES;N/A;Cabotaje;2;;2
2025-05;MDZ - RLO;(en blanco);Cabotaje;5;;5
2025-05;MDZ - ROS;Aerol¡neas Argentinas;Cabotaje;;1426;1426
2025-05;MDZ - ROS;(en blanco);Cabotaje;4;7;11
2025-05;MDZ - RSA;(en blanco);Cabotaje;2;;2
2025-05;MDZ - SA32;(en blanco);Cabotaje;2;;2
2025-05;MDZ - SCL;Aerov¡as DAP;Internacional;;21;21
2025-05;MDZ - SCL;JetSMART Airlines;Internacional;;6183;6183
2025-05;MDZ - SCL;LATAM;Internacional;;12629;12629
2025-05;MDZ - SCL;N/A;Internacional;2;;2
2025-05;MDZ - SCL;Sky Airline;Internacional;;11046;11046
2025-05;MDZ - SLA;Aerol¡neas Argentinas;Cabotaje;;1393;1393
2025-05;MDZ - SLA;JetSMART Airlines;Cabotaje;;4865;4865
2025-05;MDZ - SLA;(en blanco);Cabotaje;3;5;8
2025-05;MDZ - TUC;Aerol¡neas Argentinas;Cabotaje;;85;85
2025-05;MDZ - UAQ;American Jet;Cabotaje;;2;2
2025-05;MDZ - UAQ;N/A;Cabotaje;1;;1
2025-05;MDZ - VCP;N/A;Internacional;6;;6
2025-05;MDZ - VMA;(en blanco);Cabotaje;2;;2
2025-05;MDZ - VME;Ej‚rcito Argentino;Cabotaje;2;;2
2025-05;MDZ - VME;N/A;Cabotaje;1;;1
2025-05;MDZ - VME;(en blanco);Cabotaje;13;;13
2025-05;MIA - ROS;N/A;Internacional;8;;8
2025-05;MOR - MOR;(en blanco);Cabotaje;6;;6
2025-05;MOR - NQN;(en blanco);Cabotaje;1;1;2
2025-05;MOR - OYA;(en blanco);Cabotaje;1;;1
2025-05;MOR - PRA;N/A;Cabotaje;2;;2
2025-05;MOR - PRA;(en blanco);Cabotaje;4;;4
2025-05;MOR - RCQ;(en blanco);Cabotaje;;1;1
2025-05;MOR - RCU;Fuerza A‚rea Argentina;Cabotaje;2;;2
2025-05;MOR - SDE;(en blanco);Cabotaje;1;;1
2025-05;MOR - VDM;(en blanco);Cabotaje;3;;3
2025-05;MPN - RGL;LATAM;Cabotaje;;75;75
2025-05;NQN - NQN;Aerol¡neas Argentinas;Cabotaje;;84;84
2025-05;NQN - NQN;American Jet;Cabotaje;;121;121
2025-05;NQN - NQN;(en blanco);Cabotaje;11;1;12
2025-05;NQN - OVR;(en blanco);Cabotaje;1;;1
2025-05;NQN - RDS;(en blanco);Cabotaje;10;;10
2025-05;NQN - REL;(en blanco);Cabotaje;2;;2
2025-05;NQN - RGL;(en blanco);Cabotaje;8;;8
2025-05;NQN - RHD;(en blanco);Cabotaje;;3;3
2025-05;NQN - ROS;Aerol¡neas Argentinas;Cabotaje;;881;881
2025-05;NQN - RSA;(en blanco);Cabotaje;2;;2
2025-05;NQN - SA29;(en blanco);Cabotaje;1;;1
2025-05;NQN - SA38;Ej‚rcito Argentino;Cabotaje;2;;2
2025-05;NQN - SCL;N/A;Internacional;1;;1
2025-05;NQN - SLA;JetSMART Airlines;Cabotaje;;6701;6701
2025-05;NQN - TUC;American Jet;Cabotaje;1;1;2
2025-05;NQN - VDM;(en blanco);Cabotaje;;2;2
2025-05;NQN - VMA;(en blanco);Cabotaje;3;;3
2025-05;OPF - SLA;(en blanco);Internacional;2;;2
2025-05;ORA - SLA;(en blanco);Cabotaje;5;;5
2025-05;OVR - TDL;(en blanco);Cabotaje;5;;5
2025-05;PDP - ROS;N/A;Internacional;6;;6
2025-05;PDP - ROS;(en blanco);Internacional;13;3;16
2025-05;PRA - PSS;(en blanco);Cabotaje;1;;1
2025-05;PRA - RCQ;(en blanco);Cabotaje;10;;10
2025-05;PRA - RES;N/A;Cabotaje;4;;4
2025-05;PRA - ROS;(en blanco);Cabotaje;1;;1
2025-05;PRA - RSA;(en blanco);Cabotaje;9;;9
2025-05;PRA - SDE;(en blanco);Cabotaje;2;;2
2025-05;PRA - VDM;(en blanco);Cabotaje;1;;1
2025-05;PRA - VME;(en blanco);Cabotaje;1;;1
2025-05;PSS - PSS;(en blanco);Cabotaje;19;1;20
2025-05;PSS - RCU;(en blanco);Cabotaje;2;;2
2025-05;PSS - SA23;(en blanco);Cabotaje;1;;1
2025-05;PSS - SATI;(en blanco);Cabotaje;4;;4
2025-05;PSS - SATO;(en blanco);Cabotaje;8;;8
2025-05;PSS - SFN;N/A;Cabotaje;2;;2
2025-05;PSS - SLA;(en blanco);Cabotaje;2;;2
2025-05;PSS - VCP;(en blanco);Internacional;4;;4
2025-05;PTY - ROS;Copa Airlines;Internacional;;12435;12435
2025-05;PUJ - TUC;Aerol¡neas Argentinas;Internacional;;1047;1047
2025-05;PUQ - RGL;LATAM;Internacional;;12;12
2025-05;RAF - ROS;(en blanco);Cabotaje;3;;3
2025-05;RAF - RSA;(en blanco);Cabotaje;1;;1
2025-05;RCQ - RCQ;(en blanco);Cabotaje;2;;2
2025-05;RCU - RCU;(en blanco);Cabotaje;4;;4
2025-05;RCU - RLO;(en blanco);Cabotaje;3;;3
2025-05;RCU - SA17;(en blanco);Cabotaje;4;1;5
2025-05;RCU - SFN;(en blanco);Cabotaje;2;;2
2025-05;RCU - SLA;(en blanco);Cabotaje;4;;4
2025-05;RCU - TUC;N/A;Cabotaje;;2;2
2025-05;RCU - VME;(en blanco);Cabotaje;1;;1
2025-05;REL - RGA;(en blanco);Cabotaje;10;1;11
2025-05;REL - RGL;(en blanco);Cabotaje;1;;1
2025-05;REL - VDM;(en blanco);Cabotaje;2;;2
2025-05;RES - SACD;(en blanco);Cabotaje;1;;1
2025-05;RES - SLA;(en blanco);Cabotaje;4;;4
2025-05;RGA - RGL;LADE - L¡neas A‚reas Del Estado;Cabotaje;16;113;129
2025-05;RGA - RGL;(en blanco);Cabotaje;2;1;3
2025-05;RGA - USH;LADE - L¡neas A‚reas Del Estado;Cabotaje;16;59;75
2025-05;RGA - USH;(en blanco);Cabotaje;1;;1
2025-05;RGL - SA33;(en blanco);Cabotaje;;1;1
2025-05;RGL - USH;LADE - L¡neas A‚reas Del Estado;Cabotaje;23;161;184
2025-05;RHD - SA02;(en blanco);Cabotaje;;1;1
2025-05;RHD - SACD;(en blanco);Cabotaje;;1;1
2025-05;RHD - SDE;(en blanco);Cabotaje;6;2;8
2025-05;RHD - SLA;(en blanco);Cabotaje;6;6;12
2025-05;RHD - TUC;(en blanco);Cabotaje;;1;1
2025-05;RLO - SA32;(en blanco);Cabotaje;1;;1
2025-05;RLO - SAOM;(en blanco);Cabotaje;2;;2
2025-05;RLO - VDR;(en blanco);Cabotaje;1;;1
2025-05;ROS - ROS;N/A;Cabotaje;1;;1
2025-05;ROS - ROS;(en blanco);Cabotaje;10;;10
2025-05;ROS - SAAN;(en blanco);Cabotaje;1;;1
2025-05;ROS - SBD;N/A;Internacional;9;;9
2025-05;ROS - SCL;Aerol¡neas Argentinas;Internacional;;57;57
2025-05;ROS - SCL;LATAM;Internacional;;247;247
2025-05;ROS - SDM;N/A;Internacional;;9;9
2025-05;ROS - SFN;N/A;Cabotaje;4;3;7
2025-05;ROS - SLA;Aerol¡neas Argentinas;Cabotaje;;1231;1231
2025-05;ROS - SLA;(en blanco);Cabotaje;6;;6
2025-05;ROS - SUAA;(en blanco);Internacional;8;;8
2025-05;ROS - TFS;(en blanco);Internacional;1;;1
2025-05;ROS - UAQ;(en blanco);Cabotaje;7;;7
2025-05;ROS - VCP;N/A;Internacional;18;7;25
2025-05;RSA - RSA;Aerol¡neas Argentinas;Cabotaje;;43;43
2025-05;RSA - RSA;(en blanco);Cabotaje;15;;15
2025-05;SA01 - SLA;(en blanco);Cabotaje;;4;4
2025-05;SA02 - SDE;(en blanco);Cabotaje;4;;4
2025-05;SA02 - SLA;(en blanco);Cabotaje;6;;6
2025-05;SA17 - SDE;(en blanco);Cabotaje;4;;4
2025-05;SA17 - SFN;(en blanco);Cabotaje;2;;2
2025-05;SA17 - UAQ;(en blanco);Cabotaje;1;2;3
2025-05;SA32 - SLA;(en blanco);Cabotaje;1;;1
2025-05;SA40 - SDE;(en blanco);Cabotaje;1;;1
2025-05;SACD - SDE;(en blanco);Cabotaje;1;;1
2025-05;SACD - SLA;(en blanco);Cabotaje;1;;1
2025-05;SANO - SLA;(en blanco);Cabotaje;1;;1
2025-05;SCF - SLA;N/A;Internacional;12;;12
2025-05;SCL - TUC;(en blanco);Internacional;6;;6
2025-05;SDE - SDE;(en blanco);Cabotaje;46;;46
2025-05;SDE - SLA;(en blanco);Cabotaje;8;;8
2025-05;SDE - UAQ;(en blanco);Cabotaje;8;;8
2025-05;SDE - UIO;Aerol¡neas Argentinas;Internacional;;70;70
2025-05;SDE - VMA;(en blanco);Cabotaje;1;;1
2025-05;SDE - VVI;(en blanco);Internacional;2;;2
2025-05;SFN - SFN;(en blanco);Cabotaje;4;;4
2025-05;SFN - SLA;(en blanco);Cabotaje;1;;1
2025-05;SLA - SLA;American Jet;Cabotaje;;2;2
2025-05;SLA - SLA;Ej‚rcito Argentino;Cabotaje;5;;5
2025-05;SLA - SLA;(en blanco);Cabotaje;7;8;15
2025-05;SLA - TTG;(en blanco);Cabotaje;9;8;17
2025-05;SLA - TUC;(en blanco);Cabotaje;15;4;19
2025-05;SLA - UAQ;(en blanco);Cabotaje;;2;2
2025-05;SLA - VVI;N/A;Internacional;6;;6
2025-05;TUC - TUC;(en blanco);Cabotaje;54;3;57
2025-05;UAQ - YBR;N/A;Internacional;7;;7
2025-05;USH - WPU;(en blanco);Internacional;2;;2
2025-06;3005 - FDO;(en blanco);Internacional;3;3;6
2025-06;3017 - SLA;(en blanco);Internacional;;674;674
2025-06;AEP - AEP;(en blanco);Cabotaje;;6;6
2025-06;AEP - AFA;Aerol¡neas Argentinas;Cabotaje;;2904;2904
2025-06;AEP - AFA;Flybondi;Cabotaje;;92;92
2025-06;AEP - AFA;N/A;Cabotaje;2;8;10
2025-06;AEP - AFA;(en blanco);Cabotaje;;4;4
2025-06;AEP - AGT;Aerol¡neas Argentinas;Internacional;;2;2
2025-06;AEP - AR-0009;(en blanco);Cabotaje;1;1;2
2025-06;AEP - AR-0169;N/A;Cabotaje;;3;3
2025-06;AEP - AR-0174;(en blanco);Cabotaje;;2;2
2025-06;AEP - AR-0252;(en blanco);Cabotaje;1;;1
2025-06;AEP - AR-0280;(en blanco);Cabotaje;;5;5
2025-06;AEP - AR-0382;(en blanco);Cabotaje;;2;2
2025-06;AEP - AR-0446;(en blanco);Cabotaje;;2;2
2025-06;AEP - ASU;Aerol¡neas Argentinas;Internacional;;5170;5170
2025-06;AEP - ASU;Amaszonas;Internacional;;3168;3168
2025-06;AEP - ASU;JetSMART Airlines;Internacional;;7347;7347
2025-06;AEP - ASU;N/A;Internacional;1;12;13
2025-06;AEP - ASU;(en blanco);Internacional;14;4;18
2025-06;AEP - BCN;N/A;Internacional;3;;3
2025-06;AEP - BHI;Aerol¡neas Argentinas;Cabotaje;;18608;18608
2025-06;AEP - BHI;Flybondi;Cabotaje;;77;77
2025-06;AEP - BHI;JetSMART Airlines;Cabotaje;;107;107
2025-06;AEP - BHI;N/A;Cabotaje;;5;5
2025-06;AEP - BHI;(en blanco);Cabotaje;9;1;10
2025-06;AEP - BOG;Aerol¡neas Argentinas;Internacional;;5998;5998
2025-06;AEP - BOG;Avianca;Internacional;;7903;7903
2025-06;AEP - BRC;Aerol¡neas Argentinas;Cabotaje;;55010;55010
2025-06;AEP - BRC;Flybondi;Cabotaje;;19567;19567
2025-06;AEP - BRC;JetSMART Airlines;Cabotaje;;37672;37672
2025-06;AEP - BRC;N/A;Cabotaje;4;76;80
2025-06;AEP - BRC;(en blanco);Cabotaje;;4;4
2025-06;AEP - BSB;Fuerza A‚rea Brasilera;Internacional;25;;25
2025-06;AEP - BSB;Gol Transportes A‚reos;Internacional;;6515;6515
2025-06;AEP - CNF;Gol Transportes A‚reos;Internacional;;2454;2454
2025-06;AEP - CNQ;Aerol¡neas Argentinas;Cabotaje;;7077;7077
2025-06;AEP - CNQ;Flybondi;Cabotaje;;9975;9975
2025-06;AEP - CNQ;N/A;Cabotaje;2;4;6
2025-06;AEP - CNQ;(en blanco);Cabotaje;13;5;18
2025-06;AEP - COR;Aerol¡neas Argentinas;Cabotaje;;57272;57272
2025-06;AEP - COR;Flybondi;Cabotaje;;21236;21236
2025-06;AEP - COR;JetSMART Airlines;Cabotaje;;36496;36496
2025-06;AEP - COR;N/A;Cabotaje;6;22;28
2025-06;AEP - COR;(en blanco);Cabotaje;17;6;23
2025-06;AEP - CPC;Aerol¡neas Argentinas;Cabotaje;;10472;10472
2025-06;AEP - CPC;JetSMART Airlines;Cabotaje;;8496;8496
2025-06;AEP - CPT;N/A;Internacional;;6;6
2025-06;AEP - CRD;Aerol¡neas Argentinas;Cabotaje;;24385;24385
2025-06;AEP - CRD;Flybondi;Cabotaje;;4432;4432
2025-06;AEP - CRD;JetSMART Airlines;Cabotaje;;5819;5819
2025-06;AEP - CRD;N/A;Cabotaje;7;23;30
2025-06;AEP - CRD;(en blanco);Cabotaje;7;3;10
2025-06;AEP - CTC;Aerol¡neas Argentinas;Cabotaje;;5811;5811
2025-06;AEP - CTC;Flybondi;Cabotaje;;228;228
2025-06;AEP - CTC;N/A;Cabotaje;5;5;10
2025-06;AEP - CTC;(en blanco);Cabotaje;10;;10
2025-06;AEP - CWB;Aerol¡neas Argentinas;Internacional;;3435;3435
2025-06;AEP - CWB;TAM Linhas A‚reas;Internacional;;147;147
2025-06;AEP - EPA;Fuerza A‚rea Argentina;Cabotaje;3;;3
2025-06;AEP - EPA;(en blanco);Cabotaje;10;;10
2025-06;AEP - EQS;Aerol¡neas Argentinas;Cabotaje;;4097;4097
2025-06;AEP - EQS;N/A;Cabotaje;;1;1
2025-06;AEP - EQS;(en blanco);Cabotaje;;5;5
2025-06;AEP - EZE;(en blanco);Cabotaje;;3;3
2025-06;AEP - FDO;N/A;Cabotaje;;4;4
2025-06;AEP - FDO;(en blanco);Cabotaje;5;4;9
2025-06;AEP - FLL;N/A;Internacional;20;17;37
2025-06;AEP - FLN;Gol Transportes A‚reos;Internacional;;9268;9268
2025-06;AEP - FLN;JetSMART Airlines;Internacional;;2398;2398
2025-06;AEP - FMA;Aerol¡neas Argentinas;Cabotaje;;7878;7878
2025-06;AEP - FMA;Flybondi;Cabotaje;;78;78
2025-06;AEP - FMA;N/A;Cabotaje;;6;6
2025-06;AEP - FMA;(en blanco);Cabotaje;5;10;15
2025-06;AEP - FOR;Gol Transportes A‚reos;Internacional;;1152;1152
2025-06;AEP - FTE;Aerol¡neas Argentinas;Cabotaje;;13485;13485
2025-06;AEP - FTE;Flybondi;Cabotaje;;2140;2140
2025-06;AEP - FTE;N/A;Cabotaje;;12;12
2025-06;AEP - FTE;(en blanco);Cabotaje;;2;2
2025-06;AEP - GHU;(en blanco);Cabotaje;2;2;4
2025-06;AEP - GIG;Aerol¡neas Argentinas;Internacional;;26976;26976
2025-06;AEP - GIG;Flybondi;Internacional;;6607;6607
2025-06;AEP - GIG;Gol Transportes A‚reos;Internacional;;17453;17453
2025-06;AEP - GIG;JetSMART Airlines;Internacional;;14819;14819
2025-06;AEP - GIG;TAM Linhas A‚reas;Internacional;;120;120
2025-06;AEP - GRU;Aerol¡neas Argentinas;Internacional;;25411;25411
2025-06;AEP - GRU;Flybondi;Internacional;;4040;4040
2025-06;AEP - GRU;Gol Transportes A‚reos;Internacional;;41679;41679
2025-06;AEP - GRU;LATAM;Internacional;;64;64
2025-06;AEP - GRU;N/A;Internacional;;3;3
2025-06;AEP - GRU;TAM Linhas A‚reas;Internacional;;43677;43677
2025-06;AEP - GYE;N/A;Internacional;11;;11
2025-06;AEP - GYE;(en blanco);Internacional;9;9;18
2025-06;AEP - HOU;N/A;Internacional;;2;2
2025-06;AEP - HPN;N/A;Internacional;;3;3
2025-06;AEP - IGR;Aerol¡neas Argentinas;Cabotaje;;40862;40862
2025-06;AEP - IGR;Flybondi;Cabotaje;;21141;21141
2025-06;AEP - IGR;JetSMART Airlines;Cabotaje;;31663;31663
2025-06;AEP - IGR;N/A;Cabotaje;3;3;6
2025-06;AEP - IGR;(en blanco);Cabotaje;;3;3
2025-06;AEP - IRJ;Aerol¡neas Argentinas;Cabotaje;;5499;5499
2025-06;AEP - IRJ;American Jet;Cabotaje;;4;4
2025-06;AEP - IRJ;(en blanco);Cabotaje;5;9;14
2025-06;AEP - JUJ;Aerol¡neas Argentinas;Cabotaje;;15725;15725
2025-06;AEP - JUJ;Flybondi;Cabotaje;;7679;7679
2025-06;AEP - JUJ;N/A;Cabotaje;5;16;21
2025-06;AEP - JUJ;(en blanco);Cabotaje;11;6;17
2025-06;AEP - LIM;Aerol¡neas Argentinas;Internacional;;8049;8049
2025-06;AEP - LIM;JetSMART Airlines;Internacional;;8806;8806
2025-06;AEP - LIM;LATAM Per£;Internacional;;14852;14852
2025-06;AEP - LIM;Sky Airline;Internacional;;6649;6649
2025-06;AEP - LIM;(en blanco);Internacional;;5;5
2025-06;AEP - LPA;(en blanco);Internacional;51;;51
2025-06;AEP - LPG;N/A;Cabotaje;2;;2
2025-06;AEP - LPG;(en blanco);Cabotaje;2;;2
2025-06;AEP - LUQ;Aerol¡neas Argentinas;Cabotaje;;5112;5112
2025-06;AEP - LUQ;American Jet;Cabotaje;25;24;49
2025-06;AEP - LUQ;N/A;Cabotaje;;2;2
2025-06;AEP - MAD;N/A;Internacional;;7;7
2025-06;AEP - MDQ;Aerol¡neas Argentinas;Cabotaje;;16721;16721
2025-06;AEP - MDQ;JetSMART Airlines;Cabotaje;;110;110
2025-06;AEP - MDQ;LADE - L¡neas A‚reas Del Estado;Cabotaje;38;22;60
2025-06;AEP - MDQ;N/A;Cabotaje;3;14;17
2025-06;AEP - MDQ;(en blanco);Cabotaje;18;41;59
2025-06;AEP - MDZ;Aerol¡neas Argentinas;Cabotaje;;44314;44314
2025-06;AEP - MDZ;Flybondi;Cabotaje;;17354;17354
2025-06;AEP - MDZ;JetSMART Airlines;Cabotaje;;43532;43532
2025-06;AEP - MDZ;N/A;Cabotaje;;6;6
2025-06;AEP - MDZ;Sky Airline;Cabotaje;;78;78
2025-06;AEP - MDZ;(en blanco);Cabotaje;8;8;16
2025-06;AEP - MVD;Aerol¡neas Argentinas;Internacional;;12308;12308
2025-06;AEP - MVD;LATAM;Internacional;;168;168
2025-06;AEP - MVD;N/A;Internacional;13;23;36
2025-06;AEP - MVD;(en blanco);Internacional;16;7;23
2025-06;AEP - NAT;Gol Transportes A‚reos;Internacional;;1025;1025
2025-06;AEP - NCJ;N/A;Cabotaje;;4;4
2025-06;AEP - NQN;Aerol¡neas Argentinas;Cabotaje;;37560;37560
2025-06;AEP - NQN;American Jet;Cabotaje;;2;2
2025-06;AEP - NQN;Flybondi;Cabotaje;;9579;9579
2025-06;AEP - NQN;JetSMART Airlines;Cabotaje;;28073;28073
2025-06;AEP - NQN;N/A;Cabotaje;3;7;10
2025-06;AEP - NQN;(en blanco);Cabotaje;15;12;27
2025-06;AEP - OPF;N/A;Internacional;;6;6
2025-06;AEP - OVR;N/A;Cabotaje;3;16;19
2025-06;AEP - OYO;(en blanco);Cabotaje;1;;1
2025-06;AEP - PDI;(en blanco);Cabotaje;2;;2
2025-06;AEP - PDP;Aerol¡neas Argentinas;Internacional;;2681;2681
2025-06;AEP - PDP;N/A;Internacional;4;72;76
2025-06;AEP - PDP;(en blanco);Internacional;5;4;9
2025-06;AEP - PMQ;American Jet;Cabotaje;;152;152
2025-06;AEP - PMY;Aerol¡neas Argentinas;Cabotaje;;5144;5144
2025-06;AEP - PMY;Flybondi;Cabotaje;;4777;4777
2025-06;AEP - PMY;JetSMART Airlines;Cabotaje;;123;123
2025-06;AEP - PMY;N/A;Cabotaje;;3;3
2025-06;AEP - POA;Aerol¡neas Argentinas;Internacional;;3471;3471
2025-06;AEP - POA;Gol Transportes A‚reos;Internacional;;2797;2797
2025-06;AEP - POA;N/A;Internacional;;3;3
2025-06;AEP - PRA;Aerol¡neas Argentinas;Cabotaje;;3854;3854
2025-06;AEP - PRA;N/A;Cabotaje;;11;11
2025-06;AEP - PRA;(en blanco);Cabotaje;1;5;6
2025-06;AEP - PSS;Aerol¡neas Argentinas;Cabotaje;;14157;14157
2025-06;AEP - PSS;Flybondi;Cabotaje;;11832;11832
2025-06;AEP - PSS;N/A;Cabotaje;1;7;8
2025-06;AEP - PSS;(en blanco);Cabotaje;3;1;4
2025-06;AEP - PUJ;Arajet;Internacional;;152;152
2025-06;AEP - RAF;(en blanco);Cabotaje;6;4;10
2025-06;AEP - RAI;N/A;Internacional;;6;6
2025-06;AEP - REC;Gol Transportes A‚reos;Internacional;;2251;2251
2025-06;AEP - REL;Aerol¡neas Argentinas;Cabotaje;;14998;14998
2025-06;AEP - REL;JetSMART Airlines;Cabotaje;;4986;4986
2025-06;AEP - REL;N/A;Cabotaje;;3;3
2025-06;AEP - REL;(en blanco);Cabotaje;20;1;21
2025-06;AEP - RES;Aerol¡neas Argentinas;Cabotaje;;12684;12684
2025-06;AEP - RES;JetSMART Airlines;Cabotaje;;5950;5950
2025-06;AEP - RES;(en blanco);Cabotaje;1;;1
2025-06;AEP - RGA;Aerol¡neas Argentinas;Cabotaje;;9192;9192
2025-06;AEP - RGL;Aerol¡neas Argentinas;Cabotaje;;11841;11841
2025-06;AEP - RGL;(en blanco);Cabotaje;;3;3
2025-06;AEP - RHD;Aerol¡neas Argentinas;Cabotaje;;1296;1296
2025-06;AEP - RLO;Aerol¡neas Argentinas;Cabotaje;;1377;1377
2025-06;AEP - ROS;Aerol¡neas Argentinas;Cabotaje;;12077;12077
2025-06;AEP - ROS;N/A;Cabotaje;;8;8
2025-06;AEP - ROS;(en blanco);Cabotaje;18;1;19
2025-06;AEP - RSA;Aerol¡neas Argentinas;Cabotaje;;3885;3885
2025-06;AEP - RSA;(en blanco);Cabotaje;21;3;24
2025-06;AEP - SA32;N/A;Cabotaje;;10;10
2025-06;AEP - SA40;(en blanco);Cabotaje;3;3;6
2025-06;AEP - SANI;(en blanco);Cabotaje;1;;1
2025-06;AEP - SAOM;(en blanco);Cabotaje;1;;1
2025-06;AEP - SATI;Flybondi;Cabotaje;;89;89
2025-06;AEP - SCL;Aerol¡neas Argentinas;Internacional;;22385;22385
2025-06;AEP - SCL;JetSMART Airlines;Internacional;;20483;20483
2025-06;AEP - SCL;LATAM;Internacional;;32106;32106
2025-06;AEP - SCL;LATAM Per£;Internacional;;111;111
2025-06;AEP - SCL;N/A;Internacional;;6;6
2025-06;AEP - SCL;Sky Airline;Internacional;;12798;12798
2025-06;AEP - SDE;Aerol¡neas Argentinas;Cabotaje;;9919;9919
2025-06;AEP - SDE;Flybondi;Cabotaje;;7433;7433
2025-06;AEP - SDE;N/A;Cabotaje;4;20;24
2025-06;AEP - SDE;(en blanco);Cabotaje;25;4;29
2025-06;AEP - SFN;Aerol¡neas Argentinas;Cabotaje;;6803;6803
2025-06;AEP - SFN;N/A;Cabotaje;;14;14
2025-06;AEP - SJU;N/A;Internacional;4;;4
2025-06;AEP - SJU;(en blanco);Internacional;;4;4
2025-06;AEP - SLA;Aerol¡neas Argentinas;Cabotaje;;29800;29800
2025-06;AEP - SLA;Flybondi;Cabotaje;;13097;13097
2025-06;AEP - SLA;JetSMART Airlines;Cabotaje;;18601;18601
2025-06;AEP - SLA;N/A;Cabotaje;;13;13
2025-06;AEP - SLA;(en blanco);Cabotaje;19;10;29
2025-06;AEP - SNZ;Gol Transportes A‚reos;Internacional;;171;171
2025-06;AEP - SSA;Aerol¡neas Argentinas;Internacional;;2351;2351
2025-06;AEP - SSA;Gol Transportes A‚reos;Internacional;;2664;2664
2025-06;AEP - TDL;N/A;Cabotaje;;11;11
2025-06;AEP - TDL;(en blanco);Cabotaje;18;;18
2025-06;AEP - TFS;(en blanco);Internacional;;3;3
2025-06;AEP - TUC;Aerol¡neas Argentinas;Cabotaje;;26498;26498
2025-06;AEP - TUC;Flybondi;Cabotaje;;13623;13623
2025-06;AEP - TUC;JetSMART Airlines;Cabotaje;;8711;8711
2025-06;AEP - TUC;N/A;Cabotaje;;4;4
2025-06;AEP - TUC;(en blanco);Cabotaje;20;12;32
2025-06;AEP - UAQ;Aerol¡neas Argentinas;Cabotaje;;8847;8847
2025-06;AEP - UAQ;Flybondi;Cabotaje;;5222;5222
2025-06;AEP - UAQ;N/A;Cabotaje;;17;17
2025-06;AEP - UAQ;(en blanco);Cabotaje;3;;3
2025-06;AEP - ULA;N/A;Cabotaje;;3;3
2025-06;AEP - USH;Aerol¡neas Argentinas;Cabotaje;;23785;23785
2025-06;AEP - USH;Flybondi;Cabotaje;;2412;2412
2025-06;AEP - USH;JetSMART Airlines;Cabotaje;;1475;1475
2025-06;AEP - USH;N/A;Cabotaje;;3;3
2025-06;AEP - VCP;N/A;Internacional;4;;4
2025-06;AEP - VDM;Aerol¡neas Argentinas;Cabotaje;;2754;2754
2025-06;AEP - VDM;N/A;Cabotaje;1;;1
2025-06;AEP - VDM;(en blanco);Cabotaje;1;;1
2025-06;AEP - VMA;N/A;Cabotaje;;8;8
2025-06;AEP - VMA;(en blanco);Cabotaje;2;2;4
2025-06;AEP - VVI;Aerol¡neas Argentinas;Internacional;;1078;1078
2025-06;AEX - EZE;N/A;Internacional;;12;12
2025-06;AFA - FDO;(en blanco);Cabotaje;5;;5
2025-06;AFA - MDZ;(en blanco);Cabotaje;3;;3
2025-06;AGT - EZE;Aerol¡neas Argentinas;Internacional;;55;55
2025-06;AGT - TUC;(en blanco);Internacional;8;;8
2025-06;AMS - EZE;KLM;Internacional;;13679;13679
2025-06;AMS - EZE;Lufthansa;Internacional;;352;352
2025-06;APZ - JUJ;(en blanco);Cabotaje;1;;1
2025-06;APZ - NQN;Ej‚rcito Argentino;Cabotaje;3;;3
2025-06;AR-0005 - CRD;(en blanco);Cabotaje;1;;1
2025-06;AR-0005 - FDO;(en blanco);Cabotaje;4;;4
2025-06;AR-0005 - MDQ;(en blanco);Cabotaje;2;;2
2025-06;AR-0005 - MDZ;(en blanco);Cabotaje;3;;3
2025-06;AR-0008 - EZE;Aerol¡neas Argentinas;Cabotaje;;118;118
2025-06;AR-0008 - RES;(en blanco);Cabotaje;4;;4
2025-06;AR-0009 - CNQ;(en blanco);Cabotaje;2;;2
2025-06;AR-0009 - COR;(en blanco);Cabotaje;5;;5
2025-06;AR-0009 - RES;(en blanco);Cabotaje;4;1;5
2025-06;AR-0009 - ROS;(en blanco);Cabotaje;1;;1
2025-06;AR-0009 - SDE;(en blanco);Cabotaje;1;;1
2025-06;AR-0009 - SLA;(en blanco);Cabotaje;1;;1
2025-06;AR-0010 - FDO;(en blanco);Cabotaje;6;1;7
2025-06;AR-0014 - FDO;(en blanco);Cabotaje;3;;3
2025-06;AR-0019 - FTE;(en blanco);Cabotaje;;1;1
2025-06;AR-0019 - PMY;(en blanco);Cabotaje;2;3;5
2025-06;AR-0019 - REL;(en blanco);Cabotaje;1;;1
2025-06;AR-0023 - NQN;(en blanco);Cabotaje;1;;1
2025-06;AR-0028 - BHI;(en blanco);Cabotaje;;3;3
2025-06;AR-0035 - NQN;(en blanco);Cabotaje;1;;1
2025-06;AR-0036 - COR;(en blanco);Cabotaje;5;;5
2025-06;AR-0036 - FDO;(en blanco);Cabotaje;1;;1
2025-06;AR-0036 - ROS;(en blanco);Cabotaje;1;;1
2025-06;AR-0036 - SDE;(en blanco);Cabotaje;2;;2
2025-06;AR-0036 - TUC;(en blanco);Cabotaje;1;;1
2025-06;AR-0044 - PRA;(en blanco);Cabotaje;1;;1
2025-06;AR-0052 - CNQ;(en blanco);Cabotaje;1;;1
2025-06;AR-0052 - FDO;(en blanco);Cabotaje;3;;3
2025-06;AR-0052 - RES;(en blanco);Cabotaje;1;;1
2025-06;AR-0053 - FDO;(en blanco);Cabotaje;3;2;5
2025-06;AR-0061 - MDQ;(en blanco);Cabotaje;2;2;4
2025-06;AR-0063 - FDO;(en blanco);Cabotaje;;1;1
2025-06;AR-0069 - EZE;(en blanco);Cabotaje;;1;1
2025-06;AR-0073 - RGL;(en blanco);Cabotaje;3;;3
2025-06;AR-0077 - FDO;N/A;Cabotaje;2;;2
2025-06;AR-0080 - FDO;(en blanco);Cabotaje;1;1;2
2025-06;AR-0081 - EZE;(en blanco);Cabotaje;;4;4
2025-06;AR-0081 - FDO;(en blanco);Cabotaje;1;;1
2025-06;AR-0083 - FDO;(en blanco);Cabotaje;1;2;3
2025-06;AR-0087 - COR;(en blanco);Cabotaje;2;;2
2025-06;AR-0108 - PSS;(en blanco);Cabotaje;1;;1
2025-06;AR-0110 - FDO;(en blanco);Cabotaje;2;;2
2025-06;AR-0111 - PSS;(en blanco);Cabotaje;1;;1
2025-06;AR-0111 - TUC;(en blanco);Cabotaje;2;;2
2025-06;AR-0113 - FDO;(en blanco);Cabotaje;;1;1
2025-06;AR-0114 - RLO;(en blanco);Cabotaje;1;;1
2025-06;AR-0118 - ROS;(en blanco);Cabotaje;1;;1
2025-06;AR-0119 - EZE;(en blanco);Cabotaje;1;;1
2025-06;AR-0119 - IGR;(en blanco);Cabotaje;;4;4
2025-06;AR-0121 - FDO;(en blanco);Cabotaje;3;;3
2025-06;AR-0138 - EZE;(en blanco);Cabotaje;1;1;2
2025-06;AR-0141 - GPO;(en blanco);Cabotaje;3;;3
2025-06;AR-0141 - ROS;(en blanco);Cabotaje;1;;1
2025-06;AR-0143 - FDO;(en blanco);Cabotaje;;2;2
2025-06;AR-0159 - SLA;(en blanco);Cabotaje;1;;1
2025-06;AR-0168 - COR;(en blanco);Cabotaje;1;;1
2025-06;AR-0168 - FDO;(en blanco);Cabotaje;1;3;4
2025-06;AR-0168 - RLO;(en blanco);Cabotaje;1;;1
2025-06;AR-0168 - ROS;(en blanco);Cabotaje;2;;2
2025-06;AR-0173 - CNQ;(en blanco);Cabotaje;2;;2
2025-06;AR-0174 - FDO;(en blanco);Cabotaje;1;;1
2025-06;AR-0175 - COR;(en blanco);Cabotaje;;1;1
2025-06;AR-0184 - EZE;(en blanco);Cabotaje;;5;5
2025-06;AR-0184 - FDO;(en blanco);Cabotaje;2;;2
2025-06;AR-0194 - SLA;(en blanco);Cabotaje;2;;2
2025-06;AR-0199 - BHI;(en blanco);Cabotaje;2;;2
2025-06;AR-0199 - COR;(en blanco);Cabotaje;3;;3
2025-06;AR-0199 - FDO;(en blanco);Cabotaje;1;;1
2025-06;AR-0199 - MDZ;(en blanco);Cabotaje;;1;1
2025-06;AR-0199 - SLA;(en blanco);Cabotaje;3;;3
2025-06;AR-0209 - FDO;(en blanco);Cabotaje;;5;5
2025-06;AR-0210 - PSS;(en blanco);Cabotaje;5;;5
2025-06;AR-0211 - COR;(en blanco);Cabotaje;1;;1
2025-06;AR-0211 - FDO;(en blanco);Cabotaje;2;;2
2025-06;AR-0211 - SLA;(en blanco);Cabotaje;2;;2
2025-06;AR-0212 - FDO;(en blanco);Cabotaje;6;;6
2025-06;AR-0212 - SLA;(en blanco);Cabotaje;4;;4
2025-06;AR-0216 - MDZ;(en blanco);Cabotaje;1;;1
2025-06;AR-0218 - ROS;N/A;Cabotaje;5;;5
2025-06;AR-0240 - FDO;N/A;Cabotaje;1;;1
2025-06;AR-0243 - FDO;(en blanco);Cabotaje;1;;1
2025-06;AR-0248 - FDO;(en blanco);Cabotaje;4;;4
2025-06;AR-0252 - FDO;(en blanco);Cabotaje;1;;1
2025-06;AR-0252 - MOR;(en blanco);Cabotaje;4;;4
2025-06;AR-0262 - RSA;(en blanco);Cabotaje;1;;1
2025-06;AR-0263 - SFN;(en blanco);Cabotaje;2;;2
2025-06;AR-0273 - SLA;(en blanco);Cabotaje;1;;1
2025-06;AR-0287 - FDO;(en blanco);Cabotaje;2;;2
2025-06;AR-0296 - FDO;(en blanco);Cabotaje;6;;6
2025-06;AR-0305 - FMA;(en blanco);Cabotaje;2;;2
2025-06;AR-0313 - CPC;(en blanco);Cabotaje;;3;3
2025-06;AR-0313 - EZE;(en blanco);Cabotaje;;4;4
2025-06;AR-0313 - FDO;(en blanco);Cabotaje;2;;2
2025-06;AR-0318 - MDZ;(en blanco);Cabotaje;3;;3
2025-06;AR-0320 - SLA;(en blanco);Cabotaje;4;;4
2025-06;AR-0325 - TUC;Aerol¡neas Argentinas;Cabotaje;;39;39
2025-06;AR-0328 - COR;(en blanco);Cabotaje;2;;2
2025-06;AR-0333 - ROS;(en blanco);Cabotaje;1;;1
2025-06;AR-0333 - VME;(en blanco);Cabotaje;1;;1
2025-06;AR-0343 - EZE;(en blanco);Cabotaje;1;2;3
2025-06;AR-0343 - FDO;(en blanco);Cabotaje;7;;7
2025-06;AR-0369 - NQN;American Jet;Cabotaje;;256;256
2025-06;AR-0370 - SLA;(en blanco);Cabotaje;;1;1
2025-06;AR-0382 - COR;(en blanco);Cabotaje;2;;2
2025-06;AR-0382 - SDE;(en blanco);Cabotaje;2;;2
2025-06;AR-0383 - FDO;(en blanco);Cabotaje;4;1;5
2025-06;AR-0385 - EZE;(en blanco);Cabotaje;;3;3
2025-06;AR-0385 - OYA;(en blanco);Cabotaje;3;;3
2025-06;AR-0395 - MDQ;(en blanco);Cabotaje;1;;1
2025-06;AR-0410 - RES;(en blanco);Cabotaje;1;;1
2025-06;AR-0415 - MDZ;(en blanco);Cabotaje;3;;3
2025-06;AR-0424 - SLA;N/A;Cabotaje;1;;1
2025-06;AR-0424 - SLA;(en blanco);Cabotaje;5;;5
2025-06;AR-0434 - COR;(en blanco);Cabotaje;1;;1
2025-06;AR-0446 - EZE;(en blanco);Cabotaje;;1;1
2025-06;AR-0446 - FDO;(en blanco);Cabotaje;;1;1
2025-06;AR-0454 - MDQ;(en blanco);Cabotaje;3;;3
2025-06;AR-0457 - EZE;(en blanco);Cabotaje;;4;4
2025-06;AR-0487 - FDO;(en blanco);Cabotaje;1;;1
2025-06;AR-0493 - ROS;(en blanco);Cabotaje;1;;1
2025-06;AR-0494 - EQS;Ej‚rcito Argentino;Cabotaje;2;;2
2025-06;ARI - FDO;(en blanco);Internacional;1;;1
2025-06;ASU - BRC;N/A;Internacional;14;;14
2025-06;ASU - CNQ;N/A;Internacional;8;;8
2025-06;ASU - COR;Amaszonas;Internacional;;927;927
2025-06;ASU - COR;N/A;Internacional;1;;1
2025-06;ASU - COR;(en blanco);Internacional;22;3;25
2025-06;ASU - EZE;Aerol¡neas Argentinas;Internacional;;62;62
2025-06;ASU - EZE;(en blanco);Internacional;;37;37
2025-06;ASU - FDO;N/A;Internacional;10;;10
2025-06;ASU - FDO;(en blanco);Internacional;17;;17
2025-06;ASU - FMA;(en blanco);Internacional;4;;4
2025-06;ASU - IGR;N/A;Internacional;1;;1
2025-06;ASU - JUJ;Amaszonas;Internacional;;212;212
2025-06;ASU - MDZ;N/A;Internacional;9;2;11
2025-06;ASU - PSS;(en blanco);Internacional;;1;1
2025-06;ASU - ROS;N/A;Internacional;9;;9
2025-06;ASU - SLA;Amaszonas;Internacional;22;357;379
2025-06;ASU - SLA;N/A;Internacional;6;;6
2025-06;ASU - TUC;N/A;Internacional;;5;5
2025-06;ASU - TUC;(en blanco);Internacional;5;;5
2025-06;ATL - EZE;American Airlines;Internacional;;224;224
2025-06;ATL - EZE;Delta Air Lines;Internacional;;14629;14629
2025-06;BAQ - EZE;Avianca;Internacional;;90;90
2025-06;BCN - EZE;Iberia Airlines;Internacional;;12530;12530
2025-06;BHI - BRC;LADE - L¡neas A‚reas Del Estado;Cabotaje;46;134;180
2025-06;BHI - BRC;(en blanco);Cabotaje;2;;2
2025-06;BHI - COR;Flybondi;Cabotaje;;54;54
2025-06;BHI - CRD;LADE - L¡neas A‚reas Del Estado;Cabotaje;33;72;105
2025-06;BHI - EQS;Ej‚rcito Argentino;Cabotaje;3;;3
2025-06;BHI - EZE;Aerol¡neas Argentinas;Cabotaje;;1721;1721
2025-06;BHI - FDO;(en blanco);Cabotaje;14;5;19
2025-06;BHI - LUQ;(en blanco);Cabotaje;5;;5
2025-06;BHI - MDQ;LADE - L¡neas A‚reas Del Estado;Cabotaje;113;156;269
2025-06;BHI - MDQ;(en blanco);Cabotaje;7;;7
2025-06;BHI - MDZ;N/A;Cabotaje;7;;7
2025-06;BHI - NQN;(en blanco);Cabotaje;2;6;8
2025-06;BHI - PMY;(en blanco);Cabotaje;8;2;10
2025-06;BHI - PSS;(en blanco);Cabotaje;2;;2
2025-06;BHI - REL;(en blanco);Cabotaje;78;;78
2025-06;BHI - RGL;Fuerza A‚rea Argentina;Cabotaje;19;;19
2025-06;BHI - VDM;(en blanco);Cabotaje;2;2;4
2025-06;BLB - COR;Aerol¡neas Argentinas;Internacional;;135;135
2025-06;BOG - COR;Avianca;Internacional;;1438;1438
2025-06;BOG - EZE;Avianca;Internacional;;26723;26723
2025-06;BOG - EZE;N/A;Internacional;;302;302
2025-06;BON - FDO;(en blanco);Internacional;;4;4
2025-06;BPS - EZE;Gol Transportes A‚reos;Internacional;;1293;1293
2025-06;BRC - CNF;Azul Linhas A‚reas Brasileiras;Internacional;;361;361
2025-06;BRC - COR;Aerol¡neas Argentinas;Cabotaje;;3849;3849
2025-06;BRC - COR;Flybondi;Cabotaje;;3306;3306
2025-06;BRC - CPC;(en blanco);Cabotaje;1;;1
2025-06;BRC - CRD;(en blanco);Cabotaje;;19;19
2025-06;BRC - EQS;Aerol¡neas Argentinas;Cabotaje;;134;134
2025-06;BRC - EQS;N/A;Cabotaje;2;;2
2025-06;BRC - EQS;(en blanco);Cabotaje;1;1;2
2025-06;BRC - EZE;Aerol¡neas Argentinas;Cabotaje;;9748;9748
2025-06;BRC - EZE;Andes L¡neas A‚reas;Cabotaje;;1967;1967
2025-06;BRC - EZE;Flybondi;Cabotaje;;4216;4216
2025-06;BRC - EZE;JetSMART Airlines;Cabotaje;;19317;19317
2025-06;BRC - FDO;N/A;Cabotaje;4;6;10
2025-06;BRC - FDO;(en blanco);Cabotaje;14;18;32
2025-06;BRC - FTE;(en blanco);Cabotaje;;2;2
2025-06;BRC - GRU;Aerol¡neas Argentinas;Internacional;;301;301
2025-06;BRC - GRU;Andes L¡neas A‚reas;Internacional;;364;364
2025-06;BRC - GRU;TAM Linhas A‚reas;Internacional;;2089;2089
2025-06;BRC - IGR;Andes L¡neas A‚reas;Cabotaje;;367;367
2025-06;BRC - JUJ;Andes L¡neas A‚reas;Cabotaje;;817;817
2025-06;BRC - LMMM;N/A;Internacional;10;;10
2025-06;BRC - MDQ;Andes L¡neas A‚reas;Cabotaje;;1734;1734
2025-06;BRC - MDQ;(en blanco);Cabotaje;4;4;8
2025-06;BRC - MDZ;Aerol¡neas Argentinas;Cabotaje;;2290;2290
2025-06;BRC - MDZ;N/A;Cabotaje;7;;7
2025-06;BRC - MVD;Aerol¡neas Argentinas;Internacional;;485;485
2025-06;BRC - NQN;Aerol¡neas Argentinas;Cabotaje;;285;285
2025-06;BRC - NQN;N/A;Cabotaje;3;6;9
2025-06;BRC - NQN;(en blanco);Cabotaje;5;19;24
2025-06;BRC - PDP;Andes L¡neas A‚reas;Internacional;;1392;1392
2025-06;BRC - PDP;N/A;Internacional;3;;3
2025-06;BRC - POA;Azul Linhas A‚reas Brasileiras;Internacional;;970;970
2025-06;BRC - PSS;Andes L¡neas A‚reas;Cabotaje;;1647;1647
2025-06;BRC - RES;Andes L¡neas A‚reas;Cabotaje;;181;181
2025-06;BRC - SCL;Sky Airline;Internacional;;2193;2193
2025-06;BRC - SDE;Andes L¡neas A‚reas;Cabotaje;;185;185
2025-06;BRC - SUAA;(en blanco);Internacional;;3;3
2025-06;BRC - TUC;(en blanco);Cabotaje;18;6;24
2025-06;BRC - UAQ;Andes L¡neas A‚reas;Cabotaje;;92;92
2025-06;BRC - VCP;Azul Linhas A‚reas Brasileiras;Internacional;;856;856
2025-06;BRC - VCP;TAM Linhas A‚reas;Internacional;;315;315
2025-06;BSB - EZE;Gol Transportes A‚reos;Internacional;;1633;1633
2025-06;BSB - FDO;(en blanco);Internacional;4;;4
2025-06;BSB - MDZ;N/A;Internacional;6;;6
2025-06;CBB - EZE;Boliviana de Aviacion;Internacional;;160;160
2025-06;CDG - EZE;Air France;Internacional;;14732;14732
2025-06;CFB - ROS;Aerol¡neas Argentinas;Internacional;;177;177
2025-06;CGB - CNQ;N/A;Internacional;16;;16
2025-06;CGR - FMA;N/A;Internacional;12;;12
2025-06;CGR - MDZ;N/A;Internacional;6;;6
2025-06;CJC - MDZ;(en blanco);Internacional;8;;8
2025-06;CNQ - CNQ;(en blanco);Cabotaje;8;;8
2025-06;CNQ - COR;(en blanco);Cabotaje;;2;2
2025-06;CNQ - EZE;Aerol¡neas Argentinas;Cabotaje;;158;158
2025-06;CNQ - EZE;Flybondi;Cabotaje;;365;365
2025-06;CNQ - FDO;(en blanco);Cabotaje;25;7;32
2025-06;CNQ - FMA;(en blanco);Cabotaje;3;;3
2025-06;CNQ - IGU;N/A;Internacional;16;;16
2025-06;CNQ - IRJ;(en blanco);Cabotaje;4;;4
2025-06;CNQ - LPG;(en blanco);Cabotaje;;3;3
2025-06;CNQ - NVT;N/A;Internacional;5;;5
2025-06;CNQ - PRA;(en blanco);Cabotaje;3;;3
2025-06;CNQ - PSS;(en blanco);Cabotaje;5;;5
2025-06;CNQ - ROS;N/A;Cabotaje;2;;2
2025-06;CNQ - SA26;(en blanco);Cabotaje;1;;1
2025-06;CNQ - SDE;(en blanco);Cabotaje;4;;4
2025-06;COR - COR;N/A;Cabotaje;6;;6
2025-06;COR - COR;(en blanco);Cabotaje;18;;18
2025-06;COR - CRD;Aerol¡neas Argentinas;Cabotaje;;1499;1499
2025-06;COR - CRD;Fuerza A‚rea Argentina;Cabotaje;111;;111
2025-06;COR - CRD;(en blanco);Cabotaje;49;;49
2025-06;COR - CTC;N/A;Cabotaje;5;5;10
2025-06;COR - CTC;(en blanco);Cabotaje;3;2;5
2025-06;COR - EPA;Fuerza A‚rea Argentina;Cabotaje;4;;4
2025-06;COR - EPA;(en blanco);Cabotaje;20;;20
2025-06;COR - EZE;Aerol¡neas Argentinas;Cabotaje;;9351;9351
2025-06;COR - EZE;Flybondi;Cabotaje;;1372;1372
2025-06;COR - EZE;JetSMART Airlines;Cabotaje;;264;264
2025-06;COR - EZE;N/A;Cabotaje;4;2;6
2025-06;COR - EZE;(en blanco);Cabotaje;12;15;27
2025-06;COR - FDO;N/A;Cabotaje;6;4;10
2025-06;COR - FDO;(en blanco);Cabotaje;44;19;63
2025-06;COR - GIG;Aerol¡neas Argentinas;Internacional;;1720;1720
2025-06;COR - GIG;Gol Transportes A‚reos;Internacional;;6671;6671
2025-06;COR - GRU;Gol Transportes A‚reos;Internacional;;2731;2731
2025-06;COR - IAH;N/A;Internacional;9;9;18
2025-06;COR - IGR;Aerol¡neas Argentinas;Cabotaje;;3274;3274
2025-06;COR - IGU;N/A;Internacional;6;;6
2025-06;COR - IRJ;N/A;Cabotaje;3;4;7
2025-06;COR - IRJ;(en blanco);Cabotaje;6;4;10
2025-06;COR - JUJ;Aerol¡neas Argentinas;Cabotaje;;2833;2833
2025-06;COR - JUJ;N/A;Cabotaje;2;4;6
2025-06;COR - LEMS;Air Europa;Internacional;;337;337
2025-06;COR - LIM;LATAM Per£;Internacional;;8434;8434
2025-06;COR - LIM;(en blanco);Internacional;7;;7
2025-06;COR - LMMM;N/A;Internacional;5;;5
2025-06;COR - MAD;Air Europa;Internacional;;8226;8226
2025-06;COR - MDQ;N/A;Cabotaje;;1;1
2025-06;COR - MDZ;Aerol¡neas Argentinas;Cabotaje;;7058;7058
2025-06;COR - MDZ;Fuerza A‚rea Argentina;Cabotaje;10;;10
2025-06;COR - MDZ;N/A;Cabotaje;2;;2
2025-06;COR - MDZ;(en blanco);Cabotaje;80;13;93
2025-06;COR - NCJ;(en blanco);Cabotaje;;1;1
2025-06;COR - NQN;Aerol¡neas Argentinas;Cabotaje;;6716;6716
2025-06;COR - NQN;Flybondi;Cabotaje;;4751;4751
2025-06;COR - NQN;(en blanco);Cabotaje;4;;4
2025-06;COR - POA;(en blanco);Internacional;9;;9
2025-06;COR - PRA;(en blanco);Cabotaje;3;;3
2025-06;COR - PSS;Aerol¡neas Argentinas;Cabotaje;;1055;1055
2025-06;COR - PTY;Copa Airlines;Internacional;;18338;18338
2025-06;COR - PUJ;Aerol¡neas Argentinas;Internacional;;3023;3023
2025-06;COR - RAF;(en blanco);Cabotaje;2;4;6
2025-06;COR - RDS;(en blanco);Cabotaje;2;;2
2025-06;COR - REC;Gol Transportes A‚reos;Internacional;;1411;1411
2025-06;COR - ROS;Copa Airlines;Cabotaje;;67;67
2025-06;COR - ROS;N/A;Cabotaje;1;;1
2025-06;COR - ROS;(en blanco);Cabotaje;8;1;9
2025-06;COR - SA17;(en blanco);Cabotaje;7;;7
2025-06;COR - SANO;(en blanco);Cabotaje;2;;2
2025-06;COR - SAOM;(en blanco);Cabotaje;4;;4
2025-06;COR - SCL;JetSMART Airlines;Internacional;;2;2
2025-06;COR - SCL;LATAM;Internacional;;11061;11061
2025-06;COR - SCL;N/A;Internacional;6;;6
2025-06;COR - SCL;(en blanco);Internacional;;6;6
2025-06;COR - SDE;(en blanco);Cabotaje;19;3;22
2025-06;COR - SFN;(en blanco);Cabotaje;9;2;11
2025-06;COR - SLA;Aerol¡neas Argentinas;Cabotaje;;4634;4634
2025-06;COR - SLA;Flybondi;Cabotaje;;3381;3381
2025-06;COR - SLA;(en blanco);Cabotaje;36;8;44
2025-06;COR - TUC;Aerol¡neas Argentinas;Cabotaje;;2592;2592
2025-06;COR - TUC;N/A;Cabotaje;5;5;10
2025-06;COR - TUC;(en blanco);Cabotaje;10;12;22
2025-06;COR - VDR;(en blanco);Cabotaje;6;1;7
2025-06;COR - VMA;(en blanco);Cabotaje;1;;1
2025-06;COR - VME;(en blanco);Cabotaje;3;;3
2025-06;CPC - EZE;Aerol¡neas Argentinas;Cabotaje;;208;208
2025-06;CPC - EZE;(en blanco);Cabotaje;;1;1
2025-06;CPC - FDO;N/A;Cabotaje;;6;6
2025-06;CPC - FDO;(en blanco);Cabotaje;;3;3
2025-06;CPC - LRD;N/A;Internacional;7;;7
2025-06;CPC - NQN;Aerol¡neas Argentinas;Cabotaje;;70;70
2025-06;CPC - NQN;N/A;Cabotaje;;2;2
2025-06;CPC - NQN;(en blanco);Cabotaje;3;3;6
2025-06;CRD - EZE;Aerol¡neas Argentinas;Cabotaje;;2686;2686
2025-06;CRD - EZE;Flybondi;Cabotaje;;845;845
2025-06;CRD - EZE;(en blanco);Cabotaje;1;1;2
2025-06;CRD - FDO;N/A;Cabotaje;;7;7
2025-06;CRD - FDO;(en blanco);Cabotaje;7;7;14
2025-06;CRD - FTE;LADE - L¡neas A‚reas Del Estado;Cabotaje;76;81;157
2025-06;CRD - FTE;(en blanco);Cabotaje;1;;1
2025-06;CRD - MOR;(en blanco);Cabotaje;2;;2
2025-06;CRD - NQN;Aerol¡neas Argentinas;Cabotaje;;4294;4294
2025-06;CRD - NQN;(en blanco);Cabotaje;3;;3
2025-06;CRD - OES;(en blanco);Cabotaje;1;;1
2025-06;CRD - PMQ;LADE - L¡neas A‚reas Del Estado;Cabotaje;31;59;90
2025-06;CRD - PMY;(en blanco);Cabotaje;1;;1
2025-06;CRD - REL;N/A;Cabotaje;;3;3
2025-06;CRD - REL;(en blanco);Cabotaje;14;9;23
2025-06;CRD - RGL;Fuerza A‚rea Argentina;Cabotaje;94;;94
2025-06;CRD - RGL;(en blanco);Cabotaje;1;11;12
2025-06;CRD - USH;(en blanco);Cabotaje;5;4;9
2025-06;CSZ - EZE;Aerol¡neas Argentinas;Cabotaje;;79;79
2025-06;CSZ - FDO;(en blanco);Cabotaje;4;4;8
2025-06;CTC - CTC;(en blanco);Cabotaje;3;;3
2025-06;CTC - EZE;Aerol¡neas Argentinas;Cabotaje;;72;72
2025-06;CTC - FDO;(en blanco);Cabotaje;13;5;18
2025-06;CTC - IRJ;Aerol¡neas Argentinas;Cabotaje;;847;847
2025-06;CTC - RAF;(en blanco);Cabotaje;4;;4
2025-06;CTC - RCQ;(en blanco);Cabotaje;;3;3
2025-06;CTC - SA42;(en blanco);Cabotaje;6;;6
2025-06;CTC - SANI;(en blanco);Cabotaje;2;2;4
2025-06;CTC - SDE;(en blanco);Cabotaje;9;1;10
2025-06;CTC - SLA;(en blanco);Cabotaje;45;5;50
2025-06;CTC - TUC;(en blanco);Cabotaje;2;;2
2025-06;CTG - EZE;Arajet;Internacional;;354;354
2025-06;CUN - EZE;Aerol¡neas Argentinas;Internacional;;7367;7367
2025-06;CUZ - FDO;(en blanco);Internacional;2;;2
2025-06;CWB - FDO;N/A;Internacional;6;;6
2025-06;CWB - ROS;N/A;Internacional;3;;3
2025-06;CWB - ROS;(en blanco);Internacional;8;;8
2025-06;CWB - SFN;N/A;Internacional;8;;8
2025-06;CYR - FDO;(en blanco);Internacional;3;;3
2025-06;CYR - PRA;(en blanco);Internacional;2;;2
2025-06;EDP - FDO;(en blanco);Internacional;;3;3
2025-06;ELO - PSS;(en blanco);Cabotaje;3;;3
2025-06;EMX - EQS;(en blanco);Cabotaje;1;;1
2025-06;ENO - FDO;(en blanco);Internacional;1;;1
2025-06;ENO - PRA;(en blanco);Cabotaje;3;;3
2025-06;EPA - MDQ;(en blanco);Cabotaje;20;;20
2025-06;EPA - MDZ;(en blanco);Cabotaje;4;;4
2025-06;EPA - PRA;(en blanco);Cabotaje;1;;1
2025-06;EPA - RCQ;Fuerza A‚rea Argentina;Cabotaje;7;;7
2025-06;EPA - RCQ;(en blanco);Cabotaje;23;;23
2025-06;EPA - RGL;Fuerza A‚rea Argentina;Cabotaje;44;;44
2025-06;EPA - TUC;Fuerza A‚rea Argentina;Cabotaje;6;;6
2025-06;EPA - VDM;(en blanco);Cabotaje;2;2;4
2025-06;EQS - EQS;(en blanco);Cabotaje;5;;5
2025-06;EQS - EZE;Aerol¡neas Argentinas;Cabotaje;;378;378
2025-06;EQS - FDO;N/A;Cabotaje;;1;1
2025-06;EQS - FDO;(en blanco);Cabotaje;;1;1
2025-06;EQS - GNR;N/A;Cabotaje;;1;1
2025-06;EQS - MOR;(en blanco);Cabotaje;;2;2
2025-06;EQS - NQN;American Jet;Cabotaje;;1;1
2025-06;EQS - NQN;(en blanco);Cabotaje;1;;1
2025-06;EQS - REL;N/A;Cabotaje;2;5;7
2025-06;EQS - REL;(en blanco);Cabotaje;;3;3
2025-06;EZE - EZE;Aerol¡neas Argentinas;Cabotaje;;4;4
2025-06;EZE - FAA EJERCITO ARGENTINO;(en blanco);Internacional;15;2;17
2025-06;EZE - FCO;Aerol¡neas Argentinas;Internacional;;8404;8404
2025-06;EZE - FCO;Air France;Internacional;;269;269
2025-06;EZE - FCO;ITA Airways;Internacional;;22903;22903
2025-06;EZE - FDO;N/A;Cabotaje;;1;1
2025-06;EZE - FDO;(en blanco);Cabotaje;6;14;20
2025-06;EZE - FLL;LATAM;Internacional;4;;4
2025-06;EZE - FLL;N/A;Internacional;3;;3
2025-06;EZE - FLL;NetJets;Internacional;3;;3
2025-06;EZE - FLN;Gol Transportes A‚reos;Internacional;;2956;2956
2025-06;EZE - FLN;N/A;Internacional;;11;11
2025-06;EZE - FMA;Aerol¡neas Argentinas;Cabotaje;;74;74
2025-06;EZE - FOR;Gol Transportes A‚reos;Internacional;;1249;1249
2025-06;EZE - FRA;Lufthansa;Internacional;;18338;18338
2025-06;EZE - FRA;Lufthansa Cargo;Internacional;;9;9
2025-06;EZE - FTE;Aerol¡neas Argentinas;Cabotaje;;3466;3466
2025-06;EZE - FTE;Flybondi;Cabotaje;;3168;3168
2025-06;EZE - FTE;JetSMART Airlines;Cabotaje;;63;63
2025-06;EZE - GIG;British Airways;Internacional;;8375;8375
2025-06;EZE - GIG;Emirates Airline;Internacional;;7173;7173
2025-06;EZE - GIG;Flybondi;Internacional;;5967;5967
2025-06;EZE - GIG;Gol Transportes A‚reos;Internacional;;10315;10315
2025-06;EZE - GIG;JetSMART Airlines;Internacional;;1109;1109
2025-06;EZE - GIG;N/A;Internacional;2;;2
2025-06;EZE - GIG;TAM Linhas A‚reas;Internacional;;1068;1068
2025-06;EZE - GRU;Air Canada;Internacional;;5678;5678
2025-06;EZE - GRU;British Airways;Internacional;;476;476
2025-06;EZE - GRU;Emirates Airline;Internacional;;110;110
2025-06;EZE - GRU;Ethiopian Airlines;Internacional;;8060;8060
2025-06;EZE - GRU;Flybondi;Internacional;;329;329
2025-06;EZE - GRU;Gol Transportes A‚reos;Internacional;;1139;1139
2025-06;EZE - GRU;Lufthansa;Internacional;;346;346
2025-06;EZE - GRU;N/A;Internacional;9;4;13
2025-06;EZE - GRU;Swiss International Air Lines;Internacional;;1706;1706
2025-06;EZE - GRU;TAM Linhas A‚reas;Internacional;;6658;6658
2025-06;EZE - GRU;Turkish Airlines;Internacional;;9963;9963
2025-06;EZE - GVA;N/A;Internacional;6;;6
2025-06;EZE - GYE;Avianca;Internacional;;1674;1674
2025-06;EZE - GYE;Avianca Costa Rica;Internacional;;2021;2021
2025-06;EZE - GYE;LATAM Ecuador;Internacional;;92;92
2025-06;EZE - GYE;N/A;Internacional;;7;7
2025-06;EZE - GYE;(en blanco);Internacional;;9;9
2025-06;EZE - IAH;Emirates Airline;Internacional;;227;227
2025-06;EZE - IAH;United Airlines;Internacional;;14015;14015
2025-06;EZE - IGR;Aerol¡neas Argentinas;Cabotaje;;8853;8853
2025-06;EZE - IGR;Flybondi;Cabotaje;;5692;5692
2025-06;EZE - IGR;JetSMART Airlines;Cabotaje;;9088;9088
2025-06;EZE - IGR;TAM Linhas A‚reas;Cabotaje;;78;78
2025-06;EZE - IRJ;Aerol¡neas Argentinas;Cabotaje;;260;260
2025-06;EZE - IRJ;(en blanco);Cabotaje;3;;3
2025-06;EZE - JFK;American Airlines;Internacional;;12999;12999
2025-06;EZE - JNI;(en blanco);Cabotaje;;4;4
2025-06;EZE - JPA;Gol Transportes A‚reos;Internacional;;465;465
2025-06;EZE - JUJ;Aerol¡neas Argentinas;Cabotaje;;2020;2020
2025-06;EZE - JUJ;Flybondi;Cabotaje;;6819;6819
2025-06;EZE - JUJ;(en blanco);Cabotaje;2;;2
2025-06;EZE - LAX;(en blanco);Internacional;;4;4
2025-06;EZE - LHR;British Airways;Internacional;;147;147
2025-06;EZE - LIM;LATAM Ecuador;Internacional;;5725;5725
2025-06;EZE - LIM;LATAM Per£;Internacional;;14092;14092
2025-06;EZE - LIM;N/A;Internacional;;46;46
2025-06;EZE - LIM;Sky Airline;Internacional;;1308;1308
2025-06;EZE - LIM;(en blanco);Internacional;7;;7
2025-06;EZE - LTN;N/A;Internacional;;1;1
2025-06;EZE - LUQ;Aerol¡neas Argentinas;Cabotaje;;86;86
2025-06;EZE - LUQ;American Jet;Cabotaje;25;25;50
2025-06;EZE - LUQ;N/A;Cabotaje;3;;3
2025-06;EZE - MAD;Aerol¡neas Argentinas;Internacional;;22070;22070
2025-06;EZE - MAD;Air Europa;Internacional;;20077;20077
2025-06;EZE - MAD;Gestair;Internacional;;3;3
2025-06;EZE - MAD;Iberia Airlines;Internacional;;54713;54713
2025-06;EZE - MCZ;Gol Transportes A‚reos;Internacional;;898;898
2025-06;EZE - MDE;Arajet;Internacional;;341;341
2025-06;EZE - MDE;Avianca;Internacional;;8456;8456
2025-06;EZE - MDE;Avianca Costa Rica;Internacional;;106;106
2025-06;EZE - MDE;N/A;Internacional;;137;137
2025-06;EZE - MDQ;Aerol¡neas Argentinas;Cabotaje;;169;169
2025-06;EZE - MDQ;Andes L¡neas A‚reas;Cabotaje;;25;25
2025-06;EZE - MDZ;Aerol¡neas Argentinas;Cabotaje;;9192;9192
2025-06;EZE - MDZ;Flybondi;Cabotaje;;1836;1836
2025-06;EZE - MDZ;JetSMART Airlines;Cabotaje;;2168;2168
2025-06;EZE - MDZ;N/A;Cabotaje;44;45;89
2025-06;EZE - MEX;Aerom‚xico;Internacional;;14181;14181
2025-06;EZE - MIA;Aerol¡neas Argentinas;Internacional;;28953;28953
2025-06;EZE - MIA;American Airlines;Internacional;;28264;28264
2025-06;EZE - MIA;NetJets;Internacional;2;;2
2025-06;EZE - MVD;Air Europa;Internacional;;212;212
2025-06;EZE - MVD;Andes L¡neas A‚reas;Internacional;;4;4
2025-06;EZE - MVD;Avianca;Internacional;;151;151
2025-06;EZE - MVD;Copa Airlines;Internacional;;306;306
2025-06;EZE - MVD;Fuerza A‚rea Uruguaya;Internacional;7;;7
2025-06;EZE - MVD;Iberia Airlines;Internacional;;285;285
2025-06;EZE - MVD;JetSMART Airlines;Internacional;;130;130
2025-06;EZE - MVD;LATAM;Internacional;;93;93
2025-06;EZE - MVD;LATAM Per£;Internacional;;171;171
2025-06;EZE - MVD;Lufthansa Cargo;Internacional;;4;4
2025-06;EZE - MVD;N/A;Internacional;;4;4
2025-06;EZE - MVD;TAM Linhas A‚reas;Internacional;;442;442
2025-06;EZE - MVD;(en blanco);Internacional;;3;3
2025-06;EZE - NAS;N/A;Internacional;;2;2
2025-06;EZE - NAT;Gol Transportes A‚reos;Internacional;;710;710
2025-06;EZE - NQN;Aerol¡neas Argentinas;Cabotaje;;6583;6583
2025-06;EZE - NQN;Flybondi;Cabotaje;;407;407
2025-06;EZE - NQN;JetSMART Airlines;Cabotaje;;982;982
2025-06;EZE - OLB;N/A;Internacional;;2;2
2025-06;EZE - OPF;N/A;Internacional;;2;2
2025-06;EZE - OYA;(en blanco);Cabotaje;;2;2
2025-06;EZE - PDP;N/A;Internacional;2;1;3
2025-06;EZE - PDP;(en blanco);Internacional;20;4;24
2025-06;EZE - PEH;(en blanco);Cabotaje;;11;11
2025-06;EZE - PLS;N/A;Internacional;4;2;6
2025-06;EZE - PMY;Aerol¡neas Argentinas;Cabotaje;;131;131
2025-06;EZE - PMY;Flybondi;Cabotaje;;312;312
2025-06;EZE - POA;N/A;Internacional;1;;1
2025-06;EZE - PRA;Aerol¡neas Argentinas;Cabotaje;;6;6
2025-06;EZE - PRA;American Jet;Cabotaje;;6;6
2025-06;EZE - PRA;(en blanco);Cabotaje;12;4;16
2025-06;EZE - PSS;Aerol¡neas Argentinas;Cabotaje;;1526;1526
2025-06;EZE - PSS;Andes L¡neas A‚reas;Cabotaje;;7;7
2025-06;EZE - PTY;Boliviana de Aviacion;Internacional;;149;149
2025-06;EZE - PTY;Copa Airlines;Internacional;;40498;40498
2025-06;EZE - PTY;N/A;Internacional;5;7725;7730
2025-06;EZE - PUJ;Aerol¡neas Argentinas;Internacional;;9663;9663
2025-06;EZE - PUJ;Arajet;Internacional;;9859;9859
2025-06;EZE - RAF;(en blanco);Cabotaje;1;2;3
2025-06;EZE - RAI;N/A;Internacional;4;5;9
2025-06;EZE - RCQ;(en blanco);Cabotaje;;6;6
2025-06;EZE - REL;Aerol¡neas Argentinas;Cabotaje;;359;359
2025-06;EZE - RES;Aerol¡neas Argentinas;Cabotaje;;1322;1322
2025-06;EZE - RES;Andes L¡neas A‚reas;Cabotaje;;3;3
2025-06;EZE - RES;JetSMART Airlines;Cabotaje;;71;71
2025-06;EZE - RGA;Aerol¡neas Argentinas;Cabotaje;;290;290
2025-06;EZE - RGL;(en blanco);Cabotaje;;2;2
2025-06;EZE - RHD;(en blanco);Cabotaje;;5;5
2025-06;EZE - RLO;(en blanco);Cabotaje;;6;6
2025-06;EZE - ROS;Aerol¡neas Argentinas;Cabotaje;;1359;1359
2025-06;EZE - ROS;Copa Airlines;Cabotaje;;65;65
2025-06;EZE - ROS;LATAM Per£;Cabotaje;;73;73
2025-06;EZE - ROS;(en blanco);Cabotaje;6;2;8
2025-06;EZE - RSA;(en blanco);Cabotaje;2;2;4
2025-06;EZE - SA31;(en blanco);Cabotaje;;1;1
2025-06;EZE - SCL;Aerol¡neas Argentinas;Internacional;;307;307
2025-06;EZE - SCL;JetSMART Airlines;Internacional;;3065;3065
2025-06;EZE - SCL;KLM;Internacional;;6651;6651
2025-06;EZE - SCL;LATAM;Internacional;;22621;22621
2025-06;EZE - SCL;N/A;Internacional;7;3;10
2025-06;EZE - SCL;Sky Airline;Internacional;;2814;2814
2025-06;EZE - SCL;TAM Linhas A‚reas;Internacional;;169;169
2025-06;EZE - SDE;Aerol¡neas Argentinas;Cabotaje;;4058;4058
2025-06;EZE - SDE;American Airlines;Cabotaje;;65;65
2025-06;EZE - SDE;American Jet;Cabotaje;;50;50
2025-06;EZE - SDE;Andes L¡neas A‚reas;Cabotaje;;838;838
2025-06;EZE - SDE;Flybondi;Cabotaje;;130;130
2025-06;EZE - SDE;(en blanco);Cabotaje;3;1;4
2025-06;EZE - SEA;Aerol¡neas Argentinas;Internacional;;83;83
2025-06;EZE - SEN;N/A;Internacional;;1;1
2025-06;EZE - SEQU;Avianca;Internacional;;52;52
2025-06;EZE - SLA;Aerol¡neas Argentinas;Cabotaje;;8629;8629
2025-06;EZE - SLA;Flybondi;Cabotaje;;4387;4387
2025-06;EZE - SLA;JetSMART Airlines;Cabotaje;;1572;1572
2025-06;EZE - SRQ;N/A;Internacional;;3;3
2025-06;EZE - SSA;Sky Airline;Internacional;;1934;1934
2025-06;EZE - TEB;(en blanco);Internacional;7;;7
2025-06;EZE - TLC;LATAM;Internacional;;3;3
2025-06;EZE - TPA;N/A;Internacional;10;;10
2025-06;EZE - TUC;Aerol¡neas Argentinas;Cabotaje;;8056;8056
2025-06;EZE - TUC;Flybondi;Cabotaje;;1478;1478
2025-06;EZE - TUC;JetSMART Airlines;Cabotaje;;3311;3311
2025-06;EZE - TUC;(en blanco);Cabotaje;11;58;69
2025-06;EZE - UAQ;Aerol¡neas Argentinas;Cabotaje;;1420;1420
2025-06;EZE - UAQ;(en blanco);Cabotaje;;1;1
2025-06;EZE - UIO;Avianca;Internacional;;1240;1240
2025-06;EZE - UIO;Avianca Costa Rica;Internacional;;2588;2588
2025-06;EZE - USH;Aerol¡neas Argentinas;Cabotaje;;4638;4638
2025-06;EZE - USH;Flybondi;Cabotaje;;3348;3348
2025-06;EZE - USH;JetSMART Airlines;Cabotaje;;1210;1210
2025-06;EZE - VDR;(en blanco);Cabotaje;3;7;10
2025-06;EZE - VVI;American Jet;Internacional;;6;6
2025-06;EZE - VVI;Boliviana de Aviacion;Internacional;;14932;14932
2025-06;FAA EJERCITO ARGENTINO - FDO;(en blanco);Internacional;13;4;17
2025-06;FAA EJERCITO ARGENTINO - SFN;N/A;Internacional;;8;8
2025-06;FDO - FDO;N/A;Cabotaje;5;;5
2025-06;FDO - FDO;(en blanco);Cabotaje;50;13;63
2025-06;FDO - FLN;N/A;Internacional;4;2;6
2025-06;FDO - FLN;(en blanco);Internacional;;5;5
2025-06;FDO - FMA;N/A;Cabotaje;3;12;15
2025-06;FDO - FMA;(en blanco);Cabotaje;1;2;3
2025-06;FDO - FOR;N/A;Internacional;2;;2
2025-06;FDO - FTE;(en blanco);Cabotaje;;2;2
2025-06;FDO - GHU;(en blanco);Cabotaje;3;;3
2025-06;FDO - GNR;N/A;Cabotaje;;1;1
2025-06;FDO - GPO;N/A;Cabotaje;;3;3
2025-06;FDO - GPO;(en blanco);Cabotaje;6;;6
2025-06;FDO - GRU;(en blanco);Internacional;5;13;18
2025-06;FDO - GYE;(en blanco);Internacional;7;5;12
2025-06;FDO - IGR;(en blanco);Cabotaje;;2;2
2025-06;FDO - IRJ;American Jet;Cabotaje;4;;4
2025-06;FDO - IRJ;N/A;Cabotaje;1;;1
2025-06;FDO - IRJ;(en blanco);Cabotaje;8;;8
2025-06;FDO - JUJ;N/A;Cabotaje;6;2;8
2025-06;FDO - JUJ;(en blanco);Cabotaje;7;4;11
2025-06;FDO - KNA;(en blanco);Internacional;;8;8
2025-06;FDO - LGS;N/A;Cabotaje;;3;3
2025-06;FDO - LIM;(en blanco);Internacional;14;;14
2025-06;FDO - LMMM;N/A;Internacional;30;6;36
2025-06;FDO - LMMM;(en blanco);Internacional;10;;10
2025-06;FDO - LPG;(en blanco);Cabotaje;3;3;6
2025-06;FDO - LUQ;N/A;Cabotaje;1;;1
2025-06;FDO - LUQ;(en blanco);Cabotaje;4;;4
2025-06;FDO - MDQ;American Jet;Cabotaje;;29;29
2025-06;FDO - MDQ;N/A;Cabotaje;1;1;2
2025-06;FDO - MDQ;(en blanco);Cabotaje;24;16;40
2025-06;FDO - MDX;(en blanco);Cabotaje;9;1;10
2025-06;FDO - MDZ;N/A;Cabotaje;8;1;9
2025-06;FDO - MDZ;(en blanco);Cabotaje;25;41;66
2025-06;FDO - MOR;(en blanco);Cabotaje;3;;3
2025-06;FDO - MVD;N/A;Internacional;13;4;17
2025-06;FDO - MVD;(en blanco);Internacional;27;9;36
2025-06;FDO - NCJ;(en blanco);Cabotaje;5;2;7
2025-06;FDO - NQN;N/A;Cabotaje;3;11;14
2025-06;FDO - NQN;(en blanco);Cabotaje;35;51;86
2025-06;FDO - ORA;(en blanco);Cabotaje;3;;3
2025-06;FDO - OYA;(en blanco);Cabotaje;1;2;3
2025-06;FDO - OYO;(en blanco);Cabotaje;5;;5
2025-06;FDO - PDP;N/A;Internacional;42;44;86
2025-06;FDO - PDP;(en blanco);Internacional;147;69;216
2025-06;FDO - PEH;(en blanco);Cabotaje;6;;6
2025-06;FDO - PMQ;(en blanco);Cabotaje;;22;22
2025-06;FDO - PMY;N/A;Cabotaje;;3;3
2025-06;FDO - PMY;(en blanco);Cabotaje;11;;11
2025-06;FDO - POA;N/A;Internacional;3;;3
2025-06;FDO - POA;(en blanco);Internacional;;5;5
2025-06;FDO - PRA;American Jet;Cabotaje;1;26;27
2025-06;FDO - PRA;N/A;Cabotaje;;3;3
2025-06;FDO - PRA;(en blanco);Cabotaje;48;9;57
2025-06;FDO - PSS;N/A;Cabotaje;4;;4
2025-06;FDO - PSS;(en blanco);Cabotaje;29;19;48
2025-06;FDO - RAF;(en blanco);Cabotaje;5;4;9
2025-06;FDO - RAI;(en blanco);Internacional;9;;9
2025-06;FDO - RCU;(en blanco);Cabotaje;1;;1
2025-06;FDO - REL;(en blanco);Cabotaje;8;6;14
2025-06;FDO - RES;American Jet;Cabotaje;;9;9
2025-06;FDO - RES;N/A;Cabotaje;2;2;4
2025-06;FDO - RES;(en blanco);Cabotaje;4;;4
2025-06;FDO - RGA;N/A;Cabotaje;;4;4
2025-06;FDO - RGA;(en blanco);Cabotaje;;1;1
2025-06;FDO - RGL;N/A;Cabotaje;;2;2
2025-06;FDO - RGL;(en blanco);Cabotaje;2;5;7
2025-06;FDO - ROS;N/A;Cabotaje;5;4;9
2025-06;FDO - ROS;(en blanco);Cabotaje;28;8;36
2025-06;FDO - RSA;N/A;Cabotaje;4;4;8
2025-06;FDO - RSA;(en blanco);Cabotaje;6;;6
2025-06;FDO - SA02;(en blanco);Cabotaje;6;;6
2025-06;FDO - SA04;(en blanco);Cabotaje;16;;16
2025-06;FDO - SA17;(en blanco);Cabotaje;;2;2
2025-06;FDO - SA29;(en blanco);Cabotaje;1;;1
2025-06;FDO - SA31;(en blanco);Cabotaje;;1;1
2025-06;FDO - SA32;N/A;Cabotaje;2;;2
2025-06;FDO - SA32;(en blanco);Cabotaje;3;1;4
2025-06;FDO - SA36;(en blanco);Cabotaje;2;;2
2025-06;FDO - SA40;(en blanco);Cabotaje;1;3;4
2025-06;FDO - SACD;(en blanco);Cabotaje;;1;1
2025-06;FDO - SADO;N/A;Cabotaje;2;;2
2025-06;FDO - SAEA;(en blanco);Cabotaje;1;;1
2025-06;FDO - SAOM;(en blanco);Cabotaje;1;;1
2025-06;FDO - SAVO;(en blanco);Cabotaje;;2;2
2025-06;FDO - SAZA;(en blanco);Cabotaje;1;1;2
2025-06;FDO - SCL;Aerocardal;Internacional;;2;2
2025-06;FDO - SCL;N/A;Internacional;11;;11
2025-06;FDO - SCL;(en blanco);Internacional;14;2;16
2025-06;FDO - SDE;American Jet;Cabotaje;10;29;39
2025-06;FDO - SDE;N/A;Cabotaje;2;12;14
2025-06;FDO - SDE;(en blanco);Cabotaje;145;61;206
2025-06;FDO - SFN;N/A;Cabotaje;3;4;7
2025-06;FDO - SFN;(en blanco);Cabotaje;2;6;8
2025-06;FDO - SID;N/A;Internacional;5;;5
2025-06;FDO - SLA;N/A;Cabotaje;;1;1
2025-06;FDO - SLA;(en blanco);Cabotaje;36;25;61
2025-06;FDO - STY;(en blanco);Internacional;;7;7
2025-06;FDO - SUAA;N/A;Internacional;3;8;11
2025-06;FDO - SUAA;(en blanco);Internacional;59;12;71
2025-06;FDO - SUCM;N/A;Internacional;4;;4
2025-06;FDO - SUCM;(en blanco);Internacional;86;27;113
2025-06;FDO - TDL;(en blanco);Cabotaje;5;;5
2025-06;FDO - TTG;(en blanco);Cabotaje;;3;3
2025-06;FDO - TUC;(en blanco);Cabotaje;32;5;37
2025-06;FDO - UAQ;N/A;Cabotaje;;9;9
2025-06;FDO - UAQ;(en blanco);Cabotaje;2;7;9
2025-06;FDO - USH;N/A;Cabotaje;4;;4
2025-06;FDO - USH;(en blanco);Cabotaje;3;;3
2025-06;FDO - VCP;(en blanco);Internacional;6;11;17
2025-06;FDO - VDM;N/A;Cabotaje;;2;2
2025-06;FDO - VDM;(en blanco);Cabotaje;3;6;9
2025-06;FDO - VDR;(en blanco);Cabotaje;2;1;3
2025-06;FDO - VME;(en blanco);Cabotaje;7;4;11
2025-06;FLL - ROS;N/A;Internacional;4;;4
2025-06;FMA - JUJ;(en blanco);Cabotaje;1;1;2
2025-06;FMA - LPG;(en blanco);Cabotaje;1;1;2
2025-06;FMA - PSS;(en blanco);Cabotaje;2;;2
2025-06;FMA - RES;Aerol¡neas Argentinas;Cabotaje;;56;56
2025-06;FMA - RES;(en blanco);Cabotaje;1;;1
2025-06;FMA - ROS;N/A;Cabotaje;3;3;6
2025-06;FMA - SA17;(en blanco);Cabotaje;1;;1
2025-06;FMA - SADO;Ej‚rcito Argentino;Cabotaje;7;;7
2025-06;FOR - IGR;N/A;Internacional;;8;8
2025-06;FTE - FTE;(en blanco);Cabotaje;7;4;11
2025-06;FTE - MDZ;N/A;Cabotaje;4;;4
2025-06;FTE - MDZ;(en blanco);Cabotaje;4;;4
2025-06;FTE - PMQ;LADE - L¡neas A‚reas Del Estado;Cabotaje;;23;23
2025-06;FTE - RGL;Aerol¡neas Argentinas;Cabotaje;;162;162
2025-06;FTE - RGL;LADE - L¡neas A‚reas Del Estado;Cabotaje;20;104;124
2025-06;FTE - USH;Aerol¡neas Argentinas;Cabotaje;;4673;4673
2025-06;FTE - USH;Flybondi;Cabotaje;;1056;1056
2025-06;FTE - USH;LADE - L¡neas A‚reas Del Estado;Cabotaje;1;25;26
2025-06;FTE - USH;N/A;Cabotaje;4;;4
2025-06;GIG - MDZ;JetSMART Airlines;Internacional;;1211;1211
2025-06;GIG - ROS;Gol Transportes A‚reos;Internacional;;3754;3754
2025-06;GNR - NQN;(en blanco);Cabotaje;3;;3
2025-06;GNR - VDM;N/A;Cabotaje;;6;6
2025-06;GRU - MDZ;Gol Transportes A‚reos;Internacional;;4930;4930
2025-06;GRU - MDZ;N/A;Internacional;7;;7
2025-06;GRU - MDZ;TAM Linhas A‚reas;Internacional;;5196;5196
2025-06;GRU - SLA;Aerol¡neas Argentinas;Internacional;;596;596
2025-06;GRU - TUC;(en blanco);Internacional;3;;3
2025-06;GYE - MDZ;N/A;Internacional;7;;7
2025-06;GYE - MDZ;(en blanco);Internacional;;8;8
2025-06;GYE - TUC;(en blanco);Internacional;6;;6
2025-06;IGR - IGR;(en blanco);Cabotaje;2;3;5
2025-06;IGR - IGU;(en blanco);Internacional;;5;5
2025-06;IGR - LMMM;American Jet;Internacional;;27;27
2025-06;IGR - MVD;American Jet;Internacional;;27;27
2025-06;IGR - PDP;(en blanco);Internacional;;5;5
2025-06;IGR - PSS;Aerol¡neas Argentinas;Cabotaje;;101;101
2025-06;IGR - PSS;N/A;Cabotaje;1;;1
2025-06;IGR - PSS;(en blanco);Cabotaje;3;13;16
2025-06;IGR - ROS;Aerol¡neas Argentinas;Cabotaje;;2423;2423
2025-06;IGR - SA40;(en blanco);Cabotaje;3;;3
2025-06;IGR - SLA;Aerol¡neas Argentinas;Cabotaje;;1366;1366
2025-06;IGR - TDL;N/A;Cabotaje;;3;3
2025-06;IGU - MDZ;N/A;Internacional;25;;25
2025-06;IGU - MDZ;(en blanco);Internacional;55;;55
2025-06;IGU - PSS;N/A;Internacional;1;;1
2025-06;IGU - RES;N/A;Internacional;6;;6
2025-06;IGU - ROS;N/A;Internacional;;9;9
2025-06;IGU - SDE;N/A;Internacional;4;;4
2025-06;IRJ - IRJ;(en blanco);Cabotaje;2;;2
2025-06;IRJ - NQN;(en blanco);Cabotaje;1;;1
2025-06;IRJ - SDE;(en blanco);Cabotaje;11;;11
2025-06;IRJ - SLA;(en blanco);Cabotaje;3;;3
2025-06;JUJ - JUJ;(en blanco);Cabotaje;8;;8
2025-06;JUJ - SA02;(en blanco);Cabotaje;9;;9
2025-06;JUJ - SDE;(en blanco);Cabotaje;5;;5
2025-06;JUJ - SLA;(en blanco);Cabotaje;6;;6
2025-06;JUJ - TUC;(en blanco);Cabotaje;6;;6
2025-06;LCM - ROS;(en blanco);Cabotaje;2;;2
2025-06;LIM - MDZ;LATAM Per£;Internacional;;5410;5410
2025-06;LIM - ROS;LATAM Per£;Internacional;;2915;2915
2025-06;LIM - SLA;LATAM Per£;Internacional;;4962;4962
2025-06;LIM - SLA;(en blanco);Internacional;2;;2
2025-06;LMMM - MDZ;N/A;Internacional;9;;9
2025-06;LMMM - NQN;N/A;Internacional;24;;24
2025-06;LMMM - SFN;N/A;Internacional;;8;8
2025-06;LPG - MDQ;(en blanco);Cabotaje;2;1;3
2025-06;LPG - PRA;(en blanco);Cabotaje;;3;3
2025-06;LPG - SDE;(en blanco);Cabotaje;3;;3
2025-06;LUQ - MDZ;(en blanco);Cabotaje;1;;1
2025-06;LUQ - PRA;(en blanco);Cabotaje;2;;2
2025-06;LUQ - RLO;(en blanco);Cabotaje;1;;1
2025-06;LUQ - ROS;(en blanco);Cabotaje;3;;3
2025-06;LUQ - VME;(en blanco);Cabotaje;1;;1
2025-06;MDQ - MDZ;Aerol¡neas Argentinas;Cabotaje;;616;616
2025-06;MDQ - PRA;(en blanco);Cabotaje;5;2;7
2025-06;MDQ - ROS;(en blanco);Cabotaje;1;;1
2025-06;MDQ - SADZ;(en blanco);Cabotaje;1;;1
2025-06;MDQ - SDE;(en blanco);Cabotaje;4;;4
2025-06;MDQ - SFN;(en blanco);Cabotaje;3;1;4
2025-06;MDQ - TDL;(en blanco);Cabotaje;1;;1
2025-06;MDQ - VDM;(en blanco);Cabotaje;3;;3
2025-06;MDX - PRA;American Jet;Cabotaje;;9;9
2025-06;MDZ - MDZ;(en blanco);Cabotaje;82;;82
2025-06;MDZ - MIA;American Airlines;Internacional;;234;234
2025-06;MDZ - NQN;Aerol¡neas Argentinas;Cabotaje;;4514;4514
2025-06;MDZ - NQN;American Jet;Cabotaje;45;161;206
2025-06;MDZ - NQN;(en blanco);Cabotaje;2;;2
2025-06;MDZ - PMY;(en blanco);Cabotaje;2;;2
2025-06;MDZ - POA;Azul Linhas A‚reas Brasileiras;Internacional;;52;52
2025-06;MDZ - POA;N/A;Internacional;23;;23
2025-06;MDZ - POA;(en blanco);Internacional;6;;6
2025-06;MDZ - PRA;(en blanco);Cabotaje;2;;2
2025-06;MDZ - PTY;Copa Airlines;Internacional;;7315;7315
2025-06;MDZ - RCQ;(en blanco);Cabotaje;11;;11
2025-06;MDZ - RES;(en blanco);Cabotaje;42;;42
2025-06;MDZ - RGL;Fuerza A‚rea Argentina;Cabotaje;10;;10
2025-06;MDZ - ROS;Aerol¡neas Argentinas;Cabotaje;;1316;1316
2025-06;MDZ - ROS;N/A;Cabotaje;2;;2
2025-06;MDZ - ROS;(en blanco);Cabotaje;20;;20
2025-06;MDZ - SA17;(en blanco);Cabotaje;3;1;4
2025-06;MDZ - SCL;Aerov¡as DAP;Internacional;;22;22
2025-06;MDZ - SCL;American Airlines;Internacional;;164;164
2025-06;MDZ - SCL;JetSMART Airlines;Internacional;;9287;9287
2025-06;MDZ - SCL;LATAM;Internacional;;12748;12748
2025-06;MDZ - SCL;N/A;Internacional;22;;22
2025-06;MDZ - SCL;Sky Airline;Internacional;;9619;9619
2025-06;MDZ - SCLE;LATAM;Internacional;;162;162
2025-06;MDZ - SLA;Aerol¡neas Argentinas;Cabotaje;;1447;1447
2025-06;MDZ - SLA;JetSMART Airlines;Cabotaje;;3984;3984
2025-06;MDZ - UAQ;Aerol¡neas Argentinas;Cabotaje;;113;113
2025-06;MDZ - VCP;Azul Linhas A‚reas Brasileiras;Internacional;;1335;1335
2025-06;MDZ - VCP;(en blanco);Internacional;;4;4
2025-06;MOR - MOR;(en blanco);Cabotaje;26;;26
2025-06;MOR - NQN;(en blanco);Cabotaje;2;2;4
2025-06;MOR - ROS;(en blanco);Cabotaje;1;;1
2025-06;MOR - SA04;(en blanco);Cabotaje;9;;9
2025-06;MOR - SA31;(en blanco);Cabotaje;1;;1
2025-06;MPN - RGL;LATAM;Cabotaje;;1;1
2025-06;MVD - ROS;(en blanco);Internacional;2;;2
2025-06;MVD - UAQ;(en blanco);Internacional;5;;5
2025-06;NCJ - SDE;(en blanco);Cabotaje;2;;2
2025-06;NQN - NQN;Aerol¡neas Argentinas;Cabotaje;;82;82
2025-06;NQN - NQN;American Jet;Cabotaje;;111;111
2025-06;NQN - NQN;JetSMART Airlines;Cabotaje;;90;90
2025-06;NQN - NQN;(en blanco);Cabotaje;13;2;15
2025-06;NQN - RDS;(en blanco);Cabotaje;5;;5
2025-06;NQN - REL;N/A;Cabotaje;1;;1
2025-06;NQN - REL;(en blanco);Cabotaje;2;;2
2025-06;NQN - ROS;Aerol¡neas Argentinas;Cabotaje;;712;712
2025-06;NQN - ROS;(en blanco);Cabotaje;10;;10
2025-06;NQN - RSA;(en blanco);Cabotaje;8;2;10
2025-06;NQN - SA05;(en blanco);Cabotaje;1;;1
2025-06;NQN - SA29;(en blanco);Cabotaje;2;;2
2025-06;NQN - SADO;Ej‚rcito Argentino;Cabotaje;3;;3
2025-06;NQN - SAOM;(en blanco);Cabotaje;1;;1
2025-06;NQN - SLA;JetSMART Airlines;Cabotaje;;6138;6138
2025-06;NQN - VDM;(en blanco);Cabotaje;5;6;11
2025-06;NQN - VME;(en blanco);Cabotaje;1;;1
2025-06;OES - RGL;(en blanco);Cabotaje;1;;1
2025-06;ORA - SLA;(en blanco);Cabotaje;7;3;10
2025-06;OYA - PEH;(en blanco);Cabotaje;1;;1
2025-06;OYA - RSA;(en blanco);Cabotaje;1;;1
2025-06;OYA - VME;(en blanco);Cabotaje;1;;1
2025-06;OYO - RSA;(en blanco);Cabotaje;1;;1
2025-06;PDP - RES;(en blanco);Internacional;1;;1
2025-06;PDP - ROS;N/A;Internacional;3;;3
2025-06;PDP - ROS;(en blanco);Internacional;2;2;4
2025-06;PEH - RLO;(en blanco);Cabotaje;3;;3
2025-06;PEH - RSA;(en blanco);Cabotaje;1;;1
2025-06;PMC - ROS;(en blanco);Internacional;7;;7
2025-06;PMQ - RGL;LADE - L¡neas A‚reas Del Estado;Cabotaje;;10;10
2025-06;PMY - REL;(en blanco);Cabotaje;;2;2
2025-06;PMY - RGL;(en blanco);Cabotaje;9;;9
2025-06;PMY - ROS;(en blanco);Cabotaje;;2;2
2025-06;PMY - SA34;(en blanco);Cabotaje;;1;1
2025-06;PMY - USH;(en blanco);Cabotaje;;7;7
2025-06;POA - SLA;N/A;Internacional;4;;4
2025-06;PRA - PRA;(en blanco);Cabotaje;39;;39
2025-06;PRA - SAAU;(en blanco);Cabotaje;2;;2
2025-06;PRA - SARV;(en blanco);Cabotaje;8;;8
2025-06;PRA - SDE;(en blanco);Cabotaje;12;;12
2025-06;PRA - SLA;(en blanco);Cabotaje;1;1;2
2025-06;PRA - TUC;(en blanco);Cabotaje;4;;4
2025-06;PSS - PSS;(en blanco);Cabotaje;10;;10
2025-06;PSS - ROS;N/A;Cabotaje;1;;1
2025-06;PSS - ROS;(en blanco);Cabotaje;2;;2
2025-06;PSS - SATO;(en blanco);Cabotaje;7;;7
2025-06;PSS - SDE;(en blanco);Cabotaje;5;5;10
2025-06;PSS - SFN;N/A;Cabotaje;1;;1
2025-06;PSS - SLA;(en blanco);Cabotaje;5;;5
2025-06;PSS - VDM;(en blanco);Cabotaje;1;;1
2025-06;PSS - VVI;N/A;Internacional;8;;8
2025-06;PTY - ROS;Copa Airlines;Internacional;;12691;12691
2025-06;PUJ - TUC;Aerol¡neas Argentinas;Internacional;;1307;1307
2025-06;RAF - ROS;(en blanco);Cabotaje;4;;4
2025-06;RAF - SDE;(en blanco);Cabotaje;1;;1
2025-06;RCQ - RCQ;(en blanco);Cabotaje;4;;4
2025-06;RCQ - RES;Fuerza A‚rea Argentina;Cabotaje;2;;2
2025-06;RCQ - RES;(en blanco);Cabotaje;38;;38
2025-06;RCQ - TUC;(en blanco);Cabotaje;;1;1
2025-06;REL - RGA;(en blanco);Cabotaje;12;;12
2025-06;REL - RGL;N/A;Cabotaje;;2;2
2025-06;REL - RGL;(en blanco);Cabotaje;;1;1
2025-06;RES - RES;JetSMART Airlines;Cabotaje;;71;71
2025-06;RES - ROS;N/A;Cabotaje;;1;1
2025-06;RES - SADO;Ej‚rcito Argentino;Cabotaje;3;;3
2025-06;RES - SDE;(en blanco);Cabotaje;12;;12
2025-06;RES - STY;(en blanco);Internacional;1;;1
2025-06;RGA - RGL;Fuerza A‚rea Argentina;Cabotaje;18;;18
2025-06;RGA - RGL;LADE - L¡neas A‚reas Del Estado;Cabotaje;23;113;136
2025-06;RGA - RGL;(en blanco);Cabotaje;;1;1
2025-06;RGA - USH;Aerol¡neas Argentinas;Cabotaje;;1;1
2025-06;RGA - USH;LADE - L¡neas A‚reas Del Estado;Cabotaje;1;64;65
2025-06;RGL - RYO;Ej‚rcito Argentino;Cabotaje;1;;1
2025-06;RGL - USH;LADE - L¡neas A‚reas Del Estado;Cabotaje;45;202;247
2025-06;RGL - USH;(en blanco);Cabotaje;;18;18
2025-06;RHD - SLA;(en blanco);Cabotaje;8;3;11
2025-06;ROS - ROS;N/A;Cabotaje;10;;10
2025-06;ROS - ROS;(en blanco);Cabotaje;10;;10
2025-06;ROS - SA32;N/A;Cabotaje;2;;2
2025-06;ROS - SDE;(en blanco);Cabotaje;10;10;20
2025-06;ROS - SFN;(en blanco);Cabotaje;4;;4
2025-06;ROS - SLA;Aerol¡neas Argentinas;Cabotaje;;1099;1099
2025-06;ROS - SLA;(en blanco);Cabotaje;2;;2
2025-06;ROS - SUCM;(en blanco);Internacional;1;;1
2025-06;ROS - UAQ;(en blanco);Cabotaje;3;;3
2025-06;ROS - VCP;N/A;Internacional;4;12;16
2025-06;ROS - VDM;(en blanco);Cabotaje;;3;3
2025-06;RSA - RSA;(en blanco);Cabotaje;10;;10
2025-06;RSA - SA17;(en blanco);Cabotaje;1;;1
2025-06;RSA - SAEA;(en blanco);Cabotaje;1;;1
2025-06;SA01 - SLA;(en blanco);Cabotaje;;1;1
2025-06;SA02 - SLA;N/A;Cabotaje;12;;12
2025-06;SA02 - SLA;(en blanco);Cabotaje;12;;12
2025-06;SA02 - TUC;(en blanco);Cabotaje;5;1;6
2025-06;SA17 - UAQ;(en blanco);Cabotaje;;2;2
2025-06;SA24 - TUC;(en blanco);Cabotaje;2;;2
2025-06;SA29 - VDM;(en blanco);Cabotaje;;1;1
2025-06;SA45 - SDE;(en blanco);Cabotaje;5;;5
2025-06;SACD - UAQ;(en blanco);Cabotaje;;2;2
2025-06;SDE - SDE;Flybondi;Cabotaje;;74;74
2025-06;SDE - SDE;(en blanco);Cabotaje;37;;37
2025-06;SDE - SFN;(en blanco);Cabotaje;2;;2
2025-06;SDE - SLA;Ej‚rcito Argentino;Cabotaje;2;;2
2025-06;SDE - SLA;N/A;Cabotaje;4;;4
2025-06;SDE - SLA;(en blanco);Cabotaje;4;;4
2025-06;SDE - TUC;Aerol¡neas Argentinas;Cabotaje;;52;52
2025-06;SDE - TUC;(en blanco);Cabotaje;20;4;24
2025-06;SDE - VMA;(en blanco);Cabotaje;1;;1
2025-06;SFN - SLA;(en blanco);Cabotaje;2;;2
2025-06;SFN - TUC;(en blanco);Cabotaje;2;;2
2025-06;SLA - SLA;American Jet;Cabotaje;;10;10
2025-06;SLA - SLA;N/A;Cabotaje;1;;1
2025-06;SLA - SLA;(en blanco);Cabotaje;17;4;21
2025-06;SLA - TTG;(en blanco);Cabotaje;21;3;24
2025-06;SLA - TUC;(en blanco);Cabotaje;26;9;35
2025-06;TUC - TUC;(en blanco);Cabotaje;54;12;66
2025-06;USH - USH;Flybondi;Cabotaje;;14;14
2025-06;VDM - VDM;(en blanco);Cabotaje;2;2;4
2025-07;3005 - FDO;(en blanco);Internacional;10;;10
2025-07;3017 - SLA;(en blanco);Internacional;12;785;797
2025-07;AEP - AEP;Aerol¡neas Argentinas;Cabotaje;;60;60
2025-07;AEP - AEP;N/A;Cabotaje;;2;2
2025-07;AEP - AFA;Aerol¡neas Argentinas;Cabotaje;;4344;4344
2025-07;AEP - AFA;N/A;Cabotaje;;1;1
2025-07;AEP - AFA;(en blanco);Cabotaje;1;;1
2025-07;AEP - AR-0009;(en blanco);Cabotaje;;6;6
2025-07;AEP - AR-0083;(en blanco);Cabotaje;;1;1
2025-07;AEP - AR-0280;(en blanco);Cabotaje;;3;3
2025-07;AEP - ASU;Aerol¡neas Argentinas;Internacional;;9970;9970
2025-07;AEP - ASU;Amaszonas;Internacional;;2491;2491
2025-07;AEP - ASU;Chief of Staff,ÿUnited States Air Force;Internacional;35;;35
2025-07;AEP - ASU;Fuerza A‚rea Paraguaya;Internacional;16;;16
2025-07;AEP - ASU;JetSMART Airlines;Internacional;;6726;6726
2025-07;AEP - ASU;N/A;Internacional;;13;13
2025-07;AEP - ASU;(en blanco);Internacional;2;2;4
2025-07;AEP - BCN;N/A;Internacional;;4;4
2025-07;AEP - BHI;Aerol¡neas Argentinas;Cabotaje;;17345;17345
2025-07;AEP - BHI;JetSMART Airlines;Cabotaje;;79;79
2025-07;AEP - BHI;N/A;Cabotaje;;2;2
2025-07;AEP - BHI;(en blanco);Cabotaje;1;;1
2025-07;AEP - BOG;Aerol¡neas Argentinas;Internacional;;6435;6435
2025-07;AEP - BOG;Avianca;Internacional;;8729;8729
2025-07;AEP - BPS;Aerol¡neas Argentinas;Internacional;;1925;1925
2025-07;AEP - BRC;Aerol¡neas Argentinas;Cabotaje;;84269;84269
2025-07;AEP - BRC;Flybondi;Cabotaje;;26387;26387
2025-07;AEP - BRC;JetSMART Airlines;Cabotaje;;37385;37385
2025-07;AEP - BRC;N/A;Cabotaje;1;3;4
2025-07;AEP - BRC;(en blanco);Cabotaje;5;16;21
2025-07;AEP - BSB;Fuerza A‚rea Brasilera;Internacional;36;;36
2025-07;AEP - BSB;Gol Transportes A‚reos;Internacional;;5086;5086
2025-07;AEP - BSB;(en blanco);Internacional;3;5;8
2025-07;AEP - CNF;Gol Transportes A‚reos;Internacional;;2396;2396
2025-07;AEP - CNQ;Aerol¡neas Argentinas;Cabotaje;;7356;7356
2025-07;AEP - CNQ;Flybondi;Cabotaje;;11505;11505
2025-07;AEP - CNQ;(en blanco);Cabotaje;5;5;10
2025-07;AEP - COR;Aerol¡neas Argentinas;Cabotaje;;60767;60767
2025-07;AEP - COR;Avianca;Cabotaje;;117;117
2025-07;AEP - COR;Flybondi;Cabotaje;;23755;23755
2025-07;AEP - COR;Fuerza A‚rea Argentina;Cabotaje;24;;24
2025-07;AEP - COR;JetSMART Airlines;Cabotaje;;36883;36883
2025-07;AEP - COR;N/A;Cabotaje;;7;7
2025-07;AEP - COR;(en blanco);Cabotaje;85;8;93
2025-07;AEP - CPC;Aerol¡neas Argentinas;Cabotaje;;19702;19702
2025-07;AEP - CPC;Flybondi;Cabotaje;;50;50
2025-07;AEP - CPC;JetSMART Airlines;Cabotaje;;18080;18080
2025-07;AEP - CRD;Aerol¡neas Argentinas;Cabotaje;;27650;27650
2025-07;AEP - CRD;Flybondi;Cabotaje;;4863;4863
2025-07;AEP - CRD;JetSMART Airlines;Cabotaje;;6682;6682
2025-07;AEP - CRD;N/A;Cabotaje;2;17;19
2025-07;AEP - CRD;(en blanco);Cabotaje;13;3;16
2025-07;AEP - CTC;Aerol¡neas Argentinas;Cabotaje;;7282;7282
2025-07;AEP - CTC;JetSMART Airlines;Cabotaje;;51;51
2025-07;AEP - CTC;(en blanco);Cabotaje;7;4;11
2025-07;AEP - CWB;Aerol¡neas Argentinas;Internacional;;4827;4827
2025-07;AEP - EQS;Aerol¡neas Argentinas;Cabotaje;;8439;8439
2025-07;AEP - EQS;N/A;Cabotaje;;11;11
2025-07;AEP - EQS;(en blanco);Cabotaje;;4;4
2025-07;AEP - EWR;N/A;Internacional;3;;3
2025-07;AEP - EZE;Aerol¡neas Argentinas;Cabotaje;;73;73
2025-07;AEP - EZE;Copa Airlines;Cabotaje;;139;139
2025-07;AEP - EZE;Flybondi;Cabotaje;;92;92
2025-07;AEP - EZE;Gol Transportes A‚reos;Cabotaje;;65;65
2025-07;AEP - EZE;JetSMART Airlines;Cabotaje;;108;108
2025-07;AEP - EZE;LATAM;Cabotaje;;62;62
2025-07;AEP - EZE;LATAM Ecuador;Cabotaje;;144;144
2025-07;AEP - EZE;N/A;Cabotaje;;1;1
2025-07;AEP - EZE;(en blanco);Cabotaje;;2;2
2025-07;AEP - FAA EJERCITO ARGENTINO;(en blanco);Internacional;;4;4
2025-07;AEP - FAO;N/A;Internacional;4;;4
2025-07;AEP - FDO;N/A;Cabotaje;;12;12
2025-07;AEP - FDO;(en blanco);Cabotaje;14;3;17
2025-07;AEP - FLL;(en blanco);Internacional;2;;2
2025-07;AEP - FLN;Gol Transportes A‚reos;Internacional;;10134;10134
2025-07;AEP - FLN;JetSMART Airlines;Internacional;;1627;1627
2025-07;AEP - FMA;Aerol¡neas Argentinas;Cabotaje;;8862;8862
2025-07;AEP - FMA;N/A;Cabotaje;;4;4
2025-07;AEP - FOR;Gol Transportes A‚reos;Internacional;;1243;1243
2025-07;AEP - FTE;Aerol¡neas Argentinas;Cabotaje;;16256;16256
2025-07;AEP - FTE;Flybondi;Cabotaje;;1066;1066
2025-07;AEP - FXE;N/A;Internacional;;11;11
2025-07;AEP - GIG;Aerol¡neas Argentinas;Internacional;;38105;38105
2025-07;AEP - GIG;Flybondi;Internacional;;11340;11340
2025-07;AEP - GIG;Gol Transportes A‚reos;Internacional;;17022;17022
2025-07;AEP - GIG;JetSMART Airlines;Internacional;;19594;19594
2025-07;AEP - GIG;N/A;Internacional;;6;6
2025-07;AEP - GIG;TAM Linhas A‚reas;Internacional;;146;146
2025-07;AEP - GRU;Aerol¡neas Argentinas;Internacional;;35910;35910
2025-07;AEP - GRU;Flybondi;Internacional;;5675;5675
2025-07;AEP - GRU;Gol Transportes A‚reos;Internacional;;45488;45488
2025-07;AEP - GRU;JetSMART Airlines;Internacional;;146;146
2025-07;AEP - GRU;LATAM;Internacional;;177;177
2025-07;AEP - GRU;N/A;Internacional;;2;2
2025-07;AEP - GRU;TAM Linhas A‚reas;Internacional;;47244;47244
2025-07;AEP - GVA;N/A;Internacional;4;;4
2025-07;AEP - GYE;N/A;Internacional;;12;12
2025-07;AEP - GYE;(en blanco);Internacional;2;;2
2025-07;AEP - IBZ;(en blanco);Internacional;;6;6
2025-07;AEP - IGR;Aerol¡neas Argentinas;Cabotaje;;39271;39271
2025-07;AEP - IGR;Flybondi;Cabotaje;;14751;14751
2025-07;AEP - IGR;JetSMART Airlines;Cabotaje;;35382;35382
2025-07;AEP - IGR;(en blanco);Cabotaje;4;12;16
2025-07;AEP - IRJ;Aerol¡neas Argentinas;Cabotaje;;5918;5918
2025-07;AEP - IRJ;N/A;Cabotaje;3;;3
2025-07;AEP - IRJ;(en blanco);Cabotaje;6;;6
2025-07;AEP - JUJ;Aerol¡neas Argentinas;Cabotaje;;18237;18237
2025-07;AEP - JUJ;Flybondi;Cabotaje;;9198;9198
2025-07;AEP - JUJ;JetSMART Airlines;Cabotaje;;28;28
2025-07;AEP - JUJ;N/A;Cabotaje;;6;6
2025-07;AEP - JUJ;(en blanco);Cabotaje;17;4;21
2025-07;AEP - LIM;Aerol¡neas Argentinas;Internacional;;8679;8679
2025-07;AEP - LIM;Gol Transportes A‚reos;Internacional;;174;174
2025-07;AEP - LIM;JetSMART Airlines;Internacional;;9388;9388
2025-07;AEP - LIM;LATAM Ecuador;Internacional;;144;144
2025-07;AEP - LIM;LATAM Per£;Internacional;;17406;17406
2025-07;AEP - LIM;Sky Airline;Internacional;;7642;7642
2025-07;AEP - LMMM;N/A;Internacional;;5;5
2025-07;AEP - LPB;N/A;Internacional;23;2;25
2025-07;AEP - LUQ;Aerol¡neas Argentinas;Cabotaje;;5214;5214
2025-07;AEP - LUQ;N/A;Cabotaje;5;5;10
2025-07;AEP - MDE;Avianca;Internacional;;86;86
2025-07;AEP - MDQ;Aerol¡neas Argentinas;Cabotaje;;17229;17229
2025-07;AEP - MDQ;JetSMART Airlines;Cabotaje;;120;120
2025-07;AEP - MDQ;LADE - L¡neas A‚reas Del Estado;Cabotaje;103;142;245
2025-07;AEP - MDQ;N/A;Cabotaje;;4;4
2025-07;AEP - MDQ;(en blanco);Cabotaje;3;37;40
2025-07;AEP - MDZ;Aerol¡neas Argentinas;Cabotaje;;41526;41526
2025-07;AEP - MDZ;American Jet;Cabotaje;;1;1
2025-07;AEP - MDZ;Flybondi;Cabotaje;;20846;20846
2025-07;AEP - MDZ;JetSMART Airlines;Cabotaje;;39027;39027
2025-07;AEP - MDZ;LATAM;Cabotaje;;155;155
2025-07;AEP - MDZ;N/A;Cabotaje;14;39;53
2025-07;AEP - MDZ;Sky Airline;Cabotaje;;88;88
2025-07;AEP - MDZ;(en blanco);Cabotaje;14;21;35
2025-07;AEP - MVD;Aerol¡neas Argentinas;Internacional;;13380;13380
2025-07;AEP - MVD;Amaszonas;Internacional;;32;32
2025-07;AEP - MVD;Fuerza A‚rea Uruguaya;Internacional;15;;15
2025-07;AEP - MVD;N/A;Internacional;;21;21
2025-07;AEP - MVD;TAM Linhas A‚reas;Internacional;;194;194
2025-07;AEP - MVD;(en blanco);Internacional;;1;1
2025-07;AEP - NAT;Gol Transportes A‚reos;Internacional;;955;955
2025-07;AEP - NCJ;N/A;Cabotaje;;1;1
2025-07;AEP - NQN;Aerol¡neas Argentinas;Cabotaje;;39011;39011
2025-07;AEP - NQN;American Jet;Cabotaje;;18;18
2025-07;AEP - NQN;Flybondi;Cabotaje;;8617;8617
2025-07;AEP - NQN;JetSMART Airlines;Cabotaje;;30145;30145
2025-07;AEP - NQN;N/A;Cabotaje;7;17;24
2025-07;AEP - NQN;(en blanco);Cabotaje;17;6;23
2025-07;AEP - OES;Aerol¡neas Argentinas;Cabotaje;;32;32
2025-07;AEP - OVR;American Jet;Cabotaje;;10;10
2025-07;AEP - PAC;Copa Airlines;Internacional;7;;7
2025-07;AEP - PDP;Aerol¡neas Argentinas;Internacional;;2957;2957
2025-07;AEP - PDP;N/A;Internacional;;90;90
2025-07;AEP - PDP;(en blanco);Internacional;;5;5
2025-07;AEP - PMQ;American Jet;Cabotaje;;167;167
2025-07;AEP - PMY;Aerol¡neas Argentinas;Cabotaje;;7320;7320
2025-07;AEP - PMY;Flybondi;Cabotaje;;6264;6264
2025-07;AEP - PMY;(en blanco);Cabotaje;1;2;3
2025-07;AEP - POA;Aerol¡neas Argentinas;Internacional;;4779;4779
2025-07;AEP - POA;Gol Transportes A‚reos;Internacional;;3596;3596
2025-07;AEP - PRA;Aerol¡neas Argentinas;Cabotaje;;3266;3266
2025-07;AEP - PRA;American Jet;Cabotaje;;2;2
2025-07;AEP - PRA;N/A;Cabotaje;;3;3
2025-07;AEP - PSS;Aerol¡neas Argentinas;Cabotaje;;13715;13715
2025-07;AEP - PSS;Flybondi;Cabotaje;;10600;10600
2025-07;AEP - PSS;JetSMART Airlines;Cabotaje;;42;42
2025-07;AEP - PTY;Copa Airlines;Internacional;;139;139
2025-07;AEP - RAF;(en blanco);Cabotaje;;3;3
2025-07;AEP - RCQ;N/A;Cabotaje;;5;5
2025-07;AEP - REC;Gol Transportes A‚reos;Internacional;;2441;2441
2025-07;AEP - REL;Aerol¡neas Argentinas;Cabotaje;;15180;15180
2025-07;AEP - REL;Fuerza A‚rea Argentina;Cabotaje;2;;2
2025-07;AEP - REL;JetSMART Airlines;Cabotaje;;6966;6966
2025-07;AEP - REL;N/A;Cabotaje;;6;6
2025-07;AEP - REL;(en blanco);Cabotaje;54;3;57
2025-07;AEP - RES;Aerol¡neas Argentinas;Cabotaje;;14178;14178
2025-07;AEP - RES;Fuerza A‚rea Argentina;Cabotaje;35;;35
2025-07;AEP - RES;JetSMART Airlines;Cabotaje;;6410;6410
2025-07;AEP - RES;N/A;Cabotaje;7;9;16
2025-07;AEP - RES;(en blanco);Cabotaje;45;3;48
2025-07;AEP - RGA;Aerol¡neas Argentinas;Cabotaje;;13172;13172
2025-07;AEP - RGL;Aerol¡neas Argentinas;Cabotaje;;13569;13569
2025-07;AEP - RGL;N/A;Cabotaje;;5;5
2025-07;AEP - RGL;(en blanco);Cabotaje;5;6;11
2025-07;AEP - RHD;Aerol¡neas Argentinas;Cabotaje;;1518;1518
2025-07;AEP - RLO;Aerol¡neas Argentinas;Cabotaje;;1355;1355
2025-07;AEP - ROS;Aerol¡neas Argentinas;Cabotaje;;15980;15980
2025-07;AEP - ROS;American Jet;Cabotaje;;48;48
2025-07;AEP - ROS;N/A;Cabotaje;;18;18
2025-07;AEP - ROS;(en blanco);Cabotaje;28;48;76
2025-07;AEP - RSA;Aerol¡neas Argentinas;Cabotaje;;3357;3357
2025-07;AEP - RSA;N/A;Cabotaje;;10;10
2025-07;AEP - RSA;(en blanco);Cabotaje;6;;6
2025-07;AEP - SA32;N/A;Cabotaje;;7;7
2025-07;AEP - SA40;(en blanco);Cabotaje;2;2;4
2025-07;AEP - SAAA;Aerol¡neas Argentinas;Cabotaje;;42;42
2025-07;AEP - SACA;Aerol¡neas Argentinas;Cabotaje;;43;43
2025-07;AEP - SAN;N/A;Internacional;;1;1
2025-07;AEP - SCL;Aerol¡neas Argentinas;Internacional;;25647;25647
2025-07;AEP - SCL;JetSMART Airlines;Internacional;;23851;23851
2025-07;AEP - SCL;LATAM;Internacional;;34265;34265
2025-07;AEP - SCL;Sky Airline;Internacional;;18892;18892
2025-07;AEP - SCL;(en blanco);Internacional;;4;4
2025-07;AEP - SCLE;Aerol¡neas Argentinas;Internacional;;153;153
2025-07;AEP - SDE;Aerol¡neas Argentinas;Cabotaje;;10431;10431
2025-07;AEP - SDE;Flybondi;Cabotaje;;7923;7923
2025-07;AEP - SDE;JetSMART Airlines;Cabotaje;;278;278
2025-07;AEP - SDE;N/A;Cabotaje;;2;2
2025-07;AEP - SDE;(en blanco);Cabotaje;15;5;20
2025-07;AEP - SDU;Fuerza A‚rea Brasilera;Internacional;17;;17
2025-07;AEP - SFN;Aerol¡neas Argentinas;Cabotaje;;8472;8472
2025-07;AEP - SFN;American Jet;Cabotaje;;44;44
2025-07;AEP - SFN;N/A;Cabotaje;;7;7
2025-07;AEP - SFN;(en blanco);Cabotaje;3;4;7
2025-07;AEP - SLA;Aerol¡neas Argentinas;Cabotaje;;29923;29923
2025-07;AEP - SLA;Flybondi;Cabotaje;;10800;10800
2025-07;AEP - SLA;JetSMART Airlines;Cabotaje;;21950;21950
2025-07;AEP - SLA;(en blanco);Cabotaje;22;10;32
2025-07;AEP - SSA;Aerol¡neas Argentinas;Internacional;;5889;5889
2025-07;AEP - SSA;Gol Transportes A‚reos;Internacional;;2580;2580
2025-07;AEP - STN;N/A;Internacional;6;;6
2025-07;AEP - TDL;American Jet;Cabotaje;6;9;15
2025-07;AEP - TDL;Fuerza A‚rea Argentina;Cabotaje;80;;80
2025-07;AEP - TFS;N/A;Internacional;;5;5
2025-07;AEP - TFS;(en blanco);Internacional;;4;4
2025-07;AEP - TUC;Aerol¡neas Argentinas;Cabotaje;;29120;29120
2025-07;AEP - TUC;Flybondi;Cabotaje;;13973;13973
2025-07;AEP - TUC;JetSMART Airlines;Cabotaje;;10843;10843
2025-07;AEP - TUC;N/A;Cabotaje;6;15;21
2025-07;AEP - TUC;(en blanco);Cabotaje;15;1;16
2025-07;AEP - UAQ;Aerol¡neas Argentinas;Cabotaje;;11093;11093
2025-07;AEP - UAQ;American Jet;Cabotaje;;64;64
2025-07;AEP - UAQ;Flybondi;Cabotaje;;4693;4693
2025-07;AEP - UAQ;N/A;Cabotaje;;3;3
2025-07;AEP - UAQ;(en blanco);Cabotaje;2;;2
2025-07;AEP - USH;Aerol¡neas Argentinas;Cabotaje;;34666;34666
2025-07;AEP - USH;Flybondi;Cabotaje;;2510;2510
2025-07;AEP - USH;JetSMART Airlines;Cabotaje;;2115;2115
2025-07;AEP - USH;N/A;Cabotaje;;7;7
2025-07;AEP - USH;Sun Air;Cabotaje;1;;1
2025-07;AEP - USH;(en blanco);Cabotaje;2;2;4
2025-07;AEP - VDM;Aerol¡neas Argentinas;Cabotaje;;2837;2837
2025-07;AEP - VDM;N/A;Cabotaje;60;1;61
2025-07;AEP - VDM;(en blanco);Cabotaje;2;;2
2025-07;AEP - VVI;Aerol¡neas Argentinas;Internacional;;1369;1369
2025-07;AEP - VVI;N/A;Internacional;;4;4
2025-07;AFA - AFA;(en blanco);Cabotaje;5;;5
2025-07;AFA - GPO;(en blanco);Cabotaje;1;;1
2025-07;AFA - MDZ;(en blanco);Cabotaje;5;;5
2025-07;AGT - COR;(en blanco);Internacional;1;1;2
2025-07;AGT - MDZ;N/A;Internacional;6;;6
2025-07;AGT - SLA;N/A;Internacional;6;;6
2025-07;AMS - EZE;KLM;Internacional;;14147;14147
2025-07;APZ - COR;(en blanco);Cabotaje;;1;1
2025-07;APZ - NQN;(en blanco);Cabotaje;2;;2
2025-07;AR-0005 - FDO;(en blanco);Cabotaje;2;1;3
2025-07;AR-0005 - JUJ;(en blanco);Cabotaje;1;;1
2025-07;AR-0005 - ROS;(en blanco);Cabotaje;1;;1
2025-07;AR-0008 - FDO;(en blanco);Cabotaje;1;;1
2025-07;AR-0009 - CNQ;(en blanco);Cabotaje;2;;2
2025-07;AR-0009 - COR;(en blanco);Cabotaje;;1;1
2025-07;AR-0009 - FDO;(en blanco);Cabotaje;;2;2
2025-07;AR-0009 - RES;(en blanco);Cabotaje;5;;5
2025-07;AR-0009 - ROS;(en blanco);Cabotaje;1;;1
2025-07;AR-0009 - SDE;(en blanco);Cabotaje;2;;2
2025-07;AR-0010 - FDO;(en blanco);Cabotaje;3;;3
2025-07;AR-0010 - MDZ;(en blanco);Cabotaje;1;;1
2025-07;AR-0013 - EZE;(en blanco);Cabotaje;4;;4
2025-07;AR-0014 - FDO;(en blanco);Cabotaje;;3;3
2025-07;AR-0014 - FMA;(en blanco);Cabotaje;2;;2
2025-07;AR-0018 - SLA;(en blanco);Cabotaje;1;;1
2025-07;AR-0019 - REL;(en blanco);Cabotaje;3;;3
2025-07;AR-0023 - FDO;(en blanco);Cabotaje;1;;1
2025-07;AR-0028 - FDO;(en blanco);Cabotaje;1;;1
2025-07;AR-0035 - FDO;(en blanco);Cabotaje;;1;1
2025-07;AR-0035 - NQN;(en blanco);Cabotaje;5;;5
2025-07;AR-0036 - COR;(en blanco);Cabotaje;3;;3
2025-07;AR-0051 - EZE;(en blanco);Cabotaje;;2;2
2025-07;AR-0052 - CNQ;(en blanco);Cabotaje;4;;4
2025-07;AR-0052 - COR;(en blanco);Cabotaje;2;;2
2025-07;AR-0052 - OYA;(en blanco);Cabotaje;1;;1
2025-07;AR-0052 - RES;(en blanco);Cabotaje;1;;1
2025-07;AR-0052 - ROS;(en blanco);Cabotaje;1;;1
2025-07;AR-0052 - SFN;(en blanco);Cabotaje;1;1;2
2025-07;AR-0053 - COR;(en blanco);Cabotaje;1;;1
2025-07;AR-0061 - MDQ;(en blanco);Cabotaje;;1;1
2025-07;AR-0063 - FDO;(en blanco);Cabotaje;1;;1
2025-07;AR-0077 - FDO;(en blanco);Cabotaje;3;2;5
2025-07;AR-0080 - FDO;(en blanco);Cabotaje;2;;2
2025-07;AR-0081 - EZE;(en blanco);Cabotaje;;3;3
2025-07;AR-0083 - FDO;(en blanco);Cabotaje;6;;6
2025-07;AR-0088 - COR;(en blanco);Cabotaje;2;;2
2025-07;AR-0088 - FDO;(en blanco);Cabotaje;;2;2
2025-07;AR-0088 - ROS;(en blanco);Cabotaje;4;;4
2025-07;AR-0101 - FDO;(en blanco);Cabotaje;1;;1
2025-07;AR-0101 - MOR;(en blanco);Cabotaje;1;;1
2025-07;AR-0110 - FDO;(en blanco);Cabotaje;1;;1
2025-07;AR-0111 - EZE;Aerol¡neas Argentinas;Cabotaje;;93;93
2025-07;AR-0111 - EZE;(en blanco);Cabotaje;;7;7
2025-07;AR-0111 - FDO;(en blanco);Cabotaje;1;;1
2025-07;AR-0114 - FDO;(en blanco);Cabotaje;1;;1
2025-07;AR-0121 - FDO;(en blanco);Cabotaje;1;;1
2025-07;AR-0123 - ROS;(en blanco);Cabotaje;2;;2
2025-07;AR-0124 - COR;(en blanco);Cabotaje;2;;2
2025-07;AR-0138 - EZE;(en blanco);Cabotaje;;1;1
2025-07;AR-0138 - FDO;(en blanco);Cabotaje;;2;2
2025-07;AR-0138 - LUQ;(en blanco);Cabotaje;2;;2
2025-07;AR-0141 - LUQ;(en blanco);Cabotaje;1;;1
2025-07;AR-0141 - VME;(en blanco);Cabotaje;1;;1
2025-07;AR-0142 - CNQ;(en blanco);Cabotaje;2;;2
2025-07;AR-0161 - FMA;(en blanco);Cabotaje;1;;1
2025-07;AR-0168 - FDO;(en blanco);Cabotaje;2;;2
2025-07;AR-0168 - ROS;(en blanco);Cabotaje;2;;2
2025-07;AR-0175 - FDO;(en blanco);Cabotaje;2;;2
2025-07;AR-0180 - FDO;(en blanco);Cabotaje;;2;2
2025-07;AR-0184 - EZE;N/A;Cabotaje;;3;3
2025-07;AR-0184 - EZE;(en blanco);Cabotaje;;7;7
2025-07;AR-0194 - SLA;(en blanco);Cabotaje;1;;1
2025-07;AR-0200 - GPO;(en blanco);Cabotaje;1;;1
2025-07;AR-0210 - PSS;(en blanco);Cabotaje;3;;3
2025-07;AR-0211 - COR;N/A;Cabotaje;1;;1
2025-07;AR-0211 - COR;(en blanco);Cabotaje;1;;1
2025-07;AR-0211 - OYA;(en blanco);Cabotaje;2;;2
2025-07;AR-0211 - SLA;(en blanco);Cabotaje;1;;1
2025-07;AR-0216 - JUJ;(en blanco);Cabotaje;1;;1
2025-07;AR-0221 - ROS;(en blanco);Cabotaje;2;;2
2025-07;AR-0240 - FDO;(en blanco);Cabotaje;3;;3
2025-07;AR-0252 - FDO;N/A;Cabotaje;1;;1
2025-07;AR-0252 - FDO;(en blanco);Cabotaje;4;1;5
2025-07;AR-0252 - MOR;(en blanco);Cabotaje;6;;6
2025-07;AR-0257 - FDO;(en blanco);Cabotaje;1;;1
2025-07;AR-0257 - NQN;(en blanco);Cabotaje;1;;1
2025-07;AR-0280 - COR;(en blanco);Cabotaje;2;;2
2025-07;AR-0287 - FDO;(en blanco);Cabotaje;3;;3
2025-07;AR-0287 - MDQ;(en blanco);Cabotaje;2;;2
2025-07;AR-0296 - FDO;(en blanco);Cabotaje;1;;1
2025-07;AR-0313 - FDO;(en blanco);Cabotaje;2;5;7
2025-07;AR-0314 - CNQ;(en blanco);Cabotaje;1;;1
2025-07;AR-0314 - FDO;(en blanco);Cabotaje;1;1;2
2025-07;AR-0314 - TUC;(en blanco);Cabotaje;;4;4
2025-07;AR-0318 - MDZ;(en blanco);Cabotaje;;1;1
2025-07;AR-0320 - SLA;(en blanco);Cabotaje;1;;1
2025-07;AR-0325 - TUC;Aerol¡neas Argentinas;Cabotaje;;36;36
2025-07;AR-0328 - COR;(en blanco);Cabotaje;4;;4
2025-07;AR-0331 - SLA;(en blanco);Cabotaje;3;;3
2025-07;AR-0332 - FDO;(en blanco);Cabotaje;;1;1
2025-07;AR-0333 - FDO;(en blanco);Cabotaje;;1;1
2025-07;AR-0343 - EZE;(en blanco);Cabotaje;;1;1
2025-07;AR-0343 - FDO;(en blanco);Cabotaje;4;;4
2025-07;AR-0345 - FDO;(en blanco);Cabotaje;1;;1
2025-07;AR-0350 - FDO;(en blanco);Cabotaje;;1;1
2025-07;AR-0354 - FDO;(en blanco);Cabotaje;3;;3
2025-07;AR-0354 - MDQ;(en blanco);Cabotaje;;3;3
2025-07;AR-0369 - NQN;American Jet;Cabotaje;;262;262
2025-07;AR-0370 - SDE;(en blanco);Cabotaje;2;;2
2025-07;AR-0370 - SLA;(en blanco);Cabotaje;4;;4
2025-07;AR-0379 - FDO;(en blanco);Cabotaje;1;;1
2025-07;AR-0382 - COR;(en blanco);Cabotaje;1;;1
2025-07;AR-0383 - FDO;(en blanco);Cabotaje;1;;1
2025-07;AR-0424 - FDO;(en blanco);Cabotaje;2;;2
2025-07;AR-0424 - SDE;(en blanco);Cabotaje;6;;6
2025-07;AR-0424 - SLA;Ej‚rcito Argentino;Cabotaje;2;;2
2025-07;AR-0424 - SLA;(en blanco);Cabotaje;5;;5
2025-07;AR-0454 - FDO;(en blanco);Cabotaje;;1;1
2025-07;AR-0457 - COR;(en blanco);Cabotaje;;2;2
2025-07;AR-0493 - FDO;(en blanco);Cabotaje;4;;4
2025-07;ARI - FDO;(en blanco);Internacional;4;;4
2025-07;ASU - BRC;N/A;Internacional;10;;10
2025-07;ASU - CNQ;(en blanco);Internacional;10;;10
2025-07;ASU - COR;Amaszonas;Internacional;;696;696
2025-07;ASU - COR;(en blanco);Internacional;37;;37
2025-07;ASU - EZE;Aerol¡neas Argentinas;Internacional;;515;515
2025-07;ASU - EZE;Amaszonas;Internacional;;58;58
2025-07;ASU - EZE;JetSMART Airlines;Internacional;;278;278
2025-07;ASU - EZE;(en blanco);Internacional;;5;5
2025-07;ASU - FDO;N/A;Internacional;15;5;20
2025-07;ASU - FDO;(en blanco);Internacional;15;12;27
2025-07;ASU - FMA;N/A;Internacional;3;;3
2025-07;ASU - JUJ;Amaszonas;Internacional;;379;379
2025-07;ASU - MDQ;Aerol¡neas Argentinas;Internacional;;116;116
2025-07;ASU - MDZ;N/A;Internacional;5;;5
2025-07;ASU - MDZ;(en blanco);Internacional;8;10;18
2025-07;ASU - RES;(en blanco);Internacional;40;6;46
2025-07;ASU - ROS;(en blanco);Internacional;9;;9
2025-07;ASU - SLA;Aerol¡neas Argentinas;Internacional;;66;66
2025-07;ASU - SLA;Amaszonas;Internacional;;598;598
2025-07;ATI - FDO;N/A;Internacional;2;;2
2025-07;ATL - EZE;Delta Air Lines;Internacional;;14447;14447
2025-07;BCN - EZE;Iberia Airlines;Internacional;;16629;16629
2025-07;BHI - BRC;LADE - L¡neas A‚reas Del Estado;Cabotaje;85;304;389
2025-07;BHI - CRD;LADE - L¡neas A‚reas Del Estado;Cabotaje;;87;87
2025-07;BHI - CSZ;(en blanco);Cabotaje;2;;2
2025-07;BHI - CUN;N/A;Internacional;;6;6
2025-07;BHI - EZE;Aerol¡neas Argentinas;Cabotaje;;1506;1506
2025-07;BHI - FDO;N/A;Cabotaje;1;1;2
2025-07;BHI - FDO;(en blanco);Cabotaje;26;14;40
2025-07;BHI - MDQ;LADE - L¡neas A‚reas Del Estado;Cabotaje;45;289;334
2025-07;BHI - MDQ;(en blanco);Cabotaje;18;2;20
2025-07;BHI - MDZ;N/A;Cabotaje;;5;5
2025-07;BHI - MDZ;(en blanco);Cabotaje;6;5;11
2025-07;BHI - NQN;Aerol¡neas Argentinas;Cabotaje;;127;127
2025-07;BHI - NQN;(en blanco);Cabotaje;8;1;9
2025-07;BHI - PMY;American Jet;Cabotaje;10;10;20
2025-07;BHI - PSS;N/A;Cabotaje;1;;1
2025-07;BHI - REL;Aerol¡neas Argentinas;Cabotaje;;38;38
2025-07;BHI - RGA;Aerol¡neas Argentinas;Cabotaje;;77;77
2025-07;BHI - RYO;N/A;Cabotaje;;1;1
2025-07;BOG - COR;Avianca;Internacional;;4000;4000
2025-07;BOG - EZE;Avianca;Internacional;;30701;30701
2025-07;BOG - EZE;Copa Airlines;Internacional;;162;162
2025-07;BPS - EZE;Gol Transportes A‚reos;Internacional;;1170;1170
2025-07;BRC - BSB;N/A;Internacional;12;;12
2025-07;BRC - CNF;Azul Linhas A‚reas Brasileiras;Internacional;;2402;2402
2025-07;BRC - COR;Aerol¡neas Argentinas;Cabotaje;;7312;7312
2025-07;BRC - COR;Andes L¡neas A‚reas;Cabotaje;;1165;1165
2025-07;BRC - COR;Flybondi;Cabotaje;;6874;6874
2025-07;BRC - CPC;(en blanco);Cabotaje;4;;4
2025-07;BRC - ENO;N/A;Internacional;5;;5
2025-07;BRC - EZE;Aerol¡neas Argentinas;Cabotaje;;26597;26597
2025-07;BRC - EZE;Andes L¡neas A‚reas;Cabotaje;;11114;11114
2025-07;BRC - EZE;Flybondi;Cabotaje;;17641;17641
2025-07;BRC - EZE;Gol Transportes A‚reos;Cabotaje;;64;64
2025-07;BRC - EZE;JetSMART Airlines;Cabotaje;;33088;33088
2025-07;BRC - EZE;N/A;Cabotaje;8;;8
2025-07;BRC - EZE;(en blanco);Cabotaje;;131;131
2025-07;BRC - FDO;American Jet;Cabotaje;4;3;7
2025-07;BRC - FDO;N/A;Cabotaje;39;21;60
2025-07;BRC - FDO;(en blanco);Cabotaje;50;20;70
2025-07;BRC - FLN;N/A;Internacional;22;9;31
2025-07;BRC - FTE;(en blanco);Cabotaje;;2;2
2025-07;BRC - GIG;Andes L¡neas A‚reas;Internacional;;252;252
2025-07;BRC - GRU;Aerol¡neas Argentinas;Internacional;;8870;8870
2025-07;BRC - GRU;Andes L¡neas A‚reas;Internacional;;3266;3266
2025-07;BRC - GRU;Azul Linhas A‚reas Brasileiras;Internacional;;159;159
2025-07;BRC - GRU;Gol Transportes A‚reos;Internacional;;3137;3137
2025-07;BRC - GRU;TAM Linhas A‚reas;Internacional;;11236;11236
2025-07;BRC - GRU;(en blanco);Internacional;3;;3
2025-07;BRC - GYN;N/A;Internacional;24;;24
2025-07;BRC - IGR;JetSMART Airlines;Cabotaje;;372;372
2025-07;BRC - IGU;N/A;Internacional;37;;37
2025-07;BRC - JUJ;Andes L¡neas A‚reas;Cabotaje;;906;906
2025-07;BRC - LMMM;N/A;Internacional;29;;29
2025-07;BRC - MDQ;Andes L¡neas A‚reas;Cabotaje;;367;367
2025-07;BRC - MDZ;Aerol¡neas Argentinas;Cabotaje;;3511;3511
2025-07;BRC - MDZ;JetSMART Airlines;Cabotaje;;5020;5020
2025-07;BRC - MVD;Aerol¡neas Argentinas;Internacional;;769;769
2025-07;BRC - MVD;N/A;Internacional;6;;6
2025-07;BRC - MVD;(en blanco);Internacional;4;;4
2025-07;BRC - NQN;Aerol¡neas Argentinas;Cabotaje;;157;157
2025-07;BRC - NQN;JetSMART Airlines;Cabotaje;;120;120
2025-07;BRC - NQN;N/A;Cabotaje;;2;2
2025-07;BRC - NQN;(en blanco);Cabotaje;7;3;10
2025-07;BRC - PDP;Andes L¡neas A‚reas;Internacional;;3870;3870
2025-07;BRC - PDP;(en blanco);Internacional;3;;3
2025-07;BRC - PMC;N/A;Internacional;6;;6
2025-07;BRC - POA;Azul Linhas A‚reas Brasileiras;Internacional;;1488;1488
2025-07;BRC - POA;N/A;Internacional;15;;15
2025-07;BRC - PRA;Andes L¡neas A‚reas;Cabotaje;;184;184
2025-07;BRC - PSS;Andes L¡neas A‚reas;Cabotaje;;182;182
2025-07;BRC - RES;Andes L¡neas A‚reas;Cabotaje;;1426;1426
2025-07;BRC - ROS;Aerol¡neas Argentinas;Cabotaje;;4794;4794
2025-07;BRC - ROS;Andes L¡neas A‚reas;Cabotaje;;4826;4826
2025-07;BRC - ROS;N/A;Cabotaje;;3;3
2025-07;BRC - ROS;(en blanco);Cabotaje;3;;3
2025-07;BRC - SCL;Sky Airline;Internacional;;5477;5477
2025-07;BRC - SDE;Andes L¡neas A‚reas;Cabotaje;;923;923
2025-07;BRC - SFN;Andes L¡neas A‚reas;Cabotaje;;2185;2185
2025-07;BRC - SLA;Andes L¡neas A‚reas;Cabotaje;;177;177
2025-07;BRC - TUC;Andes L¡neas A‚reas;Cabotaje;;408;408
2025-07;BRC - UAQ;American Jet;Cabotaje;;3;3
2025-07;BRC - USH;American Jet;Cabotaje;3;;3
2025-07;BRC - VCP;Azul Linhas A‚reas Brasileiras;Internacional;;6704;6704
2025-07;BRC - VCP;N/A;Internacional;3;;3
2025-07;BSB - EZE;Brazilian Air Force;Internacional;6;;6
2025-07;BSB - EZE;Gol Transportes A‚reos;Internacional;;3604;3604
2025-07;BSB - FDO;(en blanco);Internacional;5;;5
2025-07;CDF - EZE;Aerol¡neas Argentinas;Internacional;;91;91
2025-07;CDG - EZE;Air France;Internacional;;16035;16035
2025-07;CFB - ROS;Aerol¡neas Argentinas;Internacional;;1396;1396
2025-07;CNQ - CNQ;(en blanco);Cabotaje;2;;2
2025-07;CNQ - COR;(en blanco);Cabotaje;2;;2
2025-07;CNQ - EZE;Flybondi;Cabotaje;;74;74
2025-07;CNQ - FDO;(en blanco);Cabotaje;25;4;29
2025-07;CNQ - FMA;(en blanco);Cabotaje;5;;5
2025-07;CNQ - MDX;(en blanco);Cabotaje;2;;2
2025-07;CNQ - OYA;(en blanco);Cabotaje;2;;2
2025-07;CNQ - PSS;(en blanco);Cabotaje;2;;2
2025-07;CNQ - RES;(en blanco);Cabotaje;2;;2
2025-07;CNQ - ROS;(en blanco);Cabotaje;3;;3
2025-07;CNQ - SA23;(en blanco);Cabotaje;5;3;8
2025-07;CNQ - SDE;(en blanco);Cabotaje;4;;4
2025-07;CNQ - SLA;(en blanco);Cabotaje;18;;18
2025-07;CNQ - VMA;(en blanco);Cabotaje;;4;4
2025-07;COR - COR;Aerol¡neas Argentinas;Cabotaje;;68;68
2025-07;COR - COR;N/A;Cabotaje;6;;6
2025-07;COR - COR;(en blanco);Cabotaje;6;2;8
2025-07;COR - CPC;Aerol¡neas Argentinas;Cabotaje;;2156;2156
2025-07;COR - CRD;Aerol¡neas Argentinas;Cabotaje;;2985;2985
2025-07;COR - CRD;Fuerza A‚rea Argentina;Cabotaje;139;;139
2025-07;COR - CRD;(en blanco);Cabotaje;15;;15
2025-07;COR - CTC;(en blanco);Cabotaje;19;;19
2025-07;COR - CWB;N/A;Internacional;8;;8
2025-07;COR - DAL;N/A;Internacional;29;;29
2025-07;COR - EPA;Aerol¡neas Argentinas;Cabotaje;;40;40
2025-07;COR - EPA;Fuerza A‚rea Argentina;Cabotaje;202;;202
2025-07;COR - EPA;(en blanco);Cabotaje;36;;36
2025-07;COR - EQS;Aerol¡neas Argentinas;Cabotaje;;719;719
2025-07;COR - EZE;Aerol¡neas Argentinas;Cabotaje;;8878;8878
2025-07;COR - EZE;American Airlines;Cabotaje;;117;117
2025-07;COR - EZE;Andes L¡neas A‚reas;Cabotaje;;104;104
2025-07;COR - EZE;Avianca;Cabotaje;;183;183
2025-07;COR - EZE;Copa Airlines;Cabotaje;;52;52
2025-07;COR - EZE;Flybondi;Cabotaje;;825;825
2025-07;COR - EZE;JetSMART Airlines;Cabotaje;;405;405
2025-07;COR - EZE;(en blanco);Cabotaje;5;5;10
2025-07;COR - FDO;N/A;Cabotaje;3;;3
2025-07;COR - FDO;(en blanco);Cabotaje;48;24;72
2025-07;COR - FTE;Fuerza A‚rea Argentina;Cabotaje;33;;33
2025-07;COR - GIG;Aerol¡neas Argentinas;Internacional;;2365;2365
2025-07;COR - GIG;Flybondi;Internacional;;60;60
2025-07;COR - GIG;Gol Transportes A‚reos;Internacional;;9332;9332
2025-07;COR - GPO;(en blanco);Cabotaje;2;;2
2025-07;COR - GRU;Gol Transportes A‚reos;Internacional;;3772;3772
2025-07;COR - GYE;Avianca;Internacional;;63;63
2025-07;COR - GYE;N/A;Internacional;7;2;9
2025-07;COR - IGR;Aerol¡neas Argentinas;Cabotaje;;3858;3858
2025-07;COR - IGR;Flybondi;Cabotaje;;78;78
2025-07;COR - IGR;N/A;Cabotaje;6;;6
2025-07;COR - IGR;(en blanco);Cabotaje;;5;5
2025-07;COR - IGU;(en blanco);Internacional;2;2;4
2025-07;COR - IRJ;Andes L¡neas A‚reas;Cabotaje;55;55;110
2025-07;COR - IRJ;(en blanco);Cabotaje;1;2;3
2025-07;COR - JUJ;Aerol¡neas Argentinas;Cabotaje;;2807;2807
2025-07;COR - JUJ;(en blanco);Cabotaje;1;4;5
2025-07;COR - LIM;Andes L¡neas A‚reas;Internacional;;240;240
2025-07;COR - LIM;LATAM;Internacional;;283;283
2025-07;COR - LIM;LATAM Per£;Internacional;;10237;10237
2025-07;COR - LIM;N/A;Internacional;2;;2
2025-07;COR - LPG;(en blanco);Cabotaje;1;;1
2025-07;COR - LUQ;(en blanco);Cabotaje;4;;4
2025-07;COR - MAD;Air Europa;Internacional;;10500;10500
2025-07;COR - MDQ;Aerol¡neas Argentinas;Cabotaje;;1365;1365
2025-07;COR - MDZ;Aerol¡neas Argentinas;Cabotaje;;7050;7050
2025-07;COR - MDZ;JetSMART Airlines;Cabotaje;;114;114
2025-07;COR - MDZ;LATAM Per£;Cabotaje;;78;78
2025-07;COR - MDZ;(en blanco);Cabotaje;70;;70
2025-07;COR - MIA;American Airlines;Internacional;;234;234
2025-07;COR - NQN;Aerol¡neas Argentinas;Cabotaje;;6960;6960
2025-07;COR - NQN;American Jet;Cabotaje;10;10;20
2025-07;COR - NQN;Flybondi;Cabotaje;;6058;6058
2025-07;COR - NVT;(en blanco);Internacional;3;;3
2025-07;COR - PDP;(en blanco);Internacional;4;3;7
2025-07;COR - PIU;N/A;Internacional;4;;4
2025-07;COR - PRA;N/A;Cabotaje;3;3;6
2025-07;COR - PSS;Aerol¡neas Argentinas;Cabotaje;;1513;1513
2025-07;COR - PTY;Copa Airlines;Internacional;;21832;21832
2025-07;COR - PUJ;Aerol¡neas Argentinas;Internacional;;3224;3224
2025-07;COR - RAF;(en blanco);Cabotaje;2;3;5
2025-07;COR - REC;Gol Transportes A‚reos;Internacional;;1187;1187
2025-07;COR - RES;(en blanco);Cabotaje;9;;9
2025-07;COR - RGL;Fuerza A‚rea Argentina;Cabotaje;361;;361
2025-07;COR - RHD;(en blanco);Cabotaje;1;;1
2025-07;COR - ROS;Aerol¡neas Argentinas;Cabotaje;;6;6
2025-07;COR - ROS;Copa Airlines;Cabotaje;;150;150
2025-07;COR - ROS;Ej‚rcito Argentino;Cabotaje;1;;1
2025-07;COR - ROS;(en blanco);Cabotaje;4;;4
2025-07;COR - RSA;N/A;Cabotaje;2;;2
2025-07;COR - RSA;(en blanco);Cabotaje;9;;9
2025-07;COR - SA17;(en blanco);Cabotaje;4;;4
2025-07;COR - SANO;(en blanco);Cabotaje;5;;5
2025-07;COR - SAOE;(en blanco);Cabotaje;2;;2
2025-07;COR - SCL;LATAM;Internacional;;12941;12941
2025-07;COR - SCL;LATAM Per£;Internacional;;156;156
2025-07;COR - SCL;N/A;Internacional;5;;5
2025-07;COR - SCL;(en blanco);Internacional;9;10;19
2025-07;COR - SCLE;LATAM;Internacional;;146;146
2025-07;COR - SDE;Aerol¡neas Argentinas;Cabotaje;;44;44
2025-07;COR - SDE;(en blanco);Cabotaje;38;1;39
2025-07;COR - SFN;N/A;Cabotaje;3;3;6
2025-07;COR - SFN;(en blanco);Cabotaje;2;1;3
2025-07;COR - SLA;Aerol¡neas Argentinas;Cabotaje;;6411;6411
2025-07;COR - SLA;Flybondi;Cabotaje;;4265;4265
2025-07;COR - SLA;Fuerza A‚rea Argentina;Cabotaje;78;;78
2025-07;COR - SLA;(en blanco);Cabotaje;45;9;54
2025-07;COR - TUC;Aerol¡neas Argentinas;Cabotaje;;2961;2961
2025-07;COR - TUC;(en blanco);Cabotaje;14;8;22
2025-07;COR - UAQ;(en blanco);Cabotaje;18;3;21
2025-07;COR - USH;Aerol¡neas Argentinas;Cabotaje;;2385;2385
2025-07;COR - VDR;(en blanco);Cabotaje;5;5;10
2025-07;COR - VMA;(en blanco);Cabotaje;3;;3
2025-07;CPC - CPC;(en blanco);Cabotaje;6;;6
2025-07;CPC - EPA;Ej‚rcito Argentino;Cabotaje;2;;2
2025-07;CPC - EZE;Aerol¡neas Argentinas;Cabotaje;;1301;1301
2025-07;CPC - EZE;Andes L¡neas A‚reas;Cabotaje;;39;39
2025-07;CPC - EZE;JetSMART Airlines;Cabotaje;;884;884
2025-07;CPC - FDO;N/A;Cabotaje;;6;6
2025-07;CPC - FDO;(en blanco);Cabotaje;;4;4
2025-07;CPC - FMA;(en blanco);Cabotaje;;3;3
2025-07;CPC - MDQ;N/A;Cabotaje;5;;5
2025-07;CPC - NQN;Aerol¡neas Argentinas;Cabotaje;;85;85
2025-07;CPC - NQN;N/A;Cabotaje;3;3;6
2025-07;CPC - NQN;(en blanco);Cabotaje;6;;6
2025-07;CPC - ROS;Aerol¡neas Argentinas;Cabotaje;;2924;2924
2025-07;CPC - RSA;Ej‚rcito Argentino;Cabotaje;3;;3
2025-07;CRD - EPA;Fuerza A‚rea Argentina;Cabotaje;64;;64
2025-07;CRD - EQS;(en blanco);Cabotaje;;2;2
2025-07;CRD - EZE;Aerol¡neas Argentinas;Cabotaje;;3656;3656
2025-07;CRD - EZE;Flybondi;Cabotaje;;2709;2709
2025-07;CRD - EZE;JetSMART Airlines;Cabotaje;;51;51
2025-07;CRD - EZE;(en blanco);Cabotaje;3;;3
2025-07;CRD - FDO;(en blanco);Cabotaje;16;6;22
2025-07;CRD - FTE;LADE - L¡neas A‚reas Del Estado;Cabotaje;47;113;160
2025-07;CRD - MDQ;LADE - L¡neas A‚reas Del Estado;Cabotaje;4;;4
2025-07;CRD - MDZ;Fuerza A‚rea Argentina;Cabotaje;53;;53
2025-07;CRD - NQN;Aerol¡neas Argentinas;Cabotaje;;4266;4266
2025-07;CRD - NQN;American Jet;Cabotaje;;19;19
2025-07;CRD - NQN;Fuerza A‚rea Argentina;Cabotaje;9;;9
2025-07;CRD - NQN;N/A;Cabotaje;;4;4
2025-07;CRD - PMQ;LADE - L¡neas A‚reas Del Estado;Cabotaje;24;65;89
2025-07;CRD - PMY;American Jet;Cabotaje;10;;10
2025-07;CRD - REL;Aerol¡neas Argentinas;Cabotaje;;38;38
2025-07;CRD - REL;N/A;Cabotaje;3;3;6
2025-07;CRD - REL;(en blanco);Cabotaje;14;10;24
2025-07;CRD - RGA;(en blanco);Cabotaje;;1;1
2025-07;CRD - RGL;Fuerza A‚rea Argentina;Cabotaje;4;;4
2025-07;CRD - RGL;N/A;Cabotaje;;1;1
2025-07;CRD - RGL;(en blanco);Cabotaje;5;5;10
2025-07;CRD - USH;Aerol¡neas Argentinas;Cabotaje;;75;75
2025-07;CRD - USH;N/A;Cabotaje;;3;3
2025-07;CRD - VDM;American Jet;Cabotaje;;19;19
2025-07;CSZ - FDO;(en blanco);Cabotaje;9;4;13
2025-07;CTC - CTC;(en blanco);Cabotaje;10;;10
2025-07;CTC - EZE;Aerol¡neas Argentinas;Cabotaje;;71;71
2025-07;CTC - FDO;N/A;Cabotaje;2;1;3
2025-07;CTC - FDO;(en blanco);Cabotaje;24;5;29
2025-07;CTC - IRJ;Aerol¡neas Argentinas;Cabotaje;;862;862
2025-07;CTC - IRJ;(en blanco);Cabotaje;19;;19
2025-07;CTC - JUJ;(en blanco);Cabotaje;1;;1
2025-07;CTC - LUQ;(en blanco);Cabotaje;1;;1
2025-07;CTC - RHD;(en blanco);Cabotaje;;1;1
2025-07;CTC - SDE;(en blanco);Cabotaje;5;;5
2025-07;CTC - SLA;(en blanco);Cabotaje;48;1;49
2025-07;CTC - TUC;Aerol¡neas Argentinas;Cabotaje;;44;44
2025-07;CTC - TUC;(en blanco);Cabotaje;6;;6
2025-07;CTC - VMA;(en blanco);Cabotaje;2;;2
2025-07;CUN - EZE;Aerol¡neas Argentinas;Internacional;;10861;10861
2025-07;CUN - EZE;Arajet;Internacional;;179;179
2025-07;CUT - NQN;(en blanco);Cabotaje;2;;2
2025-07;CWB - EZE;Flybondi;Internacional;;179;179
2025-07;CWB - EZE;TAM Linhas A‚reas;Internacional;;298;298
2025-07;CWB - FDO;N/A;Internacional;11;;11
2025-07;CYR - FDO;(en blanco);Internacional;7;;7
2025-07;DZO - FDO;(en blanco);Internacional;16;;16
2025-07;EDP - RES;(en blanco);Internacional;1;4;5
2025-07;ELO - PSS;N/A;Cabotaje;1;;1
2025-07;ELO - PSS;(en blanco);Cabotaje;;2;2
2025-07;ENO - FDO;N/A;Internacional;6;;6
2025-07;ENO - MDQ;N/A;Internacional;4;;4
2025-07;ENO - SLA;N/A;Internacional;6;;6
2025-07;EPA - FDO;(en blanco);Cabotaje;1;;1
2025-07;EPA - IRJ;(en blanco);Cabotaje;9;;9
2025-07;EPA - MDZ;(en blanco);Cabotaje;109;;109
2025-07;EPA - MOR;(en blanco);Cabotaje;1;;1
2025-07;EPA - PRA;(en blanco);Cabotaje;2;;2
2025-07;EPA - RCQ;(en blanco);Cabotaje;8;;8
2025-07;EPA - RES;(en blanco);Cabotaje;2;;2
2025-07;EPA - RGL;Fuerza A‚rea Argentina;Cabotaje;26;;26
2025-07;EPA - ROS;Fuerza A‚rea Argentina;Cabotaje;5;;5
2025-07;EPA - RSA;Ej‚rcito Argentino;Cabotaje;2;;2
2025-07;EPA - TUC;(en blanco);Cabotaje;2;;2
2025-07;EQS - EQS;(en blanco);Cabotaje;1;;1
2025-07;EQS - EZE;Aerol¡neas Argentinas;Cabotaje;;184;184
2025-07;EQS - FDO;(en blanco);Cabotaje;6;5;11
2025-07;EQS - NQN;(en blanco);Cabotaje;1;;1
2025-07;EQS - REL;(en blanco);Cabotaje;7;1;8
2025-07;ESG - FDO;(en blanco);Internacional;1;;1
2025-07;EWR - EZE;N/A;Internacional;;10;10
2025-07;EWR - MDZ;(en blanco);Internacional;2;;2
2025-07;EZE - EZE;Aerol¡neas Argentinas;Cabotaje;;108;108
2025-07;EZE - EZE;JetSMART Airlines;Cabotaje;;79;79
2025-07;EZE - FAA EJERCITO ARGENTINO;(en blanco);Internacional;26;52;78
2025-07;EZE - FCO;Aerol¡neas Argentinas;Internacional;;8626;8626
2025-07;EZE - FCO;ITA Airways;Internacional;;24308;24308
2025-07;EZE - FDO;(en blanco);Cabotaje;16;5;21
2025-07;EZE - FLN;Gol Transportes A‚reos;Internacional;;3414;3414
2025-07;EZE - FLN;JetSMART Airlines;Internacional;;87;87
2025-07;EZE - FOR;Gol Transportes A‚reos;Internacional;;1118;1118
2025-07;EZE - FOR;N/A;Internacional;1;3;4
2025-07;EZE - FRA;Lufthansa;Internacional;;19643;19643
2025-07;EZE - FRA;Lufthansa Cargo;Internacional;;2;2
2025-07;EZE - FTE;Aerol¡neas Argentinas;Cabotaje;;4306;4306
2025-07;EZE - FTE;Flybondi;Cabotaje;;4413;4413
2025-07;EZE - GHU;(en blanco);Cabotaje;3;;3
2025-07;EZE - GIG;Brazilian Air Force;Internacional;6;;6
2025-07;EZE - GIG;British Airways;Internacional;;10877;10877
2025-07;EZE - GIG;Emirates Airline;Internacional;;8809;8809
2025-07;EZE - GIG;Flybondi;Internacional;;7782;7782
2025-07;EZE - GIG;Gol Transportes A‚reos;Internacional;;17221;17221
2025-07;EZE - GIG;JetSMART Airlines;Internacional;;10585;10585
2025-07;EZE - GIG;N/A;Internacional;68;3;71
2025-07;EZE - GIG;TAM Linhas A‚reas;Internacional;;8203;8203
2025-07;EZE - GRU;Aerol¡neas Argentinas;Internacional;;356;356
2025-07;EZE - GRU;Air Canada;Internacional;;8667;8667
2025-07;EZE - GRU;Andes L¡neas A‚reas;Internacional;;1;1
2025-07;EZE - GRU;British Airways;Internacional;;118;118
2025-07;EZE - GRU;Emirates Airline;Internacional;;588;588
2025-07;EZE - GRU;Ethiopian Airlines;Internacional;;12197;12197
2025-07;EZE - GRU;Flybondi;Internacional;;618;618
2025-07;EZE - GRU;Gol Transportes A‚reos;Internacional;;921;921
2025-07;EZE - GRU;JetSMART Airlines;Internacional;;194;194
2025-07;EZE - GRU;KLM;Internacional;;3;3
2025-07;EZE - GRU;LATAM;Internacional;;1324;1324
2025-07;EZE - GRU;N/A;Internacional;;5;5
2025-07;EZE - GRU;Swiss International Air Lines;Internacional;;3302;3302
2025-07;EZE - GRU;TAM Linhas A‚reas;Internacional;;6785;6785
2025-07;EZE - GRU;Turkish Airlines;Internacional;;12805;12805
2025-07;EZE - GVA;N/A;Internacional;;7;7
2025-07;EZE - GYE;Avianca;Internacional;;2925;2925
2025-07;EZE - GYE;Avianca Costa Rica;Internacional;;2565;2565
2025-07;EZE - GYE;LATAM Ecuador;Internacional;;260;260
2025-07;EZE - GYE;N/A;Internacional;;1;1
2025-07;EZE - HPN;N/A;Internacional;8;;8
2025-07;EZE - IAH;United Airlines;Internacional;;14462;14462
2025-07;EZE - IGR;Aerol¡neas Argentinas;Cabotaje;;13734;13734
2025-07;EZE - IGR;Flybondi;Cabotaje;;12705;12705
2025-07;EZE - IGR;Iberia Airlines;Cabotaje;;142;142
2025-07;EZE - IGR;JetSMART Airlines;Cabotaje;;21506;21506
2025-07;EZE - IRJ;Aerol¡neas Argentinas;Cabotaje;;520;520
2025-07;EZE - JFK;American Airlines;Internacional;;14834;14834
2025-07;EZE - JPA;Gol Transportes A‚reos;Internacional;;869;869
2025-07;EZE - JUJ;Aerol¡neas Argentinas;Cabotaje;;4008;4008
2025-07;EZE - JUJ;Flybondi;Cabotaje;;7143;7143
2025-07;EZE - LIM;Aerol¡neas Argentinas;Internacional;;95;95
2025-07;EZE - LIM;Andes L¡neas A‚reas;Internacional;;428;428
2025-07;EZE - LIM;Copa Airlines;Internacional;;159;159
2025-07;EZE - LIM;LATAM Ecuador;Internacional;;6964;6964
2025-07;EZE - LIM;LATAM Per£;Internacional;;17752;17752
2025-07;EZE - LIM;N/A;Internacional;;8;8
2025-07;EZE - LIM;Sky Airline;Internacional;;1647;1647
2025-07;EZE - LPA;N/A;Internacional;6;6;12
2025-07;EZE - LRD;N/A;Internacional;;2;2
2025-07;EZE - LUQ;Andes L¡neas A‚reas;Cabotaje;;99;99
2025-07;EZE - MAD;Aerol¡neas Argentinas;Internacional;;25097;25097
2025-07;EZE - MAD;Air Europa;Internacional;;19925;19925
2025-07;EZE - MAD;Iberia Airlines;Internacional;;57332;57332
2025-07;EZE - MAD;N/A;Internacional;;10;10
2025-07;EZE - MCZ;Gol Transportes A‚reos;Internacional;;1248;1248
2025-07;EZE - MDE;Avianca;Internacional;;7788;7788
2025-07;EZE - MDZ;Aerol¡neas Argentinas;Cabotaje;;11654;11654
2025-07;EZE - MDZ;Flybondi;Cabotaje;;1609;1609
2025-07;EZE - MDZ;JetSMART Airlines;Cabotaje;;11232;11232
2025-07;EZE - MDZ;United Airlines;Cabotaje;;98;98
2025-07;EZE - MDZ;(en blanco);Cabotaje;4;4;8
2025-07;EZE - MEX;Aerom‚xico;Internacional;;15018;15018
2025-07;EZE - MIA;Aerol¡neas Argentinas;Internacional;;31090;31090
2025-07;EZE - MIA;American Airlines;Internacional;;29923;29923
2025-07;EZE - MVD;Air Europa;Internacional;;468;468
2025-07;EZE - MVD;Copa Airlines;Internacional;;793;793
2025-07;EZE - MVD;JetSMART Airlines;Internacional;;178;178
2025-07;EZE - MVD;LATAM;Internacional;;301;301
2025-07;EZE - MVD;LATAM Per£;Internacional;;261;261
2025-07;EZE - MVD;N/A;Internacional;;30;30
2025-07;EZE - MVD;Sky Airline;Internacional;;160;160
2025-07;EZE - MVD;TAM Linhas A‚reas;Internacional;;173;173
2025-07;EZE - MVD;(en blanco);Internacional;;2;2
2025-07;EZE - NAS;Global Jet Luxembourg;Internacional;3;;3
2025-07;EZE - NAT;Gol Transportes A‚reos;Internacional;;2683;2683
2025-07;EZE - NCJ;(en blanco);Cabotaje;;2;2
2025-07;EZE - NQN;Aerol¡neas Argentinas;Cabotaje;;7526;7526
2025-07;EZE - NQN;Flybondi;Cabotaje;;1042;1042
2025-07;EZE - NQN;JetSMART Airlines;Cabotaje;;5051;5051
2025-07;EZE - OYA;(en blanco);Cabotaje;2;2;4
2025-07;EZE - PDP;Andes L¡neas A‚reas;Internacional;;179;179
2025-07;EZE - PDP;(en blanco);Internacional;;3;3
2025-07;EZE - PEH;(en blanco);Cabotaje;;11;11
2025-07;EZE - PHX;N/A;Internacional;5;;5
2025-07;EZE - PMO;N/A;Internacional;;7;7
2025-07;EZE - PMY;Aerol¡neas Argentinas;Cabotaje;;108;108
2025-07;EZE - PMY;Flybondi;Cabotaje;;906;906
2025-07;EZE - PMY;(en blanco);Cabotaje;1;3;4
2025-07;EZE - POA;Gol Transportes A‚reos;Internacional;;162;162
2025-07;EZE - PRA;(en blanco);Cabotaje;29;5;34
2025-07;EZE - PSS;Aerol¡neas Argentinas;Cabotaje;;967;967
2025-07;EZE - PSS;Flybondi;Cabotaje;;228;228
2025-07;EZE - PTY;Copa Airlines;Internacional;;44566;44566
2025-07;EZE - PTY;N/A;Internacional;;7634;7634
2025-07;EZE - PUJ;Aerol¡neas Argentinas;Internacional;;12272;12272
2025-07;EZE - PUJ;Arajet;Internacional;;11874;11874
2025-07;EZE - RAF;(en blanco);Cabotaje;1;73;74
2025-07;EZE - RAI;Global Jet Luxembourg;Internacional;2;;2
2025-07;EZE - RAI;N/A;Internacional;7;2;9
2025-07;EZE - REC;JetSMART Airlines;Internacional;;5612;5612
2025-07;EZE - REC;N/A;Internacional;;159;159
2025-07;EZE - REL;Aerol¡neas Argentinas;Cabotaje;;734;734
2025-07;EZE - RES;Aerol¡neas Argentinas;Cabotaje;;870;870
2025-07;EZE - RES;Iberia Airlines;Cabotaje;;146;146
2025-07;EZE - RES;(en blanco);Cabotaje;;33;33
2025-07;EZE - RGA;Aerol¡neas Argentinas;Cabotaje;;1819;1819
2025-07;EZE - RGA;JetSMART Airlines;Cabotaje;;51;51
2025-07;EZE - RGL;Aerol¡neas Argentinas;Cabotaje;;2905;2905
2025-07;EZE - RGL;(en blanco);Cabotaje;;1;1
2025-07;EZE - RLI;(en blanco);Internacional;;3;3
2025-07;EZE - ROS;Aerol¡neas Argentinas;Cabotaje;;1102;1102
2025-07;EZE - ROS;Andes L¡neas A‚reas;Cabotaje;;4;4
2025-07;EZE - ROS;Boliviana de Aviacion;Cabotaje;;49;49
2025-07;EZE - ROS;Copa Airlines;Cabotaje;;52;52
2025-07;EZE - ROS;N/A;Cabotaje;;8;8
2025-07;EZE - ROS;(en blanco);Cabotaje;6;1;7
2025-07;EZE - RSA;(en blanco);Cabotaje;1;2;3
2025-07;EZE - SA31;(en blanco);Cabotaje;;3;3
2025-07;EZE - SAZE;(en blanco);Cabotaje;;3;3
2025-07;EZE - SCF;N/A;Internacional;5;;5
2025-07;EZE - SCL;Aerol¡neas Argentinas;Internacional;;1603;1603
2025-07;EZE - SCL;Air Canada;Internacional;;257;257
2025-07;EZE - SCL;Delta Air Lines;Internacional;;1;1
2025-07;EZE - SCL;JetSMART Airlines;Internacional;;3554;3554
2025-07;EZE - SCL;KLM;Internacional;;10085;10085
2025-07;EZE - SCL;LATAM;Internacional;;28402;28402
2025-07;EZE - SCL;LATAM Per£;Internacional;;139;139
2025-07;EZE - SCL;N/A;Internacional;4;;4
2025-07;EZE - SCL;Sky Airline;Internacional;;3156;3156
2025-07;EZE - SCL;TAM Linhas A‚reas;Internacional;;200;200
2025-07;EZE - SDE;Aerol¡neas Argentinas;Cabotaje;;1147;1147
2025-07;EZE - SDE;Andes L¡neas A‚reas;Cabotaje;;1;1
2025-07;EZE - SDE;Flybondi;Cabotaje;;303;303
2025-07;EZE - SFN;Andes L¡neas A‚reas;Cabotaje;;38;38
2025-07;EZE - SFN;(en blanco);Cabotaje;;9;9
2025-07;EZE - SID;(en blanco);Internacional;;4;4
2025-07;EZE - SJS;Avianca Costa Rica;Internacional;;92;92
2025-07;EZE - SJU;N/A;Internacional;4;;4
2025-07;EZE - SLA;Aerol¡neas Argentinas;Cabotaje;;10222;10222
2025-07;EZE - SLA;Flybondi;Cabotaje;;9081;9081
2025-07;EZE - SLA;JetSMART Airlines;Cabotaje;;3904;3904
2025-07;EZE - SLA;(en blanco);Cabotaje;1;;1
2025-07;EZE - SSA;Sky Airline;Internacional;;2889;2889
2025-07;EZE - SUAA;(en blanco);Internacional;;1;1
2025-07;EZE - SUCM;(en blanco);Internacional;;4;4
2025-07;EZE - SVQ;N/A;Internacional;;6;6
2025-07;EZE - TUC;Aerol¡neas Argentinas;Cabotaje;;8875;8875
2025-07;EZE - TUC;American Jet;Cabotaje;7;35;42
2025-07;EZE - TUC;Andes L¡neas A‚reas;Cabotaje;;1;1
2025-07;EZE - TUC;Flybondi;Cabotaje;;683;683
2025-07;EZE - TUC;JetSMART Airlines;Cabotaje;;6591;6591
2025-07;EZE - TUC;N/A;Cabotaje;;2;2
2025-07;EZE - TUC;(en blanco);Cabotaje;4;;4
2025-07;EZE - UAQ;Aerol¡neas Argentinas;Cabotaje;;1012;1012
2025-07;EZE - UAQ;American Jet;Cabotaje;;22;22
2025-07;EZE - UAQ;Flybondi;Cabotaje;;134;134
2025-07;EZE - UIO;Avianca;Internacional;;2600;2600
2025-07;EZE - UIO;Avianca Costa Rica;Internacional;;2019;2019
2025-07;EZE - USH;Aerol¡neas Argentinas;Cabotaje;;18717;18717
2025-07;EZE - USH;Flybondi;Cabotaje;;5871;5871
2025-07;EZE - USH;JetSMART Airlines;Cabotaje;;3204;3204
2025-07;EZE - VDR;(en blanco);Cabotaje;;8;8
2025-07;EZE - VVI;Boliviana de Aviacion;Internacional;;15803;15803
2025-07;EZE - VVI;Flybondi;Internacional;;164;164
2025-07;FAA EJERCITO ARGENTINO - FDO;(en blanco);Internacional;28;23;51
2025-07;FDO - FDO;N/A;Cabotaje;5;;5
2025-07;FDO - FDO;(en blanco);Cabotaje;75;13;88
2025-07;FDO - FMA;N/A;Cabotaje;;10;10
2025-07;FDO - FMA;(en blanco);Cabotaje;3;3;6
2025-07;FDO - FOR;(en blanco);Internacional;6;8;14
2025-07;FDO - FTE;N/A;Cabotaje;3;;3
2025-07;FDO - FTE;(en blanco);Cabotaje;1;7;8
2025-07;FDO - GHU;(en blanco);Cabotaje;2;;2
2025-07;FDO - GIG;(en blanco);Internacional;3;3;6
2025-07;FDO - GNR;N/A;Cabotaje;;1;1
2025-07;FDO - GPO;American Jet;Cabotaje;2;5;7
2025-07;FDO - GPO;(en blanco);Cabotaje;10;4;14
2025-07;FDO - GRU;(en blanco);Internacional;23;;23
2025-07;FDO - GYE;(en blanco);Internacional;8;2;10
2025-07;FDO - IBZ;(en blanco);Internacional;4;;4
2025-07;FDO - IGR;(en blanco);Cabotaje;;9;9
2025-07;FDO - IGU;(en blanco);Internacional;;2;2
2025-07;FDO - IRJ;(en blanco);Cabotaje;24;2;26
2025-07;FDO - JUJ;Aerol¡neas Argentinas;Cabotaje;;48;48
2025-07;FDO - JUJ;N/A;Cabotaje;;2;2
2025-07;FDO - JUJ;(en blanco);Cabotaje;10;9;19
2025-07;FDO - KNA;N/A;Internacional;8;;8
2025-07;FDO - LMMM;N/A;Internacional;;2;2
2025-07;FDO - LMMM;(en blanco);Internacional;5;;5
2025-07;FDO - LPG;(en blanco);Cabotaje;2;;2
2025-07;FDO - LUQ;(en blanco);Cabotaje;2;;2
2025-07;FDO - MDQ;American Jet;Cabotaje;;10;10
2025-07;FDO - MDQ;N/A;Cabotaje;2;;2
2025-07;FDO - MDQ;(en blanco);Cabotaje;23;8;31
2025-07;FDO - MDX;(en blanco);Cabotaje;8;5;13
2025-07;FDO - MDZ;N/A;Cabotaje;5;4;9
2025-07;FDO - MDZ;(en blanco);Cabotaje;22;18;40
2025-07;FDO - MOR;(en blanco);Cabotaje;2;2;4
2025-07;FDO - MVD;Fuerza A‚rea Uruguaya;Internacional;7;;7
2025-07;FDO - MVD;N/A;Internacional;15;1;16
2025-07;FDO - MVD;(en blanco);Internacional;27;4;31
2025-07;FDO - NAS;(en blanco);Internacional;1;;1
2025-07;FDO - NAT;Gestair;Internacional;4;;4
2025-07;FDO - NCJ;(en blanco);Cabotaje;11;9;20
2025-07;FDO - NQN;N/A;Cabotaje;;1;1
2025-07;FDO - NQN;(en blanco);Cabotaje;12;25;37
2025-07;FDO - NVT;N/A;Internacional;;4;4
2025-07;FDO - NVT;(en blanco);Internacional;8;;8
2025-07;FDO - OPF;(en blanco);Internacional;4;;4
2025-07;FDO - OYA;(en blanco);Cabotaje;4;;4
2025-07;FDO - OYO;(en blanco);Cabotaje;5;;5
2025-07;FDO - PDP;N/A;Internacional;24;28;52
2025-07;FDO - PDP;(en blanco);Internacional;147;15;162
2025-07;FDO - PEH;(en blanco);Cabotaje;12;8;20
2025-07;FDO - PMQ;(en blanco);Cabotaje;;17;17
2025-07;FDO - PMY;(en blanco);Cabotaje;1;15;16
2025-07;FDO - POA;N/A;Internacional;;3;3
2025-07;FDO - PRA;N/A;Cabotaje;;1;1
2025-07;FDO - PRA;(en blanco);Cabotaje;14;6;20
2025-07;FDO - PSS;(en blanco);Cabotaje;9;11;20
2025-07;FDO - RAF;(en blanco);Cabotaje;1;1;2
2025-07;FDO - RCQ;(en blanco);Cabotaje;1;;1
2025-07;FDO - REL;N/A;Cabotaje;;1;1
2025-07;FDO - REL;(en blanco);Cabotaje;7;8;15
2025-07;FDO - RES;N/A;Cabotaje;2;1;3
2025-07;FDO - RES;(en blanco);Cabotaje;14;28;42
2025-07;FDO - RGA;N/A;Cabotaje;;1;1
2025-07;FDO - RGL;N/A;Cabotaje;1;5;6
2025-07;FDO - RGL;(en blanco);Cabotaje;18;11;29
2025-07;FDO - RHD;(en blanco);Cabotaje;;5;5
2025-07;FDO - RLO;(en blanco);Cabotaje;;4;4
2025-07;FDO - ROS;N/A;Cabotaje;1;1;2
2025-07;FDO - ROS;(en blanco);Cabotaje;21;7;28
2025-07;FDO - RSA;N/A;Cabotaje;;4;4
2025-07;FDO - RSA;(en blanco);Cabotaje;17;3;20
2025-07;FDO - RTB;(en blanco);Internacional;;5;5
2025-07;FDO - SA04;(en blanco);Cabotaje;12;;12
2025-07;FDO - SA32;(en blanco);Cabotaje;3;;3
2025-07;FDO - SA40;(en blanco);Cabotaje;2;;2
2025-07;FDO - SAAA;(en blanco);Cabotaje;1;;1
2025-07;FDO - SAAN;(en blanco);Cabotaje;1;3;4
2025-07;FDO - SADO;(en blanco);Cabotaje;6;;6
2025-07;FDO - SANO;(en blanco);Cabotaje;2;;2
2025-07;FDO - SARV;N/A;Cabotaje;;4;4
2025-07;FDO - SARV;(en blanco);Cabotaje;2;;2
2025-07;FDO - SAVO;(en blanco);Cabotaje;2;;2
2025-07;FDO - SAZA;(en blanco);Cabotaje;6;;6
2025-07;FDO - SAZE;(en blanco);Cabotaje;4;;4
2025-07;FDO - SCL;N/A;Internacional;6;;6
2025-07;FDO - SCL;(en blanco);Internacional;11;;11
2025-07;FDO - SDE;N/A;Cabotaje;3;;3
2025-07;FDO - SDE;(en blanco);Cabotaje;50;4;54
2025-07;FDO - SFN;(en blanco);Cabotaje;24;10;34
2025-07;FDO - SID;(en blanco);Internacional;12;;12
2025-07;FDO - SLA;American Jet;Cabotaje;;5;5
2025-07;FDO - SLA;(en blanco);Cabotaje;19;62;81
2025-07;FDO - STY;(en blanco);Internacional;;1;1
2025-07;FDO - SUAA;N/A;Internacional;6;1;7
2025-07;FDO - SUAA;(en blanco);Internacional;59;17;76
2025-07;FDO - SUCM;N/A;Internacional;8;;8
2025-07;FDO - SUCM;(en blanco);Internacional;10;2;12
2025-07;FDO - TDL;N/A;Cabotaje;;3;3
2025-07;FDO - TUC;N/A;Cabotaje;;5;5
2025-07;FDO - TUC;(en blanco);Cabotaje;34;9;43
2025-07;FDO - UAQ;American Jet;Cabotaje;;4;4
2025-07;FDO - UAQ;N/A;Cabotaje;;5;5
2025-07;FDO - UAQ;(en blanco);Cabotaje;4;8;12
2025-07;FDO - USH;(en blanco);Cabotaje;14;;14
2025-07;FDO - VCP;(en blanco);Internacional;9;2;11
2025-07;FDO - VDM;N/A;Cabotaje;;5;5
2025-07;FDO - VDM;(en blanco);Cabotaje;;9;9
2025-07;FDO - VDR;(en blanco);Cabotaje;1;;1
2025-07;FDO - VME;(en blanco);Cabotaje;12;;12
2025-07;FLL - ROS;NetJets;Internacional;5;;5
2025-07;FLN - TUC;(en blanco);Internacional;2;;2
2025-07;FLN - USH;(en blanco);Internacional;12;;12
2025-07;FMA - IGU;N/A;Internacional;8;4;12
2025-07;FMA - PSS;(en blanco);Cabotaje;4;;4
2025-07;FMA - ROS;(en blanco);Cabotaje;1;;1
2025-07;FMA - SAOL;(en blanco);Cabotaje;1;;1
2025-07;FTE - FTE;(en blanco);Cabotaje;7;;7
2025-07;FTE - PDP;N/A;Internacional;6;;6
2025-07;FTE - PMQ;LADE - L¡neas A‚reas Del Estado;Cabotaje;3;15;18
2025-07;FTE - RGL;Aerol¡neas Argentinas;Cabotaje;;376;376
2025-07;FTE - RGL;LADE - L¡neas A‚reas Del Estado;Cabotaje;38;70;108
2025-07;FTE - RGL;(en blanco);Cabotaje;4;5;9
2025-07;FTE - USH;Aerol¡neas Argentinas;Cabotaje;;7357;7357
2025-07;FTE - USH;Flybondi;Cabotaje;;1604;1604
2025-07;FTE - USH;LADE - L¡neas A‚reas Del Estado;Cabotaje;11;27;38
2025-07;FTE - USH;N/A;Cabotaje;3;3;6
2025-07;GHU - IGR;(en blanco);Cabotaje;;3;3
2025-07;GHU - RLO;(en blanco);Cabotaje;4;;4
2025-07;GIG - IGR;(en blanco);Internacional;;7;7
2025-07;GIG - MDZ;Gol Transportes A‚reos;Internacional;;160;160
2025-07;GIG - MDZ;JetSMART Airlines;Internacional;;1625;1625
2025-07;GIG - MDZ;LATAM;Internacional;;157;157
2025-07;GIG - ROS;Aerol¡neas Argentinas;Internacional;;1320;1320
2025-07;GIG - ROS;Gol Transportes A‚reos;Internacional;;4122;4122
2025-07;GNR - NQN;(en blanco);Cabotaje;3;;3
2025-07;GNR - TUC;N/A;Cabotaje;1;;1
2025-07;GPO - SAEA;(en blanco);Cabotaje;2;;2
2025-07;GRU - MDZ;Gol Transportes A‚reos;Internacional;;7788;7788
2025-07;GRU - MDZ;LATAM;Internacional;;353;353
2025-07;GRU - MDZ;TAM Linhas A‚reas;Internacional;;6117;6117
2025-07;GRU - SLA;Aerol¡neas Argentinas;Internacional;;777;777
2025-07;GYE - MDZ;(en blanco);Internacional;;16;16
2025-07;GYE - ROS;N/A;Internacional;;8;8
2025-07;GYE - SLA;(en blanco);Internacional;5;;5
2025-07;GYE - TUC;(en blanco);Internacional;10;;10
2025-07;HOS - NQN;(en blanco);Cabotaje;5;;5
2025-07;HPN - RES;N/A;Internacional;4;;4
2025-07;IGR - IGR;(en blanco);Cabotaje;2;10;12
2025-07;IGR - MAD;(en blanco);Internacional;;3;3
2025-07;IGR - NCJ;(en blanco);Cabotaje;;6;6
2025-07;IGR - PSS;(en blanco);Cabotaje;6;3;9
2025-07;IGR - ROS;Aerol¡neas Argentinas;Cabotaje;;2413;2413
2025-07;IGR - SLA;Aerol¡neas Argentinas;Cabotaje;;2029;2029
2025-07;IGR - TDL;N/A;Cabotaje;3;;3
2025-07;IGU - MDZ;N/A;Internacional;8;;8
2025-07;IGU - MDZ;(en blanco);Internacional;6;;6
2025-07;IGU - RES;N/A;Internacional;1;;1
2025-07;IGU - ROS;N/A;Internacional;10;;10
2025-07;IGU - ROS;(en blanco);Internacional;3;;3
2025-07;IRJ - IRJ;(en blanco);Cabotaje;4;;4
2025-07;IRJ - MOR;(en blanco);Cabotaje;;2;2
2025-07;IRJ - ROS;(en blanco);Cabotaje;11;;11
2025-07;IRJ - SANO;(en blanco);Cabotaje;2;;2
2025-07;IRJ - SLA;(en blanco);Cabotaje;7;;7
2025-07;IRJ - TUC;(en blanco);Cabotaje;3;2;5
2025-07;IRJ - UAQ;(en blanco);Cabotaje;8;;8
2025-07;JNI - ROS;(en blanco);Cabotaje;1;;1
2025-07;JUJ - JUJ;(en blanco);Cabotaje;3;;3
2025-07;JUJ - NAS;N/A;Internacional;2;;2
2025-07;JUJ - RES;(en blanco);Cabotaje;8;;8
2025-07;JUJ - SACD;(en blanco);Cabotaje;1;;1
2025-07;JUJ - SLA;Aerol¡neas Argentinas;Cabotaje;;94;94
2025-07;JUJ - SLA;JetSMART Airlines;Cabotaje;;58;58
2025-07;JUJ - SLA;(en blanco);Cabotaje;15;;15
2025-07;JUJ - TUC;(en blanco);Cabotaje;13;;13
2025-07;LGS - SCL;N/A;Internacional;6;;6
2025-07;LIM - MDZ;LATAM;Internacional;;172;172
2025-07;LIM - MDZ;LATAM Per£;Internacional;;4600;4600
2025-07;LIM - ROS;LATAM Per£;Internacional;;2687;2687
2025-07;LIM - SLA;LATAM Per£;Internacional;;5909;5909
2025-07;LIM - TUC;(en blanco);Internacional;2;;2
2025-07;LMMM - MDZ;N/A;Internacional;8;;8
2025-07;LMMM - MDZ;(en blanco);Internacional;14;;14
2025-07;LMMM - USH;N/A;Internacional;6;;6
2025-07;LPG - MDQ;(en blanco);Cabotaje;1;;1
2025-07;LPG - NQN;(en blanco);Cabotaje;3;;3
2025-07;LPG - TUC;(en blanco);Cabotaje;1;;1
2025-07;LUQ - LUQ;(en blanco);Cabotaje;2;1;3
2025-07;LUQ - MDZ;(en blanco);Cabotaje;7;6;13
2025-07;LUQ - POA;N/A;Internacional;6;;6
2025-07;LUQ - VME;(en blanco);Cabotaje;7;;7
2025-07;MDQ - MDZ;Aerol¡neas Argentinas;Cabotaje;;1226;1226
2025-07;MDQ - NEC;(en blanco);Cabotaje;1;;1
2025-07;MDQ - ROS;Aerol¡neas Argentinas;Cabotaje;;128;128
2025-07;MDQ - SADZ;(en blanco);Cabotaje;2;;2
2025-07;MDQ - SDE;Aerol¡neas Argentinas;Cabotaje;;40;40
2025-07;MDQ - VDM;American Jet;Cabotaje;10;10;20
2025-07;MDX - TUC;(en blanco);Cabotaje;6;;6
2025-07;MDZ - MDZ;Ej‚rcito Argentino;Cabotaje;10;;10
2025-07;MDZ - NQN;Aerol¡neas Argentinas;Cabotaje;;4434;4434
2025-07;MDZ - NQN;American Jet;Cabotaje;72;148;220
2025-07;MDZ - NQN;(en blanco);Cabotaje;2;;2
2025-07;MDZ - PRA;(en blanco);Cabotaje;1;;1
2025-07;MDZ - PTY;Copa Airlines;Internacional;;7195;7195
2025-07;MDZ - PUJ;(en blanco);Internacional;4;;4
2025-07;MDZ - RCQ;(en blanco);Cabotaje;39;;39
2025-07;MDZ - REL;(en blanco);Cabotaje;8;4;12
2025-07;MDZ - RES;N/A;Cabotaje;;4;4
2025-07;MDZ - ROS;Aerol¡neas Argentinas;Cabotaje;;1510;1510
2025-07;MDZ - ROS;American Jet;Cabotaje;;155;155
2025-07;MDZ - SA17;(en blanco);Cabotaje;3;;3
2025-07;MDZ - SADO;Ej‚rcito Argentino;Cabotaje;2;;2
2025-07;MDZ - SAOM;(en blanco);Cabotaje;5;2;7
2025-07;MDZ - SCL;Aerol¡neas Argentinas;Internacional;;1253;1253
2025-07;MDZ - SCL;JetSMART Airlines;Internacional;;6551;6551
2025-07;MDZ - SCL;LATAM;Internacional;;16121;16121
2025-07;MDZ - SCL;N/A;Internacional;;6;6
2025-07;MDZ - SCL;Sky Airline;Internacional;;10981;10981
2025-07;MDZ - SCL;(en blanco);Internacional;14;;14
2025-07;MDZ - SDE;(en blanco);Cabotaje;2;;2
2025-07;MDZ - SLA;Aerol¡neas Argentinas;Cabotaje;;2208;2208
2025-07;MDZ - SLA;American Jet;Cabotaje;;25;25
2025-07;MDZ - SLA;JetSMART Airlines;Cabotaje;;6423;6423
2025-07;MDZ - UAQ;Ej‚rcito Argentino;Cabotaje;4;;4
2025-07;MDZ - UAQ;Flybondi;Cabotaje;;69;69
2025-07;MDZ - UAQ;(en blanco);Cabotaje;5;3;8
2025-07;MDZ - VCP;Azul Linhas A‚reas Brasileiras;Internacional;;3604;3604
2025-07;MDZ - VMA;N/A;Cabotaje;;2;2
2025-07;MOR - MOR;(en blanco);Cabotaje;27;;27
2025-07;MOR - PRA;(en blanco);Cabotaje;34;;34
2025-07;MOR - REL;(en blanco);Cabotaje;;1;1
2025-07;MOR - ROS;(en blanco);Cabotaje;2;;2
2025-07;MOR - SA04;(en blanco);Cabotaje;3;;3
2025-07;MOR - SAAA;(en blanco);Cabotaje;1;;1
2025-07;MOR - SADZ;(en blanco);Cabotaje;1;;1
2025-07;MOR - SDE;(en blanco);Cabotaje;2;;2
2025-07;MOR - VME;(en blanco);Cabotaje;1;;1
2025-07;MPN - RGL;LATAM;Cabotaje;;15;15
2025-07;MVD - NQN;(en blanco);Internacional;5;;5
2025-07;MVD - PRA;Fuerza A‚rea Uruguaya;Internacional;1;;1
2025-07;MVD - PRA;(en blanco);Internacional;4;;4
2025-07;MVD - SDE;Aerol¡neas Argentinas;Internacional;;112;112
2025-07;NQN - NQN;American Jet;Cabotaje;;113;113
2025-07;NQN - NQN;(en blanco);Cabotaje;26;;26
2025-07;NQN - OES;(en blanco);Cabotaje;3;;3
2025-07;NQN - RDS;(en blanco);Cabotaje;3;;3
2025-07;NQN - REL;N/A;Cabotaje;;4;4
2025-07;NQN - RGL;(en blanco);Cabotaje;3;;3
2025-07;NQN - ROS;Aerol¡neas Argentinas;Cabotaje;;1307;1307
2025-07;NQN - ROS;(en blanco);Cabotaje;2;2;4
2025-07;NQN - RSA;(en blanco);Cabotaje;2;;2
2025-07;NQN - SAVA;(en blanco);Cabotaje;2;;2
2025-07;NQN - SAZI;(en blanco);Cabotaje;5;;5
2025-07;NQN - SLA;JetSMART Airlines;Cabotaje;;7113;7113
2025-07;NQN - UAQ;(en blanco);Cabotaje;3;3;6
2025-07;ORA - SLA;(en blanco);Cabotaje;9;3;12
2025-07;OVR - TDL;American Jet;Cabotaje;6;;6
2025-07;OVR - TDL;(en blanco);Cabotaje;3;;3
2025-07;OYO - RSA;(en blanco);Cabotaje;2;;2
2025-07;PDP - ROS;N/A;Internacional;3;;3
2025-07;PDP - ROS;(en blanco);Internacional;12;;12
2025-07;PDP - SFN;(en blanco);Internacional;;4;4
2025-07;PEH - RSA;(en blanco);Cabotaje;3;;3
2025-07;PET - ROS;(en blanco);Internacional;3;;3
2025-07;PMQ - RGL;LADE - L¡neas A‚reas Del Estado;Cabotaje;;4;4
2025-07;PMQ - RGL;(en blanco);Cabotaje;;1;1
2025-07;PMY - PRA;American Jet;Cabotaje;;79;79
2025-07;PMY - REL;Aerol¡neas Argentinas;Cabotaje;;39;39
2025-07;PMY - REL;American Jet;Cabotaje;;20;20
2025-07;PMY - REL;(en blanco);Cabotaje;1;;1
2025-07;PRA - PSS;(en blanco);Cabotaje;4;;4
2025-07;PRA - RCQ;N/A;Cabotaje;5;;5
2025-07;PRA - ROS;(en blanco);Cabotaje;;1;1
2025-07;PRA - SUAA;(en blanco);Internacional;4;;4
2025-07;PRA - VME;(en blanco);Cabotaje;1;;1
2025-07;PSS - PSS;Flybondi;Cabotaje;;173;173
2025-07;PSS - PSS;(en blanco);Cabotaje;15;;15
2025-07;PSS - RES;(en blanco);Cabotaje;2;;2
2025-07;PSS - ROS;N/A;Cabotaje;2;3;5
2025-07;PSS - SA23;(en blanco);Cabotaje;3;;3
2025-07;PSS - SATO;(en blanco);Cabotaje;12;;12
2025-07;PSS - SDE;(en blanco);Cabotaje;1;;1
2025-07;PTY - ROS;Copa Airlines;Internacional;;13239;13239
2025-07;PTY - ROS;N/A;Internacional;;90;90
2025-07;PUD - RGL;(en blanco);Cabotaje;7;;7
2025-07;PUJ - ROS;Aerol¡neas Argentinas;Internacional;;628;628
2025-07;PUJ - TUC;Aerol¡neas Argentinas;Internacional;;1107;1107
2025-07;PUQ - RGL;LATAM;Internacional;;2;2
2025-07;RAF - ROS;(en blanco);Cabotaje;1;;1
2025-07;RAF - SDE;(en blanco);Cabotaje;2;;2
2025-07;RCQ - RCQ;(en blanco);Cabotaje;2;;2
2025-07;RCQ - ROS;(en blanco);Cabotaje;2;2;4
2025-07;RCQ - SFN;(en blanco);Cabotaje;;2;2
2025-07;RCQ - SLA;Fuerza A‚rea Argentina;Cabotaje;21;;21
2025-07;RCQ - SLA;(en blanco);Cabotaje;46;;46
2025-07;RCQ - TUC;(en blanco);Cabotaje;2;2;4
2025-07;RDS - ROS;(en blanco);Cabotaje;2;;2
2025-07;REL - RGA;N/A;Cabotaje;;1;1
2025-07;REL - RGA;(en blanco);Cabotaje;11;2;13
2025-07;REL - ROS;(en blanco);Cabotaje;2;2;4
2025-07;REL - TUC;(en blanco);Cabotaje;;1;1
2025-07;REL - UAQ;(en blanco);Cabotaje;8;6;14
2025-07;REL - USH;(en blanco);Cabotaje;1;;1
2025-07;REL - VDM;Aerol¡neas Argentinas;Cabotaje;;79;79
2025-07;RES - ROS;(en blanco);Cabotaje;1;;1
2025-07;RES - SA32;(en blanco);Cabotaje;1;;1
2025-07;RES - SADO;Ej‚rcito Argentino;Cabotaje;4;;4
2025-07;RES - SDE;(en blanco);Cabotaje;8;;8
2025-07;RES - VDM;Aerol¡neas Argentinas;Cabotaje;;1;1
2025-07;RGA - RGL;LADE - L¡neas A‚reas Del Estado;Cabotaje;26;108;134
2025-07;RGA - USH;LADE - L¡neas A‚reas Del Estado;Cabotaje;9;85;94
2025-07;RGA - USH;(en blanco);Cabotaje;10;;10
2025-07;RGL - RGL;Ej‚rcito Argentino;Cabotaje;6;;6
2025-07;RGL - RGL;LADE - L¡neas A‚reas Del Estado;Cabotaje;;4;4
2025-07;RGL - ULA;(en blanco);Cabotaje;1;;1
2025-07;RGL - USH;Aerol¡neas Argentinas;Cabotaje;;84;84
2025-07;RGL - USH;LADE - L¡neas A‚reas Del Estado;Cabotaje;42;252;294
2025-07;RHD - ROS;(en blanco);Cabotaje;1;;1
2025-07;RHD - SDE;(en blanco);Cabotaje;4;;4
2025-07;RHD - SLA;(en blanco);Cabotaje;2;;2
2025-07;RLI - ROS;(en blanco);Internacional;3;;3
2025-07;RLO - SLA;(en blanco);Cabotaje;1;;1
2025-07;ROS - ROS;(en blanco);Cabotaje;3;;3
2025-07;ROS - SACD;(en blanco);Cabotaje;2;;2
2025-07;ROS - SFN;(en blanco);Cabotaje;1;;1
2025-07;ROS - SLA;Aerol¡neas Argentinas;Cabotaje;;1217;1217
2025-07;ROS - SLA;(en blanco);Cabotaje;1;;1
2025-07;ROS - SUAA;(en blanco);Internacional;8;;8
2025-07;ROS - TEB;(en blanco);Internacional;8;;8
2025-07;ROS - TUC;N/A;Cabotaje;2;;2
2025-07;RSA - RSA;(en blanco);Cabotaje;11;1;12
2025-07;RSA - SA17;(en blanco);Cabotaje;2;;2
2025-07;RSA - SACD;(en blanco);Cabotaje;1;;1
2025-07;RSA - SFN;N/A;Cabotaje;2;;2
2025-07;SA01 - SLA;(en blanco);Cabotaje;;3;3
2025-07;SA02 - SLA;(en blanco);Cabotaje;10;1;11
2025-07;SA03 - SFN;(en blanco);Cabotaje;3;;3
2025-07;SA17 - UAQ;(en blanco);Cabotaje;2;;2
2025-07;SA29 - VDM;(en blanco);Cabotaje;;2;2
2025-07;SA32 - SDE;(en blanco);Cabotaje;5;;5
2025-07;SA32 - SLA;(en blanco);Cabotaje;1;;1
2025-07;SACD - SDE;(en blanco);Cabotaje;1;;1
2025-07;SADO - SLA;Ej‚rcito Argentino;Cabotaje;4;;4
2025-07;SADO - UAQ;Ej‚rcito Argentino;Cabotaje;3;;3
2025-07;SANO - SLA;(en blanco);Cabotaje;1;;1
2025-07;SARV - SDE;(en blanco);Cabotaje;1;;1
2025-07;SATO - SLA;(en blanco);Cabotaje;2;;2
2025-07;SAZX - SFN;(en blanco);Cabotaje;1;;1
2025-07;SCL - UAQ;N/A;Internacional;12;;12
2025-07;SDE - SDE;(en blanco);Cabotaje;23;;23
2025-07;SDE - SLA;(en blanco);Cabotaje;9;1;10
2025-07;SDE - TUC;Andes L¡neas A‚reas;Cabotaje;;110;110
2025-07;SDE - TUC;N/A;Cabotaje;;2;2
2025-07;SDE - TUC;(en blanco);Cabotaje;5;1;6
2025-07;SFN - TUC;(en blanco);Cabotaje;;3;3
2025-07;SGR - TUC;NetJets;Internacional;20;;20
2025-07;SLA - SLA;American Jet;Cabotaje;;7;7
2025-07;SLA - SLA;Ej‚rcito Argentino;Cabotaje;2;;2
2025-07;SLA - SLA;(en blanco);Cabotaje;13;12;25
2025-07;SLA - TTG;(en blanco);Cabotaje;14;11;25
2025-07;SLA - TUC;(en blanco);Cabotaje;36;1;37
2025-07;SLA - UAQ;American Jet;Cabotaje;;44;44
2025-07;SLA - UAQ;N/A;Cabotaje;3;3;6
2025-07;SLA - UAQ;(en blanco);Cabotaje;;12;12
2025-07;SLA - VMA;(en blanco);Cabotaje;2;;2
2025-07;TUC - TUC;(en blanco);Cabotaje;55;16;71
2025-07;UAQ - VME;(en blanco);Cabotaje;1;;1
2025-08;3005 - FDO;(en blanco);Internacional;4;;4
2025-08;3017 - SLA;N/A;Internacional;;8;8
2025-08;3017 - SLA;(en blanco);Internacional;;755;755
2025-08;ACC - EZE;NetJets;Internacional;5;;5
2025-08;AEP - AEP;(en blanco);Cabotaje;13;;13
2025-08;AEP - AFA;Aerol¡neas Argentinas;Cabotaje;;4696;4696
2025-08;AEP - AFA;N/A;Cabotaje;;2;2
2025-08;AEP - AFA;(en blanco);Cabotaje;1;;1
2025-08;AEP - AR-0009;(en blanco);Cabotaje;;1;1
2025-08;AEP - AR-0427;(en blanco);Cabotaje;1;;1
2025-08;AEP - ASU;Aerol¡neas Argentinas;Internacional;;10335;10335
2025-08;AEP - ASU;Amaszonas;Internacional;;2662;2662
2025-08;AEP - ASU;Chief of Staff,ÿUnited States Air Force;Internacional;11;;11
2025-08;AEP - ASU;Fuerza A‚rea Paraguaya;Internacional;4;;4
2025-08;AEP - ASU;JetSMART Airlines;Internacional;;7221;7221
2025-08;AEP - ASU;N/A;Internacional;15;27;42
2025-08;AEP - ASU;(en blanco);Internacional;3;14;17
2025-08;AEP - BHI;Aerol¡neas Argentinas;Cabotaje;;16796;16796
2025-08;AEP - BHI;JetSMART Airlines;Cabotaje;;102;102
2025-08;AEP - BHI;LADE - L¡neas A‚reas Del Estado;Cabotaje;;8;8
2025-08;AEP - BHI;N/A;Cabotaje;;5;5
2025-08;AEP - BHI;(en blanco);Cabotaje;12;3;15
2025-08;AEP - BOG;Aerol¡neas Argentinas;Internacional;;5807;5807
2025-08;AEP - BOG;Avianca;Internacional;;8470;8470
2025-08;AEP - BOG;Flybondi;Internacional;;150;150
2025-08;AEP - BPS;Aerol¡neas Argentinas;Internacional;;2296;2296
2025-08;AEP - BRC;Aerol¡neas Argentinas;Cabotaje;;80051;80051
2025-08;AEP - BRC;Flybondi;Cabotaje;;17493;17493
2025-08;AEP - BRC;JetSMART Airlines;Cabotaje;;41089;41089
2025-08;AEP - BRC;(en blanco);Cabotaje;3;6;9
2025-08;AEP - BSB;Gol Transportes A‚reos;Internacional;;4291;4291
2025-08;AEP - CHS;N/A;Internacional;5;;5
2025-08;AEP - CNF;Gol Transportes A‚reos;Internacional;;2468;2468
2025-08;AEP - CNQ;Aerol¡neas Argentinas;Cabotaje;;7893;7893
2025-08;AEP - CNQ;Flybondi;Cabotaje;;12193;12193
2025-08;AEP - CNQ;N/A;Cabotaje;6;3;9
2025-08;AEP - CNQ;(en blanco);Cabotaje;21;5;26
2025-08;AEP - COR;Aerol¡neas Argentinas;Cabotaje;;60397;60397
2025-08;AEP - COR;Flybondi;Cabotaje;;24803;24803
2025-08;AEP - COR;JetSMART Airlines;Cabotaje;;37600;37600
2025-08;AEP - COR;N/A;Cabotaje;;16;16
2025-08;AEP - COR;(en blanco);Cabotaje;3;5;8
2025-08;AEP - CPC;Aerol¡neas Argentinas;Cabotaje;;19346;19346
2025-08;AEP - CPC;Flybondi;Cabotaje;;144;144
2025-08;AEP - CPC;JetSMART Airlines;Cabotaje;;19166;19166
2025-08;AEP - CRD;Aerol¡neas Argentinas;Cabotaje;;22578;22578
2025-08;AEP - CRD;Flybondi;Cabotaje;;3059;3059
2025-08;AEP - CRD;JetSMART Airlines;Cabotaje;;6048;6048
2025-08;AEP - CRD;N/A;Cabotaje;;8;8
2025-08;AEP - CTC;Aerol¡neas Argentinas;Cabotaje;;6237;6237
2025-08;AEP - CWB;Aerol¡neas Argentinas;Internacional;;5165;5165
2025-08;AEP - CWB;TAM Linhas A‚reas;Internacional;;160;160
2025-08;AEP - EQS;Aerol¡neas Argentinas;Cabotaje;;7742;7742
2025-08;AEP - EQS;N/A;Cabotaje;;1;1
2025-08;AEP - EQS;(en blanco);Cabotaje;1;;1
2025-08;AEP - EZE;Copa Airlines;Cabotaje;;77;77
2025-08;AEP - EZE;N/A;Cabotaje;1;1;2
2025-08;AEP - EZE;(en blanco);Cabotaje;;1;1
2025-08;AEP - FDO;(en blanco);Cabotaje;;7;7
2025-08;AEP - FLL;N/A;Internacional;;4;4
2025-08;AEP - FLN;Aerol¡neas Argentinas;Internacional;;140;140
2025-08;AEP - FLN;Gol Transportes A‚reos;Internacional;;9337;9337
2025-08;AEP - FLN;JetSMART Airlines;Internacional;;1966;1966
2025-08;AEP - FLN;N/A;Internacional;;16;16
2025-08;AEP - FMA;Aerol¡neas Argentinas;Cabotaje;;8392;8392
2025-08;AEP - FMA;N/A;Cabotaje;;9;9
2025-08;AEP - FOR;Gol Transportes A‚reos;Internacional;;1658;1658
2025-08;AEP - FTE;Aerol¡neas Argentinas;Cabotaje;;16153;16153
2025-08;AEP - FTE;Flybondi;Cabotaje;;1125;1125
2025-08;AEP - GIG;Aerol¡neas Argentinas;Internacional;;37459;37459
2025-08;AEP - GIG;Flybondi;Internacional;;9378;9378
2025-08;AEP - GIG;Gol Transportes A‚reos;Internacional;;17079;17079
2025-08;AEP - GIG;JetSMART Airlines;Internacional;;17907;17907
2025-08;AEP - GIG;TAM Linhas A‚reas;Internacional;;150;150
2025-08;AEP - GRU;Aerol¡neas Argentinas;Internacional;;35996;35996
2025-08;AEP - GRU;Flybondi;Internacional;;6359;6359
2025-08;AEP - GRU;Gol Transportes A‚reos;Internacional;176;44074;44250
2025-08;AEP - GRU;JetSMART Airlines;Internacional;;517;517
2025-08;AEP - GRU;TAM Linhas A‚reas;Internacional;;42738;42738
2025-08;AEP - GYE;N/A;Internacional;12;;12
2025-08;AEP - GYE;(en blanco);Internacional;3;3;6
2025-08;AEP - IAD;N/A;Internacional;2;;2
2025-08;AEP - IGR;Aerol¡neas Argentinas;Cabotaje;;39027;39027
2025-08;AEP - IGR;Flybondi;Cabotaje;;15359;15359
2025-08;AEP - IGR;JetSMART Airlines;Cabotaje;;45764;45764
2025-08;AEP - IGR;N/A;Cabotaje;;2;2
2025-08;AEP - IGR;(en blanco);Cabotaje;;5;5
2025-08;AEP - IRJ;Aerol¡neas Argentinas;Cabotaje;;5745;5745
2025-08;AEP - IRJ;(en blanco);Cabotaje;16;4;20
2025-08;AEP - JNI;(en blanco);Cabotaje;3;;3
2025-08;AEP - JUJ;Aerol¡neas Argentinas;Cabotaje;;15794;15794
2025-08;AEP - JUJ;Flybondi;Cabotaje;;12710;12710
2025-08;AEP - JUJ;(en blanco);Cabotaje;9;;9
2025-08;AEP - LGS;(en blanco);Cabotaje;8;3;11
2025-08;AEP - LIM;Aerol¡neas Argentinas;Internacional;;8636;8636
2025-08;AEP - LIM;JetSMART Airlines;Internacional;;8998;8998
2025-08;AEP - LIM;LATAM Per£;Internacional;;17939;17939
2025-08;AEP - LIM;Sky Airline;Internacional;;6539;6539
2025-08;AEP - LMMM;N/A;Internacional;5;;5
2025-08;AEP - LPG;(en blanco);Cabotaje;1;;1
2025-08;AEP - LUQ;Aerol¡neas Argentinas;Cabotaje;;4867;4867
2025-08;AEP - LUQ;N/A;Cabotaje;1;1;2
2025-08;AEP - LUQ;(en blanco);Cabotaje;1;;1
2025-08;AEP - MDQ;Aerol¡neas Argentinas;Cabotaje;;15444;15444
2025-08;AEP - MDQ;JetSMART Airlines;Cabotaje;;99;99
2025-08;AEP - MDQ;LADE - L¡neas A‚reas Del Estado;Cabotaje;5;29;34
2025-08;AEP - MDQ;(en blanco);Cabotaje;79;26;105
2025-08;AEP - MDZ;Aerol¡neas Argentinas;Cabotaje;;47454;47454
2025-08;AEP - MDZ;Flybondi;Cabotaje;;20025;20025
2025-08;AEP - MDZ;JetSMART Airlines;Cabotaje;;41928;41928
2025-08;AEP - MDZ;N/A;Cabotaje;;8;8
2025-08;AEP - MDZ;(en blanco);Cabotaje;18;14;32
2025-08;AEP - MVD;Aerol¡neas Argentinas;Internacional;;12545;12545
2025-08;AEP - MVD;Fuerza A‚rea Uruguaya;Internacional;13;;13
2025-08;AEP - MVD;N/A;Internacional;2;8;10
2025-08;AEP - MVD;(en blanco);Internacional;6;2;8
2025-08;AEP - NAT;Gol Transportes A‚reos;Internacional;;308;308
2025-08;AEP - NQN;Aerol¡neas Argentinas;Cabotaje;;35310;35310
2025-08;AEP - NQN;Flybondi;Cabotaje;;9338;9338
2025-08;AEP - NQN;JetSMART Airlines;Cabotaje;;29762;29762
2025-08;AEP - NQN;N/A;Cabotaje;9;33;42
2025-08;AEP - NQN;(en blanco);Cabotaje;8;;8
2025-08;AEP - PDI;(en blanco);Cabotaje;;2;2
2025-08;AEP - PDP;Aerol¡neas Argentinas;Internacional;;3465;3465
2025-08;AEP - PDP;American Jet;Internacional;;64;64
2025-08;AEP - PDP;N/A;Internacional;10;75;85
2025-08;AEP - PDP;(en blanco);Internacional;;15;15
2025-08;AEP - PEH;(en blanco);Cabotaje;;6;6
2025-08;AEP - PMQ;American Jet;Cabotaje;;96;96
2025-08;AEP - PMY;Aerol¡neas Argentinas;Cabotaje;;6792;6792
2025-08;AEP - PMY;American Jet;Cabotaje;;20;20
2025-08;AEP - PMY;Flybondi;Cabotaje;;7701;7701
2025-08;AEP - PMY;JetSMART Airlines;Cabotaje;;68;68
2025-08;AEP - POA;Aerol¡neas Argentinas;Internacional;;4886;4886
2025-08;AEP - POA;Gol Transportes A‚reos;Internacional;;2813;2813
2025-08;AEP - POA;N/A;Internacional;;2;2
2025-08;AEP - POA;(en blanco);Internacional;;8;8
2025-08;AEP - PRA;Aerol¡neas Argentinas;Cabotaje;;2997;2997
2025-08;AEP - PRA;American Jet;Cabotaje;6;6;12
2025-08;AEP - PRA;N/A;Cabotaje;;11;11
2025-08;AEP - PRQ;(en blanco);Cabotaje;24;;24
2025-08;AEP - PSS;Aerol¡neas Argentinas;Cabotaje;;14418;14418
2025-08;AEP - PSS;Flybondi;Cabotaje;;13828;13828
2025-08;AEP - PSS;N/A;Cabotaje;3;3;6
2025-08;AEP - PTY;(en blanco);Internacional;5;;5
2025-08;AEP - RAF;(en blanco);Cabotaje;;4;4
2025-08;AEP - REC;Gol Transportes A‚reos;Internacional;;2435;2435
2025-08;AEP - REL;Aerol¡neas Argentinas;Cabotaje;;14733;14733
2025-08;AEP - REL;American Jet;Cabotaje;;20;20
2025-08;AEP - REL;JetSMART Airlines;Cabotaje;;6321;6321
2025-08;AEP - REL;N/A;Cabotaje;;3;3
2025-08;AEP - REL;(en blanco);Cabotaje;9;12;21
2025-08;AEP - RES;Aerol¡neas Argentinas;Cabotaje;;13146;13146
2025-08;AEP - RES;Flybondi;Cabotaje;;76;76
2025-08;AEP - RES;JetSMART Airlines;Cabotaje;;6186;6186
2025-08;AEP - RES;N/A;Cabotaje;;2;2
2025-08;AEP - RES;(en blanco);Cabotaje;7;6;13
2025-08;AEP - RGA;Aerol¡neas Argentinas;Cabotaje;;10623;10623
2025-08;AEP - RGL;Aerol¡neas Argentinas;Cabotaje;;12312;12312
2025-08;AEP - RGL;N/A;Cabotaje;3;1;4
2025-08;AEP - RGL;(en blanco);Cabotaje;1;;1
2025-08;AEP - RHD;Aerol¡neas Argentinas;Cabotaje;;1457;1457
2025-08;AEP - RHD;(en blanco);Cabotaje;;2;2
2025-08;AEP - RLO;Aerol¡neas Argentinas;Cabotaje;;1264;1264
2025-08;AEP - ROS;Aerol¡neas Argentinas;Cabotaje;;14778;14778
2025-08;AEP - ROS;American Jet;Cabotaje;;3;3
2025-08;AEP - ROS;Flybondi;Cabotaje;;76;76
2025-08;AEP - ROS;N/A;Cabotaje;;17;17
2025-08;AEP - ROS;(en blanco);Cabotaje;77;1;78
2025-08;AEP - RSA;Aerol¡neas Argentinas;Cabotaje;;3493;3493
2025-08;AEP - RSA;(en blanco);Cabotaje;4;3;7
2025-08;AEP - SA23;(en blanco);Cabotaje;2;3;5
2025-08;AEP - SA32;American Jet;Cabotaje;;4;4
2025-08;AEP - SA40;(en blanco);Cabotaje;;1;1
2025-08;AEP - SCL;Aerol¡neas Argentinas;Internacional;;26074;26074
2025-08;AEP - SCL;Amaszonas;Internacional;;50;50
2025-08;AEP - SCL;JetSMART Airlines;Internacional;;19591;19591
2025-08;AEP - SCL;LATAM;Internacional;;37250;37250
2025-08;AEP - SCL;LATAM Per£;Internacional;;201;201
2025-08;AEP - SCL;N/A;Internacional;4;24;28
2025-08;AEP - SCL;Sky Airline;Internacional;;15937;15937
2025-08;AEP - SDE;Aerol¡neas Argentinas;Cabotaje;;9328;9328
2025-08;AEP - SDE;American Jet;Cabotaje;;10;10
2025-08;AEP - SDE;Flybondi;Cabotaje;;8121;8121
2025-08;AEP - SDE;(en blanco);Cabotaje;12;3;15
2025-08;AEP - SFN;Aerol¡neas Argentinas;Cabotaje;;6435;6435
2025-08;AEP - SFN;JetSMART Airlines;Cabotaje;;47;47
2025-08;AEP - SFN;(en blanco);Cabotaje;4;9;13
2025-08;AEP - SJU;Chief of Staff,ÿUnited States Air Force;Internacional;5;;5
2025-08;AEP - SLA;Aerol¡neas Argentinas;Cabotaje;;29244;29244
2025-08;AEP - SLA;Flybondi;Cabotaje;;11556;11556
2025-08;AEP - SLA;Fuerza A‚rea Argentina;Cabotaje;22;;22
2025-08;AEP - SLA;JetSMART Airlines;Cabotaje;;18041;18041
2025-08;AEP - SLA;(en blanco);Cabotaje;74;7;81
2025-08;AEP - SSA;Aerol¡neas Argentinas;Internacional;;6335;6335
2025-08;AEP - SSA;Gol Transportes A‚reos;Internacional;;3318;3318
2025-08;AEP - SUAA;N/A;Internacional;;9;9
2025-08;AEP - SUAA;(en blanco);Internacional;;18;18
2025-08;AEP - TDL;(en blanco);Cabotaje;30;;30
2025-08;AEP - TUC;Aerol¡neas Argentinas;Cabotaje;;26675;26675
2025-08;AEP - TUC;Flybondi;Cabotaje;;12064;12064
2025-08;AEP - TUC;JetSMART Airlines;Cabotaje;;12111;12111
2025-08;AEP - TUC;N/A;Cabotaje;;4;4
2025-08;AEP - TUC;(en blanco);Cabotaje;18;7;25
2025-08;AEP - UAQ;Aerol¡neas Argentinas;Cabotaje;;10794;10794
2025-08;AEP - UAQ;Flybondi;Cabotaje;;4863;4863
2025-08;AEP - UAQ;N/A;Cabotaje;;2;2
2025-08;AEP - UAQ;(en blanco);Cabotaje;1;;1
2025-08;AEP - USH;Aerol¡neas Argentinas;Cabotaje;;41945;41945
2025-08;AEP - USH;Flybondi;Cabotaje;;2841;2841
2025-08;AEP - USH;JetSMART Airlines;Cabotaje;;3223;3223
2025-08;AEP - USH;N/A;Cabotaje;;1;1
2025-08;AEP - VDM;Aerol¡neas Argentinas;Cabotaje;;2678;2678
2025-08;AEP - VDM;N/A;Cabotaje;;2;2
2025-08;AEP - VMA;American Jet;Cabotaje;;4;4
2025-08;AEP - VMA;(en blanco);Cabotaje;3;;3
2025-08;AEP - VVI;Aerol¡neas Argentinas;Internacional;;1436;1436
2025-08;AEP - VVI;N/A;Internacional;2;;2
2025-08;AFA - AFA;(en blanco);Cabotaje;62;;62
2025-08;AFA - COR;(en blanco);Cabotaje;1;;1
2025-08;AFA - EZE;Aerol¡neas Argentinas;Cabotaje;;154;154
2025-08;AFA - FDO;(en blanco);Cabotaje;1;;1
2025-08;AFA - RSA;(en blanco);Cabotaje;1;;1
2025-08;AGT - IGR;N/A;Internacional;6;;6
2025-08;ALC - EZE;(en blanco);Internacional;;3;3
2025-08;AMS - EZE;KLM;Internacional;;14582;14582
2025-08;ANF - FDO;(en blanco);Internacional;;3;3
2025-08;ANF - JUJ;(en blanco);Internacional;;15;15
2025-08;AOL - CNQ;(en blanco);Cabotaje;3;;3
2025-08;AQP - USH;N/A;Internacional;11;;11
2025-08;AR-0005 - FDO;(en blanco);Cabotaje;2;;2
2025-08;AR-0005 - NQN;(en blanco);Cabotaje;3;;3
2025-08;AR-0009 - CNQ;(en blanco);Cabotaje;3;;3
2025-08;AR-0009 - COR;(en blanco);Cabotaje;3;;3
2025-08;AR-0009 - FDO;(en blanco);Cabotaje;7;;7
2025-08;AR-0009 - IGR;N/A;Cabotaje;1;;1
2025-08;AR-0009 - IGR;(en blanco);Cabotaje;;2;2
2025-08;AR-0009 - PSS;(en blanco);Cabotaje;3;;3
2025-08;AR-0009 - RES;(en blanco);Cabotaje;18;2;20
2025-08;AR-0009 - RHD;(en blanco);Cabotaje;;1;1
2025-08;AR-0009 - SDE;(en blanco);Cabotaje;1;;1
2025-08;AR-0010 - FDO;(en blanco);Cabotaje;1;;1
2025-08;AR-0010 - MOR;(en blanco);Cabotaje;1;;1
2025-08;AR-0014 - FDO;(en blanco);Cabotaje;3;;3
2025-08;AR-0019 - NQN;(en blanco);Cabotaje;6;;6
2025-08;AR-0019 - REL;(en blanco);Cabotaje;2;;2
2025-08;AR-0019 - RSA;(en blanco);Cabotaje;2;;2
2025-08;AR-0019 - VDM;(en blanco);Cabotaje;;1;1
2025-08;AR-0031 - FDO;(en blanco);Cabotaje;1;;1
2025-08;AR-0036 - COR;(en blanco);Cabotaje;2;;2
2025-08;AR-0036 - PRA;(en blanco);Cabotaje;1;;1
2025-08;AR-0038 - FDO;(en blanco);Cabotaje;1;;1
2025-08;AR-0041 - FDO;(en blanco);Cabotaje;;2;2
2025-08;AR-0049 - RCQ;(en blanco);Cabotaje;1;;1
2025-08;AR-0051 - ROS;(en blanco);Cabotaje;2;;2
2025-08;AR-0052 - CNQ;(en blanco);Cabotaje;3;;3
2025-08;AR-0052 - MOR;(en blanco);Cabotaje;3;;3
2025-08;AR-0052 - ROS;(en blanco);Cabotaje;1;;1
2025-08;AR-0052 - SFN;(en blanco);Cabotaje;1;;1
2025-08;AR-0053 - FDO;(en blanco);Cabotaje;3;2;5
2025-08;AR-0058 - FDO;(en blanco);Cabotaje;2;;2
2025-08;AR-0061 - BHI;(en blanco);Cabotaje;4;;4
2025-08;AR-0061 - MDQ;(en blanco);Cabotaje;1;;1
2025-08;AR-0062 - COR;(en blanco);Cabotaje;1;;1
2025-08;AR-0063 - FDO;(en blanco);Cabotaje;;3;3
2025-08;AR-0069 - EZE;(en blanco);Cabotaje;4;;4
2025-08;AR-0077 - COR;(en blanco);Cabotaje;6;;6
2025-08;AR-0077 - FDO;(en blanco);Cabotaje;;1;1
2025-08;AR-0079 - FDO;(en blanco);Cabotaje;1;;1
2025-08;AR-0080 - FDO;(en blanco);Cabotaje;2;1;3
2025-08;AR-0083 - COR;(en blanco);Cabotaje;6;;6
2025-08;AR-0083 - FDO;(en blanco);Cabotaje;1;;1
2025-08;AR-0098 - FDO;(en blanco);Cabotaje;3;;3
2025-08;AR-0100 - FDO;(en blanco);Cabotaje;1;;1
2025-08;AR-0100 - MOR;(en blanco);Cabotaje;1;;1
2025-08;AR-0102 - CPC;(en blanco);Cabotaje;1;;1
2025-08;AR-0102 - EQS;(en blanco);Cabotaje;4;;4
2025-08;AR-0110 - FDO;(en blanco);Cabotaje;1;;1
2025-08;AR-0111 - COR;N/A;Cabotaje;2;2;4
2025-08;AR-0113 - FDO;(en blanco);Cabotaje;2;;2
2025-08;AR-0114 - FDO;(en blanco);Cabotaje;1;;1
2025-08;AR-0119 - CNQ;(en blanco);Cabotaje;4;;4
2025-08;AR-0119 - TUC;(en blanco);Cabotaje;3;;3
2025-08;AR-0138 - COR;(en blanco);Cabotaje;4;;4
2025-08;AR-0143 - FDO;(en blanco);Cabotaje;1;;1
2025-08;AR-0159 - SLA;(en blanco);Cabotaje;3;;3
2025-08;AR-0160 - FDO;(en blanco);Cabotaje;1;;1
2025-08;AR-0161 - FMA;N/A;Cabotaje;1;;1
2025-08;AR-0161 - SLA;(en blanco);Cabotaje;;3;3
2025-08;AR-0168 - COR;(en blanco);Cabotaje;1;;1
2025-08;AR-0168 - FDO;(en blanco);Cabotaje;4;1;5
2025-08;AR-0168 - ROS;(en blanco);Cabotaje;3;;3
2025-08;AR-0174 - FDO;(en blanco);Cabotaje;3;;3
2025-08;AR-0175 - CNQ;(en blanco);Cabotaje;2;;2
2025-08;AR-0175 - FDO;(en blanco);Cabotaje;1;;1
2025-08;AR-0180 - FDO;(en blanco);Cabotaje;2;;2
2025-08;AR-0184 - EZE;(en blanco);Cabotaje;4;;4
2025-08;AR-0194 - SLA;(en blanco);Cabotaje;2;;2
2025-08;AR-0199 - GPO;(en blanco);Cabotaje;2;;2
2025-08;AR-0199 - TDL;(en blanco);Cabotaje;4;;4
2025-08;AR-0203 - RSA;(en blanco);Cabotaje;3;;3
2025-08;AR-0210 - PSS;(en blanco);Cabotaje;;1;1
2025-08;AR-0211 - FDO;(en blanco);Cabotaje;3;;3
2025-08;AR-0211 - RES;(en blanco);Cabotaje;;1;1
2025-08;AR-0211 - SDE;(en blanco);Cabotaje;2;;2
2025-08;AR-0212 - FDO;N/A;Cabotaje;;4;4
2025-08;AR-0212 - SLA;(en blanco);Cabotaje;6;;6
2025-08;AR-0213 - FDO;(en blanco);Cabotaje;1;;1
2025-08;AR-0218 - FDO;N/A;Cabotaje;2;;2
2025-08;AR-0231 - FDO;(en blanco);Cabotaje;2;2;4
2025-08;AR-0238 - BRC;(en blanco);Cabotaje;1;;1
2025-08;AR-0252 - FDO;(en blanco);Cabotaje;1;;1
2025-08;AR-0257 - FDO;(en blanco);Cabotaje;2;;2
2025-08;AR-0257 - NQN;(en blanco);Cabotaje;4;;4
2025-08;AR-0263 - FDO;(en blanco);Cabotaje;2;2;4
2025-08;AR-0273 - FMA;(en blanco);Cabotaje;4;;4
2025-08;AR-0273 - SLA;(en blanco);Cabotaje;1;;1
2025-08;AR-0273 - TUC;(en blanco);Cabotaje;2;;2
2025-08;AR-0287 - FDO;(en blanco);Cabotaje;5;;5
2025-08;AR-0289 - FDO;(en blanco);Cabotaje;2;;2
2025-08;AR-0292 - PMY;(en blanco);Cabotaje;1;;1
2025-08;AR-0305 - FDO;(en blanco);Cabotaje;5;;5
2025-08;AR-0316 - FTE;(en blanco);Cabotaje;;1;1
2025-08;AR-0318 - MDZ;(en blanco);Cabotaje;3;;3
2025-08;AR-0318 - VME;(en blanco);Cabotaje;1;;1
2025-08;AR-0320 - SLA;(en blanco);Cabotaje;2;1;3
2025-08;AR-0320 - TUC;(en blanco);Cabotaje;1;;1
2025-08;AR-0323 - FDO;(en blanco);Cabotaje;1;;1
2025-08;AR-0328 - COR;(en blanco);Cabotaje;3;2;5
2025-08;AR-0328 - RCQ;(en blanco);Cabotaje;;3;3
2025-08;AR-0332 - ROS;(en blanco);Cabotaje;1;;1
2025-08;AR-0333 - MDZ;(en blanco);Cabotaje;1;;1
2025-08;AR-0343 - EZE;(en blanco);Cabotaje;2;2;4
2025-08;AR-0343 - FDO;(en blanco);Cabotaje;3;;3
2025-08;AR-0345 - FDO;(en blanco);Cabotaje;;1;1
2025-08;AR-0355 - FDO;(en blanco);Cabotaje;2;2;4
2025-08;AR-0369 - NQN;American Jet;Cabotaje;;217;217
2025-08;AR-0370 - CNQ;(en blanco);Cabotaje;3;;3
2025-08;AR-0370 - SDE;N/A;Cabotaje;2;;2
2025-08;AR-0370 - SDE;(en blanco);Cabotaje;1;;1
2025-08;AR-0370 - TUC;(en blanco);Cabotaje;1;2;3
2025-08;AR-0382 - SDE;(en blanco);Cabotaje;1;;1
2025-08;AR-0383 - FDO;(en blanco);Cabotaje;2;1;3
2025-08;AR-0383 - PRA;(en blanco);Cabotaje;1;;1
2025-08;AR-0395 - LGS;(en blanco);Cabotaje;2;;2
2025-08;AR-0395 - MDQ;(en blanco);Cabotaje;;1;1
2025-08;AR-0404 - CNQ;(en blanco);Cabotaje;3;;3
2025-08;AR-0410 - RES;(en blanco);Cabotaje;3;;3
2025-08;AR-0424 - CNQ;(en blanco);Cabotaje;1;;1
2025-08;AR-0424 - SDE;(en blanco);Cabotaje;1;;1
2025-08;AR-0424 - SLA;N/A;Cabotaje;2;;2
2025-08;AR-0424 - SLA;(en blanco);Cabotaje;14;1;15
2025-08;AR-0427 - EZE;(en blanco);Cabotaje;3;2;5
2025-08;AR-0427 - FDO;(en blanco);Cabotaje;2;1;3
2025-08;AR-0427 - ROS;(en blanco);Cabotaje;1;;1
2025-08;AR-0431 - NQN;(en blanco);Cabotaje;2;;2
2025-08;AR-0436 - FDO;(en blanco);Cabotaje;1;1;2
2025-08;AR-0448 - PSS;(en blanco);Cabotaje;1;;1
2025-08;AR-0451 - SLA;(en blanco);Cabotaje;3;;3
2025-08;AR-0490 - FDO;N/A;Cabotaje;;1;1
2025-08;AR-0490 - FDO;(en blanco);Cabotaje;;1;1
2025-08;AR-0493 - EZE;(en blanco);Cabotaje;;3;3
2025-08;AR-0493 - FDO;(en blanco);Cabotaje;11;;11
2025-08;AR-0493 - SFN;(en blanco);Cabotaje;1;;1
2025-08;ARI - MDZ;Sky Airline;Internacional;;185;185
2025-08;ASU - CNQ;N/A;Internacional;4;;4
2025-08;ASU - CNQ;(en blanco);Internacional;13;;13
2025-08;ASU - COR;Amaszonas;Internacional;;770;770
2025-08;ASU - COR;Fuerza A‚rea Uruguaya;Internacional;22;;22
2025-08;ASU - COR;(en blanco);Internacional;10;;10
2025-08;ASU - EZE;Aerol¡neas Argentinas;Internacional;;248;248
2025-08;ASU - EZE;Amaszonas;Internacional;;340;340
2025-08;ASU - EZE;Arajet;Internacional;;313;313
2025-08;ASU - EZE;LATAM Cargo Uruguay;Internacional;;120;120
2025-08;ASU - EZE;(en blanco);Internacional;;5;5
2025-08;ASU - FDO;American Jet;Internacional;3;;3
2025-08;ASU - FDO;N/A;Internacional;21;13;34
2025-08;ASU - FDO;(en blanco);Internacional;32;13;45
2025-08;ASU - FMA;(en blanco);Internacional;6;1;7
2025-08;ASU - IGR;N/A;Internacional;5;2;7
2025-08;ASU - JUJ;Amaszonas;Internacional;;326;326
2025-08;ASU - JUJ;(en blanco);Internacional;6;;6
2025-08;ASU - MDZ;N/A;Internacional;14;5;19
2025-08;ASU - MDZ;(en blanco);Internacional;4;;4
2025-08;ASU - PRA;N/A;Internacional;4;;4
2025-08;ASU - PSS;(en blanco);Internacional;1;;1
2025-08;ASU - RES;N/A;Internacional;1;;1
2025-08;ASU - SLA;Amaszonas;Internacional;;562;562
2025-08;ASU - TUC;(en blanco);Internacional;8;;8
2025-08;ATL - EZE;Delta Air Lines;Internacional;;14543;14543
2025-08;BAQ - EZE;Arajet;Internacional;;178;178
2025-08;BCN - EZE;Iberia Airlines;Internacional;;18124;18124
2025-08;BCN - EZE;N/A;Internacional;;25;25
2025-08;BCN - ROS;(en blanco);Internacional;2;;2
2025-08;BED - MDZ;N/A;Internacional;4;;4
2025-08;BHI - BRC;LADE - L¡neas A‚reas Del Estado;Cabotaje;127;114;241
2025-08;BHI - COR;Fuerza A‚rea Argentina;Cabotaje;4;;4
2025-08;BHI - CRD;LADE - L¡neas A‚reas Del Estado;Cabotaje;;114;114
2025-08;BHI - CRD;(en blanco);Cabotaje;;9;9
2025-08;BHI - CSZ;(en blanco);Cabotaje;1;;1
2025-08;BHI - EZE;Aerol¡neas Argentinas;Cabotaje;;1125;1125
2025-08;BHI - EZE;(en blanco);Cabotaje;;7;7
2025-08;BHI - FDO;N/A;Cabotaje;3;2;5
2025-08;BHI - FDO;(en blanco);Cabotaje;6;6;12
2025-08;BHI - LPG;(en blanco);Cabotaje;3;2;5
2025-08;BHI - MDQ;LADE - L¡neas A‚reas Del Estado;Cabotaje;61;166;227
2025-08;BHI - NQN;(en blanco);Cabotaje;3;;3
2025-08;BHI - PMY;(en blanco);Cabotaje;10;;10
2025-08;BHI - REL;(en blanco);Cabotaje;4;;4
2025-08;BHI - SANO;(en blanco);Cabotaje;2;;2
2025-08;BOG - COR;Avianca;Internacional;;3132;3132
2025-08;BOG - EZE;Aerol¡neas Argentinas;Internacional;;72;72
2025-08;BOG - EZE;Arajet;Internacional;;485;485
2025-08;BOG - EZE;Avianca;Internacional;;30145;30145
2025-08;BOG - EZE;Copa Airlines;Internacional;;126;126
2025-08;BOG - EZE;N/A;Internacional;;6;6
2025-08;BPS - EZE;Aerol¡neas Argentinas;Internacional;;909;909
2025-08;BPS - EZE;Gol Transportes A‚reos;Internacional;;1255;1255
2025-08;BRC - CNF;Azul Linhas A‚reas Brasileiras;Internacional;;1579;1579
2025-08;BRC - COR;Aerol¡neas Argentinas;Cabotaje;;6620;6620
2025-08;BRC - COR;Flybondi;Cabotaje;;3334;3334
2025-08;BRC - CPC;(en blanco);Cabotaje;;3;3
2025-08;BRC - CRD;LADE - L¡neas A‚reas Del Estado;Cabotaje;17;;17
2025-08;BRC - EQS;(en blanco);Cabotaje;5;;5
2025-08;BRC - EZE;Aerol¡neas Argentinas;Cabotaje;;29988;29988
2025-08;BRC - EZE;Andes L¡neas A‚reas;Cabotaje;91;36490;36581
2025-08;BRC - EZE;Flybondi;Cabotaje;;17647;17647
2025-08;BRC - EZE;Gol Transportes A‚reos;Cabotaje;;105;105
2025-08;BRC - EZE;JetSMART Airlines;Cabotaje;;31584;31584
2025-08;BRC - EZE;N/A;Cabotaje;;102;102
2025-08;BRC - EZE;(en blanco);Cabotaje;4;146;150
2025-08;BRC - FDO;N/A;Cabotaje;5;15;20
2025-08;BRC - FDO;(en blanco);Cabotaje;32;37;69
2025-08;BRC - FMA;(en blanco);Cabotaje;;1;1
2025-08;BRC - FTE;N/A;Cabotaje;10;;10
2025-08;BRC - GRU;Aerol¡neas Argentinas;Internacional;;8666;8666
2025-08;BRC - GRU;Gol Transportes A‚reos;Internacional;;3335;3335
2025-08;BRC - GRU;TAM Linhas A‚reas;Internacional;;8621;8621
2025-08;BRC - IGU;N/A;Internacional;11;;11
2025-08;BRC - LMMM;N/A;Internacional;7;;7
2025-08;BRC - MDQ;(en blanco);Cabotaje;3;1;4
2025-08;BRC - MDZ;Aerol¡neas Argentinas;Cabotaje;;2748;2748
2025-08;BRC - MDZ;JetSMART Airlines;Cabotaje;;1987;1987
2025-08;BRC - MVD;N/A;Internacional;4;;4
2025-08;BRC - NQN;Aerol¡neas Argentinas;Cabotaje;;70;70
2025-08;BRC - NQN;N/A;Cabotaje;1;3;4
2025-08;BRC - NQN;(en blanco);Cabotaje;2;6;8
2025-08;BRC - PDP;(en blanco);Internacional;16;;16
2025-08;BRC - POA;Azul Linhas A‚reas Brasileiras;Internacional;;1535;1535
2025-08;BRC - PRA;Andes L¡neas A‚reas;Cabotaje;;183;183
2025-08;BRC - RES;Andes L¡neas A‚reas;Cabotaje;;530;530
2025-08;BRC - ROS;Aerol¡neas Argentinas;Cabotaje;;4521;4521
2025-08;BRC - ROS;Andes L¡neas A‚reas;Cabotaje;;1190;1190
2025-08;BRC - ROS;N/A;Cabotaje;2;;2
2025-08;BRC - RSA;(en blanco);Cabotaje;;2;2
2025-08;BRC - SCL;N/A;Internacional;5;;5
2025-08;BRC - SCL;Sky Airline;Internacional;;3954;3954
2025-08;BRC - SLA;Andes L¡neas A‚reas;Cabotaje;;1451;1451
2025-08;BRC - TUC;Andes L¡neas A‚reas;Cabotaje;;1379;1379
2025-08;BRC - TUC;N/A;Cabotaje;;92;92
2025-08;BRC - VCP;Azul Linhas A‚reas Brasileiras;Internacional;;4309;4309
2025-08;BRC - VCP;TAM Linhas A‚reas;Internacional;;157;157
2025-08;BRO - FDO;N/A;Internacional;;2;2
2025-08;BSB - EZE;Aerol¡neas Argentinas;Internacional;;31;31
2025-08;BSB - EZE;Gol Transportes A‚reos;Internacional;;2930;2930
2025-08;BUR - EZE;N/A;Internacional;;4;4
2025-08;CDG - EZE;Aerol¡neas Argentinas;Internacional;;263;263
2025-08;CDG - EZE;Air France;Internacional;;15259;15259
2025-08;CFB - ROS;Aerol¡neas Argentinas;Internacional;;804;804
2025-08;CGB - ROS;N/A;Internacional;10;;10
2025-08;CGR - MDZ;(en blanco);Internacional;6;;6
2025-08;CIX - EZE;NetJets;Internacional;7;;7
2025-08;CKY - EZE;N/A;Internacional;;4;4
2025-08;CNF - EZE;Aerol¡neas Argentinas;Internacional;;68;68
2025-08;CNF - MDZ;Aerol¡neas Argentinas;Internacional;;68;68
2025-08;CNF - MDZ;AeroSur;Internacional;;58;58
2025-08;CNF - MDZ;(en blanco);Internacional;8;;8
2025-08;CNQ - CNQ;(en blanco);Cabotaje;1;;1
2025-08;CNQ - COR;(en blanco);Cabotaje;13;3;16
2025-08;CNQ - EPA;(en blanco);Cabotaje;2;;2
2025-08;CNQ - EZE;Aerol¡neas Argentinas;Cabotaje;;125;125
2025-08;CNQ - FDO;N/A;Cabotaje;3;;3
2025-08;CNQ - FDO;(en blanco);Cabotaje;22;4;26
2025-08;CNQ - FMA;(en blanco);Cabotaje;2;;2
2025-08;CNQ - IGR;(en blanco);Cabotaje;1;;1
2025-08;CNQ - IGU;N/A;Internacional;15;;15
2025-08;CNQ - IRJ;N/A;Cabotaje;2;;2
2025-08;CNQ - MDZ;(en blanco);Cabotaje;;3;3
2025-08;CNQ - OYA;(en blanco);Cabotaje;1;;1
2025-08;CNQ - PSS;(en blanco);Cabotaje;2;2;4
2025-08;CNQ - RES;(en blanco);Cabotaje;1;;1
2025-08;CNQ - SAAU;(en blanco);Cabotaje;5;;5
2025-08;CNQ - SDE;N/A;Cabotaje;4;;4
2025-08;CNQ - SFN;(en blanco);Cabotaje;6;;6
2025-08;CNQ - SLA;(en blanco);Cabotaje;12;;12
2025-08;CNQ - VCP;N/A;Internacional;3;;3
2025-08;COR - COR;N/A;Cabotaje;2;;2
2025-08;COR - COR;(en blanco);Cabotaje;5;;5
2025-08;COR - CPC;Aerol¡neas Argentinas;Cabotaje;;1641;1641
2025-08;COR - CRD;Aerol¡neas Argentinas;Cabotaje;;2779;2779
2025-08;COR - CRD;(en blanco);Cabotaje;5;6;11
2025-08;COR - CTC;N/A;Cabotaje;1;1;2
2025-08;COR - CWB;N/A;Internacional;;8;8
2025-08;COR - EPA;Fuerza A‚rea Argentina;Cabotaje;56;;56
2025-08;COR - EPA;(en blanco);Cabotaje;70;;70
2025-08;COR - EQS;Aerol¡neas Argentinas;Cabotaje;;812;812
2025-08;COR - EQS;Fuerza A‚rea Argentina;Cabotaje;41;;41
2025-08;COR - EQS;(en blanco);Cabotaje;69;;69
2025-08;COR - EZE;Aerol¡neas Argentinas;Cabotaje;;9440;9440
2025-08;COR - EZE;American Jet;Cabotaje;;92;92
2025-08;COR - EZE;Flybondi;Cabotaje;;908;908
2025-08;COR - EZE;JetSMART Airlines;Cabotaje;;90;90
2025-08;COR - EZE;N/A;Cabotaje;;6;6
2025-08;COR - EZE;(en blanco);Cabotaje;7;5;12
2025-08;COR - FDO;American Jet;Cabotaje;;5;5
2025-08;COR - FDO;N/A;Cabotaje;2;1;3
2025-08;COR - FDO;(en blanco);Cabotaje;62;27;89
2025-08;COR - FMA;N/A;Cabotaje;;5;5
2025-08;COR - FMA;(en blanco);Cabotaje;5;;5
2025-08;COR - GIG;Aerol¡neas Argentinas;Internacional;;1500;1500
2025-08;COR - GIG;Gol Transportes A‚reos;Internacional;;9307;9307
2025-08;COR - GRU;Gol Transportes A‚reos;Internacional;;3866;3866
2025-08;COR - GRU;(en blanco);Internacional;;2;2
2025-08;COR - IGR;Aerol¡neas Argentinas;Cabotaje;;3727;3727
2025-08;COR - IGU;N/A;Internacional;4;;4
2025-08;COR - IRJ;(en blanco);Cabotaje;3;1;4
2025-08;COR - JUJ;Aerol¡neas Argentinas;Cabotaje;;2783;2783
2025-08;COR - JUJ;(en blanco);Cabotaje;4;;4
2025-08;COR - LCM;(en blanco);Cabotaje;;1;1
2025-08;COR - LIM;LATAM Per£;Internacional;;10821;10821
2025-08;COR - LIM;(en blanco);Internacional;12;;12
2025-08;COR - MAD;Air Europa;Internacional;;10379;10379
2025-08;COR - MDQ;Aerol¡neas Argentinas;Cabotaje;;1193;1193
2025-08;COR - MDQ;(en blanco);Cabotaje;12;4;16
2025-08;COR - MDZ;Aerol¡neas Argentinas;Cabotaje;;7154;7154
2025-08;COR - MDZ;Copa Airlines;Cabotaje;;77;77
2025-08;COR - MDZ;N/A;Cabotaje;3;;3
2025-08;COR - MDZ;(en blanco);Cabotaje;;3;3
2025-08;COR - MVD;Fuerza A‚rea Uruguaya;Internacional;23;;23
2025-08;COR - NEW;N/A;Internacional;17;;17
2025-08;COR - NQN;Aerol¡neas Argentinas;Cabotaje;;6356;6356
2025-08;COR - NQN;Flybondi;Cabotaje;;5435;5435
2025-08;COR - NQN;N/A;Cabotaje;;4;4
2025-08;COR - NQN;(en blanco);Cabotaje;3;;3
2025-08;COR - PDP;(en blanco);Internacional;5;;5
2025-08;COR - PRA;N/A;Cabotaje;23;;23
2025-08;COR - PSS;Aerol¡neas Argentinas;Cabotaje;;1083;1083
2025-08;COR - PTY;Copa Airlines;Internacional;;16035;16035
2025-08;COR - PTY;N/A;Internacional;;5829;5829
2025-08;COR - PUJ;Aerol¡neas Argentinas;Internacional;;1900;1900
2025-08;COR - RAF;(en blanco);Cabotaje;2;;2
2025-08;COR - REC;Gol Transportes A‚reos;Internacional;;1337;1337
2025-08;COR - RGL;Aerol¡neas Argentinas;Cabotaje;;80;80
2025-08;COR - RGL;(en blanco);Cabotaje;5;4;9
2025-08;COR - RHD;N/A;Cabotaje;1;;1
2025-08;COR - ROS;Aerol¡neas Argentinas;Cabotaje;;37;37
2025-08;COR - ROS;(en blanco);Cabotaje;6;1;7
2025-08;COR - SA17;(en blanco);Cabotaje;9;;9
2025-08;COR - SACD;(en blanco);Cabotaje;;1;1
2025-08;COR - SCL;Copa Airlines;Internacional;;147;147
2025-08;COR - SCL;LATAM;Internacional;;10798;10798
2025-08;COR - SCL;(en blanco);Internacional;8;;8
2025-08;COR - SDE;American Jet;Cabotaje;;21;21
2025-08;COR - SDE;N/A;Cabotaje;6;3;9
2025-08;COR - SDE;(en blanco);Cabotaje;23;1;24
2025-08;COR - SLA;Aerol¡neas Argentinas;Cabotaje;;6042;6042
2025-08;COR - SLA;Flybondi;Cabotaje;;3946;3946
2025-08;COR - SLA;(en blanco);Cabotaje;13;4;17
2025-08;COR - SUAA;(en blanco);Internacional;;1;1
2025-08;COR - TUC;Aerol¡neas Argentinas;Cabotaje;;2883;2883
2025-08;COR - TUC;American Jet;Cabotaje;;42;42
2025-08;COR - TUC;(en blanco);Cabotaje;30;9;39
2025-08;COR - UAQ;N/A;Cabotaje;4;7;11
2025-08;COR - USH;Aerol¡neas Argentinas;Cabotaje;;1708;1708
2025-08;COR - VMA;(en blanco);Cabotaje;2;;2
2025-08;COR - VME;(en blanco);Cabotaje;3;3;6
2025-08;CPC - EZE;Aerol¡neas Argentinas;Cabotaje;;1793;1793
2025-08;CPC - EZE;JetSMART Airlines;Cabotaje;;397;397
2025-08;CPC - FDO;N/A;Cabotaje;1;4;5
2025-08;CPC - FDO;(en blanco);Cabotaje;3;10;13
2025-08;CPC - NQN;JetSMART Airlines;Cabotaje;;44;44
2025-08;CPC - NQN;(en blanco);Cabotaje;8;2;10
2025-08;CPC - PDP;(en blanco);Internacional;2;;2
2025-08;CPC - ROS;Aerol¡neas Argentinas;Cabotaje;;2527;2527
2025-08;CPO - SLA;(en blanco);Internacional;6;;6
2025-08;CPT - EZE;N/A;Internacional;5;;5
2025-08;CRD - CRD;Aerol¡neas Argentinas;Cabotaje;;54;54
2025-08;CRD - EZE;Aerol¡neas Argentinas;Cabotaje;;4048;4048
2025-08;CRD - EZE;Flybondi;Cabotaje;;3387;3387
2025-08;CRD - EZE;JetSMART Airlines;Cabotaje;;218;218
2025-08;CRD - FDO;N/A;Cabotaje;;6;6
2025-08;CRD - FDO;(en blanco);Cabotaje;8;4;12
2025-08;CRD - FTE;LADE - L¡neas A‚reas Del Estado;Cabotaje;52;92;144
2025-08;CRD - MDZ;(en blanco);Cabotaje;5;;5
2025-08;CRD - NQN;Aerol¡neas Argentinas;Cabotaje;;3884;3884
2025-08;CRD - NQN;N/A;Cabotaje;;2;2
2025-08;CRD - NQN;(en blanco);Cabotaje;3;17;20
2025-08;CRD - PMQ;LADE - L¡neas A‚reas Del Estado;Cabotaje;17;74;91
2025-08;CRD - PMQ;(en blanco);Cabotaje;1;;1
2025-08;CRD - PMY;(en blanco);Cabotaje;12;4;16
2025-08;CRD - REL;(en blanco);Cabotaje;5;;5
2025-08;CRD - RGL;LADE - L¡neas A‚reas Del Estado;Cabotaje;13;49;62
2025-08;CRD - RGL;(en blanco);Cabotaje;4;8;12
2025-08;CSZ - FDO;(en blanco);Cabotaje;6;;6
2025-08;CTC - EZE;Aerol¡neas Argentinas;Cabotaje;;27;27
2025-08;CTC - FDO;N/A;Cabotaje;;2;2
2025-08;CTC - FDO;(en blanco);Cabotaje;22;5;27
2025-08;CTC - IRJ;Aerol¡neas Argentinas;Cabotaje;;804;804
2025-08;CTC - IRJ;(en blanco);Cabotaje;1;;1
2025-08;CTC - NQN;(en blanco);Cabotaje;1;2;3
2025-08;CTC - PSS;(en blanco);Cabotaje;3;3;6
2025-08;CTC - SA42;(en blanco);Cabotaje;2;;2
2025-08;CTC - SANI;(en blanco);Cabotaje;3;;3
2025-08;CTC - SANO;(en blanco);Cabotaje;6;;6
2025-08;CTC - SLA;(en blanco);Cabotaje;35;7;42
2025-08;CTC - TUC;(en blanco);Cabotaje;6;;6
2025-08;CTC - UAQ;(en blanco);Cabotaje;6;2;8
2025-08;CUN - EZE;Aerol¡neas Argentinas;Internacional;;7414;7414
2025-08;CUN - EZE;Aerom‚xico;Internacional;;212;212
2025-08;CUZ - FDO;(en blanco);Internacional;;1;1
2025-08;CWB - EZE;Flybondi;Internacional;;367;367
2025-08;CWB - EZE;TAM Linhas A‚reas;Internacional;;238;238
2025-08;CWB - FDO;N/A;Internacional;7;;7
2025-08;CWB - FDO;(en blanco);Internacional;2;;2
2025-08;CWB - ROS;N/A;Internacional;2;;2
2025-08;CWB - ROS;(en blanco);Internacional;3;;3
2025-08;CYR - FDO;(en blanco);Internacional;5;;5
2025-08;DZO - FDO;(en blanco);Internacional;;4;4
2025-08;EDP - RES;(en blanco);Internacional;5;;5
2025-08;ELO - PSS;(en blanco);Cabotaje;5;;5
2025-08;ENO - EZE;Flybondi;Internacional;;242;242
2025-08;ENO - EZE;(en blanco);Internacional;;12;12
2025-08;ENO - FDO;N/A;Internacional;;6;6
2025-08;ENO - MOR;(en blanco);Cabotaje;3;;3
2025-08;ENO - PSS;N/A;Internacional;5;;5
2025-08;ENO - RES;N/A;Internacional;2;;2
2025-08;EPA - FDO;(en blanco);Cabotaje;1;;1
2025-08;EPA - MOR;(en blanco);Cabotaje;5;;5
2025-08;EPA - NQN;Fuerza A‚rea Argentina;Cabotaje;23;;23
2025-08;EPA - NQN;(en blanco);Cabotaje;20;;20
2025-08;EPA - PRA;(en blanco);Cabotaje;17;;17
2025-08;EPA - RGL;Fuerza A‚rea Argentina;Cabotaje;8;;8
2025-08;EPA - ROS;(en blanco);Cabotaje;;1;1
2025-08;EQS - EQS;(en blanco);Cabotaje;10;;10
2025-08;EQS - EZE;Aerol¡neas Argentinas;Cabotaje;;319;319
2025-08;EQS - EZE;N/A;Cabotaje;1;5;6
2025-08;EQS - FDO;N/A;Cabotaje;;4;4
2025-08;EQS - FDO;(en blanco);Cabotaje;4;1;5
2025-08;EQS - NQN;(en blanco);Cabotaje;2;;2
2025-08;EQS - REL;N/A;Cabotaje;;4;4
2025-08;EQS - REL;(en blanco);Cabotaje;4;2;6
2025-08;ESG - TUC;(en blanco);Internacional;3;;3
2025-08;EZE - EZE;Aerol¡neas Argentinas;Cabotaje;;4;4
2025-08;EZE - EZE;American Airlines;Cabotaje;;135;135
2025-08;EZE - EZE;Andes L¡neas A‚reas;Cabotaje;;92;92
2025-08;EZE - EZE;Flybondi;Cabotaje;;180;180
2025-08;EZE - FAA EJERCITO ARGENTINO;(en blanco);Internacional;;7;7
2025-08;EZE - FCO;Aerol¡neas Argentinas;Internacional;;10532;10532
2025-08;EZE - FCO;British Airways;Internacional;;153;153
2025-08;EZE - FCO;ITA Airways;Internacional;;23667;23667
2025-08;EZE - FDO;N/A;Cabotaje;;1;1
2025-08;EZE - FDO;(en blanco);Cabotaje;10;11;21
2025-08;EZE - FLN;Gol Transportes A‚reos;Internacional;;1571;1571
2025-08;EZE - FLN;N/A;Internacional;6;9;15
2025-08;EZE - FOR;Aerol¡neas Argentinas;Internacional;;580;580
2025-08;EZE - FOR;Gol Transportes A‚reos;Internacional;;1530;1530
2025-08;EZE - FOR;N/A;Internacional;3;4;7
2025-08;EZE - FRA;Lufthansa;Internacional;;20827;20827
2025-08;EZE - FRA;Lufthansa Cargo;Internacional;;1;1
2025-08;EZE - FTE;Aerol¡neas Argentinas;Cabotaje;;4369;4369
2025-08;EZE - FTE;Flybondi;Cabotaje;;4871;4871
2025-08;EZE - GIG;Avianca;Internacional;;174;174
2025-08;EZE - GIG;British Airways;Internacional;;7702;7702
2025-08;EZE - GIG;Emirates Airline;Internacional;;8555;8555
2025-08;EZE - GIG;Flybondi;Internacional;;9147;9147
2025-08;EZE - GIG;Gol Transportes A‚reos;Internacional;;12815;12815
2025-08;EZE - GIG;JetSMART Airlines;Internacional;;3297;3297
2025-08;EZE - GIG;N/A;Internacional;63;7;70
2025-08;EZE - GIG;TAM Linhas A‚reas;Internacional;;6954;6954
2025-08;EZE - GIG;Turkish Airlines;Internacional;;144;144
2025-08;EZE - GRU;Aerol¡neas Argentinas;Internacional;;123;123
2025-08;EZE - GRU;Air Canada;Internacional;;5686;5686
2025-08;EZE - GRU;British Airways;Internacional;;279;279
2025-08;EZE - GRU;Emirates Airline;Internacional;;244;244
2025-08;EZE - GRU;Ethiopian Airlines;Internacional;;10570;10570
2025-08;EZE - GRU;Flybondi;Internacional;;530;530
2025-08;EZE - GRU;Gol Transportes A‚reos;Internacional;;1875;1875
2025-08;EZE - GRU;JetSMART Airlines;Internacional;;264;264
2025-08;EZE - GRU;LATAM;Internacional;;1553;1553
2025-08;EZE - GRU;N/A;Internacional;16;66;82
2025-08;EZE - GRU;Swiss International Air Lines;Internacional;;2026;2026
2025-08;EZE - GRU;TAM Linhas A‚reas;Internacional;;7378;7378
2025-08;EZE - GRU;Turkish Airlines;Internacional;;11914;11914
2025-08;EZE - GYE;Avianca;Internacional;;1837;1837
2025-08;EZE - GYE;Avianca Costa Rica;Internacional;;2053;2053
2025-08;EZE - GYE;LATAM Ecuador;Internacional;;253;253
2025-08;EZE - GYE;N/A;Internacional;3;8;11
2025-08;EZE - IAD;N/A;Internacional;;3;3
2025-08;EZE - IAH;N/A;Internacional;2;;2
2025-08;EZE - IAH;United Airlines;Internacional;;14681;14681
2025-08;EZE - IGR;Aerol¡neas Argentinas;Cabotaje;;13549;13549
2025-08;EZE - IGR;Flybondi;Cabotaje;;9636;9636
2025-08;EZE - IGR;JetSMART Airlines;Cabotaje;;15268;15268
2025-08;EZE - IGR;N/A;Cabotaje;5;;5
2025-08;EZE - IRJ;Aerol¡neas Argentinas;Cabotaje;;359;359
2025-08;EZE - JFK;American Airlines;Internacional;;15129;15129
2025-08;EZE - JPA;Gol Transportes A‚reos;Internacional;;713;713
2025-08;EZE - JUJ;Aerol¡neas Argentinas;Cabotaje;;3730;3730
2025-08;EZE - JUJ;Flybondi;Cabotaje;;6637;6637
2025-08;EZE - LHR;British Airways;Internacional;;166;166
2025-08;EZE - LIM;Andes L¡neas A‚reas;Internacional;;138;138
2025-08;EZE - LIM;Arajet;Internacional;;150;150
2025-08;EZE - LIM;Avianca;Internacional;;152;152
2025-08;EZE - LIM;LATAM Ecuador;Internacional;;6552;6552
2025-08;EZE - LIM;LATAM Per£;Internacional;;18063;18063
2025-08;EZE - LIM;N/A;Internacional;;2;2
2025-08;EZE - LIM;Sky Airline;Internacional;;916;916
2025-08;EZE - LMMM;N/A;Internacional;14;12;26
2025-08;EZE - LPA;N/A;Internacional;;13;13
2025-08;EZE - LRD;N/A;Internacional;;1;1
2025-08;EZE - LUQ;Aerol¡neas Argentinas;Cabotaje;;78;78
2025-08;EZE - MAD;Aerol¡neas Argentinas;Internacional;;26432;26432
2025-08;EZE - MAD;Air Europa;Internacional;;20331;20331
2025-08;EZE - MAD;Iberia Airlines;Internacional;;61804;61804
2025-08;EZE - MAO;Arajet;Internacional;;161;161
2025-08;EZE - MCZ;Gol Transportes A‚reos;Internacional;;858;858
2025-08;EZE - MDE;Avianca;Internacional;;8115;8115
2025-08;EZE - MDE;Avianca Costa Rica;Internacional;;168;168
2025-08;EZE - MDQ;Aerol¡neas Argentinas;Cabotaje;;191;191
2025-08;EZE - MDQ;(en blanco);Cabotaje;;8;8
2025-08;EZE - MDZ;Aerol¡neas Argentinas;Cabotaje;;12088;12088
2025-08;EZE - MDZ;American Jet;Cabotaje;;24;24
2025-08;EZE - MDZ;Flybondi;Cabotaje;;2004;2004
2025-08;EZE - MDZ;JetSMART Airlines;Cabotaje;;7786;7786
2025-08;EZE - MDZ;(en blanco);Cabotaje;5;;5
2025-08;EZE - MEX;Aerom‚xico;Internacional;;14903;14903
2025-08;EZE - MIA;Aerol¡neas Argentinas;Internacional;;27320;27320
2025-08;EZE - MIA;American Airlines;Internacional;;30245;30245
2025-08;EZE - MIA;N/A;Internacional;3;3;6
2025-08;EZE - MVD;Andes L¡neas A‚reas;Internacional;;33;33
2025-08;EZE - MVD;Lufthansa Cargo;Internacional;;3;3
2025-08;EZE - MVD;N/A;Internacional;2;10;12
2025-08;EZE - NAT;Gol Transportes A‚reos;Internacional;;1196;1196
2025-08;EZE - NQN;Aerol¡neas Argentinas;Cabotaje;;7253;7253
2025-08;EZE - NQN;Flybondi;Cabotaje;;566;566
2025-08;EZE - NQN;JetSMART Airlines;Cabotaje;;2049;2049
2025-08;EZE - OPF;N/A;Internacional;4;10;14
2025-08;EZE - PDP;N/A;Internacional;3;1;4
2025-08;EZE - PDP;(en blanco);Internacional;7;;7
2025-08;EZE - PEI;Aerol¡neas Argentinas;Internacional;;68;68
2025-08;EZE - PLS;N/A;Internacional;;5;5
2025-08;EZE - PMY;Aerol¡neas Argentinas;Cabotaje;;363;363
2025-08;EZE - PMY;Flybondi;Cabotaje;;511;511
2025-08;EZE - PRA;American Jet;Cabotaje;;9;9
2025-08;EZE - PRA;N/A;Cabotaje;4;1;5
2025-08;EZE - PRA;(en blanco);Cabotaje;12;5;17
2025-08;EZE - PSS;Aerol¡neas Argentinas;Cabotaje;;542;542
2025-08;EZE - PSS;Flybondi;Cabotaje;;297;297
2025-08;EZE - PSS;(en blanco);Cabotaje;;6;6
2025-08;EZE - PTY;Copa Airlines;Internacional;;49550;49550
2025-08;EZE - PTY;LATAM Ecuador;Internacional;;122;122
2025-08;EZE - PTY;N/A;Internacional;;268;268
2025-08;EZE - PUJ;Aerol¡neas Argentinas;Internacional;;10433;10433
2025-08;EZE - PUJ;Arajet;Internacional;;11321;11321
2025-08;EZE - RAF;(en blanco);Cabotaje;1;3;4
2025-08;EZE - RAI;N/A;Internacional;;6;6
2025-08;EZE - REC;Gol Transportes A‚reos;Internacional;;111;111
2025-08;EZE - REC;JetSMART Airlines;Internacional;;4417;4417
2025-08;EZE - REL;Aerol¡neas Argentinas;Cabotaje;;1345;1345
2025-08;EZE - REL;JetSMART Airlines;Cabotaje;;127;127
2025-08;EZE - RES;Aerol¡neas Argentinas;Cabotaje;;450;450
2025-08;EZE - RES;JetSMART Airlines;Cabotaje;;335;335
2025-08;EZE - RES;(en blanco);Cabotaje;7;;7
2025-08;EZE - RGA;Aerol¡neas Argentinas;Cabotaje;;1143;1143
2025-08;EZE - RGL;Aerol¡neas Argentinas;Cabotaje;;2800;2800
2025-08;EZE - ROS;Aerol¡neas Argentinas;Cabotaje;;1323;1323
2025-08;EZE - ROS;Andes L¡neas A‚reas;Cabotaje;;48;48
2025-08;EZE - ROS;N/A;Cabotaje;4;3;7
2025-08;EZE - ROS;(en blanco);Cabotaje;5;3;8
2025-08;EZE - SA32;(en blanco);Cabotaje;;1;1
2025-08;EZE - SAZE;(en blanco);Cabotaje;;8;8
2025-08;EZE - SCL;Aerol¡neas Argentinas;Internacional;;1652;1652
2025-08;EZE - SCL;JetSMART Airlines;Internacional;;4949;4949
2025-08;EZE - SCL;KLM;Internacional;;10260;10260
2025-08;EZE - SCL;LATAM;Internacional;;23886;23886
2025-08;EZE - SCL;N/A;Internacional;;62;62
2025-08;EZE - SCL;Sky Airline;Internacional;;3537;3537
2025-08;EZE - SCL;TAM Linhas A‚reas;Internacional;;160;160
2025-08;EZE - SDE;Aerol¡neas Argentinas;Cabotaje;;1194;1194
2025-08;EZE - SDE;American Jet;Cabotaje;;99;99
2025-08;EZE - SDE;Flybondi;Cabotaje;;392;392
2025-08;EZE - SDE;(en blanco);Cabotaje;8;7;15
2025-08;EZE - SFN;Aerol¡neas Argentinas;Cabotaje;;120;120
2025-08;EZE - SLA;Aerol¡neas Argentinas;Cabotaje;;11489;11489
2025-08;EZE - SLA;Flybondi;Cabotaje;;7848;7848
2025-08;EZE - SLA;JetSMART Airlines;Cabotaje;;3924;3924
2025-08;EZE - SLC;Delta Air Lines;Internacional;;866;866
2025-08;EZE - SSA;Sky Airline;Internacional;;2672;2672
2025-08;EZE - SWF;N/A;Internacional;;5;5
2025-08;EZE - TLC;N/A;Internacional;6;11;17
2025-08;EZE - TUC;Aerol¡neas Argentinas;Cabotaje;;8760;8760
2025-08;EZE - TUC;Flybondi;Cabotaje;;1106;1106
2025-08;EZE - TUC;JetSMART Airlines;Cabotaje;;5202;5202
2025-08;EZE - TUC;(en blanco);Cabotaje;20;4;24
2025-08;EZE - UAQ;Aerol¡neas Argentinas;Cabotaje;;834;834
2025-08;EZE - UAQ;Flybondi;Cabotaje;;149;149
2025-08;EZE - UAQ;(en blanco);Cabotaje;6;;6
2025-08;EZE - UIO;Avianca;Internacional;;2722;2722
2025-08;EZE - UIO;Avianca Costa Rica;Internacional;;2456;2456
2025-08;EZE - USH;Aerol¡neas Argentinas;Cabotaje;;17682;17682
2025-08;EZE - USH;Flybondi;Cabotaje;;6769;6769
2025-08;EZE - USH;JetSMART Airlines;Cabotaje;;5969;5969
2025-08;EZE - VCP;N/A;Internacional;;5;5
2025-08;EZE - VVI;Boliviana de Aviacion;Internacional;;14321;14321
2025-08;EZE - YMX;N/A;Internacional;;3;3
2025-08;FAA EJERCITO ARGENTINO - FDO;(en blanco);Internacional;1;;1
2025-08;FDO - FDO;N/A;Cabotaje;;3;3
2025-08;FDO - FDO;(en blanco);Cabotaje;70;7;77
2025-08;FDO - FLN;N/A;Internacional;12;10;22
2025-08;FDO - FLN;(en blanco);Internacional;18;2;20
2025-08;FDO - FMA;N/A;Cabotaje;;1;1
2025-08;FDO - FMA;(en blanco);Cabotaje;8;7;15
2025-08;FDO - FTE;(en blanco);Cabotaje;;5;5
2025-08;FDO - FXE;(en blanco);Internacional;3;;3
2025-08;FDO - GHU;(en blanco);Cabotaje;2;;2
2025-08;FDO - GNR;N/A;Cabotaje;3;5;8
2025-08;FDO - GNR;(en blanco);Cabotaje;2;;2
2025-08;FDO - GPO;(en blanco);Cabotaje;4;9;13
2025-08;FDO - GRU;(en blanco);Internacional;18;14;32
2025-08;FDO - GYE;N/A;Internacional;;1;1
2025-08;FDO - GYE;(en blanco);Internacional;13;6;19
2025-08;FDO - HOS;N/A;Cabotaje;;1;1
2025-08;FDO - IBZ;(en blanco);Internacional;;7;7
2025-08;FDO - IGR;N/A;Cabotaje;;3;3
2025-08;FDO - IGR;(en blanco);Cabotaje;2;8;10
2025-08;FDO - IGU;(en blanco);Internacional;2;17;19
2025-08;FDO - IRJ;N/A;Cabotaje;3;;3
2025-08;FDO - IRJ;(en blanco);Cabotaje;6;5;11
2025-08;FDO - JNI;(en blanco);Cabotaje;3;;3
2025-08;FDO - JUJ;N/A;Cabotaje;;7;7
2025-08;FDO - JUJ;(en blanco);Cabotaje;5;11;16
2025-08;FDO - LGS;N/A;Cabotaje;2;4;6
2025-08;FDO - LGS;(en blanco);Cabotaje;16;9;25
2025-08;FDO - LIM;(en blanco);Internacional;18;;18
2025-08;FDO - LMMM;N/A;Internacional;21;;21
2025-08;FDO - LMMM;(en blanco);Internacional;1;;1
2025-08;FDO - LPA;(en blanco);Internacional;;3;3
2025-08;FDO - LPG;(en blanco);Cabotaje;3;;3
2025-08;FDO - LUQ;(en blanco);Cabotaje;6;6;12
2025-08;FDO - MDQ;Fuerza A‚rea Uruguaya;Cabotaje;1;;1
2025-08;FDO - MDQ;N/A;Cabotaje;7;2;9
2025-08;FDO - MDQ;(en blanco);Cabotaje;48;16;64
2025-08;FDO - MDX;N/A;Cabotaje;;1;1
2025-08;FDO - MDX;(en blanco);Cabotaje;1;4;5
2025-08;FDO - MDZ;American Jet;Cabotaje;;19;19
2025-08;FDO - MDZ;N/A;Cabotaje;8;2;10
2025-08;FDO - MDZ;(en blanco);Cabotaje;39;24;63
2025-08;FDO - MOR;(en blanco);Cabotaje;9;4;13
2025-08;FDO - MVD;Fuerza A‚rea Uruguaya;Internacional;9;;9
2025-08;FDO - MVD;N/A;Internacional;9;4;13
2025-08;FDO - MVD;(en blanco);Internacional;26;40;66
2025-08;FDO - NAT;(en blanco);Internacional;14;;14
2025-08;FDO - NCJ;(en blanco);Cabotaje;9;4;13
2025-08;FDO - NEC;(en blanco);Cabotaje;1;;1
2025-08;FDO - NQN;N/A;Cabotaje;;11;11
2025-08;FDO - NQN;(en blanco);Cabotaje;22;50;72
2025-08;FDO - OVR;(en blanco);Cabotaje;7;9;16
2025-08;FDO - OYO;(en blanco);Cabotaje;2;1;3
2025-08;FDO - PDP;N/A;Internacional;57;39;96
2025-08;FDO - PDP;(en blanco);Internacional;175;66;241
2025-08;FDO - PEH;(en blanco);Cabotaje;;1;1
2025-08;FDO - PET;(en blanco);Internacional;;4;4
2025-08;FDO - PMQ;(en blanco);Cabotaje;7;13;20
2025-08;FDO - PMY;N/A;Cabotaje;;4;4
2025-08;FDO - PMY;(en blanco);Cabotaje;11;6;17
2025-08;FDO - POA;N/A;Internacional;4;;4
2025-08;FDO - POA;(en blanco);Internacional;8;5;13
2025-08;FDO - PRA;American Jet;Cabotaje;6;6;12
2025-08;FDO - PRA;N/A;Cabotaje;7;12;19
2025-08;FDO - PRA;(en blanco);Cabotaje;10;4;14
2025-08;FDO - PSS;(en blanco);Cabotaje;10;5;15
2025-08;FDO - RAF;N/A;Cabotaje;2;;2
2025-08;FDO - RAF;(en blanco);Cabotaje;4;2;6
2025-08;FDO - RCQ;(en blanco);Cabotaje;;1;1
2025-08;FDO - REL;N/A;Cabotaje;6;6;12
2025-08;FDO - REL;(en blanco);Cabotaje;26;6;32
2025-08;FDO - RES;N/A;Cabotaje;5;9;14
2025-08;FDO - RES;(en blanco);Cabotaje;5;6;11
2025-08;FDO - RGA;(en blanco);Cabotaje;4;10;14
2025-08;FDO - RGL;N/A;Cabotaje;1;2;3
2025-08;FDO - RGL;(en blanco);Cabotaje;33;22;55
2025-08;FDO - RHD;(en blanco);Cabotaje;;1;1
2025-08;FDO - RLO;(en blanco);Cabotaje;2;;2
2025-08;FDO - ROS;N/A;Cabotaje;3;1;4
2025-08;FDO - ROS;(en blanco);Cabotaje;38;12;50
2025-08;FDO - RSA;(en blanco);Cabotaje;18;5;23
2025-08;FDO - SA03;(en blanco);Cabotaje;6;3;9
2025-08;FDO - SA04;(en blanco);Cabotaje;6;;6
2025-08;FDO - SA05;(en blanco);Cabotaje;;4;4
2025-08;FDO - SA17;(en blanco);Cabotaje;3;;3
2025-08;FDO - SA31;(en blanco);Cabotaje;2;1;3
2025-08;FDO - SA32;(en blanco);Cabotaje;6;1;7
2025-08;FDO - SA40;(en blanco);Cabotaje;8;2;10
2025-08;FDO - SAAN;(en blanco);Cabotaje;2;1;3
2025-08;FDO - SACA;(en blanco);Cabotaje;3;1;4
2025-08;FDO - SACD;(en blanco);Cabotaje;2;;2
2025-08;FDO - SADO;(en blanco);Cabotaje;1;;1
2025-08;FDO - SADQ;(en blanco);Cabotaje;2;2;4
2025-08;FDO - SANO;(en blanco);Cabotaje;1;2;3
2025-08;FDO - SAOL;(en blanco);Cabotaje;1;;1
2025-08;FDO - SAOM;(en blanco);Cabotaje;;1;1
2025-08;FDO - SARV;N/A;Cabotaje;;2;2
2025-08;FDO - SARV;(en blanco);Cabotaje;2;2;4
2025-08;FDO - SAVO;(en blanco);Cabotaje;1;;1
2025-08;FDO - SAZD;(en blanco);Cabotaje;1;;1
2025-08;FDO - SAZE;(en blanco);Cabotaje;1;;1
2025-08;FDO - SCL;N/A;Internacional;7;2;9
2025-08;FDO - SCL;(en blanco);Internacional;7;12;19
2025-08;FDO - SDE;N/A;Cabotaje;1;;1
2025-08;FDO - SDE;(en blanco);Cabotaje;58;16;74
2025-08;FDO - SFN;(en blanco);Cabotaje;8;1;9
2025-08;FDO - SLA;N/A;Cabotaje;3;3;6
2025-08;FDO - SLA;(en blanco);Cabotaje;34;56;90
2025-08;FDO - SUAA;N/A;Internacional;22;6;28
2025-08;FDO - SUAA;(en blanco);Internacional;49;32;81
2025-08;FDO - SUCM;N/A;Internacional;5;1;6
2025-08;FDO - SUCM;(en blanco);Internacional;41;6;47
2025-08;FDO - TAP;(en blanco);Internacional;;10;10
2025-08;FDO - TDL;(en blanco);Cabotaje;5;;5
2025-08;FDO - TLC;(en blanco);Internacional;;12;12
2025-08;FDO - TTG;(en blanco);Cabotaje;8;;8
2025-08;FDO - TUC;N/A;Cabotaje;1;;1
2025-08;FDO - TUC;(en blanco);Cabotaje;60;15;75
2025-08;FDO - UAQ;N/A;Cabotaje;1;11;12
2025-08;FDO - UAQ;(en blanco);Cabotaje;13;29;42
2025-08;FDO - USH;American Jet;Cabotaje;;3;3
2025-08;FDO - USH;N/A;Cabotaje;3;3;6
2025-08;FDO - USH;(en blanco);Cabotaje;5;6;11
2025-08;FDO - VCP;(en blanco);Internacional;;8;8
2025-08;FDO - VDM;(en blanco);Cabotaje;3;9;12
2025-08;FDO - VDR;(en blanco);Cabotaje;1;;1
2025-08;FDO - VMA;(en blanco);Cabotaje;;2;2
2025-08;FDO - VME;(en blanco);Cabotaje;1;;1
2025-08;FLN - ROS;N/A;Internacional;6;;6
2025-08;FMA - IGU;N/A;Internacional;2;;2
2025-08;FMA - MOR;(en blanco);Cabotaje;1;;1
2025-08;FMA - PSS;(en blanco);Cabotaje;5;;5
2025-08;FMA - RES;(en blanco);Cabotaje;3;;3
2025-08;FMA - SDE;(en blanco);Cabotaje;;1;1
2025-08;FMA - SLA;(en blanco);Cabotaje;4;;4
2025-08;FTE - FTE;(en blanco);Cabotaje;19;;19
2025-08;FTE - PMQ;LADE - L¡neas A‚reas Del Estado;Cabotaje;;26;26
2025-08;FTE - PMQ;N/A;Cabotaje;4;;4
2025-08;FTE - RGA;(en blanco);Cabotaje;1;;1
2025-08;FTE - RGL;LADE - L¡neas A‚reas Del Estado;Cabotaje;7;95;102
2025-08;FTE - RGL;N/A;Cabotaje;2;;2
2025-08;FTE - RGL;(en blanco);Cabotaje;2;2;4
2025-08;FTE - ULA;(en blanco);Cabotaje;;2;2
2025-08;FTE - USH;Aerol¡neas Argentinas;Cabotaje;;6951;6951
2025-08;FTE - USH;Flybondi;Cabotaje;;1541;1541
2025-08;FTE - USH;LADE - L¡neas A‚reas Del Estado;Cabotaje;;16;16
2025-08;FTE - USH;N/A;Cabotaje;13;;13
2025-08;FTE - USH;(en blanco);Cabotaje;;3;3
2025-08;GIG - MDZ;JetSMART Airlines;Internacional;;1366;1366
2025-08;GIG - MDZ;LATAM;Internacional;;152;152
2025-08;GIG - ROS;Gol Transportes A‚reos;Internacional;;4407;4407
2025-08;GNR - NQN;(en blanco);Cabotaje;6;;6
2025-08;GPO - GPO;(en blanco);Cabotaje;72;;72
2025-08;GPO - RSA;(en blanco);Cabotaje;;8;8
2025-08;GPO - SA17;(en blanco);Cabotaje;2;;2
2025-08;GPO - TDL;(en blanco);Cabotaje;3;1;4
2025-08;GPO - VME;(en blanco);Cabotaje;;1;1
2025-08;GRU - IGR;N/A;Internacional;;1;1
2025-08;GRU - IGR;(en blanco);Internacional;;5;5
2025-08;GRU - MDZ;AeroSur;Internacional;;58;58
2025-08;GRU - MDZ;Gol Transportes A‚reos;Internacional;;5631;5631
2025-08;GRU - MDZ;LATAM;Internacional;;974;974
2025-08;GRU - MDZ;TAM Linhas A‚reas;Internacional;;5286;5286
2025-08;GRU - SLA;Aerol¡neas Argentinas;Internacional;;701;701
2025-08;GYE - MDZ;(en blanco);Internacional;;10;10
2025-08;GYE - PRA;(en blanco);Internacional;10;;10
2025-08;GYE - SLA;(en blanco);Internacional;;2;2
2025-08;GYE - TUC;(en blanco);Internacional;;7;7
2025-08;HOS - NQN;N/A;Cabotaje;;1;1
2025-08;HOS - NQN;(en blanco);Cabotaje;2;;2
2025-08;IGR - IGR;(en blanco);Cabotaje;;5;5
2025-08;IGR - MAD;(en blanco);Internacional;;1;1
2025-08;IGR - NCJ;(en blanco);Cabotaje;;3;3
2025-08;IGR - PSS;(en blanco);Cabotaje;57;5;62
2025-08;IGR - PUJ;N/A;Internacional;10;;10
2025-08;IGR - RES;Aerol¡neas Argentinas;Cabotaje;;85;85
2025-08;IGR - ROS;Aerol¡neas Argentinas;Cabotaje;;2190;2190
2025-08;IGR - SCL;N/A;Internacional;;4;4
2025-08;IGR - SLA;Aerol¡neas Argentinas;Cabotaje;;1859;1859
2025-08;IGR - SLA;(en blanco);Cabotaje;1;;1
2025-08;IGR - TEB;Sun Air;Internacional;2;;2
2025-08;IGR - TUC;(en blanco);Cabotaje;;3;3
2025-08;IGR - USH;Sun Air;Cabotaje;2;;2
2025-08;IGU - MDZ;N/A;Internacional;38;;38
2025-08;IGU - MDZ;(en blanco);Internacional;24;;24
2025-08;IGU - ROS;N/A;Internacional;6;;6
2025-08;IGU - ROS;(en blanco);Internacional;3;;3
2025-08;IGU - TUC;(en blanco);Internacional;7;;7
2025-08;IRJ - IRJ;(en blanco);Cabotaje;12;;12
2025-08;IRJ - ROS;(en blanco);Cabotaje;2;;2
2025-08;IRJ - SACD;N/A;Cabotaje;1;;1
2025-08;IRJ - SDE;(en blanco);Cabotaje;3;;3
2025-08;IRJ - SLA;Ej‚rcito Argentino;Cabotaje;2;;2
2025-08;IRJ - SLA;(en blanco);Cabotaje;13;;13
2025-08;IRJ - TUC;(en blanco);Cabotaje;6;;6
2025-08;JUJ - NAS;N/A;Internacional;2;;2
2025-08;JUJ - ROS;N/A;Cabotaje;;1;1
2025-08;JUJ - SA24;(en blanco);Cabotaje;4;;4
2025-08;JUJ - SDE;(en blanco);Cabotaje;4;;4
2025-08;JUJ - SFN;(en blanco);Cabotaje;8;3;11
2025-08;JUJ - SLA;(en blanco);Cabotaje;;1;1
2025-08;JUJ - UAQ;(en blanco);Cabotaje;10;;10
2025-08;LCP - NQN;(en blanco);Cabotaje;10;;10
2025-08;LGS - LGS;(en blanco);Cabotaje;3;;3
2025-08;LGS - MDZ;(en blanco);Cabotaje;9;3;12
2025-08;LGS - SCL;N/A;Internacional;15;;15
2025-08;LGS - VMA;(en blanco);Cabotaje;4;;4
2025-08;LHS - RGL;(en blanco);Cabotaje;1;;1
2025-08;LIM - MDZ;LATAM Per£;Internacional;;5270;5270
2025-08;LIM - ROS;LATAM Per£;Internacional;;3200;3200
2025-08;LIM - SLA;LATAM Per£;Internacional;;4767;4767
2025-08;LIM - SLA;N/A;Internacional;5;;5
2025-08;LIM - SLA;(en blanco);Internacional;;2;2
2025-08;LMMM - USH;N/A;Internacional;34;;34
2025-08;LPG - MDQ;(en blanco);Cabotaje;7;;7
2025-08;LPG - MDZ;(en blanco);Cabotaje;1;;1
2025-08;LRD - MDZ;N/A;Internacional;;1;1
2025-08;LUQ - POA;N/A;Internacional;6;;6
2025-08;MDQ - MDQ;(en blanco);Cabotaje;3;;3
2025-08;MDQ - MDZ;Aerol¡neas Argentinas;Cabotaje;;1181;1181
2025-08;MDQ - MVD;N/A;Internacional;1;;1
2025-08;MDQ - NEC;(en blanco);Cabotaje;1;;1
2025-08;MDQ - PDP;(en blanco);Internacional;7;10;17
2025-08;MDQ - PMY;(en blanco);Cabotaje;7;;7
2025-08;MDQ - RCQ;(en blanco);Cabotaje;;1;1
2025-08;MDQ - ROS;N/A;Cabotaje;3;6;9
2025-08;MDQ - SAAN;(en blanco);Cabotaje;2;1;3
2025-08;MDQ - SADZ;(en blanco);Cabotaje;1;;1
2025-08;MDQ - SAZA;(en blanco);Cabotaje;1;;1
2025-08;MDQ - SUAA;N/A;Internacional;;4;4
2025-08;MDQ - TDL;(en blanco);Cabotaje;;2;2
2025-08;MDQ - VDM;(en blanco);Cabotaje;1;;1
2025-08;MDX - PRA;(en blanco);Cabotaje;;3;3
2025-08;MDX - SFN;(en blanco);Cabotaje;2;;2
2025-08;MDZ - MIA;N/A;Internacional;8;;8
2025-08;MDZ - MIA;(en blanco);Internacional;10;;10
2025-08;MDZ - NAT;(en blanco);Internacional;3;2;5
2025-08;MDZ - NQN;Aerol¡neas Argentinas;Cabotaje;;4064;4064
2025-08;MDZ - NQN;American Jet;Cabotaje;61;149;210
2025-08;MDZ - NQN;(en blanco);Cabotaje;10;1;11
2025-08;MDZ - POA;Azul Linhas A‚reas Brasileiras;Internacional;;25;25
2025-08;MDZ - PTY;Copa Airlines;Internacional;;7612;7612
2025-08;MDZ - RCQ;(en blanco);Cabotaje;2;;2
2025-08;MDZ - ROS;Aerol¡neas Argentinas;Cabotaje;;1296;1296
2025-08;MDZ - ROS;(en blanco);Cabotaje;12;;12
2025-08;MDZ - SA40;(en blanco);Cabotaje;1;;1
2025-08;MDZ - SAOM;(en blanco);Cabotaje;3;;3
2025-08;MDZ - SCL;Aerocardal;Internacional;2;;2
2025-08;MDZ - SCL;Aerol¡neas Argentinas;Internacional;;1326;1326
2025-08;MDZ - SCL;JetSMART Airlines;Internacional;;5077;5077
2025-08;MDZ - SCL;LATAM;Internacional;;14357;14357
2025-08;MDZ - SCL;N/A;Internacional;2;;2
2025-08;MDZ - SCL;Sky Airline;Internacional;;9375;9375
2025-08;MDZ - SDE;(en blanco);Cabotaje;6;;6
2025-08;MDZ - SFN;American Jet;Cabotaje;;48;48
2025-08;MDZ - SLA;Aerol¡neas Argentinas;Cabotaje;;1729;1729
2025-08;MDZ - SLA;JetSMART Airlines;Cabotaje;;5970;5970
2025-08;MDZ - SLA;(en blanco);Cabotaje;2;;2
2025-08;MDZ - TDL;Fuerza A‚rea Argentina;Cabotaje;9;;9
2025-08;MDZ - UAQ;(en blanco);Cabotaje;2;;2
2025-08;MDZ - VCP;Azul Linhas A‚reas Brasileiras;Internacional;;2499;2499
2025-08;MDZ - VME;(en blanco);Cabotaje;1;;1
2025-08;MOR - MOR;(en blanco);Cabotaje;12;;12
2025-08;MOR - PMY;(en blanco);Cabotaje;;2;2
2025-08;MOR - ROS;(en blanco);Cabotaje;2;;2
2025-08;MOR - SA04;(en blanco);Cabotaje;2;;2
2025-08;MOR - SA17;(en blanco);Cabotaje;1;;1
2025-08;MOR - VME;(en blanco);Cabotaje;1;;1
2025-08;MPN - RGL;LATAM;Cabotaje;;32;32
2025-08;MVD - SDE;(en blanco);Internacional;2;;2
2025-08;MVD - USH;(en blanco);Internacional;1;;1
2025-08;NCJ - RGL;(en blanco);Cabotaje;2;;2
2025-08;NCJ - SDE;(en blanco);Cabotaje;1;;1
2025-08;NQN - NQN;American Jet;Cabotaje;4;88;92
2025-08;NQN - NQN;(en blanco);Cabotaje;15;;15
2025-08;NQN - OYO;(en blanco);Cabotaje;2;;2
2025-08;NQN - PMY;(en blanco);Cabotaje;;2;2
2025-08;NQN - RCQ;(en blanco);Cabotaje;3;;3
2025-08;NQN - RDS;(en blanco);Cabotaje;1;8;9
2025-08;NQN - REL;(en blanco);Cabotaje;1;;1
2025-08;NQN - ROS;Aerol¡neas Argentinas;Cabotaje;;858;858
2025-08;NQN - RSA;(en blanco);Cabotaje;;2;2
2025-08;NQN - SLA;JetSMART Airlines;Cabotaje;;6393;6393
2025-08;NVT - PSS;(en blanco);Internacional;2;;2
2025-08;NVT - ROS;American Jet;Internacional;;4;4
2025-08;OPF - TUC;(en blanco);Internacional;5;;5
2025-08;ORA - SLA;(en blanco);Cabotaje;15;2;17
2025-08;OYA - RES;(en blanco);Cabotaje;2;2;4
2025-08;OYO - VDM;(en blanco);Cabotaje;;1;1
2025-08;PDP - PRA;(en blanco);Internacional;2;;2
2025-08;PDP - ROS;N/A;Internacional;3;2;5
2025-08;PDP - ROS;(en blanco);Internacional;3;5;8
2025-08;PMQ - RGL;(en blanco);Cabotaje;4;2;6
2025-08;PMY - PMY;(en blanco);Cabotaje;2;5;7
2025-08;PMY - REL;(en blanco);Cabotaje;2;1;3
2025-08;PRA - PRA;Aerol¡neas Argentinas;Cabotaje;;36;36
2025-08;PRA - PSS;N/A;Cabotaje;;3;3
2025-08;PRA - PSS;(en blanco);Cabotaje;25;;25
2025-08;PRA - RCQ;(en blanco);Cabotaje;24;;24
2025-08;PRA - SAAU;(en blanco);Cabotaje;;1;1
2025-08;PRA - SFN;(en blanco);Cabotaje;1;;1
2025-08;PRA - TUC;(en blanco);Cabotaje;5;;5
2025-08;PRQ - RES;Ej‚rcito Argentino;Cabotaje;4;;4
2025-08;PSS - PSS;Aerol¡neas Argentinas;Cabotaje;;46;46
2025-08;PSS - PSS;(en blanco);Cabotaje;29;;29
2025-08;PSS - ROS;(en blanco);Cabotaje;3;;3
2025-08;PSS - SA23;(en blanco);Cabotaje;5;;5
2025-08;PSS - SATI;(en blanco);Cabotaje;4;;4
2025-08;PSS - SATO;(en blanco);Cabotaje;8;;8
2025-08;PSS - SLA;(en blanco);Cabotaje;1;;1
2025-08;PSS - STY;(en blanco);Internacional;;2;2
2025-08;PSS - UAQ;(en blanco);Cabotaje;;3;3
2025-08;PTY - ROS;Copa Airlines;Internacional;;12706;12706
2025-08;PUJ - TUC;Aerol¡neas Argentinas;Internacional;;937;937
2025-08;RAF - RES;(en blanco);Cabotaje;4;;4
2025-08;RAF - ROS;(en blanco);Cabotaje;6;;6
2025-08;RAF - SDE;N/A;Cabotaje;1;;1
2025-08;RCQ - RCQ;(en blanco);Cabotaje;4;;4
2025-08;RCQ - RES;Fuerza A‚rea Argentina;Cabotaje;1;;1
2025-08;RCQ - ROS;(en blanco);Cabotaje;8;;8
2025-08;RCQ - SFN;(en blanco);Cabotaje;4;2;6
2025-08;REL - REL;(en blanco);Cabotaje;1;;1
2025-08;REL - RGA;(en blanco);Cabotaje;;1;1
2025-08;RES - RES;Ej‚rcito Argentino;Cabotaje;3;;3
2025-08;RES - ROS;(en blanco);Cabotaje;5;;5
2025-08;RES - SAAU;(en blanco);Cabotaje;2;2;4
2025-08;RES - SADO;Ej‚rcito Argentino;Cabotaje;1;;1
2025-08;RES - SDE;(en blanco);Cabotaje;1;;1
2025-08;RES - SLA;(en blanco);Cabotaje;2;;2
2025-08;RGA - RGL;LADE - L¡neas A‚reas Del Estado;Cabotaje;3;134;137
2025-08;RGA - USH;LADE - L¡neas A‚reas Del Estado;Cabotaje;6;56;62
2025-08;RGL - RZA;Ej‚rcito Argentino;Cabotaje;3;;3
2025-08;RGL - RZA;(en blanco);Cabotaje;;3;3
2025-08;RGL - TUC;(en blanco);Cabotaje;2;;2
2025-08;RGL - USH;Aerol¡neas Argentinas;Cabotaje;;243;243
2025-08;RGL - USH;LADE - L¡neas A‚reas Del Estado;Cabotaje;17;219;236
2025-08;RGL - USH;(en blanco);Cabotaje;1;;1
2025-08;RHD - SA17;(en blanco);Cabotaje;;1;1
2025-08;RHD - SDE;(en blanco);Cabotaje;1;5;6
2025-08;RHD - SLA;(en blanco);Cabotaje;6;3;9
2025-08;RHD - TUC;(en blanco);Cabotaje;1;;1
2025-08;RLO - SA32;(en blanco);Cabotaje;1;;1
2025-08;ROS - ROS;N/A;Cabotaje;2;;2
2025-08;ROS - SA17;(en blanco);Cabotaje;2;;2
2025-08;ROS - SA31;Fuerza A‚rea Argentina;Cabotaje;1;;1
2025-08;ROS - SA32;(en blanco);Cabotaje;1;;1
2025-08;ROS - SAAN;(en blanco);Cabotaje;1;;1
2025-08;ROS - SDE;American Jet;Cabotaje;;82;82
2025-08;ROS - SDE;N/A;Cabotaje;1;;1
2025-08;ROS - SDE;(en blanco);Cabotaje;2;;2
2025-08;ROS - SFN;(en blanco);Cabotaje;2;;2
2025-08;ROS - SLA;Aerol¡neas Argentinas;Cabotaje;;1602;1602
2025-08;ROS - SLA;American Jet;Cabotaje;;19;19
2025-08;ROS - SLA;Andes L¡neas A‚reas;Cabotaje;;194;194
2025-08;ROS - SUAA;(en blanco);Internacional;2;;2
2025-08;ROS - TUC;American Jet;Cabotaje;24;98;122
2025-08;RSA - RSA;(en blanco);Cabotaje;7;;7
2025-08;RSA - SFN;(en blanco);Cabotaje;1;;1
2025-08;RSA - SLA;(en blanco);Cabotaje;3;;3
2025-08;RSA - UAQ;(en blanco);Cabotaje;;3;3
2025-08;SA02 - SDE;(en blanco);Cabotaje;1;;1
2025-08;SA02 - SLA;(en blanco);Cabotaje;5;1;6
2025-08;SA03 - UAQ;(en blanco);Cabotaje;;5;5
2025-08;SA16 - VME;(en blanco);Cabotaje;2;;2
2025-08;SA24 - TUC;(en blanco);Cabotaje;4;;4
2025-08;SA32 - VME;(en blanco);Cabotaje;1;;1
2025-08;SANO - SLA;(en blanco);Cabotaje;2;;2
2025-08;SANO - UAQ;(en blanco);Cabotaje;;1;1
2025-08;SCL - SLA;(en blanco);Internacional;3;;3
2025-08;SCL - TUC;(en blanco);Internacional;3;3;6
2025-08;SDE - SDE;(en blanco);Cabotaje;31;;31
2025-08;SDE - SLA;(en blanco);Cabotaje;5;;5
2025-08;SDE - TUC;(en blanco);Cabotaje;10;2;12
2025-08;SDE - VMA;(en blanco);Cabotaje;4;2;6
2025-08;SLA - SLA;American Jet;Cabotaje;;20;20
2025-08;SLA - SLA;Ej‚rcito Argentino;Cabotaje;1;;1
2025-08;SLA - SLA;(en blanco);Cabotaje;2;24;26
2025-08;SLA - TTG;(en blanco);Cabotaje;9;16;25
2025-08;SLA - TUC;(en blanco);Cabotaje;25;11;36
2025-08;SLA - UAQ;(en blanco);Cabotaje;17;12;29
2025-08;SLA - VVI;(en blanco);Internacional;10;3;13
2025-08;TUC - TUC;(en blanco);Cabotaje;67;3;70
2025-08;USH - VDM;N/A;Cabotaje;;2;2
2025-09;3005 - FDO;(en blanco);Internacional;15;2;17
2025-09;3010 - FDO;(en blanco);Internacional;;2;2
2025-09;3017 - MDZ;(en blanco);Internacional;5;;5
2025-09;3017 - SLA;(en blanco);Internacional;17;982;999
2025-09;AEP - AEP;Aerol¡neas Argentinas;Cabotaje;;5;5
2025-09;AEP - AEP;N/A;Cabotaje;;3;3
2025-09;AEP - AEP;(en blanco);Cabotaje;3;;3
2025-09;AEP - AFA;Aerol¡neas Argentinas;Cabotaje;;4887;4887
2025-09;AEP - AFA;N/A;Cabotaje;;2;2
2025-09;AEP - AFA;(en blanco);Cabotaje;3;;3
2025-09;AEP - AR-0005;(en blanco);Cabotaje;;2;2
2025-09;AEP - AR-0038;(en blanco);Cabotaje;2;1;3
2025-09;AEP - AR-0199;(en blanco);Cabotaje;3;2;5
2025-09;AEP - AR-0218;N/A;Cabotaje;;2;2
2025-09;AEP - AR-0446;(en blanco);Cabotaje;;2;2
2025-09;AEP - ASU;Aerol¡neas Argentinas;Internacional;;10191;10191
2025-09;AEP - ASU;Amaszonas;Internacional;;2699;2699
2025-09;AEP - ASU;JetSMART Airlines;Internacional;;7158;7158
2025-09;AEP - ASU;N/A;Internacional;29;7;36
2025-09;AEP - BHI;Aerol¡neas Argentinas;Cabotaje;;18904;18904
2025-09;AEP - BHI;LADE - L¡neas A‚reas Del Estado;Cabotaje;;19;19
2025-09;AEP - BHI;N/A;Cabotaje;;6;6
2025-09;AEP - BOG;Aerol¡neas Argentinas;Internacional;;5722;5722
2025-09;AEP - BOG;Avianca;Internacional;;8910;8910
2025-09;AEP - BPS;Aerol¡neas Argentinas;Internacional;;2031;2031
2025-09;AEP - BRC;Aerol¡neas Argentinas;Cabotaje;;60154;60154
2025-09;AEP - BRC;Andes L¡neas A‚reas;Cabotaje;;92;92
2025-09;AEP - BRC;Chief of Staff,ÿUnited States Air Force;Cabotaje;11;;11
2025-09;AEP - BRC;Flybondi;Cabotaje;;15105;15105
2025-09;AEP - BRC;Fuerza A‚rea Argentina;Cabotaje;115;;115
2025-09;AEP - BRC;JetSMART Airlines;Cabotaje;;30688;30688
2025-09;AEP - BRC;(en blanco);Cabotaje;101;43;144
2025-09;AEP - BSB;Gol Transportes A‚reos;Internacional;;4775;4775
2025-09;AEP - CNF;Gol Transportes A‚reos;Internacional;;2232;2232
2025-09;AEP - CNQ;Aerol¡neas Argentinas;Cabotaje;;7174;7174
2025-09;AEP - CNQ;Flybondi;Cabotaje;;12910;12910
2025-09;AEP - CNQ;N/A;Cabotaje;4;3;7
2025-09;AEP - CNQ;(en blanco);Cabotaje;7;2;9
2025-09;AEP - COC;N/A;Cabotaje;5;;5
2025-09;AEP - COC;(en blanco);Cabotaje;3;10;13
2025-09;AEP - COR;Aerol¡neas Argentinas;Cabotaje;;57709;57709
2025-09;AEP - COR;American Jet;Cabotaje;;4;4
2025-09;AEP - COR;Flybondi;Cabotaje;;20504;20504
2025-09;AEP - COR;Fuerza A‚rea Argentina;Cabotaje;42;;42
2025-09;AEP - COR;JetSMART Airlines;Cabotaje;;39663;39663
2025-09;AEP - COR;N/A;Cabotaje;;56;56
2025-09;AEP - COR;(en blanco);Cabotaje;93;15;108
2025-09;AEP - CPC;Aerol¡neas Argentinas;Cabotaje;;12359;12359
2025-09;AEP - CPC;Flybondi;Cabotaje;;74;74
2025-09;AEP - CPC;JetSMART Airlines;Cabotaje;;12526;12526
2025-09;AEP - CPC;N/A;Cabotaje;;6;6
2025-09;AEP - CRD;Aerol¡neas Argentinas;Cabotaje;;25093;25093
2025-09;AEP - CRD;Flybondi;Cabotaje;;1637;1637
2025-09;AEP - CRD;Fuerza A‚rea Argentina;Cabotaje;6;;6
2025-09;AEP - CRD;JetSMART Airlines;Cabotaje;;8700;8700
2025-09;AEP - CRD;(en blanco);Cabotaje;6;1;7
2025-09;AEP - CTC;Aerol¡neas Argentinas;Cabotaje;;6709;6709
2025-09;AEP - CTC;JetSMART Airlines;Cabotaje;;98;98
2025-09;AEP - CTC;N/A;Cabotaje;;19;19
2025-09;AEP - CTC;(en blanco);Cabotaje;9;1;10
2025-09;AEP - CWB;Aerol¡neas Argentinas;Internacional;;3946;3946
2025-09;AEP - EPA;Fuerza A‚rea Argentina;Cabotaje;2;;2
2025-09;AEP - EPA;(en blanco);Cabotaje;19;7;26
2025-09;AEP - EQS;Aerol¡neas Argentinas;Cabotaje;;7559;7559
2025-09;AEP - EQS;Flybondi;Cabotaje;;77;77
2025-09;AEP - EQS;N/A;Cabotaje;;7;7
2025-09;AEP - EZE;Aerol¡neas Argentinas;Cabotaje;;160;160
2025-09;AEP - EZE;American Jet;Cabotaje;;2;2
2025-09;AEP - EZE;N/A;Cabotaje;;1;1
2025-09;AEP - EZE;TAM Linhas A‚reas;Cabotaje;;87;87
2025-09;AEP - FDO;N/A;Cabotaje;1;9;10
2025-09;AEP - FDO;(en blanco);Cabotaje;3;7;10
2025-09;AEP - FLL;N/A;Internacional;3;;3
2025-09;AEP - FLN;Flybondi;Internacional;;53;53
2025-09;AEP - FLN;Gol Transportes A‚reos;Internacional;;9800;9800
2025-09;AEP - FLN;JetSMART Airlines;Internacional;;2994;2994
2025-09;AEP - FMA;Aerol¡neas Argentinas;Cabotaje;;8255;8255
2025-09;AEP - FMA;N/A;Cabotaje;;8;8
2025-09;AEP - FOR;Gol Transportes A‚reos;Internacional;;928;928
2025-09;AEP - FTE;Aerol¡neas Argentinas;Cabotaje;;29704;29704
2025-09;AEP - FTE;Flybondi;Cabotaje;;951;951
2025-09;AEP - GIG;Aerol¡neas Argentinas;Internacional;;29564;29564
2025-09;AEP - GIG;Flybondi;Internacional;;1184;1184
2025-09;AEP - GIG;Gol Transportes A‚reos;Internacional;;17287;17287
2025-09;AEP - GIG;JetSMART Airlines;Internacional;;17447;17447
2025-09;AEP - GIG;TAM Linhas A‚reas;Internacional;;160;160
2025-09;AEP - GIG;(en blanco);Internacional;;1;1
2025-09;AEP - GNR;N/A;Cabotaje;;1;1
2025-09;AEP - GRU;Aerol¡neas Argentinas;Internacional;;35247;35247
2025-09;AEP - GRU;Flybondi;Internacional;;7348;7348
2025-09;AEP - GRU;Gol Transportes A‚reos;Internacional;;43078;43078
2025-09;AEP - GRU;JetSMART Airlines;Internacional;;128;128
2025-09;AEP - GRU;N/A;Internacional;;26;26
2025-09;AEP - GRU;NetJets;Internacional;3;;3
2025-09;AEP - GRU;TAM Linhas A‚reas;Internacional;;44152;44152
2025-09;AEP - GRU;(en blanco);Internacional;;8;8
2025-09;AEP - GYE;N/A;Internacional;;9;9
2025-09;AEP - IGR;Aerol¡neas Argentinas;Cabotaje;;40659;40659
2025-09;AEP - IGR;Flybondi;Cabotaje;;15312;15312
2025-09;AEP - IGR;JetSMART Airlines;Cabotaje;;33871;33871
2025-09;AEP - IGR;(en blanco);Cabotaje;15;;15
2025-09;AEP - IRJ;Aerol¡neas Argentinas;Cabotaje;;6083;6083
2025-09;AEP - IRJ;N/A;Cabotaje;4;4;8
2025-09;AEP - JFK;(en blanco);Internacional;40;;40
2025-09;AEP - JUJ;Aerol¡neas Argentinas;Cabotaje;;15382;15382
2025-09;AEP - JUJ;American Jet;Cabotaje;;17;17
2025-09;AEP - JUJ;Flybondi;Cabotaje;;11045;11045
2025-09;AEP - JUJ;(en blanco);Cabotaje;18;7;25
2025-09;AEP - LCP;(en blanco);Cabotaje;15;;15
2025-09;AEP - LIM;Aerol¡neas Argentinas;Internacional;;8006;8006
2025-09;AEP - LIM;JetSMART Airlines;Internacional;;8902;8902
2025-09;AEP - LIM;LATAM Per£;Internacional;;15955;15955
2025-09;AEP - LIM;N/A;Internacional;9;;9
2025-09;AEP - LIM;Sky Airline;Internacional;;6937;6937
2025-09;AEP - LIM;(en blanco);Internacional;;9;9
2025-09;AEP - LMMM;N/A;Internacional;6;5;11
2025-09;AEP - LUQ;Aerol¡neas Argentinas;Cabotaje;;4984;4984
2025-09;AEP - LUQ;N/A;Cabotaje;;8;8
2025-09;AEP - LUQ;(en blanco);Cabotaje;4;3;7
2025-09;AEP - MAD;N/A;Internacional;5;;5
2025-09;AEP - MCZ;N/A;Internacional;;6;6
2025-09;AEP - MDQ;Aerol¡neas Argentinas;Cabotaje;;17801;17801
2025-09;AEP - MDQ;JetSMART Airlines;Cabotaje;;84;84
2025-09;AEP - MDQ;LADE - L¡neas A‚reas Del Estado;Cabotaje;34;37;71
2025-09;AEP - MDQ;N/A;Cabotaje;;8;8
2025-09;AEP - MDQ;(en blanco);Cabotaje;131;28;159
2025-09;AEP - MDZ;Aerol¡neas Argentinas;Cabotaje;;49388;49388
2025-09;AEP - MDZ;Flybondi;Cabotaje;;15102;15102
2025-09;AEP - MDZ;JetSMART Airlines;Cabotaje;;40176;40176
2025-09;AEP - MDZ;N/A;Cabotaje;;17;17
2025-09;AEP - MDZ;(en blanco);Cabotaje;40;57;97
2025-09;AEP - MVD;Aerol¡neas Argentinas;Internacional;;14918;14918
2025-09;AEP - MVD;Fuerza A‚rea Uruguaya;Internacional;59;;59
2025-09;AEP - MVD;N/A;Internacional;8;162;170
2025-09;AEP - MVD;(en blanco);Internacional;;1;1
2025-09;AEP - NQN;Aerol¡neas Argentinas;Cabotaje;;38455;38455
2025-09;AEP - NQN;Flybondi;Cabotaje;;9566;9566
2025-09;AEP - NQN;JetSMART Airlines;Cabotaje;;28809;28809
2025-09;AEP - NQN;N/A;Cabotaje;1;46;47
2025-09;AEP - NQN;(en blanco);Cabotaje;3;6;9
2025-09;AEP - OPF;N/A;Internacional;10;3;13
2025-09;AEP - OYA;(en blanco);Cabotaje;1;2;3
2025-09;AEP - PDI;(en blanco);Cabotaje;1;;1
2025-09;AEP - PDP;Aerol¡neas Argentinas;Internacional;;2918;2918
2025-09;AEP - PDP;Benair;Internacional;2;7;9
2025-09;AEP - PDP;N/A;Internacional;1;78;79
2025-09;AEP - PDP;(en blanco);Internacional;15;4;19
2025-09;AEP - PEH;(en blanco);Cabotaje;6;;6
2025-09;AEP - PMC;N/A;Internacional;;20;20
2025-09;AEP - PMQ;American Jet;Cabotaje;;182;182
2025-09;AEP - PMY;Aerol¡neas Argentinas;Cabotaje;;13116;13116
2025-09;AEP - PMY;Flybondi;Cabotaje;;5742;5742
2025-09;AEP - PMY;JetSMART Airlines;Cabotaje;;75;75
2025-09;AEP - PMY;(en blanco);Cabotaje;6;2;8
2025-09;AEP - POA;Aerol¡neas Argentinas;Internacional;;4547;4547
2025-09;AEP - POA;Gol Transportes A‚reos;Internacional;;2222;2222
2025-09;AEP - POA;N/A;Internacional;10;11;21
2025-09;AEP - POA;TAM Linhas A‚reas;Internacional;;3033;3033
2025-09;AEP - PRA;Aerol¡neas Argentinas;Cabotaje;;3417;3417
2025-09;AEP - PRA;N/A;Cabotaje;;48;48
2025-09;AEP - PRA;(en blanco);Cabotaje;2;2;4
2025-09;AEP - PSS;Aerol¡neas Argentinas;Cabotaje;;14576;14576
2025-09;AEP - PSS;Flybondi;Cabotaje;;11964;11964
2025-09;AEP - PSS;N/A;Cabotaje;;4;4
2025-09;AEP - PSS;(en blanco);Cabotaje;14;22;36
2025-09;AEP - RAF;(en blanco);Cabotaje;;3;3
2025-09;AEP - RCQ;(en blanco);Cabotaje;28;;28
2025-09;AEP - RCU;Fuerza A‚rea Argentina;Cabotaje;15;;15
2025-09;AEP - RCU;(en blanco);Cabotaje;49;2;51
2025-09;AEP - REC;Gol Transportes A‚reos;Internacional;;2202;2202
2025-09;AEP - REC;JetSMART Airlines;Internacional;;120;120
2025-09;AEP - REL;Aerol¡neas Argentinas;Cabotaje;;16476;16476
2025-09;AEP - REL;Flybondi;Cabotaje;;62;62
2025-09;AEP - REL;JetSMART Airlines;Cabotaje;;7739;7739
2025-09;AEP - REL;N/A;Cabotaje;;1;1
2025-09;AEP - REL;(en blanco);Cabotaje;7;3;10
2025-09;AEP - RES;Aerol¡neas Argentinas;Cabotaje;;12448;12448
2025-09;AEP - RES;Flybondi;Cabotaje;;81;81
2025-09;AEP - RES;JetSMART Airlines;Cabotaje;;6338;6338
2025-09;AEP - RES;N/A;Cabotaje;;2;2
2025-09;AEP - RES;(en blanco);Cabotaje;10;6;16
2025-09;AEP - RGA;Aerol¡neas Argentinas;Cabotaje;;12019;12019
2025-09;AEP - RGL;Aerol¡neas Argentinas;Cabotaje;;288;288
2025-09;AEP - RHD;Aerol¡neas Argentinas;Cabotaje;;1259;1259
2025-09;AEP - RHD;(en blanco);Cabotaje;2;3;5
2025-09;AEP - RLO;Aerol¡neas Argentinas;Cabotaje;;1205;1205
2025-09;AEP - ROS;Aerol¡neas Argentinas;Cabotaje;;7052;7052
2025-09;AEP - ROS;N/A;Cabotaje;;15;15
2025-09;AEP - ROS;(en blanco);Cabotaje;22;11;33
2025-09;AEP - RSA;Aerol¡neas Argentinas;Cabotaje;;3592;3592
2025-09;AEP - RSA;N/A;Cabotaje;;1;1
2025-09;AEP - RSA;(en blanco);Cabotaje;23;;23
2025-09;AEP - SA40;(en blanco);Cabotaje;5;;5
2025-09;AEP - SCL;Aerol¡neas Argentinas;Internacional;;24016;24016
2025-09;AEP - SCL;JetSMART Airlines;Internacional;;17031;17031
2025-09;AEP - SCL;LATAM;Internacional;;35355;35355
2025-09;AEP - SCL;Sky Airline;Internacional;;14858;14858
2025-09;AEP - SDE;Aerol¡neas Argentinas;Cabotaje;;9370;9370
2025-09;AEP - SDE;Flybondi;Cabotaje;;8311;8311
2025-09;AEP - SDE;JetSMART Airlines;Cabotaje;;118;118
2025-09;AEP - SDE;(en blanco);Cabotaje;11;4;15
2025-09;AEP - SFN;Aerol¡neas Argentinas;Cabotaje;;8348;8348
2025-09;AEP - SFN;JetSMART Airlines;Cabotaje;;79;79
2025-09;AEP - SFN;N/A;Cabotaje;7;21;28
2025-09;AEP - SFN;(en blanco);Cabotaje;5;9;14
2025-09;AEP - SLA;Aerol¡neas Argentinas;Cabotaje;;31324;31324
2025-09;AEP - SLA;Flybondi;Cabotaje;;10607;10607
2025-09;AEP - SLA;JetSMART Airlines;Cabotaje;;21190;21190
2025-09;AEP - SLA;(en blanco);Cabotaje;10;8;18
2025-09;AEP - SSA;Aerol¡neas Argentinas;Internacional;;5329;5329
2025-09;AEP - SSA;Gol Transportes A‚reos;Internacional;;3606;3606
2025-09;AEP - SUAA;N/A;Internacional;;2;2
2025-09;AEP - TDL;N/A;Cabotaje;;2;2
2025-09;AEP - TEB;Air Alsie;Internacional;3;;3
2025-09;AEP - TFS;N/A;Internacional;;7;7
2025-09;AEP - TTG;(en blanco);Cabotaje;15;;15
2025-09;AEP - TUC;Aerol¡neas Argentinas;Cabotaje;;25086;25086
2025-09;AEP - TUC;Flybondi;Cabotaje;;11505;11505
2025-09;AEP - TUC;JetSMART Airlines;Cabotaje;;12099;12099
2025-09;AEP - TUC;N/A;Cabotaje;5;12;17
2025-09;AEP - TUC;(en blanco);Cabotaje;7;12;19
2025-09;AEP - UAQ;Aerol¡neas Argentinas;Cabotaje;;10155;10155
2025-09;AEP - UAQ;Flybondi;Cabotaje;;4943;4943
2025-09;AEP - UAQ;N/A;Cabotaje;6;4;10
2025-09;AEP - UAQ;(en blanco);Cabotaje;7;;7
2025-09;AEP - USH;Aerol¡neas Argentinas;Cabotaje;;38832;38832
2025-09;AEP - USH;Flybondi;Cabotaje;;2655;2655
2025-09;AEP - USH;Fuerza A‚rea Argentina;Cabotaje;78;;78
2025-09;AEP - USH;JetSMART Airlines;Cabotaje;;3046;3046
2025-09;AEP - USH;(en blanco);Cabotaje;84;;84
2025-09;AEP - VDM;Aerol¡neas Argentinas;Cabotaje;;2790;2790
2025-09;AEP - VME;N/A;Cabotaje;;8;8
2025-09;AEP - VVI;Aerol¡neas Argentinas;Internacional;;1330;1330
2025-09;AFA - LGS;(en blanco);Cabotaje;2;;2
2025-09;AFA - LUQ;(en blanco);Cabotaje;2;;2
2025-09;AFA - RCU;(en blanco);Cabotaje;1;;1
2025-09;AFA - RSA;(en blanco);Cabotaje;1;;1
2025-09;AGP - FDO;N/A;Internacional;3;;3
2025-09;AGT - EZE;(en blanco);Internacional;;4;4
2025-09;AGT - FDO;(en blanco);Internacional;12;;12
2025-09;AGT - TUC;(en blanco);Internacional;5;;5
2025-09;AKL - EZE;N/A;Internacional;3;;3
2025-09;AMS - EZE;KLM;Internacional;;14281;14281
2025-09;APZ - BRC;(en blanco);Cabotaje;13;;13
2025-09;APZ - NQN;Ej‚rcito Argentino;Cabotaje;5;;5
2025-09;APZ - NQN;(en blanco);Cabotaje;2;;2
2025-09;AR-0005 - FDO;(en blanco);Cabotaje;1;;1
2025-09;AR-0005 - MDQ;N/A;Cabotaje;;1;1
2025-09;AR-0008 - BRC;Andes L¡neas A‚reas;Cabotaje;;181;181
2025-09;AR-0008 - CNQ;(en blanco);Cabotaje;1;;1
2025-09;AR-0008 - IGR;(en blanco);Cabotaje;;1;1
2025-09;AR-0009 - CNQ;(en blanco);Cabotaje;2;;2
2025-09;AR-0009 - COR;(en blanco);Cabotaje;;2;2
2025-09;AR-0009 - FDO;(en blanco);Cabotaje;1;3;4
2025-09;AR-0009 - PSS;(en blanco);Cabotaje;2;;2
2025-09;AR-0009 - RES;N/A;Cabotaje;2;;2
2025-09;AR-0009 - RES;(en blanco);Cabotaje;;1;1
2025-09;AR-0009 - SDE;(en blanco);Cabotaje;1;;1
2025-09;AR-0009 - SFN;(en blanco);Cabotaje;2;;2
2025-09;AR-0010 - FDO;(en blanco);Cabotaje;2;;2
2025-09;AR-0013 - TUC;(en blanco);Cabotaje;4;;4
2025-09;AR-0014 - FDO;(en blanco);Cabotaje;3;;3
2025-09;AR-0019 - EQS;(en blanco);Cabotaje;1;;1
2025-09;AR-0019 - NQN;(en blanco);Cabotaje;2;;2
2025-09;AR-0019 - PMY;(en blanco);Cabotaje;;1;1
2025-09;AR-0019 - REL;(en blanco);Cabotaje;7;;7
2025-09;AR-0019 - RSA;(en blanco);Cabotaje;1;;1
2025-09;AR-0023 - FDO;(en blanco);Cabotaje;2;;2
2025-09;AR-0023 - VDM;(en blanco);Cabotaje;;1;1
2025-09;AR-0028 - BHI;(en blanco);Cabotaje;1;;1
2025-09;AR-0035 - RSA;(en blanco);Cabotaje;2;;2
2025-09;AR-0036 - FDO;(en blanco);Cabotaje;2;;2
2025-09;AR-0036 - PRA;(en blanco);Cabotaje;3;;3
2025-09;AR-0036 - SDE;(en blanco);Cabotaje;1;;1
2025-09;AR-0036 - SLA;(en blanco);Cabotaje;1;;1
2025-09;AR-0038 - FDO;(en blanco);Cabotaje;5;;5
2025-09;AR-0038 - RSA;(en blanco);Cabotaje;3;;3
2025-09;AR-0040 - FDO;(en blanco);Cabotaje;1;;1
2025-09;AR-0041 - FDO;(en blanco);Cabotaje;1;;1
2025-09;AR-0049 - EZE;(en blanco);Cabotaje;3;;3
2025-09;AR-0052 - CNQ;(en blanco);Cabotaje;1;;1
2025-09;AR-0052 - COR;(en blanco);Cabotaje;1;;1
2025-09;AR-0052 - FDO;(en blanco);Cabotaje;1;;1
2025-09;AR-0053 - FDO;(en blanco);Cabotaje;1;;1
2025-09;AR-0061 - FDO;(en blanco);Cabotaje;;2;2
2025-09;AR-0062 - FDO;(en blanco);Cabotaje;1;;1
2025-09;AR-0069 - EZE;(en blanco);Cabotaje;1;3;4
2025-09;AR-0077 - FDO;(en blanco);Cabotaje;2;1;3
2025-09;AR-0077 - RCU;(en blanco);Cabotaje;1;;1
2025-09;AR-0077 - VME;(en blanco);Cabotaje;;2;2
2025-09;AR-0079 - FDO;(en blanco);Cabotaje;1;;1
2025-09;AR-0080 - FDO;(en blanco);Cabotaje;1;;1
2025-09;AR-0083 - FDO;(en blanco);Cabotaje;4;1;5
2025-09;AR-0085 - FDO;(en blanco);Cabotaje;1;;1
2025-09;AR-0101 - FDO;(en blanco);Cabotaje;1;;1
2025-09;AR-0108 - PSS;(en blanco);Cabotaje;2;;2
2025-09;AR-0119 - IGR;N/A;Cabotaje;;2;2
2025-09;AR-0121 - FDO;(en blanco);Cabotaje;2;;2
2025-09;AR-0138 - EZE;(en blanco);Cabotaje;;1;1
2025-09;AR-0141 - ROS;(en blanco);Cabotaje;1;;1
2025-09;AR-0141 - SFN;(en blanco);Cabotaje;1;;1
2025-09;AR-0142 - COR;(en blanco);Cabotaje;3;;3
2025-09;AR-0143 - FDO;(en blanco);Cabotaje;1;;1
2025-09;AR-0159 - SLA;(en blanco);Cabotaje;2;;2
2025-09;AR-0165 - COC;(en blanco);Cabotaje;2;;2
2025-09;AR-0165 - FDO;(en blanco);Cabotaje;1;;1
2025-09;AR-0166 - LGS;(en blanco);Cabotaje;3;;3
2025-09;AR-0168 - FDO;(en blanco);Cabotaje;3;2;5
2025-09;AR-0168 - ROS;(en blanco);Cabotaje;2;;2
2025-09;AR-0172 - FDO;(en blanco);Cabotaje;2;;2
2025-09;AR-0175 - EPA;(en blanco);Cabotaje;4;4;8
2025-09;AR-0175 - FDO;(en blanco);Cabotaje;;1;1
2025-09;AR-0175 - ROS;(en blanco);Cabotaje;1;;1
2025-09;AR-0176 - FDO;(en blanco);Cabotaje;3;;3
2025-09;AR-0180 - FDO;(en blanco);Cabotaje;2;;2
2025-09;AR-0197 - MDQ;(en blanco);Cabotaje;1;;1
2025-09;AR-0199 - COR;(en blanco);Cabotaje;2;;2
2025-09;AR-0199 - FDO;(en blanco);Cabotaje;3;;3
2025-09;AR-0209 - FDO;(en blanco);Cabotaje;5;;5
2025-09;AR-0211 - COR;(en blanco);Cabotaje;2;;2
2025-09;AR-0211 - EZE;(en blanco);Cabotaje;;7;7
2025-09;AR-0211 - FDO;(en blanco);Cabotaje;1;;1
2025-09;AR-0211 - IRJ;(en blanco);Cabotaje;2;;2
2025-09;AR-0211 - RES;(en blanco);Cabotaje;1;;1
2025-09;AR-0211 - RLO;(en blanco);Cabotaje;2;;2
2025-09;AR-0211 - SDE;(en blanco);Cabotaje;;2;2
2025-09;AR-0211 - SFN;(en blanco);Cabotaje;;1;1
2025-09;AR-0211 - TUC;(en blanco);Cabotaje;;1;1
2025-09;AR-0216 - COR;(en blanco);Cabotaje;1;;1
2025-09;AR-0218 - COR;N/A;Cabotaje;3;;3
2025-09;AR-0218 - FDO;(en blanco);Cabotaje;;5;5
2025-09;AR-0232 - FDO;(en blanco);Cabotaje;;1;1
2025-09;AR-0238 - NQN;(en blanco);Cabotaje;2;;2
2025-09;AR-0240 - FDO;(en blanco);Cabotaje;1;1;2
2025-09;AR-0248 - COR;(en blanco);Cabotaje;1;;1
2025-09;AR-0252 - FDO;(en blanco);Cabotaje;4;;4
2025-09;AR-0252 - PRA;(en blanco);Cabotaje;2;;2
2025-09;AR-0252 - SFN;(en blanco);Cabotaje;2;;2
2025-09;AR-0257 - FDO;N/A;Cabotaje;2;2;4
2025-09;AR-0262 - RSA;(en blanco);Cabotaje;1;;1
2025-09;AR-0263 - FDO;(en blanco);Cabotaje;1;;1
2025-09;AR-0273 - SLA;(en blanco);Cabotaje;5;1;6
2025-09;AR-0285 - FDO;N/A;Cabotaje;5;;5
2025-09;AR-0289 - FDO;(en blanco);Cabotaje;;1;1
2025-09;AR-0289 - ROS;(en blanco);Cabotaje;1;;1
2025-09;AR-0296 - FDO;(en blanco);Cabotaje;2;1;3
2025-09;AR-0305 - FDO;(en blanco);Cabotaje;;2;2
2025-09;AR-0305 - ROS;(en blanco);Cabotaje;2;;2
2025-09;AR-0310 - CPC;(en blanco);Cabotaje;1;;1
2025-09;AR-0313 - FDO;(en blanco);Cabotaje;6;;6
2025-09;AR-0314 - FDO;(en blanco);Cabotaje;1;1;2
2025-09;AR-0314 - SLA;(en blanco);Cabotaje;1;;1
2025-09;AR-0316 - FDO;N/A;Cabotaje;;1;1
2025-09;AR-0316 - FTE;(en blanco);Cabotaje;;2;2
2025-09;AR-0321 - RES;(en blanco);Cabotaje;1;;1
2025-09;AR-0328 - FDO;(en blanco);Cabotaje;2;;2
2025-09;AR-0343 - EZE;(en blanco);Cabotaje;;1;1
2025-09;AR-0343 - FDO;(en blanco);Cabotaje;5;;5
2025-09;AR-0345 - FDO;(en blanco);Cabotaje;4;2;6
2025-09;AR-0350 - PRA;(en blanco);Cabotaje;1;;1
2025-09;AR-0354 - MDQ;(en blanco);Cabotaje;1;;1
2025-09;AR-0369 - NQN;American Jet;Cabotaje;;319;319
2025-09;AR-0370 - CNQ;(en blanco);Cabotaje;;2;2
2025-09;AR-0370 - COR;(en blanco);Cabotaje;2;;2
2025-09;AR-0370 - CTC;(en blanco);Cabotaje;2;;2
2025-09;AR-0370 - MDZ;(en blanco);Cabotaje;3;3;6
2025-09;AR-0370 - SDE;(en blanco);Cabotaje;1;;1
2025-09;AR-0370 - SFN;N/A;Cabotaje;1;;1
2025-09;AR-0370 - SLA;(en blanco);Cabotaje;1;1;2
2025-09;AR-0370 - TUC;(en blanco);Cabotaje;5;;5
2025-09;AR-0383 - COR;(en blanco);Cabotaje;1;;1
2025-09;AR-0383 - FDO;(en blanco);Cabotaje;3;;3
2025-09;AR-0394 - TUC;(en blanco);Cabotaje;1;;1
2025-09;AR-0395 - MDQ;(en blanco);Cabotaje;3;;3
2025-09;AR-0396 - SDE;(en blanco);Cabotaje;6;;6
2025-09;AR-0397 - ROS;(en blanco);Cabotaje;1;;1
2025-09;AR-0424 - RHD;(en blanco);Cabotaje;;5;5
2025-09;AR-0424 - SLA;N/A;Cabotaje;3;;3
2025-09;AR-0424 - SLA;(en blanco);Cabotaje;44;4;48
2025-09;AR-0434 - COR;(en blanco);Cabotaje;1;;1
2025-09;AR-0441 - BHI;(en blanco);Cabotaje;1;;1
2025-09;AR-0441 - FDO;(en blanco);Cabotaje;3;3;6
2025-09;AR-0446 - COR;(en blanco);Cabotaje;2;;2
2025-09;ARR - CRD;(en blanco);Cabotaje;2;;2
2025-09;ARR - REL;(en blanco);Cabotaje;2;;2
2025-09;ASU - CNQ;N/A;Internacional;10;;10
2025-09;ASU - CNQ;(en blanco);Internacional;9;3;12
2025-09;ASU - COR;Amaszonas;Internacional;;924;924
2025-09;ASU - COR;N/A;Internacional;6;;6
2025-09;ASU - COR;(en blanco);Internacional;;5;5
2025-09;ASU - EZE;Aerol¡neas Argentinas;Internacional;;177;177
2025-09;ASU - EZE;Arajet;Internacional;;185;185
2025-09;ASU - EZE;LATAM Cargo Uruguay;Internacional;;148;148
2025-09;ASU - EZE;LATAM Ecuador;Internacional;;65;65
2025-09;ASU - EZE;N/A;Internacional;;3;3
2025-09;ASU - FDO;N/A;Internacional;17;7;24
2025-09;ASU - FDO;(en blanco);Internacional;39;14;53
2025-09;ASU - IGR;N/A;Internacional;;2;2
2025-09;ASU - JUJ;Amaszonas;Internacional;;297;297
2025-09;ASU - PSS;N/A;Internacional;5;;5
2025-09;ASU - ROS;N/A;Internacional;8;;8
2025-09;ASU - SLA;Amaszonas;Internacional;;525;525
2025-09;ASU - SLA;(en blanco);Internacional;3;;3
2025-09;ATL - EZE;Delta Air Lines;Internacional;;13684;13684
2025-09;ATL - EZE;N/A;Internacional;3;;3
2025-09;BAQ - MDZ;(en blanco);Internacional;;4;4
2025-09;BCN - EZE;Iberia Airlines;Internacional;;16308;16308
2025-09;BCN - EZE;(en blanco);Internacional;7;;7
2025-09;BHI - BHI;(en blanco);Cabotaje;48;;48
2025-09;BHI - BRC;LADE - L¡neas A‚reas Del Estado;Cabotaje;133;162;295
2025-09;BHI - COR;(en blanco);Cabotaje;3;1;4
2025-09;BHI - CRD;Fuerza A‚rea Argentina;Cabotaje;17;;17
2025-09;BHI - CRD;LADE - L¡neas A‚reas Del Estado;Cabotaje;36;54;90
2025-09;BHI - CRD;N/A;Cabotaje;;1;1
2025-09;BHI - EZE;Aerol¡neas Argentinas;Cabotaje;;1179;1179
2025-09;BHI - EZE;N/A;Cabotaje;4;7;11
2025-09;BHI - EZE;(en blanco);Cabotaje;;3;3
2025-09;BHI - FDO;N/A;Cabotaje;9;2;11
2025-09;BHI - FDO;(en blanco);Cabotaje;8;15;23
2025-09;BHI - LPG;(en blanco);Cabotaje;5;2;7
2025-09;BHI - MDQ;LADE - L¡neas A‚reas Del Estado;Cabotaje;206;74;280
2025-09;BHI - MDQ;N/A;Cabotaje;4;2;6
2025-09;BHI - MDQ;(en blanco);Cabotaje;5;1;6
2025-09;BHI - MDZ;N/A;Cabotaje;3;;3
2025-09;BHI - MDZ;(en blanco);Cabotaje;;4;4
2025-09;BHI - MVD;N/A;Internacional;;5;5
2025-09;BHI - MVD;(en blanco);Internacional;;3;3
2025-09;BHI - NQN;(en blanco);Cabotaje;;19;19
2025-09;BHI - PDI;Ej‚rcito Argentino;Cabotaje;4;;4
2025-09;BHI - PMY;(en blanco);Cabotaje;5;;5
2025-09;BHI - PRA;(en blanco);Cabotaje;4;;4
2025-09;BHI - RSA;Fuerza A‚rea Argentina;Cabotaje;17;;17
2025-09;BHI - RSA;(en blanco);Cabotaje;17;;17
2025-09;BHI - USH;Fuerza A‚rea Argentina;Cabotaje;27;;27
2025-09;BHI - VDM;(en blanco);Cabotaje;2;;2
2025-09;BOG - COR;Avianca;Internacional;;3038;3038
2025-09;BOG - EZE;Avianca;Internacional;;32266;32266
2025-09;BPS - EZE;Aerol¡neas Argentinas;Internacional;;6078;6078
2025-09;BPS - EZE;Gol Transportes A‚reos;Internacional;;1136;1136
2025-09;BRC - BRC;Fuerza A‚rea Argentina;Cabotaje;33;;33
2025-09;BRC - COR;Aerol¡neas Argentinas;Cabotaje;;4627;4627
2025-09;BRC - COR;Flybondi;Cabotaje;;3686;3686
2025-09;BRC - COR;(en blanco);Cabotaje;1;1;2
2025-09;BRC - CPC;(en blanco);Cabotaje;1;1;2
2025-09;BRC - CRD;(en blanco);Cabotaje;2;;2
2025-09;BRC - CTC;Andes L¡neas A‚reas;Cabotaje;;184;184
2025-09;BRC - CTC;(en blanco);Cabotaje;2;1;3
2025-09;BRC - EPA;Andes L¡neas A‚reas;Cabotaje;;91;91
2025-09;BRC - EQS;(en blanco);Cabotaje;5;4;9
2025-09;BRC - EZE;Aerol¡neas Argentinas;Cabotaje;;21441;21441
2025-09;BRC - EZE;Andes L¡neas A‚reas;Cabotaje;;32933;32933
2025-09;BRC - EZE;Flybondi;Cabotaje;;11952;11952
2025-09;BRC - EZE;JetSMART Airlines;Cabotaje;;23304;23304
2025-09;BRC - EZE;N/A;Cabotaje;1;1;2
2025-09;BRC - FDO;N/A;Cabotaje;3;8;11
2025-09;BRC - FDO;(en blanco);Cabotaje;31;34;65
2025-09;BRC - FTE;Aerol¡neas Argentinas;Cabotaje;;2840;2840
2025-09;BRC - FTE;(en blanco);Cabotaje;64;;64
2025-09;BRC - LCP;(en blanco);Cabotaje;2;;2
2025-09;BRC - LIM;N/A;Internacional;2;;2
2025-09;BRC - LPG;(en blanco);Cabotaje;1;;1
2025-09;BRC - MDQ;Andes L¡neas A‚reas;Cabotaje;;724;724
2025-09;BRC - MDZ;Aerol¡neas Argentinas;Cabotaje;;3136;3136
2025-09;BRC - MDZ;JetSMART Airlines;Cabotaje;;2081;2081
2025-09;BRC - MVD;Aerol¡neas Argentinas;Internacional;;607;607
2025-09;BRC - MVD;JetSMART Airlines;Internacional;;370;370
2025-09;BRC - MVD;N/A;Internacional;;10;10
2025-09;BRC - NQN;Ej‚rcito Argentino;Cabotaje;1;;1
2025-09;BRC - NQN;Fuerza A‚rea Argentina;Cabotaje;1;;1
2025-09;BRC - NQN;N/A;Cabotaje;;3;3
2025-09;BRC - NQN;(en blanco);Cabotaje;1;7;8
2025-09;BRC - PFN;Chief of Staff,ÿUnited States Air Force;Internacional;19;;19
2025-09;BRC - PMQ;N/A;Cabotaje;;3;3
2025-09;BRC - PRA;Andes L¡neas A‚reas;Cabotaje;;360;360
2025-09;BRC - PSS;(en blanco);Cabotaje;3;1;4
2025-09;BRC - RES;Andes L¡neas A‚reas;Cabotaje;;1086;1086
2025-09;BRC - ROS;Aerol¡neas Argentinas;Cabotaje;;2225;2225
2025-09;BRC - ROS;Andes L¡neas A‚reas;Cabotaje;;183;183
2025-09;BRC - RSA;N/A;Cabotaje;3;;3
2025-09;BRC - RSA;(en blanco);Cabotaje;3;2;5
2025-09;BRC - SA40;(en blanco);Cabotaje;1;;1
2025-09;BRC - SCL;Sky Airline;Internacional;;2886;2886
2025-09;BRC - SFN;Andes L¡neas A‚reas;Cabotaje;;1462;1462
2025-09;BRC - SLA;Andes L¡neas A‚reas;Cabotaje;;1835;1835
2025-09;BRC - SLA;(en blanco);Cabotaje;4;5;9
2025-09;BRC - TUC;Andes L¡neas A‚reas;Cabotaje;;520;520
2025-09;BRC - TUC;(en blanco);Cabotaje;6;;6
2025-09;BRC - UAQ;Andes L¡neas A‚reas;Cabotaje;;185;185
2025-09;BRC - USH;(en blanco);Cabotaje;3;3;6
2025-09;BSB - EZE;Gol Transportes A‚reos;Internacional;;3528;3528
2025-09;BSB - EZE;N/A;Internacional;10;;10
2025-09;CCP - EZE;(en blanco);Internacional;;6;6
2025-09;CDG - EZE;Air France;Internacional;;15784;15784
2025-09;CGB - EZE;N/A;Internacional;;84;84
2025-09;CGH - EZE;Aerol¡neas Argentinas;Internacional;;182;182
2025-09;CNF - EZE;N/A;Internacional;;10;10
2025-09;CNQ - COR;(en blanco);Cabotaje;11;8;19
2025-09;CNQ - EPA;(en blanco);Cabotaje;1;;1
2025-09;CNQ - EZE;Aerol¡neas Argentinas;Cabotaje;;37;37
2025-09;CNQ - EZE;Flybondi;Cabotaje;;163;163
2025-09;CNQ - FDO;N/A;Cabotaje;7;;7
2025-09;CNQ - FDO;(en blanco);Cabotaje;28;1;29
2025-09;CNQ - FMA;(en blanco);Cabotaje;5;;5
2025-09;CNQ - IGU;N/A;Internacional;43;;43
2025-09;CNQ - LPG;(en blanco);Cabotaje;4;;4
2025-09;CNQ - MDX;(en blanco);Cabotaje;4;;4
2025-09;CNQ - MDZ;(en blanco);Cabotaje;4;4;8
2025-09;CNQ - NQN;N/A;Cabotaje;3;5;8
2025-09;CNQ - OYA;(en blanco);Cabotaje;4;;4
2025-09;CNQ - RCU;(en blanco);Cabotaje;3;;3
2025-09;CNQ - RES;(en blanco);Cabotaje;;3;3
2025-09;CNQ - SAOM;(en blanco);Cabotaje;2;;2
2025-09;CNQ - SFN;(en blanco);Cabotaje;8;;8
2025-09;CNQ - TUC;(en blanco);Cabotaje;3;;3
2025-09;COC - COR;(en blanco);Cabotaje;1;7;8
2025-09;COC - FDO;(en blanco);Cabotaje;;3;3
2025-09;COC - FMA;(en blanco);Cabotaje;;1;1
2025-09;COR - COR;Aerol¡neas Argentinas;Cabotaje;;85;85
2025-09;COR - COR;N/A;Cabotaje;3;;3
2025-09;COR - COR;(en blanco);Cabotaje;10;1;11
2025-09;COR - CRD;Aerol¡neas Argentinas;Cabotaje;;2657;2657
2025-09;COR - CRD;Fuerza A‚rea Argentina;Cabotaje;32;;32
2025-09;COR - CRD;(en blanco);Cabotaje;5;;5
2025-09;COR - CTC;N/A;Cabotaje;1;1;2
2025-09;COR - CTC;(en blanco);Cabotaje;4;2;6
2025-09;COR - CYR;(en blanco);Internacional;1;;1
2025-09;COR - DAL;N/A;Internacional;28;;28
2025-09;COR - EPA;Fuerza A‚rea Argentina;Cabotaje;22;;22
2025-09;COR - EQS;Aerol¡neas Argentinas;Cabotaje;;72;72
2025-09;COR - EZE;Aerol¡neas Argentinas;Cabotaje;;10107;10107
2025-09;COR - EZE;American Jet;Cabotaje;;39;39
2025-09;COR - EZE;Copa Airlines;Cabotaje;;77;77
2025-09;COR - EZE;Flybondi;Cabotaje;;1134;1134
2025-09;COR - EZE;JetSMART Airlines;Cabotaje;;531;531
2025-09;COR - EZE;N/A;Cabotaje;3;76;79
2025-09;COR - EZE;(en blanco);Cabotaje;14;9;23
2025-09;COR - FDO;Aerol¡neas Argentinas;Cabotaje;;37;37
2025-09;COR - FDO;American Jet;Cabotaje;10;17;27
2025-09;COR - FDO;N/A;Cabotaje;1;;1
2025-09;COR - FDO;(en blanco);Cabotaje;74;23;97
2025-09;COR - GIG;Aerol¡neas Argentinas;Internacional;;2038;2038
2025-09;COR - GIG;Gol Transportes A‚reos;Internacional;;9026;9026
2025-09;COR - GIG;(en blanco);Internacional;1;;1
2025-09;COR - GPO;(en blanco);Cabotaje;1;1;2
2025-09;COR - GRU;Gol Transportes A‚reos;Internacional;;3491;3491
2025-09;COR - GYE;N/A;Internacional;5;;5
2025-09;COR - IGR;Aerol¡neas Argentinas;Cabotaje;;3699;3699
2025-09;COR - IGU;(en blanco);Internacional;5;;5
2025-09;COR - IRJ;N/A;Cabotaje;4;2;6
2025-09;COR - JNI;(en blanco);Cabotaje;1;;1
2025-09;COR - JUJ;Aerol¡neas Argentinas;Cabotaje;;2898;2898
2025-09;COR - JUJ;N/A;Cabotaje;6;;6
2025-09;COR - JUJ;(en blanco);Cabotaje;2;1;3
2025-09;COR - LIM;LATAM Per£;Internacional;;12127;12127
2025-09;COR - LUQ;(en blanco);Cabotaje;4;5;9
2025-09;COR - MAD;Air Europa;Internacional;;10838;10838
2025-09;COR - MDQ;Aerol¡neas Argentinas;Cabotaje;;62;62
2025-09;COR - MDZ;Aerol¡neas Argentinas;Cabotaje;;7058;7058
2025-09;COR - MDZ;American Jet;Cabotaje;;28;28
2025-09;COR - MDZ;JetSMART Airlines;Cabotaje;;276;276
2025-09;COR - MDZ;N/A;Cabotaje;;5;5
2025-09;COR - MDZ;(en blanco);Cabotaje;18;5;23
2025-09;COR - MVD;Fuerza A‚rea Uruguaya;Internacional;6;;6
2025-09;COR - NCJ;(en blanco);Cabotaje;;3;3
2025-09;COR - NQN;Aerol¡neas Argentinas;Cabotaje;;7418;7418
2025-09;COR - NQN;Flybondi;Cabotaje;;4888;4888
2025-09;COR - NQN;(en blanco);Cabotaje;;1;1
2025-09;COR - PDP;Aerol¡neas Argentinas;Internacional;;146;146
2025-09;COR - PIO;N/A;Internacional;16;;16
2025-09;COR - PMY;N/A;Cabotaje;4;11;15
2025-09;COR - POA;(en blanco);Internacional;;2;2
2025-09;COR - PSS;Aerol¡neas Argentinas;Cabotaje;;1378;1378
2025-09;COR - PTY;Copa Airlines;Internacional;;18169;18169
2025-09;COR - PTY;N/A;Internacional;;3711;3711
2025-09;COR - PUJ;Aerol¡neas Argentinas;Internacional;;1613;1613
2025-09;COR - RCQ;Fuerza A‚rea Argentina;Cabotaje;1;;1
2025-09;COR - RCQ;(en blanco);Cabotaje;27;;27
2025-09;COR - RCU;(en blanco);Cabotaje;12;;12
2025-09;COR - REC;Gol Transportes A‚reos;Internacional;;1000;1000
2025-09;COR - RES;Aerol¡neas Argentinas;Cabotaje;;46;46
2025-09;COR - RES;N/A;Cabotaje;;4;4
2025-09;COR - RGA;Aerol¡neas Argentinas;Cabotaje;;4;4
2025-09;COR - ROS;(en blanco);Cabotaje;21;;21
2025-09;COR - SA02;(en blanco);Cabotaje;4;;4
2025-09;COR - SA40;(en blanco);Cabotaje;2;;2
2025-09;COR - SACD;N/A;Cabotaje;2;;2
2025-09;COR - SACD;(en blanco);Cabotaje;1;;1
2025-09;COR - SANI;(en blanco);Cabotaje;1;;1
2025-09;COR - SAOM;(en blanco);Cabotaje;7;;7
2025-09;COR - SCL;LATAM;Internacional;;10986;10986
2025-09;COR - SCL;N/A;Internacional;7;8;15
2025-09;COR - SCL;Sky Airline;Internacional;;2;2
2025-09;COR - SCL;(en blanco);Internacional;8;;8
2025-09;COR - SDE;Ej‚rcito Argentino;Cabotaje;1;;1
2025-09;COR - SDE;(en blanco);Cabotaje;51;;51
2025-09;COR - SFN;(en blanco);Cabotaje;2;1;3
2025-09;COR - SLA;Aerol¡neas Argentinas;Cabotaje;;6375;6375
2025-09;COR - SLA;Flybondi;Cabotaje;;3602;3602
2025-09;COR - SLA;(en blanco);Cabotaje;7;1;8
2025-09;COR - TUC;Aerol¡neas Argentinas;Cabotaje;;2914;2914
2025-09;COR - TUC;N/A;Cabotaje;1;;1
2025-09;COR - TUC;(en blanco);Cabotaje;38;6;44
2025-09;COR - UAQ;(en blanco);Cabotaje;16;;16
2025-09;COR - USH;Aerol¡neas Argentinas;Cabotaje;;2067;2067
2025-09;COR - VDR;(en blanco);Cabotaje;1;;1
2025-09;COR - VMA;N/A;Cabotaje;3;;3
2025-09;COR - VME;(en blanco);Cabotaje;2;8;10
2025-09;CPC - EQS;(en blanco);Cabotaje;5;;5
2025-09;CPC - EZE;Aerol¡neas Argentinas;Cabotaje;;307;307
2025-09;CPC - EZE;JetSMART Airlines;Cabotaje;;503;503
2025-09;CPC - GNR;(en blanco);Cabotaje;1;;1
2025-09;CPC - NQN;Ej‚rcito Argentino;Cabotaje;2;;2
2025-09;CPC - NQN;(en blanco);Cabotaje;2;;2
2025-09;CPC - RDS;(en blanco);Cabotaje;2;;2
2025-09;CPC - ROS;(en blanco);Cabotaje;2;2;4
2025-09;CPC - SLA;(en blanco);Cabotaje;;1;1
2025-09;CPC - VME;(en blanco);Cabotaje;;1;1
2025-09;CPT - EZE;N/A;Internacional;;5;5
2025-09;CRD - EPA;Fuerza A‚rea Argentina;Cabotaje;26;;26
2025-09;CRD - EQS;(en blanco);Cabotaje;2;;2
2025-09;CRD - EZE;Aerol¡neas Argentinas;Cabotaje;;2829;2829
2025-09;CRD - EZE;Flybondi;Cabotaje;;1860;1860
2025-09;CRD - EZE;JetSMART Airlines;Cabotaje;;160;160
2025-09;CRD - FDO;N/A;Cabotaje;;1;1
2025-09;CRD - FDO;(en blanco);Cabotaje;17;6;23
2025-09;CRD - FTE;LADE - L¡neas A‚reas Del Estado;Cabotaje;10;31;41
2025-09;CRD - FTE;(en blanco);Cabotaje;15;;15
2025-09;CRD - MDZ;(en blanco);Cabotaje;17;;17
2025-09;CRD - NQN;Aerol¡neas Argentinas;Cabotaje;;4548;4548
2025-09;CRD - NQN;(en blanco);Cabotaje;1;;1
2025-09;CRD - PMQ;LADE - L¡neas A‚reas Del Estado;Cabotaje;60;106;166
2025-09;CRD - REL;Fuerza A‚rea Argentina;Cabotaje;35;;35
2025-09;CRD - REL;(en blanco);Cabotaje;8;;8
2025-09;CRD - RGL;Fuerza A‚rea Argentina;Cabotaje;3;;3
2025-09;CRD - RZA;(en blanco);Cabotaje;7;;7
2025-09;CRD - USH;Fuerza A‚rea Argentina;Cabotaje;48;;48
2025-09;CRD - USH;LADE - L¡neas A‚reas Del Estado;Cabotaje;1;2;3
2025-09;CTC - EZE;N/A;Cabotaje;;10;10
2025-09;CTC - EZE;(en blanco);Cabotaje;;5;5
2025-09;CTC - FDO;(en blanco);Cabotaje;31;3;34
2025-09;CTC - IRJ;Aerol¡neas Argentinas;Cabotaje;;828;828
2025-09;CTC - IRJ;(en blanco);Cabotaje;5;;5
2025-09;CTC - JUJ;N/A;Cabotaje;;4;4
2025-09;CTC - JUJ;(en blanco);Cabotaje;8;;8
2025-09;CTC - SA05;(en blanco);Cabotaje;2;;2
2025-09;CTC - SANI;(en blanco);Cabotaje;17;;17
2025-09;CTC - SLA;N/A;Cabotaje;2;2;4
2025-09;CTC - SLA;(en blanco);Cabotaje;74;75;149
2025-09;CTC - TRU;N/A;Internacional;;7;7
2025-09;CUN - EZE;Aerol¡neas Argentinas;Internacional;;5866;5866
2025-09;CUT - NQN;(en blanco);Cabotaje;2;;2
2025-09;CWB - EZE;Flybondi;Internacional;;180;180
2025-09;CWB - EZE;N/A;Internacional;;4;4
2025-09;CWB - EZE;TAM Linhas A‚reas;Internacional;;153;153
2025-09;CWB - FDO;(en blanco);Internacional;4;4;8
2025-09;CWB - SLA;N/A;Internacional;8;;8
2025-09;CYR - FDO;(en blanco);Internacional;12;;12
2025-09;CYR - PRA;(en blanco);Internacional;3;;3
2025-09;DAL - SLA;(en blanco);Internacional;;2;2
2025-09;EHL - EQS;(en blanco);Cabotaje;1;1;2
2025-09;EHL - REL;(en blanco);Cabotaje;2;2;4
2025-09;ELO - IGR;Ej‚rcito Argentino;Cabotaje;3;;3
2025-09;ELO - PSS;(en blanco);Cabotaje;;2;2
2025-09;ENO - FDO;(en blanco);Internacional;4;;4
2025-09;EPA - EPA;(en blanco);Cabotaje;14;;14
2025-09;EPA - LCP;Fuerza A‚rea Argentina;Cabotaje;3;;3
2025-09;EPA - MDQ;(en blanco);Cabotaje;2;2;4
2025-09;EPA - MDZ;(en blanco);Cabotaje;20;;20
2025-09;EPA - MOR;(en blanco);Cabotaje;8;;8
2025-09;EPA - NQN;Fuerza A‚rea Argentina;Cabotaje;20;;20
2025-09;EPA - RCQ;(en blanco);Cabotaje;17;;17
2025-09;EPA - REL;Fuerza A‚rea Argentina;Cabotaje;26;;26
2025-09;EPA - RES;Fuerza A‚rea Argentina;Cabotaje;12;;12
2025-09;EPA - ROS;(en blanco);Cabotaje;1;;1
2025-09;EPA - RSA;Fuerza A‚rea Argentina;Cabotaje;41;;41
2025-09;EPA - VME;(en blanco);Cabotaje;4;;4
2025-09;EQS - FDO;N/A;Cabotaje;;4;4
2025-09;EQS - FDO;(en blanco);Cabotaje;15;5;20
2025-09;EQS - FTE;(en blanco);Cabotaje;2;;2
2025-09;EQS - GNR;N/A;Cabotaje;;1;1
2025-09;EQS - NQN;(en blanco);Cabotaje;3;;3
2025-09;EQS - PMY;(en blanco);Cabotaje;;1;1
2025-09;EQS - REL;N/A;Cabotaje;;4;4
2025-09;EQS - REL;(en blanco);Cabotaje;7;;7
2025-09;EQS - RYO;(en blanco);Cabotaje;2;;2
2025-09;EZE - EZE;Aerol¡neas Argentinas;Cabotaje;;3;3
2025-09;EZE - EZE;Iberia Airlines;Cabotaje;;150;150
2025-09;EZE - EZE;KLM;Cabotaje;;271;271
2025-09;EZE - EZE;United Airlines;Cabotaje;;253;253
2025-09;EZE - FCO;Aerol¡neas Argentinas;Internacional;;10785;10785
2025-09;EZE - FCO;ITA Airways;Internacional;;23520;23520
2025-09;EZE - FDO;N/A;Cabotaje;;4;4
2025-09;EZE - FDO;(en blanco);Cabotaje;6;6;12
2025-09;EZE - FLL;LATAM;Internacional;1;;1
2025-09;EZE - FLL;N/A;Internacional;1;1;2
2025-09;EZE - FLL;NetJets;Internacional;2;;2
2025-09;EZE - FLN;Flybondi;Internacional;;2804;2804
2025-09;EZE - FLN;Gol Transportes A‚reos;Internacional;;1590;1590
2025-09;EZE - FOR;Gol Transportes A‚reos;Internacional;;1220;1220
2025-09;EZE - FOR;N/A;Internacional;;5;5
2025-09;EZE - FRA;Lufthansa;Internacional;;19884;19884
2025-09;EZE - FRA;Lufthansa Cargo;Internacional;;4;4
2025-09;EZE - FTE;Aerol¡neas Argentinas;Cabotaje;;6670;6670
2025-09;EZE - FTE;Flybondi;Cabotaje;;4493;4493
2025-09;EZE - FTE;(en blanco);Cabotaje;;1;1
2025-09;EZE - FTY;N/A;Internacional;3;5;8
2025-09;EZE - GIG;Aerol¡neas Argentinas;Internacional;;660;660
2025-09;EZE - GIG;British Airways;Internacional;;9121;9121
2025-09;EZE - GIG;Emirates Airline;Internacional;;9484;9484
2025-09;EZE - GIG;Flybondi;Internacional;;15437;15437
2025-09;EZE - GIG;Gol Transportes A‚reos;Internacional;;13360;13360
2025-09;EZE - GIG;JetSMART Airlines;Internacional;;4120;4120
2025-09;EZE - GIG;N/A;Internacional;;2;2
2025-09;EZE - GIG;TAM Linhas A‚reas;Internacional;;5982;5982
2025-09;EZE - GRU;Aerol¡neas Argentinas;Internacional;;169;169
2025-09;EZE - GRU;Air Alsie;Internacional;;3;3
2025-09;EZE - GRU;Air Canada;Internacional;;7276;7276
2025-09;EZE - GRU;British Airways;Internacional;;167;167
2025-09;EZE - GRU;Emirates Airline;Internacional;;550;550
2025-09;EZE - GRU;Ethiopian Airlines;Internacional;;11099;11099
2025-09;EZE - GRU;Flybondi;Internacional;;391;391
2025-09;EZE - GRU;Gol Transportes A‚reos;Internacional;;1047;1047
2025-09;EZE - GRU;Iberia Airlines;Internacional;;294;294
2025-09;EZE - GRU;LATAM;Internacional;2;3;5
2025-09;EZE - GRU;N/A;Internacional;80;152;232
2025-09;EZE - GRU;Swiss International Air Lines;Internacional;;2059;2059
2025-09;EZE - GRU;TAM Linhas A‚reas;Internacional;;10075;10075
2025-09;EZE - GRU;Turkish Airlines;Internacional;;12280;12280
2025-09;EZE - GSJ;Avianca Costa Rica;Internacional;;178;178
2025-09;EZE - GVA;N/A;Internacional;;6;6
2025-09;EZE - GYE;Aerol¡neas Argentinas;Internacional;;129;129
2025-09;EZE - GYE;Avianca;Internacional;;1521;1521
2025-09;EZE - GYE;Avianca Costa Rica;Internacional;;1715;1715
2025-09;EZE - GYE;LATAM Ecuador;Internacional;;412;412
2025-09;EZE - GYE;N/A;Internacional;;16;16
2025-09;EZE - HPN;N/A;Internacional;5;;5
2025-09;EZE - IAH;United Airlines;Internacional;;14427;14427
2025-09;EZE - IGR;Aerol¡neas Argentinas;Cabotaje;;12708;12708
2025-09;EZE - IGR;Flybondi;Cabotaje;;11035;11035
2025-09;EZE - IGR;JetSMART Airlines;Cabotaje;;18228;18228
2025-09;EZE - IGR;N/A;Cabotaje;1;2;3
2025-09;EZE - IRJ;Aerol¡neas Argentinas;Cabotaje;;242;242
2025-09;EZE - JFK;American Airlines;Internacional;;15270;15270
2025-09;EZE - JPA;Gol Transportes A‚reos;Internacional;;570;570
2025-09;EZE - JUJ;Aerol¡neas Argentinas;Cabotaje;;4006;4006
2025-09;EZE - JUJ;Flybondi;Cabotaje;;6842;6842
2025-09;EZE - JUJ;(en blanco);Cabotaje;1;1;2
2025-09;EZE - LGW;N/A;Internacional;13;;13
2025-09;EZE - LIM;Eastern Air Lines;Internacional;;4;4
2025-09;EZE - LIM;LATAM Ecuador;Internacional;;6357;6357
2025-09;EZE - LIM;LATAM Per£;Internacional;;17123;17123
2025-09;EZE - LIM;N/A;Internacional;;4;4
2025-09;EZE - LIM;Sky Airline;Internacional;;1248;1248
2025-09;EZE - LMMM;N/A;Internacional;13;;13
2025-09;EZE - LMMM;(en blanco);Internacional;2;;2
2025-09;EZE - LPA;Air Alsie;Internacional;;2;2
2025-09;EZE - MAD;Aerol¡neas Argentinas;Internacional;;26733;26733
2025-09;EZE - MAD;Air Europa;Internacional;;20049;20049
2025-09;EZE - MAD;Iberia Airlines;Internacional;;55509;55509
2025-09;EZE - MCZ;Gol Transportes A‚reos;Internacional;;579;579
2025-09;EZE - MDE;Avianca;Internacional;;7991;7991
2025-09;EZE - MDE;N/A;Internacional;10;;10
2025-09;EZE - MDQ;Aerol¡neas Argentinas;Cabotaje;;31;31
2025-09;EZE - MDQ;JetSMART Airlines;Cabotaje;;71;71
2025-09;EZE - MDQ;N/A;Cabotaje;;8;8
2025-09;EZE - MDQ;(en blanco);Cabotaje;1;5;6
2025-09;EZE - MDZ;Aerol¡neas Argentinas;Cabotaje;;12255;12255
2025-09;EZE - MDZ;American Jet;Cabotaje;;18;18
2025-09;EZE - MDZ;Flybondi;Cabotaje;;2272;2272
2025-09;EZE - MDZ;JetSMART Airlines;Cabotaje;;7003;7003
2025-09;EZE - MDZ;N/A;Cabotaje;2;61;63
2025-09;EZE - MDZ;(en blanco);Cabotaje;2;7;9
2025-09;EZE - MEX;Aerom‚xico;Internacional;;15641;15641
2025-09;EZE - MIA;Aerol¡neas Argentinas;Internacional;;26930;26930
2025-09;EZE - MIA;American Airlines;Internacional;;29018;29018
2025-09;EZE - MIA;Copa Airlines;Internacional;;174;174
2025-09;EZE - MIA;Delta Air Lines;Internacional;;178;178
2025-09;EZE - MIA;N/A;Internacional;;6;6
2025-09;EZE - MVD;Lufthansa Cargo;Internacional;;2;2
2025-09;EZE - MVD;N/A;Internacional;;2;2
2025-09;EZE - MVD;(en blanco);Internacional;;4;4
2025-09;EZE - NAT;Gol Transportes A‚reos;Internacional;;966;966
2025-09;EZE - NQN;Aerol¡neas Argentinas;Cabotaje;;7743;7743
2025-09;EZE - NQN;Flybondi;Cabotaje;;615;615
2025-09;EZE - NQN;JetSMART Airlines;Cabotaje;;5054;5054
2025-09;EZE - OPF;N/A;Internacional;;16;16
2025-09;EZE - PDP;(en blanco);Internacional;3;4;7
2025-09;EZE - PIE;N/A;Internacional;13;;13
2025-09;EZE - PMY;Aerol¡neas Argentinas;Cabotaje;;125;125
2025-09;EZE - PMY;Flybondi;Cabotaje;;2991;2991
2025-09;EZE - POZ;Korean Air;Internacional;;8;8
2025-09;EZE - PRA;(en blanco);Cabotaje;8;8;16
2025-09;EZE - PSS;Aerol¡neas Argentinas;Cabotaje;;827;827
2025-09;EZE - PSS;Flybondi;Cabotaje;;137;137
2025-09;EZE - PSS;N/A;Cabotaje;1;1;2
2025-09;EZE - PTY;Aerol¡neas Argentinas;Internacional;;261;261
2025-09;EZE - PTY;Copa Airlines;Internacional;;52147;52147
2025-09;EZE - PTY;LATAM Ecuador;Internacional;;122;122
2025-09;EZE - PTY;N/A;Internacional;;151;151
2025-09;EZE - PUJ;Aerol¡neas Argentinas;Internacional;;9039;9039
2025-09;EZE - PUJ;Arajet;Internacional;;12696;12696
2025-09;EZE - RAF;N/A;Cabotaje;;1;1
2025-09;EZE - RAF;(en blanco);Cabotaje;;3;3
2025-09;EZE - REC;JetSMART Airlines;Internacional;;4550;4550
2025-09;EZE - REC;N/A;Internacional;;2;2
2025-09;EZE - REL;Aerol¡neas Argentinas;Cabotaje;;988;988
2025-09;EZE - REL;JetSMART Airlines;Cabotaje;;135;135
2025-09;EZE - RES;Aerol¡neas Argentinas;Cabotaje;;872;872
2025-09;EZE - RGA;Aerol¡neas Argentinas;Cabotaje;;869;869
2025-09;EZE - RGL;Aerol¡neas Argentinas;Cabotaje;;64;64
2025-09;EZE - ROS;Aerol¡neas Argentinas;Cabotaje;;1059;1059
2025-09;EZE - ROS;Andes L¡neas A‚reas;Cabotaje;;1;1
2025-09;EZE - ROS;(en blanco);Cabotaje;3;1;4
2025-09;EZE - RYO;(en blanco);Cabotaje;;1;1
2025-09;EZE - SA34;Aerol¡neas Argentinas;Cabotaje;;58;58
2025-09;EZE - SAAA;JetSMART Airlines;Cabotaje;;68;68
2025-09;EZE - SAOM;(en blanco);Cabotaje;1;;1
2025-09;EZE - SCL;Aerol¡neas Argentinas;Internacional;;1299;1299
2025-09;EZE - SCL;JetSMART Airlines;Internacional;;1840;1840
2025-09;EZE - SCL;KLM;Internacional;;8492;8492
2025-09;EZE - SCL;LATAM;Internacional;;23594;23594
2025-09;EZE - SCL;N/A;Internacional;11;24;35
2025-09;EZE - SCL;NetJets;Internacional;;2;2
2025-09;EZE - SCL;Sky Airline;Internacional;;3324;3324
2025-09;EZE - SCL;(en blanco);Internacional;;4;4
2025-09;EZE - SDE;Aerol¡neas Argentinas;Cabotaje;;874;874
2025-09;EZE - SDE;American Jet;Cabotaje;;90;90
2025-09;EZE - SDE;Flybondi;Cabotaje;;443;443
2025-09;EZE - SDE;JetSMART Airlines;Cabotaje;;73;73
2025-09;EZE - SEA;NetJets;Internacional;7;;7
2025-09;EZE - SEQU;Avianca Costa Rica;Internacional;;174;174
2025-09;EZE - SFN;Aerol¡neas Argentinas;Cabotaje;;298;298
2025-09;EZE - SFN;N/A;Cabotaje;4;4;8
2025-09;EZE - SFN;(en blanco);Cabotaje;2;;2
2025-09;EZE - SJU;NetJets;Internacional;2;;2
2025-09;EZE - SLA;Aerol¡neas Argentinas;Cabotaje;;10542;10542
2025-09;EZE - SLA;Flybondi;Cabotaje;;7127;7127
2025-09;EZE - SLA;JetSMART Airlines;Cabotaje;;4477;4477
2025-09;EZE - SLA;(en blanco);Cabotaje;3;64;67
2025-09;EZE - SSA;Sky Airline;Internacional;;2148;2148
2025-09;EZE - STY;N/A;Internacional;;4;4
2025-09;EZE - TCL;LATAM;Internacional;;3;3
2025-09;EZE - TUC;Aerol¡neas Argentinas;Cabotaje;;10147;10147
2025-09;EZE - TUC;American Jet;Cabotaje;5;5;10
2025-09;EZE - TUC;Flybondi;Cabotaje;;2841;2841
2025-09;EZE - TUC;JetSMART Airlines;Cabotaje;;6504;6504
2025-09;EZE - TUC;N/A;Cabotaje;;53;53
2025-09;EZE - TUC;(en blanco);Cabotaje;7;7;14
2025-09;EZE - UAQ;Aerol¡neas Argentinas;Cabotaje;;947;947
2025-09;EZE - UAQ;Andes L¡neas A‚reas;Cabotaje;;147;147
2025-09;EZE - UAQ;Flybondi;Cabotaje;;245;245
2025-09;EZE - UIO;Avianca;Internacional;;1561;1561
2025-09;EZE - UIO;Avianca Costa Rica;Internacional;;2342;2342
2025-09;EZE - UIO;LATAM Ecuador;Internacional;;95;95
2025-09;EZE - USH;Aerol¡neas Argentinas;Cabotaje;;16894;16894
2025-09;EZE - USH;Flybondi;Cabotaje;;6823;6823
2025-09;EZE - USH;JetSMART Airlines;Cabotaje;;3028;3028
2025-09;EZE - VCP;Aerol¡neas Argentinas;Internacional;;182;182
2025-09;EZE - VCP;Lufthansa;Internacional;;322;322
2025-09;EZE - VVI;Boliviana de Aviacion;Internacional;;13874;13874
2025-09;FDO - FDO;Fuerza A‚rea Uruguaya;Cabotaje;2;;2
2025-09;FDO - FDO;N/A;Cabotaje;3;;3
2025-09;FDO - FDO;(en blanco);Cabotaje;78;13;91
2025-09;FDO - FLL;(en blanco);Internacional;6;;6
2025-09;FDO - FLN;N/A;Internacional;;7;7
2025-09;FDO - FLN;(en blanco);Internacional;11;;11
2025-09;FDO - FMA;(en blanco);Cabotaje;6;29;35
2025-09;FDO - FOR;N/A;Internacional;6;;6
2025-09;FDO - FOR;(en blanco);Internacional;6;;6
2025-09;FDO - FTE;N/A;Cabotaje;;7;7
2025-09;FDO - FTE;(en blanco);Cabotaje;2;7;9
2025-09;FDO - FXE;(en blanco);Internacional;3;;3
2025-09;FDO - GHU;(en blanco);Cabotaje;2;;2
2025-09;FDO - GIG;(en blanco);Internacional;;7;7
2025-09;FDO - GNR;N/A;Cabotaje;;2;2
2025-09;FDO - GNR;(en blanco);Cabotaje;;3;3
2025-09;FDO - GPO;(en blanco);Cabotaje;5;7;12
2025-09;FDO - GRU;N/A;Internacional;2;;2
2025-09;FDO - GRU;(en blanco);Internacional;11;15;26
2025-09;FDO - GYE;(en blanco);Internacional;3;;3
2025-09;FDO - HOS;N/A;Cabotaje;;1;1
2025-09;FDO - HOS;(en blanco);Cabotaje;1;;1
2025-09;FDO - IGR;(en blanco);Cabotaje;3;5;8
2025-09;FDO - IGU;(en blanco);Internacional;4;5;9
2025-09;FDO - IQQ;(en blanco);Internacional;2;;2
2025-09;FDO - IRJ;(en blanco);Cabotaje;13;;13
2025-09;FDO - JNI;(en blanco);Cabotaje;3;;3
2025-09;FDO - JUJ;N/A;Cabotaje;1;2;3
2025-09;FDO - JUJ;(en blanco);Cabotaje;10;5;15
2025-09;FDO - LGS;N/A;Cabotaje;;2;2
2025-09;FDO - LGS;(en blanco);Cabotaje;17;;17
2025-09;FDO - LMMM;N/A;Internacional;7;;7
2025-09;FDO - LMMM;(en blanco);Internacional;9;;9
2025-09;FDO - LPG;(en blanco);Cabotaje;1;1;2
2025-09;FDO - LUQ;(en blanco);Cabotaje;10;4;14
2025-09;FDO - MDQ;N/A;Cabotaje;12;5;17
2025-09;FDO - MDQ;(en blanco);Cabotaje;17;24;41
2025-09;FDO - MDX;(en blanco);Cabotaje;6;4;10
2025-09;FDO - MDZ;N/A;Cabotaje;2;;2
2025-09;FDO - MDZ;(en blanco);Cabotaje;18;36;54
2025-09;FDO - MJR;(en blanco);Cabotaje;;2;2
2025-09;FDO - MOR;(en blanco);Cabotaje;6;;6
2025-09;FDO - MVD;N/A;Internacional;41;14;55
2025-09;FDO - MVD;(en blanco);Internacional;64;24;88
2025-09;FDO - NAT;(en blanco);Internacional;;3;3
2025-09;FDO - NCJ;(en blanco);Cabotaje;9;3;12
2025-09;FDO - NEC;(en blanco);Cabotaje;2;;2
2025-09;FDO - NQN;N/A;Cabotaje;5;13;18
2025-09;FDO - NQN;(en blanco);Cabotaje;22;23;45
2025-09;FDO - NVT;N/A;Internacional;;6;6
2025-09;FDO - OYA;(en blanco);Cabotaje;9;;9
2025-09;FDO - OYO;(en blanco);Cabotaje;2;;2
2025-09;FDO - PDP;N/A;Internacional;32;43;75
2025-09;FDO - PDP;(en blanco);Internacional;175;58;233
2025-09;FDO - PDU;(en blanco);Internacional;2;;2
2025-09;FDO - PEH;(en blanco);Cabotaje;2;;2
2025-09;FDO - PMQ;(en blanco);Cabotaje;16;3;19
2025-09;FDO - PMY;N/A;Cabotaje;1;3;4
2025-09;FDO - PMY;(en blanco);Cabotaje;1;5;6
2025-09;FDO - POA;N/A;Internacional;2;;2
2025-09;FDO - PRA;N/A;Cabotaje;5;3;8
2025-09;FDO - PRA;(en blanco);Cabotaje;42;11;53
2025-09;FDO - PSS;N/A;Cabotaje;;2;2
2025-09;FDO - PSS;(en blanco);Cabotaje;23;8;31
2025-09;FDO - RCU;(en blanco);Cabotaje;3;1;4
2025-09;FDO - RDS;(en blanco);Cabotaje;2;;2
2025-09;FDO - REL;(en blanco);Cabotaje;19;7;26
2025-09;FDO - RES;JetSMART Airlines;Cabotaje;;78;78
2025-09;FDO - RES;N/A;Cabotaje;3;5;8
2025-09;FDO - RES;(en blanco);Cabotaje;15;22;37
2025-09;FDO - RGA;(en blanco);Cabotaje;;16;16
2025-09;FDO - RHD;(en blanco);Cabotaje;;3;3
2025-09;FDO - RLO;(en blanco);Cabotaje;5;1;6
2025-09;FDO - ROS;N/A;Cabotaje;1;1;2
2025-09;FDO - ROS;(en blanco);Cabotaje;35;4;39
2025-09;FDO - RSA;N/A;Cabotaje;2;2;4
2025-09;FDO - RSA;(en blanco);Cabotaje;14;3;17
2025-09;FDO - RVY;N/A;Internacional;1;;1
2025-09;FDO - RZA;(en blanco);Cabotaje;;1;1
2025-09;FDO - SA04;(en blanco);Cabotaje;16;;16
2025-09;FDO - SA13;(en blanco);Cabotaje;4;;4
2025-09;FDO - SA16;(en blanco);Cabotaje;;2;2
2025-09;FDO - SA17;(en blanco);Cabotaje;5;3;8
2025-09;FDO - SA21;(en blanco);Cabotaje;3;;3
2025-09;FDO - SA29;(en blanco);Cabotaje;1;;1
2025-09;FDO - SA32;(en blanco);Cabotaje;1;;1
2025-09;FDO - SA36;(en blanco);Cabotaje;1;;1
2025-09;FDO - SA40;(en blanco);Cabotaje;6;3;9
2025-09;FDO - SAAN;(en blanco);Cabotaje;1;;1
2025-09;FDO - SACD;(en blanco);Cabotaje;;1;1
2025-09;FDO - SADO;(en blanco);Cabotaje;1;;1
2025-09;FDO - SAEA;(en blanco);Cabotaje;2;;2
2025-09;FDO - SAOM;(en blanco);Cabotaje;1;;1
2025-09;FDO - SAVO;(en blanco);Cabotaje;1;;1
2025-09;FDO - SAZE;(en blanco);Cabotaje;4;;4
2025-09;FDO - SAZI;(en blanco);Cabotaje;2;;2
2025-09;FDO - SCL;N/A;Internacional;1;;1
2025-09;FDO - SCL;(en blanco);Internacional;4;;4
2025-09;FDO - SDE;(en blanco);Cabotaje;63;8;71
2025-09;FDO - SFN;N/A;Cabotaje;3;1;4
2025-09;FDO - SFN;(en blanco);Cabotaje;7;10;17
2025-09;FDO - SID;(en blanco);Internacional;4;;4
2025-09;FDO - SLA;N/A;Cabotaje;;8;8
2025-09;FDO - SLA;(en blanco);Cabotaje;27;31;58
2025-09;FDO - SUAA;N/A;Internacional;9;9;18
2025-09;FDO - SUAA;(en blanco);Internacional;94;7;101
2025-09;FDO - SUCM;N/A;Internacional;;3;3
2025-09;FDO - SUCM;(en blanco);Internacional;56;16;72
2025-09;FDO - TDL;(en blanco);Cabotaje;2;;2
2025-09;FDO - TUC;N/A;Cabotaje;;2;2
2025-09;FDO - TUC;(en blanco);Cabotaje;71;10;81
2025-09;FDO - UAQ;(en blanco);Cabotaje;3;3;6
2025-09;FDO - USH;N/A;Cabotaje;;2;2
2025-09;FDO - USH;(en blanco);Cabotaje;1;;1
2025-09;FDO - VCP;(en blanco);Internacional;7;;7
2025-09;FDO - VDM;N/A;Cabotaje;;4;4
2025-09;FDO - VDM;(en blanco);Cabotaje;2;1;3
2025-09;FDO - VLG;(en blanco);Cabotaje;1;;1
2025-09;FDO - VMA;(en blanco);Cabotaje;2;;2
2025-09;FDO - VME;(en blanco);Cabotaje;1;;1
2025-09;FLL - MDZ;N/A;Internacional;;2;2
2025-09;FLL - ROS;NetJets;Internacional;10;;10
2025-09;FLN - MDQ;N/A;Internacional;10;;10
2025-09;FMA - IGU;N/A;Internacional;6;;6
2025-09;FMA - PSS;(en blanco);Cabotaje;4;;4
2025-09;FTE - FTE;(en blanco);Cabotaje;16;;16
2025-09;FTE - MDQ;N/A;Cabotaje;5;5;10
2025-09;FTE - PMQ;LADE - L¡neas A‚reas Del Estado;Cabotaje;12;53;65
2025-09;FTE - REL;(en blanco);Cabotaje;;3;3
2025-09;FTE - RES;Aerol¡neas Argentinas;Cabotaje;;4;4
2025-09;FTE - RGA;Aerol¡neas Argentinas;Cabotaje;;134;134
2025-09;FTE - RGA;LADE - L¡neas A‚reas Del Estado;Cabotaje;27;116;143
2025-09;FTE - USH;Aerol¡neas Argentinas;Cabotaje;;8299;8299
2025-09;FTE - USH;Flybondi;Cabotaje;;1548;1548
2025-09;FTE - USH;LADE - L¡neas A‚reas Del Estado;Cabotaje;;16;16
2025-09;FTE - USH;N/A;Cabotaje;5;5;10
2025-09;FTE - USH;(en blanco);Cabotaje;16;;16
2025-09;GHU - PRA;(en blanco);Cabotaje;1;;1
2025-09;GIG - MDZ;JetSMART Airlines;Internacional;;1126;1126
2025-09;GIG - ROS;Gol Transportes A‚reos;Internacional;;1526;1526
2025-09;GNR - NQN;(en blanco);Cabotaje;3;;3
2025-09;GNR - VDM;N/A;Cabotaje;;1;1
2025-09;GPO - RSA;(en blanco);Cabotaje;1;;1
2025-09;GPO - SADO;N/A;Cabotaje;;1;1
2025-09;GRU - IGR;N/A;Internacional;;2;2
2025-09;GRU - IGR;(en blanco);Internacional;;12;12
2025-09;GRU - MDZ;Gol Transportes A‚reos;Internacional;;5237;5237
2025-09;GRU - MDZ;TAM Linhas A‚reas;Internacional;;4831;4831
2025-09;GRU - PSS;(en blanco);Internacional;;1;1
2025-09;GRU - SLA;Aerol¡neas Argentinas;Internacional;;401;401
2025-09;GRU - TUC;(en blanco);Internacional;;3;3
2025-09;GYE - MDZ;(en blanco);Internacional;;10;10
2025-09;GYN - UAQ;N/A;Internacional;4;;4
2025-09;HOS - NQN;N/A;Cabotaje;;1;1
2025-09;HOS - NQN;(en blanco);Cabotaje;3;2;5
2025-09;IGR - IGR;(en blanco);Cabotaje;;1;1
2025-09;IGR - LPG;(en blanco);Cabotaje;;3;3
2025-09;IGR - MAD;(en blanco);Internacional;;1;1
2025-09;IGR - PDP;N/A;Internacional;7;2;9
2025-09;IGR - PRA;(en blanco);Cabotaje;3;2;5
2025-09;IGR - PSS;Aerol¡neas Argentinas;Cabotaje;;139;139
2025-09;IGR - PSS;Ej‚rcito Argentino;Cabotaje;3;;3
2025-09;IGR - PSS;(en blanco);Cabotaje;18;3;21
2025-09;IGR - RCQ;(en blanco);Cabotaje;23;;23
2025-09;IGR - RES;Fuerza A‚rea Argentina;Cabotaje;15;;15
2025-09;IGR - ROS;Aerol¡neas Argentinas;Cabotaje;;1073;1073
2025-09;IGR - SFN;Aerol¡neas Argentinas;Cabotaje;;531;531
2025-09;IGR - SJU;N/A;Internacional;7;;7
2025-09;IGR - SLA;Aerol¡neas Argentinas;Cabotaje;;2073;2073
2025-09;IGR - UZU;N/A;Cabotaje;;2;2
2025-09;IGU - MDZ;N/A;Internacional;4;;4
2025-09;IGU - MDZ;(en blanco);Internacional;2;2;4
2025-09;IGU - PSS;N/A;Internacional;;5;5
2025-09;IGU - RES;N/A;Internacional;4;;4
2025-09;IRJ - IRJ;Aerol¡neas Argentinas;Cabotaje;;18;18
2025-09;IRJ - IRJ;(en blanco);Cabotaje;3;;3
2025-09;IRJ - SANO;(en blanco);Cabotaje;6;;6
2025-09;IRJ - SDE;(en blanco);Cabotaje;1;;1
2025-09;IRJ - SLA;(en blanco);Cabotaje;6;;6
2025-09;IRJ - TUC;(en blanco);Cabotaje;1;;1
2025-09;JUJ - JUJ;(en blanco);Cabotaje;3;;3
2025-09;JUJ - MDZ;American Jet;Cabotaje;;17;17
2025-09;JUJ - RCU;(en blanco);Cabotaje;3;;3
2025-09;JUJ - SDE;N/A;Cabotaje;2;;2
2025-09;JUJ - SLA;N/A;Cabotaje;2;;2
2025-09;JUJ - SLA;(en blanco);Cabotaje;3;4;7
2025-09;LCP - MDZ;(en blanco);Cabotaje;12;;12
2025-09;LCP - NQN;Fuerza A‚rea Argentina;Cabotaje;20;;20
2025-09;LGS - LGS;(en blanco);Cabotaje;11;;11
2025-09;LGS - RSA;(en blanco);Cabotaje;3;;3
2025-09;LGS - SA16;(en blanco);Cabotaje;2;;2
2025-09;LIM - MDZ;LATAM Per£;Internacional;;5006;5006
2025-09;LIM - ROS;LATAM Per£;Internacional;;1220;1220
2025-09;LIM - SLA;LATAM Per£;Internacional;;4964;4964
2025-09;LIM - TUC;(en blanco);Internacional;5;;5
2025-09;LMMM - MDZ;(en blanco);Internacional;;5;5
2025-09;LPG - MDQ;(en blanco);Cabotaje;3;2;5
2025-09;LPG - NQN;Interjet;Cabotaje;;1;1
2025-09;LUQ - LUQ;Aerol¡neas Argentinas;Cabotaje;;43;43
2025-09;LUQ - MDZ;(en blanco);Cabotaje;2;;2
2025-09;LUQ - NQN;(en blanco);Cabotaje;2;2;4
2025-09;LUQ - RLO;(en blanco);Cabotaje;1;;1
2025-09;LUQ - SA03;(en blanco);Cabotaje;3;;3
2025-09;LUQ - SACD;(en blanco);Cabotaje;2;;2
2025-09;LUQ - UAQ;(en blanco);Cabotaje;3;3;6
2025-09;LUQ - VME;(en blanco);Cabotaje;3;;3
2025-09;MDQ - MDZ;Aerol¡neas Argentinas;Cabotaje;;1163;1163
2025-09;MDQ - MOR;N/A;Cabotaje;3;;3
2025-09;MDQ - MOR;(en blanco);Cabotaje;1;;1
2025-09;MDQ - NQN;(en blanco);Cabotaje;;19;19
2025-09;MDQ - OES;(en blanco);Cabotaje;5;;5
2025-09;MDQ - OVR;(en blanco);Cabotaje;1;;1
2025-09;MDQ - SAAN;(en blanco);Cabotaje;6;4;10
2025-09;MDQ - SADZ;(en blanco);Cabotaje;;2;2
2025-09;MDQ - SAZI;(en blanco);Cabotaje;1;;1
2025-09;MDQ - SCL;(en blanco);Internacional;8;;8
2025-09;MDQ - SDE;(en blanco);Cabotaje;4;;4
2025-09;MDQ - VLG;(en blanco);Cabotaje;;2;2
2025-09;MDX - PSS;(en blanco);Cabotaje;;3;3
2025-09;MDX - TUC;(en blanco);Cabotaje;3;;3
2025-09;MDZ - MDZ;(en blanco);Cabotaje;5;9;14
2025-09;MDZ - MOR;(en blanco);Cabotaje;8;;8
2025-09;MDZ - NQN;Aerol¡neas Argentinas;Cabotaje;;4947;4947
2025-09;MDZ - NQN;American Jet;Cabotaje;22;169;191
2025-09;MDZ - NQN;(en blanco);Cabotaje;5;8;13
2025-09;MDZ - POA;(en blanco);Internacional;5;;5
2025-09;MDZ - PTY;Copa Airlines;Internacional;;6266;6266
2025-09;MDZ - RDS;American Jet;Cabotaje;;5;5
2025-09;MDZ - RHD;(en blanco);Cabotaje;;3;3
2025-09;MDZ - ROS;Aerol¡neas Argentinas;Cabotaje;;706;706
2025-09;MDZ - ROS;(en blanco);Cabotaje;91;;91
2025-09;MDZ - SCL;JetSMART Airlines;Internacional;;4915;4915
2025-09;MDZ - SCL;LATAM;Internacional;;14179;14179
2025-09;MDZ - SCL;N/A;Internacional;7;7;14
2025-09;MDZ - SCL;Sky Airline;Internacional;;8338;8338
2025-09;MDZ - SCL;(en blanco);Internacional;4;1;5
2025-09;MDZ - SDE;(en blanco);Cabotaje;12;;12
2025-09;MDZ - SFN;American Jet;Cabotaje;;82;82
2025-09;MDZ - SLA;Aerol¡neas Argentinas;Cabotaje;;2005;2005
2025-09;MDZ - SLA;JetSMART Airlines;Cabotaje;;5903;5903
2025-09;MDZ - SLA;(en blanco);Cabotaje;3;1;4
2025-09;MDZ - TUC;N/A;Cabotaje;6;3;9
2025-09;MDZ - VMA;(en blanco);Cabotaje;;1;1
2025-09;MDZ - VME;(en blanco);Cabotaje;1;;1
2025-09;MEX - SLA;(en blanco);Internacional;;5;5
2025-09;MOR - MOR;(en blanco);Cabotaje;10;;10
2025-09;MOR - NQN;(en blanco);Cabotaje;1;;1
2025-09;MOR - PMY;(en blanco);Cabotaje;;1;1
2025-09;MOR - REL;(en blanco);Cabotaje;;1;1
2025-09;MOR - VME;(en blanco);Cabotaje;1;;1
2025-09;MPN - USH;LATAM;Cabotaje;;36;36
2025-09;MVD - ROS;N/A;Internacional;11;;11
2025-09;NQN - NQN;American Jet;Cabotaje;;102;102
2025-09;NQN - NQN;(en blanco);Cabotaje;23;;23
2025-09;NQN - OES;(en blanco);Cabotaje;3;;3
2025-09;NQN - PMY;(en blanco);Cabotaje;;1;1
2025-09;NQN - RDS;(en blanco);Cabotaje;4;;4
2025-09;NQN - REL;(en blanco);Cabotaje;;1;1
2025-09;NQN - ROS;(en blanco);Cabotaje;3;;3
2025-09;NQN - RSA;(en blanco);Cabotaje;1;;1
2025-09;NQN - SA32;(en blanco);Cabotaje;1;;1
2025-09;NQN - SFN;(en blanco);Cabotaje;10;4;14
2025-09;NQN - SLA;JetSMART Airlines;Cabotaje;;6790;6790
2025-09;NVT - PSS;(en blanco);Internacional;2;;2
2025-09;OES - PMY;(en blanco);Cabotaje;;2;2
2025-09;ORA - SLA;(en blanco);Cabotaje;14;6;20
2025-09;PAC - TUC;N/A;Internacional;16;;16
2025-09;PDP - RES;(en blanco);Internacional;;3;3
2025-09;PDP - ROS;N/A;Internacional;2;1;3
2025-09;PDP - ROS;(en blanco);Internacional;10;3;13
2025-09;PMY - PMY;Aerol¡neas Argentinas;Cabotaje;;96;96
2025-09;PMY - PMY;(en blanco);Cabotaje;;4;4
2025-09;PMY - REL;(en blanco);Cabotaje;4;1;5
2025-09;PMY - ROS;(en blanco);Cabotaje;4;2;6
2025-09;PMY - SDE;(en blanco);Cabotaje;1;1;2
2025-09;PMY - SFN;(en blanco);Cabotaje;5;3;8
2025-09;POA - USH;N/A;Internacional;10;;10
2025-09;PRA - PRA;(en blanco);Cabotaje;3;;3
2025-09;PRA - TUC;(en blanco);Cabotaje;2;;2
2025-09;PRA - VMA;N/A;Cabotaje;3;;3
2025-09;PRQ - RES;Ej‚rcito Argentino;Cabotaje;5;;5
2025-09;PRQ - RES;(en blanco);Cabotaje;3;1;4
2025-09;PSS - PSS;Ej‚rcito Argentino;Cabotaje;3;;3
2025-09;PSS - PSS;(en blanco);Cabotaje;11;;11
2025-09;PSS - RCQ;(en blanco);Cabotaje;2;;2
2025-09;PSS - SATO;(en blanco);Cabotaje;5;;5
2025-09;PTY - ROS;Copa Airlines;Internacional;;7034;7034
2025-09;PTY - SLA;Copa Airlines;Internacional;;414;414
2025-09;PTY - TUC;Copa Airlines;Internacional;;594;594
2025-09;PUJ - TUC;Aerol¡neas Argentinas;Internacional;;985;985
2025-09;PUQ - USH;Aerov¡as DAP;Internacional;;13;13
2025-09;PUQ - USH;LATAM;Internacional;;9;9
2025-09;RAF - RCQ;(en blanco);Cabotaje;;2;2
2025-09;RAF - ROS;(en blanco);Cabotaje;1;;1
2025-09;RAF - SFN;(en blanco);Cabotaje;;1;1
2025-09;RCQ - RCQ;(en blanco);Cabotaje;3;;3
2025-09;RCQ - RES;Fuerza A‚rea Argentina;Cabotaje;2;;2
2025-09;RCQ - SACD;N/A;Cabotaje;;1;1
2025-09;RCU - ROS;(en blanco);Cabotaje;2;;2
2025-09;RCU - RSA;(en blanco);Cabotaje;3;;3
2025-09;RCU - SACD;(en blanco);Cabotaje;2;;2
2025-09;RCU - SADZ;(en blanco);Cabotaje;2;;2
2025-09;REL - REL;(en blanco);Cabotaje;1;;1
2025-09;REL - ROS;(en blanco);Cabotaje;2;;2
2025-09;RES - SARV;(en blanco);Cabotaje;1;;1
2025-09;RES - SDE;(en blanco);Cabotaje;1;2;3
2025-09;RES - VMA;N/A;Cabotaje;2;;2
2025-09;RGA - USH;Aerol¡neas Argentinas;Cabotaje;;3;3
2025-09;RGA - USH;LADE - L¡neas A‚reas Del Estado;Cabotaje;6;80;86
2025-09;RHD - SDE;(en blanco);Cabotaje;5;3;8
2025-09;RLO - SA17;(en blanco);Cabotaje;2;;2
2025-09;ROS - SA32;(en blanco);Cabotaje;2;;2
2025-09;ROS - SAOM;(en blanco);Cabotaje;2;;2
2025-09;ROS - SCL;N/A;Internacional;3;;3
2025-09;ROS - SDE;Aerol¡neas Argentinas;Cabotaje;;93;93
2025-09;ROS - SDE;(en blanco);Cabotaje;1;;1
2025-09;ROS - SFN;(en blanco);Cabotaje;2;;2
2025-09;ROS - SLA;Aerol¡neas Argentinas;Cabotaje;;731;731
2025-09;ROS - VME;(en blanco);Cabotaje;6;2;8
2025-09;RSA - RSA;(en blanco);Cabotaje;7;;7
2025-09;SA01 - SLA;(en blanco);Cabotaje;6;;6
2025-09;SA02 - SLA;N/A;Cabotaje;1;;1
2025-09;SA02 - SLA;(en blanco);Cabotaje;8;11;19
2025-09;SA02 - TUC;(en blanco);Cabotaje;2;;2
2025-09;SA17 - SDE;(en blanco);Cabotaje;1;;1
2025-09;SA29 - VDM;(en blanco);Cabotaje;;1;1
2025-09;SA32 - VME;(en blanco);Cabotaje;2;;2
2025-09;SAAN - TUC;(en blanco);Cabotaje;7;;7
2025-09;SAAU - TUC;(en blanco);Cabotaje;;3;3
2025-09;SCL - SDE;(en blanco);Internacional;;4;4
2025-09;SDE - SDE;Aerol¡neas Argentinas;Cabotaje;;37;37
2025-09;SDE - SDE;(en blanco);Cabotaje;43;;43
2025-09;SDE - SLA;Ej‚rcito Argentino;Cabotaje;1;;1
2025-09;SDE - SLA;(en blanco);Cabotaje;3;;3
2025-09;SDE - TUC;(en blanco);Cabotaje;6;;6
2025-09;SFN - SFN;(en blanco);Cabotaje;2;;2
2025-09;SFN - SLA;Aerol¡neas Argentinas;Cabotaje;;491;491
2025-09;SFN - SLA;(en blanco);Cabotaje;3;3;6
2025-09;SFN - TUC;(en blanco);Cabotaje;6;;6
2025-09;SLA - SLA;Amaszonas;Cabotaje;;13;13
2025-09;SLA - SLA;American Jet;Cabotaje;;7;7
2025-09;SLA - SLA;(en blanco);Cabotaje;8;8;16
2025-09;SLA - TTG;American Jet;Cabotaje;;6;6
2025-09;SLA - TTG;(en blanco);Cabotaje;8;21;29
2025-09;SLA - TUC;Andes L¡neas A‚reas;Cabotaje;;75;75
2025-09;SLA - TUC;N/A;Cabotaje;;1;1
2025-09;SLA - TUC;(en blanco);Cabotaje;10;;10
2025-09;SLA - VDM;N/A;Cabotaje;;2;2
2025-09;SLA - VVI;N/A;Internacional;3;;3
2025-09;TDL - VME;(en blanco);Cabotaje;9;;9
2025-09;TUC - TUC;(en blanco);Cabotaje;64;3;67
2025-09;TUC - USH;(en blanco);Cabotaje;6;;6
2025-09;VDM - VDM;(en blanco);Cabotaje;2;;2
2025-10;3017 - SLA;American Jet;Internacional;;6;6
2025-10;3017 - SLA;(en blanco);Internacional;;1001;1001
2025-10;ADW - AEP;(en blanco);Internacional;28;;28
2025-10;AEP - AEP;Aerol¡neas Argentinas;Cabotaje;;89;89
2025-10;AEP - AEP;(en blanco);Cabotaje;;5;5
2025-10;AEP - AFA;Aerol¡neas Argentinas;Cabotaje;;4870;4870
2025-10;AEP - AFA;N/A;Cabotaje;1;2;3
2025-10;AEP - AFA;(en blanco);Cabotaje;17;;17
2025-10;AEP - AR-0009;(en blanco);Cabotaje;1;2;3
2025-10;AEP - AR-0038;(en blanco);Cabotaje;3;4;7
2025-10;AEP - AR-0446;N/A;Cabotaje;;1;1
2025-10;AEP - AR-0446;(en blanco);Cabotaje;;2;2
2025-10;AEP - ASU;Aerol¡neas Argentinas;Internacional;;9895;9895
2025-10;AEP - ASU;Amaszonas;Internacional;;3007;3007
2025-10;AEP - ASU;JetSMART Airlines;Internacional;;8447;8447
2025-10;AEP - ASU;N/A;Internacional;13;16;29
2025-10;AEP - BHI;Aerol¡neas Argentinas;Cabotaje;;18111;18111
2025-10;AEP - BHI;American Jet;Cabotaje;;7;7
2025-10;AEP - BHI;N/A;Cabotaje;;4;4
2025-10;AEP - BHI;(en blanco);Cabotaje;15;;15
2025-10;AEP - BOG;Aerol¡neas Argentinas;Internacional;;6083;6083
2025-10;AEP - BOG;Avianca;Internacional;;9191;9191
2025-10;AEP - BPS;Aerol¡neas Argentinas;Internacional;;2224;2224
2025-10;AEP - BPS;Gol Transportes A‚reos;Internacional;;95;95
2025-10;AEP - BRC;Aerol¡neas Argentinas;Cabotaje;;56453;56453
2025-10;AEP - BRC;Flybondi;Cabotaje;;10458;10458
2025-10;AEP - BRC;JetSMART Airlines;Cabotaje;;21414;21414
2025-10;AEP - BRC;N/A;Cabotaje;2;7;9
2025-10;AEP - BSB;Gol Transportes A‚reos;Internacional;;2968;2968
2025-10;AEP - BVB;Gol Transportes A‚reos;Internacional;;121;121
2025-10;AEP - CDT;N/A;Internacional;;4;4
2025-10;AEP - CNF;Gol Transportes A‚reos;Internacional;;2414;2414
2025-10;AEP - CNQ;Aerol¡neas Argentinas;Cabotaje;;6837;6837
2025-10;AEP - CNQ;Flybondi;Cabotaje;;11654;11654
2025-10;AEP - CNQ;N/A;Cabotaje;;3;3
2025-10;AEP - CNQ;(en blanco);Cabotaje;10;11;21
2025-10;AEP - COR;Aerol¡neas Argentinas;Cabotaje;;60757;60757
2025-10;AEP - COR;Flybondi;Cabotaje;;23713;23713
2025-10;AEP - COR;Fuerza A‚rea Argentina;Cabotaje;14;;14
2025-10;AEP - COR;JetSMART Airlines;Cabotaje;;44330;44330
2025-10;AEP - COR;N/A;Cabotaje;;10;10
2025-10;AEP - COR;(en blanco);Cabotaje;166;158;324
2025-10;AEP - CPC;Aerol¡neas Argentinas;Cabotaje;;10312;10312
2025-10;AEP - CPC;Flybondi;Cabotaje;;72;72
2025-10;AEP - CPC;JetSMART Airlines;Cabotaje;;10281;10281
2025-10;AEP - CPC;(en blanco);Cabotaje;;2;2
2025-10;AEP - CRD;Aerol¡neas Argentinas;Cabotaje;;25461;25461
2025-10;AEP - CRD;Flybondi;Cabotaje;;2424;2424
2025-10;AEP - CRD;JetSMART Airlines;Cabotaje;;8849;8849
2025-10;AEP - CRD;LADE - L¡neas A‚reas Del Estado;Cabotaje;;11;11
2025-10;AEP - CRD;N/A;Cabotaje;;13;13
2025-10;AEP - CRD;(en blanco);Cabotaje;;6;6
2025-10;AEP - CTC;Aerol¡neas Argentinas;Cabotaje;;6889;6889
2025-10;AEP - CTC;Flybondi;Cabotaje;;259;259
2025-10;AEP - CTC;(en blanco);Cabotaje;8;3;11
2025-10;AEP - CWB;Aerol¡neas Argentinas;Internacional;;4148;4148
2025-10;AEP - EPA;(en blanco);Cabotaje;40;6;46
2025-10;AEP - EQS;Aerol¡neas Argentinas;Cabotaje;;14499;14499
2025-10;AEP - EQS;N/A;Cabotaje;2;2;4
2025-10;AEP - EQS;(en blanco);Cabotaje;2;5;7
2025-10;AEP - EZE;Aerol¡neas Argentinas;Cabotaje;;81;81
2025-10;AEP - EZE;JetSMART Airlines;Cabotaje;;118;118
2025-10;AEP - EZE;N/A;Cabotaje;;2;2
2025-10;AEP - FDO;N/A;Cabotaje;1;3;4
2025-10;AEP - FDO;(en blanco);Cabotaje;3;10;13
2025-10;AEP - FLL;Benair;Internacional;;4;4
2025-10;AEP - FLL;N/A;Internacional;2;;2
2025-10;AEP - FLN;Aerol¡neas Argentinas;Internacional;;93;93
2025-10;AEP - FLN;Flybondi;Internacional;;134;134
2025-10;AEP - FLN;Gol Transportes A‚reos;Internacional;;10013;10013
2025-10;AEP - FLN;JetSMART Airlines;Internacional;;3964;3964
2025-10;AEP - FMA;Aerol¡neas Argentinas;Cabotaje;;7488;7488
2025-10;AEP - FMA;Flybondi;Cabotaje;;74;74
2025-10;AEP - FMA;(en blanco);Cabotaje;76;;76
2025-10;AEP - FOR;Gol Transportes A‚reos;Internacional;;1203;1203
2025-10;AEP - FTE;Aerol¡neas Argentinas;Cabotaje;;34839;34839
2025-10;AEP - FTE;Flybondi;Cabotaje;;1723;1723
2025-10;AEP - FTE;JetSMART Airlines;Cabotaje;;1548;1548
2025-10;AEP - FTE;N/A;Cabotaje;11;2;13
2025-10;AEP - GIG;Aerol¡neas Argentinas;Internacional;;31641;31641
2025-10;AEP - GIG;Flybondi;Internacional;;7909;7909
2025-10;AEP - GIG;Gol Transportes A‚reos;Internacional;;18076;18076
2025-10;AEP - GIG;JetSMART Airlines;Internacional;;16844;16844
2025-10;AEP - GIG;N/A;Internacional;6;;6
2025-10;AEP - GIG;TAM Linhas A‚reas;Internacional;;233;233
2025-10;AEP - GIG;(en blanco);Internacional;;9;9
2025-10;AEP - GPO;American Jet;Cabotaje;;122;122
2025-10;AEP - GRU;Aerol¡neas Argentinas;Internacional;;31746;31746
2025-10;AEP - GRU;Flybondi;Internacional;;2961;2961
2025-10;AEP - GRU;Gol Transportes A‚reos;Internacional;;40535;40535
2025-10;AEP - GRU;JetSMART Airlines;Internacional;;663;663
2025-10;AEP - GRU;LATAM;Internacional;;471;471
2025-10;AEP - GRU;N/A;Internacional;7;;7
2025-10;AEP - GRU;TAM Linhas A‚reas;Internacional;;45881;45881
2025-10;AEP - IAD;N/A;Internacional;2;;2
2025-10;AEP - IGR;Aerol¡neas Argentinas;Cabotaje;;44868;44868
2025-10;AEP - IGR;Flybondi;Cabotaje;;12983;12983
2025-10;AEP - IGR;JetSMART Airlines;Cabotaje;;37607;37607
2025-10;AEP - IRJ;Aerol¡neas Argentinas;Cabotaje;;5557;5557
2025-10;AEP - IRJ;(en blanco);Cabotaje;24;10;34
2025-10;AEP - JUJ;Aerol¡neas Argentinas;Cabotaje;;18025;18025
2025-10;AEP - JUJ;Flybondi;Cabotaje;;11156;11156
2025-10;AEP - JUJ;Fuerza A‚rea Argentina;Cabotaje;4;;4
2025-10;AEP - JUJ;N/A;Cabotaje;1;1;2
2025-10;AEP - JUJ;(en blanco);Cabotaje;28;7;35
2025-10;AEP - LIM;Aerol¡neas Argentinas;Internacional;;8012;8012
2025-10;AEP - LIM;Gol Transportes A‚reos;Internacional;;133;133
2025-10;AEP - LIM;JetSMART Airlines;Internacional;;7836;7836
2025-10;AEP - LIM;LATAM Per£;Internacional;;17793;17793
2025-10;AEP - LIM;Sky Airline;Internacional;;7251;7251
2025-10;AEP - LMMM;N/A;Internacional;3;9;12
2025-10;AEP - LUQ;Aerol¡neas Argentinas;Cabotaje;;4602;4602
2025-10;AEP - LUQ;Flybondi;Cabotaje;;70;70
2025-10;AEP - LUQ;N/A;Cabotaje;;4;4
2025-10;AEP - MDE;N/A;Internacional;;3;3
2025-10;AEP - MDJS;N/A;Internacional;;4;4
2025-10;AEP - MDQ;Aerol¡neas Argentinas;Cabotaje;;18668;18668
2025-10;AEP - MDQ;JetSMART Airlines;Cabotaje;;87;87
2025-10;AEP - MDQ;LADE - L¡neas A‚reas Del Estado;Cabotaje;23;4;27
2025-10;AEP - MDQ;N/A;Cabotaje;1;29;30
2025-10;AEP - MDQ;(en blanco);Cabotaje;153;68;221
2025-10;AEP - MDZ;Aerol¡neas Argentinas;Cabotaje;;51206;51206
2025-10;AEP - MDZ;American Jet;Cabotaje;;45;45
2025-10;AEP - MDZ;Flybondi;Cabotaje;;15075;15075
2025-10;AEP - MDZ;JetSMART Airlines;Cabotaje;;49317;49317
2025-10;AEP - MDZ;N/A;Cabotaje;4;14;18
2025-10;AEP - MDZ;(en blanco);Cabotaje;108;22;130
2025-10;AEP - MIA;N/A;Internacional;4;;4
2025-10;AEP - MOR;N/A;Cabotaje;2;;2
2025-10;AEP - MVD;Aerol¡neas Argentinas;Internacional;;18333;18333
2025-10;AEP - MVD;JetSMART Airlines;Internacional;;195;195
2025-10;AEP - MVD;N/A;Internacional;8;30;38
2025-10;AEP - MVD;Sky Airline;Internacional;;186;186
2025-10;AEP - MVD;TAM Linhas A‚reas;Internacional;;162;162
2025-10;AEP - MVD;Uair;Internacional;4;;4
2025-10;AEP - MVD;(en blanco);Internacional;2;16;18
2025-10;AEP - NQN;Aerol¡neas Argentinas;Cabotaje;;31025;31025
2025-10;AEP - NQN;American Jet;Cabotaje;;1;1
2025-10;AEP - NQN;Flybondi;Cabotaje;;9871;9871
2025-10;AEP - NQN;JetSMART Airlines;Cabotaje;;33901;33901
2025-10;AEP - NQN;(en blanco);Cabotaje;2;18;20
2025-10;AEP - OPF;N/A;Internacional;5;;5
2025-10;AEP - ORA;N/A;Cabotaje;;4;4
2025-10;AEP - PDP;Aerol¡neas Argentinas;Internacional;;4668;4668
2025-10;AEP - PDP;N/A;Internacional;8;117;125
2025-10;AEP - PDP;(en blanco);Internacional;9;36;45
2025-10;AEP - PEH;(en blanco);Cabotaje;10;2;12
2025-10;AEP - PMC;(en blanco);Internacional;14;;14
2025-10;AEP - PMQ;American Jet;Cabotaje;;111;111
2025-10;AEP - PMY;Aerol¡neas Argentinas;Cabotaje;;14378;14378
2025-10;AEP - PMY;Flybondi;Cabotaje;;6248;6248
2025-10;AEP - PMY;JetSMART Airlines;Cabotaje;;93;93
2025-10;AEP - PMY;(en blanco);Cabotaje;;1;1
2025-10;AEP - POA;Aerol¡neas Argentinas;Internacional;;4173;4173
2025-10;AEP - POA;Gol Transportes A‚reos;Internacional;;2050;2050
2025-10;AEP - POA;N/A;Internacional;;7;7
2025-10;AEP - POA;TAM Linhas A‚reas;Internacional;;2626;2626
2025-10;AEP - PRA;Aerol¡neas Argentinas;Cabotaje;;3561;3561
2025-10;AEP - PRA;Flybondi;Cabotaje;;86;86
2025-10;AEP - PRA;N/A;Cabotaje;;5;5
2025-10;AEP - PSS;Aerol¡neas Argentinas;Cabotaje;;13821;13821
2025-10;AEP - PSS;Flybondi;Cabotaje;;12261;12261
2025-10;AEP - PSS;N/A;Cabotaje;;32;32
2025-10;AEP - PSS;(en blanco);Cabotaje;9;15;24
2025-10;AEP - RAF;(en blanco);Cabotaje;;4;4
2025-10;AEP - RCU;(en blanco);Cabotaje;42;17;59
2025-10;AEP - REC;Gol Transportes A‚reos;Internacional;;2490;2490
2025-10;AEP - REC;JetSMART Airlines;Internacional;;139;139
2025-10;AEP - REL;Aerol¡neas Argentinas;Cabotaje;;20184;20184
2025-10;AEP - REL;JetSMART Airlines;Cabotaje;;7989;7989
2025-10;AEP - REL;N/A;Cabotaje;;11;11
2025-10;AEP - REL;(en blanco);Cabotaje;8;90;98
2025-10;AEP - RES;Aerol¡neas Argentinas;Cabotaje;;11975;11975
2025-10;AEP - RES;Fuerza A‚rea Argentina;Cabotaje;50;;50
2025-10;AEP - RES;JetSMART Airlines;Cabotaje;;6863;6863
2025-10;AEP - RES;N/A;Cabotaje;7;15;22
2025-10;AEP - RES;(en blanco);Cabotaje;65;4;69
2025-10;AEP - RGA;Aerol¡neas Argentinas;Cabotaje;;10079;10079
2025-10;AEP - RGA;N/A;Cabotaje;5;14;19
2025-10;AEP - RGA;(en blanco);Cabotaje;;8;8
2025-10;AEP - RGL;Aerol¡neas Argentinas;Cabotaje;;222;222
2025-10;AEP - RHD;Aerol¡neas Argentinas;Cabotaje;;1363;1363
2025-10;AEP - RLO;Aerol¡neas Argentinas;Cabotaje;;1438;1438
2025-10;AEP - ROS;(en blanco);Cabotaje;1;;1
2025-10;AEP - RSA;Aerol¡neas Argentinas;Cabotaje;;3390;3390
2025-10;AEP - RSA;(en blanco);Cabotaje;6;;6
2025-10;AEP - RZA;(en blanco);Cabotaje;;2;2
2025-10;AEP - SA02;(en blanco);Cabotaje;;2;2
2025-10;AEP - SA40;(en blanco);Cabotaje;;2;2
2025-10;AEP - SAOM;(en blanco);Cabotaje;3;;3
2025-10;AEP - SCL;Aerol¡neas Argentinas;Internacional;;23982;23982
2025-10;AEP - SCL;JetSMART Airlines;Internacional;;18756;18756
2025-10;AEP - SCL;LATAM;Internacional;;35005;35005
2025-10;AEP - SCL;LATAM Per£;Internacional;;1442;1442
2025-10;AEP - SCL;Sky Airline;Internacional;;15890;15890
2025-10;AEP - SDE;Aerol¡neas Argentinas;Cabotaje;;8888;8888
2025-10;AEP - SDE;Flybondi;Cabotaje;;7800;7800
2025-10;AEP - SDE;JetSMART Airlines;Cabotaje;;93;93
2025-10;AEP - SDE;N/A;Cabotaje;6;6;12
2025-10;AEP - SDE;(en blanco);Cabotaje;133;6;139
2025-10;AEP - SFN;Aerol¡neas Argentinas;Cabotaje;;11614;11614
2025-10;AEP - SFN;Fuerza A‚rea Argentina;Cabotaje;10;;10
2025-10;AEP - SFN;N/A;Cabotaje;;4;4
2025-10;AEP - SFN;(en blanco);Cabotaje;20;5;25
2025-10;AEP - SID;N/A;Internacional;;4;4
2025-10;AEP - SLA;Aerol¡neas Argentinas;Cabotaje;;31712;31712
2025-10;AEP - SLA;Flybondi;Cabotaje;;10095;10095
2025-10;AEP - SLA;JetSMART Airlines;Cabotaje;;29210;29210
2025-10;AEP - SLA;N/A;Cabotaje;;7;7
2025-10;AEP - SLA;(en blanco);Cabotaje;18;12;30
2025-10;AEP - SSA;Aerol¡neas Argentinas;Internacional;;5952;5952
2025-10;AEP - SSA;Gol Transportes A‚reos;Internacional;;2889;2889
2025-10;AEP - STI;N/A;Internacional;6;;6
2025-10;AEP - SUAA;N/A;Internacional;;6;6
2025-10;AEP - TEB;Benair;Internacional;3;;3
2025-10;AEP - TUC;Aerol¡neas Argentinas;Cabotaje;;26232;26232
2025-10;AEP - TUC;Flybondi;Cabotaje;;10501;10501
2025-10;AEP - TUC;Fuerza A‚rea Argentina;Cabotaje;44;;44
2025-10;AEP - TUC;JetSMART Airlines;Cabotaje;;16696;16696
2025-10;AEP - TUC;N/A;Cabotaje;4;8;12
2025-10;AEP - TUC;(en blanco);Cabotaje;53;3;56
2025-10;AEP - UAQ;Aerol¡neas Argentinas;Cabotaje;;9640;9640
2025-10;AEP - UAQ;Flybondi;Cabotaje;;3637;3637
2025-10;AEP - UAQ;(en blanco);Cabotaje;12;3;15
2025-10;AEP - USH;Aerol¡neas Argentinas;Cabotaje;;33562;33562
2025-10;AEP - USH;Flybondi;Cabotaje;;2680;2680
2025-10;AEP - USH;JetSMART Airlines;Cabotaje;;2678;2678
2025-10;AEP - VDM;Aerol¡neas Argentinas;Cabotaje;;3048;3048
2025-10;AEP - VDM;American Jet;Cabotaje;;9;9
2025-10;AEP - VDM;N/A;Cabotaje;;5;5
2025-10;AEP - VDM;(en blanco);Cabotaje;4;11;15
2025-10;AEP - VLG;JetSMART Airlines;Cabotaje;;84;84
2025-10;AEP - VVI;Aerol¡neas Argentinas;Internacional;;1335;1335
2025-10;AFA - AFA;Aerol¡neas Argentinas;Cabotaje;;39;39
2025-10;AFA - AFA;(en blanco);Cabotaje;4;;4
2025-10;AFA - AR-0005;(en blanco);Cabotaje;2;;2
2025-10;AFA - COR;(en blanco);Cabotaje;3;;3
2025-10;AFA - FDO;N/A;Cabotaje;5;;5
2025-10;AFA - FDO;(en blanco);Cabotaje;2;;2
2025-10;AFA - MDZ;(en blanco);Cabotaje;17;3;20
2025-10;AFA - NQN;(en blanco);Cabotaje;1;;1
2025-10;AFA - PEH;(en blanco);Cabotaje;1;;1
2025-10;AFA - RCU;(en blanco);Cabotaje;1;;1
2025-10;AGP - BRC;N/A;Internacional;;4;4
2025-10;AGT - FDO;N/A;Internacional;;12;12
2025-10;AMS - EZE;KLM;Internacional;;15031;15031
2025-10;AMS - EZE;N/A;Internacional;;4;4
2025-10;APZ - FTE;(en blanco);Cabotaje;16;;16
2025-10;AR-0005 - COR;(en blanco);Cabotaje;2;;2
2025-10;AR-0008 - BRC;Andes L¡neas A‚reas;Cabotaje;;360;360
2025-10;AR-0008 - CNQ;(en blanco);Cabotaje;1;;1
2025-10;AR-0008 - EZE;Andes L¡neas A‚reas;Cabotaje;;1;1
2025-10;AR-0009 - CNQ;(en blanco);Cabotaje;3;;3
2025-10;AR-0009 - COR;(en blanco);Cabotaje;2;;2
2025-10;AR-0009 - FDO;(en blanco);Cabotaje;4;;4
2025-10;AR-0009 - FMA;(en blanco);Cabotaje;1;;1
2025-10;AR-0009 - RES;(en blanco);Cabotaje;1;;1
2025-10;AR-0009 - SDE;(en blanco);Cabotaje;1;;1
2025-10;AR-0009 - SLA;(en blanco);Cabotaje;2;;2
2025-10;AR-0010 - FDO;(en blanco);Cabotaje;2;;2
2025-10;AR-0014 - FDO;(en blanco);Cabotaje;3;;3
2025-10;AR-0019 - BRC;(en blanco);Cabotaje;2;;2
2025-10;AR-0019 - NQN;(en blanco);Cabotaje;2;;2
2025-10;AR-0019 - RGL;(en blanco);Cabotaje;2;;2
2025-10;AR-0023 - FTE;Andes L¡neas A‚reas;Cabotaje;;1;1
2025-10;AR-0023 - NQN;(en blanco);Cabotaje;1;;1
2025-10;AR-0027 - FDO;(en blanco);Cabotaje;2;;2
2025-10;AR-0027 - MOR;(en blanco);Cabotaje;2;;2
2025-10;AR-0028 - FDO;(en blanco);Cabotaje;2;;2
2025-10;AR-0035 - NQN;(en blanco);Cabotaje;3;;3
2025-10;AR-0036 - FDO;(en blanco);Cabotaje;5;;5
2025-10;AR-0038 - FDO;(en blanco);Cabotaje;5;5;10
2025-10;AR-0038 - JUJ;(en blanco);Cabotaje;;2;2
2025-10;AR-0041 - FDO;(en blanco);Cabotaje;;2;2
2025-10;AR-0044 - EZE;(en blanco);Cabotaje;;2;2
2025-10;AR-0044 - SFN;(en blanco);Cabotaje;1;;1
2025-10;AR-0051 - FDO;(en blanco);Cabotaje;2;;2
2025-10;AR-0052 - FDO;(en blanco);Cabotaje;5;;5
2025-10;AR-0052 - OYA;(en blanco);Cabotaje;2;;2
2025-10;AR-0052 - RES;(en blanco);Cabotaje;2;;2
2025-10;AR-0052 - SFN;(en blanco);Cabotaje;3;;3
2025-10;AR-0052 - TUC;(en blanco);Cabotaje;4;;4
2025-10;AR-0053 - FDO;(en blanco);Cabotaje;1;;1
2025-10;AR-0058 - FDO;(en blanco);Cabotaje;1;;1
2025-10;AR-0061 - COR;(en blanco);Cabotaje;1;;1
2025-10;AR-0061 - FDO;(en blanco);Cabotaje;;1;1
2025-10;AR-0061 - PRA;(en blanco);Cabotaje;1;;1
2025-10;AR-0062 - FDO;(en blanco);Cabotaje;1;;1
2025-10;AR-0063 - FDO;(en blanco);Cabotaje;;2;2
2025-10;AR-0069 - EZE;(en blanco);Cabotaje;1;1;2
2025-10;AR-0069 - FDO;(en blanco);Cabotaje;1;;1
2025-10;AR-0077 - EZE;(en blanco);Cabotaje;;1;1
2025-10;AR-0077 - OYA;(en blanco);Cabotaje;2;;2
2025-10;AR-0080 - COR;(en blanco);Cabotaje;3;;3
2025-10;AR-0080 - FDO;(en blanco);Cabotaje;4;;4
2025-10;AR-0083 - FDO;(en blanco);Cabotaje;2;;2
2025-10;AR-0083 - SDE;(en blanco);Cabotaje;1;;1
2025-10;AR-0085 - FDO;(en blanco);Cabotaje;1;;1
2025-10;AR-0088 - FDO;(en blanco);Cabotaje;2;;2
2025-10;AR-0088 - TUC;(en blanco);Cabotaje;2;;2
2025-10;AR-0100 - FDO;(en blanco);Cabotaje;3;;3
2025-10;AR-0100 - MDQ;(en blanco);Cabotaje;4;;4
2025-10;AR-0101 - FDO;(en blanco);Cabotaje;1;;1
2025-10;AR-0105 - COR;(en blanco);Cabotaje;2;;2
2025-10;AR-0111 - EZE;Flybondi;Cabotaje;;51;51
2025-10;AR-0114 - COR;(en blanco);Cabotaje;1;;1
2025-10;AR-0119 - FDO;(en blanco);Cabotaje;;2;2
2025-10;AR-0119 - RES;Ej‚rcito Argentino;Cabotaje;10;;10
2025-10;AR-0123 - ROS;(en blanco);Cabotaje;3;;3
2025-10;AR-0124 - COR;(en blanco);Cabotaje;4;;4
2025-10;AR-0138 - EZE;(en blanco);Cabotaje;1;1;2
2025-10;AR-0138 - FDO;(en blanco);Cabotaje;2;;2
2025-10;AR-0141 - COR;(en blanco);Cabotaje;3;;3
2025-10;AR-0141 - EZE;(en blanco);Cabotaje;1;4;5
2025-10;AR-0141 - TUC;(en blanco);Cabotaje;3;;3
2025-10;AR-0142 - CNQ;(en blanco);Cabotaje;4;;4
2025-10;AR-0142 - OYA;(en blanco);Cabotaje;3;;3
2025-10;AR-0143 - FDO;(en blanco);Cabotaje;1;;1
2025-10;AR-0159 - SLA;(en blanco);Cabotaje;7;;7
2025-10;AR-0166 - NQN;(en blanco);Cabotaje;3;;3
2025-10;AR-0167 - FDO;(en blanco);Cabotaje;4;;4
2025-10;AR-0168 - FDO;(en blanco);Cabotaje;3;2;5
2025-10;AR-0169 - EPA;Fuerza A‚rea Argentina;Cabotaje;3;;3
2025-10;AR-0172 - FDO;(en blanco);Cabotaje;3;;3
2025-10;AR-0175 - EPA;(en blanco);Cabotaje;1;4;5
2025-10;AR-0175 - FDO;(en blanco);Cabotaje;3;;3
2025-10;AR-0175 - MOR;(en blanco);Cabotaje;2;;2
2025-10;AR-0180 - FDO;N/A;Cabotaje;;3;3
2025-10;AR-0180 - FDO;(en blanco);Cabotaje;3;;3
2025-10;AR-0181 - CNQ;(en blanco);Cabotaje;1;;1
2025-10;AR-0185 - FDO;(en blanco);Cabotaje;1;;1
2025-10;AR-0199 - COR;(en blanco);Cabotaje;2;;2
2025-10;AR-0199 - FDO;(en blanco);Cabotaje;;1;1
2025-10;AR-0210 - PSS;(en blanco);Cabotaje;2;;2
2025-10;AR-0211 - PRA;(en blanco);Cabotaje;1;;1
2025-10;AR-0211 - SDE;(en blanco);Cabotaje;1;;1
2025-10;AR-0211 - SLA;(en blanco);Cabotaje;2;;2
2025-10;AR-0212 - FDO;(en blanco);Cabotaje;10;11;21
2025-10;AR-0212 - SDE;(en blanco);Cabotaje;5;;5
2025-10;AR-0212 - SLA;(en blanco);Cabotaje;5;2;7
2025-10;AR-0218 - FDO;(en blanco);Cabotaje;2;;2
2025-10;AR-0227 - SDE;Ej‚rcito Argentino;Cabotaje;1;;1
2025-10;AR-0232 - CPC;(en blanco);Cabotaje;;1;1
2025-10;AR-0236 - BRC;(en blanco);Cabotaje;2;2;4
2025-10;AR-0236 - NQN;(en blanco);Cabotaje;2;;2
2025-10;AR-0238 - BRC;(en blanco);Cabotaje;1;;1
2025-10;AR-0238 - CPC;(en blanco);Cabotaje;;3;3
2025-10;AR-0238 - FDO;(en blanco);Cabotaje;;1;1
2025-10;AR-0240 - FDO;(en blanco);Cabotaje;1;1;2
2025-10;AR-0252 - FDO;(en blanco);Cabotaje;1;;1
2025-10;AR-0262 - FDO;(en blanco);Cabotaje;;4;4
2025-10;AR-0263 - FDO;(en blanco);Cabotaje;2;;2
2025-10;AR-0263 - PRA;(en blanco);Cabotaje;2;;2
2025-10;AR-0271 - EPA;(en blanco);Cabotaje;1;1;2
2025-10;AR-0272 - FDO;(en blanco);Cabotaje;2;;2
2025-10;AR-0273 - SLA;(en blanco);Cabotaje;2;;2
2025-10;AR-0285 - COR;(en blanco);Cabotaje;2;;2
2025-10;AR-0289 - EPA;(en blanco);Cabotaje;;2;2
2025-10;AR-0289 - PRA;(en blanco);Cabotaje;1;;1
2025-10;AR-0313 - FDO;(en blanco);Cabotaje;2;2;4
2025-10;AR-0316 - CRD;(en blanco);Cabotaje;1;;1
2025-10;AR-0316 - FTE;(en blanco);Cabotaje;1;1;2
2025-10;AR-0316 - RGL;(en blanco);Cabotaje;;2;2
2025-10;AR-0318 - PSS;(en blanco);Cabotaje;1;;1
2025-10;AR-0319 - BHI;(en blanco);Cabotaje;1;;1
2025-10;AR-0325 - TUC;Aerol¡neas Argentinas;Cabotaje;;65;65
2025-10;AR-0328 - COR;(en blanco);Cabotaje;11;1;12
2025-10;AR-0333 - BRC;(en blanco);Cabotaje;2;;2
2025-10;AR-0333 - RHD;(en blanco);Cabotaje;;2;2
2025-10;AR-0343 - EZE;(en blanco);Cabotaje;1;2;3
2025-10;AR-0343 - FDO;(en blanco);Cabotaje;7;2;9
2025-10;AR-0354 - FDO;(en blanco);Cabotaje;1;;1
2025-10;AR-0369 - NQN;American Jet;Cabotaje;;342;342
2025-10;AR-0370 - IRJ;(en blanco);Cabotaje;1;1;2
2025-10;AR-0370 - RHD;N/A;Cabotaje;;4;4
2025-10;AR-0370 - SDE;(en blanco);Cabotaje;3;;3
2025-10;AR-0370 - SLA;(en blanco);Cabotaje;10;;10
2025-10;AR-0370 - TUC;N/A;Cabotaje;2;;2
2025-10;AR-0383 - EPA;(en blanco);Cabotaje;;1;1
2025-10;AR-0383 - FDO;(en blanco);Cabotaje;2;;2
2025-10;AR-0385 - PRA;(en blanco);Cabotaje;1;;1
2025-10;AR-0395 - COC;(en blanco);Cabotaje;3;;3
2025-10;AR-0395 - MDQ;(en blanco);Cabotaje;1;2;3
2025-10;AR-0395 - MDZ;(en blanco);Cabotaje;1;;1
2025-10;AR-0395 - PRA;(en blanco);Cabotaje;3;;3
2025-10;AR-0410 - FDO;(en blanco);Cabotaje;;1;1
2025-10;AR-0415 - MDZ;(en blanco);Cabotaje;1;;1
2025-10;AR-0424 - SDE;(en blanco);Cabotaje;2;;2
2025-10;AR-0424 - SLA;(en blanco);Cabotaje;1;;1
2025-10;AR-0441 - FDO;(en blanco);Cabotaje;;1;1
2025-10;AR-0446 - COR;N/A;Cabotaje;1;;1
2025-10;AR-0451 - SLA;(en blanco);Cabotaje;1;;1
2025-10;AR-0454 - FDO;(en blanco);Cabotaje;;2;2
2025-10;AR-0457 - EZE;(en blanco);Cabotaje;;2;2
2025-10;ARI - JUJ;N/A;Internacional;1;;1
2025-10;ASU - CNQ;N/A;Internacional;2;;2
2025-10;ASU - CNQ;(en blanco);Internacional;7;;7
2025-10;ASU - COR;Amaszonas;Internacional;;985;985
2025-10;ASU - COR;(en blanco);Internacional;7;;7
2025-10;ASU - EZE;Aerol¡neas Argentinas;Internacional;;108;108
2025-10;ASU - EZE;Amaszonas;Internacional;;88;88
2025-10;ASU - EZE;N/A;Internacional;7;9;16
2025-10;ASU - FDO;N/A;Internacional;10;;10
2025-10;ASU - FDO;(en blanco);Internacional;32;16;48
2025-10;ASU - JUJ;Amaszonas;Internacional;;372;372
2025-10;ASU - MDZ;N/A;Internacional;27;;27
2025-10;ASU - MDZ;(en blanco);Internacional;10;;10
2025-10;ASU - PSS;(en blanco);Internacional;4;6;10
2025-10;ASU - RES;Fuerza A‚rea Paraguaya;Internacional;14;;14
2025-10;ASU - SLA;Amaszonas;Internacional;;525;525
2025-10;ATL - EZE;Delta Air Lines;Internacional;;15198;15198
2025-10;BCN - EZE;Iberia Airlines;Internacional;;18194;18194
2025-10;BCN - EZE;N/A;Internacional;2;;2
2025-10;BHI - BHI;(en blanco);Cabotaje;1;;1
2025-10;BHI - BRC;Aerol¡neas Argentinas;Cabotaje;;79;79
2025-10;BHI - BRC;Andes L¡neas A‚reas;Cabotaje;;1708;1708
2025-10;BHI - BRC;Fuerza A‚rea Argentina;Cabotaje;38;;38
2025-10;BHI - BRC;LADE - L¡neas A‚reas Del Estado;Cabotaje;94;37;131
2025-10;BHI - BRC;(en blanco);Cabotaje;;7;7
2025-10;BHI - CRD;LADE - L¡neas A‚reas Del Estado;Cabotaje;28;98;126
2025-10;BHI - CRD;(en blanco);Cabotaje;82;;82
2025-10;BHI - EPA;(en blanco);Cabotaje;16;;16
2025-10;BHI - EQS;Aerol¡neas Argentinas;Cabotaje;;74;74
2025-10;BHI - EZE;Aerol¡neas Argentinas;Cabotaje;;2252;2252
2025-10;BHI - EZE;Andes L¡neas A‚reas;Cabotaje;;1;1
2025-10;BHI - FDO;(en blanco);Cabotaje;6;10;16
2025-10;BHI - LPG;(en blanco);Cabotaje;2;;2
2025-10;BHI - MDQ;LADE - L¡neas A‚reas Del Estado;Cabotaje;115;159;274
2025-10;BHI - NQN;(en blanco);Cabotaje;3;1;4
2025-10;BHI - REL;(en blanco);Cabotaje;3;;3
2025-10;BHI - RGA;Fuerza A‚rea Argentina;Cabotaje;32;;32
2025-10;BHI - RGA;(en blanco);Cabotaje;16;;16
2025-10;BHI - SA29;(en blanco);Cabotaje;1;;1
2025-10;BHI - SACD;(en blanco);Cabotaje;2;;2
2025-10;BHI - SAOL;(en blanco);Cabotaje;2;;2
2025-10;BHI - SAZJ;(en blanco);Cabotaje;2;;2
2025-10;BHI - SLA;(en blanco);Cabotaje;2;;2
2025-10;BHI - USH;N/A;Cabotaje;;1;1
2025-10;BNA - EZE;N/A;Internacional;;1;1
2025-10;BOG - COR;Avianca;Internacional;;3380;3380
2025-10;BOG - EZE;Avianca;Internacional;;32448;32448
2025-10;BOG - EZE;N/A;Internacional;3;;3
2025-10;BPS - EZE;Aerol¡neas Argentinas;Internacional;;2123;2123
2025-10;BPS - EZE;Gol Transportes A‚reos;Internacional;;818;818
2025-10;BRC - BRC;(en blanco);Cabotaje;;1;1
2025-10;BRC - COR;Aerol¡neas Argentinas;Cabotaje;;4844;4844
2025-10;BRC - COR;Flybondi;Cabotaje;;3802;3802
2025-10;BRC - COR;Fuerza A‚rea Argentina;Cabotaje;10;;10
2025-10;BRC - COR;(en blanco);Cabotaje;1;2;3
2025-10;BRC - CTC;Andes L¡neas A‚reas;Cabotaje;;1095;1095
2025-10;BRC - EPA;(en blanco);Cabotaje;50;;50
2025-10;BRC - EQS;(en blanco);Cabotaje;1;;1
2025-10;BRC - EZE;Aerol¡neas Argentinas;Cabotaje;;14746;14746
2025-10;BRC - EZE;Andes L¡neas A‚reas;Cabotaje;;13041;13041
2025-10;BRC - EZE;Flybondi;Cabotaje;;13270;13270
2025-10;BRC - EZE;JetSMART Airlines;Cabotaje;;23712;23712
2025-10;BRC - EZE;N/A;Cabotaje;7;6;13
2025-10;BRC - FDO;N/A;Cabotaje;1;7;8
2025-10;BRC - FDO;(en blanco);Cabotaje;35;26;61
2025-10;BRC - FTE;Aerol¡neas Argentinas;Cabotaje;;4500;4500
2025-10;BRC - FTE;Andes L¡neas A‚reas;Cabotaje;;626;626
2025-10;BRC - GYE;N/A;Internacional;6;;6
2025-10;BRC - IGR;N/A;Cabotaje;;5;5
2025-10;BRC - IRJ;Andes L¡neas A‚reas;Cabotaje;;93;93
2025-10;BRC - LUQ;Andes L¡neas A‚reas;Cabotaje;91;1366;1457
2025-10;BRC - MDQ;Andes L¡neas A‚reas;Cabotaje;;185;185
2025-10;BRC - MDZ;Aerol¡neas Argentinas;Cabotaje;;3418;3418
2025-10;BRC - MDZ;JetSMART Airlines;Cabotaje;;5409;5409
2025-10;BRC - MVD;Jet Aviation;Internacional;10;10;20
2025-10;BRC - NAS;N/A;Internacional;;6;6
2025-10;BRC - NQN;N/A;Cabotaje;;2;2
2025-10;BRC - NQN;(en blanco);Cabotaje;12;5;17
2025-10;BRC - PRA;Andes L¡neas A‚reas;Cabotaje;;361;361
2025-10;BRC - PRA;(en blanco);Cabotaje;2;;2
2025-10;BRC - REL;Andes L¡neas A‚reas;Cabotaje;;689;689
2025-10;BRC - RES;Andes L¡neas A‚reas;Cabotaje;;2308;2308
2025-10;BRC - SDE;Andes L¡neas A‚reas;Cabotaje;;735;735
2025-10;BRC - SFN;Andes L¡neas A‚reas;Cabotaje;92;1896;1988
2025-10;BRC - SLA;Andes L¡neas A‚reas;Cabotaje;;176;176
2025-10;BRC - TUC;(en blanco);Cabotaje;1;;1
2025-10;BRC - UAQ;Andes L¡neas A‚reas;Cabotaje;;2370;2370
2025-10;BSB - EZE;Flybondi;Internacional;;86;86
2025-10;BSB - EZE;Gol Transportes A‚reos;Internacional;;3799;3799
2025-10;BSB - FDO;(en blanco);Internacional;;10;10
2025-10;CBB - FDO;(en blanco);Internacional;4;;4
2025-10;CDG - EZE;Air France;Internacional;;15984;15984
2025-10;CGR - JUJ;N/A;Internacional;12;;12
2025-10;CGR - PSS;N/A;Internacional;3;;3
2025-10;CIA - EZE;N/A;Internacional;;4;4
2025-10;CJC - FDO;(en blanco);Internacional;3;;3
2025-10;CJC - MDZ;(en blanco);Internacional;3;;3
2025-10;CNF - EZE;N/A;Internacional;;7;7
2025-10;CNQ - COR;(en blanco);Cabotaje;1;;1
2025-10;CNQ - EZE;Aerol¡neas Argentinas;Cabotaje;;169;169
2025-10;CNQ - EZE;Flybondi;Cabotaje;;790;790
2025-10;CNQ - FDO;(en blanco);Cabotaje;24;2;26
2025-10;CNQ - FMA;(en blanco);Cabotaje;7;2;9
2025-10;CNQ - IGU;N/A;Internacional;18;;18
2025-10;CNQ - JUJ;(en blanco);Cabotaje;14;;14
2025-10;CNQ - MDX;(en blanco);Cabotaje;6;;6
2025-10;CNQ - NVT;N/A;Internacional;1;8;9
2025-10;CNQ - OYA;(en blanco);Cabotaje;4;;4
2025-10;CNQ - PIL;(en blanco);Internacional;4;;4
2025-10;CNQ - PRA;N/A;Cabotaje;4;;4
2025-10;CNQ - PRA;(en blanco);Cabotaje;1;;1
2025-10;CNQ - PSS;(en blanco);Cabotaje;11;;11
2025-10;CNQ - RES;(en blanco);Cabotaje;3;2;5
2025-10;CNQ - SAAU;(en blanco);Cabotaje;;2;2
2025-10;CNQ - SFN;(en blanco);Cabotaje;14;;14
2025-10;CNQ - VCP;N/A;Internacional;;3;3
2025-10;COC - CSZ;(en blanco);Cabotaje;1;;1
2025-10;COC - FDO;(en blanco);Cabotaje;1;1;2
2025-10;COR - COR;N/A;Cabotaje;2;;2
2025-10;COR - COR;(en blanco);Cabotaje;22;2;24
2025-10;COR - CRD;Aerol¡neas Argentinas;Cabotaje;;3068;3068
2025-10;COR - CTC;(en blanco);Cabotaje;9;1;10
2025-10;COR - CWB;N/A;Internacional;16;;16
2025-10;COR - EPA;Fuerza A‚rea Argentina;Cabotaje;8;;8
2025-10;COR - EPA;(en blanco);Cabotaje;5;;5
2025-10;COR - EQS;Aerol¡neas Argentinas;Cabotaje;;412;412
2025-10;COR - EZE;Aerol¡neas Argentinas;Cabotaje;;11218;11218
2025-10;COR - EZE;American Jet;Cabotaje;;6;6
2025-10;COR - EZE;Flybondi;Cabotaje;;1213;1213
2025-10;COR - EZE;JetSMART Airlines;Cabotaje;;745;745
2025-10;COR - EZE;(en blanco);Cabotaje;1;3;4
2025-10;COR - FDO;N/A;Cabotaje;6;12;18
2025-10;COR - FDO;(en blanco);Cabotaje;52;31;83
2025-10;COR - FTE;Aerol¡neas Argentinas;Cabotaje;;2617;2617
2025-10;COR - FTE;(en blanco);Cabotaje;1;;1
2025-10;COR - GIG;Aerol¡neas Argentinas;Internacional;;3292;3292
2025-10;COR - GIG;Gol Transportes A‚reos;Internacional;;8528;8528
2025-10;COR - GIG;JetSMART Airlines;Internacional;;4322;4322
2025-10;COR - GIG;N/A;Internacional;;9;9
2025-10;COR - GRU;Gol Transportes A‚reos;Internacional;;2867;2867
2025-10;COR - GRU;JetSMART Airlines;Internacional;;295;295
2025-10;COR - GRU;TAM Linhas A‚reas;Internacional;;1055;1055
2025-10;COR - IGR;Aerol¡neas Argentinas;Cabotaje;;3536;3536
2025-10;COR - IRJ;(en blanco);Cabotaje;9;;9
2025-10;COR - JUJ;Aerol¡neas Argentinas;Cabotaje;;2857;2857
2025-10;COR - JUJ;N/A;Cabotaje;2;2;4
2025-10;COR - JUJ;(en blanco);Cabotaje;3;9;12
2025-10;COR - LCM;(en blanco);Cabotaje;2;;2
2025-10;COR - LIM;LATAM Per£;Internacional;;12881;12881
2025-10;COR - LOB;(en blanco);Internacional;6;;6
2025-10;COR - LUQ;(en blanco);Cabotaje;3;2;5
2025-10;COR - MAD;Aerol¡neas Argentinas;Internacional;;130;130
2025-10;COR - MAD;Air Europa;Internacional;;10244;10244
2025-10;COR - MDQ;Aerol¡neas Argentinas;Cabotaje;;154;154
2025-10;COR - MDQ;(en blanco);Cabotaje;;1;1
2025-10;COR - MDZ;Aerol¡neas Argentinas;Cabotaje;;8402;8402
2025-10;COR - MDZ;American Jet;Cabotaje;;92;92
2025-10;COR - MDZ;JetSMART Airlines;Cabotaje;;120;120
2025-10;COR - MDZ;(en blanco);Cabotaje;7;4;11
2025-10;COR - MOR;(en blanco);Cabotaje;2;;2
2025-10;COR - MVD;Fuerza A‚rea Uruguaya;Internacional;24;;24
2025-10;COR - MVD;N/A;Internacional;2;2;4
2025-10;COR - MVD;(en blanco);Internacional;6;3;9
2025-10;COR - NCJ;(en blanco);Cabotaje;1;;1
2025-10;COR - NQN;Aerol¡neas Argentinas;Cabotaje;;7292;7292
2025-10;COR - NQN;Ej‚rcito Argentino;Cabotaje;2;;2
2025-10;COR - NQN;Flybondi;Cabotaje;;5326;5326
2025-10;COR - NQN;N/A;Cabotaje;3;7;10
2025-10;COR - PDP;(en blanco);Internacional;14;1;15
2025-10;COR - PDU;(en blanco);Internacional;1;;1
2025-10;COR - PIO;(en blanco);Internacional;2;;2
2025-10;COR - PMY;(en blanco);Cabotaje;;1;1
2025-10;COR - PRA;Ej‚rcito Argentino;Cabotaje;5;;5
2025-10;COR - PSS;Aerol¡neas Argentinas;Cabotaje;;1312;1312
2025-10;COR - PSS;(en blanco);Cabotaje;4;;4
2025-10;COR - PTY;Copa Airlines;Internacional;;22090;22090
2025-10;COR - PTY;N/A;Internacional;;1708;1708
2025-10;COR - PUJ;Aerol¡neas Argentinas;Internacional;;860;860
2025-10;COR - RAF;(en blanco);Cabotaje;1;1;2
2025-10;COR - RCU;N/A;Cabotaje;8;;8
2025-10;COR - RCU;(en blanco);Cabotaje;13;;13
2025-10;COR - REC;Gol Transportes A‚reos;Internacional;;1014;1014
2025-10;COR - RLO;N/A;Cabotaje;17;;17
2025-10;COR - SA05;(en blanco);Cabotaje;2;;2
2025-10;COR - SA17;(en blanco);Cabotaje;8;;8
2025-10;COR - SA40;(en blanco);Cabotaje;2;;2
2025-10;COR - SACD;(en blanco);Cabotaje;87;;87
2025-10;COR - SADO;Ej‚rcito Argentino;Cabotaje;6;;6
2025-10;COR - SAOE;(en blanco);Cabotaje;1;;1
2025-10;COR - SAOM;(en blanco);Cabotaje;4;;4
2025-10;COR - SCL;LATAM;Internacional;;10450;10450
2025-10;COR - SCL;N/A;Internacional;;8;8
2025-10;COR - SDE;Aerol¡neas Argentinas;Cabotaje;;84;84
2025-10;COR - SDE;Fuerza A‚rea Argentina;Cabotaje;373;;373
2025-10;COR - SDE;(en blanco);Cabotaje;433;2;435
2025-10;COR - SFN;(en blanco);Cabotaje;11;;11
2025-10;COR - SLA;Aerol¡neas Argentinas;Cabotaje;;6562;6562
2025-10;COR - SLA;Flybondi;Cabotaje;;3714;3714
2025-10;COR - SLA;(en blanco);Cabotaje;12;;12
2025-10;COR - SUAA;(en blanco);Internacional;4;3;7
2025-10;COR - TLC;N/A;Internacional;12;12;24
2025-10;COR - TUC;Aerol¡neas Argentinas;Cabotaje;;2957;2957
2025-10;COR - TUC;(en blanco);Cabotaje;9;5;14
2025-10;COR - USH;Aerol¡neas Argentinas;Cabotaje;;2296;2296
2025-10;COR - VMA;(en blanco);Cabotaje;10;;10
2025-10;CPC - CPC;(en blanco);Cabotaje;;8;8
2025-10;CPC - EQS;(en blanco);Cabotaje;;1;1
2025-10;CPC - EZE;Aerol¡neas Argentinas;Cabotaje;;394;394
2025-10;CPC - EZE;JetSMART Airlines;Cabotaje;;291;291
2025-10;CPC - FDO;N/A;Cabotaje;;1;1
2025-10;CPC - GNR;(en blanco);Cabotaje;;2;2
2025-10;CPC - LPG;(en blanco);Cabotaje;;2;2
2025-10;CPC - NQN;N/A;Cabotaje;;3;3
2025-10;CPC - NQN;(en blanco);Cabotaje;14;2;16
2025-10;CRD - CRD;Ej‚rcito Argentino;Cabotaje;3;;3
2025-10;CRD - EQS;N/A;Cabotaje;;3;3
2025-10;CRD - EQS;(en blanco);Cabotaje;;1;1
2025-10;CRD - EZE;Aerol¡neas Argentinas;Cabotaje;;3670;3670
2025-10;CRD - EZE;Flybondi;Cabotaje;;1557;1557
2025-10;CRD - FDO;N/A;Cabotaje;;2;2
2025-10;CRD - FDO;(en blanco);Cabotaje;17;21;38
2025-10;CRD - FTE;LADE - L¡neas A‚reas Del Estado;Cabotaje;;7;7
2025-10;CRD - MDQ;(en blanco);Cabotaje;1;1;2
2025-10;CRD - NQN;Aerol¡neas Argentinas;Cabotaje;;4340;4340
2025-10;CRD - PMC;(en blanco);Internacional;12;;12
2025-10;CRD - PMQ;LADE - L¡neas A‚reas Del Estado;Cabotaje;47;150;197
2025-10;CRD - REL;N/A;Cabotaje;;2;2
2025-10;CRD - REL;(en blanco);Cabotaje;9;1;10
2025-10;CRD - RZA;American Jet;Cabotaje;;9;9
2025-10;CRD - RZA;(en blanco);Cabotaje;1;1;2
2025-10;CRD - SCF;(en blanco);Internacional;2;;2
2025-10;CSZ - FDO;(en blanco);Cabotaje;6;3;9
2025-10;CTC - CTC;(en blanco);Cabotaje;5;;5
2025-10;CTC - EZE;Aerol¡neas Argentinas;Cabotaje;;251;251
2025-10;CTC - FDO;(en blanco);Cabotaje;20;12;32
2025-10;CTC - FMA;(en blanco);Cabotaje;4;;4
2025-10;CTC - IRJ;Aerol¡neas Argentinas;Cabotaje;;751;751
2025-10;CTC - IRJ;(en blanco);Cabotaje;1;;1
2025-10;CTC - LUQ;Andes L¡neas A‚reas;Cabotaje;;220;220
2025-10;CTC - SA42;(en blanco);Cabotaje;2;;2
2025-10;CTC - SDE;(en blanco);Cabotaje;2;;2
2025-10;CTC - SLA;N/A;Cabotaje;;3;3
2025-10;CTC - SLA;(en blanco);Cabotaje;42;108;150
2025-10;CTC - VDR;(en blanco);Cabotaje;3;;3
2025-10;CUN - EZE;Aerol¡neas Argentinas;Internacional;;7168;7168
2025-10;CWB - EZE;Aerol¡neas Argentinas;Internacional;;140;140
2025-10;CWB - EZE;N/A;Internacional;;4;4
2025-10;CWB - EZE;Sky Airline;Internacional;;97;97
2025-10;DFW - EZE;American Airlines;Internacional;;1486;1486
2025-10;DZO - FDO;N/A;Internacional;;2;2
2025-10;ELO - PSS;(en blanco);Cabotaje;5;3;8
2025-10;ENO - EPA;Fuerza A‚rea Argentina;Cabotaje;11;;11
2025-10;EPA - EPA;Fuerza A‚rea Argentina;Cabotaje;3;;3
2025-10;EPA - EPA;(en blanco);Cabotaje;15;;15
2025-10;EPA - FTE;Fuerza A‚rea Argentina;Cabotaje;5;;5
2025-10;EPA - JUJ;Fuerza A‚rea Argentina;Cabotaje;14;;14
2025-10;EPA - JUJ;(en blanco);Cabotaje;10;;10
2025-10;EPA - MDQ;(en blanco);Cabotaje;6;;6
2025-10;EPA - MDZ;(en blanco);Cabotaje;15;;15
2025-10;EPA - MOR;Fuerza A‚rea Argentina;Cabotaje;1;;1
2025-10;EPA - MOR;(en blanco);Cabotaje;6;5;11
2025-10;EPA - PRA;Fuerza A‚rea Argentina;Cabotaje;2;;2
2025-10;EPA - RCU;(en blanco);Cabotaje;4;;4
2025-10;EPA - SA36;(en blanco);Cabotaje;;1;1
2025-10;EPA - SDE;(en blanco);Cabotaje;1;;1
2025-10;EPA - SLA;Fuerza A‚rea Argentina;Cabotaje;6;;6
2025-10;EPA - SLA;(en blanco);Cabotaje;9;;9
2025-10;EPA - TDL;Fuerza A‚rea Argentina;Cabotaje;1;;1
2025-10;EPA - TUC;Fuerza A‚rea Argentina;Cabotaje;13;;13
2025-10;EPA - TUC;(en blanco);Cabotaje;16;;16
2025-10;EPA - USH;Fuerza A‚rea Argentina;Cabotaje;30;;30
2025-10;EPA - VLG;(en blanco);Cabotaje;;1;1
2025-10;EPA - VME;(en blanco);Cabotaje;2;;2
2025-10;EQS - EQS;(en blanco);Cabotaje;5;;5
2025-10;EQS - FDO;N/A;Cabotaje;;1;1
2025-10;EQS - FDO;(en blanco);Cabotaje;2;3;5
2025-10;EQS - NQN;(en blanco);Cabotaje;9;1;10
2025-10;EQS - REL;N/A;Cabotaje;;2;2
2025-10;EQS - REL;(en blanco);Cabotaje;5;1;6
2025-10;EQS - SA34;(en blanco);Cabotaje;1;;1
2025-10;EWR - EZE;N/A;Internacional;;8;8
2025-10;EZE - FCO;Aerol¡neas Argentinas;Internacional;;9630;9630
2025-10;EZE - FCO;ITA Airways;Internacional;;23244;23244
2025-10;EZE - FDO;(en blanco);Cabotaje;6;4;10
2025-10;EZE - FLL;N/A;Internacional;;4;4
2025-10;EZE - FLN;Flybondi;Internacional;;3881;3881
2025-10;EZE - FLN;Gol Transportes A‚reos;Internacional;;2344;2344
2025-10;EZE - FLN;JetSMART Airlines;Internacional;;141;141
2025-10;EZE - FLN;N/A;Internacional;;50;50
2025-10;EZE - FLN;TAM Linhas A‚reas;Internacional;;47;47
2025-10;EZE - FMA;Aerol¡neas Argentinas;Cabotaje;;635;635
2025-10;EZE - FOR;Gol Transportes A‚reos;Internacional;;1009;1009
2025-10;EZE - FOR;N/A;Internacional;;2;2
2025-10;EZE - FRA;Lufthansa;Internacional;;19848;19848
2025-10;EZE - FRA;Lufthansa Cargo;Internacional;;7;7
2025-10;EZE - FTE;Aerol¡neas Argentinas;Cabotaje;;14000;14000
2025-10;EZE - FTE;Flybondi;Cabotaje;;3904;3904
2025-10;EZE - FTE;JetSMART Airlines;Cabotaje;;5662;5662
2025-10;EZE - FTE;N/A;Cabotaje;2;2;4
2025-10;EZE - FTE;(en blanco);Cabotaje;4;10;14
2025-10;EZE - GIG;Aerol¡neas Argentinas;Internacional;;1671;1671
2025-10;EZE - GIG;Air Canada;Internacional;;298;298
2025-10;EZE - GIG;Andes L¡neas A‚reas;Internacional;;209;209
2025-10;EZE - GIG;British Airways;Internacional;;9284;9284
2025-10;EZE - GIG;Emirates Airline;Internacional;;10980;10980
2025-10;EZE - GIG;Flybondi;Internacional;;9422;9422
2025-10;EZE - GIG;Gol Transportes A‚reos;Internacional;;12267;12267
2025-10;EZE - GIG;JetSMART Airlines;Internacional;;9385;9385
2025-10;EZE - GIG;LATAM;Internacional;;1345;1345
2025-10;EZE - GIG;Lufthansa Cargo;Internacional;;4;4
2025-10;EZE - GIG;N/A;Internacional;;13;13
2025-10;EZE - GIG;TAM Linhas A‚reas;Internacional;;5182;5182
2025-10;EZE - GND;N/A;Internacional;;4;4
2025-10;EZE - GRU;Aerol¡neas Argentinas;Internacional;;104;104
2025-10;EZE - GRU;Air Canada;Internacional;;8941;8941
2025-10;EZE - GRU;Andes L¡neas A‚reas;Internacional;;86;86
2025-10;EZE - GRU;British Airways;Internacional;;99;99
2025-10;EZE - GRU;Emirates Airline;Internacional;;444;444
2025-10;EZE - GRU;Ethiopian Airlines;Internacional;;11738;11738
2025-10;EZE - GRU;Flybondi;Internacional;;1241;1241
2025-10;EZE - GRU;Gol Transportes A‚reos;Internacional;;840;840
2025-10;EZE - GRU;LATAM;Internacional;;1970;1970
2025-10;EZE - GRU;N/A;Internacional;7;2;9
2025-10;EZE - GRU;Swiss International Air Lines;Internacional;;1797;1797
2025-10;EZE - GRU;TAM Linhas A‚reas;Internacional;;8123;8123
2025-10;EZE - GRU;Turkish Airlines;Internacional;;13751;13751
2025-10;EZE - GYE;Avianca;Internacional;;1500;1500
2025-10;EZE - GYE;Avianca Costa Rica;Internacional;;2597;2597
2025-10;EZE - GYE;N/A;Internacional;;4;4
2025-10;EZE - GYE;(en blanco);Internacional;;5;5
2025-10;EZE - HPN;N/A;Internacional;;4;4
2025-10;EZE - IAD;N/A;Internacional;;6;6
2025-10;EZE - IAH;N/A;Internacional;;1;1
2025-10;EZE - IAH;United Airlines;Internacional;;17194;17194
2025-10;EZE - IGR;Aerol¡neas Argentinas;Cabotaje;;14280;14280
2025-10;EZE - IGR;Flybondi;Cabotaje;;11968;11968
2025-10;EZE - IGR;JetSMART Airlines;Cabotaje;;23063;23063
2025-10;EZE - IGU;N/A;Internacional;;5;5
2025-10;EZE - IGU;(en blanco);Internacional;3;;3
2025-10;EZE - IRJ;Aerol¡neas Argentinas;Cabotaje;;571;571
2025-10;EZE - JFK;American Airlines;Internacional;;15218;15218
2025-10;EZE - JFK;Delta Air Lines;Internacional;;1552;1552
2025-10;EZE - JFK;N/A;Internacional;5;3;8
2025-10;EZE - JPA;Gol Transportes A‚reos;Internacional;;509;509
2025-10;EZE - JUJ;Aerol¡neas Argentinas;Cabotaje;;2605;2605
2025-10;EZE - JUJ;Flybondi;Cabotaje;;9360;9360
2025-10;EZE - JUJ;(en blanco);Cabotaje;2;2;4
2025-10;EZE - LHR;British Airways;Internacional;;179;179
2025-10;EZE - LHR;N/A;Internacional;;5;5
2025-10;EZE - LIM;Aerol¡neas Argentinas;Internacional;;232;232
2025-10;EZE - LIM;JetSMART Airlines;Internacional;;158;158
2025-10;EZE - LIM;LATAM Ecuador;Internacional;;7267;7267
2025-10;EZE - LIM;LATAM Per£;Internacional;;23085;23085
2025-10;EZE - LIM;N/A;Internacional;14;5;19
2025-10;EZE - LIM;Sky Airline;Internacional;;833;833
2025-10;EZE - LIN;N/A;Internacional;;6;6
2025-10;EZE - LMMM;N/A;Internacional;16;9;25
2025-10;EZE - LTN;N/A;Internacional;;8;8
2025-10;EZE - LUQ;Aerol¡neas Argentinas;Cabotaje;;442;442
2025-10;EZE - MAD;Aerol¡neas Argentinas;Internacional;;24234;24234
2025-10;EZE - MAD;Air Europa;Internacional;;19105;19105
2025-10;EZE - MAD;Iberia Airlines;Internacional;;55702;55702
2025-10;EZE - MCZ;Gol Transportes A‚reos;Internacional;;538;538
2025-10;EZE - MDE;Arajet;Internacional;;163;163
2025-10;EZE - MDE;Avianca;Internacional;;8564;8564
2025-10;EZE - MDE;Avianca Costa Rica;Internacional;;169;169
2025-10;EZE - MDQ;Aerol¡neas Argentinas;Cabotaje;;695;695
2025-10;EZE - MDQ;N/A;Cabotaje;2;1;3
2025-10;EZE - MDQ;(en blanco);Cabotaje;2;2;4
2025-10;EZE - MDX;(en blanco);Cabotaje;;1;1
2025-10;EZE - MDZ;Aerol¡neas Argentinas;Cabotaje;;11899;11899
2025-10;EZE - MDZ;American Jet;Cabotaje;;74;74
2025-10;EZE - MDZ;Flybondi;Cabotaje;;2471;2471
2025-10;EZE - MDZ;JetSMART Airlines;Cabotaje;;13357;13357
2025-10;EZE - MEX;Aerom‚xico;Internacional;;16089;16089
2025-10;EZE - MIA;Aerol¡neas Argentinas;Internacional;;27398;27398
2025-10;EZE - MIA;American Airlines;Internacional;;32049;32049
2025-10;EZE - MUC;N/A;Internacional;1;;1
2025-10;EZE - MVD;Aerol¡neas Argentinas;Internacional;;140;140
2025-10;EZE - MVD;Copa Airlines;Internacional;;174;174
2025-10;EZE - MVD;Fuerza A‚rea Uruguaya;Internacional;7;;7
2025-10;EZE - MVD;LATAM;Internacional;2;2;4
2025-10;EZE - MVD;Lufthansa Cargo;Internacional;;1;1
2025-10;EZE - MVD;N/A;Internacional;55;19;74
2025-10;EZE - NAN;N/A;Internacional;;5;5
2025-10;EZE - NAT;Gol Transportes A‚reos;Internacional;;1147;1147
2025-10;EZE - NAT;(en blanco);Internacional;;6;6
2025-10;EZE - NCJ;N/A;Cabotaje;;8;8
2025-10;EZE - NQN;Aerol¡neas Argentinas;Cabotaje;;8336;8336
2025-10;EZE - NQN;Flybondi;Cabotaje;;794;794
2025-10;EZE - NQN;JetSMART Airlines;Cabotaje;;10250;10250
2025-10;EZE - OPF;N/A;Internacional;;4;4
2025-10;EZE - ORA;N/A;Cabotaje;;4;4
2025-10;EZE - PAC;N/A;Internacional;5;5;10
2025-10;EZE - PDP;N/A;Internacional;1;9;10
2025-10;EZE - PDP;(en blanco);Internacional;4;10;14
2025-10;EZE - PMQ;(en blanco);Cabotaje;;7;7
2025-10;EZE - PMY;Aerol¡neas Argentinas;Cabotaje;;813;813
2025-10;EZE - PMY;Flybondi;Cabotaje;;2092;2092
2025-10;EZE - POA;Gol Transportes A‚reos;Internacional;;135;135
2025-10;EZE - POA;LATAM;Internacional;;4;4
2025-10;EZE - POA;N/A;Internacional;4;;4
2025-10;EZE - PSS;Aerol¡neas Argentinas;Cabotaje;;2003;2003
2025-10;EZE - PSS;Flybondi;Cabotaje;;740;740
2025-10;EZE - PSS;N/A;Cabotaje;;1;1
2025-10;EZE - PTY;Copa Airlines;Internacional;;57209;57209
2025-10;EZE - PTY;Flybondi;Internacional;;122;122
2025-10;EZE - PTY;N/A;Internacional;;11;11
2025-10;EZE - PUJ;Aerol¡neas Argentinas;Internacional;;10839;10839
2025-10;EZE - PUJ;Arajet;Internacional;;14960;14960
2025-10;EZE - RAF;(en blanco);Cabotaje;3;2;5
2025-10;EZE - REC;JetSMART Airlines;Internacional;;5653;5653
2025-10;EZE - REL;Aerol¡neas Argentinas;Cabotaje;;1949;1949
2025-10;EZE - REL;Flybondi;Cabotaje;;142;142
2025-10;EZE - REL;JetSMART Airlines;Cabotaje;;431;431
2025-10;EZE - RES;Aerol¡neas Argentinas;Cabotaje;;781;781
2025-10;EZE - RES;Andes L¡neas A‚reas;Cabotaje;;2;2
2025-10;EZE - RES;JetSMART Airlines;Cabotaje;;141;141
2025-10;EZE - RGA;Aerol¡neas Argentinas;Cabotaje;;185;185
2025-10;EZE - RGL;Aerol¡neas Argentinas;Cabotaje;;141;141
2025-10;EZE - RHD;Aerol¡neas Argentinas;Cabotaje;;33;33
2025-10;EZE - RLO;Aerol¡neas Argentinas;Cabotaje;;38;38
2025-10;EZE - RSA;Aerol¡neas Argentinas;Cabotaje;;153;153
2025-10;EZE - SA02;(en blanco);Cabotaje;;3;3
2025-10;EZE - SCL;Aerol¡neas Argentinas;Internacional;;956;956
2025-10;EZE - SCL;Andes L¡neas A‚reas;Internacional;;83;83
2025-10;EZE - SCL;JetSMART Airlines;Internacional;;1964;1964
2025-10;EZE - SCL;KLM;Internacional;;9885;9885
2025-10;EZE - SCL;LATAM;Internacional;;22802;22802
2025-10;EZE - SCL;N/A;Internacional;11;15;26
2025-10;EZE - SCL;Sky Airline;Internacional;;3075;3075
2025-10;EZE - SDE;Aerol¡neas Argentinas;Cabotaje;;665;665
2025-10;EZE - SDE;Flybondi;Cabotaje;;397;397
2025-10;EZE - SFN;Aerol¡neas Argentinas;Cabotaje;;666;666
2025-10;EZE - SFN;N/A;Cabotaje;6;;6
2025-10;EZE - SFN;(en blanco);Cabotaje;2;;2
2025-10;EZE - SID;N/A;Internacional;2;;2
2025-10;EZE - SID;(en blanco);Internacional;6;;6
2025-10;EZE - SLA;Aerol¡neas Argentinas;Cabotaje;;8747;8747
2025-10;EZE - SLA;Flybondi;Cabotaje;;8282;8282
2025-10;EZE - SLA;JetSMART Airlines;Cabotaje;;5914;5914
2025-10;EZE - SLA;(en blanco);Cabotaje;3;1;4
2025-10;EZE - SSA;Aerol¡neas Argentinas;Internacional;;138;138
2025-10;EZE - SSA;Air Europa;Internacional;;339;339
2025-10;EZE - SSA;Sky Airline;Internacional;;2001;2001
2025-10;EZE - SUAA;(en blanco);Internacional;;6;6
2025-10;EZE - TEB;(en blanco);Internacional;5;4;9
2025-10;EZE - TFS;N/A;Internacional;1;;1
2025-10;EZE - TLC;N/A;Internacional;;2;2
2025-10;EZE - TUC;Aerol¡neas Argentinas;Cabotaje;;7671;7671
2025-10;EZE - TUC;Flybondi;Cabotaje;;3893;3893
2025-10;EZE - TUC;JetSMART Airlines;Cabotaje;;9971;9971
2025-10;EZE - UAQ;Aerol¡neas Argentinas;Cabotaje;;1827;1827
2025-10;EZE - UAQ;American Jet;Cabotaje;;71;71
2025-10;EZE - UAQ;Andes L¡neas A‚reas;Cabotaje;;3;3
2025-10;EZE - UAQ;Flybondi;Cabotaje;;2255;2255
2025-10;EZE - UAQ;(en blanco);Cabotaje;1;;1
2025-10;EZE - UIO;Avianca;Internacional;;1519;1519
2025-10;EZE - UIO;Avianca Costa Rica;Internacional;;2221;2221
2025-10;EZE - USH;Aerol¡neas Argentinas;Cabotaje;;16475;16475
2025-10;EZE - USH;Flybondi;Cabotaje;;6285;6285
2025-10;EZE - USH;JetSMART Airlines;Cabotaje;;1784;1784
2025-10;EZE - USH;N/A;Cabotaje;1;1;2
2025-10;EZE - VVI;Avianca;Internacional;;178;178
2025-10;EZE - VVI;Boliviana de Aviacion;Internacional;;14257;14257
2025-10;EZE - YIP;N/A;Internacional;;7;7
2025-10;FDO - FDO;N/A;Cabotaje;;2;2
2025-10;FDO - FDO;(en blanco);Cabotaje;38;12;50
2025-10;FDO - FLL;(en blanco);Internacional;4;;4
2025-10;FDO - FLN;(en blanco);Internacional;8;11;19
2025-10;FDO - FMA;(en blanco);Cabotaje;6;15;21
2025-10;FDO - FTE;N/A;Cabotaje;;1;1
2025-10;FDO - FTE;(en blanco);Cabotaje;;16;16
2025-10;FDO - GHU;(en blanco);Cabotaje;2;;2
2025-10;FDO - GIG;N/A;Internacional;;4;4
2025-10;FDO - GIG;(en blanco);Internacional;5;;5
2025-10;FDO - GNR;N/A;Cabotaje;;2;2
2025-10;FDO - GPO;American Jet;Cabotaje;;7;7
2025-10;FDO - GPO;(en blanco);Cabotaje;1;1;2
2025-10;FDO - GRU;N/A;Internacional;;3;3
2025-10;FDO - GRU;(en blanco);Internacional;3;8;11
2025-10;FDO - GYE;N/A;Internacional;2;;2
2025-10;FDO - GYE;(en blanco);Internacional;14;10;24
2025-10;FDO - IGR;N/A;Cabotaje;;4;4
2025-10;FDO - IGR;(en blanco);Cabotaje;2;10;12
2025-10;FDO - IGU;N/A;Internacional;7;;7
2025-10;FDO - IGU;(en blanco);Internacional;4;;4
2025-10;FDO - IQT;(en blanco);Internacional;5;;5
2025-10;FDO - IRJ;N/A;Cabotaje;6;;6
2025-10;FDO - IRJ;(en blanco);Cabotaje;3;2;5
2025-10;FDO - JNI;(en blanco);Cabotaje;1;;1
2025-10;FDO - JUJ;N/A;Cabotaje;5;1;6
2025-10;FDO - JUJ;(en blanco);Cabotaje;7;8;15
2025-10;FDO - KNA;N/A;Internacional;;1;1
2025-10;FDO - LGS;N/A;Cabotaje;;1;1
2025-10;FDO - LIM;N/A;Internacional;14;;14
2025-10;FDO - LMMM;N/A;Internacional;19;;19
2025-10;FDO - LMMM;(en blanco);Internacional;8;7;15
2025-10;FDO - LPG;(en blanco);Cabotaje;4;3;7
2025-10;FDO - LUQ;N/A;Cabotaje;;18;18
2025-10;FDO - LUQ;(en blanco);Cabotaje;16;1;17
2025-10;FDO - MDQ;N/A;Cabotaje;9;7;16
2025-10;FDO - MDQ;(en blanco);Cabotaje;53;78;131
2025-10;FDO - MDX;(en blanco);Cabotaje;;4;4
2025-10;FDO - MDZ;N/A;Cabotaje;12;8;20
2025-10;FDO - MDZ;(en blanco);Cabotaje;49;37;86
2025-10;FDO - MJR;(en blanco);Cabotaje;6;6;12
2025-10;FDO - MOR;(en blanco);Cabotaje;6;1;7
2025-10;FDO - MVD;Fuerza A‚rea Uruguaya;Internacional;3;;3
2025-10;FDO - MVD;N/A;Internacional;25;20;45
2025-10;FDO - MVD;(en blanco);Internacional;18;31;49
2025-10;FDO - NAS;N/A;Internacional;;6;6
2025-10;FDO - NCJ;(en blanco);Cabotaje;10;2;12
2025-10;FDO - NEC;(en blanco);Cabotaje;2;2;4
2025-10;FDO - NQN;N/A;Cabotaje;;6;6
2025-10;FDO - NQN;(en blanco);Cabotaje;33;36;69
2025-10;FDO - OVR;(en blanco);Cabotaje;3;2;5
2025-10;FDO - OYA;(en blanco);Cabotaje;2;;2
2025-10;FDO - PDP;N/A;Internacional;58;73;131
2025-10;FDO - PDP;(en blanco);Internacional;212;98;310
2025-10;FDO - PEH;(en blanco);Cabotaje;10;4;14
2025-10;FDO - PMQ;(en blanco);Cabotaje;1;11;12
2025-10;FDO - PMY;(en blanco);Cabotaje;19;24;43
2025-10;FDO - PNT;(en blanco);Internacional;;15;15
2025-10;FDO - POA;N/A;Internacional;14;5;19
2025-10;FDO - POA;(en blanco);Internacional;;3;3
2025-10;FDO - PRA;N/A;Cabotaje;;1;1
2025-10;FDO - PRA;(en blanco);Cabotaje;15;1;16
2025-10;FDO - PSS;N/A;Cabotaje;;2;2
2025-10;FDO - PSS;(en blanco);Cabotaje;32;3;35
2025-10;FDO - PUJ;(en blanco);Internacional;7;;7
2025-10;FDO - RAF;(en blanco);Cabotaje;5;4;9
2025-10;FDO - RCU;(en blanco);Cabotaje;4;;4
2025-10;FDO - REL;N/A;Cabotaje;3;;3
2025-10;FDO - REL;(en blanco);Cabotaje;26;23;49
2025-10;FDO - RES;N/A;Cabotaje;2;5;7
2025-10;FDO - RES;(en blanco);Cabotaje;5;10;15
2025-10;FDO - RGA;N/A;Cabotaje;2;4;6
2025-10;FDO - RHD;(en blanco);Cabotaje;5;4;9
2025-10;FDO - RLO;N/A;Cabotaje;1;1;2
2025-10;FDO - RSA;(en blanco);Cabotaje;20;2;22
2025-10;FDO - SA04;(en blanco);Cabotaje;12;6;18
2025-10;FDO - SA05;(en blanco);Cabotaje;2;;2
2025-10;FDO - SA24;(en blanco);Cabotaje;2;;2
2025-10;FDO - SA26;(en blanco);Cabotaje;2;;2
2025-10;FDO - SA31;(en blanco);Cabotaje;4;;4
2025-10;FDO - SA32;(en blanco);Cabotaje;2;;2
2025-10;FDO - SA36;N/A;Cabotaje;3;;3
2025-10;FDO - SA36;(en blanco);Cabotaje;1;;1
2025-10;FDO - SAAN;(en blanco);Cabotaje;3;;3
2025-10;FDO - SACD;(en blanco);Cabotaje;1;;1
2025-10;FDO - SADZ;(en blanco);Cabotaje;;1;1
2025-10;FDO - SAEA;(en blanco);Cabotaje;5;;5
2025-10;FDO - SAOL;(en blanco);Cabotaje;2;;2
2025-10;FDO - SAOM;(en blanco);Cabotaje;1;;1
2025-10;FDO - SARV;N/A;Cabotaje;;2;2
2025-10;FDO - SAVO;(en blanco);Cabotaje;1;;1
2025-10;FDO - SAZA;(en blanco);Cabotaje;1;;1
2025-10;FDO - SCL;N/A;Internacional;9;;9
2025-10;FDO - SCL;(en blanco);Internacional;19;12;31
2025-10;FDO - SDE;(en blanco);Cabotaje;52;9;61
2025-10;FDO - SFN;N/A;Cabotaje;;3;3
2025-10;FDO - SFN;(en blanco);Cabotaje;6;2;8
2025-10;FDO - SLA;N/A;Cabotaje;2;;2
2025-10;FDO - SLA;(en blanco);Cabotaje;18;12;30
2025-10;FDO - SUAA;N/A;Internacional;4;7;11
2025-10;FDO - SUAA;(en blanco);Internacional;42;14;56
2025-10;FDO - SUCM;N/A;Internacional;2;;2
2025-10;FDO - SUCM;(en blanco);Internacional;28;15;43
2025-10;FDO - TDL;(en blanco);Cabotaje;4;3;7
2025-10;FDO - TTG;N/A;Cabotaje;;2;2
2025-10;FDO - TTG;(en blanco);Cabotaje;5;;5
2025-10;FDO - TUC;N/A;Cabotaje;1;;1
2025-10;FDO - TUC;(en blanco);Cabotaje;25;8;33
2025-10;FDO - UAQ;N/A;Cabotaje;3;5;8
2025-10;FDO - UAQ;(en blanco);Cabotaje;;5;5
2025-10;FDO - USH;N/A;Cabotaje;;2;2
2025-10;FDO - USH;(en blanco);Cabotaje;;1;1
2025-10;FDO - UYU;(en blanco);Internacional;;2;2
2025-10;FDO - VCP;N/A;Internacional;10;;10
2025-10;FDO - VCP;(en blanco);Internacional;4;7;11
2025-10;FDO - VDM;N/A;Cabotaje;;3;3
2025-10;FDO - VDM;(en blanco);Cabotaje;1;8;9
2025-10;FDO - VDR;(en blanco);Cabotaje;4;;4
2025-10;FDO - VLG;(en blanco);Cabotaje;18;;18
2025-10;FDO - VME;N/A;Cabotaje;8;4;12
2025-10;FDO - VME;(en blanco);Cabotaje;13;;13
2025-10;FDO - VVI;(en blanco);Internacional;;2;2
2025-10;FLL - SLA;(en blanco);Internacional;6;;6
2025-10;FLN - MDQ;(en blanco);Internacional;4;;4
2025-10;FMA - PSS;(en blanco);Cabotaje;3;;3
2025-10;FMA - SADO;Ej‚rcito Argentino;Cabotaje;6;;6
2025-10;FOR - IGR;(en blanco);Internacional;;6;6
2025-10;FOR - MDZ;(en blanco);Internacional;8;;8
2025-10;FTE - FTE;(en blanco);Cabotaje;;2;2
2025-10;FTE - IGU;(en blanco);Internacional;;3;3
2025-10;FTE - MDZ;(en blanco);Cabotaje;34;;34
2025-10;FTE - NQN;(en blanco);Cabotaje;2;1;3
2025-10;FTE - PMQ;LADE - L¡neas A‚reas Del Estado;Cabotaje;15;55;70
2025-10;FTE - REL;Aerol¡neas Argentinas;Cabotaje;;2026;2026
2025-10;FTE - REL;N/A;Cabotaje;3;;3
2025-10;FTE - RGA;LADE - L¡neas A‚reas Del Estado;Cabotaje;14;178;192
2025-10;FTE - SA02;(en blanco);Cabotaje;;3;3
2025-10;FTE - USH;Aerol¡neas Argentinas;Cabotaje;;13388;13388
2025-10;FTE - USH;Flybondi;Cabotaje;;1621;1621
2025-10;FTE - USH;(en blanco);Cabotaje;6;;6
2025-10;GHU - PRA;(en blanco);Cabotaje;1;;1
2025-10;GIG - IGR;N/A;Internacional;;2;2
2025-10;GIG - MDZ;JetSMART Airlines;Internacional;;2128;2128
2025-10;GIG - MDZ;(en blanco);Internacional;1;;1
2025-10;GIG - PSS;(en blanco);Internacional;4;;4
2025-10;GIG - SDE;(en blanco);Internacional;7;;7
2025-10;GNR - NQN;(en blanco);Cabotaje;7;;7
2025-10;GPO - MOR;(en blanco);Cabotaje;;2;2
2025-10;GRU - IGR;(en blanco);Internacional;;10;10
2025-10;GRU - MDZ;Gol Transportes A‚reos;Internacional;;5424;5424
2025-10;GRU - MDZ;JetSMART Airlines;Internacional;;131;131
2025-10;GRU - MDZ;TAM Linhas A‚reas;Internacional;;5105;5105
2025-10;GYE - MDZ;(en blanco);Internacional;;10;10
2025-10;GYE - TUC;(en blanco);Internacional;11;;11
2025-10;HOS - NQN;(en blanco);Cabotaje;16;;16
2025-10;IGR - IGR;(en blanco);Cabotaje;5;6;11
2025-10;IGR - IGU;JetSMART Airlines;Internacional;;183;183
2025-10;IGR - IGU;NetJets;Internacional;6;;6
2025-10;IGR - IGU;(en blanco);Internacional;2;4;6
2025-10;IGR - MDX;(en blanco);Cabotaje;;3;3
2025-10;IGR - MDZ;(en blanco);Cabotaje;;12;12
2025-10;IGR - NCE;N/A;Internacional;2;;2
2025-10;IGR - PSS;Aerol¡neas Argentinas;Cabotaje;;224;224
2025-10;IGR - PSS;Flybondi;Cabotaje;;144;144
2025-10;IGR - PSS;(en blanco);Cabotaje;6;3;9
2025-10;IGR - SAOM;(en blanco);Cabotaje;;3;3
2025-10;IGR - SFN;Aerol¡neas Argentinas;Cabotaje;;1706;1706
2025-10;IGR - SLA;Aerol¡neas Argentinas;Cabotaje;;3255;3255
2025-10;IGR - SSA;(en blanco);Internacional;2;;2
2025-10;IGR - UYU;N/A;Internacional;;2;2
2025-10;IGR - YIP;NetJets;Internacional;6;;6
2025-10;IGU - MDZ;(en blanco);Internacional;9;;9
2025-10;IRJ - SANO;(en blanco);Cabotaje;5;;5
2025-10;IRJ - SDE;(en blanco);Cabotaje;1;;1
2025-10;IRJ - SLA;(en blanco);Cabotaje;5;;5
2025-10;IRJ - TUC;(en blanco);Cabotaje;1;;1
2025-10;JUJ - JUJ;(en blanco);Cabotaje;2;;2
2025-10;JUJ - ORA;(en blanco);Cabotaje;1;;1
2025-10;JUJ - RES;Ej‚rcito Argentino;Cabotaje;7;;7
2025-10;JUJ - SA24;(en blanco);Cabotaje;2;;2
2025-10;JUJ - SDE;(en blanco);Cabotaje;5;;5
2025-10;JUJ - SLA;(en blanco);Cabotaje;6;;6
2025-10;JUJ - TTG;Ej‚rcito Argentino;Cabotaje;3;;3
2025-10;JUJ - TTG;(en blanco);Cabotaje;2;;2
2025-10;JUJ - TUC;(en blanco);Cabotaje;3;;3
2025-10;LAX - MDZ;N/A;Internacional;;1;1
2025-10;LGS - RSA;(en blanco);Cabotaje;;1;1
2025-10;LIM - MDZ;LATAM Per£;Internacional;;5943;5943
2025-10;LIM - SLA;Fuerza A‚rea Argentina;Internacional;30;;30
2025-10;LIM - SLA;LATAM Per£;Internacional;;4133;4133
2025-10;LPA - REL;N/A;Internacional;;3;3
2025-10;LPG - MDQ;(en blanco);Cabotaje;9;;9
2025-10;LPG - MOR;(en blanco);Cabotaje;1;;1
2025-10;LPG - REL;N/A;Cabotaje;;1;1
2025-10;LUQ - LUQ;(en blanco);Cabotaje;2;;2
2025-10;LUQ - SCL;Andes L¡neas A‚reas;Internacional;;183;183
2025-10;LUQ - VME;(en blanco);Cabotaje;9;;9
2025-10;MCS - PSS;Ej‚rcito Argentino;Cabotaje;1;;1
2025-10;MDQ - MDZ;Aerol¡neas Argentinas;Cabotaje;;1306;1306
2025-10;MDQ - MDZ;American Jet;Cabotaje;;42;42
2025-10;MDQ - MDZ;(en blanco);Cabotaje;;2;2
2025-10;MDQ - MOR;N/A;Cabotaje;2;;2
2025-10;MDQ - MOR;(en blanco);Cabotaje;4;;4
2025-10;MDQ - MVD;(en blanco);Internacional;;6;6
2025-10;MDQ - PDP;(en blanco);Internacional;;2;2
2025-10;MDQ - PRA;(en blanco);Cabotaje;2;;2
2025-10;MDQ - PSS;(en blanco);Cabotaje;3;3;6
2025-10;MDQ - RAF;(en blanco);Cabotaje;1;;1
2025-10;MDQ - RCU;(en blanco);Cabotaje;9;;9
2025-10;MDQ - RES;(en blanco);Cabotaje;6;;6
2025-10;MDQ - SA31;(en blanco);Cabotaje;;2;2
2025-10;MDQ - SAAN;(en blanco);Cabotaje;5;3;8
2025-10;MDQ - SST;(en blanco);Cabotaje;2;;2
2025-10;MDQ - VLG;(en blanco);Cabotaje;1;;1
2025-10;MDQ - VME;(en blanco);Cabotaje;23;;23
2025-10;MDZ - MDZ;Aerol¡neas Argentinas;Cabotaje;;48;48
2025-10;MDZ - MDZ;(en blanco);Cabotaje;12;2;14
2025-10;MDZ - NQN;Aerol¡neas Argentinas;Cabotaje;;4521;4521
2025-10;MDZ - NQN;American Jet;Cabotaje;;183;183
2025-10;MDZ - NQN;(en blanco);Cabotaje;2;1;3
2025-10;MDZ - PNT;(en blanco);Internacional;12;;12
2025-10;MDZ - PSS;(en blanco);Cabotaje;2;2;4
2025-10;MDZ - PTY;Copa Airlines;Internacional;;6827;6827
2025-10;MDZ - RCQ;(en blanco);Cabotaje;7;;7
2025-10;MDZ - RCU;(en blanco);Cabotaje;45;;45
2025-10;MDZ - SA02;(en blanco);Cabotaje;1;;1
2025-10;MDZ - SA40;(en blanco);Cabotaje;2;1;3
2025-10;MDZ - SCL;Aerocardal;Internacional;7;7;14
2025-10;MDZ - SCL;JetSMART Airlines;Internacional;;5137;5137
2025-10;MDZ - SCL;LATAM;Internacional;;15490;15490
2025-10;MDZ - SCL;Sky Airline;Internacional;;9675;9675
2025-10;MDZ - SCL;(en blanco);Internacional;5;;5
2025-10;MDZ - SDE;(en blanco);Cabotaje;1;;1
2025-10;MDZ - SFN;American Jet;Cabotaje;;38;38
2025-10;MDZ - SID;N/A;Internacional;1;;1
2025-10;MDZ - SLA;Aerol¡neas Argentinas;Cabotaje;;3003;3003
2025-10;MDZ - SLA;JetSMART Airlines;Cabotaje;;7601;7601
2025-10;MDZ - SUCM;(en blanco);Internacional;4;;4
2025-10;MDZ - TUC;(en blanco);Cabotaje;3;;3
2025-10;MOR - MOR;(en blanco);Cabotaje;12;;12
2025-10;MOR - PRA;(en blanco);Cabotaje;2;;2
2025-10;MOR - SA04;(en blanco);Cabotaje;1;;1
2025-10;MOR - SARV;(en blanco);Cabotaje;2;;2
2025-10;MOR - VME;(en blanco);Cabotaje;1;;1
2025-10;MPN - USH;LATAM;Cabotaje;;80;80
2025-10;MVD - SFN;Fuerza A‚rea Uruguaya;Internacional;2;;2
2025-10;MVD - USH;N/A;Internacional;8;6;14
2025-10;NCE - RES;N/A;Internacional;2;;2
2025-10;NCJ - PSS;(en blanco);Cabotaje;5;;5
2025-10;NCJ - SDE;(en blanco);Cabotaje;4;;4
2025-10;NCJ - TUC;(en blanco);Cabotaje;1;;1
2025-10;NQN - NQN;American Jet;Cabotaje;;79;79
2025-10;NQN - NQN;(en blanco);Cabotaje;29;1;30
2025-10;NQN - OES;(en blanco);Cabotaje;4;;4
2025-10;NQN - RDS;(en blanco);Cabotaje;14;;14
2025-10;NQN - RSA;(en blanco);Cabotaje;2;2;4
2025-10;NQN - SA16;(en blanco);Cabotaje;1;;1
2025-10;NQN - SA17;(en blanco);Cabotaje;3;;3
2025-10;NQN - SA34;(en blanco);Cabotaje;1;;1
2025-10;NQN - SCL;Aerocardal;Internacional;14;;14
2025-10;NQN - SLA;JetSMART Airlines;Cabotaje;;8395;8395
2025-10;NVT - PSS;N/A;Internacional;4;;4
2025-10;ORA - SLA;Ej‚rcito Argentino;Cabotaje;1;;1
2025-10;ORA - SLA;N/A;Cabotaje;;8;8
2025-10;ORA - SLA;(en blanco);Cabotaje;33;13;46
2025-10;OYA - SAOM;(en blanco);Cabotaje;1;;1
2025-10;PDP - PRA;(en blanco);Internacional;2;;2
2025-10;PDP - SFN;(en blanco);Internacional;6;2;8
2025-10;PDU - TUC;(en blanco);Internacional;4;;4
2025-10;PEH - RSA;(en blanco);Cabotaje;2;;2
2025-10;PMQ - RGA;LADE - L¡neas A‚reas Del Estado;Cabotaje;;1;1
2025-10;PMY - PMY;Flybondi;Cabotaje;;306;306
2025-10;PNT - USH;(en blanco);Internacional;12;;12
2025-10;PRA - RES;(en blanco);Cabotaje;2;;2
2025-10;PSS - PSS;Ej‚rcito Argentino;Cabotaje;1;;1
2025-10;PSS - PSS;(en blanco);Cabotaje;8;;8
2025-10;PSS - RES;(en blanco);Cabotaje;1;;1
2025-10;PSS - SA23;(en blanco);Cabotaje;1;;1
2025-10;PSS - SATI;(en blanco);Cabotaje;1;;1
2025-10;PSS - SATO;(en blanco);Cabotaje;6;1;7
2025-10;PSS - SFN;N/A;Cabotaje;1;1;2
2025-10;PTY - SLA;Copa Airlines;Internacional;;3443;3443
2025-10;PTY - TUC;Copa Airlines;Internacional;;3590;3590
2025-10;PUJ - TUC;Aerol¡neas Argentinas;Internacional;;924;924
2025-10;PUQ - USH;LATAM;Internacional;;145;145
2025-10;PUQ - USH;(en blanco);Internacional;2;;2
2025-10;RAF - SDE;(en blanco);Cabotaje;1;;1
2025-10;RCQ - RES;(en blanco);Cabotaje;1;;1
2025-10;RCQ - SFN;(en blanco);Cabotaje;2;2;4
2025-10;RCU - SA32;(en blanco);Cabotaje;1;;1
2025-10;RCU - SLA;N/A;Cabotaje;8;;8
2025-10;RDS - RSA;(en blanco);Cabotaje;2;;2
2025-10;REL - RGA;N/A;Cabotaje;6;;6
2025-10;REL - USH;Aerol¡neas Argentinas;Cabotaje;;210;210
2025-10;RES - SAAU;(en blanco);Cabotaje;4;;4
2025-10;RES - SAOM;(en blanco);Cabotaje;1;;1
2025-10;RES - SARV;(en blanco);Cabotaje;2;;2
2025-10;RES - SLA;Ej‚rcito Argentino;Cabotaje;5;;5
2025-10;RES - SLA;(en blanco);Cabotaje;;1;1
2025-10;RES - TTG;Ej‚rcito Argentino;Cabotaje;4;;4
2025-10;RGA - USH;LADE - L¡neas A‚reas Del Estado;Cabotaje;6;130;136
2025-10;RGA - USH;(en blanco);Cabotaje;2;;2
2025-10;RHD - SDE;(en blanco);Cabotaje;4;1;5
2025-10;RLO - SA17;(en blanco);Cabotaje;1;;1
2025-10;ROS - SFN;(en blanco);Cabotaje;2;;2
2025-10;RSA - RSA;(en blanco);Cabotaje;7;3;10
2025-10;RSA - SAAN;(en blanco);Cabotaje;2;;2
2025-10;RYO - VDM;N/A;Cabotaje;;1;1
2025-10;SA02 - SDE;(en blanco);Cabotaje;3;;3
2025-10;SA02 - SFN;(en blanco);Cabotaje;4;;4
2025-10;SA02 - SLA;N/A;Cabotaje;2;;2
2025-10;SA02 - SLA;(en blanco);Cabotaje;6;2;8
2025-10;SA17 - UAQ;(en blanco);Cabotaje;1;;1
2025-10;SA29 - VDM;(en blanco);Cabotaje;2;;2
2025-10;SA32 - SFN;(en blanco);Cabotaje;3;;3
2025-10;SAOM - SLA;(en blanco);Cabotaje;2;;2
2025-10;SCL - TUC;N/A;Internacional;5;;5
2025-10;SCL - TUC;(en blanco);Internacional;2;;2
2025-10;SCL - UAQ;(en blanco);Internacional;;2;2
2025-10;SCL - USH;LATAM;Internacional;;349;349
2025-10;SDE - SDE;(en blanco);Cabotaje;9;;9
2025-10;SDE - SFN;(en blanco);Cabotaje;5;;5
2025-10;SDE - SLA;(en blanco);Cabotaje;12;;12
2025-10;SDE - TTG;Ej‚rcito Argentino;Cabotaje;1;;1
2025-10;SDE - TUC;Fuerza A‚rea Argentina;Cabotaje;75;;75
2025-10;SDE - TUC;(en blanco);Cabotaje;63;;63
2025-10;SDE - USH;(en blanco);Cabotaje;12;;12
2025-10;SFN - SLA;Aerol¡neas Argentinas;Cabotaje;;925;925
2025-10;SFN - VCP;N/A;Internacional;5;;5
2025-10;SLA - SLA;American Jet;Cabotaje;;11;11
2025-10;SLA - SLA;(en blanco);Cabotaje;36;24;60
2025-10;SLA - TTG;Ej‚rcito Argentino;Cabotaje;1;;1
2025-10;SLA - TTG;(en blanco);Cabotaje;13;16;29
2025-10;SLA - TUC;American Jet;Cabotaje;;2;2
2025-10;SLA - TUC;(en blanco);Cabotaje;9;1;10
2025-10;SLA - UAQ;(en blanco);Cabotaje;3;3;6
2025-10;SLA - VVI;N/A;Internacional;4;;4
2025-10;TUC - TUC;(en blanco);Cabotaje;125;2;127
2025-10;TUC - UAQ;(en blanco);Cabotaje;11;6;17
2025-10;TUC - VCP;(en blanco);Internacional;12;;12
2025-10;TUC - VVI;(en blanco);Internacional;5;;5
2025-11;3017 - SLA;(en blanco);Internacional;;898;898
2025-11;AEP - AFA;Aerol¡neas Argentinas;Cabotaje;;4834;4834
2025-11;AEP - AFA;N/A;Cabotaje;1;3;4
2025-11;AEP - AFA;(en blanco);Cabotaje;3;;3
2025-11;AEP - AGP;N/A;Internacional;;5;5
2025-11;AEP - AOL;Aerol¡neas Argentinas;Cabotaje;;40;40
2025-11;AEP - AR-0009;(en blanco);Cabotaje;;4;4
2025-11;AEP - AR-0038;(en blanco);Cabotaje;;2;2
2025-11;AEP - AR-0142;(en blanco);Cabotaje;3;;3
2025-11;AEP - AR-0173;American Jet;Cabotaje;;6;6
2025-11;AEP - AR-0296;(en blanco);Cabotaje;1;3;4
2025-11;AEP - AR-0446;N/A;Cabotaje;1;;1
2025-11;AEP - ASU;Aerol¡neas Argentinas;Internacional;;10198;10198
2025-11;AEP - ASU;Amaszonas;Internacional;;2559;2559
2025-11;AEP - ASU;Flybondi;Internacional;;180;180
2025-11;AEP - ASU;Fuerza A‚rea Paraguaya;Internacional;14;;14
2025-11;AEP - ASU;JetSMART Airlines;Internacional;;8932;8932
2025-11;AEP - ASU;N/A;Internacional;;17;17
2025-11;AEP - BEL;Brazilian Air Force;Internacional;8;;8
2025-11;AEP - BEL;N/A;Internacional;;5;5
2025-11;AEP - BHI;Aerol¡neas Argentinas;Cabotaje;;17239;17239
2025-11;AEP - BHI;N/A;Cabotaje;;2;2
2025-11;AEP - BHI;(en blanco);Cabotaje;36;14;50
2025-11;AEP - BOG;Aerol¡neas Argentinas;Internacional;;7076;7076
2025-11;AEP - BOG;Avianca;Internacional;;9090;9090
2025-11;AEP - BPS;Aerol¡neas Argentinas;Internacional;;2548;2548
2025-11;AEP - BRC;Aerol¡neas Argentinas;Cabotaje;;56206;56206
2025-11;AEP - BRC;Flybondi;Cabotaje;;11841;11841
2025-11;AEP - BRC;JetSMART Airlines;Cabotaje;;19739;19739
2025-11;AEP - BRC;N/A;Cabotaje;;6;6
2025-11;AEP - BRC;(en blanco);Cabotaje;4;4;8
2025-11;AEP - BSB;Fuerza A‚rea Brasilera;Internacional;10;;10
2025-11;AEP - CAY;N/A;Internacional;;5;5
2025-11;AEP - CNF;Gol Transportes A‚reos;Internacional;;1672;1672
2025-11;AEP - CNQ;Aerol¡neas Argentinas;Cabotaje;;7432;7432
2025-11;AEP - CNQ;Flybondi;Cabotaje;;12958;12958
2025-11;AEP - CNQ;N/A;Cabotaje;3;;3
2025-11;AEP - CNQ;(en blanco);Cabotaje;42;5;47
2025-11;AEP - COR;Aerol¡neas Argentinas;Cabotaje;;57036;57036
2025-11;AEP - COR;American Jet;Cabotaje;;49;49
2025-11;AEP - COR;Flybondi;Cabotaje;;19253;19253
2025-11;AEP - COR;Fuerza A‚rea Argentina;Cabotaje;76;;76
2025-11;AEP - COR;JetSMART Airlines;Cabotaje;;45892;45892
2025-11;AEP - COR;N/A;Cabotaje;14;19;33
2025-11;AEP - COR;(en blanco);Cabotaje;108;56;164
2025-11;AEP - CPC;Aerol¡neas Argentinas;Cabotaje;;12686;12686
2025-11;AEP - CPC;Flybondi;Cabotaje;;79;79
2025-11;AEP - CPC;JetSMART Airlines;Cabotaje;;11691;11691
2025-11;AEP - CRD;Aerol¡neas Argentinas;Cabotaje;;25730;25730
2025-11;AEP - CRD;JetSMART Airlines;Cabotaje;;8213;8213
2025-11;AEP - CRD;N/A;Cabotaje;5;12;17
2025-11;AEP - CRD;(en blanco);Cabotaje;2;1;3
2025-11;AEP - CSZ;(en blanco);Cabotaje;;2;2
2025-11;AEP - CTC;Aerol¡neas Argentinas;Cabotaje;;6460;6460
2025-11;AEP - CTC;Flybondi;Cabotaje;;185;185
2025-11;AEP - CTC;(en blanco);Cabotaje;5;5;10
2025-11;AEP - CWB;Aerol¡neas Argentinas;Internacional;;4314;4314
2025-11;AEP - EPA;(en blanco);Cabotaje;29;;29
2025-11;AEP - EQS;Aerol¡neas Argentinas;Cabotaje;;9929;9929
2025-11;AEP - EQS;(en blanco);Cabotaje;;1;1
2025-11;AEP - EZE;Aerol¡neas Argentinas;Cabotaje;;1;1
2025-11;AEP - EZE;Flybondi;Cabotaje;;75;75
2025-11;AEP - EZE;Gol Transportes A‚reos;Cabotaje;;50;50
2025-11;AEP - EZE;JetSMART Airlines;Cabotaje;;110;110
2025-11;AEP - EZE;N/A;Cabotaje;2;5;7
2025-11;AEP - EZE;(en blanco);Cabotaje;;2;2
2025-11;AEP - FDO;American Jet;Cabotaje;1;;1
2025-11;AEP - FDO;N/A;Cabotaje;2;8;10
2025-11;AEP - FDO;(en blanco);Cabotaje;35;26;61
2025-11;AEP - FLL;Benair;Internacional;3;3;6
2025-11;AEP - FLL;N/A;Internacional;;2;2
2025-11;AEP - FLL;(en blanco);Internacional;;7;7
2025-11;AEP - FLN;Flybondi;Internacional;;110;110
2025-11;AEP - FLN;Gol Transportes A‚reos;Internacional;;11226;11226
2025-11;AEP - FLN;JetSMART Airlines;Internacional;;6079;6079
2025-11;AEP - FLN;N/A;Internacional;;8;8
2025-11;AEP - FMA;Aerol¡neas Argentinas;Cabotaje;;7107;7107
2025-11;AEP - FMA;JetSMART Airlines;Cabotaje;;75;75
2025-11;AEP - FMA;N/A;Cabotaje;;10;10
2025-11;AEP - FTE;Aerol¡neas Argentinas;Cabotaje;;47776;47776
2025-11;AEP - FTE;Flybondi;Cabotaje;;1503;1503
2025-11;AEP - FTE;JetSMART Airlines;Cabotaje;;2813;2813
2025-11;AEP - FTE;N/A;Cabotaje;3;11;14
2025-11;AEP - FTE;(en blanco);Cabotaje;;14;14
2025-11;AEP - GIG;Aerol¡neas Argentinas;Internacional;;28677;28677
2025-11;AEP - GIG;Flybondi;Internacional;;8910;8910
2025-11;AEP - GIG;Gol Transportes A‚reos;Internacional;;22180;22180
2025-11;AEP - GIG;JetSMART Airlines;Internacional;;18035;18035
2025-11;AEP - GIG;N/A;Internacional;2;;2
2025-11;AEP - GPO;American Jet;Cabotaje;;104;104
2025-11;AEP - GRU;Aerol¡neas Argentinas;Internacional;;35536;35536
2025-11;AEP - GRU;Flybondi;Internacional;;868;868
2025-11;AEP - GRU;Gol Transportes A‚reos;Internacional;;30270;30270
2025-11;AEP - GRU;JetSMART Airlines;Internacional;;212;212
2025-11;AEP - GRU;LATAM;Internacional;;2791;2791
2025-11;AEP - GRU;N/A;Internacional;;6;6
2025-11;AEP - GRU;TAM Linhas A‚reas;Internacional;;37965;37965
2025-11;AEP - GRU;(en blanco);Internacional;;6;6
2025-11;AEP - IGR;Aerol¡neas Argentinas;Cabotaje;;43885;43885
2025-11;AEP - IGR;Flybondi;Cabotaje;;15659;15659
2025-11;AEP - IGR;JetSMART Airlines;Cabotaje;;37099;37099
2025-11;AEP - IGR;N/A;Cabotaje;2;101;103
2025-11;AEP - IGR;(en blanco);Cabotaje;24;16;40
2025-11;AEP - IRJ;Aerol¡neas Argentinas;Cabotaje;;5895;5895
2025-11;AEP - IRJ;(en blanco);Cabotaje;26;3;29
2025-11;AEP - JPA;Gol Transportes A‚reos;Internacional;;661;661
2025-11;AEP - JUJ;Aerol¡neas Argentinas;Cabotaje;;15641;15641
2025-11;AEP - JUJ;Flybondi;Cabotaje;;11393;11393
2025-11;AEP - JUJ;N/A;Cabotaje;;6;6
2025-11;AEP - JUJ;(en blanco);Cabotaje;15;4;19
2025-11;AEP - LIM;Aerol¡neas Argentinas;Internacional;;7422;7422
2025-11;AEP - LIM;JetSMART Airlines;Internacional;;8858;8858
2025-11;AEP - LIM;LATAM Per£;Internacional;;21697;21697
2025-11;AEP - LIM;Sky Airline;Internacional;;7518;7518
2025-11;AEP - LIM;(en blanco);Internacional;20;;20
2025-11;AEP - LMMM;N/A;Internacional;10;21;31
2025-11;AEP - LPB;(en blanco);Internacional;3;;3
2025-11;AEP - LPG;(en blanco);Cabotaje;;75;75
2025-11;AEP - LRM;N/A;Internacional;3;;3
2025-11;AEP - LUQ;Aerol¡neas Argentinas;Cabotaje;;4988;4988
2025-11;AEP - MCZ;Gol Transportes A‚reos;Internacional;;1035;1035
2025-11;AEP - MDQ;Aerol¡neas Argentinas;Cabotaje;;18834;18834
2025-11;AEP - MDQ;Andes L¡neas A‚reas;Cabotaje;;88;88
2025-11;AEP - MDQ;LADE - L¡neas A‚reas Del Estado;Cabotaje;77;13;90
2025-11;AEP - MDQ;N/A;Cabotaje;;12;12
2025-11;AEP - MDQ;(en blanco);Cabotaje;125;43;168
2025-11;AEP - MDZ;Aerol¡neas Argentinas;Cabotaje;;51946;51946
2025-11;AEP - MDZ;Flybondi;Cabotaje;;13930;13930
2025-11;AEP - MDZ;JetSMART Airlines;Cabotaje;;40883;40883
2025-11;AEP - MDZ;N/A;Cabotaje;1;70;71
2025-11;AEP - MDZ;(en blanco);Cabotaje;68;49;117
2025-11;AEP - MIA;N/A;Internacional;;6;6
2025-11;AEP - MVD;Aerol¡neas Argentinas;Internacional;;18096;18096
2025-11;AEP - MVD;Fuerza A‚rea Uruguaya;Internacional;12;;12
2025-11;AEP - MVD;N/A;Internacional;22;221;243
2025-11;AEP - MVD;(en blanco);Internacional;159;4;163
2025-11;AEP - NAT;Gol Transportes A‚reos;Internacional;;1582;1582
2025-11;AEP - NQN;Aerol¡neas Argentinas;Cabotaje;;32362;32362
2025-11;AEP - NQN;Flybondi;Cabotaje;;9556;9556
2025-11;AEP - NQN;JetSMART Airlines;Cabotaje;;30601;30601
2025-11;AEP - NQN;N/A;Cabotaje;11;26;37
2025-11;AEP - NQN;(en blanco);Cabotaje;25;26;51
2025-11;AEP - OPF;N/A;Internacional;12;12;24
2025-11;AEP - OPF;(en blanco);Internacional;5;2;7
2025-11;AEP - PDI;(en blanco);Cabotaje;1;;1
2025-11;AEP - PDP;Aerol¡neas Argentinas;Internacional;;5605;5605
2025-11;AEP - PDP;American Jet;Internacional;;100;100
2025-11;AEP - PDP;Benair;Internacional;5;4;9
2025-11;AEP - PDP;N/A;Internacional;7;209;216
2025-11;AEP - PDP;(en blanco);Internacional;4;27;31
2025-11;AEP - PEH;N/A;Cabotaje;;2;2
2025-11;AEP - PEH;(en blanco);Cabotaje;9;6;15
2025-11;AEP - PET;Fuerza A‚rea Brasilera;Internacional;6;;6
2025-11;AEP - PHL;(en blanco);Internacional;;4;4
2025-11;AEP - PMQ;American Jet;Cabotaje;;62;62
2025-11;AEP - PMQ;(en blanco);Cabotaje;;3;3
2025-11;AEP - PMY;Aerol¡neas Argentinas;Cabotaje;;8375;8375
2025-11;AEP - PMY;Flybondi;Cabotaje;;7239;7239
2025-11;AEP - PMY;JetSMART Airlines;Cabotaje;;91;91
2025-11;AEP - PMY;N/A;Cabotaje;;1;1
2025-11;AEP - POA;Aerol¡neas Argentinas;Internacional;;4490;4490
2025-11;AEP - POA;Gol Transportes A‚reos;Internacional;;2400;2400
2025-11;AEP - POA;TAM Linhas A‚reas;Internacional;;2869;2869
2025-11;AEP - PRA;Aerol¡neas Argentinas;Cabotaje;;3414;3414
2025-11;AEP - PRA;N/A;Cabotaje;3;7;10
2025-11;AEP - PRA;(en blanco);Cabotaje;19;;19
2025-11;AEP - PSS;Aerol¡neas Argentinas;Cabotaje;;13550;13550
2025-11;AEP - PSS;Flybondi;Cabotaje;;11755;11755
2025-11;AEP - PSS;N/A;Cabotaje;11;11;22
2025-11;AEP - PUQ;Fuerza A‚rea Brasilera;Internacional;6;;6
2025-11;AEP - RAF;(en blanco);Cabotaje;;9;9
2025-11;AEP - RCU;Aerol¡neas Argentinas;Cabotaje;;1418;1418
2025-11;AEP - RCU;(en blanco);Cabotaje;164;71;235
2025-11;AEP - REC;Gol Transportes A‚reos;Internacional;;1927;1927
2025-11;AEP - REL;Aerol¡neas Argentinas;Cabotaje;;21799;21799
2025-11;AEP - REL;JetSMART Airlines;Cabotaje;;6019;6019
2025-11;AEP - REL;N/A;Cabotaje;;2;2
2025-11;AEP - REL;(en blanco);Cabotaje;13;3;16
2025-11;AEP - RES;Aerol¡neas Argentinas;Cabotaje;;10225;10225
2025-11;AEP - RES;JetSMART Airlines;Cabotaje;;9507;9507
2025-11;AEP - RES;N/A;Cabotaje;2;1;3
2025-11;AEP - RES;(en blanco);Cabotaje;8;4;12
2025-11;AEP - RGA;Aerol¡neas Argentinas;Cabotaje;;9985;9985
2025-11;AEP - RGA;N/A;Cabotaje;;13;13
2025-11;AEP - RGL;Aerol¡neas Argentinas;Cabotaje;;69;69
2025-11;AEP - RHD;Aerol¡neas Argentinas;Cabotaje;;1339;1339
2025-11;AEP - RLO;Aerol¡neas Argentinas;Cabotaje;;1537;1537
2025-11;AEP - RSA;Aerol¡neas Argentinas;Cabotaje;;3321;3321
2025-11;AEP - RSA;N/A;Cabotaje;1;10;11
2025-11;AEP - RSA;(en blanco);Cabotaje;10;3;13
2025-11;AEP - RZA;(en blanco);Cabotaje;;2;2
2025-11;AEP - SA31;(en blanco);Cabotaje;;2;2
2025-11;AEP - SA40;(en blanco);Cabotaje;3;2;5
2025-11;AEP - SAOM;(en blanco);Cabotaje;1;;1
2025-11;AEP - SAZX;(en blanco);Cabotaje;3;;3
2025-11;AEP - SCL;Aerol¡neas Argentinas;Internacional;;22876;22876
2025-11;AEP - SCL;JetSMART Airlines;Internacional;;24210;24210
2025-11;AEP - SCL;LATAM;Internacional;;31444;31444
2025-11;AEP - SCL;LATAM Per£;Internacional;;5014;5014
2025-11;AEP - SCL;Sky Airline;Internacional;;15699;15699
2025-11;AEP - SCLE;LATAM;Internacional;;154;154
2025-11;AEP - SDE;Aerol¡neas Argentinas;Cabotaje;;7887;7887
2025-11;AEP - SDE;Flybondi;Cabotaje;;7859;7859
2025-11;AEP - SDE;JetSMART Airlines;Cabotaje;;120;120
2025-11;AEP - SDE;N/A;Cabotaje;12;13;25
2025-11;AEP - SDE;(en blanco);Cabotaje;27;8;35
2025-11;AEP - SFN;Aerol¡neas Argentinas;Cabotaje;;9765;9765
2025-11;AEP - SFN;N/A;Cabotaje;4;38;42
2025-11;AEP - SFN;(en blanco);Cabotaje;4;23;27
2025-11;AEP - SID;N/A;Internacional;;10;10
2025-11;AEP - SLA;Aerol¡neas Argentinas;Cabotaje;;34602;34602
2025-11;AEP - SLA;Flybondi;Cabotaje;;12428;12428
2025-11;AEP - SLA;JetSMART Airlines;Cabotaje;;17211;17211
2025-11;AEP - SLA;N/A;Cabotaje;3;58;61
2025-11;AEP - SLA;(en blanco);Cabotaje;29;7;36
2025-11;AEP - SPBA;Gol Transportes A‚reos;Internacional;;49;49
2025-11;AEP - SSA;Aerol¡neas Argentinas;Internacional;;5643;5643
2025-11;AEP - SSA;Gol Transportes A‚reos;Internacional;;2657;2657
2025-11;AEP - STT;N/A;Internacional;;2;2
2025-11;AEP - SUAA;N/A;Internacional;;9;9
2025-11;AEP - SUAA;(en blanco);Internacional;4;;4
2025-11;AEP - TDL;(en blanco);Cabotaje;29;25;54
2025-11;AEP - TUC;Aerol¡neas Argentinas;Cabotaje;;23212;23212
2025-11;AEP - TUC;Flybondi;Cabotaje;;10998;10998
2025-11;AEP - TUC;JetSMART Airlines;Cabotaje;;15660;15660
2025-11;AEP - TUC;N/A;Cabotaje;12;14;26
2025-11;AEP - TUC;(en blanco);Cabotaje;25;17;42
2025-11;AEP - UAQ;Aerol¡neas Argentinas;Cabotaje;;9856;9856
2025-11;AEP - UAQ;American Jet;Cabotaje;;2;2
2025-11;AEP - UAQ;Flybondi;Cabotaje;;6334;6334
2025-11;AEP - UAQ;N/A;Cabotaje;;4;4
2025-11;AEP - UAQ;(en blanco);Cabotaje;;1;1
2025-11;AEP - USH;Aerol¡neas Argentinas;Cabotaje;;39804;39804
2025-11;AEP - USH;Flybondi;Cabotaje;;3293;3293
2025-11;AEP - USH;JetSMART Airlines;Cabotaje;;5901;5901
2025-11;AEP - USH;N/A;Cabotaje;5;4;9
2025-11;AEP - VDM;Aerol¡neas Argentinas;Cabotaje;;2964;2964
2025-11;AEP - VVI;Aerol¡neas Argentinas;Internacional;;1326;1326
2025-11;AFA - AFA;(en blanco);Cabotaje;3;;3
2025-11;AFA - AR-0019;(en blanco);Cabotaje;5;;5
2025-11;AFA - EZE;Aerol¡neas Argentinas;Cabotaje;;117;117
2025-11;AFA - MDZ;(en blanco);Cabotaje;5;3;8
2025-11;AFA - SA17;(en blanco);Cabotaje;2;;2
2025-11;AGT - FDO;N/A;Internacional;2;;2
2025-11;AMS - EZE;KLM;Internacional;;14935;14935
2025-11;AMS - EZE;Lufthansa;Internacional;;360;360
2025-11;ANF - SLA;N/A;Internacional;2;;2
2025-11;ANF - SLA;(en blanco);Internacional;2;;2
2025-11;APZ - MDZ;(en blanco);Cabotaje;15;;15
2025-11;APZ - NQN;Ej‚rcito Argentino;Cabotaje;3;;3
2025-11;AR-0005 - LUQ;(en blanco);Cabotaje;2;;2
2025-11;AR-0005 - MDQ;(en blanco);Cabotaje;;3;3
2025-11;AR-0008 - EZE;Aerol¡neas Argentinas;Cabotaje;;68;68
2025-11;AR-0009 - CNQ;(en blanco);Cabotaje;19;;19
2025-11;AR-0009 - COR;(en blanco);Cabotaje;10;;10
2025-11;AR-0009 - FDO;(en blanco);Cabotaje;6;3;9
2025-11;AR-0009 - FMA;(en blanco);Cabotaje;1;;1
2025-11;AR-0009 - RCU;(en blanco);Cabotaje;1;;1
2025-11;AR-0009 - RES;(en blanco);Cabotaje;4;;4
2025-11;AR-0009 - SDE;(en blanco);Cabotaje;2;1;3
2025-11;AR-0009 - SFN;(en blanco);Cabotaje;1;;1
2025-11;AR-0010 - EZE;(en blanco);Cabotaje;2;1;3
2025-11;AR-0010 - FDO;(en blanco);Cabotaje;3;6;9
2025-11;AR-0019 - BRC;(en blanco);Cabotaje;4;;4
2025-11;AR-0019 - FTE;(en blanco);Cabotaje;;7;7
2025-11;AR-0019 - PMY;(en blanco);Cabotaje;;1;1
2025-11;AR-0019 - REL;(en blanco);Cabotaje;3;;3
2025-11;AR-0024 - FDO;(en blanco);Cabotaje;5;;5
2025-11;AR-0036 - COR;(en blanco);Cabotaje;1;1;2
2025-11;AR-0036 - SLA;(en blanco);Cabotaje;1;;1
2025-11;AR-0038 - BHI;(en blanco);Cabotaje;4;;4
2025-11;AR-0038 - FDO;N/A;Cabotaje;;5;5
2025-11;AR-0038 - FDO;(en blanco);Cabotaje;;1;1
2025-11;AR-0038 - MOR;(en blanco);Cabotaje;2;;2
2025-11;AR-0041 - FDO;(en blanco);Cabotaje;;2;2
2025-11;AR-0044 - FDO;(en blanco);Cabotaje;1;;1
2025-11;AR-0051 - FDO;(en blanco);Cabotaje;1;2;3
2025-11;AR-0052 - CNQ;(en blanco);Cabotaje;2;;2
2025-11;AR-0052 - FDO;(en blanco);Cabotaje;1;;1
2025-11;AR-0052 - IGR;(en blanco);Cabotaje;2;;2
2025-11;AR-0052 - PSS;(en blanco);Cabotaje;1;;1
2025-11;AR-0052 - RES;(en blanco);Cabotaje;2;;2
2025-11;AR-0052 - SFN;(en blanco);Cabotaje;2;;2
2025-11;AR-0052 - SLA;(en blanco);Cabotaje;2;;2
2025-11;AR-0052 - UAQ;(en blanco);Cabotaje;;2;2
2025-11;AR-0061 - COR;(en blanco);Cabotaje;1;;1
2025-11;AR-0061 - FDO;(en blanco);Cabotaje;1;;1
2025-11;AR-0063 - FDO;(en blanco);Cabotaje;4;;4
2025-11;AR-0077 - EZE;(en blanco);Cabotaje;;1;1
2025-11;AR-0077 - FDO;Aerol¡neas Argentinas;Cabotaje;;1;1
2025-11;AR-0077 - FDO;(en blanco);Cabotaje;1;;1
2025-11;AR-0077 - NQN;(en blanco);Cabotaje;1;;1
2025-11;AR-0080 - FDO;(en blanco);Cabotaje;4;5;9
2025-11;AR-0080 - MOR;(en blanco);Cabotaje;1;;1
2025-11;AR-0083 - EZE;(en blanco);Cabotaje;1;1;2
2025-11;AR-0098 - FDO;(en blanco);Cabotaje;;1;1
2025-11;AR-0100 - FDO;(en blanco);Cabotaje;;1;1
2025-11;AR-0108 - CNQ;(en blanco);Cabotaje;1;;1
2025-11;AR-0111 - EZE;Aerol¡neas Argentinas;Cabotaje;;38;38
2025-11;AR-0119 - RES;Ej‚rcito Argentino;Cabotaje;2;;2
2025-11;AR-0121 - RSA;(en blanco);Cabotaje;1;;1
2025-11;AR-0138 - EZE;(en blanco);Cabotaje;;1;1
2025-11;AR-0141 - PRA;(en blanco);Cabotaje;1;;1
2025-11;AR-0141 - SDE;(en blanco);Cabotaje;1;;1
2025-11;AR-0141 - SFN;N/A;Cabotaje;1;;1
2025-11;AR-0141 - SFN;(en blanco);Cabotaje;2;;2
2025-11;AR-0150 - MDQ;(en blanco);Cabotaje;2;;2
2025-11;AR-0160 - FDO;(en blanco);Cabotaje;;1;1
2025-11;AR-0168 - COR;N/A;Cabotaje;5;;5
2025-11;AR-0173 - FDO;(en blanco);Cabotaje;1;;1
2025-11;AR-0175 - CNQ;(en blanco);Cabotaje;1;;1
2025-11;AR-0175 - EPA;(en blanco);Cabotaje;;2;2
2025-11;AR-0175 - FDO;(en blanco);Cabotaje;1;;1
2025-11;AR-0175 - PSS;N/A;Cabotaje;2;;2
2025-11;AR-0175 - PSS;(en blanco);Cabotaje;1;;1
2025-11;AR-0175 - RES;(en blanco);Cabotaje;2;;2
2025-11;AR-0181 - OYA;(en blanco);Cabotaje;1;;1
2025-11;AR-0192 - SFN;(en blanco);Cabotaje;3;;3
2025-11;AR-0194 - SLA;(en blanco);Cabotaje;3;;3
2025-11;AR-0210 - PSS;(en blanco);Cabotaje;1;;1
2025-11;AR-0212 - SLA;(en blanco);Cabotaje;;3;3
2025-11;AR-0216 - COR;(en blanco);Cabotaje;4;;4
2025-11;AR-0218 - FDO;N/A;Cabotaje;;1;1
2025-11;AR-0226 - FDO;(en blanco);Cabotaje;;1;1
2025-11;AR-0238 - CPC;(en blanco);Cabotaje;1;2;3
2025-11;AR-0240 - FDO;(en blanco);Cabotaje;;1;1
2025-11;AR-0252 - CNQ;(en blanco);Cabotaje;1;;1
2025-11;AR-0252 - FDO;(en blanco);Cabotaje;1;1;2
2025-11;AR-0252 - NQN;(en blanco);Cabotaje;1;;1
2025-11;AR-0252 - PSS;N/A;Cabotaje;;1;1
2025-11;AR-0252 - PSS;(en blanco);Cabotaje;;1;1
2025-11;AR-0257 - EPA;Fuerza A‚rea Argentina;Cabotaje;2;;2
2025-11;AR-0257 - MOR;(en blanco);Cabotaje;1;;1
2025-11;AR-0271 - FDO;(en blanco);Cabotaje;1;;1
2025-11;AR-0273 - SLA;(en blanco);Cabotaje;3;;3
2025-11;AR-0284 - MDQ;(en blanco);Cabotaje;;1;1
2025-11;AR-0289 - FDO;(en blanco);Cabotaje;1;;1
2025-11;AR-0293 - FDO;(en blanco);Cabotaje;2;;2
2025-11;AR-0296 - FDO;(en blanco);Cabotaje;1;;1
2025-11;AR-0316 - CRD;(en blanco);Cabotaje;;1;1
2025-11;AR-0316 - FTE;N/A;Cabotaje;;2;2
2025-11;AR-0318 - MDZ;N/A;Cabotaje;1;;1
2025-11;AR-0318 - MDZ;(en blanco);Cabotaje;;1;1
2025-11;AR-0320 - COR;(en blanco);Cabotaje;1;;1
2025-11;AR-0320 - SDE;(en blanco);Cabotaje;1;;1
2025-11;AR-0322 - FDO;(en blanco);Cabotaje;;2;2
2025-11;AR-0327 - PRA;(en blanco);Cabotaje;1;;1
2025-11;AR-0333 - MDZ;(en blanco);Cabotaje;1;;1
2025-11;AR-0333 - RCU;N/A;Cabotaje;;1;1
2025-11;AR-0333 - UAQ;(en blanco);Cabotaje;;1;1
2025-11;AR-0336 - PSS;(en blanco);Cabotaje;1;;1
2025-11;AR-0343 - EZE;(en blanco);Cabotaje;;1;1
2025-11;AR-0343 - FDO;(en blanco);Cabotaje;3;1;4
2025-11;AR-0350 - FDO;(en blanco);Cabotaje;1;;1
2025-11;AR-0350 - RSA;(en blanco);Cabotaje;2;;2
2025-11;AR-0355 - FDO;(en blanco);Cabotaje;1;;1
2025-11;AR-0369 - NQN;American Jet;Cabotaje;;281;281
2025-11;AR-0370 - COR;(en blanco);Cabotaje;4;;4
2025-11;AR-0370 - RHD;N/A;Cabotaje;;1;1
2025-11;AR-0370 - RHD;(en blanco);Cabotaje;;1;1
2025-11;AR-0370 - SDE;(en blanco);Cabotaje;2;;2
2025-11;AR-0370 - SLA;(en blanco);Cabotaje;1;;1
2025-11;AR-0370 - TUC;(en blanco);Cabotaje;;1;1
2025-11;AR-0383 - FDO;(en blanco);Cabotaje;1;1;2
2025-11;AR-0395 - MDQ;(en blanco);Cabotaje;;2;2
2025-11;AR-0424 - RES;Ej‚rcito Argentino;Cabotaje;4;;4
2025-11;AR-0424 - SDE;(en blanco);Cabotaje;1;;1
2025-11;AR-0424 - SLA;Ej‚rcito Argentino;Cabotaje;1;;1
2025-11;AR-0424 - SLA;(en blanco);Cabotaje;15;;15
2025-11;AR-0436 - FDO;(en blanco);Cabotaje;;2;2
2025-11;AR-0441 - FDO;(en blanco);Cabotaje;;10;10
2025-11;AR-0446 - FDO;N/A;Cabotaje;1;;1
2025-11;AR-0480 - MDZ;(en blanco);Cabotaje;1;;1
2025-11;AR-0493 - SFN;N/A;Cabotaje;2;;2
2025-11;ARI - FDO;(en blanco);Internacional;1;4;5
2025-11;ARI - TUC;N/A;Internacional;;5;5
2025-11;ASU - BRC;N/A;Internacional;;4;4
2025-11;ASU - BRC;(en blanco);Internacional;;3;3
2025-11;ASU - CNQ;N/A;Internacional;2;;2
2025-11;ASU - CNQ;(en blanco);Internacional;25;5;30
2025-11;ASU - COR;Amaszonas;Internacional;;873;873
2025-11;ASU - COR;(en blanco);Internacional;7;2;9
2025-11;ASU - EZE;Aerol¡neas Argentinas;Internacional;;1587;1587
2025-11;ASU - EZE;Amaszonas;Internacional;;49;49
2025-11;ASU - EZE;American Jet;Internacional;;218;218
2025-11;ASU - EZE;Andes L¡neas A‚reas;Internacional;;1374;1374
2025-11;ASU - EZE;Arajet;Internacional;;2376;2376
2025-11;ASU - EZE;Flybondi;Internacional;;1072;1072
2025-11;ASU - EZE;JetSMART Airlines;Internacional;;1128;1128
2025-11;ASU - EZE;N/A;Internacional;;999;999
2025-11;ASU - FDO;N/A;Internacional;4;4;8
2025-11;ASU - FDO;(en blanco);Internacional;29;8;37
2025-11;ASU - JUJ;Amaszonas;Internacional;;365;365
2025-11;ASU - MDZ;(en blanco);Internacional;;7;7
2025-11;ASU - PSS;N/A;Internacional;12;;12
2025-11;ASU - PSS;(en blanco);Internacional;3;;3
2025-11;ASU - RES;N/A;Internacional;;1;1
2025-11;ASU - RES;(en blanco);Internacional;11;;11
2025-11;ASU - SLA;Amaszonas;Internacional;;491;491
2025-11;ASU - SLA;(en blanco);Internacional;8;;8
2025-11;ATL - EZE;Delta Air Lines;Internacional;;16128;16128
2025-11;BCN - EZE;Gestair;Internacional;;3;3
2025-11;BCN - EZE;Iberia Airlines;Internacional;;25640;25640
2025-11;BCT - EZE;N/A;Internacional;;2;2
2025-11;BEL - EZE;N/A;Internacional;11;;11
2025-11;BFI - EZE;N/A;Internacional;;9;9
2025-11;BGI - EZE;N/A;Internacional;6;;6
2025-11;BGI - EZE;(en blanco);Internacional;;4;4
2025-11;BHI - BRC;Aerol¡neas Argentinas;Cabotaje;;77;77
2025-11;BHI - BRC;LADE - L¡neas A‚reas Del Estado;Cabotaje;114;154;268
2025-11;BHI - COR;(en blanco);Cabotaje;11;4;15
2025-11;BHI - CRD;Ej‚rcito Argentino;Cabotaje;4;;4
2025-11;BHI - CRD;LADE - L¡neas A‚reas Del Estado;Cabotaje;;114;114
2025-11;BHI - EZE;Aerol¡neas Argentinas;Cabotaje;;1996;1996
2025-11;BHI - FDO;N/A;Cabotaje;2;;2
2025-11;BHI - FDO;(en blanco);Cabotaje;36;7;43
2025-11;BHI - FTE;N/A;Cabotaje;;1;1
2025-11;BHI - GNR;(en blanco);Cabotaje;2;;2
2025-11;BHI - IGR;N/A;Cabotaje;;1;1
2025-11;BHI - LPG;(en blanco);Cabotaje;4;;4
2025-11;BHI - MDQ;LADE - L¡neas A‚reas Del Estado;Cabotaje;111;202;313
2025-11;BHI - MDQ;(en blanco);Cabotaje;1;;1
2025-11;BHI - MOR;(en blanco);Cabotaje;3;;3
2025-11;BHI - NQN;N/A;Cabotaje;2;2;4
2025-11;BHI - NQN;(en blanco);Cabotaje;12;1;13
2025-11;BHI - OYO;(en blanco);Cabotaje;;3;3
2025-11;BHI - REL;(en blanco);Cabotaje;;1;1
2025-11;BHI - RSA;(en blanco);Cabotaje;1;;1
2025-11;BHI - SADZ;(en blanco);Cabotaje;1;;1
2025-11;BHI - VLG;(en blanco);Cabotaje;1;;1
2025-11;BOG - COR;Avianca;Internacional;;3333;3333
2025-11;BOG - EZE;Avianca;Internacional;;35433;35433
2025-11;BOG - EZE;Avianca Costa Rica;Internacional;;150;150
2025-11;BPS - EZE;Gol Transportes A‚reos;Internacional;;1010;1010
2025-11;BRC - CJC;N/A;Internacional;2;;2
2025-11;BRC - COR;Aerol¡neas Argentinas;Cabotaje;;5542;5542
2025-11;BRC - COR;Andes L¡neas A‚reas;Cabotaje;;253;253
2025-11;BRC - COR;Flybondi;Cabotaje;;4138;4138
2025-11;BRC - COR;(en blanco);Cabotaje;12;10;22
2025-11;BRC - CPC;(en blanco);Cabotaje;5;5;10
2025-11;BRC - EZE;Aerol¡neas Argentinas;Cabotaje;;19336;19336
2025-11;BRC - EZE;Flybondi;Cabotaje;;14332;14332
2025-11;BRC - EZE;JetSMART Airlines;Cabotaje;;22305;22305
2025-11;BRC - EZE;N/A;Cabotaje;;14;14
2025-11;BRC - EZE;(en blanco);Cabotaje;3;7;10
2025-11;BRC - FDO;N/A;Cabotaje;23;24;47
2025-11;BRC - FDO;(en blanco);Cabotaje;39;55;94
2025-11;BRC - FTE;Aerol¡neas Argentinas;Cabotaje;;9421;9421
2025-11;BRC - FTE;JetSMART Airlines;Cabotaje;;121;121
2025-11;BRC - FTE;N/A;Cabotaje;6;7;13
2025-11;BRC - FTE;(en blanco);Cabotaje;6;14;20
2025-11;BRC - GNR;(en blanco);Cabotaje;;3;3
2025-11;BRC - LIM;N/A;Internacional;;4;4
2025-11;BRC - MDQ;N/A;Cabotaje;;4;4
2025-11;BRC - MDZ;Aerol¡neas Argentinas;Cabotaje;;3830;3830
2025-11;BRC - MDZ;JetSMART Airlines;Cabotaje;;6103;6103
2025-11;BRC - MDZ;N/A;Cabotaje;1;4;5
2025-11;BRC - MDZ;(en blanco);Cabotaje;2;;2
2025-11;BRC - MVD;N/A;Internacional;12;;12
2025-11;BRC - NQN;Aerol¡neas Argentinas;Cabotaje;;30;30
2025-11;BRC - NQN;Andes L¡neas A‚reas;Cabotaje;;68;68
2025-11;BRC - NQN;N/A;Cabotaje;1;4;5
2025-11;BRC - NQN;(en blanco);Cabotaje;107;10;117
2025-11;BRC - PDP;(en blanco);Internacional;5;2;7
2025-11;BRC - PMQ;N/A;Cabotaje;2;2;4
2025-11;BRC - REL;(en blanco);Cabotaje;2;;2
2025-11;BRC - RGA;(en blanco);Cabotaje;1;;1
2025-11;BRC - SA31;(en blanco);Cabotaje;1;;1
2025-11;BRC - SACD;(en blanco);Cabotaje;3;;3
2025-11;BRC - SAEA;(en blanco);Cabotaje;2;;2
2025-11;BRC - SAOM;(en blanco);Cabotaje;1;;1
2025-11;BRC - SCL;Sky Airline;Internacional;;182;182
2025-11;BRC - UIO;N/A;Internacional;1;;1
2025-11;BRC - VDM;(en blanco);Cabotaje;;5;5
2025-11;BRC - VMA;(en blanco);Cabotaje;6;;6
2025-11;BRO - FDO;N/A;Internacional;8;;8
2025-11;BSB - EZE;Gol Transportes A‚reos;Internacional;;6650;6650
2025-11;BSB - EZE;N/A;Internacional;;9;9
2025-11;BSB - EZE;Sky Airline;Internacional;;165;165
2025-11;BSB - FDO;N/A;Internacional;;7;7
2025-11;BSB - IGR;(en blanco);Internacional;;1;1
2025-11;CBB - EZE;Boliviana de Aviacion;Internacional;;111;111
2025-11;CBM - MDZ;N/A;Internacional;;2;2
2025-11;CDG - EZE;Air France;Internacional;;15589;15589
2025-11;CGH - TUC;(en blanco);Internacional;4;;4
2025-11;CJC - EZE;N/A;Internacional;2;;2
2025-11;CJC - IGR;N/A;Internacional;3;;3
2025-11;CLU - EZE;N/A;Internacional;2;;2
2025-11;CNQ - COR;(en blanco);Cabotaje;6;3;9
2025-11;CNQ - EPA;(en blanco);Cabotaje;3;;3
2025-11;CNQ - EZE;Flybondi;Cabotaje;;324;324
2025-11;CNQ - EZE;(en blanco);Cabotaje;;3;3
2025-11;CNQ - FDO;(en blanco);Cabotaje;23;13;36
2025-11;CNQ - FLN;(en blanco);Internacional;14;;14
2025-11;CNQ - FMA;(en blanco);Cabotaje;5;;5
2025-11;CNQ - IGU;N/A;Internacional;37;;37
2025-11;CNQ - IGU;(en blanco);Internacional;4;;4
2025-11;CNQ - MDX;(en blanco);Cabotaje;1;;1
2025-11;CNQ - MDZ;(en blanco);Cabotaje;;4;4
2025-11;CNQ - MOR;(en blanco);Cabotaje;2;;2
2025-11;CNQ - NVT;N/A;Internacional;8;;8
2025-11;CNQ - OYA;(en blanco);Cabotaje;4;2;6
2025-11;CNQ - PDP;(en blanco);Internacional;4;4;8
2025-11;CNQ - PIL;(en blanco);Internacional;18;;18
2025-11;CNQ - PMG;N/A;Internacional;6;;6
2025-11;CNQ - RAF;(en blanco);Cabotaje;2;;2
2025-11;CNQ - RCQ;(en blanco);Cabotaje;1;;1
2025-11;CNQ - SA23;(en blanco);Cabotaje;3;;3
2025-11;CNQ - SAAU;(en blanco);Cabotaje;2;;2
2025-11;CNQ - SACD;(en blanco);Cabotaje;1;;1
2025-11;CNQ - SDE;(en blanco);Cabotaje;6;;6
2025-11;COC - EZE;(en blanco);Cabotaje;1;1;2
2025-11;COC - FDO;(en blanco);Cabotaje;4;;4
2025-11;COC - MDX;(en blanco);Cabotaje;2;;2
2025-11;COC - PSS;(en blanco);Cabotaje;2;;2
2025-11;COR - COR;N/A;Cabotaje;;1;1
2025-11;COR - COR;(en blanco);Cabotaje;3;;3
2025-11;COR - CRD;Aerol¡neas Argentinas;Cabotaje;;2790;2790
2025-11;COR - CRD;(en blanco);Cabotaje;3;2;5
2025-11;COR - CTC;(en blanco);Cabotaje;11;;11
2025-11;COR - EPA;Fuerza A‚rea Argentina;Cabotaje;117;;117
2025-11;COR - EZE;Aerol¡neas Argentinas;Cabotaje;;12828;12828
2025-11;COR - EZE;American Jet;Cabotaje;;137;137
2025-11;COR - EZE;Andes L¡neas A‚reas;Cabotaje;;3995;3995
2025-11;COR - EZE;Flybondi;Cabotaje;;774;774
2025-11;COR - EZE;JetSMART Airlines;Cabotaje;;1039;1039
2025-11;COR - EZE;N/A;Cabotaje;19;;19
2025-11;COR - EZE;(en blanco);Cabotaje;10;13;23
2025-11;COR - FDO;N/A;Cabotaje;1;11;12
2025-11;COR - FDO;(en blanco);Cabotaje;44;38;82
2025-11;COR - FTE;Aerol¡neas Argentinas;Cabotaje;;2460;2460
2025-11;COR - GIG;Aerol¡neas Argentinas;Internacional;;2981;2981
2025-11;COR - GIG;Gol Transportes A‚reos;Internacional;;8489;8489
2025-11;COR - GIG;JetSMART Airlines;Internacional;;4912;4912
2025-11;COR - GIG;TAM Linhas A‚reas;Internacional;;107;107
2025-11;COR - GRU;Aerol¡neas Argentinas;Internacional;;451;451
2025-11;COR - GRU;Flybondi;Internacional;;378;378
2025-11;COR - GRU;Gol Transportes A‚reos;Internacional;;2505;2505
2025-11;COR - GRU;JetSMART Airlines;Internacional;;508;508
2025-11;COR - GRU;TAM Linhas A‚reas;Internacional;;6913;6913
2025-11;COR - GYE;Fuerza A‚rea Argentina;Internacional;92;;92
2025-11;COR - IGR;Aerol¡neas Argentinas;Cabotaje;;3882;3882
2025-11;COR - IGR;Andes L¡neas A‚reas;Cabotaje;;92;92
2025-11;COR - IGR;JetSMART Airlines;Cabotaje;;38;38
2025-11;COR - IGR;(en blanco);Cabotaje;1;7;8
2025-11;COR - IGU;N/A;Internacional;2;;2
2025-11;COR - IGU;(en blanco);Internacional;7;;7
2025-11;COR - IRJ;(en blanco);Cabotaje;4;;4
2025-11;COR - JUJ;Aerol¡neas Argentinas;Cabotaje;;2947;2947
2025-11;COR - JUJ;(en blanco);Cabotaje;3;2;5
2025-11;COR - LCM;(en blanco);Cabotaje;1;;1
2025-11;COR - LIM;Avianca;Internacional;;148;148
2025-11;COR - LIM;LATAM Per£;Internacional;;10375;10375
2025-11;COR - LPG;(en blanco);Cabotaje;3;;3
2025-11;COR - LUQ;(en blanco);Cabotaje;4;1;5
2025-11;COR - MAD;Air Europa;Internacional;;8667;8667
2025-11;COR - MDQ;Aerol¡neas Argentinas;Cabotaje;;1599;1599
2025-11;COR - MDQ;Andes L¡neas A‚reas;Cabotaje;;2119;2119
2025-11;COR - MDQ;Flybondi;Cabotaje;;71;71
2025-11;COR - MDQ;(en blanco);Cabotaje;21;2;23
2025-11;COR - MDZ;Aerol¡neas Argentinas;Cabotaje;;8622;8622
2025-11;COR - MDZ;Andes L¡neas A‚reas;Cabotaje;;185;185
2025-11;COR - MDZ;Copa Airlines;Cabotaje;;75;75
2025-11;COR - MDZ;Ej‚rcito Argentino;Cabotaje;3;;3
2025-11;COR - MDZ;JetSMART Airlines;Cabotaje;;76;76
2025-11;COR - MDZ;N/A;Cabotaje;1;;1
2025-11;COR - MDZ;(en blanco);Cabotaje;22;2;24
2025-11;COR - MVD;Fuerza A‚rea Uruguaya;Internacional;30;;30
2025-11;COR - MVD;N/A;Internacional;16;;16
2025-11;COR - NCJ;(en blanco);Cabotaje;4;;4
2025-11;COR - NQN;Aerol¡neas Argentinas;Cabotaje;;7337;7337
2025-11;COR - NQN;Andes L¡neas A‚reas;Cabotaje;;714;714
2025-11;COR - NQN;Flybondi;Cabotaje;;5298;5298
2025-11;COR - NQN;(en blanco);Cabotaje;5;;5
2025-11;COR - PDP;N/A;Internacional;1;2;3
2025-11;COR - PDP;(en blanco);Internacional;8;;8
2025-11;COR - PET;N/A;Internacional;4;;4
2025-11;COR - PIO;(en blanco);Internacional;2;;2
2025-11;COR - PRA;N/A;Cabotaje;4;5;9
2025-11;COR - PSS;Aerol¡neas Argentinas;Cabotaje;;1279;1279
2025-11;COR - PSS;N/A;Cabotaje;1;1;2
2025-11;COR - PSS;(en blanco);Cabotaje;9;9;18
2025-11;COR - PTY;Copa Airlines;Internacional;;21463;21463
2025-11;COR - PTY;N/A;Internacional;;1722;1722
2025-11;COR - PUJ;Aerol¡neas Argentinas;Internacional;;1846;1846
2025-11;COR - RAF;(en blanco);Cabotaje;;3;3
2025-11;COR - RCQ;Fuerza A‚rea Argentina;Cabotaje;10;;10
2025-11;COR - RCU;(en blanco);Cabotaje;9;2;11
2025-11;COR - REC;Gol Transportes A‚reos;Internacional;;1072;1072
2025-11;COR - REL;(en blanco);Cabotaje;1;1;2
2025-11;COR - RES;Andes L¡neas A‚reas;Cabotaje;;504;504
2025-11;COR - RES;N/A;Cabotaje;1;2;3
2025-11;COR - RSA;(en blanco);Cabotaje;3;;3
2025-11;COR - SA05;(en blanco);Cabotaje;;1;1
2025-11;COR - SA17;(en blanco);Cabotaje;4;;4
2025-11;COR - SAAN;(en blanco);Cabotaje;3;;3
2025-11;COR - SACD;(en blanco);Cabotaje;1;;1
2025-11;COR - SADO;Ej‚rcito Argentino;Cabotaje;1;;1
2025-11;COR - SANI;(en blanco);Cabotaje;1;;1
2025-11;COR - SAOM;(en blanco);Cabotaje;1;;1
2025-11;COR - SCL;Copa Airlines;Internacional;;154;154
2025-11;COR - SCL;LATAM;Internacional;;8903;8903
2025-11;COR - SCL;N/A;Internacional;2;2;4
2025-11;COR - SCRL;LATAM;Internacional;;153;153
2025-11;COR - SDE;(en blanco);Cabotaje;24;;24
2025-11;COR - SFN;(en blanco);Cabotaje;8;2;10
2025-11;COR - SLA;Aerol¡neas Argentinas;Cabotaje;;6312;6312
2025-11;COR - SLA;Flybondi;Cabotaje;;3048;3048
2025-11;COR - SLA;N/A;Cabotaje;;5;5
2025-11;COR - SLA;(en blanco);Cabotaje;8;2;10
2025-11;COR - TUC;Aerol¡neas Argentinas;Cabotaje;;3240;3240
2025-11;COR - TUC;(en blanco);Cabotaje;6;;6
2025-11;COR - UAQ;(en blanco);Cabotaje;3;5;8
2025-11;COR - USH;Aerol¡neas Argentinas;Cabotaje;;2467;2467
2025-11;COR - VDR;(en blanco);Cabotaje;2;2;4
2025-11;COR - VMA;(en blanco);Cabotaje;2;;2
2025-11;CPC - CPC;(en blanco);Cabotaje;;5;5
2025-11;CPC - EHL;(en blanco);Cabotaje;;3;3
2025-11;CPC - EZE;Aerol¡neas Argentinas;Cabotaje;;365;365
2025-11;CPC - EZE;JetSMART Airlines;Cabotaje;;355;355
2025-11;CPC - EZE;(en blanco);Cabotaje;1;2;3
2025-11;CPC - FDO;(en blanco);Cabotaje;3;16;19
2025-11;CPC - GNR;(en blanco);Cabotaje;1;1;2
2025-11;CPC - NQN;(en blanco);Cabotaje;19;15;34
2025-11;CPC - RSA;(en blanco);Cabotaje;4;;4
2025-11;CPC - SA17;(en blanco);Cabotaje;1;;1
2025-11;CRD - EPA;Fuerza A‚rea Argentina;Cabotaje;9;;9
2025-11;CRD - EQS;(en blanco);Cabotaje;3;;3
2025-11;CRD - EZE;Aerol¡neas Argentinas;Cabotaje;;3503;3503
2025-11;CRD - EZE;JetSMART Airlines;Cabotaje;;328;328
2025-11;CRD - FDO;(en blanco);Cabotaje;27;13;40
2025-11;CRD - FTE;N/A;Cabotaje;9;1;10
2025-11;CRD - FTE;(en blanco);Cabotaje;2;;2
2025-11;CRD - MDZ;(en blanco);Cabotaje;5;;5
2025-11;CRD - NQN;Aerol¡neas Argentinas;Cabotaje;;4110;4110
2025-11;CRD - NQN;(en blanco);Cabotaje;;7;7
2025-11;CRD - PMQ;LADE - L¡neas A‚reas Del Estado;Cabotaje;60;124;184
2025-11;CRD - PMQ;(en blanco);Cabotaje;1;;1
2025-11;CRD - PMY;N/A;Cabotaje;;4;4
2025-11;CRD - PMY;(en blanco);Cabotaje;1;2;3
2025-11;CRD - PUQ;(en blanco);Internacional;3;;3
2025-11;CRD - REL;(en blanco);Cabotaje;10;;10
2025-11;CRD - RGA;Aerol¡neas Argentinas;Cabotaje;;73;73
2025-11;CRD - RZA;(en blanco);Cabotaje;1;3;4
2025-11;CSZ - EZE;Flybondi;Cabotaje;;77;77
2025-11;CSZ - FDO;(en blanco);Cabotaje;4;;4
2025-11;CTC - EZE;Aerol¡neas Argentinas;Cabotaje;;283;283
2025-11;CTC - FDO;(en blanco);Cabotaje;16;2;18
2025-11;CTC - IRJ;Aerol¡neas Argentinas;Cabotaje;;834;834
2025-11;CTC - MDZ;Ej‚rcito Argentino;Cabotaje;1;;1
2025-11;CTC - MDZ;(en blanco);Cabotaje;8;4;12
2025-11;CTC - SDE;(en blanco);Cabotaje;8;;8
2025-11;CTC - SLA;Ej‚rcito Argentino;Cabotaje;1;;1
2025-11;CTC - SLA;(en blanco);Cabotaje;54;127;181
2025-11;CTC - TUC;(en blanco);Cabotaje;13;;13
2025-11;CTG - EZE;Arajet;Internacional;;175;175
2025-11;CUN - EZE;Aerol¡neas Argentinas;Internacional;;8841;8841
2025-11;CUU - EZE;N/A;Internacional;;5;5
2025-11;CUZ - IGR;(en blanco);Internacional;;2;2
2025-11;CWB - EZE;N/A;Internacional;5;;5
2025-11;CWB - PSS;N/A;Internacional;6;;6
2025-11;CYR - FDO;(en blanco);Internacional;4;1;5
2025-11;CYR - PRA;(en blanco);Internacional;6;;6
2025-11;DAL - EZE;N/A;Internacional;4;;4
2025-11;DFW - EZE;American Airlines;Internacional;;12968;12968
2025-11;DZO - EZE;N/A;Internacional;2;;2
2025-11;DZO - FDO;(en blanco);Internacional;3;;3
2025-11;ELO - IGR;N/A;Cabotaje;2;;2
2025-11;ELO - IGR;(en blanco);Cabotaje;1;1;2
2025-11;ELO - PSS;(en blanco);Cabotaje;5;;5
2025-11;EOH - EZE;Avianca;Internacional;;167;167
2025-11;EPA - EPA;(en blanco);Cabotaje;2;;2
2025-11;EPA - FDO;(en blanco);Cabotaje;;3;3
2025-11;EPA - MDQ;(en blanco);Cabotaje;17;;17
2025-11;EPA - MDZ;(en blanco);Cabotaje;62;;62
2025-11;EPA - MOR;(en blanco);Cabotaje;1;;1
2025-11;EPA - PRA;(en blanco);Cabotaje;6;;6
2025-11;EPA - RCU;Fuerza A‚rea Argentina;Cabotaje;17;;17
2025-11;EPA - RCU;(en blanco);Cabotaje;4;;4
2025-11;EPA - RGA;Fuerza A‚rea Argentina;Cabotaje;10;;10
2025-11;EPA - SFN;(en blanco);Cabotaje;;2;2
2025-11;EPA - SLA;(en blanco);Cabotaje;3;;3
2025-11;EQS - EQS;(en blanco);Cabotaje;3;;3
2025-11;EQS - EZE;Aerol¡neas Argentinas;Cabotaje;;595;595
2025-11;EQS - FDO;American Jet;Cabotaje;;12;12
2025-11;EQS - FDO;(en blanco);Cabotaje;8;7;15
2025-11;EQS - FLN;(en blanco);Internacional;2;;2
2025-11;EQS - MDZ;(en blanco);Cabotaje;1;1;2
2025-11;EQS - NQN;(en blanco);Cabotaje;5;;5
2025-11;EQS - REL;(en blanco);Cabotaje;10;;10
2025-11;EQS - SDE;(en blanco);Cabotaje;4;2;6
2025-11;EWR - EZE;N/A;Internacional;;5;5
2025-11;EZE - FAA EJERCITO ARGENTINO;(en blanco);Internacional;3;;3
2025-11;EZE - FCO;Aerol¡neas Argentinas;Internacional;;7527;7527
2025-11;EZE - FCO;Air France;Internacional;;306;306
2025-11;EZE - FCO;ITA Airways;Internacional;;20382;20382
2025-11;EZE - FDO;(en blanco);Cabotaje;2;6;8
2025-11;EZE - FLL;LATAM;Internacional;1;;1
2025-11;EZE - FLL;N/A;Internacional;9;5;14
2025-11;EZE - FLN;Flybondi;Internacional;;3780;3780
2025-11;EZE - FLN;Gol Transportes A‚reos;Internacional;;7709;7709
2025-11;EZE - FLN;JetSMART Airlines;Internacional;;264;264
2025-11;EZE - FLN;N/A;Internacional;12;4;16
2025-11;EZE - FMA;Aerol¡neas Argentinas;Cabotaje;;796;796
2025-11;EZE - FOR;Gol Transportes A‚reos;Internacional;;2742;2742
2025-11;EZE - FOR;N/A;Internacional;;2;2
2025-11;EZE - FRA;Lufthansa;Internacional;;19145;19145
2025-11;EZE - FRA;N/A;Internacional;4;;4
2025-11;EZE - FTE;Aerol¡neas Argentinas;Cabotaje;;12648;12648
2025-11;EZE - FTE;Flybondi;Cabotaje;;4174;4174
2025-11;EZE - FTE;JetSMART Airlines;Cabotaje;;7043;7043
2025-11;EZE - FTE;N/A;Cabotaje;3;9;12
2025-11;EZE - FTE;(en blanco);Cabotaje;;2;2
2025-11;EZE - FXE;N/A;Internacional;3;;3
2025-11;EZE - GIG;Aerol¡neas Argentinas;Internacional;;1119;1119
2025-11;EZE - GIG;Air Canada;Internacional;;264;264
2025-11;EZE - GIG;British Airways;Internacional;;8793;8793
2025-11;EZE - GIG;Emirates Airline;Internacional;;12232;12232
2025-11;EZE - GIG;Flybondi;Internacional;;8111;8111
2025-11;EZE - GIG;Gol Transportes A‚reos;Internacional;;9171;9171
2025-11;EZE - GIG;JetSMART Airlines;Internacional;;8090;8090
2025-11;EZE - GIG;LATAM;Internacional;;6836;6836
2025-11;EZE - GIG;N/A;Internacional;4;4;8
2025-11;EZE - GRU;Aerol¡neas Argentinas;Internacional;;896;896
2025-11;EZE - GRU;Air Canada;Internacional;;11462;11462
2025-11;EZE - GRU;Air France;Internacional;;292;292
2025-11;EZE - GRU;Andes L¡neas A‚reas;Internacional;;276;276
2025-11;EZE - GRU;British Airways;Internacional;;491;491
2025-11;EZE - GRU;Emirates Airline;Internacional;;814;814
2025-11;EZE - GRU;Ethiopian Airlines;Internacional;;11720;11720
2025-11;EZE - GRU;Flybondi;Internacional;;2417;2417
2025-11;EZE - GRU;Gol Transportes A‚reos;Internacional;;101;101
2025-11;EZE - GRU;JetSMART Airlines;Internacional;;2580;2580
2025-11;EZE - GRU;LATAM;Internacional;;7276;7276
2025-11;EZE - GRU;N/A;Internacional;;6;6
2025-11;EZE - GRU;Swiss International Air Lines;Internacional;;2355;2355
2025-11;EZE - GRU;TAM Linhas A‚reas;Internacional;;4412;4412
2025-11;EZE - GRU;Turkish Airlines;Internacional;;13024;13024
2025-11;EZE - GRU;(en blanco);Internacional;;7;7
2025-11;EZE - GYE;Avianca Costa Rica;Internacional;;4071;4071
2025-11;EZE - GYE;LATAM Ecuador;Internacional;;276;276
2025-11;EZE - GYE;(en blanco);Internacional;;6;6
2025-11;EZE - IAH;N/A;Internacional;4;;4
2025-11;EZE - IAH;United Airlines;Internacional;;25333;25333
2025-11;EZE - IGR;ACM Air Charter;Cabotaje;;2;2
2025-11;EZE - IGR;Aerol¡neas Argentinas;Cabotaje;;17709;17709
2025-11;EZE - IGR;American Jet;Cabotaje;;9;9
2025-11;EZE - IGR;Flybondi;Cabotaje;;11548;11548
2025-11;EZE - IGR;JetSMART Airlines;Cabotaje;;22325;22325
2025-11;EZE - IGR;N/A;Cabotaje;;12;12
2025-11;EZE - IPC;N/A;Internacional;;2;2
2025-11;EZE - IRJ;Aerol¡neas Argentinas;Cabotaje;;562;562
2025-11;EZE - IRJ;Ej‚rcito Argentino;Cabotaje;1;;1
2025-11;EZE - JFK;American Airlines;Internacional;;15703;15703
2025-11;EZE - JFK;Delta Air Lines;Internacional;;13838;13838
2025-11;EZE - JFK;United Airlines;Internacional;;228;228
2025-11;EZE - JUJ;Aerol¡neas Argentinas;Cabotaje;;3814;3814
2025-11;EZE - JUJ;Flybondi;Cabotaje;;7332;7332
2025-11;EZE - LAD;N/A;Internacional;;6;6
2025-11;EZE - LAX;N/A;Internacional;;5;5
2025-11;EZE - LHR;British Airways;Internacional;;273;273
2025-11;EZE - LIM;Aerol¡neas Argentinas;Internacional;;701;701
2025-11;EZE - LIM;Arajet;Internacional;;597;597
2025-11;EZE - LIM;Boliviana de Aviacion;Internacional;;168;168
2025-11;EZE - LIM;Copa Airlines;Internacional;;155;155
2025-11;EZE - LIM;LATAM Ecuador;Internacional;;7152;7152
2025-11;EZE - LIM;LATAM Per£;Internacional;;21806;21806
2025-11;EZE - LIM;N/A;Internacional;;2;2
2025-11;EZE - LIM;Sky Airline;Internacional;;1572;1572
2025-11;EZE - LIS;Qatar Executive;Internacional;;5;5
2025-11;EZE - LMMM;N/A;Internacional;4;;4
2025-11;EZE - LOS;(en blanco);Internacional;;2;2
2025-11;EZE - LPA;N/A;Internacional;4;;4
2025-11;EZE - LRD;N/A;Internacional;;2;2
2025-11;EZE - LTN;N/A;Internacional;;2;2
2025-11;EZE - LUN;N/A;Internacional;;1;1
2025-11;EZE - LUQ;Aerol¡neas Argentinas;Cabotaje;;147;147
2025-11;EZE - MAD;Aerol¡neas Argentinas;Internacional;;18900;18900
2025-11;EZE - MAD;Air Europa;Internacional;;18519;18519
2025-11;EZE - MAD;Gestair;Internacional;;8;8
2025-11;EZE - MAD;Iberia Airlines;Internacional;;52508;52508
2025-11;EZE - MDE;Avianca;Internacional;;8888;8888
2025-11;EZE - MDQ;Aerol¡neas Argentinas;Cabotaje;;500;500
2025-11;EZE - MDQ;N/A;Cabotaje;2;6;8
2025-11;EZE - MDX;N/A;Cabotaje;;2;2
2025-11;EZE - MDX;(en blanco);Cabotaje;;4;4
2025-11;EZE - MDZ;Aerol¡neas Argentinas;Cabotaje;;15292;15292
2025-11;EZE - MDZ;American Jet;Cabotaje;;23;23
2025-11;EZE - MDZ;Andes L¡neas A‚reas;Cabotaje;;4;4
2025-11;EZE - MDZ;Flybondi;Cabotaje;;7863;7863
2025-11;EZE - MDZ;JetSMART Airlines;Cabotaje;;15486;15486
2025-11;EZE - MDZ;(en blanco);Cabotaje;1;13;14
2025-11;EZE - MEX;Aerom‚xico;Internacional;;21004;21004
2025-11;EZE - MIA;Aerol¡neas Argentinas;Internacional;;24581;24581
2025-11;EZE - MIA;American Airlines;Internacional;;43258;43258
2025-11;EZE - MIA;N/A;Internacional;5;15;20
2025-11;EZE - MVD;Avianca;Internacional;;350;350
2025-11;EZE - MVD;Copa Airlines;Internacional;;155;155
2025-11;EZE - MVD;Fuerza A‚rea Uruguaya;Internacional;45;;45
2025-11;EZE - MVD;LATAM;Internacional;1;;1
2025-11;EZE - MVD;(en blanco);Internacional;3;8;11
2025-11;EZE - MXP;N/A;Internacional;;3;3
2025-11;EZE - NQN;Aerol¡neas Argentinas;Cabotaje;;7845;7845
2025-11;EZE - NQN;Flybondi;Cabotaje;;1022;1022
2025-11;EZE - NQN;JetSMART Airlines;Cabotaje;;10793;10793
2025-11;EZE - NQN;N/A;Cabotaje;4;;4
2025-11;EZE - NQN;(en blanco);Cabotaje;3;3;6
2025-11;EZE - OES;Aerol¡neas Argentinas;Cabotaje;;82;82
2025-11;EZE - OPF;N/A;Internacional;1;15;16
2025-11;EZE - OYA;American Jet;Cabotaje;8;8;16
2025-11;EZE - PDP;N/A;Internacional;6;4;10
2025-11;EZE - PDP;(en blanco);Internacional;;12;12
2025-11;EZE - PIT;N/A;Internacional;;2;2
2025-11;EZE - PMY;Aerol¡neas Argentinas;Cabotaje;;929;929
2025-11;EZE - PMY;Flybondi;Cabotaje;;1383;1383
2025-11;EZE - PMY;N/A;Cabotaje;7;2;9
2025-11;EZE - POA;Aerol¡neas Argentinas;Internacional;;152;152
2025-11;EZE - PRA;(en blanco);Cabotaje;4;;4
2025-11;EZE - PSS;Aerol¡neas Argentinas;Cabotaje;;1576;1576
2025-11;EZE - PSS;Flybondi;Cabotaje;;492;492
2025-11;EZE - PSS;(en blanco);Cabotaje;;3;3
2025-11;EZE - PTY;Avianca;Internacional;;152;152
2025-11;EZE - PTY;Copa Airlines;Internacional;;53953;53953
2025-11;EZE - PTY;N/A;Internacional;;5;5
2025-11;EZE - PUJ;Aerol¡neas Argentinas;Internacional;;10206;10206
2025-11;EZE - PUJ;Arajet;Internacional;;13753;13753
2025-11;EZE - PUJ;Avianca;Internacional;;100;100
2025-11;EZE - PUJ;Copa Airlines;Internacional;;152;152
2025-11;EZE - RAF;(en blanco);Cabotaje;3;5;8
2025-11;EZE - RDU;N/A;Internacional;7;;7
2025-11;EZE - REC;JetSMART Airlines;Internacional;;6902;6902
2025-11;EZE - REL;Aerol¡neas Argentinas;Cabotaje;;1971;1971
2025-11;EZE - REL;JetSMART Airlines;Cabotaje;;698;698
2025-11;EZE - RES;Aerol¡neas Argentinas;Cabotaje;;1303;1303
2025-11;EZE - RGA;Aerol¡neas Argentinas;Cabotaje;;170;170
2025-11;EZE - RSA;Aerol¡neas Argentinas;Cabotaje;;130;130
2025-11;EZE - SA02;(en blanco);Cabotaje;1;;1
2025-11;EZE - SA03;(en blanco);Cabotaje;;4;4
2025-11;EZE - SA31;(en blanco);Cabotaje;;2;2
2025-11;EZE - SANO;(en blanco);Cabotaje;;1;1
2025-11;EZE - SCL;Aerol¡neas Argentinas;Internacional;;1978;1978
2025-11;EZE - SCL;JetSMART Airlines;Internacional;;4754;4754
2025-11;EZE - SCL;KLM;Internacional;;13288;13288
2025-11;EZE - SCL;LATAM;Internacional;;16128;16128
2025-11;EZE - SCL;N/A;Internacional;18;5;23
2025-11;EZE - SCL;Sky Airline;Internacional;;3947;3947
2025-11;EZE - SDE;Aerol¡neas Argentinas;Cabotaje;;1358;1358
2025-11;EZE - SDE;Flybondi;Cabotaje;;165;165
2025-11;EZE - SDE;N/A;Cabotaje;7;6;13
2025-11;EZE - SDE;(en blanco);Cabotaje;4;;4
2025-11;EZE - SEQU;Avianca Costa Rica;Internacional;;160;160
2025-11;EZE - SFN;Aerol¡neas Argentinas;Cabotaje;;69;69
2025-11;EZE - SFN;(en blanco);Cabotaje;2;2;4
2025-11;EZE - SID;N/A;Internacional;5;18;23
2025-11;EZE - SLA;Aerol¡neas Argentinas;Cabotaje;;8642;8642
2025-11;EZE - SLA;Flybondi;Cabotaje;;8941;8941
2025-11;EZE - SLA;JetSMART Airlines;Cabotaje;;11586;11586
2025-11;EZE - SLA;(en blanco);Cabotaje;5;9;14
2025-11;EZE - SSA;Aerol¡neas Argentinas;Internacional;;122;122
2025-11;EZE - SSA;Sky Airline;Internacional;;2083;2083
2025-11;EZE - STT;N/A;Internacional;2;;2
2025-11;EZE - SUA;N/A;Internacional;4;;4
2025-11;EZE - TEB;N/A;Internacional;3;;3
2025-11;EZE - TLC;N/A;Internacional;;3;3
2025-11;EZE - TUC;Aerol¡neas Argentinas;Cabotaje;;8220;8220
2025-11;EZE - TUC;Flybondi;Cabotaje;;2929;2929
2025-11;EZE - TUC;JetSMART Airlines;Cabotaje;;7995;7995
2025-11;EZE - TUC;(en blanco);Cabotaje;6;;6
2025-11;EZE - UAQ;Aerol¡neas Argentinas;Cabotaje;;1356;1356
2025-11;EZE - UAQ;Flybondi;Cabotaje;;1328;1328
2025-11;EZE - UIO;Avianca Costa Rica;Internacional;;4496;4496
2025-11;EZE - UIO;N/A;Internacional;;143;143
2025-11;EZE - USH;Aerol¡neas Argentinas;Cabotaje;;23994;23994
2025-11;EZE - USH;Flybondi;Cabotaje;;7423;7423
2025-11;EZE - USH;JetSMART Airlines;Cabotaje;;10433;10433
2025-11;EZE - USH;N/A;Cabotaje;6;3;9
2025-11;EZE - USH;(en blanco);Cabotaje;4;4;8
2025-11;EZE - VDM;(en blanco);Cabotaje;1;;1
2025-11;EZE - VVI;Boliviana de Aviacion;Internacional;;14583;14583
2025-11;EZE - VVI;LATAM Per£;Internacional;;158;158
2025-11;EZE - YVR;N/A;Internacional;;6;6
2025-11;EZE - YYZ;N/A;Internacional;;24;24
2025-11;FDO - FDO;N/A;Cabotaje;2;4;6
2025-11;FDO - FDO;(en blanco);Cabotaje;47;11;58
2025-11;FDO - FLL;(en blanco);Internacional;4;;4
2025-11;FDO - FLN;N/A;Internacional;;3;3
2025-11;FDO - FMA;N/A;Cabotaje;;4;4
2025-11;FDO - FMA;(en blanco);Cabotaje;21;13;34
2025-11;FDO - FTE;N/A;Cabotaje;;9;9
2025-11;FDO - FTE;(en blanco);Cabotaje;5;27;32
2025-11;FDO - GHU;(en blanco);Cabotaje;1;;1
2025-11;FDO - GIG;N/A;Internacional;4;;4
2025-11;FDO - GIG;(en blanco);Internacional;7;;7
2025-11;FDO - GNR;N/A;Cabotaje;;3;3
2025-11;FDO - GPO;(en blanco);Cabotaje;;2;2
2025-11;FDO - GRU;N/A;Internacional;8;;8
2025-11;FDO - GRU;(en blanco);Internacional;12;11;23
2025-11;FDO - IGR;(en blanco);Cabotaje;8;17;25
2025-11;FDO - IGU;(en blanco);Internacional;;8;8
2025-11;FDO - IQQ;(en blanco);Internacional;3;;3
2025-11;FDO - IRJ;N/A;Cabotaje;1;4;5
2025-11;FDO - IRJ;(en blanco);Cabotaje;5;;5
2025-11;FDO - JUJ;N/A;Cabotaje;1;2;3
2025-11;FDO - JUJ;(en blanco);Cabotaje;9;8;17
2025-11;FDO - KNA;Aerocardal;Internacional;4;;4
2025-11;FDO - LCM;(en blanco);Cabotaje;1;;1
2025-11;FDO - LGS;N/A;Cabotaje;;2;2
2025-11;FDO - LIM;(en blanco);Internacional;18;33;51
2025-11;FDO - LMMM;N/A;Internacional;16;;16
2025-11;FDO - LMMM;(en blanco);Internacional;14;;14
2025-11;FDO - LPG;(en blanco);Cabotaje;2;;2
2025-11;FDO - LUQ;Aerol¡neas Argentinas;Cabotaje;;44;44
2025-11;FDO - LUQ;N/A;Cabotaje;4;;4
2025-11;FDO - LUQ;(en blanco);Cabotaje;9;3;12
2025-11;FDO - MDQ;N/A;Cabotaje;5;;5
2025-11;FDO - MDQ;(en blanco);Cabotaje;14;25;39
2025-11;FDO - MDX;(en blanco);Cabotaje;4;3;7
2025-11;FDO - MDZ;N/A;Cabotaje;5;8;13
2025-11;FDO - MDZ;(en blanco);Cabotaje;48;59;107
2025-11;FDO - MOR;(en blanco);Cabotaje;2;1;3
2025-11;FDO - MVD;Fuerza A‚rea Uruguaya;Internacional;3;;3
2025-11;FDO - MVD;N/A;Internacional;32;9;41
2025-11;FDO - MVD;(en blanco);Internacional;22;30;52
2025-11;FDO - NAS;(en blanco);Internacional;;7;7
2025-11;FDO - NCJ;(en blanco);Cabotaje;1;7;8
2025-11;FDO - NQN;N/A;Cabotaje;5;11;16
2025-11;FDO - NQN;(en blanco);Cabotaje;37;64;101
2025-11;FDO - NVT;(en blanco);Internacional;;8;8
2025-11;FDO - OYA;(en blanco);Cabotaje;16;4;20
2025-11;FDO - OYO;(en blanco);Cabotaje;1;;1
2025-11;FDO - PDI;(en blanco);Cabotaje;3;;3
2025-11;FDO - PDP;N/A;Internacional;31;48;79
2025-11;FDO - PDP;(en blanco);Internacional;163;123;286
2025-11;FDO - PEH;(en blanco);Cabotaje;4;1;5
2025-11;FDO - PMQ;N/A;Cabotaje;;3;3
2025-11;FDO - PMQ;(en blanco);Cabotaje;;10;10
2025-11;FDO - PMY;(en blanco);Cabotaje;;7;7
2025-11;FDO - PRA;N/A;Cabotaje;;6;6
2025-11;FDO - PRA;(en blanco);Cabotaje;18;1;19
2025-11;FDO - PSS;N/A;Cabotaje;5;4;9
2025-11;FDO - PSS;(en blanco);Cabotaje;26;21;47
2025-11;FDO - RAF;(en blanco);Cabotaje;2;;2
2025-11;FDO - RCQ;(en blanco);Cabotaje;4;;4
2025-11;FDO - RCU;N/A;Cabotaje;1;;1
2025-11;FDO - RCU;(en blanco);Cabotaje;12;9;21
2025-11;FDO - REL;N/A;Cabotaje;4;5;9
2025-11;FDO - REL;(en blanco);Cabotaje;9;;9
2025-11;FDO - RES;American Jet;Cabotaje;;10;10
2025-11;FDO - RES;N/A;Cabotaje;;5;5
2025-11;FDO - RES;(en blanco);Cabotaje;9;2;11
2025-11;FDO - RGA;(en blanco);Cabotaje;;4;4
2025-11;FDO - RGL;N/A;Cabotaje;3;4;7
2025-11;FDO - RLO;(en blanco);Cabotaje;3;;3
2025-11;FDO - ROS;(en blanco);Cabotaje;2;;2
2025-11;FDO - RSA;(en blanco);Cabotaje;21;3;24
2025-11;FDO - SA04;(en blanco);Cabotaje;7;;7
2025-11;FDO - SA17;(en blanco);Cabotaje;5;;5
2025-11;FDO - SA31;(en blanco);Cabotaje;;1;1
2025-11;FDO - SA32;N/A;Cabotaje;;1;1
2025-11;FDO - SA32;(en blanco);Cabotaje;2;7;9
2025-11;FDO - SA40;(en blanco);Cabotaje;;7;7
2025-11;FDO - SADQ;(en blanco);Cabotaje;5;1;6
2025-11;FDO - SAEA;(en blanco);Cabotaje;1;;1
2025-11;FDO - SARV;N/A;Cabotaje;;1;1
2025-11;FDO - SARV;(en blanco);Cabotaje;2;;2
2025-11;FDO - SAVO;(en blanco);Cabotaje;1;;1
2025-11;FDO - SAZI;(en blanco);Cabotaje;1;;1
2025-11;FDO - SAZJ;(en blanco);Cabotaje;1;;1
2025-11;FDO - SCL;N/A;Internacional;2;;2
2025-11;FDO - SCL;(en blanco);Internacional;2;16;18
2025-11;FDO - SDE;N/A;Cabotaje;5;;5
2025-11;FDO - SDE;(en blanco);Cabotaje;28;9;37
2025-11;FDO - SFN;American Jet;Cabotaje;;5;5
2025-11;FDO - SFN;N/A;Cabotaje;9;1;10
2025-11;FDO - SFN;(en blanco);Cabotaje;15;10;25
2025-11;FDO - SLA;N/A;Cabotaje;1;3;4
2025-11;FDO - SLA;(en blanco);Cabotaje;16;30;46
2025-11;FDO - SUAA;N/A;Internacional;1;3;4
2025-11;FDO - SUAA;(en blanco);Internacional;18;11;29
2025-11;FDO - SUCM;N/A;Internacional;;1;1
2025-11;FDO - SUCM;(en blanco);Internacional;50;5;55
2025-11;FDO - TDL;(en blanco);Cabotaje;2;;2
2025-11;FDO - TUC;N/A;Cabotaje;4;8;12
2025-11;FDO - TUC;(en blanco);Cabotaje;64;7;71
2025-11;FDO - UAQ;(en blanco);Cabotaje;26;25;51
2025-11;FDO - USH;N/A;Cabotaje;2;5;7
2025-11;FDO - USH;(en blanco);Cabotaje;;8;8
2025-11;FDO - VCP;(en blanco);Internacional;5;6;11
2025-11;FDO - VDM;(en blanco);Cabotaje;4;2;6
2025-11;FDO - VDR;(en blanco);Cabotaje;1;;1
2025-11;FDO - VLG;N/A;Cabotaje;2;;2
2025-11;FDO - VMA;(en blanco);Cabotaje;1;;1
2025-11;FLL - MDZ;(en blanco);Internacional;5;;5
2025-11;FLN - MDZ;N/A;Internacional;7;7;14
2025-11;FMA - PSS;(en blanco);Cabotaje;8;;8
2025-11;FMA - RES;(en blanco);Cabotaje;2;;2
2025-11;FMA - SAAU;(en blanco);Cabotaje;2;;2
2025-11;FMA - SDE;(en blanco);Cabotaje;5;;5
2025-11;FTE - FTE;(en blanco);Cabotaje;21;5;26
2025-11;FTE - GIG;N/A;Internacional;3;;3
2025-11;FTE - MDZ;(en blanco);Cabotaje;;6;6
2025-11;FTE - PMQ;LADE - L¡neas A‚reas Del Estado;Cabotaje;20;47;67
2025-11;FTE - PNT;N/A;Internacional;9;3;12
2025-11;FTE - PUD;(en blanco);Cabotaje;;2;2
2025-11;FTE - PUQ;(en blanco);Internacional;3;4;7
2025-11;FTE - REL;Aerol¡neas Argentinas;Cabotaje;;2481;2481
2025-11;FTE - REL;N/A;Cabotaje;;1;1
2025-11;FTE - REL;(en blanco);Cabotaje;;2;2
2025-11;FTE - RGA;LADE - L¡neas A‚reas Del Estado;Cabotaje;;9;9
2025-11;FTE - RZA;(en blanco);Cabotaje;3;6;9
2025-11;FTE - TAP;N/A;Internacional;5;;5
2025-11;FTE - USH;Aerol¡neas Argentinas;Cabotaje;;21903;21903
2025-11;FTE - USH;Flybondi;Cabotaje;;1930;1930
2025-11;FTE - USH;JetSMART Airlines;Cabotaje;;106;106
2025-11;FTE - USH;LADE - L¡neas A‚reas Del Estado;Cabotaje;17;195;212
2025-11;FTE - USH;N/A;Cabotaje;6;6;12
2025-11;FXE - TUC;N/A;Internacional;157;;157
2025-11;GHU - RSA;(en blanco);Cabotaje;1;;1
2025-11;GIG - IGR;N/A;Internacional;233;;233
2025-11;GIG - IGR;(en blanco);Internacional;;2;2
2025-11;GIG - MDZ;JetSMART Airlines;Internacional;;1500;1500
2025-11;GIG - MDZ;(en blanco);Internacional;7;;7
2025-11;GNR - NQN;(en blanco);Cabotaje;4;2;6
2025-11;GNR - UAQ;(en blanco);Cabotaje;2;;2
2025-11;GPO - LUQ;(en blanco);Cabotaje;;9;9
2025-11;GPO - NQN;(en blanco);Cabotaje;1;;1
2025-11;GPO - REL;(en blanco);Cabotaje;;4;4
2025-11;GRU - IGR;(en blanco);Internacional;;11;11
2025-11;GRU - MDZ;Gol Transportes A‚reos;Internacional;;5255;5255
2025-11;GRU - MDZ;TAM Linhas A‚reas;Internacional;;4998;4998
2025-11;GRU - PSS;N/A;Internacional;;2;2
2025-11;GRU - PSS;(en blanco);Internacional;8;;8
2025-11;GRU - SLA;(en blanco);Internacional;7;;7
2025-11;GRU - USH;N/A;Internacional;3;;3
2025-11;GYE - NQN;(en blanco);Internacional;;3;3
2025-11;GYE - TUC;N/A;Internacional;4;2;6
2025-11;HOS - MDZ;(en blanco);Cabotaje;1;;1
2025-11;HOS - NQN;(en blanco);Cabotaje;5;;5
2025-11;IAH - IGR;N/A;Internacional;;7;7
2025-11;IAH - MDZ;N/A;Internacional;4;;4
2025-11;IGR - IGR;Ej‚rcito Argentino;Cabotaje;2;;2
2025-11;IGR - IGR;N/A;Cabotaje;1;11;12
2025-11;IGR - IGR;(en blanco);Cabotaje;3;13;16
2025-11;IGR - IGU;(en blanco);Internacional;;8;8
2025-11;IGR - IPC;N/A;Internacional;233;;233
2025-11;IGR - MDZ;American Jet;Cabotaje;;9;9
2025-11;IGR - MDZ;(en blanco);Cabotaje;;12;12
2025-11;IGR - PDP;Aerocardal;Internacional;4;;4
2025-11;IGR - PSS;Ej‚rcito Argentino;Cabotaje;3;;3
2025-11;IGR - PSS;(en blanco);Cabotaje;11;5;16
2025-11;IGR - RES;Aerol¡neas Argentinas;Cabotaje;;41;41
2025-11;IGR - SAOM;(en blanco);Cabotaje;;4;4
2025-11;IGR - SATI;Ej‚rcito Argentino;Cabotaje;6;;6
2025-11;IGR - SFN;Aerol¡neas Argentinas;Cabotaje;;1349;1349
2025-11;IGR - SLA;Aerol¡neas Argentinas;Cabotaje;;3043;3043
2025-11;IGU - MDZ;N/A;Internacional;9;;9
2025-11;IGU - MDZ;(en blanco);Internacional;40;;40
2025-11;IGU - PSS;N/A;Internacional;5;;5
2025-11;IGU - RCU;N/A;Internacional;;5;5
2025-11;IGU - RES;N/A;Internacional;16;;16
2025-11;IGU - SFN;N/A;Internacional;14;;14
2025-11;IRJ - MVD;(en blanco);Internacional;11;;11
2025-11;IRJ - SDE;(en blanco);Cabotaje;6;;6
2025-11;IRJ - SLA;Ej‚rcito Argentino;Cabotaje;1;;1
2025-11;IRJ - SLA;(en blanco);Cabotaje;5;;5
2025-11;JUJ - JUJ;(en blanco);Cabotaje;5;;5
2025-11;JUJ - MDQ;(en blanco);Cabotaje;1;;1
2025-11;JUJ - MDZ;(en blanco);Cabotaje;7;;7
2025-11;JUJ - REL;(en blanco);Cabotaje;2;;2
2025-11;JUJ - SFN;(en blanco);Cabotaje;4;;4
2025-11;JUJ - SLA;N/A;Cabotaje;3;3;6
2025-11;JUJ - SLA;(en blanco);Cabotaje;3;;3
2025-11;JUJ - TUC;N/A;Cabotaje;;1;1
2025-11;JUJ - TUC;(en blanco);Cabotaje;2;;2
2025-11;JUJ - UAQ;(en blanco);Cabotaje;2;;2
2025-11;LCP - NQN;(en blanco);Cabotaje;3;;3
2025-11;LIM - MDZ;LATAM;Internacional;;93;93
2025-11;LIM - MDZ;LATAM Per£;Internacional;;6128;6128
2025-11;LIM - SLA;Fuerza A‚rea Argentina;Internacional;6;;6
2025-11;LIM - SLA;LATAM Per£;Internacional;;4013;4013
2025-11;LMMM - MDZ;N/A;Internacional;6;;6
2025-11;LMMM - NQN;N/A;Internacional;8;;8
2025-11;LPB - SLA;(en blanco);Internacional;2;1;3
2025-11;LPG - MDQ;(en blanco);Cabotaje;3;4;7
2025-11;LPG - RES;(en blanco);Cabotaje;2;;2
2025-11;LPG - RSA;(en blanco);Cabotaje;4;;4
2025-11;LPG - TUC;(en blanco);Cabotaje;1;;1
2025-11;LUQ - NQN;N/A;Cabotaje;4;4;8
2025-11;LUQ - PSS;(en blanco);Cabotaje;1;;1
2025-11;LUQ - SACD;(en blanco);Cabotaje;;2;2
2025-11;LUQ - UAQ;(en blanco);Cabotaje;;9;9
2025-11;MDE - USH;N/A;Internacional;3;;3
2025-11;MDQ - MDQ;(en blanco);Cabotaje;2;;2
2025-11;MDQ - MDZ;Aerol¡neas Argentinas;Cabotaje;;1463;1463
2025-11;MDQ - MDZ;American Jet;Cabotaje;;44;44
2025-11;MDQ - MJR;(en blanco);Cabotaje;1;;1
2025-11;MDQ - MOR;(en blanco);Cabotaje;1;;1
2025-11;MDQ - NEC;(en blanco);Cabotaje;1;;1
2025-11;MDQ - NQN;American Jet;Cabotaje;;27;27
2025-11;MDQ - NQN;(en blanco);Cabotaje;;3;3
2025-11;MDQ - PDP;(en blanco);Internacional;7;2;9
2025-11;MDQ - PEH;(en blanco);Cabotaje;1;;1
2025-11;MDQ - PRA;(en blanco);Cabotaje;4;;4
2025-11;MDQ - RCU;(en blanco);Cabotaje;;2;2
2025-11;MDQ - RES;(en blanco);Cabotaje;2;;2
2025-11;MDQ - RSA;(en blanco);Cabotaje;5;3;8
2025-11;MDQ - SA36;(en blanco);Cabotaje;1;;1
2025-11;MDQ - SAAN;(en blanco);Cabotaje;2;;2
2025-11;MDQ - SADZ;(en blanco);Cabotaje;1;;1
2025-11;MDQ - SAZA;(en blanco);Cabotaje;;2;2
2025-11;MDQ - SCL;(en blanco);Internacional;9;;9
2025-11;MDQ - SUCM;(en blanco);Internacional;1;;1
2025-11;MDQ - UAQ;American Jet;Cabotaje;25;48;73
2025-11;MDQ - UAQ;Flybondi;Cabotaje;;95;95
2025-11;MDQ - UAQ;(en blanco);Cabotaje;;10;10
2025-11;MDX - PSS;(en blanco);Cabotaje;3;;3
2025-11;MDX - RES;(en blanco);Cabotaje;10;;10
2025-11;MDZ - MDZ;(en blanco);Cabotaje;26;1;27
2025-11;MDZ - MOR;(en blanco);Cabotaje;7;;7
2025-11;MDZ - NQN;Aerol¡neas Argentinas;Cabotaje;;4494;4494
2025-11;MDZ - NQN;American Jet;Cabotaje;;168;168
2025-11;MDZ - NQN;N/A;Cabotaje;11;;11
2025-11;MDZ - NQN;(en blanco);Cabotaje;12;2;14
2025-11;MDZ - NVT;N/A;Internacional;;9;9
2025-11;MDZ - NVT;(en blanco);Internacional;9;;9
2025-11;MDZ - PDP;(en blanco);Internacional;1;;1
2025-11;MDZ - PNT;(en blanco);Internacional;;11;11
2025-11;MDZ - PSS;(en blanco);Cabotaje;11;4;15
2025-11;MDZ - PTY;Copa Airlines;Internacional;;8411;8411
2025-11;MDZ - RCQ;(en blanco);Cabotaje;37;;37
2025-11;MDZ - RCU;(en blanco);Cabotaje;4;;4
2025-11;MDZ - SA02;(en blanco);Cabotaje;3;;3
2025-11;MDZ - SCL;JetSMART Airlines;Internacional;;5487;5487
2025-11;MDZ - SCL;LATAM;Internacional;;12327;12327
2025-11;MDZ - SCL;N/A;Internacional;1;11;12
2025-11;MDZ - SCL;Sky Airline;Internacional;;8825;8825
2025-11;MDZ - SCL;(en blanco);Internacional;8;1;9
2025-11;MDZ - SDE;American Jet;Cabotaje;;95;95
2025-11;MDZ - SFN;(en blanco);Cabotaje;3;3;6
2025-11;MDZ - SLA;Aerol¡neas Argentinas;Cabotaje;;2689;2689
2025-11;MDZ - SLA;Fuerza A‚rea Argentina;Cabotaje;4;;4
2025-11;MDZ - SLA;JetSMART Airlines;Cabotaje;;7308;7308
2025-11;MDZ - SLA;N/A;Cabotaje;;4;4
2025-11;MDZ - SLA;(en blanco);Cabotaje;36;3;39
2025-11;MDZ - TUC;American Jet;Cabotaje;;74;74
2025-11;MDZ - TUC;(en blanco);Cabotaje;2;3;5
2025-11;MDZ - UAQ;(en blanco);Cabotaje;2;;2
2025-11;MDZ - VCP;(en blanco);Internacional;9;;9
2025-11;MDZ - VDM;(en blanco);Cabotaje;1;1;2
2025-11;MOR - MOR;(en blanco);Cabotaje;9;;9
2025-11;MOR - PRA;(en blanco);Cabotaje;1;;1
2025-11;MOR - PSS;(en blanco);Cabotaje;5;;5
2025-11;MOR - SA04;(en blanco);Cabotaje;3;;3
2025-11;MOR - SDE;(en blanco);Cabotaje;3;;3
2025-11;MOR - SFN;(en blanco);Cabotaje;2;;2
2025-11;MPN - USH;LATAM;Cabotaje;;149;149
2025-11;MVD - NQN;(en blanco);Internacional;;6;6
2025-11;MVD - RES;(en blanco);Internacional;2;;2
2025-11;NQN - NQN;American Jet;Cabotaje;;100;100
2025-11;NQN - NQN;N/A;Cabotaje;8;;8
2025-11;NQN - NQN;(en blanco);Cabotaje;36;15;51
2025-11;NQN - OYO;(en blanco);Cabotaje;2;;2
2025-11;NQN - PMY;(en blanco);Cabotaje;;4;4
2025-11;NQN - PRA;(en blanco);Cabotaje;;4;4
2025-11;NQN - RCU;(en blanco);Cabotaje;;2;2
2025-11;NQN - RDS;(en blanco);Cabotaje;9;;9
2025-11;NQN - RSA;(en blanco);Cabotaje;8;3;11
2025-11;NQN - SFN;(en blanco);Cabotaje;7;3;10
2025-11;NQN - SGV;N/A;Cabotaje;3;;3
2025-11;NQN - SLA;JetSMART Airlines;Cabotaje;;7255;7255
2025-11;NQN - SLA;(en blanco);Cabotaje;;2;2
2025-11;NQN - UAQ;American Jet;Cabotaje;25;27;52
2025-11;NQN - VDM;(en blanco);Cabotaje;;4;4
2025-11;NQN - YAI;N/A;Internacional;4;;4
2025-11;NVT - PSS;N/A;Internacional;4;;4
2025-11;ORA - SLA;N/A;Cabotaje;5;;5
2025-11;ORA - SLA;(en blanco);Cabotaje;10;4;14
2025-11;OYA - SAAN;(en blanco);Cabotaje;1;;1
2025-11;PDP - PRA;(en blanco);Internacional;6;;6
2025-11;PDP - SFN;(en blanco);Internacional;17;1;18
2025-11;PEH - TUC;(en blanco);Cabotaje;1;;1
2025-11;PIO - SLA;(en blanco);Internacional;4;;4
2025-11;PMY - PMY;Aerol¡neas Argentinas;Cabotaje;;50;50
2025-11;PMY - PMY;(en blanco);Cabotaje;4;;4
2025-11;PMY - REL;(en blanco);Cabotaje;4;4;8
2025-11;PMY - VCF;(en blanco);Cabotaje;;2;2
2025-11;POA - SDE;N/A;Internacional;2;;2
2025-11;POA - SFN;N/A;Internacional;6;;6
2025-11;PRA - PRA;(en blanco);Cabotaje;3;;3
2025-11;PRA - PSS;(en blanco);Cabotaje;5;;5
2025-11;PRA - SACD;(en blanco);Cabotaje;3;;3
2025-11;PSS - PSS;Ej‚rcito Argentino;Cabotaje;3;;3
2025-11;PSS - PSS;N/A;Cabotaje;3;1;4
2025-11;PSS - PSS;(en blanco);Cabotaje;18;;18
2025-11;PSS - RAI;N/A;Internacional;3;;3
2025-11;PSS - RCQ;(en blanco);Cabotaje;3;;3
2025-11;PSS - RCU;(en blanco);Cabotaje;2;;2
2025-11;PSS - RES;(en blanco);Cabotaje;4;19;23
2025-11;PSS - SA23;(en blanco);Cabotaje;2;;2
2025-11;PSS - SAAU;(en blanco);Cabotaje;4;;4
2025-11;PSS - SATO;N/A;Cabotaje;3;;3
2025-11;PSS - SATO;(en blanco);Cabotaje;10;;10
2025-11;PSS - SDE;(en blanco);Cabotaje;9;3;12
2025-11;PSS - VCP;N/A;Internacional;6;;6
2025-11;PTY - SLA;Copa Airlines;Internacional;;3042;3042
2025-11;PTY - TUC;Copa Airlines;Internacional;;3542;3542
2025-11;PUJ - TUC;Aerol¡neas Argentinas;Internacional;;636;636
2025-11;PUQ - USH;Aerov¡as DAP;Internacional;;99;99
2025-11;PUQ - USH;LATAM;Internacional;;106;106
2025-11;PUQ - USH;(en blanco);Internacional;4;;4
2025-11;RAF - UAQ;(en blanco);Cabotaje;2;;2
2025-11;RCQ - SA31;(en blanco);Cabotaje;;3;3
2025-11;RCQ - SFN;(en blanco);Cabotaje;2;;2
2025-11;RCU - RES;N/A;Cabotaje;3;;3
2025-11;RCU - RSA;(en blanco);Cabotaje;1;;1
2025-11;RCU - SA17;(en blanco);Cabotaje;2;1;3
2025-11;RCU - SA32;(en blanco);Cabotaje;2;;2
2025-11;RCU - SAOL;(en blanco);Cabotaje;2;;2
2025-11;RCU - SAOM;(en blanco);Cabotaje;1;;1
2025-11;RCU - SLA;Fuerza A‚rea Argentina;Cabotaje;4;;4
2025-11;RCU - TDL;Fuerza A‚rea Argentina;Cabotaje;8;;8
2025-11;RCU - TDL;(en blanco);Cabotaje;4;18;22
2025-11;RCU - TUC;N/A;Cabotaje;1;;1
2025-11;RCU - TUC;(en blanco);Cabotaje;1;;1
2025-11;REL - RGA;(en blanco);Cabotaje;3;1;4
2025-11;REL - USH;Aerol¡neas Argentinas;Cabotaje;;3079;3079
2025-11;RES - SADO;Ej‚rcito Argentino;Cabotaje;1;;1
2025-11;RES - SARV;(en blanco);Cabotaje;1;1;2
2025-11;RES - SDE;(en blanco);Cabotaje;6;2;8
2025-11;RES - SLA;American Jet;Cabotaje;10;10;20
2025-11;RES - TTG;Ej‚rcito Argentino;Cabotaje;3;;3
2025-11;RGA - RGA;Fuerza A‚rea Argentina;Cabotaje;23;;23
2025-11;RGA - RGL;Fuerza A‚rea Argentina;Cabotaje;7;;7
2025-11;RGA - TNM;Fuerza A‚rea Argentina;Internacional;74;;74
2025-11;RGA - USH;Fuerza A‚rea Argentina;Cabotaje;23;;23
2025-11;RGA - USH;LADE - L¡neas A‚reas Del Estado;Cabotaje;11;118;129
2025-11;RHD - SLA;(en blanco);Cabotaje;2;;2
2025-11;RHD - TUC;(en blanco);Cabotaje;;1;1
2025-11;RHD - UAQ;N/A;Cabotaje;1;;1
2025-11;ROS - SFN;(en blanco);Cabotaje;4;;4
2025-11;RSA - RSA;(en blanco);Cabotaje;15;;15
2025-11;RSA - SA03;(en blanco);Cabotaje;3;;3
2025-11;RSA - SA21;N/A;Cabotaje;1;;1
2025-11;RSA - SA29;Ej‚rcito Argentino;Cabotaje;2;;2
2025-11;RSA - SADO;Ej‚rcito Argentino;Cabotaje;7;;7
2025-11;SA02 - SFN;(en blanco);Cabotaje;;4;4
2025-11;SA02 - SLA;(en blanco);Cabotaje;21;3;24
2025-11;SA29 - VDM;(en blanco);Cabotaje;1;;1
2025-11;SA32 - VME;(en blanco);Cabotaje;1;;1
2025-11;SA40 - VME;(en blanco);Cabotaje;1;;1
2025-11;SADZ - SFN;(en blanco);Cabotaje;;1;1
2025-11;SANI - UAQ;N/A;Cabotaje;1;;1
2025-11;SAVO - SFN;(en blanco);Cabotaje;1;;1
2025-11;SCL - TUC;N/A;Internacional;11;;11
2025-11;SCL - USH;LATAM;Internacional;;934;934
2025-11;SDE - SDE;(en blanco);Cabotaje;38;;38
2025-11;SDE - SLA;(en blanco);Cabotaje;20;;20
2025-11;SDE - TUC;N/A;Cabotaje;7;2;9
2025-11;SDE - TUC;(en blanco);Cabotaje;13;;13
2025-11;SFN - SLA;Aerol¡neas Argentinas;Cabotaje;;1068;1068
2025-11;SFN - SLA;American Jet;Cabotaje;10;;10
2025-11;SFN - SLA;(en blanco);Cabotaje;1;1;2
2025-11;SID - USH;N/A;Internacional;2;;2
2025-11;SJU - USH;N/A;Internacional;;11;11
2025-11;SLA - SLA;(en blanco);Cabotaje;15;16;31
2025-11;SLA - SUAA;(en blanco);Internacional;;2;2
2025-11;SLA - TTG;(en blanco);Cabotaje;14;4;18
2025-11;SLA - TUC;N/A;Cabotaje;4;;4
2025-11;SLA - TUC;(en blanco);Cabotaje;16;2;18
2025-11;SLA - UAQ;(en blanco);Cabotaje;2;2;4
2025-11;SLA - VVI;N/A;Internacional;10;;10
2025-11;STT - USH;N/A;Internacional;;2;2
2025-11;TUC - TUC;Aerol¡neas Argentinas;Cabotaje;;47;47
2025-11;TUC - TUC;(en blanco);Cabotaje;60;2;62
2025-11;USH - USH;(en blanco);Cabotaje;67;2;69
2025-11;USH - VDM;(en blanco);Cabotaje;;6;6
2025-11;VDM - VDM;N/A;Cabotaje;3;;3
2025-11;VDM - VDM;(en blanco);Cabotaje;;9;9
2025-11;VDM - VDR;(en blanco);Cabotaje;1;;1
2025-12;3005 - FDO;(en blanco);Internacional;2;;2
2025-12;3017 - SLA;(en blanco);Internacional;;1088;1088
2025-12;AEP - AEP;Benair;Cabotaje;;1;1
2025-12;AEP - AFA;Aerol¡neas Argentinas;Cabotaje;;3672;3672
2025-12;AEP - AR-0010;(en blanco);Cabotaje;2;;2
2025-12;AEP - AR-0038;(en blanco);Cabotaje;;1;1
2025-12;AEP - AR-0193;(en blanco);Cabotaje;;2;2
2025-12;AEP - AR-0263;(en blanco);Cabotaje;;1;1
2025-12;AEP - AR-0446;(en blanco);Cabotaje;;1;1
2025-12;AEP - ASU;Aerol¡neas Argentinas;Internacional;;8824;8824
2025-12;AEP - ASU;Amaszonas;Internacional;;638;638
2025-12;AEP - ASU;Flybondi;Internacional;;4610;4610
2025-12;AEP - ASU;JetSMART Airlines;Internacional;;9327;9327
2025-12;AEP - ASU;N/A;Internacional;5;2;7
2025-12;AEP - ASU;TAM Linhas A‚reas;Internacional;;162;162
2025-12;AEP - BAQ;N/A;Internacional;4;;4
2025-12;AEP - BHI;Aerol¡neas Argentinas;Cabotaje;;16367;16367
2025-12;AEP - BHI;N/A;Cabotaje;4;5;9
2025-12;AEP - BHI;(en blanco);Cabotaje;12;;12
2025-12;AEP - BOG;Aerol¡neas Argentinas;Internacional;;7537;7537
2025-12;AEP - BOG;Avianca;Internacional;;9273;9273
2025-12;AEP - BPS;Aerol¡neas Argentinas;Internacional;;1636;1636
2025-12;AEP - BRC;Aerol¡neas Argentinas;Cabotaje;;60115;60115
2025-12;AEP - BRC;American Jet;Cabotaje;;5;5
2025-12;AEP - BRC;Flybondi;Cabotaje;;8392;8392
2025-12;AEP - BRC;JetSMART Airlines;Cabotaje;;24659;24659
2025-12;AEP - BRC;L¡nea A‚rea SAPSA;Cabotaje;2;;2
2025-12;AEP - BRC;N/A;Cabotaje;;7;7
2025-12;AEP - BRC;(en blanco);Cabotaje;13;15;28
2025-12;AEP - BSB;(en blanco);Internacional;;14;14
2025-12;AEP - CNF;Gol Transportes A‚reos;Internacional;;1663;1663
2025-12;AEP - CNQ;Aerol¡neas Argentinas;Cabotaje;;5771;5771
2025-12;AEP - CNQ;Flybondi;Cabotaje;;10585;10585
2025-12;AEP - CNQ;(en blanco);Cabotaje;15;11;26
2025-12;AEP - COC;N/A;Cabotaje;20;31;51
2025-12;AEP - COC;(en blanco);Cabotaje;3;73;76
2025-12;AEP - COR;Aerol¡neas Argentinas;Cabotaje;;60239;60239
2025-12;AEP - COR;Flybondi;Cabotaje;;26854;26854
2025-12;AEP - COR;Fuerza A‚rea Argentina;Cabotaje;22;;22
2025-12;AEP - COR;JetSMART Airlines;Cabotaje;;45067;45067
2025-12;AEP - COR;N/A;Cabotaje;;11;11
2025-12;AEP - COR;(en blanco);Cabotaje;206;1;207
2025-12;AEP - CPC;Aerol¡neas Argentinas;Cabotaje;;12444;12444
2025-12;AEP - CPC;JetSMART Airlines;Cabotaje;;12420;12420
2025-12;AEP - CPC;N/A;Cabotaje;;10;10
2025-12;AEP - CPC;(en blanco);Cabotaje;2;88;90
2025-12;AEP - CRD;Aerol¡neas Argentinas;Cabotaje;;26500;26500
2025-12;AEP - CRD;Fuerza A‚rea Argentina;Cabotaje;;8;8
2025-12;AEP - CRD;JetSMART Airlines;Cabotaje;;9214;9214
2025-12;AEP - CRD;N/A;Cabotaje;;10;10
2025-12;AEP - CRD;(en blanco);Cabotaje;13;6;19
2025-12;AEP - CTC;Aerol¡neas Argentinas;Cabotaje;;4914;4914
2025-12;AEP - CTC;(en blanco);Cabotaje;8;4;12
2025-12;AEP - CWB;Aerol¡neas Argentinas;Internacional;;4148;4148
2025-12;AEP - DFW;N/A;Internacional;;8;8
2025-12;AEP - EPA;Fuerza A‚rea Argentina;Cabotaje;4;;4
2025-12;AEP - EPA;(en blanco);Cabotaje;11;;11
2025-12;AEP - EQS;Aerol¡neas Argentinas;Cabotaje;;5950;5950
2025-12;AEP - EQS;N/A;Cabotaje;;4;4
2025-12;AEP - EQS;(en blanco);Cabotaje;;4;4
2025-12;AEP - EWR;N/A;Internacional;;6;6
2025-12;AEP - EZE;Aerol¡neas Argentinas;Cabotaje;;40;40
2025-12;AEP - EZE;Arajet;Cabotaje;;75;75
2025-12;AEP - EZE;(en blanco);Cabotaje;;2;2
2025-12;AEP - FDO;American Jet;Cabotaje;;2;2
2025-12;AEP - FDO;N/A;Cabotaje;1;4;5
2025-12;AEP - FDO;(en blanco);Cabotaje;6;7;13
2025-12;AEP - FLL;(en blanco);Internacional;;8;8
2025-12;AEP - FLN;Aerol¡neas Argentinas;Internacional;;8592;8592
2025-12;AEP - FLN;Flybondi;Internacional;;7835;7835
2025-12;AEP - FLN;Gol Transportes A‚reos;Internacional;;10792;10792
2025-12;AEP - FLN;JetSMART Airlines;Internacional;;9610;9610
2025-12;AEP - FLN;N/A;Internacional;;1;1
2025-12;AEP - FLN;(en blanco);Internacional;;5;5
2025-12;AEP - FMA;Aerol¡neas Argentinas;Cabotaje;;5345;5345
2025-12;AEP - FMA;N/A;Cabotaje;;16;16
2025-12;AEP - FMA;(en blanco);Cabotaje;2;20;22
2025-12;AEP - FTE;Aerol¡neas Argentinas;Cabotaje;;47083;47083
2025-12;AEP - FTE;Flybondi;Cabotaje;;1421;1421
2025-12;AEP - FTE;JetSMART Airlines;Cabotaje;;1820;1820
2025-12;AEP - FTE;N/A;Cabotaje;;4;4
2025-12;AEP - FTE;(en blanco);Cabotaje;;33;33
2025-12;AEP - FXE;N/A;Internacional;;10;10
2025-12;AEP - GIG;Aerol¡neas Argentinas;Internacional;;34600;34600
2025-12;AEP - GIG;Flybondi;Internacional;;12766;12766
2025-12;AEP - GIG;Gol Transportes A‚reos;Internacional;;22742;22742
2025-12;AEP - GIG;JetSMART Airlines;Internacional;;19087;19087
2025-12;AEP - GNR;N/A;Cabotaje;;3;3
2025-12;AEP - GPO;American Jet;Cabotaje;;188;188
2025-12;AEP - GPO;N/A;Cabotaje;;2;2
2025-12;AEP - GRU;Aerol¡neas Argentinas;Internacional;;29715;29715
2025-12;AEP - GRU;Gol Transportes A‚reos;Internacional;;28367;28367
2025-12;AEP - GRU;LATAM;Internacional;;2878;2878
2025-12;AEP - GRU;LATAM Per£;Internacional;;9550;9550
2025-12;AEP - GRU;Sky Airline;Internacional;;164;164
2025-12;AEP - GRU;TAM Linhas A‚reas;Internacional;;31022;31022
2025-12;AEP - IAD;N/A;Internacional;4;;4
2025-12;AEP - IGR;Aerol¡neas Argentinas;Cabotaje;;45418;45418
2025-12;AEP - IGR;American Jet;Cabotaje;;89;89
2025-12;AEP - IGR;Flybondi;Cabotaje;;12282;12282
2025-12;AEP - IGR;JetSMART Airlines;Cabotaje;;36190;36190
2025-12;AEP - IGR;(en blanco);Cabotaje;;2;2
2025-12;AEP - IGU;N/A;Internacional;2;4;6
2025-12;AEP - IGU;(en blanco);Internacional;28;;28
2025-12;AEP - IRJ;Aerol¡neas Argentinas;Cabotaje;;5649;5649
2025-12;AEP - IRJ;N/A;Cabotaje;5;5;10
2025-12;AEP - IRJ;(en blanco);Cabotaje;9;11;20
2025-12;AEP - JPA;Gol Transportes A‚reos;Internacional;;752;752
2025-12;AEP - JUJ;Aerol¡neas Argentinas;Cabotaje;;14138;14138
2025-12;AEP - JUJ;Flybondi;Cabotaje;;7539;7539
2025-12;AEP - JUJ;JetSMART Airlines;Cabotaje;;82;82
2025-12;AEP - JUJ;N/A;Cabotaje;;4;4
2025-12;AEP - JUJ;(en blanco);Cabotaje;8;2;10
2025-12;AEP - LIM;Aerol¡neas Argentinas;Internacional;;8236;8236
2025-12;AEP - LIM;JetSMART Airlines;Internacional;;9800;9800
2025-12;AEP - LIM;LATAM Per£;Internacional;;21902;21902
2025-12;AEP - LIM;Sky Airline;Internacional;;7417;7417
2025-12;AEP - LPA;(en blanco);Internacional;6;;6
2025-12;AEP - LPG;(en blanco);Cabotaje;;3;3
2025-12;AEP - LUQ;Aerol¡neas Argentinas;Cabotaje;;4545;4545
2025-12;AEP - LUQ;N/A;Cabotaje;9;9;18
2025-12;AEP - LUQ;(en blanco);Cabotaje;4;;4
2025-12;AEP - MCO;N/A;Internacional;;7;7
2025-12;AEP - MCZ;Gol Transportes A‚reos;Internacional;;153;153
2025-12;AEP - MDQ;Aerol¡neas Argentinas;Cabotaje;;20412;20412
2025-12;AEP - MDQ;Flybondi;Cabotaje;;185;185
2025-12;AEP - MDQ;JetSMART Airlines;Cabotaje;;109;109
2025-12;AEP - MDQ;LADE - L¡neas A‚reas Del Estado;Cabotaje;98;31;129
2025-12;AEP - MDQ;N/A;Cabotaje;;15;15
2025-12;AEP - MDQ;(en blanco);Cabotaje;112;50;162
2025-12;AEP - MDZ;Aerol¡neas Argentinas;Cabotaje;;49491;49491
2025-12;AEP - MDZ;Flybondi;Cabotaje;;22489;22489
2025-12;AEP - MDZ;Fuerza A‚rea Argentina;Cabotaje;21;;21
2025-12;AEP - MDZ;JetSMART Airlines;Cabotaje;;39215;39215
2025-12;AEP - MDZ;N/A;Cabotaje;7;14;21
2025-12;AEP - MDZ;(en blanco);Cabotaje;61;29;90
2025-12;AEP - MOR;N/A;Cabotaje;2;1;3
2025-12;AEP - MOR;(en blanco);Cabotaje;2;;2
2025-12;AEP - MVD;Aerol¡neas Argentinas;Internacional;;15629;15629
2025-12;AEP - MVD;N/A;Internacional;14;49;63
2025-12;AEP - MVD;(en blanco);Internacional;10;22;32
2025-12;AEP - NAT;Gol Transportes A‚reos;Internacional;;1098;1098
2025-12;AEP - NQN;Aerol¡neas Argentinas;Cabotaje;;32436;32436
2025-12;AEP - NQN;American Jet;Cabotaje;;13;13
2025-12;AEP - NQN;Flybondi;Cabotaje;;12334;12334
2025-12;AEP - NQN;JetSMART Airlines;Cabotaje;;28533;28533
2025-12;AEP - NQN;N/A;Cabotaje;3;55;58
2025-12;AEP - NQN;(en blanco);Cabotaje;34;6;40
2025-12;AEP - OES;Aerol¡neas Argentinas;Cabotaje;;125;125
2025-12;AEP - PDI;(en blanco);Cabotaje;4;;4
2025-12;AEP - PDP;Aerol¡neas Argentinas;Internacional;;11951;11951
2025-12;AEP - PDP;American Jet;Internacional;;8;8
2025-12;AEP - PDP;Benair;Internacional;3;4;7
2025-12;AEP - PDP;Fuerza A‚rea Uruguaya;Internacional;4;;4
2025-12;AEP - PDP;Gol Transportes A‚reos;Internacional;;766;766
2025-12;AEP - PDP;N/A;Internacional;8;591;599
2025-12;AEP - PDP;(en blanco);Internacional;23;94;117
2025-12;AEP - PEH;(en blanco);Cabotaje;;1;1
2025-12;AEP - PIL;N/A;Internacional;5;;5
2025-12;AEP - PMY;Aerol¡neas Argentinas;Cabotaje;;7755;7755
2025-12;AEP - PMY;Flybondi;Cabotaje;;4318;4318
2025-12;AEP - PMY;JetSMART Airlines;Cabotaje;;83;83
2025-12;AEP - POA;Aerol¡neas Argentinas;Internacional;;3781;3781
2025-12;AEP - POA;Gol Transportes A‚reos;Internacional;;1784;1784
2025-12;AEP - POA;N/A;Internacional;;1;1
2025-12;AEP - POA;TAM Linhas A‚reas;Internacional;;3426;3426
2025-12;AEP - PRA;Aerol¡neas Argentinas;Cabotaje;;3373;3373
2025-12;AEP - PRA;N/A;Cabotaje;5;46;51
2025-12;AEP - PRA;(en blanco);Cabotaje;22;29;51
2025-12;AEP - PSS;Aerol¡neas Argentinas;Cabotaje;;12467;12467
2025-12;AEP - PSS;Flybondi;Cabotaje;;9682;9682
2025-12;AEP - PSS;N/A;Cabotaje;2;14;16
2025-12;AEP - PSS;(en blanco);Cabotaje;10;;10
2025-12;AEP - RAF;(en blanco);Cabotaje;6;3;9
2025-12;AEP - RCU;Aerol¡neas Argentinas;Cabotaje;;1922;1922
2025-12;AEP - RCU;N/A;Cabotaje;12;10;22
2025-12;AEP - RCU;(en blanco);Cabotaje;440;251;691
2025-12;AEP - REC;Gol Transportes A‚reos;Internacional;;2421;2421
2025-12;AEP - REL;Aerol¡neas Argentinas;Cabotaje;;21012;21012
2025-12;AEP - REL;JetSMART Airlines;Cabotaje;;6801;6801
2025-12;AEP - REL;N/A;Cabotaje;;12;12
2025-12;AEP - REL;(en blanco);Cabotaje;13;9;22
2025-12;AEP - RES;Aerol¡neas Argentinas;Cabotaje;;10910;10910
2025-12;AEP - RES;JetSMART Airlines;Cabotaje;;9775;9775
2025-12;AEP - RES;(en blanco);Cabotaje;13;11;24
2025-12;AEP - RGA;Aerol¡neas Argentinas;Cabotaje;;10179;10179
2025-12;AEP - RGA;N/A;Cabotaje;;16;16
2025-12;AEP - RGA;(en blanco);Cabotaje;2;;2
2025-12;AEP - RGL;Aerol¡neas Argentinas;Cabotaje;;3412;3412
2025-12;AEP - RGL;N/A;Cabotaje;;8;8
2025-12;AEP - RHD;Aerol¡neas Argentinas;Cabotaje;;1274;1274
2025-12;AEP - RHD;Flybondi;Cabotaje;;94;94
2025-12;AEP - RHD;(en blanco);Cabotaje;;8;8
2025-12;AEP - RLO;Aerol¡neas Argentinas;Cabotaje;;1319;1319
2025-12;AEP - RLO;(en blanco);Cabotaje;;6;6
2025-12;AEP - ROS;Aerol¡neas Argentinas;Cabotaje;;512;512
2025-12;AEP - ROS;N/A;Cabotaje;;1;1
2025-12;AEP - ROS;(en blanco);Cabotaje;4;5;9
2025-12;AEP - RSA;Aerol¡neas Argentinas;Cabotaje;;3679;3679
2025-12;AEP - RSA;(en blanco);Cabotaje;12;4;16
2025-12;AEP - RZA;N/A;Cabotaje;;1;1
2025-12;AEP - SA40;(en blanco);Cabotaje;5;4;9
2025-12;AEP - SAOM;(en blanco);Cabotaje;3;1;4
2025-12;AEP - SATO;(en blanco);Cabotaje;;4;4
2025-12;AEP - SCL;Aerol¡neas Argentinas;Internacional;;19232;19232
2025-12;AEP - SCL;Gol Transportes A‚reos;Internacional;;153;153
2025-12;AEP - SCL;JetSMART Airlines;Internacional;;23839;23839
2025-12;AEP - SCL;LATAM;Internacional;;32910;32910
2025-12;AEP - SCL;LATAM Per£;Internacional;;5073;5073
2025-12;AEP - SCL;N/A;Internacional;1;1;2
2025-12;AEP - SCL;Sky Airline;Internacional;;16894;16894
2025-12;AEP - SCL;(en blanco);Internacional;;4;4
2025-12;AEP - SDE;Aerol¡neas Argentinas;Cabotaje;;6069;6069
2025-12;AEP - SDE;Flybondi;Cabotaje;;6698;6698
2025-12;AEP - SDE;JetSMART Airlines;Cabotaje;;77;77
2025-12;AEP - SDE;N/A;Cabotaje;33;62;95
2025-12;AEP - SDE;(en blanco);Cabotaje;47;48;95
2025-12;AEP - SFN;Aerol¡neas Argentinas;Cabotaje;;9675;9675
2025-12;AEP - SFN;N/A;Cabotaje;2;7;9
2025-12;AEP - SFN;(en blanco);Cabotaje;6;;6
2025-12;AEP - SID;N/A;Internacional;;14;14
2025-12;AEP - SLA;Aerol¡neas Argentinas;Cabotaje;;31251;31251
2025-12;AEP - SLA;American Jet;Cabotaje;4;43;47
2025-12;AEP - SLA;Flybondi;Cabotaje;;7039;7039
2025-12;AEP - SLA;JetSMART Airlines;Cabotaje;;15963;15963
2025-12;AEP - SLA;(en blanco);Cabotaje;13;7;20
2025-12;AEP - SSA;Aerol¡neas Argentinas;Internacional;;7158;7158
2025-12;AEP - SSA;Gol Transportes A‚reos;Internacional;;2650;2650
2025-12;AEP - SUAA;N/A;Internacional;;2;2
2025-12;AEP - SUCM;(en blanco);Internacional;;11;11
2025-12;AEP - TEB;N/A;Internacional;;1;1
2025-12;AEP - TUC;Aerol¡neas Argentinas;Cabotaje;;22638;22638
2025-12;AEP - TUC;Flybondi;Cabotaje;;9467;9467
2025-12;AEP - TUC;JetSMART Airlines;Cabotaje;;16260;16260
2025-12;AEP - TUC;N/A;Cabotaje;3;5;8
2025-12;AEP - TUC;(en blanco);Cabotaje;21;7;28
2025-12;AEP - UAQ;Aerol¡neas Argentinas;Cabotaje;;8103;8103
2025-12;AEP - UAQ;Flybondi;Cabotaje;;5486;5486
2025-12;AEP - UAQ;N/A;Cabotaje;7;23;30
2025-12;AEP - UAQ;(en blanco);Cabotaje;6;;6
2025-12;AEP - USH;Aerol¡neas Argentinas;Cabotaje;;44966;44966
2025-12;AEP - USH;Flybondi;Cabotaje;;2028;2028
2025-12;AEP - USH;JetSMART Airlines;Cabotaje;;9910;9910
2025-12;AEP - USH;N/A;Cabotaje;;9;9
2025-12;AEP - USH;(en blanco);Cabotaje;6;8;14
2025-12;AEP - VDM;Aerol¡neas Argentinas;Cabotaje;;2812;2812
2025-12;AEP - VDM;N/A;Cabotaje;;17;17
2025-12;AEP - VLG;N/A;Cabotaje;9;84;93
2025-12;AEP - VLG;(en blanco);Cabotaje;;1;1
2025-12;AEP - VMA;Aerol¡neas Argentinas;Cabotaje;;47;47
2025-12;AEP - VMA;(en blanco);Cabotaje;;2;2
2025-12;AEP - VME;N/A;Cabotaje;2;;2
2025-12;AEP - VVI;Aerol¡neas Argentinas;Internacional;;1442;1442
2025-12;AFA - BRC;Andes L¡neas A‚reas;Cabotaje;71;424;495
2025-12;AFA - EZE;Aerol¡neas Argentinas;Cabotaje;;656;656
2025-12;AFA - FDO;(en blanco);Cabotaje;;4;4
2025-12;AFA - MDZ;Andes L¡neas A‚reas;Cabotaje;;107;107
2025-12;AFA - RCU;(en blanco);Cabotaje;2;;2
2025-12;AFA - SA17;(en blanco);Cabotaje;1;;1
2025-12;AFA - SLA;N/A;Cabotaje;3;;3
2025-12;AGT - FDO;(en blanco);Internacional;;5;5
2025-12;AKL - EZE;N/A;Internacional;;3061;3061
2025-12;ALC - FDO;(en blanco);Internacional;;2;2
2025-12;AMS - EZE;KLM;Internacional;;14987;14987
2025-12;ANF - BRC;Andes L¡neas A‚reas;Internacional;;175;175
2025-12;ANU - EZE;Global Jet Luxembourg;Internacional;;5;5
2025-12;APZ - NQN;(en blanco);Cabotaje;2;2;4
2025-12;AQP - IGR;N/A;Internacional;;14;14
2025-12;AR-0005 - CPC;(en blanco);Cabotaje;;3;3
2025-12;AR-0005 - FDO;(en blanco);Cabotaje;1;1;2
2025-12;AR-0009 - FDO;(en blanco);Cabotaje;10;4;14
2025-12;AR-0009 - IGR;(en blanco);Cabotaje;;2;2
2025-12;AR-0009 - RES;(en blanco);Cabotaje;5;;5
2025-12;AR-0010 - FDO;(en blanco);Cabotaje;5;;5
2025-12;AR-0014 - FDO;(en blanco);Cabotaje;1;3;4
2025-12;AR-0019 - NQN;(en blanco);Cabotaje;1;;1
2025-12;AR-0019 - REL;(en blanco);Cabotaje;2;;2
2025-12;AR-0019 - RGL;(en blanco);Cabotaje;;1;1
2025-12;AR-0023 - EZE;Aerol¡neas Argentinas;Cabotaje;;44;44
2025-12;AR-0023 - MDQ;(en blanco);Cabotaje;;1;1
2025-12;AR-0024 - FDO;(en blanco);Cabotaje;4;1;5
2025-12;AR-0028 - MDQ;(en blanco);Cabotaje;1;;1
2025-12;AR-0036 - FDO;(en blanco);Cabotaje;1;;1
2025-12;AR-0036 - PRA;(en blanco);Cabotaje;1;;1
2025-12;AR-0036 - RCU;(en blanco);Cabotaje;2;;2
2025-12;AR-0036 - SDE;(en blanco);Cabotaje;1;;1
2025-12;AR-0038 - EZE;N/A;Cabotaje;1;;1
2025-12;AR-0038 - NQN;(en blanco);Cabotaje;1;;1
2025-12;AR-0038 - RCQ;(en blanco);Cabotaje;;2;2
2025-12;AR-0044 - FDO;(en blanco);Cabotaje;5;;5
2025-12;AR-0047 - FDO;(en blanco);Cabotaje;1;;1
2025-12;AR-0052 - FDO;(en blanco);Cabotaje;1;1;2
2025-12;AR-0052 - OYA;(en blanco);Cabotaje;2;;2
2025-12;AR-0052 - PSS;(en blanco);Cabotaje;2;;2
2025-12;AR-0052 - SFN;(en blanco);Cabotaje;1;;1
2025-12;AR-0053 - FDO;(en blanco);Cabotaje;2;;2
2025-12;AR-0058 - CPC;(en blanco);Cabotaje;;5;5
2025-12;AR-0061 - COR;(en blanco);Cabotaje;1;;1
2025-12;AR-0061 - FDO;(en blanco);Cabotaje;1;3;4
2025-12;AR-0061 - MDQ;(en blanco);Cabotaje;1;;1
2025-12;AR-0062 - FDO;(en blanco);Cabotaje;1;;1
2025-12;AR-0063 - FDO;(en blanco);Cabotaje;1;;1
2025-12;AR-0069 - EZE;(en blanco);Cabotaje;1;4;5
2025-12;AR-0077 - RCU;(en blanco);Cabotaje;2;;2
2025-12;AR-0078 - SFN;(en blanco);Cabotaje;2;;2
2025-12;AR-0079 - MDQ;(en blanco);Cabotaje;2;;2
2025-12;AR-0080 - FDO;(en blanco);Cabotaje;1;1;2
2025-12;AR-0080 - SLA;(en blanco);Cabotaje;;3;3
2025-12;AR-0080 - UAQ;(en blanco);Cabotaje;1;;1
2025-12;AR-0081 - FDO;N/A;Cabotaje;;1;1
2025-12;AR-0081 - FDO;(en blanco);Cabotaje;3;;3
2025-12;AR-0081 - RCU;(en blanco);Cabotaje;1;;1
2025-12;AR-0083 - EZE;(en blanco);Cabotaje;1;;1
2025-12;AR-0083 - FDO;(en blanco);Cabotaje;1;;1
2025-12;AR-0083 - SDE;(en blanco);Cabotaje;1;;1
2025-12;AR-0088 - FDO;(en blanco);Cabotaje;2;;2
2025-12;AR-0098 - COC;(en blanco);Cabotaje;1;;1
2025-12;AR-0100 - EPA;(en blanco);Cabotaje;;1;1
2025-12;AR-0101 - FDO;(en blanco);Cabotaje;1;;1
2025-12;AR-0101 - MDQ;(en blanco);Cabotaje;;1;1
2025-12;AR-0110 - COR;(en blanco);Cabotaje;1;;1
2025-12;AR-0110 - PRA;(en blanco);Cabotaje;1;;1
2025-12;AR-0111 - EZE;Aerol¡neas Argentinas;Cabotaje;;152;152
2025-12;AR-0114 - FDO;(en blanco);Cabotaje;2;;2
2025-12;AR-0119 - IGR;N/A;Cabotaje;2;;2
2025-12;AR-0121 - FDO;(en blanco);Cabotaje;2;;2
2025-12;AR-0130 - FDO;(en blanco);Cabotaje;2;1;3
2025-12;AR-0138 - EZE;(en blanco);Cabotaje;;2;2
2025-12;AR-0138 - RSA;(en blanco);Cabotaje;3;;3
2025-12;AR-0143 - FDO;(en blanco);Cabotaje;;1;1
2025-12;AR-0150 - FDO;(en blanco);Cabotaje;7;;7
2025-12;AR-0167 - MDQ;(en blanco);Cabotaje;2;;2
2025-12;AR-0168 - COR;(en blanco);Cabotaje;1;;1
2025-12;AR-0168 - FDO;(en blanco);Cabotaje;2;1;3
2025-12;AR-0175 - EPA;(en blanco);Cabotaje;;1;1
2025-12;AR-0175 - FDO;(en blanco);Cabotaje;;1;1
2025-12;AR-0194 - SLA;(en blanco);Cabotaje;4;;4
2025-12;AR-0203 - FDO;(en blanco);Cabotaje;1;;1
2025-12;AR-0211 - CNQ;(en blanco);Cabotaje;5;;5
2025-12;AR-0211 - COR;(en blanco);Cabotaje;35;;35
2025-12;AR-0211 - CTC;(en blanco);Cabotaje;4;;4
2025-12;AR-0211 - EZE;(en blanco);Cabotaje;4;;4
2025-12;AR-0211 - FDO;(en blanco);Cabotaje;1;1;2
2025-12;AR-0212 - FDO;(en blanco);Cabotaje;;5;5
2025-12;AR-0216 - SDE;(en blanco);Cabotaje;3;;3
2025-12;AR-0218 - FDO;(en blanco);Cabotaje;1;;1
2025-12;AR-0218 - RSA;(en blanco);Cabotaje;2;;2
2025-12;AR-0226 - FDO;(en blanco);Cabotaje;;2;2
2025-12;AR-0238 - BRC;(en blanco);Cabotaje;1;;1
2025-12;AR-0238 - FDO;(en blanco);Cabotaje;1;;1
2025-12;AR-0240 - FDO;(en blanco);Cabotaje;1;;1
2025-12;AR-0252 - FDO;(en blanco);Cabotaje;3;1;4
2025-12;AR-0252 - MOR;(en blanco);Cabotaje;2;;2
2025-12;AR-0257 - FDO;N/A;Cabotaje;1;;1
2025-12;AR-0257 - FDO;(en blanco);Cabotaje;1;;1
2025-12;AR-0257 - MDQ;(en blanco);Cabotaje;1;;1
2025-12;AR-0263 - FDO;(en blanco);Cabotaje;5;;5
2025-12;AR-0271 - FDO;(en blanco);Cabotaje;2;2;4
2025-12;AR-0287 - FDO;(en blanco);Cabotaje;5;;5
2025-12;AR-0305 - FDO;(en blanco);Cabotaje;1;;1
2025-12;AR-0310 - BRC;(en blanco);Cabotaje;1;;1
2025-12;AR-0313 - FDO;(en blanco);Cabotaje;1;;1
2025-12;AR-0313 - IGR;(en blanco);Cabotaje;;4;4
2025-12;AR-0316 - FTE;(en blanco);Cabotaje;5;;5
2025-12;AR-0316 - RGL;(en blanco);Cabotaje;2;;2
2025-12;AR-0318 - COR;(en blanco);Cabotaje;1;;1
2025-12;AR-0321 - PRA;(en blanco);Cabotaje;1;;1
2025-12;AR-0327 - FDO;(en blanco);Cabotaje;1;;1
2025-12;AR-0333 - NQN;(en blanco);Cabotaje;6;;6
2025-12;AR-0343 - EZE;(en blanco);Cabotaje;;3;3
2025-12;AR-0343 - FDO;(en blanco);Cabotaje;1;2;3
2025-12;AR-0355 - FDO;(en blanco);Cabotaje;1;;1
2025-12;AR-0356 - SLA;(en blanco);Cabotaje;2;;2
2025-12;AR-0369 - NQN;American Jet;Cabotaje;;310;310
2025-12;AR-0370 - COR;N/A;Cabotaje;2;;2
2025-12;AR-0370 - FDO;N/A;Cabotaje;;1;1
2025-12;AR-0370 - FDO;(en blanco);Cabotaje;2;;2
2025-12;AR-0370 - RHD;(en blanco);Cabotaje;;3;3
2025-12;AR-0370 - SLA;(en blanco);Cabotaje;1;;1
2025-12;AR-0370 - TUC;(en blanco);Cabotaje;2;;2
2025-12;AR-0382 - FDO;(en blanco);Cabotaje;3;2;5
2025-12;AR-0382 - TUC;(en blanco);Cabotaje;1;;1
2025-12;AR-0383 - FDO;(en blanco);Cabotaje;2;;2
2025-12;AR-0385 - RCU;(en blanco);Cabotaje;3;;3
2025-12;AR-0386 - FDO;(en blanco);Cabotaje;;1;1
2025-12;AR-0391 - VDM;(en blanco);Cabotaje;1;;1
2025-12;AR-0393 - FDO;(en blanco);Cabotaje;3;;3
2025-12;AR-0395 - FDO;(en blanco);Cabotaje;2;;2
2025-12;AR-0395 - MDQ;(en blanco);Cabotaje;;1;1
2025-12;AR-0397 - RSA;(en blanco);Cabotaje;3;;3
2025-12;AR-0424 - IRJ;(en blanco);Cabotaje;1;;1
2025-12;AR-0424 - JUJ;(en blanco);Cabotaje;1;;1
2025-12;AR-0424 - SLA;Ej‚rcito Argentino;Cabotaje;3;;3
2025-12;AR-0424 - SLA;(en blanco);Cabotaje;6;;6
2025-12;AR-0446 - FDO;(en blanco);Cabotaje;2;;2
2025-12;AR-0451 - SLA;(en blanco);Cabotaje;1;;1
2025-12;AR-0492 - CPC;(en blanco);Cabotaje;;4;4
2025-12;ARI - FDO;(en blanco);Internacional;2;4;6
2025-12;ASU - BRC;N/A;Internacional;2;;2
2025-12;ASU - CNQ;N/A;Internacional;6;;6
2025-12;ASU - CNQ;(en blanco);Internacional;7;;7
2025-12;ASU - COR;Amaszonas;Internacional;;333;333
2025-12;ASU - COR;Arajet;Internacional;;346;346
2025-12;ASU - COR;Flybondi;Internacional;;525;525
2025-12;ASU - COR;N/A;Internacional;;2;2
2025-12;ASU - COR;(en blanco);Internacional;14;4;18
2025-12;ASU - EZE;Aerol¡neas Argentinas;Internacional;;91;91
2025-12;ASU - EZE;Andes L¡neas A‚reas;Internacional;;608;608
2025-12;ASU - EZE;Arajet;Internacional;;8208;8208
2025-12;ASU - EZE;Flybondi;Internacional;;451;451
2025-12;ASU - EZE;N/A;Internacional;;3;3
2025-12;ASU - FDO;N/A;Internacional;5;16;21
2025-12;ASU - FDO;(en blanco);Internacional;44;22;66
2025-12;ASU - FMA;N/A;Internacional;3;;3
2025-12;ASU - JUJ;Amaszonas;Internacional;;222;222
2025-12;ASU - MDZ;N/A;Internacional;7;;7
2025-12;ASU - MDZ;(en blanco);Internacional;5;;5
2025-12;ASU - PSS;(en blanco);Internacional;2;;2
2025-12;ASU - SFN;(en blanco);Internacional;5;;5
2025-12;ASU - SLA;Amaszonas;Internacional;;443;443
2025-12;ASU - TUC;(en blanco);Internacional;1;;1
2025-12;ATL - EZE;Delta Air Lines;Internacional;;24578;24578
2025-12;ATL - EZE;Iberia Airlines;Internacional;;348;348
2025-12;ATL - EZE;United Airlines;Internacional;;232;232
2025-12;BBA - BRC;N/A;Internacional;;1;1
2025-12;BCN - EZE;Iberia Airlines;Internacional;;25550;25550
2025-12;BED - MDZ;N/A;Internacional;7;;7
2025-12;BGI - EZE;N/A;Internacional;;6;6
2025-12;BHI - BRC;LADE - L¡neas A‚reas Del Estado;Cabotaje;9;198;207
2025-12;BHI - BRC;(en blanco);Cabotaje;;2;2
2025-12;BHI - COR;(en blanco);Cabotaje;7;;7
2025-12;BHI - CRD;Ej‚rcito Argentino;Cabotaje;3;;3
2025-12;BHI - CRD;LADE - L¡neas A‚reas Del Estado;Cabotaje;94;76;170
2025-12;BHI - CSZ;(en blanco);Cabotaje;;3;3
2025-12;BHI - EZE;Aerol¡neas Argentinas;Cabotaje;;3490;3490
2025-12;BHI - EZE;(en blanco);Cabotaje;4;7;11
2025-12;BHI - FDO;N/A;Cabotaje;2;4;6
2025-12;BHI - FDO;(en blanco);Cabotaje;23;9;32
2025-12;BHI - GNR;(en blanco);Cabotaje;1;;1
2025-12;BHI - LPG;(en blanco);Cabotaje;2;;2
2025-12;BHI - MDQ;LADE - L¡neas A‚reas Del Estado;Cabotaje;62;264;326
2025-12;BHI - MDQ;(en blanco);Cabotaje;1;1;2
2025-12;BHI - MOR;(en blanco);Cabotaje;4;;4
2025-12;BHI - NEC;(en blanco);Cabotaje;3;;3
2025-12;BHI - NQN;(en blanco);Cabotaje;11;1;12
2025-12;BHI - OYO;(en blanco);Cabotaje;1;;1
2025-12;BHI - PRA;(en blanco);Cabotaje;6;;6
2025-12;BHI - RSA;(en blanco);Cabotaje;5;;5
2025-12;BHI - SA32;(en blanco);Cabotaje;2;;2
2025-12;BHI - VLG;(en blanco);Cabotaje;2;;2
2025-12;BOG - COR;Avianca;Internacional;;6757;6757
2025-12;BOG - EZE;Avianca;Internacional;;36896;36896
2025-12;BOG - EZE;Avianca Costa Rica;Internacional;;167;167
2025-12;BOG - NQN;(en blanco);Internacional;3;;3
2025-12;BOS - EZE;N/A;Internacional;;3;3
2025-12;BPS - EZE;Gol Transportes A‚reos;Internacional;;723;723
2025-12;BRC - CCP;Andes L¡neas A‚reas;Internacional;;646;646
2025-12;BRC - CCP;JetSMART Airlines;Internacional;;562;562
2025-12;BRC - COR;Aerol¡neas Argentinas;Cabotaje;;4913;4913
2025-12;BRC - COR;Andes L¡neas A‚reas;Cabotaje;;4476;4476
2025-12;BRC - COR;Flybondi;Cabotaje;;9690;9690
2025-12;BRC - COR;LADE - L¡neas A‚reas Del Estado;Cabotaje;22;;22
2025-12;BRC - COR;(en blanco);Cabotaje;2;;2
2025-12;BRC - CPC;N/A;Cabotaje;5;;5
2025-12;BRC - CRD;N/A;Cabotaje;;5;5
2025-12;BRC - CRD;(en blanco);Cabotaje;1;1;2
2025-12;BRC - EHL;(en blanco);Cabotaje;;4;4
2025-12;BRC - ENO;N/A;Internacional;6;;6
2025-12;BRC - EQS;(en blanco);Cabotaje;4;2;6
2025-12;BRC - EZE;Aerol¡neas Argentinas;Cabotaje;;15785;15785
2025-12;BRC - EZE;Andes L¡neas A‚reas;Cabotaje;;1922;1922
2025-12;BRC - EZE;Flybondi;Cabotaje;;20452;20452
2025-12;BRC - EZE;JetSMART Airlines;Cabotaje;;29971;29971
2025-12;BRC - EZE;L¡nea A‚rea SAPSA;Cabotaje;2;;2
2025-12;BRC - EZE;N/A;Cabotaje;3;9;12
2025-12;BRC - EZE;(en blanco);Cabotaje;3;17;20
2025-12;BRC - FDO;American Falcon;Cabotaje;;7;7
2025-12;BRC - FDO;N/A;Cabotaje;16;23;39
2025-12;BRC - FDO;(en blanco);Cabotaje;74;127;201
2025-12;BRC - FTE;Aerol¡neas Argentinas;Cabotaje;;8049;8049
2025-12;BRC - FTE;N/A;Cabotaje;4;;4
2025-12;BRC - FTE;(en blanco);Cabotaje;10;4;14
2025-12;BRC - IGR;N/A;Cabotaje;;4;4
2025-12;BRC - IGR;(en blanco);Cabotaje;3;7;10
2025-12;BRC - LSC;Andes L¡neas A‚reas;Internacional;;529;529
2025-12;BRC - LSC;JetSMART Airlines;Internacional;;147;147
2025-12;BRC - MDQ;American Falcon;Cabotaje;;8;8
2025-12;BRC - MDQ;N/A;Cabotaje;11;6;17
2025-12;BRC - MDZ;Aerol¡neas Argentinas;Cabotaje;;3649;3649
2025-12;BRC - MDZ;Andes L¡neas A‚reas;Cabotaje;;2582;2582
2025-12;BRC - MDZ;JetSMART Airlines;Cabotaje;;6645;6645
2025-12;BRC - MVD;N/A;Internacional;;3;3
2025-12;BRC - NQN;Andes L¡neas A‚reas;Cabotaje;;141;141
2025-12;BRC - NQN;Ej‚rcito Argentino;Cabotaje;1;;1
2025-12;BRC - NQN;(en blanco);Cabotaje;10;6;16
2025-12;BRC - PDP;American Jet;Internacional;;79;79
2025-12;BRC - PDP;N/A;Internacional;;16;16
2025-12;BRC - PDP;(en blanco);Internacional;2;11;13
2025-12;BRC - PMC;JetSMART Airlines;Internacional;;235;235
2025-12;BRC - PMC;N/A;Internacional;5;;5
2025-12;BRC - PMC;(en blanco);Internacional;1;;1
2025-12;BRC - PRA;(en blanco);Cabotaje;2;;2
2025-12;BRC - PUQ;N/A;Internacional;3;;3
2025-12;BRC - RCU;Andes L¡neas A‚reas;Cabotaje;;826;826
2025-12;BRC - RSA;Ej‚rcito Argentino;Cabotaje;2;;2
2025-12;BRC - RSA;(en blanco);Cabotaje;1;;1
2025-12;BRC - SAOM;(en blanco);Cabotaje;1;;1
2025-12;BRC - SCEA;Andes L¡neas A‚reas;Internacional;;177;177
2025-12;BRC - SCL;Andes L¡neas A‚reas;Internacional;;6576;6576
2025-12;BRC - SCL;JetSMART Airlines;Internacional;;2379;2379
2025-12;BRC - SCL;LATAM;Internacional;;1701;1701
2025-12;BRC - SCL;N/A;Internacional;;11;11
2025-12;BRC - SCL;Sky Airline;Internacional;;10705;10705
2025-12;BRC - SDE;(en blanco);Cabotaje;4;5;9
2025-12;BRC - SFN;Andes L¡neas A‚reas;Cabotaje;;1911;1911
2025-12;BRC - SFN;(en blanco);Cabotaje;1;;1
2025-12;BRC - SUA;N/A;Internacional;8;;8
2025-12;BRC - TUC;(en blanco);Cabotaje;7;7;14
2025-12;BRC - VME;Andes L¡neas A‚reas;Cabotaje;;71;71
2025-12;BSB - EZE;Gol Transportes A‚reos;Internacional;;7352;7352
2025-12;BSB - IGR;N/A;Internacional;;4;4
2025-12;BVB - EZE;Flybondi;Internacional;;163;163
2025-12;BVB - EZE;Sky Airline;Internacional;;160;160
2025-12;CDG - EZE;Air France;Internacional;;17763;17763
2025-12;CGR - FDO;(en blanco);Internacional;;4;4
2025-12;CJC - FDO;(en blanco);Internacional;;6;6
2025-12;CJC - FTE;Titan Airways;Internacional;48;;48
2025-12;CLO - MDQ;N/A;Internacional;7;;7
2025-12;CNF - EZE;Gol Transportes A‚reos;Internacional;;297;297
2025-12;CNQ - COR;(en blanco);Cabotaje;7;3;10
2025-12;CNQ - EZE;Aerol¡neas Argentinas;Cabotaje;;1106;1106
2025-12;CNQ - EZE;Flybondi;Cabotaje;;722;722
2025-12;CNQ - EZE;(en blanco);Cabotaje;3;;3
2025-12;CNQ - FDO;(en blanco);Cabotaje;27;9;36
2025-12;CNQ - FMA;(en blanco);Cabotaje;7;;7
2025-12;CNQ - IGR;(en blanco);Cabotaje;;8;8
2025-12;CNQ - MDZ;(en blanco);Cabotaje;4;4;8
2025-12;CNQ - OYA;(en blanco);Cabotaje;5;;5
2025-12;CNQ - PDP;(en blanco);Internacional;13;;13
2025-12;CNQ - PRA;(en blanco);Cabotaje;4;2;6
2025-12;CNQ - RCQ;(en blanco);Cabotaje;2;2;4
2025-12;CNQ - SA23;(en blanco);Cabotaje;5;;5
2025-12;CNQ - SFN;(en blanco);Cabotaje;3;;3
2025-12;CNQ - TUC;(en blanco);Cabotaje;;3;3
2025-12;COC - FDO;(en blanco);Cabotaje;4;5;9
2025-12;COC - MDQ;(en blanco);Cabotaje;6;;6
2025-12;COC - PRA;(en blanco);Cabotaje;1;1;2
2025-12;COC - RAF;(en blanco);Cabotaje;;1;1
2025-12;COR - COR;Aerol¡neas Argentinas;Cabotaje;;79;79
2025-12;COR - COR;Flybondi;Cabotaje;;20;20
2025-12;COR - COR;N/A;Cabotaje;;1;1
2025-12;COR - COR;(en blanco);Cabotaje;10;2;12
2025-12;COR - CRD;Aerol¡neas Argentinas;Cabotaje;;3379;3379
2025-12;COR - CRD;Flybondi;Cabotaje;;51;51
2025-12;COR - CRD;Fuerza A‚rea Argentina;Cabotaje;131;;131
2025-12;COR - CRD;(en blanco);Cabotaje;31;;31
2025-12;COR - CTC;(en blanco);Cabotaje;5;;5
2025-12;COR - EPA;Fuerza A‚rea Argentina;Cabotaje;57;;57
2025-12;COR - EPA;(en blanco);Cabotaje;164;;164
2025-12;COR - EZE;Aerol¡neas Argentinas;Cabotaje;;9031;9031
2025-12;COR - EZE;Andes L¡neas A‚reas;Cabotaje;;4058;4058
2025-12;COR - EZE;Flybondi;Cabotaje;;1755;1755
2025-12;COR - EZE;JetSMART Airlines;Cabotaje;;743;743
2025-12;COR - EZE;N/A;Cabotaje;9;10;19
2025-12;COR - EZE;(en blanco);Cabotaje;7;5;12
2025-12;COR - FDO;Aerol¡neas Argentinas;Cabotaje;;48;48
2025-12;COR - FDO;American Jet;Cabotaje;;8;8
2025-12;COR - FDO;N/A;Cabotaje;5;1;6
2025-12;COR - FDO;(en blanco);Cabotaje;48;41;89
2025-12;COR - FLN;Flybondi;Internacional;;2405;2405
2025-12;COR - FTE;Aerol¡neas Argentinas;Cabotaje;;2619;2619
2025-12;COR - FTE;Flybondi;Cabotaje;;1839;1839
2025-12;COR - FTE;LADE - L¡neas A‚reas Del Estado;Cabotaje;;1;1
2025-12;COR - GIG;Aerol¡neas Argentinas;Internacional;;4489;4489
2025-12;COR - GIG;Flybondi;Internacional;;4550;4550
2025-12;COR - GIG;Gol Transportes A‚reos;Internacional;;9084;9084
2025-12;COR - GIG;JetSMART Airlines;Internacional;;4976;4976
2025-12;COR - GIG;TAM Linhas A‚reas;Internacional;;128;128
2025-12;COR - GRU;Flybondi;Internacional;;134;134
2025-12;COR - GRU;Gol Transportes A‚reos;Internacional;;2735;2735
2025-12;COR - GRU;LATAM;Internacional;;151;151
2025-12;COR - GRU;TAM Linhas A‚reas;Internacional;;6412;6412
2025-12;COR - GYE;N/A;Internacional;11;;11
2025-12;COR - IGR;Aerol¡neas Argentinas;Cabotaje;;3543;3543
2025-12;COR - IGR;Flybondi;Cabotaje;;3804;3804
2025-12;COR - IGU;Flybondi;Internacional;;166;166
2025-12;COR - IRJ;(en blanco);Cabotaje;11;3;14
2025-12;COR - JUJ;Aerol¡neas Argentinas;Cabotaje;;3213;3213
2025-12;COR - LCM;(en blanco);Cabotaje;1;;1
2025-12;COR - LIM;LATAM Per£;Internacional;;14055;14055
2025-12;COR - LUQ;N/A;Cabotaje;1;1;2
2025-12;COR - LUQ;(en blanco);Cabotaje;2;;2
2025-12;COR - MAD;Air Europa;Internacional;;9754;9754
2025-12;COR - MDE;N/A;Internacional;7;;7
2025-12;COR - MDQ;Aerol¡neas Argentinas;Cabotaje;;1476;1476
2025-12;COR - MDQ;Andes L¡neas A‚reas;Cabotaje;;1986;1986
2025-12;COR - MDQ;(en blanco);Cabotaje;;5;5
2025-12;COR - MDZ;Aerol¡neas Argentinas;Cabotaje;;7342;7342
2025-12;COR - MDZ;Andes L¡neas A‚reas;Cabotaje;;145;145
2025-12;COR - MDZ;Fuerza A‚rea Argentina;Cabotaje;11;;11
2025-12;COR - MDZ;N/A;Cabotaje;2;;2
2025-12;COR - MDZ;(en blanco);Cabotaje;25;1;26
2025-12;COR - MIA;N/A;Internacional;9;;9
2025-12;COR - NQN;Aerol¡neas Argentinas;Cabotaje;;7682;7682
2025-12;COR - NQN;Andes L¡neas A‚reas;Cabotaje;;710;710
2025-12;COR - NQN;Flybondi;Cabotaje;;7076;7076
2025-12;COR - NQN;(en blanco);Cabotaje;3;2;5
2025-12;COR - PDP;N/A;Internacional;12;2;14
2025-12;COR - PDP;(en blanco);Internacional;25;36;61
2025-12;COR - PMY;(en blanco);Cabotaje;1;2;3
2025-12;COR - POA;(en blanco);Internacional;5;;5
2025-12;COR - PRA;(en blanco);Cabotaje;4;;4
2025-12;COR - PSS;Aerol¡neas Argentinas;Cabotaje;;1446;1446
2025-12;COR - PTY;Copa Airlines;Internacional;;23726;23726
2025-12;COR - PTY;N/A;Internacional;;1138;1138
2025-12;COR - PUJ;Aerol¡neas Argentinas;Internacional;;2349;2349
2025-12;COR - PUJ;Arajet;Internacional;;4671;4671
2025-12;COR - RAF;(en blanco);Cabotaje;1;3;4
2025-12;COR - RCU;(en blanco);Cabotaje;1;;1
2025-12;COR - REC;Gol Transportes A‚reos;Internacional;;961;961
2025-12;COR - RES;Aerol¡neas Argentinas;Cabotaje;;136;136
2025-12;COR - RGL;Aerol¡neas Argentinas;Cabotaje;;77;77
2025-12;COR - RGL;Fuerza A‚rea Argentina;Cabotaje;58;;58
2025-12;COR - RGL;(en blanco);Cabotaje;64;4;68
2025-12;COR - RHD;(en blanco);Cabotaje;;2;2
2025-12;COR - RLO;(en blanco);Cabotaje;7;;7
2025-12;COR - RZA;(en blanco);Cabotaje;1;;1
2025-12;COR - SA29;(en blanco);Cabotaje;2;;2
2025-12;COR - SACA;(en blanco);Cabotaje;1;;1
2025-12;COR - SACD;(en blanco);Cabotaje;1;;1
2025-12;COR - SAOM;(en blanco);Cabotaje;;1;1
2025-12;COR - SCL;LATAM;Internacional;;9593;9593
2025-12;COR - SCL;LATAM Per£;Internacional;;136;136
2025-12;COR - SCL;TAM Linhas A‚reas;Internacional;;259;259
2025-12;COR - SDE;(en blanco);Cabotaje;29;11;40
2025-12;COR - SFN;(en blanco);Cabotaje;4;4;8
2025-12;COR - SLA;Aerol¡neas Argentinas;Cabotaje;;6430;6430
2025-12;COR - SLA;Flybondi;Cabotaje;;6211;6211
2025-12;COR - SLA;Fuerza A‚rea Argentina;Cabotaje;20;;20
2025-12;COR - SLA;N/A;Cabotaje;;4;4
2025-12;COR - SLA;(en blanco);Cabotaje;72;8;80
2025-12;COR - SUAA;(en blanco);Internacional;1;;1
2025-12;COR - TLC;N/A;Internacional;;5;5
2025-12;COR - TUC;Aerol¡neas Argentinas;Cabotaje;;2903;2903
2025-12;COR - TUC;N/A;Cabotaje;4;4;8
2025-12;COR - TUC;(en blanco);Cabotaje;10;;10
2025-12;COR - UAQ;(en blanco);Cabotaje;12;;12
2025-12;COR - USH;Aerol¡neas Argentinas;Cabotaje;;2827;2827
2025-12;COR - USH;Flybondi;Cabotaje;;1969;1969
2025-12;COR - USH;Fuerza A‚rea Argentina;Cabotaje;2;;2
2025-12;CPC - CPC;(en blanco);Cabotaje;7;2;9
2025-12;CPC - EZE;Aerol¡neas Argentinas;Cabotaje;;1479;1479
2025-12;CPC - EZE;Flybondi;Cabotaje;;129;129
2025-12;CPC - EZE;JetSMART Airlines;Cabotaje;;350;350
2025-12;CPC - EZE;(en blanco);Cabotaje;1;4;5
2025-12;CPC - FDO;N/A;Cabotaje;5;5;10
2025-12;CPC - FDO;(en blanco);Cabotaje;2;46;48
2025-12;CPC - NQN;(en blanco);Cabotaje;27;9;36
2025-12;CPC - PDP;(en blanco);Internacional;;4;4
2025-12;CPC - RSA;(en blanco);Cabotaje;2;;2
2025-12;CPT - EZE;N/A;Internacional;7;;7
2025-12;CRD - EPA;Fuerza A‚rea Argentina;Cabotaje;86;;86
2025-12;CRD - EQS;(en blanco);Cabotaje;1;;1
2025-12;CRD - EZE;Aerol¡neas Argentinas;Cabotaje;;4253;4253
2025-12;CRD - EZE;JetSMART Airlines;Cabotaje;;157;157
2025-12;CRD - FDO;N/A;Cabotaje;;6;6
2025-12;CRD - FDO;(en blanco);Cabotaje;31;9;40
2025-12;CRD - FTE;LADE - L¡neas A‚reas Del Estado;Cabotaje;11;2;13
2025-12;CRD - FTE;(en blanco);Cabotaje;10;2;12
2025-12;CRD - IGR;N/A;Cabotaje;;3;3
2025-12;CRD - LUQ;(en blanco);Cabotaje;6;;6
2025-12;CRD - MDZ;(en blanco);Cabotaje;10;;10
2025-12;CRD - NQN;Aerol¡neas Argentinas;Cabotaje;;4409;4409
2025-12;CRD - NQN;N/A;Cabotaje;;1;1
2025-12;CRD - NQN;(en blanco);Cabotaje;3;6;9
2025-12;CRD - PMQ;LADE - L¡neas A‚reas Del Estado;Cabotaje;41;140;181
2025-12;CRD - PRA;Fuerza A‚rea Argentina;Cabotaje;5;;5
2025-12;CRD - PRA;(en blanco);Cabotaje;5;;5
2025-12;CRD - REL;Aerol¡neas Argentinas;Cabotaje;;89;89
2025-12;CRD - REL;(en blanco);Cabotaje;3;;3
2025-12;CRD - RGA;Fuerza A‚rea Argentina;Cabotaje;25;;25
2025-12;CRD - RGL;Fuerza A‚rea Argentina;Cabotaje;53;;53
2025-12;CRD - RZA;(en blanco);Cabotaje;;4;4
2025-12;CRD - USH;N/A;Cabotaje;;3;3
2025-12;CRD - VDM;Ej‚rcito Argentino;Cabotaje;2;;2
2025-12;CSZ - EZE;Flybondi;Cabotaje;;94;94
2025-12;CSZ - FDO;(en blanco);Cabotaje;2;;2
2025-12;CTC - CTC;Ej‚rcito Argentino;Cabotaje;10;;10
2025-12;CTC - EZE;Aerol¡neas Argentinas;Cabotaje;;1341;1341
2025-12;CTC - FDO;(en blanco);Cabotaje;32;4;36
2025-12;CTC - IRJ;Aerol¡neas Argentinas;Cabotaje;;810;810
2025-12;CTC - IRJ;Ej‚rcito Argentino;Cabotaje;3;;3
2025-12;CTC - IRJ;(en blanco);Cabotaje;;1;1
2025-12;CTC - SANI;(en blanco);Cabotaje;3;;3
2025-12;CTC - SLA;(en blanco);Cabotaje;104;136;240
2025-12;CTC - TUC;(en blanco);Cabotaje;3;2;5
2025-12;CTG - EZE;Arajet;Internacional;;323;323
2025-12;CUN - EZE;Aerol¡neas Argentinas;Internacional;;8944;8944
2025-12;CUN - EZE;Arajet;Internacional;;140;140
2025-12;CUT - NQN;(en blanco);Cabotaje;2;;2
2025-12;CWB - EZE;Flybondi;Internacional;;324;324
2025-12;CWB - FDO;(en blanco);Internacional;8;15;23
2025-12;CYR - FDO;(en blanco);Internacional;1;2;3
2025-12;CZM - EZE;N/A;Internacional;;16;16
2025-12;DAL - EZE;American Airlines;Internacional;;448;448
2025-12;DAL - EZE;N/A;Internacional;;3;3
2025-12;DFW - EZE;American Airlines;Internacional;;12780;12780
2025-12;DUB - EZE;N/A;Internacional;;1;1
2025-12;DZO - FDO;(en blanco);Internacional;;4;4
2025-12;EHL - NQN;(en blanco);Cabotaje;2;;2
2025-12;EHL - REL;(en blanco);Cabotaje;4;;4
2025-12;ELO - IGR;(en blanco);Cabotaje;;1;1
2025-12;ELO - PSS;(en blanco);Cabotaje;6;;6
2025-12;EPA - FDO;(en blanco);Cabotaje;2;1;3
2025-12;EPA - MDQ;(en blanco);Cabotaje;;2;2
2025-12;EPA - PRA;(en blanco);Cabotaje;11;;11
2025-12;EPA - PSS;(en blanco);Cabotaje;5;;5
2025-12;EPA - RCQ;(en blanco);Cabotaje;13;1;14
2025-12;EPA - RCU;Fuerza A‚rea Argentina;Cabotaje;20;;20
2025-12;EPA - RCU;(en blanco);Cabotaje;45;;45
2025-12;EPA - RSA;(en blanco);Cabotaje;3;;3
2025-12;EPA - SLA;(en blanco);Cabotaje;18;;18
2025-12;EQS - EQS;(en blanco);Cabotaje;3;;3
2025-12;EQS - EZE;Aerol¡neas Argentinas;Cabotaje;;1149;1149
2025-12;EQS - FDO;(en blanco);Cabotaje;10;10;20
2025-12;EQS - FTE;(en blanco);Cabotaje;2;3;5
2025-12;EQS - GNR;(en blanco);Cabotaje;4;4;8
2025-12;EQS - MDQ;N/A;Cabotaje;3;;3
2025-12;EQS - MDQ;(en blanco);Cabotaje;;3;3
2025-12;EQS - MDZ;(en blanco);Cabotaje;11;;11
2025-12;EQS - NQN;(en blanco);Cabotaje;4;;4
2025-12;EQS - PMC;(en blanco);Internacional;1;;1
2025-12;EQS - PNT;(en blanco);Internacional;8;;8
2025-12;EZE - EZE;Aerol¡neas Argentinas;Cabotaje;;4;4
2025-12;EZE - FAO;N/A;Internacional;;3;3
2025-12;EZE - FCO;Aerol¡neas Argentinas;Internacional;;7643;7643
2025-12;EZE - FCO;ITA Airways;Internacional;;23886;23886
2025-12;EZE - FCO;N/A;Internacional;;6;6
2025-12;EZE - FDO;Gestair;Cabotaje;;1;1
2025-12;EZE - FDO;(en blanco);Cabotaje;2;15;17
2025-12;EZE - FLL;N/A;Internacional;;2;2
2025-12;EZE - FLN;Aerol¡neas Argentinas;Internacional;;260;260
2025-12;EZE - FLN;Flybondi;Internacional;;8762;8762
2025-12;EZE - FLN;Gol Transportes A‚reos;Internacional;;7142;7142
2025-12;EZE - FLN;JetSMART Airlines;Internacional;;6422;6422
2025-12;EZE - FLN;N/A;Internacional;17;15;32
2025-12;EZE - FLN;(en blanco);Internacional;;2;2
2025-12;EZE - FMA;Aerol¡neas Argentinas;Cabotaje;;1753;1753
2025-12;EZE - FOR;Gol Transportes A‚reos;Internacional;;2493;2493
2025-12;EZE - FRA;Air Europa;Internacional;;339;339
2025-12;EZE - FRA;KLM;Internacional;;266;266
2025-12;EZE - FRA;Lufthansa;Internacional;;21436;21436
2025-12;EZE - FRA;Lufthansa Cargo;Internacional;;3;3
2025-12;EZE - FTE;Aerol¡neas Argentinas;Cabotaje;;10242;10242
2025-12;EZE - FTE;Flybondi;Cabotaje;;16251;16251
2025-12;EZE - FTE;JetSMART Airlines;Cabotaje;;7958;7958
2025-12;EZE - FTE;N/A;Cabotaje;4;12;16
2025-12;EZE - FTE;(en blanco);Cabotaje;;1;1
2025-12;EZE - FXE;N/A;Internacional;4;;4
2025-12;EZE - GIG;Aerol¡neas Argentinas;Internacional;;2188;2188
2025-12;EZE - GIG;British Airways;Internacional;;9651;9651
2025-12;EZE - GIG;Emirates Airline;Internacional;;12170;12170
2025-12;EZE - GIG;Flybondi;Internacional;;10739;10739
2025-12;EZE - GIG;Gol Transportes A‚reos;Internacional;;9372;9372
2025-12;EZE - GIG;JetSMART Airlines;Internacional;;10558;10558
2025-12;EZE - GIG;LATAM;Internacional;;7004;7004
2025-12;EZE - GIG;N/A;Internacional;1;;1
2025-12;EZE - GIG;Swiss International Air Lines;Internacional;;170;170
2025-12;EZE - GRU;Aerol¡neas Argentinas;Internacional;;453;453
2025-12;EZE - GRU;Air Canada;Internacional;;11396;11396
2025-12;EZE - GRU;Emirates Airline;Internacional;;726;726
2025-12;EZE - GRU;Ethiopian Airlines;Internacional;;11089;11089
2025-12;EZE - GRU;Flybondi;Internacional;;138;138
2025-12;EZE - GRU;Gol Transportes A‚reos;Internacional;;152;152
2025-12;EZE - GRU;LATAM;Internacional;;9565;9565
2025-12;EZE - GRU;N/A;Internacional;;10;10
2025-12;EZE - GRU;Swiss International Air Lines;Internacional;;1419;1419
2025-12;EZE - GRU;TAM Linhas A‚reas;Internacional;;4133;4133
2025-12;EZE - GRU;Turkish Airlines;Internacional;;12812;12812
2025-12;EZE - GVA;N/A;Internacional;;2;2
2025-12;EZE - GYE;Avianca Costa Rica;Internacional;;3895;3895
2025-12;EZE - GYE;LATAM Ecuador;Internacional;;268;268
2025-12;EZE - GYE;N/A;Internacional;;14;14
2025-12;EZE - HOU;N/A;Internacional;2;;2
2025-12;EZE - HPN;N/A;Internacional;;7;7
2025-12;EZE - IAH;Delta Air Lines;Internacional;;246;246
2025-12;EZE - IAH;United Airlines;Internacional;;29384;29384
2025-12;EZE - IGR;Aerol¡neas Argentinas;Cabotaje;;12497;12497
2025-12;EZE - IGR;Flybondi;Cabotaje;;15544;15544
2025-12;EZE - IGR;JetSMART Airlines;Cabotaje;;23119;23119
2025-12;EZE - IGR;N/A;Cabotaje;;9;9
2025-12;EZE - IGR;(en blanco);Cabotaje;;7;7
2025-12;EZE - IRJ;Aerol¡neas Argentinas;Cabotaje;;578;578
2025-12;EZE - JFK;American Airlines;Internacional;;15350;15350
2025-12;EZE - JFK;Delta Air Lines;Internacional;;13841;13841
2025-12;EZE - JRO;N/A;Internacional;10;;10
2025-12;EZE - JUJ;Aerol¡neas Argentinas;Cabotaje;;3939;3939
2025-12;EZE - JUJ;Flybondi;Cabotaje;;14192;14192
2025-12;EZE - KZLC;N/A;Internacional;;7;7
2025-12;EZE - LAD;N/A;Internacional;;4;4
2025-12;EZE - LBG;(en blanco);Internacional;;2;2
2025-12;EZE - LGB;N/A;Internacional;;8;8
2025-12;EZE - LIM;Andes L¡neas A‚reas;Internacional;;180;180
2025-12;EZE - LIM;LATAM Ecuador;Internacional;;7097;7097
2025-12;EZE - LIM;LATAM Per£;Internacional;;22285;22285
2025-12;EZE - LIM;N/A;Internacional;10;12;22
2025-12;EZE - LIM;Sky Airline;Internacional;;2190;2190
2025-12;EZE - LMMM;N/A;Internacional;;2;2
2025-12;EZE - LOS;N/A;Internacional;;2;2
2025-12;EZE - LPA;N/A;Internacional;;7;7
2025-12;EZE - LTN;N/A;Internacional;;2;2
2025-12;EZE - LUQ;Aerol¡neas Argentinas;Cabotaje;;329;329
2025-12;EZE - MAD;Aerol¡neas Argentinas;Internacional;;20598;20598
2025-12;EZE - MAD;Air Europa;Internacional;;19894;19894
2025-12;EZE - MAD;Iberia Airlines;Internacional;;55848;55848
2025-12;EZE - MCZ;Flybondi;Internacional;;1740;1740
2025-12;EZE - MCZ;Gol Transportes A‚reos;Internacional;;903;903
2025-12;EZE - MCZ;Sky Airline;Internacional;;152;152
2025-12;EZE - MDE;Avianca;Internacional;;8645;8645
2025-12;EZE - MDQ;Aerol¡neas Argentinas;Cabotaje;;143;143
2025-12;EZE - MDQ;Andes L¡neas A‚reas;Cabotaje;;1;1
2025-12;EZE - MDQ;N/A;Cabotaje;;2;2
2025-12;EZE - MDZ;Aerol¡neas Argentinas;Cabotaje;;10557;10557
2025-12;EZE - MDZ;Andes L¡neas A‚reas;Cabotaje;;75;75
2025-12;EZE - MDZ;Flybondi;Cabotaje;;4729;4729
2025-12;EZE - MDZ;JetSMART Airlines;Cabotaje;;17248;17248
2025-12;EZE - MDZ;N/A;Cabotaje;5;11;16
2025-12;EZE - MDZ;(en blanco);Cabotaje;4;15;19
2025-12;EZE - MEX;Aerom‚xico;Internacional;;21243;21243
2025-12;EZE - MIA;Aerol¡neas Argentinas;Internacional;;25864;25864
2025-12;EZE - MIA;American Airlines;Internacional;;54068;54068
2025-12;EZE - MIA;LATAM;Internacional;;11940;11940
2025-12;EZE - MIA;United Airlines;Internacional;;228;228
2025-12;EZE - MVD;Aerol¡neas Argentinas;Internacional;;257;257
2025-12;EZE - MVD;Avianca;Internacional;;342;342
2025-12;EZE - MVD;JetSMART Airlines;Internacional;;129;129
2025-12;EZE - MVD;LATAM Cargo Uruguay;Internacional;;176;176
2025-12;EZE - MVD;LATAM Ecuador;Internacional;;118;118
2025-12;EZE - MVD;Lufthansa Cargo;Internacional;;7;7
2025-12;EZE - MVD;N/A;Internacional;;2;2
2025-12;EZE - MVD;(en blanco);Internacional;;3;3
2025-12;EZE - NAT;Gol Transportes A‚reos;Internacional;;771;771
2025-12;EZE - NAT;JetSMART Airlines;Internacional;;426;426
2025-12;EZE - NAT;N/A;Internacional;;21;21
2025-12;EZE - NEC;(en blanco);Cabotaje;;2;2
2025-12;EZE - NQN;Aerol¡neas Argentinas;Cabotaje;;6237;6237
2025-12;EZE - NQN;Flybondi;Cabotaje;;2240;2240
2025-12;EZE - NQN;JetSMART Airlines;Cabotaje;;15508;15508
2025-12;EZE - NQN;N/A;Cabotaje;4;1;5
2025-12;EZE - NQN;(en blanco);Cabotaje;3;3;6
2025-12;EZE - OES;Aerol¡neas Argentinas;Cabotaje;;37;37
2025-12;EZE - PDP;Jet Aviation;Internacional;7;;7
2025-12;EZE - PDP;N/A;Internacional;5;30;35
2025-12;EZE - PDP;(en blanco);Internacional;14;15;29
2025-12;EZE - PDU;(en blanco);Internacional;3;;3
2025-12;EZE - PMC;N/A;Internacional;12;12;24
2025-12;EZE - PMY;Aerol¡neas Argentinas;Cabotaje;;436;436
2025-12;EZE - PMY;Flybondi;Cabotaje;;1844;1844
2025-12;EZE - PMY;(en blanco);Cabotaje;1;4;5
2025-12;EZE - POA;Aerol¡neas Argentinas;Internacional;;141;141
2025-12;EZE - POA;N/A;Internacional;;8;8
2025-12;EZE - POS;Arajet;Internacional;;3107;3107
2025-12;EZE - PRA;(en blanco);Cabotaje;4;3;7
2025-12;EZE - PSS;Aerol¡neas Argentinas;Cabotaje;;3011;3011
2025-12;EZE - PSS;Flybondi;Cabotaje;;1649;1649
2025-12;EZE - PSS;N/A;Cabotaje;2;1;3
2025-12;EZE - PTY;Aerol¡neas Argentinas;Internacional;;58;58
2025-12;EZE - PTY;Copa Airlines;Internacional;;54741;54741
2025-12;EZE - PTY;(en blanco);Internacional;;2;2
2025-12;EZE - PUJ;Aerol¡neas Argentinas;Internacional;;10931;10931
2025-12;EZE - PUJ;Arajet;Internacional;;8207;8207
2025-12;EZE - RAF;(en blanco);Cabotaje;;6;6
2025-12;EZE - RCU;Andes L¡neas A‚reas;Cabotaje;;2;2
2025-12;EZE - REC;Gol Transportes A‚reos;Internacional;;251;251
2025-12;EZE - REC;JetSMART Airlines;Internacional;;8101;8101
2025-12;EZE - REC;TAM Linhas A‚reas;Internacional;;599;599
2025-12;EZE - REL;Aerol¡neas Argentinas;Cabotaje;;2130;2130
2025-12;EZE - REL;JetSMART Airlines;Cabotaje;;230;230
2025-12;EZE - RES;Aerol¡neas Argentinas;Cabotaje;;2172;2172
2025-12;EZE - RGA;Aerol¡neas Argentinas;Cabotaje;;914;914
2025-12;EZE - RGL;Aerol¡neas Argentinas;Cabotaje;;846;846
2025-12;EZE - RHD;Aerol¡neas Argentinas;Cabotaje;;649;649
2025-12;EZE - RLO;Aerol¡neas Argentinas;Cabotaje;;79;79
2025-12;EZE - ROS;(en blanco);Cabotaje;;4;4
2025-12;EZE - RSA;Aerol¡neas Argentinas;Cabotaje;;61;61
2025-12;EZE - RYO;(en blanco);Cabotaje;;2;2
2025-12;EZE - SAAA;Aerol¡neas Argentinas;Cabotaje;;82;82
2025-12;EZE - SCF;N/A;Internacional;;5;5
2025-12;EZE - SCL;Aerol¡neas Argentinas;Internacional;;1604;1604
2025-12;EZE - SCL;American Jet;Internacional;;32;32
2025-12;EZE - SCL;Andes L¡neas A‚reas;Internacional;;193;193
2025-12;EZE - SCL;JetSMART Airlines;Internacional;;4996;4996
2025-12;EZE - SCL;KLM;Internacional;;12590;12590
2025-12;EZE - SCL;LATAM;Internacional;;26999;26999
2025-12;EZE - SCL;LATAM Ecuador;Internacional;;144;144
2025-12;EZE - SCL;N/A;Internacional;;10;10
2025-12;EZE - SCL;Sky Airline;Internacional;;6013;6013
2025-12;EZE - SDE;Aerol¡neas Argentinas;Cabotaje;;4028;4028
2025-12;EZE - SDE;American Jet;Cabotaje;60;98;158
2025-12;EZE - SDE;Andes L¡neas A‚reas;Cabotaje;62;976;1038
2025-12;EZE - SDE;Flybondi;Cabotaje;;1899;1899
2025-12;EZE - SDQ;Arajet;Internacional;;414;414
2025-12;EZE - SDU;JetSMART Airlines;Internacional;;164;164
2025-12;EZE - SEN;N/A;Internacional;;1;1
2025-12;EZE - SEQU;Avianca Costa Rica;Internacional;;89;89
2025-12;EZE - SFN;Aerol¡neas Argentinas;Cabotaje;;234;234
2025-12;EZE - SFN;N/A;Cabotaje;8;;8
2025-12;EZE - SFN;(en blanco);Cabotaje;8;23;31
2025-12;EZE - SID;N/A;Internacional;7;10;17
2025-12;EZE - SJK;Flybondi;Internacional;;97;97
2025-12;EZE - SLA;Aerol¡neas Argentinas;Cabotaje;;8614;8614
2025-12;EZE - SLA;American Jet;Cabotaje;;30;30
2025-12;EZE - SLA;Flybondi;Cabotaje;;14932;14932
2025-12;EZE - SLA;JetSMART Airlines;Cabotaje;;11642;11642
2025-12;EZE - SLA;N/A;Cabotaje;5;5;10
2025-12;EZE - SLA;(en blanco);Cabotaje;4;3;7
2025-12;EZE - SSA;Flybondi;Internacional;;1827;1827
2025-12;EZE - SSA;Gol Transportes A‚reos;Internacional;;717;717
2025-12;EZE - SSA;Sky Airline;Internacional;;3866;3866
2025-12;EZE - SUPE;(en blanco);Internacional;;2;2
2025-12;EZE - SXM;N/A;Internacional;;8;8
2025-12;EZE - TEB;N/A;Internacional;;22;22
2025-12;EZE - TUC;Aerol¡neas Argentinas;Cabotaje;;7728;7728
2025-12;EZE - TUC;Flybondi;Cabotaje;;7043;7043
2025-12;EZE - TUC;JetSMART Airlines;Cabotaje;;9174;9174
2025-12;EZE - TUC;(en blanco);Cabotaje;3;1;4
2025-12;EZE - UAQ;Aerol¡neas Argentinas;Cabotaje;;2118;2118
2025-12;EZE - UAQ;Flybondi;Cabotaje;;1631;1631
2025-12;EZE - UIO;Avianca Costa Rica;Internacional;;4908;4908
2025-12;EZE - UIO;N/A;Internacional;;4;4
2025-12;EZE - USH;Aerol¡neas Argentinas;Cabotaje;;20852;20852
2025-12;EZE - USH;Flybondi;Cabotaje;;17402;17402
2025-12;EZE - USH;Global Jet Luxembourg;Cabotaje;4;5;9
2025-12;EZE - USH;JetSMART Airlines;Cabotaje;;11812;11812
2025-12;EZE - USH;(en blanco);Cabotaje;8;4;12
2025-12;EZE - VDM;Aerol¡neas Argentinas;Cabotaje;;77;77
2025-12;EZE - VDM;Andes L¡neas A‚reas;Cabotaje;;552;552
2025-12;EZE - VVI;Boliviana de Aviacion;Internacional;;15845;15845
2025-12;EZE - YUL;N/A;Internacional;1;;1
2025-12;EZE - YYZ;N/A;Internacional;6;;6
2025-12;FDO - FDO;N/A;Cabotaje;3;3;6
2025-12;FDO - FDO;(en blanco);Cabotaje;69;13;82
2025-12;FDO - FLL;(en blanco);Internacional;7;;7
2025-12;FDO - FLN;N/A;Internacional;;3;3
2025-12;FDO - FLN;(en blanco);Internacional;11;;11
2025-12;FDO - FMA;N/A;Cabotaje;;2;2
2025-12;FDO - FMA;(en blanco);Cabotaje;3;22;25
2025-12;FDO - FTE;(en blanco);Cabotaje;;6;6
2025-12;FDO - GHU;(en blanco);Cabotaje;1;;1
2025-12;FDO - GNR;N/A;Cabotaje;2;1;3
2025-12;FDO - GPO;(en blanco);Cabotaje;6;5;11
2025-12;FDO - GRU;(en blanco);Internacional;4;9;13
2025-12;FDO - GYE;N/A;Internacional;6;;6
2025-12;FDO - IGR;(en blanco);Cabotaje;11;40;51
2025-12;FDO - IGU;(en blanco);Internacional;4;4;8
2025-12;FDO - IRJ;N/A;Cabotaje;6;2;8
2025-12;FDO - IRJ;(en blanco);Cabotaje;4;2;6
2025-12;FDO - JNI;(en blanco);Cabotaje;3;3;6
2025-12;FDO - JUJ;N/A;Cabotaje;2;12;14
2025-12;FDO - JUJ;(en blanco);Cabotaje;9;6;15
2025-12;FDO - LEDM;Gestair;Internacional;;9;9
2025-12;FDO - LIM;(en blanco);Internacional;2;5;7
2025-12;FDO - LMMM;N/A;Internacional;8;2;10
2025-12;FDO - LMMM;(en blanco);Internacional;8;2;10
2025-12;FDO - LPG;(en blanco);Cabotaje;6;2;8
2025-12;FDO - LUQ;(en blanco);Cabotaje;15;6;21
2025-12;FDO - MDQ;N/A;Cabotaje;4;2;6
2025-12;FDO - MDQ;(en blanco);Cabotaje;15;26;41
2025-12;FDO - MDX;(en blanco);Cabotaje;1;;1
2025-12;FDO - MDZ;N/A;Cabotaje;1;5;6
2025-12;FDO - MDZ;(en blanco);Cabotaje;53;92;145
2025-12;FDO - MLZ;N/A;Internacional;3;;3
2025-12;FDO - MOR;(en blanco);Cabotaje;8;2;10
2025-12;FDO - MVD;Fuerza A‚rea Uruguaya;Internacional;16;;16
2025-12;FDO - MVD;N/A;Internacional;27;10;37
2025-12;FDO - MVD;(en blanco);Internacional;59;6;65
2025-12;FDO - NAT;(en blanco);Internacional;;2;2
2025-12;FDO - NCJ;(en blanco);Cabotaje;11;3;14
2025-12;FDO - NEC;(en blanco);Cabotaje;;3;3
2025-12;FDO - NQN;N/A;Cabotaje;3;6;9
2025-12;FDO - NQN;(en blanco);Cabotaje;56;31;87
2025-12;FDO - NVT;(en blanco);Internacional;;8;8
2025-12;FDO - OVR;(en blanco);Cabotaje;;1;1
2025-12;FDO - OYA;N/A;Cabotaje;2;;2
2025-12;FDO - OYA;(en blanco);Cabotaje;5;5;10
2025-12;FDO - OYO;(en blanco);Cabotaje;6;2;8
2025-12;FDO - PDP;American Jet;Internacional;2;17;19
2025-12;FDO - PDP;N/A;Internacional;101;175;276
2025-12;FDO - PDP;(en blanco);Internacional;650;449;1099
2025-12;FDO - PEH;(en blanco);Cabotaje;1;;1
2025-12;FDO - PMC;(en blanco);Internacional;;4;4
2025-12;FDO - PMQ;(en blanco);Cabotaje;1;15;16
2025-12;FDO - PMY;(en blanco);Cabotaje;5;4;9
2025-12;FDO - PNT;(en blanco);Internacional;13;3;16
2025-12;FDO - POA;N/A;Internacional;5;;5
2025-12;FDO - PRA;American Jet;Cabotaje;4;4;8
2025-12;FDO - PRA;N/A;Cabotaje;;2;2
2025-12;FDO - PRA;(en blanco);Cabotaje;32;6;38
2025-12;FDO - PSS;N/A;Cabotaje;1;1;2
2025-12;FDO - PSS;(en blanco);Cabotaje;11;5;16
2025-12;FDO - PUQ;(en blanco);Internacional;2;;2
2025-12;FDO - RAF;N/A;Cabotaje;5;;5
2025-12;FDO - RAF;(en blanco);Cabotaje;4;6;10
2025-12;FDO - RCQ;(en blanco);Cabotaje;;1;1
2025-12;FDO - RCU;N/A;Cabotaje;8;1;9
2025-12;FDO - RCU;(en blanco);Cabotaje;20;9;29
2025-12;FDO - REL;N/A;Cabotaje;;4;4
2025-12;FDO - REL;(en blanco);Cabotaje;19;6;25
2025-12;FDO - RES;N/A;Cabotaje;;3;3
2025-12;FDO - RES;(en blanco);Cabotaje;5;2;7
2025-12;FDO - RGA;N/A;Cabotaje;1;17;18
2025-12;FDO - RGA;(en blanco);Cabotaje;;2;2
2025-12;FDO - RGL;(en blanco);Cabotaje;2;5;7
2025-12;FDO - RHD;(en blanco);Cabotaje;2;12;14
2025-12;FDO - RLO;(en blanco);Cabotaje;6;2;8
2025-12;FDO - ROS;N/A;Cabotaje;2;;2
2025-12;FDO - ROS;(en blanco);Cabotaje;1;;1
2025-12;FDO - RSA;N/A;Cabotaje;4;2;6
2025-12;FDO - RSA;(en blanco);Cabotaje;16;3;19
2025-12;FDO - SA04;(en blanco);Cabotaje;6;4;10
2025-12;FDO - SA16;(en blanco);Cabotaje;4;;4
2025-12;FDO - SA29;(en blanco);Cabotaje;1;;1
2025-12;FDO - SA31;(en blanco);Cabotaje;1;;1
2025-12;FDO - SA32;(en blanco);Cabotaje;10;4;14
2025-12;FDO - SA36;(en blanco);Cabotaje;1;;1
2025-12;FDO - SA40;(en blanco);Cabotaje;9;2;11
2025-12;FDO - SAAN;(en blanco);Cabotaje;3;2;5
2025-12;FDO - SADQ;(en blanco);Cabotaje;2;;2
2025-12;FDO - SANI;(en blanco);Cabotaje;;3;3
2025-12;FDO - SAOL;(en blanco);Cabotaje;1;;1
2025-12;FDO - SAOM;(en blanco);Cabotaje;1;2;3
2025-12;FDO - SARV;(en blanco);Cabotaje;3;;3
2025-12;FDO - SCL;N/A;Internacional;12;;12
2025-12;FDO - SCL;(en blanco);Internacional;8;2;10
2025-12;FDO - SDE;American Jet;Cabotaje;36;19;55
2025-12;FDO - SDE;N/A;Cabotaje;29;16;45
2025-12;FDO - SDE;(en blanco);Cabotaje;166;44;210
2025-12;FDO - SFN;N/A;Cabotaje;2;3;5
2025-12;FDO - SFN;(en blanco);Cabotaje;15;10;25
2025-12;FDO - SLA;American Jet;Cabotaje;;4;4
2025-12;FDO - SLA;N/A;Cabotaje;;6;6
2025-12;FDO - SLA;(en blanco);Cabotaje;23;35;58
2025-12;FDO - SST;(en blanco);Cabotaje;1;1;2
2025-12;FDO - SUAA;N/A;Internacional;13;2;15
2025-12;FDO - SUAA;(en blanco);Internacional;62;28;90
2025-12;FDO - SUCM;N/A;Internacional;5;1;6
2025-12;FDO - SUCM;(en blanco);Internacional;33;18;51
2025-12;FDO - SXM;(en blanco);Internacional;4;;4
2025-12;FDO - TDL;(en blanco);Cabotaje;4;;4
2025-12;FDO - TJA;(en blanco);Internacional;;2;2
2025-12;FDO - TUC;N/A;Cabotaje;4;1;5
2025-12;FDO - TUC;(en blanco);Cabotaje;58;24;82
2025-12;FDO - UAQ;(en blanco);Cabotaje;12;8;20
2025-12;FDO - UIO;(en blanco);Internacional;2;;2
2025-12;FDO - USH;(en blanco);Cabotaje;10;19;29
2025-12;FDO - VCP;(en blanco);Internacional;;9;9
2025-12;FDO - VDM;N/A;Cabotaje;;6;6
2025-12;FDO - VDM;(en blanco);Cabotaje;9;11;20
2025-12;FDO - VDR;(en blanco);Cabotaje;1;;1
2025-12;FDO - VLG;(en blanco);Cabotaje;8;7;15
2025-12;FDO - VMA;(en blanco);Cabotaje;;1;1
2025-12;FDO - VME;N/A;Cabotaje;;4;4
2025-12;FDO - VME;(en blanco);Cabotaje;3;3;6
2025-12;FLN - NQN;Aerol¡neas Argentinas;Internacional;;322;322
2025-12;FLN - NQN;JetSMART Airlines;Internacional;;372;372
2025-12;FLN - TUC;(en blanco);Internacional;8;;8
2025-12;FMA - IGU;N/A;Internacional;4;;4
2025-12;FMA - LPG;(en blanco);Cabotaje;2;;2
2025-12;FMA - MOR;(en blanco);Cabotaje;1;;1
2025-12;FMA - PSS;(en blanco);Cabotaje;8;;8
2025-12;FMA - RES;(en blanco);Cabotaje;3;;3
2025-12;FMA - TUC;N/A;Cabotaje;;2;2
2025-12;FTE - FTE;N/A;Cabotaje;;2;2
2025-12;FTE - FTE;(en blanco);Cabotaje;7;15;22
2025-12;FTE - GRU;N/A;Internacional;9;;9
2025-12;FTE - IGR;(en blanco);Cabotaje;;7;7
2025-12;FTE - MDQ;Aerol¡neas Argentinas;Cabotaje;;83;83
2025-12;FTE - MDQ;(en blanco);Cabotaje;;6;6
2025-12;FTE - PMQ;LADE - L¡neas A‚reas Del Estado;Cabotaje;11;60;71
2025-12;FTE - PNT;Titan Airways;Internacional;50;;50
2025-12;FTE - PNT;(en blanco);Internacional;4;4;8
2025-12;FTE - REL;Aerol¡neas Argentinas;Cabotaje;;1957;1957
2025-12;FTE - REL;(en blanco);Cabotaje;2;;2
2025-12;FTE - RGA;LADE - L¡neas A‚reas Del Estado;Cabotaje;1;1;2
2025-12;FTE - RGL;LADE - L¡neas A‚reas Del Estado;Cabotaje;4;23;27
2025-12;FTE - RGL;(en blanco);Cabotaje;2;;2
2025-12;FTE - RZA;(en blanco);Cabotaje;;1;1
2025-12;FTE - SCL;Sky Airline;Internacional;;2086;2086
2025-12;FTE - USH;Aerol¡neas Argentinas;Cabotaje;;18666;18666
2025-12;FTE - USH;Flybondi;Cabotaje;;4565;4565
2025-12;FTE - USH;LADE - L¡neas A‚reas Del Estado;Cabotaje;4;130;134
2025-12;FTE - USH;N/A;Cabotaje;9;5;14
2025-12;FTE - USH;(en blanco);Cabotaje;;78;78
2025-12;GIG - IGR;N/A;Internacional;4;;4
2025-12;GIG - IGR;(en blanco);Internacional;;14;14
2025-12;GIG - MDZ;JetSMART Airlines;Internacional;;2606;2606
2025-12;GIG - ROS;Gol Transportes A‚reos;Internacional;;205;205
2025-12;GNR - NQN;N/A;Cabotaje;1;;1
2025-12;GPO - GPO;American Jet;Cabotaje;;5;5
2025-12;GPO - RSA;(en blanco);Cabotaje;5;;5
2025-12;GRU - MDZ;Gol Transportes A‚reos;Internacional;;4573;4573
2025-12;GRU - MDZ;TAM Linhas A‚reas;Internacional;;4988;4988
2025-12;GRU - ROS;TAM Linhas A‚reas;Internacional;;209;209
2025-12;GYE - SLA;(en blanco);Internacional;5;;5
2025-12;HOS - NQN;(en blanco);Cabotaje;9;;9
2025-12;IGR - IGR;(en blanco);Cabotaje;;13;13
2025-12;IGR - IGU;(en blanco);Internacional;3;;3
2025-12;IGR - LIM;Flybondi;Internacional;;1109;1109
2025-12;IGR - LIM;N/A;Internacional;1;;1
2025-12;IGR - MDZ;(en blanco);Cabotaje;8;8;16
2025-12;IGR - PDP;(en blanco);Internacional;;8;8
2025-12;IGR - PSS;Ej‚rcito Argentino;Cabotaje;3;;3
2025-12;IGR - PSS;(en blanco);Cabotaje;16;8;24
2025-12;IGR - REC;(en blanco);Internacional;;4;4
2025-12;IGR - SAAN;(en blanco);Cabotaje;;2;2
2025-12;IGR - SATI;(en blanco);Cabotaje;;2;2
2025-12;IGR - SATO;Ej‚rcito Argentino;Cabotaje;3;;3
2025-12;IGR - SFN;Aerol¡neas Argentinas;Cabotaje;;1023;1023
2025-12;IGR - SLA;Aerol¡neas Argentinas;Cabotaje;;3011;3011
2025-12;IGR - SLA;(en blanco);Cabotaje;;5;5
2025-12;IGR - UZU;N/A;Cabotaje;;2;2
2025-12;IGR - VVI;L¡neas A‚reas Canedo LAC;Internacional;;3;3
2025-12;IGU - PSS;N/A;Internacional;5;;5
2025-12;IGU - RES;N/A;Internacional;1;;1
2025-12;IGU - SFN;N/A;Internacional;2;;2
2025-12;IRJ - MDQ;(en blanco);Cabotaje;1;;1
2025-12;IRJ - SDE;(en blanco);Cabotaje;1;;1
2025-12;IRJ - SLA;N/A;Cabotaje;4;;4
2025-12;IRJ - SLA;(en blanco);Cabotaje;10;2;12
2025-12;IRJ - TUC;(en blanco);Cabotaje;4;;4
2025-12;JNI - NQN;(en blanco);Cabotaje;2;;2
2025-12;JNI - UAQ;(en blanco);Cabotaje;;6;6
2025-12;JUJ - JUJ;(en blanco);Cabotaje;6;;6
2025-12;JUJ - SDE;(en blanco);Cabotaje;1;1;2
2025-12;JUJ - TUC;(en blanco);Cabotaje;2;;2
2025-12;LGS - LGS;(en blanco);Cabotaje;21;;21
2025-12;LIM - MDZ;LATAM Per£;Internacional;;6029;6029
2025-12;LIM - MDZ;(en blanco);Internacional;4;;4
2025-12;LIM - ROS;LATAM Per£;Internacional;;196;196
2025-12;LIM - SFN;N/A;Internacional;27;;27
2025-12;LIM - SLA;LATAM Per£;Internacional;;4667;4667
2025-12;LIM - SLA;N/A;Internacional;7;;7
2025-12;LIM - TUC;LATAM Per£;Internacional;;1329;1329
2025-12;LPA - NQN;(en blanco);Internacional;3;;3
2025-12;LPG - MDQ;(en blanco);Cabotaje;18;3;21
2025-12;LPG - NQN;(en blanco);Cabotaje;2;;2
2025-12;LPG - RSA;(en blanco);Cabotaje;2;;2
2025-12;LPG - SDE;(en blanco);Cabotaje;3;;3
2025-12;LPG - UAQ;N/A;Cabotaje;1;1;2
2025-12;LSC - MDZ;(en blanco);Internacional;3;;3
2025-12;LUQ - VME;(en blanco);Cabotaje;5;;5
2025-12;MAD - SFN;N/A;Internacional;6;;6
2025-12;MCO - USH;N/A;Internacional;23;17;40
2025-12;MDQ - MDQ;(en blanco);Cabotaje;1;;1
2025-12;MDQ - MDZ;Aerol¡neas Argentinas;Cabotaje;;1583;1583
2025-12;MDQ - MDZ;(en blanco);Cabotaje;;2;2
2025-12;MDQ - MOR;N/A;Cabotaje;1;;1
2025-12;MDQ - MOR;(en blanco);Cabotaje;2;1;3
2025-12;MDQ - MVD;N/A;Internacional;3;4;7
2025-12;MDQ - PDP;(en blanco);Internacional;11;7;18
2025-12;MDQ - RAF;(en blanco);Cabotaje;;1;1
2025-12;MDQ - RES;Aerol¡neas Argentinas;Cabotaje;;46;46
2025-12;MDQ - SA29;N/A;Cabotaje;;1;1
2025-12;MDQ - SAAN;(en blanco);Cabotaje;1;;1
2025-12;MDQ - TDL;(en blanco);Cabotaje;2;;2
2025-12;MDQ - TUC;(en blanco);Cabotaje;1;1;2
2025-12;MDZ - MDZ;Aerol¡neas Argentinas;Cabotaje;;48;48
2025-12;MDZ - MDZ;JetSMART Airlines;Cabotaje;;87;87
2025-12;MDZ - MVD;N/A;Internacional;8;;8
2025-12;MDZ - MVD;(en blanco);Internacional;8;5;13
2025-12;MDZ - NQN;Aerol¡neas Argentinas;Cabotaje;;4218;4218
2025-12;MDZ - NQN;American Jet;Cabotaje;8;135;143
2025-12;MDZ - NQN;(en blanco);Cabotaje;2;11;13
2025-12;MDZ - PDP;(en blanco);Internacional;13;25;38
2025-12;MDZ - PRA;N/A;Cabotaje;3;4;7
2025-12;MDZ - PTY;Copa Airlines;Internacional;;8010;8010
2025-12;MDZ - RCU;(en blanco);Cabotaje;3;;3
2025-12;MDZ - ROS;(en blanco);Cabotaje;;2;2
2025-12;MDZ - SA16;(en blanco);Cabotaje;1;;1
2025-12;MDZ - SCL;Aerocardal;Internacional;2;;2
2025-12;MDZ - SCL;JetSMART Airlines;Internacional;;3576;3576
2025-12;MDZ - SCL;LATAM;Internacional;;13263;13263
2025-12;MDZ - SCL;N/A;Internacional;11;;11
2025-12;MDZ - SCL;Sky Airline;Internacional;;10555;10555
2025-12;MDZ - SCL;(en blanco);Internacional;;2;2
2025-12;MDZ - SDE;(en blanco);Cabotaje;14;;14
2025-12;MDZ - SFN;N/A;Cabotaje;;2;2
2025-12;MDZ - SKB;(en blanco);Internacional;6;;6
2025-12;MDZ - SLA;Aerol¡neas Argentinas;Cabotaje;;2670;2670
2025-12;MDZ - SLA;JetSMART Airlines;Cabotaje;;6703;6703
2025-12;MDZ - SLA;(en blanco);Cabotaje;1;;1
2025-12;MDZ - TUC;(en blanco);Cabotaje;2;1;3
2025-12;MDZ - UAQ;(en blanco);Cabotaje;2;1;3
2025-12;MDZ - USH;(en blanco);Cabotaje;;1;1
2025-12;MOR - MOR;(en blanco);Cabotaje;16;2;18
2025-12;MOR - NEC;(en blanco);Cabotaje;2;;2
2025-12;MOR - RCU;(en blanco);Cabotaje;1;;1
2025-12;MOR - RES;(en blanco);Cabotaje;1;;1
2025-12;MOR - SA04;(en blanco);Cabotaje;1;;1
2025-12;MOR - SDE;(en blanco);Cabotaje;8;7;15
2025-12;MPN - USH;LATAM;Internacional;;271;271
2025-12;MVD - ROS;N/A;Internacional;6;;6
2025-12;NQN - NQN;American Jet;Cabotaje;;107;107
2025-12;NQN - NQN;N/A;Cabotaje;2;;2
2025-12;NQN - NQN;(en blanco);Cabotaje;43;9;52
2025-12;NQN - OES;(en blanco);Cabotaje;;3;3
2025-12;NQN - PDP;American Jet;Internacional;;1;1
2025-12;NQN - PDP;(en blanco);Internacional;3;;3
2025-12;NQN - PMC;(en blanco);Internacional;;2;2
2025-12;NQN - PMY;(en blanco);Cabotaje;;1;1
2025-12;NQN - RDS;(en blanco);Cabotaje;25;;25
2025-12;NQN - REL;Aerol¡neas Argentinas;Cabotaje;;5;5
2025-12;NQN - RGL;(en blanco);Cabotaje;7;;7
2025-12;NQN - ROS;(en blanco);Cabotaje;2;9;11
2025-12;NQN - RSA;Ej‚rcito Argentino;Cabotaje;1;;1
2025-12;NQN - RSA;(en blanco);Cabotaje;2;1;3
2025-12;NQN - RZA;(en blanco);Cabotaje;2;;2
2025-12;NQN - SA17;N/A;Cabotaje;;4;4
2025-12;NQN - SA32;(en blanco);Cabotaje;1;;1
2025-12;NQN - SAAN;(en blanco);Cabotaje;2;;2
2025-12;NQN - SADO;Ej‚rcito Argentino;Cabotaje;1;;1
2025-12;NQN - SAOM;(en blanco);Cabotaje;1;;1
2025-12;NQN - SDE;(en blanco);Cabotaje;5;;5
2025-12;NQN - SFN;(en blanco);Cabotaje;3;;3
2025-12;NQN - SLA;JetSMART Airlines;Cabotaje;;8236;8236
2025-12;NQN - UAQ;(en blanco);Cabotaje;4;;4
2025-12;NQN - VCP;N/A;Internacional;3;;3
2025-12;NVT - PSS;(en blanco);Internacional;14;;14
2025-12;NVT - RES;N/A;Internacional;1;;1
2025-12;ORA - SLA;(en blanco);Cabotaje;5;5;10
2025-12;ORA - TUC;(en blanco);Cabotaje;1;;1
2025-12;PDP - PRA;(en blanco);Internacional;20;;20
2025-12;PDP - PSS;N/A;Internacional;4;;4
2025-12;PDP - RES;(en blanco);Internacional;7;10;17
2025-12;PDP - ROS;N/A;Internacional;3;;3
2025-12;PDP - ROS;(en blanco);Internacional;8;16;24
2025-12;PDP - SFN;(en blanco);Internacional;26;7;33
2025-12;PDP - SLA;(en blanco);Internacional;22;;22
2025-12;PDP - TUC;(en blanco);Internacional;20;;20
2025-12;PMQ - RGL;LADE - L¡neas A‚reas Del Estado;Cabotaje;;14;14
2025-12;PMY - PMY;(en blanco);Cabotaje;2;;2
2025-12;PMY - REL;(en blanco);Cabotaje;1;;1
2025-12;POA - SFN;N/A;Internacional;2;;2
2025-12;PRA - PSS;(en blanco);Cabotaje;2;;2
2025-12;PRA - RAF;(en blanco);Cabotaje;1;;1
2025-12;PRA - RCU;(en blanco);Cabotaje;6;;6
2025-12;PRA - RES;(en blanco);Cabotaje;1;;1
2025-12;PRA - RSA;N/A;Cabotaje;4;;4
2025-12;PRA - RSA;(en blanco);Cabotaje;3;;3
2025-12;PRA - SADO;(en blanco);Cabotaje;2;;2
2025-12;PRA - SDE;(en blanco);Cabotaje;2;;2
2025-12;PRA - SLA;(en blanco);Cabotaje;1;;1
2025-12;PRA - SUAA;(en blanco);Internacional;3;;3
2025-12;PSS - PSS;(en blanco);Cabotaje;5;;5
2025-12;PSS - RSA;(en blanco);Cabotaje;1;;1
2025-12;PSS - SADO;Ej‚rcito Argentino;Cabotaje;4;;4
2025-12;PSS - SATI;(en blanco);Cabotaje;1;;1
2025-12;PSS - SATO;(en blanco);Cabotaje;1;;1
2025-12;PSS - SFN;(en blanco);Cabotaje;1;;1
2025-12;PSS - SLA;(en blanco);Cabotaje;2;;2
2025-12;PTY - ROS;Copa Airlines;Internacional;;388;388
2025-12;PTY - SLA;Copa Airlines;Internacional;;3647;3647
2025-12;PTY - TUC;Copa Airlines;Internacional;;3629;3629
2025-12;PUJ - SFN;(en blanco);Internacional;;9;9
2025-12;PUJ - TUC;Aerol¡neas Argentinas;Internacional;;998;998
2025-12;PUQ - USH;LATAM;Internacional;;266;266
2025-12;PUQ - USH;N/A;Internacional;6;;6
2025-12;RAF - ROS;(en blanco);Cabotaje;2;;2
2025-12;RCQ - RGL;Fuerza A‚rea Argentina;Cabotaje;7;;7
2025-12;RCQ - SFN;(en blanco);Cabotaje;1;2;3
2025-12;RCQ - SLA;Fuerza A‚rea Argentina;Cabotaje;25;;25
2025-12;RCQ - SLA;(en blanco);Cabotaje;54;;54
2025-12;RCU - RCU;(en blanco);Cabotaje;3;;3
2025-12;RCU - SA05;(en blanco);Cabotaje;1;;1
2025-12;RCU - SA17;(en blanco);Cabotaje;1;;1
2025-12;RCU - SA32;(en blanco);Cabotaje;3;;3
2025-12;RCU - SA40;(en blanco);Cabotaje;1;;1
2025-12;RCU - TUC;N/A;Cabotaje;;1;1
2025-12;RCU - TUC;(en blanco);Cabotaje;39;;39
2025-12;RCU - VME;(en blanco);Cabotaje;6;;6
2025-12;REL - RGA;N/A;Cabotaje;;4;4
2025-12;REL - USH;Aerol¡neas Argentinas;Cabotaje;;1652;1652
2025-12;REL - USH;N/A;Cabotaje;8;;8
2025-12;REL - USH;(en blanco);Cabotaje;10;;10
2025-12;RES - SA26;(en blanco);Cabotaje;;4;4
2025-12;RES - SARV;(en blanco);Cabotaje;2;;2
2025-12;RES - TUC;N/A;Cabotaje;;5;5
2025-12;RGA - RGL;(en blanco);Cabotaje;2;;2
2025-12;RGA - USH;LADE - L¡neas A‚reas Del Estado;Cabotaje;7;78;85
2025-12;RGL - USH;LADE - L¡neas A‚reas Del Estado;Cabotaje;;68;68
2025-12;RHD - SDE;(en blanco);Cabotaje;8;5;13
2025-12;RLO - TUC;(en blanco);Cabotaje;8;;8
2025-12;ROS - SA31;(en blanco);Cabotaje;1;;1
2025-12;ROS - SFN;(en blanco);Cabotaje;1;;1
2025-12;ROS - SLA;Aerol¡neas Argentinas;Cabotaje;;151;151
2025-12;ROS - VLG;(en blanco);Cabotaje;3;;3
2025-12;RSA - RSA;(en blanco);Cabotaje;10;;10
2025-12;RSA - SA17;(en blanco);Cabotaje;1;;1
2025-12;RSA - SA32;Ej‚rcito Argentino;Cabotaje;1;;1
2025-12;RSA - SAAU;(en blanco);Cabotaje;3;;3
2025-12;RSA - SAEA;(en blanco);Cabotaje;1;;1
2025-12;RSA - SFN;(en blanco);Cabotaje;1;;1
2025-12;RSA - SLA;(en blanco);Cabotaje;2;;2
2025-12;SA02 - SLA;N/A;Cabotaje;1;;1
2025-12;SA02 - SLA;(en blanco);Cabotaje;4;;4
2025-12;SA29 - VDM;(en blanco);Cabotaje;1;;1
2025-12;SADO - SDE;Ej‚rcito Argentino;Cabotaje;3;;3
2025-12;SANO - UAQ;(en blanco);Cabotaje;2;;2
2025-12;SAVO - SDE;(en blanco);Cabotaje;2;;2
2025-12;SCL - SLA;N/A;Internacional;1;1;2
2025-12;SCL - USH;LATAM;Internacional;;1364;1364
2025-12;SCL - USH;N/A;Internacional;;12;12
2025-12;SDE - SDE;(en blanco);Cabotaje;29;;29
2025-12;SDE - SLA;(en blanco);Cabotaje;6;;6
2025-12;SDE - TTG;Ej‚rcito Argentino;Cabotaje;3;;3
2025-12;SDE - TUC;(en blanco);Cabotaje;2;;2
2025-12;SDE - UAQ;(en blanco);Cabotaje;2;;2
2025-12;SFN - SFN;(en blanco);Cabotaje;4;;4
2025-12;SFN - SLA;Aerol¡neas Argentinas;Cabotaje;;861;861
2025-12;SFN - TUC;(en blanco);Cabotaje;2;2;4
2025-12;SLA - SLA;(en blanco);Cabotaje;16;14;30
2025-12;SLA - TJA;N/A;Internacional;4;;4
2025-12;SLA - TJA;(en blanco);Internacional;4;;4
2025-12;SLA - TTG;(en blanco);Cabotaje;15;3;18
2025-12;SLA - TUC;JetSMART Airlines;Cabotaje;;106;106
2025-12;SLA - TUC;(en blanco);Cabotaje;2;;2
2025-12;SLA - VDR;(en blanco);Cabotaje;2;;2
2025-12;SLA - VVI;N/A;Internacional;13;;13
2025-12;SSA - USH;N/A;Internacional;9;;9
2025-12;SXM - USH;Global Jet Luxembourg;Internacional;;10;10
2025-12;SYD - USH;N/A;Internacional;5;;5
2025-12;TUC - TUC;(en blanco);Cabotaje;59;6;65
2025-12;TUC - UAQ;(en blanco);Cabotaje;2;;2
2025-12;USH - USH;(en blanco);Cabotaje;4;;4
2025-12;USH - WPU;(en blanco);Internacional;4;;4
2025-12;VDM - VDM;(en blanco);Cabotaje;3;;3
