{"type":"FeatureCollection","features":[{"type":"Feature","id":"inpres_sismos.1","geometry":{"type":"Point","coordinates":[-65.624,-33.549]},"geometry_name":"geom","properties":{"gid":1,"fecha":"31/12/2021","lat":-33.548999999999999,"long":-65.623999999999995,"profund":"16 Km.","intensidad":"IV a V -Fraga, San Luis; IV a V -Va. Mercedes, San Luis; III a IV -Ciudad de San Luis","nam":"San Luis","magnitud":4.6,"categoria":"Rango magnitud 4-5"},"bbox":[-65.624,-33.549,-65.624,-33.549]},{"type":"Feature","id":"inpres_sismos.2","geometry":{"type":"Point","coordinates":[-72.23,-50.31]},"geometry_name":"geom","properties":{"gid":2,"fecha":"13/10/2021","lat":-50.310000000000002,"long":-72.230000000000004,"profund":"10 Km.","intensidad":"III a IV -Río Turbio, Santa Cruz; III -Río Gallegos, Santa Cruz; V -El Calafate, Santa Cruz","nam":"Santa Cruz","magnitud":5.5,"categoria":"Rango magnitud 5-6"},"bbox":[-72.23,-50.31,-72.23,-50.31]},{"type":"Feature","id":"inpres_sismos.3","geometry":{"type":"Point","coordinates":[-66.755,-29.154]},"geometry_name":"geom","properties":{"gid":3,"fecha":"11/6/2021","lat":-29.154,"long":-66.754999999999995,"profund":"19 Km.","intensidad":"IV a V -Ciudad de La Rioja; IV -Pinchas, La Rioja; IV -Sanagasta, La Rioja; III a IV -Anillaco, La Rioja; III a IV -Chilecito, La Rioja; III -San F. del Valle de Catamarca","nam":"La Rioja","magnitud":4.6,"categoria":"Rango magnitud 4-5"},"bbox":[-66.755,-29.154,-66.755,-29.154]},{"type":"Feature","id":"inpres_sismos.4","geometry":{"type":"Point","coordinates":[-68.904,-31.777]},"geometry_name":"geom","properties":{"gid":4,"fecha":"19/1/2021","lat":-31.777000000000001,"long":-68.903999999999996,"profund":"8 Km.","intensidad":"IV a V -La Rinconada, San Juan; IV a V -Los Berros, San Juan; IV -Media Agua, San Juan; IV -Ciudad de San Juan","nam":"San Juan","magnitud":4.9,"categoria":"Rango magnitud 4-5"},"bbox":[-68.904,-31.777,-68.904,-31.777]},{"type":"Feature","id":"inpres_sismos.5","geometry":{"type":"Point","coordinates":[-65.025,-23.264]},"geometry_name":"geom","properties":{"gid":5,"fecha":"29/11/2020","lat":-23.263999999999999,"long":-65.025000000000006,"profund":"17 Km.","intensidad":"VI -Caspalá, Jujuy; IV a V -Humahuaca, Jujuy; III a IV -San Ramon de la Nueva Orán, Salta; III a IV -Lb. Gral. San Martín, Jujuy; III -Ciudad de Jujuy; III -Ciudad de Salta","nam":"Salta","magnitud":5.9,"categoria":"Rango magnitud 5-6"},"bbox":[-65.025,-23.264,-65.025,-23.264]},{"type":"Feature","id":"inpres_sismos.6","geometry":{"type":"Point","coordinates":[-67.573,-28.368]},"geometry_name":"geom","properties":{"gid":6,"fecha":"5/3/2020","lat":-28.367999999999999,"long":-67.572999999999993,"profund":"150 Km.","intensidad":"IV a V -Tinogasta, Catamarca; IV a V -Famatina, La Rioja; III a IV -Ciudad de La Rioja; III a IV -Ciudad de San F. del V. de Catamarca; III a IV -Villa Unión, La Rioja; III a IV -Jáchal, San Juan; III a IV -Rodeo, San Juan; II a III -Ciudad de San Juan","nam":"La Rioja","magnitud":5.5,"categoria":"Rango magnitud 5-6"},"bbox":[-67.573,-28.368,-67.573,-28.368]},{"type":"Feature","id":"inpres_sismos.7","geometry":{"type":"Point","coordinates":[-71.375,-31.76]},"geometry_name":"geom","properties":{"gid":7,"fecha":"4/11/2019","lat":-31.760000000000002,"long":-71.375,"profund":"57 Km.","intensidad":"IV a V -Barreal, San Juan; IV -Ciudad de Mendoza; III a IV -Ciudad de San Juan; III a IV -Ciudad de La Rioja; II a III -Ciudad de San Luis; II a III -Ciudad de Córdoba","nam":"Chile","magnitud":6.1,"categoria":"Rango magnitud 6-7"},"bbox":[-71.375,-31.76,-71.375,-31.76]},{"type":"Feature","id":"inpres_sismos.239","geometry":{"type":"Point","coordinates":[-69.55,-28.622]},"geometry_name":"geom","properties":{"gid":239,"fecha":"17/1/2013","lat":-28.622,"long":-69.549999999999997,"profund":"126 Km.","intensidad":"El sismo fue sentido con intensidad IV MM en las localidades y pueblos del oeste de Jachal.","nam":"San Juan","magnitud":4.4,"categoria":"Rango magnitud 4-5"},"bbox":[-69.55,-28.622,-69.55,-28.622]},{"type":"Feature","id":"inpres_sismos.8","geometry":{"type":"Point","coordinates":[-69.051,-30.365]},"geometry_name":"geom","properties":{"gid":8,"fecha":"28/10/2019","lat":-30.364999999999998,"long":-69.051000000000002,"profund":"11 Km.","intensidad":"V -Iglesia, San Juan; IV a V -Jáchal, San Juan; III -Ciudad de San Juan; II a III -Ciudad de La Rioja; II a III -Ciudad de Mendoza","nam":"San Juan","magnitud":5.2,"categoria":"Rango magnitud 5-6"},"bbox":[-69.051,-30.365,-69.051,-30.365]},{"type":"Feature","id":"inpres_sismos.9","geometry":{"type":"Point","coordinates":[-68.734,-46.284]},"geometry_name":"geom","properties":{"gid":9,"fecha":"17/10/2019","lat":-46.283999999999999,"long":-68.733999999999995,"profund":"15 Km.","intensidad":"IV a V -Las Heras, Santa Cruz; III a IV -Caleta Olivia, Santa Cruz; III -Comodoro Rivadavia, Chubut","nam":"Santa Cruz","magnitud":5,"categoria":"Rango magnitud 5-6"},"bbox":[-68.734,-46.284,-68.734,-46.284]},{"type":"Feature","id":"inpres_sismos.10","geometry":{"type":"Point","coordinates":[-68.538,-31.326]},"geometry_name":"geom","properties":{"gid":10,"fecha":"28/8/2019","lat":-31.326000000000001,"long":-68.537999999999997,"profund":"10 Km.","intensidad":"IV a V -Albardón, San Juan; IV -Ciudad de San Juan; III a IV -Caucete, San Juan","nam":"San Juan","magnitud":4.3,"categoria":"Rango magnitud 4-5"},"bbox":[-68.538,-31.326,-68.538,-31.326]},{"type":"Feature","id":"inpres_sismos.11","geometry":{"type":"Point","coordinates":[-69.349,-31.799]},"geometry_name":"geom","properties":{"gid":11,"fecha":"31/12/2018","lat":-31.798999999999999,"long":-69.349000000000004,"profund":"120 Km.","intensidad":"IV a V -Barreal, San Juan; III a IV -Ciudad de San Juan; III a IV -Ciudad de Mendoza; III -San Rafael, Mendoza","nam":"San Juan","magnitud":5.4,"categoria":"Rango magnitud 5-6"},"bbox":[-69.349,-31.799,-69.349,-31.799]},{"type":"Feature","id":"inpres_sismos.12","geometry":{"type":"Point","coordinates":[-67.652,-30.217]},"geometry_name":"geom","properties":{"gid":12,"fecha":"2/11/2018","lat":-30.216999999999999,"long":-67.652000000000001,"profund":"15 Km.","intensidad":"IV a V -Ischigualasto, San Juan; IV -Va. San Agustín, San Juan; III a IV -Jáchal, San Juan; III a IV -Villa Unión, La Rioja; III a IV -Ciudad de La Rioja; III -Ciudad de San Juan","nam":"La Rioja","magnitud":5,"categoria":"Rango magnitud 5-6"},"bbox":[-67.652,-30.217,-67.652,-30.217]},{"type":"Feature","id":"inpres_sismos.13","geometry":{"type":"Point","coordinates":[-64.649,-29.866]},"geometry_name":"geom","properties":{"gid":13,"fecha":"13/11/2015","lat":-29.866,"long":-64.649000000000001,"profund":"52 Km.","intensidad":"La intensidad del sismo en la escala Mercalli Modificada alcanzo el grado V a VI(cinco a seis) en localidades cercanas al epicentro.","nam":"Córdoba","magnitud":5.8,"categoria":"Rango magnitud 5-6"},"bbox":[-64.649,-29.866,-64.649,-29.866]},{"type":"Feature","id":"inpres_sismos.14","geometry":{"type":"Point","coordinates":[-68.503,-31.631]},"geometry_name":"geom","properties":{"gid":14,"fecha":"12/9/2015","lat":-31.631,"long":-68.503,"profund":"10 Km.","intensidad":"La Intensidad del sismo en la Escala Mercalli Modificada alcanzo el grado V (cinco) en la Ciudad de San Juan","nam":"San Juan","magnitud":4.7,"categoria":"Rango magnitud 4-5"},"bbox":[-68.503,-31.631,-68.503,-31.631]},{"type":"Feature","id":"inpres_sismos.15","geometry":{"type":"Point","coordinates":[-64.907,-25.915]},"geometry_name":"geom","properties":{"gid":15,"fecha":"5/9/2015","lat":-25.914999999999999,"long":-64.906999999999996,"profund":"31 Km.","intensidad":"La intensidad del sismo en la escala Mercalli modificada alcanzo el grado V (cinco) en localidades cercanas al epicentro","nam":"Salta","magnitud":4.8,"categoria":"Rango magnitud 4-5"},"bbox":[-64.907,-25.915,-64.907,-25.915]},{"type":"Feature","id":"inpres_sismos.16","geometry":{"type":"Point","coordinates":[-67.217,-32.613]},"geometry_name":"geom","properties":{"gid":16,"fecha":"2/2/2015","lat":-32.613,"long":-67.216999999999999,"profund":"178 Km.","intensidad":"La intensidad del sismo en la escala Mercalli modificada, fue de grado V a VI (cinco a seis) en las ciudades de San Luis y San Juan y de grado V (cinco) en la ciudad de Mendoza","nam":"San Luis","magnitud":6.2,"categoria":"Rango magnitud 6-7"},"bbox":[-67.217,-32.613,-67.217,-32.613]},{"type":"Feature","id":"inpres_sismos.17","geometry":{"type":"Point","coordinates":[-67.58,-32.8]},"geometry_name":"geom","properties":{"gid":17,"fecha":"15/11/2013","lat":-32.799999999999997,"long":-67.579999999999998,"profund":"33 Km.","intensidad":"La Intensidad del sismo en la escala Mercalli Modificada alcanzo el grado IV a V (cuatro a cinco) en el Departamento Lavalle y localidades cercanas al epicentro en la provincia de Mendoza, el grado III a IV (tres a cuatro) en la ciudad de San Juan, el gr","nam":"Mendoza","magnitud":5.5,"categoria":"Rango magnitud 5-6"},"bbox":[-67.58,-32.8,-67.58,-32.8]},{"type":"Feature","id":"inpres_sismos.18","geometry":{"type":"Point","coordinates":[-68.721,-33.06]},"geometry_name":"geom","properties":{"gid":18,"fecha":"18/6/2012","lat":-33.060000000000002,"long":-68.721000000000004,"profund":"15 Km.","intensidad":"La intensidad del sismo en la escala Mercalli Modificada alcanzó el grado IV a V (cuatro a cinco) en la ciudad de Mendoza y II a III (dos a tres en la ciudad de San Juan.","nam":"Mendoza","magnitud":5,"categoria":"Rango magnitud 5-6"},"bbox":[-68.721,-33.06,-68.721,-33.06]},{"type":"Feature","id":"inpres_sismos.19","geometry":{"type":"Point","coordinates":[-71.743,-32.83]},"geometry_name":"geom","properties":{"gid":19,"fecha":"17/4/2012","lat":-32.829999999999998,"long":-71.742999999999995,"profund":"27 Km.","intensidad":"La intensidad en la escala Mercalli Modificada alcanzó el grado IV (cuatro) en la provincia de San Juan, IV a V en la ciudad de Mendoza, III en la ciudades de La Rioja y Córdoba.","nam":"Chile","magnitud":6.5,"categoria":"Rango magnitud 6-7"},"bbox":[-71.743,-32.83,-71.743,-32.83]},{"type":"Feature","id":"inpres_sismos.20","geometry":{"type":"Point","coordinates":[-68.367,-31.821]},"geometry_name":"geom","properties":{"gid":20,"fecha":"18/1/2012","lat":-31.821000000000002,"long":-68.367000000000004,"profund":"11 Km.","intensidad":"La intensidad del sismo en la escala Mercalli Modificada alcanzó el grado V (cinco) en la zona epicentral, el grado IV a V (cuatro a cinco) en la ciudad de Mendoza y el grado II a III (dos a tres) en el sur de La Rioja y el norte de San Luis","nam":"San Juan","magnitud":4.8,"categoria":"Rango magnitud 4-5"},"bbox":[-68.367,-31.821,-68.367,-31.821]},{"type":"Feature","id":"inpres_sismos.21","geometry":{"type":"Point","coordinates":[-64.523,-26.035]},"geometry_name":"geom","properties":{"gid":21,"fecha":"20/12/2021","lat":-26.035,"long":-64.522999999999996,"profund":"10 Km.","intensidad":"III a IV -Nueva Esperanza, Santiago del Estero; III -Rosario de la Frontera, Salta; II a III -Ciudad de Salta; II a III -Ciudad de San Miguel de Tucumán","nam":"Salta","magnitud":4.7,"categoria":"Rango magnitud 4-5"},"bbox":[-64.523,-26.035,-64.523,-26.035]},{"type":"Feature","id":"inpres_sismos.22","geometry":{"type":"Point","coordinates":[-64.165,-23.964]},"geometry_name":"geom","properties":{"gid":22,"fecha":"15/12/2021","lat":-23.963999999999999,"long":-64.165000000000006,"profund":"10 Km.","intensidad":"III a IV -Palma Sola, Jujuy","nam":"Salta","magnitud":3.7,"categoria":"Rango magnitud 3-4"},"bbox":[-64.165,-23.964,-64.165,-23.964]},{"type":"Feature","id":"inpres_sismos.23","geometry":{"type":"Point","coordinates":[-68.728,-29.934]},"geometry_name":"geom","properties":{"gid":23,"fecha":"22/11/2021","lat":-29.934000000000001,"long":-68.727999999999994,"profund":"14 Km.","intensidad":"III a IV -Villa Mercedes, San Juan; III -San José de Jáchal, San Juan; III -Guandacol, La Rioja; II a III -Las Flores, San Juan","nam":"San Juan","magnitud":4.2,"categoria":"Rango magnitud 4-5"},"bbox":[-68.728,-29.934,-68.728,-29.934]},{"type":"Feature","id":"inpres_sismos.24","geometry":{"type":"Point","coordinates":[-64.371,-30.455]},"geometry_name":"geom","properties":{"gid":24,"fecha":"11/11/2021","lat":-30.454999999999998,"long":-64.370999999999995,"profund":"22 Km.","intensidad":"III a IV -Deán Funes, Córdoba; III -Capilla del Monte, Córdoba; II a III -Ciudad de Córdoba","nam":"Córdoba","magnitud":4,"categoria":"Rango magnitud 4-5"},"bbox":[-64.371,-30.455,-64.371,-30.455]},{"type":"Feature","id":"inpres_sismos.25","geometry":{"type":"Point","coordinates":[-70.067,-32.745]},"geometry_name":"geom","properties":{"gid":25,"fecha":"3/11/2021","lat":-32.744999999999997,"long":-70.066999999999993,"profund":"122 Km.","intensidad":"IV -Ciudad de Mendoza; III a IV -Ciudad de San Juan","nam":"Mendoza","magnitud":5.8,"categoria":"Rango magnitud 5-6"},"bbox":[-70.067,-32.745,-70.067,-32.745]},{"type":"Feature","id":"inpres_sismos.26","geometry":{"type":"Point","coordinates":[-68.199,-32.975]},"geometry_name":"geom","properties":{"gid":26,"fecha":"28/10/2021","lat":-32.975000000000001,"long":-68.198999999999998,"profund":"9 Km.","intensidad":"III a IV -La Colonia, Mendoza; III -Palmira, Mendoza; III -Rivadavia, Mendoza; III -Ciudad de Mendoza","nam":"Mendoza","magnitud":3.5,"categoria":"Rango magnitud 3-4"},"bbox":[-68.199,-32.975,-68.199,-32.975]},{"type":"Feature","id":"inpres_sismos.27","geometry":{"type":"Point","coordinates":[-72.568,-50.487]},"geometry_name":"geom","properties":{"gid":27,"fecha":"15/10/2021","lat":-50.487000000000002,"long":-72.567999999999998,"profund":"8 Km.","intensidad":"III a IV -El Calafate, Santa Cruz","nam":"Santa Cruz","magnitud":3.6,"categoria":"Rango magnitud 3-4"},"bbox":[-72.568,-50.487,-72.568,-50.487]},{"type":"Feature","id":"inpres_sismos.28","geometry":{"type":"Point","coordinates":[-64.785,-25.529]},"geometry_name":"geom","properties":{"gid":28,"fecha":"6/10/2021","lat":-25.529,"long":-64.784999999999997,"profund":"26 Km.","intensidad":"IV -El Galpon, Salta; III a IV -Metán, Salta; III -Ciudad de Salta; III -Ciudad de San Miguel de Tucumán","nam":"Salta","magnitud":4.8,"categoria":"Rango magnitud 4-5"},"bbox":[-64.785,-25.529,-64.785,-25.529]},{"type":"Feature","id":"inpres_sismos.29","geometry":{"type":"Point","coordinates":[-68.236,-33.234]},"geometry_name":"geom","properties":{"gid":29,"fecha":"29/9/2021","lat":-33.234000000000002,"long":-68.236000000000004,"profund":"14 Km.","intensidad":"IV -San Martín, Mendoza; IV -Las Catitas, Mendoza; III a IV -Ciudad de Mendoza; III -Ciudad de San Juan","nam":"Mendoza","magnitud":5.2,"categoria":"Rango magnitud 5-6"},"bbox":[-68.236,-33.234,-68.236,-33.234]},{"type":"Feature","id":"inpres_sismos.30","geometry":{"type":"Point","coordinates":[-65.718,-26.925]},"geometry_name":"geom","properties":{"gid":30,"fecha":"11/9/2021","lat":-26.925000000000001,"long":-65.718000000000004,"profund":"17 Km.","intensidad":"III a IV -Tafí del Valle, Tucumán; III -San Miguel de Tucumán; III -Amaicha del Valle, Tucumán; III -Santa María, Catamarca","nam":"Tucumán","magnitud":4.1,"categoria":"Rango magnitud 4-5"},"bbox":[-65.718,-26.925,-65.718,-26.925]},{"type":"Feature","id":"inpres_sismos.31","geometry":{"type":"Point","coordinates":[-71.342,-27.678]},"geometry_name":"geom","properties":{"gid":31,"fecha":"1/9/2021","lat":-27.678000000000001,"long":-71.341999999999999,"profund":"11 Km.","intensidad":"III a IV -Vinchina, La Rioja; III -Va. Unión, La Rioja; III -Rodeo, San Juan; II a III -Ciudad de San Juan","nam":"Océano Pacífico","magnitud":5.9,"categoria":"Rango magnitud 5-6"},"bbox":[-71.342,-27.678,-71.342,-27.678]},{"type":"Feature","id":"inpres_sismos.32","geometry":{"type":"Point","coordinates":[-69.147,-38.567]},"geometry_name":"geom","properties":{"gid":32,"fecha":"22/8/2021","lat":-38.567,"long":-69.147000000000006,"profund":"8 Km.","intensidad":"III -Añelo, Neuquén; II a III -Cutral Có, Neuquén; II a III -Ciudad de Neuquén; IV a V -Sauzal Bonito, Neuquén","nam":"Neuquén","magnitud":3.8,"categoria":"Rango magnitud 3-4"},"bbox":[-69.147,-38.567,-69.147,-38.567]},{"type":"Feature","id":"inpres_sismos.33","geometry":{"type":"Point","coordinates":[-68.946,-31.758]},"geometry_name":"geom","properties":{"gid":33,"fecha":"7/8/2021","lat":-31.757999999999999,"long":-68.945999999999998,"profund":"10 Km.","intensidad":"III a IV -Pocito, San Juan; III a IV -Zonda, San Juan; III a IV -Los Berros, San Juan; III -Ciudad de San Juan","nam":"San Juan","magnitud":3.9,"categoria":"Rango magnitud 3-4"},"bbox":[-68.946,-31.758,-68.946,-31.758]},{"type":"Feature","id":"inpres_sismos.34","geometry":{"type":"Point","coordinates":[-64.815,-33.23]},"geometry_name":"geom","properties":{"gid":34,"fecha":"7/8/2021","lat":-33.229999999999997,"long":-64.814999999999998,"profund":"12 Km.","intensidad":"II a III -Río IV, Córdoba; II a III -Sampacho, Córdoba","nam":"Córdoba","magnitud":2.9,"categoria":"Rango magnitud 2-3"},"bbox":[-64.815,-33.23,-64.815,-33.23]},{"type":"Feature","id":"inpres_sismos.35","geometry":{"type":"Point","coordinates":[-69.155,-38.567]},"geometry_name":"geom","properties":{"gid":35,"fecha":"1/8/2021","lat":-38.567,"long":-69.155000000000001,"profund":"7 Km.","intensidad":"III a IV -Sauzal Bonito, Neuquén","nam":"Neuquén","magnitud":3.1,"categoria":"Rango magnitud 3-4"},"bbox":[-69.155,-38.567,-69.155,-38.567]},{"type":"Feature","id":"inpres_sismos.36","geometry":{"type":"Point","coordinates":[-67.974,-30.465]},"geometry_name":"geom","properties":{"gid":36,"fecha":"28/7/2021","lat":-30.465,"long":-67.974000000000004,"profund":"14 Km.","intensidad":"IV -Villa San Agustín, San Juan; III a IV -San José de Jáchal, San Juan; III -Ciudad de San Juan; III -Ciudad de La Rioja","nam":"San Juan","magnitud":4.6,"categoria":"Rango magnitud 4-5"},"bbox":[-67.974,-30.465,-67.974,-30.465]},{"type":"Feature","id":"inpres_sismos.37","geometry":{"type":"Point","coordinates":[-65.818,-32.577]},"geometry_name":"geom","properties":{"gid":37,"fecha":"25/7/2021","lat":-32.576999999999998,"long":-65.817999999999998,"profund":"8 Km.","intensidad":"III a IV -Santa Rosa de Conlara; III a IV -Ciudad de San Luis; III -Va. Mercedes, San Luis","nam":"San Luis","magnitud":4.2,"categoria":"Rango magnitud 4-5"},"bbox":[-65.818,-32.577,-65.818,-32.577]},{"type":"Feature","id":"inpres_sismos.38","geometry":{"type":"Point","coordinates":[-67.103,-32.221]},"geometry_name":"geom","properties":{"gid":38,"fecha":"23/7/2021","lat":-32.220999999999997,"long":-67.102999999999994,"profund":"13 Km.","intensidad":"III a IV -La Calera, San Luis; III -Capital, San Luis","nam":"San Luis","magnitud":3.9,"categoria":"Rango magnitud 3-4"},"bbox":[-67.103,-32.221,-67.103,-32.221]},{"type":"Feature","id":"inpres_sismos.39","geometry":{"type":"Point","coordinates":[-69.283,-32.833]},"geometry_name":"geom","properties":{"gid":39,"fecha":"18/7/2021","lat":-32.832999999999998,"long":-69.283000000000001,"profund":"8 Km.","intensidad":"III a IV -Ciudad de Mendoza; II a III -Barreal, San Juan","nam":"Mendoza","magnitud":3.7,"categoria":"Rango magnitud 3-4"},"bbox":[-69.283,-32.833,-69.283,-32.833]},{"type":"Feature","id":"inpres_sismos.40","geometry":{"type":"Point","coordinates":[-69.14,-38.574]},"geometry_name":"geom","properties":{"gid":40,"fecha":"17/7/2021","lat":-38.573999999999998,"long":-69.140000000000001,"profund":"6 Km.","intensidad":"III a IV -Sauzal Bonito, Neuquén","nam":"Neuquén","magnitud":3,"categoria":"Rango magnitud 3-4"},"bbox":[-69.14,-38.574,-69.14,-38.574]},{"type":"Feature","id":"inpres_sismos.41","geometry":{"type":"Point","coordinates":[-69.182,-38.54]},"geometry_name":"geom","properties":{"gid":41,"fecha":"17/7/2021","lat":-38.539999999999999,"long":-69.182000000000002,"profund":"5 Km.","intensidad":"III a IV -Sauzal Bonito, Neuquén","nam":"Neuquén","magnitud":3,"categoria":"Rango magnitud 3-4"},"bbox":[-69.182,-38.54,-69.182,-38.54]},{"type":"Feature","id":"inpres_sismos.42","geometry":{"type":"Point","coordinates":[-71.473,-28.759]},"geometry_name":"geom","properties":{"gid":42,"fecha":"3/7/2021","lat":-28.759,"long":-71.472999999999999,"profund":"23 Km.","intensidad":"III a IV -Rodeo, San Juan; III -Ciudad de San Juan; III -Ciudad de La Rioja; II a III -Ciudad de Mendoza","nam":"Chile","magnitud":5.9,"categoria":"Rango magnitud 5-6"},"bbox":[-71.473,-28.759,-71.473,-28.759]},{"type":"Feature","id":"inpres_sismos.43","geometry":{"type":"Point","coordinates":[-71.543,-28.799]},"geometry_name":"geom","properties":{"gid":43,"fecha":"3/7/2021","lat":-28.798999999999999,"long":-71.543000000000006,"profund":"30 Km.","intensidad":"III a IV -Rodeo, San Juan; III -Ciudad de San Juan; III -Ciudad de La Rioja; II a III -Ciudad de Mendoza","nam":"Chile","magnitud":5.9,"categoria":"Rango magnitud 5-6"},"bbox":[-71.543,-28.799,-71.543,-28.799]},{"type":"Feature","id":"inpres_sismos.44","geometry":{"type":"Point","coordinates":[-64.978,-31.706]},"geometry_name":"geom","properties":{"gid":44,"fecha":"25/6/2021","lat":-31.706,"long":-64.977999999999994,"profund":"8 Km.","intensidad":"III a IV -Mina Clavero, Córdoba; III -Va. Dolores, Córdoba; II a III -Ciudad de Córdoba","nam":"Córdoba","magnitud":3.3,"categoria":"Rango magnitud 3-4"},"bbox":[-64.978,-31.706,-64.978,-31.706]},{"type":"Feature","id":"inpres_sismos.45","geometry":{"type":"Point","coordinates":[-68.844,-31.748]},"geometry_name":"geom","properties":{"gid":45,"fecha":"24/6/2021","lat":-31.748000000000001,"long":-68.843999999999994,"profund":"13 Km.","intensidad":"III a IV -La Rinconada, San Juan; III -Los Berros, San Juan; III -Ciudad de San Juan","nam":"San Juan","magnitud":3.9,"categoria":"Rango magnitud 3-4"},"bbox":[-68.844,-31.748,-68.844,-31.748]},{"type":"Feature","id":"inpres_sismos.46","geometry":{"type":"Point","coordinates":[-69.15,-32.844]},"geometry_name":"geom","properties":{"gid":46,"fecha":"23/6/2021","lat":-32.844000000000001,"long":-69.150000000000006,"profund":"6 Km.","intensidad":"IV -Potrerillos, Mendoza; IV -Ciudad de Mendoza; III a IV -Uspallata, Mendoza; III -Media Agua, San Juan; II a III -Ciudad de San Juan","nam":"Mendoza","magnitud":4.2,"categoria":"Rango magnitud 4-5"},"bbox":[-69.15,-32.844,-69.15,-32.844]},{"type":"Feature","id":"inpres_sismos.47","geometry":{"type":"Point","coordinates":[-69.216,-32.835]},"geometry_name":"geom","properties":{"gid":47,"fecha":"23/6/2021","lat":-32.835000000000001,"long":-69.215999999999994,"profund":"9 Km.","intensidad":"IV a V -Potrerillos, Mendoza; IV a V -Uspallata, Mendoza; III a IV -Va. Media Agua, San Juan; IV a V -Ciudad de Mendoza; III -Ciudad de San Juan","nam":"Mendoza","magnitud":4.7,"categoria":"Rango magnitud 4-5"},"bbox":[-69.216,-32.835,-69.216,-32.835]},{"type":"Feature","id":"inpres_sismos.48","geometry":{"type":"Point","coordinates":[-69.237,-32.812]},"geometry_name":"geom","properties":{"gid":48,"fecha":"23/6/2021","lat":-32.811999999999998,"long":-69.236999999999995,"profund":"9 Km.","intensidad":"III a IV -Potrerillos, Mendoza; III -Uspallata, Mendoza; III -Ciudad de Mendoza","nam":"Mendoza","magnitud":3.3,"categoria":"Rango magnitud 3-4"},"bbox":[-69.237,-32.812,-69.237,-32.812]},{"type":"Feature","id":"inpres_sismos.49","geometry":{"type":"Point","coordinates":[-69.156,-38.672]},"geometry_name":"geom","properties":{"gid":49,"fecha":"7/6/2021","lat":-38.671999999999997,"long":-69.156000000000006,"profund":"7 Km.","intensidad":"II a III -Cutral Có, Neuquén; II a III -Añelo, Neuquén; III a IV -Sauzal Bonito, Neuquén","nam":"Neuquén","magnitud":3.5,"categoria":"Rango magnitud 3-4"},"bbox":[-69.156,-38.672,-69.156,-38.672]},{"type":"Feature","id":"inpres_sismos.50","geometry":{"type":"Point","coordinates":[-64.694,-24.972]},"geometry_name":"geom","properties":{"gid":50,"fecha":"3/6/2021","lat":-24.972000000000001,"long":-64.694000000000003,"profund":"15 Km.","intensidad":"III a IV -Ciudad de Salta; III -Joaquin V. González, Salta; III -El Galpon, Salta; III -Metán, Salta; III -Rosario de la Frontera, Salta","nam":"Salta","magnitud":4.7,"categoria":"Rango magnitud 4-5"},"bbox":[-64.694,-24.972,-64.694,-24.972]},{"type":"Feature","id":"inpres_sismos.51","geometry":{"type":"Point","coordinates":[-67.883,-30.536]},"geometry_name":"geom","properties":{"gid":51,"fecha":"31/5/2021","lat":-30.536000000000001,"long":-67.882999999999996,"profund":"15 Km.","intensidad":"IV a V -Va. San Agustín, San Juan; IV -Jáchal, San Juan; III a IV -Ciudad de San Juan; III a IV -Ciudad de Mendoza; III a IV -Ciudad de La Rioja; III -Ciudad de Córdoba","nam":"San Juan","magnitud":5.1,"categoria":"Rango magnitud 5-6"},"bbox":[-67.883,-30.536,-67.883,-30.536]},{"type":"Feature","id":"inpres_sismos.52","geometry":{"type":"Point","coordinates":[-71.773,-30.049]},"geometry_name":"geom","properties":{"gid":52,"fecha":"2/5/2021","lat":-30.048999999999999,"long":-71.772999999999996,"profund":"14 Km.","intensidad":"III a IV -Ciudad de San Juan; III a IV -Rodeo, San Juan; III a IV -Barreal, San Juan; III -Ciudad de Mendoza; III -Ciudad de La Rioja","nam":"Chile","magnitud":5.9,"categoria":"Rango magnitud 5-6"},"bbox":[-71.773,-30.049,-71.773,-30.049]},{"type":"Feature","id":"inpres_sismos.53","geometry":{"type":"Point","coordinates":[-64.944,-24.149]},"geometry_name":"geom","properties":{"gid":53,"fecha":"9/4/2021","lat":-24.149000000000001,"long":-64.944000000000003,"profund":"15 Km.","intensidad":"III a IV -San Pedro, Jujuy; III -Ciudad de San Salvador de Jujuy","nam":"Jujuy","magnitud":3.6,"categoria":"Rango magnitud 3-4"},"bbox":[-64.944,-24.149,-64.944,-24.149]},{"type":"Feature","id":"inpres_sismos.54","geometry":{"type":"Point","coordinates":[-64.327,-24.016]},"geometry_name":"geom","properties":{"gid":54,"fecha":"6/4/2021","lat":-24.015999999999998,"long":-64.326999999999998,"profund":"17 Km.","intensidad":"III a IV -Santa Clara, Jujuy; III a IV -San Pedro Jujuy,; III a IV -Lib.Gral San Martín, Jujuy; III -San Salvador de Jujuy; II a III -Ciudad de Salta","nam":"Jujuy","magnitud":4.3,"categoria":"Rango magnitud 4-5"},"bbox":[-64.327,-24.016,-64.327,-24.016]},{"type":"Feature","id":"inpres_sismos.55","geometry":{"type":"Point","coordinates":[-67.417,-33.201]},"geometry_name":"geom","properties":{"gid":55,"fecha":"2/4/2021","lat":-33.201000000000001,"long":-67.417000000000002,"profund":"20 Km.","intensidad":"III a IV -La Paz, Mendoza; III a IV -Las Catitas, Mendoza; II a III -Ciudad de San Luis; II a III -Ciudad de Mendoza","nam":"Mendoza","magnitud":4.1,"categoria":"Rango magnitud 4-5"},"bbox":[-67.417,-33.201,-67.417,-33.201]},{"type":"Feature","id":"inpres_sismos.56","geometry":{"type":"Point","coordinates":[-69.891,-32.201]},"geometry_name":"geom","properties":{"gid":56,"fecha":"8/3/2021","lat":-32.201000000000001,"long":-69.891000000000005,"profund":"125 Km.","intensidad":"III a IV -Ciudad de San Juan; III a IV -Ciudad de Mendoza","nam":"San Juan","magnitud":5.2,"categoria":"Rango magnitud 5-6"},"bbox":[-69.891,-32.201,-69.891,-32.201]},{"type":"Feature","id":"inpres_sismos.57","geometry":{"type":"Point","coordinates":[-69.445,-29.28]},"geometry_name":"geom","properties":{"gid":57,"fecha":"17/2/2021","lat":-29.280000000000001,"long":-69.444999999999993,"profund":"139 Km.","intensidad":"III a IV -Guandacol, La Rioja; III a IV -Va. Unión, La Rioja; III -Rodeo, San Juan; III -Jáchal, San Juan; II a III -Tinogasta, Catamarca; II a III -Ciudad de La Rioja; II a III -Ciudad de San Juan","nam":"San Juan","magnitud":4.8,"categoria":"Rango magnitud 4-5"},"bbox":[-69.445,-29.28,-69.445,-29.28]},{"type":"Feature","id":"inpres_sismos.58","geometry":{"type":"Point","coordinates":[-68.972,-31.792]},"geometry_name":"geom","properties":{"gid":58,"fecha":"31/1/2021","lat":-31.792000000000002,"long":-68.971999999999994,"profund":"10 Km.","intensidad":"IV a V -La Rinconada, San Juan; III a IV -Ciudad de San Juan; III a IV -Media Agua, San Juan; II a III -Ciudad de Mendoza","nam":"San Juan","magnitud":5,"categoria":"Rango magnitud 5-6"},"bbox":[-68.972,-31.792,-68.972,-31.792]},{"type":"Feature","id":"inpres_sismos.59","geometry":{"type":"Point","coordinates":[-64.699,-31.455]},"geometry_name":"geom","properties":{"gid":59,"fecha":"29/1/2021","lat":-31.454999999999998,"long":-64.698999999999998,"profund":"21 Km.","intensidad":"III a IV -Tanti, Córdoba; III a IV -Va. Carlos Paz, Córdoba; III -Ciudad de Córdoba; III -Mina Clavero, Córdoba; II a III -Jesús María, Córdoba","nam":"Córdoba","magnitud":4.3,"categoria":"Rango magnitud 4-5"},"bbox":[-64.699,-31.455,-64.699,-31.455]},{"type":"Feature","id":"inpres_sismos.60","geometry":{"type":"Point","coordinates":[-70.168,-33.364]},"geometry_name":"geom","properties":{"gid":60,"fecha":"23/1/2021","lat":-33.363999999999997,"long":-70.168000000000006,"profund":"124 Km.","intensidad":"III a IV -Barreal, San Juan; III a IV -Ciudad de Mendoza; III -Ciudad de San Juan; III a IV -Tunuyán, Mendoza","nam":"Chile","magnitud":5.7,"categoria":"Rango magnitud 5-6"},"bbox":[-70.168,-33.364,-70.168,-33.364]},{"type":"Feature","id":"inpres_sismos.61","geometry":{"type":"Point","coordinates":[-68.978,-32.913]},"geometry_name":"geom","properties":{"gid":61,"fecha":"23/1/2021","lat":-32.912999999999997,"long":-68.977999999999994,"profund":"12 Km.","intensidad":"III a IV -Ciudad de Mendoza; III a IV -Potrerillos, Mendoza; II a III -Ciudad de San Juan","nam":"Mendoza","magnitud":3.9,"categoria":"Rango magnitud 3-4"},"bbox":[-68.978,-32.913,-68.978,-32.913]},{"type":"Feature","id":"inpres_sismos.62","geometry":{"type":"Point","coordinates":[-68.938,-31.775]},"geometry_name":"geom","properties":{"gid":62,"fecha":"23/1/2021","lat":-31.774999999999999,"long":-68.938000000000002,"profund":"7 Km.","intensidad":"III a IV -La Rinconada, San Juan; III a IV -Los Berros, San Juan; III -Ciudad de San Juan; III -Va. Media Agua, San Juan","nam":"San Juan","magnitud":4,"categoria":"Rango magnitud 4-5"},"bbox":[-68.938,-31.775,-68.938,-31.775]},{"type":"Feature","id":"inpres_sismos.63","geometry":{"type":"Point","coordinates":[-68.903,-31.795]},"geometry_name":"geom","properties":{"gid":63,"fecha":"19/1/2021","lat":-31.795000000000002,"long":-68.903000000000006,"profund":"10 Km.","intensidad":"III -Ciudad de San Juan; III a IV -Los Berros, San Juan; III a IV -La Rinconada, San Juan; III -Media Agua, San Juan; III -Barreal, San Juan","nam":"San Juan","magnitud":4.1,"categoria":"Rango magnitud 4-5"},"bbox":[-68.903,-31.795,-68.903,-31.795]},{"type":"Feature","id":"inpres_sismos.64","geometry":{"type":"Point","coordinates":[-68.915,-31.822]},"geometry_name":"geom","properties":{"gid":64,"fecha":"19/1/2021","lat":-31.821999999999999,"long":-68.915000000000006,"profund":"7 Km.","intensidad":"III -Ciudad de San Juan; III a IV -Los Berros, San Juan; III a IV -La Rinconada, San Juan; III -Media Agua, San Juan; III -Barreal, San Juan","nam":"San Juan","magnitud":4,"categoria":"Rango magnitud 4-5"},"bbox":[-68.915,-31.822,-68.915,-31.822]},{"type":"Feature","id":"inpres_sismos.65","geometry":{"type":"Point","coordinates":[-68.886,-31.832]},"geometry_name":"geom","properties":{"gid":65,"fecha":"19/1/2021","lat":-31.832000000000001,"long":-68.885999999999996,"profund":"14 Km.","intensidad":"III -Ciudad de San Juan; III a IV -Los Berros, San Juan; III a IV -La Rinconada, San Juan; III -Media Agua, San Juan; III -Barreal, San Juan","nam":"San Juan","magnitud":4.1,"categoria":"Rango magnitud 4-5"},"bbox":[-68.886,-31.832,-68.886,-31.832]},{"type":"Feature","id":"inpres_sismos.66","geometry":{"type":"Point","coordinates":[-68.963,-31.854]},"geometry_name":"geom","properties":{"gid":66,"fecha":"18/1/2021","lat":-31.853999999999999,"long":-68.962999999999994,"profund":"8 Km.","intensidad":"V -Ciudad de Mendoza; IV -Ciudad de La Rioja; III a IV -Ciudad de Córdoba; VI a VII -Media Agua, San Juan; V a VI -Ciudad de San Juan; VI a VII -La Rinconada, San Juan; VI a VII -Los Berros, San Juan; VI a VII -Carpinteria, San Juan; VI a VII -Barreal,","nam":"San Juan","magnitud":6.4,"categoria":"Rango magnitud 6-7"},"bbox":[-68.963,-31.854,-68.963,-31.854]},{"type":"Feature","id":"inpres_sismos.67","geometry":{"type":"Point","coordinates":[-64.858,-23.699]},"geometry_name":"geom","properties":{"gid":67,"fecha":"13/1/2021","lat":-23.699000000000002,"long":-64.858000000000004,"profund":"17 Km.","intensidad":"III a IV -Libertador Gral. San Martín, Jujuy; III -Ciudad de Jujuy; III -Ciudad de Salta","nam":"Jujuy","magnitud":4.3,"categoria":"Rango magnitud 4-5"},"bbox":[-64.858,-23.699,-64.858,-23.699]},{"type":"Feature","id":"inpres_sismos.68","geometry":{"type":"Point","coordinates":[-70.286,-31.667]},"geometry_name":"geom","properties":{"gid":68,"fecha":"5/1/2021","lat":-31.667000000000002,"long":-70.286000000000001,"profund":"127 Km.","intensidad":"III a IV -Barreal, San Juan; III -Ciudad de San Juan; III -Ciudad de Mendoza","nam":"San Juan","magnitud":4.8,"categoria":"Rango magnitud 4-5"},"bbox":[-70.286,-31.667,-70.286,-31.667]},{"type":"Feature","id":"inpres_sismos.69","geometry":{"type":"Point","coordinates":[-64.736,-28.179]},"geometry_name":"geom","properties":{"gid":69,"fecha":"14/12/2020","lat":-28.178999999999998,"long":-64.736000000000004,"profund":"29 Km.","intensidad":"II a III -Ciudad de Córdoba; IV -Ciudad de Santiago del Estero; III a IV -Termas de Río Hondo, Santiago del Estero; III -Ciudad de San Miguel de Tucumán; III -Ciudad de San Fernando del Valle de Catamarca","nam":"Santiago del Estero","magnitud":4.9,"categoria":"Rango magnitud 4-5"},"bbox":[-64.736,-28.179,-64.736,-28.179]},{"type":"Feature","id":"inpres_sismos.70","geometry":{"type":"Point","coordinates":[-68.965,-31.312]},"geometry_name":"geom","properties":{"gid":70,"fecha":"4/12/2020","lat":-31.312000000000001,"long":-68.965000000000003,"profund":"108 Km.","intensidad":"III a IV -Ciudad de San Juan; III -Barreal, San Juan; III -Rodeo, San Juan; II a III -Ciudad de Mendoza; II a III -Ciudad de La Rioja","nam":"San Juan","magnitud":4.5,"categoria":"Rango magnitud 4-5"},"bbox":[-68.965,-31.312,-68.965,-31.312]},{"type":"Feature","id":"inpres_sismos.71","geometry":{"type":"Point","coordinates":[-65.187,-33.133]},"geometry_name":"geom","properties":{"gid":71,"fecha":"3/12/2020","lat":-33.133000000000003,"long":-65.186999999999998,"profund":"14 Km.","intensidad":"III a IV -Achiras, Córdoba; III -La Toma, San Luis; III -Tilisarao, San Luis; II a III -Ciudad de San Luis; II a III -Río Cuarto, Córdoba","nam":"San Luis","magnitud":3.5,"categoria":"Rango magnitud 3-4"},"bbox":[-65.187,-33.133,-65.187,-33.133]},{"type":"Feature","id":"inpres_sismos.72","geometry":{"type":"Point","coordinates":[-67.163,-31.928]},"geometry_name":"geom","properties":{"gid":72,"fecha":"2/12/2020","lat":-31.928000000000001,"long":-67.162999999999997,"profund":"128 Km.","intensidad":"II a III -Ciudad de Córdoba; III -Ciudad de San Luis; III a IV -Ciudad de San Juan; III a IV -Ciudad de Mendoza; III -Jáchal, San Juan","nam":"San Luis","magnitud":5.2,"categoria":"Rango magnitud 5-6"},"bbox":[-67.163,-31.928,-67.163,-31.928]},{"type":"Feature","id":"inpres_sismos.73","geometry":{"type":"Point","coordinates":[-68.583,-38.174]},"geometry_name":"geom","properties":{"gid":73,"fecha":"28/11/2020","lat":-38.173999999999999,"long":-68.582999999999998,"profund":"8 Km.","intensidad":"III a IV -Añelo, Neuquén; II a III -Ciudad de Neuquén; II a III -Rincón de los Sauces, Neuquén","nam":"Neuquén","magnitud":4.1,"categoria":"Rango magnitud 4-5"},"bbox":[-68.583,-38.174,-68.583,-38.174]},{"type":"Feature","id":"inpres_sismos.74","geometry":{"type":"Point","coordinates":[-71.378,-29.341]},"geometry_name":"geom","properties":{"gid":74,"fecha":"28/10/2020","lat":-29.341000000000001,"long":-71.378,"profund":"50 Km.","intensidad":"III a IV -Rodeo, San Juan; III a IV -Jáchal, San Juan; III -Ciudad de San Juan; II a III -Ciudad de Mendoza","nam":"Chile","magnitud":5.8,"categoria":"Rango magnitud 5-6"},"bbox":[-71.378,-29.341,-71.378,-29.341]},{"type":"Feature","id":"inpres_sismos.75","geometry":{"type":"Point","coordinates":[-68.914,-31.543]},"geometry_name":"geom","properties":{"gid":75,"fecha":"14/10/2020","lat":-31.542999999999999,"long":-68.914000000000001,"profund":"122 Km.","intensidad":"III a IV -Ciudad de San Juan; III -Ciudad de Mendoza","nam":"San Juan","magnitud":5.1,"categoria":"Rango magnitud 5-6"},"bbox":[-68.914,-31.543,-68.914,-31.543]},{"type":"Feature","id":"inpres_sismos.76","geometry":{"type":"Point","coordinates":[-68.531,-38.307]},"geometry_name":"geom","properties":{"gid":76,"fecha":"24/9/2020","lat":-38.307000000000002,"long":-68.531000000000006,"profund":"7 Km.","intensidad":"III a IV -Añelo, Neuquén; III -Sauzal Bonito, Neuquén","nam":"Neuquén","magnitud":3.7,"categoria":"Rango magnitud 3-4"},"bbox":[-68.531,-38.307,-68.531,-38.307]},{"type":"Feature","id":"inpres_sismos.77","geometry":{"type":"Point","coordinates":[-71.994,-30.262]},"geometry_name":"geom","properties":{"gid":77,"fecha":"5/9/2020","lat":-30.262,"long":-71.994,"profund":"14 Km.","intensidad":"III a IV -Ciudad de San Juan; III -Ciudad de La Rioja; III -Ciudad de Mendoza","nam":"Océano Pacífico","magnitud":6.2,"categoria":"Rango magnitud 6-7"},"bbox":[-71.994,-30.262,-71.994,-30.262]},{"type":"Feature","id":"inpres_sismos.78","geometry":{"type":"Point","coordinates":[-68.672,-28.717]},"geometry_name":"geom","properties":{"gid":78,"fecha":"2/9/2020","lat":-28.716999999999999,"long":-68.671999999999997,"profund":"116 Km.","intensidad":"III a IV -Vinchina, La Rioja; II a III -Ciudad de La Rioja","nam":"La Rioja","magnitud":4.1,"categoria":"Rango magnitud 4-5"},"bbox":[-68.672,-28.717,-68.672,-28.717]},{"type":"Feature","id":"inpres_sismos.79","geometry":{"type":"Point","coordinates":[-71.43,-27.971]},"geometry_name":"geom","properties":{"gid":79,"fecha":"1/9/2020","lat":-27.971,"long":-71.430000000000007,"profund":"35 Km.","intensidad":"III a IV -Ciudad de La Rioja; III a IV -Ciudad de San Juan","nam":"Océano Pacífico","magnitud":6.2,"categoria":"Rango magnitud 6-7"},"bbox":[-71.43,-27.971,-71.43,-27.971]},{"type":"Feature","id":"inpres_sismos.80","geometry":{"type":"Point","coordinates":[-71.424,-27.936]},"geometry_name":"geom","properties":{"gid":80,"fecha":"1/9/2020","lat":-27.936,"long":-71.424000000000007,"profund":"39 Km.","intensidad":"IV -Ciudad de La Rioja; IV -Ciudad de San Juan; III a IV -Ciudad de Mendoza","nam":"Océano Pacífico","magnitud":6.7,"categoria":"Rango magnitud 6-7"},"bbox":[-71.424,-27.936,-71.424,-27.936]},{"type":"Feature","id":"inpres_sismos.81","geometry":{"type":"Point","coordinates":[-68.437,-32.741]},"geometry_name":"geom","properties":{"gid":81,"fecha":"28/8/2020","lat":-32.741,"long":-68.436999999999998,"profund":"15 Km.","intensidad":"III a IV -Costa de Araujo, Mendoza; III -Villa Tulumaya, Mendoza; III -Ciudad de Mendoza","nam":"Mendoza","magnitud":3.7,"categoria":"Rango magnitud 3-4"},"bbox":[-68.437,-32.741,-68.437,-32.741]},{"type":"Feature","id":"inpres_sismos.82","geometry":{"type":"Point","coordinates":[-68.878,-30.275]},"geometry_name":"geom","properties":{"gid":82,"fecha":"21/8/2020","lat":-30.274999999999999,"long":-68.878,"profund":"18 Km.","intensidad":"III a IV -San José de Jáchal, San Juan; III -Rodeo, San Juan","nam":"San Juan","magnitud":3.6,"categoria":"Rango magnitud 3-4"},"bbox":[-68.878,-30.275,-68.878,-30.275]},{"type":"Feature","id":"inpres_sismos.83","geometry":{"type":"Point","coordinates":[-69.878,-33.298]},"geometry_name":"geom","properties":{"gid":83,"fecha":"15/8/2020","lat":-33.298000000000002,"long":-69.878,"profund":"7 Km.","intensidad":"III a IV -Uspallata, Mendoza; III -Tunuyán, Mendoza; III -Ciudad de Mendoza; II a III -Ciudad de San Juan","nam":"Chile","magnitud":4.7,"categoria":"Rango magnitud 4-5"},"bbox":[-69.878,-33.298,-69.878,-33.298]},{"type":"Feature","id":"inpres_sismos.84","geometry":{"type":"Point","coordinates":[-65.839,-27.217]},"geometry_name":"geom","properties":{"gid":84,"fecha":"26/7/2020","lat":-27.216999999999999,"long":-65.838999999999999,"profund":"16 Km.","intensidad":"III a IV -Tafí del Valle, Tucumán; III a IV -Santa María, Tucumán; III a IV -Ciudad de San Miguel de Tucumán; III -Termas de Río Hondo; II a III -Ciudad de San Fernando del Valle de Catamarca; II a III -Ciudad de Santiago del Estero","nam":"Tucumán","magnitud":4.5,"categoria":"Rango magnitud 4-5"},"bbox":[-65.839,-27.217,-65.839,-27.217]},{"type":"Feature","id":"inpres_sismos.85","geometry":{"type":"Point","coordinates":[-68.324,-33.191]},"geometry_name":"geom","properties":{"gid":85,"fecha":"19/7/2020","lat":-33.191000000000003,"long":-68.323999999999998,"profund":"25 Km.","intensidad":"III a IV -San Martín, Mendoza; III -Ciudad de Mendoza","nam":"Mendoza","magnitud":4.1,"categoria":"Rango magnitud 4-5"},"bbox":[-68.324,-33.191,-68.324,-33.191]},{"type":"Feature","id":"inpres_sismos.86","geometry":{"type":"Point","coordinates":[-68.502,-38.549]},"geometry_name":"geom","properties":{"gid":86,"fecha":"6/6/2020","lat":-38.548999999999999,"long":-68.501999999999995,"profund":"4 Km.","intensidad":"III a IV -Añelo, Neuquén; III -Sauzal Bonito, Neuquén","nam":"Neuquén","magnitud":3.8,"categoria":"Rango magnitud 3-4"},"bbox":[-68.502,-38.549,-68.502,-38.549]},{"type":"Feature","id":"inpres_sismos.87","geometry":{"type":"Point","coordinates":[-64.803,-27.748]},"geometry_name":"geom","properties":{"gid":87,"fecha":"25/5/2020","lat":-27.748000000000001,"long":-64.802999999999997,"profund":"16 Km.","intensidad":"III a IV -Termas de Río Hondo, Santiago del Estero; III -Ciudad de Santiago del Estero; II a III -Ciudad de San Miguel de Tucumán","nam":"Santiago del Estero","magnitud":4,"categoria":"Rango magnitud 4-5"},"bbox":[-64.803,-27.748,-64.803,-27.748]},{"type":"Feature","id":"inpres_sismos.88","geometry":{"type":"Point","coordinates":[-67.201,-31.83]},"geometry_name":"geom","properties":{"gid":88,"fecha":"5/5/2020","lat":-31.829999999999998,"long":-67.200999999999993,"profund":"120 Km.","intensidad":"III a IV -Va. San Agustín, San Juan; III -Ciudad de San Juan; II a III -Ciudad de San Luis; II a III -Ciudad de La Rioja; II a III -Ciudad de Córdoba; II a III -Ciudad de Mendoza","nam":"San Juan","magnitud":4.7,"categoria":"Rango magnitud 4-5"},"bbox":[-67.201,-31.83,-67.201,-31.83]},{"type":"Feature","id":"inpres_sismos.89","geometry":{"type":"Point","coordinates":[-68.749,-32.766]},"geometry_name":"geom","properties":{"gid":89,"fecha":"1/5/2020","lat":-32.765999999999998,"long":-68.748999999999995,"profund":"13 Km.","intensidad":"III a IV -Ciudad de Mendoza; II a III -Ciudad de San Juan","nam":"Mendoza","magnitud":3.5,"categoria":"Rango magnitud 3-4"},"bbox":[-68.749,-32.766,-68.749,-32.766]},{"type":"Feature","id":"inpres_sismos.90","geometry":{"type":"Point","coordinates":[-68.22,-31.033]},"geometry_name":"geom","properties":{"gid":90,"fecha":"24/4/2020","lat":-31.033000000000001,"long":-68.219999999999999,"profund":"12 Km.","intensidad":"III a IV -Albardón, San Juan; III -Ciudad de San Juan; II a III -Ciudad de Mendoza","nam":"San Juan","magnitud":4.3,"categoria":"Rango magnitud 4-5"},"bbox":[-68.22,-31.033,-68.22,-31.033]},{"type":"Feature","id":"inpres_sismos.91","geometry":{"type":"Point","coordinates":[-64.539,-23.715]},"geometry_name":"geom","properties":{"gid":91,"fecha":"22/4/2020","lat":-23.715,"long":-64.539000000000001,"profund":"18 Km.","intensidad":"III a IV -Lib. Gral. San Martín, Jujuy; II a III -Ciudad de San Salvador de Jujuy; II a III -Ciudad de Salta","nam":"Jujuy","magnitud":4.2,"categoria":"Rango magnitud 4-5"},"bbox":[-64.539,-23.715,-64.539,-23.715]},{"type":"Feature","id":"inpres_sismos.92","geometry":{"type":"Point","coordinates":[-68.68,-32.798]},"geometry_name":"geom","properties":{"gid":92,"fecha":"20/4/2020","lat":-32.798000000000002,"long":-68.680000000000007,"profund":"20 Km.","intensidad":"III a IV -Ciudad de Mendoza; III -San Martín, Mendoza","nam":"Mendoza","magnitud":3.8,"categoria":"Rango magnitud 3-4"},"bbox":[-68.68,-32.798,-68.68,-32.798]},{"type":"Feature","id":"inpres_sismos.93","geometry":{"type":"Point","coordinates":[-63.484,-23.112]},"geometry_name":"geom","properties":{"gid":93,"fecha":"16/4/2020","lat":-23.111999999999998,"long":-63.484000000000002,"profund":"24 Km.","intensidad":"III a IV -San Ramon de la nueva Orán, Salta; III a IV -Hipólito Yrigoyen, Salta; III -Tartagal, Salta","nam":"Salta","magnitud":4.8,"categoria":"Rango magnitud 4-5"},"bbox":[-63.484,-23.112,-63.484,-23.112]},{"type":"Feature","id":"inpres_sismos.94","geometry":{"type":"Point","coordinates":[-68.085,-29.272]},"geometry_name":"geom","properties":{"gid":94,"fecha":"13/4/2020","lat":-29.271999999999998,"long":-68.084999999999994,"profund":"130 Km.","intensidad":"III a IV -Villa Unión, La Rioja; III a IV -Chilecito, La Rioja; III -Ciudad de La Rioja; II a III -Ciudad de Catamarca; II a III -Ciudad de San Juan","nam":"La Rioja","magnitud":4.8,"categoria":"Rango magnitud 4-5"},"bbox":[-68.085,-29.272,-68.085,-29.272]},{"type":"Feature","id":"inpres_sismos.95","geometry":{"type":"Point","coordinates":[-68.209,-31.758]},"geometry_name":"geom","properties":{"gid":95,"fecha":"7/4/2020","lat":-31.757999999999999,"long":-68.209000000000003,"profund":"10 Km.","intensidad":"III a IV -Caucete, San Juan; III -Ciudad de San Juan; II a III -Ciudad de Mendoza","nam":"San Juan","magnitud":4,"categoria":"Rango magnitud 4-5"},"bbox":[-68.209,-31.758,-68.209,-31.758]},{"type":"Feature","id":"inpres_sismos.96","geometry":{"type":"Point","coordinates":[-68.838,-32.111]},"geometry_name":"geom","properties":{"gid":96,"fecha":"5/4/2020","lat":-32.110999999999997,"long":-68.837999999999994,"profund":"10 Km.","intensidad":"III a IV -Los Berros, San Juan; III -Media Agua, San Juan; II a III -Ciudad de San Juan; II a III -Ciudad de Mendoza","nam":"San Juan","magnitud":4,"categoria":"Rango magnitud 4-5"},"bbox":[-68.838,-32.111,-68.838,-32.111]},{"type":"Feature","id":"inpres_sismos.97","geometry":{"type":"Point","coordinates":[-68.867,-31.246]},"geometry_name":"geom","properties":{"gid":97,"fecha":"4/4/2020","lat":-31.245999999999999,"long":-68.867000000000004,"profund":"119 Km.","intensidad":"III a IV -Ciudad de San Juan; III -Ciudad de Mendoza","nam":"San Juan","magnitud":4.9,"categoria":"Rango magnitud 4-5"},"bbox":[-68.867,-31.246,-68.867,-31.246]},{"type":"Feature","id":"inpres_sismos.98","geometry":{"type":"Point","coordinates":[-65.65,-28.487]},"geometry_name":"geom","properties":{"gid":98,"fecha":"3/4/2020","lat":-28.486999999999998,"long":-65.650000000000006,"profund":"8 Km.","intensidad":"III a IV -San Fernando del Valle de Catamarca","nam":"Catamarca","magnitud":3.9,"categoria":"Rango magnitud 3-4"},"bbox":[-65.65,-28.487,-65.65,-28.487]},{"type":"Feature","id":"inpres_sismos.99","geometry":{"type":"Point","coordinates":[-68.986,-28.833]},"geometry_name":"geom","properties":{"gid":99,"fecha":"24/3/2020","lat":-28.832999999999998,"long":-68.986000000000004,"profund":"119 Km.","intensidad":"III a IV -Vinchina, La Rioja; III -Villa Castelli, La Rioja; III -Villa Unión, La Rioja","nam":"La Rioja","magnitud":3.9,"categoria":"Rango magnitud 3-4"},"bbox":[-68.986,-28.833,-68.986,-28.833]},{"type":"Feature","id":"inpres_sismos.100","geometry":{"type":"Point","coordinates":[-64.672,-23.655]},"geometry_name":"geom","properties":{"gid":100,"fecha":"26/2/2020","lat":-23.655000000000001,"long":-64.671999999999997,"profund":"14 Km.","intensidad":"IV -Lib. Gral. San Martín, Jujuy; III a IV -Ciudad de San Salvador de Jujuy; III -Ciudad de Salta; II a III -Ciudad de San Miguel de Tucumán","nam":"Jujuy","magnitud":4.7,"categoria":"Rango magnitud 4-5"},"bbox":[-64.672,-23.655,-64.672,-23.655]},{"type":"Feature","id":"inpres_sismos.101","geometry":{"type":"Point","coordinates":[-66.32,-31.011]},"geometry_name":"geom","properties":{"gid":101,"fecha":"22/2/2020","lat":-31.010999999999999,"long":-66.319999999999993,"profund":"11 Km.","intensidad":"III -Malanzan, La Rioja; III a IV -Santa Rita de Catuna, La Rioja","nam":"La Rioja","magnitud":3.5,"categoria":"Rango magnitud 3-4"},"bbox":[-66.32,-31.011,-66.32,-31.011]},{"type":"Feature","id":"inpres_sismos.102","geometry":{"type":"Point","coordinates":[-68.539,-32.994]},"geometry_name":"geom","properties":{"gid":102,"fecha":"15/1/2020","lat":-32.994,"long":-68.539000000000001,"profund":"15 Km.","intensidad":"V -San Martín, Mendoza; IV a V -Ciudad de Mendoza","nam":"Mendoza","magnitud":4.8,"categoria":"Rango magnitud 4-5"},"bbox":[-68.539,-32.994,-68.539,-32.994]},{"type":"Feature","id":"inpres_sismos.103","geometry":{"type":"Point","coordinates":[-68.687,-29.698]},"geometry_name":"geom","properties":{"gid":103,"fecha":"11/1/2020","lat":-29.698,"long":-68.686999999999998,"profund":"10 Km.","intensidad":"III a IV -Guandacol, La Rioja; III -Va. Unión, La Rioja","nam":"San Juan","magnitud":3.7,"categoria":"Rango magnitud 3-4"},"bbox":[-68.687,-29.698,-68.687,-29.698]},{"type":"Feature","id":"inpres_sismos.104","geometry":{"type":"Point","coordinates":[-65.7,-33.872]},"geometry_name":"geom","properties":{"gid":104,"fecha":"10/1/2020","lat":-33.872,"long":-65.700000000000003,"profund":"10 Km.","intensidad":"III a IV -Va. Mercedes, San Luis; III -Ciudad de San Luis","nam":"San Luis","magnitud":3.7,"categoria":"Rango magnitud 3-4"},"bbox":[-65.7,-33.872,-65.7,-33.872]},{"type":"Feature","id":"inpres_sismos.105","geometry":{"type":"Point","coordinates":[-65.307,-26.858]},"geometry_name":"geom","properties":{"gid":105,"fecha":"15/12/2019","lat":-26.858000000000001,"long":-65.307000000000002,"profund":"20 Km.","intensidad":"IV a V -San Miguel de Tucumán; III a IV -Concepción, Tucumán; III -Ciudad de Santiago de Estero; III -San Fernando del Valle de Catamarca","nam":"Tucumán","magnitud":4.8,"categoria":"Rango magnitud 4-5"},"bbox":[-65.307,-26.858,-65.307,-26.858]},{"type":"Feature","id":"inpres_sismos.106","geometry":{"type":"Point","coordinates":[-68.641,-31.291]},"geometry_name":"geom","properties":{"gid":106,"fecha":"26/11/2019","lat":-31.291,"long":-68.641000000000005,"profund":"110 Km.","intensidad":"III a IV -Albardón, San Juan; III -Ciudad de San Juan; III -Barreal, San Juan; III -Ciudad de Mendoza; II a III -Ciudad de La Rioja; II a III -Ciudad de San Luis","nam":"San Juan","magnitud":4.5,"categoria":"Rango magnitud 4-5"},"bbox":[-68.641,-31.291,-68.641,-31.291]},{"type":"Feature","id":"inpres_sismos.107","geometry":{"type":"Point","coordinates":[-66.891,-33.78]},"geometry_name":"geom","properties":{"gid":107,"fecha":"19/11/2019","lat":-33.780000000000001,"long":-66.891000000000005,"profund":"10 Km.","intensidad":"III a IV -Desaguadero, Mendoza; III -La Paz, Mendoza; III -Ciudad de San Luis; II a III -Ciudad de Mendoza","nam":"Mendoza","magnitud":4.2,"categoria":"Rango magnitud 4-5"},"bbox":[-66.891,-33.78,-66.891,-33.78]},{"type":"Feature","id":"inpres_sismos.108","geometry":{"type":"Point","coordinates":[-66.913,-33.776]},"geometry_name":"geom","properties":{"gid":108,"fecha":"19/11/2019","lat":-33.776000000000003,"long":-66.912999999999997,"profund":"14 Km.","intensidad":"V a VI -Desaguadero, Mendoza; V a VI -La Paz, Mendoza; V -Ciudad de San Luis; IV a V -San Rafael de Mendoza; IV -Ciudad de Mendoza; III a IV -Ciudad de San Juan; III a IV -Ciudad de Córdoba; II a III -Rosario, Santa Fé; II a III -Ciudad de Autonoma de","nam":"Mendoza","magnitud":6,"categoria":"Rango magnitud 6-7"},"bbox":[-66.913,-33.776,-66.913,-33.776]},{"type":"Feature","id":"inpres_sismos.109","geometry":{"type":"Point","coordinates":[-68.69,-32.787]},"geometry_name":"geom","properties":{"gid":109,"fecha":"14/11/2019","lat":-32.786999999999999,"long":-68.689999999999998,"profund":"12 Km.","intensidad":"III a IV -Ciudad de Mendoza; III -Luján de Cuyo, Mendoza; II a III -Ciudad de San Juan","nam":"Mendoza","magnitud":3.9,"categoria":"Rango magnitud 3-4"},"bbox":[-68.69,-32.787,-68.69,-32.787]},{"type":"Feature","id":"inpres_sismos.110","geometry":{"type":"Point","coordinates":[-68.931,-38.703]},"geometry_name":"geom","properties":{"gid":110,"fecha":"12/11/2019","lat":-38.703000000000003,"long":-68.930999999999997,"profund":"5 Km.","intensidad":"III a IV -Sauzal Bonito, Neuquén","nam":"Neuquén","magnitud":3.5,"categoria":"Rango magnitud 3-4"},"bbox":[-68.931,-38.703,-68.931,-38.703]},{"type":"Feature","id":"inpres_sismos.111","geometry":{"type":"Point","coordinates":[-64.861,-27.65]},"geometry_name":"geom","properties":{"gid":111,"fecha":"12/11/2019","lat":-27.649999999999999,"long":-64.861000000000004,"profund":"33 Km.","intensidad":"III a IV -Termas de Río Hondo, Santiago del Estero","nam":"Santiago del Estero","magnitud":3.2,"categoria":"Rango magnitud 3-4"},"bbox":[-64.861,-27.65,-64.861,-27.65]},{"type":"Feature","id":"inpres_sismos.112","geometry":{"type":"Point","coordinates":[-67.759,-31.423]},"geometry_name":"geom","properties":{"gid":112,"fecha":"5/11/2019","lat":-31.422999999999998,"long":-67.759,"profund":"13 Km.","intensidad":"III a IV -Bermejo, San Juan; III -Vallecito, San Juan; II a III -Ciudad de San Juan; II a III -Valle Fértil, San Juan; II a III -Ciudad de Mendoza","nam":"San Juan","magnitud":3.7,"categoria":"Rango magnitud 3-4"},"bbox":[-67.759,-31.423,-67.759,-31.423]},{"type":"Feature","id":"inpres_sismos.113","geometry":{"type":"Point","coordinates":[-69.135,-38.735]},"geometry_name":"geom","properties":{"gid":113,"fecha":"3/11/2019","lat":-38.734999999999999,"long":-69.135000000000005,"profund":"3 Km.","intensidad":"III a IV -Sauzal Bonito, Neuquén; III a IV -Añelo, Neuquén; III -Cutral Có, Neuquén; II a III -Ciudad de Neuquén","nam":"Neuquén","magnitud":3.8,"categoria":"Rango magnitud 3-4"},"bbox":[-69.135,-38.735,-69.135,-38.735]},{"type":"Feature","id":"inpres_sismos.114","geometry":{"type":"Point","coordinates":[-67.76,-29.165]},"geometry_name":"geom","properties":{"gid":114,"fecha":"3/11/2019","lat":-29.164999999999999,"long":-67.760000000000005,"profund":"131 Km.","intensidad":"IV -Chilecito, La Rioja; IV -Va. Unión, La Rioja; III a IV -Ciudad de La Rioja; III a IV -Tinogasta, Catamarca; III a IV -Ciudad de San Fernando del Valle de Catamarca; III a IV -Va. San Agustín, San Juan; III a IV -San José de Jáchal, San Juan; III","nam":"La Rioja","magnitud":5.6,"categoria":"Rango magnitud 5-6"},"bbox":[-67.76,-29.165,-67.76,-29.165]},{"type":"Feature","id":"inpres_sismos.115","geometry":{"type":"Point","coordinates":[-68.797,-38.475]},"geometry_name":"geom","properties":{"gid":115,"fecha":"12/10/2019","lat":-38.475000000000001,"long":-68.796999999999997,"profund":"11 Km.","intensidad":"III a IV -Añelo, Neuquén","nam":"Neuquén","magnitud":3.5,"categoria":"Rango magnitud 3-4"},"bbox":[-68.797,-38.475,-68.797,-38.475]},{"type":"Feature","id":"inpres_sismos.116","geometry":{"type":"Point","coordinates":[-68.26,-32.061]},"geometry_name":"geom","properties":{"gid":116,"fecha":"1/10/2019","lat":-32.061,"long":-68.260000000000005,"profund":"14 Km.","intensidad":"III a IV -Media Agua, San Juan; III -Caucete, San Juan; II a III -Ciudad de San Juan","nam":"San Juan","magnitud":3.8,"categoria":"Rango magnitud 3-4"},"bbox":[-68.26,-32.061,-68.26,-32.061]},{"type":"Feature","id":"inpres_sismos.117","geometry":{"type":"Point","coordinates":[-73.265,-35.433]},"geometry_name":"geom","properties":{"gid":117,"fecha":"29/9/2019","lat":-35.433,"long":-73.265000000000001,"profund":"22 Km.","intensidad":"IV -San Rafael, Mendoza; IV -Ciudad de Mendoza; III a IV -Ciudad de San Juan; III a IV -Zonda, San Juan; III a IV -Albardón, San Juan","nam":"Océano Pacífico","magnitud":6.8,"categoria":"Rango magnitud 6-7"},"bbox":[-73.265,-35.433,-73.265,-35.433]},{"type":"Feature","id":"inpres_sismos.118","geometry":{"type":"Point","coordinates":[-71.575,-29.817]},"geometry_name":"geom","properties":{"gid":118,"fecha":"26/9/2019","lat":-29.817,"long":-71.575000000000003,"profund":"26 Km.","intensidad":"III a IV -Barreal, San Juan; III a IV -Albardón, San Juan; III -Rodeo, San Juan; III -Ciudad de San Juan; III -Ciudad de Mendoza; III -Ciudad de La Rioja; II a III -Ciudad de Córdoba; II a III -Río Cuarto, Córdoba","nam":"Chile","magnitud":5.6,"categoria":"Rango magnitud 5-6"},"bbox":[-71.575,-29.817,-71.575,-29.817]},{"type":"Feature","id":"inpres_sismos.119","geometry":{"type":"Point","coordinates":[-72.114,-40.837]},"geometry_name":"geom","properties":{"gid":119,"fecha":"26/9/2019","lat":-40.837000000000003,"long":-72.114000000000004,"profund":"146 Km.","intensidad":"IV -Villa La Angostura, Neuquén; IV -Bariloche, Río Negro; III -San Martín de los Andes, Neuquén; III -Junín de los Andes, Neuquén; II a III -El Bolsón, Río Negro; II a III -Esquel, Chubut; II a III -Caviahue, Neuquén","nam":"Chile","magnitud":5.9,"categoria":"Rango magnitud 5-6"},"bbox":[-72.114,-40.837,-72.114,-40.837]},{"type":"Feature","id":"inpres_sismos.120","geometry":{"type":"Point","coordinates":[-64.779,-25.785]},"geometry_name":"geom","properties":{"gid":120,"fecha":"15/7/2019","lat":-25.785,"long":-64.778999999999996,"profund":"16 Km.","intensidad":"III a IV -Rosario de la Frontera, Salta; III a IV -Metán, Salta; II a III -San Miguel de Tucumán; II a III -Ciudad de Salta","nam":"Salta","magnitud":4.4,"categoria":"Rango magnitud 4-5"},"bbox":[-64.779,-25.785,-64.779,-25.785]},{"type":"Feature","id":"inpres_sismos.121","geometry":{"type":"Point","coordinates":[-66.732,-27.327]},"geometry_name":"geom","properties":{"gid":121,"fecha":"6/7/2019","lat":-27.327000000000002,"long":-66.731999999999999,"profund":"23 Km.","intensidad":"III a IV -Belén, Catamarca; III -Ciudad de San Fernando del Valle de Catamarca; II a III -Ciudad de La Rioja","nam":"Catamarca","magnitud":4.4,"categoria":"Rango magnitud 4-5"},"bbox":[-66.732,-27.327,-66.732,-27.327]},{"type":"Feature","id":"inpres_sismos.122","geometry":{"type":"Point","coordinates":[-68.91,-33.587]},"geometry_name":"geom","properties":{"gid":122,"fecha":"19/6/2019","lat":-33.587000000000003,"long":-68.909999999999997,"profund":"177 Km.","intensidad":"IV -Ciudad de Mendoza; III a IV -Barreal, San Juan; III -Ciudad de San Juan","nam":"Mendoza","magnitud":5.6,"categoria":"Rango magnitud 5-6"},"bbox":[-68.91,-33.587,-68.91,-33.587]},{"type":"Feature","id":"inpres_sismos.123","geometry":{"type":"Point","coordinates":[-66.957,-28.661]},"geometry_name":"geom","properties":{"gid":123,"fecha":"31/5/2019","lat":-28.661000000000001,"long":-66.956999999999994,"profund":"25 Km.","intensidad":"III a IV -Aimogasta, La Rioja; III a IV -Aminga, La Rioja; II a III -Ciudad de La Rioja; II a III -Ciudad de San Fernando del Valle de Catamarca","nam":"La Rioja","magnitud":3.8,"categoria":"Rango magnitud 3-4"},"bbox":[-66.957,-28.661,-66.957,-28.661]},{"type":"Feature","id":"inpres_sismos.124","geometry":{"type":"Point","coordinates":[-66.709,-27.969]},"geometry_name":"geom","properties":{"gid":124,"fecha":"24/5/2019","lat":-27.969000000000001,"long":-66.709000000000003,"profund":"194 Km.","intensidad":"III a IV -Tinogasta, Catamarca; III -San Fernando del Valle de Catamarca; III -Ciudad de La Rioja; III -San Miguel de Tucumán; II a III -Ciudad de Salta; II a III -Ciudad de San Juan","nam":"Catamarca","magnitud":5.4,"categoria":"Rango magnitud 5-6"},"bbox":[-66.709,-27.969,-66.709,-27.969]},{"type":"Feature","id":"inpres_sismos.125","geometry":{"type":"Point","coordinates":[-70.049,-31.457]},"geometry_name":"geom","properties":{"gid":125,"fecha":"20/5/2019","lat":-31.457000000000001,"long":-70.049000000000007,"profund":"123 Km.","intensidad":"V -Barreal, San Juan; IV -Ciudad de San Juan; III a IV -Ciudad de Mendoza; II a III -Ciudad de La Rioja","nam":"San Juan","magnitud":5.6,"categoria":"Rango magnitud 5-6"},"bbox":[-70.049,-31.457,-70.049,-31.457]},{"type":"Feature","id":"inpres_sismos.126","geometry":{"type":"Point","coordinates":[-69.363,-31.466]},"geometry_name":"geom","properties":{"gid":126,"fecha":"15/5/2019","lat":-31.466000000000001,"long":-69.363,"profund":"114 Km.","intensidad":"IV -Calingasta, San Juan; IV -Zonda, San Juan; IV -Ciudad de San Juan; III a IV -Ciudad de Mendoza; III -Ciudad de La Rioja","nam":"San Juan","magnitud":5.3,"categoria":"Rango magnitud 5-6"},"bbox":[-69.363,-31.466,-69.363,-31.466]},{"type":"Feature","id":"inpres_sismos.127","geometry":{"type":"Point","coordinates":[-67.455,-28.112]},"geometry_name":"geom","properties":{"gid":127,"fecha":"29/4/2019","lat":-28.111999999999998,"long":-67.454999999999998,"profund":"157 Km.","intensidad":"III a IV -Tinogasta, Catamarca; III a IV -Aimogasta, La Rioja; III a IV -Vinchina, La Rioja; III -Ciudad de La Rioja; III -Ciudad de San F. del V. de Catamarca; III -Guandacol, La Rioja; II a III -Jáchal, San Juan; II a III -Ciudad de San Juan","nam":"Catamarca","magnitud":4.9,"categoria":"Rango magnitud 4-5"},"bbox":[-67.455,-28.112,-67.455,-28.112]},{"type":"Feature","id":"inpres_sismos.128","geometry":{"type":"Point","coordinates":[-65.111,-31.971]},"geometry_name":"geom","properties":{"gid":128,"fecha":"11/4/2019","lat":-31.971,"long":-65.111000000000004,"profund":"30 Km.","intensidad":"III a IV -Villa Dolores, Córdoba; II a III -Ciudad de Córdoba; II a III -Merlo, San Luis","nam":"Córdoba","magnitud":3.7,"categoria":"Rango magnitud 3-4"},"bbox":[-65.111,-31.971,-65.111,-31.971]},{"type":"Feature","id":"inpres_sismos.129","geometry":{"type":"Point","coordinates":[-72.297,-51.268]},"geometry_name":"geom","properties":{"gid":129,"fecha":"2/4/2019","lat":-51.268000000000001,"long":-72.296999999999997,"profund":"15 Km.","intensidad":"III a IV -Calafate, Santa Cruz; II a III -Río Gallegos, Santa Cruz","nam":"Chile","magnitud":5,"categoria":"Rango magnitud 5-6"},"bbox":[-72.297,-51.268,-72.297,-51.268]},{"type":"Feature","id":"inpres_sismos.130","geometry":{"type":"Point","coordinates":[-70.039,-31.436]},"geometry_name":"geom","properties":{"gid":130,"fecha":"9/3/2019","lat":-31.436,"long":-70.039000000000001,"profund":"127 Km.","intensidad":"III a IV -Barreal, San Juan; III -Ciudad de San Juan; II a III -Ciudad de Mendoza","nam":"San Juan","magnitud":4.8,"categoria":"Rango magnitud 4-5"},"bbox":[-70.039,-31.436,-70.039,-31.436]},{"type":"Feature","id":"inpres_sismos.131","geometry":{"type":"Point","coordinates":[-68.833,-38.563]},"geometry_name":"geom","properties":{"gid":131,"fecha":"7/3/2019","lat":-38.563000000000002,"long":-68.832999999999998,"profund":"7 Km.","intensidad":"IV -Cutral Có, Neuquén; III a IV -Ciudad de Neuquén","nam":"Neuquén","magnitud":4.9,"categoria":"Rango magnitud 4-5"},"bbox":[-68.833,-38.563,-68.833,-38.563]},{"type":"Feature","id":"inpres_sismos.132","geometry":{"type":"Point","coordinates":[-64.785,-23.501]},"geometry_name":"geom","properties":{"gid":132,"fecha":"17/2/2019","lat":-23.501000000000001,"long":-64.784999999999997,"profund":"16 Km.","intensidad":"IV -Lib. Gral. San Martín, Jujuy; III a IV -Orán, Salta; III a IV -Ciudad de San Salvador de Jujuy; III -Ciudad de Salta","nam":"Jujuy","magnitud":5.1,"categoria":"Rango magnitud 5-6"},"bbox":[-64.785,-23.501,-64.785,-23.501]},{"type":"Feature","id":"inpres_sismos.133","geometry":{"type":"Point","coordinates":[-71.591,-30.05]},"geometry_name":"geom","properties":{"gid":133,"fecha":"19/1/2019","lat":-30.050000000000001,"long":-71.590999999999994,"profund":"32 Km.","intensidad":"IV a V -Vinchina, La Rioja; IV -Ciudad de San Juan; IV -Zonda, San Juan; IV -Santa Lucia, San Juan; IV -Guandacol, La Rioja; IV -Ciudad de Mendoza; IV -Las Heras, Mendoza; IV -Rivadavia, Mendoza; IV -Godoy Cruz, Mendoza; III a IV -Ciudad de La Rioja; III","nam":"Chile","magnitud":6.7,"categoria":"Rango magnitud 6-7"},"bbox":[-71.591,-30.05,-71.591,-30.05]},{"type":"Feature","id":"inpres_sismos.134","geometry":{"type":"Point","coordinates":[-67.844,-31.569]},"geometry_name":"geom","properties":{"gid":134,"fecha":"7/1/2019","lat":-31.568999999999999,"long":-67.843999999999994,"profund":"7 Km.","intensidad":"IV -Caucete, San Juan; III a IV -Ciudad de San Juan; II a III -Ciudad de Mendoza","nam":"San Juan","magnitud":4.1,"categoria":"Rango magnitud 4-5"},"bbox":[-67.844,-31.569,-67.844,-31.569]},{"type":"Feature","id":"inpres_sismos.135","geometry":{"type":"Point","coordinates":[-69.375,-31.976]},"geometry_name":"geom","properties":{"gid":135,"fecha":"26/12/2018","lat":-31.975999999999999,"long":-69.375,"profund":"126 Km.","intensidad":"III a IV -Barreal, San Juan; III -Ciudad de Mendoza; II a III -Ciudad de San Juan","nam":"San Juan","magnitud":4.2,"categoria":"Rango magnitud 4-5"},"bbox":[-69.375,-31.976,-69.375,-31.976]},{"type":"Feature","id":"inpres_sismos.136","geometry":{"type":"Point","coordinates":[-58.483,-34.904]},"geometry_name":"geom","properties":{"gid":136,"fecha":"30/11/2018","lat":-34.904000000000003,"long":-58.482999999999997,"profund":"25 Km.","intensidad":"III a IV -Ciudad de Buenos Aires","nam":"CABA","magnitud":3.8,"categoria":"Rango magnitud 3-4"},"bbox":[-58.483,-34.904,-58.483,-34.904]},{"type":"Feature","id":"inpres_sismos.137","geometry":{"type":"Point","coordinates":[-70.28,-28.845]},"geometry_name":"geom","properties":{"gid":137,"fecha":"6/9/2018","lat":-28.844999999999999,"long":-70.280000000000001,"profund":"112 Km.","intensidad":"III a IV -Jáchal, San Juan; III -Ciudad de San Juan; III -Ciudad de San F. del Valle de Catamarca; II a III -Ciudad de Córdoba","nam":"Chile","magnitud":5.8,"categoria":"Rango magnitud 5-6"},"bbox":[-70.28,-28.845,-70.28,-28.845]},{"type":"Feature","id":"inpres_sismos.138","geometry":{"type":"Point","coordinates":[-70.402,-32.214]},"geometry_name":"geom","properties":{"gid":138,"fecha":"31/8/2018","lat":-32.213999999999999,"long":-70.402000000000001,"profund":"124 Km.","intensidad":"III a IV -Ciudad de Mendoza; III -Ciudad de San Juan","nam":"Chile","magnitud":5.1,"categoria":"Rango magnitud 5-6"},"bbox":[-70.402,-32.214,-70.402,-32.214]},{"type":"Feature","id":"inpres_sismos.139","geometry":{"type":"Point","coordinates":[-71.757,-29.635]},"geometry_name":"geom","properties":{"gid":139,"fecha":"28/8/2018","lat":-29.635000000000002,"long":-71.757000000000005,"profund":"6 Km.","intensidad":"III a IV -Jáchal, San Juan; II a III -Ciudad de San Juan","nam":"Chile","magnitud":5.4,"categoria":"Rango magnitud 5-6"},"bbox":[-71.757,-29.635,-71.757,-29.635]},{"type":"Feature","id":"inpres_sismos.140","geometry":{"type":"Point","coordinates":[-64.894,-24.141]},"geometry_name":"geom","properties":{"gid":140,"fecha":"22/8/2018","lat":-24.140999999999998,"long":-64.894000000000005,"profund":"27 Km.","intensidad":"III a IV -San Salvador de Jujuy, Jujuy; III a IV -Lib. Gral. San Martín, Jujuy; II a III -Ciudad de Salta, Salta","nam":"Jujuy","magnitud":4.1,"categoria":"Rango magnitud 4-5"},"bbox":[-64.894,-24.141,-64.894,-24.141]},{"type":"Feature","id":"inpres_sismos.141","geometry":{"type":"Point","coordinates":[-68.185,-33.498]},"geometry_name":"geom","properties":{"gid":141,"fecha":"20/8/2018","lat":-33.497999999999998,"long":-68.185000000000002,"profund":"16 Km.","intensidad":"III a IV -San Martín, Mendoza; III a IV -Rivadavia, Mendoza; III -Ciudad de Mendoza","nam":"Mendoza","magnitud":4.3,"categoria":"Rango magnitud 4-5"},"bbox":[-68.185,-33.498,-68.185,-33.498]},{"type":"Feature","id":"inpres_sismos.142","geometry":{"type":"Point","coordinates":[-68.711,-34.473]},"geometry_name":"geom","properties":{"gid":142,"fecha":"29/7/2018","lat":-34.472999999999999,"long":-68.710999999999999,"profund":"18 Km.","intensidad":"III a IV -San Rafael, Mendoza; II a III -Ciudad de Mendoza","nam":"Mendoza","magnitud":4,"categoria":"Rango magnitud 4-5"},"bbox":[-68.711,-34.473,-68.711,-34.473]},{"type":"Feature","id":"inpres_sismos.143","geometry":{"type":"Point","coordinates":[-68.702,-31.284]},"geometry_name":"geom","properties":{"gid":143,"fecha":"28/5/2018","lat":-31.283999999999999,"long":-68.701999999999998,"profund":"113 Km.","intensidad":"III a IV -Ciudad de San Juan; III a IV -Zonda, San Juan; III a IV -Barreal, San Juan; III a IV -Ciudad de Mendoza; III a IV -Potrerillos, Mendoza; III -Chepes, La Rioja; II a III -Va. Carlos Paz, Córdoba","nam":"San Juan","magnitud":5.1,"categoria":"Rango magnitud 5-6"},"bbox":[-68.702,-31.284,-68.702,-31.284]},{"type":"Feature","id":"inpres_sismos.144","geometry":{"type":"Point","coordinates":[-65.021,-24.025]},"geometry_name":"geom","properties":{"gid":144,"fecha":"24/5/2018","lat":-24.024999999999999,"long":-65.021000000000001,"profund":"19 Km.","intensidad":"III a IV - Ciudad de San Salvador de Jujuy; II a III - Ciudad de Salta;","nam":"Jujuy","magnitud":4,"categoria":"Rango magnitud 4-5"},"bbox":[-65.021,-24.025,-65.021,-24.025]},{"type":"Feature","id":"inpres_sismos.145","geometry":{"type":"Point","coordinates":[-64.675,-27.22]},"geometry_name":"geom","properties":{"gid":145,"fecha":"19/4/2018","lat":-27.219999999999999,"long":-64.674999999999997,"profund":"10 Km.","intensidad":"III a IV - Termas de Rio Hondo, Santiago del Estero; III a IV - Ciudad de Santiago del Estero; III - Ciudad de San Miguel de Tucuman;","nam":"Santiago del Estero","magnitud":4,"categoria":"Rango magnitud 4-5"},"bbox":[-64.675,-27.22,-64.675,-27.22]},{"type":"Feature","id":"inpres_sismos.146","geometry":{"type":"Point","coordinates":[-65.214,-32.281]},"geometry_name":"geom","properties":{"gid":146,"fecha":"18/4/2018","lat":-32.280999999999999,"long":-65.213999999999999,"profund":"26 Km.","intensidad":"IV -Merlo, San Luis; III a IV -Villa Dolores, Córdoba; III -Ciudad de Córdoba","nam":"Córdoba","magnitud":4.3,"categoria":"Rango magnitud 4-5"},"bbox":[-65.214,-32.281,-65.214,-32.281]},{"type":"Feature","id":"inpres_sismos.147","geometry":{"type":"Point","coordinates":[-67.584,-30.341]},"geometry_name":"geom","properties":{"gid":147,"fecha":"11/4/2018","lat":-30.341000000000001,"long":-67.584000000000003,"profund":"7 Km.","intensidad":"III a IV - Va. San Agustín; III - Ciudad de San Juan; III - Ciudad de Mendoza;","nam":"San Juan","magnitud":4.6,"categoria":"Rango magnitud 4-5"},"bbox":[-67.584,-30.341,-67.584,-30.341]},{"type":"Feature","id":"inpres_sismos.148","geometry":{"type":"Point","coordinates":[-71.803,-30.98]},"geometry_name":"geom","properties":{"gid":148,"fecha":"10/4/2018","lat":-30.98,"long":-71.802999999999997,"profund":"68 Km.","intensidad":"IV - Ciudad de San Juan; III a IV - Ciudad de Mendoza;","nam":"Chile","magnitud":6.2,"categoria":"Rango magnitud 6-7"},"bbox":[-71.803,-30.98,-71.803,-30.98]},{"type":"Feature","id":"inpres_sismos.149","geometry":{"type":"Point","coordinates":[-69.451,-32.374]},"geometry_name":"geom","properties":{"gid":149,"fecha":"19/3/2018","lat":-32.374000000000002,"long":-69.450999999999993,"profund":"126 Km.","intensidad":"III a IV - Uspallata, Mendoza; III - Ciudad de Mendoza;","nam":"Mendoza","magnitud":5,"categoria":"Rango magnitud 5-6"},"bbox":[-69.451,-32.374,-69.451,-32.374]},{"type":"Feature","id":"inpres_sismos.150","geometry":{"type":"Point","coordinates":[-65.154,-24.492]},"geometry_name":"geom","properties":{"gid":150,"fecha":"17/3/2018","lat":-24.492000000000001,"long":-65.153999999999996,"profund":"17 Km.","intensidad":"IV - Ciudad de Salta; IV - Ciudad de San Salvador de Jujuy;","nam":"Salta","magnitud":4.7,"categoria":"Rango magnitud 4-5"},"bbox":[-65.154,-24.492,-65.154,-24.492]},{"type":"Feature","id":"inpres_sismos.151","geometry":{"type":"Point","coordinates":[-69.126,-31.921]},"geometry_name":"geom","properties":{"gid":151,"fecha":"12/3/2018","lat":-31.920999999999999,"long":-69.126000000000005,"profund":"124 Km.","intensidad":"III a IV - Ciudad de San Juan;","nam":"San Juan","magnitud":4.4,"categoria":"Rango magnitud 4-5"},"bbox":[-69.126,-31.921,-69.126,-31.921]},{"type":"Feature","id":"inpres_sismos.152","geometry":{"type":"Point","coordinates":[-68.426,-31.918]},"geometry_name":"geom","properties":{"gid":152,"fecha":"6/3/2018","lat":-31.917999999999999,"long":-68.426000000000002,"profund":"118 Km.","intensidad":"III a IV - Ciudad de San Juan; III - Ciudad de Mendoza;","nam":"San Juan","magnitud":4.4,"categoria":"Rango magnitud 4-5"},"bbox":[-68.426,-31.918,-68.426,-31.918]},{"type":"Feature","id":"inpres_sismos.153","geometry":{"type":"Point","coordinates":[-67.589,-28.368]},"geometry_name":"geom","properties":{"gid":153,"fecha":"26/2/2018","lat":-28.367999999999999,"long":-67.588999999999999,"profund":"145 Km.","intensidad":"III a IV - Vinchina, La Rioja; III - San Fernando del Valle de Catamarca;","nam":"La Rioja","magnitud":5,"categoria":"Rango magnitud 5-6"},"bbox":[-67.589,-28.368,-67.589,-28.368]},{"type":"Feature","id":"inpres_sismos.154","geometry":{"type":"Point","coordinates":[-70.038,-31.538]},"geometry_name":"geom","properties":{"gid":154,"fecha":"1/2/2018","lat":-31.538,"long":-70.037999999999997,"profund":"123 Km.","intensidad":"IV - Ciudad de San Juan; IV - Ciudad de Mendoza;","nam":"San Juan","magnitud":5.1,"categoria":"Rango magnitud 5-6"},"bbox":[-70.038,-31.538,-70.038,-31.538]},{"type":"Feature","id":"inpres_sismos.155","geometry":{"type":"Point","coordinates":[-69.51,-34.872]},"geometry_name":"geom","properties":{"gid":155,"fecha":"24/12/2017","lat":-34.872,"long":-69.510000000000005,"profund":"14 Km.","intensidad":"La intensidad del sismo en la escala Mercalli Modificada alcanzo el grado III (tres) en la ciudad de Mendoza y de III a IV (tres a cuatro) en las localidades cercanas al epicentro","nam":"Mendoza","magnitud":4.3,"categoria":"Rango magnitud 4-5"},"bbox":[-69.51,-34.872,-69.51,-34.872]},{"type":"Feature","id":"inpres_sismos.156","geometry":{"type":"Point","coordinates":[-68.945,-33.351]},"geometry_name":"geom","properties":{"gid":156,"fecha":"22/12/2017","lat":-33.350999999999999,"long":-68.944999999999993,"profund":"7 Km.","intensidad":"La intensidad del sismo en Escala Mercalli Modificada alcanzo el grado IV a V (cuatro a cinco) en las ciudades de Tupungato y Tunuyan y IV (cuatro) en la ciudad de Mendoza","nam":"Mendoza","magnitud":4.4,"categoria":"Rango magnitud 4-5"},"bbox":[-68.945,-33.351,-68.945,-33.351]},{"type":"Feature","id":"inpres_sismos.157","geometry":{"type":"Point","coordinates":[-64.206,-27.638]},"geometry_name":"geom","properties":{"gid":157,"fecha":"16/12/2017","lat":-27.638000000000002,"long":-64.206000000000003,"profund":"42 Km.","intensidad":"La intensidad del sismo en la escala Mercalli Modificada alcanzÃġ el grado IV (cuatro) en la ciudad de Santiago del Estero.","nam":"Santiago del Estero","magnitud":4,"categoria":"Rango magnitud 4-5"},"bbox":[-64.206,-27.638,-64.206,-27.638]},{"type":"Feature","id":"inpres_sismos.158","geometry":{"type":"Point","coordinates":[-68.69,-32.256]},"geometry_name":"geom","properties":{"gid":158,"fecha":"29/11/2017","lat":-32.256,"long":-68.689999999999998,"profund":"120 Km.","intensidad":"La intensidad del sismo en la escala Mercalli Modificada alcanzo el grado III a IV (tres a cuatro) en las ciudades de San Juan y Mendoza.","nam":"San Juan","magnitud":4.7,"categoria":"Rango magnitud 4-5"},"bbox":[-68.69,-32.256,-68.69,-32.256]},{"type":"Feature","id":"inpres_sismos.159","geometry":{"type":"Point","coordinates":[-64.989,-25.361]},"geometry_name":"geom","properties":{"gid":159,"fecha":"11/11/2017","lat":-25.361000000000001,"long":-64.989000000000004,"profund":"36 Km.","intensidad":"El sismo alcanzo el grado IV (cuatro) en Escala Mercalli; Modificada en las localidades cercanas al epicentro;","nam":"Salta","magnitud":4.6,"categoria":"Rango magnitud 4-5"},"bbox":[-64.989,-25.361,-64.989,-25.361]},{"type":"Feature","id":"inpres_sismos.160","geometry":{"type":"Point","coordinates":[-68.216,-29.221]},"geometry_name":"geom","properties":{"gid":160,"fecha":"26/10/2017","lat":-29.221,"long":-68.215999999999994,"profund":"10 Km.","intensidad":"El sismo alcanzo al grado III a IV (tres a cuatro) en Escala Mercalli Modificada en la ciudad de Villa Union y localidades cercanas al epicentro","nam":"La Rioja","magnitud":4.4,"categoria":"Rango magnitud 4-5"},"bbox":[-68.216,-29.221,-68.216,-29.221]},{"type":"Feature","id":"inpres_sismos.161","geometry":{"type":"Point","coordinates":[-65.697,-31.05]},"geometry_name":"geom","properties":{"gid":161,"fecha":"12/10/2017","lat":-31.050000000000001,"long":-65.697000000000003,"profund":"189 Km.","intensidad":"La intensidad del sismo en la escala Mercalli Modificada alcanzo el grado IV (cuatro) en las ciudades de Córdoba y La Rioja y el grado III a IV (tres a cuatro) en la ciudad de San Juan.","nam":"Córdoba","magnitud":5.5,"categoria":"Rango magnitud 5-6"},"bbox":[-65.697,-31.05,-65.697,-31.05]},{"type":"Feature","id":"inpres_sismos.162","geometry":{"type":"Point","coordinates":[-68.917,-28.539]},"geometry_name":"geom","properties":{"gid":162,"fecha":"1/8/2017","lat":-28.539000000000001,"long":-68.917000000000002,"profund":"130 Km.","intensidad":"El sismo fue percibido con intensidad IV (cuatro) en Escala Mercalli Modificada en las localidades cercanas al epicentro","nam":"La Rioja","magnitud":5.6,"categoria":"Rango magnitud 5-6"},"bbox":[-68.917,-28.539,-68.917,-28.539]},{"type":"Feature","id":"inpres_sismos.163","geometry":{"type":"Point","coordinates":[-68.746,-31.476]},"geometry_name":"geom","properties":{"gid":163,"fecha":"25/7/2017","lat":-31.475999999999999,"long":-68.745999999999995,"profund":"13 Km.","intensidad":"La intensidad del sismo en la escala Mercalli Modificada alcanzó el grado IV (cuatro) en la ciudad de San Juan.","nam":"San Juan","magnitud":4.3,"categoria":"Rango magnitud 4-5"},"bbox":[-68.746,-31.476,-68.746,-31.476]},{"type":"Feature","id":"inpres_sismos.164","geometry":{"type":"Point","coordinates":[-68.557,-31.454]},"geometry_name":"geom","properties":{"gid":164,"fecha":"14/7/2017","lat":-31.454000000000001,"long":-68.557000000000002,"profund":"12 Km.","intensidad":"La intensidad del sismo en la escala Mercalli Modificada alcanzo el grado IV (cuatro) en la ciudad de San Juan.","nam":"San Juan","magnitud":3.7,"categoria":"Rango magnitud 3-4"},"bbox":[-68.557,-31.454,-68.557,-31.454]},{"type":"Feature","id":"inpres_sismos.165","geometry":{"type":"Point","coordinates":[-69.4,-31.57]},"geometry_name":"geom","properties":{"gid":165,"fecha":"30/5/2017","lat":-31.57,"long":-69.400000000000006,"profund":"30 Km.","intensidad":"La intensidad del sismo en la escala Mercalli Modificada alcanzo el grado IV (cuatro) en la localidad de Barreal, y II a III (dos a tres) en las ciudades capitales de Mendoza y San Juan.","nam":"San Juan","magnitud":4.3,"categoria":"Rango magnitud 4-5"},"bbox":[-69.4,-31.57,-69.4,-31.57]},{"type":"Feature","id":"inpres_sismos.166","geometry":{"type":"Point","coordinates":[-69.28,-30.544]},"geometry_name":"geom","properties":{"gid":166,"fecha":"14/4/2017","lat":-30.544,"long":-69.280000000000001,"profund":"10 Km.","intensidad":"La intensidad del sismo en la escala Mercalli Modificada alcanzo el grado III a IV (tres a cuatro) en zonas cercanas al epicentro.","nam":"San Juan","magnitud":4.2,"categoria":"Rango magnitud 4-5"},"bbox":[-69.28,-30.544,-69.28,-30.544]},{"type":"Feature","id":"inpres_sismos.167","geometry":{"type":"Point","coordinates":[-63.994,-32.671]},"geometry_name":"geom","properties":{"gid":167,"fecha":"13/3/2017","lat":-32.670999999999999,"long":-63.994,"profund":"10 Km.","intensidad":"Sismo sentido con intensidad III (tres) en la escala Mercalli Modificada en Rio IV y localidades cercanas al epicentro.","nam":"Córdoba","magnitud":2.5,"categoria":"Rango magnitud 2-3"},"bbox":[-63.994,-32.671,-63.994,-32.671]},{"type":"Feature","id":"inpres_sismos.168","geometry":{"type":"Point","coordinates":[-68.079,-29.194]},"geometry_name":"geom","properties":{"gid":168,"fecha":"25/2/2017","lat":-29.193999999999999,"long":-68.078999999999994,"profund":"120 Km.","intensidad":"La Intensidad del sismo en la escala Mercalli Modificada alcanzo el grado III a IV (tres a cuatro) en la localidad de Va. Union.","nam":"La Rioja","magnitud":5.1,"categoria":"Rango magnitud 5-6"},"bbox":[-68.079,-29.194,-68.079,-29.194]},{"type":"Feature","id":"inpres_sismos.169","geometry":{"type":"Point","coordinates":[-66.83,-23.9]},"geometry_name":"geom","properties":{"gid":169,"fecha":"18/2/2017","lat":-23.899999999999999,"long":-66.829999999999998,"profund":"235 Km.","intensidad":"La intensidad del sismo en la escala Mercalli Modificada alcanzo el grado IV (cuatro) en localidades cercanas al epicentro","nam":"Jujuy","magnitud":6.4,"categoria":"Rango magnitud 6-7"},"bbox":[-66.83,-23.9,-66.83,-23.9]},{"type":"Feature","id":"inpres_sismos.170","geometry":{"type":"Point","coordinates":[-69.017,-31.791]},"geometry_name":"geom","properties":{"gid":170,"fecha":"11/2/2017","lat":-31.791,"long":-69.016999999999996,"profund":"114 Km.","intensidad":"El sismo fue percibido con intensidad III a IV (tres a cuatro); en Escala Mercalli Modificada en la ciudad de San Juan","nam":"San Juan","magnitud":4.5,"categoria":"Rango magnitud 4-5"},"bbox":[-69.017,-31.791,-69.017,-31.791]},{"type":"Feature","id":"inpres_sismos.171","geometry":{"type":"Point","coordinates":[-69.621,-33.078]},"geometry_name":"geom","properties":{"gid":171,"fecha":"2/2/2017","lat":-33.078000000000003,"long":-69.620999999999995,"profund":"10 Km.","intensidad":"La intensidad del sismo en la escala Mercalli Modificada alcanzo; el grado IV a V (cuatro a cinco) en la zona epicentral y III a IV; (tres a cuatro) en la ciudad de Mendoza","nam":"Mendoza","magnitud":5.3,"categoria":"Rango magnitud 5-6"},"bbox":[-69.621,-33.078,-69.621,-33.078]},{"type":"Feature","id":"inpres_sismos.172","geometry":{"type":"Point","coordinates":[-67.648,-32.092]},"geometry_name":"geom","properties":{"gid":172,"fecha":"24/1/2017","lat":-32.091999999999999,"long":-67.647999999999996,"profund":"14 Km.","intensidad":"La intensidad del sismo en la escala de Mercalli Modificada alcanzo; el grado tres a cuatro (III a IV) en localidades cercanas al; epicentro.","nam":"San Juan","magnitud":4.3,"categoria":"Rango magnitud 4-5"},"bbox":[-67.648,-32.092,-67.648,-32.092]},{"type":"Feature","id":"inpres_sismos.173","geometry":{"type":"Point","coordinates":[-64.34,-30.3]},"geometry_name":"geom","properties":{"gid":173,"fecha":"27/12/2016","lat":-30.300000000000001,"long":-64.340000000000003,"profund":"10 Km.","intensidad":"El sismo fue percibido en la escala Mercalli Modificada con grado III (tres) en la ciudad de Cordoba, y III a IV (tres a cuatro) en los alrededores de Dean Funes, de la misma provincia.","nam":"Córdoba","magnitud":4.4,"categoria":"Rango magnitud 4-5"},"bbox":[-64.34,-30.3,-64.34,-30.3]},{"type":"Feature","id":"inpres_sismos.174","geometry":{"type":"Point","coordinates":[-67.976,-32.057]},"geometry_name":"geom","properties":{"gid":174,"fecha":"11/12/2016","lat":-32.057000000000002,"long":-67.975999999999999,"profund":"12 Km.","intensidad":"El sismo fue percibido con grado tres a cuatro (III a IV) en la escala de Mercalli Modificada, en las cercanias del epicentro.","nam":"San Juan","magnitud":4.4,"categoria":"Rango magnitud 4-5"},"bbox":[-67.976,-32.057,-67.976,-32.057]},{"type":"Feature","id":"inpres_sismos.175","geometry":{"type":"Point","coordinates":[-64.497,-27.937]},"geometry_name":"geom","properties":{"gid":175,"fecha":"1/12/2016","lat":-27.937000000000001,"long":-64.497,"profund":"12 Km.","intensidad":"La intensidad del sismo en la escala Mercalli Modificada alcanzo el grado III a IV (tres a cuatro) en la ciudad de Santiago del Estero.","nam":"Santiago del Estero","magnitud":4.5,"categoria":"Rango magnitud 4-5"},"bbox":[-64.497,-27.937,-64.497,-27.937]},{"type":"Feature","id":"inpres_sismos.176","geometry":{"type":"Point","coordinates":[-68.663,-31.63]},"geometry_name":"geom","properties":{"gid":176,"fecha":"20/11/2016","lat":-31.629999999999999,"long":-68.662999999999997,"profund":"107 Km.","intensidad":"La intensidad del sismo en la escala Mercalli Modificada alcanzo el grado V a VI (cinco a seis) en localidades cercanas al epicentro, el grado IV (cuatro) en Mendoza, III (tres) en San Luis, Cordoba y La Rioja.","nam":"San Juan","magnitud":6.3,"categoria":"Rango magnitud 6-7"},"bbox":[-68.663,-31.63,-68.663,-31.63]},{"type":"Feature","id":"inpres_sismos.177","geometry":{"type":"Point","coordinates":[-69.226,-32.785]},"geometry_name":"geom","properties":{"gid":177,"fecha":"16/11/2016","lat":-32.784999999999997,"long":-69.225999999999999,"profund":"19 Km.","intensidad":"El sismo fue percibido con intensidad de tres a cuatro (III a IV) de la escala mercalli modificada en la ciudad de Mendoza.","nam":"Mendoza","magnitud":4,"categoria":"Rango magnitud 4-5"},"bbox":[-69.226,-32.785,-69.226,-32.785]},{"type":"Feature","id":"inpres_sismos.178","geometry":{"type":"Point","coordinates":[-67.557,-29.026]},"geometry_name":"geom","properties":{"gid":178,"fecha":"13/11/2016","lat":-29.026,"long":-67.557000000000002,"profund":"134 Km.","intensidad":"La intensidad del sismo en la escala Mercalli Modificada alcanzo el grado IV a V (cuatro a cinco) en zonas cercanas al epicentro y el grado II a III en el norte de la provincia de San Juan.","nam":"La Rioja","magnitud":5.6,"categoria":"Rango magnitud 5-6"},"bbox":[-67.557,-29.026,-67.557,-29.026]},{"type":"Feature","id":"inpres_sismos.179","geometry":{"type":"Point","coordinates":[-64.65,-28.091]},"geometry_name":"geom","properties":{"gid":179,"fecha":"6/10/2016","lat":-28.091000000000001,"long":-64.650000000000006,"profund":"14 Km.","intensidad":"La intensidad del sismo en la escala Mercalli Modificada alcanzo el grado III a IV en las localidades cercanas al epicentro.","nam":"Santiago del Estero","magnitud":4.6,"categoria":"Rango magnitud 4-5"},"bbox":[-64.65,-28.091,-64.65,-28.091]},{"type":"Feature","id":"inpres_sismos.180","geometry":{"type":"Point","coordinates":[-65.809,-31.364]},"geometry_name":"geom","properties":{"gid":180,"fecha":"8/9/2016","lat":-31.364000000000001,"long":-65.808999999999997,"profund":"167 Km.","intensidad":"La intensidad del sismo en la escala Mercalli Modificada alcanzo el grado III a IV (tres a cuatro) en La Rioja y el grado III (tres) en Cordoba, San Luis y San Juan.","nam":"La Rioja","magnitud":5.1,"categoria":"Rango magnitud 5-6"},"bbox":[-65.809,-31.364,-65.809,-31.364]},{"type":"Feature","id":"inpres_sismos.181","geometry":{"type":"Point","coordinates":[-65.403,-33.355]},"geometry_name":"geom","properties":{"gid":181,"fecha":"18/8/2016","lat":-33.354999999999997,"long":-65.403000000000006,"profund":"97 Km.","intensidad":"Se registro un sismo de intensidad III a IV (tres a cuatro) en la escala Mercalli Modificada con epicentro a cien kilometros al este de la ciudad de San Luis, en la zona de Medano Grande.","nam":"San Luis","magnitud":3.9,"categoria":"Rango magnitud 3-4"},"bbox":[-65.403,-33.355,-65.403,-33.355]},{"type":"Feature","id":"inpres_sismos.182","geometry":{"type":"Point","coordinates":[-66.011,-22.29]},"geometry_name":"geom","properties":{"gid":182,"fecha":"4/8/2016","lat":-22.289999999999999,"long":-66.010999999999996,"profund":"313 Km.","intensidad":"El sismo fue percibido con grado IV (cuatro) en Rinconada, y con grado III (tres) en la ciudad de Jujuy, en la Escala Mercalli Modificada.","nam":"Jujuy","magnitud":5.7,"categoria":"Rango magnitud 5-6"},"bbox":[-66.011,-22.29,-66.011,-22.29]},{"type":"Feature","id":"inpres_sismos.183","geometry":{"type":"Point","coordinates":[-64.392,-30.004]},"geometry_name":"geom","properties":{"gid":183,"fecha":"13/7/2016","lat":-30.004000000000001,"long":-64.391999999999996,"profund":"22 Km.","intensidad":"El sismo alcanzó el grado III a IV (tres a cuatro) en la localidad de Quilino, provincia de Córdoba y zonas cercanas al epicentro.","nam":"Córdoba","magnitud":3.2,"categoria":"Rango magnitud 3-4"},"bbox":[-64.392,-30.004,-64.392,-30.004]},{"type":"Feature","id":"inpres_sismos.184","geometry":{"type":"Point","coordinates":[-66.664,-27.529]},"geometry_name":"geom","properties":{"gid":184,"fecha":"30/5/2016","lat":-27.529,"long":-66.664000000000001,"profund":"10 Km.","intensidad":"El sismo fue percibido con intensidad III a IV (tres a cuatro) en la escala Mercalli Modificada en las ciudades de San Fernando de Catamarca y San Miguel de Tucumán.","nam":"Catamarca","magnitud":4.7,"categoria":"Rango magnitud 4-5"},"bbox":[-66.664,-27.529,-66.664,-27.529]},{"type":"Feature","id":"inpres_sismos.185","geometry":{"type":"Point","coordinates":[-68.374,-33.642]},"geometry_name":"geom","properties":{"gid":185,"fecha":"17/5/2016","lat":-33.642000000000003,"long":-68.373999999999995,"profund":"22 Km.","intensidad":"La intensidad del sismo en escala Mercalli Modificada fue de III a IV (tres a cuatro) en localidades cercanas al epicentro","nam":"Mendoza","magnitud":4.5,"categoria":"Rango magnitud 4-5"},"bbox":[-68.374,-33.642,-68.374,-33.642]},{"type":"Feature","id":"inpres_sismos.186","geometry":{"type":"Point","coordinates":[-64.392,-33.017]},"geometry_name":"geom","properties":{"gid":186,"fecha":"19/3/2016","lat":-33.017000000000003,"long":-64.391999999999996,"profund":"25 Km.","intensidad":"Sismo sentido con intensidad III (tres) en la escala Mercalli Modificada en Rio IV y localidades cercanas al epicentro.","nam":"Córdoba","magnitud":3.1,"categoria":"Rango magnitud 3-4"},"bbox":[-64.392,-33.017,-64.392,-33.017]},{"type":"Feature","id":"inpres_sismos.187","geometry":{"type":"Point","coordinates":[-67.71,-31.7]},"geometry_name":"geom","properties":{"gid":187,"fecha":"26/2/2016","lat":-31.699999999999999,"long":-67.709999999999994,"profund":"18 Km.","intensidad":"El sismo fue percibido con intensidad III a IV (tres a cuatro) en la ciudad de San Juan, III (tres) en la ciudad de Mendoza, II a III (dos a tres) en la ciudad de Cordoba y II (dos)en la ciudad de La Rioja","nam":"San Juan","magnitud":5.1,"categoria":"Rango magnitud 5-6"},"bbox":[-67.71,-31.7,-67.71,-31.7]},{"type":"Feature","id":"inpres_sismos.188","geometry":{"type":"Point","coordinates":[-68.627,-31.316]},"geometry_name":"geom","properties":{"gid":188,"fecha":"11/2/2016","lat":-31.315999999999999,"long":-68.626999999999995,"profund":"108 Km.","intensidad":"La intensidad del sismo en la escala Mercalli Modificada alcanzó el grado IV (cuatro) en la ciudad capital de San Juan.","nam":"San Juan","magnitud":4.5,"categoria":"Rango magnitud 4-5"},"bbox":[-68.627,-31.316,-68.627,-31.316]},{"type":"Feature","id":"inpres_sismos.189","geometry":{"type":"Point","coordinates":[-67.956,-28.569]},"geometry_name":"geom","properties":{"gid":189,"fecha":"15/1/2016","lat":-28.568999999999999,"long":-67.956000000000003,"profund":"63 Km.","intensidad":"La intensidad del sismo en la escala Mercalli Modificada alcanzo el grado III a IV (tres a cuatro) en Vinchina y zonas cercanas al epicentro.","nam":"La Rioja","magnitud":5.1,"categoria":"Rango magnitud 5-6"},"bbox":[-67.956,-28.569,-67.956,-28.569]},{"type":"Feature","id":"inpres_sismos.190","geometry":{"type":"Point","coordinates":[-64.785,-23.554]},"geometry_name":"geom","properties":{"gid":190,"fecha":"4/12/2015","lat":-23.553999999999998,"long":-64.784999999999997,"profund":"20 Km.","intensidad":"La intensidad del sismo en la escala Mercalli Modificada alcanzó el grado III a IV (tres a cuatro) en localidades cercanas al epicentro.","nam":"Jujuy","magnitud":4.7,"categoria":"Rango magnitud 4-5"},"bbox":[-64.785,-23.554,-64.785,-23.554]},{"type":"Feature","id":"inpres_sismos.191","geometry":{"type":"Point","coordinates":[-64.745,-23.455]},"geometry_name":"geom","properties":{"gid":191,"fecha":"29/11/2015","lat":-23.454999999999998,"long":-64.745000000000005,"profund":"26 Km.","intensidad":"El sismo fue percibido con grado III a IV (tres a cuatro) de la escala Mercalli modificada en las localidades cercanas al epicentro","nam":"Salta","magnitud":5.5,"categoria":"Rango magnitud 5-6"},"bbox":[-64.745,-23.455,-64.745,-23.455]},{"type":"Feature","id":"inpres_sismos.192","geometry":{"type":"Point","coordinates":[-69.484,-38.795]},"geometry_name":"geom","properties":{"gid":192,"fecha":"19/11/2015","lat":-38.795000000000002,"long":-69.483999999999995,"profund":"10 Km.","intensidad":"La intensidad del sismo en la escala Mercalli Modificada alcanzo el grado III a IV (tres a cuatro) en las ciudades cercanas al epicentro.","nam":"Neuquén","magnitud":4,"categoria":"Rango magnitud 4-5"},"bbox":[-69.484,-38.795,-69.484,-38.795]},{"type":"Feature","id":"inpres_sismos.193","geometry":{"type":"Point","coordinates":[-71.727,-30.844]},"geometry_name":"geom","properties":{"gid":193,"fecha":"7/11/2015","lat":-30.844000000000001,"long":-71.727000000000004,"profund":"56 Km.","intensidad":"La intensidad del sismo en la escala Mercalli Modificada alcanzo el grado III a IV (tres a cuatro) en la ciudad de San Juan. Tambien se percibio en las provincias de Mendoza, Cordoba, La Rioja y Catamarca","nam":"Chile","magnitud":6.8,"categoria":"Rango magnitud 6-7"},"bbox":[-71.727,-30.844,-71.727,-30.844]},{"type":"Feature","id":"inpres_sismos.194","geometry":{"type":"Point","coordinates":[-64.632,-25.442]},"geometry_name":"geom","properties":{"gid":194,"fecha":"17/10/2015","lat":-25.442,"long":-64.632000000000005,"profund":"33 Km.","intensidad":"Sismo sentido con intensidad VII (siete) en la escala Mercalli Modificada en la localidad de El Galpón y localidades cercanas al epicentro, III a IV (tres a cuatro), en las ciudades de Salta,San Miguel de Tucumán y San Salvador de Jujuy y el grado III","nam":"Salta","magnitud":5.9,"categoria":"Rango magnitud 5-6"},"bbox":[-64.632,-25.442,-64.632,-25.442]},{"type":"Feature","id":"inpres_sismos.195","geometry":{"type":"Point","coordinates":[-71.86,-30.7]},"geometry_name":"geom","properties":{"gid":195,"fecha":"25/9/2015","lat":-30.699999999999999,"long":-71.859999999999999,"profund":"30 Km.","intensidad":"La intensidad del sismo en la Escala Mercalli Modificada alcanzo el grado III a IV (tres a cuatro) en las ciudades de San Juan y Mendoza.","nam":"Chile","magnitud":6.2,"categoria":"Rango magnitud 6-7"},"bbox":[-71.86,-30.7,-71.86,-30.7]},{"type":"Feature","id":"inpres_sismos.196","geometry":{"type":"Point","coordinates":[-72.27,-31.49]},"geometry_name":"geom","properties":{"gid":196,"fecha":"16/9/2015","lat":-31.489999999999998,"long":-72.269999999999996,"profund":"10 Km.","intensidad":"La intensidad del sismo en la escala Mercalli Modificada alcanzo el grado V a VI (cinco a seis) en la ciudad de San Juan, V (cinco) en las ciudades de Mendoza y La Rioja, III a IV en Cordoba y San Luis. Ademas se percibieron con intensidad del grado II a","nam":"Océano Pacífico","magnitud":8.3,"categoria":"Rango magnitud 8-9"},"bbox":[-72.27,-31.49,-72.27,-31.49]},{"type":"Feature","id":"inpres_sismos.197","geometry":{"type":"Point","coordinates":[-68.672,-33.3]},"geometry_name":"geom","properties":{"gid":197,"fecha":"14/9/2015","lat":-33.299999999999997,"long":-68.671999999999997,"profund":"33 Km.","intensidad":"La intensidad del sismo en la escala Mercalli Modificada alcanzo el grado III a IV (tres a cuatro) en las localidades cercanas al epicentro.","nam":"Mendoza","magnitud":4,"categoria":"Rango magnitud 4-5"},"bbox":[-68.672,-33.3,-68.672,-33.3]},{"type":"Feature","id":"inpres_sismos.198","geometry":{"type":"Point","coordinates":[-67.675,-31.327]},"geometry_name":"geom","properties":{"gid":198,"fecha":"8/9/2015","lat":-31.327000000000002,"long":-67.674999999999997,"profund":"10 Km.","intensidad":"La intensidad del sismo en la escala Mercalli Modificada alcanzó el grado III a IV (tres a cuatro) en la ciudad Capital de San Juan e intensidad de II a III (dos a tres) en la ciudad Capital de Mendoza","nam":"San Juan","magnitud":4.6,"categoria":"Rango magnitud 4-5"},"bbox":[-67.675,-31.327,-67.675,-31.327]},{"type":"Feature","id":"inpres_sismos.199","geometry":{"type":"Point","coordinates":[-64.902,-23.897]},"geometry_name":"geom","properties":{"gid":199,"fecha":"12/8/2015","lat":-23.896999999999998,"long":-64.902000000000001,"profund":"10 Km.","intensidad":"La intensidad del sismo en la escala de Mercalli Modificada alcanzo el grado de III a IV (tres a cuatro) en localidades cercanas al epicentro.","nam":"Jujuy","magnitud":4.1,"categoria":"Rango magnitud 4-5"},"bbox":[-64.902,-23.897,-64.902,-23.897]},{"type":"Feature","id":"inpres_sismos.200","geometry":{"type":"Point","coordinates":[-68.453,-30.067]},"geometry_name":"geom","properties":{"gid":200,"fecha":"1/8/2015","lat":-30.067,"long":-68.453000000000003,"profund":"10 Km.","intensidad":"El sismo fue percibido con intensidad III a IV en escala Mercalli Modificada en las localidades cercanas al epicentro.","nam":"San Juan","magnitud":4.8,"categoria":"Rango magnitud 4-5"},"bbox":[-68.453,-30.067,-68.453,-30.067]},{"type":"Feature","id":"inpres_sismos.201","geometry":{"type":"Point","coordinates":[-68.226,-32.183]},"geometry_name":"geom","properties":{"gid":201,"fecha":"7/5/2015","lat":-32.183,"long":-68.225999999999999,"profund":"15 Km.","intensidad":"La intensidad del sismo en la escala Mercalli Modificada alcanzo el grado III a IV (tres a cuatro) en la ciudad de San Juan.","nam":"Mendoza","magnitud":4.6,"categoria":"Rango magnitud 4-5"},"bbox":[-68.226,-32.183,-68.226,-32.183]},{"type":"Feature","id":"inpres_sismos.202","geometry":{"type":"Point","coordinates":[-70.079,-30.489]},"geometry_name":"geom","properties":{"gid":202,"fecha":"31/3/2015","lat":-30.489000000000001,"long":-70.078999999999994,"profund":"10 Km.","intensidad":"La intensidad del sismo en la Escala Mercalli Modificada fue del grado III a IV (tres a cuatro) en la ciudad de Jachal y en las localidades de Iglesia y Rodeo, y el grado II a III (dos a tres) en la ciudad de San Juan.","nam":"San Juan","magnitud":4.5,"categoria":"Rango magnitud 4-5"},"bbox":[-70.079,-30.489,-70.079,-30.489]},{"type":"Feature","id":"inpres_sismos.203","geometry":{"type":"Point","coordinates":[-65.487,-28.638]},"geometry_name":"geom","properties":{"gid":203,"fecha":"19/3/2015","lat":-28.638000000000002,"long":-65.486999999999995,"profund":"17 Km.","intensidad":"La intensidad del sismo en la escala Mercalli Modificada alcanzó el grado III a IV (tres a cuatro) en las localidades de Frías y de San Fernando del Valle de Catamarca","nam":"Catamarca","magnitud":3.3,"categoria":"Rango magnitud 3-4"},"bbox":[-65.487,-28.638,-65.487,-28.638]},{"type":"Feature","id":"inpres_sismos.204","geometry":{"type":"Point","coordinates":[-71.151,-37.839]},"geometry_name":"geom","properties":{"gid":204,"fecha":"12/3/2015","lat":-37.838999999999999,"long":-71.150999999999996,"profund":"8 Km.","intensidad":"La intensidad del sismo en la escala Mercalli Modificada alcanzó el grado III a IV (tres a cuatro) en la ciudad de Caviahue, provincia de Neuquén.","nam":"Neuquén","magnitud":3.8,"categoria":"Rango magnitud 3-4"},"bbox":[-71.151,-37.839,-71.151,-37.839]},{"type":"Feature","id":"inpres_sismos.205","geometry":{"type":"Point","coordinates":[-64.344,-31.157]},"geometry_name":"geom","properties":{"gid":205,"fecha":"28/11/2014","lat":-31.157,"long":-64.343999999999994,"profund":"24 Km.","intensidad":"La intensidad en la escala Mercalli Modificada alcanzó el grado III a IV (tres a cuatro) en zonas cercanas al epicentro.","nam":"Córdoba","magnitud":4,"categoria":"Rango magnitud 4-5"},"bbox":[-64.344,-31.157,-64.344,-31.157]},{"type":"Feature","id":"inpres_sismos.206","geometry":{"type":"Point","coordinates":[-64.841,-24.083]},"geometry_name":"geom","properties":{"gid":206,"fecha":"16/10/2014","lat":-24.082999999999998,"long":-64.840999999999994,"profund":"13 Km.","intensidad":"La intensidad del sismo en la escala Mercalli Modificada alcanzo el grado IV (cuatro) en las ciudades de San Pedro y San Salvador, y el grado III (tres) en la ciudad capital de Salta.","nam":"Jujuy","magnitud":4,"categoria":"Rango magnitud 4-5"},"bbox":[-64.841,-24.083,-64.841,-24.083]},{"type":"Feature","id":"inpres_sismos.207","geometry":{"type":"Point","coordinates":[-68.447,-31.33]},"geometry_name":"geom","properties":{"gid":207,"fecha":"6/10/2014","lat":-31.329999999999998,"long":-68.447000000000003,"profund":"116 Km.","intensidad":"La intensidad del sismo en la escala Mercalli Modificada alcanzó el grado III a IV (tres a cuatro) en la ciudad capital de San Juan.","nam":"San Juan","magnitud":4.8,"categoria":"Rango magnitud 4-5"},"bbox":[-68.447,-31.33,-68.447,-31.33]},{"type":"Feature","id":"inpres_sismos.208","geometry":{"type":"Point","coordinates":[-68.638,-54.661]},"geometry_name":"geom","properties":{"gid":208,"fecha":"27/8/2014","lat":-54.661000000000001,"long":-68.638000000000005,"profund":"35 Km.","intensidad":"La intensidad del sismo en la escala Mercalli Modificada alcanzó el grado III a IV en la ciudad de Ushuaia y localidades cercanas al epicentro. Se registraron réplicas de menor intensidad a las: 04h 50m; 04h 59m; 05h 10m y 05h 28m","nam":"Tierra del Fuego, Antártida e Islas del Atlántico Sur","magnitud":3.5,"categoria":"Rango magnitud 3-4"},"bbox":[-68.638,-54.661,-68.638,-54.661]},{"type":"Feature","id":"inpres_sismos.209","geometry":{"type":"Point","coordinates":[-64.978,-24.256]},"geometry_name":"geom","properties":{"gid":209,"fecha":"16/7/2014","lat":-24.256,"long":-64.977999999999994,"profund":"28 Km.","intensidad":"La intensidad del sismo en la escala Mercalli Modificada alcanzó el grado IV (cuatro) en la ciudad de San Pedro y III (tres) en la ciudad capital de San Salvador de Jujuy.","nam":"Jujuy","magnitud":4.5,"categoria":"Rango magnitud 4-5"},"bbox":[-64.978,-24.256,-64.978,-24.256]},{"type":"Feature","id":"inpres_sismos.210","geometry":{"type":"Point","coordinates":[-65.953,-28.152]},"geometry_name":"geom","properties":{"gid":210,"fecha":"25/6/2014","lat":-28.152000000000001,"long":-65.953000000000003,"profund":"18 Km.","intensidad":"La intensidad del sismo en la escala Mercalli Modificada alcanzó el grado III a IV (tres a cuatro) en la ciudad capital de San Fernando de Catamarca.","nam":"Catamarca","magnitud":4.4,"categoria":"Rango magnitud 4-5"},"bbox":[-65.953,-28.152,-65.953,-28.152]},{"type":"Feature","id":"inpres_sismos.211","geometry":{"type":"Point","coordinates":[-68.973,-31.394]},"geometry_name":"geom","properties":{"gid":211,"fecha":"8/6/2014","lat":-31.393999999999998,"long":-68.972999999999999,"profund":"108 Km.","intensidad":"La intensidad del sismo en la escala Mercalli Modificada alcanzó el grado IV (cuatro) en la ciudad de San Juan.","nam":"San Juan","magnitud":5,"categoria":"Rango magnitud 5-6"},"bbox":[-68.973,-31.394,-68.973,-31.394]},{"type":"Feature","id":"inpres_sismos.212","geometry":{"type":"Point","coordinates":[-66.638,-31.211]},"geometry_name":"geom","properties":{"gid":212,"fecha":"8/6/2014","lat":-31.210999999999999,"long":-66.638000000000005,"profund":"10 Km.","intensidad":"La intensidad en la escala Mercalli modificada alcanzo el grado III a IV (tres a cuatro) en la localidad de Chepes.","nam":"La Rioja","magnitud":4.9,"categoria":"Rango magnitud 4-5"},"bbox":[-66.638,-31.211,-66.638,-31.211]},{"type":"Feature","id":"inpres_sismos.213","geometry":{"type":"Point","coordinates":[-68.167,-34.355]},"geometry_name":"geom","properties":{"gid":213,"fecha":"5/5/2014","lat":-34.354999999999997,"long":-68.167000000000002,"profund":"16 Km.","intensidad":"El sismo fue percibido con intensidad III a IV (tres a cuatro) de la escala Mercalli Modificada en la ciudad de San Rafael. La intensidad del sismo en la escala Mercalli Modificada alcanzó el grado III a IV (tres a cuatro) en la ciudad de San Rafael.","nam":"Mendoza","magnitud":3.8,"categoria":"Rango magnitud 3-4"},"bbox":[-68.167,-34.355,-68.167,-34.355]},{"type":"Feature","id":"inpres_sismos.214","geometry":{"type":"Point","coordinates":[-70.513,-31.445]},"geometry_name":"geom","properties":{"gid":214,"fecha":"4/4/2014","lat":-31.445,"long":-70.513000000000005,"profund":"130 Km.","intensidad":"La intensidad del sismo en la escala Mercalli Modificada alcanzó el grado IV (cuatro) en la ciudad de San Juan.","nam":"San Juan","magnitud":5.3,"categoria":"Rango magnitud 5-6"},"bbox":[-70.513,-31.445,-70.513,-31.445]},{"type":"Feature","id":"inpres_sismos.215","geometry":{"type":"Point","coordinates":[-68.86,-29.214]},"geometry_name":"geom","properties":{"gid":215,"fecha":"27/3/2014","lat":-29.213999999999999,"long":-68.859999999999999,"profund":"21 Km.","intensidad":"La intensidad en la escala Mercalli Modificada alcanzo el grado IV a V (cuatro a cinco) en Villa Union, Vinchina y Villa Castelli, el grado III a IV (tres a cuatro) en la ciudad de La Rioja y el grado III (tres) en la ciudad de San Juan.","nam":"La Rioja","magnitud":5.7,"categoria":"Rango magnitud 5-6"},"bbox":[-68.86,-29.214,-68.86,-29.214]},{"type":"Feature","id":"inpres_sismos.216","geometry":{"type":"Point","coordinates":[-68.678,-31.226]},"geometry_name":"geom","properties":{"gid":216,"fecha":"27/2/2014","lat":-31.225999999999999,"long":-68.677999999999997,"profund":"111 Km.","intensidad":"La intensidad del evento en la escala Mercalli Modificada alcanzó el grado de III a IV (tres a cuatro) en la ciudad de San juan","nam":"San Juan","magnitud":4.8,"categoria":"Rango magnitud 4-5"},"bbox":[-68.678,-31.226,-68.678,-31.226]},{"type":"Feature","id":"inpres_sismos.217","geometry":{"type":"Point","coordinates":[-69.928,-32.484]},"geometry_name":"geom","properties":{"gid":217,"fecha":"2/2/2014","lat":-32.484000000000002,"long":-69.927999999999997,"profund":"126 Km.","intensidad":"El sismo fue percibido con intensidad de III a IV (tres a cuatro) grados en la escala Mercalli Modificada en la ciudad de Mendoza.","nam":"San Juan","magnitud":4.6,"categoria":"Rango magnitud 4-5"},"bbox":[-69.928,-32.484,-69.928,-32.484]},{"type":"Feature","id":"inpres_sismos.218","geometry":{"type":"Point","coordinates":[-64.361,-27.56]},"geometry_name":"geom","properties":{"gid":218,"fecha":"30/1/2014","lat":-27.559999999999999,"long":-64.361000000000004,"profund":"35 Km.","intensidad":"El sismo alcanzo en la Escala Mercalli Modificada el grado III a IV (tres a cuatro) para la ciudad de Santiago del Estero.","nam":"Santiago del Estero","magnitud":3.9,"categoria":"Rango magnitud 3-4"},"bbox":[-64.361,-27.56,-64.361,-27.56]},{"type":"Feature","id":"inpres_sismos.219","geometry":{"type":"Point","coordinates":[-66.915,-29.211]},"geometry_name":"geom","properties":{"gid":219,"fecha":"17/1/2014","lat":-29.210999999999999,"long":-66.915000000000006,"profund":"16 Km.","intensidad":"La intensidad del sismo en la escala Mercalli Modificada alcanzó el grado III a IV (tres a cuatro) en la ciudad capital de La Rioja","nam":"La Rioja","magnitud":4.2,"categoria":"Rango magnitud 4-5"},"bbox":[-66.915,-29.211,-66.915,-29.211]},{"type":"Feature","id":"inpres_sismos.220","geometry":{"type":"Point","coordinates":[-68.206,-31.129]},"geometry_name":"geom","properties":{"gid":220,"fecha":"15/1/2014","lat":-31.129000000000001,"long":-68.206000000000003,"profund":"116 Km.","intensidad":"La intensidad del sismo en la escala Mercalli Modificada alcanzó el grado IV a V (cuatro a cinco) en la ciudad capital de San Juan","nam":"San Juan","magnitud":5.6,"categoria":"Rango magnitud 5-6"},"bbox":[-68.206,-31.129,-68.206,-31.129]},{"type":"Feature","id":"inpres_sismos.221","geometry":{"type":"Point","coordinates":[-69.279,-31.396]},"geometry_name":"geom","properties":{"gid":221,"fecha":"9/12/2013","lat":-31.396000000000001,"long":-69.278999999999996,"profund":"114 Km.","intensidad":"La intensidad en la Escala Mercalli Modificada alcanzo el grado III a IV (tres a cuatro) para la ciudad de San Juan y III (tres) para la ciudad de Mendoza.","nam":"San Juan","magnitud":5.3,"categoria":"Rango magnitud 5-6"},"bbox":[-69.279,-31.396,-69.279,-31.396]},{"type":"Feature","id":"inpres_sismos.222","geometry":{"type":"Point","coordinates":[-69.033,-31.556]},"geometry_name":"geom","properties":{"gid":222,"fecha":"6/12/2013","lat":-31.556000000000001,"long":-69.033000000000001,"profund":"126 Km.","intensidad":"La intensidad del sismo en la escala Mercalli Modificada alcanzó el grado III a IV (tres a cuatro) en la ciudad de San Juan.","nam":"San Juan","magnitud":4.8,"categoria":"Rango magnitud 4-5"},"bbox":[-69.033,-31.556,-69.033,-31.556]},{"type":"Feature","id":"inpres_sismos.223","geometry":{"type":"Point","coordinates":[-64.693,-27.902]},"geometry_name":"geom","properties":{"gid":223,"fecha":"11/10/2013","lat":-27.902000000000001,"long":-64.692999999999998,"profund":"8 Km.","intensidad":"La intensidad del sismo fue III a IV (tres a cuatro) en la zona epicentral.","nam":"Santiago del Estero","magnitud":4.6,"categoria":"Rango magnitud 4-5"},"bbox":[-64.693,-27.902,-64.693,-27.902]},{"type":"Feature","id":"inpres_sismos.224","geometry":{"type":"Point","coordinates":[-65.753,-28.079]},"geometry_name":"geom","properties":{"gid":224,"fecha":"10/10/2013","lat":-28.079000000000001,"long":-65.753,"profund":"33 Km.","intensidad":"La intensidad del sismo en la escala Mercalli Modificada alcanzó el grado III a IV(tres a cuatro) en la ciudad de San Fernando del Valle de Catamarca. El epicentro se ubicó a 43 Km al norte de la ciudad de San Fernando del Valle de Catamarca.","nam":"Catamarca","magnitud":4.8,"categoria":"Rango magnitud 4-5"},"bbox":[-65.753,-28.079,-65.753,-28.079]},{"type":"Feature","id":"inpres_sismos.225","geometry":{"type":"Point","coordinates":[-64.973,-31.719]},"geometry_name":"geom","properties":{"gid":225,"fecha":"11/9/2013","lat":-31.719000000000001,"long":-64.972999999999999,"profund":"20 Km.","intensidad":"La Intensidad en la Escala Mercalli Modificada alcanzo el grado III a IV (tres a cuatro) en las localidades cercanas al epicentro.","nam":"Córdoba","magnitud":4.9,"categoria":"Rango magnitud 4-5"},"bbox":[-64.973,-31.719,-64.973,-31.719]},{"type":"Feature","id":"inpres_sismos.226","geometry":{"type":"Point","coordinates":[-71.08,-37.839]},"geometry_name":"geom","properties":{"gid":226,"fecha":"23/8/2013","lat":-37.838999999999999,"long":-71.079999999999998,"profund":"20 Km.","intensidad":"La intensidad del sismo en la escala Mercalli Modificada alcanzo el grado III a IV (tres a cuatro) en la localidad de Caviahue.","nam":"Neuquén","magnitud":3.8,"categoria":"Rango magnitud 3-4"},"bbox":[-71.08,-37.839,-71.08,-37.839]},{"type":"Feature","id":"inpres_sismos.227","geometry":{"type":"Point","coordinates":[-68.95,-33.062]},"geometry_name":"geom","properties":{"gid":227,"fecha":"12/8/2013","lat":-33.061999999999998,"long":-68.950000000000003,"profund":"21 Km.","intensidad":"El evento tuvo una intensidad en la escala Mercalli Modificada de III a IV (tres a cuatro) grados en la ciudad de Mendoza.","nam":"Mendoza","magnitud":3.7,"categoria":"Rango magnitud 3-4"},"bbox":[-68.95,-33.062,-68.95,-33.062]},{"type":"Feature","id":"inpres_sismos.228","geometry":{"type":"Point","coordinates":[-65.36,-26.727]},"geometry_name":"geom","properties":{"gid":228,"fecha":"16/7/2013","lat":-26.727,"long":-65.359999999999999,"profund":"21 Km.","intensidad":"La intensidad del sismo en la escala Mercalli Modificada alcanzo el grado IV (cuatro) en la ciudad de San Miguel de Tucuman.","nam":"Tucumán","magnitud":4.2,"categoria":"Rango magnitud 4-5"},"bbox":[-65.36,-26.727,-65.36,-26.727]},{"type":"Feature","id":"inpres_sismos.229","geometry":{"type":"Point","coordinates":[-66.768,-34.276]},"geometry_name":"geom","properties":{"gid":229,"fecha":"13/7/2013","lat":-34.276000000000003,"long":-66.768000000000001,"profund":"5 Km.","intensidad":"La intensidad del sismo en la escala Mercalli Modificada, alcanzó el grado III a IV (tres a cuatro) en la ciudad de Villa Mercedes, provincia de San Luis.","nam":"San Luis","magnitud":4.2,"categoria":"Rango magnitud 4-5"},"bbox":[-66.768,-34.276,-66.768,-34.276]},{"type":"Feature","id":"inpres_sismos.230","geometry":{"type":"Point","coordinates":[-67.856,-32.751]},"geometry_name":"geom","properties":{"gid":230,"fecha":"4/7/2013","lat":-32.750999999999998,"long":-67.855999999999995,"profund":"15 Km.","intensidad":"La intensidad del simo en la escala Mercalli Modificada alcanzó el grado III a IV (tres a cuatro) en las zonas cercanas al epicentro y el grado III (tres) en la ciudad capital de Mendoza.","nam":"Mendoza","magnitud":4.2,"categoria":"Rango magnitud 4-5"},"bbox":[-67.856,-32.751,-67.856,-32.751]},{"type":"Feature","id":"inpres_sismos.231","geometry":{"type":"Point","coordinates":[-65.057,-31.353]},"geometry_name":"geom","properties":{"gid":231,"fecha":"1/7/2013","lat":-31.353000000000002,"long":-65.057000000000002,"profund":"10 Km.","intensidad":"La intensidad del sismo en la escala Mercalli Modificada alcanzó el gado III a IV (tres a cuatro) en Salsacate y localidades cercanas al epicentro.","nam":"Córdoba","magnitud":3.7,"categoria":"Rango magnitud 3-4"},"bbox":[-65.057,-31.353,-65.057,-31.353]},{"type":"Feature","id":"inpres_sismos.232","geometry":{"type":"Point","coordinates":[-70.252,-32.646]},"geometry_name":"geom","properties":{"gid":232,"fecha":"19/6/2013","lat":-32.646000000000001,"long":-70.251999999999995,"profund":"119 Km.","intensidad":"La intensidad en la escala Mercalli Modicada alcanzó el grado III a IV (tres a cuatro) en la ciudad de Mendoza, y III (tres) en la ciudad de San Juan.","nam":"República de Chile","magnitud":5.4,"categoria":"Rango magnitud 5-6"},"bbox":[-70.252,-32.646,-70.252,-32.646]},{"type":"Feature","id":"inpres_sismos.233","geometry":{"type":"Point","coordinates":[-67.593,-34.961]},"geometry_name":"geom","properties":{"gid":233,"fecha":"10/4/2013","lat":-34.960999999999999,"long":-67.593000000000004,"profund":"25 Km.","intensidad":"La intensidad del sismo alcanzo el grado III a IV (tres a cuatro) en la ciudad de General Alvear y el grado II a III (dos a tres) en la ciudad de San Rafael.","nam":"Mendoza","magnitud":3.6,"categoria":"Rango magnitud 3-4"},"bbox":[-67.593,-34.961,-67.593,-34.961]},{"type":"Feature","id":"inpres_sismos.234","geometry":{"type":"Point","coordinates":[-64.739,-23.693]},"geometry_name":"geom","properties":{"gid":234,"fecha":"9/4/2013","lat":-23.693000000000001,"long":-64.739000000000004,"profund":"27 Km.","intensidad":"La intensidad del sismo en la escala Mercalli Modificada alcanzó el grado III a IV (tres a cuatro) en las localidades cercanas al epicentro.","nam":"Jujuy","magnitud":4.7,"categoria":"Rango magnitud 4-5"},"bbox":[-64.739,-23.693,-64.739,-23.693]},{"type":"Feature","id":"inpres_sismos.235","geometry":{"type":"Point","coordinates":[-68.184,-31.668]},"geometry_name":"geom","properties":{"gid":235,"fecha":"5/3/2013","lat":-31.667999999999999,"long":-68.183999999999997,"profund":"27 Km.","intensidad":"La intensidad del sismo en la escala Mercalli Modificada alcanzó el grado IV (cuatro) en la ciudad de San Juan.","nam":"San Juan","magnitud":4.9,"categoria":"Rango magnitud 4-5"},"bbox":[-68.184,-31.668,-68.184,-31.668]},{"type":"Feature","id":"inpres_sismos.236","geometry":{"type":"Point","coordinates":[-67.51,-29.067]},"geometry_name":"geom","properties":{"gid":236,"fecha":"12/2/2013","lat":-29.067,"long":-67.510000000000005,"profund":"16 Km.","intensidad":"La intensidad del sismo en la escala Mercalli Modificada alcanzó el grado III a IV (tres a cuatro) en la localidad de Famatina y en la ciudad de Chilecito.","nam":"La Rioja","magnitud":4.8,"categoria":"Rango magnitud 4-5"},"bbox":[-67.51,-29.067,-67.51,-29.067]},{"type":"Feature","id":"inpres_sismos.237","geometry":{"type":"Point","coordinates":[-70.885,-28.273]},"geometry_name":"geom","properties":{"gid":237,"fecha":"30/1/2013","lat":-28.273,"long":-70.885000000000005,"profund":"28 Km.","intensidad":"La intensidad del sismo en la escala Mercalli Modificada fue de III a IV (tres a cuatro) en las ciudades de La Rioja y San Juan y III (tres) en la ciudad de Mendoza.","nam":"República de Chile","magnitud":6.6,"categoria":"Rango magnitud 6-7"},"bbox":[-70.885,-28.273,-70.885,-28.273]},{"type":"Feature","id":"inpres_sismos.238","geometry":{"type":"Point","coordinates":[-65.284,-24.295]},"geometry_name":"geom","properties":{"gid":238,"fecha":"25/1/2013","lat":-24.295000000000002,"long":-65.284000000000006,"profund":"39 Km.","intensidad":"La intensidad del sismo en la escala Mercalli Modificada alcanzó el grado IV ( cuatro) en la ciudad de San Salvador de Jujuy y III (tres) en la ciudad de Salta.","nam":"Jujuy","magnitud":4.8,"categoria":"Rango magnitud 4-5"},"bbox":[-65.284,-24.295,-65.284,-24.295]},{"type":"Feature","id":"inpres_sismos.240","geometry":{"type":"Point","coordinates":[-65.155,-31.403]},"geometry_name":"geom","properties":{"gid":240,"fecha":"28/12/2012","lat":-31.402999999999999,"long":-65.155000000000001,"profund":"12 Km.","intensidad":"La intensidad del sismo en la escala Mercalli Modificada alcanzó el grado IV (cuatro) en Salsacate y localidades cercanas al epicentro, y II a III (dos a tres) en la ciudad de Córdoba capital.","nam":"Córdoba","magnitud":4.9,"categoria":"Rango magnitud 4-5"},"bbox":[-65.155,-31.403,-65.155,-31.403]},{"type":"Feature","id":"inpres_sismos.241","geometry":{"type":"Point","coordinates":[-69.106,-32.91]},"geometry_name":"geom","properties":{"gid":241,"fecha":"28/11/2012","lat":-32.909999999999997,"long":-69.105999999999995,"profund":"8 Km.","intensidad":"La intensidad en la escala Mercalli Modificada alcanzó el grado III a IV (tres a cuaatro) en la ciudad de Mendoza y zonas cercanas al epicentro.","nam":"Mendoza","magnitud":4.6,"categoria":"Rango magnitud 4-5"},"bbox":[-69.106,-32.91,-69.106,-32.91]},{"type":"Feature","id":"inpres_sismos.242","geometry":{"type":"Point","coordinates":[-65.007,-23.94]},"geometry_name":"geom","properties":{"gid":242,"fecha":"1/11/2012","lat":-23.940000000000001,"long":-65.007000000000005,"profund":"10 Km.","intensidad":"La intensidad en la escala Mercalli Modificada alcanzó el grado III a IV (tres a cuatro) en las zonas cercanas al epicentro","nam":"Córdoba","magnitud":4.4,"categoria":"Rango magnitud 4-5"},"bbox":[-65.007,-23.94,-65.007,-23.94]},{"type":"Feature","id":"inpres_sismos.243","geometry":{"type":"Point","coordinates":[-70.576,-32.914]},"geometry_name":"geom","properties":{"gid":243,"fecha":"11/10/2012","lat":-32.914000000000001,"long":-70.575999999999993,"profund":"118 Km.","intensidad":"La intensidad del sismo en la escala Mercalli Modificada alcanzó el grado III a IV (tres a cuatro) en la ciudad de Mendoza y el grado III (tres) en la ciudad de San Juan.","nam":"República de Chile","magnitud":5.7,"categoria":"Rango magnitud 5-6"},"bbox":[-70.576,-32.914,-70.576,-32.914]},{"type":"Feature","id":"inpres_sismos.244","geometry":{"type":"Point","coordinates":[-68.35,-31.875]},"geometry_name":"geom","properties":{"gid":244,"fecha":"11/9/2012","lat":-31.875,"long":-68.349999999999994,"profund":"124 Km.","intensidad":"La Intensidad del sismo en la escala Mercalli Modificada alcanzo el grado III a IV (tres a cuatro) en las zonas cercanas al epicentro y el grado III (tres) en las ciudades de San Juan y Mendoza.","nam":"San Juan","magnitud":5.2,"categoria":"Rango magnitud 5-6"},"bbox":[-68.35,-31.875,-68.35,-31.875]},{"type":"Feature","id":"inpres_sismos.245","geometry":{"type":"Point","coordinates":[-68.205,-32.887]},"geometry_name":"geom","properties":{"gid":245,"fecha":"29/8/2012","lat":-32.887,"long":-68.204999999999998,"profund":"15 Km.","intensidad":"La Intensidad en la Escala Mercalli Modificada alcanzó el grado III a IV (tres a cuatro) en la ciudad de San Martín y zonas aledañas, y el grado III (tres) en la ciudad capital de Mendoza.","nam":"Mendoza","magnitud":3.9,"categoria":"Rango magnitud 3-4"},"bbox":[-68.205,-32.887,-68.205,-32.887]},{"type":"Feature","id":"inpres_sismos.246","geometry":{"type":"Point","coordinates":[-64.885,-24.129]},"geometry_name":"geom","properties":{"gid":246,"fecha":"8/8/2012","lat":-24.129000000000001,"long":-64.885000000000005,"profund":"14 Km.","intensidad":"La intensidad del sismo en la escala Mercalli Modificada alcanzó el grado III a IV (tres a cuatro) en la ciudad de San Pedro y III (tres) en San Salvador de Jujuy.","nam":"Jujuy","magnitud":3.9,"categoria":"Rango magnitud 3-4"},"bbox":[-64.885,-24.129,-64.885,-24.129]},{"type":"Feature","id":"inpres_sismos.247","geometry":{"type":"Point","coordinates":[-68.838,-31.68]},"geometry_name":"geom","properties":{"gid":247,"fecha":"1/6/2012","lat":-31.68,"long":-68.837999999999994,"profund":"9 Km.","intensidad":"La Intensidad del sismo en la Escala Mercalli Modicada alcanzó el grado III a IV (tres a cuatro) en la ciudad de San Juan.","nam":"San Juan","magnitud":4.1,"categoria":"Rango magnitud 4-5"},"bbox":[-68.838,-31.68,-68.838,-31.68]},{"type":"Feature","id":"inpres_sismos.248","geometry":{"type":"Point","coordinates":[-72.335,-35.135]},"geometry_name":"geom","properties":{"gid":248,"fecha":"25/3/2012","lat":-35.134999999999998,"long":-72.334999999999994,"profund":"48 Km.","intensidad":"La intensidad en la escala Mercalli Modificada alcanzo el grado III a IV (tres a cuatro) en la ciudad de Mendoza y el grado II a III en la ciudad de San Juan.","nam":"Chile","magnitud":6.8,"categoria":"Rango magnitud 6-7"},"bbox":[-72.335,-35.135,-72.335,-35.135]},{"type":"Feature","id":"inpres_sismos.249","geometry":{"type":"Point","coordinates":[-69.356,-31.536]},"geometry_name":"geom","properties":{"gid":249,"fecha":"1/3/2012","lat":-31.536000000000001,"long":-69.355999999999995,"profund":"108 Km.","intensidad":"La intensidad del sismo en la escala Mercalli Modificada alcanzó el grado III (tres) a IV (cuatro) en la ciudad de San Juan.","nam":"San Juan","magnitud":4.5,"categoria":"Rango magnitud 4-5"},"bbox":[-69.356,-31.536,-69.356,-31.536]},{"type":"Feature","id":"inpres_sismos.250","geometry":{"type":"Point","coordinates":[-68.378,-31.831]},"geometry_name":"geom","properties":{"gid":250,"fecha":"18/1/2012","lat":-31.831,"long":-68.378,"profund":"16 Km.","intensidad":"La intensidad del sismo en la escala Mercalli Modificada alcanzó el grado IV (cuatro) en la ciudad de San Juan.","nam":"San Juan","magnitud":4.5,"categoria":"Rango magnitud 4-5"},"bbox":[-68.378,-31.831,-68.378,-31.831]}],"totalFeatures":250,"numberMatched":250,"numberReturned":250,"timeStamp":"2026-06-25T13:46:28.266Z","crs":{"type":"name","properties":{"name":"urn:ogc:def:crs:EPSG::4326"}},"bbox":[-73.265,-54.661,-58.483,-22.29]}