Registro,Tipo,Denominacion,Provincia,FIR,RWY,Dimensiones,Superficie,Elevacion,Ubicacion,lat_fuente,lon_fuente,criterio_visual,dentro_argentina,dentro_provincia,provincia_geometrica,estado_revision,motivo_revision,observacion,lat_corregida,lon_corregida,desplazamiento_m,fecha_revision
176,LAD,EL ADUAR,SANTA FE,Resistencia (SARR),10/28,700m. x 30m.,TIERRA,60 mts.,"25 Km. al NW de INTIYACO, Provincia de SANTA FE.",-28.574444,-60.2625,Verificar que el punto coincida aproximadamente con el centro/eje de la pista declarada.,,,,,,,,,,
245,LAD,EO. 10 NOVIEMBRE,BUENOS AIRES,Ezeiza (SAEF),17/35,1000m. x 30m.,TIERRA,73 mts.,"2 Km. al SSW de CARLOS TEJEDOR, Provincia de BUENOS AIRES.",-35.58,-62.481667,Verificar que el punto coincida aproximadamente con el centro/eje de la pista declarada.,,,,,,,,,,
380,LAD,EA. ALEGRIA,FORMOSA,Resistencia (SARR),18/36,940m. x 30m.,TIERRA,72 mts.,"11 Km. al E de GRAN GUARDIA, Provincia de FORMOSA.",-25.866667,-58.666667,Verificar que el punto coincida aproximadamente con el centro/eje de la pista declarada.,,,,,,,,,,
451,LAD,EA. EL CENCERRO,SANTA FE,Ezeiza (SAEF),02/20,1200m. x 30m.,TIERRA,50 mts.,"5 Km. al NE de MARCELINO ESCALADA, Provincia de SANTA FE.",-30.533333,-60.433333,Verificar que el punto coincida aproximadamente con el centro/eje de la pista declarada.,,,,,,,,,,
496,LAD,EA. EL PINOCHO,ENTRE RÍOS,Ezeiza (SAEF),02/20,930m. x 40m.,TIERRA,17 mts.,"15 Km. al NE de ALDEA SAN ANTONIO, Provincia de ENTRE RÍOS.",-32.566667,-58.516667,Verificar que el punto coincida aproximadamente con el centro/eje de la pista declarada.,,,,,,,,,,
513,LAD,EA. EL REY,SALTA,Córdoba (SACF),09/27,800m. x 80m.,TIERRA,733 mts.,"36 Km. al W de LAS LAJITAS, Provincia de SALTA.",-24.783333,-64.533333,Verificar que el punto coincida aproximadamente con el centro/eje de la pista declarada.,,,,,,,,,,
529,LAD,EA. ITA-CAABO,CORRIENTES,Resistencia (SARR),01/19,1000m. x 40m.,TIERRA,80 mts.,"36 Km. al ESE de MERCEDES, Provincia de CORRIENTES.",-29.289722,-57.726667,Verificar que el punto coincida aproximadamente con el centro/eje de la pista declarada.,,,,,,,,,,
576,LAD,EA. LA DOMINGA,SANTA FE,Ezeiza (SAEF),18/36,800m. x 25m.,TIERRA,25 mts.,"12 Km. al SW de SAN JAVIER, Provincia de SANTA FE.",-30.614722,-59.954722,Verificar que el punto coincida aproximadamente con el centro/eje de la pista declarada.,,,,,,,,,,
578,LAD,EA. LA ELISA,BUENOS AIRES,Ezeiza (SAEF),01/19,1200m. x 40m.,TIERRA,47 mts.,"15 Km. al N de CAPITAN SARMIENTO, Provincia de BUENOS AIRES.",-34.038889,-59.776944,Verificar que el punto coincida aproximadamente con el centro/eje de la pista declarada.,,,,,,,,,,
659,LAD,NUEVA CASTILLA,BUENOS AIRES,Ezeiza (SAEF),14/32,840m. x 40m.,TIERRA,98 mts.,"15 Km. al NNW de MARI LAUQUEN, Provincia de BUENOS AIRES.",-36.05,-63.033333,Verificar que el punto coincida aproximadamente con el centro/eje de la pista declarada.,,,,,,,,,,
682,LAD,EA. LA ROSA,SANTA FE,Ezeiza (SAEF),18/36,1500m. x 25m.,TIERRA,52 mts.,"5 Km. al W de RAMALLON, Provincia de SANTA FE.",-30.659722,-60.561389,Verificar que el punto coincida aproximadamente con el centro/eje de la pista declarada.,,,,,,,,,,
723,LAD,EA. LAS TRES MARIAS-CORRIENTES,CORRIENTES,Resistencia (SARR),18/36,900m. x 30m.,TIERRA,61 mts.,"3 Km. al S de EL SOMBRERO, Provincia de CORRIENTES.",-27.716667,-58.783333,Verificar que el punto coincida aproximadamente con el centro/eje de la pista declarada.,,,,,,,,,,
750,LAD,EA. LOS LEONES,SANTA FE,Ezeiza (SAEF),01/19,1000m. x 35m.,TIERRA,38 mts.,"2 Km. al E de LLAMBI CAMBEL, Provincia de SANTA FE.",-31.166667,-60.716667,Verificar que el punto coincida aproximadamente con el centro/eje de la pista declarada.,,,,,,,,,,
761,LAD,EA. LOS TAMBOS,BUENOS AIRES,Ezeiza (SAEF),02/20,1000m. x 30m.,TIERRA,99 mts.,"9 Km. al W de HERRERA VEGAS, Provincia de BUENOS AIRES.",-36.133333,-61.5,Verificar que el punto coincida aproximadamente con el centro/eje de la pista declarada.,,,,,,,,,,
778,LAD,EA. MONTE DINERO,SANTA CRUZ,Comodoro (SAVF),09/27,1000m. x 30m.,TIERRA,81 mts.,"91 Km. al SSE de RIO GALLEGOS, Provincia de SANTA CRUZ.",-52.3,-68.533333,Verificar que el punto coincida aproximadamente con el centro/eje de la pista declarada.,,,,,,,,,,
829,LAD,EA. SAN JOAQUIN,SANTA FE,Ezeiza (SAEF),01/19,900m. x 40m.,TIERRA,23 mts.,"21 Km. al S de SAN JAVIER, Provincia de SANTA FE.",-30.755278,-59.9975,Verificar que el punto coincida aproximadamente con el centro/eje de la pista declarada.,,,,,,,,,,
938,LAD,EA. TREBOLARES,LA PAMPA,Ezeiza (SAEF),18/36,1250m. x 35m.,TIERRA,115 mts.,"20 Km. al W de GRAL. PICO, Provincia de LA PAMPA.",-35.633333,-63.5,Verificar que el punto coincida aproximadamente con el centro/eje de la pista declarada.,,,,,,,,,,
973,LAD,FRIGORIFICO SANTA ELENA,ENTRE RÍOS,Ezeiza (SAEF),14/32,1300m. x 50m.,TIERRA,60 mts.,"6 Km. al SSE de SANTA ELENA, Provincia de ENTRE RÍOS.",-30.983333,-59.766667,Verificar que el punto coincida aproximadamente con el centro/eje de la pista declarada.,,,,,,,,,,
1025,LAD,INGENIO SAN MARTIN TABACAL,SALTA,Córdoba (SACF),12/30,1550m. x 30m.,TIERRA,300 mts.,"2 Km. al SW de EST TABACAL, Provincia de SALTA.",-23.266667,-64.2,Verificar que el punto coincida aproximadamente con el centro/eje de la pista declarada.,,,,,,,,,,
1063,LAD,LA CALEDONIA,SANTA FE,Córdoba (SACF),02/20,1200m. x 30m.,TIERRA,109 mts.,"8 Km. al E de PIAMONTE, Provincia de SANTA FE.",-32.135556,-61.894444,Verificar que el punto coincida aproximadamente con el centro/eje de la pista declarada.,,,,,,,,,,
1079,LAD,EA. LA FLECHA,CORRIENTES,Resistencia (SARR),03/21,1800m. x 25m.,TIERRA,62 mts.,"4 Km. al N de LOMAS DE VALLEJOS, Provincia de CORRIENTES.",-27.7,-57.925,Verificar que el punto coincida aproximadamente con el centro/eje de la pista declarada.,,,,,,,,,,
1107,LAD,LA MIREYA,SANTA FE,Resistencia (SARR),04/22,1000m. x 50m.,TIERRA,42 mts.,"5 Km. al E de ARROYO CEIBAL, Provincia de SANTA FE.",-28.738889,-59.439722,Verificar que el punto coincida aproximadamente con el centro/eje de la pista declarada.,,,,,,,,,,
1214,LAD,EA. NINA,CORRIENTES,Resistencia (SARR),01/19,500m. x 40m.,TIERRA,59 mts.,"11 Km. al S de PERUGORRIA, Provincia de CORRIENTES.",-29.452778,-58.596944,Verificar que el punto coincida aproximadamente con el centro/eje de la pista declarada.,,,,,,,,,,
1300,LAD,RINCON DE LUNA,CORRIENTES,Resistencia (SARR),18/36,720m. x 30m.,TIERRA,55 mts.,"18 Km. al SSW de TABAY, Provincia de CORRIENTES.",-28.467222,-58.248333,Verificar que el punto coincida aproximadamente con el centro/eje de la pista declarada.,,,,,,,,,,
1309,LAD,ROMANG,SANTA FE,Resistencia (SARR),18/36,750m. x 60m.,TIERRA,43 mts.,"2 Km. al NW de LOCALIDAD, Provincia de SANTA FE.",-29.486944,-59.766111,Verificar que el punto coincida aproximadamente con el centro/eje de la pista declarada.,,,,,,,,,,
1356,LAD,SANTA BARBARA,CORRIENTES,Resistencia (SARR),18/36,1400m. x 30m.,TIERRA,59 mts.,"32 Km. al E de SAN ROQUE, Provincia de CORRIENTES.",-28.592222,-58.379722,Verificar que el punto coincida aproximadamente con el centro/eje de la pista declarada.,,,,,,,,,,
1379,LAD,SELVA,SANTIAGO DEL ESTERO,Córdoba (SACF),04/22,2000m. x 55m.,TIERRA,85 mts.,"28 Km. al WSW de VILLA MINETTI, Provincia de SANTIAGO DEL ESTERO.",-28.725833,-61.880556,Verificar que el punto coincida aproximadamente con el centro/eje de la pista declarada.,,,,,,,,,,
1443,LAD,YATAY,CORRIENTES,Resistencia (SARR),16/34,600m. x 15m.,TIERRA,77 mts.,"35 Km. al N de MERCEDES, Provincia de CORRIENTES.",-28.866667,-58.083333,Verificar que el punto coincida aproximadamente con el centro/eje de la pista declarada.,,,,,,,,,,
1464,LAD,EA. BUENA VISTA,CORRIENTES,Resistencia (SARR),13/31,750m. x 50m.,TIERRA,70 mts.,"22 Km. al NE de CNIA. PELEGRINI, Provincia de CORRIENTES.",-28.45,-56.966667,Verificar que el punto coincida aproximadamente con el centro/eje de la pista declarada.,,,,,,,,,,
1729,LAD,CERRO VERDE,CORRIENTES,Resistencia (SARR),03/21,1200m. x 30m.,TIERRA,87 mts.,"50 Km. al S de C.PELLEGRINI, Provincia de CORRIENTES.",-28.783333,-57.55,Verificar que el punto coincida aproximadamente con el centro/eje de la pista declarada.,,,,,,,,,,
1872,LAD,EO. LA SUSANA,BUENOS AIRES,Ezeiza (SAEF),01/19,1350m. x 30m.,TIERRA,37 mts.,"15 Km. al NNW de NAVARRO, Provincia de BUENOS AIRES.",-34.904444,-59.3375,Verificar que el punto coincida aproximadamente con el centro/eje de la pista declarada.,,,,,,,,,,
1913,LAD,EA. LORETO,SANTA FE,Ezeiza (SAEF),01/19,1000m. x 30m.,TIERRA,116 mts.,"2 Km. al N de MAGIOLO, Provincia de SANTA FE.",-33.701389,-62.25,Verificar que el punto coincida aproximadamente con el centro/eje de la pista declarada.,,,,,,,,,,
2064,LAD,EA. 13 DE ABRIL,BUENOS AIRES,Ezeiza (SAEF),18/36,900m. x 20m.,TIERRA,84 mts.,"17 Km. al W de SMITH, Provincia de BUENOS AIRES.",-35.5,-61.783333,Verificar que el punto coincida aproximadamente con el centro/eje de la pista declarada.,,,,,,,,,,
2099,LAD,EO. LAS TERESAS,BUENOS AIRES,Ezeiza (SAEF),05/23,1200m. x 30m.,TIERRA,103 mts.,"6 Km. al SW de GERMANIA, Provincia de BUENOS AIRES.",-34.614722,-62.089444,Verificar que el punto coincida aproximadamente con el centro/eje de la pista declarada.,,,,,,,,,,
2100,LAD,EO. EL DESTINO,CORRIENTES,Resistencia (SARR),18/36,1160m. x 30m.,TIERRA,64 mts.,"9 Km. al E de SAUCE, Provincia de CORRIENTES.",-30.076667,-58.695,Verificar que el punto coincida aproximadamente con el centro/eje de la pista declarada.,,,,,,,,,,
2105,LAD,PICHANAL-FRANZINI,SALTA,Córdoba (SACF),05/23,1000m. x 30m.,TIERRA,306 mts.,"3 Km. al SE de PICHANAL, Provincia de SALTA.",-23.338056,-64.238889,Verificar que el punto coincida aproximadamente con el centro/eje de la pista declarada.,,,,,,,,,,
2175,LAD,EA. FATRALO,BUENOS AIRES,Ezeiza (SAEF),15/33,1200m. x 20m.,TIERRA,127 mts.,"26 Km. al NNW de CARHUE, Provincia de BUENOS AIRES.",-36.983333,-62.866667,Verificar que el punto coincida aproximadamente con el centro/eje de la pista declarada.,,,,,,,,,,
2183,LAD,PARQUE NACIONAL LOS ALERCES,CHUBUT,Comodoro (SAVF),13/31,1000m. x 30m.,TIERRA,535 mts.,"23 Km. al W de ESQUEL, Provincia de CHUBUT.",-42.9,-71.6,Verificar que el punto coincida aproximadamente con el centro/eje de la pista declarada.,,,,,,,,,,
2184,LAD,EA. MONTE TRISTE,CHUBUT,Comodoro (SAVF),06/24,600m. x 15m.,TIERRA,239 mts.,"50 Km. al SW de TRELEW, Provincia de CHUBUT.",-43.644722,-65.934444,Verificar que el punto coincida aproximadamente con el centro/eje de la pista declarada.,,,,,,,,,,
2185,LAD,EA. LAS CUEVAS,CÓRDOBA,Mendoza (SAMF),18/36,1000m. x 50m.,TIERRA,337 mts.,"24 Km. al WNW de VILLA SARMIENTO, Provincia de CÓRDOBA.",-34.033333,-64.966667,Verificar que el punto coincida aproximadamente con el centro/eje de la pista declarada.,,,,,,,,,,
2186,LAD,EA. DON ROBERTO,LA PAMPA,Ezeiza (SAEF),18/36,1000m. x 50m.,TIERRA,325 mts.,"33 Km. al WNW de GRAL.ACHA, Provincia de LA PAMPA.",-37.3,-64.883333,Verificar que el punto coincida aproximadamente con el centro/eje de la pista declarada.,,,,,,,,,,
2187,LAD,ORTOPEDIA ALEMANA,BUENOS AIRES,Ezeiza (SAEF),18/36,1000m. x 30m.,TIERRA,61 mts.,"1 Km. al SE de WARNES, Provincia de BUENOS AIRES.",-34.883333,-60.533333,Verificar que el punto coincida aproximadamente con el centro/eje de la pista declarada.,,,,,,,,,,
2188,LAD,EA. HUELUCAN,SAN LUIS,Mendoza (SAMF),18/36,1000m. x 50m.,TIERRA,323 mts.,"8 Km. al SW de BUENA ESPERANZA, Provincia de SAN LUIS.",-34.828056,-65.280278,Verificar que el punto coincida aproximadamente con el centro/eje de la pista declarada.,,,,,,,,,,
2189,LAD,EO. EL PARQUE,BUENOS AIRES,Ezeiza (SAEF),14/32,950m. x 40m.,TIERRA,280 mts.,"12 Km. al S de TANDIL, Provincia de BUENOS AIRES.",-37.4475,-59.121111,Verificar que el punto coincida aproximadamente con el centro/eje de la pista declarada.,,,,,,,,,,
2190,LADH,QUILA QUINA,NEUQUÉN,Ezeiza (SAEF),-,15m. x 15m.,TIERRA,640 mts.,"8 Km. al WSW de SAN M. DE LOS ANDES, Provincia de NEUQUÉN.",-40.167778,-71.438889,Verificar que el punto coincida con el centro del helipuerto o área de aterrizaje.,,,,,,,,,,
2191,LADH,TALLER AYALA,RÍO NEGRO,Ezeiza (SAEF),-,15m. x 10m.,TIERRA,1850 mts.,"18 Km. al WSW de BARILOCHE, Provincia de RÍO NEGRO.",-41.151889,-71.286558,Verificar que el punto coincida con el centro del helipuerto o área de aterrizaje.,,,,,,,,,,
2192,LAD,EA. LANGUEYU,BUENOS AIRES,Ezeiza (SAEF),18/36,560m. x 18m.,TIERRA,280 mts.,"41 Km. al NNE de AYACUCHO, Provincia de BUENOS AIRES.",-36.788056,-58.3575,Verificar que el punto coincida aproximadamente con el centro/eje de la pista declarada.,,,,,,,,,,
2193,LAD,LAS CALAVERAS,BUENOS AIRES,Ezeiza (SAEF),05/23,1200m. x 35m.,TIERRA,137 mts.,"4 Km. al NW de ARANO, Provincia de BUENOS AIRES.",-37.033333,-63.316667,Verificar que el punto coincida aproximadamente con el centro/eje de la pista declarada.,,,,,,,,,,
2194,LAD,EA. EL RANCHITO,BUENOS AIRES,Ezeiza (SAEF),12/30,1100m. x 40m.,TIERRA,40 mts.,"22 Km. al E de ARRECIFES, Provincia de BUENOS AIRES.",-34.033333,-59.863889,Verificar que el punto coincida aproximadamente con el centro/eje de la pista declarada.,,,,,,,,,,
2195,LAD,EA. LA LIMPIA,BUENOS AIRES,Ezeiza (SAEF),01/19,850m. x 30m.,TIERRA,35 mts.,"20 Km. al E de SOLANET(AYACUCHO), Provincia de BUENOS AIRES.",-36.8,-58.266667,Verificar que el punto coincida aproximadamente con el centro/eje de la pista declarada.,,,,,,,,,,
2197,LAD,EO. SAN ANDRES,BUENOS AIRES,Ezeiza (SAEF),04/22,750m. x 30m.,TIERRA,121 mts.,"5 Km. al E de GUAMINI, Provincia de BUENOS AIRES.",-37.027778,-62.366667,Verificar que el punto coincida aproximadamente con el centro/eje de la pista declarada.,,,,,,,,,,
2198,LAD,JUAN JOSE ANGELINI,BUENOS AIRES,Ezeiza (SAEF),14/32,750m. x 50m.,TIERRA,51 mts.,"4 Km. al NW de SAN ANDRES DE GILES, Provincia de BUENOS AIRES.",-34.426944,-59.480383,Verificar que el punto coincida aproximadamente con el centro/eje de la pista declarada.,,,,,,,,,,
2199,LAD,EA. LA VERDE-BS. AS.,BUENOS AIRES,Ezeiza (SAEF),05/23,900m. x 45m.,TIERRA,25 mts.,"17 Km. al W de GRAL.BELGRANO, Provincia de BUENOS AIRES.",-35.816667,-58.65,Verificar que el punto coincida aproximadamente con el centro/eje de la pista declarada.,,,,,,,,,,
2200,LAD,EO. MAMUEL MAPU,LA PAMPA,Ezeiza (SAEF),02/20,1400m. x 40m.,TIERRA,165 mts.,"53 Km. al SW de SANTA ROSA, Provincia de LA PAMPA.",-37.006111,-64.453056,Verificar que el punto coincida aproximadamente con el centro/eje de la pista declarada.,,,,,,,,,,
2202,LAD,EA. UNELEN,BUENOS AIRES,Ezeiza (SAEF),14/32,1200m. x 40m.,TIERRA,99 mts.,"33 Km. al W de TRENQUE LAUQUEN, Provincia de BUENOS AIRES.",-35.968611,-63.125,Verificar que el punto coincida aproximadamente con el centro/eje de la pista declarada.,,,,,,,,,,
2203,LAD,ARROYO MALO,ENTRE RÍOS,Ezeiza (SAEF),02/20,1100m. x 30m.,TIERRA,43 mts.,"13 Km. al SW de BASAVILBASO, Provincia de ENTRE RÍOS.",-32.458333,-58.980556,Verificar que el punto coincida aproximadamente con el centro/eje de la pista declarada.,,,,,,,,,,
2204,LADH,VILLA DEL LAGO,CÓRDOBA,Córdoba (SACF),-,20m. x 20m.,TIERRA,626 mts.,"5 Km. al S de V.CARLOS PAZ, Provincia de CÓRDOBA.",-31.360833,-64.468611,Verificar que el punto coincida con el centro del helipuerto o área de aterrizaje.,,,,,,,,,,
2205,LADH,EO. LOS CORRALES,BUENOS AIRES,Ezeiza (SAEF),-,20m. x 20m.,TIERRA,26 mts.,"6 Km. al N de LUJAN, Provincia de BUENOS AIRES.",-34.513889,-59.111667,Verificar que el punto coincida con el centro del helipuerto o área de aterrizaje.,,,,,,,,,,
2206,LADH,BOSQUE ALEGRE,CÓRDOBA,Córdoba (SACF),-,100m. x 30m.,TIERRA,960 mts.,"14 Km. al NW de SAN ANDRES ARREDONDO, Provincia de CÓRDOBA.",-31.598333,-64.5925,Verificar que el punto coincida con el centro del helipuerto o área de aterrizaje.,,,,,,,,,,
2207,LADH,CUMBRECITA,CÓRDOBA,Córdoba (SACF),-,150m. x 40m.,TIERRA,1319 mts.,"3.5 Km. al NE de CUMBRECITA, Provincia de CÓRDOBA.",-31.866667,-64.740833,Verificar que el punto coincida con el centro del helipuerto o área de aterrizaje.,,,,,,,,,,
2208,LAD,SAN JOSE DE FELICIANO,ENTRE RÍOS,Resistencia (SARR),18/36,1080m. x 30m.,TIERRA,67 mts.,"3 Km. al W de SAN JOSE DE FELICIANO, Provincia de ENTRE RÍOS.",-30.388333,-58.78,Verificar que el punto coincida aproximadamente con el centro/eje de la pista declarada.,,,,,,,,,,
2211,LAD,NICOLA HNOS,CÓRDOBA,Córdoba (SACF),01/19,650m. x 30m.,TIERRA,632 mts.,"1 Km. al NNE de BERROTARAN, Provincia de CÓRDOBA.",-32.452778,-64.385833,Verificar que el punto coincida aproximadamente con el centro/eje de la pista declarada.,,,,,,,,,,
2213,LAD,EA. EL PORVENIR,BUENOS AIRES,Ezeiza (SAEF),09/27,700m. x 30m.,TIERRA,195 mts.,"32 Km. al SE de CORONEL PRINGLES, Provincia de BUENOS AIRES.",-38.125,-61.023611,Verificar que el punto coincida aproximadamente con el centro/eje de la pista declarada.,,,,,,,,,,
2214,LAD,EA. EL INDIO,BUENOS AIRES,Ezeiza (SAEF),09/27,700m. x 30m.,TIERRA,50 mts.,"23 Km. al SE de CORONEL DORREGO, Provincia de BUENOS AIRES.",-38.807222,-61.040278,Verificar que el punto coincida aproximadamente con el centro/eje de la pista declarada.,,,,,,,,,,
2215,LADH,SAN ANTONIO ESTE,RÍO NEGRO,Comodoro (SAVF),-,20m. x 20m.,TIERRA,86 mts.,"15 Km. al SE de SAN ANTONIO OESTE, Provincia de RÍO NEGRO.",-40.666667,-64.833333,Verificar que el punto coincida con el centro del helipuerto o área de aterrizaje.,,,,,,,,,,
2216,LAD,LAS TRES MARIAS,CORRIENTES,Resistencia (SARR),01/19,800m. x 30m.,TIERRA,59 mts.,"32 Km. al S de VOR CORRIENTES, Provincia de CORRIENTES.",-27.743056,-58.775,Verificar que el punto coincida aproximadamente con el centro/eje de la pista declarada.,,,,,,,,,,
2217,LAD,EA. SAN ANTONIO,BUENOS AIRES,Ezeiza (SAEF),04/22,900m. x 40m.,TIERRA,141 mts.,"50 Km. al E de DAIREAUX, Provincia de BUENOS AIRES.",-36.941667,-61.329167,Verificar que el punto coincida aproximadamente con el centro/eje de la pista declarada.,,,,,,,,,,
2218,LAD,EA. SAN BENITO,BUENOS AIRES,Ezeiza (SAEF),09/27,900m. x 30m.,TIERRA,96 mts.,"20 Km. al W de RAUCH, Provincia de BUENOS AIRES.",-36.735,-59.255556,Verificar que el punto coincida aproximadamente con el centro/eje de la pista declarada.,,,,,,,,,,
2219,LAD,EO. LA CARLOTA,BUENOS AIRES,Ezeiza (SAEF),15/33,1700m. x 25m.,TIERRA,143 mts.,"40 Km. al SE de TANDIL, Provincia de BUENOS AIRES.",-37.933333,-59.183333,Verificar que el punto coincida aproximadamente con el centro/eje de la pista declarada.,,,,,,,,,,
2220,LAD,CAMPO AMANECER,BUENOS AIRES,Ezeiza (SAEF),05/23,700m. x 30m.,TIERRA,26 mts.,"20 Km. al S de BARADERO, Provincia de BUENOS AIRES.",-33.972222,-59.526561,Verificar que el punto coincida aproximadamente con el centro/eje de la pista declarada.,,,,,,,,,,
2221,LADH,SAN ROQUE,CÓRDOBA,Córdoba (SACF),-,120m. x 50m.,TIERRA,680 mts.,"6 Km. al N de V.CARLOS PAZ, Provincia de CÓRDOBA.",-31.391389,-64.491111,Verificar que el punto coincida con el centro del helipuerto o área de aterrizaje.,,,,,,,,,,
2222,LAD,EA. SANTA TERESA,ENTRE RÍOS,Ezeiza (SAEF),10/28,1130m. x 25m.,TIERRA,26 mts.,"3.5 Km. al E de ALDEA ASUNCION, Provincia de ENTRE RÍOS.",-32.819722,-59.183056,Verificar que el punto coincida aproximadamente con el centro/eje de la pista declarada.,,,,,,,,,,
2223,LAD,EO. MONTE LEON,BUENOS AIRES,Ezeiza (SAEF),03/21,960m. x 25m.,TIERRA,130 mts.,"30 Km. al SW de SALLIQUELO, Provincia de BUENOS AIRES.",-36.916667,-63.233333,Verificar que el punto coincida aproximadamente con el centro/eje de la pista declarada.,,,,,,,,,,
2225,LAD,EA. SANTA RITA,CÓRDOBA,Córdoba (SACF),01/19,800m. x 50m.,TIERRA,512 mts.,"10 Km. al S de CORONEL BAIGORRIA, Provincia de CÓRDOBA.",-32.933333,-64.3875,Verificar que el punto coincida aproximadamente con el centro/eje de la pista declarada.,,,,,,,,,,
2226,LAD,USPALLATA,MENDOZA,Mendoza (SAMF),15/33,2400m. x 30m.,TIERRA,2029 mts.,"7 Km. al NNW de USPALLATA, Provincia de MENDOZA.",-32.516667,-69.35,Verificar que el punto coincida aproximadamente con el centro/eje de la pista declarada.,,,,,,,,,,
2229,LAD,LA CASUALIDAD,ENTRE RÍOS,Ezeiza (SAEF),14/32,800m. x 30m.,TIERRA,66 mts.,"40 Km. al NW de VILLAGUAY, Provincia de ENTRE RÍOS.",-31.566667,-59.35,Verificar que el punto coincida aproximadamente con el centro/eje de la pista declarada.,,,,,,,,,,
2230,LAD,EL MIRADOR-BS.AS.,BUENOS AIRES,Ezeiza (SAEF),06/24,750m. x 20m.,TIERRA,50 mts.,"18 Km. al SW de SAN ANDRES DE GILES, Provincia de BUENOS AIRES.",-34.538936,-59.585344,Verificar que el punto coincida aproximadamente con el centro/eje de la pista declarada.,,,,,,,,,,
2231,LAD,C.A. BAVIO,BUENOS AIRES,Ezeiza (SAEF),06/24,700m. x 30m.,TIERRA,57 mts.,"34 Km. al SW de LAS FLORES, Provincia de BUENOS AIRES.",-36.233333,-59.368056,Verificar que el punto coincida aproximadamente con el centro/eje de la pista declarada.,,,,,,,,,,
2232,LADH,CAMPAMENTO SAN PEDRITO,SALTA,Córdoba (SACF),-,40m. x 30m.,TIERRA,1050 mts.,"37 Km. al NW de AD.TARTAGAL, Provincia de SALTA.",-22.368889,-63.9925,Verificar que el punto coincida con el centro del helipuerto o área de aterrizaje.,,,,,,,,,,
2234,LADH,"ZONA INTERMEDIA, KM 17",SALTA,Córdoba (SACF),-,130m. x 50m.,TIERRA,572 mts.,"17 Km. al NW de AD TARTAGAL, Provincia de SALTA.",-22.536667,-63.968611,Verificar que el punto coincida con el centro del helipuerto o área de aterrizaje.,,,,,,,,,,
2237,LAD,EL CASTIGO,BUENOS AIRES,Ezeiza (SAEF),18/36,600m. x 10m.,TIERRA,112 mts.,"10 Km. al SE de GIRO DIAZ, Provincia de BUENOS AIRES.",-36.451389,-62.268056,Verificar que el punto coincida aproximadamente con el centro/eje de la pista declarada.,,,,,,,,,,
2238,LADH,POLICIA 1,CÓRDOBA,Córdoba (SACF),-,20m. x 20m.,TIERRA,687 mts.,"5.5 Km. al E de VILLA CARLOS PAZ, Provincia de CÓRDOBA.",-31.402222,-64.46,Verificar que el punto coincida con el centro del helipuerto o área de aterrizaje.,,,,,,,,,,
2239,LADH,POLICIA 2,CÓRDOBA,Córdoba (SACF),-,20m. x 20m.,TIERRA,651 mts.,"3 Km. al SE de VILLA CARLOS PAZ, Provincia de CÓRDOBA.",-31.421667,-64.501111,Verificar que el punto coincida con el centro del helipuerto o área de aterrizaje.,,,,,,,,,,
2240,LADH,POLICIA 3,CÓRDOBA,Córdoba (SACF),-,40m. x 30m.,TIERRA,761 mts.,"2.5 Km. al N de VILLA CARLOS PAZ, Provincia de CÓRDOBA.",-31.376667,-64.517778,Verificar que el punto coincida con el centro del helipuerto o área de aterrizaje.,,,,,,,,,,
2241,LADH,POLICIA 4,CÓRDOBA,Córdoba (SACF),-,30m. x 30m.,TIERRA,707 mts.,"7.5 Km. al S de VILLA CARLOS PAZ, Provincia de CÓRDOBA.",-31.466667,-64.512222,Verificar que el punto coincida con el centro del helipuerto o área de aterrizaje.,,,,,,,,,,
2242,LAD,EA. EL PARQUE,LA PAMPA,Ezeiza (SAEF),18/36,900m. x 30m.,TIERRA,136 mts.,"15 Km. al SW de LONQUIMAY, Provincia de LA PAMPA.",-36.590278,-63.628889,Verificar que el punto coincida aproximadamente con el centro/eje de la pista declarada.,,,,,,,,,,
2243,LAD,LA MERCED,ENTRE RÍOS,Ezeiza (SAEF),16/34,1050m. x 50m.,TIERRA,60 mts.,"4 Km. al E de LAS MOSCAS, Provincia de ENTRE RÍOS.",-32.1125,-58.912778,Verificar que el punto coincida aproximadamente con el centro/eje de la pista declarada.,,,,,,,,,,
2246,LAD,EA. ENRIQUETA,SANTA CRUZ,Comodoro (SAVF),09/27,800m. x 20m.,TIERRA,293 mts.,"100 Km. al E de LAGO ARGENTINO, Provincia de SANTA CRUZ.",-50.287222,-70.907778,Verificar que el punto coincida aproximadamente con el centro/eje de la pista declarada.,,,,,,,,,,
2247,LAD,EL LABRIEGO,SAN LUIS,Mendoza (SAMF),01/19,800m. x 25m.,TIERRA,565 mts.,"14 Km. al NW de VILLA MERCEDES, Provincia de SAN LUIS.",-33.618889,-65.576389,Verificar que el punto coincida aproximadamente con el centro/eje de la pista declarada.,,,,,,,,,,
2248,LAD,DOS ADELAS S.A.,BUENOS AIRES,Ezeiza (SAEF),13/31,600m. x 30m.,TIERRA,232 mts.,"30 Km. al NE de BENITO JUAREZ, Provincia de BUENOS AIRES.",-37.568056,-59.493333,Verificar que el punto coincida aproximadamente con el centro/eje de la pista declarada.,,,,,,,,,,
2249,LAD,EA. SAN MIGUEL-CÓRDOBA,CÓRDOBA,Córdoba (SACF),17/35,1100m. x 30m.,TIERRA,505 mts.,"12 Km. al NW de DEAN FUNES, Provincia de CÓRDOBA.",-30.340278,-64.498333,Verificar que el punto coincida aproximadamente con el centro/eje de la pista declarada.,,,,,,,,,,
2250,LADH,ROWAN LAS HERAS,CHUBUT,Comodoro (SAVF),-,25m. x 25m.,TIERRA,333 mts.,"1.5 Km. al E de COLONIA LAS HERAS, Provincia de CHUBUT.",-46.550833,-68.930556,Verificar que el punto coincida con el centro del helipuerto o área de aterrizaje.,,,,,,,,,,
2251,LAD,EA. SAN SIMON,BUENOS AIRES,Ezeiza (SAEF),16/34,1000m. x 30m.,TIERRA,4 mts.,"31 Km. al W de GRAL MADARIAGA, Provincia de BUENOS AIRES.",-36.993889,-57.488056,Verificar que el punto coincida aproximadamente con el centro/eje de la pista declarada.,,,,,,,,,,
2252,LAD,EA. EL PALOMAR,BUENOS AIRES,Ezeiza (SAEF),15/33,900m. x 30m.,TIERRA,108 mts.,"29 Km. al W de LOBERIA, Provincia de BUENOS AIRES.",-38.116667,-59.1,Verificar que el punto coincida aproximadamente con el centro/eje de la pista declarada.,,,,,,,,,,
2253,LAD,EA. LAS TRES MARIAS-BS.AS.,BUENOS AIRES,Ezeiza (SAEF),17/35,1000m. x 30m.,TIERRA,107 mts.,"30 Km. al NNW de PELLEGRINI, Provincia de BUENOS AIRES.",-36.05,-63.266667,Verificar que el punto coincida aproximadamente con el centro/eje de la pista declarada.,,,,,,,,,,
2254,LAD,EA. LA FLORIDA,BUENOS AIRES,Ezeiza (SAEF),01/19,900m. x 30m.,TIERRA,123 mts.,"45 Km. al W de DAIREAUX, Provincia de BUENOS AIRES.",-36.619722,-62.335,Verificar que el punto coincida aproximadamente con el centro/eje de la pista declarada.,,,,,,,,,,
2255,LAD,EA. EL ABROJO,BUENOS AIRES,Ezeiza (SAEF),16/34,1200m. x 30m.,TIERRA,220 mts.,"25 Km. al W de MAR DEL PLATA, Provincia de BUENOS AIRES.",-37.919722,-57.834167,Verificar que el punto coincida aproximadamente con el centro/eje de la pista declarada.,,,,,,,,,,
2257,LAD,EA. SANTA INES,BUENOS AIRES,Ezeiza (SAEF),06/24,1200m. x 15m.,TIERRA,105 mts.,"13 Km. al ESE de EST.MOURAS, Provincia de BUENOS AIRES.",-36.356667,-62.086944,Verificar que el punto coincida aproximadamente con el centro/eje de la pista declarada.,,,,,,,,,,
2258,LAD,GARABATO(CAMPO DE TIRO FAA),SANTA FE,Resistencia (SARR),10/28,1100m. x 40m.,TIERRA,64 mts.,"5 Km. al N de RECONQUISTA, Provincia de SANTA FE.",-28.908333,-60.172222,Verificar que el punto coincida aproximadamente con el centro/eje de la pista declarada.,,,,,,,,,,
2260,LAD,CARLOS CASARES / MAILLO,BUENOS AIRES,Ezeiza (SAEF),16/34,760m. x 40m.,TIERRA,84 mts.,"12 Km. al N de CARLOS CASARES, Provincia de BUENOS AIRES.",-35.606389,-61.348889,Verificar que el punto coincida aproximadamente con el centro/eje de la pista declarada.,,,,,,,,,,
2261,LAD,REVERDITO /ULM,ENTRE RÍOS,Ezeiza (SAEF),03/21,250m. x 25m.,TIERRA,2 mts.,"2.5 Km. al E de GUALEGUAYCHU, Provincia de ENTRE RÍOS.",-33.015278,-58.488611,Verificar que el punto coincida aproximadamente con el centro/eje de la pista declarada.,,,,,,,,,,
2262,LAD,EL RANCHO,BUENOS AIRES,Ezeiza (SAEF),11/29,750m. x 30m.,TIERRA,55 mts.,"35 Km. al SE de AYACUCHO, Provincia de BUENOS AIRES.",-37.416667,-58.166667,Verificar que el punto coincida aproximadamente con el centro/eje de la pista declarada.,,,,,,,,,,
2263,LAD,EL QUEBRACHO,ENTRE RÍOS,Ezeiza (SAEF),01/19,700m. x 20m.,TIERRA,61 mts.,"5 Km. al NNW de VILLAGUAY, Provincia de ENTRE RÍOS.",-31.816667,-59.033333,Verificar que el punto coincida aproximadamente con el centro/eje de la pista declarada.,,,,,,,,,,
2264,LADH,POZO SAN ANTONIO X-1,SALTA,Córdoba (SACF),-,30m. x 30m.,TIERRA,945 mts.,"1 Km. al E de ACAMBUCO, Provincia de SALTA.",-22.569722,-64.0825,Verificar que el punto coincida con el centro del helipuerto o área de aterrizaje.,,,,,,,,,,
2265,LAD,HARAS EL ROBLECITO S.A.,BUENOS AIRES,Ezeiza (SAEF),13/31,920m. x 35m.,TIERRA,41 mts.,"3.5 Km. al SSE de SANTA LUCIA, Provincia de BUENOS AIRES.",-33.910506,-59.867825,Verificar que el punto coincida aproximadamente con el centro/eje de la pista declarada.,,,,,,,,,,
2266,LAD,EL AMARGO,SANTA FE,Córdoba (SACF),01/19,900m. x 40m.,TIERRA,85 mts.,"50 Km. al N de TOSTADO, Provincia de SANTA FE.",-28.689167,-61.828056,Verificar que el punto coincida aproximadamente con el centro/eje de la pista declarada.,,,,,,,,,,
2267,LAD,CRUZ DEL EJE,CÓRDOBA,Córdoba (SACF),01/19,1950m. x 60m.,TIERRA,501 mts.,"1.5 Km. al N de CRUZ DEL EJE, Provincia de CÓRDOBA.",-30.68,-64.788889,Verificar que el punto coincida aproximadamente con el centro/eje de la pista declarada.,,,,,,,,,,
2268,LADH,MUNDO FANTASTICO,CÓRDOBA,Córdoba (SACF),-,15m. x 15m.,TIERRA,703 mts.,"6 Km. al N de VILLA CARLOS PAZ, Provincia de CÓRDOBA.",-31.375278,-64.492222,Verificar que el punto coincida con el centro del helipuerto o área de aterrizaje.,,,,,,,,,,
2270,LAD,EA. LA CANDELARIA,CÓRDOBA,Mendoza (SAMF),18/36,850m. x 16m.,TIERRA,288 mts.,"9 Km. al E de VILLA VALERIA, Provincia de CÓRDOBA.",-34.254167,-64.836111,Verificar que el punto coincida aproximadamente con el centro/eje de la pista declarada.,,,,,,,,,,
2271,LAD,AGROAZUL,BUENOS AIRES,Ezeiza (SAEF),04/22,900m. x 30m.,TIERRA,21 mts.,"2 Km. al E de PILAR, Provincia de BUENOS AIRES.",-34.418092,-58.897681,Verificar que el punto coincida aproximadamente con el centro/eje de la pista declarada.,,,,,,,,,,
2272,LAD,EA. LA MERCEDITA,LA PAMPA,Ezeiza (SAEF),18/36,1000m. x 45m.,TIERRA,206 mts.,"42 Km. al SW de BERNASCONI, Provincia de LA PAMPA.",-37.948333,-64.206111,Verificar que el punto coincida aproximadamente con el centro/eje de la pista declarada.,,,,,,,,,,
2273,LAD,EA. HUELEN,LA PAMPA,Ezeiza (SAEF),18/36,1200m. x 45m.,TIERRA,127 mts.,"55 Km. al S de GENERAL PICO, Provincia de LA PAMPA.",-36.198333,-63.706111,Verificar que el punto coincida aproximadamente con el centro/eje de la pista declarada.,,,,,,,,,,
2275,LADH,SAN ROQUE,NEUQUÉN,Ezeiza (SAEF),-,20m. x 20m.,TIERRA,235 mts.,"40 Km. al N de AÑELO, Provincia de NEUQUÉN.",-38.048611,-68.860278,Verificar que el punto coincida con el centro del helipuerto o área de aterrizaje.,,,,,,,,,,
2276,LADH,AGUADA PICHANA,NEUQUÉN,Ezeiza (SAEF),-,20m. x 20m.,TIERRA,421 mts.,"34 Km. al W de AÑELO, Provincia de NEUQUÉN.",-38.391944,-69.095833,Verificar que el punto coincida con el centro del helipuerto o área de aterrizaje.,,,,,,,,,,
2277,LADH,POLICIA 5,CÓRDOBA,Córdoba (SACF),-,30m. x 30m.,TIERRA,980 mts.,"4 Km. al W de MINA CLAVERO, Provincia de CÓRDOBA.",-31.725,-65.0,Verificar que el punto coincida con el centro del helipuerto o área de aterrizaje.,,,,,,,,,,
2278,LAD,FENIX (SALAR H. MUERTO),CATAMARCA,Córdoba (SACF),12/30,2885m. x 36m.,TIERRA,3984.5 mts.,"71 Km. al NE de ANTOFAGASTA DE LA SIERRA, Provincia de CATAMARCA.",-25.495922,-67.087014,Verificar que el punto coincida aproximadamente con el centro/eje de la pista declarada.,,,,,,,,,,
2279,LADH,QENTI,CÓRDOBA,Córdoba (SACF),-,20m. x 20m.,TIERRA,750 mts.,"3 Km. al W de SAN ANTONIO, Provincia de CÓRDOBA.",-31.491111,-64.559167,Verificar que el punto coincida con el centro del helipuerto o área de aterrizaje.,,,,,,,,,,
2280,LAD,DON HERNAN,SAN LUIS,Mendoza (SAMF),14/32,1100m. x 30m.,TIERRA,492 mts.,"55 Km. al S de VILLA MERCEDES, Provincia de SAN LUIS.",-34.190833,-65.763056,Verificar que el punto coincida aproximadamente con el centro/eje de la pista declarada.,,,,,,,,,,
2282,LAD,LA LUISA DE SUIPACHA,BUENOS AIRES,Ezeiza (SAEF),15/33,900m. x 30m.,TIERRA,45 mts.,"30 Km. al W de MERCEDES, Provincia de BUENOS AIRES.",-34.792778,-59.597778,Verificar que el punto coincida aproximadamente con el centro/eje de la pista declarada.,,,,,,,,,,
2283,LAD,EA. SAN JUAN,BUENOS AIRES,Ezeiza (SAEF),06/24,1300m. x 40m.,TIERRA,83 mts.,"40 Km. al E de PEHUAJO, Provincia de BUENOS AIRES.",-35.635,-61.669444,Verificar que el punto coincida aproximadamente con el centro/eje de la pista declarada.,,,,,,,,,,
2285,LAD,EA. MEDIA AGUA,BUENOS AIRES,Ezeiza (SAEF),18/36,1000m. x 30m.,TIERRA,27 mts.,"26 Km. al W de NECOCHEA, Provincia de BUENOS AIRES.",-38.562778,-59.030833,Verificar que el punto coincida aproximadamente con el centro/eje de la pista declarada.,,,,,,,,,,
2287,LAD,PLANEADORES,RÍO NEGRO,Ezeiza (SAEF),12/30,1000m. x 50m.,TIERRA,771 mts.,"20 Km. al S de BARILOCHE, Provincia de RÍO NEGRO.",-41.026389,-71.125,Verificar que el punto coincida aproximadamente con el centro/eje de la pista declarada.,,,,,,,,,,
2288,LADH,LAS BAGUALAS,CÓRDOBA,Mendoza (SAMF),-,25m. x 25m.,TIERRA,650 mts.,"12.6 Km. al SE de YACANTO DE CALAMUCHITA, Provincia de CÓRDOBA.",-33.216944,-64.743611,Verificar que el punto coincida con el centro del helipuerto o área de aterrizaje.,,,,,,,,,,
2289,LAD,EA. LOS BAYOS,BUENOS AIRES,Ezeiza (SAEF),18/36,800m. x 25m.,TIERRA,120 mts.,"10 Km. al SW de EST. ANDANT- GUAMINI, Provincia de BUENOS AIRES.",-36.581111,-62.320556,Verificar que el punto coincida aproximadamente con el centro/eje de la pista declarada.,,,,,,,,,,
2290,LAD,LA CHANDELLE,BUENOS AIRES,Ezeiza (SAEF),14/32,700m. x 30m.,TIERRA,32 mts.,"20 Km. al E de SAN ANDRES DE GILES, Provincia de BUENOS AIRES.",-34.3325,-59.287778,Verificar que el punto coincida aproximadamente con el centro/eje de la pista declarada.,,,,,,,,,,
2291,LAD,DON MARIANO,CORRIENTES,Resistencia (SARR),01/19,700m. x 20m.,TIERRA,64 mts.,"1 Km. al SE de SAN LORENZO, Provincia de CORRIENTES.",-28.144444,-58.760556,Verificar que el punto coincida aproximadamente con el centro/eje de la pista declarada.,,,,,,,,,,
2292,LAD,EL ROBLEDAL DE LOS ARROYOS,BUENOS AIRES,Ezeiza (SAEF),14/32,750m. x 30m.,TIERRA,30 mts.,"9 Km. al W de COBO, Provincia de BUENOS AIRES.",-37.815278,-57.743056,Verificar que el punto coincida aproximadamente con el centro/eje de la pista declarada.,,,,,,,,,,
2293,LAD,EA. LA ERCILIA,BUENOS AIRES,Ezeiza (SAEF),04/22,1000m. x 18m.,TIERRA,35 mts.,"20 Km. al SW de LAS FLORES, Provincia de BUENOS AIRES.",-36.131667,-59.249167,Verificar que el punto coincida aproximadamente con el centro/eje de la pista declarada.,,,,,,,,,,
2294,LAD,LA BELGICA,BUENOS AIRES,Ezeiza (SAEF),02/20,1100m. x 30m.,TIERRA,66 mts.,"30 Km. al SW de AYACUCHO, Provincia de BUENOS AIRES.",-36.916667,-58.616667,Verificar que el punto coincida aproximadamente con el centro/eje de la pista declarada.,,,,,,,,,,
2296,LADH,ESCUELA MILITAR DE MONTAÑA,RÍO NEGRO,Ezeiza (SAEF),-,10m. x 10m.,TIERRA,819 mts.,"11 Km. al W de BARILOCHE, Provincia de RÍO NEGRO.",-41.12,-71.41,Verificar que el punto coincida con el centro del helipuerto o área de aterrizaje.,,,,,,,,,,
2298,LADH,PUERTO SAN CARLOS,RÍO NEGRO,Ezeiza (SAEF),-,15m. x 15m.,TIERRA,782 mts.,"2 Km. al NW de BARILOCHE, Provincia de RÍO NEGRO.",-41.132331,-71.313236,Verificar que el punto coincida con el centro del helipuerto o área de aterrizaje.,,,,,,,,,,
2299,LADH,VILLA LA ANGOSTURA,RÍO NEGRO,Ezeiza (SAEF),-,15m. x 15m.,TIERRA,860 mts.,"9 Km. al NE de BARILOCHE, Provincia de RÍO NEGRO.",-41.121111,-71.204444,Verificar que el punto coincida con el centro del helipuerto o área de aterrizaje.,,,,,,,,,,
2300,LADH,POLICLINICO DEL VIDRIO,BUENOS AIRES,Ezeiza (SAEF),-,13m. x 19m.,TIERRA,10 mts.,"3.2 Km. al W de BERNAL, Provincia de BUENOS AIRES.",-34.709722,-58.296667,Verificar que el punto coincida con el centro del helipuerto o área de aterrizaje.,,,,,,,,,,
2301,LADH,VILLA GIARDINO,CÓRDOBA,Córdoba (SACF),-,60m. x 60m.,TIERRA,930 mts.,"1 Km. al SW de VILLA GIARDINO, Provincia de CÓRDOBA.",-31.063889,-64.511111,Verificar que el punto coincida con el centro del helipuerto o área de aterrizaje.,,,,,,,,,,
2302,LAD,MINA PACHON,SAN JUAN,Mendoza (SAMF),05/23,1200m. x 24m.,TIERRA,3143 mts.,"80 Km. al W de BARREAL, Provincia de SAN JUAN.",-31.745,-70.294444,Verificar que el punto coincida aproximadamente con el centro/eje de la pista declarada.,,,,,,,,,,
2303,LAD,CAVIAHUE,NEUQUÉN,Mendoza (SAMF),04/22,1600m. x 30m.,TIERRA,1629 mts.,"4.5 Km. al NE de CAVIAHUE, Provincia de NEUQUÉN.",-37.866667,-70.983333,Verificar que el punto coincida aproximadamente con el centro/eje de la pista declarada.,,,,,,,,,,
2304,LAD,EA. RUNCIMAN,SANTA FE,Ezeiza (SAEF),05/23,1241m. x 40m.,TIERRA,96 mts.,"1 Km. al SE de RUNCIMAN, Provincia de SANTA FE.",-33.904444,-61.812778,Verificar que el punto coincida aproximadamente con el centro/eje de la pista declarada.,,,,,,,,,,
2305,LADH,SAN ALEJO,SALTA,Córdoba (SACF),-,15m. x 15m.,TIERRA,1760 mts.,"31 Km. al NNE de SALTA, Provincia de SALTA.",-24.551389,-65.436111,Verificar que el punto coincida con el centro del helipuerto o área de aterrizaje.,,,,,,,,,,
2306,LADH,LA MAROMA,SALTA,Córdoba (SACF),-,15m. x 15m.,TIERRA,1029 mts.,"45 Km. al S de SALTA, Provincia de SALTA.",-25.156667,-65.425,Verificar que el punto coincida con el centro del helipuerto o área de aterrizaje.,,,,,,,,,,
2307,LADH,LA POBLACION,SALTA,Córdoba (SACF),-,15m. x 15m.,TIERRA,519 mts.,"106 Km. al SE de SALTA, Provincia de SALTA.",-25.336944,-64.405278,Verificar que el punto coincida con el centro del helipuerto o área de aterrizaje.,,,,,,,,,,
2308,LAD,DON FACUNDO,CHACO,Resistencia (SARR),01/19,600m. x 20m.,TIERRA,55 mts.,"21 Km. al NW de COLONIA POPULAR, Provincia de CHACO.",-27.267222,-59.166944,Verificar que el punto coincida aproximadamente con el centro/eje de la pista declarada.,,,,,,,,,,
2309,LAD,ANILLACO,LA RIOJA,Córdoba (SACF),18/36,2000m. x 30m.,ASFALTO,1309 mts.,"1.5 Km. al NE de ANILLACO, Provincia de LA RIOJA.",-28.795,-66.913333,Verificar que el punto coincida aproximadamente con el centro/eje de la pista declarada.,,,,,,,,,,
2311,LAD,EA. LA CASSINA,BUENOS AIRES,Ezeiza (SAEF),02/20,900m. x 30m.,TIERRA,114 mts.,"3.5 Km. al W de LAGUNA ALSINA , Provincia de BUENOS AIRES.",-36.826944,-62.300278,Verificar que el punto coincida aproximadamente con el centro/eje de la pista declarada.,,,,,,,,,,
2313,LAD,VIRGEN CANDELARIA,SAN LUIS,Córdoba (SACF),05/23,850m. x 15m.,TIERRA,411 mts.,"20 Km. al NE de CANDELARIA, Provincia de SAN LUIS.",-31.985,-65.653056,Verificar que el punto coincida aproximadamente con el centro/eje de la pista declarada.,,,,,,,,,,
2314,LAD,ALBAMOVIL,CHACO,Resistencia (SARR),04/22,1000m. x 25m.,TIERRA,103 mts.,"13 Km. al W de LAS BREÑAS, Provincia de CHACO.",-27.016667,-61.183333,Verificar que el punto coincida aproximadamente con el centro/eje de la pista declarada.,,,,,,,,,,
2316,LAD,SANTA MONICA,CÓRDOBA,Córdoba (SACF),18/36,1100m. x 60m.,TIERRA,650 mts.,"17 Km. al NW de CALAMUCHITA, Provincia de CÓRDOBA.",-32.076944,-64.587778,Verificar que el punto coincida aproximadamente con el centro/eje de la pista declarada.,,,,,,,,,,
2317,LAD,DON JORGE,CÓRDOBA,Córdoba (SACF),01/19,800m. x 30m.,TIERRA,420 mts.,"12 Km. al N de RIO TERCERO, Provincia de CÓRDOBA.",-32.066667,-64.0925,Verificar que el punto coincida aproximadamente con el centro/eje de la pista declarada.,,,,,,,,,,
2318,LAD,EL REGRESO,ENTRE RÍOS,Ezeiza (SAEF),06/24,1085m. x 35m.,TIERRA,29 mts.,"2 Km. al NW de EL LAZO, Provincia de ENTRE RÍOS.",-32.853333,-59.443889,Verificar que el punto coincida aproximadamente con el centro/eje de la pista declarada.,,,,,,,,,,
2319,LAD,SANTA CATERINA,BUENOS AIRES,Ezeiza (SAEF),15/33,640m. x 30m.,TIERRA,24 mts.,"3.5 Km. al NW de OLIVERA, Provincia de BUENOS AIRES.",-34.601944,-59.257778,Verificar que el punto coincida aproximadamente con el centro/eje de la pista declarada.,,,,,,,,,,
2320,LAD,EA. MOLINO NUEVO,SAN LUIS,Mendoza (SAMF),16/34,1000m. x 50m.,TIERRA,450 mts.,"14 Km. al SSE de NAHUEL MAPA , Provincia de SAN LUIS.",-34.913056,-66.144444,Verificar que el punto coincida aproximadamente con el centro/eje de la pista declarada.,,,,,,,,,,
2321,LAD,EO. LA COLUMBIA,CÓRDOBA,Córdoba (SACF),01/19,1000m. x 30m.,TIERRA,108 mts.,"17 Km. al N de MONTE BUEY, Provincia de CÓRDOBA.",-32.916944,-62.433333,Verificar que el punto coincida aproximadamente con el centro/eje de la pista declarada.,,,,,,,,,,
2322,LADH,RESIDENCIA OFICIAL GOBERNADOR,MISIONES,Resistencia (SARR),-,15m. x 15m.,TIERRA,100 mts.,"8 Km. al SW de POSADAS, Provincia de MISIONES.",-27.404722,-55.925278,Verificar que el punto coincida con el centro del helipuerto o área de aterrizaje.,,,,,,,,,,
2323,LADH,DIRECCION POLICIA FERROVIARIA,MISIONES,Resistencia (SARR),-,10m. x 10m.,TIERRA,83 mts.,"0.8 Km. al E de POSADAS, Provincia de MISIONES.",-27.369444,-55.884722,Verificar que el punto coincida con el centro del helipuerto o área de aterrizaje.,,,,,,,,,,
2324,LADH,DIRECCION AERONAUTICA PROV. MISIONES,MISIONES,Resistencia (SARR),-,10m. x 10m.,TIERRA,142 mts.,"0.2 Km. al W de AEROPUERTO POSADAS, Provincia de MISIONES.",-27.369444,-55.884722,Verificar que el punto coincida con el centro del helipuerto o área de aterrizaje.,,,,,,,,,,
2325,LADH,POLICIA CAMINERA PUERTO ESPERANZA,MISIONES,Resistencia (SARR),-,10m. x 10m.,TIERRA,200 mts.,"0.1 Km. al E de POSADAS, Provincia de MISIONES.",-26.011111,-54.584167,Verificar que el punto coincida con el centro del helipuerto o área de aterrizaje.,,,,,,,,,,
2326,LADH,HOSPITAL SAMIC OBERA,MISIONES,Resistencia (SARR),-,15m. x 15m.,TIERRA,200 mts.,"3 Km. al E de OBERA, Provincia de MISIONES.",-27.491667,-55.144167,Verificar que el punto coincida con el centro del helipuerto o área de aterrizaje.,,,,,,,,,,
2327,LADH,HOSPITAL SAMIC EL DORADO,MISIONES,Resistencia (SARR),-,15m. x 15m.,TIERRA,200 mts.,"1.5 Km. al NE de ELDORADO, Provincia de MISIONES.",-26.403611,-54.596667,Verificar que el punto coincida con el centro del helipuerto o área de aterrizaje.,,,,,,,,,,
2328,LADH,SAN VICENTE CENTRO,MISIONES,Resistencia (SARR),-,15m. x 15m.,TIERRA,600 mts.,"0.5 Km. al S de SAN VICENTE, Provincia de MISIONES.",-26.995833,-54.480833,Verificar que el punto coincida con el centro del helipuerto o área de aterrizaje.,,,,,,,,,,
2329,LADH,EL CRUCE,MISIONES,Resistencia (SARR),-,15m. x 15m.,TIERRA,160 mts.,"5 Km. al NE de APOSTOLES, Provincia de MISIONES.",-27.858611,-55.703611,Verificar que el punto coincida con el centro del helipuerto o área de aterrizaje.,,,,,,,,,,
2330,LADH,LIGA IGUAZU,MISIONES,Resistencia (SARR),-,15m. x 15m.,TIERRA,230 mts.,"0.5 Km. al N de PUERTO IGUAZU, Provincia de MISIONES.",-25.606111,-54.6325,Verificar que el punto coincida con el centro del helipuerto o área de aterrizaje.,,,,incorrecta,La coordenada está fuera del territorio argentino,Registro 2330 · LADH LIGA IGUAZU. Posición errónea identificada en control visual inicial. Revisar el centro del helipuerto/área de aterrizaje de 15 m x 15 m y definir coordenada corregida.,,,,2026-09-27
2332,LAD,PAMPA SUNI,SANTIAGO DEL ESTERO,Córdoba (SACF),01/19,1500m. x 20m.,TIERRA,300 mts.,"24 Km. al NE de LA FRAGUA, Provincia de SANTIAGO DEL ESTERO.",-25.978889,-64.093056,Verificar que el punto coincida aproximadamente con el centro/eje de la pista declarada.,,,,,,,,,,
2335,LAD,SANTA IRENE,CORRIENTES,Resistencia (SARR),18/36,910m. x 40m.,TIERRA,54 mts.,"11 Km. al N de CHAVARRIA, Provincia de CORRIENTES.",-28.856389,-58.583611,Verificar que el punto coincida aproximadamente con el centro/eje de la pista declarada.,,,,,,,,,,
2336,LAD,EA. LOS RODEOS,SANTIAGO DEL ESTERO,Córdoba (SACF),18/36,1000m. x 30m.,TIERRA,113 mts.,"65 Km. al WNW de QUIMILI, Provincia de SANTIAGO DEL ESTERO.",-27.858056,-61.816667,Verificar que el punto coincida aproximadamente con el centro/eje de la pista declarada.,,,,,,,,,,
2337,LAD,ROVEY- JOVITA,CÓRDOBA,Córdoba (SACF),18/36,790m. x 40m.,TIERRA,153 mts.,"2 Km. al SE de JOVITA, Provincia de CÓRDOBA.",-34.541667,-63.941667,Verificar que el punto coincida aproximadamente con el centro/eje de la pista declarada.,,,,,,,,,,
2340,LAD,ISOARDI,SANTA FE,Ezeiza (SAEF),01/19,650m. x 20m.,TIERRA,121 mts.,"8 Km. al SE de ARMSTRONG, Provincia de SANTA FE.",-32.825556,-61.551389,Verificar que el punto coincida aproximadamente con el centro/eje de la pista declarada.,,,,,,,,,,
2341,LADH,JEFATURA DE POLICIA DE ENTRE RÍOS,ENTRE RÍOS,Ezeiza (SAEF),-,20m. x 24m.,TIERRA,44 mts.,"7.4 Km. al NNW de PARANA, Provincia de ENTRE RÍOS.",-31.73,-60.496389,Verificar que el punto coincida con el centro del helipuerto o área de aterrizaje.,,,,,,,,,,
2342,LAD,CHANCANI,CÓRDOBA,Córdoba (SACF),17/35,1160m. x 40m.,TIERRA,339 mts.,"8 Km. al N de CHANCANI, Provincia de CÓRDOBA.",-31.359444,-65.485,Verificar que el punto coincida aproximadamente con el centro/eje de la pista declarada.,,,,,,,,,,
2343,LAD,EA. LAS MATILDES,BUENOS AIRES,Ezeiza (SAEF),06/24,800m. x 20m.,TIERRA,43 mts.,"9 Km. al NW de SAN ANTONIO DE ARECO, Provincia de BUENOS AIRES.",-34.184128,-59.532014,Verificar que el punto coincida aproximadamente con el centro/eje de la pista declarada.,,,,,,,,,,
2344,LAD,EA. EL CARACOL,BUENOS AIRES,Ezeiza (SAEF),14/32,800m. x 25m.,TIERRA,245 mts.,"15 Km. al NE de QUIÑIHUAL, Provincia de BUENOS AIRES.",-37.706944,-61.427778,Verificar que el punto coincida aproximadamente con el centro/eje de la pista declarada.,,,,,,,,,,
2345,LAD,EMPREND.RURALES TECNOLOGICOS S.A.,BUENOS AIRES,Ezeiza (SAEF),04/22,800m. x 25m.,TIERRA,108 mts.,"18 Km. al NNE de JOSE MARIA BLANCO, Provincia de BUENOS AIRES.",-36.301944,-62.865833,Verificar que el punto coincida aproximadamente con el centro/eje de la pista declarada.,,,,,,,,,,
2346,LAD,EA. LA PALOMA,BUENOS AIRES,Ezeiza (SAEF),13/31,1100m. x 50m.,TIERRA,26 mts.,"12.5 Km. al SW de ALSINA, Provincia de BUENOS AIRES.",-34.007694,-59.457828,Verificar que el punto coincida aproximadamente con el centro/eje de la pista declarada.,,,,,,,,,,
2348,LAD,LA PALOMA,SANTIAGO DEL ESTERO,Córdoba (SACF),18/36,750m. x 30m.,TIERRA,101 mts.,"12 Km. al S de PARAJE LA PALOMA, Provincia de SANTIAGO DEL ESTERO.",-27.648333,-61.748889,Verificar que el punto coincida aproximadamente con el centro/eje de la pista declarada.,,,,,,,,,,
2349,LAD,GANADERA SAN CARLOS,BUENOS AIRES,Ezeiza (SAEF),06/24,650m. x 35m.,TIERRA,35 mts.,"18 Km. al NW de SAN PEDRO, Provincia de BUENOS AIRES.",-33.585278,-59.8325,Verificar que el punto coincida aproximadamente con el centro/eje de la pista declarada.,,,,,,,,,,
2350,LAD,EL REMANSO,BUENOS AIRES,Ezeiza (SAEF),04/22,550m. x 30m.,TIERRA,54 mts.,"6.5 Km. al NNE de SUIPACHA, Provincia de BUENOS AIRES.",-34.721111,-59.655833,Verificar que el punto coincida aproximadamente con el centro/eje de la pista declarada.,,,,,,,,,,
2352,LAD,LOS CERROS,TIERRA DEL FUEGO,Comodoro (SAVF),07/25,800m. x 20m.,TIERRA,209 mts.,"60 Km. al S de RIO GRANDE, Provincia de TIERRA DEL FUEGO.",-54.340278,-67.959167,Verificar que el punto coincida aproximadamente con el centro/eje de la pista declarada.,,,,,,,,,,
2353,LADH,CLARO DE LUNA,CÓRDOBA,Córdoba (SACF),-,100m. x 50m.,TIERRA,775 mts.,"19 Km. al N de VILLA GRAL BELGRANO, Provincia de CÓRDOBA.",-31.816667,-64.55,Verificar que el punto coincida con el centro del helipuerto o área de aterrizaje.,,,,,,,,,,
2356,LAD,CERRO VANGUARDIA,SANTA CRUZ,Comodoro (SAVF),09/27,1500m. x 30m.,TIERRA,177 mts.,"30 Km. al NW de TRES CERROS, Provincia de SANTA CRUZ.",-48.373611,-68.106111,Verificar que el punto coincida aproximadamente con el centro/eje de la pista declarada.,,,,,,,,,,
2357,LAD,EA. GLORIA A DIOS,SAN LUIS,Mendoza (SAMF),11/29,1250m. x 60m.,TIERRA,411 mts.,"86 Km. al SSW de VILLA REYNOLDS, Provincia de SAN LUIS.",-34.482222,-65.632222,Verificar que el punto coincida aproximadamente con el centro/eje de la pista declarada.,,,,,,,,,,
2359,LAD,EL DESIERTO,SANTIAGO DEL ESTERO,Córdoba (SACF),18/36,1200m. x 60m.,TIERRA,150 mts.,"54 Km. al NE de CAMPO GALLO, Provincia de SANTIAGO DEL ESTERO.",-26.383333,-62.366667,Verificar que el punto coincida aproximadamente con el centro/eje de la pista declarada.,,,,,,,,,,
2360,LADH,HUERTA GRANDE - VILLAGE RESORT,CÓRDOBA,Córdoba (SACF),-,100m. x 70m.,TIERRA,1108 mts.,"1 Km. al N de HUERTA GRANDE, Provincia de CÓRDOBA.",-31.056667,-64.481389,Verificar que el punto coincida con el centro del helipuerto o área de aterrizaje.,,,,,,,,,,
2361,LAD,EA. ITA-CUA,CORRIENTES,Resistencia (SARR),01/19,780m. x 20m.,TIERRA,91 mts.,"5 Km. al S de ESTACION LOZA, Provincia de CORRIENTES.",-29.423889,-58.161667,Verificar que el punto coincida aproximadamente con el centro/eje de la pista declarada.,,,,,,,,,,
2362,LAD,EA. SAN RAFAEL,CORRIENTES,Resistencia (SARR),05/23,650m. x 25m.,TIERRA,70 mts.,"45 Km. al NE de CURUZU CUATIA, Provincia de CORRIENTES.",-29.864167,-58.544167,Verificar que el punto coincida aproximadamente con el centro/eje de la pista declarada.,,,,,,,,,,
2365,LAD,EA. LAS PENCAS,CÓRDOBA,Córdoba (SACF),07/25,900m. x 40m.,TIERRA,235 mts.,"10 Km. al ENE de VILLA MARIA, Provincia de CÓRDOBA.",-29.855833,-63.484722,Verificar que el punto coincida aproximadamente con el centro/eje de la pista declarada.,,,,,,,,,,
2366,LAD,EA. EL MANANTIAL DE SANTA MARIA,BUENOS AIRES,Ezeiza (SAEF),14/32,1000m. x 35m.,TIERRA,245 mts.,"41 Km. al S de AZUL, Provincia de BUENOS AIRES.",-37.162222,-59.950833,Verificar que el punto coincida aproximadamente con el centro/eje de la pista declarada.,,,,,,,,,,
2367,LAD,EA. PASTIZALES,BUENOS AIRES,Ezeiza (SAEF),05/23,900m. x 45m.,TIERRA,89 mts.,"5 Km. al SSW de BERUTI, Provincia de BUENOS AIRES.",-35.883333,-62.533333,Verificar que el punto coincida aproximadamente con el centro/eje de la pista declarada.,,,,,,,,,,
2368,LAD,EA. LOS OLIVOS,BUENOS AIRES,Ezeiza (SAEF),18/36,1000m. x 30m.,TIERRA,84.5 mts.,"8 Km. al S de JUAN J.PASO -PEHUAJO-, Provincia de BUENOS AIRES.",-35.935556,-62.291944,Verificar que el punto coincida aproximadamente con el centro/eje de la pista declarada.,,,,,,,,,,
2372,LAD,EA. LOS VENADOS,BUENOS AIRES,Ezeiza (SAEF),18/36,960m. x 50m.,TIERRA,4 mts.,"10 Km. al SW de MAR DE AJO, Provincia de BUENOS AIRES.",-36.7675,-56.735,Verificar que el punto coincida aproximadamente con el centro/eje de la pista declarada.,,,,,,,,,,
2373,LAD,EA. MOROTI,CÓRDOBA,Ezeiza (SAEF),18/36,1150m. x 30m.,TIERRA,238 mts.,"7 Km. al S de DEL CAMPILLO -GRAL ROCA, Provincia de CÓRDOBA.",-34.4425,-64.4775,Verificar que el punto coincida aproximadamente con el centro/eje de la pista declarada.,,,,,,,,,,
2375,LAD,LA PATERNA,SANTA FE,Córdoba (SACF),01/19,750m. x 25m.,TIERRA,66 mts.,"7 Km. al SE de SAN MARTIN DE LAS ESCOBAS, Provincia de SANTA FE.",-31.932778,-61.564167,Verificar que el punto coincida aproximadamente con el centro/eje de la pista declarada.,,,,,,,,,,
2377,LADH,HOSPITAL SANTA ROSA,ENTRE RÍOS,Ezeiza (SAEF),-,15m. x 18m.,TIERRA,58 mts.,"1 Km. al N de CHAJARI, Provincia de ENTRE RÍOS.",-30.745833,-57.983056,Verificar que el punto coincida con el centro del helipuerto o área de aterrizaje.,,,,,,,,,,
2378,LAD,DALMACIO VELEZ,CÓRDOBA,Córdoba (SACF),18/36,800m. x 30m.,TIERRA,200 mts.,"2 Km. al S de DALMACIO VELEZ , Provincia de CÓRDOBA.",-32.620833,-63.588889,Verificar que el punto coincida aproximadamente con el centro/eje de la pista declarada.,,,,,,,,,,
2379,LADH,RIO CEBALLOS,CÓRDOBA,Córdoba (SACF),-,30m. x 30m.,TIERRA,690 mts.,"1 Km. al SE de RIO CEBALLOS, Provincia de CÓRDOBA.",-31.161111,-64.325,Verificar que el punto coincida con el centro del helipuerto o área de aterrizaje.,,,,,,,,,,
2380,LAD,FIAMBALA,CATAMARCA,Córdoba (SACF),18/36,1900m. x 20m.,ASFALTO,1680 mts.,"5 Km. al NW de FIAMBALA - TINOGASTA, Provincia de CATAMARCA.",-27.633611,-67.632778,Verificar que el punto coincida aproximadamente con el centro/eje de la pista declarada.,,,,,,,,,,
2381,LAD,ANTOFAGASTA DE LA SIERRA,CATAMARCA,Córdoba (SACF),04/22,2000m. x 20m.,TIERRA,3300 mts.,"2.3 Km. al SE de ANTOF. DE LA SIERRA, Provincia de CATAMARCA.",-26.068333,-67.403333,Verificar que el punto coincida aproximadamente con el centro/eje de la pista declarada.,,,,,,,,,,
2382,LADH,COMPLEJO PRO RACING,CÓRDOBA,Córdoba (SACF),-,70m. x 70m.,TIERRA,765 mts.,"5 Km. al E de VILLA CARLOS PAZ, Provincia de CÓRDOBA.",-31.422222,-64.458611,Verificar que el punto coincida con el centro del helipuerto o área de aterrizaje.,,,,,,,,,,
2385,LAD,ALONSO,BUENOS AIRES,Ezeiza (SAEF),07/25,700m. x 20m.,TIERRA,55 mts.,"37 Km. al SW de SALADILLO, Provincia de BUENOS AIRES.",-35.875403,-60.074731,Verificar que el punto coincida aproximadamente con el centro/eje de la pista declarada.,,,,,,,,,,
2387,LAD,EO. LOMAS AZULES,BUENOS AIRES,Comodoro (SAVF),05/23,800m. x 23m.,TIERRA,39 mts.,"38 Km. al W de VILLALONGA, Provincia de BUENOS AIRES.",-39.842778,-63.058611,Verificar que el punto coincida aproximadamente con el centro/eje de la pista declarada.,,,,,,,,,,
2388,LAD,EA. CALEUFU,NEUQUÉN,Ezeiza (SAEF),09/27,1000m. x 30m.,TIERRA,687 mts.,"42 Km. al SE de SAN MARTIN DE LOS ANDES, Provincia de NEUQUÉN.",-40.393611,-70.961389,Verificar que el punto coincida aproximadamente con el centro/eje de la pista declarada.,,,,,,,,,,
2392,LAD,EO. GUAYCURU,SANTIAGO DEL ESTERO,Córdoba (SACF),18/36,1600m. x 20m.,TIERRA,75 mts.,"28 Km. al N de BANDERA, Provincia de SANTIAGO DEL ESTERO.",-28.644167,-62.269167,Verificar que el punto coincida aproximadamente con el centro/eje de la pista declarada.,,,,,,,,,,
2393,LAD,LOS GURISES,CHACO,Resistencia (SARR),02/20,800m. x 30m.,TIERRA,129 mts.,"25 Km. al S de LOS FRENTONES, Provincia de CHACO.",-26.643889,-61.455833,Verificar que el punto coincida aproximadamente con el centro/eje de la pista declarada.,,,,,,,,,,
2394,LAD,EA. AGUADA,CHUBUT,Comodoro (SAVF),09/27,800m. x 20m.,TIERRA,153 mts.,"84 Km. al NNE de VOR COM. RIVADAVIA, Provincia de CHUBUT.",-45.15,-66.9,Verificar que el punto coincida aproximadamente con el centro/eje de la pista declarada.,,,,,,,,,,
2396,LADH,HOTEL LA POSTA,CÓRDOBA,Córdoba (SACF),-,100m. x 70m.,TIERRA,2159 mts.,"18 Km. al NE de MINA CLAVERO, Provincia de CÓRDOBA.",-31.609167,-64.876111,Verificar que el punto coincida con el centro del helipuerto o área de aterrizaje.,,,,,,,,,,
2397,LAD,EA. LOS AMIGOS,BUENOS AIRES,Ezeiza (SAEF),18/36,914m. x 30m.,TIERRA,120 mts.,"30 Km. al ENE de AD. PEHUAJO - BELLOCQ, Provincia de BUENOS AIRES.",-35.811944,-61.54,Verificar que el punto coincida aproximadamente con el centro/eje de la pista declarada.,,,,,,,,,,
2398,LAD,ALBERTI,BUENOS AIRES,Ezeiza (SAEF),14/32,1000m. x 30m.,TIERRA,47 mts.,"4 Km. al NE de ALBERTI, Provincia de BUENOS AIRES.",-35.022211,-60.2322,Verificar que el punto coincida aproximadamente con el centro/eje de la pista declarada.,,,,,,,,,,
2399,LAD,EO. SAN ANDRES,BUENOS AIRES,Ezeiza (SAEF),04/22,750m. x 30m.,TIERRA,118 mts.,"5 Km. al ESE de GUAMINI, Provincia de BUENOS AIRES.",-37.027778,-62.374722,Verificar que el punto coincida aproximadamente con el centro/eje de la pista declarada.,,,,,,,,,,
2400,LAD,EA. TORO CUARE,CORRIENTES,Resistencia (SARR),18/36,1400m. x 100m.,TIERRA,68 mts.,"65 Km. al N de MERCEDES, Provincia de CORRIENTES.",-28.656944,-58.270278,Verificar que el punto coincida aproximadamente con el centro/eje de la pista declarada.,,,,,,,,,,
2401,LAD,LLAMBI CAMPELL,SANTA FE,Ezeiza (SAEF),11/29,900m. x 18m.,TIERRA,15 mts.,"3 Km. al NE de LLAMBI CAMPBELL, Provincia de SANTA FE.",-31.183333,-60.715833,Verificar que el punto coincida aproximadamente con el centro/eje de la pista declarada.,,,,,,,,,,
2403,LAD,HORIZONTE,CHACO,Resistencia (SARR),01/19,1000m. x 40m.,TIERRA,861 mts.,"2 Km. al E de HERMOSO CAMPO, Provincia de CHACO.",-27.611667,-61.318889,Verificar que el punto coincida aproximadamente con el centro/eje de la pista declarada.,,,,,,,,,,
2404,LADH,LAS HERITAS,CÓRDOBA,Córdoba (SACF),-,100m. x 100m.,TIERRA,861 mts.,"2 Km. al S de LAS CALLES, Provincia de CÓRDOBA.",-31.835833,-64.978611,Verificar que el punto coincida con el centro del helipuerto o área de aterrizaje.,,,,,,,,,,
2405,LAD,PIRAYU,CORRIENTES,Resistencia (SARR),08/26,1150m. x 30m.,TIERRA,83 mts.,"30 Km. al NE de TACUARITAS, Provincia de CORRIENTES.",-28.736944,-58.076389,Verificar que el punto coincida aproximadamente con el centro/eje de la pista declarada.,,,,,,,,,,
2406,LAD,SAN EDUARDO,BUENOS AIRES,Ezeiza (SAEF),18/36,1500m. x 30m.,TIERRA,108 mts.,"15 Km. al S de GRAL. VILLEGAS, Provincia de BUENOS AIRES.",-35.176667,-62.996389,Verificar que el punto coincida aproximadamente con el centro/eje de la pista declarada.,,,,,,,,,,
2407,LAD,EO. LAS MARGARITAS,BUENOS AIRES,Ezeiza (SAEF),17/35,800m. x 18m.,TIERRA,100 mts.,"23 Km. al S de BALCARCE, Provincia de BUENOS AIRES.",-38.048333,-58.344167,Verificar que el punto coincida aproximadamente con el centro/eje de la pista declarada.,,,,,,,,,,
2408,LADH,VILLA LIA,BUENOS AIRES,Ezeiza (SAEF),-,18m. x 15m.,TIERRA,38 mts.,"11 Km. al N de SAN ANTONIO DE ARECO, Provincia de BUENOS AIRES.",-34.126667,-59.414444,Verificar que el punto coincida con el centro del helipuerto o área de aterrizaje.,,,,,,,,,,
2411,LAD,FINCA SANTA CLARA,JUJUY,Córdoba (SACF),16/34,1000m. x 30m.,TIERRA,533 mts.,"2 Km. al W de SANTA CLARA, DPTO STA BARBARA, Provincia de JUJUY.",-24.292778,-64.692222,Verificar que el punto coincida aproximadamente con el centro/eje de la pista declarada.,,,,,,,,,,
2412,LADH,POTRERILLOS,CÓRDOBA,Córdoba (SACF),-,50m. x 50m.,TIERRA,540 mts.,"10 Km. al W de ALTA GRACIA, Provincia de CÓRDOBA.",-31.644444,-64.489167,Verificar que el punto coincida con el centro del helipuerto o área de aterrizaje.,,,,,,,,,,
2413,LADH,LA LEJANIA,CÓRDOBA,Córdoba (SACF),-,100m. x 100m.,TIERRA,1035 mts.,"8 Km. al E de NONO, Provincia de CÓRDOBA.",-31.811389,-64.930556,Verificar que el punto coincida con el centro del helipuerto o área de aterrizaje.,,,,,,,,,,
2414,LAD,FRANCISCO ROMERO,CÓRDOBA,Córdoba (SACF),11/29,1100m. x 29m.,TIERRA,145 mts.,"7 Km. al NNW de LA CARLOTA, Provincia de CÓRDOBA.",-33.383333,-63.331667,Verificar que el punto coincida aproximadamente con el centro/eje de la pista declarada.,,,,,,,,,,
2415,LADH,ARTURO SCOPIRANO,CÓRDOBA,Córdoba (SACF),-,100m. x 100m.,TIERRA,525 mts.,"23 Km. al SW de ALTA GRACIA, Provincia de CÓRDOBA.",-31.8075,-64.585278,Verificar que el punto coincida con el centro del helipuerto o área de aterrizaje.,,,,,,,,,,
2416,LADH,FLAUMER,CÓRDOBA,Córdoba (SACF),-,50m. x 50m.,TIERRA,273 mts.,"1 Km. al S de ONCATIVO, Provincia de CÓRDOBA.",-31.915833,-63.690556,Verificar que el punto coincida con el centro del helipuerto o área de aterrizaje.,,,,,,,,,,
2417,LAD,EA. LOS OMBUES,ENTRE RÍOS,Ezeiza (SAEF),17/35,1380m. x 40m.,TIERRA,5 mts.,"3 Km. al N de RINCON DEL DOLL, Provincia de ENTRE RÍOS.",-32.401944,-60.401944,Verificar que el punto coincida aproximadamente con el centro/eje de la pista declarada.,,,,,,,,,,
2419,LAD,EA. SANTA ANA,SANTA CRUZ,Comodoro (SAVF),18/36,930m. x 30m.,TIERRA,210 mts.,"20 Km. al ESE de 28 DE NOVIEMBRE, Provincia de SANTA CRUZ.",-51.679444,-71.960278,Verificar que el punto coincida aproximadamente con el centro/eje de la pista declarada.,,,,,,,,,,
2422,LAD,PALMERO,SANTA FE,Córdoba (SACF),01/19,1000m. x 50m.,TIERRA,116 mts.,"19 Km. al N de RAFAELA, Provincia de SANTA FE.",-31.123611,-61.496111,Verificar que el punto coincida aproximadamente con el centro/eje de la pista declarada.,,,,,,,,,,
2423,LADH,CARLOS PAZ,CÓRDOBA,Córdoba (SACF),-,50m. x 50m.,TIERRA,701 mts.,"2 Km. al NNW de VILLA CARLOS PAZ, Provincia de CÓRDOBA.",-31.406111,-64.503056,Verificar que el punto coincida con el centro del helipuerto o área de aterrizaje.,,,,,,,,,,
2426,LAD,MUNICIPALIDAD VILLA EL CHOCON,NEUQUÉN,Ezeiza (SAEF),07/25,874m. x 40m.,TIERRA,413 mts.,"1 Km. al W de VILLA EL CHOCON, Provincia de NEUQUÉN.",-39.266111,-68.799167,Verificar que el punto coincida aproximadamente con el centro/eje de la pista declarada.,,,,,,,,,,
2427,LAD,EO. LAS DELICIAS,SANTA FE,Resistencia (SARR),09/27,700m. x 18m.,TIERRA,59 mts.,"12 Km. al NNE de CAÑADA OMBU, Provincia de SANTA FE.",-28.213333,-59.926667,Verificar que el punto coincida aproximadamente con el centro/eje de la pista declarada.,,,,,,,,,,
2428,LAD,EO. LOS TABANOS,SANTA FE,Resistencia (SARR),09/27,1200m. x 23m.,TIERRA,58 mts.,"15 Km. al S de CAÑADA OMBU, Provincia de SANTA FE.",-28.453333,-59.981667,Verificar que el punto coincida aproximadamente con el centro/eje de la pista declarada.,,,,,,,,,,
2429,LAD,MANGUSTA S.R.L.,CÓRDOBA,Córdoba (SACF),18/36,900m. x 40m.,TIERRA,155 mts.,"1 Km. al N de JOVITA, Provincia de CÓRDOBA.",-34.515278,-63.946389,Verificar que el punto coincida aproximadamente con el centro/eje de la pista declarada.,,,,,,,,,,
2430,LAD,LA INVERNADA,BUENOS AIRES,Ezeiza (SAEF),05/23,950m. x 30m.,TIERRA,114 mts.,"30 Km. al SSW de PEHUAJO, Provincia de BUENOS AIRES.",-36.054722,-62.034444,Verificar que el punto coincida aproximadamente con el centro/eje de la pista declarada.,,,,,,,,,,
2431,LAD,TRES PROV. FORESTACIONES,MENDOZA,Mendoza (SAMF),01/19,800m. x 50m.,TIERRA,600 mts.,"15 Km. al NE de LAS CATITAS, Provincia de MENDOZA.",-33.525833,-67.951111,Verificar que el punto coincida aproximadamente con el centro/eje de la pista declarada.,,,,,,,,,,
2432,LAD,CASTELLI (EX AD.),CHACO,Resistencia (SARR),18/36,1000m. x 23m.,TIERRA,109 mts.,"1 Km. al NW de CASTELLI, Provincia de CHACO.",-25.941667,-60.625,Verificar que el punto coincida aproximadamente con el centro/eje de la pista declarada.,,,,,,,,,,
2433,LAD,SAN FRANCISCO DEL CHAÑAR,CÓRDOBA,Córdoba (SACF),18/36,1040m. x 30m.,TIERRA,711 mts.,"1 Km. al N de MAJADILLA (SAN FRANCISCO DEL CHAÑAR- DPTO), Provincia de CÓRDOBA.",-29.764444,-63.942222,Verificar que el punto coincida aproximadamente con el centro/eje de la pista declarada.,,,,,,,,,,
2434,LAD,EO. SAN ANTONIO-BS.AS.,BUENOS AIRES,Ezeiza (SAEF),13/31,850m. x 30m.,TIERRA,8 mts.,"27 Km. al ENE de CHASCOMUS, Provincia de BUENOS AIRES.",-35.498131,-57.729622,Verificar que el punto coincida aproximadamente con el centro/eje de la pista declarada.,,,,,,,,,,
2435,LAD,EA. ARGENTINAS,BUENOS AIRES,Ezeiza (SAEF),04/22,1800m. x 30m.,TIERRA,110 mts.,"30 Km. al SW de GENERAL VILLEGAS, Provincia de BUENOS AIRES.",-35.159722,-63.264722,Verificar que el punto coincida aproximadamente con el centro/eje de la pista declarada.,,,,,,,,,,
2436,LADH,HOTEL GOLF ASCOCHINGA,CÓRDOBA,Córdoba (SACF),-,50m. x 50m.,TIERRA,753 mts.,"1 Km. al S de ASCOCHINGA, Provincia de CÓRDOBA.",-30.95,-64.283333,Verificar que el punto coincida con el centro del helipuerto o área de aterrizaje.,,,,,,,,,,
2437,LAD,OLIVEROS,SANTA FE,Ezeiza (SAEF),11/29,750m. x 30m.,TIERRA,24 mts.,"5 Km. al N de OLIVEROS, Provincia de SANTA FE.",-32.5375,-60.858333,Verificar que el punto coincida aproximadamente con el centro/eje de la pista declarada.,,,,,,,,,,
2438,LAD,EA. LAS CAÑAS,SANTA FE,Ezeiza (SAEF),14/32,800m. x 15m.,TIERRA,30 mts.,"21 Km. al NW de HELVECIA, Provincia de SANTA FE.",-31.020556,-60.271944,Verificar que el punto coincida aproximadamente con el centro/eje de la pista declarada.,,,,,,,,,,
2439,LAD,EO. SANTO DOMINGO,BUENOS AIRES,Ezeiza (SAEF),18/36,700m. x 30m.,TIERRA,217 mts.,"9 Km. al ENE de JUAN E. BARRA, Provincia de BUENOS AIRES.",-37.806944,-60.384167,Verificar que el punto coincida aproximadamente con el centro/eje de la pista declarada.,,,,,,,,,,
2440,LAD,EO. DON ATILIO,SANTA FE,Ezeiza (SAEF),01/19,900m. x 20m.,TIERRA,80 mts.,"11 Km. al W de CAÑADA DE GOMEZ, Provincia de SANTA FE.",-32.791111,-61.488056,Verificar que el punto coincida aproximadamente con el centro/eje de la pista declarada.,,,,,,,,,,
2443,LAD,EA. OSCURO,CORRIENTES,Resistencia (SARR),14/32,1000m. x 20m.,TIERRA,52 mts.,"16 Km. al NNE de PERUGORRIA, Provincia de CORRIENTES.",-29.210833,-58.528611,Verificar que el punto coincida aproximadamente con el centro/eje de la pista declarada.,,,,,,,,,,
2445,LAD,QUEBRACHO HERRADO,CÓRDOBA,Córdoba (SACF),06/24,1130m. x 30m.,TIERRA,109 mts.,"2 Km. al SW de QUEBRACHO HERRADO, Provincia de CÓRDOBA.",-31.567222,-62.258333,Verificar que el punto coincida aproximadamente con el centro/eje de la pista declarada.,,,,,,,,,,
2446,LAD,EA. RINCON CHICO,CHUBUT,Comodoro (SAVF),09/27,800m. x 20m.,TIERRA,55 mts.,"8.5 Km. al W de PENINSULA VALDES, Provincia de CHUBUT.",-42.763889,-63.731389,Verificar que el punto coincida aproximadamente con el centro/eje de la pista declarada.,,,,,,,,,,
2447,LADH,HOWARD JHONSON,CÓRDOBA,Córdoba (SACF),-,12m. x 12m.,TIERRA,840 mts.,"1 Km. al S de VILLA GRAL BELGRANO, Provincia de CÓRDOBA.",-31.993583,-64.557306,Verificar que el punto coincida con el centro del helipuerto o área de aterrizaje.,,,,,,,,,,
2448,LAD,LAS CHILCAS S.A,CÓRDOBA,Córdoba (SACF),02/20,1000m. x 30m.,TIERRA,417 mts.,"11 Km. al NE de RAYO CORTADO, Provincia de CÓRDOBA.",-30.0,-63.75,Verificar que el punto coincida aproximadamente con el centro/eje de la pista declarada.,,,,,,,,,,
2449,LAD,EA. LAVALLE,CORRIENTES,Resistencia (SARR),01/19,700m. x 30m.,TIERRA,64 mts.,"31 Km. al NE de CURUZU - CUATIA, Provincia de CORRIENTES.",-29.627222,-57.7975,Verificar que el punto coincida aproximadamente con el centro/eje de la pista declarada.,,,,,,,,,,
2450,LAD,EA. PUESTO GRANDE,CORRIENTES,Resistencia (SARR),08/26,700m. x 30m.,TIERRA,68 mts.,"37 Km. al NE de CURUZU - CUATIA, Provincia de CORRIENTES.",-29.555278,-57.788611,Verificar que el punto coincida aproximadamente con el centro/eje de la pista declarada.,,,,,,,,,,
2451,LAD,EA. SAN JOSE,ENTRE RÍOS,Ezeiza (SAEF),01/19,800m. x 30m.,TIERRA,65 mts.,"56 Km. al NW de CONCORDIA, Provincia de ENTRE RÍOS.",-31.015278,-58.401111,Verificar que el punto coincida aproximadamente con el centro/eje de la pista declarada.,,,,,,,,,,
2452,LAD,EL PAMPA,SANTA FE,Córdoba (SACF),01/19,1400m. x 40m.,TIERRA,84 mts.,"32 Km. al NNE de TOSTADO, Provincia de SANTA FE.",-28.942222,-61.715,Verificar que el punto coincida aproximadamente con el centro/eje de la pista declarada.,,,,,,,,,,
2453,LAD,DON MUZI,CÓRDOBA,Córdoba (SACF),18/36,840m. x 20m.,TIERRA,246 mts.,"38 Km. al E de VILLA DEL ROSARIO, Provincia de CÓRDOBA.",-31.535556,-63.144722,Verificar que el punto coincida aproximadamente con el centro/eje de la pista declarada.,,,,,,,,,,
2455,LAD,CALCHIN,CÓRDOBA,Córdoba (SACF),18/36,900m. x 25m.,TIERRA,253 mts.,"1 Km. al S de CALCHIN, Provincia de CÓRDOBA.",-31.673056,-63.183056,Verificar que el punto coincida aproximadamente con el centro/eje de la pista declarada.,,,,,,,,,,
2456,LAD,EO. LA ROSADA,LA PAMPA,Ezeiza (SAEF),01/19,1370m. x 37m.,TIERRA,287 mts.,"22 Km. al W de QUEHUE, Provincia de LA PAMPA.",-37.126944,-64.755556,Verificar que el punto coincida aproximadamente con el centro/eje de la pista declarada.,,,,,,,,,,
2457,LAD,GRAL. JOSE DE SAN MARTIN,CHACO,Resistencia (SARR),15/33,880m. x 30m.,TIERRA,74 mts.,"1.5 Km. al N de GRAL. JOSE DE SAN MARTIN, Provincia de CHACO.",-26.516667,-59.35,Verificar que el punto coincida aproximadamente con el centro/eje de la pista declarada.,,,,,,,,,,
2458,LAD,EA. PASO ALSINA,BUENOS AIRES,Ezeiza (SAEF),12/30,1200m. x 100m.,TIERRA,30 mts.,"43 Km. al W de PEDRO LURO, Provincia de BUENOS AIRES.",-39.439444,-63.178611,Verificar que el punto coincida aproximadamente con el centro/eje de la pista declarada.,,,,,,,,,,
2460,LAD,EL TREBOL,CORRIENTES,Resistencia (SARR),01/19,800m. x 30m.,TIERRA,72 mts.,"34.6 Km. al W de CURUZU CUATIA, Provincia de CORRIENTES.",-29.825833,-58.411944,Verificar que el punto coincida aproximadamente con el centro/eje de la pista declarada.,,,,,,,,,,
2461,LAD,TIO PUJIO,CÓRDOBA,Córdoba (SACF),06/24,1300m. x 20m.,TIERRA,210 mts.,"5 Km. al SSE de TIO PUJIO, Provincia de CÓRDOBA.",-32.330556,-63.334167,Verificar que el punto coincida aproximadamente con el centro/eje de la pista declarada.,,,,,,,,,,
2462,LAD,LA PUERTA,CÓRDOBA,Córdoba (SACF),03/21,800m. x 20m.,TIERRA,128 mts.,"8 Km. al SSW de PUERTA, Provincia de CÓRDOBA.",-30.966111,-63.305833,Verificar que el punto coincida aproximadamente con el centro/eje de la pista declarada.,,,,,,,,,,
2463,LAD,EA. RINCON DEL SOCORRO,CORRIENTES,Resistencia (SARR),02/20,800m. x 30m.,TIERRA,70 mts.,"30 Km. al WSW de CNIA. CARLOS PELLEGRINI, Provincia de CORRIENTES.",-28.647222,-57.45,Verificar que el punto coincida aproximadamente con el centro/eje de la pista declarada.,,,,,,,,,,
2464,LAD,EA. SANTA ELVIRA S.A.,CORRIENTES,Resistencia (SARR),05/23,1400m. x 26m.,TIERRA,60 mts.,"10 Km. al NE de EMPEDRADO, Provincia de CORRIENTES.",-27.883889,-58.7375,Verificar que el punto coincida aproximadamente con el centro/eje de la pista declarada.,,,,,,,,,,
2465,LAD,EA. GUAYAIBI,CORRIENTES,Resistencia (SARR),04/22,600m. x 20m.,TIERRA,64 mts.,"30 Km. al E de SAN MIGUEL, Provincia de CORRIENTES.",-28.0,-57.3,Verificar que el punto coincida aproximadamente con el centro/eje de la pista declarada.,,,,,,,,,,
2466,LAD,EA. SAN ALONSO,CORRIENTES,Resistencia (SARR),03/21,1400m. x 30m.,TIERRA,60 mts.,"36 Km. al SSE de SAN MIGUEL, Provincia de CORRIENTES.",-28.3,-57.452778,Verificar que el punto coincida aproximadamente con el centro/eje de la pista declarada.,,,,,,,,,,
2467,LAD,EA. SAN NICOLAS,CORRIENTES,Resistencia (SARR),03/21,700m. x 15m.,TIERRA,64 mts.,"20 Km. al SE de SAN MIGUEL, Provincia de CORRIENTES.",-28.126944,-57.434167,Verificar que el punto coincida aproximadamente con el centro/eje de la pista declarada.,,,,,,,,,,
2468,LAD,EA. MONTE REY,CORRIENTES,Resistencia (SARR),18/36,450m. x 15m.,TIERRA,69 mts.,"44 Km. al SSW de ITUZAINGO, Provincia de CORRIENTES.",-27.947222,-56.873333,Verificar que el punto coincida aproximadamente con el centro/eje de la pista declarada.,,,,,,,,,,
2469,LAD,EA. BATEL,CORRIENTES,Resistencia (SARR),09/27,800m. x 30m.,TIERRA,60 mts.,"10 Km. al WNW de CHAVARRIA, Provincia de CORRIENTES.",-28.935,-58.661667,Verificar que el punto coincida aproximadamente con el centro/eje de la pista declarada.,,,,,,,,,,
2470,LAD,EA. SAN IGNACIO,CORRIENTES,Resistencia (SARR),09/27,350m. x 10m.,TIERRA,70 mts.,"30 Km. al SW de ITUZAINGO, Provincia de CORRIENTES.",-27.818889,-56.841944,Verificar que el punto coincida aproximadamente con el centro/eje de la pista declarada.,,,,,,,,,,
2471,LAD,EA. EL TRANSITO,CORRIENTES,Resistencia (SARR),14/32,700m. x 30m.,TIERRA,61 mts.,"9 Km. al E de CONCEPCION, Provincia de CORRIENTES.",-28.416667,-57.7,Verificar que el punto coincida aproximadamente con el centro/eje de la pista declarada.,,,,,,,,,,
2472,LAD,EA. LA CELINA,CORRIENTES,Resistencia (SARR),07/25,400m. x 20m.,TIERRA,72 mts.,"15 Km. al E de SAN MIGUEL, Provincia de CORRIENTES.",-28.025,-57.463889,Verificar que el punto coincida aproximadamente con el centro/eje de la pista declarada.,,,,,,,,,,
2473,LAD,EA. YAGUARETE,CORRIENTES,Resistencia (SARR),16/34,700m. x 15m.,TIERRA,67 mts.,"50 Km. al SW de ITUZAINGO, Provincia de CORRIENTES.",-27.935556,-57.018611,Verificar que el punto coincida aproximadamente con el centro/eje de la pista declarada.,,,,,,,,,,
2474,LAD,SAN JOSE,CORRIENTES,Resistencia (SARR),11/29,800m. x 30m.,TIERRA,88 mts.,"13 Km. al SW de CONCEPCION, Provincia de CORRIENTES.",-28.484444,-57.938333,Verificar que el punto coincida aproximadamente con el centro/eje de la pista declarada.,,,,,,,,,,
2475,LAD,LAGUNA DEL SOL,BUENOS AIRES,Ezeiza (SAEF),18/36,800m. x 30m.,TIERRA,10 mts.,"7 Km. al ENE de EST. NAHUEL RUCA, Provincia de BUENOS AIRES.",-37.466667,-57.366667,Verificar que el punto coincida aproximadamente con el centro/eje de la pista declarada.,,,,,,,,,,
2476,LAD,CAMPOS DE BURGOS,BUENOS AIRES,Ezeiza (SAEF),13/31,850m. x 30m.,TIERRA,55 mts.,"10 Km. al SSE de SANTA LUCIA, Provincia de BUENOS AIRES.",-33.966111,-59.845639,Verificar que el punto coincida aproximadamente con el centro/eje de la pista declarada.,,,,,,,,,,
2477,LAD,EO. LOS RULOS,SANTIAGO DEL ESTERO,Córdoba (SACF),01/19,1168m. x 23m.,TIERRA,80 mts.,"4 Km. al NNE de CASARES, Provincia de SANTIAGO DEL ESTERO.",-28.932778,-62.793611,Verificar que el punto coincida aproximadamente con el centro/eje de la pista declarada.,,,,,,,,,,
2478,LAD,LA GUADALOSA,CÓRDOBA,Córdoba (SACF),18/36,850m. x 30m.,TIERRA,168 mts.,"12 Km. al ENE de MONTE DE LOS GAUCHOS, Provincia de CÓRDOBA.",-33.605556,-63.770278,Verificar que el punto coincida aproximadamente con el centro/eje de la pista declarada.,,,,,,,,,,
2479,LAD,EA. SAN GABRIEL,BUENOS AIRES,Ezeiza (SAEF),13/31,820m. x 30m.,TIERRA,270 mts.,"16 Km. al SE de AZUCENA, Provincia de BUENOS AIRES.",-37.566389,-59.140278,Verificar que el punto coincida aproximadamente con el centro/eje de la pista declarada.,,,,,,,,,,
2480,LAD,EA. LA LEONOR,BUENOS AIRES,Ezeiza (SAEF),18/36,1000m. x 30m.,TIERRA,97 mts.,"9 Km. al SE de PASTEUR, Provincia de BUENOS AIRES.",-35.1875,-62.164722,Verificar que el punto coincida aproximadamente con el centro/eje de la pista declarada.,,,,,,,,,,
2481,LAD,NUEVO MILENIO,FORMOSA,Resistencia (SARR),06/24,1200m. x 30m.,TIERRA,94 mts.,"15 Km. al ENE de PALO SANTO, Provincia de FORMOSA.",-25.544167,-59.198333,Verificar que el punto coincida aproximadamente con el centro/eje de la pista declarada.,,,,,,,,,,
2482,LAD,CERRO PUITÁ,CORRIENTES,Resistencia (SARR),16/34,720m. x 30m.,TIERRA,62 mts.,"37 Km. al SW de CONCEPCION, Provincia de CORRIENTES.",-28.620556,-58.1625,Verificar que el punto coincida aproximadamente con el centro/eje de la pista declarada.,,,,,,,,,,
2483,LAD,EA. DOS ABUELOS,BUENOS AIRES,Ezeiza (SAEF),16/34,900m. x 50m.,TIERRA,96 mts.,"14 Km. al NW de CNL. MARTINEZ DE HOZ, Provincia de BUENOS AIRES.",-35.232778,-61.688611,Verificar que el punto coincida aproximadamente con el centro/eje de la pista declarada.,,,,,,,,,,
2485,LAD,EA. EL EMBRUJO,CÓRDOBA,Córdoba (SACF),03/21,1000m. x 60m.,TIERRA,104 mts.,"23 Km. al SSE de ALICIA, Provincia de CÓRDOBA.",-32.099722,-62.333611,Verificar que el punto coincida aproximadamente con el centro/eje de la pista declarada.,,,,,,,,,,
2487,LAD,YUCHAN - FRANZINI,SALTA,Córdoba (SACF),16/34,1000m. x 30m.,TIERRA,1300 mts.,"1.5 Km. al NW de YUCHAN, Provincia de SALTA.",-25.57,-66.3925,Verificar que el punto coincida aproximadamente con el centro/eje de la pista declarada.,,,,,,,,,,
2488,LAD,AMAICHA - FRANZINI,SALTA,Córdoba (SACF),18/36,1220m. x 40m.,TIERRA,2190 mts.,"17 Km. al SW de MOLINOS, Provincia de SALTA.",-25.57,-66.3925,Verificar que el punto coincida aproximadamente con el centro/eje de la pista declarada.,,,,,,,,,,
2489,LAD,LAS LOMITAS-FORMOSA,FORMOSA,Resistencia (SARR),18/36,1800m. x 30m.,TIERRA,130 mts.,"5 Km. al ESE de LAS LOMITAS, Provincia de FORMOSA.",-24.721311,-60.548906,Verificar que el punto coincida aproximadamente con el centro/eje de la pista declarada.,,,,,,,,,,
2490,LAD,EL COLORADO,FORMOSA,Resistencia (SARR),18/36,2100m. x 30m.,TIERRA,76 mts.,"2.5 Km. al W de EL COLORADO, Provincia de FORMOSA.",-26.316667,-59.333333,Verificar que el punto coincida aproximadamente con el centro/eje de la pista declarada.,,,,,,,,,,
2491,LAD,EA. CAPI GUARI,CORRIENTES,Resistencia (SARR),12/30,800m. x 35m.,TIERRA,86 mts.,"18 Km. al W de SOLARI, Provincia de CORRIENTES.",-29.318611,-58.3575,Verificar que el punto coincida aproximadamente con el centro/eje de la pista declarada.,,,,,,,,,,
2492,LAD,EA. 10 DE JULIO - LOS CISNES,CÓRDOBA,Córdoba (SACF),04/22,950m. x 60m.,TIERRA,170 mts.,"20 Km. al E de ALEJENDRO, Provincia de CÓRDOBA.",-33.398611,-63.501111,Verificar que el punto coincida aproximadamente con el centro/eje de la pista declarada.,,,,,,,,,,
2493,LAD,EA. EL CARMEN,SANTA FE,Ezeiza (SAEF),01/19,1500m. x 30m.,TIERRA,108 mts.,"2.5 Km. al SW de CHRISTOPHERSEN, Provincia de SANTA FE.",-34.191944,-62.046111,Verificar que el punto coincida aproximadamente con el centro/eje de la pista declarada.,,,,,,,,,,
2494,LADH,EO. LA FAVORITA - FAVEUR,BUENOS AIRES,Ezeiza (SAEF),-,50m. x 50m.,TIERRA,18 mts.,"25 Km. al SW de CORONEL BRANDSEN, Provincia de BUENOS AIRES.",-35.279722,-58.459167,Verificar que el punto coincida con el centro del helipuerto o área de aterrizaje.,,,,,,,,,,
2495,LAD,EA. TAJAMARES,ENTRE RÍOS,Ezeiza (SAEF),17/35,750m. x 24m.,TIERRA,55 mts.,"11 Km. al W de GOBERNADOR MANSILLA, Provincia de ENTRE RÍOS.",-32.5625,-59.474722,Verificar que el punto coincida aproximadamente con el centro/eje de la pista declarada.,,,,,,,,,,
2496,LAD,BANDERA NADAL,SANTIAGO DEL ESTERO,Córdoba (SACF),03/21,1000m. x 25m.,TIERRA,290 mts.,"28 Km. al SE de BANDERA, Provincia de SANTIAGO DEL ESTERO.",-28.928889,-61.985556,Verificar que el punto coincida aproximadamente con el centro/eje de la pista declarada.,,,,,,,,,,
2497,LAD,EA. LOS CORRALITOS,CÓRDOBA,Mendoza (SAMF),18/36,1400m. x 25m.,TIERRA,472 mts.,"5.5 Km. al SE de CHAJAN, Provincia de CÓRDOBA.",-33.55,-65.0,Verificar que el punto coincida aproximadamente con el centro/eje de la pista declarada.,,,,,,,,,,
2498,LAD,SAMPACHO / BRIDAROLI,CÓRDOBA,Mendoza (SAMF),18/36,260m. x 30m.,TIERRA,431 mts.,"1 Km. al S de SAMPACHO, Provincia de CÓRDOBA.",-33.383333,-64.701944,Verificar que el punto coincida aproximadamente con el centro/eje de la pista declarada.,,,,,,,,,,
2499,LAD,AGROPECUARIA ORTIZ HERMANOS,BUENOS AIRES,Ezeiza (SAEF),17/35,686m. x 30m.,TIERRA,21 mts.,"7 Km. al NE de NECOCHEA, Provincia de BUENOS AIRES.",-38.500556,-58.69,Verificar que el punto coincida aproximadamente con el centro/eje de la pista declarada.,,,,,,,,,,
2501,LAD,FINCA EL ALGARROBAL,SALTA,Córdoba (SACF),01/19,1180m. x 30m.,TIERRA,390 mts.,"5.5 Km. al NW de JOAQUIN V. GONZALEZ, Provincia de SALTA.",-25.09,-64.176389,Verificar que el punto coincida aproximadamente con el centro/eje de la pista declarada.,,,,,,,,,,
2503,LAD,FINCA LOS DALMATAS,SALTA,Córdoba (SACF),01/19,1500m. x 15m.,TIERRA,300 mts.,"58 Km. al ENE de LAS LAJITAS, Provincia de SALTA.",-24.594444,-63.682778,Verificar que el punto coincida aproximadamente con el centro/eje de la pista declarada.,,,,,,,,,,
2504,LADH,SECCION AVIACION EJERCITO 2,ENTRE RÍOS,Ezeiza (SAEF),-,20m. x 20m.,TIERRA,71 mts.,"5 Km. al W de PARANA, Provincia de ENTRE RÍOS.",-31.748056,-60.540278,Verificar que el punto coincida con el centro del helipuerto o área de aterrizaje.,,,,,,,,,,
2505,LAD,ITALO - FLORES,CÓRDOBA,Ezeiza (SAEF),18/36,1190m. x 20m.,TIERRA,146 mts.,"2.5 Km. al N de ITALO, Provincia de CÓRDOBA.",-34.76525,-63.796333,Verificar que el punto coincida aproximadamente con el centro/eje de la pista declarada.,,,,,,,,,,
2506,LAD,AGUA ESCONDIDA,CÓRDOBA,Ezeiza (SAEF),18/36,1300m. x 50m.,TIERRA,433 mts.,"5 Km. al E de SANTA ELENA, Provincia de CÓRDOBA.",-30.134722,-63.784444,Verificar que el punto coincida aproximadamente con el centro/eje de la pista declarada.,,,,,,,,,,
2507,LAD,COLONIA RIVADAVIA- EL PINGO,ENTRE RÍOS,Ezeiza (SAEF),06/24,940m. x 25m.,TIERRA,105 mts.,"6 Km. al SW de GOBERNADOR RACEDO, Provincia de ENTRE RÍOS.",-31.612,-60.121111,Verificar que el punto coincida aproximadamente con el centro/eje de la pista declarada.,,,,,,,,,,
2508,LAD,EA. LA BLANCA,CÓRDOBA,Ezeiza (SAEF),01/19,800m. x 24m.,TIERRA,118 mts.,"10 Km. al N de ALEJO LEDESMA, Provincia de CÓRDOBA.",-33.488333,-62.638333,Verificar que el punto coincida aproximadamente con el centro/eje de la pista declarada.,,,,,,,,,,
2509,LAD,EA. EL MATE,LA PAMPA,Ezeiza (SAEF),03/21,950m. x 25m.,TIERRA,300 mts.,"40 Km. al S de TELEN, Provincia de LA PAMPA.",-36.495,-65.555,Verificar que el punto coincida aproximadamente con el centro/eje de la pista declarada.,,,,,,,,,,
2510,LAD,LOS MOLLES - QUEIJO,CÓRDOBA,Córdoba (SACF),18/36,1200m. x 40m.,TIERRA,128 mts.,"6 Km. al SW de ARIAS, Provincia de CÓRDOBA.",-33.691667,-62.451389,Verificar que el punto coincida aproximadamente con el centro/eje de la pista declarada.,,,,,,,,,,
2511,LAD,EA. RINCON AMIGO,SANTA CRUZ,Comodoro (SAVF),18/36 - 07/25,750m. x 20m. - 650m. x 20m.,TIERRA,250 mts.,"114 Km. al NW de RIO GALLEGOS, Provincia de SANTA CRUZ.",-51.033333,-70.5,Verificar que el punto coincida aproximadamente con el centro/eje de la pista declarada.,,,,,,,,,,
2512,LAD,RINCON DEL DIABLO,CORRIENTES,Resistencia (SARR),18/36,1100m. x 35m.,TIERRA,104 mts.,"47 Km. al N de MERCEDES, Provincia de CORRIENTES.",-28.756944,-58.038611,Verificar que el punto coincida aproximadamente con el centro/eje de la pista declarada.,,,,,,,,,,
2513,LAD,EA. AÑA CUA,CORRIENTES,Resistencia (SARR),01/19,700m. x 40m.,TIERRA,88 mts.,"18 Km. al SW de TABAY, Provincia de CORRIENTES.",-28.436111,-58.410833,Verificar que el punto coincida aproximadamente con el centro/eje de la pista declarada.,,,,,,,,,,
2514,LAD,EA. IBERA,CORRIENTES,Resistencia (SARR),02/20,800m. x 20m.,TIERRA,85 mts.,"3 Km. al SW de CARLOS PELLEGRINI, Provincia de CORRIENTES.",-28.553611,-57.200556,Verificar que el punto coincida aproximadamente con el centro/eje de la pista declarada.,,,,,,,,,,
2515,LAD,LA CAUTIVA,ENTRE RÍOS,Ezeiza (SAEF),15/33,600m. x 20m.,TIERRA,57 mts.,"14 Km. al SE de YESO, Provincia de ENTRE RÍOS.",-31.010278,-59.339722,Verificar que el punto coincida aproximadamente con el centro/eje de la pista declarada.,,,,,,,,,,
2516,LAD,EO. LA SISTINA,BUENOS AIRES,Ezeiza (SAEF),01/19,1000m. x 30m.,TIERRA,102 mts.,"4 Km. al NNW de GUAMINI, Provincia de BUENOS AIRES.",-36.978611,-62.437778,Verificar que el punto coincida aproximadamente con el centro/eje de la pista declarada.,,,,,,,,,,
2518,LADH,HOSPITAL DOMINGO FUNES,CÓRDOBA,Córdoba (SACF),-,12m. x 12m.,TIERRA,800 mts.,"6 Km. al S de COSQUIN, Provincia de CÓRDOBA.",-31.296667,-64.455278,Verificar que el punto coincida con el centro del helipuerto o área de aterrizaje.,,,,,,,,,,
2519,LAD,EA. LA MARIA,ENTRE RÍOS,Ezeiza (SAEF),18/36,1100m. x 25m.,TIERRA,22.5 mts.,"4 Km. al NW de PALAVECINO , Provincia de ENTRE RÍOS.",-32.936667,-58.6775,Verificar que el punto coincida aproximadamente con el centro/eje de la pista declarada.,,,,,,,,,,
2520,LAD,EA. CABAÑA CAA CUPE,CORRIENTES,Resistencia (SARR),08/26,1200m. x 30m.,TIERRA,62 mts.,"5 Km. al SW de SAN LUIS DEL PALMAR, Provincia de CORRIENTES.",-27.533333,-58.583333,Verificar que el punto coincida aproximadamente con el centro/eje de la pista declarada.,,,,,,,,,,
2522,LAD,EA. LA CABAÑA,BUENOS AIRES,Ezeiza (SAEF),08/26,1200m. x 30m.,TIERRA,160 mts.,"11 Km. al SW de HUANGUELEN, Provincia de BUENOS AIRES.",-37.136667,-62.011389,Verificar que el punto coincida aproximadamente con el centro/eje de la pista declarada.,,,,,,,,,,
2523,LAD,LEVAGRO S.H.,CÓRDOBA,Ezeiza (SAEF),18/36,1200m. x 50m.,TIERRA,172 mts.,"1 Km. al S de GENERAL LEVALLE, Provincia de CÓRDOBA.",-34.045833,-63.919444,Verificar que el punto coincida aproximadamente con el centro/eje de la pista declarada.,,,,,,,,,,
2524,LAD,PICO TRUNCADO,SANTA CRUZ,Comodoro (SAVF),09/27,1000m. x 30m.,TIERRA,285 mts.,"7 Km. al SE de PICO TRUNCADO, Provincia de SANTA CRUZ.",-46.831769,-67.869292,Verificar que el punto coincida aproximadamente con el centro/eje de la pista declarada.,,,,,,,,,,
2525,LAD,FINCA EL ZANJON,SALTA,Córdoba (SACF),12/30,940m. x 24m.,TIERRA,910 mts.,"37 Km. al SE de GENERAL GÜEMES, Provincia de SALTA.",-24.950556,-64.862222,Verificar que el punto coincida aproximadamente con el centro/eje de la pista declarada.,,,,,,,,,,
2527,LAD,AGROEDERA S.A.,CÓRDOBA,Ezeiza (SAEF),18/36,1000m. x 30m.,TIERRA,127 mts.,"17 Km. al S de ALEJO LEDESMA, Provincia de CÓRDOBA.",-33.723611,-62.690278,Verificar que el punto coincida aproximadamente con el centro/eje de la pista declarada.,,,,,,,,,,
2528,LAD,QUINTA DOÑA CATA,CÓRDOBA,Córdoba (SACF),02/20,800m. x 25m.,TIERRA,124 mts.,"1 Km. al SW de VIAMONTE, Provincia de CÓRDOBA.",-33.749722,-63.108889,Verificar que el punto coincida aproximadamente con el centro/eje de la pista declarada.,,,,,,,,,,
2529,LAD,EO. LA RESERVA,SAN LUIS,Mendoza (SAMF),16/34,1000m. x 50m.,TIERRA,300 mts.,"23 Km. al S de UNION , Provincia de SAN LUIS.",-35.366389,-65.918889,Verificar que el punto coincida aproximadamente con el centro/eje de la pista declarada.,,,,,,,,,,
2530,LAD,SANTA FLORIDA,CÓRDOBA,Ezeiza (SAEF),01/19,1100m. x 50m.,TIERRA,100 mts.,"10 Km. al E de MONTE MAIZ, Provincia de CÓRDOBA.",-33.200278,-62.501389,Verificar que el punto coincida aproximadamente con el centro/eje de la pista declarada.,,,,,,,,,,
2531,LAD,LOS HERMANOS,CÓRDOBA,Córdoba (SACF),18/36,1100m. x 50m.,TIERRA,150 mts.,"26 Km. al N de VILLA HUIDOBRO, Provincia de CÓRDOBA.",-34.600556,-64.6,Verificar que el punto coincida aproximadamente con el centro/eje de la pista declarada.,,,,,,,,,,
2533,LAD,COLONIA ALPINA - MIGUEL A. GODINO,SANTIAGO DEL ESTERO,Córdoba (SACF),01/19,800m. x 15m.,TIERRA,54.5 mts.,"14 Km. al S de COLONIA ALPINA, Provincia de SANTIAGO DEL ESTERO.",-30.176111,-62.104444,Verificar que el punto coincida aproximadamente con el centro/eje de la pista declarada.,,,,,,,,,,
2534,LAD,EA. LA DIVISION,BUENOS AIRES,Ezeiza (SAEF),14/32,1200m. x 30m.,TIERRA,120 mts.,"23 Km. al N de CARHUE, Provincia de BUENOS AIRES.",-36.978056,-62.7575,Verificar que el punto coincida aproximadamente con el centro/eje de la pista declarada.,,,,,,,,,,
2535,LAD,EA. LA LUCIANA,CÓRDOBA,Córdoba (SACF),01/19,850m. x 25m.,TIERRA,195 mts.,"16 Km. al SE de SEBASTIAN ELCANO, Provincia de CÓRDOBA.",-30.301389,-63.526667,Verificar que el punto coincida aproximadamente con el centro/eje de la pista declarada.,,,,,,,,,,
2536,LAD,EO. PIEDRA MORA,CÓRDOBA,Córdoba (SACF),18/36,1350m. x 30m.,TIERRA,260 mts.,"2.5 Km. al SSW de CAÑADA DE LUQUE, Provincia de CÓRDOBA.",-30.749444,-63.73,Verificar que el punto coincida aproximadamente con el centro/eje de la pista declarada.,,,,,,,,,,
2537,LAD,EA. EL ALEGRE,CÓRDOBA,Mendoza (SAMF),18/36,950m. x 50m.,TIERRA,250 mts.,"33 Km. al N de VILLA VALERIA, Provincia de CÓRDOBA.",-34.240278,-64.763889,Verificar que el punto coincida aproximadamente con el centro/eje de la pista declarada.,,,,,,,,,,
2538,LAD,EL RECUERDO - MORRESI,BUENOS AIRES,Ezeiza (SAEF),13/31,590m. x 40m.,TIERRA,86 mts.,"5 Km. al SSE de QUIROGA, Provincia de BUENOS AIRES.",-35.317222,-61.365833,Verificar que el punto coincida aproximadamente con el centro/eje de la pista declarada.,,,,,,,,,,
2540,LAD,EA. LAS DORITAS,FORMOSA,Resistencia (SARR),18/36,900m. x 30m.,TIERRA,96 mts.,"25 Km. al SSW de COMANDANTE FONTANA, Provincia de FORMOSA.",-25.543889,-59.754167,Verificar que el punto coincida aproximadamente con el centro/eje de la pista declarada.,,,,,,,,,,
2541,LAD,EL MIRADOR-CORRIENTES,CORRIENTES,Resistencia (SARR),03/21,900m. x 30m.,TIERRA,57 mts.,"27 Km. al N de YUQUERI, Provincia de CORRIENTES.",-28.761944,-58.016667,Verificar que el punto coincida aproximadamente con el centro/eje de la pista declarada.,,,,,,,,,,
2542,LADH,PROEMTUR S.A,CÓRDOBA,Córdoba (SACF),-,50m. x 50m.,TIERRA,512 mts.,"1.3 Km. al N de SAN AGUSTIN, Provincia de CÓRDOBA.",-31.966111,-64.37,Verificar que el punto coincida con el centro del helipuerto o área de aterrizaje.,,,,,,,,,,
2544,LAD,LA CARRETA,SANTA FE,Córdoba (SACF),01/19,1500m. x 30m.,TIERRA,74 mts.,"12.5 Km. al SSE de VILLA MINETI, Provincia de SANTA FE.",-28.728611,-61.576111,Verificar que el punto coincida aproximadamente con el centro/eje de la pista declarada.,,,,,,,,,,
2548,LAD,LAS UNIDAS CORRALES,CHACO,Resistencia (SARR),17/35,1000m. x 30m.,TIERRA,58 mts.,"19.5 Km. al E de COMUNA LA SABANA, Provincia de CHACO.",-27.853056,-59.7525,Verificar que el punto coincida aproximadamente con el centro/eje de la pista declarada.,,,,,,,,,,
2549,LAD,LAS UNIDAS CASCO,CHACO,Resistencia (SARR),15/33,800m. x 30m.,TIERRA,59 mts.,"15 Km. al E de COMUNA LA SABANA, Provincia de CHACO.",-27.835556,-59.802778,Verificar que el punto coincida aproximadamente con el centro/eje de la pista declarada.,,,,,,,,,,
2550,LAD,LA MATILDE,SANTA FE,Resistencia (SARR),18/36,1800m. x 60m.,TIERRA,59 mts.,"10.5 Km. al NE de MALABRIGO, Provincia de SANTA FE.",-29.345833,-59.87,Verificar que el punto coincida aproximadamente con el centro/eje de la pista declarada.,,,,,,,,,,
2551,LAD,EL LUCERO-SANTA FE,SANTA FE,Resistencia (SARR),18/36,1500m. x 50m.,TIERRA,62 mts.,"39 Km. al NE de HUANQUERO, Provincia de SANTA FE.",-29.904167,-60.835,Verificar que el punto coincida aproximadamente con el centro/eje de la pista declarada.,,,,,,,,,,
2552,LAD,CASTELLI,BUENOS AIRES,Ezeiza (SAEF),01/19,750m. x 18m.,TIERRA,10 mts.,"5 Km. al WSW de CASTELLI, Provincia de BUENOS AIRES.",-36.110181,-57.862672,Verificar que el punto coincida aproximadamente con el centro/eje de la pista declarada.,,,,,,,,,,
2553,LAD,SALVUCCI AVIACION-ROVERSI,SANTIAGO DEL ESTERO,Córdoba (SACF),01/19,1200m. x 25m.,TIERRA,150 mts.,"2 Km. al SSW de ROVERSI, Provincia de SANTIAGO DEL ESTERO.",-27.608611,-61.951389,Verificar que el punto coincida aproximadamente con el centro/eje de la pista declarada.,,,,,,,,,,
2554,LAD,EO. SAN SANTIAGO,BUENOS AIRES,Ezeiza (SAEF),04/22,870m. x 30m.,TIERRA,225 mts.,"20 Km. al W de NAPALEUFU, Provincia de BUENOS AIRES.",-37.628333,-58.986111,Verificar que el punto coincida aproximadamente con el centro/eje de la pista declarada.,,,,,,,,,,
2555,LAD,EA. LA PRADERA,BUENOS AIRES,Ezeiza (SAEF),04/22,1000m. x 30m.,TIERRA,902 mts.,"9 Km. al SSE de LAS TOSCAS, Provincia de BUENOS AIRES.",-35.437778,-61.777778,Verificar que el punto coincida aproximadamente con el centro/eje de la pista declarada.,,,,,,,,,,
2556,LAD,EA. SANTO TOMAS,CHACO,Córdoba (SACF),13/31,1300m. x 45m.,TIERRA,222 mts.,"12.1 Km. al NE de TACO POZO, Provincia de CHACO.",-25.185556,-62.744167,Verificar que el punto coincida aproximadamente con el centro/eje de la pista declarada.,,,,,,,,,,
2557,LAD,EA. EL VOLCAN,BUENOS AIRES,Ezeiza (SAEF),13/31,1000m. x 30m.,TIERRA,130 mts.,"9 Km. al N de BALCARCE, Provincia de BUENOS AIRES.",-37.791667,-58.0375,Verificar que el punto coincida aproximadamente con el centro/eje de la pista declarada.,,,,,,,,,,
2558,LAD,EA. LA PRADERA - ZUNESMA,SANTIAGO DEL ESTERO,Córdoba (SACF),09/27,1000m. x 50m.,TIERRA,96 mts.,"32 Km. al NW de OTUMPA , Provincia de SANTIAGO DEL ESTERO.",-26.971667,-61.976944,Verificar que el punto coincida aproximadamente con el centro/eje de la pista declarada.,,,,,,,,,,
2559,LAD,PASO DE LAS PIEDRAS,ENTRE RÍOS,Ezeiza (SAEF),01/19,900m. x 28m.,TIERRA,50 mts.,"19 Km. al W de VILLA MARIA GRANDE, Provincia de ENTRE RÍOS.",-31.700278,-60.101667,Verificar que el punto coincida aproximadamente con el centro/eje de la pista declarada.,,,,,,,,,,
2560,LAD,EA. CORRIENTES / SOL DE JULIO,SANTIAGO DEL ESTERO,Córdoba (SACF),01/19,455m. x 30m.,TIERRA,440 mts.,"9 Km. al SW de SOL DE JULIO, Provincia de SANTIAGO DEL ESTERO.",-29.583333,-63.466667,Verificar que el punto coincida aproximadamente con el centro/eje de la pista declarada.,,,,,,,,,,
2561,LAD,EA. LA TARUCA PAMPA,SANTIAGO DEL ESTERO,Córdoba (SACF),17/35,1500m. x 30m.,TIERRA,270 mts.,"14 Km. al N de LOS TELARES , Provincia de SANTIAGO DEL ESTERO.",-28.883333,-63.483333,Verificar que el punto coincida aproximadamente con el centro/eje de la pista declarada.,,,,,,,,,,
2562,LAD,POTRERO DE GARAY,CÓRDOBA,Córdoba (SACF),18/36,780m. x 30m.,TIERRA,759 mts.,"19 Km. al NE de VA. GRAL BELGRANO, Provincia de CÓRDOBA.",-31.790556,-64.538611,Verificar que el punto coincida aproximadamente con el centro/eje de la pista declarada.,,,,,,,,,,
2563,LAD,SANTILLO SERVICIOS S.R.L.,SANTIAGO DEL ESTERO,Córdoba (SACF),18/36,1350m. x 40m.,TIERRA,32 mts.,"1 Km. al SE de BANDERA, Provincia de SANTIAGO DEL ESTERO.",-28.883611,-62.250833,Verificar que el punto coincida aproximadamente con el centro/eje de la pista declarada.,,,,,,,,,,
2564,LAD,LA SEÑORA DEL MILAGRO S.R.L.,BUENOS AIRES,Ezeiza (SAEF),06/24,1000m. x 30m.,TIERRA,24 mts.,"11 Km. al NE de LIMA, Provincia de BUENOS AIRES.",-33.984444,-59.109444,Verificar que el punto coincida aproximadamente con el centro/eje de la pista declarada.,,,,,,,,,,
2565,LAD,EO. LA ARGENTINA,BUENOS AIRES,Ezeiza (SAEF),18/36 - 14/32,950m. x 18m. - 630m. x 18m.,TIERRA,189 mts.,"11 Km. al SE de DE LA GARMA, Provincia de BUENOS AIRES.",-37.919167,-60.526944,Verificar que el punto coincida aproximadamente con el centro/eje de la pista declarada.,,,,,,,,,,
2566,LAD,EL GAUCHO,CÓRDOBA,Córdoba (SACF),18/36,600m. x 40m.,TIERRA,100 mts.,"8 Km. al SE de PORTEÑA, Provincia de CÓRDOBA.",-31.043889,-61.983333,Verificar que el punto coincida aproximadamente con el centro/eje de la pista declarada.,,,,,,,,,,
2567,LAD,CRIADERO,SANTA FE,Ezeiza (SAEF),04/22,755m. x 24m.,TIERRA,89 mts.,"2 Km. al S de TEODELINA, Provincia de SANTA FE.",-34.205278,-61.533889,Verificar que el punto coincida aproximadamente con el centro/eje de la pista declarada.,,,,,,,,,,
2568,LAD,EA. LA ELVIRA,CHUBUT,Comodoro (SAVF),08/26,1200m. x 12m.,TIERRA,20 mts.,"10 Km. al S de VALDES, Provincia de CHUBUT.",-42.540278,-63.649722,Verificar que el punto coincida aproximadamente con el centro/eje de la pista declarada.,,,,,,,,,,
2569,LADH,ALDEA POTRERILLO,CÓRDOBA,Ezeiza (SAEF),-,100m. x 200m.,TIERRA,895 mts.,"21 Km. al SO de ALTA GRACIA, Provincia de CÓRDOBA.",-31.797222,-64.592778,Verificar que el punto coincida con el centro del helipuerto o área de aterrizaje.,,,,,,,,,,
2570,LAD,EA. DOS RANCHOS,CHACO,Resistencia (SARR),10/28,900m. x 50m.,TIERRA,300 mts.,"7.42 Km. al N de GRAL. VEDIA, Provincia de CHACO.",-26.869167,-58.644139,Verificar que el punto coincida aproximadamente con el centro/eje de la pista declarada.,,,,,,,,,,
2571,LAD,EA. LA PEPA,CORRIENTES,Resistencia (SARR),18/36,900m. x 30m.,TIERRA,107 mts.,"6 Km. al SE de MERCEDES, Provincia de CORRIENTES.",-29.221111,-58.027778,Verificar que el punto coincida aproximadamente con el centro/eje de la pista declarada.,,,,,,,,,,
2572,LAD,LOS COLORADOS,SALTA,Córdoba (SACF),01/19,1000m. x 35m.,TIERRA,455 mts.,"15 Km. al NE de RIO DEL VALLE, Provincia de SALTA.",-24.654167,-64.1625,Verificar que el punto coincida aproximadamente con el centro/eje de la pista declarada.,,,,,,,,,,
2573,LAD,LAS LOMITAS-BS.AS.,BUENOS AIRES,Ezeiza (SAEF),05/23,600m. x 25m.,TIERRA,46 mts.,"7 Km. al NW de GRAL. CONESA, Provincia de BUENOS AIRES.",-33.5425,-60.396111,Verificar que el punto coincida aproximadamente con el centro/eje de la pista declarada.,,,,,,,,,,
2574,LADH,HOTEL HERMITAGE,BUENOS AIRES,Ezeiza (SAEF),-,33m. x 40m.,TIERRA,2 mts.,"0.5 Km. al W de MAR DEL PLATA, Provincia de BUENOS AIRES.",-38.007222,-57.539167,Verificar que el punto coincida con el centro del helipuerto o área de aterrizaje.,,,,,,,,,,
2575,LAD,EA. EL YUCHAN / ARCOR,SANTIAGO DEL ESTERO,Córdoba (SACF),18/36,900m. x 60m.,TIERRA,134 mts.,"3 Km. al NW de YUCHAN, Provincia de SANTIAGO DEL ESTERO.",-27.793861,-62.99075,Verificar que el punto coincida aproximadamente con el centro/eje de la pista declarada.,,,,,,,,,,
2576,LAD,LA CHACRA,CÓRDOBA,Córdoba (SACF),18/36,850m. x 50m.,TIERRA,708 mts.,"5.87 Km. al SW de AVELLANEDA , Provincia de CÓRDOBA.",-30.643611,-64.216389,Verificar que el punto coincida aproximadamente con el centro/eje de la pista declarada.,,,,,,,,,,
2577,LAD,EA. LA CONSTANCIA,SANTIAGO DEL ESTERO,Córdoba (SACF),01/19,1100m. x 20m.,TIERRA,79 mts.,"24 Km. al SE de LOS JURIES, Provincia de SANTIAGO DEL ESTERO.",-28.571389,-61.884722,Verificar que el punto coincida aproximadamente con el centro/eje de la pista declarada.,,,,,,,,,,
2578,LAD,SAUZALITO,CHACO,Resistencia (SARR),04/22,1200m. x 23m.,TIERRA,176 mts.,"6 Km. al S de SAUZALITO , Provincia de CHACO.",-24.447833,-61.692278,Verificar que el punto coincida aproximadamente con el centro/eje de la pista declarada.,,,,,,,,,,
2579,LAD,LAS ARRIAS /GARELLO,CÓRDOBA,Córdoba (SACF),03/21,1200m. x 20m.,TIERRA,182 mts.,"9 Km. al S de ARRIAS, Provincia de CÓRDOBA.",-30.439167,-63.585278,Verificar que el punto coincida aproximadamente con el centro/eje de la pista declarada.,,,,,,,,,,
2580,LAD,EA. SANTA DOMINGA,BUENOS AIRES,Ezeiza (SAEF),02/20,1030m. x 90m.,TIERRA,178 mts.,"40 Km. al NW de OLAVARRIA, Provincia de BUENOS AIRES.",-36.693333,-60.684167,Verificar que el punto coincida aproximadamente con el centro/eje de la pista declarada.,,,,,,,,,,
2581,LAD,AEROMEGA,CÓRDOBA,Córdoba (SACF),04/22,1217m. x 50m.,TIERRA,100 mts.,"3 Km. al SW de VICUÑA MACKENA, Provincia de CÓRDOBA.",-33.933056,-64.403056,Verificar que el punto coincida aproximadamente con el centro/eje de la pista declarada.,,,,,,,,,,
2583,LAD,LAS MOSTAZAS,CÓRDOBA,Córdoba (SACF),18/36,1250m. x 60m.,TIERRA,104 mts.,"13 Km. al NE de RINCONADA, Provincia de CÓRDOBA.",-30.109722,-62.841111,Verificar que el punto coincida aproximadamente con el centro/eje de la pista declarada.,,,,,,,,,,
2584,LAD,EA. LOS TILOS,BUENOS AIRES,Ezeiza (SAEF),18/36,850m. x 40m.,TIERRA,185 mts.,"17.5 Km. al S de GRAL. LAMADRID, Provincia de BUENOS AIRES.",-37.408889,-61.204444,Verificar que el punto coincida aproximadamente con el centro/eje de la pista declarada.,,,,,,,,,,
2585,LADH,LOS MIMBRES,CÓRDOBA,Córdoba (SACF),-,50m. x 50m.,TIERRA,653 mts.,"2.5 Km. al NNE de VILLA CARLOS PAZ, Provincia de CÓRDOBA.",-31.384444,-64.487222,Verificar que el punto coincida con el centro del helipuerto o área de aterrizaje.,,,,,,,,,,
2586,LADH,AREA LAGO ESCONDIDO,RÍO NEGRO,Comodoro (SAVF),-,100m. x 100m.,TIERRA,468 mts.,"31 Km. al NNW de EL BOLSON, Provincia de RÍO NEGRO.",-41.609444,-71.639722,Verificar que el punto coincida con el centro del helipuerto o área de aterrizaje.,,,,,,,,,,
2587,LAD,TRATAYEN,NEUQUÉN,Ezeiza (SAEF),13/31,900m. x 15m.,TIERRA,394 mts.,"18 Km. al ESE de AÑELO, Provincia de NEUQUÉN.",-38.411667,-68.624167,Verificar que el punto coincida aproximadamente con el centro/eje de la pista declarada.,,,,,,,,,,
2588,LAD,COLONIA DURAN,SANTA FE,Resistencia (SARR),09/27,1000m. x 40m.,TIERRA,200 mts.,"22 Km. al SE de VERA, Provincia de SANTA FE.",-29.554722,-60.008333,Verificar que el punto coincida aproximadamente con el centro/eje de la pista declarada.,,,,,,,,,,
2589,LAD,ARROCERA DESAGUADERO,SANTA FE,Resistencia (SARR),01/19,1000m. x 40m.,TIERRA,125 mts.,"31 Km. al SSE de ALEJANDRA, Provincia de SANTA FE.",-30.1875,-59.9325,Verificar que el punto coincida aproximadamente con el centro/eje de la pista declarada.,,,,,,,,,,
2591,LAD,EL LUCERO-CÓRDOBA,CÓRDOBA,Ezeiza (SAEF),01/19,1000m. x 24m.,TIERRA,107 mts.,"11 Km. al NE de SATURNINO LASPIUR, Provincia de CÓRDOBA.",-33.614722,-62.430556,Verificar que el punto coincida aproximadamente con el centro/eje de la pista declarada.,,,,,,,,,,
2592,LAD,LA LEONOR,BUENOS AIRES,Ezeiza (SAEF),04/22,740m. x 30m.,TIERRA,50 mts.,"3 Km. al SE de GRAL. CONESA, Provincia de BUENOS AIRES.",-33.613611,-60.326389,Verificar que el punto coincida aproximadamente con el centro/eje de la pista declarada.,,,,,,,,,,
2593,LAD,EUFEMIA / BONO,CÓRDOBA,Córdoba (SACF),01/19,900m. x 27m.,TIERRA,114 mts.,"8 Km. al E de CHAZON, Provincia de CÓRDOBA.",-33.1075,-63.198056,Verificar que el punto coincida aproximadamente con el centro/eje de la pista declarada.,,,,,,,,,,
2594,LAD,GESSLER,SANTA FE,Ezeiza (SAEF),01/19,900m. x 18m.,TIERRA,43 mts.,"2 Km. al SSW de GESSLER, Provincia de SANTA FE.",-31.894444,-61.139444,Verificar que el punto coincida aproximadamente con el centro/eje de la pista declarada.,,,,,,,,,,
2595,LAD,EA. RAMON II,LA PAMPA,Ezeiza (SAEF),18/36,710m. x 41m.,TIERRA,140 mts.,"23 Km. al SE de HILARIO LAGOS, Provincia de LA PAMPA.",-35.108333,-63.814444,Verificar que el punto coincida aproximadamente con el centro/eje de la pista declarada.,,,,,,,,,,
2597,LAD,LA SARITA,CÓRDOBA,Córdoba (SACF),18/36,1000m. x 25m.,TIERRA,180 mts.,"10 Km. al W de LOS CISNES, Provincia de CÓRDOBA.",-33.376667,-63.575,Verificar que el punto coincida aproximadamente con el centro/eje de la pista declarada.,,,,,,,,,,
2598,LAD,EA. LA VERDE-SANTA CRUZ,SANTA CRUZ,Comodoro (SAVF),09/27,1000m. x 20m.,TIERRA,420 mts.,"46 Km. al NW de GOB. GREGORES, Provincia de SANTA CRUZ.",-48.405278,-70.556111,Verificar que el punto coincida aproximadamente con el centro/eje de la pista declarada.,,,,,,,,,,
2599,LAD,AGROPECUARIA CANTOMI S.A.,RÍO NEGRO,Comodoro (SAVF),12/30,1400m. x 40m.,TIERRA,74 mts.,"45 Km. al WNW de GRAL. CONESA, Provincia de RÍO NEGRO.",-39.923333,-64.91,Verificar que el punto coincida aproximadamente con el centro/eje de la pista declarada.,,,,,,,,,,
2600,LADH,EL CASTILLO,CÓRDOBA,Córdoba (SACF),-,50m. x 30m.,TIERRA,653 mts.,"1 Km. al S de SALSIPUEDES, Provincia de CÓRDOBA.",-31.151667,-64.296944,Verificar que el punto coincida con el centro del helipuerto o área de aterrizaje.,,,,,,,,,,
2602,LAD,EA. LA MONEDA,SAN LUIS,Mendoza (SAMF),15/33,1000m. x 30m.,TIERRA,689 mts.,"43 Km. al SSW de FRAGA, Provincia de SAN LUIS.",-33.780556,-66.068889,Verificar que el punto coincida aproximadamente con el centro/eje de la pista declarada.,,,,,,,,,,
2603,LAD,LA PALMIRA,CÓRDOBA,Córdoba (SACF),05/23,1200m. x 30m.,TIERRA,546 mts.,"1.5 Km. al S de VILLA DE SOTO, Provincia de CÓRDOBA.",-30.870833,-64.988611,Verificar que el punto coincida aproximadamente con el centro/eje de la pista declarada.,,,,,,,,,,
2604,LAD,SAN ANTONIO,CORRIENTES,Resistencia (SARR),01/19,800m. x 50m.,TIERRA,77.5 mts.,"6 Km. al NNE de LORETO, Provincia de CORRIENTES.",-27.715278,-57.265,Verificar que el punto coincida aproximadamente con el centro/eje de la pista declarada.,,,,,,,,,,
2605,LAD,EA. SUYAI - LAGO PUEYRREDON,SANTA CRUZ,Comodoro (SAVF),15/33,1000m. x 20m.,TIERRA,159 mts.,"28 Km. al NW de LAGO POSADAS, Provincia de SANTA CRUZ.",-47.364167,-71.975833,Verificar que el punto coincida aproximadamente con el centro/eje de la pista declarada.,,,,,,,,,,
2607,LAD,EL PORVENIR,SAN LUIS,Mendoza (SAMF),18/36,1000m. x 25m.,TIERRA,475 mts.,"3 Km. al NNW de QUINES, Provincia de SAN LUIS.",-32.209444,-65.81,Verificar que el punto coincida aproximadamente con el centro/eje de la pista declarada.,,,,,,,,,,
2608,LAD,LAS MERCEDES,CÓRDOBA,Córdoba (SACF),18/36,750m. x 40m.,TIERRA,138 mts.,"6 Km. al NE de FRAY CAYETANO RODRIGUEZ, Provincia de CÓRDOBA.",-33.966111,-63.383611,Verificar que el punto coincida aproximadamente con el centro/eje de la pista declarada.,,,,,,,,,,
2609,LAD,SANTA PAZ,SAN LUIS,Mendoza (SAMF),04/22,900m. x 30m.,TIERRA,338 mts.,"18 Km. al NNW de FORTUNA, Provincia de SAN LUIS.",-34.965,-65.455,Verificar que el punto coincida aproximadamente con el centro/eje de la pista declarada.,,,,,,,,,,
2610,LAD,EO. SAN ANTONIO-SAN LUIS,SAN LUIS,Córdoba (SACF),18/36,1100m. x 30m.,TIERRA,855 mts.,"7 Km. al W de PAPAGALLOS, Provincia de SAN LUIS.",-32.675,-65.061944,Verificar que el punto coincida aproximadamente con el centro/eje de la pista declarada.,,,,,,,,,,
2611,LAD,EA. LOS TOROS,BUENOS AIRES,Ezeiza (SAEF),17/35,655m. x 20m.,TIERRA,40 mts.,"5 Km. al NE de DUGGAN, Provincia de BUENOS AIRES.",-34.164444,-59.592778,Verificar que el punto coincida aproximadamente con el centro/eje de la pista declarada.,,,,,,,,,,
2612,LAD,DON CARLOS,CÓRDOBA,Ezeiza (SAEF),02/20,1000m. x 30m.,TIERRA,127 mts.,"9 Km. al NNE de ALEJO LEDESMA, Provincia de CÓRDOBA.",-33.538611,-62.572222,Verificar que el punto coincida aproximadamente con el centro/eje de la pista declarada.,,,,,,,,,,
2613,LAD,EA. LA CRIOLLA,SANTA FE,Resistencia (SARR),18/36,1000m. x 25m.,TIERRA,54 mts.,"1.8 Km. al ESE de VERA Y PINTADO, Provincia de SANTA FE.",-30.148611,-60.326667,Verificar que el punto coincida aproximadamente con el centro/eje de la pista declarada.,,,,,,,,,,
2614,LAD,EA. LA BELLACA,BUENOS AIRES,Ezeiza (SAEF),14/32,1000m. x 65m.,TIERRA,63 mts.,"8 Km. al E de MOREA, Provincia de BUENOS AIRES.",-35.564722,-60.456389,Verificar que el punto coincida aproximadamente con el centro/eje de la pista declarada.,,,,,,,,,,
2615,LAD,EA. LA BIZNAGA,BUENOS AIRES,Ezeiza (SAEF),14/32,1000m. x 100m.,TIERRA,32 mts.,"12 Km. al W de ROQUE PEREZ, Provincia de BUENOS AIRES.",-35.393056,-59.457778,Verificar que el punto coincida aproximadamente con el centro/eje de la pista declarada.,,,,,,,,,,
2616,LAD,EA. MAGDALA,BUENOS AIRES,Ezeiza (SAEF),04/22,1300m. x 100m.,TIERRA,95 mts.,"2 Km. al ENE de MAGDALA, Provincia de BUENOS AIRES.",-36.074167,-61.714167,Verificar que el punto coincida aproximadamente con el centro/eje de la pista declarada.,,,,,,,,,,
2618,LAD,FORTIN ACHA,BUENOS AIRES,Ezeiza (SAEF),18/36,1200m. x 30m.,TIERRA,71 mts.,"8 Km. al SE de FORTIN ACHA, Provincia de BUENOS AIRES.",-34.390556,-61.452222,Verificar que el punto coincida aproximadamente con el centro/eje de la pista declarada.,,,,,,,,,,
2619,LAD,EA. LA MODERNA,BUENOS AIRES,Ezeiza (SAEF),09/27,1200m. x 30m.,TIERRA,115 mts.,"25 Km. al NE de GONZALEZ CHAVEZ, Provincia de BUENOS AIRES.",-35.951389,-59.841944,Verificar que el punto coincida aproximadamente con el centro/eje de la pista declarada.,,,,,,,,,,
2620,LAD,EA. LOS GUASUNCHOS,SANTA FE,Ezeiza (SAEF),18/36,1500m. x 30m.,TIERRA,85 mts.,"7 Km. al WSW de LA MARGARITA, Provincia de SANTA FE.",-28.319444,-61.608611,Verificar que el punto coincida aproximadamente con el centro/eje de la pista declarada.,,,,,,,,,,
2621,LAD,FERIA EA. LOS GUASUNCHOS,SANTA FE,Ezeiza (SAEF),18/36,1500m. x 30m.,TIERRA,76 mts.,"8 Km. al SW de LA MARGARITA, Provincia de SANTA FE.",-28.351944,-61.606111,Verificar que el punto coincida aproximadamente con el centro/eje de la pista declarada.,,,,,,,,,,
2622,LAD,EA. RINCON DE SAN JOSE,CORRIENTES,Resistencia (SARR),07/25,1450m. x 37m.,TIERRA,67 mts.,"38 Km. al ENE de MERCEDES, Provincia de CORRIENTES.",-29.106389,-57.698889,Verificar que el punto coincida aproximadamente con el centro/eje de la pista declarada.,,,,,,,,,,
2624,LAD,SAN AGUSTIN / HUGO GRAZIANI,CÓRDOBA,Córdoba (SACF),01/19,840m. x 25m.,TIERRA,633 mts.,"7 Km. al SSE de SAN AGUSTIN, Provincia de CÓRDOBA.",-32.037222,-64.361667,Verificar que el punto coincida aproximadamente con el centro/eje de la pista declarada.,,,,,,,,,,
2625,LAD,EA. EL PUCARA,BUENOS AIRES,Ezeiza (SAEF),18/36,1200m. x 30m.,TIERRA,30 mts.,"18 Km. al ESE de GRAL. BELGRANO, Provincia de BUENOS AIRES.",-35.818056,-58.688611,Verificar que el punto coincida aproximadamente con el centro/eje de la pista declarada.,,,,,,,,,,
2626,LAD,EA. LOS CALDENES,BUENOS AIRES,Ezeiza (SAEF),14/32,1200m. x 30m.,TIERRA,380 mts.,"16 Km. al ESE de CAÑADA SECA, Provincia de BUENOS AIRES.",-34.5,-62.8,Verificar que el punto coincida aproximadamente con el centro/eje de la pista declarada.,,,,,,,,,,
2627,LAD,EA. SAN PEDRO S.A.,BUENOS AIRES,Ezeiza (SAEF),02/20,1000m. x 30m.,TIERRA,350 mts.,"4 Km. al N de PERALTA, Provincia de BUENOS AIRES.",-38.024167,-61.680556,Verificar que el punto coincida aproximadamente con el centro/eje de la pista declarada.,,,,,,,,,,
2628,LAD,EA. LA CATALINA,SANTA FE,Ezeiza (SAEF),04/22,1200m. x 40m.,TIERRA,70 mts.,"10 Km. al SSW de DIEGO DE ALVEAR, Provincia de SANTA FE.",-34.465556,-62.177778,Verificar que el punto coincida aproximadamente con el centro/eje de la pista declarada.,,,,,,,,,,
2629,LAD,AEROLITORAL,ENTRE RÍOS,Ezeiza (SAEF),07/25,900m. x 30m.,TIERRA,49 mts.,"7 Km. al NE de VILLAGUAY, Provincia de ENTRE RÍOS.",-31.804167,-59.008333,Verificar que el punto coincida aproximadamente con el centro/eje de la pista declarada.,,,,,,,,,,
2630,LAD,EA. LAS BALAS,BUENOS AIRES,Ezeiza (SAEF),03/21,1200m. x 40m.,TIERRA,113 mts.,"14 Km. al N de VEDIA, Provincia de BUENOS AIRES.",-34.366667,-61.555556,Verificar que el punto coincida aproximadamente con el centro/eje de la pista declarada.,,,,,,,,,,
2631,LAD,EA. EL VERANO,SAN LUIS,Mendoza (SAMF),18/36,1200m. x 40m.,TIERRA,292 mts.,"6 Km. al ENE de NUEVA GALIA, Provincia de SAN LUIS.",-35.083611,-65.191111,Verificar que el punto coincida aproximadamente con el centro/eje de la pista declarada.,,,,,,,,,,
2632,LAD,EA. LA CORRENTINA,ENTRE RÍOS,Resistencia (SARR),18/36,750m. x 30m.,TIERRA,54.5 mts.,"17 Km. al N de SAN JOSE DE FELICIANO, Provincia de ENTRE RÍOS.",-30.226944,-58.785,Verificar que el punto coincida aproximadamente con el centro/eje de la pista declarada.,,,,,,,,,,
2633,LAD,EA. LA MALENA,CÓRDOBA,Mendoza (SAMF),09/27 - 18/36,1000m. x 35m. - 900m. x 30m.,TIERRA,258 mts.,"37 Km. al W de VILLA HUIDOBRO, Provincia de CÓRDOBA.",-34.799722,-64.988333,Verificar que el punto coincida aproximadamente con el centro/eje de la pista declarada.,,,,,,,,,,
2634,LAD,ALUBIA,SALTA,Córdoba (SACF),04/22,1200m. x 30m.,TIERRA,700 mts.,"15 Km. al ESE de METAN, Provincia de SALTA.",-25.538611,-64.835833,Verificar que el punto coincida aproximadamente con el centro/eje de la pista declarada.,,,,,,,,,,
2635,LAD,EA. OMBUES,ENTRE RÍOS,Ezeiza (SAEF),05/23 - 03/21,1200m. x 25m. - 824m. x 47m.,TIERRA,23 mts.,"18 Km. al E de GUALEGUAYCHU, Provincia de ENTRE RÍOS.",-32.910556,-58.670556,Verificar que el punto coincida aproximadamente con el centro/eje de la pista declarada.,,,,,,,,,,
2637,LAD,EA. EL SILENCIO,CÓRDOBA,Córdoba (SACF),18/36,1100m. x 30m.,TIERRA,128 mts.,"6 Km. al SSE de HIPOLITO BOUCHARD, Provincia de CÓRDOBA.",-34.781389,-63.475,Verificar que el punto coincida aproximadamente con el centro/eje de la pista declarada.,,,,,,,,,,
2638,LAD,EA. LOS VASCOS,ENTRE RÍOS,Ezeiza (SAEF),03/21,1000m. x 50m.,TIERRA,90 mts.,"20 Km. al N de HERRERA, Provincia de ENTRE RÍOS.",-32.266667,-58.7,Verificar que el punto coincida aproximadamente con el centro/eje de la pista declarada.,,,,,,,,,,
2639,LAD,EA. LAS NENAS,BUENOS AIRES,Ezeiza (SAEF),18/36,1240m. x 30m.,TIERRA,163 mts.,"22 Km. al SSE de HUANGUELEN, Provincia de BUENOS AIRES.",-37.113333,-61.708333,Verificar que el punto coincida aproximadamente con el centro/eje de la pista declarada.,,,,,,,,,,
2640,LAD,EL PLUMERO,CORRIENTES,Resistencia (SARR),09/27,600m. x 10m.,TIERRA,65 mts.,"33 Km. al E de CONCEPCION, Provincia de CORRIENTES.",-28.473889,-57.605556,Verificar que el punto coincida aproximadamente con el centro/eje de la pista declarada.,,,,,,,,,,
2641,LAD,EL FORTIN,CORRIENTES,Resistencia (SARR),09/27,600m. x 10m.,TIERRA,60 mts.,"22 Km. al ENE de CONCEPCION , Provincia de CORRIENTES.",-28.35,-57.7,Verificar que el punto coincida aproximadamente con el centro/eje de la pista declarada.,,,,,,,,,,
2642,LAD,EL TOURNE,SANTA FE,Resistencia (SARR),03/21,660m. x 18m.,TIERRA,56 mts.,"10 Km. al NE de CAÑADA OMBU, Provincia de SANTA FE.",-28.219444,-59.958333,Verificar que el punto coincida aproximadamente con el centro/eje de la pista declarada.,,,,,,,,,,
2643,LAD,TRES BOCAS,SANTA FE,Resistencia (SARR),16/34,1200m. x 23m.,TIERRA,54 mts.,"6 Km. al NW de LOS LAPACHOS, Provincia de SANTA FE.",-28.704722,-59.661944,Verificar que el punto coincida aproximadamente con el centro/eje de la pista declarada.,,,,,,,,,,
2644,LAD,LOS TUCANES,TUCUMÁN,Córdoba (SACF),01/19,1080m. x 40m.,TIERRA,365 mts.,"25 Km. al SE de SAN MIGUEL DE TUCUMAN, Provincia de TUCUMÁN.",-27.035833,-65.157222,Verificar que el punto coincida aproximadamente con el centro/eje de la pista declarada.,,,,,,,,,,
2645,LAD,EL 86,SANTIAGO DEL ESTERO,Córdoba (SACF),18/36,1600m. x 30m.,TIERRA,150 mts.,"45 Km. al SW de SACHAYOJ, Provincia de SANTIAGO DEL ESTERO.",-27.022878,-62.057886,Verificar que el punto coincida aproximadamente con el centro/eje de la pista declarada.,,,,,,,,,,
2646,LAD,EO. LOS MOLLES,LA PAMPA,Ezeiza (SAEF),05/23,800m. x 20m.,TIERRA,164 mts.,"10 Km. al N de PERU, Provincia de LA PAMPA.",-37.565633,-64.092222,Verificar que el punto coincida aproximadamente con el centro/eje de la pista declarada.,,,,,,,,,,
2647,LAD,EA. EL CONSUELO,CÓRDOBA,Córdoba (SACF),18/36,1200m. x 40m.,TIERRA,221 mts.,"25 Km. al NE de DEL CAMPILLO, Provincia de CÓRDOBA.",-34.208611,-64.3125,Verificar que el punto coincida aproximadamente con el centro/eje de la pista declarada.,,,,,,,,,,
2648,LAD,EA. LA BARRANCOSA,SANTA FE,Ezeiza (SAEF),18/36,1100m. x 35m.,TIERRA,110 mts.,"5 Km. al SSE de LAZARINO, Provincia de SANTA FE.",-34.206944,-62.399167,Verificar que el punto coincida aproximadamente con el centro/eje de la pista declarada.,,,,,,,,,,
2649,LAD,EA. LA ARCADIA,BUENOS AIRES,Ezeiza (SAEF),04/22,1200m. x 40m.,TIERRA,77 mts.,"6 Km. al E de HALE, Provincia de BUENOS AIRES.",-36.000833,-60.7825,Verificar que el punto coincida aproximadamente con el centro/eje de la pista declarada.,,,,,,,,,,
2650,LAD,EO. SAN RAMON,SANTA CRUZ,Comodoro (SAVF),09/27 - 04/22,1000m. x 25m. - 1000m. x 25m.,TIERRA,381 mts.,"105 Km. al WSW de PUERTO SAN JULIAN, Provincia de SANTA CRUZ.",-50.3,-69.916667,Verificar que el punto coincida aproximadamente con el centro/eje de la pista declarada.,,,,,,,,,,
2651,LAD,EA. EL CARMEN/ LA FLECHA S.A.,ENTRE RÍOS,Ezeiza (SAEF),03/21,1000m. x 50m.,TIERRA,90 mts.,"15 Km. al NW de GALARZA, Provincia de ENTRE RÍOS.",-32.625556,-59.5025,Verificar que el punto coincida aproximadamente con el centro/eje de la pista declarada.,,,,,,,,,,
2652,LAD,EA. EL PASTOR,CÓRDOBA,Mendoza (SAMF),18/36,1200m. x 45m.,TIERRA,274 mts.,"6 Km. al SW de LA PENCA, Provincia de CÓRDOBA.",-34.789167,-65.081111,Verificar que el punto coincida aproximadamente con el centro/eje de la pista declarada.,,,,,,,,,,
2653,LADH,EO. SANTA MARIA,BUENOS AIRES,Ezeiza (SAEF),-,20m. x 20m.,TIERRA,57 mts.,"5 Km. al NE de GAHAN, Provincia de BUENOS AIRES.",-34.3,-60.066667,Verificar que el punto coincida con el centro del helipuerto o área de aterrizaje.,,,,,,,,,,
2654,LAD,EA. AIDA,SANTIAGO DEL ESTERO,Córdoba (SACF),18/36,800m. x 18m.,TIERRA,74 mts.,"2 Km. al NNW de FORTIN INCA, Provincia de SANTIAGO DEL ESTERO.",-29.115,-61.935,Verificar que el punto coincida aproximadamente con el centro/eje de la pista declarada.,,,,,,,,,,
2657,LAD,EO. SANTA BARBARA,ENTRE RÍOS,Ezeiza (SAEF),03/21,1000m. x 30m.,TIERRA,60 mts.,"6 Km. al NW de LOS CHARRUAS, Provincia de ENTRE RÍOS.",-31.145,-58.244444,Verificar que el punto coincida aproximadamente con el centro/eje de la pista declarada.,,,,,,,,,,
2658,LAD,EO. COCHICO,MENDOZA,Mendoza (SAMF),18/36,1400m. x 50m.,TIERRA,364 mts.,"6.6 Km. al ENE de COCHICO, Provincia de MENDOZA.",-35.701944,-67.266111,Verificar que el punto coincida aproximadamente con el centro/eje de la pista declarada.,,,,,,,,,,
2659,LAD,EA. CAPELEN,SAN LUIS,Mendoza (SAMF),18/36,1400m. x 50m.,TIERRA,465 mts.,"18 Km. al S de LAVAISSE, Provincia de SAN LUIS.",-33.976667,-65.432222,Verificar que el punto coincida aproximadamente con el centro/eje de la pista declarada.,,,,,,,,,,
2660,LAD,EA. ANDALEN,LA PAMPA,Ezeiza (SAEF),18/36,1800m. x 50m.,TIERRA,266 mts.,"17 Km. al NW de QUEHUE, Provincia de LA PAMPA.",-36.991667,-64.588611,Verificar que el punto coincida aproximadamente con el centro/eje de la pista declarada.,,,,,,,,,,
2661,LAD,EO. JARIMAR,MENDOZA,Mendoza (SAMF),18/36,1200m. x 25m.,TIERRA,626 mts.,"4 Km. al ENE de ALTO VERDE, Provincia de MENDOZA.",-33.152222,-68.316111,Verificar que el punto coincida aproximadamente con el centro/eje de la pista declarada.,,,,,,,,,,
2662,LAD,CAMPO GALLO,SANTIAGO DEL ESTERO,Córdoba (SACF),18/36,1290m. x 94m.,TIERRA,185 mts.,"1 Km. al S de CAMPO GALLO, Provincia de SANTIAGO DEL ESTERO.",-26.607778,-62.844167,Verificar que el punto coincida aproximadamente con el centro/eje de la pista declarada.,,,,,,,,,,
2663,LADH,PIEDRA LUZ,CÓRDOBA,Córdoba (SACF),-,10m. x 10m.,TIERRA,1182 mts.,"7.5 Km. al NNW de YACANTO DE CALAMUCHITA, Provincia de CÓRDOBA.",-32.049444,-64.811389,Verificar que el punto coincida con el centro del helipuerto o área de aterrizaje.,,,,,,,,,,
2664,LAD,EA. LA MACARENA,CÓRDOBA,Córdoba (SACF),18/36,1200m. x 35m.,TIERRA,336 mts.,"5.5 Km. al E de MODESTINO PIZARRO, Provincia de CÓRDOBA.",-34.093056,-65.015556,Verificar que el punto coincida aproximadamente con el centro/eje de la pista declarada.,,,,,,,,,,
2665,LAD,EA. CUPALEN,ENTRE RÍOS,Ezeiza (SAEF),18/36,1000m. x 40m.,TIERRA,16 mts.,"5 Km. al SSE de COLONIIA ELIA, Provincia de ENTRE RÍOS.",-32.709722,-58.294167,Verificar que el punto coincida aproximadamente con el centro/eje de la pista declarada.,,,,,,,,,,
2666,LAD,QUIMILI,SANTIAGO DEL ESTERO,Córdoba (SACF),18/36,1500m. x 30m.,CONCRETO,110 mts.,"2 Km. al SE de QUIMILI, Provincia de SANTIAGO DEL ESTERO.",-27.6575,-62.404444,Verificar que el punto coincida aproximadamente con el centro/eje de la pista declarada.,,,,,,,,,,
2667,LAD,EL DOS,SAN LUIS,Mendoza (SAMF),18/36,660m. x 30m.,TIERRA,507 mts.,"7 Km. al WNW de BALDE, Provincia de SAN LUIS.",-33.313056,-66.703333,Verificar que el punto coincida aproximadamente con el centro/eje de la pista declarada.,,,,,,,,,,
2668,LAD,LAS GAMAS,SANTA FE,Resistencia (SARR),03/21,1070m. x 30m.,TIERRA,53 mts.,"15 Km. al WNW de VERA, Provincia de SANTA FE.",-29.431944,-60.360556,Verificar que el punto coincida aproximadamente con el centro/eje de la pista declarada.,,,,,,,,,,
2669,LAD,VALLE HERMOSO,BUENOS AIRES,Ezeiza (SAEF),09/27,850m. x 30m.,TIERRA,10 mts.,"12 Km. al NE de VALLE HERMOSO, Provincia de BUENOS AIRES.",-38.948611,-61.121389,Verificar que el punto coincida aproximadamente con el centro/eje de la pista declarada.,,,,,,,,,,
2670,LAD,EA. LAS GAMITAS,SANTA FE,Resistencia (SARR),18/36,1500m. x 30m.,TIERRA,97 mts.,"3 Km. al WSW de GOLONDRINAS, Provincia de SANTA FE.",-28.565833,-60.055,Verificar que el punto coincida aproximadamente con el centro/eje de la pista declarada.,,,,,,,,,,
2671,LAD,EA. EL DESTINO,BUENOS AIRES,Ezeiza (SAEF),10/28,1500m. x 50m.,TIERRA,41 mts.,"4.5 Km. al S de COPETONAS, Provincia de BUENOS AIRES.",-38.768056,-60.436111,Verificar que el punto coincida aproximadamente con el centro/eje de la pista declarada.,,,,,,,,,,
2672,LAD,EA. MOMENTOS,BUENOS AIRES,Ezeiza (SAEF),07/25,1500m. x 40m.,TIERRA,20 mts.,"21 Km. al SE de GRAL. PIRAN, Provincia de BUENOS AIRES.",-37.195556,-57.580833,Verificar que el punto coincida aproximadamente con el centro/eje de la pista declarada.,,,,,,,,,,
2673,LAD,EA. LOS CHARABONES,SANTA FE,Resistencia (SARR),18/36,1300m. x 30m.,TIERRA,59 mts.,"28 Km. al SW de FORTIN OLMOS, Provincia de SANTA FE.",-29.133333,-60.682222,Verificar que el punto coincida aproximadamente con el centro/eje de la pista declarada.,,,,,,,,,,
2674,LAD,BRITOS,BUENOS AIRES,Ezeiza (SAEF),08/26,800m. x 20m.,TIERRA,36 mts.,"7 Km. al SW de ERNESTINA, Provincia de BUENOS AIRES.",-35.322222,-59.605278,Verificar que el punto coincida aproximadamente con el centro/eje de la pista declarada.,,,,,,,,,,
2676,LAD,EA. EL GUAPO,SANTIAGO DEL ESTERO,Córdoba (SACF),03/21,940m. x 42m.,TIERRA,258 mts.,"23 Km. al NNE de POZO HONDO, Provincia de SANTIAGO DEL ESTERO.",-26.9575,-64.432222,Verificar que el punto coincida aproximadamente con el centro/eje de la pista declarada.,,,,,,,,,,
2677,LAD,EL BUFALO,CHACO,Resistencia (SARR),14/32,1000m. x 30m.,TIERRA,78 mts.,"2 Km. al E de CAPITAN SOLARI, Provincia de CHACO.",-26.8135,-59.538722,Verificar que el punto coincida aproximadamente con el centro/eje de la pista declarada.,,,,,,,,,,
2678,LAD,EA. LA CAROLINA,SANTA CRUZ,Comodoro (SAVF),18/36,800m. x 30m.,TIERRA,232 mts.,"92 Km. al NW de RIO GALLEGOS, Provincia de SANTA CRUZ.",-51.059722,-70.171944,Verificar que el punto coincida aproximadamente con el centro/eje de la pista declarada.,,,,,,,,,,
2679,LAD,EA. LA VANGUARDIA,CÓRDOBA,Córdoba (SACF),18/36,885m. x 59m.,TIERRA,127 mts.,"13 Km. al SSW de HIPOLITO BOUCHARD, Provincia de CÓRDOBA.",-34.835,-63.545,Verificar que el punto coincida aproximadamente con el centro/eje de la pista declarada.,,,,,,,,,,
2680,LAD,SANTA ANA,CÓRDOBA,Córdoba (SACF),18/36,956m. x 59m.,TIERRA,138 mts.,"1.8 Km. al W de MELO, Provincia de CÓRDOBA.",-32.346667,-63.475556,Verificar que el punto coincida aproximadamente con el centro/eje de la pista declarada.,,,,,,,,,,
2681,LAD,LA PATRIA,SANTA FE,Ezeiza (SAEF),02/20,1030m. x 18m.,TIERRA,78 mts.,"5 Km. al SE de BUSTINZA, Provincia de SANTA FE.",-32.705556,-61.3,Verificar que el punto coincida aproximadamente con el centro/eje de la pista declarada.,,,,,,,,,,
2682,LADH,INSPECTOR EDGARDO FEDERICO MILLER,SANTA FE,Ezeiza (SAEF),-,15m. x 15m.,TIERRA,95 mts.,"4 Km. al SW de SANTA FE , Provincia de SANTA FE.",-31.668611,-60.720833,Verificar que el punto coincida con el centro del helipuerto o área de aterrizaje.,,,,,,,,,,
2683,LAD,EA. TAPENAGA,CHACO,Resistencia (SARR),16/34,1000m. x 35m.,TIERRA,64 mts.,"9.5 Km. al SW de COTE LAI, Provincia de CHACO.",-27.55,-59.666667,Verificar que el punto coincida aproximadamente con el centro/eje de la pista declarada.,,,,,,,,,,
2684,LAD,EO. SAN FABIAN,CÓRDOBA,Córdoba (SACF),18/36,1360m. x 30m.,TIERRA,167 mts.,"20 Km. al NNW de JOVITA, Provincia de CÓRDOBA.",-34.331667,-63.988056,Verificar que el punto coincida aproximadamente con el centro/eje de la pista declarada.,,,,,,,,,,
2685,LAD,CAMPO LA INVERNADA,CHACO,Resistencia (SARR),18/36,800m. x 12m.,TIERRA,60 mts.,"2 Km. al ENE de LA SABANA, Provincia de CHACO.",-27.865278,-59.923056,Verificar que el punto coincida aproximadamente con el centro/eje de la pista declarada.,,,,,,,,,,
2686,LAD,DANOR S.A.,LA PAMPA,Ezeiza (SAEF),18/36,900m. x 30m.,TIERRA,176 mts.,"2 Km. al SW de ALTA ITALIA, Provincia de LA PAMPA.",-35.346667,-64.124444,Verificar que el punto coincida aproximadamente con el centro/eje de la pista declarada.,,,,,,,,,,
2687,LAD,MIRANDA JORGE,CÓRDOBA,Ezeiza (SAEF),18/36,1100m. x 40m.,TIERRA,124 mts.,"3 Km. al SW de ARIAS, Provincia de CÓRDOBA.",-33.663333,-62.425556,Verificar que el punto coincida aproximadamente con el centro/eje de la pista declarada.,,,,,,,,,,
2689,LAD,EA. KILGRUMAN,CÓRDOBA,Ezeiza (SAEF),01/19,1200m. x 25m.,TIERRA,115 mts.,"5 Km. al NW de CAVANAGH, Provincia de CÓRDOBA.",-33.461667,-62.285833,Verificar que el punto coincida aproximadamente con el centro/eje de la pista declarada.,,,,,,,,,,
2690,LAD,EA. EL QUEBRACHO,ENTRE RÍOS,Ezeiza (SAEF),03/21,740m. x 35m.,TIERRA,63 mts.,"23 Km. al SSW de SAN JOSE DE FELICIANO, Provincia de ENTRE RÍOS.",-30.583333,-58.825,Verificar que el punto coincida aproximadamente con el centro/eje de la pista declarada.,,,,,,,,,,
2691,LAD,EA. LOS PERALES,ENTRE RÍOS,Ezeiza (SAEF),01/19,993m. x 30m.,TIERRA,64 mts.,"20 Km. al WSW de CHARRUAS, Provincia de ENTRE RÍOS.",-31.199167,-58.395556,Verificar que el punto coincida aproximadamente con el centro/eje de la pista declarada.,,,,,,,,,,
2692,LAD,EA. LA GUARIDA,SANTIAGO DEL ESTERO,Córdoba (SACF),18/36,1800m. x 30m.,TIERRA,95 mts.,"13 Km. al NW de LOS JURIES, Provincia de SANTIAGO DEL ESTERO.",-28.380833,-62.186111,Verificar que el punto coincida aproximadamente con el centro/eje de la pista declarada.,,,,,,,,,,
2693,LAD,AERONORTE SRL,CHACO,Resistencia (SARR),04/22,990m. x 30m.,TIERRA,109 mts.,"17 Km. al NW de LAS BREÑAS, Provincia de CHACO.",-27.078056,-61.263056,Verificar que el punto coincida aproximadamente con el centro/eje de la pista declarada.,,,,,,,,,,
2694,LAD,CAMPO SANTA CATALINA,BUENOS AIRES,Ezeiza (SAEF),03/21,1100m. x 40m.,TIERRA,76 mts.,"3 Km. al WSW de RAWSON, Provincia de BUENOS AIRES.",-34.623333,-60.098889,Verificar que el punto coincida aproximadamente con el centro/eje de la pista declarada.,,,,,,,,,,
2695,LAD,EA. EL BONETE,BUENOS AIRES,Ezeiza (SAEF),18/36,1430m. x 40m.,TIERRA,146 mts.,"30 Km. al NNE de LOBERÍA, Provincia de BUENOS AIRES.",-37.891111,-58.664722,Verificar que el punto coincida aproximadamente con el centro/eje de la pista declarada.,,,,,,,,,,
2696,LAD,EL RAIGON,ENTRE RÍOS,Ezeiza (SAEF),04/22,1270m. x 50m.,TIERRA,50 mts.,"2 Km. al NE de PIEDRAS BLANCAS, Provincia de ENTRE RÍOS.",-31.168056,-59.922222,Verificar que el punto coincida aproximadamente con el centro/eje de la pista declarada.,,,,,,,,,,
2697,LAD,EO. EL DESCANSO,BUENOS AIRES,Ezeiza (SAEF),10/28,1400m. x 40m.,TIERRA,107 mts.,"8 Km. al NNE de PICHINCHA, Provincia de BUENOS AIRES.",-34.511111,-62.334444,Verificar que el punto coincida aproximadamente con el centro/eje de la pista declarada.,,,,,,,,,,
2698,LAD,EA. LAS ISLETAS,SAN LUIS,Mendoza (SAMF),04/22,800m. x 25m.,TIERRA,383 mts.,"17 Km. al SSW de LA NAGELINA, Provincia de SAN LUIS.",-34.495556,-65.393611,Verificar que el punto coincida aproximadamente con el centro/eje de la pista declarada.,,,,,,,,,,
2699,LAD,EA. GUAZU CUA,FORMOSA,Resistencia (SARR),10/28,1100m. x 40m.,TIERRA,103 mts.,"6 Km. al ESE de LA LOMA, Provincia de FORMOSA.",-25.468889,-58.706389,Verificar que el punto coincida aproximadamente con el centro/eje de la pista declarada.,,,,,,,,,,
2700,LAD,EA. DON ROBERTO DE MONTE LIMPIO S.A.,CORRIENTES,Resistencia (SARR),12/30,1000m. x 40m.,TIERRA,95 mts.,"8 Km. al NW de PEDRO COLODERO, Provincia de CORRIENTES.",-30.162222,-58.155556,Verificar que el punto coincida aproximadamente con el centro/eje de la pista declarada.,,,,,,,,,,
2701,LAD,LAGUNA LIMPIA,SANTA FE,Resistencia (SARR),05/23,850m. x 20m.,TIERRA,60 mts.,"86 Km. al E de VILLA MINETTI, Provincia de SANTA FE.",-28.586944,-60.433056,Verificar que el punto coincida aproximadamente con el centro/eje de la pista declarada.,,,,,,,,,,
2702,LAD,LA CRUZ,SANTA FE,Resistencia (SARR),04/22,850m. x 25m.,TIERRA,64 mts.,"60 Km. al W de GARABATO, Provincia de SANTA FE.",-28.962778,-60.744444,Verificar que el punto coincida aproximadamente con el centro/eje de la pista declarada.,,,,,,,,,,
2703,LAD,EA. EL TUYUTI,CÓRDOBA,Ezeiza (SAEF),10/28,1000m. x 30m.,TIERRA,125 mts.,"16 Km. al NE de LEGUIZAMON, Provincia de CÓRDOBA.",-34.117222,-62.840278,Verificar que el punto coincida aproximadamente con el centro/eje de la pista declarada.,,,,,,,,,,
2704,LAD,EA. LA VENANCIA,BUENOS AIRES,Ezeiza (SAEF),13/31,1760m. x 40m.,TIERRA,90 mts.,"15 Km. al WNW de CMTE. NICANOR OTAMENDI, Provincia de BUENOS AIRES.",-38.080278,-57.996944,Verificar que el punto coincida aproximadamente con el centro/eje de la pista declarada.,,,,,,,,,,
2705,LAD,EO. LOS PATOS,LA PAMPA,Ezeiza (SAEF),18/36,610m. x 20m.,TIERRA,128 mts.,"15 Km. al N de INTENDENTE ALVEAR, Provincia de LA PAMPA.",-35.113611,-63.600556,Verificar que el punto coincida aproximadamente con el centro/eje de la pista declarada.,,,,,,,,,,
2706,LAD,EO. LA ESCONDIDA,CORRIENTES,Resistencia (SARR),02/20,650m. x 30m.,TIERRA,40 mts.,"43 Km. al NE de ESQUINA, Provincia de CORRIENTES.",-29.733056,-59.216111,Verificar que el punto coincida aproximadamente con el centro/eje de la pista declarada.,,,,,,,,,,
2707,LAD,CAMPO SAN EDUARDO,BUENOS AIRES,Ezeiza (SAEF),01/19,900m. x 40m.,TIERRA,90 mts.,"17.5 Km. al WNW de LINCOLN, Provincia de BUENOS AIRES.",-34.814722,-61.714167,Verificar que el punto coincida aproximadamente con el centro/eje de la pista declarada.,,,,,,,,,,
2708,LAD,EA. LA MERCED,SANTA FE,Ezeiza (SAEF),01/19,1152m. x 32m.,TIERRA,66 mts.,"11 Km. al NW de TOTORAS, Provincia de SANTA FE.",-32.5675,-61.2825,Verificar que el punto coincida aproximadamente con el centro/eje de la pista declarada.,,,,,,,,,,
2709,LAD,RIO UNIÓN,CHUBUT,Comodoro (SAVF),09/27,1000m. x 30m.,TIERRA,697 mts.,"68 Km. al WNW de ALTO RIO SENGUER, Provincia de CHUBUT.",-44.864167,-71.665,Verificar que el punto coincida aproximadamente con el centro/eje de la pista declarada.,,,,,,,,,,
2710,LAD,CABAÑA EL RASTREADOR,CÓRDOBA,Córdoba (SACF),18/36,868m. x 60m.,TIERRA,15 mts.,"2 Km. al SSW de EL RASTREADOR, Provincia de CÓRDOBA.",-33.682778,-63.543333,Verificar que el punto coincida aproximadamente con el centro/eje de la pista declarada.,,,,,,,,,,
2711,LAD,LA RIOJANA,CÓRDOBA,Córdoba (SACF),02/20,923m. x 30m.,TIERRA,301 mts.,"2 Km. al SW de GRAL CABRERA, Provincia de CÓRDOBA.",-32.831944,-63.890556,Verificar que el punto coincida aproximadamente con el centro/eje de la pista declarada.,,,,,,,,,,
2713,LAD,EL CUADRADO,SANTIAGO DEL ESTERO,Córdoba (SACF),18/36,1200m. x 60m.,TIERRA,99 mts.,"39.5 Km. al NE de LOS JURIES, Provincia de SANTIAGO DEL ESTERO.",-28.278611,-61.763056,Verificar que el punto coincida aproximadamente con el centro/eje de la pista declarada.,,,,,,,,,,
2714,LAD,EL 38 S.A.,CHACO,Resistencia (SARR),18/36,1200m. x 35m.,TIERRA,65 mts.,"35 Km. al W de BASAIL, Provincia de CHACO.",-27.7725,-59.618333,Verificar que el punto coincida aproximadamente con el centro/eje de la pista declarada.,,,,,,,,,,
2715,LAD,CABAÑA LA BELLACA,BUENOS AIRES,Ezeiza (SAEF),08/26,870m. x 20m.,TIERRA,122 mts.,"16 Km. al NNW de SALLIQUELO, Provincia de BUENOS AIRES.",-36.610833,-63.008333,Verificar que el punto coincida aproximadamente con el centro/eje de la pista declarada.,,,,,,,,,,
2716,LADH,BASE EUREKA,SANTA CRUZ,Comodoro (SAVF),-,30m. x 30m.,TIERRA,620 mts.,"49 Km. al E de PERITO MORENO, Provincia de SANTA CRUZ.",-46.706944,-70.309722,Verificar que el punto coincida con el centro del helipuerto o área de aterrizaje.,,,,,,,,,,
2717,LADH,BASE EL RETIRO,SANTA CRUZ,Comodoro (SAVF),-,30m. x 30m.,TIERRA,736 mts.,"72 Km. al ESE de PERITO MORENO, Provincia de SANTA CRUZ.",-46.908333,-70.095833,Verificar que el punto coincida con el centro del helipuerto o área de aterrizaje.,,,,,,,,,,
2718,LAD,EA. SAN EUGENIO,CORRIENTES,Resistencia (SARR),18/36,1100m. x 37m.,TIERRA,65 mts.,"1 Km. al ENE de CONCEPCION , Provincia de CORRIENTES.",-28.388611,-57.876944,Verificar que el punto coincida aproximadamente con el centro/eje de la pista declarada.,,,,,,,,,,
2719,LAD,EA. LAS MERCEDES,ENTRE RÍOS,Ezeiza (SAEF),18/36,875m. x 15m.,TIERRA,40 mts.,"19 Km. al SSE de NOGOYA, Provincia de ENTRE RÍOS.",-32.571667,-59.741667,Verificar que el punto coincida aproximadamente con el centro/eje de la pista declarada.,,,,,,,,,,
2720,LAD,HERMAR,BUENOS AIRES,Ezeiza (SAEF),18/36,850m. x 24m.,TIERRA,170 mts.,"9 Km. al NW de CABILDO, Provincia de BUENOS AIRES.",-38.441389,-61.9825,Verificar que el punto coincida aproximadamente con el centro/eje de la pista declarada.,,,,,,,,,,
2721,LAD,EA. LOS CERRITOS,LA PAMPA,Ezeiza (SAEF),09/27,1000m. x 20m.,TIERRA,222 mts.,"21 Km. al W de QUEHUE, Provincia de LA PAMPA.",-37.071944,-64.737222,Verificar que el punto coincida aproximadamente con el centro/eje de la pista declarada.,,,,,,,,,,
2723,LADH,BASE NAVAL MAR DEL PLATA 1,BUENOS AIRES,Ezeiza (SAEF),-,25m. x 30m.,TIERRA,7 mts.,"2 Km. al S de MAR DEL PLATA, Provincia de BUENOS AIRES.",-38.037972,-57.538611,Verificar que el punto coincida con el centro del helipuerto o área de aterrizaje.,,,,,,,,,,
2724,LADH,BASE NAVAL MARDEL PLATA 2,BUENOS AIRES,Ezeiza (SAEF),-,50m. x 80m.,TIERRA,7 mts.,"2 Km. al S de MAR DEL PLATA, Provincia de BUENOS AIRES.",-38.038333,-57.538889,Verificar que el punto coincida con el centro del helipuerto o área de aterrizaje.,,,,,,,,,,
2725,LAD,QUISCA LORO,SALTA,Córdoba (SACF),01/19,1345m. x 30m.,TIERRA,450 mts.,"0 Km. al E de EL BORDO ABAJO, Provincia de SALTA.",-25.792778,-64.306389,Verificar que el punto coincida aproximadamente con el centro/eje de la pista declarada.,,,,,,,,,,
2726,LAD,GASTRE,CHUBUT,Comodoro (SAVF),08/26,1226m. x 30m.,TIERRA,1075 mts.,"1 Km. al SSW de GASTRE, Provincia de CHUBUT.",-42.276389,-69.228056,Verificar que el punto coincida aproximadamente con el centro/eje de la pista declarada.,,,,,,,,,,
2728,LAD,EL PAIRIRI,ENTRE RÍOS,Ezeiza (SAEF),18/36,1200m. x 20m.,TIERRA,29 mts.,"22 Km. al NE de LA PAZ, Provincia de ENTRE RÍOS.",-30.5575,-59.509167,Verificar que el punto coincida aproximadamente con el centro/eje de la pista declarada.,,,,,,,,,,
2729,LAD,EA. DON REMIGIO,BUENOS AIRES,Ezeiza (SAEF),02/20,1208m. x 15m.,TIERRA,111 mts.,"9 Km. al ENE de GONZALEZ MORENO, Provincia de BUENOS AIRES.",-35.516389,-63.274444,Verificar que el punto coincida aproximadamente con el centro/eje de la pista declarada.,,,,,,,,,,
2730,LAD,EA. LOS POZOS,SALTA,Córdoba (SACF),18/36,1600m. x 60m.,TIERRA,236 mts.,"62 Km. al SSW de RIVADAVIA, Provincia de SALTA.",-24.719167,-63.049444,Verificar que el punto coincida aproximadamente con el centro/eje de la pista declarada.,,,,,,,,,,
2732,LAD,CAMPO YAQUICHO,CATAMARCA,Córdoba (SACF),01/19,1187m. x 20m.,TIERRA,381 mts.,"22 Km. al NE de LOS ALTOS, Provincia de CATAMARCA.",-27.899783,-65.34265,Verificar que el punto coincida aproximadamente con el centro/eje de la pista declarada.,,,,,,,,,,
2733,LAD,BIONDI WENSESLAO ESCALANTE,CÓRDOBA,Córdoba (SACF),01/19,1200m. x 25m.,TIERRA,100 mts.,"2 Km. al SE de ESCALANTE, Provincia de CÓRDOBA.",-33.182222,-62.735556,Verificar que el punto coincida aproximadamente con el centro/eje de la pista declarada.,,,,,,,,,,
2734,LAD,CABO CURIOSO,CHUBUT,Comodoro (SAVF),09/27,1500m. x 25m.,TIERRA,700 mts.,"60 Km. al E de SARMIENTO, Provincia de CHUBUT.",-45.908611,-68.444722,Verificar que el punto coincida aproximadamente con el centro/eje de la pista declarada.,,,,,,,,,,
2735,LADH,LOS HORCONES,MENDOZA,Mendoza (SAMF),-,20m. x 20m.,TIERRA,2950 mts.,"1 Km. al E de PARAJE LOS HORCONES, Provincia de MENDOZA.",-32.811111,-69.9425,Verificar que el punto coincida con el centro del helipuerto o área de aterrizaje.,,,,,,,,,,
2736,LADH,CONFLUENCIA,MENDOZA,Mendoza (SAMF),-,20m. x 20m.,TIERRA,3410 mts.,"1 Km. al E de CONFLUENCIA, Provincia de MENDOZA.",-32.758611,-69.966944,Verificar que el punto coincida con el centro del helipuerto o área de aterrizaje.,,,,,,,,,,
2737,LADH,PLAZA DE MULAS,MENDOZA,Mendoza (SAMF),-,20m. x 20m.,TIERRA,4370 mts.,"1 Km. al E de PLAZA DE MULAS, Provincia de MENDOZA.",-32.649722,-70.057222,Verificar que el punto coincida con el centro del helipuerto o área de aterrizaje.,,,,,,,,,,
2738,LADH,NIDO DE CONDORES,MENDOZA,Mendoza (SAMF),-,20m. x 20m.,TIERRA,5560 mts.,"1 Km. al E de NIDO DE CONDORES, Provincia de MENDOZA.",-32.637778,-70.021389,Verificar que el punto coincida con el centro del helipuerto o área de aterrizaje.,,,,,,,,,,
2739,LADH,PLAZA ARGENTINA,MENDOZA,Mendoza (SAMF),-,20m. x 20m.,TIERRA,4190 mts.,"1 Km. al E de PLAZA ARGENTINA, Provincia de MENDOZA.",-32.646389,-69.944444,Verificar que el punto coincida con el centro del helipuerto o área de aterrizaje.,,,,,,,,,,
2740,LADH,PAMPA DE LAS LEÑAS,MENDOZA,Mendoza (SAMF),-,20m. x 20m.,TIERRA,2800 mts.,"1 Km. al E de PAMPA DE LEÑAS, Provincia de MENDOZA.",-32.752222,-69.807222,Verificar que el punto coincida con el centro del helipuerto o área de aterrizaje.,,,,,,,,,,
2741,LAD,LAS AGUILAS,BUENOS AIRES,Ezeiza (SAEF),12/30,1096m. x 19m.,TIERRA,327 mts.,"32 Km. al SW de CNEL. PRINGLES, Provincia de BUENOS AIRES.",-38.2375,-61.526389,Verificar que el punto coincida aproximadamente con el centro/eje de la pista declarada.,,,,,,,,,,
2742,LAD,EA. LA JOSEFINA,BUENOS AIRES,Ezeiza (SAEF),13/31,1100m. x 30m.,TIERRA,274 mts.,"19 Km. al SW de DUFAUR, Provincia de BUENOS AIRES.",-37.922778,-62.437222,Verificar que el punto coincida aproximadamente con el centro/eje de la pista declarada.,,,,,,,,,,
2743,LAD,COMANDANCIA FRIAS,CHACO,Córdoba (SACF),16/34,1140m. x 23m.,TIERRA,186 mts.,"6 Km. al S de FRIAS, Provincia de CHACO.",-24.5725,-62.234722,Verificar que el punto coincida aproximadamente con el centro/eje de la pista declarada.,,,,,,,,,,
2744,LADH,ACA-DELTA,BUENOS AIRES,Ezeiza (SAEF),-,25m. x 25m.,TIERRA,3 mts.,"12 Km. al NW de SAN FERNANDO, Provincia de BUENOS AIRES.",-34.376389,-58.665278,Verificar que el punto coincida con el centro del helipuerto o área de aterrizaje.,,,,,,,,,,
2745,LAD,EL PORVENIR DE NAICO,LA PAMPA,Ezeiza (SAEF),09/27,1280m. x 30m.,TIERRA,260 mts.,"10 Km. al W de NAICO, Provincia de LA PAMPA.",-36.909167,-64.635278,Verificar que el punto coincida aproximadamente con el centro/eje de la pista declarada.,,,,,,,,,,
2747,LADH,FINCA ALTOS DE JULIANA,CÓRDOBA,Córdoba (SACF),-,50m. x 50m.,TIERRA,950 mts.,"10 Km. al SSE de YACANTO SAN JAVIER, Provincia de CÓRDOBA.",-32.045278,-65.021111,Verificar que el punto coincida con el centro del helipuerto o área de aterrizaje.,,,,,,,,,,
2748,LADH,LAS TECAS,CÓRDOBA,Córdoba (SACF),-,150m. x 150m.,TIERRA,800 mts.,"2.5 Km. al SW de VILLA CIUDAD AMERICA, Provincia de CÓRDOBA.",-31.797778,-64.523611,Verificar que el punto coincida con el centro del helipuerto o área de aterrizaje.,,,,,,,,,,
2749,LADH,TERMINAL ZARATE,BUENOS AIRES,Ezeiza (SAEF),-,40m. x 40m.,TIERRA,30 mts.,"2 Km. al E de ZÁRATE, Provincia de BUENOS AIRES.",-34.066236,-59.033861,Verificar que el punto coincida con el centro del helipuerto o área de aterrizaje.,,,,,,,,,,
2750,LAD,EO. SAN VICENTE,TUCUMÁN,Córdoba (SACF),03/21,1200m. x 18m.,TIERRA,674 mts.,"40 Km. al N de TUCUMÁN, Provincia de TUCUMÁN.",-26.471389,-65.200556,Verificar que el punto coincida aproximadamente con el centro/eje de la pista declarada.,,,,,,,,,,
2751,LAD,SAN DAMIAN,SALTA,Córdoba (SACF),18/36,1000m. x 25m.,TIERRA,280 mts.,"70 Km. al NE de JOAQUIN V. GONZALEZ, Provincia de SALTA.",-24.891944,-63.474722,Verificar que el punto coincida aproximadamente con el centro/eje de la pista declarada.,,,,,,,,,,
2752,LAD,EO. LOS CACTUS,ENTRE RÍOS,Ezeiza (SAEF),14/32,700m. x 30m.,TIERRA,65 mts.,"6 Km. al SSW de HERNANDARIAS, Provincia de ENTRE RÍOS.",-31.279167,-60.011111,Verificar que el punto coincida aproximadamente con el centro/eje de la pista declarada.,,,,,,,,,,
2753,LAD,EA. LA SARAH,CÓRDOBA,Córdoba (SACF),18/36,1350m. x 50m.,TIERRA,125 mts.,"22 Km. al S de LAS VARILLAS, Provincia de CÓRDOBA.",-32.071111,-62.711944,Verificar que el punto coincida aproximadamente con el centro/eje de la pista declarada.,,,,,,,,,,
2754,LAD,EA. LAS LOMAS,CÓRDOBA,Mendoza (SAMF),02/20,1250m. x 85m.,TIERRA,320 mts.,"16.5 Km. al NW de VILLA VALERIA, Provincia de CÓRDOBA.",-34.249722,-65.057778,Verificar que el punto coincida aproximadamente con el centro/eje de la pista declarada.,,,,,,,,,,
2755,LAD,GENERAL CABRERA / MANIAGRO,CÓRDOBA,Córdoba (SACF),01/19,1139m. x 29m.,TIERRA,297 mts.,"2.5 Km. al NW de GENERAL CABRERA, Provincia de CÓRDOBA.",-32.781944,-63.863056,Verificar que el punto coincida aproximadamente con el centro/eje de la pista declarada.,,,,,,,,,,
2756,LAD,FREYRE / EO. SAN MIGUEL,CÓRDOBA,Córdoba (SACF),01/19,750m. x 30m.,TIERRA,109 mts.,"13 Km. al SW de FREYRE, Provincia de CÓRDOBA.",-31.225833,-62.214444,Verificar que el punto coincida aproximadamente con el centro/eje de la pista declarada.,,,,,,,,,,
2757,LAD,EL MORTERITO,CATAMARCA,Córdoba (SACF),11/29,2000m. x 30m.,TIERRA,809 mts.,"10 Km. al SW de POMAN, Provincia de CATAMARCA.",-28.4625,-66.299167,Verificar que el punto coincida aproximadamente con el centro/eje de la pista declarada.,,,,,,,,,,
2758,LAD,EO. EL TRAJIN,SANTA FE,Ezeiza (SAEF),05/23,1500m. x 40m.,TIERRA,88 mts.,"11 Km. al SE de VILLA CAÑAS, Provincia de SANTA FE.",-34.066111,-61.512778,Verificar que el punto coincida aproximadamente con el centro/eje de la pista declarada.,,,,,,,,,,
2759,LAD,EO. LAS ISLETAS,BUENOS AIRES,Ezeiza (SAEF),09/27,1025m. x 21m.,TIERRA,16 mts.,"46 Km. al SE de PEDRO LURO, Provincia de BUENOS AIRES.",-39.658056,-62.179444,Verificar que el punto coincida aproximadamente con el centro/eje de la pista declarada.,,,,,,,,,,
2760,LAD,PISTA SANTA SYLVINA,CHACO,Resistencia (SARR),01/19,1200m. x 23m.,TIERRA,74 mts.,"3 Km. al SW de SANTA SYLVINA, Provincia de CHACO.",-27.843333,-61.163889,Verificar que el punto coincida aproximadamente con el centro/eje de la pista declarada.,,,,,,,,,,
2761,LADH,SANTA SYLVINA,CHACO,Resistencia (SARR),-,25m. x 25m.,TIERRA,74 mts.,"1 Km. al E de SANTA SYLVINA, Provincia de CHACO.",-27.828889,-61.126111,Verificar que el punto coincida con el centro del helipuerto o área de aterrizaje.,,,,,,,,,,
2762,LAD,LOS CORRENTINOS,CHACO,Resistencia (SARR),18/36,810m. x 30m.,TIERRA,0 mts.,"11.7 Km. al WNW de PAMPA ALMIRÓN, Provincia de CHACO.",-26.648889,-59.230556,Verificar que el punto coincida aproximadamente con el centro/eje de la pista declarada.,,,,,,,,,,
2763,LAD,CAMPO EL COMEDERO,CATAMARCA,Córdoba (SACF),18/36,1300m. x 20m.,TIERRA,527 mts.,"4 Km. al N de LAS CAÑAS, Provincia de CATAMARCA.",-28.168056,-65.224167,Verificar que el punto coincida aproximadamente con el centro/eje de la pista declarada.,,,,,,,,,,
2764,LAD,COLAZO-VOLANDO,CÓRDOBA,Córdoba (SACF),01/19,1100m. x 20m.,TIERRA,229 mts.,"7 Km. al SE de COLAZO, Provincia de CÓRDOBA.",-32.038611,-63.376944,Verificar que el punto coincida aproximadamente con el centro/eje de la pista declarada.,,,,,,,,,,
2767,LAD,EA. LA MERCEDES,BUENOS AIRES,Ezeiza (SAEF),05/23,1200m. x 25m.,TIERRA,117 mts.,"10 Km. al NW de GUAMINI, Provincia de BUENOS AIRES.",-36.921389,-62.462778,Verificar que el punto coincida aproximadamente con el centro/eje de la pista declarada.,,,,,,,,,,
2768,LAD,CAMPO SANTA ANA,BUENOS AIRES,Ezeiza (SAEF),11/29,1400m. x 30m.,TIERRA,73 mts.,"30 Km. al NW de PEHUAJO, Provincia de BUENOS AIRES.",-35.570833,-61.744444,Verificar que el punto coincida aproximadamente con el centro/eje de la pista declarada.,,,,,,,,,,
2769,LAD,EA. LA ESCONDIDA,LA PAMPA,Ezeiza (SAEF),04/22 - 13/31,1250m. x 30m. - 850m. x 15m.,TIERRA,352 mts.,"36 Km. al SW de GRAL. ACHA, Provincia de LA PAMPA.",-37.655,-64.797778,Verificar que el punto coincida aproximadamente con el centro/eje de la pista declarada.,,,,,,,,,,
2770,LAD,LA CHARQUEADA,SALTA,Córdoba (SACF),01/19,1200m. x 40m.,TIERRA,296 mts.,"31.6 Km. al SE de APOLINARIO SARAVIA, Provincia de SALTA.",-24.497222,-63.689722,Verificar que el punto coincida aproximadamente con el centro/eje de la pista declarada.,,,,,,,,,,
2771,LAD,LOS PIRPINTOS,SANTIAGO DEL ESTERO,Córdoba (SACF),18/36,1100m. x 26m.,TIERRA,190 mts.,"10 Km. al SE de LOS PIRPINTOS, Provincia de SANTIAGO DEL ESTERO.",-26.232222,-62.023056,Verificar que el punto coincida aproximadamente con el centro/eje de la pista declarada.,,,,,,,,,,
2772,LAD,SANTA FELICITAS,CÓRDOBA,Ezeiza (SAEF),18/36,1170m. x 20m.,TIERRA,130 mts.,"15 Km. al SSE de ONAGOITY, Provincia de CÓRDOBA.",-34.909167,-63.637222,Verificar que el punto coincida aproximadamente con el centro/eje de la pista declarada.,,,,,,,,,,
2773,LAD,EA. EL PERICON,CÓRDOBA,Córdoba (SACF),01/19,1224m. x 36m.,TIERRA,241 mts.,"6 Km. al SW de BENGOLEA, Provincia de CÓRDOBA.",-33.053611,-63.739167,Verificar que el punto coincida aproximadamente con el centro/eje de la pista declarada.,,,,,,,,,,
2774,LAD,LAS PEÑAS SUD / EA. LA MOROCHA,CÓRDOBA,Córdoba (SACF),01/19,600m. x 25m.,TIERRA,455 mts.,"5 Km. al SSW de PEÑAS SUR, Provincia de CÓRDOBA.",-32.580278,-64.121944,Verificar que el punto coincida aproximadamente con el centro/eje de la pista declarada.,,,,,,,,,,
2775,LAD,URANGA / EA. SAN NICOLAS,SANTA FE,Ezeiza (SAEF),04/22,1070m. x 25m.,TIERRA,61 mts.,"4 Km. al SE de URANGA, Provincia de SANTA FE.",-33.286389,-60.673056,Verificar que el punto coincida aproximadamente con el centro/eje de la pista declarada.,,,,,,,,,,
2776,LAD,MIRAMAR/RUMACHELLA,CÓRDOBA,Córdoba (SACF),01/19,540m. x 30m.,TIERRA,80 mts.,"2 Km. al SE de MIRAMAR, Provincia de CÓRDOBA.",-30.931111,-62.669167,Verificar que el punto coincida aproximadamente con el centro/eje de la pista declarada.,,,,,,,,,,
2778,LADH,ESTACION TRANSFORMADORA COBOS,SALTA,Córdoba (SACF),-,19m. x 16m.,TIERRA,741 mts.,"4 Km. al ESE de COBOS, Provincia de SALTA.",-24.743889,-65.045278,Verificar que el punto coincida con el centro del helipuerto o área de aterrizaje.,,,,,,,,,,
2779,LAD,EL ZAINO,CHACO,Resistencia (SARR),09/27,900m. x 40m.,TIERRA,138 mts.,"47 Km. al NNE de FRENTONES, Provincia de CHACO.",-26.019167,-61.252222,Verificar que el punto coincida aproximadamente con el centro/eje de la pista declarada.,,,,,,,,,,
2780,LAD,AGROPECUARIA LA ALAMEDA,CHACO,Córdoba (SACF),06/24,1500m. x 28m.,TIERRA,118 mts.,"65 Km. al E de TACO POZO, Provincia de CHACO.",-25.545556,-62.611667,Verificar que el punto coincida aproximadamente con el centro/eje de la pista declarada.,,,,,,,,,,
2782,LAD,EL AROMO,CÓRDOBA,Córdoba (SACF),01/19,700m. x 35m.,TIERRA,127 mts.,"5 Km. al NW de ALEJO LEDESMA, Provincia de CÓRDOBA.",-33.567778,-62.672778,Verificar que el punto coincida aproximadamente con el centro/eje de la pista declarada.,,,,,,,,,,
2783,LAD,LAS TOLDERIAS,SANTIAGO DEL ESTERO,Córdoba (SACF),18/36,1000m. x 40m.,TIERRA,440 mts.,"5 Km. al NE de TAPSO, Provincia de SANTIAGO DEL ESTERO.",-28.355278,-65.067222,Verificar que el punto coincida aproximadamente con el centro/eje de la pista declarada.,,,,,,,,,,
2784,LAD,LA VIZCACHERA,CÓRDOBA,Córdoba (SACF),18/36,1200m. x 30m.,TIERRA,151 mts.,"13.9 Km. al N de SAN JOAQUIN, Provincia de CÓRDOBA.",-34.454722,-63.730278,Verificar que el punto coincida aproximadamente con el centro/eje de la pista declarada.,,,,,,,,,,
2785,LAD,FINCA POZO DEL MULATO,SALTA,Córdoba (SACF),06/24,1200m. x 20m.,TIERRA,303 mts.,"10 Km. al SE de PICHANAL, Provincia de SALTA.",-23.386667,-64.172778,Verificar que el punto coincida aproximadamente con el centro/eje de la pista declarada.,,,,,,,,,,
2786,LADH,CEVYCA,BUENOS AIRES,Ezeiza (SAEF),-,20m. x 20m.,TIERRA,15 mts.,"2.5 Km. al SW de MERLO, Provincia de BUENOS AIRES.",-34.681389,-58.749722,Verificar que el punto coincida con el centro del helipuerto o área de aterrizaje.,,,,,,,,,,
2787,LAD,MITIKILE,BUENOS AIRES,Ezeiza (SAEF),15/33,30m. x 900m.,TIERRA,98 mts.,"5 Km. al SW de ARENAZA, Provincia de BUENOS AIRES.",-34.981667,-61.822778,Verificar que el punto coincida aproximadamente con el centro/eje de la pista declarada.,,,,,,,,,,
2788,LAD,BOUQUET,SANTA FE,Ezeiza (SAEF),10/28,844m. x 33m.,TIERRA,128 mts.,"8 Km. al E de BOUQUET, Provincia de SANTA FE.",-32.419167,-61.794444,Verificar que el punto coincida aproximadamente con el centro/eje de la pista declarada.,,,,,,,,,,
2789,LAD,SAN JOAQUIN II,SANTA FE,Ezeiza (SAEF),10/28,1450m. x 30m.,TIERRA,21 mts.,"11 Km. al NW de COLONIA SAN JOAQUIN, Provincia de SANTA FE.",-30.699722,-60.100833,Verificar que el punto coincida aproximadamente con el centro/eje de la pista declarada.,,,,,,,,,,
2790,LAD,PILAR S.A.,SANTIAGO DEL ESTERO,Córdoba (SACF),18/36,1200m. x 30m.,TIERRA,201 mts.,"14 Km. al N de CAMPO GALLO, Provincia de SANTIAGO DEL ESTERO.",-26.456944,-62.853611,Verificar que el punto coincida aproximadamente con el centro/eje de la pista declarada.,,,,,,,,,,
2791,LAD,EA. EL RENACIMIENTO,BUENOS AIRES,Ezeiza (SAEF),18/36,1000m. x 30m.,TIERRA,113 mts.,"21 Km. al NE de GENERAL VILLEGAS, Provincia de BUENOS AIRES.",-34.965833,-62.793611,Verificar que el punto coincida aproximadamente con el centro/eje de la pista declarada.,,,,,,,,,,
2792,LAD,LAS DELICIAS,FORMOSA,Resistencia (SARR),07/25,1040m. x 43m.,TIERRA,124 mts.,"33 Km. al SW de POZO DEL TIGRE, Provincia de FORMOSA.",-25.146667,-60.548333,Verificar que el punto coincida aproximadamente con el centro/eje de la pista declarada.,,,,,,,,,,
2793,LAD,ZAÑARTU,CÓRDOBA,Mendoza (SAMF),18/36,1100m. x 40m.,TIERRA,275 mts.,"30 Km. al SW de VILLA VALERIA, Provincia de CÓRDOBA.",-34.610556,-64.999167,Verificar que el punto coincida aproximadamente con el centro/eje de la pista declarada.,,,,,,,,,,
2794,LAD,EL DANUBIO / LA DULCE,BUENOS AIRES,Ezeiza (SAEF),02/20,1250m. x 30m.,TIERRA,90 mts.,"13 Km. al SE de NICANOR OLIVERA, Provincia de BUENOS AIRES.",-38.314722,-59.058333,Verificar que el punto coincida aproximadamente con el centro/eje de la pista declarada.,,,,,,,,,,
2796,LAD,EA. LA PORTEÑA,CÓRDOBA,Ezeiza (SAEF),18/36,623m. x 26m.,TIERRA,130 mts.,"12 Km. al SE de BOUCHARD, Provincia de CÓRDOBA.",-34.786389,-63.3975,Verificar que el punto coincida aproximadamente con el centro/eje de la pista declarada.,,,,,,,,,,
2797,LAD,LA ADELINA,LA PAMPA,Ezeiza (SAEF),18/36,750m. x 30m.,TIERRA,302 mts.,"35 Km. al SE de LIHUEL CALEL, Provincia de LA PAMPA.",-38.206111,-65.247778,Verificar que el punto coincida aproximadamente con el centro/eje de la pista declarada.,,,,,,,,,,
2798,LAD,EO. SANTA ROSA,BUENOS AIRES,Ezeiza (SAEF),05/23,960m. x 23m.,TIERRA,217 mts.,"4.5 Km. al NW de PABLO ACOSTA, Provincia de BUENOS AIRES.",-37.129167,-59.688056,Verificar que el punto coincida aproximadamente con el centro/eje de la pista declarada.,,,,,,,,,,
2799,LAD,EO. 10 DE SEPTIEMBRE,BUENOS AIRES,Ezeiza (SAEF),05/23 - 14/32,612m. x 20m. - 598m. x 20m.,TIERRA,118 mts.,"16 Km. al E de TRES ARROYOS, Provincia de BUENOS AIRES.",-38.401667,-60.093333,Verificar que el punto coincida aproximadamente con el centro/eje de la pista declarada.,,,,,,,,,,
2800,LAD,FINCA PORVENIR 8,SALTA,Córdoba (SACF),01/19,1500m. x 22m.,TIERRA,528 mts.,"26.7 Km. al SW de PIQUETE CABADO, Provincia de SALTA.",-25.000278,-64.3475,Verificar que el punto coincida aproximadamente con el centro/eje de la pista declarada.,,,,,,,,,,
2801,LAD,FINCA SURI POZO,SALTA,Córdoba (SACF),01/19,1400m. x 20m.,TIERRA,428 mts.,"11 Km. al W de JOAQUIN V. GONZALEZ, Provincia de SALTA.",-25.086667,-64.2275,Verificar que el punto coincida aproximadamente con el centro/eje de la pista declarada.,,,,,,,,,,
2802,LAD,CABAÑA LOS GATOS,SANTIAGO DEL ESTERO,Córdoba (SACF),02/20,1980m. x 20m.,TIERRA,167 mts.,"45 Km. al NNW de GANCEDO, Provincia de SANTIAGO DEL ESTERO.",-27.144722,-61.765,Verificar que el punto coincida aproximadamente con el centro/eje de la pista declarada.,,,,,,,,,,
2803,LAD,FINCA PORVENIR 5,SALTA,Córdoba (SACF),01/19,1500m. x 22m.,TIERRA,416 mts.,"22 Km. al ESE de PIQUETE CABADO, Provincia de SALTA.",-24.916389,-63.990556,Verificar que el punto coincida aproximadamente con el centro/eje de la pista declarada.,,,,,,,,,,
2804,LAD,EA. PICHICO,BUENOS AIRES,Ezeiza (SAEF),04/22,1300m. x 30m.,TIERRA,303 mts.,"34 Km. al SW de CORONEL PRINGLES, Provincia de BUENOS AIRES.",-38.288611,-61.469722,Verificar que el punto coincida aproximadamente con el centro/eje de la pista declarada.,,,,,,,,,,
2805,LAD,EA. EL RETIRO,SAN LUIS,Mendoza (SAMF),18/36,1228m. x 16m.,TIERRA,316 mts.,"33 Km. al S de NUEVA GALIA , Provincia de SAN LUIS.",-35.418333,-65.282222,Verificar que el punto coincida aproximadamente con el centro/eje de la pista declarada.,,,,,,,,,,
2806,LAD,TACO POZO,CHACO,Córdoba (SACF),18/36,1200m. x 23m.,TIERRA,258 mts.,"3 Km. al E de TACO POZO, Provincia de CHACO.",-25.622222,-63.237222,Verificar que el punto coincida aproximadamente con el centro/eje de la pista declarada.,,,,,,,,,,
2808,LAD,EA. EL TRANQUILO,SANTA CRUZ,Comodoro (SAVF),09/27,1000m. x 30m.,TIERRA,437 mts.,"93 Km. al NNW de GOBERNADOR GREGORES, Provincia de SANTA CRUZ.",-47.936389,-70.485556,Verificar que el punto coincida aproximadamente con el centro/eje de la pista declarada.,,,,,,,,,,
2809,LAD,EA. LAS MARIAS,SAN LUIS,Córdoba (SACF),10/28,1200m. x 24m.,TIERRA,645 mts.,"2.5 Km. al NW de LENADRO N. ALEM, Provincia de SAN LUIS.",-32.470556,-66.0825,Verificar que el punto coincida aproximadamente con el centro/eje de la pista declarada.,,,,,,,,,,
2810,LAD,EA. LA PAZ,CÓRDOBA,Córdoba (SACF),01/19,1332m. x 20m.,TIERRA,160 mts.,"5 Km. al SE de SANTA EUFEMIA, Provincia de CÓRDOBA.",-33.211111,-63.208889,Verificar que el punto coincida aproximadamente con el centro/eje de la pista declarada.,,,,,,,,,,
2811,LAD,EA. EL DESCANSO,BUENOS AIRES,Ezeiza (SAEF),04/22,1000m. x 30m.,TIERRA,111 mts.,"24 Km. al NNW de CARLOS PELLEGRINI , Provincia de BUENOS AIRES.",-36.054444,-63.208056,Verificar que el punto coincida aproximadamente con el centro/eje de la pista declarada.,,,,,,,,,,
2812,LAD,EA. SAN FERNANDO,ENTRE RÍOS,Ezeiza (SAEF),02/20,900m. x 30m.,TIERRA,45 mts.,"25 Km. al SSW de NOGOYA, Provincia de ENTRE RÍOS.",-32.633611,-59.835,Verificar que el punto coincida aproximadamente con el centro/eje de la pista declarada.,,,,,,,,,,
2813,LAD,EA. LA ESMERALDA,SANTA FE,Ezeiza (SAEF),08/26 - 17/35,1190m. x 50m. - 1950m. x 50m.,TIERRA,81 mts.,"17 Km. al SW de LOGROÑO, Provincia de SANTA FE.",-29.646389,-61.757222,Verificar que el punto coincida aproximadamente con el centro/eje de la pista declarada.,,,,,,,,,,
2814,LAD,EO. DON CORTO,SANTIAGO DEL ESTERO,Córdoba (SACF),02/20,1300m. x 60m.,TIERRA,274 mts.,"8 Km. al NNE de POZO HONDO, Provincia de SANTIAGO DEL ESTERO.",-27.095,-64.4525,Verificar que el punto coincida aproximadamente con el centro/eje de la pista declarada.,,,,,,,,,,
2815,LAD,EA. LAS CABEZAS,ENTRE RÍOS,Ezeiza (SAEF),09/27,1200m. x 45m.,TIERRA,29 mts.,"32 Km. al NW de GUALEGUAY, Provincia de ENTRE RÍOS.",-32.922222,-59.525556,Verificar que el punto coincida aproximadamente con el centro/eje de la pista declarada.,,,,,,,,,,
2816,LAD,GOBERNADOR PIEDRABUENA,TUCUMÁN,Córdoba (SACF),03/21,977m. x 25m.,TIERRA,383.5 mts.,"1 Km. al S de GOBERNADOR PIEDRABUENA, Provincia de TUCUMÁN.",-26.744053,-64.649419,Verificar que el punto coincida aproximadamente con el centro/eje de la pista declarada.,,,,,,,,,,
2817,LAD,SAN GABRIEL,SALTA,Córdoba (SACF),16/34,1600m. x 20m.,TIERRA,392 mts.,"9 Km. al SE de MARTNEZ TINEO, Provincia de SALTA.",-23.978333,-64.002667,Verificar que el punto coincida aproximadamente con el centro/eje de la pista declarada.,,,,,,,,,,
2818,LAD,FALUCHO,LA PAMPA,Ezeiza (SAEF),18/36,980m. x 50m.,TIERRA,156 mts.,"3 Km. al NW de FALUCHO, Provincia de LA PAMPA.",-35.173894,-64.129386,Verificar que el punto coincida aproximadamente con el centro/eje de la pista declarada.,,,,,,,,,,
2819,LAD,CENTELLA,ENTRE RÍOS,Ezeiza (SAEF),18/36,1400m. x 60m.,TIERRA,22.5 mts.,"13 Km. al SW de COLONIA ELIA, Provincia de ENTRE RÍOS.",-32.729464,-58.451589,Verificar que el punto coincida aproximadamente con el centro/eje de la pista declarada.,,,,,,,,,,
2820,LAD,EA. LOS PORTEÑOS,CÓRDOBA,Mendoza (SAMF),02/20,1300m. x 20m.,TIERRA,240 mts.,"33 Km. al NW de VILLA HUIDOBRO, Provincia de CÓRDOBA.",-34.595917,-64.718972,Verificar que el punto coincida aproximadamente con el centro/eje de la pista declarada.,,,,,,,,,,
2822,LAD,VILLA CASA DE PIEDRA,LA PAMPA,Ezeiza (SAEF),04/22,1250m. x 30m.,ASFALTO,331 mts.,"7.5 Km. al NW de VILLA CASA DE PIEDRA, Provincia de LA PAMPA.",-38.104722,-67.206111,Verificar que el punto coincida aproximadamente con el centro/eje de la pista declarada.,,,,,,,,,,
2823,LAD,LA HUMADA,LA PAMPA,Mendoza (SAMF),09/27,1250m. x 30m.,ASFALTO,812 mts.,"3 Km. al E de LA HUMADA, Provincia de LA PAMPA.",-36.345889,-67.984028,Verificar que el punto coincida aproximadamente con el centro/eje de la pista declarada.,,,,,,,,,,
2824,LAD,TALI SUMAJ,CATAMARCA,Córdoba (SACF),03/21,1400m. x 40m.,TIERRA,260 mts.,"19 Km. al SE de SAN ANTONIO, Provincia de CATAMARCA.",-29.039008,-64.936008,Verificar que el punto coincida aproximadamente con el centro/eje de la pista declarada.,,,,,,,,,,
2825,LAD,EA. SANTA ELENA,BUENOS AIRES,Ezeiza (SAEF),04/22,1200m. x 35m.,TIERRA,136 mts.,"30 Km. al NW de OLAVARRIA, Provincia de BUENOS AIRES.",-36.628911,-60.437167,Verificar que el punto coincida aproximadamente con el centro/eje de la pista declarada.,,,,,,,,,,
2826,LAD,EA. SAN MIGUEL-BS.AS.,BUENOS AIRES,Ezeiza (SAEF),09/27,700m. x 30m.,TIERRA,64 mts.,"34 Km. al NNE de BALCARCE, Provincia de BUENOS AIRES.",-37.554292,-58.166972,Verificar que el punto coincida aproximadamente con el centro/eje de la pista declarada.,,,,,,,,,,
2827,LAD,EL RESUEYO,BUENOS AIRES,Ezeiza (SAEF),13/31,1096m. x 30m.,TIERRA,358 mts.,"22 Km. al SE de TORNQUIST, Provincia de BUENOS AIRES.",-38.21035,-62.0119,Verificar que el punto coincida aproximadamente con el centro/eje de la pista declarada.,,,,,,,,,,
2828,LAD,EL MANZANO,MENDOZA,Mendoza (SAMF),08/26,900m. x 15m.,TIERRA,1662 mts.,"34 Km. al SW de TUPUNGATO, Provincia de MENDOZA.",-33.606944,-69.368056,Verificar que el punto coincida aproximadamente con el centro/eje de la pista declarada.,,,,,,,,,,
2829,LAD,CUMELEN,BUENOS AIRES,Ezeiza (SAEF),14/32,700m. x 20m.,TIERRA,76 mts.,"33 Km. al WSW de CORONEL DORREGO, Provincia de BUENOS AIRES.",-38.8031,-61.646,Verificar que el punto coincida aproximadamente con el centro/eje de la pista declarada.,,,,,,,,,,
2830,LAD,EO. CURUPI PORA,CORRIENTES,Resistencia (SARR),06/24,1200m. x 18m.,TIERRA,80 mts.,"37 Km. al NE de SAN ROQUE, Provincia de CORRIENTES.",-28.355,-58.458056,Verificar que el punto coincida aproximadamente con el centro/eje de la pista declarada.,,,,,,,,,,
2831,LADH,UNIDAD REGIONAL II DE POLCIA,SANTA FE,Ezeiza (SAEF),-,14m. x 14m.,TIERRA,40 mts.,"5 Km. al S de ROSARIO, Provincia de SANTA FE.",-32.993333,-60.674722,Verificar que el punto coincida con el centro del helipuerto o área de aterrizaje.,,,,,,,,,,
2832,LAD,EA. MIRAFLORES,SALTA,Córdoba (SACF),05/23,1550m. x 40m.,TIERRA,584 mts.,"5 Km. al NW de EL GALPON, Provincia de SALTA.",-25.344644,-64.679553,Verificar que el punto coincida aproximadamente con el centro/eje de la pista declarada.,,,,,,,,,,
2833,LAD,LA ALMITA,SANTA FE,Resistencia (SARR),02/20,774m. x 15m.,TIERRA,60 mts.,"30 Km. al NW de VILLA ANA, Provincia de SANTA FE.",-28.308611,-59.851944,Verificar que el punto coincida aproximadamente con el centro/eje de la pista declarada.,,,,,,,,,,
2834,LAD,TECNODESIERTO,LA RIOJA,Córdoba (SACF),14/32,1400m. x 17m.,TIERRA,922 mts.,"25 Km. al NNW de AIMOGASTA, Provincia de LA RIOJA.",-28.346111,-66.905833,Verificar que el punto coincida aproximadamente con el centro/eje de la pista declarada.,,,,,,,,,,
2835,LADH,EO. LA BELGICA,BUENOS AIRES,Ezeiza (SAEF),-,6m. x 6m.,CONCRETO,107 mts.,"21 Km. al W de LINCOLN, Provincia de BUENOS AIRES.",-34.875278,-61.764444,Verificar que el punto coincida con el centro del helipuerto o área de aterrizaje.,,,,,,,,,,
2836,LAD,FINCA SAN BARTOLO,SALTA,Córdoba (SACF),02/20,1150m. x 20m.,TIERRA,272 mts.,"30 Km. al ESE de GENERAL PIZARRO, Provincia de SALTA.",-24.274653,-63.702081,Verificar que el punto coincida aproximadamente con el centro/eje de la pista declarada.,,,,,,,,,,
2837,LAD,TELSEN,CHUBUT,Comodoro (SAVF),09/27,1000m. x 30m.,TIERRA,380 mts.,"1 Km. al W de TELSEN, Provincia de CHUBUT.",-42.438333,-66.958333,Verificar que el punto coincida aproximadamente con el centro/eje de la pista declarada.,,,,,,,,,,
2838,LADH,BLUE,BUENOS AIRES,Ezeiza (SAEF),-,70m. x 40m.,TIERRA,12 mts.,"4 Km. al NE de CHASCOMUS, Provincia de BUENOS AIRES.",-35.549667,-57.987167,Verificar que el punto coincida con el centro del helipuerto o área de aterrizaje.,,,,,,,,,,
2839,LAD,SALTA FORESTAL - ECO DESARROLLO,SALTA,Córdoba (SACF),01/19,1600m. x 22m.,TIERRA,357 mts.,"33 Km. al NE de JOAQUIN V. GONZALEZ, Provincia de SALTA.",-24.9438,-63.863003,Verificar que el punto coincida aproximadamente con el centro/eje de la pista declarada.,,,,,,,,,,
2840,LAD,CURUZÚ CUATIÁ / EA. EL YAGUARÍ,CORRIENTES,Resistencia (SARR),06/24,1250m. x 20m.,TIERRA,67.5 mts.,"20 Km. al NE de CURUZÚ CUATÍA, Provincia de CORRIENTES.",-29.660122,-57.901567,Verificar que el punto coincida aproximadamente con el centro/eje de la pista declarada.,,,,,,,,,,
2841,LAD,CERRO NEGRO,SANTA CRUZ,Comodoro (SAVF),07/25,1500m. x 45m.,TIERRA,588 mts.,"54 Km. al SE de PERITO MORENO, Provincia de SANTA CRUZ.",-46.832792,-70.298722,Verificar que el punto coincida aproximadamente con el centro/eje de la pista declarada.,,,,,,,,,,
2842,LAD,EO. EL PALOMAR,FORMOSA,Resistencia (SARR),12/30,923m. x 50m.,TIERRA,99 mts.,"17 Km. al NW de PALO SANTO, Provincia de FORMOSA.",-25.461222,-59.462778,Verificar que el punto coincida aproximadamente con el centro/eje de la pista declarada.,,,,,,,,,,
2843,LAD,LAGO CHOLILA,CHUBUT,Comodoro (SAVF),09/27,500m. x 18m.,TIERRA,546 mts.,"15 Km. al WNW de CHOLILA, Provincia de CHUBUT.",-42.464306,-71.600139,Verificar que el punto coincida aproximadamente con el centro/eje de la pista declarada.,,,,,,,,,,
2844,LAD,BAJADA DEL RADAL,CHUBUT,Comodoro (SAVF),04/22,700m. x 20m.,TIERRA,675 mts.,"12 Km. al NE de CHOLILA, Provincia de CHUBUT.",-42.410278,-71.373611,Verificar que el punto coincida aproximadamente con el centro/eje de la pista declarada.,,,,,,,,,,
2845,LAD,MUNICIPALIDAD DE LOS ANTIGUOS,SANTA CRUZ,Comodoro (SAVF),12/30,900m. x 25m.,TIERRA,284 mts.,"1 Km. al SE de LOS ANTIGUOS, Provincia de SANTA CRUZ.",-46.556767,-71.612183,Verificar que el punto coincida aproximadamente con el centro/eje de la pista declarada.,,,,,,,,,,
2846,LAD,EO. LA GLEBA,LA PAMPA,Mendoza (SAMF),18/36,960m. x 43m.,TIERRA,293 mts.,"15 Km. al SW de LA MARUJA, Provincia de LA PAMPA.",-35.780967,-65.071397,Verificar que el punto coincida aproximadamente con el centro/eje de la pista declarada.,,,,,,,,,,
2847,LAD,EA. LAS PALMAS,SANTA FE,Ezeiza (SAEF),02/20 - 18/36,1373m. x 35m. - 850m. x 26m.,TIERRA,121 mts.,"26 Km. al NW de SANCTI SPIRITU, Provincia de SANTA FE.",-33.928686,-62.514278,Verificar que el punto coincida aproximadamente con el centro/eje de la pista declarada.,,,,,,,,,,
2848,LAD,EA EL SALADERO,NEUQUÉN,Ezeiza (SAEF),11/29,1217m. x 15.6m.,TIERRA,828 mts.,"15 Km. al NW de LAS LAJAS, Provincia de NEUQUÉN.",-38.456417,-70.527639,Verificar que el punto coincida aproximadamente con el centro/eje de la pista declarada.,,,,,,,,,,
2849,LAD,LA ADELA,LA PAMPA,Ezeiza (SAEF),11/29,1250m. x 30m.,ASFALTO,92 mts.,"9 Km. al N de LA ADELA , Provincia de LA PAMPA.",-38.904417,-64.091972,Verificar que el punto coincida aproximadamente con el centro/eje de la pista declarada.,,,,,,,,,,
2850,LAD,EO. SAN EDUARDO,LA PAMPA,Ezeiza (SAEF),18/36,1300m. x 20m.,TIERRA,403 mts.,"69 Km. al S de VICTORIA, Provincia de LA PAMPA.",-36.839722,-65.544722,Verificar que el punto coincida aproximadamente con el centro/eje de la pista declarada.,,,,,,,,,,
2851,LAD,EA. LAS SEMILLAS,SANTA FE,Ezeiza (SAEF),01/19,1200m. x 30m.,TIERRA,127 mts.,"13 Km. al NW de AMENABAR, Provincia de SANTA FE.",-34.026194,-62.472439,Verificar que el punto coincida aproximadamente con el centro/eje de la pista declarada.,,,,,,,,,,
2852,LAD,EA. JUNCALITO,BUENOS AIRES,Ezeiza (SAEF),04/22,1200m. x 30m.,TIERRA,43 mts.,"18 Km. al E de EST. SOLANET, Provincia de BUENOS AIRES.",-36.884722,-58.319878,Verificar que el punto coincida aproximadamente con el centro/eje de la pista declarada.,,,,,,,,,,
2853,LAD,SAN ANDRES,CÓRDOBA,Córdoba (SACF),18/36,1606m. x 20m.,TIERRA,225 mts.,"25 Km. al N de VILLA HUIDOBRO, Provincia de CÓRDOBA.",-34.594444,-64.570972,Verificar que el punto coincida aproximadamente con el centro/eje de la pista declarada.,,,,,,,,,,
2854,LAD,EL TOBA,SANTIAGO DEL ESTERO,Resistencia (SARR),01/19,1323m. x 30m.,TIERRA,183 mts.,"25 Km. al S de PAMPA DE LOS GUANACOS, Provincia de SANTIAGO DEL ESTERO.",-26.4575,-61.814722,Verificar que el punto coincida aproximadamente con el centro/eje de la pista declarada.,,,,,,,,,,
2855,LAD,MONTE QUEMADO,SANTIAGO DEL ESTERO,Córdoba (SACF),02/20,1500m. x 20m.,ASF,223 mts.,"1.5 Km. al N de MONTE QUEMADO, Provincia de SANTIAGO DEL ESTERO.",-25.779,-62.8275,Verificar que el punto coincida aproximadamente con el centro/eje de la pista declarada.,,,,,,,,,,
2856,LAD,MIRADOR,BUENOS AIRES,Ezeiza (SAEF),05/23,954m. x 30m.,TIERRA,96 mts.,"4 Km. al ESE de ARENAZA, Provincia de BUENOS AIRES.",-34.996075,-61.731764,Verificar que el punto coincida aproximadamente con el centro/eje de la pista declarada.,,,,,,,,,,
2857,LAD,CHAPALAUQUEN,BUENOS AIRES,Ezeiza (SAEF),05/23,1215m. x 34m.,TIERRA,19 mts.,"33.6 Km. al SW de PILA, Provincia de BUENOS AIRES.",-36.159903,-58.468889,Verificar que el punto coincida aproximadamente con el centro/eje de la pista declarada.,,,,,,,,,,
2858,LAD,SANTA JULIA,CORRIENTES,Resistencia (SARR),05/23,1300m. x 35m.,TIERRA,67 mts.,"20 Km. al SSE de SAN MIGUEL, Provincia de CORRIENTES.",-28.166569,-57.549583,Verificar que el punto coincida aproximadamente con el centro/eje de la pista declarada.,,,,,,,,,,
2860,LAD,IDIAZABAL,CÓRDOBA,Córdoba (SACF),01/19,1181m. x 30m.,TIERRA,149 mts.,"4 Km. al E de IDIAZABAL, Provincia de CÓRDOBA.",-32.816167,-62.988664,Verificar que el punto coincida aproximadamente con el centro/eje de la pista declarada.,,,,,,,,,,
2861,LAD,SAN JUAN,FORMOSA,Resistencia (SARR),04/22,1006m. x 50m.,TIERRA,86 mts.,"17 Km. al NW de LAGUNA GALLO, Provincia de FORMOSA.",-25.178456,-58.881283,Verificar que el punto coincida aproximadamente con el centro/eje de la pista declarada.,,,,,,,,,,
2862,LAD,EA LA IGNACIA,BUENOS AIRES,Ezeiza (SAEF),01/19 - 10/28,878m. x 50m. - 695m. x 50m.,TIERRA,97 mts.,"25 Km. al SSW de AYACUCHO, Provincia de BUENOS AIRES.",-37.375361,-58.562003,Verificar que el punto coincida aproximadamente con el centro/eje de la pista declarada.,,,,,,,,,,
2863,LADH,QUEBRADAS VILLA RURAL,BUENOS AIRES,Ezeiza (SAEF),-,15m. x 15m.,TIERRA,29 mts.,"6 Km. al WSW de ALSINA, Provincia de BUENOS AIRES.",-33.928733,-59.448378,Verificar que el punto coincida con el centro del helipuerto o área de aterrizaje.,,,,,,,,,,
2864,LAD,ROLL HERMANOS,BUENOS AIRES,Ezeiza (SAEF),17/35 - 09/27,973m. x 15m. - 716m. x 15m.,TIERRA,24 mts.,"2 Km. al NNE de ALEJANDRO KORN, Provincia de BUENOS AIRES.",-34.959167,-58.368056,Verificar que el punto coincida aproximadamente con el centro/eje de la pista declarada.,,,,,,,,,,
2865,LAD,LAMAINE,BUENOS AIRES,Ezeiza (SAEF),16/34,677m. x 20m.,TIERRA,92 mts.,"18.5 Km. al NW de JUNIN, Provincia de BUENOS AIRES.",-34.444722,-61.064444,Verificar que el punto coincida aproximadamente con el centro/eje de la pista declarada.,,,,,,,,,,
2866,LAD,LAGO STROBEL,SANTA CRUZ,Comodoro (SAVF),10/28,1000m. x 30m.,TIERRA,923 mts.,"81 Km. al NW de GOBERNADOR GREGORES, Provincia de SANTA CRUZ.",-48.465664,-71.275669,Verificar que el punto coincida aproximadamente con el centro/eje de la pista declarada.,,,,,,,,,,
2867,LAD,ESTANCIA LA CARLINA,CÓRDOBA,Córdoba (SACF),02/20,888m. x 20m.,TIERRA,108 mts.,"2.5 Km. al E de NOETINGER, Provincia de CÓRDOBA.",-32.365686,-62.277939,Verificar que el punto coincida aproximadamente con el centro/eje de la pista declarada.,,,,,,,,,,
2868,LADH,CRIO.GRAL. DON MARIANO SAVIA,SANTA FE,Ezeiza (SAEF),-,10m. x 10m.,CONCRETO,30 mts.,"1 Km. al SSW de LA CAROLINA, Provincia de SANTA FE.",-33.089583,-60.698472,Verificar que el punto coincida con el centro del helipuerto o área de aterrizaje.,,,,,,,,,,
2869,LAD,ESTANCIA LA NORIA,BUENOS AIRES,Ezeiza (SAEF),13/31,1130m. x 30m.,TIERRA,92 mts.,"31 Km. al W de TAPALQUE, Provincia de BUENOS AIRES.",-36.322139,-60.371444,Verificar que el punto coincida aproximadamente con el centro/eje de la pista declarada.,,,,,,,,,,
2870,LAD,BAHIA DE LOS MOROS,BUENOS AIRES,Ezeiza (SAEF),07/25,980m. x 30m.,TIERRA,18 mts.,"23 Km. al ENE de NECOCHEA, Provincia de BUENOS AIRES.",-38.513819,-58.473236,Verificar que el punto coincida aproximadamente con el centro/eje de la pista declarada.,,,,,,,,,,
2872,LAD,ESTABLECIMIENTO LA IFIGENIA,SANTA FE,Córdoba (SACF),02/20,1483m. x 30m.,TIERRA,55 mts.,"12 Km. al NNW de VILLA SARALEGUI, Provincia de SANTA FE.",-30.426625,-60.768281,Verificar que el punto coincida aproximadamente con el centro/eje de la pista declarada.,,,,,,,,,,
2873,LAD,ONAKERA,SAN LUIS,Mendoza (SAMF),03/21,993m. x 20m.,TIERRA,924 mts.,"12 Km. al NE de LA TOMA, Provincia de SAN LUIS.",-32.993333,-65.502083,Verificar que el punto coincida aproximadamente con el centro/eje de la pista declarada.,,,,,,,,,,
2874,LAD,EL QUIRQUINCHO,SANTIAGO DEL ESTERO,Córdoba (SACF),01/19,1195m. x 20m.,TIERRA,92 mts.,"4 Km. al WSW de COLONIA ALPINA, Provincia de SANTIAGO DEL ESTERO.",-30.067111,-62.154722,Verificar que el punto coincida aproximadamente con el centro/eje de la pista declarada.,,,,,,,,,,
2875,LAD,GENERAL BALLIVIAN/FINCA CUCHUY,SALTA,Córdoba (SACF),02/20,1200m. x 15m.,TIERRA,283 mts.,"18 Km. al SE de GENERAL BALLIVIAN, Provincia de SALTA.",-23.039303,-63.720883,Verificar que el punto coincida aproximadamente con el centro/eje de la pista declarada.,,,,,,,,,,
2876,LAD,GENERAL MOSCONI/FINCA LA HERCILIA,SALTA,Córdoba (SACF),01/19,1150m. x 15m.,TIERRA,374 mts.,"15 Km. al E de GENERAL MOSCONI, Provincia de SALTA.",-22.613789,-63.662614,Verificar que el punto coincida aproximadamente con el centro/eje de la pista declarada.,,,,,,,,,,
2877,LAD,FINCA CALIFORNIA,SALTA,Córdoba (SACF),01/19,781m. x 21m.,TIERRA,318 mts.,"28 Km. al SE de PICHANAL, Provincia de SALTA.",-23.411414,-63.962042,Verificar que el punto coincida aproximadamente con el centro/eje de la pista declarada.,,,,,,,,,,
2878,LAD,FINCA CORRALITO,SALTA,Córdoba (SACF),01/19,965m. x 23m.,TIERRA,263 mts.,"32 Km. al E de GRAL BALLIVIAN, Provincia de SALTA.",-22.902669,-63.548297,Verificar que el punto coincida aproximadamente con el centro/eje de la pista declarada.,,,,,,,,,,
2879,LAD,FINCA RIO COLORADO,SALTA,Córdoba (SACF),02/20,848m. x 30m.,TIERRA,332 mts.,"7 Km. al ENE de COLONIA SANTA ROSA, Provincia de SALTA.",-23.381094,-64.354514,Verificar que el punto coincida aproximadamente con el centro/eje de la pista declarada.,,,,,,,,,,
2880,LAD,FINCA SAN DIEGO,SALTA,Córdoba (SACF),04/22,712m. x 22m.,TIERRA,330 mts.,"3 Km. al SW de GRAL BALLIVIAN, Provincia de SALTA.",-22.962192,-63.875861,Verificar que el punto coincida aproximadamente con el centro/eje de la pista declarada.,,,,,,,,,,
2882,LAD,EL GURI,CÓRDOBA,Córdoba (SACF),02/20,1600m. x 30m.,TIERRA,229 mts.,"16 Km. al E de VILLA DE MARIA, Provincia de CÓRDOBA.",-29.922361,-63.558056,Verificar que el punto coincida aproximadamente con el centro/eje de la pista declarada.,,,,,,,,,,
2883,LAD,SALTO DEL MOCONA,MISIONES,Resistencia (SARR),18/36,1100m. x 60m.,TIERRA,414 mts.,"15 Km. al NE de EL SOBERBIO, Provincia de MISIONES.",-27.184047,-54.106414,Verificar que el punto coincida aproximadamente con el centro/eje de la pista declarada.,,,,,,,,,,
2884,LAD,ESTANCIA SANTA NICOLASA,RÍO NEGRO,Ezeiza (SAEF),05/23 - 11/29,900m. x 20m. - 800m. x 30m.,TIERRA,182 mts.,"60 Km. al N de CHOELE CHOEL, Provincia de RÍO NEGRO.",-38.772067,-65.9196,Verificar que el punto coincida aproximadamente con el centro/eje de la pista declarada.,,,,,,,,,,
2885,LAD,ESTANCIA LUZ MALA,BUENOS AIRES,Ezeiza (SAEF),05/23,1000m. x 30m.,TIERRA,88 mts.,"24 Km. al SW de PEHUAJO, Provincia de BUENOS AIRES.",-35.912478,-62.143761,Verificar que el punto coincida aproximadamente con el centro/eje de la pista declarada.,,,,,,,,,,
2886,LAD,ESTANCIA LA PROVIDENCIA,BUENOS AIRES,Ezeiza (SAEF),05/23,900m. x 30m.,TIERRA,39 mts.,"46 Km. al NNE de AYACUCHO, Provincia de BUENOS AIRES.",-36.750303,-58.306161,Verificar que el punto coincida aproximadamente con el centro/eje de la pista declarada.,,,,,,,,,,
2887,LAD,TANCAL AGROPECUARIA DONOVAN,SAN LUIS,Mendoza (SAMF),18/36,1200m. x 30m.,TIERRA,858 mts.,"9.9 Km. al ESE de SAN LUIS, Provincia de SAN LUIS.",-33.332428,-66.233283,Verificar que el punto coincida aproximadamente con el centro/eje de la pista declarada.,,,,,,,,,,
2888,LAD,ESTABLECIMIENTO SAN PEDRO,BUENOS AIRES,Ezeiza (SAEF),01/19,1119m. x 20m.,TIERRA,10 mts.,"11 Km. al SE de SALAZAR, Provincia de BUENOS AIRES.",-36.705778,-57.809917,Verificar que el punto coincida aproximadamente con el centro/eje de la pista declarada.,,,,,,,,,,
2889,LAD,ESTABLECMIENTO EL MATACO,FORMOSA,Resistencia (SARR),05/23,1000X30m. x 30m.,TIERRA,130 mts.,"29 Km. al S de LAS LOMITAS, Provincia de FORMOSA.",-24.969119,-60.65,Verificar que el punto coincida aproximadamente con el centro/eje de la pista declarada.,,,,,,,,,,
2890,LAD,GENERAL ACHA / ROBERTO TRAPPA,LA PAMPA,Ezeiza (SAEF),08/26,1700m. x 22m.,ASFALTO,242 mts.,"21 Km. al SW de GENERAL ACHA, Provincia de LA PAMPA.",-37.541783,-64.713822,Verificar que el punto coincida aproximadamente con el centro/eje de la pista declarada.,,,,,,,,,,
2891,LAD,LA MATILDE,LA PAMPA,Ezeiza (SAEF),17/35 - 17/35,1990m. x 28m.- 1405m. x 25m.,TIERRA,283 mts.,"51 Km. al NNW de CUCHILLO CO, Provincia de LA PAMPA.",-37.917222,-64.913889,Verificar que el punto coincida aproximadamente con el centro/eje de la pista declarada.,,,,,,,,,,
2892,LAD,ESTANCIA EL PAJONAL,BUENOS AIRES,Ezeiza (SAEF),16/34,1200m. x 22.3m.,TIERRA,69 mts.,"10 Km. al NE de DEL VALLE, Provincia de BUENOS AIRES.",-35.837214,-60.648731,Verificar que el punto coincida aproximadamente con el centro/eje de la pista declarada.,,,,,,,,,,
2893,LAD,PUERTA DEL LEON,CHACO,Resistencia (SARR),06/24,800m. x 23m.,TIERRA,82 mts.,"28 Km. al SE de GENERAL PINEDO, Provincia de CHACO.",-27.532222,-61.114167,Verificar que el punto coincida aproximadamente con el centro/eje de la pista declarada.,,,,,,,,,,
2894,LAD,LOMA S.A.,JUJUY,Córdoba (SACF),04/22,900m. x 40m.,TIERRA,363 mts.,"1.7 Km. al N de YUTO, Provincia de JUJUY.",-23.625956,-64.477669,Verificar que el punto coincida aproximadamente con el centro/eje de la pista declarada.,,,,,,,,,,
2895,LAD,ESTABLECIMIENTO SAN CARLOS,SANTA FE,Ezeiza (SAEF),06/24,1400m. x 25m.,TIERRA,110 mts.,"12 Km. al S de VENADO TUERTO, Provincia de SANTA FE.",-33.857883,-61.980086,Verificar que el punto coincida aproximadamente con el centro/eje de la pista declarada.,,,,,,,,,,
2896,LAD,ESTANCIA LA ABELI,CORRIENTES,Resistencia (SARR),13/31,570m. x 25m.,TIERRA,96 mts.,"20 Km. al NW de CURUZÚ CUATIÁ, Provincia de CORRIENTES.",-29.656642,-58.235067,Verificar que el punto coincida aproximadamente con el centro/eje de la pista declarada.,,,,,,,,,,
2897,LADH,PINAMAR/INSPECTOR CLAUDIO FIGUEROA,BUENOS AIRES,Ezeiza (SAEF),-,20m. x 20m.,HOR,4 mts.,"3.7 Km. al WNW de PINAMAR, Provincia de BUENOS AIRES.",-37.101972,-56.901111,Verificar que el punto coincida con el centro del helipuerto o área de aterrizaje.,,,,,,,,,,
2898,LAD,LA LUISA,SANTIAGO DEL ESTERO,Córdoba (SACF),04/22,1040m. x 40m.,TIERRA,170.5 mts.,"21 Km. al NW de TINTINA, Provincia de SANTIAGO DEL ESTERO.",-26.958608,-62.906475,Verificar que el punto coincida aproximadamente con el centro/eje de la pista declarada.,,,,,,,,,,
2899,LAD,FINCA HICKMAN,SALTA,Córdoba (SACF),02/20,940m. x 24m.,TIERRA,263 mts.,"5 Km. al NW de HICKMANN, Provincia de SALTA.",-23.185442,-63.608647,Verificar que el punto coincida aproximadamente con el centro/eje de la pista declarada.,,,,,,,,,,
2900,LADH,N.E.F. CORZUELA,CHACO,Resistencia (SARR),-,10m. x 10m.,TIERRA,105 mts.,"1.5 Km. al SE de CORZUELA, Provincia de CHACO.",-26.963664,-60.955961,Verificar que el punto coincida con el centro del helipuerto o área de aterrizaje.,,,,,,,,,,
2901,LAD,LAGUNA YEMA / LIAG ARGENTINA,FORMOSA,Resistencia (SARR),05/23,1300m. x 30m.,TIERRA,147 mts.,"3 Km. al NNW de POZO DEL MORTERO, Provincia de FORMOSA.",-24.374206,-61.038583,Verificar que el punto coincida aproximadamente con el centro/eje de la pista declarada.,,,,,,,,,,
2902,LAD,DON KATY,SANTA FE,Ezeiza (SAEF),02/20,915m. x 18m.,TIERRA,104 mts.,"5 Km. al SW de CAÑADA DE GOMEZ, Provincia de SANTA FE.",-32.829589,-61.462306,Verificar que el punto coincida aproximadamente con el centro/eje de la pista declarada.,,,,,,,,,,
2903,LAD,MEDIALUNA,SANTIAGO DEL ESTERO,Córdoba (SACF),01/19,1000m. x 15m.,TIERRA,272 mts.,"42 Km. al NE de NUEVA ESPERANZA, Provincia de SANTIAGO DEL ESTERO.",-26.042469,-63.863383,Verificar que el punto coincida aproximadamente con el centro/eje de la pista declarada.,,,,,,,,,,
2904,LAD,ESTANCIA LA NORIA,BUENOS AIRES,Ezeiza (SAEF),14/32,1313m. x 40m.,TIERRA,215 mts.,"22 Km. al NE de CORONEL PRINGLES, Provincia de BUENOS AIRES.",-37.90725,-61.127117,Verificar que el punto coincida aproximadamente con el centro/eje de la pista declarada.,,,,,,,,,,
2905,LAD,LIUS GIORDANENGO,CÓRDOBA,Ezeiza (SAEF),02/20,729m. x 40m.,TIERRA,120 mts.,"15 Km. al NE de CANALS, Provincia de CÓRDOBA.",-33.523792,-62.735903,Verificar que el punto coincida aproximadamente con el centro/eje de la pista declarada.,,,,,,,,,,
2906,LAD,MIRAFLORES,BUENOS AIRES,Ezeiza (SAEF),04/22,850m. x 20m.,TIERRA,70 mts.,"11 Km. al NW de ROJAS, Provincia de BUENOS AIRES.",-34.140097,-60.827328,Verificar que el punto coincida aproximadamente con el centro/eje de la pista declarada.,,,,,,,,,,
2907,LADH,AREA TDF-H1,TIERRA DEL FUEGO,Comodoro (SAVF),-,2000m. x 2000m.,TIERRA,137 mts.,"13 Km. al N de USHUAIA, Provincia de TIERRA DEL FUEGO.",-54.679383,-68.300406,Verificar que el punto coincida con el centro del helipuerto o área de aterrizaje.,,,,,,,,,,
2908,LADH,AREA TDF-H2,TIERRA DEL FUEGO,Comodoro (SAVF),-,2000m. x 2000m.,TIERRA,1335 mts.,"31 Km. al NE de USHUAIA, Provincia de TIERRA DEL FUEGO.",-54.778186,-67.822419,Verificar que el punto coincida con el centro del helipuerto o área de aterrizaje.,,,,,,,,,,
2909,LADH,AREA TDF-H3,TIERRA DEL FUEGO,Comodoro (SAVF),-,2000m. x 2000m.,TIERRA,953 mts.,"148 Km. al SE de RIO GRANDE, Provincia de TIERRA DEL FUEGO.",-54.742842,-66.159083,Verificar que el punto coincida con el centro del helipuerto o área de aterrizaje.,,,,,,,,,,
2910,LAD,LA BEBA / EL ENCUENTRO,CÓRDOBA,Córdoba (SACF),01/19,817m. x 30m.,TIERRA,125 mts.,"11 Km. al NW de CANALS, Provincia de CÓRDOBA.",-33.4885,-62.975528,Verificar que el punto coincida aproximadamente con el centro/eje de la pista declarada.,,,,,,,,,,
2911,LAD,LA EMILIA,FORMOSA,Resistencia (SARR),05/23,1100m. x 25m.,TIERRA,62 mts.,"11 Km. al S de COLONIA DALMACIA, Provincia de FORMOSA.",-25.947339,-57.904883,Verificar que el punto coincida aproximadamente con el centro/eje de la pista declarada.,,,,,,,,,,
2912,LAD,GOUJON,CHACO,Resistencia (SARR),16/34,1086m. x 30m.,TIERRA,72 mts.,"3 Km. al SE de COLONIA ELISA, Provincia de CHACO.",-26.957933,-59.508133,Verificar que el punto coincida aproximadamente con el centro/eje de la pista declarada.,,,,,,,,,,
2913,LAD,FORTIN BAGUALES,SANTA FE,Córdoba (SACF),11/29,1140m. x 25m.,TIERRA,56 mts.,"13 Km. al NE de VILLA SARALEGUI, Provincia de SANTA FE.",-30.489028,-60.834167,Verificar que el punto coincida aproximadamente con el centro/eje de la pista declarada.,,,,,,,,,,
2914,LADH,HARUWEN,TIERRA DEL FUEGO,Comodoro (SAVF),-,25m. x 16m.,TIERRA,144 mts.,"28 Km. al ENE de USHUAIA, Provincia de TIERRA DEL FUEGO.",-54.732778,-67.900556,Verificar que el punto coincida con el centro del helipuerto o área de aterrizaje.,,,,,,,,,,
2915,LADH,LAGUNA ESCONDIDA,TIERRA DEL FUEGO,Comodoro (SAVF),-,25m. x 25m.,TIERRA,118 mts.,"41 Km. al NE de USHUAIA, Provincia de TIERRA DEL FUEGO.",-54.635278,-67.758889,Verificar que el punto coincida con el centro del helipuerto o área de aterrizaje.,,,,,,,,,,
2916,LAD,FUERTE ESPERANZA,CHACO,Córdoba (SACF),01/19,1022m. x 30m.,TIERRA,176 mts.,"13 Km. al W de FUERTE ESPERANZA, Provincia de CHACO.",-25.187378,-61.970231,Verificar que el punto coincida aproximadamente con el centro/eje de la pista declarada.,,,,,,,,,,
2917,LAD,LAGUNA BLANCA,FORMOSA,Resistencia (SARR),01/19,1200m. x 30m.,TIERRA,73 mts.,"3 Km. al E de LAGUNA BLANCA, Provincia de FORMOSA.",-25.130319,-58.217953,Verificar que el punto coincida aproximadamente con el centro/eje de la pista declarada.,,,,,,,,,,
2918,LADA,BALLOON FEST,BUENOS AIRES,Ezeiza (SAEF),00/00,240m. x 100m.,TIERRA,22 mts.,"3.5 Km. al NNE de LOS CARDALES, Provincia de BUENOS AIRES.",-34.300794,-58.974933,Verificar visualmente la localización declarada según el tipo de instalación.,,,,,,,,,,
2919,LAD,DASSETTO,CÓRDOBA,Córdoba (SACF),02/20,1000m. x 30m.,TIERRA,610 mts.,"4 Km. al SE de ELENA, Provincia de CÓRDOBA.",-32.606111,-64.39375,Verificar que el punto coincida aproximadamente con el centro/eje de la pista declarada.,,,,,,,,,,
2920,LAD,AIRES AGROPECUARIOS,CÓRDOBA,Córdoba (SACF),01/19,800m. x 20m.,TIERRA,433 mts.,"11 Km. al S de RIO TERCERO, Provincia de CÓRDOBA.",-32.276578,-64.146011,Verificar que el punto coincida aproximadamente con el centro/eje de la pista declarada.,,,,,,,,,,
2921,LAD,JOSE FARGIONI,ENTRE RÍOS,Ezeiza (SAEF),03/21,1103m. x 50m.,TIERRA,61 mts.,"10 Km. al SE de GOBERNADOR MANSILLA, Provincia de ENTRE RÍOS.",-32.604539,-59.278528,Verificar que el punto coincida aproximadamente con el centro/eje de la pista declarada.,,,,,,,,,,
2922,LAD,ALGARROBO,BUENOS AIRES,Ezeiza (SAEF),11/29,890m. x 23m.,TIERRA,47 mts.,"2 Km. al NE de ALGARROBO, Provincia de BUENOS AIRES.",-38.876944,-63.128056,Verificar que el punto coincida aproximadamente con el centro/eje de la pista declarada.,,,,,,,,,,
2924,LAD,VOLANDO BAJO,CÓRDOBA,Córdoba (SACF),02/20,950m. x 30m.,TIERRA,97 mts.,"19 Km. al NW de MORTEROS, Provincia de CÓRDOBA.",-30.554506,-62.096389,Verificar que el punto coincida aproximadamente con el centro/eje de la pista declarada.,,,,,,,,,,
2925,LAD,LOS SAUCES,CHUBUT,Comodoro (SAVF),08/26,666m. x 14m.,TIERRA,557 mts.,"3 Km. al S de RIO PICO, Provincia de CHUBUT.",-44.205664,-71.367303,Verificar que el punto coincida aproximadamente con el centro/eje de la pista declarada.,,,,,,,,,,
2926,LAD,ESTANCIA LOS CISNES,SAN LUIS,Mendoza (SAMF),02/20,1100m. x 25m.,TIERRA,439 mts.,"49 Km. al SW de JUSTO DARACT, Provincia de SAN LUIS.",-34.192778,-65.52125,Verificar que el punto coincida aproximadamente con el centro/eje de la pista declarada.,,,,,,,,,,
2927,LAD,ESTANCIA LOS CESARES,SAN LUIS,Mendoza (SAMF),03/21,740m. x 25m.,TIERRA,397 mts.,"5.5 Km. al SE de JUSTO DARACT, Provincia de SAN LUIS.",-33.909,-65.165278,Verificar que el punto coincida aproximadamente con el centro/eje de la pista declarada.,,,,,,,,,,
2928,LAD,ESTANCIA RIO CLARO,TIERRA DEL FUEGO,Comodoro (SAVF),06/24,719m. x 18m.,TIERRA,224 mts.,"50 Km. al NW de TOLHUIN, Provincia de TIERRA DEL FUEGO.",-54.368611,-67.944722,Verificar que el punto coincida aproximadamente con el centro/eje de la pista declarada.,,,,,,,,,,
2929,LAD,LA NUEVA ALICANTINA,CHUBUT,Comodoro (SAVF),08/26,942m. x 45m.,TIERRA,658 mts.,"53 Km. al NW de EL MIRASOL, Provincia de CHUBUT.",-43.242539,-68.335294,Verificar que el punto coincida aproximadamente con el centro/eje de la pista declarada.,,,,,,,,,,
2930,LAD,ESTANCIA LA CANDELARIA,BUENOS AIRES,Ezeiza (SAEF),01/19,1290m. x 20m.,TIERRA,94 mts.,"19 Km. al N de SALAZAR, Provincia de BUENOS AIRES.",-36.131119,-62.229333,Verificar que el punto coincida aproximadamente con el centro/eje de la pista declarada.,,,,,,,,,,
2931,LAD,ESTANCIA LA CALDENADA,LA PAMPA,Ezeiza (SAEF),09/27,1193m. x 20m.,TIERRA,241 mts.,"49 Km. al SW de EDUARDO CASTEX, Provincia de LA PAMPA.",-36.194119,-64.730014,Verificar que el punto coincida aproximadamente con el centro/eje de la pista declarada.,,,,,,,,,,
2932,LAD,ESTANCIA SANTA RITA,BUENOS AIRES,Ezeiza (SAEF),03/21,1053m. x 23m.,TIERRA,103 mts.,"11 Km. al SE de SALAZAR, Provincia de BUENOS AIRES.",-36.3309,-62.080433,Verificar que el punto coincida aproximadamente con el centro/eje de la pista declarada.,,,,,,,,,,
2933,LAD,ESTANCIA SAN JUAN,ENTRE RÍOS,Ezeiza (SAEF),13/31,785m. x 30m.,TIERRA,84 mts.,"6 Km. al NE de LUCAS GONZALEZ, Provincia de ENTRE RÍOS.",-32.369767,-59.480956,Verificar que el punto coincida aproximadamente con el centro/eje de la pista declarada.,,,,,,,,,,
2934,LAD,VILLA UNION,LA RIOJA,Córdoba (SACF),17/35,1334m. x 30m.,TIERRA,1198 mts.,"6 Km. al NW de VILLA UNION, Provincia de LA RIOJA.",-29.245,-68.245278,Verificar que el punto coincida aproximadamente con el centro/eje de la pista declarada.,,,,,,,,,,
2935,LAD,LOS TOBAS,CHACO,Resistencia (SARR),01/19,1000m. x 14m.,TIERRA,118 mts.,"19 Km. al S de PAMPA DEL INFIERNO, Provincia de CHACO.",-26.674167,-61.194639,Verificar que el punto coincida aproximadamente con el centro/eje de la pista declarada.,,,,,,,,,,
2936,LAD,LA CORONA,CHACO,Resistencia (SARR),10/28,1000m. x 26m.,TIERRA,117 mts.,"35 Km. al NW de GENERAL PINEDO, Provincia de CHACO.",-27.164444,-61.588333,Verificar que el punto coincida aproximadamente con el centro/eje de la pista declarada.,,,,,,,,,,
2937,LAD,ESTANCIA LOS PALMARES,SANTA FE,Resistencia (SARR),08/26,1200m. x 25m.,TIERRA,53 mts.,"39 Km. al SW de LA GALLARETA, Provincia de SANTA FE.",-29.757775,-60.731264,Verificar que el punto coincida aproximadamente con el centro/eje de la pista declarada.,,,,,,,,,,
2938,LAD/LADH,EL FUERTE,LA PAMPA,Ezeiza (SAEF),18/36,862m. x 20m.,TIERRA,258 mts.,"45 Km. al NW de TOAY, Provincia de LA PAMPA.",-36.461078,-64.816756,Verificar la posición respecto de la pista y del helipuerto declarados.,,,,,,,,,,
2939,LAD,EL PUMA,SANTIAGO DEL ESTERO,Córdoba (SACF),10/28,1080m. x 20m.,TIERRA,176 mts.,"26.5 Km. al SW de PAMPA DE LOS GUANACOS, Provincia de SANTIAGO DEL ESTERO.",-26.469444,-61.859722,Verificar que el punto coincida aproximadamente con el centro/eje de la pista declarada.,,,,,,,,,,
2940,LAD,AVIA TERAI,CHACO,Resistencia (SARR),03/21,925m. x 11m.,TIERRA,102 mts.,"1.5 Km. al SE de AVIA TERAI, Provincia de CHACO.",-26.700206,-60.722106,Verificar que el punto coincida aproximadamente con el centro/eje de la pista declarada.,,,,,,,,,,
2941,LADH,ET NUEVA SAN JUAN,SAN JUAN,Mendoza (SAMF),-,15m. x 15m.,CONCRETO,701 mts.,"8 Km. al W de SAN JUAN, Provincia de SAN JUAN.",-31.565967,-68.620017,Verificar que el punto coincida con el centro del helipuerto o área de aterrizaje.,,,,,,,,,,
2942,LADH,SAN CARLOS,MENDOZA,Mendoza (SAMF),-,26m. x 26m.,CONCRETO,957.5 mts.,"1.5 Km. al W de SAN CARLOS, Provincia de MENDOZA.",-33.77445,-69.057311,Verificar que el punto coincida con el centro del helipuerto o área de aterrizaje.,,,,,,,,,,
2943,LAD,ESTANCIA DON JUAN,ENTRE RÍOS,Ezeiza (SAEF),18/36,891m. x 40m.,TIERRA,81 mts.,"10 Km. al NW de GOBERNADOR MANSILLA, Provincia de ENTRE RÍOS.",-32.484181,-59.437931,Verificar que el punto coincida aproximadamente con el centro/eje de la pista declarada.,,,,,,,,,,
2944,LAD,ESTABLECIMIENTO LOS LAURELES,SANTA FE,Ezeiza (SAEF),02/20,645m. x 34m.,TIERRA,64 mts.,"3.5 Km. al SE de SARMIENTO, Provincia de SANTA FE.",-31.076722,-61.133536,Verificar que el punto coincida aproximadamente con el centro/eje de la pista declarada.,,,,,,,,,,
2945,LAD,YAPEYÚ - GENERAL SAN MARTIN,CORRIENTES,Resistencia (SARR),17/35,1000m. x 27m.,TIERRA,66 mts.,"2.5 Km. al NNW de YAPEYÚ, Provincia de CORRIENTES.",-29.444017,-56.823653,Verificar que el punto coincida aproximadamente con el centro/eje de la pista declarada.,,,,,,,,,,
2946,LAD,ESTANCIA CERRO BATISTIN,CHUBUT,Comodoro (SAVF),09/27,1076m. x 30m.,TIERRA,243 mts.,"8 Km. al NE de LOS ALTARES, Provincia de CHUBUT.",-43.860411,-68.309219,Verificar que el punto coincida aproximadamente con el centro/eje de la pista declarada.,,,,,,,,,,
2947,LADH,GRANADERO BAIGORRIA,SANTA FE,Ezeiza (SAEF),-,15m. x 15m.,CONCRETO,30 mts.,"1 Km. al SE de GRANADERO BAIGORRIA, Provincia de SANTA FE.",-32.868528,-60.699861,Verificar que el punto coincida con el centro del helipuerto o área de aterrizaje.,,,,,,,,,,
2948,LADH,LOMA CAMPANA,NEUQUÉN,Ezeiza (SAEF),-,100m. x 100m.,CONCRETO,514.5 mts.,"8.5 Km. al E de AÑELO, Provincia de NEUQUÉN.",-38.3581,-68.688492,Verificar que el punto coincida con el centro del helipuerto o área de aterrizaje.,,,,,,,,,,
2949,LAD,LA PASTO VERDE,SANTIAGO DEL ESTERO,Córdoba (SACF),01/19,1600m. x 20m.,TIERRA,122 mts.,"18 Km. al SW de VILELAS, Provincia de SANTIAGO DEL ESTERO.",-28.13,-62.643611,Verificar que el punto coincida aproximadamente con el centro/eje de la pista declarada.,,,,,,,,,,
2950,LADH,HECA,SANTA FE,Ezeiza (SAEF),-,40m. x 40m.,ASFALTO,29 mts.,"1 Km. al W de ROSARIO, Provincia de SANTA FE.",-32.951944,-60.670278,Verificar que el punto coincida con el centro del helipuerto o área de aterrizaje.,,,,,,,,,,
2951,LAD,MIRALAGO,NEUQUÉN,Ezeiza (SAEF),09/27,1150m. x 16m.,TIERRA,440 mts.,"14 Km. al SE de VILLA EL CHOCON, Provincia de NEUQUÉN.",-39.362083,-68.686472,Verificar que el punto coincida aproximadamente con el centro/eje de la pista declarada.,,,,,,,,,,
2952,LAD,BANDINI,SANTA FE,Resistencia (SARR),02/20,1200m. x 28m.,TIERRA,56 mts.,"2 Km. al NW de MALABRIGO, Provincia de SANTA FE.",-29.326067,-59.974997,Verificar que el punto coincida aproximadamente con el centro/eje de la pista declarada.,,,,,,,,,,
2953,LADH,VILLICUM,SAN JUAN,Mendoza (SAMF),-,20m. x 20m.,CONCRETO,776 mts.,"6 Km. al NW de VILLA GRAL. SAN MARTIN, Provincia de SAN JUAN.",-31.40025,-68.562639,Verificar que el punto coincida con el centro del helipuerto o área de aterrizaje.,,,,,,,,,,
2954,LAD,MANOGASTA,SANTIAGO DEL ESTERO,Córdoba (SACF),08/26,1453m. x 19m.,ASFALTO,159 mts.,"23 Km. al SW de FORRES, Provincia de SANTIAGO DEL ESTERO.",-28.053819,-64.096528,Verificar que el punto coincida aproximadamente con el centro/eje de la pista declarada.,,,,,,,,,,
2955,LAD,SANTA CLARA,BUENOS AIRES,Ezeiza (SAEF),14/32,835m. x 18m.,TIERRA,57 mts.,"26 Km. al S de BRAGADO, Provincia de BUENOS AIRES.",-35.361425,-60.466433,Verificar que el punto coincida aproximadamente con el centro/eje de la pista declarada.,,,,,,,,,,
2956,LADH,DLIFE,RÍO NEGRO,Ezeiza (SAEF),-,30m. x 24m.,CONCRETO,776 mts.,"4 Km. al NW de SAN CARLOS DE BARILOCHE, Provincia de RÍO NEGRO.",-41.128667,-71.265472,Verificar que el punto coincida con el centro del helipuerto o área de aterrizaje.,,,,,,,,,,
2957,LAD,ESTANCIA SAN MIGUEL,BUENOS AIRES,Ezeiza (SAEF),15/33,818m. x 30m.,TIERRA,7 mts.,"17.5 Km. al SE de TTE. ORIGONE, Provincia de BUENOS AIRES.",-39.112806,-62.377278,Verificar que el punto coincida aproximadamente con el centro/eje de la pista declarada.,,,,,,,,,,
2958,LAD,SAUCE CO,BUENOS AIRES,Ezeiza (SAEF),05/23,816m. x 32m.,TIERRA,105 mts.,"6 Km. al NE de URDAMPILLETA, Provincia de BUENOS AIRES.",-36.393653,-61.374944,Verificar que el punto coincida aproximadamente con el centro/eje de la pista declarada.,,,,,,,,,,
2959,LAD,GARELLO - PILAR,CÓRDOBA,Córdoba (SACF),01/19,865m. x 15m.,TIERRA,345 mts.,"8 Km. al SW de PILAR, Provincia de CÓRDOBA.",-31.744028,-63.929444,Verificar que el punto coincida aproximadamente con el centro/eje de la pista declarada.,,,,,,,,,,
2960,LAD,LAHUEN - CÓ,MENDOZA,Mendoza (SAMF),08/26,742m. x 25m.,TIERRA,1851 mts.,"29 Km. al SW de EL SOSNEADO, Provincia de MENDOZA.",-35.164219,-69.888192,Verificar que el punto coincida aproximadamente con el centro/eje de la pista declarada.,,,,,,,,,,
2961,LAD,MARTINEZ,CHACO,Resistencia (SARR),02/20,1000m. x 25m.,TIERRA,105 mts.,"24 Km. al W de TRES ISLETAS, Provincia de CHACO.",-26.318814,-60.668906,Verificar que el punto coincida aproximadamente con el centro/eje de la pista declarada.,,,,,,,,,,
2962,LADH,RESIDENCIA OFICIAL DEL GOBERNADOR,NEUQUÉN,Ezeiza (SAEF),-,20m. x 20m.,TIERRA,261 mts.,"2 Km. al S de NEUQUÉN, Provincia de NEUQUÉN.",-38.970967,-68.052028,Verificar que el punto coincida con el centro del helipuerto o área de aterrizaje.,,,,,,,,,,
2963,LAD,OLIVEROS - GARNERO,SANTA FE,Ezeiza (SAEF),17/35,1000m. x 20m.,TIERRA,25 mts.,"3 Km. al NE de OLIVEROS, Provincia de SANTA FE.",-32.549806,-60.835333,Verificar que el punto coincida aproximadamente con el centro/eje de la pista declarada.,,,,,,,,,,
2964,LAD,CARAGUATAY,MISIONES,Resistencia (SARR),16/34,1200m. x 30m.,TIERRA,163.5 mts.,"2 Km. al SE de CARAGUATAY, Provincia de MISIONES.",-26.653558,-54.749961,Verificar que el punto coincida aproximadamente con el centro/eje de la pista declarada.,,,,,,,,,,
2965,LAD,LA MODESTA,BUENOS AIRES,Ezeiza (SAEF),05/23,688m. x 30m.,TIERRA,12.5 mts.,"25 Km. al SW de NECOCHEA, Provincia de BUENOS AIRES.",-38.649108,-59.006086,Verificar que el punto coincida aproximadamente con el centro/eje de la pista declarada.,,,,,,,,,,
2966,LAD,ESTANCIA LOS GUANACOS,CHUBUT,Comodoro (SAVF),06/24,1801m. x 35m.,ASFALTO,779 mts.,"60 Km. al SW de GOBERNADOR COSTA, Provincia de CHUBUT.",-44.559967,-70.865533,Verificar que el punto coincida aproximadamente con el centro/eje de la pista declarada.,,,,,,,,,,
2967,LAD,LAS ROSAS,BUENOS AIRES,Ezeiza (SAEF),03/21,745m. x 14m.,TIERRA,24.5 mts.,"9.5 Km. al SW de SAN MIGUEL DEL MONTE, Provincia de BUENOS AIRES.",-35.508639,-58.873625,Verificar que el punto coincida aproximadamente con el centro/eje de la pista declarada.,,,,,,,,,,
2968,LAD,AERO-CAMILO,CÓRDOBA,Ezeiza (SAEF),02/20,800m. x 25m.,TIERRA,105 mts.,"2 Km. al E de CAMILO ALDAO, Provincia de CÓRDOBA.",-33.125056,-62.076806,Verificar que el punto coincida aproximadamente con el centro/eje de la pista declarada.,,,,,,,,,,
2969,LAD,EL ROSARITO,SANTA FE,Resistencia (SARR),02/20,885m. x 30m.,TIERRA,59 mts.,"9 Km. al E de MARGARITA, Provincia de SANTA FE.",-29.703278,-60.154811,Verificar que el punto coincida aproximadamente con el centro/eje de la pista declarada.,,,,,,,,,,
2970,LAD,ESTABLECIMIENTO DOS HERMANOS,SANTA FE,Córdoba (SACF),11/29,1022m. x 40m.,TIERRA,100 mts.,"28.5 Km. al NW de SUNCHALES, Provincia de SANTA FE.",-30.805328,-61.831625,Verificar que el punto coincida aproximadamente con el centro/eje de la pista declarada.,,,,,,,,,,
2971,LAD,SOCIEDAD RURAL DE FEDERAL,ENTRE RÍOS,Ezeiza (SAEF),12/30,725m. x 30m.,TIERRA,63.5 mts.,"3 Km. al S de FEDERAL, Provincia de ENTRE RÍOS.",-30.979922,-58.788233,Verificar que el punto coincida aproximadamente con el centro/eje de la pista declarada.,,,,,,,,,,
2972,LAD,CAPIQUI,CÓRDOBA,Ezeiza (SAEF),02/20,1100m. x 40m.,TIERRA,126.5 mts.,"33 Km. al SE de ALEJO LEDESMA, Provincia de CÓRDOBA.",-33.902964,-62.610547,Verificar que el punto coincida aproximadamente con el centro/eje de la pista declarada.,,,,,,,,,,
2973,LAD,LA LILIANA,SAN LUIS,Mendoza (SAMF),07/25,827m. x 50m.,TIERRA,1035 mts.,"26 Km. al NE de SAN LUIS, Provincia de SAN LUIS.",-33.217306,-66.077167,Verificar que el punto coincida aproximadamente con el centro/eje de la pista declarada.,,,,,,,,,,
2974,LAD,EL PALMAR,ENTRE RÍOS,Ezeiza (SAEF),02/20,1000m. x 60m.,TIERRA,39 mts.,"35 Km. al NE de VILLA ELISA, Provincia de ENTRE RÍOS.",-31.869831,-58.261278,Verificar que el punto coincida aproximadamente con el centro/eje de la pista declarada.,,,,,,,,,,
2975,LAD,DON NICOLAS,ENTRE RÍOS,Ezeiza (SAEF),02/20,800m. x 30m.,TIERRA,93 mts.,"4.5 Km. al SW de MARIA GRANDE, Provincia de ENTRE RÍOS.",-31.709003,-59.892392,Verificar que el punto coincida aproximadamente con el centro/eje de la pista declarada.,,,,,,,,,,
2976,LAD,ARITA,SALTA,Córdoba (SACF),09/27,3050m. x 30m.,TIERRA,3469 mts.,"50 Km. al SW de TOLAR GRANDE, Provincia de SALTA.",-24.959108,-67.681019,Verificar que el punto coincida aproximadamente con el centro/eje de la pista declarada.,,,,,,,,,,
2977,LAD,SAN ANTONIO DE ARECO / JUANA,BUENOS AIRES,Ezeiza (SAEF),07/25,910m. x 30m.,TIERRA,46 mts.,"7 Km. al NE de SAN ANTONIO DE ARECO, Provincia de BUENOS AIRES.",-34.188964,-59.503706,Verificar que el punto coincida aproximadamente con el centro/eje de la pista declarada.,,,,,,,,,,
2978,LAD,LA PRADERA,CHACO,Resistencia (SARR),03/21,1374m. x 14m.,TIERRA,144 mts.,"18 Km. al NW de LOS FRENTONES, Provincia de CHACO.",-26.330111,-61.583972,Verificar que el punto coincida aproximadamente con el centro/eje de la pista declarada.,,,,,,,,,,
2979,LAD,ANGEL HIPOLITO MAZA,CHACO,Resistencia (SARR),15/33,1000m. x 30m.,TIERRA,167 mts.,"1.5 Km. al SE de FUERTE ESPERANZA, Provincia de CHACO.",-25.165167,-61.826875,Verificar que el punto coincida aproximadamente con el centro/eje de la pista declarada.,,,,,,,,,,
2980,LAD,LA ESQUINA,SALTA,Córdoba (SACF),02/20,1280m. x 40m.,TIERRA,394 mts.,"53 Km. al SE de PICHINAL, Provincia de SALTA.",-23.794039,-64.116344,Verificar que el punto coincida aproximadamente con el centro/eje de la pista declarada.,,,,,,,,,,
2981,LAD,LAGUNA YEMA,FORMOSA,Resistencia (SARR),05/23,1500m. x 30m.,TIERRA,157 mts.,"7 Km. al SW de LAGUNA YEMA, Provincia de FORMOSA.",-24.307825,-61.285167,Verificar que el punto coincida aproximadamente con el centro/eje de la pista declarada.,,,,,,,,,,
2982,LAD/LADH,AZUL HORIZONTE,BUENOS AIRES,Ezeiza (SAEF),01/19,678m. x 20m.,TIERRA,200 mts.,"31.5 Km. al SW de AZUL, Provincia de BUENOS AIRES.",-37.056944,-59.925694,Verificar la posición respecto de la pista y del helipuerto declarados.,,,,,,,,,,
2983,LAD,PALMAR LARGO,FORMOSA,Resistencia (SARR),01/19,1000m. x 20m.,TIERRA,200.5 mts.,"4 Km. al SW de EL POTRILLO, Provincia de FORMOSA.",-23.184289,-62.038183,Verificar que el punto coincida aproximadamente con el centro/eje de la pista declarada.,,,,,,,,,,
2984,LAD,SANTA TERESA,CHACO,Resistencia (SARR),01/19,1440m. x 30m.,TIERRA,112 mts.,"3 Km. al SW de GENERAL CAPDEVILA, Provincia de CHACO.",-27.454775,-61.494531,Verificar que el punto coincida aproximadamente con el centro/eje de la pista declarada.,,,,,,,,,,
2985,LAD,FORTIN LUGONES,FORMOSA,Resistencia (SARR),03/21,1100m. x 30m.,TIERRA,120 mts.,"1.5 Km. al S de FORTIN LUGONES, Provincia de FORMOSA.",-24.300522,-59.830872,Verificar que el punto coincida aproximadamente con el centro/eje de la pista declarada.,,,,,,,,,,
2986,LAD,LA EMILIA,CHACO,Resistencia (SARR),03/21,1185m. x 30m.,TIERRA,147 mts.,"28 Km. al SW de LOS FRENTONES, Provincia de CHACO.",-26.643083,-61.53755,Verificar que el punto coincida aproximadamente con el centro/eje de la pista declarada.,,,,,,,,,,
2987,LAD,INGENIERO JUAREZ,FORMOSA,Resistencia (SARR),01/19,1500m. x 30m.,ASFALTO,179 mts.,"3.5 Km. al E de INGENIERO JUAREZ, Provincia de FORMOSA.",-23.905908,-61.820072,Verificar que el punto coincida aproximadamente con el centro/eje de la pista declarada.,,,,,,,,,,
2988,LADH,CIRCUITO LA ZAPATILLA,SANTA FE,Ezeiza (SAEF),-,65m. x 65m.,TIERRA,17 mts.,"5 Km. al N de ROSARIO, Provincia de SANTA FE.",-32.910278,-60.680833,Verificar que el punto coincida con el centro del helipuerto o área de aterrizaje.,,,,,,,,,,
2989,LAD,EL CHOLI,ENTRE RÍOS,Ezeiza (SAEF),11/29,700m. x 30m.,TIERRA,80.5 mts.,"25 Km. al NE de HASENKAMP, Provincia de ENTRE RÍOS.",-31.491125,-59.597236,Verificar que el punto coincida aproximadamente con el centro/eje de la pista declarada.,,,,,,,,,,
2990,LAD,RUBCICH,CHACO,Resistencia (SARR),01/19,1031m. x 35m.,TIERRA,130 mts.,"46 Km. al SW de JUAN JOSE CASTELLI, Provincia de CHACO.",-26.031633,-61.070756,Verificar que el punto coincida aproximadamente con el centro/eje de la pista declarada.,,,,,,,,,,
2991,LAD,ESTANCIA LOS CRISPINES,SAN LUIS,Mendoza (SAMF),06/24,807m. x 24m.,TIERRA,486 mts.,"16.5 Km. al SE de LAS ISLETAS, Provincia de SAN LUIS.",-33.951944,-65.519889,Verificar que el punto coincida aproximadamente con el centro/eje de la pista declarada.,,,,,,,,,,
2992,LAD,ESTANCIA SAN MIGUEL,CÓRDOBA,Ezeiza (SAEF),02/20,887m. x 45m.,TIERRA,127 mts.,"14 Km. al SE de LA CESIRA, Provincia de CÓRDOBA.",-33.995556,-62.840278,Verificar que el punto coincida aproximadamente con el centro/eje de la pista declarada.,,,,,,,,,,
2993,LAD,LA LONJA,CHACO,Córdoba (SACF),01/19,1000m. x 50m.,TIERRA,119 mts.,"27 Km. al S de PAMPA DEL INFIERNO, Provincia de CHACO.",-26.711333,-61.315194,Verificar que el punto coincida aproximadamente con el centro/eje de la pista declarada.,,,,,,,,,,
2994,LADH,ACA-TIMBÚES,SANTA FE,Ezeiza (SAEF),-,35m. x 35m.,CONCRETO,23.5 mts.,"6 Km. al NE de Timbues, Provincia de SANTA FE.",-32.619278,-60.757806,Verificar que el punto coincida con el centro del helipuerto o área de aterrizaje.,,,,,,,,,,
2995,LAD,LA TILA,CHACO,Resistencia (SARR),10/28,1650m. x 40m.,TIERRA,83.5 mts.,"5.5 Km. al NE de Campo Hermoso, Provincia de CHACO.",-27.573511,-61.299711,Verificar que el punto coincida aproximadamente con el centro/eje de la pista declarada.,,,,,,,,,,
2996,LAD,ESTANCIA SAN FRANCISCO,CÓRDOBA,Ezeiza (SAEF),02/20,800m. x 30m.,TIERRA,123 mts.,"15 Km. al SE de Pueblo Italiano, Provincia de CÓRDOBA.",-33.971669,-62.714422,Verificar que el punto coincida aproximadamente con el centro/eje de la pista declarada.,,,,,,,,,,
2997,LAD,SAN ISIDRO,SALTA,Córdoba (SACF),09/27,1105m. x 30m.,TIERRA,707 mts.,"2 Km. al SE de Gral. Martín de Guemes, Provincia de SALTA.",-24.684639,-65.016581,Verificar que el punto coincida aproximadamente con el centro/eje de la pista declarada.,,,,,,,,,,
2998,LAD,LA HORTENSIA,BUENOS AIRES,Ezeiza (SAEF),15/33,740m. x 30m.,TIERRA,202 mts.,"23 Km. al SW. de BENITO JUAREZ, Provincia de BUENOS AIRES.",-37.803611,-60.009167,Verificar que el punto coincida aproximadamente con el centro/eje de la pista declarada.,,,,,,,,,,
2999,LAD,SAN BAUTISTA DEL SUR,BUENOS AIRES,Ezeiza (SAEF),14/32,0,TIERRA,241 mts.,"23 Km. al SE de TORNQUIST, Provincia de BUENOS AIRES.",-38.299878,-62.142039,Verificar que el punto coincida aproximadamente con el centro/eje de la pista declarada.,,,,,,,,,,
3000,LAD,ESTABLECIMIENTO MARI-PETE,CÓRDOBA,Mendoza (SAMF),02/20,1000m. x 23m.,TIERRA,360 mts.,"11 Km. al SW de CORONEL MOLDES, Provincia de CÓRDOBA.",-33.708556,-64.682944,Verificar que el punto coincida aproximadamente con el centro/eje de la pista declarada.,,,,,,,,,,
3001,LAD,LA ELISA,BUENOS AIRES,Ezeiza (SAEF),17/35,912m. x 35m.,TIERRA,107 mts.,"11 Km. al NE de AMEGHINO, Provincia de BUENOS AIRES.",-34.799108,-62.349208,Verificar que el punto coincida aproximadamente con el centro/eje de la pista declarada.,,,,,,,,,,
3002,LAD,ESTANCIA LA CORONITA,BUENOS AIRES,Ezeiza (SAEF),18/36,1280m. x 40m.,TIERRA,87.5 mts.,"21 Km. al N de CARLOS CASARES, Provincia de BUENOS AIRES.",-35.4314,-61.408653,Verificar que el punto coincida aproximadamente con el centro/eje de la pista declarada.,,,,,,,,,,
3003,LAD,DR. VICENTE CICARELLI,JUJUY,Córdoba (SACF),04/22,780m. x 20m.,TIERRA,838 mts.,"38 Km. al E de SANTA CLARA, Provincia de JUJUY.",-24.410714,-64.304539,Verificar que el punto coincida aproximadamente con el centro/eje de la pista declarada.,,,,,,,,,,
3004,LAD,10 DE MAYO,CHACO,Resistencia (SARR),14/32,1110m. x 30m.,TIERRA,112 mts.,"38 Km. al NW de GENERAL PINEDO, Provincia de CHACO.",-27.093839,-61.572653,Verificar que el punto coincida aproximadamente con el centro/eje de la pista declarada.,,,,,,,,,,
3005,LAD,LA DORITA,BUENOS AIRES,Ezeiza (SAEF),08/26,1130m. x 50m.,TIERRA,80 mts.,"8 Km. al E de CARLOS CASARES, Provincia de BUENOS AIRES.",-35.591944,-61.256667,Verificar que el punto coincida aproximadamente con el centro/eje de la pista declarada.,,,,,,,,,,
3006,LAD,DIAZ,SANTA FE,Ezeiza (SAEF),11/29,1360m. x 25m.,TIERRA,28 mts.,"2.5 Km. al NE de DÍAZ, Provincia de SANTA FE.",-32.369444,-61.048056,Verificar que el punto coincida aproximadamente con el centro/eje de la pista declarada.,,,,,,,,,,
3007,LAD,MARIO JOSÉ BERTANI,CÓRDOBA,Córdoba (SACF),02/20,698m. x 25m.,TIERRA,127 mts.,"1.5 Km. al NE. de Colonia San Bartolome, Provincia de CÓRDOBA.",-31.510708,-62.712464,Verificar que el punto coincida aproximadamente con el centro/eje de la pista declarada.,,,,,,,,,,
3008,LAD,SANTA HERMINIA,BUENOS AIRES,Ezeiza (SAEF),14/32,1280m. x 50m.,TIERRA,108 mts.,"13.5 Km. al NE de PASTEUR, Provincia de BUENOS AIRES.",-35.021667,-62.321944,Verificar que el punto coincida aproximadamente con el centro/eje de la pista declarada.,,,,,,,,,,
3009,LAD,DOÑA SUSANA,SAN LUIS,Mendoza (SAMF),01/19,1404m. x 50m.,TIERRA,561 mts.,"23 Km. al SW de VILLA MERCEDES, Provincia de SAN LUIS.",-33.776475,-65.696475,Verificar que el punto coincida aproximadamente con el centro/eje de la pista declarada.,,,,,,,,,,
3010,LAD,EA. OJO DE AGUA,BUENOS AIRES,Ezeiza (SAEF),07/25,1093m. x 30m.,TIERRA,76 mts.,"24 Km. al E. de TAPALQUÉ, Provincia de BUENOS AIRES.",-36.293875,-59.762,Verificar que el punto coincida aproximadamente con el centro/eje de la pista declarada.,,,,,,,,,,
3011,LAD,ESTANCIA 8 DE DICIEMBRE,BUENOS AIRES,Ezeiza (SAEF),07/25,900m. x 20m.,TIERRA,25 mts.,"26 Km. al SE de ROQUE PEREZ, Provincia de BUENOS AIRES.",-35.627256,-59.252367,Verificar que el punto coincida aproximadamente con el centro/eje de la pista declarada.,,,,,,,,,,
3012,LAD,LA GRAPPA,BUENOS AIRES,Ezeiza (SAEF),14/32,1525m. x 30m.,TIERRA,125 mts.,"18 Km. al NW de CASBAS, Provincia de BUENOS AIRES.",-36.716739,-62.704461,Verificar que el punto coincida aproximadamente con el centro/eje de la pista declarada.,,,,,,,,,,
3013,LAD,RINCÓN DE SANTA MARÍA,CORRIENTES,Resistencia (SARR),16/34,808m. x 20m.,TIERRA,83 mts.,"9 Km. al NE de ITUZAINGÓ, Provincia de CORRIENTES.",-27.525308,-56.633986,Verificar que el punto coincida aproximadamente con el centro/eje de la pista declarada.,,,,,,,,,,
3014,LAD,PAYNAKEN S.A.,RÍO NEGRO,Comodoro (SAVF),06/24,1046m. x 42m.,TIERRA,79.5 mts.,"43 Km. al NW de GENERAL CONESA, Provincia de RÍO NEGRO.",-39.897436,-64.878089,Verificar que el punto coincida aproximadamente con el centro/eje de la pista declarada.,,,,,,,,,,
3016,LAD,NUECES DE CATAMARCA,CATAMARCA,Córdoba (SACF),15/33,1118m. x 60m.,TIERRA,1120 mts.,"5 Km. al SE de LOS VARELA, Provincia de CATAMARCA.",-27.974822,-65.838542,Verificar que el punto coincida aproximadamente con el centro/eje de la pista declarada.,,,,,,,,,,
3017,LAD,RATONES OESTE II,SALTA,Córdoba (SACF),10/28,3000m. x 30m.,TIERRA,4023 mts.,"80 Km. al W de CACHI, Provincia de SALTA.",-25.206739,-66.965436,Verificar que el punto coincida aproximadamente con el centro/eje de la pista declarada.,,,,,,,,,,
3018,LAD,LA LUCRE,SAN LUIS,Mendoza (SAMF),09/27,1174m. x 25m.,TIERRA,534 mts.,"71 Km. al SE de VILLA MERCEDES, Provincia de SAN LUIS.",-34.139939,-66.100047,Verificar que el punto coincida aproximadamente con el centro/eje de la pista declarada.,,,,,,,,,,
3019,LAD,EA. SANTO DOMINGO,SANTA FE,Córdoba (SACF),11/29,1080m. x 30m.,TIERRA,72 mts.,"11 Km. al E de COSTANZA, Provincia de SANTA FE.",-30.690633,-61.209672,Verificar que el punto coincida aproximadamente con el centro/eje de la pista declarada.,,,,,,,,,,
3020,LAD,ELTRONCASO,SANTIAGO DEL ESTERO,Córdoba (SACF),01/19,1284m. x 30m.,TIERRA,166 mts.,"17 Km. al SE de SACHAYOJ, Provincia de SANTIAGO DEL ESTERO.",-26.627931,-61.991147,Verificar que el punto coincida aproximadamente con el centro/eje de la pista declarada.,,,,,,,,,,
3021,LAD,EL JURAMENTO,CHACO,Ezeiza (SAEF),02/20,1560m. x 23m.,TIERRA,155 mts.,"67 Km. al NE de LOS FRENTONES, Provincia de CHACO.",-25.824206,-61.644944,Verificar que el punto coincida aproximadamente con el centro/eje de la pista declarada.,,,,,,,,,,
3022,LAD,ESTABLECIMIENTO LOS PUMAS,SANTIAGO DEL ESTERO,Córdoba (SACF),01/19,1740m. x 40m.,TIERRA,156 mts.,"21.5 Km. al NE de OTUMPA, Provincia de SANTIAGO DEL ESTERO.",-27.208856,-62.052742,Verificar que el punto coincida aproximadamente con el centro/eje de la pista declarada.,,,,,,,,,,
3023,LAD,ALAS DE TELA,CHUBUT,Comodoro (SAVF),13/31,475m. x 45m.,TIERRA,17.5 mts.,"6 Km. al SW de GAIMAN, Provincia de CHUBUT.",-43.307506,-65.571608,Verificar que el punto coincida aproximadamente con el centro/eje de la pista declarada.,,,,,,,,,,
3024,LAD,ESTANCIA LAS CORZUELAS,SANTIAGO DEL ESTERO,Córdoba (SACF),01/19,1456m. x 40m.,TIERRA,168 mts.,"35 Km. al NE de TINTINA, Provincia de SANTIAGO DEL ESTERO.",-26.833719,-62.416156,Verificar que el punto coincida aproximadamente con el centro/eje de la pista declarada.,,,,,,,,,,
3025,LAD,LA ESCOBITA,SANTA FE,Ezeiza (SAEF),02/20,900m. x 40m.,TIERRA,56 mts.,"4.5 Km. al W de COLONIA BELGRANO, Provincia de SANTA FE.",-31.890547,-61.449536,Verificar que el punto coincida aproximadamente con el centro/eje de la pista declarada.,,,,,,,,,,
3026,LAD,SUIPACHA,BUENOS AIRES,Ezeiza (SAEF),05/23,1000m. x 30m.,TIERRA,47.5 mts.,"10 Km. al SE de SUIPACHA, Provincia de BUENOS AIRES.",-34.861383,-59.674803,Verificar que el punto coincida aproximadamente con el centro/eje de la pista declarada.,,,,,,,,,,
3027,LAD,TUNUYÁN,MENDOZA,Mendoza (SAMF),05/23,1217m. x 30m.,TIERRA,905 mts.,"4.5 Km. al SW de TUNUYÁN, Provincia de MENDOZA.",-33.605142,-69.06065,Verificar que el punto coincida aproximadamente con el centro/eje de la pista declarada.,,,,,,,,,,
3028,LAD,FINCA CAMPO FUERTE,SALTA,Córdoba (SACF),11/29,950m. x 25m.,TIERRA,309 mts.,"32 Km. al SE de TARTAGAL, Provincia de SALTA.",-22.746389,-63.611111,Verificar que el punto coincida aproximadamente con el centro/eje de la pista declarada.,,,,,,,,,,
3029,LAD,TANCACHA / FASA,CÓRDOBA,Córdoba (SACF),01/19,1200m. x 30m.,TIERRA,363 mts.,"6 Km. al NW de TANCACHA, Provincia de CÓRDOBA.",-32.200394,-64.0219,Verificar que el punto coincida aproximadamente con el centro/eje de la pista declarada.,,,,,,,,,,
3030,LAD,GENARO PLAZA,ENTRE RÍOS,Ezeiza (SAEF),01/19,862m. x 26m.,TIERRA,57 mts.,"14 Km. al NE de VILLAGUAY, Provincia de ENTRE RÍOS.",-31.833056,-58.8775,Verificar que el punto coincida aproximadamente con el centro/eje de la pista declarada.,,,,,,,,,,
3031,LAD,LOS CARDALES,BUENOS AIRES,Ezeiza (SAEF),04/22 - 16/34,865m. x 21m. - 610m. x 21m.,TIERRA,174 mts.,"23 Km. al SE de CABILDO, Provincia de BUENOS AIRES.",-38.572333,-61.638486,Verificar que el punto coincida aproximadamente con el centro/eje de la pista declarada.,,,,,,,,,,
3032,LAD,PUESTO EL PLUMERO,MENDOZA,Mendoza (SAMF),14/32,1376m. x 30m.,TIERRA,498 mts.,"75 Km. al NE de SAN RAFAEL, Provincia de MENDOZA.",-34.127981,-67.7305,Verificar que el punto coincida aproximadamente con el centro/eje de la pista declarada.,,,,,,,,,,
3033,LADH,DON OSVALDO,BUENOS AIRES,Ezeiza (SAEF),-,20m. x 20m.,TIERRA,29 mts.,"3 Km. al SW de BOLíVAR, Provincia de BUENOS AIRES.",-36.24125,-61.141389,Verificar que el punto coincida con el centro del helipuerto o área de aterrizaje.,,,,,,,,,,
3034,LAD,CURURÚ BARRY,SANTIAGO DEL ESTERO,Córdoba (SACF),01/19,1329m. x 25m.,TIERRA,87 mts.,"10 Km. al N de VILLA UNIÓN, Provincia de SANTIAGO DEL ESTERO.",-29.319694,-62.791206,Verificar que el punto coincida aproximadamente con el centro/eje de la pista declarada.,,,,,,,,,,
3035,LAD,LA ESMERALDA,BUENOS AIRES,Ezeiza (SAEF),10/28 - 14/32,782m. x 25m. - 761.5m. x 25m.,TIERRA,286 mts.,"14.4 Km. al SW de CONOREL SUAREZ, Provincia de BUENOS AIRES.",-37.552578,-62.062636,Verificar que el punto coincida aproximadamente con el centro/eje de la pista declarada.,,,,,,,,,,
3036,LAD,EA. EL SILENCIO - BS AS,BUENOS AIRES,Ezeiza (SAEF),14/32,1000m. x 20m.,TIERRA,281 mts.,"12 Km. al N de SIERRA DE LOS PADRES, Provincia de BUENOS AIRES.",-37.848322,-57.855775,Verificar que el punto coincida aproximadamente con el centro/eje de la pista declarada.,,,,,,,,,,
3037,LAD,EL CANDUCHO,SANTIAGO DEL ESTERO,Córdoba (SACF),01/19,955m. x 40m.,TIERRA,91 mts.,"7 Km. al S de LOS JURÍES, Provincia de SANTIAGO DEL ESTERO.",-28.531944,-62.103611,Verificar que el punto coincida aproximadamente con el centro/eje de la pista declarada.,,,,,,,,,,
3038,LAD,ESTANCIA EL FAUSTINO,SANTIAGO DEL ESTERO,Córdoba (SACF),01/19,1450m. x 30m.,TIERRA,192 mts.,"9 Km. al SW de EL CABURE, Provincia de SANTIAGO DEL ESTERO.",-26.078611,-62.214167,Verificar que el punto coincida aproximadamente con el centro/eje de la pista declarada.,,,,,,,,,,
3039,LAD,ESTABLECIMIENTO LA CAMARONERA,FORMOSA,Resistencia (SARR),05/23,1000m. x 30m.,TIERRA,136.5 mts.,"12 Km. al NW de LAS LOMITAS, Provincia de FORMOSA.",-24.648228,-60.695394,Verificar que el punto coincida aproximadamente con el centro/eje de la pista declarada.,,,,,,,,,,
3041,LAD,EL MATACO,SANTIAGO DEL ESTERO,Córdoba (SACF),10/28,1359m. x 24m.,TIERRA,164.5 mts.,"16 Km. al SW de SACHAYOJ, Provincia de SANTIAGO DEL ESTERO.",-26.797278,-61.900972,Verificar que el punto coincida aproximadamente con el centro/eje de la pista declarada.,,,,,,,,,,
3042,LAD,LOS ABUELOS,CHACO,Resistencia (SARR),01/19,880m. x 60m.,TIERRA,110 mts.,"9 Km. al SE de JUAN JOSE CASTELLI, Provincia de CHACO.",-26.02485,-60.591792,Verificar que el punto coincida aproximadamente con el centro/eje de la pista declarada.,,,,,,,,,,
3043,LAD,LOS ELIOS,BUENOS AIRES,Ezeiza (SAEF),05/23,944m. x 25m.,TIERRA,89 mts.,"36 Km. al SE de CARLOS TEJEDOR, Provincia de BUENOS AIRES.",-35.700167,-62.292333,Verificar que el punto coincida aproximadamente con el centro/eje de la pista declarada.,,,,,,,,,,
3044,LAD,LA ALICIA,BUENOS AIRES,Ezeiza (SAEF),03/21,921m. x 15m.,TIERRA,39.5 mts.,"8 Km. al SW de LUJAN, Provincia de BUENOS AIRES.",-34.666269,-59.218211,Verificar que el punto coincida aproximadamente con el centro/eje de la pista declarada.,,,,,,,,,,
3045,LAD,ESTACION ESCALANTE,CHUBUT,Comodoro (SAVF),09/27,541m. x 25m.,TIERRA,398 mts.,"26 Km. al NW de COMODORO RIVADAVIA, Provincia de CHUBUT.",-45.748333,-67.786111,Verificar que el punto coincida aproximadamente con el centro/eje de la pista declarada.,,,,,,,,,,
3046,LAD,ESTANCIA LA ARGENTINA,TUCUMÁN,Córdoba (SACF),02/20,762m. x 40m.,TIERRA,427 mts.,"9 Km. al E de BURRUYACÚ, Provincia de TUCUMÁN.",-26.535989,-64.658706,Verificar que el punto coincida aproximadamente con el centro/eje de la pista declarada.,,,,,,,,,,
3047,LAD,ESTANCIA SAN IGNACIO,BUENOS AIRES,Ezeiza (SAEF),05/23,853m. x 20m.,TIERRA,80.5 mts.,"21 Km. al NE de LINCOLN, Provincia de BUENOS AIRES.",-34.831706,-61.301447,Verificar que el punto coincida aproximadamente con el centro/eje de la pista declarada.,,,,,,,,,,
3048,LAD,EL BAILE,CHACO,Resistencia (SARR),01/19,647m. x 30m.,TIERRA,59.5 mts.,"27 Km. al E de LA SABANA, Provincia de CHACO.",-27.908394,-59.663417,Verificar que el punto coincida aproximadamente con el centro/eje de la pista declarada.,,,,,,,,,,
3049,LAD,VALLE FRIO,CHUBUT,Comodoro (SAVF),09/27,644m. x 20m.,TIERRA,775 mts.,"25 Km. al SW de TREVELÍN, Provincia de CHUBUT.",-43.305172,-71.402431,Verificar que el punto coincida aproximadamente con el centro/eje de la pista declarada.,,,,,,,,,,
3050,LAD,UCACHA,CÓRDOBA,Córdoba (SACF),02/20,823m. x 20m.,TIERRA,194 mts.,"1 Km. al NE de UCACHA, Provincia de CÓRDOBA.",-33.020633,-63.500619,Verificar que el punto coincida aproximadamente con el centro/eje de la pista declarada.,,,,,,,,,,
3051,LAD,DON LUIS MANUEL,CHACO,Resistencia (SARR),14/32,1272m. x 30m.,TIERRA,96.5 mts.,"11 Km. al W. de CHARATA, Provincia de CHACO.",-27.223056,-61.3125,Verificar que el punto coincida aproximadamente con el centro/eje de la pista declarada.,,,,,,,,,,
3052,LAD,EL YAGUARETE,CHACO,Resistencia (SARR),03/21,1000m. x 20m.,TIERRA,151 mts.,"5 Km. al NE de MISIÓN NUEVA POMPEYA, Provincia de CHACO.",-24.883983,-61.467903,Verificar que el punto coincida aproximadamente con el centro/eje de la pista declarada.,,,,,,,,,,
3053,LAD,EL RODEO,SANTIAGO DEL ESTERO,Córdoba (SACF),01/19,2000m. x 20m.,TIERRA,194 mts.,"26 Km. al W de CAMPO GALLO, Provincia de SANTIAGO DEL ESTERO.",-26.625508,-63.116144,Verificar que el punto coincida aproximadamente con el centro/eje de la pista declarada.,,,,,,,,,,
3054,LAD,ESTANCIA LA MAGDALENA,CÓRDOBA,Ezeiza (SAEF),18/36,887m. x 40m.,TIERRA,169.5 mts.,"14 Km. al NW de GENERAL LEVALLE, Provincia de CÓRDOBA.",-33.978942,-63.778269,Verificar que el punto coincida aproximadamente con el centro/eje de la pista declarada.,,,,,,,,,,
3055,LAD,EL MOLINO,SANTA FE,Ezeiza (SAEF),16/34,525m. x 20m.,TIERRA,73 mts.,"9 Km. al SW de CARCARAÑA, Provincia de SANTA FE.",-32.934331,-61.173178,Verificar que el punto coincida aproximadamente con el centro/eje de la pista declarada.,,,,,,,,,,
3056,LAD,SUDAMERICANA,CHACO,Resistencia (SARR),01/19,803m. x 25m.,TIERRA,81 mts.,"3 Km. al NW. de VILLA ANGELA, Provincia de CHACO.",-27.541925,-60.73315,Verificar que el punto coincida aproximadamente con el centro/eje de la pista declarada.,,,,,,,,,,
3057,LAD,FORTIN FARIAS,BUENOS AIRES,Ezeiza (SAEF),05/23,1000m. x 28m.,TIERRA,90 mts.,"7 Km. al NW de BERUTTI, Provincia de BUENOS AIRES.",-35.820781,-62.579792,Verificar que el punto coincida aproximadamente con el centro/eje de la pista declarada.,,,,,,,,,,
3058,LADH,MEDIZIN DE SERVICIOS,BUENOS AIRES,Ezeiza (SAEF),0/0,12m. x 12m.,CONCRETO,53 mts.,"10 Km. al SW de SAN PEDRO, Provincia de BUENOS AIRES.",-33.769367,-59.702625,Verificar que el punto coincida con el centro del helipuerto o área de aterrizaje.,,,,,,,,,,
3059,LAD,CASAS BROARDO,SANTA FE,Ezeiza (SAEF),02/20,950m. x 23m.,TIERRA,79 mts.,"8 Km. al NE de EL TRÉBOL, Provincia de SANTA FE.",-32.134828,-61.66785,Verificar que el punto coincida aproximadamente con el centro/eje de la pista declarada.,,,,,,,,,,
3060,LAD,PUESTO VIEJO,BUENOS AIRES,Ezeiza (SAEF),10/28,1148m. x 30m.,TIERRA,28 mts.,"9 Km. al SW de CAÑUELAS, Provincia de BUENOS AIRES.",-35.079992,-58.644544,Verificar que el punto coincida aproximadamente con el centro/eje de la pista declarada.,,,,,,,,,,
3061,LAD,LA VICTORIA - SANTA FE,SANTA FE,Córdoba (SACF),02/20,600m. x 25m.,TIERRA,106 mts.,"6 Km. al E. de MARIA SUSANA, Provincia de SANTA FE.",-32.270033,-61.833967,Verificar que el punto coincida aproximadamente con el centro/eje de la pista declarada.,,,,,,,,,,
3062,LAD,NONO LUIGI,CÓRDOBA,Córdoba (SACF),01/19,1260m. x 20m.,TIERRA,275 mts.,"6 Km. al NW de ONCATIVO, Provincia de CÓRDOBA.",-31.8573,-63.656011,Verificar que el punto coincida aproximadamente con el centro/eje de la pista declarada.,,,,,,,,,,
3063,LAD,GUAYASCATE,CÓRDOBA,Córdoba (SACF),03/21,1134m. x 50m.,TIERRA,544 mts.,"8 Km. al NW de SAN JOSÉ DE LA DORMIDA, Provincia de CÓRDOBA.",-30.277281,-63.9389,Verificar que el punto coincida aproximadamente con el centro/eje de la pista declarada.,,,,,,,,,,
3064,LAD/LADH,SANABRIA,CÓRDOBA,Córdoba (SACF),02/20,687m. x 25m.,TIERRA,192 mts.,"1 Km. al SE de SANABRIA, Provincia de CÓRDOBA.",-32.528642,-63.239861,Verificar la posición respecto de la pista y del helipuerto declarados.,,,,,,,,,,
3065,LAD,VALLE NOBLE,MENDOZA,Mendoza (SAMF),16/34,1201m. x 30m.,TIERRA,1948 mts.,"64 Km. al W de MALARGUE, Provincia de MENDOZA.",-35.375,-70.284722,Verificar que el punto coincida aproximadamente con el centro/eje de la pista declarada.,,,,,,,,,,
3066,LAD,EL TITO,CÓRDOBA,Córdoba (SACF),01/19,955m. x 15m.,TIERRA,369 mts.,"11.5 Km. al W de PILAR, Provincia de CÓRDOBA.",-31.681083,-64.00325,Verificar que el punto coincida aproximadamente con el centro/eje de la pista declarada.,,,,,,,,,,
3067,LAD,EL AZUFRE,MENDOZA,Mendoza (SAMF),13/31,782m. x 25m.,TIERRA,2423 mts.,"84 Km. al W de MALARGUE, Provincia de MENDOZA.",-35.271125,-70.494125,Verificar que el punto coincida aproximadamente con el centro/eje de la pista declarada.,,,,,,,,,,
3068,LAD,ATIS S.A.,SANTIAGO DEL ESTERO,Córdoba (SACF),11/29,1625m. x 25m.,TIERRA,85 mts.,"3 Km. al NW de MALBRÁN, Provincia de SANTIAGO DEL ESTERO.",-29.323611,-62.449167,Verificar que el punto coincida aproximadamente con el centro/eje de la pista declarada.,,,,,,,,,,
3069,LAD,GERMAN RAUL BURDISSO,CÓRDOBA,Córdoba (SACF),02/20,850m. x 25m.,TIERRA,182 mts.,"13 Km. al N de LOS CHAÑARITOS, Provincia de CÓRDOBA.",-31.2875,-63.316111,Verificar que el punto coincida aproximadamente con el centro/eje de la pista declarada.,,,,,,,,,,
3070,LAD,PATAGONIONS,BUENOS AIRES,Ezeiza (SAEF),17/35,525m. x 24m.,TIERRA,15.5 mts.,"1 Km. al E de PEDRO LURO, Provincia de BUENOS AIRES.",-39.508469,-62.665756,Verificar que el punto coincida aproximadamente con el centro/eje de la pista declarada.,,,,,,,,,,
3071,LAD,DANIEL HUGO CONTARDE,SANTIAGO DEL ESTERO,Córdoba (SACF),10/28,1078m. x 40m.,TIERRA,93 mts.,"7 Km. al NW de BANDERA , Provincia de SANTIAGO DEL ESTERO.",-28.847278,-62.326778,Verificar que el punto coincida aproximadamente con el centro/eje de la pista declarada.,,,,,,,,,,
3072,LAD,COLONIA ROSA,SANTA FE,Córdoba (SACF),02/20,969m. x 20m.,TIERRA,94 mts.,"6 Km. al W de COLONIA ROSA , Provincia de SANTA FE.",-30.284317,-62.052133,Verificar que el punto coincida aproximadamente con el centro/eje de la pista declarada.,,,,,,,,,,
3073,LAD,RINCON,SALTA,Córdoba (SACF),14/32,3000m. x 30m.,TIERRA,3798 mts.,"83 Km. al NW de SAN ANTONIO DE LOS COBRES, Provincia de SALTA.",-23.970283,-67.090494,Verificar que el punto coincida aproximadamente con el centro/eje de la pista declarada.,,,,,,,,,,
3074,LAD,LOS SERAFINES,CÓRDOBA,Córdoba (SACF),18/36,1199m. x 30m.,TIERRA,243.5 mts.,"11 Km. al SW de VILLA HUIDOBRO, Provincia de CÓRDOBA.",-34.903667,-64.684939,Verificar que el punto coincida aproximadamente con el centro/eje de la pista declarada.,,,,,,,,,,
3075,LAD,DESDELSUR,SALTA,Córdoba (SACF),01/19,1200m. x 25m.,TIERRA,385 mts.,"17 Km. al E de TARTAGAL, Provincia de SALTA.",-22.503456,-63.636783,Verificar que el punto coincida aproximadamente con el centro/eje de la pista declarada.,,,,,,,,,,
3076,LAD,RINCON DE ANIMAS,ENTRE RÍOS,Resistencia (SARR),01/19,640m. x 40m.,TIERRA,75 mts.,"17 Km. al NW de SAUCE, Provincia de ENTRE RÍOS.",-30.0175,-58.626889,Verificar que el punto coincida aproximadamente con el centro/eje de la pista declarada.,,,,,,,,,,
3077,LAD,CATRIEL,RÍO NEGRO,Ezeiza (SAEF),04/22,964m. x 30m.,TIERRA,425 mts.,"5 Km. al NE de CATRIEL, Provincia de RÍO NEGRO.",-37.835833,-67.770833,Verificar que el punto coincida aproximadamente con el centro/eje de la pista declarada.,,,,,,,,,,
3078,LADH,PLAZA ESCOBAR,BUENOS AIRES,Ezeiza (SAEF),-,25m. x 25m.,TIERRA,4 mts.,"8 Km. al NW de BELÉN DE ESCOBAR, Provincia de BUENOS AIRES.",-34.311361,-58.862442,Verificar que el punto coincida con el centro del helipuerto o área de aterrizaje.,,,,,,,,,,
3079,LAD,ESTABLECIMIENTO EL CHOCHÓN,SANTIAGO DEL ESTERO,Córdoba (SACF),01/19,900m. x 20m.,TIERRA,139 mts.,"9 Km. al SW de QUIMILÍ, Provincia de SANTIAGO DEL ESTERO.",-27.685969,-62.494953,Verificar que el punto coincida aproximadamente con el centro/eje de la pista declarada.,,,,,,,,,,
3080,LAD,DOÑA CARMEN,SANTIAGO DEL ESTERO,Córdoba (SACF),01/19,1246m. x 28m.,TIERRA,145 mts.,"38 Km. al NE de QUIMILÍ, Provincia de SANTIAGO DEL ESTERO.",-27.596197,-62.028039,Verificar que el punto coincida aproximadamente con el centro/eje de la pista declarada.,,,,,,,,,,
3081,LAD,PTO. SAN CARLOS,FORMOSA,Resistencia (SARR),01/19,1495m. x 30m.,TIERRA,105 mts.,"25 Km. al S de COMANDANTE FONTANA, Provincia de FORMOSA.",-25.573289,-59.642531,Verificar que el punto coincida aproximadamente con el centro/eje de la pista declarada.,,,,,,,,,,
3082,LAD,ESTANCIA LA ALPINA,SANTA FE,Córdoba (SACF),01/19,1300m. x 50m.,TIERRA,88 mts.,"20 Km. al NW de VILLA TRINIDAD, Provincia de SANTA FE.",-30.128822,-62.062242,Verificar que el punto coincida aproximadamente con el centro/eje de la pista declarada.,,,,,,,,,,
3083,LAD,LA ESPERANZA,JUJUY,Córdoba (SACF),02/20,1242m. x 36m.,TIERRA,529 mts.,"5 Km. al NE de SAN PEDRO DE JUJUY, Provincia de JUJUY.",-24.199989,-64.834022,Verificar que el punto coincida aproximadamente con el centro/eje de la pista declarada.,,,,,,,,,,
3084,LAD,DESPEÑADEROSAEROCAMPO,CÓRDOBA,Córdoba (SACF),01/19,1223m. x 20m.,TIERRA,467 mts.,"6.5 Km. al NE de DESPEÑADEROS, Provincia de CÓRDOBA.",-31.757558,-64.315964,Verificar que el punto coincida aproximadamente con el centro/eje de la pista declarada.,,,,,,,,,,
3085,LAD,DON SALVADOR,BUENOS AIRES,Ezeiza (SAEF),15/33,898m. x 42m.,TIERRA,68 mts.,"2.5 Km. al NE de MECHONGUÉ, Provincia de BUENOS AIRES.",-37.129561,-58.245211,Verificar que el punto coincida aproximadamente con el centro/eje de la pista declarada.,,,,,,,,,,
3086,LAD,LUCIANO BARALE,BUENOS AIRES,Ezeiza (SAEF),18/36,678m. x 23m.,TIERRA,121 mts.,"3 Km. al S de Banderalo, Provincia de BUENOS AIRES.",-35.049167,-63.385556,Verificar que el punto coincida aproximadamente con el centro/eje de la pista declarada.,,,,,,,,,,
3087,LAD,LAS HOJAS,BUENOS AIRES,Ezeiza (SAEF),02/20,940m. x 28m.,TIERRA,39 mts.,"17 Km. al SW de LUJAN, Provincia de BUENOS AIRES.",-34.709331,-59.224208,Verificar que el punto coincida aproximadamente con el centro/eje de la pista declarada.,,,,,,,,,,
3088,LAD,ESTANCIA SAN ESTEBAN,BUENOS AIRES,Ezeiza (SAEF),13/31,700m. x 22m.,TIERRA,14 mts.,"14 Km. al E de CORONEL VIDAL, Provincia de BUENOS AIRES.",-37.458272,-57.569303,Verificar que el punto coincida aproximadamente con el centro/eje de la pista declarada.,,,,,,,,,,
3089,LAD,MARIA LUISA,LA PAMPA,Mendoza (SAMF),18/36,900m. x 30m.,TIERRA,282 mts.,"15 Km. al SW de LA MARUJA, Provincia de LA PAMPA.",-35.798558,-65.003056,Verificar que el punto coincida aproximadamente con el centro/eje de la pista declarada.,,,,,,,,,,
3090,LAD,LAS BREÑAS,CHACO,Resistencia (SARR),04/22,794m. x 25m.,TIERRA,125 mts.,"38 Km. al NW de LAS BREÑAS, Provincia de CHACO.",-26.826389,-61.339167,Verificar que el punto coincida aproximadamente con el centro/eje de la pista declarada.,,,,,,,,,,
3091,LAD,DON DAVID,SANTA FE,Córdoba (SACF),02/20,1253m. x 28m.,TIERRA,72 mts.,"6 Km. al NW de SANTA MARGARITA, Provincia de SANTA FE.",-28.255731,-61.557833,Verificar que el punto coincida aproximadamente con el centro/eje de la pista declarada.,,,,,,,,,,
3092,LADH,THE VINES,MENDOZA,Mendoza (SAMF),-,18m. x 18m.,TIERRA,1047 mts.,"3 Km. al NW de LOS SAUCES, Provincia de MENDOZA.",-33.589556,-69.206806,Verificar que el punto coincida con el centro del helipuerto o área de aterrizaje.,,,,,,,,,,
3093,LAD,EA LAS MARÍAS - ENTRE RÍOS,ENTRE RÍOS,Ezeiza (SAEF),17/35,860m. x 27m.,TIERRA,68 mts.,"24 Km. al NE de VILLA GOBERNADOR MACIÁ, Provincia de ENTRE RÍOS.",-32.045556,-59.195278,Verificar que el punto coincida aproximadamente con el centro/eje de la pista declarada.,,,,,,,,,,
3094,LAD,SAN PABLO,CORRIENTES,Resistencia (SARR),11/29,742m. x 29m.,TIERRA,95 mts.,"8 Km. al W de MARIANO I. LOZA, Provincia de CORRIENTES.",-29.378478,-58.280908,Verificar que el punto coincida aproximadamente con el centro/eje de la pista declarada.,,,,,,,,,,
3095,LAD,MANISEL,CÓRDOBA,Córdoba (SACF),02/20,1095m. x 34m.,TIERRA,181 mts.,"1 Km. al E de PASCO, Provincia de CÓRDOBA.",-32.753131,-63.328031,Verificar que el punto coincida aproximadamente con el centro/eje de la pista declarada.,,,,,,,,,,
3096,LAD,CAÑADA HONDA,BUENOS AIRES,Ezeiza (SAEF),14/32,750m. x 25m.,TIERRA,25 mts.,"7 Km. al NW de SANTA COLOMA, Provincia de BUENOS AIRES.",-34.039117,-59.487206,Verificar que el punto coincida aproximadamente con el centro/eje de la pista declarada.,,,,,,,,,,
3097,LAD,DON ALEJANDRO,BUENOS AIRES,Ezeiza (SAEF),01/19,1000m. x 60m.,TIERRA,77 mts.,"3 Km. al SE de BLANDENGUES, Provincia de BUENOS AIRES.",-34.522778,-61.2275,Verificar que el punto coincida aproximadamente con el centro/eje de la pista declarada.,,,,,,,,,,
3098,LAD,GUNZIGER AGROPECUARIA,SANTA FE,Ezeiza (SAEF),02/20,700m. x 20m.,TIERRA,35 mts.,"10 Km. al NE de GESSLER, Provincia de SANTA FE.",-31.793353,-61.046503,Verificar que el punto coincida aproximadamente con el centro/eje de la pista declarada.,,,,,,,,,,
3099,LAD,AGROPECUARIA DON MANUEL,NEUQUÉN,Ezeiza (SAEF),09/27,961m. x 30m.,TIERRA,177 mts.,"17 Km. al NE de VALLE AZUL, Provincia de NEUQUÉN.",-39.130278,-66.596944,Verificar que el punto coincida aproximadamente con el centro/eje de la pista declarada.,,,,,,,,,,
3100,LADH,SPLIF BARILOCHE,RÍO NEGRO,Ezeiza (SAEF),-,9m. x 9m.,CONCRETO,821 mts.,"11 Km. al W de BARILOCHE, Provincia de RÍO NEGRO.",-41.129772,-71.425233,Verificar que el punto coincida con el centro del helipuerto o área de aterrizaje.,,,,,,,,,,
3101,LAD,CAÑADA DEL UCLE,SANTA FE,Ezeiza (SAEF),07/25,1085m. x 30m.,TIERRA,108 mts.,"3 Km. al NW de CAÑADA DEL UCLE, Provincia de SANTA FE.",-33.395097,-61.633625,Verificar que el punto coincida aproximadamente con el centro/eje de la pista declarada.,,,,,,,,,,
3102,LAD,BODEGA CASTEL CONEGLIANO,BUENOS AIRES,Ezeiza (SAEF),01/19,900m. x 30m.,TIERRA,89 mts.,"12 Km. al NW de EL BOQUERÓN, Provincia de BUENOS AIRES.",-37.975783,-57.924586,Verificar que el punto coincida aproximadamente con el centro/eje de la pista declarada.,,,,,,,,,,
3103,LAD,ESTANCIA OVECHA RATY,CORRIENTES,Resistencia (SARR),04/22,792m. x 48m.,TIERRA,69 mts.,"16 Km. al SE de COLONIA CARLOS PELLEGRINI, Provincia de CORRIENTES.",-28.680556,-57.122778,Verificar que el punto coincida aproximadamente con el centro/eje de la pista declarada.,,,,,,,,,,
3104,LAD,GOBERNADOR MACIA,ENTRE RÍOS,Ezeiza (SAEF),02/20,600m. x 20m.,TIERRA,83 mts.,"7 Km. al NW de VILLA GOBERNADOR MACIÁ, Provincia de ENTRE RÍOS.",-32.205878,-59.470328,Verificar que el punto coincida aproximadamente con el centro/eje de la pista declarada.,,,,,,,,,,
3105,LAD,ESTANCIA LA CONCEPCIÓN,CORRIENTES,Resistencia (SARR),02/20,913m. x 35m.,TIERRA,68 mts.,"66 Km. al NE de MERCEDES, Provincia de CORRIENTES.",-29.036389,-57.409722,Verificar que el punto coincida aproximadamente con el centro/eje de la pista declarada.,,,,,,,,,,
3106,LAD,EL LUCHADOR,BUENOS AIRES,Ezeiza (SAEF),14/32,462m. x 20m.,TIERRA,36 mts.,"20 Km. al SW de SAN PEDRO, Provincia de BUENOS AIRES.",-33.783508,-59.840356,Verificar que el punto coincida aproximadamente con el centro/eje de la pista declarada.,,,,,,,,,,
3107,LAD,EMILIANO KAP,CÓRDOBA,Córdoba (SACF),01/19,1200m. x 30m.,TIERRA,142 mts.,"9 Km. al NE de ARROYITO, Provincia de CÓRDOBA.",-31.385292,-62.958836,Verificar que el punto coincida aproximadamente con el centro/eje de la pista declarada.,,,,,,,,,,
3108,LAD,ARMSTRONG - CRUCIANELLI,SANTA FE,Ezeiza (SAEF),02/20,850m. x 20m.,TIERRA,116 mts.,"2 Km. al NW de ARMSTRONG, Provincia de SANTA FE.",-32.766,-61.612169,Verificar que el punto coincida aproximadamente con el centro/eje de la pista declarada.,,,,,,,,,,
3109,LAD,ESTANCIA PAVON,LA PAMPA,Ezeiza (SAEF),01/19,1200m. x 30m.,TIERRA,120 mts.,"26 Km. al SE de GENERAL PICO, Provincia de LA PAMPA.",-35.832231,-63.560433,Verificar que el punto coincida aproximadamente con el centro/eje de la pista declarada.,,,,,,,,,,
3110,LADH,BATIDERO,LA RIOJA,Córdoba (SACF),-,20m. x 20m.,TIERRA,4178 mts.,"153 Km. al NW de VILLA UNIÓN, Provincia de LA RIOJA.",-28.481222,-69.475711,Verificar que el punto coincida con el centro del helipuerto o área de aterrizaje.,,,,,,,,,,
3111,LADH,MULTIMODAL SACIA,MENDOZA,Mendoza (SAMF),-,15m. x 15m.,TIERRA,784 mts.,"5.5 Km. al SE de MENDOZA CAPITAL, Provincia de MENDOZA.",-32.932847,-68.807433,Verificar que el punto coincida con el centro del helipuerto o área de aterrizaje.,,,,,,,,,,
3113,LAD,ESTANCIA SOFIA,SANTA CRUZ,Comodoro (SAVF),06/24,787m. x 30m.,TIERRA,158 mts.,"124 Km. al SW de RÍO GALLEGOS, Provincia de SANTA CRUZ.",-51.794556,-70.986675,Verificar que el punto coincida aproximadamente con el centro/eje de la pista declarada.,,,,,,,,,,
3114,LAD,HANGARES DE LOBOS,BUENOS AIRES,Ezeiza (SAEF),18/36 - 14/32,680m. x 20m. - 0,TIERRA,31 mts.,"4 Km. al SW de SALVADOR MARIA, Provincia de BUENOS AIRES.",-35.304083,-59.210306,Verificar que el punto coincida aproximadamente con el centro/eje de la pista declarada.,,,,,,,,,,
3115,LAD,ECHENIQUE,BUENOS AIRES,Ezeiza (SAEF),14/32,975m. x 40m.,TIERRA,79 mts.,"4 Km. al NE de LOBERÍA, Provincia de BUENOS AIRES.",-38.148472,-58.749917,Verificar que el punto coincida aproximadamente con el centro/eje de la pista declarada.,,,,,,,,,,
3116,LAD,LA BETY,SANTA FE,Ezeiza (SAEF),10/28,600m. x 20m.,TIERRA,79 mts.,"4 Km. al NE de GÁLVEZ, Provincia de SANTA FE.",-31.997222,-61.244167,Verificar que el punto coincida aproximadamente con el centro/eje de la pista declarada.,,,,,,,,,,
3117,LAD,LOS NOGALES,SANTA FE,Ezeiza (SAEF),07/25,635m. x 20m.,TIERRA,64 mts.,"7 Km. al SE de PUJATO, Provincia de SANTA FE.",-33.026389,-60.970556,Verificar que el punto coincida aproximadamente con el centro/eje de la pista declarada.,,,,,,,,,,
3118,LAD,EL TAMBO,SANTIAGO DEL ESTERO,Córdoba (SACF),13/31,1400m. x 40m.,TIERRA,164 mts.,"6 Km. al SW de TINTINA, Provincia de SANTIAGO DEL ESTERO.",-27.055114,-62.762369,Verificar que el punto coincida aproximadamente con el centro/eje de la pista declarada.,,,,,,,,,,
3119,LAD,ESTANCIA BELLA VISTA,SANTA CRUZ,Comodoro (SAVF),12/30,665m. x 15m.,TIERRA,109 mts.,"101 Km. al SW de RÍO GALLEGOS, Provincia de SANTA CRUZ.",-51.859992,-70.636294,Verificar que el punto coincida aproximadamente con el centro/eje de la pista declarada.,,,,,,,,,,
3120,LAD,DON ROBERTO,ENTRE RÍOS,Ezeiza (SAEF),03/21,800m. x 23m.,TIERRA,113 mts.,"4.5 Km. al N de VILLA ARANGUREN, Provincia de ENTRE RÍOS.",-32.199408,-60.1658,Verificar que el punto coincida aproximadamente con el centro/eje de la pista declarada.,,,,,,,,,,
3121,LAD,AGRÍCOLA GANADERA TINA,SANTIAGO DEL ESTERO,Córdoba (SACF),17/35,866m. x 30m.,TIERRA,134 mts.,"24 Km. al NE de YUCHÁN, Provincia de SANTIAGO DEL ESTERO.",-27.755486,-62.729361,Verificar que el punto coincida aproximadamente con el centro/eje de la pista declarada.,,,,,,,,,,
3122,LAD,EA. EL PATRIA,SAN LUIS,Mendoza (SAMF),18/36,1200m. x 20m.,TIERRA,363 mts.,"4 Km. al N de FORTIN EL PATRIA, Provincia de SAN LUIS.",-34.734683,-65.520122,Verificar que el punto coincida aproximadamente con el centro/eje de la pista declarada.,,,,,,,,,,
3123,LAD,ESTANCIA LA GITANA,LA PAMPA,Ezeiza (SAEF),04/22,1000m. x 11m.,TIERRA,304 mts.,"44 Km. al NW de CHACHARRAMENDI, Provincia de LA PAMPA.",-36.945803,-65.793069,Verificar que el punto coincida aproximadamente con el centro/eje de la pista declarada.,,,,,,,,,,
3124,LAD,ESTANCIA SANTA MARÍA,BUENOS AIRES,Ezeiza (SAEF),05/23,1425m. x 30m.,TIERRA,14.5 mts.,"18 Km. al SW de MAR DEL SUR, Provincia de BUENOS AIRES.",-38.399278,-58.201775,Verificar que el punto coincida aproximadamente con el centro/eje de la pista declarada.,,,,,,,,,,
3125,LADH,LA CALERA,NEUQUÉN,Ezeiza (SAEF),-,30m. x 30m.,TIERRA,386 mts.,"22 Km. al W de AÑELO, Provincia de NEUQUÉN.",-38.361033,-69.043536,Verificar que el punto coincida con el centro del helipuerto o área de aterrizaje.,,,,,,,,,,
3126,LAD,DON PEDRO,CÓRDOBA,Ezeiza (SAEF),02/20,881m. x 20m.,TIERRA,111 mts.,"6.5 Km. al NE de GENERAL BALDISSERA, Provincia de CÓRDOBA.",-33.076111,-62.260833,Verificar que el punto coincida aproximadamente con el centro/eje de la pista declarada.,,,,,,,,,,
3127,LAD,LOS GATOS COLORADOS,SANTIAGO DEL ESTERO,Córdoba (SACF),0/0,m. x m.,TIERRA,0 mts.,"43 Km. al NE de OTUMPA, Provincia de SANTIAGO DEL ESTERO.",-27.120539,-61.858961,Verificar que el punto coincida aproximadamente con el centro/eje de la pista declarada.,,,,,,,,,,
3128,LAD,DOÑA LUISA,SANTIAGO DEL ESTERO,Córdoba (SACF),01/19,1600m. x 30m.,TIERRA,152 mts.,"40 Km. al SE de TINTINA, Provincia de SANTIAGO DEL ESTERO.",-27.291194,-62.419167,Verificar que el punto coincida aproximadamente con el centro/eje de la pista declarada.,,,,,,,,,,
3129,LAD,ESTABLECIMIENTO ANTENOR,CÓRDOBA,Ezeiza (SAEF),02/20,1065m. x 30m.,TIERRA,107 mts.,"9 Km. al SE de LOS SURGENTES, Provincia de CÓRDOBA.",-33.005036,-61.928122,Verificar que el punto coincida aproximadamente con el centro/eje de la pista declarada.,,,,,,,,,,
3130,LAD,LA CENTURIA,SALTA,Córdoba (SACF),06/24,994m. x 25m.,TIERRA,1097 mts.,"3 Km. al NW de GUACHIPAS, Provincia de SALTA.",-25.507331,-65.534597,Verificar que el punto coincida aproximadamente con el centro/eje de la pista declarada.,,,,,,,,,,
3133,LAD,ESTANCIA LA LUCIA,SAN LUIS,Mendoza (SAMF),02/20,990m. x 20m.,TIERRA,362 mts.,"16 Km. al SW de LA ANGELINA, Provincia de SAN LUIS.",-34.370667,-65.275194,Verificar que el punto coincida aproximadamente con el centro/eje de la pista declarada.,,,,,,,,,,
3134,LAD,EA SAN PEDRO -ENTRE RÍOS,ENTRE RÍOS,Ezeiza (SAEF),17/35,1534m. x 18m.,TIERRA,49.5 mts.,"18 Km. al SE de SANTA ANITA, Provincia de ENTRE RÍOS.",-32.260019,-58.624325,Verificar que el punto coincida aproximadamente con el centro/eje de la pista declarada.,,,,,,,,,,
3135,LAD,ARBOL BLANCO,SANTIAGO DEL ESTERO,Córdoba (SACF),01/19,1458m. x 30m.,TIERRA,162 mts.,"22 Km. al SW de ARBOL BLANCO, Provincia de SANTIAGO DEL ESTERO.",-26.876419,-62.178969,Verificar que el punto coincida aproximadamente con el centro/eje de la pista declarada.,,,,,,,,,,
3137,LAD,CHISCHACA,SAN LUIS,Mendoza (SAMF),12/30,1400m. x 35m.,TIERRA,676 mts.,"40 Km. al SE de BEAZLEY, Provincia de SAN LUIS.",-33.875556,-66.225,Verificar que el punto coincida aproximadamente con el centro/eje de la pista declarada.,,,,,,,,,,
3143,LAD,DON CIRILO,CHACO,Resistencia (SARR),10/28,1165m. X26m.,TIERRA,146 mts.,"77 Km al NW de la localidad Pampa del Infierno, provincia del Chaco",-25.869444,-61.488056,Verificar que el punto coincida aproximadamente con el centro/eje de la pista declarada.,,,,,,,,,,
3149,LAD,LA VICTORIA - FORMOSA,FORMOSA,Resistencia (SARR),05/23,1002m.x 30m.,TIERRA,134 mts.,"29 Km al SW de Las Lomitas, Provincia de Formosa",-24.918056,-60.766389,Verificar que el punto coincida aproximadamente con el centro/eje de la pista declarada.,,,,,,,,,,
3168,LAD,DON ENRIQUE,CHACO,Resistencia (SARR),05/23,970m. X25m.,TIERRA,129 mts.,"5 Km al SW de la localidad Las Piedritas, provincia del Chaco",-26.817222,-61.618333,Verificar que el punto coincida aproximadamente con el centro/eje de la pista declarada.,,,,,,,,,,
3172,LAD,EL GRINGO,SANTIAGO DEL ESTERO,Córdoba (SACF),01/19,1478m. X72m.,TIERRA,,"46 Km al NW de la localidad Otumpa, provincia de Santiago del Estero",-27.331111,-61.760556,Verificar que el punto coincida aproximadamente con el centro/eje de la pista declarada.,,,,,,,,,,
5138,LAD,EL CHALTEN,SANTA CRUZ,Comodoro (SAVF),09/27,1000m. x 50m.,TIERRA,270 mts.,"43 Km. al SE de EL CHALTEN, Provincia de SANTA CRUZ.",-49.533611,-72.527778,Verificar que el punto coincida aproximadamente con el centro/eje de la pista declarada.,,,,,,,,,,
5484,LAD,LOMA CAMPANA,NEUQUÉN,Ezeiza (SAEF),10/28,1800m. x 30m.,TIERRA,501 mts.,"16 Km. al E de AÑELO, Provincia de NEUQUÉN.",-38.381667,-68.599722,Verificar que el punto coincida aproximadamente con el centro/eje de la pista declarada.,,,,,,,,,,
5488,LAD,LA RIVERA,MENDOZA,Mendoza (SAMF),11/29,1700m. x 25m.,TIERRA,658 mts.,"16 Km. al S de SAN RAFAEL, Provincia de MENDOZA.",-34.761156,-68.361481,Verificar que el punto coincida aproximadamente con el centro/eje de la pista declarada.,,,,,,,,,,
5491,LAD,JACHAL,SAN JUAN,Mendoza (SAMF),01/19,1280m. x 30m.,ASFALTO,1183 mts.,"1 Km. al N de JACHAL, Provincia de SAN JUAN.",-30.219467,-68.737603,Verificar que el punto coincida aproximadamente con el centro/eje de la pista declarada.,,,,,,,,,,
5494,LAD,CUMUHUE,LA PAMPA,Ezeiza (SAEF),18/36,706m. x 32m.,TIERRA,125 mts.,"12 Km. al S de CATRILÓ, Provincia de LA PAMPA.",-36.515353,-63.405408,Verificar que el punto coincida aproximadamente con el centro/eje de la pista declarada.,,,,,,,,,,
