{
"type": "FeatureCollection",
"name": "Tiempos de viaje PSS Posadas",
"crs": { "type": "name", "properties": { "name": "urn:ogc:def:crs:OGC:1.3:CRS84" } },
"features": [
{ "type": "Feature", "properties": { "Name": "PSS : 120 - 180", "FromBreak": 120.0, "ToBreak": 180.0, "IATA": "PSS" }, "geometry": { "type": "MultiPolygon", "coordinates": [ [ [ [ -54.588744947717657, -26.41039101336014 ], [ -54.588745097538435, -26.410391020166401 ], [ -54.589171973683506, -26.408476465813408 ], [ -54.589480546256254, -26.410464098691136 ], [ -54.590327355535749, -26.411021359619838 ], [ -54.590326553963791, -26.41102137189074 ], [ -54.590363700746309, -26.411061961255484 ], [ -54.590361329812026, -26.41107175246475 ], [ -54.590366733065139, -26.411063609047346 ], [ -54.590366359765653, -26.411063220184474 ], [ -54.590537996737112, -26.411067449247582 ], [ -54.590617162921205, -26.411069662396812 ], [ -54.591501121886608, -26.411096549226841 ], [ -54.591165847986872, -26.411621043091429 ], [ -54.591502250008659, -26.411971470164758 ], [ -54.591867726798569, -26.411665789270558 ], [ -54.591541602072823, -26.411137231004773 ], [ -54.591543056659418, -26.411137276850411 ], [ -54.592132857959314, -26.410569773271448 ], [ -54.592406391697352, -26.410621735593622 ], [ -54.592379861542497, -26.411642336762611 ], [ -54.592227894166058, -26.411677141006464 ], [ -54.592378340647599, -26.411682087141969 ], [ -54.592430131647404, -26.411685044397473 ], [ -54.592431356350914, -26.41168530149173 ], [ -54.593324219076919, -26.411739295182485 ], [ -54.593402951562211, -26.411743151031658 ], [ -54.593675459765507, -26.411753206376204 ], [ -54.593598042051326, -26.412412811674301 ], [ -54.594296657917255, -26.412380020460034 ], [ -54.5943361415612, -26.412379933707371 ], [ -54.595199382913165, -26.413126511621385 ], [ -54.59645685751542, -26.413274873622072 ], [ -54.596747241112041, -26.41351193619272 ], [ -54.597486559688605, -26.414041101992893 ], [ -54.597449440226001, -26.414825854148603 ], [ -54.597408429811651, -26.414867074036636 ], [ -54.596443749355274, -26.414558376146715 ], [ -54.595948113413442, -26.414947844831659 ], [ -54.595143851948137, -26.415706706223773 ], [ -54.592133522841664, -26.418228143308511 ], [ -54.592130392313493, -26.418221527584251 ], [ -54.592126181788842, -26.41822064369569 ], [ -54.592116269315625, -26.418235583104376 ], [ -54.587358696230524, -26.420914809687304 ], [ -54.586583927676145, -26.419393199601984 ], [ -54.585812692630896, -26.420032391247105 ], [ -54.585745952540549, -26.42189021928607 ], [ -54.585667551690449, -26.42188792094197 ], [ -54.584820030150922, -26.420060773675459 ], [ -54.583060567250925, -26.421836369713617 ], [ -54.583256820653276, -26.423189434938649 ], [ -54.584695384282554, -26.423518991141862 ], [ -54.584764893349927, -26.423453993353291 ], [ -54.584697650343401, -26.423411614018676 ], [ -54.584697732927737, -26.423411617466854 ], [ -54.58468631659656, -26.421933609873122 ], [ -54.585063209071791, -26.423466449103614 ], [ -54.585593522745796, -26.423980167666912 ], [ -54.586409743790341, -26.423532378469929 ], [ -54.586420352323046, -26.424474039495522 ], [ -54.587184108839551, -26.424973407431764 ], [ -54.589686812867967, -26.425241196234708 ], [ -54.589699590207033, -26.425254795830995 ], [ -54.588492027718758, -26.426368682208818 ], [ -54.58959629932906, -26.426444688427182 ], [ -54.589533918715574, -26.427322706568248 ], [ -54.589633631156289, -26.427365103075942 ], [ -54.59077634675424, -26.427441527710243 ], [ -54.590754569941623, -26.428323523864492 ], [ -54.590681685122377, -26.428359889230649 ], [ -54.590753511731577, -26.428427928914573 ], [ -54.590835854358886, -26.428364054558301 ], [ -54.590835992212362, -26.428364172900615 ], [ -54.59199134071747, -26.428382697829022 ], [ -54.592030105526703, -26.428422535526806 ], [ -54.592016233077743, -26.4293447301622 ], [ -54.591868941032146, -26.429384869435296 ], [ -54.592013055706218, -26.429516413682222 ], [ -54.599206430597405, -26.430829335479928 ], [ -54.599181075082129, -26.431939935707419 ], [ -54.594064280441899, -26.435444179870615 ], [ -54.591857521032182, -26.434082786314434 ], [ -54.591853064497514, -26.434095061486062 ], [ -54.591195955087244, -26.433242124514265 ], [ -54.590732763219876, -26.433186270039982 ], [ -54.590999923644176, -26.432300521321793 ], [ -54.590723462635935, -26.432043794253275 ], [ -54.590442921099338, -26.432282703908641 ], [ -54.590729647820922, -26.433186170384488 ], [ -54.590690758128119, -26.433223496008054 ], [ -54.589525430928234, -26.433167562277617 ], [ -54.589525135277256, -26.433167793772327 ], [ -54.589444788373839, -26.433062944170899 ], [ -54.589443553024296, -26.433164014531428 ], [ -54.589441285444138, -26.433203530834817 ], [ -54.589370085045573, -26.434319961038057 ], [ -54.588073153738321, -26.43405667529106 ], [ -54.587983441206802, -26.435447048265871 ], [ -54.586873346215043, -26.434985142564699 ], [ -54.586290563207228, -26.435400921991857 ], [ -54.58963389960644, -26.445416465514825 ], [ -54.585272029480734, -26.448805651155851 ], [ -54.582969350749124, -26.449542002730141 ], [ -54.582904240211349, -26.449721806373475 ], [ -54.581007388055298, -26.449965981700018 ], [ -54.579981974427881, -26.450440429710682 ], [ -54.58462556945409, -26.457377560522502 ], [ -54.575850263140978, -26.45804357790945 ], [ -54.592154810759155, -26.470646597227301 ], [ -54.583267044448405, -26.48343665399608 ], [ -54.581744089092183, -26.486325107187724 ], [ -54.580081250182502, -26.485751583424531 ], [ -54.58172890269509, -26.486362921219381 ], [ -54.581051767792815, -26.488997760409973 ], [ -54.586159057712848, -26.491536538609864 ], [ -54.5829819032366, -26.497023253724308 ], [ -54.585036542831062, -26.501588448283314 ], [ -54.58012526408794, -26.50233848944174 ], [ -54.580086050239117, -26.502343746142401 ], [ -54.579850719229853, -26.502391523192102 ], [ -54.57996497203618, -26.506082517475647 ], [ -54.579831359849663, -26.506195019599716 ], [ -54.577434903684377, -26.509904326435162 ], [ -54.577364374597721, -26.509993869408277 ], [ -54.577313748356858, -26.510053496056003 ], [ -54.571091327659303, -26.509921283660333 ], [ -54.571029561758905, -26.509818529862741 ], [ -54.56347557251172, -26.522476440199 ], [ -54.563434317530891, -26.522538350719799 ], [ -54.562019669808535, -26.523359788070479 ], [ -54.564792240555732, -26.526459706856201 ], [ -54.560098508021213, -26.526634423024404 ], [ -54.564750546217738, -26.526686421396505 ], [ -54.564788324773474, -26.526700072624237 ], [ -54.567672675691824, -26.526740444901634 ], [ -54.567854082312124, -26.526796048106519 ], [ -54.570981188618418, -26.527816493336104 ], [ -54.573249981620734, -26.52962952400776 ], [ -54.573316858310079, -26.529661446127534 ], [ -54.5756084481161, -26.530082159770302 ], [ -54.576581776256035, -26.530260850743332 ], [ -54.576899930830677, -26.542981484647612 ], [ -54.566741448006042, -26.548825204086882 ], [ -54.568587162924189, -26.540332617170236 ], [ -54.564745150009855, -26.541552292771655 ], [ -54.561851497241264, -26.542470904186928 ], [ -54.561745198678352, -26.53818362945492 ], [ -54.559439899629183, -26.537350612903538 ], [ -54.557481789583278, -26.539594984906103 ], [ -54.556374976460518, -26.537203227287478 ], [ -54.555735157439983, -26.5357655085744 ], [ -54.555040159161308, -26.535691588284692 ], [ -54.555205527611008, -26.535503508356328 ], [ -54.554837548303112, -26.535772452680874 ], [ -54.555039368527105, -26.53569163032796 ], [ -54.555652724320964, -26.5374848956086 ], [ -54.553482059780492, -26.537707119786546 ], [ -54.55163303355863, -26.547372199719689 ], [ -54.54964944705182, -26.548131001854927 ], [ -54.549677083977826, -26.551926045370976 ], [ -54.549620936872088, -26.556558930774202 ], [ -54.549593159780443, -26.556586048436657 ], [ -54.546346600929724, -26.560388205138736 ], [ -54.549767019344358, -26.556849425819848 ], [ -54.555854223803578, -26.556972259349493 ], [ -54.556514190266057, -26.565296958770148 ], [ -54.559866821591299, -26.566478640932587 ], [ -54.560338694704001, -26.565590772606242 ], [ -54.55891156640746, -26.564152282280645 ], [ -54.55889633772, -26.564116177093524 ], [ -54.558881549707962, -26.564079889187042 ], [ -54.572799817715236, -26.556440214972554 ], [ -54.574977572984665, -26.558328841790001 ], [ -54.575729673827709, -26.570537913100679 ], [ -54.57572223418947, -26.570588263414152 ], [ -54.575665911004137, -26.570694240150374 ], [ -54.57081647334951, -26.58277530955354 ], [ -54.564413684179613, -26.58523345550077 ], [ -54.564326216303471, -26.586051613518805 ], [ -54.563168956790207, -26.589943829482138 ], [ -54.557498051648622, -26.588782155290971 ], [ -54.558400586988796, -26.591781528669458 ], [ -54.558414753070792, -26.591817955421732 ], [ -54.557550708502902, -26.593526205417675 ], [ -54.559651842037795, -26.594760091164233 ], [ -54.563240642155563, -26.59014283954798 ], [ -54.563313211958359, -26.590118421780971 ], [ -54.568739971548325, -26.601155082457694 ], [ -54.56875631433752, -26.601210797667932 ], [ -54.569661670613414, -26.613190849662374 ], [ -54.565260630838395, -26.613863029119273 ], [ -54.565383217281351, -26.615706133273875 ], [ -54.570126405349356, -26.617126252310243 ], [ -54.567113301319068, -26.619267896991005 ], [ -54.56702349623248, -26.619889265572056 ], [ -54.569825527755995, -26.649811476505761 ], [ -54.559732705105489, -26.655803605900473 ], [ -54.563894367888167, -26.663485384209139 ], [ -54.563892733795797, -26.663501379893205 ], [ -54.563676746380736, -26.664285714140249 ], [ -54.563952182046592, -26.664150436253578 ], [ -54.568670202096769, -26.665930052612055 ], [ -54.574318269596858, -26.676511389331608 ], [ -54.574595078755749, -26.677373833219633 ], [ -54.567855396364735, -26.683663905366132 ], [ -54.563867911920852, -26.682759871753831 ], [ -54.56308167144141, -26.679321887050946 ], [ -54.561161650437498, -26.673233542785738 ], [ -54.553838598191476, -26.676830197666163 ], [ -54.555752901922233, -26.678840052295641 ], [ -54.551528141164113, -26.679660987836712 ], [ -54.551459061227945, -26.679687794600795 ], [ -54.541913604042804, -26.676672250587103 ], [ -54.540379565328635, -26.681894361483444 ], [ -54.542732367485655, -26.685968811390865 ], [ -54.538057712980276, -26.689093963042637 ], [ -54.53969490245953, -26.693502325252837 ], [ -54.542054512242828, -26.692139015207545 ], [ -54.542464575124256, -26.693178580241067 ], [ -54.543568921325857, -26.692069280749763 ], [ -54.544470390420088, -26.691163769320667 ], [ -54.544896263438091, -26.690735987076891 ], [ -54.545393864166385, -26.690283218222646 ], [ -54.551406137457036, -26.691997273996606 ], [ -54.551634265382518, -26.692042045156086 ], [ -54.557431191222804, -26.69368518323455 ], [ -54.55165614041681, -26.699399735978204 ], [ -54.5500667804871, -26.697403366293713 ], [ -54.545884005109826, -26.696582477298193 ], [ -54.547544736470002, -26.698559736888797 ], [ -54.547679216256938, -26.698679805413974 ], [ -54.547717576290836, -26.698687754725142 ], [ -54.551714959524816, -26.699606125662115 ], [ -54.552214900261049, -26.70467471273713 ], [ -54.559068291406163, -26.704217341021206 ], [ -54.559459918285256, -26.704342898307004 ], [ -54.562052877434951, -26.707877933251496 ], [ -54.563037731308611, -26.707874598171088 ], [ -54.564473673632506, -26.706980517661293 ], [ -54.566335042371463, -26.706543044154557 ], [ -54.566411681896398, -26.706535489118323 ], [ -54.568933069209493, -26.706612300723009 ], [ -54.569004745521283, -26.706761337055468 ], [ -54.569083234542177, -26.706764212772839 ], [ -54.569830188606204, -26.706855611977005 ], [ -54.569869300511755, -26.706857044977141 ], [ -54.572972461283825, -26.706589216640111 ], [ -54.566433025863091, -26.69942437454273 ], [ -54.57052802096382, -26.693576324886465 ], [ -54.575293981348636, -26.693267518954883 ], [ -54.575361514632675, -26.693257179909779 ], [ -54.584659450677123, -26.700606690887469 ], [ -54.593720942313212, -26.721502735014838 ], [ -54.571716471223226, -26.725870699772827 ], [ -54.569584570199595, -26.728529894826409 ], [ -54.576649681139088, -26.73227356098613 ], [ -54.572786446123018, -26.739780327927349 ], [ -54.565582582999753, -26.750767763883346 ], [ -54.560473794435666, -26.77278636906027 ], [ -54.566499845389558, -26.778482697337267 ], [ -54.57008310179998, -26.779152794440733 ], [ -54.573545405408481, -26.783419270644288 ], [ -54.573506304781745, -26.783485616551445 ], [ -54.57351993319935, -26.78367706195678 ], [ -54.570683529236192, -26.787586652141499 ], [ -54.572514564839764, -26.788144302798173 ], [ -54.573562207548719, -26.783689936812152 ], [ -54.573601308175455, -26.783623590904995 ], [ -54.588107250990276, -26.779351114111137 ], [ -54.595229596682657, -26.791500854090373 ], [ -54.59276330276947, -26.809746969315142 ], [ -54.591568340614913, -26.814615118967254 ], [ -54.591755837381697, -26.815094742012946 ], [ -54.586839904304384, -26.824467100297625 ], [ -54.60155885403492, -26.824338694062476 ], [ -54.601586886276209, -26.824365530541911 ], [ -54.594647283000711, -26.83976496519648 ], [ -54.595246465339073, -26.843273651220443 ], [ -54.599168860006955, -26.844375102493302 ], [ -54.601506490842894, -26.841055057129211 ], [ -54.603492685183539, -26.841094888884015 ], [ -54.603178851643577, -26.851577469199583 ], [ -54.603111565577422, -26.85161159078649 ], [ -54.600113909255356, -26.854205006782593 ], [ -54.600083539714774, -26.854229740482026 ], [ -54.600040236058021, -26.854217580342095 ], [ -54.597612021317161, -26.856091509544854 ], [ -54.602327889373043, -26.856017389245096 ], [ -54.604098119021103, -26.854769583401378 ], [ -54.607154235089808, -26.854724427219821 ], [ -54.609472582046351, -26.850346121075063 ], [ -54.609539457505946, -26.850358707777445 ], [ -54.612383086000477, -26.852336002481934 ], [ -54.616791538632754, -26.863986994991251 ], [ -54.616074483738714, -26.864181308999093 ], [ -54.599758456603752, -26.871957626798462 ], [ -54.598369484863554, -26.873406207860512 ], [ -54.595029547641388, -26.872635456447313 ], [ -54.594965368612804, -26.872621175131201 ], [ -54.591979093278042, -26.865779428387384 ], [ -54.593552055458758, -26.865198889243857 ], [ -54.593119895152881, -26.861956365849892 ], [ -54.587684793834171, -26.860381082076799 ], [ -54.587367970451282, -26.862885864190957 ], [ -54.58344229681677, -26.859021124840297 ], [ -54.581983660888909, -26.859628549524075 ], [ -54.581155208754637, -26.857994248362388 ], [ -54.572079852911884, -26.858883591593553 ], [ -54.57209658831988, -26.858810226413709 ], [ -54.572127900619819, -26.858716832033849 ], [ -54.572118942632585, -26.858713546267097 ], [ -54.572405240517355, -26.857011349414108 ], [ -54.570678431563067, -26.859032992446714 ], [ -54.568688985858785, -26.860527626711075 ], [ -54.552962120147015, -26.864227066205899 ], [ -54.558371454424503, -26.871651779670231 ], [ -54.548284147025697, -26.880955720803286 ], [ -54.545934230108287, -26.882436998252444 ], [ -54.529552908267874, -26.884202646652625 ], [ -54.528054231484248, -26.879844464816983 ], [ -54.515566033620701, -26.890050151864955 ], [ -54.502914465050196, -26.878839530292225 ], [ -54.504646654001249, -26.877747639590893 ], [ -54.495603382257968, -26.875850717497713 ], [ -54.495875821935726, -26.872555963566072 ], [ -54.491557129728221, -26.874985411932016 ], [ -54.491668064242333, -26.875288357844909 ], [ -54.465914244959151, -26.874751569193961 ], [ -54.466011917203218, -26.875729309873293 ], [ -54.462773459777168, -26.878428090035413 ], [ -54.462464830694671, -26.879136136688544 ], [ -54.442675028235783, -26.878815268753556 ], [ -54.438503299883905, -26.875362368789752 ], [ -54.441207809869184, -26.868396989834253 ], [ -54.441777688445939, -26.860319951614144 ], [ -54.44481899865184, -26.860076617507673 ], [ -54.442118239800266, -26.857575291648516 ], [ -54.439492438181617, -26.855143385358929 ], [ -54.443273684104327, -26.8524134806039 ], [ -54.443685263738701, -26.848607933551193 ], [ -54.440594602364058, -26.840250799682735 ], [ -54.434517578390341, -26.839961661823111 ], [ -54.430387372196378, -26.841074350365034 ], [ -54.428744808472572, -26.843753531000687 ], [ -54.429987316922677, -26.841075852176857 ], [ -54.425639542687122, -26.838525569143144 ], [ -54.424569447878582, -26.839837844151702 ], [ -54.426872001335198, -26.840952166809302 ], [ -54.426916984616071, -26.841016099814851 ], [ -54.425947924169577, -26.845648071521225 ], [ -54.409208173843695, -26.850454511177475 ], [ -54.407682691819787, -26.85083863131797 ], [ -54.395782940546098, -26.85434491436996 ], [ -54.394040041644985, -26.847506002960699 ], [ -54.388776604493955, -26.846875719048001 ], [ -54.382001664826362, -26.843414145228223 ], [ -54.382000362212011, -26.843459512943753 ], [ -54.381934875685658, -26.843455665430156 ], [ -54.381236490554443, -26.8438679282973 ], [ -54.38123489911402, -26.84396019290358 ], [ -54.381166745233088, -26.843997883095255 ], [ -54.37787332244244, -26.843629690364082 ], [ -54.377837489529611, -26.843625472616964 ], [ -54.374655395598325, -26.839514100046301 ], [ -54.374657322394569, -26.839402393008811 ], [ -54.377944431315257, -26.838062236183248 ], [ -54.378008880308357, -26.835817593538764 ], [ -54.370024193691108, -26.833920925355528 ], [ -54.363783424243593, -26.834280036844689 ], [ -54.352967268904649, -26.841379043582265 ], [ -54.352906437206912, -26.84133151198796 ], [ -54.350384446376609, -26.836422548883434 ], [ -54.347666404668473, -26.836020634315389 ], [ -54.349596161865975, -26.838391796800863 ], [ -54.347350144213578, -26.839817406044062 ], [ -54.352834149146588, -26.841731683404419 ], [ -54.352860924978813, -26.841759690497042 ], [ -54.353242696175073, -26.842141682446425 ], [ -54.353296386383533, -26.842197841546522 ], [ -54.354729730336658, -26.8437563498033 ], [ -54.354787340217229, -26.843807018469704 ], [ -54.353195218888061, -26.848800002811629 ], [ -54.353723495989868, -26.84952968494963 ], [ -54.357625754751325, -26.856280833825735 ], [ -54.355780991806625, -26.856012267837002 ], [ -54.355710880415529, -26.855983723062252 ], [ -54.355628382575048, -26.856123687267029 ], [ -54.350455093737651, -26.855132042051025 ], [ -54.350467548986842, -26.855054773559175 ], [ -54.350415103852015, -26.85511921695155 ], [ -54.35037104088542, -26.855198465955823 ], [ -54.35045505949995, -26.855132093028033 ], [ -54.355625909617572, -26.856127369291585 ], [ -54.357095071774381, -26.862349812184959 ], [ -54.357087026615432, -26.862428326362021 ], [ -54.355688742499865, -26.868726990376956 ], [ -54.355637838635346, -26.869492938705491 ], [ -54.355049908369381, -26.87538903394784 ], [ -54.348664684736491, -26.881552405991499 ], [ -54.353220986754252, -26.881406177875817 ], [ -54.355633710180257, -26.881757317970084 ], [ -54.355709358693559, -26.881778316833106 ], [ -54.360219764869612, -26.883300977003898 ], [ -54.360295330410963, -26.883310272576409 ], [ -54.365875137472699, -26.885250385707366 ], [ -54.368664919654861, -26.890961479504085 ], [ -54.363901521516254, -26.899779308044515 ], [ -54.356794308675717, -26.896024855940425 ], [ -54.353054953280491, -26.900121527996589 ], [ -54.355675257029588, -26.902758874635992 ], [ -54.360131512645069, -26.907429171690126 ], [ -54.353651243195884, -26.913077151503046 ], [ -54.353552100630282, -26.912977185120496 ], [ -54.347207728910632, -26.915915935684211 ], [ -54.347119679503692, -26.916088117858237 ], [ -54.347083378982859, -26.916102849073297 ], [ -54.344809134203615, -26.916195984737385 ], [ -54.345238285194171, -26.918072117194072 ], [ -54.351106415138361, -26.921194769292924 ], [ -54.3511160151985, -26.921297282989997 ], [ -54.346272429768078, -26.929108345050622 ], [ -54.345422841920254, -26.93080275781773 ], [ -54.348039661959774, -26.937525199316099 ], [ -54.348044101159246, -26.937545629322244 ], [ -54.35028348159949, -26.953269090659887 ], [ -54.35430013392488, -26.955438308182636 ], [ -54.354285809107182, -26.955474745851063 ], [ -54.352159782976742, -26.957403232779825 ], [ -54.356943185907198, -26.95610285248506 ], [ -54.356929310482769, -26.955740570027615 ], [ -54.354375327272408, -26.955466063855624 ], [ -54.356783384620257, -26.949527420514698 ], [ -54.359369564469205, -26.948903079238221 ], [ -54.359443740567713, -26.948901698611166 ], [ -54.359573797687972, -26.948952490465956 ], [ -54.362618185491954, -26.948489430286372 ], [ -54.359561611480729, -26.956773472148882 ], [ -54.361148198290607, -26.957800582231528 ], [ -54.360384651323329, -26.95869695967491 ], [ -54.36013880105935, -26.962558191935443 ], [ -54.36202356723993, -26.961153428956777 ], [ -54.362095172981697, -26.961149382398673 ], [ -54.362949921458664, -26.958838413687886 ], [ -54.372144474330184, -26.957779051073828 ], [ -54.372198060923665, -26.95783498571916 ], [ -54.372496142128909, -26.961855744899083 ], [ -54.376600091742432, -26.961178275818042 ], [ -54.376593276560811, -26.960495295739179 ], [ -54.374251354457499, -26.959804035388629 ], [ -54.375967203285427, -26.957174180663401 ], [ -54.385408378342277, -26.957962508495257 ], [ -54.385414471203603, -26.957972332575991 ], [ -54.385415444942055, -26.958069915299916 ], [ -54.386393887196789, -26.960616794530267 ], [ -54.382140793581755, -26.971096902419958 ], [ -54.382079148813148, -26.971107610249078 ], [ -54.374515238729487, -26.974649274466628 ], [ -54.373873283489047, -26.974757339036557 ], [ -54.371951553463873, -26.97486593915869 ], [ -54.364327827065949, -26.978699334809903 ], [ -54.363089667069289, -26.980516244790408 ], [ -54.363040581405926, -26.980560091468021 ], [ -54.349287139769785, -26.978628651145925 ], [ -54.345388416031085, -26.987296521017925 ], [ -54.345409737465218, -26.986774027774288 ], [ -54.343342062301872, -26.990438220879071 ], [ -54.343179781337483, -26.989691374272468 ], [ -54.342241564486869, -26.986152680079499 ], [ -54.343037901315427, -26.992161085840962 ], [ -54.34307586081286, -26.992015689299649 ], [ -54.342337784604695, -27.000763352040224 ], [ -54.341163763894087, -27.005161476012518 ], [ -54.34084426527977, -27.012499552015015 ], [ -54.34472167575575, -27.013708247083855 ], [ -54.34171011672214, -27.019731673733247 ], [ -54.346150561694571, -27.022036312518708 ], [ -54.347633715468874, -27.018847401248991 ], [ -54.357299526556289, -27.025572792689388 ], [ -54.357275772552271, -27.025646385806169 ], [ -54.348388295926611, -27.03069386868998 ], [ -54.352097308616067, -27.036334245823411 ], [ -54.35906959631825, -27.034970005983837 ], [ -54.36006510993667, -27.041557996849463 ], [ -54.359183768864682, -27.048927719543713 ], [ -54.353039045252274, -27.056261426165236 ], [ -54.346811754265389, -27.057968098588731 ], [ -54.346432002203528, -27.057390601279906 ], [ -54.345757171912737, -27.056281272561421 ], [ -54.344159987344142, -27.062115969143861 ], [ -54.344903283356814, -27.06185830458827 ], [ -54.339919582434391, -27.074714496814977 ], [ -54.33809154849547, -27.077631495621404 ], [ -54.337074716864038, -27.078045495414415 ], [ -54.333226848945912, -27.074798973078032 ], [ -54.330596252583746, -27.076965233492388 ], [ -54.330527627141521, -27.076989022593466 ], [ -54.325960847882129, -27.077312716836616 ], [ -54.318233663832302, -27.089601400220204 ], [ -54.317749783995282, -27.093022400063603 ], [ -54.322240292777167, -27.096749128116869 ], [ -54.318281524827285, -27.102330296779371 ], [ -54.319658774206971, -27.105591519339555 ], [ -54.319038562521314, -27.107911974556089 ], [ -54.316718658311231, -27.110306432432935 ], [ -54.320092181157463, -27.115164474442395 ], [ -54.31845139675346, -27.115620401517504 ], [ -54.318414154090192, -27.115632091863631 ], [ -54.315082662945201, -27.114385199079322 ], [ -54.318421133819015, -27.115791942924375 ], [ -54.318456497434511, -27.115808468506714 ], [ -54.317188674235013, -27.121548554714479 ], [ -54.317598889793089, -27.123357232191324 ], [ -54.32658927044065, -27.125753474431974 ], [ -54.326772758253526, -27.126013826836584 ], [ -54.326776869477044, -27.125831365323108 ], [ -54.333281227473719, -27.129846118906244 ], [ -54.338000565236541, -27.125227169001164 ], [ -54.336291096308344, -27.120973502241043 ], [ -54.332727631732268, -27.122294888995782 ], [ -54.331459502480527, -27.118507712682515 ], [ -54.331449884636868, -27.118434885976171 ], [ -54.331798693703831, -27.115311882608353 ], [ -54.338887414996123, -27.112154447544015 ], [ -54.341790303306254, -27.114728552318752 ], [ -54.343690849615484, -27.121574039731399 ], [ -54.34384241012566, -27.121951167325619 ], [ -54.344127319356801, -27.134217403602918 ], [ -54.343926927722691, -27.134413625801415 ], [ -54.338483228719497, -27.138479891975408 ], [ -54.338482463772323, -27.138513841335964 ], [ -54.333011930206453, -27.145156380928199 ], [ -54.340579916385252, -27.144458638391939 ], [ -54.34058258244329, -27.14445680600727 ], [ -54.340619130847074, -27.144444795443349 ], [ -54.340814242828344, -27.144198080033846 ], [ -54.347837768481668, -27.142089754980987 ], [ -54.347907174124146, -27.142062393577021 ], [ -54.34943178263859, -27.148321835255047 ], [ -54.352431372185833, -27.152042618040639 ], [ -54.352220489024319, -27.15230927580933 ], [ -54.342623347531969, -27.157175485098549 ], [ -54.342552590522814, -27.156981077674402 ], [ -54.342459980584067, -27.157044728591131 ], [ -54.342623285488003, -27.157175527741515 ], [ -54.342620017732429, -27.15718449392449 ], [ -54.347884006128709, -27.169661902875418 ], [ -54.337574167105402, -27.170616153088417 ], [ -54.337673625165678, -27.182485920747865 ], [ -54.345973593491465, -27.185909040334025 ], [ -54.34598378878735, -27.185946639722431 ], [ -54.346223185357303, -27.193080887471979 ], [ -54.349958847316657, -27.187849685212427 ], [ -54.361017302609696, -27.17899948391937 ], [ -54.363329382763709, -27.171565132362787 ], [ -54.358612320491716, -27.163116685773446 ], [ -54.36406908076458, -27.162543131237555 ], [ -54.364131537824107, -27.162563152789119 ], [ -54.370778146787586, -27.168253824460578 ], [ -54.37066542238631, -27.168619564669882 ], [ -54.378553464690356, -27.169603195324441 ], [ -54.378922186738748, -27.169565161318872 ], [ -54.38210595119898, -27.171307863500317 ], [ -54.386010166166329, -27.176427123972985 ], [ -54.392183838559959, -27.175825346354316 ], [ -54.388360690090167, -27.169204899317663 ], [ -54.386916706245017, -27.165423914854387 ], [ -54.386895020557745, -27.155715788741759 ], [ -54.388165915325203, -27.154396188527699 ], [ -54.38821511482621, -27.154337838637161 ], [ -54.397442465337633, -27.154413763335185 ], [ -54.398572989389322, -27.157930462120135 ], [ -54.401573625882577, -27.156213975230571 ], [ -54.401967385398223, -27.156147897208484 ], [ -54.406972494567583, -27.157961362748608 ], [ -54.408777117945931, -27.159768464628542 ], [ -54.409440429996152, -27.157459445460177 ], [ -54.411339945325494, -27.160425607067168 ], [ -54.413311116105547, -27.157348728641239 ], [ -54.41007278464258, -27.155097922700691 ], [ -54.410134045437189, -27.15506968051892 ], [ -54.410853703633961, -27.14498062306501 ], [ -54.422236673277894, -27.149918082780061 ], [ -54.420402446238768, -27.154097323536348 ], [ -54.420650657667352, -27.154093222031292 ], [ -54.420651705761998, -27.154095792783608 ], [ -54.423322096623508, -27.155491150886974 ], [ -54.42169022714387, -27.15723248378788 ], [ -54.424078978382113, -27.157773491510738 ], [ -54.423377990670872, -27.155553796630784 ], [ -54.423380417992576, -27.155477374354973 ], [ -54.423470254769882, -27.155427067697531 ], [ -54.42275661516851, -27.149903581571039 ], [ -54.432849938363972, -27.147935143814607 ], [ -54.435331235413855, -27.149344473913345 ], [ -54.43121504831629, -27.153804849899586 ], [ -54.43259987764776, -27.154680710419257 ], [ -54.432701634086754, -27.154716939497462 ], [ -54.432740881499456, -27.154719027360613 ], [ -54.433656721106047, -27.154795952540439 ], [ -54.433734969874365, -27.154797102536975 ], [ -54.433748800548585, -27.154783082631297 ], [ -54.443665658453142, -27.154806851828994 ], [ -54.440286653257942, -27.162739624723486 ], [ -54.438894297185243, -27.16136521581177 ], [ -54.437668675372265, -27.162607606601796 ], [ -54.440520836647067, -27.165019602453128 ], [ -54.455811540934121, -27.164154925987589 ], [ -54.456670947917587, -27.171384843269891 ], [ -54.456545066472927, -27.173183763305474 ], [ -54.456896934647261, -27.173683111725609 ], [ -54.455175211667893, -27.178136834836266 ], [ -54.451664581019998, -27.180736133407663 ], [ -54.451482107757215, -27.180593652138668 ], [ -54.45140215252809, -27.180875749945642 ], [ -54.451639422582105, -27.180760651707146 ], [ -54.451671239140296, -27.180737134053174 ], [ -54.458968533298048, -27.181714087515672 ], [ -54.459010838107929, -27.181059617211304 ], [ -54.455827867517769, -27.178202139964242 ], [ -54.455890918153955, -27.177678119079928 ], [ -54.461591915704958, -27.175871970124376 ], [ -54.465623664481427, -27.17673296772648 ], [ -54.467686526143893, -27.166999461696435 ], [ -54.467758351373561, -27.166994488085606 ], [ -54.467834660524204, -27.166977643884877 ], [ -54.471216568824445, -27.176305309813586 ], [ -54.482530393401817, -27.176164554769286 ], [ -54.493057538263258, -27.179254567692567 ], [ -54.517322727031797, -27.199682618052123 ], [ -54.518152846445162, -27.200775812698225 ], [ -54.51968158145155, -27.201589279311122 ], [ -54.527113671521136, -27.217193826408561 ], [ -54.527136404273563, -27.217215894932167 ], [ -54.527340912432578, -27.217468991864848 ], [ -54.528062123155905, -27.217857739044973 ], [ -54.529008637496929, -27.216202841538916 ], [ -54.530023492509599, -27.215745484344666 ], [ -54.532449956159041, -27.215211872530574 ], [ -54.532384397360147, -27.215046865627755 ], [ -54.537489550725979, -27.212869217410628 ], [ -54.542091310478668, -27.211894258598647 ], [ -54.542165520605806, -27.21189629631175 ], [ -54.543459248813463, -27.212239660706018 ], [ -54.543533411230896, -27.212261304320293 ], [ -54.542347146259942, -27.217123634512063 ], [ -54.544261050383398, -27.22194894251146 ], [ -54.550492731604947, -27.224393231123258 ], [ -54.551350568404928, -27.220956860493061 ], [ -54.563970969143895, -27.220428298963668 ], [ -54.568188962110241, -27.222005759796218 ], [ -54.57893610814881, -27.248755791325436 ], [ -54.523451106467178, -27.265851733823467 ], [ -54.523295519796932, -27.265790788311165 ], [ -54.519773761662236, -27.264782859433126 ], [ -54.51746558618072, -27.268492881704731 ], [ -54.517427772440215, -27.268504287401754 ], [ -54.516766779746035, -27.268736179210919 ], [ -54.517393230587743, -27.26915564594691 ], [ -54.520166685069455, -27.270421405870536 ], [ -54.513319769575958, -27.280037627262686 ], [ -54.513263499320942, -27.279999949126363 ], [ -54.512386302042557, -27.280112754534457 ], [ -54.500700544098038, -27.278446277304397 ], [ -54.502196771557408, -27.267733784921461 ], [ -54.506898305827463, -27.269997224033432 ], [ -54.508018276773782, -27.268735268076341 ], [ -54.507570153775362, -27.263966696976297 ], [ -54.502471329419336, -27.264436673205182 ], [ -54.501013753446102, -27.254700464866232 ], [ -54.495777200542818, -27.248219767547539 ], [ -54.484788454899274, -27.249115062167675 ], [ -54.483602363540001, -27.248483922227365 ], [ -54.467842029288647, -27.238697352056931 ], [ -54.471440201870223, -27.235234431888443 ], [ -54.458289445820071, -27.217979690698542 ], [ -54.444710057140242, -27.231271705104234 ], [ -54.444326793900586, -27.231499178923741 ], [ -54.436409753660655, -27.236553217043308 ], [ -54.431774033523652, -27.233597058371345 ], [ -54.429007929011277, -27.234883305365031 ], [ -54.430780199334492, -27.237484400910034 ], [ -54.436380003267686, -27.236669584511503 ], [ -54.439716059705859, -27.241754887082266 ], [ -54.441305049935295, -27.247781924330411 ], [ -54.440380719637687, -27.249178502785867 ], [ -54.438827924585212, -27.258399860828092 ], [ -54.43390046068572, -27.263996175404884 ], [ -54.433930756003576, -27.264096935705084 ], [ -54.436723444126017, -27.271187054796599 ], [ -54.436465132590456, -27.276142437206943 ], [ -54.419878003009728, -27.273646232677379 ], [ -54.422729393527845, -27.268455612146454 ], [ -54.419919226800175, -27.266647761658305 ], [ -54.419880141569763, -27.266517766667903 ], [ -54.416255787399166, -27.260467895909585 ], [ -54.418811201426479, -27.255492208919406 ], [ -54.414529386521281, -27.251669179604789 ], [ -54.416447400370885, -27.250826415864196 ], [ -54.416160425821715, -27.249872139705417 ], [ -54.415187960319543, -27.250797083574469 ], [ -54.415160672948502, -27.250825534707474 ], [ -54.414624814413173, -27.251344640780076 ], [ -54.414576748890056, -27.251406337293417 ], [ -54.414467561866104, -27.251626974248666 ], [ -54.414425773004211, -27.251693752237429 ], [ -54.413378357027682, -27.253136684299704 ], [ -54.413416999746573, -27.253165795524581 ], [ -54.413392506450748, -27.253237684976966 ], [ -54.41318149003547, -27.254598678614627 ], [ -54.411400372158198, -27.258642164607863 ], [ -54.411360171638307, -27.258705352710706 ], [ -54.407730591229893, -27.262268360157407 ], [ -54.407680563326949, -27.262324144261299 ], [ -54.405012799317319, -27.265275102332453 ], [ -54.399671844311683, -27.257372936289016 ], [ -54.397113472730439, -27.25543267902782 ], [ -54.38782798561914, -27.264848856675485 ], [ -54.387249155012739, -27.26414075142975 ], [ -54.360062946091091, -27.267480247893104 ], [ -54.345266697782733, -27.269950921161012 ], [ -54.343719174322416, -27.27027021837182 ], [ -54.335689151067299, -27.27805923924393 ], [ -54.337563112219925, -27.280028746228368 ], [ -54.328323418657874, -27.287147654349326 ], [ -54.328299840966338, -27.287174522925568 ], [ -54.328997952408486, -27.288430841404079 ], [ -54.329693861246369, -27.289686720542818 ], [ -54.330644316681344, -27.290972803195814 ], [ -54.330666783263098, -27.291040764898469 ], [ -54.330766767241926, -27.293319248290288 ], [ -54.322397770022178, -27.317428806277576 ], [ -54.303400786364193, -27.316993486609078 ], [ -54.30142309066332, -27.314708533915564 ], [ -54.301362801359801, -27.314666746764829 ], [ -54.29996265433067, -27.309670534243594 ], [ -54.294511680843868, -27.307618135173982 ], [ -54.29142936104256, -27.304956993259054 ], [ -54.291371254642002, -27.304903967734276 ], [ -54.293625252352967, -27.298164361977342 ], [ -54.292109700400772, -27.296670433390659 ], [ -54.286268006140801, -27.299943528043457 ], [ -54.287152393980023, -27.286778681613839 ], [ -54.267618296837611, -27.286046990686089 ], [ -54.262229311392787, -27.290383656086817 ], [ -54.262190434310526, -27.290377118020729 ], [ -54.262150579428351, -27.290389878700353 ], [ -54.262113055489294, -27.290401967034597 ], [ -54.261296839810598, -27.29067442295775 ], [ -54.26122152309955, -27.290698686230655 ], [ -54.258693748343603, -27.288874491018021 ], [ -54.255007503488855, -27.291386801363899 ], [ -54.254930631551929, -27.291381548224649 ], [ -54.254838828138418, -27.291223905546701 ], [ -54.254685896940771, -27.291284330229416 ], [ -54.249748377158312, -27.290567734726096 ], [ -54.245000557167202, -27.289878670862777 ], [ -54.249137093669958, -27.285012916386734 ], [ -54.251760332181448, -27.281481049986439 ], [ -54.25181333035664, -27.281460109864554 ], [ -54.255110881641258, -27.282635771093169 ], [ -54.259200567061896, -27.272858901611585 ], [ -54.269178787980309, -27.267833370090386 ], [ -54.256879220683913, -27.267874812591799 ], [ -54.250047853632225, -27.26814933009058 ], [ -54.251406806068871, -27.26671460470277 ], [ -54.251069356610117, -27.265718970136049 ], [ -54.24890051206188, -27.26787932541373 ], [ -54.249488610394224, -27.268221497775471 ], [ -54.249810482843998, -27.268207811465004 ], [ -54.242772145602487, -27.271347334990026 ], [ -54.241392706692125, -27.274812068683843 ], [ -54.238973901837142, -27.272727114361771 ], [ -54.235121524095234, -27.273750523208605 ], [ -54.234496792502114, -27.273639703581694 ], [ -54.234526310986041, -27.273834575081196 ], [ -54.234525121447973, -27.273835242154576 ], [ -54.234187308367893, -27.273808992827242 ], [ -54.233497551824996, -27.27404969496763 ], [ -54.235183223486615, -27.274104352441555 ], [ -54.237034989492031, -27.28171705602125 ], [ -54.233346240566902, -27.28371211642559 ], [ -54.233277867491154, -27.283730425113845 ], [ -54.227852292318403, -27.283889312029089 ], [ -54.224308651634544, -27.277429304877217 ], [ -54.224164071994323, -27.277411099438382 ], [ -54.227733949267474, -27.273326320879164 ], [ -54.2274902184148, -27.273236139796552 ], [ -54.227447606675071, -27.273343033987032 ], [ -54.226019274097155, -27.273474082960661 ], [ -54.225603562770743, -27.273366791536034 ], [ -54.225528025899223, -27.273344309906236 ], [ -54.223631188994375, -27.272128268148549 ], [ -54.221254692624086, -27.276758944928872 ], [ -54.221303815958834, -27.27994062466712 ], [ -54.212193452015754, -27.283362318903244 ], [ -54.21120593272434, -27.28331796136365 ], [ -54.203999697066365, -27.285523606680272 ], [ -54.203926787599187, -27.285502179077923 ], [ -54.202031433785919, -27.284370919146738 ], [ -54.200786067873196, -27.282693421570514 ], [ -54.203587912684554, -27.275975923261569 ], [ -54.195405329704215, -27.263478586585791 ], [ -54.195794918721106, -27.263403661593827 ], [ -54.195113438162196, -27.263007156792582 ], [ -54.189673559595406, -27.254722905736401 ], [ -54.189657422358323, -27.254687057627223 ], [ -54.18893349312026, -27.253056920362496 ], [ -54.188654929518805, -27.25318574793215 ], [ -54.188623749455246, -27.25311449894383 ], [ -54.188600835711725, -27.253020927408954 ], [ -54.188591489501164, -27.252982554139862 ], [ -54.188625938676012, -27.252387610357971 ], [ -54.188660479514681, -27.251791085998661 ], [ -54.188625270983891, -27.252387164384857 ], [ -54.188424942951599, -27.252708674302198 ], [ -54.188624128526044, -27.253177169678111 ], [ -54.188645965977116, -27.253210060169522 ], [ -54.189616173933473, -27.254721565583168 ], [ -54.189654056228392, -27.254790165025554 ], [ -54.189678829395177, -27.254779009727827 ], [ -54.190930403316315, -27.257597988431428 ], [ -54.189425887172263, -27.259546199962642 ], [ -54.186031369898956, -27.261105568252844 ], [ -54.189356266965319, -27.266440689159538 ], [ -54.188675848226637, -27.266554248436364 ], [ -54.19240395020347, -27.272128679721277 ], [ -54.192240188211088, -27.277284361246018 ], [ -54.19328256953338, -27.279430802586035 ], [ -54.19340070092062, -27.280138549074309 ], [ -54.192908261802529, -27.286362855471623 ], [ -54.192879114296147, -27.289323202823766 ], [ -54.193813182999975, -27.291540960999896 ], [ -54.193487126999912, -27.292352929 ], [ -54.19347995499993, -27.294776907000028 ], [ -54.192344008999896, -27.298003931999858 ], [ -54.192151420999949, -27.298551042999918 ], [ -54.191552910999917, -27.303299159999938 ], [ -54.191942717000018, -27.305524276000028 ], [ -54.192565992999903, -27.307589446 ], [ -54.192582389999814, -27.308833462999985 ], [ -54.193465715, -27.309963463999964 ], [ -54.193992306028576, -27.311004355848695 ], [ -54.19871697400248, -27.315893986548474 ], [ -54.198752191750657, -27.315959114773193 ], [ -54.198765314956404, -27.318903632191507 ], [ -54.19967494999986, -27.32026610499986 ], [ -54.200615847999984, -27.322253730999989 ], [ -54.202359371999819, -27.324680420999869 ], [ -54.203566092000017, -27.326352401999827 ], [ -54.205172909999931, -27.32873543300002 ], [ -54.20734982, -27.33199177299997 ], [ -54.208255619999989, -27.334582182999895 ], [ -54.208664073000023, -27.337207379999938 ], [ -54.210200651999969, -27.341145863999941 ], [ -54.210275647999879, -27.341741846999867 ], [ -54.211775315999887, -27.346206323999866 ], [ -54.21229857599991, -27.349497768999981 ], [ -54.212699734999887, -27.351647477999848 ], [ -54.213242611999874, -27.354034738999928 ], [ -54.213470957000027, -27.356590279999807 ], [ -54.213726394999924, -27.359929551999983 ], [ -54.213395114999969, -27.364419286999919 ], [ -54.213108340999952, -27.366506495999886 ], [ -54.213001386999906, -27.367284934999986 ], [ -54.212867116999973, -27.36871948899983 ], [ -54.212604595000016, -27.370629915999984 ], [ -54.212206084, -27.372419673000024 ], [ -54.212162477999868, -27.373075545999939 ], [ -54.212482870999906, -27.376004586999898 ], [ -54.212751033999893, -27.377554311999859 ], [ -54.212806761999957, -27.377948599999968 ], [ -54.214204805349084, -27.381195605756545 ], [ -54.219456765874043, -27.387099133290803 ], [ -54.220678160287548, -27.388421539226044 ], [ -54.220805886091341, -27.3886178734179 ], [ -54.221332925999945, -27.388881571999889 ], [ -54.223325978, -27.389388897999936 ], [ -54.224581458999864, -27.390148886999839 ], [ -54.225079165999944, -27.390450166999983 ], [ -54.229106511, -27.392224508999902 ], [ -54.23058432199997, -27.392714240999908 ], [ -54.23151996699994, -27.392673429000013 ], [ -54.234996136999882, -27.392966447999925 ], [ -54.240253323999923, -27.392957493999972 ], [ -54.24287487700002, -27.393024785000023 ], [ -54.244480896000027, -27.392781282999863 ], [ -54.247022879999861, -27.393018244000018 ], [ -54.247399310999924, -27.393034467999939 ], [ -54.249695058999976, -27.393133415999955 ], [ -54.250591814000018, -27.393385114000012 ], [ -54.252642176999927, -27.393960602999925 ], [ -54.255321085999981, -27.394687220999913 ], [ -54.257089522999934, -27.395166885999913 ], [ -54.258191941, -27.395718544999909 ], [ -54.260341767999989, -27.396723805999841 ], [ -54.262316493999947, -27.398291676999804 ], [ -54.263134340999954, -27.398914746999935 ], [ -54.266142585999887, -27.402871387999937 ], [ -54.266993777999971, -27.407004472999859 ], [ -54.267957573999865, -27.409996131999947 ], [ -54.268749335999928, -27.412363299999868 ], [ -54.269017157999883, -27.413552920999905 ], [ -54.269410575999927, -27.415300413999887 ], [ -54.269732169999884, -27.417902490999893 ], [ -54.269823712999823, -27.418643185999883 ], [ -54.27022861699993, -27.421679739999888 ], [ -54.269535717999986, -27.425597758999857 ], [ -54.269303939999986, -27.426404632000015 ], [ -54.267436150999913, -27.428675631999965 ], [ -54.267382794621938, -27.428961207254531 ], [ -54.269411242734407, -27.431047573898695 ], [ -54.269733596243384, -27.432825952078247 ], [ -54.271531948385245, -27.436088955722994 ], [ -54.272840902106395, -27.439231124182356 ], [ -54.272963706245946, -27.439345253651936 ], [ -54.273027118524055, -27.439395866753671 ], [ -54.283022756362641, -27.445093769639811 ], [ -54.288367787609502, -27.444194527469904 ], [ -54.292098035798404, -27.445880345610306 ], [ -54.292123685999911, -27.445857605000015 ], [ -54.294940247999818, -27.444070377 ], [ -54.295838505999882, -27.442823580999971 ], [ -54.297997369999905, -27.439455209999892 ], [ -54.298501035000015, -27.437805216999891 ], [ -54.299699673999896, -27.435415401999933 ], [ -54.299798498999905, -27.434924494999905 ], [ -54.302852872999836, -27.429709765999917 ], [ -54.304229006000014, -27.428125244999819 ], [ -54.306763974999967, -27.425729691999948 ], [ -54.307514756999922, -27.425023064000015 ], [ -54.309433640999885, -27.423217031999968 ], [ -54.312633050999921, -27.419271846999948 ], [ -54.314368276999971, -27.417713371999866 ], [ -54.31597144, -27.415917977999925 ], [ -54.318638535999867, -27.414005539999948 ], [ -54.320906038999908, -27.411489744 ], [ -54.322376269999893, -27.410295508999866 ], [ -54.325308377999818, -27.408139536999897 ], [ -54.325681181999869, -27.407637056999988 ], [ -54.325869728999919, -27.407495373999893 ], [ -54.326066707999871, -27.407345917999862 ], [ -54.329175692999968, -27.405011122999952 ], [ -54.331970254999931, -27.403294093999818 ], [ -54.333457001, -27.402746703999924 ], [ -54.335144864999961, -27.402584341999898 ], [ -54.335997405999876, -27.40250233199987 ], [ -54.338405542999908, -27.402854767999884 ], [ -54.3401378719999, -27.404443178999941 ], [ -54.340593411999919, -27.404860873999951 ], [ -54.341223086999889, -27.406307776999938 ], [ -54.341585820999967, -27.406885229999943 ], [ -54.341897199999892, -27.407380929999931 ], [ -54.342839930999901, -27.409766334999858 ], [ -54.342980704999832, -27.410441663999961 ], [ -54.343113539, -27.411078900999826 ], [ -54.344457200999955, -27.414179698999988 ], [ -54.344544448999898, -27.414505155999905 ], [ -54.345001065999952, -27.416208449999885 ], [ -54.345409278999966, -27.418237681999926 ], [ -54.345428114000015, -27.418674513999918 ], [ -54.345553465999899, -27.421581718000027 ], [ -54.345290643, -27.423967923000021 ], [ -54.344767833, -27.427552629999866 ], [ -54.344639733999884, -27.42982174999986 ], [ -54.343845215999863, -27.431493326999885 ], [ -54.343444886999862, -27.432687524000016 ], [ -54.34282432699996, -27.433803280999882 ], [ -54.342380011999865, -27.434602151999968 ], [ -54.341718280999828, -27.435797904999959 ], [ -54.340251104999936, -27.437588701999914 ], [ -54.337105071999872, -27.440597366999896 ], [ -54.336380247000022, -27.441895991999957 ], [ -54.335052034, -27.444408130999989 ], [ -54.333785544000023, -27.447455457999865 ], [ -54.333863736000012, -27.450501565000025 ], [ -54.334019465999916, -27.45121105599992 ], [ -54.334544109999911, -27.453601279999987 ], [ -54.335917312999925, -27.456659283999954 ], [ -54.337503071999947, -27.458968536999976 ], [ -54.338179217999937, -27.46040049699991 ], [ -54.339092200999971, -27.461534909999955 ], [ -54.33952033199995, -27.462066876999927 ], [ -54.341133436999939, -27.463853390999873 ], [ -54.341940365999903, -27.465284575999874 ], [ -54.343814782999914, -27.46611472699982 ], [ -54.346094484, -27.46658473399998 ], [ -54.347374733999857, -27.466910119999909 ], [ -54.347966693999808, -27.467060570999934 ], [ -54.350725829999931, -27.467313978999925 ], [ -54.351095187999874, -27.467136463999907 ], [ -54.353044788999966, -27.46619948 ], [ -54.354199662999861, -27.465543508999986 ], [ -54.355532927999946, -27.464786212999854 ], [ -54.359922023999843, -27.462237522999828 ], [ -54.363065010000014, -27.458784117 ], [ -54.36533402099991, -27.456509694999852 ], [ -54.366934265999873, -27.455072072 ], [ -54.368266590999895, -27.453398039999968 ], [ -54.369466073999831, -27.452199832000019 ], [ -54.37093055399987, -27.449928841999963 ], [ -54.372532134999858, -27.447895002 ], [ -54.375062500999888, -27.443946653999888 ], [ -54.37705656299994, -27.441197555999906 ], [ -54.377854607999893, -27.439283857000021 ], [ -54.378654669000014, -27.437728896999886 ], [ -54.379243955999925, -27.436546829999941 ], [ -54.379846748999967, -27.435337667999988 ], [ -54.381044907999978, -27.433188869999924 ], [ -54.381707102999883, -27.431275629999902 ], [ -54.382372834999899, -27.429958816999829 ], [ -54.382587208999951, -27.429708891000018 ], [ -54.383705125, -27.428405584000018 ], [ -54.384769850999987, -27.42661152799991 ], [ -54.385833711999908, -27.42553465799989 ], [ -54.386634095999966, -27.42410067599991 ], [ -54.387968105000027, -27.422780595 ], [ -54.388956623000013, -27.421328845999881 ], [ -54.389432269999929, -27.420630304999918 ], [ -54.390762372999859, -27.419552015999955 ], [ -54.392096692999928, -27.417519121999874 ], [ -54.39542777399987, -27.414166896999973 ], [ -54.396623740999871, -27.41248844699993 ], [ -54.398759589999941, -27.410931158999858 ], [ -54.4016929309999, -27.408727551999959 ], [ -54.407680664, -27.40602908999989 ], [ -54.413591861999976, -27.406446839000012 ], [ -54.414471228999901, -27.407204078999939 ], [ -54.416338524999844, -27.408059591999859 ], [ -54.418008444, -27.409264837000023 ], [ -54.421595239999874, -27.412261030999844 ], [ -54.424029645000019, -27.414960607000012 ], [ -54.425313280000012, -27.416277083999887 ], [ -54.42556026599982, -27.416530389999878 ], [ -54.427655888999936, -27.418135164999967 ], [ -54.428492098999868, -27.418839454999954 ], [ -54.429574850999927, -27.419751392000023 ], [ -54.432232620999912, -27.421816834000026 ], [ -54.433497032, -27.422835560999943 ], [ -54.433986635999815, -27.423230030999889 ], [ -54.43506113799998, -27.423238268999853 ], [ -54.435863821999874, -27.42383490199984 ], [ -54.438007828999901, -27.42430383299984 ], [ -54.438955170999861, -27.42458191399993 ], [ -54.439614076999931, -27.424775327999953 ], [ -54.442425285000013, -27.425128562999873 ], [ -54.443718440999987, -27.425017083999876 ], [ -54.444726699, -27.424930165999967 ], [ -54.446817985999928, -27.424073151000016 ], [ -54.44980242299988, -27.423235114999954 ], [ -54.451513571999953, -27.423063194999941 ], [ -54.453828273999989, -27.422757854 ], [ -54.455708850999883, -27.422302428999956 ], [ -54.456035859999872, -27.422602772999937 ], [ -54.461815291999869, -27.423035737999896 ], [ -54.464763717999915, -27.423500094999952 ], [ -54.467306418999897, -27.424208374999921 ], [ -54.467628456999876, -27.42458557599997 ], [ -54.468983195999897, -27.426172373999975 ], [ -54.470667613999808, -27.428078791999894 ], [ -54.471407058999887, -27.43108802699993 ], [ -54.470829221999963, -27.433867622999855 ], [ -54.470441825999956, -27.434635326999967 ], [ -54.470164399999931, -27.435185102 ], [ -54.469500571999902, -27.436619204999886 ], [ -54.468971775999933, -27.437931611999943 ], [ -54.468610177999835, -27.438986025999895 ], [ -54.467111124999974, -27.440802776999931 ], [ -54.464976566999837, -27.442603404999943 ], [ -54.464754532999962, -27.442875575000016 ], [ -54.463510572999894, -27.444400423999866 ], [ -54.462447071999804, -27.445478029999947 ], [ -54.461113749999981, -27.446794515999898 ], [ -54.460653550000018, -27.446922963999953 ], [ -54.457910126999934, -27.448833845999957 ], [ -54.454565339999874, -27.451248487999919 ], [ -54.452839982999933, -27.452192371999956 ], [ -54.450035017, -27.45375398199991 ], [ -54.447368617999928, -27.455794834999949 ], [ -54.445979962999957, -27.456573482999886 ], [ -54.442438423999931, -27.461110572999928 ], [ -54.442041723999978, -27.463091182000028 ], [ -54.441865624999878, -27.465578277999839 ], [ -54.442886953000027, -27.469027419999861 ], [ -54.443308887999933, -27.46993036799995 ], [ -54.445556923999959, -27.471916638999915 ], [ -54.446628123999858, -27.473100833999922 ], [ -54.447172224999861, -27.473702329999867 ], [ -54.451383861999886, -27.476109328999883 ], [ -54.453611605999811, -27.477382509999984 ], [ -54.456696663, -27.47856410199995 ], [ -54.45782076, -27.478911926999956 ], [ -54.459720479, -27.479499748000023 ], [ -54.462455852999824, -27.479619468999886 ], [ -54.464733191999869, -27.48032955199983 ], [ -54.467142732999832, -27.480438020999941 ], [ -54.46848241899994, -27.480794235000019 ], [ -54.470357896999872, -27.480788969999935 ], [ -54.472904575999905, -27.481138944 ], [ -54.474248070999863, -27.481053657999894 ], [ -54.474910189000013, -27.481011625999884 ], [ -54.477768331999982, -27.481300024999939 ], [ -54.480596559999867, -27.481196454999974 ], [ -54.484674722999955, -27.480143128999885 ], [ -54.487354238999899, -27.480012312999975 ], [ -54.487732035999898, -27.479975627999863 ], [ -54.489896961999875, -27.479765411999892 ], [ -54.493780540999865, -27.479991079 ], [ -54.496055152999929, -27.480220751999809 ], [ -54.498868597000012, -27.480568727999923 ], [ -54.499913987000014, -27.480648953999889 ], [ -54.501812163999944, -27.480794623999941 ], [ -54.503914137999857, -27.481761078999966 ], [ -54.50516678799994, -27.482337026999858 ], [ -54.507583924000016, -27.483521337999889 ], [ -54.507917375999909, -27.483797760000016 ], [ -54.509733724, -27.485303455999883 ], [ -54.510433364999869, -27.486417279999955 ], [ -54.511081285999921, -27.48744876499984 ], [ -54.512024872999859, -27.488641120000011 ], [ -54.512323147000018, -27.489232047999963 ], [ -54.513106260999962, -27.490783521999901 ], [ -54.514316730999838, -27.492687245999946 ], [ -54.514510718, -27.492950076999932 ], [ -54.516424269999959, -27.496889010999951 ], [ -54.518652236999912, -27.501199154999881 ], [ -54.519044716999986, -27.501710738999861 ], [ -54.520269493999876, -27.503307194999877 ], [ -54.521482726999807, -27.504852365999909 ], [ -54.524028898999802, -27.505676744999903 ], [ -54.524453013999903, -27.505754178000018 ], [ -54.527247113999806, -27.506264314999953 ], [ -54.530863188999888, -27.506844827 ], [ -54.531416137999884, -27.506793596999955 ], [ -54.534178196999903, -27.506065934999867 ], [ -54.53499364399994, -27.505385218999947 ], [ -54.536244824999983, -27.504143426999974 ], [ -54.53846015299996, -27.500010690999886 ], [ -54.538852787999872, -27.49726368499995 ], [ -54.539242964999914, -27.495592663999901 ], [ -54.539507165999908, -27.494392451999886 ], [ -54.539637398000025, -27.493800835999878 ], [ -54.541087675000028, -27.489854115000014 ], [ -54.541205057999889, -27.489536574999931 ], [ -54.542014805, -27.487346069999887 ], [ -54.545225714000026, -27.481598292 ], [ -54.545862963, -27.480851171999916 ], [ -54.548659123999983, -27.477766844999906 ], [ -54.550390806, -27.475971524999864 ], [ -54.551247667999917, -27.47513430499987 ], [ -54.551988824999967, -27.474410138 ], [ -54.554519365999909, -27.471179367999923 ], [ -54.555567326000016, -27.469185235999873 ], [ -54.558886904999895, -27.465010663999863 ], [ -54.560536585999955, -27.463780533999966 ], [ -54.56471689499989, -27.460099188000015 ], [ -54.568886125999882, -27.456501112000012 ], [ -54.571213410999974, -27.454668669999933 ], [ -54.571560721999845, -27.454395205999958 ], [ -54.575573501999884, -27.45378325299987 ], [ -54.577481735999925, -27.453419430999872 ], [ -54.578781997999954, -27.453171523999856 ], [ -54.581655715999887, -27.453406735999977 ], [ -54.582732017999831, -27.45410255999991 ], [ -54.585278909999886, -27.455109550999907 ], [ -54.586050514999954, -27.455520152999952 ], [ -54.58865438599986, -27.457683359999976 ], [ -54.589250025000013, -27.458857786999886 ], [ -54.590734972999883, -27.461001877 ], [ -54.590944799, -27.461828011999955 ], [ -54.591279822999923, -27.463147084999946 ], [ -54.591513193999958, -27.465947974999892 ], [ -54.591568229999893, -27.466608517999816 ], [ -54.591581863999863, -27.468994962000011 ], [ -54.591457758, -27.47114433299987 ], [ -54.591387241, -27.472520656999961 ], [ -54.592154048999873, -27.476635043999863 ], [ -54.592098597999893, -27.478357977999963 ], [ -54.593116511999938, -27.481406541999945 ], [ -54.593801083999892, -27.483434711999905 ], [ -54.593872191, -27.483826908000026 ], [ -54.595155162000026, -27.486768170999937 ], [ -54.596401210999829, -27.48973159499991 ], [ -54.596513962000017, -27.490106402999913 ], [ -54.599341112, -27.494489189999911 ], [ -54.600023508999868, -27.495700977999888 ], [ -54.602588516999901, -27.49951163999998 ], [ -54.602947809999876, -27.50006108499997 ], [ -54.604173424999942, -27.50193534899995 ], [ -54.605555070999969, -27.503795122999918 ], [ -54.607702712999924, -27.508208109999828 ], [ -54.607997834999935, -27.509275475999857 ], [ -54.609008506999885, -27.511910919999877 ], [ -54.609364272999926, -27.514165762 ], [ -54.609645753999928, -27.515334138999947 ], [ -54.609910286999877, -27.516432164999856 ], [ -54.610455509999895, -27.518577442999913 ], [ -54.61073903099998, -27.52072476099994 ], [ -54.611087957999985, -27.522248199999865 ], [ -54.611285870999836, -27.523112299999866 ], [ -54.612101735999943, -27.525731438999856 ], [ -54.612920346999886, -27.52811755699986 ], [ -54.61323764999986, -27.529567483 ], [ -54.613468371999943, -27.530621770999915 ], [ -54.614820523999811, -27.533004429999892 ], [ -54.615865934999988, -27.534767385999828 ], [ -54.616442571999926, -27.535739812999907 ], [ -54.617926015999899, -27.537525034999817 ], [ -54.618605640999931, -27.538835412999902 ], [ -54.619816869999852, -27.539904516999968 ], [ -54.620016064999902, -27.540629887999955 ], [ -54.62076134900002, -27.540975355999933 ], [ -54.621566385999927, -27.541566854999928 ], [ -54.623445976999847, -27.542515069999865 ], [ -54.624922927999933, -27.54346573700002 ], [ -54.626136507999888, -27.54417618299982 ], [ -54.626574855, -27.544329985999866 ], [ -54.628145458, -27.544881061999888 ], [ -54.631191706999914, -27.546133907999888 ], [ -54.632309033999888, -27.546295091999809 ], [ -54.636501819999978, -27.54663453 ], [ -54.637929075999864, -27.54603034399986 ], [ -54.638999274999946, -27.545785751999858 ], [ -54.640203381, -27.545302608999862 ], [ -54.641726256999959, -27.54466298899996 ], [ -54.642209702, -27.544459938999864 ], [ -54.644071594999957, -27.542541144999916 ], [ -54.644740304999857, -27.541557305999845 ], [ -54.646088794999969, -27.539573339000015 ], [ -54.648096341999803, -27.536482506999903 ], [ -54.648983987999884, -27.535115882999889 ], [ -54.651237388999903, -27.531287736999957 ], [ -54.651465024999823, -27.530319871999893 ], [ -54.651631540999915, -27.529611879999948 ], [ -54.653083490999904, -27.526264402999914 ], [ -54.65334169800002, -27.524589284999934 ], [ -54.653734491000023, -27.523393193999937 ], [ -54.654393759999948, -27.521603288999984 ], [ -54.655455102000019, -27.519685194999909 ], [ -54.655846648999898, -27.518372414999988 ], [ -54.657692172, -27.513348924999832 ], [ -54.658378984999899, -27.512075926000023 ], [ -54.65981992299993, -27.510831445999827 ], [ -54.661950493, -27.508672868000019 ], [ -54.66298295099989, -27.507543694999924 ], [ -54.664617332999853, -27.50686950599993 ], [ -54.666436289999808, -27.506048008999983 ], [ -54.667289109999842, -27.505662848999918 ], [ -54.669739681999943, -27.50533650299991 ], [ -54.670093801999826, -27.505289344999824 ], [ -54.672645669999952, -27.50599482899986 ], [ -54.674554334999868, -27.506548404 ], [ -54.674929164999867, -27.507056336999938 ], [ -54.676678112, -27.508601359999943 ], [ -54.678160380999884, -27.510148240999968 ], [ -54.678578325999922, -27.513128931999859 ], [ -54.679127955999832, -27.515633196999829 ], [ -54.679319576999887, -27.516882177999889 ], [ -54.679548819999923, -27.518376372999967 ], [ -54.680248447999986, -27.523746537999841 ], [ -54.680286690999878, -27.524377320999918 ], [ -54.680400455999859, -27.526253765999911 ], [ -54.679915503999894, -27.527872288999902 ], [ -54.679612445999851, -27.528883743999813 ], [ -54.678954355999849, -27.530794995999941 ], [ -54.678164165999931, -27.533187127999895 ], [ -54.677375115000018, -27.535099439999954 ], [ -54.676946995999856, -27.536269089999905 ], [ -54.676454812999907, -27.537613768999961 ], [ -54.675665687999981, -27.540122541999892 ], [ -54.674738534999904, -27.542394253999817 ], [ -54.674360466999985, -27.543572091999863 ], [ -54.674086090999936, -27.544426890999887 ], [ -54.673159708000014, -27.546819718999984 ], [ -54.672502034999866, -27.54978239999997 ], [ -54.670649048999962, -27.556744730999867 ], [ -54.670272372999875, -27.564075854999828 ], [ -54.671815237999908, -27.56795632699982 ], [ -54.672731867999971, -27.569247935000021 ], [ -54.673165306999863, -27.569858685999918 ], [ -54.674518326999987, -27.572120004999988 ], [ -54.674675025, -27.572367713999881 ], [ -54.677212583999903, -27.574018266999929 ], [ -54.679355257999987, -27.57436731699994 ], [ -54.682765282999867, -27.574914874999934 ], [ -54.683914985999877, -27.574700648999908 ], [ -54.686056842999903, -27.574331958999949 ], [ -54.687395478999917, -27.574326484999858 ], [ -54.687798805999876, -27.574324835999903 ], [ -54.690338452999868, -27.573356638999883 ], [ -54.692475278000018, -27.572987534999811 ], [ -54.694753057000014, -27.572617913999977 ], [ -54.696626770999956, -27.572134226 ], [ -54.697310843999901, -27.572007933999942 ], [ -54.697964127999853, -27.57188732599991 ], [ -54.700231773999803, -27.570920487000024 ], [ -54.702506513, -27.570191736999959 ], [ -54.705180840999844, -27.56970225699996 ], [ -54.705498390999821, -27.569600508999883 ], [ -54.707455540999945, -27.568973410999945 ], [ -54.710928211999942, -27.56764375299997 ], [ -54.712754364999967, -27.567012134999857 ], [ -54.713734482999882, -27.566673137999885 ], [ -54.715607169, -27.566067996999891 ], [ -54.721494517999872, -27.564483843 ], [ -54.723631865999891, -27.563638804 ], [ -54.726972662999913, -27.562785163999877 ], [ -54.729514040999959, -27.562053950999882 ], [ -54.731522837999989, -27.562044284999956 ], [ -54.733528529000012, -27.561675584 ], [ -54.734601071999862, -27.561668079000015 ], [ -54.736473934999822, -27.56165916499998 ], [ -54.739691252999933, -27.561641019999911 ], [ -54.740364023999916, -27.561774362 ], [ -54.742641709999987, -27.562225796999883 ], [ -54.743074376999914, -27.562484336999944 ], [ -54.746003334999955, -27.564234533 ], [ -54.746687049999935, -27.565037033999943 ], [ -54.748028733999945, -27.566611815999863 ], [ -54.748382869000011, -27.567092585999944 ], [ -54.750161189999801, -27.569506815999944 ], [ -54.751278462999892, -27.571847707000018 ], [ -54.751500460999864, -27.572193778999861 ], [ -54.752499213999897, -27.573750731999894 ], [ -54.754660313999921, -27.57660256399987 ], [ -54.756173519999891, -27.578409979999947 ], [ -54.756553849, -27.578864255999861 ], [ -54.75869606599997, -27.581033145999925 ], [ -54.761177909999901, -27.583527812999989 ], [ -54.763019610999947, -27.58431912299983 ], [ -54.764900653999973, -27.585144656000011 ], [ -54.766916762, -27.585848153999962 ], [ -54.769194065000022, -27.585957189999931 ], [ -54.77093553799989, -27.585827880999886 ], [ -54.771901006, -27.585677667999903 ], [ -54.772540062999951, -27.585578240000018 ], [ -54.773745349000023, -27.585215052999899 ], [ -54.775122383999815, -27.584924286999808 ], [ -54.775484551999853, -27.584847813999886 ], [ -54.778954509999892, -27.583152851999898 ], [ -54.779483144999858, -27.582993524999836 ], [ -54.78015975999989, -27.582789597999863 ], [ -54.782158056999833, -27.581585448999874 ], [ -54.782859715999905, -27.581527984999923 ], [ -54.783754146999911, -27.579904259999864 ], [ -54.783948543999941, -27.579477920999921 ], [ -54.784682044999954, -27.577869255999872 ], [ -54.785147172999984, -27.57738065999996 ], [ -54.786389415999906, -27.573561611999878 ], [ -54.78704293699991, -27.571290445999921 ], [ -54.788222779999899, -27.567704926999909 ], [ -54.789277109000011, -27.565188460999877 ], [ -54.789969336000013, -27.563028346999943 ], [ -54.790196789, -27.562318576 ], [ -54.790711828999974, -27.559810368999877 ], [ -54.790704607, -27.55849565799997 ], [ -54.791090968, -27.556226499 ], [ -54.791517335999913, -27.555169158999888 ], [ -54.791855977999887, -27.550848905999942 ], [ -54.792307801345089, -27.54847305690339 ], [ -54.787389025078085, -27.549684549251936 ], [ -54.78617076467043, -27.55004359413573 ], [ -54.785517247492635, -27.550519702123438 ], [ -54.785520077179285, -27.550498892114433 ], [ -54.783493992988269, -27.55151551562841 ], [ -54.782215288605016, -27.551579919160588 ], [ -54.782188588780343, -27.551632484235995 ], [ -54.778781250176166, -27.551135991145259 ], [ -54.776010437945331, -27.547535742844104 ], [ -54.775989232882807, -27.547521351483226 ], [ -54.774647697294768, -27.546815065721489 ], [ -54.77348415658895, -27.546526499418917 ], [ -54.771749576066782, -27.54625948682866 ], [ -54.771725463253347, -27.546250362103422 ], [ -54.770951463646668, -27.546131616993932 ], [ -54.770116683950448, -27.546003558183372 ], [ -54.768956934447772, -27.546242809502189 ], [ -54.768260042076577, -27.546097335402976 ], [ -54.766745923659187, -27.546119166193705 ], [ -54.765928976726173, -27.546363602391125 ], [ -54.765908963027982, -27.546357254621967 ], [ -54.765314341908095, -27.546170630469135 ], [ -54.764176511330675, -27.546298193509983 ], [ -54.761646534001443, -27.546552576744205 ], [ -54.765287645663761, -27.543729733409634 ], [ -54.76585671540397, -27.542886820391516 ], [ -54.766607712686664, -27.542914686314759 ], [ -54.766630411685412, -27.542945574566261 ], [ -54.766668914585921, -27.542932227694394 ], [ -54.767239803886639, -27.543198233958265 ], [ -54.768084874826116, -27.543180287103496 ], [ -54.76808411681219, -27.543232325567999 ], [ -54.768339815243223, -27.543691205368077 ], [ -54.768371324538862, -27.543675935001545 ], [ -54.768787988206611, -27.54449362603043 ], [ -54.769344281941528, -27.544567609466469 ], [ -54.769513417275959, -27.544565438928771 ], [ -54.769581788091102, -27.544572259642337 ], [ -54.76993519554577, -27.544624539896517 ], [ -54.770062681428271, -27.544643399221115 ], [ -54.770121574627979, -27.544636720401456 ], [ -54.770373052584034, -27.544635778526697 ], [ -54.770934780860671, -27.544387431190501 ], [ -54.771035918840766, -27.544384434870608 ], [ -54.771423250481121, -27.544171472480741 ], [ -54.772071104301403, -27.543469907907365 ], [ -54.772286699648134, -27.543345571716259 ], [ -54.774310433554888, -27.540033141860704 ], [ -54.774688150994734, -27.539078203353313 ], [ -54.776196188515542, -27.534109462639435 ], [ -54.776206664908159, -27.53316003999845 ], [ -54.776890301387539, -27.532804718885302 ], [ -54.776918771123235, -27.532788358004666 ], [ -54.777893578549481, -27.531903479243283 ], [ -54.777900564617141, -27.531917090402942 ], [ -54.778268185600382, -27.531615461399497 ], [ -54.778269859175509, -27.531446410704632 ], [ -54.778283308711593, -27.530087208421264 ], [ -54.77824619334001, -27.530031024506684 ], [ -54.781127520804205, -27.526966570900527 ], [ -54.784766893209849, -27.52786865122431 ], [ -54.787982658528676, -27.527053920264791 ], [ -54.788012280602743, -27.527045824008781 ], [ -54.789828960494845, -27.526035863193556 ], [ -54.789871840943078, -27.526018172639283 ], [ -54.790124360630386, -27.526024351660396 ], [ -54.790168166545641, -27.526006823895216 ], [ -54.791453976036962, -27.52571415116887 ], [ -54.791804974040701, -27.525390755948251 ], [ -54.791834916723246, -27.525385079397779 ], [ -54.791879639467254, -27.52536799459881 ], [ -54.794002153283941, -27.525807307385946 ], [ -54.797696998830702, -27.524180598206044 ], [ -54.797740903564716, -27.524161205733321 ], [ -54.798719230256722, -27.523801096747775 ], [ -54.800802651346032, -27.524085343785146 ], [ -54.801781338853175, -27.523672408399364 ], [ -54.801828511942233, -27.523647690531334 ], [ -54.80349307707155, -27.522603576798701 ], [ -54.805118292209841, -27.521889823655101 ], [ -54.807736996416452, -27.520284251674298 ], [ -54.808942191698065, -27.519545325998479 ], [ -54.809521135118871, -27.519190365964221 ], [ -54.81011088719066, -27.518809052423023 ], [ -54.81081414983737, -27.512793033968933 ], [ -54.807292018362602, -27.508423123897558 ], [ -54.803804444858997, -27.508138810485718 ], [ -54.803749629927552, -27.508127902333285 ], [ -54.800540021186293, -27.504846472358338 ], [ -54.798391390872894, -27.498573533536273 ], [ -54.798387391314634, -27.498545898032148 ], [ -54.798544550585007, -27.497401147770574 ], [ -54.801755999531679, -27.495320778326288 ], [ -54.803811475899749, -27.495908441030224 ], [ -54.808438569828013, -27.495622662235803 ], [ -54.809660113474877, -27.495947690855019 ], [ -54.809710170798496, -27.495910317663004 ], [ -54.81015081973112, -27.495549104185841 ], [ -54.810199941765745, -27.495511074667206 ], [ -54.810216084694162, -27.495516224478536 ], [ -54.810900677060431, -27.495866581810844 ], [ -54.815743436014088, -27.492127828190462 ], [ -54.815798627176321, -27.492092318123639 ], [ -54.818206899799691, -27.490931408329402 ], [ -54.819556606361914, -27.485150494530103 ], [ -54.818792685231131, -27.484862145027932 ], [ -54.818777232850493, -27.484853830733186 ], [ -54.817983522979148, -27.484205297477104 ], [ -54.811218573974656, -27.464389772655295 ], [ -54.80229514133606, -27.465250640355634 ], [ -54.805827302139448, -27.456949243771192 ], [ -54.806341953204139, -27.456286990529804 ], [ -54.806742338719801, -27.455981125738788 ], [ -54.809713229970782, -27.45409036983591 ], [ -54.80971922406934, -27.45404055568747 ], [ -54.812704877253907, -27.451994739659938 ], [ -54.813435591975917, -27.45166685174928 ], [ -54.81452238104049, -27.451385485270862 ], [ -54.816238833614705, -27.452078518119947 ], [ -54.816589335752951, -27.45222009807776 ], [ -54.817172088713789, -27.452095506383898 ], [ -54.817188240731809, -27.452086102620854 ], [ -54.817382843984262, -27.451848313950791 ], [ -54.819461695048631, -27.450874288981936 ], [ -54.819467467434322, -27.450869790782519 ], [ -54.819499666997672, -27.450806908053551 ], [ -54.821398814884731, -27.44974276702527 ], [ -54.827382454865983, -27.446394045479451 ], [ -54.83628267376929, -27.448891475667324 ], [ -54.836337173549168, -27.448850367517309 ], [ -54.836450409998122, -27.442829838447153 ], [ -54.842971984229337, -27.442303683644695 ], [ -54.843651910951905, -27.441960086777726 ], [ -54.843669839346319, -27.441953534977642 ], [ -54.848865581672101, -27.445775302619552 ], [ -54.848822743756159, -27.445806256942546 ], [ -54.848820271273667, -27.44583207005536 ], [ -54.850932336919868, -27.447506951509069 ], [ -54.850953580236933, -27.44750136544252 ], [ -54.851444577997086, -27.448465263391256 ], [ -54.851444619992094, -27.448465558177418 ], [ -54.850066016916116, -27.449354885505898 ], [ -54.850062260906554, -27.449358471852349 ], [ -54.850056790350209, -27.449353930314771 ], [ -54.850036710853374, -27.449411582458026 ], [ -54.849924259831482, -27.449713337546768 ], [ -54.849925482601179, -27.449715906000904 ], [ -54.850241551042473, -27.450393474538316 ], [ -54.85319534762516, -27.45053396839802 ], [ -54.853243578885383, -27.450494399518846 ], [ -54.853695081853402, -27.449922557659022 ], [ -54.853680963374927, -27.449831316699772 ], [ -54.853698584945789, -27.44976478761231 ], [ -54.853547306185078, -27.44894732530156 ], [ -54.853563152820698, -27.448876352656839 ], [ -54.855783187757766, -27.447208345816193 ], [ -54.855787875467513, -27.44719209306993 ], [ -54.856343975831521, -27.446340081830613 ], [ -54.857815475826442, -27.443939266686755 ], [ -54.865737906813081, -27.440513396521794 ], [ -54.869272601164141, -27.437966302721804 ], [ -54.870510899131602, -27.436819757216313 ], [ -54.873289458020167, -27.435944896323804 ], [ -54.873436423104977, -27.43575739146462 ], [ -54.873481231301128, -27.435705047419958 ], [ -54.876069186864243, -27.435288491154722 ], [ -54.876002989104791, -27.436070110338449 ], [ -54.876066398302044, -27.436088050569083 ], [ -54.876767141074481, -27.43597521619995 ], [ -54.87724363544794, -27.43699000357077 ], [ -54.876642254313197, -27.437191875321901 ], [ -54.876620843530191, -27.437208716679379 ], [ -54.87568846701862, -27.437364044027163 ], [ -54.87563369744521, -27.43738133526341 ], [ -54.874791700395349, -27.43903441229719 ], [ -54.874765050648762, -27.439063760388308 ], [ -54.875937347931028, -27.441619286405626 ], [ -54.87848552896611, -27.442381673841396 ], [ -54.87852622872532, -27.442366064556779 ], [ -54.880217408535032, -27.441694558412905 ], [ -54.880253108325007, -27.441709914397109 ], [ -54.882184189073485, -27.441853029764502 ], [ -54.882467160349108, -27.441723368279952 ], [ -54.882893587873241, -27.441586791633483 ], [ -54.882906131178572, -27.441590428140501 ], [ -54.88312869773273, -27.441449362184699 ], [ -54.883155477126991, -27.441473815240442 ], [ -54.883794243159514, -27.441957629583271 ], [ -54.883410959885509, -27.443917193712082 ], [ -54.883488015887792, -27.444034861513046 ], [ -54.885204180437711, -27.445040013131916 ], [ -54.88451026591747, -27.445529466724622 ], [ -54.884475668434845, -27.44555993755597 ], [ -54.883715398739923, -27.446204605682226 ], [ -54.883690683718953, -27.446176212384842 ], [ -54.882260893587045, -27.447295892977536 ], [ -54.881929629987212, -27.448431738690147 ], [ -54.882173227530416, -27.448858964284852 ], [ -54.882168335849485, -27.448916786161362 ], [ -54.88156940532599, -27.449863958310289 ], [ -54.881866829708258, -27.451009303516059 ], [ -54.882427070097265, -27.452104751732634 ], [ -54.882600166191366, -27.452058715612566 ], [ -54.882630120965416, -27.452070347900587 ], [ -54.882978311929207, -27.452471103012272 ], [ -54.883014180370765, -27.452482134245543 ], [ -54.884704461161107, -27.453843654807883 ], [ -54.884752994278813, -27.453840561750496 ], [ -54.887487557103327, -27.454882780216963 ], [ -54.887665655285332, -27.454960096070749 ], [ -54.887740566590594, -27.454948217490937 ], [ -54.88778880119321, -27.4550123190823 ], [ -54.887888734397563, -27.455006698196996 ], [ -54.887928238393897, -27.455077246822555 ], [ -54.888594355067994, -27.456118882814735 ], [ -54.888521986620958, -27.456121239112292 ], [ -54.888013294395819, -27.455547716300828 ], [ -54.887980916625452, -27.45554689088209 ], [ -54.887935703309608, -27.455554060293707 ], [ -54.888049489818286, -27.456196616484476 ], [ -54.888275132859405, -27.456400587827318 ], [ -54.888339304902388, -27.456402223789439 ], [ -54.888605015205997, -27.456262842306558 ], [ -54.888664736218686, -27.456229987176187 ], [ -54.888907077604756, -27.457011900836505 ], [ -54.888918666354527, -27.457036217429049 ], [ -54.889078423046499, -27.457419480214639 ], [ -54.888909645908484, -27.458182592336243 ], [ -54.888921265863416, -27.458205563209106 ], [ -54.888973420554805, -27.459096984858547 ], [ -54.889178673983395, -27.459261426418379 ], [ -54.890470713929517, -27.461343835020159 ], [ -54.890773533701463, -27.462532937891865 ], [ -54.890808918453729, -27.462520762645795 ], [ -54.890814693982861, -27.462607860687115 ], [ -54.890816073105213, -27.462609182882886 ], [ -54.89059674413312, -27.46294366461035 ], [ -54.891499335271078, -27.462087911179026 ], [ -54.891888913645857, -27.461790697683966 ], [ -54.892145679300313, -27.461683573251378 ], [ -54.893857475574805, -27.458771633479557 ], [ -54.896374595403643, -27.454047071963601 ], [ -54.910136316828471, -27.451516299497882 ], [ -54.914259243830656, -27.449371779183195 ], [ -54.916489210033092, -27.446219842829805 ], [ -54.916485401785337, -27.446200592200853 ], [ -54.916149450018167, -27.445171389753966 ], [ -54.916149868165007, -27.445152936955367 ], [ -54.916186930355707, -27.445092290866512 ], [ -54.916191465281656, -27.445073808843233 ], [ -54.916176745403448, -27.44490521533794 ], [ -54.916588718136381, -27.439304724634553 ], [ -54.910360267987585, -27.431125845850374 ], [ -54.914804488857385, -27.42313425689008 ], [ -54.914840083165416, -27.423115529192216 ], [ -54.918496422040903, -27.422426339422543 ], [ -54.920361628078865, -27.418043776530112 ], [ -54.918570835453522, -27.413084280231658 ], [ -54.918677473728053, -27.412753342355472 ], [ -54.919028341670924, -27.410299733150225 ], [ -54.919017896860396, -27.410275487222464 ], [ -54.91922494052335, -27.40461374196434 ], [ -54.925067176252469, -27.396145580689563 ], [ -54.924219774018866, -27.387069622389788 ], [ -54.921924279137329, -27.381860730817777 ], [ -54.920829720422773, -27.379233771128156 ], [ -54.921961375523892, -27.367815955348931 ], [ -54.921923983470151, -27.367723189050025 ], [ -54.921920276318701, -27.367713688721494 ], [ -54.92184155073187, -27.36282755247754 ], [ -54.92053059266982, -27.361432624662655 ], [ -54.920657011255742, -27.358965398731186 ], [ -54.918309050940934, -27.347530520645989 ], [ -54.917298489940549, -27.343742762223883 ], [ -54.916918901633892, -27.33541471535807 ], [ -54.910469966164726, -27.325093556325101 ], [ -54.90843033365843, -27.321049322281453 ], [ -54.907432286396954, -27.31852011956471 ], [ -54.907111528111102, -27.318602523303809 ], [ -54.907081530323467, -27.31854131483459 ], [ -54.90480413438263, -27.319559241538855 ], [ -54.904773776271497, -27.31956410893315 ], [ -54.903220035836341, -27.319454067480308 ], [ -54.903178612322336, -27.319478016729647 ], [ -54.902437200102725, -27.319395753533229 ], [ -54.901258390982719, -27.319332566444245 ], [ -54.901027488847774, -27.319593037701452 ], [ -54.898398828502195, -27.319236483960253 ], [ -54.89838466247312, -27.31922397857835 ], [ -54.897768661357418, -27.318909871403207 ], [ -54.897728775348639, -27.318958549703552 ], [ -54.897727225673634, -27.318948046917342 ], [ -54.897721443541741, -27.318958213508324 ], [ -54.897621879484916, -27.318768040366365 ], [ -54.897644868272948, -27.318694071289713 ], [ -54.897812401773933, -27.318672035707834 ], [ -54.8978335587488, -27.318688556672498 ], [ -54.89860345187833, -27.317592108623273 ], [ -54.898619327715323, -27.317534527420776 ], [ -54.898636036777532, -27.317524541792181 ], [ -54.898666184791921, -27.317461999439843 ], [ -54.89842257043523, -27.316457096856027 ], [ -54.898417507590011, -27.316452460815924 ], [ -54.895844617725515, -27.313048913513455 ], [ -54.896067287742653, -27.312645826293078 ], [ -54.896460428429236, -27.312097495076102 ], [ -54.897825765604978, -27.311009384905844 ], [ -54.899780525863321, -27.308509995828558 ], [ -54.899941084509976, -27.30752935479785 ], [ -54.899956111780796, -27.307467641311462 ], [ -54.900215067789588, -27.307484371650446 ], [ -54.900228954122667, -27.307417415061366 ], [ -54.899883033210926, -27.306218486040223 ], [ -54.900659701631014, -27.3056388200676 ], [ -54.900695957074618, -27.305599793104591 ], [ -54.900710726036493, -27.305585357097357 ], [ -54.901000167886991, -27.305267776842015 ], [ -54.901011422076408, -27.305226147526298 ], [ -54.900966361475298, -27.305175693373258 ], [ -54.900979705121642, -27.305140107990724 ], [ -54.901827467406633, -27.304386666218363 ], [ -54.907409129460234, -27.307612078125942 ], [ -54.908015770426061, -27.307926135326284 ], [ -54.908016083553093, -27.307928315366382 ], [ -54.908119903041495, -27.307979449940092 ], [ -54.908154546847527, -27.307983089611582 ], [ -54.908165828579797, -27.30798513923952 ], [ -54.908215469390711, -27.307980106960201 ], [ -54.916257833056136, -27.308035385571316 ], [ -54.922689743991214, -27.311570714495076 ], [ -54.931022155642893, -27.310729855178408 ], [ -54.933515868931011, -27.312149542301825 ], [ -54.93507548841194, -27.310580916000163 ], [ -54.935774029971128, -27.308703065203531 ], [ -54.937184025453348, -27.305683287389513 ], [ -54.93718596507631, -27.305678504165201 ], [ -54.937189256814065, -27.305681050786973 ], [ -54.937314065164458, -27.305533150152996 ], [ -54.937299377790112, -27.305458218947422 ], [ -54.937229175989557, -27.305255100349996 ], [ -54.937102984367527, -27.305219064600692 ], [ -54.937101972413643, -27.30522073273022 ], [ -54.9368220744052, -27.305064108020645 ], [ -54.931674292695845, -27.302764855959651 ], [ -54.931614298201623, -27.302763760104085 ], [ -54.928401290149736, -27.30111558427916 ], [ -54.928322875768401, -27.301120611573651 ], [ -54.928243418166687, -27.301062282552664 ], [ -54.928210261992774, -27.301059468555366 ], [ -54.928226129706786, -27.301048374645859 ], [ -54.928290929866137, -27.301044220184906 ], [ -54.928277201730168, -27.301040382303256 ], [ -54.928384262084819, -27.300994948774587 ], [ -54.93186122167981, -27.29860389763553 ], [ -54.934661398915296, -27.292932435210219 ], [ -54.934318103747898, -27.2867620063804 ], [ -54.934381415687255, -27.286453672472135 ], [ -54.934381377215345, -27.286453354566845 ], [ -54.933318604614499, -27.278252278589434 ], [ -54.932998401451471, -27.277208406349075 ], [ -54.931973938068893, -27.277086669463927 ], [ -54.931969379415364, -27.277086412099777 ], [ -54.925524929175708, -27.269520178446896 ], [ -54.925440815351863, -27.268675541131984 ], [ -54.925417729257333, -27.268637724924133 ], [ -54.926855245313561, -27.267739177771091 ], [ -54.926823547850688, -27.267687255699911 ], [ -54.923917311522302, -27.267490642235316 ], [ -54.921437506399741, -27.264210915640092 ], [ -54.921444164359059, -27.264174749150925 ], [ -54.921445196830746, -27.264155949947281 ], [ -54.920488371932436, -27.262340174781798 ], [ -54.920480960767065, -27.262337834338723 ], [ -54.919864963349653, -27.259613787682326 ], [ -54.920923223006582, -27.25614244349191 ], [ -54.912520529416327, -27.259004306106533 ], [ -54.912450861741945, -27.259871825185428 ], [ -54.91244860587102, -27.259910897476516 ], [ -54.911677560754526, -27.261217324073641 ], [ -54.911671856608393, -27.261259848666555 ], [ -54.9143083055489, -27.265265483601866 ], [ -54.913955242562167, -27.2658583444491 ], [ -54.913923164200583, -27.265917728768159 ], [ -54.913926242258299, -27.265934542023501 ], [ -54.911132639434982, -27.267475422723692 ], [ -54.910659106341825, -27.26844550601561 ], [ -54.910661262716019, -27.268489545103819 ], [ -54.910010983085783, -27.26920556645257 ], [ -54.910011840422555, -27.269257662485586 ], [ -54.909459580603198, -27.269874295035322 ], [ -54.90874371344438, -27.270673642684017 ], [ -54.908557835959868, -27.271052894873776 ], [ -54.908142080148934, -27.271710205085867 ], [ -54.907786955590893, -27.272257375265895 ], [ -54.907725530928474, -27.272135769533406 ], [ -54.907680737754958, -27.272117260029404 ], [ -54.907470084558838, -27.271648379152282 ], [ -54.90731428191657, -27.271197777853843 ], [ -54.907160091362982, -27.270843184595378 ], [ -54.906832644604606, -27.27009015264656 ], [ -54.906622882087561, -27.2696077849414 ], [ -54.906623284178693, -27.269569431171476 ], [ -54.906591126352509, -27.269544440620962 ], [ -54.906330639036241, -27.269107167092386 ], [ -54.904090545270321, -27.26855766099311 ], [ -54.90351719745081, -27.268067078339925 ], [ -54.903492001733525, -27.268038277081303 ], [ -54.903452537581529, -27.268035088842453 ], [ -54.903380004568135, -27.268151914484861 ], [ -54.903369270090366, -27.268183932037573 ], [ -54.900743019094762, -27.265636982128001 ], [ -54.900741234175541, -27.265619325290061 ], [ -54.90031322076311, -27.265094407241463 ], [ -54.900294487819338, -27.265068697940023 ], [ -54.900138318325389, -27.26484715209142 ], [ -54.899769291092809, -27.264857491748046 ], [ -54.899753115452938, -27.264851756621965 ], [ -54.899759278876957, -27.264894024681951 ], [ -54.899705014267795, -27.264884691507291 ], [ -54.899594819157699, -27.264901302713668 ], [ -54.899564958557107, -27.264863542755108 ], [ -54.898447710356493, -27.262174709538328 ], [ -54.898358126519156, -27.260321401074123 ], [ -54.898765724078146, -27.259941397977286 ], [ -54.898243345484559, -27.257520157014028 ], [ -54.895664497393909, -27.255251581290736 ], [ -54.895634118891792, -27.255268599415444 ], [ -54.892303689711184, -27.253836276330674 ], [ -54.892237056588499, -27.253180240758923 ], [ -54.89190031861358, -27.251892768044002 ], [ -54.89402601554184, -27.250148984468069 ], [ -54.894040814913865, -27.250135764466165 ], [ -54.894271675744619, -27.25005976796848 ], [ -54.894298626076989, -27.250010175687521 ], [ -54.894812171540991, -27.249276449511001 ], [ -54.894833638867567, -27.248725400841806 ], [ -54.89726572826936, -27.243626830230596 ], [ -54.897071259653103, -27.239349204159453 ], [ -54.892983123652755, -27.235601352023423 ], [ -54.893346001561781, -27.231616684165999 ], [ -54.893889433057495, -27.231434554288569 ], [ -54.893886891303396, -27.231427652603656 ], [ -54.893825944613582, -27.231413205210799 ], [ -54.893827274558078, -27.231407665891595 ], [ -54.894069595343638, -27.231363061322384 ], [ -54.894016925366657, -27.231316009887735 ], [ -54.894023180331203, -27.23131022160976 ], [ -54.893901266190824, -27.231282677555896 ], [ -54.901485562322364, -27.229761752359593 ], [ -54.901909468632084, -27.228668539651153 ], [ -54.90191961265009, -27.228665919841887 ], [ -54.901976497032706, -27.228632125093554 ], [ -54.904083029783976, -27.227220927196981 ], [ -54.904390136499728, -27.227847916039707 ], [ -54.906553856896551, -27.225934559793302 ], [ -54.90698676621497, -27.22684167493702 ], [ -54.906999973239181, -27.226853496732872 ], [ -54.907463595453578, -27.22690715042711 ], [ -54.907478593043777, -27.226920665117859 ], [ -54.908259811510845, -27.227021036684164 ], [ -54.908525272499503, -27.227092667467048 ], [ -54.908547311903419, -27.227107655645739 ], [ -54.909604912503482, -27.227351988977261 ], [ -54.91084013405208, -27.229299631552863 ], [ -54.910850067310378, -27.22932118025102 ], [ -54.915414948690739, -27.227484331552319 ], [ -54.915466376180916, -27.227455918559087 ], [ -54.916808970641966, -27.227370823248293 ], [ -54.91876964672457, -27.226754727504442 ], [ -54.918805313222947, -27.226728979398047 ], [ -54.919862565551568, -27.226532535556146 ], [ -54.919886665705462, -27.22650104830592 ], [ -54.920260645437963, -27.223122210950578 ], [ -54.920999478875672, -27.216689686676375 ], [ -54.920978916589149, -27.216103252894754 ], [ -54.919029981873962, -27.20881852903409 ], [ -54.915362385390779, -27.209678812206334 ], [ -54.913601269237517, -27.209684935656355 ], [ -54.914024084175537, -27.206745441224314 ], [ -54.914026155751174, -27.206736075815058 ], [ -54.914018887829343, -27.206695915461182 ], [ -54.912584151065516, -27.204634773194527 ], [ -54.912606280333364, -27.20457276861822 ], [ -54.914234190482887, -27.196496322790438 ], [ -54.914239387957537, -27.196486087435574 ], [ -54.914188684790531, -27.196427366261787 ], [ -54.911087230636156, -27.196848643371254 ], [ -54.911196931534278, -27.195168908346204 ], [ -54.911236643414327, -27.195117774911864 ], [ -54.910671309821566, -27.191276985502554 ], [ -54.909670337998193, -27.183500557503066 ], [ -54.908931111322374, -27.181239489621021 ], [ -54.907305622526735, -27.174686220092724 ], [ -54.906111554360109, -27.168911709525219 ], [ -54.905927304004933, -27.168293526104947 ], [ -54.905930514859449, -27.168289145005645 ], [ -54.905918533574265, -27.168260550835782 ], [ -54.905316380677903, -27.166347859499353 ], [ -54.905762313554817, -27.16562452558577 ], [ -54.905108646976259, -27.159471953682612 ], [ -54.905490799129836, -27.158030629940129 ], [ -54.904059670861045, -27.158168565025449 ], [ -54.902967816910348, -27.158688703463042 ], [ -54.90231113122843, -27.157018832906147 ], [ -54.901622110481128, -27.154980316397769 ], [ -54.903239777904503, -27.152665269368583 ], [ -54.900217398464463, -27.148854329277981 ], [ -54.899943918151109, -27.147260818770519 ], [ -54.901334393379784, -27.143777909769312 ], [ -54.901894614588855, -27.141910119668921 ], [ -54.902756526237056, -27.138277293100828 ], [ -54.902870728702112, -27.135732928155448 ], [ -54.904063227440474, -27.133237447894885 ], [ -54.9043513388836, -27.130899218346485 ], [ -54.90510804627894, -27.128298779842339 ], [ -54.905100021121029, -27.128271757175185 ], [ -54.905013279346122, -27.126553527394435 ], [ -54.904996305227314, -27.126518237593643 ], [ -54.904959092631884, -27.125528512517008 ], [ -54.904940110320979, -27.125023497937434 ], [ -54.904387665308946, -27.125181445365456 ], [ -54.903789101294649, -27.125174808978102 ], [ -54.902898772043272, -27.124273362352312 ], [ -54.902862018134044, -27.124295378176043 ], [ -54.901178549984877, -27.12162001321218 ], [ -54.900638883896534, -27.121032486795514 ], [ -54.898801470563114, -27.120031443455275 ], [ -54.897774516037543, -27.118967569247957 ], [ -54.897762583553572, -27.11896538308963 ], [ -54.897768426345237, -27.118917165090068 ], [ -54.897756805822723, -27.118909947161058 ], [ -54.897610099123767, -27.118944608730487 ], [ -54.896690892488095, -27.119030901380938 ], [ -54.896662520837708, -27.119066349383615 ], [ -54.896346531620679, -27.119123401504339 ], [ -54.896189665174632, -27.119162407128556 ], [ -54.895945579355327, -27.119209424995745 ], [ -54.895910020257986, -27.119216696613648 ], [ -54.895906130882508, -27.11919695307148 ], [ -54.895921284600718, -27.11899633804785 ], [ -54.895786166175867, -27.118636725307567 ], [ -54.895816859974332, -27.11859534545431 ], [ -54.895727597277187, -27.118253935561711 ], [ -54.89575293074239, -27.118249415469847 ], [ -54.89539944483181, -27.117512026839506 ], [ -54.895037525422481, -27.116954340174573 ], [ -54.894063074271344, -27.115657570485155 ], [ -54.893858154517375, -27.115386417122636 ], [ -54.893803264676876, -27.115396777688488 ], [ -54.893790610645112, -27.115340443077457 ], [ -54.893807605598909, -27.115337850786432 ], [ -54.893848412717034, -27.115330148362148 ], [ -54.893810669476238, -27.115194216120244 ], [ -54.893791844551004, -27.115072406817319 ], [ -54.893738993965144, -27.115039341141426 ], [ -54.893727575113303, -27.114774157677118 ], [ -54.893698828013839, -27.114756232895616 ], [ -54.89341270906192, -27.11482975360417 ], [ -54.893373070553537, -27.114804953569433 ], [ -54.893071488449436, -27.114835046253518 ], [ -54.893081095324817, -27.114883315614009 ], [ -54.893041197312755, -27.114902785620757 ], [ -54.89294171947904, -27.114795375703807 ], [ -54.891595448366672, -27.115134470765611 ], [ -54.890731243874086, -27.115214550418841 ], [ -54.889471032704421, -27.115435906356595 ], [ -54.885753726244445, -27.116237471622128 ], [ -54.882966005694414, -27.116448032371977 ], [ -54.881525376706691, -27.114665457751869 ], [ -54.881497105051722, -27.114647844886633 ], [ -54.878896978113573, -27.114955614382666 ], [ -54.878585539204437, -27.113186320040427 ], [ -54.878540771304756, -27.113192673686115 ], [ -54.878159815635399, -27.114025412923525 ], [ -54.876448583401384, -27.11307586330679 ], [ -54.876411344093299, -27.113050484100597 ], [ -54.875585454670841, -27.113195220361263 ], [ -54.875355257452838, -27.111514751162815 ], [ -54.875183857886896, -27.110016121756018 ], [ -54.87517557768615, -27.110017678963516 ], [ -54.875117640932956, -27.109982461832885 ], [ -54.875017239778515, -27.109115112976099 ], [ -54.875051247026761, -27.109090845590003 ], [ -54.875197513168985, -27.109063568507565 ], [ -54.87504100913543, -27.108525204248338 ], [ -54.874990574499918, -27.108355223895785 ], [ -54.874899962880988, -27.107876321306378 ], [ -54.874897380459458, -27.107863874143959 ], [ -54.87498129282443, -27.10782550598617 ], [ -54.875019482149639, -27.107683813898575 ], [ -54.874965388508485, -27.106917758255577 ], [ -54.874963815489878, -27.106899355216058 ], [ -54.874962648516089, -27.106899531446288 ], [ -54.871906750437404, -27.103773374642003 ], [ -54.87194529836529, -27.10377256948243 ], [ -54.871599879511677, -27.103441029218232 ], [ -54.871606965793831, -27.103433486305335 ], [ -54.87110247752878, -27.102885683176623 ], [ -54.870571001290728, -27.101740237788476 ], [ -54.868415094640909, -27.097297471605089 ], [ -54.867949716470434, -27.09375971686535 ], [ -54.867064499805565, -27.093888369639728 ], [ -54.866282999969712, -27.094002145076558 ], [ -54.865889574912728, -27.092855154553263 ], [ -54.865908783272971, -27.09284532797966 ], [ -54.865759572586853, -27.092582625444209 ], [ -54.86510807840034, -27.091688293336631 ], [ -54.867031340793233, -27.091907816732885 ], [ -54.867057773950762, -27.091899074413959 ], [ -54.867279185040047, -27.091930034757468 ], [ -54.868069363641439, -27.092240685619856 ], [ -54.868781122505482, -27.092147411013059 ], [ -54.868930380639085, -27.092086416972109 ], [ -54.869267876276979, -27.092042035014799 ], [ -54.868889296944474, -27.091943991322523 ], [ -54.868887288365499, -27.091942865735803 ], [ -54.868297684259232, -27.090209935305609 ], [ -54.868050305340489, -27.08968830985043 ], [ -54.868015410819396, -27.089554098805422 ], [ -54.865622016477346, -27.090156895395637 ], [ -54.866145066677632, -27.089208282245124 ], [ -54.866727619326241, -27.087694035113714 ], [ -54.869892486324773, -27.086283436625195 ], [ -54.869895581208425, -27.086283225249588 ], [ -54.869894470805946, -27.086465349129469 ], [ -54.869906925669227, -27.086461220612648 ], [ -54.869969276726465, -27.086261530411548 ], [ -54.869971204657759, -27.086259361049713 ], [ -54.870007096061556, -27.086242216397011 ], [ -54.870010579773179, -27.086240548586147 ], [ -54.870910466307294, -27.085852850637536 ], [ -54.871155845069154, -27.086178267036814 ], [ -54.871031210361537, -27.086602996900524 ], [ -54.87101913576322, -27.086663317852299 ], [ -54.871942640599798, -27.08760320278725 ], [ -54.872015701110058, -27.087615440713421 ], [ -54.872385098453549, -27.087500365896346 ], [ -54.87266360132196, -27.087135249153107 ], [ -54.873042434083857, -27.08724581891596 ], [ -54.873955524045869, -27.086720205013421 ], [ -54.874046254124778, -27.086174078211229 ], [ -54.874175068583895, -27.086125843068714 ], [ -54.874180721536106, -27.086124511601042 ], [ -54.874312604931447, -27.086090269667068 ], [ -54.874318665371504, -27.086019357392672 ], [ -54.875016654471722, -27.085780741062706 ], [ -54.876280927531354, -27.085531541353305 ], [ -54.877608191298918, -27.086076454411625 ], [ -54.878980636918072, -27.086206290139728 ], [ -54.879041427224024, -27.086215764466942 ], [ -54.880051024317936, -27.086841287272762 ], [ -54.881362344919125, -27.085802109202746 ], [ -54.883073848173524, -27.08470168954932 ], [ -54.883406468021747, -27.084528241351279 ], [ -54.884735571820386, -27.08330512978938 ], [ -54.885199506077981, -27.083073065871076 ], [ -54.885237585054767, -27.083043149767718 ], [ -54.887576316871503, -27.082430014868351 ], [ -54.889317167940135, -27.079175394840263 ], [ -54.89130906784942, -27.077566710391864 ], [ -54.898145306110223, -27.077844975704352 ], [ -54.909882361765597, -27.073826327729421 ], [ -54.928875130678932, -27.024412988185759 ], [ -54.928876698320494, -27.024403299312155 ], [ -54.934290111628513, -27.019330421507902 ], [ -54.934669002144915, -26.992015191661835 ], [ -54.935749452060293, -26.990959291858417 ], [ -54.935728032374641, -26.990947279873581 ], [ -54.935723332210557, -26.990919855871027 ], [ -54.935569623801541, -26.98949915470979 ], [ -54.939017866977053, -26.985889432858585 ], [ -54.93715995087922, -26.970437233555629 ], [ -54.946152396317643, -26.970900522434192 ], [ -54.946182657104771, -26.970885739238554 ], [ -54.951811981332753, -26.963285429622658 ], [ -54.954496062436192, -26.959238714492301 ], [ -54.953589776346632, -26.95830523312577 ], [ -54.953588115789046, -26.958237074380293 ], [ -54.952377773390481, -26.956644861225016 ], [ -54.95236670237199, -26.956642235474817 ], [ -54.952030778145058, -26.956119654128713 ], [ -54.952019470818357, -26.956113452135014 ], [ -54.951865176087665, -26.95580259875868 ], [ -54.951853297064929, -26.955795927231577 ], [ -54.951585611957853, -26.955377475586886 ], [ -54.94878540343484, -26.95140842913645 ], [ -54.938532191399986, -26.937768702630308 ], [ -54.935363519091879, -26.932390077509126 ], [ -54.939902249360671, -26.929300272287662 ], [ -54.941241903196783, -26.927193240869258 ], [ -54.941654835708277, -26.926906992182126 ], [ -54.941899263381458, -26.926084445434753 ], [ -54.941916291719963, -26.926052628180969 ], [ -54.941930738851738, -26.926056883254773 ], [ -54.942237856161512, -26.925589739421355 ], [ -54.942273547869149, -26.92557127705561 ], [ -54.943483013735431, -26.925276592478042 ], [ -54.944130563940007, -26.925418847781771 ], [ -54.944166864344197, -26.925431958489071 ], [ -54.944516561245052, -26.9255429905661 ], [ -54.946271403732112, -26.9248746231072 ], [ -54.9463152742033, -26.924845304480584 ], [ -54.946853786654628, -26.924345822510986 ], [ -54.947573217020306, -26.923979343732469 ], [ -54.947621369250328, -26.923932981854307 ], [ -54.947744465384972, -26.922979275079797 ], [ -54.948011696589447, -26.921671585502452 ], [ -54.948609767068092, -26.921557891052771 ], [ -54.949796444160199, -26.919608604352732 ], [ -54.949285208756692, -26.919295481995448 ], [ -54.949245851112892, -26.919294257944159 ], [ -54.947937346930473, -26.919854527174664 ], [ -54.942690949083897, -26.919335494472421 ], [ -54.942691290043797, -26.919334114508786 ], [ -54.94447290134093, -26.912742863742892 ], [ -54.946056904222132, -26.912148067806754 ], [ -54.957535362905787, -26.907971238445612 ], [ -54.957559466625526, -26.907896176580095 ], [ -54.957604087428479, -26.907885873174052 ], [ -54.957584061132479, -26.907854216531405 ], [ -54.953924629036919, -26.900319642877264 ], [ -54.953936570207077, -26.900278401776063 ], [ -54.953432793613331, -26.899327005712792 ], [ -54.95235941646348, -26.897659124877237 ], [ -54.955506983701014, -26.89788351887546 ], [ -54.961558679687926, -26.893635696952799 ], [ -54.961579091062106, -26.893668081707858 ], [ -54.961592870318611, -26.893661355015411 ], [ -54.962298347088677, -26.893408989685611 ], [ -54.962315681177586, -26.893417328891417 ], [ -54.963377157531681, -26.892918345931719 ], [ -54.967826855330713, -26.889502254307047 ], [ -54.967834911826969, -26.889469525473544 ], [ -54.969409961196391, -26.888435423535327 ], [ -54.969415348330699, -26.888413970782324 ], [ -54.964671295293897, -26.881652425730294 ], [ -54.964627098720825, -26.881679874057284 ], [ -54.96460091408261, -26.88163817807515 ], [ -54.964071360055698, -26.880889447482957 ], [ -54.964913751908341, -26.880411278527333 ], [ -54.964958339717668, -26.880382997887637 ], [ -54.964985145937135, -26.880425731212767 ], [ -54.969745167739973, -26.877720262079151 ], [ -54.970689035189366, -26.870289679158645 ], [ -54.970696446140039, -26.870253688435014 ], [ -54.969426199930581, -26.868455237273224 ], [ -54.969428768141029, -26.868399810730125 ], [ -54.967345667024915, -26.866189793049728 ], [ -54.974445659168623, -26.861317133826958 ], [ -54.976236254457206, -26.860425375445573 ], [ -54.97687108200887, -26.859386173947314 ], [ -54.976965221200089, -26.859283775529832 ], [ -54.978006255090179, -26.85802310871793 ], [ -54.978007025170029, -26.858021410221909 ], [ -54.977948620614313, -26.857952349760353 ], [ -54.978411065884927, -26.857973345493519 ], [ -54.978524275965526, -26.858004913605384 ], [ -54.980713277633981, -26.852577900874337 ], [ -54.98014460534705, -26.851660862515303 ], [ -54.980142791423646, -26.851643900829743 ], [ -54.978943783867294, -26.846109536532424 ], [ -54.977292428453438, -26.844628351162669 ], [ -54.978263054213926, -26.842943778173321 ], [ -54.978264191929895, -26.842929535372718 ], [ -54.978260793464472, -26.842895636205299 ], [ -54.977031449877927, -26.841109632943926 ], [ -54.982554243992297, -26.838699349791057 ], [ -54.982579172028466, -26.838704622229102 ], [ -54.984299943382155, -26.835569318572027 ], [ -54.981788777553788, -26.834318882323544 ], [ -54.982666955523257, -26.833440656631183 ], [ -54.982633995394394, -26.833408895755667 ], [ -54.981523298288892, -26.831883475412269 ], [ -54.981513674886571, -26.831880817375747 ], [ -54.981323983636685, -26.831973182364379 ], [ -54.980361351010401, -26.832040289567374 ], [ -54.976343883380196, -26.830176391221471 ], [ -54.976332017216237, -26.830182899638658 ], [ -54.976286445391963, -26.830178683259248 ], [ -54.975213095000811, -26.830541220385783 ], [ -54.975161238514545, -26.830536002156464 ], [ -54.97278128892566, -26.829932532798694 ], [ -54.971643956620426, -26.830901020493343 ], [ -54.97161922522173, -26.830925655018007 ], [ -54.969928904735411, -26.829347140572622 ], [ -54.970000107377757, -26.828411812694355 ], [ -54.966985468263147, -26.825284887735222 ], [ -54.965951886477285, -26.825632030754889 ], [ -54.965682059157075, -26.825254068832862 ], [ -54.964851277344337, -26.824685943114559 ], [ -54.964438338650211, -26.824269131957521 ], [ -54.964323692544838, -26.82403317413781 ], [ -54.964320461716852, -26.823992635591878 ], [ -54.963942859733834, -26.823170832077153 ], [ -54.9638214281199, -26.822903292122419 ], [ -54.963820270428641, -26.822885787506607 ], [ -54.963277931827974, -26.822502178359343 ], [ -54.963208496873449, -26.822376278943523 ], [ -54.963204802132225, -26.822372441157086 ], [ -54.963086583868687, -26.82233422964714 ], [ -54.962842693654295, -26.822268613315487 ], [ -54.96271246857458, -26.822471092634999 ], [ -54.962694586466512, -26.822586958131126 ], [ -54.962673699582297, -26.8225851254129 ], [ -54.962498046671044, -26.82284184394598 ], [ -54.962538615473932, -26.822892367481757 ], [ -54.962561893018176, -26.822921305564705 ], [ -54.962546802580164, -26.822933054111729 ], [ -54.962273069025741, -26.823082513821134 ], [ -54.962169075742793, -26.82317201003417 ], [ -54.962143496517285, -26.823168700169845 ], [ -54.962121038413443, -26.82313968149316 ], [ -54.961765476203368, -26.823385506917532 ], [ -54.961555230696604, -26.823656941029071 ], [ -54.961252634253924, -26.824029854573553 ], [ -54.961229231256254, -26.824102087081712 ], [ -54.961189967932114, -26.824129929020671 ], [ -54.961189502139632, -26.824138068598756 ], [ -54.961096486107806, -26.824227886735969 ], [ -54.961061428773689, -26.824255881291606 ], [ -54.961054443003491, -26.824247320585243 ], [ -54.961016301772474, -26.824173755939228 ], [ -54.961009082261342, -26.824167512673057 ], [ -54.960998812519676, -26.824118547049068 ], [ -54.961008118232144, -26.824046138109054 ], [ -54.960874497328007, -26.823759747198949 ], [ -54.960859749697875, -26.823743973933233 ], [ -54.960867071231746, -26.823686842030725 ], [ -54.960719098212905, -26.823623873558518 ], [ -54.960701366509511, -26.823604096754877 ], [ -54.9605680573124, -26.823526203753204 ], [ -54.960275899878241, -26.823189215503646 ], [ -54.959883634163418, -26.822624164181661 ], [ -54.959795146174542, -26.822358405100488 ], [ -54.959772866470814, -26.82233364054315 ], [ -54.95976787975502, -26.822264152378011 ], [ -54.959747140987702, -26.822241101131283 ], [ -54.959332840874652, -26.822154140917178 ], [ -54.959245743508291, -26.821681472532021 ], [ -54.958965204044148, -26.821483144264334 ], [ -54.958892454385364, -26.821449997770344 ], [ -54.958831276424689, -26.821444515136989 ], [ -54.958606244795249, -26.821475365375875 ], [ -54.958499562222983, -26.82161460141964 ], [ -54.958418772720336, -26.821769616939719 ], [ -54.958405575958864, -26.82178871506909 ], [ -54.958280257790932, -26.821713548669948 ], [ -54.958225166323984, -26.821687200755434 ], [ -54.95816493725016, -26.821654254758187 ], [ -54.958080051440675, -26.821588606194894 ], [ -54.958045522982559, -26.821551297724568 ], [ -54.958074956615064, -26.821526545466156 ], [ -54.958086061437257, -26.82150441018058 ], [ -54.958125548094415, -26.821488218865284 ], [ -54.958076394059333, -26.821354519716351 ], [ -54.958040510515332, -26.82131360390315 ], [ -54.958029232249146, -26.821300390884005 ], [ -54.957986504192434, -26.821247121766248 ], [ -54.957954330304688, -26.821264281152082 ], [ -54.957917771689608, -26.821296612192612 ], [ -54.957911373734305, -26.821238904236225 ], [ -54.957894129019849, -26.821222627080431 ], [ -54.957861175004496, -26.821188139207152 ], [ -54.957867664481739, -26.821141738449342 ], [ -54.957785074654851, -26.82112857305134 ], [ -54.957781963408763, -26.821167914312582 ], [ -54.957737940189872, -26.821164441144447 ], [ -54.957711592598116, -26.821178759027134 ], [ -54.957712183540878, -26.821171856660726 ], [ -54.957699055076887, -26.821166918703852 ], [ -54.95769522383614, -26.82115518584169 ], [ -54.957709054920599, -26.8211331238453 ], [ -54.957712080153385, -26.82109477831284 ], [ -54.957754986045529, -26.821098171462609 ], [ -54.957704448399909, -26.821030752093407 ], [ -54.957668683509951, -26.820993322512209 ], [ -54.957642586378711, -26.820973082135083 ], [ -54.957632287047204, -26.821011271204327 ], [ -54.957586984063255, -26.821016814546908 ], [ -54.957584304892009, -26.821018092375425 ], [ -54.957583960677539, -26.821014236862027 ], [ -54.95757845446883, -26.820950738648378 ], [ -54.95764043175825, -26.820969821147628 ], [ -54.957625681956415, -26.820920833493346 ], [ -54.957645885154648, -26.820896672968217 ], [ -54.957596280363077, -26.820847725214264 ], [ -54.957587592535106, -26.820836864009323 ], [ -54.957542235959124, -26.820813631775877 ], [ -54.957505192568533, -26.820773938832644 ], [ -54.957405765246278, -26.8207683753227 ], [ -54.957387494663521, -26.820774876221378 ], [ -54.957296317612531, -26.820830347400658 ], [ -54.957037009161468, -26.820596875536864 ], [ -54.95700049876632, -26.820556711515508 ], [ -54.957018947392669, -26.820397388006654 ], [ -54.95702630821512, -26.820338223185161 ], [ -54.957036748670134, -26.820329286896822 ], [ -54.957392864016583, -26.820116297619393 ], [ -54.957419287186269, -26.820121949970712 ], [ -54.957674042718395, -26.820046585463899 ], [ -54.958185081780471, -26.819653509853083 ], [ -54.958218493404786, -26.819586423819203 ], [ -54.9582521111289, -26.81955839722724 ], [ -54.958485197299865, -26.819371279717359 ], [ -54.958540109237106, -26.81944920587614 ], [ -54.958680300543733, -26.819692212858399 ], [ -54.958685308858037, -26.819698161461702 ], [ -54.958679314326332, -26.819703186455399 ], [ -54.95870179262181, -26.819730154274737 ], [ -54.958777329508848, -26.819736494089796 ], [ -54.958800449043395, -26.819730839886461 ], [ -54.958832301499115, -26.819710498562131 ], [ -54.958834280704195, -26.819708876051095 ], [ -54.959501087148169, -26.819152657080394 ], [ -54.959542283231258, -26.819158445881044 ], [ -54.959760138519471, -26.819011727745533 ], [ -54.959893896802669, -26.819176945193703 ], [ -54.960060748524086, -26.819354106166713 ], [ -54.96010813039328, -26.819356571794401 ], [ -54.96013978239057, -26.819359115211 ], [ -54.960432753274119, -26.8190998597413 ], [ -54.960883018281095, -26.818787586141127 ], [ -54.960849432811472, -26.818747836170019 ], [ -54.96089028571015, -26.818714082729173 ], [ -54.960945206365636, -26.818672020891256 ], [ -54.960962134724525, -26.818688666207379 ], [ -54.960964111305486, -26.818688857021755 ], [ -54.96195158866874, -26.819046716967534 ], [ -54.962184288881872, -26.819240242274248 ], [ -54.962208522529693, -26.81924195126328 ], [ -54.962360122812868, -26.819357551919097 ], [ -54.963379536794776, -26.819289253504508 ], [ -54.963958369908141, -26.819174722253535 ], [ -54.964866284652317, -26.818444400014698 ], [ -54.964890285062097, -26.818423633239263 ], [ -54.965543515600473, -26.817922661122168 ], [ -54.965556984082525, -26.817879074559528 ], [ -54.965675087626721, -26.817639152137076 ], [ -54.967716623661772, -26.81641204505155 ], [ -54.969820525748787, -26.812424934413457 ], [ -54.969932332122823, -26.812501740032644 ], [ -54.971360495061845, -26.81138716401324 ], [ -54.973567788240757, -26.813795254505692 ], [ -54.975043064858767, -26.814326876567179 ], [ -54.975601482998002, -26.812992498917083 ], [ -54.976020228110769, -26.811945751352653 ], [ -54.97600778333873, -26.811932229435911 ], [ -54.976002052393142, -26.811875974582847 ], [ -54.974680814303099, -26.810503174822145 ], [ -54.974655813868992, -26.810525767508523 ], [ -54.974625019974098, -26.810491968872384 ], [ -54.973749945668544, -26.809602268732249 ], [ -54.973737282501418, -26.809588547135149 ], [ -54.974136951726337, -26.809280355141084 ], [ -54.976336459460583, -26.807593140868619 ], [ -54.976378216293426, -26.807601527473025 ], [ -54.978504615078691, -26.80593093990899 ], [ -54.979152444594035, -26.805866326697412 ], [ -54.980971982844949, -26.805956988385674 ], [ -54.981144096773221, -26.805715184544454 ], [ -54.982161554534287, -26.805099303848806 ], [ -54.982190635331051, -26.805099188664656 ], [ -54.984322333873706, -26.805415701310096 ], [ -54.984364663239262, -26.805399513030636 ], [ -54.985725076818824, -26.803128828514843 ], [ -54.986253845858243, -26.802866306135854 ], [ -54.986261764971232, -26.802852250697583 ], [ -54.98626687970733, -26.802834046968428 ], [ -54.986170507211568, -26.802487612718494 ], [ -54.987478456516612, -26.801416762105873 ], [ -54.987525362310635, -26.801428558750956 ], [ -54.988465873674954, -26.800381124779108 ], [ -54.990728133743858, -26.802035836077266 ], [ -54.990794683309957, -26.80202927979326 ], [ -54.990651259018648, -26.800161754862586 ], [ -54.990651296288945, -26.800117419811215 ], [ -54.994999018448198, -26.80065144404432 ], [ -54.996326157830254, -26.800031014806109 ], [ -54.99637298440058, -26.800027006235382 ], [ -54.996828916510253, -26.800297996256404 ], [ -54.996884388290596, -26.800291119651888 ], [ -54.998810791624237, -26.799996615410976 ], [ -54.998992368752624, -26.80037797648896 ], [ -54.999049622720577, -26.800354747776396 ], [ -54.999221420083131, -26.800708701456358 ], [ -54.999260769738555, -26.800705632474603 ], [ -54.999550128866076, -26.80033456509841 ], [ -54.999565850671161, -26.800348560896339 ], [ -55.000021203959307, -26.799824249072003 ], [ -55.000394108074829, -26.799375887859355 ], [ -55.001277542086257, -26.798201072512768 ], [ -55.001269652533267, -26.798171800219734 ], [ -55.001211056129534, -26.798209629604344 ], [ -55.002881457822298, -26.796309181182494 ], [ -55.002890154915349, -26.796251876784311 ], [ -55.004912427936517, -26.794915944466993 ], [ -55.004934091474638, -26.794930849770992 ], [ -55.004920370807156, -26.795031701079665 ], [ -55.006250866360006, -26.794104159925894 ], [ -55.006265897804894, -26.794047342911767 ], [ -55.006329676475673, -26.793973587557787 ], [ -55.00822013663111, -26.793123224944395 ], [ -55.008886390584735, -26.792856774485529 ], [ -55.009346726155457, -26.791872485859983 ], [ -55.009352518139224, -26.791869045452302 ], [ -55.01103872642949, -26.791206049921129 ], [ -55.011845967311444, -26.788673638365651 ], [ -55.014685273711677, -26.789351662888407 ], [ -55.022034828130415, -26.78948602608051 ], [ -55.02201949577443, -26.789458734339121 ], [ -55.026238475780929, -26.791788640349466 ], [ -55.027170231736591, -26.792364699371888 ], [ -55.028525758505111, -26.793197089887542 ], [ -55.028841946895795, -26.793206125405391 ], [ -55.029212234471231, -26.793298528507705 ], [ -55.029963416849398, -26.793594358875453 ], [ -55.030337289747706, -26.793746849909212 ], [ -55.033727983534789, -26.795055575072752 ], [ -55.034167258342791, -26.795225546854908 ], [ -55.042150636761676, -26.79717847385831 ], [ -55.041822794734344, -26.796440938299554 ], [ -55.041648015168334, -26.796123003945411 ], [ -55.056701973371901, -26.804542315770902 ], [ -55.078580018072671, -26.820607661794952 ], [ -55.078393092, -26.82038280799992 ], [ -55.077931893999846, -26.819522395999968 ], [ -55.076319483999839, -26.817623302999948 ], [ -55.074972253999931, -26.816080152999803 ], [ -55.072816081999974, -26.813235057999862 ], [ -55.071467248999909, -26.811216185999967 ], [ -55.069186453999862, -26.809081946999868 ], [ -55.067437394999899, -26.807067411 ], [ -55.065426815999899, -26.805289377999941 ], [ -55.063679550999836, -26.803750525 ], [ -55.061136850999958, -26.801861665999866 ], [ -55.060372131999827, -26.801380297999913 ], [ -55.057542883999872, -26.798984766999922 ], [ -55.051697387999923, -26.796595737999894 ], [ -55.044987773999878, -26.79441003099987 ], [ -55.040921340999944, -26.793240930999957 ], [ -55.035270649999859, -26.792071738999937 ], [ -55.034168456999964, -26.791673440999944 ], [ -55.031632986999966, -26.790973537000013 ], [ -55.029235581000023, -26.790514718999987 ], [ -55.026703385000019, -26.789698266999835 ], [ -55.024172758999896, -26.789357444999894 ], [ -55.021771935999936, -26.789019450999888 ], [ -55.018577752999875, -26.788802424999972 ], [ -55.016313827999966, -26.788579781999942 ], [ -55.013521382000022, -26.788479650999818 ], [ -55.010325512, -26.788145693 ], [ -55.00739659899989, -26.787925528999892 ], [ -55.004472055, -26.78806895799994 ], [ -55.001946288999932, -26.788086936000013 ], [ -54.998885575999907, -26.788105856999891 ], [ -54.996089711000025, -26.788126314999886 ], [ -54.993967380000015, -26.788377953999941 ], [ -54.99130623100001, -26.788755917999936 ], [ -54.990779339000028, -26.788784251999971 ], [ -54.988781942999879, -26.788894866999897 ], [ -54.986389487, -26.789148949999856 ], [ -54.983466743999941, -26.789408669999943 ], [ -54.975960081999915, -26.78988612399985 ], [ -54.972693611999944, -26.789839788999927 ], [ -54.970828430999973, -26.789495594999948 ], [ -54.968830372999946, -26.788910507999844 ], [ -54.96615891499988, -26.788094040999965 ], [ -54.961778398999911, -26.785514708999983 ], [ -54.95625982099989, -26.781355538999946 ], [ -54.955046789999983, -26.779572490000021 ], [ -54.95369751599992, -26.777315088999956 ], [ -54.952354499999899, -26.775533571999972 ], [ -54.95140666799989, -26.773747729999911 ], [ -54.950866263999956, -26.772559409 ], [ -54.950057515999902, -26.771490325999935 ], [ -54.949382901999968, -26.769939924999903 ], [ -54.948699904999842, -26.768155767999986 ], [ -54.948293174999947, -26.766844993999882 ], [ -54.947745224999892, -26.765059589999964 ], [ -54.94706585, -26.763154517999965 ], [ -54.946380120999947, -26.761127958999907 ], [ -54.945966312999985, -26.758861248000017 ], [ -54.945865613999899, -26.758227310999985 ], [ -54.944241909000027, -26.752729096999985 ], [ -54.944231465999962, -26.742254864000017 ], [ -54.944176271999936, -26.735355058999858 ], [ -54.944662527999924, -26.729977160999965 ], [ -54.945413320999876, -26.724600919000011 ], [ -54.946011615999907, -26.72200589 ], [ -54.947291732999872, -26.717910268999958 ], [ -54.94805418899989, -26.714657123 ], [ -54.948714983999935, -26.711759789999974 ], [ -54.948765814999888, -26.709472421999806 ], [ -54.94912162799983, -26.704287719999911 ], [ -54.948765814999888, -26.699560491999932 ], [ -54.948308340999859, -26.695849872999872 ], [ -54.947749206999958, -26.692901709000012 ], [ -54.946529277000025, -26.690258527999902 ], [ -54.945360177999817, -26.687818667999977 ], [ -54.944038586999909, -26.685124657000017 ], [ -54.942157861999988, -26.682379814999933 ], [ -54.937532294999983, -26.678974177999862 ], [ -54.932093441, -26.675517709999951 ], [ -54.926959569999951, -26.672315393999952 ], [ -54.921622377999881, -26.66931640099989 ], [ -54.919487500999878, -26.668248961999836 ], [ -54.916945979999923, -26.667384845000015 ], [ -54.910338027999842, -26.664995815999873 ], [ -54.904594191999877, -26.663216751999869 ], [ -54.898392881999882, -26.661539347999963 ], [ -54.895393887999887, -26.660471909999842 ], [ -54.888226800999917, -26.658032049999861 ], [ -54.884617842000011, -26.657015441999931 ], [ -54.880297256999825, -26.655998833999945 ], [ -54.873892625999986, -26.655338038999901 ], [ -54.86819962099986, -26.655185547999963 ], [ -54.862455784999952, -26.655083886999989 ], [ -54.858592673999965, -26.655643020999889 ], [ -54.855797000999871, -26.656303815999877 ], [ -54.849341539999955, -26.660014435999926 ], [ -54.845478428999911, -26.663165920999916 ], [ -54.840320266999868, -26.668732897999917 ], [ -54.839746102999982, -26.669352568000022 ], [ -54.838657863999913, -26.670591780999985 ], [ -54.836675720999949, -26.671916904999932 ], [ -54.834687266, -26.673120525999877 ], [ -54.832966080999881, -26.673729582999897 ], [ -54.831506772000012, -26.674098118000018 ], [ -54.829913671999918, -26.674104552000017 ], [ -54.826190530999895, -26.674364344000026 ], [ -54.823662406999972, -26.673903892999931 ], [ -54.820868566, -26.673320350999973 ], [ -54.819004173999929, -26.672378015999982 ], [ -54.816868785999986, -26.671316784999931 ], [ -54.815133097, -26.670251802 ], [ -54.813396995999881, -26.668706868999891 ], [ -54.812421397999969, -26.667842231999941 ], [ -54.810507108999957, -26.664233360000026 ], [ -54.807138953, -26.658687633999932 ], [ -54.806939731999933, -26.658119522999812 ], [ -54.805733909999901, -26.656215122999981 ], [ -54.804522831999975, -26.654314899999974 ], [ -54.803176832999895, -26.651931422000018 ], [ -54.802295254999876, -26.650977147999924 ], [ -54.801001822999865, -26.648475933999919 ], [ -54.798206150999931, -26.644866975000014 ], [ -54.797377645999859, -26.643688656999871 ], [ -54.795918782999934, -26.64161382899988 ], [ -54.789278836999983, -26.634298705999925 ], [ -54.788566235999895, -26.633510223999963 ], [ -54.787484707999965, -26.630648730999894 ], [ -54.786136973999987, -26.627673091999895 ], [ -54.785461049999924, -26.625763568999901 ], [ -54.784777889999987, -26.623261617000026 ], [ -54.785031683999932, -26.62146895199993 ], [ -54.78448530299994, -26.619562482999925 ], [ -54.784474049999972, -26.617292460999863 ], [ -54.784188762999918, -26.614670137999951 ], [ -54.784308576999877, -26.612519860999953 ], [ -54.784424666999882, -26.610490460999983 ], [ -54.784380280999869, -26.605320919 ], [ -54.78542847, -26.60152965199984 ], [ -54.786094187, -26.59979822899993 ], [ -54.787175952999974, -26.596984731999953 ], [ -54.788294221999877, -26.593985737999958 ], [ -54.789869963999877, -26.591393387999972 ], [ -54.791846871000018, -26.588716765999834 ], [ -54.793377261999979, -26.586208685999964 ], [ -54.794997220999903, -26.583329284999934 ], [ -54.795766291999939, -26.580668171999946 ], [ -54.795969612999897, -26.579244919999951 ], [ -54.797037052, -26.576550908999877 ], [ -54.798917776999929, -26.574060218999875 ], [ -54.800747670999897, -26.572281154999928 ], [ -54.803543343999934, -26.56943465199987 ], [ -54.806186524999873, -26.565774863 ], [ -54.807253963, -26.564554932999954 ], [ -54.808168910999939, -26.562623378000012 ], [ -54.808728045, -26.56069182199991 ], [ -54.808728045, -26.558556944999907 ], [ -54.808677214999989, -26.556015424999941 ], [ -54.808067249999965, -26.553423073999966 ], [ -54.807152302999839, -26.551339026999926 ], [ -54.806643998999903, -26.549509132999844 ], [ -54.805779881999968, -26.547120103999987 ], [ -54.804610781999884, -26.544070278999868 ], [ -54.803645004999908, -26.540867963999858 ], [ -54.802577565999968, -26.537665647999859 ], [ -54.801611787999889, -26.535225788999867 ], [ -54.800239367000017, -26.532633437999948 ], [ -54.798816115999955, -26.530193577999853 ], [ -54.797189542999831, -26.527194583999972 ], [ -54.795461309000018, -26.524653064 ], [ -54.793478922999952, -26.521908221999922 ], [ -54.79154736800001, -26.51946836299993 ], [ -54.789107507999915, -26.516723521000017 ], [ -54.787379274999921, -26.514944455999967 ], [ -54.783211180999842, -26.510573040999873 ], [ -54.780801849999989, -26.508874350999918 ], [ -54.778178970999875, -26.506608269999901 ], [ -54.775281638000024, -26.504219240999873 ], [ -54.772943439000016, -26.50284682 ], [ -54.769486970999935, -26.501423568 ], [ -54.766233824999972, -26.49969533399991 ], [ -54.76226905399983, -26.497611287999973 ], [ -54.757745147999913, -26.495069768 ], [ -54.75454283199997, -26.49283322999986 ], [ -54.752001312, -26.490952504999882 ], [ -54.749561451999909, -26.488055170999871 ], [ -54.747426574999849, -26.4856661419999 ], [ -54.745444188999954, -26.483124621999934 ], [ -54.743614294999816, -26.481294726999863 ], [ -54.741377756999952, -26.478854867999871 ], [ -54.736955510999906, -26.47478843499988 ], [ -54.733600704999958, -26.472094423999977 ], [ -54.728975137999953, -26.468485464999901 ], [ -54.726738599999806, -26.46665557 ], [ -54.721757219999859, -26.462538306999875 ], [ -54.716725009999948, -26.457963571 ], [ -54.714081828999838, -26.455523710999898 ], [ -54.710472869999933, -26.451762261 ], [ -54.708388822999893, -26.449525722999851 ], [ -54.706762249999883, -26.447289185999978 ], [ -54.705288167999925, -26.444595174000028 ], [ -54.705097822999903, -26.44422180499987 ], [ -54.703966578, -26.442002822999939 ], [ -54.702695817999938, -26.438952998999923 ], [ -54.701475887999891, -26.43575068299981 ], [ -54.700205127999823, -26.431531759999984 ], [ -54.699544331999959, -26.428481934999866 ], [ -54.69949476427422, -26.428244717812731 ], [ -54.69550274376752, -26.424045572661498 ], [ -54.691584931722446, -26.424083618023587 ], [ -54.69154663590399, -26.424110004414842 ], [ -54.688968248148058, -26.421707542292893 ], [ -54.68896519891581, -26.421645689666605 ], [ -54.688960919593001, -26.421568694196139 ], [ -54.688948431497636, -26.421409519222777 ], [ -54.688940832663093, -26.421332712131345 ], [ -54.688676435906245, -26.419324762770771 ], [ -54.689802384558504, -26.419705581551455 ], [ -54.691376722705911, -26.418620839034929 ], [ -54.689753804715451, -26.417107014945202 ], [ -54.689757974266513, -26.417067730901522 ], [ -54.689756582969835, -26.41706607033359 ], [ -54.688483610418757, -26.417315584922164 ], [ -54.688265822560879, -26.415951259737938 ], [ -54.686460665267703, -26.416852825088313 ], [ -54.686086628403473, -26.416112788032933 ], [ -54.68607403189111, -26.416104180728212 ], [ -54.685408094353647, -26.41600401082286 ], [ -54.685334568270662, -26.415976500311217 ], [ -54.685171219171593, -26.415913202598631 ], [ -54.68509824277254, -26.415883978687873 ], [ -54.685449812064178, -26.414131875085332 ], [ -54.685684710854105, -26.414175785401142 ], [ -54.685563858493651, -26.413891692697177 ], [ -54.684147858409972, -26.411651456869322 ], [ -54.685094798328009, -26.411885908014312 ], [ -54.685133086482324, -26.411895730535775 ], [ -54.685550407313087, -26.411990941806209 ], [ -54.685132120287903, -26.411890537897023 ], [ -54.685093832133646, -26.41188071537556 ], [ -54.685025523814033, -26.411031556449075 ], [ -54.684261827380396, -26.410872324854154 ], [ -54.684381266759658, -26.410325078338246 ], [ -54.684462667764251, -26.410301511297632 ], [ -54.684325809368033, -26.41026874540961 ], [ -54.68202074411812, -26.408165664093758 ], [ -54.682002349525646, -26.408148386097992 ], [ -54.682004099591495, -26.408150788581736 ], [ -54.680552229631303, -26.408406466863312 ], [ -54.681298307745124, -26.407478449136988 ], [ -54.68089085383707, -26.407387724338548 ], [ -54.680969920750158, -26.407023924580244 ], [ -54.680541559301275, -26.406536705847316 ], [ -54.679590521198975, -26.40782440545587 ], [ -54.679583057017624, -26.407828003003829 ], [ -54.678956196306956, -26.408267632744526 ], [ -54.678102413152828, -26.407718914308759 ], [ -54.677080590806895, -26.407434927268412 ], [ -54.67708261583266, -26.407395434028047 ], [ -54.677108531699162, -26.407100175300116 ], [ -54.676766652569881, -26.407321978775428 ], [ -54.677022250634934, -26.40850002811527 ], [ -54.676734825536812, -26.407314590182409 ], [ -54.675608474651256, -26.406790650213566 ], [ -54.675604643469399, -26.406775688178243 ], [ -54.676390725642648, -26.404301811832511 ], [ -54.676154956222092, -26.404273788642683 ], [ -54.676116343513343, -26.404265181926291 ], [ -54.676011292817122, -26.404163988717528 ], [ -54.675924409564345, -26.404222470366904 ], [ -54.675374068247095, -26.404510304859969 ], [ -54.675373276708626, -26.404510128345237 ], [ -54.675741181465582, -26.404181610108537 ], [ -54.675284509184905, -26.403635895158857 ], [ -54.67444188654008, -26.403973024878724 ], [ -54.674437988942543, -26.403969022464537 ], [ -54.674482880535493, -26.402949745489877 ], [ -54.674584472532786, -26.402913443874297 ], [ -54.674498636656779, -26.40282109317485 ], [ -54.674385008352658, -26.402916588684832 ], [ -54.674482795523488, -26.402949746830132 ], [ -54.674482749156198, -26.402949749831635 ], [ -54.674436253466183, -26.403969079818467 ], [ -54.6742633560076, -26.402924392498164 ], [ -54.673189557385285, -26.402943925727698 ], [ -54.673245954093034, -26.402176770463143 ], [ -54.67338969552452, -26.402141439549098 ], [ -54.673248620536924, -26.402010348351837 ], [ -54.673170285448919, -26.402130994933543 ], [ -54.673169948410134, -26.402130665395532 ], [ -54.672044507296789, -26.402036762468413 ], [ -54.672456115156933, -26.401237944859474 ], [ -54.671980605442059, -26.400796368282215 ], [ -54.671533026980001, -26.400392824267044 ], [ -54.670955378755195, -26.399947840188645 ], [ -54.670955178208146, -26.399947644383928 ], [ -54.671055852947973, -26.399919094836321 ], [ -54.670958111616073, -26.399818405046915 ], [ -54.670956841618533, -26.399907951336274 ], [ -54.670954977756935, -26.399947490769762 ], [ -54.670573995400446, -26.399553847786194 ], [ -54.669950739292233, -26.398955527228566 ], [ -54.669391949489579, -26.39838979580162 ], [ -54.669023876391407, -26.397998281231708 ], [ -54.667382026704956, -26.397368191142277 ], [ -54.667418732324052, -26.396616850007888 ], [ -54.666108616295389, -26.397320261884545 ], [ -54.666195644239622, -26.395457118487229 ], [ -54.665252319610261, -26.397516061427609 ], [ -54.661128646893019, -26.396603469761033 ], [ -54.657636803895798, -26.397158701446017 ], [ -54.6563280553666, -26.392596426827822 ], [ -54.656332340275014, -26.392558419491081 ], [ -54.656285561565312, -26.392593245040018 ], [ -54.656295380633708, -26.39261923514681 ], [ -54.656295303620198, -26.392619230432615 ], [ -54.653648695764332, -26.394555366055897 ], [ -54.655774638836021, -26.392561970354791 ], [ -54.653712070781182, -26.392385264350992 ], [ -54.65407340182071, -26.391022417592183 ], [ -54.65380485102537, -26.390778575866989 ], [ -54.651374209430173, -26.390737195657834 ], [ -54.651395300600257, -26.390245526050137 ], [ -54.651400421030814, -26.390166954040808 ], [ -54.651429305616659, -26.389691977004247 ], [ -54.651433837021671, -26.389613171831115 ], [ -54.65144813154717, -26.389099111665814 ], [ -54.65144974649462, -26.389059562206683 ], [ -54.65145495841324, -26.388964266363985 ], [ -54.651361163453203, -26.389053629397665 ], [ -54.651361007973094, -26.389053497143095 ], [ -54.650460861732029, -26.388998058287996 ], [ -54.650805414208605, -26.388413610286818 ], [ -54.650453837004989, -26.388062136205292 ], [ -54.650364227584816, -26.388009753177357 ], [ -54.650056303557051, -26.388371996407614 ], [ -54.649645604442242, -26.387753005077172 ], [ -54.648885001005851, -26.387698907301569 ], [ -54.648151824148215, -26.387633634354245 ], [ -54.648139471710806, -26.388925768203933 ], [ -54.647529847215139, -26.38892772467625 ], [ -54.647451410229792, -26.388926326076557 ], [ -54.647434166690914, -26.388930297221464 ], [ -54.646879586531441, -26.388907449256862 ], [ -54.646250938903904, -26.388077303662726 ], [ -54.644830231891035, -26.386215852082671 ], [ -54.64237339431952, -26.385089264691203 ], [ -54.642354217728894, -26.385065232624186 ], [ -54.641472788217925, -26.384329158804974 ], [ -54.641174381653116, -26.381634412664084 ], [ -54.638869984441158, -26.381548329410748 ], [ -54.640046485275775, -26.380739310340516 ], [ -54.638319348494349, -26.380639921178556 ], [ -54.63881054439247, -26.379624882304711 ], [ -54.636663734197668, -26.377766221956506 ], [ -54.630567262026148, -26.376824690743604 ], [ -54.630116660614078, -26.374929697972732 ], [ -54.628837188287207, -26.373624016690428 ], [ -54.628574389682115, -26.373341198815865 ], [ -54.622040149592749, -26.364964657168457 ], [ -54.621513306875102, -26.36144994334785 ], [ -54.620314236378988, -26.360254663429714 ], [ -54.620110138959774, -26.361631594629671 ], [ -54.62202370891913, -26.364966785544937 ], [ -54.622018871628029, -26.365020200518927 ], [ -54.619694362256439, -26.366260833976185 ], [ -54.618105359568972, -26.369190211514365 ], [ -54.618078681358213, -26.371868852500768 ], [ -54.617351549037664, -26.37302193045781 ], [ -54.616543774786066, -26.374337699418959 ], [ -54.616496287273208, -26.375124140639571 ], [ -54.616505844829021, -26.375794855553295 ], [ -54.619071607677427, -26.377013860813179 ], [ -54.619070643278917, -26.377048899753447 ], [ -54.616432646169642, -26.378453964555717 ], [ -54.616361881175408, -26.380793694654358 ], [ -54.616360771955044, -26.380832899098493 ], [ -54.615766557508948, -26.382610196598876 ], [ -54.616301663201853, -26.383098220981196 ], [ -54.621702257395839, -26.381054925519493 ], [ -54.621698634375491, -26.381170561471492 ], [ -54.621759631399186, -26.392981772677274 ], [ -54.616178329165109, -26.387034791917074 ], [ -54.615422896158236, -26.387660324535318 ], [ -54.616153295558092, -26.387736782448485 ], [ -54.615349194912824, -26.388004141411727 ], [ -54.61388558217277, -26.389243038891095 ], [ -54.613245167957757, -26.389841709245331 ], [ -54.612781449640863, -26.3920795473677 ], [ -54.612702945603814, -26.392077186171321 ], [ -54.612647268480998, -26.392074232734785 ], [ -54.612568806329364, -26.392071966385913 ], [ -54.611504633251343, -26.392053332301316 ], [ -54.611425790361807, -26.392051148990447 ], [ -54.611386729005346, -26.392048932808848 ], [ -54.608222014669877, -26.393249271964976 ], [ -54.608222376912011, -26.393248239244144 ], [ -54.608221090073926, -26.393249888663149 ], [ -54.606752835593966, -26.394159365868347 ], [ -54.606955503934728, -26.394316299340858 ], [ -54.60699794671757, -26.394167855976605 ], [ -54.608132441910357, -26.39420718388493 ], [ -54.608138170794575, -26.394211415293739 ], [ -54.608149978956305, -26.395198576335531 ], [ -54.608343871722752, -26.395377611287984 ], [ -54.60835130149502, -26.395198066278567 ], [ -54.609871491013905, -26.394378576098234 ], [ -54.609419589878485, -26.396221659304274 ], [ -54.609775351493738, -26.396560469751194 ], [ -54.609088744183452, -26.397040583639125 ], [ -54.609689409492773, -26.39779277092731 ], [ -54.608325221568805, -26.397779110368674 ], [ -54.608325110483349, -26.397779199199931 ], [ -54.608244664840072, -26.397710709547539 ], [ -54.60816724085845, -26.397777994833973 ], [ -54.608243321372527, -26.397817667937375 ], [ -54.608273099284474, -26.398775525504391 ], [ -54.608235131025992, -26.398811063000892 ], [ -54.607136619842436, -26.398708669927601 ], [ -54.607136375562732, -26.398707971956298 ], [ -54.607136334272809, -26.398707939984092 ], [ -54.607136163910241, -26.398709007495597 ], [ -54.605929025566752, -26.399456737042328 ], [ -54.607265911960155, -26.399779062929099 ], [ -54.606787973389658, -26.401994541914178 ], [ -54.605715020028754, -26.401781963448343 ], [ -54.604723760047534, -26.401478267446009 ], [ -54.603627164976956, -26.401212798707036 ], [ -54.604615544572539, -26.401149642601013 ], [ -54.603654385381276, -26.400280257616998 ], [ -54.603618129807444, -26.401170878306289 ], [ -54.603621688659075, -26.401174180886699 ], [ -54.603619285012371, -26.401213542490382 ], [ -54.602830239904279, -26.401651711545981 ], [ -54.601956149127886, -26.401335926979414 ], [ -54.601957089088899, -26.401296419097207 ], [ -54.601976589869878, -26.400859513369255 ], [ -54.601470765066779, -26.401280880279955 ], [ -54.601894358622189, -26.402083845371351 ], [ -54.600920560261841, -26.40204756602202 ], [ -54.600703399652446, -26.401589157298076 ], [ -54.59903828315106, -26.403048010040663 ], [ -54.59886924173685, -26.403295109880219 ], [ -54.598586977129514, -26.403542380426302 ], [ -54.598880233658974, -26.403896340994436 ], [ -54.598876786873177, -26.403975082214629 ], [ -54.598494146846406, -26.404887991873466 ], [ -54.598484967137608, -26.404887749076124 ], [ -54.596742660495693, -26.404661330063504 ], [ -54.596450575822359, -26.404309498250655 ], [ -54.596976842620961, -26.403499791021318 ], [ -54.596584611961816, -26.403060555729269 ], [ -54.595998219082048, -26.403476522234598 ], [ -54.595784237022144, -26.40432168106463 ], [ -54.595558273317863, -26.403501682154342 ], [ -54.595567974465382, -26.403462381410975 ], [ -54.595560225075815, -26.403454408590676 ], [ -54.595559353343901, -26.403462124605369 ], [ -54.595558218549399, -26.403501706898282 ], [ -54.594581683873002, -26.404280869109925 ], [ -54.594640920342954, -26.40530568280434 ], [ -54.594225166879994, -26.405235778796452 ], [ -54.594224303278111, -26.405235749508051 ], [ -54.594271053656598, -26.404309928742123 ], [ -54.594407334629068, -26.404274956205427 ], [ -54.594278087960333, -26.404149427519883 ], [ -54.594138769488552, -26.404263817152128 ], [ -54.594270899682897, -26.404309922355935 ], [ -54.594222870300996, -26.40523569007371 ], [ -54.593748675547943, -26.405258828661204 ], [ -54.593706358605175, -26.405257168860203 ], [ -54.592959862411988, -26.405224981816673 ], [ -54.593667890793427, -26.406319220510454 ], [ -54.59241478981096, -26.406753220732185 ], [ -54.591485580780954, -26.405602164300603 ], [ -54.590459858606039, -26.405882811059428 ], [ -54.589968770248845, -26.406314961718238 ], [ -54.589606522026145, -26.407444674014812 ], [ -54.58916587872352, -26.406354995664231 ], [ -54.589165800349292, -26.406354995706977 ], [ -54.58918998115422, -26.406315387135635 ], [ -54.589166131078684, -26.406315355980439 ], [ -54.589162842687188, -26.406313624362838 ], [ -54.589165876414086, -26.406315449059321 ], [ -54.589165674299124, -26.406355044532347 ], [ -54.587945283366366, -26.406813788556633 ], [ -54.586242819346467, -26.40843258809906 ], [ -54.586203392988637, -26.408432100979724 ], [ -54.586163983313838, -26.408430854980224 ], [ -54.585997494737114, -26.408425939037215 ], [ -54.585323622651003, -26.407699458041236 ], [ -54.584610397218682, -26.408107103138548 ], [ -54.584531976584685, -26.408139360792973 ], [ -54.584478492556741, -26.408087115992032 ], [ -54.584410931083539, -26.408376787192935 ], [ -54.584241960040117, -26.408389673654142 ], [ -54.58407287495146, -26.408402568934719 ], [ -54.584131716025411, -26.40842584296837 ], [ -54.584320245825438, -26.40844650006386 ], [ -54.584320127277522, -26.408446354815339 ], [ -54.584359131616566, -26.40845311048605 ], [ -54.58463513133762, -26.408500968461681 ], [ -54.584663596344058, -26.408592427101269 ], [ -54.584955872237856, -26.408599879618464 ], [ -54.584975330489669, -26.408977496910893 ], [ -54.585186356181339, -26.409234401231743 ], [ -54.585290307589162, -26.409299558456951 ], [ -54.586184279614486, -26.409357570907616 ], [ -54.587371937958835, -26.409520482663424 ], [ -54.588744664877026, -26.410390828112668 ], [ -54.588744947717657, -26.41039101336014 ] ] ], [ [ [ -54.588744947717657, -26.41039101336014 ], [ -54.588695639204957, -26.410428487035688 ], [ -54.588742208921872, -26.410474428981274 ], [ -54.588792955059489, -26.41043281367871 ], [ -54.588744947717657, -26.41039101336014 ] ] ], [ [ [ -54.589533918715574, -26.427322706568248 ], [ -54.589492844256085, -26.427360902912369 ], [ -54.589530272082015, -26.427396659887336 ], [ -54.589569363248074, -26.427363283337115 ], [ -54.589533918715574, -26.427322706568248 ] ] ], [ [ [ -54.360384651323329, -26.95869695967491 ], [ -54.360354217522797, -26.958594126818468 ], [ -54.360308573947634, -26.958610476535 ], [ -54.360384651323329, -26.95869695967491 ] ] ], [ [ [ -57.976997769312561, -27.305818891410411 ], [ -57.948251997424222, -27.310293324361737 ], [ -57.920435049971843, -27.306495541517393 ], [ -57.920397978471101, -27.30649640129559 ], [ -57.931474342339357, -27.299432193199834 ], [ -57.834661700277991, -27.318078825999862 ], [ -57.831230977999894, -27.322052635999967 ], [ -57.830197736, -27.32314431899988 ], [ -57.827240896999967, -27.32754474799998 ], [ -57.824089410999875, -27.330492911000022 ], [ -57.819616335999967, -27.334305191999988 ], [ -57.817379797999934, -27.335575951999886 ], [ -57.814679518999981, -27.336590606999891 ], [ -57.813700803999836, -27.337197307999986 ], [ -57.805291031999957, -27.339395834000015 ], [ -57.798421896999798, -27.340784083000017 ], [ -57.79495041399997, -27.341485668999894 ], [ -57.780883789999962, -27.341473246000021 ], [ -57.774428103999867, -27.340049027999953 ], [ -57.76675271299996, -27.338269963000016 ], [ -57.759890607999978, -27.337304185999869 ], [ -57.755923333, -27.337218925 ], [ -57.750944456999889, -27.337202524999896 ], [ -57.738795988999868, -27.33664339 ], [ -57.730764784999906, -27.336033425999801 ], [ -57.724309323999933, -27.334915156999898 ], [ -57.721157837999783, -27.333898547999809 ], [ -57.718108013999938, -27.332576957999891 ], [ -57.715536541999882, -27.330452243999957 ], [ -57.709418752999966, -27.326911736999932 ], [ -57.705349581999883, -27.325562361999914 ], [ -57.700673185000028, -27.32596900499982 ], [ -57.697013395, -27.326883951999946 ], [ -57.692082845999892, -27.329272981999907 ], [ -57.68806724399991, -27.332119483999975 ], [ -57.685576553999908, -27.33415270099988 ], [ -57.682374237999966, -27.335474290999912 ], [ -57.680239360999906, -27.335880933999874 ], [ -57.676122097999837, -27.337253354999916 ], [ -57.672970612999848, -27.338930759 ], [ -57.67063241499983, -27.340811483999971 ], [ -57.66844670699993, -27.343607156000019 ], [ -57.663617817999864, -27.351435038999853 ], [ -57.660567993999791, -27.35636558799996 ], [ -57.657772321999914, -27.360584511999889 ], [ -57.655332461999933, -27.363380183999936 ], [ -57.654519175999951, -27.364650944 ], [ -57.652435128999912, -27.36719246499996 ], [ -57.64994443899991, -27.369530662999978 ], [ -57.645369702999915, -27.372275504999891 ], [ -57.640388322999968, -27.374461212999904 ], [ -57.63571192500001, -27.37700273299987 ], [ -57.63357704799995, -27.37852764500002 ], [ -57.626054147999923, -27.383814007999888 ], [ -57.621530241999892, -27.386711340999909 ], [ -57.619578138999941, -27.387918211999931 ], [ -57.616193048999833, -27.390625281999917 ], [ -57.613126629000021, -27.393076562999966 ], [ -57.612433708999902, -27.393436163999866 ], [ -57.60978841799988, -27.395708322999837 ], [ -57.606840255, -27.397182403999864 ], [ -57.601899879999905, -27.398902851999935 ], [ -57.596267529999977, -27.399825585999906 ], [ -57.591896114999884, -27.400638871999945 ], [ -57.587590271999943, -27.402450606999935 ], [ -57.586005799999839, -27.402812839999967 ], [ -57.582746642000018, -27.40526443899995 ], [ -57.58045927400002, -27.407297654999866 ], [ -57.577511109999989, -27.409483362999879 ], [ -57.575071251, -27.410296648999861 ], [ -57.57174425099987, -27.41063525699991 ], [ -57.569124092999971, -27.410855783999921 ], [ -57.565108490999989, -27.412838169999816 ], [ -57.56088956699989, -27.416701279999984 ], [ -57.557997800999885, -27.420369261999895 ], [ -57.556467322, -27.42264843800001 ], [ -57.554078292999861, -27.425393279999923 ], [ -57.551130129, -27.428290613 ], [ -57.547267018000014, -27.430984624999894 ], [ -57.543505567999944, -27.432967009999857 ], [ -57.542085805999875, -27.433122987 ], [ -57.538270035999801, -27.434237771000028 ], [ -57.53313616499986, -27.43510188800002 ], [ -57.526629872999933, -27.436830121000014 ], [ -57.521089358999973, -27.439015829000027 ], [ -57.516870434999873, -27.440794892999975 ], [ -57.513083952999921, -27.442426088999866 ], [ -57.507517640999879, -27.444200529999932 ], [ -57.503502037999908, -27.444810494999956 ], [ -57.499028963, -27.44542045999998 ], [ -57.492827652999836, -27.44547128999983 ], [ -57.483584599999858, -27.444789285999889 ], [ -57.481298603999903, -27.444750692999889 ], [ -57.474348443999929, -27.44418734300001 ], [ -57.463295187000028, -27.441913161999878 ], [ -57.459367674999953, -27.441392193999832 ], [ -57.453129105999892, -27.439727454999854 ], [ -57.447893573999863, -27.438710845999935 ], [ -57.439004872, -27.438281656999948 ], [ -57.435244808999926, -27.437209352999957 ], [ -57.431322860999899, -27.434847735999881 ], [ -57.423545808999904, -27.431035454999915 ], [ -57.419276055000012, -27.428900578000025 ], [ -57.413176406, -27.426359057999889 ], [ -57.406743786999868, -27.424128387999872 ], [ -57.401302330000021, -27.422432323999885 ], [ -57.39569074699989, -27.420818542999939 ], [ -57.392539260999911, -27.420716882999955 ], [ -57.389489436999895, -27.421428507999963 ], [ -57.387627997999971, -27.421567420999907 ], [ -57.386083799999767, -27.421682659999931 ], [ -57.383084805999943, -27.421377677999828 ], [ -57.372054607999985, -27.419496953000021 ], [ -57.365092810999954, -27.417788932 ], [ -57.352129087999913, -27.413702285999989 ], [ -57.348570960000018, -27.412736508999842 ], [ -57.344300037999858, -27.411439252999969 ], [ -57.338506538999866, -27.410093327999903 ], [ -57.332864363999931, -27.409432531999869 ], [ -57.326510563999932, -27.409839175999934 ], [ -57.321986656999911, -27.411364087999971 ], [ -57.317615241999874, -27.414108929999884 ], [ -57.315328034, -27.416145658 ], [ -57.312465859999975, -27.418890582999836 ], [ -57.308109955999896, -27.422038472999986 ], [ -57.302213629, -27.425545770999918 ], [ -57.295554845999902, -27.426816530999986 ], [ -57.287523641999826, -27.427985630999899 ], [ -57.279644928999858, -27.430272998999897 ], [ -57.276290121999864, -27.432306214999812 ], [ -57.275267254000028, -27.434207428999912 ], [ -57.267852274999882, -27.440845722999825 ], [ -57.265933286572363, -27.44206990572161 ], [ -57.275715334544714, -27.452047244544985 ], [ -57.292667155385743, -27.447231935831553 ], [ -57.293147356905934, -27.447515208883942 ], [ -57.307892131588574, -27.447649349733126 ], [ -57.307918791169527, -27.447631820256845 ], [ -57.311202954471639, -27.445495142810955 ], [ -57.319086026177615, -27.443623699067246 ], [ -57.322782275465784, -27.44162430380544 ], [ -57.32865620807695, -27.441212582257833 ], [ -57.330415269439754, -27.440475864147857 ], [ -57.331206182274514, -27.440865759725739 ], [ -57.334054025820478, -27.437786177532303 ], [ -57.334042137598431, -27.437722758307302 ], [ -57.334188640827904, -27.437634583195802 ], [ -57.334244834695937, -27.436847872639021 ], [ -57.334259213305245, -27.436858082377967 ], [ -57.335900840186071, -27.437923193835104 ], [ -57.335890473426275, -27.437937410485802 ], [ -57.336422595194904, -27.438277013741924 ], [ -57.336741607238878, -27.438475886682795 ], [ -57.336808309919491, -27.438466623586351 ], [ -57.336819968665282, -27.438464463293087 ], [ -57.339764744792319, -27.439874618867066 ], [ -57.339914428495774, -27.439794653288914 ], [ -57.339899883584735, -27.440662816802899 ], [ -57.339886682855422, -27.441450691916657 ], [ -57.340288511353037, -27.441354725658243 ], [ -57.340305195039718, -27.441293498101174 ], [ -57.340303971798903, -27.441270045125009 ], [ -57.340293325477489, -27.441204934136238 ], [ -57.340269234716629, -27.441057597765393 ], [ -57.340143106954997, -27.440399844237561 ], [ -57.340135574421367, -27.440352831647203 ], [ -57.340127537552405, -27.440302671362417 ], [ -57.340109733690554, -27.440191551347709 ], [ -57.339995836599087, -27.439618525393655 ], [ -57.339992687116705, -27.439598296313363 ], [ -57.339984355146839, -27.439544779170546 ], [ -57.339923475078137, -27.439254465842339 ], [ -57.338498846284779, -27.438439326924197 ], [ -57.33761353933312, -27.437932786299825 ], [ -57.33726780483795, -27.437733361501785 ], [ -57.337649089268837, -27.4373195027826 ], [ -57.339273020056282, -27.435565903413931 ], [ -57.33927385990421, -27.435549280323471 ], [ -57.339272616401558, -27.435530960961444 ], [ -57.339270962985324, -27.435506603239673 ], [ -57.339266528038138, -27.435441268689544 ], [ -57.339239327747691, -27.434919091864742 ], [ -57.339213845624499, -27.434665209811669 ], [ -57.339335472900075, -27.435098829629396 ], [ -57.339385223183172, -27.435276192907509 ], [ -57.339412359873734, -27.435372937128932 ], [ -57.339483733014276, -27.435562672153367 ], [ -57.341948493620578, -27.436962260350867 ], [ -57.342127990482993, -27.437064614669737 ], [ -57.342070095285465, -27.437126975039405 ], [ -57.34193061637751, -27.437275830504177 ], [ -57.342316609241834, -27.437115758031666 ], [ -57.342334856882303, -27.437092787436029 ], [ -57.342408787860165, -27.437082710332675 ], [ -57.342498439239023, -27.437014120945605 ], [ -57.342501533623704, -27.437009836503933 ], [ -57.34365235974326, -27.435564214256317 ], [ -57.344088402150078, -27.435831745929931 ], [ -57.344995632873292, -27.436742348647897 ], [ -57.345018890857034, -27.436761921171069 ], [ -57.345131470187937, -27.436867207357921 ], [ -57.345178474810837, -27.436906641382052 ], [ -57.353091969712409, -27.440504151445509 ], [ -57.345125656584571, -27.443372037089773 ], [ -57.345116184406777, -27.443382141060226 ], [ -57.344931100787505, -27.443549546982581 ], [ -57.344554011043897, -27.444101641483826 ], [ -57.344473384930893, -27.444129672206088 ], [ -57.344492279516714, -27.444211832662404 ], [ -57.344480258545218, -27.444225259455038 ], [ -57.34438676242263, -27.444225997508397 ], [ -57.344371459878687, -27.444237635200807 ], [ -57.344348967545102, -27.444432178795125 ], [ -57.344333838956231, -27.444438981919234 ], [ -57.344274664240061, -27.44452394301959 ], [ -57.343779529456583, -27.445281104727599 ], [ -57.336915915879274, -27.448826234659464 ], [ -57.328250028529794, -27.456912881225321 ], [ -57.328198339547725, -27.456954156886809 ], [ -57.327198320641912, -27.460104859904277 ], [ -57.306602447417049, -27.484138515415623 ], [ -57.306587254966814, -27.48418118686692 ], [ -57.301336785450303, -27.508944772090729 ], [ -57.299568917020565, -27.517282832918283 ], [ -57.300680810961467, -27.518721310770388 ], [ -57.298420213930569, -27.52270062771322 ], [ -57.289857783437299, -27.53505608310553 ], [ -57.282730839280589, -27.542648654431389 ], [ -57.282743729256367, -27.542705100364401 ], [ -57.282686402014917, -27.542708480895101 ], [ -57.282711086879203, -27.542759518296577 ], [ -57.268461472070555, -27.557906644470734 ], [ -57.273700312116603, -27.561230493067455 ], [ -57.273700720124452, -27.561248430632418 ], [ -57.268909929348183, -27.579907841598072 ], [ -57.268924225003616, -27.579927013329836 ], [ -57.265807138924288, -27.584129147457702 ], [ -57.265821797506135, -27.584151279569312 ], [ -57.268210497844905, -27.582873633513941 ], [ -57.268221349483326, -27.582896042978746 ], [ -57.252024885949425, -27.691475553346493 ], [ -57.251964809373817, -27.696993216443332 ], [ -57.250867318889163, -27.699374356335795 ], [ -57.250864110579641, -27.699388302778004 ], [ -57.247277962664214, -27.703059731777216 ], [ -57.247278005449004, -27.703083481930207 ], [ -57.248731964150522, -27.705680627337529 ], [ -57.245799359160117, -27.705932591979661 ], [ -57.245792124555749, -27.705951926152409 ], [ -57.246445226314393, -27.729465752361591 ], [ -57.248728691521421, -27.733522758869015 ], [ -57.248744788648878, -27.733538054332712 ], [ -57.247863907324472, -27.734609132761307 ], [ -57.247933010758459, -27.734621772296236 ], [ -57.247705822532112, -27.734866113059923 ], [ -57.247684211833189, -27.734894330053748 ], [ -57.247658777730351, -27.734857508213679 ], [ -57.247656810947262, -27.73488579281792 ], [ -57.247568573658782, -27.735405476926644 ], [ -57.247633764233512, -27.735581747715287 ], [ -57.247644230224068, -27.735600011461543 ], [ -57.24872347404812, -27.737585546794492 ], [ -57.248731076671675, -27.737629775654341 ], [ -57.249535167639067, -27.740239348631007 ], [ -57.249585019860262, -27.740260827718032 ], [ -57.250551510223204, -27.740877061362085 ], [ -57.250536512400856, -27.740897512088679 ], [ -57.250527557897726, -27.740918295790721 ], [ -57.250471539601335, -27.743166918979114 ], [ -57.248742236902274, -27.742091993147028 ], [ -57.248702989342291, -27.742035972243627 ], [ -57.243270755448748, -27.73865373150619 ], [ -57.240521174974219, -27.737114570453912 ], [ -57.19996095888888, -27.714434435624526 ], [ -57.191752512228391, -27.709672677344713 ], [ -57.191749361987718, -27.709667441967269 ], [ -57.190483768448814, -27.708912992711475 ], [ -57.189212692726926, -27.70860755608669 ], [ -57.189210749808183, -27.708605064332232 ], [ -57.189040063899142, -27.708406276117103 ], [ -57.188742916545209, -27.708060205295226 ], [ -57.188378850517665, -27.707879033008737 ], [ -57.187362963660803, -27.708361638718543 ], [ -57.187018725916005, -27.70880013284193 ], [ -57.18113051890623, -27.714956845436973 ], [ -57.181133435531194, -27.714959866831919 ], [ -57.067781951504003, -27.831682536247342 ], [ -57.064036775117586, -27.832337304923385 ], [ -57.0258684159175, -27.828851726186087 ], [ -57.003883551252216, -27.830624782916345 ], [ -56.996653094369833, -27.836116418712493 ], [ -56.995491950551127, -27.841653745313579 ], [ -56.995522531502502, -27.841665680006372 ], [ -56.996923934054735, -27.842962638950326 ], [ -56.996917085557584, -27.842973050667979 ], [ -56.992580452634172, -27.848707177734639 ], [ -56.988237945273681, -27.845396748461155 ], [ -56.988210454800139, -27.845328597882201 ], [ -56.948859741956028, -27.828371006204861 ], [ -56.933245132225295, -27.834814053692469 ], [ -56.916113792498209, -27.839230901840153 ], [ -56.916108037683387, -27.839211437511153 ], [ -56.90002229255964, -27.83424281587412 ], [ -56.889971258551725, -27.851487095903451 ], [ -56.889984161188181, -27.851499003349772 ], [ -56.889828774053399, -27.853854117769231 ], [ -56.887935794538748, -27.856421225472218 ], [ -56.887926236026715, -27.856430119648792 ], [ -56.871873160230564, -27.898932411951307 ], [ -56.767457740305929, -27.975495119890695 ], [ -56.702289773203461, -28.042364179019557 ], [ -56.668602904676959, -28.077267723242585 ], [ -56.665847160606063, -28.082314371940697 ], [ -56.666106471393562, -28.083180732307085 ], [ -56.66693377430704, -28.085071824656666 ], [ -56.666900530686746, -28.085063270729847 ], [ -56.668115347863193, -28.089780898062372 ], [ -56.66811264592593, -28.089790506674206 ], [ -56.667944675564058, -28.090844279093062 ], [ -56.664790269283799, -28.09847727452717 ], [ -56.664118005759406, -28.100122822981746 ], [ -56.664064633266378, -28.100091732962142 ], [ -56.663819059251409, -28.10000862414779 ], [ -56.659946181893929, -28.098657520082554 ], [ -56.658546942433873, -28.098123348197134 ], [ -56.658545171991932, -28.098120187315544 ], [ -56.658628418123101, -28.097971767746742 ], [ -56.658166501056712, -28.097951423117138 ], [ -56.657771140632121, -28.094804693453057 ], [ -56.65640615394625, -28.093535773200017 ], [ -56.65596205156362, -28.092636167679643 ], [ -56.655941056183451, -28.092600836889972 ], [ -56.655573667836052, -28.091857203256268 ], [ -56.653690414258165, -28.089904133984646 ], [ -56.653671747686872, -28.089873005155425 ], [ -56.65142470206581, -28.088948316445908 ], [ -56.64600999858709, -28.084010304188666 ], [ -56.645989538269362, -28.083985720211786 ], [ -56.637404250955228, -28.08642573925033 ], [ -56.613260827889462, -28.080812109760018 ], [ -56.517983350502504, -28.070017086969074 ], [ -56.517964167673483, -28.069994740324887 ], [ -56.510142782944968, -28.067768024460122 ], [ -56.510126389844515, -28.067746993129333 ], [ -56.448342975568494, -28.064768935193513 ], [ -56.441510615727282, -28.063702620555318 ], [ -56.441508582796757, -28.063703524331402 ], [ -56.437814378603662, -28.062898931856978 ], [ -56.398654774520594, -28.026671221363699 ], [ -56.377034206261499, -28.012356304982177 ], [ -56.376495639377708, -28.012494045086044 ], [ -56.376464825884682, -28.012507156636559 ], [ -56.337994514720833, -28.023112771795638 ], [ -56.335454534259327, -28.065343582466994 ], [ -56.336428174353387, -28.081108319431507 ], [ -56.328117411182461, -28.082958819391592 ], [ -56.324523866332811, -28.085603709588497 ], [ -56.324498192963119, -28.085615052666185 ], [ -56.289576552121048, -28.108310111961146 ], [ -56.254912557310149, -28.16611154923811 ], [ -56.254870713162973, -28.166107332603247 ], [ -56.244238877259932, -28.163733624817553 ], [ -56.235012541378296, -28.163471169313254 ], [ -56.22704494117238, -28.158858493486719 ], [ -56.214693954659026, -28.188058269940996 ], [ -56.21796594648896, -28.194208415757998 ], [ -56.223947803518683, -28.20130413883561 ], [ -56.225657936614596, -28.203280759981681 ], [ -56.225654363147044, -28.203349219611823 ], [ -56.223865407516314, -28.211426906247937 ], [ -56.233155350752213, -28.205982342245704 ], [ -56.233160330909243, -28.205944262804337 ], [ -56.232531672283642, -28.201557939376016 ], [ -56.231920972543151, -28.20053630466407 ], [ -56.23199174606907, -28.20056276686222 ], [ -56.231990286613893, -28.200561349903751 ], [ -56.231971828361225, -28.200505049453682 ], [ -56.233173738894266, -28.200415847691147 ], [ -56.233223869872234, -28.200464518948593 ], [ -56.237230369387191, -28.200364641349267 ], [ -56.237231669209507, -28.200387329218245 ], [ -56.241678063333154, -28.200471054792104 ], [ -56.240867638243003, -28.205021993293258 ], [ -56.237648487809224, -28.206887038726904 ], [ -56.237596786827226, -28.206935124617132 ], [ -56.226928868049129, -28.222098411660852 ], [ -56.220583670142275, -28.233176531421179 ], [ -56.207637107679034, -28.252832002242656 ], [ -56.207592280210633, -28.252872102655999 ], [ -56.208393887405123, -28.254567815254916 ], [ -56.187051145753344, -28.265354775379819 ], [ -56.188415644694715, -28.333408821975468 ], [ -56.167147900196937, -28.388546013396592 ], [ -56.167118765705141, -28.388555742520282 ], [ -56.136208775138073, -28.396530027628614 ], [ -56.133544332933354, -28.400727476282782 ], [ -56.132535581606135, -28.401293976437501 ], [ -56.132495772402933, -28.401308397806133 ], [ -56.117384085257129, -28.432558964663485 ], [ -56.108299466269045, -28.451424075252021 ], [ -56.108270906883831, -28.451404820388177 ], [ -56.108242487862128, -28.451457550262148 ], [ -56.10528010892142, -28.433341859301038 ], [ -56.105278072110707, -28.43333769256185 ], [ -56.104075167941289, -28.431953195493293 ], [ -56.104072914389349, -28.431946892482529 ], [ -56.104244861360655, -28.43160945038818 ], [ -56.076060907909152, -28.381640037930936 ], [ -56.075575466525265, -28.38185734794979 ], [ -56.073575122995351, -28.381040093264005 ], [ -56.073571128002015, -28.381034857729276 ], [ -56.070862656967279, -28.371648098918911 ], [ -56.065110041138382, -28.362070856439686 ], [ -56.06462685548064, -28.359663703994386 ], [ -56.062794281635604, -28.351985471294711 ], [ -56.072508666740021, -28.35127703948001 ], [ -56.073581409795679, -28.350851434199171 ], [ -56.073251465996464, -28.349768451739749 ], [ -56.071654643504814, -28.348244312695897 ], [ -56.07165122388875, -28.348252836341487 ], [ -56.070832966543662, -28.348525817648579 ], [ -56.070824864590691, -28.348538196346112 ], [ -56.061593413802257, -28.346953963055398 ], [ -56.061352096216638, -28.346695073833644 ], [ -56.058675652490251, -28.344678928118981 ], [ -56.05867555856554, -28.34465800236228 ], [ -56.057189554771696, -28.341941721114097 ], [ -56.056135992738064, -28.340015909076158 ], [ -56.054486316084194, -28.330921487348917 ], [ -56.05444185027477, -28.330886558127645 ], [ -56.04845663320242, -28.330822308094582 ], [ -56.048416936636386, -28.330802322102954 ], [ -56.041013254343, -28.331107792795535 ], [ -56.041074760984316, -28.315260493074163 ], [ -56.041074761788025, -28.315259882260193 ], [ -56.041070419634877, -28.315211128331214 ], [ -56.041070821439064, -28.315210514365162 ], [ -56.041053869116126, -28.315150491271197 ], [ -56.041054183268329, -28.315150145226937 ], [ -56.040991889672455, -28.315087059653592 ], [ -56.040913330342732, -28.315186500741902 ], [ -56.039555500598624, -28.331289605299617 ], [ -56.039515650938711, -28.331349069103965 ], [ -56.021154927067982, -28.340196862206426 ], [ -55.976817665979468, -28.327133851100996 ], [ -55.942144432258772, -28.315833145174111 ], [ -55.942064433175119, -28.315896050196216 ], [ -55.937837745812601, -28.298063207551877 ], [ -55.922986632015579, -28.281109938034831 ], [ -55.922170356943241, -28.280938559816207 ], [ -55.922157056252047, -28.280934985659769 ], [ -55.922153532003563, -28.280930267698977 ], [ -55.92205539421235, -28.28080471696552 ], [ -55.921985149828174, -28.280783944801442 ], [ -55.919973324006492, -28.277135743885253 ], [ -55.888820138301071, -28.253356982554862 ], [ -55.888774666564188, -28.253352098650737 ], [ -55.873476290285737, -28.262735345539227 ], [ -55.867472346083105, -28.265943918097264 ], [ -55.867947890323194, -28.267349391498499 ], [ -55.867978302670224, -28.267377485065708 ], [ -55.871175283851073, -28.272010909026903 ], [ -55.864857703743382, -28.270253699279863 ], [ -55.864826630231448, -28.270259679758908 ], [ -55.864795497849002, -28.270266424556269 ], [ -55.860977164728752, -28.273103383562386 ], [ -55.859642246879446, -28.273104795417794 ], [ -55.859627720296032, -28.273091907679031 ], [ -55.859595683066345, -28.273142196987351 ], [ -55.858930778795866, -28.273097094494062 ], [ -55.850481500489423, -28.255808731171385 ], [ -55.847313788008307, -28.238458058904143 ], [ -55.865419677240993, -28.209547067307483 ], [ -55.868625468581058, -28.192041163569058 ], [ -55.865703235873241, -28.176789696932985 ], [ -55.858358567876053, -28.17727982258674 ], [ -55.839470932832228, -28.182515433887488 ], [ -55.823364460380674, -28.197501900986992 ], [ -55.82257637442649, -28.198356074457138 ], [ -55.822540590961751, -28.198396427313298 ], [ -55.822506148679111, -28.198361915973294 ], [ -55.817850977480759, -28.202508541882878 ], [ -55.815876498937143, -28.204983323774115 ], [ -55.815875103005965, -28.205031331785733 ], [ -55.816469079680644, -28.205558822070429 ], [ -55.8124060003625, -28.208671232261395 ], [ -55.808829061786298, -28.213801595622556 ], [ -55.808227955602661, -28.217063770119864 ], [ -55.804980022074233, -28.228164989451898 ], [ -55.796044571469793, -28.229894755673627 ], [ -55.795994191909983, -28.22988628110329 ], [ -55.792462841796407, -28.229822618172761 ], [ -55.79377757109944, -28.22634918860075 ], [ -55.793783153249365, -28.226336714510239 ], [ -55.791595942568165, -28.225442339981669 ], [ -55.789822960143852, -28.225960866318474 ], [ -55.789766123274035, -28.225974618399846 ], [ -55.788685227940391, -28.226238916389832 ], [ -55.789133879620806, -28.226641540468222 ], [ -55.78832649602225, -28.227347078364005 ], [ -55.788250063903661, -28.227401484599795 ], [ -55.788370280923914, -28.227472629363717 ], [ -55.788391897378915, -28.227517663306173 ], [ -55.788403304445694, -28.227501952718058 ], [ -55.788415400836413, -28.227510781628609 ], [ -55.788658177874822, -28.227585708078834 ], [ -55.788292422577115, -28.227977904846341 ], [ -55.788292219636958, -28.22796922202707 ], [ -55.78822454618637, -28.227989036425527 ], [ -55.787185498644419, -28.229121658054567 ], [ -55.787014964986042, -28.229305881916957 ], [ -55.786419679113067, -28.229931835783304 ], [ -55.786421868377147, -28.229986034378157 ], [ -55.786157010525585, -28.230272144735238 ], [ -55.786139438703117, -28.230255787023339 ], [ -55.785687022900049, -28.230718412162105 ], [ -55.785668019286788, -28.230743070632457 ], [ -55.785376647875182, -28.231032149209966 ], [ -55.785092657314237, -28.231326695787061 ], [ -55.785069806846934, -28.231305719077795 ], [ -55.785052908783086, -28.231323759994325 ], [ -55.784516601773532, -28.230848186088963 ], [ -55.784471215765961, -28.230811229957737 ], [ -55.784394963500858, -28.230813128419925 ], [ -55.784392042380716, -28.230813260515276 ], [ -55.784359059667054, -28.230844468215309 ], [ -55.783902612477618, -28.231312113834178 ], [ -55.783315524573993, -28.23082038804273 ], [ -55.783301164034299, -28.230807051818147 ], [ -55.783314408252636, -28.230792790162013 ], [ -55.783137640580492, -28.230659834859694 ], [ -55.782992909970062, -28.23053116922722 ], [ -55.782918750193687, -28.230615531242279 ], [ -55.782729405601401, -28.230730045720804 ], [ -55.78271603796037, -28.23073049386295 ], [ -55.782704961556306, -28.230798213631715 ], [ -55.78270312002121, -28.230817687533545 ], [ -55.782652804144959, -28.230842408440026 ], [ -55.782522634880536, -28.230788450498551 ], [ -55.781689137942635, -28.230619442398336 ], [ -55.780784883145657, -28.230211707053343 ], [ -55.77897341837803, -28.229361600995105 ], [ -55.774843752609229, -28.226405464991899 ], [ -55.774839265491778, -28.226355848721539 ], [ -55.775009755617702, -28.226295350563589 ], [ -55.775009371954923, -28.226244718109456 ], [ -55.774008808310839, -28.225863554632951 ], [ -55.76852316117197, -28.222303316388889 ], [ -55.757588832486135, -28.211338553394 ], [ -55.756900898082165, -28.210714479332694 ], [ -55.756792264677586, -28.210457968975106 ], [ -55.753943410501392, -28.20356967610968 ], [ -55.75348376377633, -28.200059146271201 ], [ -55.752519503869166, -28.197925441156656 ], [ -55.746052094177685, -28.196394268113636 ], [ -55.74441075630682, -28.196010335440235 ], [ -55.723141775723093, -28.213426610937574 ], [ -55.723135183946795, -28.213423154565589 ], [ -55.72300835659604, -28.213413124167062 ], [ -55.723002420974012, -28.213408840296381 ], [ -55.719824829390802, -28.213068875414251 ], [ -55.716460048501688, -28.213519318612612 ], [ -55.714758535440694, -28.213455093504137 ], [ -55.713505643883764, -28.213342510421455 ], [ -55.693910606764746, -28.218695969152066 ], [ -55.694131835, -28.218839266999964 ], [ -55.696312345000024, -28.220097152999926 ], [ -55.698109244999955, -28.221033497999883 ], [ -55.700418301999946, -28.222118572999932 ], [ -55.703008047999901, -28.223178246999964 ], [ -55.705316889999892, -28.223971294999842 ], [ -55.707933511999954, -28.224713433999966 ], [ -55.710461247000012, -28.225643896999941 ], [ -55.713817061999862, -28.226627657999813 ], [ -55.71917944899991, -28.226595879999934 ], [ -55.722110516999862, -28.22682010099993 ], [ -55.724298238000017, -28.227013485999862 ], [ -55.726470683999935, -28.227282374999902 ], [ -55.729143296999894, -28.227802543999871 ], [ -55.731993632000012, -28.228543263999939 ], [ -55.735484536999934, -28.229336105000016 ], [ -55.739478310999971, -28.230789022999886 ], [ -55.743181622999884, -28.231965823999985 ], [ -55.74686330399993, -28.233163838 ], [ -55.749319094999919, -28.233968522999874 ], [ -55.754218578999939, -28.235608570999943 ], [ -55.756918376999863, -28.236556391000022 ], [ -55.760107199, -28.237772748999873 ], [ -55.762215640000022, -28.238617126 ], [ -55.76622303399995, -28.239881407999974 ], [ -55.768911783000021, -28.240621802999954 ], [ -55.771051096, -28.241836025999874 ], [ -55.775200393999853, -28.244378797999957 ], [ -55.776758840999946, -28.246307730999945 ], [ -55.77864152199993, -28.247943935999956 ], [ -55.780401749999896, -28.249816179999982 ], [ -55.781726541000012, -28.25182700099981 ], [ -55.782542472999921, -28.253936574999841 ], [ -55.78277349799987, -28.256293595999921 ], [ -55.782424110999898, -28.258606328999861 ], [ -55.781753190999893, -28.260722310999881 ], [ -55.780656497999928, -28.263206466999975 ], [ -55.779603620999865, -28.265342569999973 ], [ -55.778511262999984, -28.267386725 ], [ -55.777277409000021, -28.269346984999913 ], [ -55.776004994, -28.270977273999904 ], [ -55.77447481299987, -28.272517480999966 ], [ -55.772688983999899, -28.273936263999872 ], [ -55.768503329999874, -28.275950508999983 ], [ -55.764983475999884, -28.277348746999849 ], [ -55.761196598999902, -28.278270003999864 ], [ -55.757086737, -28.27953775799989 ], [ -55.752865219999876, -28.280282870999883 ], [ -55.750753230999919, -28.280673274999856 ], [ -55.748128838999946, -28.281211470999892 ], [ -55.744816480999873, -28.281941951999841 ], [ -55.741520349999917, -28.282731604 ], [ -55.7390643, -28.283404368999868 ], [ -55.737032119999981, -28.284036862999983 ], [ -55.734864841999979, -28.284864220999964 ], [ -55.732866237, -28.285821836999958 ], [ -55.730847873999892, -28.286993956999879 ], [ -55.728800239999941, -28.288371086999859 ], [ -55.726831776999859, -28.289851232999865 ], [ -55.724714674999859, -28.29157491 ], [ -55.723054961, -28.292990675 ], [ -55.721645550999824, -28.294455758999902 ], [ -55.718091798999865, -28.297445278999987 ], [ -55.71605330999995, -28.298979861000021 ], [ -55.713735745999884, -28.301105784999891 ], [ -55.707874494999942, -28.30606416899991 ], [ -55.703776153999968, -28.310321990999853 ], [ -55.695771189000027, -28.314185355999939 ], [ -55.69184660399992, -28.315460787999882 ], [ -55.689060391999874, -28.316491994999922 ], [ -55.68575286399988, -28.317427675999909 ], [ -55.681263381999827, -28.320491318 ], [ -55.677046167999947, -28.323430234999876 ], [ -55.673232719, -28.326619843999822 ], [ -55.669942060999858, -28.330762759999857 ], [ -55.669103922999966, -28.332904735999989 ], [ -55.668489918999967, -28.335696573999883 ], [ -55.668516002999922, -28.337966078999898 ], [ -55.668594215999804, -28.34161273299992 ], [ -55.669506952, -28.344127770999989 ], [ -55.671293566999964, -28.347148137999966 ], [ -55.673440341999878, -28.353116283999952 ], [ -55.677631959999928, -28.363299943000015 ], [ -55.679735736, -28.367617436999865 ], [ -55.682306649, -28.374807664999878 ], [ -55.683704448000015, -28.377070411999853 ], [ -55.685254548999922, -28.37999711499981 ], [ -55.68611781199985, -28.381912116999899 ], [ -55.688947384999949, -28.386686432999966 ], [ -55.689578616999938, -28.390273192999985 ], [ -55.689264687, -28.394087435000017 ], [ -55.689760156999967, -28.397433325 ], [ -55.689874585999917, -28.40232616499992 ], [ -55.689513102999854, -28.405576414999985 ], [ -55.689538616999926, -28.408003159999964 ], [ -55.689790776999928, -28.410163669999861 ], [ -55.69028701000002, -28.41283590099988 ], [ -55.690904252999871, -28.415227212999866 ], [ -55.691695145999915, -28.417605439999988 ], [ -55.696331235, -28.423159956999939 ], [ -55.70021331699985, -28.425583584999913 ], [ -55.704092224999897, -28.426803225999947 ], [ -55.706239386999926, -28.426685341999871 ], [ -55.70829720699993, -28.426315576999912 ], [ -55.710919826999941, -28.425491094999984 ], [ -55.712952005999853, -28.424607835000018 ], [ -55.715608272, -28.423367343999871 ], [ -55.717500261999874, -28.422157560999949 ], [ -55.718927917999963, -28.420163704 ], [ -55.71979303299986, -28.417483814999969 ], [ -55.721468023999989, -28.41211205299993 ], [ -55.722730441999886, -28.408083536999868 ], [ -55.725757339999973, -28.398553189999859 ], [ -55.727793349000024, -28.392423607000012 ], [ -55.728682639999874, -28.390566874999934 ], [ -55.73000389699996, -28.388409905999822 ], [ -55.732161652999878, -28.384348400999954 ], [ -55.735314381999899, -28.380438982999863 ], [ -55.739001849999909, -28.376652428999819 ], [ -55.743763516999877, -28.373713773999953 ], [ -55.748505308, -28.371730592 ], [ -55.754061148999881, -28.369871573999831 ], [ -55.757449706999864, -28.368588292999902 ], [ -55.761777191999897, -28.367907527999876 ], [ -55.765169469, -28.36805712 ], [ -55.767884498999933, -28.367712339999969 ], [ -55.770765462999918, -28.367466185999945 ], [ -55.772880904999965, -28.367349863000015 ], [ -55.775238010999942, -28.367264346999946 ], [ -55.779944928999953, -28.367200607999905 ], [ -55.785607024, -28.367205487999968 ], [ -55.789852518999908, -28.367206685999804 ], [ -55.792688396999893, -28.366876796999861 ], [ -55.798087580999947, -28.366566205999902 ], [ -55.803357744999914, -28.36613624499995 ], [ -55.810796980000021, -28.364648641999963 ], [ -55.815115283000011, -28.36432495899993 ], [ -55.819577325999887, -28.363528085999974 ], [ -55.823771090999969, -28.362492252999971 ], [ -55.827073521999921, -28.362020075999908 ], [ -55.83016011999996, -28.360983866999959 ], [ -55.832481644999916, -28.360221605999868 ], [ -55.835406683999906, -28.359320475 ], [ -55.840563521999911, -28.357027699999833 ], [ -55.846382175999963, -28.355762386999857 ], [ -55.851244810999958, -28.354967531999819 ], [ -55.855835956999954, -28.3548859469999 ], [ -55.859207952999895, -28.355036527999857 ], [ -55.866487484999936, -28.355455447999873 ], [ -55.870369623999864, -28.357236356999863 ], [ -55.874388096000018, -28.35880420299992 ], [ -55.878302933999919, -28.361161660999926 ], [ -55.880407404999858, -28.365297361999922 ], [ -55.88238125700002, -28.370549309999888 ], [ -55.883578210999872, -28.372543882999878 ], [ -55.886327973, -28.377212077999957 ], [ -55.891155860999959, -28.383467258999872 ], [ -55.893940288999943, -28.388384286000019 ], [ -55.896863652999969, -28.392823374999864 ], [ -55.899380301, -28.397497200999965 ], [ -55.90203554999988, -28.401697562999857 ], [ -55.902406005999978, -28.405041468999968 ], [ -55.903620137999894, -28.407396269999936 ], [ -55.903241917999878, -28.409856365999815 ], [ -55.902666225000019, -28.412229741999909 ], [ -55.901834459999861, -28.414935624999885 ], [ -55.900861150999901, -28.417629587999841 ], [ -55.900035589999959, -28.419634934999863 ], [ -55.898801841999841, -28.422270295999965 ], [ -55.897772464999946, -28.424206532000028 ], [ -55.895615897999846, -28.428019923999898 ], [ -55.894572696999887, -28.429932932999975 ], [ -55.893763185212606, -28.431550223007036 ], [ -55.897037240568125, -28.445361644150069 ], [ -55.881526632276518, -28.467191111495026 ], [ -55.88120758399981, -28.469560054999931 ], [ -55.881433485999935, -28.473979068 ], [ -55.882361815000024, -28.477707258999828 ], [ -55.884211425999922, -28.479610542999922 ], [ -55.886320998999963, -28.479995532999908 ], [ -55.890280716999939, -28.4806170089999 ], [ -55.894464510999967, -28.481007542999862 ], [ -55.8985750249999, -28.480976292999856 ], [ -55.902565069, -28.481073373999891 ], [ -55.907257941999887, -28.481229648999943 ], [ -55.913232648999895, -28.48175841599982 ], [ -55.920671483999854, -28.484493087999965 ], [ -55.923879243999977, -28.485568450999949 ], [ -55.925996226, -28.486303663999934 ], [ -55.93234842399994, -28.48811382599996 ], [ -55.938135507999959, -28.490545662999921 ], [ -55.945272792999958, -28.492868000999863 ], [ -55.949581772999863, -28.494215899999915 ], [ -55.955656801999908, -28.494860427999868 ], [ -55.959582900999862, -28.494175262999931 ], [ -55.964434841000013, -28.495164580999983 ], [ -55.967266172, -28.495644311999968 ], [ -55.969761845999983, -28.495818989999862 ], [ -55.972883029999934, -28.496071051999934 ], [ -55.975672417, -28.496341754999946 ], [ -55.978469884, -28.496644272000026 ], [ -55.981723250999892, -28.497051264999868 ], [ -55.984050905999823, -28.497383204999892 ], [ -55.986140361999958, -28.497702751999952 ], [ -55.988370878999945, -28.49811944299995 ], [ -55.99081522299997, -28.498686465999981 ], [ -55.994158627999923, -28.499654976999921 ], [ -55.997083686999929, -28.500183890999892 ], [ -56.001614594999808, -28.502498749999916 ], [ -56.003659711000012, -28.503413334000015 ], [ -56.006505311000012, -28.504760195999893 ], [ -56.008646052000017, -28.505998674999887 ], [ -56.011730604999968, -28.5088854789999 ], [ -56.015483139999958, -28.512134744999912 ], [ -56.020295333999968, -28.517900934999943 ], [ -56.022021407999944, -28.519877199999883 ], [ -56.023049811999954, -28.522172410999872 ], [ -56.023924959999874, -28.524477683999919 ], [ -56.024645653999926, -28.526810930999886 ], [ -56.025213069999893, -28.52915424299988 ], [ -56.025575764999871, -28.531208407999941 ], [ -56.025668210999982, -28.535962561000019 ], [ -56.025120865999895, -28.543078604000016 ], [ -56.024517104999859, -28.545280587999969 ], [ -56.021615514999837, -28.550136232999819 ], [ -56.018463326999893, -28.555005789999939 ], [ -56.017065215999935, -28.557440742999972 ], [ -56.014551328999858, -28.560199894999926 ], [ -56.012165198999867, -28.563792342999875 ], [ -56.009363968, -28.56642865699996 ], [ -56.007734513999935, -28.568815547999918 ], [ -56.005446815999903, -28.573293584999988 ], [ -56.002271277999967, -28.578489380999827 ], [ -56.001432142, -28.583527641999865 ], [ -56.001245523000023, -28.588779452999916 ], [ -56.001875919999861, -28.593916371999853 ], [ -56.001886818999878, -28.595893927999896 ], [ -56.002675438999859, -28.597736581999925 ], [ -56.003672098999971, -28.59959002 ], [ -56.00493860499995, -28.601596733999941 ], [ -56.006171095999889, -28.603273674999855 ], [ -56.007602101999908, -28.604951911999819 ], [ -56.009161183999936, -28.606542417999947 ], [ -56.011055512999803, -28.608222169999863 ], [ -56.012700612999936, -28.609516056999894 ], [ -56.014496195999925, -28.610844679999957 ], [ -56.016753636999908, -28.612426348999804 ], [ -56.018823942999973, -28.613760160999959 ], [ -56.020936371999881, -28.614997273999904 ], [ -56.022995080999863, -28.61604735599991 ], [ -56.02499916499994, -28.616923842999881 ], [ -56.027147738, -28.617695438999874 ], [ -56.029471270999863, -28.618440098999827 ], [ -56.034125315999916, -28.619902710999895 ], [ -56.037611852999817, -28.62100385899987 ], [ -56.043027845999859, -28.622730183999977 ], [ -56.045725181999842, -28.623601708999956 ], [ -56.049777568000025, -28.624929452999936 ], [ -56.051682944999868, -28.625688161000028 ], [ -56.053820537999968, -28.626863214999901 ], [ -56.055608898999878, -28.628083165999954 ], [ -56.057286905999888, -28.629432221999821 ], [ -56.058879304000016, -28.630844256999865 ], [ -56.061083601999883, -28.632939319999934 ], [ -56.062809735999906, -28.634641291999969 ], [ -56.064504877, -28.636350641999911 ], [ -56.06785742, -28.639803304999873 ], [ -56.070371143999978, -28.642385988999877 ], [ -56.072056374999875, -28.644094763999931 ], [ -56.074198512999942, -28.646213442999908 ], [ -56.076173933999883, -28.648080881999874 ], [ -56.080908163999879, -28.652453560000026 ], [ -56.083296768999901, -28.654625228999919 ], [ -56.089751242999967, -28.659342071999845 ], [ -56.09472407200002, -28.663434533999975 ], [ -56.099706821999916, -28.666453372999911 ], [ -56.105217193999863, -28.670905591999883 ], [ -56.10830332199987, -28.674029335999876 ], [ -56.110510107999914, -28.675804880999976 ], [ -56.113237782999931, -28.677719368999931 ], [ -56.116597915999876, -28.680169431999957 ], [ -56.118572591999907, -28.681681362 ], [ -56.122550774, -28.685821092999959 ], [ -56.128994869999929, -28.692306518 ], [ -56.134087582999939, -28.698426239000014 ], [ -56.139046274999885, -28.704188483999928 ], [ -56.141153160999863, -28.706416946999923 ], [ -56.144814390000022, -28.710908586999949 ], [ -56.148160401999917, -28.715703190999989 ], [ -56.14935515399992, -28.718554743999846 ], [ -56.150539147000018, -28.720403592999958 ], [ -56.1517635269999, -28.722492670999884 ], [ -56.153156500999955, -28.725044212999876 ], [ -56.154914117999908, -28.728490623000027 ], [ -56.156629711999813, -28.731957355999896 ], [ -56.157944027999861, -28.734545323999896 ], [ -56.159543481999947, -28.737529773 ], [ -56.160752355999875, -28.739627014999883 ], [ -56.161916110999869, -28.741479281999943 ], [ -56.163153399999942, -28.743299326999875 ], [ -56.164510551999967, -28.745080515999916 ], [ -56.165973790999885, -28.746799674999863 ], [ -56.167516243999955, -28.748477907 ], [ -56.167701217363003, -28.748713880499793 ], [ -56.239183419001336, -28.777015284534457 ], [ -56.242436646999863, -28.77730968599991 ], [ -56.244489428999884, -28.777278008999929 ], [ -56.247055492999834, -28.777276573999927 ], [ -56.249357604999886, -28.777333748999922 ], [ -56.251650007000023, -28.777462308 ], [ -56.254681797999979, -28.77775377099988 ], [ -56.257046910999918, -28.778020721999837 ], [ -56.259154901999977, -28.778319686999964 ], [ -56.261577788999887, -28.779272625999965 ], [ -56.267928701000017, -28.781811086999937 ], [ -56.273705603999986, -28.783767266999973 ], [ -56.275093292999884, -28.784237167000015 ], [ -56.277403409999863, -28.78504487399988 ], [ -56.280104182999878, -28.786600203999967 ], [ -56.281866454999943, -28.787677103999897 ], [ -56.285353653999891, -28.789303104999874 ], [ -56.286680805, -28.790879597999947 ], [ -56.288326620000021, -28.792103429999941 ], [ -56.290682268999888, -28.794032387999948 ], [ -56.292679191999923, -28.795907454999906 ], [ -56.294369665999909, -28.797708780999926 ], [ -56.296786828999871, -28.801780212999915 ], [ -56.298120500999914, -28.805244738999875 ], [ -56.299499366999953, -28.80737208599993 ], [ -56.300239024999883, -28.812299239000026 ], [ -56.301210825, -28.815520981999953 ], [ -56.301040118, -28.818335167999919 ], [ -56.300614805999885, -28.821536687999867 ], [ -56.300215390999881, -28.824096748999864 ], [ -56.299646733999907, -28.827938354000025 ], [ -56.29947424898279, -28.829331593631252 ], [ -56.332910305352641, -28.866954828667758 ], [ -56.378471893566598, -28.85585475564227 ], [ -56.378509169262543, -28.855899350051061 ], [ -56.388859115412913, -28.86489218719953 ], [ -56.395704543899626, -28.878713667912962 ], [ -56.395720699846777, -28.878774219799141 ], [ -56.377898238368857, -28.906511977866899 ], [ -56.409562157342862, -28.933392473512072 ], [ -56.409590549949428, -28.93341320543243 ], [ -56.417099288166071, -28.93774986571043 ], [ -56.417158600730261, -28.937790237498575 ], [ -56.417292468283733, -28.937846836748406 ], [ -56.4173228075407, -28.937866051126946 ], [ -56.439054315744045, -28.969207883325453 ], [ -56.431368520799879, -28.861565277374552 ], [ -56.430823065929587, -28.861740173053477 ], [ -56.434563898745409, -28.837231231223029 ], [ -56.465463930622093, -28.827644227348287 ], [ -56.466318583134296, -28.826371627148205 ], [ -56.466740956131332, -28.825742704668357 ], [ -56.469704310916995, -28.826287349771917 ], [ -56.469188973617804, -28.824718857039556 ], [ -56.469202785444793, -28.824682063954697 ], [ -56.470401150296311, -28.82467773839079 ], [ -56.471045350114821, -28.82288823979161 ], [ -56.467217935876818, -28.825054042842851 ], [ -56.467180793784564, -28.825065904467067 ], [ -56.467144160002704, -28.825079253592492 ], [ -56.404564064479814, -28.786593195240073 ], [ -56.404546355777825, -28.786543876896815 ], [ -56.427815791908415, -28.651837857288342 ], [ -56.344574721376205, -28.646734543445007 ], [ -56.352507379684994, -28.586478788438114 ], [ -56.39612201625232, -28.5513886029579 ], [ -56.441411960459163, -28.535958874568848 ], [ -56.443415403652637, -28.535965554224902 ], [ -56.485814404384314, -28.543009177700867 ], [ -56.547875450296601, -28.577727068283707 ], [ -56.529346720546073, -28.500652145354138 ], [ -56.552731718033158, -28.46197722308159 ], [ -56.610233002657878, -28.473023178688152 ], [ -56.640577226553432, -28.396247917977519 ], [ -56.708784389079483, -28.389470325330137 ], [ -56.842074580943574, -28.413263684822653 ], [ -56.83668321822438, -28.422423904761956 ], [ -56.871764535047248, -28.408826463439425 ], [ -56.951241839945624, -28.422189644707544 ], [ -57.001687813742876, -28.199092084323979 ], [ -57.097039332181737, -28.168173229044896 ], [ -57.298867188667771, -28.027478758251277 ], [ -57.42202865529697, -28.030181633279426 ], [ -57.43954555455349, -28.082572311434376 ], [ -57.51694591696679, -28.073024733301338 ], [ -57.529575317536569, -28.077744428393942 ], [ -57.563622115379019, -28.128652252978952 ], [ -57.625830551207287, -28.112826171602933 ], [ -57.636109246379021, -28.114368909164 ], [ -57.641093721138191, -28.114607198045917 ], [ -57.652684717237037, -28.14232102412393 ], [ -57.655538741597411, -28.142678774577519 ], [ -57.654181442064669, -28.108141077668336 ], [ -57.689350428541104, -28.088590243974977 ], [ -57.726196715663946, -28.084418625879891 ], [ -57.762396165323992, -28.08123278312371 ], [ -57.782350265542732, -28.087613628692907 ], [ -57.80743179798651, -28.125265036930216 ], [ -57.853001406957503, -28.113068123552182 ], [ -57.855116629045369, -28.113865548738772 ], [ -57.864354283041791, -28.116364522652248 ], [ -57.864426643493005, -28.116370211003584 ], [ -57.887039100951256, -28.120722301982539 ], [ -57.907240366280064, -28.128675645111855 ], [ -57.894080878283603, -28.110260750448958 ], [ -57.893717630552317, -28.110766022702933 ], [ -57.887517417709262, -28.116123576746986 ], [ -57.886796849761481, -28.11609666893537 ], [ -57.886720736500877, -28.116088719165987 ], [ -57.883354818304724, -28.113663913396636 ], [ -57.888356868777919, -28.108845069606616 ], [ -57.886957513026459, -28.104934107008773 ], [ -57.883279527629099, -28.106046487849881 ], [ -57.881598395125138, -28.110694124533666 ], [ -57.883145050184055, -28.105982806424322 ], [ -57.882544411875188, -28.098361990541605 ], [ -57.875857205844625, -28.086617750927644 ], [ -57.861775949381979, -28.073835563558418 ], [ -57.794988217703349, -28.075621022885514 ], [ -57.773348298536177, -28.025372939458009 ], [ -57.721504937947486, -27.975448609343289 ], [ -57.711500132266224, -27.974577322385187 ], [ -57.70713302716166, -27.856139369536265 ], [ -57.732888211286195, -27.852806940082814 ], [ -57.742223237507005, -27.839828127008786 ], [ -57.743369864529768, -27.849695572200176 ], [ -57.768115157801105, -27.855914014559801 ], [ -57.769713081863586, -27.84040459010032 ], [ -57.749707039823193, -27.829605905388121 ], [ -57.753830060506971, -27.810924296498058 ], [ -57.730198157829761, -27.818722844265892 ], [ -57.730140725628871, -27.818687660899116 ], [ -57.730665402719012, -27.772007416733175 ], [ -57.730720026804363, -27.771985597039361 ], [ -57.750064890378326, -27.761806885865099 ], [ -57.750123136421223, -27.761790205621367 ], [ -57.793863544648843, -27.793054913853553 ], [ -57.79387760157266, -27.793091118216239 ], [ -57.796277274809825, -27.797267930416979 ], [ -57.795343482298051, -27.793289893335896 ], [ -57.818912560220383, -27.771898803392276 ], [ -57.83361739514919, -27.770727351889889 ], [ -57.830287373403451, -27.777687058201082 ], [ -57.849271790546254, -27.766147294982829 ], [ -57.851707542579618, -27.761906632663568 ], [ -57.92725093761112, -27.75509927983876 ], [ -57.927644841248991, -27.755688098472433 ], [ -57.928371119478982, -27.758643097815138 ], [ -57.931529584419707, -27.758728194592436 ], [ -57.940222688680819, -27.753900193314621 ], [ -57.927432076901141, -27.750848693563171 ], [ -57.927232754967008, -27.754948138867121 ], [ -57.851583052228079, -27.760871822063166 ], [ -57.844088362024877, -27.747935743001165 ], [ -57.84405704220103, -27.747309362268368 ], [ -57.834039641923198, -27.741730718882025 ], [ -57.821591978517745, -27.692618423344072 ], [ -57.718017454241306, -27.728275536512342 ], [ -57.703003843898102, -27.724515252514266 ], [ -57.681198690560848, -27.668880551012364 ], [ -57.622144270489912, -27.610545814696252 ], [ -57.653216686396775, -27.581659564297979 ], [ -57.671889654117308, -27.573479269853351 ], [ -57.717532318634881, -27.581103853706793 ], [ -57.726244925190031, -27.575766608993604 ], [ -57.743654015942923, -27.527874265915159 ], [ -57.743675702035489, -27.52784242447774 ], [ -57.856376010347219, -27.472161021303123 ], [ -57.944052036468236, -27.427031889959096 ], [ -57.949635425822009, -27.430141253389593 ], [ -57.950319312430508, -27.430304410543499 ], [ -57.960574661172302, -27.409069200218767 ], [ -57.958898392535332, -27.408652366788431 ], [ -58.101939346119138, -27.344689466385717 ], [ -58.060352895888514, -27.302594712720065 ], [ -58.046296146907707, -27.301953733139271 ], [ -58.045640247636015, -27.301565729074298 ], [ -58.037241528303468, -27.289012486796537 ], [ -58.001516542949219, -27.285773128136213 ], [ -57.98190704058652, -27.304225423455136 ], [ -57.976997769312561, -27.305818891410411 ] ] ], [ [ [ -54.846760507079807, -27.525653115064245 ], [ -54.840768308800193, -27.534654379441065 ], [ -54.832784370661557, -27.530599950394333 ], [ -54.832814201896099, -27.530399237467009 ], [ -54.83280744714159, -27.530391669574726 ], [ -54.830110155601574, -27.529379061005898 ], [ -54.829988602441347, -27.532317032884578 ], [ -54.829986146037015, -27.532324728002095 ], [ -54.830092386877482, -27.538243370979671 ], [ -54.830358510922679, -27.543953199599457 ], [ -54.826843171520181, -27.539967010999021 ], [ -54.818403440093221, -27.542045712995673 ], [ -54.818854219999878, -27.543529694999904 ], [ -54.820348258000024, -27.54650707199994 ], [ -54.82265610599984, -27.551417788999913 ], [ -54.827558332999899, -27.559281554 ], [ -54.828358133999814, -27.560784406999971 ], [ -54.828914751999889, -27.56364793899985 ], [ -54.829730649999874, -27.565194528999939 ], [ -54.83068679399986, -27.567695938999861 ], [ -54.830823206999867, -27.568080764 ], [ -54.831930633000013, -27.572820675999878 ], [ -54.832217478000018, -27.574847333999855 ], [ -54.832745969999962, -27.575972508999882 ], [ -54.833168912999895, -27.576872968999965 ], [ -54.833990543999903, -27.579492027999947 ], [ -54.835880406999877, -27.583450342 ], [ -54.836175977999915, -27.585089719999814 ], [ -54.836757455999873, -27.590457894999815 ], [ -54.836906941, -27.591513573999862 ], [ -54.83717959899991, -27.593439107999927 ], [ -54.83773399699993, -27.596064792999925 ], [ -54.838290322999967, -27.598327234999886 ], [ -54.838375132999886, -27.599448557999949 ], [ -54.838779843999873, -27.601164438999888 ], [ -54.839123211999947, -27.602620238999918 ], [ -54.83951945799987, -27.603653522999878 ], [ -54.840634695999881, -27.607267437999838 ], [ -54.840782163999904, -27.60893597099988 ], [ -54.841601295999908, -27.611321643999815 ], [ -54.841802495999957, -27.611659318999955 ], [ -54.843230431999871, -27.614055822000012 ], [ -54.844192874999862, -27.617154276999884 ], [ -54.844667030999915, -27.617596678999973 ], [ -54.847705399999938, -27.620973348999939 ], [ -54.848122245999889, -27.621692233999909 ], [ -54.851182786999914, -27.624996647999922 ], [ -54.851763135999875, -27.625575971999808 ], [ -54.856104373999983, -27.628452730999982 ], [ -54.858494431999929, -27.629479812999875 ], [ -54.859275803, -27.629532498999879 ], [ -54.860108195999885, -27.629588626999919 ], [ -54.862512202, -27.628622572999916 ], [ -54.86492082399991, -27.628204490999963 ], [ -54.866793423999866, -27.627879449999909 ], [ -54.871263912999893, -27.62685492199995 ], [ -54.877582249999989, -27.626439260999916 ], [ -54.881085227000028, -27.626290839999911 ], [ -54.886619956999937, -27.626437406999855 ], [ -54.887063484999942, -27.626574117999894 ], [ -54.888904825999987, -27.627141685999959 ], [ -54.89065187999995, -27.627966812000011 ], [ -54.892532867999876, -27.628548567999928 ], [ -54.894281067999827, -27.629494852999983 ], [ -54.895010726999885, -27.630021691999957 ], [ -54.895830154999828, -27.630613346999894 ], [ -54.897984906999966, -27.631919982 ], [ -54.899012958999833, -27.632508328999904 ], [ -54.89994197999988, -27.633040000999927 ], [ -54.902506883, -27.635407045000022 ], [ -54.904081785000017, -27.638151056999959 ], [ -54.904751712999939, -27.639123287999837 ], [ -54.905396307, -27.640058752999892 ], [ -54.905774897999947, -27.641476268000019 ], [ -54.906976853999936, -27.64370257499985 ], [ -54.90705192899992, -27.64730608199983 ], [ -54.905987961, -27.650905730999966 ], [ -54.905338367999889, -27.653415821999886 ], [ -54.904829536999898, -27.656880810999894 ], [ -54.904656955, -27.659064586999818 ], [ -54.904584259999865, -27.659984433999909 ], [ -54.904207512999847, -27.663093783999955 ], [ -54.903701031999958, -27.666321119999907 ], [ -54.903598927999951, -27.67014200999995 ], [ -54.903502595999896, -27.673154805000024 ], [ -54.903492114999892, -27.673482577999948 ], [ -54.903251297999873, -27.677066501999832 ], [ -54.902874654999891, -27.680171360999964 ], [ -54.902629126999898, -27.682799401999887 ], [ -54.901976582999907, -27.685071494999875 ], [ -54.901326485000027, -27.687581502999876 ], [ -54.900543801000026, -27.689976025999954 ], [ -54.900431769999898, -27.691033550999862 ], [ -54.90029063299994, -27.692365825999957 ], [ -54.900320746999967, -27.695826605999969 ], [ -54.900417962999825, -27.697859909999977 ], [ -54.900480572999868, -27.699169407999875 ], [ -54.900773, -27.702152135999938 ], [ -54.901473867999982, -27.705607559999862 ], [ -54.90151666099996, -27.706319737999877 ], [ -54.901631589999965, -27.70823242299997 ], [ -54.902055167000015, -27.711213912 ], [ -54.902349057999913, -27.71383782700002 ], [ -54.902248475999841, -27.718376643999875 ], [ -54.902405498999883, -27.719262788999913 ], [ -54.902671046999899, -27.72076139099994 ], [ -54.903635771999973, -27.723855521999951 ], [ -54.904276728999889, -27.725174118999917 ], [ -54.906426442999873, -27.73090155899996 ], [ -54.91004312799987, -27.734636149999972 ], [ -54.913002321999841, -27.73716644599989 ], [ -54.915029638999897, -27.739062388999912 ], [ -54.917460664999965, -27.740955139999926 ], [ -54.917922525, -27.741325795999956 ], [ -54.919083432999855, -27.74225745799987 ], [ -54.920843521999814, -27.744155574999866 ], [ -54.923139625999909, -27.746170432999975 ], [ -54.92343152799981, -27.746612611999865 ], [ -54.925179478999837, -27.749260444999834 ], [ -54.926099917999977, -27.750239427999929 ], [ -54.927077102, -27.751278763999949 ], [ -54.928972612999985, -27.753530246999901 ], [ -54.929508265999914, -27.754531444999941 ], [ -54.929929233, -27.755318279999869 ], [ -54.930752477999988, -27.75734075399987 ], [ -54.931349126999976, -27.758983745000023 ], [ -54.931573236999952, -27.75960087399983 ], [ -54.931990284999813, -27.761388617999955 ], [ -54.932687052, -27.763892709 ], [ -54.933511470999917, -27.766511978999858 ], [ -54.934081349, -27.767933245999927 ], [ -54.934609526999907, -27.769250514999953 ], [ -54.936241211999914, -27.771867842999882 ], [ -54.936612590999914, -27.772175212999912 ], [ -54.942170158999943, -27.775642593999919 ], [ -54.944195307999905, -27.776229172999876 ], [ -54.946886416999803, -27.776808787999869 ], [ -54.949037822999912, -27.777388115999827 ], [ -54.951458934999948, -27.77773196399994 ], [ -54.952264068999966, -27.777963114999977 ], [ -54.955755345, -27.778297822999889 ], [ -54.958437824999805, -27.778042170999868 ], [ -54.960105778999889, -27.777937850999933 ], [ -54.960586687999978, -27.777907772999924 ], [ -54.96152042999995, -27.777424021999877 ], [ -54.963665593999906, -27.776930408999988 ], [ -54.967063525999947, -27.775870728999962 ], [ -54.972316125999953, -27.772007311999971 ], [ -54.972612641999888, -27.771975266999959 ], [ -54.975024075000022, -27.771357917999865 ], [ -54.976167921999888, -27.771127884999942 ], [ -54.978101458999902, -27.770739041000013 ], [ -54.979888190999873, -27.77072779599996 ], [ -54.980251372999987, -27.770725510999853 ], [ -54.982128745999887, -27.770713981999961 ], [ -54.983338893, -27.771062819999884 ], [ -54.984759812999982, -27.771368141999915 ], [ -54.985489062999818, -27.771524840999916 ], [ -54.987648060999845, -27.772346303999939 ], [ -54.989391828999885, -27.773296394999875 ], [ -54.989806193, -27.77352215999997 ], [ -54.991291530999945, -27.774586960999898 ], [ -54.992776898999921, -27.775651750999884 ], [ -54.993989960000022, -27.779124318999948 ], [ -54.994422214999815, -27.779817419999858 ], [ -54.994981920999862, -27.782080109999924 ], [ -54.995729331999883, -27.784749219999867 ], [ -54.99745700599982, -27.788748574999943 ], [ -54.99930993800001, -27.791922084999953 ], [ -55.000585672999875, -27.793260955999983 ], [ -55.002750820999893, -27.79503388299986 ], [ -55.003216283999848, -27.795782022999958 ], [ -55.005044347000023, -27.796571959999937 ], [ -55.00791613899986, -27.797504537 ], [ -55.008277110999984, -27.797621757999934 ], [ -55.010962899, -27.797603118999916 ], [ -55.012706032999972, -27.797709057999953 ], [ -55.013993640000024, -27.797820128000012 ], [ -55.016729559, -27.797202761 ], [ -55.020870274999936, -27.796606112 ], [ -55.021953269999926, -27.796088533999921 ], [ -55.024491930999829, -27.794638613999837 ], [ -55.025959310000019, -27.793552696999882 ], [ -55.026681710999924, -27.79298047899988 ], [ -55.027025448999836, -27.792708201999915 ], [ -55.028753766999841, -27.791022648999899 ], [ -55.030478986999867, -27.789103546999911 ], [ -55.032206773999917, -27.786942250999971 ], [ -55.033663402, -27.78489980899991 ], [ -55.035249718999808, -27.782739221999918 ], [ -55.036713680999867, -27.780946000999961 ], [ -55.037505770999871, -27.779975761999879 ], [ -55.038455091720039, -27.778961142740172 ], [ -55.037359270379341, -27.77734040786703 ], [ -55.035484816853, -27.777283964259198 ], [ -55.031769495234187, -27.777071480138147 ], [ -55.026668633664713, -27.776779755168263 ], [ -55.026242366014742, -27.776799614344952 ], [ -55.018959453687557, -27.779803144344328 ], [ -55.01895755568512, -27.779858417007858 ], [ -55.016578133075654, -27.782093528024575 ], [ -55.013207043426974, -27.785241667294031 ], [ -55.013195726312631, -27.785252480389147 ], [ -55.013166828651322, -27.785280582915334 ], [ -55.013155862120698, -27.785269088598739 ], [ -55.009952714265296, -27.781891012492679 ], [ -55.008824676590905, -27.780687578917934 ], [ -55.006666071749294, -27.778578883134344 ], [ -55.006097454808753, -27.777982328552525 ], [ -55.006474760981803, -27.774529238621881 ], [ -55.007338222165117, -27.771610355145469 ], [ -55.008838015858316, -27.770070490492685 ], [ -55.012815588010028, -27.767198042159293 ], [ -55.013749423170054, -27.765200911844147 ], [ -55.013799886233926, -27.765150593276303 ], [ -55.013802276436536, -27.765019617143366 ], [ -55.013829232389924, -27.763833978420507 ], [ -55.013803154803327, -27.763798619569286 ], [ -55.013783966037408, -27.763741277008819 ], [ -55.010938510494043, -27.761549890553511 ], [ -55.005436805017325, -27.761934616145595 ], [ -55.005429079261376, -27.761934256813674 ], [ -55.002522569593566, -27.757139331536905 ], [ -55.001183357936839, -27.755313352295843 ], [ -55.001132191507054, -27.755353059478978 ], [ -55.001036977765978, -27.7553392152264 ], [ -55.001030893242614, -27.755299218741982 ], [ -55.000962509566364, -27.754795002933577 ], [ -55.001022405948618, -27.749127066649976 ], [ -55.000981930097851, -27.749092392652869 ], [ -55.000179077853716, -27.74634257635438 ], [ -55.00589465274453, -27.746514747998162 ], [ -55.005931393891785, -27.746546222628353 ], [ -55.010084383779429, -27.748270596506984 ], [ -55.010218606798958, -27.74828996620198 ], [ -55.012711802629553, -27.749793168237886 ], [ -55.016770292211845, -27.751294252734965 ], [ -55.018012481697951, -27.751819043851583 ], [ -55.018943234016092, -27.752059595915057 ], [ -55.018946204674421, -27.752058880655227 ], [ -55.019593978713942, -27.751854597050965 ], [ -55.019591507198527, -27.751844517113227 ], [ -55.021704288723924, -27.752927059865158 ], [ -55.023715139705871, -27.750969545740418 ], [ -55.023747774748188, -27.750904464408165 ], [ -55.024457270692665, -27.750263036263448 ], [ -55.024463460544439, -27.750279466726852 ], [ -55.02493045430549, -27.75130262511675 ], [ -55.025636213643054, -27.752910596022446 ], [ -55.025671139552969, -27.752941393306344 ], [ -55.025385351948898, -27.754160214919239 ], [ -55.025366953400237, -27.754198316175518 ], [ -55.027022816127442, -27.757607373357928 ], [ -55.03075473773697, -27.761454071053436 ], [ -55.031438871867465, -27.762071906624158 ], [ -55.031743752021725, -27.762592165185367 ], [ -55.032342929265837, -27.763091107768844 ], [ -55.03657662588995, -27.764309848748383 ], [ -55.038317712739854, -27.763854476482948 ], [ -55.038310802581918, -27.76384552367017 ], [ -55.038300864865107, -27.763790090870202 ], [ -55.038304996305726, -27.763783299644331 ], [ -55.039727933014547, -27.759815794753138 ], [ -55.039848844658991, -27.759825884506142 ], [ -55.039875654256377, -27.759821455180997 ], [ -55.040858667091243, -27.7594131819572 ], [ -55.040883181208073, -27.759408905860653 ], [ -55.043298572133324, -27.756983154349371 ], [ -55.044577236039288, -27.752648390419949 ], [ -55.0451046719121, -27.751144717154773 ], [ -55.043942534691894, -27.748174003063866 ], [ -55.0388437108723, -27.744677545025127 ], [ -55.038134853889744, -27.74371879363315 ], [ -55.035374457334683, -27.744338759066636 ], [ -55.035376354426035, -27.744347562782423 ], [ -55.032118223191731, -27.746231699163218 ], [ -55.031880579250412, -27.746283705840597 ], [ -55.03053326109648, -27.746831233839089 ], [ -55.029214793424728, -27.747420765725963 ], [ -55.026735918541249, -27.749740156503606 ], [ -55.026720477967785, -27.749775042147917 ], [ -55.026682442812216, -27.749759626051343 ], [ -55.024834979121408, -27.749481666077941 ], [ -55.024832223543058, -27.749474878532226 ], [ -55.023084835601423, -27.747274088495658 ], [ -55.023074572266978, -27.747248440652072 ], [ -55.023540479547364, -27.746639478281679 ], [ -55.023247825190822, -27.745968952705027 ], [ -55.022717379066705, -27.744747869595642 ], [ -55.022272218031674, -27.740818573067941 ], [ -55.021893724969857, -27.740800264537086 ], [ -55.019886748034367, -27.736784539678638 ], [ -55.019913927155926, -27.736760299492516 ], [ -55.017877205412674, -27.733575816518339 ], [ -55.017319250535138, -27.733042936039226 ], [ -55.00897235475901, -27.721928542962473 ], [ -55.006511684993711, -27.718796514775079 ], [ -55.006197400793553, -27.718070823062078 ], [ -55.006176680766714, -27.718059607300859 ], [ -55.0047538556733, -27.716119182196167 ], [ -55.004711308592334, -27.716117017778572 ], [ -55.000395590766743, -27.71682962050312 ], [ -54.99495649892981, -27.720974539847134 ], [ -54.992068686357641, -27.72275623943591 ], [ -54.991146550718668, -27.722721708476797 ], [ -54.986378256331875, -27.729137846627793 ], [ -54.986385296049207, -27.729189835284217 ], [ -54.984734316576635, -27.733756503748907 ], [ -54.984748073879643, -27.733815714355103 ], [ -54.986195006660012, -27.739871271730863 ], [ -54.98624547723449, -27.739928305441822 ], [ -54.986411310138578, -27.740319720302523 ], [ -54.986523893106607, -27.740534180093562 ], [ -54.98652012356041, -27.740538359103653 ], [ -54.986472020091639, -27.74053661271563 ], [ -54.985733099870799, -27.740376136823443 ], [ -54.984775828422471, -27.739955696908623 ], [ -54.984783753831266, -27.739902803888867 ], [ -54.978649327840969, -27.737395556296519 ], [ -54.977547692082339, -27.735665128981623 ], [ -54.974450354581904, -27.736681792021159 ], [ -54.965584298063561, -27.73201383898089 ], [ -54.961463279170914, -27.733003101290535 ], [ -54.9614410248941, -27.733050222681811 ], [ -54.958823043201505, -27.736437668080839 ], [ -54.955211979049977, -27.73417778404712 ], [ -54.954149861433393, -27.733048418467149 ], [ -54.953984968122711, -27.732668222049597 ], [ -54.954065839807356, -27.732340210659629 ], [ -54.95397654079801, -27.732244807913048 ], [ -54.954712812679702, -27.732114609646658 ], [ -54.958842386460617, -27.729100700623405 ], [ -54.958895396247101, -27.729063678236457 ], [ -54.961563129605793, -27.725011596623915 ], [ -54.96169863104268, -27.724289936881007 ], [ -54.959056407498906, -27.717928965863564 ], [ -54.957261844850905, -27.717834979004351 ], [ -54.956618177281712, -27.717801263938668 ], [ -54.956570360998228, -27.717807726111971 ], [ -54.955729773015491, -27.718090761584619 ], [ -54.955684183518599, -27.71810127960913 ], [ -54.95373486825838, -27.71853941259252 ], [ -54.953688446357205, -27.718553224874881 ], [ -54.950121250712698, -27.719379030290042 ], [ -54.945866675617822, -27.722686153087238 ], [ -54.943601919977993, -27.72236753584923 ], [ -54.940107446118816, -27.723408375535769 ], [ -54.940066771448812, -27.723428615065984 ], [ -54.939614226048263, -27.723479419171895 ], [ -54.939570120720077, -27.723496542305384 ], [ -54.939431579054542, -27.723616935517384 ], [ -54.939388067299717, -27.723633066911418 ], [ -54.937540334929452, -27.72380364930325 ], [ -54.937490270427531, -27.723821343973782 ], [ -54.933923081114983, -27.729740145133576 ], [ -54.933300835805142, -27.730572580290072 ], [ -54.933267429452542, -27.730559552080308 ], [ -54.933096080246116, -27.730595684019761 ], [ -54.931667868055854, -27.73026109861712 ], [ -54.931619189963442, -27.730285098789068 ], [ -54.928595884878405, -27.727570477470579 ], [ -54.92856944818493, -27.727547349979034 ], [ -54.92295695231013, -27.725652981641019 ], [ -54.920574480424136, -27.72509442312213 ], [ -54.920543483245979, -27.725090807417132 ], [ -54.920230468141483, -27.724929356288555 ], [ -54.920196634062052, -27.724925272731355 ], [ -54.920090936070153, -27.724860455105784 ], [ -54.919591009796818, -27.724698535218238 ], [ -54.919565301566763, -27.724647939551176 ], [ -54.919130056760082, -27.724476056631488 ], [ -54.918438761092432, -27.72424063566217 ], [ -54.918322147625133, -27.72420307380969 ], [ -54.918272125746398, -27.724185116153194 ], [ -54.918135653097636, -27.724140942738416 ], [ -54.917502249283189, -27.723918850610573 ], [ -54.917479082861689, -27.723909470110868 ], [ -54.916763726535862, -27.72392617577168 ], [ -54.916751554056304, -27.723954523029818 ], [ -54.916721476127293, -27.72396764351987 ], [ -54.916650083426134, -27.724117698752991 ], [ -54.916270481296124, -27.724001750746254 ], [ -54.916232898660894, -27.723986988487184 ], [ -54.915552431754406, -27.723849726457161 ], [ -54.915558274751447, -27.723834944550788 ], [ -54.915524184100718, -27.723781789333771 ], [ -54.91609145504259, -27.722916883913967 ], [ -54.916353093372209, -27.723003525165097 ], [ -54.916388084213736, -27.723018639689315 ], [ -54.917046445180802, -27.722528040310863 ], [ -54.91719036510824, -27.721862139515281 ], [ -54.917216065431546, -27.721867427562529 ], [ -54.918938220613995, -27.722053295404351 ], [ -54.920209703804119, -27.721872379828085 ], [ -54.921040043229084, -27.721598256521531 ], [ -54.921122570432999, -27.721665118643216 ], [ -54.921166278027158, -27.721670709207501 ], [ -54.921185880999644, -27.721751147703003 ], [ -54.921232449394381, -27.721757104187304 ], [ -54.921425921756679, -27.721544264396528 ], [ -54.92245278402612, -27.72133415380199 ], [ -54.922492343867873, -27.721361278667928 ], [ -54.922692875893517, -27.721417088351131 ], [ -54.922710145457415, -27.721463932437928 ], [ -54.922801633480731, -27.721509573980143 ], [ -54.926892273665942, -27.720780028268109 ], [ -54.926923985496728, -27.720746499146685 ], [ -54.927175653111817, -27.720434082595204 ], [ -54.926761730096302, -27.713861989370002 ], [ -54.92678276402097, -27.713519100402323 ], [ -54.926786169048398, -27.71345568512686 ], [ -54.92684209385294, -27.713491156655436 ], [ -54.926978412123901, -27.713609074731721 ], [ -54.926978926797574, -27.713609225674531 ], [ -54.937581836275683, -27.711761399240515 ], [ -54.939642380332941, -27.712549250197071 ], [ -54.9396995946218, -27.712560756005757 ], [ -54.940058048164815, -27.712741711021863 ], [ -54.940114382533409, -27.712760722973087 ], [ -54.942277237687108, -27.713150974669645 ], [ -54.947404819012945, -27.710222678701996 ], [ -54.944068819816948, -27.702311935657974 ], [ -54.943152088406293, -27.701642517429775 ], [ -54.94361617087776, -27.699113400384817 ], [ -54.943636524884653, -27.699115980189561 ], [ -54.944391602649944, -27.695051079340487 ], [ -54.944704152184215, -27.694935296466952 ], [ -54.944063829834306, -27.691990700034296 ], [ -54.942851504711257, -27.690500374979479 ], [ -54.94030570503736, -27.690261974969246 ], [ -54.940361434467661, -27.690845983170789 ], [ -54.940340360695586, -27.690851726542348 ], [ -54.93484580135032, -27.690362547563041 ], [ -54.930309774604439, -27.688354070834293 ], [ -54.926697764036817, -27.686754733005046 ], [ -54.927646894617794, -27.684791363394595 ], [ -54.928619885862702, -27.683636576092965 ], [ -54.930810497684888, -27.682959028276287 ], [ -54.930868178283674, -27.68295124540515 ], [ -54.932904273347845, -27.679333993296268 ], [ -54.931609542301203, -27.678792833728608 ], [ -54.928436053001349, -27.672360697475483 ], [ -54.928389681643125, -27.672363185594349 ], [ -54.92733779615304, -27.673687590568136 ], [ -54.924017315538947, -27.671614555990345 ], [ -54.924899967406589, -27.665698532778663 ], [ -54.924904242880075, -27.665695632740153 ], [ -54.924935700161768, -27.665615603198319 ], [ -54.92493871562607, -27.665614788839889 ], [ -54.924850211555508, -27.665286977098049 ], [ -54.924759727649985, -27.665135651740798 ], [ -54.923128769593461, -27.660687375609712 ], [ -54.921913907922374, -27.659271411306577 ], [ -54.921859695354442, -27.659258434414483 ], [ -54.920692005631054, -27.659657860633331 ], [ -54.920644863776261, -27.659653924116924 ], [ -54.920616205749297, -27.659654619062962 ], [ -54.918459822056604, -27.658659804906222 ], [ -54.918221041764014, -27.659040925445765 ], [ -54.917515591582173, -27.658591940914391 ], [ -54.917503474280352, -27.65859075913545 ], [ -54.9171760747289, -27.658083165731568 ], [ -54.917137533342441, -27.658052929879545 ], [ -54.916713471232924, -27.657761610805721 ], [ -54.916708995425836, -27.657749952841073 ], [ -54.91650391489452, -27.657613488730362 ], [ -54.916245321194026, -27.657428432053848 ], [ -54.917251040968608, -27.656075165095672 ], [ -54.917422761275134, -27.655429200901096 ], [ -54.917491605499379, -27.65542294685514 ], [ -54.919109677919096, -27.653449834555147 ], [ -54.927251694787913, -27.647617008320537 ], [ -54.927400874831847, -27.647595743795364 ], [ -54.927402463657643, -27.647593747541521 ], [ -54.927599225639199, -27.647416968081416 ], [ -54.928261545303258, -27.646908231937687 ], [ -54.928329726828963, -27.647197127073355 ], [ -54.928336468245789, -27.647197612062257 ], [ -54.933054672188462, -27.642645833126039 ], [ -54.935337388298876, -27.640526180004997 ], [ -54.935412352701746, -27.640519725316551 ], [ -54.939752551462391, -27.643068342692459 ], [ -54.942454906243711, -27.642006164439579 ], [ -54.942992073624737, -27.64192732319907 ], [ -54.943008195802918, -27.641915153997786 ], [ -54.943331372396301, -27.641249823116766 ], [ -54.94380410417034, -27.639435787404238 ], [ -54.942292276379078, -27.638866145795419 ], [ -54.939243156165958, -27.637737523021087 ], [ -54.939203367492723, -27.637751842141199 ], [ -54.935672666520702, -27.639629688950095 ], [ -54.935659495419316, -27.639605532034523 ], [ -54.935657489064795, -27.63960097119741 ], [ -54.933790739552933, -27.636341431624828 ], [ -54.936911500263022, -27.635838637048892 ], [ -54.941045202519206, -27.632530629773669 ], [ -54.941101654482281, -27.632539224958521 ], [ -54.946264505883903, -27.630144162987335 ], [ -54.948819482905549, -27.628349703085632 ], [ -54.950758947070369, -27.627368194257713 ], [ -54.952233915601539, -27.624917483667787 ], [ -54.95374579036735, -27.622016369647554 ], [ -54.953732695292274, -27.621972752002705 ], [ -54.953719034179585, -27.621947759627858 ], [ -54.954337916323993, -27.619877735900161 ], [ -54.955378444759504, -27.613594899922248 ], [ -54.955550183493813, -27.61264010126348 ], [ -54.955516539967732, -27.612573730096415 ], [ -54.955377847622742, -27.611618940919641 ], [ -54.955383920067959, -27.611598803286199 ], [ -54.955419317009785, -27.611615946772929 ], [ -54.956644767950252, -27.612022213105774 ], [ -54.957424329951778, -27.61253922880951 ], [ -54.961750367661864, -27.615308615421384 ], [ -54.961768866243176, -27.615342457721738 ], [ -54.965725885401753, -27.61250604125911 ], [ -54.966459960243185, -27.611929398874452 ], [ -54.967380242250499, -27.607004593615727 ], [ -54.967007327507872, -27.601480783444572 ], [ -54.968531898276069, -27.584202851300574 ], [ -54.967715759762484, -27.583189538298939 ], [ -54.967715715575821, -27.583165348488365 ], [ -54.967142470940416, -27.579382778117122 ], [ -54.95704021829124, -27.577806923634569 ], [ -54.951996856964797, -27.58366779841225 ], [ -54.944981198336791, -27.58279630583263 ], [ -54.944929768654674, -27.582758991646301 ], [ -54.944522695001865, -27.583024008401992 ], [ -54.942855403062765, -27.580691590237222 ], [ -54.942838808616614, -27.580684805361273 ], [ -54.942819353602488, -27.580600342212335 ], [ -54.942804886030956, -27.580587520520282 ], [ -54.942623729940919, -27.580580788541852 ], [ -54.940403024241618, -27.580737066728489 ], [ -54.939379100717417, -27.580810401002736 ], [ -54.937859037209194, -27.588720325088843 ], [ -54.938219677912798, -27.588889623537796 ], [ -54.93974458997468, -27.589452532682799 ], [ -54.940971346782533, -27.58945443010623 ], [ -54.942761608158321, -27.591330973694028 ], [ -54.942827452767006, -27.591338039656193 ], [ -54.942836622850109, -27.591336349543951 ], [ -54.943454900750737, -27.592638973416456 ], [ -54.941869700511006, -27.595892617387562 ], [ -54.941820559334644, -27.595887343915706 ], [ -54.939341343033391, -27.599654339901406 ], [ -54.939319463436107, -27.59965021015563 ], [ -54.934246869926142, -27.598799907473335 ], [ -54.932534483424547, -27.598854612820674 ], [ -54.932498247968965, -27.598887789959349 ], [ -54.927434817865674, -27.596974419580818 ], [ -54.916765936232764, -27.596119616098804 ], [ -54.916155979652046, -27.596627244741455 ], [ -54.915335334812767, -27.59735542115601 ], [ -54.913398139499975, -27.600008375114214 ], [ -54.913343841395033, -27.600014610333403 ], [ -54.913184441274893, -27.600061287374217 ], [ -54.913097387917674, -27.600292451567498 ], [ -54.913098040040666, -27.60042313544028 ], [ -54.913151324168894, -27.600442515389489 ], [ -54.913327740739533, -27.600447086722511 ], [ -54.913349448380018, -27.600638993539235 ], [ -54.913429581040475, -27.601370182469566 ], [ -54.913566947272273, -27.602499872603858 ], [ -54.91356803517607, -27.602508709744939 ], [ -54.913568420475315, -27.602511688865434 ], [ -54.913569088906229, -27.602518306064383 ], [ -54.913568399118105, -27.602518352745108 ], [ -54.913572339840812, -27.602570334038887 ], [ -54.913537088121473, -27.602876053698765 ], [ -54.913590598393796, -27.602916329858317 ], [ -54.913580222443784, -27.602921828877243 ], [ -54.91354973038932, -27.603224639025143 ], [ -54.910974351033417, -27.603804148248969 ], [ -54.90994274493687, -27.604468046391389 ], [ -54.909885467180004, -27.604455692085594 ], [ -54.906458218996534, -27.605936632653311 ], [ -54.903235857518723, -27.605900785569872 ], [ -54.899249104351668, -27.605813767925383 ], [ -54.896953151714683, -27.603829471372819 ], [ -54.891997991212122, -27.598767621768218 ], [ -54.891939814532577, -27.598777902083441 ], [ -54.891922118010086, -27.598787176899577 ], [ -54.890871277905831, -27.597612180900057 ], [ -54.890091745604991, -27.595952403063734 ], [ -54.888894395535146, -27.595684337201078 ], [ -54.889873764914057, -27.59507915456436 ], [ -54.890126112522751, -27.593956630335072 ], [ -54.890141317986831, -27.59392227954271 ], [ -54.892169034114033, -27.582737493895365 ], [ -54.892732287534443, -27.580883783643856 ], [ -54.893594667965885, -27.579839425517889 ], [ -54.890416258501375, -27.577341433051629 ], [ -54.884873741472859, -27.576195449404622 ], [ -54.884406632388789, -27.57600027147123 ], [ -54.884375551600613, -27.57606066644513 ], [ -54.884373000195239, -27.576061756959405 ], [ -54.884014854275108, -27.576102961326512 ], [ -54.884022422965415, -27.576078922745694 ], [ -54.884018946396225, -27.576071889290631 ], [ -54.883955282266356, -27.57598354456951 ], [ -54.883986015352662, -27.57594229823826 ], [ -54.882578624765301, -27.575632557037466 ], [ -54.882568484304898, -27.575630679631615 ], [ -54.877871065973636, -27.574435416746326 ], [ -54.87339235844712, -27.568745118373897 ], [ -54.869685306257338, -27.56504436308893 ], [ -54.868393248778034, -27.564554896742209 ], [ -54.868380773988292, -27.564552454158274 ], [ -54.866746913346219, -27.564882001618628 ], [ -54.852818336158691, -27.555825774939308 ], [ -54.859639998687214, -27.546054703560628 ], [ -54.859630083903369, -27.546036325021134 ], [ -54.860869786886155, -27.543212138554395 ], [ -54.86129546152489, -27.541657967659148 ], [ -54.859793372779677, -27.539900079546101 ], [ -54.861247449778489, -27.538103195902977 ], [ -54.861728805448195, -27.537147797069963 ], [ -54.863310813862597, -27.531937569839215 ], [ -54.864868931741512, -27.528726367757315 ], [ -54.864897417041504, -27.528685807234012 ], [ -54.865580856092095, -27.52800384893618 ], [ -54.865581274855344, -27.527967311806947 ], [ -54.865600399664004, -27.52794521003176 ], [ -54.862488609997513, -27.521734890256994 ], [ -54.862491808113816, -27.521703672233969 ], [ -54.862289483832569, -27.521589305087844 ], [ -54.862326276779015, -27.521638159893712 ], [ -54.86221770528374, -27.52179273583306 ], [ -54.857345802309737, -27.523330392573371 ], [ -54.857234290715553, -27.523581763773166 ], [ -54.856774257216443, -27.524238302566971 ], [ -54.846760507079807, -27.525653115064245 ] ] ], [ [ [ -55.044598973999939, -27.819911530999889 ], [ -55.042187983999838, -27.820646730999897 ], [ -55.040372025999886, -27.821308755999951 ], [ -55.039512006999871, -27.821622283999886 ], [ -55.036973865999812, -27.822713474000011 ], [ -55.035366642999975, -27.82308684599991 ], [ -55.033787586999892, -27.823970040999882 ], [ -55.032561132000012, -27.824656019999964 ], [ -55.030828303999897, -27.825982314999919 ], [ -55.028959076999968, -27.827309627999966 ], [ -55.027635261999933, -27.829112853999959 ], [ -55.026548664000018, -27.830233008999926 ], [ -55.025772811000024, -27.831032821999827 ], [ -55.024651732999814, -27.83315635699995 ], [ -55.024189215999911, -27.83403245199986 ], [ -55.024125693999906, -27.83626805 ], [ -55.024090819999969, -27.837495375999879 ], [ -55.023575262999827, -27.839767346999906 ], [ -55.023600461999877, -27.842510523999863 ], [ -55.023319775999937, -27.843601489999969 ], [ -55.023893047999934, -27.845255797 ], [ -55.024161354999933, -27.846566313999972 ], [ -55.024453698999878, -27.847994231999905 ], [ -55.025683256999912, -27.850013233999903 ], [ -55.025822300999948, -27.850730312 ], [ -55.02663975899992, -27.851558647999866 ], [ -55.027451873999951, -27.852391157999818 ], [ -55.028532085, -27.853216819000011 ], [ -55.028852485999948, -27.854001754999956 ], [ -55.031408092999925, -27.856807858999957 ], [ -55.034013002999984, -27.857991046999985 ], [ -55.037393191999968, -27.857728916999861 ], [ -55.037994452999897, -27.857733587999917 ], [ -55.040531696999949, -27.857903390999923 ], [ -55.0410324099999, -27.857696472999862 ], [ -55.041156666454015, -27.857645124448936 ], [ -55.030175742250037, -27.849896758324746 ], [ -55.030144078408455, -27.849486331341666 ], [ -55.029991419541716, -27.849224274134826 ], [ -55.02998993985301, -27.849222584726817 ], [ -55.029999538929474, -27.849207135736208 ], [ -55.030009272214329, -27.849188886033858 ], [ -55.030009125641527, -27.849188716463345 ], [ -55.030065844481101, -27.849084087731796 ], [ -55.029988670529519, -27.849097671524305 ], [ -55.033809702794258, -27.842104629172354 ], [ -55.03619134706679, -27.830762593797658 ], [ -55.047597769501749, -27.825864120643246 ], [ -55.052966868874819, -27.820849189897274 ], [ -55.052976590279343, -27.82085910021749 ], [ -55.054006619290362, -27.821793188755805 ], [ -55.058612481811167, -27.822909649106464 ], [ -55.058640522559585, -27.822913910942702 ], [ -55.060545745938896, -27.82277532215312 ], [ -55.061357746640226, -27.822897277214736 ], [ -55.064516654911131, -27.821016096113681 ], [ -55.064944296914973, -27.81724277705797 ], [ -55.053467186825799, -27.820056536673235 ], [ -55.052425105646762, -27.816316770859601 ], [ -55.050749372999803, -27.817117893999864 ], [ -55.048507692999863, -27.81809562199993 ], [ -55.047407294999857, -27.818575568999847 ], [ -55.044874916999845, -27.819780260999948 ], [ -55.044598973999939, -27.819911530999889 ] ] ], [ [ [ -55.44775128699996, -28.099058039999875 ], [ -55.447859817888059, -28.099071324212446 ], [ -55.447585427805052, -28.098947518292164 ], [ -55.44775128699996, -28.099058039999875 ] ] ] ] } },
{ "type": "Feature", "properties": { "Name": "PSS : 60 - 120", "FromBreak": 60.0, "ToBreak": 120.0, "IATA": "PSS" }, "geometry": { "type": "MultiPolygon", "coordinates": [ [ [ [ -55.011845967311444, -26.788673638365651 ], [ -55.01103872642949, -26.791206049921129 ], [ -55.009352518139224, -26.791869045452302 ], [ -55.009346726155457, -26.791872485859983 ], [ -55.008886390584735, -26.792856774485529 ], [ -55.00822013663111, -26.793123224944395 ], [ -55.006329676475673, -26.793973587557787 ], [ -55.006265897804894, -26.794047342911767 ], [ -55.006250866360006, -26.794104159925894 ], [ -55.004920370807156, -26.795031701079665 ], [ -55.004934091474638, -26.794930849770992 ], [ -55.004912427936517, -26.794915944466993 ], [ -55.002890154915349, -26.796251876784311 ], [ -55.002881457822298, -26.796309181182494 ], [ -55.001211056129534, -26.798209629604344 ], [ -55.001269652533267, -26.798171800219734 ], [ -55.001277542086257, -26.798201072512768 ], [ -55.000394108074829, -26.799375887859355 ], [ -55.000021203959307, -26.799824249072003 ], [ -54.999565850671161, -26.800348560896339 ], [ -54.999550128866076, -26.80033456509841 ], [ -54.999260769738555, -26.800705632474603 ], [ -54.999221420083131, -26.800708701456358 ], [ -54.999049622720577, -26.800354747776396 ], [ -54.998992368752624, -26.80037797648896 ], [ -54.998810791624237, -26.799996615410976 ], [ -54.996884388290596, -26.800291119651888 ], [ -54.996828916510253, -26.800297996256404 ], [ -54.99637298440058, -26.800027006235382 ], [ -54.996326157830254, -26.800031014806109 ], [ -54.994999018448198, -26.80065144404432 ], [ -54.990651296288945, -26.800117419811215 ], [ -54.990651259018648, -26.800161754862586 ], [ -54.990794683309957, -26.80202927979326 ], [ -54.990728133743858, -26.802035836077266 ], [ -54.988465873674954, -26.800381124779108 ], [ -54.987525362310635, -26.801428558750956 ], [ -54.987478456516612, -26.801416762105873 ], [ -54.986170507211568, -26.802487612718494 ], [ -54.98626687970733, -26.802834046968428 ], [ -54.986261764971232, -26.802852250697583 ], [ -54.986253845858243, -26.802866306135854 ], [ -54.985725076818824, -26.803128828514843 ], [ -54.984364663239262, -26.805399513030636 ], [ -54.984322333873706, -26.805415701310096 ], [ -54.982190635331051, -26.805099188664656 ], [ -54.982161554534287, -26.805099303848806 ], [ -54.981144096773221, -26.805715184544454 ], [ -54.980971982844949, -26.805956988385674 ], [ -54.979152444594035, -26.805866326697412 ], [ -54.978504615078691, -26.80593093990899 ], [ -54.976378216293426, -26.807601527473025 ], [ -54.976336459460583, -26.807593140868619 ], [ -54.974136951726337, -26.809280355141084 ], [ -54.973737282501418, -26.809588547135149 ], [ -54.973749945668544, -26.809602268732249 ], [ -54.974625019974098, -26.810491968872384 ], [ -54.974655813868992, -26.810525767508523 ], [ -54.974680814303099, -26.810503174822145 ], [ -54.976002052393142, -26.811875974582847 ], [ -54.97600778333873, -26.811932229435911 ], [ -54.976020228110769, -26.811945751352653 ], [ -54.975601482998002, -26.812992498917083 ], [ -54.975043064858767, -26.814326876567179 ], [ -54.973567788240757, -26.813795254505692 ], [ -54.971360495061845, -26.81138716401324 ], [ -54.969932332122823, -26.812501740032644 ], [ -54.969820525748787, -26.812424934413457 ], [ -54.967716623661772, -26.81641204505155 ], [ -54.965675087626721, -26.817639152137076 ], [ -54.965556984082525, -26.817879074559528 ], [ -54.965543515600473, -26.817922661122168 ], [ -54.964890285062097, -26.818423633239263 ], [ -54.964866284652317, -26.818444400014698 ], [ -54.963958369908141, -26.819174722253535 ], [ -54.963379536794776, -26.819289253504508 ], [ -54.962360122812868, -26.819357551919097 ], [ -54.962208522529693, -26.81924195126328 ], [ -54.962184288881872, -26.819240242274248 ], [ -54.96195158866874, -26.819046716967534 ], [ -54.960964111305486, -26.818688857021755 ], [ -54.960962134724525, -26.818688666207379 ], [ -54.960945206365636, -26.818672020891256 ], [ -54.96089028571015, -26.818714082729173 ], [ -54.960849432811472, -26.818747836170019 ], [ -54.960883018281095, -26.818787586141127 ], [ -54.960432753274119, -26.8190998597413 ], [ -54.96013978239057, -26.819359115211 ], [ -54.96010813039328, -26.819356571794401 ], [ -54.960060748524086, -26.819354106166713 ], [ -54.959893896802669, -26.819176945193703 ], [ -54.959760138519471, -26.819011727745533 ], [ -54.959542283231258, -26.819158445881044 ], [ -54.959501087148169, -26.819152657080394 ], [ -54.958834280704195, -26.819708876051095 ], [ -54.958832301499115, -26.819710498562131 ], [ -54.958800449043395, -26.819730839886461 ], [ -54.958777329508848, -26.819736494089796 ], [ -54.95870179262181, -26.819730154274737 ], [ -54.958679314326332, -26.819703186455399 ], [ -54.958685308858037, -26.819698161461702 ], [ -54.958680300543733, -26.819692212858399 ], [ -54.958540109237106, -26.81944920587614 ], [ -54.958485197299865, -26.819371279717359 ], [ -54.9582521111289, -26.81955839722724 ], [ -54.958218493404786, -26.819586423819203 ], [ -54.958185081780471, -26.819653509853083 ], [ -54.957674042718395, -26.820046585463899 ], [ -54.957419287186269, -26.820121949970712 ], [ -54.957392864016583, -26.820116297619393 ], [ -54.957036748670134, -26.820329286896822 ], [ -54.95702630821512, -26.820338223185161 ], [ -54.957018947392669, -26.820397388006654 ], [ -54.95700049876632, -26.820556711515508 ], [ -54.957037009161468, -26.820596875536864 ], [ -54.957296317612531, -26.820830347400658 ], [ -54.957387494663521, -26.820774876221378 ], [ -54.957405765246278, -26.8207683753227 ], [ -54.957505192568533, -26.820773938832644 ], [ -54.957542235959124, -26.820813631775877 ], [ -54.957587592535106, -26.820836864009323 ], [ -54.957596280363077, -26.820847725214264 ], [ -54.957645885154648, -26.820896672968217 ], [ -54.957625681956415, -26.820920833493346 ], [ -54.95764043175825, -26.820969821147628 ], [ -54.95757845446883, -26.820950738648378 ], [ -54.957583960677539, -26.821014236862027 ], [ -54.957584304892009, -26.821018092375425 ], [ -54.957586984063255, -26.821016814546908 ], [ -54.957632287047204, -26.821011271204327 ], [ -54.957642586378711, -26.820973082135083 ], [ -54.957668683509951, -26.820993322512209 ], [ -54.957704448399909, -26.821030752093407 ], [ -54.957754986045529, -26.821098171462609 ], [ -54.957712080153385, -26.82109477831284 ], [ -54.957709054920599, -26.8211331238453 ], [ -54.95769522383614, -26.82115518584169 ], [ -54.957699055076887, -26.821166918703852 ], [ -54.957712183540878, -26.821171856660726 ], [ -54.957711592598116, -26.821178759027134 ], [ -54.957737940189872, -26.821164441144447 ], [ -54.957781963408763, -26.821167914312582 ], [ -54.957785074654851, -26.82112857305134 ], [ -54.957867664481739, -26.821141738449342 ], [ -54.957861175004496, -26.821188139207152 ], [ -54.957894129019849, -26.821222627080431 ], [ -54.957911373734305, -26.821238904236225 ], [ -54.957917771689608, -26.821296612192612 ], [ -54.957954330304688, -26.821264281152082 ], [ -54.957986504192434, -26.821247121766248 ], [ -54.958029232249146, -26.821300390884005 ], [ -54.958040510515332, -26.82131360390315 ], [ -54.958076394059333, -26.821354519716351 ], [ -54.958125548094415, -26.821488218865284 ], [ -54.958086061437257, -26.82150441018058 ], [ -54.958074956615064, -26.821526545466156 ], [ -54.958045522982559, -26.821551297724568 ], [ -54.958080051440675, -26.821588606194894 ], [ -54.95816493725016, -26.821654254758187 ], [ -54.958225166323984, -26.821687200755434 ], [ -54.958280257790932, -26.821713548669948 ], [ -54.958405575958864, -26.82178871506909 ], [ -54.958418772720336, -26.821769616939719 ], [ -54.958499562222983, -26.82161460141964 ], [ -54.958606244795249, -26.821475365375875 ], [ -54.958831276424689, -26.821444515136989 ], [ -54.958892454385364, -26.821449997770344 ], [ -54.958965204044148, -26.821483144264334 ], [ -54.959245743508291, -26.821681472532021 ], [ -54.959332840874652, -26.822154140917178 ], [ -54.959747140987702, -26.822241101131283 ], [ -54.95976787975502, -26.822264152378011 ], [ -54.959772866470814, -26.82233364054315 ], [ -54.959795146174542, -26.822358405100488 ], [ -54.959883634163418, -26.822624164181661 ], [ -54.960275899878241, -26.823189215503646 ], [ -54.9605680573124, -26.823526203753204 ], [ -54.960701366509511, -26.823604096754877 ], [ -54.960719098212905, -26.823623873558518 ], [ -54.960867071231746, -26.823686842030725 ], [ -54.960859749697875, -26.823743973933233 ], [ -54.960874497328007, -26.823759747198949 ], [ -54.961008118232144, -26.824046138109054 ], [ -54.960998812519676, -26.824118547049068 ], [ -54.961009082261342, -26.824167512673057 ], [ -54.961016301772474, -26.824173755939228 ], [ -54.961054443003491, -26.824247320585243 ], [ -54.961061428773689, -26.824255881291606 ], [ -54.961096486107806, -26.824227886735969 ], [ -54.961189502139632, -26.824138068598756 ], [ -54.961189967932114, -26.824129929020671 ], [ -54.961229231256254, -26.824102087081712 ], [ -54.961252634253924, -26.824029854573553 ], [ -54.961555230696604, -26.823656941029071 ], [ -54.961765476203368, -26.823385506917532 ], [ -54.962121038413443, -26.82313968149316 ], [ -54.962143496517285, -26.823168700169845 ], [ -54.962169075742793, -26.82317201003417 ], [ -54.962273069025741, -26.823082513821134 ], [ -54.962546802580164, -26.822933054111729 ], [ -54.962561893018176, -26.822921305564705 ], [ -54.962538615473932, -26.822892367481757 ], [ -54.962498046671044, -26.82284184394598 ], [ -54.962673699582297, -26.8225851254129 ], [ -54.962694586466512, -26.822586958131126 ], [ -54.96271246857458, -26.822471092634999 ], [ -54.962842693654295, -26.822268613315487 ], [ -54.963086583868687, -26.82233422964714 ], [ -54.963204802132225, -26.822372441157086 ], [ -54.963208496873449, -26.822376278943523 ], [ -54.963277931827974, -26.822502178359343 ], [ -54.963820270428641, -26.822885787506607 ], [ -54.9638214281199, -26.822903292122419 ], [ -54.963942859733834, -26.823170832077153 ], [ -54.964320461716852, -26.823992635591878 ], [ -54.964323692544838, -26.82403317413781 ], [ -54.964438338650211, -26.824269131957521 ], [ -54.964851277344337, -26.824685943114559 ], [ -54.965682059157075, -26.825254068832862 ], [ -54.965951886477285, -26.825632030754889 ], [ -54.966985468263147, -26.825284887735222 ], [ -54.970000107377757, -26.828411812694355 ], [ -54.969928904735411, -26.829347140572622 ], [ -54.97161922522173, -26.830925655018007 ], [ -54.971643956620426, -26.830901020493343 ], [ -54.97278128892566, -26.829932532798694 ], [ -54.975161238514545, -26.830536002156464 ], [ -54.975213095000811, -26.830541220385783 ], [ -54.976286445391963, -26.830178683259248 ], [ -54.976332017216237, -26.830182899638658 ], [ -54.976343883380196, -26.830176391221471 ], [ -54.980361351010401, -26.832040289567374 ], [ -54.981323983636685, -26.831973182364379 ], [ -54.981513674886571, -26.831880817375747 ], [ -54.981523298288892, -26.831883475412269 ], [ -54.982633995394394, -26.833408895755667 ], [ -54.982666955523257, -26.833440656631183 ], [ -54.981788777553788, -26.834318882323544 ], [ -54.984299943382155, -26.835569318572027 ], [ -54.982579172028466, -26.838704622229102 ], [ -54.982554243992297, -26.838699349791057 ], [ -54.977031449877927, -26.841109632943926 ], [ -54.978260793464472, -26.842895636205299 ], [ -54.978264191929895, -26.842929535372718 ], [ -54.978263054213926, -26.842943778173321 ], [ -54.977292428453438, -26.844628351162669 ], [ -54.978943783867294, -26.846109536532424 ], [ -54.980142791423646, -26.851643900829743 ], [ -54.98014460534705, -26.851660862515303 ], [ -54.980713277633981, -26.852577900874337 ], [ -54.978524275965526, -26.858004913605384 ], [ -54.978411065884927, -26.857973345493519 ], [ -54.977948620614313, -26.857952349760353 ], [ -54.978007025170029, -26.858021410221909 ], [ -54.978006255090179, -26.85802310871793 ], [ -54.976965221200089, -26.859283775529832 ], [ -54.97687108200887, -26.859386173947314 ], [ -54.976236254457206, -26.860425375445573 ], [ -54.974445659168623, -26.861317133826958 ], [ -54.967345667024915, -26.866189793049728 ], [ -54.969428768141029, -26.868399810730125 ], [ -54.969426199930581, -26.868455237273224 ], [ -54.970696446140039, -26.870253688435014 ], [ -54.970689035189366, -26.870289679158645 ], [ -54.969745167739973, -26.877720262079151 ], [ -54.964985145937135, -26.880425731212767 ], [ -54.964958339717668, -26.880382997887637 ], [ -54.964913751908341, -26.880411278527333 ], [ -54.964071360055698, -26.880889447482957 ], [ -54.96460091408261, -26.88163817807515 ], [ -54.964627098720825, -26.881679874057284 ], [ -54.964671295293897, -26.881652425730294 ], [ -54.969415348330699, -26.888413970782324 ], [ -54.969409961196391, -26.888435423535327 ], [ -54.967834911826969, -26.889469525473544 ], [ -54.967826855330713, -26.889502254307047 ], [ -54.963377157531681, -26.892918345931719 ], [ -54.962315681177586, -26.893417328891417 ], [ -54.962298347088677, -26.893408989685611 ], [ -54.961592870318611, -26.893661355015411 ], [ -54.961579091062106, -26.893668081707858 ], [ -54.961558679687926, -26.893635696952799 ], [ -54.955506983701014, -26.89788351887546 ], [ -54.95235941646348, -26.897659124877237 ], [ -54.953432793613331, -26.899327005712792 ], [ -54.953936570207077, -26.900278401776063 ], [ -54.953924629036919, -26.900319642877264 ], [ -54.957584061132479, -26.907854216531405 ], [ -54.957604087428479, -26.907885873174052 ], [ -54.957559466625526, -26.907896176580095 ], [ -54.957535362905787, -26.907971238445612 ], [ -54.946056904222132, -26.912148067806754 ], [ -54.94447290134093, -26.912742863742892 ], [ -54.942691290043797, -26.919334114508786 ], [ -54.942690949083897, -26.919335494472421 ], [ -54.947937346930473, -26.919854527174664 ], [ -54.949245851112892, -26.919294257944159 ], [ -54.949285208756692, -26.919295481995448 ], [ -54.949796444160199, -26.919608604352732 ], [ -54.948609767068092, -26.921557891052771 ], [ -54.948011696589447, -26.921671585502452 ], [ -54.947744465384972, -26.922979275079797 ], [ -54.947621369250328, -26.923932981854307 ], [ -54.947573217020306, -26.923979343732469 ], [ -54.946853786654628, -26.924345822510986 ], [ -54.9463152742033, -26.924845304480584 ], [ -54.946271403732112, -26.9248746231072 ], [ -54.944516561245052, -26.9255429905661 ], [ -54.944166864344197, -26.925431958489071 ], [ -54.944130563940007, -26.925418847781771 ], [ -54.943483013735431, -26.925276592478042 ], [ -54.942273547869149, -26.92557127705561 ], [ -54.942237856161512, -26.925589739421355 ], [ -54.941930738851738, -26.926056883254773 ], [ -54.941916291719963, -26.926052628180969 ], [ -54.941899263381458, -26.926084445434753 ], [ -54.941654835708277, -26.926906992182126 ], [ -54.941241903196783, -26.927193240869258 ], [ -54.939902249360671, -26.929300272287662 ], [ -54.935363519091879, -26.932390077509126 ], [ -54.938532191399986, -26.937768702630308 ], [ -54.94878540343484, -26.95140842913645 ], [ -54.951585611957853, -26.955377475586886 ], [ -54.951853297064929, -26.955795927231577 ], [ -54.951865176087665, -26.95580259875868 ], [ -54.952019470818357, -26.956113452135014 ], [ -54.952030778145058, -26.956119654128713 ], [ -54.95236670237199, -26.956642235474817 ], [ -54.952377773390481, -26.956644861225016 ], [ -54.953588115789046, -26.958237074380293 ], [ -54.953589776346632, -26.95830523312577 ], [ -54.954496062436192, -26.959238714492301 ], [ -54.951811981332753, -26.963285429622658 ], [ -54.946182657104771, -26.970885739238554 ], [ -54.946152396317643, -26.970900522434192 ], [ -54.93715995087922, -26.970437233555629 ], [ -54.939017866977053, -26.985889432858585 ], [ -54.935569623801541, -26.98949915470979 ], [ -54.935723332210557, -26.990919855871027 ], [ -54.935728032374641, -26.990947279873581 ], [ -54.935749452060293, -26.990959291858417 ], [ -54.934669002144915, -26.992015191661835 ], [ -54.934290111628513, -27.019330421507902 ], [ -54.928876698320494, -27.024403299312155 ], [ -54.928875130678932, -27.024412988185759 ], [ -54.909882361765597, -27.073826327729421 ], [ -54.898145306110223, -27.077844975704352 ], [ -54.89130906784942, -27.077566710391864 ], [ -54.889317167940135, -27.079175394840263 ], [ -54.887576316871503, -27.082430014868351 ], [ -54.885237585054767, -27.083043149767718 ], [ -54.885199506077981, -27.083073065871076 ], [ -54.884735571820386, -27.08330512978938 ], [ -54.883406468021747, -27.084528241351279 ], [ -54.883073848173524, -27.08470168954932 ], [ -54.881362344919125, -27.085802109202746 ], [ -54.880051024317936, -27.086841287272762 ], [ -54.879041427224024, -27.086215764466942 ], [ -54.878980636918072, -27.086206290139728 ], [ -54.877608191298918, -27.086076454411625 ], [ -54.876280927531354, -27.085531541353305 ], [ -54.875016654471722, -27.085780741062706 ], [ -54.874318665371504, -27.086019357392672 ], [ -54.874312604931447, -27.086090269667068 ], [ -54.874180721536106, -27.086124511601042 ], [ -54.874175068583895, -27.086125843068714 ], [ -54.874046254124778, -27.086174078211229 ], [ -54.873955524045869, -27.086720205013421 ], [ -54.873042434083857, -27.08724581891596 ], [ -54.87266360132196, -27.087135249153107 ], [ -54.872385098453549, -27.087500365896346 ], [ -54.872015701110058, -27.087615440713421 ], [ -54.871942640599798, -27.08760320278725 ], [ -54.87101913576322, -27.086663317852299 ], [ -54.871031210361537, -27.086602996900524 ], [ -54.871155845069154, -27.086178267036814 ], [ -54.870910466307294, -27.085852850637536 ], [ -54.870010579773179, -27.086240548586147 ], [ -54.870007096061556, -27.086242216397011 ], [ -54.869971204657759, -27.086259361049713 ], [ -54.869969276726465, -27.086261530411548 ], [ -54.869906925669227, -27.086461220612648 ], [ -54.869894470805946, -27.086465349129469 ], [ -54.869895581208425, -27.086283225249588 ], [ -54.869892486324773, -27.086283436625195 ], [ -54.866727619326241, -27.087694035113714 ], [ -54.866145066677632, -27.089208282245124 ], [ -54.865622016477346, -27.090156895395637 ], [ -54.868015410819396, -27.089554098805422 ], [ -54.868050305340489, -27.08968830985043 ], [ -54.868297684259232, -27.090209935305609 ], [ -54.868887288365499, -27.091942865735803 ], [ -54.868889296944474, -27.091943991322523 ], [ -54.869267876276979, -27.092042035014799 ], [ -54.868930380639085, -27.092086416972109 ], [ -54.868781122505482, -27.092147411013059 ], [ -54.868069363641439, -27.092240685619856 ], [ -54.867279185040047, -27.091930034757468 ], [ -54.867057773950762, -27.091899074413959 ], [ -54.867031340793233, -27.091907816732885 ], [ -54.86510807840034, -27.091688293336631 ], [ -54.865759572586853, -27.092582625444209 ], [ -54.865908783272971, -27.09284532797966 ], [ -54.865889574912728, -27.092855154553263 ], [ -54.866282999969712, -27.094002145076558 ], [ -54.867064499805565, -27.093888369639728 ], [ -54.867949716470434, -27.09375971686535 ], [ -54.868415094640909, -27.097297471605089 ], [ -54.870571001290728, -27.101740237788476 ], [ -54.87110247752878, -27.102885683176623 ], [ -54.871606965793831, -27.103433486305335 ], [ -54.871599879511677, -27.103441029218232 ], [ -54.87194529836529, -27.10377256948243 ], [ -54.871906750437404, -27.103773374642003 ], [ -54.874962648516089, -27.106899531446288 ], [ -54.874963815489878, -27.106899355216058 ], [ -54.874965388508485, -27.106917758255577 ], [ -54.875019482149639, -27.107683813898575 ], [ -54.87498129282443, -27.10782550598617 ], [ -54.874897380459458, -27.107863874143959 ], [ -54.874899962880988, -27.107876321306378 ], [ -54.874990574499918, -27.108355223895785 ], [ -54.87504100913543, -27.108525204248338 ], [ -54.875197513168985, -27.109063568507565 ], [ -54.875051247026761, -27.109090845590003 ], [ -54.875017239778515, -27.109115112976099 ], [ -54.875117640932956, -27.109982461832885 ], [ -54.87517557768615, -27.110017678963516 ], [ -54.875183857886896, -27.110016121756018 ], [ -54.875355257452838, -27.111514751162815 ], [ -54.875585454670841, -27.113195220361263 ], [ -54.876411344093299, -27.113050484100597 ], [ -54.876448583401384, -27.11307586330679 ], [ -54.878159815635399, -27.114025412923525 ], [ -54.878540771304756, -27.113192673686115 ], [ -54.878585539204437, -27.113186320040427 ], [ -54.878896978113573, -27.114955614382666 ], [ -54.881497105051722, -27.114647844886633 ], [ -54.881525376706691, -27.114665457751869 ], [ -54.882966005694414, -27.116448032371977 ], [ -54.885753726244445, -27.116237471622128 ], [ -54.889471032704421, -27.115435906356595 ], [ -54.890731243874086, -27.115214550418841 ], [ -54.891595448366672, -27.115134470765611 ], [ -54.89294171947904, -27.114795375703807 ], [ -54.893041197312755, -27.114902785620757 ], [ -54.893081095324817, -27.114883315614009 ], [ -54.893071488449436, -27.114835046253518 ], [ -54.893373070553537, -27.114804953569433 ], [ -54.89341270906192, -27.11482975360417 ], [ -54.893698828013839, -27.114756232895616 ], [ -54.893727575113303, -27.114774157677118 ], [ -54.893738993965144, -27.115039341141426 ], [ -54.893791844551004, -27.115072406817319 ], [ -54.893810669476238, -27.115194216120244 ], [ -54.893848412717034, -27.115330148362148 ], [ -54.893807605598909, -27.115337850786432 ], [ -54.893790610645112, -27.115340443077457 ], [ -54.893803264676876, -27.115396777688488 ], [ -54.893858154517375, -27.115386417122636 ], [ -54.894063074271344, -27.115657570485155 ], [ -54.895037525422481, -27.116954340174573 ], [ -54.89539944483181, -27.117512026839506 ], [ -54.89575293074239, -27.118249415469847 ], [ -54.895727597277187, -27.118253935561711 ], [ -54.895816859974332, -27.11859534545431 ], [ -54.895786166175867, -27.118636725307567 ], [ -54.895921284600718, -27.11899633804785 ], [ -54.895906130882508, -27.11919695307148 ], [ -54.895910020257986, -27.119216696613648 ], [ -54.895945579355327, -27.119209424995745 ], [ -54.896189665174632, -27.119162407128556 ], [ -54.896346531620679, -27.119123401504339 ], [ -54.896662520837708, -27.119066349383615 ], [ -54.896690892488095, -27.119030901380938 ], [ -54.897610099123767, -27.118944608730487 ], [ -54.897756805822723, -27.118909947161058 ], [ -54.897768426345237, -27.118917165090068 ], [ -54.897762583553572, -27.11896538308963 ], [ -54.897774516037543, -27.118967569247957 ], [ -54.898801470563114, -27.120031443455275 ], [ -54.900638883896534, -27.121032486795514 ], [ -54.901178549984877, -27.12162001321218 ], [ -54.902862018134044, -27.124295378176043 ], [ -54.902898772043272, -27.124273362352312 ], [ -54.903789101294649, -27.125174808978102 ], [ -54.904387665308946, -27.125181445365456 ], [ -54.904940110320979, -27.125023497937434 ], [ -54.904959092631884, -27.125528512517008 ], [ -54.904996305227314, -27.126518237593643 ], [ -54.905013279346122, -27.126553527394435 ], [ -54.905100021121029, -27.128271757175185 ], [ -54.90510804627894, -27.128298779842339 ], [ -54.9043513388836, -27.130899218346485 ], [ -54.904063227440474, -27.133237447894885 ], [ -54.902870728702112, -27.135732928155448 ], [ -54.902756526237056, -27.138277293100828 ], [ -54.901894614588855, -27.141910119668921 ], [ -54.901334393379784, -27.143777909769312 ], [ -54.899943918151109, -27.147260818770519 ], [ -54.900217398464463, -27.148854329277981 ], [ -54.903239777904503, -27.152665269368583 ], [ -54.901622110481128, -27.154980316397769 ], [ -54.90231113122843, -27.157018832906147 ], [ -54.902967816910348, -27.158688703463042 ], [ -54.904059670861045, -27.158168565025449 ], [ -54.905490799129836, -27.158030629940129 ], [ -54.905108646976259, -27.159471953682612 ], [ -54.905762313554817, -27.16562452558577 ], [ -54.905316380677903, -27.166347859499353 ], [ -54.905918533574265, -27.168260550835782 ], [ -54.905930514859449, -27.168289145005645 ], [ -54.905927304004933, -27.168293526104947 ], [ -54.906111554360109, -27.168911709525219 ], [ -54.907305622526735, -27.174686220092724 ], [ -54.908931111322374, -27.181239489621021 ], [ -54.909670337998193, -27.183500557503066 ], [ -54.910671309821566, -27.191276985502554 ], [ -54.911236643414327, -27.195117774911864 ], [ -54.911196931534278, -27.195168908346204 ], [ -54.911087230636156, -27.196848643371254 ], [ -54.914188684790531, -27.196427366261787 ], [ -54.914239387957537, -27.196486087435574 ], [ -54.914234190482887, -27.196496322790438 ], [ -54.912606280333364, -27.20457276861822 ], [ -54.912584151065516, -27.204634773194527 ], [ -54.914018887829343, -27.206695915461182 ], [ -54.914026155751174, -27.206736075815058 ], [ -54.914024084175537, -27.206745441224314 ], [ -54.913601269237517, -27.209684935656355 ], [ -54.915362385390779, -27.209678812206334 ], [ -54.919029981873962, -27.20881852903409 ], [ -54.920978916589149, -27.216103252894754 ], [ -54.920999478875672, -27.216689686676375 ], [ -54.920260645437963, -27.223122210950578 ], [ -54.919886665705462, -27.22650104830592 ], [ -54.919862565551568, -27.226532535556146 ], [ -54.918805313222947, -27.226728979398047 ], [ -54.91876964672457, -27.226754727504442 ], [ -54.916808970641966, -27.227370823248293 ], [ -54.915466376180916, -27.227455918559087 ], [ -54.915414948690739, -27.227484331552319 ], [ -54.910850067310378, -27.22932118025102 ], [ -54.91084013405208, -27.229299631552863 ], [ -54.909604912503482, -27.227351988977261 ], [ -54.908547311903419, -27.227107655645739 ], [ -54.908525272499503, -27.227092667467048 ], [ -54.908259811510845, -27.227021036684164 ], [ -54.907478593043777, -27.226920665117859 ], [ -54.907463595453578, -27.22690715042711 ], [ -54.906999973239181, -27.226853496732872 ], [ -54.90698676621497, -27.22684167493702 ], [ -54.906553856896551, -27.225934559793302 ], [ -54.904390136499728, -27.227847916039707 ], [ -54.904083029783976, -27.227220927196981 ], [ -54.901976497032706, -27.228632125093554 ], [ -54.90191961265009, -27.228665919841887 ], [ -54.901909468632084, -27.228668539651153 ], [ -54.901485562322364, -27.229761752359593 ], [ -54.893901266190824, -27.231282677555896 ], [ -54.894023180331203, -27.23131022160976 ], [ -54.894016925366657, -27.231316009887735 ], [ -54.894069595343638, -27.231363061322384 ], [ -54.893827274558078, -27.231407665891595 ], [ -54.893825944613582, -27.231413205210799 ], [ -54.893886891303396, -27.231427652603656 ], [ -54.893889433057495, -27.231434554288569 ], [ -54.893346001561781, -27.231616684165999 ], [ -54.892983123652755, -27.235601352023423 ], [ -54.897071259653103, -27.239349204159453 ], [ -54.89726572826936, -27.243626830230596 ], [ -54.894833638867567, -27.248725400841806 ], [ -54.894812171540991, -27.249276449511001 ], [ -54.894298626076989, -27.250010175687521 ], [ -54.894271675744619, -27.25005976796848 ], [ -54.894040814913865, -27.250135764466165 ], [ -54.89402601554184, -27.250148984468069 ], [ -54.89190031861358, -27.251892768044002 ], [ -54.892237056588499, -27.253180240758923 ], [ -54.892303689711184, -27.253836276330674 ], [ -54.895634118891792, -27.255268599415444 ], [ -54.895664497393909, -27.255251581290736 ], [ -54.898243345484559, -27.257520157014028 ], [ -54.898765724078146, -27.259941397977286 ], [ -54.898358126519156, -27.260321401074123 ], [ -54.898447710356493, -27.262174709538328 ], [ -54.899564958557107, -27.264863542755108 ], [ -54.899594819157699, -27.264901302713668 ], [ -54.899705014267795, -27.264884691507291 ], [ -54.899759278876957, -27.264894024681951 ], [ -54.899753115452938, -27.264851756621965 ], [ -54.899769291092809, -27.264857491748046 ], [ -54.900138318325389, -27.26484715209142 ], [ -54.900294487819338, -27.265068697940023 ], [ -54.90031322076311, -27.265094407241463 ], [ -54.900741234175541, -27.265619325290061 ], [ -54.900743019094762, -27.265636982128001 ], [ -54.903369270090366, -27.268183932037573 ], [ -54.903380004568135, -27.268151914484861 ], [ -54.903452537581529, -27.268035088842453 ], [ -54.903492001733525, -27.268038277081303 ], [ -54.90351719745081, -27.268067078339925 ], [ -54.904090545270321, -27.26855766099311 ], [ -54.906330639036241, -27.269107167092386 ], [ -54.906591126352509, -27.269544440620962 ], [ -54.906623284178693, -27.269569431171476 ], [ -54.906622882087561, -27.2696077849414 ], [ -54.906832644604606, -27.27009015264656 ], [ -54.907160091362982, -27.270843184595378 ], [ -54.90731428191657, -27.271197777853843 ], [ -54.907470084558838, -27.271648379152282 ], [ -54.907680737754958, -27.272117260029404 ], [ -54.907725530928474, -27.272135769533406 ], [ -54.907786955590893, -27.272257375265895 ], [ -54.908142080148934, -27.271710205085867 ], [ -54.908557835959868, -27.271052894873776 ], [ -54.90874371344438, -27.270673642684017 ], [ -54.909459580603198, -27.269874295035322 ], [ -54.910011840422555, -27.269257662485586 ], [ -54.910010983085783, -27.26920556645257 ], [ -54.910661262716019, -27.268489545103819 ], [ -54.910659106341825, -27.26844550601561 ], [ -54.911132639434982, -27.267475422723692 ], [ -54.913926242258299, -27.265934542023501 ], [ -54.913923164200583, -27.265917728768159 ], [ -54.913955242562167, -27.2658583444491 ], [ -54.9143083055489, -27.265265483601866 ], [ -54.911671856608393, -27.261259848666555 ], [ -54.911677560754526, -27.261217324073641 ], [ -54.91244860587102, -27.259910897476516 ], [ -54.912450861741945, -27.259871825185428 ], [ -54.912520529416327, -27.259004306106533 ], [ -54.920923223006582, -27.25614244349191 ], [ -54.919864963349653, -27.259613787682326 ], [ -54.920480960767065, -27.262337834338723 ], [ -54.920488371932436, -27.262340174781798 ], [ -54.921445196830746, -27.264155949947281 ], [ -54.921444164359059, -27.264174749150925 ], [ -54.921437506399741, -27.264210915640092 ], [ -54.923917311522302, -27.267490642235316 ], [ -54.926823547850688, -27.267687255699911 ], [ -54.926855245313561, -27.267739177771091 ], [ -54.925417729257333, -27.268637724924133 ], [ -54.925440815351863, -27.268675541131984 ], [ -54.925524929175708, -27.269520178446896 ], [ -54.931969379415364, -27.277086412099777 ], [ -54.931973938068893, -27.277086669463927 ], [ -54.932998401451471, -27.277208406349075 ], [ -54.933318604614499, -27.278252278589434 ], [ -54.934381377215345, -27.286453354566845 ], [ -54.934381415687255, -27.286453672472135 ], [ -54.934318103747898, -27.2867620063804 ], [ -54.934661398915296, -27.292932435210219 ], [ -54.93186122167981, -27.29860389763553 ], [ -54.928384262084819, -27.300994948774587 ], [ -54.928277201730168, -27.301040382303256 ], [ -54.928290929866137, -27.301044220184906 ], [ -54.928226129706786, -27.301048374645859 ], [ -54.928210261992774, -27.301059468555366 ], [ -54.928243418166687, -27.301062282552664 ], [ -54.928322875768401, -27.301120611573651 ], [ -54.928401290149736, -27.30111558427916 ], [ -54.931614298201623, -27.302763760104085 ], [ -54.931674292695845, -27.302764855959651 ], [ -54.9368220744052, -27.305064108020645 ], [ -54.937101972413643, -27.30522073273022 ], [ -54.937102984367527, -27.305219064600692 ], [ -54.937229175989557, -27.305255100349996 ], [ -54.937299377790112, -27.305458218947422 ], [ -54.937314065164458, -27.305533150152996 ], [ -54.937189256814065, -27.305681050786973 ], [ -54.93718596507631, -27.305678504165201 ], [ -54.937184025453348, -27.305683287389513 ], [ -54.935774029971128, -27.308703065203531 ], [ -54.93507548841194, -27.310580916000163 ], [ -54.933515868931011, -27.312149542301825 ], [ -54.931022155642893, -27.310729855178408 ], [ -54.922689743991214, -27.311570714495076 ], [ -54.916257833056136, -27.308035385571316 ], [ -54.908215469390711, -27.307980106960201 ], [ -54.908165828579797, -27.30798513923952 ], [ -54.908154546847527, -27.307983089611582 ], [ -54.908119903041495, -27.307979449940092 ], [ -54.908016083553093, -27.307928315366382 ], [ -54.908015770426061, -27.307926135326284 ], [ -54.907409129460234, -27.307612078125942 ], [ -54.901827467406633, -27.304386666218363 ], [ -54.900979705121642, -27.305140107990724 ], [ -54.900966361475298, -27.305175693373258 ], [ -54.901011422076408, -27.305226147526298 ], [ -54.901000167886991, -27.305267776842015 ], [ -54.900710726036493, -27.305585357097357 ], [ -54.900695957074618, -27.305599793104591 ], [ -54.900659701631014, -27.3056388200676 ], [ -54.899883033210926, -27.306218486040223 ], [ -54.900228954122667, -27.307417415061366 ], [ -54.900215067789588, -27.307484371650446 ], [ -54.899956111780796, -27.307467641311462 ], [ -54.899941084509976, -27.30752935479785 ], [ -54.899780525863321, -27.308509995828558 ], [ -54.897825765604978, -27.311009384905844 ], [ -54.896460428429236, -27.312097495076102 ], [ -54.896067287742653, -27.312645826293078 ], [ -54.895844617725515, -27.313048913513455 ], [ -54.898417507590011, -27.316452460815924 ], [ -54.89842257043523, -27.316457096856027 ], [ -54.898666184791921, -27.317461999439843 ], [ -54.898636036777532, -27.317524541792181 ], [ -54.898619327715323, -27.317534527420776 ], [ -54.89860345187833, -27.317592108623273 ], [ -54.8978335587488, -27.318688556672498 ], [ -54.897812401773933, -27.318672035707834 ], [ -54.897644868272948, -27.318694071289713 ], [ -54.897621879484916, -27.318768040366365 ], [ -54.897721443541741, -27.318958213508324 ], [ -54.897727225673634, -27.318948046917342 ], [ -54.897728775348639, -27.318958549703552 ], [ -54.897768661357418, -27.318909871403207 ], [ -54.89838466247312, -27.31922397857835 ], [ -54.898398828502195, -27.319236483960253 ], [ -54.901027488847774, -27.319593037701452 ], [ -54.901258390982719, -27.319332566444245 ], [ -54.902437200102725, -27.319395753533229 ], [ -54.903178612322336, -27.319478016729647 ], [ -54.903220035836341, -27.319454067480308 ], [ -54.904773776271497, -27.31956410893315 ], [ -54.90480413438263, -27.319559241538855 ], [ -54.907081530323467, -27.31854131483459 ], [ -54.907111528111102, -27.318602523303809 ], [ -54.907432286396954, -27.31852011956471 ], [ -54.90843033365843, -27.321049322281453 ], [ -54.910469966164726, -27.325093556325101 ], [ -54.916918901633892, -27.33541471535807 ], [ -54.917298489940549, -27.343742762223883 ], [ -54.918309050940934, -27.347530520645989 ], [ -54.920657011255742, -27.358965398731186 ], [ -54.92053059266982, -27.361432624662655 ], [ -54.92184155073187, -27.36282755247754 ], [ -54.921920276318701, -27.367713688721494 ], [ -54.921923983470151, -27.367723189050025 ], [ -54.921961375523892, -27.367815955348931 ], [ -54.920829720422773, -27.379233771128156 ], [ -54.921924279137329, -27.381860730817777 ], [ -54.924219774018866, -27.387069622389788 ], [ -54.925067176252469, -27.396145580689563 ], [ -54.91922494052335, -27.40461374196434 ], [ -54.919017896860396, -27.410275487222464 ], [ -54.919028341670924, -27.410299733150225 ], [ -54.918677473728053, -27.412753342355472 ], [ -54.918570835453522, -27.413084280231658 ], [ -54.920361628078865, -27.418043776530112 ], [ -54.918496422040903, -27.422426339422543 ], [ -54.914840083165416, -27.423115529192216 ], [ -54.914804488857385, -27.42313425689008 ], [ -54.910360267987585, -27.431125845850374 ], [ -54.916588718136381, -27.439304724634553 ], [ -54.916176745403448, -27.44490521533794 ], [ -54.916191465281656, -27.445073808843233 ], [ -54.916186930355707, -27.445092290866512 ], [ -54.916149868165007, -27.445152936955367 ], [ -54.916149450018167, -27.445171389753966 ], [ -54.916485401785337, -27.446200592200853 ], [ -54.916489210033092, -27.446219842829805 ], [ -54.914259243830656, -27.449371779183195 ], [ -54.910136316828471, -27.451516299497882 ], [ -54.896374595403643, -27.454047071963601 ], [ -54.893857475574805, -27.458771633479557 ], [ -54.892145679300313, -27.461683573251378 ], [ -54.891888913645857, -27.461790697683966 ], [ -54.891499335271078, -27.462087911179026 ], [ -54.89059674413312, -27.46294366461035 ], [ -54.890816073105213, -27.462609182882886 ], [ -54.890814693982861, -27.462607860687115 ], [ -54.890808918453729, -27.462520762645795 ], [ -54.890773533701463, -27.462532937891865 ], [ -54.890470713929517, -27.461343835020159 ], [ -54.889178673983395, -27.459261426418379 ], [ -54.888973420554805, -27.459096984858547 ], [ -54.888921265863416, -27.458205563209106 ], [ -54.888909645908484, -27.458182592336243 ], [ -54.889078423046499, -27.457419480214639 ], [ -54.888918666354527, -27.457036217429049 ], [ -54.888907077604756, -27.457011900836505 ], [ -54.888664736218686, -27.456229987176187 ], [ -54.888605015205997, -27.456262842306558 ], [ -54.888339304902388, -27.456402223789439 ], [ -54.888275132859405, -27.456400587827318 ], [ -54.888049489818286, -27.456196616484476 ], [ -54.887935703309608, -27.455554060293707 ], [ -54.887980916625452, -27.45554689088209 ], [ -54.888013294395819, -27.455547716300828 ], [ -54.888521986620958, -27.456121239112292 ], [ -54.888594355067994, -27.456118882814735 ], [ -54.887928238393897, -27.455077246822555 ], [ -54.887888734397563, -27.455006698196996 ], [ -54.88778880119321, -27.4550123190823 ], [ -54.887740566590594, -27.454948217490937 ], [ -54.887665655285332, -27.454960096070749 ], [ -54.887487557103327, -27.454882780216963 ], [ -54.884752994278813, -27.453840561750496 ], [ -54.884704461161107, -27.453843654807883 ], [ -54.883014180370765, -27.452482134245543 ], [ -54.882978311929207, -27.452471103012272 ], [ -54.882630120965416, -27.452070347900587 ], [ -54.882600166191366, -27.452058715612566 ], [ -54.882427070097265, -27.452104751732634 ], [ -54.881866829708258, -27.451009303516059 ], [ -54.88156940532599, -27.449863958310289 ], [ -54.882168335849485, -27.448916786161362 ], [ -54.882173227530416, -27.448858964284852 ], [ -54.881929629987212, -27.448431738690147 ], [ -54.882260893587045, -27.447295892977536 ], [ -54.883690683718953, -27.446176212384842 ], [ -54.883715398739923, -27.446204605682226 ], [ -54.884475668434845, -27.44555993755597 ], [ -54.88451026591747, -27.445529466724622 ], [ -54.885204180437711, -27.445040013131916 ], [ -54.883488015887792, -27.444034861513046 ], [ -54.883410959885509, -27.443917193712082 ], [ -54.883794243159514, -27.441957629583271 ], [ -54.883155477126991, -27.441473815240442 ], [ -54.88312869773273, -27.441449362184699 ], [ -54.882906131178572, -27.441590428140501 ], [ -54.882893587873241, -27.441586791633483 ], [ -54.882467160349108, -27.441723368279952 ], [ -54.882184189073485, -27.441853029764502 ], [ -54.880253108325007, -27.441709914397109 ], [ -54.880217408535032, -27.441694558412905 ], [ -54.87852622872532, -27.442366064556779 ], [ -54.87848552896611, -27.442381673841396 ], [ -54.875937347931028, -27.441619286405626 ], [ -54.874765050648762, -27.439063760388308 ], [ -54.874791700395349, -27.43903441229719 ], [ -54.87563369744521, -27.43738133526341 ], [ -54.87568846701862, -27.437364044027163 ], [ -54.876620843530191, -27.437208716679379 ], [ -54.876642254313197, -27.437191875321901 ], [ -54.87724363544794, -27.43699000357077 ], [ -54.876767141074481, -27.43597521619995 ], [ -54.876066398302044, -27.436088050569083 ], [ -54.876002989104791, -27.436070110338449 ], [ -54.876069186864243, -27.435288491154722 ], [ -54.873481231301128, -27.435705047419958 ], [ -54.873436423104977, -27.43575739146462 ], [ -54.873289458020167, -27.435944896323804 ], [ -54.870510899131602, -27.436819757216313 ], [ -54.869272601164141, -27.437966302721804 ], [ -54.865737906813081, -27.440513396521794 ], [ -54.857815475826442, -27.443939266686755 ], [ -54.856343975831521, -27.446340081830613 ], [ -54.855787875467513, -27.44719209306993 ], [ -54.855783187757766, -27.447208345816193 ], [ -54.853563152820698, -27.448876352656839 ], [ -54.853547306185078, -27.44894732530156 ], [ -54.853698584945789, -27.44976478761231 ], [ -54.853680963374927, -27.449831316699772 ], [ -54.853695081853402, -27.449922557659022 ], [ -54.853243578885383, -27.450494399518846 ], [ -54.85319534762516, -27.45053396839802 ], [ -54.850241551042473, -27.450393474538316 ], [ -54.849925482601179, -27.449715906000904 ], [ -54.849924259831482, -27.449713337546768 ], [ -54.850036710853374, -27.449411582458026 ], [ -54.850056790350209, -27.449353930314771 ], [ -54.850062260906554, -27.449358471852349 ], [ -54.850066016916116, -27.449354885505898 ], [ -54.851444619992094, -27.448465558177418 ], [ -54.851444577997086, -27.448465263391256 ], [ -54.850953580236933, -27.44750136544252 ], [ -54.850932336919868, -27.447506951509069 ], [ -54.848820271273667, -27.44583207005536 ], [ -54.848822743756159, -27.445806256942546 ], [ -54.848865581672101, -27.445775302619552 ], [ -54.843669839346319, -27.441953534977642 ], [ -54.843651910951905, -27.441960086777726 ], [ -54.842971984229337, -27.442303683644695 ], [ -54.836450409998122, -27.442829838447153 ], [ -54.836337173549168, -27.448850367517309 ], [ -54.83628267376929, -27.448891475667324 ], [ -54.827382454865983, -27.446394045479451 ], [ -54.821398814884731, -27.44974276702527 ], [ -54.819499666997672, -27.450806908053551 ], [ -54.819467467434322, -27.450869790782519 ], [ -54.819461695048631, -27.450874288981936 ], [ -54.817382843984262, -27.451848313950791 ], [ -54.817188240731809, -27.452086102620854 ], [ -54.817172088713789, -27.452095506383898 ], [ -54.816589335752951, -27.45222009807776 ], [ -54.816238833614705, -27.452078518119947 ], [ -54.81452238104049, -27.451385485270862 ], [ -54.813435591975917, -27.45166685174928 ], [ -54.812704877253907, -27.451994739659938 ], [ -54.80971922406934, -27.45404055568747 ], [ -54.809713229970782, -27.45409036983591 ], [ -54.806742338719801, -27.455981125738788 ], [ -54.806341953204139, -27.456286990529804 ], [ -54.805827302139448, -27.456949243771192 ], [ -54.80229514133606, -27.465250640355634 ], [ -54.811218573974656, -27.464389772655295 ], [ -54.817983522979148, -27.484205297477104 ], [ -54.818777232850493, -27.484853830733186 ], [ -54.818792685231131, -27.484862145027932 ], [ -54.819556606361914, -27.485150494530103 ], [ -54.818206899799691, -27.490931408329402 ], [ -54.815798627176321, -27.492092318123639 ], [ -54.815743436014088, -27.492127828190462 ], [ -54.810900677060431, -27.495866581810844 ], [ -54.810216084694162, -27.495516224478536 ], [ -54.810199941765745, -27.495511074667206 ], [ -54.81015081973112, -27.495549104185841 ], [ -54.809710170798496, -27.495910317663004 ], [ -54.809660113474877, -27.495947690855019 ], [ -54.808438569828013, -27.495622662235803 ], [ -54.803811475899749, -27.495908441030224 ], [ -54.801755999531679, -27.495320778326288 ], [ -54.798544550585007, -27.497401147770574 ], [ -54.798387391314634, -27.498545898032148 ], [ -54.798391390872894, -27.498573533536273 ], [ -54.800540021186293, -27.504846472358338 ], [ -54.803749629927552, -27.508127902333285 ], [ -54.803804444858997, -27.508138810485718 ], [ -54.807292018362602, -27.508423123897558 ], [ -54.81081414983737, -27.512793033968933 ], [ -54.81011088719066, -27.518809052423023 ], [ -54.809521135118871, -27.519190365964221 ], [ -54.808942191698065, -27.519545325998479 ], [ -54.807736996416452, -27.520284251674298 ], [ -54.805118292209841, -27.521889823655101 ], [ -54.80349307707155, -27.522603576798701 ], [ -54.801828511942233, -27.523647690531334 ], [ -54.801781338853175, -27.523672408399364 ], [ -54.800802651346032, -27.524085343785146 ], [ -54.798719230256722, -27.523801096747775 ], [ -54.797740903564716, -27.524161205733321 ], [ -54.797696998830702, -27.524180598206044 ], [ -54.794002153283941, -27.525807307385946 ], [ -54.791879639467254, -27.52536799459881 ], [ -54.791834916723246, -27.525385079397779 ], [ -54.791804974040701, -27.525390755948251 ], [ -54.791453976036962, -27.52571415116887 ], [ -54.790168166545641, -27.526006823895216 ], [ -54.790124360630386, -27.526024351660396 ], [ -54.789871840943078, -27.526018172639283 ], [ -54.789828960494845, -27.526035863193556 ], [ -54.788012280602743, -27.527045824008781 ], [ -54.787982658528676, -27.527053920264791 ], [ -54.784766893209849, -27.52786865122431 ], [ -54.781127520804205, -27.526966570900527 ], [ -54.77824619334001, -27.530031024506684 ], [ -54.778283308711593, -27.530087208421264 ], [ -54.778269859175509, -27.531446410704632 ], [ -54.778268185600382, -27.531615461399497 ], [ -54.777900564617141, -27.531917090402942 ], [ -54.777893578549481, -27.531903479243283 ], [ -54.776918771123235, -27.532788358004666 ], [ -54.776890301387539, -27.532804718885302 ], [ -54.776206664908159, -27.53316003999845 ], [ -54.776196188515542, -27.534109462639435 ], [ -54.774688150994734, -27.539078203353313 ], [ -54.774310433554888, -27.540033141860704 ], [ -54.772286699648134, -27.543345571716259 ], [ -54.772071104301403, -27.543469907907365 ], [ -54.771423250481121, -27.544171472480741 ], [ -54.771035918840766, -27.544384434870608 ], [ -54.770934780860671, -27.544387431190501 ], [ -54.770373052584034, -27.544635778526697 ], [ -54.770121574627979, -27.544636720401456 ], [ -54.770062681428271, -27.544643399221115 ], [ -54.76993519554577, -27.544624539896517 ], [ -54.769581788091102, -27.544572259642337 ], [ -54.769513417275959, -27.544565438928771 ], [ -54.769344281941528, -27.544567609466469 ], [ -54.768787988206611, -27.54449362603043 ], [ -54.768371324538862, -27.543675935001545 ], [ -54.768339815243223, -27.543691205368077 ], [ -54.76808411681219, -27.543232325567999 ], [ -54.768084874826116, -27.543180287103496 ], [ -54.767239803886639, -27.543198233958265 ], [ -54.766668914585921, -27.542932227694394 ], [ -54.766630411685412, -27.542945574566261 ], [ -54.766607712686664, -27.542914686314759 ], [ -54.76585671540397, -27.542886820391516 ], [ -54.765287645663761, -27.543729733409634 ], [ -54.761646534001443, -27.546552576744205 ], [ -54.764176511330675, -27.546298193509983 ], [ -54.765314341908095, -27.546170630469135 ], [ -54.765908963027982, -27.546357254621967 ], [ -54.765928976726173, -27.546363602391125 ], [ -54.766745923659187, -27.546119166193705 ], [ -54.768260042076577, -27.546097335402976 ], [ -54.768956934447772, -27.546242809502189 ], [ -54.770116683950448, -27.546003558183372 ], [ -54.770951463646668, -27.546131616993932 ], [ -54.771725463253347, -27.546250362103422 ], [ -54.771749576066782, -27.54625948682866 ], [ -54.77348415658895, -27.546526499418917 ], [ -54.774647697294768, -27.546815065721489 ], [ -54.775989232882807, -27.547521351483226 ], [ -54.776010437945331, -27.547535742844104 ], [ -54.778781250176166, -27.551135991145259 ], [ -54.782188588780343, -27.551632484235995 ], [ -54.782215288605016, -27.551579919160588 ], [ -54.783493992988269, -27.55151551562841 ], [ -54.785520077179285, -27.550498892114433 ], [ -54.785517247492635, -27.550519702123438 ], [ -54.78617076467043, -27.55004359413573 ], [ -54.787389025078085, -27.549684549251936 ], [ -54.792307801345089, -27.54847305690339 ], [ -54.792435034, -27.54780402199998 ], [ -54.792632445999914, -27.547266225999977 ], [ -54.793018998999912, -27.544992578999882 ], [ -54.793112818999873, -27.542756879999899 ], [ -54.79433429300002, -27.536924146999922 ], [ -54.797716633999926, -27.533183013999917 ], [ -54.798276641999905, -27.532189717999984 ], [ -54.802917379999826, -27.530109437999897 ], [ -54.805498310999951, -27.530119309999918 ], [ -54.806066056999839, -27.530179156999907 ], [ -54.807640097999979, -27.530345076999936 ], [ -54.809658486999808, -27.530634151999891 ], [ -54.810326373999828, -27.531163816999822 ], [ -54.812155077999876, -27.532374404 ], [ -54.812536889999933, -27.532627160999937 ], [ -54.814751371999932, -27.536054307999905 ], [ -54.818167360999951, -27.541268532999936 ], [ -54.818403440093221, -27.542045712995673 ], [ -54.826843171520181, -27.539967010999021 ], [ -54.830358510922679, -27.543953199599457 ], [ -54.830092386877482, -27.538243370979671 ], [ -54.829986146037015, -27.532324728002095 ], [ -54.829988602441347, -27.532317032884578 ], [ -54.830110155601574, -27.529379061005898 ], [ -54.83280744714159, -27.530391669574726 ], [ -54.832814201896099, -27.530399237467009 ], [ -54.832784370661557, -27.530599950394333 ], [ -54.840768308800193, -27.534654379441065 ], [ -54.846760507079807, -27.525653115064245 ], [ -54.856774257216443, -27.524238302566971 ], [ -54.857234290715553, -27.523581763773166 ], [ -54.857345802309737, -27.523330392573371 ], [ -54.86221770528374, -27.52179273583306 ], [ -54.862326276779015, -27.521638159893712 ], [ -54.862289483832569, -27.521589305087844 ], [ -54.862491808113816, -27.521703672233969 ], [ -54.862488609997513, -27.521734890256994 ], [ -54.865600399664004, -27.52794521003176 ], [ -54.865581274855344, -27.527967311806947 ], [ -54.865580856092095, -27.52800384893618 ], [ -54.864897417041504, -27.528685807234012 ], [ -54.864868931741512, -27.528726367757315 ], [ -54.863310813862597, -27.531937569839215 ], [ -54.861728805448195, -27.537147797069963 ], [ -54.861247449778489, -27.538103195902977 ], [ -54.859793372779677, -27.539900079546101 ], [ -54.86129546152489, -27.541657967659148 ], [ -54.860869786886155, -27.543212138554395 ], [ -54.859630083903369, -27.546036325021134 ], [ -54.859639998687214, -27.546054703560628 ], [ -54.852818336158691, -27.555825774939308 ], [ -54.866746913346219, -27.564882001618628 ], [ -54.868380773988292, -27.564552454158274 ], [ -54.868393248778034, -27.564554896742209 ], [ -54.869685306257338, -27.56504436308893 ], [ -54.87339235844712, -27.568745118373897 ], [ -54.877871065973636, -27.574435416746326 ], [ -54.882568484304898, -27.575630679631615 ], [ -54.882578624765301, -27.575632557037466 ], [ -54.883986015352662, -27.57594229823826 ], [ -54.883955282266356, -27.57598354456951 ], [ -54.884018946396225, -27.576071889290631 ], [ -54.884022422965415, -27.576078922745694 ], [ -54.884014854275108, -27.576102961326512 ], [ -54.884373000195239, -27.576061756959405 ], [ -54.884375551600613, -27.57606066644513 ], [ -54.884406632388789, -27.57600027147123 ], [ -54.884873741472859, -27.576195449404622 ], [ -54.890416258501375, -27.577341433051629 ], [ -54.893594667965885, -27.579839425517889 ], [ -54.892732287534443, -27.580883783643856 ], [ -54.892169034114033, -27.582737493895365 ], [ -54.890141317986831, -27.59392227954271 ], [ -54.890126112522751, -27.593956630335072 ], [ -54.889873764914057, -27.59507915456436 ], [ -54.888894395535146, -27.595684337201078 ], [ -54.890091745604991, -27.595952403063734 ], [ -54.890871277905831, -27.597612180900057 ], [ -54.891922118010086, -27.598787176899577 ], [ -54.891939814532577, -27.598777902083441 ], [ -54.891997991212122, -27.598767621768218 ], [ -54.896953151714683, -27.603829471372819 ], [ -54.899249104351668, -27.605813767925383 ], [ -54.903235857518723, -27.605900785569872 ], [ -54.906458218996534, -27.605936632653311 ], [ -54.909885467180004, -27.604455692085594 ], [ -54.90994274493687, -27.604468046391389 ], [ -54.910974351033417, -27.603804148248969 ], [ -54.91354973038932, -27.603224639025143 ], [ -54.913580222443784, -27.602921828877243 ], [ -54.913590598393796, -27.602916329858317 ], [ -54.913537088121473, -27.602876053698765 ], [ -54.913572339840812, -27.602570334038887 ], [ -54.913568399118105, -27.602518352745108 ], [ -54.913569088906229, -27.602518306064383 ], [ -54.913568420475315, -27.602511688865434 ], [ -54.91356803517607, -27.602508709744939 ], [ -54.913566947272273, -27.602499872603858 ], [ -54.913429581040475, -27.601370182469566 ], [ -54.913349448380018, -27.600638993539235 ], [ -54.913327740739533, -27.600447086722511 ], [ -54.913151324168894, -27.600442515389489 ], [ -54.913098040040666, -27.60042313544028 ], [ -54.913097387917674, -27.600292451567498 ], [ -54.913184441274893, -27.600061287374217 ], [ -54.913343841395033, -27.600014610333403 ], [ -54.913398139499975, -27.600008375114214 ], [ -54.915335334812767, -27.59735542115601 ], [ -54.916155979652046, -27.596627244741455 ], [ -54.916765936232764, -27.596119616098804 ], [ -54.927434817865674, -27.596974419580818 ], [ -54.932498247968965, -27.598887789959349 ], [ -54.932534483424547, -27.598854612820674 ], [ -54.934246869926142, -27.598799907473335 ], [ -54.939319463436107, -27.59965021015563 ], [ -54.939341343033391, -27.599654339901406 ], [ -54.941820559334644, -27.595887343915706 ], [ -54.941869700511006, -27.595892617387562 ], [ -54.943454900750737, -27.592638973416456 ], [ -54.942836622850109, -27.591336349543951 ], [ -54.942827452767006, -27.591338039656193 ], [ -54.942761608158321, -27.591330973694028 ], [ -54.940971346782533, -27.58945443010623 ], [ -54.93974458997468, -27.589452532682799 ], [ -54.938219677912798, -27.588889623537796 ], [ -54.937859037209194, -27.588720325088843 ], [ -54.939379100717417, -27.580810401002736 ], [ -54.940403024241618, -27.580737066728489 ], [ -54.942623729940919, -27.580580788541852 ], [ -54.942804886030956, -27.580587520520282 ], [ -54.942819353602488, -27.580600342212335 ], [ -54.942838808616614, -27.580684805361273 ], [ -54.942855403062765, -27.580691590237222 ], [ -54.944522695001865, -27.583024008401992 ], [ -54.944929768654674, -27.582758991646301 ], [ -54.944981198336791, -27.58279630583263 ], [ -54.951996856964797, -27.58366779841225 ], [ -54.95704021829124, -27.577806923634569 ], [ -54.967142470940416, -27.579382778117122 ], [ -54.967715715575821, -27.583165348488365 ], [ -54.967715759762484, -27.583189538298939 ], [ -54.968531898276069, -27.584202851300574 ], [ -54.967007327507872, -27.601480783444572 ], [ -54.967380242250499, -27.607004593615727 ], [ -54.966459960243185, -27.611929398874452 ], [ -54.965725885401753, -27.61250604125911 ], [ -54.961768866243176, -27.615342457721738 ], [ -54.961750367661864, -27.615308615421384 ], [ -54.957424329951778, -27.61253922880951 ], [ -54.956644767950252, -27.612022213105774 ], [ -54.955419317009785, -27.611615946772929 ], [ -54.955383920067959, -27.611598803286199 ], [ -54.955377847622742, -27.611618940919641 ], [ -54.955516539967732, -27.612573730096415 ], [ -54.955550183493813, -27.61264010126348 ], [ -54.955378444759504, -27.613594899922248 ], [ -54.954337916323993, -27.619877735900161 ], [ -54.953719034179585, -27.621947759627858 ], [ -54.953732695292274, -27.621972752002705 ], [ -54.95374579036735, -27.622016369647554 ], [ -54.952233915601539, -27.624917483667787 ], [ -54.950758947070369, -27.627368194257713 ], [ -54.948819482905549, -27.628349703085632 ], [ -54.946264505883903, -27.630144162987335 ], [ -54.941101654482281, -27.632539224958521 ], [ -54.941045202519206, -27.632530629773669 ], [ -54.936911500263022, -27.635838637048892 ], [ -54.933790739552933, -27.636341431624828 ], [ -54.935657489064795, -27.63960097119741 ], [ -54.935659495419316, -27.639605532034523 ], [ -54.935672666520702, -27.639629688950095 ], [ -54.939203367492723, -27.637751842141199 ], [ -54.939243156165958, -27.637737523021087 ], [ -54.942292276379078, -27.638866145795419 ], [ -54.94380410417034, -27.639435787404238 ], [ -54.943331372396301, -27.641249823116766 ], [ -54.943008195802918, -27.641915153997786 ], [ -54.942992073624737, -27.64192732319907 ], [ -54.942454906243711, -27.642006164439579 ], [ -54.939752551462391, -27.643068342692459 ], [ -54.935412352701746, -27.640519725316551 ], [ -54.935337388298876, -27.640526180004997 ], [ -54.933054672188462, -27.642645833126039 ], [ -54.928336468245789, -27.647197612062257 ], [ -54.928329726828963, -27.647197127073355 ], [ -54.928261545303258, -27.646908231937687 ], [ -54.927599225639199, -27.647416968081416 ], [ -54.927402463657643, -27.647593747541521 ], [ -54.927400874831847, -27.647595743795364 ], [ -54.927251694787913, -27.647617008320537 ], [ -54.919109677919096, -27.653449834555147 ], [ -54.917491605499379, -27.65542294685514 ], [ -54.917422761275134, -27.655429200901096 ], [ -54.917251040968608, -27.656075165095672 ], [ -54.916245321194026, -27.657428432053848 ], [ -54.91650391489452, -27.657613488730362 ], [ -54.916708995425836, -27.657749952841073 ], [ -54.916713471232924, -27.657761610805721 ], [ -54.917137533342441, -27.658052929879545 ], [ -54.9171760747289, -27.658083165731568 ], [ -54.917503474280352, -27.65859075913545 ], [ -54.917515591582173, -27.658591940914391 ], [ -54.918221041764014, -27.659040925445765 ], [ -54.918459822056604, -27.658659804906222 ], [ -54.920616205749297, -27.659654619062962 ], [ -54.920644863776261, -27.659653924116924 ], [ -54.920692005631054, -27.659657860633331 ], [ -54.921859695354442, -27.659258434414483 ], [ -54.921913907922374, -27.659271411306577 ], [ -54.923128769593461, -27.660687375609712 ], [ -54.924759727649985, -27.665135651740798 ], [ -54.924850211555508, -27.665286977098049 ], [ -54.92493871562607, -27.665614788839889 ], [ -54.924935700161768, -27.665615603198319 ], [ -54.924904242880075, -27.665695632740153 ], [ -54.924899967406589, -27.665698532778663 ], [ -54.924017315538947, -27.671614555990345 ], [ -54.92733779615304, -27.673687590568136 ], [ -54.928389681643125, -27.672363185594349 ], [ -54.928436053001349, -27.672360697475483 ], [ -54.931609542301203, -27.678792833728608 ], [ -54.932904273347845, -27.679333993296268 ], [ -54.930868178283674, -27.68295124540515 ], [ -54.930810497684888, -27.682959028276287 ], [ -54.928619885862702, -27.683636576092965 ], [ -54.927646894617794, -27.684791363394595 ], [ -54.926697764036817, -27.686754733005046 ], [ -54.930309774604439, -27.688354070834293 ], [ -54.93484580135032, -27.690362547563041 ], [ -54.940340360695586, -27.690851726542348 ], [ -54.940361434467661, -27.690845983170789 ], [ -54.94030570503736, -27.690261974969246 ], [ -54.942851504711257, -27.690500374979479 ], [ -54.944063829834306, -27.691990700034296 ], [ -54.944704152184215, -27.694935296466952 ], [ -54.944391602649944, -27.695051079340487 ], [ -54.943636524884653, -27.699115980189561 ], [ -54.94361617087776, -27.699113400384817 ], [ -54.943152088406293, -27.701642517429775 ], [ -54.944068819816948, -27.702311935657974 ], [ -54.947404819012945, -27.710222678701996 ], [ -54.942277237687108, -27.713150974669645 ], [ -54.940114382533409, -27.712760722973087 ], [ -54.940058048164815, -27.712741711021863 ], [ -54.9396995946218, -27.712560756005757 ], [ -54.939642380332941, -27.712549250197071 ], [ -54.937581836275683, -27.711761399240515 ], [ -54.926978926797574, -27.713609225674531 ], [ -54.926978412123901, -27.713609074731721 ], [ -54.92684209385294, -27.713491156655436 ], [ -54.926786169048398, -27.71345568512686 ], [ -54.92678276402097, -27.713519100402323 ], [ -54.926761730096302, -27.713861989370002 ], [ -54.927175653111817, -27.720434082595204 ], [ -54.926923985496728, -27.720746499146685 ], [ -54.926892273665942, -27.720780028268109 ], [ -54.922801633480731, -27.721509573980143 ], [ -54.922710145457415, -27.721463932437928 ], [ -54.922692875893517, -27.721417088351131 ], [ -54.922492343867873, -27.721361278667928 ], [ -54.92245278402612, -27.72133415380199 ], [ -54.921425921756679, -27.721544264396528 ], [ -54.921232449394381, -27.721757104187304 ], [ -54.921185880999644, -27.721751147703003 ], [ -54.921166278027158, -27.721670709207501 ], [ -54.921122570432999, -27.721665118643216 ], [ -54.921040043229084, -27.721598256521531 ], [ -54.920209703804119, -27.721872379828085 ], [ -54.918938220613995, -27.722053295404351 ], [ -54.917216065431546, -27.721867427562529 ], [ -54.91719036510824, -27.721862139515281 ], [ -54.917046445180802, -27.722528040310863 ], [ -54.916388084213736, -27.723018639689315 ], [ -54.916353093372209, -27.723003525165097 ], [ -54.91609145504259, -27.722916883913967 ], [ -54.915524184100718, -27.723781789333771 ], [ -54.915558274751447, -27.723834944550788 ], [ -54.915552431754406, -27.723849726457161 ], [ -54.916232898660894, -27.723986988487184 ], [ -54.916270481296124, -27.724001750746254 ], [ -54.916650083426134, -27.724117698752991 ], [ -54.916721476127293, -27.72396764351987 ], [ -54.916751554056304, -27.723954523029818 ], [ -54.916763726535862, -27.72392617577168 ], [ -54.917479082861689, -27.723909470110868 ], [ -54.917502249283189, -27.723918850610573 ], [ -54.918135653097636, -27.724140942738416 ], [ -54.918272125746398, -27.724185116153194 ], [ -54.918322147625133, -27.72420307380969 ], [ -54.918438761092432, -27.72424063566217 ], [ -54.919130056760082, -27.724476056631488 ], [ -54.919565301566763, -27.724647939551176 ], [ -54.919591009796818, -27.724698535218238 ], [ -54.920090936070153, -27.724860455105784 ], [ -54.920196634062052, -27.724925272731355 ], [ -54.920230468141483, -27.724929356288555 ], [ -54.920543483245979, -27.725090807417132 ], [ -54.920574480424136, -27.72509442312213 ], [ -54.92295695231013, -27.725652981641019 ], [ -54.92856944818493, -27.727547349979034 ], [ -54.928595884878405, -27.727570477470579 ], [ -54.931619189963442, -27.730285098789068 ], [ -54.931667868055854, -27.73026109861712 ], [ -54.933096080246116, -27.730595684019761 ], [ -54.933267429452542, -27.730559552080308 ], [ -54.933300835805142, -27.730572580290072 ], [ -54.933923081114983, -27.729740145133576 ], [ -54.937490270427531, -27.723821343973782 ], [ -54.937540334929452, -27.72380364930325 ], [ -54.939388067299717, -27.723633066911418 ], [ -54.939431579054542, -27.723616935517384 ], [ -54.939570120720077, -27.723496542305384 ], [ -54.939614226048263, -27.723479419171895 ], [ -54.940066771448812, -27.723428615065984 ], [ -54.940107446118816, -27.723408375535769 ], [ -54.943601919977993, -27.72236753584923 ], [ -54.945866675617822, -27.722686153087238 ], [ -54.950121250712698, -27.719379030290042 ], [ -54.953688446357205, -27.718553224874881 ], [ -54.95373486825838, -27.71853941259252 ], [ -54.955684183518599, -27.71810127960913 ], [ -54.955729773015491, -27.718090761584619 ], [ -54.956570360998228, -27.717807726111971 ], [ -54.956618177281712, -27.717801263938668 ], [ -54.957261844850905, -27.717834979004351 ], [ -54.959056407498906, -27.717928965863564 ], [ -54.96169863104268, -27.724289936881007 ], [ -54.961563129605793, -27.725011596623915 ], [ -54.958895396247101, -27.729063678236457 ], [ -54.958842386460617, -27.729100700623405 ], [ -54.954712812679702, -27.732114609646658 ], [ -54.95397654079801, -27.732244807913048 ], [ -54.954065839807356, -27.732340210659629 ], [ -54.953984968122711, -27.732668222049597 ], [ -54.954149861433393, -27.733048418467149 ], [ -54.955211979049977, -27.73417778404712 ], [ -54.958823043201505, -27.736437668080839 ], [ -54.9614410248941, -27.733050222681811 ], [ -54.961463279170914, -27.733003101290535 ], [ -54.965584298063561, -27.73201383898089 ], [ -54.974450354581904, -27.736681792021159 ], [ -54.977547692082339, -27.735665128981623 ], [ -54.978649327840969, -27.737395556296519 ], [ -54.984783753831266, -27.739902803888867 ], [ -54.984775828422471, -27.739955696908623 ], [ -54.985733099870799, -27.740376136823443 ], [ -54.986472020091639, -27.74053661271563 ], [ -54.98652012356041, -27.740538359103653 ], [ -54.986523893106607, -27.740534180093562 ], [ -54.986411310138578, -27.740319720302523 ], [ -54.98624547723449, -27.739928305441822 ], [ -54.986195006660012, -27.739871271730863 ], [ -54.984748073879643, -27.733815714355103 ], [ -54.984734316576635, -27.733756503748907 ], [ -54.986385296049207, -27.729189835284217 ], [ -54.986378256331875, -27.729137846627793 ], [ -54.991146550718668, -27.722721708476797 ], [ -54.992068686357641, -27.72275623943591 ], [ -54.99495649892981, -27.720974539847134 ], [ -55.000395590766743, -27.71682962050312 ], [ -55.004711308592334, -27.716117017778572 ], [ -55.0047538556733, -27.716119182196167 ], [ -55.006176680766714, -27.718059607300859 ], [ -55.006197400793553, -27.718070823062078 ], [ -55.006511684993711, -27.718796514775079 ], [ -55.00897235475901, -27.721928542962473 ], [ -55.017319250535138, -27.733042936039226 ], [ -55.017877205412674, -27.733575816518339 ], [ -55.019913927155926, -27.736760299492516 ], [ -55.019886748034367, -27.736784539678638 ], [ -55.021893724969857, -27.740800264537086 ], [ -55.022272218031674, -27.740818573067941 ], [ -55.022717379066705, -27.744747869595642 ], [ -55.023247825190822, -27.745968952705027 ], [ -55.023540479547364, -27.746639478281679 ], [ -55.023074572266978, -27.747248440652072 ], [ -55.023084835601423, -27.747274088495658 ], [ -55.024832223543058, -27.749474878532226 ], [ -55.024834979121408, -27.749481666077941 ], [ -55.026682442812216, -27.749759626051343 ], [ -55.026720477967785, -27.749775042147917 ], [ -55.026735918541249, -27.749740156503606 ], [ -55.029214793424728, -27.747420765725963 ], [ -55.03053326109648, -27.746831233839089 ], [ -55.031880579250412, -27.746283705840597 ], [ -55.032118223191731, -27.746231699163218 ], [ -55.035376354426035, -27.744347562782423 ], [ -55.035374457334683, -27.744338759066636 ], [ -55.038134853889744, -27.74371879363315 ], [ -55.0388437108723, -27.744677545025127 ], [ -55.043942534691894, -27.748174003063866 ], [ -55.0451046719121, -27.751144717154773 ], [ -55.044577236039288, -27.752648390419949 ], [ -55.043298572133324, -27.756983154349371 ], [ -55.040883181208073, -27.759408905860653 ], [ -55.040858667091243, -27.7594131819572 ], [ -55.039875654256377, -27.759821455180997 ], [ -55.039848844658991, -27.759825884506142 ], [ -55.039727933014547, -27.759815794753138 ], [ -55.038304996305726, -27.763783299644331 ], [ -55.038300864865107, -27.763790090870202 ], [ -55.038310802581918, -27.76384552367017 ], [ -55.038317712739854, -27.763854476482948 ], [ -55.03657662588995, -27.764309848748383 ], [ -55.032342929265837, -27.763091107768844 ], [ -55.031743752021725, -27.762592165185367 ], [ -55.031438871867465, -27.762071906624158 ], [ -55.03075473773697, -27.761454071053436 ], [ -55.027022816127442, -27.757607373357928 ], [ -55.025366953400237, -27.754198316175518 ], [ -55.025385351948898, -27.754160214919239 ], [ -55.025671139552969, -27.752941393306344 ], [ -55.025636213643054, -27.752910596022446 ], [ -55.02493045430549, -27.75130262511675 ], [ -55.024463460544439, -27.750279466726852 ], [ -55.024457270692665, -27.750263036263448 ], [ -55.023747774748188, -27.750904464408165 ], [ -55.023715139705871, -27.750969545740418 ], [ -55.021704288723924, -27.752927059865158 ], [ -55.019591507198527, -27.751844517113227 ], [ -55.019593978713942, -27.751854597050965 ], [ -55.018946204674421, -27.752058880655227 ], [ -55.018943234016092, -27.752059595915057 ], [ -55.018012481697951, -27.751819043851583 ], [ -55.016770292211845, -27.751294252734965 ], [ -55.012711802629553, -27.749793168237886 ], [ -55.010218606798958, -27.74828996620198 ], [ -55.010084383779429, -27.748270596506984 ], [ -55.005931393891785, -27.746546222628353 ], [ -55.00589465274453, -27.746514747998162 ], [ -55.000179077853716, -27.74634257635438 ], [ -55.000981930097851, -27.749092392652869 ], [ -55.001022405948618, -27.749127066649976 ], [ -55.000962509566364, -27.754795002933577 ], [ -55.001030893242614, -27.755299218741982 ], [ -55.001036977765978, -27.7553392152264 ], [ -55.001132191507054, -27.755353059478978 ], [ -55.001183357936839, -27.755313352295843 ], [ -55.002522569593566, -27.757139331536905 ], [ -55.005429079261376, -27.761934256813674 ], [ -55.005436805017325, -27.761934616145595 ], [ -55.010938510494043, -27.761549890553511 ], [ -55.013783966037408, -27.763741277008819 ], [ -55.013803154803327, -27.763798619569286 ], [ -55.013829232389924, -27.763833978420507 ], [ -55.013802276436536, -27.765019617143366 ], [ -55.013799886233926, -27.765150593276303 ], [ -55.013749423170054, -27.765200911844147 ], [ -55.012815588010028, -27.767198042159293 ], [ -55.008838015858316, -27.770070490492685 ], [ -55.007338222165117, -27.771610355145469 ], [ -55.006474760981803, -27.774529238621881 ], [ -55.006097454808753, -27.777982328552525 ], [ -55.006666071749294, -27.778578883134344 ], [ -55.008824676590905, -27.780687578917934 ], [ -55.009952714265296, -27.781891012492679 ], [ -55.013155862120698, -27.785269088598739 ], [ -55.013166828651322, -27.785280582915334 ], [ -55.013195726312631, -27.785252480389147 ], [ -55.013207043426974, -27.785241667294031 ], [ -55.016578133075654, -27.782093528024575 ], [ -55.01895755568512, -27.779858417007858 ], [ -55.018959453687557, -27.779803144344328 ], [ -55.026242366014742, -27.776799614344952 ], [ -55.026668633664713, -27.776779755168263 ], [ -55.031769495234187, -27.777071480138147 ], [ -55.035484816853, -27.777283964259198 ], [ -55.037359270379341, -27.77734040786703 ], [ -55.038455091720039, -27.778961142740172 ], [ -55.038967335999814, -27.77841366399997 ], [ -55.040566362999868, -27.77697169399994 ], [ -55.043200241000022, -27.774798086999851 ], [ -55.044833660999814, -27.773952174999863 ], [ -55.046569333999912, -27.772984712999914 ], [ -55.048301174999835, -27.77213815999994 ], [ -55.050175855999953, -27.771407545999978 ], [ -55.050939082999889, -27.77120661299989 ], [ -55.052048265999986, -27.770914601999891 ], [ -55.05365310499991, -27.770424098999968 ], [ -55.055930573999888, -27.770048765000013 ], [ -55.05721121699986, -27.769978748999904 ], [ -55.058483408999962, -27.769909194999912 ], [ -55.060230331000014, -27.770373670999959 ], [ -55.06184041199981, -27.770363523000015 ], [ -55.062665445999869, -27.77062679099987 ], [ -55.064399127999877, -27.771180008999806 ], [ -55.066953846999866, -27.771637223999903 ], [ -55.068611783, -27.772200334999866 ], [ -55.069134748999829, -27.772377958 ], [ -55.071406917, -27.773527804999901 ], [ -55.072310478999896, -27.774079394999887 ], [ -55.073696380999877, -27.774925432999908 ], [ -55.075181553999926, -27.775868257000013 ], [ -55.07693151899997, -27.776570554999864 ], [ -55.077494473, -27.777214184999934 ], [ -55.078696576999903, -27.778588557999853 ], [ -55.079921801000012, -27.780606825999882 ], [ -55.081013883999958, -27.782029540999986 ], [ -55.082373915999881, -27.783929922999846 ], [ -55.083936365, -27.785968453999942 ], [ -55.08440864, -27.789907050999943 ], [ -55.084872165999968, -27.792506147999973 ], [ -55.084638820999942, -27.793283211999892 ], [ -55.084225737999873, -27.79465882300002 ], [ -55.083646209999984, -27.795831351999936 ], [ -55.083041793999882, -27.797054235999951 ], [ -55.081536218999929, -27.798197648999974 ], [ -55.080768393999904, -27.798264884999867 ], [ -55.078764803999945, -27.799235268999951 ], [ -55.076090796999836, -27.800332954 ], [ -55.075514033, -27.800594397999873 ], [ -55.073684720999893, -27.801423613999816 ], [ -55.071553750999897, -27.802754492999895 ], [ -55.07039136599991, -27.803454445 ], [ -55.069948982999904, -27.803720833999819 ], [ -55.068354467999939, -27.805167906999827 ], [ -55.06554947199993, -27.806742424999982 ], [ -55.06489060499996, -27.807398866999961 ], [ -55.064221288999988, -27.808065720999878 ], [ -55.062358272999859, -27.809869635999917 ], [ -55.059692193999979, -27.811680895999871 ], [ -55.058492434999835, -27.812764738999931 ], [ -55.05648996799988, -27.813851459999967 ], [ -55.054889617999891, -27.814822322 ], [ -55.054263160999938, -27.81524535699981 ], [ -55.053286082, -27.815905160999876 ], [ -55.052425105646762, -27.816316770859601 ], [ -55.053467186825799, -27.820056536673235 ], [ -55.064944296914973, -27.81724277705797 ], [ -55.064516654911131, -27.821016096113681 ], [ -55.061357746640226, -27.822897277214736 ], [ -55.060545745938896, -27.82277532215312 ], [ -55.058640522559585, -27.822913910942702 ], [ -55.058612481811167, -27.822909649106464 ], [ -55.054006619290362, -27.821793188755805 ], [ -55.052976590279343, -27.82085910021749 ], [ -55.052966868874819, -27.820849189897274 ], [ -55.047597769501749, -27.825864120643246 ], [ -55.03619134706679, -27.830762593797658 ], [ -55.033809702794258, -27.842104629172354 ], [ -55.029988670529519, -27.849097671524305 ], [ -55.030065844481101, -27.849084087731796 ], [ -55.030009125641527, -27.849188716463345 ], [ -55.030009272214329, -27.849188886033858 ], [ -55.029999538929474, -27.849207135736208 ], [ -55.02998993985301, -27.849222584726817 ], [ -55.029991419541716, -27.849224274134826 ], [ -55.030144078408455, -27.849486331341666 ], [ -55.030175742250037, -27.849896758324746 ], [ -55.041156666454015, -27.857645124448936 ], [ -55.043473725000013, -27.856687607999959 ], [ -55.044928937999885, -27.85624410499986 ], [ -55.045885584999894, -27.85595254899988 ], [ -55.047621574, -27.854864113999895 ], [ -55.049088653999888, -27.854136996999955 ], [ -55.051098578999927, -27.853167606999932 ], [ -55.052830652999887, -27.852200025 ], [ -55.054973416999985, -27.851345966999929 ], [ -55.057381174, -27.850251436999883 ], [ -55.059519593999823, -27.849042532999874 ], [ -55.059889851999912, -27.848935259999962 ], [ -55.062062599, -27.848305762999928 ], [ -55.065365067999949, -27.846665740999867 ], [ -55.07023168500001, -27.846094956999877 ], [ -55.072746981999842, -27.845856933 ], [ -55.07612120399989, -27.845454851999932 ], [ -55.077691493999851, -27.844811943999957 ], [ -55.080407498999875, -27.844192491999934 ], [ -55.080796706999934, -27.844090831999893 ], [ -55.08278534599998, -27.843571404999977 ], [ -55.084072129999868, -27.84302218900001 ], [ -55.084822881999912, -27.842701758999965 ], [ -55.086662305999937, -27.842516989999865 ], [ -55.088057501999913, -27.842376844 ], [ -55.090669699999864, -27.842455409000024 ], [ -55.093569761000026, -27.84328716199991 ], [ -55.095858616999863, -27.843746721 ], [ -55.096399966999968, -27.84387931699996 ], [ -55.09868586999994, -27.844439216000012 ], [ -55.099985069999889, -27.844855619999919 ], [ -55.102321846999871, -27.845604574999982 ], [ -55.10315379899987, -27.846180940999886 ], [ -55.106900511, -27.846999140999912 ], [ -55.108826391999912, -27.847585146999904 ], [ -55.109192413999892, -27.847696518999953 ], [ -55.111485624000011, -27.848515109 ], [ -55.113207078999892, -27.849655195000025 ], [ -55.117628125999943, -27.851485884999875 ], [ -55.11823717999988, -27.852040390999946 ], [ -55.122464227999956, -27.855608516000018 ], [ -55.125201609999976, -27.858799857999941 ], [ -55.125427038999874, -27.859266154999887 ], [ -55.126672991000021, -27.862902226999893 ], [ -55.126690677999989, -27.86438762399996 ], [ -55.126573268999948, -27.866418384999861 ], [ -55.12593544899994, -27.869285409999861 ], [ -55.125773149999816, -27.869791300999964 ], [ -55.125282302999892, -27.871321286999887 ], [ -55.124875519999989, -27.873092814000017 ], [ -55.124513374999879, -27.874669942999958 ], [ -55.123738861999811, -27.876831857999946 ], [ -55.124004333000016, -27.87777771899988 ], [ -55.123900442999854, -27.880522822999978 ], [ -55.123830006, -27.881532102 ], [ -55.123783770999808, -27.882194587000015 ], [ -55.123939110999856, -27.884223068999802 ], [ -55.124927757999956, -27.888749851999989 ], [ -55.126298162999831, -27.891364298999861 ], [ -55.126744599, -27.892359999999826 ], [ -55.128777192999962, -27.894266057999971 ], [ -55.131114152999885, -27.89556224699993 ], [ -55.132659214, -27.895993361999899 ], [ -55.133677938, -27.896118119 ], [ -55.135212700999887, -27.896306072999835 ], [ -55.135572263999961, -27.896122414999979 ], [ -55.137353219999966, -27.895212731999948 ], [ -55.138864978000015, -27.894450979999817 ], [ -55.13976, -27.893999990999987 ], [ -55.141087162000019, -27.892559203999951 ], [ -55.141446057999872, -27.892305533999831 ], [ -55.142285250999862, -27.891712385999881 ], [ -55.147040982999954, -27.886473805999969 ], [ -55.147735563999959, -27.885939159999964 ], [ -55.151144570999861, -27.883502723999811 ], [ -55.154787004999889, -27.879669378999893 ], [ -55.155334640999968, -27.879351453999959 ], [ -55.158844518999956, -27.875871397999958 ], [ -55.159705406999876, -27.874735727999962 ], [ -55.161427808999917, -27.87257225399992 ], [ -55.162620337999897, -27.870890093000014 ], [ -55.16393665899983, -27.868613585999867 ], [ -55.164725113999964, -27.86686679699983 ], [ -55.164856943999951, -27.866574731000014 ], [ -55.166451249999966, -27.865130916999817 ], [ -55.168320042999881, -27.863801500999955 ], [ -55.170177791999834, -27.861995675999935 ], [ -55.171515123999825, -27.861030802999949 ], [ -55.171782400999916, -27.86083090399984 ], [ -55.176188667999895, -27.858483523999951 ], [ -55.178187299999877, -27.857031188999883 ], [ -55.180065522999939, -27.856895971999961 ], [ -55.183011761999921, -27.85651642900001 ], [ -55.185162854, -27.85637874299988 ], [ -55.186283945999946, -27.856191027999898 ], [ -55.187442650999969, -27.855997014000025 ], [ -55.189721475999875, -27.855978739000022 ], [ -55.191738935999922, -27.856195982999964 ], [ -55.192818288999888, -27.856312210999988 ], [ -55.194697588999929, -27.856652605999898 ], [ -55.196990630999949, -27.857348660999946 ], [ -55.198149334999982, -27.857651293999936 ], [ -55.200088625999854, -27.858157803999916 ], [ -55.201306953999847, -27.858846172000028 ], [ -55.202791567999952, -27.859684993999906 ], [ -55.205367019999869, -27.861932007999826 ], [ -55.207668896999905, -27.863701133 ], [ -55.209433410999907, -27.865358898999943 ], [ -55.20967732999992, -27.865688074999923 ], [ -55.210662545, -27.867017645999965 ], [ -55.21175355999992, -27.868560817999935 ], [ -55.213075396999955, -27.869798999999887 ], [ -55.213518532000023, -27.870214088999944 ], [ -55.21730019599994, -27.873372370999959 ], [ -55.218126316999985, -27.873635654 ], [ -55.220762404999959, -27.875118385 ], [ -55.221305782999877, -27.87562561999988 ], [ -55.222456989000023, -27.876700251999807 ], [ -55.224482269999896, -27.877757762999806 ], [ -55.227330175999896, -27.879880801999889 ], [ -55.228415659, -27.880943307999871 ], [ -55.231271145999926, -27.884229249999862 ], [ -55.233163869999942, -27.886432704000015 ], [ -55.234602781999911, -27.888695704999861 ], [ -55.23480221799997, -27.888995599999987 ], [ -55.236271598999963, -27.891205135 ], [ -55.237202539999885, -27.893367520999959 ], [ -55.237530134, -27.894080019999933 ], [ -55.238255667999908, -27.895658022000021 ], [ -55.239349043999937, -27.89731790999997 ], [ -55.240409860999875, -27.899848614999826 ], [ -55.241408427999886, -27.901357613999892 ], [ -55.242639802999918, -27.90313752499992 ], [ -55.24405851299997, -27.904889137999987 ], [ -55.246956930999886, -27.909656205999966 ], [ -55.2492006, -27.913105722000012 ], [ -55.252746767999952, -27.917489858999943 ], [ -55.253020596999875, -27.917847077999909 ], [ -55.254109974000016, -27.919268203 ], [ -55.256018722999954, -27.9217551939999 ], [ -55.25674929600001, -27.922605562 ], [ -55.25728741699993, -27.923231920999854 ], [ -55.258806578999952, -27.924457968999889 ], [ -55.260359863999952, -27.925843040999894 ], [ -55.262498067999957, -27.927952431999813 ], [ -55.266115069999898, -27.929852492 ], [ -55.267544048999923, -27.930603153999925 ], [ -55.270913027999882, -27.931408398999849 ], [ -55.2748422169999, -27.93221308599982 ], [ -55.275361144999863, -27.932319361 ], [ -55.280082975999903, -27.932372425999858 ], [ -55.282345903000021, -27.931896403 ], [ -55.284059959999979, -27.931469574999937 ], [ -55.285829557999875, -27.931028914999899 ], [ -55.288492063999968, -27.930387520999943 ], [ -55.289582696999901, -27.930279752999922 ], [ -55.291181845999859, -27.929189236000013 ], [ -55.291666321999969, -27.929253914999947 ], [ -55.296069208999938, -27.926394014999914 ], [ -55.300271944999963, -27.924475377999897 ], [ -55.305297243999917, -27.92260349899982 ], [ -55.306209449999983, -27.922438544999864 ], [ -55.307626757999913, -27.922182253999949 ], [ -55.309604278999927, -27.921664881999959 ], [ -55.31073674799984, -27.921489890999965 ], [ -55.311641665000025, -27.921350060999941 ], [ -55.311990677999859, -27.92129613100002 ], [ -55.317151749999937, -27.922623898999916 ], [ -55.322028846999899, -27.924080396999898 ], [ -55.325647664999906, -27.926300403999903 ], [ -55.3279867789999, -27.927764408999906 ], [ -55.32930302099993, -27.929074337999907 ], [ -55.329889184000024, -27.929657690999875 ], [ -55.33287654399993, -27.933914657999935 ], [ -55.333192037, -27.936316093999949 ], [ -55.3343059259999, -27.938923847999888 ], [ -55.334480975999895, -27.939490340999953 ], [ -55.335004676999972, -27.941185129000019 ], [ -55.335524014999862, -27.943128598999976 ], [ -55.335991123999975, -27.94487662 ], [ -55.335923222999952, -27.947805152999933 ], [ -55.335905363999984, -27.948575401999904 ], [ -55.336521721999986, -27.952335425999877 ], [ -55.336371852000013, -27.953822467999885 ], [ -55.336411284, -27.957011579999971 ], [ -55.336422064999908, -27.957883519999825 ], [ -55.33657975, -27.959791286999916 ], [ -55.336752138999884, -27.962772798999879 ], [ -55.339624079999908, -27.96704130400002 ], [ -55.340354267999828, -27.967634757999917 ], [ -55.341273268999942, -27.968381667999893 ], [ -55.343412614999863, -27.969727011999908 ], [ -55.34388395000002, -27.970067646000018 ], [ -55.345008432999805, -27.970467283999881 ], [ -55.348151618999907, -27.971491649999905 ], [ -55.350274798999806, -27.97221199 ], [ -55.352346453999985, -27.972233576999827 ], [ -55.354771723999932, -27.972687917999849 ], [ -55.356655745999944, -27.97278873699986 ], [ -55.358271564999882, -27.972892501 ], [ -55.358993683999927, -27.973098360999984 ], [ -55.360700251999901, -27.973584865999896 ], [ -55.3632592109999, -27.97379512499981 ], [ -55.365276402, -27.974015496999925 ], [ -55.366384587000027, -27.973923090999904 ], [ -55.366888909000011, -27.973881037999888 ], [ -55.368779741999958, -27.974457948 ], [ -55.370129117999966, -27.975040541 ], [ -55.372109051999928, -27.975483840999914 ], [ -55.372692763999908, -27.975614531999895 ], [ -55.374585401, -27.976667348999854 ], [ -55.376477880999914, -27.977365468999892 ], [ -55.376851960999943, -27.977503457999944 ], [ -55.378370391999908, -27.978063567999925 ], [ -55.380397924999897, -27.978998130999969 ], [ -55.38102229999987, -27.979344566999941 ], [ -55.38229575299988, -27.980051146999983 ], [ -55.383513597999865, -27.980994436999879 ], [ -55.384770087, -27.984682954999869 ], [ -55.384804077999945, -27.98734841199996 ], [ -55.384818785999926, -27.988501742999915 ], [ -55.384608653999862, -27.990387052999949 ], [ -55.384459235999941, -27.991727624999839 ], [ -55.384108882999897, -27.994859481 ], [ -55.3839780859999, -27.996028698999908 ], [ -55.382964565999885, -27.998071719999928 ], [ -55.382007253999916, -28.00000143699981 ], [ -55.380905699999914, -28.001667224999892 ], [ -55.377138722999973, -28.004711305999876 ], [ -55.373602020999897, -28.009256178999863 ], [ -55.369858452999949, -28.014178801999833 ], [ -55.368651635999925, -28.019076084999938 ], [ -55.368475832999877, -28.021896194999954 ], [ -55.370462140999905, -28.028452770999934 ], [ -55.376043514999935, -28.034973247999972 ], [ -55.381601560999911, -28.039614755999878 ], [ -55.387138388999915, -28.042565216999833 ], [ -55.396093222999923, -28.048111318999986 ], [ -55.403352548999976, -28.050659095999833 ], [ -55.406015439999862, -28.051934148999919 ], [ -55.412889168999982, -28.054703561999816 ], [ -55.415991968000014, -28.056426222999903 ], [ -55.418536713999913, -28.057802256999878 ], [ -55.422277175999852, -28.060596054999849 ], [ -55.422780553999871, -28.060974400999896 ], [ -55.425302329999965, -28.065660819999948 ], [ -55.427673722999884, -28.069018171999915 ], [ -55.427897676999862, -28.069955305999827 ], [ -55.430523108999921, -28.076504110999906 ], [ -55.434405752999908, -28.082100342999922 ], [ -55.438281292999875, -28.087132742999927 ], [ -55.441963202999943, -28.093482366999922 ], [ -55.442584317000012, -28.094085007999979 ], [ -55.444975545999966, -28.097208400999932 ], [ -55.447585427805052, -28.098947518292164 ], [ -55.447859817888059, -28.099071324212446 ], [ -55.451990467999963, -28.099576916999979 ], [ -55.4553732789999, -28.099353135999934 ], [ -55.461060546999988, -28.097413853999967 ], [ -55.46358162599995, -28.096071760999962 ], [ -55.46796339999986, -28.091515608 ], [ -55.470662534999917, -28.087728893999952 ], [ -55.474837253999908, -28.08355051399991 ], [ -55.478815446, -28.080501507999884 ], [ -55.483430728999963, -28.077633430999981 ], [ -55.486384489999921, -28.077037779999898 ], [ -55.491252369, -28.077172799999971 ], [ -55.494232070999885, -28.078455592999887 ], [ -55.496791350999899, -28.079930831000013 ], [ -55.500001016999988, -28.082526189999896 ], [ -55.500633956999877, -28.08626115199985 ], [ -55.500825769999835, -28.091992239999911 ], [ -55.502656935, -28.095712025999944 ], [ -55.504666091, -28.097973274999902 ], [ -55.507416698999918, -28.10208930999994 ], [ -55.509230656999989, -28.107002532999843 ], [ -55.511071603, -28.110008864999827 ], [ -55.513189397999895, -28.112895679999838 ], [ -55.514247945999898, -28.113982081999836 ], [ -55.516935571999966, -28.114367602999948 ], [ -55.519084906999922, -28.114629240999932 ], [ -55.522985213000027, -28.11491054399994 ], [ -55.526899986999865, -28.115493384999922 ], [ -55.52897004099998, -28.115876255999979 ], [ -55.531182553999884, -28.116540815999826 ], [ -55.533164062999901, -28.117322913999942 ], [ -55.535078948999967, -28.118334840999921 ], [ -55.537023830999942, -28.119716603999848 ], [ -55.538499826999953, -28.121068192999871 ], [ -55.540087865999908, -28.122848004999867 ], [ -55.541326478999963, -28.124554801999864 ], [ -55.542633039999885, -28.126741300999868 ], [ -55.544594733999929, -28.129704560999812 ], [ -55.547233408999944, -28.133787041999824 ], [ -55.548137732999976, -28.136661023999864 ], [ -55.549016811999877, -28.141208591999884 ], [ -55.548297121999838, -28.144779613999958 ], [ -55.548242708999965, -28.148836067999866 ], [ -55.548280394999892, -28.151496517999988 ], [ -55.549219373000028, -28.154601435000018 ], [ -55.549989302999961, -28.156641832 ], [ -55.550787543999945, -28.158567023999865 ], [ -55.552030509000019, -28.160727590000022 ], [ -55.556136114999902, -28.162528222999867 ], [ -55.559223958999951, -28.163154991999875 ], [ -55.562854886999901, -28.163550895999947 ], [ -55.565924183999925, -28.161675226999989 ], [ -55.568432841999936, -28.159553334999941 ], [ -55.571959111999831, -28.157441971000026 ], [ -55.574731843999928, -28.155819324999982 ], [ -55.577433623999923, -28.154560979999872 ], [ -55.579430620999858, -28.152505256999859 ], [ -55.58142265999993, -28.151908703999879 ], [ -55.582696391999889, -28.150271584999871 ], [ -55.584679215, -28.14914905899991 ], [ -55.586775280999859, -28.147049187999983 ], [ -55.588007776999973, -28.145346885999913 ], [ -55.588841028, -28.143263594000018 ], [ -55.588834322999901, -28.141237902 ], [ -55.588347760999852, -28.138898706999896 ], [ -55.587633164999886, -28.136560582999891 ], [ -55.586867651999967, -28.134592422000026 ], [ -55.58566554399988, -28.132052642999952 ], [ -55.584665586000028, -28.129959458999849 ], [ -55.583796376999942, -28.127734173999954 ], [ -55.583570040999973, -28.12558877299989 ], [ -55.584042139999951, -28.123598125999933 ], [ -55.58524312499992, -28.120223561999978 ], [ -55.588499609, -28.118105859999901 ], [ -55.589031116, -28.117954891999943 ], [ -55.590530069999943, -28.117529131999959 ], [ -55.592732468, -28.117469166999967 ], [ -55.594883188999972, -28.116984226 ], [ -55.600098160999892, -28.116207517999953 ], [ -55.604153295999879, -28.115282367999953 ], [ -55.606298090999871, -28.116130686999895 ], [ -55.608398085999909, -28.116527462999954 ], [ -55.610436276999963, -28.117527124999981 ], [ -55.612195889999896, -28.119041588999949 ], [ -55.613671743999873, -28.120778681999809 ], [ -55.615010683999913, -28.12266552899996 ], [ -55.616321776999939, -28.124477044 ], [ -55.616421361, -28.124614636999922 ], [ -55.618253991000017, -28.128674857999897 ], [ -55.620236665999926, -28.137543990999916 ], [ -55.620377843999904, -28.141229701999862 ], [ -55.62025880199991, -28.145750107999959 ], [ -55.62085146599992, -28.149500693999869 ], [ -55.621036157999924, -28.151598980000017 ], [ -55.622025737, -28.154957900999932 ], [ -55.623845677999952, -28.159870749 ], [ -55.624725971999851, -28.16488990299996 ], [ -55.62655356, -28.16932712800002 ], [ -55.626610052999865, -28.170933463999972 ], [ -55.629191912999886, -28.173767817999931 ], [ -55.630809098999862, -28.175361991999921 ], [ -55.632252902999937, -28.176785251000013 ], [ -55.634889250000015, -28.178612002999898 ], [ -55.637457283999879, -28.179150584999945 ], [ -55.641956528999913, -28.17998211999992 ], [ -55.644353895999927, -28.180497881999884 ], [ -55.648880598999938, -28.181595655999843 ], [ -55.652103987999908, -28.182483734999892 ], [ -55.653957241999876, -28.183248424 ], [ -55.656069172, -28.184453701999814 ], [ -55.658268107999959, -28.186090304999937 ], [ -55.660000649999859, -28.187728682999875 ], [ -55.661496454999906, -28.189493510999966 ], [ -55.664125509999906, -28.191660732999878 ], [ -55.667177842999877, -28.195269942999914 ], [ -55.669356852999954, -28.197498183999983 ], [ -55.671818077000012, -28.199530509999988 ], [ -55.673665397999912, -28.201053684999806 ], [ -55.676386191999882, -28.203369398 ], [ -55.678700426999967, -28.205479056999877 ], [ -55.680207978, -28.207006346000014 ], [ -55.681683420999946, -28.208558843999867 ], [ -55.683926668000026, -28.210893680999959 ], [ -55.685406974999921, -28.212302693000026 ], [ -55.687397832999977, -28.21403106899993 ], [ -55.68946591699995, -28.215669255999956 ], [ -55.691621637999958, -28.217213317999892 ], [ -55.693910606764746, -28.218695969152066 ], [ -55.713505643883764, -28.213342510421455 ], [ -55.714758535440694, -28.213455093504137 ], [ -55.716460048501688, -28.213519318612612 ], [ -55.719824829390802, -28.213068875414251 ], [ -55.723002420974012, -28.213408840296381 ], [ -55.72300835659604, -28.213413124167062 ], [ -55.723135183946795, -28.213423154565589 ], [ -55.723141775723093, -28.213426610937574 ], [ -55.74441075630682, -28.196010335440235 ], [ -55.746052094177685, -28.196394268113636 ], [ -55.752519503869166, -28.197925441156656 ], [ -55.75348376377633, -28.200059146271201 ], [ -55.753943410501392, -28.20356967610968 ], [ -55.756792264677586, -28.210457968975106 ], [ -55.756900898082165, -28.210714479332694 ], [ -55.757588832486135, -28.211338553394 ], [ -55.76852316117197, -28.222303316388889 ], [ -55.774008808310839, -28.225863554632951 ], [ -55.775009371954923, -28.226244718109456 ], [ -55.775009755617702, -28.226295350563589 ], [ -55.774839265491778, -28.226355848721539 ], [ -55.774843752609229, -28.226405464991899 ], [ -55.77897341837803, -28.229361600995105 ], [ -55.780784883145657, -28.230211707053343 ], [ -55.781689137942635, -28.230619442398336 ], [ -55.782522634880536, -28.230788450498551 ], [ -55.782652804144959, -28.230842408440026 ], [ -55.78270312002121, -28.230817687533545 ], [ -55.782704961556306, -28.230798213631715 ], [ -55.78271603796037, -28.23073049386295 ], [ -55.782729405601401, -28.230730045720804 ], [ -55.782918750193687, -28.230615531242279 ], [ -55.782992909970062, -28.23053116922722 ], [ -55.783137640580492, -28.230659834859694 ], [ -55.783314408252636, -28.230792790162013 ], [ -55.783301164034299, -28.230807051818147 ], [ -55.783315524573993, -28.23082038804273 ], [ -55.783902612477618, -28.231312113834178 ], [ -55.784359059667054, -28.230844468215309 ], [ -55.784392042380716, -28.230813260515276 ], [ -55.784394963500858, -28.230813128419925 ], [ -55.784471215765961, -28.230811229957737 ], [ -55.784516601773532, -28.230848186088963 ], [ -55.785052908783086, -28.231323759994325 ], [ -55.785069806846934, -28.231305719077795 ], [ -55.785092657314237, -28.231326695787061 ], [ -55.785376647875182, -28.231032149209966 ], [ -55.785668019286788, -28.230743070632457 ], [ -55.785687022900049, -28.230718412162105 ], [ -55.786139438703117, -28.230255787023339 ], [ -55.786157010525585, -28.230272144735238 ], [ -55.786421868377147, -28.229986034378157 ], [ -55.786419679113067, -28.229931835783304 ], [ -55.787014964986042, -28.229305881916957 ], [ -55.787185498644419, -28.229121658054567 ], [ -55.78822454618637, -28.227989036425527 ], [ -55.788292219636958, -28.22796922202707 ], [ -55.788292422577115, -28.227977904846341 ], [ -55.788658177874822, -28.227585708078834 ], [ -55.788415400836413, -28.227510781628609 ], [ -55.788403304445694, -28.227501952718058 ], [ -55.788391897378915, -28.227517663306173 ], [ -55.788370280923914, -28.227472629363717 ], [ -55.788250063903661, -28.227401484599795 ], [ -55.78832649602225, -28.227347078364005 ], [ -55.789133879620806, -28.226641540468222 ], [ -55.788685227940391, -28.226238916389832 ], [ -55.789766123274035, -28.225974618399846 ], [ -55.789822960143852, -28.225960866318474 ], [ -55.791595942568165, -28.225442339981669 ], [ -55.793783153249365, -28.226336714510239 ], [ -55.79377757109944, -28.22634918860075 ], [ -55.792462841796407, -28.229822618172761 ], [ -55.795994191909983, -28.22988628110329 ], [ -55.796044571469793, -28.229894755673627 ], [ -55.804980022074233, -28.228164989451898 ], [ -55.808227955602661, -28.217063770119864 ], [ -55.808829061786298, -28.213801595622556 ], [ -55.8124060003625, -28.208671232261395 ], [ -55.816469079680644, -28.205558822070429 ], [ -55.815875103005965, -28.205031331785733 ], [ -55.815876498937143, -28.204983323774115 ], [ -55.817850977480759, -28.202508541882878 ], [ -55.822506148679111, -28.198361915973294 ], [ -55.822540590961751, -28.198396427313298 ], [ -55.82257637442649, -28.198356074457138 ], [ -55.823364460380674, -28.197501900986992 ], [ -55.839470932832228, -28.182515433887488 ], [ -55.858358567876053, -28.17727982258674 ], [ -55.865703235873241, -28.176789696932985 ], [ -55.868625468581058, -28.192041163569058 ], [ -55.865419677240993, -28.209547067307483 ], [ -55.847313788008307, -28.238458058904143 ], [ -55.850481500489423, -28.255808731171385 ], [ -55.858930778795866, -28.273097094494062 ], [ -55.859595683066345, -28.273142196987351 ], [ -55.859627720296032, -28.273091907679031 ], [ -55.859642246879446, -28.273104795417794 ], [ -55.860977164728752, -28.273103383562386 ], [ -55.864795497849002, -28.270266424556269 ], [ -55.864826630231448, -28.270259679758908 ], [ -55.864857703743382, -28.270253699279863 ], [ -55.871175283851073, -28.272010909026903 ], [ -55.867978302670224, -28.267377485065708 ], [ -55.867947890323194, -28.267349391498499 ], [ -55.867472346083105, -28.265943918097264 ], [ -55.873476290285737, -28.262735345539227 ], [ -55.888774666564188, -28.253352098650737 ], [ -55.888820138301071, -28.253356982554862 ], [ -55.919973324006492, -28.277135743885253 ], [ -55.921985149828174, -28.280783944801442 ], [ -55.92205539421235, -28.28080471696552 ], [ -55.922153532003563, -28.280930267698977 ], [ -55.922157056252047, -28.280934985659769 ], [ -55.922170356943241, -28.280938559816207 ], [ -55.922986632015579, -28.281109938034831 ], [ -55.937837745812601, -28.298063207551877 ], [ -55.942064433175119, -28.315896050196216 ], [ -55.942144432258772, -28.315833145174111 ], [ -55.976817665979468, -28.327133851100996 ], [ -56.021154927067982, -28.340196862206426 ], [ -56.039515650938711, -28.331349069103965 ], [ -56.039555500598624, -28.331289605299617 ], [ -56.040913330342732, -28.315186500741902 ], [ -56.040991889672455, -28.315087059653592 ], [ -56.041054183268329, -28.315150145226937 ], [ -56.041053869116126, -28.315150491271197 ], [ -56.041070821439064, -28.315210514365162 ], [ -56.041070419634877, -28.315211128331214 ], [ -56.041074761788025, -28.315259882260193 ], [ -56.041074760984316, -28.315260493074163 ], [ -56.041013254343, -28.331107792795535 ], [ -56.048416936636386, -28.330802322102954 ], [ -56.04845663320242, -28.330822308094582 ], [ -56.05444185027477, -28.330886558127645 ], [ -56.054486316084194, -28.330921487348917 ], [ -56.056135992738064, -28.340015909076158 ], [ -56.057189554771696, -28.341941721114097 ], [ -56.05867555856554, -28.34465800236228 ], [ -56.058675652490251, -28.344678928118981 ], [ -56.061352096216638, -28.346695073833644 ], [ -56.061593413802257, -28.346953963055398 ], [ -56.070824864590691, -28.348538196346112 ], [ -56.070832966543662, -28.348525817648579 ], [ -56.07165122388875, -28.348252836341487 ], [ -56.071654643504814, -28.348244312695897 ], [ -56.073251465996464, -28.349768451739749 ], [ -56.073581409795679, -28.350851434199171 ], [ -56.072508666740021, -28.35127703948001 ], [ -56.062794281635604, -28.351985471294711 ], [ -56.06462685548064, -28.359663703994386 ], [ -56.065110041138382, -28.362070856439686 ], [ -56.070862656967279, -28.371648098918911 ], [ -56.073571128002015, -28.381034857729276 ], [ -56.073575122995351, -28.381040093264005 ], [ -56.075575466525265, -28.38185734794979 ], [ -56.076060907909152, -28.381640037930936 ], [ -56.104244861360655, -28.43160945038818 ], [ -56.104072914389349, -28.431946892482529 ], [ -56.104075167941289, -28.431953195493293 ], [ -56.105278072110707, -28.43333769256185 ], [ -56.10528010892142, -28.433341859301038 ], [ -56.108242487862128, -28.451457550262148 ], [ -56.108270906883831, -28.451404820388177 ], [ -56.108299466269045, -28.451424075252021 ], [ -56.117384085257129, -28.432558964663485 ], [ -56.132495772402933, -28.401308397806133 ], [ -56.132535581606135, -28.401293976437501 ], [ -56.133544332933354, -28.400727476282782 ], [ -56.136208775138073, -28.396530027628614 ], [ -56.167118765705141, -28.388555742520282 ], [ -56.167147900196937, -28.388546013396592 ], [ -56.188415644694715, -28.333408821975468 ], [ -56.187051145753344, -28.265354775379819 ], [ -56.208393887405123, -28.254567815254916 ], [ -56.207592280210633, -28.252872102655999 ], [ -56.207637107679034, -28.252832002242656 ], [ -56.220583670142275, -28.233176531421179 ], [ -56.226928868049129, -28.222098411660852 ], [ -56.237596786827226, -28.206935124617132 ], [ -56.237648487809224, -28.206887038726904 ], [ -56.240867638243003, -28.205021993293258 ], [ -56.241678063333154, -28.200471054792104 ], [ -56.237231669209507, -28.200387329218245 ], [ -56.237230369387191, -28.200364641349267 ], [ -56.233223869872234, -28.200464518948593 ], [ -56.233173738894266, -28.200415847691147 ], [ -56.231971828361225, -28.200505049453682 ], [ -56.231990286613893, -28.200561349903751 ], [ -56.23199174606907, -28.20056276686222 ], [ -56.231920972543151, -28.20053630466407 ], [ -56.232531672283642, -28.201557939376016 ], [ -56.233160330909243, -28.205944262804337 ], [ -56.233155350752213, -28.205982342245704 ], [ -56.223865407516314, -28.211426906247937 ], [ -56.225654363147044, -28.203349219611823 ], [ -56.225657936614596, -28.203280759981681 ], [ -56.223947803518683, -28.20130413883561 ], [ -56.21796594648896, -28.194208415757998 ], [ -56.214693954659026, -28.188058269940996 ], [ -56.22704494117238, -28.158858493486719 ], [ -56.235012541378296, -28.163471169313254 ], [ -56.244238877259932, -28.163733624817553 ], [ -56.254870713162973, -28.166107332603247 ], [ -56.254912557310149, -28.16611154923811 ], [ -56.289576552121048, -28.108310111961146 ], [ -56.324498192963119, -28.085615052666185 ], [ -56.324523866332811, -28.085603709588497 ], [ -56.328117411182461, -28.082958819391592 ], [ -56.336428174353387, -28.081108319431507 ], [ -56.335454534259327, -28.065343582466994 ], [ -56.337994514720833, -28.023112771795638 ], [ -56.376464825884682, -28.012507156636559 ], [ -56.376495639377708, -28.012494045086044 ], [ -56.377034206261499, -28.012356304982177 ], [ -56.398654774520594, -28.026671221363699 ], [ -56.437814378603662, -28.062898931856978 ], [ -56.441508582796757, -28.063703524331402 ], [ -56.441510615727282, -28.063702620555318 ], [ -56.448342975568494, -28.064768935193513 ], [ -56.510126389844515, -28.067746993129333 ], [ -56.510142782944968, -28.067768024460122 ], [ -56.517964167673483, -28.069994740324887 ], [ -56.517983350502504, -28.070017086969074 ], [ -56.613260827889462, -28.080812109760018 ], [ -56.637404250955228, -28.08642573925033 ], [ -56.645989538269362, -28.083985720211786 ], [ -56.64600999858709, -28.084010304188666 ], [ -56.65142470206581, -28.088948316445908 ], [ -56.653671747686872, -28.089873005155425 ], [ -56.653690414258165, -28.089904133984646 ], [ -56.655573667836052, -28.091857203256268 ], [ -56.655941056183451, -28.092600836889972 ], [ -56.65596205156362, -28.092636167679643 ], [ -56.65640615394625, -28.093535773200017 ], [ -56.657771140632121, -28.094804693453057 ], [ -56.658166501056712, -28.097951423117138 ], [ -56.658628418123101, -28.097971767746742 ], [ -56.658545171991932, -28.098120187315544 ], [ -56.658546942433873, -28.098123348197134 ], [ -56.659946181893929, -28.098657520082554 ], [ -56.663819059251409, -28.10000862414779 ], [ -56.664064633266378, -28.100091732962142 ], [ -56.664118005759406, -28.100122822981746 ], [ -56.664790269283799, -28.09847727452717 ], [ -56.667944675564058, -28.090844279093062 ], [ -56.66811264592593, -28.089790506674206 ], [ -56.668115347863193, -28.089780898062372 ], [ -56.666900530686746, -28.085063270729847 ], [ -56.66693377430704, -28.085071824656666 ], [ -56.666106471393562, -28.083180732307085 ], [ -56.665847160606063, -28.082314371940697 ], [ -56.668602904676959, -28.077267723242585 ], [ -56.702289773203461, -28.042364179019557 ], [ -56.767457740305929, -27.975495119890695 ], [ -56.871873160230564, -27.898932411951307 ], [ -56.887926236026715, -27.856430119648792 ], [ -56.887935794538748, -27.856421225472218 ], [ -56.889828774053399, -27.853854117769231 ], [ -56.889984161188181, -27.851499003349772 ], [ -56.889971258551725, -27.851487095903451 ], [ -56.90002229255964, -27.83424281587412 ], [ -56.916108037683387, -27.839211437511153 ], [ -56.916113792498209, -27.839230901840153 ], [ -56.933245132225295, -27.834814053692469 ], [ -56.948859741956028, -27.828371006204861 ], [ -56.988210454800139, -27.845328597882201 ], [ -56.988237945273681, -27.845396748461155 ], [ -56.992580452634172, -27.848707177734639 ], [ -56.996917085557584, -27.842973050667979 ], [ -56.996923934054735, -27.842962638950326 ], [ -56.995522531502502, -27.841665680006372 ], [ -56.995491950551127, -27.841653745313579 ], [ -56.996653094369833, -27.836116418712493 ], [ -57.003883551252216, -27.830624782916345 ], [ -57.0258684159175, -27.828851726186087 ], [ -57.064036775117586, -27.832337304923385 ], [ -57.067781951504003, -27.831682536247342 ], [ -57.181133435531194, -27.714959866831919 ], [ -57.18113051890623, -27.714956845436973 ], [ -57.187018725916005, -27.70880013284193 ], [ -57.187362963660803, -27.708361638718543 ], [ -57.188378850517665, -27.707879033008737 ], [ -57.188742916545209, -27.708060205295226 ], [ -57.189040063899142, -27.708406276117103 ], [ -57.189210749808183, -27.708605064332232 ], [ -57.189212692726926, -27.70860755608669 ], [ -57.190483768448814, -27.708912992711475 ], [ -57.191749361987718, -27.709667441967269 ], [ -57.191752512228391, -27.709672677344713 ], [ -57.19996095888888, -27.714434435624526 ], [ -57.240521174974219, -27.737114570453912 ], [ -57.243270755448748, -27.73865373150619 ], [ -57.248702989342291, -27.742035972243627 ], [ -57.248742236902274, -27.742091993147028 ], [ -57.250471539601335, -27.743166918979114 ], [ -57.250527557897726, -27.740918295790721 ], [ -57.250536512400856, -27.740897512088679 ], [ -57.250551510223204, -27.740877061362085 ], [ -57.249585019860262, -27.740260827718032 ], [ -57.249535167639067, -27.740239348631007 ], [ -57.248731076671675, -27.737629775654341 ], [ -57.24872347404812, -27.737585546794492 ], [ -57.247644230224068, -27.735600011461543 ], [ -57.247633764233512, -27.735581747715287 ], [ -57.247568573658782, -27.735405476926644 ], [ -57.247656810947262, -27.73488579281792 ], [ -57.247658777730351, -27.734857508213679 ], [ -57.247684211833189, -27.734894330053748 ], [ -57.247705822532112, -27.734866113059923 ], [ -57.247933010758459, -27.734621772296236 ], [ -57.247863907324472, -27.734609132761307 ], [ -57.248744788648878, -27.733538054332712 ], [ -57.248728691521421, -27.733522758869015 ], [ -57.246445226314393, -27.729465752361591 ], [ -57.245792124555749, -27.705951926152409 ], [ -57.245799359160117, -27.705932591979661 ], [ -57.248731964150522, -27.705680627337529 ], [ -57.247278005449004, -27.703083481930207 ], [ -57.247277962664214, -27.703059731777216 ], [ -57.250864110579641, -27.699388302778004 ], [ -57.250867318889163, -27.699374356335795 ], [ -57.251964809373817, -27.696993216443332 ], [ -57.252024885949425, -27.691475553346493 ], [ -57.268221349483326, -27.582896042978746 ], [ -57.268210497844905, -27.582873633513941 ], [ -57.265821797506135, -27.584151279569312 ], [ -57.265807138924288, -27.584129147457702 ], [ -57.268924225003616, -27.579927013329836 ], [ -57.268909929348183, -27.579907841598072 ], [ -57.273700720124452, -27.561248430632418 ], [ -57.273700312116603, -27.561230493067455 ], [ -57.268461472070555, -27.557906644470734 ], [ -57.282711086879203, -27.542759518296577 ], [ -57.282686402014917, -27.542708480895101 ], [ -57.282743729256367, -27.542705100364401 ], [ -57.282730839280589, -27.542648654431389 ], [ -57.289857783437299, -27.53505608310553 ], [ -57.298420213930569, -27.52270062771322 ], [ -57.300680810961467, -27.518721310770388 ], [ -57.299568917020565, -27.517282832918283 ], [ -57.301336785450303, -27.508944772090729 ], [ -57.306587254966814, -27.48418118686692 ], [ -57.306602447417049, -27.484138515415623 ], [ -57.327198320641912, -27.460104859904277 ], [ -57.328198339547725, -27.456954156886809 ], [ -57.328250028529794, -27.456912881225321 ], [ -57.336915915879274, -27.448826234659464 ], [ -57.343779529456583, -27.445281104727599 ], [ -57.344274664240061, -27.44452394301959 ], [ -57.344333838956231, -27.444438981919234 ], [ -57.344348967545102, -27.444432178795125 ], [ -57.344371459878687, -27.444237635200807 ], [ -57.34438676242263, -27.444225997508397 ], [ -57.344480258545218, -27.444225259455038 ], [ -57.344492279516714, -27.444211832662404 ], [ -57.344473384930893, -27.444129672206088 ], [ -57.344554011043897, -27.444101641483826 ], [ -57.344931100787505, -27.443549546982581 ], [ -57.345116184406777, -27.443382141060226 ], [ -57.345125656584571, -27.443372037089773 ], [ -57.353091969712409, -27.440504151445509 ], [ -57.345178474810837, -27.436906641382052 ], [ -57.345131470187937, -27.436867207357921 ], [ -57.345018890857034, -27.436761921171069 ], [ -57.344995632873292, -27.436742348647897 ], [ -57.344088402150078, -27.435831745929931 ], [ -57.34365235974326, -27.435564214256317 ], [ -57.342501533623704, -27.437009836503933 ], [ -57.342498439239023, -27.437014120945605 ], [ -57.342408787860165, -27.437082710332675 ], [ -57.342334856882303, -27.437092787436029 ], [ -57.342316609241834, -27.437115758031666 ], [ -57.34193061637751, -27.437275830504177 ], [ -57.342070095285465, -27.437126975039405 ], [ -57.342127990482993, -27.437064614669737 ], [ -57.341948493620578, -27.436962260350867 ], [ -57.339483733014276, -27.435562672153367 ], [ -57.339412359873734, -27.435372937128932 ], [ -57.339385223183172, -27.435276192907509 ], [ -57.339335472900075, -27.435098829629396 ], [ -57.339213845624499, -27.434665209811669 ], [ -57.339239327747691, -27.434919091864742 ], [ -57.339266528038138, -27.435441268689544 ], [ -57.339270962985324, -27.435506603239673 ], [ -57.339272616401558, -27.435530960961444 ], [ -57.33927385990421, -27.435549280323471 ], [ -57.339273020056282, -27.435565903413931 ], [ -57.337649089268837, -27.4373195027826 ], [ -57.33726780483795, -27.437733361501785 ], [ -57.33761353933312, -27.437932786299825 ], [ -57.338498846284779, -27.438439326924197 ], [ -57.339923475078137, -27.439254465842339 ], [ -57.339984355146839, -27.439544779170546 ], [ -57.339992687116705, -27.439598296313363 ], [ -57.339995836599087, -27.439618525393655 ], [ -57.340109733690554, -27.440191551347709 ], [ -57.340127537552405, -27.440302671362417 ], [ -57.340135574421367, -27.440352831647203 ], [ -57.340143106954997, -27.440399844237561 ], [ -57.340269234716629, -27.441057597765393 ], [ -57.340293325477489, -27.441204934136238 ], [ -57.340303971798903, -27.441270045125009 ], [ -57.340305195039718, -27.441293498101174 ], [ -57.340288511353037, -27.441354725658243 ], [ -57.339886682855422, -27.441450691916657 ], [ -57.339899883584735, -27.440662816802899 ], [ -57.339914428495774, -27.439794653288914 ], [ -57.339764744792319, -27.439874618867066 ], [ -57.336819968665282, -27.438464463293087 ], [ -57.336808309919491, -27.438466623586351 ], [ -57.336741607238878, -27.438475886682795 ], [ -57.336422595194904, -27.438277013741924 ], [ -57.335890473426275, -27.437937410485802 ], [ -57.335900840186071, -27.437923193835104 ], [ -57.334259213305245, -27.436858082377967 ], [ -57.334244834695937, -27.436847872639021 ], [ -57.334188640827904, -27.437634583195802 ], [ -57.334042137598431, -27.437722758307302 ], [ -57.334054025820478, -27.437786177532303 ], [ -57.331206182274514, -27.440865759725739 ], [ -57.330415269439754, -27.440475864147857 ], [ -57.32865620807695, -27.441212582257833 ], [ -57.322782275465784, -27.44162430380544 ], [ -57.319086026177615, -27.443623699067246 ], [ -57.311202954471639, -27.445495142810955 ], [ -57.307918791169527, -27.447631820256845 ], [ -57.307892131588574, -27.447649349733126 ], [ -57.293147356905934, -27.447515208883942 ], [ -57.292667155385743, -27.447231935831553 ], [ -57.275715334544714, -27.452047244544985 ], [ -57.265933286572363, -27.44206990572161 ], [ -57.264904111000021, -27.44272644900002 ], [ -57.260736017999875, -27.445013816999904 ], [ -57.253213118000019, -27.448724435999964 ], [ -57.249553328, -27.450655992 ], [ -57.246046029999889, -27.45304502099998 ], [ -57.243860322999865, -27.455332388999864 ], [ -57.242640392999817, -27.457924739999953 ], [ -57.241013819999978, -27.460517090999872 ], [ -57.239872305999938, -27.461824308999837 ], [ -57.237862334999988, -27.464126049999948 ], [ -57.234355036999887, -27.466820061000021 ], [ -57.230695248000018, -27.468802446999803 ], [ -57.225408884999808, -27.470378189999906 ], [ -57.220884978999777, -27.470632341999874 ], [ -57.214327856999887, -27.471343966999939 ], [ -57.207410147999951, -27.472862699000018 ], [ -57.186371132999909, -27.476274516999979 ], [ -57.182192306999923, -27.476479243999847 ], [ -57.180683357999953, -27.476806906999968 ], [ -57.17765876399983, -27.477463685999965 ], [ -57.16508446, -27.480223978999902 ], [ -57.160381423999979, -27.481715737999878 ], [ -57.157194479999987, -27.48196752199982 ], [ -57.153585520999911, -27.482374164999896 ], [ -57.151247321999961, -27.48166254 ], [ -57.149519088999966, -27.481306726999946 ], [ -57.147587532999864, -27.481459217999884 ], [ -57.145960959999911, -27.482882469999936 ], [ -57.144710104999888, -27.485403517 ], [ -57.143012796999869, -27.487304715 ], [ -57.139861310999891, -27.489388761999862 ], [ -57.136506504999886, -27.490761182999904 ], [ -57.133964983999988, -27.491777791 ], [ -57.130502557999876, -27.491938509999898 ], [ -57.126340422999931, -27.492031942999802 ], [ -57.123290598999745, -27.492845228999954 ], [ -57.120547723999891, -27.493446177999942 ], [ -57.119248599999878, -27.493403476999958 ], [ -57.112689091, -27.491262805999952 ], [ -57.111138368000013, -27.49023346499996 ], [ -57.108448119999935, -27.487457205999931 ], [ -57.106008260999943, -27.486186445999863 ], [ -57.1017893369999, -27.484661533999883 ], [ -57.094825570999888, -27.483899077999865 ], [ -57.086432090999949, -27.484175281999967 ], [ -57.08577280399993, -27.484116815999926 ], [ -57.072253071999967, -27.483409242999926 ], [ -57.068851233999965, -27.482069182999908 ], [ -57.062680518999855, -27.48170616799996 ], [ -57.060203071999922, -27.481265398999824 ], [ -57.047756780999805, -27.481150198999899 ], [ -57.039455566999948, -27.480676779999897 ], [ -57.036472264999929, -27.480595100999949 ], [ -57.034313986999962, -27.481817911999883 ], [ -57.032876675999887, -27.482363416999988 ], [ -57.029813482, -27.484509042999889 ], [ -57.027119469999946, -27.485678141999983 ], [ -57.022646393999878, -27.486593088999825 ], [ -57.017365123999866, -27.486382486999901 ], [ -57.011710619999747, -27.487094774999946 ], [ -57.004754090999938, -27.489388761999862 ], [ -57.000484336999989, -27.490812012999868 ], [ -56.997536173999947, -27.490862842999888 ], [ -56.99524880499996, -27.490252877999865 ], [ -56.991334863999953, -27.491472807999912 ], [ -56.988640851999889, -27.492591076999986 ], [ -56.984726910999882, -27.492896059999907 ], [ -56.979926796999905, -27.49338955099995 ], [ -56.974306677999948, -27.495234257999925 ], [ -56.96963028, -27.497928269999875 ], [ -56.965665508999962, -27.502045532999944 ], [ -56.965222531, -27.503315272 ], [ -56.964547239999888, -27.504892034999898 ], [ -56.962819005999904, -27.509110958999941 ], [ -56.961580038999955, -27.514158413999837 ], [ -56.961344923999889, -27.520039496999914 ], [ -56.959718350999935, -27.524665063999919 ], [ -56.957583473999875, -27.529087308999976 ], [ -56.95453364999986, -27.533052080999823 ], [ -56.953205656000023, -27.534566824000024 ], [ -56.951280503999897, -27.5367627 ], [ -56.949298118, -27.540269997999928 ], [ -56.948078187999897, -27.545810512999878 ], [ -56.946959919, -27.550486909999904 ], [ -56.94528251600002, -27.553841717000012 ], [ -56.942232691000015, -27.558314793000022 ], [ -56.936641346999863, -27.562889528999904 ], [ -56.931914118999885, -27.566600148999953 ], [ -56.927593533999811, -27.569497481999974 ], [ -56.924340388000019, -27.57102239399984 ], [ -56.920142059999932, -27.57139268099985 ], [ -56.916766657999972, -27.571886510999946 ], [ -56.913361020999844, -27.573716405999903 ], [ -56.910412856999869, -27.576461247999987 ], [ -56.908298863000027, -27.578525929000023 ], [ -56.906498915999862, -27.581239305999929 ], [ -56.903144108999925, -27.585153246999937 ], [ -56.900043453999899, -27.586983141999895 ], [ -56.896586985999988, -27.588813035999863 ], [ -56.891148133, -27.590947912999866 ], [ -56.884540179999931, -27.593082790999915 ], [ -56.878593023, -27.595420988999933 ], [ -56.873001677999866, -27.597505035999802 ], [ -56.870561817999942, -27.59821666199997 ], [ -56.864767152000013, -27.599589083000012 ], [ -56.861717327999941, -27.60030070800002 ], [ -56.858413351000024, -27.60192728099986 ], [ -56.855261865999864, -27.604112988999873 ], [ -56.853279479999969, -27.605231257999947 ], [ -56.849263877999988, -27.606298695999897 ], [ -56.845095784999899, -27.60640035699987 ], [ -56.841639316999988, -27.605942882999841 ], [ -56.838132018999886, -27.605688730999873 ], [ -56.835234685999865, -27.605688730999873 ], [ -56.832642334999889, -27.605942882999841 ], [ -56.829236697999931, -27.605383748999941 ], [ -56.825729399999886, -27.604265479999981 ], [ -56.820595528999831, -27.602181432999942 ], [ -56.816630756999871, -27.599334930999873 ], [ -56.814495879999981, -27.597505035999802 ], [ -56.812310172999901, -27.595751387 ], [ -56.807684605999896, -27.593209866999871 ], [ -56.803923155999883, -27.591481632999887 ], [ -56.800822500999914, -27.589600907999966 ], [ -56.797925168, -27.587974335000013 ], [ -56.795891950999987, -27.586957727000026 ], [ -56.794062057000019, -27.586856065999882 ], [ -56.790758079999932, -27.587161047999871 ], [ -56.787250782, -27.588025164999976 ], [ -56.782981027999881, -27.589855059999934 ], [ -56.779168747999904, -27.591989936999823 ], [ -56.775356466999881, -27.59483644 ], [ -56.770375087999923, -27.598242076999952 ], [ -56.767376093999928, -27.59900453299997 ], [ -56.764377099999876, -27.599970310999936 ], [ -56.759192397999868, -27.601749374999883 ], [ -56.755075134999913, -27.602918473999978 ], [ -56.750957871999958, -27.60378259099997 ], [ -56.747196421999945, -27.605002521000017 ], [ -56.743231650999917, -27.605002520999847 ], [ -56.737386153999864, -27.603731760999949 ], [ -56.730879861999938, -27.601596883999889 ], [ -56.727067580999915, -27.600275292999868 ], [ -56.725136025999859, -27.59951283699985 ], [ -56.723611114, -27.598597889999894 ], [ -56.722035371, -27.597327129 ], [ -56.719463367, -27.593595392999873 ], [ -56.717409804, -27.591379971999913 ], [ -56.715071605, -27.588990942999942 ], [ -56.710242717000028, -27.585737796999979 ], [ -56.706430435999891, -27.583501258999945 ], [ -56.703634763999958, -27.582840463999958 ], [ -56.698495963999846, -27.581933363999894 ], [ -56.695857711999963, -27.581417211999906 ], [ -56.692553734999876, -27.580146452 ], [ -56.689198928999872, -27.579028182999934 ], [ -56.685996612999929, -27.576944136999884 ], [ -56.683505922999814, -27.574555106999924 ], [ -56.681421875999888, -27.571403621999934 ], [ -56.680456098999912, -27.569675387999951 ], [ -56.67908367799987, -27.566879716000017 ], [ -56.677863748, -27.563270757 ], [ -56.677355443999943, -27.560017610999864 ], [ -56.677457104999917, -27.557120277999957 ], [ -56.676745478999919, -27.553511318999938 ], [ -56.676542156999972, -27.550512324999886 ], [ -56.677101291999975, -27.548682430999918 ], [ -56.679286998999885, -27.54609008 ], [ -56.681421875999888, -27.544158523999954 ], [ -56.683963397000014, -27.5418711559999 ], [ -56.687840065999865, -27.538870600999871 ], [ -56.688357224999947, -27.538314686999968 ], [ -56.691333805999932, -27.536788114999865 ], [ -56.694027817, -27.534449917000018 ], [ -56.697077642000011, -27.531196770999884 ], [ -56.698246740999934, -27.529824349999842 ], [ -56.700127466000026, -27.527028676999805 ], [ -56.701042412999868, -27.524487156999839 ], [ -56.70236400399989, -27.521945636999874 ], [ -56.703300460999913, -27.519307182999967 ], [ -56.704244728999981, -27.516760934999979 ], [ -56.704702201999908, -27.514931041000011 ], [ -56.704854694, -27.51152540399994 ], [ -56.704905524000026, -27.509288865999906 ], [ -56.705413827999905, -27.507408140999985 ], [ -56.706074622999949, -27.506289872000025 ], [ -56.707345383999836, -27.504612467999948 ], [ -56.708717804999878, -27.503189216999886 ], [ -56.711056002999896, -27.501918456999988 ], [ -56.713495863, -27.500800187999914 ], [ -56.715071605, -27.499732748999804 ], [ -56.716037382999957, -27.498716140999875 ], [ -56.717053990999887, -27.496937076999927 ], [ -56.72040879799988, -27.485601896 ], [ -56.721679557999892, -27.480620515999931 ], [ -56.72137457599996, -27.475130832999923 ], [ -56.721357864999902, -27.472042088999899 ], [ -56.721272914999986, -27.469793639999921 ], [ -56.721069592999868, -27.468217896999931 ], [ -56.72035796799986, -27.466896307000013 ], [ -56.71878222499987, -27.464558108 ], [ -56.715783230999875, -27.46227074 ], [ -56.713038388999962, -27.460440844999937 ], [ -56.709175277999805, -27.458356797999897 ], [ -56.707091231999868, -27.457492682 ], [ -56.704041406999863, -27.457187698999974 ], [ -56.70190652999986, -27.457136868999953 ], [ -56.6992125189999, -27.456882716999985 ], [ -56.696366016000013, -27.456069430000014 ], [ -56.69367200399995, -27.455154482999887 ], [ -56.691740449, -27.454697008999972 ], [ -56.691028823000011, -27.454341195999916 ], [ -56.689758062999942, -27.454341195999916 ], [ -56.688843115999816, -27.454544517999864 ], [ -56.687928167999871, -27.455866108999885 ], [ -56.687318203999951, -27.457746833999977 ], [ -56.686504916999979, -27.45886510299988 ], [ -56.685081665999917, -27.460237523999922 ], [ -56.681777689, -27.46206741799989 ], [ -56.678061690999868, -27.463529232999861 ], [ -56.676796308999883, -27.463389008999911 ], [ -56.674966414999801, -27.462524891999806 ], [ -56.672831537999912, -27.461559114000011 ], [ -56.671306625999875, -27.461355791999893 ], [ -56.668612613999983, -27.461152470999934 ], [ -56.66642690599997, -27.461559114000011 ], [ -56.663377081999954, -27.461864096999932 ], [ -56.659920613999873, -27.461762435999958 ], [ -56.654939234999915, -27.461457452999866 ], [ -56.65183857999989, -27.461152470999934 ], [ -56.649602041999913, -27.460796658 ], [ -56.648483772999839, -27.459983371000021 ], [ -56.647060521999947, -27.458153476999883 ], [ -56.646247234999976, -27.456425242999956 ], [ -56.645484778999958, -27.455357804000016 ], [ -56.643604053999866, -27.454341195999916 ], [ -56.640808381999932, -27.45337541899994 ], [ -56.636843609999971, -27.451698014999977 ], [ -56.634352920000026, -27.450223932999961 ], [ -56.631658908999896, -27.448495699999967 ], [ -56.626779189999809, -27.445242554 ], [ -56.624085177999859, -27.44351432000002 ], [ -56.622356943999932, -27.442141898999864 ], [ -56.620018744999925, -27.44092196899993 ], [ -56.616613107999854, -27.438329618000012 ], [ -56.614529061999917, -27.437008027999923 ], [ -56.612089201999822, -27.43543228499982 ], [ -56.609090207999941, -27.433348238999884 ], [ -56.607006160999902, -27.431975818000012 ], [ -56.605735401, -27.431518343999812 ], [ -56.60354969399998, -27.431416682999838 ], [ -56.601363985999967, -27.431924986999888 ], [ -56.599686582999823, -27.432941594999988 ], [ -56.59745004499996, -27.434923980999883 ], [ -56.595061015999818, -27.43746550100002 ], [ -56.592112851999957, -27.440515326000025 ], [ -56.590181297000015, -27.443310997999959 ], [ -56.587283963999937, -27.445852519000027 ], [ -56.584589951999874, -27.447784073999969 ], [ -56.582251754000026, -27.449004004000017 ], [ -56.579811893999874, -27.449410646999922 ], [ -56.574779683999964, -27.449664798999891 ], [ -56.571323215999882, -27.44961396899987 ], [ -56.568324221999887, -27.449817289999885 ], [ -56.566240175999951, -27.450274763999914 ], [ -56.563292011999806, -27.451494693999848 ], [ -56.561665438999967, -27.452511301999948 ], [ -56.559174748999851, -27.454544517999864 ], [ -56.556734889999859, -27.456781056000011 ], [ -56.555464128999972, -27.458255138000027 ], [ -56.554752503999964, -27.459322575999977 ], [ -56.554295029999878, -27.461457452999866 ], [ -56.554219257999989, -27.463560444999871 ], [ -56.55404087799991, -27.465269733999889 ], [ -56.554142538999884, -27.466794645999869 ], [ -56.55302426999998, -27.468319557999905 ], [ -56.551041883999915, -27.470454434999908 ], [ -56.547992059999899, -27.472690972999942 ], [ -56.545247217999986, -27.473504259999913 ], [ -56.543569814000023, -27.474266715999931 ], [ -56.542146562999847, -27.475791627999968 ], [ -56.541536597999936, -27.47873979100001 ], [ -56.541587427999957, -27.480417194999802 ], [ -56.541790749999905, -27.481281311999908 ], [ -56.542044901999873, -27.483060376000026 ], [ -56.54163825899991, -27.484686948999865 ], [ -56.540723311999955, -27.487279299999955 ], [ -56.538740925999889, -27.490735766999933 ], [ -56.536453556999902, -27.493277288 ], [ -56.53396286799989, -27.49561548600002 ], [ -56.532082141999865, -27.497496210999941 ], [ -56.530862212999921, -27.498766972 ], [ -56.528625674999887, -27.500393544999838 ], [ -56.526948270999924, -27.50227426999993 ], [ -56.525016715999868, -27.50435831599998 ], [ -56.524101769000026, -27.505171602999951 ], [ -56.522983499999953, -27.506442362999849 ], [ -56.522119382999961, -27.507916444999864 ], [ -56.520289487999889, -27.510813777999942 ], [ -56.518103780999979, -27.513711110999964 ], [ -56.514748973999872, -27.517675882999924 ], [ -56.511089185, -27.521894805999864 ], [ -56.509665932999837, -27.523470549000024 ], [ -56.508416808999868, -27.524549025999988 ], [ -56.5063111259999, -27.527028676999805 ], [ -56.504938704999859, -27.52997684099995 ], [ -56.504009405999909, -27.532212277999975 ], [ -56.502905488999943, -27.535517354999968 ], [ -56.502193863999878, -27.53988877 ], [ -56.501736390000019, -27.543955202999939 ], [ -56.500719781999862, -27.547106687999815 ], [ -56.500444429708239, -27.54768242453116 ], [ -56.512397930476027, -27.550854815266689 ], [ -56.517342898942388, -27.551454785028909 ], [ -56.530112463916396, -27.54862269486415 ], [ -56.546569785890313, -27.544972717766882 ], [ -56.546689127220134, -27.544896256172478 ], [ -56.566595683000685, -27.541142709697056 ], [ -56.565813599318574, -27.533992537038671 ], [ -56.576921556868285, -27.537725198084672 ], [ -56.578484941414445, -27.537937186955844 ], [ -56.57853006968304, -27.537947832223892 ], [ -56.58721793669099, -27.539143649761058 ], [ -56.616646096374836, -27.572663594207143 ], [ -56.616655830594482, -27.57266203396216 ], [ -56.619205477339335, -27.576087862526606 ], [ -56.619303555623844, -27.576329602980593 ], [ -56.619456004800156, -27.576834649714272 ], [ -56.619458733697797, -27.576837227492945 ], [ -56.619529582589109, -27.576863158112587 ], [ -56.619539737259231, -27.576911925773061 ], [ -56.619610359817614, -27.576938694866669 ], [ -56.623227062780813, -27.580384431737798 ], [ -56.613147578529265, -27.583903560922124 ], [ -56.612855176119695, -27.58395555323267 ], [ -56.515996770591869, -27.632791374989154 ], [ -56.5092429728154, -27.642617207047635 ], [ -56.490660810500003, -27.640341174919172 ], [ -56.491073934456551, -27.647808726763969 ], [ -56.489686779676106, -27.671109732589116 ], [ -56.489677320939279, -27.671142728434688 ], [ -56.481784046804876, -27.697517516890457 ], [ -56.475046269226539, -27.713234083302098 ], [ -56.475023966462174, -27.713275966426693 ], [ -56.469972359356234, -27.708516373578391 ], [ -56.469966172503632, -27.708451358240666 ], [ -56.454336573640205, -27.698868521064696 ], [ -56.421641128346891, -27.703412967130646 ], [ -56.404549534422415, -27.69637177071661 ], [ -56.404510722917166, -27.696399465150307 ], [ -56.404276932039693, -27.698634040353681 ], [ -56.404239610617651, -27.698660671520088 ], [ -56.400288299014846, -27.705399692078686 ], [ -56.400251629546744, -27.705403030570551 ], [ -56.400217017816544, -27.705427483737594 ], [ -56.389142975432037, -27.71283183579186 ], [ -56.372821419322577, -27.713036679523952 ], [ -56.372790384298128, -27.713043186794835 ], [ -56.372385124608059, -27.726178799687261 ], [ -56.36311513734546, -27.736540953133499 ], [ -56.347377482635807, -27.753431389361026 ], [ -56.347371724387017, -27.75344225631261 ], [ -56.347342753742282, -27.753468516273244 ], [ -56.34733680355049, -27.753479319649045 ], [ -56.346541949094956, -27.754315674033194 ], [ -56.34653561535913, -27.754327151029941 ], [ -56.339811397624487, -27.761551680199091 ], [ -56.342765563326282, -27.764600724591048 ], [ -56.343764903520935, -27.765632844611559 ], [ -56.333567809218323, -27.773158051383575 ], [ -56.333553597784771, -27.773175061498137 ], [ -56.289910474040596, -27.802088648207359 ], [ -56.268783419345823, -27.820065837066579 ], [ -56.285559253268389, -27.793990574934242 ], [ -56.285344317174577, -27.791255154212024 ], [ -56.290464532108274, -27.785993772714278 ], [ -56.288134064739438, -27.779686025685692 ], [ -56.289414564459435, -27.77692144371531 ], [ -56.292522842896915, -27.770210678929743 ], [ -56.292551152158467, -27.77016833703982 ], [ -56.295271482823068, -27.759421726004291 ], [ -56.29511372707799, -27.74985035963789 ], [ -56.267754171700915, -27.725256152729401 ], [ -56.233621261766245, -27.732943792136268 ], [ -56.185686379244544, -27.738680186581291 ], [ -56.149834208696461, -27.716242224288351 ], [ -56.149778725952046, -27.71626661445282 ], [ -56.137354785249329, -27.711345187825088 ], [ -56.124544493301642, -27.712616048054031 ], [ -56.125916584776064, -27.708550068588124 ], [ -56.117399816001182, -27.682018227987214 ], [ -56.105798057356139, -27.67065612129386 ], [ -56.098251075218059, -27.670892739668261 ], [ -56.094908279054891, -27.672987991481932 ], [ -56.094866470436216, -27.673086926848384 ], [ -56.090134477281254, -27.67694943457866 ], [ -56.050881180134695, -27.709037178353526 ], [ -56.037291302588812, -27.709804859998201 ], [ -56.037234378387552, -27.709774034500185 ], [ -56.0342893029881, -27.711601458715791 ], [ -56.031929384792306, -27.712718953789874 ], [ -55.977937595200387, -27.732105320519395 ], [ -55.949309686652725, -27.746715947410394 ], [ -55.948700633848091, -27.746966564973718 ], [ -55.94733737621732, -27.747175458296738 ], [ -55.946972398196181, -27.747908812554329 ], [ -55.946788436780196, -27.748139207911493 ], [ -55.946642923061347, -27.748825926765733 ], [ -55.928781766698819, -27.779193126664154 ], [ -55.926842119668891, -27.785406537000256 ], [ -55.90196240328055, -27.79993223145766 ], [ -55.901659890089547, -27.800009841744554 ], [ -55.900964627666497, -27.800202736279402 ], [ -55.900964192126025, -27.800219279555563 ], [ -55.900082571175915, -27.799604443170722 ], [ -55.900052745146525, -27.799608601634361 ], [ -55.900066036334863, -27.799655820004205 ], [ -55.898489233268776, -27.798851436754489 ], [ -55.89848596855262, -27.79886409256244 ], [ -55.89423568559755, -27.808305195049115 ], [ -55.896565268448171, -27.813177813415223 ], [ -55.896583234705986, -27.813193529120156 ], [ -55.897680937254222, -27.815465348173291 ], [ -55.898965031552109, -27.818950569896685 ], [ -55.900862193211992, -27.824085819094819 ], [ -55.906904802602014, -27.837367547931024 ], [ -55.906945999923551, -27.837423461844082 ], [ -55.907585022254011, -27.844055760646711 ], [ -55.907623994557923, -27.844119647323623 ], [ -55.90784933785983, -27.846247476089275 ], [ -55.908022872441563, -27.84811633018586 ], [ -55.90849535219553, -27.849530374190522 ], [ -55.907112582643776, -27.849301498712748 ], [ -55.907112697852426, -27.849236555188043 ], [ -55.90710727226633, -27.849237866267856 ], [ -55.907014046581992, -27.848824112285058 ], [ -55.906988568537543, -27.848786620084923 ], [ -55.906985667995855, -27.848756549427776 ], [ -55.906442095498505, -27.848443849041473 ], [ -55.904661771258588, -27.848014362707772 ], [ -55.904627779456234, -27.847947596807387 ], [ -55.905072417506062, -27.84757271305466 ], [ -55.905038033043354, -27.847504192415784 ], [ -55.901620453396504, -27.846726379178961 ], [ -55.901587251908097, -27.846666729066385 ], [ -55.902882271177361, -27.844880289651655 ], [ -55.90284317052209, -27.844816615303387 ], [ -55.895062371840652, -27.843727168450471 ], [ -55.895642311164238, -27.840771244948883 ], [ -55.890577439171579, -27.842178546658147 ], [ -55.887178388787675, -27.841047982730458 ], [ -55.887148974633988, -27.84101862539228 ], [ -55.872399424567334, -27.829565543671947 ], [ -55.872394677498903, -27.829566976161459 ], [ -55.872321210593441, -27.829576145319947 ], [ -55.871463852537204, -27.828740191352836 ], [ -55.861710241921287, -27.835312547235731 ], [ -55.861690439133781, -27.835312757104305 ], [ -55.854932970411767, -27.838956691429189 ], [ -55.854854627312761, -27.834643246487133 ], [ -55.828877510692735, -27.828145214694587 ], [ -55.826823043767376, -27.82811001569371 ], [ -55.811747322624456, -27.832278113180791 ], [ -55.809571846797326, -27.832375210555881 ], [ -55.809518499552212, -27.832379619888002 ], [ -55.808297447034533, -27.832557240404242 ], [ -55.801001724850266, -27.832893762573917 ], [ -55.800971137353997, -27.832882942140429 ], [ -55.795111729730195, -27.836407886202721 ], [ -55.792960100587607, -27.840346980027903 ], [ -55.792953016558613, -27.840352901048732 ], [ -55.792998655320446, -27.840405874622149 ], [ -55.792833896070192, -27.84147412684456 ], [ -55.792830336925761, -27.841492103887276 ], [ -55.791689707314106, -27.841216403570456 ], [ -55.790668294129659, -27.841069226193326 ], [ -55.790635701746112, -27.841062662113927 ], [ -55.790640761697944, -27.841037268900095 ], [ -55.788914808539516, -27.84072952286391 ], [ -55.788854055077991, -27.840712821105342 ], [ -55.788824914720806, -27.840761007325852 ], [ -55.781855699236758, -27.8403097208448 ], [ -55.781401375158282, -27.840344206531597 ], [ -55.780702023667686, -27.840335373444191 ], [ -55.780315506891611, -27.840313780113604 ], [ -55.777436067264262, -27.842875151070359 ], [ -55.777420485844971, -27.842935156373301 ], [ -55.777366634232862, -27.844906762542223 ], [ -55.777381410420389, -27.844927165213505 ], [ -55.778371350585985, -27.847663308161543 ], [ -55.782909119096814, -27.849137477517559 ], [ -55.782918103884356, -27.849166739242946 ], [ -55.781622013754316, -27.851180048142794 ], [ -55.779934826517263, -27.852495366837104 ], [ -55.779920764119481, -27.852558740267341 ], [ -55.776759277184965, -27.854817055660192 ], [ -55.776163964691477, -27.854831787112857 ], [ -55.776020870960906, -27.854866393243185 ], [ -55.774068015831858, -27.855014279061095 ], [ -55.769112876617669, -27.85476608405105 ], [ -55.769101417744366, -27.85477170427788 ], [ -55.7642073961851, -27.855911350468205 ], [ -55.762305664522785, -27.852453473536571 ], [ -55.762288771881003, -27.852438635602823 ], [ -55.761475963249609, -27.850911515262453 ], [ -55.759817022306947, -27.847967420694488 ], [ -55.75981093793547, -27.847962015150017 ], [ -55.759463736215082, -27.847817350163268 ], [ -55.759456925364077, -27.847811256667171 ], [ -55.759265082350339, -27.846342237155625 ], [ -55.752456731454402, -27.837356166095105 ], [ -55.743147014122144, -27.833336512952769 ], [ -55.742690005595307, -27.833623603245371 ], [ -55.742657069906727, -27.833667231852701 ], [ -55.741214109529153, -27.837106492928626 ], [ -55.73474451828821, -27.837274482382782 ], [ -55.733883027051888, -27.837000648812307 ], [ -55.733821712885288, -27.836995554573946 ], [ -55.733287438603554, -27.837155276751844 ], [ -55.733386536548949, -27.836317841540449 ], [ -55.733385904486738, -27.836290019548869 ], [ -55.733428550862584, -27.836283752373561 ], [ -55.733293599804711, -27.834703965275253 ], [ -55.730086189985116, -27.832195581543942 ], [ -55.730011730016713, -27.832097572799626 ], [ -55.73089361548648, -27.827233521910443 ], [ -55.732631370678234, -27.810102880878162 ], [ -55.732922615052019, -27.805084850898709 ], [ -55.731544781644914, -27.801165042497928 ], [ -55.73153360073502, -27.801126756933797 ], [ -55.728388335524357, -27.801817049686065 ], [ -55.725866406746718, -27.804316312929643 ], [ -55.725874674670024, -27.804342836513058 ], [ -55.718562362368345, -27.811530880178395 ], [ -55.71273522446495, -27.80579489210055 ], [ -55.712734235202731, -27.805793987672303 ], [ -55.712734703050444, -27.805793219397174 ], [ -55.712608880760172, -27.805732488459626 ], [ -55.712608369358577, -27.80573314825881 ], [ -55.712530208496219, -27.805736327433294 ], [ -55.712400798640658, -27.805807714846082 ], [ -55.712401241203111, -27.805808485623743 ], [ -55.711052993674798, -27.811048343845584 ], [ -55.706196290805224, -27.808621207538806 ], [ -55.706129101351792, -27.808628605682372 ], [ -55.702683711309078, -27.80687953176033 ], [ -55.697157365639839, -27.797312815480893 ], [ -55.697107767782086, -27.794824381720332 ], [ -55.69710148867614, -27.794779301984477 ], [ -55.69511073780842, -27.794098288121063 ], [ -55.697913758402819, -27.790962531683249 ], [ -55.697916900604525, -27.790923571467829 ], [ -55.695841692968486, -27.787004973575108 ], [ -55.696259901884503, -27.783269692111844 ], [ -55.699416936187902, -27.782032357183539 ], [ -55.71068124934942, -27.774675120605536 ], [ -55.710939339543188, -27.774541985992698 ], [ -55.710972669226123, -27.77458172638012 ], [ -55.711011402727422, -27.774557939572219 ], [ -55.713025198960452, -27.779408582975179 ], [ -55.718898308975838, -27.78203143944188 ], [ -55.72155028584416, -27.777996179645243 ], [ -55.72155778695145, -27.777975665708823 ], [ -55.721766325977342, -27.776399782552119 ], [ -55.721766753368172, -27.776374224292624 ], [ -55.721485793579575, -27.774561000104427 ], [ -55.711185470347971, -27.774148667262693 ], [ -55.711109692208424, -27.774131891254456 ], [ -55.71072585930375, -27.773529381226524 ], [ -55.697163674204091, -27.758763082523899 ], [ -55.697125104892507, -27.758734854299348 ], [ -55.692780094706904, -27.754886816985163 ], [ -55.686922890362951, -27.753738966334595 ], [ -55.683222510010353, -27.755170868988387 ], [ -55.6831873540782, -27.755175173019097 ], [ -55.680843072497339, -27.754654521570387 ], [ -55.680804415368925, -27.754662934094426 ], [ -55.6784757836827, -27.754554814870517 ], [ -55.678433655979745, -27.754568273102848 ], [ -55.678366842942012, -27.754551126820218 ], [ -55.678324537499293, -27.754564712147328 ], [ -55.673317817129714, -27.754360081247 ], [ -55.673282885760273, -27.754393677879591 ], [ -55.667343744343043, -27.758195453875203 ], [ -55.667327462168828, -27.758173054786994 ], [ -55.659624227193888, -27.75082260357965 ], [ -55.659621229038009, -27.750818379686621 ], [ -55.669200767161669, -27.743879520135124 ], [ -55.669215498134974, -27.743877161034391 ], [ -55.669967927465052, -27.743045174361271 ], [ -55.673965774290878, -27.738850335331961 ], [ -55.673976216775884, -27.73884698199106 ], [ -55.673986187031801, -27.738828133651396 ], [ -55.673996539049881, -27.738824826567054 ], [ -55.674388949714455, -27.738395475436334 ], [ -55.674340446174028, -27.73736802572239 ], [ -55.674099321559424, -27.736907158049235 ], [ -55.674097134618989, -27.736903708353225 ], [ -55.673163060852573, -27.735094377883172 ], [ -55.67174599390944, -27.73667390263995 ], [ -55.671749069496741, -27.736698271459773 ], [ -55.671221264711107, -27.737288933671834 ], [ -55.671041768212376, -27.737614209432365 ], [ -55.668760004199783, -27.740312552362866 ], [ -55.668744684061664, -27.740332707294272 ], [ -55.666120161468541, -27.738590645923068 ], [ -55.665566557019133, -27.738305118313292 ], [ -55.662420184631969, -27.735962960328322 ], [ -55.662227337179047, -27.735814198044352 ], [ -55.659256570531966, -27.733283338414026 ], [ -55.658769724890647, -27.732837810709157 ], [ -55.655263391433664, -27.73014211504352 ], [ -55.656090079524404, -27.724073822304831 ], [ -55.65620502931182, -27.722897422438223 ], [ -55.656187252748737, -27.722868711023921 ], [ -55.657785204008917, -27.711452474989358 ], [ -55.62321570829198, -27.697051625061022 ], [ -55.622635714474598, -27.697156364462501 ], [ -55.622562086670541, -27.697166273616801 ], [ -55.622007477718796, -27.696737454986362 ], [ -55.622019462331821, -27.696728250122533 ], [ -55.622004805423899, -27.696723775416331 ], [ -55.618620047842114, -27.689898357950256 ], [ -55.618653482397576, -27.689893858180483 ], [ -55.615831705917572, -27.684703955463817 ], [ -55.61572116406029, -27.684604269658678 ], [ -55.615651296433839, -27.684541263558913 ], [ -55.615185033129251, -27.68460597265971 ], [ -55.615176504059548, -27.684614670145663 ], [ -55.614508129752267, -27.684786549727335 ], [ -55.614510739985121, -27.684796988353639 ], [ -55.61265384423632, -27.685220616566255 ], [ -55.612586860965621, -27.685200414256144 ], [ -55.610921449761236, -27.683704365645099 ], [ -55.610922370383719, -27.683704204218827 ], [ -55.610918892741722, -27.683688927451954 ], [ -55.61084308253163, -27.683669716744419 ], [ -55.610797881744872, -27.683671721637666 ], [ -55.61079791882446, -27.683672586867885 ], [ -55.61079328902639, -27.683673494102607 ], [ -55.610864750529856, -27.683691602825036 ], [ -55.610423519043252, -27.683848347964556 ], [ -55.610063974543209, -27.683832150236015 ], [ -55.610064396322855, -27.683828642764865 ], [ -55.609842489578853, -27.683378692128827 ], [ -55.607404695917012, -27.679530029613488 ], [ -55.603636871100434, -27.673177358947953 ], [ -55.603421111657099, -27.673047413991583 ], [ -55.603784101127872, -27.672620641132312 ], [ -55.603785119655868, -27.672608853321378 ], [ -55.603322830078582, -27.672649597848192 ], [ -55.603219812357054, -27.664151075983909 ], [ -55.600510813735696, -27.66028826121584 ], [ -55.600514608781396, -27.660238720656366 ], [ -55.597933976461206, -27.656660564371521 ], [ -55.610531227260424, -27.661572951033918 ], [ -55.612494347211623, -27.662079797431034 ], [ -55.613012801778211, -27.662997605332123 ], [ -55.613056426446349, -27.663031323524763 ], [ -55.617859860819124, -27.665323048078733 ], [ -55.617900342431369, -27.6653300447839 ], [ -55.623813840012531, -27.666085073646684 ], [ -55.62551488127724, -27.665075200574165 ], [ -55.626119450666806, -27.666379454031869 ], [ -55.631876996609378, -27.668036795903504 ], [ -55.637182764565864, -27.671999748451924 ], [ -55.63891542676447, -27.672009244104572 ], [ -55.63804800357633, -27.677276310164928 ], [ -55.63807838834839, -27.677288123505605 ], [ -55.638230475630166, -27.677389401953405 ], [ -55.63826047029977, -27.677403497945761 ], [ -55.63986584567931, -27.677949919189359 ], [ -55.639894272634251, -27.677957525091415 ], [ -55.643906465790792, -27.678038125778414 ], [ -55.645894996650156, -27.66818079732974 ], [ -55.645897745389334, -27.668179320933916 ], [ -55.647274638310023, -27.667404671477072 ], [ -55.647272298356427, -27.667400976753186 ], [ -55.6476103104701, -27.667022129353086 ], [ -55.647608676384266, -27.667011119291033 ], [ -55.646434535221658, -27.666451253164439 ], [ -55.636481545831032, -27.652223308008729 ], [ -55.635665482000491, -27.651013053408974 ], [ -55.635236201940188, -27.650043184651395 ], [ -55.63522669646602, -27.650043486967263 ], [ -55.634767640297184, -27.650505598956556 ], [ -55.634118762430205, -27.64970208662902 ], [ -55.63406089429742, -27.649715613338287 ], [ -55.620844103925265, -27.643125357600127 ], [ -55.620305494405784, -27.643128916286457 ], [ -55.620304083131543, -27.64312905311948 ], [ -55.62005801012657, -27.643142059912009 ], [ -55.619994573462122, -27.643141275696792 ], [ -55.619992664286258, -27.643143236206015 ], [ -55.619640316916616, -27.643110312656347 ], [ -55.611901986559189, -27.640472860612192 ], [ -55.609515194530388, -27.640325160080124 ], [ -55.609474947030833, -27.640318782609768 ], [ -55.608518024852515, -27.640277198024876 ], [ -55.604916223434543, -27.640256159814612 ], [ -55.60444863287978, -27.640227473835353 ], [ -55.603752788458792, -27.640066744647527 ], [ -55.601548638134318, -27.640173576687687 ], [ -55.601293402550994, -27.640188636239543 ], [ -55.601279511359905, -27.640188161423055 ], [ -55.600948333952033, -27.640305668788073 ], [ -55.600931642317732, -27.640302296922698 ], [ -55.600390224679359, -27.640229723344873 ], [ -55.600395146321375, -27.637457478691147 ], [ -55.597805087672327, -27.63903047016413 ], [ -55.597739706702725, -27.639043852913687 ], [ -55.595185314909713, -27.637407541899904 ], [ -55.590993750117093, -27.639006637953457 ], [ -55.59096691132919, -27.639009702892224 ], [ -55.590932368821882, -27.63915373462828 ], [ -55.590903980429687, -27.639161359296565 ], [ -55.590403142702996, -27.641013249643493 ], [ -55.590392276584907, -27.641066355702037 ], [ -55.58844612516674, -27.640879421540205 ], [ -55.585987148145989, -27.640023868265132 ], [ -55.585945390160646, -27.639996569616642 ], [ -55.582067591054113, -27.640400885997224 ], [ -55.578882370057443, -27.639750444168214 ], [ -55.578846579052708, -27.639755555279805 ], [ -55.578808768019314, -27.639759068966214 ], [ -55.578360802910993, -27.639607894867993 ], [ -55.578324072912665, -27.639609294969375 ], [ -55.569903704160481, -27.641656185262093 ], [ -55.569309873686393, -27.64160757354307 ], [ -55.568934287613331, -27.641780165291095 ], [ -55.568930818871479, -27.641784942873983 ], [ -55.568577318629877, -27.641949458880447 ], [ -55.564618751526893, -27.642824730888321 ], [ -55.564597815207264, -27.64285023336322 ], [ -55.564564433852354, -27.64288164340195 ], [ -55.564207298907434, -27.643824816222661 ], [ -55.564175928842076, -27.643865326866262 ], [ -55.559838190807625, -27.645970970026781 ], [ -55.559553912923775, -27.646008929009326 ], [ -55.559487230201682, -27.645999568583306 ], [ -55.559478393668428, -27.646007124021139 ], [ -55.558911159770958, -27.646175815748677 ], [ -55.558933171480305, -27.646199056797116 ], [ -55.558906029024001, -27.646213062861989 ], [ -55.557747683535069, -27.646536899385069 ], [ -55.557689592904183, -27.646332942756601 ], [ -55.557201526175106, -27.646070579578577 ], [ -55.55712396294274, -27.646068224737292 ], [ -55.557113422472355, -27.646047361220155 ], [ -55.5570673019879, -27.646041853191548 ], [ -55.557067356533821, -27.646039262405736 ], [ -55.556895728349275, -27.645926864811941 ], [ -55.556966825895699, -27.645756493346823 ], [ -55.556963550678745, -27.645741946224746 ], [ -55.556879064168697, -27.645499963665031 ], [ -55.55671518064662, -27.645540358692983 ], [ -55.556655813159182, -27.645535151102649 ], [ -55.55654546434414, -27.645322464136541 ], [ -55.556494011398115, -27.64531756130657 ], [ -55.556680252747242, -27.64349009509516 ], [ -55.555945253947016, -27.639709658863353 ], [ -55.552655797944681, -27.638345750750602 ], [ -55.551465602807809, -27.63871300320892 ], [ -55.548155292230604, -27.640847005295313 ], [ -55.546057244862936, -27.641481610487801 ], [ -55.543804358550346, -27.641919089126645 ], [ -55.540120192249219, -27.642832680766219 ], [ -55.540080221310063, -27.642830860232834 ], [ -55.535004508593602, -27.644407106318454 ], [ -55.534989863648434, -27.644378718084909 ], [ -55.534934021299478, -27.644400290438853 ], [ -55.535876471879362, -27.640210540323665 ], [ -55.536151377335443, -27.638477393842777 ], [ -55.537482724282427, -27.631713212395539 ], [ -55.534815836952873, -27.630641184912292 ], [ -55.533752239258092, -27.630170908872685 ], [ -55.53203061857937, -27.629888476783321 ], [ -55.52797451707778, -27.629602219199001 ], [ -55.525266345247587, -27.629056209043711 ], [ -55.525230993325295, -27.629065173070558 ], [ -55.522806814919306, -27.629237506100196 ], [ -55.52083682278186, -27.62907948016624 ], [ -55.52076912087449, -27.629073248844747 ], [ -55.517987369826528, -27.628885029692754 ], [ -55.518117454632886, -27.628543406219933 ], [ -55.517157607171328, -27.627746660295941 ], [ -55.517060925581461, -27.628416195119541 ], [ -55.516849269727118, -27.628839707324914 ], [ -55.517713530619403, -27.628954469595385 ], [ -55.51762737734731, -27.629021302885121 ], [ -55.517552369946031, -27.629084348781191 ], [ -55.513178694955855, -27.632686233084428 ], [ -55.512762997745938, -27.633416095343364 ], [ -55.511548956360343, -27.634377700946402 ], [ -55.508045806127654, -27.636323830698245 ], [ -55.507724359288545, -27.636528681961465 ], [ -55.507659374909906, -27.636547418045097 ], [ -55.507657801172911, -27.636549650926895 ], [ -55.507613426052387, -27.636564032755075 ], [ -55.507547213075213, -27.636579882289539 ], [ -55.505685343384357, -27.636785977184559 ], [ -55.505656346322723, -27.636824471898649 ], [ -55.505435411902795, -27.636925627523681 ], [ -55.50517719722933, -27.637043852047782 ], [ -55.504536992840201, -27.637482799726115 ], [ -55.504435106745348, -27.637508419689027 ], [ -55.504279300782514, -27.637547609824082 ], [ -55.504251424322376, -27.637540423495238 ], [ -55.504090072836505, -27.637586452719916 ], [ -55.503842940774064, -27.63771152802525 ], [ -55.503784722354283, -27.637723704786197 ], [ -55.503784751200271, -27.637723785103162 ], [ -55.503784019821921, -27.637723891671442 ], [ -55.503783096286895, -27.637724262834809 ], [ -55.503783081589177, -27.637724189246626 ], [ -55.503782459622414, -27.637721825284189 ], [ -55.503783459198928, -27.637722401632686 ], [ -55.503772894744827, -27.637672110533913 ], [ -55.503772744529613, -27.637671371542865 ], [ -55.503829722586715, -27.637658920535671 ], [ -55.503831025557758, -27.637659026135907 ], [ -55.503949724955362, -27.637445693741597 ], [ -55.503966653510133, -27.637423792587981 ], [ -55.504032218613702, -27.637310053045667 ], [ -55.504141470027378, -27.637109006948833 ], [ -55.504102403871116, -27.637019610235711 ], [ -55.503670860568491, -27.635794221524236 ], [ -55.503636003988106, -27.635657899138721 ], [ -55.503602904141985, -27.635510273458863 ], [ -55.503617209436527, -27.635369038920771 ], [ -55.503587081082571, -27.635078346748401 ], [ -55.503609805845088, -27.635045149134669 ], [ -55.50365584220242, -27.635070789721567 ], [ -55.503681370156187, -27.635034337707168 ], [ -55.503509965768956, -27.634373700413676 ], [ -55.503464972226936, -27.634384125881468 ], [ -55.503455841435425, -27.634210921142198 ], [ -55.503453590171262, -27.634201208245656 ], [ -55.503212844581299, -27.632907276083301 ], [ -55.503245704346909, -27.632925797829216 ], [ -55.503504514285453, -27.633730395400335 ], [ -55.503626389579381, -27.632586826260763 ], [ -55.503607206770027, -27.631879882933731 ], [ -55.503562812431142, -27.631351854055936 ], [ -55.503582821551561, -27.631259311018425 ], [ -55.503584354240445, -27.63125152097291 ], [ -55.503573815294203, -27.631203817748542 ], [ -55.503290430896186, -27.630987223122929 ], [ -55.502939388910931, -27.63113834649613 ], [ -55.502658210970992, -27.631282592669606 ], [ -55.502708198365212, -27.631608192902434 ], [ -55.502707248449326, -27.63161134208309 ], [ -55.502729552697019, -27.631716083090396 ], [ -55.502785859850007, -27.631755266456196 ], [ -55.50285250928215, -27.632055400589479 ], [ -55.502863158602736, -27.632061384548535 ], [ -55.502916197024206, -27.632027899468369 ], [ -55.503345274496894, -27.634140155408204 ], [ -55.503072867886203, -27.634186049863217 ], [ -55.502524048434907, -27.634311356433216 ], [ -55.50242368482742, -27.634273508925332 ], [ -55.501380585307686, -27.634133575063174 ], [ -55.501358673593472, -27.634164223056189 ], [ -55.501183440438012, -27.634811661219373 ], [ -55.501189567799656, -27.634842183014484 ], [ -55.501178805785685, -27.634857321232801 ], [ -55.500901450346191, -27.634885771938059 ], [ -55.500916692678288, -27.634950163285168 ], [ -55.500811935971626, -27.635447002171929 ], [ -55.500807737314403, -27.635997433808996 ], [ -55.500255187864354, -27.636035882934095 ], [ -55.500216480343283, -27.636044841900286 ], [ -55.499840333163718, -27.636105846058115 ], [ -55.499785873697988, -27.636041710250879 ], [ -55.499780854078494, -27.636018884268367 ], [ -55.4994669787107, -27.636034537267335 ], [ -55.499452593481692, -27.636037700708869 ], [ -55.499129157966706, -27.636089198307673 ], [ -55.499135397384919, -27.63611666620875 ], [ -55.498837080804606, -27.636189485478837 ], [ -55.498791726487923, -27.636199289285685 ], [ -55.498534084549021, -27.636236413145298 ], [ -55.498506645997054, -27.636132735829335 ], [ -55.498478565345295, -27.636103716209107 ], [ -55.498057225102059, -27.636209523472246 ], [ -55.498037232279557, -27.636213983349137 ], [ -55.497593742412789, -27.636278662566497 ], [ -55.497602050761543, -27.636317433858892 ], [ -55.497434922108482, -27.636351523858536 ], [ -55.49738419371306, -27.636361452854374 ], [ -55.497236751547177, -27.636383785704083 ], [ -55.497192376102987, -27.636218066695449 ], [ -55.497179520484281, -27.636198989668287 ], [ -55.496603179156011, -27.636326761763485 ], [ -55.49657549904731, -27.636332519310997 ], [ -55.495953994985143, -27.636429595137656 ], [ -55.495952873599094, -27.636425396345771 ], [ -55.495876686020779, -27.636354278214014 ], [ -55.495818446430803, -27.636369233512369 ], [ -55.495815626145827, -27.636369843401212 ], [ -55.495751304751593, -27.636378216074434 ], [ -55.495752734371933, -27.636385275102725 ], [ -55.495747026501647, -27.636386633460518 ], [ -55.494660715629664, -27.63662889316447 ], [ -55.494392201054552, -27.636700675416364 ], [ -55.494138209876496, -27.63676236751877 ], [ -55.494109907196844, -27.636804954882109 ], [ -55.494151983303539, -27.636999204552751 ], [ -55.49416121272651, -27.637042242950599 ], [ -55.494152310032405, -27.63704426484685 ], [ -55.492978376016765, -27.637287673780122 ], [ -55.49279054433714, -27.63731684883885 ], [ -55.492782170001362, -27.637318502792994 ], [ -55.492559001406789, -27.637393718899716 ], [ -55.492561843068756, -27.637408079599822 ], [ -55.492540195898812, -27.637513523415919 ], [ -55.492107757442227, -27.637678446803761 ], [ -55.491921214993511, -27.637739492038122 ], [ -55.491655680956285, -27.637641214008056 ], [ -55.491534166283373, -27.637572283435702 ], [ -55.491525917090939, -27.637528897842344 ], [ -55.491510849461235, -27.63752269083011 ], [ -55.491440381406164, -27.637504740436327 ], [ -55.491164111057628, -27.6368819127199 ], [ -55.49113377008689, -27.636737798696458 ], [ -55.491296382706082, -27.636655481532841 ], [ -55.491312730736411, -27.636651645708923 ], [ -55.491256986812289, -27.636260807627764 ], [ -55.490688918905676, -27.635772929930226 ], [ -55.49135656746256, -27.634317760221052 ], [ -55.489710297847637, -27.631904176060686 ], [ -55.489695671457866, -27.631898899610746 ], [ -55.489675729897954, -27.630512557669135 ], [ -55.48967288927912, -27.630500640423463 ], [ -55.489675373947421, -27.630497308723307 ], [ -55.489653838802383, -27.630450984675349 ], [ -55.489584058478272, -27.630406302432732 ], [ -55.489583990830965, -27.630405928989205 ], [ -55.489387970088217, -27.629473703637643 ], [ -55.48983788955212, -27.629378985254448 ], [ -55.489866879269755, -27.629369846827728 ], [ -55.489895907856408, -27.629364063591595 ], [ -55.490374066105346, -27.629249841507828 ], [ -55.490384997839044, -27.629302280814386 ], [ -55.49045450923694, -27.629377992615844 ], [ -55.490455635966214, -27.629383152736466 ], [ -55.490512473733247, -27.62938002406986 ], [ -55.490515595684656, -27.629379375746112 ], [ -55.490564056219, -27.629368612954295 ], [ -55.490663286969721, -27.629340814236798 ], [ -55.490661429831675, -27.629332328725866 ], [ -55.490402445946302, -27.62924392440766 ], [ -55.490760291352672, -27.627898474549283 ], [ -55.490127569971662, -27.626711770750887 ], [ -55.49012165456395, -27.626592982805789 ], [ -55.490127431333235, -27.626584727021566 ], [ -55.490137696857573, -27.626587027752748 ], [ -55.49014351218517, -27.626578574395694 ], [ -55.490114222883449, -27.626500494838297 ], [ -55.490119702895299, -27.626493409062391 ], [ -55.490206549653124, -27.626461832028269 ], [ -55.490213013977325, -27.626454372079422 ], [ -55.490194840299637, -27.626430792641486 ], [ -55.489650777560712, -27.626112777160074 ], [ -55.489595301471923, -27.626112029107958 ], [ -55.488296676266316, -27.624044561131825 ], [ -55.486689132826655, -27.623295003693045 ], [ -55.486441996663189, -27.623192522704642 ], [ -55.486379041222222, -27.623075567856517 ], [ -55.486307548209311, -27.62311894608581 ], [ -55.486194383385282, -27.623059942039447 ], [ -55.4861849769743, -27.623055226059762 ], [ -55.48130023671871, -27.620732038641563 ], [ -55.479105430987772, -27.619065033302661 ], [ -55.479087706063467, -27.61902948200742 ], [ -55.476676307354865, -27.617654066395062 ], [ -55.472504344530137, -27.614920089836346 ], [ -55.470149312784883, -27.615181469516017 ], [ -55.470117234145334, -27.615162957702353 ], [ -55.468060010941883, -27.614222156857352 ], [ -55.466793139774268, -27.612376622574914 ], [ -55.462240580143828, -27.607025120340325 ], [ -55.462005323642188, -27.607025305335355 ], [ -55.460579333112605, -27.608291565224022 ], [ -55.459967023831268, -27.606423885817151 ], [ -55.459301278566841, -27.604743467109074 ], [ -55.459291324200706, -27.604737942354802 ], [ -55.459276624725476, -27.60468724604101 ], [ -55.454665671518853, -27.603946072963765 ], [ -55.447703686345164, -27.597487975655213 ], [ -55.447161005688315, -27.595759090289164 ], [ -55.446455894914436, -27.593512743695328 ], [ -55.444505545510879, -27.584928089568223 ], [ -55.445165149699676, -27.585039968884985 ], [ -55.444214041065152, -27.583724914784511 ], [ -55.444293009841886, -27.583662253233626 ], [ -55.444102568114886, -27.582810129209918 ], [ -55.444775555028286, -27.577934253946296 ], [ -55.444779944478512, -27.577893147584973 ], [ -55.445113449820496, -27.575229796014185 ], [ -55.444015039737906, -27.574923990576508 ], [ -55.440768331672473, -27.571121034651924 ], [ -55.440735887287417, -27.571101826505412 ], [ -55.440173185574395, -27.571230663328322 ], [ -55.438396529559895, -27.563926318583697 ], [ -55.438392346464695, -27.563906970943606 ], [ -55.438256581318399, -27.563308649115697 ], [ -55.438271799761424, -27.563288221908181 ], [ -55.438006591067278, -27.562259291530836 ], [ -55.438017242556668, -27.562244306900254 ], [ -55.437996284207031, -27.562219345493872 ], [ -55.438006786715789, -27.562204581564345 ], [ -55.43737468994749, -27.559495647668996 ], [ -55.437836665348641, -27.556845815737518 ], [ -55.437803519079978, -27.556809992287469 ], [ -55.437233345453706, -27.556953907229001 ], [ -55.434166859303389, -27.550566408845214 ], [ -55.433918646086283, -27.549335369196854 ], [ -55.434102113695928, -27.548768898643345 ], [ -55.434032708690097, -27.548698466612052 ], [ -55.434024866272978, -27.548687621226122 ], [ -55.433878997341822, -27.548549067139675 ], [ -55.433356368373779, -27.544364835103352 ], [ -55.43311719896144, -27.544463999579989 ], [ -55.431571074759347, -27.54524918554921 ], [ -55.431555547058338, -27.545252173696724 ], [ -55.431503705522232, -27.545304896543598 ], [ -55.431449717130135, -27.545311319016378 ], [ -55.431441059825431, -27.545303940312635 ], [ -55.431408174654734, -27.545305282030824 ], [ -55.431447954865803, -27.545190234854772 ], [ -55.431500681454565, -27.545136611909129 ], [ -55.431499778968657, -27.54513304411222 ], [ -55.431324478518434, -27.544097426712824 ], [ -55.431345386312728, -27.544077567211502 ], [ -55.431213941475448, -27.542223900569354 ], [ -55.431205986591635, -27.542115939339624 ], [ -55.431385678856429, -27.541368013121314 ], [ -55.431369329036727, -27.541038147768859 ], [ -55.431359008773768, -27.537459296322595 ], [ -55.432115063854098, -27.53707867492443 ], [ -55.432128737702271, -27.537024029706913 ], [ -55.431767958822093, -27.534174283239679 ], [ -55.431651409324843, -27.532906055181115 ], [ -55.431695425830128, -27.532902964620973 ], [ -55.432530752819105, -27.532615664727643 ], [ -55.432543990270062, -27.532573147364758 ], [ -55.431362328386115, -27.531647036728316 ], [ -55.431303281378348, -27.531618093906332 ], [ -55.431120101745307, -27.531549536815646 ], [ -55.431116836607089, -27.531538704890522 ], [ -55.431211374657721, -27.529491491496174 ], [ -55.430641552835766, -27.524058717485786 ], [ -55.431903515349632, -27.523228485700315 ], [ -55.434889568920482, -27.520181927795761 ], [ -55.434933089090975, -27.520141484489045 ], [ -55.434980874733469, -27.520092667796121 ], [ -55.4350046441524, -27.520019164742621 ], [ -55.43660175450708, -27.518709046339609 ], [ -55.436615252824993, -27.518677621541826 ], [ -55.436722472364181, -27.518255114196279 ], [ -55.438001036935475, -27.515674048700362 ], [ -55.437974215181157, -27.515616926675307 ], [ -55.437603495613189, -27.51469101895367 ], [ -55.436924501785995, -27.513462882178828 ], [ -55.437059469563678, -27.510327866685827 ], [ -55.43493233041039, -27.510856476716867 ], [ -55.433642492489241, -27.510594749595327 ], [ -55.427326859247842, -27.508951737461757 ], [ -55.423836325416403, -27.507409789692815 ], [ -55.423703198270516, -27.507438232619791 ], [ -55.423399251740193, -27.50719321977067 ], [ -55.423338284649162, -27.507230364100224 ], [ -55.421894130307351, -27.507407858674014 ], [ -55.421508893953956, -27.506954880285093 ], [ -55.421507161044872, -27.506949607553508 ], [ -55.423844368450432, -27.505019070707817 ], [ -55.423978712857775, -27.504842576828935 ], [ -55.423998661569613, -27.504856543939241 ], [ -55.426275268520101, -27.50217392468835 ], [ -55.426247864457821, -27.500688314235276 ], [ -55.425266833051239, -27.499524010416849 ], [ -55.422734527193768, -27.496518610520695 ], [ -55.422326772983013, -27.496264806915462 ], [ -55.422266100174738, -27.496265224137971 ], [ -55.422264977965654, -27.49624385399278 ], [ -55.422248764525875, -27.496040874265532 ], [ -55.422618539366226, -27.495954690248823 ], [ -55.421158148025597, -27.492674700190491 ], [ -55.420779773826325, -27.490900764260061 ], [ -55.424880486734253, -27.48382349365113 ], [ -55.422897315619821, -27.477617626509186 ], [ -55.423538231881196, -27.475972755308078 ], [ -55.422596164937715, -27.472304685791414 ], [ -55.422567341448541, -27.472278199163213 ], [ -55.422574970489904, -27.472253071193677 ], [ -55.422977204578558, -27.468287073741863 ], [ -55.422781994372997, -27.468193228767404 ], [ -55.421080421636702, -27.467279139993252 ], [ -55.423031793685368, -27.466000472061069 ], [ -55.423202636217411, -27.465485025052544 ], [ -55.423266387569583, -27.465473621294507 ], [ -55.4268828654196, -27.459340081122832 ], [ -55.427331830136723, -27.458109361209495 ], [ -55.42734949819237, -27.458118457420539 ], [ -55.428541156552512, -27.458470989889463 ], [ -55.429255248063328, -27.458625811453203 ], [ -55.430650703613367, -27.458429416553997 ], [ -55.430660671213047, -27.458420100852379 ], [ -55.432379777692404, -27.458749906023229 ], [ -55.43492115231345, -27.45885083986866 ], [ -55.434959167329055, -27.458827088280771 ], [ -55.434624684653443, -27.458481013968367 ], [ -55.434659302121474, -27.458458539077355 ], [ -55.434653277960194, -27.458421237638333 ], [ -55.439616565308427, -27.458976644709253 ], [ -55.442543729833858, -27.459334632958587 ], [ -55.449310539045598, -27.458307291599056 ], [ -55.450390017579252, -27.457098706019792 ], [ -55.449854625868454, -27.454829441157926 ], [ -55.44984669281132, -27.454811405310465 ], [ -55.448976311292711, -27.453509975838188 ], [ -55.443087150512952, -27.445034217779551 ], [ -55.444432202709152, -27.444250137657036 ], [ -55.441946452062894, -27.440169661047548 ], [ -55.438864128370597, -27.438622845933537 ], [ -55.437071841580234, -27.435961575844431 ], [ -55.437057084997093, -27.435950451625786 ], [ -55.432861140252157, -27.435417673442885 ], [ -55.430101448547134, -27.436069275203806 ], [ -55.427891014237616, -27.436616281383635 ], [ -55.424703921730725, -27.439170234177595 ], [ -55.420027477554299, -27.442869521938746 ], [ -55.419297945349854, -27.44415892016508 ], [ -55.416157157643511, -27.445980668340951 ], [ -55.41483527131254, -27.446007321163052 ], [ -55.410381137373236, -27.447562367806313 ], [ -55.406669107279924, -27.447722035828122 ], [ -55.40109764948761, -27.449122223625579 ], [ -55.399213318738134, -27.450424801997315 ], [ -55.398276154056816, -27.455525372679574 ], [ -55.39771721776134, -27.456423097722336 ], [ -55.39729815900921, -27.456718648490892 ], [ -55.39444447910455, -27.459159419172465 ], [ -55.391324342393602, -27.459426491341446 ], [ -55.388339678860575, -27.46340356145771 ], [ -55.388481504413051, -27.463954057557089 ], [ -55.388480040762488, -27.463981738788959 ], [ -55.388471649659152, -27.465073599280799 ], [ -55.384989713011237, -27.467979459466676 ], [ -55.383879784730937, -27.464749631654797 ], [ -55.383870041681348, -27.464682125500019 ], [ -55.374801535531958, -27.460692777809584 ], [ -55.374145260944147, -27.460933424731365 ], [ -55.374142712139133, -27.460802588300851 ], [ -55.37259658703158, -27.461013194402312 ], [ -55.370873217705025, -27.459028115934927 ], [ -55.36606460369967, -27.457930980530705 ], [ -55.366060108155182, -27.457911382286625 ], [ -55.362663549267552, -27.456723096327039 ], [ -55.362636210526034, -27.45674347283898 ], [ -55.361225341824365, -27.458145597012447 ], [ -55.360571168390891, -27.458370885580962 ], [ -55.36057070390126, -27.458370253427177 ], [ -55.357427913233835, -27.456393766912186 ], [ -55.361693796754764, -27.453084214169394 ], [ -55.36171310465545, -27.453058059630166 ], [ -55.361737850021711, -27.453076067656866 ], [ -55.364554240577604, -27.450848826502522 ], [ -55.370656385687425, -27.441700601241905 ], [ -55.370664371098258, -27.441698827898847 ], [ -55.372381545672624, -27.439278066971724 ], [ -55.370351869561375, -27.439556760960784 ], [ -55.370059321081897, -27.439589749449169 ], [ -55.369365800641503, -27.439695674445659 ], [ -55.369328363768545, -27.439689182029099 ], [ -55.366817694703968, -27.441409594222534 ], [ -55.367456769406374, -27.439277926790169 ], [ -55.366678922816732, -27.437924545620547 ], [ -55.366757534065982, -27.43744521714018 ], [ -55.364603651759239, -27.430739789904521 ], [ -55.36367583668266, -27.42720142419455 ], [ -55.364504894636752, -27.425798130982685 ], [ -55.360986860318178, -27.419773770797576 ], [ -55.358966054979248, -27.413723278277189 ], [ -55.362496033422872, -27.414038797722696 ], [ -55.362525094708076, -27.414035621076266 ], [ -55.36295930103671, -27.413854125772332 ], [ -55.362985677839504, -27.413839537171498 ], [ -55.363455074498461, -27.41296632328914 ], [ -55.367652177612683, -27.41110777206103 ], [ -55.36844238481342, -27.410869830239051 ], [ -55.368517225829862, -27.410868475138216 ], [ -55.3685205063328, -27.410867322483512 ], [ -55.369182909505582, -27.41050204828116 ], [ -55.370011388476769, -27.41006724067563 ], [ -55.370032084290642, -27.410034510685591 ], [ -55.370012780053685, -27.409286249077184 ], [ -55.370227750586537, -27.408936204248903 ], [ -55.37021589774406, -27.408904258979533 ], [ -55.371565277045875, -27.408366832520983 ], [ -55.371578996866731, -27.408344362040111 ], [ -55.371704976410058, -27.407915347531741 ], [ -55.372541598685757, -27.407337179646561 ], [ -55.372571596537625, -27.407338334215069 ], [ -55.373703534960157, -27.407661223808702 ], [ -55.37419491878137, -27.407032999588523 ], [ -55.37561254669987, -27.406752768175693 ], [ -55.375639494962002, -27.406710617352871 ], [ -55.376055583500829, -27.405303032858399 ], [ -55.374494748836639, -27.400082812860433 ], [ -55.373635254385647, -27.396490811729052 ], [ -55.373591290119123, -27.396500372002151 ], [ -55.37358101701335, -27.396463169920992 ], [ -55.373812314066527, -27.395560546122169 ], [ -55.373173563915259, -27.394888948922471 ], [ -55.37421788238214, -27.395303608017514 ], [ -55.374342480366977, -27.395254574037267 ], [ -55.374412006195087, -27.395290007531173 ], [ -55.37788524830296, -27.393451527248089 ], [ -55.388483264684965, -27.390915767451247 ], [ -55.389423774379281, -27.390803659792539 ], [ -55.390365147185207, -27.391383922606622 ], [ -55.390408313551063, -27.391412950906556 ], [ -55.392897166484431, -27.392299738543841 ], [ -55.392910687881113, -27.392295047341747 ], [ -55.395136177201493, -27.389456825465913 ], [ -55.395450039254285, -27.389380639422029 ], [ -55.399998071964717, -27.388848402307474 ], [ -55.401216040338511, -27.39094067234231 ], [ -55.401272660203858, -27.391055075312693 ], [ -55.40555721404786, -27.38984778737489 ], [ -55.411171984630641, -27.389722245711312 ], [ -55.414798278493436, -27.38994910415272 ], [ -55.419741481265248, -27.389507365496627 ], [ -55.425745165731882, -27.385790270559653 ], [ -55.426480507635858, -27.384723976737234 ], [ -55.427699437796321, -27.383772883433039 ], [ -55.429885720206528, -27.382149456030049 ], [ -55.429916062103871, -27.382090505480903 ], [ -55.429972490775754, -27.382038091076765 ], [ -55.429983570735715, -27.382031238301636 ], [ -55.431494316904946, -27.380366611407737 ], [ -55.431995261793759, -27.379694424033971 ], [ -55.433179404662383, -27.380301487686438 ], [ -55.433082169327406, -27.380576226585447 ], [ -55.435232616510916, -27.385520697636821 ], [ -55.435293570885278, -27.385564491912646 ], [ -55.438410865877529, -27.386024511609037 ], [ -55.438704819186285, -27.385866966550964 ], [ -55.446052867417279, -27.380924758094693 ], [ -55.447928065791928, -27.379600297190734 ], [ -55.450590486701685, -27.376343800986831 ], [ -55.448987203648983, -27.370319541354547 ], [ -55.458162096893318, -27.37011318615788 ], [ -55.458205751846663, -27.370088769931044 ], [ -55.459008425392085, -27.369629562534953 ], [ -55.461973800920759, -27.36593064157239 ], [ -55.46199029911628, -27.365900923058575 ], [ -55.461141370907228, -27.364016245507742 ], [ -55.461372971015919, -27.363465604936778 ], [ -55.461341098932451, -27.363425000037296 ], [ -55.457513723357579, -27.36268405150571 ], [ -55.452638579583379, -27.36152486778434 ], [ -55.45024310064241, -27.364412973835385 ], [ -55.449713665985769, -27.364498899400076 ], [ -55.449660761515247, -27.364496993641069 ], [ -55.449646088559859, -27.364514490513272 ], [ -55.448831761003987, -27.364632506669579 ], [ -55.448204753764173, -27.364667374213809 ], [ -55.448222478897264, -27.364685331211319 ], [ -55.447433655144323, -27.364769144109175 ], [ -55.447428373114292, -27.364770754529957 ], [ -55.447229141937555, -27.364609698191714 ], [ -55.446365799336547, -27.363177573091605 ], [ -55.446360471043249, -27.363176427340818 ], [ -55.441020768523174, -27.359304860735847 ], [ -55.440435139143347, -27.358633854371078 ], [ -55.439256039684949, -27.357804758541477 ], [ -55.436309528319271, -27.356208838658119 ], [ -55.436304060314853, -27.356204505434562 ], [ -55.433088165085962, -27.356862841600844 ], [ -55.433060580897688, -27.356931245165697 ], [ -55.432844007088761, -27.357089360199041 ], [ -55.432840494616414, -27.357085002421968 ], [ -55.432814440058337, -27.35704134748363 ], [ -55.43280895261023, -27.357046118334893 ], [ -55.432626222178214, -27.356867430156342 ], [ -55.432519682365125, -27.356628198314638 ], [ -55.431248507710905, -27.354735138042088 ], [ -55.431156924808306, -27.353607289543845 ], [ -55.431607959390988, -27.35361526938658 ], [ -55.431627585035471, -27.353599261479587 ], [ -55.431919234245015, -27.352373797352698 ], [ -55.432142457394093, -27.348444332126519 ], [ -55.432152152729088, -27.347260297252262 ], [ -55.432152486968903, -27.347222418546892 ], [ -55.432735815046499, -27.347320395229474 ], [ -55.432790476604282, -27.347352170143608 ], [ -55.432984120196181, -27.347492320467779 ], [ -55.436832726537091, -27.346669658642782 ], [ -55.436764855742751, -27.346219175204851 ], [ -55.436772968561627, -27.346169698361962 ], [ -55.437289366003426, -27.345512146049657 ], [ -55.440528838669252, -27.340898317994288 ], [ -55.440536443487133, -27.34085794772443 ], [ -55.440904909283915, -27.339606758433035 ], [ -55.442783008210256, -27.337443669667891 ], [ -55.442769824891286, -27.337392348577396 ], [ -55.442775989743723, -27.337369188375703 ], [ -55.442419300252823, -27.336089551003568 ], [ -55.442434899554314, -27.336066168779837 ], [ -55.444879467021167, -27.3328455226507 ], [ -55.445218002351851, -27.331887592155226 ], [ -55.44520731455799, -27.331646360214052 ], [ -55.445212287542972, -27.331646440742873 ], [ -55.445458746115037, -27.331608653966953 ], [ -55.445508687602228, -27.331601568928534 ], [ -55.445675944548384, -27.331585883649836 ], [ -55.446238535315956, -27.331652938620664 ], [ -55.451627483854907, -27.332722931753608 ], [ -55.451626638376638, -27.332719205682338 ], [ -55.448714425720652, -27.327750713450826 ], [ -55.450546080581489, -27.322575944916252 ], [ -55.453198541492441, -27.320673836260539 ], [ -55.452121252190636, -27.319492429701825 ], [ -55.452102220857853, -27.319473597812362 ], [ -55.450060007633567, -27.316808770640591 ], [ -55.450011744560925, -27.31682413015443 ], [ -55.44574922633177, -27.318400595579931 ], [ -55.44520078805067, -27.318847113203617 ], [ -55.445040838188277, -27.319238633935186 ], [ -55.444986952712441, -27.319265710853585 ], [ -55.444980173398335, -27.319269849915656 ], [ -55.444738152886373, -27.319216650595308 ], [ -55.444732374700152, -27.319218758682723 ], [ -55.444410622745409, -27.319528587245713 ], [ -55.444381380867128, -27.319507442014981 ], [ -55.443633866789582, -27.31867441065873 ], [ -55.444649924540045, -27.318612039616369 ], [ -55.444971533227545, -27.317955294085664 ], [ -55.445241434008551, -27.316636971006176 ], [ -55.445407883867063, -27.316458754901987 ], [ -55.447488313662461, -27.314539282276087 ], [ -55.447539666353066, -27.314076457898068 ], [ -55.446549344613743, -27.313168893682018 ], [ -55.446250891472232, -27.312720161580671 ], [ -55.446202037449098, -27.312665612408011 ], [ -55.445922370339872, -27.312399873314803 ], [ -55.445922927429365, -27.312394115699362 ], [ -55.446428086693686, -27.311469685465681 ], [ -55.446457478668094, -27.311472677400616 ], [ -55.446817784977441, -27.310780089995603 ], [ -55.44692641387627, -27.310557764618181 ], [ -55.446930357642032, -27.310549075250833 ], [ -55.447760220311125, -27.309423432900132 ], [ -55.448094507720441, -27.308220473945369 ], [ -55.448289044235764, -27.308300345299074 ], [ -55.44826993750064, -27.306602672688143 ], [ -55.448344110756693, -27.305281707292863 ], [ -55.448326335334173, -27.305242506168895 ], [ -55.448301452608121, -27.305231920880715 ], [ -55.448043341929008, -27.305171921620115 ], [ -55.448024049261619, -27.305127548107805 ], [ -55.447089624976684, -27.30471968260872 ], [ -55.447481578776319, -27.303969280814783 ], [ -55.447451128582031, -27.303952404661686 ], [ -55.447440800019479, -27.303926749498885 ], [ -55.448502200385576, -27.302051819293297 ], [ -55.448619116824773, -27.301683094607142 ], [ -55.448925568840707, -27.301863904370919 ], [ -55.449468122793405, -27.301994351586018 ], [ -55.449490662240692, -27.30200314532857 ], [ -55.449481485620083, -27.302027543571342 ], [ -55.449891636429811, -27.302155346093343 ], [ -55.449952782980688, -27.30214051455016 ], [ -55.449958783579916, -27.302153984073072 ], [ -55.450380293172373, -27.301979898112052 ], [ -55.450637180087483, -27.301733966217284 ], [ -55.451475701078891, -27.300960313783776 ], [ -55.452652455084774, -27.299874337913479 ], [ -55.453323278854725, -27.299533948697103 ], [ -55.45336021712501, -27.299496535557239 ], [ -55.45354302773967, -27.299055127331428 ], [ -55.454644539074707, -27.295668997903135 ], [ -55.455693286890039, -27.294074738250856 ], [ -55.456076063535306, -27.293188152616779 ], [ -55.454514959550181, -27.29216800344409 ], [ -55.452155096892625, -27.2931689684562 ], [ -55.452269922183689, -27.293655940867666 ], [ -55.45161662147575, -27.293782514329962 ], [ -55.449598095013073, -27.294285623643702 ], [ -55.4494147511748, -27.294331320833294 ], [ -55.449464407090204, -27.294227885206396 ], [ -55.449537718848546, -27.294212938821374 ], [ -55.450323084022443, -27.293456867080863 ], [ -55.452948380474197, -27.285613938550796 ], [ -55.454461560718869, -27.278334416574751 ], [ -55.45390022115339, -27.277172171793609 ], [ -55.453912894917607, -27.277162433769092 ], [ -55.45371987036242, -27.276791409088503 ], [ -55.453734599988877, -27.276779949414845 ], [ -55.453467937045218, -27.276261816644819 ], [ -55.453251745369698, -27.275581923172638 ], [ -55.450423191951472, -27.271447093106417 ], [ -55.450143408739052, -27.270480557663518 ], [ -55.451443685828053, -27.26968894994252 ], [ -55.451408547439087, -27.269649216365224 ], [ -55.449766575222156, -27.269178745989961 ], [ -55.449699906124863, -27.2686091983187 ], [ -55.449732000709105, -27.268205445074784 ], [ -55.449732877437498, -27.268189608356181 ], [ -55.44969138285245, -27.268186687303796 ], [ -55.449844894930095, -27.266015019950373 ], [ -55.449847168247516, -27.266005196549656 ], [ -55.451839324389539, -27.266484022165059 ], [ -55.451892306752484, -27.266533099610797 ], [ -55.453035919625506, -27.266818816798661 ], [ -55.453086726743663, -27.266863827021325 ], [ -55.45977045203955, -27.264350708295126 ], [ -55.46080107625346, -27.261987963092452 ], [ -55.460831027111851, -27.261985268461899 ], [ -55.461317114134488, -27.262086729140321 ], [ -55.462430816521248, -27.261118613394274 ], [ -55.461695259753128, -27.257807886617002 ], [ -55.459474484643692, -27.256534916191924 ], [ -55.459029130126794, -27.256566742493021 ], [ -55.458998947226519, -27.256569458000115 ], [ -55.450006590327064, -27.260495782580506 ], [ -55.451612246335856, -27.255395145303794 ], [ -55.455156669657811, -27.252211209086624 ], [ -55.463334987767837, -27.242865461684062 ], [ -55.465019138936213, -27.242199561729251 ], [ -55.456226251815337, -27.226123185454583 ], [ -55.454234349390731, -27.223856089138849 ], [ -55.451898718054565, -27.221125321445356 ], [ -55.450956963485567, -27.211458898689102 ], [ -55.450651412028776, -27.210847515868352 ], [ -55.45065467411024, -27.210844637790842 ], [ -55.450865732602267, -27.210861621227536 ], [ -55.450868351991858, -27.210859329566006 ], [ -55.450501876178521, -27.207365844381229 ], [ -55.450542164076239, -27.207332170151346 ], [ -55.449461411699701, -27.199977540429245 ], [ -55.449509329122691, -27.199413087934886 ], [ -55.449461307427157, -27.198703520161644 ], [ -55.44945605200104, -27.198698807559595 ], [ -55.449318775148242, -27.198696661905899 ], [ -55.448539883797139, -27.198569202124133 ], [ -55.448514324424423, -27.198149412855912 ], [ -55.44818767337631, -27.194549938002353 ], [ -55.448144452981069, -27.194516640395477 ], [ -55.447971858158212, -27.19457002850595 ], [ -55.446009651249256, -27.19511902183558 ], [ -55.44446114114271, -27.195601552385199 ], [ -55.444460634876805, -27.195635078833504 ], [ -55.439966311610931, -27.19666306752066 ], [ -55.437410698914789, -27.196963503283428 ], [ -55.437356829589078, -27.19701056860805 ], [ -55.437351059813636, -27.197015616491115 ], [ -55.435555230826026, -27.197743507224686 ], [ -55.435555484937652, -27.19772083504364 ], [ -55.435552721180557, -27.197694893988739 ], [ -55.43588646792341, -27.196579276487 ], [ -55.436080638770022, -27.195829307448662 ], [ -55.436131989143576, -27.195823957903997 ], [ -55.436879519484933, -27.19318906553616 ], [ -55.438086258689395, -27.189874717850103 ], [ -55.439119877562916, -27.189871646232803 ], [ -55.43913985608333, -27.189854272757884 ], [ -55.440323745448211, -27.186333817137097 ], [ -55.441579670899046, -27.182940027781399 ], [ -55.441394401883258, -27.180920255758167 ], [ -55.441430817597961, -27.180888733789857 ], [ -55.441198316471116, -27.18030972364744 ], [ -55.441282187751142, -27.17872274828062 ], [ -55.441225564774868, -27.178721095346191 ], [ -55.441225414106782, -27.178671181353423 ], [ -55.441224025931604, -27.178637999793978 ], [ -55.44122426316585, -27.178596948023994 ], [ -55.441324594473883, -27.178591269540789 ], [ -55.441307537600096, -27.17860805626907 ], [ -55.441347471410268, -27.178605812419164 ], [ -55.441348413663547, -27.178645183584251 ], [ -55.441365470537392, -27.178628396856084 ], [ -55.441540204714784, -27.178584622113135 ], [ -55.441554202705333, -27.178405385088354 ], [ -55.441527882137223, -27.178269266217967 ], [ -55.440882403657668, -27.173437245400635 ], [ -55.440846117077342, -27.173404768270473 ], [ -55.440829004446755, -27.172387973748471 ], [ -55.44079808330082, -27.17235852553074 ], [ -55.440820842950473, -27.17220031578222 ], [ -55.44079087034072, -27.172171422102451 ], [ -55.440180910715696, -27.172134098059644 ], [ -55.439406777315128, -27.169154696651049 ], [ -55.439307828241397, -27.167737109594839 ], [ -55.439294226975676, -27.167724386935674 ], [ -55.439084275395942, -27.167721711573392 ], [ -55.439081498087603, -27.167685656852598 ], [ -55.438192709106147, -27.16451404793213 ], [ -55.440710636617951, -27.165162253582878 ], [ -55.440766826950437, -27.165158162718967 ], [ -55.442471476226387, -27.164693328772159 ], [ -55.44616156388156, -27.164884900743857 ], [ -55.446290056245005, -27.165233436343897 ], [ -55.44631328159528, -27.165253587588495 ], [ -55.446352009957366, -27.16528258784092 ], [ -55.455139977640329, -27.165588180843713 ], [ -55.455414019201328, -27.165614506616294 ], [ -55.455505817595906, -27.165625229426496 ], [ -55.455508251683341, -27.165626553410618 ], [ -55.455654815341632, -27.165639217409989 ], [ -55.455725194603076, -27.165641373025323 ], [ -55.455781920056381, -27.165588836628388 ], [ -55.469399494928268, -27.166060175614803 ], [ -55.469219820883836, -27.169299272017554 ], [ -55.471934153183554, -27.170280372750028 ], [ -55.471978370780334, -27.170320228529135 ], [ -55.475618885047254, -27.170354673400482 ], [ -55.47561919746579, -27.170323576940746 ], [ -55.475654701096062, -27.17032328929804 ], [ -55.479714822434232, -27.170274754526702 ], [ -55.479720131412364, -27.171018005959468 ], [ -55.479733375520652, -27.171029680918082 ], [ -55.48149606436391, -27.171342164192822 ], [ -55.487194431413059, -27.173340464350417 ], [ -55.489672303395537, -27.173578989615976 ], [ -55.493975369667339, -27.173554461124866 ], [ -55.498378792939661, -27.175654605674026 ], [ -55.498421840582637, -27.175654356269376 ], [ -55.505331335868789, -27.173461676992474 ], [ -55.505331409277801, -27.173502799646997 ], [ -55.505330013124023, -27.175540116627644 ], [ -55.505350379952858, -27.178732535256358 ], [ -55.505387764405384, -27.178765340804318 ], [ -55.505409925716037, -27.178784755348886 ], [ -55.51056190988686, -27.178786610871555 ], [ -55.511911259059275, -27.178682408870998 ], [ -55.51429703903915, -27.178498176030644 ], [ -55.514702378180004, -27.178505375438647 ], [ -55.514726406319994, -27.17849379334416 ], [ -55.522425131588477, -27.18071099541794 ], [ -55.529032912003856, -27.178482351254672 ], [ -55.530286528154647, -27.180735420785595 ], [ -55.530512307544598, -27.183717755177668 ], [ -55.532838652416899, -27.185368005572343 ], [ -55.531520266201824, -27.186947350233936 ], [ -55.531527059541133, -27.18698795531617 ], [ -55.533276310888994, -27.190699527645506 ], [ -55.533308242254122, -27.190695836537543 ], [ -55.533456135327299, -27.190599048585284 ], [ -55.533487066150769, -27.190595314369887 ], [ -55.535367844030986, -27.191825685826416 ], [ -55.536484324062087, -27.192555916087201 ], [ -55.538376337715476, -27.193804874089835 ], [ -55.538393268775394, -27.193817477573418 ], [ -55.538372618361052, -27.193845178395861 ], [ -55.541196513643001, -27.195441084804202 ], [ -55.542309978446383, -27.196136128725129 ], [ -55.543617799072138, -27.196988584446501 ], [ -55.544601846796525, -27.197627466257529 ], [ -55.54467748246384, -27.197678136903846 ], [ -55.544682010068072, -27.197677579617107 ], [ -55.544728090126114, -27.197641040146493 ], [ -55.546269733440852, -27.197847215481943 ], [ -55.546807657876343, -27.198287787310051 ], [ -55.54764808532326, -27.199019055689575 ], [ -55.547678841157506, -27.199048191981262 ], [ -55.547668199474629, -27.199059139536303 ], [ -55.54910312580472, -27.200312089373938 ], [ -55.549119720192266, -27.200333222560914 ], [ -55.550080483702061, -27.202003366549945 ], [ -55.550134281714975, -27.202021839380052 ], [ -55.550156592739313, -27.20202228072003 ], [ -55.550826119351484, -27.201648951616733 ], [ -55.550869391185415, -27.201663810032471 ], [ -55.551474738472564, -27.202159618887777 ], [ -55.551499068477312, -27.202158868266508 ], [ -55.552996805716532, -27.204207187073337 ], [ -55.553411480569423, -27.204722755438411 ], [ -55.553412736735595, -27.204741279274231 ], [ -55.553825108216472, -27.205086204761869 ], [ -55.554415223256058, -27.205350045809269 ], [ -55.554468961889938, -27.205347642336903 ], [ -55.557092415644888, -27.206537706831057 ], [ -55.558114530813498, -27.206909208131435 ], [ -55.558117777323105, -27.206910577067333 ], [ -55.55815685159746, -27.207177572639409 ], [ -55.558517661245276, -27.207184234021156 ], [ -55.561211990395634, -27.208186290659 ], [ -55.563444712355874, -27.209732699418282 ], [ -55.563479349872068, -27.209757379706843 ], [ -55.566292821117941, -27.209892663026949 ], [ -55.566350855859639, -27.209882799855222 ], [ -55.569182510615576, -27.210496586156921 ], [ -55.566925959438379, -27.212658209990991 ], [ -55.566919897492141, -27.212664786146718 ], [ -55.566913440956455, -27.21266033754307 ], [ -55.566730191067052, -27.213107504395282 ], [ -55.566830171484867, -27.213458646756578 ], [ -55.566837556678763, -27.213507567618251 ], [ -55.566881571477325, -27.213516452661793 ], [ -55.56689554282832, -27.213507891140978 ], [ -55.566900279214451, -27.213524688679342 ], [ -55.56693865445294, -27.213495815748047 ], [ -55.567250067372356, -27.214598343942384 ], [ -55.567811024463367, -27.215544791180889 ], [ -55.567911865733265, -27.217186661095411 ], [ -55.567939256089915, -27.21721916950321 ], [ -55.567987519854455, -27.218034681604877 ], [ -55.56801825061649, -27.218034978219237 ], [ -55.568034494460107, -27.218063403003384 ], [ -55.568281624911037, -27.218141191142422 ], [ -55.568305663836554, -27.218142529724446 ], [ -55.568293223453168, -27.219385485624287 ], [ -55.567562730549412, -27.22076987372219 ], [ -55.570239061816494, -27.221244936846801 ], [ -55.570275677462064, -27.221243706214807 ], [ -55.571011722523735, -27.22294288260747 ], [ -55.57119758703675, -27.223186732503848 ], [ -55.578380908288182, -27.227950634634396 ], [ -55.581129332610601, -27.235396295741111 ], [ -55.584360109999977, -27.232751943999858 ], [ -55.589552527999899, -27.227931042999955 ], [ -55.590945501999954, -27.22674232799983 ], [ -55.597209308999879, -27.222402051999893 ], [ -55.600259132999895, -27.220318005000024 ], [ -55.602851483999984, -27.218742263000024 ], [ -55.605240513000012, -27.217725654999924 ], [ -55.607578711999963, -27.216607385999964 ], [ -55.609815249, -27.214980813000011 ], [ -55.611594313999944, -27.212998426999945 ], [ -55.612427131999823, -27.21126762 ], [ -55.61362752999986, -27.208067877999952 ], [ -55.614898289999928, -27.204052274999867 ], [ -55.616118219999976, -27.200544976999936 ], [ -55.617439809999894, -27.197342661999926 ], [ -55.617948113999944, -27.195004462999975 ], [ -55.618354758, -27.193428720999805 ], [ -55.618863061999889, -27.190582217999918 ], [ -55.618761400999915, -27.18717658099996 ], [ -55.617998944999897, -27.182601843999976 ], [ -55.616880676, -27.17792544699995 ], [ -55.616272009, -27.174773326999912 ], [ -55.615355763999844, -27.171012510999958 ], [ -55.614389985999878, -27.168572651999966 ], [ -55.612865074000013, -27.165827809999882 ], [ -55.611390992, -27.164353727999867 ], [ -55.610476044999871, -27.163438780999911 ], [ -55.607731202999958, -27.161303904000022 ], [ -55.604986360999874, -27.160083973999974 ], [ -55.601224910999861, -27.15942317899993 ], [ -55.597107647999906, -27.159219856999982 ], [ -55.592532910999921, -27.159829822 ], [ -55.589228934999937, -27.161100581999904 ], [ -55.58638243199988, -27.163032137999835 ], [ -55.584194289999914, -27.164961299999959 ], [ -55.581706035000025, -27.167098569999951 ], [ -55.579571158000022, -27.16816600899989 ], [ -55.57713129799987, -27.168572651999966 ], [ -55.574793098999862, -27.168775972999924 ], [ -55.572149917999809, -27.16811517799988 ], [ -55.569252584999902, -27.166895248 ], [ -55.566456912999968, -27.165421166999806 ], [ -55.563305427999978, -27.162879646000022 ], [ -55.561119719999965, -27.160948090999909 ], [ -55.559747298999923, -27.158254079000017 ], [ -55.558883181999988, -27.155814220000025 ], [ -55.55862903000002, -27.153831833999959 ], [ -55.558324047999918, -27.149765401000025 ], [ -55.558934012999941, -27.14646142499987 ], [ -55.560590395999952, -27.142874870000014 ], [ -55.563164837999977, -27.135037550999925 ], [ -55.565327712999874, -27.122288443999878 ], [ -55.565287812999941, -27.118199718999961 ], [ -55.565440304999868, -27.113980794999861 ], [ -55.5651861529999, -27.11052432799994 ], [ -55.56467784900002, -27.107423672999914 ], [ -55.563864561999878, -27.104983813 ], [ -55.562797123999928, -27.102747275999945 ], [ -55.561323041999913, -27.10132402399995 ], [ -55.559442317, -27.099849941999935 ], [ -55.55710411799987, -27.098884164999959 ], [ -55.554816749999986, -27.098325029999899 ], [ -55.552122737999923, -27.09807087799993 ], [ -55.549072913999908, -27.098172538999904 ], [ -55.545565615999976, -27.09868084299984 ], [ -55.536873615999866, -27.099748281999894 ], [ -55.526453382999932, -27.100866551000024 ], [ -55.521305176999931, -27.102205546 ], [ -55.515118201999883, -27.103814713999896 ], [ -55.50973017899986, -27.105237964999901 ], [ -55.502918905, -27.10701703 ], [ -55.497378390999984, -27.108338619999927 ], [ -55.492193688999976, -27.109355228000027 ], [ -55.485433244999911, -27.110676818999934 ], [ -55.481011, -27.111540935999869 ], [ -55.476995397999872, -27.111795087999838 ], [ -55.47297979599989, -27.11159176599989 ], [ -55.468913362999956, -27.111642597000014 ], [ -55.466016029999935, -27.110829309999872 ], [ -55.462203748999912, -27.109558549999974 ], [ -55.459052263999922, -27.108440280999901 ], [ -55.455544966, -27.106254574 ], [ -55.453054275999875, -27.104068865999977 ], [ -55.451122720999933, -27.102086479999912 ], [ -55.449801129999912, -27.099494129999982 ], [ -55.449486294999986, -27.097268201999839 ], [ -55.450043663999907, -27.091984493999917 ], [ -55.451549677, -27.087657939999872 ], [ -55.452376442999935, -27.085355658999902 ], [ -55.452654301, -27.08396434399998 ], [ -55.453804139, -27.079901452 ], [ -55.454968887999939, -27.077255826999931 ], [ -55.455375530999902, -27.074680419999936 ], [ -55.455936358999963, -27.068733216 ], [ -55.455985495999926, -27.06403992099996 ], [ -55.456045114999881, -27.0587972269999 ], [ -55.455224451999925, -27.054460266999968 ], [ -55.454690034999942, -27.052118582999924 ], [ -55.453720443, -27.045567819999974 ], [ -55.452767309000023, -27.043211841999891 ], [ -55.449117845999865, -27.034785828999929 ], [ -55.445740405999913, -27.025377847000016 ], [ -55.439097141999866, -27.014154933999919 ], [ -55.428238970999928, -27.002453573999958 ], [ -55.426215821999961, -26.999205738 ], [ -55.422657692999906, -26.995850930999893 ], [ -55.419811190000019, -26.993004427999892 ], [ -55.417985577999957, -26.992005507999863 ], [ -55.414423167, -26.990056264999964 ], [ -55.40878099199989, -26.986447305999945 ], [ -55.405019541999877, -26.984617410999988 ], [ -55.401918887000022, -26.982635024999922 ], [ -55.398869063, -26.98075429999983 ], [ -55.395310934999941, -26.978771913999935 ], [ -55.392820244999825, -26.976840359 ], [ -55.38971958999997, -26.974248007999904 ], [ -55.387025577999907, -26.972113131000015 ], [ -55.384585718999915, -26.970537389000015 ], [ -55.381688386, -26.968961646000025 ], [ -55.379248525999913, -26.967792546999931 ], [ -55.375741227999981, -26.966165973999807 ], [ -55.372538912999971, -26.965301856999986 ], [ -55.369156902999919, -26.964371349999908 ], [ -55.367088255, -26.964268020999896 ], [ -55.363889967999853, -26.964300310999988 ], [ -55.359119684999882, -26.964691891999962 ], [ -55.351800106999974, -26.9648443829999 ], [ -55.345954609999865, -26.96489521399991 ], [ -55.341125720999912, -26.964285249 ], [ -55.337008458999946, -26.96382777499997 ], [ -55.332891196, -26.963421131999894 ], [ -55.32943472799991, -26.963573623 ], [ -55.324605838999844, -26.96387860499982 ], [ -55.319144181999945, -26.963844268 ], [ -55.312834813999984, -26.964211226999907 ], [ -55.309814190999987, -26.96438690899987 ], [ -55.306662706, -26.96387860499982 ], [ -55.303409559999864, -26.963014488 ], [ -55.300410565999982, -26.961947049999878 ], [ -55.297716553999919, -26.960371306999889 ], [ -55.29405676499988, -26.958134769000026 ], [ -55.28927870699988, -26.95457664099996 ], [ -55.283331549000025, -26.950103564999949 ], [ -55.277943526, -26.945579658999918 ], [ -55.27606280099991, -26.944105576999902 ], [ -55.273673771999938, -26.942479003999892 ], [ -55.269251526999881, -26.940344127 ], [ -55.264575128999866, -26.938666723999859 ], [ -55.260102053999958, -26.937904268000011 ], [ -55.25705222900001, -26.937700945999893 ], [ -55.25491735199995, -26.937599284999806 ], [ -55.252223340999876, -26.938005928999985 ], [ -55.247801095, -26.938819215000024 ], [ -55.244242966999877, -26.940089974999921 ], [ -55.238448300999835, -26.943546443 ], [ -55.232381018000012, -26.948089698999866 ], [ -55.231826178999938, -26.948758580999879 ], [ -55.228137818999926, -26.952422823 ], [ -55.224225223999952, -26.955921898999975 ], [ -55.221138021999877, -26.958851787999834 ], [ -55.220532390999836, -26.959497753 ], [ -55.21532046599981, -26.964183588000026 ], [ -55.212321471999928, -26.966267633999962 ], [ -55.208460751999894, -26.968364206999979 ], [ -55.203121167999939, -26.969876592999867 ], [ -55.20106898399996, -26.969926645999919 ], [ -55.198953074999963, -26.969978253999841 ], [ -55.193666712999914, -26.968859984999881 ], [ -55.188075367999829, -26.967080920999933 ], [ -55.18334813999985, -26.965352686999836 ], [ -55.179942502999893, -26.964132756999902 ], [ -55.175926900999912, -26.962252031999981 ], [ -55.172317942, -26.960930441999892 ], [ -55.169878081999912, -26.959812172999818 ], [ -55.166065801999878, -26.958846395000023 ], [ -55.161745216999975, -26.957728125999949 ], [ -55.159051205999901, -26.957270652999853 ], [ -55.154781451999952, -26.956406535999861 ], [ -55.151121661999923, -26.95615238399995 ], [ -55.147919346999913, -26.955339096999978 ], [ -55.144056235999926, -26.954373319000013 ], [ -55.141463885, -26.953458371999886 ], [ -55.137753265999947, -26.951221834000023 ], [ -55.134042645999898, -26.947663705999958 ], [ -55.13206026, -26.944512220999911 ], [ -55.131043651999903, -26.941665717999911 ], [ -55.130077873999937, -26.938666723999859 ], [ -55.13012870499989, -26.935921881999946 ], [ -55.131196142999897, -26.933482021999851 ], [ -55.132721054999877, -26.931092993 ], [ -55.134805101999916, -26.928551473000027 ], [ -55.136584165999864, -26.926467425999988 ], [ -55.138159909000024, -26.924027567 ], [ -55.139633990999869, -26.921333554999933 ], [ -55.142366701000014, -26.916584112999885 ], [ -55.143151417999832, -26.914513959999852 ], [ -55.144283457999904, -26.911575409999898 ], [ -55.14578446999991, -26.908880105999913 ], [ -55.147919346999913, -26.903949555999986 ], [ -55.149285111999916, -26.899333110999919 ], [ -55.149519696999903, -26.898823199999924 ], [ -55.150289891999932, -26.895953899 ], [ -55.150257309999802, -26.892608902 ], [ -55.150096152999879, -26.890104850999933 ], [ -55.149404383999865, -26.887602544999936 ], [ -55.148710688999927, -26.884624460999987 ], [ -55.147881796999911, -26.881647795999811 ], [ -55.147186562999934, -26.878548470999988 ], [ -55.145546318000015, -26.874503299999844 ], [ -55.145212991999983, -26.873288262999949 ], [ -55.143852913999979, -26.870858961999943 ], [ -55.142683814999884, -26.868520762999935 ], [ -55.141565545999981, -26.866335055999912 ], [ -55.139481498999942, -26.863691873999983 ], [ -55.135788282999897, -26.85905414899986 ], [ -55.134060327999919, -26.857284129999869 ], [ -55.129762693999965, -26.853619626999887 ], [ -55.12628670499987, -26.851737661999948 ], [ -55.122941033999894, -26.849853959999962 ], [ -55.121463248, -26.848861768999939 ], [ -55.118437710999956, -26.847578635999923 ], [ -55.116252003999875, -26.846307874999923 ], [ -55.114472939, -26.845342097999946 ], [ -55.112897196999825, -26.844782962999886 ], [ -55.109433147, -26.842993025999931 ], [ -55.105689072999837, -26.841513420999888 ], [ -55.098962221999898, -26.839780318999942 ], [ -55.095941609999898, -26.838125255999955 ], [ -55.093134037000027, -26.83671545399983 ], [ -55.089240874999859, -26.833521485999881 ], [ -55.088680214000021, -26.833060931999967 ], [ -55.086567045999971, -26.830296297000018 ], [ -55.084483, -26.827653115999908 ], [ -55.082958087999884, -26.825874051999961 ], [ -55.078580018072671, -26.820607661794952 ], [ -55.056701973371901, -26.804542315770902 ], [ -55.041648015168334, -26.796123003945411 ], [ -55.041822794734344, -26.796440938299554 ], [ -55.042150636761676, -26.79717847385831 ], [ -55.034167258342791, -26.795225546854908 ], [ -55.033727983534789, -26.795055575072752 ], [ -55.030337289747706, -26.793746849909212 ], [ -55.029963416849398, -26.793594358875453 ], [ -55.029212234471231, -26.793298528507705 ], [ -55.028841946895795, -26.793206125405391 ], [ -55.028525758505111, -26.793197089887542 ], [ -55.027170231736591, -26.792364699371888 ], [ -55.026238475780929, -26.791788640349466 ], [ -55.02201949577443, -26.789458734339121 ], [ -55.022034828130415, -26.78948602608051 ], [ -55.014685273711677, -26.789351662888407 ], [ -55.011845967311444, -26.788673638365651 ] ] ], [ [ [ -55.593918321326498, -27.285625214418928 ], [ -55.593600073381879, -27.290853323241095 ], [ -55.599432245434912, -27.287182916118468 ], [ -55.601922214691115, -27.283409493578631 ], [ -55.601580723999803, -27.282534422999959 ], [ -55.599903319999839, -27.279891242000019 ], [ -55.598378407999974, -27.278620481999951 ], [ -55.596925117999888, -27.277108909999924 ], [ -55.596399142063149, -27.276772853539399 ], [ -55.595908764221463, -27.28163107639665 ], [ -55.595903595155107, -27.28169027133282 ], [ -55.595958799906612, -27.281892917785967 ], [ -55.595967226522134, -27.281917239839117 ], [ -55.595986879075042, -27.281960746856839 ], [ -55.595982291761857, -27.281981625429751 ], [ -55.595621936308532, -27.282363399104668 ], [ -55.593967058285386, -27.284544136201589 ], [ -55.593918321326498, -27.285625214418928 ] ] ], [ [ [ -56.916305541999918, -27.423208236999869 ], [ -56.91494751, -27.42354011499998 ], [ -56.912605285999916, -27.423536301000013 ], [ -56.911243438999861, -27.423427581999988 ], [ -56.91038131699986, -27.423757552999916 ], [ -56.909511566, -27.423755645999961 ], [ -56.908283233999896, -27.423315049 ], [ -56.906063079999853, -27.42287635799994 ], [ -56.9039649959999, -27.422649382999907 ], [ -56.902114867999956, -27.422208785999942 ], [ -56.9007530209999, -27.422319412999855 ], [ -56.899398803999929, -27.422754286999975 ], [ -56.897918700999867, -27.423089980999862 ], [ -56.896434784, -27.423748015999934 ], [ -56.895206450999979, -27.424297332999913 ], [ -56.893966674999888, -27.424516677999861 ], [ -56.892360687999883, -27.424621581999929 ], [ -56.890876769999863, -27.424844742 ], [ -56.889644622999867, -27.424510956 ], [ -56.888538360999803, -27.423963546999914 ], [ -56.886680602999775, -27.424066542999924 ], [ -56.885200500999872, -27.424402236999981 ], [ -56.883224487999883, -27.425056456999926 ], [ -56.881622313999912, -27.425718307999887 ], [ -56.879524230999891, -27.42670631399983 ], [ -56.877479552999887, -27.427806853999869 ], [ -56.875011443999881, -27.428688048999845 ], [ -56.873157500999866, -27.4294605259999 ], [ -56.871303558999955, -27.430665969999893 ], [ -56.870693205999885, -27.431547164999984 ], [ -56.869205474999831, -27.43231773399998 ], [ -56.867721556999868, -27.432863235999889 ], [ -56.865997314000026, -27.434297561 ], [ -56.863891600999807, -27.435613632000013 ], [ -56.862167358999955, -27.436822890999963 ], [ -56.860435485999915, -27.438144682999905 ], [ -56.859077453999987, -27.439573287999963 ], [ -56.857963562, -27.440675735999889 ], [ -56.856479644999979, -27.441774367999926 ], [ -56.855121611999891, -27.442878722999922 ], [ -56.853637696000021, -27.444307327 ], [ -56.85264206, -27.445850371999938 ], [ -56.851287841999863, -27.447719573999962 ], [ -56.848815917999957, -27.449701308999977 ], [ -56.846961974999942, -27.451679230000025 ], [ -56.845355987999937, -27.45299720700001 ], [ -56.844116211000028, -27.454759597999896 ], [ -56.842510222999863, -27.456630706999988 ], [ -56.84127426099991, -27.457839965999881 ], [ -56.839664458999835, -27.459383009999897 ], [ -56.83855056799996, -27.460258483999951 ], [ -56.837192534999872, -27.460918425999864 ], [ -56.835956573999908, -27.462127685999974 ], [ -56.834350585999914, -27.462789534999956 ], [ -56.833602905999953, -27.463447570999961 ], [ -56.832492827999943, -27.464218140000014 ], [ -56.831752776999906, -27.465538024999887 ], [ -56.830764770999963, -27.466636658000027 ], [ -56.828910826999959, -27.4679565429999 ], [ -56.826435088999915, -27.468835830999808 ], [ -56.824214934999986, -27.470266341999888 ], [ -56.821495056, -27.47180557199988 ], [ -56.81877517700002, -27.473123550000025 ], [ -56.816303253999877, -27.474437713999862 ], [ -56.813709259, -27.474880217999896 ], [ -56.810871125, -27.475868224999829 ], [ -56.80715942299986, -27.476520538999978 ], [ -56.804817198999956, -27.477289199999802 ], [ -56.803199767999899, -27.478498458999866 ], [ -56.800613403999932, -27.479709624999884 ], [ -56.798511505000022, -27.481355667 ], [ -56.795909881999876, -27.483339309999906 ], [ -56.793807983999955, -27.484872817999872 ], [ -56.791336059999821, -27.486520768 ], [ -56.789237975999924, -27.488059997999983 ], [ -56.787380218999886, -27.489824294999835 ], [ -56.785278319999861, -27.491250991999948 ], [ -56.784042359000011, -27.493011474999946 ], [ -56.782802581999931, -27.494218826 ], [ -56.780822753999985, -27.49531364500001 ], [ -56.777732848999847, -27.496303558000022 ], [ -56.7747612, -27.497730254999851 ], [ -56.773529052000015, -27.498062133999952 ], [ -56.772663115999876, -27.499269485000013 ], [ -56.771911620999958, -27.500146864999863 ], [ -56.771057128999871, -27.501138686999866 ], [ -56.770309447999807, -27.50158119199989 ], [ -56.769691466999859, -27.502017973999955 ], [ -56.768951416, -27.502563476999967 ], [ -56.768207549999829, -27.502786636999872 ], [ -56.767589568999767, -27.502786636999872 ], [ -56.766723631999866, -27.503110885999888 ], [ -56.765983581999819, -27.503555297999981 ], [ -56.764621734999878, -27.503772734999927 ], [ -56.763755797999977, -27.50376892099996 ], [ -56.762897491999922, -27.503767014 ], [ -56.762031554999794, -27.503656386999978 ], [ -56.761039733999951, -27.503543853999929 ], [ -56.760425567999846, -27.503650665999885 ], [ -56.759807586999898, -27.503435134999904 ], [ -56.759181976999912, -27.503648757999883 ], [ -56.758567809999818, -27.503648757999883 ], [ -56.758079528999986, -27.504089354999849 ], [ -56.757701873999906, -27.50441932699988 ], [ -56.757083892999844, -27.504858016999947 ], [ -56.756465911999896, -27.505083083999807 ], [ -56.75572586099986, -27.505409239999892 ], [ -56.755107879999969, -27.505628586 ], [ -56.754116058999955, -27.506065369 ], [ -56.753623962, -27.506065369 ], [ -56.752510070999961, -27.506284712999843 ], [ -56.751525878999871, -27.506280898999989 ], [ -56.750907897999809, -27.506391524999913 ], [ -56.749916076999909, -27.506393432999971 ], [ -56.749053954999908, -27.506277083999919 ], [ -56.747943877999887, -27.506277083999919 ], [ -56.746955871999944, -27.505945204999819 ], [ -56.745838165, -27.506052016999888 ], [ -56.744857788, -27.505611419999923 ], [ -56.743743896000012, -27.505493163999915 ], [ -56.742759705000026, -27.505165099999942 ], [ -56.741645812999877, -27.504940032999968 ], [ -56.740535735999799, -27.504724502999977 ], [ -56.739425658999949, -27.50460624699997 ], [ -56.738433837999878, -27.504497527999945 ], [ -56.73756408700001, -27.504161834999877 ], [ -56.736831664999897, -27.504053115999966 ], [ -56.736087798999904, -27.504051207999964 ], [ -56.735099792999961, -27.503826141 ], [ -56.733993529999907, -27.503717421999966 ], [ -56.73299789399988, -27.503492355999924 ], [ -56.732013702999893, -27.503160477 ], [ -56.731273650999924, -27.50283431999992 ], [ -56.7304725649999, -27.502609252999946 ], [ -56.729850768999881, -27.502609252999946 ], [ -56.729488372999924, -27.502384184999983 ], [ -56.72898864799987, -27.502164840999853 ], [ -56.728496550999921, -27.502164840999853 ], [ -56.728492736999954, -27.502605437999989 ], [ -56.728122710999912, -27.503154754999969 ], [ -56.728122710999912, -27.503591536999863 ], [ -56.72774887099996, -27.503925323999852 ], [ -56.727500915999883, -27.504695893000019 ], [ -56.727252959999873, -27.505027770999959 ], [ -56.727130889999898, -27.505578993999904 ], [ -56.726886748999959, -27.50601387 ], [ -56.726631164999844, -27.506784439 ], [ -56.72650909399988, -27.507556914999952 ], [ -56.726257325, -27.508106231999932 ], [ -56.726005553999869, -27.508769988999973 ], [ -56.725887298999851, -27.509542464999925 ], [ -56.725757598999962, -27.509977341000024 ], [ -56.725635528, -27.510862349999968 ], [ -56.725505828999815, -27.511188506999872 ], [ -56.725383758000021, -27.511629105 ], [ -56.72538375799985, -27.512176513999918 ], [ -56.725505828999815, -27.512619017999839 ], [ -56.725631712999927, -27.513174057000015 ], [ -56.725627898999903, -27.513721465999936 ], [ -56.725627898999903, -27.514167785999916 ], [ -56.725746154999911, -27.514604568999914 ], [ -56.725872040000013, -27.51493835399998 ], [ -56.726112366, -27.515924453999958 ], [ -56.726734161000024, -27.516698836999979 ], [ -56.727100371999882, -27.517362595 ], [ -56.727222443000016, -27.517799377000017 ], [ -56.727470397999923, -27.518350600999952 ], [ -56.727714537999873, -27.519014358999812 ], [ -56.727714537999873, -27.519454955999947 ], [ -56.727958679999915, -27.520118712999988 ], [ -56.727958679999915, -27.520446776999847 ], [ -56.728080748999901, -27.520887374999973 ], [ -56.728076934999933, -27.52132415799997 ], [ -56.728324890999772, -27.521766662 ], [ -56.728813171000013, -27.522539138999946 ], [ -56.729679107999971, -27.52309608499985 ], [ -56.72992706299982, -27.523534774999916 ], [ -56.730293273999905, -27.524194718 ], [ -56.730541228999982, -27.52463722199991 ], [ -56.730785369999865, -27.525188445999959 ], [ -56.731529235999858, -27.525962829999912 ], [ -56.731529235999858, -27.526512145999959 ], [ -56.731647491999865, -27.527061462999939 ], [ -56.731525420999901, -27.527500152000016 ], [ -56.732139586999892, -27.528495788999976 ], [ -56.732379913999978, -27.529266356999869 ], [ -56.732631683000022, -27.529924392999874 ], [ -56.732868193999877, -27.531032561999893 ], [ -56.733242034999989, -27.53202056899994 ], [ -56.733238219999862, -27.532907485999942 ], [ -56.733486174999939, -27.533565521999947 ], [ -56.733848572, -27.534009933999869 ], [ -56.734226226999908, -27.534336090000011 ], [ -56.734222412, -27.534885407 ], [ -56.73459625199996, -27.53554916399986 ], [ -56.73459625199996, -27.536430358999837 ], [ -56.734588622999865, -27.536983489999955 ], [ -56.734588622999865, -27.537311553999928 ], [ -56.734588622999865, -27.537864684999874 ], [ -56.734706878999873, -27.538307189999955 ], [ -56.735206603999757, -27.538742064999894 ], [ -56.735206603999757, -27.53918266300002 ], [ -56.735568999999884, -27.539955138999971 ], [ -56.735816954999962, -27.540285110000013 ], [ -56.735935210999912, -27.540952682000011 ], [ -56.736309050999921, -27.541391372999897 ], [ -56.73655319199986, -27.542055129999824 ], [ -56.73655319199986, -27.542383193999967 ], [ -56.736675261999949, -27.543153762999964 ], [ -56.736671447999811, -27.543704987000012 ], [ -56.736793517999956, -27.54425621099989 ], [ -56.736797332999913, -27.544916152999861 ], [ -56.736797332999913, -27.545356750999986 ], [ -56.736911772999861, -27.546127319999982 ], [ -56.736915587999761, -27.546455384000012 ], [ -56.737037658999895, -27.547117233 ], [ -56.737033843999939, -27.547670364999931 ], [ -56.737033843999939, -27.548110961999953 ], [ -56.73740386999981, -27.548437117999867 ], [ -56.737529753999922, -27.548660277999943 ], [ -56.737529753999922, -27.548879622999891 ], [ -56.737644194999916, -27.549213409999879 ], [ -56.738018035999914, -27.549652099000014 ], [ -56.738021850999871, -27.549985885999831 ], [ -56.738143920999846, -27.550207138000019 ], [ -56.738384246999942, -27.550649642999872 ], [ -56.739006041999858, -27.55108642599987 ], [ -56.739498138999807, -27.551414490000013 ], [ -56.73986435, -27.551637649999918 ], [ -56.740730285999973, -27.552738189999843 ], [ -56.741466521999882, -27.553405762000011 ], [ -56.741836547999867, -27.554178237999963 ], [ -56.743438720999904, -27.555721283000025 ], [ -56.744670867999901, -27.556936264 ], [ -56.74590682999991, -27.558368683000026 ], [ -56.746768950999922, -27.559360503999869 ], [ -56.747760771999936, -27.560241699000017 ], [ -56.748249053999928, -27.560688019 ], [ -56.748622893999936, -27.5613479619999 ], [ -56.749855040999932, -27.561788558999922 ], [ -56.750843047999865, -27.562013625999896 ], [ -56.751831053999922, -27.562013625999896 ], [ -56.753314971999941, -27.562017440999966 ], [ -56.754676819, -27.56202125499982 ], [ -56.756027222, -27.562023163 ], [ -56.756027222, -27.562463760000014 ], [ -56.7570190429999, -27.562795638999944 ], [ -56.758876800999872, -27.562799453999901 ], [ -56.759494781999933, -27.562799453999901 ], [ -56.76047897299992, -27.562803267999868 ], [ -56.761714934999873, -27.563026427999944 ], [ -56.762088775999985, -27.563024520999875 ], [ -56.762458800999866, -27.563356398999986 ], [ -56.762702941999805, -27.563579558999891 ], [ -56.762695311999892, -27.564014435 ], [ -56.763442992999956, -27.564237594999895 ], [ -56.763935088999972, -27.564344405999918 ], [ -56.764553069999863, -27.564682006999988 ], [ -56.765415190999875, -27.564907073999848 ], [ -56.766162871999825, -27.565565108999863 ], [ -56.766899108999837, -27.566007613999886 ], [ -56.767517089999899, -27.566116332999911 ], [ -56.768627166999977, -27.566669463999915 ], [ -56.769245147999868, -27.567331313999887 ], [ -56.76986312799994, -27.567552565999904 ], [ -56.770606994999923, -27.567667007999944 ], [ -56.771224974999825, -27.567667007999944 ], [ -56.771842955999887, -27.567888259999961 ], [ -56.772708893000015, -27.567892074999918 ], [ -56.773445129999914, -27.568109511999978 ], [ -56.774681090999877, -27.568223952999858 ], [ -56.775917052999887, -27.568445204999875 ], [ -56.776535033999949, -27.568994522000025 ], [ -56.777526855999952, -27.568998336999982 ], [ -56.778385162, -27.569330215999912 ], [ -56.779251098999907, -27.569774627999891 ], [ -56.780117034999876, -27.56977653499996 ], [ -56.780986785999971, -27.569774627999891 ], [ -56.781723021999881, -27.56977653499996 ], [ -56.782829284999821, -27.569885253999985 ], [ -56.782962798999961, -27.570215225000027 ], [ -56.784194945999957, -27.570220946999882 ], [ -56.785678863999976, -27.570220946999882 ], [ -56.786914824999826, -27.570333480999864 ], [ -56.788024903, -27.570339202999889 ], [ -56.788639068999942, -27.570775985999887 ], [ -56.789638518999936, -27.570892334 ], [ -56.790618895999899, -27.57155227699991 ], [ -56.791854859000011, -27.571773528999813 ], [ -56.792472839999903, -27.57199478099983 ], [ -56.793212890999769, -27.572324752999862 ], [ -56.794200897999872, -27.57254982 ], [ -56.795684813999912, -27.572656630999802 ], [ -56.796676634999983, -27.572881697999946 ], [ -56.797786713, -27.573326110999858 ], [ -56.798652648999905, -27.573545455999977 ], [ -56.799755095999899, -27.573986053999931 ], [ -56.800994872999979, -27.574760436999952 ], [ -56.80161285399987, -27.575534819999916 ], [ -56.802474974999882, -27.57608223 ], [ -56.80334091200001, -27.576412200999926 ], [ -56.804203033000022, -27.576969147 ], [ -56.805194855000025, -27.577188491999948 ], [ -56.806182860999968, -27.57730102599993 ], [ -56.807048797999869, -27.578184127999918 ], [ -56.807785033999949, -27.578735351999853 ], [ -56.809268950999865, -27.579839705999859 ], [ -56.809642791999977, -27.580284118999941 ], [ -56.81050109899985, -27.580942154000013 ], [ -56.811489104999907, -27.581270217999986 ], [ -56.812355040999876, -27.581493377999891 ], [ -56.81272506699986, -27.581716536999977 ], [ -56.813346862999879, -27.582046509 ], [ -56.813716887999931, -27.582269668999913 ], [ -56.814331053999865, -27.582710265999935 ], [ -56.81520080599995, -27.583042144999865 ], [ -56.815689086999953, -27.583374022999976 ], [ -56.816928863999863, -27.583816528999989 ], [ -56.81742095899989, -27.583923338999853 ], [ -56.818035125, -27.584589004999884 ], [ -56.818901061999895, -27.585140228 ], [ -56.819396971999879, -27.585577011 ], [ -56.82001495399993, -27.58646392799983 ], [ -56.821121216, -27.587017058999947 ], [ -56.821495056, -27.587568283 ], [ -56.821735381999929, -27.588119506999874 ], [ -56.822479247999809, -27.589437484999848 ], [ -56.82310104399977, -27.590099335 ], [ -56.823463439999898, -27.590650557999936 ], [ -56.823711394999975, -27.591314315999966 ], [ -56.824207305999892, -27.59186744599981 ], [ -56.825069427999892, -27.592418669999859 ], [ -56.825935363999804, -27.592744826999933 ], [ -56.826801299999943, -27.593408584999963 ], [ -56.827415465999877, -27.593849181999929 ], [ -56.827911376999964, -27.594293594000021 ], [ -56.828655242999844, -27.594732283999974 ], [ -56.82939529399988, -27.595066070999962 ], [ -56.830131530999893, -27.595396041999834 ], [ -56.830875396999886, -27.595726012999876 ], [ -56.831741333000025, -27.595729828 ], [ -56.832481383999891, -27.59595108000002 ], [ -56.833225249999884, -27.595952986999919 ], [ -56.834331511999949, -27.596059798999875 ], [ -56.836189269999977, -27.596061706999933 ], [ -56.837059021000016, -27.596178054999882 ], [ -56.838047027999949, -27.596063614 ], [ -56.839282989999901, -27.59606552199989 ], [ -56.840518950999865, -27.595737457999917 ], [ -56.842002868999884, -27.59551620499991 ], [ -56.843112945999906, -27.594966888999863 ], [ -56.844596862999765, -27.594314574999885 ], [ -56.846210480000025, -27.593540191999921 ], [ -56.846580504999906, -27.59288215599986 ], [ -56.846950530999891, -27.59266471899997 ], [ -56.848186493000014, -27.592773437 ], [ -56.849918365999883, -27.592554091999887 ], [ -56.851398467999957, -27.592449187999989 ], [ -56.852512359999821, -27.592117308999889 ], [ -56.853874206999876, -27.591457366999919 ], [ -56.855728148999901, -27.590581894000024 ], [ -56.856723785999861, -27.589920044 ], [ -56.858451843000012, -27.589038848999905 ], [ -56.859687804999794, -27.58804512 ], [ -56.860923766999917, -27.587390898999899 ], [ -56.862407683999834, -27.586727141999859 ], [ -56.863403319999975, -27.586069106999958 ], [ -56.864391327000021, -27.58563232399996 ], [ -56.865745543999878, -27.585193633999893 ], [ -56.866863250999984, -27.585081099999911 ], [ -56.868595124000024, -27.584203719999891 ], [ -56.870944977000022, -27.582883835000018 ], [ -56.872554778999813, -27.581892014 ], [ -56.873420714999895, -27.581121444999837 ], [ -56.873916625999811, -27.580244064999988 ], [ -56.874408722, -27.579362868999908 ], [ -56.875774383000021, -27.577047348 ], [ -56.876766205000024, -27.575067519999891 ], [ -56.8777542119999, -27.572975158999952 ], [ -56.878498076999961, -27.571327208999833 ], [ -56.879798889000028, -27.569234848 ], [ -56.880413055999952, -27.567804335999938 ], [ -56.881282805999888, -27.56692504799986 ], [ -56.88190078699995, -27.565931319999947 ], [ -56.882644652999943, -27.564390181999897 ], [ -56.882892608999953, -27.563732147 ], [ -56.883514404999971, -27.56163597099993 ], [ -56.884132384999873, -27.560314178999988 ], [ -56.884876250999866, -27.559101103999978 ], [ -56.885368346999883, -27.558551787999988 ], [ -56.885746001999962, -27.557231902999945 ], [ -56.885993956999869, -27.556465149000019 ], [ -56.886734009, -27.555692672999953 ], [ -56.887355803999924, -27.554807662999906 ], [ -56.887722014999952, -27.554262161 ], [ -56.88834381099997, -27.553380965999906 ], [ -56.889575957999796, -27.55249977099993 ], [ -56.890571594, -27.551509856999814 ], [ -56.893039703999932, -27.550188063999883 ], [ -56.894393920999903, -27.548866271999941 ], [ -56.896011352999949, -27.547660827999835 ], [ -56.897247313999912, -27.54656028799991 ], [ -56.898670195999955, -27.545236587999909 ], [ -56.900398253999924, -27.543806075999839 ], [ -56.901512145999902, -27.542816162 ], [ -56.901882171999887, -27.542045593999944 ], [ -56.902130126999964, -27.541606902999888 ], [ -56.901763915999879, -27.540723800999899 ], [ -56.901763915999879, -27.539953232000016 ], [ -56.901763915999879, -27.5392971039999 ], [ -56.901638030999948, -27.538522720999936 ], [ -56.901767731, -27.537971497 ], [ -56.901885987000014, -27.537530898999876 ], [ -56.902385711999898, -27.537202834999903 ], [ -56.903373718000012, -27.536760329999879 ], [ -56.903987883999775, -27.536651611999844 ], [ -56.904731749999939, -27.536428451999939 ], [ -56.905471801999965, -27.535768508999979 ], [ -56.906337737999934, -27.535217284999931 ], [ -56.906833649000021, -27.534780502999922 ], [ -56.907699584999989, -27.534229278999987 ], [ -56.907947539999839, -27.533790587999931 ], [ -56.908561706999762, -27.533128737999959 ], [ -56.909179686999892, -27.532360076999964 ], [ -56.910171508999895, -27.532138824999947 ], [ -56.911529541, -27.531478881999874 ], [ -56.912891387999878, -27.530927658 ], [ -56.914123534999874, -27.530712127999948 ], [ -56.915241240999876, -27.530490874999828 ], [ -56.91634750399993, -27.530273436999892 ], [ -56.918201446999944, -27.529607772999952 ], [ -56.919567108999956, -27.528947829999879 ], [ -56.92079925500002, -27.528728484999931 ], [ -56.921417235999911, -27.528291702999866 ], [ -56.922782897999923, -27.528181075999953 ], [ -56.924381255999947, -27.527959823999936 ], [ -56.925743102999888, -27.527740478999988 ], [ -56.926605225, -27.527633666999861 ], [ -56.928215026999965, -27.527524948 ], [ -56.929206847999865, -27.527410506999956 ], [ -56.930435180999893, -27.527082442999813 ], [ -56.930934905999948, -27.526861190999909 ], [ -56.931671143000017, -27.526426314999981 ], [ -56.933155059999876, -27.525981902999888 ], [ -56.934020995999845, -27.525436401999968 ], [ -56.934764861999838, -27.524883269999862 ], [ -56.935871124999892, -27.524333953999871 ], [ -56.937667845999897, -27.523342132999971 ], [ -56.938407897999923, -27.522460936999892 ], [ -56.939888000999986, -27.521247863999974 ], [ -56.940883636999956, -27.520370483000022 ], [ -56.941135406, -27.520038603999922 ], [ -56.941131591999863, -27.519598006999956 ], [ -56.94198608399995, -27.518825531 ], [ -56.943103789999896, -27.517948150999985 ], [ -56.943973541, -27.517505645999961 ], [ -56.944835663, -27.516845702999888 ], [ -56.94594955499997, -27.516521453999871 ], [ -56.946693420999964, -27.516298293999967 ], [ -56.94792556799996, -27.515636443999938 ], [ -56.948795318999885, -27.515417099 ], [ -56.950275420999958, -27.51519966099994 ], [ -56.951137542999959, -27.514980316 ], [ -56.952007294, -27.514429091999943 ], [ -56.952743529999907, -27.513875960999826 ], [ -56.954475403, -27.512445449999859 ], [ -56.955829620999964, -27.511457442999927 ], [ -56.956821441999807, -27.510240554999882 ], [ -56.957561492999844, -27.509359358999973 ], [ -56.958549499999947, -27.508367537999959 ], [ -56.959045409999874, -27.50727081299982 ], [ -56.959545135999747, -27.506496428999867 ], [ -56.959545135999747, -27.507049560999803 ], [ -56.960529326999904, -27.505508422999924 ], [ -56.961147307999966, -27.504627227999947 ], [ -56.961765288999857, -27.503965377999975 ], [ -56.961883544999864, -27.502971648999903 ], [ -56.962509155000021, -27.50198364299996 ], [ -56.963001250999866, -27.500772475999952 ], [ -56.963745117999963, -27.49922943099989 ], [ -56.964794158999894, -27.498128890999965 ], [ -56.96529006999998, -27.497133255 ], [ -56.965774537000016, -27.496583938999947 ], [ -56.966396331999931, -27.495927811 ], [ -56.967140197999868, -27.495046614999922 ], [ -56.967758178999929, -27.494384765999882 ], [ -56.968624114999898, -27.493726729999878 ], [ -56.969364165999821, -27.493061065999882 ], [ -56.969985961999782, -27.492404937999936 ], [ -56.971092223999904, -27.491853713999888 ], [ -56.972454070999959, -27.49130630499991 ], [ -56.973194122999814, -27.491081237999936 ], [ -56.974925994999865, -27.490640639999981 ], [ -56.976280213, -27.490312576 ], [ -56.978008270999965, -27.489982604999966 ], [ -56.978744506999874, -27.489982604999966 ], [ -56.979614257999913, -27.489871978999872 ], [ -56.981224059999874, -27.489761352999892 ], [ -56.982089997, -27.489538192999987 ], [ -56.982944488999919, -27.488990783999895 ], [ -56.983566283999949, -27.488550185999941 ], [ -56.98442840599995, -27.487670899000022 ], [ -56.98566818199987, -27.487224578999871 ], [ -56.986408233999896, -27.487117766999916 ], [ -56.987274169999864, -27.486457824000013 ], [ -56.988388062000013, -27.486240386999953 ], [ -56.989250183000024, -27.486238478999894 ], [ -56.990112304999798, -27.485910414999921 ], [ -56.991226196999946, -27.485797881999929 ], [ -56.992088317999958, -27.485466002999942 ], [ -56.993083953999985, -27.485027312999875 ], [ -56.994060515999877, -27.484916686999952 ], [ -56.994682311999895, -27.484916686999952 ], [ -56.995548247999864, -27.484918594000021 ], [ -56.996410369999808, -27.484914778999894 ], [ -56.997524261000024, -27.485137938999969 ], [ -56.997833252000021, -27.485466002999829 ], [ -56.998703002999946, -27.485576630000025 ], [ -56.999565123999957, -27.485578536999924 ], [ -56.9998359679999, -27.485647201 ], [ -56.999996184999759, -27.485694885999862 ], [ -57.00176620499991, -27.486316680999892 ], [ -57.003227234, -27.486383437999905 ], [ -57.007312773999843, -27.485832214000027 ], [ -57.010776519999979, -27.485149383000021 ], [ -57.01378631599988, -27.485076903999982 ], [ -57.020023345999903, -27.484527588 ], [ -57.024417876999962, -27.484176635999916 ], [ -57.027496337999878, -27.483558655000024 ], [ -57.029659270999957, -27.48204994199989 ], [ -57.03188705499997, -27.480949400999975 ], [ -57.031581878999873, -27.480535507000013 ], [ -57.027805327999943, -27.478885650999928 ], [ -57.026626586999953, -27.478118896999888 ], [ -57.02434921299988, -27.476432799999827 ], [ -57.022487640999884, -27.475381851 ], [ -57.018478392999896, -27.474079131999872 ], [ -57.015323638999973, -27.473318099999858 ], [ -57.009777068999881, -27.471944808999922 ], [ -57.006389617999844, -27.47132682799986 ], [ -57.003074645999902, -27.470224380999866 ], [ -56.999999999999886, -27.46912574800001 ], [ -56.999786376999964, -27.469039916999918 ], [ -56.997955322, -27.468286513999942 ], [ -56.997219085999916, -27.468065261999925 ], [ -56.995609283999784, -27.467514037999877 ], [ -56.994506836000028, -27.466854094999974 ], [ -56.993141174000016, -27.465972900999816 ], [ -56.991783141999917, -27.464645384999926 ], [ -56.991168975999983, -27.463214874999892 ], [ -56.98993301399986, -27.460462569999891 ], [ -56.989192962999937, -27.458595275999926 ], [ -56.988262175999751, -27.456829070999902 ], [ -56.986045837999939, -27.45407486 ], [ -56.984436034999874, -27.452974318999907 ], [ -56.983570098999905, -27.452095030999885 ], [ -56.981597899999883, -27.450548171999969 ], [ -56.978885650999757, -27.448564528999896 ], [ -56.976535797, -27.447463988999857 ], [ -56.974319458000025, -27.446475982999914 ], [ -56.972091675, -27.446695327999862 ], [ -56.970733642999903, -27.446802139999988 ], [ -56.968509673999847, -27.446138381999958 ], [ -56.965793608999888, -27.444486617999985 ], [ -56.963581084999817, -27.443609237999965 ], [ -56.961231231999875, -27.442399977999912 ], [ -56.95851516699986, -27.441732405999915 ], [ -56.955677031999869, -27.440521239999896 ], [ -56.953208924000023, -27.438865660999966 ], [ -56.950923918999877, -27.437543869000024 ], [ -56.949447631999874, -27.436111449999885 ], [ -56.94821166999975, -27.434568405999926 ], [ -56.946971893000011, -27.433031082000014 ], [ -56.94512557999991, -27.431043624999973 ], [ -56.942531585999802, -27.429719924999972 ], [ -56.940067291, -27.429059981999899 ], [ -56.938220977999833, -27.42784500099981 ], [ -56.936367034999989, -27.42751693699995 ], [ -56.93488311699997, -27.426521301999912 ], [ -56.932537078999985, -27.426305770999932 ], [ -56.930313109999929, -27.425971984999933 ], [ -56.927978515999939, -27.42464637799992 ], [ -56.92636489899985, -27.423877715999936 ], [ -56.924144744999978, -27.422994613999947 ], [ -56.92118835499997, -27.422000884999989 ], [ -56.91871261599988, -27.422328949000018 ], [ -56.91711425799997, -27.422552108999923 ], [ -56.916305541999918, -27.423208236999869 ] ] ], [ [ [ -56.939151763999917, -27.525196074999883 ], [ -56.939693450999869, -27.525300978999951 ], [ -56.94077682499983, -27.524723053 ], [ -56.944099425999923, -27.52309608500002 ], [ -56.947822569999857, -27.521677016999945 ], [ -56.948780059999876, -27.521070479999935 ], [ -56.950428008999893, -27.519577026999912 ], [ -56.953903197999921, -27.515851973999986 ], [ -56.95414733899986, -27.515516280999918 ], [ -56.95414733899986, -27.515314102 ], [ -56.953910827000016, -27.515312194999922 ], [ -56.953178405999893, -27.515583038999864 ], [ -56.952209471999936, -27.515989303999902 ], [ -56.949531554999965, -27.516799926999909 ], [ -56.946186066, -27.51795387300001 ], [ -56.944587707999915, -27.518697739 ], [ -56.944175719999919, -27.519012450999924 ], [ -56.943599700999869, -27.519859313999916 ], [ -56.943122863999861, -27.520454406999875 ], [ -56.940208434999874, -27.522621154999911 ], [ -56.939037322999866, -27.523977278999837 ], [ -56.938747405999948, -27.524658202999888 ], [ -56.938793181999927, -27.524839400999952 ], [ -56.939151763999917, -27.525196074999883 ] ] ], [ [ [ -56.896270752000021, -27.551149367999926 ], [ -56.894420623999963, -27.55262756299993 ], [ -56.895870207999906, -27.55091095 ], [ -56.896007538, -27.550264358999868 ], [ -56.895744323999907, -27.550203322999891 ], [ -56.894489287999875, -27.551088332999939 ], [ -56.892364502000021, -27.553985594999858 ], [ -56.890308379999908, -27.55592727699991 ], [ -56.888183593999941, -27.558288573999903 ], [ -56.887062072999868, -27.56017875699996 ], [ -56.886264800999982, -27.563156127999946 ], [ -56.883476256999927, -27.568943022999918 ], [ -56.882282256999986, -27.570949555000027 ], [ -56.881484985999919, -27.573783873999901 ], [ -56.88102340699993, -27.574609755999916 ], [ -56.878501891999917, -27.577203750999956 ], [ -56.876178741, -27.580627440999933 ], [ -56.875782012999878, -27.582220077999978 ], [ -56.875751495999907, -27.582992553999929 ], [ -56.877014159999931, -27.58365631099997 ], [ -56.879817962999937, -27.582929610999884 ], [ -56.881278990999931, -27.58181572 ], [ -56.883972168000014, -27.580221175999952 ], [ -56.886760711999898, -27.57881164499986 ], [ -56.889205932999971, -27.577569961999984 ], [ -56.891269683999951, -27.576271056999985 ], [ -56.892719268999883, -27.575567245 ], [ -56.894309997999869, -27.574741362999987 ], [ -56.89563369699988, -27.573617935000016 ], [ -56.896892546999879, -27.572971344 ], [ -56.898353576999796, -27.571376799999939 ], [ -56.89948272699985, -27.570022582999911 ], [ -56.902328490999878, -27.568429945999924 ], [ -56.906505584999877, -27.568019866999919 ], [ -56.910278319999861, -27.566602706999902 ], [ -56.911205291999977, -27.566720963000023 ], [ -56.914779662999877, -27.56530761699986 ], [ -56.917564391999974, -27.563302993999912 ], [ -56.919597625, -27.561435699999947 ], [ -56.921180724999886, -27.55934143099995 ], [ -56.92297744799987, -27.557159423999906 ], [ -56.922904967999898, -27.556804656999873 ], [ -56.922912597999755, -27.554147720999936 ], [ -56.923110961999896, -27.550071715999934 ], [ -56.923976898999797, -27.546709059999955 ], [ -56.923774718999937, -27.546354292999922 ], [ -56.923976898999797, -27.546175002999917 ], [ -56.925762175999807, -27.544404982999936 ], [ -56.928211212, -27.541242599999919 ], [ -56.930065155000023, -27.538057327 ], [ -56.931919097999923, -27.534572601999969 ], [ -56.932582854999964, -27.53380584699994 ], [ -56.936889648999966, -27.530143738 ], [ -56.93986892699985, -27.5287323 ], [ -56.94258880599989, -27.52819824199986 ], [ -56.945228576999909, -27.527198790999932 ], [ -56.946949004999965, -27.525543212999821 ], [ -56.948143004999906, -27.523773193000011 ], [ -56.949596404999909, -27.522811888999968 ], [ -56.951053618999879, -27.522275923999928 ], [ -56.952838897999868, -27.521512985999891 ], [ -56.954830169999866, -27.519855498999959 ], [ -56.95615386999998, -27.518087386999866 ], [ -56.95615386999998, -27.517555236999897 ], [ -56.956684111999891, -27.51667022700002 ], [ -56.957218169999919, -27.515722274999916 ], [ -56.957012175999864, -27.51543044999994 ], [ -56.956882476999795, -27.515550613000016 ], [ -56.954833984999766, -27.517616271999884 ], [ -56.954830169999866, -27.518028258999948 ], [ -56.95403671299988, -27.518678664999925 ], [ -56.951328277999949, -27.521097182999938 ], [ -56.948478697999974, -27.523143767999898 ], [ -56.945236206, -27.525323866999884 ], [ -56.942722319999859, -27.526269912999908 ], [ -56.941921234, -27.526330947999895 ], [ -56.940868378, -27.526504515999875 ], [ -56.937755584999934, -27.527982711999869 ], [ -56.934131622999871, -27.529497145999869 ], [ -56.931087493999883, -27.531085967999957 ], [ -56.927509308000026, -27.533800124999914 ], [ -56.924396514999955, -27.535924910999938 ], [ -56.923206328999811, -27.536224364999953 ], [ -56.919296263999854, -27.536987304999911 ], [ -56.916652678999867, -27.537460326999962 ], [ -56.912876128999869, -27.538343429999941 ], [ -56.910766600999921, -27.538736342999869 ], [ -56.909523009999873, -27.539783476999901 ], [ -56.907203673999902, -27.542087555000023 ], [ -56.905883788999859, -27.542909622000025 ], [ -56.902893066999866, -27.544919967999988 ], [ -56.902698516999919, -27.545194625999898 ], [ -56.898590088, -27.548967361999871 ], [ -56.898262024000019, -27.549203872999897 ], [ -56.897140502999946, -27.549262999999883 ], [ -56.896671294999862, -27.549791336 ], [ -56.897136688999979, -27.550323485999968 ], [ -56.896270752000021, -27.551149367999926 ] ] ], [ [ [ -56.732124327999884, -27.532762526999932 ], [ -56.732521056999929, -27.533494948999873 ], [ -56.732490538999912, -27.532800673999986 ], [ -56.73205185, -27.531036377000021 ], [ -56.731262206999872, -27.528909682999938 ], [ -56.730476378999867, -27.526653289999842 ], [ -56.729679107999971, -27.525915145999875 ], [ -56.726909637999881, -27.521463393999852 ], [ -56.725566863999802, -27.519403457999942 ], [ -56.725250244, -27.519203185999913 ], [ -56.725254058999951, -27.519533157000012 ], [ -56.725482940999882, -27.521795272999952 ], [ -56.725238799999943, -27.523784636999892 ], [ -56.725479125999925, -27.524515151999935 ], [ -56.726341246999937, -27.525844573999905 ], [ -56.729511261000027, -27.529504775999953 ], [ -56.730148314999894, -27.530099867999809 ], [ -56.730464934999986, -27.531099318999907 ], [ -56.732124327999884, -27.532762526999932 ] ] ], [ [ [ -56.715419769999926, -27.577146529999936 ], [ -56.716625213999919, -27.577974318999964 ], [ -56.717697143999885, -27.579034804999935 ], [ -56.718551634999983, -27.579675673999873 ], [ -56.719501494999861, -27.580713271999912 ], [ -56.720981597999867, -27.582263945999955 ], [ -56.721717833999833, -27.583551406999902 ], [ -56.72348403899997, -27.585088729 ], [ -56.724643706999984, -27.585960387999933 ], [ -56.725860595999961, -27.586870192999982 ], [ -56.727149962999874, -27.587612152999895 ], [ -56.72843933099989, -27.588354111 ], [ -56.729492186999892, -27.588809966999804 ], [ -56.730911254999967, -27.589733123999963 ], [ -56.732269286999895, -27.59021759 ], [ -56.733684540000013, -27.591091155999891 ], [ -56.734477995999839, -27.591320038 ], [ -56.738002776999906, -27.591831206999927 ], [ -56.739074706999872, -27.592113494999921 ], [ -56.740814208999836, -27.592052458999945 ], [ -56.742252349999887, -27.59200096099994 ], [ -56.743671416999973, -27.591890335000016 ], [ -56.745574950999924, -27.591320038 ], [ -56.746730803999981, -27.590791702999979 ], [ -56.748470305999945, -27.5906047819999 ], [ -56.750011444, -27.590885161999893 ], [ -56.751358031999928, -27.591077804999941 ], [ -56.75354766800001, -27.590187072999868 ], [ -56.755096435999803, -27.589668274000019 ], [ -56.756832122999981, -27.589431763 ], [ -56.758373259999871, -27.588970185 ], [ -56.759983062, -27.588449477999802 ], [ -56.761459350999871, -27.587697982999885 ], [ -56.763065337999876, -27.587121963000016 ], [ -56.764621734999878, -27.586536407999972 ], [ -56.766021728999874, -27.586009978999925 ], [ -56.767391205000024, -27.584812164000027 ], [ -56.7684021, -27.583721160999914 ], [ -56.770153044999859, -27.583557127999939 ], [ -56.771472930999892, -27.582523346000016 ], [ -56.772792815999935, -27.581691741999862 ], [ -56.773860930999945, -27.580781936999927 ], [ -56.775272368999936, -27.580091475999893 ], [ -56.776809692999848, -27.579683303999957 ], [ -56.778923034999764, -27.579792022999982 ], [ -56.781921386999841, -27.580282211999872 ], [ -56.778419494999923, -27.578702925999835 ], [ -56.776813506999986, -27.578594207999913 ], [ -56.775268553999979, -27.578254699999889 ], [ -56.773727416999918, -27.578199386999927 ], [ -56.7719841, -27.578031539999984 ], [ -56.770374297999865, -27.577688217 ], [ -56.768703460999916, -27.577587127999891 ], [ -56.767154693, -27.57758903499996 ], [ -56.765476226999851, -27.577707289999978 ], [ -56.763935088999972, -27.577821731999848 ], [ -56.76232528700001, -27.577825545999815 ], [ -56.760848998999904, -27.57737159699991 ], [ -56.759361266999804, -27.576629638999975 ], [ -56.758136749000016, -27.575828551999962 ], [ -56.756530760999908, -27.575315474999968 ], [ -56.754917144999979, -27.574577331999819 ], [ -56.753627776999906, -27.573835372999895 ], [ -56.75240326, -27.57280540499994 ], [ -56.751178740999933, -27.572002409999925 ], [ -56.749950409, -27.570970534999901 ], [ -56.748531341999922, -27.569887160999883 ], [ -56.747440337999876, -27.56879806500001 ], [ -56.746074675999864, -27.56800460799991 ], [ -56.744922637999935, -27.567029952999917 ], [ -56.743949891, -27.565942763999942 ], [ -56.742786407999859, -27.564908980999917 ], [ -56.740913390999935, -27.56307601899988 ], [ -56.739639281999871, -27.563009261999866 ], [ -56.738662719999979, -27.562740325999982 ], [ -56.737243651999904, -27.561939238999969 ], [ -56.73608016999998, -27.560852050999983 ], [ -56.734989165999878, -27.559822081999869 ], [ -56.733825682999964, -27.558794021999972 ], [ -56.732982635999861, -27.557649611999864 ], [ -56.732082366999805, -27.556560516 ], [ -56.731113433999838, -27.555240630999947 ], [ -56.730201720999958, -27.554096221999941 ], [ -56.729125975999864, -27.551521300999866 ], [ -56.728649139999845, -27.550924300999952 ], [ -56.727554320999786, -27.549682616999974 ], [ -56.726909637999881, -27.548067092999986 ], [ -56.725807189999898, -27.547332763999975 ], [ -56.725322722999863, -27.546276092000028 ], [ -56.725093841999922, -27.545078277999949 ], [ -56.724697112999877, -27.543420791999949 ], [ -56.724700927999947, -27.542093276999879 ], [ -56.723354338999968, -27.540630341 ], [ -56.722324371000013, -27.539499282999827 ], [ -56.722171784000011, -27.537706374999914 ], [ -56.721981047999861, -27.536102294999978 ], [ -56.721908569, -27.534723281999902 ], [ -56.722038268999881, -27.533172607999859 ], [ -56.721836089999954, -27.531797408999864 ], [ -56.721645354999964, -27.530359268999973 ], [ -56.720840453999983, -27.529485701999988 ], [ -56.720520018999935, -27.528558730999919 ], [ -56.71949386599988, -27.528093337999962 ], [ -56.718303679999963, -27.526294708000023 ], [ -56.71767425500002, -27.524436949999881 ], [ -56.717121125, -27.522905348999984 ], [ -56.716732024999885, -27.521448135999833 ], [ -56.716259003, -27.519847869999865 ], [ -56.715778349999937, -27.519651412999963 ], [ -56.715301513999918, -27.520183562999932 ], [ -56.714427947999923, -27.521177291999891 ], [ -56.713470459, -27.521835326999906 ], [ -56.712837218999937, -27.522432326999819 ], [ -56.7120971679999, -27.522983550999868 ], [ -56.711563109999872, -27.523826598999904 ], [ -56.71049881, -27.525449752999918 ], [ -56.709884643999885, -27.526281356999959 ], [ -56.708900451999909, -27.52792358399995 ], [ -56.707019806, -27.528930663999972 ], [ -56.705429076999906, -27.530719756999872 ], [ -56.704788207999911, -27.531311034999931 ], [ -56.703918456999986, -27.531913756999984 ], [ -56.701923369999861, -27.532970427999828 ], [ -56.700965880999945, -27.534297942999899 ], [ -56.700325011999837, -27.535554885999886 ], [ -56.700008391999859, -27.537015914999984 ], [ -56.699790954999969, -27.537927626999817 ], [ -56.699764251999909, -27.539674758999979 ], [ -56.699516295999899, -27.540666579999879 ], [ -56.700069428, -27.542261123999822 ], [ -56.700229644999865, -27.544187545999876 ], [ -56.700618744, -27.545585631999927 ], [ -56.70092773399989, -27.547443389999898 ], [ -56.701168059999873, -27.54813385 ], [ -56.702011107999908, -27.549337386999923 ], [ -56.702987670999903, -27.550878524999803 ], [ -56.703430175999983, -27.551973342999872 ], [ -56.704078674000016, -27.553293227999859 ], [ -56.704803466999863, -27.554203033999897 ], [ -56.705245970999954, -27.556043624999859 ], [ -56.705764770999906, -27.557420730999866 ], [ -56.705898284999932, -27.558799743 ], [ -56.705963133999887, -27.560407637999901 ], [ -56.705261229999962, -27.561845779999885 ], [ -56.705257415, -27.563306808999869 ], [ -56.70565414399988, -27.56499290499994 ], [ -56.705921172999865, -27.566371917999902 ], [ -56.706501006999872, -27.567747116000021 ], [ -56.707389830999887, -27.568885803999819 ], [ -56.708259582999915, -27.570615767999868 ], [ -56.7086524959999, -27.57160949699994 ], [ -56.709217071999888, -27.573078155000019 ], [ -56.710060118999934, -27.574338912999906 ], [ -56.71134948699995, -27.575193405999983 ], [ -56.712799071999882, -27.575561522999976 ], [ -56.714057922999871, -27.576086043999965 ], [ -56.715419769999926, -27.577146529999936 ] ] ], [ [ [ -56.940727233999894, -27.525405884 ], [ -56.940769194999973, -27.525537490999966 ], [ -56.941490172999863, -27.525520323999899 ], [ -56.942012786000021, -27.52543067900001 ], [ -56.94303894, -27.525133133 ], [ -56.945312499999829, -27.524318694999863 ], [ -56.946933745999956, -27.523576736999928 ], [ -56.947666167999898, -27.523185729999909 ], [ -56.947975158999895, -27.522960662999935 ], [ -56.948062896999943, -27.52262306199998 ], [ -56.947818756, -27.52244567799994 ], [ -56.947662353999931, -27.522420882999938 ], [ -56.946746827000027, -27.522636413999919 ], [ -56.944904326999904, -27.523366927999973 ], [ -56.941097258999946, -27.524993896999945 ], [ -56.940944671999773, -27.525100707999911 ], [ -56.940727233999894, -27.525405884 ] ] ], [ [ [ -56.928058624999835, -27.529060363999861 ], [ -56.928684234999878, -27.529069899999854 ], [ -56.929523467999957, -27.528993606999848 ], [ -56.929924010999969, -27.528917312999852 ], [ -56.930801390999932, -27.528636931999927 ], [ -56.931205748999901, -27.528442382999913 ], [ -56.932750701999908, -27.527633666999861 ], [ -56.93348312400002, -27.527481078999926 ], [ -56.933410644999981, -27.527145385999972 ], [ -56.933231352999883, -27.527019500999927 ], [ -56.932102203999989, -27.527223586999867 ], [ -56.929500580000024, -27.527698516999806 ], [ -56.928558349999946, -27.527904509999985 ], [ -56.926753996999878, -27.528440474999911 ], [ -56.926719665999883, -27.528583525999863 ], [ -56.926994323999793, -27.528842925999811 ], [ -56.927154540999879, -27.528917313000022 ], [ -56.928058624999835, -27.529060363999861 ] ] ], [ [ [ -56.907859802000019, -27.535814284999844 ], [ -56.907394408999892, -27.537378310999941 ], [ -56.907432555999833, -27.538169860999972 ], [ -56.907737731999873, -27.538629531999902 ], [ -56.908020019999867, -27.53866004899993 ], [ -56.909236907999912, -27.538249969999868 ], [ -56.910694122999871, -27.53771209699994 ], [ -56.914829254999972, -27.536224364999953 ], [ -56.915805816999864, -27.536294936999923 ], [ -56.92082977299998, -27.535282134999875 ], [ -56.92396926899994, -27.534521102999975 ], [ -56.92536926199989, -27.533859253 ], [ -56.929500580000024, -27.531084059999898 ], [ -56.930233001999966, -27.53054618799996 ], [ -56.930397033999782, -27.53007125899984 ], [ -56.92942047199989, -27.530338287 ], [ -56.924152373999902, -27.530471801999852 ], [ -56.921562194999922, -27.530538558999865 ], [ -56.919151306, -27.530811309999876 ], [ -56.914432525999928, -27.532024382999964 ], [ -56.911144256, -27.533180236999954 ], [ -56.909564971999885, -27.533987045 ], [ -56.908863067999903, -27.534519195999906 ], [ -56.907859802000019, -27.535814284999844 ] ] ], [ [ [ -56.937866211000028, -27.534423828 ], [ -56.938243865999937, -27.53458404600002 ], [ -56.938537597999982, -27.534561156999985 ], [ -56.939109801999905, -27.534374236999895 ], [ -56.940448761000027, -27.533767699999885 ], [ -56.941070555999886, -27.533376693999969 ], [ -56.941574096999886, -27.532817841 ], [ -56.942207335999797, -27.532505035999861 ], [ -56.943553925, -27.532018661999871 ], [ -56.944442748999904, -27.531820296999967 ], [ -56.944866179999849, -27.531608580999944 ], [ -56.945629119999921, -27.531070708999948 ], [ -56.946029662999933, -27.530763625999839 ], [ -56.946075439999902, -27.530618667999931 ], [ -56.945381165000015, -27.530569076999825 ], [ -56.945121764999953, -27.530666350999979 ], [ -56.94421768199993, -27.531171798999878 ], [ -56.942146300999809, -27.531467437999822 ], [ -56.941604614999903, -27.531597136999892 ], [ -56.940567016999864, -27.531969070999935 ], [ -56.939384459999985, -27.532367705999889 ], [ -56.93862533499987, -27.532644272000027 ], [ -56.938262939999902, -27.532867431999932 ], [ -56.938041686999895, -27.533153533999894 ], [ -56.937866211000028, -27.533821105999948 ], [ -56.937786101999905, -27.534231185999886 ], [ -56.937866211000028, -27.534423828 ] ] ], [ [ [ -56.933650969999974, -27.54404831 ], [ -56.934085845999903, -27.54406738299997 ], [ -56.934940337999819, -27.543340682999883 ], [ -56.937808990999827, -27.540237426999909 ], [ -56.939834594999923, -27.538333892999958 ], [ -56.942932128999814, -27.536075591999975 ], [ -56.945400238, -27.533674239999982 ], [ -56.946186066, -27.533023833999891 ], [ -56.946186066, -27.532871246999889 ], [ -56.944671631, -27.533475875999898 ], [ -56.943096160999858, -27.533874511999841 ], [ -56.941238403999989, -27.534576415999936 ], [ -56.939498900999865, -27.535278320999907 ], [ -56.93871307400002, -27.535757064999814 ], [ -56.937477111999897, -27.537082672 ], [ -56.936294555000018, -27.539031982999802 ], [ -56.935337066999864, -27.540082931999905 ], [ -56.934326171999885, -27.54259491 ], [ -56.93354034399988, -27.543796538999857 ], [ -56.933650969999974, -27.54404831 ] ] ], [ [ [ -56.731822966999914, -27.543292999000016 ], [ -56.73198699999989, -27.54331398 ], [ -56.732059478999929, -27.542840957999829 ], [ -56.731945037999878, -27.542301177999946 ], [ -56.731925963999913, -27.542030335 ], [ -56.732009887999936, -27.54117011999989 ], [ -56.732109069999865, -27.540954589999899 ], [ -56.732254027999886, -27.540678023999931 ], [ -56.7320899959999, -27.540378570999849 ], [ -56.731765746999884, -27.539346695 ], [ -56.731567382999913, -27.53837203899991 ], [ -56.731307984000011, -27.537343978999843 ], [ -56.731113433999838, -27.536367415999962 ], [ -56.730983734, -27.5353908539999 ], [ -56.730728148999845, -27.535032272999899 ], [ -56.730167388999973, -27.534666060999882 ], [ -56.729961395999908, -27.534458159999986 ], [ -56.729946136999956, -27.533670425999844 ], [ -56.729743956999926, -27.533535003999987 ], [ -56.729194640999879, -27.533460616999889 ], [ -56.728855133000025, -27.533613205 ], [ -56.728416442999958, -27.534204482999883 ], [ -56.728275298999904, -27.534530639999957 ], [ -56.728088378999985, -27.535564422999869 ], [ -56.727642059999823, -27.536605834999875 ], [ -56.72766494699988, -27.536966323999877 ], [ -56.72796630900001, -27.537708281999983 ], [ -56.728359221999938, -27.538244246999909 ], [ -56.728748320999898, -27.539295197 ], [ -56.729259491, -27.540267943999936 ], [ -56.730182647999982, -27.540767669 ], [ -56.730613708999954, -27.541934966999918 ], [ -56.731201171999885, -27.542675017999954 ], [ -56.731822966999914, -27.543292999000016 ] ] ], [ [ [ -56.903236388999858, -27.541368483999861 ], [ -56.90339279199992, -27.541635513000017 ], [ -56.906394957999964, -27.53899765 ], [ -56.90655899099994, -27.538793563999889 ], [ -56.906658172999983, -27.538581847999865 ], [ -56.906627654999966, -27.538082122999811 ], [ -56.906639098999847, -27.537708281999983 ], [ -56.906970977999833, -27.536624908999954 ], [ -56.907196044999921, -27.535799026999825 ], [ -56.907146453999815, -27.535369872999865 ], [ -56.906845092999902, -27.535707474 ], [ -56.90655899099994, -27.535951613999941 ], [ -56.904205321999825, -27.536895751999907 ], [ -56.90305709799992, -27.537357329999907 ], [ -56.902507781999873, -27.537706374999914 ], [ -56.902385711999898, -27.537836074999802 ], [ -56.90226745599989, -27.538137435999943 ], [ -56.902259826999966, -27.538469314999872 ], [ -56.902427672999977, -27.539129256999956 ], [ -56.902915954999969, -27.5406208039999 ], [ -56.903236388999858, -27.541368483999861 ] ] ], [ [ [ -56.930324554999913, -27.555618286000026 ], [ -56.930942534999872, -27.555866240999933 ], [ -56.933300017999898, -27.55436325 ], [ -56.935939788999974, -27.552207946999943 ], [ -56.937355040999932, -27.550764082999933 ], [ -56.939769744999978, -27.547599792000028 ], [ -56.941276550999874, -27.545007704999875 ], [ -56.941841124999939, -27.543642043999853 ], [ -56.943313598999907, -27.539182662999849 ], [ -56.944152831999986, -27.536161421999964 ], [ -56.943256377999887, -27.536827086999892 ], [ -56.940670012999874, -27.538827895999987 ], [ -56.938365935999911, -27.540836333999891 ], [ -56.935665129999904, -27.54359245299986 ], [ -56.934207915999878, -27.54484176599982 ], [ -56.933643340999879, -27.545541763000017 ], [ -56.931953430000021, -27.547447205000026 ], [ -56.931289672999981, -27.548469543999886 ], [ -56.930656432999911, -27.549966811999866 ], [ -56.930320740000013, -27.550703048999935 ], [ -56.929534912, -27.552255629999877 ], [ -56.929431915999942, -27.552724837999904 ], [ -56.929584502999944, -27.553714751999905 ], [ -56.929897307999909, -27.554998397999896 ], [ -56.930324554999913, -27.555618286000026 ] ] ], [ [ [ -56.70483398499988, -27.580059051999967 ], [ -56.706790923999904, -27.580665587999874 ], [ -56.706935881999982, -27.580266952999921 ], [ -56.706111908000025, -27.578926086000024 ], [ -56.704586028999984, -27.577476500999978 ], [ -56.704250334999813, -27.57603454599996 ], [ -56.70417404199992, -27.574138640999934 ], [ -56.703151702999946, -27.572317122999948 ], [ -56.702396392999901, -27.569583893000015 ], [ -56.701889037999933, -27.566854476999879 ], [ -56.701553343999876, -27.566402434999873 ], [ -56.700706481999873, -27.565334319999863 ], [ -56.699005126999964, -27.563737869000022 ], [ -56.698513030999834, -27.561996459999989 ], [ -56.698005675999866, -27.558429718000014 ], [ -56.697673797999869, -27.556459427 ], [ -56.697162627999944, -27.555774687999985 ], [ -56.696826934999876, -27.554483414 ], [ -56.696826934999876, -27.552890777999949 ], [ -56.696830749000014, -27.551151275999985 ], [ -56.69632721, -27.550691604999884 ], [ -56.695560454999963, -27.549020767999934 ], [ -56.695240021000018, -27.548048018999907 ], [ -56.694671630999892, -27.546062469999924 ], [ -56.693790435999972, -27.544847487999959 ], [ -56.693233489999898, -27.544408797999893 ], [ -56.691688536999891, -27.547306060999802 ], [ -56.690563201999851, -27.549516677999918 ], [ -56.687824248999902, -27.551797866000015 ], [ -56.686355590999881, -27.555229186999895 ], [ -56.685813903999929, -27.558391570999902 ], [ -56.685836791999861, -27.559957503999954 ], [ -56.687023162999878, -27.563776015999963 ], [ -56.690177917999961, -27.568590163999943 ], [ -56.695381164999901, -27.574092864999955 ], [ -56.696743011000024, -27.575321197999983 ], [ -56.697422026999902, -27.576465606 ], [ -56.698619842999904, -27.577766417999896 ], [ -56.701103210999918, -27.578765869 ], [ -56.702461243000016, -27.57914733899986 ], [ -56.703750609999872, -27.57953262299992 ], [ -56.70483398499988, -27.580059051999967 ] ] ], [ [ [ -56.703365325999869, -27.563104628999838 ], [ -56.703540801999907, -27.563148499000022 ], [ -56.703922270999954, -27.562904357999969 ], [ -56.704292296999824, -27.561891555999921 ], [ -56.704429626999911, -27.561214446999941 ], [ -56.704486846999941, -27.559854507999887 ], [ -56.704429626999911, -27.557739256999923 ], [ -56.704177856999877, -27.556728362999934 ], [ -56.702362060999917, -27.552406310999913 ], [ -56.701801299999886, -27.552011489999927 ], [ -56.701194762999876, -27.551767349999977 ], [ -56.700939177999942, -27.551877974999911 ], [ -56.700771331999817, -27.552148819000024 ], [ -56.700695038, -27.552734374999886 ], [ -56.700752259000012, -27.555574416999946 ], [ -56.700923919999923, -27.556989669999894 ], [ -56.701164244999916, -27.558170317999952 ], [ -56.701862334999873, -27.560508728 ], [ -56.702262877999885, -27.561439515000018 ], [ -56.702594756999872, -27.562034606999873 ], [ -56.703365325999869, -27.563104628999838 ] ] ], [ [ [ -56.740692138999862, -27.561983107999879 ], [ -56.741054534999989, -27.562025069999891 ], [ -56.741577148999966, -27.561973571999886 ], [ -56.741638182999964, -27.561647414999811 ], [ -56.739276885999914, -27.560110091999888 ], [ -56.737209319999977, -27.558843612999908 ], [ -56.736938475999864, -27.558732985999882 ], [ -56.736522674000014, -27.558677673999853 ], [ -56.736301422, -27.558694838999941 ], [ -56.735935210999912, -27.558839797999838 ], [ -56.735881804999906, -27.559080123999934 ], [ -56.735965728999929, -27.559286117 ], [ -56.736255646000018, -27.559640883999862 ], [ -56.7373199459999, -27.560522079999942 ], [ -56.737918853999815, -27.560903548999988 ], [ -56.738594054999965, -27.561235427999918 ], [ -56.739982605000023, -27.561775207999801 ], [ -56.740692138999862, -27.561983107999879 ] ] ], [ [ [ -56.89854812599998, -27.573328017999927 ], [ -56.899272917999895, -27.573795317999952 ], [ -56.900604247999922, -27.57367897 ], [ -56.903846740999882, -27.57267952 ], [ -56.906631469999809, -27.571973800999956 ], [ -56.911857604999796, -27.570737839 ], [ -56.913585662999935, -27.569910048999816 ], [ -56.91510772700002, -27.568672179999908 ], [ -56.917758941999921, -27.567075728999896 ], [ -56.919116974000019, -27.565938949999975 ], [ -56.919612884, -27.56525039600001 ], [ -56.920742034999989, -27.563186644999803 ], [ -56.919883727999945, -27.563535689999981 ], [ -56.917892455999947, -27.56477546699989 ], [ -56.91643142700002, -27.565896987999963 ], [ -56.913818359, -27.567388534999907 ], [ -56.912395477999951, -27.567964553999957 ], [ -56.909214019999979, -27.568729400999928 ], [ -56.90385436999992, -27.56937408399989 ], [ -56.902996062999932, -27.569606780999948 ], [ -56.901401519999979, -27.570371627999918 ], [ -56.899345397999866, -27.572143554999968 ], [ -56.898635863999971, -27.57293510400001 ], [ -56.89854812599998, -27.573328017999927 ] ] ], [ [ [ -56.766319274999887, -27.569515227999943 ], [ -56.766906737999818, -27.569578170999819 ], [ -56.767204284999934, -27.569538116999865 ], [ -56.767436981, -27.569381713999803 ], [ -56.767364501999964, -27.569234848 ], [ -56.766963958999952, -27.568920135999804 ], [ -56.765701293999939, -27.568048477 ], [ -56.765018463999752, -27.567653656 ], [ -56.764148711999894, -27.567268371000011 ], [ -56.762355803999867, -27.56675147999988 ], [ -56.761611938999863, -27.566663741999889 ], [ -56.761238097999865, -27.566692351999961 ], [ -56.760684966999918, -27.566995620999819 ], [ -56.760887145999845, -27.567251204999934 ], [ -56.761920928999871, -27.568202972999984 ], [ -56.76232528700001, -27.568414687999905 ], [ -56.762550353999984, -27.568481444999918 ], [ -56.76398086599994, -27.568780898999933 ], [ -56.764690398999846, -27.568780898999933 ], [ -56.765251159999821, -27.568914412999959 ], [ -56.766319274999887, -27.569515227999943 ] ] ], [ [ [ -56.774974822999923, -27.575841903999901 ], [ -56.775398253999867, -27.575914382999883 ], [ -56.775451659999931, -27.575538634999873 ], [ -56.773628234999876, -27.573150635 ], [ -56.772884368999883, -27.572414397999921 ], [ -56.772270201999959, -27.572027205999859 ], [ -56.7708854669998, -27.571483611999895 ], [ -56.767036438, -27.570676803999845 ], [ -56.76477432199988, -27.570344924999915 ], [ -56.76123046899977, -27.569375991999948 ], [ -56.758934020999902, -27.568538665999881 ], [ -56.7578163149999, -27.56832313599989 ], [ -56.757240294999917, -27.56833648700001 ], [ -56.756393432999914, -27.568599700999869 ], [ -56.756229399999938, -27.569034575999865 ], [ -56.757526397999868, -27.570363999 ], [ -56.758415221999883, -27.570764542 ], [ -56.759609222, -27.570966720999934 ], [ -56.764133452999886, -27.571502685999974 ], [ -56.765747069999975, -27.571868896999888 ], [ -56.768814086999896, -27.573041915999966 ], [ -56.771675109999933, -27.574501036999891 ], [ -56.773780822999981, -27.575437545999932 ], [ -56.774974822999923, -27.575841903999901 ] ] ], [ [ [ -56.693519591999859, -27.574399947999893 ], [ -56.693702696999821, -27.574420928999928 ], [ -56.693801879999967, -27.574138640999934 ], [ -56.693740843999876, -27.573965071999964 ], [ -56.69355011, -27.57363700899981 ], [ -56.692569732999971, -27.572360991999858 ], [ -56.691665648999958, -27.571100234999903 ], [ -56.691089629999908, -27.57013893099986 ], [ -56.690567016999807, -27.569660185999851 ], [ -56.690189362000012, -27.569396972999925 ], [ -56.6898155209999, -27.56925773599994 ], [ -56.689609526999902, -27.569290160999969 ], [ -56.689460753999867, -27.569438934 ], [ -56.689685821000012, -27.570470809999961 ], [ -56.689880371000015, -27.570901871 ], [ -56.690612792999957, -27.5716362 ], [ -56.691787719999923, -27.572692870999958 ], [ -56.692920684999876, -27.573932647999868 ], [ -56.693519591999859, -27.574399947999893 ] ] ], [ [ [ -56.754440307999971, -27.569528578999893 ], [ -56.75396346999986, -27.569795607999936 ], [ -56.753486633000023, -27.569795607999936 ], [ -56.754241942999897, -27.570495605999952 ], [ -56.75709533700001, -27.572719574000018 ], [ -56.758934020999902, -27.573976516999835 ], [ -56.759952544999976, -27.574422836 ], [ -56.764011382999911, -27.575653075999924 ], [ -56.764606475999926, -27.575689315999909 ], [ -56.767543792999959, -27.575559615999907 ], [ -56.769210814999951, -27.575860977 ], [ -56.77016448899991, -27.576194762999876 ], [ -56.771747588999972, -27.576339721999886 ], [ -56.772514342999898, -27.576049804999968 ], [ -56.772270201999959, -27.575769423999873 ], [ -56.771045685, -27.57530021599996 ], [ -56.767749785999854, -27.573505402000023 ], [ -56.765598296999826, -27.572702407999941 ], [ -56.764488219999919, -27.572431564999818 ], [ -56.760917663999976, -27.571830749999947 ], [ -56.757740020999961, -27.571224212999937 ], [ -56.757461547999924, -27.571094512999878 ], [ -56.757061004999912, -27.570604323999987 ], [ -56.756706237999879, -27.570264815999963 ], [ -56.755191802999889, -27.569620131999898 ], [ -56.754440307999971, -27.569528578999893 ] ] ], [ [ [ -56.787178039000025, -27.573835372999895 ], [ -56.787551879999967, -27.573869704999879 ], [ -56.787693023999907, -27.573596954999971 ], [ -56.78650665299989, -27.572870253999895 ], [ -56.785663604999854, -27.572467803999984 ], [ -56.785064696999882, -27.572265624999943 ], [ -56.783843993999938, -27.571935654000015 ], [ -56.783382414999949, -27.571830749999947 ], [ -56.783145903999923, -27.57182311999992 ], [ -56.782920837999939, -27.571895599999891 ], [ -56.782676697, -27.572158812999987 ], [ -56.782653808999896, -27.572292327999946 ], [ -56.782688139999891, -27.572563171999889 ], [ -56.782829284999821, -27.573011398 ], [ -56.783008575999929, -27.573194502999968 ], [ -56.783485411999948, -27.573417662999873 ], [ -56.78447341899988, -27.573593140000014 ], [ -56.785507201999906, -27.573778152999864 ], [ -56.786022186999958, -27.573833466 ], [ -56.787178039000025, -27.573835372999895 ] ] ], [ [ [ -56.717655181999874, -27.583353042999931 ], [ -56.7184906, -27.585334777999947 ], [ -56.719295501999966, -27.585271834999958 ], [ -56.720207213999913, -27.585992813000018 ], [ -56.721923827999831, -27.587400436999872 ], [ -56.724239349999834, -27.588939666999863 ], [ -56.726936340999885, -27.590044021999859 ], [ -56.729183196999884, -27.591485976999877 ], [ -56.730091094999864, -27.592330932999971 ], [ -56.732055663999972, -27.592496872000027 ], [ -56.73349761899982, -27.592494963999968 ], [ -56.733501433999891, -27.592273711999951 ], [ -56.733074188999865, -27.591962813999885 ], [ -56.728836059999878, -27.589706420999903 ], [ -56.725360869999918, -27.587818145999904 ], [ -56.722980498999959, -27.586126326999874 ], [ -56.72200012199994, -27.585088728999835 ], [ -56.72084426899994, -27.583520888999885 ], [ -56.72048568799994, -27.582946776999961 ], [ -56.719814300999815, -27.58176994299987 ], [ -56.719135284999936, -27.581010817999925 ], [ -56.716873168999825, -27.579235076999908 ], [ -56.716873169, -27.579092025999898 ], [ -56.716857909999987, -27.578910828 ], [ -56.716732024999885, -27.578832626 ], [ -56.716476439999951, -27.578870772999892 ], [ -56.715839385999914, -27.579130172999839 ], [ -56.715488434, -27.579380035999918 ], [ -56.715507506999984, -27.579555510999967 ], [ -56.715988158999892, -27.579933165999932 ], [ -56.71636199999989, -27.58022880599998 ], [ -56.717342377000023, -27.581445694000024 ], [ -56.717517851999958, -27.581916809 ], [ -56.717090606999875, -27.582073211999898 ], [ -56.717655181999874, -27.583353042999931 ] ] ], [ [ [ -56.773967742999901, -27.581228255999974 ], [ -56.772140502999889, -27.582399367999983 ], [ -56.770824431999813, -27.583299636999868 ], [ -56.770030975999873, -27.583969115999821 ], [ -56.769165038999915, -27.584020614999929 ], [ -56.767902373999959, -27.58489418 ], [ -56.766468047999865, -27.586187361999862 ], [ -56.764759062999872, -27.587041854999882 ], [ -56.764438628999983, -27.587354659999903 ], [ -56.766609191999919, -27.587537764999865 ], [ -56.771545409999931, -27.587221144999887 ], [ -56.772834776999957, -27.587224960000015 ], [ -56.773456573999965, -27.587038039999925 ], [ -56.774513244999923, -27.586181640999939 ], [ -56.774803162000012, -27.585752486999866 ], [ -56.774711608999894, -27.585556030999953 ], [ -56.774177552000026, -27.585243225 ], [ -56.773063659999877, -27.585000991999948 ], [ -56.772789001999911, -27.585132598999905 ], [ -56.772422790999883, -27.585403441999858 ], [ -56.772247314000026, -27.585350035999966 ], [ -56.772136688999922, -27.584976196000014 ], [ -56.772441863999859, -27.584352493999859 ], [ -56.773094177000019, -27.58420562799995 ], [ -56.774410247999924, -27.584705353 ], [ -56.775188446000016, -27.585060119999866 ], [ -56.776374816999862, -27.584384917999955 ], [ -56.779342650999922, -27.583965300999864 ], [ -56.780494690000012, -27.583238601999881 ], [ -56.781669615999988, -27.582941054999935 ], [ -56.783020019999981, -27.582445143999848 ], [ -56.783748625999863, -27.582122803 ], [ -56.783664703999932, -27.581848143999935 ], [ -56.782093047999922, -27.582195281999873 ], [ -56.780494690000012, -27.582290648999958 ], [ -56.781082152999886, -27.582118987999877 ], [ -56.781673430999945, -27.581893920999903 ], [ -56.782962798999961, -27.581821441999864 ], [ -56.783527373999959, -27.581644058999927 ], [ -56.783607482999912, -27.581472397000027 ], [ -56.783519744999865, -27.581193924 ], [ -56.781982421999828, -27.580595016999894 ], [ -56.781188964999842, -27.580366133999973 ], [ -56.779521941999917, -27.580137252999862 ], [ -56.776828765999767, -27.580060958999866 ], [ -56.775543212999878, -27.580358504999879 ], [ -56.773967742999901, -27.581228255999974 ] ] ], [ [ [ -56.86286544799998, -27.589189528999839 ], [ -56.863990784, -27.58936500599998 ], [ -56.864944457999968, -27.589349746999972 ], [ -56.86539840699993, -27.589235305999807 ], [ -56.868221282999912, -27.587911605999977 ], [ -56.871257781999986, -27.586265563999859 ], [ -56.872570037999935, -27.585361481 ], [ -56.873046874999943, -27.584775923999985 ], [ -56.873973847, -27.583026886000027 ], [ -56.873973847, -27.58256339999997 ], [ -56.874267577999888, -27.582166671999914 ], [ -56.874046325999871, -27.581932067999958 ], [ -56.873416899999825, -27.582393645999957 ], [ -56.872268676999965, -27.583126067999899 ], [ -56.872447966999971, -27.583484649999889 ], [ -56.872005462999937, -27.583648680999886 ], [ -56.869369506999874, -27.58493995699996 ], [ -56.867626189999896, -27.585731506 ], [ -56.865512847999923, -27.586486816999866 ], [ -56.864696502999948, -27.586982726999963 ], [ -56.863059997999812, -27.587579726999877 ], [ -56.862743378, -27.587821960999861 ], [ -56.862285613999859, -27.588439941 ], [ -56.862228392999839, -27.588756560999911 ], [ -56.862319945999957, -27.588899611999921 ], [ -56.86286544799998, -27.589189528999839 ] ] ], [ [ [ -56.756805419999921, -27.591390609999905 ], [ -56.754699706999929, -27.591911316 ], [ -56.753917693999824, -27.592393875000027 ], [ -56.752628325999979, -27.592685699999834 ], [ -56.75085449199986, -27.592947005999974 ], [ -56.750007630000027, -27.593193053999983 ], [ -56.749404906999985, -27.593461991000027 ], [ -56.748626708999893, -27.593885421999914 ], [ -56.749286651999967, -27.594045639 ], [ -56.7500038149999, -27.594478606999871 ], [ -56.751331330000028, -27.594484328999897 ], [ -56.752349853999931, -27.594486235999966 ], [ -56.753372192999961, -27.594432829999903 ], [ -56.753433227999949, -27.594593047999922 ], [ -56.757286071999886, -27.593530654999938 ], [ -56.758911131999866, -27.593103408999866 ], [ -56.760532378999983, -27.592781066999919 ], [ -56.760967253999752, -27.592620849999889 ], [ -56.761734008999838, -27.592144011999892 ], [ -56.761852264999959, -27.591928481999901 ], [ -56.762638091999861, -27.591779708999923 ], [ -56.763748168999882, -27.591785430999948 ], [ -56.764259338999977, -27.591663360999803 ], [ -56.76462555, -27.591501235999885 ], [ -56.763000487999761, -27.590375899999856 ], [ -56.762416839000025, -27.590250014999924 ], [ -56.761077881, -27.590585708 ], [ -56.756805419999921, -27.591390609999905 ] ] ], [ [ [ -56.858497618999877, -27.593492508 ], [ -56.858173369999975, -27.593618392999929 ], [ -56.858009338999807, -27.593593597 ], [ -56.857414245999962, -27.59309387199994 ], [ -56.85649108899986, -27.592468261999898 ], [ -56.856140135999965, -27.592502593999882 ], [ -56.855419158999894, -27.59299278199984 ], [ -56.854713439999955, -27.5934906 ], [ -56.854488372999981, -27.593755721999912 ], [ -56.854530333999833, -27.593996047999894 ], [ -56.85489273099995, -27.594318390000012 ], [ -56.855117797999924, -27.594413756999927 ], [ -56.857490538999969, -27.594717025999955 ], [ -56.858604430999833, -27.594882965000011 ], [ -56.859325408999894, -27.594882965000011 ], [ -56.859802246000015, -27.594800948999989 ], [ -56.860752105999836, -27.594488144000024 ], [ -56.861564635999912, -27.594120024999938 ], [ -56.863018035999914, -27.593267441000023 ], [ -56.865207671999883, -27.59171295099992 ], [ -56.866100311000025, -27.591083525999977 ], [ -56.866104125999982, -27.590799331999904 ], [ -56.865989684999931, -27.590686797999922 ], [ -56.865669249999883, -27.590740203999985 ], [ -56.865016936999837, -27.591030119999914 ], [ -56.864505767999901, -27.591215132999935 ], [ -56.863430022999808, -27.591413498 ], [ -56.862018584999987, -27.592008590999967 ], [ -56.859573363999914, -27.592731475 ], [ -56.859203337999929, -27.59293937699988 ], [ -56.858497618999877, -27.593492508 ] ] ] ] } },
{ "type": "Feature", "properties": { "Name": "PSS : 0 - 60", "FromBreak": 0.0, "ToBreak": 60.0, "IATA": "PSS" }, "geometry": { "type": "MultiPolygon", "coordinates": [ [ [ [ -55.438192709106147, -27.16451404793213 ], [ -55.439081498087603, -27.167685656852598 ], [ -55.439084275395942, -27.167721711573392 ], [ -55.439294226975676, -27.167724386935674 ], [ -55.439307828241397, -27.167737109594839 ], [ -55.439406777315128, -27.169154696651049 ], [ -55.440180910715696, -27.172134098059644 ], [ -55.44079087034072, -27.172171422102451 ], [ -55.440820842950473, -27.17220031578222 ], [ -55.44079808330082, -27.17235852553074 ], [ -55.440829004446755, -27.172387973748471 ], [ -55.440846117077342, -27.173404768270473 ], [ -55.440882403657668, -27.173437245400635 ], [ -55.441527882137223, -27.178269266217967 ], [ -55.441554202705333, -27.178405385088354 ], [ -55.441540204714784, -27.178584622113135 ], [ -55.441365470537392, -27.178628396856084 ], [ -55.441348413663547, -27.178645183584251 ], [ -55.441347471410268, -27.178605812419164 ], [ -55.441307537600096, -27.17860805626907 ], [ -55.441324594473883, -27.178591269540789 ], [ -55.44122426316585, -27.178596948023994 ], [ -55.441224025931604, -27.178637999793978 ], [ -55.441225414106782, -27.178671181353423 ], [ -55.441225564774868, -27.178721095346191 ], [ -55.441282187751142, -27.17872274828062 ], [ -55.441198316471116, -27.18030972364744 ], [ -55.441430817597961, -27.180888733789857 ], [ -55.441394401883258, -27.180920255758167 ], [ -55.441579670899046, -27.182940027781399 ], [ -55.440323745448211, -27.186333817137097 ], [ -55.43913985608333, -27.189854272757884 ], [ -55.439119877562916, -27.189871646232803 ], [ -55.438086258689395, -27.189874717850103 ], [ -55.436879519484933, -27.19318906553616 ], [ -55.436131989143576, -27.195823957903997 ], [ -55.436080638770022, -27.195829307448662 ], [ -55.43588646792341, -27.196579276487 ], [ -55.435552721180557, -27.197694893988739 ], [ -55.435555484937652, -27.19772083504364 ], [ -55.435555230826026, -27.197743507224686 ], [ -55.437351059813636, -27.197015616491115 ], [ -55.437356829589078, -27.19701056860805 ], [ -55.437410698914789, -27.196963503283428 ], [ -55.439966311610931, -27.19666306752066 ], [ -55.444460634876805, -27.195635078833504 ], [ -55.44446114114271, -27.195601552385199 ], [ -55.446009651249256, -27.19511902183558 ], [ -55.447971858158212, -27.19457002850595 ], [ -55.448144452981069, -27.194516640395477 ], [ -55.44818767337631, -27.194549938002353 ], [ -55.448514324424423, -27.198149412855912 ], [ -55.448539883797139, -27.198569202124133 ], [ -55.449318775148242, -27.198696661905899 ], [ -55.44945605200104, -27.198698807559595 ], [ -55.449461307427157, -27.198703520161644 ], [ -55.449509329122691, -27.199413087934886 ], [ -55.449461411699701, -27.199977540429245 ], [ -55.450542164076239, -27.207332170151346 ], [ -55.450501876178521, -27.207365844381229 ], [ -55.450868351991858, -27.210859329566006 ], [ -55.450865732602267, -27.210861621227536 ], [ -55.45065467411024, -27.210844637790842 ], [ -55.450651412028776, -27.210847515868352 ], [ -55.450956963485567, -27.211458898689102 ], [ -55.451898718054565, -27.221125321445356 ], [ -55.454234349390731, -27.223856089138849 ], [ -55.456226251815337, -27.226123185454583 ], [ -55.465019138936213, -27.242199561729251 ], [ -55.463334987767837, -27.242865461684062 ], [ -55.455156669657811, -27.252211209086624 ], [ -55.451612246335856, -27.255395145303794 ], [ -55.450006590327064, -27.260495782580506 ], [ -55.458998947226519, -27.256569458000115 ], [ -55.459029130126794, -27.256566742493021 ], [ -55.459474484643692, -27.256534916191924 ], [ -55.461695259753128, -27.257807886617002 ], [ -55.462430816521248, -27.261118613394274 ], [ -55.461317114134488, -27.262086729140321 ], [ -55.460831027111851, -27.261985268461899 ], [ -55.46080107625346, -27.261987963092452 ], [ -55.45977045203955, -27.264350708295126 ], [ -55.453086726743663, -27.266863827021325 ], [ -55.453035919625506, -27.266818816798661 ], [ -55.451892306752484, -27.266533099610797 ], [ -55.451839324389539, -27.266484022165059 ], [ -55.449847168247516, -27.266005196549656 ], [ -55.449844894930095, -27.266015019950373 ], [ -55.44969138285245, -27.268186687303796 ], [ -55.449732877437498, -27.268189608356181 ], [ -55.449732000709105, -27.268205445074784 ], [ -55.449699906124863, -27.2686091983187 ], [ -55.449766575222156, -27.269178745989961 ], [ -55.451408547439087, -27.269649216365224 ], [ -55.451443685828053, -27.26968894994252 ], [ -55.450143408739052, -27.270480557663518 ], [ -55.450423191951472, -27.271447093106417 ], [ -55.453251745369698, -27.275581923172638 ], [ -55.453467937045218, -27.276261816644819 ], [ -55.453734599988877, -27.276779949414845 ], [ -55.45371987036242, -27.276791409088503 ], [ -55.453912894917607, -27.277162433769092 ], [ -55.45390022115339, -27.277172171793609 ], [ -55.454461560718869, -27.278334416574751 ], [ -55.452948380474197, -27.285613938550796 ], [ -55.450323084022443, -27.293456867080863 ], [ -55.449537718848546, -27.294212938821374 ], [ -55.449464407090204, -27.294227885206396 ], [ -55.4494147511748, -27.294331320833294 ], [ -55.449598095013073, -27.294285623643702 ], [ -55.45161662147575, -27.293782514329962 ], [ -55.452269922183689, -27.293655940867666 ], [ -55.452155096892625, -27.2931689684562 ], [ -55.454514959550181, -27.29216800344409 ], [ -55.456076063535306, -27.293188152616779 ], [ -55.455693286890039, -27.294074738250856 ], [ -55.454644539074707, -27.295668997903135 ], [ -55.45354302773967, -27.299055127331428 ], [ -55.45336021712501, -27.299496535557239 ], [ -55.453323278854725, -27.299533948697103 ], [ -55.452652455084774, -27.299874337913479 ], [ -55.451475701078891, -27.300960313783776 ], [ -55.450637180087483, -27.301733966217284 ], [ -55.450380293172373, -27.301979898112052 ], [ -55.449958783579916, -27.302153984073072 ], [ -55.449952782980688, -27.30214051455016 ], [ -55.449891636429811, -27.302155346093343 ], [ -55.449481485620083, -27.302027543571342 ], [ -55.449490662240692, -27.30200314532857 ], [ -55.449468122793405, -27.301994351586018 ], [ -55.448925568840707, -27.301863904370919 ], [ -55.448619116824773, -27.301683094607142 ], [ -55.448502200385576, -27.302051819293297 ], [ -55.447440800019479, -27.303926749498885 ], [ -55.447451128582031, -27.303952404661686 ], [ -55.447481578776319, -27.303969280814783 ], [ -55.447089624976684, -27.30471968260872 ], [ -55.448024049261619, -27.305127548107805 ], [ -55.448043341929008, -27.305171921620115 ], [ -55.448301452608121, -27.305231920880715 ], [ -55.448326335334173, -27.305242506168895 ], [ -55.448344110756693, -27.305281707292863 ], [ -55.44826993750064, -27.306602672688143 ], [ -55.448289044235764, -27.308300345299074 ], [ -55.448094507720441, -27.308220473945369 ], [ -55.447760220311125, -27.309423432900132 ], [ -55.446930357642032, -27.310549075250833 ], [ -55.44692641387627, -27.310557764618181 ], [ -55.446817784977441, -27.310780089995603 ], [ -55.446457478668094, -27.311472677400616 ], [ -55.446428086693686, -27.311469685465681 ], [ -55.445922927429365, -27.312394115699362 ], [ -55.445922370339872, -27.312399873314803 ], [ -55.446202037449098, -27.312665612408011 ], [ -55.446250891472232, -27.312720161580671 ], [ -55.446549344613743, -27.313168893682018 ], [ -55.447539666353066, -27.314076457898068 ], [ -55.447488313662461, -27.314539282276087 ], [ -55.445407883867063, -27.316458754901987 ], [ -55.445241434008551, -27.316636971006176 ], [ -55.444971533227545, -27.317955294085664 ], [ -55.444649924540045, -27.318612039616369 ], [ -55.443633866789582, -27.31867441065873 ], [ -55.444381380867128, -27.319507442014981 ], [ -55.444410622745409, -27.319528587245713 ], [ -55.444732374700152, -27.319218758682723 ], [ -55.444738152886373, -27.319216650595308 ], [ -55.444980173398335, -27.319269849915656 ], [ -55.444986952712441, -27.319265710853585 ], [ -55.445040838188277, -27.319238633935186 ], [ -55.44520078805067, -27.318847113203617 ], [ -55.44574922633177, -27.318400595579931 ], [ -55.450011744560925, -27.31682413015443 ], [ -55.450060007633567, -27.316808770640591 ], [ -55.452102220857853, -27.319473597812362 ], [ -55.452121252190636, -27.319492429701825 ], [ -55.453198541492441, -27.320673836260539 ], [ -55.450546080581489, -27.322575944916252 ], [ -55.448714425720652, -27.327750713450826 ], [ -55.451626638376638, -27.332719205682338 ], [ -55.451627483854907, -27.332722931753608 ], [ -55.446238535315956, -27.331652938620664 ], [ -55.445675944548384, -27.331585883649836 ], [ -55.445508687602228, -27.331601568928534 ], [ -55.445458746115037, -27.331608653966953 ], [ -55.445212287542972, -27.331646440742873 ], [ -55.44520731455799, -27.331646360214052 ], [ -55.445218002351851, -27.331887592155226 ], [ -55.444879467021167, -27.3328455226507 ], [ -55.442434899554314, -27.336066168779837 ], [ -55.442419300252823, -27.336089551003568 ], [ -55.442775989743723, -27.337369188375703 ], [ -55.442769824891286, -27.337392348577396 ], [ -55.442783008210256, -27.337443669667891 ], [ -55.440904909283915, -27.339606758433035 ], [ -55.440536443487133, -27.34085794772443 ], [ -55.440528838669252, -27.340898317994288 ], [ -55.437289366003426, -27.345512146049657 ], [ -55.436772968561627, -27.346169698361962 ], [ -55.436764855742751, -27.346219175204851 ], [ -55.436832726537091, -27.346669658642782 ], [ -55.432984120196181, -27.347492320467779 ], [ -55.432790476604282, -27.347352170143608 ], [ -55.432735815046499, -27.347320395229474 ], [ -55.432152486968903, -27.347222418546892 ], [ -55.432152152729088, -27.347260297252262 ], [ -55.432142457394093, -27.348444332126519 ], [ -55.431919234245015, -27.352373797352698 ], [ -55.431627585035471, -27.353599261479587 ], [ -55.431607959390988, -27.35361526938658 ], [ -55.431156924808306, -27.353607289543845 ], [ -55.431248507710905, -27.354735138042088 ], [ -55.432519682365125, -27.356628198314638 ], [ -55.432626222178214, -27.356867430156342 ], [ -55.43280895261023, -27.357046118334893 ], [ -55.432814440058337, -27.35704134748363 ], [ -55.432840494616414, -27.357085002421968 ], [ -55.432844007088761, -27.357089360199041 ], [ -55.433060580897688, -27.356931245165697 ], [ -55.433088165085962, -27.356862841600844 ], [ -55.436304060314853, -27.356204505434562 ], [ -55.436309528319271, -27.356208838658119 ], [ -55.439256039684949, -27.357804758541477 ], [ -55.440435139143347, -27.358633854371078 ], [ -55.441020768523174, -27.359304860735847 ], [ -55.446360471043249, -27.363176427340818 ], [ -55.446365799336547, -27.363177573091605 ], [ -55.447229141937555, -27.364609698191714 ], [ -55.447428373114292, -27.364770754529957 ], [ -55.447433655144323, -27.364769144109175 ], [ -55.448222478897264, -27.364685331211319 ], [ -55.448204753764173, -27.364667374213809 ], [ -55.448831761003987, -27.364632506669579 ], [ -55.449646088559859, -27.364514490513272 ], [ -55.449660761515247, -27.364496993641069 ], [ -55.449713665985769, -27.364498899400076 ], [ -55.45024310064241, -27.364412973835385 ], [ -55.452638579583379, -27.36152486778434 ], [ -55.457513723357579, -27.36268405150571 ], [ -55.461341098932451, -27.363425000037296 ], [ -55.461372971015919, -27.363465604936778 ], [ -55.461141370907228, -27.364016245507742 ], [ -55.46199029911628, -27.365900923058575 ], [ -55.461973800920759, -27.36593064157239 ], [ -55.459008425392085, -27.369629562534953 ], [ -55.458205751846663, -27.370088769931044 ], [ -55.458162096893318, -27.37011318615788 ], [ -55.448987203648983, -27.370319541354547 ], [ -55.450590486701685, -27.376343800986831 ], [ -55.447928065791928, -27.379600297190734 ], [ -55.446052867417279, -27.380924758094693 ], [ -55.438704819186285, -27.385866966550964 ], [ -55.438410865877529, -27.386024511609037 ], [ -55.435293570885278, -27.385564491912646 ], [ -55.435232616510916, -27.385520697636821 ], [ -55.433082169327406, -27.380576226585447 ], [ -55.433179404662383, -27.380301487686438 ], [ -55.431995261793759, -27.379694424033971 ], [ -55.431494316904946, -27.380366611407737 ], [ -55.429983570735715, -27.382031238301636 ], [ -55.429972490775754, -27.382038091076765 ], [ -55.429916062103871, -27.382090505480903 ], [ -55.429885720206528, -27.382149456030049 ], [ -55.427699437796321, -27.383772883433039 ], [ -55.426480507635858, -27.384723976737234 ], [ -55.425745165731882, -27.385790270559653 ], [ -55.419741481265248, -27.389507365496627 ], [ -55.414798278493436, -27.38994910415272 ], [ -55.411171984630641, -27.389722245711312 ], [ -55.40555721404786, -27.38984778737489 ], [ -55.401272660203858, -27.391055075312693 ], [ -55.401216040338511, -27.39094067234231 ], [ -55.399998071964717, -27.388848402307474 ], [ -55.395450039254285, -27.389380639422029 ], [ -55.395136177201493, -27.389456825465913 ], [ -55.392910687881113, -27.392295047341747 ], [ -55.392897166484431, -27.392299738543841 ], [ -55.390408313551063, -27.391412950906556 ], [ -55.390365147185207, -27.391383922606622 ], [ -55.389423774379281, -27.390803659792539 ], [ -55.388483264684965, -27.390915767451247 ], [ -55.37788524830296, -27.393451527248089 ], [ -55.374412006195087, -27.395290007531173 ], [ -55.374342480366977, -27.395254574037267 ], [ -55.37421788238214, -27.395303608017514 ], [ -55.373173563915259, -27.394888948922471 ], [ -55.373812314066527, -27.395560546122169 ], [ -55.37358101701335, -27.396463169920992 ], [ -55.373591290119123, -27.396500372002151 ], [ -55.373635254385647, -27.396490811729052 ], [ -55.374494748836639, -27.400082812860433 ], [ -55.376055583500829, -27.405303032858399 ], [ -55.375639494962002, -27.406710617352871 ], [ -55.37561254669987, -27.406752768175693 ], [ -55.37419491878137, -27.407032999588523 ], [ -55.373703534960157, -27.407661223808702 ], [ -55.372571596537625, -27.407338334215069 ], [ -55.372541598685757, -27.407337179646561 ], [ -55.371704976410058, -27.407915347531741 ], [ -55.371578996866731, -27.408344362040111 ], [ -55.371565277045875, -27.408366832520983 ], [ -55.37021589774406, -27.408904258979533 ], [ -55.370227750586537, -27.408936204248903 ], [ -55.370012780053685, -27.409286249077184 ], [ -55.370032084290642, -27.410034510685591 ], [ -55.370011388476769, -27.41006724067563 ], [ -55.369182909505582, -27.41050204828116 ], [ -55.3685205063328, -27.410867322483512 ], [ -55.368517225829862, -27.410868475138216 ], [ -55.36844238481342, -27.410869830239051 ], [ -55.367652177612683, -27.41110777206103 ], [ -55.363455074498461, -27.41296632328914 ], [ -55.362985677839504, -27.413839537171498 ], [ -55.36295930103671, -27.413854125772332 ], [ -55.362525094708076, -27.414035621076266 ], [ -55.362496033422872, -27.414038797722696 ], [ -55.358966054979248, -27.413723278277189 ], [ -55.360986860318178, -27.419773770797576 ], [ -55.364504894636752, -27.425798130982685 ], [ -55.36367583668266, -27.42720142419455 ], [ -55.364603651759239, -27.430739789904521 ], [ -55.366757534065982, -27.43744521714018 ], [ -55.366678922816732, -27.437924545620547 ], [ -55.367456769406374, -27.439277926790169 ], [ -55.366817694703968, -27.441409594222534 ], [ -55.369328363768545, -27.439689182029099 ], [ -55.369365800641503, -27.439695674445659 ], [ -55.370059321081897, -27.439589749449169 ], [ -55.370351869561375, -27.439556760960784 ], [ -55.372381545672624, -27.439278066971724 ], [ -55.370664371098258, -27.441698827898847 ], [ -55.370656385687425, -27.441700601241905 ], [ -55.364554240577604, -27.450848826502522 ], [ -55.361737850021711, -27.453076067656866 ], [ -55.36171310465545, -27.453058059630166 ], [ -55.361693796754764, -27.453084214169394 ], [ -55.357427913233835, -27.456393766912186 ], [ -55.36057070390126, -27.458370253427177 ], [ -55.360571168390891, -27.458370885580962 ], [ -55.361225341824365, -27.458145597012447 ], [ -55.362636210526034, -27.45674347283898 ], [ -55.362663549267552, -27.456723096327039 ], [ -55.366060108155182, -27.457911382286625 ], [ -55.36606460369967, -27.457930980530705 ], [ -55.370873217705025, -27.459028115934927 ], [ -55.37259658703158, -27.461013194402312 ], [ -55.374142712139133, -27.460802588300851 ], [ -55.374145260944147, -27.460933424731365 ], [ -55.374801535531958, -27.460692777809584 ], [ -55.383870041681348, -27.464682125500019 ], [ -55.383879784730937, -27.464749631654797 ], [ -55.384989713011237, -27.467979459466676 ], [ -55.388471649659152, -27.465073599280799 ], [ -55.388480040762488, -27.463981738788959 ], [ -55.388481504413051, -27.463954057557089 ], [ -55.388339678860575, -27.46340356145771 ], [ -55.391324342393602, -27.459426491341446 ], [ -55.39444447910455, -27.459159419172465 ], [ -55.39729815900921, -27.456718648490892 ], [ -55.39771721776134, -27.456423097722336 ], [ -55.398276154056816, -27.455525372679574 ], [ -55.399213318738134, -27.450424801997315 ], [ -55.40109764948761, -27.449122223625579 ], [ -55.406669107279924, -27.447722035828122 ], [ -55.410381137373236, -27.447562367806313 ], [ -55.41483527131254, -27.446007321163052 ], [ -55.416157157643511, -27.445980668340951 ], [ -55.419297945349854, -27.44415892016508 ], [ -55.420027477554299, -27.442869521938746 ], [ -55.424703921730725, -27.439170234177595 ], [ -55.427891014237616, -27.436616281383635 ], [ -55.430101448547134, -27.436069275203806 ], [ -55.432861140252157, -27.435417673442885 ], [ -55.437057084997093, -27.435950451625786 ], [ -55.437071841580234, -27.435961575844431 ], [ -55.438864128370597, -27.438622845933537 ], [ -55.441946452062894, -27.440169661047548 ], [ -55.444432202709152, -27.444250137657036 ], [ -55.443087150512952, -27.445034217779551 ], [ -55.448976311292711, -27.453509975838188 ], [ -55.44984669281132, -27.454811405310465 ], [ -55.449854625868454, -27.454829441157926 ], [ -55.450390017579252, -27.457098706019792 ], [ -55.449310539045598, -27.458307291599056 ], [ -55.442543729833858, -27.459334632958587 ], [ -55.439616565308427, -27.458976644709253 ], [ -55.434653277960194, -27.458421237638333 ], [ -55.434659302121474, -27.458458539077355 ], [ -55.434624684653443, -27.458481013968367 ], [ -55.434959167329055, -27.458827088280771 ], [ -55.43492115231345, -27.45885083986866 ], [ -55.432379777692404, -27.458749906023229 ], [ -55.430660671213047, -27.458420100852379 ], [ -55.430650703613367, -27.458429416553997 ], [ -55.429255248063328, -27.458625811453203 ], [ -55.428541156552512, -27.458470989889463 ], [ -55.42734949819237, -27.458118457420539 ], [ -55.427331830136723, -27.458109361209495 ], [ -55.4268828654196, -27.459340081122832 ], [ -55.423266387569583, -27.465473621294507 ], [ -55.423202636217411, -27.465485025052544 ], [ -55.423031793685368, -27.466000472061069 ], [ -55.421080421636702, -27.467279139993252 ], [ -55.422781994372997, -27.468193228767404 ], [ -55.422977204578558, -27.468287073741863 ], [ -55.422574970489904, -27.472253071193677 ], [ -55.422567341448541, -27.472278199163213 ], [ -55.422596164937715, -27.472304685791414 ], [ -55.423538231881196, -27.475972755308078 ], [ -55.422897315619821, -27.477617626509186 ], [ -55.424880486734253, -27.48382349365113 ], [ -55.420779773826325, -27.490900764260061 ], [ -55.421158148025597, -27.492674700190491 ], [ -55.422618539366226, -27.495954690248823 ], [ -55.422248764525875, -27.496040874265532 ], [ -55.422264977965654, -27.49624385399278 ], [ -55.422266100174738, -27.496265224137971 ], [ -55.422326772983013, -27.496264806915462 ], [ -55.422734527193768, -27.496518610520695 ], [ -55.425266833051239, -27.499524010416849 ], [ -55.426247864457821, -27.500688314235276 ], [ -55.426275268520101, -27.50217392468835 ], [ -55.423998661569613, -27.504856543939241 ], [ -55.423978712857775, -27.504842576828935 ], [ -55.423844368450432, -27.505019070707817 ], [ -55.421507161044872, -27.506949607553508 ], [ -55.421508893953956, -27.506954880285093 ], [ -55.421894130307351, -27.507407858674014 ], [ -55.423338284649162, -27.507230364100224 ], [ -55.423399251740193, -27.50719321977067 ], [ -55.423703198270516, -27.507438232619791 ], [ -55.423836325416403, -27.507409789692815 ], [ -55.427326859247842, -27.508951737461757 ], [ -55.433642492489241, -27.510594749595327 ], [ -55.43493233041039, -27.510856476716867 ], [ -55.437059469563678, -27.510327866685827 ], [ -55.436924501785995, -27.513462882178828 ], [ -55.437603495613189, -27.51469101895367 ], [ -55.437974215181157, -27.515616926675307 ], [ -55.438001036935475, -27.515674048700362 ], [ -55.436722472364181, -27.518255114196279 ], [ -55.436615252824993, -27.518677621541826 ], [ -55.43660175450708, -27.518709046339609 ], [ -55.4350046441524, -27.520019164742621 ], [ -55.434980874733469, -27.520092667796121 ], [ -55.434933089090975, -27.520141484489045 ], [ -55.434889568920482, -27.520181927795761 ], [ -55.431903515349632, -27.523228485700315 ], [ -55.430641552835766, -27.524058717485786 ], [ -55.431211374657721, -27.529491491496174 ], [ -55.431116836607089, -27.531538704890522 ], [ -55.431120101745307, -27.531549536815646 ], [ -55.431303281378348, -27.531618093906332 ], [ -55.431362328386115, -27.531647036728316 ], [ -55.432543990270062, -27.532573147364758 ], [ -55.432530752819105, -27.532615664727643 ], [ -55.431695425830128, -27.532902964620973 ], [ -55.431651409324843, -27.532906055181115 ], [ -55.431767958822093, -27.534174283239679 ], [ -55.432128737702271, -27.537024029706913 ], [ -55.432115063854098, -27.53707867492443 ], [ -55.431359008773768, -27.537459296322595 ], [ -55.431369329036727, -27.541038147768859 ], [ -55.431385678856429, -27.541368013121314 ], [ -55.431205986591635, -27.542115939339624 ], [ -55.431213941475448, -27.542223900569354 ], [ -55.431345386312728, -27.544077567211502 ], [ -55.431324478518434, -27.544097426712824 ], [ -55.431499778968657, -27.54513304411222 ], [ -55.431500681454565, -27.545136611909129 ], [ -55.431447954865803, -27.545190234854772 ], [ -55.431408174654734, -27.545305282030824 ], [ -55.431441059825431, -27.545303940312635 ], [ -55.431449717130135, -27.545311319016378 ], [ -55.431503705522232, -27.545304896543598 ], [ -55.431555547058338, -27.545252173696724 ], [ -55.431571074759347, -27.54524918554921 ], [ -55.43311719896144, -27.544463999579989 ], [ -55.433356368373779, -27.544364835103352 ], [ -55.433878997341822, -27.548549067139675 ], [ -55.434024866272978, -27.548687621226122 ], [ -55.434032708690097, -27.548698466612052 ], [ -55.434102113695928, -27.548768898643345 ], [ -55.433918646086283, -27.549335369196854 ], [ -55.434166859303389, -27.550566408845214 ], [ -55.437233345453706, -27.556953907229001 ], [ -55.437803519079978, -27.556809992287469 ], [ -55.437836665348641, -27.556845815737518 ], [ -55.43737468994749, -27.559495647668996 ], [ -55.438006786715789, -27.562204581564345 ], [ -55.437996284207031, -27.562219345493872 ], [ -55.438017242556668, -27.562244306900254 ], [ -55.438006591067278, -27.562259291530836 ], [ -55.438271799761424, -27.563288221908181 ], [ -55.438256581318399, -27.563308649115697 ], [ -55.438392346464695, -27.563906970943606 ], [ -55.438396529559895, -27.563926318583697 ], [ -55.440173185574395, -27.571230663328322 ], [ -55.440735887287417, -27.571101826505412 ], [ -55.440768331672473, -27.571121034651924 ], [ -55.444015039737906, -27.574923990576508 ], [ -55.445113449820496, -27.575229796014185 ], [ -55.444779944478512, -27.577893147584973 ], [ -55.444775555028286, -27.577934253946296 ], [ -55.444102568114886, -27.582810129209918 ], [ -55.444293009841886, -27.583662253233626 ], [ -55.444214041065152, -27.583724914784511 ], [ -55.445165149699676, -27.585039968884985 ], [ -55.444505545510879, -27.584928089568223 ], [ -55.446455894914436, -27.593512743695328 ], [ -55.447161005688315, -27.595759090289164 ], [ -55.447703686345164, -27.597487975655213 ], [ -55.454665671518853, -27.603946072963765 ], [ -55.459276624725476, -27.60468724604101 ], [ -55.459291324200706, -27.604737942354802 ], [ -55.459301278566841, -27.604743467109074 ], [ -55.459967023831268, -27.606423885817151 ], [ -55.460579333112605, -27.608291565224022 ], [ -55.462005323642188, -27.607025305335355 ], [ -55.462240580143828, -27.607025120340325 ], [ -55.466793139774268, -27.612376622574914 ], [ -55.468060010941883, -27.614222156857352 ], [ -55.470117234145334, -27.615162957702353 ], [ -55.470149312784883, -27.615181469516017 ], [ -55.472504344530137, -27.614920089836346 ], [ -55.476676307354865, -27.617654066395062 ], [ -55.479087706063467, -27.61902948200742 ], [ -55.479105430987772, -27.619065033302661 ], [ -55.48130023671871, -27.620732038641563 ], [ -55.4861849769743, -27.623055226059762 ], [ -55.486194383385282, -27.623059942039447 ], [ -55.486307548209311, -27.62311894608581 ], [ -55.486379041222222, -27.623075567856517 ], [ -55.486441996663189, -27.623192522704642 ], [ -55.486689132826655, -27.623295003693045 ], [ -55.488296676266316, -27.624044561131825 ], [ -55.489595301471923, -27.626112029107958 ], [ -55.489650777560712, -27.626112777160074 ], [ -55.490194840299637, -27.626430792641486 ], [ -55.490213013977325, -27.626454372079422 ], [ -55.490206549653124, -27.626461832028269 ], [ -55.490119702895299, -27.626493409062391 ], [ -55.490114222883449, -27.626500494838297 ], [ -55.49014351218517, -27.626578574395694 ], [ -55.490137696857573, -27.626587027752748 ], [ -55.490127431333235, -27.626584727021566 ], [ -55.49012165456395, -27.626592982805789 ], [ -55.490127569971662, -27.626711770750887 ], [ -55.490760291352672, -27.627898474549283 ], [ -55.490402445946302, -27.62924392440766 ], [ -55.490661429831675, -27.629332328725866 ], [ -55.490663286969721, -27.629340814236798 ], [ -55.490564056219, -27.629368612954295 ], [ -55.490515595684656, -27.629379375746112 ], [ -55.490512473733247, -27.62938002406986 ], [ -55.490455635966214, -27.629383152736466 ], [ -55.49045450923694, -27.629377992615844 ], [ -55.490384997839044, -27.629302280814386 ], [ -55.490374066105346, -27.629249841507828 ], [ -55.489895907856408, -27.629364063591595 ], [ -55.489866879269755, -27.629369846827728 ], [ -55.48983788955212, -27.629378985254448 ], [ -55.489387970088217, -27.629473703637643 ], [ -55.489583990830965, -27.630405928989205 ], [ -55.489584058478272, -27.630406302432732 ], [ -55.489653838802383, -27.630450984675349 ], [ -55.489675373947421, -27.630497308723307 ], [ -55.48967288927912, -27.630500640423463 ], [ -55.489675729897954, -27.630512557669135 ], [ -55.489695671457866, -27.631898899610746 ], [ -55.489710297847637, -27.631904176060686 ], [ -55.49135656746256, -27.634317760221052 ], [ -55.490688918905676, -27.635772929930226 ], [ -55.491256986812289, -27.636260807627764 ], [ -55.491312730736411, -27.636651645708923 ], [ -55.491296382706082, -27.636655481532841 ], [ -55.49113377008689, -27.636737798696458 ], [ -55.491164111057628, -27.6368819127199 ], [ -55.491440381406164, -27.637504740436327 ], [ -55.491510849461235, -27.63752269083011 ], [ -55.491525917090939, -27.637528897842344 ], [ -55.491534166283373, -27.637572283435702 ], [ -55.491655680956285, -27.637641214008056 ], [ -55.491921214993511, -27.637739492038122 ], [ -55.492107757442227, -27.637678446803761 ], [ -55.492540195898812, -27.637513523415919 ], [ -55.492561843068756, -27.637408079599822 ], [ -55.492559001406789, -27.637393718899716 ], [ -55.492782170001362, -27.637318502792994 ], [ -55.49279054433714, -27.63731684883885 ], [ -55.492978376016765, -27.637287673780122 ], [ -55.494152310032405, -27.63704426484685 ], [ -55.49416121272651, -27.637042242950599 ], [ -55.494151983303539, -27.636999204552751 ], [ -55.494109907196844, -27.636804954882109 ], [ -55.494138209876496, -27.63676236751877 ], [ -55.494392201054552, -27.636700675416364 ], [ -55.494660715629664, -27.63662889316447 ], [ -55.495747026501647, -27.636386633460518 ], [ -55.495752734371933, -27.636385275102725 ], [ -55.495751304751593, -27.636378216074434 ], [ -55.495815626145827, -27.636369843401212 ], [ -55.495818446430803, -27.636369233512369 ], [ -55.495876686020779, -27.636354278214014 ], [ -55.495952873599094, -27.636425396345771 ], [ -55.495953994985143, -27.636429595137656 ], [ -55.49657549904731, -27.636332519310997 ], [ -55.496603179156011, -27.636326761763485 ], [ -55.497179520484281, -27.636198989668287 ], [ -55.497192376102987, -27.636218066695449 ], [ -55.497236751547177, -27.636383785704083 ], [ -55.49738419371306, -27.636361452854374 ], [ -55.497434922108482, -27.636351523858536 ], [ -55.497602050761543, -27.636317433858892 ], [ -55.497593742412789, -27.636278662566497 ], [ -55.498037232279557, -27.636213983349137 ], [ -55.498057225102059, -27.636209523472246 ], [ -55.498478565345295, -27.636103716209107 ], [ -55.498506645997054, -27.636132735829335 ], [ -55.498534084549021, -27.636236413145298 ], [ -55.498791726487923, -27.636199289285685 ], [ -55.498837080804606, -27.636189485478837 ], [ -55.499135397384919, -27.63611666620875 ], [ -55.499129157966706, -27.636089198307673 ], [ -55.499452593481692, -27.636037700708869 ], [ -55.4994669787107, -27.636034537267335 ], [ -55.499780854078494, -27.636018884268367 ], [ -55.499785873697988, -27.636041710250879 ], [ -55.499840333163718, -27.636105846058115 ], [ -55.500216480343283, -27.636044841900286 ], [ -55.500255187864354, -27.636035882934095 ], [ -55.500807737314403, -27.635997433808996 ], [ -55.500811935971626, -27.635447002171929 ], [ -55.500916692678288, -27.634950163285168 ], [ -55.500901450346191, -27.634885771938059 ], [ -55.501178805785685, -27.634857321232801 ], [ -55.501189567799656, -27.634842183014484 ], [ -55.501183440438012, -27.634811661219373 ], [ -55.501358673593472, -27.634164223056189 ], [ -55.501380585307686, -27.634133575063174 ], [ -55.50242368482742, -27.634273508925332 ], [ -55.502524048434907, -27.634311356433216 ], [ -55.503072867886203, -27.634186049863217 ], [ -55.503345274496894, -27.634140155408204 ], [ -55.502916197024206, -27.632027899468369 ], [ -55.502863158602736, -27.632061384548535 ], [ -55.50285250928215, -27.632055400589479 ], [ -55.502785859850007, -27.631755266456196 ], [ -55.502729552697019, -27.631716083090396 ], [ -55.502707248449326, -27.63161134208309 ], [ -55.502708198365212, -27.631608192902434 ], [ -55.502658210970992, -27.631282592669606 ], [ -55.502939388910931, -27.63113834649613 ], [ -55.503290430896186, -27.630987223122929 ], [ -55.503573815294203, -27.631203817748542 ], [ -55.503584354240445, -27.63125152097291 ], [ -55.503582821551561, -27.631259311018425 ], [ -55.503562812431142, -27.631351854055936 ], [ -55.503607206770027, -27.631879882933731 ], [ -55.503626389579381, -27.632586826260763 ], [ -55.503504514285453, -27.633730395400335 ], [ -55.503245704346909, -27.632925797829216 ], [ -55.503212844581299, -27.632907276083301 ], [ -55.503453590171262, -27.634201208245656 ], [ -55.503455841435425, -27.634210921142198 ], [ -55.503464972226936, -27.634384125881468 ], [ -55.503509965768956, -27.634373700413676 ], [ -55.503681370156187, -27.635034337707168 ], [ -55.50365584220242, -27.635070789721567 ], [ -55.503609805845088, -27.635045149134669 ], [ -55.503587081082571, -27.635078346748401 ], [ -55.503617209436527, -27.635369038920771 ], [ -55.503602904141985, -27.635510273458863 ], [ -55.503636003988106, -27.635657899138721 ], [ -55.503670860568491, -27.635794221524236 ], [ -55.504102403871116, -27.637019610235711 ], [ -55.504141470027378, -27.637109006948833 ], [ -55.504032218613702, -27.637310053045667 ], [ -55.503966653510133, -27.637423792587981 ], [ -55.503949724955362, -27.637445693741597 ], [ -55.503831025557758, -27.637659026135907 ], [ -55.503829722586715, -27.637658920535671 ], [ -55.503772744529613, -27.637671371542865 ], [ -55.503772894744827, -27.637672110533913 ], [ -55.503783459198928, -27.637722401632686 ], [ -55.503782459622414, -27.637721825284189 ], [ -55.503783081589177, -27.637724189246626 ], [ -55.503783096286895, -27.637724262834809 ], [ -55.503784019821921, -27.637723891671442 ], [ -55.503784751200271, -27.637723785103162 ], [ -55.503784722354283, -27.637723704786197 ], [ -55.503842940774064, -27.63771152802525 ], [ -55.504090072836505, -27.637586452719916 ], [ -55.504251424322376, -27.637540423495238 ], [ -55.504279300782514, -27.637547609824082 ], [ -55.504435106745348, -27.637508419689027 ], [ -55.504536992840201, -27.637482799726115 ], [ -55.50517719722933, -27.637043852047782 ], [ -55.505435411902795, -27.636925627523681 ], [ -55.505656346322723, -27.636824471898649 ], [ -55.505685343384357, -27.636785977184559 ], [ -55.507547213075213, -27.636579882289539 ], [ -55.507613426052387, -27.636564032755075 ], [ -55.507657801172911, -27.636549650926895 ], [ -55.507659374909906, -27.636547418045097 ], [ -55.507724359288545, -27.636528681961465 ], [ -55.508045806127654, -27.636323830698245 ], [ -55.511548956360343, -27.634377700946402 ], [ -55.512762997745938, -27.633416095343364 ], [ -55.513178694955855, -27.632686233084428 ], [ -55.517552369946031, -27.629084348781191 ], [ -55.51762737734731, -27.629021302885121 ], [ -55.517713530619403, -27.628954469595385 ], [ -55.516849269727118, -27.628839707324914 ], [ -55.517060925581461, -27.628416195119541 ], [ -55.517157607171328, -27.627746660295941 ], [ -55.518117454632886, -27.628543406219933 ], [ -55.517987369826528, -27.628885029692754 ], [ -55.52076912087449, -27.629073248844747 ], [ -55.52083682278186, -27.62907948016624 ], [ -55.522806814919306, -27.629237506100196 ], [ -55.525230993325295, -27.629065173070558 ], [ -55.525266345247587, -27.629056209043711 ], [ -55.52797451707778, -27.629602219199001 ], [ -55.53203061857937, -27.629888476783321 ], [ -55.533752239258092, -27.630170908872685 ], [ -55.534815836952873, -27.630641184912292 ], [ -55.537482724282427, -27.631713212395539 ], [ -55.536151377335443, -27.638477393842777 ], [ -55.535876471879362, -27.640210540323665 ], [ -55.534934021299478, -27.644400290438853 ], [ -55.534989863648434, -27.644378718084909 ], [ -55.535004508593602, -27.644407106318454 ], [ -55.540080221310063, -27.642830860232834 ], [ -55.540120192249219, -27.642832680766219 ], [ -55.543804358550346, -27.641919089126645 ], [ -55.546057244862936, -27.641481610487801 ], [ -55.548155292230604, -27.640847005295313 ], [ -55.551465602807809, -27.63871300320892 ], [ -55.552655797944681, -27.638345750750602 ], [ -55.555945253947016, -27.639709658863353 ], [ -55.556680252747242, -27.64349009509516 ], [ -55.556494011398115, -27.64531756130657 ], [ -55.55654546434414, -27.645322464136541 ], [ -55.556655813159182, -27.645535151102649 ], [ -55.55671518064662, -27.645540358692983 ], [ -55.556879064168697, -27.645499963665031 ], [ -55.556963550678745, -27.645741946224746 ], [ -55.556966825895699, -27.645756493346823 ], [ -55.556895728349275, -27.645926864811941 ], [ -55.557067356533821, -27.646039262405736 ], [ -55.5570673019879, -27.646041853191548 ], [ -55.557113422472355, -27.646047361220155 ], [ -55.55712396294274, -27.646068224737292 ], [ -55.557201526175106, -27.646070579578577 ], [ -55.557689592904183, -27.646332942756601 ], [ -55.557747683535069, -27.646536899385069 ], [ -55.558906029024001, -27.646213062861989 ], [ -55.558933171480305, -27.646199056797116 ], [ -55.558911159770958, -27.646175815748677 ], [ -55.559478393668428, -27.646007124021139 ], [ -55.559487230201682, -27.645999568583306 ], [ -55.559553912923775, -27.646008929009326 ], [ -55.559838190807625, -27.645970970026781 ], [ -55.564175928842076, -27.643865326866262 ], [ -55.564207298907434, -27.643824816222661 ], [ -55.564564433852354, -27.64288164340195 ], [ -55.564597815207264, -27.64285023336322 ], [ -55.564618751526893, -27.642824730888321 ], [ -55.568577318629877, -27.641949458880447 ], [ -55.568930818871479, -27.641784942873983 ], [ -55.568934287613331, -27.641780165291095 ], [ -55.569309873686393, -27.64160757354307 ], [ -55.569903704160481, -27.641656185262093 ], [ -55.578324072912665, -27.639609294969375 ], [ -55.578360802910993, -27.639607894867993 ], [ -55.578808768019314, -27.639759068966214 ], [ -55.578846579052708, -27.639755555279805 ], [ -55.578882370057443, -27.639750444168214 ], [ -55.582067591054113, -27.640400885997224 ], [ -55.585945390160646, -27.639996569616642 ], [ -55.585987148145989, -27.640023868265132 ], [ -55.58844612516674, -27.640879421540205 ], [ -55.590392276584907, -27.641066355702037 ], [ -55.590403142702996, -27.641013249643493 ], [ -55.590903980429687, -27.639161359296565 ], [ -55.590932368821882, -27.63915373462828 ], [ -55.59096691132919, -27.639009702892224 ], [ -55.590993750117093, -27.639006637953457 ], [ -55.595185314909713, -27.637407541899904 ], [ -55.597739706702725, -27.639043852913687 ], [ -55.597805087672327, -27.63903047016413 ], [ -55.600395146321375, -27.637457478691147 ], [ -55.600390224679359, -27.640229723344873 ], [ -55.600931642317732, -27.640302296922698 ], [ -55.600948333952033, -27.640305668788073 ], [ -55.601279511359905, -27.640188161423055 ], [ -55.601293402550994, -27.640188636239543 ], [ -55.601548638134318, -27.640173576687687 ], [ -55.603752788458792, -27.640066744647527 ], [ -55.60444863287978, -27.640227473835353 ], [ -55.604916223434543, -27.640256159814612 ], [ -55.608518024852515, -27.640277198024876 ], [ -55.609474947030833, -27.640318782609768 ], [ -55.609515194530388, -27.640325160080124 ], [ -55.611901986559189, -27.640472860612192 ], [ -55.619640316916616, -27.643110312656347 ], [ -55.619992664286258, -27.643143236206015 ], [ -55.619994573462122, -27.643141275696792 ], [ -55.62005801012657, -27.643142059912009 ], [ -55.620304083131543, -27.64312905311948 ], [ -55.620305494405784, -27.643128916286457 ], [ -55.620844103925265, -27.643125357600127 ], [ -55.63406089429742, -27.649715613338287 ], [ -55.634118762430205, -27.64970208662902 ], [ -55.634767640297184, -27.650505598956556 ], [ -55.63522669646602, -27.650043486967263 ], [ -55.635236201940188, -27.650043184651395 ], [ -55.635665482000491, -27.651013053408974 ], [ -55.636481545831032, -27.652223308008729 ], [ -55.646434535221658, -27.666451253164439 ], [ -55.647608676384266, -27.667011119291033 ], [ -55.6476103104701, -27.667022129353086 ], [ -55.647272298356427, -27.667400976753186 ], [ -55.647274638310023, -27.667404671477072 ], [ -55.645897745389334, -27.668179320933916 ], [ -55.645894996650156, -27.66818079732974 ], [ -55.643906465790792, -27.678038125778414 ], [ -55.639894272634251, -27.677957525091415 ], [ -55.63986584567931, -27.677949919189359 ], [ -55.63826047029977, -27.677403497945761 ], [ -55.638230475630166, -27.677389401953405 ], [ -55.63807838834839, -27.677288123505605 ], [ -55.63804800357633, -27.677276310164928 ], [ -55.63891542676447, -27.672009244104572 ], [ -55.637182764565864, -27.671999748451924 ], [ -55.631876996609378, -27.668036795903504 ], [ -55.626119450666806, -27.666379454031869 ], [ -55.62551488127724, -27.665075200574165 ], [ -55.623813840012531, -27.666085073646684 ], [ -55.617900342431369, -27.6653300447839 ], [ -55.617859860819124, -27.665323048078733 ], [ -55.613056426446349, -27.663031323524763 ], [ -55.613012801778211, -27.662997605332123 ], [ -55.612494347211623, -27.662079797431034 ], [ -55.610531227260424, -27.661572951033918 ], [ -55.597933976461206, -27.656660564371521 ], [ -55.600514608781396, -27.660238720656366 ], [ -55.600510813735696, -27.66028826121584 ], [ -55.603219812357054, -27.664151075983909 ], [ -55.603322830078582, -27.672649597848192 ], [ -55.603785119655868, -27.672608853321378 ], [ -55.603784101127872, -27.672620641132312 ], [ -55.603421111657099, -27.673047413991583 ], [ -55.603636871100434, -27.673177358947953 ], [ -55.607404695917012, -27.679530029613488 ], [ -55.609842489578853, -27.683378692128827 ], [ -55.610064396322855, -27.683828642764865 ], [ -55.610063974543209, -27.683832150236015 ], [ -55.610423519043252, -27.683848347964556 ], [ -55.610864750529856, -27.683691602825036 ], [ -55.61079328902639, -27.683673494102607 ], [ -55.61079791882446, -27.683672586867885 ], [ -55.610797881744872, -27.683671721637666 ], [ -55.61084308253163, -27.683669716744419 ], [ -55.610918892741722, -27.683688927451954 ], [ -55.610922370383719, -27.683704204218827 ], [ -55.610921449761236, -27.683704365645099 ], [ -55.612586860965621, -27.685200414256144 ], [ -55.61265384423632, -27.685220616566255 ], [ -55.614510739985121, -27.684796988353639 ], [ -55.614508129752267, -27.684786549727335 ], [ -55.615176504059548, -27.684614670145663 ], [ -55.615185033129251, -27.68460597265971 ], [ -55.615651296433839, -27.684541263558913 ], [ -55.61572116406029, -27.684604269658678 ], [ -55.615831705917572, -27.684703955463817 ], [ -55.618653482397576, -27.689893858180483 ], [ -55.618620047842114, -27.689898357950256 ], [ -55.622004805423899, -27.696723775416331 ], [ -55.622019462331821, -27.696728250122533 ], [ -55.622007477718796, -27.696737454986362 ], [ -55.622562086670541, -27.697166273616801 ], [ -55.622635714474598, -27.697156364462501 ], [ -55.62321570829198, -27.697051625061022 ], [ -55.657785204008917, -27.711452474989358 ], [ -55.656187252748737, -27.722868711023921 ], [ -55.65620502931182, -27.722897422438223 ], [ -55.656090079524404, -27.724073822304831 ], [ -55.655263391433664, -27.73014211504352 ], [ -55.658769724890647, -27.732837810709157 ], [ -55.659256570531966, -27.733283338414026 ], [ -55.662227337179047, -27.735814198044352 ], [ -55.662420184631969, -27.735962960328322 ], [ -55.665566557019133, -27.738305118313292 ], [ -55.666120161468541, -27.738590645923068 ], [ -55.668744684061664, -27.740332707294272 ], [ -55.668760004199783, -27.740312552362866 ], [ -55.671041768212376, -27.737614209432365 ], [ -55.671221264711107, -27.737288933671834 ], [ -55.671749069496741, -27.736698271459773 ], [ -55.67174599390944, -27.73667390263995 ], [ -55.673163060852573, -27.735094377883172 ], [ -55.674097134618989, -27.736903708353225 ], [ -55.674099321559424, -27.736907158049235 ], [ -55.674340446174028, -27.73736802572239 ], [ -55.674388949714455, -27.738395475436334 ], [ -55.673996539049881, -27.738824826567054 ], [ -55.673986187031801, -27.738828133651396 ], [ -55.673976216775884, -27.73884698199106 ], [ -55.673965774290878, -27.738850335331961 ], [ -55.669967927465052, -27.743045174361271 ], [ -55.669215498134974, -27.743877161034391 ], [ -55.669200767161669, -27.743879520135124 ], [ -55.659621229038009, -27.750818379686621 ], [ -55.659624227193888, -27.75082260357965 ], [ -55.667327462168828, -27.758173054786994 ], [ -55.667343744343043, -27.758195453875203 ], [ -55.673282885760273, -27.754393677879591 ], [ -55.673317817129714, -27.754360081247 ], [ -55.678324537499293, -27.754564712147328 ], [ -55.678366842942012, -27.754551126820218 ], [ -55.678433655979745, -27.754568273102848 ], [ -55.6784757836827, -27.754554814870517 ], [ -55.680804415368925, -27.754662934094426 ], [ -55.680843072497339, -27.754654521570387 ], [ -55.6831873540782, -27.755175173019097 ], [ -55.683222510010353, -27.755170868988387 ], [ -55.686922890362951, -27.753738966334595 ], [ -55.692780094706904, -27.754886816985163 ], [ -55.697125104892507, -27.758734854299348 ], [ -55.697163674204091, -27.758763082523899 ], [ -55.71072585930375, -27.773529381226524 ], [ -55.711109692208424, -27.774131891254456 ], [ -55.711185470347971, -27.774148667262693 ], [ -55.721485793579575, -27.774561000104427 ], [ -55.721766753368172, -27.776374224292624 ], [ -55.721766325977342, -27.776399782552119 ], [ -55.72155778695145, -27.777975665708823 ], [ -55.72155028584416, -27.777996179645243 ], [ -55.718898308975838, -27.78203143944188 ], [ -55.713025198960452, -27.779408582975179 ], [ -55.711011402727422, -27.774557939572219 ], [ -55.710972669226123, -27.77458172638012 ], [ -55.710939339543188, -27.774541985992698 ], [ -55.71068124934942, -27.774675120605536 ], [ -55.699416936187902, -27.782032357183539 ], [ -55.696259901884503, -27.783269692111844 ], [ -55.695841692968486, -27.787004973575108 ], [ -55.697916900604525, -27.790923571467829 ], [ -55.697913758402819, -27.790962531683249 ], [ -55.69511073780842, -27.794098288121063 ], [ -55.69710148867614, -27.794779301984477 ], [ -55.697107767782086, -27.794824381720332 ], [ -55.697157365639839, -27.797312815480893 ], [ -55.702683711309078, -27.80687953176033 ], [ -55.706129101351792, -27.808628605682372 ], [ -55.706196290805224, -27.808621207538806 ], [ -55.711052993674798, -27.811048343845584 ], [ -55.712401241203111, -27.805808485623743 ], [ -55.712400798640658, -27.805807714846082 ], [ -55.712530208496219, -27.805736327433294 ], [ -55.712608369358577, -27.80573314825881 ], [ -55.712608880760172, -27.805732488459626 ], [ -55.712734703050444, -27.805793219397174 ], [ -55.712734235202731, -27.805793987672303 ], [ -55.71273522446495, -27.80579489210055 ], [ -55.718562362368345, -27.811530880178395 ], [ -55.725874674670024, -27.804342836513058 ], [ -55.725866406746718, -27.804316312929643 ], [ -55.728388335524357, -27.801817049686065 ], [ -55.73153360073502, -27.801126756933797 ], [ -55.731544781644914, -27.801165042497928 ], [ -55.732922615052019, -27.805084850898709 ], [ -55.732631370678234, -27.810102880878162 ], [ -55.73089361548648, -27.827233521910443 ], [ -55.730011730016713, -27.832097572799626 ], [ -55.730086189985116, -27.832195581543942 ], [ -55.733293599804711, -27.834703965275253 ], [ -55.733428550862584, -27.836283752373561 ], [ -55.733385904486738, -27.836290019548869 ], [ -55.733386536548949, -27.836317841540449 ], [ -55.733287438603554, -27.837155276751844 ], [ -55.733821712885288, -27.836995554573946 ], [ -55.733883027051888, -27.837000648812307 ], [ -55.73474451828821, -27.837274482382782 ], [ -55.741214109529153, -27.837106492928626 ], [ -55.742657069906727, -27.833667231852701 ], [ -55.742690005595307, -27.833623603245371 ], [ -55.743147014122144, -27.833336512952769 ], [ -55.752456731454402, -27.837356166095105 ], [ -55.759265082350339, -27.846342237155625 ], [ -55.759456925364077, -27.847811256667171 ], [ -55.759463736215082, -27.847817350163268 ], [ -55.75981093793547, -27.847962015150017 ], [ -55.759817022306947, -27.847967420694488 ], [ -55.761475963249609, -27.850911515262453 ], [ -55.762288771881003, -27.852438635602823 ], [ -55.762305664522785, -27.852453473536571 ], [ -55.7642073961851, -27.855911350468205 ], [ -55.769101417744366, -27.85477170427788 ], [ -55.769112876617669, -27.85476608405105 ], [ -55.774068015831858, -27.855014279061095 ], [ -55.776020870960906, -27.854866393243185 ], [ -55.776163964691477, -27.854831787112857 ], [ -55.776759277184965, -27.854817055660192 ], [ -55.779920764119481, -27.852558740267341 ], [ -55.779934826517263, -27.852495366837104 ], [ -55.781622013754316, -27.851180048142794 ], [ -55.782918103884356, -27.849166739242946 ], [ -55.782909119096814, -27.849137477517559 ], [ -55.778371350585985, -27.847663308161543 ], [ -55.777381410420389, -27.844927165213505 ], [ -55.777366634232862, -27.844906762542223 ], [ -55.777420485844971, -27.842935156373301 ], [ -55.777436067264262, -27.842875151070359 ], [ -55.780315506891611, -27.840313780113604 ], [ -55.780702023667686, -27.840335373444191 ], [ -55.781401375158282, -27.840344206531597 ], [ -55.781855699236758, -27.8403097208448 ], [ -55.788824914720806, -27.840761007325852 ], [ -55.788854055077991, -27.840712821105342 ], [ -55.788914808539516, -27.84072952286391 ], [ -55.790640761697944, -27.841037268900095 ], [ -55.790635701746112, -27.841062662113927 ], [ -55.790668294129659, -27.841069226193326 ], [ -55.791689707314106, -27.841216403570456 ], [ -55.792830336925761, -27.841492103887276 ], [ -55.792833896070192, -27.84147412684456 ], [ -55.792998655320446, -27.840405874622149 ], [ -55.792953016558613, -27.840352901048732 ], [ -55.792960100587607, -27.840346980027903 ], [ -55.795111729730195, -27.836407886202721 ], [ -55.800971137353997, -27.832882942140429 ], [ -55.801001724850266, -27.832893762573917 ], [ -55.808297447034533, -27.832557240404242 ], [ -55.809518499552212, -27.832379619888002 ], [ -55.809571846797326, -27.832375210555881 ], [ -55.811747322624456, -27.832278113180791 ], [ -55.826823043767376, -27.82811001569371 ], [ -55.828877510692735, -27.828145214694587 ], [ -55.854854627312761, -27.834643246487133 ], [ -55.854932970411767, -27.838956691429189 ], [ -55.861690439133781, -27.835312757104305 ], [ -55.861710241921287, -27.835312547235731 ], [ -55.871463852537204, -27.828740191352836 ], [ -55.872321210593441, -27.829576145319947 ], [ -55.872394677498903, -27.829566976161459 ], [ -55.872399424567334, -27.829565543671947 ], [ -55.887148974633988, -27.84101862539228 ], [ -55.887178388787675, -27.841047982730458 ], [ -55.890577439171579, -27.842178546658147 ], [ -55.895642311164238, -27.840771244948883 ], [ -55.895062371840652, -27.843727168450471 ], [ -55.90284317052209, -27.844816615303387 ], [ -55.902882271177361, -27.844880289651655 ], [ -55.901587251908097, -27.846666729066385 ], [ -55.901620453396504, -27.846726379178961 ], [ -55.905038033043354, -27.847504192415784 ], [ -55.905072417506062, -27.84757271305466 ], [ -55.904627779456234, -27.847947596807387 ], [ -55.904661771258588, -27.848014362707772 ], [ -55.906442095498505, -27.848443849041473 ], [ -55.906985667995855, -27.848756549427776 ], [ -55.906988568537543, -27.848786620084923 ], [ -55.907014046581992, -27.848824112285058 ], [ -55.90710727226633, -27.849237866267856 ], [ -55.907112697852426, -27.849236555188043 ], [ -55.907112582643776, -27.849301498712748 ], [ -55.90849535219553, -27.849530374190522 ], [ -55.908022872441563, -27.84811633018586 ], [ -55.90784933785983, -27.846247476089275 ], [ -55.907623994557923, -27.844119647323623 ], [ -55.907585022254011, -27.844055760646711 ], [ -55.906945999923551, -27.837423461844082 ], [ -55.906904802602014, -27.837367547931024 ], [ -55.900862193211992, -27.824085819094819 ], [ -55.898965031552109, -27.818950569896685 ], [ -55.897680937254222, -27.815465348173291 ], [ -55.896583234705986, -27.813193529120156 ], [ -55.896565268448171, -27.813177813415223 ], [ -55.89423568559755, -27.808305195049115 ], [ -55.89848596855262, -27.79886409256244 ], [ -55.898489233268776, -27.798851436754489 ], [ -55.900066036334863, -27.799655820004205 ], [ -55.900052745146525, -27.799608601634361 ], [ -55.900082571175915, -27.799604443170722 ], [ -55.900964192126025, -27.800219279555563 ], [ -55.900964627666497, -27.800202736279402 ], [ -55.901659890089547, -27.800009841744554 ], [ -55.90196240328055, -27.79993223145766 ], [ -55.926842119668891, -27.785406537000256 ], [ -55.928781766698819, -27.779193126664154 ], [ -55.946642923061347, -27.748825926765733 ], [ -55.946788436780196, -27.748139207911493 ], [ -55.946972398196181, -27.747908812554329 ], [ -55.94733737621732, -27.747175458296738 ], [ -55.948700633848091, -27.746966564973718 ], [ -55.949309686652725, -27.746715947410394 ], [ -55.977937595200387, -27.732105320519395 ], [ -56.031929384792306, -27.712718953789874 ], [ -56.0342893029881, -27.711601458715791 ], [ -56.037234378387552, -27.709774034500185 ], [ -56.037291302588812, -27.709804859998201 ], [ -56.050881180134695, -27.709037178353526 ], [ -56.090134477281254, -27.67694943457866 ], [ -56.094866470436216, -27.673086926848384 ], [ -56.094908279054891, -27.672987991481932 ], [ -56.098251075218059, -27.670892739668261 ], [ -56.105798057356139, -27.67065612129386 ], [ -56.117399816001182, -27.682018227987214 ], [ -56.125916584776064, -27.708550068588124 ], [ -56.124544493301642, -27.712616048054031 ], [ -56.137354785249329, -27.711345187825088 ], [ -56.149778725952046, -27.71626661445282 ], [ -56.149834208696461, -27.716242224288351 ], [ -56.185686379244544, -27.738680186581291 ], [ -56.233621261766245, -27.732943792136268 ], [ -56.267754171700915, -27.725256152729401 ], [ -56.29511372707799, -27.74985035963789 ], [ -56.295271482823068, -27.759421726004291 ], [ -56.292551152158467, -27.77016833703982 ], [ -56.292522842896915, -27.770210678929743 ], [ -56.289414564459435, -27.77692144371531 ], [ -56.288134064739438, -27.779686025685692 ], [ -56.290464532108274, -27.785993772714278 ], [ -56.285344317174577, -27.791255154212024 ], [ -56.285559253268389, -27.793990574934242 ], [ -56.268783419345823, -27.820065837066579 ], [ -56.289910474040596, -27.802088648207359 ], [ -56.333553597784771, -27.773175061498137 ], [ -56.333567809218323, -27.773158051383575 ], [ -56.343764903520935, -27.765632844611559 ], [ -56.342765563326282, -27.764600724591048 ], [ -56.339811397624487, -27.761551680199091 ], [ -56.34653561535913, -27.754327151029941 ], [ -56.346541949094956, -27.754315674033194 ], [ -56.34733680355049, -27.753479319649045 ], [ -56.347342753742282, -27.753468516273244 ], [ -56.347371724387017, -27.75344225631261 ], [ -56.347377482635807, -27.753431389361026 ], [ -56.36311513734546, -27.736540953133499 ], [ -56.372385124608059, -27.726178799687261 ], [ -56.372790384298128, -27.713043186794835 ], [ -56.372821419322577, -27.713036679523952 ], [ -56.389142975432037, -27.71283183579186 ], [ -56.400217017816544, -27.705427483737594 ], [ -56.400251629546744, -27.705403030570551 ], [ -56.400288299014846, -27.705399692078686 ], [ -56.404239610617651, -27.698660671520088 ], [ -56.404276932039693, -27.698634040353681 ], [ -56.404510722917166, -27.696399465150307 ], [ -56.404549534422415, -27.69637177071661 ], [ -56.421641128346891, -27.703412967130646 ], [ -56.454336573640205, -27.698868521064696 ], [ -56.469966172503632, -27.708451358240666 ], [ -56.469972359356234, -27.708516373578391 ], [ -56.475023966462174, -27.713275966426693 ], [ -56.475046269226539, -27.713234083302098 ], [ -56.481784046804876, -27.697517516890457 ], [ -56.489677320939279, -27.671142728434688 ], [ -56.489686779676106, -27.671109732589116 ], [ -56.491073934456551, -27.647808726763969 ], [ -56.490660810500003, -27.640341174919172 ], [ -56.5092429728154, -27.642617207047635 ], [ -56.515996770591869, -27.632791374989154 ], [ -56.612855176119695, -27.58395555323267 ], [ -56.613147578529265, -27.583903560922124 ], [ -56.623227062780813, -27.580384431737798 ], [ -56.619610359817614, -27.576938694866669 ], [ -56.619539737259231, -27.576911925773061 ], [ -56.619529582589109, -27.576863158112587 ], [ -56.619458733697797, -27.576837227492945 ], [ -56.619456004800156, -27.576834649714272 ], [ -56.619303555623844, -27.576329602980593 ], [ -56.619205477339335, -27.576087862526606 ], [ -56.616655830594482, -27.57266203396216 ], [ -56.616646096374836, -27.572663594207143 ], [ -56.58721793669099, -27.539143649761058 ], [ -56.57853006968304, -27.537947832223892 ], [ -56.578484941414445, -27.537937186955844 ], [ -56.576921556868285, -27.537725198084672 ], [ -56.565813599318574, -27.533992537038671 ], [ -56.566595683000685, -27.541142709697056 ], [ -56.546689127220134, -27.544896256172478 ], [ -56.546569785890313, -27.544972717766882 ], [ -56.530112463916396, -27.54862269486415 ], [ -56.517342898942388, -27.551454785028909 ], [ -56.512397930476027, -27.550854815266689 ], [ -56.500444429708239, -27.54768242453116 ], [ -56.498483243999885, -27.551783084999954 ], [ -56.49543341899988, -27.555697026999951 ], [ -56.492434425999988, -27.558492699 ], [ -56.490147057, -27.561034218999964 ], [ -56.487046401999862, -27.563677399999904 ], [ -56.484199899999908, -27.565151481999919 ], [ -56.480743431999883, -27.566371411999967 ], [ -56.477402705999964, -27.566901932999883 ], [ -56.473017210000023, -27.567997984999977 ], [ -56.468391643000018, -27.569777048999924 ], [ -56.46549430999994, -27.571352791999914 ], [ -56.460919573999945, -27.574250124999935 ], [ -56.458531843999822, -27.575620857999922 ], [ -56.455429889999948, -27.577401609999811 ], [ -56.451465117999987, -27.579434826000011 ], [ -56.444399692, -27.583145445999889 ], [ -56.441095714999904, -27.584467036999911 ], [ -56.437181773999896, -27.586856065999882 ], [ -56.436114334999957, -27.588177655999971 ], [ -56.434996065999883, -27.591379971999913 ], [ -56.434284440999988, -27.593769000999941 ], [ -56.433471154000017, -27.595344743999931 ], [ -56.432149563999815, -27.597225468999852 ], [ -56.429913025999952, -27.599157023999965 ], [ -56.428235621999988, -27.600478614999986 ], [ -56.425439949999884, -27.602461000999881 ], [ -56.422237633999941, -27.603833420999933 ], [ -56.41923863999989, -27.604545046999931 ], [ -56.41501971699995, -27.60561248599987 ], [ -56.412071552999805, -27.606069958999967 ], [ -56.408716745999868, -27.606374941999889 ], [ -56.404904465999834, -27.606679924 ], [ -56.394840044999853, -27.606934075999959 ], [ -56.388842056999806, -27.606019128999947 ], [ -56.384165659999951, -27.604900859999873 ], [ -56.382030782999891, -27.604087574 ], [ -56.375270339, -27.601851036000028 ], [ -56.372271345, -27.599970310999936 ], [ -56.370797262999986, -27.59905536299982 ], [ -56.36922152, -27.59849622899992 ], [ -56.366273356999955, -27.596717164999802 ], [ -56.363172701999815, -27.594023153000023 ], [ -56.359360421999952, -27.590566684999942 ], [ -56.357581357000015, -27.587974335000013 ], [ -56.356158105999953, -27.585890287999973 ], [ -56.354887345999884, -27.583704580999893 ], [ -56.353413263999869, -27.580349773999956 ], [ -56.352244164999945, -27.577503270999898 ], [ -56.351583368999968, -27.574351785999909 ], [ -56.351176725999892, -27.572420229999864 ], [ -56.350515931000018, -27.569522896999956 ], [ -56.350058456999932, -27.567388019999953 ], [ -56.350058456999932, -27.565558125 ], [ -56.350210948999916, -27.563524908999909 ], [ -56.350871743999903, -27.561085049999917 ], [ -56.351227557000016, -27.559458476999964 ], [ -56.351329217, -27.55722193899993 ], [ -56.351024234999898, -27.554782079 ], [ -56.35082091299995, -27.553968792999967 ], [ -56.350414269999874, -27.550918967999962 ], [ -56.349499322999861, -27.547818313999812 ], [ -56.348177732000011, -27.543904371999986 ], [ -56.347161123999911, -27.541159529999902 ], [ -56.344721264999919, -27.536584794000021 ], [ -56.34319635199995, -27.53317915699995 ], [ -56.342004439999926, -27.530107972999872 ], [ -56.339892375999966, -27.526469542999905 ], [ -56.33836746399993, -27.524029682999924 ], [ -56.336334247999901, -27.522047297999848 ], [ -56.334961826999859, -27.520827367999914 ], [ -56.333538574999977, -27.520268232999911 ], [ -56.332064492999848, -27.520268232999911 ], [ -56.32667647, -27.519861589999834 ], [ -56.324134949999859, -27.519149963999837 ], [ -56.321669035999946, -27.518744522999953 ], [ -56.320654069999989, -27.518236285999933 ], [ -56.319556007999893, -27.517749094999942 ], [ -56.316815371999894, -27.515642665999906 ], [ -56.313511394999978, -27.513050315999919 ], [ -56.311630669999886, -27.510864607999906 ], [ -56.31010575800002, -27.508882222000011 ], [ -56.308885827999802, -27.506747344999951 ], [ -56.307767559000013, -27.50385001199993 ], [ -56.306852611999886, -27.502528422000012 ], [ -56.305734342999983, -27.50125766099984 ], [ -56.304412751999905, -27.500342714 ], [ -56.301057945999958, -27.498614479999901 ], [ -56.29871974699995, -27.497547041999951 ], [ -56.296839021999858, -27.496530433999965 ], [ -56.294500822999908, -27.494954690999975 ], [ -56.293687536999869, -27.494141404999823 ], [ -56.292416775999868, -27.491549053999904 ], [ -56.290332729999932, -27.48585604799996 ], [ -56.288655325999969, -27.48107798999996 ], [ -56.287181244999942, -27.47502917199995 ], [ -56.286215466999977, -27.470454434999908 ], [ -56.285249688999897, -27.467404610999893 ], [ -56.284893875999956, -27.465218902999879 ], [ -56.284334741999885, -27.461914926999953 ], [ -56.284131419999937, -27.459780049999893 ], [ -56.284182250999891, -27.457086037999829 ], [ -56.284741384999961, -27.454392026999869 ], [ -56.285859653999921, -27.450274763999914 ], [ -56.287689549, -27.446564143999922 ], [ -56.289417782999976, -27.443209336999814 ], [ -56.291705150999974, -27.438227957999857 ], [ -56.293026740999892, -27.435533945999907 ], [ -56.293840027999863, -27.432839934000015 ], [ -56.294500822999908, -27.429790109999828 ], [ -56.295059957999911, -27.42719775899991 ], [ -56.295161617999895, -27.425317033999988 ], [ -56.294958296999937, -27.42297883599997 ], [ -56.294449992999887, -27.421301432 ], [ -56.293585875999895, -27.4192173859999 ], [ -56.2921626239999, -27.416980847999923 ], [ -56.290434390999906, -27.415150952999966 ], [ -56.287181244999942, -27.410932028999923 ], [ -56.284233080999911, -27.408492169999931 ], [ -56.279861665999874, -27.406153970999924 ], [ -56.275846063999893, -27.404832381 ], [ -56.272135444000014, -27.404171584999858 ], [ -56.267865689999951, -27.40391743299989 ], [ -56.265665450999904, -27.404040985999984 ], [ -56.262376005999954, -27.404578228999924 ], [ -56.258970369, -27.404730719999861 ], [ -56.253938158999915, -27.405442344999926 ], [ -56.249566743999878, -27.40503570199985 ], [ -56.246415258999889, -27.404883211000026 ], [ -56.243568756, -27.404629058999888 ], [ -56.240518931999986, -27.404019093999864 ], [ -56.239500490999831, -27.403318655999897 ], [ -56.237570767999955, -27.402392520999911 ], [ -56.236198346999913, -27.401426742999945 ], [ -56.235588381999889, -27.400359304999824 ], [ -56.234927587000016, -27.398732731999985 ], [ -56.234622603999924, -27.397004497999887 ], [ -56.234622603999924, -27.39578456799984 ], [ -56.234165131, -27.394259655999804 ], [ -56.233707656999968, -27.392073948999951 ], [ -56.23294520099995, -27.390549035999925 ], [ -56.232538557999874, -27.389583258999949 ], [ -56.231877763, -27.388515819999895 ], [ -56.231013646, -27.388007515999959 ], [ -56.229793715999961, -27.387245059999827 ], [ -56.227760499999874, -27.386787585999912 ], [ -56.225778113999979, -27.386787585999912 ], [ -56.22318576299989, -27.386635094999804 ], [ -56.219017669999914, -27.386330112999985 ], [ -56.217086113999869, -27.385770977999982 ], [ -56.215612032000024, -27.385313504999885 ], [ -56.21337549499998, -27.384246065999946 ], [ -56.211088126, -27.382670322999957 ], [ -56.209563213999957, -27.380942089999962 ], [ -56.207428336999897, -27.379366346999859 ], [ -56.206106745999875, -27.376926486999878 ], [ -56.204886816999817, -27.37458828899986 ], [ -56.203666886999883, -27.373165036999865 ], [ -56.201379518999886, -27.371843446999947 ], [ -56.198075541999913, -27.369454417999975 ], [ -56.196143987000028, -27.36747203199991 ], [ -56.193856618999973, -27.364473038000028 ], [ -56.191721740999981, -27.3622365 ], [ -56.187502817999871, -27.35608602100001 ], [ -56.183690537000018, -27.351206301999866 ], [ -56.181555659999958, -27.348766441999942 ], [ -56.178150022999887, -27.345818279000014 ], [ -56.175862654999889, -27.343632571 ], [ -56.172965321999982, -27.341701015999945 ], [ -56.168288923999853, -27.339311986999917 ], [ -56.165391590999945, -27.338193718000014 ], [ -56.16274841, -27.337532922999969 ], [ -56.160715193999806, -27.337126278999904 ], [ -56.158885299000019, -27.336160501999927 ], [ -56.157665368999972, -27.334635588999959 ], [ -56.156648760999985, -27.332907355999964 ], [ -56.155479661999891, -27.331484103999969 ], [ -56.153700597999944, -27.32965421 ], [ -56.151921533, -27.328739261999885 ], [ -56.14938001299987, -27.327925975999904 ], [ -56.147499287999949, -27.32782431499993 ], [ -56.14541524099991, -27.327875144999894 ], [ -56.143864436999934, -27.327981314999874 ], [ -56.141501299999902, -27.32833261899998 ], [ -56.137434866999968, -27.328180127999985 ], [ -56.134486703999926, -27.32782431499993 ], [ -56.132250165999892, -27.327519331999838 ], [ -56.130776083999876, -27.326807706999944 ], [ -56.129047849999949, -27.325943589999838 ], [ -56.127319616999955, -27.32467282999994 ], [ -56.126150516999871, -27.323097086999951 ], [ -56.125133908999942, -27.321572174999915 ], [ -56.123442044999933, -27.319584422999924 ], [ -56.122236575999921, -27.318420689999925 ], [ -56.120254189999855, -27.317709063999928 ], [ -56.118119312999966, -27.317149930000028 ], [ -56.115966392000018, -27.317206659000021 ], [ -56.113544576999914, -27.317099098999904 ], [ -56.110063096999966, -27.315326487999982 ], [ -56.100790341999868, -27.312372673999903 ], [ -56.098921215000018, -27.311658027000021 ], [ -56.091433349999988, -27.309677859999965 ], [ -56.086807782999983, -27.308559590999891 ], [ -56.083198823999965, -27.308152947999986 ], [ -56.079589864999889, -27.3076954739999 ], [ -56.075218450000023, -27.307034679000026 ], [ -56.069881256999849, -27.306526374999976 ], [ -56.061626804999889, -27.306195426999864 ], [ -56.055648743999882, -27.306831356999908 ], [ -56.054292361000023, -27.307090303 ], [ -56.050057398999911, -27.307898796000018 ], [ -56.047042223999824, -27.308652588999962 ], [ -56.046194287999924, -27.308864573 ], [ -56.041009586999849, -27.310846958999889 ], [ -56.037043197999935, -27.312911772999939 ], [ -56.034503294999922, -27.314964222000015 ], [ -56.032419247999883, -27.31638747400001 ], [ -56.029979387999902, -27.31857318099992 ], [ -56.027793680999878, -27.320657227999959 ], [ -56.024540534999915, -27.323707051999975 ], [ -56.024264330999983, -27.324261578999938 ], [ -56.021541540999863, -27.326553554999862 ], [ -56.019152511999891, -27.329044244999977 ], [ -56.017475107999928, -27.331026630999872 ], [ -56.013916979999863, -27.333974793999914 ], [ -56.011680442, -27.33600801 ], [ -56.006749892999892, -27.339667799999859 ], [ -56.003140933999987, -27.342158489999974 ], [ -55.998312044999864, -27.345055822999882 ], [ -55.992720700999882, -27.347800664999966 ], [ -55.989721706999887, -27.349427237999919 ], [ -55.986976864999804, -27.351358792999861 ], [ -55.984537005, -27.352883705000011 ], [ -55.981080537999901, -27.354256125999882 ], [ -55.978945660000022, -27.355120242999874 ], [ -55.97548919299993, -27.355628546999924 ], [ -55.972541028999899, -27.355679377999934 ], [ -55.969135391999828, -27.355425225999966 ], [ -55.96623805899992, -27.354662768999845 ], [ -55.962527438999871, -27.352883705000011 ], [ -55.958448901, -27.35097464099988 ], [ -55.957565214999875, -27.350785400999939 ], [ -55.953367704999948, -27.349243393999984 ], [ -55.948701568999866, -27.348308969000016 ], [ -55.945448422999903, -27.347546513 ], [ -55.941077007999979, -27.346834887 ], [ -55.935485663, -27.34627575199994 ], [ -55.931165078, -27.34627575199994 ], [ -55.927301967999938, -27.346174091999956 ], [ -55.924709616999849, -27.346580734999861 ], [ -55.920592353999893, -27.346631564999882 ], [ -55.916373429999965, -27.346072430999982 ], [ -55.914645195999867, -27.345818279000014 ], [ -55.911137897999936, -27.344395027000019 ], [ -55.907833921999952, -27.343480079999892 ], [ -55.904428284999881, -27.342768453999895 ], [ -55.901175138999918, -27.342412641999942 ], [ -55.898176144999866, -27.342412641999942 ], [ -55.896346249999965, -27.342717623999874 ], [ -55.893347255999913, -27.343988383999942 ], [ -55.888111723999884, -27.346834887 ], [ -55.884553595999819, -27.349223915999971 ], [ -55.881097127999908, -27.352019587999905 ], [ -55.878098134000027, -27.355120242999874 ], [ -55.876268239999888, -27.357356780999908 ], [ -55.873879210999917, -27.359491657999968 ], [ -55.86844035699994, -27.364168054999936 ], [ -55.865741794999849, -27.36732900699991 ], [ -55.863255655999865, -27.371335142999897 ], [ -55.861222439000016, -27.375452405999852 ], [ -55.860104169999886, -27.377129809 ], [ -55.858985900999983, -27.379620498999941 ], [ -55.857969292999883, -27.383229458000017 ], [ -55.856788322999876, -27.386321943999917 ], [ -55.85522445099997, -27.389684918999819 ], [ -55.854004522000025, -27.392175608999935 ], [ -55.852123796999933, -27.394412146999969 ], [ -55.84942978499987, -27.397055328000022 ], [ -55.844956708999973, -27.401680895000027 ], [ -55.842516849999981, -27.403866602999926 ], [ -55.838907890999963, -27.407475561999945 ], [ -55.836061387999905, -27.409559607999881 ], [ -55.832198276999918, -27.411897807 ], [ -55.830571703999908, -27.412609433 ], [ -55.826200288999871, -27.414540987999942 ], [ -55.823455446999958, -27.415760917999989 ], [ -55.821714557999883, -27.41616266199992 ], [ -55.818829879999953, -27.416828355999826 ], [ -55.815119260999893, -27.416726695999955 ], [ -55.812069435999888, -27.417082508999897 ], [ -55.810137880999946, -27.417692472999931 ], [ -55.80632559999998, -27.420183162999933 ], [ -55.803784080000014, -27.422623023000028 ], [ -55.800683424999988, -27.426994437999952 ], [ -55.798446887000011, -27.429891770999802 ], [ -55.795498723999913, -27.433348238999884 ], [ -55.793160524999962, -27.43543228499982 ], [ -55.792910309999968, -27.435630249999861 ], [ -55.789593584999977, -27.438254372000017 ], [ -55.789222646999917, -27.438388240999984 ], [ -55.787111706999895, -27.440210342999933 ], [ -55.784366864999981, -27.441633594999928 ], [ -55.780097110999918, -27.442802694000022 ], [ -55.777352269, -27.443615981 ], [ -55.773387496999874, -27.444276775999867 ], [ -55.769321064999872, -27.444581757999856 ], [ -55.765356292999911, -27.444480097999985 ], [ -55.761271924999903, -27.444310089999874 ], [ -55.75208955699992, -27.44519172299988 ], [ -55.747565650999888, -27.445598365999956 ], [ -55.743295897, -27.445954179000012 ], [ -55.740347732999965, -27.445547535999935 ], [ -55.736840434999863, -27.445140892999859 ], [ -55.732774001999928, -27.443107676999944 ], [ -55.729470025999831, -27.440871138999967 ], [ -55.725962727999899, -27.438024635999909 ], [ -55.7227604119999, -27.434568168 ], [ -55.720269721999955, -27.430755887999965 ], [ -55.716609932999916, -27.423385478999876 ], [ -55.715339172999848, -27.420488145999968 ], [ -55.714729208, -27.417285830000026 ], [ -55.713356786999952, -27.413016075999963 ], [ -55.71193353599989, -27.409762929999829 ], [ -55.710205301999963, -27.407526391999966 ], [ -55.708273747000021, -27.405493175999879 ], [ -55.704563126999972, -27.402697503999946 ], [ -55.702072437000027, -27.400918438999895 ], [ -55.700140881999914, -27.398936053 ], [ -55.698158496000019, -27.396852006999893 ], [ -55.696684414, -27.394869621 ], [ -55.694549536999943, -27.391616474999864 ], [ -55.692617980999898, -27.388769971999977 ], [ -55.690228951999927, -27.386177620999888 ], [ -55.687890753999909, -27.383178627 ], [ -55.685450893999928, -27.381043749999833 ], [ -55.683316016999868, -27.378756381999949 ], [ -55.68102864899987, -27.376977318 ], [ -55.679147923999949, -27.375757387999954 ], [ -55.677013046999889, -27.374791609999988 ], [ -55.674674847999881, -27.373165036999865 ], [ -55.672438309999905, -27.372605902999965 ], [ -55.669795128999965, -27.371843446999947 ], [ -55.668219385999976, -27.371335142999897 ], [ -55.665017070999966, -27.370572686999878 ], [ -55.661255620999952, -27.370216873999823 ], [ -55.656884205999916, -27.369403586999965 ], [ -55.648328150999873, -27.365556145000028 ], [ -55.644110844999886, -27.363773254999955 ], [ -55.640618475999872, -27.362948125999878 ], [ -55.638534429, -27.36218566999986 ], [ -55.63629789099997, -27.360762417999865 ], [ -55.630760300999896, -27.357387078999921 ], [ -55.624047762999965, -27.354713599999968 ], [ -55.6199305, -27.352375400999961 ], [ -55.616931505999844, -27.350138862999984 ], [ -55.61362752999986, -27.348563120999927 ], [ -55.610781026999973, -27.34688571699985 ], [ -55.607782032999978, -27.345004991999872 ], [ -55.605138851999868, -27.343734231999974 ], [ -55.602749823000011, -27.342412641999942 ], [ -55.599445846999913, -27.340786068999932 ], [ -55.59614186999994, -27.339159495999809 ], [ -55.593092045999924, -27.336770466000019 ], [ -55.59105883, -27.334178115999862 ], [ -55.589635578000014, -27.331687425999917 ], [ -55.587754852999922, -27.327061858999912 ], [ -55.587246548999872, -27.325587776999896 ], [ -55.586484093000024, -27.321927988000027 ], [ -55.586280770999906, -27.319335636999881 ], [ -55.586179110999922, -27.31648913399988 ], [ -55.58694156699994, -27.314557578999938 ], [ -55.587604817999932, -27.313373201999923 ], [ -55.588364817999945, -27.312016058999973 ], [ -55.591007998999885, -27.307949625999868 ], [ -55.594057822999901, -27.30403568499986 ], [ -55.596026285999869, -27.301697059 ], [ -55.598124256, -27.298901813999805 ], [ -55.599903319999839, -27.296716105999963 ], [ -55.601224910999861, -27.294174585999826 ], [ -55.602292348999981, -27.292039708999937 ], [ -55.602495670999929, -27.289803170999903 ], [ -55.602597331999903, -27.287159989999964 ], [ -55.602394009999955, -27.28461847 ], [ -55.601922214691115, -27.283409493578631 ], [ -55.599432245434912, -27.287182916118468 ], [ -55.593600073381879, -27.290853323241095 ], [ -55.593918321326498, -27.285625214418928 ], [ -55.593967058285386, -27.284544136201589 ], [ -55.595621936308532, -27.282363399104668 ], [ -55.595982291761857, -27.281981625429751 ], [ -55.595986879075042, -27.281960746856839 ], [ -55.595967226522134, -27.281917239839117 ], [ -55.595958799906612, -27.281892917785967 ], [ -55.595903595155107, -27.28169027133282 ], [ -55.595908764221463, -27.28163107639665 ], [ -55.596399142063149, -27.276772853539399 ], [ -55.595074432, -27.275926469999888 ], [ -55.593549519000021, -27.27516401399987 ], [ -55.591973777000021, -27.274808200999814 ], [ -55.589737238999987, -27.274757370999964 ], [ -55.587805683999875, -27.27516401399987 ], [ -55.585772467000027, -27.275570656999832 ], [ -55.583637589999967, -27.27572314799994 ], [ -55.581248561, -27.275316504999864 ], [ -55.578554549999865, -27.274452387999872 ], [ -55.57611468999994, -27.272978306000027 ], [ -55.574386455999957, -27.270945089999827 ], [ -55.573115695999888, -27.26906436500002 ], [ -55.572149917999809, -27.26387966399983 ], [ -55.572607392, -27.260067382999978 ], [ -55.572963204999951, -27.257576692999862 ], [ -55.573217356999862, -27.255950120000023 ], [ -55.573623999999825, -27.253256108999949 ], [ -55.574081474000025, -27.250257114999897 ], [ -55.574691438999878, -27.24746144199986 ], [ -55.575453894999896, -27.244818260999921 ], [ -55.576521333000017, -27.2419209279999 ], [ -55.57763960199992, -27.239836881999963 ], [ -55.579926970999907, -27.236380413999882 ], [ -55.581129332610601, -27.235396295741111 ], [ -55.578380908288182, -27.227950634634396 ], [ -55.57119758703675, -27.223186732503848 ], [ -55.571011722523735, -27.22294288260747 ], [ -55.570275677462064, -27.221243706214807 ], [ -55.570239061816494, -27.221244936846801 ], [ -55.567562730549412, -27.22076987372219 ], [ -55.568293223453168, -27.219385485624287 ], [ -55.568305663836554, -27.218142529724446 ], [ -55.568281624911037, -27.218141191142422 ], [ -55.568034494460107, -27.218063403003384 ], [ -55.56801825061649, -27.218034978219237 ], [ -55.567987519854455, -27.218034681604877 ], [ -55.567939256089915, -27.21721916950321 ], [ -55.567911865733265, -27.217186661095411 ], [ -55.567811024463367, -27.215544791180889 ], [ -55.567250067372356, -27.214598343942384 ], [ -55.56693865445294, -27.213495815748047 ], [ -55.566900279214451, -27.213524688679342 ], [ -55.56689554282832, -27.213507891140978 ], [ -55.566881571477325, -27.213516452661793 ], [ -55.566837556678763, -27.213507567618251 ], [ -55.566830171484867, -27.213458646756578 ], [ -55.566730191067052, -27.213107504395282 ], [ -55.566913440956455, -27.21266033754307 ], [ -55.566919897492141, -27.212664786146718 ], [ -55.566925959438379, -27.212658209990991 ], [ -55.569182510615576, -27.210496586156921 ], [ -55.566350855859639, -27.209882799855222 ], [ -55.566292821117941, -27.209892663026949 ], [ -55.563479349872068, -27.209757379706843 ], [ -55.563444712355874, -27.209732699418282 ], [ -55.561211990395634, -27.208186290659 ], [ -55.558517661245276, -27.207184234021156 ], [ -55.55815685159746, -27.207177572639409 ], [ -55.558117777323105, -27.206910577067333 ], [ -55.558114530813498, -27.206909208131435 ], [ -55.557092415644888, -27.206537706831057 ], [ -55.554468961889938, -27.205347642336903 ], [ -55.554415223256058, -27.205350045809269 ], [ -55.553825108216472, -27.205086204761869 ], [ -55.553412736735595, -27.204741279274231 ], [ -55.553411480569423, -27.204722755438411 ], [ -55.552996805716532, -27.204207187073337 ], [ -55.551499068477312, -27.202158868266508 ], [ -55.551474738472564, -27.202159618887777 ], [ -55.550869391185415, -27.201663810032471 ], [ -55.550826119351484, -27.201648951616733 ], [ -55.550156592739313, -27.20202228072003 ], [ -55.550134281714975, -27.202021839380052 ], [ -55.550080483702061, -27.202003366549945 ], [ -55.549119720192266, -27.200333222560914 ], [ -55.54910312580472, -27.200312089373938 ], [ -55.547668199474629, -27.199059139536303 ], [ -55.547678841157506, -27.199048191981262 ], [ -55.54764808532326, -27.199019055689575 ], [ -55.546807657876343, -27.198287787310051 ], [ -55.546269733440852, -27.197847215481943 ], [ -55.544728090126114, -27.197641040146493 ], [ -55.544682010068072, -27.197677579617107 ], [ -55.54467748246384, -27.197678136903846 ], [ -55.544601846796525, -27.197627466257529 ], [ -55.543617799072138, -27.196988584446501 ], [ -55.542309978446383, -27.196136128725129 ], [ -55.541196513643001, -27.195441084804202 ], [ -55.538372618361052, -27.193845178395861 ], [ -55.538393268775394, -27.193817477573418 ], [ -55.538376337715476, -27.193804874089835 ], [ -55.536484324062087, -27.192555916087201 ], [ -55.535367844030986, -27.191825685826416 ], [ -55.533487066150769, -27.190595314369887 ], [ -55.533456135327299, -27.190599048585284 ], [ -55.533308242254122, -27.190695836537543 ], [ -55.533276310888994, -27.190699527645506 ], [ -55.531527059541133, -27.18698795531617 ], [ -55.531520266201824, -27.186947350233936 ], [ -55.532838652416899, -27.185368005572343 ], [ -55.530512307544598, -27.183717755177668 ], [ -55.530286528154647, -27.180735420785595 ], [ -55.529032912003856, -27.178482351254672 ], [ -55.522425131588477, -27.18071099541794 ], [ -55.514726406319994, -27.17849379334416 ], [ -55.514702378180004, -27.178505375438647 ], [ -55.51429703903915, -27.178498176030644 ], [ -55.511911259059275, -27.178682408870998 ], [ -55.51056190988686, -27.178786610871555 ], [ -55.505409925716037, -27.178784755348886 ], [ -55.505387764405384, -27.178765340804318 ], [ -55.505350379952858, -27.178732535256358 ], [ -55.505330013124023, -27.175540116627644 ], [ -55.505331409277801, -27.173502799646997 ], [ -55.505331335868789, -27.173461676992474 ], [ -55.498421840582637, -27.175654356269376 ], [ -55.498378792939661, -27.175654605674026 ], [ -55.493975369667339, -27.173554461124866 ], [ -55.489672303395537, -27.173578989615976 ], [ -55.487194431413059, -27.173340464350417 ], [ -55.48149606436391, -27.171342164192822 ], [ -55.479733375520652, -27.171029680918082 ], [ -55.479720131412364, -27.171018005959468 ], [ -55.479714822434232, -27.170274754526702 ], [ -55.475654701096062, -27.17032328929804 ], [ -55.47561919746579, -27.170323576940746 ], [ -55.475618885047254, -27.170354673400482 ], [ -55.471978370780334, -27.170320228529135 ], [ -55.471934153183554, -27.170280372750028 ], [ -55.469219820883836, -27.169299272017554 ], [ -55.469399494928268, -27.166060175614803 ], [ -55.455781920056381, -27.165588836628388 ], [ -55.455725194603076, -27.165641373025323 ], [ -55.455654815341632, -27.165639217409989 ], [ -55.455508251683341, -27.165626553410618 ], [ -55.455505817595906, -27.165625229426496 ], [ -55.455414019201328, -27.165614506616294 ], [ -55.455139977640329, -27.165588180843713 ], [ -55.446352009957366, -27.16528258784092 ], [ -55.44631328159528, -27.165253587588495 ], [ -55.446290056245005, -27.165233436343897 ], [ -55.44616156388156, -27.164884900743857 ], [ -55.442471476226387, -27.164693328772159 ], [ -55.440766826950437, -27.165158162718967 ], [ -55.440710636617951, -27.165162253582878 ], [ -55.438192709106147, -27.16451404793213 ] ] ] ] } }
]
}
