{
"type": "FeatureCollection",
"name": "Tiempos de viaje AFA San Rafael",
"crs": { "type": "name", "properties": { "name": "urn:ogc:def:crs:OGC:1.3:CRS84" } },
"features": [
{ "type": "Feature", "properties": { "ObjectID": 105, "FacilityID": 28, "Name": "AFA : 120 - 180", "FromBreak": 120.0, "ToBreak": 180.0 }, "geometry": { "type": "MultiPolygon", "coordinates": [ [ [ [ -66.30853152049167, -33.319510233006838 ], [ -66.30851418150354, -33.319546692152755 ], [ -66.308517811102206, -33.319552185684529 ], [ -66.308524418624188, -33.319549107278704 ], [ -66.30853152049167, -33.319510233006838 ] ] ], [ [ [ -66.308932449873055, -33.312859671812987 ], [ -66.308979691217417, -33.312896373208503 ], [ -66.308971869002448, -33.312855381870691 ], [ -66.308965783407075, -33.31281400451104 ], [ -66.308932449873055, -33.312859671812987 ] ] ], [ [ [ -66.370738051832518, -33.308141347004096 ], [ -66.370779545862717, -33.308108454125431 ], [ -66.370747422393379, -33.308102661253997 ], [ -66.370714602360465, -33.308097221579942 ], [ -66.370738051832518, -33.308141347004096 ] ] ], [ [ [ -66.313573391109287, -33.302869875271426 ], [ -66.31354915322504, -33.302888410788739 ], [ -66.313564179075115, -33.302927832400144 ], [ -66.313573391109287, -33.302869875271426 ] ] ], [ [ [ -66.370738051832518, -33.308141347004096 ], [ -66.37027673648538, -33.308697969803404 ], [ -66.370275277358928, -33.308697728601942 ], [ -66.369933066214458, -33.308641323190841 ], [ -66.370073265721942, -33.307991311435217 ], [ -66.369650786807142, -33.30792977097633 ], [ -66.369611523351182, -33.307925160017874 ], [ -66.369577359352547, -33.307921727019561 ], [ -66.369498798233963, -33.307912501085696 ], [ -66.3685636200197, -33.307797316890969 ], [ -66.368485354022539, -33.307788315073026 ], [ -66.368450652569891, -33.307784973363766 ], [ -66.368372331060016, -33.307776154649048 ], [ -66.367388124980266, -33.307659814848932 ], [ -66.364408771132901, -33.30679037013067 ], [ -66.364154428788993, -33.307235082327338 ], [ -66.363843560747455, -33.307383508939154 ], [ -66.363288867768517, -33.307837797401646 ], [ -66.362901985340955, -33.307787609428203 ], [ -66.362796937152837, -33.307931223454204 ], [ -66.362723443603102, -33.308486399673711 ], [ -66.362684305403548, -33.308481184948448 ], [ -66.362645236441836, -33.308475474585236 ], [ -66.362183429680101, -33.308408938060495 ], [ -66.362182509031754, -33.308409216024359 ], [ -66.362040809239318, -33.308157592632995 ], [ -66.3619924706191, -33.308225294709928 ], [ -66.362037458142652, -33.308281653776589 ], [ -66.362026199147863, -33.308343928577699 ], [ -66.361751923336897, -33.308348500470629 ], [ -66.36209632695693, -33.308667632942388 ], [ -66.362643209140742, -33.308477638689965 ], [ -66.362580084540525, -33.309112105196562 ], [ -66.363137734600514, -33.309184475315533 ], [ -66.363123720270266, -33.309262296143004 ], [ -66.363060811119226, -33.309386671103027 ], [ -66.362583932111932, -33.309331539452558 ], [ -66.36258392632908, -33.30933157447339 ], [ -66.362552263257896, -33.309280589208981 ], [ -66.362489551258932, -33.309319326861726 ], [ -66.362536062496019, -33.309373303480982 ], [ -66.36258391910286, -33.309331601900851 ], [ -66.362522682256326, -33.309445875298991 ], [ -66.362351602739579, -33.310146317136571 ], [ -66.361887166749455, -33.309835042604448 ], [ -66.36161141335441, -33.310046738626056 ], [ -66.361363035398426, -33.309615254880441 ], [ -66.360832882087664, -33.309941829539071 ], [ -66.360590810333122, -33.31097409694064 ], [ -66.360510490110357, -33.310963345224252 ], [ -66.36015138608343, -33.310003068004903 ], [ -66.359943128445593, -33.310891474160201 ], [ -66.359492787980685, -33.310402215258648 ], [ -66.358940433763848, -33.310285309183598 ], [ -66.358444511913319, -33.30989175115451 ], [ -66.358868999831031, -33.309697605007955 ], [ -66.358548503177815, -33.309333059314838 ], [ -66.357967461885323, -33.309586125018541 ], [ -66.358068444215803, -33.308791132824865 ], [ -66.358051624534596, -33.308739079173961 ], [ -66.357468839319665, -33.308404174113548 ], [ -66.358133764978049, -33.308420864869731 ], [ -66.358270098552509, -33.307881869571986 ], [ -66.358777840579933, -33.30810319816942 ], [ -66.359039571736332, -33.307978574908077 ], [ -66.358807362639141, -33.307946875447101 ], [ -66.358840675126487, -33.307633007815355 ], [ -66.358468252208922, -33.307588563519289 ], [ -66.358519511407223, -33.307298293128099 ], [ -66.357614688066008, -33.307189085879884 ], [ -66.357284219781263, -33.307149200381957 ], [ -66.357317251831319, -33.30644671008946 ], [ -66.356373335190483, -33.306285328511592 ], [ -66.356853793601488, -33.305705880079586 ], [ -66.356527398875471, -33.305348085313426 ], [ -66.356285300381899, -33.30486422175386 ], [ -66.355817224051464, -33.304448962367815 ], [ -66.355253058870858, -33.30431986866472 ], [ -66.355074360104766, -33.30449098618476 ], [ -66.355010710669376, -33.30444397679787 ], [ -66.355010589411677, -33.304443880910526 ], [ -66.355116218173862, -33.304211658656925 ], [ -66.355060474911681, -33.304084543509703 ], [ -66.354938721807628, -33.304087001337166 ], [ -66.354904933060993, -33.304066414609451 ], [ -66.354641677590962, -33.304001007688214 ], [ -66.354494915951136, -33.304207333203578 ], [ -66.354195551132307, -33.304130869104426 ], [ -66.353912587260709, -33.304157977469401 ], [ -66.353026825301527, -33.30402433016684 ], [ -66.352933035193871, -33.304069379541374 ], [ -66.352773241264913, -33.304639244439841 ], [ -66.352702868215772, -33.30489021230909 ], [ -66.351824004376908, -33.304662134638306 ], [ -66.351337360263187, -33.30499193347589 ], [ -66.351051534209944, -33.304141303194001 ], [ -66.350275409363974, -33.303579583895043 ], [ -66.351164691225449, -33.303561831945444 ], [ -66.351164699922947, -33.303561799223701 ], [ -66.351200271840526, -33.303581720673151 ], [ -66.351222208737966, -33.303572803830434 ], [ -66.35120829464438, -33.30355084539849 ], [ -66.351261062191327, -33.303344622299505 ], [ -66.351566974990419, -33.303405171306395 ], [ -66.351321095101014, -33.303139343651026 ], [ -66.350418868564304, -33.303176172220731 ], [ -66.350416630074392, -33.303173911004933 ], [ -66.350388702576026, -33.303128267704835 ], [ -66.350728389274082, -33.302539297465955 ], [ -66.350602599186743, -33.302369052816914 ], [ -66.350477842710063, -33.302490232926743 ], [ -66.350015628587528, -33.302401178579316 ], [ -66.350138266191266, -33.301843633016176 ], [ -66.349212635193453, -33.302159490031727 ], [ -66.34958333059501, -33.300756756832641 ], [ -66.347517366088368, -33.299871752240449 ], [ -66.347900205093197, -33.29941208343655 ], [ -66.347895710458147, -33.299398892320426 ], [ -66.348236916427652, -33.299166410687462 ], [ -66.348580095243676, -33.298932584849922 ], [ -66.349053768353485, -33.299169329053257 ], [ -66.349803743262044, -33.298785592219929 ], [ -66.348477132721882, -33.296336081599918 ], [ -66.348583315265614, -33.295933319678227 ], [ -66.348582160165677, -33.295929783603242 ], [ -66.348689546346463, -33.295529343630619 ], [ -66.348735189871491, -33.295497008397604 ], [ -66.348718562241913, -33.295428666429018 ], [ -66.348643497906437, -33.295388050291592 ], [ -66.348448052263052, -33.296112532063262 ], [ -66.348271588376349, -33.296766650858558 ], [ -66.348127965022513, -33.297150954360916 ], [ -66.347317133634192, -33.297108729219303 ], [ -66.347291968284992, -33.297007375102737 ], [ -66.347158909586256, -33.297097978663828 ], [ -66.347380706828972, -33.297767981043535 ], [ -66.347379117137052, -33.297770065061059 ], [ -66.346445268542311, -33.298034297674349 ], [ -66.346056940138396, -33.298290740178459 ], [ -66.346316869221027, -33.298612855559952 ], [ -66.347411820639877, -33.298436477676887 ], [ -66.347132233437151, -33.299416709822992 ], [ -66.346892079353665, -33.299472355438752 ], [ -66.346891513570256, -33.299474177668401 ], [ -66.346221881913038, -33.298918783063186 ], [ -66.34551352903145, -33.299660844067091 ], [ -66.345041379793599, -33.299640809286416 ], [ -66.345108993961276, -33.299880240474295 ], [ -66.344976274401574, -33.299909870789406 ], [ -66.344843441546629, -33.299939526398191 ], [ -66.344777831697456, -33.300066752948453 ], [ -66.345527556167781, -33.301166444403691 ], [ -66.345522714047547, -33.301171035376171 ], [ -66.344114269991337, -33.300689975964076 ], [ -66.343660830940394, -33.300953424415184 ], [ -66.343985775559418, -33.301318041760851 ], [ -66.345429541714168, -33.301644852694835 ], [ -66.345322922804257, -33.301866520155386 ], [ -66.345322825303697, -33.301867132461837 ], [ -66.34399071892949, -33.301674316092999 ], [ -66.343970271238845, -33.301415409389676 ], [ -66.343634050308196, -33.301637169782282 ], [ -66.343601697839063, -33.302711548449452 ], [ -66.343551397114936, -33.302741293103168 ], [ -66.343542181073587, -33.302745725422028 ], [ -66.342179909747188, -33.302470483627417 ], [ -66.342176391621194, -33.30233757910969 ], [ -66.341992332241375, -33.302432253644156 ], [ -66.342098860379224, -33.302586293176034 ], [ -66.34217986324154, -33.302470632813879 ], [ -66.34217984260664, -33.30247069319131 ], [ -66.343437659016899, -33.303230063953322 ], [ -66.342060646407162, -33.302698107010826 ], [ -66.340675560511954, -33.303397451350065 ], [ -66.340198668505252, -33.303904329138618 ], [ -66.338645289718329, -33.303921679056316 ], [ -66.337560598389473, -33.304569988488822 ], [ -66.337117466896984, -33.30379424430771 ], [ -66.336204088010618, -33.304218259018512 ], [ -66.33593558945762, -33.305737332478941 ], [ -66.33593294676632, -33.305736593703671 ], [ -66.335226808679465, -33.305555489573408 ], [ -66.335651270320398, -33.304104801628 ], [ -66.335838397619057, -33.304116028753242 ], [ -66.335690776338424, -33.303952325939918 ], [ -66.335482520965741, -33.30402807428618 ], [ -66.335651011666414, -33.304104737701948 ], [ -66.33464352414029, -33.304810025677284 ], [ -66.334641855596942, -33.304809666261747 ], [ -66.33510530559505, -33.303946819530267 ], [ -66.334325169913313, -33.302910161695081 ], [ -66.333072321729276, -33.302548250500251 ], [ -66.331971180232017, -33.302549208808614 ], [ -66.330642803672049, -33.302108839683001 ], [ -66.330319475600106, -33.301573122842626 ], [ -66.329687058976049, -33.300708412574693 ], [ -66.328930526155773, -33.301329468309518 ], [ -66.328571565282289, -33.302213112543143 ], [ -66.328386609630229, -33.30222884625249 ], [ -66.32838640114494, -33.302228809677956 ], [ -66.327797523505012, -33.30267955463512 ], [ -66.326878637106688, -33.302362154284424 ], [ -66.327662356522694, -33.301106994326915 ], [ -66.327423975202237, -33.300735292463571 ], [ -66.327071406917923, -33.300965487033068 ], [ -66.326874803910243, -33.302361236396848 ], [ -66.326868069652846, -33.302365246258887 ], [ -66.326820327006715, -33.302382479246035 ], [ -66.326018189804188, -33.301591265575269 ], [ -66.325496081093377, -33.301609902799839 ], [ -66.325841380423185, -33.301822223826377 ], [ -66.325875623075376, -33.301841982169321 ], [ -66.326156751195526, -33.303536287814609 ], [ -66.324445255828607, -33.30250323629474 ], [ -66.324170937676399, -33.303105481942509 ], [ -66.324143738074895, -33.303175455012877 ], [ -66.323002973599841, -33.302500355167922 ], [ -66.322588821942873, -33.301761739720121 ], [ -66.321929259650972, -33.300849014929327 ], [ -66.321026350156785, -33.301569746520897 ], [ -66.3217101814854, -33.30219618484 ], [ -66.321450660727464, -33.303643869677444 ], [ -66.321429447215905, -33.30365460029941 ], [ -66.319692003331568, -33.30447173322392 ], [ -66.319024632774017, -33.304006163117094 ], [ -66.319003512015172, -33.302585820088666 ], [ -66.318604487294692, -33.302208429165091 ], [ -66.318064775770267, -33.302592328320657 ], [ -66.317715644559144, -33.303156335402889 ], [ -66.317559620752206, -33.30306315453106 ], [ -66.317403399076966, -33.302969855162473 ], [ -66.317228586902786, -33.302876752166128 ], [ -66.317152904575266, -33.302820254165283 ], [ -66.317083170483954, -33.302778281857059 ], [ -66.316647373055957, -33.302483418588054 ], [ -66.316462944665886, -33.302871983880095 ], [ -66.31615350043495, -33.30265674513015 ], [ -66.316088310375619, -33.302613137217577 ], [ -66.315477300812574, -33.302222273870939 ], [ -66.315463579471441, -33.302214201789241 ], [ -66.314854324904047, -33.301824214239161 ], [ -66.314557739902227, -33.301634368296504 ], [ -66.31469442679861, -33.301335567923957 ], [ -66.31428579908669, -33.301166136355107 ], [ -66.313883791200681, -33.300958082320619 ], [ -66.3139661740056, -33.300364909936263 ], [ -66.314066491588903, -33.300333581208463 ], [ -66.313980238870101, -33.300225648943581 ], [ -66.313876647458812, -33.300318352364684 ], [ -66.31396610308218, -33.300364904247033 ], [ -66.313883241195924, -33.300958038200463 ], [ -66.31342929230857, -33.300839626570564 ], [ -66.313022856412715, -33.30069688030045 ], [ -66.313040105049765, -33.300938220925957 ], [ -66.312777053949333, -33.300868659710147 ], [ -66.312694942655298, -33.301008435732911 ], [ -66.312189070848262, -33.300826555967546 ], [ -66.312189305806271, -33.300826387964491 ], [ -66.311729152696444, -33.300661198301668 ], [ -66.311754070920813, -33.30082968557798 ], [ -66.311445046836354, -33.300720434474442 ], [ -66.311755214610571, -33.300830979983346 ], [ -66.311938597652841, -33.300912384704645 ], [ -66.311999161625863, -33.300919533365857 ], [ -66.312206750121334, -33.300995538157736 ], [ -66.312209137875413, -33.30099824443306 ], [ -66.312207949754452, -33.300996091384889 ], [ -66.312569928317203, -33.301128681253317 ], [ -66.312750701757068, -33.301194897107905 ], [ -66.312721112214888, -33.301273361748429 ], [ -66.313496433968965, -33.301641716094593 ], [ -66.314069808928139, -33.302073127054882 ], [ -66.313470689995711, -33.302645541177924 ], [ -66.313573391109287, -33.302869875271426 ], [ -66.313585863450839, -33.302967995290942 ], [ -66.313792027067507, -33.303161650775905 ], [ -66.313941260285105, -33.303067749853483 ], [ -66.313941320036065, -33.303067762997841 ], [ -66.314048147493963, -33.30321774290303 ], [ -66.314269356152295, -33.303159511784429 ], [ -66.314323710169845, -33.303188432772174 ], [ -66.314270438062238, -33.303054518744148 ], [ -66.314148250898313, -33.30307068275755 ], [ -66.314089261782726, -33.303018444150666 ], [ -66.314011712558283, -33.302703946701342 ], [ -66.314176668591983, -33.30252696139172 ], [ -66.314566360957826, -33.30253492684011 ], [ -66.314566492092695, -33.302535258860416 ], [ -66.31513417455426, -33.302735006501166 ], [ -66.315275487959923, -33.302512343522721 ], [ -66.315514881801505, -33.3026235333096 ], [ -66.315985050561665, -33.302841909623339 ], [ -66.315977336096694, -33.30284615870778 ], [ -66.316444440229134, -33.303064552049534 ], [ -66.316511987717092, -33.303103558121734 ], [ -66.316547611424369, -33.303129723140785 ], [ -66.316547718679715, -33.303115585906539 ], [ -66.317161486683176, -33.303548427936164 ], [ -66.317773323827225, -33.303979908090525 ], [ -66.317538694755513, -33.304275555965262 ], [ -66.317732626463169, -33.304412857285797 ], [ -66.31838144040745, -33.304872209444113 ], [ -66.317733591151523, -33.305010767600834 ], [ -66.317520699766192, -33.305531590083831 ], [ -66.317980276828109, -33.305384875330958 ], [ -66.318019520467203, -33.305389479000041 ], [ -66.317472361915748, -33.306190240782257 ], [ -66.317350690635863, -33.306378099798678 ], [ -66.317421884877376, -33.306578821384505 ], [ -66.317624916427349, -33.306553730289693 ], [ -66.317684697738628, -33.306604395829766 ], [ -66.318018883016407, -33.307029551815788 ], [ -66.317762727955426, -33.30764466588721 ], [ -66.317762709128601, -33.30764478044108 ], [ -66.317194201101017, -33.307987910902455 ], [ -66.317613424586568, -33.30800021670791 ], [ -66.317574464175493, -33.308436810957289 ], [ -66.318027748571467, -33.308971395215053 ], [ -66.318672202657353, -33.309385432760962 ], [ -66.317991224068464, -33.309484098811481 ], [ -66.318335851706252, -33.3101242079602 ], [ -66.31843742930522, -33.310358428448978 ], [ -66.319553549892476, -33.310749201115755 ], [ -66.318904218429452, -33.311217335918741 ], [ -66.318957915557348, -33.311321568613039 ], [ -66.31913624957815, -33.311664245805559 ], [ -66.319104185221477, -33.311736545360247 ], [ -66.31902341794131, -33.311925703343036 ], [ -66.319001675427216, -33.311960270236739 ], [ -66.319005690631229, -33.311967242647938 ], [ -66.319101829445401, -33.311996498678297 ], [ -66.319062061483464, -33.312084481646082 ], [ -66.319568455536285, -33.311840595427554 ], [ -66.31951834521027, -33.312714441854155 ], [ -66.319218419226672, -33.312644494148117 ], [ -66.319431676344152, -33.312967035561883 ], [ -66.32014992156445, -33.312863799687022 ], [ -66.319861574224888, -33.313895689843434 ], [ -66.320232052245615, -33.312882977350228 ], [ -66.320792391147734, -33.31327765461333 ], [ -66.32116427398995, -33.313100036418803 ], [ -66.320914106369628, -33.31289705073101 ], [ -66.321624551000411, -33.312908951687575 ], [ -66.322003398336051, -33.311866679547563 ], [ -66.322463949577525, -33.312521495750445 ], [ -66.322706106668079, -33.312401350872847 ], [ -66.322604919407752, -33.312065356623521 ], [ -66.324302920243326, -33.311039561344046 ], [ -66.325123540229242, -33.311501645244277 ], [ -66.323545068710416, -33.313938106154012 ], [ -66.32305824035484, -33.313843339884784 ], [ -66.322760694976637, -33.314024311428909 ], [ -66.322384181388145, -33.315138921244397 ], [ -66.321864115350877, -33.314474331086899 ], [ -66.321089291005308, -33.314850881638449 ], [ -66.321700338900371, -33.314992745204563 ], [ -66.321310123171997, -33.316759504099309 ], [ -66.321339973026511, -33.316806993290299 ], [ -66.321339823203402, -33.316807044328129 ], [ -66.320427532305416, -33.317067543381256 ], [ -66.320114326443161, -33.317911677470249 ], [ -66.319529654623693, -33.317396240961784 ], [ -66.318705985874033, -33.317587019780376 ], [ -66.318965112556612, -33.316661892732498 ], [ -66.318122405430131, -33.316708711813305 ], [ -66.31786924505866, -33.31737623008712 ], [ -66.317267377006715, -33.317231001850473 ], [ -66.317199620953318, -33.317023295700324 ], [ -66.316928794848423, -33.317150876593928 ], [ -66.31712838484458, -33.317238096156757 ], [ -66.316183397664247, -33.317661213847089 ], [ -66.316273872490967, -33.317381674394142 ], [ -66.315848660235815, -33.317585020888032 ], [ -66.31593975456218, -33.318312464820849 ], [ -66.315256498422798, -33.318159752264194 ], [ -66.315250171563491, -33.317754592064603 ], [ -66.314677546380835, -33.318029601933631 ], [ -66.31434621283978, -33.318478672906906 ], [ -66.314362809488216, -33.318099638696935 ], [ -66.31382692252248, -33.318355738052787 ], [ -66.313952416592372, -33.319266486285187 ], [ -66.313900575299499, -33.319294555689567 ], [ -66.313227995107525, -33.319140394255442 ], [ -66.313010228493624, -33.318569051460713 ], [ -66.312384712074277, -33.318946987369941 ], [ -66.312130352974691, -33.318889549927576 ], [ -66.312037490630928, -33.318940868240816 ], [ -66.312201793798181, -33.318978871953959 ], [ -66.312294455845176, -33.319237388177442 ], [ -66.312800965609028, -33.319117513582739 ], [ -66.312800799737772, -33.3191180254708 ], [ -66.313035657237094, -33.319579469367284 ], [ -66.312223641945536, -33.319455923863757 ], [ -66.311890404153075, -33.320346159547057 ], [ -66.311308792762645, -33.3198119187918 ], [ -66.310754488710643, -33.320075497169569 ], [ -66.310501776472506, -33.32010511648582 ], [ -66.309717476341802, -33.320387301297956 ], [ -66.309005690126753, -33.320390957230131 ], [ -66.308860164215957, -33.320460999457794 ], [ -66.30815928587316, -33.320881698210542 ], [ -66.308019903608852, -33.320991748648964 ], [ -66.307784239047805, -33.321572842468697 ], [ -66.307235437778786, -33.321275689807464 ], [ -66.30694349092505, -33.32138143714451 ], [ -66.306925448244101, -33.321462592622936 ], [ -66.307104059035396, -33.321671645549998 ], [ -66.307760075579779, -33.321647351079491 ], [ -66.307610049545417, -33.32224504726355 ], [ -66.308216935126609, -33.322436419173357 ], [ -66.308216797204921, -33.322436845673792 ], [ -66.307551111527232, -33.322427303566315 ], [ -66.307283610964646, -33.323119413364054 ], [ -66.306723292139338, -33.32280333344869 ], [ -66.306485575809006, -33.322995440877662 ], [ -66.305766884982859, -33.324337671090234 ], [ -66.303024803223877, -33.31951353525568 ], [ -66.304292395732887, -33.319160677125808 ], [ -66.304305937251286, -33.31911346716123 ], [ -66.304306490474062, -33.319110967620816 ], [ -66.304306164359446, -33.319072450261842 ], [ -66.306618198825902, -33.319088572379769 ], [ -66.306933455815511, -33.32012103805539 ], [ -66.307268666313803, -33.319254656495559 ], [ -66.307727100495697, -33.319833203429937 ], [ -66.308400174337237, -33.319519778923166 ], [ -66.30853152049167, -33.319510233006838 ], [ -66.309165398515063, -33.319521267803168 ], [ -66.309310517105246, -33.31945194888965 ], [ -66.309484045034083, -33.318921780216499 ], [ -66.30957054508815, -33.318657501263544 ], [ -66.310192235476848, -33.318945236005732 ], [ -66.310917093810076, -33.318682550496476 ], [ -66.310932983765383, -33.318609886382887 ], [ -66.310476524768376, -33.318078913231659 ], [ -66.309846441454511, -33.317805159836951 ], [ -66.309870845505316, -33.317729973610824 ], [ -66.309871148047193, -33.317729062955095 ], [ -66.310635082751958, -33.317601651337668 ], [ -66.310635160561617, -33.31760161459772 ], [ -66.310647323046851, -33.317563933946303 ], [ -66.311337579391648, -33.317270257607447 ], [ -66.310786640638526, -33.317135721287116 ], [ -66.311066277600901, -33.316739133403075 ], [ -66.31080078981779, -33.316211127472911 ], [ -66.310491432398806, -33.315814195766109 ], [ -66.310679694073599, -33.315736384557511 ], [ -66.310579709167541, -33.315542110463014 ], [ -66.31050499021751, -33.315396955645156 ], [ -66.309852568357769, -33.315544577396793 ], [ -66.310053773739526, -33.314805629272485 ], [ -66.30943688947508, -33.314608924811523 ], [ -66.309591298058308, -33.314139110196379 ], [ -66.309601115136616, -33.314065291610575 ], [ -66.309029078082517, -33.313499534071525 ], [ -66.309327714129779, -33.313278856085788 ], [ -66.309014992064647, -33.313080109797284 ], [ -66.307984823828349, -33.312965902801864 ], [ -66.308932457917649, -33.312859714653825 ], [ -66.308932449873055, -33.312859671812987 ], [ -66.308932347414952, -33.312859578449547 ], [ -66.307982398688068, -33.312962913605077 ], [ -66.308437567579006, -33.312369317493335 ], [ -66.308243136668693, -33.312086192430229 ], [ -66.307973434555095, -33.312264134627185 ], [ -66.307973072365144, -33.312263824608408 ], [ -66.30734668370394, -33.311321970808422 ], [ -66.306796506889725, -33.310847666958864 ], [ -66.306803982995575, -33.31080871054894 ], [ -66.306798300355808, -33.31080312543952 ], [ -66.302385859538276, -33.312802032814773 ], [ -66.302577419313309, -33.307517106357068 ], [ -66.296361932842672, -33.309717845505588 ], [ -66.294679695110005, -33.308104802832361 ], [ -66.294522445455527, -33.308072537312967 ], [ -66.293881841050279, -33.307448674720376 ], [ -66.293239353059732, -33.306822977768775 ], [ -66.29373381801355, -33.30564871726483 ], [ -66.293551816316437, -33.305420295155329 ], [ -66.293510427262277, -33.305354882513711 ], [ -66.292209298681769, -33.304262503293671 ], [ -66.292207190651652, -33.304259087297453 ], [ -66.292383991568329, -33.303541347792589 ], [ -66.291770103582451, -33.303490257282874 ], [ -66.289960638832611, -33.305649955591946 ], [ -66.289882531714397, -33.305645681906583 ], [ -66.288087337650438, -33.305425985064403 ], [ -66.286283578413872, -33.305205239002362 ], [ -66.28507628306221, -33.305057488854061 ], [ -66.283931588913049, -33.30475873987632 ], [ -66.283893428843783, -33.304748236257751 ], [ -66.283695663997435, -33.304696582716929 ], [ -66.283555962079561, -33.304877207882669 ], [ -66.283296237703894, -33.304845073627803 ], [ -66.283294721806499, -33.304845042077034 ], [ -66.282657746022039, -33.304766130467669 ], [ -66.282540531033931, -33.304672868683781 ], [ -66.282461819283924, -33.304743681879984 ], [ -66.282270942572836, -33.304720296413961 ], [ -66.282406502703964, -33.305016389807349 ], [ -66.281864977804901, -33.30494565922379 ], [ -66.282406586659306, -33.305016719863204 ], [ -66.282388670393402, -33.305184283936001 ], [ -66.282605616050432, -33.305040661679755 ], [ -66.28260671274046, -33.305040813320147 ], [ -66.283398604398371, -33.305136263673546 ], [ -66.283584172139797, -33.305351221906619 ], [ -66.283730981052202, -33.305362746314984 ], [ -66.283724000883581, -33.305356905732651 ], [ -66.283794291118056, -33.305183942052224 ], [ -66.284189264111887, -33.305231546666164 ], [ -66.284509981102019, -33.305362949649464 ], [ -66.28451708039546, -33.305363539287782 ], [ -66.28530601217642, -33.305370080788009 ], [ -66.285384540742541, -33.305375335044403 ], [ -66.28609753512751, -33.305465675641472 ], [ -66.286631386086754, -33.305533317695051 ], [ -66.286711393753023, -33.305610320571077 ], [ -66.295974886052591, -33.310587249792547 ], [ -66.299245618131351, -33.31611157248517 ], [ -66.299160503149267, -33.316104503181805 ], [ -66.299156245556333, -33.316104168963307 ], [ -66.3006031703286, -33.325838899864834 ], [ -66.300543192000873, -33.325830606595332 ], [ -66.301263276974851, -33.327704094471528 ], [ -66.301270977877209, -33.327778290128776 ], [ -66.301538136109571, -33.32896866593461 ], [ -66.301578798372304, -33.329024841220132 ], [ -66.296952546582474, -33.342511027045362 ], [ -66.316586465684168, -33.359293351195731 ], [ -66.319728182357039, -33.357648510004822 ], [ -66.321285087483659, -33.352766526076948 ], [ -66.322343447506739, -33.352765944361408 ], [ -66.321339628180226, -33.351653723664015 ], [ -66.321307073021728, -33.351456877093199 ], [ -66.319688391382442, -33.345508711951709 ], [ -66.324322771235586, -33.345356175399615 ], [ -66.325100561473107, -33.346275101678771 ], [ -66.325136791521572, -33.34631822384938 ], [ -66.3258896844265, -33.349024906292811 ], [ -66.32589746808037, -33.349035086396441 ], [ -66.352244957097241, -33.366850150612265 ], [ -66.352170318421202, -33.366991506875479 ], [ -66.354048215950854, -33.378245536144675 ], [ -66.366399492347625, -33.367247511140192 ], [ -66.366472006593597, -33.367237925104689 ], [ -66.366806058403711, -33.367158808279498 ], [ -66.396543661677697, -33.377960307440219 ], [ -66.400015884160041, -33.384880380382867 ], [ -66.418442486567699, -33.421604220962536 ], [ -66.434823089983524, -33.491565483972806 ], [ -66.496698257444052, -33.641050468563492 ], [ -66.408822767644835, -33.612320758234773 ], [ -66.367533287381377, -33.78909908520717 ], [ -66.360829525628446, -33.84694961576821 ], [ -66.360776452376342, -33.84698080022963 ], [ -66.318849888806881, -33.832149831073764 ], [ -66.293921285183387, -33.85979521299555 ], [ -66.338266188520322, -33.867673508753398 ], [ -66.429598700767258, -33.939334756981793 ], [ -66.493844568473946, -33.859797089000779 ], [ -66.523079349893919, -33.876750348703524 ], [ -66.526740216697647, -33.991488049153816 ], [ -66.604552519401977, -34.206188161746581 ], [ -66.703027014716156, -34.430973662779309 ], [ -66.71641408682558, -34.463660657093897 ], [ -66.681514995219572, -34.513384077330443 ], [ -66.710845585303105, -34.553845787370676 ], [ -66.727155617632604, -34.581572791254303 ], [ -66.719851095789068, -34.595585290215979 ], [ -66.675938591741215, -34.621369242203286 ], [ -66.557524934426795, -34.773875451717856 ], [ -66.558144949110897, -34.759806849638437 ], [ -66.496603267654336, -34.816830067579588 ], [ -66.543179454907829, -34.80097960763112 ], [ -66.56776315509012, -34.825423782155383 ], [ -66.732961907227775, -34.844779436918714 ], [ -66.725206840877263, -34.897301314105562 ], [ -66.610216351671909, -35.063225176686899 ], [ -66.538928595164521, -35.017307211084983 ], [ -66.515580829069449, -35.055239239430023 ], [ -66.458379572953447, -35.077818889749722 ], [ -66.44554720963589, -35.019376458223178 ], [ -66.3714243635701, -35.050135025169709 ], [ -66.287292993154665, -35.065401525736945 ], [ -66.221757520470192, -35.12034747939191 ], [ -66.158728296668244, -35.100277364400085 ], [ -66.091554140452729, -35.130487762719781 ], [ -66.088279223686584, -35.131409256845245 ], [ -66.0890665430627, -35.131513846739836 ], [ -66.037297841993109, -35.150085708642052 ], [ -66.095999580280704, -35.173657184310116 ], [ -66.145563129660218, -35.155781663764799 ], [ -66.152410543546694, -35.200731214531459 ], [ -66.151526102997991, -35.200738632429875 ], [ -66.154673282399415, -35.202069128227208 ], [ -66.325076466727637, -35.308814079792171 ], [ -66.445936489508313, -35.269694729348998 ], [ -66.510068215086733, -35.351440229432683 ], [ -66.660983380533025, -35.317311266394427 ], [ -66.670439978289721, -35.320665405998 ], [ -66.799603629508795, -35.455145818015808 ], [ -66.863021025399519, -35.433470489929107 ], [ -67.035605107151014, -35.501685143171301 ], [ -67.171436987735035, -35.64086892343164 ], [ -67.036129898143713, -35.644604571093339 ], [ -66.970391181189427, -35.701716132094248 ], [ -66.99301164238716, -36.001981377573998 ], [ -66.969592783883627, -36.198477491570316 ], [ -66.944323359593056, -36.209579779421688 ], [ -66.944251695064168, -36.20955876977024 ], [ -66.940751578547577, -36.211727715937286 ], [ -66.940712151370917, -36.211728105453062 ], [ -66.939191731374081, -36.212650043928477 ], [ -66.938216517954288, -36.213167723422885 ], [ -66.940639722141725, -36.21668120332663 ], [ -66.940786342024296, -36.222396733368043 ], [ -66.937120272648826, -36.220304147162494 ], [ -66.936778751818281, -36.220655291974708 ], [ -66.937378547155959, -36.222444439812591 ], [ -66.937344284523306, -36.222483569020028 ], [ -66.93502281828529, -36.222512843198842 ], [ -66.933590340721821, -36.221804026122072 ], [ -66.933396417567053, -36.225504747386822 ], [ -66.93255907347384, -36.225677415223799 ], [ -66.930063887647293, -36.236582735669401 ], [ -66.924362131236535, -36.242343584339721 ], [ -66.92432850135026, -36.242364352989057 ], [ -66.924023363365961, -36.242585846163024 ], [ -66.924070791445843, -36.242659144956292 ], [ -66.924671658852048, -36.242769194808147 ], [ -66.92467325599813, -36.242682795313044 ], [ -66.924760473679498, -36.242763068147042 ], [ -66.924673323564434, -36.242682695757139 ], [ -66.924586259579996, -36.242602402799321 ], [ -66.924815179421103, -36.242564399488515 ], [ -66.92521282675358, -36.241913976241449 ], [ -66.926031585394639, -36.241341772806493 ], [ -66.926096329493078, -36.241297179389107 ], [ -66.927771231793827, -36.240266470740096 ], [ -66.927841947923866, -36.240232720719973 ], [ -66.934339258047544, -36.238908722847555 ], [ -66.934401445719118, -36.238914480483004 ], [ -66.946050044764434, -36.243648901246786 ], [ -66.94604935658009, -36.243947632400477 ], [ -66.946202209818694, -36.243954028569306 ], [ -66.946214447617024, -36.243954279483717 ], [ -66.946237393269882, -36.243953396444454 ], [ -66.965366197666242, -36.226312687368306 ], [ -66.96542235830924, -36.226270004827313 ], [ -66.98741500389292, -36.210922291004636 ], [ -67.170781763276523, -36.126907077238855 ], [ -67.202900236997948, -36.053933995157138 ], [ -67.202946301312181, -36.053907478560291 ], [ -67.207826773919464, -36.049009121231848 ], [ -67.255418754081802, -36.069438867234055 ], [ -67.323872134794215, -36.000646412798801 ], [ -67.323949429188758, -36.00064624399954 ], [ -67.327050648169404, -36.001588204328812 ], [ -67.327088763554627, -36.001588121090606 ], [ -67.341538408767349, -35.998916962565318 ], [ -67.333762108551241, -35.960513283714704 ], [ -67.333757122799511, -35.96045007861926 ], [ -67.431963462068779, -35.8428451495422 ], [ -67.714374994541913, -35.730810494539469 ], [ -67.89155643096268, -35.65582033357208 ], [ -67.934191696935329, -35.656312438368275 ], [ -68.008794330254716, -35.733476245590111 ], [ -68.152448151753447, -35.67834680807033 ], [ -68.152497739439582, -35.678389726349394 ], [ -68.207389343404259, -35.703218500521075 ], [ -68.292278769099426, -35.642388308556178 ], [ -68.424930809736964, -35.660540974698506 ], [ -68.50995680157763, -35.699240139596668 ], [ -68.630397541263051, -35.89500369285247 ], [ -68.736859217917754, -35.831406555913986 ], [ -68.721217188908156, -35.740087992886345 ], [ -68.865897973464428, -35.669983763663936 ], [ -69.050267699008259, -35.678493790887899 ], [ -69.116289531553775, -35.594883701362562 ], [ -69.304830688637992, -35.586447703609508 ], [ -69.32260144934645, -35.583376846220233 ], [ -69.363102753919804, -35.565916642171885 ], [ -69.348890899345008, -35.738286896035788 ], [ -69.296520162294257, -35.739437331816987 ], [ -69.26243024133953, -35.699404116158576 ], [ -69.258921240977713, -35.702570660903405 ], [ -69.25632666632481, -35.713026455876616 ], [ -69.251537167586775, -35.717698728829305 ], [ -69.229776546633502, -35.724739111591589 ], [ -69.222786508108697, -35.725406898268147 ], [ -69.223744711782274, -35.726261019371861 ], [ -69.219320979032659, -35.727077143477288 ], [ -69.223827545371307, -35.726319977961055 ], [ -69.228814815270084, -35.729692265291249 ], [ -69.249155967196543, -35.722248522018788 ], [ -69.254311826867934, -35.724482779125424 ], [ -69.225994466018619, -35.794728562716784 ], [ -69.361359372498328, -35.80510926073913 ], [ -69.361387963036975, -35.805108655659126 ], [ -69.416809254998611, -35.824439944550193 ], [ -69.41685904901783, -35.824481402096751 ], [ -69.416909014342878, -35.824492486026941 ], [ -69.416926451845313, -35.824387691494962 ], [ -69.416976572481872, -35.824398400951964 ], [ -69.417360332844112, -35.824761603014792 ], [ -69.453332528420049, -35.910929718678403 ], [ -69.466526792229217, -35.910238604790777 ], [ -69.515567452899347, -35.834155491150113 ], [ -69.57736279033395, -35.838977096774386 ], [ -69.654879792932832, -35.845565859271346 ], [ -69.683687839524964, -35.862672249621369 ], [ -69.683728342002667, -35.862695504448027 ], [ -69.693641927149599, -35.865286827311877 ], [ -69.693687186200236, -35.865303253723937 ], [ -69.68824898098751, -35.929149599822324 ], [ -69.71338607797918, -35.980489880709797 ], [ -69.74072522023431, -35.987343370486542 ], [ -69.74072187294189, -35.987414794830329 ], [ -69.736920434816625, -36.015244975955454 ], [ -69.736906775732393, -36.015320695765183 ], [ -69.73689796564986, -36.015456009164609 ], [ -69.73689702800948, -36.015532192296916 ], [ -69.737517828906562, -36.01685859314864 ], [ -69.735449757628601, -36.028617045543626 ], [ -69.738826660767756, -36.026232397514605 ], [ -69.738889070569883, -36.024867791011388 ], [ -69.738870374741282, -36.024057276570204 ], [ -69.738865206392006, -36.024018451759616 ], [ -69.738236822221666, -36.015323286896944 ], [ -69.759516697473714, -35.983869454446392 ], [ -69.743283985052187, -35.967137856895647 ], [ -69.743298997368754, -35.967074571178443 ], [ -69.772269709605382, -35.92698726388943 ], [ -69.788117725234088, -35.910923098117223 ], [ -69.797175975349262, -35.905832146750356 ], [ -69.919335777425431, -35.884491081233989 ], [ -69.919562304619603, -35.894311644225866 ], [ -69.919629679257639, -35.894303688697107 ], [ -69.955233805992066, -35.868856439420881 ], [ -69.957885770589314, -35.868123469256773 ], [ -69.957846921261819, -35.868070554026531 ], [ -69.957914001337826, -35.868052564826826 ], [ -69.958075364936008, -35.868034993686081 ], [ -69.958835175164381, -35.867668734196684 ], [ -69.991689001616976, -35.84214594750074 ], [ -69.991721074282907, -35.842125342233032 ], [ -70.007494401659415, -35.834173320408468 ], [ -69.988086539299161, -35.832695330620027 ], [ -69.839646707350823, -35.767719121860182 ], [ -69.83954942152269, -35.767708096752358 ], [ -69.857524899624082, -35.621132812116002 ], [ -69.902189169675523, -35.602465871370669 ], [ -69.932710994691263, -35.612271333454373 ], [ -69.932453744994234, -35.613188451720873 ], [ -69.932982727906221, -35.613248399749921 ], [ -69.967900294486753, -35.557828077859483 ], [ -69.969979821340246, -35.552934751337091 ], [ -69.970045288486403, -35.552944526559941 ], [ -69.974174214995287, -35.553826562695406 ], [ -69.97843791495302, -35.554737389619845 ], [ -69.978504980342166, -35.554751658002488 ], [ -69.982165596139509, -35.555355464360559 ], [ -69.978035332013917, -35.561828012429828 ], [ -69.991113447857572, -35.588764793165524 ], [ -69.985991064322263, -35.551656081544195 ], [ -70.001117739002211, -35.526133097308275 ], [ -69.943932570846926, -35.521038605857086 ], [ -69.929321010610693, -35.492433566446152 ], [ -70.017654001647713, -35.365705930984973 ], [ -70.027920951155693, -35.362217755892573 ], [ -70.027947578494434, -35.362200869547905 ], [ -70.146046616935848, -35.1734978238689 ], [ -70.139397424093318, -35.15367407868041 ], [ -70.148972495366138, -35.151726221193201 ], [ -70.141196375564675, -35.149802901219687 ], [ -70.192929799484148, -35.139114736072202 ], [ -70.193033384104126, -35.139141162014596 ], [ -70.193104049245164, -35.139129916634772 ], [ -70.197203305353753, -35.141019600190248 ], [ -70.198567563567622, -35.140321508523016 ], [ -70.195017983120351, -35.137962358500943 ], [ -70.188323558793229, -35.125084776369704 ], [ -70.19373719047519, -35.124735493785693 ], [ -70.19312483000067, -35.115244341853156 ], [ -70.187711198318368, -35.115593624436883 ], [ -70.193813361361208, -35.072392363558663 ], [ -70.140897934674456, -35.085352695528854 ], [ -70.103332001363526, -34.934308112640053 ], [ -70.103361548105738, -34.934283478803934 ], [ -70.1186670354478, -34.892255271925364 ], [ -70.124725947378181, -34.879540512962535 ], [ -70.139751723017298, -34.876358252086391 ], [ -70.104832046697709, -34.711476979813995 ], [ -70.109216231310484, -34.695677502478304 ], [ -70.109225740518809, -34.695628216084856 ], [ -70.106889885219516, -34.687822140659136 ], [ -70.109608633516473, -34.660096303042621 ], [ -70.109645126006399, -34.660045364590189 ], [ -70.111703246741854, -34.652763000760103 ], [ -70.111705390082989, -34.652700827733213 ], [ -70.111507245581379, -34.651981297392297 ], [ -70.110179433854796, -34.650429795510661 ], [ -70.110078880130402, -34.65013501500033 ], [ -70.11006788910214, -34.650102794006386 ], [ -70.110029755737855, -34.649994501342405 ], [ -70.109937444109107, -34.649758104282341 ], [ -70.100163347009811, -34.645358230731688 ], [ -70.102008431521256, -34.653254523851956 ], [ -70.099086712876897, -34.661825910775462 ], [ -70.099056632823817, -34.66187808021516 ], [ -70.058426031012061, -34.725683892848394 ], [ -70.024699942222981, -34.730397160120788 ], [ -69.819406284169133, -34.664167360834028 ], [ -69.823748077430594, -34.654175031095349 ], [ -69.688004639576491, -34.498314111218178 ], [ -69.709091288693003, -34.212261672733064 ], [ -69.721905850093378, -34.211160042088579 ], [ -69.706387886419861, -34.192320745268944 ], [ -69.705224693299897, -34.185233427170772 ], [ -69.68960950458245, -34.141675202164777 ], [ -69.683488513466557, -34.106801557915162 ], [ -69.60727780082351, -33.622758059381795 ], [ -69.618067821317482, -33.619471996155369 ], [ -69.60113135830801, -33.608596217946683 ], [ -69.58353729834505, -33.550804186892663 ], [ -69.489607835838399, -33.356085591772114 ], [ -69.512931455704802, -33.275960279042522 ], [ -69.321305561709721, -33.12174335892837 ], [ -69.337262159105023, -33.03590246213372 ], [ -69.327554376064199, -33.036048394947443 ], [ -69.321064433788536, -33.007034544968974 ], [ -69.32109808408353, -33.006968924728369 ], [ -69.341844724113628, -32.995828507060878 ], [ -69.341913861700505, -32.995807921284154 ], [ -69.343096790424909, -32.994831045974593 ], [ -69.343163485717582, -32.994799475690172 ], [ -69.343576569993672, -32.99478216045452 ], [ -69.34364033081539, -32.994746097495408 ], [ -69.349472348908876, -32.988912189663324 ], [ -69.34953671779067, -32.988869335257334 ], [ -69.350870063134778, -32.988565714417234 ], [ -69.350901763806519, -32.988544609289704 ], [ -69.357651385980887, -32.997729515657909 ], [ -69.351447067567619, -32.983393036288021 ], [ -69.349806784334532, -32.987671759799525 ], [ -69.34466902787409, -32.990930632821005 ], [ -69.344130793080467, -32.991211707025741 ], [ -69.344064097787793, -32.991243277310218 ], [ -69.342955650025601, -32.991708053389004 ], [ -69.328571639415543, -32.993269245274121 ], [ -69.31513949621899, -32.95794356911631 ], [ -69.309589386122923, -32.925910563232662 ], [ -69.290616867656354, -32.892778232614205 ], [ -69.286533742631605, -32.88804212439544 ], [ -69.275119759161498, -32.871031326407547 ], [ -69.300811030702619, -32.817361237012506 ], [ -69.305709126916213, -32.816053028191504 ], [ -69.305781312959368, -32.816041833368843 ], [ -69.312424851626758, -32.815395364551819 ], [ -69.318937144283439, -32.816261000086854 ], [ -69.322966128479322, -32.819100127263141 ], [ -69.320258632985826, -32.815631034016178 ], [ -69.317965436375971, -32.809429083254884 ], [ -69.312175846382445, -32.81491351796916 ], [ -69.317817292208019, -32.808066928339429 ], [ -69.319253446277287, -32.778959783017001 ], [ -69.319628075277365, -32.778472424181814 ], [ -69.320449353465847, -32.773050247867388 ], [ -69.302365193651667, -32.809035088269184 ], [ -69.302321795183559, -32.809090575598191 ], [ -69.2751986677535, -32.81114288045228 ], [ -69.278336686804153, -32.816262149716863 ], [ -69.273680487548745, -32.821110520908746 ], [ -69.178927903037504, -32.89276171730512 ], [ -69.211564337496895, -32.914533781424666 ], [ -69.155607717717828, -32.942261267010451 ], [ -69.157747844314201, -32.943582689417497 ], [ -69.153027364910315, -32.952944273885919 ], [ -69.163974877854287, -32.968250138654412 ], [ -69.159487430813783, -32.972893097703036 ], [ -69.149451636355366, -32.979685056347932 ], [ -69.148165486483606, -32.97994412496314 ], [ -69.147123330117495, -32.980318110325186 ], [ -69.132124603835052, -32.982520300275496 ], [ -69.120137850556375, -32.988058939408518 ], [ -69.119894587913109, -32.988426823845032 ], [ -69.108278206091654, -32.994753244974504 ], [ -69.10697372646797, -32.994691990651972 ], [ -69.106841667698973, -32.974175300994318 ], [ -69.071201729361007, -32.938203286990415 ], [ -69.0757050128272, -32.935244652692234 ], [ -69.064191007581258, -32.927563554415428 ], [ -69.06427630862828, -32.92982280608021 ], [ -69.064895402475599, -32.932555156210185 ], [ -69.060414074399773, -32.935068700492423 ], [ -69.030207789254973, -32.939785596143622 ], [ -69.03860878607253, -32.913177973241432 ], [ -69.032154332913137, -32.883888756558576 ], [ -69.031081269794697, -32.859559507161293 ], [ -69.000101327910954, -32.867606222435199 ], [ -69.000068819797036, -32.867605527787759 ], [ -68.992610777911125, -32.84485536169251 ], [ -68.997925779038667, -32.845942764017764 ], [ -68.997631732391937, -32.84384186916418 ], [ -68.99665436603749, -32.837808619518796 ], [ -68.990908683062401, -32.841596096078945 ], [ -68.990871402372136, -32.841602337085021 ], [ -68.989283075009723, -32.841759595208259 ], [ -68.986170168934223, -32.830552964284038 ], [ -68.983960430367404, -32.826196154767956 ], [ -68.974848415141594, -32.818752466770832 ], [ -68.97467909050107, -32.818095552980651 ], [ -68.981672028398066, -32.817128232455275 ], [ -68.97964183377394, -32.814771488460735 ], [ -68.979556941010458, -32.814621420899414 ], [ -68.983370581649808, -32.814147024719375 ], [ -68.985331564673231, -32.813577810273671 ], [ -68.981487291857093, -32.798968276178641 ], [ -68.993095016592292, -32.797755850448823 ], [ -68.958316591210462, -32.790522238599465 ], [ -68.947626860800824, -32.781817000938418 ], [ -68.915146341846821, -32.76679992312171 ], [ -68.887899113677008, -32.76170537894069 ], [ -68.871575025585003, -32.743751722889897 ], [ -68.888616875308401, -32.71244644691609 ], [ -68.878089750679237, -32.692168551372845 ], [ -68.877230883971777, -32.691182949618053 ], [ -68.875184232835238, -32.691763618812217 ], [ -68.870830973572652, -32.688968392024208 ], [ -68.875239412593771, -32.677406796018488 ], [ -68.861243507881966, -32.687820617403531 ], [ -68.861223690050963, -32.687852919956413 ], [ -68.854785020750285, -32.692611127187149 ], [ -68.85474622291423, -32.692674396778557 ], [ -68.841176655537993, -32.702747948728415 ], [ -68.841158128902634, -32.702778175441892 ], [ -68.841139617307192, -32.702808411368551 ], [ -68.783121325800835, -32.736303863148407 ], [ -68.730534228505235, -32.729715721342359 ], [ -68.694450447959923, -32.69783784827456 ], [ -68.696645978719005, -32.679793430769735 ], [ -68.665987674042697, -32.642390656769805 ], [ -68.673392082051407, -32.61478558573026 ], [ -68.664568029794395, -32.640318624946929 ], [ -68.664383785959387, -32.63229922864997 ], [ -68.654178370998693, -32.643983607970938 ], [ -68.654139112249311, -32.642732065722385 ], [ -68.644173931861303, -32.650265269705642 ], [ -68.643446341838342, -32.65118857180795 ], [ -68.643854929027952, -32.651141820999044 ], [ -68.643857398271848, -32.651140129555472 ], [ -68.643939238719156, -32.651090563564935 ], [ -68.64398293459675, -32.651086785322775 ], [ -68.655826672449848, -32.660991072415925 ], [ -68.657985581397725, -32.668888654491127 ], [ -68.657582238075918, -32.67246360942795 ], [ -68.640815428998508, -32.671153784635464 ], [ -68.635823264338853, -32.671568742589784 ], [ -68.635130137315969, -32.677087768408626 ], [ -68.635126889657499, -32.677126437899801 ], [ -68.626490491398442, -32.677398510117712 ], [ -68.626465701386564, -32.677185981962282 ], [ -68.626244841809694, -32.677380262315978 ], [ -68.626183965177802, -32.677377472926423 ], [ -68.626242051606539, -32.677426897801411 ], [ -68.626284349106243, -32.67738214209902 ], [ -68.62641219962461, -32.677388099279653 ], [ -68.626490303628032, -32.677398714336391 ], [ -68.626493658113361, -32.677410916329052 ], [ -68.634941753123996, -32.679708198203571 ], [ -68.630336008554877, -32.691962866418066 ], [ -68.630180044726387, -32.714013146314642 ], [ -68.629025885056933, -32.714717844798486 ], [ -68.628956246399639, -32.714723445739423 ], [ -68.61750142242704, -32.704636762894722 ], [ -68.620412514004897, -32.697953493585487 ], [ -68.616333182567985, -32.695179670601988 ], [ -68.612943023217838, -32.698742233762459 ], [ -68.61616777469925, -32.705016186055786 ], [ -68.601045644646376, -32.708506860474188 ], [ -68.582501447773438, -32.699152798209639 ], [ -68.580094765521721, -32.690327537147255 ], [ -68.580088859242096, -32.690289428761901 ], [ -68.579438487711343, -32.682798394484905 ], [ -68.571492478492075, -32.689599662849048 ], [ -68.579820643136486, -32.699105097743825 ], [ -68.56745047141203, -32.697240567369477 ], [ -68.563250493714577, -32.701123086494476 ], [ -68.562345356810852, -32.709063658337755 ], [ -68.557123132546337, -32.715428066469826 ], [ -68.55637807662788, -32.716073377246971 ], [ -68.556320096314266, -32.716268561007439 ], [ -68.556316264691759, -32.716369188895499 ], [ -68.556187389111813, -32.721461648701165 ], [ -68.54157072513965, -32.719873697169191 ], [ -68.540182316282767, -32.721087117980062 ], [ -68.543805786045482, -32.732733107566276 ], [ -68.514556447221366, -32.739480531501044 ], [ -68.545295933594218, -32.748563850490712 ], [ -68.560442328248371, -32.740652808135678 ], [ -68.560976800617937, -32.741432202413932 ], [ -68.571857081997962, -32.745521171145981 ], [ -68.561151571351104, -32.771667604444247 ], [ -68.573013088658058, -32.780937192514386 ], [ -68.576974799153788, -32.775114410613355 ], [ -68.578499753854373, -32.787568395702976 ], [ -68.574449880627014, -32.788115721353279 ], [ -68.56997452377442, -32.791909532266686 ], [ -68.570866804721959, -32.804305102814908 ], [ -68.571304914939674, -32.804251329177021 ], [ -68.57492651971512, -32.822702170669288 ], [ -68.570213498654425, -32.823735783131212 ], [ -68.568265468064226, -32.825795828604953 ], [ -68.55283338313518, -32.845939974328815 ], [ -68.552755039853025, -32.845951146421214 ], [ -68.539936117345974, -32.837136063736978 ], [ -68.540817803964103, -32.847702118491043 ], [ -68.519242130983343, -32.862259886566449 ], [ -68.510571814101468, -32.853093062095184 ], [ -68.50547217732219, -32.859025341790755 ], [ -68.512510044525072, -32.862538049922932 ], [ -68.519336148956995, -32.862718035714295 ], [ -68.519426089508386, -32.863167421514675 ], [ -68.514416025636081, -32.872057532138967 ], [ -68.502976599439535, -32.885614059078478 ], [ -68.501245795938132, -32.88941090382923 ], [ -68.487518626037115, -32.907935665309253 ], [ -68.48726365226878, -32.907964141202797 ], [ -68.487290756436664, -32.908002561638 ], [ -68.487386819167568, -32.908044738745389 ], [ -68.487388152124083, -32.908045846692744 ], [ -68.471810569169691, -32.929142955362181 ], [ -68.471732445582177, -32.929146733784364 ], [ -68.469275077542704, -32.929243590394151 ], [ -68.469196113708222, -32.92924473645968 ], [ -68.469149943720595, -32.929242538510039 ], [ -68.46907104619595, -32.929244821625957 ], [ -68.468978032127438, -32.929244787412529 ], [ -68.468899196913071, -32.929247769171582 ], [ -68.461524276238663, -32.929311522990474 ], [ -68.461485867484157, -32.929274312375014 ], [ -68.461478537997664, -32.922621227333707 ], [ -68.461878221566792, -32.922568823022004 ], [ -68.461480201348422, -32.922237990453993 ], [ -68.461077786618262, -32.92259458140029 ], [ -68.461477416995933, -32.922621263408075 ], [ -68.461462409502303, -32.929275067264143 ], [ -68.461423956373778, -32.929314758517648 ], [ -68.453355736414721, -32.929765623880542 ], [ -68.453332484057455, -32.929766372285258 ], [ -68.453253447239092, -32.929768922868448 ], [ -68.439513522006337, -32.929888738796137 ], [ -68.445913391452905, -32.923082656456984 ], [ -68.438634447129004, -32.91739744545913 ], [ -68.426282910147449, -32.916782933265154 ], [ -68.438546475928661, -32.916354454209227 ], [ -68.438546430281065, -32.916353471684488 ], [ -68.438606622869486, -32.91679791956102 ], [ -68.439115436620455, -32.916343229104029 ], [ -68.438570967760484, -32.915904714317492 ], [ -68.438546364264539, -32.916351817888199 ], [ -68.432291724354172, -32.909521063485727 ], [ -68.421529152550704, -32.909413787609708 ], [ -68.424317000168799, -32.897927936573637 ], [ -68.422467435571889, -32.896464741404259 ], [ -68.410667521321102, -32.898193191393659 ], [ -68.41725118498465, -32.886048750377938 ], [ -68.409010565085225, -32.875529703114751 ], [ -68.400537197130404, -32.88906692473364 ], [ -68.409589104669294, -32.897808386972599 ], [ -68.409592558103213, -32.897883771088345 ], [ -68.395409329479548, -32.91014486078808 ], [ -68.395331891219826, -32.910147050271746 ], [ -68.395094060842894, -32.910608507100164 ], [ -68.389564015139058, -32.910194362309539 ], [ -68.388817010650314, -32.910803283202256 ], [ -68.389614059543135, -32.911351178816631 ], [ -68.395095163835094, -32.910634005076759 ], [ -68.395143742644166, -32.910816778645085 ], [ -68.395273728552581, -32.913018088559852 ], [ -68.395276494320285, -32.913096283443565 ], [ -68.395327572014651, -32.917438110958585 ], [ -68.386544775686218, -32.917956893273072 ], [ -68.384395360706435, -32.92497184576365 ], [ -68.382168583222608, -32.931929864763561 ], [ -68.396216956480885, -32.941817490321796 ], [ -68.387264952576515, -32.953152098752923 ], [ -68.397069850052844, -32.953106051071416 ], [ -68.395783652526859, -32.959833322730617 ], [ -68.397421369839037, -32.961148079871919 ], [ -68.398977719459992, -32.959742477697716 ], [ -68.397176394324902, -32.953103020759954 ], [ -68.419545051473051, -32.946650167795099 ], [ -68.42308082881857, -32.950381137865691 ], [ -68.41500470575545, -32.974816347083959 ], [ -68.414947842288541, -32.97485977915477 ], [ -68.415170018731828, -32.97644004419368 ], [ -68.401386421337975, -32.976684651856431 ], [ -68.400555638556625, -32.982075165434708 ], [ -68.406218057038927, -32.985402032472905 ], [ -68.40621484052582, -32.985464428976002 ], [ -68.398255152554327, -32.988533095874857 ], [ -68.392295556558963, -33.013006721388592 ], [ -68.392257246229406, -33.013015713611537 ], [ -68.390266445549173, -33.013624375029735 ], [ -68.392992241666263, -33.013914884974952 ], [ -68.393051123349778, -33.013967808304415 ], [ -68.393486011626806, -33.014715168401267 ], [ -68.393922384728285, -33.014055853157345 ], [ -68.39367480542802, -33.013483179480261 ], [ -68.393675322417778, -33.013483056392829 ], [ -68.394105597202667, -33.013372369359899 ], [ -68.39409587456413, -33.014014547846614 ], [ -68.395007884475717, -33.014270441819804 ], [ -68.40233614658905, -33.010805453319165 ], [ -68.396941897955742, -33.019961116328318 ], [ -68.396903928618201, -33.020000710432669 ], [ -68.392885394288726, -33.01647190127261 ], [ -68.39297679130209, -33.016395429928593 ], [ -68.39274060234095, -33.016341556177963 ], [ -68.392855790598389, -33.016450346808256 ], [ -68.39288552017905, -33.016476474615047 ], [ -68.396908395910771, -33.020162998154888 ], [ -68.39330251156872, -33.025162588277055 ], [ -68.39014661544519, -33.03024412575104 ], [ -68.388346220295546, -33.03545241548386 ], [ -68.388345933594451, -33.035452745036025 ], [ -68.388268302692381, -33.035468403913683 ], [ -68.386037064635332, -33.034896974024207 ], [ -68.385654914516465, -33.035995015704998 ], [ -68.383643181356888, -33.040313142910406 ], [ -68.381199545318282, -33.045781863675359 ], [ -68.378798583288813, -33.051258071448899 ], [ -68.374952005138141, -33.055314431024442 ], [ -68.370762786566104, -33.051976591052551 ], [ -68.366722873345282, -33.055847250284614 ], [ -68.357537275958919, -33.048373293850943 ], [ -68.365971744041644, -33.056279678905412 ], [ -68.35109666427212, -33.06320574536079 ], [ -68.349496389262811, -33.065572863394834 ], [ -68.352500646480621, -33.088478620457067 ], [ -68.344526068988955, -33.092683479607672 ], [ -68.318260858616441, -33.090596769131366 ], [ -68.315259543076081, -33.098663295760957 ], [ -68.312876584724222, -33.105976233829836 ], [ -68.307553782351533, -33.099837190132973 ], [ -68.305057553461211, -33.096933147603522 ], [ -68.300762391724959, -33.097639825020792 ], [ -68.298453580380396, -33.094655812146584 ], [ -68.298910113357067, -33.105973791392046 ], [ -68.283718819519777, -33.108865576993765 ], [ -68.27206308105167, -33.095997385791009 ], [ -68.268153854299442, -33.119549625475315 ], [ -68.256725857277843, -33.122391332055884 ], [ -68.25665610572031, -33.122413485998834 ], [ -68.256284827517391, -33.122563715212493 ], [ -68.256214917791226, -33.122585778073983 ], [ -68.251999656488181, -33.123579326533331 ], [ -68.248008245061385, -33.105494997324968 ], [ -68.245288743749768, -33.103370278037517 ], [ -68.243545139280059, -33.104624271016064 ], [ -68.242839803148627, -33.105778754626158 ], [ -68.251537933469876, -33.123604676006153 ], [ -68.236612771689067, -33.129389770437456 ], [ -68.219883618744007, -33.112835205651209 ], [ -68.19435596211963, -33.14284441711817 ], [ -68.221649549737094, -33.157646291353558 ], [ -68.221672697139297, -33.157707252189994 ], [ -68.215405634553804, -33.1821366477879 ], [ -68.208560496776954, -33.185773606367661 ], [ -68.207837564644763, -33.185858477851014 ], [ -68.190755119377343, -33.143316030804783 ], [ -68.168651018500498, -33.129864531053443 ], [ -68.168764294860694, -33.145634225631341 ], [ -68.157999901059725, -33.139682417699419 ], [ -68.148295153408014, -33.148779950629091 ], [ -68.1550920150259, -33.189367704479309 ], [ -68.129832928743497, -33.176774973723468 ], [ -68.126559494822516, -33.177199094185482 ], [ -68.127522149569359, -33.151470420107046 ], [ -68.101044889259583, -33.14127839998639 ], [ -68.07150837471022, -33.194672233050426 ], [ -67.891883052828405, -33.14778600679324 ], [ -67.89344447293746, -33.146536456937042 ], [ -67.89350760193372, -33.146418574010056 ], [ -67.89045426224402, -33.147778034234705 ], [ -67.837878399484566, -33.139888029623705 ], [ -67.853792155190945, -33.151373555409634 ], [ -67.847685421657502, -33.164672399769529 ], [ -67.891975817980438, -33.180665449027174 ], [ -67.889289814227936, -33.194840672932401 ], [ -67.889346986444082, -33.194878181411298 ], [ -67.828223376180972, -33.269843396446788 ], [ -67.839111666212261, -33.289325718047394 ], [ -67.864268515983667, -33.334338648111498 ], [ -67.854018786207178, -33.356457006420953 ], [ -67.847807333024377, -33.36125042266508 ], [ -67.844300203776982, -33.36315319901621 ], [ -67.840753175218026, -33.365077622549904 ], [ -67.837165571840387, -33.367024070478863 ], [ -67.808390621406488, -33.349749547789145 ], [ -67.757615504137391, -33.387783211135002 ], [ -67.751450497486985, -33.389413189862012 ], [ -67.744773082101915, -33.391273044432751 ], [ -67.746355956536888, -33.384696841093614 ], [ -67.735417996419358, -33.396023209581699 ], [ -67.718453290726586, -33.420058373542133 ], [ -67.694492519281766, -33.407469146762082 ], [ -67.681733227375446, -33.432905598373679 ], [ -67.668321164125643, -33.437883627543499 ], [ -67.650513591723382, -33.440426158509979 ], [ -67.649104562901357, -33.441264554746397 ], [ -67.638848880528144, -33.445658252127998 ], [ -67.633313108257312, -33.446749078338314 ], [ -67.630514061811141, -33.447300631383257 ], [ -67.628704557615777, -33.447657194961266 ], [ -67.627957934541996, -33.446800944236998 ], [ -67.625299306049101, -33.447680935524488 ], [ -67.625194149766742, -33.448350442361118 ], [ -67.624505817047122, -33.448485745364849 ], [ -67.6231632121453, -33.448749656027985 ], [ -67.621815821363612, -33.449014507432935 ], [ -67.621273834857789, -33.449388747717592 ], [ -67.62293840925895, -33.449066478485122 ], [ -67.623767947298631, -33.448905876351148 ], [ -67.624743575059256, -33.449804651640875 ], [ -67.625715548533833, -33.448528434958064 ], [ -67.628146343936237, -33.448057127488312 ], [ -67.628300409924577, -33.448099846237653 ], [ -67.632378628651281, -33.447351476124311 ], [ -67.636287778588382, -33.446634130207315 ], [ -67.638158335573564, -33.446290877926515 ], [ -67.640019673152835, -33.445949313747576 ], [ -67.642077547387487, -33.454468551282559 ], [ -67.657892764003293, -33.451173435812564 ], [ -67.676063505494653, -33.453951224634181 ], [ -67.67719342307231, -33.450259118494102 ], [ -67.682995629445429, -33.444377813413098 ], [ -67.703480506129608, -33.436507503039365 ], [ -67.72123553250168, -33.438464128455394 ], [ -67.72061276092478, -33.428243970642086 ], [ -67.728186094780767, -33.424266333095545 ], [ -67.728828196028758, -33.42396173338841 ], [ -67.728891811884523, -33.423932964604546 ], [ -67.740846464233016, -33.418745584451699 ], [ -67.749941169947306, -33.417128283199531 ], [ -67.750002036022522, -33.417097138786062 ], [ -67.750409295650684, -33.416886887695568 ], [ -67.750468582673989, -33.416852776219514 ], [ -67.761340539695652, -33.411139333582923 ], [ -67.777178187896538, -33.41129513290349 ], [ -67.781667615610104, -33.413686633170357 ], [ -67.787981664000995, -33.418841232549539 ], [ -67.788017061095957, -33.418902511064573 ], [ -67.788408858782077, -33.426584864831909 ], [ -67.78962785705238, -33.427287617558079 ], [ -67.799806825922701, -33.416251927758935 ], [ -67.800168400330051, -33.416509548190959 ], [ -67.822977112905789, -33.449809605979226 ], [ -67.948125405242308, -33.527327379043584 ], [ -68.002876515272646, -33.550808369865251 ], [ -68.00286841597665, -33.550841377303811 ], [ -67.99081914649696, -33.581140985073716 ], [ -67.990790958780622, -33.581221841548029 ], [ -67.932390163211267, -33.653785183849777 ], [ -67.90125268011252, -33.667225568541483 ], [ -67.90121930113088, -33.667222706621715 ], [ -67.825944538896863, -33.704770524628657 ], [ -67.772363372105133, -33.671581955689021 ], [ -67.772318608087858, -33.671573123952612 ], [ -67.768323672473343, -33.662794265699119 ], [ -67.703756218630701, -33.66454934778659 ], [ -67.688522062014613, -33.664781238709224 ], [ -67.601463720154015, -33.748260385781862 ], [ -67.601442873799158, -33.748278134425505 ], [ -67.443264863961645, -33.648982797633778 ], [ -66.979159938832424, -33.860874822176811 ], [ -66.979138296321196, -33.860865976463685 ], [ -66.950751693870302, -33.71353292425232 ], [ -66.899354028239316, -33.658351563136762 ], [ -66.775978642074676, -33.530259994192875 ], [ -66.775979625110722, -33.530221100633298 ], [ -66.77272494944566, -33.523194825539122 ], [ -66.682495239161767, -33.59582168480722 ], [ -66.544031892810835, -33.464980653144551 ], [ -66.457213884527391, -33.412088477406087 ], [ -66.447595488292279, -33.427272865535883 ], [ -66.450876116769507, -33.397206001458244 ], [ -66.462466516849759, -33.345375626819987 ], [ -66.467362212177818, -33.343718507352776 ], [ -66.468939500884289, -33.344026532410055 ], [ -66.470961911668098, -33.344421485129885 ], [ -66.472396750316193, -33.347352100103535 ], [ -66.475465554170057, -33.345300522467198 ], [ -66.4794643875465, -33.346393085554325 ], [ -66.479902392967574, -33.346520173102192 ], [ -66.480016381724681, -33.346177745945965 ], [ -66.480467427991414, -33.346267069743817 ], [ -66.481410934249084, -33.346453918753525 ], [ -66.483265064915258, -33.346821105139611 ], [ -66.483026532418705, -33.346618653903192 ], [ -66.481301520603552, -33.346273555111793 ], [ -66.480441964491945, -33.346101595451955 ], [ -66.480053746104375, -33.345112392478029 ], [ -66.475813050324348, -33.344512358218481 ], [ -66.47578287391849, -33.344498095997494 ], [ -66.47415395717826, -33.342339652662417 ], [ -66.473197223566558, -33.342739370249262 ], [ -66.473156212694448, -33.342724606300294 ], [ -66.468552964970172, -33.343662614105028 ], [ -66.466547079520979, -33.343254411125599 ], [ -66.462345262446718, -33.338107071403954 ], [ -66.457319596429841, -33.341365045904809 ], [ -66.454382813111067, -33.340760226071666 ], [ -66.451963640513441, -33.340262006108389 ], [ -66.449560204831243, -33.339767027106802 ], [ -66.446514871121792, -33.339139850996446 ], [ -66.444612195831212, -33.338071332747404 ], [ -66.440626619738396, -33.337156528833702 ], [ -66.440554553926006, -33.337134618798927 ], [ -66.424399488980896, -33.323432770444185 ], [ -66.421867401469001, -33.320306594326269 ], [ -66.421743540789748, -33.315450890180784 ], [ -66.422077509070164, -33.315452115444657 ], [ -66.421736470350481, -33.315399829583328 ], [ -66.421407133018761, -33.315369262097363 ], [ -66.421742750498822, -33.315450792506908 ], [ -66.421852497230759, -33.320304752276513 ], [ -66.421780912115764, -33.320295736363391 ], [ -66.417917820126888, -33.314931492791118 ], [ -66.406540656509833, -33.313401635906757 ], [ -66.414367802773938, -33.309903309789604 ], [ -66.416814827291091, -33.305589631680505 ], [ -66.414736516783137, -33.305465916952414 ], [ -66.414706951243943, -33.305448987721263 ], [ -66.409132544370891, -33.301235562726049 ], [ -66.404978038667707, -33.307713724558596 ], [ -66.403424356753476, -33.30818693824898 ], [ -66.40335207198541, -33.308208571417197 ], [ -66.395942385527576, -33.306666532503755 ], [ -66.394434057790477, -33.285382175894313 ], [ -66.397021900652192, -33.284177902527063 ], [ -66.397058670059494, -33.28416419474479 ], [ -66.397095348284836, -33.284150244820069 ], [ -66.397980719097177, -33.283739888348862 ], [ -66.398017522346947, -33.283725890873257 ], [ -66.398054321540599, -33.283711882737634 ], [ -66.398583576198746, -33.283464110449245 ], [ -66.398620455973798, -33.283450077564453 ], [ -66.398657335749192, -33.283436044679377 ], [ -66.398833750022334, -33.283349701417137 ], [ -66.398870662754405, -33.283335656975339 ], [ -66.399627808403807, -33.283004671618016 ], [ -66.398876453374839, -33.282709332905597 ], [ -66.398621002105358, -33.282616327030667 ], [ -66.398005599878502, -33.282391931725783 ], [ -66.396877410165018, -33.282035249537614 ], [ -66.394510930510762, -33.281689608920942 ], [ -66.394514734600762, -33.281650614279215 ], [ -66.394682437672657, -33.2768911243042 ], [ -66.391385800906676, -33.281546316853849 ], [ -66.392085068822098, -33.283807305056825 ], [ -66.390101373137554, -33.283774848136829 ], [ -66.390061834947232, -33.283773881921093 ], [ -66.389693905625109, -33.283766631959395 ], [ -66.390047543456603, -33.284084335190983 ], [ -66.390237844059584, -33.284205216143562 ], [ -66.390312449599548, -33.284429659393425 ], [ -66.392917005463971, -33.285455058882462 ], [ -66.388630147225513, -33.286983141131145 ], [ -66.39061805564296, -33.304679910455491 ], [ -66.386182231007183, -33.305213628420518 ], [ -66.386125714155639, -33.305336895823643 ], [ -66.386129844021582, -33.305341223375649 ], [ -66.386134863871632, -33.305346427996483 ], [ -66.383839614626652, -33.305227124192925 ], [ -66.383844536005881, -33.305232856873374 ], [ -66.383767008024506, -33.305225650247166 ], [ -66.383081133852897, -33.305132725127464 ], [ -66.38300830947253, -33.30510829103838 ], [ -66.382882290673649, -33.305038029683431 ], [ -66.382829989880179, -33.305053558379541 ], [ -66.382719900318989, -33.304594754306663 ], [ -66.382415176508005, -33.304232156918829 ], [ -66.381719346556906, -33.304194053750564 ], [ -66.381771408734664, -33.303557322276617 ], [ -66.381240874719765, -33.303001392973329 ], [ -66.380422639110975, -33.303495519489104 ], [ -66.380007742613998, -33.303731911768637 ], [ -66.379433528615664, -33.304071596014069 ], [ -66.379053708041226, -33.304282304577214 ], [ -66.37857955645228, -33.304536991400482 ], [ -66.378880025455146, -33.305173030630499 ], [ -66.377768632889513, -33.305119872244063 ], [ -66.377270458514317, -33.305729578004389 ], [ -66.377283115744092, -33.305332528199926 ], [ -66.376604037268237, -33.305747168198707 ], [ -66.376540551671269, -33.306395981721039 ], [ -66.376205606162159, -33.306346358776693 ], [ -66.37586977505407, -33.306296604628756 ], [ -66.37597874581104, -33.306609657075228 ], [ -66.375978615722204, -33.306609637678719 ], [ -66.375367302581139, -33.306838932799394 ], [ -66.375532382723122, -33.306246282143206 ], [ -66.375398129205507, -33.306087244685102 ], [ -66.375371267673017, -33.306222405246558 ], [ -66.375365315346926, -33.306261530110021 ], [ -66.375276302040447, -33.306808612945929 ], [ -66.37526364643054, -33.306886507968841 ], [ -66.375159222622983, -33.307456033295978 ], [ -66.373254361838747, -33.30703867891765 ], [ -66.371909633614678, -33.308299638397386 ], [ -66.370943027209023, -33.308136944008481 ], [ -66.370604994425037, -33.308710816249516 ], [ -66.370738075760585, -33.308141351168501 ], [ -66.370738051832518, -33.308141347004096 ] ], [ [ -67.946623415690624, -33.831175189262524 ], [ -67.946670909497641, -33.831102574874137 ], [ -67.946618403444177, -33.831103642432424 ], [ -68.040105664043551, -33.723006365392337 ], [ -68.06643969092579, -33.835855111860326 ], [ -68.066425532591836, -33.835909171273329 ], [ -68.066463349375397, -33.835957608170304 ], [ -68.066448940910391, -33.836011579904323 ], [ -68.06618375225662, -33.855143024009521 ], [ -68.066151427053569, -33.855143910655386 ], [ -68.076670657063005, -33.909627238610142 ], [ -68.0400749765505, -33.896551937893378 ], [ -68.040064260090048, -33.89659463394969 ], [ -68.04041742849347, -33.913016377979886 ], [ -68.040406060686792, -33.913055390525074 ], [ -68.040399936889742, -33.913169380813486 ], [ -68.065309287798527, -33.957448857455233 ], [ -68.079362709612496, -33.96626080965143 ], [ -68.09806347816675, -33.966308571559637 ], [ -68.107520711562017, -33.987716589152171 ], [ -68.114436192209666, -33.993181741152284 ], [ -68.114420916212964, -33.993197909306559 ], [ -68.114114478922318, -33.993497128184401 ], [ -68.115105872222273, -33.994296907375315 ], [ -68.115107787265629, -33.994330951122663 ], [ -68.131251829646317, -34.007960458649507 ], [ -68.131265971706398, -34.007945499947425 ], [ -68.132857620545678, -34.009199205346988 ], [ -68.142101652200324, -34.017976658159569 ], [ -68.152228165992426, -34.01849796256829 ], [ -68.152230433018644, -34.018506284884381 ], [ -68.156513158773066, -34.027998734254368 ], [ -68.156530042958934, -34.028015511105764 ], [ -68.143110703461957, -34.0392402372633 ], [ -68.143043068674331, -34.039240479222713 ], [ -68.141133207135624, -34.040905483804465 ], [ -68.117683023709503, -34.084708995198241 ], [ -68.097123885550047, -34.109238359819528 ], [ -68.097123944970633, -34.109251314300991 ], [ -68.097124050477078, -34.109317559599219 ], [ -68.101593587316643, -34.114124093018575 ], [ -68.101593679033158, -34.114186964750502 ], [ -68.100261807252991, -34.115956047964119 ], [ -68.105460610535772, -34.121400873362745 ], [ -68.096809347441081, -34.128626922113313 ], [ -68.012969391608863, -34.187954529533954 ], [ -68.175011568669902, -34.24259283787427 ], [ -68.176246660488289, -34.241772540085719 ], [ -68.176260363935853, -34.24177356544925 ], [ -68.190045189135731, -34.236289417004002 ], [ -68.204812099067397, -34.232945153326568 ], [ -68.428030757672559, -34.257633340227017 ], [ -68.44092112736314, -34.253415560150131 ], [ -68.44318888813973, -34.25318080457356 ], [ -68.452049100261775, -34.245601938524089 ], [ -68.462283405785797, -34.237514772183999 ], [ -68.462314103297331, -34.23747153039227 ], [ -68.462321054196934, -34.237462610883313 ], [ -68.477553157685861, -34.208265418314511 ], [ -68.468062017122065, -34.182836282646463 ], [ -68.427338867669391, -34.082144349412545 ], [ -68.646475500866472, -34.007207535326359 ], [ -68.650431038290151, -34.006381013274392 ], [ -68.650447214030976, -34.006388172761888 ], [ -68.708647159299232, -34.014660438250871 ], [ -68.815931120393032, -33.956604750618851 ], [ -68.823241425757828, -33.906110104751747 ], [ -68.865259317765435, -33.806298161713016 ], [ -68.86942175083999, -33.778666514631311 ], [ -68.87857949980696, -33.769059665393115 ], [ -68.881063413465654, -33.754302217294025 ], [ -68.916193299985139, -33.661652397495743 ], [ -68.910641635847696, -33.643172820931625 ], [ -68.90163668583142, -33.603038677900656 ], [ -68.916709554996316, -33.546674992781391 ], [ -68.928209691773247, -33.519271319782774 ], [ -68.925249532202599, -33.51474039375978 ], [ -68.925275761337332, -33.502146179591421 ], [ -68.929215059181331, -33.465021918856905 ], [ -68.928153715263875, -33.45137013732375 ], [ -68.926893320549027, -33.439662386003249 ], [ -68.926604887620499, -33.431448011278007 ], [ -68.925243165710924, -33.429037170357958 ], [ -68.922437668177281, -33.422296999424475 ], [ -68.922361405236245, -33.421889459747547 ], [ -68.92147712729593, -33.416033699255138 ], [ -68.920643922354657, -33.40712517233834 ], [ -68.920609518771528, -33.406757339265653 ], [ -68.920603484310618, -33.4066678475549 ], [ -68.92059946180342, -33.406584425006827 ], [ -68.920509847405185, -33.383078625600092 ], [ -68.92049494488765, -33.382637425277949 ], [ -68.920455163266922, -33.38235591924979 ], [ -68.92042520336247, -33.381675782442983 ], [ -68.926210462718586, -33.376796860869376 ], [ -68.925546277457101, -33.374557403721667 ], [ -68.924804187258303, -33.372055227681358 ], [ -68.924585670309341, -33.371473935842857 ], [ -68.921081471736159, -33.370733935945964 ], [ -68.921142447400314, -33.370253356389185 ], [ -68.921339414567626, -33.368952363630228 ], [ -68.92168086253929, -33.367295389025003 ], [ -68.922657821127189, -33.364343999265202 ], [ -68.922776262305717, -33.362751144287927 ], [ -68.922945235979284, -33.361190795066136 ], [ -68.923129507068154, -33.359489185317443 ], [ -68.923294997217226, -33.357607713715822 ], [ -68.923558266596501, -33.355339349288329 ], [ -68.923448515676569, -33.354009021406171 ], [ -68.92378375108899, -33.352525171030607 ], [ -68.923928161634535, -33.351885967550857 ], [ -68.924216837072493, -33.352110605860219 ], [ -68.924292274055006, -33.352167672215444 ], [ -68.924389771341168, -33.352511819720064 ], [ -68.924390043537926, -33.352513131568401 ], [ -68.92485332393278, -33.354150115464734 ], [ -68.924962053862828, -33.354334682873912 ], [ -68.925409045581375, -33.355780887260835 ], [ -68.925977862333923, -33.357621261006841 ], [ -68.928607828014378, -33.360523318279888 ], [ -68.929202071086479, -33.36078309161627 ], [ -68.929238188196905, -33.360800063593786 ], [ -68.930091258722769, -33.361481485687705 ], [ -68.930133551916242, -33.361471203871076 ], [ -68.930123424442911, -33.361503886900323 ], [ -68.930656976101318, -33.362317617924532 ], [ -68.931577388341168, -33.363087755229799 ], [ -68.936347233222705, -33.372546590400134 ], [ -68.939825653520302, -33.376514927619155 ], [ -68.942970915494641, -33.380103182944538 ], [ -68.941036579590389, -33.383530119890963 ], [ -68.941052449267318, -33.385826252802985 ], [ -68.946907377831963, -33.394654978897904 ], [ -68.951140909467881, -33.401038766986801 ], [ -68.950835092937382, -33.403290149947395 ], [ -68.952326716384448, -33.404112952998958 ], [ -68.952355892044579, -33.404173068876219 ], [ -68.955321011393494, -33.408684591878966 ], [ -68.955348645055949, -33.408744191277265 ], [ -68.955198065413583, -33.411394344544703 ], [ -68.956189602836957, -33.413126576935269 ], [ -68.956216272225959, -33.413188850983147 ], [ -68.956384160295556, -33.413481669523605 ], [ -68.956410273381096, -33.413544109288864 ], [ -68.956456227565809, -33.413613655920415 ], [ -68.956482032824908, -33.41367619591972 ], [ -68.956380656704539, -33.414195420090437 ], [ -68.956406388345158, -33.414258487411018 ], [ -68.956768816654062, -33.41461326323946 ], [ -68.957260109053607, -33.415129419305799 ], [ -68.959458209149147, -33.418821009848671 ], [ -68.959464818332663, -33.418829574565052 ], [ -68.959539381796162, -33.419775131833717 ], [ -68.965976656484372, -33.430715362810702 ], [ -68.971571020320198, -33.436590125969303 ], [ -68.978981360653393, -33.445684291646955 ], [ -69.029357809128953, -33.44654975117129 ], [ -69.046947395160203, -33.428608556043855 ], [ -69.04698364722077, -33.42855041518294 ], [ -69.05233451548213, -33.426075127211107 ], [ -69.059924296858867, -33.405535653586981 ], [ -69.071738718787799, -33.393452952051859 ], [ -69.071903796535707, -33.393292168236542 ], [ -69.071988307797085, -33.393163202329163 ], [ -69.0734973555941, -33.391264729619706 ], [ -69.073789598964765, -33.391138831817329 ], [ -69.074419661518107, -33.390871746904793 ], [ -69.086627665824381, -33.381910648859787 ], [ -69.087752629892691, -33.381196121667983 ], [ -69.087740008857281, -33.381166792964791 ], [ -69.089008432735852, -33.380829407769454 ], [ -69.090836007767393, -33.380693155283723 ], [ -69.09549722861982, -33.37713143175506 ], [ -69.093220311829953, -33.380331578827793 ], [ -69.093218870820863, -33.380338796641183 ], [ -69.093433549505221, -33.382060526009695 ], [ -69.093437769545972, -33.382091428610863 ], [ -69.093264123723543, -33.382245505338233 ], [ -69.093213241211743, -33.382265200972881 ], [ -69.092973802284916, -33.38249587334235 ], [ -69.090232616597575, -33.3822104373412 ], [ -69.079339944242577, -33.398573498411849 ], [ -69.079303881724968, -33.398629004978773 ], [ -69.078683689075547, -33.400132718041618 ], [ -69.078650256560195, -33.400189183234943 ], [ -69.081844922608866, -33.405110362346079 ], [ -69.078340273128731, -33.413212072656165 ], [ -69.078316849709722, -33.413218660341499 ], [ -69.071765734892892, -33.431208540927798 ], [ -69.072251887588834, -33.432444227460167 ], [ -69.075659699139749, -33.440768218890526 ], [ -69.075667802079579, -33.440774646987336 ], [ -69.077343885266828, -33.440585658435509 ], [ -69.077780180130731, -33.444377068149606 ], [ -69.07686001522336, -33.451369919243518 ], [ -69.077403114812455, -33.458581263355939 ], [ -69.089451140908807, -33.459867051639208 ], [ -69.10796841514366, -33.461870896366577 ], [ -69.108170316363669, -33.461892440294378 ], [ -69.10831456189004, -33.461836894646751 ], [ -69.108315103153586, -33.461836543179345 ], [ -69.108380986540965, -33.461793762249613 ], [ -69.108554138098157, -33.461657922904067 ], [ -69.10858139001914, -33.461472865298276 ], [ -69.113585183175474, -33.451476219079382 ], [ -69.116311033010504, -33.446023338570399 ], [ -69.1163381405579, -33.446026623074886 ], [ -69.116374684248115, -33.446002889499425 ], [ -69.122858130348106, -33.447395108480066 ], [ -69.122910755372686, -33.447360930731179 ], [ -69.123197274327481, -33.44512556779739 ], [ -69.125388206136108, -33.445347701740616 ], [ -69.125403014452331, -33.445338063347265 ], [ -69.132253668995133, -33.446095231152128 ], [ -69.132258145301478, -33.446095775214019 ], [ -69.132257683871103, -33.446099528936656 ], [ -69.132663736152608, -33.446140300283446 ], [ -69.133013451299917, -33.445961139145311 ], [ -69.133076908445048, -33.445919911811245 ], [ -69.133136416335958, -33.445531057048527 ], [ -69.133128810950211, -33.445530113235691 ], [ -69.13312960859065, -33.445523709158238 ], [ -69.133719485726658, -33.441326666069699 ], [ -69.134713511440737, -33.441429836486918 ], [ -69.134722178523646, -33.441424195013838 ], [ -69.138720337361235, -33.441876060990467 ], [ -69.138747800749854, -33.44187948136971 ], [ -69.138744931209885, -33.441902606182111 ], [ -69.140978186907148, -33.442134459550232 ], [ -69.14103044944062, -33.442100504503458 ], [ -69.143529927136115, -33.438804631863434 ], [ -69.143488538468432, -33.438799417111511 ], [ -69.143492868669966, -33.438764519442998 ], [ -69.143624703151431, -33.437076412202714 ], [ -69.144370155089632, -33.437243384824228 ], [ -69.145613100878165, -33.437372573527341 ], [ -69.145665792236457, -33.437379112276631 ], [ -69.14566501396132, -33.437385377373744 ], [ -69.145659414910483, -33.437429811766094 ], [ -69.145540197917342, -33.438221793821072 ], [ -69.156861547706626, -33.444861847111383 ], [ -69.156891709475815, -33.444894238206359 ], [ -69.157376198811107, -33.445157514714481 ], [ -69.157405660971676, -33.445188722235343 ], [ -69.158917710420155, -33.446024621397157 ], [ -69.17382685818967, -33.438559887638007 ], [ -69.174505717383568, -33.434495617211496 ], [ -69.174507634858855, -33.434479553472556 ], [ -69.177278274268133, -33.43350216642807 ], [ -69.188411760775864, -33.42961802631811 ], [ -69.188813609771898, -33.427823616396211 ], [ -69.189364325726331, -33.428203065343382 ], [ -69.193063957064965, -33.430525180701181 ], [ -69.193095740266699, -33.430569880407063 ], [ -69.193247238425499, -33.432041991247218 ], [ -69.193457367908309, -33.434287249186525 ], [ -69.193434961360651, -33.434284125982231 ], [ -69.193429751247095, -33.434315474564642 ], [ -69.191597257461751, -33.437103024953728 ], [ -69.191635144579266, -33.437148098618707 ], [ -69.19042445087922, -33.438963300424746 ], [ -69.190453841306464, -33.438997920496774 ], [ -69.183351818663709, -33.450406923350783 ], [ -69.177427493735649, -33.459811902949582 ], [ -69.173988043275926, -33.462452499805579 ], [ -69.171280221207041, -33.468559988450181 ], [ -69.161436863137794, -33.465805073942818 ], [ -69.160018020523808, -33.468154464312192 ], [ -69.15995622919371, -33.468183316339776 ], [ -69.15368508807245, -33.483326892549712 ], [ -69.151868442734667, -33.486239739617076 ], [ -69.149270251352164, -33.490447235451313 ], [ -69.146710336360456, -33.492973526514561 ], [ -69.143927431291559, -33.497098791570352 ], [ -69.139516737642339, -33.501588311895375 ], [ -69.135422079134685, -33.507450737364536 ], [ -69.135352031487287, -33.507473663270162 ], [ -69.134087148827234, -33.509305918332132 ], [ -69.13407582997462, -33.50933211961717 ], [ -69.13410062044278, -33.509342826753254 ], [ -69.133737866749584, -33.510018083398506 ], [ -69.133574644219607, -33.510325990938895 ], [ -69.132965591230686, -33.511497484760469 ], [ -69.132781794282153, -33.511838834574576 ], [ -69.132746377873673, -33.511850858836056 ], [ -69.132735325188776, -33.511876269296749 ], [ -69.130596655476438, -33.511361837668517 ], [ -69.12905965797853, -33.511024648135219 ], [ -69.129072213970517, -33.510995090388519 ], [ -69.124509972686326, -33.509367802941995 ], [ -69.124441789027856, -33.509391165153204 ], [ -69.123322149454339, -33.510989575240956 ], [ -69.123250980787816, -33.511012444439586 ], [ -69.122412707786225, -33.511939393371506 ], [ -69.122409668136186, -33.511941338029715 ], [ -69.12126373609442, -33.513594816238651 ], [ -69.118891893214823, -33.517404580362097 ], [ -69.118907378482561, -33.51746789463391 ], [ -69.11607774818367, -33.521287570255367 ], [ -69.109891980444104, -33.530701109158315 ], [ -69.109912959493272, -33.53073585110775 ], [ -69.102898536957923, -33.545986904938218 ], [ -69.102924598969139, -33.546043718714316 ], [ -69.104212891027714, -33.548781231261785 ], [ -69.106106618004446, -33.548581292260167 ], [ -69.106083188417983, -33.548530217027519 ], [ -69.116880634860991, -33.542214889128331 ], [ -69.118456293049348, -33.553850483755753 ], [ -69.118907720835239, -33.55432946802631 ], [ -69.119370140721912, -33.55481839808391 ], [ -69.12006552879501, -33.555472590824422 ], [ -69.12008036900761, -33.555473120449847 ], [ -69.120997641941415, -33.55441094269645 ], [ -69.120998625358197, -33.554399374852494 ], [ -69.121633399690438, -33.55424964159738 ], [ -69.129105682047395, -33.546866976282899 ], [ -69.131266122955765, -33.550976567969769 ], [ -69.135785935778358, -33.552713545719939 ], [ -69.145470641524241, -33.55079194365652 ], [ -69.147903399640541, -33.555427668848779 ], [ -69.149344651509409, -33.555295104584218 ], [ -69.149348542333541, -33.555315112088579 ], [ -69.156938072308378, -33.554830256216235 ], [ -69.156969984591797, -33.554856928190304 ], [ -69.158053274268866, -33.555573701802757 ], [ -69.16751195727511, -33.558888752830569 ], [ -69.16869403346584, -33.559354656184155 ], [ -69.168710084511133, -33.559351040277022 ], [ -69.16874081481626, -33.559405746744915 ], [ -69.171534114003236, -33.559270786133368 ], [ -69.179145454398167, -33.557392636024417 ], [ -69.179410268344952, -33.557540267156696 ], [ -69.179656071898819, -33.55752484679482 ], [ -69.179720830608403, -33.557491965217821 ], [ -69.182858332727506, -33.559555434406832 ], [ -69.18285774815007, -33.560004847607104 ], [ -69.182909972017683, -33.559984000168811 ], [ -69.183183130781458, -33.559728127929532 ], [ -69.185197115431549, -33.578902086603023 ], [ -69.186051073785507, -33.587199550263165 ], [ -69.186054000990225, -33.587234873259092 ], [ -69.187870966902096, -33.589999200760417 ], [ -69.188820345324984, -33.59144359097246 ], [ -69.188829883052222, -33.591472805946978 ], [ -69.189103931286638, -33.591863788508249 ], [ -69.189113216183557, -33.591892497101185 ], [ -69.189381522830331, -33.592292196072663 ], [ -69.190199178589864, -33.593514667459715 ], [ -69.190205612957584, -33.593541575481311 ], [ -69.194081521613384, -33.596564329451212 ], [ -69.194094234470299, -33.596609928253201 ], [ -69.194235886763124, -33.597898039885138 ], [ -69.195991709629254, -33.601067955342273 ], [ -69.199849925774856, -33.599500677260551 ], [ -69.202874313762436, -33.599483351779156 ], [ -69.202342700981262, -33.59819712645583 ], [ -69.205484360049525, -33.598915029852321 ], [ -69.211527751587312, -33.599020745559073 ], [ -69.220262556760417, -33.598558224441376 ], [ -69.220751797881462, -33.598179605556879 ], [ -69.200810733373203, -33.572111179421086 ], [ -69.230756482884772, -33.591456044613153 ], [ -69.242912285686259, -33.600714699870707 ], [ -69.246324141475156, -33.601844652727607 ], [ -69.241376793925212, -33.604513263284957 ], [ -69.228973982279967, -33.613420559897349 ], [ -69.228921386268951, -33.613427288705395 ], [ -69.225889980188924, -33.615462269058867 ], [ -69.225181877147122, -33.61586366347251 ], [ -69.221186706932997, -33.619120233865033 ], [ -69.218998944576811, -33.620903537557865 ], [ -69.217155840228202, -33.622405917355479 ], [ -69.2144894786544, -33.6320463041734 ], [ -69.214491945126554, -33.632074227175906 ], [ -69.215115965195139, -33.63311901131766 ], [ -69.215118259665189, -33.633145788833247 ], [ -69.215088503320942, -33.63319023194191 ], [ -69.215090615988402, -33.633217098266528 ], [ -69.217866704273888, -33.638048039801674 ], [ -69.225744528405869, -33.644820986565776 ], [ -69.233727278616072, -33.650433703907936 ], [ -69.247912284353617, -33.66230252576571 ], [ -69.25101045601366, -33.665125468739575 ], [ -69.253558595131778, -33.667939841741941 ], [ -69.258817457799864, -33.672488228919519 ], [ -69.258842596000079, -33.672463856123727 ], [ -69.302487698246409, -33.708657261493101 ], [ -69.302557906057814, -33.708656167520473 ], [ -69.307459933501605, -33.711553723509041 ], [ -69.309754717534815, -33.713966031173243 ], [ -69.309725001967081, -33.714022860371472 ], [ -69.305890517516673, -33.734903646164526 ], [ -69.305205407491371, -33.738356361878573 ], [ -69.290467257919943, -33.903329623123966 ], [ -69.33867278430148, -34.042831683811528 ], [ -69.35470396150339, -34.205681245988501 ], [ -69.354637876223478, -34.205679732346141 ], [ -69.3519085959378, -34.222441140308945 ], [ -69.33006905274317, -34.244405721234045 ], [ -69.34340149189768, -34.247611298076606 ], [ -69.343875219256176, -34.248055776060426 ], [ -69.343844312017495, -34.248065143021336 ], [ -69.348910978596166, -34.255034676719049 ], [ -69.344756739576098, -34.258495482538024 ], [ -69.344687776928936, -34.258510133159746 ], [ -69.340394025726255, -34.256913466882793 ], [ -69.340394002722292, -34.256913164589207 ], [ -69.339472956911607, -34.256981630789198 ], [ -69.335918202134962, -34.25724470215556 ], [ -69.334720280599925, -34.257333643782715 ], [ -69.334665927462368, -34.257337936237093 ], [ -69.333786047789772, -34.257403279916389 ], [ -69.331587169317686, -34.257659976692651 ], [ -69.331140266320688, -34.259861427966882 ], [ -69.330838370322851, -34.263704959762151 ], [ -69.326360049579193, -34.272470061920103 ], [ -69.323819666076474, -34.277129717000889 ], [ -69.32163798521168, -34.282598238680464 ], [ -69.321571589186817, -34.282578743110264 ], [ -69.31918752635886, -34.285569128725626 ], [ -69.319183471780093, -34.285568512388181 ], [ -69.319169924929668, -34.28556646430718 ], [ -69.318902838038412, -34.285754444306122 ], [ -69.316941943088807, -34.287134502201525 ], [ -69.316869809957041, -34.287119024154265 ], [ -69.306046620188795, -34.295098086104076 ], [ -69.299822472992219, -34.293216992710484 ], [ -69.268651230897092, -34.29759836877821 ], [ -69.285394172068266, -34.316018909932609 ], [ -69.272530542700792, -34.324415719261253 ], [ -69.262768146343433, -34.350863655310491 ], [ -69.262454875916887, -34.35648657604537 ], [ -69.255152088438308, -34.363068647820171 ], [ -69.255162649910005, -34.363078159973725 ], [ -69.254003764066965, -34.364162518461001 ], [ -69.241789311900675, -34.375591113466498 ], [ -69.241529946384389, -34.375431631369963 ], [ -69.181377550300681, -34.405949085446821 ], [ -69.133313699152723, -34.4244609238782 ], [ -69.1342908574494, -34.457896602356868 ], [ -69.13464344646701, -34.459262883505517 ], [ -69.134953830788447, -34.460465622032416 ], [ -69.135196828341577, -34.461407236542584 ], [ -69.135339902485839, -34.46196164850852 ], [ -69.135554155324883, -34.462791877955851 ], [ -69.135649045283344, -34.46315957648676 ], [ -69.135808260273677, -34.463776533797613 ], [ -69.135888922403012, -34.464089099316141 ], [ -69.136824329805222, -34.478483381158526 ], [ -69.136934470794415, -34.478920616989001 ], [ -69.137130623705957, -34.479699301757421 ], [ -69.137259731902077, -34.480211833056558 ], [ -69.137444328017182, -34.48094463942914 ], [ -69.137626943966382, -34.481669584974043 ], [ -69.1381360138584, -34.488421625668707 ], [ -69.138297045961451, -34.489067516939315 ], [ -69.138427086633158, -34.48958910330515 ], [ -69.138616137509644, -34.4919970067956 ], [ -69.138683338697206, -34.49226750779286 ], [ -69.138750320730878, -34.492537126643128 ], [ -69.138809538051191, -34.493278633497539 ], [ -69.13883584441021, -34.493384637416341 ], [ -69.138847943884912, -34.493441113002689 ], [ -69.139106689807704, -34.49417853233092 ], [ -69.139176913755591, -34.494461326030944 ], [ -69.13920012300747, -34.494514344255947 ], [ -69.139206310477732, -34.494534557716293 ], [ -69.139340081799332, -34.494900259020199 ], [ -69.139958577107961, -34.496082859925821 ], [ -69.140094911546385, -34.496455988226899 ], [ -69.140707023453501, -34.497628394289336 ], [ -69.140845889181719, -34.498008875469338 ], [ -69.140985364957032, -34.498391028130584 ], [ -69.142192661293166, -34.500711309267047 ], [ -69.14322601984469, -34.503548899278087 ], [ -69.148134121848273, -34.513093584145736 ], [ -69.148770284989098, -34.51485643193098 ], [ -69.149163783299741, -34.515946840685217 ], [ -69.149585075609309, -34.51711426790348 ], [ -69.154089276669197, -34.525997040971163 ], [ -69.155256737430932, -34.529259990259789 ], [ -69.155271714808748, -34.529285358364291 ], [ -69.157636398169188, -34.53205006726364 ], [ -69.162877474803736, -34.542290637858002 ], [ -69.165500406790727, -34.545321065256701 ], [ -69.165520471525213, -34.545348149061056 ], [ -69.166498045554135, -34.546915265074176 ], [ -69.167922889633303, -34.549641705525005 ], [ -69.168424788413972, -34.550444857688717 ], [ -69.168930811479299, -34.551254609509442 ], [ -69.169399041003317, -34.55214822272734 ], [ -69.169426115572037, -34.552161763177423 ], [ -69.170686797504516, -34.552057935979576 ], [ -69.170211393892828, -34.551169319756184 ], [ -69.168750301411876, -34.548438270181293 ], [ -69.172000829871934, -34.548218055793996 ], [ -69.172034921057673, -34.548222427730593 ], [ -69.166162797192612, -34.53781040212607 ], [ -69.166968442569612, -34.538124611189915 ], [ -69.20197952308132, -34.541491255177391 ], [ -69.194701546662714, -34.520322399841632 ], [ -69.253199491061025, -34.505202729393432 ], [ -69.262913854837507, -34.509940598449361 ], [ -69.28006027255401, -34.521135156642174 ], [ -69.280971598262511, -34.523317316554198 ], [ -69.281765939283559, -34.521108596281579 ], [ -69.281903281280734, -34.5210527009462 ], [ -69.283270017987888, -34.528708434402631 ], [ -69.283238460478401, -34.528773337111943 ], [ -69.29444272812799, -34.603078684295554 ], [ -69.294034662518243, -34.603749126183857 ], [ -69.294005246565121, -34.603756330529677 ], [ -69.293504564776356, -34.603592991380992 ], [ -69.293473960219956, -34.603596453782814 ], [ -69.262186272744714, -34.631135137150295 ], [ -69.262197626262036, -34.631163583822342 ], [ -69.315804756109003, -34.658293314854063 ], [ -69.31591735524313, -34.658248496394378 ], [ -69.389784684466747, -34.700899008428053 ], [ -69.41831547716356, -34.717265048367153 ], [ -69.364160712256194, -34.782614765202538 ], [ -69.364155184667027, -34.782623898598558 ], [ -69.359840105346507, -34.800714495749787 ], [ -69.359866382303665, -34.80078026536097 ], [ -69.354499911648247, -34.81864505591318 ], [ -69.376255675224513, -34.839631760179941 ], [ -69.376276909147748, -34.839695308460932 ], [ -69.374708381650692, -34.887491739307336 ], [ -69.378532083192397, -34.891603508340609 ], [ -69.39939962768824, -34.886305738097576 ], [ -69.402823335386131, -34.886406622594848 ], [ -69.402814864900222, -34.886398099826692 ], [ -69.403205686447905, -34.88455510868431 ], [ -69.402827556298632, -34.884160094827848 ], [ -69.402849768617216, -34.884060928171266 ], [ -69.404396828248366, -34.870497280735549 ], [ -69.404401375746829, -34.870477333025065 ], [ -69.417698611639935, -34.875881675210451 ], [ -69.417737583167423, -34.875938188717839 ], [ -69.418007335177151, -34.876054511338793 ], [ -69.418041866071121, -34.876113671067571 ], [ -69.430271430723622, -34.886367970950118 ], [ -69.441703460564213, -34.894534159395846 ], [ -69.441700184731985, -34.894546622700034 ], [ -69.479145623025147, -34.906466586203919 ], [ -69.479198615676125, -34.906466263525658 ], [ -69.48095475033864, -34.905338440874118 ], [ -69.488799058297104, -34.902372126535795 ], [ -69.488816775370594, -34.902366572400126 ], [ -69.492339397808905, -34.900187688108304 ], [ -69.492396140263793, -34.900193638094152 ], [ -69.503753051879926, -34.89760367718867 ], [ -69.50972262778123, -34.893414487345296 ], [ -69.53524488736673, -34.884187517352814 ], [ -69.538473551659536, -34.881124433842501 ], [ -69.541139332233797, -34.884214298015991 ], [ -69.540536017890588, -34.886356331899606 ], [ -69.540463477651144, -34.886727303287955 ], [ -69.540450000394969, -34.886772872418021 ], [ -69.540938498506705, -34.893629147395814 ], [ -69.539944441072919, -34.896139644265247 ], [ -69.539962422187898, -34.896182717455247 ], [ -69.542680065545824, -34.898759140335699 ], [ -69.542702905210206, -34.898759283881077 ], [ -69.54928179403413, -34.900172182280869 ], [ -69.549286927747687, -34.900155131609381 ], [ -69.555032759354106, -34.90117663127586 ], [ -69.555043310052838, -34.901219789324898 ], [ -69.575789264428636, -34.906155717574848 ], [ -69.669387550280135, -34.857261967632667 ], [ -69.669994841001028, -34.857288139097363 ], [ -69.684156686993617, -34.860941932802746 ], [ -69.688288193414962, -34.86184721536813 ], [ -69.688297924577512, -34.861841779593249 ], [ -69.692284968797424, -34.862854272653863 ], [ -69.69210163096966, -34.862736361731493 ], [ -69.787611192561315, -34.8857554300007 ], [ -69.831011741547343, -34.89531239146919 ], [ -69.831038059809657, -34.895316805948312 ], [ -69.829866984897592, -34.939074174963423 ], [ -69.831822867814992, -34.950070516567791 ], [ -69.831942415030142, -34.970182008537108 ], [ -69.831890597432391, -34.970210403422129 ], [ -69.839571197897612, -35.05552771265809 ], [ -69.831271295472732, -35.142624094514247 ], [ -69.83148131740802, -35.1429524471435 ], [ -69.837752442606018, -35.159053096486275 ], [ -69.837363097117645, -35.159105489230001 ], [ -69.835844227646817, -35.160364677767006 ], [ -69.841558253461699, -35.170140208702492 ], [ -69.842292443365238, -35.171942645806041 ], [ -69.842730969070601, -35.172146501756231 ], [ -69.844421870444364, -35.171987346164656 ], [ -69.844814241309678, -35.172053637839724 ], [ -69.850315400388865, -35.172983040946747 ], [ -69.852325144752342, -35.172462640724291 ], [ -69.854914896452442, -35.171791872856033 ], [ -69.856471949497177, -35.171388630533443 ], [ -69.858154725850909, -35.170952728066254 ], [ -69.856959519290513, -35.171436461795793 ], [ -69.854903093955159, -35.172268759959422 ], [ -69.855505515840775, -35.17248554522854 ], [ -69.853095498978632, -35.173879957360441 ], [ -69.843762292012855, -35.182013207190664 ], [ -69.836458774493906, -35.187625870929708 ], [ -69.797774440575154, -35.234787893052328 ], [ -69.797071326239575, -35.234826617823728 ], [ -69.795833165010947, -35.234674978690123 ], [ -69.792258640464695, -35.236579536344379 ], [ -69.768473058294092, -35.259837568273724 ], [ -69.768445716260828, -35.259838472494266 ], [ -69.756637163379878, -35.262420148310582 ], [ -69.749223463723922, -35.25771146926337 ], [ -69.735507058075484, -35.253154690058011 ], [ -69.730312092597444, -35.259169128949679 ], [ -69.727379252867763, -35.265101846849973 ], [ -69.726126923563413, -35.273893763880665 ], [ -69.721149097185844, -35.283703569229942 ], [ -69.714602176447045, -35.290293044009616 ], [ -69.714572892611727, -35.290319356025293 ], [ -69.710050156401564, -35.297402126785073 ], [ -69.708355295724516, -35.298414184322837 ], [ -69.705126160814075, -35.30163104002321 ], [ -69.706236649062191, -35.305656489058322 ], [ -69.706237237087919, -35.30566562002673 ], [ -69.704151958289913, -35.306716628157119 ], [ -69.701419572381269, -35.306995380405169 ], [ -69.701253925336744, -35.307570069610563 ], [ -69.700534205622375, -35.31000059289903 ], [ -69.700506619920191, -35.309995886132413 ], [ -69.700010191008971, -35.310202179935004 ], [ -69.699559517368186, -35.310590951876407 ], [ -69.693845242963562, -35.310732090748274 ], [ -69.68973139584682, -35.317177636256645 ], [ -69.689703814243444, -35.317186165048895 ], [ -69.680294603906248, -35.322290925075833 ], [ -69.677018985786219, -35.323354557766891 ], [ -69.676961964577117, -35.323374086021033 ], [ -69.675165400083074, -35.323957521549801 ], [ -69.67371951287231, -35.324046806224146 ], [ -69.673660633296322, -35.324065715609322 ], [ -69.66661504383336, -35.328764536996118 ], [ -69.666411291878148, -35.328908355257965 ], [ -69.673364017055235, -35.334316837296114 ], [ -69.673386459435562, -35.334295592508397 ], [ -69.676121153829797, -35.332118363386087 ], [ -69.676150453207299, -35.332090908903012 ], [ -69.676160178505825, -35.332108723038971 ], [ -69.680997320517179, -35.336649455512372 ], [ -69.684708240993018, -35.343601908457117 ], [ -69.682396552311445, -35.344198665737224 ], [ -69.682081117913299, -35.344288445812253 ], [ -69.67528504874366, -35.343012665088452 ], [ -69.675224412317391, -35.342997043150092 ], [ -69.663541109812456, -35.347304699505628 ], [ -69.658433731842194, -35.350167798852681 ], [ -69.650285713161566, -35.34858829614376 ], [ -69.640769122452753, -35.351785647219856 ], [ -69.634095131050458, -35.360757588878698 ], [ -69.634936017132645, -35.364184334709876 ], [ -69.634923804841151, -35.364196636542147 ], [ -69.631097195879875, -35.366026401170473 ], [ -69.630525351657752, -35.365701704550588 ], [ -69.630045422392641, -35.365401278690229 ], [ -69.630012043225804, -35.365401439739173 ], [ -69.628417277177789, -35.361745848528187 ], [ -69.629148562748753, -35.360612000975379 ], [ -69.620565970426924, -35.350560994899752 ], [ -69.611327733109476, -35.353694579553917 ], [ -69.604992702403877, -35.355853770089197 ], [ -69.604474935282326, -35.366375903763696 ], [ -69.604673349676489, -35.373782600706193 ], [ -69.60412616715098, -35.374615286461051 ], [ -69.605097666465213, -35.379895340402015 ], [ -69.610183530559368, -35.38098984666243 ], [ -69.610209432878321, -35.38099958857066 ], [ -69.619055641420175, -35.380046070212074 ], [ -69.621951465173424, -35.378371456866773 ], [ -69.626841004527364, -35.385757283061253 ], [ -69.62875341859359, -35.386570000025245 ], [ -69.62815232245174, -35.391311688005487 ], [ -69.628169437908866, -35.391333105786998 ], [ -69.638059511234587, -35.392384776045333 ], [ -69.640792469316864, -35.392979279054885 ], [ -69.640844431053551, -35.392978518482494 ], [ -69.652865636129889, -35.393730676498365 ], [ -69.655041126130016, -35.393611374099294 ], [ -69.65534743377691, -35.394049102089696 ], [ -69.661889857887559, -35.394295315458294 ], [ -69.65557127150413, -35.395743677242137 ], [ -69.650493375523865, -35.403085462677382 ], [ -69.654860287274857, -35.405978520510985 ], [ -69.655159227545255, -35.406539917118664 ], [ -69.655313788597653, -35.40832427419906 ], [ -69.652631208486014, -35.409951227731938 ], [ -69.64603773763298, -35.413213542018923 ], [ -69.643119296330838, -35.415007857990702 ], [ -69.636790372006033, -35.421462894879028 ], [ -69.624115984003538, -35.425264928111517 ], [ -69.629296824635674, -35.429105744435446 ], [ -69.629925748256426, -35.431028902913795 ], [ -69.630410493702357, -35.432612689788584 ], [ -69.630403541856481, -35.432636446964523 ], [ -69.629237071765658, -35.435561453145965 ], [ -69.626918318568755, -35.436574425843446 ], [ -69.626868287514867, -35.436554501771809 ], [ -69.620578024524036, -35.442397093911495 ], [ -69.620557859899236, -35.442416074908806 ], [ -69.613364398490717, -35.447412052530353 ], [ -69.613194263837329, -35.447594582990064 ], [ -69.610225824019039, -35.448100024571545 ], [ -69.610215182062632, -35.448149420567916 ], [ -69.605142767210054, -35.449562676997232 ], [ -69.605207759042855, -35.45028403152179 ], [ -69.605201174035813, -35.45030134292557 ], [ -69.605299414329863, -35.450696209885052 ], [ -69.606868913069547, -35.453937539803121 ], [ -69.608781102060959, -35.457246944833514 ], [ -69.609033844391831, -35.457398161271271 ], [ -69.611164858109873, -35.462855362292032 ], [ -69.61117910963435, -35.462851664061134 ], [ -69.611681378349886, -35.464116960241597 ], [ -69.611484625760284, -35.464637817822052 ], [ -69.610728275419604, -35.465168402878987 ], [ -69.610228593715135, -35.465429092272814 ], [ -69.609403577901617, -35.465859512018596 ], [ -69.609065779946661, -35.465988282656781 ], [ -69.608321718917978, -35.46674187723238 ], [ -69.607125809358479, -35.467404282723464 ], [ -69.606022277120474, -35.467906149913574 ], [ -69.603383877576277, -35.468112868720823 ], [ -69.602280787815516, -35.46915647114804 ], [ -69.602279130186389, -35.469218736306857 ], [ -69.602262425332867, -35.469247939772288 ], [ -69.602260858843465, -35.469310787626682 ], [ -69.602320731064935, -35.469613467147951 ], [ -69.602318647508696, -35.4696738481681 ], [ -69.602441372855196, -35.470273836383058 ], [ -69.602145231961572, -35.47121318870154 ], [ -69.602142353336149, -35.471278471282233 ], [ -69.60228973251634, -35.471903031783938 ], [ -69.602287302944035, -35.471962385471272 ], [ -69.602626696836921, -35.47321153577434 ], [ -69.601600636568264, -35.474675716580634 ], [ -69.600440669022703, -35.47554174530751 ], [ -69.599836195679075, -35.477161873376986 ], [ -69.599835878577608, -35.477202245518242 ], [ -69.600972261854793, -35.478077287094948 ], [ -69.601007167969044, -35.478080800834562 ], [ -69.601569854518118, -35.478478670213519 ], [ -69.601987932129305, -35.478834337681008 ], [ -69.602037998776154, -35.478839136841373 ], [ -69.602676688773954, -35.479313239139685 ], [ -69.603156890955688, -35.479496027045627 ], [ -69.603183862084052, -35.479525563244806 ], [ -69.603815158527254, -35.480047873649085 ], [ -69.60304073570228, -35.480775151432681 ], [ -69.603008237408176, -35.480812003097071 ], [ -69.602220907455035, -35.481153073688915 ], [ -69.602184301829197, -35.481212578848101 ], [ -69.602066237704037, -35.481176188401093 ], [ -69.602056399990033, -35.481110524608937 ], [ -69.602052195801036, -35.481097829688963 ], [ -69.602079102875393, -35.481073619385256 ], [ -69.601950396791892, -35.480959746199346 ], [ -69.601926424363512, -35.480958587051646 ], [ -69.601871255209005, -35.480960419050461 ], [ -69.601746065394082, -35.481039631377826 ], [ -69.601656751923827, -35.481110961170828 ], [ -69.601153368566884, -35.481334992579548 ], [ -69.601131005791331, -35.481351326336551 ], [ -69.60082425916147, -35.481491557363881 ], [ -69.600806479471032, -35.481509812448962 ], [ -69.600570563210454, -35.482100388371066 ], [ -69.600394978089639, -35.482194219988855 ], [ -69.600370738827905, -35.482200542824614 ], [ -69.600396289916375, -35.482230298250045 ], [ -69.600398636292084, -35.482240104604671 ], [ -69.600307584543089, -35.482257597579405 ], [ -69.60023923610845, -35.482253315532603 ], [ -69.600210192462214, -35.482214905941703 ], [ -69.600211825985468, -35.482213251065048 ], [ -69.600135886416979, -35.48221475315512 ], [ -69.600129602536356, -35.482212672019045 ], [ -69.600125309007808, -35.482216343366019 ], [ -69.600125560828417, -35.48221658008265 ], [ -69.599815616461171, -35.482390959339 ], [ -69.59957444957854, -35.482706609868615 ], [ -69.599473891596233, -35.482825294004556 ], [ -69.59944429846297, -35.482866186155832 ], [ -69.599355090980339, -35.482793620873963 ], [ -69.598923866803659, -35.483186982115114 ], [ -69.599031003903576, -35.483277375837758 ], [ -69.599133686876542, -35.483413108739228 ], [ -69.598486889127571, -35.483690932994648 ], [ -69.598464889857894, -35.483713137716165 ], [ -69.598443008838785, -35.483738850267457 ], [ -69.598169538348884, -35.484206735743442 ], [ -69.59793653588531, -35.484574126689722 ], [ -69.597954452307022, -35.484596851142442 ], [ -69.597959738686598, -35.484646691029241 ], [ -69.597975610665003, -35.484971152624155 ], [ -69.598021607745466, -35.484992749247056 ], [ -69.598056778753232, -35.484998234569446 ], [ -69.59802216058165, -35.485148075836776 ], [ -69.598018306724327, -35.485174613829372 ], [ -69.598011874796782, -35.485196954466289 ], [ -69.597888680363212, -35.485161952943599 ], [ -69.597845989322366, -35.485107062655914 ], [ -69.597449280712851, -35.485031737614065 ], [ -69.597415816460682, -35.485015170768065 ], [ -69.596959428284265, -35.484719807129693 ], [ -69.596946251300949, -35.484724447909173 ], [ -69.596597748404974, -35.485204493936635 ], [ -69.596567933193967, -35.485275389756907 ], [ -69.596455968458372, -35.485250167536321 ], [ -69.596441476194968, -35.485254956611129 ], [ -69.596061020345985, -35.485465431506441 ], [ -69.595553973795859, -35.485460080695248 ], [ -69.595369634439237, -35.485721617510478 ], [ -69.595422629172845, -35.486030955284093 ], [ -69.595458848878025, -35.486074806142426 ], [ -69.595567541346668, -35.486093576661688 ], [ -69.595694395545195, -35.48616855594139 ], [ -69.595718537628272, -35.486197911960062 ], [ -69.595756726010393, -35.486191111567791 ], [ -69.595761607978829, -35.486174308974284 ], [ -69.595849453175106, -35.486199455268547 ], [ -69.595894890658315, -35.486255742620585 ], [ -69.595890458793406, -35.486357034805508 ], [ -69.595832131215332, -35.486371283169092 ], [ -69.595773500446569, -35.486406663036746 ], [ -69.595741354668689, -35.486374422550568 ], [ -69.595161078807564, -35.486841438657677 ], [ -69.595161071114433, -35.486909383953275 ], [ -69.595161071114433, -35.486920638657296 ], [ -69.595238956505909, -35.486982344636203 ], [ -69.595485573916562, -35.487153183096552 ], [ -69.595470167709323, -35.487168691005195 ], [ -69.595494274205407, -35.487192773886761 ], [ -69.595061608047502, -35.487510110352218 ], [ -69.594862879291099, -35.487655685947459 ], [ -69.594600907169934, -35.487842345591105 ], [ -69.594600708734731, -35.487869069371698 ], [ -69.59460017364222, -35.487921539847207 ], [ -69.594707498024206, -35.488006511669141 ], [ -69.594831464999686, -35.488085160474668 ], [ -69.59461053941493, -35.4882883918998 ], [ -69.594375388435765, -35.488458602602805 ], [ -69.594358816204988, -35.488475031971632 ], [ -69.594162023940839, -35.488729580567679 ], [ -69.59414248768428, -35.488838284153928 ], [ -69.594177499075499, -35.488856146854573 ], [ -69.594177133940548, -35.488891816301418 ], [ -69.594250109392533, -35.488971940658189 ], [ -69.594210726165272, -35.489062145748505 ], [ -69.594161417561963, -35.489176358832651 ], [ -69.594127720556344, -35.489173857961134 ], [ -69.594126372547862, -35.489173993173154 ], [ -69.594039414702479, -35.489321516216535 ], [ -69.59402300234143, -35.489351874447777 ], [ -69.593909492260366, -35.489309277970847 ], [ -69.593830524564851, -35.489376313985986 ], [ -69.593176113437551, -35.490054703036776 ], [ -69.593166373419763, -35.490046906214559 ], [ -69.592973989841084, -35.490223068681757 ], [ -69.59297424866935, -35.490237017342906 ], [ -69.593042578974291, -35.490285400782227 ], [ -69.593052981110361, -35.490353655707679 ], [ -69.593224277191837, -35.490490362687979 ], [ -69.593239876615655, -35.490473093152389 ], [ -69.593261021268859, -35.490492130055827 ], [ -69.593582049073859, -35.490711310577296 ], [ -69.593330665657163, -35.490909961028478 ], [ -69.593309827177336, -35.490933091911302 ], [ -69.593281626622399, -35.490907602280743 ], [ -69.592881587277077, -35.491231211278887 ], [ -69.592960252797127, -35.491297407623051 ], [ -69.593041588988001, -35.491405400438794 ], [ -69.591955304221131, -35.492302989471057 ], [ -69.591950759722408, -35.492307673860637 ], [ -69.591945931135911, -35.492302989159555 ], [ -69.591798363709188, -35.492420839920783 ], [ -69.591798126681795, -35.492428672387575 ], [ -69.59180028964397, -35.492500003549083 ], [ -69.591944871834812, -35.49261282467495 ], [ -69.591959549404748, -35.492597544038802 ], [ -69.591975144671153, -35.492612536147988 ], [ -69.592199769533579, -35.492748671573452 ], [ -69.592201054229065, -35.492758796941132 ], [ -69.592240089343193, -35.49278799514002 ], [ -69.592161369119367, -35.492852335363182 ], [ -69.592006849194149, -35.49301693923303 ], [ -69.59199519497264, -35.492981201346595 ], [ -69.591967224762698, -35.493009663767737 ], [ -69.591938785197328, -35.492981738981769 ], [ -69.591927759637201, -35.493019740645536 ], [ -69.591406389531357, -35.493592765852668 ], [ -69.590920372977791, -35.494188300758481 ], [ -69.590846230624095, -35.494279219827035 ], [ -69.590782510986514, -35.494358918599403 ], [ -69.590776401579603, -35.494352183914259 ], [ -69.590749283466323, -35.494389928079727 ], [ -69.590738194728146, -35.494400881857246 ], [ -69.590661211200768, -35.494474030066442 ], [ -69.590260227205931, -35.495030294892388 ], [ -69.590259111767466, -35.49503946067216 ], [ -69.590234132277885, -35.495078678219215 ], [ -69.59024166804312, -35.495083488273451 ], [ -69.590159601094797, -35.495181355476234 ], [ -69.590149011638346, -35.495180090412703 ], [ -69.589798276901263, -35.495523665381086 ], [ -69.589587267609261, -35.495716380430792 ], [ -69.589493560176095, -35.495648492401131 ], [ -69.589303619311352, -35.49589101671171 ], [ -69.589278508062023, -35.495892925490239 ], [ -69.589259139026922, -35.495878626476724 ], [ -69.58923284962998, -35.49588077374051 ], [ -69.589234925270603, -35.495933555862848 ], [ -69.589091973524603, -35.496190656147348 ], [ -69.588535914073475, -35.496633161328646 ], [ -69.587951923412163, -35.497159370968348 ], [ -69.587071730243053, -35.497935922237843 ], [ -69.58672170722366, -35.49810742757586 ], [ -69.586202880847338, -35.498702461207586 ], [ -69.586122744667762, -35.499933066123504 ], [ -69.586138877262158, -35.500170527026796 ], [ -69.586125805368511, -35.500470349316629 ], [ -69.586162661055027, -35.500939771145624 ], [ -69.586166381062071, -35.500969645458042 ], [ -69.586181419719708, -35.501162448205946 ], [ -69.586197865309657, -35.501373308045402 ], [ -69.586707465193911, -35.502907763253461 ], [ -69.586697550476686, -35.502929339896355 ], [ -69.586693242354841, -35.502938710466765 ], [ -69.586664937187436, -35.502980270731427 ], [ -69.586662740291729, -35.502996937402429 ], [ -69.586660026212883, -35.503000957628956 ], [ -69.586703881372046, -35.503030503291598 ], [ -69.586464035582253, -35.503694270415622 ], [ -69.586323277999213, -35.503116033270942 ], [ -69.586317439860977, -35.503073784930848 ], [ -69.58630507132608, -35.502999913180531 ], [ -69.586285564168406, -35.502821019412977 ], [ -69.586266656677537, -35.502647629473074 ], [ -69.586171130605862, -35.501771599305641 ], [ -69.586135229797492, -35.501524823350508 ], [ -69.586108364490542, -35.501287727738202 ], [ -69.586082963058118, -35.501063545213583 ], [ -69.58601827277937, -35.500492622589377 ], [ -69.585943115644568, -35.500009121638527 ], [ -69.585903473389862, -35.499675798658302 ], [ -69.585830655844063, -35.499221491932929 ], [ -69.585782652300509, -35.498831812773119 ], [ -69.585721609417874, -35.498336291917838 ], [ -69.585500241522141, -35.49716002982592 ], [ -69.585457097584651, -35.49712355996013 ], [ -69.585379351407596, -35.497068142868329 ], [ -69.585354361552845, -35.497046782478719 ], [ -69.584212330791956, -35.496115913728261 ], [ -69.584209746497152, -35.496083735499724 ], [ -69.583284521042231, -35.495365223336364 ], [ -69.583102951104024, -35.495262164924782 ], [ -69.583099781708086, -35.495222675467062 ], [ -69.582834777101993, -35.495067196840523 ], [ -69.582830582593601, -35.495014990110292 ], [ -69.582462583444681, -35.494736301211958 ], [ -69.582405942737807, -35.494688948383441 ], [ -69.582356608864188, -35.494653700412243 ], [ -69.58283889913929, -35.493227172497939 ], [ -69.582488391666004, -35.492179055535132 ], [ -69.582472406753595, -35.492165646130161 ], [ -69.582382442360881, -35.491845596742564 ], [ -69.582669241264341, -35.490199039480387 ], [ -69.582700456410805, -35.490174852029043 ], [ -69.582892181676073, -35.489993467836825 ], [ -69.582671732688198, -35.488823626669557 ], [ -69.58252921767172, -35.488909967031589 ], [ -69.580787114600923, -35.489234825382994 ], [ -69.580790759034244, -35.489274928637599 ], [ -69.580792763714669, -35.489289795570983 ], [ -69.580750711252335, -35.489293658744373 ], [ -69.580127693389613, -35.489329916711881 ], [ -69.580213214486662, -35.489017586420744 ], [ -69.580208276711744, -35.488968810754557 ], [ -69.580058408697141, -35.488705069666196 ], [ -69.580099078999808, -35.488700992740746 ], [ -69.579998020365451, -35.487925153060758 ], [ -69.581546414794957, -35.487413952980035 ], [ -69.582631695530551, -35.485941762158689 ], [ -69.582731485860847, -35.485839239950451 ], [ -69.583625465244609, -35.483947327548663 ], [ -69.583827959846076, -35.483800941351376 ], [ -69.584188487652966, -35.48375472480194 ], [ -69.584985969073216, -35.483482463076427 ], [ -69.584974073489775, -35.48285543376619 ], [ -69.58497003614616, -35.482642628468966 ], [ -69.584967631536585, -35.482572236677186 ], [ -69.584930715248845, -35.481814082369169 ], [ -69.584901009533382, -35.481204012549426 ], [ -69.58262356920477, -35.480468565009232 ], [ -69.582200365805875, -35.480555217976246 ], [ -69.582131538607371, -35.480553506667093 ], [ -69.581228073247075, -35.480494809073946 ], [ -69.581158368961269, -35.480492875142431 ], [ -69.581023516771836, -35.48049614977117 ], [ -69.580953996898245, -35.480494206332594 ], [ -69.580893417252582, -35.480488037055864 ], [ -69.580809760464263, -35.480486182718323 ], [ -69.579687046235108, -35.480413967689856 ], [ -69.579616345641739, -35.48041200845131 ], [ -69.576968630486078, -35.482146068309589 ], [ -69.57696589583685, -35.482220848985264 ], [ -69.576941697934672, -35.482414195809099 ], [ -69.576938943362563, -35.482489298917415 ], [ -69.576742569619796, -35.482525285965721 ], [ -69.576710729073739, -35.483230212334888 ], [ -69.576707931274882, -35.483306280490694 ], [ -69.576707796944106, -35.483330073692571 ], [ -69.57670456756432, -35.4833303047036 ], [ -69.576667544224733, -35.483381402904286 ], [ -69.576641349572867, -35.483381378638001 ], [ -69.576009546888827, -35.483611425934782 ], [ -69.575991315299859, -35.483611326315895 ], [ -69.574762638141181, -35.481783063649857 ], [ -69.574687672590869, -35.48176766894386 ], [ -69.574652464351175, -35.481763388094237 ], [ -69.574577406911374, -35.481749169301338 ], [ -69.574469421277684, -35.481752633490373 ], [ -69.573475218950819, -35.481531857338439 ], [ -69.57252061294048, -35.482082704905906 ], [ -69.5718580030466, -35.48238832755942 ], [ -69.57121512962874, -35.482114102118658 ], [ -69.571267939798133, -35.481752724941316 ], [ -69.571267295022324, -35.481752801911284 ], [ -69.570478052070882, -35.480444940612131 ], [ -69.569467609736989, -35.479885228646197 ], [ -69.568252615327822, -35.47976542044006 ], [ -69.567963119305318, -35.479524130855168 ], [ -69.567864143166389, -35.479458928780389 ], [ -69.56784334921457, -35.479458193673565 ], [ -69.567664958918158, -35.479367116337926 ], [ -69.56750697407233, -35.479433903279869 ], [ -69.567268855806617, -35.479251219206674 ], [ -69.567244303550126, -35.479273957366047 ], [ -69.567211728160714, -35.479273049882408 ], [ -69.566316279449779, -35.478589085556337 ], [ -69.566281125738556, -35.478551013679862 ], [ -69.566283874388148, -35.478548454093357 ], [ -69.566749842514525, -35.478286860642186 ], [ -69.566926050573443, -35.478184756361429 ], [ -69.56730856289488, -35.477972210779569 ], [ -69.567592368079829, -35.477811531793407 ], [ -69.567725317304905, -35.477737569621695 ], [ -69.568146595213364, -35.477497528003482 ], [ -69.568181385319804, -35.477476607893323 ], [ -69.568122139445848, -35.477413287949901 ], [ -69.568153941153582, -35.477384048681699 ], [ -69.567799973475132, -35.477074503715244 ], [ -69.567750440083614, -35.47711370131907 ], [ -69.567623473760705, -35.477153439741585 ], [ -69.567375255949287, -35.476953685652575 ], [ -69.566984744073011, -35.476638228433046 ], [ -69.566608276081183, -35.476281554663331 ], [ -69.56660004466238, -35.476272870286095 ], [ -69.566506837194765, -35.476176121202172 ], [ -69.566482304371675, -35.476195669942115 ], [ -69.566349793621953, -35.476230487198222 ], [ -69.566346520190393, -35.476230429317127 ], [ -69.566382899370581, -35.476269030700053 ], [ -69.56634337023354, -35.476306290004061 ], [ -69.566346643665099, -35.476306347885213 ], [ -69.566340371764511, -35.476311467877281 ], [ -69.566339803694291, -35.476311644017642 ], [ -69.566338387876158, -35.476310517342085 ], [ -69.566300549883351, -35.476269643959711 ], [ -69.566300347469507, -35.476269638073575 ], [ -69.566299681861608, -35.476268925205204 ], [ -69.566299464549843, -35.476268937207976 ], [ -69.566297121506125, -35.476266713341033 ], [ -69.565797793218962, -35.475824277825325 ], [ -69.565800400241812, -35.475761558102306 ], [ -69.564511341869604, -35.474663686737586 ], [ -69.563660532155552, -35.473889048769593 ], [ -69.564398299768925, -35.473175382744444 ], [ -69.564415936573312, -35.473159080965672 ], [ -69.565026881822291, -35.472876933068733 ], [ -69.565193853539029, -35.472759554924608 ], [ -69.565411294938542, -35.472632455127098 ], [ -69.565411948980625, -35.472618564326922 ], [ -69.566477703659245, -35.471890050216018 ], [ -69.566545384334006, -35.471892413475302 ], [ -69.566731336829548, -35.471764756761388 ], [ -69.566716942005655, -35.471749145401361 ], [ -69.566412626568876, -35.47164917614549 ], [ -69.566344477125881, -35.471646796517859 ], [ -69.566335377004009, -35.471652992192958 ], [ -69.566321485523304, -35.471653135759254 ], [ -69.566311558996517, -35.471659894238542 ], [ -69.566124570748002, -35.47170746155183 ], [ -69.566080389195804, -35.47172691838648 ], [ -69.565153762754449, -35.472235000778198 ], [ -69.565057325423709, -35.472225724849011 ], [ -69.565042778095915, -35.472217628356816 ], [ -69.564722718408632, -35.472118567284156 ], [ -69.564871701127345, -35.471772035487561 ], [ -69.564846952376172, -35.471706828510946 ], [ -69.564637801875449, -35.471729488048368 ], [ -69.564573540357912, -35.471229974758558 ], [ -69.564689648564695, -35.470607512123593 ], [ -69.56420015348715, -35.470549518984683 ], [ -69.564183198794865, -35.470547699979477 ], [ -69.564134062982873, -35.470519534407117 ], [ -69.563433181995947, -35.470541952182657 ], [ -69.563435082573051, -35.470577027416937 ], [ -69.563378186198861, -35.470580134191835 ], [ -69.563347598956284, -35.470750535460354 ], [ -69.563255088486699, -35.470658505074368 ], [ -69.563252036734241, -35.470660600861265 ], [ -69.563193501488854, -35.470772423392873 ], [ -69.563188673037814, -35.470775801655236 ], [ -69.563171017282457, -35.470596026878752 ], [ -69.563218141727077, -35.470459269756134 ], [ -69.563226016081956, -35.470407191609809 ], [ -69.563647135076565, -35.469661063517094 ], [ -69.564346350092478, -35.468351615866879 ], [ -69.564349348015355, -35.468344402920081 ], [ -69.564353981494094, -35.46834633469166 ], [ -69.564439116105461, -35.468175211118819 ], [ -69.564557505515211, -35.468090968826914 ], [ -69.564559366177605, -35.468084494698132 ], [ -69.564433436888464, -35.468081836721694 ], [ -69.564433765005731, -35.468079183166651 ], [ -69.563835344095821, -35.467192568620419 ], [ -69.567387854803428, -35.459929456524321 ], [ -69.567420213549383, -35.459845741217009 ], [ -69.567417549794584, -35.459766925116867 ], [ -69.558548555007292, -35.455424756508535 ], [ -69.556206291149294, -35.452549394514165 ], [ -69.558251284532275, -35.450838262544551 ], [ -69.561096077695026, -35.446803464848358 ], [ -69.559284108045858, -35.444573129792218 ], [ -69.556479155633724, -35.44239802274484 ], [ -69.556449619314549, -35.442397268987804 ], [ -69.556007349180732, -35.441971283959845 ], [ -69.555974911322096, -35.441969919562894 ], [ -69.552995256771453, -35.439157608097503 ], [ -69.552548414206456, -35.439522805330398 ], [ -69.548645168033261, -35.434476655482797 ], [ -69.548979342977475, -35.434276991723323 ], [ -69.549378847490175, -35.429303352983197 ], [ -69.549629425238322, -35.428176448825752 ], [ -69.549255197995876, -35.426603059837134 ], [ -69.548845510598369, -35.425752063230618 ], [ -69.548845542214394, -35.425748647620594 ], [ -69.548635439679572, -35.425299926686591 ], [ -69.548561678292174, -35.425318698336753 ], [ -69.548205846094675, -35.424410157251828 ], [ -69.548134204400412, -35.424428575276295 ], [ -69.547327732628219, -35.4234205091783 ], [ -69.544333564153362, -35.41813179420717 ], [ -69.53998277168688, -35.401505352093409 ], [ -69.539968886708721, -35.401495911537779 ], [ -69.533465413542444, -35.383524323260872 ], [ -69.526899867274892, -35.36415497022233 ], [ -69.502846585621171, -35.295295107303502 ], [ -69.498401044218781, -35.282331263889375 ], [ -69.494183281764208, -35.272608660323499 ], [ -69.493178294885126, -35.271745354727159 ], [ -69.491129366638972, -35.266969514573645 ], [ -69.452906288747897, -35.251589377497112 ], [ -69.4524285981459, -35.251965187686949 ], [ -69.45236467763317, -35.25195954340785 ], [ -69.41275656138032, -35.242670653774837 ], [ -69.396405631929838, -35.236425463189789 ], [ -69.382097546032412, -35.232523845248238 ], [ -69.381420573239552, -35.232563490468351 ], [ -69.352338682934487, -35.225012659686797 ], [ -69.348075659694189, -35.223890111180026 ], [ -69.342837835450098, -35.22278791361822 ], [ -69.334971882889135, -35.225960680292133 ], [ -69.309115691115039, -35.237063074938078 ], [ -69.255443816723812, -35.229986932392535 ], [ -69.242996443560344, -35.214815991849377 ], [ -69.204668863256586, -35.236726176498337 ], [ -69.204636452625891, -35.236726003130002 ], [ -69.208898116309967, -35.255353243171271 ], [ -69.210562933211008, -35.25841883574094 ], [ -69.20256633835362, -35.258412513028816 ], [ -69.200721016570128, -35.257720980126294 ], [ -69.200697481458178, -35.257686623059328 ], [ -69.200669579652413, -35.257681846842672 ], [ -69.20065864344889, -35.256301877554677 ], [ -69.200658681947289, -35.256251721287185 ], [ -69.20066183137402, -35.256101682996302 ], [ -69.196900837935232, -35.254862050281531 ], [ -69.196900875880772, -35.25481261415905 ], [ -69.19684808189885, -35.254199996064131 ], [ -69.196819688937296, -35.254190142758318 ], [ -69.190796004274148, -35.236413864276244 ], [ -69.178755848016181, -35.232880296481767 ], [ -69.170909187795758, -35.23148853260534 ], [ -69.16436845835176, -35.217864383954236 ], [ -69.150533898116919, -35.215486793946411 ], [ -69.117528411339777, -35.211887726296993 ], [ -69.110711540103807, -35.208589090041301 ], [ -69.110672238881705, -35.208589875039422 ], [ -69.102846229970737, -35.207586538490375 ], [ -69.096386292395948, -35.208386720699423 ], [ -69.096352299887485, -35.208380003385344 ], [ -69.082397672965385, -35.203867201876506 ], [ -69.081789486970308, -35.203673582440445 ], [ -69.081188241519897, -35.203482172565941 ], [ -69.08035159599001, -35.203215820676292 ], [ -69.079528206519626, -35.202953688944945 ], [ -69.077919955215407, -35.202441691021534 ], [ -69.076273061222366, -35.201917390841913 ], [ -69.0746787555683, -35.201409834802575 ], [ -69.071638147132887, -35.200441838052882 ], [ -69.067384945261551, -35.200192500361482 ], [ -69.062288429802493, -35.198842653698591 ], [ -69.012020374388385, -35.177388987522249 ], [ -69.00833386091665, -35.175303401452709 ], [ -69.003092779095482, -35.17318752374598 ], [ -68.979898630727064, -35.163679899525619 ], [ -68.970613469471573, -35.162315733737103 ], [ -68.931645409137161, -35.157249887159082 ], [ -68.857660982055393, -35.234029581321408 ], [ -68.772069103534704, -35.360963205483415 ], [ -68.772163044811975, -35.360986966559892 ], [ -68.818864544810026, -35.395581597241005 ], [ -68.699583428214567, -35.471847181026249 ], [ -68.699565636064392, -35.471860718695098 ], [ -68.699552261775352, -35.471839391415131 ], [ -68.631284429914217, -35.389679374233424 ], [ -68.60564958861022, -35.342191713720581 ], [ -68.605662134379429, -35.342182044794356 ], [ -68.569990797619823, -35.300693503510104 ], [ -68.566275371646896, -35.287021715387596 ], [ -68.566259373536582, -35.287013825053521 ], [ -68.556163425095519, -35.290086695245066 ], [ -68.556100674055529, -35.290077717655265 ], [ -68.552352306287332, -35.281689888276844 ], [ -68.55233757423548, -35.281683230952183 ], [ -68.549348209078005, -35.27978028530481 ], [ -68.507646845516717, -35.251103468917961 ], [ -68.477331502264292, -35.19650067497912 ], [ -68.477294314355731, -35.196502574482054 ], [ -68.466320617967767, -35.203155394521389 ], [ -68.395817850766207, -35.285162844991873 ], [ -68.343762952165605, -35.330638159389537 ], [ -68.343686664707491, -35.3306269761664 ], [ -68.343686516393063, -35.330627523119176 ], [ -68.342841495180153, -35.33093870291026 ], [ -68.339728226223713, -35.331467095722473 ], [ -68.28671777962137, -35.34523212686554 ], [ -68.233507665159664, -35.363104138213714 ], [ -68.230784016064263, -35.363964735019181 ], [ -68.206432242316282, -35.374146537707702 ], [ -68.195476504846681, -35.376473795663458 ], [ -68.195478637456063, -35.376491776975399 ], [ -68.187776330031056, -35.378611656092858 ], [ -68.185884966991694, -35.379059579875388 ], [ -68.185266546838477, -35.379221353018977 ], [ -68.185150812536449, -35.379217251541149 ], [ -68.185096580766242, -35.379177147519385 ], [ -68.184811173090168, -35.379202086004511 ], [ -68.182535019810985, -35.378378443760766 ], [ -68.182482140290404, -35.378323195757503 ], [ -68.172534736852811, -35.375390579987027 ], [ -68.155219754461029, -35.375516007139879 ], [ -68.157768926021447, -35.362021621758117 ], [ -68.13979867415685, -35.242406984150989 ], [ -68.13974406372688, -35.242365815261905 ], [ -68.140173168990202, -35.234827719207601 ], [ -67.98425617181033, -35.184392522071505 ], [ -67.883699097637134, -35.240290027537071 ], [ -67.89555741111451, -35.274328895818769 ], [ -67.803137079050884, -35.265767334542659 ], [ -67.802582170783808, -35.26582502475128 ], [ -67.802535654403016, -35.265802883767549 ], [ -67.755096473511344, -35.273434415032909 ], [ -67.69869733174005, -35.37116022091999 ], [ -67.704486100897498, -35.377353136504155 ], [ -67.735836478932015, -35.417032038247442 ], [ -67.735660742713094, -35.417085546207204 ], [ -67.734383644397269, -35.417444282458121 ], [ -67.732979217273055, -35.417829169145193 ], [ -67.73179879225944, -35.418158181884451 ], [ -67.692056186659102, -35.432213276073526 ], [ -67.670680977934182, -35.433036374516576 ], [ -67.581240648396317, -35.483426005736021 ], [ -67.542957882973326, -35.504838955978926 ], [ -67.542929238881527, -35.504875587371316 ], [ -67.541458881638334, -35.505455487448273 ], [ -67.541427010507846, -35.505491357021185 ], [ -67.541353381646843, -35.505521656815858 ], [ -67.527781399918354, -35.511050698004908 ], [ -67.527852140413131, -35.510371005693059 ], [ -67.527479810095087, -35.510600081764778 ], [ -67.527442804230418, -35.510571632938365 ], [ -67.526453293226439, -35.511214666797514 ], [ -67.526415370915288, -35.511196144797566 ], [ -67.508236578183698, -35.519520390554987 ], [ -67.509571329025562, -35.473294796906544 ], [ -67.509588596113019, -35.473275191328582 ], [ -67.509573490999685, -35.473239979898381 ], [ -67.509590802013122, -35.473220497104876 ], [ -67.509612862349798, -35.472137580483945 ], [ -67.500304178593979, -35.384480987682934 ], [ -67.499429352639197, -35.376243060119748 ], [ -67.499427102798506, -35.376242654201576 ], [ -67.499119928446589, -35.37328070563467 ], [ -67.499294943531083, -35.371297688469326 ], [ -67.46378319837396, -35.259541973776152 ], [ -67.460020932709199, -35.257443756275336 ], [ -67.470715804861072, -35.251583108953469 ], [ -67.511210005269675, -35.229392827124457 ], [ -67.493799093427356, -35.204227348419295 ], [ -67.482431060488466, -35.190832823519372 ], [ -67.470820551846316, -35.1916872494877 ], [ -67.424538696078002, -35.104984183459237 ], [ -67.38016651778014, -35.070926065297101 ], [ -67.305532408249348, -35.084248055706553 ], [ -67.267972005686204, -35.102518184930034 ], [ -67.259290252144524, -35.106427489489647 ], [ -67.223204775882436, -35.094850979366868 ], [ -67.164177549279771, -35.100123256674863 ], [ -67.156682071298803, -35.105944207637151 ], [ -67.14271687534432, -35.116766450396426 ], [ -67.129386889326099, -35.124523797511529 ], [ -67.114241489364019, -35.082341956724463 ], [ -67.040165700715022, -35.081289223310932 ], [ -67.039143136891994, -35.081542258522916 ], [ -67.039139833368779, -35.081542280078565 ], [ -67.039093322660847, -35.081554548598376 ], [ -67.039090005967637, -35.081554570225876 ], [ -67.003865994678733, -35.076316922071214 ], [ -67.003367639271573, -35.076181910027458 ], [ -67.003361461026259, -35.076181911175354 ], [ -66.983193426689922, -35.076395316411322 ], [ -66.980980689997466, -35.075819125795022 ], [ -66.974167106953757, -35.076514833205636 ], [ -66.974093004158988, -35.076532146550278 ], [ -66.962851639228518, -35.077674106444704 ], [ -66.962776017706403, -35.077691773660263 ], [ -66.95589534167425, -35.078925749169571 ], [ -66.951624621132623, -35.078829062718285 ], [ -66.953829874442704, -35.077670644508657 ], [ -66.961565446113582, -35.072505592308119 ], [ -66.970773011029223, -35.066087695236661 ], [ -66.975322743607478, -35.062244331812337 ], [ -66.989431083064005, -35.05234310593022 ], [ -66.989494491223809, -35.052328290117373 ], [ -67.01463995729091, -35.027822961323238 ], [ -67.042066321754987, -35.005574436770132 ], [ -67.073257069567433, -34.996769073683993 ], [ -67.093957371520958, -34.96549897928162 ], [ -67.109995075512813, -34.949490470498233 ], [ -67.137996180890923, -34.926371959416315 ], [ -67.2941956534101, -34.825888694934918 ], [ -67.294195710118515, -34.825884278271644 ], [ -67.294196385204089, -34.825809499123409 ], [ -67.164484782310581, -34.757568353441059 ], [ -67.079748974067797, -34.699372953385534 ], [ -67.078354331834987, -34.698898430946429 ], [ -67.126029760097197, -34.653223257006118 ], [ -67.126029599357707, -34.653172966732654 ], [ -67.158687638461629, -34.621976210678554 ], [ -67.228505889871883, -34.57680184591942 ], [ -67.262715914678097, -34.556168917349396 ], [ -67.10196371077086, -34.468230898873003 ], [ -67.101937583694962, -34.468203654156639 ], [ -67.10191267571679, -34.468192879121887 ], [ -67.101583608236695, -34.467891813224014 ], [ -67.101558683165365, -34.46788098742843 ], [ -67.09775357554571, -34.446299564047365 ], [ -67.034582066764472, -34.392812305620112 ], [ -67.000774701619321, -34.326195705552436 ], [ -66.908637643856991, -34.282347622542602 ], [ -66.908617830989272, -34.282316870273121 ], [ -66.719070179998539, -34.139718766337921 ], [ -66.712153153196539, -34.134319817185258 ], [ -66.708964816679668, -34.131854464940545 ], [ -66.70760638459268, -34.130232153769953 ], [ -66.707566428411951, -34.130195141928539 ], [ -66.688230679894673, -34.076843843490735 ], [ -66.68523447244695, -33.982937681078454 ], [ -66.709751591527379, -34.034280977774074 ], [ -66.711574202899669, -34.033409218624627 ], [ -66.712338086288298, -34.034398741079428 ], [ -66.712402143635643, -34.034407668834206 ], [ -66.713012244460799, -34.033859548937471 ], [ -66.713075943271917, -34.033869625875752 ], [ -66.71364126324977, -34.033373239870571 ], [ -66.717862790589891, -34.031857089974551 ], [ -66.717925835480173, -34.0318661932954 ], [ -66.718057320903085, -34.031491214298228 ], [ -66.71811949239418, -34.031504555144579 ], [ -66.719617667630814, -34.028954348836805 ], [ -66.719677928890349, -34.028971089381457 ], [ -66.740511921874486, -34.046059663621293 ], [ -66.994031066934781, -34.062497802028474 ], [ -67.016819713001894, -34.062790459328028 ], [ -67.025382833842912, -34.107235043076514 ], [ -67.025440547206074, -34.107258631645038 ], [ -67.165442738862566, -34.043339146579683 ], [ -67.29538640709535, -34.049726301709825 ], [ -67.439318962280879, -34.122264186741461 ], [ -67.440139647365413, -34.122443797239157 ], [ -67.801757302356009, -34.033296398621133 ], [ -67.820148079205069, -33.99595490595658 ], [ -67.874975828025413, -33.93363801481928 ], [ -67.874973963380512, -33.933580457973846 ], [ -67.873714827245067, -33.929803338677743 ], [ -67.873729093854536, -33.929798121757358 ], [ -67.873753394861637, -33.929782449302024 ], [ -67.903321731668484, -33.886870002412877 ], [ -67.90938726331882, -33.880740255039086 ], [ -67.921192447001317, -33.867860938321883 ], [ -67.927281225822298, -33.860455771812724 ], [ -67.927285952628267, -33.86044023985869 ], [ -67.927315574960119, -33.860407367510732 ], [ -67.931286186515933, -33.855394755620182 ], [ -67.927845077122072, -33.852711467437871 ], [ -67.946623415690624, -33.831175189262524 ] ], [ [ -68.574995487945614, -33.503016285983165 ], [ -68.578606339887529, -33.50953715045307 ], [ -68.587749283253743, -33.50894532741961 ], [ -68.588443954039974, -33.509754924293077 ], [ -68.58704203646505, -33.519358008126005 ], [ -68.581917411326231, -33.523778038320643 ], [ -68.617838435972772, -33.539574485864023 ], [ -68.619169979371122, -33.536685726987912 ], [ -68.632540662229189, -33.559084743497749 ], [ -68.65607536840605, -33.557963370115488 ], [ -68.65322359438386, -33.578721259874953 ], [ -68.653546287296535, -33.582981498314666 ], [ -68.63436702306376, -33.583933874266904 ], [ -68.615991167771426, -33.595489224758182 ], [ -68.696646374846921, -33.645903890887439 ], [ -68.642727523821577, -33.769381143938062 ], [ -68.48624000712465, -33.831433827013711 ], [ -68.421723664573108, -33.750067711068027 ], [ -68.387626406730703, -33.592902493896418 ], [ -68.253155376268239, -33.504755636611037 ], [ -68.277998751589791, -33.414714109965018 ], [ -68.286754171045345, -33.406414925303238 ], [ -68.355966100070418, -33.424646921424937 ], [ -68.372185227331727, -33.355193363375349 ], [ -68.382224342203756, -33.338053773154854 ], [ -68.376255661480172, -33.339594819450838 ], [ -68.380297852298554, -33.332734820868666 ], [ -68.377312308468277, -33.320620874207236 ], [ -68.388416613061793, -33.322865699237468 ], [ -68.411284491503864, -33.319932622939632 ], [ -68.411664037095704, -33.319944308356526 ], [ -68.414666009866153, -33.3188222210253 ], [ -68.416502116831566, -33.323664947603788 ], [ -68.51046342747378, -33.415110808728457 ], [ -68.562542921127999, -33.440315704548084 ], [ -68.574267064495018, -33.45925995361381 ], [ -68.58023773248749, -33.474184827027955 ], [ -68.576409233721279, -33.481070580744472 ], [ -68.576400358679166, -33.481115448416006 ], [ -68.575273442356774, -33.485840131361442 ], [ -68.567132958747152, -33.495174441236543 ], [ -68.574304362616488, -33.495457479100423 ], [ -68.574995487945614, -33.503016285983165 ] ] ] ] } },
{ "type": "Feature", "properties": { "ObjectID": 106, "FacilityID": 28, "Name": "AFA : 60 - 120", "FromBreak": 60.0, "ToBreak": 120.0 }, "geometry": { "type": "MultiPolygon", "coordinates": [ [ [ [ -68.922945235979284, -33.361190795066136 ], [ -68.922776262305717, -33.362751144287927 ], [ -68.922657821127189, -33.364343999265202 ], [ -68.92168086253929, -33.367295389025003 ], [ -68.921339414567626, -33.368952363630228 ], [ -68.921142447400314, -33.370253356389185 ], [ -68.921081471736159, -33.370733935945964 ], [ -68.924585670309341, -33.371473935842857 ], [ -68.924804187258303, -33.372055227681358 ], [ -68.925546277457101, -33.374557403721667 ], [ -68.926210462718586, -33.376796860869376 ], [ -68.92042520336247, -33.381675782442983 ], [ -68.920455163266922, -33.38235591924979 ], [ -68.92049494488765, -33.382637425277949 ], [ -68.920509847405185, -33.383078625600092 ], [ -68.92059946180342, -33.406584425006827 ], [ -68.920603484310618, -33.4066678475549 ], [ -68.920609518771528, -33.406757339265653 ], [ -68.920643922354657, -33.40712517233834 ], [ -68.92147712729593, -33.416033699255138 ], [ -68.922361405236245, -33.421889459747547 ], [ -68.922437668177281, -33.422296999424475 ], [ -68.925243165710924, -33.429037170357958 ], [ -68.926604887620499, -33.431448011278007 ], [ -68.926893320549027, -33.439662386003249 ], [ -68.928153715263875, -33.45137013732375 ], [ -68.929215059181331, -33.465021918856905 ], [ -68.925275761337332, -33.502146179591421 ], [ -68.925249532202599, -33.51474039375978 ], [ -68.928209691773247, -33.519271319782774 ], [ -68.916709554996316, -33.546674992781391 ], [ -68.90163668583142, -33.603038677900656 ], [ -68.910641635847696, -33.643172820931625 ], [ -68.916193299985139, -33.661652397495743 ], [ -68.881063413465654, -33.754302217294025 ], [ -68.87857949980696, -33.769059665393115 ], [ -68.86942175083999, -33.778666514631311 ], [ -68.865259317765435, -33.806298161713016 ], [ -68.823241425757828, -33.906110104751747 ], [ -68.815931120393032, -33.956604750618851 ], [ -68.708647159299232, -34.014660438250871 ], [ -68.650447214030976, -34.006388172761888 ], [ -68.650431038290151, -34.006381013274392 ], [ -68.646475500866472, -34.007207535326359 ], [ -68.427338867669391, -34.082144349412545 ], [ -68.468062017122065, -34.182836282646463 ], [ -68.477553157685861, -34.208265418314511 ], [ -68.462321054196934, -34.237462610883313 ], [ -68.462314103297331, -34.23747153039227 ], [ -68.462283405785797, -34.237514772183999 ], [ -68.452049100261775, -34.245601938524089 ], [ -68.44318888813973, -34.25318080457356 ], [ -68.44092112736314, -34.253415560150131 ], [ -68.428030757672559, -34.257633340227017 ], [ -68.204812099067397, -34.232945153326568 ], [ -68.190045189135731, -34.236289417004002 ], [ -68.176260363935853, -34.24177356544925 ], [ -68.176246660488289, -34.241772540085719 ], [ -68.175011568669902, -34.24259283787427 ], [ -68.012969391608863, -34.187954529533954 ], [ -68.096809347441081, -34.128626922113313 ], [ -68.105460610535772, -34.121400873362745 ], [ -68.100261807252991, -34.115956047964119 ], [ -68.101593679033158, -34.114186964750502 ], [ -68.101593587316643, -34.114124093018575 ], [ -68.097124050477078, -34.109317559599219 ], [ -68.097123944970633, -34.109251314300991 ], [ -68.097123885550047, -34.109238359819528 ], [ -68.117683023709503, -34.084708995198241 ], [ -68.141133207135624, -34.040905483804465 ], [ -68.143043068674331, -34.039240479222713 ], [ -68.143110703461957, -34.0392402372633 ], [ -68.156530042958934, -34.028015511105764 ], [ -68.156513158773066, -34.027998734254368 ], [ -68.152230433018644, -34.018506284884381 ], [ -68.152228165992426, -34.01849796256829 ], [ -68.142101652200324, -34.017976658159569 ], [ -68.132857620545678, -34.009199205346988 ], [ -68.131265971706398, -34.007945499947425 ], [ -68.131251829646317, -34.007960458649507 ], [ -68.115107787265629, -33.994330951122663 ], [ -68.115105872222273, -33.994296907375315 ], [ -68.114114478922318, -33.993497128184401 ], [ -68.114420916212964, -33.993197909306559 ], [ -68.114436192209666, -33.993181741152284 ], [ -68.107520711562017, -33.987716589152171 ], [ -68.09806347816675, -33.966308571559637 ], [ -68.079362709612496, -33.96626080965143 ], [ -68.065309287798527, -33.957448857455233 ], [ -68.040399936889742, -33.913169380813486 ], [ -68.040406060686792, -33.913055390525074 ], [ -68.04041742849347, -33.913016377979886 ], [ -68.040064260090048, -33.89659463394969 ], [ -68.0400749765505, -33.896551937893378 ], [ -68.076670657063005, -33.909627238610142 ], [ -68.066151427053569, -33.855143910655386 ], [ -68.06618375225662, -33.855143024009521 ], [ -68.066448940910391, -33.836011579904323 ], [ -68.066463349375397, -33.835957608170304 ], [ -68.066425532591836, -33.835909171273329 ], [ -68.06643969092579, -33.835855111860326 ], [ -68.040105664043551, -33.723006365392337 ], [ -67.946618403444177, -33.831103642432424 ], [ -67.946670909497641, -33.831102574874137 ], [ -67.946623415690624, -33.831175189262524 ], [ -67.927845077122072, -33.852711467437871 ], [ -67.931286186515933, -33.855394755620182 ], [ -67.927315574960119, -33.860407367510732 ], [ -67.927285952628267, -33.86044023985869 ], [ -67.927281225822298, -33.860455771812724 ], [ -67.921192447001317, -33.867860938321883 ], [ -67.90938726331882, -33.880740255039086 ], [ -67.903321731668484, -33.886870002412877 ], [ -67.873753394861637, -33.929782449302024 ], [ -67.873729093854536, -33.929798121757358 ], [ -67.873714827245067, -33.929803338677743 ], [ -67.874973963380512, -33.933580457973846 ], [ -67.874975828025413, -33.93363801481928 ], [ -67.820148079205069, -33.99595490595658 ], [ -67.801757302356009, -34.033296398621133 ], [ -67.440139647365413, -34.122443797239157 ], [ -67.439318962280879, -34.122264186741461 ], [ -67.29538640709535, -34.049726301709825 ], [ -67.165442738862566, -34.043339146579683 ], [ -67.025440547206074, -34.107258631645038 ], [ -67.025382833842912, -34.107235043076514 ], [ -67.016819713001894, -34.062790459328028 ], [ -66.994031066934781, -34.062497802028474 ], [ -66.740511921874486, -34.046059663621293 ], [ -66.719677928890349, -34.028971089381457 ], [ -66.719617667630814, -34.028954348836805 ], [ -66.71811949239418, -34.031504555144579 ], [ -66.718057320903085, -34.031491214298228 ], [ -66.717925835480173, -34.0318661932954 ], [ -66.717862790589891, -34.031857089974551 ], [ -66.71364126324977, -34.033373239870571 ], [ -66.713075943271917, -34.033869625875752 ], [ -66.713012244460799, -34.033859548937471 ], [ -66.712402143635643, -34.034407668834206 ], [ -66.712338086288298, -34.034398741079428 ], [ -66.711574202899669, -34.033409218624627 ], [ -66.709751591527379, -34.034280977774074 ], [ -66.68523447244695, -33.982937681078454 ], [ -66.688230679894673, -34.076843843490735 ], [ -66.707566428411951, -34.130195141928539 ], [ -66.70760638459268, -34.130232153769953 ], [ -66.708964816679668, -34.131854464940545 ], [ -66.712153153196539, -34.134319817185258 ], [ -66.719070179998539, -34.139718766337921 ], [ -66.908617830989272, -34.282316870273121 ], [ -66.908637643856991, -34.282347622542602 ], [ -67.000774701619321, -34.326195705552436 ], [ -67.034582066764472, -34.392812305620112 ], [ -67.09775357554571, -34.446299564047365 ], [ -67.101558683165365, -34.46788098742843 ], [ -67.101583608236695, -34.467891813224014 ], [ -67.10191267571679, -34.468192879121887 ], [ -67.101937583694962, -34.468203654156639 ], [ -67.10196371077086, -34.468230898873003 ], [ -67.262715914678097, -34.556168917349396 ], [ -67.228505889871883, -34.57680184591942 ], [ -67.158687638461629, -34.621976210678554 ], [ -67.126029599357707, -34.653172966732654 ], [ -67.126029760097197, -34.653223257006118 ], [ -67.078354331834987, -34.698898430946429 ], [ -67.079748974067797, -34.699372953385534 ], [ -67.164484782310581, -34.757568353441059 ], [ -67.294196385204089, -34.825809499123409 ], [ -67.294195710118515, -34.825884278271644 ], [ -67.2941956534101, -34.825888694934918 ], [ -67.137996180890923, -34.926371959416315 ], [ -67.109995075512813, -34.949490470498233 ], [ -67.093957371520958, -34.96549897928162 ], [ -67.073257069567433, -34.996769073683993 ], [ -67.042066321754987, -35.005574436770132 ], [ -67.01463995729091, -35.027822961323238 ], [ -66.989494491223809, -35.052328290117373 ], [ -66.989431083064005, -35.05234310593022 ], [ -66.975322743607478, -35.062244331812337 ], [ -66.970773011029223, -35.066087695236661 ], [ -66.961565446113582, -35.072505592308119 ], [ -66.953829874442704, -35.077670644508657 ], [ -66.951624621132623, -35.078829062718285 ], [ -66.95589534167425, -35.078925749169571 ], [ -66.962776017706403, -35.077691773660263 ], [ -66.962851639228518, -35.077674106444704 ], [ -66.974093004158988, -35.076532146550278 ], [ -66.974167106953757, -35.076514833205636 ], [ -66.980980689997466, -35.075819125795022 ], [ -66.983193426689922, -35.076395316411322 ], [ -67.003361461026259, -35.076181911175354 ], [ -67.003367639271573, -35.076181910027458 ], [ -67.003865994678733, -35.076316922071214 ], [ -67.039090005967637, -35.081554570225876 ], [ -67.039093322660847, -35.081554548598376 ], [ -67.039139833368779, -35.081542280078565 ], [ -67.039143136891994, -35.081542258522916 ], [ -67.040165700715022, -35.081289223310932 ], [ -67.114241489364019, -35.082341956724463 ], [ -67.129386889326099, -35.124523797511529 ], [ -67.14271687534432, -35.116766450396426 ], [ -67.156682071298803, -35.105944207637151 ], [ -67.164177549279771, -35.100123256674863 ], [ -67.223204775882436, -35.094850979366868 ], [ -67.259290252144524, -35.106427489489647 ], [ -67.267972005686204, -35.102518184930034 ], [ -67.305532408249348, -35.084248055706553 ], [ -67.38016651778014, -35.070926065297101 ], [ -67.424538696078002, -35.104984183459237 ], [ -67.470820551846316, -35.1916872494877 ], [ -67.482431060488466, -35.190832823519372 ], [ -67.493799093427356, -35.204227348419295 ], [ -67.511210005269675, -35.229392827124457 ], [ -67.470715804861072, -35.251583108953469 ], [ -67.460020932709199, -35.257443756275336 ], [ -67.46378319837396, -35.259541973776152 ], [ -67.499294943531083, -35.371297688469326 ], [ -67.499119928446589, -35.37328070563467 ], [ -67.499427102798506, -35.376242654201576 ], [ -67.499429352639197, -35.376243060119748 ], [ -67.500304178593979, -35.384480987682934 ], [ -67.509612862349798, -35.472137580483945 ], [ -67.509590802013122, -35.473220497104876 ], [ -67.509573490999685, -35.473239979898381 ], [ -67.509588596113019, -35.473275191328582 ], [ -67.509571329025562, -35.473294796906544 ], [ -67.508236578183698, -35.519520390554987 ], [ -67.526415370915288, -35.511196144797566 ], [ -67.526453293226439, -35.511214666797514 ], [ -67.527442804230418, -35.510571632938365 ], [ -67.527479810095087, -35.510600081764778 ], [ -67.527852140413131, -35.510371005693059 ], [ -67.527781399918354, -35.511050698004908 ], [ -67.541353381646843, -35.505521656815858 ], [ -67.541427010507846, -35.505491357021185 ], [ -67.541458881638334, -35.505455487448273 ], [ -67.542929238881527, -35.504875587371316 ], [ -67.542957882973326, -35.504838955978926 ], [ -67.581240648396317, -35.483426005736021 ], [ -67.670680977934182, -35.433036374516576 ], [ -67.692056186659102, -35.432213276073526 ], [ -67.73179879225944, -35.418158181884451 ], [ -67.732979217273055, -35.417829169145193 ], [ -67.734383644397269, -35.417444282458121 ], [ -67.735660742713094, -35.417085546207204 ], [ -67.735836478932015, -35.417032038247442 ], [ -67.704486100897498, -35.377353136504155 ], [ -67.69869733174005, -35.37116022091999 ], [ -67.755096473511344, -35.273434415032909 ], [ -67.802535654403016, -35.265802883767549 ], [ -67.802582170783808, -35.26582502475128 ], [ -67.803137079050884, -35.265767334542659 ], [ -67.89555741111451, -35.274328895818769 ], [ -67.883699097637134, -35.240290027537071 ], [ -67.98425617181033, -35.184392522071505 ], [ -68.140173168990202, -35.234827719207601 ], [ -68.13974406372688, -35.242365815261905 ], [ -68.13979867415685, -35.242406984150989 ], [ -68.157768926021447, -35.362021621758117 ], [ -68.155219754461029, -35.375516007139879 ], [ -68.172534736852811, -35.375390579987027 ], [ -68.182482140290404, -35.378323195757503 ], [ -68.182535019810985, -35.378378443760766 ], [ -68.184811173090168, -35.379202086004511 ], [ -68.185096580766242, -35.379177147519385 ], [ -68.185150812536449, -35.379217251541149 ], [ -68.185266546838477, -35.379221353018977 ], [ -68.185884966991694, -35.379059579875388 ], [ -68.187776330031056, -35.378611656092858 ], [ -68.195478637456063, -35.376491776975399 ], [ -68.195476504846681, -35.376473795663458 ], [ -68.206432242316282, -35.374146537707702 ], [ -68.230784016064263, -35.363964735019181 ], [ -68.233507665159664, -35.363104138213714 ], [ -68.28671777962137, -35.34523212686554 ], [ -68.339728226223713, -35.331467095722473 ], [ -68.342841495180153, -35.33093870291026 ], [ -68.343686516393063, -35.330627523119176 ], [ -68.343686664707491, -35.3306269761664 ], [ -68.343762952165605, -35.330638159389537 ], [ -68.395817850766207, -35.285162844991873 ], [ -68.466320617967767, -35.203155394521389 ], [ -68.477294314355731, -35.196502574482054 ], [ -68.477331502264292, -35.19650067497912 ], [ -68.507646845516717, -35.251103468917961 ], [ -68.549348209078005, -35.27978028530481 ], [ -68.55233757423548, -35.281683230952183 ], [ -68.552352306287332, -35.281689888276844 ], [ -68.556100674055529, -35.290077717655265 ], [ -68.556163425095519, -35.290086695245066 ], [ -68.566259373536582, -35.287013825053521 ], [ -68.566275371646896, -35.287021715387596 ], [ -68.569990797619823, -35.300693503510104 ], [ -68.605662134379429, -35.342182044794356 ], [ -68.60564958861022, -35.342191713720581 ], [ -68.631284429914217, -35.389679374233424 ], [ -68.699552261775352, -35.471839391415131 ], [ -68.699565636064392, -35.471860718695098 ], [ -68.699583428214567, -35.471847181026249 ], [ -68.818864544810026, -35.395581597241005 ], [ -68.772163044811975, -35.360986966559892 ], [ -68.772069103534704, -35.360963205483415 ], [ -68.857660982055393, -35.234029581321408 ], [ -68.931645409137161, -35.157249887159082 ], [ -68.970613469471573, -35.162315733737103 ], [ -68.979898630727064, -35.163679899525619 ], [ -69.003092779095482, -35.17318752374598 ], [ -69.00833386091665, -35.175303401452709 ], [ -69.012020374388385, -35.177388987522249 ], [ -69.062288429802493, -35.198842653698591 ], [ -69.067384945261551, -35.200192500361482 ], [ -69.071638147132887, -35.200441838052882 ], [ -69.0746787555683, -35.201409834802575 ], [ -69.076273061222366, -35.201917390841913 ], [ -69.077919955215407, -35.202441691021534 ], [ -69.079528206519626, -35.202953688944945 ], [ -69.08035159599001, -35.203215820676292 ], [ -69.081188241519897, -35.203482172565941 ], [ -69.081789486970308, -35.203673582440445 ], [ -69.082397672965385, -35.203867201876506 ], [ -69.096352299887485, -35.208380003385344 ], [ -69.096386292395948, -35.208386720699423 ], [ -69.102846229970737, -35.207586538490375 ], [ -69.110672238881705, -35.208589875039422 ], [ -69.110711540103807, -35.208589090041301 ], [ -69.117528411339777, -35.211887726296993 ], [ -69.150533898116919, -35.215486793946411 ], [ -69.16436845835176, -35.217864383954236 ], [ -69.170909187795758, -35.23148853260534 ], [ -69.178755848016181, -35.232880296481767 ], [ -69.190796004274148, -35.236413864276244 ], [ -69.196819688937296, -35.254190142758318 ], [ -69.19684808189885, -35.254199996064131 ], [ -69.196900875880772, -35.25481261415905 ], [ -69.196900837935232, -35.254862050281531 ], [ -69.20066183137402, -35.256101682996302 ], [ -69.200658681947289, -35.256251721287185 ], [ -69.20065864344889, -35.256301877554677 ], [ -69.200669579652413, -35.257681846842672 ], [ -69.200697481458178, -35.257686623059328 ], [ -69.200721016570128, -35.257720980126294 ], [ -69.20256633835362, -35.258412513028816 ], [ -69.210562933211008, -35.25841883574094 ], [ -69.208898116309967, -35.255353243171271 ], [ -69.204636452625891, -35.236726003130002 ], [ -69.204668863256586, -35.236726176498337 ], [ -69.242996443560344, -35.214815991849377 ], [ -69.255443816723812, -35.229986932392535 ], [ -69.309115691115039, -35.237063074938078 ], [ -69.334971882889135, -35.225960680292133 ], [ -69.342837835450098, -35.22278791361822 ], [ -69.348075659694189, -35.223890111180026 ], [ -69.352338682934487, -35.225012659686797 ], [ -69.381420573239552, -35.232563490468351 ], [ -69.382097546032412, -35.232523845248238 ], [ -69.396405631929838, -35.236425463189789 ], [ -69.41275656138032, -35.242670653774837 ], [ -69.45236467763317, -35.25195954340785 ], [ -69.4524285981459, -35.251965187686949 ], [ -69.452906288747897, -35.251589377497112 ], [ -69.491129366638972, -35.266969514573645 ], [ -69.493178294885126, -35.271745354727159 ], [ -69.494183281764208, -35.272608660323499 ], [ -69.498401044218781, -35.282331263889375 ], [ -69.502846585621171, -35.295295107303502 ], [ -69.526899867274892, -35.36415497022233 ], [ -69.533465413542444, -35.383524323260872 ], [ -69.539968886708721, -35.401495911537779 ], [ -69.53998277168688, -35.401505352093409 ], [ -69.544333564153362, -35.41813179420717 ], [ -69.547327732628219, -35.4234205091783 ], [ -69.548134204400412, -35.424428575276295 ], [ -69.548205846094675, -35.424410157251828 ], [ -69.548561678292174, -35.425318698336753 ], [ -69.548635439679572, -35.425299926686591 ], [ -69.548845542214394, -35.425748647620594 ], [ -69.548845510598369, -35.425752063230618 ], [ -69.549255197995876, -35.426603059837134 ], [ -69.549629425238322, -35.428176448825752 ], [ -69.549378847490175, -35.429303352983197 ], [ -69.548979342977475, -35.434276991723323 ], [ -69.548645168033261, -35.434476655482797 ], [ -69.552548414206456, -35.439522805330398 ], [ -69.552995256771453, -35.439157608097503 ], [ -69.555974911322096, -35.441969919562894 ], [ -69.556007349180732, -35.441971283959845 ], [ -69.556449619314549, -35.442397268987804 ], [ -69.556479155633724, -35.44239802274484 ], [ -69.559284108045858, -35.444573129792218 ], [ -69.561096077695026, -35.446803464848358 ], [ -69.558251284532275, -35.450838262544551 ], [ -69.556206291149294, -35.452549394514165 ], [ -69.558548555007292, -35.455424756508535 ], [ -69.567417549794584, -35.459766925116867 ], [ -69.567420213549383, -35.459845741217009 ], [ -69.567387854803428, -35.459929456524321 ], [ -69.563835344095821, -35.467192568620419 ], [ -69.564433765005731, -35.468079183166651 ], [ -69.564433436888464, -35.468081836721694 ], [ -69.564559366177605, -35.468084494698132 ], [ -69.564557505515211, -35.468090968826914 ], [ -69.564439116105461, -35.468175211118819 ], [ -69.564353981494094, -35.46834633469166 ], [ -69.564349348015355, -35.468344402920081 ], [ -69.564346350092478, -35.468351615866879 ], [ -69.563647135076565, -35.469661063517094 ], [ -69.563226016081956, -35.470407191609809 ], [ -69.563218141727077, -35.470459269756134 ], [ -69.563171017282457, -35.470596026878752 ], [ -69.563188673037814, -35.470775801655236 ], [ -69.563193501488854, -35.470772423392873 ], [ -69.563252036734241, -35.470660600861265 ], [ -69.563255088486699, -35.470658505074368 ], [ -69.563347598956284, -35.470750535460354 ], [ -69.563378186198861, -35.470580134191835 ], [ -69.563435082573051, -35.470577027416937 ], [ -69.563433181995947, -35.470541952182657 ], [ -69.564134062982873, -35.470519534407117 ], [ -69.564183198794865, -35.470547699979477 ], [ -69.56420015348715, -35.470549518984683 ], [ -69.564689648564695, -35.470607512123593 ], [ -69.564573540357912, -35.471229974758558 ], [ -69.564637801875449, -35.471729488048368 ], [ -69.564846952376172, -35.471706828510946 ], [ -69.564871701127345, -35.471772035487561 ], [ -69.564722718408632, -35.472118567284156 ], [ -69.565042778095915, -35.472217628356816 ], [ -69.565057325423709, -35.472225724849011 ], [ -69.565153762754449, -35.472235000778198 ], [ -69.566080389195804, -35.47172691838648 ], [ -69.566124570748002, -35.47170746155183 ], [ -69.566311558996517, -35.471659894238542 ], [ -69.566321485523304, -35.471653135759254 ], [ -69.566335377004009, -35.471652992192958 ], [ -69.566344477125881, -35.471646796517859 ], [ -69.566412626568876, -35.47164917614549 ], [ -69.566716942005655, -35.471749145401361 ], [ -69.566731336829548, -35.471764756761388 ], [ -69.566545384334006, -35.471892413475302 ], [ -69.566477703659245, -35.471890050216018 ], [ -69.565411948980625, -35.472618564326922 ], [ -69.565411294938542, -35.472632455127098 ], [ -69.565193853539029, -35.472759554924608 ], [ -69.565026881822291, -35.472876933068733 ], [ -69.564415936573312, -35.473159080965672 ], [ -69.564398299768925, -35.473175382744444 ], [ -69.563660532155552, -35.473889048769593 ], [ -69.564511341869604, -35.474663686737586 ], [ -69.565800400241812, -35.475761558102306 ], [ -69.565797793218962, -35.475824277825325 ], [ -69.566297121506125, -35.476266713341033 ], [ -69.566299464549843, -35.476268937207976 ], [ -69.566299681861608, -35.476268925205204 ], [ -69.566300347469507, -35.476269638073575 ], [ -69.566300549883351, -35.476269643959711 ], [ -69.566338387876158, -35.476310517342085 ], [ -69.566339803694291, -35.476311644017642 ], [ -69.566340371764511, -35.476311467877281 ], [ -69.566346643665099, -35.476306347885213 ], [ -69.56634337023354, -35.476306290004061 ], [ -69.566382899370581, -35.476269030700053 ], [ -69.566346520190393, -35.476230429317127 ], [ -69.566349793621953, -35.476230487198222 ], [ -69.566482304371675, -35.476195669942115 ], [ -69.566506837194765, -35.476176121202172 ], [ -69.56660004466238, -35.476272870286095 ], [ -69.566608276081183, -35.476281554663331 ], [ -69.566984744073011, -35.476638228433046 ], [ -69.567375255949287, -35.476953685652575 ], [ -69.567623473760705, -35.477153439741585 ], [ -69.567750440083614, -35.47711370131907 ], [ -69.567799973475132, -35.477074503715244 ], [ -69.568153941153582, -35.477384048681699 ], [ -69.568122139445848, -35.477413287949901 ], [ -69.568181385319804, -35.477476607893323 ], [ -69.568146595213364, -35.477497528003482 ], [ -69.567725317304905, -35.477737569621695 ], [ -69.567592368079829, -35.477811531793407 ], [ -69.56730856289488, -35.477972210779569 ], [ -69.566926050573443, -35.478184756361429 ], [ -69.566749842514525, -35.478286860642186 ], [ -69.566283874388148, -35.478548454093357 ], [ -69.566281125738556, -35.478551013679862 ], [ -69.566316279449779, -35.478589085556337 ], [ -69.567211728160714, -35.479273049882408 ], [ -69.567244303550126, -35.479273957366047 ], [ -69.567268855806617, -35.479251219206674 ], [ -69.56750697407233, -35.479433903279869 ], [ -69.567664958918158, -35.479367116337926 ], [ -69.56784334921457, -35.479458193673565 ], [ -69.567864143166389, -35.479458928780389 ], [ -69.567963119305318, -35.479524130855168 ], [ -69.568252615327822, -35.47976542044006 ], [ -69.569467609736989, -35.479885228646197 ], [ -69.570478052070882, -35.480444940612131 ], [ -69.571267295022324, -35.481752801911284 ], [ -69.571267939798133, -35.481752724941316 ], [ -69.57121512962874, -35.482114102118658 ], [ -69.5718580030466, -35.48238832755942 ], [ -69.57252061294048, -35.482082704905906 ], [ -69.573475218950819, -35.481531857338439 ], [ -69.574469421277684, -35.481752633490373 ], [ -69.574577406911374, -35.481749169301338 ], [ -69.574652464351175, -35.481763388094237 ], [ -69.574687672590869, -35.48176766894386 ], [ -69.574762638141181, -35.481783063649857 ], [ -69.575991315299859, -35.483611326315895 ], [ -69.576009546888827, -35.483611425934782 ], [ -69.576641349572867, -35.483381378638001 ], [ -69.576667544224733, -35.483381402904286 ], [ -69.57670456756432, -35.4833303047036 ], [ -69.576707796944106, -35.483330073692571 ], [ -69.576707931274882, -35.483306280490694 ], [ -69.576710729073739, -35.483230212334888 ], [ -69.576742569619796, -35.482525285965721 ], [ -69.576938943362563, -35.482489298917415 ], [ -69.576941697934672, -35.482414195809099 ], [ -69.57696589583685, -35.482220848985264 ], [ -69.576968630486078, -35.482146068309589 ], [ -69.579616345641739, -35.48041200845131 ], [ -69.579687046235108, -35.480413967689856 ], [ -69.580809760464263, -35.480486182718323 ], [ -69.580893417252582, -35.480488037055864 ], [ -69.580953996898245, -35.480494206332594 ], [ -69.581023516771836, -35.48049614977117 ], [ -69.581158368961269, -35.480492875142431 ], [ -69.581228073247075, -35.480494809073946 ], [ -69.582131538607371, -35.480553506667093 ], [ -69.582200365805875, -35.480555217976246 ], [ -69.58262356920477, -35.480468565009232 ], [ -69.584901009533382, -35.481204012549426 ], [ -69.584930715248845, -35.481814082369169 ], [ -69.584967631536585, -35.482572236677186 ], [ -69.58497003614616, -35.482642628468966 ], [ -69.584974073489775, -35.48285543376619 ], [ -69.584985969073216, -35.483482463076427 ], [ -69.584188487652966, -35.48375472480194 ], [ -69.583827959846076, -35.483800941351376 ], [ -69.583625465244609, -35.483947327548663 ], [ -69.582731485860847, -35.485839239950451 ], [ -69.582631695530551, -35.485941762158689 ], [ -69.581546414794957, -35.487413952980035 ], [ -69.579998020365451, -35.487925153060758 ], [ -69.580099078999808, -35.488700992740746 ], [ -69.580058408697141, -35.488705069666196 ], [ -69.580208276711744, -35.488968810754557 ], [ -69.580213214486662, -35.489017586420744 ], [ -69.580127693389613, -35.489329916711881 ], [ -69.580750711252335, -35.489293658744373 ], [ -69.580792763714669, -35.489289795570983 ], [ -69.580790759034244, -35.489274928637599 ], [ -69.580787114600923, -35.489234825382994 ], [ -69.58252921767172, -35.488909967031589 ], [ -69.582671732688198, -35.488823626669557 ], [ -69.582892181676073, -35.489993467836825 ], [ -69.582700456410805, -35.490174852029043 ], [ -69.582669241264341, -35.490199039480387 ], [ -69.582382442360881, -35.491845596742564 ], [ -69.582472406753595, -35.492165646130161 ], [ -69.582488391666004, -35.492179055535132 ], [ -69.58283889913929, -35.493227172497939 ], [ -69.582356608864188, -35.494653700412243 ], [ -69.582405942737807, -35.494688948383441 ], [ -69.582462583444681, -35.494736301211958 ], [ -69.582830582593601, -35.495014990110292 ], [ -69.582834777101993, -35.495067196840523 ], [ -69.583099781708086, -35.495222675467062 ], [ -69.583102951104024, -35.495262164924782 ], [ -69.583284521042231, -35.495365223336364 ], [ -69.584209746497152, -35.496083735499724 ], [ -69.584212330791956, -35.496115913728261 ], [ -69.585354361552845, -35.497046782478719 ], [ -69.585379351407596, -35.497068142868329 ], [ -69.585457097584651, -35.49712355996013 ], [ -69.585500241522141, -35.49716002982592 ], [ -69.585721609417874, -35.498336291917838 ], [ -69.585782652300509, -35.498831812773119 ], [ -69.585830655844063, -35.499221491932929 ], [ -69.585903473389862, -35.499675798658302 ], [ -69.585943115644568, -35.500009121638527 ], [ -69.58601827277937, -35.500492622589377 ], [ -69.586082963058118, -35.501063545213583 ], [ -69.586108364490542, -35.501287727738202 ], [ -69.586135229797492, -35.501524823350508 ], [ -69.586171130605862, -35.501771599305641 ], [ -69.586266656677537, -35.502647629473074 ], [ -69.586285564168406, -35.502821019412977 ], [ -69.58630507132608, -35.502999913180531 ], [ -69.586317439860977, -35.503073784930848 ], [ -69.586323277999213, -35.503116033270942 ], [ -69.586464035582253, -35.503694270415622 ], [ -69.586703881372046, -35.503030503291598 ], [ -69.586660026212883, -35.503000957628956 ], [ -69.586662740291729, -35.502996937402429 ], [ -69.586664937187436, -35.502980270731427 ], [ -69.586693242354841, -35.502938710466765 ], [ -69.586697550476686, -35.502929339896355 ], [ -69.586707465193911, -35.502907763253461 ], [ -69.586197865309657, -35.501373308045402 ], [ -69.586181419719708, -35.501162448205946 ], [ -69.586166381062071, -35.500969645458042 ], [ -69.586162661055027, -35.500939771145624 ], [ -69.586125805368511, -35.500470349316629 ], [ -69.586138877262158, -35.500170527026796 ], [ -69.586122744667762, -35.499933066123504 ], [ -69.586202880847338, -35.498702461207586 ], [ -69.58672170722366, -35.49810742757586 ], [ -69.587071730243053, -35.497935922237843 ], [ -69.587951923412163, -35.497159370968348 ], [ -69.588535914073475, -35.496633161328646 ], [ -69.589091973524603, -35.496190656147348 ], [ -69.589234925270603, -35.495933555862848 ], [ -69.58923284962998, -35.49588077374051 ], [ -69.589259139026922, -35.495878626476724 ], [ -69.589278508062023, -35.495892925490239 ], [ -69.589303619311352, -35.49589101671171 ], [ -69.589493560176095, -35.495648492401131 ], [ -69.589587267609261, -35.495716380430792 ], [ -69.589798276901263, -35.495523665381086 ], [ -69.590149011638346, -35.495180090412703 ], [ -69.590159601094797, -35.495181355476234 ], [ -69.59024166804312, -35.495083488273451 ], [ -69.590234132277885, -35.495078678219215 ], [ -69.590259111767466, -35.49503946067216 ], [ -69.590260227205931, -35.495030294892388 ], [ -69.590661211200768, -35.494474030066442 ], [ -69.590738194728146, -35.494400881857246 ], [ -69.590749283466323, -35.494389928079727 ], [ -69.590776401579603, -35.494352183914259 ], [ -69.590782510986514, -35.494358918599403 ], [ -69.590846230624095, -35.494279219827035 ], [ -69.590920372977791, -35.494188300758481 ], [ -69.591406389531357, -35.493592765852668 ], [ -69.591927759637201, -35.493019740645536 ], [ -69.591938785197328, -35.492981738981769 ], [ -69.591967224762698, -35.493009663767737 ], [ -69.59199519497264, -35.492981201346595 ], [ -69.592006849194149, -35.49301693923303 ], [ -69.592161369119367, -35.492852335363182 ], [ -69.592240089343193, -35.49278799514002 ], [ -69.592201054229065, -35.492758796941132 ], [ -69.592199769533579, -35.492748671573452 ], [ -69.591975144671153, -35.492612536147988 ], [ -69.591959549404748, -35.492597544038802 ], [ -69.591944871834812, -35.49261282467495 ], [ -69.59180028964397, -35.492500003549083 ], [ -69.591798126681795, -35.492428672387575 ], [ -69.591798363709188, -35.492420839920783 ], [ -69.591945931135911, -35.492302989159555 ], [ -69.591950759722408, -35.492307673860637 ], [ -69.591955304221131, -35.492302989471057 ], [ -69.593041588988001, -35.491405400438794 ], [ -69.592960252797127, -35.491297407623051 ], [ -69.592881587277077, -35.491231211278887 ], [ -69.593281626622399, -35.490907602280743 ], [ -69.593309827177336, -35.490933091911302 ], [ -69.593330665657163, -35.490909961028478 ], [ -69.593582049073859, -35.490711310577296 ], [ -69.593261021268859, -35.490492130055827 ], [ -69.593239876615655, -35.490473093152389 ], [ -69.593224277191837, -35.490490362687979 ], [ -69.593052981110361, -35.490353655707679 ], [ -69.593042578974291, -35.490285400782227 ], [ -69.59297424866935, -35.490237017342906 ], [ -69.592973989841084, -35.490223068681757 ], [ -69.593166373419763, -35.490046906214559 ], [ -69.593176113437551, -35.490054703036776 ], [ -69.593830524564851, -35.489376313985986 ], [ -69.593909492260366, -35.489309277970847 ], [ -69.59402300234143, -35.489351874447777 ], [ -69.594039414702479, -35.489321516216535 ], [ -69.594126372547862, -35.489173993173154 ], [ -69.594127720556344, -35.489173857961134 ], [ -69.594161417561963, -35.489176358832651 ], [ -69.594210726165272, -35.489062145748505 ], [ -69.594250109392533, -35.488971940658189 ], [ -69.594177133940548, -35.488891816301418 ], [ -69.594177499075499, -35.488856146854573 ], [ -69.59414248768428, -35.488838284153928 ], [ -69.594162023940839, -35.488729580567679 ], [ -69.594358816204988, -35.488475031971632 ], [ -69.594375388435765, -35.488458602602805 ], [ -69.59461053941493, -35.4882883918998 ], [ -69.594831464999686, -35.488085160474668 ], [ -69.594707498024206, -35.488006511669141 ], [ -69.59460017364222, -35.487921539847207 ], [ -69.594600708734731, -35.487869069371698 ], [ -69.594600907169934, -35.487842345591105 ], [ -69.594862879291099, -35.487655685947459 ], [ -69.595061608047502, -35.487510110352218 ], [ -69.595494274205407, -35.487192773886761 ], [ -69.595470167709323, -35.487168691005195 ], [ -69.595485573916562, -35.487153183096552 ], [ -69.595238956505909, -35.486982344636203 ], [ -69.595161071114433, -35.486920638657296 ], [ -69.595161071114433, -35.486909383953275 ], [ -69.595161078807564, -35.486841438657677 ], [ -69.595741354668689, -35.486374422550568 ], [ -69.595773500446569, -35.486406663036746 ], [ -69.595832131215332, -35.486371283169092 ], [ -69.595890458793406, -35.486357034805508 ], [ -69.595894890658315, -35.486255742620585 ], [ -69.595849453175106, -35.486199455268547 ], [ -69.595761607978829, -35.486174308974284 ], [ -69.595756726010393, -35.486191111567791 ], [ -69.595718537628272, -35.486197911960062 ], [ -69.595694395545195, -35.48616855594139 ], [ -69.595567541346668, -35.486093576661688 ], [ -69.595458848878025, -35.486074806142426 ], [ -69.595422629172845, -35.486030955284093 ], [ -69.595369634439237, -35.485721617510478 ], [ -69.595553973795859, -35.485460080695248 ], [ -69.596061020345985, -35.485465431506441 ], [ -69.596441476194968, -35.485254956611129 ], [ -69.596455968458372, -35.485250167536321 ], [ -69.596567933193967, -35.485275389756907 ], [ -69.596597748404974, -35.485204493936635 ], [ -69.596946251300949, -35.484724447909173 ], [ -69.596959428284265, -35.484719807129693 ], [ -69.597415816460682, -35.485015170768065 ], [ -69.597449280712851, -35.485031737614065 ], [ -69.597845989322366, -35.485107062655914 ], [ -69.597888680363212, -35.485161952943599 ], [ -69.598011874796782, -35.485196954466289 ], [ -69.598018306724327, -35.485174613829372 ], [ -69.59802216058165, -35.485148075836776 ], [ -69.598056778753232, -35.484998234569446 ], [ -69.598021607745466, -35.484992749247056 ], [ -69.597975610665003, -35.484971152624155 ], [ -69.597959738686598, -35.484646691029241 ], [ -69.597954452307022, -35.484596851142442 ], [ -69.59793653588531, -35.484574126689722 ], [ -69.598169538348884, -35.484206735743442 ], [ -69.598443008838785, -35.483738850267457 ], [ -69.598464889857894, -35.483713137716165 ], [ -69.598486889127571, -35.483690932994648 ], [ -69.599133686876542, -35.483413108739228 ], [ -69.599031003903576, -35.483277375837758 ], [ -69.598923866803659, -35.483186982115114 ], [ -69.599355090980339, -35.482793620873963 ], [ -69.59944429846297, -35.482866186155832 ], [ -69.599473891596233, -35.482825294004556 ], [ -69.59957444957854, -35.482706609868615 ], [ -69.599815616461171, -35.482390959339 ], [ -69.600125560828417, -35.48221658008265 ], [ -69.600125309007808, -35.482216343366019 ], [ -69.600129602536356, -35.482212672019045 ], [ -69.600135886416979, -35.48221475315512 ], [ -69.600211825985468, -35.482213251065048 ], [ -69.600210192462214, -35.482214905941703 ], [ -69.60023923610845, -35.482253315532603 ], [ -69.600307584543089, -35.482257597579405 ], [ -69.600398636292084, -35.482240104604671 ], [ -69.600396289916375, -35.482230298250045 ], [ -69.600370738827905, -35.482200542824614 ], [ -69.600394978089639, -35.482194219988855 ], [ -69.600570563210454, -35.482100388371066 ], [ -69.600806479471032, -35.481509812448962 ], [ -69.60082425916147, -35.481491557363881 ], [ -69.601131005791331, -35.481351326336551 ], [ -69.601153368566884, -35.481334992579548 ], [ -69.601656751923827, -35.481110961170828 ], [ -69.601746065394082, -35.481039631377826 ], [ -69.601871255209005, -35.480960419050461 ], [ -69.601926424363512, -35.480958587051646 ], [ -69.601950396791892, -35.480959746199346 ], [ -69.602079102875393, -35.481073619385256 ], [ -69.602052195801036, -35.481097829688963 ], [ -69.602056399990033, -35.481110524608937 ], [ -69.602066237704037, -35.481176188401093 ], [ -69.602184301829197, -35.481212578848101 ], [ -69.602220907455035, -35.481153073688915 ], [ -69.603008237408176, -35.480812003097071 ], [ -69.60304073570228, -35.480775151432681 ], [ -69.603815158527254, -35.480047873649085 ], [ -69.603183862084052, -35.479525563244806 ], [ -69.603156890955688, -35.479496027045627 ], [ -69.602676688773954, -35.479313239139685 ], [ -69.602037998776154, -35.478839136841373 ], [ -69.601987932129305, -35.478834337681008 ], [ -69.601569854518118, -35.478478670213519 ], [ -69.601007167969044, -35.478080800834562 ], [ -69.600972261854793, -35.478077287094948 ], [ -69.599835878577608, -35.477202245518242 ], [ -69.599836195679075, -35.477161873376986 ], [ -69.600440669022703, -35.47554174530751 ], [ -69.601600636568264, -35.474675716580634 ], [ -69.602626696836921, -35.47321153577434 ], [ -69.602287302944035, -35.471962385471272 ], [ -69.60228973251634, -35.471903031783938 ], [ -69.602142353336149, -35.471278471282233 ], [ -69.602145231961572, -35.47121318870154 ], [ -69.602441372855196, -35.470273836383058 ], [ -69.602318647508696, -35.4696738481681 ], [ -69.602320731064935, -35.469613467147951 ], [ -69.602260858843465, -35.469310787626682 ], [ -69.602262425332867, -35.469247939772288 ], [ -69.602279130186389, -35.469218736306857 ], [ -69.602280787815516, -35.46915647114804 ], [ -69.603383877576277, -35.468112868720823 ], [ -69.606022277120474, -35.467906149913574 ], [ -69.607125809358479, -35.467404282723464 ], [ -69.608321718917978, -35.46674187723238 ], [ -69.609065779946661, -35.465988282656781 ], [ -69.609403577901617, -35.465859512018596 ], [ -69.610228593715135, -35.465429092272814 ], [ -69.610728275419604, -35.465168402878987 ], [ -69.611484625760284, -35.464637817822052 ], [ -69.611681378349886, -35.464116960241597 ], [ -69.61117910963435, -35.462851664061134 ], [ -69.611164858109873, -35.462855362292032 ], [ -69.609033844391831, -35.457398161271271 ], [ -69.608781102060959, -35.457246944833514 ], [ -69.606868913069547, -35.453937539803121 ], [ -69.605299414329863, -35.450696209885052 ], [ -69.605201174035813, -35.45030134292557 ], [ -69.605207759042855, -35.45028403152179 ], [ -69.605142767210054, -35.449562676997232 ], [ -69.610215182062632, -35.448149420567916 ], [ -69.610225824019039, -35.448100024571545 ], [ -69.613194263837329, -35.447594582990064 ], [ -69.613364398490717, -35.447412052530353 ], [ -69.620557859899236, -35.442416074908806 ], [ -69.620578024524036, -35.442397093911495 ], [ -69.626868287514867, -35.436554501771809 ], [ -69.626918318568755, -35.436574425843446 ], [ -69.629237071765658, -35.435561453145965 ], [ -69.630403541856481, -35.432636446964523 ], [ -69.630410493702357, -35.432612689788584 ], [ -69.629925748256426, -35.431028902913795 ], [ -69.629296824635674, -35.429105744435446 ], [ -69.624115984003538, -35.425264928111517 ], [ -69.636790372006033, -35.421462894879028 ], [ -69.643119296330838, -35.415007857990702 ], [ -69.64603773763298, -35.413213542018923 ], [ -69.652631208486014, -35.409951227731938 ], [ -69.655313788597653, -35.40832427419906 ], [ -69.655159227545255, -35.406539917118664 ], [ -69.654860287274857, -35.405978520510985 ], [ -69.650493375523865, -35.403085462677382 ], [ -69.65557127150413, -35.395743677242137 ], [ -69.661889857887559, -35.394295315458294 ], [ -69.65534743377691, -35.394049102089696 ], [ -69.655041126130016, -35.393611374099294 ], [ -69.652865636129889, -35.393730676498365 ], [ -69.640844431053551, -35.392978518482494 ], [ -69.640792469316864, -35.392979279054885 ], [ -69.638059511234587, -35.392384776045333 ], [ -69.628169437908866, -35.391333105786998 ], [ -69.62815232245174, -35.391311688005487 ], [ -69.62875341859359, -35.386570000025245 ], [ -69.626841004527364, -35.385757283061253 ], [ -69.621951465173424, -35.378371456866773 ], [ -69.619055641420175, -35.380046070212074 ], [ -69.610209432878321, -35.38099958857066 ], [ -69.610183530559368, -35.38098984666243 ], [ -69.605097666465213, -35.379895340402015 ], [ -69.60412616715098, -35.374615286461051 ], [ -69.604673349676489, -35.373782600706193 ], [ -69.604474935282326, -35.366375903763696 ], [ -69.604992702403877, -35.355853770089197 ], [ -69.611327733109476, -35.353694579553917 ], [ -69.620565970426924, -35.350560994899752 ], [ -69.629148562748753, -35.360612000975379 ], [ -69.628417277177789, -35.361745848528187 ], [ -69.630012043225804, -35.365401439739173 ], [ -69.630045422392641, -35.365401278690229 ], [ -69.630525351657752, -35.365701704550588 ], [ -69.631097195879875, -35.366026401170473 ], [ -69.634923804841151, -35.364196636542147 ], [ -69.634936017132645, -35.364184334709876 ], [ -69.634095131050458, -35.360757588878698 ], [ -69.640769122452753, -35.351785647219856 ], [ -69.650285713161566, -35.34858829614376 ], [ -69.658433731842194, -35.350167798852681 ], [ -69.663541109812456, -35.347304699505628 ], [ -69.675224412317391, -35.342997043150092 ], [ -69.67528504874366, -35.343012665088452 ], [ -69.682081117913299, -35.344288445812253 ], [ -69.682396552311445, -35.344198665737224 ], [ -69.684708240993018, -35.343601908457117 ], [ -69.680997320517179, -35.336649455512372 ], [ -69.676160178505825, -35.332108723038971 ], [ -69.676150453207299, -35.332090908903012 ], [ -69.676121153829797, -35.332118363386087 ], [ -69.673386459435562, -35.334295592508397 ], [ -69.673364017055235, -35.334316837296114 ], [ -69.666411291878148, -35.328908355257965 ], [ -69.66661504383336, -35.328764536996118 ], [ -69.673660633296322, -35.324065715609322 ], [ -69.67371951287231, -35.324046806224146 ], [ -69.675165400083074, -35.323957521549801 ], [ -69.676961964577117, -35.323374086021033 ], [ -69.677018985786219, -35.323354557766891 ], [ -69.680294603906248, -35.322290925075833 ], [ -69.689703814243444, -35.317186165048895 ], [ -69.68973139584682, -35.317177636256645 ], [ -69.693845242963562, -35.310732090748274 ], [ -69.699559517368186, -35.310590951876407 ], [ -69.700010191008971, -35.310202179935004 ], [ -69.700506619920191, -35.309995886132413 ], [ -69.700534205622375, -35.31000059289903 ], [ -69.701253925336744, -35.307570069610563 ], [ -69.701419572381269, -35.306995380405169 ], [ -69.704151958289913, -35.306716628157119 ], [ -69.706237237087919, -35.30566562002673 ], [ -69.706236649062191, -35.305656489058322 ], [ -69.705126160814075, -35.30163104002321 ], [ -69.708355295724516, -35.298414184322837 ], [ -69.710050156401564, -35.297402126785073 ], [ -69.714572892611727, -35.290319356025293 ], [ -69.714602176447045, -35.290293044009616 ], [ -69.721149097185844, -35.283703569229942 ], [ -69.726126923563413, -35.273893763880665 ], [ -69.727379252867763, -35.265101846849973 ], [ -69.730312092597444, -35.259169128949679 ], [ -69.735507058075484, -35.253154690058011 ], [ -69.749223463723922, -35.25771146926337 ], [ -69.756637163379878, -35.262420148310582 ], [ -69.768445716260828, -35.259838472494266 ], [ -69.768473058294092, -35.259837568273724 ], [ -69.792258640464695, -35.236579536344379 ], [ -69.795833165010947, -35.234674978690123 ], [ -69.797071326239575, -35.234826617823728 ], [ -69.797774440575154, -35.234787893052328 ], [ -69.836458774493906, -35.187625870929708 ], [ -69.843762292012855, -35.182013207190664 ], [ -69.853095498978632, -35.173879957360441 ], [ -69.855505515840775, -35.17248554522854 ], [ -69.854903093955159, -35.172268759959422 ], [ -69.856959519290513, -35.171436461795793 ], [ -69.858154725850909, -35.170952728066254 ], [ -69.856471949497177, -35.171388630533443 ], [ -69.854914896452442, -35.171791872856033 ], [ -69.852325144752342, -35.172462640724291 ], [ -69.850315400388865, -35.172983040946747 ], [ -69.844814241309678, -35.172053637839724 ], [ -69.844421870444364, -35.171987346164656 ], [ -69.842730969070601, -35.172146501756231 ], [ -69.842292443365238, -35.171942645806041 ], [ -69.841558253461699, -35.170140208702492 ], [ -69.835844227646817, -35.160364677767006 ], [ -69.837363097117645, -35.159105489230001 ], [ -69.837752442606018, -35.159053096486275 ], [ -69.83148131740802, -35.1429524471435 ], [ -69.831271295472732, -35.142624094514247 ], [ -69.839571197897612, -35.05552771265809 ], [ -69.831890597432391, -34.970210403422129 ], [ -69.831942415030142, -34.970182008537108 ], [ -69.831822867814992, -34.950070516567791 ], [ -69.829866984897592, -34.939074174963423 ], [ -69.831038059809657, -34.895316805948312 ], [ -69.831011741547343, -34.89531239146919 ], [ -69.787611192561315, -34.8857554300007 ], [ -69.69210163096966, -34.862736361731493 ], [ -69.692284968797424, -34.862854272653863 ], [ -69.688297924577512, -34.861841779593249 ], [ -69.688288193414962, -34.86184721536813 ], [ -69.684156686993617, -34.860941932802746 ], [ -69.669994841001028, -34.857288139097363 ], [ -69.669387550280135, -34.857261967632667 ], [ -69.575789264428636, -34.906155717574848 ], [ -69.555043310052838, -34.901219789324898 ], [ -69.555032759354106, -34.90117663127586 ], [ -69.549286927747687, -34.900155131609381 ], [ -69.54928179403413, -34.900172182280869 ], [ -69.542702905210206, -34.898759283881077 ], [ -69.542680065545824, -34.898759140335699 ], [ -69.539962422187898, -34.896182717455247 ], [ -69.539944441072919, -34.896139644265247 ], [ -69.540938498506705, -34.893629147395814 ], [ -69.540450000394969, -34.886772872418021 ], [ -69.540463477651144, -34.886727303287955 ], [ -69.540536017890588, -34.886356331899606 ], [ -69.541139332233797, -34.884214298015991 ], [ -69.538473551659536, -34.881124433842501 ], [ -69.53524488736673, -34.884187517352814 ], [ -69.50972262778123, -34.893414487345296 ], [ -69.503753051879926, -34.89760367718867 ], [ -69.492396140263793, -34.900193638094152 ], [ -69.492339397808905, -34.900187688108304 ], [ -69.488816775370594, -34.902366572400126 ], [ -69.488799058297104, -34.902372126535795 ], [ -69.48095475033864, -34.905338440874118 ], [ -69.479198615676125, -34.906466263525658 ], [ -69.479145623025147, -34.906466586203919 ], [ -69.441700184731985, -34.894546622700034 ], [ -69.441703460564213, -34.894534159395846 ], [ -69.430271430723622, -34.886367970950118 ], [ -69.418041866071121, -34.876113671067571 ], [ -69.418007335177151, -34.876054511338793 ], [ -69.417737583167423, -34.875938188717839 ], [ -69.417698611639935, -34.875881675210451 ], [ -69.404401375746829, -34.870477333025065 ], [ -69.404396828248366, -34.870497280735549 ], [ -69.402849768617216, -34.884060928171266 ], [ -69.402827556298632, -34.884160094827848 ], [ -69.403205686447905, -34.88455510868431 ], [ -69.402814864900222, -34.886398099826692 ], [ -69.402823335386131, -34.886406622594848 ], [ -69.39939962768824, -34.886305738097576 ], [ -69.378532083192397, -34.891603508340609 ], [ -69.374708381650692, -34.887491739307336 ], [ -69.376276909147748, -34.839695308460932 ], [ -69.376255675224513, -34.839631760179941 ], [ -69.354499911648247, -34.81864505591318 ], [ -69.359866382303665, -34.80078026536097 ], [ -69.359840105346507, -34.800714495749787 ], [ -69.364155184667027, -34.782623898598558 ], [ -69.364160712256194, -34.782614765202538 ], [ -69.41831547716356, -34.717265048367153 ], [ -69.389784684466747, -34.700899008428053 ], [ -69.31591735524313, -34.658248496394378 ], [ -69.315804756109003, -34.658293314854063 ], [ -69.262197626262036, -34.631163583822342 ], [ -69.262186272744714, -34.631135137150295 ], [ -69.293473960219956, -34.603596453782814 ], [ -69.293504564776356, -34.603592991380992 ], [ -69.294005246565121, -34.603756330529677 ], [ -69.294034662518243, -34.603749126183857 ], [ -69.29444272812799, -34.603078684295554 ], [ -69.283238460478401, -34.528773337111943 ], [ -69.283270017987888, -34.528708434402631 ], [ -69.281903281280734, -34.5210527009462 ], [ -69.281765939283559, -34.521108596281579 ], [ -69.280971598262511, -34.523317316554198 ], [ -69.28006027255401, -34.521135156642174 ], [ -69.262913854837507, -34.509940598449361 ], [ -69.253199491061025, -34.505202729393432 ], [ -69.194701546662714, -34.520322399841632 ], [ -69.20197952308132, -34.541491255177391 ], [ -69.166968442569612, -34.538124611189915 ], [ -69.166162797192612, -34.53781040212607 ], [ -69.172034921057673, -34.548222427730593 ], [ -69.172000829871934, -34.548218055793996 ], [ -69.168750301411876, -34.548438270181293 ], [ -69.170211393892828, -34.551169319756184 ], [ -69.170686797504516, -34.552057935979576 ], [ -69.169426115572037, -34.552161763177423 ], [ -69.169399041003317, -34.55214822272734 ], [ -69.168930811479299, -34.551254609509442 ], [ -69.168424788413972, -34.550444857688717 ], [ -69.167922889633303, -34.549641705525005 ], [ -69.166498045554135, -34.546915265074176 ], [ -69.165520471525213, -34.545348149061056 ], [ -69.165500406790727, -34.545321065256701 ], [ -69.162877474803736, -34.542290637858002 ], [ -69.157636398169188, -34.53205006726364 ], [ -69.155271714808748, -34.529285358364291 ], [ -69.155256737430932, -34.529259990259789 ], [ -69.154089276669197, -34.525997040971163 ], [ -69.149585075609309, -34.51711426790348 ], [ -69.149163783299741, -34.515946840685217 ], [ -69.148770284989098, -34.51485643193098 ], [ -69.148134121848273, -34.513093584145736 ], [ -69.14322601984469, -34.503548899278087 ], [ -69.142192661293166, -34.500711309267047 ], [ -69.140985364957032, -34.498391028130584 ], [ -69.140845889181719, -34.498008875469338 ], [ -69.140707023453501, -34.497628394289336 ], [ -69.140094911546385, -34.496455988226899 ], [ -69.139958577107961, -34.496082859925821 ], [ -69.139340081799332, -34.494900259020199 ], [ -69.139206310477732, -34.494534557716293 ], [ -69.13920012300747, -34.494514344255947 ], [ -69.139176913755591, -34.494461326030944 ], [ -69.139106689807704, -34.49417853233092 ], [ -69.138847943884912, -34.493441113002689 ], [ -69.13883584441021, -34.493384637416341 ], [ -69.138809538051191, -34.493278633497539 ], [ -69.138750320730878, -34.492537126643128 ], [ -69.138683338697206, -34.49226750779286 ], [ -69.138616137509644, -34.4919970067956 ], [ -69.138427086633158, -34.48958910330515 ], [ -69.138297045961451, -34.489067516939315 ], [ -69.1381360138584, -34.488421625668707 ], [ -69.137626943966382, -34.481669584974043 ], [ -69.137444328017182, -34.48094463942914 ], [ -69.137259731902077, -34.480211833056558 ], [ -69.137130623705957, -34.479699301757421 ], [ -69.136934470794415, -34.478920616989001 ], [ -69.136824329805222, -34.478483381158526 ], [ -69.135888922403012, -34.464089099316141 ], [ -69.135808260273677, -34.463776533797613 ], [ -69.135649045283344, -34.46315957648676 ], [ -69.135554155324883, -34.462791877955851 ], [ -69.135339902485839, -34.46196164850852 ], [ -69.135196828341577, -34.461407236542584 ], [ -69.134953830788447, -34.460465622032416 ], [ -69.13464344646701, -34.459262883505517 ], [ -69.1342908574494, -34.457896602356868 ], [ -69.133313699152723, -34.4244609238782 ], [ -69.181377550300681, -34.405949085446821 ], [ -69.241529946384389, -34.375431631369963 ], [ -69.241789311900675, -34.375591113466498 ], [ -69.254003764066965, -34.364162518461001 ], [ -69.255162649910005, -34.363078159973725 ], [ -69.255152088438308, -34.363068647820171 ], [ -69.262454875916887, -34.35648657604537 ], [ -69.262768146343433, -34.350863655310491 ], [ -69.272530542700792, -34.324415719261253 ], [ -69.285394172068266, -34.316018909932609 ], [ -69.268651230897092, -34.29759836877821 ], [ -69.299822472992219, -34.293216992710484 ], [ -69.306046620188795, -34.295098086104076 ], [ -69.316869809957041, -34.287119024154265 ], [ -69.316941943088807, -34.287134502201525 ], [ -69.318902838038412, -34.285754444306122 ], [ -69.319169924929668, -34.28556646430718 ], [ -69.319183471780093, -34.285568512388181 ], [ -69.31918752635886, -34.285569128725626 ], [ -69.321571589186817, -34.282578743110264 ], [ -69.32163798521168, -34.282598238680464 ], [ -69.323819666076474, -34.277129717000889 ], [ -69.326360049579193, -34.272470061920103 ], [ -69.330838370322851, -34.263704959762151 ], [ -69.331140266320688, -34.259861427966882 ], [ -69.331587169317686, -34.257659976692651 ], [ -69.333786047789772, -34.257403279916389 ], [ -69.334665927462368, -34.257337936237093 ], [ -69.334720280599925, -34.257333643782715 ], [ -69.335918202134962, -34.25724470215556 ], [ -69.339472956911607, -34.256981630789198 ], [ -69.340394002722292, -34.256913164589207 ], [ -69.340394025726255, -34.256913466882793 ], [ -69.344687776928936, -34.258510133159746 ], [ -69.344756739576098, -34.258495482538024 ], [ -69.348910978596166, -34.255034676719049 ], [ -69.343844312017495, -34.248065143021336 ], [ -69.343875219256176, -34.248055776060426 ], [ -69.34340149189768, -34.247611298076606 ], [ -69.33006905274317, -34.244405721234045 ], [ -69.3519085959378, -34.222441140308945 ], [ -69.354637876223478, -34.205679732346141 ], [ -69.35470396150339, -34.205681245988501 ], [ -69.33867278430148, -34.042831683811528 ], [ -69.290467257919943, -33.903329623123966 ], [ -69.305205407491371, -33.738356361878573 ], [ -69.305890517516673, -33.734903646164526 ], [ -69.309725001967081, -33.714022860371472 ], [ -69.309754717534815, -33.713966031173243 ], [ -69.307459933501605, -33.711553723509041 ], [ -69.302557906057814, -33.708656167520473 ], [ -69.302487698246409, -33.708657261493101 ], [ -69.258842596000079, -33.672463856123727 ], [ -69.258817457799864, -33.672488228919519 ], [ -69.253558595131778, -33.667939841741941 ], [ -69.25101045601366, -33.665125468739575 ], [ -69.247912284353617, -33.66230252576571 ], [ -69.233727278616072, -33.650433703907936 ], [ -69.225744528405869, -33.644820986565776 ], [ -69.217866704273888, -33.638048039801674 ], [ -69.215090615988402, -33.633217098266528 ], [ -69.215088503320942, -33.63319023194191 ], [ -69.215118259665189, -33.633145788833247 ], [ -69.215115965195139, -33.63311901131766 ], [ -69.214491945126554, -33.632074227175906 ], [ -69.2144894786544, -33.6320463041734 ], [ -69.217155840228202, -33.622405917355479 ], [ -69.218998944576811, -33.620903537557865 ], [ -69.221186706932997, -33.619120233865033 ], [ -69.225181877147122, -33.61586366347251 ], [ -69.225889980188924, -33.615462269058867 ], [ -69.228921386268951, -33.613427288705395 ], [ -69.228973982279967, -33.613420559897349 ], [ -69.241376793925212, -33.604513263284957 ], [ -69.246324141475156, -33.601844652727607 ], [ -69.242912285686259, -33.600714699870707 ], [ -69.230756482884772, -33.591456044613153 ], [ -69.200810733373203, -33.572111179421086 ], [ -69.220751797881462, -33.598179605556879 ], [ -69.220262556760417, -33.598558224441376 ], [ -69.211527751587312, -33.599020745559073 ], [ -69.205484360049525, -33.598915029852321 ], [ -69.202342700981262, -33.59819712645583 ], [ -69.202874313762436, -33.599483351779156 ], [ -69.199849925774856, -33.599500677260551 ], [ -69.195991709629254, -33.601067955342273 ], [ -69.194235886763124, -33.597898039885138 ], [ -69.194094234470299, -33.596609928253201 ], [ -69.194081521613384, -33.596564329451212 ], [ -69.190205612957584, -33.593541575481311 ], [ -69.190199178589864, -33.593514667459715 ], [ -69.189381522830331, -33.592292196072663 ], [ -69.189113216183557, -33.591892497101185 ], [ -69.189103931286638, -33.591863788508249 ], [ -69.188829883052222, -33.591472805946978 ], [ -69.188820345324984, -33.59144359097246 ], [ -69.187870966902096, -33.589999200760417 ], [ -69.186054000990225, -33.587234873259092 ], [ -69.186051073785507, -33.587199550263165 ], [ -69.185197115431549, -33.578902086603023 ], [ -69.183183130781458, -33.559728127929532 ], [ -69.182909972017683, -33.559984000168811 ], [ -69.18285774815007, -33.560004847607104 ], [ -69.182858332727506, -33.559555434406832 ], [ -69.179720830608403, -33.557491965217821 ], [ -69.179656071898819, -33.55752484679482 ], [ -69.179410268344952, -33.557540267156696 ], [ -69.179145454398167, -33.557392636024417 ], [ -69.171534114003236, -33.559270786133368 ], [ -69.16874081481626, -33.559405746744915 ], [ -69.168710084511133, -33.559351040277022 ], [ -69.16869403346584, -33.559354656184155 ], [ -69.16751195727511, -33.558888752830569 ], [ -69.158053274268866, -33.555573701802757 ], [ -69.156969984591797, -33.554856928190304 ], [ -69.156938072308378, -33.554830256216235 ], [ -69.149348542333541, -33.555315112088579 ], [ -69.149344651509409, -33.555295104584218 ], [ -69.147903399640541, -33.555427668848779 ], [ -69.145470641524241, -33.55079194365652 ], [ -69.135785935778358, -33.552713545719939 ], [ -69.131266122955765, -33.550976567969769 ], [ -69.129105682047395, -33.546866976282899 ], [ -69.121633399690438, -33.55424964159738 ], [ -69.120998625358197, -33.554399374852494 ], [ -69.120997641941415, -33.55441094269645 ], [ -69.12008036900761, -33.555473120449847 ], [ -69.12006552879501, -33.555472590824422 ], [ -69.119370140721912, -33.55481839808391 ], [ -69.118907720835239, -33.55432946802631 ], [ -69.118456293049348, -33.553850483755753 ], [ -69.116880634860991, -33.542214889128331 ], [ -69.106083188417983, -33.548530217027519 ], [ -69.106106618004446, -33.548581292260167 ], [ -69.104212891027714, -33.548781231261785 ], [ -69.102924598969139, -33.546043718714316 ], [ -69.102898536957923, -33.545986904938218 ], [ -69.109912959493272, -33.53073585110775 ], [ -69.109891980444104, -33.530701109158315 ], [ -69.11607774818367, -33.521287570255367 ], [ -69.118907378482561, -33.51746789463391 ], [ -69.118891893214823, -33.517404580362097 ], [ -69.12126373609442, -33.513594816238651 ], [ -69.122409668136186, -33.511941338029715 ], [ -69.122412707786225, -33.511939393371506 ], [ -69.123250980787816, -33.511012444439586 ], [ -69.123322149454339, -33.510989575240956 ], [ -69.124441789027856, -33.509391165153204 ], [ -69.124509972686326, -33.509367802941995 ], [ -69.129072213970517, -33.510995090388519 ], [ -69.12905965797853, -33.511024648135219 ], [ -69.130596655476438, -33.511361837668517 ], [ -69.132735325188776, -33.511876269296749 ], [ -69.132746377873673, -33.511850858836056 ], [ -69.132781794282153, -33.511838834574576 ], [ -69.132965591230686, -33.511497484760469 ], [ -69.133574644219607, -33.510325990938895 ], [ -69.133737866749584, -33.510018083398506 ], [ -69.13410062044278, -33.509342826753254 ], [ -69.13407582997462, -33.50933211961717 ], [ -69.134087148827234, -33.509305918332132 ], [ -69.135352031487287, -33.507473663270162 ], [ -69.135422079134685, -33.507450737364536 ], [ -69.139516737642339, -33.501588311895375 ], [ -69.143927431291559, -33.497098791570352 ], [ -69.146710336360456, -33.492973526514561 ], [ -69.149270251352164, -33.490447235451313 ], [ -69.151868442734667, -33.486239739617076 ], [ -69.15368508807245, -33.483326892549712 ], [ -69.15995622919371, -33.468183316339776 ], [ -69.160018020523808, -33.468154464312192 ], [ -69.161436863137794, -33.465805073942818 ], [ -69.171280221207041, -33.468559988450181 ], [ -69.173988043275926, -33.462452499805579 ], [ -69.177427493735649, -33.459811902949582 ], [ -69.183351818663709, -33.450406923350783 ], [ -69.190453841306464, -33.438997920496774 ], [ -69.19042445087922, -33.438963300424746 ], [ -69.191635144579266, -33.437148098618707 ], [ -69.191597257461751, -33.437103024953728 ], [ -69.193429751247095, -33.434315474564642 ], [ -69.193434961360651, -33.434284125982231 ], [ -69.193457367908309, -33.434287249186525 ], [ -69.193247238425499, -33.432041991247218 ], [ -69.193095740266699, -33.430569880407063 ], [ -69.193063957064965, -33.430525180701181 ], [ -69.189364325726331, -33.428203065343382 ], [ -69.188813609771898, -33.427823616396211 ], [ -69.188411760775864, -33.42961802631811 ], [ -69.177278274268133, -33.43350216642807 ], [ -69.174507634858855, -33.434479553472556 ], [ -69.174505717383568, -33.434495617211496 ], [ -69.17382685818967, -33.438559887638007 ], [ -69.158917710420155, -33.446024621397157 ], [ -69.157405660971676, -33.445188722235343 ], [ -69.157376198811107, -33.445157514714481 ], [ -69.156891709475815, -33.444894238206359 ], [ -69.156861547706626, -33.444861847111383 ], [ -69.145540197917342, -33.438221793821072 ], [ -69.145659414910483, -33.437429811766094 ], [ -69.14566501396132, -33.437385377373744 ], [ -69.145665792236457, -33.437379112276631 ], [ -69.145613100878165, -33.437372573527341 ], [ -69.144370155089632, -33.437243384824228 ], [ -69.143624703151431, -33.437076412202714 ], [ -69.143492868669966, -33.438764519442998 ], [ -69.143488538468432, -33.438799417111511 ], [ -69.143529927136115, -33.438804631863434 ], [ -69.14103044944062, -33.442100504503458 ], [ -69.140978186907148, -33.442134459550232 ], [ -69.138744931209885, -33.441902606182111 ], [ -69.138747800749854, -33.44187948136971 ], [ -69.138720337361235, -33.441876060990467 ], [ -69.134722178523646, -33.441424195013838 ], [ -69.134713511440737, -33.441429836486918 ], [ -69.133719485726658, -33.441326666069699 ], [ -69.13312960859065, -33.445523709158238 ], [ -69.133128810950211, -33.445530113235691 ], [ -69.133136416335958, -33.445531057048527 ], [ -69.133076908445048, -33.445919911811245 ], [ -69.133013451299917, -33.445961139145311 ], [ -69.132663736152608, -33.446140300283446 ], [ -69.132257683871103, -33.446099528936656 ], [ -69.132258145301478, -33.446095775214019 ], [ -69.132253668995133, -33.446095231152128 ], [ -69.125403014452331, -33.445338063347265 ], [ -69.125388206136108, -33.445347701740616 ], [ -69.123197274327481, -33.44512556779739 ], [ -69.122910755372686, -33.447360930731179 ], [ -69.122858130348106, -33.447395108480066 ], [ -69.116374684248115, -33.446002889499425 ], [ -69.1163381405579, -33.446026623074886 ], [ -69.116311033010504, -33.446023338570399 ], [ -69.113585183175474, -33.451476219079382 ], [ -69.10858139001914, -33.461472865298276 ], [ -69.108554138098157, -33.461657922904067 ], [ -69.108380986540965, -33.461793762249613 ], [ -69.108315103153586, -33.461836543179345 ], [ -69.10831456189004, -33.461836894646751 ], [ -69.108170316363669, -33.461892440294378 ], [ -69.10796841514366, -33.461870896366577 ], [ -69.089451140908807, -33.459867051639208 ], [ -69.077403114812455, -33.458581263355939 ], [ -69.07686001522336, -33.451369919243518 ], [ -69.077780180130731, -33.444377068149606 ], [ -69.077343885266828, -33.440585658435509 ], [ -69.075667802079579, -33.440774646987336 ], [ -69.075659699139749, -33.440768218890526 ], [ -69.072251887588834, -33.432444227460167 ], [ -69.071765734892892, -33.431208540927798 ], [ -69.078316849709722, -33.413218660341499 ], [ -69.078340273128731, -33.413212072656165 ], [ -69.081844922608866, -33.405110362346079 ], [ -69.078650256560195, -33.400189183234943 ], [ -69.078683689075547, -33.400132718041618 ], [ -69.079303881724968, -33.398629004978773 ], [ -69.079339944242577, -33.398573498411849 ], [ -69.090232616597575, -33.3822104373412 ], [ -69.092973802284916, -33.38249587334235 ], [ -69.093213241211743, -33.382265200972881 ], [ -69.093264123723543, -33.382245505338233 ], [ -69.093437769545972, -33.382091428610863 ], [ -69.093433549505221, -33.382060526009695 ], [ -69.093218870820863, -33.380338796641183 ], [ -69.093220311829953, -33.380331578827793 ], [ -69.09549722861982, -33.37713143175506 ], [ -69.090836007767393, -33.380693155283723 ], [ -69.089008432735852, -33.380829407769454 ], [ -69.087740008857281, -33.381166792964791 ], [ -69.087752629892691, -33.381196121667983 ], [ -69.086627665824381, -33.381910648859787 ], [ -69.074419661518107, -33.390871746904793 ], [ -69.073789598964765, -33.391138831817329 ], [ -69.0734973555941, -33.391264729619706 ], [ -69.071988307797085, -33.393163202329163 ], [ -69.071903796535707, -33.393292168236542 ], [ -69.071738718787799, -33.393452952051859 ], [ -69.059924296858867, -33.405535653586981 ], [ -69.05233451548213, -33.426075127211107 ], [ -69.04698364722077, -33.42855041518294 ], [ -69.046947395160203, -33.428608556043855 ], [ -69.029357809128953, -33.44654975117129 ], [ -68.978981360653393, -33.445684291646955 ], [ -68.971571020320198, -33.436590125969303 ], [ -68.965976656484372, -33.430715362810702 ], [ -68.959539381796162, -33.419775131833717 ], [ -68.959464818332663, -33.418829574565052 ], [ -68.959458209149147, -33.418821009848671 ], [ -68.957260109053607, -33.415129419305799 ], [ -68.956768816654062, -33.41461326323946 ], [ -68.956406388345158, -33.414258487411018 ], [ -68.956380656704539, -33.414195420090437 ], [ -68.956482032824908, -33.41367619591972 ], [ -68.956456227565809, -33.413613655920415 ], [ -68.956410273381096, -33.413544109288864 ], [ -68.956384160295556, -33.413481669523605 ], [ -68.956216272225959, -33.413188850983147 ], [ -68.956189602836957, -33.413126576935269 ], [ -68.955198065413583, -33.411394344544703 ], [ -68.955348645055949, -33.408744191277265 ], [ -68.955321011393494, -33.408684591878966 ], [ -68.952355892044579, -33.404173068876219 ], [ -68.952326716384448, -33.404112952998958 ], [ -68.950835092937382, -33.403290149947395 ], [ -68.951140909467881, -33.401038766986801 ], [ -68.946907377831963, -33.394654978897904 ], [ -68.941052449267318, -33.385826252802985 ], [ -68.941036579590389, -33.383530119890963 ], [ -68.942970915494641, -33.380103182944538 ], [ -68.939825653520302, -33.376514927619155 ], [ -68.936347233222705, -33.372546590400134 ], [ -68.931577388341168, -33.363087755229799 ], [ -68.930656976101318, -33.362317617924532 ], [ -68.930123424442911, -33.361503886900323 ], [ -68.930133551916242, -33.361471203871076 ], [ -68.930091258722769, -33.361481485687705 ], [ -68.929238188196905, -33.360800063593786 ], [ -68.929202071086479, -33.36078309161627 ], [ -68.928607828014378, -33.360523318279888 ], [ -68.925977862333923, -33.357621261006841 ], [ -68.925409045581375, -33.355780887260835 ], [ -68.924962053862828, -33.354334682873912 ], [ -68.92485332393278, -33.354150115464734 ], [ -68.924390043537926, -33.352513131568401 ], [ -68.924389771341168, -33.352511819720064 ], [ -68.924292274055006, -33.352167672215444 ], [ -68.924216837072493, -33.352110605860219 ], [ -68.923928161634535, -33.351885967550857 ], [ -68.92378375108899, -33.352525171030607 ], [ -68.923448515676569, -33.354009021406171 ], [ -68.923558266596501, -33.355339349288329 ], [ -68.923294997217226, -33.357607713715822 ], [ -68.923129507068154, -33.359489185317443 ], [ -68.922945235979284, -33.361190795066136 ] ], [ [ -68.903129060653669, -34.087718196873254 ], [ -68.903064940789193, -34.087761627184875 ], [ -68.90205491465963, -34.086644722624214 ], [ -68.902054673646717, -34.086644309612893 ], [ -68.902054245626346, -34.086644269951137 ], [ -68.860780134983486, -34.11763588932638 ], [ -68.857935340981726, -34.120872132613329 ], [ -68.821847037085092, -34.148768377919168 ], [ -68.789690263628984, -34.173625550885276 ], [ -68.782922698191442, -34.180357375965741 ], [ -68.781228168677046, -34.183256888604546 ], [ -68.77518348435791, -34.22312167968937 ], [ -68.76015584614953, -34.249850870078944 ], [ -68.762781193868193, -34.251515710618662 ], [ -68.762729143518413, -34.251545342903398 ], [ -68.784810603721382, -34.28434823549469 ], [ -68.847865603764149, -34.500344993685815 ], [ -68.894432159083181, -34.505466819630499 ], [ -68.853713935411122, -34.530619381543261 ], [ -68.847913310028218, -34.533437671698778 ], [ -68.846525907823207, -34.536392570565624 ], [ -68.826943848546591, -34.555328809530067 ], [ -68.825636095961102, -34.55342836068894 ], [ -68.762818095066564, -34.616500006487854 ], [ -68.762283996980273, -34.618547560979323 ], [ -68.762258234401202, -34.618565026986175 ], [ -68.747801677370944, -34.63104457683869 ], [ -68.742982334737974, -34.633254996146377 ], [ -68.742952074901552, -34.63326588236157 ], [ -68.737167177971287, -34.631262383249293 ], [ -68.719565790123625, -34.694173381466271 ], [ -68.726343735802004, -34.700783642886108 ], [ -68.730981697563493, -34.708072448374537 ], [ -68.733262523794338, -34.709960130292245 ], [ -68.741149823163141, -34.768477122762363 ], [ -68.741145373883114, -34.768491822735257 ], [ -68.741085286419263, -34.76846711014673 ], [ -68.741063703984423, -34.768476658087479 ], [ -68.741090087500766, -34.768559930146523 ], [ -68.741068504859413, -34.768569246586196 ], [ -68.739976886594832, -34.769670076405362 ], [ -68.738497924908359, -34.774212274288288 ], [ -68.741424612951221, -34.797821639470897 ], [ -68.741438337868772, -34.797834107611095 ], [ -68.692802183266053, -34.856061546343255 ], [ -68.693601893236632, -34.85675520646106 ], [ -68.693604880411272, -34.856757961147991 ], [ -68.693641814286138, -34.856794299684907 ], [ -68.693678897249413, -34.856830784912177 ], [ -68.693682065134738, -34.856833326445553 ], [ -68.693837558020164, -34.856937037254738 ], [ -68.694009739034868, -34.85705187873009 ], [ -68.694018955513343, -34.857058025950096 ], [ -68.745178029959618, -34.804654619295889 ], [ -68.745327839313063, -34.807517940306752 ], [ -68.745512135028378, -34.811040422813221 ], [ -68.745737749346006, -34.815352636398018 ], [ -68.758186984131214, -34.858653496341446 ], [ -68.793265632005387, -34.803876540490933 ], [ -68.803240209430726, -34.795279507592738 ], [ -68.803259247169933, -34.795270682324315 ], [ -68.811564411112556, -34.792889275855487 ], [ -68.815982814791653, -34.792491372552036 ], [ -68.816000881951879, -34.792452156103195 ], [ -68.817756573845088, -34.792187305381049 ], [ -68.817778118142257, -34.792144707639181 ], [ -68.822769408176896, -34.791441073083945 ], [ -68.822799617676253, -34.791389080361341 ], [ -68.830652435811544, -34.790456278593979 ], [ -68.831465015006472, -34.792401160090435 ], [ -68.832119921880462, -34.792151940598387 ], [ -68.832409561779116, -34.792711422763432 ], [ -68.832422415680696, -34.792712497008665 ], [ -68.832722947989055, -34.792563643496123 ], [ -68.836185675386048, -34.796408860341558 ], [ -68.837446583974895, -34.801582925236687 ], [ -68.837432325157465, -34.801596789544078 ], [ -68.838300704156325, -34.803253026310301 ], [ -68.838340636451392, -34.803589307536981 ], [ -68.838339434684599, -34.803596389779955 ], [ -68.838648831157855, -34.80382872953237 ], [ -68.83864624572908, -34.803832994982486 ], [ -68.840605208962586, -34.804410514295853 ], [ -68.84060638289742, -34.80439928665453 ], [ -68.8441478555809, -34.803988344228401 ], [ -68.844154248606458, -34.803987499175662 ], [ -68.844212212186505, -34.803951764211888 ], [ -68.844085081209869, -34.806832534963803 ], [ -68.843414469742413, -34.806883477842689 ], [ -68.843352420713472, -34.806925338793462 ], [ -68.830471124209282, -34.826197314734259 ], [ -68.857014486141338, -34.86907724732896 ], [ -68.865840836479606, -34.872801237752469 ], [ -68.869169395566701, -34.873123066451456 ], [ -68.876698026552788, -34.873850980694726 ], [ -68.876732463011308, -34.873845036476098 ], [ -68.879828915800204, -34.87412215662647 ], [ -68.904491024996275, -34.858812818543527 ], [ -68.907706453618857, -34.854382087217459 ], [ -68.907735981623432, -34.85437112905214 ], [ -68.948381854132492, -34.831536092104386 ], [ -68.948395249794942, -34.831558684763081 ], [ -68.951141094294258, -34.82989042480358 ], [ -68.951185909689855, -34.829836674813691 ], [ -68.958574312672965, -34.825632390366081 ], [ -68.958604672108436, -34.825597489524739 ], [ -68.964511011222328, -34.81513826107971 ], [ -68.964553947534966, -34.815087402961296 ], [ -68.966256820021556, -34.81196965520445 ], [ -68.971099522730015, -34.816064839167211 ], [ -68.996782167976676, -34.84563437352972 ], [ -69.0266385207741, -34.888238932411525 ], [ -69.026151216881487, -34.88919549053162 ], [ -69.036964960463649, -34.893764486032865 ], [ -69.06317669921134, -34.908906921458652 ], [ -69.065360432727232, -34.910054950487734 ], [ -69.067656739686754, -34.911262153462303 ], [ -69.071063871870592, -34.913053344512718 ], [ -69.073090640055, -34.914118847726911 ], [ -69.075205967314389, -34.915230907809075 ], [ -69.077415787637051, -34.916392644348377 ], [ -69.07745951255265, -34.916391720535614 ], [ -69.079769495628057, -34.917606564037783 ], [ -69.082462259521151, -34.91902270802359 ], [ -69.094882817269649, -34.927458071366118 ], [ -69.098095454255258, -34.929090938453157 ], [ -69.100310350725749, -34.930216693958755 ], [ -69.100357636719707, -34.930228712081089 ], [ -69.108818976315717, -34.934526073606548 ], [ -69.113385213204936, -34.936845182832826 ], [ -69.121533205773687, -34.942041433535337 ], [ -69.126345326202852, -34.944422733641773 ], [ -69.139015536267891, -34.944501748634707 ], [ -69.143262403326446, -34.94705182476747 ], [ -69.146593113633116, -34.949021648347014 ], [ -69.146595075147445, -34.949059155177451 ], [ -69.146635413237902, -34.949069396248262 ], [ -69.157037160900131, -34.955072391464398 ], [ -69.163502309614046, -34.958909343150367 ], [ -69.167306042943324, -34.960998696658805 ], [ -69.167348959670903, -34.961002562958697 ], [ -69.167652227718463, -34.961029793311354 ], [ -69.18150982749745, -34.969429302306878 ], [ -69.191672280059947, -34.974693189985942 ], [ -69.196403616845316, -34.977874778017565 ], [ -69.201557114594038, -34.981309631008116 ], [ -69.201633033042356, -34.981328732202542 ], [ -69.201636014140831, -34.981336820039871 ], [ -69.202986232181956, -34.98223401888157 ], [ -69.20204861833281, -34.982055586799675 ], [ -69.201615901394518, -34.982312433339416 ], [ -69.201507138481986, -34.982377389682654 ], [ -69.201469561005467, -34.982406425525369 ], [ -69.201429380761169, -34.982362083430075 ], [ -69.201360747573347, -34.982287816129372 ], [ -69.201324240541624, -34.982240942862688 ], [ -69.201326271080291, -34.982239594862676 ], [ -69.200965387715087, -34.981813095801613 ], [ -69.197585844133471, -34.981125564419926 ], [ -69.197545827274382, -34.981133597868507 ], [ -69.195547852161212, -34.981297336805312 ], [ -69.191734425098559, -34.98082549709801 ], [ -69.190212774827955, -34.980807493969166 ], [ -69.19015410212694, -34.980792725128424 ], [ -69.178631763244823, -34.979470285289551 ], [ -69.167171227789709, -34.978693914969881 ], [ -69.167106508407585, -34.978677485604805 ], [ -69.159424783347731, -34.9779104852214 ], [ -69.137322277870112, -34.988763486669654 ], [ -69.132351106096792, -34.989264737495091 ], [ -69.131254503407945, -34.988857748867247 ], [ -69.115027246537977, -34.990971249252709 ], [ -69.093652201345151, -34.993059165023453 ], [ -69.093397624419197, -34.992967882730341 ], [ -69.092949224162794, -34.989654084183655 ], [ -69.088200563895043, -34.988670934067329 ], [ -69.088072801750002, -34.988376531272195 ], [ -69.076150579494424, -34.977520914778836 ], [ -69.0734460754515, -34.973886712589604 ], [ -69.066590385261463, -34.964163706684246 ], [ -69.061113063072298, -34.957003157629572 ], [ -69.056493426114002, -34.951040814932583 ], [ -69.054021480150539, -34.947828097272236 ], [ -69.053947724743693, -34.947809155211417 ], [ -69.045342147993551, -34.953308770790784 ], [ -69.037776230603811, -34.961625237947771 ], [ -69.030799015126775, -34.967445098364578 ], [ -69.025819765927963, -34.971598405480563 ], [ -69.009962881433523, -34.989569283469393 ], [ -69.010025379669969, -34.989598326005591 ], [ -69.009843484342298, -34.989936404498792 ], [ -69.009836220411842, -34.98995736358836 ], [ -69.009119823325136, -34.990073498577999 ], [ -69.009064831051546, -34.990017520168294 ], [ -69.009105280612232, -34.989846569229201 ], [ -68.899552293079978, -34.982897515649597 ], [ -68.899545394999734, -34.982893093169423 ], [ -68.896563488366667, -34.992787095481276 ], [ -68.896548504586235, -34.992779944058157 ], [ -68.851772930116908, -35.024496489992657 ], [ -68.845627006265772, -35.027508710722827 ], [ -68.823561033639464, -35.016039537510949 ], [ -68.803740363323413, -35.010780407205516 ], [ -68.793816731876632, -35.024239712040355 ], [ -68.793418415724943, -35.024402782490881 ], [ -68.731965203562027, -35.029294260254687 ], [ -68.71863545326238, -35.024971089333178 ], [ -68.718581853416026, -35.024954430723938 ], [ -68.706358227449414, -35.014420642232608 ], [ -68.700121405184575, -35.025212913345285 ], [ -68.70009407470161, -35.025204205539524 ], [ -68.699783451619396, -35.02523029948884 ], [ -68.706874494839496, -35.035112938054908 ], [ -68.706931276973251, -35.035143933023733 ], [ -68.707341410101151, -35.035385480609648 ], [ -68.707399727995835, -35.035416435641082 ], [ -68.707853481564314, -35.035650580008792 ], [ -68.707912577138018, -35.035683028780454 ], [ -68.708347357152945, -35.035956935062302 ], [ -68.708406892531684, -35.035991654893053 ], [ -68.709157687763707, -35.036434855165169 ], [ -68.709220163930127, -35.036469141399039 ], [ -68.70921994120522, -35.036469693237677 ], [ -68.710531660194476, -35.037195205570129 ], [ -68.710572686908051, -35.037214701808011 ], [ -68.711039566501995, -35.037474040450491 ], [ -68.711107717591915, -35.037508693066286 ], [ -68.711128989318013, -35.037518772510907 ], [ -68.712031630498188, -35.037978068571931 ], [ -68.711005957578948, -35.038568620093656 ], [ -68.710989416712096, -35.038570989272841 ], [ -68.710627223143319, -35.03831228377669 ], [ -68.710586065005998, -35.038349600283084 ], [ -68.710677412467135, -35.038759995118028 ], [ -68.710702473531228, -35.039027635590287 ], [ -68.710724798293597, -35.039323520701998 ], [ -68.710660091161515, -35.039356225319239 ], [ -68.71067762104235, -35.039366635652186 ], [ -68.71054293674058, -35.039486391250762 ], [ -68.710504219468362, -35.039494639707186 ], [ -68.710444453171931, -35.039505783434549 ], [ -68.710415264686844, -35.039511147995256 ], [ -68.710414653051032, -35.039506036302669 ], [ -68.710407841683491, -35.039501944873962 ], [ -68.710403408098784, -35.039454744018201 ], [ -68.710067499567913, -35.039466177571228 ], [ -68.709735197713883, -35.039487523542732 ], [ -68.709620688295672, -35.039501537239346 ], [ -68.709609843563555, -35.039494372963475 ], [ -68.709265299539652, -35.039513204621414 ], [ -68.709241109518018, -35.039514649203454 ], [ -68.709001837325047, -35.039541630777137 ], [ -68.708898090999014, -35.039540118502316 ], [ -68.708784304804681, -35.039532015207726 ], [ -68.708734481123599, -35.039441463779895 ], [ -68.708301112054698, -35.03946184688175 ], [ -68.708029456149461, -35.039478261895283 ], [ -68.707739183865215, -35.039491003757973 ], [ -68.707238358253733, -35.039533456326978 ], [ -68.705845530588874, -35.039636469517404 ], [ -68.701990459924218, -35.039610501202162 ], [ -68.699290826446031, -35.038934212560719 ], [ -68.699158573548004, -35.038914279361336 ], [ -68.69956645423747, -35.03868874452138 ], [ -68.698670514729372, -35.038368806501751 ], [ -68.688690089502131, -35.037317379033652 ], [ -68.688706485446403, -35.037274413294313 ], [ -68.688135885148085, -35.037143883919725 ], [ -68.688084938350926, -35.036998718223117 ], [ -68.688257102844091, -35.03674789004134 ], [ -68.688264171265644, -35.036703515278646 ], [ -68.687319837310611, -35.035768957943276 ], [ -68.687312554240123, -35.03571822433031 ], [ -68.686097299673634, -35.035577586932845 ], [ -68.686081522621976, -35.035566181685624 ], [ -68.68608428916275, -35.035539725373553 ], [ -68.68606836638611, -35.035528211191604 ], [ -68.685573401379656, -35.035441817578885 ], [ -68.685558478648431, -35.035431935290546 ], [ -68.685438405448849, -35.035197483492766 ], [ -68.684062947824714, -35.03438324950497 ], [ -68.684053339884372, -35.034377441777451 ], [ -68.684034568760694, -35.034379576228901 ], [ -68.684025373312295, -35.034373345874258 ], [ -68.683620478136675, -35.034399830173356 ], [ -68.683582306350615, -35.034341856572496 ], [ -68.681420534542099, -35.033359976485315 ], [ -68.681236170700856, -35.033262902640899 ], [ -68.681226830660194, -35.03326121328638 ], [ -68.680999740324069, -35.033228949915554 ], [ -68.680702042661721, -35.033023838807082 ], [ -68.680551908896632, -35.03288398257871 ], [ -68.67967340256655, -35.033280802506226 ], [ -68.679600769454964, -35.033289029212028 ], [ -68.679571875513489, -35.033286889023714 ], [ -68.679567933922783, -35.033284153053899 ], [ -68.679138722976347, -35.033153869240095 ], [ -68.67865789988906, -35.033109231591141 ], [ -68.678570747103208, -35.03313540554916 ], [ -68.67856514119643, -35.03315812624578 ], [ -68.67863873096627, -35.033482873964033 ], [ -68.678472544860256, -35.033396289184395 ], [ -68.678507489331992, -35.034092777076637 ], [ -68.67751271606005, -35.03438811315533 ], [ -68.676696681073167, -35.035577330208184 ], [ -68.67668565539708, -35.035603330229435 ], [ -68.676866890314386, -35.036182271424423 ], [ -68.676267716046482, -35.036245532061514 ], [ -68.675163085243469, -35.036660236725993 ], [ -68.675165373171467, -35.036717893545472 ], [ -68.675165845567108, -35.03672635188002 ], [ -68.67473580942476, -35.03674022180229 ], [ -68.674731510291451, -35.036744204012678 ], [ -68.674291667593536, -35.036951327706788 ], [ -68.671448898073663, -35.037712765183414 ], [ -68.67129081345962, -35.037713061298746 ], [ -68.670812621104744, -35.037222797445565 ], [ -68.670780670603506, -35.037223211018841 ], [ -68.669863262547494, -35.037743796823463 ], [ -68.669077523238229, -35.036664041876747 ], [ -68.661707650813014, -35.026181118915588 ], [ -68.661630875499327, -35.02617187563925 ], [ -68.661629940845899, -35.026173295784361 ], [ -68.661465807916102, -35.025884604824171 ], [ -68.661405101435264, -35.025819808602193 ], [ -68.661446213501563, -35.025793774444537 ], [ -68.661449625795456, -35.025795213954609 ], [ -68.661457509477884, -35.025794375184489 ], [ -68.661480890854989, -35.025791888366825 ], [ -68.661545284597764, -35.025777685646688 ], [ -68.661631119411254, -35.025769759002685 ], [ -68.661631959864394, -35.025779518692104 ], [ -68.661637500968652, -35.025798550562172 ], [ -68.661653428960221, -35.025787777026324 ], [ -68.661647316927542, -35.025797549411095 ], [ -68.662616837529413, -35.025536658764906 ], [ -68.662674845211427, -35.025499472739625 ], [ -68.663233646462857, -35.025378722972391 ], [ -68.663287468076589, -35.025346328311741 ], [ -68.663490742162594, -35.024645235299374 ], [ -68.664451818199666, -35.020991994656583 ], [ -68.664503216784169, -35.02102965373939 ], [ -68.664604781563582, -35.020666962807979 ], [ -68.664610557503693, -35.020662880083592 ], [ -68.664618793502939, -35.020588314587201 ], [ -68.664674944415026, -35.020543849608316 ], [ -68.664619109471971, -35.020289994826953 ], [ -68.664558613524491, -35.020245670223119 ], [ -68.663627468944128, -35.01777834423757 ], [ -68.659896267873876, -35.016782663184131 ], [ -68.651716181435177, -35.012238387837101 ], [ -68.651658262580781, -35.012189918878391 ], [ -68.651510394809236, -35.012165431907988 ], [ -68.650996109934113, -35.012006463958073 ], [ -68.650963768727308, -35.011973228694103 ], [ -68.650935387279901, -35.011954588893047 ], [ -68.648639623892052, -35.011198488195589 ], [ -68.648511671147503, -35.011151561899169 ], [ -68.648116481990087, -35.011191318466615 ], [ -68.644069716194451, -35.006994211372728 ], [ -68.644035573508631, -35.006984456069972 ], [ -68.643029405538527, -35.006326897207828 ], [ -68.642758971046078, -35.00615015915298 ], [ -68.642649508274758, -35.006116318838508 ], [ -68.642612270060226, -35.006108462945861 ], [ -68.639347459559303, -35.003655232334324 ], [ -68.637902037164224, -35.003359748934713 ], [ -68.632825090356107, -34.999058845307161 ], [ -68.632299191881998, -34.998878671074806 ], [ -68.631814815048074, -34.998712722942969 ], [ -68.631761968035903, -34.998671149412303 ], [ -68.631754654956126, -34.998672671515635 ], [ -68.630939144690046, -34.999177434470539 ], [ -68.630938143526919, -34.996917842695495 ], [ -68.630937323871819, -34.995079127813995 ], [ -68.630892785675769, -34.9949888862389 ], [ -68.630624879942502, -34.994438001005904 ], [ -68.630248236031946, -34.993679816776762 ], [ -68.630060815153684, -34.993278133879301 ], [ -68.626002274305677, -34.983398907432161 ], [ -68.625978078037633, -34.982419978813027 ], [ -68.62593414833367, -34.981271354093849 ], [ -68.62589966015986, -34.980369590663997 ], [ -68.625894125541492, -34.980346061217858 ], [ -68.622702215389381, -34.970439396831011 ], [ -68.617738230117311, -34.962987924792913 ], [ -68.61642125937766, -34.959750673880706 ], [ -68.616421813512432, -34.959715395227192 ], [ -68.624742102458868, -34.948954399562354 ], [ -68.62955403557811, -34.945845041445295 ], [ -68.631033309058637, -34.945204953385144 ], [ -68.631072572604296, -34.945176418663266 ], [ -68.632364756954587, -34.943836493121012 ], [ -68.63301118584792, -34.943756236535478 ], [ -68.642961103152913, -34.931631848644543 ], [ -68.642597532617458, -34.930105657800368 ], [ -68.641977015866075, -34.928254422432246 ], [ -68.641965263846259, -34.928221339751758 ], [ -68.641877373411091, -34.926867283636341 ], [ -68.64186950951273, -34.92683217167189 ], [ -68.641869458408109, -34.926795055371713 ], [ -68.641101627173441, -34.924797773883085 ], [ -68.637815463956258, -34.921078552061999 ], [ -68.637799358348275, -34.921031759904452 ], [ -68.636829021854169, -34.920487437600229 ], [ -68.636798962382727, -34.920470840253529 ], [ -68.635967090183613, -34.919851165388252 ], [ -68.634825681293989, -34.913948208165777 ], [ -68.633463923821864, -34.91313321363134 ], [ -68.628569776977201, -34.91271571970924 ], [ -68.628557118549281, -34.912677352717594 ], [ -68.628220319617697, -34.910978623886933 ], [ -68.628204538693126, -34.910953965841543 ], [ -68.627024993040493, -34.910682478096362 ], [ -68.626576210077474, -34.909136827014038 ], [ -68.625201508559144, -34.905754775751291 ], [ -68.603470260237714, -34.903376736812447 ], [ -68.597757171854141, -34.900231097646667 ], [ -68.597612921049802, -34.899878443799821 ], [ -68.597592193253718, -34.899866652315495 ], [ -68.596746402697249, -34.89989984105847 ], [ -68.589142470601018, -34.896110314149496 ], [ -68.55087763346063, -34.896864179520321 ], [ -68.551450149806954, -34.897684202133973 ], [ -68.533931739040497, -34.903218205274072 ], [ -68.533110790151795, -34.903808139893727 ], [ -68.536647535662325, -34.919345970773861 ], [ -68.517856752177693, -34.924224976130915 ], [ -68.517836311391932, -34.924227755857032 ], [ -68.515539106567246, -34.923118150110554 ], [ -68.515521513420765, -34.923126280997735 ], [ -68.51235079126991, -34.922000063739517 ], [ -68.512313448958764, -34.921978575025946 ], [ -68.502249138277762, -34.911319029865979 ], [ -68.502238470693783, -34.911312064125298 ], [ -68.500272864683211, -34.908214259739395 ], [ -68.479665590158277, -34.896961986596125 ], [ -68.428950756847257, -34.891822300281319 ], [ -68.287703719263561, -34.918324300514428 ], [ -68.27950955628296, -34.929032925727597 ], [ -68.2734232052685, -34.937676889592638 ], [ -68.265935311090459, -34.947361997629173 ], [ -68.253980830090768, -34.964775967240826 ], [ -68.250207657920669, -34.968507225498172 ], [ -68.240305153241877, -34.960602316395011 ], [ -68.225939414073309, -34.955381391793992 ], [ -67.96007966946047, -34.903947421711337 ], [ -67.94758358319217, -34.897499812507476 ], [ -67.926667741827828, -34.869267445541709 ], [ -67.923544864054065, -34.868679697393929 ], [ -67.920051599029875, -34.863174321836198 ], [ -67.920031748044835, -34.863174450252416 ], [ -67.915994647211051, -34.856780594536417 ], [ -67.914134346090123, -34.858953680908257 ], [ -67.912278982984219, -34.861192804275504 ], [ -67.911038242813277, -34.862661649511949 ], [ -67.909979405137506, -34.863915151973686 ], [ -67.909245762291391, -34.864783673310512 ], [ -67.902705707049506, -34.870982115889717 ], [ -67.892801826125321, -34.881566126166888 ], [ -67.892801787259089, -34.881605333286075 ], [ -67.8866192799847, -34.890154809853527 ], [ -67.874343844666953, -34.89412911157558 ], [ -67.874332774214395, -34.897143734688484 ], [ -67.87432893325024, -34.898189677450318 ], [ -67.874328861304321, -34.89826253239454 ], [ -67.874316741984558, -34.901560661904568 ], [ -67.874315606019536, -34.901841884323801 ], [ -67.874309729505569, -34.903449440053407 ], [ -67.874303652108949, -34.905111930161013 ], [ -67.874303320720514, -34.905193702797931 ], [ -67.874299199053894, -34.906326116129151 ], [ -67.87429588303246, -34.907237195939558 ], [ -67.874264689348365, -34.907268527310123 ], [ -67.873499024737384, -34.906591726152897 ], [ -67.872884449691867, -34.906093924655352 ], [ -67.872356812413898, -34.905666540525033 ], [ -67.872314043558049, -34.905666770970129 ], [ -67.870428243893741, -34.904131870235688 ], [ -67.866707839007518, -34.90754371474236 ], [ -67.866730102480801, -34.90756586405621 ], [ -67.866707827917082, -34.907588253347228 ], [ -67.863660393263046, -34.910402516296756 ], [ -67.860610697887864, -34.907617304605083 ], [ -67.860584827425669, -34.907591504121285 ], [ -67.855132758265199, -34.902596216720667 ], [ -67.855089839513141, -34.902596614084246 ], [ -67.855053560234012, -34.902596710333398 ], [ -67.853748115145891, -34.903720219640491 ], [ -67.852366446143662, -34.904850930427529 ], [ -67.850312437075331, -34.900484834706504 ], [ -67.850312264805211, -34.900435002615836 ], [ -67.846413695980232, -34.896425715143323 ], [ -67.844432870053538, -34.897625709319641 ], [ -67.841194940813807, -34.903676205552813 ], [ -67.833708342094894, -34.89903075859246 ], [ -67.830626543061555, -34.896011573554063 ], [ -67.830583525024963, -34.896011739673895 ], [ -67.829846286788722, -34.896658447120501 ], [ -67.824289703797319, -34.894040758195047 ], [ -67.820933612842509, -34.889324615037708 ], [ -67.820933119752283, -34.889324125431585 ], [ -67.820933611844168, -34.889323629837975 ], [ -67.820871466886103, -34.889273202488198 ], [ -67.820792709014938, -34.889273793692439 ], [ -67.820733781203614, -34.88923037458602 ], [ -67.820632007089387, -34.889323765946529 ], [ -67.820634620059081, -34.889326360361679 ], [ -67.820631997601595, -34.889329001558451 ], [ -67.819071899451046, -34.890828150116477 ], [ -67.819065600619183, -34.890834407938371 ], [ -67.818302351297575, -34.889898261097869 ], [ -67.818302484871083, -34.889824551840434 ], [ -67.813478053217864, -34.883997700162467 ], [ -67.78808410867066, -34.865289544696736 ], [ -67.78438403604423, -34.864496745014833 ], [ -67.779327608851702, -34.866787173861212 ], [ -67.775893448604506, -34.868287468032804 ], [ -67.777662337636571, -34.864948954360443 ], [ -67.777672868686921, -34.864926445231902 ], [ -67.777152245550951, -34.860196318878081 ], [ -67.777133935180188, -34.860154445676244 ], [ -67.776609878856277, -34.859181169916667 ], [ -67.77780807640778, -34.85876961354262 ], [ -67.777839669854302, -34.858756092009855 ], [ -67.77785132298385, -34.858783553327669 ], [ -67.778956956487832, -34.858384424626934 ], [ -67.778985843707005, -34.8583251186746 ], [ -67.778997507589565, -34.858323306564671 ], [ -67.778770272976658, -34.856845547977628 ], [ -67.777636672037602, -34.855743155769005 ], [ -67.773392438644578, -34.851900221350036 ], [ -67.770513607537225, -34.851221019334275 ], [ -67.770497430485875, -34.851215756560748 ], [ -67.769969027188495, -34.850225874310183 ], [ -67.770288417239328, -34.848502116315444 ], [ -67.769795348770458, -34.848080367405146 ], [ -67.769061149207801, -34.847404489439214 ], [ -67.768999822557817, -34.847384401683826 ], [ -67.768050797102433, -34.846516387065151 ], [ -67.768952467934753, -34.846540336193357 ], [ -67.768995608270473, -34.846522026704406 ], [ -67.769236599376143, -34.846444064737568 ], [ -67.769284318337213, -34.846524093391508 ], [ -67.769305105764261, -34.846530934754867 ], [ -67.769320226571892, -34.846565473079465 ], [ -67.770071727730794, -34.846567129621349 ], [ -67.770102022231811, -34.846554048821986 ], [ -67.770541270863362, -34.846376284730468 ], [ -67.770614017720675, -34.846390656789538 ], [ -67.77070341226505, -34.846468514655214 ], [ -67.771010213904447, -34.846473355446619 ], [ -67.771024197173404, -34.846467360844485 ], [ -67.771429103033711, -34.846290472180328 ], [ -67.771417332016654, -34.846262827617863 ], [ -67.771401139444322, -34.846174657532231 ], [ -67.77143369913108, -34.846160796775791 ], [ -67.77172249686123, -34.84610760026078 ], [ -67.771999227591834, -34.845988291782021 ], [ -67.772967721344514, -34.845998537208459 ], [ -67.772994902758342, -34.845941947004576 ], [ -67.773936471093918, -34.845966349408684 ], [ -67.773956691247292, -34.845924256271246 ], [ -67.77452523339673, -34.845946804362654 ], [ -67.774541220193782, -34.845913520363013 ], [ -67.774584324571777, -34.845944851825664 ], [ -67.774599579567393, -34.845912308222125 ], [ -67.774940806213522, -34.845930409104881 ], [ -67.776154962721193, -34.846598712849925 ], [ -67.780302336386853, -34.846473088058758 ], [ -67.784448982013373, -34.844997461087928 ], [ -67.784455318547145, -34.845012126558686 ], [ -67.786881915564948, -34.844782334499541 ], [ -67.786925492791568, -34.844763435506763 ], [ -67.795888116062429, -34.851761421357651 ], [ -67.795934691325726, -34.851776070115932 ], [ -67.796665888370853, -34.851895237937356 ], [ -67.796711675451036, -34.851909592345407 ], [ -67.79674575768388, -34.851936226409066 ], [ -67.807416067594374, -34.85385878521447 ], [ -67.807452168003351, -34.853851085035046 ], [ -67.809838781893347, -34.853001517476628 ], [ -67.811963968910959, -34.85247906026035 ], [ -67.812007920058306, -34.852493394211081 ], [ -67.81226771439475, -34.852519790319775 ], [ -67.812311403811009, -34.852534165626253 ], [ -67.815003387668526, -34.852887468541155 ], [ -67.818767483546651, -34.853725912705727 ], [ -67.82194796056973, -34.851104449734066 ], [ -67.832384318561651, -34.852232764569123 ], [ -67.840087196513309, -34.852955661484714 ], [ -67.84014826259147, -34.852929762959434 ], [ -67.844649800161733, -34.849195971539473 ], [ -67.847979926254652, -34.841197032935213 ], [ -67.8578056539925, -34.837478718859359 ], [ -67.866078270377386, -34.830139211895187 ], [ -67.858004666375166, -34.827347450158754 ], [ -67.857982452569729, -34.827329774953171 ], [ -67.857834230236278, -34.827276463319322 ], [ -67.857809924248727, -34.827261537493087 ], [ -67.809589580106035, -34.790247404885974 ], [ -67.79734099245178, -34.7682171570018 ], [ -67.800918585416923, -34.723847603627291 ], [ -67.739287310698558, -34.628974659161088 ], [ -67.737678679409214, -34.625423519225365 ], [ -67.73258571942722, -34.622830936201638 ], [ -67.731752298746471, -34.622646803176281 ], [ -67.725239383312214, -34.620870422933706 ], [ -67.732607709806871, -34.614623337226419 ], [ -67.691079675179424, -34.504718003164271 ], [ -67.684592981493495, -34.499979558580321 ], [ -67.647301783285798, -34.473880762564193 ], [ -67.706207791076054, -34.472275512018712 ], [ -67.729158234131546, -34.457705301972965 ], [ -67.782098503255952, -34.451019106037904 ], [ -67.869213005294569, -34.435647221169802 ], [ -67.871039111164009, -34.427904956225177 ], [ -67.871141566770518, -34.428109827976186 ], [ -67.87989883319085, -34.414061378577742 ], [ -67.879903719414926, -34.413989567550573 ], [ -67.891256255432211, -34.412528410599066 ], [ -68.082604314807895, -34.419999268745073 ], [ -68.086500548903075, -34.420828216709538 ], [ -68.086555464806111, -34.420812880459948 ], [ -68.142836740182872, -34.439790120073724 ], [ -68.148045722284451, -34.436330489900172 ], [ -68.148103516305582, -34.436334814350857 ], [ -68.206240746219066, -34.413205525845854 ], [ -68.268519892710458, -34.399101142383984 ], [ -68.355105123964961, -34.408677547803563 ], [ -68.41572771601119, -34.388841595299823 ], [ -68.426392847325985, -34.387737586373419 ], [ -68.46806186570808, -34.352094615252099 ], [ -68.516193170817928, -34.314061214835533 ], [ -68.516337539297069, -34.313857851391333 ], [ -68.516370228943629, -34.313815903497641 ], [ -68.523966899257232, -34.299254455064215 ], [ -68.55201038467942, -34.281011330381205 ], [ -68.552049234375431, -34.280978648852169 ], [ -68.552324914445364, -34.280806978103953 ], [ -68.597536585922057, -34.205269358907799 ], [ -68.588005822076468, -34.176503341941498 ], [ -68.571087361711193, -34.157061832359545 ], [ -68.57102208823369, -34.157036586526374 ], [ -68.569828341782511, -34.155044366606319 ], [ -68.568372826375025, -34.151445463622224 ], [ -68.574538351753517, -34.149337076620554 ], [ -68.589733034421783, -34.14616204967092 ], [ -68.589795169383137, -34.146189556304591 ], [ -68.615149114058511, -34.149793248995422 ], [ -68.6464108516343, -34.159708228671775 ], [ -68.68642769387219, -34.172399976402062 ], [ -68.73598142148353, -34.176207051690994 ], [ -68.777200948657992, -34.153692824465622 ], [ -68.806019198587478, -34.137952211420725 ], [ -68.827942773456698, -34.125974149117724 ], [ -68.852679717842079, -34.112463794001371 ], [ -68.899303970356527, -34.086985577793371 ], [ -68.902437956994731, -34.084676612663429 ], [ -68.902507921387951, -34.084644275701294 ], [ -68.908073480699159, -34.082307762262815 ], [ -68.903129060653669, -34.087718196873254 ] ] ] ] } },
{ "type": "Feature", "properties": { "ObjectID": 107, "FacilityID": 28, "Name": "AFA : 0 - 60", "FromBreak": 0.0, "ToBreak": 60.0 }, "geometry": { "type": "MultiPolygon", "coordinates": [ [ [ [ -68.902437956994731, -34.084676612663429 ], [ -68.899303970356527, -34.086985577793371 ], [ -68.852679717842079, -34.112463794001371 ], [ -68.827942773456698, -34.125974149117724 ], [ -68.806019198587478, -34.137952211420725 ], [ -68.777200948657992, -34.153692824465622 ], [ -68.73598142148353, -34.176207051690994 ], [ -68.68642769387219, -34.172399976402062 ], [ -68.6464108516343, -34.159708228671775 ], [ -68.615149114058511, -34.149793248995422 ], [ -68.589795169383137, -34.146189556304591 ], [ -68.589733034421783, -34.14616204967092 ], [ -68.574538351753517, -34.149337076620554 ], [ -68.568372826375025, -34.151445463622224 ], [ -68.569828341782511, -34.155044366606319 ], [ -68.57102208823369, -34.157036586526374 ], [ -68.571087361711193, -34.157061832359545 ], [ -68.588005822076468, -34.176503341941498 ], [ -68.597536585922057, -34.205269358907799 ], [ -68.552324914445364, -34.280806978103953 ], [ -68.552049234375431, -34.280978648852169 ], [ -68.55201038467942, -34.281011330381205 ], [ -68.523966899257232, -34.299254455064215 ], [ -68.516370228943629, -34.313815903497641 ], [ -68.516337539297069, -34.313857851391333 ], [ -68.516193170817928, -34.314061214835533 ], [ -68.46806186570808, -34.352094615252099 ], [ -68.426392847325985, -34.387737586373419 ], [ -68.41572771601119, -34.388841595299823 ], [ -68.355105123964961, -34.408677547803563 ], [ -68.268519892710458, -34.399101142383984 ], [ -68.206240746219066, -34.413205525845854 ], [ -68.148103516305582, -34.436334814350857 ], [ -68.148045722284451, -34.436330489900172 ], [ -68.142836740182872, -34.439790120073724 ], [ -68.086555464806111, -34.420812880459948 ], [ -68.086500548903075, -34.420828216709538 ], [ -68.082604314807895, -34.419999268745073 ], [ -67.891256255432211, -34.412528410599066 ], [ -67.879903719414926, -34.413989567550573 ], [ -67.87989883319085, -34.414061378577742 ], [ -67.871141566770518, -34.428109827976186 ], [ -67.871039111164009, -34.427904956225177 ], [ -67.869213005294569, -34.435647221169802 ], [ -67.782098503255952, -34.451019106037904 ], [ -67.729158234131546, -34.457705301972965 ], [ -67.706207791076054, -34.472275512018712 ], [ -67.647301783285798, -34.473880762564193 ], [ -67.684592981493495, -34.499979558580321 ], [ -67.691079675179424, -34.504718003164271 ], [ -67.732607709806871, -34.614623337226419 ], [ -67.725239383312214, -34.620870422933706 ], [ -67.731752298746471, -34.622646803176281 ], [ -67.73258571942722, -34.622830936201638 ], [ -67.737678679409214, -34.625423519225365 ], [ -67.739287310698558, -34.628974659161088 ], [ -67.800918585416923, -34.723847603627291 ], [ -67.79734099245178, -34.7682171570018 ], [ -67.809589580106035, -34.790247404885974 ], [ -67.857809924248727, -34.827261537493087 ], [ -67.857834230236278, -34.827276463319322 ], [ -67.857982452569729, -34.827329774953171 ], [ -67.858004666375166, -34.827347450158754 ], [ -67.866078270377386, -34.830139211895187 ], [ -67.8578056539925, -34.837478718859359 ], [ -67.847979926254652, -34.841197032935213 ], [ -67.844649800161733, -34.849195971539473 ], [ -67.84014826259147, -34.852929762959434 ], [ -67.840087196513309, -34.852955661484714 ], [ -67.832384318561651, -34.852232764569123 ], [ -67.82194796056973, -34.851104449734066 ], [ -67.818767483546651, -34.853725912705727 ], [ -67.815003387668526, -34.852887468541155 ], [ -67.812311403811009, -34.852534165626253 ], [ -67.81226771439475, -34.852519790319775 ], [ -67.812007920058306, -34.852493394211081 ], [ -67.811963968910959, -34.85247906026035 ], [ -67.809838781893347, -34.853001517476628 ], [ -67.807452168003351, -34.853851085035046 ], [ -67.807416067594374, -34.85385878521447 ], [ -67.79674575768388, -34.851936226409066 ], [ -67.796711675451036, -34.851909592345407 ], [ -67.796665888370853, -34.851895237937356 ], [ -67.795934691325726, -34.851776070115932 ], [ -67.795888116062429, -34.851761421357651 ], [ -67.786925492791568, -34.844763435506763 ], [ -67.786881915564948, -34.844782334499541 ], [ -67.784455318547145, -34.845012126558686 ], [ -67.784448982013373, -34.844997461087928 ], [ -67.780302336386853, -34.846473088058758 ], [ -67.776154962721193, -34.846598712849925 ], [ -67.774940806213522, -34.845930409104881 ], [ -67.774599579567393, -34.845912308222125 ], [ -67.774584324571777, -34.845944851825664 ], [ -67.774541220193782, -34.845913520363013 ], [ -67.77452523339673, -34.845946804362654 ], [ -67.773956691247292, -34.845924256271246 ], [ -67.773936471093918, -34.845966349408684 ], [ -67.772994902758342, -34.845941947004576 ], [ -67.772967721344514, -34.845998537208459 ], [ -67.771999227591834, -34.845988291782021 ], [ -67.77172249686123, -34.84610760026078 ], [ -67.77143369913108, -34.846160796775791 ], [ -67.771401139444322, -34.846174657532231 ], [ -67.771417332016654, -34.846262827617863 ], [ -67.771429103033711, -34.846290472180328 ], [ -67.771024197173404, -34.846467360844485 ], [ -67.771010213904447, -34.846473355446619 ], [ -67.77070341226505, -34.846468514655214 ], [ -67.770614017720675, -34.846390656789538 ], [ -67.770541270863362, -34.846376284730468 ], [ -67.770102022231811, -34.846554048821986 ], [ -67.770071727730794, -34.846567129621349 ], [ -67.769320226571892, -34.846565473079465 ], [ -67.769305105764261, -34.846530934754867 ], [ -67.769284318337213, -34.846524093391508 ], [ -67.769236599376143, -34.846444064737568 ], [ -67.768995608270473, -34.846522026704406 ], [ -67.768952467934753, -34.846540336193357 ], [ -67.768050797102433, -34.846516387065151 ], [ -67.768999822557817, -34.847384401683826 ], [ -67.769061149207801, -34.847404489439214 ], [ -67.769795348770458, -34.848080367405146 ], [ -67.770288417239328, -34.848502116315444 ], [ -67.769969027188495, -34.850225874310183 ], [ -67.770497430485875, -34.851215756560748 ], [ -67.770513607537225, -34.851221019334275 ], [ -67.773392438644578, -34.851900221350036 ], [ -67.777636672037602, -34.855743155769005 ], [ -67.778770272976658, -34.856845547977628 ], [ -67.778997507589565, -34.858323306564671 ], [ -67.778985843707005, -34.8583251186746 ], [ -67.778956956487832, -34.858384424626934 ], [ -67.77785132298385, -34.858783553327669 ], [ -67.777839669854302, -34.858756092009855 ], [ -67.77780807640778, -34.85876961354262 ], [ -67.776609878856277, -34.859181169916667 ], [ -67.777133935180188, -34.860154445676244 ], [ -67.777152245550951, -34.860196318878081 ], [ -67.777672868686921, -34.864926445231902 ], [ -67.777662337636571, -34.864948954360443 ], [ -67.775893448604506, -34.868287468032804 ], [ -67.779327608851702, -34.866787173861212 ], [ -67.78438403604423, -34.864496745014833 ], [ -67.78808410867066, -34.865289544696736 ], [ -67.813478053217864, -34.883997700162467 ], [ -67.818302484871083, -34.889824551840434 ], [ -67.818302351297575, -34.889898261097869 ], [ -67.819065600619183, -34.890834407938371 ], [ -67.819071899451046, -34.890828150116477 ], [ -67.820631997601595, -34.889329001558451 ], [ -67.820634620059081, -34.889326360361679 ], [ -67.820632007089387, -34.889323765946529 ], [ -67.820733781203614, -34.88923037458602 ], [ -67.820792709014938, -34.889273793692439 ], [ -67.820871466886103, -34.889273202488198 ], [ -67.820933611844168, -34.889323629837975 ], [ -67.820933119752283, -34.889324125431585 ], [ -67.820933612842509, -34.889324615037708 ], [ -67.824289703797319, -34.894040758195047 ], [ -67.829846286788722, -34.896658447120501 ], [ -67.830583525024963, -34.896011739673895 ], [ -67.830626543061555, -34.896011573554063 ], [ -67.833708342094894, -34.89903075859246 ], [ -67.841194940813807, -34.903676205552813 ], [ -67.844432870053538, -34.897625709319641 ], [ -67.846413695980232, -34.896425715143323 ], [ -67.850312264805211, -34.900435002615836 ], [ -67.850312437075331, -34.900484834706504 ], [ -67.852366446143662, -34.904850930427529 ], [ -67.853748115145891, -34.903720219640491 ], [ -67.855053560234012, -34.902596710333398 ], [ -67.855089839513141, -34.902596614084246 ], [ -67.855132758265199, -34.902596216720667 ], [ -67.860584827425669, -34.907591504121285 ], [ -67.860610697887864, -34.907617304605083 ], [ -67.863660393263046, -34.910402516296756 ], [ -67.866707827917082, -34.907588253347228 ], [ -67.866730102480801, -34.90756586405621 ], [ -67.866707839007518, -34.90754371474236 ], [ -67.870428243893741, -34.904131870235688 ], [ -67.872314043558049, -34.905666770970129 ], [ -67.872356812413898, -34.905666540525033 ], [ -67.872884449691867, -34.906093924655352 ], [ -67.873499024737384, -34.906591726152897 ], [ -67.874264689348365, -34.907268527310123 ], [ -67.87429588303246, -34.907237195939558 ], [ -67.874299199053894, -34.906326116129151 ], [ -67.874303320720514, -34.905193702797931 ], [ -67.874303652108949, -34.905111930161013 ], [ -67.874309729505569, -34.903449440053407 ], [ -67.874315606019536, -34.901841884323801 ], [ -67.874316741984558, -34.901560661904568 ], [ -67.874328861304321, -34.89826253239454 ], [ -67.87432893325024, -34.898189677450318 ], [ -67.874332774214395, -34.897143734688484 ], [ -67.874343844666953, -34.89412911157558 ], [ -67.8866192799847, -34.890154809853527 ], [ -67.892801787259089, -34.881605333286075 ], [ -67.892801826125321, -34.881566126166888 ], [ -67.902705707049506, -34.870982115889717 ], [ -67.909245762291391, -34.864783673310512 ], [ -67.909979405137506, -34.863915151973686 ], [ -67.911038242813277, -34.862661649511949 ], [ -67.912278982984219, -34.861192804275504 ], [ -67.914134346090123, -34.858953680908257 ], [ -67.915994647211051, -34.856780594536417 ], [ -67.920031748044835, -34.863174450252416 ], [ -67.920051599029875, -34.863174321836198 ], [ -67.923544864054065, -34.868679697393929 ], [ -67.926667741827828, -34.869267445541709 ], [ -67.94758358319217, -34.897499812507476 ], [ -67.96007966946047, -34.903947421711337 ], [ -68.225939414073309, -34.955381391793992 ], [ -68.240305153241877, -34.960602316395011 ], [ -68.250207657920669, -34.968507225498172 ], [ -68.253980830090768, -34.964775967240826 ], [ -68.265935311090459, -34.947361997629173 ], [ -68.2734232052685, -34.937676889592638 ], [ -68.27950955628296, -34.929032925727597 ], [ -68.287703719263561, -34.918324300514428 ], [ -68.428950756847257, -34.891822300281319 ], [ -68.479665590158277, -34.896961986596125 ], [ -68.500272864683211, -34.908214259739395 ], [ -68.502238470693783, -34.911312064125298 ], [ -68.502249138277762, -34.911319029865979 ], [ -68.512313448958764, -34.921978575025946 ], [ -68.51235079126991, -34.922000063739517 ], [ -68.515521513420765, -34.923126280997735 ], [ -68.515539106567246, -34.923118150110554 ], [ -68.517836311391932, -34.924227755857032 ], [ -68.517856752177693, -34.924224976130915 ], [ -68.536647535662325, -34.919345970773861 ], [ -68.533110790151795, -34.903808139893727 ], [ -68.533931739040497, -34.903218205274072 ], [ -68.551450149806954, -34.897684202133973 ], [ -68.55087763346063, -34.896864179520321 ], [ -68.589142470601018, -34.896110314149496 ], [ -68.596746402697249, -34.89989984105847 ], [ -68.597592193253718, -34.899866652315495 ], [ -68.597612921049802, -34.899878443799821 ], [ -68.597757171854141, -34.900231097646667 ], [ -68.603470260237714, -34.903376736812447 ], [ -68.625201508559144, -34.905754775751291 ], [ -68.626576210077474, -34.909136827014038 ], [ -68.627024993040493, -34.910682478096362 ], [ -68.628204538693126, -34.910953965841543 ], [ -68.628220319617697, -34.910978623886933 ], [ -68.628557118549281, -34.912677352717594 ], [ -68.628569776977201, -34.91271571970924 ], [ -68.633463923821864, -34.91313321363134 ], [ -68.634825681293989, -34.913948208165777 ], [ -68.635967090183613, -34.919851165388252 ], [ -68.636798962382727, -34.920470840253529 ], [ -68.636829021854169, -34.920487437600229 ], [ -68.637799358348275, -34.921031759904452 ], [ -68.637815463956258, -34.921078552061999 ], [ -68.641101627173441, -34.924797773883085 ], [ -68.641869458408109, -34.926795055371713 ], [ -68.64186950951273, -34.92683217167189 ], [ -68.641877373411091, -34.926867283636341 ], [ -68.641965263846259, -34.928221339751758 ], [ -68.641977015866075, -34.928254422432246 ], [ -68.642597532617458, -34.930105657800368 ], [ -68.642961103152913, -34.931631848644543 ], [ -68.63301118584792, -34.943756236535478 ], [ -68.632364756954587, -34.943836493121012 ], [ -68.631072572604296, -34.945176418663266 ], [ -68.631033309058637, -34.945204953385144 ], [ -68.62955403557811, -34.945845041445295 ], [ -68.624742102458868, -34.948954399562354 ], [ -68.616421813512432, -34.959715395227192 ], [ -68.61642125937766, -34.959750673880706 ], [ -68.617738230117311, -34.962987924792913 ], [ -68.622702215389381, -34.970439396831011 ], [ -68.625894125541492, -34.980346061217858 ], [ -68.62589966015986, -34.980369590663997 ], [ -68.62593414833367, -34.981271354093849 ], [ -68.625978078037633, -34.982419978813027 ], [ -68.626002274305677, -34.983398907432161 ], [ -68.630060815153684, -34.993278133879301 ], [ -68.630248236031946, -34.993679816776762 ], [ -68.630624879942502, -34.994438001005904 ], [ -68.630892785675769, -34.9949888862389 ], [ -68.630937323871819, -34.995079127813995 ], [ -68.630938143526919, -34.996917842695495 ], [ -68.630939144690046, -34.999177434470539 ], [ -68.631754654956126, -34.998672671515635 ], [ -68.631761968035903, -34.998671149412303 ], [ -68.631814815048074, -34.998712722942969 ], [ -68.632299191881998, -34.998878671074806 ], [ -68.632825090356107, -34.999058845307161 ], [ -68.637902037164224, -35.003359748934713 ], [ -68.639347459559303, -35.003655232334324 ], [ -68.642612270060226, -35.006108462945861 ], [ -68.642649508274758, -35.006116318838508 ], [ -68.642758971046078, -35.00615015915298 ], [ -68.643029405538527, -35.006326897207828 ], [ -68.644035573508631, -35.006984456069972 ], [ -68.644069716194451, -35.006994211372728 ], [ -68.648116481990087, -35.011191318466615 ], [ -68.648511671147503, -35.011151561899169 ], [ -68.648639623892052, -35.011198488195589 ], [ -68.650935387279901, -35.011954588893047 ], [ -68.650963768727308, -35.011973228694103 ], [ -68.650996109934113, -35.012006463958073 ], [ -68.651510394809236, -35.012165431907988 ], [ -68.651658262580781, -35.012189918878391 ], [ -68.651716181435177, -35.012238387837101 ], [ -68.659896267873876, -35.016782663184131 ], [ -68.663627468944128, -35.01777834423757 ], [ -68.664558613524491, -35.020245670223119 ], [ -68.664619109471971, -35.020289994826953 ], [ -68.664674944415026, -35.020543849608316 ], [ -68.664618793502939, -35.020588314587201 ], [ -68.664610557503693, -35.020662880083592 ], [ -68.664604781563582, -35.020666962807979 ], [ -68.664503216784169, -35.02102965373939 ], [ -68.664451818199666, -35.020991994656583 ], [ -68.663490742162594, -35.024645235299374 ], [ -68.663287468076589, -35.025346328311741 ], [ -68.663233646462857, -35.025378722972391 ], [ -68.662674845211427, -35.025499472739625 ], [ -68.662616837529413, -35.025536658764906 ], [ -68.661647316927542, -35.025797549411095 ], [ -68.661653428960221, -35.025787777026324 ], [ -68.661637500968652, -35.025798550562172 ], [ -68.661631959864394, -35.025779518692104 ], [ -68.661631119411254, -35.025769759002685 ], [ -68.661545284597764, -35.025777685646688 ], [ -68.661480890854989, -35.025791888366825 ], [ -68.661457509477884, -35.025794375184489 ], [ -68.661449625795456, -35.025795213954609 ], [ -68.661446213501563, -35.025793774444537 ], [ -68.661405101435264, -35.025819808602193 ], [ -68.661465807916102, -35.025884604824171 ], [ -68.661629940845899, -35.026173295784361 ], [ -68.661630875499327, -35.02617187563925 ], [ -68.661707650813014, -35.026181118915588 ], [ -68.669077523238229, -35.036664041876747 ], [ -68.669863262547494, -35.037743796823463 ], [ -68.670780670603506, -35.037223211018841 ], [ -68.670812621104744, -35.037222797445565 ], [ -68.67129081345962, -35.037713061298746 ], [ -68.671448898073663, -35.037712765183414 ], [ -68.674291667593536, -35.036951327706788 ], [ -68.674731510291451, -35.036744204012678 ], [ -68.67473580942476, -35.03674022180229 ], [ -68.675165845567108, -35.03672635188002 ], [ -68.675165373171467, -35.036717893545472 ], [ -68.675163085243469, -35.036660236725993 ], [ -68.676267716046482, -35.036245532061514 ], [ -68.676866890314386, -35.036182271424423 ], [ -68.67668565539708, -35.035603330229435 ], [ -68.676696681073167, -35.035577330208184 ], [ -68.67751271606005, -35.03438811315533 ], [ -68.678507489331992, -35.034092777076637 ], [ -68.678472544860256, -35.033396289184395 ], [ -68.67863873096627, -35.033482873964033 ], [ -68.67856514119643, -35.03315812624578 ], [ -68.678570747103208, -35.03313540554916 ], [ -68.67865789988906, -35.033109231591141 ], [ -68.679138722976347, -35.033153869240095 ], [ -68.679567933922783, -35.033284153053899 ], [ -68.679571875513489, -35.033286889023714 ], [ -68.679600769454964, -35.033289029212028 ], [ -68.67967340256655, -35.033280802506226 ], [ -68.680551908896632, -35.03288398257871 ], [ -68.680702042661721, -35.033023838807082 ], [ -68.680999740324069, -35.033228949915554 ], [ -68.681226830660194, -35.03326121328638 ], [ -68.681236170700856, -35.033262902640899 ], [ -68.681420534542099, -35.033359976485315 ], [ -68.683582306350615, -35.034341856572496 ], [ -68.683620478136675, -35.034399830173356 ], [ -68.684025373312295, -35.034373345874258 ], [ -68.684034568760694, -35.034379576228901 ], [ -68.684053339884372, -35.034377441777451 ], [ -68.684062947824714, -35.03438324950497 ], [ -68.685438405448849, -35.035197483492766 ], [ -68.685558478648431, -35.035431935290546 ], [ -68.685573401379656, -35.035441817578885 ], [ -68.68606836638611, -35.035528211191604 ], [ -68.68608428916275, -35.035539725373553 ], [ -68.686081522621976, -35.035566181685624 ], [ -68.686097299673634, -35.035577586932845 ], [ -68.687312554240123, -35.03571822433031 ], [ -68.687319837310611, -35.035768957943276 ], [ -68.688264171265644, -35.036703515278646 ], [ -68.688257102844091, -35.03674789004134 ], [ -68.688084938350926, -35.036998718223117 ], [ -68.688135885148085, -35.037143883919725 ], [ -68.688706485446403, -35.037274413294313 ], [ -68.688690089502131, -35.037317379033652 ], [ -68.698670514729372, -35.038368806501751 ], [ -68.69956645423747, -35.03868874452138 ], [ -68.699158573548004, -35.038914279361336 ], [ -68.699290826446031, -35.038934212560719 ], [ -68.701990459924218, -35.039610501202162 ], [ -68.705845530588874, -35.039636469517404 ], [ -68.707238358253733, -35.039533456326978 ], [ -68.707739183865215, -35.039491003757973 ], [ -68.708029456149461, -35.039478261895283 ], [ -68.708301112054698, -35.03946184688175 ], [ -68.708734481123599, -35.039441463779895 ], [ -68.708784304804681, -35.039532015207726 ], [ -68.708898090999014, -35.039540118502316 ], [ -68.709001837325047, -35.039541630777137 ], [ -68.709241109518018, -35.039514649203454 ], [ -68.709265299539652, -35.039513204621414 ], [ -68.709609843563555, -35.039494372963475 ], [ -68.709620688295672, -35.039501537239346 ], [ -68.709735197713883, -35.039487523542732 ], [ -68.710067499567913, -35.039466177571228 ], [ -68.710403408098784, -35.039454744018201 ], [ -68.710407841683491, -35.039501944873962 ], [ -68.710414653051032, -35.039506036302669 ], [ -68.710415264686844, -35.039511147995256 ], [ -68.710444453171931, -35.039505783434549 ], [ -68.710504219468362, -35.039494639707186 ], [ -68.71054293674058, -35.039486391250762 ], [ -68.71067762104235, -35.039366635652186 ], [ -68.710660091161515, -35.039356225319239 ], [ -68.710724798293597, -35.039323520701998 ], [ -68.710702473531228, -35.039027635590287 ], [ -68.710677412467135, -35.038759995118028 ], [ -68.710586065005998, -35.038349600283084 ], [ -68.710627223143319, -35.03831228377669 ], [ -68.710989416712096, -35.038570989272841 ], [ -68.711005957578948, -35.038568620093656 ], [ -68.712031630498188, -35.037978068571931 ], [ -68.711128989318013, -35.037518772510907 ], [ -68.711107717591915, -35.037508693066286 ], [ -68.711039566501995, -35.037474040450491 ], [ -68.710572686908051, -35.037214701808011 ], [ -68.710531660194476, -35.037195205570129 ], [ -68.70921994120522, -35.036469693237677 ], [ -68.709220163930127, -35.036469141399039 ], [ -68.709157687763707, -35.036434855165169 ], [ -68.708406892531684, -35.035991654893053 ], [ -68.708347357152945, -35.035956935062302 ], [ -68.707912577138018, -35.035683028780454 ], [ -68.707853481564314, -35.035650580008792 ], [ -68.707399727995835, -35.035416435641082 ], [ -68.707341410101151, -35.035385480609648 ], [ -68.706931276973251, -35.035143933023733 ], [ -68.706874494839496, -35.035112938054908 ], [ -68.699783451619396, -35.02523029948884 ], [ -68.70009407470161, -35.025204205539524 ], [ -68.700121405184575, -35.025212913345285 ], [ -68.706358227449414, -35.014420642232608 ], [ -68.718581853416026, -35.024954430723938 ], [ -68.71863545326238, -35.024971089333178 ], [ -68.731965203562027, -35.029294260254687 ], [ -68.793418415724943, -35.024402782490881 ], [ -68.793816731876632, -35.024239712040355 ], [ -68.803740363323413, -35.010780407205516 ], [ -68.823561033639464, -35.016039537510949 ], [ -68.845627006265772, -35.027508710722827 ], [ -68.851772930116908, -35.024496489992657 ], [ -68.896548504586235, -34.992779944058157 ], [ -68.896563488366667, -34.992787095481276 ], [ -68.899545394999734, -34.982893093169423 ], [ -68.899552293079978, -34.982897515649597 ], [ -69.009105280612232, -34.989846569229201 ], [ -69.009064831051546, -34.990017520168294 ], [ -69.009119823325136, -34.990073498577999 ], [ -69.009836220411842, -34.98995736358836 ], [ -69.009843484342298, -34.989936404498792 ], [ -69.010025379669969, -34.989598326005591 ], [ -69.009962881433523, -34.989569283469393 ], [ -69.025819765927963, -34.971598405480563 ], [ -69.030799015126775, -34.967445098364578 ], [ -69.037776230603811, -34.961625237947771 ], [ -69.045342147993551, -34.953308770790784 ], [ -69.053947724743693, -34.947809155211417 ], [ -69.054021480150539, -34.947828097272236 ], [ -69.056493426114002, -34.951040814932583 ], [ -69.061113063072298, -34.957003157629572 ], [ -69.066590385261463, -34.964163706684246 ], [ -69.0734460754515, -34.973886712589604 ], [ -69.076150579494424, -34.977520914778836 ], [ -69.088072801750002, -34.988376531272195 ], [ -69.088200563895043, -34.988670934067329 ], [ -69.092949224162794, -34.989654084183655 ], [ -69.093397624419197, -34.992967882730341 ], [ -69.093652201345151, -34.993059165023453 ], [ -69.115027246537977, -34.990971249252709 ], [ -69.131254503407945, -34.988857748867247 ], [ -69.132351106096792, -34.989264737495091 ], [ -69.137322277870112, -34.988763486669654 ], [ -69.159424783347731, -34.9779104852214 ], [ -69.167106508407585, -34.978677485604805 ], [ -69.167171227789709, -34.978693914969881 ], [ -69.178631763244823, -34.979470285289551 ], [ -69.19015410212694, -34.980792725128424 ], [ -69.190212774827955, -34.980807493969166 ], [ -69.191734425098559, -34.98082549709801 ], [ -69.195547852161212, -34.981297336805312 ], [ -69.197545827274382, -34.981133597868507 ], [ -69.197585844133471, -34.981125564419926 ], [ -69.200965387715087, -34.981813095801613 ], [ -69.201326271080291, -34.982239594862676 ], [ -69.201324240541624, -34.982240942862688 ], [ -69.201360747573347, -34.982287816129372 ], [ -69.201429380761169, -34.982362083430075 ], [ -69.201469561005467, -34.982406425525369 ], [ -69.201507138481986, -34.982377389682654 ], [ -69.201615901394518, -34.982312433339416 ], [ -69.20204861833281, -34.982055586799675 ], [ -69.202986232181956, -34.98223401888157 ], [ -69.201636014140831, -34.981336820039871 ], [ -69.201633033042356, -34.981328732202542 ], [ -69.201557114594038, -34.981309631008116 ], [ -69.196403616845316, -34.977874778017565 ], [ -69.191672280059947, -34.974693189985942 ], [ -69.18150982749745, -34.969429302306878 ], [ -69.167652227718463, -34.961029793311354 ], [ -69.167348959670903, -34.961002562958697 ], [ -69.167306042943324, -34.960998696658805 ], [ -69.163502309614046, -34.958909343150367 ], [ -69.157037160900131, -34.955072391464398 ], [ -69.146635413237902, -34.949069396248262 ], [ -69.146595075147445, -34.949059155177451 ], [ -69.146593113633116, -34.949021648347014 ], [ -69.143262403326446, -34.94705182476747 ], [ -69.139015536267891, -34.944501748634707 ], [ -69.126345326202852, -34.944422733641773 ], [ -69.121533205773687, -34.942041433535337 ], [ -69.113385213204936, -34.936845182832826 ], [ -69.108818976315717, -34.934526073606548 ], [ -69.100357636719707, -34.930228712081089 ], [ -69.100310350725749, -34.930216693958755 ], [ -69.098095454255258, -34.929090938453157 ], [ -69.094882817269649, -34.927458071366118 ], [ -69.082462259521151, -34.91902270802359 ], [ -69.079769495628057, -34.917606564037783 ], [ -69.07745951255265, -34.916391720535614 ], [ -69.077415787637051, -34.916392644348377 ], [ -69.075205967314389, -34.915230907809075 ], [ -69.073090640055, -34.914118847726911 ], [ -69.071063871870592, -34.913053344512718 ], [ -69.067656739686754, -34.911262153462303 ], [ -69.065360432727232, -34.910054950487734 ], [ -69.06317669921134, -34.908906921458652 ], [ -69.036964960463649, -34.893764486032865 ], [ -69.026151216881487, -34.88919549053162 ], [ -69.0266385207741, -34.888238932411525 ], [ -68.996782167976676, -34.84563437352972 ], [ -68.971099522730015, -34.816064839167211 ], [ -68.966256820021556, -34.81196965520445 ], [ -68.964553947534966, -34.815087402961296 ], [ -68.964511011222328, -34.81513826107971 ], [ -68.958604672108436, -34.825597489524739 ], [ -68.958574312672965, -34.825632390366081 ], [ -68.951185909689855, -34.829836674813691 ], [ -68.951141094294258, -34.82989042480358 ], [ -68.948395249794942, -34.831558684763081 ], [ -68.948381854132492, -34.831536092104386 ], [ -68.907735981623432, -34.85437112905214 ], [ -68.907706453618857, -34.854382087217459 ], [ -68.904491024996275, -34.858812818543527 ], [ -68.879828915800204, -34.87412215662647 ], [ -68.876732463011308, -34.873845036476098 ], [ -68.876698026552788, -34.873850980694726 ], [ -68.869169395566701, -34.873123066451456 ], [ -68.865840836479606, -34.872801237752469 ], [ -68.857014486141338, -34.86907724732896 ], [ -68.830471124209282, -34.826197314734259 ], [ -68.843352420713472, -34.806925338793462 ], [ -68.843414469742413, -34.806883477842689 ], [ -68.844085081209869, -34.806832534963803 ], [ -68.844212212186505, -34.803951764211888 ], [ -68.844154248606458, -34.803987499175662 ], [ -68.8441478555809, -34.803988344228401 ], [ -68.84060638289742, -34.80439928665453 ], [ -68.840605208962586, -34.804410514295853 ], [ -68.83864624572908, -34.803832994982486 ], [ -68.838648831157855, -34.80382872953237 ], [ -68.838339434684599, -34.803596389779955 ], [ -68.838340636451392, -34.803589307536981 ], [ -68.838300704156325, -34.803253026310301 ], [ -68.837432325157465, -34.801596789544078 ], [ -68.837446583974895, -34.801582925236687 ], [ -68.836185675386048, -34.796408860341558 ], [ -68.832722947989055, -34.792563643496123 ], [ -68.832422415680696, -34.792712497008665 ], [ -68.832409561779116, -34.792711422763432 ], [ -68.832119921880462, -34.792151940598387 ], [ -68.831465015006472, -34.792401160090435 ], [ -68.830652435811544, -34.790456278593979 ], [ -68.822799617676253, -34.791389080361341 ], [ -68.822769408176896, -34.791441073083945 ], [ -68.817778118142257, -34.792144707639181 ], [ -68.817756573845088, -34.792187305381049 ], [ -68.816000881951879, -34.792452156103195 ], [ -68.815982814791653, -34.792491372552036 ], [ -68.811564411112556, -34.792889275855487 ], [ -68.803259247169933, -34.795270682324315 ], [ -68.803240209430726, -34.795279507592738 ], [ -68.793265632005387, -34.803876540490933 ], [ -68.758186984131214, -34.858653496341446 ], [ -68.745737749346006, -34.815352636398018 ], [ -68.745512135028378, -34.811040422813221 ], [ -68.745327839313063, -34.807517940306752 ], [ -68.745178029959618, -34.804654619295889 ], [ -68.694018955513343, -34.857058025950096 ], [ -68.694009739034868, -34.85705187873009 ], [ -68.693837558020164, -34.856937037254738 ], [ -68.693682065134738, -34.856833326445553 ], [ -68.693678897249413, -34.856830784912177 ], [ -68.693641814286138, -34.856794299684907 ], [ -68.693604880411272, -34.856757961147991 ], [ -68.693601893236632, -34.85675520646106 ], [ -68.692802183266053, -34.856061546343255 ], [ -68.741438337868772, -34.797834107611095 ], [ -68.741424612951221, -34.797821639470897 ], [ -68.738497924908359, -34.774212274288288 ], [ -68.739976886594832, -34.769670076405362 ], [ -68.741068504859413, -34.768569246586196 ], [ -68.741090087500766, -34.768559930146523 ], [ -68.741063703984423, -34.768476658087479 ], [ -68.741085286419263, -34.76846711014673 ], [ -68.741145373883114, -34.768491822735257 ], [ -68.741149823163141, -34.768477122762363 ], [ -68.733262523794338, -34.709960130292245 ], [ -68.730981697563493, -34.708072448374537 ], [ -68.726343735802004, -34.700783642886108 ], [ -68.719565790123625, -34.694173381466271 ], [ -68.737167177971287, -34.631262383249293 ], [ -68.742952074901552, -34.63326588236157 ], [ -68.742982334737974, -34.633254996146377 ], [ -68.747801677370944, -34.63104457683869 ], [ -68.762258234401202, -34.618565026986175 ], [ -68.762283996980273, -34.618547560979323 ], [ -68.762818095066564, -34.616500006487854 ], [ -68.825636095961102, -34.55342836068894 ], [ -68.826943848546591, -34.555328809530067 ], [ -68.846525907823207, -34.536392570565624 ], [ -68.847913310028218, -34.533437671698778 ], [ -68.853713935411122, -34.530619381543261 ], [ -68.894432159083181, -34.505466819630499 ], [ -68.847865603764149, -34.500344993685815 ], [ -68.784810603721382, -34.28434823549469 ], [ -68.762729143518413, -34.251545342903398 ], [ -68.762781193868193, -34.251515710618662 ], [ -68.76015584614953, -34.249850870078944 ], [ -68.77518348435791, -34.22312167968937 ], [ -68.781228168677046, -34.183256888604546 ], [ -68.782922698191442, -34.180357375965741 ], [ -68.789690263628984, -34.173625550885276 ], [ -68.821847037085092, -34.148768377919168 ], [ -68.857935340981726, -34.120872132613329 ], [ -68.860780134983486, -34.11763588932638 ], [ -68.902054245626346, -34.086644269951137 ], [ -68.902054673646717, -34.086644309612893 ], [ -68.90205491465963, -34.086644722624214 ], [ -68.903064940789193, -34.087761627184875 ], [ -68.903129060653669, -34.087718196873254 ], [ -68.908073480699159, -34.082307762262815 ], [ -68.902507921387951, -34.084644275701294 ], [ -68.902437956994731, -34.084676612663429 ] ] ] ] } }
]
}
