{
"type": "FeatureCollection",
"name": "Tiempos de viaje SST Santa Teresita",
"crs": { "type": "name", "properties": { "name": "urn:ogc:def:crs:OGC:1.3:CRS84" } },
"features": [
{ "type": "Feature", "properties": { "Name": "SST : 120 - 180", "FromBreak": 120.0, "ToBreak": 180.0, "IATA": "SST" }, "geometry": { "type": "MultiPolygon", "coordinates": [ [ [ [ -59.144388410978479, -37.336727739506273 ], [ -59.144388369036733, -37.336727723738193 ], [ -59.143742193256401, -37.337800465989744 ], [ -59.144156941693836, -37.336598932540198 ], [ -59.143498604511308, -37.335149957884823 ], [ -59.143572820147767, -37.334944300287646 ], [ -59.143572831581139, -37.33494428063824 ], [ -59.14357278289225, -37.334944113877214 ], [ -59.142132090961354, -37.334394607974389 ], [ -59.143155467185636, -37.333413611007472 ], [ -59.142990834810007, -37.332839307969152 ], [ -59.142328917716043, -37.33309379685636 ], [ -59.14210965255495, -37.33434465303111 ], [ -59.141673421789619, -37.334226494321342 ], [ -59.141671900190772, -37.334225910129646 ], [ -59.141597991198864, -37.334198446601135 ], [ -59.141977571935854, -37.332958903677536 ], [ -59.141656167768303, -37.332224006322917 ], [ -59.141180391494743, -37.332650953773737 ], [ -59.139932315608007, -37.332171392433395 ], [ -59.139915699510368, -37.332123754899555 ], [ -59.14090545801713, -37.331055867590862 ], [ -59.140752953278366, -37.330718580510734 ], [ -59.14048580096545, -37.330900240305027 ], [ -59.139895730043008, -37.32913916963895 ], [ -59.138915004576347, -37.3302992379854 ], [ -59.138841243678144, -37.330271573839696 ], [ -59.139302814057032, -37.328810902930456 ], [ -59.138880623555622, -37.327866641917353 ], [ -59.137900830571823, -37.32704530926577 ], [ -59.137202021178268, -37.327977899997904 ], [ -59.136727946419171, -37.327788427087341 ], [ -59.136654757975236, -37.327759625665237 ], [ -59.136653491692357, -37.326370037103231 ], [ -59.136709584256892, -37.326349632383369 ], [ -59.137281931630923, -37.32656728074312 ], [ -59.137315703495005, -37.326730667682966 ], [ -59.137587500561267, -37.326678614252216 ], [ -59.137423623270308, -37.326425751506974 ], [ -59.137281796340119, -37.326566380402539 ], [ -59.136709120619571, -37.326346546943626 ], [ -59.137190425405038, -37.325906908975753 ], [ -59.137113494158143, -37.325606126635819 ], [ -59.136909489358175, -37.325001431137707 ], [ -59.137777968697719, -37.323897094376377 ], [ -59.137400191762993, -37.325118775916394 ], [ -59.138102890013784, -37.324016673642063 ], [ -59.13914465973744, -37.324410793746324 ], [ -59.139161414798934, -37.324897662270757 ], [ -59.139884957273068, -37.324691848625719 ], [ -59.140127008059949, -37.323300880772024 ], [ -59.140792854379811, -37.32471250190747 ], [ -59.141430315680964, -37.323747425307431 ], [ -59.142690607117856, -37.324494485591515 ], [ -59.143169780589005, -37.32440491578825 ], [ -59.142956184367733, -37.324052911937258 ], [ -59.141431668803818, -37.323745175478393 ], [ -59.141980671632268, -37.322746594318744 ], [ -59.141350177634536, -37.32370796247983 ], [ -59.141394798655995, -37.322234329039304 ], [ -59.141113071718678, -37.321603481793318 ], [ -59.140599338192203, -37.321931691924021 ], [ -59.140189925884044, -37.320376804114062 ], [ -59.139481008717382, -37.321499521460339 ], [ -59.139315244175236, -37.321437971667422 ], [ -59.139241562205598, -37.321409994096939 ], [ -59.139697726579527, -37.320165224464347 ], [ -59.13920529616496, -37.319063668852891 ], [ -59.138493858994252, -37.319703504434131 ], [ -59.138461612150479, -37.318257341359242 ], [ -59.138245740358343, -37.317773302600131 ], [ -59.137850896509519, -37.316575918533829 ], [ -59.137570212461412, -37.315940310719895 ], [ -59.137478475659975, -37.315274914946315 ], [ -59.137259919945734, -37.314599419745548 ], [ -59.136967797809234, -37.313584670150533 ], [ -59.136897429848773, -37.313553590178515 ], [ -59.136449554851765, -37.31429888608011 ], [ -59.135663902547321, -37.314299022017508 ], [ -59.135362063651201, -37.313082859708061 ], [ -59.134120278694297, -37.312259405925943 ], [ -59.135494999255343, -37.312790358860525 ], [ -59.135495055157207, -37.312790267291405 ], [ -59.135459889089987, -37.312922618765185 ], [ -59.135679800774142, -37.312862210584399 ], [ -59.13561063668368, -37.312667086266799 ], [ -59.136191349051046, -37.311732230289181 ], [ -59.137473200435522, -37.312211559027048 ], [ -59.137473721294612, -37.312211849225775 ], [ -59.137474030361375, -37.312211322419898 ], [ -59.137548064614293, -37.312239362093464 ], [ -59.137587633620058, -37.312254342737219 ], [ -59.137628653514923, -37.31230734862288 ], [ -59.137703150517893, -37.312331430341089 ], [ -59.137881516163588, -37.312261620989887 ], [ -59.137843459151668, -37.312076056878084 ], [ -59.137899358622121, -37.311967874032632 ], [ -59.138104619585476, -37.311570630194296 ], [ -59.139805005821472, -37.311476849149415 ], [ -59.139842089639444, -37.311490542445938 ], [ -59.140471226647605, -37.311745996884611 ], [ -59.140166140399515, -37.311215818784092 ], [ -59.139807715173617, -37.311473914214787 ], [ -59.139436700727117, -37.310571354510955 ], [ -59.139273132774804, -37.310105463578168 ], [ -59.139407611069146, -37.310163833398065 ], [ -59.139409477181687, -37.309996470624412 ], [ -59.139199220065507, -37.309994159842063 ], [ -59.139273016597258, -37.310105368985376 ], [ -59.138924010553808, -37.310409403193262 ], [ -59.138922596722978, -37.310408240817026 ], [ -59.138308560802443, -37.309922801120308 ], [ -59.138687177807753, -37.309573186005309 ], [ -59.138698898418397, -37.308755125114715 ], [ -59.13795884128956, -37.307518832108542 ], [ -59.13673487087101, -37.307923985846628 ], [ -59.136673725677497, -37.307873971116067 ], [ -59.137040376597952, -37.306415413418165 ], [ -59.137214737829822, -37.306508632888097 ], [ -59.137218236846365, -37.306275952786564 ], [ -59.136926642855087, -37.306274281612275 ], [ -59.137040154770148, -37.306415232972029 ], [ -59.135977457095578, -37.307247579579212 ], [ -59.135974587741771, -37.30724526798474 ], [ -59.135605045627244, -37.307015851000415 ], [ -59.136485302831375, -37.305918731463578 ], [ -59.136496732732553, -37.305058721626608 ], [ -59.135409094848114, -37.305047270649311 ], [ -59.135018899861564, -37.305401673821962 ], [ -59.134878443620266, -37.305011756186275 ], [ -59.134758965134495, -37.304680074858311 ], [ -59.134380494057609, -37.304900953212211 ], [ -59.134277288530484, -37.304689804846646 ], [ -59.134169815553548, -37.305057960512613 ], [ -59.134169654964751, -37.305057993058767 ], [ -59.133682582699464, -37.305418732204771 ], [ -59.133620188879945, -37.305417556034229 ], [ -59.133169038992833, -37.305054330061409 ], [ -59.133183244516147, -37.304909769453616 ], [ -59.133052811125992, -37.304961686756997 ], [ -59.132543878183299, -37.304568667732724 ], [ -59.133172893990377, -37.304016140253225 ], [ -59.132478143486139, -37.30451643299449 ], [ -59.131977957005915, -37.304106953222913 ], [ -59.132036908272596, -37.304008250491734 ], [ -59.131828645154314, -37.303984035865199 ], [ -59.131871592886682, -37.303244420151714 ], [ -59.130821789748779, -37.303190515193876 ], [ -59.130803146346295, -37.304102374689705 ], [ -59.130249498265243, -37.304502283485363 ], [ -59.128547955797785, -37.303131867604179 ], [ -59.12912611501082, -37.301833465957145 ], [ -59.129187914722479, -37.301785740233072 ], [ -59.130284347178417, -37.300929776564146 ], [ -59.130293012391689, -37.300930221502824 ], [ -59.130329141422351, -37.300867371296874 ], [ -59.130319897595768, -37.300836027329808 ], [ -59.130499529764563, -37.29940848139654 ], [ -59.13074291168931, -37.299404936315227 ], [ -59.130493268238411, -37.299361027892303 ], [ -59.130503141590054, -37.299369089736274 ], [ -59.130262521630755, -37.299387114244837 ], [ -59.130078340299463, -37.299442644328735 ], [ -59.130139659850784, -37.299401768926145 ], [ -59.13013626789774, -37.299398143313169 ], [ -59.130023126189315, -37.299437990893693 ], [ -59.129966890245157, -37.29944266906142 ], [ -59.129989957913381, -37.299459678783649 ], [ -59.129909752626247, -37.299594897565783 ], [ -59.129855367272341, -37.299547725194259 ], [ -59.129854891137541, -37.29954764901521 ], [ -59.12963121966277, -37.29969349287893 ], [ -59.129422290873208, -37.299372787551135 ], [ -59.129215712510813, -37.299250544183792 ], [ -59.128244795982198, -37.29922289840863 ], [ -59.127898861197934, -37.299105156998849 ], [ -59.126809744040031, -37.299891274843276 ], [ -59.126061247189853, -37.299243091689448 ], [ -59.126239384764688, -37.298609867220421 ], [ -59.125294367679828, -37.298603830499076 ], [ -59.124612349135703, -37.299878045130924 ], [ -59.124600915440112, -37.299877755415537 ], [ -59.124539811609566, -37.299876836523936 ], [ -59.123951371228372, -37.298570269416359 ], [ -59.122949004285317, -37.298561643974836 ], [ -59.122306946095478, -37.299822453373793 ], [ -59.122296261486554, -37.299822140863398 ], [ -59.122234178484632, -37.299821296294738 ], [ -59.121691656493056, -37.298525376584678 ], [ -59.120604803488447, -37.298510628350243 ], [ -59.120008375635734, -37.298954273450079 ], [ -59.119453583493396, -37.298504675954746 ], [ -59.11941896690746, -37.298480655894934 ], [ -59.118290285172066, -37.298469609032509 ], [ -59.118115637821973, -37.299453963279063 ], [ -59.11706682480991, -37.298589534431187 ], [ -59.117066197627082, -37.298589538212696 ], [ -59.117130711681625, -37.298472904265282 ], [ -59.117158027370067, -37.297541190035531 ], [ -59.117174891061836, -37.296617331352479 ], [ -59.117451462540089, -37.295930619275566 ], [ -59.117468940822278, -37.294544191679279 ], [ -59.117063766823151, -37.293969605552888 ], [ -59.117126173503323, -37.293921099651357 ], [ -59.117685207053, -37.29425503749718 ], [ -59.117199011014804, -37.2938609163769 ], [ -59.117639820161799, -37.292615838019344 ], [ -59.117907947257038, -37.292611295257984 ], [ -59.117910033618728, -37.292404788547913 ], [ -59.117748177564636, -37.29248193087966 ], [ -59.116686167493299, -37.291603593415402 ], [ -59.116686820224686, -37.291554309729463 ], [ -59.118263073637991, -37.291027895185607 ], [ -59.118274819105523, -37.290316689042186 ], [ -59.117800321245227, -37.290667157866267 ], [ -59.115299241874482, -37.290542389190193 ], [ -59.115378320505954, -37.290849290690119 ], [ -59.115377746204729, -37.290849399371723 ], [ -59.114424526076846, -37.291580266157041 ], [ -59.11434677557429, -37.290723409133022 ], [ -59.113287260648633, -37.290711900599547 ], [ -59.113807393316506, -37.291135376724526 ], [ -59.112892130381965, -37.290916274170286 ], [ -59.111202117738344, -37.290882662584977 ], [ -59.111182259222289, -37.292230858028347 ], [ -59.113104293440472, -37.294268360962292 ], [ -59.112403834598013, -37.294805068100288 ], [ -59.112343111877692, -37.294852931640548 ], [ -59.111275636355344, -37.295684152911804 ], [ -59.108986912104513, -37.294537928020986 ], [ -59.107113108428734, -37.291666788523173 ], [ -59.107113120833048, -37.291665946399291 ], [ -59.107110406176616, -37.291663724871398 ], [ -59.105689320122622, -37.288169034964938 ], [ -59.106800231291288, -37.287280439642018 ], [ -59.1067984804003, -37.286620955493561 ], [ -59.106806304625991, -37.286376040420635 ], [ -59.107210171042652, -37.285799117778254 ], [ -59.106427408592197, -37.285091932361468 ], [ -59.107173771226542, -37.284790228390932 ], [ -59.107241150953314, -37.284460723169502 ], [ -59.107031148451597, -37.283793043428886 ], [ -59.107031844566336, -37.28379251365601 ], [ -59.107534854258972, -37.284189041786249 ], [ -59.107438276563187, -37.284310702195398 ], [ -59.107690429691161, -37.284313392066281 ], [ -59.107691179480923, -37.284114207757966 ], [ -59.107535021420745, -37.284188911908814 ], [ -59.10703276388989, -37.283791799381959 ], [ -59.108088909540641, -37.282990148687588 ], [ -59.105221269907872, -37.28335703457077 ], [ -59.104633587009232, -37.285453686674828 ], [ -59.104613720811869, -37.285455450370307 ], [ -59.1034735710615, -37.283508949908423 ], [ -59.101457309863235, -37.283372743544646 ], [ -59.099102815579101, -37.28508345907386 ], [ -59.098411668375945, -37.287647898199282 ], [ -59.099637988777545, -37.289005724051492 ], [ -59.095113679345729, -37.292239158397877 ], [ -59.084421376678392, -37.292053352641403 ], [ -59.084446917739569, -37.291958584846554 ], [ -59.079849271020237, -37.288421808713736 ], [ -59.079819708357775, -37.28839645035049 ], [ -59.076043333176756, -37.285489097995878 ], [ -59.068512144759609, -37.295418098446419 ], [ -59.067570693345715, -37.302272918762583 ], [ -59.054029570592832, -37.291188694884568 ], [ -59.054162501507278, -37.291014190634939 ], [ -59.050046390104455, -37.28792822181714 ], [ -59.049052506825319, -37.300765418656965 ], [ -59.042369885192556, -37.302388336659078 ], [ -59.030876857215844, -37.300435236444969 ], [ -59.027773687214903, -37.306671400450966 ], [ -59.02427265454304, -37.30590858357499 ], [ -59.024234821013749, -37.305899230222508 ], [ -59.001829687183999, -37.295793653328531 ], [ -59.000758174333555, -37.295289141837998 ], [ -58.98791158226129, -37.280277075070899 ], [ -58.983271706709957, -37.281390241540919 ], [ -58.979248691232783, -37.286566868683167 ], [ -58.966939307193059, -37.287878617533124 ], [ -58.951620093922429, -37.248097421509158 ], [ -58.951668386573033, -37.248085835474342 ], [ -58.951373047283994, -37.247592135767093 ], [ -58.952530854722113, -37.236451866563812 ], [ -58.959264509561251, -37.232347168534943 ], [ -58.959804598425364, -37.230561432639604 ], [ -58.948425712508936, -37.23259726131522 ], [ -58.948415097662689, -37.232580421161401 ], [ -58.94841919486862, -37.232597355702012 ], [ -58.94842002525985, -37.232597764681088 ], [ -58.937563261763557, -37.240379742768255 ], [ -58.933598479284001, -37.245447189735387 ], [ -58.914757327165489, -37.234639448323435 ], [ -58.908169595537913, -37.231363236974573 ], [ -58.893469337216914, -37.228398900005061 ], [ -58.882369815680022, -37.255911547713197 ], [ -58.857897761046843, -37.252349763465475 ], [ -58.844344349561538, -37.240078121681847 ], [ -58.829601011090062, -37.208559852763244 ], [ -58.847499317515997, -37.167474983407033 ], [ -58.801787202249614, -37.194441137745343 ], [ -58.832126804826089, -37.140039039185183 ], [ -58.875489695640113, -37.096980374183147 ], [ -58.850342153225085, -37.073642458359018 ], [ -58.872114002080139, -37.067676463594637 ], [ -58.865313858320008, -36.99510392873583 ], [ -58.85526612924923, -36.970054782920442 ], [ -58.901236263641408, -36.943351957379775 ], [ -58.905807769926241, -36.972104717058983 ], [ -58.959332225786511, -36.978826550684346 ], [ -58.963369569196118, -36.995423075550548 ], [ -58.984221155234138, -36.991482593359081 ], [ -59.003331319521862, -37.007339287267826 ], [ -59.003356838119146, -37.007403177442768 ], [ -58.999648922328845, -37.017297814552876 ], [ -59.001906002984072, -37.028829779449211 ], [ -59.016778781095468, -37.018815816780432 ], [ -59.00345121836142, -37.006393440124498 ], [ -59.002359555824626, -36.991096306895543 ], [ -59.002458221377594, -36.985965573754982 ], [ -58.998836068334754, -36.983014198963474 ], [ -58.997714654974629, -36.978255419443087 ], [ -58.997695678492391, -36.97818080478055 ], [ -58.997163977059984, -36.976231431052952 ], [ -58.99698037835725, -36.975526600843466 ], [ -58.996962831533608, -36.975450868355097 ], [ -58.996900383431978, -36.975124398895218 ], [ -58.996882568901867, -36.975049070927071 ], [ -58.994129613177506, -36.963874330731585 ], [ -58.994100356239926, -36.963704963751411 ], [ -58.994081856346952, -36.963628286029007 ], [ -58.993497938022301, -36.961102982906482 ], [ -58.993488726961516, -36.961064810468372 ], [ -58.993479441942952, -36.96102665595231 ], [ -58.992070049534391, -36.954987886527363 ], [ -58.992051891855226, -36.954912304837023 ], [ -58.990661271663498, -36.948794112854102 ], [ -58.995232677890954, -36.944307271304069 ], [ -58.995370633768232, -36.929793062100487 ], [ -59.009198662710219, -36.907719825758306 ], [ -59.00585953881, -36.908362524164886 ], [ -58.998091030490968, -36.916385508350174 ], [ -58.993588512024473, -36.910156621486692 ], [ -59.000763829216339, -36.903517935348532 ], [ -59.000898457099481, -36.903492022825219 ], [ -58.997367007982461, -36.884837722857128 ], [ -59.007585940679917, -36.867525358663954 ], [ -59.034822302682358, -36.857492930315914 ], [ -59.036754540385346, -36.855433586082881 ], [ -59.056986543802168, -36.856696729767805 ], [ -59.055799493602763, -36.849286512299216 ], [ -59.046789692952586, -36.848024664852744 ], [ -59.046698827457476, -36.847376919018359 ], [ -59.046577944156127, -36.847355590754148 ], [ -59.039108401594149, -36.840697720314836 ], [ -59.044826205915626, -36.829134588762372 ], [ -59.047755245467158, -36.826934671413198 ], [ -59.047815603747154, -36.826934889518952 ], [ -59.050007685845742, -36.830776709586758 ], [ -59.053311294934417, -36.831359587841689 ], [ -59.060639875574168, -36.822537552657536 ], [ -59.061538993811098, -36.816130598874281 ], [ -59.06733682495377, -36.820628840353152 ], [ -59.071228417395332, -36.816584859987017 ], [ -59.076457730869095, -36.820679640023741 ], [ -59.079060678489157, -36.816014997186869 ], [ -59.08692981167394, -36.815676752534216 ], [ -59.087004605547691, -36.815655835497921 ], [ -59.090096499992342, -36.816974810019644 ], [ -59.090102558206468, -36.816502420034908 ], [ -59.087826113412007, -36.81514376564246 ], [ -59.087832639156943, -36.815138572291005 ], [ -59.087813640391857, -36.81507666961005 ], [ -59.0907448754798, -36.815991247840032 ], [ -59.094263152132839, -36.813233135673272 ], [ -59.09450764256917, -36.813192322549185 ], [ -59.105089566144613, -36.814469481099309 ], [ -59.106430193377889, -36.814174896524094 ], [ -59.104007285212333, -36.813583504838334 ], [ -59.094489820384013, -36.813177732961151 ], [ -59.095296105011982, -36.812482359054627 ], [ -59.096148156128095, -36.811784523066592 ], [ -59.097873441760271, -36.810371501733869 ], [ -59.090863703961872, -36.810265356450998 ], [ -59.088603442745978, -36.812659401574024 ], [ -59.088526385646787, -36.812653175345758 ], [ -59.083734748125721, -36.812236107525507 ], [ -59.08366805466153, -36.812207108445023 ], [ -59.078147615832449, -36.807429003045343 ], [ -59.078087462087012, -36.807379529663137 ], [ -59.078029037570332, -36.807326494181893 ], [ -59.075470385737503, -36.804907516660649 ], [ -59.075411446099508, -36.804856665994862 ], [ -59.072643623094677, -36.802686292741896 ], [ -59.072582589196486, -36.802636264843841 ], [ -59.074595964374453, -36.796885307282537 ], [ -59.075248566512641, -36.793416247745313 ], [ -59.065412992214874, -36.789308854143371 ], [ -59.068691502152546, -36.784574884584856 ], [ -59.068957303530851, -36.781382723777369 ], [ -59.068988533008451, -36.781358459531646 ], [ -59.069369444597839, -36.781058527189373 ], [ -59.068809721044715, -36.781197649454725 ], [ -59.068956007462532, -36.781378859530037 ], [ -59.067893593113865, -36.782201755216761 ], [ -59.06771267012823, -36.781665126790983 ], [ -59.06493028496044, -36.781511705986645 ], [ -59.064138101434196, -36.782284857730872 ], [ -59.064127052973106, -36.78236008016404 ], [ -59.062785757610698, -36.783465834965455 ], [ -59.061294072379383, -36.782279649315569 ], [ -59.061186062558818, -36.784519632590616 ], [ -59.061831123685636, -36.785949086393657 ], [ -59.061826653493483, -36.786296116970107 ], [ -59.057348798465682, -36.789784954565562 ], [ -59.051676845117868, -36.785499461569259 ], [ -59.049046618131513, -36.790530511251802 ], [ -59.043933832985886, -36.786625854921454 ], [ -59.042896229517851, -36.792791119543665 ], [ -59.039177282875528, -36.793931744270139 ], [ -59.034694934974709, -36.793010322176428 ], [ -59.030772738548819, -36.789944547316566 ], [ -59.030714214159616, -36.789897445420593 ], [ -59.029620917588431, -36.789072358342821 ], [ -59.029562253625784, -36.789025080720137 ], [ -59.028477795419178, -36.788176811194489 ], [ -59.024351356110969, -36.781559330588152 ], [ -59.023945244202139, -36.781387555886397 ], [ -59.021451169751799, -36.783021857117831 ], [ -59.016765476604974, -36.775145962230681 ], [ -59.010801486799778, -36.772794559055967 ], [ -59.011592184722929, -36.779211652858237 ], [ -59.021289447678555, -36.783148954511944 ], [ -59.011878480692872, -36.789553790323339 ], [ -59.011490636890812, -36.789968851923959 ], [ -58.998271489640899, -36.793556586945385 ], [ -58.998124726512515, -36.800921427261073 ], [ -59.009854676965404, -36.803445997285905 ], [ -59.007467734250383, -36.815101373547463 ], [ -59.007412326626024, -36.815145410596756 ], [ -59.005984686885483, -36.816433419830787 ], [ -59.00592882382017, -36.816477706617093 ], [ -59.002085752564824, -36.819104587068466 ], [ -58.981615732314083, -36.803359428781278 ], [ -58.98131625941096, -36.80310899010243 ], [ -58.981316921691757, -36.803061995322082 ], [ -58.992051408097666, -36.795917891986676 ], [ -58.992066057958084, -36.794638320526872 ], [ -58.991306848457327, -36.795211093601722 ], [ -58.991149689389317, -36.795340177432195 ], [ -58.980140480906016, -36.803639447518719 ], [ -58.980081033667204, -36.803685593204818 ], [ -58.973164310424693, -36.809227738558207 ], [ -58.96847155806654, -36.807546820003665 ], [ -58.968518251087289, -36.812718914655932 ], [ -58.962232250075999, -36.817794726439899 ], [ -58.962170477973189, -36.817843083873697 ], [ -58.947568774921365, -36.822561795715671 ], [ -58.924583868149625, -36.815789957172854 ], [ -58.914523716415204, -36.836057126188621 ], [ -58.931315021353669, -36.865632115020162 ], [ -58.919184865629973, -36.874181196797849 ], [ -58.919134014521148, -36.87421281138478 ], [ -58.916275538091099, -36.87578599754579 ], [ -58.916151141226464, -36.875851668246412 ], [ -58.916100182320235, -36.875882509478743 ], [ -58.895128261997741, -36.877824697365497 ], [ -58.872377662341023, -36.857372631636792 ], [ -58.835012316339544, -36.836044184484365 ], [ -58.835349812881475, -36.835363279218541 ], [ -58.831792137126399, -36.835763562991588 ], [ -58.817669335590438, -36.827700108517774 ], [ -58.819999003133319, -36.836474071391422 ], [ -58.829162136707964, -36.837926832136645 ], [ -58.82555733812211, -36.850715579865096 ], [ -58.844255093807305, -36.871517760658492 ], [ -58.833173013785029, -36.883588352919844 ], [ -58.855704172780179, -36.903944062709684 ], [ -58.846298683333259, -36.915170395839198 ], [ -58.829751721971775, -36.924303957673317 ], [ -58.829706254864902, -36.924332077258043 ], [ -58.822352152811902, -36.927532425726781 ], [ -58.780294023596127, -36.925888488400233 ], [ -58.778266696355104, -36.916912006930261 ], [ -58.689143736543372, -36.888128516450934 ], [ -58.643240532045411, -36.919708638309885 ], [ -58.650911996746231, -36.876236007611908 ], [ -58.65047949081162, -36.875082990760802 ], [ -58.634675116175799, -36.854828389517593 ], [ -58.662109254749168, -36.820234223008413 ], [ -58.663175022780422, -36.82090139310651 ], [ -58.663114049375451, -36.819462167738379 ], [ -58.605720568392655, -36.766976120647257 ], [ -58.64752663350248, -36.703991965265743 ], [ -58.650690674096438, -36.697447387188049 ], [ -58.715240157088942, -36.711429894642151 ], [ -58.725089651053281, -36.707938311496889 ], [ -58.729783725344078, -36.683386357077495 ], [ -58.739608853800121, -36.679990257165173 ], [ -58.744821062586595, -36.677983684971082 ], [ -58.758486839856289, -36.678819104467607 ], [ -58.758557269949051, -36.678827245767877 ], [ -58.764489278484746, -36.679544536048013 ], [ -58.766020778002769, -36.692189080713717 ], [ -58.779735528291894, -36.680616612752772 ], [ -58.787326003850126, -36.680544510299853 ], [ -58.790695881649697, -36.680911018459767 ], [ -58.792725596095124, -36.686228516439144 ], [ -58.805096750454709, -36.683207955839521 ], [ -58.805134691776175, -36.683215139551407 ], [ -58.818685365420947, -36.68574205003074 ], [ -58.810809208766671, -36.678776572246761 ], [ -58.792408320290463, -36.679011128171283 ], [ -58.787822932163294, -36.675537264778882 ], [ -58.787042631606084, -36.679925963423102 ], [ -58.780372160485285, -36.679077446576116 ], [ -58.780335560259857, -36.679073106954945 ], [ -58.780298799728143, -36.679070447610968 ], [ -58.773365115504419, -36.678513490473676 ], [ -58.760280452468749, -36.672062927332888 ], [ -58.75636232756051, -36.670271987906062 ], [ -58.73408956314114, -36.651162699698716 ], [ -58.722474562806099, -36.667928554170203 ], [ -58.710115052498907, -36.665186219724205 ], [ -58.699456026930761, -36.660839708449203 ], [ -58.719441866850502, -36.612818983665761 ], [ -58.702396958355394, -36.586328447315395 ], [ -58.675203313957638, -36.592186327385036 ], [ -58.674120356876131, -36.591749612788874 ], [ -58.674424443707665, -36.592285334358678 ], [ -58.655758049259646, -36.592157706638432 ], [ -58.655600385097046, -36.592130241799509 ], [ -58.64887264039703, -36.595279279233978 ], [ -58.645946941794364, -36.593687102678246 ], [ -58.645146731858006, -36.590219050512417 ], [ -58.638975731694529, -36.589425662063604 ], [ -58.61881367840158, -36.606597469326857 ], [ -58.618767517404478, -36.606561108937399 ], [ -58.637180920995434, -36.588035312209797 ], [ -58.637214691407053, -36.560049417095513 ], [ -58.615033540550201, -36.543423139009462 ], [ -58.613059668122844, -36.538241865126281 ], [ -58.576461588397649, -36.512071262923769 ], [ -58.606171080462616, -36.478188558016939 ], [ -58.603496795049921, -36.446430576390412 ], [ -58.617091254453101, -36.441914007792718 ], [ -58.613924930875896, -36.438027573238173 ], [ -58.603270741087272, -36.446153111403078 ], [ -58.603205027684453, -36.446154710348594 ], [ -58.596251319859903, -36.418958571164637 ], [ -58.600855529153478, -36.412618922481727 ], [ -58.601995990933915, -36.37910766400546 ], [ -58.640212221196862, -36.373667014887928 ], [ -58.65062914726542, -36.38752042586799 ], [ -58.658968697320745, -36.382316058131551 ], [ -58.659653425524311, -36.38192960826143 ], [ -58.670433734341316, -36.390904620700724 ], [ -58.672892108777148, -36.391352789592133 ], [ -58.67141254483488, -36.390013100977967 ], [ -58.671380556820679, -36.38999017630573 ], [ -58.659739309029078, -36.377522973723444 ], [ -58.666344669304806, -36.343101025379212 ], [ -58.649101256476797, -36.311847924756364 ], [ -58.649530457531398, -36.310033333130718 ], [ -58.649077429789259, -36.309986399896502 ], [ -58.620038936524338, -36.270869508623207 ], [ -58.62007057611163, -36.270807364621419 ], [ -58.665947514770835, -36.284443633721025 ], [ -58.68000341338535, -36.285899811171646 ], [ -58.716803664759027, -36.268520189326409 ], [ -58.67590922293283, -36.208245141542193 ], [ -58.679274983529581, -36.176634776190156 ], [ -58.700010611904531, -36.17142069021412 ], [ -58.717474683485932, -36.140614496577371 ], [ -58.717518336259957, -36.140574970606679 ], [ -58.720517982370211, -36.157550159853372 ], [ -58.739847657675455, -36.122906450362393 ], [ -58.806600930852994, -36.073141692083027 ], [ -58.812775214407793, -36.067941218595251 ], [ -58.81282936048575, -36.067898785842488 ], [ -58.82806641191911, -36.070237607638262 ], [ -58.83897426442195, -36.059383850130473 ], [ -58.839654884140145, -36.061388912935172 ], [ -58.839332343024296, -36.059108250431677 ], [ -58.839270109554434, -36.059132468332336 ], [ -58.839020197057778, -36.059317066119547 ], [ -58.844358747026661, -36.046665351899094 ], [ -58.846594154757554, -36.039338337365962 ], [ -58.837964756346594, -36.040954593308129 ], [ -58.839479318112581, -36.044702611188882 ], [ -58.834004156284664, -36.048804302365625 ], [ -58.833942329712272, -36.048807577534831 ], [ -58.827304982516466, -36.045171301993719 ], [ -58.816153267612606, -35.995793447162896 ], [ -58.842318051897053, -35.989130117135687 ], [ -58.847967605588167, -35.955132867100076 ], [ -58.848024665543562, -35.955147138926975 ], [ -58.856145031200015, -35.956244139530838 ], [ -58.859417721241812, -35.955783344216798 ], [ -58.874948129551854, -35.976079807109613 ], [ -58.875163036516255, -35.979164302661957 ], [ -58.880469182719025, -35.975597217303289 ], [ -58.880362489752031, -35.975268199479842 ], [ -58.909841511518152, -35.959953153713855 ], [ -58.926367395235275, -35.963796693866016 ], [ -58.929869883958418, -35.966930742661475 ], [ -58.934669855930224, -35.966647644547436 ], [ -58.931283255172787, -35.975909085123817 ], [ -58.933002143353463, -35.981209761111586 ], [ -58.936527052651684, -35.978770435485444 ], [ -58.946217897809959, -35.974287713687772 ], [ -58.95493637524703, -35.972619345776309 ], [ -58.944144131132191, -35.967450777199531 ], [ -58.95213320539068, -35.962312594647585 ], [ -58.952897461621092, -35.959052781415437 ], [ -58.954067156982262, -35.955403656363444 ], [ -58.951135093123014, -35.957651050806703 ], [ -58.94324318281582, -35.957479631389106 ], [ -58.940092556747231, -35.963271909310038 ], [ -58.93409525965825, -35.958550670416798 ], [ -58.934035859176902, -35.958507004057196 ], [ -58.933823646021779, -35.958362925663437 ], [ -58.933763782657024, -35.958319742944013 ], [ -58.933497126460963, -35.958115635566799 ], [ -58.933467240573066, -35.958094077241014 ], [ -58.927248311158962, -35.940577656992559 ], [ -58.910412489143084, -35.952671218481612 ], [ -58.891962847116758, -35.907933157671096 ], [ -58.890923246060424, -35.905193242378857 ], [ -58.908786355887912, -35.892023308268449 ], [ -58.905913633254102, -35.877560000047936 ], [ -58.897146826256574, -35.881554208636999 ], [ -58.888994724808924, -35.874867006980821 ], [ -58.889355168359316, -35.870842553795796 ], [ -58.879791290219202, -35.850955697746713 ], [ -58.879820985871788, -35.850932408293659 ], [ -58.879850666933521, -35.850909100248373 ], [ -58.884944399660583, -35.846218466426251 ], [ -58.885072922395693, -35.845636740810562 ], [ -58.884989797205151, -35.845612274782866 ], [ -58.885020226435756, -35.845588379212984 ], [ -58.885050751767267, -35.845564606529535 ], [ -58.891333255974018, -35.844416022082839 ], [ -58.89175213019837, -35.840376943642184 ], [ -58.896253186405829, -35.844011667615234 ], [ -58.894990025290326, -35.845485392963667 ], [ -58.898972226752335, -35.846200850224136 ], [ -58.896779198242939, -35.843185511864874 ], [ -58.896749018819548, -35.843160563852678 ], [ -58.893090502958898, -35.838079606758583 ], [ -58.893025540927511, -35.838040169674173 ], [ -58.891648033723641, -35.83786615724739 ], [ -58.86514085932231, -35.798729124199383 ], [ -58.862530223926399, -35.799809555466084 ], [ -58.848674493003784, -35.786810575429456 ], [ -58.859640828086299, -35.775090780236724 ], [ -58.873369762160223, -35.75521334565201 ], [ -58.889914445037959, -35.762660148924681 ], [ -58.910207099402555, -35.729734912870583 ], [ -58.915931788605008, -35.738460007247909 ], [ -58.913753897492199, -35.75226461541007 ], [ -58.92837919431264, -35.75746999834081 ], [ -58.92839992346137, -35.757502796324445 ], [ -58.935523767496477, -35.768399088460114 ], [ -58.931557555325355, -35.755280892430562 ], [ -58.922591590450622, -35.747672311997576 ], [ -58.92255085469418, -35.747607983149635 ], [ -58.921980348946192, -35.746201746334577 ], [ -58.916105305090355, -35.736607372437277 ], [ -58.916746150817573, -35.718926057237468 ], [ -58.906701210531253, -35.713673598664059 ], [ -58.923954069733725, -35.701058334845868 ], [ -58.924408250011652, -35.687808502186726 ], [ -58.916836488567583, -35.678883031489022 ], [ -58.891275223310686, -35.684041270333694 ], [ -58.879625542076326, -35.676285245735187 ], [ -58.876461563261955, -35.675082555481595 ], [ -58.868248512266462, -35.660588690672625 ], [ -58.854844800226374, -35.662873389558342 ], [ -58.854238626110828, -35.659879308331483 ], [ -58.853353848479742, -35.655509121104274 ], [ -58.85255838264851, -35.651580087562479 ], [ -58.853749153675892, -35.64804369669281 ], [ -58.853728243213993, -35.64798696342956 ], [ -58.863484405280303, -35.636836436329418 ], [ -58.863133085362165, -35.635936670490821 ], [ -58.856805750210526, -35.623287893693885 ], [ -58.886941351234384, -35.569535379565252 ], [ -58.925854107523662, -35.594296491241323 ], [ -58.929735203670418, -35.578700172928848 ], [ -58.921322700183907, -35.578227176126859 ], [ -58.904799704261393, -35.563215276168989 ], [ -58.915259633379378, -35.551799821201826 ], [ -58.926818988491675, -35.56424322684245 ], [ -58.935923002675281, -35.557605521944822 ], [ -58.949309100455082, -35.568346309608899 ], [ -58.948602633544965, -35.569696687399983 ], [ -58.951405615392389, -35.570015231033778 ], [ -58.949377412911929, -35.568197110673907 ], [ -58.949346917582147, -35.568172388663072 ], [ -58.95290522444958, -35.549609967363381 ], [ -58.946966661302667, -35.550253041921792 ], [ -58.950180104543961, -35.540031364362108 ], [ -58.966714244682692, -35.518594865989087 ], [ -58.971598974701806, -35.534751540521654 ], [ -58.986718847447889, -35.534874905951085 ], [ -58.977005855712434, -35.483209411814926 ], [ -58.977028424845514, -35.483146438433209 ], [ -58.977549932806767, -35.478382647069509 ], [ -58.97756225659532, -35.478314730283273 ], [ -58.978517631366742, -35.475179482987187 ], [ -58.979582827459922, -35.454764944648389 ], [ -58.978577770967831, -35.455641125770057 ], [ -58.978550850790896, -35.455600221208556 ], [ -58.967483466077056, -35.422032631140382 ], [ -58.961411584374332, -35.400556950728628 ], [ -58.987199780580511, -35.400817667621141 ], [ -58.994075712016354, -35.394830856172064 ], [ -58.986237044059806, -35.31684954662677 ], [ -58.988745301594236, -35.306202655220318 ], [ -58.988747967042912, -35.306155218414176 ], [ -58.984985795928992, -35.286943694760055 ], [ -59.013005624291338, -35.266209166352553 ], [ -59.021433820553398, -35.278948225153442 ], [ -59.024420958881365, -35.276974845430971 ], [ -59.024453984428362, -35.276953921556014 ], [ -59.026846550921846, -35.276498767139344 ], [ -59.027356323131698, -35.275081923872278 ], [ -59.013428023706524, -35.265933393290652 ], [ -59.029761055139431, -35.255265209780021 ], [ -59.029834509550255, -35.255291720980381 ], [ -59.035987637672463, -35.259914754121041 ], [ -59.041369472814438, -35.253752418459271 ], [ -59.052086111065762, -35.241550561968836 ], [ -59.056524881685334, -35.230121639115112 ], [ -59.056595181950513, -35.230093327803957 ], [ -59.056819175491455, -35.229938525540433 ], [ -59.056851410676245, -35.229917064837366 ], [ -59.066605210494458, -35.223018968902011 ], [ -59.056512642621726, -35.229510551642704 ], [ -59.056176226426089, -35.229703261522104 ], [ -59.042484979302287, -35.231922394134358 ], [ -59.042420773742549, -35.23190280004826 ], [ -59.03682039300935, -35.223249510215851 ], [ -59.031279622247041, -35.223948680300282 ], [ -59.029038531717106, -35.228092147508278 ], [ -59.024050256907969, -35.229418206141929 ], [ -59.023619634838951, -35.229407327828767 ], [ -59.018765011730466, -35.228736095084855 ], [ -59.014436355777036, -35.223505790774595 ], [ -59.013045568876919, -35.22315329931547 ], [ -59.00625531458445, -35.230208930273875 ], [ -59.005890169820873, -35.230212410018282 ], [ -59.003665905278467, -35.22325617988912 ], [ -59.000629230599827, -35.225404699612568 ], [ -59.000597765701514, -35.225427881460917 ], [ -58.99055186883237, -35.225568534727131 ], [ -58.990435997236318, -35.232833148027282 ], [ -58.975700343731091, -35.229283506103172 ], [ -58.973895963549921, -35.228325195422769 ], [ -58.97520917434565, -35.229418442153076 ], [ -58.975275097795816, -35.229441320597971 ], [ -58.975482837360914, -35.2294198467755 ], [ -58.965281853781846, -35.241436612545272 ], [ -58.967004811249012, -35.26377496347294 ], [ -58.942794602080937, -35.253393969827698 ], [ -58.940963532011494, -35.244023858003743 ], [ -58.933348690904779, -35.241390815835985 ], [ -58.934200129175395, -35.257358534243224 ], [ -58.932243019644261, -35.25763055518695 ], [ -58.890487464308308, -35.275306874244393 ], [ -58.876474184854771, -35.277892660021791 ], [ -58.875374675313481, -35.249391549934842 ], [ -58.849327650423106, -35.238372346881192 ], [ -58.848982315739534, -35.23816424310877 ], [ -58.836037311410507, -35.225444125318404 ], [ -58.830793452253033, -35.22526080872052 ], [ -58.813876863288726, -35.240549085789326 ], [ -58.813834376573254, -35.240492993526971 ], [ -58.810268826701019, -35.237823897637497 ], [ -58.810217056195256, -35.237772683037633 ], [ -58.808784497612407, -35.236675089391781 ], [ -58.791680633745386, -35.227545874782095 ], [ -58.78945113648399, -35.22640094786243 ], [ -58.7742751364176, -35.203104287468477 ], [ -58.777380893204565, -35.197870845125351 ], [ -58.769078837226061, -35.181244148313453 ], [ -58.769097763293871, -35.181187670115094 ], [ -58.770255183576865, -35.178183805040703 ], [ -58.782968812735987, -35.167712773495225 ], [ -58.78848732734798, -35.169038586782222 ], [ -58.787877117282108, -35.165518395081335 ], [ -58.788553379020243, -35.165487098337906 ], [ -58.790731876143695, -35.161212819507284 ], [ -58.786039798936088, -35.163240062999193 ], [ -58.776150817179428, -35.131316104152404 ], [ -58.77287453269679, -35.117853402843764 ], [ -58.780063850044883, -35.113953591293296 ], [ -58.771363389848943, -35.109516634166255 ], [ -58.770807014531329, -35.108800293045704 ], [ -58.77078249994338, -35.108770454089324 ], [ -58.765998691755044, -35.10463902749666 ], [ -58.765155925586441, -35.111813560618657 ], [ -58.762385458437222, -35.10998708780204 ], [ -58.762810542043781, -35.10603090466617 ], [ -58.748385105248133, -35.09271127150123 ], [ -58.747810461845461, -35.091572055739164 ], [ -58.747934754980349, -35.077396054228814 ], [ -58.750928915444888, -35.07486363795897 ], [ -58.748640783278574, -35.072783630988397 ], [ -58.750058862325488, -35.071793620996971 ], [ -58.748816507883134, -35.070763237647782 ], [ -58.748492538357254, -35.069035484952963 ], [ -58.748554136211453, -35.068987454489445 ], [ -58.748726141089094, -35.06885377999771 ], [ -58.748787564137331, -35.068805407654793 ], [ -58.748835246132955, -35.068766187002097 ], [ -58.748896109450868, -35.0687170452033 ], [ -58.74983511598964, -35.069540510778836 ], [ -58.751269837551263, -35.06956738261772 ], [ -58.751302659634803, -35.068381872609962 ], [ -58.751421341303114, -35.068238774618408 ], [ -58.751421361601217, -35.068238758592656 ], [ -58.751421399667265, -35.068238564471017 ], [ -58.750495147870254, -35.067453314846773 ], [ -58.751714555302783, -35.066906586721075 ], [ -58.75180855624609, -35.066380992751363 ], [ -58.751877269579779, -35.064623022905778 ], [ -58.752241656686465, -35.06493070092273 ], [ -58.752259474767527, -35.064323096524163 ], [ -58.752254055134813, -35.063866924786907 ], [ -58.752263880343264, -35.062821003599026 ], [ -58.752288823467381, -35.062508091242819 ], [ -58.752865349078604, -35.061726405286322 ], [ -58.75289319358717, -35.060868951246221 ], [ -58.752729522326263, -35.060716656556281 ], [ -58.753138305038306, -35.060387164727786 ], [ -58.753141891901748, -35.059958786935795 ], [ -58.753082096473406, -35.059830812413338 ], [ -58.754002986033925, -35.058197957648986 ], [ -58.754065347409551, -35.058250347537466 ], [ -58.754068123803222, -35.058146750886749 ], [ -58.753972959202599, -35.058171981981104 ], [ -58.753284658621794, -35.057595755494845 ], [ -58.753284743601284, -35.057590878854171 ], [ -58.753285481217915, -35.057541194883811 ], [ -58.753974736617067, -35.056998016281909 ], [ -58.754087165127771, -35.057043345617387 ], [ -58.754090759792405, -35.056906609292525 ], [ -58.753767157590289, -35.055660938936967 ], [ -58.754174703817739, -35.05586741259458 ], [ -58.754183039873567, -35.055596923287567 ], [ -58.75382053271187, -35.055563332936799 ], [ -58.753820658825475, -35.05556088166577 ], [ -58.754089680385334, -35.054135236883269 ], [ -58.754253890707673, -35.054224816788746 ], [ -58.754264199694205, -35.054006967492739 ], [ -58.754091870790262, -35.054085658068459 ], [ -58.75337059357571, -35.053465921459519 ], [ -58.753370825660113, -35.053460767771696 ], [ -58.753372613783881, -35.053411705605981 ], [ -58.754309978245999, -35.052982702390466 ], [ -58.754320666256319, -35.052706599200008 ], [ -58.753411738395869, -35.052205198701643 ], [ -58.753413684180543, -35.052156063696543 ], [ -58.753413934302898, -35.052150977098165 ], [ -58.754369500184225, -35.051712799377754 ], [ -58.754382215869896, -35.051435724279429 ], [ -58.754138559577427, -35.051514238192851 ], [ -58.754138527167356, -35.051513458288355 ], [ -58.754334263747978, -35.050366470468703 ], [ -58.754353138697752, -35.049427513243756 ], [ -58.753232599062642, -35.049403726583932 ], [ -58.75289169820968, -35.04939016036883 ], [ -58.751630887352007, -35.049369141275974 ], [ -58.751522202237481, -35.049327050683814 ], [ -58.750788711369523, -35.049895087796415 ], [ -58.749960103601893, -35.049256275984078 ], [ -58.749031930430078, -35.04973825669714 ], [ -58.749031371387559, -35.049737788028267 ], [ -58.749774625208602, -35.049100781668642 ], [ -58.74987905843409, -35.0484305448756 ], [ -58.749042137559343, -35.048502435590763 ], [ -58.748675213284002, -35.049370584082794 ], [ -58.748478060191928, -35.04844481910078 ], [ -58.747330296181872, -35.0488593879316 ], [ -58.747115197017365, -35.048431818268682 ], [ -58.746850522595139, -35.048419961776233 ], [ -58.747162264521819, -35.048887664148708 ], [ -58.746974858698422, -35.050229063862332 ], [ -58.746521317073814, -35.050771639915126 ], [ -58.744442965494102, -35.047921042417272 ], [ -58.744436498861717, -35.047915196020199 ], [ -58.744498190022966, -35.047866653492349 ], [ -58.746099381193631, -35.047740978667775 ], [ -58.746106736762783, -35.047367768888421 ], [ -58.745445268887636, -35.047192746145981 ], [ -58.746111322835361, -35.046602256578069 ], [ -58.745381350351806, -35.047139111067736 ], [ -58.745170609324077, -35.046591817612637 ], [ -58.744728583114693, -35.046589879429064 ], [ -58.744205356624093, -35.046536008352405 ], [ -58.74338816235263, -35.045675299132711 ], [ -58.743355375249109, -35.045398125749955 ], [ -58.743408902748342, -35.044127956043894 ], [ -58.741868909784444, -35.044101518865943 ], [ -58.741687873311889, -35.045483726483837 ], [ -58.741626640585082, -35.04553280197382 ], [ -58.740612696921119, -35.044832744050439 ], [ -58.740589947157275, -35.044711708796171 ], [ -58.740604049046681, -35.043878079038052 ], [ -58.740588950867732, -35.04330111562723 ], [ -58.740572762190823, -35.043006945324635 ], [ -58.74062626654387, -35.041741534865992 ], [ -58.739078469300068, -35.041708379331226 ], [ -58.738791201854269, -35.041675854633979 ], [ -58.737952837275429, -35.041672071637038 ], [ -58.737377756409103, -35.042047285359104 ], [ -58.736911119770468, -35.041659790075073 ], [ -58.736865896986103, -35.041672509466025 ], [ -58.735901487600415, -35.041616190417585 ], [ -58.735859412484388, -35.042390364160553 ], [ -58.73498771859596, -35.041654227030449 ], [ -58.734987583922589, -35.041654226302967 ], [ -58.734985869692593, -35.041607094315737 ], [ -58.734930340800702, -35.041605896301462 ], [ -58.734925423785114, -35.041653675156454 ], [ -58.734493961372777, -35.041991994013301 ], [ -58.733244369217232, -35.041556367107262 ], [ -58.733183657643792, -35.041507296503084 ], [ -58.733172728310706, -35.041447659356379 ], [ -58.732167433789527, -35.040345185727631 ], [ -58.732755376744478, -35.037323681413852 ], [ -58.734164782037055, -35.037448543911012 ], [ -58.734172358458579, -35.036799697333038 ], [ -58.733599333763323, -35.035829336714869 ], [ -58.733095092651979, -35.035786919533166 ], [ -58.733251718077497, -35.035206605010615 ], [ -58.733325465274561, -35.034933363911705 ], [ -58.73333582496474, -35.034895223797605 ], [ -58.733503356932772, -35.034272601922851 ], [ -58.732959042182586, -35.035183783866955 ], [ -58.733249857405156, -35.035204782580593 ], [ -58.73309198344532, -35.035783874230162 ], [ -58.733090883315526, -35.035784723276322 ], [ -58.732721306162205, -35.035367261154477 ], [ -58.731712492787949, -35.035342333791391 ], [ -58.728550331569863, -35.037566530116067 ], [ -58.728550255916218, -35.037566582398426 ], [ -58.729936107197602, -35.041991384761786 ], [ -58.729918146429611, -35.042070973060333 ], [ -58.726722872185917, -35.04557264964842 ], [ -58.726681894320222, -35.048208454927305 ], [ -58.727956612022183, -35.049629030991639 ], [ -58.722753837553341, -35.050969571556891 ], [ -58.722753909334756, -35.050964954382152 ], [ -58.722694154934061, -35.050965906697002 ], [ -58.722505902779915, -35.051136497124389 ], [ -58.72250684367981, -35.051132327780124 ], [ -58.72241243523024, -35.051151729657136 ], [ -58.722502137401762, -35.051150172680025 ], [ -58.719637206650475, -35.071757946573371 ], [ -58.734416694080267, -35.081652267140328 ], [ -58.73423075992855, -35.084291885861887 ], [ -58.732222693880203, -35.092375597811952 ], [ -58.720167718950961, -35.097758053835776 ], [ -58.720094082104026, -35.097765184499735 ], [ -58.720037624997644, -35.097785869123243 ], [ -58.719964216676715, -35.097795742045093 ], [ -58.714086786578832, -35.099187712706964 ], [ -58.714011698527145, -35.099197923476424 ], [ -58.713998543298771, -35.099208633144428 ], [ -58.713923534234823, -35.099219568150829 ], [ -58.711710963714893, -35.099791742677439 ], [ -58.705755327663439, -35.099895115746108 ], [ -58.711063031392143, -35.102004282440305 ], [ -58.711699569719087, -35.123860273342927 ], [ -58.713415100799637, -35.128370856285983 ], [ -58.700721971703217, -35.135917675250766 ], [ -58.700381352024465, -35.138267477754084 ], [ -58.715218550070006, -35.1531538166671 ], [ -58.698056506683315, -35.168874998319893 ], [ -58.717731879133737, -35.169989947404929 ], [ -58.721027303968981, -35.18486185333029 ], [ -58.72102924685538, -35.184893189350873 ], [ -58.702075149564735, -35.209862294316054 ], [ -58.697149380234521, -35.2137289612416 ], [ -58.70198108914866, -35.214723448497068 ], [ -58.703792193240247, -35.217810232894408 ], [ -58.706113346614529, -35.220382406618569 ], [ -58.705340408979566, -35.237595767618984 ], [ -58.696314947979602, -35.240764182002522 ], [ -58.695543538980075, -35.245319368680782 ], [ -58.698353034747015, -35.244860145164409 ], [ -58.705471650385846, -35.237859412457738 ], [ -58.71533426624444, -35.234924581643725 ], [ -58.735146530659279, -35.252583727105446 ], [ -58.706231250537712, -35.282740811210942 ], [ -58.700215726113072, -35.279792645059445 ], [ -58.695728952723812, -35.276624875570064 ], [ -58.695700140576207, -35.276600210671347 ], [ -58.68550046833019, -35.269498377114473 ], [ -58.689112523124209, -35.282843866785583 ], [ -58.693742874340103, -35.286535852217526 ], [ -58.686669243628614, -35.299994699696356 ], [ -58.686600533190017, -35.30001885114217 ], [ -58.67847014357352, -35.301021051278042 ], [ -58.672668749467789, -35.263259507416592 ], [ -58.640598002041997, -35.271983286233194 ], [ -58.639947744849451, -35.273032658464786 ], [ -58.604314978165803, -35.251848366841671 ], [ -58.619355465077604, -35.240474587495953 ], [ -58.624887981537313, -35.231609133059862 ], [ -58.625125149095823, -35.226122700190501 ], [ -58.62116649695497, -35.228497171132858 ], [ -58.621135124116961, -35.228520291314908 ], [ -58.613457719389089, -35.233083357946214 ], [ -58.613346666889015, -35.233307054330226 ], [ -58.613316280061269, -35.233329447872848 ], [ -58.613290589965516, -35.233357103776996 ], [ -58.597102543281153, -35.247588920277678 ], [ -58.580456330133018, -35.232569082560474 ], [ -58.585552459118105, -35.220723124718859 ], [ -58.591958108203414, -35.218181341493278 ], [ -58.594307785607896, -35.213448315774372 ], [ -58.589155610832506, -35.216019122318642 ], [ -58.568797002792053, -35.209152723542786 ], [ -58.568615005610809, -35.211049812647275 ], [ -58.572986481701548, -35.217748554937543 ], [ -58.556725345035659, -35.240435813449494 ], [ -58.556703318457835, -35.240487963869725 ], [ -58.556179120324771, -35.240493657695936 ], [ -58.556300105670857, -35.240805847879074 ], [ -58.55670353493133, -35.240488522457042 ], [ -58.565028027347978, -35.254992389582924 ], [ -58.544212242767856, -35.265604815043844 ], [ -58.534505219816538, -35.256647057693556 ], [ -58.534484444359805, -35.256593448774652 ], [ -58.526173668270815, -35.25226124893976 ], [ -58.501386126928764, -35.224955929840576 ], [ -58.507271993421227, -35.214995424375161 ], [ -58.508704113955389, -35.210428882076997 ], [ -58.483239146840617, -35.209970498741029 ], [ -58.463911567545551, -35.225463905713696 ], [ -58.449017336880217, -35.21108213410821 ], [ -58.448988409268338, -35.211022197642137 ], [ -58.44439932991736, -35.207638007664002 ], [ -58.444320037894784, -35.20967289938153 ], [ -58.429921038489624, -35.194506148335961 ], [ -58.427255169602631, -35.194895590197234 ], [ -58.416394512834756, -35.185184617146035 ], [ -58.416420389589291, -35.183675236316219 ], [ -58.430683179025664, -35.17141470801414 ], [ -58.399655211268225, -35.173035229366633 ], [ -58.390411630389451, -35.135818973646167 ], [ -58.3663546642548, -35.14343869553926 ], [ -58.340258022795695, -35.134956272581292 ], [ -58.339378846152215, -35.135596900947746 ], [ -58.323610596570916, -35.132483951683412 ], [ -58.323553854374268, -35.132435703197928 ], [ -58.309280684756288, -35.118804567430345 ], [ -58.326533753612921, -35.113817764665839 ], [ -58.329605698086937, -35.104110732275672 ], [ -58.340846256613645, -35.103388951634486 ], [ -58.341065692600068, -35.09483310502975 ], [ -58.325928510163521, -35.064262974858821 ], [ -58.329682678162385, -35.061449599676337 ], [ -58.360106948746136, -35.056107728276345 ], [ -58.365904107058441, -35.076218048473095 ], [ -58.37862593761281, -35.067326515143407 ], [ -58.384271545324509, -35.074092141679841 ], [ -58.386579678797034, -35.071989809183833 ], [ -58.392709548121104, -35.075315807434436 ], [ -58.393591079915154, -35.081411833428717 ], [ -58.393157133143404, -35.081463342677694 ], [ -58.394053956875268, -35.082093805936267 ], [ -58.404019200531593, -35.102975477582561 ], [ -58.422706824963086, -35.087897016471118 ], [ -58.435660586839276, -35.07189254943512 ], [ -58.447078236105767, -35.080573750872418 ], [ -58.451993878964572, -35.064404060287586 ], [ -58.459417401762835, -35.063589750513074 ], [ -58.464636316487827, -35.064407132957911 ], [ -58.479719351865924, -35.078702531387535 ], [ -58.491210467682777, -35.074649309753454 ], [ -58.491701880718267, -35.074602160920449 ], [ -58.499015457028008, -35.070408098600012 ], [ -58.501173688707752, -35.070909990734947 ], [ -58.501965024139338, -35.076680021615061 ], [ -58.504923966650608, -35.07431015319554 ], [ -58.510259072379029, -35.082655962932336 ], [ -58.51133458692658, -35.083004554404283 ], [ -58.511495436383541, -35.082614917459807 ], [ -58.511050357630666, -35.082107041931749 ], [ -58.511038651205752, -35.082069360170237 ], [ -58.511026527213801, -35.082031810678359 ], [ -58.517611935947969, -35.070330431165985 ], [ -58.521813918180555, -35.070843722943152 ], [ -58.526245530545964, -35.071385062640843 ], [ -58.530727754368741, -35.07193258473643 ], [ -58.530804287329147, -35.071945191809846 ], [ -58.530800982301514, -35.071953197810444 ], [ -58.533379978853816, -35.072394729490611 ], [ -58.533456400406408, -35.072409579781777 ], [ -58.539090186508645, -35.073417147779139 ], [ -58.539421819028689, -35.073336184837899 ], [ -58.542149412973856, -35.073874727674706 ], [ -58.543038180886128, -35.074050208276333 ], [ -58.543966377601748, -35.074233473766753 ], [ -58.544752688983465, -35.074846788947184 ], [ -58.545975187664396, -35.074630121327345 ], [ -58.54701761530481, -35.074835940064759 ], [ -58.546516967888465, -35.074520419418718 ], [ -58.543070735797585, -35.073820196318593 ], [ -58.539654939514492, -35.073126159183801 ], [ -58.532612225138109, -35.067308182025783 ], [ -58.529366377696647, -35.069431206624529 ], [ -58.528814705812351, -35.071119114109933 ], [ -58.526519015897406, -35.070779839610509 ], [ -58.521968577231974, -35.0701073412082 ], [ -58.522070492629496, -35.070040526722266 ], [ -58.507540202429766, -35.062736645754512 ], [ -58.506902655192619, -35.06245910983472 ], [ -58.502369829306701, -35.054163577322356 ], [ -58.494108200533844, -35.055015223551379 ], [ -58.494105484523971, -35.055014842904029 ], [ -58.490455050992239, -35.055756331108626 ], [ -58.490395411520012, -35.055706638907623 ], [ -58.492529776069489, -35.052704222706438 ], [ -58.490656418332264, -35.051091602953591 ], [ -58.490626502655687, -35.051066274299217 ], [ -58.489554311810082, -35.050182795135072 ], [ -58.489494109364614, -35.050131823634104 ], [ -58.489345650079656, -35.050001576129773 ], [ -58.490977541188954, -35.047449261615839 ], [ -58.489718746879248, -35.046812228273097 ], [ -58.489682048208408, -35.046797795174029 ], [ -58.48719864165156, -35.045565380630649 ], [ -58.487018668170833, -35.045480646319447 ], [ -58.482355169720108, -35.013736768664614 ], [ -58.481801448099588, -35.003919141523852 ], [ -58.470137053969154, -34.997864926433067 ], [ -58.470134936004172, -34.997788435754842 ], [ -58.470003781384094, -34.995922149044759 ], [ -58.469996353195313, -34.995845804956048 ], [ -58.469987010719706, -34.995796883472394 ], [ -58.469963847828978, -34.995712491260747 ], [ -58.469975008659901, -34.995715123265882 ], [ -58.469952839327505, -34.995636400520311 ], [ -58.469955811684599, -34.995605133595689 ], [ -58.469943164462848, -34.995529370623728 ], [ -58.469570543331827, -34.994932088688529 ], [ -58.469050201569075, -34.984542196558209 ], [ -58.469456929844171, -34.983883760415438 ], [ -58.467688496628114, -34.982803349530514 ], [ -58.46770576294972, -34.982118470673072 ], [ -58.467714299791623, -34.982040641593073 ], [ -58.467892325560513, -34.981072662988083 ], [ -58.467907231819311, -34.980995221861747 ], [ -58.467947614605293, -34.980797037293371 ], [ -58.467955059844428, -34.980758357721641 ], [ -58.467989682704115, -34.979306228758617 ], [ -58.467738009583172, -34.979117502470331 ], [ -58.467729408401794, -34.978277518463358 ], [ -58.467718314933904, -34.97719414322728 ], [ -58.467728676126399, -34.97827588596266 ], [ -58.467589073875672, -34.978422905166667 ], [ -58.467588646510933, -34.978922948709396 ], [ -58.467588398138275, -34.979213529891183 ], [ -58.467588150163465, -34.97950371919967 ], [ -58.467439266829331, -34.97941966959354 ], [ -58.467316061001327, -34.979659430268612 ], [ -58.467433443845039, -34.979876368002351 ], [ -58.467426545484557, -34.980150714362821 ], [ -58.467412793937399, -34.980697608453625 ], [ -58.467409699369853, -34.980776351431984 ], [ -58.467386061064474, -34.981219941528536 ], [ -58.467381805836339, -34.981298791668735 ], [ -58.467356325223136, -34.981765072403562 ], [ -58.467267843368063, -34.981834371849288 ], [ -58.467275284874233, -34.98191193970996 ], [ -58.467378712433288, -34.984972242741833 ], [ -58.467567903502754, -34.984957602895122 ], [ -58.467576974314227, -34.985035073850156 ], [ -58.467709369266288, -34.98577869409138 ], [ -58.467723793731921, -34.985855422217185 ], [ -58.46434081526246, -34.992371489068091 ], [ -58.464419890868726, -34.993744055237869 ], [ -58.464346127970089, -34.99376620363546 ], [ -58.464289029730082, -34.993802703190397 ], [ -58.46421963499904, -34.993840440079396 ], [ -58.464196243262847, -34.993849143832051 ], [ -58.464134194242263, -34.993896198432424 ], [ -58.463032024637869, -34.99404357558052 ], [ -58.46341260716099, -34.994874885730837 ], [ -58.465909811703341, -34.995664073759997 ], [ -58.465909310933682, -34.995739162616019 ], [ -58.466014159699455, -34.996073338869621 ], [ -58.46580563152321, -34.99739973541358 ], [ -58.467836651387302, -34.998084007736736 ], [ -58.466594361828641, -34.998918530872572 ], [ -58.46690797566032, -35.001320601828695 ], [ -58.465542775870404, -35.002683013403271 ], [ -58.465480453955138, -35.00272954420717 ], [ -58.465411623691068, -35.0028098461338 ], [ -58.464463791909282, -35.003536780447462 ], [ -58.462758167426387, -35.003406445121527 ], [ -58.462227675710324, -35.004032664273609 ], [ -58.461547549817567, -35.003305088013747 ], [ -58.461547182533423, -35.00330504685229 ], [ -58.460613541842974, -35.003918760479564 ], [ -58.459497662293074, -35.002962731301352 ], [ -58.459497790548141, -35.002962538757686 ], [ -58.458937295192754, -35.00248263678202 ], [ -58.459489964036777, -35.002965485805987 ], [ -58.459492123853465, -35.002965147417285 ], [ -58.459492905554669, -35.002964254860501 ], [ -58.460599312119086, -35.003923318188015 ], [ -58.459927552725446, -35.00380268472594 ], [ -58.46041045777713, -35.004401781009904 ], [ -58.459655343139389, -35.004079503859259 ], [ -58.45897727469594, -35.004199886114009 ], [ -58.458954070382902, -35.004186577001519 ], [ -58.458960345432786, -35.004218982134148 ], [ -58.459011511968868, -35.004219659656087 ], [ -58.459328078983503, -35.004401990224949 ], [ -58.459327573771986, -35.004405209882123 ], [ -58.459361825962617, -35.004424932185202 ], [ -58.459396065432259, -35.00444467656456 ], [ -58.458699320450194, -35.005908950898004 ], [ -58.458813937342711, -35.006458647438478 ], [ -58.458881761495604, -35.006816879646806 ], [ -58.459868732032987, -35.007389805192133 ], [ -58.459093801791312, -35.007786790465218 ], [ -58.459776472734632, -35.008194141550803 ], [ -58.459293861808021, -35.008801422239628 ], [ -58.459490054260982, -35.0097313319867 ], [ -58.46286964996392, -35.013848014532584 ], [ -58.462817185586914, -35.013903813954187 ], [ -58.462790496362572, -35.013954508639642 ], [ -58.46275699732746, -35.014003298325861 ], [ -58.458863799270887, -35.017157725230788 ], [ -58.458766590448306, -35.02209601887148 ], [ -58.458974719275716, -35.02259927228863 ], [ -58.457784020083579, -35.022937554927012 ], [ -58.457590411343347, -35.02282580910736 ], [ -58.457559778639848, -35.022801302826736 ], [ -58.456854351452819, -35.022192633878774 ], [ -58.456267583251929, -35.021686348699745 ], [ -58.456150643468732, -35.021693011492459 ], [ -58.455724310398182, -35.022784116393382 ], [ -58.455711440401046, -35.022784094755139 ], [ -58.45462891491951, -35.021839038287226 ], [ -58.454754278491407, -35.021678789560212 ], [ -58.452681217917529, -35.021606938957234 ], [ -58.451726298011522, -35.022391211428044 ], [ -58.45076466771792, -35.021539061256703 ], [ -58.450473275949946, -35.022920324364236 ], [ -58.44973109099044, -35.021515723580649 ], [ -58.448856471892384, -35.021486772944172 ], [ -58.448435954738386, -35.022500909467738 ], [ -58.447172362805475, -35.021443512189649 ], [ -58.446499922718715, -35.022303123401457 ], [ -58.445477262889824, -35.021406241838577 ], [ -58.444703899758849, -35.021390085261771 ], [ -58.443777725336986, -35.021362234987066 ], [ -58.443384361509061, -35.022391943803768 ], [ -58.4420908076724, -35.021310893618136 ], [ -58.436641387652912, -35.023440850171141 ], [ -58.440751240908924, -35.020184914070967 ], [ -58.440811314467965, -35.020138631279053 ], [ -58.444071898058212, -35.017622515820221 ], [ -58.444115613655811, -35.017624025249233 ], [ -58.444139738927049, -35.017624750701543 ], [ -58.444159035735197, -35.017624796354255 ], [ -58.444220531967289, -35.01757819740584 ], [ -58.444264457372014, -35.017579343326247 ], [ -58.446753030148386, -35.01561878190256 ], [ -58.446774501823711, -35.015619421541658 ], [ -58.446836900433709, -35.015572295320055 ], [ -58.447629875107964, -35.014940030195021 ], [ -58.447637167619462, -35.014940271583271 ], [ -58.447843498032057, -35.014807583255561 ], [ -58.447850846263293, -35.014807653469063 ], [ -58.447864857726699, -35.014808207851047 ], [ -58.447909626633418, -35.014776123579566 ], [ -58.448329555769647, -35.012795269276012 ], [ -58.448332936838767, -35.012757159642888 ], [ -58.448965222856998, -35.007534439578706 ], [ -58.448965182046777, -35.007534246147486 ], [ -58.448965139394033, -35.00753403630398 ], [ -58.448965094238247, -35.007533835737945 ], [ -58.448965083999099, -35.007533765104995 ], [ -58.448965060157548, -35.007533650762241 ], [ -58.448767639093319, -35.006336273823308 ], [ -58.448729719782762, -35.006321568383328 ], [ -58.448723099827816, -35.0063314087148 ], [ -58.448281137478943, -35.004778742056544 ], [ -58.446857058292551, -35.004093813512895 ], [ -58.449037229456223, -35.002013591385548 ], [ -58.449790607265356, -35.002444382628312 ], [ -58.449036222474831, -35.001994155364116 ], [ -58.449035334495534, -35.001997350658542 ], [ -58.446801047173892, -35.000674918265076 ], [ -58.447744923334994, -35.000147737972952 ], [ -58.447602421531315, -34.999466518315387 ], [ -58.446856749110793, -34.998860698313763 ], [ -58.447047103944215, -34.998689659820968 ], [ -58.447048611012804, -34.998687927245044 ], [ -58.447831720918543, -34.999143702279014 ], [ -58.447770198272281, -34.999273636601856 ], [ -58.448001047665912, -34.999240928973961 ], [ -58.447962414555775, -34.999053727288526 ], [ -58.447831965166699, -34.999143422841541 ], [ -58.447050402250738, -34.998685877939408 ], [ -58.447048578819988, -34.998676322630672 ], [ -58.447041008417557, -34.998627441824169 ], [ -58.447624989978806, -34.997980012097742 ], [ -58.447764618941676, -34.9980163459864 ], [ -58.447730442087504, -34.997856941099371 ], [ -58.447539042156336, -34.997883861192349 ], [ -58.447624748621536, -34.997979870344807 ], [ -58.44703890629745, -34.998626207216034 ], [ -58.446978609418238, -34.998635699987233 ], [ -58.446158527871034, -34.998109506839853 ], [ -58.448579692266776, -34.995310227623065 ], [ -58.44858098675013, -34.995310045556153 ], [ -58.449339129532632, -34.995673029047509 ], [ -58.449855922205018, -34.994681420692359 ], [ -58.449630225198973, -34.993515684603665 ], [ -58.448689575629714, -34.993852384220872 ], [ -58.448634947253936, -34.995220768323804 ], [ -58.448587363913646, -34.995283209934826 ], [ -58.446178476071282, -34.998039254094294 ], [ -58.439933948323528, -34.996689614258912 ], [ -58.436496838952621, -34.999249718769079 ], [ -58.43487238609282, -34.998336819582619 ], [ -58.434685881129269, -35.006447250192195 ], [ -58.427448436088412, -35.0049454358292 ], [ -58.424536411660767, -34.997863599995526 ], [ -58.42516234230601, -34.996362430517934 ], [ -58.425195962588134, -34.996291138188383 ], [ -58.425259549699092, -34.996177183894645 ], [ -58.425276344404438, -34.996141571089311 ], [ -58.425763726529681, -34.99497984560611 ], [ -58.424069362527177, -34.993134696793788 ], [ -58.42576400778313, -34.993698494885848 ], [ -58.423744002712795, -34.990529148668827 ], [ -58.42000872315009, -34.992927301229884 ], [ -58.418756961882877, -34.992909403813201 ], [ -58.414105614869925, -34.990966996460998 ], [ -58.409438754099028, -34.985654026584314 ], [ -58.407608418686095, -34.981596966999234 ], [ -58.402215615467526, -34.967474564446775 ], [ -58.404245250473821, -34.966859499395071 ], [ -58.399598762124356, -34.954558903307316 ], [ -58.397872792655335, -34.95376212941602 ], [ -58.393625545098644, -34.942954672663916 ], [ -58.393483017746178, -34.943078242647573 ], [ -58.393482641261812, -34.943077011090054 ], [ -58.393122017733162, -34.941328705280625 ], [ -58.392742084889221, -34.940098831950422 ], [ -58.392552192391918, -34.939485655893975 ], [ -58.390892905669944, -34.938662799311544 ], [ -58.392018735712554, -34.937706942349621 ], [ -58.390084464254187, -34.936701129458584 ], [ -58.391429099237712, -34.935827331055805 ], [ -58.391220010708935, -34.935118228268209 ], [ -58.39087413545036, -34.93398724350601 ], [ -58.389471373830588, -34.933284276832353 ], [ -58.390385791020151, -34.932371618944671 ], [ -58.389783924324263, -34.93207515163698 ], [ -58.389920680781984, -34.931999624931564 ], [ -58.389857810711305, -34.93182093037899 ], [ -58.389752296884581, -34.931917925509083 ], [ -58.389325171600206, -34.93170545453296 ], [ -58.389324498603969, -34.931702853536024 ], [ -58.389603488669309, -34.930840374025649 ], [ -58.389530525212706, -34.930599976685016 ], [ -58.389384132811472, -34.930733228211636 ], [ -58.388544999864791, -34.930328876331998 ], [ -58.38854379806412, -34.930324438664627 ], [ -58.388531272726425, -34.930275353198454 ], [ -58.389281622601857, -34.929682972020657 ], [ -58.389187245419521, -34.929365084604456 ], [ -58.388477184856526, -34.928650079037084 ], [ -58.388806158346938, -34.928175134454477 ], [ -58.388782640175805, -34.928159272192204 ], [ -58.388365418977571, -34.926715837382062 ], [ -58.388321579844103, -34.926347594748222 ], [ -58.388235605125999, -34.925771832704243 ], [ -58.387885728546735, -34.925485575698303 ], [ -58.388228504721724, -34.92540114829643 ], [ -58.388572222509367, -34.925316489127795 ], [ -58.388539836371081, -34.924900568219584 ], [ -58.388312075043871, -34.924408548461145 ], [ -58.388755453167846, -34.923949458055631 ], [ -58.388488692977319, -34.922830130504451 ], [ -58.388061024987053, -34.922936389224958 ], [ -58.387664807011618, -34.92257242174469 ], [ -58.388602169024239, -34.922245355878658 ], [ -58.389276936947056, -34.921714869030779 ], [ -58.388968189520995, -34.92122210214518 ], [ -58.388835646431687, -34.920974087545289 ], [ -58.38897004715659, -34.920985746069334 ], [ -58.388970183990125, -34.920985615012796 ], [ -58.389104656343989, -34.92099736767284 ], [ -58.389117519080912, -34.92107748143593 ], [ -58.389237685594367, -34.921012246396742 ], [ -58.389070093542614, -34.920949146059513 ], [ -58.388970138899992, -34.92098549299709 ], [ -58.388970080324953, -34.920985459314352 ], [ -58.389002648153053, -34.920910738622467 ], [ -58.388821924305773, -34.920333238450894 ], [ -58.38830772812662, -34.919574222474068 ], [ -58.388307716391921, -34.9195741536127 ], [ -58.388678611802504, -34.919482455684943 ], [ -58.388664691126053, -34.919328571059282 ], [ -58.388590410914844, -34.919186761976675 ], [ -58.38770825058532, -34.918999465606873 ], [ -58.388270216539183, -34.918145597423631 ], [ -58.388235741865174, -34.918021361675471 ], [ -58.388906221073739, -34.917079858721365 ], [ -58.388158875801764, -34.916660400774163 ], [ -58.388499837903964, -34.916139711472852 ], [ -58.388583455078845, -34.916172808387216 ], [ -58.388595201864518, -34.916009231903558 ], [ -58.388481968393194, -34.916004277053162 ], [ -58.388497754009393, -34.916071214773353 ], [ -58.388248782544792, -34.915952329865206 ], [ -58.388248730147154, -34.915952244111338 ], [ -58.388443883155674, -34.915942178925832 ], [ -58.388917140139597, -34.91553348822049 ], [ -58.38848113978537, -34.914761460913212 ], [ -58.389114694647105, -34.914563738053346 ], [ -58.389159290432531, -34.914191540056663 ], [ -58.388325462409114, -34.913713860006226 ], [ -58.38888797804043, -34.913238238112285 ], [ -58.388731052878143, -34.913160896644627 ], [ -58.388685701693134, -34.913138027034165 ], [ -58.388542400678148, -34.912278646739253 ], [ -58.388662618322883, -34.912296890564789 ], [ -58.38862278121843, -34.912171607831283 ], [ -58.388277796313162, -34.912147278384111 ], [ -58.388490310707596, -34.911852764705145 ], [ -58.388490784469411, -34.911852065038261 ], [ -58.388753708557431, -34.911978250098173 ], [ -58.389372613377361, -34.911841150178589 ], [ -58.389223050467649, -34.911329891147659 ], [ -58.388990701701744, -34.91115806093012 ], [ -58.389259168040155, -34.910784725474514 ], [ -58.389493988606091, -34.91045817850636 ], [ -58.389374244360965, -34.91043700324127 ], [ -58.389466139292097, -34.910307304891262 ], [ -58.389289467627634, -34.910484729001951 ], [ -58.389243629630585, -34.910617940916268 ], [ -58.389136341050062, -34.910766633928745 ], [ -58.389135599926362, -34.910767209267533 ], [ -58.388920772462825, -34.911064621954438 ], [ -58.38866981134197, -34.910967571515812 ], [ -58.387652733360994, -34.911094279782105 ], [ -58.387075384893308, -34.911584085650929 ], [ -58.386635315666922, -34.912143534323661 ], [ -58.385688676170332, -34.912477511988584 ], [ -58.38592925865612, -34.912073305622243 ], [ -58.385064932222122, -34.912172201120427 ], [ -58.385368472183643, -34.912845794783834 ], [ -58.385266127276168, -34.913055914023005 ], [ -58.385266094483086, -34.913055958689426 ], [ -58.385309453205423, -34.912926182739284 ], [ -58.385091979985873, -34.912971250863166 ], [ -58.385204536988795, -34.913069436882722 ], [ -58.384835344816224, -34.913579535122324 ], [ -58.383975010021913, -34.913205301408766 ], [ -58.383799941161953, -34.913898349489557 ], [ -58.38320880292946, -34.913609075002284 ], [ -58.382776555268663, -34.914193312882219 ], [ -58.382333937885562, -34.91430265633312 ], [ -58.381663790331686, -34.914458842851218 ], [ -58.381281157185185, -34.913755003338792 ], [ -58.380704371024649, -34.913835914787796 ], [ -58.380578665603593, -34.913888341233815 ], [ -58.380686957639966, -34.913983349114346 ], [ -58.380605776852178, -34.91463278076543 ], [ -58.379723095817894, -34.914241007321095 ], [ -58.379103030133024, -34.914779796929395 ], [ -58.379389950133771, -34.91414028286539 ], [ -58.378122860772862, -34.914294567790648 ], [ -58.378087425710874, -34.914276932164739 ], [ -58.377926295591067, -34.914197120304834 ], [ -58.378023730240216, -34.914365916014617 ], [ -58.378122204432657, -34.914294679001159 ], [ -58.378935596075678, -34.914699815160475 ], [ -58.378620930877048, -34.915396534249112 ], [ -58.379461132551853, -34.915681816990173 ], [ -58.379078309489103, -34.916211434163131 ], [ -58.379463887008626, -34.915684822435594 ], [ -58.379939958872342, -34.916031457777081 ], [ -58.379919018528142, -34.916224688931266 ], [ -58.379910374535825, -34.916303297448394 ], [ -58.379582715218589, -34.916455267522338 ], [ -58.37949110377798, -34.917199482635681 ], [ -58.378999126565247, -34.916916145775872 ], [ -58.378902166917669, -34.917665372294266 ], [ -58.378899509959865, -34.91766683716213 ], [ -58.378830851776399, -34.917685458813764 ], [ -58.378338659658482, -34.917276631018126 ], [ -58.378124140676107, -34.917557676436331 ], [ -58.377851388135696, -34.917513707059413 ], [ -58.378167358634812, -34.917603360266924 ], [ -58.378245746028881, -34.918347831407232 ], [ -58.378243307872822, -34.918350188877071 ], [ -58.377295720640859, -34.91809661044158 ], [ -58.377333498378505, -34.917970835015524 ], [ -58.377179104899881, -34.91806517069773 ], [ -58.377295653385204, -34.918096651535222 ], [ -58.377410063380466, -34.919148517611575 ], [ -58.376691659653034, -34.919242705803526 ], [ -58.376167658771408, -34.918374733790586 ], [ -58.375261036880886, -34.919354028433986 ], [ -58.375126066030816, -34.919268526880956 ], [ -58.375022929774502, -34.91937143076342 ], [ -58.375142279847068, -34.91940290032835 ], [ -58.375182028316317, -34.91981437412818 ], [ -58.374472239894601, -34.919832316016311 ], [ -58.374392192375126, -34.920712761372499 ], [ -58.374378488535797, -34.920710886623283 ], [ -58.374300194429168, -34.920701992715351 ], [ -58.37338726362583, -34.920601801879002 ], [ -58.373308668478387, -34.920592883234349 ], [ -58.373299525532161, -34.920591541860404 ], [ -58.373260241345406, -34.920587084057104 ], [ -58.37284164650049, -34.920540954834337 ], [ -58.373116142240235, -34.921620465109129 ], [ -58.373071669755234, -34.921656277199418 ], [ -58.372121583221428, -34.920848533146341 ], [ -58.371145080897804, -34.921487404171046 ], [ -58.370841858453161, -34.922568137294547 ], [ -58.370929724229768, -34.921470016115336 ], [ -58.37075624035964, -34.922564334497395 ], [ -58.369742074562339, -34.922099246292703 ], [ -58.369270991579526, -34.922436053142235 ], [ -58.369231554668261, -34.922432597906493 ], [ -58.369132901587534, -34.922424074611797 ], [ -58.369221717024402, -34.922497479975107 ], [ -58.369270833553628, -34.922436175294592 ], [ -58.369660284192321, -34.922470392045057 ], [ -58.36969966418917, -34.922473842262605 ], [ -58.369739044185962, -34.922477292480039 ], [ -58.369743226003777, -34.922480768080675 ], [ -58.37161746718516, -34.924481011560999 ], [ -58.371880649003515, -34.923749276745866 ], [ -58.372756996976818, -34.923834831368481 ], [ -58.372474022825259, -34.924917531560368 ], [ -58.373399384816025, -34.925041345200441 ], [ -58.372858454906805, -34.925475437408465 ], [ -58.373013342981778, -34.925553100366756 ], [ -58.373048702870506, -34.925570867574891 ], [ -58.373090277190499, -34.92559027973823 ], [ -58.373161032541304, -34.925625832029027 ], [ -58.373442693443906, -34.925772013133951 ], [ -58.373445310955276, -34.925770118370053 ], [ -58.373515917779571, -34.925805686685521 ], [ -58.373520164235003, -34.925807452669176 ], [ -58.373590758391742, -34.925843105335218 ], [ -58.373881678006455, -34.925991851430922 ], [ -58.374124650013982, -34.927225765666435 ], [ -58.376011677315034, -34.928434175616076 ], [ -58.375802755545578, -34.928710337874008 ], [ -58.375754735645501, -34.92877611948245 ], [ -58.375749339479512, -34.928783606682714 ], [ -58.375305372147011, -34.92938332512739 ], [ -58.375144883570556, -34.929533177333667 ], [ -58.373471816136771, -34.928131575077202 ], [ -58.372646371649068, -34.928306062333945 ], [ -58.372845039536287, -34.929001043793335 ], [ -58.371634404596875, -34.930605407472058 ], [ -58.369663264456733, -34.929655979028098 ], [ -58.369663094575799, -34.929656054275824 ], [ -58.369663034353493, -34.9296561340322 ], [ -58.371079908741422, -34.931388881193243 ], [ -58.370074212503937, -34.932684439730394 ], [ -58.370015449137156, -34.932698334750739 ], [ -58.368554004181988, -34.931060131935112 ], [ -58.367205442622662, -34.931329335515613 ], [ -58.36886253138789, -34.938027669401663 ], [ -58.368809278830781, -34.938102118943675 ], [ -58.368467584692553, -34.938625663826315 ], [ -58.368414285851713, -34.938700451696491 ], [ -58.368051739547639, -34.939223056480671 ], [ -58.368005803529798, -34.939285088371832 ], [ -58.367632661409573, -34.939811314844462 ], [ -58.367586584397259, -34.939873538111897 ], [ -58.366209556968784, -34.941849943415832 ], [ -58.351251919862307, -34.942263663798315 ], [ -58.354368872652117, -34.95325046471379 ], [ -58.354322527727504, -34.953320784845459 ], [ -58.354768934961612, -34.957740370649447 ], [ -58.337702760085847, -34.96283599690878 ], [ -58.337637331914436, -34.962704907656359 ], [ -58.337542676364819, -34.962755750057113 ], [ -58.340923532826082, -34.978225715244662 ], [ -58.336530820293262, -34.982983035218524 ], [ -58.336192992108295, -34.982814050492209 ], [ -58.308206522566024, -34.97290791722105 ], [ -58.319736216493141, -34.956228620385104 ], [ -58.327286136666487, -34.957625218382702 ], [ -58.325774280294979, -34.954978751855265 ], [ -58.321062076305054, -34.954461884174009 ], [ -58.320992737755944, -34.954427859666396 ], [ -58.334553754195838, -34.933875592014488 ], [ -58.32637507967047, -34.912487864215848 ], [ -58.321695501440786, -34.910753388495777 ], [ -58.325636673194595, -34.904978648509314 ], [ -58.319700198618534, -34.898043998410117 ], [ -58.319446194079774, -34.891045556655911 ], [ -58.316708687188736, -34.882213985656676 ], [ -58.310003781637874, -34.878427351148048 ], [ -58.314701736499615, -34.8759698975432 ], [ -58.31399479909021, -34.872712414758155 ], [ -58.312431838222835, -34.874812422844968 ], [ -58.305388041518256, -34.8758193340459 ], [ -58.302589555057182, -34.877469709801744 ], [ -58.302572593232298, -34.877468750265393 ], [ -58.302622580436946, -34.87627523359015 ], [ -58.303596369625438, -34.875694210195491 ], [ -58.302650072891424, -34.875670233228391 ], [ -58.302610674349296, -34.875670631034382 ], [ -58.301245255149922, -34.87561156055591 ], [ -58.303086283150606, -34.865850210101371 ], [ -58.297882624886483, -34.8629081993613 ], [ -58.297823019331531, -34.862876448341638 ], [ -58.299015788688052, -34.85839287363126 ], [ -58.294753793447853, -34.8560320113844 ], [ -58.297400740518697, -34.851278782737097 ], [ -58.296707041466277, -34.849360114878039 ], [ -58.294188747627402, -34.850114004633895 ], [ -58.292161217636249, -34.849031940128953 ], [ -58.292107523703351, -34.848978478690583 ], [ -58.292037922871884, -34.848942386252588 ], [ -58.290811520405157, -34.848297367798921 ], [ -58.290742560335502, -34.848260728837772 ], [ -58.291363570874807, -34.84403298578934 ], [ -58.29120690093049, -34.843791727586961 ], [ -58.290893208912166, -34.84291021010057 ], [ -58.290426539664452, -34.843421008375913 ], [ -58.290352193257036, -34.84339421563584 ], [ -58.290479560424956, -34.842658859860023 ], [ -58.290152542525789, -34.841966444260152 ], [ -58.289889881686747, -34.8424473034583 ], [ -58.289677201840675, -34.841635235883359 ], [ -58.289569257739458, -34.841397255658308 ], [ -58.289437119166678, -34.841544322301274 ], [ -58.288763867843898, -34.841290459239474 ], [ -58.289152424053668, -34.840498537246617 ], [ -58.288680695555286, -34.839735808820421 ], [ -58.288680532155752, -34.83973545273858 ], [ -58.288813048947247, -34.839743881964978 ], [ -58.28874889128133, -34.839606651799784 ], [ -58.288578203448992, -34.839655911383318 ], [ -58.288246605159372, -34.838817618109033 ], [ -58.287772101158396, -34.838028641454628 ], [ -58.287512602361289, -34.837725816099692 ], [ -58.287311577544415, -34.837274087160836 ], [ -58.286784312097723, -34.837445771433238 ], [ -58.286570561175949, -34.836803336064861 ], [ -58.286075363883469, -34.83585432512632 ], [ -58.285880717260284, -34.835563431793332 ], [ -58.285594732975937, -34.834955523043163 ], [ -58.285425269367465, -34.835006847824559 ], [ -58.28547111976809, -34.835192164001455 ], [ -58.285471085165796, -34.835192151036097 ], [ -58.285415644114778, -34.835238346826316 ], [ -58.285384750297567, -34.834991665387463 ], [ -58.284674825043624, -34.834724331232735 ], [ -58.285132467925337, -34.834453090372335 ], [ -58.28465202366408, -34.834267098094813 ], [ -58.284765859891706, -34.833873802981373 ], [ -58.284397811209772, -34.83368420628284 ], [ -58.284559660828393, -34.833395336345006 ], [ -58.284642926333618, -34.833387072539381 ], [ -58.284617963194705, -34.833289353263694 ], [ -58.284494119319902, -34.83332518824335 ], [ -58.284559605936124, -34.83339531351703 ], [ -58.284397480871121, -34.833684068905029 ], [ -58.283568642412263, -34.833737355219114 ], [ -58.283567896909574, -34.833737050017646 ], [ -58.283494165237244, -34.833708276523055 ], [ -58.283090003888503, -34.83312088973139 ], [ -58.283372655063772, -34.832866869814382 ], [ -58.283031262227382, -34.832541598368437 ], [ -58.28241622761027, -34.832529286173781 ], [ -58.282416204168157, -34.8325290548147 ], [ -58.283024517254717, -34.832475029573686 ], [ -58.283157030929317, -34.832021343718395 ], [ -58.282963803678854, -34.832247773540757 ], [ -58.28241389905719, -34.832527078098906 ], [ -58.282406934589858, -34.831953834644253 ], [ -58.281684110969991, -34.831451399598052 ], [ -58.281371271139164, -34.831249163793586 ], [ -58.280410860208519, -34.831295326806014 ], [ -58.280371492754, -34.831297947578548 ], [ -58.280026104472654, -34.83048893630064 ], [ -58.278961367394686, -34.830500860966424 ], [ -58.27931885196125, -34.829767585951856 ], [ -58.279021789722435, -34.828758592229349 ], [ -58.279173477897245, -34.828781256483808 ], [ -58.279152589634123, -34.828643743013686 ], [ -58.27902535867247, -34.828704746950166 ], [ -58.278694674667577, -34.827677233198585 ], [ -58.278877563462515, -34.827650425579861 ], [ -58.279327649275672, -34.827881866175517 ], [ -58.279446750844897, -34.827024269338494 ], [ -58.279078909418786, -34.827048101301386 ], [ -58.278240123950752, -34.827319909681194 ], [ -58.278082135738998, -34.828166827092502 ], [ -58.277595794444039, -34.82787724681782 ], [ -58.277583984191892, -34.827516776779134 ], [ -58.277583253511125, -34.8275163981491 ], [ -58.277575772839214, -34.827275571081657 ], [ -58.277889323821739, -34.827138129306263 ], [ -58.277553964744243, -34.82663755748888 ], [ -58.277460162783655, -34.826655365645081 ], [ -58.277448335910833, -34.826409553245924 ], [ -58.277443374250424, -34.826306429539784 ], [ -58.277448265850694, -34.826409472015428 ], [ -58.277335056089385, -34.826385080486261 ], [ -58.277342516192959, -34.826543782259421 ], [ -58.277254115719359, -34.826571722185804 ], [ -58.277032037827269, -34.826692439140174 ], [ -58.276757051537629, -34.827331545861682 ], [ -58.276561588645734, -34.828045259245982 ], [ -58.275995987383965, -34.827751450003007 ], [ -58.275614331547956, -34.82834876861881 ], [ -58.275552474697122, -34.829111857256407 ], [ -58.274815243637818, -34.828717197594131 ], [ -58.275188727967247, -34.828227141179411 ], [ -58.275122990108514, -34.828091536901923 ], [ -58.275093193961709, -34.827279181981055 ], [ -58.274725098377928, -34.826433955813059 ], [ -58.275006539177753, -34.826437400473083 ], [ -58.274909594455892, -34.826191680354555 ], [ -58.275209586880692, -34.82580006826413 ], [ -58.275855517351204, -34.826093417757704 ], [ -58.275632008790581, -34.825255356419518 ], [ -58.275636128643498, -34.824741008024432 ], [ -58.275412493831197, -34.823895840148055 ], [ -58.275408259324308, -34.823409499356956 ], [ -58.275005155580857, -34.822847786212606 ], [ -58.275450733128366, -34.822280355742691 ], [ -58.275509697332552, -34.822267787111343 ], [ -58.276079589592939, -34.82301339125712 ], [ -58.277102757870978, -34.823166027859429 ], [ -58.27712294972855, -34.823593546518623 ], [ -58.277123123605918, -34.82359388990244 ], [ -58.276596263893282, -34.824030650640964 ], [ -58.277162222732898, -34.824458990456208 ], [ -58.277244109086041, -34.824463512202385 ], [ -58.277252053067798, -34.824630617086541 ], [ -58.277260005292533, -34.824797895358302 ], [ -58.277252158511203, -34.824630732054061 ], [ -58.277365423167566, -34.824677589763155 ], [ -58.277347324459811, -34.824297007826942 ], [ -58.277442805815781, -34.824261774435456 ], [ -58.277895310785368, -34.823862030166481 ], [ -58.278280497317382, -34.822985603718962 ], [ -58.278712357946745, -34.822014848061087 ], [ -58.278856074614112, -34.822465055169118 ], [ -58.279260810836377, -34.822272549867023 ], [ -58.279076397082406, -34.821595548392395 ], [ -58.279378971396625, -34.821533585132727 ], [ -58.279316497954767, -34.821290164345555 ], [ -58.278568343146844, -34.820669605421131 ], [ -58.27856898901149, -34.820668792508286 ], [ -58.279520106166387, -34.821033894338825 ], [ -58.28087336747285, -34.820792187803931 ], [ -58.280704466748602, -34.820137341845793 ], [ -58.280019324809757, -34.820340966145864 ], [ -58.280271603274571, -34.819201890253225 ], [ -58.280467064437175, -34.819258711444832 ], [ -58.280406182087802, -34.819026760175518 ], [ -58.279704430179834, -34.818446271635878 ], [ -58.279704999884018, -34.818445531158488 ], [ -58.280599394181934, -34.818775631227481 ], [ -58.281727067122119, -34.81857705881805 ], [ -58.281488336609357, -34.817632530888091 ], [ -58.28142015970343, -34.81739964493795 ], [ -58.281183056715349, -34.816526916846726 ], [ -58.280455270407685, -34.815970489011818 ], [ -58.280503348628997, -34.815907837332929 ], [ -58.280504009138156, -34.815906962608551 ], [ -58.280793675606162, -34.815596272767038 ], [ -58.281419182053583, -34.816214211754584 ], [ -58.281825489282141, -34.816138322402708 ], [ -58.281732306319554, -34.815799331175981 ], [ -58.28079520807097, -34.815594242295447 ], [ -58.280784168113826, -34.815544488870614 ], [ -58.281279050307091, -34.814886623537291 ], [ -58.282169031959484, -34.814837113541614 ], [ -58.281949622630975, -34.814012805968559 ], [ -58.281416638205428, -34.813199116960504 ], [ -58.281922575911551, -34.813307540329106 ], [ -58.281780646569132, -34.812717913715858 ], [ -58.282722294520227, -34.812246778785777 ], [ -58.282724819220846, -34.812245067468211 ], [ -58.283106101288638, -34.812446788188595 ], [ -58.283107298938262, -34.812509352518759 ], [ -58.283194006450003, -34.812493825537274 ], [ -58.283173849035165, -34.812420710888091 ], [ -58.283106117580871, -34.812446766488335 ], [ -58.282874811698036, -34.81204244634813 ], [ -58.283360566687236, -34.812057205475924 ], [ -58.282873995839736, -34.812040686586045 ], [ -58.282736188963042, -34.811475902393624 ], [ -58.282725879161887, -34.811489013711082 ], [ -58.282701477311093, -34.811520197146308 ], [ -58.282699095434396, -34.811523177066988 ], [ -58.282650291128448, -34.811585495015891 ], [ -58.282593411014943, -34.811657978817266 ], [ -58.282510486886281, -34.811637677096428 ], [ -58.281791463402953, -34.811219086222536 ], [ -58.281791777375304, -34.811218864467492 ], [ -58.281822277217486, -34.810272417044757 ], [ -58.281824760064069, -34.81026622628076 ], [ -58.28311316271413, -34.810319632964081 ], [ -58.283150475220737, -34.810441889499828 ], [ -58.283258583604379, -34.810332007653813 ], [ -58.283297972453283, -34.810336019530666 ], [ -58.283330243830846, -34.810341949090116 ], [ -58.283346448658392, -34.810338401820957 ], [ -58.283156272499639, -34.810160442549829 ], [ -58.283113167088743, -34.810319420585984 ], [ -58.281824795165562, -34.810264522167358 ], [ -58.281764004581248, -34.809895443542359 ], [ -58.281764052313861, -34.809893295613165 ], [ -58.281760010010089, -34.809814524919545 ], [ -58.283133505755586, -34.80940560511425 ], [ -58.283167967263012, -34.809634188040775 ], [ -58.283446833385312, -34.8094250949772 ], [ -58.283180987115088, -34.809181268917939 ], [ -58.283133519597243, -34.809405123606439 ], [ -58.281777703302794, -34.809323681769172 ], [ -58.28170065785298, -34.808678650349066 ], [ -58.283012120378203, -34.808351756702336 ], [ -58.281667958081982, -34.807864515249264 ], [ -58.283211426491846, -34.807328518785084 ], [ -58.283246592972773, -34.807439644676947 ], [ -58.28338167525726, -34.807341117091937 ], [ -58.283256470953177, -34.807248487537493 ], [ -58.283317985838721, -34.806335584659053 ], [ -58.284604699580484, -34.806380633992546 ], [ -58.285024388776492, -34.805983920928384 ], [ -58.285894505088834, -34.805352906746748 ], [ -58.286309942685421, -34.804286731120214 ], [ -58.286446275706226, -34.80322645545084 ], [ -58.285217263042739, -34.803118302626558 ], [ -58.285284591535401, -34.802214814072158 ], [ -58.285425657270594, -34.802103690522699 ], [ -58.285302665544975, -34.801987084792756 ], [ -58.285253990283934, -34.802093771771979 ], [ -58.285254004921967, -34.802093597663145 ], [ -58.28368329385296, -34.801681249205217 ], [ -58.285332097457172, -34.801637013965376 ], [ -58.286137336897184, -34.801055310530728 ], [ -58.286442736214042, -34.799961181731874 ], [ -58.285939288399504, -34.799942031620674 ], [ -58.286124069905441, -34.799778932654704 ], [ -58.285708759683132, -34.798970512088999 ], [ -58.284359313481787, -34.798845696416095 ], [ -58.285651190507394, -34.797634451059935 ], [ -58.285450562609356, -34.796840432670933 ], [ -58.284512071612085, -34.796181926831196 ], [ -58.28458062207136, -34.796090275281642 ], [ -58.284392637716167, -34.796120670118967 ], [ -58.284392599915634, -34.796120543326879 ], [ -58.283565907586649, -34.79569317297495 ], [ -58.284014312553495, -34.795042689638535 ], [ -58.284270828592639, -34.795053115136966 ], [ -58.284197076512214, -34.794789680131487 ], [ -58.28397142536528, -34.794043019576407 ], [ -58.283971903498639, -34.794042334461778 ], [ -58.284045017160963, -34.794051645959314 ], [ -58.284319721931467, -34.794613942207206 ], [ -58.284887333766051, -34.794501947846015 ], [ -58.284787929393701, -34.79402956761021 ], [ -58.284496799669796, -34.794290436308415 ], [ -58.284045785969624, -34.794047658731415 ], [ -58.284505670496344, -34.793619478753101 ], [ -58.284112519070732, -34.793444365824769 ], [ -58.284077833405092, -34.793425419318794 ], [ -58.284129944069491, -34.792444502477906 ], [ -58.284224206351212, -34.792451579417275 ], [ -58.284194599431373, -34.79235258823536 ], [ -58.284117575382197, -34.79239381139547 ], [ -58.283156325892492, -34.791884002158838 ], [ -58.283846471845038, -34.790962287516834 ], [ -58.283255754378899, -34.790344151440195 ], [ -58.283390803096097, -34.79037544362609 ], [ -58.283355793169562, -34.790230327273491 ], [ -58.283177117556193, -34.79026176308156 ], [ -58.28325564913979, -34.790344095453065 ], [ -58.282404564580077, -34.791122183743312 ], [ -58.282062323274829, -34.790608665527259 ], [ -58.28243233964605, -34.789955227697931 ], [ -58.282273044638316, -34.789791735195081 ], [ -58.282063062797931, -34.788989216880623 ], [ -58.2812988754917, -34.788370597263395 ], [ -58.282104808242821, -34.78843053737927 ], [ -58.281898081712427, -34.787609687467693 ], [ -58.282490227124526, -34.787494999032504 ], [ -58.28242673343874, -34.786948436181149 ], [ -58.281839268438546, -34.786433785348379 ], [ -58.281888526419607, -34.786371963039755 ], [ -58.282104653160104, -34.786164834227179 ], [ -58.282735796628344, -34.786503274433073 ], [ -58.282735851830523, -34.786503205976828 ], [ -58.282735878724111, -34.786503172441257 ], [ -58.282250412011422, -34.785905130564515 ], [ -58.282942804069933, -34.786307269764166 ], [ -58.284274824477961, -34.785956319477179 ], [ -58.284181642044985, -34.784919058471758 ], [ -58.284937391289247, -34.785313298879544 ], [ -58.284924009546614, -34.78539026546099 ], [ -58.285044072129494, -34.785371036464369 ], [ -58.285019758048179, -34.785272254622441 ], [ -58.284937423209328, -34.785313259537645 ], [ -58.284556018713943, -34.784443296436621 ], [ -58.285216010513238, -34.784592043754287 ], [ -58.285232436503918, -34.783690131552305 ], [ -58.28573944268885, -34.784384610954817 ], [ -58.28631478845324, -34.784294273780802 ], [ -58.286198875569653, -34.783820044384015 ], [ -58.285224291640645, -34.783636478621588 ], [ -58.285813453969411, -34.782853684346946 ], [ -58.286159509839706, -34.782994286074825 ], [ -58.286099402062632, -34.782487672704519 ], [ -58.285623298879614, -34.781528835716131 ], [ -58.285623218956516, -34.78152864861454 ], [ -58.285689816038087, -34.781520110348765 ], [ -58.28567513196856, -34.781462349841036 ], [ -58.28560862075318, -34.781474979385735 ], [ -58.28538562147429, -34.780246921976186 ], [ -58.285337486009723, -34.780090414453866 ], [ -58.284673260520094, -34.779249544269192 ], [ -58.285784455985151, -34.779754891235143 ], [ -58.286710138781189, -34.779605487422998 ], [ -58.287498047282725, -34.778843690284816 ], [ -58.287045701992952, -34.779765065805918 ], [ -58.288027833251931, -34.780058135193428 ], [ -58.28918599120658, -34.779736792718211 ], [ -58.289527941759388, -34.779725395457433 ], [ -58.290661171145473, -34.779236202103391 ], [ -58.291127219697046, -34.779731097391732 ], [ -58.291410757226856, -34.779641646075675 ], [ -58.291574687219793, -34.779730324026332 ], [ -58.291481027638838, -34.779550675033136 ], [ -58.291300686134548, -34.779581739755599 ], [ -58.291265904140346, -34.779562887399891 ], [ -58.291231116022459, -34.779544046346643 ], [ -58.291046187691222, -34.778696540403473 ], [ -58.290208423649801, -34.778984894877965 ], [ -58.29051891151164, -34.777960416603037 ], [ -58.290651205716017, -34.777989962309562 ], [ -58.290615506209122, -34.777840759025707 ], [ -58.290436415169495, -34.777870548430599 ], [ -58.290518786351186, -34.777960343130701 ], [ -58.290388922001341, -34.777844372133018 ], [ -58.290195678553971, -34.777042514934408 ], [ -58.28967223914907, -34.776321236964634 ], [ -58.289748260712884, -34.7763181174995 ], [ -58.289729898251665, -34.776243869351049 ], [ -58.289640389701276, -34.776259318808172 ], [ -58.28967221214117, -34.776321222243155 ], [ -58.289672098911296, -34.776321161179737 ], [ -58.289135209603444, -34.77710540781726 ], [ -58.288824556332088, -34.776980566602276 ], [ -58.288755439148531, -34.776942433871625 ], [ -58.28918039525928, -34.77601124996545 ], [ -58.289089030134562, -34.775645687197652 ], [ -58.288254597419666, -34.775485007159944 ], [ -58.288234075808134, -34.7754282658546 ], [ -58.288231990012605, -34.77542430552927 ], [ -58.288496377683998, -34.774704373812085 ], [ -58.288605358483949, -34.774723014156564 ], [ -58.288543805255756, -34.774574850755187 ], [ -58.288422308639952, -34.774622797151665 ], [ -58.288422237599775, -34.774622589800458 ], [ -58.288204874820565, -34.773596441776817 ], [ -58.287874036938376, -34.773057504382734 ], [ -58.289032467101038, -34.773264591269935 ], [ -58.289311365656204, -34.772648689426092 ], [ -58.290012799445492, -34.773024604730665 ], [ -58.290010556037714, -34.77309217596877 ], [ -58.290120160926449, -34.77308361467874 ], [ -58.290077560805685, -34.772991135259474 ], [ -58.290012817597813, -34.773024577357717 ], [ -58.289424717815962, -34.772267321962715 ], [ -58.289439827640649, -34.77223076678905 ], [ -58.289524008097203, -34.771994808745319 ], [ -58.288916755265348, -34.771689880320821 ], [ -58.289322427823663, -34.771152278023578 ], [ -58.288915845241206, -34.771687229555255 ], [ -58.289201169250816, -34.771082674762624 ], [ -58.288920992161366, -34.770025829920144 ], [ -58.289345172573405, -34.769335327586703 ], [ -58.289158391472256, -34.768623674885589 ], [ -58.288615786870878, -34.76789705576391 ], [ -58.288664086267545, -34.767834450465443 ], [ -58.288664653235173, -34.767833708294518 ], [ -58.289514912186007, -34.768156838225252 ], [ -58.290948915216063, -34.768060057334139 ], [ -58.290408860335958, -34.766931251231028 ], [ -58.290193186028489, -34.766339978901726 ], [ -58.290263020217083, -34.765772963247286 ], [ -58.290343197552602, -34.765253287516316 ], [ -58.290419666555351, -34.764274816926616 ], [ -58.290449483137365, -34.764248766722744 ], [ -58.290496695287743, -34.764212122126253 ], [ -58.29040953898965, -34.76423525576206 ], [ -58.290419676391934, -34.764274648069033 ], [ -58.289732421867825, -34.764874954217021 ], [ -58.289729050454525, -34.764875500739777 ], [ -58.289662362400804, -34.76488757522867 ], [ -58.28926418596825, -34.764423320644369 ], [ -58.288830831184725, -34.764601260180029 ], [ -58.288891394872223, -34.765368230897423 ], [ -58.28883908229642, -34.765393276860891 ], [ -58.288093571362538, -34.765167468688162 ], [ -58.287967016604682, -34.764541582253571 ], [ -58.287155046536157, -34.764875253792184 ], [ -58.286331974409165, -34.765586476859824 ], [ -58.286311796007908, -34.765531053238533 ], [ -58.286309868902492, -34.765530444961485 ], [ -58.286618886340477, -34.764747425216001 ], [ -58.286726040520307, -34.764739841099356 ], [ -58.28666330937574, -34.764632557208529 ], [ -58.286540731512503, -34.764681420816089 ], [ -58.2866188151296, -34.764747402766147 ], [ -58.286309013845482, -34.765530175397203 ], [ -58.285751201685571, -34.765270793752507 ], [ -58.285749672011775, -34.765270312096902 ], [ -58.28568041769563, -34.765232346671951 ], [ -58.285987396324515, -34.764507189559652 ], [ -58.285494460031771, -34.763864597369434 ], [ -58.285509110694136, -34.763827861387711 ], [ -58.285697646320443, -34.763626731222644 ], [ -58.285650475360683, -34.763474997316791 ], [ -58.285168571823419, -34.76368466460724 ], [ -58.284885955518064, -34.762566788384163 ], [ -58.283989952123534, -34.763048451807094 ], [ -58.283203634974996, -34.762575592425492 ], [ -58.284134076744067, -34.761830503887154 ], [ -58.284047131997909, -34.76149227615582 ], [ -58.283779341391153, -34.761643499982085 ], [ -58.283742102940153, -34.76081911140551 ], [ -58.28350953001069, -34.759977915403226 ], [ -58.283517095113211, -34.759902986683016 ], [ -58.283626113350124, -34.759121708589873 ], [ -58.283421724319794, -34.758411506580273 ], [ -58.283330188120999, -34.758140303624202 ], [ -58.283583534650347, -34.757434165282632 ], [ -58.283271584015779, -34.756342690491977 ], [ -58.283337027344089, -34.756192643262523 ], [ -58.283284805843152, -34.756325376990674 ], [ -58.283510371764862, -34.756283122786726 ], [ -58.283459648034466, -34.756097260126182 ], [ -58.283337140378364, -34.756192495775565 ], [ -58.28350179647839, -34.755239912927721 ], [ -58.283656050646414, -34.754488514908587 ], [ -58.283477430966741, -34.753872063875917 ], [ -58.283339179565303, -34.754062198279428 ], [ -58.283357504926357, -34.753943522324562 ], [ -58.283341088115947, -34.753908220275093 ], [ -58.283235390961124, -34.753927391062462 ], [ -58.283416485706709, -34.753675822371861 ], [ -58.282465136079111, -34.753852892378063 ], [ -58.281714108944414, -34.754295458445597 ], [ -58.282442043704521, -34.754938560241271 ], [ -58.282091736077234, -34.75531955468 ], [ -58.281525248620312, -34.754520133421579 ], [ -58.280777032808317, -34.754643992272122 ], [ -58.280333493074579, -34.7553984254032 ], [ -58.280329548872999, -34.755396409989487 ], [ -58.280258792947336, -34.755361317259599 ], [ -58.280256334644548, -34.755362412520299 ], [ -58.279833440943605, -34.75515724316233 ], [ -58.279874571555922, -34.755042330364688 ], [ -58.279678866440634, -34.755077401672111 ], [ -58.279721036320836, -34.755237674675527 ], [ -58.279833356989343, -34.755157349978049 ], [ -58.280255909766367, -34.755362953096778 ], [ -58.280255305899288, -34.755363721461777 ], [ -58.279498016212756, -34.755521447139188 ], [ -58.279019266620708, -34.75561400064629 ], [ -58.278685231184511, -34.756552501923409 ], [ -58.278307424835987, -34.756412279314873 ], [ -58.278237078648544, -34.756376630781858 ], [ -58.278231472175037, -34.756377655143524 ], [ -58.277667823291722, -34.755860296656522 ], [ -58.277349353539364, -34.755917229686816 ], [ -58.277389815933702, -34.756201503814168 ], [ -58.276674900774879, -34.757054504346513 ], [ -58.27661525143867, -34.75706579394091 ], [ -58.275739728894166, -34.756583692999868 ], [ -58.275808477265343, -34.756415568403497 ], [ -58.275521606561369, -34.756483312895057 ], [ -58.275596918941687, -34.756711591023247 ], [ -58.27573955822163, -34.756583931813225 ], [ -58.276480479588542, -34.75727852771297 ], [ -58.276481051256042, -34.757284076196299 ], [ -58.276482829925726, -34.757284323188401 ], [ -58.276203577775789, -34.758205420926686 ], [ -58.276073040971653, -34.758333553253749 ], [ -58.27576187473062, -34.758179693932732 ], [ -58.275761772016494, -34.758179684683228 ], [ -58.275680460019032, -34.758286606790762 ], [ -58.275680468820781, -34.758286646292333 ], [ -58.275834120265245, -34.758366418996218 ], [ -58.275726044101589, -34.758483085595344 ], [ -58.275545879916478, -34.758719539044705 ], [ -58.275419964104401, -34.758847025098078 ], [ -58.27545894557943, -34.759026689202472 ], [ -58.27522614115037, -34.758907831927331 ], [ -58.275154250011553, -34.758913287434666 ], [ -58.274522662892593, -34.759267711938264 ], [ -58.273460780506753, -34.758860176118958 ], [ -58.273464476565493, -34.758855322155057 ], [ -58.27346418332138, -34.758843201583772 ], [ -58.273439303760938, -34.758851457135108 ], [ -58.27246508471319, -34.758202404159761 ], [ -58.272370476537162, -34.757785347834215 ], [ -58.271872386315181, -34.757887981359431 ], [ -58.272198540566706, -34.758658689081869 ], [ -58.271093182002744, -34.758216130426376 ], [ -58.270228707642445, -34.758336597899699 ], [ -58.270715121951753, -34.758757619453831 ], [ -58.269930476754041, -34.7597463487038 ], [ -58.269535298821893, -34.75854642807019 ], [ -58.268830638871577, -34.759209329044666 ], [ -58.268382189188685, -34.758687370702603 ], [ -58.267976790425394, -34.758749185375279 ], [ -58.267023961883126, -34.759505809524114 ], [ -58.267490170760482, -34.758573160325682 ], [ -58.266816151766989, -34.759403856085328 ], [ -58.266260406469712, -34.758735826661223 ], [ -58.265757259882832, -34.75881446647162 ], [ -58.265713002098664, -34.759071740887975 ], [ -58.265610440747537, -34.75952508796928 ], [ -58.265609465734201, -34.759525346764804 ], [ -58.265482124341474, -34.759133022241201 ], [ -58.265166791013939, -34.75879619533481 ], [ -58.264757815107203, -34.759323205165799 ], [ -58.264719598325655, -34.759333131870221 ], [ -58.264555183774974, -34.759376524988568 ], [ -58.264140877154659, -34.758780990473269 ], [ -58.26367380969981, -34.75928473173559 ], [ -58.263075051508508, -34.758978236394114 ], [ -58.263076970137774, -34.758775744293075 ], [ -58.262737680095313, -34.758804236623689 ], [ -58.262731110663651, -34.759209527333155 ], [ -58.262083337063814, -34.75861137333942 ], [ -58.261251497944897, -34.759597562065494 ], [ -58.260818241942616, -34.758853326125973 ], [ -58.26004194284917, -34.758998577721172 ], [ -58.259503816791323, -34.759543271218661 ], [ -58.259756965452027, -34.758898722182551 ], [ -58.259756917623804, -34.758898720162904 ], [ -58.259338088531138, -34.759417643571794 ], [ -58.259278526599758, -34.759430036376784 ], [ -58.258696534514115, -34.759123490638956 ], [ -58.258652208967078, -34.758861040014665 ], [ -58.258314175632052, -34.758927837700355 ], [ -58.258107447178133, -34.75957943452272 ], [ -58.257859707104103, -34.759583604764316 ], [ -58.25785650060476, -34.759584401688358 ], [ -58.257322751768584, -34.759281499635051 ], [ -58.257364021704404, -34.759163221913923 ], [ -58.257238330405528, -34.759235543764817 ], [ -58.25740488265825, -34.758460297697752 ], [ -58.257441499463653, -34.757649301358583 ], [ -58.257320550884344, -34.757150238801557 ], [ -58.257467143849283, -34.756987967502027 ], [ -58.257380255244357, -34.756937434926556 ], [ -58.257040524335878, -34.757038867337201 ], [ -58.257024046309368, -34.757325883458407 ], [ -58.25702305171103, -34.757326279068423 ], [ -58.256826947860532, -34.757538929962493 ], [ -58.25657061644398, -34.757759988275552 ], [ -58.256355482711058, -34.757311109932914 ], [ -58.255906204371627, -34.757374822789927 ], [ -58.25544361937483, -34.758310093919533 ], [ -58.255145500986714, -34.758149861588379 ], [ -58.255076117062401, -34.75811210909535 ], [ -58.255072971645518, -34.758113213530123 ], [ -58.254800995228379, -34.757965434555729 ], [ -58.254731497069145, -34.757927632126609 ], [ -58.254717979145141, -34.757790270322118 ], [ -58.25452971693619, -34.757818001962562 ], [ -58.254208989154165, -34.758036572142373 ], [ -58.254208892716463, -34.758036559466404 ], [ -58.253604801176323, -34.757699006372548 ], [ -58.253191030021753, -34.757522969617014 ], [ -58.252773794753523, -34.757851430634389 ], [ -58.252563429377744, -34.757648229123333 ], [ -58.252619637037697, -34.757395628700806 ], [ -58.252240801820733, -34.757317397447594 ], [ -58.252354495824193, -34.757833093281704 ], [ -58.252439543076093, -34.758185992442861 ], [ -58.252347130684996, -34.758693673815628 ], [ -58.25231423617754, -34.759201193280774 ], [ -58.251837550354651, -34.758942468643227 ], [ -58.25160115291078, -34.758814162248484 ], [ -58.251521606225083, -34.758846320453927 ], [ -58.251281182033154, -34.759181681856376 ], [ -58.251154142236601, -34.759125001847053 ], [ -58.251061618166432, -34.759242941838011 ], [ -58.250784768937478, -34.759595840556358 ], [ -58.250446158436489, -34.759254042477096 ], [ -58.249872191002567, -34.759351117450024 ], [ -58.249586521834146, -34.759670370007655 ], [ -58.249211379009978, -34.759474831543571 ], [ -58.248946952985875, -34.759803883584311 ], [ -58.248939233854344, -34.760248590985157 ], [ -58.248466419585952, -34.76000274982971 ], [ -58.248466187839767, -34.760002784081621 ], [ -58.248500969741428, -34.759865658729382 ], [ -58.248412828083872, -34.759975204697753 ], [ -58.248388081211317, -34.760006088973 ], [ -58.248179268720037, -34.760265324948534 ], [ -58.247804188793964, -34.759989435613306 ], [ -58.247092842225925, -34.760138995240936 ], [ -58.247422442183563, -34.760496028212287 ], [ -58.24692848147123, -34.76028437855382 ], [ -58.246951830715545, -34.760052536636408 ], [ -58.246504106796181, -34.759773916546294 ], [ -58.246878624934993, -34.758974777441097 ], [ -58.247017554577099, -34.75899107655016 ], [ -58.246844396154131, -34.758884055977944 ], [ -58.246878549060852, -34.758974730547038 ], [ -58.246878519451457, -34.758974699393491 ], [ -58.246064675301966, -34.759368270390951 ], [ -58.246771297537805, -34.758807145192634 ], [ -58.24689961314067, -34.758043339360029 ], [ -58.24654929234481, -34.757126750644943 ], [ -58.245393463975006, -34.7573417773757 ], [ -58.245852636096572, -34.756439578167829 ], [ -58.245852581906945, -34.75643952037683 ], [ -58.245048963233501, -34.756913756274628 ], [ -58.245616951356055, -34.756131723701969 ], [ -58.245808656476527, -34.754875457927199 ], [ -58.245780868511019, -34.754810534908245 ], [ -58.245938546211789, -34.753608983217816 ], [ -58.245192099787289, -34.752959529188331 ], [ -58.244602055802432, -34.752198309541484 ], [ -58.243630730003588, -34.75253593868041 ], [ -58.24357642408313, -34.752478577686531 ], [ -58.243335830092519, -34.752164590754489 ], [ -58.243945765180399, -34.751557741426666 ], [ -58.244053052595632, -34.75161150182322 ], [ -58.244051922315805, -34.751447359461224 ], [ -58.243891492415003, -34.751450182033182 ], [ -58.24394568575093, -34.75155766211526 ], [ -58.243335096474823, -34.7521638582283 ], [ -58.243026792008322, -34.751895306527331 ], [ -58.243025685783721, -34.751894236455485 ], [ -58.242971650839991, -34.751836612709099 ], [ -58.242669952890424, -34.751454289948185 ], [ -58.243460724687111, -34.751033492325462 ], [ -58.243466038230736, -34.750697951840891 ], [ -58.243117291043461, -34.750689071332829 ], [ -58.242375908470706, -34.751205346379095 ], [ -58.242375212712602, -34.751204622790169 ], [ -58.242320731456346, -34.751147469799321 ], [ -58.242883860400809, -34.750446303302624 ], [ -58.242896552366176, -34.749995216119544 ], [ -58.242441737230308, -34.749986499244699 ], [ -58.241754512943373, -34.750552171026925 ], [ -58.241700144574679, -34.750494948267658 ], [ -58.241699649724524, -34.750494433632923 ], [ -58.242290376398955, -34.749829086850809 ], [ -58.242292709803564, -34.749299455108712 ], [ -58.241783139087261, -34.749295638573983 ], [ -58.241437240647485, -34.750158554556549 ], [ -58.240443622106454, -34.749791403934921 ], [ -58.240441158419685, -34.749788783729798 ], [ -58.240365785426661, -34.749567048637005 ], [ -58.240340877258006, -34.749400054515093 ], [ -58.241341728522002, -34.748826185145845 ], [ -58.241437656235405, -34.748225035620123 ], [ -58.240832783592509, -34.748290763972591 ], [ -58.241295447002472, -34.747332342930406 ], [ -58.241460011955155, -34.746257613224827 ], [ -58.240782344841989, -34.746952013073894 ], [ -58.240786247073515, -34.746951511679242 ], [ -58.24075863340812, -34.746979743931774 ], [ -58.240180491934041, -34.747569520943728 ], [ -58.240123725010619, -34.747624091203136 ], [ -58.239958158526349, -34.747774194524027 ], [ -58.239708333690885, -34.747541788008391 ], [ -58.23829653568373, -34.747724943317451 ], [ -58.238428030882744, -34.748798979506944 ], [ -58.23835547116505, -34.748869789619846 ], [ -58.238327139656803, -34.748897076524031 ], [ -58.236854564815417, -34.748118519282798 ], [ -58.236924818762816, -34.749552246218514 ], [ -58.236969583595453, -34.75015584505212 ], [ -58.237455816009344, -34.750371070441076 ], [ -58.236952019895796, -34.750692490179574 ], [ -58.236949911762395, -34.750693886802537 ], [ -58.236743977029391, -34.750305307749784 ], [ -58.235548634008467, -34.750361820438002 ], [ -58.235253516180705, -34.751122611465519 ], [ -58.234943540028951, -34.750324319566175 ], [ -58.233936898284753, -34.750535630094987 ], [ -58.233949753094862, -34.751307711519132 ], [ -58.233400514027835, -34.751567851877894 ], [ -58.233751905442091, -34.75229103683381 ], [ -58.233680463523172, -34.75232361047722 ], [ -58.233336684900223, -34.752478235855165 ], [ -58.233264869741163, -34.752510265760293 ], [ -58.23281597559162, -34.75271205168292 ], [ -58.232744028432421, -34.752744136408012 ], [ -58.232353752262384, -34.752916751270959 ], [ -58.23228218904444, -34.752949371248235 ], [ -58.232266533234736, -34.752959967896686 ], [ -58.231615273382829, -34.753264296605437 ], [ -58.231543795347704, -34.753297588681392 ], [ -58.231128996029952, -34.753101604431208 ], [ -58.230482746459586, -34.753405748271632 ], [ -58.229804726819111, -34.753690995145746 ], [ -58.229460837926467, -34.752795795096745 ], [ -58.228256609992116, -34.752917384003126 ], [ -58.228651840241639, -34.753868554827363 ], [ -58.228894906092648, -34.75419663246754 ], [ -58.22906767213658, -34.754462284656768 ], [ -58.228909439258132, -34.75453714351454 ], [ -58.22883845430016, -34.754571326392295 ], [ -58.228382947893692, -34.754794341424372 ], [ -58.228382265238963, -34.754793400751225 ], [ -58.228311287318263, -34.754828024499375 ], [ -58.227639953372773, -34.755152889501801 ], [ -58.227637487948016, -34.755146956150213 ], [ -58.227632677857173, -34.755144487581333 ], [ -58.227626720327521, -34.755145089111522 ], [ -58.227555771071707, -34.755179168031475 ], [ -58.227233420996299, -34.755336966464995 ], [ -58.227162140675887, -34.755370674178948 ], [ -58.226278471667058, -34.755775620140241 ], [ -58.226267767154866, -34.755776292559972 ], [ -58.22619661521037, -34.755809490025001 ], [ -58.226171732159628, -34.755822451872064 ], [ -58.226100378071806, -34.755855295005347 ], [ -58.226096918252097, -34.75585596450162 ], [ -58.226084931863056, -34.755871497029318 ], [ -58.225272992885948, -34.756235811536158 ], [ -58.225277083183641, -34.756250409224378 ], [ -58.225206253962142, -34.756283661365671 ], [ -58.225176949803028, -34.75629818772029 ], [ -58.225106340252296, -34.756331989926821 ], [ -58.225107822355994, -34.756334187384368 ], [ -58.22491313251345, -34.756426373574129 ], [ -58.224842605642607, -34.756460136293242 ], [ -58.224540809723919, -34.756606054553743 ], [ -58.224542272584358, -34.756611278498667 ], [ -58.224471628855156, -34.756645097764647 ], [ -58.224042970792595, -34.756849610287986 ], [ -58.223975761389852, -34.756542188945104 ], [ -58.223845164169177, -34.756075819992873 ], [ -58.223714614241089, -34.755872962025023 ], [ -58.223377509637999, -34.754669883840563 ], [ -58.221923395117983, -34.754928922289366 ], [ -58.221116322784496, -34.755830851470137 ], [ -58.221687451575235, -34.754836636976108 ], [ -58.220516685725102, -34.755020603457297 ], [ -58.220939576261401, -34.754463435658352 ], [ -58.221033672507929, -34.75446769429908 ], [ -58.221007315869429, -34.754374212917355 ], [ -58.220963226605477, -34.754431931492434 ], [ -58.220939280867924, -34.75446345559601 ], [ -58.220103847687142, -34.754534610484484 ], [ -58.220067165272951, -34.755146851507163 ], [ -58.219000045190342, -34.755710773213991 ], [ -58.218106287663772, -34.754832838018899 ], [ -58.218050911018395, -34.754778365894481 ], [ -58.21802975945343, -34.754758266150816 ], [ -58.217974792617554, -34.754703327196296 ], [ -58.218638190856041, -34.751593791606638 ], [ -58.220722982910388, -34.752576616184115 ], [ -58.222433140584826, -34.752490695144957 ], [ -58.222034510280935, -34.753021800013471 ], [ -58.223079863215219, -34.752826217874542 ], [ -58.223235055372356, -34.752863279615042 ], [ -58.2238637488054, -34.752014755155301 ], [ -58.223871938912851, -34.752014021432501 ], [ -58.223930382781077, -34.752000455539928 ], [ -58.22485218934122, -34.752475699726347 ], [ -58.22484490635901, -34.752768212259468 ], [ -58.225262195067216, -34.752687464338408 ], [ -58.22568598422049, -34.751647290750782 ], [ -58.225693795238556, -34.751646800090214 ], [ -58.225752343033605, -34.751633390399434 ], [ -58.22650825146485, -34.752606657749084 ], [ -58.227463298257419, -34.75251022692413 ], [ -58.227139299305065, -34.751761220037395 ], [ -58.226788537388813, -34.752163467235903 ], [ -58.226787300259559, -34.751191941434399 ], [ -58.22658678160326, -34.750453465458293 ], [ -58.225779788082718, -34.750657979512425 ], [ -58.22577972550323, -34.750657598446253 ], [ -58.22558603241805, -34.7490460136965 ], [ -58.226353299314439, -34.749034433507234 ], [ -58.22631102146903, -34.748543412924562 ], [ -58.226294820353928, -34.748491126314946 ], [ -58.226460242239455, -34.748274404584322 ], [ -58.226989775526363, -34.748506962734837 ], [ -58.226486254388305, -34.748239769109944 ], [ -58.227198448870638, -34.747134104854752 ], [ -58.226756355428165, -34.746446920149197 ], [ -58.22732431398515, -34.746279592074075 ], [ -58.227254878078725, -34.746021095520632 ], [ -58.227376900871036, -34.745917093063781 ], [ -58.22739199517514, -34.745824584376464 ], [ -58.227133110560487, -34.746046085702915 ], [ -58.22550378703346, -34.746330629672457 ], [ -58.225529756643482, -34.746445924623742 ], [ -58.225646194848252, -34.746389504585068 ], [ -58.225510124900666, -34.74646356516007 ], [ -58.224674112857258, -34.747159221681784 ], [ -58.224449374025539, -34.747017697785168 ], [ -58.224748249569245, -34.746061751403943 ], [ -58.224850411907653, -34.746063333163079 ], [ -58.224701439589353, -34.745997973145791 ], [ -58.224748200861541, -34.746061730033887 ], [ -58.224117044962327, -34.746758053033091 ], [ -58.223832176773158, -34.746617927850764 ], [ -58.223765894978044, -34.74657547184745 ], [ -58.223351050006102, -34.746315843703997 ], [ -58.223344864359149, -34.746314677965131 ], [ -58.223311523042867, -34.74629359368123 ], [ -58.223278183307002, -34.746272506898208 ], [ -58.223081021041764, -34.745696034055243 ], [ -58.222497434488901, -34.745819084680932 ], [ -58.222798618066349, -34.747003821612793 ], [ -58.223431585901267, -34.747083431481713 ], [ -58.22243387066419, -34.748464250856557 ], [ -58.220721342562911, -34.748932619461243 ], [ -58.219563877856672, -34.748316433017408 ], [ -58.219554623902809, -34.748279592580218 ], [ -58.218719483666746, -34.747194433464074 ], [ -58.215455005747287, -34.745415912224018 ], [ -58.217807864520864, -34.732802644314859 ], [ -58.217847858759114, -34.732794211433713 ], [ -58.217902917009496, -34.732745029430816 ], [ -58.21816760015389, -34.732498932848841 ], [ -58.218222792466122, -34.732449839060678 ], [ -58.21851359913768, -34.732458125981339 ], [ -58.218771655506202, -34.731209648722711 ], [ -58.224247738689144, -34.726285561668703 ], [ -58.225027739109635, -34.725584186590595 ], [ -58.225809888805145, -34.7248808788882 ], [ -58.225807948641545, -34.724827531681626 ], [ -58.226415407202865, -34.724282303985603 ], [ -58.227024167172317, -34.723735910741311 ], [ -58.22702119341767, -34.723674797494596 ], [ -58.227772375434085, -34.723002056188477 ], [ -58.227770502995781, -34.722942075318088 ], [ -58.228523711788796, -34.72226898993722 ], [ -58.228524578158556, -34.722211823860789 ], [ -58.228523083885307, -34.722205094548428 ], [ -58.229173263309917, -34.721625440448747 ], [ -58.229167300290953, -34.721596334842559 ], [ -58.22916379901028, -34.72157821010245 ], [ -58.229815665490321, -34.720998257021449 ], [ -58.229813233439586, -34.7209842973935 ], [ -58.229871936552001, -34.720937250138604 ], [ -58.2303949465595, -34.720558063450255 ], [ -58.231296040376947, -34.720780671099533 ], [ -58.23128029402443, -34.721261771700028 ], [ -58.231037778454777, -34.721573036935865 ], [ -58.230859043215901, -34.721550938184578 ], [ -58.230908897678489, -34.721833658754917 ], [ -58.230981470755921, -34.722199887707234 ], [ -58.231099459600728, -34.722775793441258 ], [ -58.231134328434848, -34.72291605018205 ], [ -58.231562036443336, -34.723179963366533 ], [ -58.231580912262928, -34.723860023993552 ], [ -58.23111981531838, -34.724035708633721 ], [ -58.231668840372777, -34.724367707976739 ], [ -58.231149040246805, -34.725176613165161 ], [ -58.231290552159294, -34.725743670655845 ], [ -58.231207849703139, -34.726318804949869 ], [ -58.231242375922989, -34.727268146201709 ], [ -58.232789623543056, -34.72721003525686 ], [ -58.233116861064502, -34.726481519072308 ], [ -58.233119074505851, -34.726481035895347 ], [ -58.234208268179827, -34.726671055776251 ], [ -58.234027178267354, -34.726948431171536 ], [ -58.2340270685051, -34.727587122193995 ], [ -58.234500559327671, -34.728106507549001 ], [ -58.235958466520401, -34.727888807602199 ], [ -58.236473883332849, -34.727824975313069 ], [ -58.236448346336942, -34.727855160079116 ], [ -58.236422807009831, -34.727885342872639 ], [ -58.236423153802377, -34.72788553497918 ], [ -58.236298637229083, -34.728032863188446 ], [ -58.236189586884166, -34.728016837194104 ], [ -58.236213917433076, -34.728130233021716 ], [ -58.236355292060637, -34.72811094930654 ], [ -58.236298701828048, -34.728032899877292 ], [ -58.236423415576837, -34.727885683653653 ], [ -58.236693223784243, -34.727999489016668 ], [ -58.236475022997979, -34.727825143266898 ], [ -58.237850659241758, -34.726203308820857 ], [ -58.239204129924929, -34.726906311807454 ], [ -58.239238459630485, -34.72692566118883 ], [ -58.240302010007667, -34.727514757563085 ], [ -58.241070934915683, -34.726295743673688 ], [ -58.240624450001576, -34.72524087596247 ], [ -58.239831996245357, -34.724044825117176 ], [ -58.241010267073023, -34.724688392171686 ], [ -58.241949255480165, -34.723660220876923 ], [ -58.242874511195396, -34.724172043386602 ], [ -58.242889791583821, -34.724177654069535 ], [ -58.243136848476638, -34.725463227327793 ], [ -58.244670163130081, -34.725142230322035 ], [ -58.244718105923198, -34.725167933321302 ], [ -58.245098899542427, -34.725381319682526 ], [ -58.245197583299841, -34.724583851118098 ], [ -58.245201713292033, -34.724583004021042 ], [ -58.245926135604918, -34.725213017282044 ], [ -58.246290927753307, -34.72514299550096 ], [ -58.246615722228285, -34.724254735301201 ], [ -58.246673661935347, -34.724240193294634 ], [ -58.246679476971451, -34.72423894804507 ], [ -58.247381240937329, -34.724909158290302 ], [ -58.247832446314135, -34.724825617422198 ], [ -58.247650879946036, -34.72454594691709 ], [ -58.248118642283544, -34.723916457678911 ], [ -58.249145779105788, -34.72439896789183 ], [ -58.248815006554423, -34.723076615502578 ], [ -58.248767202436682, -34.723040838000998 ], [ -58.247928055614068, -34.722538117393469 ], [ -58.248339065637595, -34.721963627066486 ], [ -58.248600992005663, -34.721958105899773 ], [ -58.248526561292067, -34.721712204600465 ], [ -58.247772786318421, -34.721003537516424 ], [ -58.247819094104671, -34.720939552498578 ], [ -58.247820236233167, -34.720938058426441 ], [ -58.248106996881745, -34.720611818445889 ], [ -58.248982700388524, -34.721051470646216 ], [ -58.248947495107416, -34.721161561246049 ], [ -58.249133446653389, -34.721122664552013 ], [ -58.249085185761771, -34.720975067250606 ], [ -58.248982771027102, -34.721051374970386 ], [ -58.248356233263394, -34.720198912126534 ], [ -58.248402701263956, -34.720135017556629 ], [ -58.248403861882139, -34.720133389017747 ], [ -58.249551211983203, -34.720253747986192 ], [ -58.248949652395709, -34.719412342847647 ], [ -58.248998399542756, -34.719350136021319 ], [ -58.25011607740305, -34.719488836996902 ], [ -58.250270381558721, -34.719368097985239 ], [ -58.251504465303071, -34.719120330115459 ], [ -58.251965721624572, -34.718260025588108 ], [ -58.252418296758663, -34.717447266239503 ], [ -58.252835517791766, -34.716648658986344 ], [ -58.252680253579967, -34.71612413611598 ], [ -58.251896097132885, -34.715533637613532 ], [ -58.252149907432965, -34.715261879146851 ], [ -58.252150782455772, -34.715260697410542 ], [ -58.252854302716742, -34.71588907915168 ], [ -58.253268880280132, -34.715808603337393 ], [ -58.253166045376361, -34.715460213970175 ], [ -58.252450365498589, -34.714791453221153 ], [ -58.252497695020395, -34.714728200886782 ], [ -58.252498619260905, -34.71472690548876 ], [ -58.252775665843217, -34.714424516856411 ], [ -58.253571797354141, -34.714824181786526 ], [ -58.253533640554565, -34.714944999568615 ], [ -58.253731125738398, -34.71490392639123 ], [ -58.253682376577331, -34.714739599253392 ], [ -58.253571880910158, -34.714824066397853 ], [ -58.252776334350131, -34.714423593666879 ], [ -58.253132828652952, -34.713798397936614 ], [ -58.253176008944195, -34.713732103182622 ], [ -58.253176647341093, -34.713731234447778 ], [ -58.253571200259046, -34.713203184335327 ], [ -58.254295589117305, -34.71390513546703 ], [ -58.254913969951758, -34.71388791828133 ], [ -58.254655850876304, -34.713533071208474 ], [ -58.254439693155405, -34.713643296192686 ], [ -58.253576725155142, -34.713179173342951 ], [ -58.2554744241761, -34.712955903451018 ], [ -58.255474565317684, -34.712956097484096 ], [ -58.255474943880813, -34.712955635787296 ], [ -58.255615966192977, -34.7130362202264 ], [ -58.255796973841143, -34.712881356156117 ], [ -58.254823712276107, -34.710216812993735 ], [ -58.256075052447386, -34.709687277854641 ], [ -58.257971611539915, -34.708884702797377 ], [ -58.260010609173946, -34.708021850552427 ], [ -58.264103160069567, -34.70628998791085 ], [ -58.26734926433079, -34.705503191252717 ], [ -58.268424769645094, -34.705244659335506 ], [ -58.267919445983239, -34.705270674181179 ], [ -58.267651985427051, -34.705333406132638 ], [ -58.264188578988694, -34.705968126690777 ], [ -58.264113764300646, -34.705991951767203 ], [ -58.259246827550214, -34.70782916680713 ], [ -58.255226628753348, -34.709346741254649 ], [ -58.254820167369871, -34.709932019545079 ], [ -58.251647399015326, -34.71123658652175 ], [ -58.245616863549117, -34.711898411716504 ], [ -58.24169312704197, -34.712148942368628 ], [ -58.240972374327839, -34.711736930869506 ], [ -58.240904711890948, -34.711697775062532 ], [ -58.240868347929052, -34.711676067251517 ], [ -58.240800939475491, -34.711636553214248 ], [ -58.240068613586914, -34.711206889755204 ], [ -58.239874467940069, -34.70974459870996 ], [ -58.238164899612173, -34.710099911198029 ], [ -58.237405396022211, -34.709657488111873 ], [ -58.237252028564569, -34.70961236200236 ], [ -58.237319713794307, -34.709607026119954 ], [ -58.237278413212891, -34.70958243081833 ], [ -58.237236378773048, -34.709557440170386 ], [ -58.237252002034381, -34.709612349507836 ], [ -58.236644005110463, -34.710315468489171 ], [ -58.236638016271627, -34.710315726455065 ], [ -58.236578114094641, -34.710325817354203 ], [ -58.235919804870434, -34.709616016857865 ], [ -58.235398741007089, -34.709639558288757 ], [ -58.235267475797912, -34.709656086976565 ], [ -58.235423528539911, -34.710163589314504 ], [ -58.235879342410897, -34.711189443404976 ], [ -58.235790087229987, -34.711180816737226 ], [ -58.235808336280058, -34.711271688953047 ], [ -58.235916530327643, -34.711256047751817 ], [ -58.23587938735659, -34.711189472735214 ], [ -58.235970348450849, -34.711287466980195 ], [ -58.236169483020774, -34.712354292566204 ], [ -58.236846686959211, -34.711801638069005 ], [ -58.236574813595382, -34.712729371590228 ], [ -58.236625997700344, -34.713281461579413 ], [ -58.237038587947893, -34.71300814557901 ], [ -58.236832929601292, -34.714026079484768 ], [ -58.236952810079003, -34.714604092357888 ], [ -58.23763545573803, -34.715336165168878 ], [ -58.236990343872776, -34.715934973281776 ], [ -58.236915264570086, -34.715953454779594 ], [ -58.236458646225003, -34.716060157139964 ], [ -58.236384012948747, -34.716079057920638 ], [ -58.235296234155442, -34.714861050899628 ], [ -58.235292602593745, -34.714843541048367 ], [ -58.235286405921045, -34.714821367963395 ], [ -58.235237368498247, -34.714812142182382 ], [ -58.235214003498754, -34.714851462625916 ], [ -58.234216328485502, -34.714665161637129 ], [ -58.23418578387691, -34.714287065615451 ], [ -58.233744280169333, -34.713595941439849 ], [ -58.233745292673632, -34.713582081708466 ], [ -58.233096134886125, -34.712897327285418 ], [ -58.233645177446419, -34.712199850633453 ], [ -58.233702796942509, -34.712189561883065 ], [ -58.234299836412731, -34.713069543359438 ], [ -58.234983258632553, -34.712974406915407 ], [ -58.234864235666294, -34.712395676786684 ], [ -58.234773982353204, -34.711672411814163 ], [ -58.234641526437997, -34.711033617275291 ], [ -58.234507526677532, -34.710410478086771 ], [ -58.234387216186917, -34.70978926523577 ], [ -58.233620267380161, -34.709895573108213 ], [ -58.233444913722394, -34.710857736178923 ], [ -58.233385031778369, -34.710867608541605 ], [ -58.233380314719454, -34.710868230379447 ], [ -58.23286431908366, -34.70999549887506 ], [ -58.232075129649559, -34.710101283521169 ], [ -58.23220071426249, -34.710762186477382 ], [ -58.23275512787859, -34.711594205265101 ], [ -58.232029929543955, -34.711168798711185 ], [ -58.231962148282491, -34.711128862554347 ], [ -58.231933611337581, -34.71111182070274 ], [ -58.231865860130711, -34.711071904038818 ], [ -58.2318649563191, -34.711067147629421 ], [ -58.231035855476819, -34.710583278896195 ], [ -58.231031898760705, -34.71058355311726 ], [ -58.23096386067192, -34.7105434682436 ], [ -58.230716882611375, -34.710193263024507 ], [ -58.23039403713301, -34.710172146646073 ], [ -58.230367839020175, -34.710411840421102 ], [ -58.229698690703515, -34.710825938126902 ], [ -58.229047509799273, -34.710249623141578 ], [ -58.228799030659161, -34.710201047837359 ], [ -58.22801346963513, -34.710707305126164 ], [ -58.227627997536615, -34.709910412221177 ], [ -58.22734834964109, -34.709939472938288 ], [ -58.227293286194936, -34.7106332889893 ], [ -58.226599818305885, -34.710566377513942 ], [ -58.226305329906438, -34.710387880035626 ], [ -58.226427329197293, -34.710574808715705 ], [ -58.225421483742366, -34.710345747180895 ], [ -58.224394675702968, -34.711008708999771 ], [ -58.223749611768426, -34.71062831801288 ], [ -58.223938832027443, -34.710163758502631 ], [ -58.223764604661767, -34.71028692836893 ], [ -58.2237470292593, -34.710144735651454 ], [ -58.223631225407814, -34.710140983586882 ], [ -58.22354674613382, -34.710283238015677 ], [ -58.223479568865173, -34.710324857719513 ], [ -58.223425765452248, -34.710354598090419 ], [ -58.22335644611195, -34.710392843170666 ], [ -58.223343090267178, -34.710400174344272 ], [ -58.22333497818471, -34.710378148042196 ], [ -58.223342715364652, -34.710400537623116 ], [ -58.223135211292515, -34.710621415377261 ], [ -58.223478090129561, -34.710536821905123 ], [ -58.223676008187056, -34.710597653229001 ], [ -58.223556198855817, -34.711814957676893 ], [ -58.224426897274441, -34.712257294726214 ], [ -58.223885479875776, -34.712387786086424 ], [ -58.223831812400874, -34.712664643987182 ], [ -58.223793367240205, -34.713023841694849 ], [ -58.224108486904186, -34.713716795119467 ], [ -58.224339648216585, -34.71433173163831 ], [ -58.224015095838297, -34.714121073782565 ], [ -58.223984568319452, -34.714558502561772 ], [ -58.224638126282571, -34.714548551424002 ], [ -58.225167550881849, -34.713792434531626 ], [ -58.225459623508186, -34.713924891937381 ], [ -58.225527216758394, -34.713965474061865 ], [ -58.226143819471019, -34.714664425740807 ], [ -58.227791195958673, -34.718928268012235 ], [ -58.22778582782837, -34.718928349748012 ], [ -58.225979170265987, -34.723522463928418 ], [ -58.224876767268199, -34.724480203016242 ], [ -58.223778576079724, -34.72543428299366 ], [ -58.218225912847686, -34.730258289539904 ], [ -58.218170732479507, -34.730307362498024 ], [ -58.217919665443162, -34.730525435777281 ], [ -58.217864598704011, -34.730574576604681 ], [ -58.217806820346254, -34.730306338905621 ], [ -58.197117208487839, -34.734994236615364 ], [ -58.196867506813248, -34.734271658645412 ], [ -58.195983886999898, -34.734985351999853 ], [ -58.195005359999925, -34.735660197999891 ], [ -58.194213866999917, -34.736206054999855 ], [ -58.190307616999917, -34.738403319999861 ], [ -58.1875, -34.740295409999817 ], [ -58.18530273399989, -34.741088866999917 ], [ -58.182922362999818, -34.741577147999919 ], [ -58.180969237999875, -34.742492675999983 ], [ -58.178894042999787, -34.744689940999876 ], [ -58.176269530999946, -34.744384765999939 ], [ -58.174011229999962, -34.745300292999843 ], [ -58.172689029663672, -34.745636445521939 ], [ -58.173078621884713, -34.745930751453045 ], [ -58.147119537834726, -34.763781979607472 ], [ -58.142131628826576, -34.762283074147547 ], [ -58.137449700465481, -34.759698841314105 ], [ -58.133674125029131, -34.755206469418567 ], [ -58.13308057261878, -34.754449379720086 ], [ -58.133034218461546, -34.754386314773399 ], [ -58.132715010782249, -34.753908615073442 ], [ -58.132616792233136, -34.75033523432711 ], [ -58.130909550850902, -34.750721743519932 ], [ -58.131488885596696, -34.750710564587223 ], [ -58.132670619278997, -34.753982102319071 ], [ -58.130314832546162, -34.754233541823396 ], [ -58.129602111975601, -34.758914123123247 ], [ -58.124399576689996, -34.758307066056148 ], [ -58.118527422311956, -34.750970207715113 ], [ -58.11853999876314, -34.750899300620063 ], [ -58.118479254460055, -34.750880010105561 ], [ -58.118039720032698, -34.750525664259726 ], [ -58.117238058867258, -34.750584322550026 ], [ -58.116354203702542, -34.750977865146524 ], [ -58.116279618088697, -34.751000889000863 ], [ -58.114923535047637, -34.751173839160401 ], [ -58.112426757999856, -34.751892089999842 ], [ -58.108825683999953, -34.753295897999976 ], [ -58.107198157089499, -34.753847602313158 ], [ -58.107199936168399, -34.754306586047221 ], [ -58.096177680490712, -34.772885803364261 ], [ -58.094278945296253, -34.808496050688689 ], [ -58.084417753667992, -34.801592510921182 ], [ -58.084133585482903, -34.801777585359218 ], [ -58.083258207095696, -34.802761541031941 ], [ -58.083257769504257, -34.802810728202928 ], [ -58.0543810719156, -34.819913328127086 ], [ -58.056077700679111, -34.828497028704874 ], [ -58.055974606537347, -34.828699272825645 ], [ -58.042668792325401, -34.842847551097861 ], [ -58.042844721881409, -34.850564579859224 ], [ -58.041391752519303, -34.851221258570263 ], [ -58.03417738766484, -34.854481839330049 ], [ -58.026822228978006, -34.857806052810076 ], [ -58.026503428319074, -34.858034733709928 ], [ -58.023824861924254, -34.859223751013644 ], [ -58.022317367858591, -34.859892928590455 ], [ -58.01980590950086, -34.859159870963254 ], [ -58.018328424974072, -34.861669724099556 ], [ -58.015950360894976, -34.862712640443704 ], [ -58.015810631213014, -34.862935486627691 ], [ -58.01829155338072, -34.861867979345732 ], [ -58.01829310842561, -34.861868376164693 ], [ -58.018304400031639, -34.861841538687486 ], [ -58.022023206900599, -34.862096499327606 ], [ -58.022422269355388, -34.860040740210195 ], [ -58.023096429758027, -34.859744907380673 ], [ -58.024441097019917, -34.859154845753494 ], [ -58.024486246576998, -34.859251259107737 ], [ -58.027175136949211, -34.858107575354097 ], [ -58.031039184811846, -34.870670248009844 ], [ -58.030033396964996, -34.870993933409238 ], [ -58.029997168298166, -34.871009453002102 ], [ -58.029996750031671, -34.871010428077625 ], [ -58.029924584231935, -34.871042201236378 ], [ -58.029795819377171, -34.871102756751725 ], [ -58.029723637807649, -34.871134697358514 ], [ -58.029733849925094, -34.871137409326764 ], [ -58.029176669105937, -34.871378755270598 ], [ -58.029104000558391, -34.871410205562768 ], [ -58.029025718425089, -34.871378619146526 ], [ -58.025993527266223, -34.870565810976416 ], [ -58.025671829389182, -34.870499500309506 ], [ -58.024621402050741, -34.870919046878555 ], [ -58.024426132925839, -34.870183181965729 ], [ -58.024214368177923, -34.870273944990004 ], [ -58.024178163727356, -34.870289899494935 ], [ -58.024160380224941, -34.870298265744054 ], [ -58.024087942673418, -34.870330187379523 ], [ -58.022314385884897, -34.869776624823714 ], [ -58.022159723396385, -34.870192181571042 ], [ -58.022942490789319, -34.870830363505263 ], [ -58.02202988436477, -34.87123931040918 ], [ -58.021446925211023, -34.870927292667488 ], [ -58.020562379985449, -34.871628651386686 ], [ -58.020505230421861, -34.871611669997947 ], [ -58.019969190106679, -34.870786020918956 ], [ -58.01994352824596, -34.870745928862277 ], [ -58.019785270192358, -34.870501933887738 ], [ -58.018927193993022, -34.871188557103437 ], [ -58.018920417032632, -34.871186916700594 ], [ -58.018862681937094, -34.871169860562304 ], [ -58.018619060400624, -34.870219580583978 ], [ -58.018153956934498, -34.870100894692882 ], [ -58.017305954779317, -34.870799716729152 ], [ -58.017299107628105, -34.870798063177347 ], [ -58.017242089274703, -34.870781026212342 ], [ -58.016973227018127, -34.869815508106626 ], [ -58.0165515276272, -34.869707667265743 ], [ -58.016428463034288, -34.870051005469861 ], [ -58.016861254580078, -34.870989462672185 ], [ -58.016860614345717, -34.870989748667398 ], [ -58.016258297875936, -34.870127018916037 ], [ -58.014538826418629, -34.870844160431716 ], [ -58.014601552278975, -34.869721306417603 ], [ -58.013650263903799, -34.869481089616215 ], [ -58.012954085142383, -34.870436620666851 ], [ -58.012938750861792, -34.86933020939864 ], [ -58.012037219679996, -34.869102645487317 ], [ -58.011333605676953, -34.87002186019447 ], [ -58.011262685000588, -34.868935822784181 ], [ -58.010445547439872, -34.868729079750665 ], [ -58.010195649756497, -34.869398048863275 ], [ -58.010465467833171, -34.870396758446759 ], [ -58.009752898844113, -34.869728806421051 ], [ -58.009555649057745, -34.869679020497756 ], [ -58.008118347126754, -34.869334251769544 ], [ -58.007892481272734, -34.869284693489192 ], [ -58.006943026083889, -34.869656421054458 ], [ -58.006566369185066, -34.869052461792137 ], [ -58.006635117439544, -34.868946245731024 ], [ -58.004302250457727, -34.86997297380168 ], [ -58.004163073173515, -34.869978735931511 ], [ -58.003252727134111, -34.870352014793241 ], [ -58.003181393400666, -34.870383863924076 ], [ -58.00276396187553, -34.870588258037685 ], [ -58.001041816308827, -34.871341842993388 ], [ -58.000782807880512, -34.871460688130753 ], [ -58.000711305187224, -34.87149118142662 ], [ -58.00008558744463, -34.871741614144753 ], [ -57.99931209264588, -34.872236259016688 ], [ -57.995121170509606, -34.873760787471326 ], [ -57.991949942490749, -34.869584028237114 ], [ -57.990903907592497, -34.869841297045525 ], [ -57.991288632950898, -34.869602752619812 ], [ -57.987651584592697, -34.870483591646064 ], [ -57.984046284566773, -34.871356741698321 ], [ -57.982255410553876, -34.871790464752394 ], [ -57.980472318975671, -34.872222303016315 ], [ -57.973546282079838, -34.870369745534845 ], [ -57.973513467710291, -34.874518039697591 ], [ -57.972025918632426, -34.875314656104308 ], [ -57.971396433236634, -34.875651760926303 ], [ -57.969833648687029, -34.876488669012531 ], [ -57.958060035332039, -34.871173696112976 ], [ -57.958168532342142, -34.866779893258524 ], [ -57.958170943629341, -34.866740563332087 ], [ -57.958224433622036, -34.864584957781574 ], [ -57.958073498223371, -34.86478252482209 ], [ -57.957933371214949, -34.86674165062891 ], [ -57.957930536253286, -34.866786820684183 ], [ -57.95310310143924, -34.872415187285753 ], [ -57.957225851329099, -34.876539249873986 ], [ -57.95706224116401, -34.878536976844146 ], [ -57.950650566343882, -34.881925290051754 ], [ -57.948589375682104, -34.881816329643414 ], [ -57.943119029429852, -34.881164595236271 ], [ -57.942892002906774, -34.881273372240116 ], [ -57.939677402207167, -34.878828910397999 ], [ -57.939222085817789, -34.879080400838461 ], [ -57.938853929717936, -34.878620747492334 ], [ -57.938410959803889, -34.878580098902944 ], [ -57.93170610033809, -34.887237940164482 ], [ -57.930658840490537, -34.886425755621588 ], [ -57.929599830123493, -34.885604463981622 ], [ -57.92780294319715, -34.884210918789563 ], [ -57.927700759053153, -34.884290949134936 ], [ -57.927641928091703, -34.884240961475257 ], [ -57.927623537574959, -34.884225370855347 ], [ -57.927565237995736, -34.884174746203769 ], [ -57.926389716770757, -34.883132261149399 ], [ -57.926326051527724, -34.883019723831467 ], [ -57.926333534443813, -34.883085510153705 ], [ -57.925158595338701, -34.882043076675416 ], [ -57.925110548051578, -34.881966492494541 ], [ -57.924855915979492, -34.881725247227848 ], [ -57.924602027269088, -34.881484705473781 ], [ -57.92431595576619, -34.881213672841625 ], [ -57.924030825377088, -34.880943531848857 ], [ -57.923537320556704, -34.880475970952716 ], [ -57.924544286939067, -34.879611638181473 ], [ -57.924782669824594, -34.878964411035838 ], [ -57.924382788749938, -34.87852317148463 ], [ -57.924019097813471, -34.879137148063819 ], [ -57.921976953879948, -34.879128001940387 ], [ -57.921077245735148, -34.878394842177158 ], [ -57.920837018626912, -34.878199085010692 ], [ -57.920874592250243, -34.8783539858116 ], [ -57.920803799808994, -34.878169590210689 ], [ -57.919956018978837, -34.877133465360771 ], [ -57.919763008931056, -34.877262463218131 ], [ -57.919412875451258, -34.876969743178449 ], [ -57.919321707885956, -34.877048131692789 ], [ -57.919159222165604, -34.876909823906942 ], [ -57.918996590874826, -34.876771392145542 ], [ -57.918344605279913, -34.876216422046582 ], [ -57.91828485039548, -34.876281111689934 ], [ -57.918474176625921, -34.876650516073369 ], [ -57.91887510519831, -34.876782475366156 ], [ -57.919034363972287, -34.876916743941081 ], [ -57.919109769464285, -34.876980317040875 ], [ -57.919578178732877, -34.877375225461606 ], [ -57.919572995999829, -34.877423713265387 ], [ -57.921102341487938, -34.878777476746563 ], [ -57.922759510717867, -34.880244387638868 ], [ -57.922775242173543, -34.880245213126955 ], [ -57.922834544186344, -34.880296209701214 ], [ -57.924525135695717, -34.886920180047071 ], [ -57.924541461124647, -34.886915242114753 ], [ -57.924392260534205, -34.887375412573761 ], [ -57.924891231360618, -34.887326514498227 ], [ -57.924580870627153, -34.886881425613353 ], [ -57.924580875949289, -34.88688001763029 ], [ -57.926767731705866, -34.884990022960437 ], [ -57.92615742773603, -34.886216291485937 ], [ -57.926155825531396, -34.886640159411115 ], [ -57.926146919502457, -34.887242368319903 ], [ -57.927128723414739, -34.889159999929234 ], [ -57.927119898785975, -34.889160589610015 ], [ -57.924352928092617, -34.890052336785629 ], [ -57.924348881186233, -34.89005273337375 ], [ -57.923287934467396, -34.889105654223783 ], [ -57.924345100952166, -34.890078633393841 ], [ -57.923944647803751, -34.890627994531656 ], [ -57.923926009851868, -34.891039423071163 ], [ -57.920553367525031, -34.89367790718245 ], [ -57.92050257520782, -34.89369322062538 ], [ -57.919680767076841, -34.89293047328556 ], [ -57.919623608820928, -34.892877940297069 ], [ -57.920039027130372, -34.892173364242183 ], [ -57.920123678183302, -34.89062465625932 ], [ -57.918271463007841, -34.890558975155841 ], [ -57.917775355203673, -34.891195422469821 ], [ -57.917001958577998, -34.890491440313951 ], [ -57.916921218721086, -34.891831757299883 ], [ -57.918469409615227, -34.893705782568247 ], [ -57.915883155247229, -34.894144092734564 ], [ -57.915868015474757, -34.894155342580063 ], [ -57.915154718792166, -34.893144382792798 ], [ -57.914733173645629, -34.893126688943369 ], [ -57.914357085357665, -34.893106735358458 ], [ -57.914408482600038, -34.893046766234477 ], [ -57.912223906520808, -34.891024261372593 ], [ -57.911423407811526, -34.890283150198115 ], [ -57.910834940508721, -34.890618068456035 ], [ -57.910328039722913, -34.890152854402913 ], [ -57.909819739520117, -34.889686356018615 ], [ -57.908705126363316, -34.888663406807666 ], [ -57.909056253447375, -34.888000067356586 ], [ -57.907914236175316, -34.887009914693863 ], [ -57.906165707349601, -34.885493890003829 ], [ -57.906157724693514, -34.885478314622958 ], [ -57.904393783206615, -34.883949858349808 ], [ -57.904174295304529, -34.883745616123235 ], [ -57.904119039092222, -34.883693046304074 ], [ -57.903476233456104, -34.883790318300328 ], [ -57.901586086782572, -34.882096326495514 ], [ -57.901584349284747, -34.882137361859861 ], [ -57.901527557946565, -34.882085816593417 ], [ -57.900643954383895, -34.881282486947214 ], [ -57.900587241425001, -34.881230566577358 ], [ -57.900581781132871, -34.881235206396013 ], [ -57.900127999708616, -34.880819369389599 ], [ -57.900509148975175, -34.880374344458005 ], [ -57.900698664578272, -34.880220470336837 ], [ -57.900753067013852, -34.878935620511186 ], [ -57.898405628334672, -34.878027731923225 ], [ -57.898017072920936, -34.876276893360057 ], [ -57.900265114517481, -34.873929960525913 ], [ -57.89532331217049, -34.871623169269071 ], [ -57.894155847586546, -34.872085022093415 ], [ -57.894035962631165, -34.872119913368863 ], [ -57.893586512447939, -34.872315794226097 ], [ -57.893511610891437, -34.872199819100956 ], [ -57.893471072241596, -34.872358657623579 ], [ -57.893604377253951, -34.872351103304084 ], [ -57.894152774317263, -34.873416308835317 ], [ -57.894150706015751, -34.873422732086055 ], [ -57.894131392991824, -34.87347025269014 ], [ -57.893192539544486, -34.873785195280277 ], [ -57.893062586365886, -34.873625768890406 ], [ -57.893027729943071, -34.873640935482058 ], [ -57.893088779922721, -34.873712182335964 ], [ -57.893112902275163, -34.873743566993426 ], [ -57.893130455086748, -34.873767066224332 ], [ -57.89318715929943, -34.873836135318243 ], [ -57.892553093703498, -34.874412961965731 ], [ -57.892455127845153, -34.875309031387815 ], [ -57.893059321448561, -34.875034459070037 ], [ -57.892562550943751, -34.875752422755397 ], [ -57.892341378384174, -34.876579697750344 ], [ -57.893603076581655, -34.877049649871026 ], [ -57.894344196741656, -34.876653816471617 ], [ -57.894345046624778, -34.876654868568096 ], [ -57.893746614548149, -34.877227481436819 ], [ -57.89391099911569, -34.877430431415178 ], [ -57.893913270585017, -34.877433892784154 ], [ -57.893913401081704, -34.877433258300641 ], [ -57.8940790087658, -34.877635307290973 ], [ -57.894619844857289, -34.87705376224153 ], [ -57.894952181053895, -34.877395515375667 ], [ -57.894953140071379, -34.877396691922456 ], [ -57.895003240297569, -34.877457747994015 ], [ -57.894429367969337, -34.878065136878718 ], [ -57.894444226442829, -34.879055552986244 ], [ -57.894327723450658, -34.879618416664528 ], [ -57.894162803935217, -34.88030422213069 ], [ -57.894116953271066, -34.881130427412302 ], [ -57.894013808986813, -34.881487096021885 ], [ -57.894406107656721, -34.881492595891075 ], [ -57.893977850226747, -34.882645433162224 ], [ -57.894664279022322, -34.883492975892523 ], [ -57.89570968503665, -34.883110445768239 ], [ -57.895757543377897, -34.883173206975869 ], [ -57.894904875904842, -34.883881349314663 ], [ -57.89469389987994, -34.88470239654913 ], [ -57.894647607969887, -34.885371798511699 ], [ -57.894510083875105, -34.886018341220222 ], [ -57.89428604566649, -34.887049579158997 ], [ -57.89419893234566, -34.887416517166912 ], [ -57.894644173280369, -34.887487988928115 ], [ -57.89562028973603, -34.886639329435752 ], [ -57.895627992078346, -34.886641129516818 ], [ -57.895802307502663, -34.887756157504555 ], [ -57.896309877225292, -34.888701248378652 ], [ -57.896573545426861, -34.889787124856866 ], [ -57.896488325782911, -34.889746140817522 ], [ -57.896465046374203, -34.889848072528764 ], [ -57.896589630885956, -34.889867710860415 ], [ -57.896573580542963, -34.889787166997564 ], [ -57.897678951584396, -34.889155433889982 ], [ -57.897681330242563, -34.889158306870286 ], [ -57.897959228179218, -34.889436291439097 ], [ -57.898008826407079, -34.889497633073972 ], [ -57.897001067949418, -34.890364650939205 ], [ -57.896897353216275, -34.890813465737608 ], [ -57.897772792782405, -34.891345969039151 ], [ -57.896728157808639, -34.891895430051648 ], [ -57.896728094317893, -34.891895696769154 ], [ -57.896638526130801, -34.891891439487154 ], [ -57.886117111484964, -34.897532433925278 ], [ -57.886478253634039, -34.919342462418399 ], [ -57.8816954903686, -34.922405337825978 ], [ -57.877466708688473, -34.925467609722944 ], [ -57.877408633927246, -34.925505037916025 ], [ -57.877361166548042, -34.92554678568581 ], [ -57.877303059102417, -34.925584226104206 ], [ -57.876710163640553, -34.925891440547048 ], [ -57.876652248386961, -34.925928757386544 ], [ -57.863026997016277, -34.928433428281153 ], [ -57.850486829665158, -34.928582188816506 ], [ -57.831545026804179, -34.931454957092228 ], [ -57.822853853531285, -34.928968282001847 ], [ -57.822295393532443, -34.930399546656531 ], [ -57.822045222728889, -34.93107947819675 ], [ -57.798043459172561, -34.916912554058513 ], [ -57.803045332469367, -34.912587461733267 ], [ -57.801418883268525, -34.910260573626886 ], [ -57.80476008027739, -34.908016202675469 ], [ -57.806967358423321, -34.899103254745114 ], [ -57.807002824412507, -34.899086115257433 ], [ -57.808536258357208, -34.898351652093709 ], [ -57.806246952419144, -34.898085825323619 ], [ -57.803151371019396, -34.900880065673448 ], [ -57.800219316873552, -34.897499734863516 ], [ -57.798519639884319, -34.902942129114706 ], [ -57.794191168869645, -34.897111101659846 ], [ -57.794679662917645, -34.896978840897702 ], [ -57.79573835369365, -34.896206009039474 ], [ -57.79343982031304, -34.897202242642891 ], [ -57.756775914646596, -34.909628422342223 ], [ -57.755493163999859, -34.910522460999914 ], [ -57.751586913999859, -34.913391112999932 ], [ -57.749389647999863, -34.914489745999902 ], [ -57.746276854999962, -34.915588378999928 ], [ -57.743408202999831, -34.917175292999957 ], [ -57.740478515999826, -34.918090819999861 ], [ -57.737609862999875, -34.91967773399989 ], [ -57.73022460899989, -34.922973632999913 ], [ -57.726623534999931, -34.924987792999957 ], [ -57.719421386999898, -34.927917479999962 ], [ -57.713989257999856, -34.929199218999884 ], [ -57.708105221999915, -34.930341413999884 ], [ -57.703613280999946, -34.931213378999928 ], [ -57.69702148399989, -34.932128905999832 ], [ -57.696810932633753, -34.932152782969467 ], [ -57.686288340447277, -34.939043800169088 ], [ -57.674922224399211, -34.938157273415641 ], [ -57.671508788999972, -34.940185546999942 ], [ -57.668273925999927, -34.941223144999981 ], [ -57.664428710999914, -34.944396972999868 ], [ -57.661621093999884, -34.945800780999946 ], [ -57.660583495999902, -34.946899413999972 ], [ -57.658325194999918, -34.947875976999967 ], [ -57.654479979999905, -34.950195312999824 ], [ -57.650085448999846, -34.952880858999833 ], [ -57.643676757999913, -34.957214354999905 ], [ -57.641479491999917, -34.958618163999972 ], [ -57.637207030999832, -34.961914062999824 ], [ -57.634277343999884, -34.963928222999868 ], [ -57.630920409999874, -34.966613769999924 ], [ -57.624877929999798, -34.969970702999944 ], [ -57.620178222999868, -34.973510741999917 ], [ -57.614501952999888, -34.978088378999871 ], [ -57.611083983999947, -34.981079101999967 ], [ -57.607421874999829, -34.984008788999915 ], [ -57.603515624999829, -34.98718261699986 ], [ -57.599670409999987, -34.990112304999968 ], [ -57.596313476999967, -34.992004394999867 ], [ -57.593200683999896, -34.993286132999856 ], [ -57.591491698999903, -34.994689940999933 ], [ -57.58898925799997, -34.995971679999855 ], [ -57.585021972999982, -34.998107909999931 ], [ -57.579772948999903, -34.999999999999829 ], [ -57.568603515999882, -35.004211425999927 ], [ -57.563903808999896, -35.005493163999915 ], [ -57.5609130859998, -35.00640869099982 ], [ -57.555725097999868, -35.007812499999886 ], [ -57.551391601999967, -35.009277343999941 ], [ -57.543395995999845, -35.010925292999957 ], [ -57.541503905999946, -35.011779784999874 ], [ -57.538391112999875, -35.013183593999941 ], [ -57.537109374999886, -35.014587401999847 ], [ -57.53491210899989, -35.01397705099987 ], [ -57.533874511999841, -35.013305663999915 ], [ -57.532287597999982, -35.013488769999981 ], [ -57.526306151999961, -35.016113280999889 ], [ -57.520996093999827, -35.017700194999918 ], [ -57.518981933999953, -35.019714354999849 ], [ -57.518798827999831, -35.022216796999942 ], [ -57.516601562999824, -35.02178955099987 ], [ -57.515075683999896, -35.022827147999919 ], [ -57.513122558999839, -35.023620604999849 ], [ -57.510620116999917, -35.023925780999946 ], [ -57.508117675999983, -35.0245971679999 ], [ -57.506713866999917, -35.026000976999967 ], [ -57.506713866999917, -35.028015136999841 ], [ -57.504821776999847, -35.03039550799997 ], [ -57.502502440999876, -35.030578612999932 ], [ -57.501586913999915, -35.030212401999904 ], [ -57.499511718999884, -35.031799315999933 ], [ -57.497619628999928, -35.032897948999903 ], [ -57.493591308999783, -35.036499022999863 ], [ -57.491577147999919, -35.038879394999981 ], [ -57.487609862999932, -35.041625976999967 ], [ -57.484374999999886, -35.044311522999863 ], [ -57.479797362999932, -35.048583983999947 ], [ -57.476684569999861, -35.050598144999981 ], [ -57.473815917999843, -35.053588866999917 ], [ -57.47180175799997, -35.05499267599987 ], [ -57.469909667999843, -35.055603026999847 ], [ -57.468017577999888, -35.057312011999841 ], [ -57.466674804999968, -35.057678222999868 ], [ -57.464477538999972, -35.058593749999943 ], [ -57.461303710999914, -35.060913085999914 ], [ -57.458129882999856, -35.06280517599987 ], [ -57.456298827999888, -35.064208983999947 ], [ -57.45288085899989, -35.06671142599987 ], [ -57.449279784999987, -35.068908690999876 ], [ -57.446105956999929, -35.07141113299997 ], [ -57.443603515999826, -35.073486327999888 ], [ -57.441894530999832, -35.074707030999832 ], [ -57.439880370999958, -35.075927733999833 ], [ -57.439208983999833, -35.077514647999863 ], [ -57.4367065429999, -35.079589843999884 ], [ -57.43469238299997, -35.081298827999888 ], [ -57.431213378999814, -35.084411620999958 ], [ -57.429199218999941, -35.085388183999839 ], [ -57.427978515999769, -35.086914062999881 ], [ -57.426208495999845, -35.088684081999872 ], [ -57.424926757999856, -35.089294433999839 ], [ -57.423400878999985, -35.090515136999954 ], [ -57.421203612999818, -35.091796874999943 ], [ -57.420288085999914, -35.093200683999839 ], [ -57.41857910199991, -35.094726562999881 ], [ -57.417480468999884, -35.096008300999983 ], [ -57.414978026999847, -35.097778319999975 ], [ -57.412109374999829, -35.10021972699991 ], [ -57.409606933999896, -35.102294921999828 ], [ -57.40710449199986, -35.104309081999872 ], [ -57.405883788999859, -35.105407714999899 ], [ -57.403991698999903, -35.106506347999868 ], [ -57.401306151999904, -35.107788085999857 ], [ -57.398803710999971, -35.109374999999886 ], [ -57.397583007999799, -35.110412597999868 ], [ -57.3956909179999, -35.111511229999905 ], [ -57.394409179999911, -35.112609862999932 ], [ -57.391723632999913, -35.11499023399989 ], [ -57.389526366999917, -35.117309569999861 ], [ -57.387023925999927, -35.119079589999842 ], [ -57.384887694999918, -35.120910644999924 ], [ -57.38140869099982, -35.12359619099982 ], [ -57.378295897999919, -35.126281737999875 ], [ -57.374877929999911, -35.129394530999946 ], [ -57.369384765999882, -35.134216308999839 ], [ -57.365478515999826, -35.137023925999983 ], [ -57.36218261699986, -35.139282226999967 ], [ -57.360778808999896, -35.140625 ], [ -57.357727050999983, -35.142700194999975 ], [ -57.355407714999842, -35.144897460999971 ], [ -57.353881835999971, -35.145812987999875 ], [ -57.351379394999867, -35.148193358999833 ], [ -57.349487304999911, -35.150512694999861 ], [ -57.34741210899989, -35.152282714999956 ], [ -57.346191405999946, -35.153503417999957 ], [ -57.344177245999845, -35.155212401999961 ], [ -57.340087890999882, -35.158081054999911 ], [ -57.337585448999846, -35.160888671999885 ], [ -57.335388183999953, -35.163085937999881 ], [ -57.333312987999932, -35.165222167999957 ], [ -57.332275390999882, -35.166076659999874 ], [ -57.330383300999927, -35.168029784999817 ], [ -57.328918456999872, -35.169677733999833 ], [ -57.328308104999905, -35.170593261999841 ], [ -57.326477050999927, -35.172485351999967 ], [ -57.325012206999872, -35.174926757999913 ], [ -57.323608397999976, -35.17608642599987 ], [ -57.322875976999853, -35.178283690999933 ], [ -57.320678710999857, -35.180175780999832 ], [ -57.318786620999902, -35.180725097999868 ], [ -57.315979003999871, -35.183410644999867 ], [ -57.31311035199991, -35.187011718999827 ], [ -57.311096190999876, -35.188781737999818 ], [ -57.308898925999983, -35.19110107399996 ], [ -57.307678222999868, -35.192504882999856 ], [ -57.305908202999888, -35.194580077999888 ], [ -57.304626464999899, -35.195983886999841 ], [ -57.30286738399991, -35.197541929999886 ], [ -57.30249023399989, -35.19787597699991 ], [ -57.302307128999928, -35.198791503999985 ], [ -57.299621581999929, -35.201293944999918 ], [ -57.294799804999855, -35.205017089999956 ], [ -57.293212890999826, -35.206298827999944 ], [ -57.291687011999954, -35.208129882999856 ], [ -57.289184569999861, -35.210510253999985 ], [ -57.287109374999829, -35.212280272999976 ], [ -57.286010741999974, -35.213806151999847 ], [ -57.284484862999932, -35.215393065999876 ], [ -57.282592772999976, -35.217712401999904 ], [ -57.281616210999914, -35.219482421999828 ], [ -57.279724120999845, -35.220581054999855 ], [ -57.278503417999843, -35.222290038999859 ], [ -57.278320312999881, -35.2238159179999 ], [ -57.275512694999918, -35.225585937999824 ], [ -57.274719237999818, -35.227416991999974 ], [ -57.272399901999847, -35.229309081999929 ], [ -57.271484374999943, -35.230407714999899 ], [ -57.269104003999985, -35.231811522999863 ], [ -57.267578124999943, -35.233520507999856 ], [ -57.264892577999888, -35.235595702999888 ], [ -57.260986327999888, -35.239318847999925 ], [ -57.259521483999833, -35.23992919899996 ], [ -57.258911132999856, -35.240783690999876 ], [ -57.254089354999962, -35.244506835999914 ], [ -57.252075194999861, -35.246582030999832 ], [ -57.248596190999933, -35.248413085999914 ], [ -57.247009276999904, -35.250976562999824 ], [ -57.2453002929999, -35.251525878999985 ], [ -57.244689940999933, -35.253112792999843 ], [ -57.242126464999842, -35.254882812999824 ], [ -57.241821288999915, -35.255676269999924 ], [ -57.239501952999944, -35.258178710999857 ], [ -57.236389159999874, -35.260803222999868 ], [ -57.234313964999785, -35.26232910199991 ], [ -57.231811522999919, -35.264526366999974 ], [ -57.23132324199986, -35.265808104999905 ], [ -57.229675292999843, -35.268005370999958 ], [ -57.228088378999985, -35.269592284999817 ], [ -57.225708007999856, -35.271118163999859 ], [ -57.224182128999985, -35.273315429999855 ], [ -57.223388671999885, -35.275878905999946 ], [ -57.221618651999904, -35.278198241999917 ], [ -57.220886229999792, -35.280517577999888 ], [ -57.219726562999824, -35.282775878999871 ], [ -57.218017577999831, -35.28381347699991 ], [ -57.217224120999902, -35.284423827999888 ], [ -57.216674804999855, -35.287292479999905 ], [ -57.216308593999827, -35.288513183999839 ], [ -57.21569824199986, -35.290100097999868 ], [ -57.212402343999827, -35.291381835999971 ], [ -57.210876464999956, -35.293212890999939 ], [ -57.207397460999971, -35.296997069999861 ], [ -57.203979491999803, -35.301574706999816 ], [ -57.201599120999845, -35.306091308999953 ], [ -57.196777343999941, -35.312622069999861 ], [ -57.195495604999849, -35.315979003999871 ], [ -57.192321776999961, -35.321105956999816 ], [ -57.19000244099982, -35.325012206999816 ], [ -57.188903808999953, -35.328796386999898 ], [ -57.186889647999919, -35.332580565999933 ], [ -57.18609619099982, -35.335510253999871 ], [ -57.183105468999827, -35.339477538999859 ], [ -57.18139648399989, -35.343078612999818 ], [ -57.17938232399996, -35.345581054999911 ], [ -57.178894042999957, -35.347717284999931 ], [ -57.176513671999828, -35.350097655999889 ], [ -57.17468261699986, -35.351623534999931 ], [ -57.173583983999833, -35.354980468999941 ], [ -57.171325683999839, -35.357604979999849 ], [ -57.168579101999796, -35.362182616999974 ], [ -57.165893554999968, -35.365783690999933 ], [ -57.15991210899989, -35.370483397999863 ], [ -57.159484862999875, -35.373291015999826 ], [ -57.157409667999843, -35.375915526999904 ], [ -57.155090331999816, -35.378906249999829 ], [ -57.152709960999857, -35.38171386699986 ], [ -57.149780272999919, -35.385986327999888 ], [ -57.146911620999958, -35.389404296999885 ], [ -57.146911620999958, -35.392578124999943 ], [ -57.144409179999855, -35.397277831999872 ], [ -57.143981933999953, -35.398925780999889 ], [ -57.142211913999859, -35.400085448999903 ], [ -57.141113280999832, -35.403503417999843 ], [ -57.137390136999898, -35.410278319999861 ], [ -57.135681151999961, -35.413513183999896 ], [ -57.134216308999839, -35.416381835999857 ], [ -57.132690429999968, -35.419494628999928 ], [ -57.130187987999932, -35.422180175999983 ], [ -57.130676269999924, -35.42437744099982 ], [ -57.129394530999832, -35.42749023399989 ], [ -57.129028319999918, -35.429809569999918 ], [ -57.12951660199991, -35.433776854999905 ], [ -57.12921142599987, -35.436889647999976 ], [ -57.128906249999943, -35.440185546999828 ], [ -57.127319335999914, -35.442626952999888 ], [ -57.127319335999914, -35.444702147999976 ], [ -57.128601073999903, -35.446289062999824 ], [ -57.129699706999872, -35.448608397999976 ], [ -57.132080077999831, -35.452575683999953 ], [ -57.133789062999824, -35.456176757999856 ], [ -57.137878417999957, -35.46459960899989 ], [ -57.140319823999903, -35.469909667999957 ], [ -57.140502929999855, -35.473083495999845 ], [ -57.14147949199986, -35.476501464999842 ], [ -57.145385741999917, -35.480407714999842 ], [ -57.147399901999961, -35.485290526999904 ], [ -57.148803710999857, -35.486328124999943 ], [ -57.150085448999846, -35.489990233999833 ], [ -57.153028738924263, -35.494722582635461 ], [ -57.156806433889926, -35.493768442251053 ], [ -57.157299462245987, -35.493939086218631 ], [ -57.156107395307629, -35.489218207741885 ], [ -57.154635942212337, -35.481760649370756 ], [ -57.154595559570566, -35.481757818009214 ], [ -57.154329071871985, -35.475921583485842 ], [ -57.154332067090706, -35.475903042270147 ], [ -57.156732403830119, -35.477498399193792 ], [ -57.156763320358664, -35.477535613359521 ], [ -57.159227698647783, -35.478182147280393 ], [ -57.159236359607519, -35.478186299571973 ], [ -57.176394628819992, -35.48369307524564 ], [ -57.176423915543808, -35.483693815206834 ], [ -57.199441756598389, -35.481509913133323 ], [ -57.20136573469739, -35.481704379283883 ], [ -57.201370226560243, -35.481708666823522 ], [ -57.201799735332372, -35.481747025454808 ], [ -57.202347967691594, -35.483219023212826 ], [ -57.206676296660874, -35.482003288703936 ], [ -57.206730180040893, -35.481956480622159 ], [ -57.206733928029905, -35.48194963086587 ], [ -57.206656347041417, -35.481775767323541 ], [ -57.20666028809751, -35.481769293595846 ], [ -57.247509527699435, -35.488813898680178 ], [ -57.267977220009811, -35.478203989026383 ], [ -57.267894029163131, -35.477569433216559 ], [ -57.267910102704775, -35.473533611168421 ], [ -57.263544800337343, -35.454940203824151 ], [ -57.257543837303501, -35.444158733816096 ], [ -57.257566423152468, -35.44412697395353 ], [ -57.254828797461471, -35.435575569432785 ], [ -57.254818990512945, -35.435537941548148 ], [ -57.271052959425219, -35.432033743042666 ], [ -57.284881638741922, -35.430476348465959 ], [ -57.284895699445144, -35.43045654026389 ], [ -57.304530341525549, -35.418071665864716 ], [ -57.306025054192446, -35.417835021017311 ], [ -57.306032856493914, -35.417823829015958 ], [ -57.306548593327932, -35.41606980709679 ], [ -57.309638323307297, -35.420239764206428 ], [ -57.309836899733966, -35.420211125968819 ], [ -57.31415866886249, -35.416339823852127 ], [ -57.314539619484208, -35.413773803225411 ], [ -57.314556789788469, -35.413749291083491 ], [ -57.314789624161335, -35.412144119553204 ], [ -57.315203109316883, -35.409304530004988 ], [ -57.31249511246665, -35.401062946329034 ], [ -57.308867913726374, -35.405259454346947 ], [ -57.309504820621555, -35.391922273558691 ], [ -57.311577760180967, -35.391881493674532 ], [ -57.312869244728631, -35.391830072549055 ], [ -57.314402418699501, -35.391849389600111 ], [ -57.31869032680703, -35.391623112071557 ], [ -57.319242413441316, -35.391249039431955 ], [ -57.320625267206935, -35.390278749433378 ], [ -57.321179844407652, -35.389904239335692 ], [ -57.32122786751205, -35.389874840695029 ], [ -57.321311505356164, -35.390268964415327 ], [ -57.321378975903372, -35.390300568493558 ], [ -57.322942809872359, -35.389619373879043 ], [ -57.323408592371152, -35.389551751966337 ], [ -57.323440704602945, -35.389505111287747 ], [ -57.323452627972529, -35.389483513082723 ], [ -57.323519213282225, -35.389489221683789 ], [ -57.323532531674573, -35.389470041209961 ], [ -57.32339414333336, -35.389097927723526 ], [ -57.322879378925279, -35.387504542169836 ], [ -57.322855304416123, -35.387511107088017 ], [ -57.322986794542317, -35.384262612820407 ], [ -57.323018221992527, -35.384217282245118 ], [ -57.325183269618265, -35.384153227007289 ], [ -57.326393909971102, -35.383886106900093 ], [ -57.326411249748276, -35.383861268671581 ], [ -57.326058218514504, -35.382899913286508 ], [ -57.326049662496587, -35.38286796600147 ], [ -57.325755956668388, -35.382296694448769 ], [ -57.326284777251544, -35.382137154527754 ], [ -57.326339395930461, -35.382122587034246 ], [ -57.326556444857715, -35.382187834180513 ], [ -57.327908122630731, -35.381899457542374 ], [ -57.330280715704646, -35.380891222030414 ], [ -57.331060851983864, -35.380655245338062 ], [ -57.331105032725702, -35.380591647877793 ], [ -57.331106044562432, -35.380590204825637 ], [ -57.331146352721305, -35.380501789181039 ], [ -57.331227855821567, -35.379967600862585 ], [ -57.331271360199423, -35.379955630194218 ], [ -57.332241858272084, -35.379296647132321 ], [ -57.332468865121768, -35.379329547810244 ], [ -57.332473466132001, -35.379332197245731 ], [ -57.332564797928626, -35.379347178266073 ], [ -57.334373570182549, -35.379630196769654 ], [ -57.334400680298472, -35.37962299557978 ], [ -57.334431779851911, -35.379614484254432 ], [ -57.335040225608907, -35.37918622250919 ], [ -57.335072453063447, -35.379139803314501 ], [ -57.335173391759326, -35.378626677069974 ], [ -57.335198581454904, -35.378619597440547 ], [ -57.336025738730655, -35.378409483891232 ], [ -57.336037624211428, -35.378452676580196 ], [ -57.336048610549938, -35.378506815199046 ], [ -57.336059470834527, -35.378511808221674 ], [ -57.336169318284249, -35.378794360631218 ], [ -57.336216023701809, -35.378816132566214 ], [ -57.336439389025827, -35.37875591828157 ], [ -57.33686865501295, -35.378678691575033 ], [ -57.336860057597107, -35.378644689409668 ], [ -57.336900939652423, -35.378633546652111 ], [ -57.337097634639235, -35.378577704948782 ], [ -57.337185154450538, -35.378561263082588 ], [ -57.33724555128714, -35.378801992680337 ], [ -57.337252543061766, -35.378827642253555 ], [ -57.337221615408794, -35.378835463191422 ], [ -57.337309208776901, -35.379075869278097 ], [ -57.337389922226805, -35.37905012614408 ], [ -57.337452986777691, -35.379079521710594 ], [ -57.337666708561073, -35.37904080314155 ], [ -57.337660810354009, -35.379017944265115 ], [ -57.337688219318864, -35.379010519640758 ], [ -57.337953275809696, -35.378929308187082 ], [ -57.338034662167956, -35.378914312021095 ], [ -57.338078724603861, -35.379043157539172 ], [ -57.338088562337077, -35.379049331664021 ], [ -57.338776984941148, -35.378852040883544 ], [ -57.339356434422371, -35.378755173614195 ], [ -57.339359404654772, -35.378765914408234 ], [ -57.339567407209415, -35.378713038650403 ], [ -57.339625360710613, -35.37867388061369 ], [ -57.339631134925412, -35.378672250638886 ], [ -57.339812860702409, -35.378626724532069 ], [ -57.340508736276547, -35.378458844505303 ], [ -57.341428440865229, -35.378283991999069 ], [ -57.341429692123768, -35.378283661860735 ], [ -57.341446840665299, -35.378278130261549 ], [ -57.341452677498523, -35.378275080481217 ], [ -57.341496988931624, -35.378211005426806 ], [ -57.341501609575005, -35.37818625522641 ], [ -57.341496005274053, -35.378187771964974 ], [ -57.341494727357713, -35.378183030349021 ], [ -57.341358928030274, -35.377918566827987 ], [ -57.342607550275318, -35.377511855723981 ], [ -57.341914320731007, -35.376982014004511 ], [ -57.342856637175771, -35.374487050297375 ], [ -57.342852744270658, -35.373816901920861 ], [ -57.342936921983721, -35.373624902311406 ], [ -57.342766127679056, -35.373438078568086 ], [ -57.342369305917316, -35.37317024421543 ], [ -57.342110429537513, -35.372823963898668 ], [ -57.341495391493027, -35.372510472994406 ], [ -57.341485280759059, -35.372503591525856 ], [ -57.341371047022676, -35.372456544586271 ], [ -57.341072223946128, -35.372294780358743 ], [ -57.34160738948691, -35.372194644861167 ], [ -57.342706624154573, -35.371988965679748 ], [ -57.347783317958488, -35.371843848732283 ], [ -57.348435097579056, -35.371913761845803 ], [ -57.348699055291547, -35.371900753440968 ], [ -57.349334131403282, -35.371867923782418 ], [ -57.350186942792845, -35.371831961986516 ], [ -57.350377324385306, -35.371816703968818 ], [ -57.350387067018119, -35.371821294487688 ], [ -57.350541656585676, -35.371808510096628 ], [ -57.350550325662425, -35.371812566294068 ], [ -57.352369006912284, -35.371729785418154 ], [ -57.353567495557968, -35.371675233835788 ], [ -57.357196189017259, -35.371501232865342 ], [ -57.361469444489217, -35.371301910917396 ], [ -57.364634452037535, -35.372363682205275 ], [ -57.366492026631136, -35.372131432566732 ], [ -57.385292825341082, -35.365047590823849 ], [ -57.38498633820177, -35.361303359507815 ], [ -57.384987241650549, -35.361280660072623 ], [ -57.388433520956141, -35.361532151587085 ], [ -57.388461593884642, -35.361522823015832 ], [ -57.389482634657327, -35.359954283261914 ], [ -57.394479009874942, -35.358794729570263 ], [ -57.398385182105415, -35.359147975882195 ], [ -57.398438908890398, -35.359154345308013 ], [ -57.410069850335219, -35.356671993838916 ], [ -57.404198892451461, -35.362866679333251 ], [ -57.401743668401593, -35.364652015354125 ], [ -57.40167942050067, -35.36468923597937 ], [ -57.399565998032244, -35.376017638369945 ], [ -57.395560256324018, -35.384658449064716 ], [ -57.395514756470732, -35.384687732615873 ], [ -57.3845550640699, -35.414559960228985 ], [ -57.376227047258453, -35.41761726852468 ], [ -57.376228389431049, -35.417679795309482 ], [ -57.379933515349933, -35.425539394150576 ], [ -57.379801822354921, -35.425404336479403 ], [ -57.384791398961568, -35.432733443317431 ], [ -57.370964937517897, -35.443715841867402 ], [ -57.369748280848796, -35.444685102121127 ], [ -57.369589560436054, -35.444603947094606 ], [ -57.369541477924656, -35.446517281755462 ], [ -57.369540211856872, -35.446520543608642 ], [ -57.369571587535745, -35.446589255021195 ], [ -57.363971665696511, -35.451712366501056 ], [ -57.363075166480598, -35.465198198800294 ], [ -57.363096170756364, -35.465250067359534 ], [ -57.363255813501951, -35.47277849450262 ], [ -57.366497948746996, -35.478573090192754 ], [ -57.384743104912559, -35.490386382569682 ], [ -57.397668454664029, -35.508701183638379 ], [ -57.402092125858019, -35.529837151223774 ], [ -57.412494605526945, -35.549220263109532 ], [ -57.408977392184397, -35.553814043648345 ], [ -57.410830511606491, -35.558196347612409 ], [ -57.413001917673796, -35.558851125139824 ], [ -57.426696727568014, -35.572531445633842 ], [ -57.431560831749493, -35.579649743901996 ], [ -57.428159439530248, -35.611264579225178 ], [ -57.428149370792767, -35.61127495417395 ], [ -57.428278370903683, -35.618365875880841 ], [ -57.427185000724137, -35.619088146485694 ], [ -57.425863726186606, -35.664297120468405 ], [ -57.434831064416755, -35.668953895191407 ], [ -57.434866331610067, -35.668997333102084 ], [ -57.435067377544897, -35.669167634649966 ], [ -57.456587109625389, -35.679610542282489 ], [ -57.488257302937882, -35.675307657855399 ], [ -57.488311317693103, -35.67529406210565 ], [ -57.489415160412818, -35.673998637465445 ], [ -57.496260262352678, -35.670534681168363 ], [ -57.543883406602106, -35.66564682873161 ], [ -57.547755013203471, -35.663308130221822 ], [ -57.555328468117864, -35.665262601243114 ], [ -57.562162667901475, -35.664181606535863 ], [ -57.614983352913782, -35.658415989795174 ], [ -57.614748216042301, -35.657388102951188 ], [ -57.617629821591038, -35.655484625391352 ], [ -57.617694471332584, -35.655456251240423 ], [ -57.61770194400674, -35.65545606150954 ], [ -57.618993986999214, -35.655026989379053 ], [ -57.623111337925195, -35.655283112918255 ], [ -57.619355563103397, -35.659970830583291 ], [ -57.618064459756511, -35.665265127445821 ], [ -57.618043935871242, -35.665313582650924 ], [ -57.618007402073545, -35.665290169515117 ], [ -57.600924862168085, -35.68427108590646 ], [ -57.590936683394148, -35.690689985385802 ], [ -57.569670588006545, -35.684669288643647 ], [ -57.565408752159954, -35.721547429657733 ], [ -57.562285596854792, -35.724285077721561 ], [ -57.558329347508732, -35.72550147744164 ], [ -57.558302723774489, -35.725503653350927 ], [ -57.558235599474244, -35.725477898042186 ], [ -57.558181292469499, -35.725471745455593 ], [ -57.558120326339179, -35.725435361009204 ], [ -57.547680312045486, -35.718749134166785 ], [ -57.547623091221169, -35.718714605878802 ], [ -57.493260792656599, -35.743587689956371 ], [ -57.492830911199576, -35.746466430864757 ], [ -57.484753625614303, -35.752234347938156 ], [ -57.490122964330283, -35.800591446567523 ], [ -57.490153242997053, -35.800609359638827 ], [ -57.49017736380506, -35.800654216879138 ], [ -57.495577482086844, -35.81024596660518 ], [ -57.49871160020416, -35.811429408216327 ], [ -57.506378623155342, -35.820767020542519 ], [ -57.505548767307801, -35.826398773799383 ], [ -57.511757742694101, -35.864047028694984 ], [ -57.550616928542752, -35.864895469598991 ], [ -57.550639742804094, -35.864853730597304 ], [ -57.554298008029605, -35.863349023628587 ], [ -57.554334147520819, -35.863312661587372 ], [ -57.55491891964823, -35.861907155471897 ], [ -57.554959204118404, -35.861877518057042 ], [ -57.57861217696933, -35.86069718417059 ], [ -57.592458808900517, -35.84832101251493 ], [ -57.604740436813927, -35.83770350248227 ], [ -57.606758729797434, -35.835881546842359 ], [ -57.607038861876731, -35.835748307015194 ], [ -57.607048933612532, -35.835741699590017 ], [ -57.609660725736376, -35.837306837832671 ], [ -57.620385342591646, -35.843331357095224 ], [ -57.62069490523055, -35.843462488154671 ], [ -57.62723514964523, -35.845044713387097 ], [ -57.62729382409907, -35.845058937884403 ], [ -57.631634872603343, -35.846316088054152 ], [ -57.651424005740409, -35.843922625939967 ], [ -57.651740208879801, -35.843944752958862 ], [ -57.658679037185721, -35.848821795888966 ], [ -57.658733880420471, -35.847862953298488 ], [ -57.671015098290866, -35.835073535625497 ], [ -57.677002635185602, -35.836891782658256 ], [ -57.695106803094689, -35.85811704854234 ], [ -57.695185311227021, -35.858126668399791 ], [ -57.701424672640769, -35.848858170032145 ], [ -57.705577042885238, -35.839781519232304 ], [ -57.733338351785108, -35.823875289348848 ], [ -57.712646218889518, -35.857514776650532 ], [ -57.712681281710786, -35.857545610625834 ], [ -57.712506649782711, -35.858122090339293 ], [ -57.712520873302481, -35.858177771563533 ], [ -57.716271025448179, -35.862089129711592 ], [ -57.719832083785434, -35.87228366476262 ], [ -57.726546230645113, -35.881747439990988 ], [ -57.728649782977755, -35.892125420958848 ], [ -57.728653532448106, -35.892142517333468 ], [ -57.729320780247633, -35.893505463611348 ], [ -57.729323827167377, -35.893520975745503 ], [ -57.721638072294752, -35.908395052737262 ], [ -57.725799141384869, -35.923145536816151 ], [ -57.725781216304938, -35.923175929599836 ], [ -57.725742125890918, -35.923259163047874 ], [ -57.727139832690398, -35.924514030746877 ], [ -57.731294653688849, -35.924026919829771 ], [ -57.731313403678769, -35.923997392524541 ], [ -57.731339514771491, -35.923916941483128 ], [ -57.735571676360166, -35.923427991379356 ], [ -57.741793090305862, -35.920111750131809 ], [ -57.742842937740363, -35.924455114446573 ], [ -57.747011140472466, -35.923817304596412 ], [ -57.74581281054742, -35.919864833642862 ], [ -57.745819103967165, -35.919830355318823 ], [ -57.768435081949178, -35.918273649385696 ], [ -57.769755328003612, -35.918337273303223 ], [ -57.769794130301875, -35.918359345324575 ], [ -57.769858707744106, -35.918396043914242 ], [ -57.769860652040734, -35.918394997277176 ], [ -57.769869612485934, -35.918388380101192 ], [ -57.769944566246807, -35.918394216589661 ], [ -57.769946101307767, -35.918394775764568 ], [ -57.769948677380455, -35.918394991638934 ], [ -57.769952415324383, -35.918395967971094 ], [ -57.771961106326728, -35.917937797550906 ], [ -57.77203661027346, -35.917920632349649 ], [ -57.773355383857904, -35.91724048221522 ], [ -57.772648608411032, -35.916687065991255 ], [ -57.772640533974197, -35.916679194431936 ], [ -57.772055246455466, -35.91606080926033 ], [ -57.771988365157654, -35.916076014173143 ], [ -57.77027729844383, -35.914827020594998 ], [ -57.768074472958403, -35.902798921738508 ], [ -57.768071383405982, -35.902786245407412 ], [ -57.766719656815042, -35.883621844113236 ], [ -57.774703302643047, -35.880012624299809 ], [ -57.769635668467174, -35.877011671562059 ], [ -57.766515101390894, -35.87672902037184 ], [ -57.766496414390588, -35.876713064347257 ], [ -57.76647018728778, -35.876708166232277 ], [ -57.766459490249986, -35.876684849254502 ], [ -57.765370219655722, -35.875967674159654 ], [ -57.762345410173509, -35.875619376575457 ], [ -57.754349337874487, -35.876082957313429 ], [ -57.754318707934033, -35.876110229802237 ], [ -57.754297421445983, -35.876097792000792 ], [ -57.754123712830392, -35.87606999976515 ], [ -57.750727520447185, -35.876529843312994 ], [ -57.744746602963346, -35.880014056002835 ], [ -57.743775008360274, -35.878418064866196 ], [ -57.743099179366766, -35.870847229066896 ], [ -57.743804122234565, -35.866839598329079 ], [ -57.743749901135857, -35.860489956758499 ], [ -57.745103461981216, -35.852672353614082 ], [ -57.745499190656119, -35.847289476906781 ], [ -57.748957360491033, -35.842295954701456 ], [ -57.750547045114217, -35.840000477252261 ], [ -57.750556619872611, -35.839985976328535 ], [ -57.752342429583109, -35.835123803565352 ], [ -57.743737379648564, -35.823229598586295 ], [ -57.742134114738917, -35.82107591720586 ], [ -57.741894777529239, -35.820786921901743 ], [ -57.740571942769975, -35.819364127574033 ], [ -57.742225672842437, -35.819006792915104 ], [ -57.742286154649264, -35.819026166598235 ], [ -57.745789228444039, -35.817809503706997 ], [ -57.746875073079309, -35.817277208288829 ], [ -57.765395299829038, -35.811614529102201 ], [ -57.768094215584085, -35.809861218996332 ], [ -57.768165429823398, -35.80984525399748 ], [ -57.769639371215533, -35.815617955877542 ], [ -57.781846176916417, -35.816517858977136 ], [ -57.784669010136668, -35.805772183672104 ], [ -57.784637714230655, -35.805747030721648 ], [ -57.784427808130658, -35.804044033058119 ], [ -57.784070402570308, -35.801144443986345 ], [ -57.784023191619099, -35.801103483079601 ], [ -57.783012489665282, -35.800918115547518 ], [ -57.782968695313855, -35.800878967421056 ], [ -57.781546332635457, -35.798638188745997 ], [ -57.781172533401957, -35.79533131489643 ], [ -57.786023192221535, -35.797600934723675 ], [ -57.78653561840008, -35.797465317048818 ], [ -57.78659178733102, -35.797485177574345 ], [ -57.787439869218304, -35.799006037049367 ], [ -57.796578250158575, -35.798262698722226 ], [ -57.798827160879512, -35.796361255600971 ], [ -57.798420828481369, -35.795975842866369 ], [ -57.798483613621556, -35.795935939501362 ], [ -57.798777605966791, -35.795655537842151 ], [ -57.800274657387149, -35.795683037178833 ], [ -57.800359548402582, -35.796091399397255 ], [ -57.801161429284207, -35.798965349750517 ], [ -57.81052842114218, -35.80329576370292 ], [ -57.810776986341352, -35.803152335452069 ], [ -57.810816900472275, -35.803158867439436 ], [ -57.810867533158444, -35.803202151182859 ], [ -57.810924355671432, -35.803178844939282 ], [ -57.810961606155615, -35.803182457639537 ], [ -57.812681351508672, -35.802300175634684 ], [ -57.81398099898712, -35.802827956159092 ], [ -57.814020058114977, -35.802820306527167 ], [ -57.815554090316709, -35.80347179648345 ], [ -57.820005269812782, -35.801122178568278 ], [ -57.820085243471226, -35.801072040003419 ], [ -57.820101538089943, -35.801088959821868 ], [ -57.825774656530825, -35.800847988222756 ], [ -57.839843238666731, -35.789753138128276 ], [ -57.840263706520318, -35.788812018195983 ], [ -57.853877116406977, -35.778462859354249 ], [ -57.853850266164159, -35.778427552050971 ], [ -57.853851549077035, -35.778400602888667 ], [ -57.846070555464848, -35.749397107987988 ], [ -57.846024036865856, -35.74937294638795 ], [ -57.838973237188043, -35.738825495097728 ], [ -57.838604526564154, -35.738688165612984 ], [ -57.836370400980513, -35.738131987144982 ], [ -57.836502778339991, -35.733876343663042 ], [ -57.836499498487683, -35.733861190593302 ], [ -57.837136113280735, -35.732148024275943 ], [ -57.840360030952127, -35.729511867119811 ], [ -57.842610885887552, -35.722880239458505 ], [ -57.843686741370561, -35.722687431896759 ], [ -57.847537234315951, -35.723609524279027 ], [ -57.849008568102022, -35.722878770628029 ], [ -57.852812135099384, -35.72136918125392 ], [ -57.852846336802031, -35.721365421230928 ], [ -57.852713244365134, -35.723369078051121 ], [ -57.86242617181972, -35.723912354832294 ], [ -57.865520777653103, -35.72476603143599 ], [ -57.882600356791727, -35.72420318676825 ], [ -57.890740529010259, -35.715845920780396 ], [ -57.897672003264972, -35.714919705356181 ], [ -57.898063913468206, -35.697578566554114 ], [ -57.901580506416678, -35.694571432793452 ], [ -57.901721155295263, -35.694205303641297 ], [ -57.905936882884703, -35.692580498146356 ], [ -57.924895139432351, -35.69955031540934 ], [ -57.934118583785789, -35.689291514438139 ], [ -57.93423689400953, -35.678460785900995 ], [ -57.923421159471673, -35.666516059469132 ], [ -57.923112253696218, -35.666192780588233 ], [ -57.921095655727981, -35.664574487737639 ], [ -57.920303561682317, -35.663073028424776 ], [ -57.923574015332349, -35.663630047138497 ], [ -57.925178097133596, -35.662661003636345 ], [ -57.945635219388009, -35.651428030498721 ], [ -57.943798977229335, -35.64108488617228 ], [ -57.945992746885565, -35.638205977545852 ], [ -57.945998488873443, -35.63817703697822 ], [ -57.946300829789664, -35.638183125143655 ], [ -57.946150588826868, -35.638006842383732 ], [ -57.946156545104827, -35.637977595939731 ], [ -57.946214926340588, -35.637904946318258 ], [ -57.950104437392156, -35.629829352579122 ], [ -57.950246451739019, -35.62964613466761 ], [ -57.950423600563227, -35.629417581210646 ], [ -57.950423789604088, -35.629410113562813 ], [ -57.950610158529742, -35.629059068399215 ], [ -57.95060967001848, -35.629050322313333 ], [ -57.950734755902431, -35.62882177267943 ], [ -57.95073423619948, -35.628812191044062 ], [ -57.95077710426466, -35.62874076347947 ], [ -57.950776540486572, -35.628730898486992 ], [ -57.951012167666363, -35.628287806583671 ], [ -57.951011544648452, -35.628276346447365 ], [ -57.951254282406182, -35.62781151665439 ], [ -57.951777694432906, -35.626939682512727 ], [ -57.957368402576151, -35.619319163260968 ], [ -57.959625842167782, -35.616091356860068 ], [ -57.959647900744699, -35.616031710766663 ], [ -57.961654122551238, -35.61420732002091 ], [ -57.963839139209256, -35.611612770963006 ], [ -57.96385175969516, -35.611608199006071 ], [ -57.965871589971243, -35.610304341228129 ], [ -57.965875398120602, -35.610307391486913 ], [ -57.966675606564934, -35.609782854103628 ], [ -57.967007384918077, -35.609913022975661 ], [ -57.966976903542786, -35.609968532327002 ], [ -57.96705302408418, -35.610013012192212 ], [ -57.966883370191113, -35.610605080346545 ], [ -57.966876934807885, -35.610616798307262 ], [ -57.966750824450799, -35.610731709319452 ], [ -57.966402640597153, -35.611559786727696 ], [ -57.966406570130459, -35.611570208773571 ], [ -57.965655779991607, -35.613378724735639 ], [ -57.966325257086339, -35.614329632003148 ], [ -57.966752876301484, -35.615795798241606 ], [ -57.966734953267292, -35.615844055649461 ], [ -57.967131696292256, -35.617801446834051 ], [ -57.968402167082843, -35.620793008570502 ], [ -57.969142244626084, -35.623118930865644 ], [ -57.977477170067402, -35.637191507295938 ], [ -57.97878172349624, -35.639393430856387 ], [ -57.979152965670551, -35.641645961418646 ], [ -57.979991967597641, -35.644444032966533 ], [ -57.977575475675394, -35.671909916957361 ], [ -57.977519044021676, -35.673431129310586 ], [ -57.97751990148987, -35.673431203255006 ], [ -57.977523316475583, -35.673447813653183 ], [ -57.977524136360216, -35.673447893184402 ], [ -57.977286636807378, -35.67381253785237 ], [ -57.974653042507498, -35.688094206534629 ], [ -57.972839454648863, -35.690395405586401 ], [ -57.984018841521788, -35.715326467093121 ], [ -57.983918560012398, -35.716049283025711 ], [ -57.975060386388066, -35.736077161292144 ], [ -57.975814795368535, -35.737072807740276 ], [ -57.977727677369842, -35.755035335383184 ], [ -57.980835412977001, -35.75757971402038 ], [ -57.982874545519223, -35.760115415071368 ], [ -58.016744398828848, -35.810100213623855 ], [ -58.01700773097258, -35.81037928609345 ], [ -58.018067451572222, -35.81120746032343 ], [ -58.018739608474277, -35.812336362705594 ], [ -58.022977639395833, -35.823634554322553 ], [ -58.020545542980301, -35.820475655766643 ], [ -58.032543755361985, -35.87091469295882 ], [ -58.032561099438794, -35.870927662245947 ], [ -58.031575812887866, -35.872579826382207 ], [ -58.032232434114349, -35.872828881663622 ], [ -58.032239351633166, -35.872841742460366 ], [ -58.033150468804592, -35.877150642889546 ], [ -58.0382094101044, -35.875891187863317 ], [ -58.038241435427778, -35.875862806722239 ], [ -58.040121786225484, -35.875403002352641 ], [ -58.041143621108063, -35.875100704124236 ], [ -58.042316527735011, -35.874781404760938 ], [ -58.042344738801205, -35.87477905962885 ], [ -58.042942865288126, -35.874325255005715 ], [ -58.042968994900207, -35.87432241534782 ], [ -58.043349376381798, -35.874551827797632 ], [ -58.043172533864549, -35.875684047771415 ], [ -58.042304910243331, -35.879632463769838 ], [ -58.039121824829067, -35.892469361246015 ], [ -58.03501593706477, -35.897981356687637 ], [ -58.0349910543639, -35.897984556415565 ], [ -58.028400669149391, -35.905164336153575 ], [ -58.024463622210874, -35.909954492168993 ], [ -58.023871037990489, -35.911374562999697 ], [ -58.023807273047396, -35.911395770198965 ], [ -58.023610509368268, -35.911786545407097 ], [ -58.023552758757489, -35.911828274894503 ], [ -58.022859184069489, -35.913270132167895 ], [ -58.021697871122797, -35.915138443568594 ], [ -58.016141767948739, -35.929771053538957 ], [ -58.019639217957717, -35.960825518103888 ], [ -58.019706696478693, -35.960860802511661 ], [ -58.036615017115025, -35.964163204274485 ], [ -58.048810734364338, -35.966545163638159 ], [ -58.055945913821404, -35.965025482976046 ], [ -58.061778026891318, -35.964657860560692 ], [ -58.07069653807963, -35.963644481005588 ], [ -58.070730749789789, -35.963604630947827 ], [ -58.078878161517196, -35.962310765008283 ], [ -58.078888849539965, -35.962355118858341 ], [ -58.078635675421992, -35.963040103839148 ], [ -58.078637495023827, -35.963050685255496 ], [ -58.079346810892616, -35.962457982113278 ], [ -58.081222476938024, -35.962721530760007 ], [ -58.086914879112555, -35.959884496907819 ], [ -58.106176555268576, -35.954839299064133 ], [ -58.107684485375046, -35.945497658742511 ], [ -58.12849516014694, -35.930714305384754 ], [ -58.128514226506354, -35.930696313779492 ], [ -58.129836057935449, -35.925218256660003 ], [ -58.12985856475774, -35.925199745713826 ], [ -58.156741406390665, -35.909725624488885 ], [ -58.172644286307502, -35.941075606959714 ], [ -58.177171861835859, -35.952923590567593 ], [ -58.193315454191747, -35.948210916294556 ], [ -58.211742755423018, -35.942896141402173 ], [ -58.212062929125466, -35.942841752520621 ], [ -58.218933504125062, -35.927559292560431 ], [ -58.225043213597019, -35.919501261994583 ], [ -58.225061299558831, -35.919511804027366 ], [ -58.249007898258185, -35.905027936270812 ], [ -58.241501620600957, -35.887490753179065 ], [ -58.241502999049317, -35.887488121163585 ], [ -58.265325661957888, -35.888485011796831 ], [ -58.272595366635699, -35.893253326205468 ], [ -58.27262903163421, -35.893283621465798 ], [ -58.298183434430996, -35.889408856177965 ], [ -58.311662962691059, -35.881159980466862 ], [ -58.317427224223252, -35.881042978555229 ], [ -58.326519361477438, -35.880274928630172 ], [ -58.33311028798181, -35.881287698556207 ], [ -58.333126341368086, -35.881287887503504 ], [ -58.335808051988124, -35.879775800601124 ], [ -58.335823466445504, -35.879760179436062 ], [ -58.341617897361743, -35.875851897051234 ], [ -58.350884518108501, -35.871707668827867 ], [ -58.35094689804248, -35.87168207766706 ], [ -58.360053544545963, -35.862608219656124 ], [ -58.360068060537742, -35.862622562464367 ], [ -58.36034012824291, -35.862613409242499 ], [ -58.360355355201818, -35.86262745132899 ], [ -58.3675993203492, -35.863349399086644 ], [ -58.379478642528909, -35.862493196382729 ], [ -58.386070900847074, -35.861344445529426 ], [ -58.386115547830059, -35.861326782023582 ], [ -58.406669379078608, -35.857701999488199 ], [ -58.406679120241051, -35.857689014297137 ], [ -58.407710158336045, -35.857479455865644 ], [ -58.412756713126214, -35.854358198293539 ], [ -58.412791242681749, -35.854344372449759 ], [ -58.412931737881706, -35.854334834140502 ], [ -58.413924498877691, -35.854171460127702 ], [ -58.418492898785189, -35.850652319866981 ], [ -58.418315956026447, -35.849862247158683 ], [ -58.418372383710221, -35.849792940430063 ], [ -58.41840258809674, -35.849789284437293 ], [ -58.423020002914654, -35.847011708797936 ], [ -58.421707812859154, -35.852706619149387 ], [ -58.421685294103781, -35.85288381756817 ], [ -58.414788727764801, -35.863105393424746 ], [ -58.414753527302537, -35.863165277800704 ], [ -58.413877499933221, -35.863282910473288 ], [ -58.413556317330801, -35.86327244908972 ], [ -58.412097772029654, -35.864523716905126 ], [ -58.406186782900818, -35.870452579033554 ], [ -58.393637562934884, -35.879269061122102 ], [ -58.393635576550139, -35.87928313404467 ], [ -58.390528045120448, -35.881444399109284 ], [ -58.390508859052943, -35.88145830211505 ], [ -58.366950965597937, -35.882160942889072 ], [ -58.366946558008294, -35.882154947414733 ], [ -58.362017344765036, -35.884453496239416 ], [ -58.358171805212521, -35.886246713256696 ], [ -58.350880727391313, -35.898692797774629 ], [ -58.34508270348249, -35.91051899578423 ], [ -58.342667221810586, -35.920851373649157 ], [ -58.342402795415296, -35.922729039159378 ], [ -58.341474663943984, -35.923614000122996 ], [ -58.341461006767702, -35.923627094913229 ], [ -58.340087581380715, -35.930182984023816 ], [ -58.340089251499137, -35.930289412587456 ], [ -58.335272043618829, -35.95350041758104 ], [ -58.334156070202027, -35.958877570735524 ], [ -58.336994506418762, -35.969020552419124 ], [ -58.336998424211686, -35.969036599447122 ], [ -58.327050602957058, -35.97108948546429 ], [ -58.323853388290672, -35.967342010403968 ], [ -58.323790007095113, -35.967304696268002 ], [ -58.323655619644001, -35.967286588830859 ], [ -58.323598225853914, -35.967240559691163 ], [ -58.269790410943074, -35.979423192078514 ], [ -58.243512151210155, -36.009134494400655 ], [ -58.235542332103876, -36.015415350329988 ], [ -58.231310155636379, -36.044482505072324 ], [ -58.231308816486091, -36.044484790020306 ], [ -58.230698309084005, -36.044896157049266 ], [ -58.208300387120403, -36.054260407038953 ], [ -58.205364864492594, -36.100762982711785 ], [ -58.226195539458615, -36.105262183674142 ], [ -58.226869568500433, -36.112700583416427 ], [ -58.227836150804308, -36.123290373095301 ], [ -58.227883058889461, -36.123329738328209 ], [ -58.228111136284554, -36.133215652887657 ], [ -58.228164414662785, -36.13326243306409 ], [ -58.2288941156595, -36.139164951248802 ], [ -58.228675855392567, -36.141613362286421 ], [ -58.228620741044267, -36.141584037733708 ], [ -58.224048560980464, -36.13989781345208 ], [ -58.224010297396546, -36.139901360853116 ], [ -58.222265565707801, -36.14038639701181 ], [ -58.217595135411955, -36.139282014025241 ], [ -58.215617101772523, -36.137046105695106 ], [ -58.213854328006278, -36.136160453534615 ], [ -58.208401527847229, -36.137736374328028 ], [ -58.203641652187628, -36.137036305059326 ], [ -58.203610827577677, -36.137016280297587 ], [ -58.173544041785021, -36.126869688035015 ], [ -58.157349794331139, -36.124586929657312 ], [ -58.157318334602905, -36.12457568560086 ], [ -58.137734988337229, -36.123187936265424 ], [ -58.102113378106822, -36.150267159537407 ], [ -58.101628237903697, -36.151097075456846 ], [ -58.101627254044217, -36.151101460368125 ], [ -58.101547041422691, -36.151383774415933 ], [ -58.100439273359996, -36.151948812647674 ], [ -58.092393930246146, -36.160060854772212 ], [ -58.088306489977924, -36.158622588022581 ], [ -58.088331809991303, -36.158572471705895 ], [ -58.08768582153607, -36.158311368151146 ], [ -58.08685359944559, -36.15794020208233 ], [ -58.08682385219231, -36.157999081307196 ], [ -58.085718006433183, -36.158882701195807 ], [ -58.063035127143735, -36.160507180896445 ], [ -58.063006477578995, -36.1605162151385 ], [ -58.057943210922986, -36.157533671413603 ], [ -58.059320411534145, -36.207326917890953 ], [ -58.065770851355978, -36.217510822551844 ], [ -58.065775034278261, -36.217544158837768 ], [ -58.068912723006008, -36.223469390952857 ], [ -58.051484840050648, -36.226023374786962 ], [ -58.041983752116948, -36.251970118762358 ], [ -58.044283969662615, -36.258716762196968 ], [ -58.065919699651715, -36.277743587228031 ], [ -58.096667526032888, -36.273440300029165 ], [ -58.096679629675236, -36.273517273767766 ], [ -58.097242218935662, -36.274001693786374 ], [ -58.09724853125374, -36.27400658046264 ], [ -58.097271839876385, -36.273954342804188 ], [ -58.100605079089917, -36.276789187280428 ], [ -58.101405865764491, -36.278765282438428 ], [ -58.102247896263634, -36.279124613297711 ], [ -58.117503687205669, -36.301339682383798 ], [ -58.127449478753192, -36.310526049805276 ], [ -58.128104718405325, -36.314196445418588 ], [ -58.127449005650476, -36.315166755310429 ], [ -58.126740639429499, -36.316196780005271 ], [ -58.117816152801481, -36.328000954314575 ], [ -58.117809945490819, -36.328009946178895 ], [ -58.117774052549748, -36.327978845240523 ], [ -58.113225145928936, -36.325006653887613 ], [ -58.106577034506245, -36.320663897703525 ], [ -58.106485705418663, -36.320591129593936 ], [ -58.106410503175994, -36.320596494376673 ], [ -58.106407205373898, -36.32059695843958 ], [ -58.106426792655839, -36.320674424721062 ], [ -58.113980559474726, -36.328368609804613 ], [ -58.097867935143086, -36.328407539925536 ], [ -58.093585822240243, -36.333576064645399 ], [ -58.100174109394118, -36.365478904886857 ], [ -58.100211786766408, -36.365501972128243 ], [ -58.115381729791295, -36.386376411130016 ], [ -58.115408120697396, -36.386363813979926 ], [ -58.115884223167257, -36.385543785226673 ], [ -58.116332262524963, -36.38605800866884 ], [ -58.118804111377926, -36.391097090828794 ], [ -58.118810138155766, -36.391109781234491 ], [ -58.118840188942727, -36.391162129791098 ], [ -58.117079099089551, -36.391819664805212 ], [ -58.117028968046498, -36.391776186535253 ], [ -58.11495713361262, -36.389973129262216 ], [ -58.114886993983703, -36.389848360016288 ], [ -58.091609027273762, -36.382503775966541 ], [ -58.091558516809926, -36.382472851913462 ], [ -58.043197858794088, -36.404581274140696 ], [ -58.043204058076867, -36.404632531233915 ], [ -58.042432270325889, -36.404906733884275 ], [ -58.041644873756468, -36.405186482074157 ], [ -58.040021295046301, -36.40576329158506 ], [ -58.040092491574626, -36.406180952010232 ], [ -58.036761290447771, -36.407838907166877 ], [ -58.034574838498145, -36.40973104832716 ], [ -58.033754674178056, -36.409307260828371 ], [ -58.033495839580894, -36.409464124047929 ], [ -58.023138957118874, -36.405467293070103 ], [ -58.0221615151832, -36.40497789896807 ], [ -58.017355718861438, -36.396006143186924 ], [ -57.990123695331761, -36.380071944821736 ], [ -57.976335839969124, -36.379621850874287 ], [ -57.972033696269818, -36.41973402519875 ], [ -58.007094284276718, -36.425136288961312 ], [ -58.001052446328003, -36.436259634167925 ], [ -58.016639518427326, -36.455901216749226 ], [ -58.020564526884868, -36.459117044551022 ], [ -58.038185035954939, -36.474615391930172 ], [ -58.057386255969107, -36.503437189882618 ], [ -58.057443784537156, -36.503453408927953 ], [ -58.07046132993014, -36.508921951394882 ], [ -58.071728570462199, -36.509644916343859 ], [ -58.077850841442967, -36.51943621197006 ], [ -58.077873694335949, -36.51946737289768 ], [ -58.081520535133222, -36.521628228786653 ], [ -58.077493114734011, -36.525870710578488 ], [ -58.073947113261795, -36.527367932552352 ], [ -58.073944405288159, -36.52735192596765 ], [ -58.067366004214023, -36.53377959369061 ], [ -58.063318688210643, -36.534877437782256 ], [ -58.056629414964391, -36.528011573738468 ], [ -58.051899129626577, -36.527363401022001 ], [ -58.051863469269051, -36.527343872888821 ], [ -58.046816046136087, -36.527602734471941 ], [ -58.035104617452703, -36.530472422082255 ], [ -58.029672781549664, -36.533797993722601 ], [ -58.020040954555554, -36.535000042918512 ], [ -57.990043797513579, -36.538743698428902 ], [ -57.989775253890059, -36.539629839296538 ], [ -57.989598089109791, -36.539195318142561 ], [ -57.989527404800299, -36.539021955086469 ], [ -57.98947205964464, -36.538886213442652 ], [ -57.989444576657093, -36.538818807952509 ], [ -57.989444336475344, -36.538818698281659 ], [ -57.989444393795111, -36.53881846361628 ], [ -57.989444138140527, -36.538818413653757 ], [ -57.938216456724547, -36.546352838795769 ], [ -57.937883350187008, -36.548905244074035 ], [ -57.93760595971753, -36.548831289844884 ], [ -57.938081619321053, -36.560253720115782 ], [ -57.951868531041271, -36.56710216497487 ], [ -57.952162939507843, -36.567134573872238 ], [ -57.960406149894652, -36.571243786643265 ], [ -57.967381802095304, -36.574814785789954 ], [ -57.975790832287146, -36.578990718981117 ], [ -57.98262180644582, -36.582510801860337 ], [ -57.98846753759392, -36.58552317718852 ], [ -57.993153705592135, -36.587811084310601 ], [ -57.999014555701081, -36.59086726145307 ], [ -57.998864990592324, -36.590966005823987 ], [ -57.989698038564995, -36.595278905672956 ], [ -57.982908753772335, -36.594258627768966 ], [ -57.98287545907823, -36.594282736503317 ], [ -57.977198091823595, -36.593434434365179 ], [ -57.958814818437361, -36.62131819697197 ], [ -57.958747861241591, -36.621331043202531 ], [ -57.958076314373159, -36.621585373060611 ], [ -57.955965522207691, -36.623118087455566 ], [ -57.921754765807918, -36.631125316195721 ], [ -57.913648723078779, -36.652137348501469 ], [ -57.916066457021316, -36.657167892485404 ], [ -57.908487858062813, -36.703776698532238 ], [ -57.91100143106047, -36.711885218113878 ], [ -57.920673949181946, -36.723404667062823 ], [ -57.923268926692685, -36.72522528659556 ], [ -57.918693737336582, -36.733200137924769 ], [ -57.91826020173869, -36.734048524289733 ], [ -57.913028486838186, -36.735390186255245 ], [ -57.913000282387486, -36.735411189869581 ], [ -57.910721819396599, -36.738183794936617 ], [ -57.909356482970395, -36.749475571923824 ], [ -57.914279869478435, -36.759779553848318 ], [ -57.915314150723191, -36.764555654720823 ], [ -57.918866139107593, -36.777895879847506 ], [ -57.918865819574307, -36.777902298435208 ], [ -57.911421089710416, -36.775882602398212 ], [ -57.911390152191416, -36.775853919440692 ], [ -57.903072407116099, -36.771915516126739 ], [ -57.892310315022257, -36.767975693823416 ], [ -57.892262488914469, -36.76794567081356 ], [ -57.888701910794225, -36.756144469630613 ], [ -57.891830673964819, -36.755641050987663 ], [ -57.891460809988303, -36.754656672012629 ], [ -57.885319104501548, -36.742017007683728 ], [ -57.88530399578724, -36.741980918683169 ], [ -57.877687344308924, -36.735783519644428 ], [ -57.867423304196961, -36.735311165314158 ], [ -57.860920345330555, -36.736798708489687 ], [ -57.854614689208574, -36.739386743236594 ], [ -57.850401259295438, -36.750224919136656 ], [ -57.852088341113074, -36.773857221941967 ], [ -57.850788652929737, -36.792280127263894 ], [ -57.850809572134267, -36.792304189199797 ], [ -57.854802235805323, -36.797673938488401 ], [ -57.863720067238546, -36.805921257848979 ], [ -57.865832650912751, -36.809445173834035 ], [ -57.866834018573002, -36.811028671410781 ], [ -57.871054179104988, -36.814450343847511 ], [ -57.888695826175478, -36.829019138859678 ], [ -57.893677003804328, -36.829535263781679 ], [ -57.893721360284133, -36.829494765418019 ], [ -57.904489012914382, -36.830948722852725 ], [ -57.907459091511669, -36.836785285325504 ], [ -57.907423899338312, -36.837261506530922 ], [ -57.907437025349338, -36.837262109244705 ], [ -57.907336845260772, -36.839145090382999 ], [ -57.907129403036038, -36.842984323811493 ], [ -57.907417374659133, -36.845026272367534 ], [ -57.906947983831856, -36.846307860029924 ], [ -57.906893974188336, -36.846329515980301 ], [ -57.906797292878252, -36.848611489959126 ], [ -57.906063762639576, -36.848560394040021 ], [ -57.906030175131946, -36.848585983490636 ], [ -57.905973803416657, -36.849412361701127 ], [ -57.905934810364499, -36.849441721128017 ], [ -57.90543868934725, -36.851336658719845 ], [ -57.905474052263912, -36.85332902588425 ], [ -57.905526924217668, -36.853330939261696 ], [ -57.905525403365061, -36.853373319772288 ], [ -57.90554455001876, -36.853945256738484 ], [ -57.905293873175822, -36.853937820606063 ], [ -57.904927239734832, -36.853907036559463 ], [ -57.904977674695203, -36.859711492955739 ], [ -57.905018923667001, -36.859852848374203 ], [ -57.903168667690295, -36.865599989449777 ], [ -57.902682325375679, -36.867679012833719 ], [ -57.901788149731772, -36.871313608719731 ], [ -57.898047732656039, -36.882468627311255 ], [ -57.8967823994833, -36.883713961057765 ], [ -57.896585404539053, -36.884883594390374 ], [ -57.89323674957285, -36.884966111263054 ], [ -57.890449730988848, -36.898910509281222 ], [ -57.889283561466755, -36.901434070407049 ], [ -57.889288888692931, -36.901452080803608 ], [ -57.888095865589605, -36.906784559567768 ], [ -57.888307364638138, -36.910342894471853 ], [ -57.886118101962609, -36.918105950554491 ], [ -57.88608802550084, -36.918113967755176 ], [ -57.886086402055128, -36.918160962395916 ], [ -57.884682455788038, -36.919462264297181 ], [ -57.88467092171453, -36.919513624809554 ], [ -57.88639084095314, -36.926221440731524 ], [ -57.882327414219901, -36.930093287701141 ], [ -57.882218599672683, -36.935317707585511 ], [ -57.882204817261538, -36.935366289904209 ], [ -57.88216591736898, -36.939225935083755 ], [ -57.882132553501208, -36.94253499830063 ], [ -57.88212086294817, -36.942576685874712 ], [ -57.882120059376291, -36.945051994847972 ], [ -57.891353947178345, -36.960332312156311 ], [ -57.891736202937807, -36.962786695486045 ], [ -57.891718854991154, -36.962834171596683 ], [ -57.892387723040656, -36.966811813997538 ], [ -57.892377190060301, -36.966849573643515 ], [ -57.898607340096532, -36.997310394590727 ], [ -57.898895617208325, -36.999595883391692 ], [ -57.898907510610059, -36.999607410898193 ], [ -57.899195430062491, -37.002038984693911 ], [ -57.896881642078711, -37.006272465738789 ], [ -57.922972998000887, -37.05200322660869 ], [ -57.929322148326207, -37.051321009707692 ], [ -57.950338273777618, -37.056557724928098 ], [ -57.950407626014794, -37.056548274332386 ], [ -57.963425280370132, -37.048450742067246 ], [ -57.974221132856769, -37.046496608880659 ], [ -57.984269433528766, -37.044525234525622 ], [ -57.984329042696402, -37.044476287648763 ], [ -57.984697748985297, -37.044467636028912 ], [ -57.985134247089889, -37.044486120134252 ], [ -57.98596211238015, -37.044110521390166 ], [ -57.98608732379347, -37.045382554526952 ], [ -57.985859028938819, -37.045695088702359 ], [ -57.985857901484849, -37.045746845098336 ], [ -57.984560481748417, -37.05374596157003 ], [ -57.984512709353055, -37.053781641706564 ], [ -57.983371385678197, -37.060636380688493 ], [ -57.9833335248494, -37.060661511532771 ], [ -57.983295669731149, -37.060875997235371 ], [ -57.983321522103211, -37.060898344582711 ], [ -58.009683004420992, -37.077805771594399 ], [ -58.013342848617128, -37.078490507360357 ], [ -58.01338522041442, -37.078524890251799 ], [ -58.018863463610899, -37.079956037202351 ], [ -58.018912339733959, -37.07999909783274 ], [ -58.018945122647949, -37.080004142280359 ], [ -58.018959136985018, -37.080004845877056 ], [ -58.026065901743664, -37.082102123044194 ], [ -58.054928412543234, -37.087027167026804 ], [ -58.068502625553322, -37.089300149436895 ], [ -58.07582148196667, -37.092030186898 ], [ -58.116412642902617, -37.110811709234554 ], [ -58.117695521513326, -37.111180883414761 ], [ -58.130609695648843, -37.114466130302446 ], [ -58.118756414561233, -37.11537478203968 ], [ -58.118752416854534, -37.115376888253081 ], [ -58.117666427314361, -37.114963379366941 ], [ -58.116321490335338, -37.114651518436062 ], [ -58.068829462101974, -37.115267701757432 ], [ -58.064403296286969, -37.11512052641973 ], [ -58.064333959938494, -37.115107020077801 ], [ -58.063817166215358, -37.115072215643295 ], [ -58.063748583244092, -37.11505524201624 ], [ -58.062977462228332, -37.114990626081521 ], [ -58.057836913640017, -37.113732127140111 ], [ -58.043339091792802, -37.11360353832913 ], [ -58.043272063289237, -37.11359440478401 ], [ -58.042642836090124, -37.112668398597066 ], [ -58.015290691869723, -37.112535644151933 ], [ -58.015135857310668, -37.112553314271338 ], [ -58.015071566789914, -37.112552323296939 ], [ -57.980504931534654, -37.132433156731111 ], [ -57.931847152919886, -37.141212282826132 ], [ -57.907477389085784, -37.147508508959106 ], [ -57.907347059506492, -37.152304396907027 ], [ -57.909281126533926, -37.166579647201331 ], [ -57.883348175684432, -37.169717459058006 ], [ -57.879618460406448, -37.169210675805573 ], [ -57.879135145667817, -37.169935389686657 ], [ -57.876999977228706, -37.169610780876496 ], [ -57.840120069720285, -37.169655173950048 ], [ -57.834818201810322, -37.176006427360107 ], [ -57.829828363739409, -37.18384083386195 ], [ -57.826348466573165, -37.188542246997031 ], [ -57.825005431587556, -37.190675806569686 ], [ -57.824999633191737, -37.19069636342175 ], [ -57.824995672982084, -37.190732313524791 ], [ -57.821269538439992, -37.196646317675118 ], [ -57.822392545654054, -37.20595279212273 ], [ -57.823478634209607, -37.20597419357523 ], [ -57.823297600889703, -37.207450811762328 ], [ -57.827288645289286, -37.216591837710439 ], [ -57.822182860798989, -37.219932122323712 ], [ -57.820139744459595, -37.221284908457847 ], [ -57.817382788849727, -37.221823741838591 ], [ -57.815313716474861, -37.224197291564678 ], [ -57.791877136901633, -37.243918773511496 ], [ -57.789997821472411, -37.246780015046397 ], [ -57.788303063582475, -37.249360266674216 ], [ -57.786409307878671, -37.25224353791981 ], [ -57.786405319765265, -37.252245571934964 ], [ -57.786397136763014, -37.252261703969964 ], [ -57.786376795288902, -37.252333559103022 ], [ -57.786372875569043, -37.25233581158335 ], [ -57.785199678338302, -37.254595115292204 ], [ -57.785178874735948, -37.25466901101754 ], [ -57.784020610802088, -37.256914163890769 ], [ -57.783997682828272, -37.25695016371867 ], [ -57.783976450571515, -37.257025996246682 ], [ -57.783840317236411, -37.257235388704089 ], [ -57.783825307787254, -37.257132690031654 ], [ -57.783639228016739, -37.255590724193894 ], [ -57.783575869713161, -37.255060432243397 ], [ -57.783029189602019, -37.255285386990465 ], [ -57.783049668173021, -37.255215554632343 ], [ -57.783296022929733, -37.254220392911691 ], [ -57.782114718729417, -37.249697099523473 ], [ -57.781081495146907, -37.234984895279467 ], [ -57.771899381158903, -37.222158343371404 ], [ -57.779853069045146, -37.226199780637387 ], [ -57.776993148897191, -37.216082000426297 ], [ -57.775304222852469, -37.215532178841329 ], [ -57.770691832823957, -37.214686993866451 ], [ -57.770636133889695, -37.214686951539079 ], [ -57.766538410824921, -37.214544345453362 ], [ -57.768244370785226, -37.213298560039505 ], [ -57.768223577773824, -37.21324753851286 ], [ -57.769803749280982, -37.212269164812255 ], [ -57.770153036050715, -37.212188106126234 ], [ -57.778334205966019, -37.205431534321633 ], [ -57.778608999536061, -37.197298811710368 ], [ -57.77472065756632, -37.183736393066908 ], [ -57.774302122412678, -37.18115286853714 ], [ -57.774268529596668, -37.181150666468852 ], [ -57.774264625842477, -37.181136745220954 ], [ -57.773786747474844, -37.179904303776595 ], [ -57.767631779410124, -37.153149498550192 ], [ -57.764677773631888, -37.153248301805718 ], [ -57.741137427562023, -37.155850150052459 ], [ -57.748741351038689, -37.134298628312877 ], [ -57.748855191597727, -37.133962083214954 ], [ -57.724260908416682, -37.142648213659186 ], [ -57.713413424683552, -37.139083344193352 ], [ -57.706255721553077, -37.139071077143569 ], [ -57.696977425327873, -37.143511908913069 ], [ -57.689370667136188, -37.152337485688179 ], [ -57.661786311541221, -37.169331841495193 ], [ -57.654534939719099, -37.195417326916527 ], [ -57.667401932512462, -37.203977770288986 ], [ -57.683122149272378, -37.207352537505983 ], [ -57.693429515896753, -37.206670446072053 ], [ -57.718918134613546, -37.215037118879764 ], [ -57.717053477617981, -37.218478204953385 ], [ -57.717059150200498, -37.218482426463709 ], [ -57.697034796303228, -37.256352796354577 ], [ -57.691734614870541, -37.254712510294951 ], [ -57.691127450714873, -37.255072254177719 ], [ -57.690511524308192, -37.255462176493324 ], [ -57.687603787456396, -37.256471012383429 ], [ -57.670125701811571, -37.254678208943005 ], [ -57.670090552087004, -37.254674974411387 ], [ -57.667028608760802, -37.254456938365308 ], [ -57.654033585893558, -37.26160772923663 ], [ -57.650795023196395, -37.260788306214749 ], [ -57.633618110766292, -37.267783051462516 ], [ -57.633157066786964, -37.268084506750085 ], [ -57.633029098501197, -37.268132943182081 ], [ -57.633031155021513, -37.268395332233354 ], [ -57.633034652043875, -37.268396550372813 ], [ -57.633054107427256, -37.268418384132701 ], [ -57.633054377888755, -37.26841943511522 ], [ -57.637321686673602, -37.270803788185106 ], [ -57.629367951722145, -37.271925263760522 ], [ -57.629292833386671, -37.271913770823176 ], [ -57.628497803576238, -37.271833063214785 ], [ -57.622100792372805, -37.273488289609361 ], [ -57.59488079834739, -37.273083210143227 ], [ -57.594844092741255, -37.273073892416562 ], [ -57.566709818150969, -37.259351531508003 ], [ -57.560824078909206, -37.254690261134385 ], [ -57.560487985181055, -37.254314248224603 ], [ -57.554837667534571, -37.253808120081203 ], [ -57.552627214385268, -37.252482807354909 ], [ -57.534028320397397, -37.245408552475226 ], [ -57.529622994502404, -37.242239648645921 ], [ -57.529559654651621, -37.242233372012151 ], [ -57.520675374662346, -37.238689024341056 ], [ -57.502033912704178, -37.237491868093059 ], [ -57.50027840544135, -37.239402258509415 ], [ -57.500249975964437, -37.239399881867655 ], [ -57.487300492872919, -37.241743305471914 ], [ -57.481522766509784, -37.24174608150048 ], [ -57.481468330691087, -37.241742295565246 ], [ -57.481446278480291, -37.241753197135665 ], [ -57.470395746748011, -37.245154768756947 ], [ -57.469194517650408, -37.245757975711967 ], [ -57.469184732711142, -37.245779768516456 ], [ -57.469129155872565, -37.245765138547199 ], [ -57.465339102580401, -37.25007858670682 ], [ -57.452630263955882, -37.270871281862071 ], [ -57.442998277526101, -37.288555217997953 ], [ -57.441671828952565, -37.288841300672232 ], [ -57.43710615078794, -37.287852125117411 ], [ -57.436170229041807, -37.288337869093198 ], [ -57.436126866056668, -37.288344629617256 ], [ -57.436124916592803, -37.288304177703083 ], [ -57.426063650294282, -37.285450021960969 ], [ -57.421220863805047, -37.284057041922324 ], [ -57.407440423286403, -37.283293049480676 ], [ -57.407423807542159, -37.283308964008768 ], [ -57.405680000512632, -37.283008951339411 ], [ -57.398288742875593, -37.302432257742112 ], [ -57.409933360003549, -37.326415008574315 ], [ -57.425421272521817, -37.341182999064358 ], [ -57.420127267580369, -37.342625934195496 ], [ -57.405352619657776, -37.350421502459199 ], [ -57.393377873141503, -37.355934028699494 ], [ -57.379146401352045, -37.356722680877795 ], [ -57.379098940458505, -37.356731223139889 ], [ -57.365305884406894, -37.367919893336534 ], [ -57.355513710559194, -37.37586312239938 ], [ -57.355490390590376, -37.375886281709143 ], [ -57.340094656052941, -37.394546083427258 ], [ -57.340393076512726, -37.412508125367822 ], [ -57.357488078861024, -37.414834054857977 ], [ -57.357532926189208, -37.414842453467884 ], [ -57.381543019063713, -37.418616830141502 ], [ -57.413433654259393, -37.426149277563468 ], [ -57.432890382117421, -37.429597400751675 ], [ -57.433159942873544, -37.429582357911897 ], [ -57.463220374689286, -37.427234239837446 ], [ -57.483626292884026, -37.414172124133529 ], [ -57.49891741626584, -37.407210216668432 ], [ -57.498977329388197, -37.407239084619391 ], [ -57.517792478082583, -37.408718670751568 ], [ -57.517793486515529, -37.408708879444532 ], [ -57.550694848818239, -37.42013877748883 ], [ -57.556914491265275, -37.405851682325078 ], [ -57.574323484832462, -37.417068918379243 ], [ -57.574348597607582, -37.417074585505929 ], [ -57.586603328586307, -37.420523653483713 ], [ -57.587020314704546, -37.420554551710552 ], [ -57.596380041738314, -37.413468443226748 ], [ -57.596366134696666, -37.413410819721776 ], [ -57.595892393866109, -37.412456860480745 ], [ -57.597421033394312, -37.413398512368474 ], [ -57.597741102882537, -37.41338873825157 ], [ -57.597801232504537, -37.413439152841875 ], [ -57.599002915760991, -37.415064817164136 ], [ -57.598207240907868, -37.414896327430426 ], [ -57.598418447630479, -37.432704850623793 ], [ -57.598389994887839, -37.432748417245648 ], [ -57.589621932046725, -37.442395825288656 ], [ -57.589142128952119, -37.442807393503074 ], [ -57.588596726703599, -37.443636948142398 ], [ -57.588079550019472, -37.443967304307364 ], [ -57.588078022913464, -37.443961150770065 ], [ -57.586226506938431, -37.444834144857737 ], [ -57.586231395443406, -37.444813148385208 ], [ -57.581122242816491, -37.447749141376732 ], [ -57.578233147340427, -37.449497985917958 ], [ -57.578191766616669, -37.449558686290914 ], [ -57.571424740964119, -37.450436807685378 ], [ -57.571407119779678, -37.450440415278081 ], [ -57.553327064294479, -37.448034712023684 ], [ -57.525107884405031, -37.464421597097214 ], [ -57.513406793379772, -37.475775988673149 ], [ -57.512751024086526, -37.500392776288777 ], [ -57.528436030028161, -37.505691490314348 ], [ -57.532538893320464, -37.505429361090876 ], [ -57.53493471382501, -37.505276288794789 ], [ -57.540425878806786, -37.506573061659537 ], [ -57.540715117599063, -37.50754182425635 ], [ -57.548701313675394, -37.524430070137498 ], [ -57.583029632738885, -37.527337087202682 ], [ -57.584508633564496, -37.521820444472837 ], [ -57.584655908366074, -37.519954902529435 ], [ -57.588945335092092, -37.509609430164858 ], [ -57.591640828651748, -37.514188688485604 ], [ -57.591667491532007, -37.514200200004723 ], [ -57.606013230798453, -37.516236230286665 ], [ -57.595437656299566, -37.529199833972598 ], [ -57.595409788908512, -37.529256816049326 ], [ -57.602864542407701, -37.560069118501758 ], [ -57.602855222584594, -37.560127435375477 ], [ -57.616511633652806, -37.590342426008988 ], [ -57.623697457270737, -37.599898452418529 ], [ -57.623720483169222, -37.599928540722203 ], [ -57.622745249030743, -37.603891685706742 ], [ -57.623454238806232, -37.606430179475183 ], [ -57.62341847469537, -37.606461632148523 ], [ -57.623420248842876, -37.606490987772304 ], [ -57.623396696980535, -37.606530254641996 ], [ -57.623410391600089, -37.606558366350157 ], [ -57.623997474642294, -37.610417609358592 ], [ -57.624013008996712, -37.610453107257172 ], [ -57.62520335581371, -37.616739990783742 ], [ -57.627861528461779, -37.621688943331435 ], [ -57.627859841646739, -37.621753918509114 ], [ -57.625670693956408, -37.631898902926537 ], [ -57.625644197765837, -37.631889109320014 ], [ -57.621825408394898, -37.628235828701804 ], [ -57.613783081309521, -37.623602658067966 ], [ -57.61478685398373, -37.636288676520962 ], [ -57.614714588058405, -37.642437891217071 ], [ -57.61472488217953, -37.64243823482343 ], [ -57.61472424797438, -37.642446033493854 ], [ -57.61562331142261, -37.642493176505582 ], [ -57.61567306812708, -37.641859622594211 ], [ -57.616579771627016, -37.640799383762101 ], [ -57.62135821146893, -37.639230450327261 ], [ -57.627188825614382, -37.64138693093895 ], [ -57.62735546478973, -37.641438563578106 ], [ -57.639580523164511, -37.656084510406913 ], [ -57.639628077758971, -37.65644084814295 ], [ -57.639210347078119, -37.656483496811006 ], [ -57.629114301046911, -37.655738939549849 ], [ -57.618489795874837, -37.658218912904886 ], [ -57.618432429287964, -37.658236290784373 ], [ -57.602958454043062, -37.677541233686213 ], [ -57.59959333096549, -37.689483315177995 ], [ -57.599556548873352, -37.689509839088089 ], [ -57.584495663922326, -37.683894351463664 ], [ -57.571877287404789, -37.695520125569487 ], [ -57.571837252917703, -37.695549082289176 ], [ -57.570441840815818, -37.69631050516449 ], [ -57.570401344300535, -37.696339831390503 ], [ -57.565857740390072, -37.700564245973851 ], [ -57.565818989288289, -37.700592204881502 ], [ -57.56169901891252, -37.707914412366392 ], [ -57.562727919356348, -37.723048061605311 ], [ -57.577686344497749, -37.735979808859838 ], [ -57.596173713722749, -37.731656771983978 ], [ -57.634205488574537, -37.743390385982366 ], [ -57.6441507202602, -37.739433902843643 ], [ -57.644136428121556, -37.739484497670901 ], [ -57.644203413505977, -37.739561470307819 ], [ -57.644188732043688, -37.739612914130873 ], [ -57.644214353557686, -37.739613915754376 ], [ -57.645641856067584, -37.743142393241897 ], [ -57.645896026996411, -37.743687463244783 ], [ -57.646048276737645, -37.744024556413478 ], [ -57.646065211707537, -37.744057447349917 ], [ -57.646594528424373, -37.749013424405973 ], [ -57.646798407521203, -37.749438669316532 ], [ -57.643403599821454, -37.753336033581547 ], [ -57.643388433270388, -37.753343842253287 ], [ -57.643144045260044, -37.753544418437059 ], [ -57.642525277721063, -37.754059585950756 ], [ -57.641000120692922, -37.754783709163291 ], [ -57.640982672771315, -37.754846063543255 ], [ -57.64163639426738, -37.757235931005994 ], [ -57.64191529942849, -37.757443372618809 ], [ -57.642182446529546, -37.757638785952111 ], [ -57.642457455632041, -37.759982934382776 ], [ -57.642439446407195, -37.760047323025901 ], [ -57.643287514389954, -37.767897087274036 ], [ -57.644548245070951, -37.76905382420631 ], [ -57.647339543928354, -37.771219437787295 ], [ -57.651451171313113, -37.78010320756448 ], [ -57.655197675389957, -37.786772183181711 ], [ -57.653997569346814, -37.789614206188958 ], [ -57.653998815918612, -37.789627126551068 ], [ -57.653773215713613, -37.790264469803105 ], [ -57.654218892810547, -37.794915515180833 ], [ -57.654685537957334, -37.805245525335124 ], [ -57.654093535403319, -37.808998011800782 ], [ -57.649927108656698, -37.815534347401979 ], [ -57.6499508837299, -37.815822799304954 ], [ -57.649970903763801, -37.815821843269362 ], [ -57.649971419860833, -37.815832925159896 ], [ -57.65005354847284, -37.816444266406108 ], [ -57.650552295252623, -37.81811516426751 ], [ -57.65062943298534, -37.818333112887672 ], [ -57.650936819529647, -37.819769351198147 ], [ -57.657824216035749, -37.831266612460752 ], [ -57.657852607467078, -37.831335511672705 ], [ -57.657856896593842, -37.831355339493314 ], [ -57.651360509413735, -37.843144116911049 ], [ -57.64935781026702, -37.841679847107059 ], [ -57.648027174295294, -37.84198957621129 ], [ -57.647976646971983, -37.842025913860709 ], [ -57.64620078625461, -37.844324400600954 ], [ -57.64271752561956, -37.846636500042166 ], [ -57.636964745943089, -37.856471141961606 ], [ -57.634664641724555, -37.856277758763781 ], [ -57.634551996443463, -37.858756045528139 ], [ -57.633067278039334, -37.862387726114491 ], [ -57.629634373972237, -37.876458786208843 ], [ -57.629329006587113, -37.879027034261469 ], [ -57.629325958663742, -37.879066966771916 ], [ -57.628573700560423, -37.878909733354874 ], [ -57.623593848239921, -37.880870101374171 ], [ -57.623552174739984, -37.880844989824482 ], [ -57.614865762017189, -37.883209430644058 ], [ -57.614566274476715, -37.883525791036959 ], [ -57.61453338061051, -37.884004117983977 ], [ -57.614498681201042, -37.883972329159235 ], [ -57.614486746307421, -37.884002050589345 ], [ -57.614306799417079, -37.883965645866112 ], [ -57.614053580371603, -37.884145621718119 ], [ -57.614018877344051, -37.884097466340393 ], [ -57.614012356061608, -37.884115564231934 ], [ -57.614012057327045, -37.884167767954011 ], [ -57.614006041653738, -37.884184460704546 ], [ -57.613888887393045, -37.884202279090971 ], [ -57.613413927090164, -37.884035996307603 ], [ -57.612987530566386, -37.883913813507206 ], [ -57.61292697537101, -37.883934888544616 ], [ -57.612913017787946, -37.883940603387543 ], [ -57.612420150054731, -37.884572683035174 ], [ -57.61240300592425, -37.884598157063863 ], [ -57.611776455267034, -37.885481832008963 ], [ -57.611739960917703, -37.885458669955995 ], [ -57.611699758588429, -37.885418047000599 ], [ -57.61169356654608, -37.88541712156956 ], [ -57.611584657718709, -37.885472915250887 ], [ -57.611582930217821, -37.885478923085827 ], [ -57.610148141257184, -37.885472745002176 ], [ -57.609493074460204, -37.885730044647062 ], [ -57.609468023829379, -37.885676099015996 ], [ -57.609467339336049, -37.88567506411124 ], [ -57.609405838233442, -37.885689594458711 ], [ -57.609380719706792, -37.885702925630596 ], [ -57.609357240458678, -37.885715575652 ], [ -57.609127821465677, -37.885909300396236 ], [ -57.609052614607094, -37.885930911715832 ], [ -57.609047136709762, -37.885949711147248 ], [ -57.609300819585769, -37.886260121435839 ], [ -57.609317918287445, -37.886249072894202 ], [ -57.609698150724967, -37.886888388569105 ], [ -57.609702684838339, -37.886896736481845 ], [ -57.609694119456776, -37.886901091606546 ], [ -57.609744792343463, -37.886981072541232 ], [ -57.609801244030166, -37.887024023190691 ], [ -57.609906797907627, -37.887060262764692 ], [ -57.609909243611696, -37.887053574523236 ], [ -57.609917104076942, -37.887054558814839 ], [ -57.610420802025544, -37.887151913904518 ], [ -57.610688854649482, -37.887123701574012 ], [ -57.610490033387009, -37.88763629110349 ], [ -57.610457169291635, -37.887691474275925 ], [ -57.610451683410645, -37.887702061228993 ], [ -57.610101047366356, -37.888078513649532 ], [ -57.610083294472474, -37.888061534185908 ], [ -57.609552124898244, -37.888569821543797 ], [ -57.609456352844234, -37.888618298186259 ], [ -57.609439185564383, -37.888635871007409 ], [ -57.609253079137488, -37.889239745636985 ], [ -57.60918804356794, -37.889254954528838 ], [ -57.609024872660825, -37.889322858329081 ], [ -57.609040105386839, -37.889344970563798 ], [ -57.608942935858693, -37.889402113080735 ], [ -57.609080689626296, -37.889467380540168 ], [ -57.60926787978724, -37.889780378662635 ], [ -57.609282950293505, -37.889770910836205 ], [ -57.609512422852163, -37.890332142858313 ], [ -57.609531379770601, -37.890358580004545 ], [ -57.609863666882575, -37.890741541968453 ], [ -57.609579381359708, -37.890913777359856 ], [ -57.609997463267575, -37.891144925098899 ], [ -57.609980585931737, -37.891167217566533 ], [ -57.609978951716585, -37.89130220741356 ], [ -57.608047179726498, -37.895711746922473 ], [ -57.607331155030693, -37.897059999131443 ], [ -57.606797566663602, -37.896863373568806 ], [ -57.606763097312296, -37.896890388032432 ], [ -57.606708450902943, -37.897146428930853 ], [ -57.605900779583692, -37.897334559591343 ], [ -57.605444073284275, -37.89759207950533 ], [ -57.605055321256373, -37.899196639944705 ], [ -57.605044475022055, -37.899235275430613 ], [ -57.604656459319358, -37.899412091443821 ], [ -57.604644043090786, -37.89945479338212 ], [ -57.604984865121196, -37.899973750703111 ], [ -57.604974179888586, -37.900010353955281 ], [ -57.604296512821008, -37.900479142119821 ], [ -57.604283830035854, -37.900522416800413 ], [ -57.604519797194371, -37.90072050015749 ], [ -57.604508090230809, -37.900760111414058 ], [ -57.603157483548159, -37.901846505083768 ], [ -57.603141871912612, -37.901898773442383 ], [ -57.602993999801697, -37.901981519183323 ], [ -57.602977900781354, -37.902035299974841 ], [ -57.603562083561428, -37.902178419615609 ], [ -57.603546503336077, -37.902223830259743 ], [ -57.602172959181928, -37.904039009409075 ], [ -57.601627471349047, -37.905114093222039 ], [ -57.601556696200305, -37.906785325760552 ], [ -57.601042141233734, -37.907158159776657 ], [ -57.601023687672239, -37.907223984433756 ], [ -57.601292938294932, -37.907320300359288 ], [ -57.601274682755331, -37.907384066196187 ], [ -57.601878214021724, -37.907701611526022 ], [ -57.601860952994116, -37.907760672605605 ], [ -57.601612884607562, -37.907943713900977 ], [ -57.601595245413534, -37.908004060851056 ], [ -57.601966958651701, -37.908155571182022 ], [ -57.601950123177687, -37.908213167405563 ], [ -57.601455423022628, -37.908644940575471 ], [ -57.601437872575673, -37.908704972375347 ], [ -57.601652842511044, -37.90874323653992 ], [ -57.601635729243355, -37.908801772955883 ], [ -57.601339193494937, -37.909050565988025 ], [ -57.601321652516958, -37.909110583737004 ], [ -57.601700377913232, -37.909209613054941 ], [ -57.601683624831821, -37.909266935318556 ], [ -57.602136723840431, -37.909401745945843 ], [ -57.60211051593501, -37.909467035668911 ], [ -57.602556674162429, -37.90960149080837 ], [ -57.602541795093771, -37.909652393607757 ], [ -57.601868634292885, -37.912449707593908 ], [ -57.601080814489023, -37.912972518266429 ], [ -57.601063888143358, -37.913040307166511 ], [ -57.600764980670363, -37.913206416314836 ], [ -57.600745783412606, -37.913272105320345 ], [ -57.601064358840688, -37.913623200806001 ], [ -57.601045577036587, -37.913687468071373 ], [ -57.599560896359094, -37.914970917688549 ], [ -57.600230708721995, -37.915415775997701 ], [ -57.600209566533636, -37.91548071817607 ], [ -57.599457226434424, -37.915897588057248 ], [ -57.599433567756932, -37.91596396407067 ], [ -57.599705945133678, -37.916084065281666 ], [ -57.600342359808678, -37.924965550706361 ], [ -57.600313074705809, -37.92498147059257 ], [ -57.592135671226458, -37.921472217655264 ], [ -57.5907770987302, -37.922341540762204 ], [ -57.590564907236228, -37.922887936556947 ], [ -57.590495916622615, -37.923089506027736 ], [ -57.590491095035588, -37.923104482882081 ], [ -57.590444345915728, -37.923257819142123 ], [ -57.590385798787963, -37.923449851521468 ], [ -57.590035549573258, -37.924441890374908 ], [ -57.590019202109772, -37.924492839778907 ], [ -57.589926357767695, -37.924793188338981 ], [ -57.589843124884112, -37.925062442817591 ], [ -57.589477659889212, -37.926392930216707 ], [ -57.594863618234513, -37.931025371640487 ], [ -57.60133668811568, -37.937862891130919 ], [ -57.60344243243793, -37.93812897573531 ], [ -57.605129217282638, -37.938027921506432 ], [ -57.605239248299654, -37.93802767300042 ], [ -57.606743468899822, -37.938278108927591 ], [ -57.607267625069028, -37.938207627982877 ], [ -57.607295479712946, -37.93880236228955 ], [ -57.607289334084953, -37.938801669733152 ], [ -57.606985509073752, -37.939851524847086 ], [ -57.606815977701444, -37.940494101893876 ], [ -57.606527593324188, -37.940639160681258 ], [ -57.60644675501311, -37.940669404122616 ], [ -57.606479549453184, -37.941084527561088 ], [ -57.60644366655697, -37.941409384996689 ], [ -57.606275334363261, -37.941440864013771 ], [ -57.606244885769911, -37.941910612779964 ], [ -57.60602710915947, -37.943517432819306 ], [ -57.605665668004804, -37.945871408030428 ], [ -57.605655676103254, -37.945945593189151 ], [ -57.605656557740076, -37.945951062151039 ], [ -57.605654750921985, -37.945951959605509 ], [ -57.605702755083541, -37.946012397589129 ], [ -57.605703060105043, -37.946022351701686 ], [ -57.60570054711701, -37.946023599876298 ], [ -57.60570116782884, -37.946036019572148 ], [ -57.605697755359415, -37.946037688883507 ], [ -57.605694662690382, -37.94605295206452 ], [ -57.605638567527023, -37.946040671337528 ], [ -57.605595866029944, -37.946031306128475 ], [ -57.605547014937599, -37.946021479272247 ], [ -57.605557264284244, -37.945974653982489 ], [ -57.604374231586917, -37.945732472428176 ], [ -57.603617062639614, -37.945478723580038 ], [ -57.603594580356855, -37.945490102706117 ], [ -57.60354665152073, -37.945514983345561 ], [ -57.603390768835141, -37.946190127120929 ], [ -57.60323580240788, -37.94694637200746 ], [ -57.603181968271429, -37.946973204674748 ], [ -57.603093010019506, -37.94723033897526 ], [ -57.603131449334512, -37.947238551339296 ], [ -57.603154014217978, -37.947243226395472 ], [ -57.603097108893905, -37.947416498417624 ], [ -57.603023302350493, -37.947448758320888 ], [ -57.602719687510557, -37.948713008740981 ], [ -57.602558985549308, -37.94931054832216 ], [ -57.602525597863917, -37.949303535822708 ], [ -57.602517899654572, -37.949330321115895 ], [ -57.602359048769415, -37.949889810146715 ], [ -57.602394385470689, -37.949895505892641 ], [ -57.602247898683913, -37.950337150879818 ], [ -57.602001836331624, -37.951181083395397 ], [ -57.601947143332779, -37.951177541219693 ], [ -57.6019124316947, -37.951195543615711 ], [ -57.601686553896798, -37.952040651544223 ], [ -57.601684788640227, -37.952049078596644 ], [ -57.601564397890968, -37.952473853311062 ], [ -57.601595146379339, -37.952479929770732 ], [ -57.601432369373242, -37.953103272502688 ], [ -57.601427360393245, -37.95312824506027 ], [ -57.601360240977726, -37.953141385630147 ], [ -57.601247577758443, -37.953120385890884 ], [ -57.601084219918221, -37.953848084603806 ], [ -57.601077370115433, -37.953879440196147 ], [ -57.60096768639562, -37.954272241285935 ], [ -57.600819322318159, -37.954252218798388 ], [ -57.600473451399409, -37.954170900006318 ], [ -57.600452740373441, -37.954166523294191 ], [ -57.600456295659285, -37.954149694437262 ], [ -57.600293978342904, -37.954128481037969 ], [ -57.600208764671265, -37.954106608195332 ], [ -57.600150041971006, -37.954136742369428 ], [ -57.60013813748094, -37.954142437835628 ], [ -57.600079435178372, -37.954344531839297 ], [ -57.600098122870293, -37.954348499012212 ], [ -57.600094901184093, -37.954363706824381 ], [ -57.599987126483995, -37.954828588412454 ], [ -57.599920104912485, -37.954835428490924 ], [ -57.599678457487471, -37.954788790010014 ], [ -57.599420118969078, -37.955741093321592 ], [ -57.599529958770233, -37.955761737796081 ], [ -57.599492709469644, -37.955891882867945 ], [ -57.59948365329069, -37.955934103458162 ], [ -57.599193275193841, -37.956771942102591 ], [ -57.599402635624074, -37.956809755713778 ], [ -57.599518057320552, -37.956854624830896 ], [ -57.599346748921505, -37.957469198410763 ], [ -57.599341355155559, -37.957494373435679 ], [ -57.599335972786719, -37.957517806369196 ], [ -57.599151711068089, -37.95817835679469 ], [ -57.598969106951927, -37.958777189330533 ], [ -57.598966290771216, -37.958790415530359 ], [ -57.598949435101304, -37.95878686663292 ], [ -57.598887860188825, -37.959006883624681 ], [ -57.598896906780851, -37.959018093506074 ], [ -57.598969883018583, -37.959021483010986 ], [ -57.599012977128837, -37.959074598191876 ], [ -57.599200188151144, -37.959112472067034 ], [ -57.599205878212899, -37.959085716447078 ], [ -57.599238991433253, -37.959092762662976 ], [ -57.599419692831987, -37.959100940522035 ], [ -57.599425186767348, -37.959107728531137 ], [ -57.599475152341711, -37.959117833420066 ], [ -57.599422020891325, -37.959301628550804 ], [ -57.599413504292556, -37.959341644434858 ], [ -57.599128532410816, -37.960173009521156 ], [ -57.599322575535837, -37.960208383891597 ], [ -57.599425121423792, -37.960250280223136 ], [ -57.599251638886926, -37.960845655210335 ], [ -57.599247176531719, -37.960866371844077 ], [ -57.599095802546117, -37.961297802663751 ], [ -57.599199657571035, -37.961317386328233 ], [ -57.59937051326898, -37.961387829062801 ], [ -57.599096597573009, -37.9623656495354 ], [ -57.599095192729294, -37.962372307477608 ], [ -57.599042547648025, -37.962518231150057 ], [ -57.599047766581236, -37.962525251919601 ], [ -57.599071825235512, -37.962524949502665 ], [ -57.599076434676306, -37.962530846654772 ], [ -57.599067729037358, -37.962563074272509 ], [ -57.599112221800965, -37.962617047907997 ], [ -57.599218492132593, -37.962562367690225 ], [ -57.599267211114238, -37.962622671318798 ], [ -57.599268272121606, -37.962623963028648 ], [ -57.599282171452046, -37.962623176012187 ], [ -57.599300146323856, -37.962622761728369 ], [ -57.599969824217226, -37.962710141831678 ], [ -57.599997046959629, -37.962716037082544 ], [ -57.600571617911328, -37.96284216715901 ], [ -57.60059541664549, -37.962803190661305 ], [ -57.600653844905708, -37.96260977931604 ], [ -57.600889819541692, -37.962642477425902 ], [ -57.600938776394912, -37.962652834658115 ], [ -57.601239627677217, -37.962714921216559 ], [ -57.60123369284014, -37.962743423118127 ], [ -57.601650270048708, -37.962799315193649 ], [ -57.601665967569147, -37.962802674596333 ], [ -57.60202977275361, -37.962788505100093 ], [ -57.602033880511726, -37.962769143499429 ], [ -57.602107706062327, -37.962658140040219 ], [ -57.602602625774637, -37.962724137841292 ], [ -57.602639991586045, -37.962732160580742 ], [ -57.603495083587688, -37.962703100315423 ], [ -57.603505091187685, -37.962657497671103 ], [ -57.603512119532809, -37.962646886926279 ], [ -57.603558142802797, -37.962653188225147 ], [ -57.60361615853742, -37.962665597059981 ], [ -57.603711625197604, -37.962661804558422 ], [ -57.603688113885937, -37.962707361584478 ], [ -57.603654981172667, -37.962765936751225 ], [ -57.603645261631641, -37.962811423052358 ], [ -57.603628837752069, -37.962811928354995 ], [ -57.603551614271396, -37.962980073103608 ], [ -57.603501377993666, -37.962969059054728 ], [ -57.60349126156251, -37.962966868200397 ], [ -57.603035168130987, -37.963781914246852 ], [ -57.603031710471669, -37.9637974303742 ], [ -57.602864951837034, -37.963802922802813 ], [ -57.602578554360434, -37.964430005917848 ], [ -57.602572073641738, -37.964460320645287 ], [ -57.602465239940557, -37.964855756277075 ], [ -57.60239061099378, -37.96485917139978 ], [ -57.602154105710952, -37.964816460883583 ], [ -57.601926562176004, -37.965849349149607 ], [ -57.601916063017143, -37.96589781389639 ], [ -57.601914386393389, -37.965904014535511 ], [ -57.601913385916646, -37.965904083388352 ], [ -57.601904622216921, -37.965902473259064 ], [ -57.60190687314639, -37.96590133550518 ], [ -57.601848667183788, -37.965888724435047 ], [ -57.601858898912496, -37.965841519389016 ], [ -57.601856647983027, -37.965842657142844 ], [ -57.60164240003644, -37.965854321452866 ], [ -57.60160193054395, -37.965846985343831 ], [ -57.601558637248161, -37.966035323768608 ], [ -57.601556880816702, -37.966043987594503 ], [ -57.601341394718418, -37.966893121348789 ], [ -57.601196464202644, -37.966876000321065 ], [ -57.601157562234334, -37.966895701903923 ], [ -57.60102680594332, -37.966847875857241 ], [ -57.600989277742372, -37.966866850793451 ], [ -57.600897204184264, -37.967292517315457 ], [ -57.600839449381738, -37.967558578960734 ], [ -57.600740150114177, -37.967757610737294 ], [ -57.600784505506965, -37.967812331037408 ], [ -57.600754251088063, -37.967925257868387 ], [ -57.600739514595261, -37.96792370168049 ], [ -57.600734224075154, -37.967926359409148 ], [ -57.600649467836774, -37.967889512904435 ], [ -57.600615789783603, -37.967882275081536 ], [ -57.600621610913038, -37.967855146413001 ], [ -57.600573955185496, -37.967860988379982 ], [ -57.600521164147381, -37.96788757735851 ], [ -57.600508506170854, -37.967871975240598 ], [ -57.600439768844637, -37.967872906914181 ], [ -57.600416295121022, -37.967982753370961 ], [ -57.600143438904126, -37.968898571432703 ], [ -57.600143049615269, -37.968900304102647 ], [ -57.599987191516391, -37.968884530229388 ], [ -57.599931601473315, -37.968913764148169 ], [ -57.599881096844683, -37.968891720851843 ], [ -57.599863273261803, -37.968900698994389 ], [ -57.599810118895732, -37.969146728977023 ], [ -57.599807724422135, -37.969158130358437 ], [ -57.599593571830667, -37.969969862852224 ], [ -57.599449911580734, -37.969978513442584 ], [ -57.599310035783844, -37.969951619920153 ], [ -57.599177658913334, -37.970579334192962 ], [ -57.599170330597929, -37.970611869652998 ], [ -57.599579086141034, -37.970668730647674 ], [ -57.599742120005487, -37.970667024959369 ], [ -57.599843419927367, -37.970663330040793 ], [ -57.599954118814821, -37.970555605311006 ], [ -57.600055303046076, -37.970542534715094 ], [ -57.600522573544595, -37.970604582782414 ], [ -57.600913370342369, -37.970596412199257 ], [ -57.60115554376921, -37.97058519178421 ], [ -57.601177367530852, -37.970561018592832 ], [ -57.60146817369008, -37.970523759371417 ], [ -57.601458076427946, -37.970571144508767 ], [ -57.601457385176104, -37.970575281580409 ], [ -57.601439612370029, -37.970683584995527 ], [ -57.601415370297048, -37.970739082510647 ], [ -57.601385120694658, -37.970809315051156 ], [ -57.601420642409153, -37.97081702923299 ], [ -57.60123076560501, -37.971034301177951 ], [ -57.601154428996836, -37.971266360397465 ], [ -57.601135637107632, -37.971262357939963 ], [ -57.601020663444615, -37.971471117060787 ], [ -57.600940723207771, -37.971629701281756 ], [ -57.600810037610074, -37.971635000695187 ], [ -57.600640584008943, -37.971828838056922 ], [ -57.600463781811072, -37.972368584881053 ], [ -57.600456240949541, -37.97240400149218 ], [ -57.600379694360754, -37.972689323638804 ], [ -57.600325470461769, -37.97269148907742 ], [ -57.600055448010551, -37.972642876447821 ], [ -57.599975969276102, -37.973006032816102 ], [ -57.599954961004187, -37.973001533502554 ], [ -57.599773032043743, -37.973677894045068 ], [ -57.599561425964339, -37.973686239290714 ], [ -57.599481181306828, -37.973671723882546 ], [ -57.599403335211832, -37.974024503734086 ], [ -57.599399752277122, -37.974041099485362 ], [ -57.599213413846996, -37.974722763980594 ], [ -57.599055493037497, -37.974680522421636 ], [ -57.59902549500066, -37.974695807283467 ], [ -57.598854270430479, -37.974668951366766 ], [ -57.598704111466986, -37.975450542390774 ], [ -57.598674568326942, -37.975721369315295 ], [ -57.598667835411391, -37.975753110249627 ], [ -57.598424696826385, -37.975695548381736 ], [ -57.598469946064711, -37.976299649005455 ], [ -57.598492891969272, -37.976328068931366 ], [ -57.598679878925225, -37.976337097688827 ], [ -57.598712601656075, -37.976377442309911 ], [ -57.599012424925206, -37.976438309000514 ], [ -57.598775635034656, -37.977254713492073 ], [ -57.598788351148698, -37.977257427585812 ], [ -57.598714720926523, -37.977471829335968 ], [ -57.59898311828988, -37.977520546758171 ], [ -57.59902326297663, -37.977537277970839 ], [ -57.598950044726678, -37.977777065339353 ], [ -57.598942650271965, -37.977811589851683 ], [ -57.598899970345258, -37.977802415072517 ], [ -57.598838605942717, -37.978501287125937 ], [ -57.598870814022575, -37.978508064925848 ], [ -57.598898178847207, -37.978541943983259 ], [ -57.59925891589603, -37.978550368103754 ], [ -57.599258740322, -37.978569849382495 ], [ -57.599260408806572, -37.97866074482414 ], [ -57.599164287243923, -37.978838792842339 ], [ -57.599236870412369, -37.978844042153753 ], [ -57.599276817994507, -37.978852643024311 ], [ -57.599001106533194, -37.979716445119095 ], [ -57.598963384656372, -37.979708032386895 ], [ -57.598796436484122, -37.979671521536375 ], [ -57.598767707235993, -37.979686002675578 ], [ -57.598735778612422, -37.979651706475636 ], [ -57.598537127595989, -37.979750344935724 ], [ -57.598376226806749, -37.980274584162146 ], [ -57.598369945501531, -37.980303247288077 ], [ -57.598258020966739, -37.980713121558949 ], [ -57.598180724764291, -37.980716692022156 ], [ -57.597943881135393, -37.98067274040443 ], [ -57.597712652886685, -37.981725158262975 ], [ -57.597702498378055, -37.9817736446617 ], [ -57.597699857560372, -37.981783710429568 ], [ -57.597697996014176, -37.981783787806421 ], [ -57.597684192718589, -37.981781271114244 ], [ -57.597687626929201, -37.981779542644063 ], [ -57.597630254929982, -37.981767204984635 ], [ -57.597640191991104, -37.981720990497479 ], [ -57.597636757780379, -37.981722718967717 ], [ -57.597413919946689, -37.981732090502817 ], [ -57.597369458424225, -37.981724024860796 ], [ -57.597326293468029, -37.981920190808296 ], [ -57.597324321050223, -37.981929353047178 ], [ -57.597096775260525, -37.982772696311372 ], [ -57.596936424686589, -37.982778446164843 ], [ -57.596788398891192, -37.98275143692149 ], [ -57.596643370585298, -37.9834085702376 ], [ -57.596636843240958, -37.983439163544858 ], [ -57.596532453617101, -37.983828121550744 ], [ -57.596458440701269, -37.983831098957864 ], [ -57.596212333418805, -37.983786756365419 ], [ -57.596003493641433, -37.984734246705386 ], [ -57.595949668849073, -37.984722687359465 ], [ -57.595919783004604, -37.984833163518374 ], [ -57.595699115533478, -37.984844901650149 ], [ -57.595650734656772, -37.984836118822898 ], [ -57.595603682970136, -37.985054531129606 ], [ -57.595601510383915, -37.985064795007645 ], [ -57.595385543960219, -37.985878209782811 ], [ -57.595263688290572, -37.985839668714448 ], [ -57.595233194755451, -37.985855174568826 ], [ -57.595252663729866, -37.986080159478263 ], [ -57.594683716120016, -37.98681192460657 ], [ -57.594428350913176, -37.987353467794208 ], [ -57.594290887877833, -37.987919362048785 ], [ -57.594232294436381, -37.987906114041039 ], [ -57.594158862913616, -37.987939254042544 ], [ -57.594133293751099, -37.988027103500656 ], [ -57.594131169931586, -37.988036168298947 ], [ -57.594018664515659, -37.988398139604442 ], [ -57.593829366743535, -37.989040459660259 ], [ -57.593786246883951, -37.989166490295588 ], [ -57.59376371805314, -37.989248073587021 ], [ -57.59376355293881, -37.989295354388787 ], [ -57.593752838503008, -37.989319507327252 ], [ -57.593756822062517, -37.98932443842881 ], [ -57.593697013288761, -37.989579217854725 ], [ -57.593731667261466, -37.989622091900571 ], [ -57.593950494851526, -37.989649679296292 ], [ -57.59419666366523, -37.989698041321901 ], [ -57.594200563959362, -37.989678979572659 ], [ -57.594514739498379, -37.989725895780794 ], [ -57.594924381435362, -37.989771045303314 ], [ -57.594962441479083, -37.989778469195244 ], [ -57.594947396539681, -37.989785685840559 ], [ -57.594989780793981, -37.989800614918011 ], [ -57.595002581670997, -37.989803649698786 ], [ -57.594946165904958, -37.989830557597202 ], [ -57.594920103141817, -37.989872404878724 ], [ -57.59479755188022, -37.990417496569535 ], [ -57.594790579128528, -37.990440698772261 ], [ -57.594615025947462, -37.991100310141633 ], [ -57.594459819070948, -37.991689920950762 ], [ -57.594454588282872, -37.991715789998239 ], [ -57.594449267857385, -37.99173898054903 ], [ -57.594270400110361, -37.992373871832115 ], [ -57.594108419206805, -37.992962320617494 ], [ -57.594102919235127, -37.992988297891145 ], [ -57.593988278183645, -37.992992697442446 ], [ -57.593791626222867, -37.992957406916048 ], [ -57.593665204570073, -37.993465241720003 ], [ -57.593618974095364, -37.993763799342901 ], [ -57.593567844728057, -37.993752712093908 ], [ -57.593587498471834, -37.993785703463629 ], [ -57.593601586114858, -37.993808273479715 ], [ -57.593613630796767, -37.993827570681788 ], [ -57.59368512167157, -37.993926229181113 ], [ -57.593751442052053, -37.993980778461946 ], [ -57.593719883095162, -37.993901846528217 ], [ -57.593884803755486, -37.993971871299664 ], [ -57.593926627369058, -37.994023320455881 ], [ -57.593922924063747, -37.994191700767146 ], [ -57.593944908774517, -37.994232190695016 ], [ -57.593953496299321, -37.994243403507824 ], [ -57.593994135579806, -37.994293573615266 ], [ -57.594006438900749, -37.994306175353415 ], [ -57.594035279711932, -37.994330406346364 ], [ -57.594151508253105, -37.994341676677095 ], [ -57.594196422294999, -37.994397817466222 ], [ -57.59420104445411, -37.994403470979819 ], [ -57.594317292536914, -37.994604533482629 ], [ -57.594323826790571, -37.994605876262483 ], [ -57.594315859466349, -37.994624458107012 ], [ -57.594305860134057, -37.994670652293337 ], [ -57.594302889848905, -37.994702057908057 ], [ -57.594277932262571, -37.994805783393417 ], [ -57.594258083568263, -37.994881921644435 ], [ -57.594285474761307, -37.994915813961711 ], [ -57.594307807300936, -37.994943563696779 ], [ -57.594297491464488, -37.995011578252104 ], [ -57.59426404188423, -37.994993401527609 ], [ -57.594253407751637, -37.994999063207331 ], [ -57.594243490715712, -37.994990209398395 ], [ -57.594233087702776, -37.994983022961492 ], [ -57.594224825652987, -37.994984892719174 ], [ -57.594197112270535, -37.994931419789111 ], [ -57.594184112269659, -37.994919427347327 ], [ -57.59409751141277, -37.994882298661139 ], [ -57.594021042614372, -37.994880377073287 ], [ -57.593982486918662, -37.994872345452109 ], [ -57.593834667519388, -37.994860214029927 ], [ -57.593652482347636, -37.994757906294694 ], [ -57.593615210660118, -37.994710779555533 ], [ -57.593659946713274, -37.994463307571209 ], [ -57.593660004242452, -37.994452133507934 ], [ -57.593611812572419, -37.994390999519851 ], [ -57.593610960952844, -37.994389945238936 ], [ -57.593423623285787, -37.994378573691392 ], [ -57.593382976531302, -37.994326876878347 ], [ -57.593274686587677, -37.994239384473644 ], [ -57.593255414467023, -37.994029307068217 ], [ -57.592999082429628, -37.993943474615264 ], [ -57.592846449790557, -37.993920583886222 ], [ -57.592747638335823, -37.99390576486536 ], [ -57.592246327756186, -37.993802389885673 ], [ -57.5921957028973, -37.993882742053529 ], [ -57.592153506346676, -37.994020240001419 ], [ -57.592148097833785, -37.994045027729726 ], [ -57.591758386814206, -37.993964385459776 ], [ -57.591713505630366, -37.993954712971288 ], [ -57.591697311859377, -37.993952122858445 ], [ -57.591312632399081, -37.993873484612493 ], [ -57.590938053332479, -37.993796839217282 ], [ -57.590923049020262, -37.993793541787397 ], [ -57.590877551523363, -37.993783167101242 ], [ -57.590497483199727, -37.993702595508978 ], [ -57.590491274507315, -37.993729382834147 ], [ -57.59036977279527, -37.993714394378856 ], [ -57.590340652869941, -37.993729108822038 ], [ -57.590145343022073, -37.993658411642571 ], [ -57.590094596837218, -37.993683537018114 ], [ -57.589894146455435, -37.994589645796964 ], [ -57.589884501302492, -37.994634531446593 ], [ -57.589864147686001, -37.994710685075859 ], [ -57.589853906067617, -37.994711982918034 ], [ -57.589734906876913, -37.99469011875351 ], [ -57.589773037920395, -37.994670834884232 ], [ -57.589745305241479, -37.994664880476535 ], [ -57.589750117101744, -37.994642467570486 ], [ -57.589711986058262, -37.994661751439764 ], [ -57.589633265068358, -37.994671414035111 ], [ -57.589622308753576, -37.994669347342892 ], [ -57.589608001290003, -37.994719119164643 ], [ -57.589610263050474, -37.994721916427409 ], [ -57.589607412430269, -37.994734616489836 ], [ -57.589558880448408, -37.994788168048615 ], [ -57.589595620400701, -37.994763241598889 ], [ -57.589599887670715, -37.994768518263584 ], [ -57.589530186943477, -37.994996371309014 ], [ -57.589347165305981, -37.995650074736943 ], [ -57.589391737608196, -37.995705188768909 ], [ -57.589368867435155, -37.995805374626684 ], [ -57.58934232487394, -37.995799610357324 ], [ -57.589338662392663, -37.995802015681193 ], [ -57.589307013821099, -37.995786838920708 ], [ -57.58927801924591, -37.996409812707498 ], [ -57.58933565340709, -37.996616258420659 ], [ -57.589372175409039, -37.996597789654402 ], [ -57.589399515412822, -37.996619766327228 ], [ -57.589442340739652, -37.996497014102943 ], [ -57.589471610614339, -37.996482213087575 ], [ -57.589577883119205, -37.996565666808351 ], [ -57.589606871166552, -37.99660151754955 ], [ -57.590021249758877, -37.99669261663098 ], [ -57.590030303265166, -37.996650416913951 ], [ -57.590082630182565, -37.996661803333097 ], [ -57.590171733428747, -37.996670730144217 ], [ -57.590174505275513, -37.996674160422231 ], [ -57.590217557060726, -37.996683060606756 ], [ -57.590184238266886, -37.996787878926625 ], [ -57.590175162191258, -37.996829581985423 ], [ -57.590173110326532, -37.996836274694203 ], [ -57.590121231977662, -37.996825142968873 ], [ -57.590047306702331, -37.997171912246529 ], [ -57.589955343360657, -37.997495927109924 ], [ -57.589813378120027, -37.998098165213207 ], [ -57.589778310446889, -37.998247983955764 ], [ -57.589787674328761, -37.998259563071315 ], [ -57.589758672112112, -37.998330115936994 ], [ -57.589655115655034, -37.998580480124076 ], [ -57.589651665774113, -37.998596509582001 ], [ -57.589644209694825, -37.998628595396553 ], [ -57.589426759778405, -37.998581472316346 ], [ -57.58938446415533, -37.9985293670494 ], [ -57.588948539560533, -37.998479728460438 ], [ -57.588916102870826, -37.998484303788985 ], [ -57.588887727329279, -37.998449475906114 ], [ -57.588448805044948, -37.998679414464789 ], [ -57.588052448786129, -37.998427591303084 ], [ -57.588017930823582, -37.99844497627771 ], [ -57.58768983248774, -37.998719535772238 ], [ -57.587661375351331, -37.998733896706199 ], [ -57.587501663011722, -37.999212927360418 ], [ -57.58753429761083, -37.99923097710473 ], [ -57.587553113220338, -37.999253922009814 ], [ -57.587509206125048, -37.999294039794734 ], [ -57.587573843961195, -37.999315320341168 ], [ -57.587593394213002, -37.999339504978593 ], [ -57.587654901478857, -37.999489170706056 ], [ -57.587676308858647, -37.999515623568698 ], [ -57.587690583701942, -37.999565550657223 ], [ -57.587712816573799, -37.999592993170268 ], [ -57.587748633929039, -37.999605344028112 ], [ -57.587723287584993, -37.999731682680817 ], [ -57.587770035570657, -37.99963182449153 ], [ -57.587748634441596, -37.999763040591404 ], [ -57.588218518110978, -37.99963251991278 ], [ -57.588301892014158, -37.999617285554393 ], [ -57.588345195898285, -37.999642497619163 ], [ -57.58845324457576, -38.000104724269306 ], [ -57.588475240822333, -38.000131969379652 ], [ -57.588523620835133, -38.000350682464159 ], [ -57.588548314969159, -38.000381539859632 ], [ -57.588573260207227, -38.000412395785986 ], [ -57.588626506562036, -38.000420642259428 ], [ -57.588650387212965, -38.000450184085594 ], [ -57.58871495310234, -38.000614631484495 ], [ -57.589398067203604, -38.001319659518231 ], [ -57.589472629414445, -38.001323215359434 ], [ -57.589773159380059, -38.001291862566916 ], [ -57.59005218426654, -38.001194510539392 ], [ -57.590044897482301, -38.001228280396958 ], [ -57.590086306604917, -38.001237280564055 ], [ -57.589973098388441, -38.001594933828926 ], [ -57.589880055781009, -38.002688963336027 ], [ -57.589786278386384, -38.00325525526813 ], [ -57.589706423833434, -38.003845122426071 ], [ -57.589725948808848, -38.003869112530367 ], [ -57.589658802525662, -38.004394914185752 ], [ -57.589671951537412, -38.004411054984928 ], [ -57.589708940939261, -38.004456223006287 ], [ -57.590375286169717, -38.004377137846859 ], [ -57.590517163967036, -38.004356288112376 ], [ -57.590383585703478, -38.005131126808635 ], [ -57.590385522199881, -38.005141069580588 ], [ -57.590028202942221, -38.0053986290377 ], [ -57.590001692910448, -38.005417698535155 ], [ -57.589961238755336, -38.005425268776207 ], [ -57.589727472433196, -38.005914842737752 ], [ -57.589694652990829, -38.006601283408486 ], [ -57.589693688971749, -38.006620704910006 ], [ -57.589674843500234, -38.006737077860748 ], [ -57.58969945146481, -38.006763588351987 ], [ -57.589704294629257, -38.006759920886282 ], [ -57.589707589827128, -38.006763298533428 ], [ -57.590176761141038, -38.007082904755521 ], [ -57.589805424499787, -38.0075703418035 ], [ -57.589796085361343, -38.007586966815268 ], [ -57.589634165433552, -38.007532818591415 ], [ -57.589598332090077, -38.007560916871114 ], [ -57.589540862722231, -38.007587447110097 ], [ -57.589548444564571, -38.008117389626079 ], [ -57.589607223002531, -38.008304421101627 ], [ -57.589671562729052, -38.008642624846857 ], [ -57.589710825039674, -38.008675026695869 ], [ -57.589785212617016, -38.009016863610441 ], [ -57.589861499464291, -38.009140277303572 ], [ -57.589859809104155, -38.009230839237432 ], [ -57.58985940514026, -38.009244430699027 ], [ -57.589814683161535, -38.00924349888038 ], [ -57.589535926379142, -38.009207325472914 ], [ -57.58952449648757, -38.009195603454543 ], [ -57.589385363793099, -38.009190096088957 ], [ -57.589003824412146, -38.009138046134467 ], [ -57.58896160075858, -38.009103173999165 ], [ -57.588937923319179, -38.00908208026209 ], [ -57.588547447624421, -38.009059800986961 ], [ -57.587954397269982, -38.00900997351556 ], [ -57.587818175440759, -38.008991353305305 ], [ -57.587803044094983, -38.008978879146866 ], [ -57.587667507324568, -38.008973961052163 ], [ -57.587236564777243, -38.008911902792477 ], [ -57.587202082047497, -38.008946839385715 ], [ -57.587193323268821, -38.009059306536074 ], [ -57.586766291139497, -38.009064866798042 ], [ -57.586724870917067, -38.009063742925548 ], [ -57.586180791570314, -38.009030278377338 ], [ -57.586181131893682, -38.009017812523666 ], [ -57.585998367444745, -38.009019289498383 ], [ -57.585909102407868, -38.009033211226097 ], [ -57.585792333063011, -38.009225431724701 ], [ -57.585790108714605, -38.009227083996734 ], [ -57.585776944385827, -38.009229607079249 ], [ -57.585081097134889, -38.009239509173938 ], [ -57.584678100879614, -38.009301957030175 ], [ -57.584630271195124, -38.009382817986875 ], [ -57.584593620397186, -38.009410002326376 ], [ -57.584386903566667, -38.009450146402855 ], [ -57.584166376082578, -38.009455400665729 ], [ -57.583692890249267, -38.009536885259763 ], [ -57.583673034208573, -38.009536555623868 ], [ -57.583674273616964, -38.009430364658613 ], [ -57.583946356240347, -38.008778483776439 ], [ -57.583976365838623, -38.008755689679447 ], [ -57.584018966748147, -38.008588403376677 ], [ -57.584096692325318, -38.008415941327769 ], [ -57.584185699843033, -38.008215861852193 ], [ -57.584169333152204, -38.008195637287599 ], [ -57.584135903479023, -38.008154274827575 ], [ -57.583907898177017, -38.008124135636876 ], [ -57.583622176822871, -38.008065695658672 ], [ -57.583616769253297, -38.008090765315899 ], [ -57.583585680533588, -38.008084059977989 ], [ -57.583275076313953, -38.008046301111222 ], [ -57.583124207838239, -38.008013726221918 ], [ -57.583153707375459, -38.00788361733737 ], [ -57.583147950308273, -38.007854333902742 ], [ -57.582553156958966, -38.007772699470308 ], [ -57.582527492565418, -38.007767167243003 ], [ -57.581889184275099, -38.007636422464259 ], [ -57.581879682844885, -38.007680569198158 ], [ -57.581824929015852, -38.007668785032251 ], [ -57.581695845637057, -38.007647935963917 ], [ -57.58172587556038, -38.007521561902934 ], [ -57.581750463406365, -38.007551972043132 ], [ -57.581755763165233, -38.007527366043064 ], [ -57.581786271365786, -38.007533937137737 ], [ -57.581761683519744, -38.007503526997539 ], [ -57.581761077648196, -38.007389796519533 ], [ -57.581702733800853, -38.007382012056837 ], [ -57.581699969444173, -38.007381416060468 ], [ -57.581631518576387, -38.007367380020469 ], [ -57.581630442991525, -38.007372370096107 ], [ -57.581624254340511, -38.007371036269831 ], [ -57.580880287073853, -38.007267982567441 ], [ -57.580466902861758, -38.007187757523866 ], [ -57.580499356958683, -38.007051382716952 ], [ -57.579886264029369, -38.006971393490062 ], [ -57.579803643465084, -38.0068326334125 ], [ -57.579266816125482, -38.006776072525327 ], [ -57.579185793746717, -38.006761332079918 ], [ -57.579130271180247, -38.006749593469408 ], [ -57.579127987794834, -38.006739334055112 ], [ -57.578485641746511, -38.006389669057512 ], [ -57.57845972693292, -38.006398659902857 ], [ -57.578085893610137, -38.006411702089281 ], [ -57.577995011090195, -38.006426227763711 ], [ -57.577982207100547, -38.006432688484665 ], [ -57.577929901737718, -38.006412370775365 ], [ -57.577656769857072, -38.006259989113687 ], [ -57.577268015641494, -38.005995033346039 ], [ -57.576937559141811, -38.005904935702119 ], [ -57.576913306558765, -38.005901227995253 ], [ -57.576862874267817, -38.005836304356365 ], [ -57.576844929421384, -38.005827453168934 ], [ -57.576610047075178, -38.005815647078236 ], [ -57.57630724476644, -38.005750309579184 ], [ -57.576247350307369, -38.005779588997996 ], [ -57.57622774292372, -38.005822769778092 ], [ -57.576216620284924, -38.005812723252802 ], [ -57.575766988041835, -38.005501378291171 ], [ -57.575752197743611, -38.005483087077266 ], [ -57.57548419625374, -38.00541155527452 ], [ -57.575332628442538, -38.005089338627727 ], [ -57.574850387968866, -38.004782572757335 ], [ -57.574827183509512, -38.004794310632803 ], [ -57.574637761191582, -38.004816506373743 ], [ -57.574596935093439, -38.004809956121164 ], [ -57.574125097017998, -38.004895598933558 ], [ -57.57411263427997, -38.004917120936057 ], [ -57.57407820910629, -38.004961677479741 ], [ -57.574077432910485, -38.004965230574385 ], [ -57.57402233349967, -38.004953761338129 ], [ -57.573964332122841, -38.004941327855022 ], [ -57.573961895813341, -38.004941022196476 ], [ -57.573906044171451, -38.004929589183973 ], [ -57.573931493762871, -38.00481724362146 ], [ -57.573951346971626, -38.004841808420792 ], [ -57.573957626030506, -38.00481254481025 ], [ -57.573993807309819, -38.004820259549604 ], [ -57.574012730138804, -38.004738904295209 ], [ -57.573970965041838, -38.004687227448414 ], [ -57.57389398537174, -38.004632419356938 ], [ -57.573803527074517, -38.004613837922875 ], [ -57.573802155267401, -38.004620177513402 ], [ -57.573175077012024, -38.004535567454639 ], [ -57.573139092368251, -38.004527781495199 ], [ -57.572623685694111, -38.004420498147283 ], [ -57.572639533601262, -38.00435098502669 ], [ -57.572635237680402, -38.004203049174862 ], [ -57.572348175704178, -38.004164256812032 ], [ -57.572335238203607, -38.004161491212358 ], [ -57.572018098714693, -38.004097349904271 ], [ -57.57201329785488, -38.004120052952942 ], [ -57.571803089442369, -38.004060839921692 ], [ -57.571662389462404, -38.004107383011046 ], [ -57.571611293183821, -38.004133317247351 ], [ -57.571375914861164, -38.005007450918129 ], [ -57.57143488453562, -38.005019568902583 ], [ -57.571424872291345, -38.005066627057488 ], [ -57.571418681353691, -38.005089668264759 ], [ -57.571255873274254, -38.005948539752012 ], [ -57.571416773020474, -38.005979487681827 ], [ -57.571442312057343, -38.006010798779812 ], [ -57.571675329067091, -38.006056989605611 ], [ -57.571653410988631, -38.007036971148295 ], [ -57.571589880380145, -38.007068180720637 ], [ -57.571606344047893, -38.007174252680954 ], [ -57.571653826518457, -38.007430825959545 ], [ -57.571601261668377, -38.007458251098342 ], [ -57.571380864431489, -38.008248227351828 ], [ -57.571639858477795, -38.008299500349494 ], [ -57.571536054170224, -38.00869410075569 ], [ -57.571529805218915, -38.008725312215006 ], [ -57.571310609013381, -38.009359374184044 ], [ -57.571455839182249, -38.00938572122061 ], [ -57.571595414087653, -38.009443099081295 ], [ -57.571355999044783, -38.010262060075945 ], [ -57.571353878497291, -38.010271922722552 ], [ -57.571283543297398, -38.010476052601348 ], [ -57.5713298953238, -38.010484499619622 ], [ -57.571546975572176, -38.010571952196358 ], [ -57.571547574518831, -38.010572693969607 ], [ -57.571557920082171, -38.010524620631202 ], [ -57.571617445946572, -38.010537473070315 ], [ -57.571616846999916, -38.010536731297009 ], [ -57.571620320104046, -38.010537364091022 ], [ -57.57162076852353, -38.010537545334842 ], [ -57.571620029576593, -38.010540078827432 ], [ -57.571609560215336, -38.010588572313281 ], [ -57.571253006891368, -38.011625158148036 ], [ -57.571487365602025, -38.011667777789739 ], [ -57.571562975663994, -38.011698450337803 ], [ -57.571431402387248, -38.012153031178514 ], [ -57.571425597149016, -38.012180418298897 ], [ -57.57122733708286, -38.012757378868969 ], [ -57.571365298996341, -38.012782179499482 ], [ -57.571503766375599, -38.012839638550247 ], [ -57.571270106041993, -38.013654552246521 ], [ -57.571268214611962, -38.013663512327639 ], [ -57.571208803388743, -38.013842971912425 ], [ -57.571248169113119, -38.013850155277794 ], [ -57.571438252568328, -38.013927613093983 ], [ -57.571443874474255, -38.013934543109713 ], [ -57.571453109714128, -38.013891428975853 ], [ -57.571506616277077, -38.01390288499681 ], [ -57.571500994371092, -38.013895954981137 ], [ -57.571532767667634, -38.013901688123156 ], [ -57.571537046537856, -38.013903429160166 ], [ -57.57152900987478, -38.013926345364325 ], [ -57.571519009784424, -38.013972831971046 ], [ -57.571461436737366, -38.013960441260792 ], [ -57.571296173060944, -38.014541972286736 ], [ -57.571320339942986, -38.014571905149467 ], [ -57.571345938073932, -38.014603584649308 ], [ -57.571616225630009, -38.014592295822354 ], [ -57.57200015980743, -38.014604406183082 ], [ -57.572006223665142, -38.014575793650636 ], [ -57.572041439249915, -38.014583259524727 ], [ -57.572305196988282, -38.014575381057568 ], [ -57.572621418149197, -38.014586461361205 ], [ -57.572615714953599, -38.014613461648253 ], [ -57.572386388691598, -38.015045545104556 ], [ -57.572323878879274, -38.015048197195995 ], [ -57.572001635411254, -38.015766041429913 ], [ -57.571984396896823, -38.015762401473864 ], [ -57.57194139449723, -38.015753194019851 ], [ -57.571788066866191, -38.016037171379537 ], [ -57.571786959228916, -38.016042413671641 ], [ -57.571579485490361, -38.0160517021435 ], [ -57.571430009658229, -38.016384333685096 ], [ -57.571229414844481, -38.01710063912094 ], [ -57.571226332301819, -38.017115174552487 ], [ -57.571208255410113, -38.017111340631459 ], [ -57.571191336964432, -38.017429370506534 ], [ -57.571391174823304, -38.017509860613302 ], [ -57.571447495369512, -38.018592231765638 ], [ -57.571446004231007, -38.018599111284288 ], [ -57.571399811254366, -38.018816856330091 ], [ -57.571429626454517, -38.018820927785782 ], [ -57.571428769962154, -38.018846292155615 ], [ -57.571354987190603, -38.01896798476929 ], [ -57.571406692261235, -38.019097056038675 ], [ -57.571196102499584, -38.019142745058275 ], [ -57.571196032753335, -38.01914560203852 ], [ -57.57114319989455, -38.01914063544524 ], [ -57.571095487797777, -38.019153013684388 ], [ -57.571085681864645, -38.019150470989189 ], [ -57.570999406203896, -38.019083396612587 ], [ -57.57099327706203, -38.019078490194545 ], [ -57.570992314111663, -38.019069806820255 ], [ -57.571002535578998, -38.019051525437192 ], [ -57.571001405232948, -38.019046221843155 ], [ -57.570218871637962, -38.018598388708938 ], [ -57.57018734093208, -38.018591554956345 ], [ -57.569520907793788, -38.018456736648659 ], [ -57.56950969006806, -38.018294404961978 ], [ -57.569326311749023, -38.018208152523187 ], [ -57.569317131311379, -38.018206212635448 ], [ -57.56906846020712, -38.018154498272281 ], [ -57.569063679431167, -38.018175002033445 ], [ -57.56863666852081, -38.01818953673785 ], [ -57.568596084250828, -38.018180943435141 ], [ -57.568186809313772, -38.018024544086643 ], [ -57.568190353990929, -38.01800802593749 ], [ -57.567951864559518, -38.017974871943068 ], [ -57.567942885321543, -38.01797294011277 ], [ -57.567738189058446, -38.017981481323602 ], [ -57.567735792029964, -38.017992646369748 ], [ -57.567637997110694, -38.018138987208374 ], [ -57.567002304606831, -38.018050720126723 ], [ -57.566971798474015, -38.018044170072528 ], [ -57.566259049380733, -38.018075609390735 ], [ -57.566250813725048, -38.018113807219777 ], [ -57.566223035840494, -38.018156022682319 ], [ -57.566047119668838, -38.018131510983494 ], [ -57.565995297990867, -38.018120337434937 ], [ -57.565640126750168, -38.018135223290642 ], [ -57.565861710239403, -38.017746655077303 ], [ -57.56586829145084, -38.017716173369138 ], [ -57.565906005552108, -38.017724315726866 ], [ -57.566177959508309, -38.017175442056782 ], [ -57.56582739387278, -38.017141373719141 ], [ -57.565792971568158, -38.017098668566405 ], [ -57.565374382630296, -38.017013213332461 ], [ -57.565375469131141, -38.017008434208378 ], [ -57.565372122801534, -38.016796526650182 ], [ -57.565252171954853, -38.016779716246731 ], [ -57.565246257236367, -38.016778385989483 ], [ -57.565097830551906, -38.016746749821948 ], [ -57.565095425917036, -38.016757395796446 ], [ -57.564554248355762, -38.016687031143647 ], [ -57.564514891010731, -38.016678621025108 ], [ -57.564107922297353, -38.016595374083238 ], [ -57.564134313018144, -38.016478326161632 ], [ -57.564134144593766, -38.016352296546756 ], [ -57.563740055833023, -38.016298669288005 ], [ -57.563722212811115, -38.016294826689943 ], [ -57.563278509999918, -38.016204680726901 ], [ -57.563271803252235, -38.016236133633868 ], [ -57.563016129873233, -38.01620249353806 ], [ -57.562965568474965, -38.016191704186099 ], [ -57.562761768427094, -38.016149664056115 ], [ -57.562813510424462, -38.015922133127106 ], [ -57.56281394236953, -38.015886363022275 ], [ -57.562177886690279, -38.015800717146362 ], [ -57.562149533784464, -38.015794601172843 ], [ -57.56147076134198, -38.015654101584005 ], [ -57.561471608528905, -38.015650384945161 ], [ -57.561469051114784, -38.01543607984928 ], [ -57.56134783899472, -38.01542006746962 ], [ -57.561342180695192, -38.01541885147401 ], [ -57.561203878900642, -38.015390307032646 ], [ -57.561201684918046, -38.015400424358631 ], [ -57.560638165596743, -38.01532401735949 ], [ -57.560599417525225, -38.015315628755729 ], [ -57.56016676182702, -38.015227626249668 ], [ -57.560192401655399, -38.0151159735085 ], [ -57.560192899357389, -38.014983199037317 ], [ -57.559813463948785, -38.014931208134101 ], [ -57.559796196973537, -38.014927462332025 ], [ -57.559359857883805, -38.014838587876682 ], [ -57.55935322649691, -38.014869494164145 ], [ -57.559091340492898, -38.014834493230353 ], [ -57.559041117348329, -38.014823709816994 ], [ -57.558832436300861, -38.014780902712573 ], [ -57.55888116785718, -38.014566107301675 ], [ -57.558881118173872, -38.01452790599086 ], [ -57.558263450386846, -38.014445268665327 ], [ -57.558235305014136, -38.014439222231488 ], [ -57.557567582175182, -38.014302123186326 ], [ -57.557568793741211, -38.014296824668975 ], [ -57.557567706166651, -38.014077019095737 ], [ -57.557438085953663, -38.014059470627558 ], [ -57.557432121357465, -38.014058179294295 ], [ -57.557284820028826, -38.014027906362116 ], [ -57.557282530805537, -38.014038507852206 ], [ -57.556717372142998, -38.013965387125438 ], [ -57.556678542977977, -38.013957266642478 ], [ -57.556249628502371, -38.013872336719999 ], [ -57.556275888954588, -38.013753540944094 ], [ -57.556277686544206, -38.013616109675695 ], [ -57.555881053860105, -38.013562709778569 ], [ -57.55586349940711, -38.013558937904747 ], [ -57.555418202748911, -38.013467868670546 ], [ -57.555411549965868, -38.013498693937152 ], [ -57.555087230015772, -38.013410933034777 ], [ -57.555034041545696, -38.013428234200262 ], [ -57.554970004804545, -38.013460883751236 ], [ -57.554905400095208, -38.013687372460254 ], [ -57.554731339717534, -38.014358808354189 ], [ -57.554719529120348, -38.014396969980908 ], [ -57.554644470513892, -38.014664987168374 ], [ -57.554374078783553, -38.015638167505131 ], [ -57.55437178965326, -38.015648912440327 ], [ -57.554330999699687, -38.015681226214554 ], [ -57.554305444504223, -38.015676151945513 ], [ -57.554234642728488, -38.015986734178966 ], [ -57.553986550467641, -38.016880577605548 ], [ -57.553983601900995, -38.016894375363847 ], [ -57.553976118512253, -38.016929096121146 ], [ -57.553438961874235, -38.016818630013518 ], [ -57.553400428422322, -38.016810334981358 ], [ -57.553375647456505, -38.016808503979348 ], [ -57.552831570938736, -38.01669312763471 ], [ -57.552634229481043, -38.016652536128731 ], [ -57.552626333611045, -38.016650844142077 ], [ -57.552573626014748, -38.016639097347422 ], [ -57.5523795476592, -38.016599624486105 ], [ -57.552376866813177, -38.016612233867534 ], [ -57.552369680704487, -38.016648718886131 ], [ -57.551806164677942, -38.016535612664313 ], [ -57.551767850641568, -38.016527457153529 ], [ -57.551742797365478, -38.016525676465619 ], [ -57.551192978590166, -38.01640928278573 ], [ -57.550985419848701, -38.016367119412962 ], [ -57.550977083935663, -38.016365275748797 ], [ -57.550917360407425, -38.016361462566124 ], [ -57.550714388622339, -38.016315677561465 ], [ -57.550709819088183, -38.016333410859033 ], [ -57.550199438113623, -38.016267056005518 ], [ -57.550163701512474, -38.01625974132395 ], [ -57.549532929887334, -38.016132647066001 ], [ -57.54953404445024, -38.016127199971208 ], [ -57.549458300031858, -38.016117527347888 ], [ -57.549455278159769, -38.016116906861555 ], [ -57.549390061026486, -38.016103608931701 ], [ -57.549319760380797, -38.016217826914783 ], [ -57.549294161428975, -38.016231408702993 ], [ -57.549332071326944, -38.016239214648749 ], [ -57.549325615713485, -38.01627055964309 ], [ -57.549351214665307, -38.016256977854937 ], [ -57.549326175196882, -38.016342252325614 ], [ -57.54929181821484, -38.016337224852066 ], [ -57.549233287879588, -38.016324164221658 ], [ -57.549185389987088, -38.016313538442546 ], [ -57.549195382264827, -38.016268749482265 ], [ -57.548596231986892, -38.016182258552362 ], [ -57.548572346486026, -38.016176913456889 ], [ -57.548118282388884, -38.016075190418633 ], [ -57.548096097672044, -38.016086042091899 ], [ -57.54803932636554, -38.016247032996318 ], [ -57.54800016644873, -38.016266125001209 ], [ -57.547961564484012, -38.016480553726296 ], [ -57.547578449790251, -38.016427571606528 ], [ -57.547540195897739, -38.016419226374978 ], [ -57.546980344339659, -38.016294960755488 ], [ -57.546981597380807, -38.01628921727098 ], [ -57.546908936638204, -38.016279137068182 ], [ -57.546905993634425, -38.016278501352588 ], [ -57.546852766029076, -38.016266901483334 ], [ -57.546787968270621, -38.016299495021883 ], [ -57.546755339478352, -38.01639442059934 ], [ -57.546774408334898, -38.016398547411541 ], [ -57.546771075728145, -38.016413942561883 ], [ -57.54673839530011, -38.016643509825826 ], [ -57.54661522233647, -38.016626660460702 ], [ -57.546560887155749, -38.01661496569227 ], [ -57.546409281726369, -38.016582797965043 ], [ -57.546417522898309, -38.016544498816017 ], [ -57.545878768185446, -38.016470711213231 ], [ -57.545856990872608, -38.016465989133451 ], [ -57.545386340673076, -38.016365243989242 ], [ -57.54534036431437, -38.016440378714321 ], [ -57.545294163795688, -38.016588983702036 ], [ -57.544957015647071, -38.016543080307429 ], [ -57.544912829886698, -38.01653363975197 ], [ -57.544502885771578, -38.01644735439146 ], [ -57.544507202411353, -38.016427150701873 ], [ -57.544214638466656, -38.016386731744717 ], [ -57.544203552091346, -38.016384353499745 ], [ -57.543966854383143, -38.016334178968179 ], [ -57.543919438389821, -38.016358168468798 ], [ -57.543865403858092, -38.016512651267419 ], [ -57.543849407132484, -38.016564137078774 ], [ -57.543256006268905, -38.016481764620664 ], [ -57.543224063073524, -38.016474865953796 ], [ -57.542539984742234, -38.016328941004076 ], [ -57.542536437489957, -38.016330738793897 ], [ -57.542532346822156, -38.016342452518643 ], [ -57.542452140899627, -38.016600109255137 ], [ -57.542294784018679, -38.01657817649027 ], [ -57.542242165615448, -38.016566896750817 ], [ -57.542038478366692, -38.016524058407981 ], [ -57.542045981761134, -38.016489061768368 ], [ -57.54156147341206, -38.016423438131085 ], [ -57.541541509665194, -38.016419133780346 ], [ -57.541113607197246, -38.016327991543847 ], [ -57.541059510528783, -38.016417663692494 ], [ -57.541017730763542, -38.016551999009721 ], [ -57.540643769885207, -38.016501609006013 ], [ -57.540601284952629, -38.016492487819903 ], [ -57.540157771571501, -38.016398416471247 ], [ -57.54016158661932, -38.016380647539108 ], [ -57.53991262000892, -38.016346724470509 ], [ -57.539902451328317, -38.016344539519707 ], [ -57.539682468447893, -38.016298063574197 ], [ -57.539583326479374, -38.01646509240436 ], [ -57.53956964690218, -38.016509082999278 ], [ -57.538983240790344, -38.016429510400371 ], [ -57.538950519532818, -38.016422289681657 ], [ -57.538250253592651, -38.016267341648415 ], [ -57.538250289409234, -38.016267179318106 ], [ -57.538247928813348, -38.016266840044864 ], [ -57.538247837655149, -38.016266820467195 ], [ -57.538245852929947, -38.016266410719027 ], [ -57.538174967684029, -38.016301242599695 ], [ -57.538173911507727, -38.016304172265109 ], [ -57.538174869304328, -38.016304384286798 ], [ -57.538174699788726, -38.016305150237145 ], [ -57.538244654343828, -38.016270775683154 ], [ -57.538160802496236, -38.016531945807628 ], [ -57.538040859287378, -38.016515425489615 ], [ -57.537986660089246, -38.016504075736748 ], [ -57.53784006276743, -38.016474427576043 ], [ -57.537848178472871, -38.016435681312601 ], [ -57.537307230209251, -38.016364057746387 ], [ -57.537285811776883, -38.0163594068365 ], [ -57.536834827080384, -38.016260383773613 ], [ -57.536785378925572, -38.016343108607259 ], [ -57.536739856829229, -38.016488979919075 ], [ -57.536734402817331, -38.01651412743837 ], [ -57.536352263992114, -38.016434554836508 ], [ -57.536308377620969, -38.016425202469634 ], [ -57.5358779476461, -38.016338296338347 ], [ -57.535556584579012, -38.016272474351638 ], [ -57.535543699073287, -38.016269770791439 ], [ -57.535225721423387, -38.016206303387662 ], [ -57.535171474188758, -38.016258441926368 ], [ -57.53515703308085, -38.016309220712799 ], [ -57.534864033663212, -38.016268230523167 ], [ -57.53446740993229, -38.016168177729924 ], [ -57.534452975632234, -38.016175286905025 ], [ -57.534396262579037, -38.016202972580743 ], [ -57.534308180543576, -38.016502757985506 ], [ -57.534214057484462, -38.016877696440702 ], [ -57.533823472965878, -38.016824819465569 ], [ -57.533377796741661, -38.016721662906093 ], [ -57.533362733509421, -38.016729294388369 ], [ -57.533307186507841, -38.016757535357328 ], [ -57.533250101992508, -38.016958686108239 ], [ -57.533175634584552, -38.017302818792984 ], [ -57.532782452424726, -38.017248775738608 ], [ -57.532745930524356, -38.017240903959362 ], [ -57.532147834111072, -38.017108648901626 ], [ -57.532148082912443, -38.017107494478637 ], [ -57.532134051105686, -38.017105590471658 ], [ -57.532133525359654, -38.017105548589257 ], [ -57.532121550764998, -38.017105270581567 ], [ -57.532052277008574, -38.017140273359416 ], [ -57.532047606999129, -38.017157245842554 ], [ -57.532050448443272, -38.017157856013398 ], [ -57.532049955752427, -38.017160150581674 ], [ -57.531975796860308, -38.017567647863814 ], [ -57.531763435101823, -38.017538474532159 ], [ -57.531714123051472, -38.017527889486075 ], [ -57.531435837446509, -38.017468430935821 ], [ -57.531126877437828, -38.01740226454524 ], [ -57.53110707845974, -38.017395721052708 ], [ -57.530787399193571, -38.017253379222325 ], [ -57.530758003271956, -38.017268234330913 ], [ -57.530693547462477, -38.017422810385028 ], [ -57.530660871026782, -38.017431239912298 ], [ -57.530606030639603, -38.017599328000188 ], [ -57.530598457257611, -38.017635322820752 ], [ -57.53006081138534, -38.017527013336974 ], [ -57.530021945250382, -38.017518342221763 ], [ -57.529997469367061, -38.01750601147603 ], [ -57.529477558198948, -38.017396583993275 ], [ -57.529324303708961, -38.017361627667185 ], [ -57.529195972355069, -38.017315868399521 ], [ -57.529112551814137, -38.017205308353255 ], [ -57.528896865101274, -38.017145356656158 ], [ -57.528835490370284, -38.017147715433396 ], [ -57.528521526679867, -38.017081135877845 ], [ -57.528512395138193, -38.017069833462585 ], [ -57.52845942213213, -38.017045823728893 ], [ -57.528036413570362, -38.016904082836618 ], [ -57.528020847192238, -38.016900899993743 ], [ -57.527994834715685, -38.016890150674215 ], [ -57.528030986440854, -38.016882060834803 ], [ -57.528051327542187, -38.016875255329921 ], [ -57.528295912630995, -38.016810766096 ], [ -57.52832673381846, -38.016783106200478 ], [ -57.528574302892309, -38.016747986083601 ], [ -57.528601152534293, -38.016741854166071 ], [ -57.52866930939382, -38.016739449284501 ], [ -57.528701478567541, -38.016731844142555 ], [ -57.52884197442205, -38.01676120399685 ], [ -57.528918182837117, -38.016753039088371 ], [ -57.52892071026605, -38.0167527280218 ], [ -57.528928942664095, -38.016748891646785 ], [ -57.529253784435525, -38.016628893723009 ], [ -57.529342554817504, -38.016638313866451 ], [ -57.529573220461259, -38.016573819789755 ], [ -57.529673517116862, -38.016522079382241 ], [ -57.529679037902838, -38.016521048927757 ], [ -57.529681710737123, -38.016517852509082 ], [ -57.529791552496533, -38.016441771671452 ], [ -57.529898077002997, -38.016322116903666 ], [ -57.529950608035335, -38.016319198934696 ], [ -57.529976078852769, -38.01630250902241 ], [ -57.530094081868867, -38.016139220825664 ], [ -57.530133190655988, -38.016088762599338 ], [ -57.530184903890415, -38.016046859881612 ], [ -57.530210172585214, -38.016015193782096 ], [ -57.53027161375752, -38.015881069273689 ], [ -57.53047354779784, -38.015634837145512 ], [ -57.530539547250783, -38.015585378173114 ], [ -57.530578439742158, -38.015538878179655 ], [ -57.53060380681768, -38.015517873563226 ], [ -57.530617558504503, -38.015503527409521 ], [ -57.530755486710063, -38.015318293771884 ], [ -57.530760824787876, -38.015307948329848 ], [ -57.530800509131154, -38.01524688347746 ], [ -57.530806924541309, -38.01523424333061 ], [ -57.530819576057127, -38.015209315937113 ], [ -57.530993557489069, -38.014884602329289 ], [ -57.531038562588719, -38.01479319043699 ], [ -57.531118354819569, -38.014642170066566 ], [ -57.531247754947969, -38.014371056904338 ], [ -57.531284945678635, -38.014308642509263 ], [ -57.531293521815599, -38.014292115168701 ], [ -57.531322513088014, -38.014225776578598 ], [ -57.531303086955575, -38.014196249290251 ], [ -57.531294157762431, -38.014131834108639 ], [ -57.531339418774564, -38.01385672482013 ], [ -57.531338866683541, -38.01385546193751 ], [ -57.531338560917391, -38.013852093259686 ], [ -57.531337989256258, -38.013850241351975 ], [ -57.531329433614474, -38.013811444766191 ], [ -57.531316366614817, -38.013778448132939 ], [ -57.531302649769884, -38.013735710413812 ], [ -57.531298598983881, -38.013720678729214 ], [ -57.531296895812602, -38.013714358589084 ], [ -57.531252163491899, -38.013600538263631 ], [ -57.531251870498011, -38.013591623478192 ], [ -57.53124773284884, -38.013586626263645 ], [ -57.531243719302267, -38.013571540872476 ], [ -57.53122638821327, -38.01355481687375 ], [ -57.531219704288389, -38.013552966572433 ], [ -57.531219510558913, -38.013556883501678 ], [ -57.531198269501033, -38.013532592558306 ], [ -57.531088238714688, -38.013674992795302 ], [ -57.53100585899989, -38.013977050999983 ], [ -57.530700683999953, -38.015075683999839 ], [ -57.529479980000019, -38.015991210999914 ], [ -57.527282714999785, -38.016418456999929 ], [ -57.526298178999923, -38.016360543000019 ], [ -57.525845989, -38.016247495999892 ], [ -57.525416736000011, -38.015940885999839 ], [ -57.525989073999938, -38.015327667 ], [ -57.525907310999912, -38.015245903999983 ], [ -57.525825549, -38.015266344999986 ], [ -57.525580260999789, -38.015450310999938 ], [ -57.525151006999863, -38.015940885999839 ], [ -57.525028363999866, -38.016186173999984 ], [ -57.52459910999994, -38.016329257999928 ], [ -57.524169855999958, -38.016370139999935 ], [ -57.523985890999825, -38.016492783999865 ], [ -57.523965449999821, -38.01675851199991 ], [ -57.523955197999953, -38.016922547999968 ], [ -57.523945008999817, -38.017085561999977 ], [ -57.524047213000017, -38.017494374999956 ], [ -57.524251618999813, -38.017841866000026 ], [ -57.524558228999865, -38.018168916999912 ], [ -57.524578283999915, -38.018249139999966 ], [ -57.524639990999958, -38.018495966999865 ], [ -57.524762634999888, -38.01910918599998 ], [ -57.524833903999934, -38.019282267999813 ], [ -57.525048803999937, -38.019804167999837 ], [ -57.525498497999934, -38.020396946999938 ], [ -57.525784666999982, -38.020601352999904 ], [ -57.526213920999965, -38.020642234999912 ], [ -57.52664317499989, -38.02080575999986 ], [ -57.526949783999839, -38.020969284999865 ], [ -57.527133749999962, -38.021173691 ], [ -57.527195071999984, -38.021562063999909 ], [ -57.527098691999925, -38.021971677999943 ], [ -57.527031546999865, -38.022257045999936 ], [ -57.527072427999883, -38.022992908999981 ], [ -57.527154190999966, -38.02366745 ], [ -57.527186889999939, -38.023761916000012 ], [ -57.527338155999928, -38.024198907000027 ], [ -57.527828731999932, -38.024648601000024 ], [ -57.528441950999934, -38.024853007999866 ], [ -57.529136932999904, -38.025180057999933 ], [ -57.529463983999847, -38.025445785999977 ], [ -57.529484423999861, -38.025772836999863 ], [ -57.529486437999935, -38.025817150999899 ], [ -57.529504864999865, -38.02622253099986 ], [ -57.529382220999935, -38.026447377999887 ], [ -57.527665206999814, -38.027101479 ], [ -57.527746968999907, -38.027305884999976 ], [ -57.528646357999889, -38.026958393999905 ], [ -57.528809883, -38.027060597 ], [ -57.529300457999909, -38.027714697999954 ], [ -57.529709270999831, -38.028511882999908 ], [ -57.530158965999988, -38.029329508999979 ], [ -57.530547337999963, -38.03041286299981 ], [ -57.530710862999911, -38.031373573999815 ], [ -57.530710862999911, -38.031431116999954 ], [ -57.530710862999911, -38.03198679299993 ], [ -57.524520575999929, -38.035826920999966 ], [ -57.522473283000011, -38.037096953999878 ], [ -57.522391519999985, -38.037260479 ], [ -57.522616366999955, -38.037424004999934 ], [ -57.522861654999986, -38.037199157999908 ], [ -57.523168264999867, -38.036912988999859 ], [ -57.523679280999886, -38.036565497999959 ], [ -57.524047213000017, -38.036340649999829 ], [ -57.524619550999944, -38.036197566 ], [ -57.524964975999922, -38.036280467999916 ], [ -57.525130566999962, -38.036320209999928 ], [ -57.527992256999937, -38.034439669999927 ], [ -57.530486015999884, -38.033192790999976 ], [ -57.53224391099991, -38.032313843 ], [ -57.532979774999887, -38.031945911999912 ], [ -57.53318418099991, -38.031945911999912 ], [ -57.533633874999907, -38.032456927999931 ], [ -57.536311599999863, -38.036299768999925 ], [ -57.536010741999917, -38.036400054999945 ], [ -57.536004989999981, -38.036401972000021 ], [ -57.536010741999917, -38.036409641999853 ], [ -57.536556887999836, -38.037137835999886 ], [ -57.536229836999837, -38.03728092 ], [ -57.53581400999991, -38.036682128999928 ], [ -57.535718820999932, -38.036545056999955 ], [ -57.535421273999816, -38.036682128999928 ], [ -57.533899603999885, -38.037383122999927 ], [ -57.53126276, -38.035523024999861 ], [ -57.530997031999959, -38.035666108999976 ], [ -57.533368146999862, -38.037935020999953 ], [ -57.533613434999893, -38.038037223999879 ], [ -57.533899603999885, -38.038159867999809 ], [ -57.536229836999837, -38.03838471499995 ], [ -57.536311599999863, -38.038446036999858 ], [ -57.536361995999869, -38.038849202999927 ], [ -57.536372921999885, -38.038936611999873 ], [ -57.536402993999957, -38.03912907199998 ], [ -57.536475124999981, -38.039590713 ], [ -57.536475124999981, -38.0401017289999 ], [ -57.536291158999859, -38.040919354999971 ], [ -57.535923227999888, -38.041532573999802 ], [ -57.536822615999881, -38.041593896 ], [ -57.53688393799996, -38.041430370999876 ], [ -57.53688393799996, -38.041021557999898 ], [ -57.536965699999882, -38.040653626999813 ], [ -57.537272309999878, -38.040530982999883 ], [ -57.537905969999883, -38.040265254000019 ], [ -57.538396545999888, -38.0401017289999 ], [ -57.538744036999958, -38.040163050999922 ], [ -57.539050645999907, -38.040428779999957 ], [ -57.539316374999885, -38.040837591999946 ], [ -57.539336814999899, -38.041185083000016 ], [ -57.539255052999863, -38.041409930999862 ], [ -57.539111967999929, -38.04167565900002 ], [ -57.538968883999985, -38.04192094699988 ], [ -57.539071086999911, -38.042247996999947 ], [ -57.538825274999851, -38.042408308999882 ], [ -57.538600951999854, -38.042554607 ], [ -57.538887120999902, -38.043147384999827 ], [ -57.538894226999844, -38.043175809999866 ], [ -57.538989324, -38.043556197999919 ], [ -57.538989324, -38.043760604999875 ], [ -57.538988992999975, -38.043760880999969 ], [ -57.538898752999955, -38.043836080999881 ], [ -57.538744036999958, -38.043965010999898 ], [ -57.538498748999984, -38.044005892999905 ], [ -57.538130817000024, -38.04392412999988 ], [ -57.537313190999953, -38.043903688999876 ], [ -57.537082866, -38.044149369999957 ], [ -57.53700658199989, -38.044230739999932 ], [ -57.536761293999859, -38.044741755999951 ], [ -57.537020687999814, -38.044771153999989 ], [ -57.53982739099996, -38.045089247000021 ], [ -57.539908765999883, -38.04524618399995 ], [ -57.540236806, -38.045878832999961 ], [ -57.540399728999887, -38.046193042000027 ], [ -57.540624576000027, -38.046193042000027 ], [ -57.540542813, -38.046397448 ], [ -57.539711231999945, -38.046302228999821 ], [ -57.535187363999853, -38.045784228999878 ], [ -57.534778550999931, -38.045906872999979 ], [ -57.535943667999902, -38.047215073999951 ], [ -57.536086141999874, -38.047230454999976 ], [ -57.539541221999912, -38.047603445999925 ], [ -57.539500341, -38.048012259000018 ], [ -57.540338406999979, -38.048134902999948 ], [ -57.540256643999953, -38.048543715999926 ], [ -57.539418577999982, -38.048502835000022 ], [ -57.539398136999978, -38.0487890039999 ], [ -57.539184569999975, -38.04878005199987 ], [ -57.53598454999991, -38.048645918999853 ], [ -57.535923227999888, -38.04956574800002 ], [ -57.538028613999927, -38.050117645999876 ], [ -57.538028712999846, -38.050119728999846 ], [ -57.538049054999931, -38.050546898999869 ], [ -57.537905969999883, -38.050730864999878 ], [ -57.535607459999881, -38.050415038999859 ], [ -57.535349817999872, -38.050379637999868 ], [ -57.535228245999861, -38.050362932999917 ], [ -57.535244529999943, -38.050305936999905 ], [ -57.535514414999909, -38.049361342 ], [ -57.535003398999891, -38.049156934999871 ], [ -57.534595522999894, -38.049987792999957 ], [ -57.534451500999808, -38.050281170999881 ], [ -57.533912320999946, -38.049987792999957 ], [ -57.533157437999762, -38.04957704799989 ], [ -57.53306153699998, -38.049524866999832 ], [ -57.531426285999942, -38.048502835000022 ], [ -57.529566186999887, -38.046336125999972 ], [ -57.527869613, -38.044414704999895 ], [ -57.526684055999965, -38.043126944999926 ], [ -57.524496907000014, -38.041553014999806 ], [ -57.52337267099989, -38.040796710999928 ], [ -57.521900944999913, -38.040142609999918 ], [ -57.519336605999911, -38.039092644999982 ], [ -57.51930498299987, -38.039079696999977 ], [ -57.517874137999968, -38.038670884 ], [ -57.51771061199986, -38.039038815999902 ], [ -57.517845671999908, -38.039072580999914 ], [ -57.518037662999916, -38.039120578 ], [ -57.51858956, -38.039243221999925 ], [ -57.519039254, -38.039365866000026 ], [ -57.521492132, -38.040244813999834 ], [ -57.523740602999965, -38.041430370999876 ], [ -57.526009513999838, -38.04298386 ], [ -57.527072427999883, -38.044087655 ], [ -57.529259577, -38.046520091999923 ], [ -57.531201437999925, -38.048911646999898 ], [ -57.532652724, -38.0507921869999 ], [ -57.533937087999789, -38.053343319999954 ], [ -57.534484862999875, -38.054199218999884 ], [ -57.535278319999804, -38.055419922 ], [ -57.535827636999954, -38.056518555000025 ], [ -57.536315917999957, -38.057983397999919 ], [ -57.537109374999886, -38.059326172 ], [ -57.537902831999986, -38.060607909999987 ], [ -57.539001465000013, -38.062194824000017 ], [ -57.540283202999944, -38.065917968999884 ], [ -57.541198730000019, -38.069091796999942 ], [ -57.541625977000024, -38.070495604999905 ], [ -57.541992187999938, -38.072875976999967 ], [ -57.541381835999971, -38.074218749999943 ], [ -57.541503905999946, -38.07482910199991 ], [ -57.540771484, -38.077575683999896 ], [ -57.540588378999871, -38.078308104999905 ], [ -57.538208007999913, -38.080200194999861 ], [ -57.537780762000011, -38.080383300999927 ], [ -57.535705566, -38.080993651999904 ], [ -57.535095214999956, -38.082702636999898 ], [ -57.536621093999884, -38.083496094 ], [ -57.538391112999875, -38.085083008000026 ], [ -57.539489746000015, -38.08648681599982 ], [ -57.541381835999971, -38.090026854999905 ], [ -57.541198730000019, -38.091369628999985 ], [ -57.541015624999886, -38.093811034999817 ], [ -57.541381835999971, -38.094787597999982 ], [ -57.541625977000024, -38.095397948999846 ], [ -57.541992187999938, -38.096313477000024 ], [ -57.543090819999975, -38.098327636999954 ], [ -57.542907715000013, -38.099121093999884 ], [ -57.543395996000015, -38.100097655999946 ], [ -57.544494628999871, -38.101074218999941 ], [ -57.545776366999803, -38.101196288999915 ], [ -57.546691894999867, -38.10131835899989 ], [ -57.549194335999971, -38.101501464999842 ], [ -57.550720215000013, -38.101806640999882 ], [ -57.553283690999933, -38.102416991999917 ], [ -57.556213378999871, -38.102905272999919 ], [ -57.557312011999898, -38.103088378999871 ], [ -57.562377929999855, -38.104492187999938 ], [ -57.564208983999833, -38.105407715000013 ], [ -57.566223144999924, -38.105895996000015 ], [ -57.570312499999886, -38.107604980000019 ], [ -57.572082519999981, -38.108093262000011 ], [ -57.574584960999914, -38.109069823999903 ], [ -57.576293944999748, -38.110229491999917 ], [ -57.578002929999911, -38.110900878999871 ], [ -57.580078124999943, -38.11218261699986 ], [ -57.582092284999874, -38.112792968999827 ], [ -57.583496093999941, -38.113891601999967 ], [ -57.584899901999904, -38.114685058999896 ], [ -57.586486815999933, -38.115722655999946 ], [ -57.588317871000015, -38.1163940429999 ], [ -57.591186522999863, -38.118225097999868 ], [ -57.592712401999904, -38.119201659999931 ], [ -57.593811034999874, -38.119873046999885 ], [ -57.595825194999975, -38.121704101999967 ], [ -57.598083495999958, -38.12390136699986 ], [ -57.598693847999925, -38.124389647999863 ], [ -57.600524901999904, -38.126770019999981 ], [ -57.601684569999918, -38.127685546999885 ], [ -57.604797362999989, -38.130676269999981 ], [ -57.605895995999958, -38.132080077999944 ], [ -57.606689452999888, -38.133789062999881 ], [ -57.607177733999947, -38.136108397999919 ], [ -57.607299805000025, -38.13842773399989 ], [ -57.607910155999889, -38.139892577999944 ], [ -57.608703612999989, -38.141601562999881 ], [ -57.61022949199986, -38.143981933999896 ], [ -57.611511229999792, -38.145812987999875 ], [ -57.612304687999881, -38.146423339999842 ], [ -57.61358642599987, -38.14758300799997 ], [ -57.614501952999888, -38.148315429999911 ], [ -57.615173339999899, -38.149902343999941 ], [ -57.615783690999876, -38.150817871000015 ], [ -57.616394043000014, -38.151794433999896 ], [ -57.616577147999976, -38.151977538999859 ], [ -57.61828613299997, -38.152526855000019 ], [ -57.619873046999828, -38.153869628999928 ], [ -57.620422362999989, -38.155090331999929 ], [ -57.622375487999932, -38.156799315999933 ], [ -57.627807616999974, -38.161376952999888 ], [ -57.629699706999872, -38.163208007999856 ], [ -57.631896972999925, -38.164978026999847 ], [ -57.634094237999932, -38.167480468999884 ], [ -57.634399413999859, -38.169006347999925 ], [ -57.634094237999932, -38.170593261999954 ], [ -57.635681151999961, -38.17248535199991 ], [ -57.637390136999954, -38.173095702999888 ], [ -57.638122558999896, -38.173400878999985 ], [ -57.639892577999888, -38.174377440999876 ], [ -57.641784667999787, -38.175476074000017 ], [ -57.642700194999861, -38.176025390999882 ], [ -57.643920897999863, -38.176513671999885 ], [ -57.64508056599982, -38.17742919899996 ], [ -57.645690917999957, -38.177673339999899 ], [ -57.647399901999961, -38.179199218999941 ], [ -57.648376465000013, -38.179687499999943 ], [ -57.649597167999957, -38.180419921999885 ], [ -57.651306151999961, -38.182006835999914 ], [ -57.652282715000013, -38.183410644999981 ], [ -57.65490722699991, -38.18469238299997 ], [ -57.656616210999914, -38.186096190999876 ], [ -57.657287597999868, -38.186706543000014 ], [ -57.658081054999968, -38.18780517599987 ], [ -57.661682128999871, -38.190002440999876 ], [ -57.662475585999857, -38.191284179999855 ], [ -57.665222168000014, -38.193481444999861 ], [ -57.665710448999903, -38.193786620999902 ], [ -57.668273925999927, -38.195312499999829 ], [ -57.668884276999961, -38.195678711000028 ], [ -57.670104979999905, -38.196716308999896 ], [ -57.671997069999861, -38.197204589999899 ], [ -57.673095703, -38.198181151999961 ], [ -57.674011229999905, -38.19897460899989 ], [ -57.675170897999919, -38.199584961000028 ], [ -57.677978515999882, -38.201293944999861 ], [ -57.682006836000028, -38.204589843999884 ], [ -57.683776855000019, -38.205078124999886 ], [ -57.685485839999842, -38.205871581999986 ], [ -57.687805175999983, -38.206909179999855 ], [ -57.689086913999915, -38.207580566 ], [ -57.691406249999886, -38.208007812999881 ], [ -57.692810058999839, -38.208801269999924 ], [ -57.695190429999911, -38.21011352499994 ], [ -57.6964721679999, -38.210998534999987 ], [ -57.697875976999967, -38.211791991999917 ], [ -57.698669433999896, -38.212219237999818 ], [ -57.699401854999905, -38.213012694999918 ], [ -57.700195312999938, -38.214599608999947 ], [ -57.701599120999902, -38.215576171999942 ], [ -57.70397949199986, -38.216979979999905 ], [ -57.705810546999771, -38.217895507999913 ], [ -57.7081909179999, -38.219177245999902 ], [ -57.713012694999861, -38.221008300999983 ], [ -57.714904784999931, -38.222290038999972 ], [ -57.717102050999927, -38.223510741999803 ], [ -57.719299316, -38.224304199000017 ], [ -57.722106933999953, -38.22521972699991 ], [ -57.724487304999911, -38.226379394999924 ], [ -57.726684569999804, -38.227600097999868 ], [ -57.727783202999944, -38.228881835999857 ], [ -57.729309081999986, -38.229187011999898 ], [ -57.731506347999982, -38.22961425799997 ], [ -57.7335815429999, -38.230102538999972 ], [ -57.73468017599987, -38.230407714999899 ], [ -57.737121581999986, -38.231323241999803 ], [ -57.738891601999967, -38.231994628999928 ], [ -57.741577147999863, -38.23327636699986 ], [ -57.747619628999871, -38.235107422 ], [ -57.74890136699986, -38.235473633000026 ], [ -57.752380370999958, -38.236572265999882 ], [ -57.754882812999881, -38.237304688 ], [ -57.758605956999816, -38.238891602000024 ], [ -57.759887694999918, -38.239807128999928 ], [ -57.761108397999863, -38.240112304999855 ], [ -57.763183593999941, -38.24108886699986 ], [ -57.766113280999889, -38.242187499999886 ], [ -57.767517089999956, -38.242797852000024 ], [ -57.769775390999939, -38.244018554999855 ], [ -57.770629883000026, -38.244384765999882 ], [ -57.771606444999748, -38.244506836000028 ], [ -57.772888183999839, -38.244812011999954 ], [ -57.775207519999867, -38.245300292999957 ], [ -57.7767578079999, -38.245598426000015 ], [ -57.776794433999896, -38.245605468999884 ], [ -57.779296874999943, -38.247009276999961 ], [ -57.782226562999938, -38.248107909999817 ], [ -57.783691406, -38.248718261999954 ], [ -57.784729003999871, -38.249572753999871 ], [ -57.786926269999867, -38.250183105000019 ], [ -57.787780761999954, -38.250671387000011 ], [ -57.788696288999859, -38.251403808999953 ], [ -57.790588378999814, -38.252380371000015 ], [ -57.793212891, -38.254211425999813 ], [ -57.796203612999932, -38.255798340000013 ], [ -57.797607421999885, -38.256591796999942 ], [ -57.799499511999954, -38.257080077999831 ], [ -57.800781249999943, -38.257873534999874 ], [ -57.802124022999863, -38.258178710999971 ], [ -57.803283690999876, -38.259582519999867 ], [ -57.804992675999813, -38.259582519999867 ], [ -57.806823729999792, -38.260498046999942 ], [ -57.807128905999889, -38.261413574000017 ], [ -57.807983397999976, -38.261779784999931 ], [ -57.810180663999972, -38.262390136999898 ], [ -57.810729979999962, -38.2628784179999 ], [ -57.811279296999942, -38.263305663999802 ], [ -57.812011718999941, -38.263977050999927 ], [ -57.813415527000018, -38.263671875 ], [ -57.814086913999972, -38.263610840000013 ], [ -57.814270019999924, -38.263793944999975 ], [ -57.815002440999876, -38.264404296999942 ], [ -57.815612793000014, -38.264892577999831 ], [ -57.815979003999928, -38.266296386999898 ], [ -57.817687987999932, -38.266113280999946 ], [ -57.818603515999769, -38.265991210999971 ], [ -57.820007323999903, -38.26647949199986 ], [ -57.820007323999903, -38.268127440999876 ], [ -57.820495604999905, -38.268127440999876 ], [ -57.821289063, -38.268005370999902 ], [ -57.823425292999843, -38.268615722999868 ], [ -57.824279784999931, -38.27038574199986 ], [ -57.825195313, -38.270507812999824 ], [ -57.826477050999927, -38.270812987999875 ], [ -57.827270507999913, -38.271423340000013 ], [ -57.828186034999931, -38.272399901999904 ], [ -57.828796386999954, -38.272583008000026 ], [ -57.830993651999961, -38.2745971679999 ], [ -57.833923339999899, -38.277587890999882 ], [ -57.834472655999946, -38.278686522999919 ], [ -57.834289550999983, -38.280700683999953 ], [ -57.834411620999958, -38.282775878999985 ], [ -57.834899901999961, -38.284790038999915 ], [ -57.835388183999783, -38.286193847999982 ], [ -57.836486816, -38.287414550999813 ], [ -57.837585449000017, -38.288208008000026 ], [ -57.838623046999828, -38.289001464999842 ], [ -57.840026854999962, -38.289123534999817 ], [ -57.840270995999845, -38.289123534999817 ], [ -57.841308593999884, -38.28967285199991 ], [ -57.846374511999898, -38.2921752929999 ], [ -57.846984862999875, -38.292785644999867 ], [ -57.848205565999876, -38.294128417999957 ], [ -57.850585937999938, -38.295227050999813 ], [ -57.853393554999968, -38.296569823999903 ], [ -57.856201171999828, -38.297607421999942 ], [ -57.858703612999875, -38.298706054999911 ], [ -57.859313964999899, -38.298828124999886 ], [ -57.863708495999902, -38.300720215000013 ], [ -57.866027831999872, -38.301574706999929 ], [ -57.867919922, -38.302001952999944 ], [ -57.871582030999889, -38.302978516 ], [ -57.875488280999889, -38.304077147999863 ], [ -57.877685546999942, -38.30499267599987 ], [ -57.881774901999904, -38.305908202999831 ], [ -57.884704590000013, -38.306701659999874 ], [ -57.8878784179999, -38.3078002929999 ], [ -57.890686034999874, -38.309204101999967 ], [ -57.894897460999971, -38.310180663999859 ], [ -57.896972655999889, -38.311218261999898 ], [ -57.898315429999968, -38.311828612999875 ], [ -57.900817870999902, -38.312316894999867 ], [ -57.902526854999905, -38.312805175999927 ], [ -57.909423828, -38.31530761699986 ], [ -57.911193847999982, -38.316223144999867 ], [ -57.914306640999882, -38.317077636999954 ], [ -57.918029784999931, -38.318481444999918 ], [ -57.921691894999867, -38.319580077999888 ], [ -57.925598144999867, -38.320678710999914 ], [ -57.929626465000013, -38.322387694999918 ], [ -57.932617187999938, -38.323303222999812 ], [ -57.934509276999904, -38.324401854999849 ], [ -57.936828612999875, -38.324890136999841 ], [ -57.94030761699986, -38.326599120999958 ], [ -57.941589354999962, -38.32678222699991 ], [ -57.94250488299997, -38.327209472999812 ], [ -57.944702147999863, -38.327880858999947 ], [ -57.945373534999987, -38.328186034999874 ], [ -57.946899413999859, -38.328308104999962 ], [ -57.94812011699986, -38.328796386999841 ], [ -57.949707030999889, -38.329589843999941 ], [ -57.950988769999981, -38.329895019999981 ], [ -57.95257568400001, -38.330810546999885 ], [ -57.953613280999889, -38.331115722999982 ], [ -57.955505370999845, -38.33148193400001 ], [ -57.95648193400001, -38.332275390999939 ], [ -57.960815429999911, -38.333801269999981 ], [ -57.962585448999903, -38.334716796999885 ], [ -57.96398925799997, -38.335693358999947 ], [ -57.966308593999941, -38.336181640999826 ], [ -57.968811034999874, -38.337707519999867 ], [ -57.971191406, -38.339294433999896 ], [ -57.972778319999861, -38.340820312999938 ], [ -57.974792479999905, -38.341186522999863 ], [ -57.978881836000028, -38.34289550799997 ], [ -57.981811522999863, -38.344482422 ], [ -57.984313964999899, -38.346191406 ], [ -57.98687744099982, -38.347473144999924 ], [ -57.990478515999939, -38.348693847999925 ], [ -57.992187499999943, -38.34991455099987 ], [ -57.994689940999876, -38.35070800799997 ], [ -57.997802733999947, -38.351928710999971 ], [ -57.999206543000014, -38.353210448999903 ], [ -57.999389647999976, -38.353393555000025 ], [ -58.002197265999939, -38.354187011999954 ], [ -58.005615233999947, -38.355712891 ], [ -58.00842285199991, -38.357604979999962 ], [ -58.009399413999972, -38.358520507999856 ], [ -58.010192870999902, -38.35919189499981 ], [ -58.011596679999968, -38.359680175999983 ], [ -58.013427733999947, -38.36022949199986 ], [ -58.014709472999868, -38.36102294899996 ], [ -58.015808104999905, -38.361389159999987 ], [ -58.017883300999927, -38.362976074000017 ], [ -58.018615722999868, -38.363403319999918 ], [ -58.019104003999928, -38.363586425999983 ], [ -58.020080566, -38.364196776999847 ], [ -58.020996093999884, -38.364685058999839 ], [ -58.021972655999889, -38.365173340000013 ], [ -58.023803711000028, -38.365600585999914 ], [ -58.025878905999946, -38.367004394999981 ], [ -58.027709961000028, -38.36779785199991 ], [ -58.029907227000024, -38.36859130900001 ], [ -58.033691405999946, -38.370178222999868 ], [ -58.036499022999806, -38.371582030999832 ], [ -58.037475585999971, -38.371887206999872 ], [ -58.039611815999876, -38.37249755900001 ], [ -58.040893554999968, -38.373107909999874 ], [ -58.043579101999967, -38.374511718999941 ], [ -58.044982909999931, -38.375122069999918 ], [ -58.0460815429999, -38.37561035199991 ], [ -58.048095702999831, -38.376586913999972 ], [ -58.051025390999939, -38.377807616999803 ], [ -58.052612304999968, -38.378601073999903 ], [ -58.052769638791688, -38.37867048602709 ], [ -58.069640280675685, -38.384100417179525 ], [ -58.104039351349059, -38.352771073425117 ], [ -58.107512768790343, -38.312080813535204 ], [ -58.115736007804514, -38.347501334280253 ], [ -58.133969753528504, -38.344309182525876 ], [ -58.135631575017328, -38.358751236569731 ], [ -58.152406395274738, -38.355524671370631 ], [ -58.164147540431827, -38.363458269238947 ], [ -58.150892606141838, -38.327630363264689 ], [ -58.21632444142648, -38.308622021318001 ], [ -58.248391137015119, -38.333144033510109 ], [ -58.252699962718623, -38.345629559546012 ], [ -58.252697762211312, -38.345666819499797 ], [ -58.252695824901821, -38.345704094065013 ], [ -58.257988731528542, -38.345496341429225 ], [ -58.257402167024736, -38.357460307024496 ], [ -58.257395621449916, -38.357538194807205 ], [ -58.256500051171713, -38.360004426761861 ], [ -58.257008813751952, -38.360881739284252 ], [ -58.257117451269778, -38.360063294069278 ], [ -58.257122011140211, -38.36002407799441 ], [ -58.259879894492371, -38.357619491622188 ], [ -58.258184680284785, -38.345359446111217 ], [ -58.263977208539359, -38.344881966649552 ], [ -58.270120762776685, -38.344414929229515 ], [ -58.276404879094855, -38.327402382268644 ], [ -58.294405709044327, -38.323207512992894 ], [ -58.31995205985902, -38.324109034988169 ], [ -58.32838002633116, -38.324085996170822 ], [ -58.342734993740521, -38.328855860819942 ], [ -58.350592102985161, -38.331891622751471 ], [ -58.352055324161313, -38.333114136469192 ], [ -58.352111886413695, -38.333163377288088 ], [ -58.352504408336927, -38.333476776375392 ], [ -58.352560998428828, -38.33352649667296 ], [ -58.352783752672565, -38.333740306206835 ], [ -58.352840560382504, -38.333789480062421 ], [ -58.35669650981265, -38.344143742202277 ], [ -58.361783872882143, -38.348028283067151 ], [ -58.368739906179599, -38.347080255240883 ], [ -58.373804288027316, -38.351385795275235 ], [ -58.368713282866167, -38.3468042815648 ], [ -58.368683465065033, -38.34677899061785 ], [ -58.368532296312594, -38.346644059545952 ], [ -58.368472613068036, -38.34659359722275 ], [ -58.366096061312533, -38.344512977814247 ], [ -58.36603697317247, -38.344462543296345 ], [ -58.36148918057637, -38.340384422500961 ], [ -58.36146013452975, -38.340359315673709 ], [ -58.361430921753708, -38.34033440304006 ], [ -58.359542572899102, -38.326294594436433 ], [ -58.342705030688762, -38.29228335810825 ], [ -58.342737017576269, -38.292260276853995 ], [ -58.343651318393313, -38.291406630590984 ], [ -58.342151667907274, -38.291662046934619 ], [ -58.333567871707487, -38.29866118714051 ], [ -58.331468472344227, -38.297311961028186 ], [ -58.330592196695761, -38.297460546235868 ], [ -58.309980743502194, -38.29723571025886 ], [ -58.297390297343156, -38.303577872410813 ], [ -58.277620737003417, -38.271517780161844 ], [ -58.282791598728465, -38.259498309017431 ], [ -58.289035044146999, -38.253076345337718 ], [ -58.27787698379052, -38.254993103235449 ], [ -58.27477580415308, -38.258670894935904 ], [ -58.274414817143565, -38.2588077336232 ], [ -58.263958416952221, -38.260352801037413 ], [ -58.260023060152434, -38.267355209000584 ], [ -58.247467245568203, -38.273733039367869 ], [ -58.217017452988671, -38.238843731896964 ], [ -58.245108741102513, -38.203266975539805 ], [ -58.214712697408572, -38.165466387587571 ], [ -58.21914562942834, -38.162138607092231 ], [ -58.230075122051289, -38.162232101274753 ], [ -58.231270756162303, -38.152570402439039 ], [ -58.231869033201747, -38.152150522757779 ], [ -58.231931554906566, -38.152103193304242 ], [ -58.233133977029468, -38.151130198382361 ], [ -58.23319673776416, -38.151082353165236 ], [ -58.233656905646512, -38.150755565432917 ], [ -58.233688200933045, -38.150731707685054 ], [ -58.234965308262645, -38.149735446513546 ], [ -58.234111322833144, -38.148164874883889 ], [ -58.234114332116917, -38.14816265990288 ], [ -58.235505879579307, -38.149290019337172 ], [ -58.235334190638468, -38.149463930932654 ], [ -58.235753395341874, -38.149164464851935 ], [ -58.235506309843061, -38.149289711970823 ], [ -58.234117928177852, -38.148160090995134 ], [ -58.234125493554188, -38.148139615735772 ], [ -58.233665964380918, -38.146330216793729 ], [ -58.236648601435149, -38.146748047648884 ], [ -58.237381018111876, -38.146165711067169 ], [ -58.238775514695647, -38.143289547373286 ], [ -58.239845075327366, -38.14117779051071 ], [ -58.238151605284429, -38.141671548629176 ], [ -58.238113887162115, -38.141682915280057 ], [ -58.237917384118475, -38.141736925460407 ], [ -58.237842095168048, -38.141759917768297 ], [ -58.237539982136184, -38.141846054485427 ], [ -58.237464660496187, -38.141868615790145 ], [ -58.230580975687246, -38.143732140377153 ], [ -58.227596519958411, -38.138610937597718 ], [ -58.223392749911227, -38.144425986870203 ], [ -58.221882792353313, -38.144910975176799 ], [ -58.221809321482908, -38.144932060729843 ], [ -58.216442693123156, -38.143552779516426 ], [ -58.216383570698895, -38.143504268430434 ], [ -58.215912228450918, -38.138522428413978 ], [ -58.208065454711686, -38.13679132518098 ], [ -58.206848794513576, -38.144726288285938 ], [ -58.206714938480218, -38.144615598819826 ], [ -58.206641938550092, -38.144600080923453 ], [ -58.202620513310819, -38.147438177509912 ], [ -58.192266748652457, -38.143881371955104 ], [ -58.192207993797467, -38.143832826123912 ], [ -58.196653938717645, -38.130144419851717 ], [ -58.200100841111919, -38.130203188037399 ], [ -58.200131054513406, -38.130227912270811 ], [ -58.200160949293831, -38.130253020823943 ], [ -58.201029866166152, -38.132474034685458 ], [ -58.20347249655299, -38.132993274705427 ], [ -58.201962493727819, -38.131722757220246 ], [ -58.202097223510066, -38.128483057057338 ], [ -58.198262627047768, -38.128603001072236 ], [ -58.202404017168192, -38.102378715651525 ], [ -58.17722629510115, -38.11004094778076 ], [ -58.166024629954222, -38.101354063535496 ], [ -58.167742335288381, -38.090699304944962 ], [ -58.169920546268315, -38.078143528179282 ], [ -58.154318807431366, -38.090492188627252 ], [ -58.154286628257125, -38.090509762512454 ], [ -58.135310859163724, -38.093317452229826 ], [ -58.117705060216053, -38.073398129758857 ], [ -58.117667878115981, -38.073348744133398 ], [ -58.115650135907572, -38.049405150106395 ], [ -58.139695434701139, -38.055878695543583 ], [ -58.144776932181003, -38.050429007830587 ], [ -58.169409885216851, -38.046331047040781 ], [ -58.186929739050754, -38.060393135211314 ], [ -58.192882397156097, -38.035329641711485 ], [ -58.192930448960169, -38.035273160749853 ], [ -58.193012300552596, -38.035151057430085 ], [ -58.203002339250418, -38.029812170276443 ], [ -58.204066286003751, -38.026601509660964 ], [ -58.173724377290569, -38.030551354883016 ], [ -58.159495466802923, -38.016495557643054 ], [ -58.202761187785086, -37.974074959029338 ], [ -58.215073867087881, -37.981778859168742 ], [ -58.230210186365412, -37.966679295432868 ], [ -58.262679363825896, -37.967674400698968 ], [ -58.269701742276993, -37.926648829809665 ], [ -58.269759792361526, -37.926625941045643 ], [ -58.272858225344976, -37.923894306989098 ], [ -58.298981219702512, -37.930335363152551 ], [ -58.292801813571373, -37.953908951147639 ], [ -58.30507749913221, -37.956599387104404 ], [ -58.301402205689385, -37.948869051936867 ], [ -58.308725219368853, -37.94707187448671 ], [ -58.309028219133154, -37.945603737556553 ], [ -58.315328198660723, -37.942856139780929 ], [ -58.318275136897455, -37.945148055617949 ], [ -58.318253019281883, -37.945206766619549 ], [ -58.323003054072274, -37.945056643834562 ], [ -58.323099394874987, -37.945018040163006 ], [ -58.327233485471311, -37.943683729205759 ], [ -58.32729548444189, -37.943673774901185 ], [ -58.329145984176591, -37.943455879286205 ], [ -58.331441424075194, -37.946098583117703 ], [ -58.337782800689524, -37.947933627844975 ], [ -58.340136682617185, -37.936910552714437 ], [ -58.34019642877098, -37.93686599643496 ], [ -58.350650876928739, -37.936093210877289 ], [ -58.358077148839413, -37.941709996806992 ], [ -58.358761049628185, -37.941686097344757 ], [ -58.364408157943672, -37.944068037195734 ], [ -58.367202931340273, -37.94693570055432 ], [ -58.375967726858448, -37.948915881706057 ], [ -58.374250563557212, -37.942674298802388 ], [ -58.36772850640881, -37.941839818804567 ], [ -58.367670004892886, -37.941790663991299 ], [ -58.375330452146159, -37.924359407441102 ], [ -58.375400785544798, -37.924324359895365 ], [ -58.382132111845351, -37.921476745452253 ], [ -58.382783261194618, -37.920797816256481 ], [ -58.392904346671287, -37.922711817247148 ], [ -58.393072393849422, -37.923054482926602 ], [ -58.393632146649963, -37.922622682571159 ], [ -58.372510947552712, -37.90385828326157 ], [ -58.37279802521283, -37.903035691019966 ], [ -58.412108309889334, -37.869117899908758 ], [ -58.407313375560818, -37.855799165651092 ], [ -58.410747262993425, -37.851900630090825 ], [ -58.413107362707592, -37.845679183553614 ], [ -58.401656146656251, -37.833966765148318 ], [ -58.394391756494599, -37.818491539116621 ], [ -58.404529471343153, -37.79412951551825 ], [ -58.404694162952921, -37.793445301266047 ], [ -58.412667641135954, -37.789130954159987 ], [ -58.41107822662093, -37.782582234798724 ], [ -58.404771131531618, -37.782342080627643 ], [ -58.404377279937989, -37.786923319940286 ], [ -58.400171664714605, -37.783173965164281 ], [ -58.400306255303235, -37.789037933168629 ], [ -58.396303266907637, -37.790810646138311 ], [ -58.396236103424599, -37.790841431215995 ], [ -58.385779273082278, -37.79349566280257 ], [ -58.377085913132589, -37.782345556802682 ], [ -58.385122559156912, -37.767854601649219 ], [ -58.40252892882387, -37.764696829506192 ], [ -58.403136143287838, -37.764589568201984 ], [ -58.417722549604832, -37.774893390860711 ], [ -58.442222207829559, -37.733604958983449 ], [ -58.442290364002702, -37.733621054783157 ], [ -58.459724550866042, -37.737608291626771 ], [ -58.485355214565118, -37.735187574337488 ], [ -58.485121635499354, -37.735805018472149 ], [ -58.485141187498925, -37.738292268780185 ], [ -58.516533231617473, -37.73367652647687 ], [ -58.518207670535787, -37.732489644362431 ], [ -58.517832636781691, -37.732338694377916 ], [ -58.528830260131997, -37.726528581693628 ], [ -58.528436818366401, -37.724958690391134 ], [ -58.522029880564958, -37.720602808651506 ], [ -58.526211633861067, -37.717130689301939 ], [ -58.532437099372942, -37.698708374714897 ], [ -58.542841814858832, -37.702868908044479 ], [ -58.549909261800394, -37.711030333821554 ], [ -58.550025056909874, -37.711445927975831 ], [ -58.550046079801405, -37.711529812447452 ], [ -58.551936962498587, -37.711857588048019 ], [ -58.567535097555208, -37.717457993369351 ], [ -58.576630103015702, -37.728661501717227 ], [ -58.56461658933614, -37.732761609010026 ], [ -58.564082877186706, -37.738554842301085 ], [ -58.564052075345558, -37.738579271389597 ], [ -58.562247949138396, -37.73996392890632 ], [ -58.565041982059768, -37.739488284776201 ], [ -58.565858025677244, -37.73726008362479 ], [ -58.567601467814029, -37.738836078436066 ], [ -58.567670618706245, -37.738835190477573 ], [ -58.567651958610554, -37.738830707254806 ], [ -58.56762706084254, -37.738828998784129 ], [ -58.586088413121331, -37.733601569618202 ], [ -58.595154537547558, -37.726157898263978 ], [ -58.595221285503783, -37.72618828748341 ], [ -58.596718943060239, -37.726291055900106 ], [ -58.607302926217983, -37.730390342486203 ], [ -58.607371277159643, -37.73042123418702 ], [ -58.606733986003007, -37.735063769746318 ], [ -58.607742756020059, -37.73507574681895 ], [ -58.622036645508445, -37.738707750660922 ], [ -58.612923809982078, -37.731820584576553 ], [ -58.612889694088665, -37.731803230461594 ], [ -58.607390987895371, -37.728368385437534 ], [ -58.60683994950864, -37.695722041710894 ], [ -58.616715445070497, -37.673088540935169 ], [ -58.628406062675538, -37.634476730111601 ], [ -58.630560619758285, -37.631940615461303 ], [ -58.651993387850723, -37.631740145976096 ], [ -58.669654350377186, -37.589542532805126 ], [ -58.670249323419682, -37.588689888827219 ], [ -58.6800878767462, -37.591789531431573 ], [ -58.680252565060414, -37.5868413027423 ], [ -58.68577628566112, -37.586550887623048 ], [ -58.680226107599367, -37.586777765076135 ], [ -58.676525319916834, -37.583272822572098 ], [ -58.671238665710064, -37.585062210026024 ], [ -58.671189948587823, -37.585469447077742 ], [ -58.670357681105088, -37.584710673321297 ], [ -58.670078718221362, -37.584456344371063 ], [ -58.669953495932305, -37.584538610098093 ], [ -58.670031935571672, -37.588534096773401 ], [ -58.635587422129504, -37.613586158413113 ], [ -58.630870396777141, -37.612376488886071 ], [ -58.630841138045639, -37.612397988864927 ], [ -58.630815731474001, -37.612423927804286 ], [ -58.620285547417382, -37.620773977119597 ], [ -58.577466540958653, -37.627135075761089 ], [ -58.612993300010658, -37.569818508498201 ], [ -58.67748586070519, -37.470973295339547 ], [ -58.678944068586645, -37.471344287588465 ], [ -58.679110912636929, -37.471313741471818 ], [ -58.679170580567529, -37.471317253832069 ], [ -58.713593169700346, -37.474030694159239 ], [ -58.714089506347932, -37.472976197266178 ], [ -58.725301282053579, -37.479479907459051 ], [ -58.723049166509554, -37.473897191959395 ], [ -58.723375485189706, -37.473707217701531 ], [ -58.723195374013073, -37.473552984567391 ], [ -58.743690924718692, -37.43585840886675 ], [ -58.744629111720599, -37.423962493564886 ], [ -58.758145742055774, -37.412009669355371 ], [ -58.76701711151145, -37.455319896298306 ], [ -58.800419795210928, -37.449418718416382 ], [ -58.812727827753292, -37.476688557319676 ], [ -58.797466142762687, -37.479976650018841 ], [ -58.791786067537601, -37.4877555197574 ], [ -58.789421368914986, -37.494590314198945 ], [ -58.789389867213742, -37.494613704967094 ], [ -58.785693950917334, -37.49738493191893 ], [ -58.792937408449859, -37.497474687390707 ], [ -58.795425012161161, -37.490313356698152 ], [ -58.795456035413508, -37.490290321189832 ], [ -58.795487007824363, -37.490267217367659 ], [ -58.805718499229215, -37.490758140636729 ], [ -58.804108120978299, -37.484072409648945 ], [ -58.817571896099821, -37.481776893236372 ], [ -58.818918763719296, -37.481427460024406 ], [ -58.853189434257274, -37.478392239522179 ], [ -58.847136906256253, -37.456571740157358 ], [ -58.857787947529118, -37.446894651000321 ], [ -58.891046704094151, -37.448214796499826 ], [ -58.881314801413112, -37.491638903620412 ], [ -58.913966050161036, -37.473293666870802 ], [ -58.918938143230775, -37.472032045897947 ], [ -58.915885554252895, -37.472265927005253 ], [ -58.952499717720684, -37.453475416596177 ], [ -58.948545613169529, -37.447789243616057 ], [ -58.963009079765925, -37.448815881191649 ], [ -58.963601432279347, -37.448770496744942 ], [ -58.963427386620936, -37.448710122725743 ], [ -58.978071186844829, -37.419558032509883 ], [ -59.029772078159453, -37.420567445406277 ], [ -59.033160905179443, -37.433133539677101 ], [ -59.040823445106241, -37.431321684131831 ], [ -59.041737245093202, -37.42706787360936 ], [ -59.041800608861593, -37.427024150366094 ], [ -59.043715793254535, -37.426318810677856 ], [ -59.048099661026527, -37.429819082566212 ], [ -59.049603820708398, -37.423824434968139 ], [ -59.053344060945392, -37.424697893509915 ], [ -59.066632968384397, -37.444514190375003 ], [ -59.09943997924745, -37.435427554602313 ], [ -59.125654590719591, -37.408840733558293 ], [ -59.130637998967245, -37.408054387405855 ], [ -59.142836132322998, -37.424715287452898 ], [ -59.140666674863212, -37.429221968307786 ], [ -59.14149257290353, -37.429999825064669 ], [ -59.141551292625593, -37.430052813705515 ], [ -59.141614754233956, -37.430088190448657 ], [ -59.141644132125634, -37.430114694487258 ], [ -59.141848687996969, -37.430262725458476 ], [ -59.142874992999907, -37.424749501180031 ], [ -59.14322446099294, -37.424784570238273 ], [ -59.152626939530535, -37.431284311424349 ], [ -59.174043684076992, -37.461469508943367 ], [ -59.174024260012061, -37.461546083136113 ], [ -59.17398613397711, -37.461749669329208 ], [ -59.173976444892389, -37.461787980948145 ], [ -59.173715925661895, -37.463057987713853 ], [ -59.174099795084942, -37.461804067900516 ], [ -59.174109484169662, -37.461765756281409 ], [ -59.1741748209609, -37.461565718831423 ], [ -59.174194245025944, -37.461489144638733 ], [ -59.195351063791122, -37.435088859231428 ], [ -59.208510819067726, -37.434103338480668 ], [ -59.212016022584066, -37.439066177027541 ], [ -59.223882323352882, -37.440999133059847 ], [ -59.223918201501704, -37.441015477021665 ], [ -59.226824918868147, -37.442324482868401 ], [ -59.224609247390219, -37.440530253766042 ], [ -59.214619152523028, -37.43674885843717 ], [ -59.214041130428313, -37.436074865341538 ], [ -59.204267791344705, -37.428517241863744 ], [ -59.198816293204914, -37.428698529926692 ], [ -59.187097549254304, -37.411766608058826 ], [ -59.187115598124194, -37.411693446428842 ], [ -59.187144597500435, -37.41156671029961 ], [ -59.187645834143098, -37.409495953634632 ], [ -59.187664465474938, -37.409422623803778 ], [ -59.194025412246958, -37.404870848174028 ], [ -59.191416822771316, -37.394964182920319 ], [ -59.196370408451457, -37.384247332627012 ], [ -59.197126361480514, -37.383503348490024 ], [ -59.196544816268499, -37.383961572566136 ], [ -59.19651571137581, -37.383988361217519 ], [ -59.196353122517507, -37.384108768684541 ], [ -59.196355982895227, -37.384149634835182 ], [ -59.196309907070827, -37.384212120503037 ], [ -59.196357451685458, -37.384229604727466 ], [ -59.185554864795506, -37.393194092869521 ], [ -59.183223375900468, -37.404507455391354 ], [ -59.166471261992569, -37.407212920432244 ], [ -59.165081476748355, -37.407089494460649 ], [ -59.155090602858991, -37.401267319301951 ], [ -59.15503111386937, -37.401226248752039 ], [ -59.145984786050178, -37.39395187615969 ], [ -59.154409110296456, -37.390379716031532 ], [ -59.153980186210617, -37.381653398336425 ], [ -59.148012808029932, -37.385794748022533 ], [ -59.147982504857509, -37.385818629324547 ], [ -59.141959053763969, -37.390085761390196 ], [ -59.139234771493648, -37.374976755983653 ], [ -59.138714762672009, -37.374752863571871 ], [ -59.138087154720438, -37.372642067198683 ], [ -59.138266340002474, -37.36924688510436 ], [ -59.138402284047629, -37.369016595665755 ], [ -59.138318642332763, -37.368998593506603 ], [ -59.138271072561679, -37.368987575053438 ], [ -59.137627199074529, -37.360894333048861 ], [ -59.139527534907586, -37.360911926114454 ], [ -59.140796992602702, -37.359967732537427 ], [ -59.142094035993296, -37.36151477464432 ], [ -59.142617304054625, -37.361053920501888 ], [ -59.141775293051182, -37.359100654134579 ], [ -59.14179205643137, -37.359083736392904 ], [ -59.142918166355628, -37.358199585344778 ], [ -59.142978961097242, -37.358151156015765 ], [ -59.144013756697177, -37.357338761656365 ], [ -59.146295618876763, -37.358556017037813 ], [ -59.143892660073448, -37.359776220414915 ], [ -59.143756439019739, -37.360493953674393 ], [ -59.144079458055216, -37.360197994250711 ], [ -59.144111342068641, -37.360174659748793 ], [ -59.146638990214342, -37.362483345155397 ], [ -59.148818743366633, -37.362720070230409 ], [ -59.148081685970794, -37.361353672504947 ], [ -59.148061897502771, -37.36131966430645 ], [ -59.146505135712459, -37.358466641447876 ], [ -59.147461758174245, -37.354792640286348 ], [ -59.152123809629529, -37.354550898280991 ], [ -59.151736767078546, -37.351451152718994 ], [ -59.151633414359196, -37.3513978993102 ], [ -59.152498815409558, -37.350739706550883 ], [ -59.151626153785969, -37.351396733086631 ], [ -59.150160987055017, -37.352499857074349 ], [ -59.149689626725944, -37.351115752339354 ], [ -59.147918544842355, -37.351101133173188 ], [ -59.146090299623779, -37.352978532577595 ], [ -59.144498104708589, -37.350761085925967 ], [ -59.143096007978556, -37.352699341439006 ], [ -59.141902741045953, -37.35197229741874 ], [ -59.143758017183018, -37.349430517266512 ], [ -59.143813713737472, -37.349436551339522 ], [ -59.143753364010138, -37.34937128643304 ], [ -59.144179723182276, -37.347062638724594 ], [ -59.143886900160282, -37.346682355833082 ], [ -59.142360046000704, -37.346314167486241 ], [ -59.142793610677131, -37.345416604601326 ], [ -59.142832055605368, -37.345348544445073 ], [ -59.143142582459802, -37.344828615244921 ], [ -59.143151407630796, -37.344813159348803 ], [ -59.143192162494927, -37.34474613361931 ], [ -59.143467984907147, -37.344300412537166 ], [ -59.144487232196184, -37.34397267292286 ], [ -59.144815911850856, -37.345053392023658 ], [ -59.146248303085201, -37.344648903323048 ], [ -59.146120479754813, -37.344363729081692 ], [ -59.145316998938085, -37.344300028736143 ], [ -59.145714998110009, -37.343504484857476 ], [ -59.145161576387409, -37.342924964786164 ], [ -59.145697841949584, -37.342987543716902 ], [ -59.145444442314556, -37.342432118207228 ], [ -59.144529147857099, -37.342550956271964 ], [ -59.145034338162134, -37.341565636964845 ], [ -59.145027749513645, -37.341367830850174 ], [ -59.14487229422582, -37.34108959193469 ], [ -59.144801639546188, -37.340953398193506 ], [ -59.144257854092132, -37.340047714851949 ], [ -59.144425537191694, -37.339491525819426 ], [ -59.144393160698201, -37.338180469672125 ], [ -59.144956325284568, -37.338715143738398 ], [ -59.145535015597204, -37.338610975048368 ], [ -59.145573152947804, -37.338544029018237 ], [ -59.145313948092792, -37.338131224711844 ], [ -59.144444484907183, -37.338117491438311 ], [ -59.144441289941312, -37.338112240976045 ], [ -59.144388410978479, -37.336727739506273 ] ], [ [ -58.303202137555616, -37.381790508198208 ], [ -58.341213743179708, -37.417999140061681 ], [ -58.343125702107159, -37.43904246067342 ], [ -58.344835097922783, -37.445247704169162 ], [ -58.347898191962372, -37.443095169918763 ], [ -58.360487738571294, -37.44925472958721 ], [ -58.354011745468028, -37.460320902615365 ], [ -58.35683596875856, -37.48272571418687 ], [ -58.31295784375601, -37.489503447901939 ], [ -58.317799623374754, -37.534373844635866 ], [ -58.30476626994988, -37.538438661127543 ], [ -58.298818379659451, -37.536403470808239 ], [ -58.283518398685203, -37.530791820460649 ], [ -58.293236761459468, -37.540569392860164 ], [ -58.293274772680206, -37.540568262533156 ], [ -58.304983834971608, -37.542190579080739 ], [ -58.301515148271505, -37.578284115314034 ], [ -58.320581739954889, -37.589496453029312 ], [ -58.320742990289489, -37.58968441026957 ], [ -58.320766675351024, -37.589715477923335 ], [ -58.322704214587304, -37.591677734074153 ], [ -58.325102094789884, -37.582258817010711 ], [ -58.346761091323856, -37.576210362451263 ], [ -58.359313784258177, -37.580646971063175 ], [ -58.38071586063171, -37.608176235726205 ], [ -58.340965447774749, -37.67544794947446 ], [ -58.330264647942556, -37.677056740963906 ], [ -58.301816701026098, -37.675774699221449 ], [ -58.27631097254158, -37.663646405914903 ], [ -58.276282789999129, -37.663621165799839 ], [ -58.263326938846888, -37.657661668288029 ], [ -58.26809535315374, -37.671267526655811 ], [ -58.267707744895915, -37.671386421976138 ], [ -58.249073839138646, -37.700446873183182 ], [ -58.197937895606117, -37.718522016727661 ], [ -58.190733753128598, -37.690608077516117 ], [ -58.202251938925826, -37.676266118287174 ], [ -58.199465741423808, -37.674883759407635 ], [ -58.20168358287367, -37.671031094556383 ], [ -58.197328718490155, -37.673159246696855 ], [ -58.196626407219981, -37.676707591031231 ], [ -58.198015991955856, -37.677223630292701 ], [ -58.190291847296521, -37.690644146257682 ], [ -58.129521610239578, -37.66431391823437 ], [ -58.129571399010558, -37.664061730582205 ], [ -58.129881308228732, -37.663910282934694 ], [ -58.122642713441792, -37.651049531418607 ], [ -58.120973084791785, -37.653253101719429 ], [ -58.050430665215515, -37.577185245615681 ], [ -58.048161990155791, -37.564639205072353 ], [ -58.074950437936423, -37.519926873840177 ], [ -58.052263196646038, -37.525661459553135 ], [ -58.063546199636164, -37.502037510790331 ], [ -58.081235134535405, -37.491125160621891 ], [ -58.081264261711169, -37.491151026340162 ], [ -58.085322079777541, -37.494260401567317 ], [ -58.083693094160822, -37.488891120576568 ], [ -58.082185586286585, -37.474635117747596 ], [ -58.098640216255035, -37.488171459434966 ], [ -58.083787127831727, -37.471865606154552 ], [ -58.104752484305095, -37.452116114749515 ], [ -58.096635528686818, -37.438799029671202 ], [ -58.122308377973695, -37.422340802660983 ], [ -58.122364276272833, -37.422331715223152 ], [ -58.148060354936717, -37.424643874594494 ], [ -58.147615058410167, -37.427362611604963 ], [ -58.15542532705939, -37.42240696721376 ], [ -58.203084077039819, -37.422388930277805 ], [ -58.202070822882092, -37.421030876863199 ], [ -58.218697139635935, -37.408731530568957 ], [ -58.226740487238033, -37.413637485089566 ], [ -58.225049652654207, -37.407499620349085 ], [ -58.289266426112761, -37.405364976330929 ], [ -58.303202137555616, -37.381790508198208 ] ] ], [ [ [ -58.249551211983203, -34.720253747986192 ], [ -58.249557553598265, -34.720312257185128 ], [ -58.249635283760654, -34.720296409275988 ], [ -58.249617017388061, -34.720231430990736 ], [ -58.249551211983203, -34.720253747986192 ] ] ], [ [ [ -58.223235055372356, -34.752863279615042 ], [ -58.223176875887305, -34.752876982117755 ], [ -58.223188916772756, -34.752923340254029 ], [ -58.223246115823315, -34.752913228400701 ], [ -58.223235055372356, -34.752863279615042 ] ] ], [ [ [ -58.245852636096572, -34.756439578167829 ], [ -58.245919548632969, -34.756454430286908 ], [ -58.245886685798212, -34.756419080927287 ], [ -58.245853852543689, -34.756384369294267 ], [ -58.245852636096572, -34.756439578167829 ] ] ], [ [ [ -58.275761772016494, -34.758179684683228 ], [ -58.275742719620325, -34.758140470523131 ], [ -58.275726271722704, -34.758161785607172 ], [ -58.27571124360901, -34.75818185916944 ], [ -58.275761772016494, -34.758179684683228 ] ] ], [ [ [ -58.275680460019032, -34.758286606790762 ], [ -58.275656660582285, -34.758253490756317 ], [ -58.275645291778687, -34.758268144783017 ], [ -58.275633945846778, -34.758283312431388 ], [ -58.275680460019032, -34.758286606790762 ] ] ], [ [ [ -58.259756965452027, -34.758898722182551 ], [ -58.25979049465775, -34.758872219485625 ], [ -58.259787373548249, -34.758860708084001 ], [ -58.259772977709076, -34.75886328269911 ], [ -58.259756965452027, -34.758898722182551 ] ] ], [ [ [ -58.283517095113211, -34.759902986683016 ], [ -58.283522554182753, -34.759960614344379 ], [ -58.283599933505457, -34.759945972815956 ], [ -58.283580920685665, -34.759881023790058 ], [ -58.283517095113211, -34.759902986683016 ] ] ], [ [ [ -58.247092842225925, -34.760138995240936 ], [ -58.2470633490924, -34.760113009051054 ], [ -58.247052264779711, -34.760114506331718 ], [ -58.247054388514698, -34.760124334768818 ], [ -58.247092842225925, -34.760138995240936 ] ] ], [ [ [ -58.290948915216063, -34.768060057334139 ], [ -58.290967047284539, -34.768126177983333 ], [ -58.291060211193212, -34.768118665101099 ], [ -58.291005417565714, -34.768031858753318 ], [ -58.290948915216063, -34.768060057334139 ] ] ], [ [ [ -58.282735851830523, -34.786503205976828 ], [ -58.282741455410701, -34.786558257107572 ], [ -58.282806088572613, -34.786541012795396 ], [ -58.282799816239503, -34.786485673092955 ], [ -58.282735851830523, -34.786503205976828 ] ] ], [ [ [ -58.388917140139597, -34.91553348822049 ], [ -58.388929668533478, -34.915580628874693 ], [ -58.388987956395283, -34.915569973284505 ], [ -58.388974047605188, -34.915521729414365 ], [ -58.388917140139597, -34.91553348822049 ] ] ], [ [ [ -58.377851388135696, -34.917513707059413 ], [ -58.377812936847874, -34.917480728699218 ], [ -58.377781118481266, -34.917501439823639 ], [ -58.377791689171715, -34.917527349394959 ], [ -58.377851388135696, -34.917513707059413 ] ] ], [ [ [ -58.369663094575799, -34.929656054275824 ], [ -58.36963514509813, -34.929628108362238 ], [ -58.369615028557178, -34.9296322238485 ], [ -58.369619836031234, -34.929648781561809 ], [ -58.369663094575799, -34.929656054275824 ] ] ], [ [ [ -58.461547182533423, -35.00330504685229 ], [ -58.461506600960035, -35.003225763224805 ], [ -58.461465184608528, -35.003287939765073 ], [ -58.461547182533423, -35.00330504685229 ] ] ], [ [ [ -58.728550255916218, -35.037566582398426 ], [ -58.728525231673814, -35.037536852710673 ], [ -58.728514010219101, -35.037539366330805 ], [ -58.728515199604772, -35.037544749132223 ], [ -58.728550255916218, -35.037566582398426 ] ] ], [ [ [ -58.736865896986103, -35.041672509466025 ], [ -58.736897734659578, -35.041648612898712 ], [ -58.736897755530435, -35.041647404010178 ], [ -58.736896263826168, -35.041647388493516 ], [ -58.736865896986103, -35.041672509466025 ] ] ], [ [ [ -58.751522202237481, -35.049327050683814 ], [ -58.751578345251289, -35.049324098691784 ], [ -58.751579099049025, -35.049282113331003 ], [ -58.751528726293259, -35.049281444651399 ], [ -58.751522202237481, -35.049327050683814 ] ] ], [ [ [ -58.751421361601217, -35.068238758592656 ], [ -58.751424637505465, -35.068285567116618 ], [ -58.751477968688732, -35.068286227208148 ], [ -58.751478764831575, -35.068242834721957 ], [ -58.751421361601217, -35.068238758592656 ] ] ], [ [ [ -57.69749305408294, -36.80658938065983 ], [ -57.682863516037173, -36.818865917644018 ], [ -57.668818312342239, -36.812317312376251 ], [ -57.657508992509634, -36.819343166338797 ], [ -57.657474947605124, -36.819346799282243 ], [ -57.632355522751823, -36.856178428743419 ], [ -57.636580090286714, -36.861476824914803 ], [ -57.638331991194434, -36.866946439571848 ], [ -57.639052175320614, -36.878012832273441 ], [ -57.643023469763989, -36.881593759682858 ], [ -57.657457518514263, -36.89652388473263 ], [ -57.6575154817927, -36.896524679933975 ], [ -57.666969161876409, -36.902220216937053 ], [ -57.666964542462154, -36.902329749184162 ], [ -57.666987002892029, -36.902336850152494 ], [ -57.667625619188868, -36.907314145756345 ], [ -57.667657453845266, -36.907354710487311 ], [ -57.661032436186531, -36.908338247424979 ], [ -57.660966353990375, -36.90831735523426 ], [ -57.660630803778133, -36.908406625238001 ], [ -57.660559323488883, -36.908419177522433 ], [ -57.660493586062557, -36.908399513719246 ], [ -57.657172214651837, -36.925730381161998 ], [ -57.633869289198742, -36.937416938721981 ], [ -57.627823942230407, -36.940741671434239 ], [ -57.639126295362473, -36.968232188434342 ], [ -57.646630952156784, -36.970662230369669 ], [ -57.64664893709994, -36.970656185661653 ], [ -57.653059315256655, -36.96797858646687 ], [ -57.659188007189698, -36.962436153454121 ], [ -57.661252693079689, -36.961528405981028 ], [ -57.664028910073228, -36.959826445342912 ], [ -57.664160510349348, -36.959777782867604 ], [ -57.664176627138659, -36.959780371015881 ], [ -57.675142584650416, -36.958142391801516 ], [ -57.686362959885912, -36.953200350114685 ], [ -57.686384625124674, -36.953192524107124 ], [ -57.688931730329898, -36.95054476317182 ], [ -57.700241932809718, -36.944313003132493 ], [ -57.705880460629601, -36.943544328598989 ], [ -57.748080224024648, -36.95167297335513 ], [ -57.74820220829713, -36.951731544953986 ], [ -57.748292671038769, -36.951773917974265 ], [ -57.74846708285628, -36.951855612415955 ], [ -57.748469186844375, -36.951860541446649 ], [ -57.748637230915051, -36.952422578530218 ], [ -57.751183254954583, -36.95459928131578 ], [ -57.755500368232447, -36.955852869585783 ], [ -57.812505373132922, -36.98796477987014 ], [ -57.812512555307762, -36.98796373083934 ], [ -57.812786270219476, -36.987601129911639 ], [ -57.81279402745929, -36.987600515626923 ], [ -57.812852692751505, -36.987516682112641 ], [ -57.812860567474388, -36.987516058536016 ], [ -57.81603921556848, -36.983464964453958 ], [ -57.81605272638717, -36.983463893815951 ], [ -57.817735545448954, -36.981308047488085 ], [ -57.839488364344788, -36.95093419095025 ], [ -57.839546026755272, -36.95092962157338 ], [ -57.843329542718948, -36.946819192155829 ], [ -57.84333652236495, -36.946794294294193 ], [ -57.845055634593791, -36.944996107637564 ], [ -57.845063285182391, -36.944968939638159 ], [ -57.847855306200245, -36.942024827423097 ], [ -57.853072859907968, -36.936417239974446 ], [ -57.853436858532291, -36.936218416482461 ], [ -57.870921698027132, -36.918043120809614 ], [ -57.871942736195365, -36.916892604863904 ], [ -57.873146243039173, -36.915430199502509 ], [ -57.873151121942556, -36.915410536742115 ], [ -57.872999520855672, -36.914800634293215 ], [ -57.873006702734983, -36.914790755258707 ], [ -57.872100514321062, -36.913406933741783 ], [ -57.872098977687472, -36.9133967648865 ], [ -57.872086337978658, -36.913385102519612 ], [ -57.87208481743761, -36.913375039573339 ], [ -57.871932618825838, -36.913148138323606 ], [ -57.858274350434726, -36.896689613656292 ], [ -57.858269049634316, -36.896654772100987 ], [ -57.849401104455865, -36.889406463470323 ], [ -57.849359958132027, -36.889410737900562 ], [ -57.842360337984871, -36.886746309942566 ], [ -57.842332031953106, -36.886781091389878 ], [ -57.841192915064482, -36.885683124801744 ], [ -57.841152991734589, -36.885650695293521 ], [ -57.838025215114499, -36.885141945294663 ], [ -57.838012920808467, -36.885133042478401 ], [ -57.831257894078249, -36.873701624304317 ], [ -57.834003562934583, -36.861043096670926 ], [ -57.834032376072855, -36.861006196589699 ], [ -57.83403596169552, -36.860993428684935 ], [ -57.834094382203148, -36.860895732522124 ], [ -57.827582524169713, -36.85877221196904 ], [ -57.82854706324224, -36.857272326291593 ], [ -57.82871414209859, -36.855277780606798 ], [ -57.822950067375302, -36.850392157053363 ], [ -57.816995822655429, -36.846889351898085 ], [ -57.816931444360193, -36.846879985273915 ], [ -57.814422529221474, -36.847640984397458 ], [ -57.814355400672412, -36.847634080636851 ], [ -57.81184837346126, -36.848785915939288 ], [ -57.810501224411439, -36.849404832708331 ], [ -57.809085257108904, -36.850055387985265 ], [ -57.805381107580047, -36.851737592273651 ], [ -57.805397382360127, -36.851749734088173 ], [ -57.805392277728856, -36.851827359516903 ], [ -57.805403495410019, -36.85184694689724 ], [ -57.803765607945877, -36.853980786134287 ], [ -57.800522790138984, -36.856015652182123 ], [ -57.800504713446912, -36.857521297335211 ], [ -57.79741257392817, -36.85767989909175 ], [ -57.796566056548158, -36.858274898253569 ], [ -57.796259440927201, -36.857558924812793 ], [ -57.795817624661993, -36.857590810283341 ], [ -57.77523304683416, -36.848611886129959 ], [ -57.742771796940701, -36.834280075416302 ], [ -57.750459051577536, -36.788207783221026 ], [ -57.711859464207691, -36.794533643830732 ], [ -57.707627037098291, -36.798085351306099 ], [ -57.69749305408294, -36.80658938065983 ] ] ], [ [ [ -59.143572831581139, -37.33494428063824 ], [ -59.143597662997877, -37.334979283995779 ], [ -59.143636270909042, -37.33496802859969 ], [ -59.143622573089658, -37.334937281293492 ], [ -59.143572831581139, -37.33494428063824 ] ] ], [ [ [ -59.144388410978479, -37.336727739506273 ], [ -59.144451638339888, -37.336709594485967 ], [ -59.144428914547404, -37.336659718785938 ], [ -59.144366125770773, -37.336677725842492 ], [ -59.144388410978479, -37.336727739506273 ] ] ], [ [ [ -57.212219237999875, -37.568481444999975 ], [ -57.21318460151798, -37.569139647480313 ], [ -57.212103224608541, -37.567594773989697 ], [ -57.21205125724282, -37.567538487713875 ], [ -57.212010057962743, -37.568363212801842 ], [ -57.212219237999875, -37.568481444999975 ] ] ] ] } },
{ "type": "Feature", "properties": { "Name": "SST : 60 - 120", "FromBreak": 60.0, "ToBreak": 120.0, "IATA": "SST" }, "geometry": { "type": "MultiPolygon", "coordinates": [ [ [ [ -57.410069850335219, -35.356671993838916 ], [ -57.398438908890398, -35.359154345308013 ], [ -57.398385182105415, -35.359147975882195 ], [ -57.394479009874942, -35.358794729570263 ], [ -57.389482634657327, -35.359954283261914 ], [ -57.388461593884642, -35.361522823015832 ], [ -57.388433520956141, -35.361532151587085 ], [ -57.384987241650549, -35.361280660072623 ], [ -57.38498633820177, -35.361303359507815 ], [ -57.385292825341082, -35.365047590823849 ], [ -57.366492026631136, -35.372131432566732 ], [ -57.364634452037535, -35.372363682205275 ], [ -57.361469444489217, -35.371301910917396 ], [ -57.357196189017259, -35.371501232865342 ], [ -57.353567495557968, -35.371675233835788 ], [ -57.352369006912284, -35.371729785418154 ], [ -57.350550325662425, -35.371812566294068 ], [ -57.350541656585676, -35.371808510096628 ], [ -57.350387067018119, -35.371821294487688 ], [ -57.350377324385306, -35.371816703968818 ], [ -57.350186942792845, -35.371831961986516 ], [ -57.349334131403282, -35.371867923782418 ], [ -57.348699055291547, -35.371900753440968 ], [ -57.348435097579056, -35.371913761845803 ], [ -57.347783317958488, -35.371843848732283 ], [ -57.342706624154573, -35.371988965679748 ], [ -57.34160738948691, -35.372194644861167 ], [ -57.341072223946128, -35.372294780358743 ], [ -57.341371047022676, -35.372456544586271 ], [ -57.341485280759059, -35.372503591525856 ], [ -57.341495391493027, -35.372510472994406 ], [ -57.342110429537513, -35.372823963898668 ], [ -57.342369305917316, -35.37317024421543 ], [ -57.342766127679056, -35.373438078568086 ], [ -57.342936921983721, -35.373624902311406 ], [ -57.342852744270658, -35.373816901920861 ], [ -57.342856637175771, -35.374487050297375 ], [ -57.341914320731007, -35.376982014004511 ], [ -57.342607550275318, -35.377511855723981 ], [ -57.341358928030274, -35.377918566827987 ], [ -57.341494727357713, -35.378183030349021 ], [ -57.341496005274053, -35.378187771964974 ], [ -57.341501609575005, -35.37818625522641 ], [ -57.341496988931624, -35.378211005426806 ], [ -57.341452677498523, -35.378275080481217 ], [ -57.341446840665299, -35.378278130261549 ], [ -57.341429692123768, -35.378283661860735 ], [ -57.341428440865229, -35.378283991999069 ], [ -57.340508736276547, -35.378458844505303 ], [ -57.339812860702409, -35.378626724532069 ], [ -57.339631134925412, -35.378672250638886 ], [ -57.339625360710613, -35.37867388061369 ], [ -57.339567407209415, -35.378713038650403 ], [ -57.339359404654772, -35.378765914408234 ], [ -57.339356434422371, -35.378755173614195 ], [ -57.338776984941148, -35.378852040883544 ], [ -57.338088562337077, -35.379049331664021 ], [ -57.338078724603861, -35.379043157539172 ], [ -57.338034662167956, -35.378914312021095 ], [ -57.337953275809696, -35.378929308187082 ], [ -57.337688219318864, -35.379010519640758 ], [ -57.337660810354009, -35.379017944265115 ], [ -57.337666708561073, -35.37904080314155 ], [ -57.337452986777691, -35.379079521710594 ], [ -57.337389922226805, -35.37905012614408 ], [ -57.337309208776901, -35.379075869278097 ], [ -57.337221615408794, -35.378835463191422 ], [ -57.337252543061766, -35.378827642253555 ], [ -57.33724555128714, -35.378801992680337 ], [ -57.337185154450538, -35.378561263082588 ], [ -57.337097634639235, -35.378577704948782 ], [ -57.336900939652423, -35.378633546652111 ], [ -57.336860057597107, -35.378644689409668 ], [ -57.33686865501295, -35.378678691575033 ], [ -57.336439389025827, -35.37875591828157 ], [ -57.336216023701809, -35.378816132566214 ], [ -57.336169318284249, -35.378794360631218 ], [ -57.336059470834527, -35.378511808221674 ], [ -57.336048610549938, -35.378506815199046 ], [ -57.336037624211428, -35.378452676580196 ], [ -57.336025738730655, -35.378409483891232 ], [ -57.335198581454904, -35.378619597440547 ], [ -57.335173391759326, -35.378626677069974 ], [ -57.335072453063447, -35.379139803314501 ], [ -57.335040225608907, -35.37918622250919 ], [ -57.334431779851911, -35.379614484254432 ], [ -57.334400680298472, -35.37962299557978 ], [ -57.334373570182549, -35.379630196769654 ], [ -57.332564797928626, -35.379347178266073 ], [ -57.332473466132001, -35.379332197245731 ], [ -57.332468865121768, -35.379329547810244 ], [ -57.332241858272084, -35.379296647132321 ], [ -57.331271360199423, -35.379955630194218 ], [ -57.331227855821567, -35.379967600862585 ], [ -57.331146352721305, -35.380501789181039 ], [ -57.331106044562432, -35.380590204825637 ], [ -57.331105032725702, -35.380591647877793 ], [ -57.331060851983864, -35.380655245338062 ], [ -57.330280715704646, -35.380891222030414 ], [ -57.327908122630731, -35.381899457542374 ], [ -57.326556444857715, -35.382187834180513 ], [ -57.326339395930461, -35.382122587034246 ], [ -57.326284777251544, -35.382137154527754 ], [ -57.325755956668388, -35.382296694448769 ], [ -57.326049662496587, -35.38286796600147 ], [ -57.326058218514504, -35.382899913286508 ], [ -57.326411249748276, -35.383861268671581 ], [ -57.326393909971102, -35.383886106900093 ], [ -57.325183269618265, -35.384153227007289 ], [ -57.323018221992527, -35.384217282245118 ], [ -57.322986794542317, -35.384262612820407 ], [ -57.322855304416123, -35.387511107088017 ], [ -57.322879378925279, -35.387504542169836 ], [ -57.32339414333336, -35.389097927723526 ], [ -57.323532531674573, -35.389470041209961 ], [ -57.323519213282225, -35.389489221683789 ], [ -57.323452627972529, -35.389483513082723 ], [ -57.323440704602945, -35.389505111287747 ], [ -57.323408592371152, -35.389551751966337 ], [ -57.322942809872359, -35.389619373879043 ], [ -57.321378975903372, -35.390300568493558 ], [ -57.321311505356164, -35.390268964415327 ], [ -57.32122786751205, -35.389874840695029 ], [ -57.321179844407652, -35.389904239335692 ], [ -57.320625267206935, -35.390278749433378 ], [ -57.319242413441316, -35.391249039431955 ], [ -57.31869032680703, -35.391623112071557 ], [ -57.314402418699501, -35.391849389600111 ], [ -57.312869244728631, -35.391830072549055 ], [ -57.311577760180967, -35.391881493674532 ], [ -57.309504820621555, -35.391922273558691 ], [ -57.308867913726374, -35.405259454346947 ], [ -57.31249511246665, -35.401062946329034 ], [ -57.315203109316883, -35.409304530004988 ], [ -57.314789624161335, -35.412144119553204 ], [ -57.314556789788469, -35.413749291083491 ], [ -57.314539619484208, -35.413773803225411 ], [ -57.31415866886249, -35.416339823852127 ], [ -57.309836899733966, -35.420211125968819 ], [ -57.309638323307297, -35.420239764206428 ], [ -57.306548593327932, -35.41606980709679 ], [ -57.306032856493914, -35.417823829015958 ], [ -57.306025054192446, -35.417835021017311 ], [ -57.304530341525549, -35.418071665864716 ], [ -57.284895699445144, -35.43045654026389 ], [ -57.284881638741922, -35.430476348465959 ], [ -57.271052959425219, -35.432033743042666 ], [ -57.254818990512945, -35.435537941548148 ], [ -57.254828797461471, -35.435575569432785 ], [ -57.257566423152468, -35.44412697395353 ], [ -57.257543837303501, -35.444158733816096 ], [ -57.263544800337343, -35.454940203824151 ], [ -57.267910102704775, -35.473533611168421 ], [ -57.267894029163131, -35.477569433216559 ], [ -57.267977220009811, -35.478203989026383 ], [ -57.247509527699435, -35.488813898680178 ], [ -57.20666028809751, -35.481769293595846 ], [ -57.206656347041417, -35.481775767323541 ], [ -57.206733928029905, -35.48194963086587 ], [ -57.206730180040893, -35.481956480622159 ], [ -57.206676296660874, -35.482003288703936 ], [ -57.202347967691594, -35.483219023212826 ], [ -57.201799735332372, -35.481747025454808 ], [ -57.201370226560243, -35.481708666823522 ], [ -57.20136573469739, -35.481704379283883 ], [ -57.199441756598389, -35.481509913133323 ], [ -57.176423915543808, -35.483693815206834 ], [ -57.176394628819992, -35.48369307524564 ], [ -57.159236359607519, -35.478186299571973 ], [ -57.159227698647783, -35.478182147280393 ], [ -57.156763320358664, -35.477535613359521 ], [ -57.156732403830119, -35.477498399193792 ], [ -57.154332067090706, -35.475903042270147 ], [ -57.154329071871985, -35.475921583485842 ], [ -57.154595559570566, -35.481757818009214 ], [ -57.154635942212337, -35.481760649370756 ], [ -57.156107395307629, -35.489218207741885 ], [ -57.157299462245987, -35.493939086218631 ], [ -57.156806433889926, -35.493768442251053 ], [ -57.153028738924263, -35.494722582635461 ], [ -57.153198241999917, -35.49499511699986 ], [ -57.158386229999849, -35.499877929999911 ], [ -57.161315917999843, -35.501586913999915 ], [ -57.163513183999839, -35.504577636999841 ], [ -57.168029784999987, -35.509399413999915 ], [ -57.172912597999868, -35.513610839999842 ], [ -57.177612304999968, -35.518798827999944 ], [ -57.178100585999857, -35.520019530999946 ], [ -57.18249511699986, -35.522705077999831 ], [ -57.184082030999889, -35.525024413999915 ], [ -57.18609619099982, -35.527404784999931 ], [ -57.188598632999856, -35.529907226999967 ], [ -57.189575194999918, -35.531005858999833 ], [ -57.190795897999919, -35.533386229999962 ], [ -57.194580077999944, -35.536621093999827 ], [ -57.197875976999967, -35.540283202999888 ], [ -57.203613280999946, -35.545410155999889 ], [ -57.206604003999871, -35.548706054999911 ], [ -57.208312987999875, -35.549804687999881 ], [ -57.211608886999898, -35.553283690999876 ], [ -57.214111327999831, -35.555114745999845 ], [ -57.217285155999889, -35.55889892599987 ], [ -57.219177245999788, -35.561584472999925 ], [ -57.222106933999896, -35.564514159999874 ], [ -57.226928710999857, -35.569702147999863 ], [ -57.228393554999911, -35.570190429999855 ], [ -57.232910155999889, -35.575683593999884 ], [ -57.237487792999843, -35.580383300999983 ], [ -57.237792968999941, -35.581481933999839 ], [ -57.237609862999818, -35.583496093999884 ], [ -57.239807128999871, -35.584899901999847 ], [ -57.242309569999918, -35.586486815999876 ], [ -57.245788573999903, -35.590576171999828 ], [ -57.249694823999903, -35.595275878999928 ], [ -57.251281737999761, -35.597106933999839 ], [ -57.252807616999803, -35.600097655999832 ], [ -57.25421142599987, -35.602783202999831 ], [ -57.255798339999899, -35.603881835999857 ], [ -57.257629394999867, -35.606079101999853 ], [ -57.258178710999914, -35.607910155999832 ], [ -57.258789062999881, -35.609313964999899 ], [ -57.261108397999863, -35.611694335999857 ], [ -57.262390136999954, -35.613708495999958 ], [ -57.263610839999956, -35.61499023399989 ], [ -57.265502929999855, -35.617187499999886 ], [ -57.268493651999847, -35.621276854999849 ], [ -57.270996093999884, -35.62561035199991 ], [ -57.274108886999841, -35.629699706999872 ], [ -57.276611327999944, -35.631774901999904 ], [ -57.278808593999941, -35.635498046999828 ], [ -57.27990722699991, -35.637390136999898 ], [ -57.282592772999976, -35.640197753999928 ], [ -57.284729003999814, -35.643493651999961 ], [ -57.285583495999902, -35.64538574199986 ], [ -57.288085937999824, -35.647827147999976 ], [ -57.290710448999903, -35.650512694999861 ], [ -57.29132080099987, -35.651611327999831 ], [ -57.292907714999899, -35.654296874999886 ], [ -57.294189452999888, -35.655700683999953 ], [ -57.298278808999783, -35.660217284999817 ], [ -57.299682616999917, -35.662719726999853 ], [ -57.301391601999853, -35.664428710999857 ], [ -57.302185058999839, -35.666503905999946 ], [ -57.304199218999884, -35.668395995999845 ], [ -57.305480956999872, -35.669982909999874 ], [ -57.306884765999939, -35.671020507999913 ], [ -57.307495116999917, -35.672790526999904 ], [ -57.311523437999881, -35.677612304999968 ], [ -57.3125, -35.679626464999842 ], [ -57.315185546999771, -35.682678222999925 ], [ -57.316711425999813, -35.684509276999904 ], [ -57.318908690999876, -35.686828612999875 ], [ -57.320983886999898, -35.689697265999882 ], [ -57.324584960999857, -35.694824218999827 ], [ -57.327392577999831, -35.697082519999981 ], [ -57.330078124999886, -35.699707030999889 ], [ -57.331909179999798, -35.701293944999918 ], [ -57.335510253999928, -35.705810546999942 ], [ -57.340087890999882, -35.711120604999849 ], [ -57.340698241999917, -35.712890624999829 ], [ -57.341979979999849, -35.71319580099987 ], [ -57.343811034999987, -35.714904784999874 ], [ -57.347203111999818, -35.716572077999956 ], [ -57.34741210899989, -35.716674804999855 ], [ -57.345703124999886, -35.718688964999899 ], [ -57.347106933999783, -35.721801757999856 ], [ -57.348083495999845, -35.72430419899996 ], [ -57.350280761999841, -35.727905272999863 ], [ -57.353515624999886, -35.732177733999947 ], [ -57.353820800999983, -35.733581542999843 ], [ -57.3585815429999, -35.739685058999839 ], [ -57.361999511999898, -35.743591308999839 ], [ -57.36212868899986, -35.743812754999851 ], [ -57.363708495999902, -35.746520995999845 ], [ -57.361206054999968, -35.748779296999828 ], [ -57.361083983999833, -35.750488280999832 ], [ -57.361206054999968, -35.7531127929999 ], [ -57.3624877929999, -35.756591796999828 ], [ -57.363586425999927, -35.760986327999888 ], [ -57.364685058999896, -35.766906737999818 ], [ -57.366821288999972, -35.773681640999939 ], [ -57.368286132999856, -35.779602050999983 ], [ -57.368408202999831, -35.782287597999868 ], [ -57.368591308999896, -35.790283202999831 ], [ -57.370483397999863, -35.793579101999853 ], [ -57.37469482399996, -35.797729491999974 ], [ -57.375122069999861, -35.801086425999927 ], [ -57.375610351999853, -35.802612304999855 ], [ -57.377685546999885, -35.808105468999884 ], [ -57.377197265999882, -35.809692382999913 ], [ -57.375915526999961, -35.812011718999884 ], [ -57.37750244099982, -35.817077636999898 ], [ -57.378112792999957, -35.820495604999905 ], [ -57.378112792999957, -35.822021483999947 ], [ -57.380310058999953, -35.824890136999898 ], [ -57.38140869099982, -35.826782226999967 ], [ -57.382507323999789, -35.82897949199986 ], [ -57.383605956999986, -35.829589843999827 ], [ -57.383911132999856, -35.831604003999871 ], [ -57.384277343999941, -35.833923339999899 ], [ -57.383178710999914, -35.83648681599982 ], [ -57.383178710999914, -35.839294433999953 ], [ -57.383789062999881, -35.847595214999842 ], [ -57.384399413999915, -35.854492187999938 ], [ -57.384704589999842, -35.858886718999941 ], [ -57.385986327999944, -35.863098144999867 ], [ -57.385009765999882, -35.865295409999874 ], [ -57.385009765999882, -35.870605468999827 ], [ -57.384704589999842, -35.872619628999871 ], [ -57.384704589999842, -35.875610351999967 ], [ -57.384582519999867, -35.880126952999831 ], [ -57.384704589999842, -35.882385253999985 ], [ -57.384704589999842, -35.886108397999919 ], [ -57.385192870999845, -35.891418456999816 ], [ -57.384887694999918, -35.89312744099982 ], [ -57.384399413999915, -35.898498534999874 ], [ -57.384216308999953, -35.901611327999944 ], [ -57.384582519999867, -35.9074096679999 ], [ -57.382629394999924, -35.9113159179999 ], [ -57.381225585999857, -35.921081542999843 ], [ -57.380004882999856, -35.924621581999929 ], [ -57.379882812999881, -35.92639160199991 ], [ -57.378112792999957, -35.928405761999841 ], [ -57.377197265999882, -35.930908202999888 ], [ -57.375610351999853, -35.936096190999876 ], [ -57.37469482399996, -35.941406249999943 ], [ -57.37359619099982, -35.948791503999928 ], [ -57.369201659999931, -35.950500487999932 ], [ -57.369628905999832, -35.954528808999896 ], [ -57.374511718999827, -35.959228515999826 ], [ -57.370483397999863, -35.971496581999872 ], [ -57.370422362999875, -35.973388671999942 ], [ -57.369506835999857, -35.976806640999939 ], [ -57.367614745999902, -35.978210448999846 ], [ -57.365905761999898, -35.982421874999943 ], [ -57.364501952999831, -35.984680175999927 ], [ -57.363403319999975, -35.986999511999898 ], [ -57.362609862999875, -35.989318847999868 ], [ -57.361511229999905, -35.992675780999889 ], [ -57.360778808999896, -35.995483397999919 ], [ -57.360778808999896, -35.996826171999828 ], [ -57.359497069999975, -35.999999999999886 ], [ -57.359374999999829, -36.000183104999849 ], [ -57.355529784999987, -36.009277343999827 ], [ -57.354614257999913, -36.00952148399989 ], [ -57.354309081999872, -36.009887694999975 ], [ -57.354980468999827, -36.01031494099982 ], [ -57.355712890999939, -36.010803222999868 ], [ -57.356079101999967, -36.010986327999831 ], [ -57.356079101999967, -36.011413573999846 ], [ -57.35522460899989, -36.011779784999874 ], [ -57.352905272999919, -36.014099120999902 ], [ -57.352905272999919, -36.015197753999871 ], [ -57.352294921999942, -36.016418456999872 ], [ -57.351623534999987, -36.016418456999872 ], [ -57.351196288999915, -36.017211913999972 ], [ -57.349975585999971, -36.018005370999902 ], [ -57.350219726999853, -36.018920897999976 ], [ -57.349487304999911, -36.020507812999938 ], [ -57.349487304999911, -36.020812987999875 ], [ -57.351684569999975, -36.020996093999827 ], [ -57.353393554999911, -36.020202636999898 ], [ -57.354492187999938, -36.020080565999933 ], [ -57.3546752929999, -36.020202636999898 ], [ -57.354309081999872, -36.0206909179999 ], [ -57.35211181599982, -36.022521972999868 ], [ -57.351196288999915, -36.024902343999827 ], [ -57.350891112999875, -36.026611327999831 ], [ -57.350891112999875, -36.02819824199986 ], [ -57.350219726999853, -36.028015136999898 ], [ -57.349304198999846, -36.028076171999885 ], [ -57.347595214999842, -36.027404784999931 ], [ -57.347106933999783, -36.027404784999931 ], [ -57.346679687999938, -36.027709960999857 ], [ -57.345397948999846, -36.027709960999857 ], [ -57.34350585899989, -36.029418944999861 ], [ -57.342712401999961, -36.032287597999982 ], [ -57.341796874999886, -36.033386229999849 ], [ -57.341308593999884, -36.034179687999881 ], [ -57.340209960999857, -36.036376952999944 ], [ -57.33959960899989, -36.038696288999915 ], [ -57.338684081999986, -36.039428710999857 ], [ -57.338684081999986, -36.040100097999982 ], [ -57.339477538999915, -36.04071044899996 ], [ -57.339782714999842, -36.041687011999841 ], [ -57.339782714999842, -36.042602538999915 ], [ -57.339904784999931, -36.043029784999817 ], [ -57.338684081999986, -36.041809081999816 ], [ -57.336975097999982, -36.042114257999856 ], [ -57.335998534999931, -36.043395995999845 ], [ -57.335510253999928, -36.044677733999833 ], [ -57.335205077999831, -36.045715331999816 ], [ -57.335205077999831, -36.048706054999911 ], [ -57.334899901999961, -36.050292968999941 ], [ -57.334411620999902, -36.047302245999845 ], [ -57.333618163999802, -36.044677733999833 ], [ -57.333618163999802, -36.043212890999882 ], [ -57.332275390999882, -36.04382324199986 ], [ -57.331909179999798, -36.045593261999841 ], [ -57.330505370999902, -36.048278808999896 ], [ -57.328796386999898, -36.053588866999974 ], [ -57.328613280999832, -36.054504394999867 ], [ -57.32897949199986, -36.055480956999929 ], [ -57.329284667999957, -36.055908202999944 ], [ -57.328491210999857, -36.055908202999944 ], [ -57.325683593999827, -36.058593749999829 ], [ -57.325012206999872, -36.059875487999818 ], [ -57.324890136999898, -36.060913085999971 ], [ -57.324096679999968, -36.059692382999856 ], [ -57.323303222999868, -36.059997558999896 ], [ -57.322692870999902, -36.060913085999971 ], [ -57.322204589999899, -36.06140136699986 ], [ -57.320678710999857, -36.063598632999856 ], [ -57.319885253999871, -36.064208983999833 ], [ -57.318908690999876, -36.065429687999938 ], [ -57.320678710999857, -36.064880370999958 ], [ -57.319580077999831, -36.0656127929999 ], [ -57.319213866999917, -36.066284179999855 ], [ -57.318725585999914, -36.067504882999856 ], [ -57.318115233999947, -36.069274901999847 ], [ -57.318176269999867, -36.069824218999827 ], [ -57.318603515999939, -36.070983886999954 ], [ -57.318481444999804, -36.071594237999818 ], [ -57.317993163999972, -36.071289062999881 ], [ -57.316711425999813, -36.071228026999904 ], [ -57.315002440999876, -36.074279784999817 ], [ -57.314392089999842, -36.074890136999841 ], [ -57.314025878999985, -36.075317382999856 ], [ -57.313476562999767, -36.075805663999859 ], [ -57.312683104999905, -36.076599120999845 ], [ -57.312377929999968, -36.078308104999849 ], [ -57.312011718999884, -36.078613280999889 ], [ -57.311584472999868, -36.077697753999985 ], [ -57.311096190999876, -36.078491210999914 ], [ -57.310302733999947, -36.078918456999816 ], [ -57.308776854999905, -36.082885741999974 ], [ -57.308776854999905, -36.083679198999903 ], [ -57.309082030999946, -36.083923339999956 ], [ -57.307495116999917, -36.085510253999985 ], [ -57.307495116999917, -36.086608886999841 ], [ -57.306579589999842, -36.087585448999903 ], [ -57.305480956999872, -36.088623046999885 ], [ -57.304687499999886, -36.089477538999972 ], [ -57.304626464999899, -36.090515136999841 ], [ -57.304199218999884, -36.092224120999845 ], [ -57.304199218999884, -36.093811034999874 ], [ -57.303405761999954, -36.094787597999925 ], [ -57.303710937999881, -36.095581054999855 ], [ -57.304504394999924, -36.096679687999824 ], [ -57.305419921999885, -36.09680175799997 ], [ -57.305725097999925, -36.097290038999859 ], [ -57.305603026999847, -36.098205565999933 ], [ -57.305419921999885, -36.098510741999974 ], [ -57.305419921999885, -36.098999022999863 ], [ -57.305725097999925, -36.099487304999855 ], [ -57.306213378999928, -36.099792479999962 ], [ -57.307800292999843, -36.101806640999826 ], [ -57.307678222999868, -36.103088378999928 ], [ -57.30529785199991, -36.100402831999929 ], [ -57.304382323999846, -36.099426269999867 ], [ -57.30328369099982, -36.098510741999974 ], [ -57.30249023399989, -36.098388671999828 ], [ -57.30249023399989, -36.096984862999932 ], [ -57.302001952999888, -36.096374511999954 ], [ -57.300720214999899, -36.096496581999929 ], [ -57.299621581999929, -36.097412108999833 ], [ -57.299011229999962, -36.097900390999826 ], [ -57.29858398399989, -36.098327636999841 ], [ -57.298217772999863, -36.098693847999925 ], [ -57.297485351999853, -36.099304198999903 ], [ -57.296874999999886, -36.099792479999962 ], [ -57.296203612999932, -36.101379394999924 ], [ -57.296203612999932, -36.10070800799997 ], [ -57.295593261999954, -36.100280761999954 ], [ -57.294189452999888, -36.100585937999824 ], [ -57.293212890999826, -36.102600097999925 ], [ -57.293029784999874, -36.103210448999903 ], [ -57.293212890999826, -36.103881835999857 ], [ -57.293701171999828, -36.104003905999832 ], [ -57.293395995999958, -36.104309081999929 ], [ -57.292785644999924, -36.104797362999932 ], [ -57.292297362999932, -36.106994628999928 ], [ -57.290893554999855, -36.108398437999881 ], [ -57.290588378999928, -36.109374999999886 ], [ -57.290100097999925, -36.110595702999888 ], [ -57.289489745999902, -36.111694335999914 ], [ -57.289184569999861, -36.112304687999881 ], [ -57.288879394999924, -36.112976073999846 ], [ -57.287780761999898, -36.114074706999872 ], [ -57.286621093999941, -36.115417479999962 ], [ -57.286193847999868, -36.117004394999981 ], [ -57.284606933999839, -36.119323729999962 ], [ -57.28381347699991, -36.120483397999976 ], [ -57.283081054999798, -36.121582030999946 ], [ -57.282592772999976, -36.122375487999875 ], [ -57.282104491999974, -36.123229979999962 ], [ -57.281677245999902, -36.124023437999881 ], [ -57.281188964999899, -36.124816894999981 ], [ -57.280883788999972, -36.125793456999872 ], [ -57.280883788999972, -36.127014159999874 ], [ -57.281311034999874, -36.127197265999939 ], [ -57.283081054999798, -36.127807616999917 ], [ -57.282104491999974, -36.127807616999917 ], [ -57.281616210999914, -36.128295897999976 ], [ -57.281188964999899, -36.128479003999928 ], [ -57.280578612999932, -36.130493163999972 ], [ -57.280883788999972, -36.131774901999961 ], [ -57.280883788999972, -36.133178710999857 ], [ -57.280700683999839, -36.134277343999827 ], [ -57.280822753999985, -36.134887694999861 ], [ -57.281799315999876, -36.135498046999828 ], [ -57.283996581999872, -36.135009765999939 ], [ -57.286010741999974, -36.134399413999972 ], [ -57.288513183999896, -36.134582519999924 ], [ -57.290588378999928, -36.135192870999902 ], [ -57.291809081999929, -36.137207030999832 ], [ -57.291331246999846, -36.137919317999888 ], [ -57.290707755999847, -36.13743970999991 ], [ -57.289611815999876, -36.136596679999968 ], [ -57.286804198999903, -36.135803222999868 ], [ -57.284118651999847, -36.136779784999931 ], [ -57.282104491999974, -36.137207030999832 ], [ -57.281677245999902, -36.137390136999898 ], [ -57.280578612999932, -36.137512206999872 ], [ -57.279724120999845, -36.137512206999872 ], [ -57.279113769999981, -36.138000487999932 ], [ -57.277404784999874, -36.138305663999972 ], [ -57.27648925799997, -36.137390136999898 ], [ -57.273010253999985, -36.136108397999976 ], [ -57.270996093999884, -36.137084960999857 ], [ -57.272277831999872, -36.136108397999976 ], [ -57.272827147999863, -36.135498046999828 ], [ -57.272705077999888, -36.135192870999902 ], [ -57.270812987999818, -36.134887694999861 ], [ -57.269592284999817, -36.135681151999961 ], [ -57.26818847699991, -36.136596679999968 ], [ -57.267822265999826, -36.137084960999857 ], [ -57.266113280999889, -36.138610839999899 ], [ -57.265380858999947, -36.139282226999853 ], [ -57.264709472999925, -36.139892577999831 ], [ -57.264099120999958, -36.140502929999855 ], [ -57.263610839999956, -36.141113280999832 ], [ -57.262390136999954, -36.142517089999899 ], [ -57.261474608999947, -36.143493651999961 ], [ -57.26037597699991, -36.145507812999824 ], [ -57.260009765999826, -36.145996093999884 ], [ -57.258789062999881, -36.147094726999853 ], [ -57.258117675999927, -36.148010253999928 ], [ -57.257507323999903, -36.14898681599982 ], [ -57.2570190429999, -36.150329589999899 ], [ -57.2570190429999, -36.150878905999946 ], [ -57.256408690999933, -36.150390624999886 ], [ -57.255981444999861, -36.150390624999886 ], [ -57.255187987999818, -36.151306151999961 ], [ -57.254516601999967, -36.152221679999855 ], [ -57.253601073999903, -36.153503417999957 ], [ -57.253417968999827, -36.154174804999911 ], [ -57.2531127929999, -36.154724120999958 ], [ -57.252929687999938, -36.155395507999913 ], [ -57.252990722999925, -36.157592772999919 ], [ -57.253295897999863, -36.159301757999913 ], [ -57.253295897999863, -36.160583495999902 ], [ -57.252624511999841, -36.159118651999847 ], [ -57.252502440999933, -36.158203124999886 ], [ -57.251892089999899, -36.157775878999871 ], [ -57.251281737999761, -36.156311034999817 ], [ -57.250610351999967, -36.156494140999882 ], [ -57.248779296999828, -36.158325194999861 ], [ -57.248229979999849, -36.158874511999898 ], [ -57.247802733999833, -36.159179687999938 ], [ -57.24719238299997, -36.159790038999915 ], [ -57.246887206999929, -36.15991210899989 ], [ -57.246582030999832, -36.160217284999817 ], [ -57.246093749999829, -36.160827636999954 ], [ -57.245605468999941, -36.161193847999868 ], [ -57.244812011999841, -36.161926269999981 ], [ -57.243896483999833, -36.16271972699991 ], [ -57.243408202999944, -36.164184569999975 ], [ -57.243103026999904, -36.164489745999902 ], [ -57.242309569999918, -36.165710448999846 ], [ -57.241882323999903, -36.166198729999905 ], [ -57.241210937999938, -36.166809081999872 ], [ -57.240783690999876, -36.167480468999827 ], [ -57.240295409999874, -36.168579101999967 ], [ -57.240112304999911, -36.169189452999831 ], [ -57.240112304999911, -36.169799804999968 ], [ -57.239196776999847, -36.169311522999976 ], [ -57.238403319999918, -36.169921874999943 ], [ -57.237792968999941, -36.170410155999946 ], [ -57.236999511999841, -36.170898437999824 ], [ -57.236206054999911, -36.171386718999827 ], [ -57.235290526999847, -36.172180175999927 ], [ -57.233093261999841, -36.174011229999905 ], [ -57.232299804999911, -36.175109862999875 ], [ -57.232177733999947, -36.176086425999927 ], [ -57.232910155999889, -36.177307128999928 ], [ -57.232910155999889, -36.177917479999905 ], [ -57.234497069999918, -36.180480956999816 ], [ -57.23492431599982, -36.181518554999968 ], [ -57.235595702999944, -36.182312011999898 ], [ -57.236206054999911, -36.183410644999924 ], [ -57.235629486999983, -36.184165984999822 ], [ -57.233276366999974, -36.182312011999898 ], [ -57.230712890999882, -36.180908202999831 ], [ -57.229309081999986, -36.180175780999889 ], [ -57.22711181599982, -36.179992675999927 ], [ -57.226379394999981, -36.180419921999828 ], [ -57.225708007999856, -36.181091308999953 ], [ -57.224914550999927, -36.181701659999931 ], [ -57.22430419899996, -36.18218994099982 ], [ -57.223083495999845, -36.18328857399996 ], [ -57.222229003999871, -36.184082030999889 ], [ -57.221618651999904, -36.184509276999961 ], [ -57.221191405999889, -36.184997558999953 ], [ -57.220581054999855, -36.185791015999882 ], [ -57.219787597999925, -36.186706542999957 ], [ -57.21960449199986, -36.187499999999886 ], [ -57.219482421999885, -36.188293456999816 ], [ -57.21960449199986, -36.189575194999918 ], [ -57.220275878999985, -36.191284179999911 ], [ -57.218505858999833, -36.190795897999919 ], [ -57.217590331999929, -36.189819335999857 ], [ -57.217590331999929, -36.188598632999856 ], [ -57.216186522999863, -36.189086913999915 ], [ -57.214782714999956, -36.190612792999957 ], [ -57.213806151999904, -36.191589354999849 ], [ -57.213500976999967, -36.192016601999853 ], [ -57.212707519999867, -36.192810058999953 ], [ -57.211975097999925, -36.193725585999857 ], [ -57.211486815999933, -36.194274901999904 ], [ -57.210510253999871, -36.195007323999846 ], [ -57.209777831999929, -36.195678710999971 ], [ -57.209106444999975, -36.196228026999961 ], [ -57.208496093999827, -36.196716308999953 ], [ -57.207397460999971, -36.197509765999882 ], [ -57.206909179999911, -36.198181151999904 ], [ -57.206669090999924, -36.198421240999892 ], [ -57.20622485899986, -36.198865472999955 ], [ -57.206176757999856, -36.198913573999846 ], [ -57.205810546999942, -36.199523925999983 ], [ -57.205200194999975, -36.200012206999986 ], [ -57.204711913999802, -36.200622558999953 ], [ -57.2042846679999, -36.201110840000013 ], [ -57.203796386999841, -36.201599121000015 ], [ -57.203308105000019, -36.202209472999982 ], [ -57.202880859, -36.202697753999871 ], [ -57.203186034999874, -36.203308105000019 ], [ -57.203002929999911, -36.203796387000011 ], [ -57.202819824000017, -36.203124999999886 ], [ -57.201782226999967, -36.203002929999911 ], [ -57.200805663999745, -36.203613280999946 ], [ -57.200012206999986, -36.204223632999913 ], [ -57.198486327999944, -36.205322265999882 ], [ -57.197692871000015, -36.205993651999904 ], [ -57.197204590000013, -36.206481933999896 ], [ -57.196777343999941, -36.206787109 ], [ -57.196777343999941, -36.207397460999971 ], [ -57.196594237999875, -36.207702636999898 ], [ -57.195678710999971, -36.208007812999938 ], [ -57.194824218999884, -36.208801269999867 ], [ -57.193908691, -36.209594726999967 ], [ -57.193420409999931, -36.210205077999831 ], [ -57.192810058999953, -36.210693359 ], [ -57.192321776999961, -36.211181641 ], [ -57.192016602000024, -36.211486815999933 ], [ -57.191223144999924, -36.212280272999863 ], [ -57.19030761699986, -36.213012694999975 ], [ -57.188293456999986, -36.214599609 ], [ -57.186584472999982, -36.215576171999885 ], [ -57.185485839999785, -36.216308594 ], [ -57.184997558999953, -36.216796875 ], [ -57.183593749999886, -36.217712401999904 ], [ -57.182678222999982, -36.218383788999859 ], [ -57.180480956999986, -36.220275878999985 ], [ -57.179199219, -36.221801758000026 ], [ -57.178527831999872, -36.222900390999882 ], [ -57.178710938, -36.223693847999812 ], [ -57.179992675999927, -36.224975585999914 ], [ -57.180908203, -36.22631835899989 ], [ -57.17858886699986, -36.224975585999914 ], [ -57.177124022999976, -36.224487304999911 ], [ -57.176391601999967, -36.224487304999911 ], [ -57.175109862999875, -36.225280761999841 ], [ -57.17468261699986, -36.225585937999881 ], [ -57.173706054999968, -36.226379394999981 ], [ -57.172912597999868, -36.226806640999882 ], [ -57.171874999999829, -36.227478027000018 ], [ -57.171203612999875, -36.22821044899996 ], [ -57.1702880859998, -36.228881835999914 ], [ -57.169189453, -36.229919433999953 ], [ -57.167907715000013, -36.23101806599982 ], [ -57.166381835999971, -36.232727050999927 ], [ -57.166381835999971, -36.234375 ], [ -57.165710449000017, -36.234313964999956 ], [ -57.165710449000017, -36.233398437999881 ], [ -57.165222168000014, -36.233276366999974 ], [ -57.164428710999914, -36.233703612999989 ], [ -57.163391112999875, -36.234191894999981 ], [ -57.162475585999971, -36.234924316 ], [ -57.161926269999981, -36.235412597999982 ], [ -57.161010741999917, -36.236083983999947 ], [ -57.160705565999876, -36.236328124999886 ], [ -57.160217284999987, -36.236816405999889 ], [ -57.158874511999898, -36.237609862999989 ], [ -57.158081054999911, -36.238403319999804 ], [ -57.157592772999806, -36.238708496000015 ], [ -57.156677245999845, -36.23937988299997 ], [ -57.155517577999888, -36.240295409999874 ], [ -57.154479980000019, -36.241027831999986 ], [ -57.15411376999981, -36.2413940429999 ], [ -57.152709961000028, -36.242675781 ], [ -57.151977538999745, -36.24328613299997 ], [ -57.150390624999886, -36.244628905999946 ], [ -57.149414063, -36.2453002929999 ], [ -57.148498534999987, -36.246093749999829 ], [ -57.147827147999863, -36.246826171999942 ], [ -57.146423339999899, -36.248229980000019 ], [ -57.145080566, -36.249511718999941 ], [ -57.143920897999863, -36.250793456999929 ], [ -57.143798827999888, -36.251586913999859 ], [ -57.143310547, -36.251708984 ], [ -57.143310547, -36.25109863299997 ], [ -57.142211913999859, -36.252075194999861 ], [ -57.140808104999905, -36.2531127929999 ], [ -57.139526366999974, -36.254394531 ], [ -57.138793944999861, -36.254882812999881 ], [ -57.137084961000028, -36.257080077999888 ], [ -57.136291503999928, -36.258605956999929 ], [ -57.137084961000028, -36.260009766 ], [ -57.137878417999957, -36.260803222999925 ], [ -57.137878417999957, -36.261291503999814 ], [ -57.137512206999872, -36.26141357399996 ], [ -57.136291503999928, -36.260498046999885 ], [ -57.134399413999972, -36.26037597699991 ], [ -57.132690429999968, -36.260192870999958 ], [ -57.130187987999932, -36.260803222999925 ], [ -57.128784179999968, -36.262084960999914 ], [ -57.12951660199991, -36.262878417999843 ], [ -57.12921142599987, -36.26428222699991 ], [ -57.128906249999943, -36.265014647999863 ], [ -57.128417968999941, -36.26531982399996 ], [ -57.129394530999946, -36.265808104999962 ], [ -57.129394530999946, -36.266784668000014 ], [ -57.12951660199991, -36.267028808999896 ], [ -57.129028319999918, -36.269775390999939 ], [ -57.12921142599987, -36.270507812999881 ], [ -57.130615233999947, -36.270996093999884 ], [ -57.131713866999974, -36.271911620999845 ], [ -57.131896972999868, -36.27288818400001 ], [ -57.132507323999903, -36.274597168000014 ], [ -57.131591797, -36.277526854999849 ], [ -57.131103515999939, -36.278503418000014 ], [ -57.129699706999872, -36.280090331999872 ], [ -57.13031005900001, -36.278686522999976 ], [ -57.130920409999874, -36.276428222999812 ], [ -57.131408690999876, -36.274902343999941 ], [ -57.130981444999861, -36.273315429999911 ], [ -57.13000488299997, -36.271606444999918 ], [ -57.128784179999968, -36.271911620999845 ], [ -57.126892089999899, -36.270996093999884 ], [ -57.12640380900001, -36.269897460999914 ], [ -57.126281737999875, -36.269104003999985 ], [ -57.125488280999832, -36.268615722999812 ], [ -57.124877929999968, -36.268798827999888 ], [ -57.124694823999846, -36.269775390999939 ], [ -57.122802733999947, -36.269897460999914 ], [ -57.121582030999775, -36.268920897999863 ], [ -57.119995116999746, -36.269409180000025 ], [ -57.119384765999939, -36.269897460999914 ], [ -57.118713378999985, -36.270507812999881 ], [ -57.11779785199991, -36.270690918000014 ], [ -57.116394043000014, -36.270812987999989 ], [ -57.115783690999876, -36.272399902000018 ], [ -57.115112305000025, -36.273620604999849 ], [ -57.11468505900001, -36.273803710999914 ], [ -57.115905761999954, -36.274108886999841 ], [ -57.116210937999881, -36.274719237999989 ], [ -57.11468505900001, -36.277893065999876 ], [ -57.11468505900001, -36.279296874999943 ], [ -57.115905761999954, -36.281494140999939 ], [ -57.118103027000018, -36.28460693400001 ], [ -57.122680663999972, -36.29211425799997 ], [ -57.114196776999961, -36.280822753999985 ], [ -57.112976074000017, -36.279479979999905 ], [ -57.112976074000017, -36.280578612999932 ], [ -57.113281249999943, -36.281494140999939 ], [ -57.110107421999885, -36.279724120999845 ], [ -57.108703612999818, -36.278076171999828 ], [ -57.108886718999884, -36.27679443400001 ], [ -57.108581542999843, -36.276184081999872 ], [ -57.10717773399989, -36.278015136999841 ], [ -57.105102538999859, -36.278320312999881 ], [ -57.103210448999903, -36.27960205099987 ], [ -57.101806641, -36.280822753999985 ], [ -57.100280761999954, -36.281616210999914 ], [ -57.099121093999941, -36.282287597999868 ], [ -57.097900391, -36.283203124999943 ], [ -57.097717284999874, -36.28430175799997 ], [ -57.097229003999871, -36.284912108999947 ], [ -57.09600830099987, -36.284118652000018 ], [ -57.095214843999941, -36.284423827999944 ], [ -57.094482422, -36.284912108999947 ], [ -57.094116210999914, -36.285583495999902 ], [ -57.093811034999874, -36.285888672 ], [ -57.093383788999859, -36.286682128999928 ], [ -57.093322753999871, -36.287109374999829 ], [ -57.093200683999896, -36.288085938 ], [ -57.092590331999872, -36.28741455099987 ], [ -57.09289550799997, -36.286193847999868 ], [ -57.092529296999885, -36.286010741999974 ], [ -57.090087890999826, -36.286621093999941 ], [ -57.089294433999839, -36.287109374999829 ], [ -57.087219237999989, -36.288696288999859 ], [ -57.083984374999943, -36.290710448999903 ], [ -57.082580565999876, -36.291503906 ], [ -57.081115722999982, -36.292297362999932 ], [ -57.078979491999917, -36.293518065999933 ], [ -57.077697753999985, -36.2941284179999 ], [ -57.073608397999863, -36.295776366999917 ], [ -57.072692870999788, -36.296203612999932 ], [ -57.072387694999918, -36.296691894999924 ], [ -57.070983886999784, -36.297424315999933 ], [ -57.070129394999867, -36.297119141 ], [ -57.070129394999867, -36.297607422 ], [ -57.06921386699986, -36.297790526999961 ], [ -57.068725585999971, -36.298400878999928 ], [ -57.067382812999881, -36.298889159999987 ], [ -57.066711425999927, -36.298706055000025 ], [ -57.066711425999927, -36.299194336000028 ], [ -57.066589354999962, -36.299499511999954 ], [ -57.065979003999985, -36.299194336000028 ], [ -57.0656127929999, -36.299194336000028 ], [ -57.065490722999925, -36.299621581999929 ], [ -57.065490722999925, -36.300109862999932 ], [ -57.06530761699986, -36.300720214999899 ], [ -57.063903808999896, -36.301025391 ], [ -57.063903808999896, -36.301391602000024 ], [ -57.063781737999932, -36.301574706999986 ], [ -57.064025878999871, -36.30249023399989 ], [ -57.064025878999871, -36.303283691 ], [ -57.064514159999931, -36.304077147999806 ], [ -57.064819335999971, -36.304992675999983 ], [ -57.0656127929999, -36.305725097999925 ], [ -57.06610107399996, -36.306213378999814 ], [ -57.065917969, -36.307312011999954 ], [ -57.064575194999918, -36.307678222999868 ], [ -57.064392089999956, -36.308288574000017 ], [ -57.064208984, -36.308593749999943 ], [ -57.064208984, -36.309509276999847 ], [ -57.063781737999932, -36.308593749999943 ], [ -57.064208984, -36.307495116999917 ], [ -57.065185546999885, -36.306579590000013 ], [ -57.063781737999932, -36.30639648399989 ], [ -57.063293456999929, -36.305908202999888 ], [ -57.061828612999875, -36.304992675999983 ], [ -57.061218261999898, -36.304809569999861 ], [ -57.061218261999898, -36.304016112999818 ], [ -57.059326171999942, -36.303405761999954 ], [ -57.057617187999938, -36.304016112999818 ], [ -57.057189940999933, -36.304687499999886 ], [ -57.055908202999774, -36.304809569999861 ], [ -57.054809569999975, -36.305480956999872 ], [ -57.053283690999933, -36.306518555000025 ], [ -57.052307128999871, -36.307312011999954 ], [ -57.051818847999982, -36.307800292999843 ], [ -57.051818847999982, -36.30841064499981 ], [ -57.051391601999967, -36.308776854999905 ], [ -57.050903319999975, -36.30841064499981 ], [ -57.049682616999974, -36.30841064499981 ], [ -57.049377440999933, -36.308105468999884 ], [ -57.049316405999946, -36.307678222999868 ], [ -57.048400878999871, -36.307678222999868 ], [ -57.047790526999904, -36.308105468999884 ], [ -57.047912597999982, -36.308715819999918 ], [ -57.04718017599987, -36.309020995999958 ], [ -57.046386718999941, -36.309814452999888 ], [ -57.045227050999927, -36.309997558999839 ], [ -57.044128417999957, -36.310485840000013 ], [ -57.043212890999882, -36.310607909999987 ], [ -57.042785644999867, -36.311096190999876 ], [ -57.042602538999915, -36.311523437999881 ], [ -57.041076659999874, -36.311584472999868 ], [ -57.039611816, -36.312805175999983 ], [ -57.039184569999748, -36.313598632999913 ], [ -57.037719727000024, -36.313598632999913 ], [ -57.036987304999911, -36.314086913999972 ], [ -57.036193847999982, -36.314392090000013 ], [ -57.034301758000026, -36.315612793000014 ], [ -57.034423828, -36.316406249999943 ], [ -57.034790038999915, -36.316894530999946 ], [ -57.034790038999915, -36.317382812999824 ], [ -57.033691405999889, -36.316528319999918 ], [ -57.03289794899996, -36.316406249999943 ], [ -57.030395508000026, -36.317382812999824 ], [ -57.029296874999886, -36.31781005900001 ], [ -57.02819824199986, -36.318298340000013 ], [ -57.026916503999871, -36.318908690999876 ], [ -57.025695800999927, -36.319580078 ], [ -57.022583008000026, -36.320800780999832 ], [ -57.021423340000013, -36.321594237999875 ], [ -57.02117919899996, -36.321899413999972 ], [ -57.020202636999898, -36.322082519999924 ], [ -57.019104003999871, -36.322692870999902 ], [ -57.017395019999867, -36.323181151999904 ], [ -57.016601562999938, -36.323791503999928 ], [ -57.015625, -36.32452392599987 ], [ -57.015808104999905, -36.325500487999932 ], [ -57.015380859, -36.326110839999899 ], [ -57.015380859, -36.326721190999876 ], [ -57.022216796999771, -36.326721190999876 ], [ -57.022827147999976, -36.327514647999976 ], [ -57.023010253999871, -36.328918456999872 ], [ -57.026611328, -36.333923339999899 ], [ -57.023925780999775, -36.331115722999868 ], [ -57.022399901999904, -36.329406737999932 ], [ -57.021911620999902, -36.327697753999928 ], [ -57.018676758000026, -36.327575683999953 ], [ -57.018310546999942, -36.32788085899989 ], [ -57.018127440999876, -36.328613280999832 ], [ -57.018676758000026, -36.329406737999932 ], [ -57.019287109, -36.329895019999924 ], [ -57.020080565999933, -36.330383300999927 ], [ -57.02038574199986, -36.330810547 ], [ -57.02038574199986, -36.331481933999953 ], [ -57.020019530999946, -36.331420897999976 ], [ -57.019104003999871, -36.330627440999876 ], [ -57.018493651999904, -36.330993651999961 ], [ -57.018188476999967, -36.33178710899989 ], [ -57.018005370999902, -36.33288574199986 ], [ -57.018005370999902, -36.333618163999972 ], [ -57.018798828, -36.335510253999928 ], [ -57.019409179999968, -36.337829589999899 ], [ -57.019104003999871, -36.338806151999961 ], [ -57.018676758000026, -36.339294433999953 ], [ -57.018127440999876, -36.339477538999915 ], [ -57.018191607999881, -36.338964201999886 ], [ -57.018310546999942, -36.338012694999861 ], [ -57.018310546999942, -36.336120604999905 ], [ -57.016906737999875, -36.333923339999899 ], [ -57.016906737999875, -36.329895019999924 ], [ -57.014099120999902, -36.328613280999832 ], [ -57.011901854999849, -36.327392578 ], [ -57.010192870999845, -36.326110839999899 ], [ -57.008483886999841, -36.326110839999899 ], [ -57.007324218999884, -36.326477050999927 ], [ -57.005310058999783, -36.326904296999828 ], [ -57.003112792999957, -36.327697753999928 ], [ -57.001586913999915, -36.328002929999968 ], [ -57.001586913999915, -36.328613280999832 ], [ -57.002197265999882, -36.329284667999957 ], [ -57.002197265999882, -36.330200194999861 ], [ -57.001892090000013, -36.331604003999928 ], [ -57.001403808999953, -36.330200194999861 ], [ -57.001281737999875, -36.329406737999932 ], [ -57.000488280999946, -36.32897949199986 ], [ -56.999877929999911, -36.328186034999931 ], [ -56.995422362999932, -36.328186034999931 ], [ -56.994506836000028, -36.328002929999968 ], [ -56.993408202999831, -36.328491210999857 ], [ -56.992797852000024, -36.329101563 ], [ -56.991821288999802, -36.329284667999957 ], [ -56.991210938, -36.329589844 ], [ -56.991210938, -36.330627440999876 ], [ -56.991699218999827, -36.33178710899989 ], [ -56.99029540999976, -36.331604003999928 ], [ -56.989074706999986, -36.330383300999927 ], [ -56.988098144999924, -36.329589844 ], [ -56.986877441, -36.329406737999932 ], [ -56.985778808999953, -36.329589844 ], [ -56.984680175999927, -36.329711913999972 ], [ -56.983581542999957, -36.330078124999886 ], [ -56.982788085999971, -36.330078124999886 ], [ -56.982355538852687, -36.330247382405048 ], [ -57.030377540748418, -36.345225931703169 ], [ -57.043411388126174, -36.346280224227939 ], [ -57.090759027406477, -36.344545871022774 ], [ -57.090806381035691, -36.344544394464549 ], [ -57.099014510467441, -36.364520191486463 ], [ -57.127107212815758, -36.358649791751873 ], [ -57.127546339109472, -36.358230732984225 ], [ -57.144824759167136, -36.351800029131766 ], [ -57.158923090085466, -36.358352878217147 ], [ -57.17689062281255, -36.377701677363689 ], [ -57.184790196469351, -36.380096169845558 ], [ -57.188578364071986, -36.380766241650292 ], [ -57.192252943137987, -36.381705384045233 ], [ -57.199733899146679, -36.384117807360212 ], [ -57.208823039611673, -36.388266630506848 ], [ -57.231253769909358, -36.391991572601171 ], [ -57.231224359247221, -36.391839469731849 ], [ -57.231372681188873, -36.391526162831781 ], [ -57.231763705933361, -36.390692203207436 ], [ -57.23871487207515, -36.393286350141125 ], [ -57.238722167637832, -36.393285012170622 ], [ -57.242236458742411, -36.390659005236841 ], [ -57.270105638965447, -36.394720474236237 ], [ -57.270114591505148, -36.394718778357685 ], [ -57.270131470782303, -36.394693736564022 ], [ -57.277606613341504, -36.395704397333645 ], [ -57.292550282032153, -36.368708514593663 ], [ -57.304352100211759, -36.344484390872594 ], [ -57.311357572907127, -36.335313310181334 ], [ -57.321509896651207, -36.32801164000449 ], [ -57.321514110078226, -36.32797673211752 ], [ -57.321566476744806, -36.327812491544933 ], [ -57.321628590139937, -36.327778412292162 ], [ -57.321630036603153, -36.327703418782448 ], [ -57.320328691123052, -36.321716913330022 ], [ -57.320385328102702, -36.321692536236242 ], [ -57.326741347571158, -36.305372967573362 ], [ -57.333665284705887, -36.289042176074247 ], [ -57.333697523208514, -36.289048547270511 ], [ -57.344391346696057, -36.282137706258879 ], [ -57.344411579087705, -36.2823247782257 ], [ -57.346725317513346, -36.280666631709607 ], [ -57.359209343151065, -36.269507260658372 ], [ -57.360048206305294, -36.26817968186748 ], [ -57.360143534531119, -36.2680301978138 ], [ -57.360203234893049, -36.267992432580911 ], [ -57.36020641215282, -36.267979747346374 ], [ -57.36043260997775, -36.267808207444546 ], [ -57.360435907834812, -36.26779513900442 ], [ -57.360719412552044, -36.267579667142741 ], [ -57.360722902894736, -36.267566133605953 ], [ -57.36135944347842, -36.266563569301582 ], [ -57.361363096868388, -36.266549234607169 ], [ -57.363948994019722, -36.262366689502414 ], [ -57.363953318861547, -36.262349051331114 ], [ -57.369690233568463, -36.256814792735668 ], [ -57.381543954572066, -36.242843021256419 ], [ -57.384639862391964, -36.230081569413358 ], [ -57.384656310763262, -36.230022568675793 ], [ -57.386321680845811, -36.227504835821662 ], [ -57.387175916496915, -36.226213401890618 ], [ -57.393996121081273, -36.215395917213698 ], [ -57.403751849219418, -36.198676218984588 ], [ -57.408300693207309, -36.191214908187703 ], [ -57.408329023917247, -36.191174809663835 ], [ -57.410909407075053, -36.186488214734709 ], [ -57.41312827235663, -36.194938130553055 ], [ -57.413154739504307, -36.194975419296895 ], [ -57.413278460288154, -36.195185725447061 ], [ -57.413614830627012, -36.195834086676768 ], [ -57.413615117925815, -36.195881486585733 ], [ -57.413710313691581, -36.19600158195226 ], [ -57.413706876420747, -36.196048102115981 ], [ -57.414141129447557, -36.197270271547154 ], [ -57.416721360288705, -36.208051423063409 ], [ -57.417819086577936, -36.213518078683762 ], [ -57.41756697566376, -36.214405548800016 ], [ -57.417375442892137, -36.215153022975301 ], [ -57.417138582147174, -36.215932797140681 ], [ -57.416978421545423, -36.21663890188637 ], [ -57.416838934947862, -36.21788689551073 ], [ -57.416911174472887, -36.217928631737664 ], [ -57.417148677068326, -36.218065851944857 ], [ -57.417146795221299, -36.21807256421846 ], [ -57.4174192270562, -36.220392225493129 ], [ -57.417861022967429, -36.222944236640274 ], [ -57.41880208725604, -36.229667363986948 ], [ -57.418163562298162, -36.261377872513947 ], [ -57.41743250461451, -36.272371065545371 ], [ -57.416833654132063, -36.275042087408281 ], [ -57.424976298233616, -36.293750416195905 ], [ -57.430505247880205, -36.29632698298883 ], [ -57.430805357895508, -36.296371279510652 ], [ -57.430837138641834, -36.296378814086665 ], [ -57.431004870970639, -36.296429450821734 ], [ -57.431045219134035, -36.29645240999173 ], [ -57.43354226532432, -36.297302537176222 ], [ -57.43556032921407, -36.298224413181174 ], [ -57.438349397162654, -36.296363621017861 ], [ -57.445703761570371, -36.29980644990485 ], [ -57.446038881944219, -36.301923921135199 ], [ -57.446689341769684, -36.302237451106976 ], [ -57.447369384576177, -36.30256524210921 ], [ -57.447741811870969, -36.30274475858306 ], [ -57.454008956387213, -36.304524956993532 ], [ -57.454157453446385, -36.30459884075691 ], [ -57.454331435326594, -36.304781736514656 ], [ -57.454503081481107, -36.304866930524895 ], [ -57.454550074565645, -36.304908392068967 ], [ -57.454728114998716, -36.304996719084443 ], [ -57.454736078815188, -36.30499983262132 ], [ -57.454835223528562, -36.305048259102193 ], [ -57.454843154581738, -36.305051682391934 ], [ -57.454865912044227, -36.305063157238692 ], [ -57.455899074613228, -36.305229768833101 ], [ -57.45863884464444, -36.305051025227556 ], [ -57.458728287179952, -36.304903992665345 ], [ -57.464552297868238, -36.304144262460056 ], [ -57.470370834420976, -36.303252054116115 ], [ -57.471583455960797, -36.303199384551249 ], [ -57.471632732382318, -36.303204093934255 ], [ -57.47413547128599, -36.303096136886779 ], [ -57.481107269798429, -36.305138241755003 ], [ -57.484564524110795, -36.303971595344592 ], [ -57.484572123243595, -36.304000714750657 ], [ -57.490073203693612, -36.307568974550236 ], [ -57.490078659923995, -36.307572329379241 ], [ -57.490461465591352, -36.307830581564588 ], [ -57.49051590270642, -36.307856726964303 ], [ -57.491237139960162, -36.308019585333398 ], [ -57.491313024181636, -36.308013855400532 ], [ -57.491379628188838, -36.308023084160766 ], [ -57.491459472312329, -36.308034147311787 ], [ -57.491546461287044, -36.308046200031299 ], [ -57.502670686665738, -36.310417640123148 ], [ -57.504355283910115, -36.310608751669406 ], [ -57.50439839534863, -36.310609412835277 ], [ -57.505917566378912, -36.310782094060244 ], [ -57.505983533216067, -36.31080462886672 ], [ -57.507414852885347, -36.310966600502013 ], [ -57.507447177952486, -36.310967825266459 ], [ -57.508497469306917, -36.311086769888163 ], [ -57.509603509736735, -36.311212028046327 ], [ -57.513731173030294, -36.309241652715002 ], [ -57.51484369994597, -36.309480789317092 ], [ -57.514941922647949, -36.3095028534824 ], [ -57.515055531958694, -36.309528374501383 ], [ -57.515119207109535, -36.3095426777939 ], [ -57.515190394894091, -36.309555312296311 ], [ -57.515410278930744, -36.309606519850888 ], [ -57.519246788361613, -36.312475305393605 ], [ -57.521150387179773, -36.312669559588016 ], [ -57.523224922154839, -36.312881255302955 ], [ -57.525418058451692, -36.313105053677873 ], [ -57.527731437072703, -36.31334112540236 ], [ -57.530184535175295, -36.313591448715613 ], [ -57.53556379133903, -36.314140368151072 ], [ -57.535615523903743, -36.314144259987756 ], [ -57.535694659062699, -36.314145412905191 ], [ -57.535701549726355, -36.314155312282764 ], [ -57.53590059042557, -36.31416766069259 ], [ -57.535900187087066, -36.314177121015348 ], [ -57.535898175525915, -36.314352350650779 ], [ -57.535758475747059, -36.31437965104351 ], [ -57.535679824221518, -36.31437848599694 ], [ -57.535572816531783, -36.314404661006392 ], [ -57.52890361189435, -36.315842929817279 ], [ -57.523767992423075, -36.316950468887342 ], [ -57.519254432909804, -36.31792384636276 ], [ -57.505377893440311, -36.324693238341297 ], [ -57.505330277251971, -36.324686157332337 ], [ -57.505311428999505, -36.324690252707057 ], [ -57.492793347248721, -36.323667340825637 ], [ -57.473246818004441, -36.326634328603916 ], [ -57.472213133379455, -36.326255801053833 ], [ -57.472141494321818, -36.325881714693992 ], [ -57.471461176852983, -36.32603934257736 ], [ -57.471439741859797, -36.326029925584919 ], [ -57.468295534867366, -36.325491140670749 ], [ -57.468108108638148, -36.325517948200172 ], [ -57.468062483768676, -36.325525698790216 ], [ -57.46792723144182, -36.325548678100404 ], [ -57.465775444557323, -36.326042203920792 ], [ -57.465769990228523, -36.326057706208928 ], [ -57.464330248027863, -36.326881321210294 ], [ -57.44954716536995, -36.33332434399307 ], [ -57.449513440695796, -36.333311715949947 ], [ -57.442081792969475, -36.334747820381381 ], [ -57.439465877930957, -36.334473086535752 ], [ -57.436917624619582, -36.334205456659902 ], [ -57.434311968415614, -36.333931793630768 ], [ -57.424215671640638, -36.356708509595535 ], [ -57.438270240879831, -36.369249293877658 ], [ -57.444981644780796, -36.367002487640775 ], [ -57.446994281719753, -36.366481165703419 ], [ -57.447114376906995, -36.36643242514242 ], [ -57.448249862574414, -36.36651586069155 ], [ -57.452632337599539, -36.366427997865571 ], [ -57.452102776095558, -36.367487921473639 ], [ -57.452107909604308, -36.367512792448622 ], [ -57.453833351679009, -36.368984274407637 ], [ -57.448425103317845, -36.370650986952 ], [ -57.447823677016117, -36.371075992397664 ], [ -57.447755968201193, -36.371121451653153 ], [ -57.447744881422693, -36.371125083064385 ], [ -57.447708413375096, -36.371153198498632 ], [ -57.447697847940333, -36.371156714045071 ], [ -57.447619701499093, -36.371220134257101 ], [ -57.447419909249788, -36.371495648811731 ], [ -57.446583201659564, -36.372649472945113 ], [ -57.444960329465346, -36.374910763066964 ], [ -57.444467875787211, -36.37763754438663 ], [ -57.444478249986787, -36.377667773439669 ], [ -57.443272030571222, -36.384663187843216 ], [ -57.444905952474414, -36.38633972616924 ], [ -57.442892003670067, -36.387576078074744 ], [ -57.442891739261654, -36.387576682020608 ], [ -57.443518405630869, -36.388687579303223 ], [ -57.443591809286545, -36.393516639792665 ], [ -57.44357761464687, -36.393516169371537 ], [ -57.444401902322227, -36.415778733551861 ], [ -57.443973512848913, -36.421201195844731 ], [ -57.44344447227553, -36.422055747537684 ], [ -57.431671782033391, -36.42446772894516 ], [ -57.431619202665217, -36.424502587105792 ], [ -57.449120982128704, -36.435067704858398 ], [ -57.449312959284839, -36.462996709052902 ], [ -57.45507988791519, -36.465394233701204 ], [ -57.462037624726804, -36.466908309651842 ], [ -57.475557048529993, -36.469850284329084 ], [ -57.484430982322237, -36.471781347324452 ], [ -57.484517143925416, -36.472620572697792 ], [ -57.484584867336821, -36.473253532937747 ], [ -57.474586987825944, -36.496596439693121 ], [ -57.460620048026783, -36.529206223142751 ], [ -57.456494254564063, -36.534524061874265 ], [ -57.451365937600542, -36.542542193244969 ], [ -57.451322614854007, -36.542578037245164 ], [ -57.448744184250472, -36.555842363216243 ], [ -57.447328600500498, -36.563449097027899 ], [ -57.449301280696943, -36.573409101046593 ], [ -57.44939612407768, -36.573509496923464 ], [ -57.449663055099847, -36.578212319141585 ], [ -57.449704551452328, -36.578242024645874 ], [ -57.450696890050381, -36.590205842500211 ], [ -57.45057706431561, -36.590278443087186 ], [ -57.436734000797742, -36.594701387895441 ], [ -57.436692391422127, -36.59467160148256 ], [ -57.431499157881149, -36.596344802395834 ], [ -57.431466524621442, -36.596320612025238 ], [ -57.431150217690117, -36.596422058713813 ], [ -57.410764113547998, -36.605523712592571 ], [ -57.409055762952164, -36.606466573353487 ], [ -57.409042870027463, -36.606477216849385 ], [ -57.409025475495241, -36.606444501784495 ], [ -57.408495390075814, -36.606723313150042 ], [ -57.402767232612575, -36.602990076045614 ], [ -57.386462228709377, -36.60069147564792 ], [ -57.386440060176767, -36.600646391552175 ], [ -57.385896577858659, -36.600433750345871 ], [ -57.359927292889211, -36.592904898976258 ], [ -57.359766637526434, -36.592868379468712 ], [ -57.343124390975618, -36.595810586217453 ], [ -57.342151593596327, -36.595656703934196 ], [ -57.325296889974481, -36.597662144888375 ], [ -57.324239114449711, -36.597980106109276 ], [ -57.317658579406782, -36.600624567974933 ], [ -57.317295795051962, -36.600543660005201 ], [ -57.309647238596426, -36.610021861418261 ], [ -57.307755877211378, -36.621269004179567 ], [ -57.312996864827539, -36.635673585752329 ], [ -57.332432235512385, -36.685360585884439 ], [ -57.331212309692091, -36.686795147365842 ], [ -57.332051034483129, -36.68712839135577 ], [ -57.326633468395698, -36.689512010463261 ], [ -57.325988706387534, -36.701847384239215 ], [ -57.325944331789344, -36.701845573485116 ], [ -57.323367715670372, -36.714842014149895 ], [ -57.322090817329865, -36.714766249026468 ], [ -57.291191627231228, -36.725134033246945 ], [ -57.291163101129825, -36.725139980315248 ], [ -57.291010075252416, -36.725319058389175 ], [ -57.270218661691842, -36.753824650424804 ], [ -57.264772376132385, -36.756525558676913 ], [ -57.2635498483574, -36.760281074091893 ], [ -57.263448196875117, -36.761104822239645 ], [ -57.263074052297668, -36.762015790735006 ], [ -57.262763857063021, -36.762771058080943 ], [ -57.262762446686509, -36.762782295713635 ], [ -57.262401784385759, -36.763671924049618 ], [ -57.26166398925136, -36.764927864156562 ], [ -57.259531458726144, -36.771137791876754 ], [ -57.257991668803811, -36.795643242852293 ], [ -57.258479640842381, -36.800627838970684 ], [ -57.258441645750906, -36.800630171565388 ], [ -57.251698235911817, -36.804359840088125 ], [ -57.240606826192959, -36.824190677270451 ], [ -57.240630119202478, -36.824216315490105 ], [ -57.234946561663435, -36.826071333920765 ], [ -57.232280421696544, -36.827138479458313 ], [ -57.230520312496878, -36.839600462275655 ], [ -57.230514660787208, -36.839604792470425 ], [ -57.23049195313979, -36.839670824154041 ], [ -57.226544496603424, -36.844976248191642 ], [ -57.22597237031448, -36.845540328459208 ], [ -57.222119208121683, -36.85085898761497 ], [ -57.222118465979634, -36.850860355075326 ], [ -57.222071441724268, -36.850921700097444 ], [ -57.222083942518907, -36.851185772339477 ], [ -57.222080390806639, -36.851199725769959 ], [ -57.21985210081175, -36.853224884177052 ], [ -57.219188457379005, -36.853664103985864 ], [ -57.218952713708177, -36.853795007050167 ], [ -57.218946626016134, -36.853758939856846 ], [ -57.220782971216465, -36.850142060274607 ], [ -57.22035692584825, -36.843970580377004 ], [ -57.219351784724495, -36.830664750210872 ], [ -57.219068920364293, -36.826815231722037 ], [ -57.219056929244118, -36.826806787154112 ], [ -57.214393169495338, -36.813068790581781 ], [ -57.209706730442747, -36.784389527123039 ], [ -57.196854374348959, -36.772800067985543 ], [ -57.196662789612446, -36.772156613705818 ], [ -57.196578216716659, -36.771872576238025 ], [ -57.196538362232673, -36.771738717311052 ], [ -57.196497517847547, -36.77160674198484 ], [ -57.196453782780338, -36.771460479023744 ], [ -57.196374385634613, -36.769411012356954 ], [ -57.213074264847251, -36.741717801484754 ], [ -57.211504783618523, -36.739805324840745 ], [ -57.212002754197101, -36.73926036138522 ], [ -57.212052432964583, -36.73920600549576 ], [ -57.212126794157768, -36.739124615943751 ], [ -57.212204751917056, -36.738156773732328 ], [ -57.212465713367976, -36.734916965799016 ], [ -57.209597656907476, -36.732193978925068 ], [ -57.202532357305131, -36.709112544599122 ], [ -57.18420729157009, -36.655027860766268 ], [ -57.186198897207362, -36.649767179674711 ], [ -57.186171445931166, -36.6497462645263 ], [ -57.177378226174767, -36.64914694877308 ], [ -57.177363211380111, -36.649146978506792 ], [ -57.173180000160983, -36.64974505033797 ], [ -57.17316503733241, -36.649773727886043 ], [ -57.171808011328437, -36.652021725222312 ], [ -57.171321956021018, -36.652199453440232 ], [ -57.171164880643175, -36.653087115137964 ], [ -57.170279778360964, -36.652578611590457 ], [ -57.170250335323146, -36.652576784450673 ], [ -57.168832052031291, -36.651980153995055 ], [ -57.165531083805149, -36.648672171234011 ], [ -57.166105061567805, -36.637231243680219 ], [ -57.166441701769656, -36.636007219696523 ], [ -57.166639240392954, -36.635346496209877 ], [ -57.16666751665997, -36.635325205190327 ], [ -57.165474927739581, -36.627591915485539 ], [ -57.163665659919388, -36.626554160270189 ], [ -57.163656286892774, -36.626553544892829 ], [ -57.162159083952986, -36.627335829126253 ], [ -57.147405894617748, -36.635877654663545 ], [ -57.147928690029403, -36.627362825357977 ], [ -57.136121213075285, -36.620036296287083 ], [ -57.133195214805312, -36.620159817316051 ], [ -57.121291319689817, -36.620817870020915 ], [ -57.119946553872637, -36.621803297098097 ], [ -57.119922815015968, -36.62181942627376 ], [ -57.115273064314522, -36.62247824582397 ], [ -57.108155094794768, -36.62403932127495 ], [ -57.110185863017421, -36.628805820851483 ], [ -57.084324396819, -36.62411310074441 ], [ -57.078189439313178, -36.620764496812455 ], [ -57.016943852575366, -36.617807340969534 ], [ -57.016924301384392, -36.617864407233526 ], [ -57.014181599895267, -36.630031822147316 ], [ -57.01415032388428, -36.630078112196713 ], [ -57.018150295404041, -36.656428975876509 ], [ -57.015553966303287, -36.666690888348285 ], [ -57.011808886709446, -36.676065287651795 ], [ -57.00086480359937, -36.668578596108262 ], [ -56.974947676137106, -36.718202983373203 ], [ -56.979099093548825, -36.720845104772195 ], [ -56.980025901587396, -36.724440748997381 ], [ -56.975828333332004, -36.732256390813291 ], [ -56.943212708685508, -36.766935346243429 ], [ -56.979083486141064, -36.795081780541977 ], [ -56.997269388079587, -36.821165544305359 ], [ -57.010244253810015, -36.833684633528492 ], [ -57.024404901559706, -36.841891777002047 ], [ -57.025492876052851, -36.840208626451385 ], [ -57.028683766500365, -36.836288080637701 ], [ -57.036808013312736, -36.843839646879019 ], [ -57.036816496891277, -36.843897651769566 ], [ -57.041954285426357, -36.84849996815359 ], [ -57.037207248700668, -36.855182431632386 ], [ -57.044779026680658, -36.868156144359489 ], [ -57.044778594204331, -36.868158394338252 ], [ -57.041424327540426, -36.86669752774219 ], [ -57.03098494313673, -36.85934222654555 ], [ -57.028249716419452, -36.858336964738157 ], [ -57.011903946250925, -36.855608936954923 ], [ -56.975947251243781, -36.87548328005488 ], [ -56.974212604079469, -36.876639434454489 ], [ -56.968321792226789, -36.883550974804564 ], [ -56.963597189269308, -36.881218858909335 ], [ -56.961117783231828, -36.884095777366213 ], [ -56.956926602531553, -36.889425048188173 ], [ -56.95357540096154, -36.872831646363068 ], [ -56.939267399343635, -36.864554437851325 ], [ -56.922512560265943, -36.845156591410841 ], [ -56.887606640223282, -36.842890423127756 ], [ -56.887574041640164, -36.84289618343854 ], [ -56.863655340266519, -36.850083109522245 ], [ -56.862305934020014, -36.872360207474173 ], [ -56.862511622374825, -36.890594103767455 ], [ -56.862534169580726, -36.890630732147713 ], [ -56.885180525664794, -36.906615160195543 ], [ -56.936393871202881, -36.9400461801186 ], [ -56.935295219100567, -36.947111171225231 ], [ -56.935270042583795, -36.947166871920274 ], [ -56.94094626988533, -36.950465803878103 ], [ -56.941343677466136, -36.952895501535522 ], [ -56.941359104868127, -36.952918692719038 ], [ -56.944643094204082, -36.953733193787684 ], [ -56.956646689780086, -36.972639109061447 ], [ -56.960598024759747, -36.974888724094626 ], [ -56.960638139160949, -36.974915590491378 ], [ -56.970537688125432, -36.977887531792248 ], [ -56.970567439994511, -36.977912011892784 ], [ -56.973555932279965, -36.982753471327328 ], [ -56.973590967556163, -36.982779057012976 ], [ -56.973824442813225, -36.983135403802635 ], [ -56.981553271396876, -36.992773868530833 ], [ -56.981813759397539, -36.993084245131797 ], [ -56.998601350526144, -37.01460828857671 ], [ -56.994328171683549, -37.014289653841047 ], [ -56.976524524261265, -37.015197587187515 ], [ -56.968376070625879, -37.029305278459788 ], [ -56.984118325036832, -37.02975155530936 ], [ -56.984122120964571, -37.029792870849633 ], [ -56.990480283728687, -37.03060505125103 ], [ -57.004187259797618, -37.027696380858856 ], [ -57.016358750872939, -37.043243959406027 ], [ -57.026961596681531, -37.04925866381808 ], [ -57.037082219130866, -37.051399672285186 ], [ -57.040101132840903, -37.0493456082134 ], [ -57.040122963793522, -37.049324970052965 ], [ -57.041160731735488, -37.048339436922845 ], [ -57.042717212171681, -37.046183354108337 ], [ -57.043710580025788, -37.043391279027844 ], [ -57.04629655075712, -37.03981310821905 ], [ -57.050836817450829, -37.036621029779269 ], [ -57.053897978562816, -37.029272017211269 ], [ -57.055784963784049, -37.028215001960177 ], [ -57.052661631936132, -37.021899423616162 ], [ -57.052592144564983, -37.021916235135905 ], [ -57.05155505452484, -37.02165307011893 ], [ -57.053493081199804, -37.019620358028817 ], [ -57.053564481750698, -37.019603083641357 ], [ -57.067676286096287, -37.005315794812134 ], [ -57.074054386816385, -37.004242375499643 ], [ -57.102742393867288, -36.994846267984769 ], [ -57.105686717806179, -36.994591687387071 ], [ -57.110042579057051, -36.994267187829223 ], [ -57.110058437747625, -36.994245641463181 ], [ -57.110741197570576, -36.99301509303325 ], [ -57.111694864394224, -36.990977660136764 ], [ -57.11174596645327, -36.990968546113322 ], [ -57.111812203117609, -36.990806495787467 ], [ -57.111865194744496, -36.99079872532684 ], [ -57.1120833741914, -36.990486166032838 ], [ -57.112221389788886, -36.990037089122779 ], [ -57.113677163129637, -36.988337128712999 ], [ -57.11472402211524, -36.987130239224143 ], [ -57.114784403515387, -36.987122769612881 ], [ -57.116601827274792, -36.984521776610904 ], [ -57.116629857342559, -36.983368582380933 ], [ -57.116470650642157, -36.982870089313849 ], [ -57.115935841329929, -36.9826649369233 ], [ -57.116002418412677, -36.982160001592717 ], [ -57.115997516257664, -36.982135421844134 ], [ -57.116673376753681, -36.975697419691244 ], [ -57.117014431521113, -36.97621481594723 ], [ -57.117138608386085, -36.976399168937519 ], [ -57.118494021054232, -36.979959389260614 ], [ -57.118767669339093, -36.980229524628044 ], [ -57.1187720354921, -36.980237885814688 ], [ -57.119086115655591, -36.980455749104067 ], [ -57.119089620299803, -36.980466319118079 ], [ -57.119102733763896, -36.980532958473248 ], [ -57.119909396514799, -36.982226720459039 ], [ -57.119919390884775, -36.982288999706213 ], [ -57.122325996933228, -36.984721820043774 ], [ -57.123225763694961, -36.986290297314838 ], [ -57.123637207392221, -36.986989932473364 ], [ -57.123740298971597, -36.987109884183383 ], [ -57.123499050790485, -36.991323756456723 ], [ -57.123496701512579, -36.991878440686264 ], [ -57.122943267889923, -36.992439386256706 ], [ -57.12295745792386, -36.992510949336179 ], [ -57.122898893552644, -36.992578543208992 ], [ -57.122869352127509, -36.992607982606557 ], [ -57.1228651866885, -36.992610041055627 ], [ -57.12279457296836, -36.992564565082773 ], [ -57.122253608147105, -36.993226543901187 ], [ -57.12196183939011, -36.993576791414569 ], [ -57.121931170836262, -36.993554651373131 ], [ -57.12192030190937, -36.993569727411682 ], [ -57.12189709888878, -36.993597273137993 ], [ -57.121880208305811, -36.993584907556112 ], [ -57.121726095491738, -36.993763124540862 ], [ -57.12149749831525, -36.994027878689678 ], [ -57.12117906899141, -36.994398711983081 ], [ -57.120931862596819, -36.994621841291973 ], [ -57.120921857825351, -36.994635269259788 ], [ -57.120907394338644, -36.994624555950793 ], [ -57.120645840019563, -36.994558560842677 ], [ -57.120658605985, -36.99450805551561 ], [ -57.120589676, -36.994464101832364 ], [ -57.120253770726094, -36.994249870952672 ], [ -57.120246944327619, -36.99421284600021 ], [ -57.120109065457541, -36.994156148250852 ], [ -57.120103844913615, -36.994127845895662 ], [ -57.12005373586328, -36.994133437564983 ], [ -57.119437935763642, -36.994400261313785 ], [ -57.118452634894254, -36.994331058182468 ], [ -57.118432425168237, -36.994358978460582 ], [ -57.11802582190802, -36.994694677776579 ], [ -57.117997529434604, -36.994869195813976 ], [ -57.118009959438893, -36.994927874467294 ], [ -57.118063720863006, -36.995012691725663 ], [ -57.11807507577214, -36.99507289970262 ], [ -57.118079815844737, -36.995461711873304 ], [ -57.11825362115178, -36.99575687547906 ], [ -57.118267003457163, -36.995821584162343 ], [ -57.1187759585452, -36.996611587527582 ], [ -57.118777251118729, -36.996643088567396 ], [ -57.118780276563427, -36.996654414603597 ], [ -57.118785200121408, -36.99667284628822 ], [ -57.118825322343582, -36.996728321532089 ], [ -57.118935205227331, -36.996745723053891 ], [ -57.118981062948876, -36.996777326690051 ], [ -57.119360764118312, -36.99661123827309 ], [ -57.119935389272882, -36.995940732546501 ], [ -57.119963225084859, -36.995961298329007 ], [ -57.119976129985446, -36.995943746868363 ], [ -57.119997047294589, -36.995918214010146 ], [ -57.12001576316851, -36.995931774318478 ], [ -57.120403131224748, -36.995471877726175 ], [ -57.12080822364112, -36.994988493114022 ], [ -57.120866253210636, -36.994918506937722 ], [ -57.120933540096644, -36.994836908001844 ], [ -57.120938790488424, -36.994865367968202 ], [ -57.120959153397223, -36.994837436054752 ], [ -57.121041684760087, -36.994824998366425 ], [ -57.121054997113731, -36.994897165236068 ], [ -57.12146286524802, -36.994901867119495 ], [ -57.121471113511575, -36.994946593046109 ], [ -57.121504579663053, -36.994942492343114 ], [ -57.122550371305124, -36.995830847907712 ], [ -57.123113370989074, -36.996154863537754 ], [ -57.123623463140689, -36.996444087659313 ], [ -57.123654358366878, -36.996462524653623 ], [ -57.12396505428319, -36.996627094111432 ], [ -57.123994963789983, -36.996649130821197 ], [ -57.124439344496238, -36.996926674252222 ], [ -57.124711350916471, -36.997100494581957 ], [ -57.124960940951325, -36.997260138151887 ], [ -57.124973423518838, -36.997243450327005 ], [ -57.125005822484127, -36.997260745145468 ], [ -57.125026232022833, -36.997233844910795 ], [ -57.125043570704577, -36.997246831490713 ], [ -57.125446778530204, -36.997512213170353 ], [ -57.125885697714693, -36.997792791208838 ], [ -57.125258475845044, -36.998521728836806 ], [ -57.125225704772788, -36.998490039345938 ], [ -57.125215345554579, -36.998503869616741 ], [ -57.125200824201841, -36.998493007140212 ], [ -57.125179857182957, -36.998531302780009 ], [ -57.124895912857426, -36.998861762477759 ], [ -57.124706664267876, -36.999038465549859 ], [ -57.124536615359261, -36.999216254345015 ], [ -57.124546334964748, -36.999269208671251 ], [ -57.124550551384118, -36.999294216773876 ], [ -57.124888699371581, -36.999465492983973 ], [ -57.125355916240437, -36.999706843598233 ], [ -57.125366104939303, -36.999713353059121 ], [ -57.125414269085638, -36.999766732902231 ], [ -57.12542318221756, -36.99981185261089 ], [ -57.125435981100964, -36.999793630744932 ], [ -57.125456117651538, -36.999807747362695 ], [ -57.125447204519674, -36.999762627654093 ], [ -57.125566775624691, -36.999840325091554 ], [ -57.125495403397395, -36.999912708720672 ], [ -57.125468680349343, -36.999949740045793 ], [ -57.125428922989101, -36.999920995193349 ], [ -57.125203890409296, -37.000184387405113 ], [ -57.125195137092931, -37.000196356714582 ], [ -57.125428342457838, -37.000439246090025 ], [ -57.125433674452552, -37.000443146002794 ], [ -57.125794375916826, -37.000578028516543 ], [ -57.126075509566363, -37.000463333728305 ], [ -57.126070382112061, -37.000429269709343 ], [ -57.126599315341878, -37.000276837348565 ], [ -57.126631783903861, -37.000272760530038 ], [ -57.12670510805691, -37.000205834441431 ], [ -57.1267215589437, -37.000184046970844 ], [ -57.12674445002466, -37.000201202192045 ], [ -57.127380972899687, -37.000611688812455 ], [ -57.127392166706727, -37.000642081108253 ], [ -57.127711198456382, -37.000859966894609 ], [ -57.12804174739091, -37.001072564425044 ], [ -57.128059213314543, -37.001049200767397 ], [ -57.128268710124019, -37.001147537655243 ], [ -57.128301390323031, -37.001172124558252 ], [ -57.128652063723905, -37.001422104281914 ], [ -57.128200112278137, -37.001751029237482 ], [ -57.128157535234493, -37.001755626247473 ], [ -57.127895250807057, -37.001955340131303 ], [ -57.127886851688061, -37.001966708548935 ], [ -57.128216765802676, -37.002374941115704 ], [ -57.128267347355632, -37.00244242095107 ], [ -57.128280158438145, -37.00251857177534 ], [ -57.128202740017855, -37.002977012075121 ], [ -57.128209663854648, -37.002982084162852 ], [ -57.128362396013642, -37.002978295073547 ], [ -57.128376780691212, -37.002976872539818 ], [ -57.128696116743356, -37.00298119253813 ], [ -57.128804264628172, -37.002675090475236 ], [ -57.128436040202644, -37.002439342546666 ], [ -57.128681744105904, -37.002156126231569 ], [ -57.129013683272547, -37.001565712332081 ], [ -57.129077713615686, -37.001558997159236 ], [ -57.12908394636753, -37.001550738166884 ], [ -57.129224674946784, -37.001383954389723 ], [ -57.129199699236437, -37.001364671087288 ], [ -57.129217200687549, -37.001340995136047 ], [ -57.129376911744032, -37.001103052109499 ], [ -57.129473478925092, -37.001152749041239 ], [ -57.129477882911203, -37.001180250226582 ], [ -57.129635120766636, -37.001272191874648 ], [ -57.129637615878323, -37.001273975257163 ], [ -57.129606952546965, -37.0013160029647 ], [ -57.129611041872295, -37.001403419821827 ], [ -57.129600848582413, -37.001417068156911 ], [ -57.129693342436155, -37.00152646865746 ], [ -57.130047782863471, -37.001860093478058 ], [ -57.130660651943856, -37.002180010285144 ], [ -57.130775054443859, -37.0022573019574 ], [ -57.130792776221881, -37.002279628138297 ], [ -57.130437106100146, -37.003309447364757 ], [ -57.130458251627431, -37.003349047630479 ], [ -57.130646648659649, -37.003396940615858 ], [ -57.130844761266587, -37.003447303427322 ], [ -57.130904500627139, -37.003406950382498 ], [ -57.131097243108854, -37.003468864903994 ], [ -57.131301675126565, -37.003534534446487 ], [ -57.131305900471773, -37.003532766447051 ], [ -57.131318428709505, -37.003531842320683 ], [ -57.131527648197107, -37.003603121885703 ], [ -57.13153080321365, -37.003599505554917 ], [ -57.131733249217007, -37.003673168665102 ], [ -57.131719555803556, -37.003680724825244 ], [ -57.131734805848964, -37.003684318134106 ], [ -57.131738882581089, -37.003729892595175 ], [ -57.131697280573178, -37.003751798991061 ], [ -57.131608849950453, -37.003788510734068 ], [ -57.131384610620501, -37.003842521890874 ], [ -57.131253430123195, -37.003905292200159 ], [ -57.131110317903165, -37.003973763283341 ], [ -57.130801658307746, -37.004317575704135 ], [ -57.130741561626905, -37.004440621259562 ], [ -57.130730111783862, -37.0044717271075 ], [ -57.130816735222595, -37.004603928060078 ], [ -57.130356552249737, -37.005075453869154 ], [ -57.13034691618833, -37.005084941838845 ], [ -57.130242027689405, -37.005155806871869 ], [ -57.130182270975411, -37.005194292433202 ], [ -57.130190502151152, -37.005244851992245 ], [ -57.130137319410721, -37.005228152363543 ], [ -57.130147125879148, -37.005292243136296 ], [ -57.130101193541577, -37.005331781838038 ], [ -57.130084301117677, -37.005297195562946 ], [ -57.130041213750928, -37.005269042691623 ], [ -57.130037644892752, -37.005266930759376 ], [ -57.130013423247249, -37.005261361216355 ], [ -57.129983752504245, -37.005239877538656 ], [ -57.129918726426183, -37.005169906568426 ], [ -57.129841456670192, -37.005076134537092 ], [ -57.129792780479306, -37.005080201352996 ], [ -57.129634414408372, -37.004981077858588 ], [ -57.129496982662715, -37.005197089536978 ], [ -57.12941896707531, -37.005205809730001 ], [ -57.129414644076235, -37.005210731642819 ], [ -57.129411530705852, -37.005214845492901 ], [ -57.128948204480025, -37.005588239881376 ], [ -57.128943081842749, -37.0055951034945 ], [ -57.128923045785086, -37.005600173755511 ], [ -57.128914799424876, -37.005593782927747 ], [ -57.12890294398386, -37.005595202393465 ], [ -57.128794290564258, -37.005711729832967 ], [ -57.128677584882269, -37.006253101031689 ], [ -57.128680771516088, -37.006270494603143 ], [ -57.128757372716564, -37.006305498432425 ], [ -57.128858509074519, -37.00637068055363 ], [ -57.128953415465162, -37.006432553207219 ], [ -57.128992582073522, -37.006461432223716 ], [ -57.128997638567228, -37.006454676992746 ], [ -57.129025060567358, -37.00641786883773 ], [ -57.129480133427307, -37.006715086686597 ], [ -57.129504863471993, -37.006733597388177 ], [ -57.130093822722699, -37.00711679102892 ], [ -57.130090118720943, -37.007121584184972 ], [ -57.130144820393923, -37.007150794680797 ], [ -57.130203220175304, -37.007188514976747 ], [ -57.130275119092857, -37.007180455048115 ], [ -57.130333711008916, -37.007108525141632 ], [ -57.130311885493199, -37.007092346050683 ], [ -57.130327060851243, -37.007072010946672 ], [ -57.130389092534926, -37.006946743391779 ], [ -57.130446758658024, -37.006984134108507 ], [ -57.130449192318849, -37.006997305229845 ], [ -57.130487752969941, -37.00702672636055 ], [ -57.130540327469816, -37.007055712853685 ], [ -57.130529140394913, -37.007070489402736 ], [ -57.130508123616721, -37.007098218534679 ], [ -57.130522705482235, -37.007112570024447 ], [ -57.130752438919046, -37.007279521554665 ], [ -57.131009042201811, -37.007529855891732 ], [ -57.131211442342476, -37.007783354756839 ], [ -57.131223360909587, -37.007786311946347 ], [ -57.131288718476924, -37.007800688360305 ], [ -57.131445388058808, -37.007688513703329 ], [ -57.131578788815887, -37.007638787673272 ], [ -57.131594572942163, -37.007668382280315 ], [ -57.131613434171356, -37.007658321488464 ], [ -57.131894612620044, -37.008107140116351 ], [ -57.132456996845917, -37.009013376865539 ], [ -57.132494188747046, -37.008993650049717 ], [ -57.132500374327265, -37.009009551535712 ], [ -57.13272185341566, -37.009376200969541 ], [ -57.132729049752243, -37.009389572609166 ], [ -57.132772038515213, -37.009591370789451 ], [ -57.132835631930618, -37.009606072048257 ], [ -57.132952458856721, -37.009533815466114 ], [ -57.132956964966525, -37.009531349462804 ], [ -57.133065249524179, -37.009475595421407 ], [ -57.133060147180402, -37.009466114322379 ], [ -57.13307093863898, -37.009460307612244 ], [ -57.133479753060556, -37.009201174887551 ], [ -57.133808531835712, -37.009032983569966 ], [ -57.133834700481543, -37.009061367975391 ], [ -57.133866630466059, -37.009095593385609 ], [ -57.133878502042421, -37.009117839804219 ], [ -57.133905684283377, -37.009103334962163 ], [ -57.134196697915684, -37.00973209052728 ], [ -57.134149802815898, -37.009774823648854 ], [ -57.134635661302411, -37.010751229483105 ], [ -57.134678658980704, -37.010728189887971 ], [ -57.134804624125252, -37.010929067698953 ], [ -57.134821055699831, -37.010959688334253 ], [ -57.134658558903027, -37.011044035866689 ], [ -57.135012656139736, -37.011425075533339 ], [ -57.135042640506242, -37.011432368429382 ], [ -57.135089689019082, -37.011443474087116 ], [ -57.135316042315537, -37.011305148669692 ], [ -57.135593749675138, -37.011162375011452 ], [ -57.135581264949167, -37.011139133405322 ], [ -57.135607494297631, -37.011125027815126 ], [ -57.135899438650597, -37.01094662441426 ], [ -57.136108385777391, -37.010836872926632 ], [ -57.136166087384709, -37.01124522370327 ], [ -57.136158315413638, -37.011265804307527 ], [ -57.136138560670588, -37.01131948233791 ], [ -57.136201108621094, -37.011764090500094 ], [ -57.136319004779637, -37.012234732235981 ], [ -57.136347281413123, -37.012220176151118 ], [ -57.136706641893056, -37.012813040483593 ], [ -57.136726913603695, -37.012817969394632 ], [ -57.137198124240626, -37.013495110289853 ], [ -57.139633290466691, -37.016142879232063 ], [ -57.136656962977611, -37.017459604959811 ], [ -57.133868442802395, -37.018689500540745 ], [ -57.133392803869242, -37.019315185595417 ], [ -57.133379314010597, -37.019394603226317 ], [ -57.133369308157569, -37.019421632845194 ], [ -57.133137905864317, -37.019739653364184 ], [ -57.133123094959728, -37.019779663807697 ], [ -57.133123779561629, -37.019890944144095 ], [ -57.133110738240021, -37.01992617210658 ], [ -57.133117464471127, -37.019958520863327 ], [ -57.13310487574239, -37.019991483574586 ], [ -57.132795085707812, -37.020519715038745 ], [ -57.132447855477722, -37.021064069263616 ], [ -57.132443029990611, -37.021077373219441 ], [ -57.132129697716323, -37.021562841887715 ], [ -57.131948126094244, -37.021782160572172 ], [ -57.131926136369373, -37.021838035038286 ], [ -57.131606494565403, -37.022240696718654 ], [ -57.131809825557696, -37.022375616318755 ], [ -57.131935953203651, -37.022877571560684 ], [ -57.131920240418879, -37.022918789600681 ], [ -57.131879499412207, -37.022953195734715 ], [ -57.131863191131799, -37.022997395517393 ], [ -57.132101472520731, -37.023561069837228 ], [ -57.132688280487514, -37.025142393688384 ], [ -57.132718958548821, -37.025168818735608 ], [ -57.133015358561181, -37.024431334651069 ], [ -57.136205174832753, -37.028217687700362 ], [ -57.136255205023929, -37.028259397987938 ], [ -57.136280021502216, -37.02845142215358 ], [ -57.136331659248924, -37.028493082004331 ], [ -57.136331562154965, -37.028505934067482 ], [ -57.137928222563801, -37.029013584901918 ], [ -57.137975077648946, -37.029052404168056 ], [ -57.138413122577049, -37.029740121995189 ], [ -57.138461110396349, -37.029780945004688 ], [ -57.138574271694722, -37.029819245131932 ], [ -57.138621864384959, -37.029859921429818 ], [ -57.139165031600783, -37.030708630759136 ], [ -57.139214501015488, -37.030751108716629 ], [ -57.139348985344668, -37.030795368821714 ], [ -57.139398351705552, -37.030837220171236 ], [ -57.141879224089166, -37.034472655339925 ], [ -57.141937109512696, -37.034521014641655 ], [ -57.142088138864494, -37.034775340654448 ], [ -57.142146530132777, -37.034824468847148 ], [ -57.142814919832858, -37.035798613189684 ], [ -57.142803515218475, -37.035803839351502 ], [ -57.141855584003167, -37.035375077129856 ], [ -57.141501020873477, -37.035344907671913 ], [ -57.141231416965468, -37.035304152076492 ], [ -57.141165967151096, -37.035212341210524 ], [ -57.140163942983293, -37.034870757675947 ], [ -57.140100421694171, -37.034879285914201 ], [ -57.138660895117823, -37.034008884205264 ], [ -57.138632817342796, -37.033989923940283 ], [ -57.138176504448552, -37.033916941124062 ], [ -57.137994872041588, -37.033967583463721 ], [ -57.137964864655032, -37.033953797006859 ], [ -57.13778884009912, -37.03395942901119 ], [ -57.137758912991671, -37.033949497331207 ], [ -57.137104231398723, -37.034014795746771 ], [ -57.13302884375679, -37.034738202017991 ], [ -57.127534798672059, -37.035782261440659 ], [ -57.127024919773589, -37.036054952378663 ], [ -57.126387224678467, -37.036607982647865 ], [ -57.125941000098351, -37.035344346505838 ], [ -57.123788540424528, -37.034611395256661 ], [ -57.121715462631187, -37.033797663688631 ], [ -57.113942997138281, -37.032009289962559 ], [ -57.111421917129803, -37.03163069171211 ], [ -57.106025037645793, -37.034395399025414 ], [ -57.104862709493943, -37.035407655393499 ], [ -57.10485153744645, -37.035431229670678 ], [ -57.100927847698586, -37.034455217679294 ], [ -57.100901813356643, -37.034458328611493 ], [ -57.095928873640673, -37.033412253462416 ], [ -57.09514848124752, -37.033662122252963 ], [ -57.092471413849353, -37.036189017211484 ], [ -57.085786151766399, -37.035978837676112 ], [ -57.082426474465251, -37.037170100684079 ], [ -57.082401589377014, -37.037189514596889 ], [ -57.081587280846463, -37.037946642893303 ], [ -57.078704505976361, -37.046866016367858 ], [ -57.083538453084202, -37.050155958458788 ], [ -57.079988737267456, -37.058787567207617 ], [ -57.101592897069622, -37.066259262781159 ], [ -57.101661257737078, -37.066229952727554 ], [ -57.102194446337364, -37.066558466588674 ], [ -57.1025465042934, -37.066733168623102 ], [ -57.102553091912284, -37.066747986264602 ], [ -57.101823559131958, -37.067317411892418 ], [ -57.10179397368961, -37.06735756443129 ], [ -57.101756534930416, -37.067329203284828 ], [ -57.098161226597767, -37.070046907601863 ], [ -57.08471088517615, -37.075931645257185 ], [ -57.084659944704129, -37.075946402095951 ], [ -57.079738647084639, -37.079536747404006 ], [ -57.073286563698673, -37.085524097950213 ], [ -57.066499316847114, -37.083163823206121 ], [ -57.066442890133317, -37.083176776476307 ], [ -57.049700664984243, -37.087521741519538 ], [ -57.036642784988544, -37.093583656687599 ], [ -57.025181817642533, -37.097019966225673 ], [ -57.024798652308846, -37.097118286506827 ], [ -57.023800620398958, -37.097397778970048 ], [ -57.023688776073129, -37.097060677177694 ], [ -57.023630896065526, -37.097445310370972 ], [ -57.022665703732287, -37.097715606025645 ], [ -57.021007581821266, -37.124784701298779 ], [ -57.020999538622107, -37.124784904848468 ], [ -57.018123881023939, -37.126817317575899 ], [ -57.016476101771673, -37.128712478872615 ], [ -57.016410385100016, -37.128821424348814 ], [ -57.016076845095995, -37.128955965342243 ], [ -57.015553572529427, -37.129275061859005 ], [ -57.011553764343887, -37.131714176496587 ], [ -57.022454698718718, -37.137210715133108 ], [ -57.022466318238571, -37.137196224101956 ], [ -57.025182313434868, -37.147738462709356 ], [ -57.025222764629405, -37.147771202010574 ], [ -57.041384773645063, -37.149591119990475 ], [ -57.051110059403356, -37.176843068443702 ], [ -57.055667685549167, -37.186058021850727 ], [ -57.055703793874216, -37.186053950988139 ], [ -57.069890022668119, -37.224004229927971 ], [ -57.072830708859385, -37.22561944043224 ], [ -57.0763595104562, -37.227557668377926 ], [ -57.071120088557279, -37.230237404664138 ], [ -57.063199008635252, -37.235385442099869 ], [ -57.045922461933628, -37.269607414024563 ], [ -57.060813057714256, -37.302573067497462 ], [ -57.060820839207111, -37.302581689315389 ], [ -57.060927038641069, -37.302972471031239 ], [ -57.061000653609483, -37.303319281270149 ], [ -57.061008778192445, -37.303387349817058 ], [ -57.061007256586436, -37.30340656451142 ], [ -57.061009226150475, -37.303408570661418 ], [ -57.061005000653552, -37.303425961261041 ], [ -57.06100454096304, -37.303429938323802 ], [ -57.061006365246783, -37.303432195286859 ], [ -57.06095455741081, -37.303478697093112 ], [ -57.060956537657262, -37.303481231783337 ], [ -57.060998353329694, -37.303475136190855 ], [ -57.06100023573515, -37.30347753667985 ], [ -57.060992715307577, -37.303523769960577 ], [ -57.060994514528772, -37.303526391567004 ], [ -57.060967445305209, -37.303674412992336 ], [ -57.060969730822308, -37.303677256882168 ], [ -57.061013797250155, -37.303943436014322 ], [ -57.061016462053942, -37.303946732600707 ], [ -57.061253068164092, -37.305321821582936 ], [ -57.06561515114106, -37.329344881534553 ], [ -57.065551684165371, -37.329350274121566 ], [ -57.065561445195385, -37.329362315625247 ], [ -57.065577669782954, -37.329511813139447 ], [ -57.065588144199921, -37.329524795425812 ], [ -57.065455601099188, -37.329884996375483 ], [ -57.065471604159711, -37.32990134442116 ], [ -57.0654109248498, -37.32996203547151 ], [ -57.065426774012337, -37.329980491943559 ], [ -57.064620728382181, -37.330150038855265 ], [ -57.065249333548479, -37.330288954715968 ], [ -57.065065555908973, -37.330551142842012 ], [ -57.065087556498838, -37.330577467355056 ], [ -57.064953529572222, -37.330746728912118 ], [ -57.064973761546185, -37.33077807851538 ], [ -57.063749722959187, -37.332398994709081 ], [ -57.063862563482871, -37.33244122226796 ], [ -57.063298199547205, -37.333588539243806 ], [ -57.062717958839244, -37.333340817388034 ], [ -57.058777191795173, -37.331301646862016 ], [ -57.057971237389836, -37.330979379290625 ], [ -57.054152724831965, -37.328738803553676 ], [ -57.054039782224947, -37.327686320325199 ], [ -57.048625327541515, -37.322830164715128 ], [ -57.045063331712015, -37.321710774531539 ], [ -57.045039202061844, -37.321691250119898 ], [ -57.042957684085877, -37.320735694567418 ], [ -57.042354938688675, -37.320097136673382 ], [ -57.038679279653934, -37.318171491003909 ], [ -57.038073329660619, -37.318002142797411 ], [ -57.033758881791073, -37.317296399280963 ], [ -57.033667992859932, -37.317292600031351 ], [ -57.033281605357217, -37.317180680620027 ], [ -57.03275833372453, -37.31678447493033 ], [ -57.032437398282298, -37.316680526915434 ], [ -57.030731188039795, -37.316801135003288 ], [ -57.030807717556229, -37.316293270070616 ], [ -57.03133944894023, -37.315428800251425 ], [ -57.031329537949432, -37.315390035116309 ], [ -57.031518579415831, -37.314926377591519 ], [ -57.031503480995241, -37.314898052794433 ], [ -57.03124488203656, -37.312561168950936 ], [ -57.031391820219881, -37.309750222221567 ], [ -57.0313602852504, -37.309705082344124 ], [ -57.031486448757505, -37.308402320092569 ], [ -57.031457777703793, -37.308344468869791 ], [ -57.027320807368142, -37.304554463456839 ], [ -57.021835230635588, -37.302269705928325 ], [ -57.021791832511099, -37.302210466701922 ], [ -57.020908930926623, -37.301871610085925 ], [ -57.020864087697305, -37.301809761621314 ], [ -57.020494744957489, -37.301495494293249 ], [ -57.019986590890539, -37.30143269471705 ], [ -57.019482463485758, -37.301435718724861 ], [ -57.014380824739987, -37.30029204147479 ], [ -57.006432321939712, -37.300550507686523 ], [ -57.006295830925978, -37.300380739464742 ], [ -57.006101083151464, -37.300452943665221 ], [ -57.005588023302892, -37.300552308984834 ], [ -57.004333082120183, -37.299961047914678 ], [ -57.003340269695116, -37.300141344377153 ], [ -57.002889412207082, -37.300161932644585 ], [ -57.002852092807757, -37.300205913724596 ], [ -57.001570938287955, -37.300631813829114 ], [ -57.001491884885752, -37.300446820053196 ], [ -57.001191682249043, -37.300416417527288 ], [ -57.001167273797137, -37.300439903374922 ], [ -57.000959871185785, -37.300253215926432 ], [ -57.000929961787904, -37.300240489907537 ], [ -57.000569421530713, -37.300109716795191 ], [ -57.000570194436193, -37.300098491015319 ], [ -57.000618336873686, -37.299388738442588 ], [ -57.00051565446131, -37.298998297420667 ], [ -57.00050716752753, -37.298983862300588 ], [ -57.000435932485402, -37.298939187990186 ], [ -57.000425898678088, -37.298930106335092 ], [ -57.000280287744886, -37.298896157478509 ], [ -57.000202629641933, -37.298910325066117 ], [ -57.000124987896015, -37.299051932607654 ], [ -57.00012953549998, -37.299067657807825 ], [ -57.000258163543492, -37.300083529505969 ], [ -57.000331941453226, -37.300296513247247 ], [ -57.000357785391429, -37.300299616439872 ], [ -57.000359454974046, -37.300323840784472 ], [ -57.000392942492226, -37.300476455020828 ], [ -57.000357715725727, -37.300521001345487 ], [ -56.999553025788487, -37.300289948551608 ], [ -56.999513626388534, -37.300250815480524 ], [ -56.998648312878288, -37.300045947301726 ], [ -56.999389647999919, -37.301208495999845 ], [ -56.999999999999886, -37.30187988299997 ], [ -57.002380371000015, -37.305480956999872 ], [ -57.004821776999961, -37.30920410199991 ], [ -57.005798340000013, -37.310607909999874 ], [ -57.006591796999942, -37.311889647999976 ], [ -57.007690429999911, -37.313476563 ], [ -57.008911132999913, -37.315002440999876 ], [ -57.010803222999868, -37.317810058999896 ], [ -57.013000487999875, -37.321105956999929 ], [ -57.013671875, -37.322326659999874 ], [ -57.014404296999942, -37.323303222999925 ], [ -57.015014647999806, -37.324279784999987 ], [ -57.015808104999905, -37.32531738299997 ], [ -57.016601562999938, -37.326293944999861 ], [ -57.020507812999767, -37.333007812999881 ], [ -57.022583008000026, -37.336303710999914 ], [ -57.023498534999931, -37.338378905999946 ], [ -57.024475097999812, -37.339721680000025 ], [ -57.025390624999829, -37.341186522999976 ], [ -57.026977538999859, -37.343505858999947 ], [ -57.028686522999863, -37.346191405999832 ], [ -57.030090331999929, -37.348571776999904 ], [ -57.031188964999956, -37.35101318400001 ], [ -57.032714844, -37.353393554999968 ], [ -57.034179687999881, -37.356018065999876 ], [ -57.035522461000028, -37.358215331999872 ], [ -57.03680419899996, -37.360595703 ], [ -57.037902831999986, -37.362609862999932 ], [ -57.039001464999785, -37.364379882999913 ], [ -57.039489746000015, -37.365112304999855 ], [ -57.039794921999885, -37.365783691 ], [ -57.041015624999886, -37.367797852000024 ], [ -57.041992187999881, -37.369506836000028 ], [ -57.04327392599987, -37.371704102000024 ], [ -57.044799804999911, -37.373901366999917 ], [ -57.045898437999938, -37.376220702999888 ], [ -57.046997069999918, -37.377990722999868 ], [ -57.04797363299997, -37.379882812999938 ], [ -57.049377440999933, -37.382995604999905 ], [ -57.050415038999915, -37.385375976999967 ], [ -57.051391601999967, -37.387695312999938 ], [ -57.052612304999911, -37.389526366999917 ], [ -57.053588866999974, -37.390502929999968 ], [ -57.054382323999903, -37.391906737999875 ], [ -57.055175781, -37.393371581999816 ], [ -57.056091308999896, -37.395019530999832 ], [ -57.056213378999871, -37.395507812999824 ], [ -57.056701659999874, -37.395996094 ], [ -57.057922362999875, -37.398010253999928 ], [ -57.058776854999962, -37.399780272999919 ], [ -57.059997558999896, -37.40209960899989 ], [ -57.060729979999849, -37.40319824199986 ], [ -57.061096190999933, -37.404479979999849 ], [ -57.0625, -37.406188964999956 ], [ -57.064025878999871, -37.408996581999986 ], [ -57.064880370999958, -37.409973144999867 ], [ -57.06530761699986, -37.410888671999885 ], [ -57.06610107399996, -37.411804198999846 ], [ -57.067626953, -37.413696288999915 ], [ -57.068420409999931, -37.414611816 ], [ -57.069274902000018, -37.415893554999911 ], [ -57.070678710999914, -37.4171752929999 ], [ -57.071105956999759, -37.417907714999842 ], [ -57.071594237999989, -37.419189452999944 ], [ -57.072692870999788, -37.420776366999974 ], [ -57.074707030999889, -37.42297363299997 ], [ -57.075378418000014, -37.424926757999913 ], [ -57.076416015999882, -37.426696776999904 ], [ -57.077087402000018, -37.427978516 ], [ -57.077880858999947, -37.42858886699986 ], [ -57.079284668000014, -37.431518554999968 ], [ -57.08068847699991, -37.434204101999967 ], [ -57.08172607399996, -37.435913085999971 ], [ -57.082275390999939, -37.437377930000025 ], [ -57.082702637000011, -37.438720703 ], [ -57.083496093999941, -37.440002440999933 ], [ -57.085327147999919, -37.442382812999881 ], [ -57.086914062999881, -37.444580077999888 ], [ -57.088012694999748, -37.446105956999816 ], [ -57.089416503999814, -37.448425292999957 ], [ -57.090881347999868, -37.45092773399989 ], [ -57.09240722699991, -37.452697753999985 ], [ -57.094177245999902, -37.454711913999915 ], [ -57.095825194999918, -37.456298827999944 ], [ -57.097412108999947, -37.457885741999803 ], [ -57.099121093999941, -37.459411621000015 ], [ -57.099975586000028, -37.460510253999871 ], [ -57.100219726999967, -37.461303710999914 ], [ -57.101379394999924, -37.462280272999863 ], [ -57.102294922, -37.463378906 ], [ -57.103210448999903, -37.464477538999859 ], [ -57.104187011999954, -37.465698241999974 ], [ -57.105407714999899, -37.466918944999975 ], [ -57.1066284179999, -37.468078612999932 ], [ -57.107421875, -37.468811034999874 ], [ -57.108886718999884, -37.470825194999975 ], [ -57.109924315999933, -37.472290038999859 ], [ -57.110900878999928, -37.473388672 ], [ -57.112792968999884, -37.475891112999818 ], [ -57.114196776999961, -37.478210448999903 ], [ -57.115295409999987, -37.478881835999914 ], [ -57.116088866999917, -37.480407714999956 ], [ -57.117370604999905, -37.48132324199986 ], [ -57.118225097999925, -37.482177733999947 ], [ -57.119689940999876, -37.484619141 ], [ -57.121887206999872, -37.486999511999954 ], [ -57.122985839999842, -37.487976074000017 ], [ -57.124206543000014, -37.489990233999947 ], [ -57.126220702999888, -37.491882324000017 ], [ -57.127014159999874, -37.493286132999913 ], [ -57.127929687999881, -37.494689940999876 ], [ -57.13000488299997, -37.49670410199991 ], [ -57.131774901999961, -37.497680663999972 ], [ -57.133483886999898, -37.499206543000014 ], [ -57.135681151999961, -37.502807616999803 ], [ -57.14147949199986, -37.507385253999928 ], [ -57.145080566, -37.510375977000024 ], [ -57.148498534999987, -37.513305663999859 ], [ -57.149108886999954, -37.514099120999958 ], [ -57.153076171999942, -37.517272948999846 ], [ -57.155883788999802, -37.519409180000025 ], [ -57.157104491999917, -37.520324706999929 ], [ -57.157592772999806, -37.520996093999884 ], [ -57.161804199000017, -37.524108886999954 ], [ -57.164794921999942, -37.527404784999987 ], [ -57.169921874999943, -37.531311034999987 ], [ -57.175415038999972, -37.536804199000017 ], [ -57.180786133000026, -37.541809081999872 ], [ -57.184875487999989, -37.54602050799997 ], [ -57.187683105000019, -37.548889159999931 ], [ -57.188078798, -37.549251879 ], [ -57.189880371000015, -37.550903319999861 ], [ -57.191528319999861, -37.552795409999931 ], [ -57.193298339999956, -37.554687499999886 ], [ -57.195495605000019, -37.555908203 ], [ -57.197875976999967, -37.557922362999932 ], [ -57.200805663999745, -37.56030273399989 ], [ -57.203124999999886, -37.56219482399996 ], [ -57.20538330099987, -37.564086913999915 ], [ -57.207397460999971, -37.565612792999957 ], [ -57.209411620999902, -37.566894530999946 ], [ -57.212010057962743, -37.568363212801842 ], [ -57.21205125724282, -37.567538487713875 ], [ -57.212103224608541, -37.567594773989697 ], [ -57.21318460151798, -37.569139647480313 ], [ -57.214904784999931, -37.570312499999886 ], [ -57.217102050999927, -37.572082519999867 ], [ -57.21960449199986, -37.574096679999911 ], [ -57.221374511999841, -37.575683593999827 ], [ -57.222473144999981, -37.576782226999967 ], [ -57.224975585999914, -37.579223632999913 ], [ -57.226684569999918, -37.580993651999904 ], [ -57.228881835999914, -37.583007812999938 ], [ -57.231506347999982, -37.585571288999859 ], [ -57.233398437999881, -37.587524413999972 ], [ -57.23522949199986, -37.589294433999896 ], [ -57.236694335999914, -37.590881347999812 ], [ -57.238281249999829, -37.592590331999816 ], [ -57.239990233999947, -37.594482421999885 ], [ -57.242004394999867, -37.596496581999816 ], [ -57.244812012000011, -37.599121094 ], [ -57.248596190999933, -37.602478027000018 ], [ -57.25, -37.603820800999813 ], [ -57.251281737999761, -37.604309081999986 ], [ -57.252624511999841, -37.605895995999845 ], [ -57.254699706999929, -37.607604980000019 ], [ -57.256896972999925, -37.609802246000015 ], [ -57.258178710999914, -37.611083983999833 ], [ -57.259521484, -37.611999512000011 ], [ -57.26062011699986, -37.612609862999875 ], [ -57.265014647999863, -37.616027831999986 ], [ -57.267395019999981, -37.617797851999967 ], [ -57.269287108999947, -37.618896484 ], [ -57.270629883000026, -37.620483397999863 ], [ -57.273376464999899, -37.622802734 ], [ -57.276977538999972, -37.625976562999881 ], [ -57.280212402000018, -37.628173827999888 ], [ -57.282409668000014, -37.630371093999884 ], [ -57.283386229999905, -37.631408690999933 ], [ -57.286804198999903, -37.635314940999933 ], [ -57.287902831999872, -37.636291503999985 ], [ -57.290405272999863, -37.638305663999859 ], [ -57.291809081999929, -37.639587401999847 ], [ -57.292785644999924, -37.640686034999874 ], [ -57.293518065999933, -37.641601562999881 ], [ -57.294311522999863, -37.642272948999903 ], [ -57.295288086000028, -37.64312744099982 ], [ -57.296508788999859, -37.64398193400001 ], [ -57.298278808999783, -37.645324706999986 ], [ -57.300109862999761, -37.646301269999981 ], [ -57.301574706999816, -37.647399902000018 ], [ -57.305908202999888, -37.649597168000014 ], [ -57.308288574000017, -37.651306152000018 ], [ -57.309875487999875, -37.652709960999914 ], [ -57.311828612999989, -37.654174804999855 ], [ -57.312988280999946, -37.65490722699991 ], [ -57.314880370999902, -37.656982422 ], [ -57.316528319999918, -37.65850830099987 ], [ -57.319519043000014, -37.660217284999874 ], [ -57.321777344, -37.662170409999817 ], [ -57.324096679999968, -37.663879394999924 ], [ -57.32452392599987, -37.664306641 ], [ -57.325988769999924, -37.665100097999925 ], [ -57.329711913999972, -37.668212891 ], [ -57.330627440999876, -37.669189452999888 ], [ -57.332519531, -37.670593261999954 ], [ -57.333496093999827, -37.671386718999884 ], [ -57.334899901999961, -37.672119141 ], [ -57.335998534999931, -37.673217772999863 ], [ -57.336608886999898, -37.674011229999962 ], [ -57.339904784999931, -37.67639160199991 ], [ -57.342712401999961, -37.678283690999876 ], [ -57.345092772999919, -37.68029785199991 ], [ -57.348388671999942, -37.683105468999884 ], [ -57.350280761999841, -37.684692382999913 ], [ -57.352600097999868, -37.686584472999868 ], [ -57.354187011999898, -37.68811035199991 ], [ -57.355102538999802, -37.688781737999875 ], [ -57.357299804999968, -37.690490722999868 ], [ -57.358886719, -37.69171142599987 ], [ -57.361511229999905, -37.693908690999876 ], [ -57.363403319999975, -37.694885253999928 ], [ -57.364501953, -37.695678710999857 ], [ -57.36999511699986, -37.700012206999872 ], [ -57.371398925999927, -37.701477050999813 ], [ -57.37280273399989, -37.702697753999928 ], [ -57.375488280999889, -37.704772948999846 ], [ -57.378112792999957, -37.70678710899989 ], [ -57.380187987999989, -37.708679198999846 ], [ -57.383422852000024, -37.710998534999817 ], [ -57.38562011699986, -37.712890624999886 ], [ -57.387390137000011, -37.714416503999928 ], [ -57.391174315999933, -37.718078612999875 ], [ -57.395812987999875, -37.721496581999872 ], [ -57.397399901999904, -37.723083495999902 ], [ -57.398925780999946, -37.724609374999943 ], [ -57.403808593999941, -37.728027343999884 ], [ -57.406005859, -37.730773925999927 ], [ -57.40789794899996, -37.732421874999943 ], [ -57.409912109, -37.734008788999972 ], [ -57.411376952999888, -37.735900878999871 ], [ -57.412902831999929, -37.737915038999972 ], [ -57.414489745999958, -37.739929198999903 ], [ -57.414978027000018, -37.74188232399996 ], [ -57.417907714999956, -37.74499511699986 ], [ -57.419799804999911, -37.747192383000026 ], [ -57.421813964999956, -37.748779296999885 ], [ -57.422607421999885, -37.749816894999924 ], [ -57.423706054999911, -37.750488280999889 ], [ -57.424072265999939, -37.750671387000011 ], [ -57.424377440999876, -37.751281737999989 ], [ -57.425781249999943, -37.752075194999804 ], [ -57.42687988299997, -37.75280761699986 ], [ -57.427795409999874, -37.754028319999861 ], [ -57.429016112999989, -37.755798339999842 ], [ -57.43029785199991, -37.757080077999944 ], [ -57.431213378999814, -37.757690429999911 ], [ -57.432006835999914, -37.759582519999867 ], [ -57.432922362999818, -37.760681151999904 ], [ -57.434387206999872, -37.761779784999874 ], [ -57.436828612999875, -37.764221191 ], [ -57.439270019999924, -37.767211913999802 ], [ -57.440429687999938, -37.768127441 ], [ -57.441284179999855, -37.768676757999856 ], [ -57.442199706999929, -37.770019530999946 ], [ -57.442626952999944, -37.7706909179999 ], [ -57.443786620999958, -37.771728515999939 ], [ -57.4445190429999, -37.772521972999868 ], [ -57.445007323999903, -37.773498534999931 ], [ -57.446777343999884, -37.77508544899996 ], [ -57.449279784999987, -37.777709960999971 ], [ -57.451110839999899, -37.779479979999962 ], [ -57.452514647999863, -37.781005859 ], [ -57.453491210999914, -37.78210449199986 ], [ -57.454528808999896, -37.783996581999816 ], [ -57.45648193400001, -37.78601074199986 ], [ -57.458007812999881, -37.787292479999849 ], [ -57.460083007999913, -37.789306640999882 ], [ -57.460693358999947, -37.789794921999885 ], [ -57.463684081999872, -37.793090819999918 ], [ -57.464416503999985, -37.793701171999885 ], [ -57.465393065999876, -37.794799804999911 ], [ -57.467285155999946, -37.796997069999918 ], [ -57.468872069999861, -37.800292968999941 ], [ -57.469604491999917, -37.80108642599987 ], [ -57.470092772999976, -37.80139160199991 ], [ -57.472595214999899, -37.804870604999905 ], [ -57.474182128999928, -37.806579589999899 ], [ -57.475891112999932, -37.808715819999804 ], [ -57.477722168000014, -37.810180663999859 ], [ -57.479309081999872, -37.812011718999941 ], [ -57.481018065999876, -37.814880370999958 ], [ -57.481811522999806, -37.8156127929999 ], [ -57.482421874999829, -37.816223144999867 ], [ -57.482604979999905, -37.816894531 ], [ -57.482788086000028, -37.817687987999818 ], [ -57.483215331999872, -37.818481444999861 ], [ -57.486816406, -37.821411132999856 ], [ -57.487609862999932, -37.822387694999918 ], [ -57.488891602000024, -37.823974608999947 ], [ -57.490295409999987, -37.825988769999981 ], [ -57.491394042999957, -37.82757568400001 ], [ -57.492309569999861, -37.828979491999917 ], [ -57.493225097999925, -37.830200194999918 ], [ -57.49389648399989, -37.83148193400001 ], [ -57.495117187999824, -37.833190917999843 ], [ -57.496093749999886, -37.83459472699991 ], [ -57.496887206999816, -37.835571288999972 ], [ -57.497680663999802, -37.836486815999876 ], [ -57.498413085999857, -37.837707519999981 ], [ -57.499694824000017, -37.83850097699991 ], [ -57.500671386999898, -37.840515136999841 ], [ -57.501281737999875, -37.841369628999928 ], [ -57.502197265999939, -37.842773438 ], [ -57.503601074000017, -37.844604491999974 ], [ -57.504394530999946, -37.84631347699991 ], [ -57.505004882999913, -37.847778319999861 ], [ -57.506103515999939, -37.850524902000018 ], [ -57.507202147999976, -37.853027343999941 ], [ -57.507812499999943, -37.854309081999929 ], [ -57.508178710999971, -37.855102538999859 ], [ -57.508728026999847, -37.856201172 ], [ -57.509094237999875, -37.85717773399989 ], [ -57.510009765999939, -37.859374999999886 ], [ -57.510681151999904, -37.861022948999903 ], [ -57.511596679999968, -37.863220214999899 ], [ -57.5120849609998, -37.864685058999839 ], [ -57.512390136999898, -37.866088866999917 ], [ -57.513000487999875, -37.867492675999983 ], [ -57.513793944999804, -37.868408202999888 ], [ -57.514282226999853, -37.86889648399989 ], [ -57.514404296999828, -37.869201659999987 ], [ -57.514282226999853, -37.871093749999943 ], [ -57.513610839999842, -37.872375487999875 ], [ -57.513488769999867, -37.872619628999814 ], [ -57.513793944999804, -37.873596190999876 ], [ -57.514099120999902, -37.874389647999806 ], [ -57.514587401999904, -37.875183104999905 ], [ -57.515502929999968, -37.877319335999914 ], [ -57.515808104999905, -37.877990722999868 ], [ -57.515869140999882, -37.878601074000017 ], [ -57.515808104999905, -37.879577636999898 ], [ -57.516296386999898, -37.881286620999902 ], [ -57.516418456999872, -37.881713866999803 ], [ -57.51647949199986, -37.882507324000017 ], [ -57.516601562999938, -37.882995604999905 ], [ -57.5167846679999, -37.883300780999832 ], [ -57.517395019999924, -37.884521483999947 ], [ -57.518005370999902, -37.885498046999942 ], [ -57.518493651999904, -37.886901854999905 ], [ -57.518920897999976, -37.887878417999957 ], [ -57.519477716999859, -37.889479271999903 ], [ -57.519897460999857, -37.890686034999931 ], [ -57.521301269999924, -37.892578124999886 ], [ -57.521789550999927, -37.893493651999961 ], [ -57.521789550999927, -37.894104003999928 ], [ -57.521911620999902, -37.895202636999898 ], [ -57.521789550999927, -37.895996094 ], [ -57.521484374999886, -37.896789550999813 ], [ -57.521301269999924, -37.897399901999961 ], [ -57.521301269999924, -37.89819335899989 ], [ -57.521606444999861, -37.899475097999982 ], [ -57.522094727000024, -37.900512694999861 ], [ -57.522094727000024, -37.901489257999913 ], [ -57.521972655999889, -37.901977538999915 ], [ -57.521789550999927, -37.902404784999817 ], [ -57.521789550999927, -37.903198241999917 ], [ -57.522583008000026, -37.905212401999961 ], [ -57.522583008000026, -37.906188964999842 ], [ -57.522888183999953, -37.907287597999982 ], [ -57.523010253999928, -37.907775878999871 ], [ -57.523498534999931, -37.908874512000011 ], [ -57.523803711000028, -37.910827636999954 ], [ -57.523803711000028, -37.912109374999886 ], [ -57.52398681599982, -37.912902831999986 ], [ -57.524780272999919, -37.915100097999868 ], [ -57.525695800999756, -37.918090819999975 ], [ -57.526000977000024, -37.919799804999968 ], [ -57.526794433999953, -37.921875 ], [ -57.526977538999915, -37.922790526999904 ], [ -57.526977538999915, -37.925720215000013 ], [ -57.527221679999968, -37.926513671999942 ], [ -57.527770996000015, -37.927307128999871 ], [ -57.529479980000019, -37.9296875 ], [ -57.530090331999986, -37.930419921999828 ], [ -57.530578612999818, -37.931579589999956 ], [ -57.530578612999818, -37.9328002929999 ], [ -57.530212401999961, -37.933105469 ], [ -57.530578612999818, -37.934692383000026 ], [ -57.530883788999915, -37.935913085999857 ], [ -57.531494140999882, -37.938110351999853 ], [ -57.532287597999982, -37.939575194999918 ], [ -57.533081054999911, -37.942504883000026 ], [ -57.533081054999911, -37.94396972699991 ], [ -57.533386230000019, -37.94500732399996 ], [ -57.533386230000019, -37.945678710999914 ], [ -57.533569335999914, -37.946289062999881 ], [ -57.534118651999961, -37.947204589999842 ], [ -57.534790038999915, -37.948608397999919 ], [ -57.535217284999931, -37.949890137000011 ], [ -57.536071776999904, -37.951904296999942 ], [ -57.536682128999871, -37.952880858999833 ], [ -57.537109374999886, -37.953674315999933 ], [ -57.537109374999886, -37.954711913999915 ], [ -57.537414550999813, -37.955688476999967 ], [ -57.538208007999913, -37.957214355000019 ], [ -57.538513183999953, -37.9581909179999 ], [ -57.538574218999941, -37.959899901999904 ], [ -57.53881835899989, -37.961669922 ], [ -57.539306640999882, -37.963928222999868 ], [ -57.539794921999942, -37.964904784999874 ], [ -57.540588378999871, -37.965881347999925 ], [ -57.541503905999946, -37.968322753999871 ], [ -57.541992187999938, -37.96960449199986 ], [ -57.541992187999938, -37.971679687999881 ], [ -57.5421752929999, -37.973205565999933 ], [ -57.542297362999875, -37.975097655999889 ], [ -57.542602538999745, -37.976074218999884 ], [ -57.542907715000013, -37.977478027000018 ], [ -57.543090819999975, -37.978576659999987 ], [ -57.543212890999882, -37.979492187999881 ], [ -57.543579101999967, -37.980590819999918 ], [ -57.543823241999917, -37.981201171999885 ], [ -57.543823241999917, -37.983581543000014 ], [ -57.543884276999904, -37.986206054999911 ], [ -57.543701171999942, -37.988281249999943 ], [ -57.543579101999967, -37.98937988299997 ], [ -57.542907715000013, -37.992187499999943 ], [ -57.54248046899977, -37.99279785199991 ], [ -57.541687012000011, -37.993896483999947 ], [ -57.540710449000017, -37.994689940999876 ], [ -57.540283202999944, -37.995422362999989 ], [ -57.540588378999871, -37.996582031 ], [ -57.540283202999944, -37.997375487999932 ], [ -57.540100097999982, -37.999999999999829 ], [ -57.540588378999871, -38.001892089999899 ], [ -57.540100097999982, -38.0031127929999 ], [ -57.540222167999957, -38.004028319999804 ], [ -57.539978026999904, -38.004699706999929 ], [ -57.538696288999915, -38.006286620999958 ], [ -57.538085937999938, -38.006713866999974 ], [ -57.536682128999871, -38.0078125 ], [ -57.534729003999928, -38.007507323999903 ], [ -57.533203124999886, -38.007690430000025 ], [ -57.532592772999919, -38.0078125 ], [ -57.532226563, -38.009094237999932 ], [ -57.531799316, -38.010498047 ], [ -57.531494140999882, -38.011413573999903 ], [ -57.53100585899989, -38.01171875 ], [ -57.530273437999881, -38.012084961000028 ], [ -57.529724120999902, -38.012390136999954 ], [ -57.531188964999842, -38.013305663999859 ], [ -57.531088238714688, -38.013674992795302 ], [ -57.531198269501033, -38.013532592558306 ], [ -57.531219510558913, -38.013556883501678 ], [ -57.531219704288389, -38.013552966572433 ], [ -57.53122638821327, -38.01355481687375 ], [ -57.531243719302267, -38.013571540872476 ], [ -57.53124773284884, -38.013586626263645 ], [ -57.531251870498011, -38.013591623478192 ], [ -57.531252163491899, -38.013600538263631 ], [ -57.531296895812602, -38.013714358589084 ], [ -57.531298598983881, -38.013720678729214 ], [ -57.531302649769884, -38.013735710413812 ], [ -57.531316366614817, -38.013778448132939 ], [ -57.531329433614474, -38.013811444766191 ], [ -57.531337989256258, -38.013850241351975 ], [ -57.531338560917391, -38.013852093259686 ], [ -57.531338866683541, -38.01385546193751 ], [ -57.531339418774564, -38.01385672482013 ], [ -57.531294157762431, -38.014131834108639 ], [ -57.531303086955575, -38.014196249290251 ], [ -57.531322513088014, -38.014225776578598 ], [ -57.531293521815599, -38.014292115168701 ], [ -57.531284945678635, -38.014308642509263 ], [ -57.531247754947969, -38.014371056904338 ], [ -57.531118354819569, -38.014642170066566 ], [ -57.531038562588719, -38.01479319043699 ], [ -57.530993557489069, -38.014884602329289 ], [ -57.530819576057127, -38.015209315937113 ], [ -57.530806924541309, -38.01523424333061 ], [ -57.530800509131154, -38.01524688347746 ], [ -57.530760824787876, -38.015307948329848 ], [ -57.530755486710063, -38.015318293771884 ], [ -57.530617558504503, -38.015503527409521 ], [ -57.53060380681768, -38.015517873563226 ], [ -57.530578439742158, -38.015538878179655 ], [ -57.530539547250783, -38.015585378173114 ], [ -57.53047354779784, -38.015634837145512 ], [ -57.53027161375752, -38.015881069273689 ], [ -57.530210172585214, -38.016015193782096 ], [ -57.530184903890415, -38.016046859881612 ], [ -57.530133190655988, -38.016088762599338 ], [ -57.530094081868867, -38.016139220825664 ], [ -57.529976078852769, -38.01630250902241 ], [ -57.529950608035335, -38.016319198934696 ], [ -57.529898077002997, -38.016322116903666 ], [ -57.529791552496533, -38.016441771671452 ], [ -57.529681710737123, -38.016517852509082 ], [ -57.529679037902838, -38.016521048927757 ], [ -57.529673517116862, -38.016522079382241 ], [ -57.529573220461259, -38.016573819789755 ], [ -57.529342554817504, -38.016638313866451 ], [ -57.529253784435525, -38.016628893723009 ], [ -57.528928942664095, -38.016748891646785 ], [ -57.52892071026605, -38.0167527280218 ], [ -57.528918182837117, -38.016753039088371 ], [ -57.52884197442205, -38.01676120399685 ], [ -57.528701478567541, -38.016731844142555 ], [ -57.52866930939382, -38.016739449284501 ], [ -57.528601152534293, -38.016741854166071 ], [ -57.528574302892309, -38.016747986083601 ], [ -57.52832673381846, -38.016783106200478 ], [ -57.528295912630995, -38.016810766096 ], [ -57.528051327542187, -38.016875255329921 ], [ -57.528030986440854, -38.016882060834803 ], [ -57.527994834715685, -38.016890150674215 ], [ -57.528020847192238, -38.016900899993743 ], [ -57.528036413570362, -38.016904082836618 ], [ -57.52845942213213, -38.017045823728893 ], [ -57.528512395138193, -38.017069833462585 ], [ -57.528521526679867, -38.017081135877845 ], [ -57.528835490370284, -38.017147715433396 ], [ -57.528896865101274, -38.017145356656158 ], [ -57.529112551814137, -38.017205308353255 ], [ -57.529195972355069, -38.017315868399521 ], [ -57.529324303708961, -38.017361627667185 ], [ -57.529477558198948, -38.017396583993275 ], [ -57.529997469367061, -38.01750601147603 ], [ -57.530021945250382, -38.017518342221763 ], [ -57.53006081138534, -38.017527013336974 ], [ -57.530598457257611, -38.017635322820752 ], [ -57.530606030639603, -38.017599328000188 ], [ -57.530660871026782, -38.017431239912298 ], [ -57.530693547462477, -38.017422810385028 ], [ -57.530758003271956, -38.017268234330913 ], [ -57.530787399193571, -38.017253379222325 ], [ -57.53110707845974, -38.017395721052708 ], [ -57.531126877437828, -38.01740226454524 ], [ -57.531435837446509, -38.017468430935821 ], [ -57.531714123051472, -38.017527889486075 ], [ -57.531763435101823, -38.017538474532159 ], [ -57.531975796860308, -38.017567647863814 ], [ -57.532049955752427, -38.017160150581674 ], [ -57.532050448443272, -38.017157856013398 ], [ -57.532047606999129, -38.017157245842554 ], [ -57.532052277008574, -38.017140273359416 ], [ -57.532121550764998, -38.017105270581567 ], [ -57.532133525359654, -38.017105548589257 ], [ -57.532134051105686, -38.017105590471658 ], [ -57.532148082912443, -38.017107494478637 ], [ -57.532147834111072, -38.017108648901626 ], [ -57.532745930524356, -38.017240903959362 ], [ -57.532782452424726, -38.017248775738608 ], [ -57.533175634584552, -38.017302818792984 ], [ -57.533250101992508, -38.016958686108239 ], [ -57.533307186507841, -38.016757535357328 ], [ -57.533362733509421, -38.016729294388369 ], [ -57.533377796741661, -38.016721662906093 ], [ -57.533823472965878, -38.016824819465569 ], [ -57.534214057484462, -38.016877696440702 ], [ -57.534308180543576, -38.016502757985506 ], [ -57.534396262579037, -38.016202972580743 ], [ -57.534452975632234, -38.016175286905025 ], [ -57.53446740993229, -38.016168177729924 ], [ -57.534864033663212, -38.016268230523167 ], [ -57.53515703308085, -38.016309220712799 ], [ -57.535171474188758, -38.016258441926368 ], [ -57.535225721423387, -38.016206303387662 ], [ -57.535543699073287, -38.016269770791439 ], [ -57.535556584579012, -38.016272474351638 ], [ -57.5358779476461, -38.016338296338347 ], [ -57.536308377620969, -38.016425202469634 ], [ -57.536352263992114, -38.016434554836508 ], [ -57.536734402817331, -38.01651412743837 ], [ -57.536739856829229, -38.016488979919075 ], [ -57.536785378925572, -38.016343108607259 ], [ -57.536834827080384, -38.016260383773613 ], [ -57.537285811776883, -38.0163594068365 ], [ -57.537307230209251, -38.016364057746387 ], [ -57.537848178472871, -38.016435681312601 ], [ -57.53784006276743, -38.016474427576043 ], [ -57.537986660089246, -38.016504075736748 ], [ -57.538040859287378, -38.016515425489615 ], [ -57.538160802496236, -38.016531945807628 ], [ -57.538244654343828, -38.016270775683154 ], [ -57.538174699788726, -38.016305150237145 ], [ -57.538174869304328, -38.016304384286798 ], [ -57.538173911507727, -38.016304172265109 ], [ -57.538174967684029, -38.016301242599695 ], [ -57.538245852929947, -38.016266410719027 ], [ -57.538247837655149, -38.016266820467195 ], [ -57.538247928813348, -38.016266840044864 ], [ -57.538250289409234, -38.016267179318106 ], [ -57.538250253592651, -38.016267341648415 ], [ -57.538950519532818, -38.016422289681657 ], [ -57.538983240790344, -38.016429510400371 ], [ -57.53956964690218, -38.016509082999278 ], [ -57.539583326479374, -38.01646509240436 ], [ -57.539682468447893, -38.016298063574197 ], [ -57.539902451328317, -38.016344539519707 ], [ -57.53991262000892, -38.016346724470509 ], [ -57.54016158661932, -38.016380647539108 ], [ -57.540157771571501, -38.016398416471247 ], [ -57.540601284952629, -38.016492487819903 ], [ -57.540643769885207, -38.016501609006013 ], [ -57.541017730763542, -38.016551999009721 ], [ -57.541059510528783, -38.016417663692494 ], [ -57.541113607197246, -38.016327991543847 ], [ -57.541541509665194, -38.016419133780346 ], [ -57.54156147341206, -38.016423438131085 ], [ -57.542045981761134, -38.016489061768368 ], [ -57.542038478366692, -38.016524058407981 ], [ -57.542242165615448, -38.016566896750817 ], [ -57.542294784018679, -38.01657817649027 ], [ -57.542452140899627, -38.016600109255137 ], [ -57.542532346822156, -38.016342452518643 ], [ -57.542536437489957, -38.016330738793897 ], [ -57.542539984742234, -38.016328941004076 ], [ -57.543224063073524, -38.016474865953796 ], [ -57.543256006268905, -38.016481764620664 ], [ -57.543849407132484, -38.016564137078774 ], [ -57.543865403858092, -38.016512651267419 ], [ -57.543919438389821, -38.016358168468798 ], [ -57.543966854383143, -38.016334178968179 ], [ -57.544203552091346, -38.016384353499745 ], [ -57.544214638466656, -38.016386731744717 ], [ -57.544507202411353, -38.016427150701873 ], [ -57.544502885771578, -38.01644735439146 ], [ -57.544912829886698, -38.01653363975197 ], [ -57.544957015647071, -38.016543080307429 ], [ -57.545294163795688, -38.016588983702036 ], [ -57.54534036431437, -38.016440378714321 ], [ -57.545386340673076, -38.016365243989242 ], [ -57.545856990872608, -38.016465989133451 ], [ -57.545878768185446, -38.016470711213231 ], [ -57.546417522898309, -38.016544498816017 ], [ -57.546409281726369, -38.016582797965043 ], [ -57.546560887155749, -38.01661496569227 ], [ -57.54661522233647, -38.016626660460702 ], [ -57.54673839530011, -38.016643509825826 ], [ -57.546771075728145, -38.016413942561883 ], [ -57.546774408334898, -38.016398547411541 ], [ -57.546755339478352, -38.01639442059934 ], [ -57.546787968270621, -38.016299495021883 ], [ -57.546852766029076, -38.016266901483334 ], [ -57.546905993634425, -38.016278501352588 ], [ -57.546908936638204, -38.016279137068182 ], [ -57.546981597380807, -38.01628921727098 ], [ -57.546980344339659, -38.016294960755488 ], [ -57.547540195897739, -38.016419226374978 ], [ -57.547578449790251, -38.016427571606528 ], [ -57.547961564484012, -38.016480553726296 ], [ -57.54800016644873, -38.016266125001209 ], [ -57.54803932636554, -38.016247032996318 ], [ -57.548096097672044, -38.016086042091899 ], [ -57.548118282388884, -38.016075190418633 ], [ -57.548572346486026, -38.016176913456889 ], [ -57.548596231986892, -38.016182258552362 ], [ -57.549195382264827, -38.016268749482265 ], [ -57.549185389987088, -38.016313538442546 ], [ -57.549233287879588, -38.016324164221658 ], [ -57.54929181821484, -38.016337224852066 ], [ -57.549326175196882, -38.016342252325614 ], [ -57.549351214665307, -38.016256977854937 ], [ -57.549325615713485, -38.01627055964309 ], [ -57.549332071326944, -38.016239214648749 ], [ -57.549294161428975, -38.016231408702993 ], [ -57.549319760380797, -38.016217826914783 ], [ -57.549390061026486, -38.016103608931701 ], [ -57.549455278159769, -38.016116906861555 ], [ -57.549458300031858, -38.016117527347888 ], [ -57.54953404445024, -38.016127199971208 ], [ -57.549532929887334, -38.016132647066001 ], [ -57.550163701512474, -38.01625974132395 ], [ -57.550199438113623, -38.016267056005518 ], [ -57.550709819088183, -38.016333410859033 ], [ -57.550714388622339, -38.016315677561465 ], [ -57.550917360407425, -38.016361462566124 ], [ -57.550977083935663, -38.016365275748797 ], [ -57.550985419848701, -38.016367119412962 ], [ -57.551192978590166, -38.01640928278573 ], [ -57.551742797365478, -38.016525676465619 ], [ -57.551767850641568, -38.016527457153529 ], [ -57.551806164677942, -38.016535612664313 ], [ -57.552369680704487, -38.016648718886131 ], [ -57.552376866813177, -38.016612233867534 ], [ -57.5523795476592, -38.016599624486105 ], [ -57.552573626014748, -38.016639097347422 ], [ -57.552626333611045, -38.016650844142077 ], [ -57.552634229481043, -38.016652536128731 ], [ -57.552831570938736, -38.01669312763471 ], [ -57.553375647456505, -38.016808503979348 ], [ -57.553400428422322, -38.016810334981358 ], [ -57.553438961874235, -38.016818630013518 ], [ -57.553976118512253, -38.016929096121146 ], [ -57.553983601900995, -38.016894375363847 ], [ -57.553986550467641, -38.016880577605548 ], [ -57.554234642728488, -38.015986734178966 ], [ -57.554305444504223, -38.015676151945513 ], [ -57.554330999699687, -38.015681226214554 ], [ -57.55437178965326, -38.015648912440327 ], [ -57.554374078783553, -38.015638167505131 ], [ -57.554644470513892, -38.014664987168374 ], [ -57.554719529120348, -38.014396969980908 ], [ -57.554731339717534, -38.014358808354189 ], [ -57.554905400095208, -38.013687372460254 ], [ -57.554970004804545, -38.013460883751236 ], [ -57.555034041545696, -38.013428234200262 ], [ -57.555087230015772, -38.013410933034777 ], [ -57.555411549965868, -38.013498693937152 ], [ -57.555418202748911, -38.013467868670546 ], [ -57.55586349940711, -38.013558937904747 ], [ -57.555881053860105, -38.013562709778569 ], [ -57.556277686544206, -38.013616109675695 ], [ -57.556275888954588, -38.013753540944094 ], [ -57.556249628502371, -38.013872336719999 ], [ -57.556678542977977, -38.013957266642478 ], [ -57.556717372142998, -38.013965387125438 ], [ -57.557282530805537, -38.014038507852206 ], [ -57.557284820028826, -38.014027906362116 ], [ -57.557432121357465, -38.014058179294295 ], [ -57.557438085953663, -38.014059470627558 ], [ -57.557567706166651, -38.014077019095737 ], [ -57.557568793741211, -38.014296824668975 ], [ -57.557567582175182, -38.014302123186326 ], [ -57.558235305014136, -38.014439222231488 ], [ -57.558263450386846, -38.014445268665327 ], [ -57.558881118173872, -38.01452790599086 ], [ -57.55888116785718, -38.014566107301675 ], [ -57.558832436300861, -38.014780902712573 ], [ -57.559041117348329, -38.014823709816994 ], [ -57.559091340492898, -38.014834493230353 ], [ -57.55935322649691, -38.014869494164145 ], [ -57.559359857883805, -38.014838587876682 ], [ -57.559796196973537, -38.014927462332025 ], [ -57.559813463948785, -38.014931208134101 ], [ -57.560192899357389, -38.014983199037317 ], [ -57.560192401655399, -38.0151159735085 ], [ -57.56016676182702, -38.015227626249668 ], [ -57.560599417525225, -38.015315628755729 ], [ -57.560638165596743, -38.01532401735949 ], [ -57.561201684918046, -38.015400424358631 ], [ -57.561203878900642, -38.015390307032646 ], [ -57.561342180695192, -38.01541885147401 ], [ -57.56134783899472, -38.01542006746962 ], [ -57.561469051114784, -38.01543607984928 ], [ -57.561471608528905, -38.015650384945161 ], [ -57.56147076134198, -38.015654101584005 ], [ -57.562149533784464, -38.015794601172843 ], [ -57.562177886690279, -38.015800717146362 ], [ -57.56281394236953, -38.015886363022275 ], [ -57.562813510424462, -38.015922133127106 ], [ -57.562761768427094, -38.016149664056115 ], [ -57.562965568474965, -38.016191704186099 ], [ -57.563016129873233, -38.01620249353806 ], [ -57.563271803252235, -38.016236133633868 ], [ -57.563278509999918, -38.016204680726901 ], [ -57.563722212811115, -38.016294826689943 ], [ -57.563740055833023, -38.016298669288005 ], [ -57.564134144593766, -38.016352296546756 ], [ -57.564134313018144, -38.016478326161632 ], [ -57.564107922297353, -38.016595374083238 ], [ -57.564514891010731, -38.016678621025108 ], [ -57.564554248355762, -38.016687031143647 ], [ -57.565095425917036, -38.016757395796446 ], [ -57.565097830551906, -38.016746749821948 ], [ -57.565246257236367, -38.016778385989483 ], [ -57.565252171954853, -38.016779716246731 ], [ -57.565372122801534, -38.016796526650182 ], [ -57.565375469131141, -38.017008434208378 ], [ -57.565374382630296, -38.017013213332461 ], [ -57.565792971568158, -38.017098668566405 ], [ -57.56582739387278, -38.017141373719141 ], [ -57.566177959508309, -38.017175442056782 ], [ -57.565906005552108, -38.017724315726866 ], [ -57.56586829145084, -38.017716173369138 ], [ -57.565861710239403, -38.017746655077303 ], [ -57.565640126750168, -38.018135223290642 ], [ -57.565995297990867, -38.018120337434937 ], [ -57.566047119668838, -38.018131510983494 ], [ -57.566223035840494, -38.018156022682319 ], [ -57.566250813725048, -38.018113807219777 ], [ -57.566259049380733, -38.018075609390735 ], [ -57.566971798474015, -38.018044170072528 ], [ -57.567002304606831, -38.018050720126723 ], [ -57.567637997110694, -38.018138987208374 ], [ -57.567735792029964, -38.017992646369748 ], [ -57.567738189058446, -38.017981481323602 ], [ -57.567942885321543, -38.01797294011277 ], [ -57.567951864559518, -38.017974871943068 ], [ -57.568190353990929, -38.01800802593749 ], [ -57.568186809313772, -38.018024544086643 ], [ -57.568596084250828, -38.018180943435141 ], [ -57.56863666852081, -38.01818953673785 ], [ -57.569063679431167, -38.018175002033445 ], [ -57.56906846020712, -38.018154498272281 ], [ -57.569317131311379, -38.018206212635448 ], [ -57.569326311749023, -38.018208152523187 ], [ -57.56950969006806, -38.018294404961978 ], [ -57.569520907793788, -38.018456736648659 ], [ -57.57018734093208, -38.018591554956345 ], [ -57.570218871637962, -38.018598388708938 ], [ -57.571001405232948, -38.019046221843155 ], [ -57.571002535578998, -38.019051525437192 ], [ -57.570992314111663, -38.019069806820255 ], [ -57.57099327706203, -38.019078490194545 ], [ -57.570999406203896, -38.019083396612587 ], [ -57.571085681864645, -38.019150470989189 ], [ -57.571095487797777, -38.019153013684388 ], [ -57.57114319989455, -38.01914063544524 ], [ -57.571196032753335, -38.01914560203852 ], [ -57.571196102499584, -38.019142745058275 ], [ -57.571406692261235, -38.019097056038675 ], [ -57.571354987190603, -38.01896798476929 ], [ -57.571428769962154, -38.018846292155615 ], [ -57.571429626454517, -38.018820927785782 ], [ -57.571399811254366, -38.018816856330091 ], [ -57.571446004231007, -38.018599111284288 ], [ -57.571447495369512, -38.018592231765638 ], [ -57.571391174823304, -38.017509860613302 ], [ -57.571191336964432, -38.017429370506534 ], [ -57.571208255410113, -38.017111340631459 ], [ -57.571226332301819, -38.017115174552487 ], [ -57.571229414844481, -38.01710063912094 ], [ -57.571430009658229, -38.016384333685096 ], [ -57.571579485490361, -38.0160517021435 ], [ -57.571786959228916, -38.016042413671641 ], [ -57.571788066866191, -38.016037171379537 ], [ -57.57194139449723, -38.015753194019851 ], [ -57.571984396896823, -38.015762401473864 ], [ -57.572001635411254, -38.015766041429913 ], [ -57.572323878879274, -38.015048197195995 ], [ -57.572386388691598, -38.015045545104556 ], [ -57.572615714953599, -38.014613461648253 ], [ -57.572621418149197, -38.014586461361205 ], [ -57.572305196988282, -38.014575381057568 ], [ -57.572041439249915, -38.014583259524727 ], [ -57.572006223665142, -38.014575793650636 ], [ -57.57200015980743, -38.014604406183082 ], [ -57.571616225630009, -38.014592295822354 ], [ -57.571345938073932, -38.014603584649308 ], [ -57.571320339942986, -38.014571905149467 ], [ -57.571296173060944, -38.014541972286736 ], [ -57.571461436737366, -38.013960441260792 ], [ -57.571519009784424, -38.013972831971046 ], [ -57.57152900987478, -38.013926345364325 ], [ -57.571537046537856, -38.013903429160166 ], [ -57.571532767667634, -38.013901688123156 ], [ -57.571500994371092, -38.013895954981137 ], [ -57.571506616277077, -38.01390288499681 ], [ -57.571453109714128, -38.013891428975853 ], [ -57.571443874474255, -38.013934543109713 ], [ -57.571438252568328, -38.013927613093983 ], [ -57.571248169113119, -38.013850155277794 ], [ -57.571208803388743, -38.013842971912425 ], [ -57.571268214611962, -38.013663512327639 ], [ -57.571270106041993, -38.013654552246521 ], [ -57.571503766375599, -38.012839638550247 ], [ -57.571365298996341, -38.012782179499482 ], [ -57.57122733708286, -38.012757378868969 ], [ -57.571425597149016, -38.012180418298897 ], [ -57.571431402387248, -38.012153031178514 ], [ -57.571562975663994, -38.011698450337803 ], [ -57.571487365602025, -38.011667777789739 ], [ -57.571253006891368, -38.011625158148036 ], [ -57.571609560215336, -38.010588572313281 ], [ -57.571620029576593, -38.010540078827432 ], [ -57.57162076852353, -38.010537545334842 ], [ -57.571620320104046, -38.010537364091022 ], [ -57.571616846999916, -38.010536731297009 ], [ -57.571617445946572, -38.010537473070315 ], [ -57.571557920082171, -38.010524620631202 ], [ -57.571547574518831, -38.010572693969607 ], [ -57.571546975572176, -38.010571952196358 ], [ -57.5713298953238, -38.010484499619622 ], [ -57.571283543297398, -38.010476052601348 ], [ -57.571353878497291, -38.010271922722552 ], [ -57.571355999044783, -38.010262060075945 ], [ -57.571595414087653, -38.009443099081295 ], [ -57.571455839182249, -38.00938572122061 ], [ -57.571310609013381, -38.009359374184044 ], [ -57.571529805218915, -38.008725312215006 ], [ -57.571536054170224, -38.00869410075569 ], [ -57.571639858477795, -38.008299500349494 ], [ -57.571380864431489, -38.008248227351828 ], [ -57.571601261668377, -38.007458251098342 ], [ -57.571653826518457, -38.007430825959545 ], [ -57.571606344047893, -38.007174252680954 ], [ -57.571589880380145, -38.007068180720637 ], [ -57.571653410988631, -38.007036971148295 ], [ -57.571675329067091, -38.006056989605611 ], [ -57.571442312057343, -38.006010798779812 ], [ -57.571416773020474, -38.005979487681827 ], [ -57.571255873274254, -38.005948539752012 ], [ -57.571418681353691, -38.005089668264759 ], [ -57.571424872291345, -38.005066627057488 ], [ -57.57143488453562, -38.005019568902583 ], [ -57.571375914861164, -38.005007450918129 ], [ -57.571611293183821, -38.004133317247351 ], [ -57.571662389462404, -38.004107383011046 ], [ -57.571803089442369, -38.004060839921692 ], [ -57.57201329785488, -38.004120052952942 ], [ -57.572018098714693, -38.004097349904271 ], [ -57.572335238203607, -38.004161491212358 ], [ -57.572348175704178, -38.004164256812032 ], [ -57.572635237680402, -38.004203049174862 ], [ -57.572639533601262, -38.00435098502669 ], [ -57.572623685694111, -38.004420498147283 ], [ -57.573139092368251, -38.004527781495199 ], [ -57.573175077012024, -38.004535567454639 ], [ -57.573802155267401, -38.004620177513402 ], [ -57.573803527074517, -38.004613837922875 ], [ -57.57389398537174, -38.004632419356938 ], [ -57.573970965041838, -38.004687227448414 ], [ -57.574012730138804, -38.004738904295209 ], [ -57.573993807309819, -38.004820259549604 ], [ -57.573957626030506, -38.00481254481025 ], [ -57.573951346971626, -38.004841808420792 ], [ -57.573931493762871, -38.00481724362146 ], [ -57.573906044171451, -38.004929589183973 ], [ -57.573961895813341, -38.004941022196476 ], [ -57.573964332122841, -38.004941327855022 ], [ -57.57402233349967, -38.004953761338129 ], [ -57.574077432910485, -38.004965230574385 ], [ -57.57407820910629, -38.004961677479741 ], [ -57.57411263427997, -38.004917120936057 ], [ -57.574125097017998, -38.004895598933558 ], [ -57.574596935093439, -38.004809956121164 ], [ -57.574637761191582, -38.004816506373743 ], [ -57.574827183509512, -38.004794310632803 ], [ -57.574850387968866, -38.004782572757335 ], [ -57.575332628442538, -38.005089338627727 ], [ -57.57548419625374, -38.00541155527452 ], [ -57.575752197743611, -38.005483087077266 ], [ -57.575766988041835, -38.005501378291171 ], [ -57.576216620284924, -38.005812723252802 ], [ -57.57622774292372, -38.005822769778092 ], [ -57.576247350307369, -38.005779588997996 ], [ -57.57630724476644, -38.005750309579184 ], [ -57.576610047075178, -38.005815647078236 ], [ -57.576844929421384, -38.005827453168934 ], [ -57.576862874267817, -38.005836304356365 ], [ -57.576913306558765, -38.005901227995253 ], [ -57.576937559141811, -38.005904935702119 ], [ -57.577268015641494, -38.005995033346039 ], [ -57.577656769857072, -38.006259989113687 ], [ -57.577929901737718, -38.006412370775365 ], [ -57.577982207100547, -38.006432688484665 ], [ -57.577995011090195, -38.006426227763711 ], [ -57.578085893610137, -38.006411702089281 ], [ -57.57845972693292, -38.006398659902857 ], [ -57.578485641746511, -38.006389669057512 ], [ -57.579127987794834, -38.006739334055112 ], [ -57.579130271180247, -38.006749593469408 ], [ -57.579185793746717, -38.006761332079918 ], [ -57.579266816125482, -38.006776072525327 ], [ -57.579803643465084, -38.0068326334125 ], [ -57.579886264029369, -38.006971393490062 ], [ -57.580499356958683, -38.007051382716952 ], [ -57.580466902861758, -38.007187757523866 ], [ -57.580880287073853, -38.007267982567441 ], [ -57.581624254340511, -38.007371036269831 ], [ -57.581630442991525, -38.007372370096107 ], [ -57.581631518576387, -38.007367380020469 ], [ -57.581699969444173, -38.007381416060468 ], [ -57.581702733800853, -38.007382012056837 ], [ -57.581761077648196, -38.007389796519533 ], [ -57.581761683519744, -38.007503526997539 ], [ -57.581786271365786, -38.007533937137737 ], [ -57.581755763165233, -38.007527366043064 ], [ -57.581750463406365, -38.007551972043132 ], [ -57.58172587556038, -38.007521561902934 ], [ -57.581695845637057, -38.007647935963917 ], [ -57.581824929015852, -38.007668785032251 ], [ -57.581879682844885, -38.007680569198158 ], [ -57.581889184275099, -38.007636422464259 ], [ -57.582527492565418, -38.007767167243003 ], [ -57.582553156958966, -38.007772699470308 ], [ -57.583147950308273, -38.007854333902742 ], [ -57.583153707375459, -38.00788361733737 ], [ -57.583124207838239, -38.008013726221918 ], [ -57.583275076313953, -38.008046301111222 ], [ -57.583585680533588, -38.008084059977989 ], [ -57.583616769253297, -38.008090765315899 ], [ -57.583622176822871, -38.008065695658672 ], [ -57.583907898177017, -38.008124135636876 ], [ -57.584135903479023, -38.008154274827575 ], [ -57.584169333152204, -38.008195637287599 ], [ -57.584185699843033, -38.008215861852193 ], [ -57.584096692325318, -38.008415941327769 ], [ -57.584018966748147, -38.008588403376677 ], [ -57.583976365838623, -38.008755689679447 ], [ -57.583946356240347, -38.008778483776439 ], [ -57.583674273616964, -38.009430364658613 ], [ -57.583673034208573, -38.009536555623868 ], [ -57.583692890249267, -38.009536885259763 ], [ -57.584166376082578, -38.009455400665729 ], [ -57.584386903566667, -38.009450146402855 ], [ -57.584593620397186, -38.009410002326376 ], [ -57.584630271195124, -38.009382817986875 ], [ -57.584678100879614, -38.009301957030175 ], [ -57.585081097134889, -38.009239509173938 ], [ -57.585776944385827, -38.009229607079249 ], [ -57.585790108714605, -38.009227083996734 ], [ -57.585792333063011, -38.009225431724701 ], [ -57.585909102407868, -38.009033211226097 ], [ -57.585998367444745, -38.009019289498383 ], [ -57.586181131893682, -38.009017812523666 ], [ -57.586180791570314, -38.009030278377338 ], [ -57.586724870917067, -38.009063742925548 ], [ -57.586766291139497, -38.009064866798042 ], [ -57.587193323268821, -38.009059306536074 ], [ -57.587202082047497, -38.008946839385715 ], [ -57.587236564777243, -38.008911902792477 ], [ -57.587667507324568, -38.008973961052163 ], [ -57.587803044094983, -38.008978879146866 ], [ -57.587818175440759, -38.008991353305305 ], [ -57.587954397269982, -38.00900997351556 ], [ -57.588547447624421, -38.009059800986961 ], [ -57.588937923319179, -38.00908208026209 ], [ -57.58896160075858, -38.009103173999165 ], [ -57.589003824412146, -38.009138046134467 ], [ -57.589385363793099, -38.009190096088957 ], [ -57.58952449648757, -38.009195603454543 ], [ -57.589535926379142, -38.009207325472914 ], [ -57.589814683161535, -38.00924349888038 ], [ -57.58985940514026, -38.009244430699027 ], [ -57.589859809104155, -38.009230839237432 ], [ -57.589861499464291, -38.009140277303572 ], [ -57.589785212617016, -38.009016863610441 ], [ -57.589710825039674, -38.008675026695869 ], [ -57.589671562729052, -38.008642624846857 ], [ -57.589607223002531, -38.008304421101627 ], [ -57.589548444564571, -38.008117389626079 ], [ -57.589540862722231, -38.007587447110097 ], [ -57.589598332090077, -38.007560916871114 ], [ -57.589634165433552, -38.007532818591415 ], [ -57.589796085361343, -38.007586966815268 ], [ -57.589805424499787, -38.0075703418035 ], [ -57.590176761141038, -38.007082904755521 ], [ -57.589707589827128, -38.006763298533428 ], [ -57.589704294629257, -38.006759920886282 ], [ -57.58969945146481, -38.006763588351987 ], [ -57.589674843500234, -38.006737077860748 ], [ -57.589693688971749, -38.006620704910006 ], [ -57.589694652990829, -38.006601283408486 ], [ -57.589727472433196, -38.005914842737752 ], [ -57.589961238755336, -38.005425268776207 ], [ -57.590001692910448, -38.005417698535155 ], [ -57.590028202942221, -38.0053986290377 ], [ -57.590385522199881, -38.005141069580588 ], [ -57.590383585703478, -38.005131126808635 ], [ -57.590517163967036, -38.004356288112376 ], [ -57.590375286169717, -38.004377137846859 ], [ -57.589708940939261, -38.004456223006287 ], [ -57.589671951537412, -38.004411054984928 ], [ -57.589658802525662, -38.004394914185752 ], [ -57.589725948808848, -38.003869112530367 ], [ -57.589706423833434, -38.003845122426071 ], [ -57.589786278386384, -38.00325525526813 ], [ -57.589880055781009, -38.002688963336027 ], [ -57.589973098388441, -38.001594933828926 ], [ -57.590086306604917, -38.001237280564055 ], [ -57.590044897482301, -38.001228280396958 ], [ -57.59005218426654, -38.001194510539392 ], [ -57.589773159380059, -38.001291862566916 ], [ -57.589472629414445, -38.001323215359434 ], [ -57.589398067203604, -38.001319659518231 ], [ -57.58871495310234, -38.000614631484495 ], [ -57.588650387212965, -38.000450184085594 ], [ -57.588626506562036, -38.000420642259428 ], [ -57.588573260207227, -38.000412395785986 ], [ -57.588548314969159, -38.000381539859632 ], [ -57.588523620835133, -38.000350682464159 ], [ -57.588475240822333, -38.000131969379652 ], [ -57.58845324457576, -38.000104724269306 ], [ -57.588345195898285, -37.999642497619163 ], [ -57.588301892014158, -37.999617285554393 ], [ -57.588218518110978, -37.99963251991278 ], [ -57.587748634441596, -37.999763040591404 ], [ -57.587770035570657, -37.99963182449153 ], [ -57.587723287584993, -37.999731682680817 ], [ -57.587748633929039, -37.999605344028112 ], [ -57.587712816573799, -37.999592993170268 ], [ -57.587690583701942, -37.999565550657223 ], [ -57.587676308858647, -37.999515623568698 ], [ -57.587654901478857, -37.999489170706056 ], [ -57.587593394213002, -37.999339504978593 ], [ -57.587573843961195, -37.999315320341168 ], [ -57.587509206125048, -37.999294039794734 ], [ -57.587553113220338, -37.999253922009814 ], [ -57.58753429761083, -37.99923097710473 ], [ -57.587501663011722, -37.999212927360418 ], [ -57.587661375351331, -37.998733896706199 ], [ -57.58768983248774, -37.998719535772238 ], [ -57.588017930823582, -37.99844497627771 ], [ -57.588052448786129, -37.998427591303084 ], [ -57.588448805044948, -37.998679414464789 ], [ -57.588887727329279, -37.998449475906114 ], [ -57.588916102870826, -37.998484303788985 ], [ -57.588948539560533, -37.998479728460438 ], [ -57.58938446415533, -37.9985293670494 ], [ -57.589426759778405, -37.998581472316346 ], [ -57.589644209694825, -37.998628595396553 ], [ -57.589651665774113, -37.998596509582001 ], [ -57.589655115655034, -37.998580480124076 ], [ -57.589758672112112, -37.998330115936994 ], [ -57.589787674328761, -37.998259563071315 ], [ -57.589778310446889, -37.998247983955764 ], [ -57.589813378120027, -37.998098165213207 ], [ -57.589955343360657, -37.997495927109924 ], [ -57.590047306702331, -37.997171912246529 ], [ -57.590121231977662, -37.996825142968873 ], [ -57.590173110326532, -37.996836274694203 ], [ -57.590175162191258, -37.996829581985423 ], [ -57.590184238266886, -37.996787878926625 ], [ -57.590217557060726, -37.996683060606756 ], [ -57.590174505275513, -37.996674160422231 ], [ -57.590171733428747, -37.996670730144217 ], [ -57.590082630182565, -37.996661803333097 ], [ -57.590030303265166, -37.996650416913951 ], [ -57.590021249758877, -37.99669261663098 ], [ -57.589606871166552, -37.99660151754955 ], [ -57.589577883119205, -37.996565666808351 ], [ -57.589471610614339, -37.996482213087575 ], [ -57.589442340739652, -37.996497014102943 ], [ -57.589399515412822, -37.996619766327228 ], [ -57.589372175409039, -37.996597789654402 ], [ -57.58933565340709, -37.996616258420659 ], [ -57.58927801924591, -37.996409812707498 ], [ -57.589307013821099, -37.995786838920708 ], [ -57.589338662392663, -37.995802015681193 ], [ -57.58934232487394, -37.995799610357324 ], [ -57.589368867435155, -37.995805374626684 ], [ -57.589391737608196, -37.995705188768909 ], [ -57.589347165305981, -37.995650074736943 ], [ -57.589530186943477, -37.994996371309014 ], [ -57.589599887670715, -37.994768518263584 ], [ -57.589595620400701, -37.994763241598889 ], [ -57.589558880448408, -37.994788168048615 ], [ -57.589607412430269, -37.994734616489836 ], [ -57.589610263050474, -37.994721916427409 ], [ -57.589608001290003, -37.994719119164643 ], [ -57.589622308753576, -37.994669347342892 ], [ -57.589633265068358, -37.994671414035111 ], [ -57.589711986058262, -37.994661751439764 ], [ -57.589750117101744, -37.994642467570486 ], [ -57.589745305241479, -37.994664880476535 ], [ -57.589773037920395, -37.994670834884232 ], [ -57.589734906876913, -37.99469011875351 ], [ -57.589853906067617, -37.994711982918034 ], [ -57.589864147686001, -37.994710685075859 ], [ -57.589884501302492, -37.994634531446593 ], [ -57.589894146455435, -37.994589645796964 ], [ -57.590094596837218, -37.993683537018114 ], [ -57.590145343022073, -37.993658411642571 ], [ -57.590340652869941, -37.993729108822038 ], [ -57.59036977279527, -37.993714394378856 ], [ -57.590491274507315, -37.993729382834147 ], [ -57.590497483199727, -37.993702595508978 ], [ -57.590877551523363, -37.993783167101242 ], [ -57.590923049020262, -37.993793541787397 ], [ -57.590938053332479, -37.993796839217282 ], [ -57.591312632399081, -37.993873484612493 ], [ -57.591697311859377, -37.993952122858445 ], [ -57.591713505630366, -37.993954712971288 ], [ -57.591758386814206, -37.993964385459776 ], [ -57.592148097833785, -37.994045027729726 ], [ -57.592153506346676, -37.994020240001419 ], [ -57.5921957028973, -37.993882742053529 ], [ -57.592246327756186, -37.993802389885673 ], [ -57.592747638335823, -37.99390576486536 ], [ -57.592846449790557, -37.993920583886222 ], [ -57.592999082429628, -37.993943474615264 ], [ -57.593255414467023, -37.994029307068217 ], [ -57.593274686587677, -37.994239384473644 ], [ -57.593382976531302, -37.994326876878347 ], [ -57.593423623285787, -37.994378573691392 ], [ -57.593610960952844, -37.994389945238936 ], [ -57.593611812572419, -37.994390999519851 ], [ -57.593660004242452, -37.994452133507934 ], [ -57.593659946713274, -37.994463307571209 ], [ -57.593615210660118, -37.994710779555533 ], [ -57.593652482347636, -37.994757906294694 ], [ -57.593834667519388, -37.994860214029927 ], [ -57.593982486918662, -37.994872345452109 ], [ -57.594021042614372, -37.994880377073287 ], [ -57.59409751141277, -37.994882298661139 ], [ -57.594184112269659, -37.994919427347327 ], [ -57.594197112270535, -37.994931419789111 ], [ -57.594224825652987, -37.994984892719174 ], [ -57.594233087702776, -37.994983022961492 ], [ -57.594243490715712, -37.994990209398395 ], [ -57.594253407751637, -37.994999063207331 ], [ -57.59426404188423, -37.994993401527609 ], [ -57.594297491464488, -37.995011578252104 ], [ -57.594307807300936, -37.994943563696779 ], [ -57.594285474761307, -37.994915813961711 ], [ -57.594258083568263, -37.994881921644435 ], [ -57.594277932262571, -37.994805783393417 ], [ -57.594302889848905, -37.994702057908057 ], [ -57.594305860134057, -37.994670652293337 ], [ -57.594315859466349, -37.994624458107012 ], [ -57.594323826790571, -37.994605876262483 ], [ -57.594317292536914, -37.994604533482629 ], [ -57.59420104445411, -37.994403470979819 ], [ -57.594196422294999, -37.994397817466222 ], [ -57.594151508253105, -37.994341676677095 ], [ -57.594035279711932, -37.994330406346364 ], [ -57.594006438900749, -37.994306175353415 ], [ -57.593994135579806, -37.994293573615266 ], [ -57.593953496299321, -37.994243403507824 ], [ -57.593944908774517, -37.994232190695016 ], [ -57.593922924063747, -37.994191700767146 ], [ -57.593926627369058, -37.994023320455881 ], [ -57.593884803755486, -37.993971871299664 ], [ -57.593719883095162, -37.993901846528217 ], [ -57.593751442052053, -37.993980778461946 ], [ -57.59368512167157, -37.993926229181113 ], [ -57.593613630796767, -37.993827570681788 ], [ -57.593601586114858, -37.993808273479715 ], [ -57.593587498471834, -37.993785703463629 ], [ -57.593567844728057, -37.993752712093908 ], [ -57.593618974095364, -37.993763799342901 ], [ -57.593665204570073, -37.993465241720003 ], [ -57.593791626222867, -37.992957406916048 ], [ -57.593988278183645, -37.992992697442446 ], [ -57.594102919235127, -37.992988297891145 ], [ -57.594108419206805, -37.992962320617494 ], [ -57.594270400110361, -37.992373871832115 ], [ -57.594449267857385, -37.99173898054903 ], [ -57.594454588282872, -37.991715789998239 ], [ -57.594459819070948, -37.991689920950762 ], [ -57.594615025947462, -37.991100310141633 ], [ -57.594790579128528, -37.990440698772261 ], [ -57.59479755188022, -37.990417496569535 ], [ -57.594920103141817, -37.989872404878724 ], [ -57.594946165904958, -37.989830557597202 ], [ -57.595002581670997, -37.989803649698786 ], [ -57.594989780793981, -37.989800614918011 ], [ -57.594947396539681, -37.989785685840559 ], [ -57.594962441479083, -37.989778469195244 ], [ -57.594924381435362, -37.989771045303314 ], [ -57.594514739498379, -37.989725895780794 ], [ -57.594200563959362, -37.989678979572659 ], [ -57.59419666366523, -37.989698041321901 ], [ -57.593950494851526, -37.989649679296292 ], [ -57.593731667261466, -37.989622091900571 ], [ -57.593697013288761, -37.989579217854725 ], [ -57.593756822062517, -37.98932443842881 ], [ -57.593752838503008, -37.989319507327252 ], [ -57.59376355293881, -37.989295354388787 ], [ -57.59376371805314, -37.989248073587021 ], [ -57.593786246883951, -37.989166490295588 ], [ -57.593829366743535, -37.989040459660259 ], [ -57.594018664515659, -37.988398139604442 ], [ -57.594131169931586, -37.988036168298947 ], [ -57.594133293751099, -37.988027103500656 ], [ -57.594158862913616, -37.987939254042544 ], [ -57.594232294436381, -37.987906114041039 ], [ -57.594290887877833, -37.987919362048785 ], [ -57.594428350913176, -37.987353467794208 ], [ -57.594683716120016, -37.98681192460657 ], [ -57.595252663729866, -37.986080159478263 ], [ -57.595233194755451, -37.985855174568826 ], [ -57.595263688290572, -37.985839668714448 ], [ -57.595385543960219, -37.985878209782811 ], [ -57.595601510383915, -37.985064795007645 ], [ -57.595603682970136, -37.985054531129606 ], [ -57.595650734656772, -37.984836118822898 ], [ -57.595699115533478, -37.984844901650149 ], [ -57.595919783004604, -37.984833163518374 ], [ -57.595949668849073, -37.984722687359465 ], [ -57.596003493641433, -37.984734246705386 ], [ -57.596212333418805, -37.983786756365419 ], [ -57.596458440701269, -37.983831098957864 ], [ -57.596532453617101, -37.983828121550744 ], [ -57.596636843240958, -37.983439163544858 ], [ -57.596643370585298, -37.9834085702376 ], [ -57.596788398891192, -37.98275143692149 ], [ -57.596936424686589, -37.982778446164843 ], [ -57.597096775260525, -37.982772696311372 ], [ -57.597324321050223, -37.981929353047178 ], [ -57.597326293468029, -37.981920190808296 ], [ -57.597369458424225, -37.981724024860796 ], [ -57.597413919946689, -37.981732090502817 ], [ -57.597636757780379, -37.981722718967717 ], [ -57.597640191991104, -37.981720990497479 ], [ -57.597630254929982, -37.981767204984635 ], [ -57.597687626929201, -37.981779542644063 ], [ -57.597684192718589, -37.981781271114244 ], [ -57.597697996014176, -37.981783787806421 ], [ -57.597699857560372, -37.981783710429568 ], [ -57.597702498378055, -37.9817736446617 ], [ -57.597712652886685, -37.981725158262975 ], [ -57.597943881135393, -37.98067274040443 ], [ -57.598180724764291, -37.980716692022156 ], [ -57.598258020966739, -37.980713121558949 ], [ -57.598369945501531, -37.980303247288077 ], [ -57.598376226806749, -37.980274584162146 ], [ -57.598537127595989, -37.979750344935724 ], [ -57.598735778612422, -37.979651706475636 ], [ -57.598767707235993, -37.979686002675578 ], [ -57.598796436484122, -37.979671521536375 ], [ -57.598963384656372, -37.979708032386895 ], [ -57.599001106533194, -37.979716445119095 ], [ -57.599276817994507, -37.978852643024311 ], [ -57.599236870412369, -37.978844042153753 ], [ -57.599164287243923, -37.978838792842339 ], [ -57.599260408806572, -37.97866074482414 ], [ -57.599258740322, -37.978569849382495 ], [ -57.59925891589603, -37.978550368103754 ], [ -57.598898178847207, -37.978541943983259 ], [ -57.598870814022575, -37.978508064925848 ], [ -57.598838605942717, -37.978501287125937 ], [ -57.598899970345258, -37.977802415072517 ], [ -57.598942650271965, -37.977811589851683 ], [ -57.598950044726678, -37.977777065339353 ], [ -57.59902326297663, -37.977537277970839 ], [ -57.59898311828988, -37.977520546758171 ], [ -57.598714720926523, -37.977471829335968 ], [ -57.598788351148698, -37.977257427585812 ], [ -57.598775635034656, -37.977254713492073 ], [ -57.599012424925206, -37.976438309000514 ], [ -57.598712601656075, -37.976377442309911 ], [ -57.598679878925225, -37.976337097688827 ], [ -57.598492891969272, -37.976328068931366 ], [ -57.598469946064711, -37.976299649005455 ], [ -57.598424696826385, -37.975695548381736 ], [ -57.598667835411391, -37.975753110249627 ], [ -57.598674568326942, -37.975721369315295 ], [ -57.598704111466986, -37.975450542390774 ], [ -57.598854270430479, -37.974668951366766 ], [ -57.59902549500066, -37.974695807283467 ], [ -57.599055493037497, -37.974680522421636 ], [ -57.599213413846996, -37.974722763980594 ], [ -57.599399752277122, -37.974041099485362 ], [ -57.599403335211832, -37.974024503734086 ], [ -57.599481181306828, -37.973671723882546 ], [ -57.599561425964339, -37.973686239290714 ], [ -57.599773032043743, -37.973677894045068 ], [ -57.599954961004187, -37.973001533502554 ], [ -57.599975969276102, -37.973006032816102 ], [ -57.600055448010551, -37.972642876447821 ], [ -57.600325470461769, -37.97269148907742 ], [ -57.600379694360754, -37.972689323638804 ], [ -57.600456240949541, -37.97240400149218 ], [ -57.600463781811072, -37.972368584881053 ], [ -57.600640584008943, -37.971828838056922 ], [ -57.600810037610074, -37.971635000695187 ], [ -57.600940723207771, -37.971629701281756 ], [ -57.601020663444615, -37.971471117060787 ], [ -57.601135637107632, -37.971262357939963 ], [ -57.601154428996836, -37.971266360397465 ], [ -57.60123076560501, -37.971034301177951 ], [ -57.601420642409153, -37.97081702923299 ], [ -57.601385120694658, -37.970809315051156 ], [ -57.601415370297048, -37.970739082510647 ], [ -57.601439612370029, -37.970683584995527 ], [ -57.601457385176104, -37.970575281580409 ], [ -57.601458076427946, -37.970571144508767 ], [ -57.60146817369008, -37.970523759371417 ], [ -57.601177367530852, -37.970561018592832 ], [ -57.60115554376921, -37.97058519178421 ], [ -57.600913370342369, -37.970596412199257 ], [ -57.600522573544595, -37.970604582782414 ], [ -57.600055303046076, -37.970542534715094 ], [ -57.599954118814821, -37.970555605311006 ], [ -57.599843419927367, -37.970663330040793 ], [ -57.599742120005487, -37.970667024959369 ], [ -57.599579086141034, -37.970668730647674 ], [ -57.599170330597929, -37.970611869652998 ], [ -57.599177658913334, -37.970579334192962 ], [ -57.599310035783844, -37.969951619920153 ], [ -57.599449911580734, -37.969978513442584 ], [ -57.599593571830667, -37.969969862852224 ], [ -57.599807724422135, -37.969158130358437 ], [ -57.599810118895732, -37.969146728977023 ], [ -57.599863273261803, -37.968900698994389 ], [ -57.599881096844683, -37.968891720851843 ], [ -57.599931601473315, -37.968913764148169 ], [ -57.599987191516391, -37.968884530229388 ], [ -57.600143049615269, -37.968900304102647 ], [ -57.600143438904126, -37.968898571432703 ], [ -57.600416295121022, -37.967982753370961 ], [ -57.600439768844637, -37.967872906914181 ], [ -57.600508506170854, -37.967871975240598 ], [ -57.600521164147381, -37.96788757735851 ], [ -57.600573955185496, -37.967860988379982 ], [ -57.600621610913038, -37.967855146413001 ], [ -57.600615789783603, -37.967882275081536 ], [ -57.600649467836774, -37.967889512904435 ], [ -57.600734224075154, -37.967926359409148 ], [ -57.600739514595261, -37.96792370168049 ], [ -57.600754251088063, -37.967925257868387 ], [ -57.600784505506965, -37.967812331037408 ], [ -57.600740150114177, -37.967757610737294 ], [ -57.600839449381738, -37.967558578960734 ], [ -57.600897204184264, -37.967292517315457 ], [ -57.600989277742372, -37.966866850793451 ], [ -57.60102680594332, -37.966847875857241 ], [ -57.601157562234334, -37.966895701903923 ], [ -57.601196464202644, -37.966876000321065 ], [ -57.601341394718418, -37.966893121348789 ], [ -57.601556880816702, -37.966043987594503 ], [ -57.601558637248161, -37.966035323768608 ], [ -57.60160193054395, -37.965846985343831 ], [ -57.60164240003644, -37.965854321452866 ], [ -57.601856647983027, -37.965842657142844 ], [ -57.601858898912496, -37.965841519389016 ], [ -57.601848667183788, -37.965888724435047 ], [ -57.60190687314639, -37.96590133550518 ], [ -57.601904622216921, -37.965902473259064 ], [ -57.601913385916646, -37.965904083388352 ], [ -57.601914386393389, -37.965904014535511 ], [ -57.601916063017143, -37.96589781389639 ], [ -57.601926562176004, -37.965849349149607 ], [ -57.602154105710952, -37.964816460883583 ], [ -57.60239061099378, -37.96485917139978 ], [ -57.602465239940557, -37.964855756277075 ], [ -57.602572073641738, -37.964460320645287 ], [ -57.602578554360434, -37.964430005917848 ], [ -57.602864951837034, -37.963802922802813 ], [ -57.603031710471669, -37.9637974303742 ], [ -57.603035168130987, -37.963781914246852 ], [ -57.60349126156251, -37.962966868200397 ], [ -57.603501377993666, -37.962969059054728 ], [ -57.603551614271396, -37.962980073103608 ], [ -57.603628837752069, -37.962811928354995 ], [ -57.603645261631641, -37.962811423052358 ], [ -57.603654981172667, -37.962765936751225 ], [ -57.603688113885937, -37.962707361584478 ], [ -57.603711625197604, -37.962661804558422 ], [ -57.60361615853742, -37.962665597059981 ], [ -57.603558142802797, -37.962653188225147 ], [ -57.603512119532809, -37.962646886926279 ], [ -57.603505091187685, -37.962657497671103 ], [ -57.603495083587688, -37.962703100315423 ], [ -57.602639991586045, -37.962732160580742 ], [ -57.602602625774637, -37.962724137841292 ], [ -57.602107706062327, -37.962658140040219 ], [ -57.602033880511726, -37.962769143499429 ], [ -57.60202977275361, -37.962788505100093 ], [ -57.601665967569147, -37.962802674596333 ], [ -57.601650270048708, -37.962799315193649 ], [ -57.60123369284014, -37.962743423118127 ], [ -57.601239627677217, -37.962714921216559 ], [ -57.600938776394912, -37.962652834658115 ], [ -57.600889819541692, -37.962642477425902 ], [ -57.600653844905708, -37.96260977931604 ], [ -57.60059541664549, -37.962803190661305 ], [ -57.600571617911328, -37.96284216715901 ], [ -57.599997046959629, -37.962716037082544 ], [ -57.599969824217226, -37.962710141831678 ], [ -57.599300146323856, -37.962622761728369 ], [ -57.599282171452046, -37.962623176012187 ], [ -57.599268272121606, -37.962623963028648 ], [ -57.599267211114238, -37.962622671318798 ], [ -57.599218492132593, -37.962562367690225 ], [ -57.599112221800965, -37.962617047907997 ], [ -57.599067729037358, -37.962563074272509 ], [ -57.599076434676306, -37.962530846654772 ], [ -57.599071825235512, -37.962524949502665 ], [ -57.599047766581236, -37.962525251919601 ], [ -57.599042547648025, -37.962518231150057 ], [ -57.599095192729294, -37.962372307477608 ], [ -57.599096597573009, -37.9623656495354 ], [ -57.59937051326898, -37.961387829062801 ], [ -57.599199657571035, -37.961317386328233 ], [ -57.599095802546117, -37.961297802663751 ], [ -57.599247176531719, -37.960866371844077 ], [ -57.599251638886926, -37.960845655210335 ], [ -57.599425121423792, -37.960250280223136 ], [ -57.599322575535837, -37.960208383891597 ], [ -57.599128532410816, -37.960173009521156 ], [ -57.599413504292556, -37.959341644434858 ], [ -57.599422020891325, -37.959301628550804 ], [ -57.599475152341711, -37.959117833420066 ], [ -57.599425186767348, -37.959107728531137 ], [ -57.599419692831987, -37.959100940522035 ], [ -57.599238991433253, -37.959092762662976 ], [ -57.599205878212899, -37.959085716447078 ], [ -57.599200188151144, -37.959112472067034 ], [ -57.599012977128837, -37.959074598191876 ], [ -57.598969883018583, -37.959021483010986 ], [ -57.598896906780851, -37.959018093506074 ], [ -57.598887860188825, -37.959006883624681 ], [ -57.598949435101304, -37.95878686663292 ], [ -57.598966290771216, -37.958790415530359 ], [ -57.598969106951927, -37.958777189330533 ], [ -57.599151711068089, -37.95817835679469 ], [ -57.599335972786719, -37.957517806369196 ], [ -57.599341355155559, -37.957494373435679 ], [ -57.599346748921505, -37.957469198410763 ], [ -57.599518057320552, -37.956854624830896 ], [ -57.599402635624074, -37.956809755713778 ], [ -57.599193275193841, -37.956771942102591 ], [ -57.59948365329069, -37.955934103458162 ], [ -57.599492709469644, -37.955891882867945 ], [ -57.599529958770233, -37.955761737796081 ], [ -57.599420118969078, -37.955741093321592 ], [ -57.599678457487471, -37.954788790010014 ], [ -57.599920104912485, -37.954835428490924 ], [ -57.599987126483995, -37.954828588412454 ], [ -57.600094901184093, -37.954363706824381 ], [ -57.600098122870293, -37.954348499012212 ], [ -57.600079435178372, -37.954344531839297 ], [ -57.60013813748094, -37.954142437835628 ], [ -57.600150041971006, -37.954136742369428 ], [ -57.600208764671265, -37.954106608195332 ], [ -57.600293978342904, -37.954128481037969 ], [ -57.600456295659285, -37.954149694437262 ], [ -57.600452740373441, -37.954166523294191 ], [ -57.600473451399409, -37.954170900006318 ], [ -57.600819322318159, -37.954252218798388 ], [ -57.60096768639562, -37.954272241285935 ], [ -57.601077370115433, -37.953879440196147 ], [ -57.601084219918221, -37.953848084603806 ], [ -57.601247577758443, -37.953120385890884 ], [ -57.601360240977726, -37.953141385630147 ], [ -57.601427360393245, -37.95312824506027 ], [ -57.601432369373242, -37.953103272502688 ], [ -57.601595146379339, -37.952479929770732 ], [ -57.601564397890968, -37.952473853311062 ], [ -57.601684788640227, -37.952049078596644 ], [ -57.601686553896798, -37.952040651544223 ], [ -57.6019124316947, -37.951195543615711 ], [ -57.601947143332779, -37.951177541219693 ], [ -57.602001836331624, -37.951181083395397 ], [ -57.602247898683913, -37.950337150879818 ], [ -57.602394385470689, -37.949895505892641 ], [ -57.602359048769415, -37.949889810146715 ], [ -57.602517899654572, -37.949330321115895 ], [ -57.602525597863917, -37.949303535822708 ], [ -57.602558985549308, -37.94931054832216 ], [ -57.602719687510557, -37.948713008740981 ], [ -57.603023302350493, -37.947448758320888 ], [ -57.603097108893905, -37.947416498417624 ], [ -57.603154014217978, -37.947243226395472 ], [ -57.603131449334512, -37.947238551339296 ], [ -57.603093010019506, -37.94723033897526 ], [ -57.603181968271429, -37.946973204674748 ], [ -57.60323580240788, -37.94694637200746 ], [ -57.603390768835141, -37.946190127120929 ], [ -57.60354665152073, -37.945514983345561 ], [ -57.603594580356855, -37.945490102706117 ], [ -57.603617062639614, -37.945478723580038 ], [ -57.604374231586917, -37.945732472428176 ], [ -57.605557264284244, -37.945974653982489 ], [ -57.605547014937599, -37.946021479272247 ], [ -57.605595866029944, -37.946031306128475 ], [ -57.605638567527023, -37.946040671337528 ], [ -57.605694662690382, -37.94605295206452 ], [ -57.605697755359415, -37.946037688883507 ], [ -57.60570116782884, -37.946036019572148 ], [ -57.60570054711701, -37.946023599876298 ], [ -57.605703060105043, -37.946022351701686 ], [ -57.605702755083541, -37.946012397589129 ], [ -57.605654750921985, -37.945951959605509 ], [ -57.605656557740076, -37.945951062151039 ], [ -57.605655676103254, -37.945945593189151 ], [ -57.605665668004804, -37.945871408030428 ], [ -57.60602710915947, -37.943517432819306 ], [ -57.606244885769911, -37.941910612779964 ], [ -57.606275334363261, -37.941440864013771 ], [ -57.60644366655697, -37.941409384996689 ], [ -57.606479549453184, -37.941084527561088 ], [ -57.60644675501311, -37.940669404122616 ], [ -57.606527593324188, -37.940639160681258 ], [ -57.606815977701444, -37.940494101893876 ], [ -57.606985509073752, -37.939851524847086 ], [ -57.607289334084953, -37.938801669733152 ], [ -57.607295479712946, -37.93880236228955 ], [ -57.607267625069028, -37.938207627982877 ], [ -57.606743468899822, -37.938278108927591 ], [ -57.605239248299654, -37.93802767300042 ], [ -57.605129217282638, -37.938027921506432 ], [ -57.60344243243793, -37.93812897573531 ], [ -57.60133668811568, -37.937862891130919 ], [ -57.594863618234513, -37.931025371640487 ], [ -57.589477659889212, -37.926392930216707 ], [ -57.589843124884112, -37.925062442817591 ], [ -57.589926357767695, -37.924793188338981 ], [ -57.590019202109772, -37.924492839778907 ], [ -57.590035549573258, -37.924441890374908 ], [ -57.590385798787963, -37.923449851521468 ], [ -57.590444345915728, -37.923257819142123 ], [ -57.590491095035588, -37.923104482882081 ], [ -57.590495916622615, -37.923089506027736 ], [ -57.590564907236228, -37.922887936556947 ], [ -57.5907770987302, -37.922341540762204 ], [ -57.592135671226458, -37.921472217655264 ], [ -57.600313074705809, -37.92498147059257 ], [ -57.600342359808678, -37.924965550706361 ], [ -57.599705945133678, -37.916084065281666 ], [ -57.599433567756932, -37.91596396407067 ], [ -57.599457226434424, -37.915897588057248 ], [ -57.600209566533636, -37.91548071817607 ], [ -57.600230708721995, -37.915415775997701 ], [ -57.599560896359094, -37.914970917688549 ], [ -57.601045577036587, -37.913687468071373 ], [ -57.601064358840688, -37.913623200806001 ], [ -57.600745783412606, -37.913272105320345 ], [ -57.600764980670363, -37.913206416314836 ], [ -57.601063888143358, -37.913040307166511 ], [ -57.601080814489023, -37.912972518266429 ], [ -57.601868634292885, -37.912449707593908 ], [ -57.602541795093771, -37.909652393607757 ], [ -57.602556674162429, -37.90960149080837 ], [ -57.60211051593501, -37.909467035668911 ], [ -57.602136723840431, -37.909401745945843 ], [ -57.601683624831821, -37.909266935318556 ], [ -57.601700377913232, -37.909209613054941 ], [ -57.601321652516958, -37.909110583737004 ], [ -57.601339193494937, -37.909050565988025 ], [ -57.601635729243355, -37.908801772955883 ], [ -57.601652842511044, -37.90874323653992 ], [ -57.601437872575673, -37.908704972375347 ], [ -57.601455423022628, -37.908644940575471 ], [ -57.601950123177687, -37.908213167405563 ], [ -57.601966958651701, -37.908155571182022 ], [ -57.601595245413534, -37.908004060851056 ], [ -57.601612884607562, -37.907943713900977 ], [ -57.601860952994116, -37.907760672605605 ], [ -57.601878214021724, -37.907701611526022 ], [ -57.601274682755331, -37.907384066196187 ], [ -57.601292938294932, -37.907320300359288 ], [ -57.601023687672239, -37.907223984433756 ], [ -57.601042141233734, -37.907158159776657 ], [ -57.601556696200305, -37.906785325760552 ], [ -57.601627471349047, -37.905114093222039 ], [ -57.602172959181928, -37.904039009409075 ], [ -57.603546503336077, -37.902223830259743 ], [ -57.603562083561428, -37.902178419615609 ], [ -57.602977900781354, -37.902035299974841 ], [ -57.602993999801697, -37.901981519183323 ], [ -57.603141871912612, -37.901898773442383 ], [ -57.603157483548159, -37.901846505083768 ], [ -57.604508090230809, -37.900760111414058 ], [ -57.604519797194371, -37.90072050015749 ], [ -57.604283830035854, -37.900522416800413 ], [ -57.604296512821008, -37.900479142119821 ], [ -57.604974179888586, -37.900010353955281 ], [ -57.604984865121196, -37.899973750703111 ], [ -57.604644043090786, -37.89945479338212 ], [ -57.604656459319358, -37.899412091443821 ], [ -57.605044475022055, -37.899235275430613 ], [ -57.605055321256373, -37.899196639944705 ], [ -57.605444073284275, -37.89759207950533 ], [ -57.605900779583692, -37.897334559591343 ], [ -57.606708450902943, -37.897146428930853 ], [ -57.606763097312296, -37.896890388032432 ], [ -57.606797566663602, -37.896863373568806 ], [ -57.607331155030693, -37.897059999131443 ], [ -57.608047179726498, -37.895711746922473 ], [ -57.609978951716585, -37.89130220741356 ], [ -57.609980585931737, -37.891167217566533 ], [ -57.609997463267575, -37.891144925098899 ], [ -57.609579381359708, -37.890913777359856 ], [ -57.609863666882575, -37.890741541968453 ], [ -57.609531379770601, -37.890358580004545 ], [ -57.609512422852163, -37.890332142858313 ], [ -57.609282950293505, -37.889770910836205 ], [ -57.60926787978724, -37.889780378662635 ], [ -57.609080689626296, -37.889467380540168 ], [ -57.608942935858693, -37.889402113080735 ], [ -57.609040105386839, -37.889344970563798 ], [ -57.609024872660825, -37.889322858329081 ], [ -57.60918804356794, -37.889254954528838 ], [ -57.609253079137488, -37.889239745636985 ], [ -57.609439185564383, -37.888635871007409 ], [ -57.609456352844234, -37.888618298186259 ], [ -57.609552124898244, -37.888569821543797 ], [ -57.610083294472474, -37.888061534185908 ], [ -57.610101047366356, -37.888078513649532 ], [ -57.610451683410645, -37.887702061228993 ], [ -57.610457169291635, -37.887691474275925 ], [ -57.610490033387009, -37.88763629110349 ], [ -57.610688854649482, -37.887123701574012 ], [ -57.610420802025544, -37.887151913904518 ], [ -57.609917104076942, -37.887054558814839 ], [ -57.609909243611696, -37.887053574523236 ], [ -57.609906797907627, -37.887060262764692 ], [ -57.609801244030166, -37.887024023190691 ], [ -57.609744792343463, -37.886981072541232 ], [ -57.609694119456776, -37.886901091606546 ], [ -57.609702684838339, -37.886896736481845 ], [ -57.609698150724967, -37.886888388569105 ], [ -57.609317918287445, -37.886249072894202 ], [ -57.609300819585769, -37.886260121435839 ], [ -57.609047136709762, -37.885949711147248 ], [ -57.609052614607094, -37.885930911715832 ], [ -57.609127821465677, -37.885909300396236 ], [ -57.609357240458678, -37.885715575652 ], [ -57.609380719706792, -37.885702925630596 ], [ -57.609405838233442, -37.885689594458711 ], [ -57.609467339336049, -37.88567506411124 ], [ -57.609468023829379, -37.885676099015996 ], [ -57.609493074460204, -37.885730044647062 ], [ -57.610148141257184, -37.885472745002176 ], [ -57.611582930217821, -37.885478923085827 ], [ -57.611584657718709, -37.885472915250887 ], [ -57.61169356654608, -37.88541712156956 ], [ -57.611699758588429, -37.885418047000599 ], [ -57.611739960917703, -37.885458669955995 ], [ -57.611776455267034, -37.885481832008963 ], [ -57.61240300592425, -37.884598157063863 ], [ -57.612420150054731, -37.884572683035174 ], [ -57.612913017787946, -37.883940603387543 ], [ -57.61292697537101, -37.883934888544616 ], [ -57.612987530566386, -37.883913813507206 ], [ -57.613413927090164, -37.884035996307603 ], [ -57.613888887393045, -37.884202279090971 ], [ -57.614006041653738, -37.884184460704546 ], [ -57.614012057327045, -37.884167767954011 ], [ -57.614012356061608, -37.884115564231934 ], [ -57.614018877344051, -37.884097466340393 ], [ -57.614053580371603, -37.884145621718119 ], [ -57.614306799417079, -37.883965645866112 ], [ -57.614486746307421, -37.884002050589345 ], [ -57.614498681201042, -37.883972329159235 ], [ -57.61453338061051, -37.884004117983977 ], [ -57.614566274476715, -37.883525791036959 ], [ -57.614865762017189, -37.883209430644058 ], [ -57.623552174739984, -37.880844989824482 ], [ -57.623593848239921, -37.880870101374171 ], [ -57.628573700560423, -37.878909733354874 ], [ -57.629325958663742, -37.879066966771916 ], [ -57.629329006587113, -37.879027034261469 ], [ -57.629634373972237, -37.876458786208843 ], [ -57.633067278039334, -37.862387726114491 ], [ -57.634551996443463, -37.858756045528139 ], [ -57.634664641724555, -37.856277758763781 ], [ -57.636964745943089, -37.856471141961606 ], [ -57.64271752561956, -37.846636500042166 ], [ -57.64620078625461, -37.844324400600954 ], [ -57.647976646971983, -37.842025913860709 ], [ -57.648027174295294, -37.84198957621129 ], [ -57.64935781026702, -37.841679847107059 ], [ -57.651360509413735, -37.843144116911049 ], [ -57.657856896593842, -37.831355339493314 ], [ -57.657852607467078, -37.831335511672705 ], [ -57.657824216035749, -37.831266612460752 ], [ -57.650936819529647, -37.819769351198147 ], [ -57.65062943298534, -37.818333112887672 ], [ -57.650552295252623, -37.81811516426751 ], [ -57.65005354847284, -37.816444266406108 ], [ -57.649971419860833, -37.815832925159896 ], [ -57.649970903763801, -37.815821843269362 ], [ -57.6499508837299, -37.815822799304954 ], [ -57.649927108656698, -37.815534347401979 ], [ -57.654093535403319, -37.808998011800782 ], [ -57.654685537957334, -37.805245525335124 ], [ -57.654218892810547, -37.794915515180833 ], [ -57.653773215713613, -37.790264469803105 ], [ -57.653998815918612, -37.789627126551068 ], [ -57.653997569346814, -37.789614206188958 ], [ -57.655197675389957, -37.786772183181711 ], [ -57.651451171313113, -37.78010320756448 ], [ -57.647339543928354, -37.771219437787295 ], [ -57.644548245070951, -37.76905382420631 ], [ -57.643287514389954, -37.767897087274036 ], [ -57.642439446407195, -37.760047323025901 ], [ -57.642457455632041, -37.759982934382776 ], [ -57.642182446529546, -37.757638785952111 ], [ -57.64191529942849, -37.757443372618809 ], [ -57.64163639426738, -37.757235931005994 ], [ -57.640982672771315, -37.754846063543255 ], [ -57.641000120692922, -37.754783709163291 ], [ -57.642525277721063, -37.754059585950756 ], [ -57.643144045260044, -37.753544418437059 ], [ -57.643388433270388, -37.753343842253287 ], [ -57.643403599821454, -37.753336033581547 ], [ -57.646798407521203, -37.749438669316532 ], [ -57.646594528424373, -37.749013424405973 ], [ -57.646065211707537, -37.744057447349917 ], [ -57.646048276737645, -37.744024556413478 ], [ -57.645896026996411, -37.743687463244783 ], [ -57.645641856067584, -37.743142393241897 ], [ -57.644214353557686, -37.739613915754376 ], [ -57.644188732043688, -37.739612914130873 ], [ -57.644203413505977, -37.739561470307819 ], [ -57.644136428121556, -37.739484497670901 ], [ -57.6441507202602, -37.739433902843643 ], [ -57.634205488574537, -37.743390385982366 ], [ -57.596173713722749, -37.731656771983978 ], [ -57.577686344497749, -37.735979808859838 ], [ -57.562727919356348, -37.723048061605311 ], [ -57.56169901891252, -37.707914412366392 ], [ -57.565818989288289, -37.700592204881502 ], [ -57.565857740390072, -37.700564245973851 ], [ -57.570401344300535, -37.696339831390503 ], [ -57.570441840815818, -37.69631050516449 ], [ -57.571837252917703, -37.695549082289176 ], [ -57.571877287404789, -37.695520125569487 ], [ -57.584495663922326, -37.683894351463664 ], [ -57.599556548873352, -37.689509839088089 ], [ -57.59959333096549, -37.689483315177995 ], [ -57.602958454043062, -37.677541233686213 ], [ -57.618432429287964, -37.658236290784373 ], [ -57.618489795874837, -37.658218912904886 ], [ -57.629114301046911, -37.655738939549849 ], [ -57.639210347078119, -37.656483496811006 ], [ -57.639628077758971, -37.65644084814295 ], [ -57.639580523164511, -37.656084510406913 ], [ -57.62735546478973, -37.641438563578106 ], [ -57.627188825614382, -37.64138693093895 ], [ -57.62135821146893, -37.639230450327261 ], [ -57.616579771627016, -37.640799383762101 ], [ -57.61567306812708, -37.641859622594211 ], [ -57.61562331142261, -37.642493176505582 ], [ -57.61472424797438, -37.642446033493854 ], [ -57.61472488217953, -37.64243823482343 ], [ -57.614714588058405, -37.642437891217071 ], [ -57.61478685398373, -37.636288676520962 ], [ -57.613783081309521, -37.623602658067966 ], [ -57.621825408394898, -37.628235828701804 ], [ -57.625644197765837, -37.631889109320014 ], [ -57.625670693956408, -37.631898902926537 ], [ -57.627859841646739, -37.621753918509114 ], [ -57.627861528461779, -37.621688943331435 ], [ -57.62520335581371, -37.616739990783742 ], [ -57.624013008996712, -37.610453107257172 ], [ -57.623997474642294, -37.610417609358592 ], [ -57.623410391600089, -37.606558366350157 ], [ -57.623396696980535, -37.606530254641996 ], [ -57.623420248842876, -37.606490987772304 ], [ -57.62341847469537, -37.606461632148523 ], [ -57.623454238806232, -37.606430179475183 ], [ -57.622745249030743, -37.603891685706742 ], [ -57.623720483169222, -37.599928540722203 ], [ -57.623697457270737, -37.599898452418529 ], [ -57.616511633652806, -37.590342426008988 ], [ -57.602855222584594, -37.560127435375477 ], [ -57.602864542407701, -37.560069118501758 ], [ -57.595409788908512, -37.529256816049326 ], [ -57.595437656299566, -37.529199833972598 ], [ -57.606013230798453, -37.516236230286665 ], [ -57.591667491532007, -37.514200200004723 ], [ -57.591640828651748, -37.514188688485604 ], [ -57.588945335092092, -37.509609430164858 ], [ -57.584655908366074, -37.519954902529435 ], [ -57.584508633564496, -37.521820444472837 ], [ -57.583029632738885, -37.527337087202682 ], [ -57.548701313675394, -37.524430070137498 ], [ -57.540715117599063, -37.50754182425635 ], [ -57.540425878806786, -37.506573061659537 ], [ -57.53493471382501, -37.505276288794789 ], [ -57.532538893320464, -37.505429361090876 ], [ -57.528436030028161, -37.505691490314348 ], [ -57.512751024086526, -37.500392776288777 ], [ -57.513406793379772, -37.475775988673149 ], [ -57.525107884405031, -37.464421597097214 ], [ -57.553327064294479, -37.448034712023684 ], [ -57.571407119779678, -37.450440415278081 ], [ -57.571424740964119, -37.450436807685378 ], [ -57.578191766616669, -37.449558686290914 ], [ -57.578233147340427, -37.449497985917958 ], [ -57.581122242816491, -37.447749141376732 ], [ -57.586231395443406, -37.444813148385208 ], [ -57.586226506938431, -37.444834144857737 ], [ -57.588078022913464, -37.443961150770065 ], [ -57.588079550019472, -37.443967304307364 ], [ -57.588596726703599, -37.443636948142398 ], [ -57.589142128952119, -37.442807393503074 ], [ -57.589621932046725, -37.442395825288656 ], [ -57.598389994887839, -37.432748417245648 ], [ -57.598418447630479, -37.432704850623793 ], [ -57.598207240907868, -37.414896327430426 ], [ -57.599002915760991, -37.415064817164136 ], [ -57.597801232504537, -37.413439152841875 ], [ -57.597741102882537, -37.41338873825157 ], [ -57.597421033394312, -37.413398512368474 ], [ -57.595892393866109, -37.412456860480745 ], [ -57.596366134696666, -37.413410819721776 ], [ -57.596380041738314, -37.413468443226748 ], [ -57.587020314704546, -37.420554551710552 ], [ -57.586603328586307, -37.420523653483713 ], [ -57.574348597607582, -37.417074585505929 ], [ -57.574323484832462, -37.417068918379243 ], [ -57.556914491265275, -37.405851682325078 ], [ -57.550694848818239, -37.42013877748883 ], [ -57.517793486515529, -37.408708879444532 ], [ -57.517792478082583, -37.408718670751568 ], [ -57.498977329388197, -37.407239084619391 ], [ -57.49891741626584, -37.407210216668432 ], [ -57.483626292884026, -37.414172124133529 ], [ -57.463220374689286, -37.427234239837446 ], [ -57.433159942873544, -37.429582357911897 ], [ -57.432890382117421, -37.429597400751675 ], [ -57.413433654259393, -37.426149277563468 ], [ -57.381543019063713, -37.418616830141502 ], [ -57.357532926189208, -37.414842453467884 ], [ -57.357488078861024, -37.414834054857977 ], [ -57.340393076512726, -37.412508125367822 ], [ -57.340094656052941, -37.394546083427258 ], [ -57.355490390590376, -37.375886281709143 ], [ -57.355513710559194, -37.37586312239938 ], [ -57.365305884406894, -37.367919893336534 ], [ -57.379098940458505, -37.356731223139889 ], [ -57.379146401352045, -37.356722680877795 ], [ -57.393377873141503, -37.355934028699494 ], [ -57.405352619657776, -37.350421502459199 ], [ -57.420127267580369, -37.342625934195496 ], [ -57.425421272521817, -37.341182999064358 ], [ -57.409933360003549, -37.326415008574315 ], [ -57.398288742875593, -37.302432257742112 ], [ -57.405680000512632, -37.283008951339411 ], [ -57.407423807542159, -37.283308964008768 ], [ -57.407440423286403, -37.283293049480676 ], [ -57.421220863805047, -37.284057041922324 ], [ -57.426063650294282, -37.285450021960969 ], [ -57.436124916592803, -37.288304177703083 ], [ -57.436126866056668, -37.288344629617256 ], [ -57.436170229041807, -37.288337869093198 ], [ -57.43710615078794, -37.287852125117411 ], [ -57.441671828952565, -37.288841300672232 ], [ -57.442998277526101, -37.288555217997953 ], [ -57.452630263955882, -37.270871281862071 ], [ -57.465339102580401, -37.25007858670682 ], [ -57.469129155872565, -37.245765138547199 ], [ -57.469184732711142, -37.245779768516456 ], [ -57.469194517650408, -37.245757975711967 ], [ -57.470395746748011, -37.245154768756947 ], [ -57.481446278480291, -37.241753197135665 ], [ -57.481468330691087, -37.241742295565246 ], [ -57.481522766509784, -37.24174608150048 ], [ -57.487300492872919, -37.241743305471914 ], [ -57.500249975964437, -37.239399881867655 ], [ -57.50027840544135, -37.239402258509415 ], [ -57.502033912704178, -37.237491868093059 ], [ -57.520675374662346, -37.238689024341056 ], [ -57.529559654651621, -37.242233372012151 ], [ -57.529622994502404, -37.242239648645921 ], [ -57.534028320397397, -37.245408552475226 ], [ -57.552627214385268, -37.252482807354909 ], [ -57.554837667534571, -37.253808120081203 ], [ -57.560487985181055, -37.254314248224603 ], [ -57.560824078909206, -37.254690261134385 ], [ -57.566709818150969, -37.259351531508003 ], [ -57.594844092741255, -37.273073892416562 ], [ -57.59488079834739, -37.273083210143227 ], [ -57.622100792372805, -37.273488289609361 ], [ -57.628497803576238, -37.271833063214785 ], [ -57.629292833386671, -37.271913770823176 ], [ -57.629367951722145, -37.271925263760522 ], [ -57.637321686673602, -37.270803788185106 ], [ -57.633054377888755, -37.26841943511522 ], [ -57.633054107427256, -37.268418384132701 ], [ -57.633034652043875, -37.268396550372813 ], [ -57.633031155021513, -37.268395332233354 ], [ -57.633029098501197, -37.268132943182081 ], [ -57.633157066786964, -37.268084506750085 ], [ -57.633618110766292, -37.267783051462516 ], [ -57.650795023196395, -37.260788306214749 ], [ -57.654033585893558, -37.26160772923663 ], [ -57.667028608760802, -37.254456938365308 ], [ -57.670090552087004, -37.254674974411387 ], [ -57.670125701811571, -37.254678208943005 ], [ -57.687603787456396, -37.256471012383429 ], [ -57.690511524308192, -37.255462176493324 ], [ -57.691127450714873, -37.255072254177719 ], [ -57.691734614870541, -37.254712510294951 ], [ -57.697034796303228, -37.256352796354577 ], [ -57.717059150200498, -37.218482426463709 ], [ -57.717053477617981, -37.218478204953385 ], [ -57.718918134613546, -37.215037118879764 ], [ -57.693429515896753, -37.206670446072053 ], [ -57.683122149272378, -37.207352537505983 ], [ -57.667401932512462, -37.203977770288986 ], [ -57.654534939719099, -37.195417326916527 ], [ -57.661786311541221, -37.169331841495193 ], [ -57.689370667136188, -37.152337485688179 ], [ -57.696977425327873, -37.143511908913069 ], [ -57.706255721553077, -37.139071077143569 ], [ -57.713413424683552, -37.139083344193352 ], [ -57.724260908416682, -37.142648213659186 ], [ -57.748855191597727, -37.133962083214954 ], [ -57.748741351038689, -37.134298628312877 ], [ -57.741137427562023, -37.155850150052459 ], [ -57.764677773631888, -37.153248301805718 ], [ -57.767631779410124, -37.153149498550192 ], [ -57.773786747474844, -37.179904303776595 ], [ -57.774264625842477, -37.181136745220954 ], [ -57.774268529596668, -37.181150666468852 ], [ -57.774302122412678, -37.18115286853714 ], [ -57.77472065756632, -37.183736393066908 ], [ -57.778608999536061, -37.197298811710368 ], [ -57.778334205966019, -37.205431534321633 ], [ -57.770153036050715, -37.212188106126234 ], [ -57.769803749280982, -37.212269164812255 ], [ -57.768223577773824, -37.21324753851286 ], [ -57.768244370785226, -37.213298560039505 ], [ -57.766538410824921, -37.214544345453362 ], [ -57.770636133889695, -37.214686951539079 ], [ -57.770691832823957, -37.214686993866451 ], [ -57.775304222852469, -37.215532178841329 ], [ -57.776993148897191, -37.216082000426297 ], [ -57.779853069045146, -37.226199780637387 ], [ -57.771899381158903, -37.222158343371404 ], [ -57.781081495146907, -37.234984895279467 ], [ -57.782114718729417, -37.249697099523473 ], [ -57.783296022929733, -37.254220392911691 ], [ -57.783049668173021, -37.255215554632343 ], [ -57.783029189602019, -37.255285386990465 ], [ -57.783575869713161, -37.255060432243397 ], [ -57.783639228016739, -37.255590724193894 ], [ -57.783825307787254, -37.257132690031654 ], [ -57.783840317236411, -37.257235388704089 ], [ -57.783976450571515, -37.257025996246682 ], [ -57.783997682828272, -37.25695016371867 ], [ -57.784020610802088, -37.256914163890769 ], [ -57.785178874735948, -37.25466901101754 ], [ -57.785199678338302, -37.254595115292204 ], [ -57.786372875569043, -37.25233581158335 ], [ -57.786376795288902, -37.252333559103022 ], [ -57.786397136763014, -37.252261703969964 ], [ -57.786405319765265, -37.252245571934964 ], [ -57.786409307878671, -37.25224353791981 ], [ -57.788303063582475, -37.249360266674216 ], [ -57.789997821472411, -37.246780015046397 ], [ -57.791877136901633, -37.243918773511496 ], [ -57.815313716474861, -37.224197291564678 ], [ -57.817382788849727, -37.221823741838591 ], [ -57.820139744459595, -37.221284908457847 ], [ -57.822182860798989, -37.219932122323712 ], [ -57.827288645289286, -37.216591837710439 ], [ -57.823297600889703, -37.207450811762328 ], [ -57.823478634209607, -37.20597419357523 ], [ -57.822392545654054, -37.20595279212273 ], [ -57.821269538439992, -37.196646317675118 ], [ -57.824995672982084, -37.190732313524791 ], [ -57.824999633191737, -37.19069636342175 ], [ -57.825005431587556, -37.190675806569686 ], [ -57.826348466573165, -37.188542246997031 ], [ -57.829828363739409, -37.18384083386195 ], [ -57.834818201810322, -37.176006427360107 ], [ -57.840120069720285, -37.169655173950048 ], [ -57.876999977228706, -37.169610780876496 ], [ -57.879135145667817, -37.169935389686657 ], [ -57.879618460406448, -37.169210675805573 ], [ -57.883348175684432, -37.169717459058006 ], [ -57.909281126533926, -37.166579647201331 ], [ -57.907347059506492, -37.152304396907027 ], [ -57.907477389085784, -37.147508508959106 ], [ -57.931847152919886, -37.141212282826132 ], [ -57.980504931534654, -37.132433156731111 ], [ -58.015071566789914, -37.112552323296939 ], [ -58.015135857310668, -37.112553314271338 ], [ -58.015290691869723, -37.112535644151933 ], [ -58.042642836090124, -37.112668398597066 ], [ -58.043272063289237, -37.11359440478401 ], [ -58.043339091792802, -37.11360353832913 ], [ -58.057836913640017, -37.113732127140111 ], [ -58.062977462228332, -37.114990626081521 ], [ -58.063748583244092, -37.11505524201624 ], [ -58.063817166215358, -37.115072215643295 ], [ -58.064333959938494, -37.115107020077801 ], [ -58.064403296286969, -37.11512052641973 ], [ -58.068829462101974, -37.115267701757432 ], [ -58.116321490335338, -37.114651518436062 ], [ -58.117666427314361, -37.114963379366941 ], [ -58.118752416854534, -37.115376888253081 ], [ -58.118756414561233, -37.11537478203968 ], [ -58.130609695648843, -37.114466130302446 ], [ -58.117695521513326, -37.111180883414761 ], [ -58.116412642902617, -37.110811709234554 ], [ -58.07582148196667, -37.092030186898 ], [ -58.068502625553322, -37.089300149436895 ], [ -58.054928412543234, -37.087027167026804 ], [ -58.026065901743664, -37.082102123044194 ], [ -58.018959136985018, -37.080004845877056 ], [ -58.018945122647949, -37.080004142280359 ], [ -58.018912339733959, -37.07999909783274 ], [ -58.018863463610899, -37.079956037202351 ], [ -58.01338522041442, -37.078524890251799 ], [ -58.013342848617128, -37.078490507360357 ], [ -58.009683004420992, -37.077805771594399 ], [ -57.983321522103211, -37.060898344582711 ], [ -57.983295669731149, -37.060875997235371 ], [ -57.9833335248494, -37.060661511532771 ], [ -57.983371385678197, -37.060636380688493 ], [ -57.984512709353055, -37.053781641706564 ], [ -57.984560481748417, -37.05374596157003 ], [ -57.985857901484849, -37.045746845098336 ], [ -57.985859028938819, -37.045695088702359 ], [ -57.98608732379347, -37.045382554526952 ], [ -57.98596211238015, -37.044110521390166 ], [ -57.985134247089889, -37.044486120134252 ], [ -57.984697748985297, -37.044467636028912 ], [ -57.984329042696402, -37.044476287648763 ], [ -57.984269433528766, -37.044525234525622 ], [ -57.974221132856769, -37.046496608880659 ], [ -57.963425280370132, -37.048450742067246 ], [ -57.950407626014794, -37.056548274332386 ], [ -57.950338273777618, -37.056557724928098 ], [ -57.929322148326207, -37.051321009707692 ], [ -57.922972998000887, -37.05200322660869 ], [ -57.896881642078711, -37.006272465738789 ], [ -57.899195430062491, -37.002038984693911 ], [ -57.898907510610059, -36.999607410898193 ], [ -57.898895617208325, -36.999595883391692 ], [ -57.898607340096532, -36.997310394590727 ], [ -57.892377190060301, -36.966849573643515 ], [ -57.892387723040656, -36.966811813997538 ], [ -57.891718854991154, -36.962834171596683 ], [ -57.891736202937807, -36.962786695486045 ], [ -57.891353947178345, -36.960332312156311 ], [ -57.882120059376291, -36.945051994847972 ], [ -57.88212086294817, -36.942576685874712 ], [ -57.882132553501208, -36.94253499830063 ], [ -57.88216591736898, -36.939225935083755 ], [ -57.882204817261538, -36.935366289904209 ], [ -57.882218599672683, -36.935317707585511 ], [ -57.882327414219901, -36.930093287701141 ], [ -57.88639084095314, -36.926221440731524 ], [ -57.88467092171453, -36.919513624809554 ], [ -57.884682455788038, -36.919462264297181 ], [ -57.886086402055128, -36.918160962395916 ], [ -57.88608802550084, -36.918113967755176 ], [ -57.886118101962609, -36.918105950554491 ], [ -57.888307364638138, -36.910342894471853 ], [ -57.888095865589605, -36.906784559567768 ], [ -57.889288888692931, -36.901452080803608 ], [ -57.889283561466755, -36.901434070407049 ], [ -57.890449730988848, -36.898910509281222 ], [ -57.89323674957285, -36.884966111263054 ], [ -57.896585404539053, -36.884883594390374 ], [ -57.8967823994833, -36.883713961057765 ], [ -57.898047732656039, -36.882468627311255 ], [ -57.901788149731772, -36.871313608719731 ], [ -57.902682325375679, -36.867679012833719 ], [ -57.903168667690295, -36.865599989449777 ], [ -57.905018923667001, -36.859852848374203 ], [ -57.904977674695203, -36.859711492955739 ], [ -57.904927239734832, -36.853907036559463 ], [ -57.905293873175822, -36.853937820606063 ], [ -57.90554455001876, -36.853945256738484 ], [ -57.905525403365061, -36.853373319772288 ], [ -57.905526924217668, -36.853330939261696 ], [ -57.905474052263912, -36.85332902588425 ], [ -57.90543868934725, -36.851336658719845 ], [ -57.905934810364499, -36.849441721128017 ], [ -57.905973803416657, -36.849412361701127 ], [ -57.906030175131946, -36.848585983490636 ], [ -57.906063762639576, -36.848560394040021 ], [ -57.906797292878252, -36.848611489959126 ], [ -57.906893974188336, -36.846329515980301 ], [ -57.906947983831856, -36.846307860029924 ], [ -57.907417374659133, -36.845026272367534 ], [ -57.907129403036038, -36.842984323811493 ], [ -57.907336845260772, -36.839145090382999 ], [ -57.907437025349338, -36.837262109244705 ], [ -57.907423899338312, -36.837261506530922 ], [ -57.907459091511669, -36.836785285325504 ], [ -57.904489012914382, -36.830948722852725 ], [ -57.893721360284133, -36.829494765418019 ], [ -57.893677003804328, -36.829535263781679 ], [ -57.888695826175478, -36.829019138859678 ], [ -57.871054179104988, -36.814450343847511 ], [ -57.866834018573002, -36.811028671410781 ], [ -57.865832650912751, -36.809445173834035 ], [ -57.863720067238546, -36.805921257848979 ], [ -57.854802235805323, -36.797673938488401 ], [ -57.850809572134267, -36.792304189199797 ], [ -57.850788652929737, -36.792280127263894 ], [ -57.852088341113074, -36.773857221941967 ], [ -57.850401259295438, -36.750224919136656 ], [ -57.854614689208574, -36.739386743236594 ], [ -57.860920345330555, -36.736798708489687 ], [ -57.867423304196961, -36.735311165314158 ], [ -57.877687344308924, -36.735783519644428 ], [ -57.88530399578724, -36.741980918683169 ], [ -57.885319104501548, -36.742017007683728 ], [ -57.891460809988303, -36.754656672012629 ], [ -57.891830673964819, -36.755641050987663 ], [ -57.888701910794225, -36.756144469630613 ], [ -57.892262488914469, -36.76794567081356 ], [ -57.892310315022257, -36.767975693823416 ], [ -57.903072407116099, -36.771915516126739 ], [ -57.911390152191416, -36.775853919440692 ], [ -57.911421089710416, -36.775882602398212 ], [ -57.918865819574307, -36.777902298435208 ], [ -57.918866139107593, -36.777895879847506 ], [ -57.915314150723191, -36.764555654720823 ], [ -57.914279869478435, -36.759779553848318 ], [ -57.909356482970395, -36.749475571923824 ], [ -57.910721819396599, -36.738183794936617 ], [ -57.913000282387486, -36.735411189869581 ], [ -57.913028486838186, -36.735390186255245 ], [ -57.91826020173869, -36.734048524289733 ], [ -57.918693737336582, -36.733200137924769 ], [ -57.923268926692685, -36.72522528659556 ], [ -57.920673949181946, -36.723404667062823 ], [ -57.91100143106047, -36.711885218113878 ], [ -57.908487858062813, -36.703776698532238 ], [ -57.916066457021316, -36.657167892485404 ], [ -57.913648723078779, -36.652137348501469 ], [ -57.921754765807918, -36.631125316195721 ], [ -57.955965522207691, -36.623118087455566 ], [ -57.958076314373159, -36.621585373060611 ], [ -57.958747861241591, -36.621331043202531 ], [ -57.958814818437361, -36.62131819697197 ], [ -57.977198091823595, -36.593434434365179 ], [ -57.98287545907823, -36.594282736503317 ], [ -57.982908753772335, -36.594258627768966 ], [ -57.989698038564995, -36.595278905672956 ], [ -57.998864990592324, -36.590966005823987 ], [ -57.999014555701081, -36.59086726145307 ], [ -57.993153705592135, -36.587811084310601 ], [ -57.98846753759392, -36.58552317718852 ], [ -57.98262180644582, -36.582510801860337 ], [ -57.975790832287146, -36.578990718981117 ], [ -57.967381802095304, -36.574814785789954 ], [ -57.960406149894652, -36.571243786643265 ], [ -57.952162939507843, -36.567134573872238 ], [ -57.951868531041271, -36.56710216497487 ], [ -57.938081619321053, -36.560253720115782 ], [ -57.93760595971753, -36.548831289844884 ], [ -57.937883350187008, -36.548905244074035 ], [ -57.938216456724547, -36.546352838795769 ], [ -57.989444138140527, -36.538818413653757 ], [ -57.989444393795111, -36.53881846361628 ], [ -57.989444336475344, -36.538818698281659 ], [ -57.989444576657093, -36.538818807952509 ], [ -57.98947205964464, -36.538886213442652 ], [ -57.989527404800299, -36.539021955086469 ], [ -57.989598089109791, -36.539195318142561 ], [ -57.989775253890059, -36.539629839296538 ], [ -57.990043797513579, -36.538743698428902 ], [ -58.020040954555554, -36.535000042918512 ], [ -58.029672781549664, -36.533797993722601 ], [ -58.035104617452703, -36.530472422082255 ], [ -58.046816046136087, -36.527602734471941 ], [ -58.051863469269051, -36.527343872888821 ], [ -58.051899129626577, -36.527363401022001 ], [ -58.056629414964391, -36.528011573738468 ], [ -58.063318688210643, -36.534877437782256 ], [ -58.067366004214023, -36.53377959369061 ], [ -58.073944405288159, -36.52735192596765 ], [ -58.073947113261795, -36.527367932552352 ], [ -58.077493114734011, -36.525870710578488 ], [ -58.081520535133222, -36.521628228786653 ], [ -58.077873694335949, -36.51946737289768 ], [ -58.077850841442967, -36.51943621197006 ], [ -58.071728570462199, -36.509644916343859 ], [ -58.07046132993014, -36.508921951394882 ], [ -58.057443784537156, -36.503453408927953 ], [ -58.057386255969107, -36.503437189882618 ], [ -58.038185035954939, -36.474615391930172 ], [ -58.020564526884868, -36.459117044551022 ], [ -58.016639518427326, -36.455901216749226 ], [ -58.001052446328003, -36.436259634167925 ], [ -58.007094284276718, -36.425136288961312 ], [ -57.972033696269818, -36.41973402519875 ], [ -57.976335839969124, -36.379621850874287 ], [ -57.990123695331761, -36.380071944821736 ], [ -58.017355718861438, -36.396006143186924 ], [ -58.0221615151832, -36.40497789896807 ], [ -58.023138957118874, -36.405467293070103 ], [ -58.033495839580894, -36.409464124047929 ], [ -58.033754674178056, -36.409307260828371 ], [ -58.034574838498145, -36.40973104832716 ], [ -58.036761290447771, -36.407838907166877 ], [ -58.040092491574626, -36.406180952010232 ], [ -58.040021295046301, -36.40576329158506 ], [ -58.041644873756468, -36.405186482074157 ], [ -58.042432270325889, -36.404906733884275 ], [ -58.043204058076867, -36.404632531233915 ], [ -58.043197858794088, -36.404581274140696 ], [ -58.091558516809926, -36.382472851913462 ], [ -58.091609027273762, -36.382503775966541 ], [ -58.114886993983703, -36.389848360016288 ], [ -58.11495713361262, -36.389973129262216 ], [ -58.117028968046498, -36.391776186535253 ], [ -58.117079099089551, -36.391819664805212 ], [ -58.118840188942727, -36.391162129791098 ], [ -58.118810138155766, -36.391109781234491 ], [ -58.118804111377926, -36.391097090828794 ], [ -58.116332262524963, -36.38605800866884 ], [ -58.115884223167257, -36.385543785226673 ], [ -58.115408120697396, -36.386363813979926 ], [ -58.115381729791295, -36.386376411130016 ], [ -58.100211786766408, -36.365501972128243 ], [ -58.100174109394118, -36.365478904886857 ], [ -58.093585822240243, -36.333576064645399 ], [ -58.097867935143086, -36.328407539925536 ], [ -58.113980559474726, -36.328368609804613 ], [ -58.106426792655839, -36.320674424721062 ], [ -58.106407205373898, -36.32059695843958 ], [ -58.106410503175994, -36.320596494376673 ], [ -58.106485705418663, -36.320591129593936 ], [ -58.106577034506245, -36.320663897703525 ], [ -58.113225145928936, -36.325006653887613 ], [ -58.117774052549748, -36.327978845240523 ], [ -58.117809945490819, -36.328009946178895 ], [ -58.117816152801481, -36.328000954314575 ], [ -58.126740639429499, -36.316196780005271 ], [ -58.127449005650476, -36.315166755310429 ], [ -58.128104718405325, -36.314196445418588 ], [ -58.127449478753192, -36.310526049805276 ], [ -58.117503687205669, -36.301339682383798 ], [ -58.102247896263634, -36.279124613297711 ], [ -58.101405865764491, -36.278765282438428 ], [ -58.100605079089917, -36.276789187280428 ], [ -58.097271839876385, -36.273954342804188 ], [ -58.09724853125374, -36.27400658046264 ], [ -58.097242218935662, -36.274001693786374 ], [ -58.096679629675236, -36.273517273767766 ], [ -58.096667526032888, -36.273440300029165 ], [ -58.065919699651715, -36.277743587228031 ], [ -58.044283969662615, -36.258716762196968 ], [ -58.041983752116948, -36.251970118762358 ], [ -58.051484840050648, -36.226023374786962 ], [ -58.068912723006008, -36.223469390952857 ], [ -58.065775034278261, -36.217544158837768 ], [ -58.065770851355978, -36.217510822551844 ], [ -58.059320411534145, -36.207326917890953 ], [ -58.057943210922986, -36.157533671413603 ], [ -58.063006477578995, -36.1605162151385 ], [ -58.063035127143735, -36.160507180896445 ], [ -58.085718006433183, -36.158882701195807 ], [ -58.08682385219231, -36.157999081307196 ], [ -58.08685359944559, -36.15794020208233 ], [ -58.08768582153607, -36.158311368151146 ], [ -58.088331809991303, -36.158572471705895 ], [ -58.088306489977924, -36.158622588022581 ], [ -58.092393930246146, -36.160060854772212 ], [ -58.100439273359996, -36.151948812647674 ], [ -58.101547041422691, -36.151383774415933 ], [ -58.101627254044217, -36.151101460368125 ], [ -58.101628237903697, -36.151097075456846 ], [ -58.102113378106822, -36.150267159537407 ], [ -58.137734988337229, -36.123187936265424 ], [ -58.157318334602905, -36.12457568560086 ], [ -58.157349794331139, -36.124586929657312 ], [ -58.173544041785021, -36.126869688035015 ], [ -58.203610827577677, -36.137016280297587 ], [ -58.203641652187628, -36.137036305059326 ], [ -58.208401527847229, -36.137736374328028 ], [ -58.213854328006278, -36.136160453534615 ], [ -58.215617101772523, -36.137046105695106 ], [ -58.217595135411955, -36.139282014025241 ], [ -58.222265565707801, -36.14038639701181 ], [ -58.224010297396546, -36.139901360853116 ], [ -58.224048560980464, -36.13989781345208 ], [ -58.228620741044267, -36.141584037733708 ], [ -58.228675855392567, -36.141613362286421 ], [ -58.2288941156595, -36.139164951248802 ], [ -58.228164414662785, -36.13326243306409 ], [ -58.228111136284554, -36.133215652887657 ], [ -58.227883058889461, -36.123329738328209 ], [ -58.227836150804308, -36.123290373095301 ], [ -58.226869568500433, -36.112700583416427 ], [ -58.226195539458615, -36.105262183674142 ], [ -58.205364864492594, -36.100762982711785 ], [ -58.208300387120403, -36.054260407038953 ], [ -58.230698309084005, -36.044896157049266 ], [ -58.231308816486091, -36.044484790020306 ], [ -58.231310155636379, -36.044482505072324 ], [ -58.235542332103876, -36.015415350329988 ], [ -58.243512151210155, -36.009134494400655 ], [ -58.269790410943074, -35.979423192078514 ], [ -58.323598225853914, -35.967240559691163 ], [ -58.323655619644001, -35.967286588830859 ], [ -58.323790007095113, -35.967304696268002 ], [ -58.323853388290672, -35.967342010403968 ], [ -58.327050602957058, -35.97108948546429 ], [ -58.336998424211686, -35.969036599447122 ], [ -58.336994506418762, -35.969020552419124 ], [ -58.334156070202027, -35.958877570735524 ], [ -58.335272043618829, -35.95350041758104 ], [ -58.340089251499137, -35.930289412587456 ], [ -58.340087581380715, -35.930182984023816 ], [ -58.341461006767702, -35.923627094913229 ], [ -58.341474663943984, -35.923614000122996 ], [ -58.342402795415296, -35.922729039159378 ], [ -58.342667221810586, -35.920851373649157 ], [ -58.34508270348249, -35.91051899578423 ], [ -58.350880727391313, -35.898692797774629 ], [ -58.358171805212521, -35.886246713256696 ], [ -58.362017344765036, -35.884453496239416 ], [ -58.366946558008294, -35.882154947414733 ], [ -58.366950965597937, -35.882160942889072 ], [ -58.390508859052943, -35.88145830211505 ], [ -58.390528045120448, -35.881444399109284 ], [ -58.393635576550139, -35.87928313404467 ], [ -58.393637562934884, -35.879269061122102 ], [ -58.406186782900818, -35.870452579033554 ], [ -58.412097772029654, -35.864523716905126 ], [ -58.413556317330801, -35.86327244908972 ], [ -58.413877499933221, -35.863282910473288 ], [ -58.414753527302537, -35.863165277800704 ], [ -58.414788727764801, -35.863105393424746 ], [ -58.421685294103781, -35.85288381756817 ], [ -58.421707812859154, -35.852706619149387 ], [ -58.423020002914654, -35.847011708797936 ], [ -58.41840258809674, -35.849789284437293 ], [ -58.418372383710221, -35.849792940430063 ], [ -58.418315956026447, -35.849862247158683 ], [ -58.418492898785189, -35.850652319866981 ], [ -58.413924498877691, -35.854171460127702 ], [ -58.412931737881706, -35.854334834140502 ], [ -58.412791242681749, -35.854344372449759 ], [ -58.412756713126214, -35.854358198293539 ], [ -58.407710158336045, -35.857479455865644 ], [ -58.406679120241051, -35.857689014297137 ], [ -58.406669379078608, -35.857701999488199 ], [ -58.386115547830059, -35.861326782023582 ], [ -58.386070900847074, -35.861344445529426 ], [ -58.379478642528909, -35.862493196382729 ], [ -58.3675993203492, -35.863349399086644 ], [ -58.360355355201818, -35.86262745132899 ], [ -58.36034012824291, -35.862613409242499 ], [ -58.360068060537742, -35.862622562464367 ], [ -58.360053544545963, -35.862608219656124 ], [ -58.35094689804248, -35.87168207766706 ], [ -58.350884518108501, -35.871707668827867 ], [ -58.341617897361743, -35.875851897051234 ], [ -58.335823466445504, -35.879760179436062 ], [ -58.335808051988124, -35.879775800601124 ], [ -58.333126341368086, -35.881287887503504 ], [ -58.33311028798181, -35.881287698556207 ], [ -58.326519361477438, -35.880274928630172 ], [ -58.317427224223252, -35.881042978555229 ], [ -58.311662962691059, -35.881159980466862 ], [ -58.298183434430996, -35.889408856177965 ], [ -58.27262903163421, -35.893283621465798 ], [ -58.272595366635699, -35.893253326205468 ], [ -58.265325661957888, -35.888485011796831 ], [ -58.241502999049317, -35.887488121163585 ], [ -58.241501620600957, -35.887490753179065 ], [ -58.249007898258185, -35.905027936270812 ], [ -58.225061299558831, -35.919511804027366 ], [ -58.225043213597019, -35.919501261994583 ], [ -58.218933504125062, -35.927559292560431 ], [ -58.212062929125466, -35.942841752520621 ], [ -58.211742755423018, -35.942896141402173 ], [ -58.193315454191747, -35.948210916294556 ], [ -58.177171861835859, -35.952923590567593 ], [ -58.172644286307502, -35.941075606959714 ], [ -58.156741406390665, -35.909725624488885 ], [ -58.12985856475774, -35.925199745713826 ], [ -58.129836057935449, -35.925218256660003 ], [ -58.128514226506354, -35.930696313779492 ], [ -58.12849516014694, -35.930714305384754 ], [ -58.107684485375046, -35.945497658742511 ], [ -58.106176555268576, -35.954839299064133 ], [ -58.086914879112555, -35.959884496907819 ], [ -58.081222476938024, -35.962721530760007 ], [ -58.079346810892616, -35.962457982113278 ], [ -58.078637495023827, -35.963050685255496 ], [ -58.078635675421992, -35.963040103839148 ], [ -58.078888849539965, -35.962355118858341 ], [ -58.078878161517196, -35.962310765008283 ], [ -58.070730749789789, -35.963604630947827 ], [ -58.07069653807963, -35.963644481005588 ], [ -58.061778026891318, -35.964657860560692 ], [ -58.055945913821404, -35.965025482976046 ], [ -58.048810734364338, -35.966545163638159 ], [ -58.036615017115025, -35.964163204274485 ], [ -58.019706696478693, -35.960860802511661 ], [ -58.019639217957717, -35.960825518103888 ], [ -58.016141767948739, -35.929771053538957 ], [ -58.021697871122797, -35.915138443568594 ], [ -58.022859184069489, -35.913270132167895 ], [ -58.023552758757489, -35.911828274894503 ], [ -58.023610509368268, -35.911786545407097 ], [ -58.023807273047396, -35.911395770198965 ], [ -58.023871037990489, -35.911374562999697 ], [ -58.024463622210874, -35.909954492168993 ], [ -58.028400669149391, -35.905164336153575 ], [ -58.0349910543639, -35.897984556415565 ], [ -58.03501593706477, -35.897981356687637 ], [ -58.039121824829067, -35.892469361246015 ], [ -58.042304910243331, -35.879632463769838 ], [ -58.043172533864549, -35.875684047771415 ], [ -58.043349376381798, -35.874551827797632 ], [ -58.042968994900207, -35.87432241534782 ], [ -58.042942865288126, -35.874325255005715 ], [ -58.042344738801205, -35.87477905962885 ], [ -58.042316527735011, -35.874781404760938 ], [ -58.041143621108063, -35.875100704124236 ], [ -58.040121786225484, -35.875403002352641 ], [ -58.038241435427778, -35.875862806722239 ], [ -58.0382094101044, -35.875891187863317 ], [ -58.033150468804592, -35.877150642889546 ], [ -58.032239351633166, -35.872841742460366 ], [ -58.032232434114349, -35.872828881663622 ], [ -58.031575812887866, -35.872579826382207 ], [ -58.032561099438794, -35.870927662245947 ], [ -58.032543755361985, -35.87091469295882 ], [ -58.020545542980301, -35.820475655766643 ], [ -58.022977639395833, -35.823634554322553 ], [ -58.018739608474277, -35.812336362705594 ], [ -58.018067451572222, -35.81120746032343 ], [ -58.01700773097258, -35.81037928609345 ], [ -58.016744398828848, -35.810100213623855 ], [ -57.982874545519223, -35.760115415071368 ], [ -57.980835412977001, -35.75757971402038 ], [ -57.977727677369842, -35.755035335383184 ], [ -57.975814795368535, -35.737072807740276 ], [ -57.975060386388066, -35.736077161292144 ], [ -57.983918560012398, -35.716049283025711 ], [ -57.984018841521788, -35.715326467093121 ], [ -57.972839454648863, -35.690395405586401 ], [ -57.974653042507498, -35.688094206534629 ], [ -57.977286636807378, -35.67381253785237 ], [ -57.977524136360216, -35.673447893184402 ], [ -57.977523316475583, -35.673447813653183 ], [ -57.97751990148987, -35.673431203255006 ], [ -57.977519044021676, -35.673431129310586 ], [ -57.977575475675394, -35.671909916957361 ], [ -57.979991967597641, -35.644444032966533 ], [ -57.979152965670551, -35.641645961418646 ], [ -57.97878172349624, -35.639393430856387 ], [ -57.977477170067402, -35.637191507295938 ], [ -57.969142244626084, -35.623118930865644 ], [ -57.968402167082843, -35.620793008570502 ], [ -57.967131696292256, -35.617801446834051 ], [ -57.966734953267292, -35.615844055649461 ], [ -57.966752876301484, -35.615795798241606 ], [ -57.966325257086339, -35.614329632003148 ], [ -57.965655779991607, -35.613378724735639 ], [ -57.966406570130459, -35.611570208773571 ], [ -57.966402640597153, -35.611559786727696 ], [ -57.966750824450799, -35.610731709319452 ], [ -57.966876934807885, -35.610616798307262 ], [ -57.966883370191113, -35.610605080346545 ], [ -57.96705302408418, -35.610013012192212 ], [ -57.966976903542786, -35.609968532327002 ], [ -57.967007384918077, -35.609913022975661 ], [ -57.966675606564934, -35.609782854103628 ], [ -57.965875398120602, -35.610307391486913 ], [ -57.965871589971243, -35.610304341228129 ], [ -57.96385175969516, -35.611608199006071 ], [ -57.963839139209256, -35.611612770963006 ], [ -57.961654122551238, -35.61420732002091 ], [ -57.959647900744699, -35.616031710766663 ], [ -57.959625842167782, -35.616091356860068 ], [ -57.957368402576151, -35.619319163260968 ], [ -57.951777694432906, -35.626939682512727 ], [ -57.951254282406182, -35.62781151665439 ], [ -57.951011544648452, -35.628276346447365 ], [ -57.951012167666363, -35.628287806583671 ], [ -57.950776540486572, -35.628730898486992 ], [ -57.95077710426466, -35.62874076347947 ], [ -57.95073423619948, -35.628812191044062 ], [ -57.950734755902431, -35.62882177267943 ], [ -57.95060967001848, -35.629050322313333 ], [ -57.950610158529742, -35.629059068399215 ], [ -57.950423789604088, -35.629410113562813 ], [ -57.950423600563227, -35.629417581210646 ], [ -57.950246451739019, -35.62964613466761 ], [ -57.950104437392156, -35.629829352579122 ], [ -57.946214926340588, -35.637904946318258 ], [ -57.946156545104827, -35.637977595939731 ], [ -57.946150588826868, -35.638006842383732 ], [ -57.946300829789664, -35.638183125143655 ], [ -57.945998488873443, -35.63817703697822 ], [ -57.945992746885565, -35.638205977545852 ], [ -57.943798977229335, -35.64108488617228 ], [ -57.945635219388009, -35.651428030498721 ], [ -57.925178097133596, -35.662661003636345 ], [ -57.923574015332349, -35.663630047138497 ], [ -57.920303561682317, -35.663073028424776 ], [ -57.921095655727981, -35.664574487737639 ], [ -57.923112253696218, -35.666192780588233 ], [ -57.923421159471673, -35.666516059469132 ], [ -57.93423689400953, -35.678460785900995 ], [ -57.934118583785789, -35.689291514438139 ], [ -57.924895139432351, -35.69955031540934 ], [ -57.905936882884703, -35.692580498146356 ], [ -57.901721155295263, -35.694205303641297 ], [ -57.901580506416678, -35.694571432793452 ], [ -57.898063913468206, -35.697578566554114 ], [ -57.897672003264972, -35.714919705356181 ], [ -57.890740529010259, -35.715845920780396 ], [ -57.882600356791727, -35.72420318676825 ], [ -57.865520777653103, -35.72476603143599 ], [ -57.86242617181972, -35.723912354832294 ], [ -57.852713244365134, -35.723369078051121 ], [ -57.852846336802031, -35.721365421230928 ], [ -57.852812135099384, -35.72136918125392 ], [ -57.849008568102022, -35.722878770628029 ], [ -57.847537234315951, -35.723609524279027 ], [ -57.843686741370561, -35.722687431896759 ], [ -57.842610885887552, -35.722880239458505 ], [ -57.840360030952127, -35.729511867119811 ], [ -57.837136113280735, -35.732148024275943 ], [ -57.836499498487683, -35.733861190593302 ], [ -57.836502778339991, -35.733876343663042 ], [ -57.836370400980513, -35.738131987144982 ], [ -57.838604526564154, -35.738688165612984 ], [ -57.838973237188043, -35.738825495097728 ], [ -57.846024036865856, -35.74937294638795 ], [ -57.846070555464848, -35.749397107987988 ], [ -57.853851549077035, -35.778400602888667 ], [ -57.853850266164159, -35.778427552050971 ], [ -57.853877116406977, -35.778462859354249 ], [ -57.840263706520318, -35.788812018195983 ], [ -57.839843238666731, -35.789753138128276 ], [ -57.825774656530825, -35.800847988222756 ], [ -57.820101538089943, -35.801088959821868 ], [ -57.820085243471226, -35.801072040003419 ], [ -57.820005269812782, -35.801122178568278 ], [ -57.815554090316709, -35.80347179648345 ], [ -57.814020058114977, -35.802820306527167 ], [ -57.81398099898712, -35.802827956159092 ], [ -57.812681351508672, -35.802300175634684 ], [ -57.810961606155615, -35.803182457639537 ], [ -57.810924355671432, -35.803178844939282 ], [ -57.810867533158444, -35.803202151182859 ], [ -57.810816900472275, -35.803158867439436 ], [ -57.810776986341352, -35.803152335452069 ], [ -57.81052842114218, -35.80329576370292 ], [ -57.801161429284207, -35.798965349750517 ], [ -57.800359548402582, -35.796091399397255 ], [ -57.800274657387149, -35.795683037178833 ], [ -57.798777605966791, -35.795655537842151 ], [ -57.798483613621556, -35.795935939501362 ], [ -57.798420828481369, -35.795975842866369 ], [ -57.798827160879512, -35.796361255600971 ], [ -57.796578250158575, -35.798262698722226 ], [ -57.787439869218304, -35.799006037049367 ], [ -57.78659178733102, -35.797485177574345 ], [ -57.78653561840008, -35.797465317048818 ], [ -57.786023192221535, -35.797600934723675 ], [ -57.781172533401957, -35.79533131489643 ], [ -57.781546332635457, -35.798638188745997 ], [ -57.782968695313855, -35.800878967421056 ], [ -57.783012489665282, -35.800918115547518 ], [ -57.784023191619099, -35.801103483079601 ], [ -57.784070402570308, -35.801144443986345 ], [ -57.784427808130658, -35.804044033058119 ], [ -57.784637714230655, -35.805747030721648 ], [ -57.784669010136668, -35.805772183672104 ], [ -57.781846176916417, -35.816517858977136 ], [ -57.769639371215533, -35.815617955877542 ], [ -57.768165429823398, -35.80984525399748 ], [ -57.768094215584085, -35.809861218996332 ], [ -57.765395299829038, -35.811614529102201 ], [ -57.746875073079309, -35.817277208288829 ], [ -57.745789228444039, -35.817809503706997 ], [ -57.742286154649264, -35.819026166598235 ], [ -57.742225672842437, -35.819006792915104 ], [ -57.740571942769975, -35.819364127574033 ], [ -57.741894777529239, -35.820786921901743 ], [ -57.742134114738917, -35.82107591720586 ], [ -57.743737379648564, -35.823229598586295 ], [ -57.752342429583109, -35.835123803565352 ], [ -57.750556619872611, -35.839985976328535 ], [ -57.750547045114217, -35.840000477252261 ], [ -57.748957360491033, -35.842295954701456 ], [ -57.745499190656119, -35.847289476906781 ], [ -57.745103461981216, -35.852672353614082 ], [ -57.743749901135857, -35.860489956758499 ], [ -57.743804122234565, -35.866839598329079 ], [ -57.743099179366766, -35.870847229066896 ], [ -57.743775008360274, -35.878418064866196 ], [ -57.744746602963346, -35.880014056002835 ], [ -57.750727520447185, -35.876529843312994 ], [ -57.754123712830392, -35.87606999976515 ], [ -57.754297421445983, -35.876097792000792 ], [ -57.754318707934033, -35.876110229802237 ], [ -57.754349337874487, -35.876082957313429 ], [ -57.762345410173509, -35.875619376575457 ], [ -57.765370219655722, -35.875967674159654 ], [ -57.766459490249986, -35.876684849254502 ], [ -57.76647018728778, -35.876708166232277 ], [ -57.766496414390588, -35.876713064347257 ], [ -57.766515101390894, -35.87672902037184 ], [ -57.769635668467174, -35.877011671562059 ], [ -57.774703302643047, -35.880012624299809 ], [ -57.766719656815042, -35.883621844113236 ], [ -57.768071383405982, -35.902786245407412 ], [ -57.768074472958403, -35.902798921738508 ], [ -57.77027729844383, -35.914827020594998 ], [ -57.771988365157654, -35.916076014173143 ], [ -57.772055246455466, -35.91606080926033 ], [ -57.772640533974197, -35.916679194431936 ], [ -57.772648608411032, -35.916687065991255 ], [ -57.773355383857904, -35.91724048221522 ], [ -57.77203661027346, -35.917920632349649 ], [ -57.771961106326728, -35.917937797550906 ], [ -57.769952415324383, -35.918395967971094 ], [ -57.769948677380455, -35.918394991638934 ], [ -57.769946101307767, -35.918394775764568 ], [ -57.769944566246807, -35.918394216589661 ], [ -57.769869612485934, -35.918388380101192 ], [ -57.769860652040734, -35.918394997277176 ], [ -57.769858707744106, -35.918396043914242 ], [ -57.769794130301875, -35.918359345324575 ], [ -57.769755328003612, -35.918337273303223 ], [ -57.768435081949178, -35.918273649385696 ], [ -57.745819103967165, -35.919830355318823 ], [ -57.74581281054742, -35.919864833642862 ], [ -57.747011140472466, -35.923817304596412 ], [ -57.742842937740363, -35.924455114446573 ], [ -57.741793090305862, -35.920111750131809 ], [ -57.735571676360166, -35.923427991379356 ], [ -57.731339514771491, -35.923916941483128 ], [ -57.731313403678769, -35.923997392524541 ], [ -57.731294653688849, -35.924026919829771 ], [ -57.727139832690398, -35.924514030746877 ], [ -57.725742125890918, -35.923259163047874 ], [ -57.725781216304938, -35.923175929599836 ], [ -57.725799141384869, -35.923145536816151 ], [ -57.721638072294752, -35.908395052737262 ], [ -57.729323827167377, -35.893520975745503 ], [ -57.729320780247633, -35.893505463611348 ], [ -57.728653532448106, -35.892142517333468 ], [ -57.728649782977755, -35.892125420958848 ], [ -57.726546230645113, -35.881747439990988 ], [ -57.719832083785434, -35.87228366476262 ], [ -57.716271025448179, -35.862089129711592 ], [ -57.712520873302481, -35.858177771563533 ], [ -57.712506649782711, -35.858122090339293 ], [ -57.712681281710786, -35.857545610625834 ], [ -57.712646218889518, -35.857514776650532 ], [ -57.733338351785108, -35.823875289348848 ], [ -57.705577042885238, -35.839781519232304 ], [ -57.701424672640769, -35.848858170032145 ], [ -57.695185311227021, -35.858126668399791 ], [ -57.695106803094689, -35.85811704854234 ], [ -57.677002635185602, -35.836891782658256 ], [ -57.671015098290866, -35.835073535625497 ], [ -57.658733880420471, -35.847862953298488 ], [ -57.658679037185721, -35.848821795888966 ], [ -57.651740208879801, -35.843944752958862 ], [ -57.651424005740409, -35.843922625939967 ], [ -57.631634872603343, -35.846316088054152 ], [ -57.62729382409907, -35.845058937884403 ], [ -57.62723514964523, -35.845044713387097 ], [ -57.62069490523055, -35.843462488154671 ], [ -57.620385342591646, -35.843331357095224 ], [ -57.609660725736376, -35.837306837832671 ], [ -57.607048933612532, -35.835741699590017 ], [ -57.607038861876731, -35.835748307015194 ], [ -57.606758729797434, -35.835881546842359 ], [ -57.604740436813927, -35.83770350248227 ], [ -57.592458808900517, -35.84832101251493 ], [ -57.57861217696933, -35.86069718417059 ], [ -57.554959204118404, -35.861877518057042 ], [ -57.55491891964823, -35.861907155471897 ], [ -57.554334147520819, -35.863312661587372 ], [ -57.554298008029605, -35.863349023628587 ], [ -57.550639742804094, -35.864853730597304 ], [ -57.550616928542752, -35.864895469598991 ], [ -57.511757742694101, -35.864047028694984 ], [ -57.505548767307801, -35.826398773799383 ], [ -57.506378623155342, -35.820767020542519 ], [ -57.49871160020416, -35.811429408216327 ], [ -57.495577482086844, -35.81024596660518 ], [ -57.49017736380506, -35.800654216879138 ], [ -57.490153242997053, -35.800609359638827 ], [ -57.490122964330283, -35.800591446567523 ], [ -57.484753625614303, -35.752234347938156 ], [ -57.492830911199576, -35.746466430864757 ], [ -57.493260792656599, -35.743587689956371 ], [ -57.547623091221169, -35.718714605878802 ], [ -57.547680312045486, -35.718749134166785 ], [ -57.558120326339179, -35.725435361009204 ], [ -57.558181292469499, -35.725471745455593 ], [ -57.558235599474244, -35.725477898042186 ], [ -57.558302723774489, -35.725503653350927 ], [ -57.558329347508732, -35.72550147744164 ], [ -57.562285596854792, -35.724285077721561 ], [ -57.565408752159954, -35.721547429657733 ], [ -57.569670588006545, -35.684669288643647 ], [ -57.590936683394148, -35.690689985385802 ], [ -57.600924862168085, -35.68427108590646 ], [ -57.618007402073545, -35.665290169515117 ], [ -57.618043935871242, -35.665313582650924 ], [ -57.618064459756511, -35.665265127445821 ], [ -57.619355563103397, -35.659970830583291 ], [ -57.623111337925195, -35.655283112918255 ], [ -57.618993986999214, -35.655026989379053 ], [ -57.61770194400674, -35.65545606150954 ], [ -57.617694471332584, -35.655456251240423 ], [ -57.617629821591038, -35.655484625391352 ], [ -57.614748216042301, -35.657388102951188 ], [ -57.614983352913782, -35.658415989795174 ], [ -57.562162667901475, -35.664181606535863 ], [ -57.555328468117864, -35.665262601243114 ], [ -57.547755013203471, -35.663308130221822 ], [ -57.543883406602106, -35.66564682873161 ], [ -57.496260262352678, -35.670534681168363 ], [ -57.489415160412818, -35.673998637465445 ], [ -57.488311317693103, -35.67529406210565 ], [ -57.488257302937882, -35.675307657855399 ], [ -57.456587109625389, -35.679610542282489 ], [ -57.435067377544897, -35.669167634649966 ], [ -57.434866331610067, -35.668997333102084 ], [ -57.434831064416755, -35.668953895191407 ], [ -57.425863726186606, -35.664297120468405 ], [ -57.427185000724137, -35.619088146485694 ], [ -57.428278370903683, -35.618365875880841 ], [ -57.428149370792767, -35.61127495417395 ], [ -57.428159439530248, -35.611264579225178 ], [ -57.431560831749493, -35.579649743901996 ], [ -57.426696727568014, -35.572531445633842 ], [ -57.413001917673796, -35.558851125139824 ], [ -57.410830511606491, -35.558196347612409 ], [ -57.408977392184397, -35.553814043648345 ], [ -57.412494605526945, -35.549220263109532 ], [ -57.402092125858019, -35.529837151223774 ], [ -57.397668454664029, -35.508701183638379 ], [ -57.384743104912559, -35.490386382569682 ], [ -57.366497948746996, -35.478573090192754 ], [ -57.363255813501951, -35.47277849450262 ], [ -57.363096170756364, -35.465250067359534 ], [ -57.363075166480598, -35.465198198800294 ], [ -57.363971665696511, -35.451712366501056 ], [ -57.369571587535745, -35.446589255021195 ], [ -57.369540211856872, -35.446520543608642 ], [ -57.369541477924656, -35.446517281755462 ], [ -57.369589560436054, -35.444603947094606 ], [ -57.369748280848796, -35.444685102121127 ], [ -57.370964937517897, -35.443715841867402 ], [ -57.384791398961568, -35.432733443317431 ], [ -57.379801822354921, -35.425404336479403 ], [ -57.379933515349933, -35.425539394150576 ], [ -57.376228389431049, -35.417679795309482 ], [ -57.376227047258453, -35.41761726852468 ], [ -57.3845550640699, -35.414559960228985 ], [ -57.395514756470732, -35.384687732615873 ], [ -57.395560256324018, -35.384658449064716 ], [ -57.399565998032244, -35.376017638369945 ], [ -57.40167942050067, -35.36468923597937 ], [ -57.401743668401593, -35.364652015354125 ], [ -57.404198892451461, -35.362866679333251 ], [ -57.410069850335219, -35.356671993838916 ] ], [ [ -57.750459051577536, -36.788207783221026 ], [ -57.742771796940701, -36.834280075416302 ], [ -57.77523304683416, -36.848611886129959 ], [ -57.795817624661993, -36.857590810283341 ], [ -57.796259440927201, -36.857558924812793 ], [ -57.796566056548158, -36.858274898253569 ], [ -57.79741257392817, -36.85767989909175 ], [ -57.800504713446912, -36.857521297335211 ], [ -57.800522790138984, -36.856015652182123 ], [ -57.803765607945877, -36.853980786134287 ], [ -57.805403495410019, -36.85184694689724 ], [ -57.805392277728856, -36.851827359516903 ], [ -57.805397382360127, -36.851749734088173 ], [ -57.805381107580047, -36.851737592273651 ], [ -57.809085257108904, -36.850055387985265 ], [ -57.810501224411439, -36.849404832708331 ], [ -57.81184837346126, -36.848785915939288 ], [ -57.814355400672412, -36.847634080636851 ], [ -57.814422529221474, -36.847640984397458 ], [ -57.816931444360193, -36.846879985273915 ], [ -57.816995822655429, -36.846889351898085 ], [ -57.822950067375302, -36.850392157053363 ], [ -57.82871414209859, -36.855277780606798 ], [ -57.82854706324224, -36.857272326291593 ], [ -57.827582524169713, -36.85877221196904 ], [ -57.834094382203148, -36.860895732522124 ], [ -57.83403596169552, -36.860993428684935 ], [ -57.834032376072855, -36.861006196589699 ], [ -57.834003562934583, -36.861043096670926 ], [ -57.831257894078249, -36.873701624304317 ], [ -57.838012920808467, -36.885133042478401 ], [ -57.838025215114499, -36.885141945294663 ], [ -57.841152991734589, -36.885650695293521 ], [ -57.841192915064482, -36.885683124801744 ], [ -57.842332031953106, -36.886781091389878 ], [ -57.842360337984871, -36.886746309942566 ], [ -57.849359958132027, -36.889410737900562 ], [ -57.849401104455865, -36.889406463470323 ], [ -57.858269049634316, -36.896654772100987 ], [ -57.858274350434726, -36.896689613656292 ], [ -57.871932618825838, -36.913148138323606 ], [ -57.87208481743761, -36.913375039573339 ], [ -57.872086337978658, -36.913385102519612 ], [ -57.872098977687472, -36.9133967648865 ], [ -57.872100514321062, -36.913406933741783 ], [ -57.873006702734983, -36.914790755258707 ], [ -57.872999520855672, -36.914800634293215 ], [ -57.873151121942556, -36.915410536742115 ], [ -57.873146243039173, -36.915430199502509 ], [ -57.871942736195365, -36.916892604863904 ], [ -57.870921698027132, -36.918043120809614 ], [ -57.853436858532291, -36.936218416482461 ], [ -57.853072859907968, -36.936417239974446 ], [ -57.847855306200245, -36.942024827423097 ], [ -57.845063285182391, -36.944968939638159 ], [ -57.845055634593791, -36.944996107637564 ], [ -57.84333652236495, -36.946794294294193 ], [ -57.843329542718948, -36.946819192155829 ], [ -57.839546026755272, -36.95092962157338 ], [ -57.839488364344788, -36.95093419095025 ], [ -57.817735545448954, -36.981308047488085 ], [ -57.81605272638717, -36.983463893815951 ], [ -57.81603921556848, -36.983464964453958 ], [ -57.812860567474388, -36.987516058536016 ], [ -57.812852692751505, -36.987516682112641 ], [ -57.81279402745929, -36.987600515626923 ], [ -57.812786270219476, -36.987601129911639 ], [ -57.812512555307762, -36.98796373083934 ], [ -57.812505373132922, -36.98796477987014 ], [ -57.755500368232447, -36.955852869585783 ], [ -57.751183254954583, -36.95459928131578 ], [ -57.748637230915051, -36.952422578530218 ], [ -57.748469186844375, -36.951860541446649 ], [ -57.74846708285628, -36.951855612415955 ], [ -57.748292671038769, -36.951773917974265 ], [ -57.74820220829713, -36.951731544953986 ], [ -57.748080224024648, -36.95167297335513 ], [ -57.705880460629601, -36.943544328598989 ], [ -57.700241932809718, -36.944313003132493 ], [ -57.688931730329898, -36.95054476317182 ], [ -57.686384625124674, -36.953192524107124 ], [ -57.686362959885912, -36.953200350114685 ], [ -57.675142584650416, -36.958142391801516 ], [ -57.664176627138659, -36.959780371015881 ], [ -57.664160510349348, -36.959777782867604 ], [ -57.664028910073228, -36.959826445342912 ], [ -57.661252693079689, -36.961528405981028 ], [ -57.659188007189698, -36.962436153454121 ], [ -57.653059315256655, -36.96797858646687 ], [ -57.64664893709994, -36.970656185661653 ], [ -57.646630952156784, -36.970662230369669 ], [ -57.639126295362473, -36.968232188434342 ], [ -57.627823942230407, -36.940741671434239 ], [ -57.633869289198742, -36.937416938721981 ], [ -57.657172214651837, -36.925730381161998 ], [ -57.660493586062557, -36.908399513719246 ], [ -57.660559323488883, -36.908419177522433 ], [ -57.660630803778133, -36.908406625238001 ], [ -57.660966353990375, -36.90831735523426 ], [ -57.661032436186531, -36.908338247424979 ], [ -57.667657453845266, -36.907354710487311 ], [ -57.667625619188868, -36.907314145756345 ], [ -57.666987002892029, -36.902336850152494 ], [ -57.666964542462154, -36.902329749184162 ], [ -57.666969161876409, -36.902220216937053 ], [ -57.6575154817927, -36.896524679933975 ], [ -57.657457518514263, -36.89652388473263 ], [ -57.643023469763989, -36.881593759682858 ], [ -57.639052175320614, -36.878012832273441 ], [ -57.638331991194434, -36.866946439571848 ], [ -57.636580090286714, -36.861476824914803 ], [ -57.632355522751823, -36.856178428743419 ], [ -57.657474947605124, -36.819346799282243 ], [ -57.657508992509634, -36.819343166338797 ], [ -57.668818312342239, -36.812317312376251 ], [ -57.682863516037173, -36.818865917644018 ], [ -57.69749305408294, -36.80658938065983 ], [ -57.707627037098291, -36.798085351306099 ], [ -57.711859464207691, -36.794533643830732 ], [ -57.750459051577536, -36.788207783221026 ] ] ], [ [ [ -56.728820800999927, -36.331481933999953 ], [ -56.727996214091945, -36.332669338736707 ], [ -56.733509233546044, -36.326862249899648 ], [ -56.753792154113853, -36.304707837882177 ], [ -56.754268736460006, -36.303635390107445 ], [ -56.753784179999968, -36.304016112999818 ], [ -56.752075194999861, -36.30529785199991 ], [ -56.75030517599987, -36.306701659999987 ], [ -56.748779297, -36.308288574000017 ], [ -56.74719238299997, -36.309875487999875 ], [ -56.745788573999903, -36.311218261999954 ], [ -56.744079589999899, -36.313476562999938 ], [ -56.742675781, -36.314880370999902 ], [ -56.741088866999974, -36.316772460999971 ], [ -56.73937988299997, -36.318908690999876 ], [ -56.737670897999976, -36.320495604999905 ], [ -56.736328124999886, -36.321899413999972 ], [ -56.734802245999845, -36.323486328 ], [ -56.733276366999803, -36.325012206999872 ], [ -56.73211669899996, -36.326293944999861 ], [ -56.730773925999813, -36.32788085899989 ], [ -56.729919433999896, -36.329711913999972 ], [ -56.728820800999927, -36.331481933999953 ] ] ], [ [ [ -56.665283202999831, -36.881896972999982 ], [ -56.6658048337938, -36.88253897982753 ], [ -56.665785196483796, -36.881517062644434 ], [ -56.665734772582368, -36.880665824487608 ], [ -56.665730727121513, -36.880597530474404 ], [ -56.665500569436517, -36.876712091285071 ], [ -56.664442440491598, -36.865909701271903 ], [ -56.664184569999975, -36.867309569999861 ], [ -56.664306640999882, -36.871520995999902 ], [ -56.664123534999987, -36.87390136699986 ], [ -56.664184569999975, -36.876281737999875 ], [ -56.664978026999904, -36.880676269999867 ], [ -56.665283202999831, -36.881896972999982 ] ] ], [ [ [ -56.980102538999972, -37.277770995999958 ], [ -56.98179134642578, -37.279658486987557 ], [ -56.978772055720356, -37.275600976578062 ], [ -56.974064194082757, -37.269647746502642 ], [ -56.970961939665131, -37.265870952538137 ], [ -56.970695117061894, -37.265455919830629 ], [ -56.970665727556138, -37.265414009086157 ], [ -56.969994843888401, -37.264518039401764 ], [ -56.969963056335644, -37.26447846394376 ], [ -56.969862612710926, -37.264357915802577 ], [ -56.969831729231089, -37.264318256936804 ], [ -56.969533851629478, -37.263901301600583 ], [ -56.969502470854252, -37.263859727227782 ], [ -56.969360432270946, -37.263680308520748 ], [ -56.96932897306408, -37.263639696969108 ], [ -56.968970840343616, -37.263168135551496 ], [ -56.968937618148402, -37.263126338810025 ], [ -56.968793276362931, -37.262952664206807 ], [ -56.968761501428617, -37.262910725307336 ], [ -56.968644851695103, -37.262739066392271 ], [ -56.968613581650231, -37.262695739971662 ], [ -56.968204169726221, -37.262154541458017 ], [ -56.968173325715497, -37.262113497986206 ], [ -56.968155371562773, -37.262092211715128 ], [ -56.968112299967061, -37.262033131542807 ], [ -56.968080457809947, -37.261992419790886 ], [ -56.967454961016472, -37.26122647023368 ], [ -56.967424404707629, -37.261188337965621 ], [ -56.967384199175115, -37.261135824628184 ], [ -56.967353013696993, -37.261097834225723 ], [ -56.966894740594, -37.260565852011609 ], [ -56.966865508675596, -37.260528995972606 ], [ -56.966797217366434, -37.26043593668237 ], [ -56.966768381795021, -37.260398298594282 ], [ -56.966228842795658, -37.25972171601353 ], [ -56.966109668092656, -37.259572901505692 ], [ -56.965312781655484, -37.258761896338342 ], [ -56.965284028519591, -37.258730732969752 ], [ -56.964936193684991, -37.258279354809929 ], [ -56.963439855178365, -37.256671024627167 ], [ -56.964721680000025, -37.258422852000024 ], [ -56.966491699000017, -37.260803222999982 ], [ -56.967712401999961, -37.262390137000011 ], [ -56.970092772999976, -37.266113280999889 ], [ -56.970886229999905, -37.267089843999941 ], [ -56.972473144999867, -37.268920897999919 ], [ -56.973876953, -37.2706909179999 ], [ -56.975585937999824, -37.272399901999904 ], [ -56.977600097999868, -37.275085448999903 ], [ -56.980102538999972, -37.277770995999958 ] ] ] ] } },
{ "type": "Feature", "properties": { "Name": "SST : 0 - 60", "FromBreak": 0.0, "ToBreak": 60.0, "IATA": "SST" }, "geometry": { "type": "MultiPolygon", "coordinates": [ [ [ [ -57.346725317513346, -36.280666631709607 ], [ -57.344411579087705, -36.2823247782257 ], [ -57.344391346696057, -36.282137706258879 ], [ -57.333697523208514, -36.289048547270511 ], [ -57.333665284705887, -36.289042176074247 ], [ -57.326741347571158, -36.305372967573362 ], [ -57.320385328102702, -36.321692536236242 ], [ -57.320328691123052, -36.321716913330022 ], [ -57.321630036603153, -36.327703418782448 ], [ -57.321628590139937, -36.327778412292162 ], [ -57.321566476744806, -36.327812491544933 ], [ -57.321514110078226, -36.32797673211752 ], [ -57.321509896651207, -36.32801164000449 ], [ -57.311357572907127, -36.335313310181334 ], [ -57.304352100211759, -36.344484390872594 ], [ -57.292550282032153, -36.368708514593663 ], [ -57.277606613341504, -36.395704397333645 ], [ -57.270131470782303, -36.394693736564022 ], [ -57.270114591505148, -36.394718778357685 ], [ -57.270105638965447, -36.394720474236237 ], [ -57.242236458742411, -36.390659005236841 ], [ -57.238722167637832, -36.393285012170622 ], [ -57.23871487207515, -36.393286350141125 ], [ -57.231763705933361, -36.390692203207436 ], [ -57.231372681188873, -36.391526162831781 ], [ -57.231224359247221, -36.391839469731849 ], [ -57.231253769909358, -36.391991572601171 ], [ -57.208823039611673, -36.388266630506848 ], [ -57.199733899146679, -36.384117807360212 ], [ -57.192252943137987, -36.381705384045233 ], [ -57.188578364071986, -36.380766241650292 ], [ -57.184790196469351, -36.380096169845558 ], [ -57.17689062281255, -36.377701677363689 ], [ -57.158923090085466, -36.358352878217147 ], [ -57.144824759167136, -36.351800029131766 ], [ -57.127546339109472, -36.358230732984225 ], [ -57.127107212815758, -36.358649791751873 ], [ -57.099014510467441, -36.364520191486463 ], [ -57.090806381035691, -36.344544394464549 ], [ -57.090759027406477, -36.344545871022774 ], [ -57.043411388126174, -36.346280224227939 ], [ -57.030377540748418, -36.345225931703169 ], [ -56.982355538852687, -36.330247382405048 ], [ -56.981384276999904, -36.330627440999876 ], [ -56.980285644999924, -36.330810547 ], [ -56.979187011999898, -36.331604003999928 ], [ -56.979003905999832, -36.333618163999972 ], [ -56.978210448999846, -36.333190917999957 ], [ -56.977722168000014, -36.332824706999872 ], [ -56.977478026999904, -36.33178710899989 ], [ -56.975708007999913, -36.331481933999953 ], [ -56.974182128999871, -36.331604003999928 ], [ -56.97210693400001, -36.331909179999968 ], [ -56.971679687999767, -36.332519531 ], [ -56.97131347699991, -36.332824706999872 ], [ -56.971008300999983, -36.333312987999932 ], [ -56.971496581999872, -36.334289550999813 ], [ -56.971496581999872, -36.334899901999961 ], [ -56.971374511999898, -36.336120604999905 ], [ -56.969909668000014, -36.334411620999902 ], [ -56.969482421999942, -36.334106444999861 ], [ -56.969116210999914, -36.333190917999957 ], [ -56.966674804999968, -36.332702636999898 ], [ -56.965576171999942, -36.332275390999882 ], [ -56.96459960899989, -36.332519531 ], [ -56.963806151999847, -36.332580566 ], [ -56.96350097699991, -36.33288574199986 ], [ -56.962280272999806, -36.33288574199986 ], [ -56.960021972999925, -36.33288574199986 ], [ -56.957702636999954, -36.33288574199986 ], [ -56.955200194999861, -36.332702636999898 ], [ -56.953186034999987, -36.333618163999972 ], [ -56.952575683999953, -36.333923339999899 ], [ -56.952087401999961, -36.334411620999902 ], [ -56.952819823999903, -36.335083008000026 ], [ -56.953186034999987, -36.335876464999842 ], [ -56.953002930000025, -36.337097167999957 ], [ -56.952697753999928, -36.336914063 ], [ -56.952026366999974, -36.335815429999855 ], [ -56.951110839999899, -36.335205078 ], [ -56.950805663999859, -36.334106444999861 ], [ -56.950500487999932, -36.333312987999932 ], [ -56.947875977000024, -36.333312987999932 ], [ -56.94641113299997, -36.333190917999957 ], [ -56.945129394999867, -36.333312987999932 ], [ -56.944702147999806, -36.33367919899996 ], [ -56.944274901999961, -36.33367919899996 ], [ -56.943603515999826, -36.333801269999924 ], [ -56.943481444999861, -36.334777831999986 ], [ -56.943908690999876, -36.336608886999898 ], [ -56.943176269999924, -36.337707519999924 ], [ -56.942993163999802, -36.338684081999986 ], [ -56.942199706999872, -36.33959960899989 ], [ -56.941894531, -36.33959960899989 ], [ -56.941406249999773, -36.339111327999888 ], [ -56.941528319999748, -36.337585448999846 ], [ -56.941528319999748, -36.337097167999957 ], [ -56.94201660199991, -36.336486816 ], [ -56.94171142599987, -36.335876464999842 ], [ -56.94122314499981, -36.335327147999976 ], [ -56.939575194999861, -36.334899901999961 ], [ -56.938720702999944, -36.334899901999961 ], [ -56.93780517599987, -36.334411620999902 ], [ -56.937011718999941, -36.334289550999813 ], [ -56.935913085999914, -36.334411620999902 ], [ -56.93499755900001, -36.334106444999861 ], [ -56.934509277000018, -36.334411620999902 ], [ -56.932189940999876, -36.334594727000024 ], [ -56.930908202999888, -36.333801269999924 ], [ -56.930114745999845, -36.333007813 ], [ -56.928894043000014, -36.33288574199986 ], [ -56.92742919899996, -36.333190917999957 ], [ -56.927001952999888, -36.333618163999972 ], [ -56.925781249999943, -36.33367919899996 ], [ -56.924926758000026, -36.334106444999861 ], [ -56.924316405999889, -36.336914063 ], [ -56.923400878999985, -36.336975097999982 ], [ -56.92352294899996, -36.335876464999842 ], [ -56.922607421999885, -36.335510253999928 ], [ -56.921813964999956, -36.335510253999928 ], [ -56.921203612999989, -36.335327147999976 ], [ -56.921081543000014, -36.334777831999986 ], [ -56.919799805000025, -36.334411620999902 ], [ -56.919189452999888, -36.334777831999986 ], [ -56.91857910199991, -36.334716797 ], [ -56.917602538999859, -36.335388183999953 ], [ -56.916809081999929, -36.33569335899989 ], [ -56.915893555000025, -36.336486816 ], [ -56.914978026999847, -36.336486816 ], [ -56.913513183999896, -36.337524413999859 ], [ -56.913513183999896, -36.338012694999861 ], [ -56.913879394999924, -36.338989257999913 ], [ -56.914978026999847, -36.339721679999855 ], [ -56.914611815999933, -36.341491698999846 ], [ -56.9152221679999, -36.343078612999875 ], [ -56.915893555000025, -36.346008300999983 ], [ -56.917785644999981, -36.348999022999919 ], [ -56.921875, -36.348693847999982 ], [ -56.923583983999947, -36.348510741999917 ], [ -56.919982909999987, -36.351806640999882 ], [ -56.920227050999927, -36.354187011999898 ], [ -56.921081543000014, -36.357910155999946 ], [ -56.921691894999981, -36.361206054999968 ], [ -56.920410155999889, -36.364074706999929 ], [ -56.919311522999863, -36.359497069999975 ], [ -56.916381835999914, -36.350708007999913 ], [ -56.913879394999924, -36.349975585999971 ], [ -56.912719726999967, -36.347900390999882 ], [ -56.910888671999828, -36.346801757999913 ], [ -56.910888671999828, -36.342224120999958 ], [ -56.910400391, -36.341674804999911 ], [ -56.908386229999962, -36.341125487999932 ], [ -56.906799315999933, -36.341308593999884 ], [ -56.906677245999958, -36.343383788999915 ], [ -56.903198241999974, -36.344177246000015 ], [ -56.901123046999942, -36.345397948999846 ], [ -56.901611327999944, -36.344177246000015 ], [ -56.903320312999938, -36.342712401999961 ], [ -56.902709960999971, -36.340820313 ], [ -56.904296875, -36.339416503999928 ], [ -56.904785156, -36.338317870999902 ], [ -56.905090331999929, -36.337402343999884 ], [ -56.904418944999975, -36.336608886999898 ], [ -56.902893065999933, -36.334899901999961 ], [ -56.900390624999943, -36.334106444999861 ], [ -56.898376464999899, -36.333496094 ], [ -56.897705077999944, -36.33367919899996 ], [ -56.895202637000011, -36.333496094 ], [ -56.892211913999915, -36.333190917999957 ], [ -56.891784668000014, -36.333496094 ], [ -56.891601562999881, -36.333923339999899 ], [ -56.894409179999911, -36.334899901999961 ], [ -56.896118163999915, -36.335205078 ], [ -56.896484374999829, -36.335510253999928 ], [ -56.894897460999914, -36.33569335899989 ], [ -56.893310546999885, -36.335876464999842 ], [ -56.892089843999941, -36.335510253999928 ], [ -56.891601562999881, -36.335876464999842 ], [ -56.890502929999911, -36.335815429999855 ], [ -56.888610839999956, -36.334411620999902 ], [ -56.888610839999956, -36.332580566 ], [ -56.889404296999885, -36.331909179999968 ], [ -56.889099121000015, -36.331481933999953 ], [ -56.887878418000014, -36.331176758000026 ], [ -56.886901854999962, -36.330627440999876 ], [ -56.884704589999956, -36.330627440999876 ], [ -56.881774902000018, -36.330017089999899 ], [ -56.880798339999956, -36.330078124999886 ], [ -56.880920409999931, -36.330993651999961 ], [ -56.882385253999985, -36.331298828 ], [ -56.882812499999886, -36.332580566 ], [ -56.882812499999886, -36.33367919899996 ], [ -56.88140869099982, -36.33367919899996 ], [ -56.880187987999989, -36.333923339999899 ], [ -56.879089354999792, -36.333007813 ], [ -56.877990722999812, -36.331604003999928 ], [ -56.879211425999927, -36.330017089999899 ], [ -56.878417969, -36.329711913999972 ], [ -56.87780761699986, -36.32922363299997 ], [ -56.875488280999889, -36.329284667999957 ], [ -56.875183104999962, -36.329101563 ], [ -56.872802734, -36.32897949199986 ], [ -56.870605469, -36.32922363299997 ], [ -56.870178222999925, -36.329711913999972 ], [ -56.87078857399996, -36.331115722999868 ], [ -56.871887206999929, -36.331604003999928 ], [ -56.873291016, -36.332824706999872 ], [ -56.872802734, -36.333801269999924 ], [ -56.871826171999942, -36.333984374999886 ], [ -56.87078857399996, -36.333190917999957 ], [ -56.869201659999931, -36.33288574199986 ], [ -56.868591308999896, -36.332275390999882 ], [ -56.869201659999931, -36.330810547 ], [ -56.868713378999871, -36.330505370999902 ], [ -56.867675780999889, -36.329895019999924 ], [ -56.865905761999898, -36.329101563 ], [ -56.865112304999911, -36.328491210999857 ], [ -56.862426757999913, -36.328186034999931 ], [ -56.861328124999886, -36.328796386999898 ], [ -56.859802246000015, -36.328796386999898 ], [ -56.859375, -36.32897949199986 ], [ -56.857788085999971, -36.329101563 ], [ -56.858276366999974, -36.330505370999902 ], [ -56.860595702999774, -36.332580566 ], [ -56.860290526999904, -36.333801269999924 ], [ -56.859619140999882, -36.333312987999932 ], [ -56.858276366999974, -36.331909179999968 ], [ -56.856079101999967, -36.329711913999972 ], [ -56.855407715000013, -36.32897949199986 ], [ -56.854492187999938, -36.32897949199986 ], [ -56.853881835999971, -36.329406737999932 ], [ -56.854492187999938, -36.330688477000024 ], [ -56.855590819999975, -36.331909179999968 ], [ -56.855285644999867, -36.333190917999957 ], [ -56.855895996000015, -36.334594727000024 ], [ -56.856689452999944, -36.335998534999817 ], [ -56.855590819999975, -36.336425781 ], [ -56.854003905999946, -36.334411620999902 ], [ -56.853576659999874, -36.332214354999905 ], [ -56.851379394999867, -36.332092284999931 ], [ -56.849914550999927, -36.331176758000026 ], [ -56.84851074199986, -36.330505370999902 ], [ -56.846191405999889, -36.330810547 ], [ -56.84460449199986, -36.330688477000024 ], [ -56.84381103499976, -36.330810547 ], [ -56.842712401999961, -36.331726073999903 ], [ -56.841796874999886, -36.331726073999903 ], [ -56.840881347999982, -36.331909179999968 ], [ -56.839721679999968, -36.332397461000028 ], [ -56.839416503999928, -36.333007813 ], [ -56.838989258000026, -36.332824706999872 ], [ -56.838989258000026, -36.332397461000028 ], [ -56.839111328, -36.33178710899989 ], [ -56.839111328, -36.331481933999953 ], [ -56.838684081999986, -36.330993651999961 ], [ -56.83758544899996, -36.331604003999928 ], [ -56.837097167999957, -36.331726073999903 ], [ -56.836608886999898, -36.33178710899989 ], [ -56.836120604999905, -36.331604003999928 ], [ -56.83569335899989, -36.330810547 ], [ -56.835205078, -36.331176758000026 ], [ -56.834899901999904, -36.331481933999953 ], [ -56.834594726999967, -36.331726073999903 ], [ -56.834228515999939, -36.331420897999976 ], [ -56.833496094, -36.331420897999976 ], [ -56.8331909179999, -36.330810547 ], [ -56.832702636999898, -36.330627440999876 ], [ -56.831298828, -36.330505370999902 ], [ -56.831115722999868, -36.33178710899989 ], [ -56.830627440999876, -36.331909179999968 ], [ -56.827575683999896, -36.33178710899989 ], [ -56.827087401999904, -36.333496094 ], [ -56.825988769999867, -36.33288574199986 ], [ -56.825195312999767, -36.331909179999968 ], [ -56.822692870999902, -36.331298828 ], [ -56.822082519999867, -36.331298828 ], [ -56.821411132999913, -36.330993651999961 ], [ -56.820983886999898, -36.331420897999976 ], [ -56.820312499999943, -36.331604003999928 ], [ -56.818786620999902, -36.331909179999968 ], [ -56.817810058999953, -36.331909179999968 ], [ -56.816894530999946, -36.331481933999953 ], [ -56.816284179999911, -36.332580566 ], [ -56.816223144999924, -36.333312987999932 ], [ -56.816711425999983, -36.333984374999886 ], [ -56.815612792999843, -36.334594727000024 ], [ -56.81420898399989, -36.334411620999902 ], [ -56.813293456999816, -36.334289550999813 ], [ -56.813293456999816, -36.333312987999932 ], [ -56.812805175999983, -36.332824706999872 ], [ -56.812194824000017, -36.332702636999898 ], [ -56.811279296999942, -36.331909179999968 ], [ -56.810791015999882, -36.331420897999976 ], [ -56.809692382999913, -36.331420897999976 ], [ -56.808715819999861, -36.331176758000026 ], [ -56.807800292999957, -36.330627440999876 ], [ -56.807678222999982, -36.32897949199986 ], [ -56.806884765999882, -36.329406737999932 ], [ -56.806518555000025, -36.329711913999972 ], [ -56.805419922, -36.329284667999957 ], [ -56.805297852000024, -36.330017089999899 ], [ -56.804687499999886, -36.330078124999886 ], [ -56.803894042999957, -36.329711913999972 ], [ -56.801818847999925, -36.329711913999972 ], [ -56.799377441, -36.32952880900001 ], [ -56.797729491999974, -36.329284667999957 ], [ -56.797723042999905, -36.329278218999889 ], [ -56.797424315999876, -36.32897949199986 ], [ -56.796997069999861, -36.328796386999898 ], [ -56.796081542999957, -36.329101563 ], [ -56.795410156, -36.32897949199986 ], [ -56.794799804999798, -36.328613280999832 ], [ -56.79498290999976, -36.330322265999939 ], [ -56.79602050799997, -36.330993651999961 ], [ -56.79498290999976, -36.330993651999961 ], [ -56.794311522999976, -36.332092284999931 ], [ -56.793701172, -36.332397461000028 ], [ -56.792175292999957, -36.332580566 ], [ -56.790405272999976, -36.332092284999931 ], [ -56.789184569999861, -36.332824706999872 ], [ -56.786499022999976, -36.333312987999932 ], [ -56.786010741999917, -36.334411620999902 ], [ -56.785888671999942, -36.333801269999924 ], [ -56.786010741999917, -36.332824706999872 ], [ -56.787780761999898, -36.332702636999898 ], [ -56.78851318400001, -36.33178710899989 ], [ -56.790100097999868, -36.331176758000026 ], [ -56.791992188, -36.331115722999868 ], [ -56.79241943400001, -36.331481933999953 ], [ -56.793212890999769, -36.331298828 ], [ -56.793579102000024, -36.330200194999861 ], [ -56.792602538999972, -36.329101563 ], [ -56.791076659999931, -36.328002929999968 ], [ -56.789611815999876, -36.328613280999832 ], [ -56.789428710999914, -36.327209472999868 ], [ -56.78771972699991, -36.326293944999861 ], [ -56.786804198999903, -36.325927733999947 ], [ -56.786315918000014, -36.324707030999832 ], [ -56.784179687999938, -36.322692870999902 ], [ -56.781616210999914, -36.320983886999898 ], [ -56.780090331999872, -36.32061767599987 ], [ -56.778076171999771, -36.320800780999832 ], [ -56.777404784999987, -36.321289062999824 ], [ -56.776611327999888, -36.322082519999924 ], [ -56.776184081999872, -36.322082519999924 ], [ -56.776184081999872, -36.32452392599987 ], [ -56.779479979999905, -36.326904296999828 ], [ -56.779785155999775, -36.329589844 ], [ -56.778015136999784, -36.330200194999861 ], [ -56.777709960999914, -36.330810547 ], [ -56.777709960999914, -36.331726073999903 ], [ -56.780090331999872, -36.33178710899989 ], [ -56.78070068400001, -36.332214354999905 ], [ -56.782897948999846, -36.332275390999882 ], [ -56.782714843999884, -36.333312987999932 ], [ -56.782409668000014, -36.334289550999813 ], [ -56.782409668000014, -36.335998534999817 ], [ -56.781982421999828, -36.335815429999855 ], [ -56.781799315999876, -36.333496094 ], [ -56.780212402000018, -36.33288574199986 ], [ -56.779296874999943, -36.332702636999898 ], [ -56.778198241999746, -36.33312988299997 ], [ -56.777709960999914, -36.332702636999898 ], [ -56.776977538999972, -36.331420897999976 ], [ -56.77679443400001, -36.330383300999927 ], [ -56.776489257999913, -36.329895019999924 ], [ -56.774902343999884, -36.331298828 ], [ -56.774291991999917, -36.333007813 ], [ -56.773010253999985, -36.333190917999957 ], [ -56.772583007999913, -36.334289550999813 ], [ -56.771484374999943, -36.336425781 ], [ -56.771789550999983, -36.337585448999846 ], [ -56.771301269999981, -36.338378905999889 ], [ -56.769409180000025, -36.337829589999899 ], [ -56.768981933999953, -36.337890624999886 ], [ -56.768920897999863, -36.337097167999957 ], [ -56.767517089999899, -36.337707519999924 ], [ -56.766601562999881, -36.336914063 ], [ -56.765197753999814, -36.337219237999932 ], [ -56.765686034999987, -36.335998534999817 ], [ -56.767028808999896, -36.335510253999928 ], [ -56.766723632999856, -36.334777831999986 ], [ -56.765808104999962, -36.333801269999924 ], [ -56.76538085899989, -36.33288574199986 ], [ -56.768981933999953, -36.332397461000028 ], [ -56.768310546999885, -36.331176758000026 ], [ -56.767395019999924, -36.330200194999861 ], [ -56.76538085899989, -36.329589844 ], [ -56.765808104999962, -36.328613280999832 ], [ -56.768310546999885, -36.328002929999968 ], [ -56.771606444999918, -36.326599120999902 ], [ -56.773010253999985, -36.325012206999872 ], [ -56.773376465000013, -36.323181151999904 ], [ -56.774108886999954, -36.322875976999853 ], [ -56.774780272999976, -36.320129394999981 ], [ -56.774902343999884, -36.317626952999888 ], [ -56.775695800999983, -36.316406249999943 ], [ -56.776184081999872, -36.315490722999868 ], [ -56.776184081999872, -36.31311035199991 ], [ -56.775817870999958, -36.312805175999983 ], [ -56.775207519999981, -36.312683104999905 ], [ -56.775207519999981, -36.312011718999884 ], [ -56.775817870999958, -36.311401366999917 ], [ -56.776428222999755, -36.310485840000013 ], [ -56.775207519999981, -36.310302733999947 ], [ -56.774780272999976, -36.309509276999847 ], [ -56.775695800999983, -36.308776854999905 ], [ -56.775817870999958, -36.307983397999806 ], [ -56.776306152000018, -36.307312011999954 ], [ -56.776306152000018, -36.305175780999946 ], [ -56.776184081999872, -36.302795409999987 ], [ -56.775512694999918, -36.301696776999961 ], [ -56.774108886999954, -36.301818847999925 ], [ -56.773986815999876, -36.301208495999958 ], [ -56.774108886999954, -36.30059814499981 ], [ -56.775512694999918, -36.298522948999903 ], [ -56.776916503999985, -36.296508788999859 ], [ -56.777709960999914, -36.295715331999929 ], [ -56.780212402000018, -36.294799804999855 ], [ -56.781921386999841, -36.294311522999863 ], [ -56.783081054999968, -36.293823241999974 ], [ -56.784912108999947, -36.292297362999932 ], [ -56.784973144999924, -36.29077148399989 ], [ -56.784949445999928, -36.290780052999878 ], [ -56.784912108999947, -36.290793553999947 ], [ -56.774169921999942, -36.29467773399989 ], [ -56.772277831999872, -36.294921874999829 ], [ -56.771484374999943, -36.295410156 ], [ -56.769409180000025, -36.295593261999954 ], [ -56.766784667999843, -36.296508788999859 ], [ -56.763977050999983, -36.297729491999974 ], [ -56.762573241999917, -36.298400878999928 ], [ -56.761596680000025, -36.299072265999882 ], [ -56.760009766, -36.299621581999929 ], [ -56.759094237999932, -36.300292968999884 ], [ -56.7570190429999, -36.301269530999946 ], [ -56.755493163999859, -36.302673340000013 ], [ -56.754268736460006, -36.303635390107445 ], [ -56.753792154113853, -36.304707837882177 ], [ -56.733509233546044, -36.326862249899648 ], [ -56.727996214091945, -36.332669338736707 ], [ -56.727294921999885, -36.33367919899996 ], [ -56.726074218999884, -36.335388183999953 ], [ -56.726013183999896, -36.336608886999898 ], [ -56.724975585999914, -36.337585448999846 ], [ -56.724609375, -36.339111327999888 ], [ -56.723083495999958, -36.340698241999917 ], [ -56.723205565999933, -36.341613769999924 ], [ -56.723022460999971, -36.342529297 ], [ -56.721923828, -36.343200683999953 ], [ -56.721191405999889, -36.344177246000015 ], [ -56.721313476999967, -36.344970702999944 ], [ -56.721008300999927, -36.345886230000019 ], [ -56.72039794899996, -36.346679687999938 ], [ -56.719787597999925, -36.347778319999975 ], [ -56.718200683999896, -36.350219727000024 ], [ -56.717285155999889, -36.352294921999942 ], [ -56.716796875, -36.352905272999806 ], [ -56.716674805000025, -36.353698730000019 ], [ -56.716186522999863, -36.354187011999898 ], [ -56.7160034179999, -36.354797362999875 ], [ -56.71569824199986, -36.356079101999967 ], [ -56.715087891, -36.357421874999943 ], [ -56.715026855000019, -36.3585815429999 ], [ -56.714477538999859, -36.360229491999917 ], [ -56.71319580099987, -36.362792969 ], [ -56.712280272999863, -36.365722655999946 ], [ -56.711486815999933, -36.367980956999816 ], [ -56.710693359, -36.36968994099982 ], [ -56.710388183999896, -36.371520995999902 ], [ -56.709228515999882, -36.374023437999824 ], [ -56.708312987999875, -36.376098633000026 ], [ -56.707580565999933, -36.377990722999982 ], [ -56.707519530999946, -36.380920409999931 ], [ -56.706787109, -36.383728026999961 ], [ -56.706909179999911, -36.384887694999804 ], [ -56.706481933999896, -36.385803222999982 ], [ -56.705200194999975, -36.388488769999867 ], [ -56.704711913999915, -36.391296387000011 ], [ -56.703979491999974, -36.394226073999846 ], [ -56.703186034999874, -36.396972656 ], [ -56.702697753999871, -36.398986815999933 ], [ -56.701599121000015, -36.401672362999818 ], [ -56.700805663999915, -36.404724120999902 ], [ -56.700500487999875, -36.408325194999975 ], [ -56.700073241999974, -36.409912109 ], [ -56.699890137000011, -36.411499022999863 ], [ -56.699523925999813, -36.412597655999889 ], [ -56.698974608999833, -36.415405272999863 ], [ -56.698608397999919, -36.418029784999931 ], [ -56.698181152000018, -36.420776366999803 ], [ -56.69812011699986, -36.423706054999911 ], [ -56.697692871000015, -36.427490233999947 ], [ -56.69702148399989, -36.427978515999939 ], [ -56.697204589999842, -36.429077147999976 ], [ -56.696777343999941, -36.431823730000019 ], [ -56.696472168000014, -36.434997558999896 ], [ -56.696228026999961, -36.437927246000015 ], [ -56.695678710999914, -36.440795897999863 ], [ -56.695312499999886, -36.443298339999899 ], [ -56.695129394999924, -36.446289063 ], [ -56.695129394999924, -36.44921875 ], [ -56.694580077999944, -36.451904296999885 ], [ -56.694580077999944, -36.454406737999818 ], [ -56.694396972999982, -36.457214354999962 ], [ -56.694396972999982, -36.459899901999847 ], [ -56.69421386699986, -36.462829589999956 ], [ -56.693908691, -36.465393065999876 ], [ -56.694091796999885, -36.466674804999968 ], [ -56.693603515999882, -36.46710205099987 ], [ -56.693481444999918, -36.468811034999874 ], [ -56.693603515999882, -36.471496581999872 ], [ -56.692810058999953, -36.473571776999961 ], [ -56.692321776999961, -36.476318358999947 ], [ -56.692199706999986, -36.479003906 ], [ -56.691406249999886, -36.481201172 ], [ -56.691284179999911, -36.48327636699986 ], [ -56.690979003999985, -36.488708495999958 ], [ -56.690429688, -36.492309569999861 ], [ -56.690124511999898, -36.495605468999884 ], [ -56.690002441, -36.49780273399989 ], [ -56.689880371000015, -36.499999999999886 ], [ -56.689819336000028, -36.50372314499981 ], [ -56.689392089999956, -36.504882812999938 ], [ -56.689392089999956, -36.507385253999871 ], [ -56.689514159999931, -36.509399413999972 ], [ -56.689392089999956, -36.512695312999824 ], [ -56.689392089999956, -36.515014647999976 ], [ -56.68920898399989, -36.516906737999875 ], [ -56.689086913999915, -36.519775390999882 ], [ -56.688903808999953, -36.521972655999889 ], [ -56.688903808999953, -36.522705078 ], [ -56.688598633000026, -36.52429199199986 ], [ -56.688598633000026, -36.525878905999889 ], [ -56.688415526999961, -36.526916503999928 ], [ -56.688415526999961, -36.529296874999886 ], [ -56.687805175999927, -36.531677246000015 ], [ -56.687683104999849, -36.533813477000024 ], [ -56.687683104999849, -36.536010741999917 ], [ -56.687622069999861, -36.538513183999953 ], [ -56.687377929999911, -36.540771483999833 ], [ -56.68719482399996, -36.543090819999975 ], [ -56.687072753999985, -36.545410155999946 ], [ -56.687011719, -36.547790526999904 ], [ -56.687011719, -36.550109862999875 ], [ -56.687072753999985, -36.552429199000017 ], [ -56.687011719, -36.555297851999967 ], [ -56.687011719, -36.557922362999875 ], [ -56.686889647999919, -36.560302734 ], [ -56.687011719, -36.5625 ], [ -56.687011719, -36.564819335999857 ], [ -56.686584472999982, -36.56530761699986 ], [ -56.686584472999982, -36.567504883000026 ], [ -56.68640136699986, -36.569885253999985 ], [ -56.68609619099982, -36.574584960999914 ], [ -56.685791015999882, -36.576904296999885 ], [ -56.685607909999931, -36.579101562999881 ], [ -56.685607909999931, -36.582214355000019 ], [ -56.68530273399989, -36.584594726999967 ], [ -56.68530273399989, -36.586486815999933 ], [ -56.685424804999968, -36.58898925799997 ], [ -56.685180663999915, -36.591796875 ], [ -56.685119628999928, -36.594116210999971 ], [ -56.684997558999953, -36.596374511999954 ], [ -56.684875487999989, -36.598693847999925 ], [ -56.684692383000026, -36.600891112999818 ], [ -56.684692383000026, -36.603271483999947 ], [ -56.684570312999881, -36.605407714999956 ], [ -56.684326171999828, -36.607788085999914 ], [ -56.684387206999816, -36.610900878999985 ], [ -56.683898925999927, -36.61468505900001 ], [ -56.683410644999924, -36.61779785199991 ], [ -56.683410644999924, -36.620178222999868 ], [ -56.683105469, -36.623718262000011 ], [ -56.682678222999812, -36.627014159999874 ], [ -56.682678222999812, -36.629272461000028 ], [ -56.682312011999898, -36.631591797 ], [ -56.681884765999882, -36.635070800999813 ], [ -56.681701659999931, -36.637329101999967 ], [ -56.681274413999859, -36.639404297 ], [ -56.680908203, -36.642211913999859 ], [ -56.680603026999904, -36.644714354999962 ], [ -56.680175780999889, -36.647827147999863 ], [ -56.679992675999927, -36.650085449000017 ], [ -56.679504394999867, -36.652404784999987 ], [ -56.679199219, -36.654724120999958 ], [ -56.679016112999875, -36.657104491999917 ], [ -56.678710937999824, -36.659301757999913 ], [ -56.67858886699986, -36.661682128999871 ], [ -56.678527831999872, -36.664001464999899 ], [ -56.678100585999971, -36.666198729999905 ], [ -56.677795409999931, -36.668518065999876 ], [ -56.677429199000017, -36.672180175999927 ], [ -56.676879883000026, -36.67547607399996 ], [ -56.676879883000026, -36.677795409999817 ], [ -56.676696776999904, -36.680297852000024 ], [ -56.676208495999902, -36.682495116999917 ], [ -56.676086425999927, -36.684875487999875 ], [ -56.67578125, -36.687072753999871 ], [ -56.67547607399996, -36.689514159999987 ], [ -56.675598144999867, -36.691894530999946 ], [ -56.675292969, -36.694091796999942 ], [ -56.675170897999863, -36.696289062999938 ], [ -56.6749877929999, -36.698608397999806 ], [ -56.674499511999898, -36.700805663999802 ], [ -56.674499511999898, -36.703125 ], [ -56.674499511999898, -36.705200194999975 ], [ -56.673583984, -36.705871581999929 ], [ -56.672973633000026, -36.709106444999975 ], [ -56.672973633000026, -36.71179199199986 ], [ -56.672790526999904, -36.714904784999931 ], [ -56.672607421999942, -36.718811034999931 ], [ -56.672607421999942, -36.721008300999927 ], [ -56.672607421999942, -36.723327636999898 ], [ -56.672485351999967, -36.725585937999881 ], [ -56.672180175999927, -36.729125977000024 ], [ -56.672119140999939, -36.732788085999971 ], [ -56.672119140999939, -36.738403319999975 ], [ -56.672119140999939, -36.740600585999971 ], [ -56.671997069999975, -36.742980956999929 ], [ -56.672302245999902, -36.745971680000025 ], [ -56.672607421999942, -36.748107909999931 ], [ -56.672607421999942, -36.750427245999902 ], [ -56.672790526999904, -36.752685546999885 ], [ -56.672790526999904, -36.755126953 ], [ -56.672790526999904, -36.75750732399996 ], [ -56.672729491999917, -36.759704589999956 ], [ -56.672729491999917, -36.762207030999889 ], [ -56.672729491999917, -36.764587402000018 ], [ -56.672912597999868, -36.766906737999989 ], [ -56.673217772999976, -36.769287108999947 ], [ -56.673278808999896, -36.773071288999972 ], [ -56.673400878999871, -36.776977538999859 ], [ -56.673706054999968, -36.780273438 ], [ -56.673889159999931, -36.782714843999941 ], [ -56.674011229999905, -36.784912108999833 ], [ -56.674011229999905, -36.787170409999987 ], [ -56.674377440999933, -36.789611815999933 ], [ -56.674377440999933, -36.791992187999881 ], [ -56.674011229999905, -36.795715331999929 ], [ -56.674072266, -36.797912597999925 ], [ -56.673889159999931, -36.800292968999884 ], [ -56.674194335999971, -36.801269530999946 ], [ -56.674072266, -36.802612305000025 ], [ -56.674499511999898, -36.804870604999905 ], [ -56.674499511999898, -36.807189940999876 ], [ -56.674804687999938, -36.809082030999832 ], [ -56.674926757999913, -36.811523437999881 ], [ -56.6749877929999, -36.81390380900001 ], [ -56.6749877929999, -36.816101073999903 ], [ -56.674804687999938, -36.818603515999939 ], [ -56.674621581999872, -36.82092285199991 ], [ -56.67468261699986, -36.823181151999961 ], [ -56.674194335999971, -36.826782227000024 ], [ -56.674011229999905, -36.828979491999917 ], [ -56.673583984, -36.831909179999855 ], [ -56.673095703, -36.833679198999846 ], [ -56.672607421999942, -36.835876465000013 ], [ -56.672302245999902, -36.838195800999983 ], [ -56.671386719, -36.840270996000015 ], [ -56.670593261999898, -36.842590331999872 ], [ -56.669677734, -36.844909667999843 ], [ -56.669006347999868, -36.847106933999839 ], [ -56.668701171999942, -36.847778319999975 ], [ -56.668823241999917, -36.849304199000017 ], [ -56.667907715000013, -36.851501465000013 ], [ -56.6671752929999, -36.853820800999983 ], [ -56.666687011999898, -36.856079101999853 ], [ -56.665893554999911, -36.858215331999872 ], [ -56.665527343999884, -36.860473633000026 ], [ -56.664611816, -36.86499023399989 ], [ -56.664442440491598, -36.865909701271903 ], [ -56.665500569436517, -36.876712091285071 ], [ -56.665730727121513, -36.880597530474404 ], [ -56.665734772582368, -36.880665824487608 ], [ -56.665785196483796, -36.881517062644434 ], [ -56.6658048337938, -36.88253897982753 ], [ -56.666076659999874, -36.882873534999874 ], [ -56.666992187999938, -36.884887694999975 ], [ -56.667785644999867, -36.885803222999982 ], [ -56.668395995999902, -36.886779784999874 ], [ -56.670410155999946, -36.890075683999896 ], [ -56.672485351999967, -36.892211913999802 ], [ -56.673522949000017, -36.893798827999831 ], [ -56.675170897999863, -36.895812987999875 ], [ -56.677307128999871, -36.898193359 ], [ -56.678710937999824, -36.899902344 ], [ -56.681213378999871, -36.9035034179999 ], [ -56.683105469, -36.905883788999859 ], [ -56.684509276999904, -36.907775878999985 ], [ -56.685913085999857, -36.909790038999915 ], [ -56.687622069999861, -36.911987304999911 ], [ -56.689086913999915, -36.914306640999882 ], [ -56.692382812999881, -36.917785644999981 ], [ -56.693908691, -36.919921874999886 ], [ -56.697509765999882, -36.923706054999911 ], [ -56.698974608999833, -36.925598144999867 ], [ -56.701110839999842, -36.928527831999986 ], [ -56.702880858999833, -36.930297851999967 ], [ -56.7042846679999, -36.932189940999933 ], [ -56.70617675799997, -36.934020996000015 ], [ -56.707702637000011, -36.935913085999971 ], [ -56.710510253999871, -36.938598632999856 ], [ -56.712585448999903, -36.9406127929999 ], [ -56.714599609, -36.942871093999884 ], [ -56.716125487999875, -36.944885253999814 ], [ -56.717407226999967, -36.946899413999859 ], [ -56.719177245999958, -36.949401854999962 ], [ -56.720581055000025, -36.951293944999918 ], [ -56.721008300999927, -36.952209472999812 ], [ -56.722290038999859, -36.953186034999987 ], [ -56.722778319999918, -36.954101562999881 ], [ -56.724121094, -36.955078124999943 ], [ -56.725402831999929, -36.957092284999874 ], [ -56.726013183999896, -36.957397460999914 ], [ -56.727600097999755, -36.95928955099987 ], [ -56.728088378999985, -36.960327147999919 ], [ -56.729187011999784, -36.961181640999939 ], [ -56.730285644999981, -36.961914062999881 ], [ -56.731994628999985, -36.963806152000018 ], [ -56.735107421999885, -36.96740722699991 ], [ -56.736877440999876, -36.969177245999902 ], [ -56.737609862999989, -36.970092772999976 ], [ -56.73889160199991, -36.971679688 ], [ -56.741088866999974, -36.973693847999925 ], [ -56.742980956999872, -36.975585938 ], [ -56.744323730000019, -36.977478026999961 ], [ -56.746276854999905, -36.979187011999954 ], [ -56.747802733999777, -36.981018065999933 ], [ -56.749572753999928, -36.983093261999954 ], [ -56.750183104999905, -36.983886718999884 ], [ -56.750671386999898, -36.984313964999899 ], [ -56.752502440999876, -36.986694336000028 ], [ -56.754028319999918, -36.988403319999861 ], [ -56.755493163999859, -36.990295409999987 ], [ -56.756896972999925, -36.992187499999943 ], [ -56.759094237999932, -36.994995116999917 ], [ -56.761291503999757, -36.997375487999875 ], [ -56.763610839999899, -37.0 ], [ -56.766784667999843, -37.004821777000018 ], [ -56.768310546999885, -37.006408690999876 ], [ -56.770080565999876, -37.009277344 ], [ -56.773193358999947, -37.013183594 ], [ -56.774719237999989, -37.014892578 ], [ -56.776428222999755, -37.017395019999924 ], [ -56.779113769999981, -37.020324706999872 ], [ -56.781677245999902, -37.023681640999882 ], [ -56.785278319999861, -37.027893066 ], [ -56.788085938, -37.031127930000025 ], [ -56.789794922, -37.033203124999886 ], [ -56.790493506999894, -37.033901709999952 ], [ -56.791381836000028, -37.034790038999802 ], [ -56.793395995999902, -37.037414550999983 ], [ -56.79522705099987, -37.039794921999942 ], [ -56.797119140999826, -37.041809081999872 ], [ -56.797912597999868, -37.043273925999927 ], [ -56.802124022999863, -37.048522949000017 ], [ -56.805297852000024, -37.051269530999889 ], [ -56.807800292999957, -37.054077147999863 ], [ -56.808898925999983, -37.055908203 ], [ -56.810607909999987, -37.05828857399996 ], [ -56.812072753999871, -37.059875487999989 ], [ -56.812988280999946, -37.061584472999982 ], [ -56.813903808999839, -37.063293456999816 ], [ -56.815124511999954, -37.065795897999919 ], [ -56.816101074000017, -37.067993163999915 ], [ -56.819091796999942, -37.072875976999967 ], [ -56.8214721679999, -37.076416015999882 ], [ -56.823303222999868, -37.078979491999974 ], [ -56.826599120999902, -37.083312987999875 ], [ -56.828186034999931, -37.085510253999871 ], [ -56.8292846679999, -37.087402343999827 ], [ -56.831909179999968, -37.090576171999885 ], [ -56.834106444999861, -37.093505859 ], [ -56.837280272999919, -37.097778319999918 ], [ -56.838378905999889, -37.098999022999863 ], [ -56.839904784999931, -37.100402831999816 ], [ -56.841369628999985, -37.10211181599982 ], [ -56.844177246000015, -37.105102538999915 ], [ -56.845886230000019, -37.10711669899996 ], [ -56.847595214999842, -37.109191894999981 ], [ -56.849182128999871, -37.111328124999886 ], [ -56.850708007999913, -37.113403319999918 ], [ -56.8546752929999, -37.118469237999932 ], [ -56.857177734, -37.120910644999867 ], [ -56.860595702999774, -37.124511718999941 ], [ -56.862976073999903, -37.127197266 ], [ -56.864624022999806, -37.128784180000025 ], [ -56.865905761999898, -37.130615234 ], [ -56.867614745999902, -37.132873534999987 ], [ -56.869384766, -37.135498046999885 ], [ -56.87109375, -37.138122558999896 ], [ -56.872619628999871, -37.140869140999939 ], [ -56.874023437999767, -37.143310546999885 ], [ -56.875610351999796, -37.145996093999884 ], [ -56.876770019999981, -37.147827147999863 ], [ -56.877990722999812, -37.149780272999976 ], [ -56.879211425999927, -37.15179443400001 ], [ -56.880187987999989, -37.153381347999868 ], [ -56.880981444999918, -37.154785155999832 ], [ -56.882385253999985, -37.156616210999914 ], [ -56.884216308999953, -37.15881347699991 ], [ -56.885803222999982, -37.160583495999902 ], [ -56.887695312999881, -37.162475586000028 ], [ -56.88977050799997, -37.164794922 ], [ -56.891601562999881, -37.166809081999872 ], [ -56.89318847699991, -37.1691284179999 ], [ -56.894592284999874, -37.171203612999932 ], [ -56.896301269999867, -37.173889159999987 ], [ -56.897888183999896, -37.176391602000024 ], [ -56.899902343999941, -37.178588866999917 ], [ -56.902587891, -37.18139648399989 ], [ -56.904724121000015, -37.183776855000019 ], [ -56.906188964999899, -37.185607909999987 ], [ -56.90850830099987, -37.188476562999938 ], [ -56.908888569999874, -37.188856831999942 ], [ -56.909301757999799, -37.189270019999867 ], [ -56.912780761999954, -37.194091796999942 ], [ -56.915893555000025, -37.199279784999931 ], [ -56.917785644999981, -37.201293944999861 ], [ -56.919494628999985, -37.203308104999905 ], [ -56.922302245999958, -37.206909179999968 ], [ -56.923583983999947, -37.208312987999932 ], [ -56.925292968999884, -37.209899901999961 ], [ -56.927612304999855, -37.212524413999972 ], [ -56.929199218999884, -37.213989258000026 ], [ -56.93109130900001, -37.216308593999884 ], [ -56.932800293000014, -37.218200683999953 ], [ -56.93420410199991, -37.220092772999919 ], [ -56.935791015999939, -37.222229003999928 ], [ -56.937377929999968, -37.224182128999871 ], [ -56.939697265999769, -37.227294921999942 ], [ -56.941406249999773, -37.229980468999827 ], [ -56.943176269999924, -37.232604980000019 ], [ -56.946228026999847, -37.236877440999933 ], [ -56.949096679999968, -37.240295409999931 ], [ -56.951293944999861, -37.243286133000026 ], [ -56.952575683999953, -37.244812011999898 ], [ -56.953979491999917, -37.246520995999902 ], [ -56.957397461000028, -37.24969482399996 ], [ -56.960876465000013, -37.253295897999919 ], [ -56.962890624999886, -37.255920409999931 ], [ -56.963439855178365, -37.256671024627167 ], [ -56.964936193684991, -37.258279354809929 ], [ -56.965284028519591, -37.258730732969752 ], [ -56.965312781655484, -37.258761896338342 ], [ -56.966109668092656, -37.259572901505692 ], [ -56.966228842795658, -37.25972171601353 ], [ -56.966768381795021, -37.260398298594282 ], [ -56.966797217366434, -37.26043593668237 ], [ -56.966865508675596, -37.260528995972606 ], [ -56.966894740594, -37.260565852011609 ], [ -56.967353013696993, -37.261097834225723 ], [ -56.967384199175115, -37.261135824628184 ], [ -56.967424404707629, -37.261188337965621 ], [ -56.967454961016472, -37.26122647023368 ], [ -56.968080457809947, -37.261992419790886 ], [ -56.968112299967061, -37.262033131542807 ], [ -56.968155371562773, -37.262092211715128 ], [ -56.968173325715497, -37.262113497986206 ], [ -56.968204169726221, -37.262154541458017 ], [ -56.968613581650231, -37.262695739971662 ], [ -56.968644851695103, -37.262739066392271 ], [ -56.968761501428617, -37.262910725307336 ], [ -56.968793276362931, -37.262952664206807 ], [ -56.968937618148402, -37.263126338810025 ], [ -56.968970840343616, -37.263168135551496 ], [ -56.96932897306408, -37.263639696969108 ], [ -56.969360432270946, -37.263680308520748 ], [ -56.969502470854252, -37.263859727227782 ], [ -56.969533851629478, -37.263901301600583 ], [ -56.969831729231089, -37.264318256936804 ], [ -56.969862612710926, -37.264357915802577 ], [ -56.969963056335644, -37.26447846394376 ], [ -56.969994843888401, -37.264518039401764 ], [ -56.970665727556138, -37.265414009086157 ], [ -56.970695117061894, -37.265455919830629 ], [ -56.970961939665131, -37.265870952538137 ], [ -56.974064194082757, -37.269647746502642 ], [ -56.978772055720356, -37.275600976578062 ], [ -56.98179134642578, -37.279658486987557 ], [ -56.98217773399989, -37.280090331999929 ], [ -56.985107422, -37.283020019999867 ], [ -56.987121581999872, -37.285400391 ], [ -56.989013672, -37.287902831999929 ], [ -56.990417479999905, -37.289794921999885 ], [ -56.991882323999789, -37.291809081999929 ], [ -56.993225097999868, -37.293212891 ], [ -56.993591308999953, -37.294494628999985 ], [ -56.994873046999885, -37.296081543000014 ], [ -56.996704102000024, -37.296997069999918 ], [ -56.998648312878288, -37.300045947301726 ], [ -56.999513626388534, -37.300250815480524 ], [ -56.999553025788487, -37.300289948551608 ], [ -57.000357715725727, -37.300521001345487 ], [ -57.000392942492226, -37.300476455020828 ], [ -57.000359454974046, -37.300323840784472 ], [ -57.000357785391429, -37.300299616439872 ], [ -57.000331941453226, -37.300296513247247 ], [ -57.000258163543492, -37.300083529505969 ], [ -57.00012953549998, -37.299067657807825 ], [ -57.000124987896015, -37.299051932607654 ], [ -57.000202629641933, -37.298910325066117 ], [ -57.000280287744886, -37.298896157478509 ], [ -57.000425898678088, -37.298930106335092 ], [ -57.000435932485402, -37.298939187990186 ], [ -57.00050716752753, -37.298983862300588 ], [ -57.00051565446131, -37.298998297420667 ], [ -57.000618336873686, -37.299388738442588 ], [ -57.000570194436193, -37.300098491015319 ], [ -57.000569421530713, -37.300109716795191 ], [ -57.000929961787904, -37.300240489907537 ], [ -57.000959871185785, -37.300253215926432 ], [ -57.001167273797137, -37.300439903374922 ], [ -57.001191682249043, -37.300416417527288 ], [ -57.001491884885752, -37.300446820053196 ], [ -57.001570938287955, -37.300631813829114 ], [ -57.002852092807757, -37.300205913724596 ], [ -57.002889412207082, -37.300161932644585 ], [ -57.003340269695116, -37.300141344377153 ], [ -57.004333082120183, -37.299961047914678 ], [ -57.005588023302892, -37.300552308984834 ], [ -57.006101083151464, -37.300452943665221 ], [ -57.006295830925978, -37.300380739464742 ], [ -57.006432321939712, -37.300550507686523 ], [ -57.014380824739987, -37.30029204147479 ], [ -57.019482463485758, -37.301435718724861 ], [ -57.019986590890539, -37.30143269471705 ], [ -57.020494744957489, -37.301495494293249 ], [ -57.020864087697305, -37.301809761621314 ], [ -57.020908930926623, -37.301871610085925 ], [ -57.021791832511099, -37.302210466701922 ], [ -57.021835230635588, -37.302269705928325 ], [ -57.027320807368142, -37.304554463456839 ], [ -57.031457777703793, -37.308344468869791 ], [ -57.031486448757505, -37.308402320092569 ], [ -57.0313602852504, -37.309705082344124 ], [ -57.031391820219881, -37.309750222221567 ], [ -57.03124488203656, -37.312561168950936 ], [ -57.031503480995241, -37.314898052794433 ], [ -57.031518579415831, -37.314926377591519 ], [ -57.031329537949432, -37.315390035116309 ], [ -57.03133944894023, -37.315428800251425 ], [ -57.030807717556229, -37.316293270070616 ], [ -57.030731188039795, -37.316801135003288 ], [ -57.032437398282298, -37.316680526915434 ], [ -57.03275833372453, -37.31678447493033 ], [ -57.033281605357217, -37.317180680620027 ], [ -57.033667992859932, -37.317292600031351 ], [ -57.033758881791073, -37.317296399280963 ], [ -57.038073329660619, -37.318002142797411 ], [ -57.038679279653934, -37.318171491003909 ], [ -57.042354938688675, -37.320097136673382 ], [ -57.042957684085877, -37.320735694567418 ], [ -57.045039202061844, -37.321691250119898 ], [ -57.045063331712015, -37.321710774531539 ], [ -57.048625327541515, -37.322830164715128 ], [ -57.054039782224947, -37.327686320325199 ], [ -57.054152724831965, -37.328738803553676 ], [ -57.057971237389836, -37.330979379290625 ], [ -57.058777191795173, -37.331301646862016 ], [ -57.062717958839244, -37.333340817388034 ], [ -57.063298199547205, -37.333588539243806 ], [ -57.063862563482871, -37.33244122226796 ], [ -57.063749722959187, -37.332398994709081 ], [ -57.064973761546185, -37.33077807851538 ], [ -57.064953529572222, -37.330746728912118 ], [ -57.065087556498838, -37.330577467355056 ], [ -57.065065555908973, -37.330551142842012 ], [ -57.065249333548479, -37.330288954715968 ], [ -57.064620728382181, -37.330150038855265 ], [ -57.065426774012337, -37.329980491943559 ], [ -57.0654109248498, -37.32996203547151 ], [ -57.065471604159711, -37.32990134442116 ], [ -57.065455601099188, -37.329884996375483 ], [ -57.065588144199921, -37.329524795425812 ], [ -57.065577669782954, -37.329511813139447 ], [ -57.065561445195385, -37.329362315625247 ], [ -57.065551684165371, -37.329350274121566 ], [ -57.06561515114106, -37.329344881534553 ], [ -57.061253068164092, -37.305321821582936 ], [ -57.061016462053942, -37.303946732600707 ], [ -57.061013797250155, -37.303943436014322 ], [ -57.060969730822308, -37.303677256882168 ], [ -57.060967445305209, -37.303674412992336 ], [ -57.060994514528772, -37.303526391567004 ], [ -57.060992715307577, -37.303523769960577 ], [ -57.06100023573515, -37.30347753667985 ], [ -57.060998353329694, -37.303475136190855 ], [ -57.060956537657262, -37.303481231783337 ], [ -57.06095455741081, -37.303478697093112 ], [ -57.061006365246783, -37.303432195286859 ], [ -57.06100454096304, -37.303429938323802 ], [ -57.061005000653552, -37.303425961261041 ], [ -57.061009226150475, -37.303408570661418 ], [ -57.061007256586436, -37.30340656451142 ], [ -57.061008778192445, -37.303387349817058 ], [ -57.061000653609483, -37.303319281270149 ], [ -57.060927038641069, -37.302972471031239 ], [ -57.060820839207111, -37.302581689315389 ], [ -57.060813057714256, -37.302573067497462 ], [ -57.045922461933628, -37.269607414024563 ], [ -57.063199008635252, -37.235385442099869 ], [ -57.071120088557279, -37.230237404664138 ], [ -57.0763595104562, -37.227557668377926 ], [ -57.072830708859385, -37.22561944043224 ], [ -57.069890022668119, -37.224004229927971 ], [ -57.055703793874216, -37.186053950988139 ], [ -57.055667685549167, -37.186058021850727 ], [ -57.051110059403356, -37.176843068443702 ], [ -57.041384773645063, -37.149591119990475 ], [ -57.025222764629405, -37.147771202010574 ], [ -57.025182313434868, -37.147738462709356 ], [ -57.022466318238571, -37.137196224101956 ], [ -57.022454698718718, -37.137210715133108 ], [ -57.011553764343887, -37.131714176496587 ], [ -57.015553572529427, -37.129275061859005 ], [ -57.016076845095995, -37.128955965342243 ], [ -57.016410385100016, -37.128821424348814 ], [ -57.016476101771673, -37.128712478872615 ], [ -57.018123881023939, -37.126817317575899 ], [ -57.020999538622107, -37.124784904848468 ], [ -57.021007581821266, -37.124784701298779 ], [ -57.022665703732287, -37.097715606025645 ], [ -57.023630896065526, -37.097445310370972 ], [ -57.023688776073129, -37.097060677177694 ], [ -57.023800620398958, -37.097397778970048 ], [ -57.024798652308846, -37.097118286506827 ], [ -57.025181817642533, -37.097019966225673 ], [ -57.036642784988544, -37.093583656687599 ], [ -57.049700664984243, -37.087521741519538 ], [ -57.066442890133317, -37.083176776476307 ], [ -57.066499316847114, -37.083163823206121 ], [ -57.073286563698673, -37.085524097950213 ], [ -57.079738647084639, -37.079536747404006 ], [ -57.084659944704129, -37.075946402095951 ], [ -57.08471088517615, -37.075931645257185 ], [ -57.098161226597767, -37.070046907601863 ], [ -57.101756534930416, -37.067329203284828 ], [ -57.10179397368961, -37.06735756443129 ], [ -57.101823559131958, -37.067317411892418 ], [ -57.102553091912284, -37.066747986264602 ], [ -57.1025465042934, -37.066733168623102 ], [ -57.102194446337364, -37.066558466588674 ], [ -57.101661257737078, -37.066229952727554 ], [ -57.101592897069622, -37.066259262781159 ], [ -57.079988737267456, -37.058787567207617 ], [ -57.083538453084202, -37.050155958458788 ], [ -57.078704505976361, -37.046866016367858 ], [ -57.081587280846463, -37.037946642893303 ], [ -57.082401589377014, -37.037189514596889 ], [ -57.082426474465251, -37.037170100684079 ], [ -57.085786151766399, -37.035978837676112 ], [ -57.092471413849353, -37.036189017211484 ], [ -57.09514848124752, -37.033662122252963 ], [ -57.095928873640673, -37.033412253462416 ], [ -57.100901813356643, -37.034458328611493 ], [ -57.100927847698586, -37.034455217679294 ], [ -57.10485153744645, -37.035431229670678 ], [ -57.104862709493943, -37.035407655393499 ], [ -57.106025037645793, -37.034395399025414 ], [ -57.111421917129803, -37.03163069171211 ], [ -57.113942997138281, -37.032009289962559 ], [ -57.121715462631187, -37.033797663688631 ], [ -57.123788540424528, -37.034611395256661 ], [ -57.125941000098351, -37.035344346505838 ], [ -57.126387224678467, -37.036607982647865 ], [ -57.127024919773589, -37.036054952378663 ], [ -57.127534798672059, -37.035782261440659 ], [ -57.13302884375679, -37.034738202017991 ], [ -57.137104231398723, -37.034014795746771 ], [ -57.137758912991671, -37.033949497331207 ], [ -57.13778884009912, -37.03395942901119 ], [ -57.137964864655032, -37.033953797006859 ], [ -57.137994872041588, -37.033967583463721 ], [ -57.138176504448552, -37.033916941124062 ], [ -57.138632817342796, -37.033989923940283 ], [ -57.138660895117823, -37.034008884205264 ], [ -57.140100421694171, -37.034879285914201 ], [ -57.140163942983293, -37.034870757675947 ], [ -57.141165967151096, -37.035212341210524 ], [ -57.141231416965468, -37.035304152076492 ], [ -57.141501020873477, -37.035344907671913 ], [ -57.141855584003167, -37.035375077129856 ], [ -57.142803515218475, -37.035803839351502 ], [ -57.142814919832858, -37.035798613189684 ], [ -57.142146530132777, -37.034824468847148 ], [ -57.142088138864494, -37.034775340654448 ], [ -57.141937109512696, -37.034521014641655 ], [ -57.141879224089166, -37.034472655339925 ], [ -57.139398351705552, -37.030837220171236 ], [ -57.139348985344668, -37.030795368821714 ], [ -57.139214501015488, -37.030751108716629 ], [ -57.139165031600783, -37.030708630759136 ], [ -57.138621864384959, -37.029859921429818 ], [ -57.138574271694722, -37.029819245131932 ], [ -57.138461110396349, -37.029780945004688 ], [ -57.138413122577049, -37.029740121995189 ], [ -57.137975077648946, -37.029052404168056 ], [ -57.137928222563801, -37.029013584901918 ], [ -57.136331562154965, -37.028505934067482 ], [ -57.136331659248924, -37.028493082004331 ], [ -57.136280021502216, -37.02845142215358 ], [ -57.136255205023929, -37.028259397987938 ], [ -57.136205174832753, -37.028217687700362 ], [ -57.133015358561181, -37.024431334651069 ], [ -57.132718958548821, -37.025168818735608 ], [ -57.132688280487514, -37.025142393688384 ], [ -57.132101472520731, -37.023561069837228 ], [ -57.131863191131799, -37.022997395517393 ], [ -57.131879499412207, -37.022953195734715 ], [ -57.131920240418879, -37.022918789600681 ], [ -57.131935953203651, -37.022877571560684 ], [ -57.131809825557696, -37.022375616318755 ], [ -57.131606494565403, -37.022240696718654 ], [ -57.131926136369373, -37.021838035038286 ], [ -57.131948126094244, -37.021782160572172 ], [ -57.132129697716323, -37.021562841887715 ], [ -57.132443029990611, -37.021077373219441 ], [ -57.132447855477722, -37.021064069263616 ], [ -57.132795085707812, -37.020519715038745 ], [ -57.13310487574239, -37.019991483574586 ], [ -57.133117464471127, -37.019958520863327 ], [ -57.133110738240021, -37.01992617210658 ], [ -57.133123779561629, -37.019890944144095 ], [ -57.133123094959728, -37.019779663807697 ], [ -57.133137905864317, -37.019739653364184 ], [ -57.133369308157569, -37.019421632845194 ], [ -57.133379314010597, -37.019394603226317 ], [ -57.133392803869242, -37.019315185595417 ], [ -57.133868442802395, -37.018689500540745 ], [ -57.136656962977611, -37.017459604959811 ], [ -57.139633290466691, -37.016142879232063 ], [ -57.137198124240626, -37.013495110289853 ], [ -57.136726913603695, -37.012817969394632 ], [ -57.136706641893056, -37.012813040483593 ], [ -57.136347281413123, -37.012220176151118 ], [ -57.136319004779637, -37.012234732235981 ], [ -57.136201108621094, -37.011764090500094 ], [ -57.136138560670588, -37.01131948233791 ], [ -57.136158315413638, -37.011265804307527 ], [ -57.136166087384709, -37.01124522370327 ], [ -57.136108385777391, -37.010836872926632 ], [ -57.135899438650597, -37.01094662441426 ], [ -57.135607494297631, -37.011125027815126 ], [ -57.135581264949167, -37.011139133405322 ], [ -57.135593749675138, -37.011162375011452 ], [ -57.135316042315537, -37.011305148669692 ], [ -57.135089689019082, -37.011443474087116 ], [ -57.135042640506242, -37.011432368429382 ], [ -57.135012656139736, -37.011425075533339 ], [ -57.134658558903027, -37.011044035866689 ], [ -57.134821055699831, -37.010959688334253 ], [ -57.134804624125252, -37.010929067698953 ], [ -57.134678658980704, -37.010728189887971 ], [ -57.134635661302411, -37.010751229483105 ], [ -57.134149802815898, -37.009774823648854 ], [ -57.134196697915684, -37.00973209052728 ], [ -57.133905684283377, -37.009103334962163 ], [ -57.133878502042421, -37.009117839804219 ], [ -57.133866630466059, -37.009095593385609 ], [ -57.133834700481543, -37.009061367975391 ], [ -57.133808531835712, -37.009032983569966 ], [ -57.133479753060556, -37.009201174887551 ], [ -57.13307093863898, -37.009460307612244 ], [ -57.133060147180402, -37.009466114322379 ], [ -57.133065249524179, -37.009475595421407 ], [ -57.132956964966525, -37.009531349462804 ], [ -57.132952458856721, -37.009533815466114 ], [ -57.132835631930618, -37.009606072048257 ], [ -57.132772038515213, -37.009591370789451 ], [ -57.132729049752243, -37.009389572609166 ], [ -57.13272185341566, -37.009376200969541 ], [ -57.132500374327265, -37.009009551535712 ], [ -57.132494188747046, -37.008993650049717 ], [ -57.132456996845917, -37.009013376865539 ], [ -57.131894612620044, -37.008107140116351 ], [ -57.131613434171356, -37.007658321488464 ], [ -57.131594572942163, -37.007668382280315 ], [ -57.131578788815887, -37.007638787673272 ], [ -57.131445388058808, -37.007688513703329 ], [ -57.131288718476924, -37.007800688360305 ], [ -57.131223360909587, -37.007786311946347 ], [ -57.131211442342476, -37.007783354756839 ], [ -57.131009042201811, -37.007529855891732 ], [ -57.130752438919046, -37.007279521554665 ], [ -57.130522705482235, -37.007112570024447 ], [ -57.130508123616721, -37.007098218534679 ], [ -57.130529140394913, -37.007070489402736 ], [ -57.130540327469816, -37.007055712853685 ], [ -57.130487752969941, -37.00702672636055 ], [ -57.130449192318849, -37.006997305229845 ], [ -57.130446758658024, -37.006984134108507 ], [ -57.130389092534926, -37.006946743391779 ], [ -57.130327060851243, -37.007072010946672 ], [ -57.130311885493199, -37.007092346050683 ], [ -57.130333711008916, -37.007108525141632 ], [ -57.130275119092857, -37.007180455048115 ], [ -57.130203220175304, -37.007188514976747 ], [ -57.130144820393923, -37.007150794680797 ], [ -57.130090118720943, -37.007121584184972 ], [ -57.130093822722699, -37.00711679102892 ], [ -57.129504863471993, -37.006733597388177 ], [ -57.129480133427307, -37.006715086686597 ], [ -57.129025060567358, -37.00641786883773 ], [ -57.128997638567228, -37.006454676992746 ], [ -57.128992582073522, -37.006461432223716 ], [ -57.128953415465162, -37.006432553207219 ], [ -57.128858509074519, -37.00637068055363 ], [ -57.128757372716564, -37.006305498432425 ], [ -57.128680771516088, -37.006270494603143 ], [ -57.128677584882269, -37.006253101031689 ], [ -57.128794290564258, -37.005711729832967 ], [ -57.12890294398386, -37.005595202393465 ], [ -57.128914799424876, -37.005593782927747 ], [ -57.128923045785086, -37.005600173755511 ], [ -57.128943081842749, -37.0055951034945 ], [ -57.128948204480025, -37.005588239881376 ], [ -57.129411530705852, -37.005214845492901 ], [ -57.129414644076235, -37.005210731642819 ], [ -57.12941896707531, -37.005205809730001 ], [ -57.129496982662715, -37.005197089536978 ], [ -57.129634414408372, -37.004981077858588 ], [ -57.129792780479306, -37.005080201352996 ], [ -57.129841456670192, -37.005076134537092 ], [ -57.129918726426183, -37.005169906568426 ], [ -57.129983752504245, -37.005239877538656 ], [ -57.130013423247249, -37.005261361216355 ], [ -57.130037644892752, -37.005266930759376 ], [ -57.130041213750928, -37.005269042691623 ], [ -57.130084301117677, -37.005297195562946 ], [ -57.130101193541577, -37.005331781838038 ], [ -57.130147125879148, -37.005292243136296 ], [ -57.130137319410721, -37.005228152363543 ], [ -57.130190502151152, -37.005244851992245 ], [ -57.130182270975411, -37.005194292433202 ], [ -57.130242027689405, -37.005155806871869 ], [ -57.13034691618833, -37.005084941838845 ], [ -57.130356552249737, -37.005075453869154 ], [ -57.130816735222595, -37.004603928060078 ], [ -57.130730111783862, -37.0044717271075 ], [ -57.130741561626905, -37.004440621259562 ], [ -57.130801658307746, -37.004317575704135 ], [ -57.131110317903165, -37.003973763283341 ], [ -57.131253430123195, -37.003905292200159 ], [ -57.131384610620501, -37.003842521890874 ], [ -57.131608849950453, -37.003788510734068 ], [ -57.131697280573178, -37.003751798991061 ], [ -57.131738882581089, -37.003729892595175 ], [ -57.131734805848964, -37.003684318134106 ], [ -57.131719555803556, -37.003680724825244 ], [ -57.131733249217007, -37.003673168665102 ], [ -57.13153080321365, -37.003599505554917 ], [ -57.131527648197107, -37.003603121885703 ], [ -57.131318428709505, -37.003531842320683 ], [ -57.131305900471773, -37.003532766447051 ], [ -57.131301675126565, -37.003534534446487 ], [ -57.131097243108854, -37.003468864903994 ], [ -57.130904500627139, -37.003406950382498 ], [ -57.130844761266587, -37.003447303427322 ], [ -57.130646648659649, -37.003396940615858 ], [ -57.130458251627431, -37.003349047630479 ], [ -57.130437106100146, -37.003309447364757 ], [ -57.130792776221881, -37.002279628138297 ], [ -57.130775054443859, -37.0022573019574 ], [ -57.130660651943856, -37.002180010285144 ], [ -57.130047782863471, -37.001860093478058 ], [ -57.129693342436155, -37.00152646865746 ], [ -57.129600848582413, -37.001417068156911 ], [ -57.129611041872295, -37.001403419821827 ], [ -57.129606952546965, -37.0013160029647 ], [ -57.129637615878323, -37.001273975257163 ], [ -57.129635120766636, -37.001272191874648 ], [ -57.129477882911203, -37.001180250226582 ], [ -57.129473478925092, -37.001152749041239 ], [ -57.129376911744032, -37.001103052109499 ], [ -57.129217200687549, -37.001340995136047 ], [ -57.129199699236437, -37.001364671087288 ], [ -57.129224674946784, -37.001383954389723 ], [ -57.12908394636753, -37.001550738166884 ], [ -57.129077713615686, -37.001558997159236 ], [ -57.129013683272547, -37.001565712332081 ], [ -57.128681744105904, -37.002156126231569 ], [ -57.128436040202644, -37.002439342546666 ], [ -57.128804264628172, -37.002675090475236 ], [ -57.128696116743356, -37.00298119253813 ], [ -57.128376780691212, -37.002976872539818 ], [ -57.128362396013642, -37.002978295073547 ], [ -57.128209663854648, -37.002982084162852 ], [ -57.128202740017855, -37.002977012075121 ], [ -57.128280158438145, -37.00251857177534 ], [ -57.128267347355632, -37.00244242095107 ], [ -57.128216765802676, -37.002374941115704 ], [ -57.127886851688061, -37.001966708548935 ], [ -57.127895250807057, -37.001955340131303 ], [ -57.128157535234493, -37.001755626247473 ], [ -57.128200112278137, -37.001751029237482 ], [ -57.128652063723905, -37.001422104281914 ], [ -57.128301390323031, -37.001172124558252 ], [ -57.128268710124019, -37.001147537655243 ], [ -57.128059213314543, -37.001049200767397 ], [ -57.12804174739091, -37.001072564425044 ], [ -57.127711198456382, -37.000859966894609 ], [ -57.127392166706727, -37.000642081108253 ], [ -57.127380972899687, -37.000611688812455 ], [ -57.12674445002466, -37.000201202192045 ], [ -57.1267215589437, -37.000184046970844 ], [ -57.12670510805691, -37.000205834441431 ], [ -57.126631783903861, -37.000272760530038 ], [ -57.126599315341878, -37.000276837348565 ], [ -57.126070382112061, -37.000429269709343 ], [ -57.126075509566363, -37.000463333728305 ], [ -57.125794375916826, -37.000578028516543 ], [ -57.125433674452552, -37.000443146002794 ], [ -57.125428342457838, -37.000439246090025 ], [ -57.125195137092931, -37.000196356714582 ], [ -57.125203890409296, -37.000184387405113 ], [ -57.125428922989101, -36.999920995193349 ], [ -57.125468680349343, -36.999949740045793 ], [ -57.125495403397395, -36.999912708720672 ], [ -57.125566775624691, -36.999840325091554 ], [ -57.125447204519674, -36.999762627654093 ], [ -57.125456117651538, -36.999807747362695 ], [ -57.125435981100964, -36.999793630744932 ], [ -57.12542318221756, -36.99981185261089 ], [ -57.125414269085638, -36.999766732902231 ], [ -57.125366104939303, -36.999713353059121 ], [ -57.125355916240437, -36.999706843598233 ], [ -57.124888699371581, -36.999465492983973 ], [ -57.124550551384118, -36.999294216773876 ], [ -57.124546334964748, -36.999269208671251 ], [ -57.124536615359261, -36.999216254345015 ], [ -57.124706664267876, -36.999038465549859 ], [ -57.124895912857426, -36.998861762477759 ], [ -57.125179857182957, -36.998531302780009 ], [ -57.125200824201841, -36.998493007140212 ], [ -57.125215345554579, -36.998503869616741 ], [ -57.125225704772788, -36.998490039345938 ], [ -57.125258475845044, -36.998521728836806 ], [ -57.125885697714693, -36.997792791208838 ], [ -57.125446778530204, -36.997512213170353 ], [ -57.125043570704577, -36.997246831490713 ], [ -57.125026232022833, -36.997233844910795 ], [ -57.125005822484127, -36.997260745145468 ], [ -57.124973423518838, -36.997243450327005 ], [ -57.124960940951325, -36.997260138151887 ], [ -57.124711350916471, -36.997100494581957 ], [ -57.124439344496238, -36.996926674252222 ], [ -57.123994963789983, -36.996649130821197 ], [ -57.12396505428319, -36.996627094111432 ], [ -57.123654358366878, -36.996462524653623 ], [ -57.123623463140689, -36.996444087659313 ], [ -57.123113370989074, -36.996154863537754 ], [ -57.122550371305124, -36.995830847907712 ], [ -57.121504579663053, -36.994942492343114 ], [ -57.121471113511575, -36.994946593046109 ], [ -57.12146286524802, -36.994901867119495 ], [ -57.121054997113731, -36.994897165236068 ], [ -57.121041684760087, -36.994824998366425 ], [ -57.120959153397223, -36.994837436054752 ], [ -57.120938790488424, -36.994865367968202 ], [ -57.120933540096644, -36.994836908001844 ], [ -57.120866253210636, -36.994918506937722 ], [ -57.12080822364112, -36.994988493114022 ], [ -57.120403131224748, -36.995471877726175 ], [ -57.12001576316851, -36.995931774318478 ], [ -57.119997047294589, -36.995918214010146 ], [ -57.119976129985446, -36.995943746868363 ], [ -57.119963225084859, -36.995961298329007 ], [ -57.119935389272882, -36.995940732546501 ], [ -57.119360764118312, -36.99661123827309 ], [ -57.118981062948876, -36.996777326690051 ], [ -57.118935205227331, -36.996745723053891 ], [ -57.118825322343582, -36.996728321532089 ], [ -57.118785200121408, -36.99667284628822 ], [ -57.118780276563427, -36.996654414603597 ], [ -57.118777251118729, -36.996643088567396 ], [ -57.1187759585452, -36.996611587527582 ], [ -57.118267003457163, -36.995821584162343 ], [ -57.11825362115178, -36.99575687547906 ], [ -57.118079815844737, -36.995461711873304 ], [ -57.11807507577214, -36.99507289970262 ], [ -57.118063720863006, -36.995012691725663 ], [ -57.118009959438893, -36.994927874467294 ], [ -57.117997529434604, -36.994869195813976 ], [ -57.11802582190802, -36.994694677776579 ], [ -57.118432425168237, -36.994358978460582 ], [ -57.118452634894254, -36.994331058182468 ], [ -57.119437935763642, -36.994400261313785 ], [ -57.12005373586328, -36.994133437564983 ], [ -57.120103844913615, -36.994127845895662 ], [ -57.120109065457541, -36.994156148250852 ], [ -57.120246944327619, -36.99421284600021 ], [ -57.120253770726094, -36.994249870952672 ], [ -57.120589676, -36.994464101832364 ], [ -57.120658605985, -36.99450805551561 ], [ -57.120645840019563, -36.994558560842677 ], [ -57.120907394338644, -36.994624555950793 ], [ -57.120921857825351, -36.994635269259788 ], [ -57.120931862596819, -36.994621841291973 ], [ -57.12117906899141, -36.994398711983081 ], [ -57.12149749831525, -36.994027878689678 ], [ -57.121726095491738, -36.993763124540862 ], [ -57.121880208305811, -36.993584907556112 ], [ -57.12189709888878, -36.993597273137993 ], [ -57.12192030190937, -36.993569727411682 ], [ -57.121931170836262, -36.993554651373131 ], [ -57.12196183939011, -36.993576791414569 ], [ -57.122253608147105, -36.993226543901187 ], [ -57.12279457296836, -36.992564565082773 ], [ -57.1228651866885, -36.992610041055627 ], [ -57.122869352127509, -36.992607982606557 ], [ -57.122898893552644, -36.992578543208992 ], [ -57.12295745792386, -36.992510949336179 ], [ -57.122943267889923, -36.992439386256706 ], [ -57.123496701512579, -36.991878440686264 ], [ -57.123499050790485, -36.991323756456723 ], [ -57.123740298971597, -36.987109884183383 ], [ -57.123637207392221, -36.986989932473364 ], [ -57.123225763694961, -36.986290297314838 ], [ -57.122325996933228, -36.984721820043774 ], [ -57.119919390884775, -36.982288999706213 ], [ -57.119909396514799, -36.982226720459039 ], [ -57.119102733763896, -36.980532958473248 ], [ -57.119089620299803, -36.980466319118079 ], [ -57.119086115655591, -36.980455749104067 ], [ -57.1187720354921, -36.980237885814688 ], [ -57.118767669339093, -36.980229524628044 ], [ -57.118494021054232, -36.979959389260614 ], [ -57.117138608386085, -36.976399168937519 ], [ -57.117014431521113, -36.97621481594723 ], [ -57.116673376753681, -36.975697419691244 ], [ -57.115997516257664, -36.982135421844134 ], [ -57.116002418412677, -36.982160001592717 ], [ -57.115935841329929, -36.9826649369233 ], [ -57.116470650642157, -36.982870089313849 ], [ -57.116629857342559, -36.983368582380933 ], [ -57.116601827274792, -36.984521776610904 ], [ -57.114784403515387, -36.987122769612881 ], [ -57.11472402211524, -36.987130239224143 ], [ -57.113677163129637, -36.988337128712999 ], [ -57.112221389788886, -36.990037089122779 ], [ -57.1120833741914, -36.990486166032838 ], [ -57.111865194744496, -36.99079872532684 ], [ -57.111812203117609, -36.990806495787467 ], [ -57.11174596645327, -36.990968546113322 ], [ -57.111694864394224, -36.990977660136764 ], [ -57.110741197570576, -36.99301509303325 ], [ -57.110058437747625, -36.994245641463181 ], [ -57.110042579057051, -36.994267187829223 ], [ -57.105686717806179, -36.994591687387071 ], [ -57.102742393867288, -36.994846267984769 ], [ -57.074054386816385, -37.004242375499643 ], [ -57.067676286096287, -37.005315794812134 ], [ -57.053564481750698, -37.019603083641357 ], [ -57.053493081199804, -37.019620358028817 ], [ -57.05155505452484, -37.02165307011893 ], [ -57.052592144564983, -37.021916235135905 ], [ -57.052661631936132, -37.021899423616162 ], [ -57.055784963784049, -37.028215001960177 ], [ -57.053897978562816, -37.029272017211269 ], [ -57.050836817450829, -37.036621029779269 ], [ -57.04629655075712, -37.03981310821905 ], [ -57.043710580025788, -37.043391279027844 ], [ -57.042717212171681, -37.046183354108337 ], [ -57.041160731735488, -37.048339436922845 ], [ -57.040122963793522, -37.049324970052965 ], [ -57.040101132840903, -37.0493456082134 ], [ -57.037082219130866, -37.051399672285186 ], [ -57.026961596681531, -37.04925866381808 ], [ -57.016358750872939, -37.043243959406027 ], [ -57.004187259797618, -37.027696380858856 ], [ -56.990480283728687, -37.03060505125103 ], [ -56.984122120964571, -37.029792870849633 ], [ -56.984118325036832, -37.02975155530936 ], [ -56.968376070625879, -37.029305278459788 ], [ -56.976524524261265, -37.015197587187515 ], [ -56.994328171683549, -37.014289653841047 ], [ -56.998601350526144, -37.01460828857671 ], [ -56.981813759397539, -36.993084245131797 ], [ -56.981553271396876, -36.992773868530833 ], [ -56.973824442813225, -36.983135403802635 ], [ -56.973590967556163, -36.982779057012976 ], [ -56.973555932279965, -36.982753471327328 ], [ -56.970567439994511, -36.977912011892784 ], [ -56.970537688125432, -36.977887531792248 ], [ -56.960638139160949, -36.974915590491378 ], [ -56.960598024759747, -36.974888724094626 ], [ -56.956646689780086, -36.972639109061447 ], [ -56.944643094204082, -36.953733193787684 ], [ -56.941359104868127, -36.952918692719038 ], [ -56.941343677466136, -36.952895501535522 ], [ -56.94094626988533, -36.950465803878103 ], [ -56.935270042583795, -36.947166871920274 ], [ -56.935295219100567, -36.947111171225231 ], [ -56.936393871202881, -36.9400461801186 ], [ -56.885180525664794, -36.906615160195543 ], [ -56.862534169580726, -36.890630732147713 ], [ -56.862511622374825, -36.890594103767455 ], [ -56.862305934020014, -36.872360207474173 ], [ -56.863655340266519, -36.850083109522245 ], [ -56.887574041640164, -36.84289618343854 ], [ -56.887606640223282, -36.842890423127756 ], [ -56.922512560265943, -36.845156591410841 ], [ -56.939267399343635, -36.864554437851325 ], [ -56.95357540096154, -36.872831646363068 ], [ -56.956926602531553, -36.889425048188173 ], [ -56.961117783231828, -36.884095777366213 ], [ -56.963597189269308, -36.881218858909335 ], [ -56.968321792226789, -36.883550974804564 ], [ -56.974212604079469, -36.876639434454489 ], [ -56.975947251243781, -36.87548328005488 ], [ -57.011903946250925, -36.855608936954923 ], [ -57.028249716419452, -36.858336964738157 ], [ -57.03098494313673, -36.85934222654555 ], [ -57.041424327540426, -36.86669752774219 ], [ -57.044778594204331, -36.868158394338252 ], [ -57.044779026680658, -36.868156144359489 ], [ -57.037207248700668, -36.855182431632386 ], [ -57.041954285426357, -36.84849996815359 ], [ -57.036816496891277, -36.843897651769566 ], [ -57.036808013312736, -36.843839646879019 ], [ -57.028683766500365, -36.836288080637701 ], [ -57.025492876052851, -36.840208626451385 ], [ -57.024404901559706, -36.841891777002047 ], [ -57.010244253810015, -36.833684633528492 ], [ -56.997269388079587, -36.821165544305359 ], [ -56.979083486141064, -36.795081780541977 ], [ -56.943212708685508, -36.766935346243429 ], [ -56.975828333332004, -36.732256390813291 ], [ -56.980025901587396, -36.724440748997381 ], [ -56.979099093548825, -36.720845104772195 ], [ -56.974947676137106, -36.718202983373203 ], [ -57.00086480359937, -36.668578596108262 ], [ -57.011808886709446, -36.676065287651795 ], [ -57.015553966303287, -36.666690888348285 ], [ -57.018150295404041, -36.656428975876509 ], [ -57.01415032388428, -36.630078112196713 ], [ -57.014181599895267, -36.630031822147316 ], [ -57.016924301384392, -36.617864407233526 ], [ -57.016943852575366, -36.617807340969534 ], [ -57.078189439313178, -36.620764496812455 ], [ -57.084324396819, -36.62411310074441 ], [ -57.110185863017421, -36.628805820851483 ], [ -57.108155094794768, -36.62403932127495 ], [ -57.115273064314522, -36.62247824582397 ], [ -57.119922815015968, -36.62181942627376 ], [ -57.119946553872637, -36.621803297098097 ], [ -57.121291319689817, -36.620817870020915 ], [ -57.133195214805312, -36.620159817316051 ], [ -57.136121213075285, -36.620036296287083 ], [ -57.147928690029403, -36.627362825357977 ], [ -57.147405894617748, -36.635877654663545 ], [ -57.162159083952986, -36.627335829126253 ], [ -57.163656286892774, -36.626553544892829 ], [ -57.163665659919388, -36.626554160270189 ], [ -57.165474927739581, -36.627591915485539 ], [ -57.16666751665997, -36.635325205190327 ], [ -57.166639240392954, -36.635346496209877 ], [ -57.166441701769656, -36.636007219696523 ], [ -57.166105061567805, -36.637231243680219 ], [ -57.165531083805149, -36.648672171234011 ], [ -57.168832052031291, -36.651980153995055 ], [ -57.170250335323146, -36.652576784450673 ], [ -57.170279778360964, -36.652578611590457 ], [ -57.171164880643175, -36.653087115137964 ], [ -57.171321956021018, -36.652199453440232 ], [ -57.171808011328437, -36.652021725222312 ], [ -57.17316503733241, -36.649773727886043 ], [ -57.173180000160983, -36.64974505033797 ], [ -57.177363211380111, -36.649146978506792 ], [ -57.177378226174767, -36.64914694877308 ], [ -57.186171445931166, -36.6497462645263 ], [ -57.186198897207362, -36.649767179674711 ], [ -57.18420729157009, -36.655027860766268 ], [ -57.202532357305131, -36.709112544599122 ], [ -57.209597656907476, -36.732193978925068 ], [ -57.212465713367976, -36.734916965799016 ], [ -57.212204751917056, -36.738156773732328 ], [ -57.212126794157768, -36.739124615943751 ], [ -57.212052432964583, -36.73920600549576 ], [ -57.212002754197101, -36.73926036138522 ], [ -57.211504783618523, -36.739805324840745 ], [ -57.213074264847251, -36.741717801484754 ], [ -57.196374385634613, -36.769411012356954 ], [ -57.196453782780338, -36.771460479023744 ], [ -57.196497517847547, -36.77160674198484 ], [ -57.196538362232673, -36.771738717311052 ], [ -57.196578216716659, -36.771872576238025 ], [ -57.196662789612446, -36.772156613705818 ], [ -57.196854374348959, -36.772800067985543 ], [ -57.209706730442747, -36.784389527123039 ], [ -57.214393169495338, -36.813068790581781 ], [ -57.219056929244118, -36.826806787154112 ], [ -57.219068920364293, -36.826815231722037 ], [ -57.219351784724495, -36.830664750210872 ], [ -57.22035692584825, -36.843970580377004 ], [ -57.220782971216465, -36.850142060274607 ], [ -57.218946626016134, -36.853758939856846 ], [ -57.218952713708177, -36.853795007050167 ], [ -57.219188457379005, -36.853664103985864 ], [ -57.21985210081175, -36.853224884177052 ], [ -57.222080390806639, -36.851199725769959 ], [ -57.222083942518907, -36.851185772339477 ], [ -57.222071441724268, -36.850921700097444 ], [ -57.222118465979634, -36.850860355075326 ], [ -57.222119208121683, -36.85085898761497 ], [ -57.22597237031448, -36.845540328459208 ], [ -57.226544496603424, -36.844976248191642 ], [ -57.23049195313979, -36.839670824154041 ], [ -57.230514660787208, -36.839604792470425 ], [ -57.230520312496878, -36.839600462275655 ], [ -57.232280421696544, -36.827138479458313 ], [ -57.234946561663435, -36.826071333920765 ], [ -57.240630119202478, -36.824216315490105 ], [ -57.240606826192959, -36.824190677270451 ], [ -57.251698235911817, -36.804359840088125 ], [ -57.258441645750906, -36.800630171565388 ], [ -57.258479640842381, -36.800627838970684 ], [ -57.257991668803811, -36.795643242852293 ], [ -57.259531458726144, -36.771137791876754 ], [ -57.26166398925136, -36.764927864156562 ], [ -57.262401784385759, -36.763671924049618 ], [ -57.262762446686509, -36.762782295713635 ], [ -57.262763857063021, -36.762771058080943 ], [ -57.263074052297668, -36.762015790735006 ], [ -57.263448196875117, -36.761104822239645 ], [ -57.2635498483574, -36.760281074091893 ], [ -57.264772376132385, -36.756525558676913 ], [ -57.270218661691842, -36.753824650424804 ], [ -57.291010075252416, -36.725319058389175 ], [ -57.291163101129825, -36.725139980315248 ], [ -57.291191627231228, -36.725134033246945 ], [ -57.322090817329865, -36.714766249026468 ], [ -57.323367715670372, -36.714842014149895 ], [ -57.325944331789344, -36.701845573485116 ], [ -57.325988706387534, -36.701847384239215 ], [ -57.326633468395698, -36.689512010463261 ], [ -57.332051034483129, -36.68712839135577 ], [ -57.331212309692091, -36.686795147365842 ], [ -57.332432235512385, -36.685360585884439 ], [ -57.312996864827539, -36.635673585752329 ], [ -57.307755877211378, -36.621269004179567 ], [ -57.309647238596426, -36.610021861418261 ], [ -57.317295795051962, -36.600543660005201 ], [ -57.317658579406782, -36.600624567974933 ], [ -57.324239114449711, -36.597980106109276 ], [ -57.325296889974481, -36.597662144888375 ], [ -57.342151593596327, -36.595656703934196 ], [ -57.343124390975618, -36.595810586217453 ], [ -57.359766637526434, -36.592868379468712 ], [ -57.359927292889211, -36.592904898976258 ], [ -57.385896577858659, -36.600433750345871 ], [ -57.386440060176767, -36.600646391552175 ], [ -57.386462228709377, -36.60069147564792 ], [ -57.402767232612575, -36.602990076045614 ], [ -57.408495390075814, -36.606723313150042 ], [ -57.409025475495241, -36.606444501784495 ], [ -57.409042870027463, -36.606477216849385 ], [ -57.409055762952164, -36.606466573353487 ], [ -57.410764113547998, -36.605523712592571 ], [ -57.431150217690117, -36.596422058713813 ], [ -57.431466524621442, -36.596320612025238 ], [ -57.431499157881149, -36.596344802395834 ], [ -57.436692391422127, -36.59467160148256 ], [ -57.436734000797742, -36.594701387895441 ], [ -57.45057706431561, -36.590278443087186 ], [ -57.450696890050381, -36.590205842500211 ], [ -57.449704551452328, -36.578242024645874 ], [ -57.449663055099847, -36.578212319141585 ], [ -57.44939612407768, -36.573509496923464 ], [ -57.449301280696943, -36.573409101046593 ], [ -57.447328600500498, -36.563449097027899 ], [ -57.448744184250472, -36.555842363216243 ], [ -57.451322614854007, -36.542578037245164 ], [ -57.451365937600542, -36.542542193244969 ], [ -57.456494254564063, -36.534524061874265 ], [ -57.460620048026783, -36.529206223142751 ], [ -57.474586987825944, -36.496596439693121 ], [ -57.484584867336821, -36.473253532937747 ], [ -57.484517143925416, -36.472620572697792 ], [ -57.484430982322237, -36.471781347324452 ], [ -57.475557048529993, -36.469850284329084 ], [ -57.462037624726804, -36.466908309651842 ], [ -57.45507988791519, -36.465394233701204 ], [ -57.449312959284839, -36.462996709052902 ], [ -57.449120982128704, -36.435067704858398 ], [ -57.431619202665217, -36.424502587105792 ], [ -57.431671782033391, -36.42446772894516 ], [ -57.44344447227553, -36.422055747537684 ], [ -57.443973512848913, -36.421201195844731 ], [ -57.444401902322227, -36.415778733551861 ], [ -57.44357761464687, -36.393516169371537 ], [ -57.443591809286545, -36.393516639792665 ], [ -57.443518405630869, -36.388687579303223 ], [ -57.442891739261654, -36.387576682020608 ], [ -57.442892003670067, -36.387576078074744 ], [ -57.444905952474414, -36.38633972616924 ], [ -57.443272030571222, -36.384663187843216 ], [ -57.444478249986787, -36.377667773439669 ], [ -57.444467875787211, -36.37763754438663 ], [ -57.444960329465346, -36.374910763066964 ], [ -57.446583201659564, -36.372649472945113 ], [ -57.447419909249788, -36.371495648811731 ], [ -57.447619701499093, -36.371220134257101 ], [ -57.447697847940333, -36.371156714045071 ], [ -57.447708413375096, -36.371153198498632 ], [ -57.447744881422693, -36.371125083064385 ], [ -57.447755968201193, -36.371121451653153 ], [ -57.447823677016117, -36.371075992397664 ], [ -57.448425103317845, -36.370650986952 ], [ -57.453833351679009, -36.368984274407637 ], [ -57.452107909604308, -36.367512792448622 ], [ -57.452102776095558, -36.367487921473639 ], [ -57.452632337599539, -36.366427997865571 ], [ -57.448249862574414, -36.36651586069155 ], [ -57.447114376906995, -36.36643242514242 ], [ -57.446994281719753, -36.366481165703419 ], [ -57.444981644780796, -36.367002487640775 ], [ -57.438270240879831, -36.369249293877658 ], [ -57.424215671640638, -36.356708509595535 ], [ -57.434311968415614, -36.333931793630768 ], [ -57.436917624619582, -36.334205456659902 ], [ -57.439465877930957, -36.334473086535752 ], [ -57.442081792969475, -36.334747820381381 ], [ -57.449513440695796, -36.333311715949947 ], [ -57.44954716536995, -36.33332434399307 ], [ -57.464330248027863, -36.326881321210294 ], [ -57.465769990228523, -36.326057706208928 ], [ -57.465775444557323, -36.326042203920792 ], [ -57.46792723144182, -36.325548678100404 ], [ -57.468062483768676, -36.325525698790216 ], [ -57.468108108638148, -36.325517948200172 ], [ -57.468295534867366, -36.325491140670749 ], [ -57.471439741859797, -36.326029925584919 ], [ -57.471461176852983, -36.32603934257736 ], [ -57.472141494321818, -36.325881714693992 ], [ -57.472213133379455, -36.326255801053833 ], [ -57.473246818004441, -36.326634328603916 ], [ -57.492793347248721, -36.323667340825637 ], [ -57.505311428999505, -36.324690252707057 ], [ -57.505330277251971, -36.324686157332337 ], [ -57.505377893440311, -36.324693238341297 ], [ -57.519254432909804, -36.31792384636276 ], [ -57.523767992423075, -36.316950468887342 ], [ -57.52890361189435, -36.315842929817279 ], [ -57.535572816531783, -36.314404661006392 ], [ -57.535679824221518, -36.31437848599694 ], [ -57.535758475747059, -36.31437965104351 ], [ -57.535898175525915, -36.314352350650779 ], [ -57.535900187087066, -36.314177121015348 ], [ -57.53590059042557, -36.31416766069259 ], [ -57.535701549726355, -36.314155312282764 ], [ -57.535694659062699, -36.314145412905191 ], [ -57.535615523903743, -36.314144259987756 ], [ -57.53556379133903, -36.314140368151072 ], [ -57.530184535175295, -36.313591448715613 ], [ -57.527731437072703, -36.31334112540236 ], [ -57.525418058451692, -36.313105053677873 ], [ -57.523224922154839, -36.312881255302955 ], [ -57.521150387179773, -36.312669559588016 ], [ -57.519246788361613, -36.312475305393605 ], [ -57.515410278930744, -36.309606519850888 ], [ -57.515190394894091, -36.309555312296311 ], [ -57.515119207109535, -36.3095426777939 ], [ -57.515055531958694, -36.309528374501383 ], [ -57.514941922647949, -36.3095028534824 ], [ -57.51484369994597, -36.309480789317092 ], [ -57.513731173030294, -36.309241652715002 ], [ -57.509603509736735, -36.311212028046327 ], [ -57.508497469306917, -36.311086769888163 ], [ -57.507447177952486, -36.310967825266459 ], [ -57.507414852885347, -36.310966600502013 ], [ -57.505983533216067, -36.31080462886672 ], [ -57.505917566378912, -36.310782094060244 ], [ -57.50439839534863, -36.310609412835277 ], [ -57.504355283910115, -36.310608751669406 ], [ -57.502670686665738, -36.310417640123148 ], [ -57.491546461287044, -36.308046200031299 ], [ -57.491459472312329, -36.308034147311787 ], [ -57.491379628188838, -36.308023084160766 ], [ -57.491313024181636, -36.308013855400532 ], [ -57.491237139960162, -36.308019585333398 ], [ -57.49051590270642, -36.307856726964303 ], [ -57.490461465591352, -36.307830581564588 ], [ -57.490078659923995, -36.307572329379241 ], [ -57.490073203693612, -36.307568974550236 ], [ -57.484572123243595, -36.304000714750657 ], [ -57.484564524110795, -36.303971595344592 ], [ -57.481107269798429, -36.305138241755003 ], [ -57.47413547128599, -36.303096136886779 ], [ -57.471632732382318, -36.303204093934255 ], [ -57.471583455960797, -36.303199384551249 ], [ -57.470370834420976, -36.303252054116115 ], [ -57.464552297868238, -36.304144262460056 ], [ -57.458728287179952, -36.304903992665345 ], [ -57.45863884464444, -36.305051025227556 ], [ -57.455899074613228, -36.305229768833101 ], [ -57.454865912044227, -36.305063157238692 ], [ -57.454843154581738, -36.305051682391934 ], [ -57.454835223528562, -36.305048259102193 ], [ -57.454736078815188, -36.30499983262132 ], [ -57.454728114998716, -36.304996719084443 ], [ -57.454550074565645, -36.304908392068967 ], [ -57.454503081481107, -36.304866930524895 ], [ -57.454331435326594, -36.304781736514656 ], [ -57.454157453446385, -36.30459884075691 ], [ -57.454008956387213, -36.304524956993532 ], [ -57.447741811870969, -36.30274475858306 ], [ -57.447369384576177, -36.30256524210921 ], [ -57.446689341769684, -36.302237451106976 ], [ -57.446038881944219, -36.301923921135199 ], [ -57.445703761570371, -36.29980644990485 ], [ -57.438349397162654, -36.296363621017861 ], [ -57.43556032921407, -36.298224413181174 ], [ -57.43354226532432, -36.297302537176222 ], [ -57.431045219134035, -36.29645240999173 ], [ -57.431004870970639, -36.296429450821734 ], [ -57.430837138641834, -36.296378814086665 ], [ -57.430805357895508, -36.296371279510652 ], [ -57.430505247880205, -36.29632698298883 ], [ -57.424976298233616, -36.293750416195905 ], [ -57.416833654132063, -36.275042087408281 ], [ -57.41743250461451, -36.272371065545371 ], [ -57.418163562298162, -36.261377872513947 ], [ -57.41880208725604, -36.229667363986948 ], [ -57.417861022967429, -36.222944236640274 ], [ -57.4174192270562, -36.220392225493129 ], [ -57.417146795221299, -36.21807256421846 ], [ -57.417148677068326, -36.218065851944857 ], [ -57.416911174472887, -36.217928631737664 ], [ -57.416838934947862, -36.21788689551073 ], [ -57.416978421545423, -36.21663890188637 ], [ -57.417138582147174, -36.215932797140681 ], [ -57.417375442892137, -36.215153022975301 ], [ -57.41756697566376, -36.214405548800016 ], [ -57.417819086577936, -36.213518078683762 ], [ -57.416721360288705, -36.208051423063409 ], [ -57.414141129447557, -36.197270271547154 ], [ -57.413706876420747, -36.196048102115981 ], [ -57.413710313691581, -36.19600158195226 ], [ -57.413615117925815, -36.195881486585733 ], [ -57.413614830627012, -36.195834086676768 ], [ -57.413278460288154, -36.195185725447061 ], [ -57.413154739504307, -36.194975419296895 ], [ -57.41312827235663, -36.194938130553055 ], [ -57.410909407075053, -36.186488214734709 ], [ -57.408329023917247, -36.191174809663835 ], [ -57.408300693207309, -36.191214908187703 ], [ -57.403751849219418, -36.198676218984588 ], [ -57.393996121081273, -36.215395917213698 ], [ -57.387175916496915, -36.226213401890618 ], [ -57.386321680845811, -36.227504835821662 ], [ -57.384656310763262, -36.230022568675793 ], [ -57.384639862391964, -36.230081569413358 ], [ -57.381543954572066, -36.242843021256419 ], [ -57.369690233568463, -36.256814792735668 ], [ -57.363953318861547, -36.262349051331114 ], [ -57.363948994019722, -36.262366689502414 ], [ -57.361363096868388, -36.266549234607169 ], [ -57.36135944347842, -36.266563569301582 ], [ -57.360722902894736, -36.267566133605953 ], [ -57.360719412552044, -36.267579667142741 ], [ -57.360435907834812, -36.26779513900442 ], [ -57.36043260997775, -36.267808207444546 ], [ -57.36020641215282, -36.267979747346374 ], [ -57.360203234893049, -36.267992432580911 ], [ -57.360143534531119, -36.2680301978138 ], [ -57.360048206305294, -36.26817968186748 ], [ -57.359209343151065, -36.269507260658372 ], [ -57.346725317513346, -36.280666631709607 ] ] ] ] } }
]
}
