{
"type": "FeatureCollection",
"name": "Tiempos de viajeTUC Tucuman",
"crs": { "type": "name", "properties": { "name": "urn:ogc:def:crs:OGC:1.3:CRS84" } },
"features": [
{ "type": "Feature", "properties": { "Name": "TUC : 120 - 180", "FromBreak": 120.0, "ToBreak": 180.0, "IATA": "TUC" }, "geometry": { "type": "MultiPolygon", "coordinates": [ [ [ [ -65.073089825395357, -24.52786819650413 ], [ -65.072776631506486, -24.528769584612633 ], [ -65.073017154459592, -24.529406796919375 ], [ -65.072947934750175, -24.529444921662105 ], [ -65.072947395080007, -24.529445210711856 ], [ -65.072525010354411, -24.528904353953465 ], [ -65.072325182733891, -24.528832569130486 ], [ -65.072374848822676, -24.52898510848496 ], [ -65.072390974365703, -24.529021244712851 ], [ -65.072635569542797, -24.529572516733424 ], [ -65.072171190085214, -24.529546124018623 ], [ -65.071861017959009, -24.530306871149094 ], [ -65.0720832656217, -24.530338367515583 ], [ -65.072719661462372, -24.531115055653572 ], [ -65.072718196706546, -24.531117698983905 ], [ -65.0718910380171, -24.530684489451914 ], [ -65.071705988536735, -24.530615145857439 ], [ -65.071509616220567, -24.531104702582013 ], [ -65.071957683945072, -24.531416525344753 ], [ -65.071370630761692, -24.531737356580607 ], [ -65.071370450423387, -24.531737659508508 ], [ -65.071197572227675, -24.531628421002267 ], [ -65.071125492875353, -24.531870573416654 ], [ -65.071536533609674, -24.532188167839877 ], [ -65.070917501509086, -24.532567572617495 ], [ -65.071319891372639, -24.532928209096838 ], [ -65.071128938619211, -24.533619462878164 ], [ -65.07272173446836, -24.533990345162806 ], [ -65.07307545357304, -24.534109104334789 ], [ -65.074712456280736, -24.534483004936646 ], [ -65.074776648848115, -24.534444332998021 ], [ -65.07601082076485, -24.534045807376742 ], [ -65.076040049614335, -24.534116212950266 ], [ -65.076361830265512, -24.535735483825874 ], [ -65.076361041182508, -24.535735959578403 ], [ -65.076375962183931, -24.53581275105762 ], [ -65.076355663796051, -24.535808114791848 ], [ -65.077870598483628, -24.544008327318181 ], [ -65.077857627374556, -24.544003895564288 ], [ -65.077795804977541, -24.543989500228065 ], [ -65.077803636874478, -24.544064953284305 ], [ -65.077778806094727, -24.548065587966164 ], [ -65.060500036220901, -24.566608297753532 ], [ -65.078621080742266, -24.58026471221325 ], [ -65.078458907395316, -24.582931588276438 ], [ -65.077850768709425, -24.592932062184275 ], [ -65.074060680987714, -24.603352987446897 ], [ -65.011618248109414, -24.630063077809382 ], [ -65.009451692872176, -24.631789862415701 ], [ -64.994867727708765, -24.618868955628557 ], [ -64.98989393922119, -24.627456014585505 ], [ -64.984006359098487, -24.619801928356424 ], [ -64.981765254130721, -24.620106772534939 ], [ -64.985260774143626, -24.63272171041757 ], [ -64.985166727349736, -24.633274087396387 ], [ -64.980896877951409, -24.641219795343034 ], [ -64.978171422505, -24.64126105113894 ], [ -64.957646176273215, -24.656110165440225 ], [ -64.960821811744154, -24.701254371697189 ], [ -64.947856867894984, -24.706161014435622 ], [ -64.947785538659048, -24.706175060029125 ], [ -64.91912199435626, -24.702100052281423 ], [ -64.926773083518128, -24.809969023211522 ], [ -64.921336764435296, -24.820268785131759 ], [ -64.913778578932067, -24.837303657978396 ], [ -64.830357019720736, -24.870248802383912 ], [ -64.843097800886369, -24.895222241633007 ], [ -64.843120341540157, -24.895249826866745 ], [ -64.810815906065898, -24.940615338972748 ], [ -64.835257835873449, -24.974386369165416 ], [ -64.841523605533553, -24.978269027881481 ], [ -64.81975214561129, -25.05000768884895 ], [ -64.805863206707272, -25.097789126384953 ], [ -64.738676923346929, -25.070423318945814 ], [ -64.735209259437738, -25.021244951483141 ], [ -64.733701784511254, -25.020675247516976 ], [ -64.733663182980138, -25.020655065331823 ], [ -64.733061688537532, -25.020455028437425 ], [ -64.718073970374974, -25.015330778898203 ], [ -64.717403317497315, -25.015063792387366 ], [ -64.604261662647787, -24.914903022758153 ], [ -64.562009964219101, -24.941029080727731 ], [ -64.510106746817769, -24.955995966089006 ], [ -64.491255304388915, -24.939769619300932 ], [ -64.491221855214519, -24.939724742505973 ], [ -64.518705800691066, -24.90576161414134 ], [ -64.512083458899269, -24.892828806936961 ], [ -64.503486151705715, -24.887826900421771 ], [ -64.478997539668399, -24.84210831224857 ], [ -64.373490879326425, -24.852986328443137 ], [ -64.37343919760059, -24.852939274497146 ], [ -64.325768886322862, -24.818877798863468 ], [ -64.317563447368684, -24.815351679640969 ], [ -64.317535341694452, -24.815326242098934 ], [ -64.300849195128819, -24.7967084180749 ], [ -64.316590963244323, -24.816159722445491 ], [ -64.321151117325428, -24.824574947623432 ], [ -64.32117922299949, -24.824600385165354 ], [ -64.360818968616627, -24.86867470963125 ], [ -64.360870650342633, -24.868721763577298 ], [ -64.372316702639012, -24.97476632320803 ], [ -64.447286030060241, -25.009516589585814 ], [ -64.443863115819113, -25.049102043355049 ], [ -64.455554711262266, -25.053063642736504 ], [ -64.470496206137682, -25.055126785759057 ], [ -64.474903927538321, -25.053743206637819 ], [ -64.549853326594018, -25.100583697694049 ], [ -64.566459785800077, -25.194780935029598 ], [ -64.523573612059295, -25.218799656861108 ], [ -64.521427612795378, -25.215045731298289 ], [ -64.513965955870276, -25.224072024591692 ], [ -64.513890881275643, -25.224096962214958 ], [ -64.497645771040027, -25.222534594109561 ], [ -64.506298632317737, -25.226635111330893 ], [ -64.518772192235872, -25.27532849628335 ], [ -64.447095727772421, -25.300336584605134 ], [ -64.446249780725452, -25.24600673946486 ], [ -64.416389593493363, -25.211512529210665 ], [ -64.370318321795878, -25.204533855420436 ], [ -64.361319207640008, -25.197631705140054 ], [ -64.353268230675042, -25.189924927456559 ], [ -64.356486665647481, -25.198121716719982 ], [ -64.356257609518195, -25.19929229542123 ], [ -64.358312408967436, -25.199478581257097 ], [ -64.3583443330715, -25.199501268805022 ], [ -64.360377419370991, -25.201445493424956 ], [ -64.360098267150988, -25.197417454008928 ], [ -64.367816090917472, -25.204094762933266 ], [ -64.368019559564743, -25.204562821953971 ], [ -64.36514306898124, -25.212190870341658 ], [ -64.339564481378034, -25.234324221181623 ], [ -64.384323068263484, -25.279537473891367 ], [ -64.403863142165847, -25.32315082356746 ], [ -64.403894778711958, -25.323197049384248 ], [ -64.424141746766338, -25.422932595118311 ], [ -64.506273860460908, -25.406128516062154 ], [ -64.518388664363897, -25.415675732315378 ], [ -64.558469929407124, -25.483970011656027 ], [ -64.558470872327291, -25.484027870022373 ], [ -64.54501858219453, -25.505041220319242 ], [ -64.545031014911046, -25.505090156341339 ], [ -64.356440060456634, -25.718501190058646 ], [ -64.232677460677962, -25.749346612898307 ], [ -64.219480478210812, -25.760874524813232 ], [ -64.224333952141365, -25.76220946561574 ], [ -64.203240513373885, -25.796909116354186 ], [ -64.174427152244846, -25.808420510875465 ], [ -64.172497096733878, -25.810902565171943 ], [ -64.18440686038241, -25.868670608123011 ], [ -64.154993040225634, -25.866920882432566 ], [ -64.154383460302029, -25.867099644765744 ], [ -64.154330338828174, -25.867104613259471 ], [ -64.134173179171626, -25.864408967323584 ], [ -64.134148850896395, -25.864411242766437 ], [ -64.030055341658283, -25.769748238707507 ], [ -64.059870158669014, -25.868132852535496 ], [ -64.002227008122532, -25.905231535789994 ], [ -63.944643736079286, -25.873945127770753 ], [ -63.978148349515209, -25.820796637664728 ], [ -63.931831305178434, -25.79888894142573 ], [ -63.891952245696814, -25.808005453210569 ], [ -63.897353421476623, -25.81515117630471 ], [ -63.880132170247919, -25.83967484198547 ], [ -63.84938166968584, -25.822728225470485 ], [ -63.883865070196521, -25.778509392124818 ], [ -63.878158274755776, -25.743380326402701 ], [ -63.829003572572276, -25.840152190816582 ], [ -63.844423104586099, -25.826473880065862 ], [ -63.845049320222756, -25.825444176723977 ], [ -63.835547567922958, -25.843173977116294 ], [ -63.827457240474075, -25.856461127919715 ], [ -63.826856480416382, -25.867893221916063 ], [ -63.863473924026266, -25.956542392181007 ], [ -63.941481928460178, -25.978882940396204 ], [ -63.884955217268782, -26.019400043416908 ], [ -63.816133524580778, -26.010324817518892 ], [ -63.810775346955893, -25.997170915411289 ], [ -63.790337625704069, -26.024057767331954 ], [ -63.802521929212958, -26.025724490329537 ], [ -63.807770842604441, -26.020471666329684 ], [ -63.863534739710701, -26.045390550750767 ], [ -63.806187503805006, -26.026771591170416 ], [ -63.770755067518735, -26.062208964958813 ], [ -63.759302938490634, -26.094098994092747 ], [ -63.727304182285877, -26.093112623982165 ], [ -63.70054887252013, -26.072420491972935 ], [ -63.685330861084537, -26.068423493122964 ], [ -63.687660002558687, -26.050949086642675 ], [ -63.673956504391015, -26.048201226903359 ], [ -63.667459966225806, -26.049324626518512 ], [ -63.663077147633317, -26.05191421215892 ], [ -63.664067308036863, -26.065016823630344 ], [ -63.669355081000162, -26.070558192358874 ], [ -63.677495331413354, -26.069250795093296 ], [ -63.678410811118226, -26.069927310932826 ], [ -63.678002711270949, -26.070772221005996 ], [ -63.671249236658809, -26.094676451640225 ], [ -63.663830354226604, -26.08199952609607 ], [ -63.661333008506517, -26.08655613948855 ], [ -63.645564732586763, -26.088887199776707 ], [ -63.642126936660873, -26.09358403879736 ], [ -63.644901923486259, -26.099831970344894 ], [ -63.648004446891491, -26.103469259869996 ], [ -63.647939011010578, -26.103544258953491 ], [ -63.642973043517713, -26.102047815502999 ], [ -63.638624437667204, -26.105903079246104 ], [ -63.64193739642235, -26.108316066737302 ], [ -63.643742718101691, -26.108154255024601 ], [ -63.646426843186134, -26.118185407603846 ], [ -63.654612517595979, -26.129608044639895 ], [ -63.654540629911196, -26.129757848816951 ], [ -63.645559378348139, -26.11999308657488 ], [ -63.643865663492988, -26.123317870029382 ], [ -63.63848156758354, -26.121020823301535 ], [ -63.632014536731731, -26.13541794415579 ], [ -63.642629143579427, -26.152705863686379 ], [ -63.698255556192635, -26.155779064300987 ], [ -63.694077965276051, -26.191870260303517 ], [ -63.711658323594691, -26.233912583892334 ], [ -63.717564290097982, -26.251443830411461 ], [ -63.694719664921593, -26.276319063061067 ], [ -63.714383902535872, -26.318656645245085 ], [ -63.683078647005289, -26.338465910520029 ], [ -63.635406794686446, -26.343159361123583 ], [ -63.629331112539546, -26.341548148629499 ], [ -63.629273731309922, -26.341506137501028 ], [ -63.629241947111268, -26.34139480682768 ], [ -63.62918111361904, -26.341358724530664 ], [ -63.61912494482209, -26.347381439546552 ], [ -63.596226352817155, -26.334898299065969 ], [ -63.594355085170946, -26.33591637584118 ], [ -63.596291628413894, -26.338808587672304 ], [ -63.619131720118844, -26.347787308917304 ], [ -63.614688213855629, -26.356898748121637 ], [ -63.610360180938528, -26.361557313416483 ], [ -63.603702115476096, -26.365878507355717 ], [ -63.589011358167966, -26.375413056844934 ], [ -63.588976625169948, -26.375431046703227 ], [ -63.588952691016971, -26.375395301237347 ], [ -63.587058321403617, -26.378697653703512 ], [ -63.62779787262059, -26.385303510818517 ], [ -63.62783193857166, -26.385359366652153 ], [ -63.638950395872087, -26.396104029308674 ], [ -63.666772184234105, -26.377724612428949 ], [ -63.672720436223756, -26.38378635783431 ], [ -63.677949001057812, -26.391398551707312 ], [ -63.685851110161025, -26.397590029976868 ], [ -63.692236103222967, -26.415779307714843 ], [ -63.65735705897265, -26.422902505483592 ], [ -63.655243733095574, -26.42626509985439 ], [ -63.648960202189926, -26.433784265044608 ], [ -63.662884004849616, -26.452351883773645 ], [ -63.663059683435506, -26.457086384465754 ], [ -63.665465774492475, -26.460764257639937 ], [ -63.65089903156877, -26.486774943287855 ], [ -63.654688180125561, -26.497292944600076 ], [ -63.654665538701465, -26.524900246061407 ], [ -63.650294082131893, -26.539340728322941 ], [ -63.64775893220849, -26.554391524636515 ], [ -63.653110775446521, -26.551062411490307 ], [ -63.657247921882856, -26.557827804356748 ], [ -63.657213801043099, -26.564413322991186 ], [ -63.650987260090062, -26.56776943920255 ], [ -63.649545474211266, -26.579011190628989 ], [ -63.647976611010336, -26.579987101707673 ], [ -63.632671285374215, -26.600231165627463 ], [ -63.620343683368958, -26.586883030971137 ], [ -63.577563210186099, -26.605789868667046 ], [ -63.579416164585155, -26.614079586048092 ], [ -63.569109692118218, -26.614409587808041 ], [ -63.566202112070357, -26.619785001595289 ], [ -63.576131756543248, -26.630679949551734 ], [ -63.560314830805055, -26.639573171861969 ], [ -63.570959710573902, -26.669703844718754 ], [ -63.653463508293783, -26.691556983365274 ], [ -63.657840822126445, -26.700326102597785 ], [ -63.664369305337175, -26.716470274868641 ], [ -63.667586955989748, -26.727759941195245 ], [ -63.66752681059188, -26.727868697123597 ], [ -63.672314534853342, -26.741883995762294 ], [ -63.664872539694386, -26.755027409506226 ], [ -63.663544652869462, -26.774389100128587 ], [ -63.663544263907852, -26.774447870448398 ], [ -63.671016701056374, -26.796886431569305 ], [ -63.672619734609953, -26.797992159479861 ], [ -63.672664818811199, -26.798047339782954 ], [ -63.675107834166738, -26.798363881087596 ], [ -63.675159279123648, -26.798415548543915 ], [ -63.678362364132397, -26.806968880389832 ], [ -63.678408932992284, -26.807020542994678 ], [ -63.695360570173307, -26.843973048104033 ], [ -63.695370252616556, -26.844035608288152 ], [ -63.642104800595575, -26.884099073214827 ], [ -63.632919538400699, -26.934583763130718 ], [ -63.632601587237957, -26.935303148580317 ], [ -63.600014857994552, -26.97903388943331 ], [ -63.600918815890111, -26.980034136010488 ], [ -63.632776354070074, -26.998448008830792 ], [ -63.643098714745463, -27.015356369099436 ], [ -63.640098260389209, -27.022360201624849 ], [ -63.646039518285988, -27.018443404664822 ], [ -63.660117931460775, -27.042074203023617 ], [ -63.670758812899692, -27.041545240529103 ], [ -63.720791849001955, -27.024511833140821 ], [ -63.69049146549861, -27.154536570427581 ], [ -63.68894286012511, -27.160831313488757 ], [ -63.643340447362505, -27.153546829076561 ], [ -63.632499999756817, -27.167280038846116 ], [ -63.627565557846538, -27.155317461076322 ], [ -63.619441693351462, -27.151145769379809 ], [ -63.621058348746431, -27.146176366957093 ], [ -63.622744961144235, -27.140991937578917 ], [ -63.62177322164257, -27.141736744474656 ], [ -63.616561258105378, -27.150578977064356 ], [ -63.614143364539132, -27.153843211474111 ], [ -63.614121091381492, -27.15391383161932 ], [ -63.613651077002089, -27.155248128866333 ], [ -63.567136330420794, -27.148127613697795 ], [ -63.565038960529705, -27.148232816858751 ], [ -63.555997177471227, -27.143403404177775 ], [ -63.555589743145049, -27.142992377932501 ], [ -63.540470969370006, -27.1214593650202 ], [ -63.521861416996501, -27.158982255521835 ], [ -63.533221020033579, -27.1671140772184 ], [ -63.511456669200527, -27.162700823690557 ], [ -63.481369469987783, -27.148215491059659 ], [ -63.435589116061067, -27.196168396016446 ], [ -63.43551750083418, -27.196185063823236 ], [ -63.434908181034587, -27.196228935988131 ], [ -63.425731278445994, -27.201599722059314 ], [ -63.425686704295572, -27.201644465488641 ], [ -63.38201284945211, -27.2312727147945 ], [ -63.399129754459011, -27.287474000754344 ], [ -63.395030334857836, -27.289368793360723 ], [ -63.354161483058419, -27.278466632616414 ], [ -63.347367835930811, -27.252630634653599 ], [ -63.347389260033651, -27.252567083254974 ], [ -63.34902607016295, -27.24247776917548 ], [ -63.359934503320346, -27.241155846781623 ], [ -63.364259960826473, -27.231460955281534 ], [ -63.357746634880698, -27.220307651653059 ], [ -63.354994138265965, -27.22195861545606 ], [ -63.354917360866523, -27.221973269604064 ], [ -63.354861201090387, -27.221986295409124 ], [ -63.354784798431353, -27.222003161700513 ], [ -63.35344128732828, -27.222292835707606 ], [ -63.35307965608331, -27.222336438637512 ], [ -63.353030228216369, -27.222381947466147 ], [ -63.347998074466034, -27.225136039879885 ], [ -63.338342951736706, -27.222696424765957 ], [ -63.335982081529664, -27.230338300868198 ], [ -63.346494551310741, -27.241332759967577 ], [ -63.338430682987791, -27.251061902880224 ], [ -63.336848617134876, -27.251708534411023 ], [ -63.325067420982805, -27.251038930490836 ], [ -63.3233190830627, -27.235557005055568 ], [ -63.305745805825381, -27.24488808603661 ], [ -63.306157524578794, -27.244533098902707 ], [ -63.272204881602306, -27.256970552455698 ], [ -63.269770643485344, -27.257638306583885 ], [ -63.270816776972765, -27.257743330771916 ], [ -63.266170147301921, -27.266559585839559 ], [ -63.252931983644828, -27.276525536574184 ], [ -63.247795173399197, -27.273070709625927 ], [ -63.249061216394352, -27.277501022807598 ], [ -63.247912887185578, -27.279823442960321 ], [ -63.24673242339469, -27.282210853187792 ], [ -63.244748245246853, -27.279424587577807 ], [ -63.237645795478272, -27.283579723645119 ], [ -63.217790978059838, -27.279853336065116 ], [ -63.217754090668222, -27.279839128819049 ], [ -63.217199714142453, -27.279657703474243 ], [ -63.21747156555017, -27.280243063783985 ], [ -63.217736472580498, -27.279866318778829 ], [ -63.221772566470293, -27.289860481760059 ], [ -63.239627193792842, -27.316079936259484 ], [ -63.238608004500691, -27.31572482278807 ], [ -63.240250253656995, -27.317321334141582 ], [ -63.245579158595717, -27.324565127442781 ], [ -63.245580904979136, -27.324548850327574 ], [ -63.249292359694323, -27.337118653877042 ], [ -63.248585296633962, -27.343519430179981 ], [ -63.251527820368608, -27.344905116430539 ], [ -63.25253815651979, -27.34490671424345 ], [ -63.254459195868094, -27.341887600439406 ], [ -63.255919059602945, -27.342289307441831 ], [ -63.2559907741404, -27.342280466130262 ], [ -63.262444943444279, -27.345315245763686 ], [ -63.262699982195898, -27.345442914866453 ], [ -63.268942853980491, -27.352292915892065 ], [ -63.269273804140937, -27.353205080083455 ], [ -63.268943134205131, -27.352292571815212 ], [ -63.271965101231274, -27.353023023920684 ], [ -63.281198829833158, -27.341071211720475 ], [ -63.315292383362134, -27.378055067444961 ], [ -63.271881293032664, -27.397840196380685 ], [ -63.263683321508836, -27.394009267718843 ], [ -63.271855626563877, -27.408675746693689 ], [ -63.298503837143414, -27.410279590160371 ], [ -63.28073667157912, -27.427700315373954 ], [ -63.244535407717933, -27.46966312481311 ], [ -63.312552860420226, -27.520774299412437 ], [ -63.30927695403841, -27.528198095128289 ], [ -63.307515770252849, -27.530535847596411 ], [ -63.306800388150407, -27.534627484527675 ], [ -63.311947232559135, -27.53401826077345 ], [ -63.311985394740077, -27.534010810047619 ], [ -63.312382789001958, -27.533955686388026 ], [ -63.312459090350217, -27.533941310269881 ], [ -63.317197302133479, -27.53330624861951 ], [ -63.317272525318515, -27.533292716879259 ], [ -63.321399927384675, -27.533879872738623 ], [ -63.322790814281177, -27.546471888938243 ], [ -63.323970326966673, -27.547252944805678 ], [ -63.323848782226719, -27.546260131212136 ], [ -63.323841483556748, -27.546221359600167 ], [ -63.325369588148874, -27.531099601852588 ], [ -63.341977271926055, -27.547039352167701 ], [ -63.383489069595782, -27.565783240925725 ], [ -63.383492032088157, -27.565820894834587 ], [ -63.389667823683226, -27.577905864615957 ], [ -63.412728833755978, -27.566718368134445 ], [ -63.434867198079871, -27.591176665571936 ], [ -63.453768362463165, -27.580258358046763 ], [ -63.475188915697629, -27.600958601049115 ], [ -63.475190403295358, -27.601028054029371 ], [ -63.478164699867591, -27.623058267512363 ], [ -63.480323298425333, -27.625411066676577 ], [ -63.480325911245814, -27.625485961808351 ], [ -63.480535578787681, -27.627545071135046 ], [ -63.48053850300164, -27.627620585918976 ], [ -63.47583798422886, -27.635904166236855 ], [ -63.480729558145981, -27.639935589097547 ], [ -63.48593706634864, -27.635459025949274 ], [ -63.485965969382335, -27.635440256491108 ], [ -63.487394914845936, -27.635646288957844 ], [ -63.486561148033218, -27.635298127428086 ], [ -63.487615252654848, -27.634259154115739 ], [ -63.488188538828751, -27.633790750032063 ], [ -63.490375915880406, -27.631785115989999 ], [ -63.495791208856701, -27.625617076630533 ], [ -63.485421274321368, -27.606989342839256 ], [ -63.50679270649897, -27.585822809502986 ], [ -63.506854148656203, -27.585806974665161 ], [ -63.534223380868525, -27.607812811171186 ], [ -63.542735574336575, -27.617113577346174 ], [ -63.542888307913302, -27.617245870938461 ], [ -63.542925494446877, -27.617295078522034 ], [ -63.54301417458754, -27.617503125721612 ], [ -63.551767548036821, -27.62862598367434 ], [ -63.551790347219423, -27.628687127515434 ], [ -63.551846076268646, -27.629832520770151 ], [ -63.551872540117984, -27.629891537166827 ], [ -63.552227846027108, -27.630315469640493 ], [ -63.552232654514967, -27.63033533682119 ], [ -63.552270355130361, -27.630387460834299 ], [ -63.551287322353573, -27.631503634226419 ], [ -63.553965579033388, -27.644335288179661 ], [ -63.552613318204124, -27.692546520221356 ], [ -63.552585966512311, -27.69259595808785 ], [ -63.554528707811414, -27.693813745907221 ], [ -63.555335753783083, -27.694347684267427 ], [ -63.55539926245018, -27.695701639839342 ], [ -63.55539172833943, -27.695762455877855 ], [ -63.554545197705295, -27.698890839940759 ], [ -63.554538461810068, -27.698950965684105 ], [ -63.554660636291999, -27.70059697705284 ], [ -63.554654555381717, -27.70065766013812 ], [ -63.553950317137947, -27.703343526450851 ], [ -63.55420344908606, -27.703827671564397 ], [ -63.533889242338432, -27.72480932557886 ], [ -63.528903079390034, -27.723637279116303 ], [ -63.528836134483811, -27.723620483377886 ], [ -63.525238442728551, -27.722982766884058 ], [ -63.522150625655684, -27.721629288299368 ], [ -63.519078119265203, -27.722606055967447 ], [ -63.518238350996398, -27.712838403109572 ], [ -63.517188532754631, -27.710830500212808 ], [ -63.513732117333461, -27.708543749708895 ], [ -63.507302422099997, -27.709927550955058 ], [ -63.505065268259443, -27.704070787225589 ], [ -63.505335111815441, -27.703233370035775 ], [ -63.504999184510268, -27.703982982644561 ], [ -63.504592013008335, -27.703376732090874 ], [ -63.504690326802006, -27.703274513170186 ], [ -63.50449122005017, -27.70322031180018 ], [ -63.506262807401072, -27.710020253072059 ], [ -63.486390275834083, -27.718864758654092 ], [ -63.50081700867014, -27.730350374637453 ], [ -63.501067075257311, -27.73063653161762 ], [ -63.5043377564823, -27.739534162929885 ], [ -63.506852875815014, -27.73556755186496 ], [ -63.506889177827247, -27.735527799180772 ], [ -63.508957184499536, -27.73447871940067 ], [ -63.509119315533212, -27.732637324945699 ], [ -63.509198103927076, -27.732637114860324 ], [ -63.510219109233333, -27.732846719619374 ], [ -63.512670464762834, -27.73285933667745 ], [ -63.512574742611037, -27.727376903138577 ], [ -63.515309218396737, -27.726910564999969 ], [ -63.519598975597319, -27.727153054186829 ], [ -63.520539154724133, -27.744741287818215 ], [ -63.520480873832923, -27.744766704696531 ], [ -63.520407419511059, -27.744847141186938 ], [ -63.520728571959808, -27.745163478165182 ], [ -63.524812808699437, -27.759557468768321 ], [ -63.533961993697403, -27.752458398093665 ], [ -63.586947742646885, -27.818004176977809 ], [ -63.586898893628018, -27.818039359758302 ], [ -63.566679236581649, -27.840506181169587 ], [ -63.518149258097026, -27.808709282380676 ], [ -63.518162172333916, -27.808639313902916 ], [ -63.521803476226808, -27.796589356899176 ], [ -63.521828838453985, -27.796517969405897 ], [ -63.522705188040902, -27.794145909536326 ], [ -63.522730871095916, -27.794073758488764 ], [ -63.528099773088229, -27.791112089559022 ], [ -63.524591903165572, -27.786233523530541 ], [ -63.519615246716512, -27.789187126907109 ], [ -63.520894813477241, -27.793527590201279 ], [ -63.515753863694215, -27.792500463949352 ], [ -63.514485108422321, -27.788895032850064 ], [ -63.51172566249511, -27.79026684819263 ], [ -63.510388283050077, -27.794308401574369 ], [ -63.503534313839396, -27.793016288841045 ], [ -63.502209290067356, -27.798371903813575 ], [ -63.507597654678307, -27.803737587882893 ], [ -63.506157404187945, -27.807749239654072 ], [ -63.506139605053249, -27.807821177334745 ], [ -63.502795966599876, -27.814868427561066 ], [ -63.483400023765284, -27.807452485911654 ], [ -63.48744399378171, -27.791777281934003 ], [ -63.35091803205421, -27.802738556442307 ], [ -63.24443979064722, -27.819974304470406 ], [ -63.219374091570785, -27.825184695253313 ], [ -63.213645737273112, -27.835150465822494 ], [ -63.187083170225094, -27.825222355700078 ], [ -63.171037844500802, -27.835121599941658 ], [ -63.169072070831646, -27.835019903529201 ], [ -63.169070874786598, -27.835033474847535 ], [ -63.147681133286198, -27.823339684050211 ], [ -63.148067827726834, -27.823325737870448 ], [ -63.148092800906738, -27.823058970125658 ], [ -63.147910927545979, -27.822957411707193 ], [ -63.147833855376973, -27.823143400517893 ], [ -63.147799531321482, -27.823163055329076 ], [ -63.147528188125023, -27.823005274364505 ], [ -63.147645355007967, -27.823320053943348 ], [ -63.146761730078481, -27.822808155917357 ], [ -63.147564416994896, -27.823337697969691 ], [ -63.147599085194827, -27.823356668859503 ], [ -63.147753745471505, -27.8234315869135 ], [ -63.170872593486081, -27.837313851160161 ], [ -63.191848487231141, -27.849909327353316 ], [ -63.183793222418274, -27.868452117266202 ], [ -63.189820385702376, -27.874834921530862 ], [ -63.211649215161401, -27.866958322964251 ], [ -63.229046832396591, -27.870659740969245 ], [ -63.244600859793763, -27.878276512686853 ], [ -63.244629908011404, -27.878289264345767 ], [ -63.266588559873355, -27.910260165109207 ], [ -63.266618058780409, -27.910271836366292 ], [ -63.349082145040711, -28.020573070004446 ], [ -63.338486547697357, -28.030527264764714 ], [ -63.322463605753171, -28.039886100474575 ], [ -63.300352725593939, -28.035724252622458 ], [ -63.296584319261967, -28.048758745209341 ], [ -63.331455511575939, -28.055629017597482 ], [ -63.331806140186814, -28.057783407255613 ], [ -63.337450094764449, -28.058891194707087 ], [ -63.340437780375453, -28.053174941632903 ], [ -63.344649147833877, -28.033207738739236 ], [ -63.34911400499243, -28.032525798465201 ], [ -63.3580751175964, -28.028211414167117 ], [ -63.366451545010023, -28.024178530249003 ], [ -63.369267967731389, -28.023499965870826 ], [ -63.374730633827198, -28.023037485220584 ], [ -63.375815552408483, -28.049367774823111 ], [ -63.375742385247179, -28.049391018599692 ], [ -63.369746381917707, -28.048739994499385 ], [ -63.368186975872788, -28.052279882660912 ], [ -63.418499863733643, -28.050919361546391 ], [ -63.314271293991681, -28.145466669836651 ], [ -63.40343198463114, -28.227598815459714 ], [ -63.403361702600989, -28.227665657753732 ], [ -63.402525101319497, -28.228971596095164 ], [ -63.402486905899309, -28.229011700569743 ], [ -63.402145247451756, -28.229564327138974 ], [ -63.34338141807882, -28.234085157754009 ], [ -63.317132667468854, -28.253654090769601 ], [ -63.33970699358872, -28.282301564554871 ], [ -63.333795328511712, -28.307990514539426 ], [ -63.299108453243093, -28.315900439986365 ], [ -63.300249579346655, -28.338466425624745 ], [ -63.299481484297246, -28.340966957396006 ], [ -63.300304227973243, -28.338861803704901 ], [ -63.29982056511858, -28.341459484176255 ], [ -63.299604128774376, -28.341725094443973 ], [ -63.298234924851783, -28.344519877847688 ], [ -63.315792330526619, -28.360240486264161 ], [ -63.292546661995573, -28.387782271197466 ], [ -63.292487902414734, -28.387830186613826 ], [ -63.277542221364911, -28.397694034457231 ], [ -63.280246368265693, -28.39772827023296 ], [ -63.291884394282818, -28.3896198127253 ], [ -63.297494202514372, -28.391679840663414 ], [ -63.318200598002477, -28.363694181685446 ], [ -63.322304843428356, -28.378520854582973 ], [ -63.367614392290534, -28.377114274957648 ], [ -63.367951841486843, -28.376604219339924 ], [ -63.369064123148291, -28.364249023229092 ], [ -63.37507193658081, -28.366555340112825 ], [ -63.388995973503938, -28.349224004779501 ], [ -63.374150383204267, -28.315385940026374 ], [ -63.389356891617922, -28.30133849334652 ], [ -63.389397456658571, -28.301294756945993 ], [ -63.476518321385413, -28.282310093124465 ], [ -63.500027333556943, -28.313885429437164 ], [ -63.499897276239949, -28.31404307702951 ], [ -63.499831844739106, -28.314134511263603 ], [ -63.499828735833887, -28.314139210384269 ], [ -63.556659185247554, -28.304363291577204 ], [ -63.556749205268261, -28.304335707795531 ], [ -63.556730072452751, -28.304336150224174 ], [ -63.559465166788812, -28.303633740975215 ], [ -63.560773234247961, -28.301008756616625 ], [ -63.562949480652662, -28.291214699292539 ], [ -63.564642463859798, -28.291055206785131 ], [ -63.589389853290299, -28.296679540795878 ], [ -63.589527241684721, -28.298298414204055 ], [ -63.590392682733068, -28.29776467007207 ], [ -63.589724338589917, -28.296662436435156 ], [ -63.58974667787237, -28.296594711926616 ], [ -63.589799125382342, -28.296593557711446 ], [ -63.595559120640701, -28.290752802033694 ], [ -63.595605243562431, -28.290757336715558 ], [ -63.597597123990397, -28.297600256497674 ], [ -63.599634353701106, -28.299008472157198 ], [ -63.601762608745219, -28.297179027888888 ], [ -63.603187505641984, -28.289964275498505 ], [ -63.605687322291033, -28.295742996313891 ], [ -63.605444983530674, -28.299198888593878 ], [ -63.607770272441712, -28.301301503501293 ], [ -63.61125938371714, -28.302442411618983 ], [ -63.612720328328692, -28.300182382611411 ], [ -63.610546611501775, -28.297679693041744 ], [ -63.610565466631328, -28.297606749388876 ], [ -63.612197388809875, -28.294676024767398 ], [ -63.612236996521005, -28.29461067969163 ], [ -63.623733544452818, -28.297983337307755 ], [ -63.624120380727391, -28.276596565904299 ], [ -63.721695487885881, -28.269044683665129 ], [ -63.746505803631806, -28.290569503789186 ], [ -63.735033465289916, -28.266103580890672 ], [ -63.742326744986258, -28.26363315024031 ], [ -63.752634794573225, -28.265694175343413 ], [ -63.752662331289969, -28.265766387453141 ], [ -63.752072369423047, -28.269768667339918 ], [ -63.753153842671793, -28.270949948211239 ], [ -63.755693763106649, -28.269065843509395 ], [ -63.752745846102187, -28.265750179273255 ], [ -63.752718309385443, -28.265677967163526 ], [ -63.77134054820101, -28.265521312293117 ], [ -63.800534347885161, -28.244713239784517 ], [ -63.775952444946199, -28.206140530089499 ], [ -63.775968254341251, -28.20608057960618 ], [ -63.838542991657334, -28.193922587345128 ], [ -63.85229414368365, -28.191945577771662 ], [ -63.852029264324472, -28.237411772706196 ], [ -63.871337955643014, -28.263906402272312 ], [ -63.902256902688805, -28.235656579805323 ], [ -63.931469730633808, -28.259844192103799 ], [ -63.897467142478945, -28.281436711290496 ], [ -63.892142740616578, -28.294131040040554 ], [ -63.90409568363043, -28.294971708667674 ], [ -63.902236615171887, -28.30201032125143 ], [ -63.906717986613558, -28.306127470727176 ], [ -63.925141650054513, -28.304410886086146 ], [ -63.929260545189265, -28.306426656026076 ], [ -63.928097961197636, -28.304817520532367 ], [ -63.927731397490163, -28.304414618034855 ], [ -63.94229993196609, -28.297958280636522 ], [ -63.976953269730473, -28.304436488393947 ], [ -63.979285687885977, -28.306217480561827 ], [ -63.979030125384668, -28.30628173723079 ], [ -63.981004423193383, -28.307525304776618 ], [ -63.981177286383286, -28.306364399597271 ], [ -63.979303232688551, -28.30621815600955 ], [ -63.983343747679157, -28.300617873340116 ], [ -63.988932600646422, -28.307248876031395 ], [ -63.988924230641999, -28.307305086850874 ], [ -63.988971723831298, -28.307363653286131 ], [ -63.989386012518196, -28.307677995419169 ], [ -63.99192277524287, -28.31272052657323 ], [ -63.989677929793459, -28.314106198680861 ], [ -63.989280692193461, -28.317508402360431 ], [ -63.998329049983511, -28.318393432344408 ], [ -63.996512151463435, -28.313176685520375 ], [ -63.999257482863527, -28.312886379297311 ], [ -63.999194963297725, -28.311424444333227 ], [ -63.999092742425148, -28.311264249796523 ], [ -63.999733477330381, -28.310857344839974 ], [ -63.996097710886829, -28.311050784637132 ], [ -63.992174134246, -28.30485270110421 ], [ -63.993016291400124, -28.30409319153182 ], [ -64.012454190356607, -28.276714213312573 ], [ -64.012417511532078, -28.276598089873801 ], [ -64.023632446483305, -28.285624625404751 ], [ -64.023789255944621, -28.287092264525825 ], [ -64.024297827021257, -28.288702376711967 ], [ -64.025748377152638, -28.288240280828461 ], [ -64.025513909307051, -28.286230717043964 ], [ -64.028975578885138, -28.287377814878425 ], [ -64.030253103387167, -28.286568873536169 ], [ -64.028191969246905, -28.279957802650927 ], [ -64.022711312987951, -28.28210535625692 ], [ -64.012734005540608, -28.276085907331492 ], [ -64.013407391095313, -28.274559051987353 ], [ -64.011228910250679, -28.249678679171495 ], [ -64.037784699126689, -28.258174324395497 ], [ -64.075512503590858, -28.247931765608257 ], [ -64.087658351038556, -28.274786867497653 ], [ -64.085990913634532, -28.281131303863333 ], [ -64.056923127434402, -28.322509773278739 ], [ -64.05678076938301, -28.322599915826288 ], [ -64.045216035951967, -28.331064939395958 ], [ -64.044926687844338, -28.331141281835528 ], [ -64.044795298476174, -28.331183244067518 ], [ -64.015734860824011, -28.338780863531781 ], [ -64.021847886122202, -28.3623108928482 ], [ -64.041954074529372, -28.364696707463054 ], [ -64.056365970002958, -28.364181298896654 ], [ -64.058240463180425, -28.373601992669478 ], [ -64.051361078565378, -28.381786472124077 ], [ -64.051333975111049, -28.381814417437852 ], [ -64.048054587347849, -28.384986492284725 ], [ -64.052102761764502, -28.382599147672352 ], [ -64.049256455420732, -28.38788873772944 ], [ -64.048679209973898, -28.396493930405541 ], [ -64.045780335675602, -28.397879347567709 ], [ -64.04888932398535, -28.396704413247619 ], [ -64.049033417313808, -28.396646296735867 ], [ -64.049028988560622, -28.396604927549731 ], [ -64.067757037130718, -28.400535921108997 ], [ -64.071888764310643, -28.39440004294255 ], [ -64.073335852918092, -28.402073951498721 ], [ -64.073291977972531, -28.402137020442922 ], [ -64.073320537279585, -28.402237228086619 ], [ -64.068846894144713, -28.404123537753662 ], [ -64.069244376103143, -28.407913890148393 ], [ -64.069888894650489, -28.408244666159419 ], [ -64.071674335446744, -28.408019112975808 ], [ -64.070156522123284, -28.409293732881338 ], [ -64.073467196665263, -28.415653530484008 ], [ -64.090636394816272, -28.419344437617269 ], [ -64.109653213485331, -28.459137053466065 ], [ -64.098346347849031, -28.461027497672433 ], [ -64.099024792676857, -28.46556267982271 ], [ -64.098894605358169, -28.465862159367248 ], [ -64.098905742005854, -28.465939033961035 ], [ -64.091640488725886, -28.476640013077201 ], [ -64.099850581693147, -28.477782624565464 ], [ -64.12137843440189, -28.50173718218349 ], [ -64.138402893650266, -28.503922435116124 ], [ -64.128861410295031, -28.510552261293242 ], [ -64.131282530491376, -28.52044321254624 ], [ -64.129263693494863, -28.520534213199369 ], [ -64.129147406488983, -28.520531834421547 ], [ -64.124102969828414, -28.513925730798064 ], [ -64.125203527493795, -28.521174687518908 ], [ -64.125219112899458, -28.521550250314704 ], [ -64.124686864662579, -28.528282309458689 ], [ -64.132439311362191, -28.526294104611452 ], [ -64.134578607520098, -28.531924003331937 ], [ -64.130580926201503, -28.54156788825253 ], [ -64.127634170759734, -28.543848842936313 ], [ -64.122630940123713, -28.544833142292816 ], [ -64.123095245100671, -28.546764943971823 ], [ -64.124929124791436, -28.555194786988864 ], [ -64.134817947597298, -28.54831605214622 ], [ -64.14069536646258, -28.535807819559636 ], [ -64.144974174656909, -28.541314661670867 ], [ -64.148282968515446, -28.539586110692312 ], [ -64.145506473460614, -28.537910562871332 ], [ -64.144008112818483, -28.524685459066177 ], [ -64.158896962736776, -28.49835590358191 ], [ -64.195717683433031, -28.489988514236074 ], [ -64.19579502067711, -28.490002347449661 ], [ -64.197268437302796, -28.490691912778971 ], [ -64.197306822311134, -28.490698778656053 ], [ -64.202228560920503, -28.48919186868568 ], [ -64.195578650709592, -28.488572333934542 ], [ -64.205337975743703, -28.461703985450299 ], [ -64.216904817383238, -28.476381497947784 ], [ -64.227750808766586, -28.468375574116692 ], [ -64.215180402980138, -28.447832218657652 ], [ -64.26165182666, -28.401395071818797 ], [ -64.309743620123015, -28.42833778495833 ], [ -64.279194101979215, -28.386396488771766 ], [ -64.332083013236343, -28.378955182944424 ], [ -64.360280596444454, -28.353142509096529 ], [ -64.347932700162119, -28.339154420546834 ], [ -64.329861631066137, -28.337557469163528 ], [ -64.320114851708297, -28.23473992489204 ], [ -64.339530621282165, -28.221100080031761 ], [ -64.44019809082647, -28.219545532983261 ], [ -64.440344783825822, -28.219711991346003 ], [ -64.441931299275041, -28.218390203576632 ], [ -64.494549123272236, -28.240947845354128 ], [ -64.540329678232183, -28.212053534044799 ], [ -64.566213317466975, -28.236945869022293 ], [ -64.583096088084915, -28.248013914439468 ], [ -64.58352815653376, -28.247765423466319 ], [ -64.600233920349865, -28.268632922349923 ], [ -64.600974736578053, -28.268544491760167 ], [ -64.614546103969019, -28.289460056703717 ], [ -64.583164786535747, -28.294388372745971 ], [ -64.579782304060757, -28.294765308449826 ], [ -64.577656614666807, -28.295950137495765 ], [ -64.576206425834528, -28.304216950811281 ], [ -64.57593754056694, -28.30462928198483 ], [ -64.565790581398574, -28.314255465817268 ], [ -64.574682181806736, -28.313415915247617 ], [ -64.578263782572378, -28.332711480779437 ], [ -64.579701024820963, -28.334550900973852 ], [ -64.584113267652981, -28.331568867006467 ], [ -64.58591906100969, -28.319496245995992 ], [ -64.586378300331262, -28.319407198047259 ], [ -64.590672562641373, -28.318413371960219 ], [ -64.591569709283135, -28.330082042078914 ], [ -64.591240962173856, -28.330186561390803 ], [ -64.591909592870195, -28.330083813362194 ], [ -64.591570542918873, -28.330081913974709 ], [ -64.590706049252788, -28.318408226095187 ], [ -64.596811823402447, -28.311517892766005 ], [ -64.632815195429998, -28.313752389898411 ], [ -64.64546436618906, -28.324778316905622 ], [ -64.652080238771191, -28.335581675125127 ], [ -64.628757122882575, -28.389745988199024 ], [ -64.649703095093457, -28.424362328909297 ], [ -64.672727139516553, -28.420542936110792 ], [ -64.674608453016845, -28.42269740831 ], [ -64.698782501040625, -28.456865976660538 ], [ -64.691120484909675, -28.471910753956422 ], [ -64.704018332704777, -28.503728589826892 ], [ -64.750589219585152, -28.511315089789548 ], [ -64.750965615442567, -28.533157206873682 ], [ -64.726276935613498, -28.558899725376875 ], [ -64.755416010039141, -28.57156382488165 ], [ -64.799643409516818, -28.599900017894356 ], [ -64.81509077139242, -28.621888357141358 ], [ -64.897959260889365, -28.635615095753906 ], [ -64.894646675669378, -28.687039959558206 ], [ -64.820287777504461, -28.78032831296332 ], [ -64.928001738987746, -28.76357034918675 ], [ -64.915175765376375, -28.850118260320926 ], [ -64.993427011851907, -28.898161139558908 ], [ -65.009237561321186, -28.921389937209199 ], [ -64.941190209142292, -28.946262193453038 ], [ -64.941127399557388, -28.946245001583975 ], [ -64.928593637713789, -28.939705255507647 ], [ -64.922358504644365, -28.921775219242875 ], [ -64.919426833051944, -28.925851933464969 ], [ -64.916832290675984, -28.924009998079043 ], [ -64.903425468727278, -28.961415361151353 ], [ -64.887165116525239, -28.956107667190736 ], [ -64.908595931920161, -28.973877754702187 ], [ -65.040662672886242, -29.152204967944442 ], [ -65.04144856225912, -29.149682465776777 ], [ -65.067675118055774, -29.226077921632168 ], [ -65.067875282155569, -29.225881167658599 ], [ -65.0629669656999, -29.258338525456679 ], [ -65.063085861961099, -29.258292514832647 ], [ -65.063204634587521, -29.258283654812317 ], [ -65.063192552731607, -29.258356640093155 ], [ -65.058365134520841, -29.263026116137212 ], [ -65.057926997687105, -29.263747420821971 ], [ -65.05789175398786, -29.263729828255009 ], [ -65.05656493840354, -29.263160566828844 ], [ -65.056293198758226, -29.263704429660663 ], [ -65.056272058025513, -29.263633797017292 ], [ -65.056197143727218, -29.263666427587964 ], [ -65.056237486844395, -29.263763408688988 ], [ -65.055510774597565, -29.264020902818572 ], [ -65.055239464487386, -29.264518866396941 ], [ -65.055166563300247, -29.264488299252832 ], [ -65.054984984441376, -29.264381728400906 ], [ -65.054783869247728, -29.263912264666942 ], [ -65.05478377342348, -29.263912243027733 ], [ -65.053139930598604, -29.265451706407589 ], [ -65.054690857490243, -29.266158563904582 ], [ -65.054819044830595, -29.266588880286122 ], [ -65.054648102683586, -29.267412065002077 ], [ -65.053902634736573, -29.267819230918974 ], [ -65.054491885280243, -29.267974957460865 ], [ -65.054409558002078, -29.268333585211849 ], [ -65.054169067886676, -29.268407256576211 ], [ -65.054638954887196, -29.269664188727745 ], [ -65.054584067177814, -29.269766041615185 ], [ -65.054521326223437, -29.26987424170585 ], [ -65.054621260038346, -29.269780922129087 ], [ -65.054665687391662, -29.270382112267839 ], [ -65.05442207588419, -29.271391675785765 ], [ -65.054801035373487, -29.272262308742597 ], [ -65.055124979029813, -29.272181283494376 ], [ -65.054943245323898, -29.272620924358023 ], [ -65.055120029266277, -29.272729365800444 ], [ -65.055099094491311, -29.272762861392948 ], [ -65.054896800587187, -29.273134986119089 ], [ -65.054896620838633, -29.273134527468528 ], [ -65.054693992566058, -29.273508056576361 ], [ -65.054897002726136, -29.273135587547245 ], [ -65.055100685632056, -29.273100065260337 ], [ -65.055747394670107, -29.272839380573089 ], [ -65.055748732293694, -29.272840746344571 ], [ -65.056822703124396, -29.273253137209338 ], [ -65.055949270976726, -29.273969293071218 ], [ -65.056172127079719, -29.274574748147984 ], [ -65.057281238821417, -29.274994270653849 ], [ -65.056762657463764, -29.27589057259371 ], [ -65.057815114633001, -29.276613036474259 ], [ -65.057776424511246, -29.276681771125141 ], [ -65.057290682945847, -29.277562571969327 ], [ -65.057271393215046, -29.277597146725611 ], [ -65.05724302949028, -29.277648042261944 ], [ -65.057317433277035, -29.277617793946547 ], [ -65.057290799563248, -29.277562929532905 ], [ -65.057778715395159, -29.276688795268285 ], [ -65.058355407030149, -29.276902433082284 ], [ -65.058619369281473, -29.27756070712752 ], [ -65.05837935700049, -29.277991210912205 ], [ -65.058432674222786, -29.278014476623468 ], [ -65.059697964136944, -29.277499387287094 ], [ -65.060133670767016, -29.27734445450352 ], [ -65.061224875918697, -29.277655071218817 ], [ -65.06178334035593, -29.277777565525867 ], [ -65.062352642871588, -29.277843039043034 ], [ -65.062086397079213, -29.2783197692969 ], [ -65.062321170255473, -29.278618476473582 ], [ -65.061993809209412, -29.278515616473953 ], [ -65.06211085694855, -29.278993551067174 ], [ -65.062270840778012, -29.278962833613548 ], [ -65.063494971489831, -29.278449184213287 ], [ -65.064109283102198, -29.277961243954508 ], [ -65.064111271226068, -29.277960415378345 ], [ -65.065281627483387, -29.277710595057044 ], [ -65.065265824753851, -29.277664522821055 ], [ -65.065210895533937, -29.277679170361694 ], [ -65.065210917928027, -29.277679133925687 ], [ -65.064868220899314, -29.27730291670747 ], [ -65.065408796011525, -29.277431903382137 ], [ -65.065511407301756, -29.277402753282956 ], [ -65.06546382709746, -29.27733991695311 ], [ -65.065979585689377, -29.276435977506765 ], [ -65.065985062946595, -29.276434297177047 ], [ -65.06654314808452, -29.277083624476347 ], [ -65.067193133872365, -29.27689743538582 ], [ -65.066974378862085, -29.276326280979617 ], [ -65.066365641286268, -29.275772535935516 ], [ -65.066405325142853, -29.275704172075336 ], [ -65.066405883007974, -29.275703171922373 ], [ -65.067267881786734, -29.275800082333376 ], [ -65.067686439301156, -29.276362723395948 ], [ -65.068168547399409, -29.275610107203079 ], [ -65.068522384481184, -29.276121140245095 ], [ -65.069009691704366, -29.275982023695633 ], [ -65.069852744522223, -29.2734736918311 ], [ -65.070290696503037, -29.273598713155479 ], [ -65.071789923065751, -29.274026695663338 ], [ -65.073074522934803, -29.274393408866615 ], [ -65.072941493955057, -29.274320288343745 ], [ -65.073307081304904, -29.274459630451702 ], [ -65.07332627325701, -29.274483465398532 ], [ -65.073691212227175, -29.274621626141709 ], [ -65.073684453791998, -29.274604097267627 ], [ -65.074667264211485, -29.27497858936141 ], [ -65.07427482999185, -29.274912683406797 ], [ -65.074953091888119, -29.276671843182157 ], [ -65.07697376013391, -29.276075429155071 ], [ -65.077473947345823, -29.276141072342568 ], [ -65.077482159988278, -29.276144873784858 ], [ -65.077482032311934, -29.276144540865573 ], [ -65.079215581022368, -29.276895540619932 ], [ -65.079119888960122, -29.27699613768732 ], [ -65.079153223688706, -29.277083058818789 ], [ -65.079253917149799, -29.277052722656663 ], [ -65.079288304696831, -29.276927059475213 ], [ -65.07975466436551, -29.277129052930604 ], [ -65.079790618607831, -29.277145451633885 ], [ -65.079793058804398, -29.277145692576369 ], [ -65.07979097434594, -29.277144773825853 ], [ -65.07975464008473, -29.277129026736247 ], [ -65.079282074301602, -29.27692023581136 ], [ -65.079209470839203, -29.276888767708044 ], [ -65.077455939777053, -29.276115618256824 ], [ -65.075712573337853, -29.275346950489791 ], [ -65.075639726640361, -29.275317296279923 ], [ -65.074650526839264, -29.274932763968536 ], [ -65.073664498949086, -29.27454946273474 ], [ -65.073297958740056, -29.274406976395312 ], [ -65.072931856108028, -29.274264660156689 ], [ -65.071915558898354, -29.273869591597929 ], [ -65.0709087440801, -29.273090081391842 ], [ -65.072148617137202, -29.269373347537737 ], [ -65.068394850493291, -29.263322173725044 ], [ -65.063858031986797, -29.258372256237237 ], [ -65.063870113842825, -29.258299270956513 ], [ -65.064638391446692, -29.257348463638493 ], [ -65.070999563958367, -29.22403051283402 ], [ -65.080168149333304, -29.248751855351543 ], [ -65.09327605592739, -29.247711518292761 ], [ -65.093663120451197, -29.232032693499889 ], [ -65.072707578604081, -29.221941562691995 ], [ -65.072690565143773, -29.22188103254399 ], [ -65.082576783420677, -29.174593945507013 ], [ -65.082580681389118, -29.174531212779129 ], [ -65.08346597076337, -29.168457198892497 ], [ -65.28714924817325, -28.943864331005841 ], [ -65.287224561154233, -28.943856870677223 ], [ -65.290329550930551, -28.941539382390715 ], [ -65.290404301472051, -28.941521263223933 ], [ -65.293723798484621, -28.939045965264768 ], [ -65.293761430975792, -28.939036843330314 ], [ -65.304823702101146, -28.930531473973133 ], [ -65.295946296757847, -28.927273071645857 ], [ -65.293994581778804, -28.929453794175174 ], [ -65.293941321283853, -28.929457584778845 ], [ -65.291842886527945, -28.927528048403872 ], [ -65.285883759897729, -28.927193455501993 ], [ -65.209376097340282, -28.928223168792329 ], [ -65.207759044081854, -28.925450659186708 ], [ -65.20157789509517, -28.917130655883341 ], [ -65.203056625333431, -28.887238802735681 ], [ -65.214061606827954, -28.792120116841545 ], [ -65.291941331859732, -28.805184405796354 ], [ -65.38799507285654, -28.686963861501738 ], [ -65.385081035007488, -28.631368040190296 ], [ -65.412028705676619, -28.626135665247091 ], [ -65.414825142746054, -28.626479505920827 ], [ -65.497184343754554, -28.654360616912754 ], [ -65.50657582638604, -28.668615517934654 ], [ -65.499278915086052, -28.697067147960297 ], [ -65.477762517574547, -28.698085788650928 ], [ -65.472792345936568, -28.717480159589684 ], [ -65.494267515728268, -28.731615606109926 ], [ -65.495087242674742, -28.734201664348063 ], [ -65.510941553449186, -28.7750851312382 ], [ -65.514632780676379, -28.789554731322767 ], [ -65.514614242444509, -28.789620437391022 ], [ -65.51395329027838, -28.792222682871909 ], [ -65.498578765612194, -28.799596301965039 ], [ -65.496970158881538, -28.812564196905782 ], [ -65.492732352269854, -28.817822264302549 ], [ -65.496806670362275, -28.820907183510826 ], [ -65.502814390463243, -28.820581600380478 ], [ -65.503203075302906, -28.810930914887706 ], [ -65.536512455335867, -28.81095446171031 ], [ -65.539020307666647, -28.818742617461396 ], [ -65.541787970437269, -28.818917940083395 ], [ -65.544992457814487, -28.817159491867301 ], [ -65.552190000111523, -28.816158167246044 ], [ -65.558683112977292, -28.818441677482326 ], [ -65.559279853770704, -28.824158332495415 ], [ -65.567522708784793, -28.820395168640118 ], [ -65.565450585235794, -28.819961757967633 ], [ -65.560501666177686, -28.812443469921732 ], [ -65.560503427648314, -28.812406251784978 ], [ -65.570732032082674, -28.803723957368675 ], [ -65.566389818870562, -28.792635430764108 ], [ -65.57150808558572, -28.787639649791402 ], [ -65.551840065495298, -28.767423305005252 ], [ -65.559640586294108, -28.757854910693425 ], [ -65.61926628071285, -28.75614278720326 ], [ -65.627075817356456, -28.779611421700622 ], [ -65.618289460751669, -28.798545585347995 ], [ -65.618214917742478, -28.800021343860863 ], [ -65.617913647277476, -28.801554144601596 ], [ -65.626014379449828, -28.802443350444946 ], [ -65.639542189567578, -28.798306741536294 ], [ -65.656250921386516, -28.829964675334111 ], [ -65.767252214874759, -29.143715252991626 ], [ -65.821525737480727, -28.791715298547899 ], [ -65.873369825365842, -28.768338084356742 ], [ -65.873430439727144, -28.76832458798566 ], [ -65.87411466724177, -28.768031311150594 ], [ -65.918638456956842, -28.812469776312582 ], [ -65.97013262787965, -28.766849088511151 ], [ -66.003877949669629, -28.765665354036116 ], [ -66.026765101395426, -28.814789530997359 ], [ -66.128159197820082, -28.81991312516061 ], [ -66.092256274548731, -28.751336645834215 ], [ -66.040919353627771, -28.728757433818544 ], [ -66.059877563207294, -28.692366378995814 ], [ -66.059939935493105, -28.692326229211062 ], [ -66.06180157489166, -28.690157179285393 ], [ -66.063050076935099, -28.691148196285837 ], [ -66.06428880580853, -28.687382225220006 ], [ -66.064313743429921, -28.687351494262828 ], [ -66.064394946720142, -28.68720232567938 ], [ -66.064193982396205, -28.687223213910897 ], [ -66.064289489377927, -28.687379854530377 ], [ -66.062877963490791, -28.688135130157832 ], [ -66.062847861023101, -28.688109625337631 ], [ -66.06281775847873, -28.68808412060821 ], [ -66.062811020856714, -28.688085478080382 ], [ -66.062449397387923, -28.687779355142538 ], [ -66.062419222924291, -28.68775378947862 ], [ -66.062389047312593, -28.687728225169735 ], [ -66.062358581028548, -28.687591607558772 ], [ -66.062196075722852, -28.687555785252982 ], [ -66.062172351745232, -28.687649786788256 ], [ -66.062214885220101, -28.68796925830793 ], [ -66.062810481708709, -28.688086875053159 ], [ -66.062211484850877, -28.6886856411042 ], [ -66.062578354462744, -28.689091491158479 ], [ -66.062554641022643, -28.689122726329288 ], [ -66.061838790991658, -28.690061641076568 ], [ -66.061789583056168, -28.690122211657183 ], [ -66.061789107039033, -28.690107513827911 ], [ -66.059918365084627, -28.692240303892561 ], [ -66.059855992798816, -28.692280453677427 ], [ -66.059856577930248, -28.692278135210813 ], [ -66.040819814600695, -28.695725595210718 ], [ -66.037540639755093, -28.695931018311285 ], [ -66.023883037320218, -28.690114625657259 ], [ -66.006237583469101, -28.704597688492868 ], [ -65.987123499269217, -28.706237647841647 ], [ -65.95323365365806, -28.683102401180633 ], [ -65.965316920194141, -28.627638391202254 ], [ -65.9833107249043, -28.582663483557383 ], [ -65.986367647880115, -28.58247198337051 ], [ -65.986526865342853, -28.582445424878983 ], [ -65.986543045121437, -28.582443743152851 ], [ -65.978556561436335, -28.568797202338317 ], [ -65.966061342807222, -28.546062648500936 ], [ -65.964185999038818, -28.516045597013601 ], [ -65.956484289253808, -28.515095119081423 ], [ -65.957140528202558, -28.510117282221813 ], [ -65.952365532420856, -28.495364015720725 ], [ -65.911382779726182, -28.522991778434346 ], [ -65.898597492898091, -28.47817375353776 ], [ -65.938845890252708, -28.450449619435346 ], [ -65.938896355908525, -28.450492155879147 ], [ -65.93891254877451, -28.450233873411548 ], [ -65.938997028245467, -28.450344807383885 ], [ -65.939031814374118, -28.450354963183372 ], [ -65.944050300783772, -28.448412926218168 ], [ -65.936314083028662, -28.440586615724612 ], [ -65.944173673033504, -28.419533303173637 ], [ -65.923776326252209, -28.418161374666909 ], [ -65.925071496958367, -28.412273749444921 ], [ -65.924898239604374, -28.381941633683255 ], [ -65.949334937441449, -28.396128032540901 ], [ -65.956731061529467, -28.381504234850354 ], [ -65.952267443656922, -28.379376551877783 ], [ -65.950398993875979, -28.37603747231816 ], [ -65.948462393113914, -28.384969298164151 ], [ -65.926641193648322, -28.376387867417066 ], [ -65.922372792357351, -28.37296854705437 ], [ -65.925894593415649, -28.356337319619513 ], [ -65.936749022197773, -28.336534907932275 ], [ -65.94581202874781, -28.33597555015939 ], [ -65.939498393101871, -28.330827257393764 ], [ -65.922596234594948, -28.330002275777076 ], [ -65.919756289253087, -28.32716865906167 ], [ -65.906000233473662, -28.321393947727586 ], [ -65.919319942939069, -28.310625829015237 ], [ -65.920188730080611, -28.309651799291601 ], [ -65.909864741754063, -28.291550143305017 ], [ -65.909752934730136, -28.291340299749038 ], [ -65.909353043300769, -28.289317641423509 ], [ -65.884744037266046, -28.279050215289885 ], [ -65.883022580780391, -28.277756255759584 ], [ -65.882981204006683, -28.277696229172477 ], [ -65.882788906713984, -28.277498959992045 ], [ -65.879033676511028, -28.270014657948423 ], [ -65.881476864285446, -28.268342343816187 ], [ -65.876348350387502, -28.262297649614311 ], [ -65.875123935624856, -28.264718013571382 ], [ -65.874698397110308, -28.26714654997852 ], [ -65.874608360638717, -28.267059528174002 ], [ -65.874665813809202, -28.26741730082847 ], [ -65.874929675415331, -28.267440592130413 ], [ -65.875006663611146, -28.267322773728154 ], [ -65.875503640300394, -28.266737267853273 ], [ -65.875656387230777, -28.26707123936859 ], [ -65.875963217123285, -28.267742102842362 ], [ -65.875963066007728, -28.267742334101115 ], [ -65.876168766145724, -28.268191522323718 ], [ -65.876683072590424, -28.268244947774633 ], [ -65.877302912589414, -28.267608593966145 ], [ -65.877822802297658, -28.26842496470158 ], [ -65.878692210402733, -28.269790175880985 ], [ -65.878677451553472, -28.269788549974294 ], [ -65.878725843178074, -28.269847651524799 ], [ -65.878874423466414, -28.270010295871145 ], [ -65.882463355766106, -28.277490042872898 ], [ -65.882371306826712, -28.277441960556814 ], [ -65.881138234572688, -28.27955647258284 ], [ -65.881181152460272, -28.279615868135295 ], [ -65.88134665607862, -28.279845244898411 ], [ -65.884378774756442, -28.307083011053237 ], [ -65.884040148946553, -28.309100288689592 ], [ -65.884012295130162, -28.309164107321237 ], [ -65.883974096598706, -28.309190831766216 ], [ -65.883960963229924, -28.309257494208794 ], [ -65.854417566109589, -28.302143802285286 ], [ -65.821276134373932, -28.307128373325668 ], [ -65.826314568497992, -28.298488304170291 ], [ -65.812895725072224, -28.284733937555472 ], [ -65.795905573406571, -28.219810986591085 ], [ -65.820474424197982, -28.21193757015925 ], [ -65.840660015706078, -28.19630868157833 ], [ -65.818049522385479, -28.116186132254541 ], [ -65.831302960694529, -28.095610563379807 ], [ -65.869459659059657, -28.008408739568154 ], [ -65.878435878966911, -27.994042705445224 ], [ -65.878451021869523, -27.993996756558147 ], [ -65.900907351770172, -27.957136891870391 ], [ -65.931759726934786, -27.941989657971988 ], [ -65.946333161291591, -27.955318422729931 ], [ -65.948467982940372, -27.947858966959473 ], [ -65.956345939573112, -27.94369865225292 ], [ -65.956266297514844, -28.010442760334456 ], [ -65.95629243769514, -28.01039338965154 ], [ -65.960543756269772, -27.937243293853271 ], [ -65.963246294106739, -27.9309095712253 ], [ -65.970061952107415, -27.918952508956011 ], [ -65.940729559259694, -27.929587077815142 ], [ -65.924418380042255, -27.908510071494902 ], [ -65.923267209704079, -27.854205766209759 ], [ -66.007795026710482, -27.777459256117993 ], [ -66.034812172845079, -27.734171214809692 ], [ -66.040857955087461, -27.734142172730856 ], [ -66.075904848776133, -27.748814218191114 ], [ -66.148966028647351, -27.656647214544023 ], [ -66.216038477733036, -27.644780301649291 ], [ -66.249626806243839, -27.587976714729052 ], [ -66.249678395712351, -27.588028039969856 ], [ -66.25066141055396, -27.58854446063873 ], [ -66.250713671093251, -27.588595609529875 ], [ -66.252225091123023, -27.589461873853907 ], [ -66.25227765505241, -27.589513474674845 ], [ -66.259374381602186, -27.593401472142034 ], [ -66.259605281839242, -27.593566418988075 ], [ -66.269212995141686, -27.598715002148595 ], [ -66.271403166046582, -27.596506161690684 ], [ -66.267633834910214, -27.585769784478941 ], [ -66.271325435349695, -27.571610564192781 ], [ -66.270105684830526, -27.563709021335512 ], [ -66.26550543380074, -27.349284539597306 ], [ -66.201848131815154, -27.36603044959287 ], [ -66.165279042751763, -27.271955042056561 ], [ -66.154138938126323, -27.271353696949461 ], [ -66.115442617627764, -27.137283317984213 ], [ -66.112953131109407, -27.135317023651623 ], [ -66.101085298525618, -27.113945607636083 ], [ -66.120320798126329, -27.009097071237534 ], [ -66.119571959230882, -27.007395979127523 ], [ -66.161382572080413, -27.003415466300169 ], [ -66.161463863803363, -27.003426670463625 ], [ -66.161519907943784, -27.003441890945226 ], [ -66.162559816899545, -27.003637760943377 ], [ -66.162616088195819, -27.003652517525779 ], [ -66.16342260192198, -27.003702994041078 ], [ -66.174528736964476, -27.056110767252335 ], [ -66.181961500794671, -27.060310869083651 ], [ -66.182112264925365, -27.060653350857422 ], [ -66.179609620530812, -27.067972554489415 ], [ -66.183211802602614, -27.0708176995185 ], [ -66.20675979712405, -27.071871507905712 ], [ -66.237424049391905, -27.015147073544313 ], [ -66.240899341860199, -27.013859281094312 ], [ -66.240958579933249, -27.013833367253653 ], [ -66.30319435668207, -27.003031659884812 ], [ -66.303264563482344, -27.003045330707778 ], [ -66.340659610954617, -27.006119569552084 ], [ -66.340696434695758, -27.006126979332237 ], [ -66.383151833745615, -27.00965852078815 ], [ -66.360395387332403, -26.993324166728996 ], [ -66.319103400210395, -26.984840081439245 ], [ -66.315775973741893, -26.983070174403906 ], [ -66.301049741491852, -26.961694945582394 ], [ -66.288765501415583, -26.96152019139447 ], [ -66.282976404716294, -26.959612164046234 ], [ -66.283922338377693, -26.951008314134242 ], [ -66.282145478391044, -26.948756479735664 ], [ -66.185740931037571, -26.956107474533781 ], [ -66.180263900009209, -26.948714697881314 ], [ -66.171215239623962, -26.918436887301539 ], [ -66.170897047325695, -26.908327764775493 ], [ -66.172137815218093, -26.894963543760809 ], [ -66.172130328054777, -26.894916866150993 ], [ -66.172164278284413, -26.894551193890891 ], [ -66.196980142103143, -26.825008390510277 ], [ -66.253233529814224, -26.844496652540556 ], [ -66.263363894519614, -26.777585881670973 ], [ -66.267229437494166, -26.74590876644055 ], [ -66.089571371589557, -26.21953945914828 ], [ -66.075932547389868, -26.277881846283094 ], [ -66.052191864537633, -26.220104570510671 ], [ -66.052187171674916, -26.220116805987232 ], [ -66.049600759076611, -26.133826150287689 ], [ -66.060872378574516, -26.115735905060717 ], [ -66.061084323165744, -26.11587276268898 ], [ -66.061160560572603, -26.115673992541701 ], [ -66.060872544793028, -26.115735471687287 ], [ -66.06084214015209, -26.115675527695032 ], [ -66.032098068067285, -26.106845324565256 ], [ -66.032010281959117, -26.092750081390136 ], [ -66.04690997134901, -26.087815436533845 ], [ -66.052111460950755, -26.070589497124899 ], [ -66.049405816364242, -26.069008481982564 ], [ -66.05076665663421, -26.067426852874519 ], [ -66.048796547004258, -26.018770408250816 ], [ -66.019853672327429, -25.994016962641467 ], [ -66.011812685043253, -25.986478517475632 ], [ -66.009687139691437, -25.982996566531483 ], [ -65.974799291033321, -25.977941996805782 ], [ -65.966441056744713, -25.973778614380763 ], [ -65.95814487761686, -25.96898622442751 ], [ -65.945675092583599, -25.95120039481435 ], [ -65.931086986851483, -25.96563022796056 ], [ -65.945344157909176, -25.972453012210394 ], [ -65.912370113566283, -26.019663514891022 ], [ -65.897891508606278, -26.016428774312885 ], [ -65.88131413793559, -26.020102541215408 ], [ -65.847661542001333, -26.021488901614475 ], [ -65.847602074319184, -26.021463123750721 ], [ -65.841554326153471, -25.985515650559705 ], [ -65.821674210820504, -25.994103114838595 ], [ -65.81901222955122, -25.99420904924898 ], [ -65.818971152463178, -25.994241297560734 ], [ -65.778911179503154, -25.988080371787021 ], [ -65.782127401093078, -26.005212454668595 ], [ -65.674187333574821, -25.988190837331842 ], [ -65.575255931155539, -25.92173775354712 ], [ -65.575255362800135, -25.921709148162108 ], [ -65.607267143555816, -25.875623257713926 ], [ -65.60734271452742, -25.875636908166939 ], [ -65.61431159185986, -25.877385085800086 ], [ -65.614407398108085, -25.877024024347634 ], [ -65.607171331985683, -25.87477441710331 ], [ -65.60448990358725, -25.871274437113755 ], [ -65.568200939446569, -25.844014201696154 ], [ -65.560116336539693, -25.839376227964749 ], [ -65.559482975796811, -25.839814485578415 ], [ -65.531370024877106, -25.822344395445782 ], [ -65.48672145418908, -25.710875397104815 ], [ -65.427173634952339, -25.745673983056633 ], [ -65.437664102291876, -25.762937618229955 ], [ -65.437441222852442, -25.765404286509636 ], [ -65.418056332961385, -25.774762890819602 ], [ -65.418070665312769, -25.774816336231879 ], [ -65.42681850170402, -25.827200630697178 ], [ -65.412116171056709, -25.842531983461583 ], [ -65.411023826246037, -25.842975945075011 ], [ -65.332150810167661, -25.838433250543005 ], [ -65.325993167397769, -25.837431339132308 ], [ -65.318750868454629, -25.824398330860731 ], [ -65.313097569664819, -25.807777263804837 ], [ -65.311886879800227, -25.793234399791515 ], [ -65.353116436198832, -25.779823984640473 ], [ -65.35266293757735, -25.781372911350729 ], [ -65.354797969786944, -25.780504881323566 ], [ -65.353803255436048, -25.779689795669242 ], [ -65.353616723731591, -25.779583566955239 ], [ -65.352782179507528, -25.778591520428449 ], [ -65.28698346394043, -25.610724277648842 ], [ -65.303024168247134, -25.59874992614391 ], [ -65.287828291350934, -25.591795105012977 ], [ -65.278134708812217, -25.579375241731952 ], [ -65.267396631994188, -25.597523181874067 ], [ -65.261834063106789, -25.597780782007135 ], [ -65.252551713079527, -25.597522612208422 ], [ -65.207300043161126, -25.590429627779145 ], [ -65.207103764631881, -25.57736966719574 ], [ -65.19232664317758, -25.594190813266096 ], [ -65.142009856269624, -25.534404852561238 ], [ -65.169219051310847, -25.384609478869493 ], [ -65.169214096364442, -25.384595268612259 ], [ -65.22260836108552, -25.263143324513862 ], [ -65.243356166667468, -25.286943539777212 ], [ -65.243399480476171, -25.286985462120128 ], [ -65.243498568906205, -25.287052800097342 ], [ -65.243549674054918, -25.287085096540125 ], [ -65.254695064047155, -25.316127778513874 ], [ -65.262276500872872, -25.308661333888097 ], [ -65.28371144183393, -25.30990026312179 ], [ -65.28032733547866, -25.3212676590706 ], [ -65.294632240693545, -25.334827836016984 ], [ -65.303466504238486, -25.328286874917296 ], [ -65.291150077628515, -25.305027937179545 ], [ -65.339166013772171, -25.279157832889723 ], [ -65.335682052129698, -25.27298836908858 ], [ -65.335110279503567, -25.271923687378944 ], [ -65.335155315641487, -25.270159808888479 ], [ -65.334876853532762, -25.270792022875867 ], [ -65.334826098626706, -25.270734289830102 ], [ -65.335043273037854, -25.271839323855545 ], [ -65.334397300292778, -25.27132883586421 ], [ -65.33431068862501, -25.271809400534607 ], [ -65.334364554153296, -25.271966825624531 ], [ -65.335640795360973, -25.272926646852625 ], [ -65.335663199190037, -25.273088798659785 ], [ -65.335792711733347, -25.274673467100172 ], [ -65.290985417543254, -25.2911057497721 ], [ -65.290976226129715, -25.291078887339779 ], [ -65.290990166569827, -25.290997033062297 ], [ -65.284847847180345, -25.289146662541157 ], [ -65.278777210699673, -25.287197815742616 ], [ -65.262193075740299, -25.276584378337532 ], [ -65.262025081410286, -25.276428451588231 ], [ -65.24712253825561, -25.249335948007399 ], [ -65.247082246067691, -25.249220463855977 ], [ -65.244761887035565, -25.137068639268307 ], [ -65.244784683227692, -25.137025087755944 ], [ -65.244111053287952, -25.132763995270864 ], [ -65.244125634117609, -25.132715310315803 ], [ -65.244952451156507, -25.132676720037693 ], [ -65.220458852689376, -25.016060950146141 ], [ -65.220468689772247, -25.016011638068335 ], [ -65.220111117060696, -25.00548833526085 ], [ -65.259002387272631, -24.949996159836758 ], [ -65.266771654231832, -24.949432819717856 ], [ -65.266039045490174, -24.947337343487106 ], [ -65.266045429681014, -24.947298984907945 ], [ -65.270102104726504, -24.944440879498984 ], [ -65.259043297705716, -24.949826728718847 ], [ -65.25675456992235, -24.946091924016969 ], [ -65.191643734442323, -24.933585322774491 ], [ -65.166077518470502, -24.930534845929856 ], [ -65.166010780670661, -24.930506020510393 ], [ -65.164204689903158, -24.929803242326557 ], [ -65.14634697037701, -24.931775446466645 ], [ -65.145711927133789, -24.932289194983298 ], [ -65.146002777122135, -24.932750554720712 ], [ -65.143401031241524, -24.932326681900747 ], [ -65.14717057646061, -24.935842776056347 ], [ -65.161738942226179, -24.93785767358321 ], [ -65.164316612166147, -24.941732768419683 ], [ -65.167664258640855, -24.980286110639952 ], [ -65.094857304719824, -24.979083972642286 ], [ -65.094762054318551, -24.978995126545499 ], [ -65.081628569458644, -24.958252249726627 ], [ -65.074591610744847, -24.947089899523633 ], [ -65.065637772870957, -24.922497448444176 ], [ -65.065621828219946, -24.922475021162086 ], [ -65.068593781978223, -24.877847469914855 ], [ -65.111671059885111, -24.882025981416177 ], [ -65.088484084355912, -24.838977791617594 ], [ -65.105309207592541, -24.837482135105859 ], [ -65.162449374297125, -24.794493195902362 ], [ -65.162511301503969, -24.794506914426961 ], [ -65.180425314135221, -24.827810349175138 ], [ -65.204422168126939, -24.837149770672909 ], [ -65.199947997283175, -24.825755554502166 ], [ -65.223356494786913, -24.820992995520555 ], [ -65.24880488238847, -24.806985674879058 ], [ -65.268753326850003, -24.812221746941646 ], [ -65.269208801309333, -24.812830736750811 ], [ -65.269238870250433, -24.812854020828127 ], [ -65.280522546390841, -24.817538483183966 ], [ -65.279934646714707, -24.799344133235422 ], [ -65.280190980272607, -24.799160079531248 ], [ -65.280221750953899, -24.799139236026519 ], [ -65.28554047340748, -24.796120668643198 ], [ -65.292869507897535, -24.791961168170417 ], [ -65.305033311275508, -24.78505776282077 ], [ -65.317713653117892, -24.777861202913471 ], [ -65.317136429870914, -24.777789947520318 ], [ -65.304710512078714, -24.784187138583945 ], [ -65.294214455662882, -24.789590784423979 ], [ -65.290223760181789, -24.791645300761047 ], [ -65.281856027494598, -24.786731629300391 ], [ -65.280523605329904, -24.788455658887585 ], [ -65.282311388372932, -24.795740997078326 ], [ -65.279991726269657, -24.797064641802308 ], [ -65.279927936802665, -24.797102849295015 ], [ -65.279606558392402, -24.797289190673894 ], [ -65.274745980243267, -24.798677719859995 ], [ -65.265691249774136, -24.801264404462415 ], [ -65.254711542032283, -24.803538500372213 ], [ -65.244084617295357, -24.80229225483896 ], [ -65.244234898197249, -24.802097805415826 ], [ -65.244069426718568, -24.802077192026729 ], [ -65.235469045551326, -24.800283925745816 ], [ -65.222882822994904, -24.796642079429546 ], [ -65.205597746556634, -24.784355400567847 ], [ -65.198805809449709, -24.783821974437103 ], [ -65.156417806909531, -24.767105054472211 ], [ -65.153076259422107, -24.76355391623656 ], [ -65.148480404941665, -24.758669809362686 ], [ -65.143969698562785, -24.753876191086761 ], [ -65.138543407395957, -24.748109557640873 ], [ -65.134139381915304, -24.749726119129548 ], [ -65.128667422293347, -24.74414884390842 ], [ -65.128623545350933, -24.744094197830009 ], [ -65.128576535537718, -24.744061168112296 ], [ -65.128503602086369, -24.744047654273118 ], [ -65.128445684117821, -24.74403012957788 ], [ -65.130749380593329, -24.702457922161727 ], [ -65.135674187995505, -24.703563262104353 ], [ -65.137589165478403, -24.699839448930675 ], [ -65.149218380542322, -24.695398795393373 ], [ -65.149294735237049, -24.695413197865548 ], [ -65.151366640631238, -24.695767643466581 ], [ -65.151404945967101, -24.69577565472332 ], [ -65.154987295880346, -24.696551863601769 ], [ -65.151614932219388, -24.695255450374646 ], [ -65.14607240601606, -24.686249399071812 ], [ -65.138137898086541, -24.68721162657846 ], [ -65.138105926351784, -24.687171496750182 ], [ -65.137864781017583, -24.686943747814496 ], [ -65.139046371624545, -24.679692292313291 ], [ -65.139170039819874, -24.679714096133523 ], [ -65.139051463666988, -24.6796521635668 ], [ -65.138934737967645, -24.679593319442745 ], [ -65.139046251412253, -24.679692230610272 ], [ -65.137856479074969, -24.686939486559595 ], [ -65.137785230495865, -24.686903318907696 ], [ -65.136887232488903, -24.678553951833635 ], [ -65.136603981752501, -24.677609772427047 ], [ -65.126505490811439, -24.673330170346503 ], [ -65.147764947751909, -24.598340134047817 ], [ -65.15121554804773, -24.597516512270829 ], [ -65.151292254798875, -24.597505451950269 ], [ -65.154741496616111, -24.595769435020941 ], [ -65.154779486768746, -24.595758672467355 ], [ -65.154786915177397, -24.595764789918235 ], [ -65.154806920114027, -24.595783683516402 ], [ -65.154832847822888, -24.595813608427818 ], [ -65.155507187071237, -24.594785386629553 ], [ -65.154391006557887, -24.595038046531954 ], [ -65.154791691700382, -24.595530393422678 ], [ -65.153897975186908, -24.595123527342423 ], [ -65.149418813212321, -24.594280963109611 ], [ -65.149429882268294, -24.594278928211338 ], [ -65.14945713805065, -24.59427275856109 ], [ -65.148020205991372, -24.593892761376708 ], [ -65.14854539752497, -24.593330944160698 ], [ -65.146958548712746, -24.593236949948789 ], [ -65.145221092269026, -24.593766741214324 ], [ -65.144714758768998, -24.593759443980957 ], [ -65.144454596551668, -24.59441521249073 ], [ -65.082702262879934, -24.590775924922809 ], [ -65.082690077729353, -24.59070860263347 ], [ -65.100139344834076, -24.560759289556358 ], [ -65.08129742398296, -24.54433969410394 ], [ -65.081545799305673, -24.539873292868208 ], [ -65.081087811025498, -24.538941325007727 ], [ -65.081087749514438, -24.538864791113667 ], [ -65.081047736947141, -24.538905973691271 ], [ -65.080663894155919, -24.535349238596837 ], [ -65.080498767249878, -24.533819142715117 ], [ -65.080332491565571, -24.532278413644462 ], [ -65.080330817273648, -24.532097954256528 ], [ -65.080762464529187, -24.530736654327825 ], [ -65.080786949050093, -24.530661927872643 ], [ -65.081152798247956, -24.529672697982107 ], [ -65.083057792562045, -24.52976574360207 ], [ -65.08443320267844, -24.528350115024125 ], [ -65.077474126971822, -24.527858946490312 ], [ -65.074633649111092, -24.526001506248747 ], [ -65.073535536609768, -24.525283430275863 ], [ -65.072427098516812, -24.524558603207993 ], [ -65.071700042202281, -24.524494143529068 ], [ -65.071627796173061, -24.524462685824631 ], [ -65.071365112705621, -24.524354271283812 ], [ -65.071328673532264, -24.524339212798964 ], [ -65.068859479019125, -24.523268149271189 ], [ -65.071328444277867, -24.524357907272019 ], [ -65.071364883451224, -24.524372965756868 ], [ -65.071627537252084, -24.524483799438599 ], [ -65.071699783281247, -24.524515257143037 ], [ -65.071703341357477, -24.524510233594071 ], [ -65.072972956086915, -24.525097833242285 ], [ -65.073036309025099, -24.525142194147918 ], [ -65.073040158722904, -24.525137768846719 ], [ -65.073687126154596, -24.52579602042465 ], [ -65.073688286957804, -24.525795056972527 ], [ -65.073691136085245, -24.525792573608157 ], [ -65.074308304113003, -24.52641924974597 ], [ -65.074051489239025, -24.526805808222605 ], [ -65.073727034600665, -24.527087133756652 ], [ -65.073588372279573, -24.527193419554692 ], [ -65.073557799595108, -24.527571747424872 ], [ -65.073834737496441, -24.528193210918516 ], [ -65.073765654316105, -24.528231704133873 ], [ -65.073089898138846, -24.527868157389889 ], [ -65.073089825395357, -24.52786819650413 ] ], [ [ -65.02380844265258, -25.584547290470027 ], [ -65.054874331096755, -25.631196056740237 ], [ -65.068250438319296, -25.684323661177302 ], [ -65.071147904018517, -25.686093997831563 ], [ -65.07750956578974, -25.698501942144105 ], [ -65.116232807331585, -25.714759369747242 ], [ -65.11624266797827, -25.714700583245644 ], [ -65.121793629604269, -25.71483351888503 ], [ -65.121795064656965, -25.714831343138314 ], [ -65.123156642970002, -25.71590965239551 ], [ -65.125143028818002, -25.718276369997568 ], [ -65.1380296261475, -25.738856663034085 ], [ -65.142452929320996, -25.740883155796837 ], [ -65.144943292588607, -25.74471964733408 ], [ -65.14849420098534, -25.746609406216805 ], [ -65.161837181751253, -25.768734326469314 ], [ -65.163039993206553, -25.775858799348782 ], [ -65.163286207057979, -25.777053938513575 ], [ -65.163263811339732, -25.777082402040321 ], [ -65.174734767605401, -25.781005317267557 ], [ -65.177494439297618, -25.780982008672311 ], [ -65.179155691384096, -25.78140748366036 ], [ -65.181096400937065, -25.781904532471117 ], [ -65.186155301342239, -25.783200203132424 ], [ -65.229371465461952, -25.786853564533487 ], [ -65.249981797060855, -25.811013910728263 ], [ -65.243936044537975, -25.812980365337921 ], [ -65.247164550843479, -25.851761336040113 ], [ -65.262240014282952, -25.896084181522497 ], [ -65.281552811464792, -25.93083887024676 ], [ -65.297973192184543, -25.933510634008655 ], [ -65.346554191329744, -25.936308658607516 ], [ -65.407929702013007, -25.944980933122281 ], [ -65.407957106996605, -25.944997024716031 ], [ -65.410205399919221, -25.946170341675611 ], [ -65.419122422412215, -25.948890298809033 ], [ -65.457810109509865, -25.974439557255323 ], [ -65.501003376631274, -25.999840856004255 ], [ -65.501004574980755, -25.999901169055249 ], [ -65.508123572140107, -26.007152102271505 ], [ -65.510915938075925, -26.010518635392998 ], [ -65.516789606854275, -26.016816839368175 ], [ -65.57299298291241, -26.074957806767202 ], [ -65.625292705370839, -26.163881131018343 ], [ -65.661055535042976, -26.223221682137705 ], [ -65.661025525825096, -26.223244927844235 ], [ -65.635817184734663, -26.246604909885775 ], [ -65.639196992266079, -26.249582150458309 ], [ -65.639191279137094, -26.249603398198531 ], [ -65.639791471269007, -26.265886498815689 ], [ -65.657799452110623, -26.28066671321983 ], [ -65.685057414419987, -26.271066063427497 ], [ -65.665807316246173, -26.311414364224504 ], [ -65.656513507645116, -26.33658335047005 ], [ -65.656488402975867, -26.336593895646445 ], [ -65.653219106180075, -26.348318442860318 ], [ -65.645454639164257, -26.359067980132806 ], [ -65.640999205036223, -26.36111036056684 ], [ -65.641006855678484, -26.361173448513 ], [ -65.642882033428009, -26.362059401180318 ], [ -65.650642025647755, -26.367959690275654 ], [ -65.65068524184511, -26.368189112813241 ], [ -65.650715338626185, -26.368246881491075 ], [ -65.650576975848139, -26.381574783512235 ], [ -65.655889000575769, -26.40161957264371 ], [ -65.655932737517503, -26.401655791969006 ], [ -65.656492394251188, -26.404757708344334 ], [ -65.66207439235427, -26.443573790638766 ], [ -65.659944754702281, -26.45225566726134 ], [ -65.65631112415997, -26.464138924451447 ], [ -65.620562765914258, -26.512445907830568 ], [ -65.646586532460958, -26.518980634523302 ], [ -65.685214627581558, -26.597660970060247 ], [ -65.67833592123651, -26.602149205577177 ], [ -65.690952291938515, -26.611091593832498 ], [ -65.690950673233431, -26.611110771067388 ], [ -65.695665611065692, -26.625957634481665 ], [ -65.695668342506792, -26.625970484644881 ], [ -65.72075233129334, -26.642991376149212 ], [ -65.721185414734919, -26.643002144816137 ], [ -65.730491327019593, -26.642810372410906 ], [ -65.749949048055555, -26.629658804299481 ], [ -65.763347728522035, -26.619674138671485 ], [ -65.762751894184248, -26.618424793086376 ], [ -65.820309632046076, -26.574338901178521 ], [ -65.828060017231905, -26.568749830416323 ], [ -65.828035332218633, -26.568710580037305 ], [ -65.829543814120541, -26.56806770189894 ], [ -65.829577255002789, -26.568082655158889 ], [ -65.830274743923155, -26.566696159612945 ], [ -65.831471878729815, -26.567013287925363 ], [ -65.831488543364856, -26.567014774190511 ], [ -65.831542195844349, -26.567022101607677 ], [ -65.833574680942547, -26.566837203242812 ], [ -65.834870993057336, -26.568163369823196 ], [ -65.839792861107298, -26.567668872634215 ], [ -65.839801910842539, -26.567629955437724 ], [ -65.844111673493842, -26.568059213765537 ], [ -65.871254036252708, -26.567294869745638 ], [ -65.871261334885446, -26.567289126040919 ], [ -65.900121778890536, -26.549257801731642 ], [ -65.923834420914602, -26.547779031648872 ], [ -65.965660121828535, -26.538848417267161 ], [ -65.966379652848559, -26.538581014035003 ], [ -65.966849105229699, -26.538671428159034 ], [ -65.97035319503982, -26.538566428799868 ], [ -65.969627231522452, -26.540416230970834 ], [ -65.968982102178984, -26.540867333422852 ], [ -65.968917040768417, -26.540908976920662 ], [ -65.963976624128293, -26.567284743043956 ], [ -65.960632000943122, -26.575050671380779 ], [ -65.960612074329219, -26.575095368660357 ], [ -65.947006278123808, -26.581718157469538 ], [ -65.947005596079464, -26.581717579275335 ], [ -65.946386960744576, -26.582312382336454 ], [ -65.9463724787513, -26.582350976967859 ], [ -65.946355524686169, -26.582616084834001 ], [ -65.946346386141272, -26.582688398221705 ], [ -65.946794546380943, -26.583009607554118 ], [ -65.946833432843164, -26.583026260226404 ], [ -65.953118599867139, -26.590320179654952 ], [ -65.953127508276964, -26.590381505243897 ], [ -65.952804104562745, -26.590907617579887 ], [ -65.952813459832214, -26.590970209862746 ], [ -65.952922774520005, -26.591454583636789 ], [ -65.952932641405823, -26.591516971159763 ], [ -65.950150881783145, -26.597204354194503 ], [ -65.950043991662312, -26.59766107615485 ], [ -65.949543435544058, -26.59946042041679 ], [ -65.949525810185094, -26.599454257474292 ], [ -65.946963744585503, -26.600150564134537 ], [ -65.946988262449622, -26.600196154116077 ], [ -65.946917885204527, -26.600163684715312 ], [ -65.946947026264297, -26.600206126047453 ], [ -65.947798993523463, -26.602213975319557 ], [ -65.944863516072644, -26.608359963622206 ], [ -65.944886559518636, -26.608401607092276 ], [ -65.921637007602499, -26.618262482510033 ], [ -65.918461892466723, -26.619692498848849 ], [ -65.915922934148625, -26.617837457600331 ], [ -65.906868147459306, -26.614775073341207 ], [ -65.895978360303729, -26.630192359028229 ], [ -65.893112080683068, -26.640267499312586 ], [ -65.888667947915849, -26.643889053213286 ], [ -65.875539380040607, -26.654551156238199 ], [ -65.870666243865571, -26.654725866902993 ], [ -65.863786173439848, -26.66883083354918 ], [ -65.859403701139229, -26.676859070766682 ], [ -65.855238610937022, -26.695857968256519 ], [ -65.855222735214113, -26.695891429287428 ], [ -65.852269352669907, -26.702055010355537 ], [ -65.851734298605493, -26.709891551251303 ], [ -65.851729585523117, -26.709921916528288 ], [ -65.850737156043522, -26.713484012782317 ], [ -65.841549185210226, -26.733427212529307 ], [ -65.841477365302012, -26.733666468789636 ], [ -65.841453580169286, -26.733704006582343 ], [ -65.829894578414212, -26.780071393002061 ], [ -65.83091631838721, -26.780504995045931 ], [ -65.830937201362133, -26.780515812823978 ], [ -65.844394186647264, -26.796809672871746 ], [ -65.857664406943741, -26.876422283712259 ], [ -65.826960500287271, -26.901638067997567 ], [ -65.826991003314049, -26.901693805136972 ], [ -65.840114745517781, -26.912764303212214 ], [ -65.864330086284383, -26.907337324526054 ], [ -65.864342089083266, -26.907360777877841 ], [ -65.843821632731476, -26.921874402570381 ], [ -65.862385412507194, -26.916660732296577 ], [ -65.875679583450221, -26.918616789470946 ], [ -65.953396646166198, -27.12787663261679 ], [ -65.976114711632704, -27.158865225085663 ], [ -65.970308531513524, -27.190513453631695 ], [ -66.001956085070333, -27.247503896339708 ], [ -66.002531042631915, -27.247958020427859 ], [ -66.03101327238403, -27.346639840493708 ], [ -65.975102846380139, -27.330583417047933 ], [ -65.975095481654591, -27.330576241949188 ], [ -65.975049261113895, -27.330610697622603 ], [ -65.975449848515723, -27.333762270980799 ], [ -65.975184914558099, -27.334484696803884 ], [ -65.975749664046759, -27.3348691682138 ], [ -66.008659671924931, -27.398595485680005 ], [ -66.001627534181807, -27.395030788299493 ], [ -66.000748139264999, -27.396789313202362 ], [ -65.997567439202555, -27.404234707679848 ], [ -65.995584494260527, -27.407115025961673 ], [ -65.995579489416968, -27.407122221262114 ], [ -65.990060839632065, -27.419682950045171 ], [ -65.987462644733569, -27.422926426782396 ], [ -65.987258502976033, -27.423037434874914 ], [ -65.987250159180917, -27.423095482494318 ], [ -65.986949511684543, -27.423256415119567 ], [ -65.980601048288918, -27.422490010925799 ], [ -65.983172287077309, -27.427527504095224 ], [ -65.969663582529108, -27.43328205838975 ], [ -65.967207889893473, -27.440761921543412 ], [ -65.967172790088341, -27.440755327289992 ], [ -65.952760967955157, -27.469261084300911 ], [ -65.900475886732067, -27.487192209964576 ], [ -65.873372452275134, -27.598183096549292 ], [ -65.866603182966401, -27.621159889726528 ], [ -65.867786263288906, -27.62255866284994 ], [ -65.866481039365738, -27.633626593967278 ], [ -65.87865802505894, -27.672703481421138 ], [ -65.878583803475578, -27.672724140529454 ], [ -65.878609368586922, -27.672784384650981 ], [ -65.878904257711326, -27.674480066144042 ], [ -65.878886653814789, -27.674649006694779 ], [ -65.878888947605958, -27.674651156126856 ], [ -65.87873096796045, -27.675267586334087 ], [ -65.87881636616504, -27.675250416704444 ], [ -65.881447337885788, -27.690122600332984 ], [ -65.867246813227666, -27.697430286610597 ], [ -65.864292782154735, -27.699855923586028 ], [ -65.864231223470824, -27.699838605686921 ], [ -65.860655228023859, -27.700649544500834 ], [ -65.81442146587392, -27.734727361412354 ], [ -65.810013637072871, -27.769035608807371 ], [ -65.81000946682525, -27.769102252190919 ], [ -65.811528397067718, -27.774165743263211 ], [ -65.810457192133526, -27.781034583528594 ], [ -65.810448011051676, -27.781046611433737 ], [ -65.793006726284602, -27.799583177168813 ], [ -65.792121032879663, -27.783723318269892 ], [ -65.781590364331294, -27.785064581163738 ], [ -65.781593843454687, -27.785008982413217 ], [ -65.762994664584653, -27.772578779808327 ], [ -65.702961087597544, -27.800647640417367 ], [ -65.69119170547367, -27.808740851864172 ], [ -65.684861617346371, -27.821568941203566 ], [ -65.668612417568113, -27.86852373052136 ], [ -65.669149672968103, -27.872302710279371 ], [ -65.669349542954023, -27.873728257601499 ], [ -65.670299995419725, -27.875699475495367 ], [ -65.671773612583024, -27.881095894505108 ], [ -65.67220907538416, -27.892015299815853 ], [ -65.672238295128579, -27.892062245715294 ], [ -65.668208013706362, -27.89101761165108 ], [ -65.662056541309937, -27.894018776966448 ], [ -65.662049842788463, -27.894029580166148 ], [ -65.660168794014282, -27.895740435641642 ], [ -65.657701027543283, -27.895507020739899 ], [ -65.655929665012877, -27.895418349440376 ], [ -65.642444955187671, -27.908288489057441 ], [ -65.632781290993194, -27.915291334917242 ], [ -65.631960571055117, -27.916276183594618 ], [ -65.631928697105593, -27.91628423480347 ], [ -65.624709400833069, -27.923187392178704 ], [ -65.617960386762377, -27.933292388110374 ], [ -65.618071294863455, -27.934689143632625 ], [ -65.618065790494427, -27.934717267839403 ], [ -65.615377938624306, -27.940176340595485 ], [ -65.619524394752602, -27.955074240980821 ], [ -65.633517642596871, -27.989700809778867 ], [ -65.634576503347319, -27.999306151227131 ], [ -65.634584913117806, -27.999324960916852 ], [ -65.637260839721478, -28.004320146742884 ], [ -65.645424490647144, -28.032147208119738 ], [ -65.645799337906169, -28.033256457831214 ], [ -65.646169269792097, -28.033951312711849 ], [ -65.657664847943863, -28.044467635264198 ], [ -65.657431655488494, -28.047299990019098 ], [ -65.66419550650653, -28.050973768683036 ], [ -65.666681776136613, -28.047475602604891 ], [ -65.669970344513331, -28.044410105970485 ], [ -65.672697622968656, -28.040390861586161 ], [ -65.673107584887475, -28.040346476819991 ], [ -65.67434421898821, -28.034990404716325 ], [ -65.676351254473218, -28.026405181806922 ], [ -65.67631742580329, -28.02638986602625 ], [ -65.676616041428247, -28.025425872003552 ], [ -65.679380579401084, -28.019098883936465 ], [ -65.6816732085328, -28.010269283627167 ], [ -65.681691101483636, -28.010267913860446 ], [ -65.682885639213282, -28.007462212147288 ], [ -65.687180266052223, -28.007393535125686 ], [ -65.68731244499503, -28.007118677196843 ], [ -65.68856976680712, -28.002107212912563 ], [ -65.689053333305083, -27.996983187492162 ], [ -65.688959282563644, -27.99680669414289 ], [ -65.688989620280267, -27.99664556175469 ], [ -65.688995003686614, -27.996570281581285 ], [ -65.689079925412784, -27.996658759441232 ], [ -65.689700928758327, -27.995420243482386 ], [ -65.690298193084402, -27.993319476074987 ], [ -65.690294287850577, -27.993296580488959 ], [ -65.690293286574104, -27.993241757838405 ], [ -65.690344291730582, -27.992699500713456 ], [ -65.690331136660916, -27.992639021561615 ], [ -65.690246465192672, -27.992454716882548 ], [ -65.689729954052041, -27.991909131922398 ], [ -65.689662180470805, -27.990739017639726 ], [ -65.689688645413241, -27.990653059972317 ], [ -65.689676931410304, -27.990419931876716 ], [ -65.689830840405477, -27.990200629029914 ], [ -65.690181905428915, -27.989465087535791 ], [ -65.69023328501163, -27.989466689672099 ], [ -65.690233756837245, -27.989456533058046 ], [ -65.690197949937954, -27.989428234221464 ], [ -65.690499474767819, -27.989217351117929 ], [ -65.690522076501452, -27.989200014120968 ], [ -65.690705722688961, -27.989036581286825 ], [ -65.690746551267466, -27.989006821200348 ], [ -65.690893609315935, -27.988893725349328 ], [ -65.691033389359404, -27.988751141090972 ], [ -65.69105341884466, -27.988715363979566 ], [ -65.691513757790005, -27.987791687109336 ], [ -65.691503333981984, -27.987785487703775 ], [ -65.691528217350708, -27.987722309230946 ], [ -65.691551055967182, -27.987660695100146 ], [ -65.69157670292924, -27.987510479435628 ], [ -65.691616000409624, -27.987676089950696 ], [ -65.691675531942167, -27.988005101698491 ], [ -65.691661014723593, -27.988074756223057 ], [ -65.69189053525497, -27.990366050806642 ], [ -65.691882706025979, -27.990403010430441 ], [ -65.692102175118748, -27.991137147618645 ], [ -65.692101905517347, -27.991164664739244 ], [ -65.692203527224819, -27.991404890155025 ], [ -65.692258803059929, -27.991599603560076 ], [ -65.692258971025694, -27.991620750666982 ], [ -65.692322836232847, -27.991792020849573 ], [ -65.692321303112635, -27.991810357999327 ], [ -65.692362697518149, -27.992217535974476 ], [ -65.692874813915239, -27.998490419851009 ], [ -65.692862228316358, -27.998554802524154 ], [ -65.693186761842014, -28.003680828453298 ], [ -65.694615620737068, -28.006805816767098 ], [ -65.692971882069116, -28.006492845785601 ], [ -65.693314128129941, -28.014570305294342 ], [ -65.696201556934, -28.015412549747168 ], [ -65.69631049340876, -28.015723461035805 ], [ -65.696312331891477, -28.015744583144169 ], [ -65.697510450158461, -28.018582670341914 ], [ -65.695951502455614, -28.021803317504293 ], [ -65.69529111355331, -28.023542829556504 ], [ -65.695287175488943, -28.023554489811033 ], [ -65.695280987525848, -28.023832488680739 ], [ -65.695275223327656, -28.023844021069124 ], [ -65.69521001664458, -28.024275199203714 ], [ -65.692650768784347, -28.030608161962903 ], [ -65.692611252247673, -28.033314223080481 ], [ -65.692580969663993, -28.033330985880013 ], [ -65.692073484827972, -28.037365024950873 ], [ -65.692064960093546, -28.037397034577225 ], [ -65.692479587583136, -28.04233008393112 ], [ -65.689124746601863, -28.058387276246776 ], [ -65.689109886307449, -28.0584160056992 ], [ -65.686997756776861, -28.06605978111611 ], [ -65.685468042083585, -28.071606394816513 ], [ -65.687310237503084, -28.077765579842264 ], [ -65.688679751434904, -28.102921022051191 ], [ -65.682772567479958, -28.104899794361472 ], [ -65.677227410762612, -28.126212784785253 ], [ -65.680212083497793, -28.157062062975626 ], [ -65.684297640591751, -28.170457640490781 ], [ -65.691839813451054, -28.18246516920459 ], [ -65.69189222230591, -28.184299811539518 ], [ -65.688559599134635, -28.193274179855564 ], [ -65.683110980961033, -28.199609304916805 ], [ -65.646083694096944, -28.241207163921388 ], [ -65.646073047331697, -28.241224893183471 ], [ -65.646046782588428, -28.241299433329402 ], [ -65.646040878697079, -28.241315839667379 ], [ -65.646043483646508, -28.24132179121392 ], [ -65.6405607304863, -28.274830748098054 ], [ -65.640549710955497, -28.274864267502437 ], [ -65.634074521753519, -28.283737048164198 ], [ -65.634099141795787, -28.283772125868495 ], [ -65.634049070676554, -28.283795801173767 ], [ -65.629527754096387, -28.287394223535443 ], [ -65.622741947611303, -28.292599246372617 ], [ -65.622211590376821, -28.292322869067334 ], [ -65.621225398207912, -28.292537376946143 ], [ -65.618108443144706, -28.304770093575826 ], [ -65.617663652870419, -28.309302533253401 ], [ -65.617355214418751, -28.309641177881701 ], [ -65.617345846229853, -28.309656412109632 ], [ -65.616846876860677, -28.311094565930716 ], [ -65.616841405030016, -28.311114557462645 ], [ -65.613423005993752, -28.323158457647082 ], [ -65.61428900103607, -28.308566915574147 ], [ -65.614130511923861, -28.308085465179147 ], [ -65.615221899348228, -28.284833785037165 ], [ -65.615223233930521, -28.284825564509276 ], [ -65.614304099055971, -28.27649565020522 ], [ -65.614319607472225, -28.276443105929843 ], [ -65.614467225707642, -28.273389596611707 ], [ -65.61433562114189, -28.255278943085898 ], [ -65.614336615475509, -28.255271919300867 ], [ -65.614880981386705, -28.253774224995198 ], [ -65.619919825081809, -28.240256268104702 ], [ -65.626563374426667, -28.229472843730491 ], [ -65.620192381970924, -28.160692586971891 ], [ -65.620156427575125, -28.160646376467867 ], [ -65.61513031804958, -28.147709370390942 ], [ -65.615948797742135, -28.147100934789933 ], [ -65.605676068281525, -28.13292216865301 ], [ -65.605655639104953, -28.132914891180178 ], [ -65.603916571407979, -28.128932088087595 ], [ -65.603895729292333, -28.12891154931782 ], [ -65.601682071654409, -28.128435104443668 ], [ -65.599537248070703, -28.127884688360325 ], [ -65.594905877160386, -28.126867824541193 ], [ -65.547549858265825, -28.149479661175405 ], [ -65.547583210671462, -28.149521258106404 ], [ -65.52510809659185, -28.157708097218176 ], [ -65.524777028267351, -28.158401197306148 ], [ -65.524643925354326, -28.158740992316893 ], [ -65.524503261090899, -28.159100090504921 ], [ -65.515878254667427, -28.159740182275982 ], [ -65.515852920961436, -28.159708586221768 ], [ -65.50893724730139, -28.158289455501802 ], [ -65.505026238845801, -28.162687291436157 ], [ -65.502991619421209, -28.168704063097323 ], [ -65.503561562438449, -28.172183202367535 ], [ -65.503583854863507, -28.172242020935073 ], [ -65.503754672259106, -28.175160879495309 ], [ -65.504338020830517, -28.176937904731005 ], [ -65.504341320514413, -28.17700306537364 ], [ -65.504083408156987, -28.177529037837758 ], [ -65.501586037585355, -28.179610724141071 ], [ -65.501564685584356, -28.179635845716632 ], [ -65.501582650234297, -28.179310943677876 ], [ -65.501571297911937, -28.179316413611957 ], [ -65.501595509090407, -28.179029673644891 ], [ -65.501576809480639, -28.179038442871047 ], [ -65.50144648429341, -28.179716695855859 ], [ -65.501433327194945, -28.179772690937568 ], [ -65.501427229414276, -28.179804971262286 ], [ -65.501375451715774, -28.180496062537088 ], [ -65.500474665934803, -28.181101586085106 ], [ -65.500408617890457, -28.181122709381441 ], [ -65.499701612768433, -28.182099079188163 ], [ -65.49856591632664, -28.183588601003635 ], [ -65.498091797043003, -28.183455110199816 ], [ -65.498045312418412, -28.1834932391655 ], [ -65.497675134081987, -28.184558614869218 ], [ -65.497631677025083, -28.184587744639657 ], [ -65.497523450547533, -28.184553826826914 ], [ -65.495208708959183, -28.184556146202624 ], [ -65.49509294680098, -28.184510138817586 ], [ -65.495046535945676, -28.184462485829386 ], [ -65.494796236068282, -28.184501252905704 ], [ -65.494795321310335, -28.184507150644947 ], [ -65.494280752742839, -28.184333383278272 ], [ -65.494240792669927, -28.184277690852639 ], [ -65.491548740188989, -28.183374267249974 ], [ -65.491540748758609, -28.183366696484086 ], [ -65.491361971810875, -28.183313974902319 ], [ -65.49143846165174, -28.183172171272588 ], [ -65.490736586616038, -28.183135833244535 ], [ -65.486892492857464, -28.182212085963215 ], [ -65.485986308020586, -28.181474339602687 ], [ -65.485747459146125, -28.181486961747851 ], [ -65.485738666058808, -28.18146798422822 ], [ -65.485767592761192, -28.181285594296412 ], [ -65.485758278061326, -28.181265296200081 ], [ -65.485551989320754, -28.181302592606471 ], [ -65.485543860799964, -28.181284843902574 ], [ -65.485384797924553, -28.18131569179036 ], [ -65.485326176146714, -28.181335450074585 ], [ -65.48521261646971, -28.18121456958022 ], [ -65.485156004294822, -28.181234170215816 ], [ -65.483925532884712, -28.180484442190902 ], [ -65.483881808229285, -28.180493840270458 ], [ -65.477019861561757, -28.17067624327268 ], [ -65.475672689210398, -28.168527994722353 ], [ -65.475181474399562, -28.167744686258288 ], [ -65.475174032360201, -28.16774527772759 ], [ -65.475124267256774, -28.16780133364125 ], [ -65.474175295893531, -28.163687293076691 ], [ -65.471639149038765, -28.153121150742436 ], [ -65.469399141373287, -28.139847697560697 ], [ -65.469370356755121, -28.139810099751514 ], [ -65.455173520045093, -28.131562091130775 ], [ -65.455158933066684, -28.131595469478498 ], [ -65.455117733333111, -28.13157700459368 ], [ -65.447420944926932, -28.128412397243721 ], [ -65.414824237433891, -28.11835735488313 ], [ -65.370968881318277, -28.124345633329312 ], [ -65.364342001113982, -28.12825706652211 ], [ -65.361318735629879, -28.133244347090283 ], [ -65.36133536361865, -28.133280967076701 ], [ -65.356886770204483, -28.150158939107541 ], [ -65.340491173951023, -28.144580442198617 ], [ -65.336118546957721, -28.143491988595599 ], [ -65.336081688379409, -28.143506794684527 ], [ -65.324261786167142, -28.151871443758353 ], [ -65.324257646897934, -28.151929463239185 ], [ -65.317553710037714, -28.158604061591348 ], [ -65.31633849617333, -28.161573419335639 ], [ -65.31632949098298, -28.161637924354238 ], [ -65.316343014957511, -28.161634181378986 ], [ -65.316612640711867, -28.161868231338644 ], [ -65.316630331130398, -28.161864533205119 ], [ -65.316640433627811, -28.161890515791413 ], [ -65.316658458044969, -28.16188649341467 ], [ -65.316850659267914, -28.162055546536408 ], [ -65.316871061282029, -28.162049086207446 ], [ -65.317055998962417, -28.162168635117553 ], [ -65.317179987453187, -28.16233666494071 ], [ -65.317206860210433, -28.162333787880755 ], [ -65.317348396959517, -28.162548923952386 ], [ -65.317378651120464, -28.162548635565145 ], [ -65.320052624420782, -28.165917981996301 ], [ -65.319280448590121, -28.166628779940368 ], [ -65.318170182457493, -28.167798168792785 ], [ -65.318368923120602, -28.168042989495802 ], [ -65.318422839149662, -28.168121681949401 ], [ -65.315687176980703, -28.170302235912857 ], [ -65.315720932416468, -28.170311577959694 ], [ -65.314544411952966, -28.171370582501538 ], [ -65.302247601714612, -28.214637817560231 ], [ -65.302210080394673, -28.214612064733672 ], [ -65.294947341339935, -28.239991178591652 ], [ -65.293138237985943, -28.244683754228674 ], [ -65.273719262384702, -28.242028428794299 ], [ -65.238873985203156, -28.246399388978034 ], [ -65.211823011375031, -28.248249351418963 ], [ -65.197607712471893, -28.256188873076894 ], [ -65.176685167356425, -28.261805765913323 ], [ -65.176779054896031, -28.262414445352078 ], [ -65.176745722794351, -28.262471529468257 ], [ -65.177547029763389, -28.26739315922498 ], [ -65.177137503409938, -28.269793486047888 ], [ -65.176792715979957, -28.272376489772739 ], [ -65.174832254976025, -28.276393200441078 ], [ -65.173259439137212, -28.277926574587241 ], [ -65.171654210345082, -28.278547963630672 ], [ -65.170875807164521, -28.278769535290792 ], [ -65.170874242725176, -28.278763236752127 ], [ -65.17084539614433, -28.27876200734886 ], [ -65.168038552038297, -28.278414811478513 ], [ -65.163540637977803, -28.278703875309532 ], [ -65.163543801799619, -28.278733890563956 ], [ -65.163509600234022, -28.278738177437219 ], [ -65.156922853652532, -28.293353342933017 ], [ -65.109867310705226, -28.362343279834533 ], [ -65.111387435508277, -28.365987260162342 ], [ -65.111377786245271, -28.366006394407975 ], [ -65.098230495652786, -28.374999670173509 ], [ -65.096304612896063, -28.386117919283322 ], [ -65.10061861734988, -28.397983380124117 ], [ -65.100711713204475, -28.398360337392262 ], [ -65.100706116591255, -28.398429132080253 ], [ -65.10057035104694, -28.398597145053941 ], [ -65.100548619754875, -28.398574405673514 ], [ -65.100248926615791, -28.398846385697425 ], [ -65.100117067726728, -28.398943944023927 ], [ -65.100108740903238, -28.398997763265868 ], [ -65.100105942889058, -28.399022288724098 ], [ -65.10020417858027, -28.399127370263443 ], [ -65.100413417671405, -28.399442480636537 ], [ -65.10044265152078, -28.399424248273078 ], [ -65.100617946439456, -28.39984746236513 ], [ -65.100562250523694, -28.399827452853913 ], [ -65.100566161735287, -28.399839694683862 ], [ -65.100498809703709, -28.399820100294221 ], [ -65.100450818781439, -28.399818944270294 ], [ -65.100433538348341, -28.39982270854523 ], [ -65.100336499399646, -28.39985805461788 ], [ -65.10035830748609, -28.399891398491775 ], [ -65.100320432792046, -28.399925555566199 ], [ -65.10029983405218, -28.399947742799498 ], [ -65.099456619624561, -28.400441053894838 ], [ -65.099452816996575, -28.400494615195214 ], [ -65.099520768475315, -28.400588406886413 ], [ -65.09969818185823, -28.400728944047444 ], [ -65.099440546608321, -28.40094886244492 ], [ -65.099025507050499, -28.401236413839683 ], [ -65.099014261817103, -28.401246282009254 ], [ -65.098723814521122, -28.401414224104599 ], [ -65.098720428609738, -28.401457899241905 ], [ -65.098859276114354, -28.401578835791895 ], [ -65.098958237213481, -28.401691001812367 ], [ -65.098981393818917, -28.401670248897858 ], [ -65.099001213422753, -28.40169269677483 ], [ -65.09918929979392, -28.401855981466383 ], [ -65.099113387695297, -28.401921066035754 ], [ -65.098985715090009, -28.402010076646377 ], [ -65.098952705158695, -28.402039208837891 ], [ -65.09867400211624, -28.402235060567193 ], [ -65.098638451603961, -28.402233921277286 ], [ -65.098635060215997, -28.40227742051087 ], [ -65.09837403127068, -28.402725286529176 ], [ -65.098551741502547, -28.402910352027504 ], [ -65.09806178375419, -28.403357295516173 ], [ -65.097720330076413, -28.403661002659419 ], [ -65.097729406494295, -28.403727087471282 ], [ -65.09794935255627, -28.403846343714122 ], [ -65.097948263533851, -28.403869164042419 ], [ -65.098027701040508, -28.403951016863402 ], [ -65.097817495105062, -28.404076362954925 ], [ -65.097663479031496, -28.404339480908163 ], [ -65.097635912706437, -28.40431746858718 ], [ -65.097622628368356, -28.404332753484994 ], [ -65.097603192475106, -28.404315559284328 ], [ -65.097451493709116, -28.404474145443658 ], [ -65.097061674954148, -28.404738840105836 ], [ -65.097095907837456, -28.404759819301034 ], [ -65.096691924801348, -28.405040876930002 ], [ -65.096951434086179, -28.405660740760254 ], [ -65.096994636955912, -28.405735640697515 ], [ -65.096940224325408, -28.405860054691118 ], [ -65.096853024854397, -28.405986538309719 ], [ -65.09682179467444, -28.405943015098558 ], [ -65.096808815901454, -28.405963648943839 ], [ -65.096788899887542, -28.405948931402861 ], [ -65.096774428970832, -28.405990301457223 ], [ -65.096682693956097, -28.406110509841085 ], [ -65.096618738509733, -28.406153717118002 ], [ -65.096620143168707, -28.406174063819947 ], [ -65.096368126349489, -28.406414475176348 ], [ -65.096126266410465, -28.406629887075155 ], [ -65.096036777765789, -28.406574554155156 ], [ -65.096003552174636, -28.406614988628519 ], [ -65.096016836000217, -28.40678528604343 ], [ -65.096004093137537, -28.406807658859123 ], [ -65.096008318371673, -28.406860566086891 ], [ -65.095965586372131, -28.406871411608506 ], [ -65.095954431122152, -28.406902196489114 ], [ -65.096034046603222, -28.406990637397655 ], [ -65.096141737641346, -28.407097412529993 ], [ -65.096161896534284, -28.40707603775121 ], [ -65.096185514626939, -28.407099091985742 ], [ -65.096360801914273, -28.40708763041647 ], [ -65.096404954320803, -28.407271599480509 ], [ -65.095999215047982, -28.407613755544958 ], [ -65.095947105492201, -28.407611756419215 ], [ -65.095613541937723, -28.407934675074785 ], [ -65.095539415733469, -28.407993100261592 ], [ -65.095278485966787, -28.407838337918292 ], [ -65.094698115086771, -28.408150188042441 ], [ -65.09444100615417, -28.408456781393511 ], [ -65.093260729003475, -28.410510052080724 ], [ -65.093219487977251, -28.410546486311659 ], [ -65.093216007610465, -28.410546543153487 ], [ -65.093193058648808, -28.410573140796942 ], [ -65.0909044899945, -28.418804605446212 ], [ -65.084809444010659, -28.404801373151429 ], [ -65.084810951336578, -28.404754451093368 ], [ -65.084481308520935, -28.403982485850179 ], [ -65.084483770520023, -28.403937474701479 ], [ -65.084155341678638, -28.403166942455869 ], [ -65.08415758795212, -28.403123794866985 ], [ -65.083626974230981, -28.401857793065005 ], [ -65.083629265459535, -28.401817658375023 ], [ -65.083388764249548, -28.401271601191183 ], [ -65.083165618849876, -28.400691130638847 ], [ -65.08316765956431, -28.400653663894786 ], [ -65.082975807299647, -28.400216255092687 ], [ -65.082977788774031, -28.400179876898449 ], [ -65.082858526502491, -28.399922863577956 ], [ -65.082860470214825, -28.399887157867397 ], [ -65.082716351457009, -28.399567247587981 ], [ -65.082718249521974, -28.399532357037515 ], [ -65.082573431637968, -28.399209783116873 ], [ -65.082575289304032, -28.399175712217811 ], [ -65.082524376628328, -28.399087007111973 ], [ -65.082526037182333, -28.399053208743055 ], [ -65.081354909340064, -28.39621618132918 ], [ -65.081305073032809, -28.396202414687764 ], [ -65.07950068272612, -28.391851942404344 ], [ -65.07153272493639, -28.36617797513577 ], [ -65.071516153150128, -28.366167348280442 ], [ -65.053387118325247, -28.31636277612256 ], [ -65.054918010032225, -28.281559356015634 ], [ -65.031731483135275, -28.248822382346646 ], [ -64.992909389792999, -28.2337091420722 ], [ -64.992695043452045, -28.233395327798462 ], [ -64.987232229913275, -28.235237358325207 ], [ -64.99244864329097, -28.232810458915253 ], [ -64.982847869809689, -28.197033091384526 ], [ -64.951964992917908, -28.201246040853562 ], [ -64.951907651096462, -28.201695681901583 ], [ -64.951602170063381, -28.20117622734 ], [ -64.951268421326404, -28.200941099737975 ], [ -64.946602693303248, -28.196976240842048 ], [ -64.898931694319401, -28.152610207124667 ], [ -64.951446828778671, -28.094882453128605 ], [ -64.973505980740697, -27.961867775175563 ], [ -64.947326980558387, -27.950759816856078 ], [ -64.909132951727884, -27.901526405242407 ], [ -64.90902084320561, -27.90127558786503 ], [ -64.90897269797108, -27.901130998540282 ], [ -64.90871828931347, -27.90096364447038 ], [ -64.908687900667815, -27.900913432018115 ], [ -64.909160787466249, -27.900611321389079 ], [ -64.909196659776342, -27.900584436918336 ], [ -64.909235258992794, -27.900632759538212 ], [ -64.927252585127292, -27.872679564319526 ], [ -64.927249195688262, -27.872624406917396 ], [ -64.917109376072119, -27.862731613315475 ], [ -64.90871082160487, -27.859701866624903 ], [ -64.906303796354223, -27.857967571901213 ], [ -64.892938235538679, -27.830857482504484 ], [ -64.89110775244086, -27.818607085593896 ], [ -64.893524854292764, -27.809052114191559 ], [ -64.883471720273747, -27.78112532547425 ], [ -64.882277165803657, -27.77940296551526 ], [ -64.830088759280841, -27.800322444362052 ], [ -64.830079774556509, -27.800395488384765 ], [ -64.828923915151222, -27.801524303142742 ], [ -64.828926237897576, -27.801511420156828 ], [ -64.828933771245659, -27.801450175535194 ], [ -64.810825184289513, -27.80092065141173 ], [ -64.81081400596679, -27.800982651367178 ], [ -64.747246857119251, -27.79946486230449 ], [ -64.730884219684469, -27.779179203371427 ], [ -64.727422688461957, -27.7792217338162 ], [ -64.717026625351366, -27.779098109061749 ], [ -64.69816515283884, -27.764613599124232 ], [ -64.677005503572389, -27.769635931692562 ], [ -64.676224549973995, -27.771081191391943 ], [ -64.675133634061467, -27.77207704780227 ], [ -64.674828368417025, -27.772320199491162 ], [ -64.674801387783873, -27.772317286337454 ], [ -64.673867983277432, -27.773188437546764 ], [ -64.673838716005719, -27.773183934899521 ], [ -64.670036468646458, -27.775960439612845 ], [ -64.657083590193906, -27.783724195195816 ], [ -64.652015995992201, -27.76131866903097 ], [ -64.652018997606774, -27.761301390326992 ], [ -64.650032048353296, -27.759390974540054 ], [ -64.646840955214088, -27.759284278029156 ], [ -64.645855722626891, -27.761303839344123 ], [ -64.645251496916444, -27.763211427924546 ], [ -64.655783661767543, -27.784456779528909 ], [ -64.639509492478226, -27.779325263922544 ], [ -64.633630823060457, -27.793619650038636 ], [ -64.621730771609236, -27.796007935291414 ], [ -64.606968704956159, -27.798002861348493 ], [ -64.594336068787811, -27.796063948418237 ], [ -64.582802416511356, -27.791479498031038 ], [ -64.55438574257164, -27.795069636458379 ], [ -64.553613607609464, -27.794594341957009 ], [ -64.553625976887361, -27.794539586709845 ], [ -64.553615736615598, -27.794541349231963 ], [ -64.553131125154948, -27.79480128467992 ], [ -64.551236460793632, -27.794402069002558 ], [ -64.551346410640122, -27.790823198499936 ], [ -64.551301592218238, -27.790772754240436 ], [ -64.545836775255111, -27.789989863778828 ], [ -64.533071333961118, -27.788313208300451 ], [ -64.526031659197656, -27.785661260866334 ], [ -64.52600085534084, -27.785667037844291 ], [ -64.516356351077661, -27.783565231278885 ], [ -64.514087404137456, -27.784399953331388 ], [ -64.490962474248249, -27.803522861492922 ], [ -64.487209591679004, -27.80184647118881 ], [ -64.451045986113115, -27.778963105642219 ], [ -64.448459362305073, -27.778917575894127 ], [ -64.437970914520406, -27.779349875655612 ], [ -64.415985766710321, -27.779423145610792 ], [ -64.415308050512579, -27.778899252983649 ], [ -64.415290459384835, -27.778889308226439 ], [ -64.409210308764671, -27.779422300453518 ], [ -64.400380939476804, -27.778742703538967 ], [ -64.400374578063975, -27.778738972857354 ], [ -64.40031240889266, -27.778703002404029 ], [ -64.373078765239939, -27.783173819800879 ], [ -64.370163960633477, -27.782595547154756 ], [ -64.355526752827984, -27.785554324974214 ], [ -64.352667028941426, -27.784578406589162 ], [ -64.347397355059002, -27.782780063848861 ], [ -64.337484715609207, -27.779765153130882 ], [ -64.33746856962216, -27.779737193761662 ], [ -64.336194197316274, -27.780310148977094 ], [ -64.336236385438212, -27.777685684073504 ], [ -64.334770803376045, -27.778422693969276 ], [ -64.334861319602453, -27.780909408105742 ], [ -64.33484632211173, -27.780917999224926 ], [ -64.333193393846727, -27.781661088924125 ], [ -64.331020443431839, -27.780288167672268 ], [ -64.329206231442924, -27.781201347593424 ], [ -64.331445808083345, -27.78244673280642 ], [ -64.331455738377429, -27.782470914845931 ], [ -64.3264857172706, -27.792248127814844 ], [ -64.32604301855406, -27.792361531515667 ], [ -64.325844636152965, -27.792412349570441 ], [ -64.325334238982236, -27.792532229645701 ], [ -64.325291820682253, -27.792563331737483 ], [ -64.32415540824627, -27.795448483822554 ], [ -64.323975011466985, -27.796025168847393 ], [ -64.324171120297649, -27.796059413620128 ], [ -64.323909200202024, -27.79715982542109 ], [ -64.323930863461385, -27.797167108942233 ], [ -64.324106086398672, -27.796978089530512 ], [ -64.324125994844223, -27.796986503201254 ], [ -64.320686391448533, -27.805888025851232 ], [ -64.32165456077405, -27.808820650382813 ], [ -64.321626807754683, -27.808829178966164 ], [ -64.321114364341497, -27.809016260012982 ], [ -64.321099600953801, -27.809048794360194 ], [ -64.319798083707667, -27.809992457565102 ], [ -64.322376034903755, -27.815226057082782 ], [ -64.323659553478251, -27.819541694547979 ], [ -64.32508895765443, -27.824316946958163 ], [ -64.325169520302666, -27.824594351738995 ], [ -64.325247660407058, -27.824870103444823 ], [ -64.325929570825053, -27.825925635548572 ], [ -64.326313149260841, -27.826323394873896 ], [ -64.326481812898749, -27.82649829497467 ], [ -64.326682652551369, -27.826706560822174 ], [ -64.326722776661029, -27.826730972238522 ], [ -64.327021409874476, -27.827042194053604 ], [ -64.328818197886449, -27.827042359336531 ], [ -64.328832303215961, -27.827040474987939 ], [ -64.328899886020281, -27.827028970906042 ], [ -64.329345497542647, -27.826955936566776 ], [ -64.329443201545075, -27.82693648663701 ], [ -64.329454110506617, -27.826934492115697 ], [ -64.332007129394356, -27.826495613968234 ], [ -64.332448138789175, -27.828732544886066 ], [ -64.332451702788546, -27.828752704395868 ], [ -64.332553842424943, -27.829231749209214 ], [ -64.332581312991863, -27.829353345758307 ], [ -64.332726074421885, -27.82975643986174 ], [ -64.3329443622236, -27.830099373510222 ], [ -64.333686527476289, -27.831624444565875 ], [ -64.334951958542092, -27.833253298780335 ], [ -64.336191679158674, -27.834125264930549 ], [ -64.336737062829172, -27.834508863470091 ], [ -64.337665542824027, -27.835115700094377 ], [ -64.337926208024442, -27.835294601492535 ], [ -64.339283731965793, -27.836175310362478 ], [ -64.339337540350414, -27.836211607011364 ], [ -64.33935673591543, -27.836224555464923 ], [ -64.339359310867962, -27.836226148564094 ], [ -64.339697277267078, -27.836443602213876 ], [ -64.339213533523434, -27.836312768380139 ], [ -64.337238754364137, -27.83577868091362 ], [ -64.335402723707489, -27.835282118572934 ], [ -64.335398066019025, -27.835278077810926 ], [ -64.331903683285645, -27.834330735575577 ], [ -64.33033183504358, -27.833904588628172 ], [ -64.323277395159664, -27.833586432763752 ], [ -64.319812740719271, -27.834759219166699 ], [ -64.319809440272934, -27.834737857617824 ], [ -64.321846500906304, -27.831745273136846 ], [ -64.318974735242421, -27.82965968013832 ], [ -64.318252757262542, -27.829431497092514 ], [ -64.318056424226143, -27.829091185967968 ], [ -64.316407581544354, -27.82764478491805 ], [ -64.316394392680138, -27.82760739653753 ], [ -64.319049507938018, -27.82496348598545 ], [ -64.31848722065223, -27.823587637173887 ], [ -64.318025938299741, -27.823308145143358 ], [ -64.31799613229532, -27.823289745413263 ], [ -64.317574167132079, -27.823340703315239 ], [ -64.317471669613042, -27.823280033383242 ], [ -64.316361113741607, -27.823538766704758 ], [ -64.314373214369141, -27.826555681180423 ], [ -64.314337812873987, -27.826587527285653 ], [ -64.312915030645399, -27.826324235867389 ], [ -64.312109197379755, -27.826175104208801 ], [ -64.309661859619837, -27.827692539589179 ], [ -64.30877551672495, -27.82775610753788 ], [ -64.308738415782443, -27.827772720217183 ], [ -64.308701488582415, -27.8277681847689 ], [ -64.305895726042763, -27.830348434032658 ], [ -64.30561146522416, -27.830010018627092 ], [ -64.305480806732817, -27.829882799168502 ], [ -64.305449107708739, -27.829878376570548 ], [ -64.305399757296527, -27.829879423783382 ], [ -64.303606342459261, -27.83012628641012 ], [ -64.303210967791131, -27.830244442630772 ], [ -64.300841671622379, -27.83088669751578 ], [ -64.30083151457444, -27.830889873261128 ], [ -64.300759315882715, -27.830860998324908 ], [ -64.300741322198121, -27.830866980081225 ], [ -64.300700633175325, -27.830886485586575 ], [ -64.300717372725614, -27.830930939165228 ], [ -64.300711147068455, -27.830933231716642 ], [ -64.300161171142122, -27.831098652902256 ], [ -64.299827542835999, -27.83119316193239 ], [ -64.299531421611505, -27.831280666933822 ], [ -64.299055657586223, -27.831420590269431 ], [ -64.299056300836753, -27.83146669761669 ], [ -64.299100702600981, -27.83159505921725 ], [ -64.299067365284884, -27.831607175138231 ], [ -64.298816456718328, -27.831705402711577 ], [ -64.298676161921207, -27.8317429364335 ], [ -64.29820116451998, -27.831884023773966 ], [ -64.297735079015752, -27.832025106449123 ], [ -64.297587830722989, -27.832069428091586 ], [ -64.297321322998812, -27.83214364603316 ], [ -64.297292688463301, -27.832164358329976 ], [ -64.297303025922076, -27.832193839435831 ], [ -64.297313751825982, -27.832223880553784 ], [ -64.297011398973609, -27.832303706122957 ], [ -64.296971687097709, -27.832318073574015 ], [ -64.296697345002713, -27.832394477667606 ], [ -64.296458694091768, -27.832458413519817 ], [ -64.296443863450236, -27.832463772653284 ], [ -64.296133648668388, -27.832548229098165 ], [ -64.296118822809433, -27.832576365831244 ], [ -64.296096696635402, -27.832618280410827 ], [ -64.296290183168423, -27.833091673369836 ], [ -64.296339227340695, -27.833074118635636 ], [ -64.296355677688098, -27.833118219926291 ], [ -64.2963824792227, -27.833175464039016 ], [ -64.296313785476514, -27.833201803606698 ], [ -64.29627215368447, -27.833216230643131 ], [ -64.29626833301171, -27.833201929697395 ], [ -64.296256261795065, -27.833165538846288 ], [ -64.296240377090953, -27.833172087766684 ], [ -64.296045255042998, -27.833238329032838 ], [ -64.295763877696402, -27.833192981589548 ], [ -64.291669620632888, -27.835631286425439 ], [ -64.291434130203697, -27.835918365140003 ], [ -64.291397351981459, -27.835953745017889 ], [ -64.291355512306268, -27.835789428159273 ], [ -64.291224448937555, -27.835680842387887 ], [ -64.291197117034244, -27.83565199200774 ], [ -64.291229367244227, -27.835620946093741 ], [ -64.290555669706009, -27.835407419606611 ], [ -64.290276554080663, -27.835254396042103 ], [ -64.290200330147627, -27.835295185601296 ], [ -64.289758790917119, -27.835350659359392 ], [ -64.288493566229874, -27.834878235822146 ], [ -64.288455750872629, -27.834880844777331 ], [ -64.28562631568451, -27.83593239348653 ], [ -64.286301257688137, -27.837509843781334 ], [ -64.288112413160036, -27.839814346517358 ], [ -64.287166782851159, -27.84088284129615 ], [ -64.287163073834847, -27.840922610062989 ], [ -64.288538335754311, -27.84347244996934 ], [ -64.283288718558424, -27.840640017011197 ], [ -64.28322704479001, -27.84060286874859 ], [ -64.280217202039012, -27.841708587320568 ], [ -64.280194200883614, -27.841777432513254 ], [ -64.27934381428372, -27.843836248242155 ], [ -64.27935606261974, -27.844076258445284 ], [ -64.278475678608629, -27.845938038223096 ], [ -64.278429028969981, -27.844810600718006 ], [ -64.278265423238395, -27.844728993864123 ], [ -64.277962528516184, -27.84450752284846 ], [ -64.277685575820044, -27.844665147554736 ], [ -64.27724374581544, -27.844122255013133 ], [ -64.277077638790047, -27.843919251822342 ], [ -64.276964403628995, -27.843826422139728 ], [ -64.276929751050943, -27.843705028505497 ], [ -64.276909464375933, -27.843674644144414 ], [ -64.277013814176541, -27.84360299705645 ], [ -64.276527980526623, -27.843315578718602 ], [ -64.276409362704499, -27.843343653710633 ], [ -64.27639770464242, -27.843326913869248 ], [ -64.276364994334642, -27.843346544219571 ], [ -64.276176221088861, -27.843468313836297 ], [ -64.276079930917945, -27.843528860877711 ], [ -64.275603941748159, -27.843820589315726 ], [ -64.275212397569021, -27.844069611359714 ], [ -64.275033255103267, -27.844183701935833 ], [ -64.274677998577999, -27.844409662382702 ], [ -64.274660198728782, -27.844421645115915 ], [ -64.274641136906439, -27.844393323995519 ], [ -64.27455403643296, -27.844346952669639 ], [ -64.274503285289484, -27.844329149696478 ], [ -64.274472642185231, -27.844317675149568 ], [ -64.27397268381003, -27.84452500317866 ], [ -64.273989982480941, -27.844550527538956 ], [ -64.273885271192967, -27.844662154395053 ], [ -64.273850017841767, -27.844685956703529 ], [ -64.273778914994239, -27.844717171396951 ], [ -64.273629391240604, -27.844784364475061 ], [ -64.273127756887448, -27.845065461379647 ], [ -64.272674580158252, -27.845318211068843 ], [ -64.272298034764106, -27.8448575349571 ], [ -64.272015374444379, -27.844515482901727 ], [ -64.271817025775249, -27.844178223325798 ], [ -64.271814995455429, -27.844175127190113 ], [ -64.27181823939236, -27.844172971049318 ], [ -64.271802419867754, -27.844152253920413 ], [ -64.271801253261401, -27.844152052512754 ], [ -64.271724451710952, -27.844138339772883 ], [ -64.271719087399731, -27.844142338421136 ], [ -64.271700601376949, -27.844152488025884 ], [ -64.271702299466824, -27.844155005581001 ], [ -64.271699696281416, -27.844156754906294 ], [ -64.271362168156429, -27.84440609678677 ], [ -64.271280137886379, -27.844451193868508 ], [ -64.271087923527716, -27.844359545537429 ], [ -64.271005017673986, -27.844038713758778 ], [ -64.270998167149912, -27.844028495944883 ], [ -64.27100868672801, -27.844021416784983 ], [ -64.270926368232153, -27.843914556607501 ], [ -64.270920613142778, -27.843913606058948 ], [ -64.27090486039009, -27.843927898135348 ], [ -64.270831844146016, -27.843914700686355 ], [ -64.270737128073847, -27.843962144675743 ], [ -64.270751155493372, -27.84398384939044 ], [ -64.270731681781456, -27.843996856897547 ], [ -64.270564958432487, -27.844124779112292 ], [ -64.270118837231337, -27.844374648738722 ], [ -64.270077061416089, -27.844367875056719 ], [ -64.26962583217545, -27.844671526457319 ], [ -64.269347510378623, -27.844802775805761 ], [ -64.269342476123768, -27.844825918273159 ], [ -64.269426925525636, -27.844943557849376 ], [ -64.269416181611007, -27.844991371434276 ], [ -64.269590976372513, -27.845176132123242 ], [ -64.26928762636453, -27.845365111987121 ], [ -64.268724238374659, -27.84572356118764 ], [ -64.268722013876129, -27.845725048108534 ], [ -64.268693100979362, -27.845681762500192 ], [ -64.268691680614552, -27.845679634982048 ], [ -64.268646158690103, -27.845710289407805 ], [ -64.268618428021853, -27.845727774623754 ], [ -64.268603726585525, -27.845737084460893 ], [ -64.268049174739815, -27.846085836817849 ], [ -64.267752977924204, -27.846273982765751 ], [ -64.267477641483197, -27.846451270795512 ], [ -64.266936428412464, -27.846793028870138 ], [ -64.266933788574818, -27.84679480567695 ], [ -64.266905023670574, -27.846751792606597 ], [ -64.266891191706634, -27.846769440950425 ], [ -64.26688399431913, -27.846782316433462 ], [ -64.266867762684683, -27.84685497310636 ], [ -64.266749479730265, -27.846993737786647 ], [ -64.26663936975649, -27.847204108872972 ], [ -64.266633938038638, -27.847228161567671 ], [ -64.266663877332121, -27.847340263268109 ], [ -64.266565180381122, -27.847411843044483 ], [ -64.266555828698245, -27.84741805336472 ], [ -64.266580192032166, -27.84745469941231 ], [ -64.266568393445539, -27.847467672856624 ], [ -64.266538650657139, -27.847499107972794 ], [ -64.266513030775513, -27.847515832799843 ], [ -64.266499110288521, -27.847494433783595 ], [ -64.266463735160357, -27.847456869449445 ], [ -64.266441616174632, -27.847458866252964 ], [ -64.266408044862658, -27.847505031086541 ], [ -64.266381819968217, -27.847491087453079 ], [ -64.266410655447032, -27.847534281739172 ], [ -64.266408345123295, -27.847537142443684 ], [ -64.266402447546795, -27.847534483726861 ], [ -64.266328093964262, -27.847520326998279 ], [ -64.266330203807115, -27.847518956363217 ], [ -64.26630959835785, -27.847407199193185 ], [ -64.266309258486444, -27.847406310143185 ], [ -64.266263647890185, -27.84743783888905 ], [ -64.266232230221419, -27.847392783303121 ], [ -64.26623159440328, -27.847393491567857 ], [ -64.2662303086816, -27.84739174273966 ], [ -64.266230781043873, -27.847391520781628 ], [ -64.266232258003015, -27.847391026674927 ], [ -64.266279837903824, -27.847359225487764 ], [ -64.266384537353304, -27.84732753027987 ], [ -64.266391649304069, -27.847148505469249 ], [ -64.266400403516798, -27.847109843422345 ], [ -64.266408465399877, -27.846972569084073 ], [ -64.266395969373605, -27.846846343241225 ], [ -64.266374397647951, -27.84681441318827 ], [ -64.266263302778157, -27.846688408635998 ], [ -64.266165967781205, -27.8465551539893 ], [ -64.265712907132468, -27.845935820280886 ], [ -64.26525832083513, -27.845291118489001 ], [ -64.265253204548628, -27.845279283645709 ], [ -64.265214812848569, -27.84530511806588 ], [ -64.2651899759137, -27.8452683124342 ], [ -64.265079800548051, -27.845124192515812 ], [ -64.264657836503545, -27.844497950348284 ], [ -64.264597417192647, -27.844487616839274 ], [ -64.264579773628896, -27.844484577761932 ], [ -64.26446500514254, -27.844303317251956 ], [ -64.264666032729735, -27.844199862876565 ], [ -64.264685233283501, -27.84418693618062 ], [ -64.264697565772906, -27.844205255969825 ], [ -64.26477655929699, -27.84415193271991 ], [ -64.264818364425764, -27.844134152108893 ], [ -64.264832677938898, -27.844069032985146 ], [ -64.264835363756106, -27.844056797970723 ], [ -64.264796426096041, -27.84401340205369 ], [ -64.264798165204468, -27.84400607610587 ], [ -64.264740132035286, -27.84393717509306 ], [ -64.264724615433124, -27.843907494524728 ], [ -64.264715242513603, -27.843905877996406 ], [ -64.264676425767163, -27.843948177577658 ], [ -64.263915160148883, -27.844098061033719 ], [ -64.263876435926477, -27.844042166739086 ], [ -64.263468277371089, -27.843510520325879 ], [ -64.263378977234311, -27.843564788793287 ], [ -64.263255180127146, -27.84359710916118 ], [ -64.262823307626093, -27.843361033663655 ], [ -64.262622364187678, -27.843185515911841 ], [ -64.262603690797391, -27.843182321329266 ], [ -64.262555316524697, -27.843207745978589 ], [ -64.262404166327656, -27.843281842304236 ], [ -64.262299733140139, -27.8433529051145 ], [ -64.262252968011296, -27.843078651524536 ], [ -64.262118254278391, -27.84310261313243 ], [ -64.26096579590336, -27.842328135201058 ], [ -64.260903905792645, -27.84232936900213 ], [ -64.260886878346071, -27.842326328166166 ], [ -64.260101064927369, -27.841843282492391 ], [ -64.260035005308737, -27.841890891228388 ], [ -64.259961030639772, -27.841892731223197 ], [ -64.259414342038951, -27.842349053643773 ], [ -64.259309479591707, -27.842399504121545 ], [ -64.259242276137002, -27.842427772932012 ], [ -64.259019398128032, -27.842117449576278 ], [ -64.25898616979589, -27.842082635465488 ], [ -64.258494058517044, -27.842228120356765 ], [ -64.258223603545048, -27.842308076077984 ], [ -64.25820663457381, -27.84232184676091 ], [ -64.257842775107065, -27.842814230722468 ], [ -64.258081944042431, -27.843104565748547 ], [ -64.258047980674007, -27.843126878577834 ], [ -64.258084796376693, -27.84318225737627 ], [ -64.257444465323374, -27.843551648939581 ], [ -64.257434771734324, -27.843558003300927 ], [ -64.257428656220952, -27.843548972307303 ], [ -64.257357103966115, -27.843598124457742 ], [ -64.257352179229997, -27.843601501306864 ], [ -64.257280998485328, -27.843660892077651 ], [ -64.25728669326179, -27.843669531825867 ], [ -64.257299925114125, -27.843776442889407 ], [ -64.257328266009722, -27.843819308190518 ], [ -64.257324889750862, -27.843821534656911 ], [ -64.256838110081617, -27.8440868020636 ], [ -64.256566378817979, -27.844351353270838 ], [ -64.256511585992939, -27.844389331284731 ], [ -64.256444638801668, -27.844436659755218 ], [ -64.256379293772397, -27.844279218644942 ], [ -64.256340257162094, -27.84427226262045 ], [ -64.256242601558142, -27.84411463489198 ], [ -64.256017820776037, -27.844167181154546 ], [ -64.25577774950608, -27.844331148518393 ], [ -64.255585639461742, -27.844437397918682 ], [ -64.255204548477593, -27.844653881734018 ], [ -64.255212808876763, -27.844697518001965 ], [ -64.255269696335063, -27.844784092597877 ], [ -64.254939260643482, -27.844952619071364 ], [ -64.254930656038084, -27.844958355294239 ], [ -64.25492499825549, -27.844950006502927 ], [ -64.254885542930879, -27.844977177698752 ], [ -64.254870351434363, -27.845049858000721 ], [ -64.254888913388299, -27.845128723488756 ], [ -64.254896040033998, -27.845123967788481 ], [ -64.254900724311824, -27.845130887355708 ], [ -64.255227840223881, -27.845151997616597 ], [ -64.255295649443724, -27.845497234579511 ], [ -64.255243982659977, -27.845526335900786 ], [ -64.255122773548692, -27.845598870897447 ], [ -64.254933368972218, -27.845680572595938 ], [ -64.254920191356177, -27.845678303120849 ], [ -64.254880792854351, -27.84570491237281 ], [ -64.254767083114416, -27.84578294115704 ], [ -64.254757199886058, -27.845768295183348 ], [ -64.254712014744996, -27.845739579639485 ], [ -64.254689675255634, -27.84570601322207 ], [ -64.254283136599383, -27.845902223639257 ], [ -64.253992297716195, -27.846022052308456 ], [ -64.253920785486628, -27.846009728053502 ], [ -64.253916814915101, -27.846012363279669 ], [ -64.253852769269429, -27.846056044768147 ], [ -64.253878194049946, -27.846093512922039 ], [ -64.25386983470986, -27.846099138207364 ], [ -64.253415447329985, -27.846356097566741 ], [ -64.253204071683115, -27.846472921389022 ], [ -64.253109142843414, -27.846349867963852 ], [ -64.253061311997897, -27.84631668702383 ], [ -64.252745024316766, -27.846540370300431 ], [ -64.252472899314, -27.846691750435696 ], [ -64.2522789708853, -27.846800888745406 ], [ -64.251833741666189, -27.847044513078345 ], [ -64.251821374185283, -27.847050330952925 ], [ -64.251845820290441, -27.847086747007609 ], [ -64.251767856831805, -27.847139958806224 ], [ -64.251724627172962, -27.847168980735148 ], [ -64.251656845760635, -27.847203918419666 ], [ -64.251569948998224, -27.847093410952368 ], [ -64.251561438060321, -27.847089595452303 ], [ -64.251189784551741, -27.847342930749392 ], [ -64.251166320209336, -27.847358732411124 ], [ -64.250778943662226, -27.847559015855097 ], [ -64.250770366055065, -27.847553954771001 ], [ -64.250626000836007, -27.847468984928469 ], [ -64.250621483027658, -27.847462270720882 ], [ -64.25010614934348, -27.846783144580399 ], [ -64.250082138689606, -27.846739967990459 ], [ -64.250087043765916, -27.84673666754901 ], [ -64.250023552319703, -27.846657539042269 ], [ -64.249966761599921, -27.846587574839816 ], [ -64.249445155133913, -27.845944522357115 ], [ -64.248857750934746, -27.84521638922979 ], [ -64.248902411465053, -27.845186270124543 ], [ -64.248900782160206, -27.845183846721 ], [ -64.24887165567992, -27.845143233895669 ], [ -64.248797721563676, -27.845130069692345 ], [ -64.248405328528293, -27.844549735814951 ], [ -64.248309196801358, -27.844406800893864 ], [ -64.24820845420362, -27.844470364648032 ], [ -64.248200790074179, -27.844469534834559 ], [ -64.248154748051206, -27.844406486907985 ], [ -64.248127647990884, -27.844366147882965 ], [ -64.248113642249052, -27.844344483492478 ], [ -64.24803505760849, -27.844221969628734 ], [ -64.248065185862686, -27.84420168018795 ], [ -64.247909192511656, -27.844024915760315 ], [ -64.247678058821407, -27.844020352711084 ], [ -64.247573819557431, -27.843941160015333 ], [ -64.247520243405233, -27.844103769131777 ], [ -64.247504456830427, -27.844177620645667 ], [ -64.247505829686759, -27.844179679051479 ], [ -64.24748451911546, -27.844224933627231 ], [ -64.247469257448415, -27.844296325762343 ], [ -64.247455983920474, -27.844331981018058 ], [ -64.247290397110248, -27.844830173122432 ], [ -64.24728567888809, -27.844849024961206 ], [ -64.247272630955649, -27.844907347170192 ], [ -64.247268156954249, -27.8449483872879 ], [ -64.247256961921948, -27.844955600676201 ], [ -64.247004156316166, -27.845687382867311 ], [ -64.246678218118234, -27.845930022447817 ], [ -64.246526752509908, -27.846147411300365 ], [ -64.246519082079317, -27.846180218260258 ], [ -64.246408060890417, -27.846393271851355 ], [ -64.246401542440935, -27.846421154400105 ], [ -64.246258456844828, -27.846703185091599 ], [ -64.24539240326709, -27.847181088194816 ], [ -64.245269409097773, -27.848281079727087 ], [ -64.246177152676637, -27.848770615090018 ], [ -64.246173968427058, -27.848795168926131 ], [ -64.246167962278946, -27.848832032363475 ], [ -64.246178676819852, -27.848849029626479 ], [ -64.246225977834797, -27.848879241368365 ], [ -64.246247256249376, -27.848888682952406 ], [ -64.24637675997576, -27.848930332555199 ], [ -64.247886829721892, -27.84970417776384 ], [ -64.24789192236733, -27.849706285392642 ], [ -64.247903653071887, -27.849713026228926 ], [ -64.247908576716668, -27.849714919937753 ], [ -64.247948869186473, -27.849723622882664 ], [ -64.248002011477411, -27.849735101975909 ], [ -64.248008505361952, -27.84973759961224 ], [ -64.248013408304303, -27.849742178545 ], [ -64.24801963382572, -27.849744572632346 ], [ -64.248317503099486, -27.849924878905711 ], [ -64.247910101005573, -27.850136751141747 ], [ -64.247897139771453, -27.850131606429102 ], [ -64.246524815458656, -27.850999002442677 ], [ -64.246251406452757, -27.851162821093169 ], [ -64.246179890751989, -27.851134727821602 ], [ -64.246122913752515, -27.85117544036143 ], [ -64.244723808283652, -27.851121217126376 ], [ -64.244113224785735, -27.850758523039644 ], [ -64.243639360641112, -27.851538106670375 ], [ -64.244684718436361, -27.85239510189507 ], [ -64.244843729644117, -27.852328372087186 ], [ -64.244876636644904, -27.852310416803618 ], [ -64.244941683192224, -27.852411605584621 ], [ -64.244955520986707, -27.852417185562501 ], [ -64.245051887484692, -27.852546961691019 ], [ -64.245048911236211, -27.852562175244714 ], [ -64.24507240847322, -27.852605166487649 ], [ -64.245180806778137, -27.852777247186566 ], [ -64.244905192122417, -27.852976477967331 ], [ -64.243432122422803, -27.85420954925894 ], [ -64.243284443052914, -27.854594080150378 ], [ -64.243118425662203, -27.855032014839537 ], [ -64.243104095383558, -27.855303234268206 ], [ -64.243155477713685, -27.856240283955117 ], [ -64.243150885592854, -27.85626037599144 ], [ -64.243144327211667, -27.856295304001947 ], [ -64.243150647439109, -27.856300737777644 ], [ -64.24306307076688, -27.856769898267373 ], [ -64.243062102238071, -27.856775086811524 ], [ -64.243066030291061, -27.857203931227957 ], [ -64.243067162296143, -27.857265204226564 ], [ -64.243049535775242, -27.857349313812847 ], [ -64.24303499043441, -27.857364645957489 ], [ -64.242987806819087, -27.857294134488995 ], [ -64.24295410584341, -27.857228789679425 ], [ -64.242681482770649, -27.857012609054379 ], [ -64.242566740662824, -27.856833665692932 ], [ -64.24251597679455, -27.85678357530378 ], [ -64.242350743083819, -27.85665444340907 ], [ -64.242418450021205, -27.856521197993914 ], [ -64.242425000368826, -27.856513618128645 ], [ -64.242417944403883, -27.856434283299564 ], [ -64.242358125054579, -27.856348713491855 ], [ -64.242310965330262, -27.856232423880499 ], [ -64.242286415132412, -27.856190290212396 ], [ -64.242215339739346, -27.856082812247621 ], [ -64.242037224815135, -27.85584338898019 ], [ -64.242036560337169, -27.855842196600861 ], [ -64.242031876960823, -27.855834920022232 ], [ -64.242027090226486, -27.85582976581901 ], [ -64.241666913791676, -27.855674544340616 ], [ -64.241480969769043, -27.85540810133881 ], [ -64.241125493208585, -27.855133648886124 ], [ -64.241091052855666, -27.855099392018019 ], [ -64.240972078173513, -27.854952515725017 ], [ -64.240236861464894, -27.854180267685308 ], [ -64.240197383379837, -27.854134061757691 ], [ -64.240191823351495, -27.854131316580606 ], [ -64.240161061190861, -27.854094068442691 ], [ -64.240156399666262, -27.854091404775374 ], [ -64.239898102140671, -27.85382444576112 ], [ -64.239582755971298, -27.853244284939308 ], [ -64.239387979793207, -27.852885968605108 ], [ -64.238799126482377, -27.851421437890906 ], [ -64.238726914193592, -27.851020000227095 ], [ -64.23873083869762, -27.851002823049726 ], [ -64.238522123629082, -27.850258504173325 ], [ -64.237553530539344, -27.847692741759147 ], [ -64.237223055972265, -27.846703469101499 ], [ -64.237220216366381, -27.846698815147022 ], [ -64.237018036889936, -27.846383792342465 ], [ -64.237166480957569, -27.846125190173268 ], [ -64.237210695139197, -27.846086815378555 ], [ -64.23704126947041, -27.845630684166281 ], [ -64.236787022028921, -27.844823839929518 ], [ -64.236646517953886, -27.844636627437353 ], [ -64.236643002970823, -27.844634896700313 ], [ -64.236507857049958, -27.844581721307406 ], [ -64.235024187444651, -27.845348038098223 ], [ -64.234980447312353, -27.845369355631192 ], [ -64.234967526942512, -27.8453753966931 ], [ -64.234708751014352, -27.845474738573671 ], [ -64.234675714517778, -27.845482906884854 ], [ -64.23440905784787, -27.845428439392663 ], [ -64.234220345189328, -27.845587900903467 ], [ -64.234247544063578, -27.84543720390792 ], [ -64.233205449414356, -27.84521721696342 ], [ -64.233019744531703, -27.845133896770619 ], [ -64.232529005046274, -27.845260346221892 ], [ -64.2319357023988, -27.845205537576362 ], [ -64.231604957884997, -27.845174989760551 ], [ -64.231046002765311, -27.845387481483044 ], [ -64.231034398537588, -27.845407568543408 ], [ -64.230574208131713, -27.845746680914033 ], [ -64.230786350160088, -27.84679674894312 ], [ -64.230527848875624, -27.846882875782626 ], [ -64.228618848133692, -27.847564479755192 ], [ -64.228598779537151, -27.847599213805324 ], [ -64.228006775578137, -27.847823052501326 ], [ -64.227966142842092, -27.847834216906733 ], [ -64.227313702200092, -27.848063032765651 ], [ -64.227201395831059, -27.847391225133322 ], [ -64.227192459286073, -27.84735752919471 ], [ -64.227201688174375, -27.847335428802694 ], [ -64.22704348366949, -27.846394544427824 ], [ -64.226998136586076, -27.846404849131318 ], [ -64.226973042260624, -27.846341709287231 ], [ -64.226963941985332, -27.846298459847958 ], [ -64.226952839452451, -27.846291976747409 ], [ -64.226918008779649, -27.846093914984806 ], [ -64.226908942811406, -27.846017184290986 ], [ -64.226914980012623, -27.846008576551867 ], [ -64.22707336821901, -27.846004295141313 ], [ -64.227056260802783, -27.845936523568184 ], [ -64.226796751743223, -27.845013209271087 ], [ -64.226717376007571, -27.844592618322054 ], [ -64.226669091096369, -27.844363967257436 ], [ -64.22796623778811, -27.844547219969456 ], [ -64.228426617772641, -27.843428764894668 ], [ -64.228737362795016, -27.842880310533474 ], [ -64.228309100875208, -27.842460760761298 ], [ -64.227724618446871, -27.842324250558136 ], [ -64.227260654583461, -27.84177980138395 ], [ -64.227231824600437, -27.841764052592168 ], [ -64.227197824669133, -27.841770872435632 ], [ -64.227062938967151, -27.841609579012015 ], [ -64.226458077670088, -27.842191944561478 ], [ -64.226389225199682, -27.842160066493136 ], [ -64.226293272060104, -27.841763315368382 ], [ -64.226290640499201, -27.841750617607943 ], [ -64.225941435213883, -27.840264627805254 ], [ -64.225767650546857, -27.83989587848032 ], [ -64.225706079170948, -27.839860124595134 ], [ -64.225242927386944, -27.838845124518059 ], [ -64.225209117225063, -27.838811792047579 ], [ -64.2251774926238, -27.838129361097913 ], [ -64.22523929413768, -27.83707222772 ], [ -64.225075731610673, -27.835849954254968 ], [ -64.224895460440678, -27.835607510981163 ], [ -64.224887736542826, -27.835602990513962 ], [ -64.22488431531292, -27.835598611458806 ], [ -64.224876347043619, -27.835593951546798 ], [ -64.224824279435097, -27.835551860170426 ], [ -64.224814976555081, -27.83554650996706 ], [ -64.224741300282346, -27.835487346316484 ], [ -64.224360473898685, -27.835074434432215 ], [ -64.224336746827078, -27.83506075929688 ], [ -64.224294801219514, -27.835030430135475 ], [ -64.224045724067253, -27.834845215456426 ], [ -64.223773240953847, -27.83471938459877 ], [ -64.223749960471423, -27.834706206394003 ], [ -64.223522966168048, -27.834526846124618 ], [ -64.222970080384243, -27.83434849665656 ], [ -64.222428438845157, -27.834273255181813 ], [ -64.222310037824343, -27.834007561161059 ], [ -64.222051998187226, -27.833874273608444 ], [ -64.221281501956241, -27.834335868058929 ], [ -64.220941672869401, -27.83482896159461 ], [ -64.22062005197165, -27.834798006185167 ], [ -64.220595228149648, -27.834779726552256 ], [ -64.220577343963669, -27.834781832906174 ], [ -64.220070147097488, -27.834243892327549 ], [ -64.219934068211728, -27.833974618270247 ], [ -64.219826577901642, -27.833928637890381 ], [ -64.219816797105466, -27.833935972257564 ], [ -64.219777829059467, -27.833903825017558 ], [ -64.219605593335643, -27.833819962425139 ], [ -64.21939648105382, -27.834052029004965 ], [ -64.219416031467404, -27.834068157394768 ], [ -64.219381550855417, -27.834088305866544 ], [ -64.219208032967174, -27.83423831821932 ], [ -64.219030285870133, -27.834285571344651 ], [ -64.219022670692766, -27.834281169586575 ], [ -64.218984077812934, -27.834289554967484 ], [ -64.218966190223227, -27.834239928158468 ], [ -64.218824772650464, -27.834021726666435 ], [ -64.218838835150962, -27.834015263609615 ], [ -64.218823271376152, -27.833982581756743 ], [ -64.218434866036091, -27.833589613596871 ], [ -64.218426024314681, -27.833557955240224 ], [ -64.218256330348424, -27.833455302394611 ], [ -64.218162162608223, -27.833307273276432 ], [ -64.218118089688801, -27.833286220637831 ], [ -64.217519325344995, -27.832622552307953 ], [ -64.217416803987646, -27.833271006849031 ], [ -64.216768627611771, -27.833362355699023 ], [ -64.216567818569331, -27.833489753210415 ], [ -64.216457077139864, -27.833547699020528 ], [ -64.216443142488231, -27.83353964411674 ], [ -64.215748551122999, -27.833917980928788 ], [ -64.21524891806871, -27.834062074844951 ], [ -64.215252227429005, -27.834079196033656 ], [ -64.214829346194733, -27.834040567349064 ], [ -64.214821354467176, -27.834035824090051 ], [ -64.214795439551381, -27.833953275976796 ], [ -64.214728694020323, -27.833936264764191 ], [ -64.214386409968711, -27.833845914244307 ], [ -64.214084935631149, -27.833387925455099 ], [ -64.214050576157547, -27.833320535457801 ], [ -64.213924425933612, -27.832046104975348 ], [ -64.214206029070397, -27.82989029498259 ], [ -64.214203678291483, -27.829728710972404 ], [ -64.214188060119625, -27.829614261886547 ], [ -64.214178945924402, -27.829596375087306 ], [ -64.214173829213053, -27.829593353811276 ], [ -64.214155090739268, -27.829558165655271 ], [ -64.214147678616371, -27.829553937754383 ], [ -64.214062858940508, -27.829474619961161 ], [ -64.214052744689752, -27.829460900693107 ], [ -64.213639891615458, -27.829094906636556 ], [ -64.213482722689832, -27.828761238002755 ], [ -64.213498376274686, -27.828535197214705 ], [ -64.213432726099768, -27.828495376085129 ], [ -64.213432520352342, -27.828487481561808 ], [ -64.213437619779029, -27.828484989173262 ], [ -64.213466820868121, -27.828479997583372 ], [ -64.213460554316384, -27.828487947917779 ], [ -64.213511707614998, -27.828478329294853 ], [ -64.213519609971058, -27.828523769039066 ], [ -64.213525876522965, -27.828515818704716 ], [ -64.213668845436473, -27.828447025225614 ], [ -64.213712104713522, -27.828450535632271 ], [ -64.213721543726479, -27.828437947027624 ], [ -64.213674476971107, -27.828271824849992 ], [ -64.213645399493771, -27.828155325337548 ], [ -64.213476442902845, -27.827437563474405 ], [ -64.213442337543427, -27.827111040491616 ], [ -64.213399015047798, -27.827084305194319 ], [ -64.213314216380695, -27.826751962159619 ], [ -64.213278465798965, -27.826603619057835 ], [ -64.213224829141723, -27.826407984371428 ], [ -64.213244180628521, -27.826382626680015 ], [ -64.213237394825057, -27.826345130248001 ], [ -64.213721667506036, -27.826288635141395 ], [ -64.213749046861437, -27.826305072552827 ], [ -64.213899844007756, -27.826270595382425 ], [ -64.213958218226765, -27.826267679611533 ], [ -64.213966512047023, -27.826272792243799 ], [ -64.214022957788984, -27.826218340148955 ], [ -64.214027205069385, -27.826218234151554 ], [ -64.214029892747817, -27.82621467673016 ], [ -64.214025054273577, -27.8261533382896 ], [ -64.214022061140099, -27.826150093797821 ], [ -64.213969998675793, -27.826172709350885 ], [ -64.213942491415139, -27.826173412936896 ], [ -64.212909333731318, -27.826065180877947 ], [ -64.212842869916869, -27.826058009257054 ], [ -64.212817540458218, -27.826049685298415 ], [ -64.212748687751969, -27.826074415164442 ], [ -64.212456860250484, -27.826087908819943 ], [ -64.210566334269913, -27.826322299737456 ], [ -64.210521313703566, -27.826336005941016 ], [ -64.210389528581459, -27.826330365095714 ], [ -64.210345085961706, -27.826336747883147 ], [ -64.21003800905055, -27.826276157570931 ], [ -64.209996687337821, -27.826277492947099 ], [ -64.208380517749617, -27.826317386491098 ], [ -64.207899816976919, -27.826257219289232 ], [ -64.207883015936432, -27.826257722263506 ], [ -64.207238601628319, -27.826376090869815 ], [ -64.206478638171063, -27.826364333706124 ], [ -64.2071020116353, -27.825754001288828 ], [ -64.20751534875717, -27.825814858316676 ], [ -64.207518161896473, -27.825806149742903 ], [ -64.207420567079907, -27.825594875008733 ], [ -64.207260285595112, -27.822389765031062 ], [ -64.207262630748346, -27.822365606334586 ], [ -64.204901833403426, -27.820487720238475 ], [ -64.204636871985542, -27.820564750120582 ], [ -64.204611840758162, -27.820579848319369 ], [ -64.204411714181504, -27.820619910418486 ], [ -64.203052083862588, -27.821190496844054 ], [ -64.203040066677318, -27.821219355042729 ], [ -64.201559862013653, -27.822344062039008 ], [ -64.201489708820532, -27.825108109511405 ], [ -64.201475474833046, -27.825120879364306 ], [ -64.20145275669438, -27.825186585461495 ], [ -64.201453455169883, -27.825210314859419 ], [ -64.201562068371345, -27.82551703035324 ], [ -64.201501988607788, -27.82661888902453 ], [ -64.202137469902937, -27.826731835759176 ], [ -64.202142541408648, -27.826736748548115 ], [ -64.202785113627158, -27.826822118498512 ], [ -64.202455231508679, -27.82721840161372 ], [ -64.202416599987487, -27.827261815646523 ], [ -64.201339860606538, -27.827640670019321 ], [ -64.20127191463655, -27.827641545897222 ], [ -64.200152542328794, -27.827291376564517 ], [ -64.199994602658478, -27.827127908239049 ], [ -64.199746240145885, -27.826896529415308 ], [ -64.199400372298896, -27.826562114724595 ], [ -64.198722990156853, -27.826392670710675 ], [ -64.197698307640792, -27.825888124306744 ], [ -64.196980816421728, -27.825534821679128 ], [ -64.19693704763705, -27.825547317795554 ], [ -64.1946330118746, -27.8278883750246 ], [ -64.194264210313577, -27.828046138488048 ], [ -64.193982775069571, -27.828340383870227 ], [ -64.193959564477211, -27.828411048207727 ], [ -64.193736931559158, -27.828600235204476 ], [ -64.193733612268431, -27.828675730124189 ], [ -64.19321726802292, -27.829215108372864 ], [ -64.193216829463154, -27.829287656472218 ], [ -64.189712222046978, -27.83394107033638 ], [ -64.188634430179036, -27.834795400596704 ], [ -64.1821831262709, -27.837128764293823 ], [ -64.182044446689929, -27.837126316109845 ], [ -64.180313146464243, -27.837417894495275 ], [ -64.18029312176111, -27.837438777087925 ], [ -64.173669783348828, -27.839325409609955 ], [ -64.173600626588495, -27.839330713780839 ], [ -64.168418846701456, -27.84104657137118 ], [ -64.168438783610668, -27.84108751753422 ], [ -64.161901836317043, -27.84378257182118 ], [ -64.157734860702249, -27.845948859677378 ], [ -64.15494214864907, -27.846651890230078 ], [ -64.155338176970588, -27.844667817077323 ], [ -64.155337312823974, -27.844618248714085 ], [ -64.155335500095873, -27.844617677085296 ], [ -64.155337192550235, -27.844613572506773 ], [ -64.155335483239583, -27.844612993174621 ], [ -64.153682542779904, -27.843300295299173 ], [ -64.152190519497253, -27.8396640364154 ], [ -64.15445914732544, -27.83683678332136 ], [ -64.154771204215706, -27.837815196952818 ], [ -64.154785855040473, -27.837827059706342 ], [ -64.154753801973129, -27.837945982277404 ], [ -64.154767201508662, -27.837956831863721 ], [ -64.156040820978035, -27.837461529365498 ], [ -64.156071190260946, -27.837471349903922 ], [ -64.158849055509791, -27.83590178147989 ], [ -64.159282651637227, -27.835148901652985 ], [ -64.158805114319534, -27.834466502717817 ], [ -64.158760957109848, -27.834452223566984 ], [ -64.158325900480804, -27.833330586144029 ], [ -64.158349223976018, -27.833300981067509 ], [ -64.158259280310972, -27.833268751025855 ], [ -64.15826812907892, -27.833224291639567 ], [ -64.156961004928291, -27.831123318426535 ], [ -64.15695325270076, -27.831117041458015 ], [ -64.156938569736042, -27.831151279931021 ], [ -64.156929999724753, -27.831144340804258 ], [ -64.156533541946658, -27.830954097406163 ], [ -64.156376664594859, -27.830354610461654 ], [ -64.156424531581308, -27.83035388090957 ], [ -64.156397113775256, -27.82990823656138 ], [ -64.156384044295521, -27.829872164005792 ], [ -64.156324566215801, -27.829880824940233 ], [ -64.156332950550848, -27.829855934436523 ], [ -64.156023767597731, -27.829930598458986 ], [ -64.155847760014012, -27.830000666872195 ], [ -64.155799992786683, -27.830062638080335 ], [ -64.153684623400466, -27.830661585838754 ], [ -64.153640786377991, -27.830721271343634 ], [ -64.152391098553039, -27.831052911138386 ], [ -64.135403342474945, -27.833836326347694 ], [ -64.11578332476364, -27.842985511619418 ], [ -64.115720725268261, -27.842955851607314 ], [ -64.112467146937433, -27.842674492068625 ], [ -64.108907823006291, -27.844391848898852 ], [ -64.109163576420997, -27.848075341029528 ], [ -64.109184950736562, -27.848087851648017 ], [ -64.109233960829499, -27.848111072920574 ], [ -64.112197094555825, -27.859792284656976 ], [ -64.104444595096254, -27.857003688382179 ], [ -64.103733200945214, -27.86059089971792 ], [ -64.1037000438468, -27.860599581334839 ], [ -64.103677138596936, -27.860618946133911 ], [ -64.100351028838475, -27.859935651431783 ], [ -64.093835468339421, -27.862473240804547 ], [ -64.094485828465452, -27.85610249568191 ], [ -64.084014453668601, -27.853902545577057 ], [ -64.083985752479634, -27.853885789885396 ], [ -64.081555500220531, -27.854631111829633 ], [ -64.081520908411846, -27.854610989726439 ], [ -64.080096826354236, -27.852730307709066 ], [ -64.081121737544606, -27.846266458867433 ], [ -64.081126504767269, -27.846241492126921 ], [ -64.080772613271392, -27.845666700599395 ], [ -64.080778136952915, -27.845639710173145 ], [ -64.071990737059934, -27.841699236924683 ], [ -64.07284689406896, -27.838270487979344 ], [ -64.071381596811989, -27.838807461059048 ], [ -64.071336516858082, -27.838824897658242 ], [ -64.069865524080114, -27.839404152238728 ], [ -64.069203385625315, -27.842761264885439 ], [ -64.069161254293249, -27.842772807910819 ], [ -64.068488165720851, -27.842826068461363 ], [ -64.068443990024491, -27.842831382847635 ], [ -64.066458801127055, -27.844646521068682 ], [ -64.066452285380251, -27.844678359034106 ], [ -64.066169529996785, -27.845312913208375 ], [ -64.066163864519126, -27.845342584260777 ], [ -64.060791689316886, -27.853138517499531 ], [ -64.061181479906566, -27.854227000614401 ], [ -64.061184868635792, -27.854252415650137 ], [ -64.061245021872026, -27.85533199050866 ], [ -64.063261333237108, -27.859855348301494 ], [ -64.063311593627077, -27.859889351359982 ], [ -64.064933558168264, -27.861832705849338 ], [ -64.069862097143869, -27.868204619002427 ], [ -64.068042222835288, -27.868582709226757 ], [ -64.059597406495811, -27.873846583110094 ], [ -64.057447729075932, -27.875814265032091 ], [ -64.051407102819837, -27.876434892179361 ], [ -64.051393907643956, -27.876436353003101 ], [ -64.048089397160027, -27.874889390660712 ], [ -64.048064146894603, -27.874934340928917 ], [ -64.047179074372593, -27.874472515013281 ], [ -64.047159612770827, -27.874511599486539 ], [ -64.046220316392123, -27.874055207677031 ], [ -64.042361091797261, -27.870081787815081 ], [ -64.037181048891568, -27.865455379106436 ], [ -64.032915823273015, -27.861249277720844 ], [ -64.027507546794425, -27.855075161760169 ], [ -64.023440133963277, -27.860446289866786 ], [ -64.017766525670822, -27.862152309634268 ], [ -64.012510385374924, -27.863732797987893 ], [ -64.009015778213609, -27.869243924815748 ], [ -64.001031306567199, -27.869981416792257 ], [ -63.996850842606932, -27.869864089021178 ], [ -63.998089067850799, -27.873100689510125 ], [ -63.998400228874402, -27.879532189743031 ], [ -63.990266870486209, -27.880458921386833 ], [ -63.987871801694894, -27.881566028818497 ], [ -63.985474589146861, -27.881321377637164 ], [ -63.985417332707812, -27.881351902435938 ], [ -63.985350425436422, -27.88167351299802 ], [ -63.985294620827688, -27.881703264125747 ], [ -63.984961975669762, -27.88277532948797 ], [ -63.98246462223949, -27.886000874657157 ], [ -63.98151693268494, -27.886554414984232 ], [ -63.981492132353367, -27.886601783785409 ], [ -63.980473407303975, -27.887210292768941 ], [ -63.979902794465431, -27.887596474739269 ], [ -63.97888578988568, -27.889693400199917 ], [ -63.97822691014909, -27.889938205659917 ], [ -63.974486484725048, -27.891296555879137 ], [ -63.974463439049089, -27.891316890296764 ], [ -63.973801702666265, -27.891907843386775 ], [ -63.973140163028347, -27.891503404899936 ], [ -63.97123964643572, -27.890484367578438 ], [ -63.96952860417457, -27.889296210338557 ], [ -63.963443076125657, -27.8850703546928 ], [ -63.962082312368409, -27.885474946741283 ], [ -63.960527379026701, -27.885999018075722 ], [ -63.959972330450682, -27.886046992600654 ], [ -63.956916850446476, -27.886311086967055 ], [ -63.952703135141803, -27.886675291108986 ], [ -63.947629996390674, -27.888377247251697 ], [ -63.943906441676972, -27.889063847765101 ], [ -63.943874832843164, -27.889081207449124 ], [ -63.942995091827129, -27.890170222020174 ], [ -63.941876498509089, -27.891554907285354 ], [ -63.937431588441939, -27.894240863235098 ], [ -63.936629952264525, -27.896094513982405 ], [ -63.936242294086355, -27.895615779070454 ], [ -63.935975553834226, -27.895413179849925 ], [ -63.935012903991549, -27.89551001685146 ], [ -63.934416820514116, -27.895346698483195 ], [ -63.932541554464649, -27.895258730635533 ], [ -63.920871307569939, -27.89660307314449 ], [ -63.921254596524648, -27.895817640492226 ], [ -63.93197248232201, -27.883365032414815 ], [ -63.931986275346219, -27.883335238899974 ], [ -63.932627700187652, -27.884322186852216 ], [ -63.932810875247867, -27.88417050501937 ], [ -63.935992506121693, -27.881233946526606 ], [ -63.93962538962046, -27.87788091163236 ], [ -63.947312200233796, -27.865961519060193 ], [ -63.949559345515127, -27.862742905901712 ], [ -63.949108729818192, -27.862059983503457 ], [ -63.951540081781786, -27.860197730863263 ], [ -63.951571443887303, -27.86017107232442 ], [ -63.952548684379735, -27.859431944295181 ], [ -63.953409972760198, -27.860256684836088 ], [ -63.95343754469053, -27.860291578639647 ], [ -63.953457121633448, -27.860290747483987 ], [ -63.959218493376966, -27.858225565731459 ], [ -63.965838436362901, -27.852690695387253 ], [ -63.966271542419349, -27.851800797601868 ], [ -63.969095960859931, -27.849891873419551 ], [ -63.969098905450096, -27.849889303364307 ], [ -63.96912635630207, -27.849927112422904 ], [ -63.969600267641908, -27.850545418960905 ], [ -63.973367175828287, -27.848933775317732 ], [ -63.974010810499976, -27.846956078480162 ], [ -63.976295500082017, -27.842887425448964 ], [ -63.978046805973179, -27.842708643208823 ], [ -63.980450087079021, -27.840179447307946 ], [ -63.982971289325917, -27.834107245001917 ], [ -63.980235581692853, -27.828637408713973 ], [ -63.980346246544741, -27.826258845708765 ], [ -63.980947124191289, -27.825003397276248 ], [ -63.980950294589832, -27.824991942705992 ], [ -63.980974520417135, -27.82457134061309 ], [ -63.980978023871444, -27.824558682904694 ], [ -63.981006525431212, -27.824499137149644 ], [ -63.983971408186278, -27.820862208417964 ], [ -63.984045310747661, -27.820953635763885 ], [ -63.984052961643329, -27.820975148179116 ], [ -63.986688578478152, -27.82017895737971 ], [ -63.988933704578301, -27.819490681455875 ], [ -63.989175292362575, -27.816048059041293 ], [ -63.989131285013059, -27.816039305486811 ], [ -63.989929647495046, -27.815156657361285 ], [ -63.989941813704149, -27.815133896769964 ], [ -63.989716821605612, -27.81454027962593 ], [ -63.989750699484148, -27.81452242694985 ], [ -63.993003274022499, -27.812676099241912 ], [ -63.998373312724823, -27.809324324827344 ], [ -64.003863484365127, -27.809563843327567 ], [ -64.003633173455796, -27.806898958754289 ], [ -64.006898664461744, -27.79241820490671 ], [ -64.007442437827194, -27.788119026438324 ], [ -64.010003329965286, -27.787593331961716 ], [ -64.015254269527077, -27.785582071770023 ], [ -64.01526804795617, -27.785569960756675 ], [ -64.022745250913601, -27.779786396850398 ], [ -64.025256326099679, -27.778577899000936 ], [ -64.036237817882238, -27.769502553507778 ], [ -64.036897045496517, -27.769095526947524 ], [ -64.037302737079074, -27.768606291702667 ], [ -64.03731809995503, -27.768596023155851 ], [ -64.037322484814865, -27.768596271065633 ], [ -64.044578904934667, -27.761998022468788 ], [ -64.049022777253242, -27.753003061723746 ], [ -64.046494317089525, -27.750481060850007 ], [ -64.046671745174478, -27.750254364020805 ], [ -64.046664107777531, -27.750250120667033 ], [ -64.04685632564366, -27.74496800374186 ], [ -64.046974408951257, -27.742291380954271 ], [ -64.047932593458825, -27.741544635754167 ], [ -64.048995847620176, -27.74015300324379 ], [ -64.048996080006532, -27.7401019972163 ], [ -64.050723716086395, -27.738594716625244 ], [ -64.050724583160729, -27.738555850521266 ], [ -64.05030845717863, -27.738120710001112 ], [ -64.050319775482251, -27.738072486277531 ], [ -64.04518155443111, -27.732707390069436 ], [ -64.045154605600828, -27.732730874461481 ], [ -64.044435808097376, -27.73104019895635 ], [ -64.044402115669413, -27.73100163716083 ], [ -64.042711852545551, -27.730210831278384 ], [ -64.045179001713734, -27.728357101558515 ], [ -64.045189855628166, -27.72834763859413 ], [ -64.045200508285973, -27.728359889075762 ], [ -64.046167967532881, -27.727622760118038 ], [ -64.046168005390086, -27.727616965683353 ], [ -64.046168765010805, -27.727543564228142 ], [ -64.045829290699146, -27.727227625187936 ], [ -64.045207461422251, -27.726647365121892 ], [ -64.041552481519886, -27.725677014250152 ], [ -64.041552634595007, -27.725633961105984 ], [ -64.041516797102418, -27.725629256001184 ], [ -64.039940872443992, -27.725234828817349 ], [ -64.03837412125182, -27.722316421130813 ], [ -64.038374153281609, -27.72227223418588 ], [ -64.02673431020969, -27.709913754281445 ], [ -64.025402866703416, -27.708766174209416 ], [ -64.024861695505422, -27.708253177463519 ], [ -64.025749552892421, -27.707148391106045 ], [ -64.025749845798032, -27.707078569992859 ], [ -64.02323109320389, -27.704476446229648 ], [ -64.023208207624521, -27.704496513630204 ], [ -64.023185511918655, -27.704470656582146 ], [ -64.020871512526753, -27.702103865724268 ], [ -64.015872610027145, -27.698366577770742 ], [ -64.00450024213302, -27.691419630447228 ], [ -64.004499565700655, -27.691488358987669 ], [ -64.003173457113803, -27.691199293103125 ], [ -64.003170487481896, -27.691201864434277 ], [ -64.002549290045295, -27.690248591583213 ], [ -64.002548619476158, -27.690246530948173 ], [ -64.001614762583642, -27.6894340185994 ], [ -64.001615472540834, -27.689361883785978 ], [ -64.00069617955063, -27.688387531100716 ], [ -64.000696968635793, -27.688319569148803 ], [ -64.000570301908112, -27.688244070883627 ], [ -64.000514387778935, -27.688112179259804 ], [ -63.997653730859781, -27.684969298268641 ], [ -64.000919372458725, -27.680600964691621 ], [ -64.001067339025099, -27.680347308619559 ], [ -64.001102155639387, -27.680373781553158 ], [ -64.004633491954223, -27.675627469046788 ], [ -64.003061572517026, -27.669066728256666 ], [ -64.003035258379043, -27.669004244008477 ], [ -63.997210077248781, -27.664186821174496 ], [ -63.997184221254656, -27.664187526902992 ], [ -63.99329989763811, -27.661903197216304 ], [ -63.988501500901521, -27.653592055147158 ], [ -63.987186358273391, -27.653601959945775 ], [ -63.987178437805198, -27.65359591656852 ], [ -63.987154328322447, -27.653532659290306 ], [ -63.987008826617341, -27.652075726161343 ], [ -63.986287165047202, -27.646317536986203 ], [ -63.986263062716944, -27.646246213031702 ], [ -63.980387241840788, -27.636262019670767 ], [ -63.968469778303415, -27.632536968469481 ], [ -63.968410123866761, -27.632554826130956 ], [ -63.967431631943271, -27.63259756546995 ], [ -63.967371266142379, -27.632615641629968 ], [ -63.967025917838555, -27.632621313196864 ], [ -63.966965273092001, -27.632639471678658 ], [ -63.966149469491143, -27.632672452000349 ], [ -63.96608822242996, -27.632690789046706 ], [ -63.965643710427287, -27.632702040139577 ], [ -63.965582116654616, -27.63272048309625 ], [ -63.96483836521702, -27.632749068718397 ], [ -63.964776217001543, -27.632767672549846 ], [ -63.964300871161981, -27.63278044239263 ], [ -63.964238354033, -27.632799157241493 ], [ -63.963563535345315, -27.63282350872305 ], [ -63.963500513313988, -27.632842379921954 ], [ -63.96324383895444, -27.632842208915349 ], [ -63.963180596796064, -27.632861143856701 ], [ -63.962154110196707, -27.632905806381928 ], [ -63.962090119137144, -27.632924963322864 ], [ -63.961668189341083, -27.632934191030984 ], [ -63.961603865037318, -27.632953449415652 ], [ -63.959697852327793, -27.633049265794284 ], [ -63.959632174508954, -27.633068927491991 ], [ -63.958305874952373, -27.633130548255167 ], [ -63.958239241218564, -27.633150495858274 ], [ -63.956830506542019, -27.633216705020061 ], [ -63.956762874529488, -27.633237005313163 ], [ -63.955740794290818, -27.633281636848267 ], [ -63.955672433688846, -27.633302227985041 ], [ -63.955105164348538, -27.633319786248762 ], [ -63.955036371521203, -27.633340523094716 ], [ -63.954593292505422, -27.633350498482685 ], [ -63.954524147979498, -27.633371340577582 ], [ -63.952447790470956, -27.634184879629686 ], [ -63.952084572378396, -27.634151309931042 ], [ -63.952015674120901, -27.634172077248138 ], [ -63.951119292805572, -27.634122347936 ], [ -63.95104946791821, -27.634143391732835 ], [ -63.948770222143423, -27.634051815814701 ], [ -63.948698144099524, -27.634073538686778 ], [ -63.948248878250752, -27.634036174699816 ], [ -63.948176300653927, -27.634058049907708 ], [ -63.946966270180781, -27.633997725785548 ], [ -63.946892462945868, -27.634019973758427 ], [ -63.946008620638452, -27.633969046650918 ], [ -63.945933894237442, -27.633991569360035 ], [ -63.944831445862803, -27.633942327060197 ], [ -63.945140272061735, -27.63342027532218 ], [ -63.945306758623076, -27.633156985608707 ], [ -63.945301506765986, -27.633141575635932 ], [ -63.945443440101201, -27.632937458345054 ], [ -63.945443375311527, -27.632937134236215 ], [ -63.966473225152185, -27.60585231861711 ], [ -63.943662430639165, -27.595752313339744 ], [ -63.946634690861572, -27.590494267178144 ], [ -63.916314644985505, -27.543774376036026 ], [ -63.916258656851994, -27.543755636180492 ], [ -63.914541905535373, -27.541715065788139 ], [ -63.914532736886486, -27.541713290326015 ], [ -63.913576055955843, -27.540894503769437 ], [ -63.907408458968575, -27.535685629499199 ], [ -63.907411011453917, -27.535665612208277 ], [ -63.882441411219418, -27.517946657437562 ], [ -63.926210894615679, -27.515612307363597 ], [ -63.926216499429813, -27.515633307831706 ], [ -63.926047739460159, -27.517161901632846 ], [ -63.926052784173692, -27.517182008458292 ], [ -63.929061178988491, -27.516754157463481 ], [ -63.929068444735265, -27.516779540246205 ], [ -63.927259365496582, -27.527447722584611 ], [ -63.927264759065906, -27.527464458641418 ], [ -63.927314379664892, -27.527498957073703 ], [ -63.930481789405633, -27.529527761272504 ], [ -63.930503763691377, -27.529557634311118 ], [ -63.934949558813798, -27.53255470680449 ], [ -63.93496250671717, -27.532578772619331 ], [ -63.950571629257126, -27.538832337614167 ], [ -63.974148141636022, -27.552208017707983 ], [ -63.974234129270314, -27.552248994484557 ], [ -63.974732821473822, -27.55214508157195 ], [ -63.983797624995589, -27.551877906381378 ], [ -63.98379379889991, -27.551839574271071 ], [ -63.987674158649213, -27.553390049950565 ], [ -64.000031889334309, -27.536013029256821 ], [ -64.01384214566292, -27.521876105193712 ], [ -63.991050793787394, -27.494602599165887 ], [ -63.988698542514157, -27.495364924129035 ], [ -63.986666502933758, -27.493203267096646 ], [ -63.987296836373844, -27.490173844164303 ], [ -63.983006598438806, -27.484976429927372 ], [ -63.985414711475983, -27.48321330668341 ], [ -63.985408548009048, -27.4831986223287 ], [ -64.015871538936096, -27.46766994935723 ], [ -64.023148379748704, -27.464089310795373 ], [ -64.023143839399722, -27.464080910485961 ], [ -64.006592735524805, -27.42779180912828 ], [ -64.008331708922867, -27.377883369794915 ], [ -64.009325612355326, -27.356783195679157 ], [ -64.005770513490688, -27.346873975301321 ], [ -64.005741676093521, -27.346845510012088 ], [ -64.002802664096635, -27.346853985369648 ], [ -64.002778595701159, -27.346824737518659 ], [ -64.002547826094997, -27.346046519809818 ], [ -64.00252419203764, -27.346016763219893 ], [ -64.003230298882613, -27.33239671087415 ], [ -64.00392506658153, -27.33138213959478 ], [ -64.003898830275091, -27.331349106628636 ], [ -64.003009500255928, -27.331689033038344 ], [ -64.018958809856088, -27.288459107910171 ], [ -64.018930217056948, -27.288414173691535 ], [ -64.018011015238983, -27.287478157625912 ], [ -63.999111234104191, -27.200499334891163 ], [ -63.978305027181761, -27.15376553429212 ], [ -63.981160620137018, -27.141997929610739 ], [ -63.981166505408169, -27.141861259448433 ], [ -63.971512970039726, -27.129266911448326 ], [ -63.974361449309356, -27.124748077947572 ], [ -63.977077984843731, -27.109062589751716 ], [ -63.977734560673696, -27.106738677520298 ], [ -63.977940412152748, -27.106479828922602 ], [ -63.977939638231192, -27.106452740465897 ], [ -63.977991708635102, -27.106452056396279 ], [ -63.978597875438368, -27.105818635889136 ], [ -63.98455193680843, -27.096102215691928 ], [ -63.984552800871029, -27.096044108595095 ], [ -63.978582628709034, -27.089805487675847 ], [ -63.97885512138555, -27.089040209727898 ], [ -63.978854721398761, -27.089034174621247 ], [ -63.979305580791163, -27.087987902437362 ], [ -63.97930643913736, -27.087980692421638 ], [ -63.987414568748079, -27.068171257383028 ], [ -64.016114856032175, -27.030433010262129 ], [ -64.014900580328344, -27.06269374504501 ], [ -64.019164551933954, -27.066730795218803 ], [ -64.019188186047302, -27.066708105200746 ], [ -64.028276888424386, -27.074543491625889 ], [ -64.028432075957426, -27.074668723558318 ], [ -64.028344987277421, -27.074740083487484 ], [ -64.028268016069887, -27.074755637437192 ], [ -64.025809270305274, -27.076969188578971 ], [ -64.025735704972362, -27.07694799418266 ], [ -64.025677343463201, -27.076965476006819 ], [ -64.025157172616389, -27.077485757012198 ], [ -64.024701521252382, -27.077941479997946 ], [ -64.024299089031558, -27.078343975475264 ], [ -64.023932506447977, -27.078727923487861 ], [ -64.022950270214494, -27.079470843401168 ], [ -64.0229112434493, -27.079479844970251 ], [ -64.021580675088103, -27.084341559994186 ], [ -64.021583370802261, -27.084361312802969 ], [ -64.02692623241245, -27.091469991296492 ], [ -64.030078879621954, -27.102353770961713 ], [ -64.040871326310651, -27.105886983616529 ], [ -64.028861496407899, -27.109108948039875 ], [ -64.017776462283791, -27.122287576108249 ], [ -64.023955287325805, -27.148202322531176 ], [ -64.020172907549124, -27.152638502374373 ], [ -64.021725134042697, -27.154757169354525 ], [ -64.021757688144589, -27.154805355230508 ], [ -64.028320608991294, -27.165005159638895 ], [ -64.028363695190251, -27.165028839879142 ], [ -64.04193177115593, -27.165574241525405 ], [ -64.046058622288683, -27.164099316181591 ], [ -64.046881445878398, -27.164675453991208 ], [ -64.046892548192204, -27.16468844752859 ], [ -64.046951119534015, -27.164688074538162 ], [ -64.052568034491003, -27.165029801805531 ], [ -64.053891333677939, -27.16529552996036 ], [ -64.053909451675167, -27.165300702930608 ], [ -64.058474088199489, -27.166328399394786 ], [ -64.059793381564532, -27.170127066898829 ], [ -64.055430813329622, -27.170466475155251 ], [ -64.078423031461398, -27.222361109179019 ], [ -64.092343969023318, -27.225721188998193 ], [ -64.098753498490737, -27.222865789848129 ], [ -64.115547965118537, -27.21583260914457 ], [ -64.119536043567962, -27.215425305579856 ], [ -64.148363222998682, -27.214883031610725 ], [ -64.148364905662049, -27.214847667191975 ], [ -64.152530996853272, -27.214586790327871 ], [ -64.159774094020122, -27.212682014874133 ], [ -64.134913853821672, -27.174567541760041 ], [ -64.144127833343077, -27.138887311120925 ], [ -64.142872048533604, -27.134786690003011 ], [ -64.117715885796713, -27.120869389530753 ], [ -64.11596629871724, -27.122023066924896 ], [ -64.115923102222837, -27.122036014955086 ], [ -64.115070802886407, -27.12173901594258 ], [ -64.115022776242768, -27.121724446596943 ], [ -64.112841162988275, -27.12063977716366 ], [ -64.101127103275815, -27.124673468129515 ], [ -64.100868923059124, -27.118114135404824 ], [ -64.100416840967569, -27.116846151955542 ], [ -64.077543231442348, -27.111910684387169 ], [ -64.050328489166361, -27.106038525131396 ], [ -64.073471705995928, -27.104348529600088 ], [ -64.075542378742114, -27.095737289676833 ], [ -64.087524703902886, -27.090841862796935 ], [ -64.087689255102077, -27.084208915708814 ], [ -64.089082931993005, -27.082872789665316 ], [ -64.089112352774123, -27.082870504975745 ], [ -64.093869962614349, -27.077973063332308 ], [ -64.094383448660096, -27.077700074464531 ], [ -64.110252390541802, -27.067238161720695 ], [ -64.114295527563002, -27.051019014056294 ], [ -64.105985528567146, -27.000754236020896 ], [ -64.142915948863276, -26.962636224113112 ], [ -64.19539787598228, -26.88929867996427 ], [ -64.19947895625404, -26.854971005532434 ], [ -64.142856453841318, -26.806591759903711 ], [ -64.13088724408226, -26.792917131976992 ], [ -64.059517971041601, -26.778854122769246 ], [ -64.056392264892963, -26.77570464436684 ], [ -64.056383021281817, -26.775704035520164 ], [ -64.056382638982825, -26.775698378933782 ], [ -64.056373464176033, -26.775696666684951 ], [ -64.056343018545249, -26.775667797832398 ], [ -64.056333827625394, -26.775666081595716 ], [ -64.05633858516029, -26.775585058242712 ], [ -64.056329336754345, -26.775583330966526 ], [ -64.056271347151778, -26.775612469223745 ], [ -64.056262139777459, -26.775610680505508 ], [ -64.056145696219801, -26.775512634392157 ], [ -64.056136574973834, -26.775510283726646 ], [ -64.053934101450636, -26.77320340588534 ], [ -64.053923868920322, -26.773201273523057 ], [ -64.038468447643595, -26.768903119986533 ], [ -64.034294554211499, -26.77817761604075 ], [ -64.032395957279164, -26.782561772071517 ], [ -64.032327342854387, -26.782550565224881 ], [ -64.031535786421443, -26.784377287534198 ], [ -64.024284126100497, -26.798764331828863 ], [ -64.024258199027031, -26.798760587474419 ], [ -64.021046341587805, -26.805358450555616 ], [ -64.021052248810349, -26.805370996194029 ], [ -64.020828765217232, -26.80633816686202 ], [ -64.018841635945932, -26.805863041683608 ], [ -64.018786301287491, -26.805883437733087 ], [ -64.018778332474085, -26.805887003472208 ], [ -64.018307392766133, -26.807433982376097 ], [ -64.01832061381333, -26.807444669356812 ], [ -64.017824536020157, -26.809104646223602 ], [ -64.017916256907597, -26.810471169903337 ], [ -64.017893308152509, -26.810504040531441 ], [ -64.015428099311634, -26.817050221465024 ], [ -64.01514475595269, -26.812156156944695 ], [ -64.013877951303243, -26.811351331517869 ], [ -64.013880477350369, -26.811277523097942 ], [ -64.013022232613139, -26.80829909598998 ], [ -64.011752034188817, -26.80353796743492 ], [ -64.011753003911167, -26.803471455920146 ], [ -64.007764576990439, -26.790847573306849 ], [ -64.007763651164453, -26.790792943496058 ], [ -64.007382404857992, -26.789523733541671 ], [ -64.002141975168968, -26.760378578936752 ], [ -63.999978826067263, -26.752061586681123 ], [ -64.007218040734699, -26.751404171930517 ], [ -64.007475508565335, -26.745291735769172 ], [ -64.004638992980006, -26.741139761384602 ], [ -64.0026219684475, -26.740165124112025 ], [ -64.00088237910677, -26.740112806201239 ], [ -64.000554671443808, -26.740123544001392 ], [ -63.993290746902289, -26.739566087822766 ], [ -63.992359465474863, -26.732579024177767 ], [ -63.990513139588529, -26.736129173129541 ], [ -63.987981302426931, -26.733137585095847 ], [ -63.982081685705737, -26.729764079098231 ], [ -63.982016633711282, -26.729773906921594 ], [ -63.981467818450199, -26.729450970211246 ], [ -63.981198419035877, -26.729687724088308 ], [ -63.981192227330894, -26.729693779652507 ], [ -63.979449624888503, -26.727157922876643 ], [ -63.979660444597414, -26.726626542022757 ], [ -63.979660720163224, -26.726566350372082 ], [ -63.981215537790661, -26.725989051539159 ], [ -63.981450719173893, -26.725758431090014 ], [ -63.981482327005835, -26.725753655891481 ], [ -63.982013404095596, -26.725129625332613 ], [ -63.982033301143872, -26.725125640527949 ], [ -63.982033775972582, -26.725066737961299 ], [ -63.981244166464478, -26.722771667993811 ], [ -63.98124475105169, -26.722769919452389 ], [ -63.981245303055118, -26.722690778944923 ], [ -63.981245354160819, -26.722690768750226 ], [ -63.981250747471506, -26.72268405867203 ], [ -63.981241590115928, -26.722683623338867 ], [ -63.981202259770271, -26.722722997897165 ], [ -63.981202178323883, -26.722722916649673 ], [ -63.979384164312364, -26.721087841675001 ], [ -63.978677876737436, -26.720455571241018 ], [ -63.977830826766308, -26.719665192190007 ], [ -63.977831573541948, -26.719623144006505 ], [ -63.978089335511754, -26.719329208551414 ], [ -63.978088875099331, -26.719284354296235 ], [ -63.977165304537493, -26.718634776109468 ], [ -63.97716395142993, -26.718599752815578 ], [ -63.976583573600408, -26.718226949752761 ], [ -63.973041217865443, -26.714359176853861 ], [ -63.970424540154738, -26.709498432897419 ], [ -63.969199775015852, -26.705848918998527 ], [ -63.966353982359919, -26.699544367684837 ], [ -63.967045041172753, -26.680275026656773 ], [ -63.968411799858188, -26.674469851101378 ], [ -63.970446047119651, -26.636620759481332 ], [ -63.986952187612587, -26.588511985593982 ], [ -63.983556940867402, -26.582302595108104 ], [ -63.990227753549561, -26.576872009270176 ], [ -63.999048584333138, -26.554126052211586 ], [ -64.000653114063539, -26.55173935266248 ], [ -64.003039184508339, -26.543671978183397 ], [ -64.003006306970292, -26.543640180366651 ], [ -64.002045223502478, -26.543298852147359 ], [ -64.002039517194873, -26.543280971571505 ], [ -64.000464626222595, -26.542614187084666 ], [ -64.000490497793749, -26.542587537578527 ], [ -64.005112288185842, -26.536651631991901 ], [ -64.006599471231709, -26.540969435333068 ], [ -64.009825014197418, -26.542597032039282 ], [ -64.009858616443125, -26.542631188293115 ], [ -64.015649369029802, -26.549957548981183 ], [ -64.008761501414881, -26.556849119098501 ], [ -64.013495815629312, -26.582795816674604 ], [ -64.013521753297937, -26.582817475791956 ], [ -64.028097743176659, -26.583080521074237 ], [ -64.024290289755243, -26.588087412273921 ], [ -64.024280933555701, -26.588098618544223 ], [ -64.014075461903587, -26.591593232044829 ], [ -64.019684332350948, -26.625780337997753 ], [ -64.031198743840037, -26.627689481482321 ], [ -64.031238534357215, -26.627661193750669 ], [ -64.034852541406337, -26.638348898537458 ], [ -64.045505282104955, -26.630291654973007 ], [ -64.049830546593398, -26.632962409816173 ], [ -64.052132185566109, -26.633374002397431 ], [ -64.051952861721986, -26.631625171538531 ], [ -64.052181332736097, -26.631559941640887 ], [ -64.052184749833032, -26.631555462015513 ], [ -64.053615294823317, -26.631567827919014 ], [ -64.077542638086925, -26.621597861755504 ], [ -64.084976154204071, -26.6223689019983 ], [ -64.130936711553431, -26.611126468784221 ], [ -64.138774795463632, -26.608441870268109 ], [ -64.145346236945898, -26.570533530997011 ], [ -64.147960734265268, -26.566539493873563 ], [ -64.154706421387914, -26.550167749760817 ], [ -64.154695859546109, -26.550105768853996 ], [ -64.132586533004201, -26.533258532258287 ], [ -64.09867913714362, -26.535610588389375 ], [ -64.098609477790376, -26.535623001835745 ], [ -64.09401969897408, -26.536775577412641 ], [ -64.075239845945077, -26.537808835536794 ], [ -64.075238811901841, -26.537808921308283 ], [ -64.07523883304259, -26.537809171870947 ], [ -64.075237804353719, -26.537809324539694 ], [ -64.073826045051646, -26.537699236039316 ], [ -64.07379560748592, -26.537695238445053 ], [ -64.073836387739959, -26.537676418724686 ], [ -64.073754001174109, -26.537290576909584 ], [ -64.073755239712, -26.53718177279535 ], [ -64.073816345562989, -26.537140597801056 ], [ -64.073822697078811, -26.537055516514954 ], [ -64.073782779721398, -26.537063221613494 ], [ -64.073804040009065, -26.53700821785975 ], [ -64.073823801670528, -26.536939367339642 ], [ -64.073881746048869, -26.536970468877485 ], [ -64.074069997100082, -26.53703766269922 ], [ -64.075364792749269, -26.536029825498474 ], [ -64.093715057332759, -26.524665804260167 ], [ -64.095502299294481, -26.522659339142251 ], [ -64.097531699338219, -26.522840871015546 ], [ -64.110570031724137, -26.515001323204274 ], [ -64.114202941979556, -26.51459416248116 ], [ -64.116042220862312, -26.510700667691594 ], [ -64.11779697236102, -26.501644966672018 ], [ -64.117787753288326, -26.501620093698932 ], [ -64.117333996366312, -26.50125786753847 ], [ -64.114719726278963, -26.500068795628749 ], [ -64.11427240093974, -26.495573669604539 ], [ -64.108031440470313, -26.492828506322326 ], [ -64.104335899839214, -26.491059904850317 ], [ -64.103392807088539, -26.490207898616575 ], [ -64.10336762171255, -26.490208224917694 ], [ -64.08515901731522, -26.481982854301407 ], [ -64.066038656033925, -26.467118993581551 ], [ -64.065231893310454, -26.466771843748518 ], [ -64.029051549329211, -26.456637434715105 ], [ -64.039589467242706, -26.453787611156997 ], [ -64.043569909448763, -26.45179115132089 ], [ -64.052737301090644, -26.44876050910807 ], [ -64.052764797785017, -26.448727214220582 ], [ -64.060134011492266, -26.445836277696401 ], [ -64.071049034475664, -26.434583695372851 ], [ -64.086620090964857, -26.424189906025617 ], [ -64.088421747837856, -26.423166571472223 ], [ -64.088465237862351, -26.423151032441581 ], [ -64.096487441575391, -26.420937903760262 ], [ -64.135727213214295, -26.400291757607306 ], [ -64.135713671080964, -26.400226830142458 ], [ -64.137528504388854, -26.395091219366975 ], [ -64.143163714385423, -26.398735578279741 ], [ -64.143171771622519, -26.398741160635552 ], [ -64.144355836447858, -26.399470551481443 ], [ -64.144365976199367, -26.399455404405558 ], [ -64.144382693767511, -26.399466546753956 ], [ -64.148914255222735, -26.402208838159197 ], [ -64.150237961150822, -26.403063743942425 ], [ -64.150309538387376, -26.403052956690374 ], [ -64.150310856675787, -26.403059642373364 ], [ -64.154054867638649, -26.405518668464651 ], [ -64.156760331519649, -26.407242141826544 ], [ -64.161034488793916, -26.407687182212101 ], [ -64.161774308218583, -26.407057824792389 ], [ -64.161787020703059, -26.407055993066422 ], [ -64.164098305651976, -26.40475881200166 ], [ -64.168095306335658, -26.400329511865948 ], [ -64.168535200102156, -26.399769254668854 ], [ -64.171092973496741, -26.396903731931616 ], [ -64.164811310570371, -26.389862757814399 ], [ -64.187348353667971, -26.368492734999563 ], [ -64.205311316835207, -26.354274105522109 ], [ -64.198143701119761, -26.337694725237384 ], [ -64.19814358568135, -26.337643991712525 ], [ -64.205789980105237, -26.341140195169658 ], [ -64.212016957598678, -26.34435208002742 ], [ -64.214523583042137, -26.344839369702413 ], [ -64.213874993363561, -26.347210820795055 ], [ -64.213883451122513, -26.347282989162863 ], [ -64.215624315271498, -26.351373956391512 ], [ -64.215624461796097, -26.35143835181168 ], [ -64.220722071058333, -26.364121739433017 ], [ -64.235165883539423, -26.360472375484562 ], [ -64.235303049823813, -26.360365601433557 ], [ -64.246161572803771, -26.346177331203364 ], [ -64.240611586922853, -26.333249307650533 ], [ -64.24229851894529, -26.330004788959229 ], [ -64.241887672469318, -26.327999103302375 ], [ -64.241880059458765, -26.327983883217257 ], [ -64.242015440437456, -26.326560601443305 ], [ -64.239591108332434, -26.315219881411622 ], [ -64.233984333363935, -26.316500876607051 ], [ -64.22101692033533, -26.315535534217929 ], [ -64.22101041071744, -26.31559506073171 ], [ -64.218065421445772, -26.315792697557185 ], [ -64.218049051530841, -26.315723829870876 ], [ -64.209626921136419, -26.312373530151092 ], [ -64.209616265288844, -26.312321345323255 ], [ -64.20682001207922, -26.310985567610544 ], [ -64.206821251657288, -26.310974232419198 ], [ -64.206807282083957, -26.310907891293368 ], [ -64.204598010628331, -26.309846421366615 ], [ -64.199547742943309, -26.306859506395995 ], [ -64.199541481136919, -26.306829050761337 ], [ -64.198305148189604, -26.306104272004518 ], [ -64.198312765115816, -26.306092881664654 ], [ -64.196977627564365, -26.305298324629632 ], [ -64.196906322041912, -26.305312814942852 ], [ -64.19593215747733, -26.305410500224127 ], [ -64.194828044753422, -26.306797492065073 ], [ -64.194843485335923, -26.30680773034419 ], [ -64.192624770452824, -26.30927855474107 ], [ -64.193152202480292, -26.310417113484903 ], [ -64.193154066736156, -26.310426243295126 ], [ -64.191941011547328, -26.31048005127775 ], [ -64.191941417147859, -26.310481943713114 ], [ -64.190966362428867, -26.310097382831998 ], [ -64.18789803432793, -26.308186401717421 ], [ -64.178873659096382, -26.303152316295836 ], [ -64.168306394363697, -26.301354983304236 ], [ -64.162832811311205, -26.304730714396953 ], [ -64.154970305970096, -26.306860322411069 ], [ -64.149765644593117, -26.307401229195136 ], [ -64.147427969346666, -26.305933050199144 ], [ -64.147407102008742, -26.305936398600352 ], [ -64.142976299468444, -26.303144157395536 ], [ -64.131515717533034, -26.30923287008477 ], [ -64.108685403256004, -26.310186665819401 ], [ -64.089566835352002, -26.315978005850354 ], [ -64.081421487674334, -26.318157447163173 ], [ -64.041936204225863, -26.327053261830315 ], [ -64.030628866260599, -26.334029736496518 ], [ -64.030415678370844, -26.334739368262433 ], [ -64.026419139944892, -26.339419112328699 ], [ -64.027111194526071, -26.340468854710196 ], [ -64.025742145230026, -26.341688786147756 ], [ -64.025674031080484, -26.341683961216802 ], [ -64.010103537524571, -26.367965849986717 ], [ -64.010859127588617, -26.365875686156414 ], [ -64.010830040393728, -26.365871995421685 ], [ -64.005498668623829, -26.374948177740293 ], [ -64.004215575010051, -26.377129030745493 ], [ -63.998172893161211, -26.352975287595939 ], [ -63.997620257839799, -26.346896611230363 ], [ -63.996087812448764, -26.341151604369941 ], [ -63.995931442256506, -26.33219953080436 ], [ -63.99439769271828, -26.320240410138979 ], [ -63.99521896661355, -26.302592185103208 ], [ -64.005614188644643, -26.252859289456012 ], [ -64.005676632689244, -26.252902347303348 ], [ -64.006045638136698, -26.251522563017829 ], [ -64.02518044668625, -26.24763661241218 ], [ -64.037317640635592, -26.236083632545103 ], [ -64.04041047924386, -26.233793493710834 ], [ -64.048614837574235, -26.224265469155227 ], [ -64.056449838227593, -26.20863692244086 ], [ -64.062745741615799, -26.218794284138141 ], [ -64.072978841894326, -26.216299502558513 ], [ -64.08475616438227, -26.211523258546265 ], [ -64.097801984470379, -26.200382567951806 ], [ -64.09984570405129, -26.198617224480756 ], [ -64.12240718017091, -26.171286196531582 ], [ -64.114846332620289, -26.159177442068028 ], [ -64.113662453243819, -26.153742527717441 ], [ -64.113666510512189, -26.153710044775664 ], [ -64.111800199257402, -26.15239137892894 ], [ -64.122773433451698, -26.138020382124978 ], [ -64.131594944694882, -26.126573125490381 ], [ -64.143170006403523, -26.122421863591171 ], [ -64.144644259752965, -26.113594796274185 ], [ -64.177094161723971, -26.099887862585774 ], [ -64.183916663325704, -26.106426050030564 ], [ -64.183965769563883, -26.106405971230231 ], [ -64.194878774749782, -26.088699959259941 ], [ -64.197571011470927, -26.083958454019751 ], [ -64.203775283763207, -26.087940678287623 ], [ -64.203836991832759, -26.087932090140612 ], [ -64.212425883951482, -26.095140993168116 ], [ -64.213104577830791, -26.110328838241173 ], [ -64.213135490247396, -26.11034945334103 ], [ -64.234265736750217, -26.109130068534398 ], [ -64.238415051898073, -26.108890619749502 ], [ -64.25264659428467, -26.112890458773791 ], [ -64.252672843395885, -26.11288336259679 ], [ -64.261324064216581, -26.115306044963688 ], [ -64.267465336120154, -26.109419800866306 ], [ -64.267506551039446, -26.109412410336347 ], [ -64.277190802492044, -26.109123778099388 ], [ -64.281153516772918, -26.106509719779694 ], [ -64.285469124714666, -26.10368442792776 ], [ -64.29148415994672, -26.101654386849248 ], [ -64.292133928472992, -26.099266327198677 ], [ -64.297148963810571, -26.093486337616525 ], [ -64.300464407431889, -26.090511866494239 ], [ -64.300376404979204, -26.089748345708699 ], [ -64.30153080988822, -26.08846156414279 ], [ -64.302180833952718, -26.087736088846327 ], [ -64.303510519400504, -26.086251943399702 ], [ -64.304005998216553, -26.085634418265272 ], [ -64.30461026849747, -26.086038002729879 ], [ -64.304638804920273, -26.086058882561531 ], [ -64.305202307375112, -26.086447115575709 ], [ -64.305805683885751, -26.086836575184918 ], [ -64.305814788730174, -26.086835301292183 ], [ -64.305833417739962, -26.086807013468558 ], [ -64.305899961593525, -26.086794201936243 ], [ -64.306132791676191, -26.086290275308102 ], [ -64.306732248411208, -26.086241319852775 ], [ -64.312169667966089, -26.087111557916955 ], [ -64.312234151558869, -26.087105216212649 ], [ -64.312331265647003, -26.086956861696478 ], [ -64.319900373553764, -26.087578552112177 ], [ -64.320095884873353, -26.087609099234328 ], [ -64.320039500310827, -26.087659587688449 ], [ -64.320440219783791, -26.087691654908724 ], [ -64.32043691962366, -26.087726850251613 ], [ -64.320215107945387, -26.088169207797364 ], [ -64.321277945708857, -26.088237523251166 ], [ -64.322290651236131, -26.089592218744542 ], [ -64.3269707022273, -26.090194588038457 ], [ -64.327008628322119, -26.090172425147671 ], [ -64.334215047486737, -26.093646193452457 ], [ -64.335187154139589, -26.094867193290895 ], [ -64.338170375294851, -26.094234768815511 ], [ -64.339867752771397, -26.094101090678237 ], [ -64.339916838410204, -26.094060903120067 ], [ -64.341713101893617, -26.092459222953948 ], [ -64.341588586055082, -26.092251594065772 ], [ -64.341613553440652, -26.092212081382399 ], [ -64.342211020096784, -26.091841586208773 ], [ -64.343035833460988, -26.091467260816103 ], [ -64.343048302852537, -26.090505347466774 ], [ -64.343063236869398, -26.090481238672453 ], [ -64.343013025506082, -26.090053364144012 ], [ -64.343643003115972, -26.090744956584558 ], [ -64.34369680775302, -26.090799777377526 ], [ -64.34519596982642, -26.090227471846049 ], [ -64.346638089587884, -26.090262128868801 ], [ -64.346679532541145, -26.090360095842811 ], [ -64.348061029602775, -26.090673657793786 ], [ -64.348119334566036, -26.090641748259941 ], [ -64.352002604298491, -26.096835103196042 ], [ -64.352009033039735, -26.096879147975699 ], [ -64.360198791916503, -26.101731489468477 ], [ -64.36515915874719, -26.101747352477332 ], [ -64.378455673039298, -26.100348701281234 ], [ -64.391504189347984, -26.102850618346395 ], [ -64.43964668076643, -26.061130483212594 ], [ -64.487567716149783, -26.016884488440724 ], [ -64.487579034612907, -26.01686985608552 ], [ -64.505159887414948, -25.966943918079494 ], [ -64.505808323264034, -25.965212803449106 ], [ -64.509636250402309, -25.960224965896771 ], [ -64.512210737916007, -25.957214159088437 ], [ -64.512722270419545, -25.957158415217975 ], [ -64.516567734861269, -25.954446061300587 ], [ -64.516574979658913, -25.954438342184574 ], [ -64.572501964896674, -25.880509840901254 ], [ -64.575927645493834, -25.877937396398352 ], [ -64.575932236104848, -25.877932847284285 ], [ -64.655470809421558, -25.932526910435286 ], [ -64.733634439256946, -25.868211676769022 ], [ -64.732740579058373, -25.866451861153848 ], [ -64.734430515350141, -25.859591138865085 ], [ -64.7831056304762, -25.827049469234282 ], [ -64.774120452913792, -25.734690084740691 ], [ -64.774146835308557, -25.734684560372614 ], [ -64.793259268480369, -25.711895945604567 ], [ -64.83669146515615, -25.667486269385222 ], [ -64.853978533420275, -25.647008051290072 ], [ -64.855895648403305, -25.641530940293876 ], [ -64.856357117483412, -25.640271655002095 ], [ -64.856400628181234, -25.640261753386312 ], [ -64.874156684363129, -25.590797302057865 ], [ -64.88580813595928, -25.572158577074902 ], [ -64.886161365242629, -25.571766804989807 ], [ -64.892567644565133, -25.566821074738698 ], [ -64.894931407658646, -25.567800044207559 ], [ -64.894963960459279, -25.567790036432939 ], [ -64.901977478384367, -25.562934257424843 ], [ -64.910100076429273, -25.555035918867588 ], [ -64.913600328709038, -25.550226012661824 ], [ -64.913595441657208, -25.550176078025743 ], [ -64.923476773667801, -25.536288928619797 ], [ -64.923517671029117, -25.536316049536822 ], [ -64.923590720903917, -25.536364745879098 ], [ -64.923592725598098, -25.53636392921635 ], [ -64.923753340572659, -25.535966712158881 ], [ -64.923745339681318, -25.535888621436357 ], [ -64.92464098391423, -25.534440458893698 ], [ -64.934756828948821, -25.51790275160289 ], [ -64.934754307333947, -25.51787830572664 ], [ -64.934492761562922, -25.517750375030118 ], [ -64.934085467870204, -25.517479684186242 ], [ -64.933824491295525, -25.51739953232925 ], [ -64.939165128381376, -25.509797639240276 ], [ -64.939180007387563, -25.509771966265419 ], [ -64.947189786844035, -25.504398398428009 ], [ -64.94718867345307, -25.504394766179246 ], [ -64.94756454075781, -25.503531245761337 ], [ -64.948661548444136, -25.498971297275261 ], [ -64.949171011552608, -25.498675311044053 ], [ -64.949228614536935, -25.498995674540708 ], [ -64.949244825343158, -25.498995681805354 ], [ -64.949245167557137, -25.499003060912457 ], [ -64.949345013868992, -25.49899664731322 ], [ -64.949403580833177, -25.498954565722215 ], [ -64.94940597563226, -25.498952639667095 ], [ -64.949439820824352, -25.498864500987452 ], [ -64.949431500578896, -25.498861773685405 ], [ -64.949438036244828, -25.498845423662829 ], [ -64.949619896147965, -25.498370655564031 ], [ -64.949629564779229, -25.498349299713084 ], [ -64.94977294202215, -25.498416261155228 ], [ -64.949779508595952, -25.49848645845293 ], [ -64.950561426218314, -25.498811597368615 ], [ -64.952617587415091, -25.499451314700536 ], [ -64.953297315615487, -25.499469889889895 ], [ -64.953305893892605, -25.499467650466215 ], [ -64.953375544793744, -25.49941880990815 ], [ -64.953383329748533, -25.499416819880025 ], [ -64.953434844579988, -25.499380134214277 ], [ -64.95349932552989, -25.499348648667251 ], [ -64.953506504016218, -25.499346828099704 ], [ -64.953551409334466, -25.49931500387396 ], [ -64.953558060641228, -25.499313329810491 ], [ -64.953597195649365, -25.499285435645561 ], [ -64.953603380561503, -25.499283878708582 ], [ -64.954050074716406, -25.498753935500531 ], [ -64.955092572669798, -25.496811209227417 ], [ -64.955274666826995, -25.496512762769498 ], [ -64.955300451389121, -25.496495292895304 ], [ -64.956408404928595, -25.494493926595794 ], [ -64.956893075246455, -25.492290132006019 ], [ -64.956651029045929, -25.484344743349141 ], [ -64.957272297597115, -25.484204490165951 ], [ -64.957296670476808, -25.484164988053976 ], [ -64.957060284831186, -25.483602640453682 ], [ -64.957876809232062, -25.481596474203059 ], [ -64.962521154634032, -25.474911340370682 ], [ -64.962533669692903, -25.474897525262122 ], [ -64.96464838889699, -25.473457523294599 ], [ -64.964670698268492, -25.473438371082977 ], [ -64.965093573472871, -25.471866448665764 ], [ -64.96475563140234, -25.470242428225333 ], [ -64.964141297304991, -25.46879489854183 ], [ -64.963653437682524, -25.467645378395105 ], [ -64.963635477776222, -25.467598722496405 ], [ -64.963056888473886, -25.46623562717491 ], [ -64.959137955059589, -25.464117454875463 ], [ -64.958397170927242, -25.464099430863939 ], [ -64.958348731796036, -25.464066875691799 ], [ -64.956968425860623, -25.464813614325408 ], [ -64.956561760285012, -25.462951040756309 ], [ -64.956773093373272, -25.462381268677007 ], [ -64.957788158144979, -25.461703384812893 ], [ -64.958242818703695, -25.460691197708513 ], [ -64.95827320384717, -25.460710796385968 ], [ -64.960315719492939, -25.458032591312929 ], [ -64.960504332160895, -25.457044087668066 ], [ -64.960318073745384, -25.454399496778137 ], [ -64.960314225624984, -25.454362114485832 ], [ -64.958517364519366, -25.452897345856798 ], [ -64.961335322662819, -25.451140811770813 ], [ -64.961161346822337, -25.449649326860879 ], [ -64.961962974482049, -25.449065184760855 ], [ -64.962773747965173, -25.449070427477693 ], [ -64.962921005475266, -25.449235175667468 ], [ -64.962826798115202, -25.448813396353785 ], [ -64.962799907742806, -25.448786756717482 ], [ -64.962804467022863, -25.448824132818743 ], [ -64.962783512980366, -25.448813148172746 ], [ -64.962467448668576, -25.448697574733103 ], [ -64.962491076174501, -25.44865954037482 ], [ -64.962080537482279, -25.44852416293088 ], [ -64.962076411227827, -25.44850797983662 ], [ -64.961326553587924, -25.445700833160288 ], [ -64.958992833529862, -25.43936733645063 ], [ -64.967193143311476, -25.449193103477569 ], [ -64.967217713773152, -25.449260225829335 ], [ -64.971032798471072, -25.455191263432141 ], [ -64.979752579136232, -25.467392991634654 ], [ -64.984073508718438, -25.469986038399668 ], [ -64.990871520224346, -25.476044415062347 ], [ -64.996486795656551, -25.483738714754395 ], [ -64.995041305007589, -25.485936409404758 ], [ -64.995041615933076, -25.485945533336462 ], [ -65.000921130534664, -25.493572162700332 ], [ -65.001789061629836, -25.493852722146869 ], [ -65.001784890286388, -25.493858074329921 ], [ -65.002002257924858, -25.495353744135173 ], [ -65.004819176657634, -25.505454933441399 ], [ -65.005857462371637, -25.507240030599348 ], [ -65.005860079414504, -25.507252760827669 ], [ -65.005885249073572, -25.507276285175919 ], [ -65.009235837995448, -25.510118866884511 ], [ -65.009928108556949, -25.51053420344806 ], [ -65.018872484743952, -25.512916714530434 ], [ -65.020161652134902, -25.514205549289329 ], [ -65.021498341691029, -25.521681445447314 ], [ -65.02380844265258, -25.584547290470027 ] ] ], [ [ [ -65.073089825395357, -24.52786819650413 ], [ -65.073098967038277, -24.527818464110624 ], [ -65.073050410557755, -24.52780694894534 ], [ -65.073037832215107, -24.527851333603792 ], [ -65.073089825395357, -24.52786819650413 ] ] ], [ [ [ -63.269273804140937, -27.353205080083455 ], [ -63.269264680603897, -27.353285105908071 ], [ -63.269316911982742, -27.353279276206536 ], [ -63.269326323690336, -27.353209416818686 ], [ -63.269273804140937, -27.353205080083455 ] ] ], [ [ [ -65.05478377342348, -29.263912243027733 ], [ -65.054788184842437, -29.26385162828393 ], [ -65.054748455837284, -29.263852961342366 ], [ -65.05478377342348, -29.263912243027733 ] ] ] ] } },
{ "type": "Feature", "properties": { "Name": "TUC : 60 - 120", "FromBreak": 60.0, "ToBreak": 120.0, "IATA": "TUC" }, "geometry": { "type": "MultiPolygon", "coordinates": [ [ [ [ -64.962467448668576, -25.448697574733103 ], [ -64.962783512980366, -25.448813148172746 ], [ -64.962804467022863, -25.448824132818743 ], [ -64.962799907742806, -25.448786756717482 ], [ -64.962826798115202, -25.448813396353785 ], [ -64.962921005475266, -25.449235175667468 ], [ -64.962773747965173, -25.449070427477693 ], [ -64.961962974482049, -25.449065184760855 ], [ -64.961161346822337, -25.449649326860879 ], [ -64.961335322662819, -25.451140811770813 ], [ -64.958517364519366, -25.452897345856798 ], [ -64.960314225624984, -25.454362114485832 ], [ -64.960318073745384, -25.454399496778137 ], [ -64.960504332160895, -25.457044087668066 ], [ -64.960315719492939, -25.458032591312929 ], [ -64.95827320384717, -25.460710796385968 ], [ -64.958242818703695, -25.460691197708513 ], [ -64.957788158144979, -25.461703384812893 ], [ -64.956773093373272, -25.462381268677007 ], [ -64.956561760285012, -25.462951040756309 ], [ -64.956968425860623, -25.464813614325408 ], [ -64.958348731796036, -25.464066875691799 ], [ -64.958397170927242, -25.464099430863939 ], [ -64.959137955059589, -25.464117454875463 ], [ -64.963056888473886, -25.46623562717491 ], [ -64.963635477776222, -25.467598722496405 ], [ -64.963653437682524, -25.467645378395105 ], [ -64.964141297304991, -25.46879489854183 ], [ -64.96475563140234, -25.470242428225333 ], [ -64.965093573472871, -25.471866448665764 ], [ -64.964670698268492, -25.473438371082977 ], [ -64.96464838889699, -25.473457523294599 ], [ -64.962533669692903, -25.474897525262122 ], [ -64.962521154634032, -25.474911340370682 ], [ -64.957876809232062, -25.481596474203059 ], [ -64.957060284831186, -25.483602640453682 ], [ -64.957296670476808, -25.484164988053976 ], [ -64.957272297597115, -25.484204490165951 ], [ -64.956651029045929, -25.484344743349141 ], [ -64.956893075246455, -25.492290132006019 ], [ -64.956408404928595, -25.494493926595794 ], [ -64.955300451389121, -25.496495292895304 ], [ -64.955274666826995, -25.496512762769498 ], [ -64.955092572669798, -25.496811209227417 ], [ -64.954050074716406, -25.498753935500531 ], [ -64.953603380561503, -25.499283878708582 ], [ -64.953597195649365, -25.499285435645561 ], [ -64.953558060641228, -25.499313329810491 ], [ -64.953551409334466, -25.49931500387396 ], [ -64.953506504016218, -25.499346828099704 ], [ -64.95349932552989, -25.499348648667251 ], [ -64.953434844579988, -25.499380134214277 ], [ -64.953383329748533, -25.499416819880025 ], [ -64.953375544793744, -25.49941880990815 ], [ -64.953305893892605, -25.499467650466215 ], [ -64.953297315615487, -25.499469889889895 ], [ -64.952617587415091, -25.499451314700536 ], [ -64.950561426218314, -25.498811597368615 ], [ -64.949779508595952, -25.49848645845293 ], [ -64.94977294202215, -25.498416261155228 ], [ -64.949629564779229, -25.498349299713084 ], [ -64.949619896147965, -25.498370655564031 ], [ -64.949438036244828, -25.498845423662829 ], [ -64.949431500578896, -25.498861773685405 ], [ -64.949439820824352, -25.498864500987452 ], [ -64.94940597563226, -25.498952639667095 ], [ -64.949403580833177, -25.498954565722215 ], [ -64.949345013868992, -25.49899664731322 ], [ -64.949245167557137, -25.499003060912457 ], [ -64.949244825343158, -25.498995681805354 ], [ -64.949228614536935, -25.498995674540708 ], [ -64.949171011552608, -25.498675311044053 ], [ -64.948661548444136, -25.498971297275261 ], [ -64.94756454075781, -25.503531245761337 ], [ -64.94718867345307, -25.504394766179246 ], [ -64.947189786844035, -25.504398398428009 ], [ -64.939180007387563, -25.509771966265419 ], [ -64.939165128381376, -25.509797639240276 ], [ -64.933824491295525, -25.51739953232925 ], [ -64.934085467870204, -25.517479684186242 ], [ -64.934492761562922, -25.517750375030118 ], [ -64.934754307333947, -25.51787830572664 ], [ -64.934756828948821, -25.51790275160289 ], [ -64.92464098391423, -25.534440458893698 ], [ -64.923745339681318, -25.535888621436357 ], [ -64.923753340572659, -25.535966712158881 ], [ -64.923592725598098, -25.53636392921635 ], [ -64.923590720903917, -25.536364745879098 ], [ -64.923517671029117, -25.536316049536822 ], [ -64.923476773667801, -25.536288928619797 ], [ -64.913595441657208, -25.550176078025743 ], [ -64.913600328709038, -25.550226012661824 ], [ -64.910100076429273, -25.555035918867588 ], [ -64.901977478384367, -25.562934257424843 ], [ -64.894963960459279, -25.567790036432939 ], [ -64.894931407658646, -25.567800044207559 ], [ -64.892567644565133, -25.566821074738698 ], [ -64.886161365242629, -25.571766804989807 ], [ -64.88580813595928, -25.572158577074902 ], [ -64.874156684363129, -25.590797302057865 ], [ -64.856400628181234, -25.640261753386312 ], [ -64.856357117483412, -25.640271655002095 ], [ -64.855895648403305, -25.641530940293876 ], [ -64.853978533420275, -25.647008051290072 ], [ -64.83669146515615, -25.667486269385222 ], [ -64.793259268480369, -25.711895945604567 ], [ -64.774146835308557, -25.734684560372614 ], [ -64.774120452913792, -25.734690084740691 ], [ -64.7831056304762, -25.827049469234282 ], [ -64.734430515350141, -25.859591138865085 ], [ -64.732740579058373, -25.866451861153848 ], [ -64.733634439256946, -25.868211676769022 ], [ -64.655470809421558, -25.932526910435286 ], [ -64.575932236104848, -25.877932847284285 ], [ -64.575927645493834, -25.877937396398352 ], [ -64.572501964896674, -25.880509840901254 ], [ -64.516574979658913, -25.954438342184574 ], [ -64.516567734861269, -25.954446061300587 ], [ -64.512722270419545, -25.957158415217975 ], [ -64.512210737916007, -25.957214159088437 ], [ -64.509636250402309, -25.960224965896771 ], [ -64.505808323264034, -25.965212803449106 ], [ -64.505159887414948, -25.966943918079494 ], [ -64.487579034612907, -26.01686985608552 ], [ -64.487567716149783, -26.016884488440724 ], [ -64.43964668076643, -26.061130483212594 ], [ -64.391504189347984, -26.102850618346395 ], [ -64.378455673039298, -26.100348701281234 ], [ -64.36515915874719, -26.101747352477332 ], [ -64.360198791916503, -26.101731489468477 ], [ -64.352009033039735, -26.096879147975699 ], [ -64.352002604298491, -26.096835103196042 ], [ -64.348119334566036, -26.090641748259941 ], [ -64.348061029602775, -26.090673657793786 ], [ -64.346679532541145, -26.090360095842811 ], [ -64.346638089587884, -26.090262128868801 ], [ -64.34519596982642, -26.090227471846049 ], [ -64.34369680775302, -26.090799777377526 ], [ -64.343643003115972, -26.090744956584558 ], [ -64.343013025506082, -26.090053364144012 ], [ -64.343063236869398, -26.090481238672453 ], [ -64.343048302852537, -26.090505347466774 ], [ -64.343035833460988, -26.091467260816103 ], [ -64.342211020096784, -26.091841586208773 ], [ -64.341613553440652, -26.092212081382399 ], [ -64.341588586055082, -26.092251594065772 ], [ -64.341713101893617, -26.092459222953948 ], [ -64.339916838410204, -26.094060903120067 ], [ -64.339867752771397, -26.094101090678237 ], [ -64.338170375294851, -26.094234768815511 ], [ -64.335187154139589, -26.094867193290895 ], [ -64.334215047486737, -26.093646193452457 ], [ -64.327008628322119, -26.090172425147671 ], [ -64.3269707022273, -26.090194588038457 ], [ -64.322290651236131, -26.089592218744542 ], [ -64.321277945708857, -26.088237523251166 ], [ -64.320215107945387, -26.088169207797364 ], [ -64.32043691962366, -26.087726850251613 ], [ -64.320440219783791, -26.087691654908724 ], [ -64.320039500310827, -26.087659587688449 ], [ -64.320095884873353, -26.087609099234328 ], [ -64.319900373553764, -26.087578552112177 ], [ -64.312331265647003, -26.086956861696478 ], [ -64.312234151558869, -26.087105216212649 ], [ -64.312169667966089, -26.087111557916955 ], [ -64.306732248411208, -26.086241319852775 ], [ -64.306132791676191, -26.086290275308102 ], [ -64.305899961593525, -26.086794201936243 ], [ -64.305833417739962, -26.086807013468558 ], [ -64.305814788730174, -26.086835301292183 ], [ -64.305805683885751, -26.086836575184918 ], [ -64.305202307375112, -26.086447115575709 ], [ -64.304638804920273, -26.086058882561531 ], [ -64.30461026849747, -26.086038002729879 ], [ -64.304005998216553, -26.085634418265272 ], [ -64.303510519400504, -26.086251943399702 ], [ -64.302180833952718, -26.087736088846327 ], [ -64.30153080988822, -26.08846156414279 ], [ -64.300376404979204, -26.089748345708699 ], [ -64.300464407431889, -26.090511866494239 ], [ -64.297148963810571, -26.093486337616525 ], [ -64.292133928472992, -26.099266327198677 ], [ -64.29148415994672, -26.101654386849248 ], [ -64.285469124714666, -26.10368442792776 ], [ -64.281153516772918, -26.106509719779694 ], [ -64.277190802492044, -26.109123778099388 ], [ -64.267506551039446, -26.109412410336347 ], [ -64.267465336120154, -26.109419800866306 ], [ -64.261324064216581, -26.115306044963688 ], [ -64.252672843395885, -26.11288336259679 ], [ -64.25264659428467, -26.112890458773791 ], [ -64.238415051898073, -26.108890619749502 ], [ -64.234265736750217, -26.109130068534398 ], [ -64.213135490247396, -26.11034945334103 ], [ -64.213104577830791, -26.110328838241173 ], [ -64.212425883951482, -26.095140993168116 ], [ -64.203836991832759, -26.087932090140612 ], [ -64.203775283763207, -26.087940678287623 ], [ -64.197571011470927, -26.083958454019751 ], [ -64.194878774749782, -26.088699959259941 ], [ -64.183965769563883, -26.106405971230231 ], [ -64.183916663325704, -26.106426050030564 ], [ -64.177094161723971, -26.099887862585774 ], [ -64.144644259752965, -26.113594796274185 ], [ -64.143170006403523, -26.122421863591171 ], [ -64.131594944694882, -26.126573125490381 ], [ -64.122773433451698, -26.138020382124978 ], [ -64.111800199257402, -26.15239137892894 ], [ -64.113666510512189, -26.153710044775664 ], [ -64.113662453243819, -26.153742527717441 ], [ -64.114846332620289, -26.159177442068028 ], [ -64.12240718017091, -26.171286196531582 ], [ -64.09984570405129, -26.198617224480756 ], [ -64.097801984470379, -26.200382567951806 ], [ -64.08475616438227, -26.211523258546265 ], [ -64.072978841894326, -26.216299502558513 ], [ -64.062745741615799, -26.218794284138141 ], [ -64.056449838227593, -26.20863692244086 ], [ -64.048614837574235, -26.224265469155227 ], [ -64.04041047924386, -26.233793493710834 ], [ -64.037317640635592, -26.236083632545103 ], [ -64.02518044668625, -26.24763661241218 ], [ -64.006045638136698, -26.251522563017829 ], [ -64.005676632689244, -26.252902347303348 ], [ -64.005614188644643, -26.252859289456012 ], [ -63.99521896661355, -26.302592185103208 ], [ -63.99439769271828, -26.320240410138979 ], [ -63.995931442256506, -26.33219953080436 ], [ -63.996087812448764, -26.341151604369941 ], [ -63.997620257839799, -26.346896611230363 ], [ -63.998172893161211, -26.352975287595939 ], [ -64.004215575010051, -26.377129030745493 ], [ -64.005498668623829, -26.374948177740293 ], [ -64.010830040393728, -26.365871995421685 ], [ -64.010859127588617, -26.365875686156414 ], [ -64.010103537524571, -26.367965849986717 ], [ -64.025674031080484, -26.341683961216802 ], [ -64.025742145230026, -26.341688786147756 ], [ -64.027111194526071, -26.340468854710196 ], [ -64.026419139944892, -26.339419112328699 ], [ -64.030415678370844, -26.334739368262433 ], [ -64.030628866260599, -26.334029736496518 ], [ -64.041936204225863, -26.327053261830315 ], [ -64.081421487674334, -26.318157447163173 ], [ -64.089566835352002, -26.315978005850354 ], [ -64.108685403256004, -26.310186665819401 ], [ -64.131515717533034, -26.30923287008477 ], [ -64.142976299468444, -26.303144157395536 ], [ -64.147407102008742, -26.305936398600352 ], [ -64.147427969346666, -26.305933050199144 ], [ -64.149765644593117, -26.307401229195136 ], [ -64.154970305970096, -26.306860322411069 ], [ -64.162832811311205, -26.304730714396953 ], [ -64.168306394363697, -26.301354983304236 ], [ -64.178873659096382, -26.303152316295836 ], [ -64.18789803432793, -26.308186401717421 ], [ -64.190966362428867, -26.310097382831998 ], [ -64.191941417147859, -26.310481943713114 ], [ -64.191941011547328, -26.31048005127775 ], [ -64.193154066736156, -26.310426243295126 ], [ -64.193152202480292, -26.310417113484903 ], [ -64.192624770452824, -26.30927855474107 ], [ -64.194843485335923, -26.30680773034419 ], [ -64.194828044753422, -26.306797492065073 ], [ -64.19593215747733, -26.305410500224127 ], [ -64.196906322041912, -26.305312814942852 ], [ -64.196977627564365, -26.305298324629632 ], [ -64.198312765115816, -26.306092881664654 ], [ -64.198305148189604, -26.306104272004518 ], [ -64.199541481136919, -26.306829050761337 ], [ -64.199547742943309, -26.306859506395995 ], [ -64.204598010628331, -26.309846421366615 ], [ -64.206807282083957, -26.310907891293368 ], [ -64.206821251657288, -26.310974232419198 ], [ -64.20682001207922, -26.310985567610544 ], [ -64.209616265288844, -26.312321345323255 ], [ -64.209626921136419, -26.312373530151092 ], [ -64.218049051530841, -26.315723829870876 ], [ -64.218065421445772, -26.315792697557185 ], [ -64.22101041071744, -26.31559506073171 ], [ -64.22101692033533, -26.315535534217929 ], [ -64.233984333363935, -26.316500876607051 ], [ -64.239591108332434, -26.315219881411622 ], [ -64.242015440437456, -26.326560601443305 ], [ -64.241880059458765, -26.327983883217257 ], [ -64.241887672469318, -26.327999103302375 ], [ -64.24229851894529, -26.330004788959229 ], [ -64.240611586922853, -26.333249307650533 ], [ -64.246161572803771, -26.346177331203364 ], [ -64.235303049823813, -26.360365601433557 ], [ -64.235165883539423, -26.360472375484562 ], [ -64.220722071058333, -26.364121739433017 ], [ -64.215624461796097, -26.35143835181168 ], [ -64.215624315271498, -26.351373956391512 ], [ -64.213883451122513, -26.347282989162863 ], [ -64.213874993363561, -26.347210820795055 ], [ -64.214523583042137, -26.344839369702413 ], [ -64.212016957598678, -26.34435208002742 ], [ -64.205789980105237, -26.341140195169658 ], [ -64.19814358568135, -26.337643991712525 ], [ -64.198143701119761, -26.337694725237384 ], [ -64.205311316835207, -26.354274105522109 ], [ -64.187348353667971, -26.368492734999563 ], [ -64.164811310570371, -26.389862757814399 ], [ -64.171092973496741, -26.396903731931616 ], [ -64.168535200102156, -26.399769254668854 ], [ -64.168095306335658, -26.400329511865948 ], [ -64.164098305651976, -26.40475881200166 ], [ -64.161787020703059, -26.407055993066422 ], [ -64.161774308218583, -26.407057824792389 ], [ -64.161034488793916, -26.407687182212101 ], [ -64.156760331519649, -26.407242141826544 ], [ -64.154054867638649, -26.405518668464651 ], [ -64.150310856675787, -26.403059642373364 ], [ -64.150309538387376, -26.403052956690374 ], [ -64.150237961150822, -26.403063743942425 ], [ -64.148914255222735, -26.402208838159197 ], [ -64.144382693767511, -26.399466546753956 ], [ -64.144365976199367, -26.399455404405558 ], [ -64.144355836447858, -26.399470551481443 ], [ -64.143171771622519, -26.398741160635552 ], [ -64.143163714385423, -26.398735578279741 ], [ -64.137528504388854, -26.395091219366975 ], [ -64.135713671080964, -26.400226830142458 ], [ -64.135727213214295, -26.400291757607306 ], [ -64.096487441575391, -26.420937903760262 ], [ -64.088465237862351, -26.423151032441581 ], [ -64.088421747837856, -26.423166571472223 ], [ -64.086620090964857, -26.424189906025617 ], [ -64.071049034475664, -26.434583695372851 ], [ -64.060134011492266, -26.445836277696401 ], [ -64.052764797785017, -26.448727214220582 ], [ -64.052737301090644, -26.44876050910807 ], [ -64.043569909448763, -26.45179115132089 ], [ -64.039589467242706, -26.453787611156997 ], [ -64.029051549329211, -26.456637434715105 ], [ -64.065231893310454, -26.466771843748518 ], [ -64.066038656033925, -26.467118993581551 ], [ -64.08515901731522, -26.481982854301407 ], [ -64.10336762171255, -26.490208224917694 ], [ -64.103392807088539, -26.490207898616575 ], [ -64.104335899839214, -26.491059904850317 ], [ -64.108031440470313, -26.492828506322326 ], [ -64.11427240093974, -26.495573669604539 ], [ -64.114719726278963, -26.500068795628749 ], [ -64.117333996366312, -26.50125786753847 ], [ -64.117787753288326, -26.501620093698932 ], [ -64.11779697236102, -26.501644966672018 ], [ -64.116042220862312, -26.510700667691594 ], [ -64.114202941979556, -26.51459416248116 ], [ -64.110570031724137, -26.515001323204274 ], [ -64.097531699338219, -26.522840871015546 ], [ -64.095502299294481, -26.522659339142251 ], [ -64.093715057332759, -26.524665804260167 ], [ -64.075364792749269, -26.536029825498474 ], [ -64.074069997100082, -26.53703766269922 ], [ -64.073881746048869, -26.536970468877485 ], [ -64.073823801670528, -26.536939367339642 ], [ -64.073804040009065, -26.53700821785975 ], [ -64.073782779721398, -26.537063221613494 ], [ -64.073822697078811, -26.537055516514954 ], [ -64.073816345562989, -26.537140597801056 ], [ -64.073755239712, -26.53718177279535 ], [ -64.073754001174109, -26.537290576909584 ], [ -64.073836387739959, -26.537676418724686 ], [ -64.07379560748592, -26.537695238445053 ], [ -64.073826045051646, -26.537699236039316 ], [ -64.075237804353719, -26.537809324539694 ], [ -64.07523883304259, -26.537809171870947 ], [ -64.075238811901841, -26.537808921308283 ], [ -64.075239845945077, -26.537808835536794 ], [ -64.09401969897408, -26.536775577412641 ], [ -64.098609477790376, -26.535623001835745 ], [ -64.09867913714362, -26.535610588389375 ], [ -64.132586533004201, -26.533258532258287 ], [ -64.154695859546109, -26.550105768853996 ], [ -64.154706421387914, -26.550167749760817 ], [ -64.147960734265268, -26.566539493873563 ], [ -64.145346236945898, -26.570533530997011 ], [ -64.138774795463632, -26.608441870268109 ], [ -64.130936711553431, -26.611126468784221 ], [ -64.084976154204071, -26.6223689019983 ], [ -64.077542638086925, -26.621597861755504 ], [ -64.053615294823317, -26.631567827919014 ], [ -64.052184749833032, -26.631555462015513 ], [ -64.052181332736097, -26.631559941640887 ], [ -64.051952861721986, -26.631625171538531 ], [ -64.052132185566109, -26.633374002397431 ], [ -64.049830546593398, -26.632962409816173 ], [ -64.045505282104955, -26.630291654973007 ], [ -64.034852541406337, -26.638348898537458 ], [ -64.031238534357215, -26.627661193750669 ], [ -64.031198743840037, -26.627689481482321 ], [ -64.019684332350948, -26.625780337997753 ], [ -64.014075461903587, -26.591593232044829 ], [ -64.024280933555701, -26.588098618544223 ], [ -64.024290289755243, -26.588087412273921 ], [ -64.028097743176659, -26.583080521074237 ], [ -64.013521753297937, -26.582817475791956 ], [ -64.013495815629312, -26.582795816674604 ], [ -64.008761501414881, -26.556849119098501 ], [ -64.015649369029802, -26.549957548981183 ], [ -64.009858616443125, -26.542631188293115 ], [ -64.009825014197418, -26.542597032039282 ], [ -64.006599471231709, -26.540969435333068 ], [ -64.005112288185842, -26.536651631991901 ], [ -64.000490497793749, -26.542587537578527 ], [ -64.000464626222595, -26.542614187084666 ], [ -64.002039517194873, -26.543280971571505 ], [ -64.002045223502478, -26.543298852147359 ], [ -64.003006306970292, -26.543640180366651 ], [ -64.003039184508339, -26.543671978183397 ], [ -64.000653114063539, -26.55173935266248 ], [ -63.999048584333138, -26.554126052211586 ], [ -63.990227753549561, -26.576872009270176 ], [ -63.983556940867402, -26.582302595108104 ], [ -63.986952187612587, -26.588511985593982 ], [ -63.970446047119651, -26.636620759481332 ], [ -63.968411799858188, -26.674469851101378 ], [ -63.967045041172753, -26.680275026656773 ], [ -63.966353982359919, -26.699544367684837 ], [ -63.969199775015852, -26.705848918998527 ], [ -63.970424540154738, -26.709498432897419 ], [ -63.973041217865443, -26.714359176853861 ], [ -63.976583573600408, -26.718226949752761 ], [ -63.97716395142993, -26.718599752815578 ], [ -63.977165304537493, -26.718634776109468 ], [ -63.978088875099331, -26.719284354296235 ], [ -63.978089335511754, -26.719329208551414 ], [ -63.977831573541948, -26.719623144006505 ], [ -63.977830826766308, -26.719665192190007 ], [ -63.978677876737436, -26.720455571241018 ], [ -63.979384164312364, -26.721087841675001 ], [ -63.981202178323883, -26.722722916649673 ], [ -63.981202259770271, -26.722722997897165 ], [ -63.981241590115928, -26.722683623338867 ], [ -63.981250747471506, -26.72268405867203 ], [ -63.981245354160819, -26.722690768750226 ], [ -63.981245303055118, -26.722690778944923 ], [ -63.98124475105169, -26.722769919452389 ], [ -63.981244166464478, -26.722771667993811 ], [ -63.982033775972582, -26.725066737961299 ], [ -63.982033301143872, -26.725125640527949 ], [ -63.982013404095596, -26.725129625332613 ], [ -63.981482327005835, -26.725753655891481 ], [ -63.981450719173893, -26.725758431090014 ], [ -63.981215537790661, -26.725989051539159 ], [ -63.979660720163224, -26.726566350372082 ], [ -63.979660444597414, -26.726626542022757 ], [ -63.979449624888503, -26.727157922876643 ], [ -63.981192227330894, -26.729693779652507 ], [ -63.981198419035877, -26.729687724088308 ], [ -63.981467818450199, -26.729450970211246 ], [ -63.982016633711282, -26.729773906921594 ], [ -63.982081685705737, -26.729764079098231 ], [ -63.987981302426931, -26.733137585095847 ], [ -63.990513139588529, -26.736129173129541 ], [ -63.992359465474863, -26.732579024177767 ], [ -63.993290746902289, -26.739566087822766 ], [ -64.000554671443808, -26.740123544001392 ], [ -64.00088237910677, -26.740112806201239 ], [ -64.0026219684475, -26.740165124112025 ], [ -64.004638992980006, -26.741139761384602 ], [ -64.007475508565335, -26.745291735769172 ], [ -64.007218040734699, -26.751404171930517 ], [ -63.999978826067263, -26.752061586681123 ], [ -64.002141975168968, -26.760378578936752 ], [ -64.007382404857992, -26.789523733541671 ], [ -64.007763651164453, -26.790792943496058 ], [ -64.007764576990439, -26.790847573306849 ], [ -64.011753003911167, -26.803471455920146 ], [ -64.011752034188817, -26.80353796743492 ], [ -64.013022232613139, -26.80829909598998 ], [ -64.013880477350369, -26.811277523097942 ], [ -64.013877951303243, -26.811351331517869 ], [ -64.01514475595269, -26.812156156944695 ], [ -64.015428099311634, -26.817050221465024 ], [ -64.017893308152509, -26.810504040531441 ], [ -64.017916256907597, -26.810471169903337 ], [ -64.017824536020157, -26.809104646223602 ], [ -64.01832061381333, -26.807444669356812 ], [ -64.018307392766133, -26.807433982376097 ], [ -64.018778332474085, -26.805887003472208 ], [ -64.018786301287491, -26.805883437733087 ], [ -64.018841635945932, -26.805863041683608 ], [ -64.020828765217232, -26.80633816686202 ], [ -64.021052248810349, -26.805370996194029 ], [ -64.021046341587805, -26.805358450555616 ], [ -64.024258199027031, -26.798760587474419 ], [ -64.024284126100497, -26.798764331828863 ], [ -64.031535786421443, -26.784377287534198 ], [ -64.032327342854387, -26.782550565224881 ], [ -64.032395957279164, -26.782561772071517 ], [ -64.034294554211499, -26.77817761604075 ], [ -64.038468447643595, -26.768903119986533 ], [ -64.053923868920322, -26.773201273523057 ], [ -64.053934101450636, -26.77320340588534 ], [ -64.056136574973834, -26.775510283726646 ], [ -64.056145696219801, -26.775512634392157 ], [ -64.056262139777459, -26.775610680505508 ], [ -64.056271347151778, -26.775612469223745 ], [ -64.056329336754345, -26.775583330966526 ], [ -64.05633858516029, -26.775585058242712 ], [ -64.056333827625394, -26.775666081595716 ], [ -64.056343018545249, -26.775667797832398 ], [ -64.056373464176033, -26.775696666684951 ], [ -64.056382638982825, -26.775698378933782 ], [ -64.056383021281817, -26.775704035520164 ], [ -64.056392264892963, -26.77570464436684 ], [ -64.059517971041601, -26.778854122769246 ], [ -64.13088724408226, -26.792917131976992 ], [ -64.142856453841318, -26.806591759903711 ], [ -64.19947895625404, -26.854971005532434 ], [ -64.19539787598228, -26.88929867996427 ], [ -64.142915948863276, -26.962636224113112 ], [ -64.105985528567146, -27.000754236020896 ], [ -64.114295527563002, -27.051019014056294 ], [ -64.110252390541802, -27.067238161720695 ], [ -64.094383448660096, -27.077700074464531 ], [ -64.093869962614349, -27.077973063332308 ], [ -64.089112352774123, -27.082870504975745 ], [ -64.089082931993005, -27.082872789665316 ], [ -64.087689255102077, -27.084208915708814 ], [ -64.087524703902886, -27.090841862796935 ], [ -64.075542378742114, -27.095737289676833 ], [ -64.073471705995928, -27.104348529600088 ], [ -64.050328489166361, -27.106038525131396 ], [ -64.077543231442348, -27.111910684387169 ], [ -64.100416840967569, -27.116846151955542 ], [ -64.100868923059124, -27.118114135404824 ], [ -64.101127103275815, -27.124673468129515 ], [ -64.112841162988275, -27.12063977716366 ], [ -64.115022776242768, -27.121724446596943 ], [ -64.115070802886407, -27.12173901594258 ], [ -64.115923102222837, -27.122036014955086 ], [ -64.11596629871724, -27.122023066924896 ], [ -64.117715885796713, -27.120869389530753 ], [ -64.142872048533604, -27.134786690003011 ], [ -64.144127833343077, -27.138887311120925 ], [ -64.134913853821672, -27.174567541760041 ], [ -64.159774094020122, -27.212682014874133 ], [ -64.152530996853272, -27.214586790327871 ], [ -64.148364905662049, -27.214847667191975 ], [ -64.148363222998682, -27.214883031610725 ], [ -64.119536043567962, -27.215425305579856 ], [ -64.115547965118537, -27.21583260914457 ], [ -64.098753498490737, -27.222865789848129 ], [ -64.092343969023318, -27.225721188998193 ], [ -64.078423031461398, -27.222361109179019 ], [ -64.055430813329622, -27.170466475155251 ], [ -64.059793381564532, -27.170127066898829 ], [ -64.058474088199489, -27.166328399394786 ], [ -64.053909451675167, -27.165300702930608 ], [ -64.053891333677939, -27.16529552996036 ], [ -64.052568034491003, -27.165029801805531 ], [ -64.046951119534015, -27.164688074538162 ], [ -64.046892548192204, -27.16468844752859 ], [ -64.046881445878398, -27.164675453991208 ], [ -64.046058622288683, -27.164099316181591 ], [ -64.04193177115593, -27.165574241525405 ], [ -64.028363695190251, -27.165028839879142 ], [ -64.028320608991294, -27.165005159638895 ], [ -64.021757688144589, -27.154805355230508 ], [ -64.021725134042697, -27.154757169354525 ], [ -64.020172907549124, -27.152638502374373 ], [ -64.023955287325805, -27.148202322531176 ], [ -64.017776462283791, -27.122287576108249 ], [ -64.028861496407899, -27.109108948039875 ], [ -64.040871326310651, -27.105886983616529 ], [ -64.030078879621954, -27.102353770961713 ], [ -64.02692623241245, -27.091469991296492 ], [ -64.021583370802261, -27.084361312802969 ], [ -64.021580675088103, -27.084341559994186 ], [ -64.0229112434493, -27.079479844970251 ], [ -64.022950270214494, -27.079470843401168 ], [ -64.023932506447977, -27.078727923487861 ], [ -64.024299089031558, -27.078343975475264 ], [ -64.024701521252382, -27.077941479997946 ], [ -64.025157172616389, -27.077485757012198 ], [ -64.025677343463201, -27.076965476006819 ], [ -64.025735704972362, -27.07694799418266 ], [ -64.025809270305274, -27.076969188578971 ], [ -64.028268016069887, -27.074755637437192 ], [ -64.028344987277421, -27.074740083487484 ], [ -64.028432075957426, -27.074668723558318 ], [ -64.028276888424386, -27.074543491625889 ], [ -64.019188186047302, -27.066708105200746 ], [ -64.019164551933954, -27.066730795218803 ], [ -64.014900580328344, -27.06269374504501 ], [ -64.016114856032175, -27.030433010262129 ], [ -63.987414568748079, -27.068171257383028 ], [ -63.97930643913736, -27.087980692421638 ], [ -63.979305580791163, -27.087987902437362 ], [ -63.978854721398761, -27.089034174621247 ], [ -63.97885512138555, -27.089040209727898 ], [ -63.978582628709034, -27.089805487675847 ], [ -63.984552800871029, -27.096044108595095 ], [ -63.98455193680843, -27.096102215691928 ], [ -63.978597875438368, -27.105818635889136 ], [ -63.977991708635102, -27.106452056396279 ], [ -63.977939638231192, -27.106452740465897 ], [ -63.977940412152748, -27.106479828922602 ], [ -63.977734560673696, -27.106738677520298 ], [ -63.977077984843731, -27.109062589751716 ], [ -63.974361449309356, -27.124748077947572 ], [ -63.971512970039726, -27.129266911448326 ], [ -63.981166505408169, -27.141861259448433 ], [ -63.981160620137018, -27.141997929610739 ], [ -63.978305027181761, -27.15376553429212 ], [ -63.999111234104191, -27.200499334891163 ], [ -64.018011015238983, -27.287478157625912 ], [ -64.018930217056948, -27.288414173691535 ], [ -64.018958809856088, -27.288459107910171 ], [ -64.003009500255928, -27.331689033038344 ], [ -64.003898830275091, -27.331349106628636 ], [ -64.00392506658153, -27.33138213959478 ], [ -64.003230298882613, -27.33239671087415 ], [ -64.00252419203764, -27.346016763219893 ], [ -64.002547826094997, -27.346046519809818 ], [ -64.002778595701159, -27.346824737518659 ], [ -64.002802664096635, -27.346853985369648 ], [ -64.005741676093521, -27.346845510012088 ], [ -64.005770513490688, -27.346873975301321 ], [ -64.009325612355326, -27.356783195679157 ], [ -64.008331708922867, -27.377883369794915 ], [ -64.006592735524805, -27.42779180912828 ], [ -64.023143839399722, -27.464080910485961 ], [ -64.023148379748704, -27.464089310795373 ], [ -64.015871538936096, -27.46766994935723 ], [ -63.985408548009048, -27.4831986223287 ], [ -63.985414711475983, -27.48321330668341 ], [ -63.983006598438806, -27.484976429927372 ], [ -63.987296836373844, -27.490173844164303 ], [ -63.986666502933758, -27.493203267096646 ], [ -63.988698542514157, -27.495364924129035 ], [ -63.991050793787394, -27.494602599165887 ], [ -64.01384214566292, -27.521876105193712 ], [ -64.000031889334309, -27.536013029256821 ], [ -63.987674158649213, -27.553390049950565 ], [ -63.98379379889991, -27.551839574271071 ], [ -63.983797624995589, -27.551877906381378 ], [ -63.974732821473822, -27.55214508157195 ], [ -63.974234129270314, -27.552248994484557 ], [ -63.974148141636022, -27.552208017707983 ], [ -63.950571629257126, -27.538832337614167 ], [ -63.93496250671717, -27.532578772619331 ], [ -63.934949558813798, -27.53255470680449 ], [ -63.930503763691377, -27.529557634311118 ], [ -63.930481789405633, -27.529527761272504 ], [ -63.927314379664892, -27.527498957073703 ], [ -63.927264759065906, -27.527464458641418 ], [ -63.927259365496582, -27.527447722584611 ], [ -63.929068444735265, -27.516779540246205 ], [ -63.929061178988491, -27.516754157463481 ], [ -63.926052784173692, -27.517182008458292 ], [ -63.926047739460159, -27.517161901632846 ], [ -63.926216499429813, -27.515633307831706 ], [ -63.926210894615679, -27.515612307363597 ], [ -63.882441411219418, -27.517946657437562 ], [ -63.907411011453917, -27.535665612208277 ], [ -63.907408458968575, -27.535685629499199 ], [ -63.913576055955843, -27.540894503769437 ], [ -63.914532736886486, -27.541713290326015 ], [ -63.914541905535373, -27.541715065788139 ], [ -63.916258656851994, -27.543755636180492 ], [ -63.916314644985505, -27.543774376036026 ], [ -63.946634690861572, -27.590494267178144 ], [ -63.943662430639165, -27.595752313339744 ], [ -63.966473225152185, -27.60585231861711 ], [ -63.945443375311527, -27.632937134236215 ], [ -63.945443440101201, -27.632937458345054 ], [ -63.945301506765986, -27.633141575635932 ], [ -63.945306758623076, -27.633156985608707 ], [ -63.945140272061735, -27.63342027532218 ], [ -63.944831445862803, -27.633942327060197 ], [ -63.945933894237442, -27.633991569360035 ], [ -63.946008620638452, -27.633969046650918 ], [ -63.946892462945868, -27.634019973758427 ], [ -63.946966270180781, -27.633997725785548 ], [ -63.948176300653927, -27.634058049907708 ], [ -63.948248878250752, -27.634036174699816 ], [ -63.948698144099524, -27.634073538686778 ], [ -63.948770222143423, -27.634051815814701 ], [ -63.95104946791821, -27.634143391732835 ], [ -63.951119292805572, -27.634122347936 ], [ -63.952015674120901, -27.634172077248138 ], [ -63.952084572378396, -27.634151309931042 ], [ -63.952447790470956, -27.634184879629686 ], [ -63.954524147979498, -27.633371340577582 ], [ -63.954593292505422, -27.633350498482685 ], [ -63.955036371521203, -27.633340523094716 ], [ -63.955105164348538, -27.633319786248762 ], [ -63.955672433688846, -27.633302227985041 ], [ -63.955740794290818, -27.633281636848267 ], [ -63.956762874529488, -27.633237005313163 ], [ -63.956830506542019, -27.633216705020061 ], [ -63.958239241218564, -27.633150495858274 ], [ -63.958305874952373, -27.633130548255167 ], [ -63.959632174508954, -27.633068927491991 ], [ -63.959697852327793, -27.633049265794284 ], [ -63.961603865037318, -27.632953449415652 ], [ -63.961668189341083, -27.632934191030984 ], [ -63.962090119137144, -27.632924963322864 ], [ -63.962154110196707, -27.632905806381928 ], [ -63.963180596796064, -27.632861143856701 ], [ -63.96324383895444, -27.632842208915349 ], [ -63.963500513313988, -27.632842379921954 ], [ -63.963563535345315, -27.63282350872305 ], [ -63.964238354033, -27.632799157241493 ], [ -63.964300871161981, -27.63278044239263 ], [ -63.964776217001543, -27.632767672549846 ], [ -63.96483836521702, -27.632749068718397 ], [ -63.965582116654616, -27.63272048309625 ], [ -63.965643710427287, -27.632702040139577 ], [ -63.96608822242996, -27.632690789046706 ], [ -63.966149469491143, -27.632672452000349 ], [ -63.966965273092001, -27.632639471678658 ], [ -63.967025917838555, -27.632621313196864 ], [ -63.967371266142379, -27.632615641629968 ], [ -63.967431631943271, -27.63259756546995 ], [ -63.968410123866761, -27.632554826130956 ], [ -63.968469778303415, -27.632536968469481 ], [ -63.980387241840788, -27.636262019670767 ], [ -63.986263062716944, -27.646246213031702 ], [ -63.986287165047202, -27.646317536986203 ], [ -63.987008826617341, -27.652075726161343 ], [ -63.987154328322447, -27.653532659290306 ], [ -63.987178437805198, -27.65359591656852 ], [ -63.987186358273391, -27.653601959945775 ], [ -63.988501500901521, -27.653592055147158 ], [ -63.99329989763811, -27.661903197216304 ], [ -63.997184221254656, -27.664187526902992 ], [ -63.997210077248781, -27.664186821174496 ], [ -64.003035258379043, -27.669004244008477 ], [ -64.003061572517026, -27.669066728256666 ], [ -64.004633491954223, -27.675627469046788 ], [ -64.001102155639387, -27.680373781553158 ], [ -64.001067339025099, -27.680347308619559 ], [ -64.000919372458725, -27.680600964691621 ], [ -63.997653730859781, -27.684969298268641 ], [ -64.000514387778935, -27.688112179259804 ], [ -64.000570301908112, -27.688244070883627 ], [ -64.000696968635793, -27.688319569148803 ], [ -64.00069617955063, -27.688387531100716 ], [ -64.001615472540834, -27.689361883785978 ], [ -64.001614762583642, -27.6894340185994 ], [ -64.002548619476158, -27.690246530948173 ], [ -64.002549290045295, -27.690248591583213 ], [ -64.003170487481896, -27.691201864434277 ], [ -64.003173457113803, -27.691199293103125 ], [ -64.004499565700655, -27.691488358987669 ], [ -64.00450024213302, -27.691419630447228 ], [ -64.015872610027145, -27.698366577770742 ], [ -64.020871512526753, -27.702103865724268 ], [ -64.023185511918655, -27.704470656582146 ], [ -64.023208207624521, -27.704496513630204 ], [ -64.02323109320389, -27.704476446229648 ], [ -64.025749845798032, -27.707078569992859 ], [ -64.025749552892421, -27.707148391106045 ], [ -64.024861695505422, -27.708253177463519 ], [ -64.025402866703416, -27.708766174209416 ], [ -64.02673431020969, -27.709913754281445 ], [ -64.038374153281609, -27.72227223418588 ], [ -64.03837412125182, -27.722316421130813 ], [ -64.039940872443992, -27.725234828817349 ], [ -64.041516797102418, -27.725629256001184 ], [ -64.041552634595007, -27.725633961105984 ], [ -64.041552481519886, -27.725677014250152 ], [ -64.045207461422251, -27.726647365121892 ], [ -64.045829290699146, -27.727227625187936 ], [ -64.046168765010805, -27.727543564228142 ], [ -64.046168005390086, -27.727616965683353 ], [ -64.046167967532881, -27.727622760118038 ], [ -64.045200508285973, -27.728359889075762 ], [ -64.045189855628166, -27.72834763859413 ], [ -64.045179001713734, -27.728357101558515 ], [ -64.042711852545551, -27.730210831278384 ], [ -64.044402115669413, -27.73100163716083 ], [ -64.044435808097376, -27.73104019895635 ], [ -64.045154605600828, -27.732730874461481 ], [ -64.04518155443111, -27.732707390069436 ], [ -64.050319775482251, -27.738072486277531 ], [ -64.05030845717863, -27.738120710001112 ], [ -64.050724583160729, -27.738555850521266 ], [ -64.050723716086395, -27.738594716625244 ], [ -64.048996080006532, -27.7401019972163 ], [ -64.048995847620176, -27.74015300324379 ], [ -64.047932593458825, -27.741544635754167 ], [ -64.046974408951257, -27.742291380954271 ], [ -64.04685632564366, -27.74496800374186 ], [ -64.046664107777531, -27.750250120667033 ], [ -64.046671745174478, -27.750254364020805 ], [ -64.046494317089525, -27.750481060850007 ], [ -64.049022777253242, -27.753003061723746 ], [ -64.044578904934667, -27.761998022468788 ], [ -64.037322484814865, -27.768596271065633 ], [ -64.03731809995503, -27.768596023155851 ], [ -64.037302737079074, -27.768606291702667 ], [ -64.036897045496517, -27.769095526947524 ], [ -64.036237817882238, -27.769502553507778 ], [ -64.025256326099679, -27.778577899000936 ], [ -64.022745250913601, -27.779786396850398 ], [ -64.01526804795617, -27.785569960756675 ], [ -64.015254269527077, -27.785582071770023 ], [ -64.010003329965286, -27.787593331961716 ], [ -64.007442437827194, -27.788119026438324 ], [ -64.006898664461744, -27.79241820490671 ], [ -64.003633173455796, -27.806898958754289 ], [ -64.003863484365127, -27.809563843327567 ], [ -63.998373312724823, -27.809324324827344 ], [ -63.993003274022499, -27.812676099241912 ], [ -63.989750699484148, -27.81452242694985 ], [ -63.989716821605612, -27.81454027962593 ], [ -63.989941813704149, -27.815133896769964 ], [ -63.989929647495046, -27.815156657361285 ], [ -63.989131285013059, -27.816039305486811 ], [ -63.989175292362575, -27.816048059041293 ], [ -63.988933704578301, -27.819490681455875 ], [ -63.986688578478152, -27.82017895737971 ], [ -63.984052961643329, -27.820975148179116 ], [ -63.984045310747661, -27.820953635763885 ], [ -63.983971408186278, -27.820862208417964 ], [ -63.981006525431212, -27.824499137149644 ], [ -63.980978023871444, -27.824558682904694 ], [ -63.980974520417135, -27.82457134061309 ], [ -63.980950294589832, -27.824991942705992 ], [ -63.980947124191289, -27.825003397276248 ], [ -63.980346246544741, -27.826258845708765 ], [ -63.980235581692853, -27.828637408713973 ], [ -63.982971289325917, -27.834107245001917 ], [ -63.980450087079021, -27.840179447307946 ], [ -63.978046805973179, -27.842708643208823 ], [ -63.976295500082017, -27.842887425448964 ], [ -63.974010810499976, -27.846956078480162 ], [ -63.973367175828287, -27.848933775317732 ], [ -63.969600267641908, -27.850545418960905 ], [ -63.96912635630207, -27.849927112422904 ], [ -63.969098905450096, -27.849889303364307 ], [ -63.969095960859931, -27.849891873419551 ], [ -63.966271542419349, -27.851800797601868 ], [ -63.965838436362901, -27.852690695387253 ], [ -63.959218493376966, -27.858225565731459 ], [ -63.953457121633448, -27.860290747483987 ], [ -63.95343754469053, -27.860291578639647 ], [ -63.953409972760198, -27.860256684836088 ], [ -63.952548684379735, -27.859431944295181 ], [ -63.951571443887303, -27.86017107232442 ], [ -63.951540081781786, -27.860197730863263 ], [ -63.949108729818192, -27.862059983503457 ], [ -63.949559345515127, -27.862742905901712 ], [ -63.947312200233796, -27.865961519060193 ], [ -63.93962538962046, -27.87788091163236 ], [ -63.935992506121693, -27.881233946526606 ], [ -63.932810875247867, -27.88417050501937 ], [ -63.932627700187652, -27.884322186852216 ], [ -63.931986275346219, -27.883335238899974 ], [ -63.93197248232201, -27.883365032414815 ], [ -63.921254596524648, -27.895817640492226 ], [ -63.920871307569939, -27.89660307314449 ], [ -63.932541554464649, -27.895258730635533 ], [ -63.934416820514116, -27.895346698483195 ], [ -63.935012903991549, -27.89551001685146 ], [ -63.935975553834226, -27.895413179849925 ], [ -63.936242294086355, -27.895615779070454 ], [ -63.936629952264525, -27.896094513982405 ], [ -63.937431588441939, -27.894240863235098 ], [ -63.941876498509089, -27.891554907285354 ], [ -63.942995091827129, -27.890170222020174 ], [ -63.943874832843164, -27.889081207449124 ], [ -63.943906441676972, -27.889063847765101 ], [ -63.947629996390674, -27.888377247251697 ], [ -63.952703135141803, -27.886675291108986 ], [ -63.956916850446476, -27.886311086967055 ], [ -63.959972330450682, -27.886046992600654 ], [ -63.960527379026701, -27.885999018075722 ], [ -63.962082312368409, -27.885474946741283 ], [ -63.963443076125657, -27.8850703546928 ], [ -63.96952860417457, -27.889296210338557 ], [ -63.97123964643572, -27.890484367578438 ], [ -63.973140163028347, -27.891503404899936 ], [ -63.973801702666265, -27.891907843386775 ], [ -63.974463439049089, -27.891316890296764 ], [ -63.974486484725048, -27.891296555879137 ], [ -63.97822691014909, -27.889938205659917 ], [ -63.97888578988568, -27.889693400199917 ], [ -63.979902794465431, -27.887596474739269 ], [ -63.980473407303975, -27.887210292768941 ], [ -63.981492132353367, -27.886601783785409 ], [ -63.98151693268494, -27.886554414984232 ], [ -63.98246462223949, -27.886000874657157 ], [ -63.984961975669762, -27.88277532948797 ], [ -63.985294620827688, -27.881703264125747 ], [ -63.985350425436422, -27.88167351299802 ], [ -63.985417332707812, -27.881351902435938 ], [ -63.985474589146861, -27.881321377637164 ], [ -63.987871801694894, -27.881566028818497 ], [ -63.990266870486209, -27.880458921386833 ], [ -63.998400228874402, -27.879532189743031 ], [ -63.998089067850799, -27.873100689510125 ], [ -63.996850842606932, -27.869864089021178 ], [ -64.001031306567199, -27.869981416792257 ], [ -64.009015778213609, -27.869243924815748 ], [ -64.012510385374924, -27.863732797987893 ], [ -64.017766525670822, -27.862152309634268 ], [ -64.023440133963277, -27.860446289866786 ], [ -64.027507546794425, -27.855075161760169 ], [ -64.032915823273015, -27.861249277720844 ], [ -64.037181048891568, -27.865455379106436 ], [ -64.042361091797261, -27.870081787815081 ], [ -64.046220316392123, -27.874055207677031 ], [ -64.047159612770827, -27.874511599486539 ], [ -64.047179074372593, -27.874472515013281 ], [ -64.048064146894603, -27.874934340928917 ], [ -64.048089397160027, -27.874889390660712 ], [ -64.051393907643956, -27.876436353003101 ], [ -64.051407102819837, -27.876434892179361 ], [ -64.057447729075932, -27.875814265032091 ], [ -64.059597406495811, -27.873846583110094 ], [ -64.068042222835288, -27.868582709226757 ], [ -64.069862097143869, -27.868204619002427 ], [ -64.064933558168264, -27.861832705849338 ], [ -64.063311593627077, -27.859889351359982 ], [ -64.063261333237108, -27.859855348301494 ], [ -64.061245021872026, -27.85533199050866 ], [ -64.061184868635792, -27.854252415650137 ], [ -64.061181479906566, -27.854227000614401 ], [ -64.060791689316886, -27.853138517499531 ], [ -64.066163864519126, -27.845342584260777 ], [ -64.066169529996785, -27.845312913208375 ], [ -64.066452285380251, -27.844678359034106 ], [ -64.066458801127055, -27.844646521068682 ], [ -64.068443990024491, -27.842831382847635 ], [ -64.068488165720851, -27.842826068461363 ], [ -64.069161254293249, -27.842772807910819 ], [ -64.069203385625315, -27.842761264885439 ], [ -64.069865524080114, -27.839404152238728 ], [ -64.071336516858082, -27.838824897658242 ], [ -64.071381596811989, -27.838807461059048 ], [ -64.07284689406896, -27.838270487979344 ], [ -64.071990737059934, -27.841699236924683 ], [ -64.080778136952915, -27.845639710173145 ], [ -64.080772613271392, -27.845666700599395 ], [ -64.081126504767269, -27.846241492126921 ], [ -64.081121737544606, -27.846266458867433 ], [ -64.080096826354236, -27.852730307709066 ], [ -64.081520908411846, -27.854610989726439 ], [ -64.081555500220531, -27.854631111829633 ], [ -64.083985752479634, -27.853885789885396 ], [ -64.084014453668601, -27.853902545577057 ], [ -64.094485828465452, -27.85610249568191 ], [ -64.093835468339421, -27.862473240804547 ], [ -64.100351028838475, -27.859935651431783 ], [ -64.103677138596936, -27.860618946133911 ], [ -64.1037000438468, -27.860599581334839 ], [ -64.103733200945214, -27.86059089971792 ], [ -64.104444595096254, -27.857003688382179 ], [ -64.112197094555825, -27.859792284656976 ], [ -64.109233960829499, -27.848111072920574 ], [ -64.109184950736562, -27.848087851648017 ], [ -64.109163576420997, -27.848075341029528 ], [ -64.108907823006291, -27.844391848898852 ], [ -64.112467146937433, -27.842674492068625 ], [ -64.115720725268261, -27.842955851607314 ], [ -64.11578332476364, -27.842985511619418 ], [ -64.135403342474945, -27.833836326347694 ], [ -64.152391098553039, -27.831052911138386 ], [ -64.153640786377991, -27.830721271343634 ], [ -64.153684623400466, -27.830661585838754 ], [ -64.155799992786683, -27.830062638080335 ], [ -64.155847760014012, -27.830000666872195 ], [ -64.156023767597731, -27.829930598458986 ], [ -64.156332950550848, -27.829855934436523 ], [ -64.156324566215801, -27.829880824940233 ], [ -64.156384044295521, -27.829872164005792 ], [ -64.156397113775256, -27.82990823656138 ], [ -64.156424531581308, -27.83035388090957 ], [ -64.156376664594859, -27.830354610461654 ], [ -64.156533541946658, -27.830954097406163 ], [ -64.156929999724753, -27.831144340804258 ], [ -64.156938569736042, -27.831151279931021 ], [ -64.15695325270076, -27.831117041458015 ], [ -64.156961004928291, -27.831123318426535 ], [ -64.15826812907892, -27.833224291639567 ], [ -64.158259280310972, -27.833268751025855 ], [ -64.158349223976018, -27.833300981067509 ], [ -64.158325900480804, -27.833330586144029 ], [ -64.158760957109848, -27.834452223566984 ], [ -64.158805114319534, -27.834466502717817 ], [ -64.159282651637227, -27.835148901652985 ], [ -64.158849055509791, -27.83590178147989 ], [ -64.156071190260946, -27.837471349903922 ], [ -64.156040820978035, -27.837461529365498 ], [ -64.154767201508662, -27.837956831863721 ], [ -64.154753801973129, -27.837945982277404 ], [ -64.154785855040473, -27.837827059706342 ], [ -64.154771204215706, -27.837815196952818 ], [ -64.15445914732544, -27.83683678332136 ], [ -64.152190519497253, -27.8396640364154 ], [ -64.153682542779904, -27.843300295299173 ], [ -64.155335483239583, -27.844612993174621 ], [ -64.155337192550235, -27.844613572506773 ], [ -64.155335500095873, -27.844617677085296 ], [ -64.155337312823974, -27.844618248714085 ], [ -64.155338176970588, -27.844667817077323 ], [ -64.15494214864907, -27.846651890230078 ], [ -64.157734860702249, -27.845948859677378 ], [ -64.161901836317043, -27.84378257182118 ], [ -64.168438783610668, -27.84108751753422 ], [ -64.168418846701456, -27.84104657137118 ], [ -64.173600626588495, -27.839330713780839 ], [ -64.173669783348828, -27.839325409609955 ], [ -64.18029312176111, -27.837438777087925 ], [ -64.180313146464243, -27.837417894495275 ], [ -64.182044446689929, -27.837126316109845 ], [ -64.1821831262709, -27.837128764293823 ], [ -64.188634430179036, -27.834795400596704 ], [ -64.189712222046978, -27.83394107033638 ], [ -64.193216829463154, -27.829287656472218 ], [ -64.19321726802292, -27.829215108372864 ], [ -64.193733612268431, -27.828675730124189 ], [ -64.193736931559158, -27.828600235204476 ], [ -64.193959564477211, -27.828411048207727 ], [ -64.193982775069571, -27.828340383870227 ], [ -64.194264210313577, -27.828046138488048 ], [ -64.1946330118746, -27.8278883750246 ], [ -64.19693704763705, -27.825547317795554 ], [ -64.196980816421728, -27.825534821679128 ], [ -64.197698307640792, -27.825888124306744 ], [ -64.198722990156853, -27.826392670710675 ], [ -64.199400372298896, -27.826562114724595 ], [ -64.199746240145885, -27.826896529415308 ], [ -64.199994602658478, -27.827127908239049 ], [ -64.200152542328794, -27.827291376564517 ], [ -64.20127191463655, -27.827641545897222 ], [ -64.201339860606538, -27.827640670019321 ], [ -64.202416599987487, -27.827261815646523 ], [ -64.202455231508679, -27.82721840161372 ], [ -64.202785113627158, -27.826822118498512 ], [ -64.202142541408648, -27.826736748548115 ], [ -64.202137469902937, -27.826731835759176 ], [ -64.201501988607788, -27.82661888902453 ], [ -64.201562068371345, -27.82551703035324 ], [ -64.201453455169883, -27.825210314859419 ], [ -64.20145275669438, -27.825186585461495 ], [ -64.201475474833046, -27.825120879364306 ], [ -64.201489708820532, -27.825108109511405 ], [ -64.201559862013653, -27.822344062039008 ], [ -64.203040066677318, -27.821219355042729 ], [ -64.203052083862588, -27.821190496844054 ], [ -64.204411714181504, -27.820619910418486 ], [ -64.204611840758162, -27.820579848319369 ], [ -64.204636871985542, -27.820564750120582 ], [ -64.204901833403426, -27.820487720238475 ], [ -64.207262630748346, -27.822365606334586 ], [ -64.207260285595112, -27.822389765031062 ], [ -64.207420567079907, -27.825594875008733 ], [ -64.207518161896473, -27.825806149742903 ], [ -64.20751534875717, -27.825814858316676 ], [ -64.2071020116353, -27.825754001288828 ], [ -64.206478638171063, -27.826364333706124 ], [ -64.207238601628319, -27.826376090869815 ], [ -64.207883015936432, -27.826257722263506 ], [ -64.207899816976919, -27.826257219289232 ], [ -64.208380517749617, -27.826317386491098 ], [ -64.209996687337821, -27.826277492947099 ], [ -64.21003800905055, -27.826276157570931 ], [ -64.210345085961706, -27.826336747883147 ], [ -64.210389528581459, -27.826330365095714 ], [ -64.210521313703566, -27.826336005941016 ], [ -64.210566334269913, -27.826322299737456 ], [ -64.212456860250484, -27.826087908819943 ], [ -64.212748687751969, -27.826074415164442 ], [ -64.212817540458218, -27.826049685298415 ], [ -64.212842869916869, -27.826058009257054 ], [ -64.212909333731318, -27.826065180877947 ], [ -64.213942491415139, -27.826173412936896 ], [ -64.213969998675793, -27.826172709350885 ], [ -64.214022061140099, -27.826150093797821 ], [ -64.214025054273577, -27.8261533382896 ], [ -64.214029892747817, -27.82621467673016 ], [ -64.214027205069385, -27.826218234151554 ], [ -64.214022957788984, -27.826218340148955 ], [ -64.213966512047023, -27.826272792243799 ], [ -64.213958218226765, -27.826267679611533 ], [ -64.213899844007756, -27.826270595382425 ], [ -64.213749046861437, -27.826305072552827 ], [ -64.213721667506036, -27.826288635141395 ], [ -64.213237394825057, -27.826345130248001 ], [ -64.213244180628521, -27.826382626680015 ], [ -64.213224829141723, -27.826407984371428 ], [ -64.213278465798965, -27.826603619057835 ], [ -64.213314216380695, -27.826751962159619 ], [ -64.213399015047798, -27.827084305194319 ], [ -64.213442337543427, -27.827111040491616 ], [ -64.213476442902845, -27.827437563474405 ], [ -64.213645399493771, -27.828155325337548 ], [ -64.213674476971107, -27.828271824849992 ], [ -64.213721543726479, -27.828437947027624 ], [ -64.213712104713522, -27.828450535632271 ], [ -64.213668845436473, -27.828447025225614 ], [ -64.213525876522965, -27.828515818704716 ], [ -64.213519609971058, -27.828523769039066 ], [ -64.213511707614998, -27.828478329294853 ], [ -64.213460554316384, -27.828487947917779 ], [ -64.213466820868121, -27.828479997583372 ], [ -64.213437619779029, -27.828484989173262 ], [ -64.213432520352342, -27.828487481561808 ], [ -64.213432726099768, -27.828495376085129 ], [ -64.213498376274686, -27.828535197214705 ], [ -64.213482722689832, -27.828761238002755 ], [ -64.213639891615458, -27.829094906636556 ], [ -64.214052744689752, -27.829460900693107 ], [ -64.214062858940508, -27.829474619961161 ], [ -64.214147678616371, -27.829553937754383 ], [ -64.214155090739268, -27.829558165655271 ], [ -64.214173829213053, -27.829593353811276 ], [ -64.214178945924402, -27.829596375087306 ], [ -64.214188060119625, -27.829614261886547 ], [ -64.214203678291483, -27.829728710972404 ], [ -64.214206029070397, -27.82989029498259 ], [ -64.213924425933612, -27.832046104975348 ], [ -64.214050576157547, -27.833320535457801 ], [ -64.214084935631149, -27.833387925455099 ], [ -64.214386409968711, -27.833845914244307 ], [ -64.214728694020323, -27.833936264764191 ], [ -64.214795439551381, -27.833953275976796 ], [ -64.214821354467176, -27.834035824090051 ], [ -64.214829346194733, -27.834040567349064 ], [ -64.215252227429005, -27.834079196033656 ], [ -64.21524891806871, -27.834062074844951 ], [ -64.215748551122999, -27.833917980928788 ], [ -64.216443142488231, -27.83353964411674 ], [ -64.216457077139864, -27.833547699020528 ], [ -64.216567818569331, -27.833489753210415 ], [ -64.216768627611771, -27.833362355699023 ], [ -64.217416803987646, -27.833271006849031 ], [ -64.217519325344995, -27.832622552307953 ], [ -64.218118089688801, -27.833286220637831 ], [ -64.218162162608223, -27.833307273276432 ], [ -64.218256330348424, -27.833455302394611 ], [ -64.218426024314681, -27.833557955240224 ], [ -64.218434866036091, -27.833589613596871 ], [ -64.218823271376152, -27.833982581756743 ], [ -64.218838835150962, -27.834015263609615 ], [ -64.218824772650464, -27.834021726666435 ], [ -64.218966190223227, -27.834239928158468 ], [ -64.218984077812934, -27.834289554967484 ], [ -64.219022670692766, -27.834281169586575 ], [ -64.219030285870133, -27.834285571344651 ], [ -64.219208032967174, -27.83423831821932 ], [ -64.219381550855417, -27.834088305866544 ], [ -64.219416031467404, -27.834068157394768 ], [ -64.21939648105382, -27.834052029004965 ], [ -64.219605593335643, -27.833819962425139 ], [ -64.219777829059467, -27.833903825017558 ], [ -64.219816797105466, -27.833935972257564 ], [ -64.219826577901642, -27.833928637890381 ], [ -64.219934068211728, -27.833974618270247 ], [ -64.220070147097488, -27.834243892327549 ], [ -64.220577343963669, -27.834781832906174 ], [ -64.220595228149648, -27.834779726552256 ], [ -64.22062005197165, -27.834798006185167 ], [ -64.220941672869401, -27.83482896159461 ], [ -64.221281501956241, -27.834335868058929 ], [ -64.222051998187226, -27.833874273608444 ], [ -64.222310037824343, -27.834007561161059 ], [ -64.222428438845157, -27.834273255181813 ], [ -64.222970080384243, -27.83434849665656 ], [ -64.223522966168048, -27.834526846124618 ], [ -64.223749960471423, -27.834706206394003 ], [ -64.223773240953847, -27.83471938459877 ], [ -64.224045724067253, -27.834845215456426 ], [ -64.224294801219514, -27.835030430135475 ], [ -64.224336746827078, -27.83506075929688 ], [ -64.224360473898685, -27.835074434432215 ], [ -64.224741300282346, -27.835487346316484 ], [ -64.224814976555081, -27.83554650996706 ], [ -64.224824279435097, -27.835551860170426 ], [ -64.224876347043619, -27.835593951546798 ], [ -64.22488431531292, -27.835598611458806 ], [ -64.224887736542826, -27.835602990513962 ], [ -64.224895460440678, -27.835607510981163 ], [ -64.225075731610673, -27.835849954254968 ], [ -64.22523929413768, -27.83707222772 ], [ -64.2251774926238, -27.838129361097913 ], [ -64.225209117225063, -27.838811792047579 ], [ -64.225242927386944, -27.838845124518059 ], [ -64.225706079170948, -27.839860124595134 ], [ -64.225767650546857, -27.83989587848032 ], [ -64.225941435213883, -27.840264627805254 ], [ -64.226290640499201, -27.841750617607943 ], [ -64.226293272060104, -27.841763315368382 ], [ -64.226389225199682, -27.842160066493136 ], [ -64.226458077670088, -27.842191944561478 ], [ -64.227062938967151, -27.841609579012015 ], [ -64.227197824669133, -27.841770872435632 ], [ -64.227231824600437, -27.841764052592168 ], [ -64.227260654583461, -27.84177980138395 ], [ -64.227724618446871, -27.842324250558136 ], [ -64.228309100875208, -27.842460760761298 ], [ -64.228737362795016, -27.842880310533474 ], [ -64.228426617772641, -27.843428764894668 ], [ -64.22796623778811, -27.844547219969456 ], [ -64.226669091096369, -27.844363967257436 ], [ -64.226717376007571, -27.844592618322054 ], [ -64.226796751743223, -27.845013209271087 ], [ -64.227056260802783, -27.845936523568184 ], [ -64.22707336821901, -27.846004295141313 ], [ -64.226914980012623, -27.846008576551867 ], [ -64.226908942811406, -27.846017184290986 ], [ -64.226918008779649, -27.846093914984806 ], [ -64.226952839452451, -27.846291976747409 ], [ -64.226963941985332, -27.846298459847958 ], [ -64.226973042260624, -27.846341709287231 ], [ -64.226998136586076, -27.846404849131318 ], [ -64.22704348366949, -27.846394544427824 ], [ -64.227201688174375, -27.847335428802694 ], [ -64.227192459286073, -27.84735752919471 ], [ -64.227201395831059, -27.847391225133322 ], [ -64.227313702200092, -27.848063032765651 ], [ -64.227966142842092, -27.847834216906733 ], [ -64.228006775578137, -27.847823052501326 ], [ -64.228598779537151, -27.847599213805324 ], [ -64.228618848133692, -27.847564479755192 ], [ -64.230527848875624, -27.846882875782626 ], [ -64.230786350160088, -27.84679674894312 ], [ -64.230574208131713, -27.845746680914033 ], [ -64.231034398537588, -27.845407568543408 ], [ -64.231046002765311, -27.845387481483044 ], [ -64.231604957884997, -27.845174989760551 ], [ -64.2319357023988, -27.845205537576362 ], [ -64.232529005046274, -27.845260346221892 ], [ -64.233019744531703, -27.845133896770619 ], [ -64.233205449414356, -27.84521721696342 ], [ -64.234247544063578, -27.84543720390792 ], [ -64.234220345189328, -27.845587900903467 ], [ -64.23440905784787, -27.845428439392663 ], [ -64.234675714517778, -27.845482906884854 ], [ -64.234708751014352, -27.845474738573671 ], [ -64.234967526942512, -27.8453753966931 ], [ -64.234980447312353, -27.845369355631192 ], [ -64.235024187444651, -27.845348038098223 ], [ -64.236507857049958, -27.844581721307406 ], [ -64.236643002970823, -27.844634896700313 ], [ -64.236646517953886, -27.844636627437353 ], [ -64.236787022028921, -27.844823839929518 ], [ -64.23704126947041, -27.845630684166281 ], [ -64.237210695139197, -27.846086815378555 ], [ -64.237166480957569, -27.846125190173268 ], [ -64.237018036889936, -27.846383792342465 ], [ -64.237220216366381, -27.846698815147022 ], [ -64.237223055972265, -27.846703469101499 ], [ -64.237553530539344, -27.847692741759147 ], [ -64.238522123629082, -27.850258504173325 ], [ -64.23873083869762, -27.851002823049726 ], [ -64.238726914193592, -27.851020000227095 ], [ -64.238799126482377, -27.851421437890906 ], [ -64.239387979793207, -27.852885968605108 ], [ -64.239582755971298, -27.853244284939308 ], [ -64.239898102140671, -27.85382444576112 ], [ -64.240156399666262, -27.854091404775374 ], [ -64.240161061190861, -27.854094068442691 ], [ -64.240191823351495, -27.854131316580606 ], [ -64.240197383379837, -27.854134061757691 ], [ -64.240236861464894, -27.854180267685308 ], [ -64.240972078173513, -27.854952515725017 ], [ -64.241091052855666, -27.855099392018019 ], [ -64.241125493208585, -27.855133648886124 ], [ -64.241480969769043, -27.85540810133881 ], [ -64.241666913791676, -27.855674544340616 ], [ -64.242027090226486, -27.85582976581901 ], [ -64.242031876960823, -27.855834920022232 ], [ -64.242036560337169, -27.855842196600861 ], [ -64.242037224815135, -27.85584338898019 ], [ -64.242215339739346, -27.856082812247621 ], [ -64.242286415132412, -27.856190290212396 ], [ -64.242310965330262, -27.856232423880499 ], [ -64.242358125054579, -27.856348713491855 ], [ -64.242417944403883, -27.856434283299564 ], [ -64.242425000368826, -27.856513618128645 ], [ -64.242418450021205, -27.856521197993914 ], [ -64.242350743083819, -27.85665444340907 ], [ -64.24251597679455, -27.85678357530378 ], [ -64.242566740662824, -27.856833665692932 ], [ -64.242681482770649, -27.857012609054379 ], [ -64.24295410584341, -27.857228789679425 ], [ -64.242987806819087, -27.857294134488995 ], [ -64.24303499043441, -27.857364645957489 ], [ -64.243049535775242, -27.857349313812847 ], [ -64.243067162296143, -27.857265204226564 ], [ -64.243066030291061, -27.857203931227957 ], [ -64.243062102238071, -27.856775086811524 ], [ -64.24306307076688, -27.856769898267373 ], [ -64.243150647439109, -27.856300737777644 ], [ -64.243144327211667, -27.856295304001947 ], [ -64.243150885592854, -27.85626037599144 ], [ -64.243155477713685, -27.856240283955117 ], [ -64.243104095383558, -27.855303234268206 ], [ -64.243118425662203, -27.855032014839537 ], [ -64.243284443052914, -27.854594080150378 ], [ -64.243432122422803, -27.85420954925894 ], [ -64.244905192122417, -27.852976477967331 ], [ -64.245180806778137, -27.852777247186566 ], [ -64.24507240847322, -27.852605166487649 ], [ -64.245048911236211, -27.852562175244714 ], [ -64.245051887484692, -27.852546961691019 ], [ -64.244955520986707, -27.852417185562501 ], [ -64.244941683192224, -27.852411605584621 ], [ -64.244876636644904, -27.852310416803618 ], [ -64.244843729644117, -27.852328372087186 ], [ -64.244684718436361, -27.85239510189507 ], [ -64.243639360641112, -27.851538106670375 ], [ -64.244113224785735, -27.850758523039644 ], [ -64.244723808283652, -27.851121217126376 ], [ -64.246122913752515, -27.85117544036143 ], [ -64.246179890751989, -27.851134727821602 ], [ -64.246251406452757, -27.851162821093169 ], [ -64.246524815458656, -27.850999002442677 ], [ -64.247897139771453, -27.850131606429102 ], [ -64.247910101005573, -27.850136751141747 ], [ -64.248317503099486, -27.849924878905711 ], [ -64.24801963382572, -27.849744572632346 ], [ -64.248013408304303, -27.849742178545 ], [ -64.248008505361952, -27.84973759961224 ], [ -64.248002011477411, -27.849735101975909 ], [ -64.247948869186473, -27.849723622882664 ], [ -64.247908576716668, -27.849714919937753 ], [ -64.247903653071887, -27.849713026228926 ], [ -64.24789192236733, -27.849706285392642 ], [ -64.247886829721892, -27.84970417776384 ], [ -64.24637675997576, -27.848930332555199 ], [ -64.246247256249376, -27.848888682952406 ], [ -64.246225977834797, -27.848879241368365 ], [ -64.246178676819852, -27.848849029626479 ], [ -64.246167962278946, -27.848832032363475 ], [ -64.246173968427058, -27.848795168926131 ], [ -64.246177152676637, -27.848770615090018 ], [ -64.245269409097773, -27.848281079727087 ], [ -64.24539240326709, -27.847181088194816 ], [ -64.246258456844828, -27.846703185091599 ], [ -64.246401542440935, -27.846421154400105 ], [ -64.246408060890417, -27.846393271851355 ], [ -64.246519082079317, -27.846180218260258 ], [ -64.246526752509908, -27.846147411300365 ], [ -64.246678218118234, -27.845930022447817 ], [ -64.247004156316166, -27.845687382867311 ], [ -64.247256961921948, -27.844955600676201 ], [ -64.247268156954249, -27.8449483872879 ], [ -64.247272630955649, -27.844907347170192 ], [ -64.24728567888809, -27.844849024961206 ], [ -64.247290397110248, -27.844830173122432 ], [ -64.247455983920474, -27.844331981018058 ], [ -64.247469257448415, -27.844296325762343 ], [ -64.24748451911546, -27.844224933627231 ], [ -64.247505829686759, -27.844179679051479 ], [ -64.247504456830427, -27.844177620645667 ], [ -64.247520243405233, -27.844103769131777 ], [ -64.247573819557431, -27.843941160015333 ], [ -64.247678058821407, -27.844020352711084 ], [ -64.247909192511656, -27.844024915760315 ], [ -64.248065185862686, -27.84420168018795 ], [ -64.24803505760849, -27.844221969628734 ], [ -64.248113642249052, -27.844344483492478 ], [ -64.248127647990884, -27.844366147882965 ], [ -64.248154748051206, -27.844406486907985 ], [ -64.248200790074179, -27.844469534834559 ], [ -64.24820845420362, -27.844470364648032 ], [ -64.248309196801358, -27.844406800893864 ], [ -64.248405328528293, -27.844549735814951 ], [ -64.248797721563676, -27.845130069692345 ], [ -64.24887165567992, -27.845143233895669 ], [ -64.248900782160206, -27.845183846721 ], [ -64.248902411465053, -27.845186270124543 ], [ -64.248857750934746, -27.84521638922979 ], [ -64.249445155133913, -27.845944522357115 ], [ -64.249966761599921, -27.846587574839816 ], [ -64.250023552319703, -27.846657539042269 ], [ -64.250087043765916, -27.84673666754901 ], [ -64.250082138689606, -27.846739967990459 ], [ -64.25010614934348, -27.846783144580399 ], [ -64.250621483027658, -27.847462270720882 ], [ -64.250626000836007, -27.847468984928469 ], [ -64.250770366055065, -27.847553954771001 ], [ -64.250778943662226, -27.847559015855097 ], [ -64.251166320209336, -27.847358732411124 ], [ -64.251189784551741, -27.847342930749392 ], [ -64.251561438060321, -27.847089595452303 ], [ -64.251569948998224, -27.847093410952368 ], [ -64.251656845760635, -27.847203918419666 ], [ -64.251724627172962, -27.847168980735148 ], [ -64.251767856831805, -27.847139958806224 ], [ -64.251845820290441, -27.847086747007609 ], [ -64.251821374185283, -27.847050330952925 ], [ -64.251833741666189, -27.847044513078345 ], [ -64.2522789708853, -27.846800888745406 ], [ -64.252472899314, -27.846691750435696 ], [ -64.252745024316766, -27.846540370300431 ], [ -64.253061311997897, -27.84631668702383 ], [ -64.253109142843414, -27.846349867963852 ], [ -64.253204071683115, -27.846472921389022 ], [ -64.253415447329985, -27.846356097566741 ], [ -64.25386983470986, -27.846099138207364 ], [ -64.253878194049946, -27.846093512922039 ], [ -64.253852769269429, -27.846056044768147 ], [ -64.253916814915101, -27.846012363279669 ], [ -64.253920785486628, -27.846009728053502 ], [ -64.253992297716195, -27.846022052308456 ], [ -64.254283136599383, -27.845902223639257 ], [ -64.254689675255634, -27.84570601322207 ], [ -64.254712014744996, -27.845739579639485 ], [ -64.254757199886058, -27.845768295183348 ], [ -64.254767083114416, -27.84578294115704 ], [ -64.254880792854351, -27.84570491237281 ], [ -64.254920191356177, -27.845678303120849 ], [ -64.254933368972218, -27.845680572595938 ], [ -64.255122773548692, -27.845598870897447 ], [ -64.255243982659977, -27.845526335900786 ], [ -64.255295649443724, -27.845497234579511 ], [ -64.255227840223881, -27.845151997616597 ], [ -64.254900724311824, -27.845130887355708 ], [ -64.254896040033998, -27.845123967788481 ], [ -64.254888913388299, -27.845128723488756 ], [ -64.254870351434363, -27.845049858000721 ], [ -64.254885542930879, -27.844977177698752 ], [ -64.25492499825549, -27.844950006502927 ], [ -64.254930656038084, -27.844958355294239 ], [ -64.254939260643482, -27.844952619071364 ], [ -64.255269696335063, -27.844784092597877 ], [ -64.255212808876763, -27.844697518001965 ], [ -64.255204548477593, -27.844653881734018 ], [ -64.255585639461742, -27.844437397918682 ], [ -64.25577774950608, -27.844331148518393 ], [ -64.256017820776037, -27.844167181154546 ], [ -64.256242601558142, -27.84411463489198 ], [ -64.256340257162094, -27.84427226262045 ], [ -64.256379293772397, -27.844279218644942 ], [ -64.256444638801668, -27.844436659755218 ], [ -64.256511585992939, -27.844389331284731 ], [ -64.256566378817979, -27.844351353270838 ], [ -64.256838110081617, -27.8440868020636 ], [ -64.257324889750862, -27.843821534656911 ], [ -64.257328266009722, -27.843819308190518 ], [ -64.257299925114125, -27.843776442889407 ], [ -64.25728669326179, -27.843669531825867 ], [ -64.257280998485328, -27.843660892077651 ], [ -64.257352179229997, -27.843601501306864 ], [ -64.257357103966115, -27.843598124457742 ], [ -64.257428656220952, -27.843548972307303 ], [ -64.257434771734324, -27.843558003300927 ], [ -64.257444465323374, -27.843551648939581 ], [ -64.258084796376693, -27.84318225737627 ], [ -64.258047980674007, -27.843126878577834 ], [ -64.258081944042431, -27.843104565748547 ], [ -64.257842775107065, -27.842814230722468 ], [ -64.25820663457381, -27.84232184676091 ], [ -64.258223603545048, -27.842308076077984 ], [ -64.258494058517044, -27.842228120356765 ], [ -64.25898616979589, -27.842082635465488 ], [ -64.259019398128032, -27.842117449576278 ], [ -64.259242276137002, -27.842427772932012 ], [ -64.259309479591707, -27.842399504121545 ], [ -64.259414342038951, -27.842349053643773 ], [ -64.259961030639772, -27.841892731223197 ], [ -64.260035005308737, -27.841890891228388 ], [ -64.260101064927369, -27.841843282492391 ], [ -64.260886878346071, -27.842326328166166 ], [ -64.260903905792645, -27.84232936900213 ], [ -64.26096579590336, -27.842328135201058 ], [ -64.262118254278391, -27.84310261313243 ], [ -64.262252968011296, -27.843078651524536 ], [ -64.262299733140139, -27.8433529051145 ], [ -64.262404166327656, -27.843281842304236 ], [ -64.262555316524697, -27.843207745978589 ], [ -64.262603690797391, -27.843182321329266 ], [ -64.262622364187678, -27.843185515911841 ], [ -64.262823307626093, -27.843361033663655 ], [ -64.263255180127146, -27.84359710916118 ], [ -64.263378977234311, -27.843564788793287 ], [ -64.263468277371089, -27.843510520325879 ], [ -64.263876435926477, -27.844042166739086 ], [ -64.263915160148883, -27.844098061033719 ], [ -64.264676425767163, -27.843948177577658 ], [ -64.264715242513603, -27.843905877996406 ], [ -64.264724615433124, -27.843907494524728 ], [ -64.264740132035286, -27.84393717509306 ], [ -64.264798165204468, -27.84400607610587 ], [ -64.264796426096041, -27.84401340205369 ], [ -64.264835363756106, -27.844056797970723 ], [ -64.264832677938898, -27.844069032985146 ], [ -64.264818364425764, -27.844134152108893 ], [ -64.26477655929699, -27.84415193271991 ], [ -64.264697565772906, -27.844205255969825 ], [ -64.264685233283501, -27.84418693618062 ], [ -64.264666032729735, -27.844199862876565 ], [ -64.26446500514254, -27.844303317251956 ], [ -64.264579773628896, -27.844484577761932 ], [ -64.264597417192647, -27.844487616839274 ], [ -64.264657836503545, -27.844497950348284 ], [ -64.265079800548051, -27.845124192515812 ], [ -64.2651899759137, -27.8452683124342 ], [ -64.265214812848569, -27.84530511806588 ], [ -64.265253204548628, -27.845279283645709 ], [ -64.26525832083513, -27.845291118489001 ], [ -64.265712907132468, -27.845935820280886 ], [ -64.266165967781205, -27.8465551539893 ], [ -64.266263302778157, -27.846688408635998 ], [ -64.266374397647951, -27.84681441318827 ], [ -64.266395969373605, -27.846846343241225 ], [ -64.266408465399877, -27.846972569084073 ], [ -64.266400403516798, -27.847109843422345 ], [ -64.266391649304069, -27.847148505469249 ], [ -64.266384537353304, -27.84732753027987 ], [ -64.266279837903824, -27.847359225487764 ], [ -64.266232258003015, -27.847391026674927 ], [ -64.266230781043873, -27.847391520781628 ], [ -64.2662303086816, -27.84739174273966 ], [ -64.26623159440328, -27.847393491567857 ], [ -64.266232230221419, -27.847392783303121 ], [ -64.266263647890185, -27.84743783888905 ], [ -64.266309258486444, -27.847406310143185 ], [ -64.26630959835785, -27.847407199193185 ], [ -64.266330203807115, -27.847518956363217 ], [ -64.266328093964262, -27.847520326998279 ], [ -64.266402447546795, -27.847534483726861 ], [ -64.266408345123295, -27.847537142443684 ], [ -64.266410655447032, -27.847534281739172 ], [ -64.266381819968217, -27.847491087453079 ], [ -64.266408044862658, -27.847505031086541 ], [ -64.266441616174632, -27.847458866252964 ], [ -64.266463735160357, -27.847456869449445 ], [ -64.266499110288521, -27.847494433783595 ], [ -64.266513030775513, -27.847515832799843 ], [ -64.266538650657139, -27.847499107972794 ], [ -64.266568393445539, -27.847467672856624 ], [ -64.266580192032166, -27.84745469941231 ], [ -64.266555828698245, -27.84741805336472 ], [ -64.266565180381122, -27.847411843044483 ], [ -64.266663877332121, -27.847340263268109 ], [ -64.266633938038638, -27.847228161567671 ], [ -64.26663936975649, -27.847204108872972 ], [ -64.266749479730265, -27.846993737786647 ], [ -64.266867762684683, -27.84685497310636 ], [ -64.26688399431913, -27.846782316433462 ], [ -64.266891191706634, -27.846769440950425 ], [ -64.266905023670574, -27.846751792606597 ], [ -64.266933788574818, -27.84679480567695 ], [ -64.266936428412464, -27.846793028870138 ], [ -64.267477641483197, -27.846451270795512 ], [ -64.267752977924204, -27.846273982765751 ], [ -64.268049174739815, -27.846085836817849 ], [ -64.268603726585525, -27.845737084460893 ], [ -64.268618428021853, -27.845727774623754 ], [ -64.268646158690103, -27.845710289407805 ], [ -64.268691680614552, -27.845679634982048 ], [ -64.268693100979362, -27.845681762500192 ], [ -64.268722013876129, -27.845725048108534 ], [ -64.268724238374659, -27.84572356118764 ], [ -64.26928762636453, -27.845365111987121 ], [ -64.269590976372513, -27.845176132123242 ], [ -64.269416181611007, -27.844991371434276 ], [ -64.269426925525636, -27.844943557849376 ], [ -64.269342476123768, -27.844825918273159 ], [ -64.269347510378623, -27.844802775805761 ], [ -64.26962583217545, -27.844671526457319 ], [ -64.270077061416089, -27.844367875056719 ], [ -64.270118837231337, -27.844374648738722 ], [ -64.270564958432487, -27.844124779112292 ], [ -64.270731681781456, -27.843996856897547 ], [ -64.270751155493372, -27.84398384939044 ], [ -64.270737128073847, -27.843962144675743 ], [ -64.270831844146016, -27.843914700686355 ], [ -64.27090486039009, -27.843927898135348 ], [ -64.270920613142778, -27.843913606058948 ], [ -64.270926368232153, -27.843914556607501 ], [ -64.27100868672801, -27.844021416784983 ], [ -64.270998167149912, -27.844028495944883 ], [ -64.271005017673986, -27.844038713758778 ], [ -64.271087923527716, -27.844359545537429 ], [ -64.271280137886379, -27.844451193868508 ], [ -64.271362168156429, -27.84440609678677 ], [ -64.271699696281416, -27.844156754906294 ], [ -64.271702299466824, -27.844155005581001 ], [ -64.271700601376949, -27.844152488025884 ], [ -64.271719087399731, -27.844142338421136 ], [ -64.271724451710952, -27.844138339772883 ], [ -64.271801253261401, -27.844152052512754 ], [ -64.271802419867754, -27.844152253920413 ], [ -64.27181823939236, -27.844172971049318 ], [ -64.271814995455429, -27.844175127190113 ], [ -64.271817025775249, -27.844178223325798 ], [ -64.272015374444379, -27.844515482901727 ], [ -64.272298034764106, -27.8448575349571 ], [ -64.272674580158252, -27.845318211068843 ], [ -64.273127756887448, -27.845065461379647 ], [ -64.273629391240604, -27.844784364475061 ], [ -64.273778914994239, -27.844717171396951 ], [ -64.273850017841767, -27.844685956703529 ], [ -64.273885271192967, -27.844662154395053 ], [ -64.273989982480941, -27.844550527538956 ], [ -64.27397268381003, -27.84452500317866 ], [ -64.274472642185231, -27.844317675149568 ], [ -64.274503285289484, -27.844329149696478 ], [ -64.27455403643296, -27.844346952669639 ], [ -64.274641136906439, -27.844393323995519 ], [ -64.274660198728782, -27.844421645115915 ], [ -64.274677998577999, -27.844409662382702 ], [ -64.275033255103267, -27.844183701935833 ], [ -64.275212397569021, -27.844069611359714 ], [ -64.275603941748159, -27.843820589315726 ], [ -64.276079930917945, -27.843528860877711 ], [ -64.276176221088861, -27.843468313836297 ], [ -64.276364994334642, -27.843346544219571 ], [ -64.27639770464242, -27.843326913869248 ], [ -64.276409362704499, -27.843343653710633 ], [ -64.276527980526623, -27.843315578718602 ], [ -64.277013814176541, -27.84360299705645 ], [ -64.276909464375933, -27.843674644144414 ], [ -64.276929751050943, -27.843705028505497 ], [ -64.276964403628995, -27.843826422139728 ], [ -64.277077638790047, -27.843919251822342 ], [ -64.27724374581544, -27.844122255013133 ], [ -64.277685575820044, -27.844665147554736 ], [ -64.277962528516184, -27.84450752284846 ], [ -64.278265423238395, -27.844728993864123 ], [ -64.278429028969981, -27.844810600718006 ], [ -64.278475678608629, -27.845938038223096 ], [ -64.27935606261974, -27.844076258445284 ], [ -64.27934381428372, -27.843836248242155 ], [ -64.280194200883614, -27.841777432513254 ], [ -64.280217202039012, -27.841708587320568 ], [ -64.28322704479001, -27.84060286874859 ], [ -64.283288718558424, -27.840640017011197 ], [ -64.288538335754311, -27.84347244996934 ], [ -64.287163073834847, -27.840922610062989 ], [ -64.287166782851159, -27.84088284129615 ], [ -64.288112413160036, -27.839814346517358 ], [ -64.286301257688137, -27.837509843781334 ], [ -64.28562631568451, -27.83593239348653 ], [ -64.288455750872629, -27.834880844777331 ], [ -64.288493566229874, -27.834878235822146 ], [ -64.289758790917119, -27.835350659359392 ], [ -64.290200330147627, -27.835295185601296 ], [ -64.290276554080663, -27.835254396042103 ], [ -64.290555669706009, -27.835407419606611 ], [ -64.291229367244227, -27.835620946093741 ], [ -64.291197117034244, -27.83565199200774 ], [ -64.291224448937555, -27.835680842387887 ], [ -64.291355512306268, -27.835789428159273 ], [ -64.291397351981459, -27.835953745017889 ], [ -64.291434130203697, -27.835918365140003 ], [ -64.291669620632888, -27.835631286425439 ], [ -64.295763877696402, -27.833192981589548 ], [ -64.296045255042998, -27.833238329032838 ], [ -64.296240377090953, -27.833172087766684 ], [ -64.296256261795065, -27.833165538846288 ], [ -64.29626833301171, -27.833201929697395 ], [ -64.29627215368447, -27.833216230643131 ], [ -64.296313785476514, -27.833201803606698 ], [ -64.2963824792227, -27.833175464039016 ], [ -64.296355677688098, -27.833118219926291 ], [ -64.296339227340695, -27.833074118635636 ], [ -64.296290183168423, -27.833091673369836 ], [ -64.296096696635402, -27.832618280410827 ], [ -64.296118822809433, -27.832576365831244 ], [ -64.296133648668388, -27.832548229098165 ], [ -64.296443863450236, -27.832463772653284 ], [ -64.296458694091768, -27.832458413519817 ], [ -64.296697345002713, -27.832394477667606 ], [ -64.296971687097709, -27.832318073574015 ], [ -64.297011398973609, -27.832303706122957 ], [ -64.297313751825982, -27.832223880553784 ], [ -64.297303025922076, -27.832193839435831 ], [ -64.297292688463301, -27.832164358329976 ], [ -64.297321322998812, -27.83214364603316 ], [ -64.297587830722989, -27.832069428091586 ], [ -64.297735079015752, -27.832025106449123 ], [ -64.29820116451998, -27.831884023773966 ], [ -64.298676161921207, -27.8317429364335 ], [ -64.298816456718328, -27.831705402711577 ], [ -64.299067365284884, -27.831607175138231 ], [ -64.299100702600981, -27.83159505921725 ], [ -64.299056300836753, -27.83146669761669 ], [ -64.299055657586223, -27.831420590269431 ], [ -64.299531421611505, -27.831280666933822 ], [ -64.299827542835999, -27.83119316193239 ], [ -64.300161171142122, -27.831098652902256 ], [ -64.300711147068455, -27.830933231716642 ], [ -64.300717372725614, -27.830930939165228 ], [ -64.300700633175325, -27.830886485586575 ], [ -64.300741322198121, -27.830866980081225 ], [ -64.300759315882715, -27.830860998324908 ], [ -64.30083151457444, -27.830889873261128 ], [ -64.300841671622379, -27.83088669751578 ], [ -64.303210967791131, -27.830244442630772 ], [ -64.303606342459261, -27.83012628641012 ], [ -64.305399757296527, -27.829879423783382 ], [ -64.305449107708739, -27.829878376570548 ], [ -64.305480806732817, -27.829882799168502 ], [ -64.30561146522416, -27.830010018627092 ], [ -64.305895726042763, -27.830348434032658 ], [ -64.308701488582415, -27.8277681847689 ], [ -64.308738415782443, -27.827772720217183 ], [ -64.30877551672495, -27.82775610753788 ], [ -64.309661859619837, -27.827692539589179 ], [ -64.312109197379755, -27.826175104208801 ], [ -64.312915030645399, -27.826324235867389 ], [ -64.314337812873987, -27.826587527285653 ], [ -64.314373214369141, -27.826555681180423 ], [ -64.316361113741607, -27.823538766704758 ], [ -64.317471669613042, -27.823280033383242 ], [ -64.317574167132079, -27.823340703315239 ], [ -64.31799613229532, -27.823289745413263 ], [ -64.318025938299741, -27.823308145143358 ], [ -64.31848722065223, -27.823587637173887 ], [ -64.319049507938018, -27.82496348598545 ], [ -64.316394392680138, -27.82760739653753 ], [ -64.316407581544354, -27.82764478491805 ], [ -64.318056424226143, -27.829091185967968 ], [ -64.318252757262542, -27.829431497092514 ], [ -64.318974735242421, -27.82965968013832 ], [ -64.321846500906304, -27.831745273136846 ], [ -64.319809440272934, -27.834737857617824 ], [ -64.319812740719271, -27.834759219166699 ], [ -64.323277395159664, -27.833586432763752 ], [ -64.33033183504358, -27.833904588628172 ], [ -64.331903683285645, -27.834330735575577 ], [ -64.335398066019025, -27.835278077810926 ], [ -64.335402723707489, -27.835282118572934 ], [ -64.337238754364137, -27.83577868091362 ], [ -64.339213533523434, -27.836312768380139 ], [ -64.339697277267078, -27.836443602213876 ], [ -64.339359310867962, -27.836226148564094 ], [ -64.33935673591543, -27.836224555464923 ], [ -64.339337540350414, -27.836211607011364 ], [ -64.339283731965793, -27.836175310362478 ], [ -64.337926208024442, -27.835294601492535 ], [ -64.337665542824027, -27.835115700094377 ], [ -64.336737062829172, -27.834508863470091 ], [ -64.336191679158674, -27.834125264930549 ], [ -64.334951958542092, -27.833253298780335 ], [ -64.333686527476289, -27.831624444565875 ], [ -64.3329443622236, -27.830099373510222 ], [ -64.332726074421885, -27.82975643986174 ], [ -64.332581312991863, -27.829353345758307 ], [ -64.332553842424943, -27.829231749209214 ], [ -64.332451702788546, -27.828752704395868 ], [ -64.332448138789175, -27.828732544886066 ], [ -64.332007129394356, -27.826495613968234 ], [ -64.329454110506617, -27.826934492115697 ], [ -64.329443201545075, -27.82693648663701 ], [ -64.329345497542647, -27.826955936566776 ], [ -64.328899886020281, -27.827028970906042 ], [ -64.328832303215961, -27.827040474987939 ], [ -64.328818197886449, -27.827042359336531 ], [ -64.327021409874476, -27.827042194053604 ], [ -64.326722776661029, -27.826730972238522 ], [ -64.326682652551369, -27.826706560822174 ], [ -64.326481812898749, -27.82649829497467 ], [ -64.326313149260841, -27.826323394873896 ], [ -64.325929570825053, -27.825925635548572 ], [ -64.325247660407058, -27.824870103444823 ], [ -64.325169520302666, -27.824594351738995 ], [ -64.32508895765443, -27.824316946958163 ], [ -64.323659553478251, -27.819541694547979 ], [ -64.322376034903755, -27.815226057082782 ], [ -64.319798083707667, -27.809992457565102 ], [ -64.321099600953801, -27.809048794360194 ], [ -64.321114364341497, -27.809016260012982 ], [ -64.321626807754683, -27.808829178966164 ], [ -64.32165456077405, -27.808820650382813 ], [ -64.320686391448533, -27.805888025851232 ], [ -64.324125994844223, -27.796986503201254 ], [ -64.324106086398672, -27.796978089530512 ], [ -64.323930863461385, -27.797167108942233 ], [ -64.323909200202024, -27.79715982542109 ], [ -64.324171120297649, -27.796059413620128 ], [ -64.323975011466985, -27.796025168847393 ], [ -64.32415540824627, -27.795448483822554 ], [ -64.325291820682253, -27.792563331737483 ], [ -64.325334238982236, -27.792532229645701 ], [ -64.325844636152965, -27.792412349570441 ], [ -64.32604301855406, -27.792361531515667 ], [ -64.3264857172706, -27.792248127814844 ], [ -64.331455738377429, -27.782470914845931 ], [ -64.331445808083345, -27.78244673280642 ], [ -64.329206231442924, -27.781201347593424 ], [ -64.331020443431839, -27.780288167672268 ], [ -64.333193393846727, -27.781661088924125 ], [ -64.33484632211173, -27.780917999224926 ], [ -64.334861319602453, -27.780909408105742 ], [ -64.334770803376045, -27.778422693969276 ], [ -64.336236385438212, -27.777685684073504 ], [ -64.336194197316274, -27.780310148977094 ], [ -64.33746856962216, -27.779737193761662 ], [ -64.337484715609207, -27.779765153130882 ], [ -64.347397355059002, -27.782780063848861 ], [ -64.352667028941426, -27.784578406589162 ], [ -64.355526752827984, -27.785554324974214 ], [ -64.370163960633477, -27.782595547154756 ], [ -64.373078765239939, -27.783173819800879 ], [ -64.40031240889266, -27.778703002404029 ], [ -64.400374578063975, -27.778738972857354 ], [ -64.400380939476804, -27.778742703538967 ], [ -64.409210308764671, -27.779422300453518 ], [ -64.415290459384835, -27.778889308226439 ], [ -64.415308050512579, -27.778899252983649 ], [ -64.415985766710321, -27.779423145610792 ], [ -64.437970914520406, -27.779349875655612 ], [ -64.448459362305073, -27.778917575894127 ], [ -64.451045986113115, -27.778963105642219 ], [ -64.487209591679004, -27.80184647118881 ], [ -64.490962474248249, -27.803522861492922 ], [ -64.514087404137456, -27.784399953331388 ], [ -64.516356351077661, -27.783565231278885 ], [ -64.52600085534084, -27.785667037844291 ], [ -64.526031659197656, -27.785661260866334 ], [ -64.533071333961118, -27.788313208300451 ], [ -64.545836775255111, -27.789989863778828 ], [ -64.551301592218238, -27.790772754240436 ], [ -64.551346410640122, -27.790823198499936 ], [ -64.551236460793632, -27.794402069002558 ], [ -64.553131125154948, -27.79480128467992 ], [ -64.553615736615598, -27.794541349231963 ], [ -64.553625976887361, -27.794539586709845 ], [ -64.553613607609464, -27.794594341957009 ], [ -64.55438574257164, -27.795069636458379 ], [ -64.582802416511356, -27.791479498031038 ], [ -64.594336068787811, -27.796063948418237 ], [ -64.606968704956159, -27.798002861348493 ], [ -64.621730771609236, -27.796007935291414 ], [ -64.633630823060457, -27.793619650038636 ], [ -64.639509492478226, -27.779325263922544 ], [ -64.655783661767543, -27.784456779528909 ], [ -64.645251496916444, -27.763211427924546 ], [ -64.645855722626891, -27.761303839344123 ], [ -64.646840955214088, -27.759284278029156 ], [ -64.650032048353296, -27.759390974540054 ], [ -64.652018997606774, -27.761301390326992 ], [ -64.652015995992201, -27.76131866903097 ], [ -64.657083590193906, -27.783724195195816 ], [ -64.670036468646458, -27.775960439612845 ], [ -64.673838716005719, -27.773183934899521 ], [ -64.673867983277432, -27.773188437546764 ], [ -64.674801387783873, -27.772317286337454 ], [ -64.674828368417025, -27.772320199491162 ], [ -64.675133634061467, -27.77207704780227 ], [ -64.676224549973995, -27.771081191391943 ], [ -64.677005503572389, -27.769635931692562 ], [ -64.69816515283884, -27.764613599124232 ], [ -64.717026625351366, -27.779098109061749 ], [ -64.727422688461957, -27.7792217338162 ], [ -64.730884219684469, -27.779179203371427 ], [ -64.747246857119251, -27.79946486230449 ], [ -64.81081400596679, -27.800982651367178 ], [ -64.810825184289513, -27.80092065141173 ], [ -64.828933771245659, -27.801450175535194 ], [ -64.828926237897576, -27.801511420156828 ], [ -64.828923915151222, -27.801524303142742 ], [ -64.830079774556509, -27.800395488384765 ], [ -64.830088759280841, -27.800322444362052 ], [ -64.882277165803657, -27.77940296551526 ], [ -64.883471720273747, -27.78112532547425 ], [ -64.893524854292764, -27.809052114191559 ], [ -64.89110775244086, -27.818607085593896 ], [ -64.892938235538679, -27.830857482504484 ], [ -64.906303796354223, -27.857967571901213 ], [ -64.90871082160487, -27.859701866624903 ], [ -64.917109376072119, -27.862731613315475 ], [ -64.927249195688262, -27.872624406917396 ], [ -64.927252585127292, -27.872679564319526 ], [ -64.909235258992794, -27.900632759538212 ], [ -64.909196659776342, -27.900584436918336 ], [ -64.909160787466249, -27.900611321389079 ], [ -64.908687900667815, -27.900913432018115 ], [ -64.90871828931347, -27.90096364447038 ], [ -64.90897269797108, -27.901130998540282 ], [ -64.90902084320561, -27.90127558786503 ], [ -64.909132951727884, -27.901526405242407 ], [ -64.947326980558387, -27.950759816856078 ], [ -64.973505980740697, -27.961867775175563 ], [ -64.951446828778671, -28.094882453128605 ], [ -64.898931694319401, -28.152610207124667 ], [ -64.946602693303248, -28.196976240842048 ], [ -64.951268421326404, -28.200941099737975 ], [ -64.951602170063381, -28.20117622734 ], [ -64.951907651096462, -28.201695681901583 ], [ -64.951964992917908, -28.201246040853562 ], [ -64.982847869809689, -28.197033091384526 ], [ -64.99244864329097, -28.232810458915253 ], [ -64.987232229913275, -28.235237358325207 ], [ -64.992695043452045, -28.233395327798462 ], [ -64.992909389792999, -28.2337091420722 ], [ -65.031731483135275, -28.248822382346646 ], [ -65.054918010032225, -28.281559356015634 ], [ -65.053387118325247, -28.31636277612256 ], [ -65.071516153150128, -28.366167348280442 ], [ -65.07153272493639, -28.36617797513577 ], [ -65.07950068272612, -28.391851942404344 ], [ -65.081305073032809, -28.396202414687764 ], [ -65.081354909340064, -28.39621618132918 ], [ -65.082526037182333, -28.399053208743055 ], [ -65.082524376628328, -28.399087007111973 ], [ -65.082575289304032, -28.399175712217811 ], [ -65.082573431637968, -28.399209783116873 ], [ -65.082718249521974, -28.399532357037515 ], [ -65.082716351457009, -28.399567247587981 ], [ -65.082860470214825, -28.399887157867397 ], [ -65.082858526502491, -28.399922863577956 ], [ -65.082977788774031, -28.400179876898449 ], [ -65.082975807299647, -28.400216255092687 ], [ -65.08316765956431, -28.400653663894786 ], [ -65.083165618849876, -28.400691130638847 ], [ -65.083388764249548, -28.401271601191183 ], [ -65.083629265459535, -28.401817658375023 ], [ -65.083626974230981, -28.401857793065005 ], [ -65.08415758795212, -28.403123794866985 ], [ -65.084155341678638, -28.403166942455869 ], [ -65.084483770520023, -28.403937474701479 ], [ -65.084481308520935, -28.403982485850179 ], [ -65.084810951336578, -28.404754451093368 ], [ -65.084809444010659, -28.404801373151429 ], [ -65.0909044899945, -28.418804605446212 ], [ -65.093193058648808, -28.410573140796942 ], [ -65.093216007610465, -28.410546543153487 ], [ -65.093219487977251, -28.410546486311659 ], [ -65.093260729003475, -28.410510052080724 ], [ -65.09444100615417, -28.408456781393511 ], [ -65.094698115086771, -28.408150188042441 ], [ -65.095278485966787, -28.407838337918292 ], [ -65.095539415733469, -28.407993100261592 ], [ -65.095613541937723, -28.407934675074785 ], [ -65.095947105492201, -28.407611756419215 ], [ -65.095999215047982, -28.407613755544958 ], [ -65.096404954320803, -28.407271599480509 ], [ -65.096360801914273, -28.40708763041647 ], [ -65.096185514626939, -28.407099091985742 ], [ -65.096161896534284, -28.40707603775121 ], [ -65.096141737641346, -28.407097412529993 ], [ -65.096034046603222, -28.406990637397655 ], [ -65.095954431122152, -28.406902196489114 ], [ -65.095965586372131, -28.406871411608506 ], [ -65.096008318371673, -28.406860566086891 ], [ -65.096004093137537, -28.406807658859123 ], [ -65.096016836000217, -28.40678528604343 ], [ -65.096003552174636, -28.406614988628519 ], [ -65.096036777765789, -28.406574554155156 ], [ -65.096126266410465, -28.406629887075155 ], [ -65.096368126349489, -28.406414475176348 ], [ -65.096620143168707, -28.406174063819947 ], [ -65.096618738509733, -28.406153717118002 ], [ -65.096682693956097, -28.406110509841085 ], [ -65.096774428970832, -28.405990301457223 ], [ -65.096788899887542, -28.405948931402861 ], [ -65.096808815901454, -28.405963648943839 ], [ -65.09682179467444, -28.405943015098558 ], [ -65.096853024854397, -28.405986538309719 ], [ -65.096940224325408, -28.405860054691118 ], [ -65.096994636955912, -28.405735640697515 ], [ -65.096951434086179, -28.405660740760254 ], [ -65.096691924801348, -28.405040876930002 ], [ -65.097095907837456, -28.404759819301034 ], [ -65.097061674954148, -28.404738840105836 ], [ -65.097451493709116, -28.404474145443658 ], [ -65.097603192475106, -28.404315559284328 ], [ -65.097622628368356, -28.404332753484994 ], [ -65.097635912706437, -28.40431746858718 ], [ -65.097663479031496, -28.404339480908163 ], [ -65.097817495105062, -28.404076362954925 ], [ -65.098027701040508, -28.403951016863402 ], [ -65.097948263533851, -28.403869164042419 ], [ -65.09794935255627, -28.403846343714122 ], [ -65.097729406494295, -28.403727087471282 ], [ -65.097720330076413, -28.403661002659419 ], [ -65.09806178375419, -28.403357295516173 ], [ -65.098551741502547, -28.402910352027504 ], [ -65.09837403127068, -28.402725286529176 ], [ -65.098635060215997, -28.40227742051087 ], [ -65.098638451603961, -28.402233921277286 ], [ -65.09867400211624, -28.402235060567193 ], [ -65.098952705158695, -28.402039208837891 ], [ -65.098985715090009, -28.402010076646377 ], [ -65.099113387695297, -28.401921066035754 ], [ -65.09918929979392, -28.401855981466383 ], [ -65.099001213422753, -28.40169269677483 ], [ -65.098981393818917, -28.401670248897858 ], [ -65.098958237213481, -28.401691001812367 ], [ -65.098859276114354, -28.401578835791895 ], [ -65.098720428609738, -28.401457899241905 ], [ -65.098723814521122, -28.401414224104599 ], [ -65.099014261817103, -28.401246282009254 ], [ -65.099025507050499, -28.401236413839683 ], [ -65.099440546608321, -28.40094886244492 ], [ -65.09969818185823, -28.400728944047444 ], [ -65.099520768475315, -28.400588406886413 ], [ -65.099452816996575, -28.400494615195214 ], [ -65.099456619624561, -28.400441053894838 ], [ -65.10029983405218, -28.399947742799498 ], [ -65.100320432792046, -28.399925555566199 ], [ -65.10035830748609, -28.399891398491775 ], [ -65.100336499399646, -28.39985805461788 ], [ -65.100433538348341, -28.39982270854523 ], [ -65.100450818781439, -28.399818944270294 ], [ -65.100498809703709, -28.399820100294221 ], [ -65.100566161735287, -28.399839694683862 ], [ -65.100562250523694, -28.399827452853913 ], [ -65.100617946439456, -28.39984746236513 ], [ -65.10044265152078, -28.399424248273078 ], [ -65.100413417671405, -28.399442480636537 ], [ -65.10020417858027, -28.399127370263443 ], [ -65.100105942889058, -28.399022288724098 ], [ -65.100108740903238, -28.398997763265868 ], [ -65.100117067726728, -28.398943944023927 ], [ -65.100248926615791, -28.398846385697425 ], [ -65.100548619754875, -28.398574405673514 ], [ -65.10057035104694, -28.398597145053941 ], [ -65.100706116591255, -28.398429132080253 ], [ -65.100711713204475, -28.398360337392262 ], [ -65.10061861734988, -28.397983380124117 ], [ -65.096304612896063, -28.386117919283322 ], [ -65.098230495652786, -28.374999670173509 ], [ -65.111377786245271, -28.366006394407975 ], [ -65.111387435508277, -28.365987260162342 ], [ -65.109867310705226, -28.362343279834533 ], [ -65.156922853652532, -28.293353342933017 ], [ -65.163509600234022, -28.278738177437219 ], [ -65.163543801799619, -28.278733890563956 ], [ -65.163540637977803, -28.278703875309532 ], [ -65.168038552038297, -28.278414811478513 ], [ -65.17084539614433, -28.27876200734886 ], [ -65.170874242725176, -28.278763236752127 ], [ -65.170875807164521, -28.278769535290792 ], [ -65.171654210345082, -28.278547963630672 ], [ -65.173259439137212, -28.277926574587241 ], [ -65.174832254976025, -28.276393200441078 ], [ -65.176792715979957, -28.272376489772739 ], [ -65.177137503409938, -28.269793486047888 ], [ -65.177547029763389, -28.26739315922498 ], [ -65.176745722794351, -28.262471529468257 ], [ -65.176779054896031, -28.262414445352078 ], [ -65.176685167356425, -28.261805765913323 ], [ -65.197607712471893, -28.256188873076894 ], [ -65.211823011375031, -28.248249351418963 ], [ -65.238873985203156, -28.246399388978034 ], [ -65.273719262384702, -28.242028428794299 ], [ -65.293138237985943, -28.244683754228674 ], [ -65.294947341339935, -28.239991178591652 ], [ -65.302210080394673, -28.214612064733672 ], [ -65.302247601714612, -28.214637817560231 ], [ -65.314544411952966, -28.171370582501538 ], [ -65.315720932416468, -28.170311577959694 ], [ -65.315687176980703, -28.170302235912857 ], [ -65.318422839149662, -28.168121681949401 ], [ -65.318368923120602, -28.168042989495802 ], [ -65.318170182457493, -28.167798168792785 ], [ -65.319280448590121, -28.166628779940368 ], [ -65.320052624420782, -28.165917981996301 ], [ -65.317378651120464, -28.162548635565145 ], [ -65.317348396959517, -28.162548923952386 ], [ -65.317206860210433, -28.162333787880755 ], [ -65.317179987453187, -28.16233666494071 ], [ -65.317055998962417, -28.162168635117553 ], [ -65.316871061282029, -28.162049086207446 ], [ -65.316850659267914, -28.162055546536408 ], [ -65.316658458044969, -28.16188649341467 ], [ -65.316640433627811, -28.161890515791413 ], [ -65.316630331130398, -28.161864533205119 ], [ -65.316612640711867, -28.161868231338644 ], [ -65.316343014957511, -28.161634181378986 ], [ -65.31632949098298, -28.161637924354238 ], [ -65.31633849617333, -28.161573419335639 ], [ -65.317553710037714, -28.158604061591348 ], [ -65.324257646897934, -28.151929463239185 ], [ -65.324261786167142, -28.151871443758353 ], [ -65.336081688379409, -28.143506794684527 ], [ -65.336118546957721, -28.143491988595599 ], [ -65.340491173951023, -28.144580442198617 ], [ -65.356886770204483, -28.150158939107541 ], [ -65.36133536361865, -28.133280967076701 ], [ -65.361318735629879, -28.133244347090283 ], [ -65.364342001113982, -28.12825706652211 ], [ -65.370968881318277, -28.124345633329312 ], [ -65.414824237433891, -28.11835735488313 ], [ -65.447420944926932, -28.128412397243721 ], [ -65.455117733333111, -28.13157700459368 ], [ -65.455158933066684, -28.131595469478498 ], [ -65.455173520045093, -28.131562091130775 ], [ -65.469370356755121, -28.139810099751514 ], [ -65.469399141373287, -28.139847697560697 ], [ -65.471639149038765, -28.153121150742436 ], [ -65.474175295893531, -28.163687293076691 ], [ -65.475124267256774, -28.16780133364125 ], [ -65.475174032360201, -28.16774527772759 ], [ -65.475181474399562, -28.167744686258288 ], [ -65.475672689210398, -28.168527994722353 ], [ -65.477019861561757, -28.17067624327268 ], [ -65.483881808229285, -28.180493840270458 ], [ -65.483925532884712, -28.180484442190902 ], [ -65.485156004294822, -28.181234170215816 ], [ -65.48521261646971, -28.18121456958022 ], [ -65.485326176146714, -28.181335450074585 ], [ -65.485384797924553, -28.18131569179036 ], [ -65.485543860799964, -28.181284843902574 ], [ -65.485551989320754, -28.181302592606471 ], [ -65.485758278061326, -28.181265296200081 ], [ -65.485767592761192, -28.181285594296412 ], [ -65.485738666058808, -28.18146798422822 ], [ -65.485747459146125, -28.181486961747851 ], [ -65.485986308020586, -28.181474339602687 ], [ -65.486892492857464, -28.182212085963215 ], [ -65.490736586616038, -28.183135833244535 ], [ -65.49143846165174, -28.183172171272588 ], [ -65.491361971810875, -28.183313974902319 ], [ -65.491540748758609, -28.183366696484086 ], [ -65.491548740188989, -28.183374267249974 ], [ -65.494240792669927, -28.184277690852639 ], [ -65.494280752742839, -28.184333383278272 ], [ -65.494795321310335, -28.184507150644947 ], [ -65.494796236068282, -28.184501252905704 ], [ -65.495046535945676, -28.184462485829386 ], [ -65.49509294680098, -28.184510138817586 ], [ -65.495208708959183, -28.184556146202624 ], [ -65.497523450547533, -28.184553826826914 ], [ -65.497631677025083, -28.184587744639657 ], [ -65.497675134081987, -28.184558614869218 ], [ -65.498045312418412, -28.1834932391655 ], [ -65.498091797043003, -28.183455110199816 ], [ -65.49856591632664, -28.183588601003635 ], [ -65.499701612768433, -28.182099079188163 ], [ -65.500408617890457, -28.181122709381441 ], [ -65.500474665934803, -28.181101586085106 ], [ -65.501375451715774, -28.180496062537088 ], [ -65.501427229414276, -28.179804971262286 ], [ -65.501433327194945, -28.179772690937568 ], [ -65.50144648429341, -28.179716695855859 ], [ -65.501576809480639, -28.179038442871047 ], [ -65.501595509090407, -28.179029673644891 ], [ -65.501571297911937, -28.179316413611957 ], [ -65.501582650234297, -28.179310943677876 ], [ -65.501564685584356, -28.179635845716632 ], [ -65.501586037585355, -28.179610724141071 ], [ -65.504083408156987, -28.177529037837758 ], [ -65.504341320514413, -28.17700306537364 ], [ -65.504338020830517, -28.176937904731005 ], [ -65.503754672259106, -28.175160879495309 ], [ -65.503583854863507, -28.172242020935073 ], [ -65.503561562438449, -28.172183202367535 ], [ -65.502991619421209, -28.168704063097323 ], [ -65.505026238845801, -28.162687291436157 ], [ -65.50893724730139, -28.158289455501802 ], [ -65.515852920961436, -28.159708586221768 ], [ -65.515878254667427, -28.159740182275982 ], [ -65.524503261090899, -28.159100090504921 ], [ -65.524643925354326, -28.158740992316893 ], [ -65.524777028267351, -28.158401197306148 ], [ -65.52510809659185, -28.157708097218176 ], [ -65.547583210671462, -28.149521258106404 ], [ -65.547549858265825, -28.149479661175405 ], [ -65.594905877160386, -28.126867824541193 ], [ -65.599537248070703, -28.127884688360325 ], [ -65.601682071654409, -28.128435104443668 ], [ -65.603895729292333, -28.12891154931782 ], [ -65.603916571407979, -28.128932088087595 ], [ -65.605655639104953, -28.132914891180178 ], [ -65.605676068281525, -28.13292216865301 ], [ -65.615948797742135, -28.147100934789933 ], [ -65.61513031804958, -28.147709370390942 ], [ -65.620156427575125, -28.160646376467867 ], [ -65.620192381970924, -28.160692586971891 ], [ -65.626563374426667, -28.229472843730491 ], [ -65.619919825081809, -28.240256268104702 ], [ -65.614880981386705, -28.253774224995198 ], [ -65.614336615475509, -28.255271919300867 ], [ -65.61433562114189, -28.255278943085898 ], [ -65.614467225707642, -28.273389596611707 ], [ -65.614319607472225, -28.276443105929843 ], [ -65.614304099055971, -28.27649565020522 ], [ -65.615223233930521, -28.284825564509276 ], [ -65.615221899348228, -28.284833785037165 ], [ -65.614130511923861, -28.308085465179147 ], [ -65.61428900103607, -28.308566915574147 ], [ -65.613423005993752, -28.323158457647082 ], [ -65.616841405030016, -28.311114557462645 ], [ -65.616846876860677, -28.311094565930716 ], [ -65.617345846229853, -28.309656412109632 ], [ -65.617355214418751, -28.309641177881701 ], [ -65.617663652870419, -28.309302533253401 ], [ -65.618108443144706, -28.304770093575826 ], [ -65.621225398207912, -28.292537376946143 ], [ -65.622211590376821, -28.292322869067334 ], [ -65.622741947611303, -28.292599246372617 ], [ -65.629527754096387, -28.287394223535443 ], [ -65.634049070676554, -28.283795801173767 ], [ -65.634099141795787, -28.283772125868495 ], [ -65.634074521753519, -28.283737048164198 ], [ -65.640549710955497, -28.274864267502437 ], [ -65.6405607304863, -28.274830748098054 ], [ -65.646043483646508, -28.24132179121392 ], [ -65.646040878697079, -28.241315839667379 ], [ -65.646046782588428, -28.241299433329402 ], [ -65.646073047331697, -28.241224893183471 ], [ -65.646083694096944, -28.241207163921388 ], [ -65.683110980961033, -28.199609304916805 ], [ -65.688559599134635, -28.193274179855564 ], [ -65.69189222230591, -28.184299811539518 ], [ -65.691839813451054, -28.18246516920459 ], [ -65.684297640591751, -28.170457640490781 ], [ -65.680212083497793, -28.157062062975626 ], [ -65.677227410762612, -28.126212784785253 ], [ -65.682772567479958, -28.104899794361472 ], [ -65.688679751434904, -28.102921022051191 ], [ -65.687310237503084, -28.077765579842264 ], [ -65.685468042083585, -28.071606394816513 ], [ -65.686997756776861, -28.06605978111611 ], [ -65.689109886307449, -28.0584160056992 ], [ -65.689124746601863, -28.058387276246776 ], [ -65.692479587583136, -28.04233008393112 ], [ -65.692064960093546, -28.037397034577225 ], [ -65.692073484827972, -28.037365024950873 ], [ -65.692580969663993, -28.033330985880013 ], [ -65.692611252247673, -28.033314223080481 ], [ -65.692650768784347, -28.030608161962903 ], [ -65.69521001664458, -28.024275199203714 ], [ -65.695275223327656, -28.023844021069124 ], [ -65.695280987525848, -28.023832488680739 ], [ -65.695287175488943, -28.023554489811033 ], [ -65.69529111355331, -28.023542829556504 ], [ -65.695951502455614, -28.021803317504293 ], [ -65.697510450158461, -28.018582670341914 ], [ -65.696312331891477, -28.015744583144169 ], [ -65.69631049340876, -28.015723461035805 ], [ -65.696201556934, -28.015412549747168 ], [ -65.693314128129941, -28.014570305294342 ], [ -65.692971882069116, -28.006492845785601 ], [ -65.694615620737068, -28.006805816767098 ], [ -65.693186761842014, -28.003680828453298 ], [ -65.692862228316358, -27.998554802524154 ], [ -65.692874813915239, -27.998490419851009 ], [ -65.692362697518149, -27.992217535974476 ], [ -65.692321303112635, -27.991810357999327 ], [ -65.692322836232847, -27.991792020849573 ], [ -65.692258971025694, -27.991620750666982 ], [ -65.692258803059929, -27.991599603560076 ], [ -65.692203527224819, -27.991404890155025 ], [ -65.692101905517347, -27.991164664739244 ], [ -65.692102175118748, -27.991137147618645 ], [ -65.691882706025979, -27.990403010430441 ], [ -65.69189053525497, -27.990366050806642 ], [ -65.691661014723593, -27.988074756223057 ], [ -65.691675531942167, -27.988005101698491 ], [ -65.691616000409624, -27.987676089950696 ], [ -65.69157670292924, -27.987510479435628 ], [ -65.691551055967182, -27.987660695100146 ], [ -65.691528217350708, -27.987722309230946 ], [ -65.691503333981984, -27.987785487703775 ], [ -65.691513757790005, -27.987791687109336 ], [ -65.69105341884466, -27.988715363979566 ], [ -65.691033389359404, -27.988751141090972 ], [ -65.690893609315935, -27.988893725349328 ], [ -65.690746551267466, -27.989006821200348 ], [ -65.690705722688961, -27.989036581286825 ], [ -65.690522076501452, -27.989200014120968 ], [ -65.690499474767819, -27.989217351117929 ], [ -65.690197949937954, -27.989428234221464 ], [ -65.690233756837245, -27.989456533058046 ], [ -65.69023328501163, -27.989466689672099 ], [ -65.690181905428915, -27.989465087535791 ], [ -65.689830840405477, -27.990200629029914 ], [ -65.689676931410304, -27.990419931876716 ], [ -65.689688645413241, -27.990653059972317 ], [ -65.689662180470805, -27.990739017639726 ], [ -65.689729954052041, -27.991909131922398 ], [ -65.690246465192672, -27.992454716882548 ], [ -65.690331136660916, -27.992639021561615 ], [ -65.690344291730582, -27.992699500713456 ], [ -65.690293286574104, -27.993241757838405 ], [ -65.690294287850577, -27.993296580488959 ], [ -65.690298193084402, -27.993319476074987 ], [ -65.689700928758327, -27.995420243482386 ], [ -65.689079925412784, -27.996658759441232 ], [ -65.688995003686614, -27.996570281581285 ], [ -65.688989620280267, -27.99664556175469 ], [ -65.688959282563644, -27.99680669414289 ], [ -65.689053333305083, -27.996983187492162 ], [ -65.68856976680712, -28.002107212912563 ], [ -65.68731244499503, -28.007118677196843 ], [ -65.687180266052223, -28.007393535125686 ], [ -65.682885639213282, -28.007462212147288 ], [ -65.681691101483636, -28.010267913860446 ], [ -65.6816732085328, -28.010269283627167 ], [ -65.679380579401084, -28.019098883936465 ], [ -65.676616041428247, -28.025425872003552 ], [ -65.67631742580329, -28.02638986602625 ], [ -65.676351254473218, -28.026405181806922 ], [ -65.67434421898821, -28.034990404716325 ], [ -65.673107584887475, -28.040346476819991 ], [ -65.672697622968656, -28.040390861586161 ], [ -65.669970344513331, -28.044410105970485 ], [ -65.666681776136613, -28.047475602604891 ], [ -65.66419550650653, -28.050973768683036 ], [ -65.657431655488494, -28.047299990019098 ], [ -65.657664847943863, -28.044467635264198 ], [ -65.646169269792097, -28.033951312711849 ], [ -65.645799337906169, -28.033256457831214 ], [ -65.645424490647144, -28.032147208119738 ], [ -65.637260839721478, -28.004320146742884 ], [ -65.634584913117806, -27.999324960916852 ], [ -65.634576503347319, -27.999306151227131 ], [ -65.633517642596871, -27.989700809778867 ], [ -65.619524394752602, -27.955074240980821 ], [ -65.615377938624306, -27.940176340595485 ], [ -65.618065790494427, -27.934717267839403 ], [ -65.618071294863455, -27.934689143632625 ], [ -65.617960386762377, -27.933292388110374 ], [ -65.624709400833069, -27.923187392178704 ], [ -65.631928697105593, -27.91628423480347 ], [ -65.631960571055117, -27.916276183594618 ], [ -65.632781290993194, -27.915291334917242 ], [ -65.642444955187671, -27.908288489057441 ], [ -65.655929665012877, -27.895418349440376 ], [ -65.657701027543283, -27.895507020739899 ], [ -65.660168794014282, -27.895740435641642 ], [ -65.662049842788463, -27.894029580166148 ], [ -65.662056541309937, -27.894018776966448 ], [ -65.668208013706362, -27.89101761165108 ], [ -65.672238295128579, -27.892062245715294 ], [ -65.67220907538416, -27.892015299815853 ], [ -65.671773612583024, -27.881095894505108 ], [ -65.670299995419725, -27.875699475495367 ], [ -65.669349542954023, -27.873728257601499 ], [ -65.669149672968103, -27.872302710279371 ], [ -65.668612417568113, -27.86852373052136 ], [ -65.684861617346371, -27.821568941203566 ], [ -65.69119170547367, -27.808740851864172 ], [ -65.702961087597544, -27.800647640417367 ], [ -65.762994664584653, -27.772578779808327 ], [ -65.781593843454687, -27.785008982413217 ], [ -65.781590364331294, -27.785064581163738 ], [ -65.792121032879663, -27.783723318269892 ], [ -65.793006726284602, -27.799583177168813 ], [ -65.810448011051676, -27.781046611433737 ], [ -65.810457192133526, -27.781034583528594 ], [ -65.811528397067718, -27.774165743263211 ], [ -65.81000946682525, -27.769102252190919 ], [ -65.810013637072871, -27.769035608807371 ], [ -65.81442146587392, -27.734727361412354 ], [ -65.860655228023859, -27.700649544500834 ], [ -65.864231223470824, -27.699838605686921 ], [ -65.864292782154735, -27.699855923586028 ], [ -65.867246813227666, -27.697430286610597 ], [ -65.881447337885788, -27.690122600332984 ], [ -65.87881636616504, -27.675250416704444 ], [ -65.87873096796045, -27.675267586334087 ], [ -65.878888947605958, -27.674651156126856 ], [ -65.878886653814789, -27.674649006694779 ], [ -65.878904257711326, -27.674480066144042 ], [ -65.878609368586922, -27.672784384650981 ], [ -65.878583803475578, -27.672724140529454 ], [ -65.87865802505894, -27.672703481421138 ], [ -65.866481039365738, -27.633626593967278 ], [ -65.867786263288906, -27.62255866284994 ], [ -65.866603182966401, -27.621159889726528 ], [ -65.873372452275134, -27.598183096549292 ], [ -65.900475886732067, -27.487192209964576 ], [ -65.952760967955157, -27.469261084300911 ], [ -65.967172790088341, -27.440755327289992 ], [ -65.967207889893473, -27.440761921543412 ], [ -65.969663582529108, -27.43328205838975 ], [ -65.983172287077309, -27.427527504095224 ], [ -65.980601048288918, -27.422490010925799 ], [ -65.986949511684543, -27.423256415119567 ], [ -65.987250159180917, -27.423095482494318 ], [ -65.987258502976033, -27.423037434874914 ], [ -65.987462644733569, -27.422926426782396 ], [ -65.990060839632065, -27.419682950045171 ], [ -65.995579489416968, -27.407122221262114 ], [ -65.995584494260527, -27.407115025961673 ], [ -65.997567439202555, -27.404234707679848 ], [ -66.000748139264999, -27.396789313202362 ], [ -66.001627534181807, -27.395030788299493 ], [ -66.008659671924931, -27.398595485680005 ], [ -65.975749664046759, -27.3348691682138 ], [ -65.975184914558099, -27.334484696803884 ], [ -65.975449848515723, -27.333762270980799 ], [ -65.975049261113895, -27.330610697622603 ], [ -65.975095481654591, -27.330576241949188 ], [ -65.975102846380139, -27.330583417047933 ], [ -66.03101327238403, -27.346639840493708 ], [ -66.002531042631915, -27.247958020427859 ], [ -66.001956085070333, -27.247503896339708 ], [ -65.970308531513524, -27.190513453631695 ], [ -65.976114711632704, -27.158865225085663 ], [ -65.953396646166198, -27.12787663261679 ], [ -65.875679583450221, -26.918616789470946 ], [ -65.862385412507194, -26.916660732296577 ], [ -65.843821632731476, -26.921874402570381 ], [ -65.864342089083266, -26.907360777877841 ], [ -65.864330086284383, -26.907337324526054 ], [ -65.840114745517781, -26.912764303212214 ], [ -65.826991003314049, -26.901693805136972 ], [ -65.826960500287271, -26.901638067997567 ], [ -65.857664406943741, -26.876422283712259 ], [ -65.844394186647264, -26.796809672871746 ], [ -65.830937201362133, -26.780515812823978 ], [ -65.83091631838721, -26.780504995045931 ], [ -65.829894578414212, -26.780071393002061 ], [ -65.841453580169286, -26.733704006582343 ], [ -65.841477365302012, -26.733666468789636 ], [ -65.841549185210226, -26.733427212529307 ], [ -65.850737156043522, -26.713484012782317 ], [ -65.851729585523117, -26.709921916528288 ], [ -65.851734298605493, -26.709891551251303 ], [ -65.852269352669907, -26.702055010355537 ], [ -65.855222735214113, -26.695891429287428 ], [ -65.855238610937022, -26.695857968256519 ], [ -65.859403701139229, -26.676859070766682 ], [ -65.863786173439848, -26.66883083354918 ], [ -65.870666243865571, -26.654725866902993 ], [ -65.875539380040607, -26.654551156238199 ], [ -65.888667947915849, -26.643889053213286 ], [ -65.893112080683068, -26.640267499312586 ], [ -65.895978360303729, -26.630192359028229 ], [ -65.906868147459306, -26.614775073341207 ], [ -65.915922934148625, -26.617837457600331 ], [ -65.918461892466723, -26.619692498848849 ], [ -65.921637007602499, -26.618262482510033 ], [ -65.944886559518636, -26.608401607092276 ], [ -65.944863516072644, -26.608359963622206 ], [ -65.947798993523463, -26.602213975319557 ], [ -65.946947026264297, -26.600206126047453 ], [ -65.946917885204527, -26.600163684715312 ], [ -65.946988262449622, -26.600196154116077 ], [ -65.946963744585503, -26.600150564134537 ], [ -65.949525810185094, -26.599454257474292 ], [ -65.949543435544058, -26.59946042041679 ], [ -65.950043991662312, -26.59766107615485 ], [ -65.950150881783145, -26.597204354194503 ], [ -65.952932641405823, -26.591516971159763 ], [ -65.952922774520005, -26.591454583636789 ], [ -65.952813459832214, -26.590970209862746 ], [ -65.952804104562745, -26.590907617579887 ], [ -65.953127508276964, -26.590381505243897 ], [ -65.953118599867139, -26.590320179654952 ], [ -65.946833432843164, -26.583026260226404 ], [ -65.946794546380943, -26.583009607554118 ], [ -65.946346386141272, -26.582688398221705 ], [ -65.946355524686169, -26.582616084834001 ], [ -65.9463724787513, -26.582350976967859 ], [ -65.946386960744576, -26.582312382336454 ], [ -65.947005596079464, -26.581717579275335 ], [ -65.947006278123808, -26.581718157469538 ], [ -65.960612074329219, -26.575095368660357 ], [ -65.960632000943122, -26.575050671380779 ], [ -65.963976624128293, -26.567284743043956 ], [ -65.968917040768417, -26.540908976920662 ], [ -65.968982102178984, -26.540867333422852 ], [ -65.969627231522452, -26.540416230970834 ], [ -65.97035319503982, -26.538566428799868 ], [ -65.966849105229699, -26.538671428159034 ], [ -65.966379652848559, -26.538581014035003 ], [ -65.965660121828535, -26.538848417267161 ], [ -65.923834420914602, -26.547779031648872 ], [ -65.900121778890536, -26.549257801731642 ], [ -65.871261334885446, -26.567289126040919 ], [ -65.871254036252708, -26.567294869745638 ], [ -65.844111673493842, -26.568059213765537 ], [ -65.839801910842539, -26.567629955437724 ], [ -65.839792861107298, -26.567668872634215 ], [ -65.834870993057336, -26.568163369823196 ], [ -65.833574680942547, -26.566837203242812 ], [ -65.831542195844349, -26.567022101607677 ], [ -65.831488543364856, -26.567014774190511 ], [ -65.831471878729815, -26.567013287925363 ], [ -65.830274743923155, -26.566696159612945 ], [ -65.829577255002789, -26.568082655158889 ], [ -65.829543814120541, -26.56806770189894 ], [ -65.828035332218633, -26.568710580037305 ], [ -65.828060017231905, -26.568749830416323 ], [ -65.820309632046076, -26.574338901178521 ], [ -65.762751894184248, -26.618424793086376 ], [ -65.763347728522035, -26.619674138671485 ], [ -65.749949048055555, -26.629658804299481 ], [ -65.730491327019593, -26.642810372410906 ], [ -65.721185414734919, -26.643002144816137 ], [ -65.72075233129334, -26.642991376149212 ], [ -65.695668342506792, -26.625970484644881 ], [ -65.695665611065692, -26.625957634481665 ], [ -65.690950673233431, -26.611110771067388 ], [ -65.690952291938515, -26.611091593832498 ], [ -65.67833592123651, -26.602149205577177 ], [ -65.685214627581558, -26.597660970060247 ], [ -65.646586532460958, -26.518980634523302 ], [ -65.620562765914258, -26.512445907830568 ], [ -65.65631112415997, -26.464138924451447 ], [ -65.659944754702281, -26.45225566726134 ], [ -65.66207439235427, -26.443573790638766 ], [ -65.656492394251188, -26.404757708344334 ], [ -65.655932737517503, -26.401655791969006 ], [ -65.655889000575769, -26.40161957264371 ], [ -65.650576975848139, -26.381574783512235 ], [ -65.650715338626185, -26.368246881491075 ], [ -65.65068524184511, -26.368189112813241 ], [ -65.650642025647755, -26.367959690275654 ], [ -65.642882033428009, -26.362059401180318 ], [ -65.641006855678484, -26.361173448513 ], [ -65.640999205036223, -26.36111036056684 ], [ -65.645454639164257, -26.359067980132806 ], [ -65.653219106180075, -26.348318442860318 ], [ -65.656488402975867, -26.336593895646445 ], [ -65.656513507645116, -26.33658335047005 ], [ -65.665807316246173, -26.311414364224504 ], [ -65.685057414419987, -26.271066063427497 ], [ -65.657799452110623, -26.28066671321983 ], [ -65.639791471269007, -26.265886498815689 ], [ -65.639191279137094, -26.249603398198531 ], [ -65.639196992266079, -26.249582150458309 ], [ -65.635817184734663, -26.246604909885775 ], [ -65.661025525825096, -26.223244927844235 ], [ -65.661055535042976, -26.223221682137705 ], [ -65.625292705370839, -26.163881131018343 ], [ -65.57299298291241, -26.074957806767202 ], [ -65.516789606854275, -26.016816839368175 ], [ -65.510915938075925, -26.010518635392998 ], [ -65.508123572140107, -26.007152102271505 ], [ -65.501004574980755, -25.999901169055249 ], [ -65.501003376631274, -25.999840856004255 ], [ -65.457810109509865, -25.974439557255323 ], [ -65.419122422412215, -25.948890298809033 ], [ -65.410205399919221, -25.946170341675611 ], [ -65.407957106996605, -25.944997024716031 ], [ -65.407929702013007, -25.944980933122281 ], [ -65.346554191329744, -25.936308658607516 ], [ -65.297973192184543, -25.933510634008655 ], [ -65.281552811464792, -25.93083887024676 ], [ -65.262240014282952, -25.896084181522497 ], [ -65.247164550843479, -25.851761336040113 ], [ -65.243936044537975, -25.812980365337921 ], [ -65.249981797060855, -25.811013910728263 ], [ -65.229371465461952, -25.786853564533487 ], [ -65.186155301342239, -25.783200203132424 ], [ -65.181096400937065, -25.781904532471117 ], [ -65.179155691384096, -25.78140748366036 ], [ -65.177494439297618, -25.780982008672311 ], [ -65.174734767605401, -25.781005317267557 ], [ -65.163263811339732, -25.777082402040321 ], [ -65.163286207057979, -25.777053938513575 ], [ -65.163039993206553, -25.775858799348782 ], [ -65.161837181751253, -25.768734326469314 ], [ -65.14849420098534, -25.746609406216805 ], [ -65.144943292588607, -25.74471964733408 ], [ -65.142452929320996, -25.740883155796837 ], [ -65.1380296261475, -25.738856663034085 ], [ -65.125143028818002, -25.718276369997568 ], [ -65.123156642970002, -25.71590965239551 ], [ -65.121795064656965, -25.714831343138314 ], [ -65.121793629604269, -25.71483351888503 ], [ -65.11624266797827, -25.714700583245644 ], [ -65.116232807331585, -25.714759369747242 ], [ -65.07750956578974, -25.698501942144105 ], [ -65.071147904018517, -25.686093997831563 ], [ -65.068250438319296, -25.684323661177302 ], [ -65.054874331096755, -25.631196056740237 ], [ -65.02380844265258, -25.584547290470027 ], [ -65.021498341691029, -25.521681445447314 ], [ -65.020161652134902, -25.514205549289329 ], [ -65.018872484743952, -25.512916714530434 ], [ -65.009928108556949, -25.51053420344806 ], [ -65.009235837995448, -25.510118866884511 ], [ -65.005885249073572, -25.507276285175919 ], [ -65.005860079414504, -25.507252760827669 ], [ -65.005857462371637, -25.507240030599348 ], [ -65.004819176657634, -25.505454933441399 ], [ -65.002002257924858, -25.495353744135173 ], [ -65.001784890286388, -25.493858074329921 ], [ -65.001789061629836, -25.493852722146869 ], [ -65.000921130534664, -25.493572162700332 ], [ -64.995041615933076, -25.485945533336462 ], [ -64.995041305007589, -25.485936409404758 ], [ -64.996486795656551, -25.483738714754395 ], [ -64.990871520224346, -25.476044415062347 ], [ -64.984073508718438, -25.469986038399668 ], [ -64.979752579136232, -25.467392991634654 ], [ -64.971032798471072, -25.455191263432141 ], [ -64.967217713773152, -25.449260225829335 ], [ -64.967193143311476, -25.449193103477569 ], [ -64.958992833529862, -25.43936733645063 ], [ -64.961326553587924, -25.445700833160288 ], [ -64.962076411227827, -25.44850797983662 ], [ -64.962080537482279, -25.44852416293088 ], [ -64.962491076174501, -25.44865954037482 ], [ -64.962467448668576, -25.448697574733103 ] ], [ [ -65.283667022059547, -26.199618871434325 ], [ -65.281645282676834, -26.214813190820109 ], [ -65.283057048239755, -26.219220968740899 ], [ -65.283833845427466, -26.220633299835356 ], [ -65.285850493394605, -26.219218166784003 ], [ -65.287754026632001, -26.219606822400124 ], [ -65.287951793999127, -26.219478478329734 ], [ -65.290943735129872, -26.213873864998618 ], [ -65.292578429377386, -26.223500112952593 ], [ -65.292768982093662, -26.224583655469985 ], [ -65.292819897373306, -26.225006200020516 ], [ -65.29313129216365, -26.227330794577256 ], [ -65.293773059336615, -26.230341588010333 ], [ -65.293861724340331, -26.230732725852874 ], [ -65.296478195025429, -26.233360015910421 ], [ -65.301734425013478, -26.23385527831465 ], [ -65.300074587276981, -26.234839798594862 ], [ -65.297665784506762, -26.236315620653727 ], [ -65.29633801173145, -26.239664553226703 ], [ -65.29404695766118, -26.249498172464428 ], [ -65.294953792914896, -26.252008684616214 ], [ -65.295403767648565, -26.253236699784338 ], [ -65.299912490855604, -26.256016836401329 ], [ -65.29991833014077, -26.256005595342231 ], [ -65.299926187659139, -26.256008243600093 ], [ -65.304101258909213, -26.254261733815497 ], [ -65.304121496244022, -26.25424630847732 ], [ -65.305031655411256, -26.254155469622503 ], [ -65.311742833965639, -26.242544103253124 ], [ -65.31592565676425, -26.246573257380874 ], [ -65.319813468892391, -26.251309328273919 ], [ -65.322042752368077, -26.250130723460643 ], [ -65.328718262380676, -26.246478855673899 ], [ -65.329236082106888, -26.245488774478304 ], [ -65.3292860348879, -26.245502429009321 ], [ -65.32996996036951, -26.245960813334023 ], [ -65.330044051733125, -26.24603450636954 ], [ -65.330023667677608, -26.24610288409076 ], [ -65.330592036216956, -26.246077194255975 ], [ -65.330955323268597, -26.248078295608593 ], [ -65.330566720825118, -26.250087767876948 ], [ -65.303531399490851, -26.306295451995652 ], [ -65.302160898285024, -26.309842695280508 ], [ -65.302157916783756, -26.309844565749643 ], [ -65.301553406003279, -26.311165885625542 ], [ -65.301599404749595, -26.311272784406299 ], [ -65.301599262459433, -26.311274911201963 ], [ -65.301605111005358, -26.311286464993032 ], [ -65.301604967084813, -26.311288567961583 ], [ -65.301655362983126, -26.311406608963182 ], [ -65.30165523957146, -26.311408504978431 ], [ -65.301641361629549, -26.311411286974817 ], [ -65.301641238362379, -26.311413232114091 ], [ -65.301660426240574, -26.311455122915049 ], [ -65.301660295361899, -26.311456989199428 ], [ -65.301648124698829, -26.311460296872667 ], [ -65.3016479780336, -26.311462204331576 ], [ -65.301665575615118, -26.311499888944979 ], [ -65.301665443127774, -26.311501724694665 ], [ -65.301541908052798, -26.311563356524573 ], [ -65.301541755554354, -26.311565617291535 ], [ -65.301631988739985, -26.311711507378391 ], [ -65.301631868019911, -26.311713412868585 ], [ -65.30163692025809, -26.31171954574927 ], [ -65.301636798704124, -26.311721431795434 ], [ -65.301809891422351, -26.312180767502127 ], [ -65.301833985506391, -26.312198221645758 ], [ -65.302144923151616, -26.312726260364286 ], [ -65.36178708520174, -26.378173146123913 ], [ -65.361662036742928, -26.38236529766084 ], [ -65.369976827250241, -26.384756465345959 ], [ -65.374828653438101, -26.383799954410335 ], [ -65.374891049205132, -26.38379996850972 ], [ -65.376431579141638, -26.384396902095034 ], [ -65.387735428080362, -26.382349646416628 ], [ -65.387893975211909, -26.382268477613593 ], [ -65.414491147662829, -26.358758662408661 ], [ -65.418327483054156, -26.372540087276832 ], [ -65.420106957161579, -26.374208492323362 ], [ -65.425454415387492, -26.37395699599864 ], [ -65.431141511544638, -26.373819963657525 ], [ -65.432535195377682, -26.376978200657732 ], [ -65.434932542431, -26.381977538383921 ], [ -65.434996868144822, -26.381990742793278 ], [ -65.437078472676149, -26.38163446996748 ], [ -65.439067440750023, -26.379563963869884 ], [ -65.439099651423703, -26.379590795480226 ], [ -65.453219063621873, -26.388750989177936 ], [ -65.453220763841045, -26.388749415452708 ], [ -65.454271094982573, -26.389374674795135 ], [ -65.454650482180227, -26.390036644503596 ], [ -65.453991110160302, -26.389783874083093 ], [ -65.453872107286827, -26.390207612243557 ], [ -65.454726455966238, -26.390754077253689 ], [ -65.454742554400923, -26.390732947429342 ], [ -65.454784727467825, -26.390750782003579 ], [ -65.455123479898191, -26.39086195402939 ], [ -65.455135364091291, -26.390996251369643 ], [ -65.455135620250587, -26.391000223036485 ], [ -65.455192830532496, -26.391022700247674 ], [ -65.455003638933761, -26.391018378119327 ], [ -65.454930966363236, -26.391004659855128 ], [ -65.454148409465972, -26.391684172418763 ], [ -65.449371566391392, -26.395079003039029 ], [ -65.449331428768915, -26.395073797286386 ], [ -65.445249127108298, -26.398224984337674 ], [ -65.442848360538733, -26.398978032396542 ], [ -65.442030127164003, -26.399233345107689 ], [ -65.442037216722724, -26.399275999693771 ], [ -65.442055394531053, -26.399385301227028 ], [ -65.441508909652725, -26.398932967346184 ], [ -65.440955570551068, -26.398474960119813 ], [ -65.440659483242257, -26.398229883426097 ], [ -65.440396423162838, -26.398012143953281 ], [ -65.440161156173303, -26.397817409311699 ], [ -65.439949498644864, -26.397642216637905 ], [ -65.439785147907799, -26.397506182539075 ], [ -65.439633754195938, -26.397380864815148 ], [ -65.439469994888668, -26.397245313037331 ], [ -65.439320145504553, -26.39712128273311 ], [ -65.439119425660351, -26.396931208634214 ], [ -65.439055653215632, -26.39690236252045 ], [ -65.439010241347034, -26.396844851661115 ], [ -65.438927550885978, -26.396779450475037 ], [ -65.438885247869337, -26.396761314235846 ], [ -65.438757652165123, -26.396645073680475 ], [ -65.438732531237179, -26.396634907292366 ], [ -65.437905550098321, -26.396249219927824 ], [ -65.436124205306669, -26.396602646303563 ], [ -65.435747813420221, -26.396555788290073 ], [ -65.435569903539772, -26.396941062500048 ], [ -65.426620091237851, -26.405996385307105 ], [ -65.424977442966679, -26.406851003552504 ], [ -65.423633607535635, -26.407272432089201 ], [ -65.423075012448123, -26.40718596590682 ], [ -65.423071143658831, -26.407187267287441 ], [ -65.414958877557751, -26.401692482400222 ], [ -65.412521558583194, -26.402712294818286 ], [ -65.403927618967714, -26.406378553304194 ], [ -65.402996241803237, -26.406856340612194 ], [ -65.395718219053435, -26.409998012591018 ], [ -65.380724656528116, -26.418313539053031 ], [ -65.379564540328204, -26.452558774270813 ], [ -65.388887889029888, -26.453949761607134 ], [ -65.396199836488677, -26.459797571567151 ], [ -65.396232251662241, -26.459809291801719 ], [ -65.399752982283701, -26.462260360900871 ], [ -65.402171798866732, -26.464223181077898 ], [ -65.40219388166588, -26.464246932583819 ], [ -65.411959649062339, -26.470392440970727 ], [ -65.426881084846002, -26.479295473725756 ], [ -65.432828206487102, -26.47548433916387 ], [ -65.432851557295749, -26.475491341524958 ], [ -65.440364530137288, -26.481584691937258 ], [ -65.441346677660533, -26.491981340573943 ], [ -65.443291669983637, -26.508512187368751 ], [ -65.442711278199852, -26.510603167799331 ], [ -65.438042975988367, -26.5538160364041 ], [ -65.435560355102552, -26.559388429223361 ], [ -65.434644467951443, -26.560491240789418 ], [ -65.434377006250998, -26.562044520827612 ], [ -65.434842843605452, -26.562656185967228 ], [ -65.434894144961504, -26.562723729998368 ], [ -65.441436930026271, -26.568792358488508 ], [ -65.448063422232792, -26.572789320557035 ], [ -65.466693838030608, -26.583296640882054 ], [ -65.470649401608171, -26.581925683800591 ], [ -65.471608590722894, -26.582966214991472 ], [ -65.471974341190844, -26.584746400489678 ], [ -65.471878484255569, -26.597638342243556 ], [ -65.472133303616033, -26.598724410265731 ], [ -65.47217963352341, -26.598770825437896 ], [ -65.4725583220403, -26.598958015263918 ], [ -65.472594928598426, -26.599010046360718 ], [ -65.472589231345296, -26.599023327910345 ], [ -65.472963147814085, -26.603290566281373 ], [ -65.472968692641075, -26.60335935363787 ], [ -65.472952223833715, -26.604941537306672 ], [ -65.472941050431132, -26.604944747257719 ], [ -65.471634423037244, -26.605754585867601 ], [ -65.471621081685669, -26.605724816432314 ], [ -65.471618340660541, -26.605690812148566 ], [ -65.470911698901773, -26.60563924484012 ], [ -65.470828057838332, -26.605443085259708 ], [ -65.470815070072376, -26.605430073591265 ], [ -65.470660322680487, -26.605675281394554 ], [ -65.470649988293019, -26.605665986367399 ], [ -65.470229543341645, -26.605777493589358 ], [ -65.469923246470557, -26.606921873126623 ], [ -65.46993021686842, -26.606991893553413 ], [ -65.468605981885048, -26.611360384967156 ], [ -65.438666184485896, -26.611848467505013 ], [ -65.42702463569367, -26.619832808922922 ], [ -65.425620254444482, -26.620893779510368 ], [ -65.425471531603421, -26.620909623061664 ], [ -65.411190840445897, -26.638038260579947 ], [ -65.427576069267104, -26.647969832088108 ], [ -65.429585445111968, -26.653324743690746 ], [ -65.435724511979345, -26.665815258876364 ], [ -65.435758538188907, -26.665873515351677 ], [ -65.43577203448865, -26.665914496701362 ], [ -65.435873388562129, -26.666572373689519 ], [ -65.435877808860198, -26.666616472097303 ], [ -65.43592567263039, -26.667762220979569 ], [ -65.431748224137323, -26.667680579333592 ], [ -65.431746303510579, -26.667759139942632 ], [ -65.431658791863811, -26.670378390274891 ], [ -65.430121997860397, -26.6704179717957 ], [ -65.430115763255912, -26.670465753707219 ], [ -65.429878830401094, -26.671889674526767 ], [ -65.429882200546217, -26.671935391865418 ], [ -65.430264793669267, -26.673086421020514 ], [ -65.430296453245091, -26.673107251493207 ], [ -65.431306353718128, -26.673037852909715 ], [ -65.432345710680067, -26.672966430128156 ], [ -65.433778107012472, -26.672866176026332 ], [ -65.434788710939813, -26.67279677250616 ], [ -65.435830932607985, -26.672725197628324 ], [ -65.439594728376221, -26.672461584326356 ], [ -65.439145366577691, -26.673496732828141 ], [ -65.439883413950213, -26.676698811617541 ], [ -65.449553036628799, -26.678953028675721 ], [ -65.449606579626391, -26.678958150286519 ], [ -65.474385541436277, -26.672940061470513 ], [ -65.482253629444415, -26.683106893532852 ], [ -65.48229489814247, -26.683068371174045 ], [ -65.482294930834712, -26.683068403295749 ], [ -65.482319651333796, -26.68313736948005 ], [ -65.482328709515286, -26.683153191644863 ], [ -65.482326620244294, -26.683157571738775 ], [ -65.482324589270945, -26.683157392658813 ], [ -65.482318424771734, -26.683155000146144 ], [ -65.482252399734307, -26.683124539786036 ], [ -65.482252376249335, -26.683124549559295 ], [ -65.465901134190517, -26.691568715434357 ], [ -65.459139988179629, -26.706454099395785 ], [ -65.456050055741912, -26.70928186506444 ], [ -65.456182881951861, -26.712964480813127 ], [ -65.459496951868573, -26.713567525061706 ], [ -65.459497055032614, -26.713567777694664 ], [ -65.459441781683608, -26.713795864654799 ], [ -65.459852407546066, -26.714243388585373 ], [ -65.461575734102723, -26.719354555680866 ], [ -65.463328132015988, -26.743414537460751 ], [ -65.463301318248625, -26.743436790987346 ], [ -65.469638379421951, -26.750291831952438 ], [ -65.469691272477121, -26.750287648868948 ], [ -65.4705381445782, -26.75099123086062 ], [ -65.471104121374537, -26.750634455862382 ], [ -65.471848467812379, -26.750944182065723 ], [ -65.471862440841676, -26.7509418995744 ], [ -65.472411922768742, -26.750712328571808 ], [ -65.475948880823637, -26.765644385091889 ], [ -65.476016233460086, -26.765868319216167 ], [ -65.476019274152236, -26.765868019190577 ], [ -65.47610898311035, -26.765763884303112 ], [ -65.476437056504494, -26.766243639799939 ], [ -65.476600665526291, -26.766361559095799 ], [ -65.47609109737158, -26.767777475775858 ], [ -65.476038040121693, -26.767828836100193 ], [ -65.47550376071149, -26.768307391857888 ], [ -65.4754334801342, -26.76833108792539 ], [ -65.469310349424745, -26.771025141470091 ], [ -65.466905433439365, -26.776686729286553 ], [ -65.466104655985475, -26.774928616275531 ], [ -65.465708426373965, -26.7758998847101 ], [ -65.450334152900041, -26.793761783091725 ], [ -65.44388311148964, -26.797524221099991 ], [ -65.443878593349382, -26.797557669514049 ], [ -65.443880986843283, -26.797593134556166 ], [ -65.449538706932969, -26.8128813200953 ], [ -65.453423954886716, -26.81762864835764 ], [ -65.453417522718155, -26.817635714069013 ], [ -65.451542922154829, -26.831309834907415 ], [ -65.445092366505037, -26.852509418505178 ], [ -65.473892514497265, -26.887921441455831 ], [ -65.489957255245145, -26.887829531037539 ], [ -65.503816307306863, -26.892511301712432 ], [ -65.519613861798007, -26.906329686935237 ], [ -65.537402267772222, -26.930573398838703 ], [ -65.562087467423282, -26.939079123969861 ], [ -65.591268553567659, -26.949028915164718 ], [ -65.546221086096807, -27.03008181503867 ], [ -65.546419215884498, -27.030871114527542 ], [ -65.546716637399641, -27.032262323519092 ], [ -65.546515285254372, -27.033086128151695 ], [ -65.546515273861814, -27.033092084452051 ], [ -65.546814119134353, -27.040005444209498 ], [ -65.549444302229858, -27.047552813016409 ], [ -65.552548852803056, -27.048689926220732 ], [ -65.553060196761635, -27.048992245158274 ], [ -65.55394030272015, -27.048861193385733 ], [ -65.553948088326592, -27.048862109629567 ], [ -65.554169413079251, -27.048923045355195 ], [ -65.554177233436974, -27.04892415201931 ], [ -65.554274616865825, -27.048959689680828 ], [ -65.554282426936993, -27.048961086328802 ], [ -65.554371774008075, -27.048993246927751 ], [ -65.554379615017979, -27.048994625877071 ], [ -65.554433823812587, -27.049014668467862 ], [ -65.554441634678597, -27.049016279950365 ], [ -65.555139139420476, -27.049304650283659 ], [ -65.55561289425367, -27.049539105937924 ], [ -65.580078734238214, -27.048251925011186 ], [ -65.630334472089544, -27.033067463025532 ], [ -65.660039452389071, -27.021195264676578 ], [ -65.660043611065646, -27.021159759957868 ], [ -65.66009468827815, -27.021148747541304 ], [ -65.660247576990059, -27.021414364009502 ], [ -65.661238711483747, -27.023817613457766 ], [ -65.662664802684503, -27.024609027111808 ], [ -65.662693602684612, -27.024605360059468 ], [ -65.66350164585856, -27.028052916945228 ], [ -65.677893165360274, -27.037972687803631 ], [ -65.677916856522017, -27.038013473980754 ], [ -65.679426777369144, -27.047831400613234 ], [ -65.679427933442071, -27.04783879754126 ], [ -65.679913616929696, -27.053358374138838 ], [ -65.680529965646826, -27.059001721545997 ], [ -65.695312519291235, -27.076400129466606 ], [ -65.693053507958098, -27.096197441973686 ], [ -65.693033873534944, -27.09620502557874 ], [ -65.693340287574244, -27.097493678616104 ], [ -65.650688054240504, -27.154316518772816 ], [ -65.658659732653632, -27.175754864046212 ], [ -65.647022920059726, -27.209773696080788 ], [ -65.649279176348102, -27.216950325678852 ], [ -65.648120565290697, -27.218022867011939 ], [ -65.648128023220067, -27.218043033708398 ], [ -65.648101706424768, -27.218485982887444 ], [ -65.647131694972984, -27.219294308558915 ], [ -65.647140313628711, -27.21931636848052 ], [ -65.646573542966394, -27.219792384375069 ], [ -65.646479358129227, -27.219914040110382 ], [ -65.642840471173031, -27.224905244561398 ], [ -65.642826723520216, -27.224913926320596 ], [ -65.642868015391571, -27.224959509704888 ], [ -65.640698209112031, -27.227545615246413 ], [ -65.64074513621631, -27.227608046712703 ], [ -65.64153928631913, -27.227945138298935 ], [ -65.641534231482126, -27.227948407522376 ], [ -65.651430222991848, -27.231732422320704 ], [ -65.646030510080095, -27.240084805636172 ], [ -65.646026570012623, -27.240090806110572 ], [ -65.646021198846711, -27.240088286699233 ], [ -65.645555500769547, -27.241119591952611 ], [ -65.64556978112654, -27.241194455341429 ], [ -65.645121300550556, -27.242063272835992 ], [ -65.645133706379568, -27.24213571682327 ], [ -65.644871148536026, -27.242579473499745 ], [ -65.64488023217001, -27.242650898024522 ], [ -65.646525138393088, -27.245202128861877 ], [ -65.646752154175601, -27.245251898386471 ], [ -65.646760253678622, -27.245255464139575 ], [ -65.654176790345105, -27.248940495763691 ], [ -65.645715305231022, -27.260210677104851 ], [ -65.644956659987258, -27.261386345304345 ], [ -65.644940882938783, -27.261372743652885 ], [ -65.637263436076694, -27.268429326699049 ], [ -65.634883242817864, -27.268889408133077 ], [ -65.633354530509735, -27.276024034900672 ], [ -65.634026473611186, -27.276153644596093 ], [ -65.645819597893365, -27.284981788844618 ], [ -65.646305268325591, -27.283250788186933 ], [ -65.646291719600072, -27.282931979640011 ], [ -65.657900940268064, -27.262601479100056 ], [ -65.668744142988828, -27.302864987260591 ], [ -65.668727951334233, -27.302893091895385 ], [ -65.669005725932493, -27.303204588932886 ], [ -65.66900623656926, -27.303236055076525 ], [ -65.669124630027, -27.303370864085309 ], [ -65.671808753286655, -27.324747804042488 ], [ -65.686046761495618, -27.330233199096313 ], [ -65.686851060217805, -27.330622159738311 ], [ -65.686853559419717, -27.330648534851719 ], [ -65.689553497040549, -27.332643520360932 ], [ -65.689632048529688, -27.332661015443932 ], [ -65.689633332655319, -27.33267055656205 ], [ -65.689703806118018, -27.332686036096959 ], [ -65.689705130171319, -27.332696109631854 ], [ -65.690932488824785, -27.332818777668649 ], [ -65.694097042841577, -27.335457894483852 ], [ -65.694023809520047, -27.335461779865284 ], [ -65.694178131126478, -27.335555236588959 ], [ -65.694149408820522, -27.335718052625737 ], [ -65.694180536153397, -27.335726451629 ], [ -65.694227429635305, -27.335723963703401 ], [ -65.694494574030955, -27.335605104491322 ], [ -65.694549392266595, -27.335535539392311 ], [ -65.695578551618837, -27.334554915378305 ], [ -65.695653144321284, -27.334550954780411 ], [ -65.696535372166238, -27.335430130536963 ], [ -65.696705287387374, -27.33555136741245 ], [ -65.696711699668981, -27.33555794654427 ], [ -65.696835835463787, -27.335733981521344 ], [ -65.696895920757868, -27.33573079113836 ], [ -65.696914293801228, -27.335735748419893 ], [ -65.697244524688472, -27.335418851004647 ], [ -65.697212445214745, -27.335394179998787 ], [ -65.697265421911197, -27.335388864657546 ], [ -65.697423324910574, -27.335223547093278 ], [ -65.697580049651037, -27.335356536238578 ], [ -65.697552677466263, -27.335395813794378 ], [ -65.698336005883675, -27.335858436644344 ], [ -65.69870809745305, -27.336315945448519 ], [ -65.69874267372586, -27.336310827570571 ], [ -65.69878598735113, -27.336319867924828 ], [ -65.698978981687105, -27.336112230255708 ], [ -65.699251462169855, -27.335864406435348 ], [ -65.69954086992766, -27.335982193437246 ], [ -65.699568218741717, -27.335981914852994 ], [ -65.700425950523254, -27.336297870163264 ], [ -65.700464037639449, -27.336295985333265 ], [ -65.70045811724998, -27.336255378645603 ], [ -65.701636441967139, -27.33660179692356 ], [ -65.703850413367491, -27.337337165309634 ], [ -65.702287827884447, -27.337766143461124 ], [ -65.701960968758613, -27.33799550780617 ], [ -65.701138020686358, -27.338640457239649 ], [ -65.701492416175199, -27.337783854672466 ], [ -65.701489456312117, -27.337785001900215 ], [ -65.70148911869677, -27.337784017855881 ], [ -65.701422195082444, -27.337797482130213 ], [ -65.701380658751532, -27.33780300755086 ], [ -65.701380628243157, -27.337803256810446 ], [ -65.700148273344666, -27.339063604541479 ], [ -65.700111210677846, -27.339059068892652 ], [ -65.699913718655125, -27.339157657579108 ], [ -65.699768336444777, -27.339230874935367 ], [ -65.698976740763499, -27.339559170750704 ], [ -65.698078453710764, -27.339315466382914 ], [ -65.69826004829082, -27.339863664294683 ], [ -65.694060913887256, -27.341540117296915 ], [ -65.688401816418491, -27.34384824335109 ], [ -65.688397670197162, -27.34384481104928 ], [ -65.688393651899332, -27.343850033500985 ], [ -65.687614485795507, -27.343441022736783 ], [ -65.679678878636992, -27.343614087650565 ], [ -65.6796563693336, -27.34361912205776 ], [ -65.679056153683973, -27.343371845902482 ], [ -65.663771861345424, -27.346519544991509 ], [ -65.663737474607728, -27.346526107553018 ], [ -65.661086072803016, -27.348554936735354 ], [ -65.661047386057021, -27.348564650751996 ], [ -65.660686212226096, -27.348781327334336 ], [ -65.66064899877955, -27.348792625440183 ], [ -65.660268431921622, -27.349038004880867 ], [ -65.660231615710018, -27.349049193683356 ], [ -65.649552139796583, -27.35327502630355 ], [ -65.646211362185852, -27.355195159337711 ], [ -65.643566028289911, -27.357777605116723 ], [ -65.642734255759308, -27.359330826769678 ], [ -65.636813026942662, -27.365152798011252 ], [ -65.636343004210687, -27.365359995966571 ], [ -65.63186899472106, -27.364885448225095 ], [ -65.635794495856771, -27.36656811748702 ], [ -65.636616020120755, -27.366979440747343 ], [ -65.636632381766844, -27.366974693987402 ], [ -65.636843305451293, -27.367073756251273 ], [ -65.637517903813091, -27.367404117640717 ], [ -65.637544864083679, -27.367393327614764 ], [ -65.639919396982691, -27.368745570919828 ], [ -65.6411626422464, -27.368830309398561 ], [ -65.640664854754618, -27.36960708432764 ], [ -65.640104003862348, -27.370596627580937 ], [ -65.640119047966493, -27.370664447576075 ], [ -65.640335046055782, -27.370823794844171 ], [ -65.640350363477012, -27.370890001050498 ], [ -65.639402567909542, -27.37253683707138 ], [ -65.639246626113959, -27.372698437254542 ], [ -65.63923851731812, -27.372698866425367 ], [ -65.639203902758879, -27.372752310189355 ], [ -65.63614646727757, -27.373478495713186 ], [ -65.638330098297672, -27.373982561552907 ], [ -65.63007290433859, -27.384638655458161 ], [ -65.628016834495327, -27.387056389951283 ], [ -65.628004589047293, -27.387046883234007 ], [ -65.624393000204805, -27.385079150589092 ], [ -65.624375470165774, -27.385068403266246 ], [ -65.624384390940577, -27.385046410941584 ], [ -65.622198343374691, -27.384283546670872 ], [ -65.6212931684409, -27.385169791740736 ], [ -65.620877208536967, -27.385914642744467 ], [ -65.620205620923457, -27.38743146088666 ], [ -65.620110388304511, -27.387989819680797 ], [ -65.62011677317463, -27.38800367911557 ], [ -65.621759982192202, -27.395513552647571 ], [ -65.621404117928648, -27.396040351341128 ], [ -65.621413203242298, -27.396076727093032 ], [ -65.620921150407014, -27.396819676440771 ], [ -65.620927677686723, -27.396857347429147 ], [ -65.62093460671889, -27.396897491175764 ], [ -65.620540926891522, -27.397385874724137 ], [ -65.61948223500508, -27.399284782951895 ], [ -65.624243232254969, -27.404872026617284 ], [ -65.627666431084492, -27.408040495463069 ], [ -65.635601768029915, -27.413371980483021 ], [ -65.635656748812949, -27.413364771665499 ], [ -65.639902064136663, -27.414903692936946 ], [ -65.642285249548081, -27.419165510434084 ], [ -65.644587098384591, -27.423880317219357 ], [ -65.644512654294317, -27.423897515440956 ], [ -65.643106096157624, -27.42343945530223 ], [ -65.643041034812313, -27.423454975272421 ], [ -65.642986499216136, -27.424495312851661 ], [ -65.644781923224855, -27.424273352506248 ], [ -65.644784074881386, -27.424272839242235 ], [ -65.644798416481422, -27.42424847237595 ], [ -65.644804647350099, -27.424252160590811 ], [ -65.64482891811889, -27.424210865168789 ], [ -65.644832433733882, -27.424204925301922 ], [ -65.644875536125653, -27.424230440738768 ], [ -65.644908681008587, -27.424248213901819 ], [ -65.644917778788283, -27.424247687223613 ], [ -65.644893760102832, -27.424273953734541 ], [ -65.644816709654776, -27.424292000311425 ], [ -65.635407295197581, -27.441690441574565 ], [ -65.634801372970799, -27.444881960072053 ], [ -65.634786318610281, -27.444889110858753 ], [ -65.630780385166645, -27.45133375656269 ], [ -65.627833362166086, -27.457065714993973 ], [ -65.627448447614654, -27.462682479474267 ], [ -65.625236994154989, -27.464264588303365 ], [ -65.625356887094938, -27.464430092796078 ], [ -65.624641128876021, -27.468672475674225 ], [ -65.623343771094198, -27.473390822403815 ], [ -65.623349142574682, -27.473432058077606 ], [ -65.62255425613597, -27.474333487733759 ], [ -65.621693455841807, -27.475293892094783 ], [ -65.621693472115908, -27.475347254913572 ], [ -65.621301156622053, -27.475703461817091 ], [ -65.62129949969875, -27.47576746867577 ], [ -65.620993857970291, -27.476103010579891 ], [ -65.620855538411831, -27.476248621466709 ], [ -65.621621370921559, -27.476971481368935 ], [ -65.622019885981217, -27.477952802775746 ], [ -65.623234174369145, -27.479356509832655 ], [ -65.623723972545235, -27.479440961205739 ], [ -65.624179074155563, -27.479519426707327 ], [ -65.624400548093888, -27.479382545792816 ], [ -65.624862073478539, -27.479593713529425 ], [ -65.624837358255945, -27.479632931331594 ], [ -65.624955253113853, -27.479657877454599 ], [ -65.625025513641901, -27.479644113057986 ], [ -65.625299154895743, -27.479729831867814 ], [ -65.625771720456044, -27.479771940440514 ], [ -65.625797785434088, -27.479766909281295 ], [ -65.625818600669788, -27.479735441469757 ], [ -65.625923797483154, -27.479623924936391 ], [ -65.625942273819987, -27.479635805587179 ], [ -65.625960872176961, -27.47960713957184 ], [ -65.62616842466673, -27.479740026875845 ], [ -65.626362867850162, -27.479798117186704 ], [ -65.626318798876184, -27.479816631184065 ], [ -65.625743274680758, -27.480036843885841 ], [ -65.624787300509581, -27.480367965444088 ], [ -65.624163166439359, -27.48059242324922 ], [ -65.623640917006185, -27.480780238225634 ], [ -65.623129151259604, -27.481486607694819 ], [ -65.623069011000837, -27.483037600685407 ], [ -65.626889455618596, -27.480711386432631 ], [ -65.623788793235576, -27.492846762717306 ], [ -65.62377848707348, -27.492907033810297 ], [ -65.6237783697851, -27.492925072881405 ], [ -65.61990244809715, -27.501246556599426 ], [ -65.619541433454629, -27.501775196639244 ], [ -65.619529409668303, -27.50184447871419 ], [ -65.619663905698587, -27.503012901575516 ], [ -65.61965205867682, -27.503081103146826 ], [ -65.618197201028352, -27.506319401001406 ], [ -65.618189594281546, -27.506390957532233 ], [ -65.617361052306421, -27.508638340329242 ], [ -65.615809530023967, -27.510143623462966 ], [ -65.61558566452635, -27.510933470659552 ], [ -65.615584771670967, -27.510984978579017 ], [ -65.615412353832141, -27.511587648540399 ], [ -65.615778660453884, -27.511883820119124 ], [ -65.615952460111657, -27.512377322461134 ], [ -65.615949189695641, -27.512455222687606 ], [ -65.615745325111561, -27.512667061520744 ], [ -65.615199343420613, -27.513024484211485 ], [ -65.614610451728367, -27.514426842969556 ], [ -65.614575137961424, -27.51446135238001 ], [ -65.614184015206547, -27.512407076354975 ], [ -65.614195747002555, -27.51233918688655 ], [ -65.613987279357957, -27.51132463105256 ], [ -65.607917023407538, -27.510590631446576 ], [ -65.606932955798868, -27.513395644754496 ], [ -65.607009021452029, -27.515039218980633 ], [ -65.606568798144735, -27.516210297696034 ], [ -65.60656244303209, -27.516238435508114 ], [ -65.606509452523085, -27.51638378708185 ], [ -65.606503112076382, -27.516412285720321 ], [ -65.606340197202258, -27.519147459569695 ], [ -65.609008905065139, -27.520762464151289 ], [ -65.608332514023573, -27.522356047308222 ], [ -65.607134154153755, -27.52382155851484 ], [ -65.606184616794792, -27.525110326964636 ], [ -65.606165368319864, -27.525112503091577 ], [ -65.606145558286187, -27.525144031933678 ], [ -65.605743599801713, -27.525653503544333 ], [ -65.604805263597541, -27.528386769855331 ], [ -65.602166065765687, -27.529339935297116 ], [ -65.601881846083245, -27.531156811404514 ], [ -65.601476832998401, -27.533745854861422 ], [ -65.60260976507908, -27.534329676870698 ], [ -65.603329985944072, -27.535402081558516 ], [ -65.602032073609053, -27.538117266316249 ], [ -65.600858089737301, -27.539325604916712 ], [ -65.600843921414992, -27.539341425828411 ], [ -65.600704469571951, -27.539772864247709 ], [ -65.600644266829931, -27.540495252163169 ], [ -65.600564413853704, -27.540956729477557 ], [ -65.600547284281447, -27.541652294856192 ], [ -65.600547052795605, -27.541661695027244 ], [ -65.600546196326206, -27.541654486621553 ], [ -65.600545346187573, -27.541651703917523 ], [ -65.600420508323282, -27.540920882145542 ], [ -65.600266155921474, -27.540496015425333 ], [ -65.60008102434216, -27.539727715369509 ], [ -65.599801681951021, -27.539217515511211 ], [ -65.599785460051294, -27.539202708068046 ], [ -65.599045410620647, -27.538577751220146 ], [ -65.599064534669992, -27.53855718253368 ], [ -65.599897518836713, -27.537706511735166 ], [ -65.600424423097138, -27.537204102994224 ], [ -65.600536641784515, -27.53438176548849 ], [ -65.600598673691707, -27.532821615346791 ], [ -65.600907612920651, -27.530669262135746 ], [ -65.601014773211432, -27.528889723087275 ], [ -65.59988040139973, -27.525552361317864 ], [ -65.596223795843684, -27.522589586753327 ], [ -65.598850337572173, -27.519765623627563 ], [ -65.598865534408787, -27.519747444451355 ], [ -65.599488940423043, -27.51866577658825 ], [ -65.599697271858531, -27.516969018165696 ], [ -65.599702693515155, -27.516944649246398 ], [ -65.59970755354027, -27.516823814880581 ], [ -65.599712982270944, -27.516799778704865 ], [ -65.599677138662457, -27.51671424141233 ], [ -65.599773948235963, -27.515751560308672 ], [ -65.5971131635701, -27.512246063405883 ], [ -65.589477243737917, -27.507933500568129 ], [ -65.589474899371282, -27.507932044544702 ], [ -65.591551896940587, -27.504906592004772 ], [ -65.593259677610376, -27.502405764403932 ], [ -65.593255941851965, -27.502388457483335 ], [ -65.593241795750032, -27.502328612190865 ], [ -65.589732967855014, -27.500396028141267 ], [ -65.587143537115935, -27.498898884001676 ], [ -65.585601393513002, -27.498005473802607 ], [ -65.582516170499218, -27.496222519769503 ], [ -65.582290465268954, -27.496081326466651 ], [ -65.581149652435784, -27.495424441508419 ], [ -65.581111112437043, -27.49539681657825 ], [ -65.581101923712083, -27.495390218769103 ], [ -65.581688604043052, -27.494755638442143 ], [ -65.581761335521151, -27.494747473677478 ], [ -65.583160797698213, -27.493169055854707 ], [ -65.583218712213977, -27.493162646683118 ], [ -65.584616883441811, -27.491599930631651 ], [ -65.584340622331922, -27.487886192024064 ], [ -65.578506289681172, -27.48100571687371 ], [ -65.577775408946366, -27.480097346170339 ], [ -65.577754439062574, -27.480094157614076 ], [ -65.577433745140752, -27.48024634233002 ], [ -65.565215801343129, -27.473166533863946 ], [ -65.555493783071597, -27.467782378891172 ], [ -65.555469126665628, -27.467825761127017 ], [ -65.554741780169707, -27.467128355467594 ], [ -65.554722979875066, -27.467055329636935 ], [ -65.554113542111679, -27.466795176345954 ], [ -65.554584131050888, -27.464387347378022 ], [ -65.554616311248878, -27.464405153922598 ], [ -65.556761243338656, -27.460625984467526 ], [ -65.556745866923222, -27.460556247681666 ], [ -65.55424221496088, -27.458071666687943 ], [ -65.553069259802953, -27.45751183575743 ], [ -65.547644106423832, -27.454566093484857 ], [ -65.547617524426414, -27.45457134876591 ], [ -65.547811714985869, -27.455248427371316 ], [ -65.547787485647973, -27.455252179118304 ], [ -65.547574066235654, -27.455127588923403 ], [ -65.54754911166242, -27.455130397159735 ], [ -65.547589037407874, -27.455272624368945 ], [ -65.547600792120988, -27.455325935617964 ], [ -65.532346414733695, -27.448612552285795 ], [ -65.52456834078879, -27.444279897984757 ], [ -65.519639872366099, -27.441234698346534 ], [ -65.508517419900727, -27.440863301141633 ], [ -65.49921651528183, -27.438883511846257 ], [ -65.489042346395138, -27.435082765824006 ], [ -65.489002190162466, -27.435076279182738 ], [ -65.483961282192865, -27.435260730178982 ], [ -65.483918303893176, -27.435264447387681 ], [ -65.483884066805899, -27.435274065063481 ], [ -65.4770732037328, -27.433477446238385 ], [ -65.46459042728975, -27.434947610097481 ], [ -65.464550314298037, -27.434988202995783 ], [ -65.44727573951053, -27.437144336970334 ], [ -65.444564335808082, -27.439317728106005 ], [ -65.44452987123617, -27.439345403193784 ], [ -65.441763863864423, -27.441562923012555 ], [ -65.441765470374207, -27.441564993247312 ], [ -65.442647741366784, -27.44300595266111 ], [ -65.440099879581965, -27.44317089682221 ], [ -65.440035675924889, -27.443214583246004 ], [ -65.43734887011658, -27.444543027674001 ], [ -65.43947040272468, -27.440682311379362 ], [ -65.43952612279179, -27.440640212577307 ], [ -65.441624386888577, -27.435803914203063 ], [ -65.445253805137554, -27.427438399274024 ], [ -65.446476925535137, -27.422756247399889 ], [ -65.449158412922543, -27.413227202187898 ], [ -65.449161879821588, -27.4132154438106 ], [ -65.452084886143041, -27.410789849756895 ], [ -65.464638709407154, -27.402147736992731 ], [ -65.471639972535343, -27.396245949894933 ], [ -65.478496742532343, -27.388633500882804 ], [ -65.473387681130419, -27.377447956869389 ], [ -65.471742392752958, -27.376679745068998 ], [ -65.471347717378649, -27.376589372681565 ], [ -65.471410490377878, -27.376082092733554 ], [ -65.471391754652927, -27.376052181560283 ], [ -65.469370558390551, -27.373955882594942 ], [ -65.469307198325168, -27.373943003604609 ], [ -65.466505041084247, -27.375051489308362 ], [ -65.466480992777178, -27.375071611184524 ], [ -65.466107735832452, -27.375453684575803 ], [ -65.465483098466336, -27.375565089815552 ], [ -65.465451682186995, -27.375506564629177 ], [ -65.462556710147567, -27.376255712157729 ], [ -65.456847322974852, -27.370536895376517 ], [ -65.456846621066802, -27.370518939563055 ], [ -65.456041964230963, -27.369865830951596 ], [ -65.455109885101194, -27.369383801624735 ], [ -65.455042576796302, -27.369376679118261 ], [ -65.453749754482942, -27.369604449385633 ], [ -65.453750744830188, -27.369613568325974 ], [ -65.453733325826988, -27.36961550850441 ], [ -65.4465667792212, -27.370934536647724 ], [ -65.44785896975543, -27.368115913396935 ], [ -65.447861952605763, -27.36810296020036 ], [ -65.449988893457657, -27.367082936011968 ], [ -65.450048113252763, -27.367043071597436 ], [ -65.454310674160752, -27.362251764373298 ], [ -65.454138570331224, -27.354326205348229 ], [ -65.454721485750099, -27.352809767417114 ], [ -65.455382467297227, -27.351560060249653 ], [ -65.455380793557993, -27.351548299181104 ], [ -65.457609143381944, -27.349298008225048 ], [ -65.460905655035049, -27.344521996892581 ], [ -65.460904988172103, -27.344470830734963 ], [ -65.459125666140892, -27.343365174428868 ], [ -65.459118911083465, -27.343324899979166 ], [ -65.454366639230273, -27.339792221094456 ], [ -65.448801763781489, -27.338958148756149 ], [ -65.448787584660863, -27.338952736616875 ], [ -65.448758764653689, -27.338995185511294 ], [ -65.444219616167345, -27.339177022049228 ], [ -65.444156831784312, -27.339177393215778 ], [ -65.444155773091211, -27.339178108903127 ], [ -65.444128289338039, -27.339250566696762 ], [ -65.444043948733679, -27.339227385940319 ], [ -65.444005020387976, -27.339183927809529 ], [ -65.442520159893775, -27.33818918972139 ], [ -65.442534914965677, -27.338133553687385 ], [ -65.433992656938528, -27.332309544480836 ], [ -65.434017520144891, -27.332271003294863 ], [ -65.434866961316061, -27.331101454542875 ], [ -65.434854158747385, -27.331046700304739 ], [ -65.440250160785524, -27.326814823297013 ], [ -65.445157852656735, -27.330015738137377 ], [ -65.445536481024874, -27.329939088050423 ], [ -65.445717773886486, -27.329902386867161 ], [ -65.445383434512337, -27.329312872262562 ], [ -65.440262140685888, -27.326692356418505 ], [ -65.440214483982516, -27.326668187615553 ], [ -65.440166508052357, -27.326635974452586 ], [ -65.439790784322895, -27.326759753013221 ], [ -65.431638216923773, -27.328511338363285 ], [ -65.431609270775539, -27.328492239030766 ], [ -65.431198933569078, -27.329277489879644 ], [ -65.42956124743688, -27.331702269779271 ], [ -65.428379208732167, -27.333194130590357 ], [ -65.428511064156964, -27.33327291464127 ], [ -65.424738019345739, -27.336303047391084 ], [ -65.424682277509419, -27.336290546778514 ], [ -65.422290074395278, -27.337493850524311 ], [ -65.41745216301274, -27.3422749765802 ], [ -65.415427260479078, -27.349045385305146 ], [ -65.415801445680131, -27.349802930994315 ], [ -65.417051539763577, -27.350575894533108 ], [ -65.41614106442853, -27.351772205614054 ], [ -65.413638119251402, -27.35389835314578 ], [ -65.413593964501842, -27.35389386922418 ], [ -65.412876591665167, -27.354326279078691 ], [ -65.412856922061053, -27.354310444340172 ], [ -65.410330132574188, -27.357413251171295 ], [ -65.410305232841949, -27.357450250308943 ], [ -65.409356006667679, -27.359131399395778 ], [ -65.40941968641846, -27.359166139711135 ], [ -65.409406850840696, -27.359189730235585 ], [ -65.406134169971381, -27.365181592475665 ], [ -65.398662136731502, -27.374151295267268 ], [ -65.398719335822136, -27.374209072251176 ], [ -65.393047944088664, -27.375641077675823 ], [ -65.389523814380311, -27.379205803234754 ], [ -65.3894853710691, -27.379273818984132 ], [ -65.389032597336723, -27.382880374376782 ], [ -65.389711862691286, -27.387661210326314 ], [ -65.388063338083953, -27.387146394759952 ], [ -65.380045099678227, -27.390314508845051 ], [ -65.38008489114759, -27.390177855078434 ], [ -65.37676756433865, -27.391639872196322 ], [ -65.376745646556458, -27.391638166282064 ], [ -65.375349976979237, -27.390096296108993 ], [ -65.375318808470013, -27.390094807745356 ], [ -65.374841936068265, -27.390560247160352 ], [ -65.370992419319464, -27.394622158943719 ], [ -65.370657969843592, -27.395185287417974 ], [ -65.370636497948226, -27.395174284957079 ], [ -65.370603920613974, -27.395156971196002 ], [ -65.36996657252439, -27.396189938520195 ], [ -65.368329513669494, -27.398232577862586 ], [ -65.3630053951901, -27.406333331727524 ], [ -65.363016807493295, -27.40638470936824 ], [ -65.36478488382653, -27.407952186370949 ], [ -65.364794051992646, -27.407993632185821 ], [ -65.36353308765996, -27.409864965520683 ], [ -65.363548445797676, -27.409873715059007 ], [ -65.363524305099077, -27.409907680015181 ], [ -65.360506112242376, -27.413510724770561 ], [ -65.357042223465157, -27.416186278461794 ], [ -65.35700673346372, -27.416182385515981 ], [ -65.352027191271361, -27.418207497264859 ], [ -65.331451067703085, -27.429468768700588 ], [ -65.326144181631605, -27.432236522520839 ], [ -65.315748665964293, -27.448447028034309 ], [ -65.315991218500301, -27.463268201860842 ], [ -65.302603555340283, -27.506248905240966 ], [ -65.293543535121955, -27.512627979823492 ], [ -65.293487257567165, -27.512650142652376 ], [ -65.289224737778113, -27.51578190981337 ], [ -65.286050502724493, -27.518114090212293 ], [ -65.286008932816344, -27.518131440880609 ], [ -65.285826351810215, -27.51828202963992 ], [ -65.285784762730998, -27.51829801503095 ], [ -65.28542026062928, -27.518545854255308 ], [ -65.285378840808278, -27.518560003387677 ], [ -65.284109748700587, -27.519378497671312 ], [ -65.284070060208307, -27.519389081438305 ], [ -65.283606022263143, -27.519605187647699 ], [ -65.283566233637316, -27.519610294197264 ], [ -65.283459503261838, -27.519645914734269 ], [ -65.278604264090177, -27.522136377858715 ], [ -65.278576290858723, -27.522165343342863 ], [ -65.277844211148704, -27.522597556276651 ], [ -65.273835582829975, -27.525820473363297 ], [ -65.266770105191995, -27.545885715290126 ], [ -65.266783757067117, -27.545961333413572 ], [ -65.266245718542109, -27.547527388136075 ], [ -65.266113477601664, -27.547353782252344 ], [ -65.266103045836246, -27.547357471246698 ], [ -65.266013078928665, -27.547235768535359 ], [ -65.266004941533708, -27.547238242402841 ], [ -65.265652092731614, -27.546784832791218 ], [ -65.265611634647826, -27.54676113656177 ], [ -65.265639436041624, -27.54671472702654 ], [ -65.262113653992969, -27.542143321886101 ], [ -65.259447842208772, -27.535195418684339 ], [ -65.254304677058997, -27.525791556476179 ], [ -65.252247597715154, -27.524887743282022 ], [ -65.252084043614957, -27.518532604860923 ], [ -65.25114833635439, -27.512753618511283 ], [ -65.2591596461628, -27.506512689727913 ], [ -65.264584823567645, -27.488766298730241 ], [ -65.261081013768546, -27.472718290487137 ], [ -65.252264156645026, -27.470862809829839 ], [ -65.236832491669929, -27.473744832613306 ], [ -65.23838614596491, -27.483339535309199 ], [ -65.234948208211847, -27.475415837572939 ], [ -65.234877533246788, -27.475390392404847 ], [ -65.234316765054018, -27.47282771125532 ], [ -65.234338575864513, -27.472811902787896 ], [ -65.232384394220901, -27.470354633072475 ], [ -65.23105880739206, -27.470228674878285 ], [ -65.23101227049807, -27.470207918862172 ], [ -65.230184354675146, -27.469465321549137 ], [ -65.230145566923227, -27.469446106649116 ], [ -65.227742445514309, -27.469584428763767 ], [ -65.227702229622082, -27.469531597049297 ], [ -65.227528881330841, -27.469412364198945 ], [ -65.224802469169731, -27.465719704318758 ], [ -65.224780486530392, -27.465703815665449 ], [ -65.224744285839392, -27.465682572961953 ], [ -65.220268704009811, -27.464801175591504 ], [ -65.222662980807229, -27.458192409225944 ], [ -65.224125120757435, -27.448727589729515 ], [ -65.222595137747362, -27.447585146059112 ], [ -65.222597413528433, -27.447536182821011 ], [ -65.220890406314652, -27.446383225599675 ], [ -65.212551606949944, -27.43993699453938 ], [ -65.216006168700574, -27.437087098097322 ], [ -65.225241771273318, -27.415892140369067 ], [ -65.225251971139585, -27.41588913444707 ], [ -65.226057984460397, -27.413984190908593 ], [ -65.226264930747163, -27.413661841042313 ], [ -65.247534300625375, -27.403625175206457 ], [ -65.248493204633064, -27.402877346146454 ], [ -65.250032462922604, -27.401080301875993 ], [ -65.251041987407234, -27.399576770771375 ], [ -65.251297197184442, -27.398718551007164 ], [ -65.251295069952732, -27.398710499380513 ], [ -65.250656212657589, -27.397945822129543 ], [ -65.250653429514614, -27.397939762469775 ], [ -65.255853396861369, -27.386054306131257 ], [ -65.253418995858112, -27.378083192749273 ], [ -65.253396725083917, -27.378050835030649 ], [ -65.249655743676669, -27.376738849452806 ], [ -65.23562662119906, -27.372820679255881 ], [ -65.227711948398621, -27.372397012242743 ], [ -65.227708890786175, -27.372382392221652 ], [ -65.2262097925788, -27.371357318355763 ], [ -65.226205386604136, -27.371337358534049 ], [ -65.225420707049977, -27.370917224083257 ], [ -65.225415813013967, -27.37089439837689 ], [ -65.223155235488434, -27.369337566760123 ], [ -65.227771820617647, -27.366404784438316 ], [ -65.227448143120228, -27.363620703748154 ], [ -65.228852484311005, -27.328613892089606 ], [ -65.229744747906466, -27.323365602565389 ], [ -65.229875861342407, -27.321937280094858 ], [ -65.229626709120282, -27.320931655536924 ], [ -65.229869245691532, -27.320498920281295 ], [ -65.229689985573657, -27.320370714915157 ], [ -65.26510803255826, -27.286138834673807 ], [ -65.265172551496903, -27.286143887514811 ], [ -65.268651035473226, -27.282961435552295 ], [ -65.268507975716943, -27.281698461135875 ], [ -65.268535806639989, -27.281651675522369 ], [ -65.268455821182386, -27.281202451581294 ], [ -65.268454562021589, -27.281198768662591 ], [ -65.268446953086766, -27.28113481349061 ], [ -65.266776120082739, -27.277354624832583 ], [ -65.261936541719876, -27.274673524557102 ], [ -65.259346957318826, -27.273122624398752 ], [ -65.259320866654377, -27.273127584957024 ], [ -65.254777436081497, -27.279416217530922 ], [ -65.224726490487456, -27.281378547438635 ], [ -65.224716859070895, -27.281377318596299 ], [ -65.224732211662115, -27.281313660494391 ], [ -65.222300484507969, -27.279860647674354 ], [ -65.222286289506599, -27.279879170796789 ], [ -65.222269433433439, -27.279866324606189 ], [ -65.216842071550161, -27.276660019489839 ], [ -65.215660799079046, -27.275920387734004 ], [ -65.215129580284724, -27.275618645172017 ], [ -65.21505492353225, -27.275632469385357 ], [ -65.213168882851278, -27.274447582162907 ], [ -65.210758941626352, -27.273194740416557 ], [ -65.210687250636965, -27.273207985662054 ], [ -65.208219682352933, -27.275962009779278 ], [ -65.208221175599533, -27.275968533613195 ], [ -65.205498847447814, -27.278757854077583 ], [ -65.205476320298885, -27.278794410005901 ], [ -65.204483879744259, -27.28022405410303 ], [ -65.203913543518638, -27.281578784902081 ], [ -65.203890533837637, -27.281582900040064 ], [ -65.203858239966848, -27.281569503406047 ], [ -65.201578822956776, -27.287183816760091 ], [ -65.20042298814235, -27.288170267490784 ], [ -65.196963571362801, -27.291697635087019 ], [ -65.196948781364597, -27.291722969207399 ], [ -65.194709741896986, -27.296654718574018 ], [ -65.193543794150287, -27.295484808197671 ], [ -65.189257854110792, -27.298969297647034 ], [ -65.188714047563963, -27.300367172568713 ], [ -65.188613449455204, -27.300493261411816 ], [ -65.188278695526549, -27.301832340766055 ], [ -65.184074900436542, -27.300805594869757 ], [ -65.184041055166063, -27.30074975268144 ], [ -65.183681537239693, -27.299864464730774 ], [ -65.174297891992012, -27.284469452948485 ], [ -65.154747731604573, -27.272541200444721 ], [ -65.114143631834736, -27.287032825435858 ], [ -65.090654636848171, -27.328186230624965 ], [ -65.089808892166388, -27.330033921172628 ], [ -65.089253999805806, -27.330216345352483 ], [ -65.087794940911408, -27.333889273809632 ], [ -65.087781038314972, -27.333882462546683 ], [ -65.087356299300438, -27.33396501433316 ], [ -65.075553671498483, -27.339294913665981 ], [ -65.075416876679924, -27.34115665076024 ], [ -65.07318178674501, -27.340962403502033 ], [ -65.073170834251869, -27.340983285519144 ], [ -65.001732018400844, -27.372018357189575 ], [ -65.001407724112539, -27.372154182571876 ], [ -65.00134433474625, -27.37217674211513 ], [ -65.001256080949815, -27.372190834641003 ], [ -65.001225641792928, -27.372225328145305 ], [ -65.000974012051245, -27.372390433870578 ], [ -64.964879878663282, -27.393560784877934 ], [ -64.959527416257004, -27.390603761074885 ], [ -64.958337351702653, -27.39027794448009 ], [ -64.958268030541205, -27.390291271156855 ], [ -64.957029373354089, -27.3921467431569 ], [ -64.955018526140179, -27.395028452240183 ], [ -64.954977274900671, -27.395030938094976 ], [ -64.946015990096328, -27.402921809257862 ], [ -64.944302024292313, -27.404307169369986 ], [ -64.943983473006597, -27.404535789251156 ], [ -64.943009335613624, -27.405276330332867 ], [ -64.943013054906316, -27.405285009315207 ], [ -64.942969018388339, -27.405304129858052 ], [ -64.942613464172496, -27.405417938772871 ], [ -64.942432610616265, -27.405478081473291 ], [ -64.942412925978431, -27.405433846172173 ], [ -64.939257233219166, -27.40669910213785 ], [ -64.933816697493512, -27.411911690982038 ], [ -64.933815363434121, -27.411909312750765 ], [ -64.933074176587922, -27.403757108188245 ], [ -64.933045368860178, -27.403227722871748 ], [ -64.93306804558847, -27.40317830842065 ], [ -64.932945277029773, -27.401984240188881 ], [ -64.932965708188135, -27.401937698338713 ], [ -64.934519222780864, -27.400774590743595 ], [ -64.930070765061885, -27.389349057484594 ], [ -64.93102362362049, -27.389942259274335 ], [ -64.931030697448875, -27.389925391512747 ], [ -64.929911329857191, -27.388328863936579 ], [ -64.930741953414611, -27.387596953505636 ], [ -64.930732437988013, -27.387583428114283 ], [ -64.929298854863816, -27.387198139565442 ], [ -64.934652952837212, -27.38066177611978 ], [ -64.940014699305436, -27.37068649883031 ], [ -64.925882065666997, -27.358853869933967 ], [ -64.929718770471766, -27.352658397532025 ], [ -64.933765455068794, -27.347699506110985 ], [ -64.93376813481234, -27.347688837147132 ], [ -64.93375951255598, -27.347472016908682 ], [ -64.942984806005313, -27.306420652816712 ], [ -64.943837025320818, -27.297081056009063 ], [ -64.936546724050686, -27.294818833934926 ], [ -64.940919562975921, -27.292943904379399 ], [ -64.94407365884922, -27.286390883562035 ], [ -64.955737905982971, -27.248066877758731 ], [ -64.955561693344634, -27.246513405623091 ], [ -64.955823499939356, -27.246570623465004 ], [ -64.955824629422693, -27.246567166712623 ], [ -64.968461981727842, -27.230429814249419 ], [ -64.955133419911022, -27.207382787121503 ], [ -64.947787842228649, -27.194863900524467 ], [ -64.947790938206424, -27.194801789749647 ], [ -64.947693190017787, -27.194794555109979 ], [ -64.947667165202404, -27.194782800801704 ], [ -64.947653408623523, -27.194788876347104 ], [ -64.944928870332888, -27.194144316588392 ], [ -64.944792538051161, -27.1941152171363 ], [ -64.943285576522783, -27.193586412520176 ], [ -64.943260959567283, -27.193592141496424 ], [ -64.941987023567492, -27.19314443040065 ], [ -64.934773426597872, -27.190387943216194 ], [ -64.93472892186287, -27.19039830972406 ], [ -64.929310912372841, -27.191856067223114 ], [ -64.925538306651333, -27.190042809543456 ], [ -64.924648850926417, -27.189457556390778 ], [ -64.924610882175557, -27.18943725183567 ], [ -64.923306357444631, -27.188826124159903 ], [ -64.921999527932655, -27.187955866406753 ], [ -64.922585419558345, -27.186483906502815 ], [ -64.922570015014742, -27.186424892253342 ], [ -64.921502361976763, -27.18624091824114 ], [ -64.921489452051901, -27.186188557669539 ], [ -64.9214859635008, -27.185207876933703 ], [ -64.923563680542486, -27.179747429786914 ], [ -64.924652054583703, -27.178444325234807 ], [ -64.924686381434014, -27.178440853226277 ], [ -64.926017363067899, -27.176663587818553 ], [ -64.927323958515217, -27.174341814881188 ], [ -64.927309999889644, -27.174288906792867 ], [ -64.923306042299544, -27.170573072258492 ], [ -64.920775798677198, -27.169182365363952 ], [ -64.883696845880706, -27.148727543488121 ], [ -64.88369484730049, -27.148726318043032 ], [ -64.883925836633125, -27.148355906573158 ], [ -64.882499825645084, -27.148174247381405 ], [ -64.881905992256748, -27.147819757734965 ], [ -64.880982830553478, -27.147303839835899 ], [ -64.870102728165989, -27.146949280562637 ], [ -64.812324964085519, -27.142385291923631 ], [ -64.812301183949501, -27.14242740020228 ], [ -64.812255999284332, -27.14241209046827 ], [ -64.812231415291819, -27.142455662542034 ], [ -64.812129541447689, -27.14246154852566 ], [ -64.812078413830363, -27.142484338098996 ], [ -64.812050684686483, -27.142531117933686 ], [ -64.811741340741435, -27.142558035798402 ], [ -64.811700043626388, -27.142601891803736 ], [ -64.811695800667508, -27.142584429617614 ], [ -64.811175022333032, -27.142423683728396 ], [ -64.811119642665233, -27.142461911261364 ], [ -64.809983000293187, -27.142112701548399 ], [ -64.810379965860989, -27.140379628871926 ], [ -64.810380807780746, -27.140366881260945 ], [ -64.810517519489849, -27.139693838241044 ], [ -64.810483002801277, -27.139665116462652 ], [ -64.810456774172508, -27.139643019630512 ], [ -64.810048476341308, -27.139684963877869 ], [ -64.809634520478767, -27.139692852915005 ], [ -64.809637680805338, -27.139740530645213 ], [ -64.809581336290591, -27.139736023652915 ], [ -64.809473670659429, -27.139727817324342 ], [ -64.809398786228599, -27.139632556419144 ], [ -64.809403569724225, -27.139627099678478 ], [ -64.809458830958761, -27.139582242957829 ], [ -64.808681403752587, -27.138403391626696 ], [ -64.808680648890004, -27.138369535307049 ], [ -64.808657520599354, -27.138370936356296 ], [ -64.808694678281881, -27.137871789558631 ], [ -64.808693749473036, -27.137660294413479 ], [ -64.808741052727498, -27.137661128214688 ], [ -64.808832233394014, -27.136004525019814 ], [ -64.808832610230695, -27.135983205576167 ], [ -64.809157106090368, -27.133465132231947 ], [ -64.809323225406388, -27.132229560592748 ], [ -64.80933055409497, -27.132221670649074 ], [ -64.809382083293656, -27.131351390205282 ], [ -64.814907335835017, -27.111303301925034 ], [ -64.814947227626021, -27.111269931222921 ], [ -64.813451005070931, -27.107429376470691 ], [ -64.786656239473871, -27.045887562840335 ], [ -64.781078691972141, -27.043133800310159 ], [ -64.781070209966117, -27.043102418326669 ], [ -64.772318046901603, -27.038492570382232 ], [ -64.757488014886746, -27.031766884372416 ], [ -64.757031802921119, -27.031513827002868 ], [ -64.727720245054741, -27.05651867189664 ], [ -64.727691801776871, -27.056538817384023 ], [ -64.720685851968199, -27.061999630038997 ], [ -64.714479262654152, -27.067504069986512 ], [ -64.712543247608266, -27.087773075809935 ], [ -64.712476732733876, -27.08778653951606 ], [ -64.706783724011473, -27.095401254055446 ], [ -64.706819927196989, -27.09542551064817 ], [ -64.706056520830089, -27.096538392876312 ], [ -64.704578155445745, -27.096315295382226 ], [ -64.704502143297702, -27.096330608327378 ], [ -64.704396863305249, -27.096332454072694 ], [ -64.704395304098057, -27.096332760978328 ], [ -64.702023713522067, -27.096392124296756 ], [ -64.702046206968646, -27.096358540851043 ], [ -64.695985587126813, -27.092745567486475 ], [ -64.689320937553987, -27.093009929286666 ], [ -64.687568885666678, -27.096338675466598 ], [ -64.654490001063948, -27.113779250531479 ], [ -64.654457698776412, -27.11376305754743 ], [ -64.654337453573476, -27.11363523615114 ], [ -64.65426899503143, -27.113644142970657 ], [ -64.654323904773719, -27.114618168189281 ], [ -64.653700723590134, -27.117436504087721 ], [ -64.653691788209699, -27.117625286402642 ], [ -64.653650453844875, -27.117873525838945 ], [ -64.653650486512561, -27.117873792432363 ], [ -64.653647990830109, -27.117956582023908 ], [ -64.652715290843901, -27.119082245013658 ], [ -64.652722189961707, -27.119119299654699 ], [ -64.652572791931846, -27.119261481633259 ], [ -64.652439286432127, -27.123340524175546 ], [ -64.652385469959086, -27.123327617050336 ], [ -64.652372092444523, -27.123626085553042 ], [ -64.645617249600946, -27.12033404162429 ], [ -64.644202115764244, -27.120191207583787 ], [ -64.643393445754214, -27.119850404405668 ], [ -64.625598544046056, -27.112363245427332 ], [ -64.614103887424108, -27.096457934149953 ], [ -64.611408259724215, -27.094214118164246 ], [ -64.598038678806404, -27.110312142739815 ], [ -64.598024997339678, -27.110317372905911 ], [ -64.597616797151886, -27.110223143940743 ], [ -64.597603578300379, -27.110227895856042 ], [ -64.59443061310543, -27.109373828787795 ], [ -64.594421771723319, -27.109376634662965 ], [ -64.594215991273416, -27.109321886969553 ], [ -64.592916613503292, -27.108895770635002 ], [ -64.562488977986845, -27.119011801982538 ], [ -64.560838179686584, -27.120211289631811 ], [ -64.560809080307308, -27.120247695301657 ], [ -64.549813831262725, -27.140724808802702 ], [ -64.526922327146451, -27.157004282818718 ], [ -64.516976048251024, -27.164134324335748 ], [ -64.513405779610309, -27.167966416371769 ], [ -64.513400403655226, -27.16795911865097 ], [ -64.50347732611425, -27.178574336306156 ], [ -64.498389101574503, -27.180301971678148 ], [ -64.497367224223296, -27.180890858109535 ], [ -64.496335328461669, -27.18099930705381 ], [ -64.491931155054829, -27.182218918348724 ], [ -64.486752300674368, -27.184597077115882 ], [ -64.487236840113951, -27.181414975920347 ], [ -64.487233571627314, -27.181405839544709 ], [ -64.487236443710174, -27.181402837288147 ], [ -64.487210830750314, -27.181355920259819 ], [ -64.48706028894668, -27.181149645958442 ], [ -64.48705752922649, -27.181150173254423 ], [ -64.487055072247188, -27.181142041557507 ], [ -64.486877996703697, -27.180991161231248 ], [ -64.486638244345727, -27.180890052416771 ], [ -64.486666692105246, -27.180942162143424 ], [ -64.480839537579413, -27.183453682874188 ], [ -64.481080948510225, -27.18100739807403 ], [ -64.480838130531424, -27.182535290260944 ], [ -64.481034515544479, -27.180960077623922 ], [ -64.480794655449643, -27.182490984229503 ], [ -64.480569508462565, -27.183112109475132 ], [ -64.47770358840404, -27.180147024418602 ], [ -64.476792908017728, -27.178286760642266 ], [ -64.476041577454055, -27.168356421515796 ], [ -64.475665363608073, -27.167590449129477 ], [ -64.475595275415969, -27.167209733247887 ], [ -64.479795931176682, -27.170318004402418 ], [ -64.481205304363641, -27.169968878459485 ], [ -64.482413670355527, -27.170071376354372 ], [ -64.482453164313313, -27.170026276775729 ], [ -64.483028019625749, -27.169952925580219 ], [ -64.483524921582216, -27.170097484339919 ], [ -64.483600761282503, -27.16996998844769 ], [ -64.484099415991068, -27.168692695655523 ], [ -64.484132567655138, -27.168656668283688 ], [ -64.484296203460588, -27.168215487808141 ], [ -64.484478536467861, -27.168279020128466 ], [ -64.484503004582507, -27.168257754999217 ], [ -64.484419993142467, -27.167901279556474 ], [ -64.484442881939287, -27.167878882275488 ], [ -64.484805318713995, -27.167323234300966 ], [ -64.484923028510764, -27.167310276969602 ], [ -64.484974882307313, -27.167276917198137 ], [ -64.484986348852715, -27.167267245671098 ], [ -64.485018109549003, -27.167172280623674 ], [ -64.485008625340186, -27.166831381660245 ], [ -64.485208627129282, -27.166103315598775 ], [ -64.485204345985153, -27.166068066876505 ], [ -64.484841353316597, -27.165550333833039 ], [ -64.485079533363205, -27.165515193081319 ], [ -64.485116796480327, -27.165472244783416 ], [ -64.485220875002767, -27.165480480506176 ], [ -64.485239331701791, -27.165460239414074 ], [ -64.485180770840657, -27.164963107147969 ], [ -64.48515461174253, -27.164966032823713 ], [ -64.485152016056645, -27.164943463668351 ], [ -64.485055471498185, -27.164261092786148 ], [ -64.484937731272339, -27.163377701549791 ], [ -64.484930718960186, -27.163353413078653 ], [ -64.484867010037078, -27.162578270826771 ], [ -64.484866463553885, -27.162572928818861 ], [ -64.484911498764177, -27.162574225984713 ], [ -64.484919243182276, -27.162565303889551 ], [ -64.485194637784502, -27.162494092967677 ], [ -64.485209826922073, -27.162459815364514 ], [ -64.485176537920211, -27.162156439972534 ], [ -64.48511103819601, -27.161864019829125 ], [ -64.485080470830212, -27.161871430041572 ], [ -64.485072506244933, -27.16183857181494 ], [ -64.484948453052766, -27.16144178644771 ], [ -64.485116799511502, -27.16140770913421 ], [ -64.484879336994936, -27.160813900009657 ], [ -64.484773762036582, -27.160503324816034 ], [ -64.485544296836963, -27.159809074564691 ], [ -64.485814699643868, -27.159731037460176 ], [ -64.485991698906048, -27.159691834972364 ], [ -64.486000956745897, -27.159688264247904 ], [ -64.486264405758789, -27.15948667951659 ], [ -64.486255792540589, -27.159464866858514 ], [ -64.486773726308002, -27.158919665840585 ], [ -64.486783641559725, -27.15892398168819 ], [ -64.487211185661693, -27.159113963453535 ], [ -64.487450126229476, -27.159153090639904 ], [ -64.487670272952641, -27.159212945512365 ], [ -64.488027314653323, -27.159207498354135 ], [ -64.488072893402773, -27.15918310858865 ], [ -64.488096006937781, -27.159156472303664 ], [ -64.48821960879684, -27.159136033193704 ], [ -64.488255236370605, -27.159132781036476 ], [ -64.488642915282071, -27.159093102440806 ], [ -64.488656858591355, -27.159088933068745 ], [ -64.489244513846756, -27.159048185905306 ], [ -64.49050369460025, -27.158815538752833 ], [ -64.490522755936695, -27.158770822175541 ], [ -64.491448001758499, -27.158542770124825 ], [ -64.491472771109954, -27.158581911357714 ], [ -64.491495130056308, -27.158574827786936 ], [ -64.491539622986977, -27.158493740323593 ], [ -64.491549389601346, -27.158487067599822 ], [ -64.491714908152119, -27.158439482333051 ], [ -64.491732606555559, -27.158419362676966 ], [ -64.492385198203863, -27.158215923192699 ], [ -64.492396039528842, -27.158290858209057 ], [ -64.492426160492698, -27.15832092514944 ], [ -64.492709542232546, -27.158277595576465 ], [ -64.492876762237586, -27.15825087359508 ], [ -64.49318928255974, -27.158192627402627 ], [ -64.493639324184528, -27.158122792100869 ], [ -64.493718716400281, -27.158118275365212 ], [ -64.493724879505407, -27.158168930008799 ], [ -64.49416619931543, -27.158117627153558 ], [ -64.494408045342198, -27.158109993078256 ], [ -64.49472322002083, -27.158032876227026 ], [ -64.495455353341072, -27.157853742089003 ], [ -64.495588500594067, -27.157529637226446 ], [ -64.495858764743218, -27.156964034031034 ], [ -64.503772661514631, -27.142766829106108 ], [ -64.518484473130798, -27.113431984760098 ], [ -64.518848340201657, -27.111533527023141 ], [ -64.517613862283099, -27.095626310665409 ], [ -64.525250538696241, -27.086362834038027 ], [ -64.538562161087611, -27.07054149446094 ], [ -64.551244194269827, -27.04566281003946 ], [ -64.560790718515875, -27.012805859391108 ], [ -64.546618396785789, -26.971850148147553 ], [ -64.572334250211611, -26.905932899405229 ], [ -64.559029857780956, -26.897603174062169 ], [ -64.559029750325408, -26.897580378269936 ], [ -64.55856812715416, -26.896556466351512 ], [ -64.558559152369298, -26.896516617918508 ], [ -64.557895017483816, -26.895108152341891 ], [ -64.557880926546545, -26.895051418434832 ], [ -64.557709142203521, -26.89467623101126 ], [ -64.557696520091895, -26.89464682717761 ], [ -64.557696677590684, -26.894623308752898 ], [ -64.552745323696172, -26.877158262098817 ], [ -64.563472029151967, -26.857994805153908 ], [ -64.561858614154175, -26.854667530887923 ], [ -64.56331361025201, -26.854783350507944 ], [ -64.563211388415937, -26.854102037387634 ], [ -64.561930498681022, -26.802196136104385 ], [ -64.561912141681034, -26.802179928298244 ], [ -64.556286669093652, -26.802376840721593 ], [ -64.564133039168723, -26.787679233720439 ], [ -64.560392980260815, -26.764918496754149 ], [ -64.560385962489818, -26.76488722139328 ], [ -64.55817519779896, -26.7617298246725 ], [ -64.55816981849847, -26.7617057341335 ], [ -64.566470520654605, -26.765372016238359 ], [ -64.566457222986571, -26.765312174741439 ], [ -64.556655230845877, -26.756424418642268 ], [ -64.559145602387105, -26.754712677629072 ], [ -64.559137535587354, -26.754676454346566 ], [ -64.564359932513355, -26.752475375121548 ], [ -64.566570280404221, -26.749480544625612 ], [ -64.566594604573481, -26.749496701005114 ], [ -64.572722595189759, -26.753050600414554 ], [ -64.572734645043738, -26.753058345272791 ], [ -64.573697298503021, -26.75361721586961 ], [ -64.573703804325305, -26.753623852144187 ], [ -64.574793850042454, -26.753438317132463 ], [ -64.574865055130317, -26.753423843401208 ], [ -64.575332225093575, -26.75334426647072 ], [ -64.576462925877763, -26.752414827274606 ], [ -64.576461931897768, -26.752408050938868 ], [ -64.576327009339025, -26.752328390042862 ], [ -64.578063722365755, -26.744981626354672 ], [ -64.577257029731754, -26.738747451496408 ], [ -64.579680125657774, -26.736327791855842 ], [ -64.577731950527379, -26.734945239450042 ], [ -64.577728104808102, -26.734927436604096 ], [ -64.580742240140296, -26.731797260807809 ], [ -64.581837938178353, -26.729650777467043 ], [ -64.581891323500031, -26.729639488476437 ], [ -64.582273377410218, -26.728797170060886 ], [ -64.585715595353804, -26.708959838211513 ], [ -64.585673353567529, -26.70891221673935 ], [ -64.584859068541107, -26.704155521311122 ], [ -64.588466930162326, -26.688551290691748 ], [ -64.591798230568315, -26.671551274853073 ], [ -64.591799856658781, -26.67153051414391 ], [ -64.591795497764394, -26.671522706260532 ], [ -64.591825368719981, -26.671474510553708 ], [ -64.591998731464287, -26.669762259446145 ], [ -64.588888825283448, -26.667773402154126 ], [ -64.588864475767878, -26.66780513043733 ], [ -64.588853649849057, -26.667822597666145 ], [ -64.587578931415408, -26.667063469790833 ], [ -64.587568601933697, -26.666990681754328 ], [ -64.588391583496787, -26.664520296513956 ], [ -64.588428379634138, -26.664544954459188 ], [ -64.592063234294756, -26.659652745589142 ], [ -64.592068198917048, -26.659642269775418 ], [ -64.594886756447465, -26.640927182265045 ], [ -64.61008857504595, -26.660852621604306 ], [ -64.610119305360627, -26.660909130135224 ], [ -64.615963434953073, -26.668644948119834 ], [ -64.616619132593144, -26.668724275944328 ], [ -64.616719440096858, -26.668847473962046 ], [ -64.616747828734901, -26.668898040063766 ], [ -64.616767699455238, -26.668897555191791 ], [ -64.643953113446855, -26.675776125128209 ], [ -64.64908798097224, -26.679414205599016 ], [ -64.650953921347138, -26.680373825421952 ], [ -64.653344465970122, -26.681292782049525 ], [ -64.653358127279205, -26.681289325680382 ], [ -64.656861844580192, -26.6824387582962 ], [ -64.658755319922648, -26.683392917203378 ], [ -64.674289832465377, -26.677229192543734 ], [ -64.679228150254744, -26.680249935605389 ], [ -64.693761076596729, -26.697603987166531 ], [ -64.693733525337677, -26.69763472590995 ], [ -64.693996475362837, -26.697796127375739 ], [ -64.692556068014483, -26.69978112185504 ], [ -64.692564637976659, -26.69981807337939 ], [ -64.699038703901977, -26.707116161031195 ], [ -64.707949726085417, -26.712309396793955 ], [ -64.708386123928392, -26.712562015278024 ], [ -64.708387644871152, -26.71256845946283 ], [ -64.710245505404487, -26.713662578558001 ], [ -64.710248777006314, -26.713662310449706 ], [ -64.711370922727383, -26.712502945335302 ], [ -64.711398913762821, -26.712456848611339 ], [ -64.711768037225283, -26.711927484155694 ], [ -64.7125806109172, -26.702553411139831 ], [ -64.71255483752816, -26.70256867528559 ], [ -64.714761426980203, -26.689835529599065 ], [ -64.714758075226314, -26.689821077677777 ], [ -64.714334257475457, -26.68932959381425 ], [ -64.711985843387197, -26.682337883395974 ], [ -64.712036658651641, -26.682290909051801 ], [ -64.718274154769631, -26.685705049987462 ], [ -64.718281691670086, -26.685715294859449 ], [ -64.726461095054276, -26.679951914774961 ], [ -64.726513090621495, -26.67912965828549 ], [ -64.706197712717312, -26.643308711823124 ], [ -64.695543653297989, -26.630460895694455 ], [ -64.695721573244498, -26.629884364897407 ], [ -64.695714804978479, -26.629879871491823 ], [ -64.689491355423399, -26.615641304829865 ], [ -64.622872964228179, -26.584669542156405 ], [ -64.600659545807162, -26.571526236834245 ], [ -64.591267246810901, -26.58539645689325 ], [ -64.591251180728477, -26.585366257220073 ], [ -64.590510419606801, -26.571484179536242 ], [ -64.590499661935723, -26.571463915583706 ], [ -64.590503150440668, -26.571377404495649 ], [ -64.590492222880812, -26.571357328219278 ], [ -64.590272819365453, -26.568063736690931 ], [ -64.590263183419381, -26.568046007740918 ], [ -64.572160311208165, -26.563257155767531 ], [ -64.582156478780178, -26.55236413171508 ], [ -64.595395596474191, -26.551562423402629 ], [ -64.636167330721889, -26.458412504860462 ], [ -64.638424559167504, -26.446046907153175 ], [ -64.638435538485112, -26.44605947181077 ], [ -64.649497657489746, -26.418349649396987 ], [ -64.64960230789427, -26.418335544957415 ], [ -64.649661201844708, -26.415009342077894 ], [ -64.649687983841602, -26.414991579162461 ], [ -64.656599421548776, -26.392681097844161 ], [ -64.657455322010946, -26.391525684251462 ], [ -64.660449607197563, -26.389130515377019 ], [ -64.673242564238649, -26.329421214350134 ], [ -64.673223621039199, -26.329345495405619 ], [ -64.672204389656372, -26.323306019464837 ], [ -64.677618868292484, -26.328199989700295 ], [ -64.677666685986537, -26.328225023578 ], [ -64.677564780755176, -26.328427425192785 ], [ -64.700886284816704, -26.356422117272814 ], [ -64.733234190903431, -26.376882323193229 ], [ -64.742612560915063, -26.385947832465661 ], [ -64.736554409896144, -26.399243763064874 ], [ -64.736572468634563, -26.399307209397023 ], [ -64.742019498330137, -26.404357764913698 ], [ -64.762719988017409, -26.411299928610106 ], [ -64.764595675864769, -26.41168733458187 ], [ -64.765892409350158, -26.411678162706437 ], [ -64.768954554499771, -26.412590244403248 ], [ -64.769088312062649, -26.412361628150848 ], [ -64.776231911202615, -26.412663128130873 ], [ -64.780661636085085, -26.413494620280289 ], [ -64.78655225183627, -26.413621255915359 ], [ -64.787574105911574, -26.413572236726907 ], [ -64.787575019477856, -26.413585909087999 ], [ -64.788672529872883, -26.415078010439174 ], [ -64.793160730958846, -26.422137948770455 ], [ -64.793160388014883, -26.422152642746198 ], [ -64.792315337028981, -26.427402041662901 ], [ -64.798175944458535, -26.441009631073825 ], [ -64.80918479482807, -26.440785695163811 ], [ -64.821545104028246, -26.433675270234176 ], [ -64.890697547827187, -26.435506603752799 ], [ -64.919033151039457, -26.436830089031332 ], [ -64.919206874132101, -26.436676343851786 ], [ -64.922594913667581, -26.435585717439949 ], [ -64.921510540631687, -26.440846762055571 ], [ -64.921522386792617, -26.440857565146416 ], [ -64.958878176404085, -26.440205703889262 ], [ -64.96063993491731, -26.438862459974246 ], [ -64.960635756512147, -26.438800360579535 ], [ -64.959348636444702, -26.437645486757901 ], [ -64.959347202745789, -26.437586201049101 ], [ -64.96378290859667, -26.433653334182338 ], [ -64.963799735204759, -26.43364762366258 ], [ -64.967879492539225, -26.429788154689277 ], [ -64.969557413136386, -26.429164461353366 ], [ -64.973326491257978, -26.426959246713125 ], [ -64.980879710403656, -26.429503617819137 ], [ -64.983710805502994, -26.429435988599835 ], [ -64.983725157182846, -26.429416638113196 ], [ -64.985572134760503, -26.429641704621929 ], [ -64.993745641566363, -26.427013506091896 ], [ -65.007581813774834, -26.434220105348174 ], [ -65.018033329722471, -26.438089099302204 ], [ -65.020528683442024, -26.438426754298007 ], [ -65.020838164976908, -26.439763869864521 ], [ -65.020796071453503, -26.439793381635695 ], [ -65.0213842974199, -26.441543481222595 ], [ -65.02164860055467, -26.441680296029574 ], [ -65.021659951949971, -26.441684286247039 ], [ -65.021609763553954, -26.441718361917538 ], [ -65.021651374461385, -26.441729364122693 ], [ -65.021724367773686, -26.44169982653716 ], [ -65.021724367507659, -26.441699909304646 ], [ -65.022926620919861, -26.441666255811867 ], [ -65.030662710601518, -26.45246411204181 ], [ -65.035831380187801, -26.460916889364796 ], [ -65.04544812904885, -26.466670845245687 ], [ -65.055043339907684, -26.502173038346768 ], [ -65.055338426482251, -26.502360471247982 ], [ -65.108248807831387, -26.518865586713957 ], [ -65.164189448489594, -26.551222948380143 ], [ -65.175459333611172, -26.555758748922415 ], [ -65.179720725914649, -26.552324157583598 ], [ -65.180313552790039, -26.552321484529557 ], [ -65.190884710539194, -26.550448043799008 ], [ -65.190517371004091, -26.544574541836596 ], [ -65.191765370789085, -26.536490921189966 ], [ -65.191763732008098, -26.536477884315218 ], [ -65.188393962525879, -26.516134702937165 ], [ -65.177701909054463, -26.487294134428396 ], [ -65.180825444743846, -26.453673747765606 ], [ -65.17764693833584, -26.431713024414023 ], [ -65.177588547233199, -26.430983441356432 ], [ -65.177594578095068, -26.430959223704292 ], [ -65.177931821572656, -26.430715930936572 ], [ -65.217069014064975, -26.416861175896258 ], [ -65.235968019699044, -26.412680947991646 ], [ -65.235961855412882, -26.412618436802973 ], [ -65.235539086961694, -26.412504140429917 ], [ -65.241194523374475, -26.411237698515379 ], [ -65.241188041744124, -26.411170451552323 ], [ -65.25410644211189, -26.408147349550973 ], [ -65.254140334334522, -26.408140600373656 ], [ -65.25414044104167, -26.408140591510801 ], [ -65.254898870441139, -26.407200947902822 ], [ -65.255882929898178, -26.405981769580251 ], [ -65.256678478468586, -26.404996140102241 ], [ -65.256954323368291, -26.404654385989829 ], [ -65.257760254926154, -26.403655890754635 ], [ -65.25815555695965, -26.402894300564867 ], [ -65.258180301235882, -26.402882801549197 ], [ -65.259121473537505, -26.401657882288134 ], [ -65.260257025471731, -26.40017998877488 ], [ -65.261719841226238, -26.392333798332629 ], [ -65.255079860042486, -26.387913192729911 ], [ -65.258517980493707, -26.378808461383869 ], [ -65.255703525948377, -26.37432867525979 ], [ -65.259339223166307, -26.372104549439541 ], [ -65.271331033682259, -26.368530670540679 ], [ -65.273180973425724, -26.365547115676293 ], [ -65.272328019210192, -26.354761892880617 ], [ -65.267756662914394, -26.350039218825941 ], [ -65.265287174943978, -26.343510611188776 ], [ -65.259721540974567, -26.339114605703287 ], [ -65.258301191804833, -26.337669194266994 ], [ -65.258283109842068, -26.337603769994473 ], [ -65.256711217906854, -26.336038336694969 ], [ -65.256691908208552, -26.335968397177851 ], [ -65.25671408318118, -26.335666653439432 ], [ -65.254514117379188, -26.333663211544547 ], [ -65.254490058383624, -26.333702818540189 ], [ -65.254448693568293, -26.333677523066626 ], [ -65.253875490758048, -26.3333657797005 ], [ -65.254029679389134, -26.333168117585046 ], [ -65.254101002015602, -26.33307962075952 ], [ -65.254101042985326, -26.333076927870763 ], [ -65.254175764589263, -26.333060582447615 ], [ -65.254233258776878, -26.333015644247325 ], [ -65.253528844453285, -26.322370281174415 ], [ -65.253076450909759, -26.316073209143951 ], [ -65.253131516875897, -26.31597699684653 ], [ -65.255114764120606, -26.314291542748094 ], [ -65.257529605635625, -26.304889333736128 ], [ -65.257899212105428, -26.304394381268935 ], [ -65.258118977381628, -26.303806102782573 ], [ -65.25877632084547, -26.30015133116467 ], [ -65.2559224740844, -26.291944700860824 ], [ -65.254433529777998, -26.290688060687671 ], [ -65.254439764270728, -26.290627994532315 ], [ -65.251857101740939, -26.288410040347912 ], [ -65.251844868976889, -26.288395695096654 ], [ -65.249105479087575, -26.285527961549292 ], [ -65.249146255068922, -26.285506695458082 ], [ -65.247435924554566, -26.280206397947154 ], [ -65.246888601164585, -26.264243553317385 ], [ -65.240411268259948, -26.255815506194722 ], [ -65.230800753117308, -26.235612312372268 ], [ -65.23079346769606, -26.235599264785435 ], [ -65.225085287790591, -26.232802476559982 ], [ -65.227173469568584, -26.209452445238412 ], [ -65.227056191476095, -26.206566648082344 ], [ -65.242481210281539, -26.223180097818727 ], [ -65.249254403041562, -26.225606957873765 ], [ -65.249268438028139, -26.225620520529901 ], [ -65.251490696022131, -26.22635803231401 ], [ -65.251504278217681, -26.226366714651078 ], [ -65.252431679567167, -26.226745387838378 ], [ -65.252919836386127, -26.227029293604801 ], [ -65.253497599334196, -26.226907694342231 ], [ -65.253514395069203, -26.226900820927085 ], [ -65.253537042145581, -26.22686637454558 ], [ -65.253554194085723, -26.22686141267468 ], [ -65.254472304133174, -26.227003547563811 ], [ -65.254492508740782, -26.226999980205733 ], [ -65.259516463058503, -26.221585805459597 ], [ -65.259266938471967, -26.221558405619078 ], [ -65.264950247734589, -26.217245588151115 ], [ -65.266226245564383, -26.21616407384596 ], [ -65.266387638868594, -26.215941566532763 ], [ -65.266756551974993, -26.215206168357724 ], [ -65.266787554227278, -26.215197702652404 ], [ -65.268185411277216, -26.213682263278088 ], [ -65.26823616023745, -26.213665243332912 ], [ -65.2683098257437, -26.21367890681347 ], [ -65.268313456657211, -26.213679439956081 ], [ -65.268457974057242, -26.213634960816478 ], [ -65.268525573476438, -26.213551274660631 ], [ -65.26852674819321, -26.213550641601785 ], [ -65.269272659059425, -26.212221349628123 ], [ -65.279432153757568, -26.194828090337296 ], [ -65.278577186495511, -26.192788322394392 ], [ -65.278599567802928, -26.192777156248098 ], [ -65.282364880065074, -26.18745473434393 ], [ -65.282404600864254, -26.187416305255283 ], [ -65.285679814918012, -26.182362855768133 ], [ -65.285948647400403, -26.185615659407119 ], [ -65.285915011706948, -26.186186018378294 ], [ -65.286351593666893, -26.187467940569888 ], [ -65.286334336255038, -26.187538128251049 ], [ -65.2868329833899, -26.193943902043998 ], [ -65.287351716677165, -26.199461068665926 ], [ -65.287336048957059, -26.199492194701804 ], [ -65.283667022059547, -26.199618871434325 ] ] ] ] } },
{ "type": "Feature", "properties": { "Name": "TUC : 0 - 60", "FromBreak": 0.0, "ToBreak": 60.0, "IATA": "TUC" }, "geometry": { "type": "MultiPolygon", "coordinates": [ [ [ [ -65.268457974057242, -26.213634960816478 ], [ -65.268313456657211, -26.213679439956081 ], [ -65.2683098257437, -26.21367890681347 ], [ -65.26823616023745, -26.213665243332912 ], [ -65.268185411277216, -26.213682263278088 ], [ -65.266787554227278, -26.215197702652404 ], [ -65.266756551974993, -26.215206168357724 ], [ -65.266387638868594, -26.215941566532763 ], [ -65.266226245564383, -26.21616407384596 ], [ -65.264950247734589, -26.217245588151115 ], [ -65.259266938471967, -26.221558405619078 ], [ -65.259516463058503, -26.221585805459597 ], [ -65.254492508740782, -26.226999980205733 ], [ -65.254472304133174, -26.227003547563811 ], [ -65.253554194085723, -26.22686141267468 ], [ -65.253537042145581, -26.22686637454558 ], [ -65.253514395069203, -26.226900820927085 ], [ -65.253497599334196, -26.226907694342231 ], [ -65.252919836386127, -26.227029293604801 ], [ -65.252431679567167, -26.226745387838378 ], [ -65.251504278217681, -26.226366714651078 ], [ -65.251490696022131, -26.22635803231401 ], [ -65.249268438028139, -26.225620520529901 ], [ -65.249254403041562, -26.225606957873765 ], [ -65.242481210281539, -26.223180097818727 ], [ -65.227056191476095, -26.206566648082344 ], [ -65.227173469568584, -26.209452445238412 ], [ -65.225085287790591, -26.232802476559982 ], [ -65.23079346769606, -26.235599264785435 ], [ -65.230800753117308, -26.235612312372268 ], [ -65.240411268259948, -26.255815506194722 ], [ -65.246888601164585, -26.264243553317385 ], [ -65.247435924554566, -26.280206397947154 ], [ -65.249146255068922, -26.285506695458082 ], [ -65.249105479087575, -26.285527961549292 ], [ -65.251844868976889, -26.288395695096654 ], [ -65.251857101740939, -26.288410040347912 ], [ -65.254439764270728, -26.290627994532315 ], [ -65.254433529777998, -26.290688060687671 ], [ -65.2559224740844, -26.291944700860824 ], [ -65.25877632084547, -26.30015133116467 ], [ -65.258118977381628, -26.303806102782573 ], [ -65.257899212105428, -26.304394381268935 ], [ -65.257529605635625, -26.304889333736128 ], [ -65.255114764120606, -26.314291542748094 ], [ -65.253131516875897, -26.31597699684653 ], [ -65.253076450909759, -26.316073209143951 ], [ -65.253528844453285, -26.322370281174415 ], [ -65.254233258776878, -26.333015644247325 ], [ -65.254175764589263, -26.333060582447615 ], [ -65.254101042985326, -26.333076927870763 ], [ -65.254101002015602, -26.33307962075952 ], [ -65.254029679389134, -26.333168117585046 ], [ -65.253875490758048, -26.3333657797005 ], [ -65.254448693568293, -26.333677523066626 ], [ -65.254490058383624, -26.333702818540189 ], [ -65.254514117379188, -26.333663211544547 ], [ -65.25671408318118, -26.335666653439432 ], [ -65.256691908208552, -26.335968397177851 ], [ -65.256711217906854, -26.336038336694969 ], [ -65.258283109842068, -26.337603769994473 ], [ -65.258301191804833, -26.337669194266994 ], [ -65.259721540974567, -26.339114605703287 ], [ -65.265287174943978, -26.343510611188776 ], [ -65.267756662914394, -26.350039218825941 ], [ -65.272328019210192, -26.354761892880617 ], [ -65.273180973425724, -26.365547115676293 ], [ -65.271331033682259, -26.368530670540679 ], [ -65.259339223166307, -26.372104549439541 ], [ -65.255703525948377, -26.37432867525979 ], [ -65.258517980493707, -26.378808461383869 ], [ -65.255079860042486, -26.387913192729911 ], [ -65.261719841226238, -26.392333798332629 ], [ -65.260257025471731, -26.40017998877488 ], [ -65.259121473537505, -26.401657882288134 ], [ -65.258180301235882, -26.402882801549197 ], [ -65.25815555695965, -26.402894300564867 ], [ -65.257760254926154, -26.403655890754635 ], [ -65.256954323368291, -26.404654385989829 ], [ -65.256678478468586, -26.404996140102241 ], [ -65.255882929898178, -26.405981769580251 ], [ -65.254898870441139, -26.407200947902822 ], [ -65.25414044104167, -26.408140591510801 ], [ -65.254140334334522, -26.408140600373656 ], [ -65.25410644211189, -26.408147349550973 ], [ -65.241188041744124, -26.411170451552323 ], [ -65.241194523374475, -26.411237698515379 ], [ -65.235539086961694, -26.412504140429917 ], [ -65.235961855412882, -26.412618436802973 ], [ -65.235968019699044, -26.412680947991646 ], [ -65.217069014064975, -26.416861175896258 ], [ -65.177931821572656, -26.430715930936572 ], [ -65.177594578095068, -26.430959223704292 ], [ -65.177588547233199, -26.430983441356432 ], [ -65.17764693833584, -26.431713024414023 ], [ -65.180825444743846, -26.453673747765606 ], [ -65.177701909054463, -26.487294134428396 ], [ -65.188393962525879, -26.516134702937165 ], [ -65.191763732008098, -26.536477884315218 ], [ -65.191765370789085, -26.536490921189966 ], [ -65.190517371004091, -26.544574541836596 ], [ -65.190884710539194, -26.550448043799008 ], [ -65.180313552790039, -26.552321484529557 ], [ -65.179720725914649, -26.552324157583598 ], [ -65.175459333611172, -26.555758748922415 ], [ -65.164189448489594, -26.551222948380143 ], [ -65.108248807831387, -26.518865586713957 ], [ -65.055338426482251, -26.502360471247982 ], [ -65.055043339907684, -26.502173038346768 ], [ -65.04544812904885, -26.466670845245687 ], [ -65.035831380187801, -26.460916889364796 ], [ -65.030662710601518, -26.45246411204181 ], [ -65.022926620919861, -26.441666255811867 ], [ -65.021724367507659, -26.441699909304646 ], [ -65.021724367773686, -26.44169982653716 ], [ -65.021651374461385, -26.441729364122693 ], [ -65.021609763553954, -26.441718361917538 ], [ -65.021659951949971, -26.441684286247039 ], [ -65.02164860055467, -26.441680296029574 ], [ -65.0213842974199, -26.441543481222595 ], [ -65.020796071453503, -26.439793381635695 ], [ -65.020838164976908, -26.439763869864521 ], [ -65.020528683442024, -26.438426754298007 ], [ -65.018033329722471, -26.438089099302204 ], [ -65.007581813774834, -26.434220105348174 ], [ -64.993745641566363, -26.427013506091896 ], [ -64.985572134760503, -26.429641704621929 ], [ -64.983725157182846, -26.429416638113196 ], [ -64.983710805502994, -26.429435988599835 ], [ -64.980879710403656, -26.429503617819137 ], [ -64.973326491257978, -26.426959246713125 ], [ -64.969557413136386, -26.429164461353366 ], [ -64.967879492539225, -26.429788154689277 ], [ -64.963799735204759, -26.43364762366258 ], [ -64.96378290859667, -26.433653334182338 ], [ -64.959347202745789, -26.437586201049101 ], [ -64.959348636444702, -26.437645486757901 ], [ -64.960635756512147, -26.438800360579535 ], [ -64.96063993491731, -26.438862459974246 ], [ -64.958878176404085, -26.440205703889262 ], [ -64.921522386792617, -26.440857565146416 ], [ -64.921510540631687, -26.440846762055571 ], [ -64.922594913667581, -26.435585717439949 ], [ -64.919206874132101, -26.436676343851786 ], [ -64.919033151039457, -26.436830089031332 ], [ -64.890697547827187, -26.435506603752799 ], [ -64.821545104028246, -26.433675270234176 ], [ -64.80918479482807, -26.440785695163811 ], [ -64.798175944458535, -26.441009631073825 ], [ -64.792315337028981, -26.427402041662901 ], [ -64.793160388014883, -26.422152642746198 ], [ -64.793160730958846, -26.422137948770455 ], [ -64.788672529872883, -26.415078010439174 ], [ -64.787575019477856, -26.413585909087999 ], [ -64.787574105911574, -26.413572236726907 ], [ -64.78655225183627, -26.413621255915359 ], [ -64.780661636085085, -26.413494620280289 ], [ -64.776231911202615, -26.412663128130873 ], [ -64.769088312062649, -26.412361628150848 ], [ -64.768954554499771, -26.412590244403248 ], [ -64.765892409350158, -26.411678162706437 ], [ -64.764595675864769, -26.41168733458187 ], [ -64.762719988017409, -26.411299928610106 ], [ -64.742019498330137, -26.404357764913698 ], [ -64.736572468634563, -26.399307209397023 ], [ -64.736554409896144, -26.399243763064874 ], [ -64.742612560915063, -26.385947832465661 ], [ -64.733234190903431, -26.376882323193229 ], [ -64.700886284816704, -26.356422117272814 ], [ -64.677564780755176, -26.328427425192785 ], [ -64.677666685986537, -26.328225023578 ], [ -64.677618868292484, -26.328199989700295 ], [ -64.672204389656372, -26.323306019464837 ], [ -64.673223621039199, -26.329345495405619 ], [ -64.673242564238649, -26.329421214350134 ], [ -64.660449607197563, -26.389130515377019 ], [ -64.657455322010946, -26.391525684251462 ], [ -64.656599421548776, -26.392681097844161 ], [ -64.649687983841602, -26.414991579162461 ], [ -64.649661201844708, -26.415009342077894 ], [ -64.64960230789427, -26.418335544957415 ], [ -64.649497657489746, -26.418349649396987 ], [ -64.638435538485112, -26.44605947181077 ], [ -64.638424559167504, -26.446046907153175 ], [ -64.636167330721889, -26.458412504860462 ], [ -64.595395596474191, -26.551562423402629 ], [ -64.582156478780178, -26.55236413171508 ], [ -64.572160311208165, -26.563257155767531 ], [ -64.590263183419381, -26.568046007740918 ], [ -64.590272819365453, -26.568063736690931 ], [ -64.590492222880812, -26.571357328219278 ], [ -64.590503150440668, -26.571377404495649 ], [ -64.590499661935723, -26.571463915583706 ], [ -64.590510419606801, -26.571484179536242 ], [ -64.591251180728477, -26.585366257220073 ], [ -64.591267246810901, -26.58539645689325 ], [ -64.600659545807162, -26.571526236834245 ], [ -64.622872964228179, -26.584669542156405 ], [ -64.689491355423399, -26.615641304829865 ], [ -64.695714804978479, -26.629879871491823 ], [ -64.695721573244498, -26.629884364897407 ], [ -64.695543653297989, -26.630460895694455 ], [ -64.706197712717312, -26.643308711823124 ], [ -64.726513090621495, -26.67912965828549 ], [ -64.726461095054276, -26.679951914774961 ], [ -64.718281691670086, -26.685715294859449 ], [ -64.718274154769631, -26.685705049987462 ], [ -64.712036658651641, -26.682290909051801 ], [ -64.711985843387197, -26.682337883395974 ], [ -64.714334257475457, -26.68932959381425 ], [ -64.714758075226314, -26.689821077677777 ], [ -64.714761426980203, -26.689835529599065 ], [ -64.71255483752816, -26.70256867528559 ], [ -64.7125806109172, -26.702553411139831 ], [ -64.711768037225283, -26.711927484155694 ], [ -64.711398913762821, -26.712456848611339 ], [ -64.711370922727383, -26.712502945335302 ], [ -64.710248777006314, -26.713662310449706 ], [ -64.710245505404487, -26.713662578558001 ], [ -64.708387644871152, -26.71256845946283 ], [ -64.708386123928392, -26.712562015278024 ], [ -64.707949726085417, -26.712309396793955 ], [ -64.699038703901977, -26.707116161031195 ], [ -64.692564637976659, -26.69981807337939 ], [ -64.692556068014483, -26.69978112185504 ], [ -64.693996475362837, -26.697796127375739 ], [ -64.693733525337677, -26.69763472590995 ], [ -64.693761076596729, -26.697603987166531 ], [ -64.679228150254744, -26.680249935605389 ], [ -64.674289832465377, -26.677229192543734 ], [ -64.658755319922648, -26.683392917203378 ], [ -64.656861844580192, -26.6824387582962 ], [ -64.653358127279205, -26.681289325680382 ], [ -64.653344465970122, -26.681292782049525 ], [ -64.650953921347138, -26.680373825421952 ], [ -64.64908798097224, -26.679414205599016 ], [ -64.643953113446855, -26.675776125128209 ], [ -64.616767699455238, -26.668897555191791 ], [ -64.616747828734901, -26.668898040063766 ], [ -64.616719440096858, -26.668847473962046 ], [ -64.616619132593144, -26.668724275944328 ], [ -64.615963434953073, -26.668644948119834 ], [ -64.610119305360627, -26.660909130135224 ], [ -64.61008857504595, -26.660852621604306 ], [ -64.594886756447465, -26.640927182265045 ], [ -64.592068198917048, -26.659642269775418 ], [ -64.592063234294756, -26.659652745589142 ], [ -64.588428379634138, -26.664544954459188 ], [ -64.588391583496787, -26.664520296513956 ], [ -64.587568601933697, -26.666990681754328 ], [ -64.587578931415408, -26.667063469790833 ], [ -64.588853649849057, -26.667822597666145 ], [ -64.588864475767878, -26.66780513043733 ], [ -64.588888825283448, -26.667773402154126 ], [ -64.591998731464287, -26.669762259446145 ], [ -64.591825368719981, -26.671474510553708 ], [ -64.591795497764394, -26.671522706260532 ], [ -64.591799856658781, -26.67153051414391 ], [ -64.591798230568315, -26.671551274853073 ], [ -64.588466930162326, -26.688551290691748 ], [ -64.584859068541107, -26.704155521311122 ], [ -64.585673353567529, -26.70891221673935 ], [ -64.585715595353804, -26.708959838211513 ], [ -64.582273377410218, -26.728797170060886 ], [ -64.581891323500031, -26.729639488476437 ], [ -64.581837938178353, -26.729650777467043 ], [ -64.580742240140296, -26.731797260807809 ], [ -64.577728104808102, -26.734927436604096 ], [ -64.577731950527379, -26.734945239450042 ], [ -64.579680125657774, -26.736327791855842 ], [ -64.577257029731754, -26.738747451496408 ], [ -64.578063722365755, -26.744981626354672 ], [ -64.576327009339025, -26.752328390042862 ], [ -64.576461931897768, -26.752408050938868 ], [ -64.576462925877763, -26.752414827274606 ], [ -64.575332225093575, -26.75334426647072 ], [ -64.574865055130317, -26.753423843401208 ], [ -64.574793850042454, -26.753438317132463 ], [ -64.573703804325305, -26.753623852144187 ], [ -64.573697298503021, -26.75361721586961 ], [ -64.572734645043738, -26.753058345272791 ], [ -64.572722595189759, -26.753050600414554 ], [ -64.566594604573481, -26.749496701005114 ], [ -64.566570280404221, -26.749480544625612 ], [ -64.564359932513355, -26.752475375121548 ], [ -64.559137535587354, -26.754676454346566 ], [ -64.559145602387105, -26.754712677629072 ], [ -64.556655230845877, -26.756424418642268 ], [ -64.566457222986571, -26.765312174741439 ], [ -64.566470520654605, -26.765372016238359 ], [ -64.55816981849847, -26.7617057341335 ], [ -64.55817519779896, -26.7617298246725 ], [ -64.560385962489818, -26.76488722139328 ], [ -64.560392980260815, -26.764918496754149 ], [ -64.564133039168723, -26.787679233720439 ], [ -64.556286669093652, -26.802376840721593 ], [ -64.561912141681034, -26.802179928298244 ], [ -64.561930498681022, -26.802196136104385 ], [ -64.563211388415937, -26.854102037387634 ], [ -64.56331361025201, -26.854783350507944 ], [ -64.561858614154175, -26.854667530887923 ], [ -64.563472029151967, -26.857994805153908 ], [ -64.552745323696172, -26.877158262098817 ], [ -64.557696677590684, -26.894623308752898 ], [ -64.557696520091895, -26.89464682717761 ], [ -64.557709142203521, -26.89467623101126 ], [ -64.557880926546545, -26.895051418434832 ], [ -64.557895017483816, -26.895108152341891 ], [ -64.558559152369298, -26.896516617918508 ], [ -64.55856812715416, -26.896556466351512 ], [ -64.559029750325408, -26.897580378269936 ], [ -64.559029857780956, -26.897603174062169 ], [ -64.572334250211611, -26.905932899405229 ], [ -64.546618396785789, -26.971850148147553 ], [ -64.560790718515875, -27.012805859391108 ], [ -64.551244194269827, -27.04566281003946 ], [ -64.538562161087611, -27.07054149446094 ], [ -64.525250538696241, -27.086362834038027 ], [ -64.517613862283099, -27.095626310665409 ], [ -64.518848340201657, -27.111533527023141 ], [ -64.518484473130798, -27.113431984760098 ], [ -64.503772661514631, -27.142766829106108 ], [ -64.495858764743218, -27.156964034031034 ], [ -64.495588500594067, -27.157529637226446 ], [ -64.495455353341072, -27.157853742089003 ], [ -64.49472322002083, -27.158032876227026 ], [ -64.494408045342198, -27.158109993078256 ], [ -64.49416619931543, -27.158117627153558 ], [ -64.493724879505407, -27.158168930008799 ], [ -64.493718716400281, -27.158118275365212 ], [ -64.493639324184528, -27.158122792100869 ], [ -64.49318928255974, -27.158192627402627 ], [ -64.492876762237586, -27.15825087359508 ], [ -64.492709542232546, -27.158277595576465 ], [ -64.492426160492698, -27.15832092514944 ], [ -64.492396039528842, -27.158290858209057 ], [ -64.492385198203863, -27.158215923192699 ], [ -64.491732606555559, -27.158419362676966 ], [ -64.491714908152119, -27.158439482333051 ], [ -64.491549389601346, -27.158487067599822 ], [ -64.491539622986977, -27.158493740323593 ], [ -64.491495130056308, -27.158574827786936 ], [ -64.491472771109954, -27.158581911357714 ], [ -64.491448001758499, -27.158542770124825 ], [ -64.490522755936695, -27.158770822175541 ], [ -64.49050369460025, -27.158815538752833 ], [ -64.489244513846756, -27.159048185905306 ], [ -64.488656858591355, -27.159088933068745 ], [ -64.488642915282071, -27.159093102440806 ], [ -64.488255236370605, -27.159132781036476 ], [ -64.48821960879684, -27.159136033193704 ], [ -64.488096006937781, -27.159156472303664 ], [ -64.488072893402773, -27.15918310858865 ], [ -64.488027314653323, -27.159207498354135 ], [ -64.487670272952641, -27.159212945512365 ], [ -64.487450126229476, -27.159153090639904 ], [ -64.487211185661693, -27.159113963453535 ], [ -64.486783641559725, -27.15892398168819 ], [ -64.486773726308002, -27.158919665840585 ], [ -64.486255792540589, -27.159464866858514 ], [ -64.486264405758789, -27.15948667951659 ], [ -64.486000956745897, -27.159688264247904 ], [ -64.485991698906048, -27.159691834972364 ], [ -64.485814699643868, -27.159731037460176 ], [ -64.485544296836963, -27.159809074564691 ], [ -64.484773762036582, -27.160503324816034 ], [ -64.484879336994936, -27.160813900009657 ], [ -64.485116799511502, -27.16140770913421 ], [ -64.484948453052766, -27.16144178644771 ], [ -64.485072506244933, -27.16183857181494 ], [ -64.485080470830212, -27.161871430041572 ], [ -64.48511103819601, -27.161864019829125 ], [ -64.485176537920211, -27.162156439972534 ], [ -64.485209826922073, -27.162459815364514 ], [ -64.485194637784502, -27.162494092967677 ], [ -64.484919243182276, -27.162565303889551 ], [ -64.484911498764177, -27.162574225984713 ], [ -64.484866463553885, -27.162572928818861 ], [ -64.484867010037078, -27.162578270826771 ], [ -64.484930718960186, -27.163353413078653 ], [ -64.484937731272339, -27.163377701549791 ], [ -64.485055471498185, -27.164261092786148 ], [ -64.485152016056645, -27.164943463668351 ], [ -64.48515461174253, -27.164966032823713 ], [ -64.485180770840657, -27.164963107147969 ], [ -64.485239331701791, -27.165460239414074 ], [ -64.485220875002767, -27.165480480506176 ], [ -64.485116796480327, -27.165472244783416 ], [ -64.485079533363205, -27.165515193081319 ], [ -64.484841353316597, -27.165550333833039 ], [ -64.485204345985153, -27.166068066876505 ], [ -64.485208627129282, -27.166103315598775 ], [ -64.485008625340186, -27.166831381660245 ], [ -64.485018109549003, -27.167172280623674 ], [ -64.484986348852715, -27.167267245671098 ], [ -64.484974882307313, -27.167276917198137 ], [ -64.484923028510764, -27.167310276969602 ], [ -64.484805318713995, -27.167323234300966 ], [ -64.484442881939287, -27.167878882275488 ], [ -64.484419993142467, -27.167901279556474 ], [ -64.484503004582507, -27.168257754999217 ], [ -64.484478536467861, -27.168279020128466 ], [ -64.484296203460588, -27.168215487808141 ], [ -64.484132567655138, -27.168656668283688 ], [ -64.484099415991068, -27.168692695655523 ], [ -64.483600761282503, -27.16996998844769 ], [ -64.483524921582216, -27.170097484339919 ], [ -64.483028019625749, -27.169952925580219 ], [ -64.482453164313313, -27.170026276775729 ], [ -64.482413670355527, -27.170071376354372 ], [ -64.481205304363641, -27.169968878459485 ], [ -64.479795931176682, -27.170318004402418 ], [ -64.475595275415969, -27.167209733247887 ], [ -64.475665363608073, -27.167590449129477 ], [ -64.476041577454055, -27.168356421515796 ], [ -64.476792908017728, -27.178286760642266 ], [ -64.47770358840404, -27.180147024418602 ], [ -64.480569508462565, -27.183112109475132 ], [ -64.480794655449643, -27.182490984229503 ], [ -64.481034515544479, -27.180960077623922 ], [ -64.480838130531424, -27.182535290260944 ], [ -64.481080948510225, -27.18100739807403 ], [ -64.480839537579413, -27.183453682874188 ], [ -64.486666692105246, -27.180942162143424 ], [ -64.486638244345727, -27.180890052416771 ], [ -64.486877996703697, -27.180991161231248 ], [ -64.487055072247188, -27.181142041557507 ], [ -64.48705752922649, -27.181150173254423 ], [ -64.48706028894668, -27.181149645958442 ], [ -64.487210830750314, -27.181355920259819 ], [ -64.487236443710174, -27.181402837288147 ], [ -64.487233571627314, -27.181405839544709 ], [ -64.487236840113951, -27.181414975920347 ], [ -64.486752300674368, -27.184597077115882 ], [ -64.491931155054829, -27.182218918348724 ], [ -64.496335328461669, -27.18099930705381 ], [ -64.497367224223296, -27.180890858109535 ], [ -64.498389101574503, -27.180301971678148 ], [ -64.50347732611425, -27.178574336306156 ], [ -64.513400403655226, -27.16795911865097 ], [ -64.513405779610309, -27.167966416371769 ], [ -64.516976048251024, -27.164134324335748 ], [ -64.526922327146451, -27.157004282818718 ], [ -64.549813831262725, -27.140724808802702 ], [ -64.560809080307308, -27.120247695301657 ], [ -64.560838179686584, -27.120211289631811 ], [ -64.562488977986845, -27.119011801982538 ], [ -64.592916613503292, -27.108895770635002 ], [ -64.594215991273416, -27.109321886969553 ], [ -64.594421771723319, -27.109376634662965 ], [ -64.59443061310543, -27.109373828787795 ], [ -64.597603578300379, -27.110227895856042 ], [ -64.597616797151886, -27.110223143940743 ], [ -64.598024997339678, -27.110317372905911 ], [ -64.598038678806404, -27.110312142739815 ], [ -64.611408259724215, -27.094214118164246 ], [ -64.614103887424108, -27.096457934149953 ], [ -64.625598544046056, -27.112363245427332 ], [ -64.643393445754214, -27.119850404405668 ], [ -64.644202115764244, -27.120191207583787 ], [ -64.645617249600946, -27.12033404162429 ], [ -64.652372092444523, -27.123626085553042 ], [ -64.652385469959086, -27.123327617050336 ], [ -64.652439286432127, -27.123340524175546 ], [ -64.652572791931846, -27.119261481633259 ], [ -64.652722189961707, -27.119119299654699 ], [ -64.652715290843901, -27.119082245013658 ], [ -64.653647990830109, -27.117956582023908 ], [ -64.653650486512561, -27.117873792432363 ], [ -64.653650453844875, -27.117873525838945 ], [ -64.653691788209699, -27.117625286402642 ], [ -64.653700723590134, -27.117436504087721 ], [ -64.654323904773719, -27.114618168189281 ], [ -64.65426899503143, -27.113644142970657 ], [ -64.654337453573476, -27.11363523615114 ], [ -64.654457698776412, -27.11376305754743 ], [ -64.654490001063948, -27.113779250531479 ], [ -64.687568885666678, -27.096338675466598 ], [ -64.689320937553987, -27.093009929286666 ], [ -64.695985587126813, -27.092745567486475 ], [ -64.702046206968646, -27.096358540851043 ], [ -64.702023713522067, -27.096392124296756 ], [ -64.704395304098057, -27.096332760978328 ], [ -64.704396863305249, -27.096332454072694 ], [ -64.704502143297702, -27.096330608327378 ], [ -64.704578155445745, -27.096315295382226 ], [ -64.706056520830089, -27.096538392876312 ], [ -64.706819927196989, -27.09542551064817 ], [ -64.706783724011473, -27.095401254055446 ], [ -64.712476732733876, -27.08778653951606 ], [ -64.712543247608266, -27.087773075809935 ], [ -64.714479262654152, -27.067504069986512 ], [ -64.720685851968199, -27.061999630038997 ], [ -64.727691801776871, -27.056538817384023 ], [ -64.727720245054741, -27.05651867189664 ], [ -64.757031802921119, -27.031513827002868 ], [ -64.757488014886746, -27.031766884372416 ], [ -64.772318046901603, -27.038492570382232 ], [ -64.781070209966117, -27.043102418326669 ], [ -64.781078691972141, -27.043133800310159 ], [ -64.786656239473871, -27.045887562840335 ], [ -64.813451005070931, -27.107429376470691 ], [ -64.814947227626021, -27.111269931222921 ], [ -64.814907335835017, -27.111303301925034 ], [ -64.809382083293656, -27.131351390205282 ], [ -64.80933055409497, -27.132221670649074 ], [ -64.809323225406388, -27.132229560592748 ], [ -64.809157106090368, -27.133465132231947 ], [ -64.808832610230695, -27.135983205576167 ], [ -64.808832233394014, -27.136004525019814 ], [ -64.808741052727498, -27.137661128214688 ], [ -64.808693749473036, -27.137660294413479 ], [ -64.808694678281881, -27.137871789558631 ], [ -64.808657520599354, -27.138370936356296 ], [ -64.808680648890004, -27.138369535307049 ], [ -64.808681403752587, -27.138403391626696 ], [ -64.809458830958761, -27.139582242957829 ], [ -64.809403569724225, -27.139627099678478 ], [ -64.809398786228599, -27.139632556419144 ], [ -64.809473670659429, -27.139727817324342 ], [ -64.809581336290591, -27.139736023652915 ], [ -64.809637680805338, -27.139740530645213 ], [ -64.809634520478767, -27.139692852915005 ], [ -64.810048476341308, -27.139684963877869 ], [ -64.810456774172508, -27.139643019630512 ], [ -64.810483002801277, -27.139665116462652 ], [ -64.810517519489849, -27.139693838241044 ], [ -64.810380807780746, -27.140366881260945 ], [ -64.810379965860989, -27.140379628871926 ], [ -64.809983000293187, -27.142112701548399 ], [ -64.811119642665233, -27.142461911261364 ], [ -64.811175022333032, -27.142423683728396 ], [ -64.811695800667508, -27.142584429617614 ], [ -64.811700043626388, -27.142601891803736 ], [ -64.811741340741435, -27.142558035798402 ], [ -64.812050684686483, -27.142531117933686 ], [ -64.812078413830363, -27.142484338098996 ], [ -64.812129541447689, -27.14246154852566 ], [ -64.812231415291819, -27.142455662542034 ], [ -64.812255999284332, -27.14241209046827 ], [ -64.812301183949501, -27.14242740020228 ], [ -64.812324964085519, -27.142385291923631 ], [ -64.870102728165989, -27.146949280562637 ], [ -64.880982830553478, -27.147303839835899 ], [ -64.881905992256748, -27.147819757734965 ], [ -64.882499825645084, -27.148174247381405 ], [ -64.883925836633125, -27.148355906573158 ], [ -64.88369484730049, -27.148726318043032 ], [ -64.883696845880706, -27.148727543488121 ], [ -64.920775798677198, -27.169182365363952 ], [ -64.923306042299544, -27.170573072258492 ], [ -64.927309999889644, -27.174288906792867 ], [ -64.927323958515217, -27.174341814881188 ], [ -64.926017363067899, -27.176663587818553 ], [ -64.924686381434014, -27.178440853226277 ], [ -64.924652054583703, -27.178444325234807 ], [ -64.923563680542486, -27.179747429786914 ], [ -64.9214859635008, -27.185207876933703 ], [ -64.921489452051901, -27.186188557669539 ], [ -64.921502361976763, -27.18624091824114 ], [ -64.922570015014742, -27.186424892253342 ], [ -64.922585419558345, -27.186483906502815 ], [ -64.921999527932655, -27.187955866406753 ], [ -64.923306357444631, -27.188826124159903 ], [ -64.924610882175557, -27.18943725183567 ], [ -64.924648850926417, -27.189457556390778 ], [ -64.925538306651333, -27.190042809543456 ], [ -64.929310912372841, -27.191856067223114 ], [ -64.93472892186287, -27.19039830972406 ], [ -64.934773426597872, -27.190387943216194 ], [ -64.941987023567492, -27.19314443040065 ], [ -64.943260959567283, -27.193592141496424 ], [ -64.943285576522783, -27.193586412520176 ], [ -64.944792538051161, -27.1941152171363 ], [ -64.944928870332888, -27.194144316588392 ], [ -64.947653408623523, -27.194788876347104 ], [ -64.947667165202404, -27.194782800801704 ], [ -64.947693190017787, -27.194794555109979 ], [ -64.947790938206424, -27.194801789749647 ], [ -64.947787842228649, -27.194863900524467 ], [ -64.955133419911022, -27.207382787121503 ], [ -64.968461981727842, -27.230429814249419 ], [ -64.955824629422693, -27.246567166712623 ], [ -64.955823499939356, -27.246570623465004 ], [ -64.955561693344634, -27.246513405623091 ], [ -64.955737905982971, -27.248066877758731 ], [ -64.94407365884922, -27.286390883562035 ], [ -64.940919562975921, -27.292943904379399 ], [ -64.936546724050686, -27.294818833934926 ], [ -64.943837025320818, -27.297081056009063 ], [ -64.942984806005313, -27.306420652816712 ], [ -64.93375951255598, -27.347472016908682 ], [ -64.93376813481234, -27.347688837147132 ], [ -64.933765455068794, -27.347699506110985 ], [ -64.929718770471766, -27.352658397532025 ], [ -64.925882065666997, -27.358853869933967 ], [ -64.940014699305436, -27.37068649883031 ], [ -64.934652952837212, -27.38066177611978 ], [ -64.929298854863816, -27.387198139565442 ], [ -64.930732437988013, -27.387583428114283 ], [ -64.930741953414611, -27.387596953505636 ], [ -64.929911329857191, -27.388328863936579 ], [ -64.931030697448875, -27.389925391512747 ], [ -64.93102362362049, -27.389942259274335 ], [ -64.930070765061885, -27.389349057484594 ], [ -64.934519222780864, -27.400774590743595 ], [ -64.932965708188135, -27.401937698338713 ], [ -64.932945277029773, -27.401984240188881 ], [ -64.93306804558847, -27.40317830842065 ], [ -64.933045368860178, -27.403227722871748 ], [ -64.933074176587922, -27.403757108188245 ], [ -64.933815363434121, -27.411909312750765 ], [ -64.933816697493512, -27.411911690982038 ], [ -64.939257233219166, -27.40669910213785 ], [ -64.942412925978431, -27.405433846172173 ], [ -64.942432610616265, -27.405478081473291 ], [ -64.942613464172496, -27.405417938772871 ], [ -64.942969018388339, -27.405304129858052 ], [ -64.943013054906316, -27.405285009315207 ], [ -64.943009335613624, -27.405276330332867 ], [ -64.943983473006597, -27.404535789251156 ], [ -64.944302024292313, -27.404307169369986 ], [ -64.946015990096328, -27.402921809257862 ], [ -64.954977274900671, -27.395030938094976 ], [ -64.955018526140179, -27.395028452240183 ], [ -64.957029373354089, -27.3921467431569 ], [ -64.958268030541205, -27.390291271156855 ], [ -64.958337351702653, -27.39027794448009 ], [ -64.959527416257004, -27.390603761074885 ], [ -64.964879878663282, -27.393560784877934 ], [ -65.000974012051245, -27.372390433870578 ], [ -65.001225641792928, -27.372225328145305 ], [ -65.001256080949815, -27.372190834641003 ], [ -65.00134433474625, -27.37217674211513 ], [ -65.001407724112539, -27.372154182571876 ], [ -65.001732018400844, -27.372018357189575 ], [ -65.073170834251869, -27.340983285519144 ], [ -65.07318178674501, -27.340962403502033 ], [ -65.075416876679924, -27.34115665076024 ], [ -65.075553671498483, -27.339294913665981 ], [ -65.087356299300438, -27.33396501433316 ], [ -65.087781038314972, -27.333882462546683 ], [ -65.087794940911408, -27.333889273809632 ], [ -65.089253999805806, -27.330216345352483 ], [ -65.089808892166388, -27.330033921172628 ], [ -65.090654636848171, -27.328186230624965 ], [ -65.114143631834736, -27.287032825435858 ], [ -65.154747731604573, -27.272541200444721 ], [ -65.174297891992012, -27.284469452948485 ], [ -65.183681537239693, -27.299864464730774 ], [ -65.184041055166063, -27.30074975268144 ], [ -65.184074900436542, -27.300805594869757 ], [ -65.188278695526549, -27.301832340766055 ], [ -65.188613449455204, -27.300493261411816 ], [ -65.188714047563963, -27.300367172568713 ], [ -65.189257854110792, -27.298969297647034 ], [ -65.193543794150287, -27.295484808197671 ], [ -65.194709741896986, -27.296654718574018 ], [ -65.196948781364597, -27.291722969207399 ], [ -65.196963571362801, -27.291697635087019 ], [ -65.20042298814235, -27.288170267490784 ], [ -65.201578822956776, -27.287183816760091 ], [ -65.203858239966848, -27.281569503406047 ], [ -65.203890533837637, -27.281582900040064 ], [ -65.203913543518638, -27.281578784902081 ], [ -65.204483879744259, -27.28022405410303 ], [ -65.205476320298885, -27.278794410005901 ], [ -65.205498847447814, -27.278757854077583 ], [ -65.208221175599533, -27.275968533613195 ], [ -65.208219682352933, -27.275962009779278 ], [ -65.210687250636965, -27.273207985662054 ], [ -65.210758941626352, -27.273194740416557 ], [ -65.213168882851278, -27.274447582162907 ], [ -65.21505492353225, -27.275632469385357 ], [ -65.215129580284724, -27.275618645172017 ], [ -65.215660799079046, -27.275920387734004 ], [ -65.216842071550161, -27.276660019489839 ], [ -65.222269433433439, -27.279866324606189 ], [ -65.222286289506599, -27.279879170796789 ], [ -65.222300484507969, -27.279860647674354 ], [ -65.224732211662115, -27.281313660494391 ], [ -65.224716859070895, -27.281377318596299 ], [ -65.224726490487456, -27.281378547438635 ], [ -65.254777436081497, -27.279416217530922 ], [ -65.259320866654377, -27.273127584957024 ], [ -65.259346957318826, -27.273122624398752 ], [ -65.261936541719876, -27.274673524557102 ], [ -65.266776120082739, -27.277354624832583 ], [ -65.268446953086766, -27.28113481349061 ], [ -65.268454562021589, -27.281198768662591 ], [ -65.268455821182386, -27.281202451581294 ], [ -65.268535806639989, -27.281651675522369 ], [ -65.268507975716943, -27.281698461135875 ], [ -65.268651035473226, -27.282961435552295 ], [ -65.265172551496903, -27.286143887514811 ], [ -65.26510803255826, -27.286138834673807 ], [ -65.229689985573657, -27.320370714915157 ], [ -65.229869245691532, -27.320498920281295 ], [ -65.229626709120282, -27.320931655536924 ], [ -65.229875861342407, -27.321937280094858 ], [ -65.229744747906466, -27.323365602565389 ], [ -65.228852484311005, -27.328613892089606 ], [ -65.227448143120228, -27.363620703748154 ], [ -65.227771820617647, -27.366404784438316 ], [ -65.223155235488434, -27.369337566760123 ], [ -65.225415813013967, -27.37089439837689 ], [ -65.225420707049977, -27.370917224083257 ], [ -65.226205386604136, -27.371337358534049 ], [ -65.2262097925788, -27.371357318355763 ], [ -65.227708890786175, -27.372382392221652 ], [ -65.227711948398621, -27.372397012242743 ], [ -65.23562662119906, -27.372820679255881 ], [ -65.249655743676669, -27.376738849452806 ], [ -65.253396725083917, -27.378050835030649 ], [ -65.253418995858112, -27.378083192749273 ], [ -65.255853396861369, -27.386054306131257 ], [ -65.250653429514614, -27.397939762469775 ], [ -65.250656212657589, -27.397945822129543 ], [ -65.251295069952732, -27.398710499380513 ], [ -65.251297197184442, -27.398718551007164 ], [ -65.251041987407234, -27.399576770771375 ], [ -65.250032462922604, -27.401080301875993 ], [ -65.248493204633064, -27.402877346146454 ], [ -65.247534300625375, -27.403625175206457 ], [ -65.226264930747163, -27.413661841042313 ], [ -65.226057984460397, -27.413984190908593 ], [ -65.225251971139585, -27.41588913444707 ], [ -65.225241771273318, -27.415892140369067 ], [ -65.216006168700574, -27.437087098097322 ], [ -65.212551606949944, -27.43993699453938 ], [ -65.220890406314652, -27.446383225599675 ], [ -65.222597413528433, -27.447536182821011 ], [ -65.222595137747362, -27.447585146059112 ], [ -65.224125120757435, -27.448727589729515 ], [ -65.222662980807229, -27.458192409225944 ], [ -65.220268704009811, -27.464801175591504 ], [ -65.224744285839392, -27.465682572961953 ], [ -65.224780486530392, -27.465703815665449 ], [ -65.224802469169731, -27.465719704318758 ], [ -65.227528881330841, -27.469412364198945 ], [ -65.227702229622082, -27.469531597049297 ], [ -65.227742445514309, -27.469584428763767 ], [ -65.230145566923227, -27.469446106649116 ], [ -65.230184354675146, -27.469465321549137 ], [ -65.23101227049807, -27.470207918862172 ], [ -65.23105880739206, -27.470228674878285 ], [ -65.232384394220901, -27.470354633072475 ], [ -65.234338575864513, -27.472811902787896 ], [ -65.234316765054018, -27.47282771125532 ], [ -65.234877533246788, -27.475390392404847 ], [ -65.234948208211847, -27.475415837572939 ], [ -65.23838614596491, -27.483339535309199 ], [ -65.236832491669929, -27.473744832613306 ], [ -65.252264156645026, -27.470862809829839 ], [ -65.261081013768546, -27.472718290487137 ], [ -65.264584823567645, -27.488766298730241 ], [ -65.2591596461628, -27.506512689727913 ], [ -65.25114833635439, -27.512753618511283 ], [ -65.252084043614957, -27.518532604860923 ], [ -65.252247597715154, -27.524887743282022 ], [ -65.254304677058997, -27.525791556476179 ], [ -65.259447842208772, -27.535195418684339 ], [ -65.262113653992969, -27.542143321886101 ], [ -65.265639436041624, -27.54671472702654 ], [ -65.265611634647826, -27.54676113656177 ], [ -65.265652092731614, -27.546784832791218 ], [ -65.266004941533708, -27.547238242402841 ], [ -65.266013078928665, -27.547235768535359 ], [ -65.266103045836246, -27.547357471246698 ], [ -65.266113477601664, -27.547353782252344 ], [ -65.266245718542109, -27.547527388136075 ], [ -65.266783757067117, -27.545961333413572 ], [ -65.266770105191995, -27.545885715290126 ], [ -65.273835582829975, -27.525820473363297 ], [ -65.277844211148704, -27.522597556276651 ], [ -65.278576290858723, -27.522165343342863 ], [ -65.278604264090177, -27.522136377858715 ], [ -65.283459503261838, -27.519645914734269 ], [ -65.283566233637316, -27.519610294197264 ], [ -65.283606022263143, -27.519605187647699 ], [ -65.284070060208307, -27.519389081438305 ], [ -65.284109748700587, -27.519378497671312 ], [ -65.285378840808278, -27.518560003387677 ], [ -65.28542026062928, -27.518545854255308 ], [ -65.285784762730998, -27.51829801503095 ], [ -65.285826351810215, -27.51828202963992 ], [ -65.286008932816344, -27.518131440880609 ], [ -65.286050502724493, -27.518114090212293 ], [ -65.289224737778113, -27.51578190981337 ], [ -65.293487257567165, -27.512650142652376 ], [ -65.293543535121955, -27.512627979823492 ], [ -65.302603555340283, -27.506248905240966 ], [ -65.315991218500301, -27.463268201860842 ], [ -65.315748665964293, -27.448447028034309 ], [ -65.326144181631605, -27.432236522520839 ], [ -65.331451067703085, -27.429468768700588 ], [ -65.352027191271361, -27.418207497264859 ], [ -65.35700673346372, -27.416182385515981 ], [ -65.357042223465157, -27.416186278461794 ], [ -65.360506112242376, -27.413510724770561 ], [ -65.363524305099077, -27.409907680015181 ], [ -65.363548445797676, -27.409873715059007 ], [ -65.36353308765996, -27.409864965520683 ], [ -65.364794051992646, -27.407993632185821 ], [ -65.36478488382653, -27.407952186370949 ], [ -65.363016807493295, -27.40638470936824 ], [ -65.3630053951901, -27.406333331727524 ], [ -65.368329513669494, -27.398232577862586 ], [ -65.36996657252439, -27.396189938520195 ], [ -65.370603920613974, -27.395156971196002 ], [ -65.370636497948226, -27.395174284957079 ], [ -65.370657969843592, -27.395185287417974 ], [ -65.370992419319464, -27.394622158943719 ], [ -65.374841936068265, -27.390560247160352 ], [ -65.375318808470013, -27.390094807745356 ], [ -65.375349976979237, -27.390096296108993 ], [ -65.376745646556458, -27.391638166282064 ], [ -65.37676756433865, -27.391639872196322 ], [ -65.38008489114759, -27.390177855078434 ], [ -65.380045099678227, -27.390314508845051 ], [ -65.388063338083953, -27.387146394759952 ], [ -65.389711862691286, -27.387661210326314 ], [ -65.389032597336723, -27.382880374376782 ], [ -65.3894853710691, -27.379273818984132 ], [ -65.389523814380311, -27.379205803234754 ], [ -65.393047944088664, -27.375641077675823 ], [ -65.398719335822136, -27.374209072251176 ], [ -65.398662136731502, -27.374151295267268 ], [ -65.406134169971381, -27.365181592475665 ], [ -65.409406850840696, -27.359189730235585 ], [ -65.40941968641846, -27.359166139711135 ], [ -65.409356006667679, -27.359131399395778 ], [ -65.410305232841949, -27.357450250308943 ], [ -65.410330132574188, -27.357413251171295 ], [ -65.412856922061053, -27.354310444340172 ], [ -65.412876591665167, -27.354326279078691 ], [ -65.413593964501842, -27.35389386922418 ], [ -65.413638119251402, -27.35389835314578 ], [ -65.41614106442853, -27.351772205614054 ], [ -65.417051539763577, -27.350575894533108 ], [ -65.415801445680131, -27.349802930994315 ], [ -65.415427260479078, -27.349045385305146 ], [ -65.41745216301274, -27.3422749765802 ], [ -65.422290074395278, -27.337493850524311 ], [ -65.424682277509419, -27.336290546778514 ], [ -65.424738019345739, -27.336303047391084 ], [ -65.428511064156964, -27.33327291464127 ], [ -65.428379208732167, -27.333194130590357 ], [ -65.42956124743688, -27.331702269779271 ], [ -65.431198933569078, -27.329277489879644 ], [ -65.431609270775539, -27.328492239030766 ], [ -65.431638216923773, -27.328511338363285 ], [ -65.439790784322895, -27.326759753013221 ], [ -65.440166508052357, -27.326635974452586 ], [ -65.440214483982516, -27.326668187615553 ], [ -65.440262140685888, -27.326692356418505 ], [ -65.445383434512337, -27.329312872262562 ], [ -65.445717773886486, -27.329902386867161 ], [ -65.445536481024874, -27.329939088050423 ], [ -65.445157852656735, -27.330015738137377 ], [ -65.440250160785524, -27.326814823297013 ], [ -65.434854158747385, -27.331046700304739 ], [ -65.434866961316061, -27.331101454542875 ], [ -65.434017520144891, -27.332271003294863 ], [ -65.433992656938528, -27.332309544480836 ], [ -65.442534914965677, -27.338133553687385 ], [ -65.442520159893775, -27.33818918972139 ], [ -65.444005020387976, -27.339183927809529 ], [ -65.444043948733679, -27.339227385940319 ], [ -65.444128289338039, -27.339250566696762 ], [ -65.444155773091211, -27.339178108903127 ], [ -65.444156831784312, -27.339177393215778 ], [ -65.444219616167345, -27.339177022049228 ], [ -65.448758764653689, -27.338995185511294 ], [ -65.448787584660863, -27.338952736616875 ], [ -65.448801763781489, -27.338958148756149 ], [ -65.454366639230273, -27.339792221094456 ], [ -65.459118911083465, -27.343324899979166 ], [ -65.459125666140892, -27.343365174428868 ], [ -65.460904988172103, -27.344470830734963 ], [ -65.460905655035049, -27.344521996892581 ], [ -65.457609143381944, -27.349298008225048 ], [ -65.455380793557993, -27.351548299181104 ], [ -65.455382467297227, -27.351560060249653 ], [ -65.454721485750099, -27.352809767417114 ], [ -65.454138570331224, -27.354326205348229 ], [ -65.454310674160752, -27.362251764373298 ], [ -65.450048113252763, -27.367043071597436 ], [ -65.449988893457657, -27.367082936011968 ], [ -65.447861952605763, -27.36810296020036 ], [ -65.44785896975543, -27.368115913396935 ], [ -65.4465667792212, -27.370934536647724 ], [ -65.453733325826988, -27.36961550850441 ], [ -65.453750744830188, -27.369613568325974 ], [ -65.453749754482942, -27.369604449385633 ], [ -65.455042576796302, -27.369376679118261 ], [ -65.455109885101194, -27.369383801624735 ], [ -65.456041964230963, -27.369865830951596 ], [ -65.456846621066802, -27.370518939563055 ], [ -65.456847322974852, -27.370536895376517 ], [ -65.462556710147567, -27.376255712157729 ], [ -65.465451682186995, -27.375506564629177 ], [ -65.465483098466336, -27.375565089815552 ], [ -65.466107735832452, -27.375453684575803 ], [ -65.466480992777178, -27.375071611184524 ], [ -65.466505041084247, -27.375051489308362 ], [ -65.469307198325168, -27.373943003604609 ], [ -65.469370558390551, -27.373955882594942 ], [ -65.471391754652927, -27.376052181560283 ], [ -65.471410490377878, -27.376082092733554 ], [ -65.471347717378649, -27.376589372681565 ], [ -65.471742392752958, -27.376679745068998 ], [ -65.473387681130419, -27.377447956869389 ], [ -65.478496742532343, -27.388633500882804 ], [ -65.471639972535343, -27.396245949894933 ], [ -65.464638709407154, -27.402147736992731 ], [ -65.452084886143041, -27.410789849756895 ], [ -65.449161879821588, -27.4132154438106 ], [ -65.449158412922543, -27.413227202187898 ], [ -65.446476925535137, -27.422756247399889 ], [ -65.445253805137554, -27.427438399274024 ], [ -65.441624386888577, -27.435803914203063 ], [ -65.43952612279179, -27.440640212577307 ], [ -65.43947040272468, -27.440682311379362 ], [ -65.43734887011658, -27.444543027674001 ], [ -65.440035675924889, -27.443214583246004 ], [ -65.440099879581965, -27.44317089682221 ], [ -65.442647741366784, -27.44300595266111 ], [ -65.441765470374207, -27.441564993247312 ], [ -65.441763863864423, -27.441562923012555 ], [ -65.44452987123617, -27.439345403193784 ], [ -65.444564335808082, -27.439317728106005 ], [ -65.44727573951053, -27.437144336970334 ], [ -65.464550314298037, -27.434988202995783 ], [ -65.46459042728975, -27.434947610097481 ], [ -65.4770732037328, -27.433477446238385 ], [ -65.483884066805899, -27.435274065063481 ], [ -65.483918303893176, -27.435264447387681 ], [ -65.483961282192865, -27.435260730178982 ], [ -65.489002190162466, -27.435076279182738 ], [ -65.489042346395138, -27.435082765824006 ], [ -65.49921651528183, -27.438883511846257 ], [ -65.508517419900727, -27.440863301141633 ], [ -65.519639872366099, -27.441234698346534 ], [ -65.52456834078879, -27.444279897984757 ], [ -65.532346414733695, -27.448612552285795 ], [ -65.547600792120988, -27.455325935617964 ], [ -65.547589037407874, -27.455272624368945 ], [ -65.54754911166242, -27.455130397159735 ], [ -65.547574066235654, -27.455127588923403 ], [ -65.547787485647973, -27.455252179118304 ], [ -65.547811714985869, -27.455248427371316 ], [ -65.547617524426414, -27.45457134876591 ], [ -65.547644106423832, -27.454566093484857 ], [ -65.553069259802953, -27.45751183575743 ], [ -65.55424221496088, -27.458071666687943 ], [ -65.556745866923222, -27.460556247681666 ], [ -65.556761243338656, -27.460625984467526 ], [ -65.554616311248878, -27.464405153922598 ], [ -65.554584131050888, -27.464387347378022 ], [ -65.554113542111679, -27.466795176345954 ], [ -65.554722979875066, -27.467055329636935 ], [ -65.554741780169707, -27.467128355467594 ], [ -65.555469126665628, -27.467825761127017 ], [ -65.555493783071597, -27.467782378891172 ], [ -65.565215801343129, -27.473166533863946 ], [ -65.577433745140752, -27.48024634233002 ], [ -65.577754439062574, -27.480094157614076 ], [ -65.577775408946366, -27.480097346170339 ], [ -65.578506289681172, -27.48100571687371 ], [ -65.584340622331922, -27.487886192024064 ], [ -65.584616883441811, -27.491599930631651 ], [ -65.583218712213977, -27.493162646683118 ], [ -65.583160797698213, -27.493169055854707 ], [ -65.581761335521151, -27.494747473677478 ], [ -65.581688604043052, -27.494755638442143 ], [ -65.581101923712083, -27.495390218769103 ], [ -65.581111112437043, -27.49539681657825 ], [ -65.581149652435784, -27.495424441508419 ], [ -65.582290465268954, -27.496081326466651 ], [ -65.582516170499218, -27.496222519769503 ], [ -65.585601393513002, -27.498005473802607 ], [ -65.587143537115935, -27.498898884001676 ], [ -65.589732967855014, -27.500396028141267 ], [ -65.593241795750032, -27.502328612190865 ], [ -65.593255941851965, -27.502388457483335 ], [ -65.593259677610376, -27.502405764403932 ], [ -65.591551896940587, -27.504906592004772 ], [ -65.589474899371282, -27.507932044544702 ], [ -65.589477243737917, -27.507933500568129 ], [ -65.5971131635701, -27.512246063405883 ], [ -65.599773948235963, -27.515751560308672 ], [ -65.599677138662457, -27.51671424141233 ], [ -65.599712982270944, -27.516799778704865 ], [ -65.59970755354027, -27.516823814880581 ], [ -65.599702693515155, -27.516944649246398 ], [ -65.599697271858531, -27.516969018165696 ], [ -65.599488940423043, -27.51866577658825 ], [ -65.598865534408787, -27.519747444451355 ], [ -65.598850337572173, -27.519765623627563 ], [ -65.596223795843684, -27.522589586753327 ], [ -65.59988040139973, -27.525552361317864 ], [ -65.601014773211432, -27.528889723087275 ], [ -65.600907612920651, -27.530669262135746 ], [ -65.600598673691707, -27.532821615346791 ], [ -65.600536641784515, -27.53438176548849 ], [ -65.600424423097138, -27.537204102994224 ], [ -65.599897518836713, -27.537706511735166 ], [ -65.599064534669992, -27.53855718253368 ], [ -65.599045410620647, -27.538577751220146 ], [ -65.599785460051294, -27.539202708068046 ], [ -65.599801681951021, -27.539217515511211 ], [ -65.60008102434216, -27.539727715369509 ], [ -65.600266155921474, -27.540496015425333 ], [ -65.600420508323282, -27.540920882145542 ], [ -65.600545346187573, -27.541651703917523 ], [ -65.600546196326206, -27.541654486621553 ], [ -65.600547052795605, -27.541661695027244 ], [ -65.600547284281447, -27.541652294856192 ], [ -65.600564413853704, -27.540956729477557 ], [ -65.600644266829931, -27.540495252163169 ], [ -65.600704469571951, -27.539772864247709 ], [ -65.600843921414992, -27.539341425828411 ], [ -65.600858089737301, -27.539325604916712 ], [ -65.602032073609053, -27.538117266316249 ], [ -65.603329985944072, -27.535402081558516 ], [ -65.60260976507908, -27.534329676870698 ], [ -65.601476832998401, -27.533745854861422 ], [ -65.601881846083245, -27.531156811404514 ], [ -65.602166065765687, -27.529339935297116 ], [ -65.604805263597541, -27.528386769855331 ], [ -65.605743599801713, -27.525653503544333 ], [ -65.606145558286187, -27.525144031933678 ], [ -65.606165368319864, -27.525112503091577 ], [ -65.606184616794792, -27.525110326964636 ], [ -65.607134154153755, -27.52382155851484 ], [ -65.608332514023573, -27.522356047308222 ], [ -65.609008905065139, -27.520762464151289 ], [ -65.606340197202258, -27.519147459569695 ], [ -65.606503112076382, -27.516412285720321 ], [ -65.606509452523085, -27.51638378708185 ], [ -65.60656244303209, -27.516238435508114 ], [ -65.606568798144735, -27.516210297696034 ], [ -65.607009021452029, -27.515039218980633 ], [ -65.606932955798868, -27.513395644754496 ], [ -65.607917023407538, -27.510590631446576 ], [ -65.613987279357957, -27.51132463105256 ], [ -65.614195747002555, -27.51233918688655 ], [ -65.614184015206547, -27.512407076354975 ], [ -65.614575137961424, -27.51446135238001 ], [ -65.614610451728367, -27.514426842969556 ], [ -65.615199343420613, -27.513024484211485 ], [ -65.615745325111561, -27.512667061520744 ], [ -65.615949189695641, -27.512455222687606 ], [ -65.615952460111657, -27.512377322461134 ], [ -65.615778660453884, -27.511883820119124 ], [ -65.615412353832141, -27.511587648540399 ], [ -65.615584771670967, -27.510984978579017 ], [ -65.61558566452635, -27.510933470659552 ], [ -65.615809530023967, -27.510143623462966 ], [ -65.617361052306421, -27.508638340329242 ], [ -65.618189594281546, -27.506390957532233 ], [ -65.618197201028352, -27.506319401001406 ], [ -65.61965205867682, -27.503081103146826 ], [ -65.619663905698587, -27.503012901575516 ], [ -65.619529409668303, -27.50184447871419 ], [ -65.619541433454629, -27.501775196639244 ], [ -65.61990244809715, -27.501246556599426 ], [ -65.6237783697851, -27.492925072881405 ], [ -65.62377848707348, -27.492907033810297 ], [ -65.623788793235576, -27.492846762717306 ], [ -65.626889455618596, -27.480711386432631 ], [ -65.623069011000837, -27.483037600685407 ], [ -65.623129151259604, -27.481486607694819 ], [ -65.623640917006185, -27.480780238225634 ], [ -65.624163166439359, -27.48059242324922 ], [ -65.624787300509581, -27.480367965444088 ], [ -65.625743274680758, -27.480036843885841 ], [ -65.626318798876184, -27.479816631184065 ], [ -65.626362867850162, -27.479798117186704 ], [ -65.62616842466673, -27.479740026875845 ], [ -65.625960872176961, -27.47960713957184 ], [ -65.625942273819987, -27.479635805587179 ], [ -65.625923797483154, -27.479623924936391 ], [ -65.625818600669788, -27.479735441469757 ], [ -65.625797785434088, -27.479766909281295 ], [ -65.625771720456044, -27.479771940440514 ], [ -65.625299154895743, -27.479729831867814 ], [ -65.625025513641901, -27.479644113057986 ], [ -65.624955253113853, -27.479657877454599 ], [ -65.624837358255945, -27.479632931331594 ], [ -65.624862073478539, -27.479593713529425 ], [ -65.624400548093888, -27.479382545792816 ], [ -65.624179074155563, -27.479519426707327 ], [ -65.623723972545235, -27.479440961205739 ], [ -65.623234174369145, -27.479356509832655 ], [ -65.622019885981217, -27.477952802775746 ], [ -65.621621370921559, -27.476971481368935 ], [ -65.620855538411831, -27.476248621466709 ], [ -65.620993857970291, -27.476103010579891 ], [ -65.62129949969875, -27.47576746867577 ], [ -65.621301156622053, -27.475703461817091 ], [ -65.621693472115908, -27.475347254913572 ], [ -65.621693455841807, -27.475293892094783 ], [ -65.62255425613597, -27.474333487733759 ], [ -65.623349142574682, -27.473432058077606 ], [ -65.623343771094198, -27.473390822403815 ], [ -65.624641128876021, -27.468672475674225 ], [ -65.625356887094938, -27.464430092796078 ], [ -65.625236994154989, -27.464264588303365 ], [ -65.627448447614654, -27.462682479474267 ], [ -65.627833362166086, -27.457065714993973 ], [ -65.630780385166645, -27.45133375656269 ], [ -65.634786318610281, -27.444889110858753 ], [ -65.634801372970799, -27.444881960072053 ], [ -65.635407295197581, -27.441690441574565 ], [ -65.644816709654776, -27.424292000311425 ], [ -65.644893760102832, -27.424273953734541 ], [ -65.644917778788283, -27.424247687223613 ], [ -65.644908681008587, -27.424248213901819 ], [ -65.644875536125653, -27.424230440738768 ], [ -65.644832433733882, -27.424204925301922 ], [ -65.64482891811889, -27.424210865168789 ], [ -65.644804647350099, -27.424252160590811 ], [ -65.644798416481422, -27.42424847237595 ], [ -65.644784074881386, -27.424272839242235 ], [ -65.644781923224855, -27.424273352506248 ], [ -65.642986499216136, -27.424495312851661 ], [ -65.643041034812313, -27.423454975272421 ], [ -65.643106096157624, -27.42343945530223 ], [ -65.644512654294317, -27.423897515440956 ], [ -65.644587098384591, -27.423880317219357 ], [ -65.642285249548081, -27.419165510434084 ], [ -65.639902064136663, -27.414903692936946 ], [ -65.635656748812949, -27.413364771665499 ], [ -65.635601768029915, -27.413371980483021 ], [ -65.627666431084492, -27.408040495463069 ], [ -65.624243232254969, -27.404872026617284 ], [ -65.61948223500508, -27.399284782951895 ], [ -65.620540926891522, -27.397385874724137 ], [ -65.62093460671889, -27.396897491175764 ], [ -65.620927677686723, -27.396857347429147 ], [ -65.620921150407014, -27.396819676440771 ], [ -65.621413203242298, -27.396076727093032 ], [ -65.621404117928648, -27.396040351341128 ], [ -65.621759982192202, -27.395513552647571 ], [ -65.62011677317463, -27.38800367911557 ], [ -65.620110388304511, -27.387989819680797 ], [ -65.620205620923457, -27.38743146088666 ], [ -65.620877208536967, -27.385914642744467 ], [ -65.6212931684409, -27.385169791740736 ], [ -65.622198343374691, -27.384283546670872 ], [ -65.624384390940577, -27.385046410941584 ], [ -65.624375470165774, -27.385068403266246 ], [ -65.624393000204805, -27.385079150589092 ], [ -65.628004589047293, -27.387046883234007 ], [ -65.628016834495327, -27.387056389951283 ], [ -65.63007290433859, -27.384638655458161 ], [ -65.638330098297672, -27.373982561552907 ], [ -65.63614646727757, -27.373478495713186 ], [ -65.639203902758879, -27.372752310189355 ], [ -65.63923851731812, -27.372698866425367 ], [ -65.639246626113959, -27.372698437254542 ], [ -65.639402567909542, -27.37253683707138 ], [ -65.640350363477012, -27.370890001050498 ], [ -65.640335046055782, -27.370823794844171 ], [ -65.640119047966493, -27.370664447576075 ], [ -65.640104003862348, -27.370596627580937 ], [ -65.640664854754618, -27.36960708432764 ], [ -65.6411626422464, -27.368830309398561 ], [ -65.639919396982691, -27.368745570919828 ], [ -65.637544864083679, -27.367393327614764 ], [ -65.637517903813091, -27.367404117640717 ], [ -65.636843305451293, -27.367073756251273 ], [ -65.636632381766844, -27.366974693987402 ], [ -65.636616020120755, -27.366979440747343 ], [ -65.635794495856771, -27.36656811748702 ], [ -65.63186899472106, -27.364885448225095 ], [ -65.636343004210687, -27.365359995966571 ], [ -65.636813026942662, -27.365152798011252 ], [ -65.642734255759308, -27.359330826769678 ], [ -65.643566028289911, -27.357777605116723 ], [ -65.646211362185852, -27.355195159337711 ], [ -65.649552139796583, -27.35327502630355 ], [ -65.660231615710018, -27.349049193683356 ], [ -65.660268431921622, -27.349038004880867 ], [ -65.66064899877955, -27.348792625440183 ], [ -65.660686212226096, -27.348781327334336 ], [ -65.661047386057021, -27.348564650751996 ], [ -65.661086072803016, -27.348554936735354 ], [ -65.663737474607728, -27.346526107553018 ], [ -65.663771861345424, -27.346519544991509 ], [ -65.679056153683973, -27.343371845902482 ], [ -65.6796563693336, -27.34361912205776 ], [ -65.679678878636992, -27.343614087650565 ], [ -65.687614485795507, -27.343441022736783 ], [ -65.688393651899332, -27.343850033500985 ], [ -65.688397670197162, -27.34384481104928 ], [ -65.688401816418491, -27.34384824335109 ], [ -65.694060913887256, -27.341540117296915 ], [ -65.69826004829082, -27.339863664294683 ], [ -65.698078453710764, -27.339315466382914 ], [ -65.698976740763499, -27.339559170750704 ], [ -65.699768336444777, -27.339230874935367 ], [ -65.699913718655125, -27.339157657579108 ], [ -65.700111210677846, -27.339059068892652 ], [ -65.700148273344666, -27.339063604541479 ], [ -65.701380628243157, -27.337803256810446 ], [ -65.701380658751532, -27.33780300755086 ], [ -65.701422195082444, -27.337797482130213 ], [ -65.70148911869677, -27.337784017855881 ], [ -65.701489456312117, -27.337785001900215 ], [ -65.701492416175199, -27.337783854672466 ], [ -65.701138020686358, -27.338640457239649 ], [ -65.701960968758613, -27.33799550780617 ], [ -65.702287827884447, -27.337766143461124 ], [ -65.703850413367491, -27.337337165309634 ], [ -65.701636441967139, -27.33660179692356 ], [ -65.70045811724998, -27.336255378645603 ], [ -65.700464037639449, -27.336295985333265 ], [ -65.700425950523254, -27.336297870163264 ], [ -65.699568218741717, -27.335981914852994 ], [ -65.69954086992766, -27.335982193437246 ], [ -65.699251462169855, -27.335864406435348 ], [ -65.698978981687105, -27.336112230255708 ], [ -65.69878598735113, -27.336319867924828 ], [ -65.69874267372586, -27.336310827570571 ], [ -65.69870809745305, -27.336315945448519 ], [ -65.698336005883675, -27.335858436644344 ], [ -65.697552677466263, -27.335395813794378 ], [ -65.697580049651037, -27.335356536238578 ], [ -65.697423324910574, -27.335223547093278 ], [ -65.697265421911197, -27.335388864657546 ], [ -65.697212445214745, -27.335394179998787 ], [ -65.697244524688472, -27.335418851004647 ], [ -65.696914293801228, -27.335735748419893 ], [ -65.696895920757868, -27.33573079113836 ], [ -65.696835835463787, -27.335733981521344 ], [ -65.696711699668981, -27.33555794654427 ], [ -65.696705287387374, -27.33555136741245 ], [ -65.696535372166238, -27.335430130536963 ], [ -65.695653144321284, -27.334550954780411 ], [ -65.695578551618837, -27.334554915378305 ], [ -65.694549392266595, -27.335535539392311 ], [ -65.694494574030955, -27.335605104491322 ], [ -65.694227429635305, -27.335723963703401 ], [ -65.694180536153397, -27.335726451629 ], [ -65.694149408820522, -27.335718052625737 ], [ -65.694178131126478, -27.335555236588959 ], [ -65.694023809520047, -27.335461779865284 ], [ -65.694097042841577, -27.335457894483852 ], [ -65.690932488824785, -27.332818777668649 ], [ -65.689705130171319, -27.332696109631854 ], [ -65.689703806118018, -27.332686036096959 ], [ -65.689633332655319, -27.33267055656205 ], [ -65.689632048529688, -27.332661015443932 ], [ -65.689553497040549, -27.332643520360932 ], [ -65.686853559419717, -27.330648534851719 ], [ -65.686851060217805, -27.330622159738311 ], [ -65.686046761495618, -27.330233199096313 ], [ -65.671808753286655, -27.324747804042488 ], [ -65.669124630027, -27.303370864085309 ], [ -65.66900623656926, -27.303236055076525 ], [ -65.669005725932493, -27.303204588932886 ], [ -65.668727951334233, -27.302893091895385 ], [ -65.668744142988828, -27.302864987260591 ], [ -65.657900940268064, -27.262601479100056 ], [ -65.646291719600072, -27.282931979640011 ], [ -65.646305268325591, -27.283250788186933 ], [ -65.645819597893365, -27.284981788844618 ], [ -65.634026473611186, -27.276153644596093 ], [ -65.633354530509735, -27.276024034900672 ], [ -65.634883242817864, -27.268889408133077 ], [ -65.637263436076694, -27.268429326699049 ], [ -65.644940882938783, -27.261372743652885 ], [ -65.644956659987258, -27.261386345304345 ], [ -65.645715305231022, -27.260210677104851 ], [ -65.654176790345105, -27.248940495763691 ], [ -65.646760253678622, -27.245255464139575 ], [ -65.646752154175601, -27.245251898386471 ], [ -65.646525138393088, -27.245202128861877 ], [ -65.64488023217001, -27.242650898024522 ], [ -65.644871148536026, -27.242579473499745 ], [ -65.645133706379568, -27.24213571682327 ], [ -65.645121300550556, -27.242063272835992 ], [ -65.64556978112654, -27.241194455341429 ], [ -65.645555500769547, -27.241119591952611 ], [ -65.646021198846711, -27.240088286699233 ], [ -65.646026570012623, -27.240090806110572 ], [ -65.646030510080095, -27.240084805636172 ], [ -65.651430222991848, -27.231732422320704 ], [ -65.641534231482126, -27.227948407522376 ], [ -65.64153928631913, -27.227945138298935 ], [ -65.64074513621631, -27.227608046712703 ], [ -65.640698209112031, -27.227545615246413 ], [ -65.642868015391571, -27.224959509704888 ], [ -65.642826723520216, -27.224913926320596 ], [ -65.642840471173031, -27.224905244561398 ], [ -65.646479358129227, -27.219914040110382 ], [ -65.646573542966394, -27.219792384375069 ], [ -65.647140313628711, -27.21931636848052 ], [ -65.647131694972984, -27.219294308558915 ], [ -65.648101706424768, -27.218485982887444 ], [ -65.648128023220067, -27.218043033708398 ], [ -65.648120565290697, -27.218022867011939 ], [ -65.649279176348102, -27.216950325678852 ], [ -65.647022920059726, -27.209773696080788 ], [ -65.658659732653632, -27.175754864046212 ], [ -65.650688054240504, -27.154316518772816 ], [ -65.693340287574244, -27.097493678616104 ], [ -65.693033873534944, -27.09620502557874 ], [ -65.693053507958098, -27.096197441973686 ], [ -65.695312519291235, -27.076400129466606 ], [ -65.680529965646826, -27.059001721545997 ], [ -65.679913616929696, -27.053358374138838 ], [ -65.679427933442071, -27.04783879754126 ], [ -65.679426777369144, -27.047831400613234 ], [ -65.677916856522017, -27.038013473980754 ], [ -65.677893165360274, -27.037972687803631 ], [ -65.66350164585856, -27.028052916945228 ], [ -65.662693602684612, -27.024605360059468 ], [ -65.662664802684503, -27.024609027111808 ], [ -65.661238711483747, -27.023817613457766 ], [ -65.660247576990059, -27.021414364009502 ], [ -65.66009468827815, -27.021148747541304 ], [ -65.660043611065646, -27.021159759957868 ], [ -65.660039452389071, -27.021195264676578 ], [ -65.630334472089544, -27.033067463025532 ], [ -65.580078734238214, -27.048251925011186 ], [ -65.55561289425367, -27.049539105937924 ], [ -65.555139139420476, -27.049304650283659 ], [ -65.554441634678597, -27.049016279950365 ], [ -65.554433823812587, -27.049014668467862 ], [ -65.554379615017979, -27.048994625877071 ], [ -65.554371774008075, -27.048993246927751 ], [ -65.554282426936993, -27.048961086328802 ], [ -65.554274616865825, -27.048959689680828 ], [ -65.554177233436974, -27.04892415201931 ], [ -65.554169413079251, -27.048923045355195 ], [ -65.553948088326592, -27.048862109629567 ], [ -65.55394030272015, -27.048861193385733 ], [ -65.553060196761635, -27.048992245158274 ], [ -65.552548852803056, -27.048689926220732 ], [ -65.549444302229858, -27.047552813016409 ], [ -65.546814119134353, -27.040005444209498 ], [ -65.546515273861814, -27.033092084452051 ], [ -65.546515285254372, -27.033086128151695 ], [ -65.546716637399641, -27.032262323519092 ], [ -65.546419215884498, -27.030871114527542 ], [ -65.546221086096807, -27.03008181503867 ], [ -65.591268553567659, -26.949028915164718 ], [ -65.562087467423282, -26.939079123969861 ], [ -65.537402267772222, -26.930573398838703 ], [ -65.519613861798007, -26.906329686935237 ], [ -65.503816307306863, -26.892511301712432 ], [ -65.489957255245145, -26.887829531037539 ], [ -65.473892514497265, -26.887921441455831 ], [ -65.445092366505037, -26.852509418505178 ], [ -65.451542922154829, -26.831309834907415 ], [ -65.453417522718155, -26.817635714069013 ], [ -65.453423954886716, -26.81762864835764 ], [ -65.449538706932969, -26.8128813200953 ], [ -65.443880986843283, -26.797593134556166 ], [ -65.443878593349382, -26.797557669514049 ], [ -65.44388311148964, -26.797524221099991 ], [ -65.450334152900041, -26.793761783091725 ], [ -65.465708426373965, -26.7758998847101 ], [ -65.466104655985475, -26.774928616275531 ], [ -65.466905433439365, -26.776686729286553 ], [ -65.469310349424745, -26.771025141470091 ], [ -65.4754334801342, -26.76833108792539 ], [ -65.47550376071149, -26.768307391857888 ], [ -65.476038040121693, -26.767828836100193 ], [ -65.47609109737158, -26.767777475775858 ], [ -65.476600665526291, -26.766361559095799 ], [ -65.476437056504494, -26.766243639799939 ], [ -65.47610898311035, -26.765763884303112 ], [ -65.476019274152236, -26.765868019190577 ], [ -65.476016233460086, -26.765868319216167 ], [ -65.475948880823637, -26.765644385091889 ], [ -65.472411922768742, -26.750712328571808 ], [ -65.471862440841676, -26.7509418995744 ], [ -65.471848467812379, -26.750944182065723 ], [ -65.471104121374537, -26.750634455862382 ], [ -65.4705381445782, -26.75099123086062 ], [ -65.469691272477121, -26.750287648868948 ], [ -65.469638379421951, -26.750291831952438 ], [ -65.463301318248625, -26.743436790987346 ], [ -65.463328132015988, -26.743414537460751 ], [ -65.461575734102723, -26.719354555680866 ], [ -65.459852407546066, -26.714243388585373 ], [ -65.459441781683608, -26.713795864654799 ], [ -65.459497055032614, -26.713567777694664 ], [ -65.459496951868573, -26.713567525061706 ], [ -65.456182881951861, -26.712964480813127 ], [ -65.456050055741912, -26.70928186506444 ], [ -65.459139988179629, -26.706454099395785 ], [ -65.465901134190517, -26.691568715434357 ], [ -65.482252376249335, -26.683124549559295 ], [ -65.482252399734307, -26.683124539786036 ], [ -65.482318424771734, -26.683155000146144 ], [ -65.482324589270945, -26.683157392658813 ], [ -65.482326620244294, -26.683157571738775 ], [ -65.482328709515286, -26.683153191644863 ], [ -65.482319651333796, -26.68313736948005 ], [ -65.482294930834712, -26.683068403295749 ], [ -65.48229489814247, -26.683068371174045 ], [ -65.482253629444415, -26.683106893532852 ], [ -65.474385541436277, -26.672940061470513 ], [ -65.449606579626391, -26.678958150286519 ], [ -65.449553036628799, -26.678953028675721 ], [ -65.439883413950213, -26.676698811617541 ], [ -65.439145366577691, -26.673496732828141 ], [ -65.439594728376221, -26.672461584326356 ], [ -65.435830932607985, -26.672725197628324 ], [ -65.434788710939813, -26.67279677250616 ], [ -65.433778107012472, -26.672866176026332 ], [ -65.432345710680067, -26.672966430128156 ], [ -65.431306353718128, -26.673037852909715 ], [ -65.430296453245091, -26.673107251493207 ], [ -65.430264793669267, -26.673086421020514 ], [ -65.429882200546217, -26.671935391865418 ], [ -65.429878830401094, -26.671889674526767 ], [ -65.430115763255912, -26.670465753707219 ], [ -65.430121997860397, -26.6704179717957 ], [ -65.431658791863811, -26.670378390274891 ], [ -65.431746303510579, -26.667759139942632 ], [ -65.431748224137323, -26.667680579333592 ], [ -65.43592567263039, -26.667762220979569 ], [ -65.435877808860198, -26.666616472097303 ], [ -65.435873388562129, -26.666572373689519 ], [ -65.43577203448865, -26.665914496701362 ], [ -65.435758538188907, -26.665873515351677 ], [ -65.435724511979345, -26.665815258876364 ], [ -65.429585445111968, -26.653324743690746 ], [ -65.427576069267104, -26.647969832088108 ], [ -65.411190840445897, -26.638038260579947 ], [ -65.425471531603421, -26.620909623061664 ], [ -65.425620254444482, -26.620893779510368 ], [ -65.42702463569367, -26.619832808922922 ], [ -65.438666184485896, -26.611848467505013 ], [ -65.468605981885048, -26.611360384967156 ], [ -65.46993021686842, -26.606991893553413 ], [ -65.469923246470557, -26.606921873126623 ], [ -65.470229543341645, -26.605777493589358 ], [ -65.470649988293019, -26.605665986367399 ], [ -65.470660322680487, -26.605675281394554 ], [ -65.470815070072376, -26.605430073591265 ], [ -65.470828057838332, -26.605443085259708 ], [ -65.470911698901773, -26.60563924484012 ], [ -65.471618340660541, -26.605690812148566 ], [ -65.471621081685669, -26.605724816432314 ], [ -65.471634423037244, -26.605754585867601 ], [ -65.472941050431132, -26.604944747257719 ], [ -65.472952223833715, -26.604941537306672 ], [ -65.472968692641075, -26.60335935363787 ], [ -65.472963147814085, -26.603290566281373 ], [ -65.472589231345296, -26.599023327910345 ], [ -65.472594928598426, -26.599010046360718 ], [ -65.4725583220403, -26.598958015263918 ], [ -65.47217963352341, -26.598770825437896 ], [ -65.472133303616033, -26.598724410265731 ], [ -65.471878484255569, -26.597638342243556 ], [ -65.471974341190844, -26.584746400489678 ], [ -65.471608590722894, -26.582966214991472 ], [ -65.470649401608171, -26.581925683800591 ], [ -65.466693838030608, -26.583296640882054 ], [ -65.448063422232792, -26.572789320557035 ], [ -65.441436930026271, -26.568792358488508 ], [ -65.434894144961504, -26.562723729998368 ], [ -65.434842843605452, -26.562656185967228 ], [ -65.434377006250998, -26.562044520827612 ], [ -65.434644467951443, -26.560491240789418 ], [ -65.435560355102552, -26.559388429223361 ], [ -65.438042975988367, -26.5538160364041 ], [ -65.442711278199852, -26.510603167799331 ], [ -65.443291669983637, -26.508512187368751 ], [ -65.441346677660533, -26.491981340573943 ], [ -65.440364530137288, -26.481584691937258 ], [ -65.432851557295749, -26.475491341524958 ], [ -65.432828206487102, -26.47548433916387 ], [ -65.426881084846002, -26.479295473725756 ], [ -65.411959649062339, -26.470392440970727 ], [ -65.40219388166588, -26.464246932583819 ], [ -65.402171798866732, -26.464223181077898 ], [ -65.399752982283701, -26.462260360900871 ], [ -65.396232251662241, -26.459809291801719 ], [ -65.396199836488677, -26.459797571567151 ], [ -65.388887889029888, -26.453949761607134 ], [ -65.379564540328204, -26.452558774270813 ], [ -65.380724656528116, -26.418313539053031 ], [ -65.395718219053435, -26.409998012591018 ], [ -65.402996241803237, -26.406856340612194 ], [ -65.403927618967714, -26.406378553304194 ], [ -65.412521558583194, -26.402712294818286 ], [ -65.414958877557751, -26.401692482400222 ], [ -65.423071143658831, -26.407187267287441 ], [ -65.423075012448123, -26.40718596590682 ], [ -65.423633607535635, -26.407272432089201 ], [ -65.424977442966679, -26.406851003552504 ], [ -65.426620091237851, -26.405996385307105 ], [ -65.435569903539772, -26.396941062500048 ], [ -65.435747813420221, -26.396555788290073 ], [ -65.436124205306669, -26.396602646303563 ], [ -65.437905550098321, -26.396249219927824 ], [ -65.438732531237179, -26.396634907292366 ], [ -65.438757652165123, -26.396645073680475 ], [ -65.438885247869337, -26.396761314235846 ], [ -65.438927550885978, -26.396779450475037 ], [ -65.439010241347034, -26.396844851661115 ], [ -65.439055653215632, -26.39690236252045 ], [ -65.439119425660351, -26.396931208634214 ], [ -65.439320145504553, -26.39712128273311 ], [ -65.439469994888668, -26.397245313037331 ], [ -65.439633754195938, -26.397380864815148 ], [ -65.439785147907799, -26.397506182539075 ], [ -65.439949498644864, -26.397642216637905 ], [ -65.440161156173303, -26.397817409311699 ], [ -65.440396423162838, -26.398012143953281 ], [ -65.440659483242257, -26.398229883426097 ], [ -65.440955570551068, -26.398474960119813 ], [ -65.441508909652725, -26.398932967346184 ], [ -65.442055394531053, -26.399385301227028 ], [ -65.442037216722724, -26.399275999693771 ], [ -65.442030127164003, -26.399233345107689 ], [ -65.442848360538733, -26.398978032396542 ], [ -65.445249127108298, -26.398224984337674 ], [ -65.449331428768915, -26.395073797286386 ], [ -65.449371566391392, -26.395079003039029 ], [ -65.454148409465972, -26.391684172418763 ], [ -65.454930966363236, -26.391004659855128 ], [ -65.455003638933761, -26.391018378119327 ], [ -65.455192830532496, -26.391022700247674 ], [ -65.455135620250587, -26.391000223036485 ], [ -65.455135364091291, -26.390996251369643 ], [ -65.455123479898191, -26.39086195402939 ], [ -65.454784727467825, -26.390750782003579 ], [ -65.454742554400923, -26.390732947429342 ], [ -65.454726455966238, -26.390754077253689 ], [ -65.453872107286827, -26.390207612243557 ], [ -65.453991110160302, -26.389783874083093 ], [ -65.454650482180227, -26.390036644503596 ], [ -65.454271094982573, -26.389374674795135 ], [ -65.453220763841045, -26.388749415452708 ], [ -65.453219063621873, -26.388750989177936 ], [ -65.439099651423703, -26.379590795480226 ], [ -65.439067440750023, -26.379563963869884 ], [ -65.437078472676149, -26.38163446996748 ], [ -65.434996868144822, -26.381990742793278 ], [ -65.434932542431, -26.381977538383921 ], [ -65.432535195377682, -26.376978200657732 ], [ -65.431141511544638, -26.373819963657525 ], [ -65.425454415387492, -26.37395699599864 ], [ -65.420106957161579, -26.374208492323362 ], [ -65.418327483054156, -26.372540087276832 ], [ -65.414491147662829, -26.358758662408661 ], [ -65.387893975211909, -26.382268477613593 ], [ -65.387735428080362, -26.382349646416628 ], [ -65.376431579141638, -26.384396902095034 ], [ -65.374891049205132, -26.38379996850972 ], [ -65.374828653438101, -26.383799954410335 ], [ -65.369976827250241, -26.384756465345959 ], [ -65.361662036742928, -26.38236529766084 ], [ -65.36178708520174, -26.378173146123913 ], [ -65.302144923151616, -26.312726260364286 ], [ -65.301833985506391, -26.312198221645758 ], [ -65.301809891422351, -26.312180767502127 ], [ -65.301636798704124, -26.311721431795434 ], [ -65.30163692025809, -26.31171954574927 ], [ -65.301631868019911, -26.311713412868585 ], [ -65.301631988739985, -26.311711507378391 ], [ -65.301541755554354, -26.311565617291535 ], [ -65.301541908052798, -26.311563356524573 ], [ -65.301665443127774, -26.311501724694665 ], [ -65.301665575615118, -26.311499888944979 ], [ -65.3016479780336, -26.311462204331576 ], [ -65.301648124698829, -26.311460296872667 ], [ -65.301660295361899, -26.311456989199428 ], [ -65.301660426240574, -26.311455122915049 ], [ -65.301641238362379, -26.311413232114091 ], [ -65.301641361629549, -26.311411286974817 ], [ -65.30165523957146, -26.311408504978431 ], [ -65.301655362983126, -26.311406608963182 ], [ -65.301604967084813, -26.311288567961583 ], [ -65.301605111005358, -26.311286464993032 ], [ -65.301599262459433, -26.311274911201963 ], [ -65.301599404749595, -26.311272784406299 ], [ -65.301553406003279, -26.311165885625542 ], [ -65.302157916783756, -26.309844565749643 ], [ -65.302160898285024, -26.309842695280508 ], [ -65.303531399490851, -26.306295451995652 ], [ -65.330566720825118, -26.250087767876948 ], [ -65.330955323268597, -26.248078295608593 ], [ -65.330592036216956, -26.246077194255975 ], [ -65.330023667677608, -26.24610288409076 ], [ -65.330044051733125, -26.24603450636954 ], [ -65.32996996036951, -26.245960813334023 ], [ -65.3292860348879, -26.245502429009321 ], [ -65.329236082106888, -26.245488774478304 ], [ -65.328718262380676, -26.246478855673899 ], [ -65.322042752368077, -26.250130723460643 ], [ -65.319813468892391, -26.251309328273919 ], [ -65.31592565676425, -26.246573257380874 ], [ -65.311742833965639, -26.242544103253124 ], [ -65.305031655411256, -26.254155469622503 ], [ -65.304121496244022, -26.25424630847732 ], [ -65.304101258909213, -26.254261733815497 ], [ -65.299926187659139, -26.256008243600093 ], [ -65.29991833014077, -26.256005595342231 ], [ -65.299912490855604, -26.256016836401329 ], [ -65.295403767648565, -26.253236699784338 ], [ -65.294953792914896, -26.252008684616214 ], [ -65.29404695766118, -26.249498172464428 ], [ -65.29633801173145, -26.239664553226703 ], [ -65.297665784506762, -26.236315620653727 ], [ -65.300074587276981, -26.234839798594862 ], [ -65.301734425013478, -26.23385527831465 ], [ -65.296478195025429, -26.233360015910421 ], [ -65.293861724340331, -26.230732725852874 ], [ -65.293773059336615, -26.230341588010333 ], [ -65.29313129216365, -26.227330794577256 ], [ -65.292819897373306, -26.225006200020516 ], [ -65.292768982093662, -26.224583655469985 ], [ -65.292578429377386, -26.223500112952593 ], [ -65.290943735129872, -26.213873864998618 ], [ -65.287951793999127, -26.219478478329734 ], [ -65.287754026632001, -26.219606822400124 ], [ -65.285850493394605, -26.219218166784003 ], [ -65.283833845427466, -26.220633299835356 ], [ -65.283057048239755, -26.219220968740899 ], [ -65.281645282676834, -26.214813190820109 ], [ -65.283667022059547, -26.199618871434325 ], [ -65.287336048957059, -26.199492194701804 ], [ -65.287351716677165, -26.199461068665926 ], [ -65.2868329833899, -26.193943902043998 ], [ -65.286334336255038, -26.187538128251049 ], [ -65.286351593666893, -26.187467940569888 ], [ -65.285915011706948, -26.186186018378294 ], [ -65.285948647400403, -26.185615659407119 ], [ -65.285679814918012, -26.182362855768133 ], [ -65.282404600864254, -26.187416305255283 ], [ -65.282364880065074, -26.18745473434393 ], [ -65.278599567802928, -26.192777156248098 ], [ -65.278577186495511, -26.192788322394392 ], [ -65.279432153757568, -26.194828090337296 ], [ -65.269272659059425, -26.212221349628123 ], [ -65.26852674819321, -26.213550641601785 ], [ -65.268525573476438, -26.213551274660631 ], [ -65.268457974057242, -26.213634960816478 ] ] ] ] } }
]
}
