{
"type": "FeatureCollection",
"name": "Tiempos de viaje MDQ Mar del Plata",
"crs": { "type": "name", "properties": { "name": "urn:ogc:def:crs:OGC:1.3:CRS84" } },
"features": [
{ "type": "Feature", "properties": { "Name": "MDQ : 120 - 180", "FromBreak": 120.0, "ToBreak": 180.0, "IATA": "MDQ" }, "geometry": { "type": "MultiPolygon", "coordinates": [ [ [ [ -57.687577335587321, -35.934621479751456 ], [ -57.68589793402532, -35.936669341382071 ], [ -57.694964946704829, -35.935181951475158 ], [ -57.707603497509581, -35.933108671821969 ], [ -57.709613968334622, -35.957464226296338 ], [ -57.725518228625049, -35.972600726924895 ], [ -57.722036246055211, -35.984353675215857 ], [ -57.718504847491147, -35.990968876521492 ], [ -57.715126370914447, -35.996721715600415 ], [ -57.703048105487596, -36.015497861571475 ], [ -57.682441549885709, -36.003465220216242 ], [ -57.67851029160795, -36.006716292898432 ], [ -57.67957175010099, -36.008971229106407 ], [ -57.679140470512607, -36.010875217097407 ], [ -57.674173801785628, -36.015165405253072 ], [ -57.653518107782133, -36.015621177365404 ], [ -57.673421191626119, -36.016113102346253 ], [ -57.666805600298176, -36.021485736784825 ], [ -57.676959618469994, -36.026480479094459 ], [ -57.687072711791359, -36.022295056437088 ], [ -57.692983313050718, -36.046218546648618 ], [ -57.690853718173173, -36.05277628961619 ], [ -57.676005221724893, -36.069686459806633 ], [ -57.674274085154195, -36.068834917005915 ], [ -57.64355976749755, -36.078742895307187 ], [ -57.643495172607857, -36.078730559611984 ], [ -57.618639558935968, -36.063132857236383 ], [ -57.617174354969109, -36.062489746215419 ], [ -57.617029265249585, -36.062409957344528 ], [ -57.6169751265424, -36.062380601906625 ], [ -57.611249415716657, -36.062398044411395 ], [ -57.597412264303784, -36.066525336670225 ], [ -57.600122091364938, -36.01575012370256 ], [ -57.583584785656285, -36.009780975079821 ], [ -57.58354887322389, -36.009770468318038 ], [ -57.579557989587784, -36.009661431967515 ], [ -57.566439777146911, -35.961281960121596 ], [ -57.584106635530418, -35.961180802301612 ], [ -57.58631226780966, -35.957848377584014 ], [ -57.582833712636329, -35.958464274340656 ], [ -57.584167224670637, -35.956745141048827 ], [ -57.583664350722017, -35.95664546571993 ], [ -57.582730254109151, -35.956976261528723 ], [ -57.581690188319044, -35.957136900106264 ], [ -57.581433396706359, -35.95699878735013 ], [ -57.564719367131659, -35.958478125058093 ], [ -57.555174653665063, -35.959322917796442 ], [ -57.550624398946809, -35.959725652464442 ], [ -57.552940379561733, -35.94012918664373 ], [ -57.550474982011622, -35.936363304481461 ], [ -57.509768974536371, -35.912415980428705 ], [ -57.505861420610017, -35.905619820006279 ], [ -57.49682439470638, -35.889960550342494 ], [ -57.485887408613507, -35.825606812364924 ], [ -57.469082719830624, -35.827165817224511 ], [ -57.461758497785922, -35.82784529989982 ], [ -57.46198826325525, -35.814343496217418 ], [ -57.453862775870107, -35.809123999030248 ], [ -57.445980320985541, -35.815466465132261 ], [ -57.445917975475368, -35.815451364546334 ], [ -57.440971536311338, -35.810177560167858 ], [ -57.440913954832808, -35.810085197567446 ], [ -57.440860182361007, -35.810051113355996 ], [ -57.423209654315713, -35.787123963348165 ], [ -57.422682337688457, -35.785030510231195 ], [ -57.422675371989953, -35.784952685695202 ], [ -57.422915857154464, -35.783118065532108 ], [ -57.423804913136451, -35.783564981119696 ], [ -57.420374978379186, -35.779598980600383 ], [ -57.42078441924599, -35.780847047059922 ], [ -57.420746821099328, -35.780826477467826 ], [ -57.378984393452754, -35.741428233876718 ], [ -57.378947380207308, -35.741364248951015 ], [ -57.377325747012151, -35.739477521128151 ], [ -57.37569080311988, -35.73757530665705 ], [ -57.375643528847718, -35.737516260286668 ], [ -57.375409217420497, -35.72562042409379 ], [ -57.360858066867536, -35.713420424000049 ], [ -57.366679556574354, -35.726369094334075 ], [ -57.376083188381983, -35.746677661421302 ], [ -57.37669110200801, -35.805473114243341 ], [ -57.377685546999885, -35.808105468999884 ], [ -57.377197265999882, -35.809692382999913 ], [ -57.376743221934817, -35.810513986107594 ], [ -57.376787488312459, -35.814795287932213 ], [ -57.37750244099982, -35.817077636999898 ], [ -57.378112792999957, -35.820495604999905 ], [ -57.378112792999957, -35.822021483999947 ], [ -57.380310058999953, -35.824890136999898 ], [ -57.38140869099982, -35.826782226999967 ], [ -57.382507323999789, -35.82897949199986 ], [ -57.383605956999986, -35.829589843999827 ], [ -57.383911132999856, -35.831604003999871 ], [ -57.384277343999941, -35.833923339999899 ], [ -57.383178710999914, -35.83648681599982 ], [ -57.383178710999914, -35.839294433999953 ], [ -57.383789062999881, -35.847595214999842 ], [ -57.384399413999915, -35.854492187999938 ], [ -57.384704589999842, -35.858886718999941 ], [ -57.385986327999944, -35.863098144999867 ], [ -57.385009765999882, -35.865295409999874 ], [ -57.385009765999882, -35.870605468999827 ], [ -57.384704589999842, -35.872619628999871 ], [ -57.384704589999842, -35.875610351999967 ], [ -57.384582519999867, -35.880126952999831 ], [ -57.384704589999842, -35.882385253999985 ], [ -57.384704589999842, -35.886108397999919 ], [ -57.385192870999845, -35.891418456999816 ], [ -57.384887694999918, -35.89312744099982 ], [ -57.384399413999915, -35.898498534999874 ], [ -57.384216308999953, -35.901611327999944 ], [ -57.384582519999867, -35.9074096679999 ], [ -57.382629394999924, -35.9113159179999 ], [ -57.381225585999857, -35.921081542999843 ], [ -57.380004882999856, -35.924621581999929 ], [ -57.379882812999881, -35.92639160199991 ], [ -57.378112792999957, -35.928405761999841 ], [ -57.377197265999882, -35.930908202999888 ], [ -57.375610351999853, -35.936096190999876 ], [ -57.37469482399996, -35.941406249999943 ], [ -57.37359619099982, -35.948791503999928 ], [ -57.369201659999931, -35.950500487999932 ], [ -57.369628905999832, -35.954528808999896 ], [ -57.374511718999827, -35.959228515999826 ], [ -57.370483397999863, -35.971496581999872 ], [ -57.370422362999875, -35.973388671999942 ], [ -57.369506835999857, -35.976806640999939 ], [ -57.367614745999902, -35.978210448999846 ], [ -57.365905761999898, -35.982421874999943 ], [ -57.364501952999831, -35.984680175999927 ], [ -57.363403319999975, -35.986999511999898 ], [ -57.362609862999875, -35.989318847999868 ], [ -57.361511229999905, -35.992675780999889 ], [ -57.360778808999896, -35.995483397999919 ], [ -57.360778808999896, -35.996826171999828 ], [ -57.359497069999975, -35.999999999999886 ], [ -57.359374999999829, -36.000183104999849 ], [ -57.355529784999987, -36.009277343999827 ], [ -57.354614257999913, -36.00952148399989 ], [ -57.354309081999872, -36.009887694999975 ], [ -57.354980468999827, -36.01031494099982 ], [ -57.355712890999939, -36.010803222999868 ], [ -57.356079101999967, -36.010986327999831 ], [ -57.356079101999967, -36.011413573999846 ], [ -57.35522460899989, -36.011779784999874 ], [ -57.352905272999919, -36.014099120999902 ], [ -57.352905272999919, -36.015197753999871 ], [ -57.352294921999942, -36.016418456999872 ], [ -57.351623534999987, -36.016418456999872 ], [ -57.351196288999915, -36.017211913999972 ], [ -57.349975585999971, -36.018005370999902 ], [ -57.350219726999853, -36.018920897999976 ], [ -57.349487304999911, -36.020507812999938 ], [ -57.349487304999911, -36.020812987999875 ], [ -57.351684569999975, -36.020996093999827 ], [ -57.353393554999911, -36.020202636999898 ], [ -57.354492187999938, -36.020080565999933 ], [ -57.3546752929999, -36.020202636999898 ], [ -57.354309081999872, -36.0206909179999 ], [ -57.35211181599982, -36.022521972999868 ], [ -57.351196288999915, -36.024902343999827 ], [ -57.350891112999875, -36.026611327999831 ], [ -57.350891112999875, -36.02819824199986 ], [ -57.350219726999853, -36.028015136999898 ], [ -57.349304198999846, -36.028076171999885 ], [ -57.347595214999842, -36.027404784999931 ], [ -57.347106933999783, -36.027404784999931 ], [ -57.346679687999938, -36.027709960999857 ], [ -57.345397948999846, -36.027709960999857 ], [ -57.34350585899989, -36.029418944999861 ], [ -57.342712401999961, -36.032287597999982 ], [ -57.341796874999886, -36.033386229999849 ], [ -57.341308593999884, -36.034179687999881 ], [ -57.340209960999857, -36.036376952999944 ], [ -57.33959960899989, -36.038696288999915 ], [ -57.338684081999986, -36.039428710999857 ], [ -57.338684081999986, -36.040100097999982 ], [ -57.339477538999915, -36.04071044899996 ], [ -57.339782714999842, -36.041687011999841 ], [ -57.339782714999842, -36.042602538999915 ], [ -57.339904784999931, -36.043029784999817 ], [ -57.338684081999986, -36.041809081999816 ], [ -57.336975097999982, -36.042114257999856 ], [ -57.335998534999931, -36.043395995999845 ], [ -57.335510253999928, -36.044677733999833 ], [ -57.335205077999831, -36.045715331999816 ], [ -57.335205077999831, -36.048706054999911 ], [ -57.334899901999961, -36.050292968999941 ], [ -57.334411620999902, -36.047302245999845 ], [ -57.333618163999802, -36.044677733999833 ], [ -57.333618163999802, -36.043212890999882 ], [ -57.332275390999882, -36.04382324199986 ], [ -57.331909179999798, -36.045593261999841 ], [ -57.330505370999902, -36.048278808999896 ], [ -57.328796386999898, -36.053588866999974 ], [ -57.328613280999832, -36.054504394999867 ], [ -57.32897949199986, -36.055480956999929 ], [ -57.329284667999957, -36.055908202999944 ], [ -57.328491210999857, -36.055908202999944 ], [ -57.325683593999827, -36.058593749999829 ], [ -57.325012206999872, -36.059875487999818 ], [ -57.324890136999898, -36.060913085999971 ], [ -57.324096679999968, -36.059692382999856 ], [ -57.323303222999868, -36.059997558999896 ], [ -57.322692870999902, -36.060913085999971 ], [ -57.322204589999899, -36.06140136699986 ], [ -57.320678710999857, -36.063598632999856 ], [ -57.319885253999871, -36.064208983999833 ], [ -57.318908690999876, -36.065429687999938 ], [ -57.320678710999857, -36.064880370999958 ], [ -57.319580077999831, -36.0656127929999 ], [ -57.319213866999917, -36.066284179999855 ], [ -57.318725585999914, -36.067504882999856 ], [ -57.318115233999947, -36.069274901999847 ], [ -57.318176269999867, -36.069824218999827 ], [ -57.318603515999939, -36.070983886999954 ], [ -57.318481444999804, -36.071594237999818 ], [ -57.317993163999972, -36.071289062999881 ], [ -57.316711425999813, -36.071228026999904 ], [ -57.315002440999876, -36.074279784999817 ], [ -57.314392089999842, -36.074890136999841 ], [ -57.314025878999985, -36.075317382999856 ], [ -57.313476562999767, -36.075805663999859 ], [ -57.312683104999905, -36.076599120999845 ], [ -57.312377929999968, -36.078308104999849 ], [ -57.312011718999884, -36.078613280999889 ], [ -57.311584472999868, -36.077697753999985 ], [ -57.311096190999876, -36.078491210999914 ], [ -57.310302733999947, -36.078918456999816 ], [ -57.308776854999905, -36.082885741999974 ], [ -57.308776854999905, -36.083679198999903 ], [ -57.309082030999946, -36.083923339999956 ], [ -57.307495116999917, -36.085510253999985 ], [ -57.307495116999917, -36.086608886999841 ], [ -57.306579589999842, -36.087585448999903 ], [ -57.305480956999872, -36.088623046999885 ], [ -57.304687499999886, -36.089477538999972 ], [ -57.304626464999899, -36.090515136999841 ], [ -57.304199218999884, -36.092224120999845 ], [ -57.304199218999884, -36.093811034999874 ], [ -57.303405761999954, -36.094787597999925 ], [ -57.303710937999881, -36.095581054999855 ], [ -57.304504394999924, -36.096679687999824 ], [ -57.305419921999885, -36.09680175799997 ], [ -57.305725097999925, -36.097290038999859 ], [ -57.305603026999847, -36.098205565999933 ], [ -57.305419921999885, -36.098510741999974 ], [ -57.305419921999885, -36.098999022999863 ], [ -57.305725097999925, -36.099487304999855 ], [ -57.306213378999928, -36.099792479999962 ], [ -57.307800292999843, -36.101806640999826 ], [ -57.307678222999868, -36.103088378999928 ], [ -57.30529785199991, -36.100402831999929 ], [ -57.304382323999846, -36.099426269999867 ], [ -57.30328369099982, -36.098510741999974 ], [ -57.30249023399989, -36.098388671999828 ], [ -57.30249023399989, -36.096984862999932 ], [ -57.302001952999888, -36.096374511999954 ], [ -57.300720214999899, -36.096496581999929 ], [ -57.299621581999929, -36.097412108999833 ], [ -57.299011229999962, -36.097900390999826 ], [ -57.29858398399989, -36.098327636999841 ], [ -57.298217772999863, -36.098693847999925 ], [ -57.297485351999853, -36.099304198999903 ], [ -57.296874999999886, -36.099792479999962 ], [ -57.296203612999932, -36.101379394999924 ], [ -57.296203612999932, -36.10070800799997 ], [ -57.295593261999954, -36.100280761999954 ], [ -57.294189452999888, -36.100585937999824 ], [ -57.293212890999826, -36.102600097999925 ], [ -57.293029784999874, -36.103210448999903 ], [ -57.293212890999826, -36.103881835999857 ], [ -57.293701171999828, -36.104003905999832 ], [ -57.293395995999958, -36.104309081999929 ], [ -57.292785644999924, -36.104797362999932 ], [ -57.292297362999932, -36.106994628999928 ], [ -57.290893554999855, -36.108398437999881 ], [ -57.290588378999928, -36.109374999999886 ], [ -57.290100097999925, -36.110595702999888 ], [ -57.289489745999902, -36.111694335999914 ], [ -57.289184569999861, -36.112304687999881 ], [ -57.288879394999924, -36.112976073999846 ], [ -57.287780761999898, -36.114074706999872 ], [ -57.286621093999941, -36.115417479999962 ], [ -57.286193847999868, -36.117004394999981 ], [ -57.284606933999839, -36.119323729999962 ], [ -57.28381347699991, -36.120483397999976 ], [ -57.283081054999798, -36.121582030999946 ], [ -57.282592772999976, -36.122375487999875 ], [ -57.282104491999974, -36.123229979999962 ], [ -57.281677245999902, -36.124023437999881 ], [ -57.281188964999899, -36.124816894999981 ], [ -57.280883788999972, -36.125793456999872 ], [ -57.280883788999972, -36.127014159999874 ], [ -57.281311034999874, -36.127197265999939 ], [ -57.283081054999798, -36.127807616999917 ], [ -57.282104491999974, -36.127807616999917 ], [ -57.281616210999914, -36.128295897999976 ], [ -57.281188964999899, -36.128479003999928 ], [ -57.280578612999932, -36.130493163999972 ], [ -57.280883788999972, -36.131774901999961 ], [ -57.280883788999972, -36.133178710999857 ], [ -57.280700683999839, -36.134277343999827 ], [ -57.280822753999985, -36.134887694999861 ], [ -57.281799315999876, -36.135498046999828 ], [ -57.283996581999872, -36.135009765999939 ], [ -57.286010741999974, -36.134399413999972 ], [ -57.288513183999896, -36.134582519999924 ], [ -57.290588378999928, -36.135192870999902 ], [ -57.291809081999929, -36.137207030999832 ], [ -57.291331246999846, -36.137919317999888 ], [ -57.290707755999847, -36.13743970999991 ], [ -57.289611815999876, -36.136596679999968 ], [ -57.286804198999903, -36.135803222999868 ], [ -57.284118651999847, -36.136779784999931 ], [ -57.282104491999974, -36.137207030999832 ], [ -57.281677245999902, -36.137390136999898 ], [ -57.280578612999932, -36.137512206999872 ], [ -57.279724120999845, -36.137512206999872 ], [ -57.279113769999981, -36.138000487999932 ], [ -57.277404784999874, -36.138305663999972 ], [ -57.27648925799997, -36.137390136999898 ], [ -57.273010253999985, -36.136108397999976 ], [ -57.270996093999884, -36.137084960999857 ], [ -57.272277831999872, -36.136108397999976 ], [ -57.272827147999863, -36.135498046999828 ], [ -57.272705077999888, -36.135192870999902 ], [ -57.270812987999818, -36.134887694999861 ], [ -57.269592284999817, -36.135681151999961 ], [ -57.26818847699991, -36.136596679999968 ], [ -57.267822265999826, -36.137084960999857 ], [ -57.266113280999889, -36.138610839999899 ], [ -57.265380858999947, -36.139282226999853 ], [ -57.264709472999925, -36.139892577999831 ], [ -57.264099120999958, -36.140502929999855 ], [ -57.263610839999956, -36.141113280999832 ], [ -57.262390136999954, -36.142517089999899 ], [ -57.261474608999947, -36.143493651999961 ], [ -57.26037597699991, -36.145507812999824 ], [ -57.260009765999826, -36.145996093999884 ], [ -57.258789062999881, -36.147094726999853 ], [ -57.258117675999927, -36.148010253999928 ], [ -57.257507323999903, -36.14898681599982 ], [ -57.2570190429999, -36.150329589999899 ], [ -57.2570190429999, -36.150878905999946 ], [ -57.256408690999933, -36.150390624999886 ], [ -57.255981444999861, -36.150390624999886 ], [ -57.255187987999818, -36.151306151999961 ], [ -57.254516601999967, -36.152221679999855 ], [ -57.253601073999903, -36.153503417999957 ], [ -57.253417968999827, -36.154174804999911 ], [ -57.2531127929999, -36.154724120999958 ], [ -57.252929687999938, -36.155395507999913 ], [ -57.252990722999925, -36.157592772999919 ], [ -57.253295897999863, -36.159301757999913 ], [ -57.253295897999863, -36.160583495999902 ], [ -57.252624511999841, -36.159118651999847 ], [ -57.252502440999933, -36.158203124999886 ], [ -57.251892089999899, -36.157775878999871 ], [ -57.251281737999761, -36.156311034999817 ], [ -57.250610351999967, -36.156494140999882 ], [ -57.248779296999828, -36.158325194999861 ], [ -57.248229979999849, -36.158874511999898 ], [ -57.247802733999833, -36.159179687999938 ], [ -57.24719238299997, -36.159790038999915 ], [ -57.246887206999929, -36.15991210899989 ], [ -57.246582030999832, -36.160217284999817 ], [ -57.246093749999829, -36.160827636999954 ], [ -57.245605468999941, -36.161193847999868 ], [ -57.244812011999841, -36.161926269999981 ], [ -57.243896483999833, -36.16271972699991 ], [ -57.243408202999944, -36.164184569999975 ], [ -57.243103026999904, -36.164489745999902 ], [ -57.242309569999918, -36.165710448999846 ], [ -57.241882323999903, -36.166198729999905 ], [ -57.241210937999938, -36.166809081999872 ], [ -57.240783690999876, -36.167480468999827 ], [ -57.240295409999874, -36.168579101999967 ], [ -57.240112304999911, -36.169189452999831 ], [ -57.240112304999911, -36.169799804999968 ], [ -57.239196776999847, -36.169311522999976 ], [ -57.238403319999918, -36.169921874999943 ], [ -57.237792968999941, -36.170410155999946 ], [ -57.236999511999841, -36.170898437999824 ], [ -57.236206054999911, -36.171386718999827 ], [ -57.235290526999847, -36.172180175999927 ], [ -57.233093261999841, -36.174011229999905 ], [ -57.232299804999911, -36.175109862999875 ], [ -57.232177733999947, -36.176086425999927 ], [ -57.232910155999889, -36.177307128999928 ], [ -57.232910155999889, -36.177917479999905 ], [ -57.234497069999918, -36.180480956999816 ], [ -57.23492431599982, -36.181518554999968 ], [ -57.235595702999944, -36.182312011999898 ], [ -57.236206054999911, -36.183410644999924 ], [ -57.235629486999983, -36.184165984999822 ], [ -57.233276366999974, -36.182312011999898 ], [ -57.230712890999882, -36.180908202999831 ], [ -57.229309081999986, -36.180175780999889 ], [ -57.22711181599982, -36.179992675999927 ], [ -57.226379394999981, -36.180419921999828 ], [ -57.225708007999856, -36.181091308999953 ], [ -57.224914550999927, -36.181701659999931 ], [ -57.22430419899996, -36.18218994099982 ], [ -57.223083495999845, -36.18328857399996 ], [ -57.222229003999871, -36.184082030999889 ], [ -57.221618651999904, -36.184509276999961 ], [ -57.221191405999889, -36.184997558999953 ], [ -57.220581054999855, -36.185791015999882 ], [ -57.219787597999925, -36.186706542999957 ], [ -57.21960449199986, -36.187499999999886 ], [ -57.219482421999885, -36.188293456999816 ], [ -57.21960449199986, -36.189575194999918 ], [ -57.220275878999985, -36.191284179999911 ], [ -57.218505858999833, -36.190795897999919 ], [ -57.217590331999929, -36.189819335999857 ], [ -57.217590331999929, -36.188598632999856 ], [ -57.216186522999863, -36.189086913999915 ], [ -57.214782714999956, -36.190612792999957 ], [ -57.213806151999904, -36.191589354999849 ], [ -57.213500976999967, -36.192016601999853 ], [ -57.212707519999867, -36.192810058999953 ], [ -57.211975097999925, -36.193725585999857 ], [ -57.211486815999933, -36.194274901999904 ], [ -57.210510253999871, -36.195007323999846 ], [ -57.209777831999929, -36.195678710999971 ], [ -57.209106444999975, -36.196228026999961 ], [ -57.208496093999827, -36.196716308999953 ], [ -57.207397460999971, -36.197509765999882 ], [ -57.206909179999911, -36.198181151999904 ], [ -57.206669090999924, -36.198421240999892 ], [ -57.20622485899986, -36.198865472999955 ], [ -57.206176757999856, -36.198913573999846 ], [ -57.205810546999942, -36.199523925999983 ], [ -57.205200194999975, -36.200012206999986 ], [ -57.204711913999802, -36.200622558999953 ], [ -57.2042846679999, -36.201110840000013 ], [ -57.203796386999841, -36.201599121000015 ], [ -57.203308105000019, -36.202209472999982 ], [ -57.202880859, -36.202697753999871 ], [ -57.203186034999874, -36.203308105000019 ], [ -57.203002929999911, -36.203796387000011 ], [ -57.202819824000017, -36.203124999999886 ], [ -57.201782226999967, -36.203002929999911 ], [ -57.200805663999745, -36.203613280999946 ], [ -57.200012206999986, -36.204223632999913 ], [ -57.198486327999944, -36.205322265999882 ], [ -57.197692871000015, -36.205993651999904 ], [ -57.197204590000013, -36.206481933999896 ], [ -57.196777343999941, -36.206787109 ], [ -57.196777343999941, -36.207397460999971 ], [ -57.196594237999875, -36.207702636999898 ], [ -57.195678710999971, -36.208007812999938 ], [ -57.194824218999884, -36.208801269999867 ], [ -57.193908691, -36.209594726999967 ], [ -57.193420409999931, -36.210205077999831 ], [ -57.192810058999953, -36.210693359 ], [ -57.192321776999961, -36.211181641 ], [ -57.192016602000024, -36.211486815999933 ], [ -57.191223144999924, -36.212280272999863 ], [ -57.19030761699986, -36.213012694999975 ], [ -57.188293456999986, -36.214599609 ], [ -57.186584472999982, -36.215576171999885 ], [ -57.185485839999785, -36.216308594 ], [ -57.184997558999953, -36.216796875 ], [ -57.183593749999886, -36.217712401999904 ], [ -57.182678222999982, -36.218383788999859 ], [ -57.180480956999986, -36.220275878999985 ], [ -57.179199219, -36.221801758000026 ], [ -57.178527831999872, -36.222900390999882 ], [ -57.178710938, -36.223693847999812 ], [ -57.179992675999927, -36.224975585999914 ], [ -57.180908203, -36.22631835899989 ], [ -57.17858886699986, -36.224975585999914 ], [ -57.177124022999976, -36.224487304999911 ], [ -57.176391601999967, -36.224487304999911 ], [ -57.175109862999875, -36.225280761999841 ], [ -57.17468261699986, -36.225585937999881 ], [ -57.173706054999968, -36.226379394999981 ], [ -57.172912597999868, -36.226806640999882 ], [ -57.171874999999829, -36.227478027000018 ], [ -57.171203612999875, -36.22821044899996 ], [ -57.1702880859998, -36.228881835999914 ], [ -57.169189453, -36.229919433999953 ], [ -57.167907715000013, -36.23101806599982 ], [ -57.166381835999971, -36.232727050999927 ], [ -57.166381835999971, -36.234375 ], [ -57.165710449000017, -36.234313964999956 ], [ -57.165710449000017, -36.233398437999881 ], [ -57.165222168000014, -36.233276366999974 ], [ -57.164428710999914, -36.233703612999989 ], [ -57.163391112999875, -36.234191894999981 ], [ -57.162475585999971, -36.234924316 ], [ -57.161926269999981, -36.235412597999982 ], [ -57.161010741999917, -36.236083983999947 ], [ -57.160705565999876, -36.236328124999886 ], [ -57.160217284999987, -36.236816405999889 ], [ -57.158874511999898, -36.237609862999989 ], [ -57.158081054999911, -36.238403319999804 ], [ -57.157592772999806, -36.238708496000015 ], [ -57.156677245999845, -36.23937988299997 ], [ -57.155517577999888, -36.240295409999874 ], [ -57.154479980000019, -36.241027831999986 ], [ -57.15411376999981, -36.2413940429999 ], [ -57.152709961000028, -36.242675781 ], [ -57.151977538999745, -36.24328613299997 ], [ -57.150390624999886, -36.244628905999946 ], [ -57.149414063, -36.2453002929999 ], [ -57.148498534999987, -36.246093749999829 ], [ -57.147827147999863, -36.246826171999942 ], [ -57.146423339999899, -36.248229980000019 ], [ -57.145080566, -36.249511718999941 ], [ -57.143920897999863, -36.250793456999929 ], [ -57.143798827999888, -36.251586913999859 ], [ -57.143310547, -36.251708984 ], [ -57.143310547, -36.25109863299997 ], [ -57.142211913999859, -36.252075194999861 ], [ -57.140808104999905, -36.2531127929999 ], [ -57.139526366999974, -36.254394531 ], [ -57.138793944999861, -36.254882812999881 ], [ -57.137084961000028, -36.257080077999888 ], [ -57.136291503999928, -36.258605956999929 ], [ -57.137084961000028, -36.260009766 ], [ -57.137878417999957, -36.260803222999925 ], [ -57.137878417999957, -36.261291503999814 ], [ -57.137512206999872, -36.26141357399996 ], [ -57.136291503999928, -36.260498046999885 ], [ -57.134399413999972, -36.26037597699991 ], [ -57.132690429999968, -36.260192870999958 ], [ -57.130187987999932, -36.260803222999925 ], [ -57.128784179999968, -36.262084960999914 ], [ -57.12951660199991, -36.262878417999843 ], [ -57.12921142599987, -36.26428222699991 ], [ -57.128906249999943, -36.265014647999863 ], [ -57.128417968999941, -36.26531982399996 ], [ -57.129394530999946, -36.265808104999962 ], [ -57.129394530999946, -36.266784668000014 ], [ -57.12951660199991, -36.267028808999896 ], [ -57.129028319999918, -36.269775390999939 ], [ -57.12921142599987, -36.270507812999881 ], [ -57.130615233999947, -36.270996093999884 ], [ -57.131713866999974, -36.271911620999845 ], [ -57.131896972999868, -36.27288818400001 ], [ -57.132507323999903, -36.274597168000014 ], [ -57.131591797, -36.277526854999849 ], [ -57.131103515999939, -36.278503418000014 ], [ -57.129699706999872, -36.280090331999872 ], [ -57.13031005900001, -36.278686522999976 ], [ -57.130920409999874, -36.276428222999812 ], [ -57.131408690999876, -36.274902343999941 ], [ -57.130981444999861, -36.273315429999911 ], [ -57.13000488299997, -36.271606444999918 ], [ -57.128784179999968, -36.271911620999845 ], [ -57.126892089999899, -36.270996093999884 ], [ -57.12640380900001, -36.269897460999914 ], [ -57.126281737999875, -36.269104003999985 ], [ -57.125488280999832, -36.268615722999812 ], [ -57.124877929999968, -36.268798827999888 ], [ -57.124694823999846, -36.269775390999939 ], [ -57.122802733999947, -36.269897460999914 ], [ -57.121582030999775, -36.268920897999863 ], [ -57.119995116999746, -36.269409180000025 ], [ -57.119384765999939, -36.269897460999914 ], [ -57.118713378999985, -36.270507812999881 ], [ -57.11779785199991, -36.270690918000014 ], [ -57.116394043000014, -36.270812987999989 ], [ -57.115783690999876, -36.272399902000018 ], [ -57.115112305000025, -36.273620604999849 ], [ -57.11468505900001, -36.273803710999914 ], [ -57.115905761999954, -36.274108886999841 ], [ -57.116210937999881, -36.274719237999989 ], [ -57.11468505900001, -36.277893065999876 ], [ -57.11468505900001, -36.279296874999943 ], [ -57.115905761999954, -36.281494140999939 ], [ -57.118103027000018, -36.28460693400001 ], [ -57.122680663999972, -36.29211425799997 ], [ -57.114196776999961, -36.280822753999985 ], [ -57.112976074000017, -36.279479979999905 ], [ -57.112976074000017, -36.280578612999932 ], [ -57.113281249999943, -36.281494140999939 ], [ -57.110107421999885, -36.279724120999845 ], [ -57.108703612999818, -36.278076171999828 ], [ -57.108886718999884, -36.27679443400001 ], [ -57.108581542999843, -36.276184081999872 ], [ -57.10717773399989, -36.278015136999841 ], [ -57.105102538999859, -36.278320312999881 ], [ -57.103210448999903, -36.27960205099987 ], [ -57.101806641, -36.280822753999985 ], [ -57.100280761999954, -36.281616210999914 ], [ -57.099121093999941, -36.282287597999868 ], [ -57.097900391, -36.283203124999943 ], [ -57.097717284999874, -36.28430175799997 ], [ -57.097229003999871, -36.284912108999947 ], [ -57.09600830099987, -36.284118652000018 ], [ -57.095214843999941, -36.284423827999944 ], [ -57.094482422, -36.284912108999947 ], [ -57.094116210999914, -36.285583495999902 ], [ -57.093811034999874, -36.285888672 ], [ -57.093383788999859, -36.286682128999928 ], [ -57.093322753999871, -36.287109374999829 ], [ -57.093200683999896, -36.288085938 ], [ -57.092590331999872, -36.28741455099987 ], [ -57.09289550799997, -36.286193847999868 ], [ -57.092529296999885, -36.286010741999974 ], [ -57.090087890999826, -36.286621093999941 ], [ -57.089294433999839, -36.287109374999829 ], [ -57.087219237999989, -36.288696288999859 ], [ -57.083984374999943, -36.290710448999903 ], [ -57.082580565999876, -36.291503906 ], [ -57.081115722999982, -36.292297362999932 ], [ -57.078979491999917, -36.293518065999933 ], [ -57.077697753999985, -36.2941284179999 ], [ -57.073608397999863, -36.295776366999917 ], [ -57.072692870999788, -36.296203612999932 ], [ -57.072387694999918, -36.296691894999924 ], [ -57.070983886999784, -36.297424315999933 ], [ -57.070129394999867, -36.297119141 ], [ -57.070129394999867, -36.297607422 ], [ -57.06921386699986, -36.297790526999961 ], [ -57.068725585999971, -36.298400878999928 ], [ -57.067382812999881, -36.298889159999987 ], [ -57.066711425999927, -36.298706055000025 ], [ -57.066711425999927, -36.299194336000028 ], [ -57.066589354999962, -36.299499511999954 ], [ -57.065979003999985, -36.299194336000028 ], [ -57.0656127929999, -36.299194336000028 ], [ -57.065490722999925, -36.299621581999929 ], [ -57.065490722999925, -36.300109862999932 ], [ -57.06530761699986, -36.300720214999899 ], [ -57.063903808999896, -36.301025391 ], [ -57.063903808999896, -36.301391602000024 ], [ -57.063781737999932, -36.301574706999986 ], [ -57.064025878999871, -36.30249023399989 ], [ -57.064025878999871, -36.303283691 ], [ -57.064514159999931, -36.304077147999806 ], [ -57.064819335999971, -36.304992675999983 ], [ -57.0656127929999, -36.305725097999925 ], [ -57.06610107399996, -36.306213378999814 ], [ -57.065917969, -36.307312011999954 ], [ -57.064575194999918, -36.307678222999868 ], [ -57.064392089999956, -36.308288574000017 ], [ -57.064208984, -36.308593749999943 ], [ -57.064208984, -36.309509276999847 ], [ -57.063781737999932, -36.308593749999943 ], [ -57.064208984, -36.307495116999917 ], [ -57.065185546999885, -36.306579590000013 ], [ -57.063781737999932, -36.30639648399989 ], [ -57.063293456999929, -36.305908202999888 ], [ -57.061828612999875, -36.304992675999983 ], [ -57.061218261999898, -36.304809569999861 ], [ -57.061218261999898, -36.304016112999818 ], [ -57.059326171999942, -36.303405761999954 ], [ -57.057617187999938, -36.304016112999818 ], [ -57.057189940999933, -36.304687499999886 ], [ -57.055908202999774, -36.304809569999861 ], [ -57.054809569999975, -36.305480956999872 ], [ -57.053283690999933, -36.306518555000025 ], [ -57.052307128999871, -36.307312011999954 ], [ -57.051818847999982, -36.307800292999843 ], [ -57.051818847999982, -36.30841064499981 ], [ -57.051391601999967, -36.308776854999905 ], [ -57.050903319999975, -36.30841064499981 ], [ -57.049682616999974, -36.30841064499981 ], [ -57.049377440999933, -36.308105468999884 ], [ -57.049316405999946, -36.307678222999868 ], [ -57.048400878999871, -36.307678222999868 ], [ -57.047790526999904, -36.308105468999884 ], [ -57.047912597999982, -36.308715819999918 ], [ -57.04718017599987, -36.309020995999958 ], [ -57.046386718999941, -36.309814452999888 ], [ -57.045227050999927, -36.309997558999839 ], [ -57.044128417999957, -36.310485840000013 ], [ -57.043212890999882, -36.310607909999987 ], [ -57.042785644999867, -36.311096190999876 ], [ -57.042602538999915, -36.311523437999881 ], [ -57.041076659999874, -36.311584472999868 ], [ -57.039611816, -36.312805175999983 ], [ -57.039184569999748, -36.313598632999913 ], [ -57.037719727000024, -36.313598632999913 ], [ -57.036987304999911, -36.314086913999972 ], [ -57.036193847999982, -36.314392090000013 ], [ -57.034301758000026, -36.315612793000014 ], [ -57.034423828, -36.316406249999943 ], [ -57.034790038999915, -36.316894530999946 ], [ -57.034790038999915, -36.317382812999824 ], [ -57.033691405999889, -36.316528319999918 ], [ -57.03289794899996, -36.316406249999943 ], [ -57.030395508000026, -36.317382812999824 ], [ -57.029296874999886, -36.31781005900001 ], [ -57.02819824199986, -36.318298340000013 ], [ -57.026916503999871, -36.318908690999876 ], [ -57.025695800999927, -36.319580078 ], [ -57.022583008000026, -36.320800780999832 ], [ -57.021423340000013, -36.321594237999875 ], [ -57.02117919899996, -36.321899413999972 ], [ -57.020202636999898, -36.322082519999924 ], [ -57.019104003999871, -36.322692870999902 ], [ -57.017395019999867, -36.323181151999904 ], [ -57.016601562999938, -36.323791503999928 ], [ -57.015625, -36.32452392599987 ], [ -57.015808104999905, -36.325500487999932 ], [ -57.015380859, -36.326110839999899 ], [ -57.015380859, -36.326721190999876 ], [ -57.022216796999771, -36.326721190999876 ], [ -57.022827147999976, -36.327514647999976 ], [ -57.023010253999871, -36.328918456999872 ], [ -57.026611328, -36.333923339999899 ], [ -57.023925780999775, -36.331115722999868 ], [ -57.022399901999904, -36.329406737999932 ], [ -57.021911620999902, -36.327697753999928 ], [ -57.018676758000026, -36.327575683999953 ], [ -57.018310546999942, -36.32788085899989 ], [ -57.018127440999876, -36.328613280999832 ], [ -57.018676758000026, -36.329406737999932 ], [ -57.019287109, -36.329895019999924 ], [ -57.020080565999933, -36.330383300999927 ], [ -57.02038574199986, -36.330810547 ], [ -57.02038574199986, -36.331481933999953 ], [ -57.020019530999946, -36.331420897999976 ], [ -57.019104003999871, -36.330627440999876 ], [ -57.018493651999904, -36.330993651999961 ], [ -57.018188476999967, -36.33178710899989 ], [ -57.018005370999902, -36.33288574199986 ], [ -57.018005370999902, -36.333618163999972 ], [ -57.018798828, -36.335510253999928 ], [ -57.019409179999968, -36.337829589999899 ], [ -57.019104003999871, -36.338806151999961 ], [ -57.018676758000026, -36.339294433999953 ], [ -57.018127440999876, -36.339477538999915 ], [ -57.018191607999881, -36.338964201999886 ], [ -57.018310546999942, -36.338012694999861 ], [ -57.018310546999942, -36.336120604999905 ], [ -57.016906737999875, -36.333923339999899 ], [ -57.016906737999875, -36.329895019999924 ], [ -57.014099120999902, -36.328613280999832 ], [ -57.011901854999849, -36.327392578 ], [ -57.010192870999845, -36.326110839999899 ], [ -57.008483886999841, -36.326110839999899 ], [ -57.007324218999884, -36.326477050999927 ], [ -57.005310058999783, -36.326904296999828 ], [ -57.003112792999957, -36.327697753999928 ], [ -57.001586913999915, -36.328002929999968 ], [ -57.001586913999915, -36.328613280999832 ], [ -57.002197265999882, -36.329284667999957 ], [ -57.002197265999882, -36.330200194999861 ], [ -57.001892090000013, -36.331604003999928 ], [ -57.001403808999953, -36.330200194999861 ], [ -57.001281737999875, -36.329406737999932 ], [ -57.000488280999946, -36.32897949199986 ], [ -56.999877929999911, -36.328186034999931 ], [ -56.995422362999932, -36.328186034999931 ], [ -56.994506836000028, -36.328002929999968 ], [ -56.993408202999831, -36.328491210999857 ], [ -56.992797852000024, -36.329101563 ], [ -56.991821288999802, -36.329284667999957 ], [ -56.991210938, -36.329589844 ], [ -56.991210938, -36.330627440999876 ], [ -56.991699218999827, -36.33178710899989 ], [ -56.99029540999976, -36.331604003999928 ], [ -56.989074706999986, -36.330383300999927 ], [ -56.988098144999924, -36.329589844 ], [ -56.986877441, -36.329406737999932 ], [ -56.985778808999953, -36.329589844 ], [ -56.984680175999927, -36.329711913999972 ], [ -56.983581542999957, -36.330078124999886 ], [ -56.982788085999971, -36.330078124999886 ], [ -56.981384276999904, -36.330627440999876 ], [ -56.980285644999924, -36.330810547 ], [ -56.979187011999898, -36.331604003999928 ], [ -56.979003905999832, -36.333618163999972 ], [ -56.978210448999846, -36.333190917999957 ], [ -56.977722168000014, -36.332824706999872 ], [ -56.977478026999904, -36.33178710899989 ], [ -56.975708007999913, -36.331481933999953 ], [ -56.974182128999871, -36.331604003999928 ], [ -56.97210693400001, -36.331909179999968 ], [ -56.971679687999767, -36.332519531 ], [ -56.97131347699991, -36.332824706999872 ], [ -56.971008300999983, -36.333312987999932 ], [ -56.971496581999872, -36.334289550999813 ], [ -56.971496581999872, -36.334899901999961 ], [ -56.971374511999898, -36.336120604999905 ], [ -56.969909668000014, -36.334411620999902 ], [ -56.969482421999942, -36.334106444999861 ], [ -56.969116210999914, -36.333190917999957 ], [ -56.966674804999968, -36.332702636999898 ], [ -56.965576171999942, -36.332275390999882 ], [ -56.96459960899989, -36.332519531 ], [ -56.963806151999847, -36.332580566 ], [ -56.96350097699991, -36.33288574199986 ], [ -56.962280272999806, -36.33288574199986 ], [ -56.960021972999925, -36.33288574199986 ], [ -56.957702636999954, -36.33288574199986 ], [ -56.955200194999861, -36.332702636999898 ], [ -56.953186034999987, -36.333618163999972 ], [ -56.952575683999953, -36.333923339999899 ], [ -56.952087401999961, -36.334411620999902 ], [ -56.952819823999903, -36.335083008000026 ], [ -56.953186034999987, -36.335876464999842 ], [ -56.953002930000025, -36.337097167999957 ], [ -56.952697753999928, -36.336914063 ], [ -56.952026366999974, -36.335815429999855 ], [ -56.951110839999899, -36.335205078 ], [ -56.950805663999859, -36.334106444999861 ], [ -56.950500487999932, -36.333312987999932 ], [ -56.947875977000024, -36.333312987999932 ], [ -56.94641113299997, -36.333190917999957 ], [ -56.945129394999867, -36.333312987999932 ], [ -56.944702147999806, -36.33367919899996 ], [ -56.944274901999961, -36.33367919899996 ], [ -56.943603515999826, -36.333801269999924 ], [ -56.943481444999861, -36.334777831999986 ], [ -56.943908690999876, -36.336608886999898 ], [ -56.943176269999924, -36.337707519999924 ], [ -56.942993163999802, -36.338684081999986 ], [ -56.942199706999872, -36.33959960899989 ], [ -56.941894531, -36.33959960899989 ], [ -56.941406249999773, -36.339111327999888 ], [ -56.941528319999748, -36.337585448999846 ], [ -56.941528319999748, -36.337097167999957 ], [ -56.94201660199991, -36.336486816 ], [ -56.94171142599987, -36.335876464999842 ], [ -56.94122314499981, -36.335327147999976 ], [ -56.939575194999861, -36.334899901999961 ], [ -56.938720702999944, -36.334899901999961 ], [ -56.93780517599987, -36.334411620999902 ], [ -56.937011718999941, -36.334289550999813 ], [ -56.935913085999914, -36.334411620999902 ], [ -56.93499755900001, -36.334106444999861 ], [ -56.934509277000018, -36.334411620999902 ], [ -56.932189940999876, -36.334594727000024 ], [ -56.930908202999888, -36.333801269999924 ], [ -56.930114745999845, -36.333007813 ], [ -56.928894043000014, -36.33288574199986 ], [ -56.92742919899996, -36.333190917999957 ], [ -56.927001952999888, -36.333618163999972 ], [ -56.925781249999943, -36.33367919899996 ], [ -56.924926758000026, -36.334106444999861 ], [ -56.924316405999889, -36.336914063 ], [ -56.923400878999985, -36.336975097999982 ], [ -56.92352294899996, -36.335876464999842 ], [ -56.922607421999885, -36.335510253999928 ], [ -56.921813964999956, -36.335510253999928 ], [ -56.921203612999989, -36.335327147999976 ], [ -56.921081543000014, -36.334777831999986 ], [ -56.919799805000025, -36.334411620999902 ], [ -56.919189452999888, -36.334777831999986 ], [ -56.91857910199991, -36.334716797 ], [ -56.917602538999859, -36.335388183999953 ], [ -56.916809081999929, -36.33569335899989 ], [ -56.915893555000025, -36.336486816 ], [ -56.914978026999847, -36.336486816 ], [ -56.913513183999896, -36.337524413999859 ], [ -56.913513183999896, -36.338012694999861 ], [ -56.913879394999924, -36.338989257999913 ], [ -56.914978026999847, -36.339721679999855 ], [ -56.914611815999933, -36.341491698999846 ], [ -56.9152221679999, -36.343078612999875 ], [ -56.915893555000025, -36.346008300999983 ], [ -56.917785644999981, -36.348999022999919 ], [ -56.921875, -36.348693847999982 ], [ -56.923583983999947, -36.348510741999917 ], [ -56.919982909999987, -36.351806640999882 ], [ -56.920227050999927, -36.354187011999898 ], [ -56.921081543000014, -36.357910155999946 ], [ -56.921691894999981, -36.361206054999968 ], [ -56.920410155999889, -36.364074706999929 ], [ -56.919311522999863, -36.359497069999975 ], [ -56.916381835999914, -36.350708007999913 ], [ -56.913879394999924, -36.349975585999971 ], [ -56.912719726999967, -36.347900390999882 ], [ -56.910888671999828, -36.346801757999913 ], [ -56.910888671999828, -36.342224120999958 ], [ -56.910400391, -36.341674804999911 ], [ -56.908386229999962, -36.341125487999932 ], [ -56.906799315999933, -36.341308593999884 ], [ -56.906677245999958, -36.343383788999915 ], [ -56.903198241999974, -36.344177246000015 ], [ -56.901123046999942, -36.345397948999846 ], [ -56.901611327999944, -36.344177246000015 ], [ -56.903320312999938, -36.342712401999961 ], [ -56.902709960999971, -36.340820313 ], [ -56.904296875, -36.339416503999928 ], [ -56.904785156, -36.338317870999902 ], [ -56.905090331999929, -36.337402343999884 ], [ -56.904418944999975, -36.336608886999898 ], [ -56.902893065999933, -36.334899901999961 ], [ -56.900390624999943, -36.334106444999861 ], [ -56.898376464999899, -36.333496094 ], [ -56.897705077999944, -36.33367919899996 ], [ -56.895202637000011, -36.333496094 ], [ -56.892211913999915, -36.333190917999957 ], [ -56.891784668000014, -36.333496094 ], [ -56.891601562999881, -36.333923339999899 ], [ -56.894409179999911, -36.334899901999961 ], [ -56.896118163999915, -36.335205078 ], [ -56.896484374999829, -36.335510253999928 ], [ -56.894897460999914, -36.33569335899989 ], [ -56.893310546999885, -36.335876464999842 ], [ -56.892089843999941, -36.335510253999928 ], [ -56.891601562999881, -36.335876464999842 ], [ -56.890502929999911, -36.335815429999855 ], [ -56.888610839999956, -36.334411620999902 ], [ -56.888610839999956, -36.332580566 ], [ -56.889404296999885, -36.331909179999968 ], [ -56.889099121000015, -36.331481933999953 ], [ -56.887878418000014, -36.331176758000026 ], [ -56.886901854999962, -36.330627440999876 ], [ -56.884704589999956, -36.330627440999876 ], [ -56.881774902000018, -36.330017089999899 ], [ -56.880798339999956, -36.330078124999886 ], [ -56.880920409999931, -36.330993651999961 ], [ -56.882385253999985, -36.331298828 ], [ -56.882812499999886, -36.332580566 ], [ -56.882812499999886, -36.33367919899996 ], [ -56.88140869099982, -36.33367919899996 ], [ -56.880187987999989, -36.333923339999899 ], [ -56.879089354999792, -36.333007813 ], [ -56.877990722999812, -36.331604003999928 ], [ -56.879211425999927, -36.330017089999899 ], [ -56.878417969, -36.329711913999972 ], [ -56.87780761699986, -36.32922363299997 ], [ -56.875488280999889, -36.329284667999957 ], [ -56.875183104999962, -36.329101563 ], [ -56.872802734, -36.32897949199986 ], [ -56.870605469, -36.32922363299997 ], [ -56.870178222999925, -36.329711913999972 ], [ -56.87078857399996, -36.331115722999868 ], [ -56.871887206999929, -36.331604003999928 ], [ -56.873291016, -36.332824706999872 ], [ -56.872802734, -36.333801269999924 ], [ -56.871826171999942, -36.333984374999886 ], [ -56.87078857399996, -36.333190917999957 ], [ -56.869201659999931, -36.33288574199986 ], [ -56.868591308999896, -36.332275390999882 ], [ -56.869201659999931, -36.330810547 ], [ -56.868713378999871, -36.330505370999902 ], [ -56.867675780999889, -36.329895019999924 ], [ -56.865905761999898, -36.329101563 ], [ -56.865112304999911, -36.328491210999857 ], [ -56.862426757999913, -36.328186034999931 ], [ -56.861328124999886, -36.328796386999898 ], [ -56.859802246000015, -36.328796386999898 ], [ -56.859375, -36.32897949199986 ], [ -56.857788085999971, -36.329101563 ], [ -56.858276366999974, -36.330505370999902 ], [ -56.860595702999774, -36.332580566 ], [ -56.860290526999904, -36.333801269999924 ], [ -56.859619140999882, -36.333312987999932 ], [ -56.858276366999974, -36.331909179999968 ], [ -56.856079101999967, -36.329711913999972 ], [ -56.855407715000013, -36.32897949199986 ], [ -56.854492187999938, -36.32897949199986 ], [ -56.853881835999971, -36.329406737999932 ], [ -56.854492187999938, -36.330688477000024 ], [ -56.855590819999975, -36.331909179999968 ], [ -56.855285644999867, -36.333190917999957 ], [ -56.855895996000015, -36.334594727000024 ], [ -56.856689452999944, -36.335998534999817 ], [ -56.855590819999975, -36.336425781 ], [ -56.854003905999946, -36.334411620999902 ], [ -56.853576659999874, -36.332214354999905 ], [ -56.851379394999867, -36.332092284999931 ], [ -56.849914550999927, -36.331176758000026 ], [ -56.84851074199986, -36.330505370999902 ], [ -56.846191405999889, -36.330810547 ], [ -56.84460449199986, -36.330688477000024 ], [ -56.84381103499976, -36.330810547 ], [ -56.842712401999961, -36.331726073999903 ], [ -56.841796874999886, -36.331726073999903 ], [ -56.840881347999982, -36.331909179999968 ], [ -56.839721679999968, -36.332397461000028 ], [ -56.839416503999928, -36.333007813 ], [ -56.838989258000026, -36.332824706999872 ], [ -56.838989258000026, -36.332397461000028 ], [ -56.839111328, -36.33178710899989 ], [ -56.839111328, -36.331481933999953 ], [ -56.838684081999986, -36.330993651999961 ], [ -56.83758544899996, -36.331604003999928 ], [ -56.837097167999957, -36.331726073999903 ], [ -56.836608886999898, -36.33178710899989 ], [ -56.836120604999905, -36.331604003999928 ], [ -56.83569335899989, -36.330810547 ], [ -56.835205078, -36.331176758000026 ], [ -56.834899901999904, -36.331481933999953 ], [ -56.834594726999967, -36.331726073999903 ], [ -56.834228515999939, -36.331420897999976 ], [ -56.833496094, -36.331420897999976 ], [ -56.8331909179999, -36.330810547 ], [ -56.832702636999898, -36.330627440999876 ], [ -56.831298828, -36.330505370999902 ], [ -56.831115722999868, -36.33178710899989 ], [ -56.830627440999876, -36.331909179999968 ], [ -56.827575683999896, -36.33178710899989 ], [ -56.827087401999904, -36.333496094 ], [ -56.825988769999867, -36.33288574199986 ], [ -56.825195312999767, -36.331909179999968 ], [ -56.822692870999902, -36.331298828 ], [ -56.822082519999867, -36.331298828 ], [ -56.821411132999913, -36.330993651999961 ], [ -56.820983886999898, -36.331420897999976 ], [ -56.820312499999943, -36.331604003999928 ], [ -56.818786620999902, -36.331909179999968 ], [ -56.817810058999953, -36.331909179999968 ], [ -56.816894530999946, -36.331481933999953 ], [ -56.816284179999911, -36.332580566 ], [ -56.816223144999924, -36.333312987999932 ], [ -56.816711425999983, -36.333984374999886 ], [ -56.815612792999843, -36.334594727000024 ], [ -56.81420898399989, -36.334411620999902 ], [ -56.813293456999816, -36.334289550999813 ], [ -56.813293456999816, -36.333312987999932 ], [ -56.812805175999983, -36.332824706999872 ], [ -56.812194824000017, -36.332702636999898 ], [ -56.811279296999942, -36.331909179999968 ], [ -56.810791015999882, -36.331420897999976 ], [ -56.809692382999913, -36.331420897999976 ], [ -56.808715819999861, -36.331176758000026 ], [ -56.807800292999957, -36.330627440999876 ], [ -56.807678222999982, -36.32897949199986 ], [ -56.806884765999882, -36.329406737999932 ], [ -56.806518555000025, -36.329711913999972 ], [ -56.805419922, -36.329284667999957 ], [ -56.805297852000024, -36.330017089999899 ], [ -56.804687499999886, -36.330078124999886 ], [ -56.803894042999957, -36.329711913999972 ], [ -56.801818847999925, -36.329711913999972 ], [ -56.799377441, -36.32952880900001 ], [ -56.797729491999974, -36.329284667999957 ], [ -56.797723042999905, -36.329278218999889 ], [ -56.797424315999876, -36.32897949199986 ], [ -56.796997069999861, -36.328796386999898 ], [ -56.796081542999957, -36.329101563 ], [ -56.795410156, -36.32897949199986 ], [ -56.794799804999798, -36.328613280999832 ], [ -56.79498290999976, -36.330322265999939 ], [ -56.79602050799997, -36.330993651999961 ], [ -56.79498290999976, -36.330993651999961 ], [ -56.794311522999976, -36.332092284999931 ], [ -56.793701172, -36.332397461000028 ], [ -56.792175292999957, -36.332580566 ], [ -56.790405272999976, -36.332092284999931 ], [ -56.789184569999861, -36.332824706999872 ], [ -56.786499022999976, -36.333312987999932 ], [ -56.786010741999917, -36.334411620999902 ], [ -56.785888671999942, -36.333801269999924 ], [ -56.786010741999917, -36.332824706999872 ], [ -56.787780761999898, -36.332702636999898 ], [ -56.78851318400001, -36.33178710899989 ], [ -56.790100097999868, -36.331176758000026 ], [ -56.791992188, -36.331115722999868 ], [ -56.79241943400001, -36.331481933999953 ], [ -56.793212890999769, -36.331298828 ], [ -56.793579102000024, -36.330200194999861 ], [ -56.792602538999972, -36.329101563 ], [ -56.791076659999931, -36.328002929999968 ], [ -56.789611815999876, -36.328613280999832 ], [ -56.789428710999914, -36.327209472999868 ], [ -56.78771972699991, -36.326293944999861 ], [ -56.786804198999903, -36.325927733999947 ], [ -56.786315918000014, -36.324707030999832 ], [ -56.784179687999938, -36.322692870999902 ], [ -56.781616210999914, -36.320983886999898 ], [ -56.780090331999872, -36.32061767599987 ], [ -56.778076171999771, -36.320800780999832 ], [ -56.777404784999987, -36.321289062999824 ], [ -56.776611327999888, -36.322082519999924 ], [ -56.776184081999872, -36.322082519999924 ], [ -56.776184081999872, -36.32452392599987 ], [ -56.779479979999905, -36.326904296999828 ], [ -56.779785155999775, -36.329589844 ], [ -56.778015136999784, -36.330200194999861 ], [ -56.777709960999914, -36.330810547 ], [ -56.777709960999914, -36.331726073999903 ], [ -56.780090331999872, -36.33178710899989 ], [ -56.78070068400001, -36.332214354999905 ], [ -56.782897948999846, -36.332275390999882 ], [ -56.782714843999884, -36.333312987999932 ], [ -56.782409668000014, -36.334289550999813 ], [ -56.782409668000014, -36.335998534999817 ], [ -56.781982421999828, -36.335815429999855 ], [ -56.781799315999876, -36.333496094 ], [ -56.780212402000018, -36.33288574199986 ], [ -56.779296874999943, -36.332702636999898 ], [ -56.778198241999746, -36.33312988299997 ], [ -56.777709960999914, -36.332702636999898 ], [ -56.776977538999972, -36.331420897999976 ], [ -56.77679443400001, -36.330383300999927 ], [ -56.776489257999913, -36.329895019999924 ], [ -56.774902343999884, -36.331298828 ], [ -56.774291991999917, -36.333007813 ], [ -56.773010253999985, -36.333190917999957 ], [ -56.772583007999913, -36.334289550999813 ], [ -56.771484374999943, -36.336425781 ], [ -56.771789550999983, -36.337585448999846 ], [ -56.771301269999981, -36.338378905999889 ], [ -56.769409180000025, -36.337829589999899 ], [ -56.768981933999953, -36.337890624999886 ], [ -56.768920897999863, -36.337097167999957 ], [ -56.767517089999899, -36.337707519999924 ], [ -56.766601562999881, -36.336914063 ], [ -56.765197753999814, -36.337219237999932 ], [ -56.765686034999987, -36.335998534999817 ], [ -56.767028808999896, -36.335510253999928 ], [ -56.766723632999856, -36.334777831999986 ], [ -56.765808104999962, -36.333801269999924 ], [ -56.76538085899989, -36.33288574199986 ], [ -56.768981933999953, -36.332397461000028 ], [ -56.768310546999885, -36.331176758000026 ], [ -56.767395019999924, -36.330200194999861 ], [ -56.76538085899989, -36.329589844 ], [ -56.765808104999962, -36.328613280999832 ], [ -56.768310546999885, -36.328002929999968 ], [ -56.771606444999918, -36.326599120999902 ], [ -56.773010253999985, -36.325012206999872 ], [ -56.773376465000013, -36.323181151999904 ], [ -56.774108886999954, -36.322875976999853 ], [ -56.774780272999976, -36.320129394999981 ], [ -56.774902343999884, -36.317626952999888 ], [ -56.775695800999983, -36.316406249999943 ], [ -56.776184081999872, -36.315490722999868 ], [ -56.776184081999872, -36.31311035199991 ], [ -56.775817870999958, -36.312805175999983 ], [ -56.775207519999981, -36.312683104999905 ], [ -56.775207519999981, -36.312011718999884 ], [ -56.775817870999958, -36.311401366999917 ], [ -56.776428222999755, -36.310485840000013 ], [ -56.775207519999981, -36.310302733999947 ], [ -56.774780272999976, -36.309509276999847 ], [ -56.775695800999983, -36.308776854999905 ], [ -56.775817870999958, -36.307983397999806 ], [ -56.776306152000018, -36.307312011999954 ], [ -56.776306152000018, -36.305175780999946 ], [ -56.776184081999872, -36.302795409999987 ], [ -56.775512694999918, -36.301696776999961 ], [ -56.774108886999954, -36.301818847999925 ], [ -56.773986815999876, -36.301208495999958 ], [ -56.774108886999954, -36.30059814499981 ], [ -56.775512694999918, -36.298522948999903 ], [ -56.776916503999985, -36.296508788999859 ], [ -56.777709960999914, -36.295715331999929 ], [ -56.780212402000018, -36.294799804999855 ], [ -56.781921386999841, -36.294311522999863 ], [ -56.783081054999968, -36.293823241999974 ], [ -56.784912108999947, -36.292297362999932 ], [ -56.784973144999924, -36.29077148399989 ], [ -56.784949445999928, -36.290780052999878 ], [ -56.784912108999947, -36.290793553999947 ], [ -56.774169921999942, -36.29467773399989 ], [ -56.772277831999872, -36.294921874999829 ], [ -56.771484374999943, -36.295410156 ], [ -56.769409180000025, -36.295593261999954 ], [ -56.766784667999843, -36.296508788999859 ], [ -56.763977050999983, -36.297729491999974 ], [ -56.762573241999917, -36.298400878999928 ], [ -56.761596680000025, -36.299072265999882 ], [ -56.760009766, -36.299621581999929 ], [ -56.759094237999932, -36.300292968999884 ], [ -56.7570190429999, -36.301269530999946 ], [ -56.755493163999859, -36.302673340000013 ], [ -56.753784179999968, -36.304016112999818 ], [ -56.752075194999861, -36.30529785199991 ], [ -56.75030517599987, -36.306701659999987 ], [ -56.748779297, -36.308288574000017 ], [ -56.74719238299997, -36.309875487999875 ], [ -56.745788573999903, -36.311218261999954 ], [ -56.744079589999899, -36.313476562999938 ], [ -56.742675781, -36.314880370999902 ], [ -56.741088866999974, -36.316772460999971 ], [ -56.73937988299997, -36.318908690999876 ], [ -56.737670897999976, -36.320495604999905 ], [ -56.736328124999886, -36.321899413999972 ], [ -56.734802245999845, -36.323486328 ], [ -56.733276366999803, -36.325012206999872 ], [ -56.73211669899996, -36.326293944999861 ], [ -56.730773925999813, -36.32788085899989 ], [ -56.729919433999896, -36.329711913999972 ], [ -56.728820800999927, -36.331481933999953 ], [ -56.727294921999885, -36.33367919899996 ], [ -56.726074218999884, -36.335388183999953 ], [ -56.726013183999896, -36.336608886999898 ], [ -56.724975585999914, -36.337585448999846 ], [ -56.724609375, -36.339111327999888 ], [ -56.723083495999958, -36.340698241999917 ], [ -56.723205565999933, -36.341613769999924 ], [ -56.723022460999971, -36.342529297 ], [ -56.721923828, -36.343200683999953 ], [ -56.721191405999889, -36.344177246000015 ], [ -56.721313476999967, -36.344970702999944 ], [ -56.721008300999927, -36.345886230000019 ], [ -56.72039794899996, -36.346679687999938 ], [ -56.719787597999925, -36.347778319999975 ], [ -56.718200683999896, -36.350219727000024 ], [ -56.717285155999889, -36.352294921999942 ], [ -56.716796875, -36.352905272999806 ], [ -56.716674805000025, -36.353698730000019 ], [ -56.716186522999863, -36.354187011999898 ], [ -56.7160034179999, -36.354797362999875 ], [ -56.71569824199986, -36.356079101999967 ], [ -56.715087891, -36.357421874999943 ], [ -56.715026855000019, -36.3585815429999 ], [ -56.714477538999859, -36.360229491999917 ], [ -56.71319580099987, -36.362792969 ], [ -56.712280272999863, -36.365722655999946 ], [ -56.711486815999933, -36.367980956999816 ], [ -56.710693359, -36.36968994099982 ], [ -56.710388183999896, -36.371520995999902 ], [ -56.709228515999882, -36.374023437999824 ], [ -56.708312987999875, -36.376098633000026 ], [ -56.707580565999933, -36.377990722999982 ], [ -56.707519530999946, -36.380920409999931 ], [ -56.706787109, -36.383728026999961 ], [ -56.706909179999911, -36.384887694999804 ], [ -56.706481933999896, -36.385803222999982 ], [ -56.705200194999975, -36.388488769999867 ], [ -56.704711913999915, -36.391296387000011 ], [ -56.703979491999974, -36.394226073999846 ], [ -56.703186034999874, -36.396972656 ], [ -56.702697753999871, -36.398986815999933 ], [ -56.701599121000015, -36.401672362999818 ], [ -56.700805663999915, -36.404724120999902 ], [ -56.700500487999875, -36.408325194999975 ], [ -56.700073241999974, -36.409912109 ], [ -56.699890137000011, -36.411499022999863 ], [ -56.699523925999813, -36.412597655999889 ], [ -56.698974608999833, -36.415405272999863 ], [ -56.698608397999919, -36.418029784999931 ], [ -56.698181152000018, -36.420776366999803 ], [ -56.69812011699986, -36.423706054999911 ], [ -56.697692871000015, -36.427490233999947 ], [ -56.69702148399989, -36.427978515999939 ], [ -56.697204589999842, -36.429077147999976 ], [ -56.696777343999941, -36.431823730000019 ], [ -56.696472168000014, -36.434997558999896 ], [ -56.696228026999961, -36.437927246000015 ], [ -56.695678710999914, -36.440795897999863 ], [ -56.695312499999886, -36.443298339999899 ], [ -56.695129394999924, -36.446289063 ], [ -56.695129394999924, -36.44921875 ], [ -56.694580077999944, -36.451904296999885 ], [ -56.694580077999944, -36.454406737999818 ], [ -56.694396972999982, -36.457214354999962 ], [ -56.694396972999982, -36.459899901999847 ], [ -56.69421386699986, -36.462829589999956 ], [ -56.693908691, -36.465393065999876 ], [ -56.694091796999885, -36.466674804999968 ], [ -56.693603515999882, -36.46710205099987 ], [ -56.693481444999918, -36.468811034999874 ], [ -56.693603515999882, -36.471496581999872 ], [ -56.692810058999953, -36.473571776999961 ], [ -56.692321776999961, -36.476318358999947 ], [ -56.692199706999986, -36.479003906 ], [ -56.691406249999886, -36.481201172 ], [ -56.691284179999911, -36.48327636699986 ], [ -56.690979003999985, -36.488708495999958 ], [ -56.690429688, -36.492309569999861 ], [ -56.690124511999898, -36.495605468999884 ], [ -56.690002441, -36.49780273399989 ], [ -56.689880371000015, -36.499999999999886 ], [ -56.689819336000028, -36.50372314499981 ], [ -56.689392089999956, -36.504882812999938 ], [ -56.689392089999956, -36.507385253999871 ], [ -56.689514159999931, -36.509399413999972 ], [ -56.689392089999956, -36.512695312999824 ], [ -56.689392089999956, -36.515014647999976 ], [ -56.68920898399989, -36.516906737999875 ], [ -56.689086913999915, -36.519775390999882 ], [ -56.688903808999953, -36.521972655999889 ], [ -56.688903808999953, -36.522705078 ], [ -56.688598633000026, -36.52429199199986 ], [ -56.688598633000026, -36.525878905999889 ], [ -56.688415526999961, -36.526916503999928 ], [ -56.688415526999961, -36.529296874999886 ], [ -56.687805175999927, -36.531677246000015 ], [ -56.687683104999849, -36.533813477000024 ], [ -56.687683104999849, -36.536010741999917 ], [ -56.687622069999861, -36.538513183999953 ], [ -56.687377929999911, -36.540771483999833 ], [ -56.68719482399996, -36.543090819999975 ], [ -56.687072753999985, -36.545410155999946 ], [ -56.687011719, -36.547790526999904 ], [ -56.687011719, -36.550109862999875 ], [ -56.687072753999985, -36.552429199000017 ], [ -56.687011719, -36.555297851999967 ], [ -56.687011719, -36.557922362999875 ], [ -56.686889647999919, -36.560302734 ], [ -56.687011719, -36.5625 ], [ -56.687011719, -36.564819335999857 ], [ -56.686584472999982, -36.56530761699986 ], [ -56.686584472999982, -36.567504883000026 ], [ -56.68640136699986, -36.569885253999985 ], [ -56.68609619099982, -36.574584960999914 ], [ -56.685791015999882, -36.576904296999885 ], [ -56.685607909999931, -36.579101562999881 ], [ -56.685607909999931, -36.582214355000019 ], [ -56.68530273399989, -36.584594726999967 ], [ -56.68530273399989, -36.586486815999933 ], [ -56.685424804999968, -36.58898925799997 ], [ -56.685180663999915, -36.591796875 ], [ -56.685119628999928, -36.594116210999971 ], [ -56.684997558999953, -36.596374511999954 ], [ -56.684875487999989, -36.598693847999925 ], [ -56.684692383000026, -36.600891112999818 ], [ -56.684692383000026, -36.603271483999947 ], [ -56.684570312999881, -36.605407714999956 ], [ -56.684326171999828, -36.607788085999914 ], [ -56.684387206999816, -36.610900878999985 ], [ -56.683898925999927, -36.61468505900001 ], [ -56.683410644999924, -36.61779785199991 ], [ -56.683410644999924, -36.620178222999868 ], [ -56.683105469, -36.623718262000011 ], [ -56.682678222999812, -36.627014159999874 ], [ -56.682678222999812, -36.629272461000028 ], [ -56.682646463076082, -36.629473607154637 ], [ -56.683052059757017, -36.628761272172426 ], [ -56.684043147018087, -36.630118291728706 ], [ -56.684900440836486, -36.629626978940394 ], [ -56.684937165429744, -36.629629672973977 ], [ -56.685630078266456, -36.629257731996859 ], [ -56.685655952575019, -36.629255710541258 ], [ -56.685712251104519, -36.629279052076242 ], [ -56.68615734970939, -36.62903882572482 ], [ -56.686181441470808, -36.629036944109146 ], [ -56.686221691544176, -36.629059010804838 ], [ -56.686246027713707, -36.629057110162989 ], [ -56.688070630490131, -36.628015298768844 ], [ -56.688350042813113, -36.627860576295177 ], [ -56.688413589237143, -36.627864166621862 ], [ -56.688438078651529, -36.627866860964673 ], [ -56.688713481187278, -36.62771468698287 ], [ -56.689213567270372, -36.627347863905925 ], [ -56.68928108366606, -36.627332892551351 ], [ -56.689402361242571, -36.627384749085593 ], [ -56.689413089265145, -36.627383910970877 ], [ -56.689479110221839, -36.627365878513501 ], [ -56.692160924453844, -36.626267293873411 ], [ -56.69220147995469, -36.626245841351988 ], [ -56.692203152096283, -36.626245710745422 ], [ -56.692216710497803, -36.626251087544176 ], [ -56.692218444967352, -36.626250952071302 ], [ -56.692270369130199, -36.626221948721991 ], [ -56.692313832913612, -36.626191224914919 ], [ -56.692315325774643, -36.626191108301157 ], [ -56.69231765226823, -36.626192166153373 ], [ -56.692319157093266, -36.626192048605105 ], [ -56.692401108140416, -36.625990911361896 ], [ -56.692495757389281, -36.625863703067068 ], [ -56.692281763851213, -36.62575637262421 ], [ -56.692256988238057, -36.625773886082527 ], [ -56.692242058662089, -36.625754726119965 ], [ -56.692081121698095, -36.62550620338601 ], [ -56.69184136244462, -36.625300816250615 ], [ -56.691475837337123, -36.625088110192053 ], [ -56.69146374973252, -36.625080639548116 ], [ -56.691148789669626, -36.62496210704262 ], [ -56.69110036352447, -36.624960574947465 ], [ -56.691085576837736, -36.624976382448097 ], [ -56.69081928326068, -36.625185912801726 ], [ -56.69081724743387, -36.625184809078917 ], [ -56.690165266881309, -36.624892727486497 ], [ -56.690114063843509, -36.624865329881686 ], [ -56.689299554272338, -36.624208540154541 ], [ -56.689932270440409, -36.623731887105066 ], [ -56.689947279613818, -36.623694298099565 ], [ -56.69012696945299, -36.623768242280391 ], [ -56.690131684938592, -36.623739147969786 ], [ -56.690193775715841, -36.622871655714789 ], [ -56.689495440483711, -36.622766109224301 ], [ -56.689495308590722, -36.622765691624636 ], [ -56.689514163716694, -36.622689109364103 ], [ -56.689514097032713, -36.622689079622148 ], [ -56.689513795561083, -36.622688760748758 ], [ -56.689466761325889, -36.622706986483081 ], [ -56.689466671376863, -36.622706184994456 ], [ -56.68946651087839, -36.622706071464734 ], [ -56.689259898303817, -36.622102221845978 ], [ -56.689164136904026, -36.621844999208747 ], [ -56.689172696299863, -36.621819423515262 ], [ -56.689367288812093, -36.621719583363131 ], [ -56.689375946406017, -36.621690424859139 ], [ -56.689337706079755, -36.621661278783904 ], [ -56.689211224212613, -36.621665688144617 ], [ -56.689214733151175, -36.621647642844948 ], [ -56.689491523343236, -36.621471115262352 ], [ -56.689495457204089, -36.621430042223722 ], [ -56.689268185947981, -36.621534822304852 ], [ -56.689681411739059, -36.621076877359883 ], [ -56.689871604466134, -36.620846855247294 ], [ -56.689860614366353, -36.620771719243464 ], [ -56.689485215816092, -36.620646571870111 ], [ -56.689539248609947, -36.620318481471656 ], [ -56.689516129381843, -36.619709780898745 ], [ -56.68924314396827, -36.619491486763536 ], [ -56.689783334969377, -36.619393398843897 ], [ -56.690346688644809, -36.619108874915469 ], [ -56.690366020553654, -36.619108586230141 ], [ -56.690448242271316, -36.619062095198217 ], [ -56.690460833957104, -36.619061656978545 ], [ -56.69063413834732, -36.618963697343759 ], [ -56.691188589310002, -36.618476386563657 ], [ -56.691675744162183, -36.618046892317238 ], [ -56.691782576816706, -36.617889618544325 ], [ -56.692100873178788, -36.617710203951447 ], [ -56.692121452914478, -36.617689014891369 ], [ -56.692385639036786, -36.617337173139163 ], [ -56.692389089083008, -36.617273885931525 ], [ -56.692263101552896, -36.617210442020394 ], [ -56.692267009466718, -36.617138809661412 ], [ -56.692267451256782, -36.617131361630868 ], [ -56.69216375642435, -36.61702381381923 ], [ -56.692157372357201, -36.617030352329436 ], [ -56.692151650285837, -36.617024765351175 ], [ -56.692116405593424, -36.617060974173 ], [ -56.691280600316873, -36.616403904935851 ], [ -56.691673482663532, -36.616063872256291 ], [ -56.692195539154909, -36.615609316345342 ], [ -56.692202967117453, -36.615601707657788 ], [ -56.692233633079638, -36.615631649564079 ], [ -56.692240292750853, -36.615638150975769 ], [ -56.692328123039829, -36.615558495951575 ], [ -56.692332039858286, -36.615486676387889 ], [ -56.692349765664972, -36.615478271624056 ], [ -56.692709557214926, -36.615243522902233 ], [ -56.693249906916549, -36.61390471776599 ], [ -56.693250642991131, -36.613884787704478 ], [ -56.693296617170176, -36.613822512613808 ], [ -56.693296948908255, -36.613805365974997 ], [ -56.693179289831278, -36.613760160466427 ], [ -56.693153557827486, -36.613734986989527 ], [ -56.693154608524367, -36.613710461228834 ], [ -56.693036880623936, -36.613644866750974 ], [ -56.693266049603096, -36.613444377887959 ], [ -56.693298210522983, -36.613411789605038 ], [ -56.693299445524872, -36.613393256916595 ], [ -56.693390502925581, -36.61332706519363 ], [ -56.693619376537299, -36.612938784832977 ], [ -56.694205418215802, -36.613146615462028 ], [ -56.694083514289446, -36.613552411381022 ], [ -56.694094276696774, -36.613563031211299 ], [ -56.6940821394453, -36.613575439434271 ], [ -56.694367158211833, -36.613652985688134 ], [ -56.694435921495256, -36.613647661642688 ], [ -56.694573771740181, -36.613540717715011 ], [ -56.694559508271027, -36.613527009686152 ], [ -56.694575403886063, -36.613511034726912 ], [ -56.694936996625017, -36.61319300386225 ], [ -56.695028078683549, -36.613263808482657 ], [ -56.695075805942565, -36.61327865727003 ], [ -56.695562911985348, -36.612877540581621 ], [ -56.695900466385524, -36.612592537994828 ], [ -56.696076463701445, -36.612267659176609 ], [ -56.696668726811481, -36.611984515330789 ], [ -56.696676727773308, -36.611907634572333 ], [ -56.696364142060247, -36.611725581495079 ], [ -56.695123435192613, -36.610991203910373 ], [ -56.695110316568559, -36.610982825452652 ], [ -56.696036300298601, -36.610457993038608 ], [ -56.696564214245029, -36.61000299505929 ], [ -56.696916293047707, -36.609694217073184 ], [ -56.696908807013074, -36.609678285928851 ], [ -56.696252605438019, -36.609198784260798 ], [ -56.695372919723184, -36.608482600625564 ], [ -56.695300762870659, -36.608422918626388 ], [ -56.695959912913054, -36.607832780413617 ], [ -56.696367590581474, -36.607482889584503 ], [ -56.696462398743051, -36.607123649414007 ], [ -56.69694353724276, -36.606943793145547 ], [ -56.696950359967104, -36.606878192685372 ], [ -56.696586931754155, -36.606636592594953 ], [ -56.695395060741589, -36.605980706734726 ], [ -56.695360421680562, -36.606017053991309 ], [ -56.695348322960058, -36.606017932838256 ], [ -56.695322233099091, -36.606036921893235 ], [ -56.695291118107491, -36.606006944478793 ], [ -56.695057386790836, -36.605871769868372 ], [ -56.695307914239777, -36.605701572896635 ], [ -56.695342361753319, -36.605667073237328 ], [ -56.695370896482132, -36.60568510621539 ], [ -56.695382942852063, -36.605684141944948 ], [ -56.695413958058225, -36.605714775113938 ], [ -56.696278554266087, -36.605244566060719 ], [ -56.696716792190159, -36.604888874576375 ], [ -56.696985971795868, -36.604661779237915 ], [ -56.697463967893952, -36.604247800408132 ], [ -56.697476812278808, -36.604235101752408 ], [ -56.697501965277525, -36.604260338315896 ], [ -56.69757460909068, -36.60431523864321 ], [ -56.697676769760562, -36.604381547761932 ], [ -56.69771771142274, -36.604377921603373 ], [ -56.698058608618339, -36.604095460557005 ], [ -56.698249856999951, -36.603931506672552 ], [ -56.698733063217446, -36.603507185088574 ], [ -56.699274183718671, -36.603049218755359 ], [ -56.699547696505135, -36.602744883732498 ], [ -56.699633157785229, -36.602648225781934 ], [ -56.699706546090908, -36.602642327807303 ], [ -56.699754454259335, -36.602759384470346 ], [ -56.699829632456783, -36.602753177044463 ], [ -56.700608721772312, -36.601795150035741 ], [ -56.700670594943517, -36.601790152836998 ], [ -56.700745348302064, -36.601880117892676 ], [ -56.700808660289795, -36.601875118688497 ], [ -56.701204429478764, -36.601243710974302 ], [ -56.701870898387028, -36.600309696370573 ], [ -56.701914063697018, -36.600306171587818 ], [ -56.702062965222808, -36.600470124422486 ], [ -56.702108614048427, -36.600466273702409 ], [ -56.70390893557493, -36.598760939749411 ], [ -56.704433408784212, -36.598110108461185 ], [ -56.704444096086547, -36.598109216593627 ], [ -56.70488262888648, -36.597483561223896 ], [ -56.704886952808238, -36.597490036097156 ], [ -56.704888903181995, -36.59748987509937 ], [ -56.704965865417591, -36.597483312324414 ], [ -56.705359933115631, -36.597964789455887 ], [ -56.705557905026581, -36.597735813196607 ], [ -56.70572682577756, -36.597198190338645 ], [ -56.705708089870427, -36.597197518635539 ], [ -56.705690617013659, -36.597202043544314 ], [ -56.705672589358301, -36.597201380283479 ], [ -56.705275769525201, -36.596997056686519 ], [ -56.704972800305995, -36.597211299051878 ], [ -56.704958228862722, -36.597210749907219 ], [ -56.704928532936378, -36.59724121476188 ], [ -56.704923441315486, -36.597235541918167 ], [ -56.704652138897359, -36.597057451870228 ], [ -56.704292165955337, -36.596710675469922 ], [ -56.704012265096935, -36.596450737349983 ], [ -56.703324344917064, -36.596072271270543 ], [ -56.703286724059808, -36.596106335826448 ], [ -56.703264407431448, -36.596114044914827 ], [ -56.703232115706498, -36.596078567483062 ], [ -56.703226730934659, -36.596083471851784 ], [ -56.703163970002322, -36.596025143698739 ], [ -56.703102632229502, -36.595991948989877 ], [ -56.703167331090981, -36.595962515078611 ], [ -56.703238675906277, -36.595907996427911 ], [ -56.703275584019025, -36.595874621610506 ], [ -56.703280345484359, -36.595879938133862 ], [ -56.703294127461277, -36.595889423241033 ], [ -56.703302624496416, -36.595889681188112 ], [ -56.703335437137184, -36.595926157475446 ], [ -56.704076158757346, -36.595600301552224 ], [ -56.70439334374538, -36.595352574340666 ], [ -56.704680509841296, -36.595191868983136 ], [ -56.705176120648957, -36.594936310204446 ], [ -56.705201283030476, -36.594937158926314 ], [ -56.705224201297142, -36.594980674178089 ], [ -56.705254584686202, -36.5949818014941 ], [ -56.705548644677208, -36.594744226292562 ], [ -56.706122994508974, -36.594333857936817 ], [ -56.706414268560422, -36.594102105006016 ], [ -56.706714050912353, -36.593869944528763 ], [ -56.706745695455083, -36.593840929133819 ], [ -56.706873406958664, -36.593757951642431 ], [ -56.706984760208854, -36.593855362705824 ], [ -56.707029034979371, -36.593873787663824 ], [ -56.707432021907664, -36.593547092752431 ], [ -56.707969227914418, -36.593192255515703 ], [ -56.707970524521954, -36.593191533847801 ], [ -56.707974615061232, -36.593112494074035 ], [ -56.708756574919448, -36.592720656453935 ], [ -56.708758098998089, -36.592692685280269 ], [ -56.708759982553602, -36.592641532611424 ], [ -56.708527521277858, -36.592455105685701 ], [ -56.708113509752366, -36.592088310689292 ], [ -56.708873211807941, -36.591514661246947 ], [ -56.70994066212711, -36.590741961633853 ], [ -56.709742021699356, -36.590374445472435 ], [ -56.709743955192607, -36.590336030043375 ], [ -56.709447408062658, -36.590095402895543 ], [ -56.709417796382354, -36.590062927202325 ], [ -56.709426223764353, -36.590055219487681 ], [ -56.71006209257456, -36.589603377972253 ], [ -56.710341334871316, -36.589403361131588 ], [ -56.710847046920435, -36.589052816075139 ], [ -56.7114371643965, -36.588625524512622 ], [ -56.711607208121734, -36.588501904695931 ], [ -56.712010597475455, -36.588208637238608 ], [ -56.712029457914184, -36.588189703032413 ], [ -56.7120095671591, -36.588168375924056 ], [ -56.712358451439343, -36.587883776699698 ], [ -56.712493555770095, -36.587772231998827 ], [ -56.712574461368035, -36.587788463552442 ], [ -56.712589599628984, -36.587789003317823 ], [ -56.713185728532835, -36.587286677066572 ], [ -56.71362035181977, -36.58698312621857 ], [ -56.713812420335216, -36.586384681470065 ], [ -56.713848686441906, -36.586180024270789 ], [ -56.713851544095178, -36.586125657151968 ], [ -56.713886174734853, -36.585932356472256 ], [ -56.714055576750184, -36.585371125225947 ], [ -56.714103692553635, -36.58505831358616 ], [ -56.714105807981809, -36.585027510951136 ], [ -56.71414283423826, -36.584788536768031 ], [ -56.714216289787032, -36.584514197248495 ], [ -56.714219733374421, -36.584455796073144 ], [ -56.714338964483829, -36.583808234482547 ], [ -56.714339565654655, -36.583797599643958 ], [ -56.71434196374662, -36.58379463783325 ], [ -56.714342425640268, -36.583784286336765 ], [ -56.714319940019891, -36.583652330645862 ], [ -56.714465418309885, -36.58312147459884 ], [ -56.71478444526997, -36.583519403091145 ], [ -56.714831958792388, -36.58359529746815 ], [ -56.714826640243757, -36.583645640813984 ], [ -56.71482517696586, -36.583653712969181 ], [ -56.714769181355393, -36.584136016685477 ], [ -56.714759753832084, -36.584191316538067 ], [ -56.714703583315838, -36.584654950157471 ], [ -56.714695223195235, -36.584722699204178 ], [ -56.714685979783326, -36.584779394353916 ], [ -56.714674579632913, -36.585165875358371 ], [ -56.71466395368833, -36.585526109702585 ], [ -56.714644731838291, -36.586177845972259 ], [ -56.715074177598865, -36.585917098667096 ], [ -56.715273753798783, -36.587475339719617 ], [ -56.715428093766945, -36.588680300152248 ], [ -56.715545172711813, -36.589594439723271 ], [ -56.720958226201958, -36.594961550065022 ], [ -56.72214354538005, -36.597192653366619 ], [ -56.725441761326522, -36.603400906210084 ], [ -56.725438198193615, -36.603461563767439 ], [ -56.726707180651943, -36.605714207443384 ], [ -56.726666290730009, -36.60582152003883 ], [ -56.72784272451571, -36.60741125599958 ], [ -56.727835856182594, -36.607467453748598 ], [ -56.727601103815346, -36.607745994393724 ], [ -56.727593564145309, -36.607802418514211 ], [ -56.728670341989186, -36.609282291874138 ], [ -56.728663297035212, -36.609336788100791 ], [ -56.729720830783549, -36.611608169270085 ], [ -56.730701425940538, -36.613714374416304 ], [ -56.754739615117899, -36.621084869536389 ], [ -56.755220372714234, -36.621563969022873 ], [ -56.757570027861277, -36.62390555153786 ], [ -56.77814181607954, -36.641806025773008 ], [ -56.778233657782664, -36.642004781866376 ], [ -56.778270366424749, -36.642040735340515 ], [ -56.778789558945562, -36.64357126798285 ], [ -56.778829872510812, -36.643618562547829 ], [ -56.779392771585208, -36.645232453496817 ], [ -56.783340237174286, -36.675574894005194 ], [ -56.784470663279365, -36.676802314480256 ], [ -56.785748813520286, -36.678594002062084 ], [ -56.785095078548977, -36.678713549448844 ], [ -56.790418528824944, -36.687203192725406 ], [ -56.790648269044766, -36.687205181702382 ], [ -56.796622433435857, -36.689996991432963 ], [ -56.798695279043841, -36.691568749962073 ], [ -56.803623981255612, -36.693682807677362 ], [ -56.803644756371909, -36.69369605623001 ], [ -56.803769908069626, -36.693836242925329 ], [ -56.80196257520646, -36.696376253790731 ], [ -56.799336691931956, -36.700231186986912 ], [ -56.79488695699348, -36.706791420240279 ], [ -56.792864639561742, -36.706380202254479 ], [ -56.791362046434244, -36.707030461213435 ], [ -56.783682147357183, -36.715250526627983 ], [ -56.781934315067531, -36.718803443688614 ], [ -56.791502183107866, -36.741994314168494 ], [ -56.790144731569967, -36.742210300092324 ], [ -56.791670619213221, -36.742942858350261 ], [ -56.791671470614915, -36.742944796149516 ], [ -56.79035690103035, -36.747288269333751 ], [ -56.783736403678347, -36.777890869860585 ], [ -56.783760682495881, -36.777953678176459 ], [ -56.808797812578462, -36.7882770997997 ], [ -56.827039621414542, -36.800178895024487 ], [ -56.830952819477318, -36.806585877178691 ], [ -56.830973427946276, -36.806598774009842 ], [ -56.831888382736963, -36.807796695051934 ], [ -56.831908914839801, -36.80780758226939 ], [ -56.845715271687482, -36.807628919850572 ], [ -56.846705002877343, -36.836648246522884 ], [ -56.860166384779973, -36.871608639519252 ], [ -56.869545173370227, -36.88650232862102 ], [ -56.878512624600717, -36.894132153067119 ], [ -56.888655821599286, -36.903169416346088 ], [ -56.924026179909788, -36.914851260577052 ], [ -56.924418246498249, -36.914672414117206 ], [ -56.924418417130937, -36.914671448830404 ], [ -56.924440892373013, -36.914638591958976 ], [ -56.926553433992353, -36.913758061216242 ], [ -56.933316164522694, -36.909243825173405 ], [ -56.95396497611631, -36.910415426611848 ], [ -56.964770053156371, -36.913761613198687 ], [ -56.965368979546724, -36.914121584743611 ], [ -56.966310258088583, -36.914324857898464 ], [ -56.992362727274724, -36.911922120767599 ], [ -57.001834745145743, -36.921859585006814 ], [ -57.002511753571071, -36.921295773161887 ], [ -57.025356792668333, -36.915520419609436 ], [ -57.025953118628649, -36.893618330363552 ], [ -57.025885888494656, -36.893644338308491 ], [ -57.025927451349673, -36.893181260989365 ], [ -57.025929683988807, -36.893129569872713 ], [ -57.025991341665929, -36.89315654505134 ], [ -57.02780589125075, -36.885507874183645 ], [ -57.0272857201536, -36.874053741209366 ], [ -57.026616464995129, -36.868694687784171 ], [ -57.026900203273158, -36.852182726025831 ], [ -57.023291064639125, -36.848238600985212 ], [ -57.027782986621958, -36.848098360594975 ], [ -57.029376014147147, -36.846583717071326 ], [ -57.029408851621326, -36.84662909531454 ], [ -57.029424581516935, -36.846637665583103 ], [ -57.02969866175124, -36.846569513604095 ], [ -57.029897652136924, -36.846571224309002 ], [ -57.03740925256659, -36.850910758065879 ], [ -57.059771077123628, -36.861359207627345 ], [ -57.064893268395281, -36.853206363892298 ], [ -57.064943564153452, -36.853195777536769 ], [ -57.087728657197488, -36.858081892069947 ], [ -57.086294573558177, -36.859270960835943 ], [ -57.090955756339952, -36.86527324330018 ], [ -57.102952719894915, -36.868826196515101 ], [ -57.116472747896239, -36.871851209093393 ], [ -57.131133804781996, -36.848646897754406 ], [ -57.133754943758106, -36.838647743962611 ], [ -57.133755625510958, -36.838632017637906 ], [ -57.13376677311976, -36.838401150324501 ], [ -57.136180153139776, -36.834188983478668 ], [ -57.143791434753894, -36.835199722454036 ], [ -57.176405364034053, -36.828371149438624 ], [ -57.175913735688027, -36.824162640958605 ], [ -57.176334888712631, -36.822712518674052 ], [ -57.176201696356941, -36.821638597110734 ], [ -57.176321003359874, -36.8215865320376 ], [ -57.176328080032647, -36.821589160472399 ], [ -57.176481661840057, -36.821495115628238 ], [ -57.185979772523638, -36.795708914931083 ], [ -57.191973091462444, -36.783997118400805 ], [ -57.192264016111551, -36.783371865673189 ], [ -57.188383470913379, -36.777033410524155 ], [ -57.188355826632289, -36.77704467035403 ], [ -57.188350281056216, -36.777031131622834 ], [ -57.174814200773085, -36.770148477876717 ], [ -57.174817354338302, -36.770141782325936 ], [ -57.182374410390253, -36.759732844143343 ], [ -57.202194732312194, -36.755872296077143 ], [ -57.202228373307094, -36.755888221775137 ], [ -57.216269494196979, -36.744436013169604 ], [ -57.214512340588385, -36.741949216364503 ], [ -57.21460036215683, -36.740948617944298 ], [ -57.214697159217849, -36.73984826279252 ], [ -57.214804112957893, -36.738632450063903 ], [ -57.214986012798306, -36.737260236699797 ], [ -57.215369621002537, -36.736738043028311 ], [ -57.215369744184443, -36.736737627216826 ], [ -57.218411442224976, -36.732762071342449 ], [ -57.218476927358211, -36.730627528646096 ], [ -57.218735821565645, -36.72943064226655 ], [ -57.218840983513815, -36.728944478498192 ], [ -57.21895339501981, -36.728544184282839 ], [ -57.219204241706052, -36.726578168317701 ], [ -57.219205624616109, -36.726559571072016 ], [ -57.21928966470233, -36.726371278237878 ], [ -57.219294964149412, -36.726353008412559 ], [ -57.222592418293175, -36.717941276945226 ], [ -57.230646827725764, -36.683157229822484 ], [ -57.232651620074705, -36.680937425865636 ], [ -57.237362066548542, -36.675721861059458 ], [ -57.23973835362284, -36.673090728817954 ], [ -57.241131109233322, -36.672237964667374 ], [ -57.241485394267102, -36.672018227705223 ], [ -57.242161929168333, -36.671781970526069 ], [ -57.243568469538218, -36.67200572993886 ], [ -57.247760242534753, -36.671980586346592 ], [ -57.249780125892471, -36.67196846220213 ], [ -57.249789474225167, -36.671967402378641 ], [ -57.251104110619224, -36.670942547862467 ], [ -57.251567716389786, -36.669746482254652 ], [ -57.254364180239065, -36.662433697170741 ], [ -57.257182572439433, -36.655653074916756 ], [ -57.258409022998364, -36.651845295146018 ], [ -57.258321644585976, -36.651238865351274 ], [ -57.25834351043909, -36.651202504686012 ], [ -57.258348889846332, -36.65120115639877 ], [ -57.258298633041306, -36.650837921025982 ], [ -57.258358891900173, -36.650897250659057 ], [ -57.25888296114482, -36.651437292157823 ], [ -57.259000908195333, -36.651597268724174 ], [ -57.259087488208877, -36.651700877433257 ], [ -57.259092668538472, -36.651706136205348 ], [ -57.259151258228201, -36.651783086610806 ], [ -57.25917762950661, -36.651856681434595 ], [ -57.259176968521899, -36.651857157680752 ], [ -57.261517549607845, -36.655525922156812 ], [ -57.265146012666719, -36.66089948263658 ], [ -57.264663181028936, -36.66869591739669 ], [ -57.264685313883547, -36.668695730880756 ], [ -57.265278106185519, -36.671341434701105 ], [ -57.266168032643918, -36.679953299692272 ], [ -57.265209430274069, -36.68875618108251 ], [ -57.264368025812871, -36.688916586369942 ], [ -57.264276970098422, -36.688927736880601 ], [ -57.262512689326456, -36.691389587757897 ], [ -57.251452207314401, -36.709263398832491 ], [ -57.251447945528923, -36.709273405051704 ], [ -57.251416557286177, -36.709476978794385 ], [ -57.251382271389105, -36.709705058579857 ], [ -57.251276412075413, -36.710533341594896 ], [ -57.251188189818663, -36.711223625654782 ], [ -57.251185424357971, -36.711296049817975 ], [ -57.25134844062751, -36.712022982263875 ], [ -57.251370688975214, -36.712104468612551 ], [ -57.251682871938272, -36.712998212357491 ], [ -57.265569564087855, -36.76296589524776 ], [ -57.265768409113946, -36.763862490657516 ], [ -57.265819414456075, -36.764248840980031 ], [ -57.265819035082757, -36.764251863759739 ], [ -57.265837754256097, -36.764398933524603 ], [ -57.265858264712278, -36.764524779191049 ], [ -57.265905686404722, -36.764819205529932 ], [ -57.266098995542279, -36.765515755070339 ], [ -57.266680852124864, -36.768169206535049 ], [ -57.27560564227673, -36.79304570065915 ], [ -57.276038707601231, -36.805795398509417 ], [ -57.276737700131207, -36.808440093637103 ], [ -57.275951762454326, -36.816893112524269 ], [ -57.275893108654259, -36.816955210757442 ], [ -57.273979424394781, -36.818036678504143 ], [ -57.273970389428143, -36.818041563065719 ], [ -57.273970567548758, -36.818033752063002 ], [ -57.273919272083447, -36.818078831417324 ], [ -57.273654279157199, -36.818078808464008 ], [ -57.273673719074793, -36.818273564276296 ], [ -57.273591351301832, -36.818372256136968 ], [ -57.27411905340756, -36.819312332407094 ], [ -57.292134213744703, -36.855579290084279 ], [ -57.303808260260382, -36.874390513925221 ], [ -57.298726220581159, -36.875485171206549 ], [ -57.298715960018114, -36.875491593591846 ], [ -57.296893035985761, -36.880733355479322 ], [ -57.296877099791857, -36.880742895965795 ], [ -57.295231149991082, -36.885059093822065 ], [ -57.295210199938253, -36.885070891502664 ], [ -57.287056214532527, -36.909618928013231 ], [ -57.279690080317835, -36.919016767719654 ], [ -57.279237832814317, -36.920228962766146 ], [ -57.276888626037021, -36.92825255675524 ], [ -57.277885395264718, -36.928099057420354 ], [ -57.276898193617171, -36.929494870706435 ], [ -57.262853705733846, -36.954060256771754 ], [ -57.262111718731433, -36.966529673657476 ], [ -57.268701467709946, -36.987910217431477 ], [ -57.265873514577095, -36.989358209815407 ], [ -57.258906205510073, -36.991064693037629 ], [ -57.273956436113792, -37.027280446593522 ], [ -57.290428334358467, -37.021222262777201 ], [ -57.317853749229243, -37.041795484463989 ], [ -57.320587708798826, -37.041658730467759 ], [ -57.3205912719352, -37.04165984452942 ], [ -57.320750603088072, -37.041663425623085 ], [ -57.320754215916509, -37.04166412944079 ], [ -57.323499600666082, -37.040888287800783 ], [ -57.323497559082455, -37.040883398553717 ], [ -57.347605276610238, -37.047704430946965 ], [ -57.34765381968441, -37.047701393882051 ], [ -57.35453783296839, -37.04487773463137 ], [ -57.366584144950707, -37.018723286358181 ], [ -57.37723875326418, -37.008882245807968 ], [ -57.376524529409721, -37.008591903251215 ], [ -57.376453633851327, -37.008587236052506 ], [ -57.375888493396815, -37.008368746479675 ], [ -57.375924791052512, -37.008337699683523 ], [ -57.377369361865533, -37.007339031251831 ], [ -57.379028751509452, -37.006725816195058 ], [ -57.389413826394843, -36.999833469015243 ], [ -57.395661714889229, -36.999956694144259 ], [ -57.402829345133739, -36.989486913884775 ], [ -57.411120186719927, -36.982875794979407 ], [ -57.418558198118205, -36.982129765258094 ], [ -57.421646228602924, -36.977599652926187 ], [ -57.466049456072142, -36.963447519727424 ], [ -57.519721719823792, -36.945533275851744 ], [ -57.525190243706106, -36.948419332706123 ], [ -57.537956530404983, -36.943369611269929 ], [ -57.539380274540918, -36.943039262301397 ], [ -57.539587009014269, -36.943015909919325 ], [ -57.539657981597031, -36.942965679097142 ], [ -57.586094981210351, -36.946336728618462 ], [ -57.602234030655211, -36.941497984187436 ], [ -57.602265525280018, -36.941499245963371 ], [ -57.619720463507065, -36.929660687924866 ], [ -57.622629310377988, -36.926817698088087 ], [ -57.639927686914518, -36.907031397255139 ], [ -57.626780926499805, -36.897060573442729 ], [ -57.626712359196858, -36.897040107649332 ], [ -57.622270352698138, -36.893661515247743 ], [ -57.622194960286379, -36.893638958502493 ], [ -57.621876649937008, -36.893398058526316 ], [ -57.621877383526908, -36.893397436954388 ], [ -57.622375693725701, -36.893317976813876 ], [ -57.622426773839152, -36.893293005712394 ], [ -57.628096070230697, -36.892401964579904 ], [ -57.628144450316768, -36.892389915276908 ], [ -57.631464845659821, -36.892968262764441 ], [ -57.6567131578567, -36.89191123494146 ], [ -57.656760486826329, -36.891911884250135 ], [ -57.665353353290811, -36.892754120924678 ], [ -57.676917988751654, -36.893887637912599 ], [ -57.67902895628265, -36.893930337200516 ], [ -57.686288643066177, -36.876272127301149 ], [ -57.692277107251357, -36.895393074188405 ], [ -57.701880726574586, -36.895768701178383 ], [ -57.704668816404876, -36.894905947370944 ], [ -57.704679400032319, -36.894904887849862 ], [ -57.707056304025912, -36.89418156964382 ], [ -57.707712443795288, -36.892780578554266 ], [ -57.697337450178338, -36.855008324762593 ], [ -57.698444046506609, -36.853114487590176 ], [ -57.703535900096654, -36.846334897918496 ], [ -57.703309407085101, -36.846242562697057 ], [ -57.70497807585582, -36.83624163700398 ], [ -57.698743079782616, -36.832711267459331 ], [ -57.698743796469046, -36.831293464522162 ], [ -57.698268206674413, -36.83012629390953 ], [ -57.697717349500124, -36.828774405553531 ], [ -57.69630492377604, -36.82530809526628 ], [ -57.69307772931171, -36.817388064611237 ], [ -57.681146505918548, -36.788106898237288 ], [ -57.677719070909347, -36.779260738044115 ], [ -57.675454278107395, -36.774137242113397 ], [ -57.670751345341273, -36.774316830409191 ], [ -57.668521351546474, -36.774401986920168 ], [ -57.673401833285311, -36.772327953029674 ], [ -57.681246081209849, -36.768994422261358 ], [ -57.688255143144147, -36.766015820422751 ], [ -57.694281145940295, -36.76345498372666 ], [ -57.698836113043001, -36.761519275605906 ], [ -57.702037223423417, -36.760158918539275 ], [ -57.700075065141618, -36.717572302299345 ], [ -57.700650622932528, -36.71653571505351 ], [ -57.70117589926474, -36.715589655107067 ], [ -57.701668001223823, -36.714469540583764 ], [ -57.702269887690306, -36.713099508139919 ], [ -57.702792765172035, -36.711909346026459 ], [ -57.718588412555107, -36.695306329593279 ], [ -57.711604283159829, -36.693437218181316 ], [ -57.730093895813468, -36.661017206300755 ], [ -57.730093363714332, -36.660949924337444 ], [ -57.73659590656348, -36.630809175255081 ], [ -57.737116193207726, -36.629997686056072 ], [ -57.740810651707307, -36.628908684651719 ], [ -57.737445333602295, -36.626871904032612 ], [ -57.740858443608943, -36.613126460804551 ], [ -57.743285094535963, -36.605367560213551 ], [ -57.743202388543693, -36.603909375995727 ], [ -57.740943877420079, -36.587963801701505 ], [ -57.737399347940823, -36.578876252202235 ], [ -57.735821614637189, -36.57823950560612 ], [ -57.735816566100937, -36.578232394386248 ], [ -57.734934572513339, -36.574447373786938 ], [ -57.733425212906695, -36.568273539673839 ], [ -57.73285286488732, -36.565932426455049 ], [ -57.733034572306735, -36.565911681160514 ], [ -57.733508514049731, -36.565858053926945 ], [ -57.737039778598273, -36.568728951083926 ], [ -57.743263351712642, -36.573788679154291 ], [ -57.743306279565275, -36.573848768624316 ], [ -57.753633939056954, -36.582142950304274 ], [ -57.764097300795697, -36.588855383650525 ], [ -57.770432198871845, -36.593426693061133 ], [ -57.777407042160746, -36.595870417588685 ], [ -57.784625052262072, -36.603668353725311 ], [ -57.79455411360891, -36.603273457678426 ], [ -57.804140968487275, -36.597913464693875 ], [ -57.807572206594273, -36.607588890671764 ], [ -57.807597558693999, -36.607602453680897 ], [ -57.829121668428343, -36.604720425795392 ], [ -57.829512619642173, -36.606735938777888 ], [ -57.828754053766772, -36.612848138336972 ], [ -57.824426288539541, -36.63462813333615 ], [ -57.821777300534222, -36.643281836796461 ], [ -57.821739782985162, -36.643312371048467 ], [ -57.82174366878877, -36.643464311329353 ], [ -57.821595804130084, -36.650332041079935 ], [ -57.822598968828174, -36.65203274361312 ], [ -57.822850042243317, -36.652480726859551 ], [ -57.831554887279026, -36.661962020170904 ], [ -57.83168974484272, -36.662026412407329 ], [ -57.844013339547587, -36.67329151002366 ], [ -57.844025938517802, -36.673292473019842 ], [ -57.844024623653979, -36.67329843135019 ], [ -57.845310716334211, -36.680878490462931 ], [ -57.841199222367322, -36.678644085790097 ], [ -57.840819512090093, -36.692055299504943 ], [ -57.843978806711277, -36.69691626893183 ], [ -57.844001414223158, -36.696921726465746 ], [ -57.853102169482497, -36.705993905330786 ], [ -57.856738595244792, -36.701497227906202 ], [ -57.85678168820607, -36.701509807620994 ], [ -57.860292323445378, -36.70717192759497 ], [ -57.860407302419617, -36.707440315837687 ], [ -57.860434310058849, -36.707464901641856 ], [ -57.881451471450021, -36.709579572760504 ], [ -57.882556399717828, -36.710231380392713 ], [ -57.882590559841447, -36.710292033656913 ], [ -57.882788712224396, -36.709901619798416 ], [ -57.887995286686021, -36.71539991987413 ], [ -57.888035328454407, -36.715417541442832 ], [ -57.888047816113783, -36.715447875959967 ], [ -57.898657868213661, -36.717500911092884 ], [ -57.917714023898213, -36.724739122939127 ], [ -57.918127359492587, -36.728462637343057 ], [ -57.921044242672679, -36.73622083520462 ], [ -57.945125671387416, -36.738233645706259 ], [ -57.982905256682102, -36.729541480204318 ], [ -58.006051091721076, -36.767462637585368 ], [ -58.035688782866714, -36.772526842969853 ], [ -58.040604878307477, -36.785449190097381 ], [ -58.042425344610876, -36.786451778295373 ], [ -58.049474634849332, -36.790258279991178 ], [ -58.06203253063012, -36.799619345998792 ], [ -58.05745041932505, -36.817453430240164 ], [ -58.073541543441706, -36.815519754479396 ], [ -58.071821094935956, -36.821732999456117 ], [ -58.06321607323315, -36.858483633801995 ], [ -58.062645137216464, -36.860248524524422 ], [ -58.061602796607247, -36.862153203900448 ], [ -58.062652397931515, -36.866040342710392 ], [ -58.062685893885146, -36.866039882298878 ], [ -58.062687297646107, -36.866071657441012 ], [ -58.063745460408654, -36.869315335092381 ], [ -58.061739659879606, -36.868665478523383 ], [ -58.061688386752166, -36.868619472296984 ], [ -58.055416098650198, -36.885570418512827 ], [ -58.053703475073746, -36.900871155792515 ], [ -58.054991606897886, -36.902307332113196 ], [ -58.080926899747681, -36.902627817741802 ], [ -58.080968049143735, -36.90265425111312 ], [ -58.089049864183323, -36.903202182014581 ], [ -58.089097783083105, -36.903230870584309 ], [ -58.099169786352718, -36.903342951644845 ], [ -58.109651964170382, -36.90376633099936 ], [ -58.114995604562068, -36.906779018669909 ], [ -58.118762252741135, -36.905941695001445 ], [ -58.117428375840291, -36.903919665492367 ], [ -58.126811251242259, -36.903645598671744 ], [ -58.126813016396682, -36.903644919981218 ], [ -58.126813683433511, -36.903646793130406 ], [ -58.127069183697984, -36.903637698855846 ], [ -58.156827190079639, -36.895957631879412 ], [ -58.165716091168065, -36.891661461278034 ], [ -58.165703960141059, -36.891610758252682 ], [ -58.167434022837256, -36.891054409118283 ], [ -58.167471791189598, -36.891049608566334 ], [ -58.167250562807851, -36.892641209467968 ], [ -58.167254932395679, -36.89268109662919 ], [ -58.167215704792284, -36.892689766929493 ], [ -58.167366394880844, -36.897277373278541 ], [ -58.167345818474757, -36.898165942098728 ], [ -58.1690259384564, -36.910565124221364 ], [ -58.174060745557767, -36.9214563040494 ], [ -58.183317804499836, -36.944673676338311 ], [ -58.183697356323137, -36.946040387065921 ], [ -58.18376649753651, -36.946074262467675 ], [ -58.18479341388678, -36.948064648189359 ], [ -58.182319708046066, -36.947784028290926 ], [ -58.18229564776442, -36.947785497973257 ], [ -58.18229399773611, -36.947771431649528 ], [ -58.181156266969822, -36.94779243120314 ], [ -58.180559250482077, -36.948268202749205 ], [ -58.180981411743574, -36.949105464366596 ], [ -58.174633172220467, -36.973486399168792 ], [ -58.176344257947335, -36.986302113732393 ], [ -58.176387997140068, -36.98633489186966 ], [ -58.17773659802134, -37.004796699630504 ], [ -58.177728757776379, -37.004799792290669 ], [ -58.167006214494734, -37.003188509765948 ], [ -58.149496282992743, -37.001781739660373 ], [ -58.114413580915652, -37.006289106590657 ], [ -58.109271599496765, -37.006286665547918 ], [ -58.100552422061071, -37.008572102024061 ], [ -58.082568811045348, -37.017491498298455 ], [ -58.080568836109535, -37.027528490706572 ], [ -58.08893617926077, -37.030649628622598 ], [ -58.093891185094435, -37.032942310831402 ], [ -58.15416714724438, -37.050287935318181 ], [ -58.164331167620844, -37.052873565061475 ], [ -58.176799395640842, -37.053300448152925 ], [ -58.199997554791707, -37.038031636897301 ], [ -58.1900197437202, -37.019385556035957 ], [ -58.183915749158871, -37.00897669363485 ], [ -58.196230619987716, -36.998062727385445 ], [ -58.207892643259072, -37.001240666650062 ], [ -58.210383188119636, -37.014516927884983 ], [ -58.234240421008849, -37.019510794125893 ], [ -58.236573408397987, -37.018643409234926 ], [ -58.251046713993958, -37.009875725633322 ], [ -58.250837069247609, -37.004931016403418 ], [ -58.248509780707138, -36.989198686935367 ], [ -58.248059380493828, -36.984817943652672 ], [ -58.248046605388879, -36.984806905696416 ], [ -58.247744512784607, -36.984119244462704 ], [ -58.247721733630044, -36.984122917858144 ], [ -58.24771878692377, -36.984098248447083 ], [ -58.246918093604052, -36.982007470254189 ], [ -58.24813554029754, -36.982296401333542 ], [ -58.251975756281695, -36.982805391843101 ], [ -58.252362201883443, -36.982939361452111 ], [ -58.252530477301036, -36.98299922859934 ], [ -58.254239658993924, -36.983364976053451 ], [ -58.287530429052879, -36.992306338515903 ], [ -58.292687896345512, -36.994031706815406 ], [ -58.297616900985645, -36.995232631731994 ], [ -58.299916542421272, -36.995775460178891 ], [ -58.300051849832926, -36.995803720721312 ], [ -58.307634764630961, -36.998355346555684 ], [ -58.31082803621041, -36.999683517841163 ], [ -58.327652926434894, -37.02153795685183 ], [ -58.334686839751043, -37.028896581349841 ], [ -58.348493508506635, -37.040093214400486 ], [ -58.368446243274661, -37.058637943623523 ], [ -58.371703191821609, -37.065156844428429 ], [ -58.382731697325994, -37.072568618733612 ], [ -58.401565177974419, -37.064879232421447 ], [ -58.401473906032777, -37.064121145508693 ], [ -58.401517872563545, -37.064083654235219 ], [ -58.401382472108423, -37.062566791173936 ], [ -58.394978298096362, -37.041936239288248 ], [ -58.395688468337653, -37.022298999973316 ], [ -58.395628219828723, -37.021788325816942 ], [ -58.395640530580238, -37.021285983921757 ], [ -58.395642635004492, -37.02128702162679 ], [ -58.395825037757049, -37.016179673704414 ], [ -58.399769095249383, -37.018234455361153 ], [ -58.399803207806713, -37.018244428047126 ], [ -58.400330756295773, -37.018534365755727 ], [ -58.400352023063931, -37.018575674458646 ], [ -58.407548843687039, -37.023226794616221 ], [ -58.41025717713211, -37.024128065080504 ], [ -58.41006061744622, -37.025016254206662 ], [ -58.420200327729106, -37.032029737070559 ], [ -58.432743858069216, -37.036734346777337 ], [ -58.437664963695056, -37.035663076166031 ], [ -58.439687008686235, -37.031750621444417 ], [ -58.440654240814581, -37.030173515581168 ], [ -58.440703246374653, -37.030117198567552 ], [ -58.440752183723305, -37.030092206191 ], [ -58.440757949643228, -37.030068810820467 ], [ -58.440784011013534, -37.030039074088393 ], [ -58.440791235589472, -37.030015947820289 ], [ -58.445229443863809, -37.023380167521509 ], [ -58.445226523276574, -37.023366392968398 ], [ -58.443849463864012, -37.018616035767252 ], [ -58.445740370467774, -37.014146538035448 ], [ -58.447997739534003, -37.011335467100139 ], [ -58.45438661587707, -37.006985280474453 ], [ -58.454416588015533, -37.006971352423818 ], [ -58.457641671925614, -37.004344665266899 ], [ -58.461170013396895, -37.014527308074037 ], [ -58.461177817014914, -37.014538553128432 ], [ -58.461493577984356, -37.015487454491279 ], [ -58.461488408629634, -37.015503444339117 ], [ -58.461956666479011, -37.01691115214561 ], [ -58.463390122178396, -37.021688842579579 ], [ -58.466679798419932, -37.016897162098815 ], [ -58.468223329335672, -37.016650840762225 ], [ -58.467640108096873, -37.012891250395057 ], [ -58.480246821130095, -36.998624573469669 ], [ -58.489427055833005, -36.996956648448815 ], [ -58.486274422474992, -36.976154718713019 ], [ -58.479651523069322, -36.970002182257588 ], [ -58.477472912204689, -36.96868367108209 ], [ -58.476526789664035, -36.969346462920726 ], [ -58.476520977861355, -36.969365288301276 ], [ -58.476267966762521, -36.969550593577821 ], [ -58.476255829425952, -36.969555130973333 ], [ -58.46613504701179, -36.976771055743768 ], [ -58.463732774997766, -36.966515744362937 ], [ -58.463739928377152, -36.966492563187217 ], [ -58.463653702669717, -36.966199184487948 ], [ -58.460698407976565, -36.96413237808946 ], [ -58.454252101175484, -36.961886833824792 ], [ -58.453427355614565, -36.958723839916217 ], [ -58.454982444712357, -36.935733323261786 ], [ -58.456466623042104, -36.927035195530095 ], [ -58.476374395865207, -36.924372816322773 ], [ -58.476403445827827, -36.924364480731811 ], [ -58.484496040897795, -36.917408037151063 ], [ -58.50346352777251, -36.894538229529815 ], [ -58.504894249495408, -36.892421377014216 ], [ -58.507261198689207, -36.889473470883729 ], [ -58.507276498524277, -36.889424017601982 ], [ -58.507505412097373, -36.88917201989625 ], [ -58.509115479367722, -36.886772116184773 ], [ -58.509130326171601, -36.886723869914533 ], [ -58.510913868779426, -36.884232984936773 ], [ -58.508864786887614, -36.860559626421377 ], [ -58.506686634554626, -36.852123242050482 ], [ -58.506705041287034, -36.85206263820595 ], [ -58.505834807050803, -36.848635342727164 ], [ -58.505756490529734, -36.848578494521007 ], [ -58.505745645101683, -36.848584495955208 ], [ -58.505709582824977, -36.848427395380895 ], [ -58.50580743414065, -36.846541004530366 ], [ -58.50580397661173, -36.846491737899726 ], [ -58.506259241661724, -36.846098988630274 ], [ -58.506364859571704, -36.846045379100417 ], [ -58.506609412244586, -36.845310910528838 ], [ -58.506627241115382, -36.845240545972786 ], [ -58.506847843684398, -36.84484435213335 ], [ -58.50686806197848, -36.844778442068787 ], [ -58.506872577989384, -36.844769399683969 ], [ -58.506862150493191, -36.84391065001995 ], [ -58.506236841322789, -36.843372112119653 ], [ -58.506230618882284, -36.843356554949139 ], [ -58.504974638101999, -36.839100617283066 ], [ -58.503424774565417, -36.835500749035646 ], [ -58.510494060443591, -36.83292755899879 ], [ -58.510506182942493, -36.832923011547109 ], [ -58.511020339537481, -36.832690011223463 ], [ -58.51103650264622, -36.832693626786977 ], [ -58.512008772800129, -36.829802311680169 ], [ -58.512018743434282, -36.829772207156395 ], [ -58.511980204104532, -36.8297447152828 ], [ -58.511750394118735, -36.829168686145636 ], [ -58.511239272926616, -36.828422816511193 ], [ -58.511261902565025, -36.828348431927395 ], [ -58.512126605829565, -36.827931951769983 ], [ -58.512231399381108, -36.82822523289758 ], [ -58.51312116577617, -36.828262535559759 ], [ -58.513125254803754, -36.828314716665773 ], [ -58.526168758337633, -36.830042652531461 ], [ -58.536590247036429, -36.826164386940548 ], [ -58.542209999293277, -36.819749296280008 ], [ -58.544441067886169, -36.811957978534281 ], [ -58.544431490125817, -36.811918123116641 ], [ -58.560309933967801, -36.802742491496019 ], [ -58.559177056336807, -36.796108931204799 ], [ -58.559160746456598, -36.796046308483938 ], [ -58.559155444917394, -36.795987338674195 ], [ -58.559144350231065, -36.795923773176014 ], [ -58.55915846029967, -36.794195591537914 ], [ -58.559158524309169, -36.79413032874578 ], [ -58.560827136126591, -36.785262617875901 ], [ -58.558042095107794, -36.779076437917297 ], [ -58.55804515262588, -36.779046493037413 ], [ -58.559073743460942, -36.776704786253617 ], [ -58.559129957059724, -36.776618144065537 ], [ -58.562279219310085, -36.770578257933948 ], [ -58.565056515055744, -36.764633717007314 ], [ -58.565029258662037, -36.764603192113611 ], [ -58.565066800780869, -36.764570320781274 ], [ -58.565940168044619, -36.764339360252961 ], [ -58.566564300653795, -36.761485026984815 ], [ -58.566762209235378, -36.764446325689391 ], [ -58.566749803101061, -36.764522791090087 ], [ -58.568192096517123, -36.776423478092681 ], [ -58.568474828778221, -36.780496033399345 ], [ -58.568942120466033, -36.788446353701829 ], [ -58.570071783842479, -36.799425666858951 ], [ -58.573320559573233, -36.807603709018736 ], [ -58.575789170031669, -36.812902483619098 ], [ -58.576016456889818, -36.813463774085562 ], [ -58.576019457633038, -36.813479624690899 ], [ -58.576060749719318, -36.81358980595104 ], [ -58.576062217103015, -36.813605696539241 ], [ -58.576625453528152, -36.816007490501818 ], [ -58.57662250233227, -36.816019713202706 ], [ -58.583378258208484, -36.825624576562234 ], [ -58.587678224041042, -36.833345538463163 ], [ -58.591364477380353, -36.833073726539681 ], [ -58.591388642782476, -36.833084746750501 ], [ -58.591938865907309, -36.838037771496374 ], [ -58.592603894752074, -36.83879349211395 ], [ -58.59110409025709, -36.839762100788164 ], [ -58.590955612559583, -36.839903909925397 ], [ -58.589897845082874, -36.840129849691436 ], [ -58.589854250727967, -36.840112894890297 ], [ -58.58285382192787, -36.849951155142264 ], [ -58.580624550559833, -36.869966228484827 ], [ -58.585676210646966, -36.883452896509311 ], [ -58.585715986724949, -36.883453381343429 ], [ -58.588049589738091, -36.892234080387482 ], [ -58.588109335501542, -36.892284827447725 ], [ -58.588184369359681, -36.892543471719478 ], [ -58.587988662835016, -36.892504233560715 ], [ -58.587930342261131, -36.892506983141743 ], [ -58.580167086383938, -36.890771386907545 ], [ -58.580119722182872, -36.890730751749174 ], [ -58.563827051394867, -36.897453304824126 ], [ -58.552258506034491, -36.902675768288134 ], [ -58.561562306913515, -36.910505440812472 ], [ -58.577156991080358, -36.921429756323789 ], [ -58.594441510600802, -36.92258598169542 ], [ -58.599979785388484, -36.922325629861007 ], [ -58.613674007632653, -36.917007581214307 ], [ -58.614356737195237, -36.931665763428896 ], [ -58.614395447183881, -36.931698187169957 ], [ -58.632440454488517, -36.960178567306571 ], [ -58.643817711028817, -36.942778688373608 ], [ -58.647484607215063, -36.941935615387877 ], [ -58.722346784286685, -36.946215764973658 ], [ -58.727006716216636, -36.946089319199814 ], [ -58.755463368830135, -36.938617361387855 ], [ -58.760489901156063, -36.937195973022028 ], [ -58.760500193919654, -36.937191080366745 ], [ -58.762377955198758, -36.936924373781665 ], [ -58.762427593477582, -36.936906921801267 ], [ -58.765354945143827, -36.936020097334449 ], [ -58.768741339643213, -36.935178169867072 ], [ -58.798715375182041, -36.943583186626711 ], [ -58.81085568931212, -36.939164297437571 ], [ -58.820117220420286, -36.935431915859795 ], [ -58.820172260344918, -36.935397875870763 ], [ -58.826430817346193, -36.927060346844655 ], [ -58.845902090962738, -36.919074316278738 ], [ -58.862479021648312, -36.91183925117349 ], [ -58.864618818715655, -36.910980410211494 ], [ -58.864618332282987, -36.910977037506711 ], [ -58.879021204839205, -36.906763634544632 ], [ -58.879060582340117, -36.906757938328496 ], [ -58.883395892026897, -36.904811233430507 ], [ -58.883436786902223, -36.904785869149975 ], [ -58.892873481841548, -36.90053181095368 ], [ -58.892880951534494, -36.900492937325907 ], [ -58.892051148058613, -36.895295618380203 ], [ -58.893306048864133, -36.895094666125431 ], [ -58.893335299210094, -36.89507645124786 ], [ -58.906378882615286, -36.892824825119533 ], [ -58.906369767125909, -36.892814640122765 ], [ -58.906425409541839, -36.892780139723186 ], [ -58.907324750214286, -36.892690327968012 ], [ -58.907382488877545, -36.892654519955784 ], [ -58.910799840345589, -36.892098769118718 ], [ -58.910864594830741, -36.892058608797754 ], [ -58.911692230895824, -36.892043958924091 ], [ -58.912125665069084, -36.891845228735008 ], [ -58.911801244793821, -36.892186194722342 ], [ -58.9117930643813, -36.892236028302193 ], [ -58.910867972572078, -36.893160417119759 ], [ -58.91080855490884, -36.893197266403945 ], [ -58.910668869940196, -36.893405493389082 ], [ -58.910611241755248, -36.89344122504059 ], [ -58.906682945379032, -36.897571066783769 ], [ -58.90575055077403, -36.908148403445978 ], [ -58.905264882968254, -36.90936949867114 ], [ -58.905234527758523, -36.909388412328553 ], [ -58.893783281143783, -36.910562717907283 ], [ -58.890052436875294, -36.914373056735656 ], [ -58.890051596287947, -36.91438474985199 ], [ -58.888767331743111, -36.915679589061199 ], [ -58.888753265664775, -36.915688296568533 ], [ -58.881373025763537, -36.919689187744552 ], [ -58.867218823317842, -36.932463872119229 ], [ -58.847500764235122, -36.963942042380495 ], [ -58.84102140782494, -36.976019924648597 ], [ -58.840356462493958, -36.979255584168982 ], [ -58.834164966348055, -36.978705766659687 ], [ -58.819367422968355, -36.992544809311369 ], [ -58.808346963522524, -37.028367653121052 ], [ -58.796877692382168, -37.049631550546053 ], [ -58.796926137236255, -37.067463441881159 ], [ -58.725878906676371, -37.068665669996619 ], [ -58.71427818774805, -37.074986687662772 ], [ -58.714615043706033, -37.079061429661522 ], [ -58.713633587029392, -37.082910167026967 ], [ -58.704943968096359, -37.102352268252446 ], [ -58.698282439137301, -37.120990554198613 ], [ -58.694637192052255, -37.130033022180385 ], [ -58.691166537660365, -37.131830591078653 ], [ -58.688243173904596, -37.142018342445795 ], [ -58.704980546840659, -37.150854518344772 ], [ -58.734466614446433, -37.157765727941978 ], [ -58.739362118700058, -37.161414113036813 ], [ -58.739412326390777, -37.161382764215887 ], [ -58.74129931555143, -37.160574920210763 ], [ -58.785443558328097, -37.200324704141622 ], [ -58.78418750204645, -37.207184342080666 ], [ -58.783623703291028, -37.212834505122999 ], [ -58.7836807500492, -37.212837447844777 ], [ -58.790775476857107, -37.210281049240791 ], [ -58.78907579314847, -37.214435697448266 ], [ -58.788065262773273, -37.216898809732811 ], [ -58.788445315660397, -37.219254980259848 ], [ -58.788320359794113, -37.231916760486115 ], [ -58.789973300150109, -37.238795656463765 ], [ -58.800628620407224, -37.237759345879567 ], [ -58.807467449343278, -37.238326940541242 ], [ -58.808121329146729, -37.238268300039692 ], [ -58.808128743783811, -37.23827063566614 ], [ -58.809050919613924, -37.238190277310082 ], [ -58.813633934836901, -37.238371808722491 ], [ -58.824063038527129, -37.24121385925838 ], [ -58.829724464448873, -37.238881527298531 ], [ -58.831454748081171, -37.242971256421015 ], [ -58.83907958790229, -37.256128330488764 ], [ -58.848561807172189, -37.258392449901805 ], [ -58.849840938147338, -37.258650613092584 ], [ -58.850750014771108, -37.259546825679706 ], [ -58.852190477801912, -37.261235262435434 ], [ -58.858846877959991, -37.268585553145385 ], [ -58.85247723441023, -37.268604850560791 ], [ -58.861052624462616, -37.287085192937525 ], [ -58.865143427269402, -37.286099917261026 ], [ -58.871673200504972, -37.290222705193287 ], [ -58.876619970533682, -37.293300169618192 ], [ -58.876636323349828, -37.29331206449092 ], [ -58.88341593562933, -37.294999815056542 ], [ -58.886382567357259, -37.294628552216238 ], [ -58.887701909953137, -37.294450932135192 ], [ -58.888058785388921, -37.293178634730623 ], [ -58.889208156498853, -37.292037356231276 ], [ -58.885373847168012, -37.287399436416933 ], [ -58.887491555813256, -37.285258703486022 ], [ -58.878279854227003, -37.275194894891001 ], [ -58.878281195476802, -37.275191315566531 ], [ -58.878215077104699, -37.275092267350033 ], [ -58.893618122593182, -37.274603056368107 ], [ -58.893661950773662, -37.274590344269711 ], [ -58.910505220391826, -37.267160914612703 ], [ -58.910680077658071, -37.267084572134422 ], [ -58.910741488394194, -37.267066924630683 ], [ -58.910841474422114, -37.267023396499383 ], [ -58.910836524920398, -37.267119702303148 ], [ -58.910787399224887, -37.267180162511465 ], [ -58.920070361533874, -37.269221616981042 ], [ -58.92749478274493, -37.272462947385804 ], [ -58.932643124348544, -37.271603594804276 ], [ -58.93650129233464, -37.270375847639173 ], [ -58.950575867391876, -37.265976137186954 ], [ -58.954515327444369, -37.263525496660009 ], [ -58.960194382218617, -37.26411277455901 ], [ -58.969015616567901, -37.265379149120349 ], [ -58.982455015434311, -37.267380107578788 ], [ -58.982486255326137, -37.267377501860324 ], [ -58.991401853777177, -37.264288884638631 ], [ -58.991438498393791, -37.264261973562498 ], [ -58.996889810676237, -37.25117521490273 ], [ -58.998724206024235, -37.251248965894149 ], [ -58.998739422183576, -37.251237789787979 ], [ -58.999283216457002, -37.251886198971874 ], [ -58.999300848086421, -37.251873248728657 ], [ -58.999046555992209, -37.251260302310243 ], [ -58.999062344608035, -37.251248706850447 ], [ -59.001559121179923, -37.251333011426823 ], [ -59.012968179108611, -37.252969108859475 ], [ -59.016139360765806, -37.252076593025436 ], [ -59.020157003719589, -37.247718644082397 ], [ -59.025434837209957, -37.244029930794341 ], [ -59.027395940619385, -37.238885625936064 ], [ -59.027404347257175, -37.238879362385489 ], [ -59.028281419317466, -37.238906066982167 ], [ -59.0357432024486, -37.240880370416392 ], [ -59.035763859801136, -37.24088152343711 ], [ -59.038415573720329, -37.240483831972654 ], [ -59.038415332449858, -37.240458679365702 ], [ -59.043237625218524, -37.239599356698193 ], [ -59.043249990552169, -37.239599017800401 ], [ -59.043305785091718, -37.239591001904444 ], [ -59.042430778329049, -37.241815207948775 ], [ -59.04949671489652, -37.247806590996788 ], [ -59.051708739923242, -37.251116400966964 ], [ -59.061194736604989, -37.25570786028976 ], [ -59.073785719792511, -37.25669409625624 ], [ -59.083680585709828, -37.258495214533866 ], [ -59.084824723673137, -37.255947857662989 ], [ -59.086283261265351, -37.251641088272095 ], [ -59.086283167072338, -37.251612968911502 ], [ -59.089204736097884, -37.242506029852791 ], [ -59.089262984530535, -37.242325701834943 ], [ -59.089373781073846, -37.241979091130361 ], [ -59.088950084725468, -37.241260800731027 ], [ -59.083247985088178, -37.231555734026074 ], [ -59.080591061953726, -37.227034843602837 ], [ -59.080397200925404, -37.226840521336101 ], [ -59.080307402188055, -37.226780817669635 ], [ -59.079166614675444, -37.225690158906787 ], [ -59.079175291980448, -37.225683709182192 ], [ -59.072271723467338, -37.219415964135351 ], [ -59.0720558920043, -37.2182111916905 ], [ -59.074227979375962, -37.214733386726152 ], [ -59.073875854377832, -37.210924886313592 ], [ -59.073657905382788, -37.210316342009946 ], [ -59.070268047688614, -37.205311336569139 ], [ -59.068359582199946, -37.202231737355817 ], [ -59.073362557563883, -37.204963084324504 ], [ -59.077321290215536, -37.207148209888203 ], [ -59.078031300359271, -37.207275093437659 ], [ -59.082121290001623, -37.210084242617143 ], [ -59.084546189462685, -37.211664064613217 ], [ -59.086493505120188, -37.213233029549315 ], [ -59.090791052234465, -37.214931169288718 ], [ -59.098185825908843, -37.212470896540879 ], [ -59.099485913183912, -37.212386151827218 ], [ -59.099494710784427, -37.212375069706866 ], [ -59.100243674305318, -37.210012844919447 ], [ -59.101759447965321, -37.213204940087564 ], [ -59.105587293549661, -37.216650289847621 ], [ -59.107812217236642, -37.219167525228841 ], [ -59.115342030044474, -37.227686643928791 ], [ -59.115231858129334, -37.230956359282288 ], [ -59.118881733712612, -37.231726449205951 ], [ -59.120293670355579, -37.235493788884469 ], [ -59.12189187386565, -37.236025225927051 ], [ -59.129277000075149, -37.240026265904874 ], [ -59.132241708311767, -37.239466775680285 ], [ -59.132253925921191, -37.239464659972327 ], [ -59.139641840942886, -37.23301705433272 ], [ -59.14194573266019, -37.237750181238596 ], [ -59.146181929981651, -37.241526509200469 ], [ -59.148091650153788, -37.243541852221654 ], [ -59.176934906726387, -37.252908390736764 ], [ -59.176992552669844, -37.252864470727616 ], [ -59.177183522377732, -37.252953220417112 ], [ -59.177241454502962, -37.252909082810106 ], [ -59.179880201719584, -37.253667431928193 ], [ -59.179883481810123, -37.253672281101444 ], [ -59.181640683248588, -37.25370765949674 ], [ -59.181527910177181, -37.255025186793148 ], [ -59.185270740936005, -37.262678865268867 ], [ -59.185242015868539, -37.26269044746897 ], [ -59.185961700314692, -37.27145068939177 ], [ -59.187637241627158, -37.272060250228037 ], [ -59.187666688187448, -37.272087059026887 ], [ -59.189955616091027, -37.272868701186496 ], [ -59.189978560642089, -37.272888373016428 ], [ -59.190699663983423, -37.273451558755369 ], [ -59.189579374668995, -37.2745772708613 ], [ -59.189557347001141, -37.274607094700002 ], [ -59.192957797831411, -37.274753961943588 ], [ -59.193960684088893, -37.275620471282025 ], [ -59.194015774760032, -37.275624284850664 ], [ -59.194753725185876, -37.277228113138733 ], [ -59.195579809599394, -37.27807880736276 ], [ -59.195607886391201, -37.278102445716627 ], [ -59.20127733753344, -37.278538791774849 ], [ -59.201305481852216, -37.27532172129861 ], [ -59.201284359055308, -37.275210525469618 ], [ -59.202360217049431, -37.274797852896427 ], [ -59.207047621219317, -37.274658250905929 ], [ -59.207964642647994, -37.272840722973342 ], [ -59.210994928259595, -37.271393221369237 ], [ -59.215826143069023, -37.268408140882173 ], [ -59.216731048448366, -37.267826845063496 ], [ -59.21676417409185, -37.26777697186327 ], [ -59.219357527305192, -37.265898989160405 ], [ -59.219353035002371, -37.264682553214755 ], [ -59.219599809780505, -37.264518990963552 ], [ -59.221067085090738, -37.264624697138288 ], [ -59.224370453849986, -37.262840114648839 ], [ -59.224371697876279, -37.262897545223552 ], [ -59.22437311033417, -37.262897415305531 ], [ -59.22341147843747, -37.266491476154101 ], [ -59.223393531662396, -37.26673035140567 ], [ -59.223824910262181, -37.268197195352684 ], [ -59.223792856006924, -37.270459254618288 ], [ -59.223754711437266, -37.271063906602762 ], [ -59.223733572781043, -37.271095584478985 ], [ -59.222821723196034, -37.277373487567388 ], [ -59.230581604850613, -37.28020286504352 ], [ -59.238540763372271, -37.282857812778616 ], [ -59.235534589092822, -37.291965511499143 ], [ -59.234229337628562, -37.295863256571351 ], [ -59.234223366523793, -37.295862960789748 ], [ -59.233918492206271, -37.295828755118009 ], [ -59.233865728231081, -37.295828005024077 ], [ -59.233866357048782, -37.295784136428324 ], [ -59.232869291552902, -37.295703940943554 ], [ -59.232665478143929, -37.295365059898188 ], [ -59.232643238246624, -37.29531690968895 ], [ -59.23121693313135, -37.294905463154691 ], [ -59.227161743722547, -37.294317318463982 ], [ -59.223671473895081, -37.29481843009944 ], [ -59.223628648077522, -37.294813720909417 ], [ -59.217161064983713, -37.29535151637225 ], [ -59.21712259818662, -37.295381110919436 ], [ -59.213679700189061, -37.295825504077357 ], [ -59.215982559512497, -37.30291804860201 ], [ -59.217230092685497, -37.305025919475668 ], [ -59.219735272817559, -37.309241803580676 ], [ -59.220550218596884, -37.310410686058162 ], [ -59.228850290611433, -37.313258387959308 ], [ -59.228850536417838, -37.313258939745765 ], [ -59.228942306054364, -37.313249592018337 ], [ -59.228932924829564, -37.313445709222776 ], [ -59.228930956047805, -37.31348997872783 ], [ -59.228875573107644, -37.313487087843328 ], [ -59.228793495606567, -37.315381153651856 ], [ -59.227911370725167, -37.31742312946227 ], [ -59.226159274909946, -37.330582225807291 ], [ -59.232980541181803, -37.335763722788442 ], [ -59.231827650968967, -37.338212769155405 ], [ -59.242540444964504, -37.360534914805612 ], [ -59.248418280083968, -37.364257766171818 ], [ -59.248606108008346, -37.366937039796483 ], [ -59.249038939127047, -37.370538381738982 ], [ -59.250528579994409, -37.374202856504667 ], [ -59.258017558946392, -37.393263851663278 ], [ -59.256570064766777, -37.395541920931691 ], [ -59.256641729349155, -37.398054645110278 ], [ -59.258091777035588, -37.410020370310292 ], [ -59.26151586750882, -37.41229224001404 ], [ -59.261528612399616, -37.412303100783674 ], [ -59.261759492130807, -37.413008237999748 ], [ -59.261827201066751, -37.421619278127082 ], [ -59.26329551174797, -37.423734606047731 ], [ -59.263325976676356, -37.423760522389443 ], [ -59.264598942033558, -37.424459922876736 ], [ -59.266514668839079, -37.424428470639668 ], [ -59.266513973721544, -37.424368271787159 ], [ -59.266975020707889, -37.424054787304613 ], [ -59.266994057418231, -37.42406373831426 ], [ -59.268030922127423, -37.423937009969393 ], [ -59.268014285379024, -37.423973303849095 ], [ -59.271715772670632, -37.424606955330091 ], [ -59.284085853810211, -37.425651509738259 ], [ -59.289994725700126, -37.425866239027584 ], [ -59.290016553287046, -37.425848200495921 ], [ -59.29191672715217, -37.42536916968686 ], [ -59.291912993997926, -37.425337383133467 ], [ -59.29195307636229, -37.425332228427919 ], [ -59.294175228186987, -37.424719524814122 ], [ -59.294357930934495, -37.428371805792722 ], [ -59.29431481278732, -37.428415626239939 ], [ -59.294526403972043, -37.432791788249745 ], [ -59.290667767501702, -37.438263863017994 ], [ -59.290638796625501, -37.438262165164133 ], [ -59.28863943004103, -37.444101600916326 ], [ -59.289226825906326, -37.445894351046093 ], [ -59.28984630127519, -37.446846437700572 ], [ -59.289850483370401, -37.446855004310237 ], [ -59.289865761671592, -37.44687114827525 ], [ -59.289869230750128, -37.446880001679574 ], [ -59.291808969711667, -37.447813229046972 ], [ -59.298656449780594, -37.440022959391342 ], [ -59.299257632662147, -37.440494402204877 ], [ -59.303758770313095, -37.440816074446673 ], [ -59.324775134401932, -37.444933471265983 ], [ -59.325680377886613, -37.445050896503517 ], [ -59.333183182680614, -37.45233822475717 ], [ -59.345860572862136, -37.476457430626965 ], [ -59.346867582578909, -37.478858849377559 ], [ -59.348601303717828, -37.480308380484246 ], [ -59.348625053918227, -37.480323353675033 ], [ -59.357196400058626, -37.48001161508364 ], [ -59.362818827957085, -37.47928313596492 ], [ -59.362870693839682, -37.479322252147199 ], [ -59.367301456856183, -37.480275740765592 ], [ -59.371161574185521, -37.486118796671803 ], [ -59.376644365953325, -37.491960990824168 ], [ -59.378529923455517, -37.49501223405116 ], [ -59.380088786499982, -37.495259721424759 ], [ -59.380698719264444, -37.494828831483687 ], [ -59.380742935587648, -37.494807283845262 ], [ -59.382122599977038, -37.493066441439851 ], [ -59.38212487915888, -37.49302403781212 ], [ -59.382443673838793, -37.491712362617193 ], [ -59.383215913991478, -37.491590570099845 ], [ -59.384110098358917, -37.49167654533602 ], [ -59.384154176529307, -37.491737611954022 ], [ -59.38624209667131, -37.491706919258604 ], [ -59.394915648833944, -37.502781009493106 ], [ -59.402317728410935, -37.512371293800243 ], [ -59.402386291164134, -37.512404434014229 ], [ -59.404145418432506, -37.514625951708183 ], [ -59.403563523721687, -37.514487801045391 ], [ -59.403509876277326, -37.514497228679147 ], [ -59.401526132184188, -37.514223045443828 ], [ -59.389921609738508, -37.511710495629416 ], [ -59.372104718666947, -37.507907956922566 ], [ -59.372155886616213, -37.507854175036698 ], [ -59.371265977411497, -37.507679635007491 ], [ -59.371227966638628, -37.507684196970786 ], [ -59.37108846044805, -37.507701423236313 ], [ -59.371088354406368, -37.507703948090352 ], [ -59.371037183402393, -37.507757733187077 ], [ -59.371022943264109, -37.507909081409821 ], [ -59.371039137209664, -37.507909848928421 ], [ -59.371021410968012, -37.508523477547158 ], [ -59.370958808574699, -37.508569596132645 ], [ -59.37065500969544, -37.508321819461571 ], [ -59.370307842308478, -37.508447995053416 ], [ -59.367123914464969, -37.508288701779975 ], [ -59.362102138449586, -37.504320048769216 ], [ -59.356394431473575, -37.504867489572575 ], [ -59.353918433784202, -37.505321810800694 ], [ -59.353894177692212, -37.505314717998431 ], [ -59.352876135235306, -37.504927224105813 ], [ -59.350322860290419, -37.504382284733708 ], [ -59.350321194355217, -37.504380448076063 ], [ -59.342124712801819, -37.499198277286837 ], [ -59.338694675268187, -37.497493671461086 ], [ -59.335692797363265, -37.496550795341875 ], [ -59.332126712860031, -37.495318236626247 ], [ -59.329551319961524, -37.494432390087809 ], [ -59.329537897472505, -37.494426019207026 ], [ -59.329475431977983, -37.494440531400073 ], [ -59.326518385710472, -37.494255346168302 ], [ -59.322398885850475, -37.493186380479244 ], [ -59.322339921867012, -37.493200072154252 ], [ -59.311297832031642, -37.502210364059465 ], [ -59.311291025866751, -37.50223969755217 ], [ -59.310912590370037, -37.503938273296228 ], [ -59.30920811092426, -37.503546549206987 ], [ -59.309150583950441, -37.503500302518262 ], [ -59.293891381291019, -37.505142947785828 ], [ -59.293881401315105, -37.505151555030864 ], [ -59.293381544810472, -37.506352992720281 ], [ -59.291118253958189, -37.506250093996698 ], [ -59.285628390451734, -37.505782968136373 ], [ -59.285629585601328, -37.505774422034619 ], [ -59.271962958277356, -37.503409257442172 ], [ -59.271539151875743, -37.491903375343099 ], [ -59.271535986176048, -37.491882151850518 ], [ -59.26148581194559, -37.481887852760508 ], [ -59.252757601417841, -37.480022210342554 ], [ -59.252737203334789, -37.480019190248584 ], [ -59.252661818309662, -37.479991664339138 ], [ -59.252641068641083, -37.479992773942286 ], [ -59.25152889824858, -37.479681472411244 ], [ -59.251511222683064, -37.479682419227743 ], [ -59.227324214756891, -37.485571174889401 ], [ -59.232145190038807, -37.488128992954501 ], [ -59.227204259385189, -37.504822619619233 ], [ -59.218952830320177, -37.505050187481913 ], [ -59.218927023218669, -37.505069401868525 ], [ -59.215942487298491, -37.516884973046899 ], [ -59.207806905710527, -37.533608558472451 ], [ -59.207775052979684, -37.533623745660236 ], [ -59.202048955487669, -37.544462785138251 ], [ -59.2006125591451, -37.545890587567726 ], [ -59.194655401501905, -37.552376706610914 ], [ -59.192555775965559, -37.554989475571801 ], [ -59.19253435539315, -37.555001378103668 ], [ -59.189904488421803, -37.558640230811193 ], [ -59.180826912571888, -37.557248666684302 ], [ -59.18082299769236, -37.557199391281529 ], [ -59.177207734930846, -37.556682922626578 ], [ -59.157997288498905, -37.550039809812006 ], [ -59.138720246095431, -37.549388832003444 ], [ -59.138698724110611, -37.549362818657187 ], [ -59.140868921365211, -37.540460708929345 ], [ -59.136267081520202, -37.510978164534436 ], [ -59.13967611921538, -37.490440182599741 ], [ -59.140203252945923, -37.490347252657102 ], [ -59.140217063078126, -37.490360004721822 ], [ -59.140238751349159, -37.490347413263805 ], [ -59.140253506805095, -37.490359431920808 ], [ -59.143974180888165, -37.489997362117606 ], [ -59.147241963618171, -37.489515488001189 ], [ -59.150355185552371, -37.48939299921318 ], [ -59.150447109105755, -37.489367451632688 ], [ -59.14812688790721, -37.484169773376607 ], [ -59.144711336139494, -37.47651839811607 ], [ -59.145474761554624, -37.474665457051003 ], [ -59.145387121986403, -37.474504726101941 ], [ -59.145038197502117, -37.471055815256136 ], [ -59.136649727685096, -37.456281278123015 ], [ -59.126918289552293, -37.455393556693934 ], [ -59.126877837143184, -37.455406721583302 ], [ -59.121002806211607, -37.46019159564969 ], [ -59.120969329586671, -37.460202538484509 ], [ -59.116595524473439, -37.460072694463179 ], [ -59.05407710991642, -37.473030063295823 ], [ -59.03555629196677, -37.472939041867846 ], [ -59.027356951637557, -37.481566407133414 ], [ -59.023562266792283, -37.482204243716239 ], [ -59.022294421834374, -37.483612494027909 ], [ -59.023778181146213, -37.491160000486104 ], [ -59.099600347470584, -37.548923351703024 ], [ -59.099588890070208, -37.548973044810054 ], [ -59.099969174119565, -37.57942273673109 ], [ -59.110738819030416, -37.579699141717924 ], [ -59.105151356682541, -37.60341155221289 ], [ -59.104214005637573, -37.609940938480804 ], [ -59.101849911995714, -37.614350773532692 ], [ -59.100408975990376, -37.614816253130584 ], [ -59.099991579259324, -37.61495108847754 ], [ -59.061569795899402, -37.682962876893043 ], [ -59.060539880104159, -37.684710555957452 ], [ -59.060470287361113, -37.684811589883907 ], [ -59.060477680960162, -37.684888794003655 ], [ -59.060564262052253, -37.685028410786913 ], [ -59.060564649070784, -37.685028152607231 ], [ -59.060564831743136, -37.685028810868403 ], [ -59.066964785872017, -37.705285210341572 ], [ -59.067665588864884, -37.711171500645378 ], [ -59.060429767536732, -37.709814463859402 ], [ -59.057755744815438, -37.711848824252797 ], [ -59.022526858912386, -37.727110391640053 ], [ -59.023483915478494, -37.731592246368393 ], [ -59.018219496060738, -37.727956605613542 ], [ -59.021716886613547, -37.760138501075005 ], [ -59.029175383959, -37.760621938374641 ], [ -59.029120537485483, -37.760664809352932 ], [ -59.030163464693828, -37.760803365997674 ], [ -59.029957041947284, -37.761380202453608 ], [ -59.030011361582581, -37.761382278156077 ], [ -59.028797535110698, -37.766512133435924 ], [ -59.027814256365502, -37.766682905875655 ], [ -59.023640481116274, -37.774874363561537 ], [ -59.023600342354541, -37.774908536446219 ], [ -59.022145606515551, -37.777246220879817 ], [ -59.002091751729267, -37.784305646449695 ], [ -59.001993585709954, -37.784276828075178 ], [ -58.994757678155395, -37.782916656221801 ], [ -58.994293696758291, -37.781528107631459 ], [ -58.980450562729857, -37.778166562940612 ], [ -58.972591896240374, -37.781425903975787 ], [ -58.970564364507936, -37.780920087587447 ], [ -58.965715057424916, -37.782186257138733 ], [ -58.933919618009725, -37.784617319530298 ], [ -58.933940327515018, -37.784662679190319 ], [ -58.933817937776098, -37.784789384166515 ], [ -58.933272496635539, -37.812246038899673 ], [ -58.936067562089477, -37.814366557251276 ], [ -58.936078853978415, -37.814376785440686 ], [ -58.950093476320262, -37.818565913678299 ], [ -58.93674766785017, -37.827088494896032 ], [ -58.937806590783225, -37.839363167323029 ], [ -58.93024192533602, -37.852617364233026 ], [ -58.925991471446935, -37.853451854271043 ], [ -58.922344141897895, -37.86153972047299 ], [ -58.922442696565042, -37.862080035413044 ], [ -58.921899438012247, -37.864828732989452 ], [ -58.916245180673627, -37.876942466529101 ], [ -58.916657269879693, -37.878748349402201 ], [ -58.917482006766022, -37.881554672327809 ], [ -58.915168210215029, -37.88276472792387 ], [ -58.915154256241522, -37.88277248772124 ], [ -58.912372365405588, -37.880703496501098 ], [ -58.911048156305981, -37.8803848496824 ], [ -58.910873972363447, -37.880271420009876 ], [ -58.910199177765719, -37.876107104413791 ], [ -58.902353085454649, -37.859113511858084 ], [ -58.902339822138629, -37.859062953924877 ], [ -58.892032525806144, -37.848820958976717 ], [ -58.892006586640775, -37.848792991032497 ], [ -58.883381913986057, -37.846147375888734 ], [ -58.88055682785, -37.845528137031124 ], [ -58.860583291606929, -37.839157601386603 ], [ -58.808696617294686, -37.886283713878697 ], [ -58.805374135869101, -37.890368924752977 ], [ -58.803862262748225, -37.88860220720187 ], [ -58.803689610505955, -37.892873928599727 ], [ -58.80370760430327, -37.892889042450349 ], [ -58.804260170209716, -37.893610058251738 ], [ -58.802962938237897, -37.896142717641851 ], [ -58.80296467760968, -37.896163885637463 ], [ -58.806697095169568, -37.906434614246564 ], [ -58.800590408967253, -37.905113913898049 ], [ -58.800547968045123, -37.905078347011795 ], [ -58.782407379561903, -37.898686655434176 ], [ -58.779372897713642, -37.897719891302415 ], [ -58.779362316421725, -37.897711029104585 ], [ -58.777952053169315, -37.897269633169685 ], [ -58.7768934402431, -37.896928827093689 ], [ -58.774558858732064, -37.8971012991355 ], [ -58.774720035049597, -37.898493099669679 ], [ -58.776530225328713, -37.902895294812254 ], [ -58.795897633766572, -37.932685377971211 ], [ -58.803567481979542, -37.944922617762018 ], [ -58.803766751322541, -37.945074718883575 ], [ -58.811304872950416, -37.95349332458386 ], [ -58.814046710727609, -37.953996377563328 ], [ -58.810864453121212, -37.96344092823108 ], [ -58.812770953181769, -37.968053337387914 ], [ -58.811441741067881, -37.969815034967723 ], [ -58.811403088986822, -37.969863777506703 ], [ -58.810515563366891, -37.971537765599578 ], [ -58.798183951819055, -37.967968471364031 ], [ -58.798181337981646, -37.967972867442484 ], [ -58.79730334126765, -37.967820646462201 ], [ -58.78971368942365, -37.981182296030397 ], [ -58.789675446577519, -37.981211224036883 ], [ -58.777209955879187, -37.977518742585232 ], [ -58.757760648121916, -37.986448018367412 ], [ -58.759815954124349, -37.992242529699752 ], [ -58.760846360256664, -37.996427756540584 ], [ -58.748668838689809, -38.021963651421629 ], [ -58.749206392083011, -38.027041359738178 ], [ -58.750203867345931, -38.029698556123435 ], [ -58.75021339395164, -38.029729503943372 ], [ -58.753104066598951, -38.034535438362525 ], [ -58.757975267241534, -38.040362926198725 ], [ -58.758008665216209, -38.040372876610832 ], [ -58.760660678892975, -38.040735745427185 ], [ -58.760699188305978, -38.040753011981224 ], [ -58.763359179718634, -38.044549460896746 ], [ -58.769706171835821, -38.050509051886934 ], [ -58.7712659783802, -38.075761116877288 ], [ -58.768705178842538, -38.081478110145952 ], [ -58.771065436348522, -38.088087054242123 ], [ -58.773241267369826, -38.086423495927704 ], [ -58.781088762801971, -38.089320050145375 ], [ -58.781721792689325, -38.0904753732014 ], [ -58.783394329754685, -38.090171047732838 ], [ -58.786036437520067, -38.091892483164372 ], [ -58.789305232293259, -38.092997545458161 ], [ -58.789532612274854, -38.093106275033904 ], [ -58.789584343831393, -38.093091903250922 ], [ -58.789703313917869, -38.093059668605918 ], [ -58.7897044938112, -38.093058788919734 ], [ -58.805207946767837, -38.082078812788325 ], [ -58.811654402347131, -38.081968648029772 ], [ -58.812019438722132, -38.081937488855488 ], [ -58.812464519230673, -38.081926718317447 ], [ -58.830740531373976, -38.081502383026361 ], [ -58.830686013505897, -38.083781289174055 ], [ -58.830708265367036, -38.083800042727603 ], [ -58.830408621121649, -38.094151296935536 ], [ -58.830457313109832, -38.094192144803401 ], [ -58.83030759041543, -38.097936015920936 ], [ -58.830343627113166, -38.098903782469279 ], [ -58.830335552278484, -38.098903582768287 ], [ -58.828748889078611, -38.098547053558434 ], [ -58.828698022677031, -38.098545647219908 ], [ -58.82869913852187, -38.098505317653974 ], [ -58.824980013090624, -38.097688650493239 ], [ -58.824527122394841, -38.097686303761009 ], [ -58.824499810148666, -38.097706465600481 ], [ -58.822968171193793, -38.101001763242209 ], [ -58.823656414591198, -38.103624352270799 ], [ -58.823676478516916, -38.103641218394614 ], [ -58.82936619202178, -38.106596972298348 ], [ -58.829401363562397, -38.106626520736995 ], [ -58.827200354728973, -38.116485093622316 ], [ -58.826620641815566, -38.116495460197143 ], [ -58.825903534798897, -38.116479445023856 ], [ -58.82562429113068, -38.12528593513548 ], [ -58.825326858668461, -38.131817365371319 ], [ -58.825403426974844, -38.131819575237387 ], [ -58.825284036170842, -38.134901688563104 ], [ -58.825282933697906, -38.13493982289117 ], [ -58.825275802949704, -38.134950610623832 ], [ -58.825096381228946, -38.13898880749133 ], [ -58.824848634431987, -38.145751687248151 ], [ -58.824514053631674, -38.154346777930073 ], [ -58.824513551827238, -38.154364329196653 ], [ -58.824136153017321, -38.154354914619887 ], [ -58.823951661193917, -38.159114699577799 ], [ -58.823967244198229, -38.159127818245622 ], [ -58.82441515496015, -38.159106311508253 ], [ -58.824785962302997, -38.15915519046024 ], [ -58.823404744759728, -38.17088058111085 ], [ -58.823413410167518, -38.170880850319691 ], [ -58.82322341927852, -38.172767661137584 ], [ -58.824442352387109, -38.172742370075639 ], [ -58.824451722568256, -38.172746862446445 ], [ -58.824260074715937, -38.174367324880905 ], [ -58.824258629221447, -38.174410708060805 ], [ -58.824204272219276, -38.174409236335748 ], [ -58.823596464473439, -38.186471845313747 ], [ -58.823624378403338, -38.186493469909806 ], [ -58.824116008908447, -38.186458759815366 ], [ -58.823935058553047, -38.196711386178322 ], [ -58.823888711282166, -38.196710701905658 ], [ -58.823888515356714, -38.196723155232462 ], [ -58.820856287513777, -38.196688200472863 ], [ -58.820820297334933, -38.196715467975935 ], [ -58.818478719476389, -38.19665307928949 ], [ -58.818443078938174, -38.196680039239141 ], [ -58.818329060290466, -38.204385216389028 ], [ -58.81819768553089, -38.210022415539356 ], [ -58.818197232704108, -38.210048333666009 ], [ -58.817753786303626, -38.210047715689313 ], [ -58.817726300092204, -38.210068998493114 ], [ -58.817691475125969, -38.210068535964353 ], [ -58.813645585970391, -38.209997255603469 ], [ -58.811007887869437, -38.209980449211514 ], [ -58.803440545491128, -38.209919130457365 ], [ -58.793430039866337, -38.209773670211916 ], [ -58.792944141717783, -38.20976765910126 ], [ -58.7922250759093, -38.209760612549758 ], [ -58.792166171700046, -38.209804994831529 ], [ -58.792140319046439, -38.210728148385101 ], [ -58.792162852129991, -38.210728592976238 ], [ -58.792162535138857, -38.210746078752607 ], [ -58.792157689974317, -38.212408277670249 ], [ -58.79004743473763, -38.212400680505141 ], [ -58.790014508822651, -38.212400745635534 ], [ -58.790014498787741, -38.212374098256987 ], [ -58.788126938052926, -38.212385918641132 ], [ -58.788071469318766, -38.212429206769229 ], [ -58.787520311248841, -38.214346401205148 ], [ -58.787653027901968, -38.217791326836391 ], [ -58.787669625055855, -38.217791720821765 ], [ -58.788104132623403, -38.227311472993051 ], [ -58.78836028227073, -38.232194150579289 ], [ -58.788359656368414, -38.232221363202996 ], [ -58.788331444748394, -38.232241947472744 ], [ -58.788298754658854, -38.232927688731365 ], [ -58.784597767142373, -38.232730274543883 ], [ -58.784582625104463, -38.232741737634456 ], [ -58.784536030632182, -38.232703606342113 ], [ -58.782652736314333, -38.2354630203086 ], [ -58.773421671832125, -38.242803197785634 ], [ -58.773387657458841, -38.242817267079261 ], [ -58.773208454555856, -38.245054174099153 ], [ -58.773136456767133, -38.249615984420188 ], [ -58.773337017169183, -38.249660227356344 ], [ -58.77333510135901, -38.249670477003178 ], [ -58.767663118194207, -38.271408933846146 ], [ -58.762650774435485, -38.28239091817693 ], [ -58.755571101401074, -38.300806545787452 ], [ -58.754872909086373, -38.311001889217891 ], [ -58.754895427249892, -38.311028069894007 ], [ -58.747117423736881, -38.324517047829715 ], [ -58.743247383057394, -38.334867561430599 ], [ -58.746825541858016, -38.348941654344003 ], [ -58.748564655075654, -38.353225141256473 ], [ -58.749725106372409, -38.366113334902309 ], [ -58.764426247664289, -38.37342529565916 ], [ -58.752394473967513, -38.38158281940963 ], [ -58.752020047029646, -38.381986408228443 ], [ -58.751559631397356, -38.385425398526309 ], [ -58.751872201335118, -38.38649994306428 ], [ -58.756816863838708, -38.385413689618133 ], [ -58.756853576124911, -38.385415399958788 ], [ -58.762367123454624, -38.384847113695344 ], [ -58.765596272199218, -38.385034665255034 ], [ -58.765639213991733, -38.385075868600836 ], [ -58.763659240034315, -38.391714943329021 ], [ -58.763612805002765, -38.391715463624848 ], [ -58.776335994250019, -38.418001163029487 ], [ -58.78672938446914, -38.414555175379178 ], [ -58.797744721448566, -38.402180834402316 ], [ -58.801034245839844, -38.399820962319552 ], [ -58.80103829005418, -38.399818105175427 ], [ -58.801948538239174, -38.399665540777619 ], [ -58.802227818355163, -38.396859665778777 ], [ -58.802214049596955, -38.396859508074272 ], [ -58.802215787671003, -38.396819972221294 ], [ -58.797915235358573, -38.385063288388835 ], [ -58.797954572102526, -38.38503277405789 ], [ -58.812409840772375, -38.381254279565667 ], [ -58.818224695351205, -38.384361603240734 ], [ -58.834560616509293, -38.38443443930538 ], [ -58.834585003173459, -38.384434700511974 ], [ -58.857186058991545, -38.384807513125565 ], [ -58.857190954833641, -38.384803677311083 ], [ -58.857216824202453, -38.383010813454291 ], [ -58.857271436466647, -38.382968988366144 ], [ -58.85743314520397, -38.370988527364887 ], [ -58.857465164614382, -38.370988906850528 ], [ -58.878372460010155, -38.371184573819619 ], [ -58.884017678122746, -38.371210451732679 ], [ -58.884049434022472, -38.371235521793551 ], [ -58.898376350692615, -38.375432574263641 ], [ -58.898393849749596, -38.375419147287062 ], [ -58.903198729761584, -38.364935211986335 ], [ -58.912679051512328, -38.354772381884004 ], [ -58.928431353348515, -38.351691374512541 ], [ -58.975763169118295, -38.346317760152488 ], [ -58.975782664094311, -38.346286445291639 ], [ -58.975794310892525, -38.346293694693259 ], [ -58.989329917246664, -38.34107462327654 ], [ -58.989337649155914, -38.341070227085822 ], [ -58.989332632193793, -38.341039317558909 ], [ -58.99629418435768, -38.338360868083953 ], [ -58.996324137040403, -38.338355992147683 ], [ -58.996324171338301, -38.338377088704704 ], [ -58.995226533001016, -38.341197488236332 ], [ -58.994213786927787, -38.343773537597031 ], [ -58.99416162637192, -38.343773598168468 ], [ -58.989994185185708, -38.354332608879076 ], [ -58.989962782881321, -38.354356875668259 ], [ -58.97119270859605, -38.400895255566979 ], [ -58.971071664251383, -38.401191877699262 ], [ -58.970922199587733, -38.401357046040062 ], [ -58.970972297283481, -38.40143903561227 ], [ -58.970955424547924, -38.401437344584338 ], [ -58.970955273183222, -38.401437399752979 ], [ -58.970885346151078, -38.401428245452735 ], [ -58.970856822945848, -38.401435761962375 ], [ -58.970794748506307, -38.401435387561662 ], [ -58.970685922414077, -38.401437481161906 ], [ -58.970686193292522, -38.401388729591474 ], [ -58.946040637689691, -38.401303780992578 ], [ -58.946012877450244, -38.401303569039897 ], [ -58.945978199811179, -38.401330526552215 ], [ -58.934467628837979, -38.415723696385783 ], [ -58.925701174880942, -38.436407448012005 ], [ -58.928911247789131, -38.463057651076952 ], [ -58.913376173713175, -38.459875775937405 ], [ -58.905655427579916, -38.465288143227042 ], [ -58.900737659291508, -38.472373365024964 ], [ -58.900830036034904, -38.472559038375948 ], [ -58.900838838900199, -38.472566017262409 ], [ -58.902606326753812, -38.475663022241008 ], [ -58.904707118124236, -38.475579805192012 ], [ -58.904725285335473, -38.475572579406105 ], [ -58.90678907891504, -38.47540434500371 ], [ -58.909689267127646, -38.473427714894058 ], [ -58.909753882630184, -38.473455869737222 ], [ -58.910651876114287, -38.473435085317249 ], [ -58.910653152293548, -38.473393898309666 ], [ -58.917369452094135, -38.473604339064366 ], [ -58.918709387321258, -38.47363946322298 ], [ -58.928454813214728, -38.473416050584603 ], [ -58.9344644661129, -38.473104829074259 ], [ -58.934511120595744, -38.473086613864609 ], [ -58.938759910393856, -38.473157809786812 ], [ -58.938759665035548, -38.473167395165945 ], [ -58.935323696418095, -38.477083966313444 ], [ -58.931596502646073, -38.480750586225838 ], [ -58.931561483012047, -38.480749693369319 ], [ -58.928258836710484, -38.484327806348801 ], [ -58.928096412726518, -38.48667381935411 ], [ -58.92837182845318, -38.487743630842658 ], [ -58.928402335266867, -38.487767851467822 ], [ -58.930142409154882, -38.49362958149743 ], [ -58.930135081090839, -38.493632659883076 ], [ -58.925457527947287, -38.492556951002769 ], [ -58.924017601412118, -38.492165221843379 ], [ -58.923980559573295, -38.492124405410834 ], [ -58.916478353754201, -38.495807918550383 ], [ -58.913339629854761, -38.499701439173009 ], [ -58.915602932071863, -38.500019439882351 ], [ -58.918108846262498, -38.505650519109963 ], [ -58.925583528619654, -38.506608625765125 ], [ -58.925599786823057, -38.506608347547854 ], [ -58.9287415209036, -38.507001716584398 ], [ -58.936999418009464, -38.503182652292821 ], [ -58.932468268506113, -38.495101057484874 ], [ -58.947093509654678, -38.488403942385617 ], [ -58.95735034983295, -38.489629436406972 ], [ -58.957380026494775, -38.48962551188157 ], [ -58.970353467183998, -38.487942296615927 ], [ -58.970622407076974, -38.487868388456491 ], [ -58.971856487288619, -38.486558074795369 ], [ -58.979250243724948, -38.486416693699653 ], [ -58.981198531327607, -38.487282969848422 ], [ -58.998539045257417, -38.505675914948711 ], [ -59.031463970743971, -38.513710633215283 ], [ -59.03151739760051, -38.513691820493307 ], [ -59.055089811387461, -38.513781356432389 ], [ -59.055790683461453, -38.513838150534923 ], [ -59.056834164209306, -38.513787859359127 ], [ -59.056889662706283, -38.513791057998901 ], [ -59.05689190973402, -38.514517881410484 ], [ -59.078711243113048, -38.52530482584541 ], [ -59.078692681755172, -38.525319319977996 ], [ -59.087262611621156, -38.529818871610587 ], [ -59.046208516381455, -38.538334681215872 ], [ -59.042972194779452, -38.537837048336371 ], [ -59.042916546453682, -38.5378551677818 ], [ -59.020000535674512, -38.542550237888179 ], [ -58.993678124475821, -38.548469417505089 ], [ -58.99364097680251, -38.548498552107503 ], [ -58.988099686971964, -38.556413663382955 ], [ -58.965329071346105, -38.563895549936547 ], [ -58.965331539397823, -38.563906281810318 ], [ -58.95353932690557, -38.566363498879696 ], [ -58.953477591330852, -38.566377689027945 ], [ -58.946913881210548, -38.567742557003385 ], [ -58.923301732730806, -38.572010440326608 ], [ -58.908052427428402, -38.574785186114298 ], [ -58.908012702433552, -38.574816152297274 ], [ -58.907987417723064, -38.574821321042066 ], [ -58.888452083058553, -38.595128551521839 ], [ -58.885549076826351, -38.594646301831006 ], [ -58.885548175851852, -38.597588510252251 ], [ -58.885540752328893, -38.60194885509992 ], [ -58.885534587150119, -38.60581728839577 ], [ -58.870496866462986, -38.609670821966063 ], [ -58.870406518875143, -38.609785287280602 ], [ -58.877854876684012, -38.633527397307546 ], [ -58.87354595804095, -38.633103788285212 ], [ -58.844753162628081, -38.626740186711231 ], [ -58.832649040429772, -38.623363417222663 ], [ -58.834411620999845, -38.624084472999982 ], [ -58.837707519999981, -38.624999999999886 ], [ -58.839599608999947, -38.625488280999889 ], [ -58.842285156, -38.626403808999953 ], [ -58.844299315999876, -38.627014159999931 ], [ -58.845581054999798, -38.627380371000015 ], [ -58.846496581999872, -38.627624511999898 ], [ -58.848022460999914, -38.628112792999957 ], [ -58.849182128999928, -38.628417969 ], [ -58.851318358999833, -38.628906249999886 ], [ -58.856689452999888, -38.630187987999989 ], [ -58.861999511999954, -38.631408691 ], [ -58.868286132999913, -38.633422852000024 ], [ -58.872985840000013, -38.634399413999915 ], [ -58.880676269999867, -38.636108397999919 ], [ -58.888305663999972, -38.6378784179999 ], [ -58.895996093999827, -38.63977050799997 ], [ -58.901977538999915, -38.641113280999946 ], [ -58.906311034999987, -38.642089843999941 ], [ -58.909301757999913, -38.642578125 ], [ -58.912292479999849, -38.643188476999967 ], [ -58.915527343999884, -38.64367675799997 ], [ -58.917480468999941, -38.643981933999896 ], [ -58.918884276999904, -38.644775391 ], [ -58.920288085999971, -38.645385741999974 ], [ -58.923400878999871, -38.646484375 ], [ -58.925903319999804, -38.648376464999899 ], [ -58.927795409999931, -38.648925780999946 ], [ -58.9288940429999, -38.649414062999938 ], [ -58.929687499999829, -38.649719237999875 ], [ -58.932373046999885, -38.650573729999962 ], [ -58.934997558999953, -38.651794433999896 ], [ -58.937805175999756, -38.652709960999971 ], [ -58.941101073999789, -38.654113769999867 ], [ -58.942871093999941, -38.654602050999927 ], [ -58.943603515999882, -38.656127929999968 ], [ -58.945007323999789, -38.658081055000025 ], [ -58.946289062999881, -38.658203125 ], [ -58.947998046999885, -38.658386229999962 ], [ -58.951110839999842, -38.658874511999954 ], [ -58.953796387000011, -38.658996581999929 ], [ -58.955810546999942, -38.659423828 ], [ -58.956481933999896, -38.659606933999896 ], [ -58.958007812999938, -38.659912109 ], [ -58.959106444999975, -38.660583495999958 ], [ -58.95928955099987, -38.661071777000018 ], [ -58.963073729999962, -38.661193847999812 ], [ -58.965881347999925, -38.66180419899996 ], [ -58.970581055000025, -38.662780761999841 ], [ -58.975280761999784, -38.663513183999896 ], [ -58.978088378999985, -38.664184569999918 ], [ -58.979187011999954, -38.664489745999845 ], [ -58.980285644999981, -38.665100097999812 ], [ -58.982299804999911, -38.665405272999863 ], [ -58.983703612999989, -38.66571044899996 ], [ -58.98468017599987, -38.665893554999911 ], [ -58.987304687999881, -38.666687011999954 ], [ -58.989685058999839, -38.667480468999941 ], [ -58.992187499999943, -38.668212890999882 ], [ -58.998901366999974, -38.670288085999914 ], [ -59.005310058999896, -38.67218017599987 ], [ -59.0078125, -38.67297363299997 ], [ -59.009826659999874, -38.674194335999914 ], [ -59.011291503999928, -38.678283690999876 ], [ -59.012573241999917, -38.678710937999881 ], [ -59.014221190999933, -38.679199218999941 ], [ -59.017028808999896, -38.679077147999976 ], [ -59.018310546999885, -38.679077147999976 ], [ -59.020202636999784, -38.679382323999903 ], [ -59.020812987999818, -38.679809569999804 ], [ -59.021728515999826, -38.67999267599987 ], [ -59.029296874999943, -38.681579589999899 ], [ -59.031494140999939, -38.682006835999914 ], [ -59.032409668000014, -38.682128905999889 ], [ -59.033874511999898, -38.682495116999974 ], [ -59.035400390999769, -38.6828002929999 ], [ -59.036804198999903, -38.682983397999863 ], [ -59.041503906, -38.683776854999905 ], [ -59.047485352000024, -38.684875487999932 ], [ -59.051574706999986, -38.685729980000019 ], [ -59.05560302699979, -38.686279297 ], [ -59.057617187999824, -38.686523437999938 ], [ -59.061706542999843, -38.687499999999829 ], [ -59.062927245999958, -38.687683104999962 ], [ -59.06622314499981, -38.687988281 ], [ -59.070190429999968, -38.688903808999896 ], [ -59.073791503999871, -38.689392089999899 ], [ -59.081970214999956, -38.69171142599987 ], [ -59.090393066, -38.693908690999933 ], [ -59.094299316, -38.694885253999814 ], [ -59.097290038999915, -38.695800781 ], [ -59.099670409999874, -38.696777343999884 ], [ -59.101013183999783, -38.697387694999861 ], [ -59.104003905999946, -38.698669433999953 ], [ -59.10498046899977, -38.698913573999903 ], [ -59.113220215000013, -38.700805663999859 ], [ -59.117919921999771, -38.700988769999981 ], [ -59.121276854999792, -38.701293944999918 ], [ -59.125183104999792, -38.702087401999847 ], [ -59.128723144999924, -38.702270507999913 ], [ -59.131774902000018, -38.702880858999947 ], [ -59.135681152000018, -38.703002930000025 ], [ -59.13897705099987, -38.703796386999954 ], [ -59.142272948999903, -38.704101562999881 ], [ -59.1456909179999, -38.704895019999981 ], [ -59.149719237999875, -38.705383300999983 ], [ -59.155700683999896, -38.70672607399996 ], [ -59.160095214999899, -38.707519530999889 ], [ -59.162597655999889, -38.708190917999843 ], [ -59.166381835999914, -38.708679199000017 ], [ -59.171325683999896, -38.709106444999918 ], [ -59.173828124999829, -38.709472655999946 ], [ -59.175903319999918, -38.710327147999863 ], [ -59.178405761999954, -38.710815430000025 ], [ -59.182189940999876, -38.711303710999914 ], [ -59.184387206999872, -38.711608886999841 ], [ -59.188903808999839, -38.711975097999868 ], [ -59.196289063, -38.712097168000014 ], [ -59.198669433999783, -38.712097168000014 ], [ -59.200927734, -38.712219237999989 ], [ -59.203308104999962, -38.712280272999976 ], [ -59.205017089999899, -38.712585449000017 ], [ -59.207702636999954, -38.713317870999845 ], [ -59.209411620999958, -38.713806152000018 ], [ -59.213989257999913, -38.714172362999875 ], [ -59.219116210999914, -38.714477538999972 ], [ -59.221496581999872, -38.714782714999899 ], [ -59.224426269999981, -38.715087890999939 ], [ -59.226623534999874, -38.715209960999914 ], [ -59.230407714999899, -38.715393065999876 ], [ -59.233398438, -38.715698241999803 ], [ -59.236389159999931, -38.716308593999941 ], [ -59.238214775168274, -38.716640523845172 ], [ -59.232501087444291, -38.712301804005392 ], [ -59.252354553560167, -38.698303833049977 ], [ -59.311003609641546, -38.669652198712186 ], [ -59.320434751338723, -38.711153507878862 ], [ -59.329976729312477, -38.714327084087358 ], [ -59.333686156381077, -38.717143857700819 ], [ -59.352784318163572, -38.712534538501359 ], [ -59.421686660683577, -38.754422584319173 ], [ -59.42492675799997, -38.755126952999888 ], [ -59.427612304999968, -38.755187987999875 ], [ -59.429199218999827, -38.75531005900001 ], [ -59.439025878999928, -38.756713866999917 ], [ -59.441589355000019, -38.757019043000014 ], [ -59.44210104889811, -38.757167434260623 ], [ -59.492344436894882, -38.720863314297219 ], [ -59.492401048243551, -38.72085215362398 ], [ -59.587755029472987, -38.730979370144382 ], [ -59.601012486471518, -38.728746210073723 ], [ -59.65362691944631, -38.719300864419495 ], [ -59.65369198705821, -38.719338493901319 ], [ -59.654058034925072, -38.719375738066503 ], [ -59.654096337505052, -38.719384692910467 ], [ -59.656038080599615, -38.719626714319077 ], [ -59.679327995598214, -38.673512037995863 ], [ -59.685790228465805, -38.668333906990824 ], [ -59.685856246965784, -38.668347686791037 ], [ -59.691960557617847, -38.66928834507388 ], [ -59.692028069608909, -38.669301323515242 ], [ -59.692397728077253, -38.669351685484912 ], [ -59.692465357609706, -38.669364542520384 ], [ -59.699690844035956, -38.684601030148542 ], [ -59.71036467164555, -38.679127927197612 ], [ -59.711847899025258, -38.679699265591012 ], [ -59.732998795828564, -38.675784193569143 ], [ -59.733074501228543, -38.675798710618153 ], [ -59.737397279946663, -38.676258751899638 ], [ -59.737435661101188, -38.676266159548732 ], [ -59.741541009746015, -38.676708970068432 ], [ -59.737950584211603, -38.673848253492281 ], [ -59.733493285248528, -38.671118931434933 ], [ -59.733489953426442, -38.671032745925288 ], [ -59.736409048299379, -38.643998608928825 ], [ -59.71279896257056, -38.596296110319486 ], [ -59.717399063691118, -38.58451395562048 ], [ -59.756060681291387, -38.595366395114866 ], [ -59.776954732540787, -38.559779250373822 ], [ -59.819663732162496, -38.562695581617618 ], [ -59.821338343215245, -38.589352097682308 ], [ -59.83768276247423, -38.570470931940918 ], [ -59.837711133831135, -38.570449532888347 ], [ -59.845744138506404, -38.563152304400148 ], [ -59.845803280120208, -38.563107696928284 ], [ -59.861911730174484, -38.552966856063847 ], [ -59.868998946292209, -38.576142475982351 ], [ -59.895117864782549, -38.577711372763474 ], [ -59.881884482692556, -38.565686563803013 ], [ -59.881855606535112, -38.565662686727762 ], [ -59.886739117563195, -38.54832834195679 ], [ -59.887244379507763, -38.528967749793026 ], [ -59.88727380815601, -38.528942384551385 ], [ -59.891574543323259, -38.525337319032758 ], [ -59.869344373936997, -38.51330739499565 ], [ -59.869345152526819, -38.513265027748162 ], [ -59.901446735552668, -38.511886849682526 ], [ -59.903389756716251, -38.510424772972499 ], [ -59.910214213162078, -38.51131141370962 ], [ -59.922699384400289, -38.509535672747177 ], [ -59.928891761173588, -38.497866377056255 ], [ -59.941812764903773, -38.497332203828421 ], [ -59.963702742647058, -38.49552397640889 ], [ -59.968238248588932, -38.480888961012795 ], [ -59.969197802297401, -38.479713214569813 ], [ -59.986840761672454, -38.46623913717201 ], [ -59.99471460796218, -38.465068419748548 ], [ -60.032341054155779, -38.457035937016258 ], [ -60.032046989353489, -38.456728377976503 ], [ -60.032085601109372, -38.456722181159478 ], [ -60.032124212865256, -38.456715984342566 ], [ -60.037400727436932, -38.45649348978219 ], [ -60.039227778562179, -38.455567377888542 ], [ -60.037056876211579, -38.455909554280652 ], [ -60.037017923441226, -38.455915808708085 ], [ -60.030126428574306, -38.45532614828528 ], [ -59.992209473125286, -38.462971398308071 ], [ -59.976470447505505, -38.454798762401538 ], [ -59.976129439827673, -38.454765299446024 ], [ -59.965577324311198, -38.449088668887271 ], [ -59.958898282775692, -38.453584384870737 ], [ -59.95293369990668, -38.446339073994864 ], [ -59.944721616860932, -38.451886300692934 ], [ -59.940279075716262, -38.443633261462878 ], [ -59.932289219311087, -38.441904403961871 ], [ -59.907231339766156, -38.452865654426773 ], [ -59.877865985454434, -38.439828805879756 ], [ -59.877807955440971, -38.439780981539911 ], [ -59.867771344972653, -38.43312163402868 ], [ -59.86774124224678, -38.433096806824153 ], [ -59.863608860470777, -38.430369531610665 ], [ -59.86458134746357, -38.434630726567264 ], [ -59.874387518226456, -38.439416266529975 ], [ -59.875216748651042, -38.463817530067615 ], [ -59.86074235708486, -38.472372070029735 ], [ -59.838022745739352, -38.465848796895443 ], [ -59.803621356757503, -38.440586292681473 ], [ -59.803544147721823, -38.440247981983362 ], [ -59.812285779473712, -38.40981520206708 ], [ -59.743203047777229, -38.411650235612569 ], [ -59.734577765657946, -38.408159093081224 ], [ -59.667135417925067, -38.384324763756297 ], [ -59.667089469887742, -38.384279155271997 ], [ -59.666949412594363, -38.384236293755976 ], [ -59.64880088561074, -38.372283217857387 ], [ -59.64873993803991, -38.372234144539448 ], [ -59.657025242243151, -38.346345409793003 ], [ -59.652799651668204, -38.338017960504317 ], [ -59.642745208052645, -38.338807088291333 ], [ -59.634734208652276, -38.343644325242963 ], [ -59.63434473792239, -38.344154768976637 ], [ -59.631856653149498, -38.343833981564444 ], [ -59.631835325679958, -38.343831403169872 ], [ -59.631757306466795, -38.343821175418498 ], [ -59.63131375370898, -38.34323062773575 ], [ -59.630683884691621, -38.342107767784057 ], [ -59.628323317000138, -38.342884604502672 ], [ -59.625295119647717, -38.34252567011896 ], [ -59.625446151750282, -38.343040014938197 ], [ -59.624457364118541, -38.342915300876996 ], [ -59.624379857479198, -38.342906088512962 ], [ -59.623363358831512, -38.342792594600155 ], [ -59.623322875161875, -38.342781242266483 ], [ -59.623245007927608, -38.34277239864241 ], [ -59.623248874591468, -38.342779295074479 ], [ -59.62232542190003, -38.342672522945747 ], [ -59.622247903074879, -38.342663196670856 ], [ -59.621810887200184, -38.342608636498824 ], [ -59.621733282453022, -38.342598776250327 ], [ -59.621769710924809, -38.342096665235317 ], [ -59.62140535558575, -38.341446815157155 ], [ -59.62068470421184, -38.341959893022022 ], [ -59.619378897016475, -38.341801285196482 ], [ -59.619386466567335, -38.340208414068798 ], [ -59.61535397426735, -38.340517080900895 ], [ -59.615564778293674, -38.341963802310488 ], [ -59.614749453650916, -38.341870157707149 ], [ -59.614671644899374, -38.341860772247173 ], [ -59.614112143970885, -38.341789913722607 ], [ -59.614035094270037, -38.341777093506778 ], [ -59.613813178001465, -38.341731625954992 ], [ -59.613736615715879, -38.341715330122952 ], [ -59.613412910259058, -38.341644034641604 ], [ -59.613335874207905, -38.341631370828225 ], [ -59.612919976597595, -38.341585293442506 ], [ -59.612842207001165, -38.341576219881915 ], [ -59.611496871799943, -38.341412076741619 ], [ -59.611394310444382, -38.341399823934125 ], [ -59.61131695125448, -38.341390819063577 ], [ -59.611240724108654, -38.341381198508145 ], [ -59.611163374611067, -38.341372499197973 ], [ -59.611151642180857, -38.341371679079941 ], [ -59.611074235560864, -38.341363256953059 ], [ -59.611070104863131, -38.341362395870931 ], [ -59.610992655069708, -38.34135463810378 ], [ -59.610373459806283, -38.34130141187245 ], [ -59.609751221928889, -38.341247924096876 ], [ -59.609673324941753, -38.341240793305928 ], [ -59.609331792078478, -38.341207538749643 ], [ -59.608991217306368, -38.341174377481252 ], [ -59.609142834492275, -38.339774668665086 ], [ -59.607740185973967, -38.337774291254732 ], [ -59.60332601840463, -38.339886458591138 ], [ -59.603556339526733, -38.340414486774989 ], [ -59.602404683133841, -38.340274824104313 ], [ -59.602326567082855, -38.340265196531902 ], [ -59.601102333140204, -38.340111886797899 ], [ -59.601024599673849, -38.340102267193402 ], [ -59.600196651538397, -38.3400010583062 ], [ -59.600157657942816, -38.339996213077541 ], [ -59.6001921540647, -38.339979760150584 ], [ -59.598026062290501, -38.339735272842688 ], [ -59.597791073351004, -38.342772072364312 ], [ -59.597771781440144, -38.34278666593616 ], [ -59.595942434681717, -38.341292900577287 ], [ -59.595883763914912, -38.341292741041798 ], [ -59.595881741646963, -38.34133980504896 ], [ -59.594843827368948, -38.342146801626086 ], [ -59.593687383845975, -38.341279683324046 ], [ -59.592522336220043, -38.343943089697291 ], [ -59.592461331508275, -38.343942681933868 ], [ -59.59241152360363, -38.343948042930833 ], [ -59.590410443213784, -38.341625249856349 ], [ -59.589511257645825, -38.341618265240072 ], [ -59.589680385818212, -38.342190375899804 ], [ -59.587669321688395, -38.343744507843894 ], [ -59.585350882140403, -38.341973940620505 ], [ -59.584438584906195, -38.342258176969096 ], [ -59.581044168398421, -38.342235476948304 ], [ -59.575441095320457, -38.346766729455112 ], [ -59.575413449533812, -38.346740427481279 ], [ -59.57538580472152, -38.346714124483242 ], [ -59.575070717245126, -38.346634365048999 ], [ -59.572346420601036, -38.340049175352704 ], [ -59.567796510344579, -38.33985829995936 ], [ -59.569934866671247, -38.342004631180544 ], [ -59.569963245000167, -38.342031632092016 ], [ -59.569567994672411, -38.351099503494027 ], [ -59.580442072963592, -38.352514800399035 ], [ -59.582165473487464, -38.356818181494589 ], [ -59.571068992818653, -38.364826970663785 ], [ -59.560999408369696, -38.37209460634773 ], [ -59.558180482430544, -38.369951875301581 ], [ -59.540527145425699, -38.338481208258315 ], [ -59.540589250671474, -38.338432876957427 ], [ -59.551778458123408, -38.337658369379426 ], [ -59.559594406482347, -38.33458656593973 ], [ -59.546477874361813, -38.3316959885953 ], [ -59.546439975386477, -38.331691409972223 ], [ -59.530497550012228, -38.328164281486067 ], [ -59.519344575117429, -38.322665938233797 ], [ -59.512266877681384, -38.30311279419027 ], [ -59.532782190061482, -38.294799273400884 ], [ -59.530384404677704, -38.288575959978232 ], [ -59.521796503040434, -38.286120608560054 ], [ -59.511241005462125, -38.302302358542079 ], [ -59.475008927307329, -38.293247282670563 ], [ -59.469866771401598, -38.289454882174937 ], [ -59.422875320591061, -38.27671274625061 ], [ -59.459541696262647, -38.240141169280378 ], [ -59.450943701746382, -38.214667726552193 ], [ -59.451028739142089, -38.212740814547658 ], [ -59.461716128531748, -38.188645344962822 ], [ -59.452829514617918, -38.160412283475523 ], [ -59.44851573737327, -38.134768475699957 ], [ -59.507145701220963, -38.109774928426816 ], [ -59.499223428514767, -38.064833576061176 ], [ -59.499255118360622, -38.064821420822568 ], [ -59.525174294384385, -38.061455940193355 ], [ -59.518995729929316, -38.047886300278606 ], [ -59.53576046111624, -38.040341084448016 ], [ -59.535809419704151, -38.040354055569878 ], [ -59.550396874735043, -38.058897346133278 ], [ -59.549570891237238, -38.061211142219179 ], [ -59.556551139691862, -38.072252688489186 ], [ -59.559203935356607, -38.053391984330744 ], [ -59.553308815949208, -38.056360022685112 ], [ -59.585491884412932, -38.009145291962511 ], [ -59.550562034599295, -38.017400392915533 ], [ -59.546678060432214, -37.965793545772385 ], [ -59.564305823826601, -37.962602236459134 ], [ -59.598452515661506, -37.951570357322282 ], [ -59.600514285194208, -37.95150027428042 ], [ -59.611672770012319, -37.961281022604737 ], [ -59.625916284117636, -37.961171970468513 ], [ -59.62333144669833, -37.951448447126552 ], [ -59.618843166536919, -37.933252414760204 ], [ -59.59083483481362, -37.927427023321002 ], [ -59.595346970011462, -37.901197902868887 ], [ -59.630030591368268, -37.89808249537549 ], [ -59.630076224754418, -37.898118801979251 ], [ -59.684363640524168, -37.930808232062532 ], [ -59.684747645976017, -37.932405311310958 ], [ -59.684975617885129, -37.933263678830826 ], [ -59.692125070130373, -37.932065995932589 ], [ -59.707784043458673, -37.947509203274649 ], [ -59.711321012964845, -37.947045246984374 ], [ -59.710740630129294, -37.943583684013731 ], [ -59.692386133070784, -37.931719377444949 ], [ -59.693096308178326, -37.930541804393272 ], [ -59.693088736447692, -37.929176188562622 ], [ -59.705991687627829, -37.88204185473802 ], [ -59.724100487981559, -37.896214954202037 ], [ -59.718855479561341, -37.91452053343113 ], [ -59.718941230828307, -37.929986388361897 ], [ -59.763503884088607, -37.892577404935366 ], [ -59.786914687945227, -37.88520309405709 ], [ -59.809192618032228, -37.869006588304842 ], [ -59.853784062054558, -37.831767954774818 ], [ -59.875857059148018, -37.823815665657833 ], [ -59.884898832073532, -37.826829142340785 ], [ -59.887870689604767, -37.820928124046588 ], [ -59.923922391292024, -37.849542770614448 ], [ -59.930437423006708, -37.859689273344998 ], [ -59.905844033972983, -37.885716533291657 ], [ -59.952539745688966, -37.888913817991522 ], [ -59.965955066253002, -37.908353372830334 ], [ -59.984052514847917, -37.934070491920409 ], [ -60.012733547738549, -37.93410239054657 ], [ -60.013134511694261, -37.934366770536201 ], [ -60.013048456479225, -37.93414006242341 ], [ -60.023015523215008, -37.92797711015487 ], [ -60.024206577981829, -37.939054752784102 ], [ -60.034437312748537, -37.942418262376805 ], [ -60.0426431189955, -37.93399427422429 ], [ -60.042688192919115, -37.934054301965432 ], [ -60.034794259357795, -37.942893630327433 ], [ -60.034821834665877, -37.945712651055146 ], [ -60.044207453383194, -37.955446297692333 ], [ -60.038431551137819, -37.960113699912824 ], [ -60.038440026049443, -37.960602849033592 ], [ -60.035317795315223, -37.968091282053365 ], [ -60.040109187147436, -37.97236860985322 ], [ -60.040403459123866, -37.972920947937951 ], [ -60.049013640907788, -37.97615599110668 ], [ -60.048347855683858, -37.992452550780399 ], [ -60.057974629721343, -37.996530940636262 ], [ -60.0705902433034, -37.988473704949683 ], [ -60.08588247954782, -37.999423452467909 ], [ -60.085880676310353, -37.999769405822747 ], [ -60.0858781470086, -37.99983760862699 ], [ -60.082075833004069, -38.006018274937276 ], [ -60.085437146546155, -38.011218132026556 ], [ -60.072604152782503, -38.024875969176492 ], [ -60.0747062366612, -38.032597728865483 ], [ -60.069646126677469, -38.035073244601961 ], [ -60.068919784916147, -38.037121928935619 ], [ -60.071874798912745, -38.036830628985399 ], [ -60.074759652883927, -38.032639849386499 ], [ -60.07679275429382, -38.034650678743219 ], [ -60.07683565097409, -38.034644929441811 ], [ -60.078785058072583, -38.03591130280995 ], [ -60.080172449254405, -38.035908681919238 ], [ -60.082402576146194, -38.033085516501728 ], [ -60.082085686556695, -38.036212599586918 ], [ -60.084843671700526, -38.036358300061522 ], [ -60.085231471239069, -38.03523145311442 ], [ -60.085293545266211, -38.035232910650734 ], [ -60.085454563078997, -38.036538134934403 ], [ -60.086212088455284, -38.035970197989343 ], [ -60.08685098908262, -38.036487249423374 ], [ -60.086848204018793, -38.036790589902523 ], [ -60.086657992640767, -38.037792236547432 ], [ -60.086521451857095, -38.038720703461252 ], [ -60.087704024676668, -38.038627070213522 ], [ -60.088085742311875, -38.037519132746013 ], [ -60.088094170722002, -38.037517289425921 ], [ -60.088156094942804, -38.037468749994332 ], [ -60.089013640964879, -38.038340264349756 ], [ -60.090067493406195, -38.037573155425832 ], [ -60.090944903120771, -38.038257540584141 ], [ -60.090901903471263, -38.038350351244844 ], [ -60.090983362645488, -38.038287089820358 ], [ -60.091014373050598, -38.038262488881742 ], [ -60.09185862193533, -38.037599629449346 ], [ -60.091920506554629, -38.037599434644903 ], [ -60.09269288917659, -38.038202589158857 ], [ -60.092574008864858, -38.038500868596032 ], [ -60.093066602062493, -38.038504115937087 ], [ -60.093715833912881, -38.037582811686775 ], [ -60.093722881020483, -38.03758363612161 ], [ -60.093784257721836, -38.037583387732411 ], [ -60.094223376996013, -38.038637145137557 ], [ -60.095233264221406, -38.038728727483942 ], [ -60.095089311039146, -38.037962174232689 ], [ -60.096257450610892, -38.038025519851487 ], [ -60.096794806909372, -38.038119163088538 ], [ -60.098186042791951, -38.038116887742433 ], [ -60.09911380462961, -38.037374548006426 ], [ -60.099113973047793, -38.037374679371226 ], [ -60.098230173805291, -38.038151309573493 ], [ -60.098227315807605, -38.038456965929356 ], [ -60.098616742677848, -38.03846566359266 ], [ -60.099313284447248, -38.037588207373858 ], [ -60.099319554139868, -38.037589864458653 ], [ -60.099700708087028, -38.038747348885522 ], [ -60.100828677915388, -38.038744481847289 ], [ -60.101230190347565, -38.037603548936033 ], [ -60.101905008178335, -38.038131583567406 ], [ -60.101234095239647, -38.039010942347602 ], [ -60.101234146923787, -38.039010982539196 ], [ -60.101234348310982, -38.039011029471453 ], [ -60.102107773984983, -38.038338225361144 ], [ -60.102169815586876, -38.038338420676098 ], [ -60.102837820352704, -38.038862573928043 ], [ -60.102642651256701, -38.039366708116006 ], [ -60.103487404004454, -38.039366826688024 ], [ -60.103961566415023, -38.038342216317687 ], [ -60.104022671479072, -38.03834317018277 ], [ -60.104681402717858, -38.038888456352765 ], [ -60.104116643164787, -38.039703091068247 ], [ -60.104909392091372, -38.03907174457521 ], [ -60.104940167804898, -38.039047083505068 ], [ -60.105808216326238, -38.038365630430576 ], [ -60.107091286211244, -38.038712746200019 ], [ -60.107394195615996, -38.039122933437341 ], [ -60.107122309364627, -38.040241684074715 ], [ -60.108693074380994, -38.040583195468741 ], [ -60.109894960302825, -38.040889236939563 ], [ -60.10856127321199, -38.039065940506703 ], [ -60.111139716666457, -38.036539871241644 ], [ -60.11261192815698, -38.034776760483567 ], [ -60.113384294284913, -38.032499015532778 ], [ -60.114861601043458, -38.033610639392862 ], [ -60.113509385925681, -38.035303076102366 ], [ -60.116169399989133, -38.038910449883758 ], [ -60.116125949185346, -38.038933405818057 ], [ -60.116103034509706, -38.039014720649845 ], [ -60.111632756954975, -38.04256795210938 ], [ -60.116355057486999, -38.039090580156596 ], [ -60.12352377410042, -38.044969272688206 ], [ -60.144466347480773, -38.046699112131705 ], [ -60.145150004557081, -38.046923477467431 ], [ -60.155142709798383, -38.054941014680935 ], [ -60.15472492754958, -38.055256056209544 ], [ -60.15669273305673, -38.056190463050768 ], [ -60.155632502075605, -38.054672965116993 ], [ -60.155145354619208, -38.054939315457887 ], [ -60.145170062672037, -38.04691059069296 ], [ -60.144917725253208, -38.046408052642334 ], [ -60.144091750820962, -38.031709508727886 ], [ -60.131704656361364, -38.003391784235362 ], [ -60.125929614768609, -37.999571843074193 ], [ -60.125954204917264, -37.999278220247447 ], [ -60.12330063031402, -37.994730097759373 ], [ -60.133144093678538, -37.988290094025729 ], [ -60.133777244308931, -37.986459611465534 ], [ -60.131496345826577, -37.986946400016848 ], [ -60.123228963377301, -37.994671655301943 ], [ -60.118766964105021, -37.991510279805254 ], [ -60.126365015500085, -37.979350686599162 ], [ -60.108925954169251, -37.985005362049719 ], [ -60.123815283859415, -37.957334522776023 ], [ -60.118682924193877, -37.885277308850846 ], [ -60.116047070777086, -37.885333158549201 ], [ -60.105028210912678, -37.898768645845621 ], [ -60.082680856919922, -37.890805532778643 ], [ -60.080720738678338, -37.874313098740515 ], [ -60.091665980607388, -37.855964324774334 ], [ -60.091722244870596, -37.855933212665093 ], [ -60.098105228326688, -37.852390730888317 ], [ -60.120015674639717, -37.857513198960703 ], [ -60.120034157133489, -37.85751280734496 ], [ -60.120121278159672, -37.857164975188823 ], [ -60.120581095441082, -37.833731262375579 ], [ -60.131137573891408, -37.835077553117515 ], [ -60.13254998387788, -37.817309158460716 ], [ -60.132580988512586, -37.81728548365885 ], [ -60.136234317547064, -37.814140430003874 ], [ -60.136001271717305, -37.792639727694393 ], [ -60.141307981288207, -37.804952678400696 ], [ -60.148904323722377, -37.802742157226248 ], [ -60.149271710622315, -37.780437518903341 ], [ -60.119222416060268, -37.770228845087274 ], [ -60.116381437405721, -37.757513586669631 ], [ -60.089460984164987, -37.712235351098627 ], [ -60.121132580284382, -37.659094116645633 ], [ -60.115236581758722, -37.623012718818813 ], [ -60.151056778659949, -37.612751088604 ], [ -60.183738553802016, -37.629832480630967 ], [ -60.190659028188804, -37.62890882587169 ], [ -60.203695763318137, -37.631259945483748 ], [ -60.203750602995456, -37.63130684468058 ], [ -60.20459701030228, -37.648027785143086 ], [ -60.226213321103785, -37.648876973713129 ], [ -60.225423512277416, -37.645875105758932 ], [ -60.222504588854292, -37.634454228687332 ], [ -60.208396664956467, -37.627771572027882 ], [ -60.203573239530726, -37.615275777770705 ], [ -60.25446973197711, -37.572091098103613 ], [ -60.287876521702287, -37.580389184900071 ], [ -60.303461540635283, -37.554093297884549 ], [ -60.31323311925189, -37.549882019545521 ], [ -60.3315193474333, -37.545710341253823 ], [ -60.309007315252529, -37.545924042736829 ], [ -60.308481659608333, -37.549785971580832 ], [ -60.303237584159604, -37.550715062040808 ], [ -60.303163469303684, -37.550728670370631 ], [ -60.300100707612955, -37.550322338696787 ], [ -60.259084430140888, -37.556318454741188 ], [ -60.250120155261413, -37.549516876888447 ], [ -60.245833137025102, -37.537574513107529 ], [ -60.230579600945362, -37.53456786183375 ], [ -60.227471785980867, -37.560587558578391 ], [ -60.202405640765335, -37.527694810116202 ], [ -60.17991914384271, -37.527529384412389 ], [ -60.171825668736574, -37.549355398911132 ], [ -60.143960970042997, -37.557244317005484 ], [ -60.118495510696619, -37.542982004530472 ], [ -60.10942057083281, -37.541642169041666 ], [ -60.094416937240737, -37.514877075160541 ], [ -60.086812766515891, -37.514261404191757 ], [ -60.086695106060461, -37.523147743234574 ], [ -60.105938305532391, -37.543187984112819 ], [ -60.103780777022507, -37.544632963915546 ], [ -60.068154660715777, -37.535537905494607 ], [ -60.056357184443357, -37.537966803047652 ], [ -60.045845452999401, -37.539050782845379 ], [ -60.041467594633843, -37.540834779508771 ], [ -60.0116497044516, -37.485385331140321 ], [ -59.998820532716877, -37.398748587249088 ], [ -59.999544506711572, -37.393182391166363 ], [ -60.026692166428347, -37.371285158753892 ], [ -60.026055647797989, -37.359322150402477 ], [ -60.011377037059106, -37.33356015417155 ], [ -60.021584413755249, -37.325770724250106 ], [ -60.021867476413206, -37.324960027621159 ], [ -60.041109683560308, -37.315944697909515 ], [ -60.042666027070936, -37.296828318930352 ], [ -60.024482090630329, -37.295361304733774 ], [ -60.022411105077708, -37.294533746829586 ], [ -60.012225245671175, -37.29479270051894 ], [ -60.004438338321393, -37.281500048866747 ], [ -59.987859256422325, -37.274855263353913 ], [ -59.985829685772387, -37.269051715368505 ], [ -59.973400396252657, -37.255818504981278 ], [ -59.979004220815796, -37.209181397890973 ], [ -59.949316948654257, -37.174730929899567 ], [ -59.947687941347397, -37.233518060637891 ], [ -59.964642137652049, -37.261552332107442 ], [ -59.949471565893759, -37.268025327290616 ], [ -59.968574701242233, -37.288880407085799 ], [ -59.941188527540419, -37.30675609954875 ], [ -59.938146366787976, -37.311051833593581 ], [ -59.923361893081164, -37.314220020193773 ], [ -59.924066261905409, -37.303565528875481 ], [ -59.915209235986879, -37.309961577599211 ], [ -59.911450106119389, -37.302860163041657 ], [ -59.898861161726416, -37.302494427266595 ], [ -59.886198955518068, -37.324273358806124 ], [ -59.885649385869613, -37.324648902728939 ], [ -59.861086606675542, -37.328315706327999 ], [ -59.85058760917741, -37.338543874560173 ], [ -59.870979747221611, -37.341310962973807 ], [ -59.884099987922809, -37.382624307290541 ], [ -59.859580922898147, -37.389711917924785 ], [ -59.857631463912639, -37.407598187160602 ], [ -59.81676071122763, -37.406830442703892 ], [ -59.812587513000778, -37.355048456878535 ], [ -59.812416935569445, -37.354851055706661 ], [ -59.821187511019616, -37.345311877220638 ], [ -59.817238093466642, -37.344987560707239 ], [ -59.811960740234781, -37.34797047157889 ], [ -59.810975886020685, -37.347272022085463 ], [ -59.789474286965685, -37.344641546862022 ], [ -59.784913404003646, -37.352630897689323 ], [ -59.783897049075961, -37.352318040882835 ], [ -59.770822052910887, -37.349470036913999 ], [ -59.773822245308168, -37.339729059197907 ], [ -59.773550382137273, -37.328534783516545 ], [ -59.773855364888504, -37.327940078421534 ], [ -59.78194204447675, -37.324052852705108 ], [ -59.783073975053583, -37.320796887529923 ], [ -59.762175746095409, -37.317366200043921 ], [ -59.759185969253849, -37.264173099735956 ], [ -59.759240677634068, -37.264130812394001 ], [ -59.794550015645541, -37.250794607579735 ], [ -59.772507244001304, -37.233587727433587 ], [ -59.719275557101298, -37.177381433214691 ], [ -59.735504833178709, -37.119803673285332 ], [ -59.759055533897538, -37.114226422706338 ], [ -59.762605493662363, -37.075427123500788 ], [ -59.762654282358938, -37.075370759681675 ], [ -59.762734938923074, -37.075282480766305 ], [ -59.76457216419999, -37.071353913956841 ], [ -59.764596009938543, -37.071285958546468 ], [ -59.765066073789683, -37.068260238145115 ], [ -59.765054243198733, -37.068189038888136 ], [ -59.792628042901299, -37.042639553356992 ], [ -59.790438617495283, -37.025062602126241 ], [ -59.763125674115372, -37.009518440317038 ], [ -59.765289777152873, -37.002702755764403 ], [ -59.765310495872143, -37.002643121784502 ], [ -59.802190278863009, -36.984316976075888 ], [ -59.813514969712799, -36.975799589589656 ], [ -59.813811782484322, -36.978182435607437 ], [ -59.834801984577553, -36.995840900741371 ], [ -59.822509073822744, -36.962435276389954 ], [ -59.834172908503945, -36.937993817447307 ], [ -59.833751664116903, -36.918657822285297 ], [ -59.857574202130195, -36.925263264434932 ], [ -59.873598082180251, -36.882908235388641 ], [ -59.860158676815843, -36.880020102036099 ], [ -59.878480532052549, -36.865294496722413 ], [ -59.879210206508958, -36.86473395688347 ], [ -59.880880190168568, -36.877307201718622 ], [ -59.888498380808869, -36.871713492372692 ], [ -59.888525193495354, -36.871686817788714 ], [ -59.88895333975762, -36.871358549151637 ], [ -59.888727162255464, -36.871150904668696 ], [ -59.888724914640989, -36.8711001944136 ], [ -59.90072624242049, -36.851178020104783 ], [ -59.913149448408262, -36.868815472265965 ], [ -59.917212816298843, -36.871530698276217 ], [ -59.917229044121996, -36.871566658512961 ], [ -59.917838379488899, -36.873145712735266 ], [ -59.917915764676195, -36.871330204938374 ], [ -59.915312910612386, -36.867271505266388 ], [ -59.932153775456129, -36.845903290244337 ], [ -59.932054143438336, -36.845805143168548 ], [ -59.924490812478609, -36.845826579421384 ], [ -59.923534407402485, -36.845987245388699 ], [ -59.919371669511918, -36.846076220423583 ], [ -59.915271722694854, -36.846163847881769 ], [ -59.912245203656084, -36.846228541099038 ], [ -59.909252448079144, -36.846292507197859 ], [ -59.895157691859993, -36.838218639548643 ], [ -59.892568645406413, -36.83628536736984 ], [ -59.894358050689732, -36.833302594132931 ], [ -59.891683013084275, -36.833171301617313 ], [ -59.887664086855636, -36.831863817142846 ], [ -59.888608895234029, -36.827840092355075 ], [ -59.888175177339008, -36.828104824563241 ], [ -59.888143702156015, -36.828128674791969 ], [ -59.88549564396817, -36.830080697426354 ], [ -59.884318504200905, -36.826535622719575 ], [ -59.87992643588052, -36.825431666352188 ], [ -59.880981843698521, -36.828799208459316 ], [ -59.885384724136543, -36.830113049802833 ], [ -59.886777172245104, -36.833257938983479 ], [ -59.886798972766655, -36.833323004115357 ], [ -59.886840312587651, -36.833465101593731 ], [ -59.884929637128721, -36.84211678392154 ], [ -59.896506529022247, -36.845920688109004 ], [ -59.896533323069548, -36.845990490464885 ], [ -59.896607766392719, -36.846190287588001 ], [ -59.897156551606599, -36.849131488499211 ], [ -59.879684677152341, -36.861052651064369 ], [ -59.877711475792012, -36.860877324071282 ], [ -59.865742841983092, -36.840501308632099 ], [ -59.859778698360913, -36.840384749763132 ], [ -59.856070665733228, -36.85449932033157 ], [ -59.855363167184237, -36.854374674595761 ], [ -59.841675578770776, -36.837314176980499 ], [ -59.816582070368213, -36.839702521033075 ], [ -59.816372931158014, -36.846046890825278 ], [ -59.826505392124147, -36.848478802468549 ], [ -59.819339816441868, -36.861776798956157 ], [ -59.815325669691902, -36.864842075582999 ], [ -59.78568897332201, -36.892355200185591 ], [ -59.773440686954984, -36.878831129100945 ], [ -59.749821638169522, -36.893924983432896 ], [ -59.733014965893403, -36.877222671889285 ], [ -59.722262183716737, -36.880287610998721 ], [ -59.719426038448262, -36.887369992868116 ], [ -59.693273903813576, -36.878186566554348 ], [ -59.683992294652512, -36.904247905698753 ], [ -59.680602049223864, -36.902396391514571 ], [ -59.666834045842279, -36.912109054993664 ], [ -59.662086173847626, -36.915676561299392 ], [ -59.615101675199753, -36.925448458274218 ], [ -59.602146098702178, -36.893916701637977 ], [ -59.589123659868164, -36.853493899988223 ], [ -59.617092546629237, -36.848831486267784 ], [ -59.622572809594089, -36.844713668284044 ], [ -59.652866584944718, -36.855739213480774 ], [ -59.682336614557698, -36.845550656541207 ], [ -59.696140958134038, -36.855610903418267 ], [ -59.70307599821615, -36.832456634970981 ], [ -59.703378301888165, -36.832040701277208 ], [ -59.719164660968033, -36.824349944245455 ], [ -59.724015378327806, -36.812013876895321 ], [ -59.724086149083462, -36.81198972135553 ], [ -59.748330590436581, -36.801122510455343 ], [ -59.749283239031627, -36.802067842047904 ], [ -59.749318953482828, -36.802052404154438 ], [ -59.750065644616086, -36.801373097474197 ], [ -59.758379392449569, -36.793437281903039 ], [ -59.746395244807957, -36.798591998344705 ], [ -59.725518717468105, -36.810622392632695 ], [ -59.723222705210276, -36.808591731882814 ], [ -59.71972395520379, -36.808725417832704 ], [ -59.651192464232452, -36.8024390589934 ], [ -59.64778697546609, -36.826927936786944 ], [ -59.627507765596306, -36.826734760792988 ], [ -59.627441963788328, -36.826738244944352 ], [ -59.612440256271839, -36.827486258140084 ], [ -59.590676030812915, -36.820877840466551 ], [ -59.570397931903813, -36.817357763873417 ], [ -59.546094827402783, -36.784250276386786 ], [ -59.475625846952994, -36.778500354737901 ], [ -59.457685243827882, -36.810039087804682 ], [ -59.443141809103679, -36.785367694171214 ], [ -59.414495958520547, -36.77264523583716 ], [ -59.394573524415193, -36.742464627917684 ], [ -59.391204581864997, -36.744810765412467 ], [ -59.391172864075656, -36.74483354611084 ], [ -59.391029676311518, -36.74492441485279 ], [ -59.390966900675608, -36.744970759410592 ], [ -59.370620134258218, -36.745528472738556 ], [ -59.343372319966761, -36.749416459357803 ], [ -59.345182547774414, -36.732134970236814 ], [ -59.349308334015859, -36.731619680326958 ], [ -59.366757180664251, -36.661313813641641 ], [ -59.441357678978534, -36.618459792391661 ], [ -59.441394974889022, -36.618454499640791 ], [ -59.445327518260854, -36.620201056931876 ], [ -59.455041196321417, -36.603621614273209 ], [ -59.436617843984266, -36.605978900259856 ], [ -59.37977245435718, -36.618948149829066 ], [ -59.402836055754392, -36.565791929763463 ], [ -59.464848431483688, -36.533120547625515 ], [ -59.465297023205665, -36.53306314987509 ], [ -59.471974945315537, -36.535484162314845 ], [ -59.469142660515786, -36.528583198033743 ], [ -59.452814051560438, -36.511473451567269 ], [ -59.451823226285285, -36.502864964876039 ], [ -59.438613160881857, -36.454269897753932 ], [ -59.457976921083002, -36.433586269563477 ], [ -59.461091625386473, -36.408787376358418 ], [ -59.472016957394771, -36.399861412110397 ], [ -59.474019081271592, -36.397427644797403 ], [ -59.486089611973057, -36.390914155091934 ], [ -59.49229109636758, -36.392234507767057 ], [ -59.492323775318596, -36.391276065559566 ], [ -59.492129785703924, -36.387704114502753 ], [ -59.492566196959672, -36.388021545385868 ], [ -59.492629271669841, -36.388068544556575 ], [ -59.492647942680378, -36.38808372852219 ], [ -59.492715156632642, -36.38812371278874 ], [ -59.493278258028624, -36.388374094565677 ], [ -59.493349846169735, -36.388407179133822 ], [ -59.493358210954511, -36.388400801101227 ], [ -59.49376981851151, -36.388639654784981 ], [ -59.493973767156774, -36.388806898750317 ], [ -59.494034400111445, -36.388857306347177 ], [ -59.494253126365436, -36.389040233871413 ], [ -59.494313828586996, -36.389090682414178 ], [ -59.494300018554952, -36.389769135988843 ], [ -59.494437595652585, -36.389761607682431 ], [ -59.494722375384981, -36.389428216081683 ], [ -59.495228247553598, -36.389860704016655 ], [ -59.49472353861654, -36.389427695057407 ], [ -59.495067927076548, -36.389477772717214 ], [ -59.495075674554187, -36.389151572727769 ], [ -59.494819582334515, -36.389184102200602 ], [ -59.494513710676983, -36.388931789487742 ], [ -59.494513169669858, -36.388929890513509 ], [ -59.494409407861269, -36.388847436902097 ], [ -59.494847778606754, -36.388348377699174 ], [ -59.494847854641421, -36.38816168637544 ], [ -59.494727231579816, -36.388254616828817 ], [ -59.494696298530187, -36.388279301766886 ], [ -59.493905032456212, -36.388428504781814 ], [ -59.493593339252755, -36.387964400305634 ], [ -59.493923280867875, -36.38764215119221 ], [ -59.493978456576144, -36.387642483665786 ], [ -59.493894329238231, -36.387501064435071 ], [ -59.493844426081694, -36.387563468351232 ], [ -59.493710666367633, -36.387638006128782 ], [ -59.493360845531981, -36.387122771139559 ], [ -59.493389724120391, -36.387059300561248 ], [ -59.493390390752609, -36.387056168652464 ], [ -59.493707454377841, -36.386809441594039 ], [ -59.493866274361437, -36.38668585382095 ], [ -59.494015347893594, -36.386941215708703 ], [ -59.494660229522651, -36.387027511900897 ], [ -59.494291519402111, -36.386725377414336 ], [ -59.494908988023781, -36.386103560585184 ], [ -59.494989234660807, -36.385822772801134 ], [ -59.49500842056932, -36.385715567844215 ], [ -59.494528818766355, -36.385781081828611 ], [ -59.494035827385289, -36.38645835289293 ], [ -59.493676298499338, -36.386194776029186 ], [ -59.493951391755957, -36.385427604398103 ], [ -59.493959923244574, -36.385296756428204 ], [ -59.493977730237475, -36.384317226949406 ], [ -59.493355956223354, -36.384796419274721 ], [ -59.493488634798155, -36.383775662374489 ], [ -59.493537697035435, -36.382402444982745 ], [ -59.486035582514262, -36.382588686107056 ], [ -59.485903065255172, -36.382556827107692 ], [ -59.483029963538343, -36.379869545758709 ], [ -59.478950571521182, -36.377563336025389 ], [ -59.473232320424131, -36.396563210411557 ], [ -59.462836035992382, -36.404053467324843 ], [ -59.436747771696332, -36.41790542871405 ], [ -59.42552514943435, -36.42392396140832 ], [ -59.41790828417885, -36.435586377352138 ], [ -59.390911135870226, -36.42480952015103 ], [ -59.359484979317699, -36.42889018167034 ], [ -59.357499030657891, -36.428895014734962 ], [ -59.33392066274439, -36.424863457488073 ], [ -59.338213470651681, -36.466675774512737 ], [ -59.365925038735611, -36.497268022130015 ], [ -59.345113026905551, -36.499947260272791 ], [ -59.335977716539787, -36.502967864635082 ], [ -59.327490926954738, -36.514403641305137 ], [ -59.28793215868626, -36.483640697999704 ], [ -59.22659794034746, -36.495568823315637 ], [ -59.215353203287293, -36.516016538339215 ], [ -59.213004420966911, -36.513998453137503 ], [ -59.212996630216026, -36.484050359892478 ], [ -59.211301622622045, -36.475630728893861 ], [ -59.202878700895155, -36.474527773441196 ], [ -59.192429597202022, -36.453115186119533 ], [ -59.190612668408562, -36.448093188279927 ], [ -59.192145048460134, -36.423572070471664 ], [ -59.173638327708261, -36.387098370811998 ], [ -59.173476728386959, -36.386535443200557 ], [ -59.178691475955645, -36.375676194218386 ], [ -59.167216122917978, -36.377475792425571 ], [ -59.169268285742362, -36.382717606837844 ], [ -59.155819499056975, -36.399628362101623 ], [ -59.132983225887983, -36.377426033592599 ], [ -59.136294473696125, -36.359884932216175 ], [ -59.13675084302298, -36.359813363052353 ], [ -59.134158383568945, -36.356426491781804 ], [ -59.113331402698634, -36.349180983122267 ], [ -59.115687019749828, -36.360171105363861 ], [ -59.125180532148534, -36.376224582520365 ], [ -59.120993372865314, -36.382120619403167 ], [ -59.094934827453244, -36.374168925399829 ], [ -59.094880192478058, -36.374123508614218 ], [ -59.094635273437007, -36.37298083977538 ], [ -59.091421705670882, -36.367999494145863 ], [ -59.042134358287001, -36.313269511332294 ], [ -59.04216852199329, -36.313090583232054 ], [ -59.056238547948169, -36.269854593593152 ], [ -59.082080091405714, -36.300476347840799 ], [ -59.112675021624341, -36.289477657118823 ], [ -59.143979198771717, -36.208860127200069 ], [ -59.106820042012544, -36.182691024913652 ], [ -59.106453427991255, -36.18225657350763 ], [ -59.094348347719119, -36.177187958693082 ], [ -59.090982910657658, -36.174025276460611 ], [ -59.088404296982446, -36.170663998642567 ], [ -59.095329510020406, -36.150692579908878 ], [ -59.08569730500443, -36.135660209163916 ], [ -59.085777540928973, -36.132489694196863 ], [ -59.08564294833343, -36.110496024548183 ], [ -59.085631156914019, -36.107051424408496 ], [ -59.096671776823428, -36.101151465596331 ], [ -59.087486342961938, -36.095635782416764 ], [ -59.095775538369423, -36.089097372265257 ], [ -59.090744718224755, -36.077904969480244 ], [ -59.093871341908823, -36.072839707985622 ], [ -59.092720354386358, -36.071903808741411 ], [ -59.091975247839798, -36.070250207007177 ], [ -59.097072308305826, -36.067376707951951 ], [ -59.099663151960272, -36.063979219642988 ], [ -59.095195302606783, -36.065373664221283 ], [ -59.091946865072885, -36.070219979968442 ], [ -59.088565241201195, -36.070946573747278 ], [ -59.090596380371551, -36.077852281385447 ], [ -59.089767628226696, -36.084469351343216 ], [ -59.089753598988921, -36.084544003537587 ], [ -59.083665521368118, -36.097248896412395 ], [ -59.082422197061248, -36.09938378810898 ], [ -59.078381969986651, -36.105569261974097 ], [ -59.062773542169225, -36.115554011277368 ], [ -59.066078926257546, -36.135728702247548 ], [ -59.045139709244438, -36.129560175538472 ], [ -59.01960273563617, -36.142607380246545 ], [ -59.006152844307223, -36.194843392567691 ], [ -58.988806953604069, -36.199581112376336 ], [ -58.988714594729743, -36.199748568618645 ], [ -58.987842371807233, -36.199649436388029 ], [ -59.003932771488508, -36.229766571295954 ], [ -59.004658873055462, -36.233529163673722 ], [ -59.001524859409244, -36.268025396076496 ], [ -59.002366613779998, -36.285997481848767 ], [ -58.92700114701239, -36.324568655794849 ], [ -58.918506655397039, -36.35528764064253 ], [ -58.924268073132907, -36.399476141699893 ], [ -58.894136750811072, -36.400713313873496 ], [ -58.886222356692144, -36.397530520767987 ], [ -58.879512306945912, -36.401632689527162 ], [ -58.872392662059497, -36.397458563897032 ], [ -58.870494301951339, -36.3845306260543 ], [ -58.855653284735922, -36.385527278825975 ], [ -58.854284807721626, -36.37866945144367 ], [ -58.849003042141362, -36.375977582923383 ], [ -58.842562451209062, -36.381755116430668 ], [ -58.843798453563181, -36.40496860154542 ], [ -58.876592169345486, -36.406717601845457 ], [ -58.88962515966017, -36.429019873992559 ], [ -58.897799345278543, -36.44220298006428 ], [ -58.907411153469923, -36.446493292806906 ], [ -58.91754812507321, -36.474114656026074 ], [ -58.890324655929362, -36.48042997350359 ], [ -58.885776818138652, -36.490436578378933 ], [ -58.897224207862507, -36.501610523479428 ], [ -58.874143474318032, -36.520387560068741 ], [ -58.869290034996311, -36.518511705376284 ], [ -58.869261420891974, -36.518493266603457 ], [ -58.869232807031437, -36.518474827452451 ], [ -58.86638668399047, -36.517045791208261 ], [ -58.86632670714954, -36.517012384369764 ], [ -58.860342718725747, -36.513900839063524 ], [ -58.855338699585786, -36.512433668856943 ], [ -58.839901486863823, -36.509289610130622 ], [ -58.839831874449146, -36.509262884904047 ], [ -58.839440348183757, -36.509046099053649 ], [ -58.834908693072975, -36.507090586742152 ], [ -58.81429869982145, -36.492193481166908 ], [ -58.807443748986316, -36.461833345421383 ], [ -58.794118571297304, -36.437821191513763 ], [ -58.808188205416059, -36.460204460967759 ], [ -58.81046219802505, -36.45800885621918 ], [ -58.794445260569205, -36.43742203591853 ], [ -58.809161383456797, -36.409259522961293 ], [ -58.732783754167485, -36.372143808685962 ], [ -58.732676235412328, -36.34302200348435 ], [ -58.78616371314763, -36.334578486319174 ], [ -58.786177110687674, -36.334577509870826 ], [ -58.77444705113021, -36.297948947580153 ], [ -58.786302586345982, -36.273764082507455 ], [ -58.732025954165977, -36.271230200230548 ], [ -58.731980413925044, -36.271185562974324 ], [ -58.715471490964205, -36.259619306624529 ], [ -58.715423480950278, -36.259567450637007 ], [ -58.680182493382063, -36.209229244954543 ], [ -58.680142704575417, -36.209188032956376 ], [ -58.680079286643092, -36.209102788787504 ], [ -58.674698574153467, -36.199404941796956 ], [ -58.707769351274692, -36.186173576406532 ], [ -58.719466858712849, -36.140871130532162 ], [ -58.756022139885772, -36.142577698817149 ], [ -58.757159341300394, -36.141953453137376 ], [ -58.737295870446417, -36.10094896397942 ], [ -58.726967556404531, -36.095235494330382 ], [ -58.726972694751169, -36.0951615066096 ], [ -58.726889192463602, -36.094757010075909 ], [ -58.725970504236955, -36.088883938941422 ], [ -58.72596658780833, -36.088845127070385 ], [ -58.725255216878679, -36.085066911449871 ], [ -58.736230748312607, -36.060470095689254 ], [ -58.735705556149355, -36.060841557638241 ], [ -58.72026729893804, -36.027131290355499 ], [ -58.723762623694199, -36.024348015738497 ], [ -58.716627331636801, -36.023738440699333 ], [ -58.706663688320361, -36.045534959860447 ], [ -58.705808176524897, -36.045745930337546 ], [ -58.70360182537479, -36.045600427856016 ], [ -58.680723725265466, -36.00998723053624 ], [ -58.676766236548474, -36.006510958276237 ], [ -58.654249939541216, -35.992489099951058 ], [ -58.671918446865902, -35.98446336874963 ], [ -58.648403010682273, -35.955036399194682 ], [ -58.666628318102653, -35.904803596144177 ], [ -58.666168966529028, -35.903894081181818 ], [ -58.665651269801231, -35.904235369950698 ], [ -58.651710054597061, -35.893910574689812 ], [ -58.650778248177346, -35.892235230996789 ], [ -58.638146128135133, -35.889598016997866 ], [ -58.628777537888823, -35.883011600643272 ], [ -58.644677784928376, -35.86537936073637 ], [ -58.631489532606395, -35.854533743696265 ], [ -58.638387958739486, -35.85289144842136 ], [ -58.639296368440284, -35.848358064931347 ], [ -58.639851263357798, -35.846394619688851 ], [ -58.641080977700142, -35.84223829857757 ], [ -58.637421892449936, -35.844721135902148 ], [ -58.637391815016599, -35.844746073174008 ], [ -58.635703086908393, -35.845882963772851 ], [ -58.63567320421032, -35.845907739589336 ], [ -58.635643437846909, -35.845932655053161 ], [ -58.630789841400997, -35.849247280436487 ], [ -58.60717958992052, -35.849077626446615 ], [ -58.597183973682434, -35.846116549212297 ], [ -58.598659583860581, -35.836185344017281 ], [ -58.576372247647214, -35.824336849100575 ], [ -58.5882872328487, -35.844159830607509 ], [ -58.583889287216834, -35.868626111427773 ], [ -58.574992872551377, -35.869278179852188 ], [ -58.574888107033246, -35.869932333993631 ], [ -58.57634902805404, -35.870908823356501 ], [ -58.576354839205123, -35.871702478419593 ], [ -58.576352019640353, -35.871781372343435 ], [ -58.576318676041922, -35.872495043179811 ], [ -58.576324331019293, -35.872570934341525 ], [ -58.576390809862062, -35.872664796755259 ], [ -58.575600069964935, -35.879040813944812 ], [ -58.581499273112343, -35.878831138836858 ], [ -58.582537334105268, -35.875201531172536 ], [ -58.584175496351804, -35.87578586602524 ], [ -58.587380404978489, -35.876929059985969 ], [ -58.587451705310059, -35.876951464108004 ], [ -58.585997161830278, -35.905843502794198 ], [ -58.573094380966779, -35.896245915241934 ], [ -58.573065045365126, -35.896220678103248 ], [ -58.572929244385591, -35.896225504871211 ], [ -58.568196253003464, -35.892503621873686 ], [ -58.570134211812558, -35.899583387442874 ], [ -58.580171816628081, -35.911653900962961 ], [ -58.566647205061372, -35.922875435396975 ], [ -58.596186689294996, -35.945841785656398 ], [ -58.608755243544636, -35.938378786671535 ], [ -58.610438532671026, -35.939958043655395 ], [ -58.610590977368588, -35.942006066608144 ], [ -58.615438790266637, -35.944962576624505 ], [ -58.610936233155826, -35.966516244413981 ], [ -58.597045433392168, -35.957374530195295 ], [ -58.596772251205607, -35.957948622282004 ], [ -58.597080432591326, -35.957860358133019 ], [ -58.597781122068966, -35.967551792676602 ], [ -58.593792083444953, -35.970509633046504 ], [ -58.593416914975251, -35.970077436222368 ], [ -58.551486605904188, -36.024157595258771 ], [ -58.545064333888376, -36.024301577920539 ], [ -58.442583190788469, -36.101354296990735 ], [ -58.442533880981102, -36.101440194131271 ], [ -58.439485263119138, -36.104759120567053 ], [ -58.447535337762019, -36.124386028715662 ], [ -58.457452732961485, -36.121234528391938 ], [ -58.447595176634195, -36.140623395299997 ], [ -58.455382656223549, -36.163158069664064 ], [ -58.450383703703267, -36.16624620700901 ], [ -58.450385063036833, -36.166304656137925 ], [ -58.403949227888518, -36.207493704952981 ], [ -58.384599915526678, -36.200933814569623 ], [ -58.379679018689558, -36.182314988937094 ], [ -58.342220762323961, -36.174084699284265 ], [ -58.349196562700683, -36.192620831514375 ], [ -58.363436231630089, -36.189365536560615 ], [ -58.363481929028296, -36.233105038370468 ], [ -58.363085709323173, -36.235758166349569 ], [ -58.339153828210328, -36.259623289896979 ], [ -58.338522147617653, -36.262424732590603 ], [ -58.345810132094584, -36.261441538676138 ], [ -58.385093359273071, -36.27001452930449 ], [ -58.385737494306454, -36.267769198923418 ], [ -58.404112225613005, -36.254546311236538 ], [ -58.393411081545423, -36.27275788425834 ], [ -58.376990412965711, -36.332390100859357 ], [ -58.319755447972852, -36.394739227330092 ], [ -58.318969548512428, -36.395179092403509 ], [ -58.282735361022503, -36.397668216160582 ], [ -58.279082868316152, -36.390944725379143 ], [ -58.268793677144743, -36.404400740022481 ], [ -58.254669329410945, -36.407636695708163 ], [ -58.232755735916214, -36.400698117987872 ], [ -58.214492406270892, -36.405181649513395 ], [ -58.210096061900572, -36.442857270983041 ], [ -58.155983803511674, -36.427939321878114 ], [ -58.13162626918529, -36.393471143006934 ], [ -58.119358541407394, -36.387766105797709 ], [ -58.119326038547058, -36.387709485722269 ], [ -58.116247805211117, -36.385357721516925 ], [ -58.118236926129953, -36.360491306231722 ], [ -58.115251651020515, -36.356285127941703 ], [ -58.11362848933743, -36.358909376267036 ], [ -58.115054237484401, -36.360493333821012 ], [ -58.11505221841071, -36.360532261787398 ], [ -58.115053480061931, -36.36057122165721 ], [ -58.094238085848303, -36.369001739637724 ], [ -58.094209051845723, -36.368976658901659 ], [ -58.083914607565987, -36.365861622839475 ], [ -58.093533086424259, -36.370815759014022 ], [ -58.091286340993747, -36.417077328530581 ], [ -58.088859266177053, -36.46952108112697 ], [ -58.042136130038216, -36.431699364927567 ], [ -58.042402775605979, -36.419995621973953 ], [ -58.047683085925826, -36.40952255756855 ], [ -58.048654864424464, -36.407602768822414 ], [ -58.047913057138487, -36.407136762296432 ], [ -58.049646315147243, -36.405644496325579 ], [ -58.049640890254864, -36.405599642069546 ], [ -58.04710692313688, -36.394522474518567 ], [ -58.078544389715205, -36.364060195697618 ], [ -58.058832679748946, -36.347289443308682 ], [ -58.056168698414069, -36.343984336659958 ], [ -58.054885739726672, -36.345973801960838 ], [ -58.046774557348556, -36.348659884614563 ], [ -58.046708340208284, -36.348662441404429 ], [ -58.033557034675937, -36.343239656174603 ], [ -58.037474634725925, -36.330981297800975 ], [ -58.036896068539818, -36.328359130728984 ], [ -58.064218127494939, -36.293168923428027 ], [ -58.028522325301992, -36.257094402655071 ], [ -58.035879730696422, -36.222880624965853 ], [ -57.991963509772518, -36.142783010764958 ], [ -58.04058100373004, -36.127168391375847 ], [ -58.04818980580859, -36.079035813245866 ], [ -58.056507294037658, -36.074601912170067 ], [ -58.057636779022687, -36.070828479176726 ], [ -58.067413356589384, -36.062586442867882 ], [ -58.090538336615907, -36.053903004029962 ], [ -58.088796581239649, -36.086348362654292 ], [ -58.097060787107637, -36.097661722063037 ], [ -58.097028157979764, -36.097728862511985 ], [ -58.086562090838754, -36.103844399413219 ], [ -58.086491128993089, -36.103877048339371 ], [ -58.083013025293496, -36.105155387883997 ], [ -58.088092954437286, -36.107101949913783 ], [ -58.096425104064906, -36.105612558652069 ], [ -58.096003511759477, -36.106551873581566 ], [ -58.096564803502872, -36.105571915255155 ], [ -58.105250212517774, -36.102127379459887 ], [ -58.106157394933007, -36.086107856597266 ], [ -58.106209979979496, -36.086088498335698 ], [ -58.12411444163979, -36.090214167212253 ], [ -58.12513879356618, -36.090149390274689 ], [ -58.15791519173996, -36.091729898645724 ], [ -58.162106884977447, -36.090343138469848 ], [ -58.16720575208285, -36.093735906816903 ], [ -58.167455588682344, -36.094284275906773 ], [ -58.167485053787573, -36.094355617493022 ], [ -58.166369665600769, -36.098258250150138 ], [ -58.170687596788923, -36.100626401655632 ], [ -58.168886343162683, -36.097465310111829 ], [ -58.168913870920619, -36.097118794653625 ], [ -58.1688792912596, -36.097048872602556 ], [ -58.167648590264719, -36.093759969519681 ], [ -58.167619125159604, -36.093688627933432 ], [ -58.167429469029344, -36.093146611184011 ], [ -58.172673956535675, -36.074876492673752 ], [ -58.1610485502232, -36.068069590577466 ], [ -58.169473358395635, -36.048497339889195 ], [ -58.188979874335757, -36.052711564648689 ], [ -58.198196725298544, -36.040791220575329 ], [ -58.199200808694513, -36.000570439931437 ], [ -58.202079474553443, -35.995785096661791 ], [ -58.205354076452522, -35.992181018237829 ], [ -58.229057340418706, -35.996026377389455 ], [ -58.256473124338754, -35.965397731114933 ], [ -58.251176776742, -35.957284334897963 ], [ -58.262022628169632, -35.947671178999769 ], [ -58.277672076424665, -35.937383650187769 ], [ -58.277704880174724, -35.93736289522991 ], [ -58.277737235543668, -35.937341447983272 ], [ -58.278376776387404, -35.936645201648219 ], [ -58.28856003325069, -35.929886181159645 ], [ -58.288903715455945, -35.930141798939246 ], [ -58.289422501736453, -35.929238078962612 ], [ -58.288245735059661, -35.929633546895559 ], [ -58.288559000257976, -35.929885383232261 ], [ -58.278363656712486, -35.93663506745321 ], [ -58.276425041059781, -35.936558469385432 ], [ -58.274480384671847, -35.936458452425086 ], [ -58.262840236924035, -35.946350898519313 ], [ -58.261081208260123, -35.946868555284368 ], [ -58.235962328873597, -35.947903027767438 ], [ -58.224135468853547, -35.961018028445949 ], [ -58.223651987341668, -35.961264515476671 ], [ -58.222967745487722, -35.961792486392994 ], [ -58.214211112710814, -35.977417698147235 ], [ -58.210064128766021, -35.98059659998205 ], [ -58.210010578820231, -35.980641073338347 ], [ -58.196553417143036, -35.987148102354581 ], [ -58.187823934743506, -35.97232572334525 ], [ -58.168141423231248, -35.976258366258321 ], [ -58.169240155261946, -35.985588896746208 ], [ -58.158165803465351, -35.990148695994435 ], [ -58.154852072492645, -35.988860768108964 ], [ -58.154784373441203, -35.988829706899423 ], [ -58.154131162108001, -35.988475105054135 ], [ -58.154063661514783, -35.988444134921792 ], [ -58.148890322871011, -35.986428915286012 ], [ -58.141664652556415, -35.970245731248212 ], [ -58.133191977246724, -35.976783888532907 ], [ -58.125617413241628, -35.986252855846999 ], [ -58.132821957336887, -35.995571057994198 ], [ -58.131806342788934, -35.996274670016192 ], [ -58.131748980452187, -35.996317587634621 ], [ -58.130788673851384, -35.996957174439729 ], [ -58.130731177825055, -35.996999377311454 ], [ -58.129743789256167, -35.997657157846788 ], [ -58.129686560142943, -35.997699167260805 ], [ -58.129005279706689, -35.998199220438607 ], [ -58.127676741353582, -35.999269217930816 ], [ -58.127619133292228, -35.999311499984913 ], [ -58.125099007363133, -36.000998040798891 ], [ -58.118785648264236, -35.991267304532244 ], [ -58.093093229699491, -35.997378364700126 ], [ -58.092193421575303, -35.997442142029286 ], [ -58.080913056409088, -35.993894125032398 ], [ -58.070600098816385, -36.002973059176782 ], [ -58.056716635681767, -36.028624459272635 ], [ -58.055071714838675, -36.041846241145379 ], [ -58.055015446646905, -36.041854349022685 ], [ -58.026052889509458, -36.045522473797064 ], [ -57.994288899276512, -36.019285292120117 ], [ -57.994235477518714, -36.019295915836608 ], [ -57.967553860620797, -36.019468196831781 ], [ -57.937903580975387, -36.013338235755612 ], [ -57.915168746482891, -35.988231415015832 ], [ -57.913659932289477, -35.98817147836678 ], [ -57.907924778785571, -35.989647419541598 ], [ -57.902538317125391, -35.973039337060925 ], [ -57.904956486611013, -35.96093290337916 ], [ -57.925976508169015, -35.949609761788679 ], [ -57.939465767061506, -35.933051348010224 ], [ -57.939529624147781, -35.933083694009895 ], [ -57.940958109472547, -35.932716073455879 ], [ -57.948364229382264, -35.943986197456752 ], [ -57.954153529017617, -35.944216173567554 ], [ -57.951783317929312, -35.941320510299533 ], [ -57.951754230530071, -35.941294438143018 ], [ -57.943026632076794, -35.930572959830215 ], [ -57.977822474261416, -35.904887456759695 ], [ -57.980546826059822, -35.910642717980807 ], [ -57.987611515171864, -35.912665090478697 ], [ -57.988354722022734, -35.905104212826132 ], [ -57.978313167740168, -35.903184554725556 ], [ -57.978255794868119, -35.903135295913955 ], [ -57.977984298412935, -35.901643887907085 ], [ -57.982170512775042, -35.871468113669323 ], [ -57.979684374082183, -35.859039052449361 ], [ -57.96186878951687, -35.85892016080021 ], [ -57.961824268798637, -35.858825333982963 ], [ -57.951528321200328, -35.845907216711794 ], [ -57.954770412589482, -35.832137795338269 ], [ -57.967249922886879, -35.832395040767267 ], [ -57.968335516778552, -35.812235709926256 ], [ -57.956089750719684, -35.820618778107132 ], [ -57.960502476077579, -35.798484201123188 ], [ -57.938192040807053, -35.76204185052103 ], [ -57.938760674486957, -35.757011134552329 ], [ -57.938254246034091, -35.754444825293547 ], [ -57.937046123169296, -35.749022849573123 ], [ -57.93704705732722, -35.748952896924209 ], [ -57.93694996437614, -35.748585146765436 ], [ -57.936933888646422, -35.748514849854757 ], [ -57.937533042232872, -35.742315687940902 ], [ -57.948156686080551, -35.747136507963546 ], [ -57.953444996025041, -35.74322405305827 ], [ -57.949481956435591, -35.743784700094068 ], [ -57.950952657692369, -35.735040428652042 ], [ -57.94464656713933, -35.717430282077714 ], [ -57.944625642840492, -35.717350769474479 ], [ -57.942497632928223, -35.712557300261551 ], [ -57.943007289856439, -35.710710437429611 ], [ -57.943263836954657, -35.709780778135439 ], [ -57.94429117203299, -35.709304539254333 ], [ -57.943926088606418, -35.707344917887042 ], [ -57.943741649938318, -35.707134632052771 ], [ -57.943262910537214, -35.70878170476351 ], [ -57.943252362153316, -35.708819718535381 ], [ -57.942933098435674, -35.709929445599585 ], [ -57.942129635574645, -35.712722197741471 ], [ -57.937353759319024, -35.714749272726692 ], [ -57.940180326334144, -35.719630695586375 ], [ -57.939287116425362, -35.722862185778354 ], [ -57.917594750390435, -35.732709332127627 ], [ -57.917653872777521, -35.732320049985958 ], [ -57.917165442375619, -35.73307832732786 ], [ -57.917351000587985, -35.733047495806545 ], [ -57.911643411676437, -35.750632823763624 ], [ -57.903002577949678, -35.762462229795858 ], [ -57.895390747193119, -35.756500822703117 ], [ -57.895361223592204, -35.756475243148373 ], [ -57.891939948934862, -35.753789296176592 ], [ -57.893565153309396, -35.758360894218924 ], [ -57.90219654782328, -35.762815314122008 ], [ -57.892510829360901, -35.770766076240818 ], [ -57.902337311832184, -35.782776674239017 ], [ -57.881076500511483, -35.797868897993851 ], [ -57.881073882728572, -35.79777976163183 ], [ -57.880782000576346, -35.798139498046169 ], [ -57.873133298321591, -35.812080263362702 ], [ -57.849684114513366, -35.826071210171165 ], [ -57.836076734919857, -35.822773135314776 ], [ -57.838901370055282, -35.832457692660228 ], [ -57.835732863621502, -35.858037479096367 ], [ -57.823230845062881, -35.849564583181291 ], [ -57.817851128799134, -35.862297041662941 ], [ -57.815203506323201, -35.862551959210577 ], [ -57.791455944214192, -35.852869749083254 ], [ -57.791996373275765, -35.852334145950636 ], [ -57.789948417203675, -35.852574450100008 ], [ -57.791584933151569, -35.853070924362953 ], [ -57.817614411612283, -35.866312084345907 ], [ -57.817729731059785, -35.866361700894629 ], [ -57.831057391172862, -35.871084960142639 ], [ -57.820300471752944, -35.896386314298866 ], [ -57.828364403447836, -35.902342819209082 ], [ -57.820567786352456, -35.911000757541842 ], [ -57.808659810424558, -35.931932099923131 ], [ -57.778670209183531, -35.928431574811668 ], [ -57.778614455927141, -35.926024140194215 ], [ -57.773642976767405, -35.918839931338596 ], [ -57.773556801377993, -35.91879585296715 ], [ -57.773490871055458, -35.918790328019554 ], [ -57.773457647942337, -35.918763556854344 ], [ -57.766644599259507, -35.930655946262618 ], [ -57.766595796437969, -35.930682217376159 ], [ -57.749111471629305, -35.936481072750155 ], [ -57.74837361724957, -35.92472290012546 ], [ -57.71476071055821, -35.898562858179275 ], [ -57.714732670758679, -35.89854106432233 ], [ -57.714688282303882, -35.898304823323144 ], [ -57.687578141265078, -35.934620401928839 ], [ -57.687577335587321, -35.934621479751456 ] ] ], [ [ [ -57.687577335587321, -35.934621479751456 ], [ -57.687534192425289, -35.934628437856929 ], [ -57.687530672945513, -35.93463377862787 ], [ -57.687577335587321, -35.934621479751456 ] ] ], [ [ [ -58.170687596788923, -36.100626401655632 ], [ -58.170696959555301, -36.100689450076857 ], [ -58.170731630969158, -36.100686672705024 ], [ -58.170687596788923, -36.100626401655632 ] ] ], [ [ [ -58.78616371314763, -36.334578486319174 ], [ -58.786179251062833, -36.334615190752231 ], [ -58.786212570329837, -36.334621851268651 ], [ -58.78616371314763, -36.334578486319174 ] ] ], [ [ [ -56.680603026999904, -36.644714354999962 ], [ -56.680481392294496, -36.645600550913969 ], [ -56.680978204112193, -36.643067787509267 ], [ -56.681040471548386, -36.641197855369398 ], [ -56.680908203, -36.642211913999859 ], [ -56.680603026999904, -36.644714354999962 ] ] ], [ [ [ -56.665283202999831, -36.881896972999982 ], [ -56.666076129492694, -36.882872882068284 ], [ -56.666209295080478, -36.87099564194898 ], [ -56.666110202173343, -36.869322791143645 ], [ -56.666105965729628, -36.869251273027203 ], [ -56.666008492142623, -36.867605759028038 ], [ -56.665254458850143, -36.861819865272821 ], [ -56.664611816, -36.86499023399989 ], [ -56.664184569999975, -36.867309569999861 ], [ -56.664306640999882, -36.871520995999902 ], [ -56.664123534999987, -36.87390136699986 ], [ -56.664184569999975, -36.876281737999875 ], [ -56.664978026999904, -36.880676269999867 ], [ -56.665283202999831, -36.881896972999982 ] ] ], [ [ [ -60.101234146923787, -38.039010982539196 ], [ -60.101175615262321, -38.039014096556059 ], [ -60.101175590770879, -38.039056484808782 ], [ -60.101229949173387, -38.039056692843531 ], [ -60.101234146923787, -38.039010982539196 ] ] ], [ [ [ -58.508605956999872, -38.540283202999888 ], [ -58.509674059258657, -38.540283202999888 ], [ -58.502387472934402, -38.537780490646014 ], [ -58.502320943962843, -38.537760381011708 ], [ -58.489605151619287, -38.534428699243108 ], [ -58.491394043000014, -38.534973144999924 ], [ -58.494079589999899, -38.536193847999925 ], [ -58.498291015999939, -38.537109374999829 ], [ -58.499877929999968, -38.537719726999967 ], [ -58.50140380900001, -38.53820800799997 ], [ -58.504577636999898, -38.539306640999826 ], [ -58.50811767599987, -38.540283202999888 ], [ -58.508605956999872, -38.540283202999888 ] ] ], [ [ [ -58.517517089999899, -38.543029784999874 ], [ -58.517928918313146, -38.543118486466767 ], [ -58.511649173628086, -38.540961592428459 ], [ -58.512878417999957, -38.541503906 ], [ -58.514587401999961, -38.541992188 ], [ -58.517517089999899, -38.543029784999874 ] ] ], [ [ [ -58.829284668000014, -38.622924804999968 ], [ -58.831253231802293, -38.622974018974048 ], [ -58.827501607224292, -38.621927402689096 ], [ -58.82757568400001, -38.622009276999961 ], [ -58.829284668000014, -38.622924804999968 ] ] ] ] } },
{ "type": "Feature", "properties": { "Name": "MDQ : 60 - 120", "FromBreak": 60.0, "ToBreak": 120.0, "IATA": "MDQ" }, "geometry": { "type": "MultiPolygon", "coordinates": [ [ [ [ -57.740943877420079, -36.587963801701505 ], [ -57.743202388543693, -36.603909375995727 ], [ -57.743285094535963, -36.605367560213551 ], [ -57.740858443608943, -36.613126460804551 ], [ -57.737445333602295, -36.626871904032612 ], [ -57.740810651707307, -36.628908684651719 ], [ -57.737116193207726, -36.629997686056072 ], [ -57.73659590656348, -36.630809175255081 ], [ -57.730093363714332, -36.660949924337444 ], [ -57.730093895813468, -36.661017206300755 ], [ -57.711604283159829, -36.693437218181316 ], [ -57.718588412555107, -36.695306329593279 ], [ -57.702792765172035, -36.711909346026459 ], [ -57.702269887690306, -36.713099508139919 ], [ -57.701668001223823, -36.714469540583764 ], [ -57.70117589926474, -36.715589655107067 ], [ -57.700650622932528, -36.71653571505351 ], [ -57.700075065141618, -36.717572302299345 ], [ -57.702037223423417, -36.760158918539275 ], [ -57.698836113043001, -36.761519275605906 ], [ -57.694281145940295, -36.76345498372666 ], [ -57.688255143144147, -36.766015820422751 ], [ -57.681246081209849, -36.768994422261358 ], [ -57.673401833285311, -36.772327953029674 ], [ -57.668521351546474, -36.774401986920168 ], [ -57.670751345341273, -36.774316830409191 ], [ -57.675454278107395, -36.774137242113397 ], [ -57.677719070909347, -36.779260738044115 ], [ -57.681146505918548, -36.788106898237288 ], [ -57.69307772931171, -36.817388064611237 ], [ -57.69630492377604, -36.82530809526628 ], [ -57.697717349500124, -36.828774405553531 ], [ -57.698268206674413, -36.83012629390953 ], [ -57.698743796469046, -36.831293464522162 ], [ -57.698743079782616, -36.832711267459331 ], [ -57.70497807585582, -36.83624163700398 ], [ -57.703309407085101, -36.846242562697057 ], [ -57.703535900096654, -36.846334897918496 ], [ -57.698444046506609, -36.853114487590176 ], [ -57.697337450178338, -36.855008324762593 ], [ -57.707712443795288, -36.892780578554266 ], [ -57.707056304025912, -36.89418156964382 ], [ -57.704679400032319, -36.894904887849862 ], [ -57.704668816404876, -36.894905947370944 ], [ -57.701880726574586, -36.895768701178383 ], [ -57.692277107251357, -36.895393074188405 ], [ -57.686288643066177, -36.876272127301149 ], [ -57.67902895628265, -36.893930337200516 ], [ -57.676917988751654, -36.893887637912599 ], [ -57.665353353290811, -36.892754120924678 ], [ -57.656760486826329, -36.891911884250135 ], [ -57.6567131578567, -36.89191123494146 ], [ -57.631464845659821, -36.892968262764441 ], [ -57.628144450316768, -36.892389915276908 ], [ -57.628096070230697, -36.892401964579904 ], [ -57.622426773839152, -36.893293005712394 ], [ -57.622375693725701, -36.893317976813876 ], [ -57.621877383526908, -36.893397436954388 ], [ -57.621876649937008, -36.893398058526316 ], [ -57.622194960286379, -36.893638958502493 ], [ -57.622270352698138, -36.893661515247743 ], [ -57.626712359196858, -36.897040107649332 ], [ -57.626780926499805, -36.897060573442729 ], [ -57.639927686914518, -36.907031397255139 ], [ -57.622629310377988, -36.926817698088087 ], [ -57.619720463507065, -36.929660687924866 ], [ -57.602265525280018, -36.941499245963371 ], [ -57.602234030655211, -36.941497984187436 ], [ -57.586094981210351, -36.946336728618462 ], [ -57.539657981597031, -36.942965679097142 ], [ -57.539587009014269, -36.943015909919325 ], [ -57.539380274540918, -36.943039262301397 ], [ -57.537956530404983, -36.943369611269929 ], [ -57.525190243706106, -36.948419332706123 ], [ -57.519721719823792, -36.945533275851744 ], [ -57.466049456072142, -36.963447519727424 ], [ -57.421646228602924, -36.977599652926187 ], [ -57.418558198118205, -36.982129765258094 ], [ -57.411120186719927, -36.982875794979407 ], [ -57.402829345133739, -36.989486913884775 ], [ -57.395661714889229, -36.999956694144259 ], [ -57.389413826394843, -36.999833469015243 ], [ -57.379028751509452, -37.006725816195058 ], [ -57.377369361865533, -37.007339031251831 ], [ -57.375924791052512, -37.008337699683523 ], [ -57.375888493396815, -37.008368746479675 ], [ -57.376453633851327, -37.008587236052506 ], [ -57.376524529409721, -37.008591903251215 ], [ -57.37723875326418, -37.008882245807968 ], [ -57.366584144950707, -37.018723286358181 ], [ -57.35453783296839, -37.04487773463137 ], [ -57.34765381968441, -37.047701393882051 ], [ -57.347605276610238, -37.047704430946965 ], [ -57.323497559082455, -37.040883398553717 ], [ -57.323499600666082, -37.040888287800783 ], [ -57.320754215916509, -37.04166412944079 ], [ -57.320750603088072, -37.041663425623085 ], [ -57.3205912719352, -37.04165984452942 ], [ -57.320587708798826, -37.041658730467759 ], [ -57.317853749229243, -37.041795484463989 ], [ -57.290428334358467, -37.021222262777201 ], [ -57.273956436113792, -37.027280446593522 ], [ -57.258906205510073, -36.991064693037629 ], [ -57.265873514577095, -36.989358209815407 ], [ -57.268701467709946, -36.987910217431477 ], [ -57.262111718731433, -36.966529673657476 ], [ -57.262853705733846, -36.954060256771754 ], [ -57.276898193617171, -36.929494870706435 ], [ -57.277885395264718, -36.928099057420354 ], [ -57.276888626037021, -36.92825255675524 ], [ -57.279237832814317, -36.920228962766146 ], [ -57.279690080317835, -36.919016767719654 ], [ -57.287056214532527, -36.909618928013231 ], [ -57.295210199938253, -36.885070891502664 ], [ -57.295231149991082, -36.885059093822065 ], [ -57.296877099791857, -36.880742895965795 ], [ -57.296893035985761, -36.880733355479322 ], [ -57.298715960018114, -36.875491593591846 ], [ -57.298726220581159, -36.875485171206549 ], [ -57.303808260260382, -36.874390513925221 ], [ -57.292134213744703, -36.855579290084279 ], [ -57.27411905340756, -36.819312332407094 ], [ -57.273591351301832, -36.818372256136968 ], [ -57.273673719074793, -36.818273564276296 ], [ -57.273654279157199, -36.818078808464008 ], [ -57.273919272083447, -36.818078831417324 ], [ -57.273970567548758, -36.818033752063002 ], [ -57.273970389428143, -36.818041563065719 ], [ -57.273979424394781, -36.818036678504143 ], [ -57.275893108654259, -36.816955210757442 ], [ -57.275951762454326, -36.816893112524269 ], [ -57.276737700131207, -36.808440093637103 ], [ -57.276038707601231, -36.805795398509417 ], [ -57.27560564227673, -36.79304570065915 ], [ -57.266680852124864, -36.768169206535049 ], [ -57.266098995542279, -36.765515755070339 ], [ -57.265905686404722, -36.764819205529932 ], [ -57.265858264712278, -36.764524779191049 ], [ -57.265837754256097, -36.764398933524603 ], [ -57.265819035082757, -36.764251863759739 ], [ -57.265819414456075, -36.764248840980031 ], [ -57.265768409113946, -36.763862490657516 ], [ -57.265569564087855, -36.76296589524776 ], [ -57.251682871938272, -36.712998212357491 ], [ -57.251370688975214, -36.712104468612551 ], [ -57.25134844062751, -36.712022982263875 ], [ -57.251185424357971, -36.711296049817975 ], [ -57.251188189818663, -36.711223625654782 ], [ -57.251276412075413, -36.710533341594896 ], [ -57.251382271389105, -36.709705058579857 ], [ -57.251416557286177, -36.709476978794385 ], [ -57.251447945528923, -36.709273405051704 ], [ -57.251452207314401, -36.709263398832491 ], [ -57.262512689326456, -36.691389587757897 ], [ -57.264276970098422, -36.688927736880601 ], [ -57.264368025812871, -36.688916586369942 ], [ -57.265209430274069, -36.68875618108251 ], [ -57.266168032643918, -36.679953299692272 ], [ -57.265278106185519, -36.671341434701105 ], [ -57.264685313883547, -36.668695730880756 ], [ -57.264663181028936, -36.66869591739669 ], [ -57.265146012666719, -36.66089948263658 ], [ -57.261517549607845, -36.655525922156812 ], [ -57.259176968521899, -36.651857157680752 ], [ -57.25917762950661, -36.651856681434595 ], [ -57.259151258228201, -36.651783086610806 ], [ -57.259092668538472, -36.651706136205348 ], [ -57.259087488208877, -36.651700877433257 ], [ -57.259000908195333, -36.651597268724174 ], [ -57.25888296114482, -36.651437292157823 ], [ -57.258358891900173, -36.650897250659057 ], [ -57.258298633041306, -36.650837921025982 ], [ -57.258348889846332, -36.65120115639877 ], [ -57.25834351043909, -36.651202504686012 ], [ -57.258321644585976, -36.651238865351274 ], [ -57.258409022998364, -36.651845295146018 ], [ -57.257182572439433, -36.655653074916756 ], [ -57.254364180239065, -36.662433697170741 ], [ -57.251567716389786, -36.669746482254652 ], [ -57.251104110619224, -36.670942547862467 ], [ -57.249789474225167, -36.671967402378641 ], [ -57.249780125892471, -36.67196846220213 ], [ -57.247760242534753, -36.671980586346592 ], [ -57.243568469538218, -36.67200572993886 ], [ -57.242161929168333, -36.671781970526069 ], [ -57.241485394267102, -36.672018227705223 ], [ -57.241131109233322, -36.672237964667374 ], [ -57.23973835362284, -36.673090728817954 ], [ -57.237362066548542, -36.675721861059458 ], [ -57.232651620074705, -36.680937425865636 ], [ -57.230646827725764, -36.683157229822484 ], [ -57.222592418293175, -36.717941276945226 ], [ -57.219294964149412, -36.726353008412559 ], [ -57.21928966470233, -36.726371278237878 ], [ -57.219205624616109, -36.726559571072016 ], [ -57.219204241706052, -36.726578168317701 ], [ -57.21895339501981, -36.728544184282839 ], [ -57.218840983513815, -36.728944478498192 ], [ -57.218735821565645, -36.72943064226655 ], [ -57.218476927358211, -36.730627528646096 ], [ -57.218411442224976, -36.732762071342449 ], [ -57.215369744184443, -36.736737627216826 ], [ -57.215369621002537, -36.736738043028311 ], [ -57.214986012798306, -36.737260236699797 ], [ -57.214804112957893, -36.738632450063903 ], [ -57.214697159217849, -36.73984826279252 ], [ -57.21460036215683, -36.740948617944298 ], [ -57.214512340588385, -36.741949216364503 ], [ -57.216269494196979, -36.744436013169604 ], [ -57.202228373307094, -36.755888221775137 ], [ -57.202194732312194, -36.755872296077143 ], [ -57.182374410390253, -36.759732844143343 ], [ -57.174817354338302, -36.770141782325936 ], [ -57.174814200773085, -36.770148477876717 ], [ -57.188350281056216, -36.777031131622834 ], [ -57.188355826632289, -36.77704467035403 ], [ -57.188383470913379, -36.777033410524155 ], [ -57.192264016111551, -36.783371865673189 ], [ -57.191973091462444, -36.783997118400805 ], [ -57.185979772523638, -36.795708914931083 ], [ -57.176481661840057, -36.821495115628238 ], [ -57.176328080032647, -36.821589160472399 ], [ -57.176321003359874, -36.8215865320376 ], [ -57.176201696356941, -36.821638597110734 ], [ -57.176334888712631, -36.822712518674052 ], [ -57.175913735688027, -36.824162640958605 ], [ -57.176405364034053, -36.828371149438624 ], [ -57.143791434753894, -36.835199722454036 ], [ -57.136180153139776, -36.834188983478668 ], [ -57.13376677311976, -36.838401150324501 ], [ -57.133755625510958, -36.838632017637906 ], [ -57.133754943758106, -36.838647743962611 ], [ -57.131133804781996, -36.848646897754406 ], [ -57.116472747896239, -36.871851209093393 ], [ -57.102952719894915, -36.868826196515101 ], [ -57.090955756339952, -36.86527324330018 ], [ -57.086294573558177, -36.859270960835943 ], [ -57.087728657197488, -36.858081892069947 ], [ -57.064943564153452, -36.853195777536769 ], [ -57.064893268395281, -36.853206363892298 ], [ -57.059771077123628, -36.861359207627345 ], [ -57.03740925256659, -36.850910758065879 ], [ -57.029897652136924, -36.846571224309002 ], [ -57.02969866175124, -36.846569513604095 ], [ -57.029424581516935, -36.846637665583103 ], [ -57.029408851621326, -36.84662909531454 ], [ -57.029376014147147, -36.846583717071326 ], [ -57.027782986621958, -36.848098360594975 ], [ -57.023291064639125, -36.848238600985212 ], [ -57.026900203273158, -36.852182726025831 ], [ -57.026616464995129, -36.868694687784171 ], [ -57.0272857201536, -36.874053741209366 ], [ -57.02780589125075, -36.885507874183645 ], [ -57.025991341665929, -36.89315654505134 ], [ -57.025929683988807, -36.893129569872713 ], [ -57.025927451349673, -36.893181260989365 ], [ -57.025885888494656, -36.893644338308491 ], [ -57.025953118628649, -36.893618330363552 ], [ -57.025356792668333, -36.915520419609436 ], [ -57.002511753571071, -36.921295773161887 ], [ -57.001834745145743, -36.921859585006814 ], [ -56.992362727274724, -36.911922120767599 ], [ -56.966310258088583, -36.914324857898464 ], [ -56.965368979546724, -36.914121584743611 ], [ -56.964770053156371, -36.913761613198687 ], [ -56.95396497611631, -36.910415426611848 ], [ -56.933316164522694, -36.909243825173405 ], [ -56.926553433992353, -36.913758061216242 ], [ -56.924440892373013, -36.914638591958976 ], [ -56.924418417130937, -36.914671448830404 ], [ -56.924418246498249, -36.914672414117206 ], [ -56.924026179909788, -36.914851260577052 ], [ -56.888655821599286, -36.903169416346088 ], [ -56.878512624600717, -36.894132153067119 ], [ -56.869545173370227, -36.88650232862102 ], [ -56.860166384779973, -36.871608639519252 ], [ -56.846705002877343, -36.836648246522884 ], [ -56.845715271687482, -36.807628919850572 ], [ -56.831908914839801, -36.80780758226939 ], [ -56.831888382736963, -36.807796695051934 ], [ -56.830973427946276, -36.806598774009842 ], [ -56.830952819477318, -36.806585877178691 ], [ -56.827039621414542, -36.800178895024487 ], [ -56.808797812578462, -36.7882770997997 ], [ -56.783760682495881, -36.777953678176459 ], [ -56.783736403678347, -36.777890869860585 ], [ -56.79035690103035, -36.747288269333751 ], [ -56.791671470614915, -36.742944796149516 ], [ -56.791670619213221, -36.742942858350261 ], [ -56.790144731569967, -36.742210300092324 ], [ -56.791502183107866, -36.741994314168494 ], [ -56.781934315067531, -36.718803443688614 ], [ -56.783682147357183, -36.715250526627983 ], [ -56.791362046434244, -36.707030461213435 ], [ -56.792864639561742, -36.706380202254479 ], [ -56.79488695699348, -36.706791420240279 ], [ -56.799336691931956, -36.700231186986912 ], [ -56.80196257520646, -36.696376253790731 ], [ -56.803769908069626, -36.693836242925329 ], [ -56.803644756371909, -36.69369605623001 ], [ -56.803623981255612, -36.693682807677362 ], [ -56.798695279043841, -36.691568749962073 ], [ -56.796622433435857, -36.689996991432963 ], [ -56.790648269044766, -36.687205181702382 ], [ -56.790418528824944, -36.687203192725406 ], [ -56.785095078548977, -36.678713549448844 ], [ -56.785748813520286, -36.678594002062084 ], [ -56.784470663279365, -36.676802314480256 ], [ -56.783340237174286, -36.675574894005194 ], [ -56.779392771585208, -36.645232453496817 ], [ -56.778829872510812, -36.643618562547829 ], [ -56.778789558945562, -36.64357126798285 ], [ -56.778270366424749, -36.642040735340515 ], [ -56.778233657782664, -36.642004781866376 ], [ -56.77814181607954, -36.641806025773008 ], [ -56.757570027861277, -36.62390555153786 ], [ -56.755220372714234, -36.621563969022873 ], [ -56.754739615117899, -36.621084869536389 ], [ -56.730701425940538, -36.613714374416304 ], [ -56.729720830783549, -36.611608169270085 ], [ -56.728663297035212, -36.609336788100791 ], [ -56.728670341989186, -36.609282291874138 ], [ -56.727593564145309, -36.607802418514211 ], [ -56.727601103815346, -36.607745994393724 ], [ -56.727835856182594, -36.607467453748598 ], [ -56.72784272451571, -36.60741125599958 ], [ -56.726666290730009, -36.60582152003883 ], [ -56.726707180651943, -36.605714207443384 ], [ -56.725438198193615, -36.603461563767439 ], [ -56.725441761326522, -36.603400906210084 ], [ -56.72214354538005, -36.597192653366619 ], [ -56.720958226201958, -36.594961550065022 ], [ -56.715545172711813, -36.589594439723271 ], [ -56.715428093766945, -36.588680300152248 ], [ -56.715273753798783, -36.587475339719617 ], [ -56.715074177598865, -36.585917098667096 ], [ -56.714644731838291, -36.586177845972259 ], [ -56.71466395368833, -36.585526109702585 ], [ -56.714674579632913, -36.585165875358371 ], [ -56.714685979783326, -36.584779394353916 ], [ -56.714695223195235, -36.584722699204178 ], [ -56.714703583315838, -36.584654950157471 ], [ -56.714759753832084, -36.584191316538067 ], [ -56.714769181355393, -36.584136016685477 ], [ -56.71482517696586, -36.583653712969181 ], [ -56.714826640243757, -36.583645640813984 ], [ -56.714831958792388, -36.58359529746815 ], [ -56.71478444526997, -36.583519403091145 ], [ -56.714465418309885, -36.58312147459884 ], [ -56.714319940019891, -36.583652330645862 ], [ -56.714342425640268, -36.583784286336765 ], [ -56.71434196374662, -36.58379463783325 ], [ -56.714339565654655, -36.583797599643958 ], [ -56.714338964483829, -36.583808234482547 ], [ -56.714219733374421, -36.584455796073144 ], [ -56.714216289787032, -36.584514197248495 ], [ -56.71414283423826, -36.584788536768031 ], [ -56.714105807981809, -36.585027510951136 ], [ -56.714103692553635, -36.58505831358616 ], [ -56.714055576750184, -36.585371125225947 ], [ -56.713886174734853, -36.585932356472256 ], [ -56.713851544095178, -36.586125657151968 ], [ -56.713848686441906, -36.586180024270789 ], [ -56.713812420335216, -36.586384681470065 ], [ -56.71362035181977, -36.58698312621857 ], [ -56.713185728532835, -36.587286677066572 ], [ -56.712589599628984, -36.587789003317823 ], [ -56.712574461368035, -36.587788463552442 ], [ -56.712493555770095, -36.587772231998827 ], [ -56.712358451439343, -36.587883776699698 ], [ -56.7120095671591, -36.588168375924056 ], [ -56.712029457914184, -36.588189703032413 ], [ -56.712010597475455, -36.588208637238608 ], [ -56.711607208121734, -36.588501904695931 ], [ -56.7114371643965, -36.588625524512622 ], [ -56.710847046920435, -36.589052816075139 ], [ -56.710341334871316, -36.589403361131588 ], [ -56.71006209257456, -36.589603377972253 ], [ -56.709426223764353, -36.590055219487681 ], [ -56.709417796382354, -36.590062927202325 ], [ -56.709447408062658, -36.590095402895543 ], [ -56.709743955192607, -36.590336030043375 ], [ -56.709742021699356, -36.590374445472435 ], [ -56.70994066212711, -36.590741961633853 ], [ -56.708873211807941, -36.591514661246947 ], [ -56.708113509752366, -36.592088310689292 ], [ -56.708527521277858, -36.592455105685701 ], [ -56.708759982553602, -36.592641532611424 ], [ -56.708758098998089, -36.592692685280269 ], [ -56.708756574919448, -36.592720656453935 ], [ -56.707974615061232, -36.593112494074035 ], [ -56.707970524521954, -36.593191533847801 ], [ -56.707969227914418, -36.593192255515703 ], [ -56.707432021907664, -36.593547092752431 ], [ -56.707029034979371, -36.593873787663824 ], [ -56.706984760208854, -36.593855362705824 ], [ -56.706873406958664, -36.593757951642431 ], [ -56.706745695455083, -36.593840929133819 ], [ -56.706714050912353, -36.593869944528763 ], [ -56.706414268560422, -36.594102105006016 ], [ -56.706122994508974, -36.594333857936817 ], [ -56.705548644677208, -36.594744226292562 ], [ -56.705254584686202, -36.5949818014941 ], [ -56.705224201297142, -36.594980674178089 ], [ -56.705201283030476, -36.594937158926314 ], [ -56.705176120648957, -36.594936310204446 ], [ -56.704680509841296, -36.595191868983136 ], [ -56.70439334374538, -36.595352574340666 ], [ -56.704076158757346, -36.595600301552224 ], [ -56.703335437137184, -36.595926157475446 ], [ -56.703302624496416, -36.595889681188112 ], [ -56.703294127461277, -36.595889423241033 ], [ -56.703280345484359, -36.595879938133862 ], [ -56.703275584019025, -36.595874621610506 ], [ -56.703238675906277, -36.595907996427911 ], [ -56.703167331090981, -36.595962515078611 ], [ -56.703102632229502, -36.595991948989877 ], [ -56.703163970002322, -36.596025143698739 ], [ -56.703226730934659, -36.596083471851784 ], [ -56.703232115706498, -36.596078567483062 ], [ -56.703264407431448, -36.596114044914827 ], [ -56.703286724059808, -36.596106335826448 ], [ -56.703324344917064, -36.596072271270543 ], [ -56.704012265096935, -36.596450737349983 ], [ -56.704292165955337, -36.596710675469922 ], [ -56.704652138897359, -36.597057451870228 ], [ -56.704923441315486, -36.597235541918167 ], [ -56.704928532936378, -36.59724121476188 ], [ -56.704958228862722, -36.597210749907219 ], [ -56.704972800305995, -36.597211299051878 ], [ -56.705275769525201, -36.596997056686519 ], [ -56.705672589358301, -36.597201380283479 ], [ -56.705690617013659, -36.597202043544314 ], [ -56.705708089870427, -36.597197518635539 ], [ -56.70572682577756, -36.597198190338645 ], [ -56.705557905026581, -36.597735813196607 ], [ -56.705359933115631, -36.597964789455887 ], [ -56.704965865417591, -36.597483312324414 ], [ -56.704888903181995, -36.59748987509937 ], [ -56.704886952808238, -36.597490036097156 ], [ -56.70488262888648, -36.597483561223896 ], [ -56.704444096086547, -36.598109216593627 ], [ -56.704433408784212, -36.598110108461185 ], [ -56.70390893557493, -36.598760939749411 ], [ -56.702108614048427, -36.600466273702409 ], [ -56.702062965222808, -36.600470124422486 ], [ -56.701914063697018, -36.600306171587818 ], [ -56.701870898387028, -36.600309696370573 ], [ -56.701204429478764, -36.601243710974302 ], [ -56.700808660289795, -36.601875118688497 ], [ -56.700745348302064, -36.601880117892676 ], [ -56.700670594943517, -36.601790152836998 ], [ -56.700608721772312, -36.601795150035741 ], [ -56.699829632456783, -36.602753177044463 ], [ -56.699754454259335, -36.602759384470346 ], [ -56.699706546090908, -36.602642327807303 ], [ -56.699633157785229, -36.602648225781934 ], [ -56.699547696505135, -36.602744883732498 ], [ -56.699274183718671, -36.603049218755359 ], [ -56.698733063217446, -36.603507185088574 ], [ -56.698249856999951, -36.603931506672552 ], [ -56.698058608618339, -36.604095460557005 ], [ -56.69771771142274, -36.604377921603373 ], [ -56.697676769760562, -36.604381547761932 ], [ -56.69757460909068, -36.60431523864321 ], [ -56.697501965277525, -36.604260338315896 ], [ -56.697476812278808, -36.604235101752408 ], [ -56.697463967893952, -36.604247800408132 ], [ -56.696985971795868, -36.604661779237915 ], [ -56.696716792190159, -36.604888874576375 ], [ -56.696278554266087, -36.605244566060719 ], [ -56.695413958058225, -36.605714775113938 ], [ -56.695382942852063, -36.605684141944948 ], [ -56.695370896482132, -36.60568510621539 ], [ -56.695342361753319, -36.605667073237328 ], [ -56.695307914239777, -36.605701572896635 ], [ -56.695057386790836, -36.605871769868372 ], [ -56.695291118107491, -36.606006944478793 ], [ -56.695322233099091, -36.606036921893235 ], [ -56.695348322960058, -36.606017932838256 ], [ -56.695360421680562, -36.606017053991309 ], [ -56.695395060741589, -36.605980706734726 ], [ -56.696586931754155, -36.606636592594953 ], [ -56.696950359967104, -36.606878192685372 ], [ -56.69694353724276, -36.606943793145547 ], [ -56.696462398743051, -36.607123649414007 ], [ -56.696367590581474, -36.607482889584503 ], [ -56.695959912913054, -36.607832780413617 ], [ -56.695300762870659, -36.608422918626388 ], [ -56.695372919723184, -36.608482600625564 ], [ -56.696252605438019, -36.609198784260798 ], [ -56.696908807013074, -36.609678285928851 ], [ -56.696916293047707, -36.609694217073184 ], [ -56.696564214245029, -36.61000299505929 ], [ -56.696036300298601, -36.610457993038608 ], [ -56.695110316568559, -36.610982825452652 ], [ -56.695123435192613, -36.610991203910373 ], [ -56.696364142060247, -36.611725581495079 ], [ -56.696676727773308, -36.611907634572333 ], [ -56.696668726811481, -36.611984515330789 ], [ -56.696076463701445, -36.612267659176609 ], [ -56.695900466385524, -36.612592537994828 ], [ -56.695562911985348, -36.612877540581621 ], [ -56.695075805942565, -36.61327865727003 ], [ -56.695028078683549, -36.613263808482657 ], [ -56.694936996625017, -36.61319300386225 ], [ -56.694575403886063, -36.613511034726912 ], [ -56.694559508271027, -36.613527009686152 ], [ -56.694573771740181, -36.613540717715011 ], [ -56.694435921495256, -36.613647661642688 ], [ -56.694367158211833, -36.613652985688134 ], [ -56.6940821394453, -36.613575439434271 ], [ -56.694094276696774, -36.613563031211299 ], [ -56.694083514289446, -36.613552411381022 ], [ -56.694205418215802, -36.613146615462028 ], [ -56.693619376537299, -36.612938784832977 ], [ -56.693390502925581, -36.61332706519363 ], [ -56.693299445524872, -36.613393256916595 ], [ -56.693298210522983, -36.613411789605038 ], [ -56.693266049603096, -36.613444377887959 ], [ -56.693036880623936, -36.613644866750974 ], [ -56.693154608524367, -36.613710461228834 ], [ -56.693153557827486, -36.613734986989527 ], [ -56.693179289831278, -36.613760160466427 ], [ -56.693296948908255, -36.613805365974997 ], [ -56.693296617170176, -36.613822512613808 ], [ -56.693250642991131, -36.613884787704478 ], [ -56.693249906916549, -36.61390471776599 ], [ -56.692709557214926, -36.615243522902233 ], [ -56.692349765664972, -36.615478271624056 ], [ -56.692332039858286, -36.615486676387889 ], [ -56.692328123039829, -36.615558495951575 ], [ -56.692240292750853, -36.615638150975769 ], [ -56.692233633079638, -36.615631649564079 ], [ -56.692202967117453, -36.615601707657788 ], [ -56.692195539154909, -36.615609316345342 ], [ -56.691673482663532, -36.616063872256291 ], [ -56.691280600316873, -36.616403904935851 ], [ -56.692116405593424, -36.617060974173 ], [ -56.692151650285837, -36.617024765351175 ], [ -56.692157372357201, -36.617030352329436 ], [ -56.69216375642435, -36.61702381381923 ], [ -56.692267451256782, -36.617131361630868 ], [ -56.692267009466718, -36.617138809661412 ], [ -56.692263101552896, -36.617210442020394 ], [ -56.692389089083008, -36.617273885931525 ], [ -56.692385639036786, -36.617337173139163 ], [ -56.692121452914478, -36.617689014891369 ], [ -56.692100873178788, -36.617710203951447 ], [ -56.691782576816706, -36.617889618544325 ], [ -56.691675744162183, -36.618046892317238 ], [ -56.691188589310002, -36.618476386563657 ], [ -56.69063413834732, -36.618963697343759 ], [ -56.690460833957104, -36.619061656978545 ], [ -56.690448242271316, -36.619062095198217 ], [ -56.690366020553654, -36.619108586230141 ], [ -56.690346688644809, -36.619108874915469 ], [ -56.689783334969377, -36.619393398843897 ], [ -56.68924314396827, -36.619491486763536 ], [ -56.689516129381843, -36.619709780898745 ], [ -56.689539248609947, -36.620318481471656 ], [ -56.689485215816092, -36.620646571870111 ], [ -56.689860614366353, -36.620771719243464 ], [ -56.689871604466134, -36.620846855247294 ], [ -56.689681411739059, -36.621076877359883 ], [ -56.689268185947981, -36.621534822304852 ], [ -56.689495457204089, -36.621430042223722 ], [ -56.689491523343236, -36.621471115262352 ], [ -56.689214733151175, -36.621647642844948 ], [ -56.689211224212613, -36.621665688144617 ], [ -56.689337706079755, -36.621661278783904 ], [ -56.689375946406017, -36.621690424859139 ], [ -56.689367288812093, -36.621719583363131 ], [ -56.689172696299863, -36.621819423515262 ], [ -56.689164136904026, -36.621844999208747 ], [ -56.689259898303817, -36.622102221845978 ], [ -56.68946651087839, -36.622706071464734 ], [ -56.689466671376863, -36.622706184994456 ], [ -56.689466761325889, -36.622706986483081 ], [ -56.689513795561083, -36.622688760748758 ], [ -56.689514097032713, -36.622689079622148 ], [ -56.689514163716694, -36.622689109364103 ], [ -56.689495308590722, -36.622765691624636 ], [ -56.689495440483711, -36.622766109224301 ], [ -56.690193775715841, -36.622871655714789 ], [ -56.690131684938592, -36.623739147969786 ], [ -56.69012696945299, -36.623768242280391 ], [ -56.689947279613818, -36.623694298099565 ], [ -56.689932270440409, -36.623731887105066 ], [ -56.689299554272338, -36.624208540154541 ], [ -56.690114063843509, -36.624865329881686 ], [ -56.690165266881309, -36.624892727486497 ], [ -56.69081724743387, -36.625184809078917 ], [ -56.69081928326068, -36.625185912801726 ], [ -56.691085576837736, -36.624976382448097 ], [ -56.69110036352447, -36.624960574947465 ], [ -56.691148789669626, -36.62496210704262 ], [ -56.69146374973252, -36.625080639548116 ], [ -56.691475837337123, -36.625088110192053 ], [ -56.69184136244462, -36.625300816250615 ], [ -56.692081121698095, -36.62550620338601 ], [ -56.692242058662089, -36.625754726119965 ], [ -56.692256988238057, -36.625773886082527 ], [ -56.692281763851213, -36.62575637262421 ], [ -56.692495757389281, -36.625863703067068 ], [ -56.692401108140416, -36.625990911361896 ], [ -56.692319157093266, -36.626192048605105 ], [ -56.69231765226823, -36.626192166153373 ], [ -56.692315325774643, -36.626191108301157 ], [ -56.692313832913612, -36.626191224914919 ], [ -56.692270369130199, -36.626221948721991 ], [ -56.692218444967352, -36.626250952071302 ], [ -56.692216710497803, -36.626251087544176 ], [ -56.692203152096283, -36.626245710745422 ], [ -56.69220147995469, -36.626245841351988 ], [ -56.692160924453844, -36.626267293873411 ], [ -56.689479110221839, -36.627365878513501 ], [ -56.689413089265145, -36.627383910970877 ], [ -56.689402361242571, -36.627384749085593 ], [ -56.68928108366606, -36.627332892551351 ], [ -56.689213567270372, -36.627347863905925 ], [ -56.688713481187278, -36.62771468698287 ], [ -56.688438078651529, -36.627866860964673 ], [ -56.688413589237143, -36.627864166621862 ], [ -56.688350042813113, -36.627860576295177 ], [ -56.688070630490131, -36.628015298768844 ], [ -56.686246027713707, -36.629057110162989 ], [ -56.686221691544176, -36.629059010804838 ], [ -56.686181441470808, -36.629036944109146 ], [ -56.68615734970939, -36.62903882572482 ], [ -56.685712251104519, -36.629279052076242 ], [ -56.685655952575019, -36.629255710541258 ], [ -56.685630078266456, -36.629257731996859 ], [ -56.684937165429744, -36.629629672973977 ], [ -56.684900440836486, -36.629626978940394 ], [ -56.684043147018087, -36.630118291728706 ], [ -56.683052059757017, -36.628761272172426 ], [ -56.682646463076082, -36.629473607154637 ], [ -56.682312011999898, -36.631591797 ], [ -56.681884765999882, -36.635070800999813 ], [ -56.681701659999931, -36.637329101999967 ], [ -56.681274413999859, -36.639404297 ], [ -56.681040471548386, -36.641197855369398 ], [ -56.680978204112193, -36.643067787509267 ], [ -56.680481392294496, -36.645600550913969 ], [ -56.680175780999889, -36.647827147999863 ], [ -56.679992675999927, -36.650085449000017 ], [ -56.679504394999867, -36.652404784999987 ], [ -56.679199219, -36.654724120999958 ], [ -56.679016112999875, -36.657104491999917 ], [ -56.678710937999824, -36.659301757999913 ], [ -56.67858886699986, -36.661682128999871 ], [ -56.678527831999872, -36.664001464999899 ], [ -56.678100585999971, -36.666198729999905 ], [ -56.677795409999931, -36.668518065999876 ], [ -56.677429199000017, -36.672180175999927 ], [ -56.676879883000026, -36.67547607399996 ], [ -56.676879883000026, -36.677795409999817 ], [ -56.676696776999904, -36.680297852000024 ], [ -56.676208495999902, -36.682495116999917 ], [ -56.676086425999927, -36.684875487999875 ], [ -56.67578125, -36.687072753999871 ], [ -56.67547607399996, -36.689514159999987 ], [ -56.675598144999867, -36.691894530999946 ], [ -56.675292969, -36.694091796999942 ], [ -56.675170897999863, -36.696289062999938 ], [ -56.6749877929999, -36.698608397999806 ], [ -56.674499511999898, -36.700805663999802 ], [ -56.674499511999898, -36.703125 ], [ -56.674499511999898, -36.705200194999975 ], [ -56.673583984, -36.705871581999929 ], [ -56.672973633000026, -36.709106444999975 ], [ -56.672973633000026, -36.71179199199986 ], [ -56.672790526999904, -36.714904784999931 ], [ -56.672607421999942, -36.718811034999931 ], [ -56.672607421999942, -36.721008300999927 ], [ -56.672607421999942, -36.723327636999898 ], [ -56.672485351999967, -36.725585937999881 ], [ -56.672180175999927, -36.729125977000024 ], [ -56.672119140999939, -36.732788085999971 ], [ -56.672119140999939, -36.738403319999975 ], [ -56.672119140999939, -36.740600585999971 ], [ -56.671997069999975, -36.742980956999929 ], [ -56.672302245999902, -36.745971680000025 ], [ -56.672607421999942, -36.748107909999931 ], [ -56.672607421999942, -36.750427245999902 ], [ -56.672790526999904, -36.752685546999885 ], [ -56.672790526999904, -36.755126953 ], [ -56.672790526999904, -36.75750732399996 ], [ -56.672729491999917, -36.759704589999956 ], [ -56.672729491999917, -36.762207030999889 ], [ -56.672729491999917, -36.764587402000018 ], [ -56.672912597999868, -36.766906737999989 ], [ -56.673217772999976, -36.769287108999947 ], [ -56.673278808999896, -36.773071288999972 ], [ -56.673400878999871, -36.776977538999859 ], [ -56.673706054999968, -36.780273438 ], [ -56.673889159999931, -36.782714843999941 ], [ -56.674011229999905, -36.784912108999833 ], [ -56.674011229999905, -36.787170409999987 ], [ -56.674377440999933, -36.789611815999933 ], [ -56.674377440999933, -36.791992187999881 ], [ -56.674011229999905, -36.795715331999929 ], [ -56.674072266, -36.797912597999925 ], [ -56.673889159999931, -36.800292968999884 ], [ -56.674194335999971, -36.801269530999946 ], [ -56.674072266, -36.802612305000025 ], [ -56.674499511999898, -36.804870604999905 ], [ -56.674499511999898, -36.807189940999876 ], [ -56.674804687999938, -36.809082030999832 ], [ -56.674926757999913, -36.811523437999881 ], [ -56.6749877929999, -36.81390380900001 ], [ -56.6749877929999, -36.816101073999903 ], [ -56.674804687999938, -36.818603515999939 ], [ -56.674621581999872, -36.82092285199991 ], [ -56.67468261699986, -36.823181151999961 ], [ -56.674194335999971, -36.826782227000024 ], [ -56.674011229999905, -36.828979491999917 ], [ -56.673583984, -36.831909179999855 ], [ -56.673095703, -36.833679198999846 ], [ -56.672607421999942, -36.835876465000013 ], [ -56.672302245999902, -36.838195800999983 ], [ -56.671386719, -36.840270996000015 ], [ -56.670593261999898, -36.842590331999872 ], [ -56.669677734, -36.844909667999843 ], [ -56.669006347999868, -36.847106933999839 ], [ -56.668701171999942, -36.847778319999975 ], [ -56.668823241999917, -36.849304199000017 ], [ -56.667907715000013, -36.851501465000013 ], [ -56.6671752929999, -36.853820800999983 ], [ -56.666687011999898, -36.856079101999853 ], [ -56.665893554999911, -36.858215331999872 ], [ -56.665527343999884, -36.860473633000026 ], [ -56.665254458850143, -36.861819865272821 ], [ -56.666008492142623, -36.867605759028038 ], [ -56.666105965729628, -36.869251273027203 ], [ -56.666110202173343, -36.869322791143645 ], [ -56.666209295080478, -36.87099564194898 ], [ -56.666076129492694, -36.882872882068284 ], [ -56.666076659999874, -36.882873534999874 ], [ -56.666992187999938, -36.884887694999975 ], [ -56.667785644999867, -36.885803222999982 ], [ -56.668395995999902, -36.886779784999874 ], [ -56.670410155999946, -36.890075683999896 ], [ -56.672485351999967, -36.892211913999802 ], [ -56.673522949000017, -36.893798827999831 ], [ -56.675170897999863, -36.895812987999875 ], [ -56.677307128999871, -36.898193359 ], [ -56.678710937999824, -36.899902344 ], [ -56.681213378999871, -36.9035034179999 ], [ -56.683105469, -36.905883788999859 ], [ -56.684509276999904, -36.907775878999985 ], [ -56.685913085999857, -36.909790038999915 ], [ -56.687622069999861, -36.911987304999911 ], [ -56.689086913999915, -36.914306640999882 ], [ -56.692382812999881, -36.917785644999981 ], [ -56.693908691, -36.919921874999886 ], [ -56.697509765999882, -36.923706054999911 ], [ -56.698974608999833, -36.925598144999867 ], [ -56.701110839999842, -36.928527831999986 ], [ -56.702880858999833, -36.930297851999967 ], [ -56.7042846679999, -36.932189940999933 ], [ -56.70617675799997, -36.934020996000015 ], [ -56.707702637000011, -36.935913085999971 ], [ -56.710510253999871, -36.938598632999856 ], [ -56.712585448999903, -36.9406127929999 ], [ -56.714599609, -36.942871093999884 ], [ -56.716125487999875, -36.944885253999814 ], [ -56.717407226999967, -36.946899413999859 ], [ -56.719177245999958, -36.949401854999962 ], [ -56.720581055000025, -36.951293944999918 ], [ -56.721008300999927, -36.952209472999812 ], [ -56.722290038999859, -36.953186034999987 ], [ -56.722778319999918, -36.954101562999881 ], [ -56.724121094, -36.955078124999943 ], [ -56.725402831999929, -36.957092284999874 ], [ -56.726013183999896, -36.957397460999914 ], [ -56.727600097999755, -36.95928955099987 ], [ -56.728088378999985, -36.960327147999919 ], [ -56.729187011999784, -36.961181640999939 ], [ -56.730285644999981, -36.961914062999881 ], [ -56.731994628999985, -36.963806152000018 ], [ -56.735107421999885, -36.96740722699991 ], [ -56.736877440999876, -36.969177245999902 ], [ -56.737609862999989, -36.970092772999976 ], [ -56.73889160199991, -36.971679688 ], [ -56.741088866999974, -36.973693847999925 ], [ -56.742980956999872, -36.975585938 ], [ -56.744323730000019, -36.977478026999961 ], [ -56.746276854999905, -36.979187011999954 ], [ -56.747802733999777, -36.981018065999933 ], [ -56.749572753999928, -36.983093261999954 ], [ -56.750183104999905, -36.983886718999884 ], [ -56.750671386999898, -36.984313964999899 ], [ -56.752502440999876, -36.986694336000028 ], [ -56.754028319999918, -36.988403319999861 ], [ -56.755493163999859, -36.990295409999987 ], [ -56.756896972999925, -36.992187499999943 ], [ -56.759094237999932, -36.994995116999917 ], [ -56.761291503999757, -36.997375487999875 ], [ -56.763610839999899, -37.0 ], [ -56.766784667999843, -37.004821777000018 ], [ -56.768310546999885, -37.006408690999876 ], [ -56.770080565999876, -37.009277344 ], [ -56.773193358999947, -37.013183594 ], [ -56.774719237999989, -37.014892578 ], [ -56.776428222999755, -37.017395019999924 ], [ -56.779113769999981, -37.020324706999872 ], [ -56.781677245999902, -37.023681640999882 ], [ -56.785278319999861, -37.027893066 ], [ -56.788085938, -37.031127930000025 ], [ -56.789794922, -37.033203124999886 ], [ -56.790493506999894, -37.033901709999952 ], [ -56.791381836000028, -37.034790038999802 ], [ -56.793395995999902, -37.037414550999983 ], [ -56.79522705099987, -37.039794921999942 ], [ -56.797119140999826, -37.041809081999872 ], [ -56.797912597999868, -37.043273925999927 ], [ -56.802124022999863, -37.048522949000017 ], [ -56.805297852000024, -37.051269530999889 ], [ -56.807800292999957, -37.054077147999863 ], [ -56.808898925999983, -37.055908203 ], [ -56.810607909999987, -37.05828857399996 ], [ -56.812072753999871, -37.059875487999989 ], [ -56.812988280999946, -37.061584472999982 ], [ -56.813903808999839, -37.063293456999816 ], [ -56.815124511999954, -37.065795897999919 ], [ -56.816101074000017, -37.067993163999915 ], [ -56.819091796999942, -37.072875976999967 ], [ -56.8214721679999, -37.076416015999882 ], [ -56.823303222999868, -37.078979491999974 ], [ -56.826599120999902, -37.083312987999875 ], [ -56.828186034999931, -37.085510253999871 ], [ -56.8292846679999, -37.087402343999827 ], [ -56.831909179999968, -37.090576171999885 ], [ -56.834106444999861, -37.093505859 ], [ -56.837280272999919, -37.097778319999918 ], [ -56.838378905999889, -37.098999022999863 ], [ -56.839904784999931, -37.100402831999816 ], [ -56.841369628999985, -37.10211181599982 ], [ -56.844177246000015, -37.105102538999915 ], [ -56.845886230000019, -37.10711669899996 ], [ -56.847595214999842, -37.109191894999981 ], [ -56.849182128999871, -37.111328124999886 ], [ -56.850708007999913, -37.113403319999918 ], [ -56.8546752929999, -37.118469237999932 ], [ -56.857177734, -37.120910644999867 ], [ -56.860595702999774, -37.124511718999941 ], [ -56.862976073999903, -37.127197266 ], [ -56.864624022999806, -37.128784180000025 ], [ -56.865905761999898, -37.130615234 ], [ -56.867614745999902, -37.132873534999987 ], [ -56.869384766, -37.135498046999885 ], [ -56.87109375, -37.138122558999896 ], [ -56.872619628999871, -37.140869140999939 ], [ -56.874023437999767, -37.143310546999885 ], [ -56.875610351999796, -37.145996093999884 ], [ -56.876770019999981, -37.147827147999863 ], [ -56.877990722999812, -37.149780272999976 ], [ -56.879211425999927, -37.15179443400001 ], [ -56.880187987999989, -37.153381347999868 ], [ -56.880981444999918, -37.154785155999832 ], [ -56.882385253999985, -37.156616210999914 ], [ -56.884216308999953, -37.15881347699991 ], [ -56.885803222999982, -37.160583495999902 ], [ -56.887695312999881, -37.162475586000028 ], [ -56.88977050799997, -37.164794922 ], [ -56.891601562999881, -37.166809081999872 ], [ -56.89318847699991, -37.1691284179999 ], [ -56.894592284999874, -37.171203612999932 ], [ -56.896301269999867, -37.173889159999987 ], [ -56.897888183999896, -37.176391602000024 ], [ -56.899902343999941, -37.178588866999917 ], [ -56.902587891, -37.18139648399989 ], [ -56.904724121000015, -37.183776855000019 ], [ -56.906188964999899, -37.185607909999987 ], [ -56.90850830099987, -37.188476562999938 ], [ -56.908888569999874, -37.188856831999942 ], [ -56.909301757999799, -37.189270019999867 ], [ -56.912780761999954, -37.194091796999942 ], [ -56.915893555000025, -37.199279784999931 ], [ -56.917785644999981, -37.201293944999861 ], [ -56.919494628999985, -37.203308104999905 ], [ -56.922302245999958, -37.206909179999968 ], [ -56.923583983999947, -37.208312987999932 ], [ -56.925292968999884, -37.209899901999961 ], [ -56.927612304999855, -37.212524413999972 ], [ -56.929199218999884, -37.213989258000026 ], [ -56.93109130900001, -37.216308593999884 ], [ -56.932800293000014, -37.218200683999953 ], [ -56.93420410199991, -37.220092772999919 ], [ -56.935791015999939, -37.222229003999928 ], [ -56.937377929999968, -37.224182128999871 ], [ -56.939697265999769, -37.227294921999942 ], [ -56.941406249999773, -37.229980468999827 ], [ -56.943176269999924, -37.232604980000019 ], [ -56.946228026999847, -37.236877440999933 ], [ -56.949096679999968, -37.240295409999931 ], [ -56.951293944999861, -37.243286133000026 ], [ -56.952575683999953, -37.244812011999898 ], [ -56.953979491999917, -37.246520995999902 ], [ -56.957397461000028, -37.24969482399996 ], [ -56.960876465000013, -37.253295897999919 ], [ -56.962890624999886, -37.255920409999931 ], [ -56.964721680000025, -37.258422852000024 ], [ -56.966491699000017, -37.260803222999982 ], [ -56.967712401999961, -37.262390137000011 ], [ -56.970092772999976, -37.266113280999889 ], [ -56.970886229999905, -37.267089843999941 ], [ -56.972473144999867, -37.268920897999919 ], [ -56.973876953, -37.2706909179999 ], [ -56.975585937999824, -37.272399901999904 ], [ -56.977600097999868, -37.275085448999903 ], [ -56.980102538999972, -37.277770995999958 ], [ -56.98217773399989, -37.280090331999929 ], [ -56.985107422, -37.283020019999867 ], [ -56.987121581999872, -37.285400391 ], [ -56.989013672, -37.287902831999929 ], [ -56.990417479999905, -37.289794921999885 ], [ -56.991882323999789, -37.291809081999929 ], [ -56.993225097999868, -37.293212891 ], [ -56.993591308999953, -37.294494628999985 ], [ -56.994873046999885, -37.296081543000014 ], [ -56.996704102000024, -37.296997069999918 ], [ -56.999389647999919, -37.301208495999845 ], [ -56.999999999999886, -37.30187988299997 ], [ -57.002380371000015, -37.305480956999872 ], [ -57.004821776999961, -37.30920410199991 ], [ -57.005798340000013, -37.310607909999874 ], [ -57.006591796999942, -37.311889647999976 ], [ -57.007690429999911, -37.313476563 ], [ -57.008911132999913, -37.315002440999876 ], [ -57.010803222999868, -37.317810058999896 ], [ -57.013000487999875, -37.321105956999929 ], [ -57.013671875, -37.322326659999874 ], [ -57.014404296999942, -37.323303222999925 ], [ -57.015014647999806, -37.324279784999987 ], [ -57.015808104999905, -37.32531738299997 ], [ -57.016601562999938, -37.326293944999861 ], [ -57.020507812999767, -37.333007812999881 ], [ -57.022583008000026, -37.336303710999914 ], [ -57.023498534999931, -37.338378905999946 ], [ -57.024475097999812, -37.339721680000025 ], [ -57.025390624999829, -37.341186522999976 ], [ -57.026977538999859, -37.343505858999947 ], [ -57.028686522999863, -37.346191405999832 ], [ -57.030090331999929, -37.348571776999904 ], [ -57.031188964999956, -37.35101318400001 ], [ -57.032714844, -37.353393554999968 ], [ -57.034179687999881, -37.356018065999876 ], [ -57.035522461000028, -37.358215331999872 ], [ -57.03680419899996, -37.360595703 ], [ -57.037902831999986, -37.362609862999932 ], [ -57.039001464999785, -37.364379882999913 ], [ -57.039489746000015, -37.365112304999855 ], [ -57.039794921999885, -37.365783691 ], [ -57.041015624999886, -37.367797852000024 ], [ -57.041992187999881, -37.369506836000028 ], [ -57.04327392599987, -37.371704102000024 ], [ -57.044799804999911, -37.373901366999917 ], [ -57.045898437999938, -37.376220702999888 ], [ -57.046997069999918, -37.377990722999868 ], [ -57.04797363299997, -37.379882812999938 ], [ -57.049377440999933, -37.382995604999905 ], [ -57.050415038999915, -37.385375976999967 ], [ -57.051391601999967, -37.387695312999938 ], [ -57.052612304999911, -37.389526366999917 ], [ -57.053588866999974, -37.390502929999968 ], [ -57.054382323999903, -37.391906737999875 ], [ -57.055175781, -37.393371581999816 ], [ -57.056091308999896, -37.395019530999832 ], [ -57.056213378999871, -37.395507812999824 ], [ -57.056701659999874, -37.395996094 ], [ -57.057922362999875, -37.398010253999928 ], [ -57.058776854999962, -37.399780272999919 ], [ -57.059997558999896, -37.40209960899989 ], [ -57.060729979999849, -37.40319824199986 ], [ -57.061096190999933, -37.404479979999849 ], [ -57.0625, -37.406188964999956 ], [ -57.064025878999871, -37.408996581999986 ], [ -57.064880370999958, -37.409973144999867 ], [ -57.06530761699986, -37.410888671999885 ], [ -57.06610107399996, -37.411804198999846 ], [ -57.067626953, -37.413696288999915 ], [ -57.068420409999931, -37.414611816 ], [ -57.069274902000018, -37.415893554999911 ], [ -57.070678710999914, -37.4171752929999 ], [ -57.071105956999759, -37.417907714999842 ], [ -57.071594237999989, -37.419189452999944 ], [ -57.072692870999788, -37.420776366999974 ], [ -57.074707030999889, -37.42297363299997 ], [ -57.075378418000014, -37.424926757999913 ], [ -57.076416015999882, -37.426696776999904 ], [ -57.077087402000018, -37.427978516 ], [ -57.077880858999947, -37.42858886699986 ], [ -57.079284668000014, -37.431518554999968 ], [ -57.08068847699991, -37.434204101999967 ], [ -57.08172607399996, -37.435913085999971 ], [ -57.082275390999939, -37.437377930000025 ], [ -57.082702637000011, -37.438720703 ], [ -57.083496093999941, -37.440002440999933 ], [ -57.085327147999919, -37.442382812999881 ], [ -57.086914062999881, -37.444580077999888 ], [ -57.088012694999748, -37.446105956999816 ], [ -57.089416503999814, -37.448425292999957 ], [ -57.090881347999868, -37.45092773399989 ], [ -57.09240722699991, -37.452697753999985 ], [ -57.094177245999902, -37.454711913999915 ], [ -57.095825194999918, -37.456298827999944 ], [ -57.097412108999947, -37.457885741999803 ], [ -57.099121093999941, -37.459411621000015 ], [ -57.099975586000028, -37.460510253999871 ], [ -57.100219726999967, -37.461303710999914 ], [ -57.101379394999924, -37.462280272999863 ], [ -57.102294922, -37.463378906 ], [ -57.103210448999903, -37.464477538999859 ], [ -57.104187011999954, -37.465698241999974 ], [ -57.105407714999899, -37.466918944999975 ], [ -57.1066284179999, -37.468078612999932 ], [ -57.107421875, -37.468811034999874 ], [ -57.108886718999884, -37.470825194999975 ], [ -57.109924315999933, -37.472290038999859 ], [ -57.110900878999928, -37.473388672 ], [ -57.112792968999884, -37.475891112999818 ], [ -57.114196776999961, -37.478210448999903 ], [ -57.115295409999987, -37.478881835999914 ], [ -57.116088866999917, -37.480407714999956 ], [ -57.117370604999905, -37.48132324199986 ], [ -57.118225097999925, -37.482177733999947 ], [ -57.119689940999876, -37.484619141 ], [ -57.121887206999872, -37.486999511999954 ], [ -57.122985839999842, -37.487976074000017 ], [ -57.124206543000014, -37.489990233999947 ], [ -57.126220702999888, -37.491882324000017 ], [ -57.127014159999874, -37.493286132999913 ], [ -57.127929687999881, -37.494689940999876 ], [ -57.13000488299997, -37.49670410199991 ], [ -57.131774901999961, -37.497680663999972 ], [ -57.133483886999898, -37.499206543000014 ], [ -57.135681151999961, -37.502807616999803 ], [ -57.14147949199986, -37.507385253999928 ], [ -57.145080566, -37.510375977000024 ], [ -57.148498534999987, -37.513305663999859 ], [ -57.149108886999954, -37.514099120999958 ], [ -57.153076171999942, -37.517272948999846 ], [ -57.155883788999802, -37.519409180000025 ], [ -57.157104491999917, -37.520324706999929 ], [ -57.157592772999806, -37.520996093999884 ], [ -57.161804199000017, -37.524108886999954 ], [ -57.164794921999942, -37.527404784999987 ], [ -57.169921874999943, -37.531311034999987 ], [ -57.175415038999972, -37.536804199000017 ], [ -57.180786133000026, -37.541809081999872 ], [ -57.184875487999989, -37.54602050799997 ], [ -57.187683105000019, -37.548889159999931 ], [ -57.188078798, -37.549251879 ], [ -57.189880371000015, -37.550903319999861 ], [ -57.191528319999861, -37.552795409999931 ], [ -57.193298339999956, -37.554687499999886 ], [ -57.195495605000019, -37.555908203 ], [ -57.197875976999967, -37.557922362999932 ], [ -57.200805663999745, -37.56030273399989 ], [ -57.203124999999886, -37.56219482399996 ], [ -57.20538330099987, -37.564086913999915 ], [ -57.207397460999971, -37.565612792999957 ], [ -57.209411620999902, -37.566894530999946 ], [ -57.212219237999875, -37.568481444999975 ], [ -57.214904784999931, -37.570312499999886 ], [ -57.217102050999927, -37.572082519999867 ], [ -57.21960449199986, -37.574096679999911 ], [ -57.221374511999841, -37.575683593999827 ], [ -57.222473144999981, -37.576782226999967 ], [ -57.224975585999914, -37.579223632999913 ], [ -57.226684569999918, -37.580993651999904 ], [ -57.228881835999914, -37.583007812999938 ], [ -57.231506347999982, -37.585571288999859 ], [ -57.233398437999881, -37.587524413999972 ], [ -57.23522949199986, -37.589294433999896 ], [ -57.236694335999914, -37.590881347999812 ], [ -57.238281249999829, -37.592590331999816 ], [ -57.239990233999947, -37.594482421999885 ], [ -57.242004394999867, -37.596496581999816 ], [ -57.244812012000011, -37.599121094 ], [ -57.248596190999933, -37.602478027000018 ], [ -57.25, -37.603820800999813 ], [ -57.251281737999761, -37.604309081999986 ], [ -57.252624511999841, -37.605895995999845 ], [ -57.254699706999929, -37.607604980000019 ], [ -57.256896972999925, -37.609802246000015 ], [ -57.258178710999914, -37.611083983999833 ], [ -57.259521484, -37.611999512000011 ], [ -57.26062011699986, -37.612609862999875 ], [ -57.265014647999863, -37.616027831999986 ], [ -57.267395019999981, -37.617797851999967 ], [ -57.269287108999947, -37.618896484 ], [ -57.270629883000026, -37.620483397999863 ], [ -57.273376464999899, -37.622802734 ], [ -57.276977538999972, -37.625976562999881 ], [ -57.280212402000018, -37.628173827999888 ], [ -57.282409668000014, -37.630371093999884 ], [ -57.283386229999905, -37.631408690999933 ], [ -57.286804198999903, -37.635314940999933 ], [ -57.287902831999872, -37.636291503999985 ], [ -57.290405272999863, -37.638305663999859 ], [ -57.291809081999929, -37.639587401999847 ], [ -57.292785644999924, -37.640686034999874 ], [ -57.293518065999933, -37.641601562999881 ], [ -57.294311522999863, -37.642272948999903 ], [ -57.295288086000028, -37.64312744099982 ], [ -57.296508788999859, -37.64398193400001 ], [ -57.298278808999783, -37.645324706999986 ], [ -57.300109862999761, -37.646301269999981 ], [ -57.301574706999816, -37.647399902000018 ], [ -57.305908202999888, -37.649597168000014 ], [ -57.308288574000017, -37.651306152000018 ], [ -57.309875487999875, -37.652709960999914 ], [ -57.311828612999989, -37.654174804999855 ], [ -57.312988280999946, -37.65490722699991 ], [ -57.314880370999902, -37.656982422 ], [ -57.316378769381743, -37.658369828178309 ], [ -57.316056240413843, -37.656985492505555 ], [ -57.359283150415536, -37.683826314600935 ], [ -57.380789219077428, -37.704808575243135 ], [ -57.380828746629163, -37.704833174177622 ], [ -57.384703680959205, -37.706483693915914 ], [ -57.388345260892379, -37.708034816862948 ], [ -57.401766692565957, -37.693554598584228 ], [ -57.394149232562199, -37.671754657715724 ], [ -57.376080298567501, -37.65710821365542 ], [ -57.37587129011132, -37.656827859747239 ], [ -57.37548495851496, -37.656195950760832 ], [ -57.375419953080382, -37.656141006745031 ], [ -57.379223868180816, -37.628498075346101 ], [ -57.379236983213502, -37.628474075107079 ], [ -57.38026774156782, -37.607715714559617 ], [ -57.367784279718876, -37.595759804240231 ], [ -57.358240402163688, -37.583854404150372 ], [ -57.358211536955082, -37.583823727774075 ], [ -57.353293535085072, -37.577698755319147 ], [ -57.302248739147956, -37.587872747687925 ], [ -57.302239741911933, -37.587862781917693 ], [ -57.302145985341497, -37.587694409221342 ], [ -57.302137022637055, -37.587684351254268 ], [ -57.300859333148821, -37.585372669175001 ], [ -57.292833517244219, -37.577092674993935 ], [ -57.285718709968194, -37.57562323214114 ], [ -57.23429223037482, -37.528786746634012 ], [ -57.232268413776694, -37.523184341599176 ], [ -57.244749239979797, -37.496680908954659 ], [ -57.226997968040962, -37.476078576443115 ], [ -57.226956696116304, -37.476086910345657 ], [ -57.226711827943461, -37.47599528515866 ], [ -57.22165825964629, -37.474054235824497 ], [ -57.206644900310948, -37.470343582765906 ], [ -57.206639709731576, -37.470341553652645 ], [ -57.21167208450305, -37.462102859355127 ], [ -57.208610297450718, -37.438188883173154 ], [ -57.208516136454932, -37.437913852091981 ], [ -57.18235090228228, -37.416872609721565 ], [ -57.180722795725501, -37.415564333467728 ], [ -57.179067731909186, -37.414209226209437 ], [ -57.175501062997398, -37.41128895082943 ], [ -57.175442955258688, -37.411277758234576 ], [ -57.174055082755729, -37.412813955087415 ], [ -57.173161377876738, -37.412139325898352 ], [ -57.173104459374485, -37.41213102749083 ], [ -57.173108957148997, -37.412203593326524 ], [ -57.166599376877798, -37.409703483657836 ], [ -57.166540126466998, -37.409697509815771 ], [ -57.165939831205321, -37.409446103119706 ], [ -57.165880350506654, -37.40944008135591 ], [ -57.133788054380602, -37.395235059618074 ], [ -57.128492669349953, -37.39367791263021 ], [ -57.128477451148058, -37.393691473373508 ], [ -57.127580456889632, -37.393410580663783 ], [ -57.127550169451752, -37.393400881435866 ], [ -57.120397335458108, -37.389998025244381 ], [ -57.114382634478886, -37.383109420782944 ], [ -57.114383039486086, -37.383108759528966 ], [ -57.121625896498813, -37.386992577030526 ], [ -57.130739398045307, -37.383081009741886 ], [ -57.132991887314006, -37.382468341196102 ], [ -57.133053622099908, -37.382474215038485 ], [ -57.15905297520095, -37.375080956816589 ], [ -57.163210309826127, -37.382652302710028 ], [ -57.176071488211505, -37.392758739143801 ], [ -57.19530378538127, -37.389415791255431 ], [ -57.230103976454984, -37.398823618704796 ], [ -57.230128295745544, -37.398811937296045 ], [ -57.233878903574578, -37.401002008408682 ], [ -57.233910614139404, -37.401028764504986 ], [ -57.244266951915051, -37.420140479215604 ], [ -57.251787566247287, -37.425359498092462 ], [ -57.251833289876288, -37.425397786606254 ], [ -57.252184231066963, -37.425634720509947 ], [ -57.252229870579924, -37.42567300242797 ], [ -57.267518914389484, -37.43632565871934 ], [ -57.267562298686357, -37.436362486593623 ], [ -57.276177353543403, -37.438583727671585 ], [ -57.276193073497893, -37.438603585458566 ], [ -57.276302992960325, -37.438663948159615 ], [ -57.276322940799787, -37.438678969436637 ], [ -57.29595237150761, -37.452064913165657 ], [ -57.290607186836382, -37.472768114104611 ], [ -57.290650318582834, -37.472798671133262 ], [ -57.292168074136498, -37.473664891721512 ], [ -57.292214900762701, -37.473689294315477 ], [ -57.292210611014696, -37.47370854755269 ], [ -57.293492623293446, -37.474296729212995 ], [ -57.293534636073616, -37.474326879388116 ], [ -57.294819025390552, -37.476729568989526 ], [ -57.299548426480612, -37.481662486150583 ], [ -57.304122789936969, -37.486433694082621 ], [ -57.323858956088316, -37.465498285536057 ], [ -57.355174853606286, -37.469923035583292 ], [ -57.355307833797326, -37.469877467180652 ], [ -57.369995838130023, -37.469913165485423 ], [ -57.370152624208401, -37.469977866505587 ], [ -57.370152743644212, -37.469977711045317 ], [ -57.373935831420965, -37.470309467121808 ], [ -57.425320654372626, -37.47548163300371 ], [ -57.426785741261767, -37.475739777329352 ], [ -57.427520676280892, -37.475697433962125 ], [ -57.429330531954577, -37.475494755877719 ], [ -57.44085483212433, -37.477217411064714 ], [ -57.440905483267159, -37.477258297147614 ], [ -57.440478091236685, -37.486433924308869 ], [ -57.440789763521423, -37.487809827032436 ], [ -57.440765185450744, -37.487813086401673 ], [ -57.442380305104052, -37.495936225236335 ], [ -57.441993707063034, -37.498947452391121 ], [ -57.442041643423238, -37.498987401168677 ], [ -57.443835379311508, -37.510818908193471 ], [ -57.443870009858358, -37.51084771467589 ], [ -57.451702734349055, -37.518842289906956 ], [ -57.461060493239245, -37.518782442017823 ], [ -57.480400712260632, -37.520887624986926 ], [ -57.484762511557676, -37.521940246814381 ], [ -57.49070338495784, -37.523417389827557 ], [ -57.492483056311471, -37.524352092536276 ], [ -57.492498290709136, -37.5243693728479 ], [ -57.505322995496329, -37.528484653483417 ], [ -57.511624913273465, -37.52867669285672 ], [ -57.514110583432966, -37.52923646637538 ], [ -57.530184097792471, -37.533282839268054 ], [ -57.541782319731681, -37.534785850837636 ], [ -57.546758437784831, -37.528101130680398 ], [ -57.563414689396041, -37.50614933714229 ], [ -57.563622455002019, -37.505374376343013 ], [ -57.564232219765756, -37.497650309874643 ], [ -57.563035485180023, -37.497834924679239 ], [ -57.562261993975426, -37.497914606998734 ], [ -57.562247354437829, -37.497913934570306 ], [ -57.562307234596346, -37.497007017730709 ], [ -57.562364438343081, -37.496966568525863 ], [ -57.562356388220451, -37.496963278944349 ], [ -57.563070918800406, -37.496322776138186 ], [ -57.572476122578337, -37.475602336927636 ], [ -57.576562615122953, -37.468141282859904 ], [ -57.579936708881121, -37.460555959414194 ], [ -57.579989309891232, -37.460578284636142 ], [ -57.579999295655739, -37.46057915043815 ], [ -57.585284346928972, -37.46016101052345 ], [ -57.595636097467491, -37.466524236541545 ], [ -57.595657990521886, -37.466559761684664 ], [ -57.600103535246944, -37.475200015567395 ], [ -57.624836621352983, -37.478945206598951 ], [ -57.625719919590381, -37.464044993009566 ], [ -57.625674575746928, -37.464006650842521 ], [ -57.623498024149683, -37.463101602759025 ], [ -57.623760663274766, -37.459933330779506 ], [ -57.623572684097951, -37.455463190626176 ], [ -57.623013116160962, -37.442433846037943 ], [ -57.622990709920032, -37.44243305724865 ], [ -57.622991331265212, -37.442415444869368 ], [ -57.620662454179637, -37.433768238186929 ], [ -57.620604559208857, -37.433767762898128 ], [ -57.620487009811086, -37.433320848480946 ], [ -57.620487313339879, -37.43327132553128 ], [ -57.620403759772501, -37.432989560327144 ], [ -57.621252122687736, -37.430184792764578 ], [ -57.621309551904005, -37.430233097496512 ], [ -57.636193709714803, -37.379232533239758 ], [ -57.659166755639262, -37.375799208086619 ], [ -57.661518645462763, -37.375977985469035 ], [ -57.661528921818615, -37.375969920789885 ], [ -57.661602790251948, -37.375258908029366 ], [ -57.661612555343254, -37.375251482279168 ], [ -57.661767786981557, -37.37526309058012 ], [ -57.661777859075755, -37.37525581324627 ], [ -57.661867848554891, -37.375258682890546 ], [ -57.662709338958905, -37.375273156862704 ], [ -57.66428921329782, -37.375312690120722 ], [ -57.664301039364602, -37.37530371045915 ], [ -57.664064398906078, -37.373271256010412 ], [ -57.664074125751029, -37.373264023996853 ], [ -57.664089272294859, -37.373268535539523 ], [ -57.664096154486572, -37.373232645501218 ], [ -57.666880721680116, -37.372916255924906 ], [ -57.686051482123389, -37.356720890800375 ], [ -57.686077200887325, -37.356701360397835 ], [ -57.686151711756452, -37.352991794221452 ], [ -57.686224123187685, -37.351524888788049 ], [ -57.722898430917951, -37.363379750199897 ], [ -57.722951112607518, -37.363357852433978 ], [ -57.742362026522471, -37.343811537989041 ], [ -57.746871409782273, -37.335879346481647 ], [ -57.749990300092463, -37.328568122259071 ], [ -57.750006401321798, -37.328511209667795 ], [ -57.75021633319659, -37.327126986717872 ], [ -57.750232359608901, -37.327070345613947 ], [ -57.753661604265687, -37.31901275352692 ], [ -57.753678115706862, -37.318954398241942 ], [ -57.753781293345014, -37.318211974999144 ], [ -57.753797756894301, -37.318153778339934 ], [ -57.756427946398446, -37.311966122126023 ], [ -57.751498077467602, -37.29377489223026 ], [ -57.751505399723555, -37.29374900891753 ], [ -57.751518774351098, -37.293465408141174 ], [ -57.751526373158185, -37.293439778239929 ], [ -57.752747505941443, -37.291601723133397 ], [ -57.754125623408584, -37.283644451414432 ], [ -57.750938202459906, -37.280143916451323 ], [ -57.746108185346714, -37.276247512634313 ], [ -57.742839971662306, -37.27322913511648 ], [ -57.74271813393608, -37.273055725342829 ], [ -57.74275026465034, -37.273026868171087 ], [ -57.744088785683118, -37.273009682611075 ], [ -57.747277892802231, -37.270638941873244 ], [ -57.746985854069294, -37.269731647167532 ], [ -57.74700194836845, -37.269674192980972 ], [ -57.745554127163928, -37.268076937598607 ], [ -57.74699140032385, -37.267713318166727 ], [ -57.747039816322342, -37.267722036633813 ], [ -57.747734305765732, -37.267115581193025 ], [ -57.749918844396518, -37.266104470963171 ], [ -57.749975904635448, -37.266114781640113 ], [ -57.750169691132157, -37.265993206230007 ], [ -57.75022556654676, -37.266003299665783 ], [ -57.758449168609729, -37.26727576857229 ], [ -57.758514959373429, -37.26726371528656 ], [ -57.757519448798291, -37.262256818911624 ], [ -57.770616812511435, -37.255229561933561 ], [ -57.784460863890558, -37.246588774185 ], [ -57.787264635538691, -37.242915019669852 ], [ -57.787562972019771, -37.242524114734124 ], [ -57.788207902406839, -37.24138485143709 ], [ -57.788462291095357, -37.240876631269373 ], [ -57.788994618137963, -37.244068545658877 ], [ -57.790931058554008, -37.255679657947496 ], [ -57.790908260739798, -37.255691285274338 ], [ -57.790914695755589, -37.255825481095997 ], [ -57.790900231363082, -37.255876574272691 ], [ -57.790877604160642, -37.255889577071628 ], [ -57.790991032109787, -37.258063631274069 ], [ -57.790977415520501, -37.258111998269442 ], [ -57.791079542126795, -37.259951691132471 ], [ -57.788839751478463, -37.26388874576503 ], [ -57.78883070119673, -37.263921071327957 ], [ -57.78891261632134, -37.265601576106405 ], [ -57.788865735937065, -37.265607451885273 ], [ -57.788857358442613, -37.265636147153145 ], [ -57.78887119869853, -37.265826799536342 ], [ -57.78886256928007, -37.265854928896772 ], [ -57.788785268515539, -37.267030186529269 ], [ -57.788777603086601, -37.26705664230434 ], [ -57.787601304024918, -37.271100151751341 ], [ -57.787548552208932, -37.271119693049513 ], [ -57.787548318931613, -37.271120556695735 ], [ -57.78756757716485, -37.271142123104596 ], [ -57.787583693754073, -37.271160686805445 ], [ -57.787619788945619, -37.271207483702938 ], [ -57.787620704573442, -37.271207240169474 ], [ -57.78918096833803, -37.273169788020709 ], [ -57.790330242340247, -37.272834899895827 ], [ -57.790335035437863, -37.272855112333957 ], [ -57.792381490543278, -37.277732277399366 ], [ -57.788508504553192, -37.278380805269705 ], [ -57.785201536019599, -37.279458089245168 ], [ -57.785194863684751, -37.279456260754557 ], [ -57.784832327724473, -37.279557992504976 ], [ -57.784634549660495, -37.279642791734034 ], [ -57.784285438109009, -37.279739155087498 ], [ -57.784863900230675, -37.279848295779743 ], [ -57.784863625818446, -37.279849836350422 ], [ -57.784864321551368, -37.279849904962191 ], [ -57.784863866359103, -37.279851406357466 ], [ -57.787358735555244, -37.28230016014146 ], [ -57.78779849186617, -37.283881365971126 ], [ -57.789143291846187, -37.285941869953774 ], [ -57.789138006191763, -37.285960614294254 ], [ -57.78916692634175, -37.286564363081482 ], [ -57.789162036112998, -37.286582362286879 ], [ -57.789151335458598, -37.286738661015875 ], [ -57.789146329500227, -37.286756478490474 ], [ -57.791052395211864, -37.296709246337514 ], [ -57.790820475490136, -37.300569785970026 ], [ -57.790606401951948, -37.304133257730257 ], [ -57.790734141558914, -37.308874182322086 ], [ -57.786472797099123, -37.338377010875547 ], [ -57.790177551622207, -37.342787660488113 ], [ -57.802241114011053, -37.348487079471511 ], [ -57.792325895467343, -37.360713295256119 ], [ -57.819929453473435, -37.400487364214939 ], [ -57.822791897527679, -37.400323412505145 ], [ -57.822202921624523, -37.401624283008118 ], [ -57.823179624016973, -37.40966700437167 ], [ -57.82263590532142, -37.420437793413498 ], [ -57.823639873450588, -37.420201895865318 ], [ -57.824543700724234, -37.4394829780598 ], [ -57.824514446872001, -37.439505410075981 ], [ -57.82461619116765, -37.44118076411894 ], [ -57.823288871192574, -37.44108825965759 ], [ -57.823260749995541, -37.44110993065209 ], [ -57.828153032807563, -37.458723676306192 ], [ -57.828172473006248, -37.458730090465338 ], [ -57.828224366088193, -37.45874551301722 ], [ -57.82857447636826, -37.460834453047312 ], [ -57.826412520277188, -37.47873541838635 ], [ -57.845753298245427, -37.499124603036307 ], [ -57.835758654873302, -37.501376598882018 ], [ -57.818233969037465, -37.507490421005627 ], [ -57.81818080077818, -37.507499560547103 ], [ -57.805220023036384, -37.503739303244345 ], [ -57.805175147343959, -37.503732645279854 ], [ -57.802480013692502, -37.503299582394106 ], [ -57.781945169161133, -37.502084967358599 ], [ -57.772160000165513, -37.503510731790811 ], [ -57.772122705663548, -37.503539245914169 ], [ -57.772070469646621, -37.503512313792044 ], [ -57.765397909752949, -37.503862066798774 ], [ -57.764446883073845, -37.515640150329205 ], [ -57.764429641879929, -37.51568640217215 ], [ -57.763809083125977, -37.524512680627311 ], [ -57.75770426353364, -37.536043775819849 ], [ -57.76664585070796, -37.548914874400225 ], [ -57.779488509554312, -37.561704199421285 ], [ -57.796807213999841, -37.587018048516654 ], [ -57.800705743518961, -37.594639513133757 ], [ -57.80244062691628, -37.594175297919037 ], [ -57.807827015469002, -37.591849619326581 ], [ -57.807841599395317, -37.591845471854072 ], [ -57.8397348778376, -37.577796713029556 ], [ -57.84774263182436, -37.577686246820747 ], [ -57.847761277328345, -37.577686982689556 ], [ -57.856771973841887, -37.609298745577973 ], [ -57.860680668240832, -37.613949580901306 ], [ -57.875125115061053, -37.645130693488454 ], [ -57.89182334719851, -37.641098163809545 ], [ -57.899651554648585, -37.640870476927034 ], [ -57.912994950823077, -37.652927259480009 ], [ -57.940303778180578, -37.643885537325559 ], [ -57.94441190034479, -37.655721790033795 ], [ -57.956491604656037, -37.657013333447821 ], [ -57.975243756794498, -37.654000676490114 ], [ -57.97667219859153, -37.652440743268983 ], [ -57.983001685385602, -37.651858880530767 ], [ -57.991302195417347, -37.649966242274559 ], [ -58.01594792571882, -37.643532960964649 ], [ -58.017808857227976, -37.643275554080674 ], [ -58.017840759412877, -37.643252256890264 ], [ -58.030531916248719, -37.64140014388488 ], [ -58.030537850952044, -37.641355793782452 ], [ -58.033610154656515, -37.640130109401014 ], [ -58.033654743856346, -37.640136131245015 ], [ -58.037910657254372, -37.640301746808916 ], [ -58.037700166187392, -37.644093866749756 ], [ -58.037710874628033, -37.644104960904144 ], [ -58.030835839461645, -37.654833963855367 ], [ -58.030802752472368, -37.654858064702751 ], [ -58.026081151607798, -37.66460228753084 ], [ -58.026081397799373, -37.66461093117681 ], [ -58.021793007635779, -37.670731114090074 ], [ -58.021626525169665, -37.671044847911276 ], [ -58.021623471685245, -37.671044718271787 ], [ -58.021356498169155, -37.671553493978251 ], [ -58.021077540072554, -37.672257205422397 ], [ -58.022278804659663, -37.673032231917659 ], [ -58.022280546067634, -37.673032129068531 ], [ -58.024299492959528, -37.674493840430273 ], [ -58.033637410510266, -37.67673366704031 ], [ -58.060357859964881, -37.700599987624571 ], [ -58.071729678977704, -37.697496272970568 ], [ -58.077115464544306, -37.694487530093227 ], [ -58.07714755539098, -37.694464370474691 ], [ -58.086577813814017, -37.68376539235129 ], [ -58.091231451889882, -37.684260693885051 ], [ -58.091246654819201, -37.684262065914481 ], [ -58.091289277103499, -37.684263626395818 ], [ -58.093203050531031, -37.684778466770695 ], [ -58.094172252783096, -37.685071653864497 ], [ -58.094221299383662, -37.685127224372309 ], [ -58.094734317812481, -37.688162842961617 ], [ -58.093940426448512, -37.687855874842796 ], [ -58.093891753652315, -37.687853059894508 ], [ -58.090973847952341, -37.700382390354662 ], [ -58.089837397407223, -37.705262247997723 ], [ -58.098084282374828, -37.713007290693326 ], [ -58.102124897039459, -37.718701880944877 ], [ -58.105727947553078, -37.734660533139277 ], [ -58.105741412373789, -37.73466379596573 ], [ -58.10912999842634, -37.73701186233319 ], [ -58.120185109531633, -37.743408996800667 ], [ -58.118172154070294, -37.737203541424719 ], [ -58.116479729632545, -37.731822902013107 ], [ -58.125541487398834, -37.733766584558168 ], [ -58.12558468113366, -37.733803421266487 ], [ -58.137857278212948, -37.742587262881216 ], [ -58.140903509685302, -37.744115738855612 ], [ -58.140918086782563, -37.744128148568677 ], [ -58.141611804476383, -37.745671047897702 ], [ -58.141631519037901, -37.745687802547081 ], [ -58.14228384497676, -37.745895407268506 ], [ -58.142301694556693, -37.745910576941583 ], [ -58.144801426544348, -37.746735855662678 ], [ -58.146705702813449, -37.746382561428902 ], [ -58.149738722418078, -37.744846754413629 ], [ -58.149735845386658, -37.744820535785777 ], [ -58.156614664833512, -37.742329488738449 ], [ -58.158557417257327, -37.73962808617955 ], [ -58.158570755867288, -37.739567101602859 ], [ -58.161056055141842, -37.737355360756339 ], [ -58.162375353851417, -37.740279249900539 ], [ -58.162394198001209, -37.74030629865257 ], [ -58.164179171842932, -37.743136061551013 ], [ -58.16417059345531, -37.743170946836301 ], [ -58.166055975108691, -37.745404974999303 ], [ -58.169733962329076, -37.746627237295684 ], [ -58.174883240692964, -37.746727482172162 ], [ -58.200080465922042, -37.75439339606703 ], [ -58.218450140787183, -37.761277035917772 ], [ -58.221538253601182, -37.761902927435301 ], [ -58.222951182529812, -37.760897976905312 ], [ -58.225507767404622, -37.75933265753423 ], [ -58.224795188903272, -37.756889376092431 ], [ -58.229434319652341, -37.740161714514159 ], [ -58.229434365276461, -37.740155655585397 ], [ -58.244037489279549, -37.733258076318975 ], [ -58.25997260865654, -37.729805170169186 ], [ -58.261207005083236, -37.727506307167801 ], [ -58.261245196972709, -37.727478513225549 ], [ -58.273065786321922, -37.715234790879606 ], [ -58.277930834382062, -37.733335587355953 ], [ -58.278112792001082, -37.733369193880435 ], [ -58.278429919838231, -37.733248808916926 ], [ -58.278491195171284, -37.733203881539396 ], [ -58.278551093488261, -37.732880356262228 ], [ -58.278340038983913, -37.717116057634428 ], [ -58.278289801347455, -37.713327017160964 ], [ -58.293084859768612, -37.718121786575978 ], [ -58.293113346870541, -37.718115575116201 ], [ -58.293176371891263, -37.718171493927628 ], [ -58.300015435721093, -37.720141144764739 ], [ -58.314021755940928, -37.718251157039106 ], [ -58.314969681658681, -37.718882691849331 ], [ -58.315779399492442, -37.717192346290688 ], [ -58.315772677274822, -37.71694379242399 ], [ -58.315847606713362, -37.716071588178977 ], [ -58.315982481995775, -37.715257532523651 ], [ -58.319551801385956, -37.708589403312999 ], [ -58.319562914437597, -37.708554344764366 ], [ -58.324459036735334, -37.708736396350901 ], [ -58.324668255448444, -37.708788093749263 ], [ -58.327356152073094, -37.70872959387259 ], [ -58.35016487515685, -37.707694961824643 ], [ -58.350190953969218, -37.707676097360434 ], [ -58.359953217141879, -37.696833513973388 ], [ -58.363632630128166, -37.696204591756782 ], [ -58.363679857205966, -37.696198421391841 ], [ -58.363678516627317, -37.696232449013962 ], [ -58.370568461957134, -37.697564719262573 ], [ -58.372119078034189, -37.696995926318493 ], [ -58.372132994124343, -37.69698645949461 ], [ -58.389211247282674, -37.69768185650986 ], [ -58.404782627847453, -37.684443573468172 ], [ -58.442189387577343, -37.675331249588567 ], [ -58.442193097023619, -37.675332703261745 ], [ -58.442819946859117, -37.675149121970662 ], [ -58.442881502946022, -37.675105351896093 ], [ -58.443635676904933, -37.674998441405137 ], [ -58.443697689193868, -37.674953730481263 ], [ -58.444615298127587, -37.674808860138114 ], [ -58.444678099157102, -37.674763336431511 ], [ -58.445850722275111, -37.674670825748024 ], [ -58.445850022599757, -37.674686510491483 ], [ -58.44585327709899, -37.674692524366321 ], [ -58.445743639181046, -37.674869017676883 ], [ -58.445754194831181, -37.674885820215707 ], [ -58.446006534598155, -37.674881623129352 ], [ -58.444528778986296, -37.676274246674495 ], [ -58.444517725408332, -37.676280283991332 ], [ -58.444415075073721, -37.676400057498199 ], [ -58.444412089795662, -37.676406390269563 ], [ -58.444368857256393, -37.676451080201559 ], [ -58.44433445313615, -37.676488834158249 ], [ -58.444329513867842, -37.676492346274529 ], [ -58.444306349047849, -37.676518113759926 ], [ -58.444301474470137, -37.676519607556486 ], [ -58.444867719408421, -37.67750448561543 ], [ -58.444214247378, -37.677852019432692 ], [ -58.443291137891549, -37.678196136596966 ], [ -58.442997330471712, -37.67892998760226 ], [ -58.438233047021413, -37.686094020528685 ], [ -58.409573748142691, -37.724717691325225 ], [ -58.409518770278737, -37.724739247646482 ], [ -58.409517927169873, -37.72475005781007 ], [ -58.409270908526139, -37.729000015766019 ], [ -58.404154100689198, -37.728816731662391 ], [ -58.404104339173955, -37.728852688022243 ], [ -58.402061649852158, -37.738784547833006 ], [ -58.401857226142283, -37.739442010393759 ], [ -58.401855227191163, -37.739488597177342 ], [ -58.401397862798319, -37.740892931762517 ], [ -58.401344001181883, -37.740931876041032 ], [ -58.398199286647866, -37.741577266924651 ], [ -58.398200671470079, -37.741545980640751 ], [ -58.392923218722558, -37.741361305347368 ], [ -58.392865962930557, -37.741402739999899 ], [ -58.391517656687654, -37.746412363069965 ], [ -58.391515226809474, -37.746437968026498 ], [ -58.389366906975795, -37.750296851449377 ], [ -58.385875046665319, -37.753822698252861 ], [ -58.381776629947126, -37.759164430037742 ], [ -58.381748587246875, -37.759184931407901 ], [ -58.377185241411439, -37.759463043321205 ], [ -58.377137789721644, -37.759497718842056 ], [ -58.376966511771002, -37.760191051013749 ], [ -58.376923834557658, -37.760189155860473 ], [ -58.375492480037167, -37.764811340238623 ], [ -58.371816126877206, -37.771014019006998 ], [ -58.367843982952422, -37.77943490312822 ], [ -58.365058000645888, -37.77884548928904 ], [ -58.359167244567573, -37.780624910895483 ], [ -58.355476800330791, -37.784825388097204 ], [ -58.355436018423347, -37.784854924734304 ], [ -58.350672431231374, -37.786432835954315 ], [ -58.34837402364559, -37.801824801910243 ], [ -58.354495624930564, -37.80487870548933 ], [ -58.345053317931558, -37.814451702754297 ], [ -58.345025186136866, -37.814459672280464 ], [ -58.33931321922222, -37.81428795394271 ], [ -58.327437427659447, -37.813873076380332 ], [ -58.327419569059884, -37.813872333043946 ], [ -58.323697085575816, -37.813715634147513 ], [ -58.323688306220731, -37.813722006027149 ], [ -58.323632938650007, -37.813762085881535 ], [ -58.322539985009257, -37.813709144673453 ], [ -58.322528603286571, -37.813717373141174 ], [ -58.322363156270853, -37.817532631393419 ], [ -58.3223623054065, -37.817551611187071 ], [ -58.322057315192865, -37.823589591462564 ], [ -58.31789493805536, -37.840974140186233 ], [ -58.318905403000372, -37.845939114938801 ], [ -58.319750071547048, -37.850329544936244 ], [ -58.322463783686942, -37.854661744236807 ], [ -58.323382347888526, -37.85656771071433 ], [ -58.323381138498519, -37.85657057565254 ], [ -58.320941134296902, -37.859373479546548 ], [ -58.318137998048371, -37.859336559412554 ], [ -58.314826444886535, -37.858285304775677 ], [ -58.314822923659221, -37.858288053187778 ], [ -58.31465542876748, -37.859017689855932 ], [ -58.308337318710926, -37.864628061357791 ], [ -58.308330295054986, -37.864633543509058 ], [ -58.310445406922838, -37.869626987470554 ], [ -58.310211927710327, -37.875590739521897 ], [ -58.310770983971111, -37.875595806015156 ], [ -58.310746548804218, -37.878616993848652 ], [ -58.310746333121301, -37.878652982116648 ], [ -58.31116255532902, -37.886952078097067 ], [ -58.311418639636827, -37.88697117501755 ], [ -58.311691037421156, -37.891692860933858 ], [ -58.311690855994527, -37.891721441058166 ], [ -58.308763513049939, -37.891591335798353 ], [ -58.308714556611505, -37.891590938393222 ], [ -58.30570083676821, -37.891431037845393 ], [ -58.305701087901468, -37.891404306561014 ], [ -58.302021259299181, -37.891234110920664 ], [ -58.302005124268362, -37.891233944411283 ], [ -58.298997268834398, -37.891068024970707 ], [ -58.298964182481654, -37.891093737348967 ], [ -58.298936248952089, -37.892675804490182 ], [ -58.298915186223724, -37.892692111032602 ], [ -58.298918130756022, -37.893665935612489 ], [ -58.294265631144413, -37.893644977161273 ], [ -58.294230536312909, -37.893644685702327 ], [ -58.288138334625671, -37.89358031800225 ], [ -58.288136625355094, -37.893581644454969 ], [ -58.288134447770858, -37.893707644788606 ], [ -58.288074379118314, -37.893754513763383 ], [ -58.288082913460698, -37.896957531710882 ], [ -58.28808280807209, -37.896972700438312 ], [ -58.283478654919406, -37.896917363945022 ], [ -58.28344719935825, -37.896917102832731 ], [ -58.282304840460881, -37.896890544371104 ], [ -58.27962519668273, -37.895595382222552 ], [ -58.278208937927047, -37.894614731158356 ], [ -58.277603954434483, -37.897260861341977 ], [ -58.274209465888191, -37.89743423982037 ], [ -58.274202528783405, -37.897438301841419 ], [ -58.273194507576989, -37.898822936190186 ], [ -58.266589504000194, -37.903707366811318 ], [ -58.26656342027394, -37.903683996064444 ], [ -58.253025765761834, -37.905012264842981 ], [ -58.254270002245278, -37.911160673602069 ], [ -58.241396631621683, -37.908037779201834 ], [ -58.240978728706978, -37.907738300949006 ], [ -58.240959925046752, -37.907721365689326 ], [ -58.240364914349698, -37.907583754202221 ], [ -58.240361423033278, -37.907580622670537 ], [ -58.236242319552616, -37.907479195617327 ], [ -58.236239402835054, -37.907528907785832 ], [ -58.236238281215549, -37.907531534651469 ], [ -58.236229873755747, -37.907534764863158 ], [ -58.236129282105082, -37.907526234634247 ], [ -58.235700383611231, -37.907407297086536 ], [ -58.22547521665291, -37.904929397301999 ], [ -58.224446568690382, -37.904168374970141 ], [ -58.224410356759961, -37.904171317603129 ], [ -58.224408603972904, -37.904216101360987 ], [ -58.217825242154447, -37.907303750053302 ], [ -58.214508015954493, -37.908264121174909 ], [ -58.214504218528759, -37.908277978860667 ], [ -58.214482124812719, -37.908307819198455 ], [ -58.21609301047306, -37.915581762039722 ], [ -58.21331860694437, -37.925258452447395 ], [ -58.212971859548077, -37.925647536414544 ], [ -58.213007698005299, -37.925672906666591 ], [ -58.213760594643418, -37.925124815556387 ], [ -58.213776017721614, -37.925154572314455 ], [ -58.210516981797753, -37.937603540909549 ], [ -58.218704972014507, -37.942046334591282 ], [ -58.218731099742513, -37.942079735314508 ], [ -58.224045042016144, -37.956908734620981 ], [ -58.222705760778808, -37.966166312165967 ], [ -58.221230462952576, -37.969892194830777 ], [ -58.221223331890428, -37.969898171997272 ], [ -58.217300443576789, -37.975448485962431 ], [ -58.204393275374798, -37.97398275044128 ], [ -58.162517345680385, -37.99804665973403 ], [ -58.145668762786613, -38.001451862183671 ], [ -58.145662933294375, -38.001480863958136 ], [ -58.134475993979379, -37.995336521833906 ], [ -58.133717323367193, -37.994986157932374 ], [ -58.133666814527828, -37.99500401503883 ], [ -58.13113720540656, -37.993966394782092 ], [ -58.127576066007975, -37.992488765807423 ], [ -58.119525819045521, -37.987992611224229 ], [ -58.120268682260644, -37.983299116707542 ], [ -58.120197271539382, -37.983267122506049 ], [ -58.109199916211935, -37.983759250379137 ], [ -58.108416630848353, -37.984481681458533 ], [ -58.105689023955904, -37.983619649896582 ], [ -58.105677790286279, -37.983617659147853 ], [ -58.083488685848977, -37.982716594544684 ], [ -58.070090739484328, -37.962842312323687 ], [ -58.070069321265123, -37.962822530233382 ], [ -58.068572024136984, -37.958254108930078 ], [ -58.068555880052884, -37.958235853011615 ], [ -58.068016962891591, -37.957903224399217 ], [ -58.04565034081395, -37.946225271913761 ], [ -58.045620551874435, -37.94621358659856 ], [ -58.045582477533515, -37.946207750325129 ], [ -58.044484457648934, -37.945958463695149 ], [ -58.032360855131742, -37.953733475438639 ], [ -58.031580235859394, -37.96655309443787 ], [ -58.03082234941769, -37.967683311067162 ], [ -58.025754415776873, -37.970889692397634 ], [ -58.026633309730812, -37.972606880435592 ], [ -58.026628119568045, -37.972645346030049 ], [ -58.021451507658867, -37.982974061747598 ], [ -58.030981721068599, -37.994883052701255 ], [ -58.02808366535487, -38.000014870521795 ], [ -58.028099579282184, -38.000028216905662 ], [ -58.029700701137926, -38.003529738082648 ], [ -58.039439480483452, -38.002157527813836 ], [ -58.039440986735201, -38.002115598983323 ], [ -58.039491739787366, -38.002117456864369 ], [ -58.042816206702128, -38.001646141962226 ], [ -58.045414226484183, -38.004994676342505 ], [ -58.045362828459645, -38.005034086887463 ], [ -58.056073831804895, -38.020853905525371 ], [ -58.053614507951636, -38.028633429227966 ], [ -58.051943081573427, -38.03480467447315 ], [ -58.051898232494921, -38.034848273133605 ], [ -58.051905636461697, -38.034862732249451 ], [ -58.072916086575219, -38.08014770368186 ], [ -58.080969641987792, -38.082361733025891 ], [ -58.092675353368008, -38.086363696218086 ], [ -58.092667226720664, -38.086386509005933 ], [ -58.090610232345227, -38.096018736908775 ], [ -58.090614108899217, -38.096036293556267 ], [ -58.097621015301058, -38.114087583750006 ], [ -58.102092133405336, -38.141779753557273 ], [ -58.114747337991673, -38.150562846128935 ], [ -58.114794043479492, -38.150557471031846 ], [ -58.125267343183964, -38.151148982758286 ], [ -58.120070185674194, -38.174361658897226 ], [ -58.103732627970146, -38.166313190560913 ], [ -58.103718966755537, -38.166324998332016 ], [ -58.103713496711464, -38.166315392280239 ], [ -58.100103528333193, -38.167554218110354 ], [ -58.100074115360599, -38.167616088029035 ], [ -58.09470524340469, -38.172714405248371 ], [ -58.100611828402862, -38.1728603268391 ], [ -58.103833556059158, -38.183003064794377 ], [ -58.112905549382219, -38.196647828321431 ], [ -58.125942038654216, -38.198008551101509 ], [ -58.125963965930907, -38.198016803933683 ], [ -58.131713794712368, -38.199390407799797 ], [ -58.131749019077404, -38.199376343832739 ], [ -58.140680530741633, -38.19764926878463 ], [ -58.146936979339671, -38.196336562419788 ], [ -58.146945388353117, -38.196336150407831 ], [ -58.147001488469698, -38.196335083098575 ], [ -58.145953760640225, -38.199419936839377 ], [ -58.145906109181908, -38.199454235878648 ], [ -58.143421663817264, -38.205075245700868 ], [ -58.139774032176149, -38.213793587000509 ], [ -58.136066600253173, -38.21927895393469 ], [ -58.138616202864, -38.229075960950127 ], [ -58.147820249771996, -38.233260799035804 ], [ -58.147843139505426, -38.233267828218004 ], [ -58.147926057844359, -38.233351064991552 ], [ -58.14883400022029, -38.234267261344769 ], [ -58.148857982068876, -38.234274626741581 ], [ -58.151392207230799, -38.236769966146198 ], [ -58.158553518005476, -38.230794230395247 ], [ -58.175531195221481, -38.261239355227644 ], [ -58.185069159866259, -38.273085528213301 ], [ -58.183909813080049, -38.27334910793536 ], [ -58.18389981996188, -38.273365338245185 ], [ -58.196878734020459, -38.282226869133467 ], [ -58.196883918672825, -38.282247665112607 ], [ -58.160000394028998, -38.286279173714775 ], [ -58.159947004663366, -38.286262537521452 ], [ -58.155603143859764, -38.286807368700011 ], [ -58.153899137358735, -38.286989178693659 ], [ -58.15384946119184, -38.286973510578207 ], [ -58.153691418494759, -38.286990707845291 ], [ -58.147280201568776, -38.283077623450026 ], [ -58.125824326778684, -38.277584878376047 ], [ -58.123885517848748, -38.276326245104656 ], [ -58.114801584243878, -38.275636713467634 ], [ -58.095012751677416, -38.284593796910144 ], [ -58.095006331826255, -38.284643912347633 ], [ -58.094960430424123, -38.285002220792592 ], [ -58.094955800574439, -38.285001762843081 ], [ -58.094956209121278, -38.285049662478002 ], [ -58.0949042820871, -38.285053976849554 ], [ -58.094682640028907, -38.285069008859239 ], [ -58.094036199198797, -38.28515615724541 ], [ -58.066581004695877, -38.277047524300315 ], [ -58.065755827538226, -38.276467478023619 ], [ -58.047456506954234, -38.249246076176519 ], [ -58.043202184587585, -38.246559834612754 ], [ -58.044873722467401, -38.245013410953391 ], [ -58.042101774851176, -38.246066955991466 ], [ -58.040402248647581, -38.246759092176092 ], [ -58.040358551180248, -38.24676930886028 ], [ -58.03853019488156, -38.247553136591364 ], [ -58.036434017180454, -38.248451781025437 ], [ -58.015702203120838, -38.253288156116241 ], [ -58.015657591955573, -38.253306988034865 ], [ -58.010051471027907, -38.252415982684113 ], [ -58.005031104340219, -38.247605971553639 ], [ -57.994369141637719, -38.251247862979312 ], [ -57.983587961782803, -38.248534839405352 ], [ -57.956154357247726, -38.245063759026209 ], [ -57.947698896256327, -38.263114549249849 ], [ -57.94766783392754, -38.263122795443792 ], [ -57.941805618665342, -38.27099462418613 ], [ -57.940659983706269, -38.270255347228897 ], [ -57.9344577573886, -38.273685701972511 ], [ -57.918951201237803, -38.276137787232017 ], [ -57.918922705362206, -38.276115686873936 ], [ -57.918850902848305, -38.276138733226389 ], [ -57.918818993937691, -38.276122424369191 ], [ -57.911717303434386, -38.277442322985451 ], [ -57.895450363985333, -38.282683117188412 ], [ -57.914815691064575, -38.304717561376947 ], [ -57.914868218963932, -38.304789984322895 ], [ -57.91496544732928, -38.304851881239472 ], [ -57.915025081980389, -38.304870573644166 ], [ -57.917390195236635, -38.309248998177964 ], [ -57.927888937535897, -38.313237455467174 ], [ -57.914445052046517, -38.309066364179557 ], [ -57.914316360862415, -38.309028223123619 ], [ -57.914241244317964, -38.309004267705973 ], [ -57.877766719729038, -38.303586821976523 ], [ -57.868545396958268, -38.300540465485653 ], [ -57.867166446269835, -38.300449735461541 ], [ -57.86583451158873, -38.300240262245325 ], [ -57.865758388104496, -38.30022077901225 ], [ -57.865424403156169, -38.300096951324974 ], [ -57.865349571029924, -38.300072296345547 ], [ -57.860104020456333, -38.298514423917425 ], [ -57.86003009335866, -38.298488367156438 ], [ -57.850783782280814, -38.295321672153136 ], [ -57.853393554999968, -38.296569823999903 ], [ -57.856201171999828, -38.297607421999942 ], [ -57.858703612999875, -38.298706054999911 ], [ -57.859313964999899, -38.298828124999886 ], [ -57.863708495999902, -38.300720215000013 ], [ -57.866027831999872, -38.301574706999929 ], [ -57.867919922, -38.302001952999944 ], [ -57.871582030999889, -38.302978516 ], [ -57.875488280999889, -38.304077147999863 ], [ -57.877685546999942, -38.30499267599987 ], [ -57.881774901999904, -38.305908202999831 ], [ -57.884704590000013, -38.306701659999874 ], [ -57.8878784179999, -38.3078002929999 ], [ -57.890686034999874, -38.309204101999967 ], [ -57.894897460999971, -38.310180663999859 ], [ -57.896972655999889, -38.311218261999898 ], [ -57.898315429999968, -38.311828612999875 ], [ -57.900817870999902, -38.312316894999867 ], [ -57.902526854999905, -38.312805175999927 ], [ -57.909423828, -38.31530761699986 ], [ -57.911193847999982, -38.316223144999867 ], [ -57.914306640999882, -38.317077636999954 ], [ -57.918029784999931, -38.318481444999918 ], [ -57.921691894999867, -38.319580077999888 ], [ -57.925598144999867, -38.320678710999914 ], [ -57.929626465000013, -38.322387694999918 ], [ -57.932617187999938, -38.323303222999812 ], [ -57.934509276999904, -38.324401854999849 ], [ -57.936828612999875, -38.324890136999841 ], [ -57.94030761699986, -38.326599120999958 ], [ -57.941589354999962, -38.32678222699991 ], [ -57.94250488299997, -38.327209472999812 ], [ -57.944702147999863, -38.327880858999947 ], [ -57.945373534999987, -38.328186034999874 ], [ -57.946899413999859, -38.328308104999962 ], [ -57.94812011699986, -38.328796386999841 ], [ -57.949707030999889, -38.329589843999941 ], [ -57.950988769999981, -38.329895019999981 ], [ -57.95257568400001, -38.330810546999885 ], [ -57.953613280999889, -38.331115722999982 ], [ -57.955505370999845, -38.33148193400001 ], [ -57.95648193400001, -38.332275390999939 ], [ -57.960815429999911, -38.333801269999981 ], [ -57.962585448999903, -38.334716796999885 ], [ -57.96398925799997, -38.335693358999947 ], [ -57.966308593999941, -38.336181640999826 ], [ -57.968811034999874, -38.337707519999867 ], [ -57.971191406, -38.339294433999896 ], [ -57.972778319999861, -38.340820312999938 ], [ -57.974792479999905, -38.341186522999863 ], [ -57.978881836000028, -38.34289550799997 ], [ -57.981811522999863, -38.344482422 ], [ -57.984313964999899, -38.346191406 ], [ -57.98687744099982, -38.347473144999924 ], [ -57.990478515999939, -38.348693847999925 ], [ -57.992187499999943, -38.34991455099987 ], [ -57.994689940999876, -38.35070800799997 ], [ -57.997802733999947, -38.351928710999971 ], [ -57.999206543000014, -38.353210448999903 ], [ -57.999389647999976, -38.353393555000025 ], [ -58.002197265999939, -38.354187011999954 ], [ -58.005615233999947, -38.355712891 ], [ -58.00842285199991, -38.357604979999962 ], [ -58.009399413999972, -38.358520507999856 ], [ -58.010192870999902, -38.35919189499981 ], [ -58.011596679999968, -38.359680175999983 ], [ -58.013427733999947, -38.36022949199986 ], [ -58.014709472999868, -38.36102294899996 ], [ -58.015808104999905, -38.361389159999987 ], [ -58.017883300999927, -38.362976074000017 ], [ -58.018615722999868, -38.363403319999918 ], [ -58.019104003999928, -38.363586425999983 ], [ -58.020080566, -38.364196776999847 ], [ -58.020996093999884, -38.364685058999839 ], [ -58.021972655999889, -38.365173340000013 ], [ -58.023803711000028, -38.365600585999914 ], [ -58.025878905999946, -38.367004394999981 ], [ -58.027709961000028, -38.36779785199991 ], [ -58.029907227000024, -38.36859130900001 ], [ -58.033691405999946, -38.370178222999868 ], [ -58.036499022999806, -38.371582030999832 ], [ -58.037475585999971, -38.371887206999872 ], [ -58.039611815999876, -38.37249755900001 ], [ -58.040893554999968, -38.373107909999874 ], [ -58.043579101999967, -38.374511718999941 ], [ -58.044982909999931, -38.375122069999918 ], [ -58.0460815429999, -38.37561035199991 ], [ -58.048095702999831, -38.376586913999972 ], [ -58.051025390999939, -38.377807616999803 ], [ -58.052612304999968, -38.378601073999903 ], [ -58.054687499999886, -38.37951660199991 ], [ -58.055603026999904, -38.379882812999824 ], [ -58.057006835999971, -38.380493163999972 ], [ -58.05828857399996, -38.381103515999939 ], [ -58.060119628999928, -38.381896972999868 ], [ -58.063415526999961, -38.382202147999976 ], [ -58.065612792999957, -38.383483886999898 ], [ -58.067016602000024, -38.38391113299997 ], [ -58.069091796999885, -38.384704589999899 ], [ -58.074523925999983, -38.386901854999905 ], [ -58.076171875, -38.387695313 ], [ -58.080078125, -38.388793944999861 ], [ -58.081909179999911, -38.389892577999888 ], [ -58.085205077999944, -38.390991211000028 ], [ -58.088684081999929, -38.392517089999899 ], [ -58.089477538999859, -38.392395019999924 ], [ -58.090576171999885, -38.392822265999826 ], [ -58.09149169899996, -38.393188477000024 ], [ -58.092712401999904, -38.393676757999913 ], [ -58.094482421999885, -38.394592284999817 ], [ -58.0988159179999, -38.396423339999899 ], [ -58.101379394999981, -38.396484374999886 ], [ -58.105285644999981, -38.398376465000013 ], [ -58.106994628999985, -38.399291991999917 ], [ -58.110412597999982, -38.400390624999886 ], [ -58.113769531, -38.401611327999888 ], [ -58.118103026999847, -38.403686522999806 ], [ -58.120117187999938, -38.404479980000019 ], [ -58.122680663999859, -38.405700683999839 ], [ -58.1242065429999, -38.406311034999987 ], [ -58.126708984, -38.406982421999942 ], [ -58.128601073999903, -38.407897949000017 ], [ -58.130798339999899, -38.408874511999898 ], [ -58.132690430000025, -38.409606933999839 ], [ -58.136413573999903, -38.410827636999954 ], [ -58.139587401999961, -38.412109374999943 ], [ -58.142272949000017, -38.41271972699991 ], [ -58.144714354999962, -38.413208007999913 ], [ -58.147399902000018, -38.414123534999987 ], [ -58.149108886999954, -38.415588378999871 ], [ -58.153198241999917, -38.416687011999898 ], [ -58.158874511999898, -38.418579101999853 ], [ -58.162292479999905, -38.419799804999968 ], [ -58.167602538999859, -38.421203612999875 ], [ -58.168701172, -38.421691894999924 ], [ -58.170410156, -38.422424315999876 ], [ -58.172912597999925, -38.423095703 ], [ -58.17492675799997, -38.423706054999968 ], [ -58.176879882999913, -38.424316405999832 ], [ -58.177978515999882, -38.424621581999872 ], [ -58.179992675999983, -38.425109862999932 ], [ -58.182678222999868, -38.426208495999902 ], [ -58.184814452999888, -38.426574706999986 ], [ -58.188903808999839, -38.42828369099982 ], [ -58.193481444999975, -38.430175780999889 ], [ -58.196411132999913, -38.430480956999986 ], [ -58.201110839999899, -38.43249511699986 ], [ -58.205810547, -38.434326172 ], [ -58.212097167999957, -38.436279296999885 ], [ -58.215270996000015, -38.437316894999924 ], [ -58.218627929999968, -38.438476562999938 ], [ -58.221618651999961, -38.43920898399989 ], [ -58.221801757999913, -38.439392089999842 ], [ -58.223815917999957, -38.440673827999944 ], [ -58.226196288999745, -38.441589355000019 ], [ -58.228698730000019, -38.442810058999953 ], [ -58.232177734, -38.443969726999967 ], [ -58.235717772999919, -38.445312499999886 ], [ -58.236935432999928, -38.445827663999864 ], [ -58.237304687999938, -38.445983887000011 ], [ -58.241516112999875, -38.447326659999987 ], [ -58.243713378999871, -38.447692871000015 ], [ -58.24578857399996, -38.449401855000019 ], [ -58.247192383000026, -38.450195312999938 ], [ -58.249328612999875, -38.451293944999975 ], [ -58.25280761699986, -38.453124999999886 ], [ -58.255187987999989, -38.454406737999875 ], [ -58.257385253999985, -38.455383300999927 ], [ -58.25958251999981, -38.456420897999919 ], [ -58.264221191, -38.458312987999875 ], [ -58.266113280999889, -38.459228515999939 ], [ -58.269592284999874, -38.460876464999956 ], [ -58.271728515999882, -38.461975097999925 ], [ -58.272888183999896, -38.46258544899996 ], [ -58.279174805000025, -38.465270995999958 ], [ -58.280395507999856, -38.465576171999885 ], [ -58.282287597999925, -38.466186522999863 ], [ -58.287475585999914, -38.467590331999816 ], [ -58.28967285199991, -38.468200683999896 ], [ -58.291992187999881, -38.468811034999931 ], [ -58.294006347999812, -38.469177245999845 ], [ -58.295715331999816, -38.46960449199986 ], [ -58.29718017599987, -38.4699096679999 ], [ -58.29852294899996, -38.470275878999985 ], [ -58.300109862999989, -38.470825194999861 ], [ -58.303588866999974, -38.471679687999881 ], [ -58.304382323999903, -38.471984862999989 ], [ -58.308105468999941, -38.473876952999944 ], [ -58.312988281, -38.474609374999886 ], [ -58.315307616999974, -38.476013183999953 ], [ -58.319091797, -38.477783202999944 ], [ -58.319580077999888, -38.478027344 ], [ -58.325927734, -38.48107910199991 ], [ -58.328796386999954, -38.481994628999985 ], [ -58.331481933999953, -38.482788085999914 ], [ -58.336120604999962, -38.483581543000014 ], [ -58.338012694999918, -38.484008788999915 ], [ -58.340270995999902, -38.48468017599987 ], [ -58.344604491999803, -38.486206054999911 ], [ -58.349670409999931, -38.486999512000011 ], [ -58.353881836000028, -38.488281249999829 ], [ -58.354980469, -38.48858642599987 ], [ -58.359313964999899, -38.489501952999944 ], [ -58.365905761999954, -38.4913940429999 ], [ -58.372680663999745, -38.493774413999859 ], [ -58.374328612999761, -38.494201659999874 ], [ -58.376892090000013, -38.494995116999974 ], [ -58.379394530999946, -38.495971680000025 ], [ -58.381591796999942, -38.496704101999967 ], [ -58.383178710999971, -38.497375487999932 ], [ -58.388977050999927, -38.4992065429999 ], [ -58.393005370999902, -38.500427246000015 ], [ -58.396789550999927, -38.502197266 ], [ -58.400695800999927, -38.503173827999888 ], [ -58.403076171999885, -38.50390625 ], [ -58.404296874999886, -38.504394530999889 ], [ -58.407592772999919, -38.505920409999931 ], [ -58.409790038999915, -38.506286620999958 ], [ -58.414001464999956, -38.506896972999925 ], [ -58.417602538999915, -38.508178710999914 ], [ -58.418701171999942, -38.508483886999954 ], [ -58.421691894999867, -38.509094237999989 ], [ -58.425170897999863, -38.510192870999958 ], [ -58.428283690999933, -38.51141357399996 ], [ -58.432922362999875, -38.512512206999929 ], [ -58.436218261999898, -38.513671874999943 ], [ -58.438415526999904, -38.514709472999812 ], [ -58.441284179999855, -38.515625 ], [ -58.443603515999882, -38.516174315999876 ], [ -58.444885253999985, -38.517395019999981 ], [ -58.449401854999962, -38.520080565999876 ], [ -58.450988769999981, -38.521179198999903 ], [ -58.454284668000014, -38.522705077999944 ], [ -58.455993652000018, -38.523193358999947 ], [ -58.457885741999974, -38.523681640999939 ], [ -58.459228515999882, -38.523986815999876 ], [ -58.46008300799997, -38.524108887000011 ], [ -58.462585448999903, -38.524597168000014 ], [ -58.464172362999932, -38.524902343999941 ], [ -58.466979979999962, -38.525207519999981 ], [ -58.468200683999896, -38.525512694999918 ], [ -58.47100830099987, -38.526184081999872 ], [ -58.473205565999933, -38.526977538999972 ], [ -58.475280761999954, -38.527709960999914 ], [ -58.476806641, -38.528320312999881 ], [ -58.479003905999889, -38.529418944999918 ], [ -58.479980468999884, -38.52990722699991 ], [ -58.481811522999863, -38.530883788999972 ], [ -58.484313964999956, -38.531677245999902 ], [ -58.486206055000025, -38.532775878999928 ], [ -58.488586425999813, -38.534118652000018 ], [ -58.489605151619287, -38.534428699243108 ], [ -58.502320943962843, -38.537760381011708 ], [ -58.502387472934402, -38.537780490646014 ], [ -58.509674059258657, -38.540283202999888 ], [ -58.510009765999939, -38.540283202999888 ], [ -58.510803222999925, -38.540588378999928 ], [ -58.511649173628086, -38.540961592428459 ], [ -58.517928918313146, -38.543118486466767 ], [ -58.521484374999886, -38.543884276999961 ], [ -58.524597167999843, -38.544189452999888 ], [ -58.527893065999876, -38.54467773399989 ], [ -58.533203124999943, -38.546325683999896 ], [ -58.536010741999746, -38.546813964999899 ], [ -58.539001464999842, -38.54669189499981 ], [ -58.540893554999968, -38.546997069999861 ], [ -58.5421752929999, -38.547180175999983 ], [ -58.543395995999902, -38.547485352000024 ], [ -58.548095703, -38.548095702999888 ], [ -58.552185058999953, -38.549011229999962 ], [ -58.55639648399989, -38.549804687999881 ], [ -58.558288573999846, -38.549987792999843 ], [ -58.56219482399996, -38.550720214999899 ], [ -58.566284179999911, -38.551208495999958 ], [ -58.568298340000013, -38.551574706999872 ], [ -58.570617675999983, -38.552429198999903 ], [ -58.573974609, -38.553771972999868 ], [ -58.57507324199986, -38.554199218999884 ], [ -58.578002929999968, -38.555114745999958 ], [ -58.579223632999913, -38.55529785199991 ], [ -58.581604003999871, -38.555725097999925 ], [ -58.584106444999975, -38.556091308999839 ], [ -58.585693359, -38.556213378999985 ], [ -58.588684081999816, -38.557189940999876 ], [ -58.5910034179999, -38.557312011999954 ], [ -58.593811034999931, -38.557617187999881 ], [ -58.597473144999981, -38.557800293000014 ], [ -58.600402831999986, -38.558410644999981 ], [ -58.607177733999833, -38.559692382999913 ], [ -58.609924316, -38.560424805000025 ], [ -58.6124877929999, -38.561096190999876 ], [ -58.613891601999967, -38.560974120999902 ], [ -58.615478516, -38.561584472999868 ], [ -58.617797851999967, -38.561584472999868 ], [ -58.618896484, -38.561889647999976 ], [ -58.619654645999788, -38.562089163999872 ], [ -58.621215819999975, -38.5625 ], [ -58.624572753999814, -38.56311035199991 ], [ -58.628479003999985, -38.563598632999913 ], [ -58.633911133000026, -38.564880370999902 ], [ -58.638488769999981, -38.565673828 ], [ -58.64318847699991, -38.567077636999898 ], [ -58.64367675799997, -38.567199706999872 ], [ -58.645202637000011, -38.567626952999888 ], [ -58.648376464999899, -38.568298339999899 ], [ -58.65100097699991, -38.568908690999876 ], [ -58.652282714999899, -38.569274901999904 ], [ -58.65460205099987, -38.569824218999941 ], [ -58.656311034999874, -38.570007323999903 ], [ -58.658691406, -38.570312499999943 ], [ -58.663696288999859, -38.570495604999905 ], [ -58.668212891, -38.570678710999857 ], [ -58.670898437999881, -38.571289062999824 ], [ -58.675109862999932, -38.572387694999861 ], [ -58.678710937999881, -38.573181151999961 ], [ -58.679687499999943, -38.573181151999961 ], [ -58.680969237999875, -38.573181151999961 ], [ -58.68420410199991, -38.573425293000014 ], [ -58.688720702999888, -38.574584960999857 ], [ -58.692687987999932, -38.576416015999939 ], [ -58.695800781, -38.578613281 ], [ -58.696228027000018, -38.578796386999898 ], [ -58.696777343999827, -38.578002929999968 ], [ -58.696899413999802, -38.577209472999868 ], [ -58.698791503999928, -38.577209472999868 ], [ -58.701477050999813, -38.576904296999828 ], [ -58.70288085899989, -38.576721190999876 ], [ -58.703491211000028, -38.576477050999927 ], [ -58.705993651999961, -38.575378417999957 ], [ -58.707702636999954, -38.575500487999932 ], [ -58.712707519999753, -38.57397460899989 ], [ -58.708801269999753, -38.576721190999876 ], [ -58.706176757999913, -38.577697753999928 ], [ -58.70397949199986, -38.578796386999898 ], [ -58.702697753999928, -38.579895019999924 ], [ -58.702819823999903, -38.580505370999902 ], [ -58.705810547, -38.581176758000026 ], [ -58.708007813, -38.581298828 ], [ -58.713073730000019, -38.58178710899989 ], [ -58.71459960899989, -38.582397461000028 ], [ -58.717407226999853, -38.58288574199986 ], [ -58.718688965000013, -38.583190917999957 ], [ -58.722778319999975, -38.584289550999813 ], [ -58.726806640999939, -38.585510253999928 ], [ -58.728088378999871, -38.585876464999842 ], [ -58.733703612999875, -38.587097167999957 ], [ -58.736206054999968, -38.587890624999886 ], [ -58.740173339999956, -38.589172362999875 ], [ -58.746582030999889, -38.591369628999871 ], [ -58.752197265999882, -38.593322753999928 ], [ -58.759094237999875, -38.595886230000019 ], [ -58.764709472999812, -38.597778319999975 ], [ -58.768920897999806, -38.598693847999868 ], [ -58.769775391, -38.598999022999806 ], [ -58.777893065999763, -38.601196288999802 ], [ -58.779602050999927, -38.601806640999939 ], [ -58.781494140999826, -38.602478026999904 ], [ -58.783081054999855, -38.602905272999806 ], [ -58.785400390999882, -38.603576659999931 ], [ -58.787902831999816, -38.604309081999872 ], [ -58.79357910199991, -38.606201171999942 ], [ -58.798400878999814, -38.607910155999946 ], [ -58.802185058999896, -38.609680175999927 ], [ -58.804504394999867, -38.610290526999904 ], [ -58.806091308999896, -38.610595702999831 ], [ -58.807617187999938, -38.611206054999968 ], [ -58.809082031, -38.61218261699986 ], [ -58.811096190999933, -38.613098144999867 ], [ -58.81427001999981, -38.614318847999868 ], [ -58.815429687999938, -38.614990234 ], [ -58.81640625, -38.615478515999882 ], [ -58.81817626999981, -38.61608886699986 ], [ -58.8195190429999, -38.61688232399996 ], [ -58.821899413999859, -38.617919921999828 ], [ -58.823303222999755, -38.618591308999953 ], [ -58.826416015999826, -38.620727538999972 ], [ -58.827501607224292, -38.621927402689096 ], [ -58.831253231802293, -38.622974018974048 ], [ -58.83172607399996, -38.622985839999956 ], [ -58.832649040429772, -38.623363417222663 ], [ -58.844753162628081, -38.626740186711231 ], [ -58.87354595804095, -38.633103788285212 ], [ -58.877854876684012, -38.633527397307546 ], [ -58.870406518875143, -38.609785287280602 ], [ -58.870496866462986, -38.609670821966063 ], [ -58.885534587150119, -38.60581728839577 ], [ -58.885540752328893, -38.60194885509992 ], [ -58.885548175851852, -38.597588510252251 ], [ -58.885549076826351, -38.594646301831006 ], [ -58.888452083058553, -38.595128551521839 ], [ -58.907987417723064, -38.574821321042066 ], [ -58.908012702433552, -38.574816152297274 ], [ -58.908052427428402, -38.574785186114298 ], [ -58.923301732730806, -38.572010440326608 ], [ -58.946913881210548, -38.567742557003385 ], [ -58.953477591330852, -38.566377689027945 ], [ -58.95353932690557, -38.566363498879696 ], [ -58.965331539397823, -38.563906281810318 ], [ -58.965329071346105, -38.563895549936547 ], [ -58.988099686971964, -38.556413663382955 ], [ -58.99364097680251, -38.548498552107503 ], [ -58.993678124475821, -38.548469417505089 ], [ -59.020000535674512, -38.542550237888179 ], [ -59.042916546453682, -38.5378551677818 ], [ -59.042972194779452, -38.537837048336371 ], [ -59.046208516381455, -38.538334681215872 ], [ -59.087262611621156, -38.529818871610587 ], [ -59.078692681755172, -38.525319319977996 ], [ -59.078711243113048, -38.52530482584541 ], [ -59.05689190973402, -38.514517881410484 ], [ -59.056889662706283, -38.513791057998901 ], [ -59.056834164209306, -38.513787859359127 ], [ -59.055790683461453, -38.513838150534923 ], [ -59.055089811387461, -38.513781356432389 ], [ -59.03151739760051, -38.513691820493307 ], [ -59.031463970743971, -38.513710633215283 ], [ -58.998539045257417, -38.505675914948711 ], [ -58.981198531327607, -38.487282969848422 ], [ -58.979250243724948, -38.486416693699653 ], [ -58.971856487288619, -38.486558074795369 ], [ -58.970622407076974, -38.487868388456491 ], [ -58.970353467183998, -38.487942296615927 ], [ -58.957380026494775, -38.48962551188157 ], [ -58.95735034983295, -38.489629436406972 ], [ -58.947093509654678, -38.488403942385617 ], [ -58.932468268506113, -38.495101057484874 ], [ -58.936999418009464, -38.503182652292821 ], [ -58.9287415209036, -38.507001716584398 ], [ -58.925599786823057, -38.506608347547854 ], [ -58.925583528619654, -38.506608625765125 ], [ -58.918108846262498, -38.505650519109963 ], [ -58.915602932071863, -38.500019439882351 ], [ -58.913339629854761, -38.499701439173009 ], [ -58.916478353754201, -38.495807918550383 ], [ -58.923980559573295, -38.492124405410834 ], [ -58.924017601412118, -38.492165221843379 ], [ -58.925457527947287, -38.492556951002769 ], [ -58.930135081090839, -38.493632659883076 ], [ -58.930142409154882, -38.49362958149743 ], [ -58.928402335266867, -38.487767851467822 ], [ -58.92837182845318, -38.487743630842658 ], [ -58.928096412726518, -38.48667381935411 ], [ -58.928258836710484, -38.484327806348801 ], [ -58.931561483012047, -38.480749693369319 ], [ -58.931596502646073, -38.480750586225838 ], [ -58.935323696418095, -38.477083966313444 ], [ -58.938759665035548, -38.473167395165945 ], [ -58.938759910393856, -38.473157809786812 ], [ -58.934511120595744, -38.473086613864609 ], [ -58.9344644661129, -38.473104829074259 ], [ -58.928454813214728, -38.473416050584603 ], [ -58.918709387321258, -38.47363946322298 ], [ -58.917369452094135, -38.473604339064366 ], [ -58.910653152293548, -38.473393898309666 ], [ -58.910651876114287, -38.473435085317249 ], [ -58.909753882630184, -38.473455869737222 ], [ -58.909689267127646, -38.473427714894058 ], [ -58.90678907891504, -38.47540434500371 ], [ -58.904725285335473, -38.475572579406105 ], [ -58.904707118124236, -38.475579805192012 ], [ -58.902606326753812, -38.475663022241008 ], [ -58.900838838900199, -38.472566017262409 ], [ -58.900830036034904, -38.472559038375948 ], [ -58.900737659291508, -38.472373365024964 ], [ -58.905655427579916, -38.465288143227042 ], [ -58.913376173713175, -38.459875775937405 ], [ -58.928911247789131, -38.463057651076952 ], [ -58.925701174880942, -38.436407448012005 ], [ -58.934467628837979, -38.415723696385783 ], [ -58.945978199811179, -38.401330526552215 ], [ -58.946012877450244, -38.401303569039897 ], [ -58.946040637689691, -38.401303780992578 ], [ -58.970686193292522, -38.401388729591474 ], [ -58.970685922414077, -38.401437481161906 ], [ -58.970794748506307, -38.401435387561662 ], [ -58.970856822945848, -38.401435761962375 ], [ -58.970885346151078, -38.401428245452735 ], [ -58.970955273183222, -38.401437399752979 ], [ -58.970955424547924, -38.401437344584338 ], [ -58.970972297283481, -38.40143903561227 ], [ -58.970922199587733, -38.401357046040062 ], [ -58.971071664251383, -38.401191877699262 ], [ -58.97119270859605, -38.400895255566979 ], [ -58.989962782881321, -38.354356875668259 ], [ -58.989994185185708, -38.354332608879076 ], [ -58.99416162637192, -38.343773598168468 ], [ -58.994213786927787, -38.343773537597031 ], [ -58.995226533001016, -38.341197488236332 ], [ -58.996324171338301, -38.338377088704704 ], [ -58.996324137040403, -38.338355992147683 ], [ -58.99629418435768, -38.338360868083953 ], [ -58.989332632193793, -38.341039317558909 ], [ -58.989337649155914, -38.341070227085822 ], [ -58.989329917246664, -38.34107462327654 ], [ -58.975794310892525, -38.346293694693259 ], [ -58.975782664094311, -38.346286445291639 ], [ -58.975763169118295, -38.346317760152488 ], [ -58.928431353348515, -38.351691374512541 ], [ -58.912679051512328, -38.354772381884004 ], [ -58.903198729761584, -38.364935211986335 ], [ -58.898393849749596, -38.375419147287062 ], [ -58.898376350692615, -38.375432574263641 ], [ -58.884049434022472, -38.371235521793551 ], [ -58.884017678122746, -38.371210451732679 ], [ -58.878372460010155, -38.371184573819619 ], [ -58.857465164614382, -38.370988906850528 ], [ -58.85743314520397, -38.370988527364887 ], [ -58.857271436466647, -38.382968988366144 ], [ -58.857216824202453, -38.383010813454291 ], [ -58.857190954833641, -38.384803677311083 ], [ -58.857186058991545, -38.384807513125565 ], [ -58.834585003173459, -38.384434700511974 ], [ -58.834560616509293, -38.38443443930538 ], [ -58.818224695351205, -38.384361603240734 ], [ -58.812409840772375, -38.381254279565667 ], [ -58.797954572102526, -38.38503277405789 ], [ -58.797915235358573, -38.385063288388835 ], [ -58.802215787671003, -38.396819972221294 ], [ -58.802214049596955, -38.396859508074272 ], [ -58.802227818355163, -38.396859665778777 ], [ -58.801948538239174, -38.399665540777619 ], [ -58.80103829005418, -38.399818105175427 ], [ -58.801034245839844, -38.399820962319552 ], [ -58.797744721448566, -38.402180834402316 ], [ -58.78672938446914, -38.414555175379178 ], [ -58.776335994250019, -38.418001163029487 ], [ -58.763612805002765, -38.391715463624848 ], [ -58.763659240034315, -38.391714943329021 ], [ -58.765639213991733, -38.385075868600836 ], [ -58.765596272199218, -38.385034665255034 ], [ -58.762367123454624, -38.384847113695344 ], [ -58.756853576124911, -38.385415399958788 ], [ -58.756816863838708, -38.385413689618133 ], [ -58.751872201335118, -38.38649994306428 ], [ -58.751559631397356, -38.385425398526309 ], [ -58.752020047029646, -38.381986408228443 ], [ -58.752394473967513, -38.38158281940963 ], [ -58.764426247664289, -38.37342529565916 ], [ -58.749725106372409, -38.366113334902309 ], [ -58.748564655075654, -38.353225141256473 ], [ -58.746825541858016, -38.348941654344003 ], [ -58.743247383057394, -38.334867561430599 ], [ -58.747117423736881, -38.324517047829715 ], [ -58.754895427249892, -38.311028069894007 ], [ -58.754872909086373, -38.311001889217891 ], [ -58.755571101401074, -38.300806545787452 ], [ -58.762650774435485, -38.28239091817693 ], [ -58.767663118194207, -38.271408933846146 ], [ -58.77333510135901, -38.249670477003178 ], [ -58.773337017169183, -38.249660227356344 ], [ -58.773136456767133, -38.249615984420188 ], [ -58.773208454555856, -38.245054174099153 ], [ -58.773387657458841, -38.242817267079261 ], [ -58.773421671832125, -38.242803197785634 ], [ -58.782652736314333, -38.2354630203086 ], [ -58.784536030632182, -38.232703606342113 ], [ -58.784582625104463, -38.232741737634456 ], [ -58.784597767142373, -38.232730274543883 ], [ -58.788298754658854, -38.232927688731365 ], [ -58.788331444748394, -38.232241947472744 ], [ -58.788359656368414, -38.232221363202996 ], [ -58.78836028227073, -38.232194150579289 ], [ -58.788104132623403, -38.227311472993051 ], [ -58.787669625055855, -38.217791720821765 ], [ -58.787653027901968, -38.217791326836391 ], [ -58.787520311248841, -38.214346401205148 ], [ -58.788071469318766, -38.212429206769229 ], [ -58.788126938052926, -38.212385918641132 ], [ -58.790014498787741, -38.212374098256987 ], [ -58.790014508822651, -38.212400745635534 ], [ -58.79004743473763, -38.212400680505141 ], [ -58.792157689974317, -38.212408277670249 ], [ -58.792162535138857, -38.210746078752607 ], [ -58.792162852129991, -38.210728592976238 ], [ -58.792140319046439, -38.210728148385101 ], [ -58.792166171700046, -38.209804994831529 ], [ -58.7922250759093, -38.209760612549758 ], [ -58.792944141717783, -38.20976765910126 ], [ -58.793430039866337, -38.209773670211916 ], [ -58.803440545491128, -38.209919130457365 ], [ -58.811007887869437, -38.209980449211514 ], [ -58.813645585970391, -38.209997255603469 ], [ -58.817691475125969, -38.210068535964353 ], [ -58.817726300092204, -38.210068998493114 ], [ -58.817753786303626, -38.210047715689313 ], [ -58.818197232704108, -38.210048333666009 ], [ -58.81819768553089, -38.210022415539356 ], [ -58.818329060290466, -38.204385216389028 ], [ -58.818443078938174, -38.196680039239141 ], [ -58.818478719476389, -38.19665307928949 ], [ -58.820820297334933, -38.196715467975935 ], [ -58.820856287513777, -38.196688200472863 ], [ -58.823888515356714, -38.196723155232462 ], [ -58.823888711282166, -38.196710701905658 ], [ -58.823935058553047, -38.196711386178322 ], [ -58.824116008908447, -38.186458759815366 ], [ -58.823624378403338, -38.186493469909806 ], [ -58.823596464473439, -38.186471845313747 ], [ -58.824204272219276, -38.174409236335748 ], [ -58.824258629221447, -38.174410708060805 ], [ -58.824260074715937, -38.174367324880905 ], [ -58.824451722568256, -38.172746862446445 ], [ -58.824442352387109, -38.172742370075639 ], [ -58.82322341927852, -38.172767661137584 ], [ -58.823413410167518, -38.170880850319691 ], [ -58.823404744759728, -38.17088058111085 ], [ -58.824785962302997, -38.15915519046024 ], [ -58.82441515496015, -38.159106311508253 ], [ -58.823967244198229, -38.159127818245622 ], [ -58.823951661193917, -38.159114699577799 ], [ -58.824136153017321, -38.154354914619887 ], [ -58.824513551827238, -38.154364329196653 ], [ -58.824514053631674, -38.154346777930073 ], [ -58.824848634431987, -38.145751687248151 ], [ -58.825096381228946, -38.13898880749133 ], [ -58.825275802949704, -38.134950610623832 ], [ -58.825282933697906, -38.13493982289117 ], [ -58.825284036170842, -38.134901688563104 ], [ -58.825403426974844, -38.131819575237387 ], [ -58.825326858668461, -38.131817365371319 ], [ -58.82562429113068, -38.12528593513548 ], [ -58.825903534798897, -38.116479445023856 ], [ -58.826620641815566, -38.116495460197143 ], [ -58.827200354728973, -38.116485093622316 ], [ -58.829401363562397, -38.106626520736995 ], [ -58.82936619202178, -38.106596972298348 ], [ -58.823676478516916, -38.103641218394614 ], [ -58.823656414591198, -38.103624352270799 ], [ -58.822968171193793, -38.101001763242209 ], [ -58.824499810148666, -38.097706465600481 ], [ -58.824527122394841, -38.097686303761009 ], [ -58.824980013090624, -38.097688650493239 ], [ -58.82869913852187, -38.098505317653974 ], [ -58.828698022677031, -38.098545647219908 ], [ -58.828748889078611, -38.098547053558434 ], [ -58.830335552278484, -38.098903582768287 ], [ -58.830343627113166, -38.098903782469279 ], [ -58.83030759041543, -38.097936015920936 ], [ -58.830457313109832, -38.094192144803401 ], [ -58.830408621121649, -38.094151296935536 ], [ -58.830708265367036, -38.083800042727603 ], [ -58.830686013505897, -38.083781289174055 ], [ -58.830740531373976, -38.081502383026361 ], [ -58.812464519230673, -38.081926718317447 ], [ -58.812019438722132, -38.081937488855488 ], [ -58.811654402347131, -38.081968648029772 ], [ -58.805207946767837, -38.082078812788325 ], [ -58.7897044938112, -38.093058788919734 ], [ -58.789703313917869, -38.093059668605918 ], [ -58.789584343831393, -38.093091903250922 ], [ -58.789532612274854, -38.093106275033904 ], [ -58.789305232293259, -38.092997545458161 ], [ -58.786036437520067, -38.091892483164372 ], [ -58.783394329754685, -38.090171047732838 ], [ -58.781721792689325, -38.0904753732014 ], [ -58.781088762801971, -38.089320050145375 ], [ -58.773241267369826, -38.086423495927704 ], [ -58.771065436348522, -38.088087054242123 ], [ -58.768705178842538, -38.081478110145952 ], [ -58.7712659783802, -38.075761116877288 ], [ -58.769706171835821, -38.050509051886934 ], [ -58.763359179718634, -38.044549460896746 ], [ -58.760699188305978, -38.040753011981224 ], [ -58.760660678892975, -38.040735745427185 ], [ -58.758008665216209, -38.040372876610832 ], [ -58.757975267241534, -38.040362926198725 ], [ -58.753104066598951, -38.034535438362525 ], [ -58.75021339395164, -38.029729503943372 ], [ -58.750203867345931, -38.029698556123435 ], [ -58.749206392083011, -38.027041359738178 ], [ -58.748668838689809, -38.021963651421629 ], [ -58.760846360256664, -37.996427756540584 ], [ -58.759815954124349, -37.992242529699752 ], [ -58.757760648121916, -37.986448018367412 ], [ -58.777209955879187, -37.977518742585232 ], [ -58.789675446577519, -37.981211224036883 ], [ -58.78971368942365, -37.981182296030397 ], [ -58.79730334126765, -37.967820646462201 ], [ -58.798181337981646, -37.967972867442484 ], [ -58.798183951819055, -37.967968471364031 ], [ -58.810515563366891, -37.971537765599578 ], [ -58.811403088986822, -37.969863777506703 ], [ -58.811441741067881, -37.969815034967723 ], [ -58.812770953181769, -37.968053337387914 ], [ -58.810864453121212, -37.96344092823108 ], [ -58.814046710727609, -37.953996377563328 ], [ -58.811304872950416, -37.95349332458386 ], [ -58.803766751322541, -37.945074718883575 ], [ -58.803567481979542, -37.944922617762018 ], [ -58.795897633766572, -37.932685377971211 ], [ -58.776530225328713, -37.902895294812254 ], [ -58.774720035049597, -37.898493099669679 ], [ -58.774558858732064, -37.8971012991355 ], [ -58.7768934402431, -37.896928827093689 ], [ -58.777952053169315, -37.897269633169685 ], [ -58.779362316421725, -37.897711029104585 ], [ -58.779372897713642, -37.897719891302415 ], [ -58.782407379561903, -37.898686655434176 ], [ -58.800547968045123, -37.905078347011795 ], [ -58.800590408967253, -37.905113913898049 ], [ -58.806697095169568, -37.906434614246564 ], [ -58.80296467760968, -37.896163885637463 ], [ -58.802962938237897, -37.896142717641851 ], [ -58.804260170209716, -37.893610058251738 ], [ -58.80370760430327, -37.892889042450349 ], [ -58.803689610505955, -37.892873928599727 ], [ -58.803862262748225, -37.88860220720187 ], [ -58.805374135869101, -37.890368924752977 ], [ -58.808696617294686, -37.886283713878697 ], [ -58.860583291606929, -37.839157601386603 ], [ -58.88055682785, -37.845528137031124 ], [ -58.883381913986057, -37.846147375888734 ], [ -58.892006586640775, -37.848792991032497 ], [ -58.892032525806144, -37.848820958976717 ], [ -58.902339822138629, -37.859062953924877 ], [ -58.902353085454649, -37.859113511858084 ], [ -58.910199177765719, -37.876107104413791 ], [ -58.910873972363447, -37.880271420009876 ], [ -58.911048156305981, -37.8803848496824 ], [ -58.912372365405588, -37.880703496501098 ], [ -58.915154256241522, -37.88277248772124 ], [ -58.915168210215029, -37.88276472792387 ], [ -58.917482006766022, -37.881554672327809 ], [ -58.916657269879693, -37.878748349402201 ], [ -58.916245180673627, -37.876942466529101 ], [ -58.921899438012247, -37.864828732989452 ], [ -58.922442696565042, -37.862080035413044 ], [ -58.922344141897895, -37.86153972047299 ], [ -58.925991471446935, -37.853451854271043 ], [ -58.93024192533602, -37.852617364233026 ], [ -58.937806590783225, -37.839363167323029 ], [ -58.93674766785017, -37.827088494896032 ], [ -58.950093476320262, -37.818565913678299 ], [ -58.936078853978415, -37.814376785440686 ], [ -58.936067562089477, -37.814366557251276 ], [ -58.933272496635539, -37.812246038899673 ], [ -58.933817937776098, -37.784789384166515 ], [ -58.933940327515018, -37.784662679190319 ], [ -58.933919618009725, -37.784617319530298 ], [ -58.965715057424916, -37.782186257138733 ], [ -58.970564364507936, -37.780920087587447 ], [ -58.972591896240374, -37.781425903975787 ], [ -58.980450562729857, -37.778166562940612 ], [ -58.994293696758291, -37.781528107631459 ], [ -58.994757678155395, -37.782916656221801 ], [ -59.001993585709954, -37.784276828075178 ], [ -59.002091751729267, -37.784305646449695 ], [ -59.022145606515551, -37.777246220879817 ], [ -59.023600342354541, -37.774908536446219 ], [ -59.023640481116274, -37.774874363561537 ], [ -59.027814256365502, -37.766682905875655 ], [ -59.028797535110698, -37.766512133435924 ], [ -59.030011361582581, -37.761382278156077 ], [ -59.029957041947284, -37.761380202453608 ], [ -59.030163464693828, -37.760803365997674 ], [ -59.029120537485483, -37.760664809352932 ], [ -59.029175383959, -37.760621938374641 ], [ -59.021716886613547, -37.760138501075005 ], [ -59.018219496060738, -37.727956605613542 ], [ -59.023483915478494, -37.731592246368393 ], [ -59.022526858912386, -37.727110391640053 ], [ -59.057755744815438, -37.711848824252797 ], [ -59.060429767536732, -37.709814463859402 ], [ -59.067665588864884, -37.711171500645378 ], [ -59.066964785872017, -37.705285210341572 ], [ -59.060564831743136, -37.685028810868403 ], [ -59.060564649070784, -37.685028152607231 ], [ -59.060564262052253, -37.685028410786913 ], [ -59.060477680960162, -37.684888794003655 ], [ -59.060470287361113, -37.684811589883907 ], [ -59.060539880104159, -37.684710555957452 ], [ -59.061569795899402, -37.682962876893043 ], [ -59.099991579259324, -37.61495108847754 ], [ -59.100408975990376, -37.614816253130584 ], [ -59.101849911995714, -37.614350773532692 ], [ -59.104214005637573, -37.609940938480804 ], [ -59.105151356682541, -37.60341155221289 ], [ -59.110738819030416, -37.579699141717924 ], [ -59.099969174119565, -37.57942273673109 ], [ -59.099588890070208, -37.548973044810054 ], [ -59.099600347470584, -37.548923351703024 ], [ -59.023778181146213, -37.491160000486104 ], [ -59.022294421834374, -37.483612494027909 ], [ -59.023562266792283, -37.482204243716239 ], [ -59.027356951637557, -37.481566407133414 ], [ -59.03555629196677, -37.472939041867846 ], [ -59.05407710991642, -37.473030063295823 ], [ -59.116595524473439, -37.460072694463179 ], [ -59.120969329586671, -37.460202538484509 ], [ -59.121002806211607, -37.46019159564969 ], [ -59.126877837143184, -37.455406721583302 ], [ -59.126918289552293, -37.455393556693934 ], [ -59.136649727685096, -37.456281278123015 ], [ -59.145038197502117, -37.471055815256136 ], [ -59.145387121986403, -37.474504726101941 ], [ -59.145474761554624, -37.474665457051003 ], [ -59.144711336139494, -37.47651839811607 ], [ -59.14812688790721, -37.484169773376607 ], [ -59.150447109105755, -37.489367451632688 ], [ -59.150355185552371, -37.48939299921318 ], [ -59.147241963618171, -37.489515488001189 ], [ -59.143974180888165, -37.489997362117606 ], [ -59.140253506805095, -37.490359431920808 ], [ -59.140238751349159, -37.490347413263805 ], [ -59.140217063078126, -37.490360004721822 ], [ -59.140203252945923, -37.490347252657102 ], [ -59.13967611921538, -37.490440182599741 ], [ -59.136267081520202, -37.510978164534436 ], [ -59.140868921365211, -37.540460708929345 ], [ -59.138698724110611, -37.549362818657187 ], [ -59.138720246095431, -37.549388832003444 ], [ -59.157997288498905, -37.550039809812006 ], [ -59.177207734930846, -37.556682922626578 ], [ -59.18082299769236, -37.557199391281529 ], [ -59.180826912571888, -37.557248666684302 ], [ -59.189904488421803, -37.558640230811193 ], [ -59.19253435539315, -37.555001378103668 ], [ -59.192555775965559, -37.554989475571801 ], [ -59.194655401501905, -37.552376706610914 ], [ -59.2006125591451, -37.545890587567726 ], [ -59.202048955487669, -37.544462785138251 ], [ -59.207775052979684, -37.533623745660236 ], [ -59.207806905710527, -37.533608558472451 ], [ -59.215942487298491, -37.516884973046899 ], [ -59.218927023218669, -37.505069401868525 ], [ -59.218952830320177, -37.505050187481913 ], [ -59.227204259385189, -37.504822619619233 ], [ -59.232145190038807, -37.488128992954501 ], [ -59.227324214756891, -37.485571174889401 ], [ -59.251511222683064, -37.479682419227743 ], [ -59.25152889824858, -37.479681472411244 ], [ -59.252641068641083, -37.479992773942286 ], [ -59.252661818309662, -37.479991664339138 ], [ -59.252737203334789, -37.480019190248584 ], [ -59.252757601417841, -37.480022210342554 ], [ -59.26148581194559, -37.481887852760508 ], [ -59.271535986176048, -37.491882151850518 ], [ -59.271539151875743, -37.491903375343099 ], [ -59.271962958277356, -37.503409257442172 ], [ -59.285629585601328, -37.505774422034619 ], [ -59.285628390451734, -37.505782968136373 ], [ -59.291118253958189, -37.506250093996698 ], [ -59.293381544810472, -37.506352992720281 ], [ -59.293881401315105, -37.505151555030864 ], [ -59.293891381291019, -37.505142947785828 ], [ -59.309150583950441, -37.503500302518262 ], [ -59.30920811092426, -37.503546549206987 ], [ -59.310912590370037, -37.503938273296228 ], [ -59.311291025866751, -37.50223969755217 ], [ -59.311297832031642, -37.502210364059465 ], [ -59.322339921867012, -37.493200072154252 ], [ -59.322398885850475, -37.493186380479244 ], [ -59.326518385710472, -37.494255346168302 ], [ -59.329475431977983, -37.494440531400073 ], [ -59.329537897472505, -37.494426019207026 ], [ -59.329551319961524, -37.494432390087809 ], [ -59.332126712860031, -37.495318236626247 ], [ -59.335692797363265, -37.496550795341875 ], [ -59.338694675268187, -37.497493671461086 ], [ -59.342124712801819, -37.499198277286837 ], [ -59.350321194355217, -37.504380448076063 ], [ -59.350322860290419, -37.504382284733708 ], [ -59.352876135235306, -37.504927224105813 ], [ -59.353894177692212, -37.505314717998431 ], [ -59.353918433784202, -37.505321810800694 ], [ -59.356394431473575, -37.504867489572575 ], [ -59.362102138449586, -37.504320048769216 ], [ -59.367123914464969, -37.508288701779975 ], [ -59.370307842308478, -37.508447995053416 ], [ -59.37065500969544, -37.508321819461571 ], [ -59.370958808574699, -37.508569596132645 ], [ -59.371021410968012, -37.508523477547158 ], [ -59.371039137209664, -37.507909848928421 ], [ -59.371022943264109, -37.507909081409821 ], [ -59.371037183402393, -37.507757733187077 ], [ -59.371088354406368, -37.507703948090352 ], [ -59.37108846044805, -37.507701423236313 ], [ -59.371227966638628, -37.507684196970786 ], [ -59.371265977411497, -37.507679635007491 ], [ -59.372155886616213, -37.507854175036698 ], [ -59.372104718666947, -37.507907956922566 ], [ -59.389921609738508, -37.511710495629416 ], [ -59.401526132184188, -37.514223045443828 ], [ -59.403509876277326, -37.514497228679147 ], [ -59.403563523721687, -37.514487801045391 ], [ -59.404145418432506, -37.514625951708183 ], [ -59.402386291164134, -37.512404434014229 ], [ -59.402317728410935, -37.512371293800243 ], [ -59.394915648833944, -37.502781009493106 ], [ -59.38624209667131, -37.491706919258604 ], [ -59.384154176529307, -37.491737611954022 ], [ -59.384110098358917, -37.49167654533602 ], [ -59.383215913991478, -37.491590570099845 ], [ -59.382443673838793, -37.491712362617193 ], [ -59.38212487915888, -37.49302403781212 ], [ -59.382122599977038, -37.493066441439851 ], [ -59.380742935587648, -37.494807283845262 ], [ -59.380698719264444, -37.494828831483687 ], [ -59.380088786499982, -37.495259721424759 ], [ -59.378529923455517, -37.49501223405116 ], [ -59.376644365953325, -37.491960990824168 ], [ -59.371161574185521, -37.486118796671803 ], [ -59.367301456856183, -37.480275740765592 ], [ -59.362870693839682, -37.479322252147199 ], [ -59.362818827957085, -37.47928313596492 ], [ -59.357196400058626, -37.48001161508364 ], [ -59.348625053918227, -37.480323353675033 ], [ -59.348601303717828, -37.480308380484246 ], [ -59.346867582578909, -37.478858849377559 ], [ -59.345860572862136, -37.476457430626965 ], [ -59.333183182680614, -37.45233822475717 ], [ -59.325680377886613, -37.445050896503517 ], [ -59.324775134401932, -37.444933471265983 ], [ -59.303758770313095, -37.440816074446673 ], [ -59.299257632662147, -37.440494402204877 ], [ -59.298656449780594, -37.440022959391342 ], [ -59.291808969711667, -37.447813229046972 ], [ -59.289869230750128, -37.446880001679574 ], [ -59.289865761671592, -37.44687114827525 ], [ -59.289850483370401, -37.446855004310237 ], [ -59.28984630127519, -37.446846437700572 ], [ -59.289226825906326, -37.445894351046093 ], [ -59.28863943004103, -37.444101600916326 ], [ -59.290638796625501, -37.438262165164133 ], [ -59.290667767501702, -37.438263863017994 ], [ -59.294526403972043, -37.432791788249745 ], [ -59.29431481278732, -37.428415626239939 ], [ -59.294357930934495, -37.428371805792722 ], [ -59.294175228186987, -37.424719524814122 ], [ -59.29195307636229, -37.425332228427919 ], [ -59.291912993997926, -37.425337383133467 ], [ -59.29191672715217, -37.42536916968686 ], [ -59.290016553287046, -37.425848200495921 ], [ -59.289994725700126, -37.425866239027584 ], [ -59.284085853810211, -37.425651509738259 ], [ -59.271715772670632, -37.424606955330091 ], [ -59.268014285379024, -37.423973303849095 ], [ -59.268030922127423, -37.423937009969393 ], [ -59.266994057418231, -37.42406373831426 ], [ -59.266975020707889, -37.424054787304613 ], [ -59.266513973721544, -37.424368271787159 ], [ -59.266514668839079, -37.424428470639668 ], [ -59.264598942033558, -37.424459922876736 ], [ -59.263325976676356, -37.423760522389443 ], [ -59.26329551174797, -37.423734606047731 ], [ -59.261827201066751, -37.421619278127082 ], [ -59.261759492130807, -37.413008237999748 ], [ -59.261528612399616, -37.412303100783674 ], [ -59.26151586750882, -37.41229224001404 ], [ -59.258091777035588, -37.410020370310292 ], [ -59.256641729349155, -37.398054645110278 ], [ -59.256570064766777, -37.395541920931691 ], [ -59.258017558946392, -37.393263851663278 ], [ -59.250528579994409, -37.374202856504667 ], [ -59.249038939127047, -37.370538381738982 ], [ -59.248606108008346, -37.366937039796483 ], [ -59.248418280083968, -37.364257766171818 ], [ -59.242540444964504, -37.360534914805612 ], [ -59.231827650968967, -37.338212769155405 ], [ -59.232980541181803, -37.335763722788442 ], [ -59.226159274909946, -37.330582225807291 ], [ -59.227911370725167, -37.31742312946227 ], [ -59.228793495606567, -37.315381153651856 ], [ -59.228875573107644, -37.313487087843328 ], [ -59.228930956047805, -37.31348997872783 ], [ -59.228932924829564, -37.313445709222776 ], [ -59.228942306054364, -37.313249592018337 ], [ -59.228850536417838, -37.313258939745765 ], [ -59.228850290611433, -37.313258387959308 ], [ -59.220550218596884, -37.310410686058162 ], [ -59.219735272817559, -37.309241803580676 ], [ -59.217230092685497, -37.305025919475668 ], [ -59.215982559512497, -37.30291804860201 ], [ -59.213679700189061, -37.295825504077357 ], [ -59.21712259818662, -37.295381110919436 ], [ -59.217161064983713, -37.29535151637225 ], [ -59.223628648077522, -37.294813720909417 ], [ -59.223671473895081, -37.29481843009944 ], [ -59.227161743722547, -37.294317318463982 ], [ -59.23121693313135, -37.294905463154691 ], [ -59.232643238246624, -37.29531690968895 ], [ -59.232665478143929, -37.295365059898188 ], [ -59.232869291552902, -37.295703940943554 ], [ -59.233866357048782, -37.295784136428324 ], [ -59.233865728231081, -37.295828005024077 ], [ -59.233918492206271, -37.295828755118009 ], [ -59.234223366523793, -37.295862960789748 ], [ -59.234229337628562, -37.295863256571351 ], [ -59.235534589092822, -37.291965511499143 ], [ -59.238540763372271, -37.282857812778616 ], [ -59.230581604850613, -37.28020286504352 ], [ -59.222821723196034, -37.277373487567388 ], [ -59.223733572781043, -37.271095584478985 ], [ -59.223754711437266, -37.271063906602762 ], [ -59.223792856006924, -37.270459254618288 ], [ -59.223824910262181, -37.268197195352684 ], [ -59.223393531662396, -37.26673035140567 ], [ -59.22341147843747, -37.266491476154101 ], [ -59.22437311033417, -37.262897415305531 ], [ -59.224371697876279, -37.262897545223552 ], [ -59.224370453849986, -37.262840114648839 ], [ -59.221067085090738, -37.264624697138288 ], [ -59.219599809780505, -37.264518990963552 ], [ -59.219353035002371, -37.264682553214755 ], [ -59.219357527305192, -37.265898989160405 ], [ -59.21676417409185, -37.26777697186327 ], [ -59.216731048448366, -37.267826845063496 ], [ -59.215826143069023, -37.268408140882173 ], [ -59.210994928259595, -37.271393221369237 ], [ -59.207964642647994, -37.272840722973342 ], [ -59.207047621219317, -37.274658250905929 ], [ -59.202360217049431, -37.274797852896427 ], [ -59.201284359055308, -37.275210525469618 ], [ -59.201305481852216, -37.27532172129861 ], [ -59.20127733753344, -37.278538791774849 ], [ -59.195607886391201, -37.278102445716627 ], [ -59.195579809599394, -37.27807880736276 ], [ -59.194753725185876, -37.277228113138733 ], [ -59.194015774760032, -37.275624284850664 ], [ -59.193960684088893, -37.275620471282025 ], [ -59.192957797831411, -37.274753961943588 ], [ -59.189557347001141, -37.274607094700002 ], [ -59.189579374668995, -37.2745772708613 ], [ -59.190699663983423, -37.273451558755369 ], [ -59.189978560642089, -37.272888373016428 ], [ -59.189955616091027, -37.272868701186496 ], [ -59.187666688187448, -37.272087059026887 ], [ -59.187637241627158, -37.272060250228037 ], [ -59.185961700314692, -37.27145068939177 ], [ -59.185242015868539, -37.26269044746897 ], [ -59.185270740936005, -37.262678865268867 ], [ -59.181527910177181, -37.255025186793148 ], [ -59.181640683248588, -37.25370765949674 ], [ -59.179883481810123, -37.253672281101444 ], [ -59.179880201719584, -37.253667431928193 ], [ -59.177241454502962, -37.252909082810106 ], [ -59.177183522377732, -37.252953220417112 ], [ -59.176992552669844, -37.252864470727616 ], [ -59.176934906726387, -37.252908390736764 ], [ -59.148091650153788, -37.243541852221654 ], [ -59.146181929981651, -37.241526509200469 ], [ -59.14194573266019, -37.237750181238596 ], [ -59.139641840942886, -37.23301705433272 ], [ -59.132253925921191, -37.239464659972327 ], [ -59.132241708311767, -37.239466775680285 ], [ -59.129277000075149, -37.240026265904874 ], [ -59.12189187386565, -37.236025225927051 ], [ -59.120293670355579, -37.235493788884469 ], [ -59.118881733712612, -37.231726449205951 ], [ -59.115231858129334, -37.230956359282288 ], [ -59.115342030044474, -37.227686643928791 ], [ -59.107812217236642, -37.219167525228841 ], [ -59.105587293549661, -37.216650289847621 ], [ -59.101759447965321, -37.213204940087564 ], [ -59.100243674305318, -37.210012844919447 ], [ -59.099494710784427, -37.212375069706866 ], [ -59.099485913183912, -37.212386151827218 ], [ -59.098185825908843, -37.212470896540879 ], [ -59.090791052234465, -37.214931169288718 ], [ -59.086493505120188, -37.213233029549315 ], [ -59.084546189462685, -37.211664064613217 ], [ -59.082121290001623, -37.210084242617143 ], [ -59.078031300359271, -37.207275093437659 ], [ -59.077321290215536, -37.207148209888203 ], [ -59.073362557563883, -37.204963084324504 ], [ -59.068359582199946, -37.202231737355817 ], [ -59.070268047688614, -37.205311336569139 ], [ -59.073657905382788, -37.210316342009946 ], [ -59.073875854377832, -37.210924886313592 ], [ -59.074227979375962, -37.214733386726152 ], [ -59.0720558920043, -37.2182111916905 ], [ -59.072271723467338, -37.219415964135351 ], [ -59.079175291980448, -37.225683709182192 ], [ -59.079166614675444, -37.225690158906787 ], [ -59.080307402188055, -37.226780817669635 ], [ -59.080397200925404, -37.226840521336101 ], [ -59.080591061953726, -37.227034843602837 ], [ -59.083247985088178, -37.231555734026074 ], [ -59.088950084725468, -37.241260800731027 ], [ -59.089373781073846, -37.241979091130361 ], [ -59.089262984530535, -37.242325701834943 ], [ -59.089204736097884, -37.242506029852791 ], [ -59.086283167072338, -37.251612968911502 ], [ -59.086283261265351, -37.251641088272095 ], [ -59.084824723673137, -37.255947857662989 ], [ -59.083680585709828, -37.258495214533866 ], [ -59.073785719792511, -37.25669409625624 ], [ -59.061194736604989, -37.25570786028976 ], [ -59.051708739923242, -37.251116400966964 ], [ -59.04949671489652, -37.247806590996788 ], [ -59.042430778329049, -37.241815207948775 ], [ -59.043305785091718, -37.239591001904444 ], [ -59.043249990552169, -37.239599017800401 ], [ -59.043237625218524, -37.239599356698193 ], [ -59.038415332449858, -37.240458679365702 ], [ -59.038415573720329, -37.240483831972654 ], [ -59.035763859801136, -37.24088152343711 ], [ -59.0357432024486, -37.240880370416392 ], [ -59.028281419317466, -37.238906066982167 ], [ -59.027404347257175, -37.238879362385489 ], [ -59.027395940619385, -37.238885625936064 ], [ -59.025434837209957, -37.244029930794341 ], [ -59.020157003719589, -37.247718644082397 ], [ -59.016139360765806, -37.252076593025436 ], [ -59.012968179108611, -37.252969108859475 ], [ -59.001559121179923, -37.251333011426823 ], [ -58.999062344608035, -37.251248706850447 ], [ -58.999046555992209, -37.251260302310243 ], [ -58.999300848086421, -37.251873248728657 ], [ -58.999283216457002, -37.251886198971874 ], [ -58.998739422183576, -37.251237789787979 ], [ -58.998724206024235, -37.251248965894149 ], [ -58.996889810676237, -37.25117521490273 ], [ -58.991438498393791, -37.264261973562498 ], [ -58.991401853777177, -37.264288884638631 ], [ -58.982486255326137, -37.267377501860324 ], [ -58.982455015434311, -37.267380107578788 ], [ -58.969015616567901, -37.265379149120349 ], [ -58.960194382218617, -37.26411277455901 ], [ -58.954515327444369, -37.263525496660009 ], [ -58.950575867391876, -37.265976137186954 ], [ -58.93650129233464, -37.270375847639173 ], [ -58.932643124348544, -37.271603594804276 ], [ -58.92749478274493, -37.272462947385804 ], [ -58.920070361533874, -37.269221616981042 ], [ -58.910787399224887, -37.267180162511465 ], [ -58.910836524920398, -37.267119702303148 ], [ -58.910841474422114, -37.267023396499383 ], [ -58.910741488394194, -37.267066924630683 ], [ -58.910680077658071, -37.267084572134422 ], [ -58.910505220391826, -37.267160914612703 ], [ -58.893661950773662, -37.274590344269711 ], [ -58.893618122593182, -37.274603056368107 ], [ -58.878215077104699, -37.275092267350033 ], [ -58.878281195476802, -37.275191315566531 ], [ -58.878279854227003, -37.275194894891001 ], [ -58.887491555813256, -37.285258703486022 ], [ -58.885373847168012, -37.287399436416933 ], [ -58.889208156498853, -37.292037356231276 ], [ -58.888058785388921, -37.293178634730623 ], [ -58.887701909953137, -37.294450932135192 ], [ -58.886382567357259, -37.294628552216238 ], [ -58.88341593562933, -37.294999815056542 ], [ -58.876636323349828, -37.29331206449092 ], [ -58.876619970533682, -37.293300169618192 ], [ -58.871673200504972, -37.290222705193287 ], [ -58.865143427269402, -37.286099917261026 ], [ -58.861052624462616, -37.287085192937525 ], [ -58.85247723441023, -37.268604850560791 ], [ -58.858846877959991, -37.268585553145385 ], [ -58.852190477801912, -37.261235262435434 ], [ -58.850750014771108, -37.259546825679706 ], [ -58.849840938147338, -37.258650613092584 ], [ -58.848561807172189, -37.258392449901805 ], [ -58.83907958790229, -37.256128330488764 ], [ -58.831454748081171, -37.242971256421015 ], [ -58.829724464448873, -37.238881527298531 ], [ -58.824063038527129, -37.24121385925838 ], [ -58.813633934836901, -37.238371808722491 ], [ -58.809050919613924, -37.238190277310082 ], [ -58.808128743783811, -37.23827063566614 ], [ -58.808121329146729, -37.238268300039692 ], [ -58.807467449343278, -37.238326940541242 ], [ -58.800628620407224, -37.237759345879567 ], [ -58.789973300150109, -37.238795656463765 ], [ -58.788320359794113, -37.231916760486115 ], [ -58.788445315660397, -37.219254980259848 ], [ -58.788065262773273, -37.216898809732811 ], [ -58.78907579314847, -37.214435697448266 ], [ -58.790775476857107, -37.210281049240791 ], [ -58.7836807500492, -37.212837447844777 ], [ -58.783623703291028, -37.212834505122999 ], [ -58.78418750204645, -37.207184342080666 ], [ -58.785443558328097, -37.200324704141622 ], [ -58.74129931555143, -37.160574920210763 ], [ -58.739412326390777, -37.161382764215887 ], [ -58.739362118700058, -37.161414113036813 ], [ -58.734466614446433, -37.157765727941978 ], [ -58.704980546840659, -37.150854518344772 ], [ -58.688243173904596, -37.142018342445795 ], [ -58.691166537660365, -37.131830591078653 ], [ -58.694637192052255, -37.130033022180385 ], [ -58.698282439137301, -37.120990554198613 ], [ -58.704943968096359, -37.102352268252446 ], [ -58.713633587029392, -37.082910167026967 ], [ -58.714615043706033, -37.079061429661522 ], [ -58.71427818774805, -37.074986687662772 ], [ -58.725878906676371, -37.068665669996619 ], [ -58.796926137236255, -37.067463441881159 ], [ -58.796877692382168, -37.049631550546053 ], [ -58.808346963522524, -37.028367653121052 ], [ -58.819367422968355, -36.992544809311369 ], [ -58.834164966348055, -36.978705766659687 ], [ -58.840356462493958, -36.979255584168982 ], [ -58.84102140782494, -36.976019924648597 ], [ -58.847500764235122, -36.963942042380495 ], [ -58.867218823317842, -36.932463872119229 ], [ -58.881373025763537, -36.919689187744552 ], [ -58.888753265664775, -36.915688296568533 ], [ -58.888767331743111, -36.915679589061199 ], [ -58.890051596287947, -36.91438474985199 ], [ -58.890052436875294, -36.914373056735656 ], [ -58.893783281143783, -36.910562717907283 ], [ -58.905234527758523, -36.909388412328553 ], [ -58.905264882968254, -36.90936949867114 ], [ -58.90575055077403, -36.908148403445978 ], [ -58.906682945379032, -36.897571066783769 ], [ -58.910611241755248, -36.89344122504059 ], [ -58.910668869940196, -36.893405493389082 ], [ -58.91080855490884, -36.893197266403945 ], [ -58.910867972572078, -36.893160417119759 ], [ -58.9117930643813, -36.892236028302193 ], [ -58.911801244793821, -36.892186194722342 ], [ -58.912125665069084, -36.891845228735008 ], [ -58.911692230895824, -36.892043958924091 ], [ -58.910864594830741, -36.892058608797754 ], [ -58.910799840345589, -36.892098769118718 ], [ -58.907382488877545, -36.892654519955784 ], [ -58.907324750214286, -36.892690327968012 ], [ -58.906425409541839, -36.892780139723186 ], [ -58.906369767125909, -36.892814640122765 ], [ -58.906378882615286, -36.892824825119533 ], [ -58.893335299210094, -36.89507645124786 ], [ -58.893306048864133, -36.895094666125431 ], [ -58.892051148058613, -36.895295618380203 ], [ -58.892880951534494, -36.900492937325907 ], [ -58.892873481841548, -36.90053181095368 ], [ -58.883436786902223, -36.904785869149975 ], [ -58.883395892026897, -36.904811233430507 ], [ -58.879060582340117, -36.906757938328496 ], [ -58.879021204839205, -36.906763634544632 ], [ -58.864618332282987, -36.910977037506711 ], [ -58.864618818715655, -36.910980410211494 ], [ -58.862479021648312, -36.91183925117349 ], [ -58.845902090962738, -36.919074316278738 ], [ -58.826430817346193, -36.927060346844655 ], [ -58.820172260344918, -36.935397875870763 ], [ -58.820117220420286, -36.935431915859795 ], [ -58.81085568931212, -36.939164297437571 ], [ -58.798715375182041, -36.943583186626711 ], [ -58.768741339643213, -36.935178169867072 ], [ -58.765354945143827, -36.936020097334449 ], [ -58.762427593477582, -36.936906921801267 ], [ -58.762377955198758, -36.936924373781665 ], [ -58.760500193919654, -36.937191080366745 ], [ -58.760489901156063, -36.937195973022028 ], [ -58.755463368830135, -36.938617361387855 ], [ -58.727006716216636, -36.946089319199814 ], [ -58.722346784286685, -36.946215764973658 ], [ -58.647484607215063, -36.941935615387877 ], [ -58.643817711028817, -36.942778688373608 ], [ -58.632440454488517, -36.960178567306571 ], [ -58.614395447183881, -36.931698187169957 ], [ -58.614356737195237, -36.931665763428896 ], [ -58.613674007632653, -36.917007581214307 ], [ -58.599979785388484, -36.922325629861007 ], [ -58.594441510600802, -36.92258598169542 ], [ -58.577156991080358, -36.921429756323789 ], [ -58.561562306913515, -36.910505440812472 ], [ -58.552258506034491, -36.902675768288134 ], [ -58.563827051394867, -36.897453304824126 ], [ -58.580119722182872, -36.890730751749174 ], [ -58.580167086383938, -36.890771386907545 ], [ -58.587930342261131, -36.892506983141743 ], [ -58.587988662835016, -36.892504233560715 ], [ -58.588184369359681, -36.892543471719478 ], [ -58.588109335501542, -36.892284827447725 ], [ -58.588049589738091, -36.892234080387482 ], [ -58.585715986724949, -36.883453381343429 ], [ -58.585676210646966, -36.883452896509311 ], [ -58.580624550559833, -36.869966228484827 ], [ -58.58285382192787, -36.849951155142264 ], [ -58.589854250727967, -36.840112894890297 ], [ -58.589897845082874, -36.840129849691436 ], [ -58.590955612559583, -36.839903909925397 ], [ -58.59110409025709, -36.839762100788164 ], [ -58.592603894752074, -36.83879349211395 ], [ -58.591938865907309, -36.838037771496374 ], [ -58.591388642782476, -36.833084746750501 ], [ -58.591364477380353, -36.833073726539681 ], [ -58.587678224041042, -36.833345538463163 ], [ -58.583378258208484, -36.825624576562234 ], [ -58.57662250233227, -36.816019713202706 ], [ -58.576625453528152, -36.816007490501818 ], [ -58.576062217103015, -36.813605696539241 ], [ -58.576060749719318, -36.81358980595104 ], [ -58.576019457633038, -36.813479624690899 ], [ -58.576016456889818, -36.813463774085562 ], [ -58.575789170031669, -36.812902483619098 ], [ -58.573320559573233, -36.807603709018736 ], [ -58.570071783842479, -36.799425666858951 ], [ -58.568942120466033, -36.788446353701829 ], [ -58.568474828778221, -36.780496033399345 ], [ -58.568192096517123, -36.776423478092681 ], [ -58.566749803101061, -36.764522791090087 ], [ -58.566762209235378, -36.764446325689391 ], [ -58.566564300653795, -36.761485026984815 ], [ -58.565940168044619, -36.764339360252961 ], [ -58.565066800780869, -36.764570320781274 ], [ -58.565029258662037, -36.764603192113611 ], [ -58.565056515055744, -36.764633717007314 ], [ -58.562279219310085, -36.770578257933948 ], [ -58.559129957059724, -36.776618144065537 ], [ -58.559073743460942, -36.776704786253617 ], [ -58.55804515262588, -36.779046493037413 ], [ -58.558042095107794, -36.779076437917297 ], [ -58.560827136126591, -36.785262617875901 ], [ -58.559158524309169, -36.79413032874578 ], [ -58.55915846029967, -36.794195591537914 ], [ -58.559144350231065, -36.795923773176014 ], [ -58.559155444917394, -36.795987338674195 ], [ -58.559160746456598, -36.796046308483938 ], [ -58.559177056336807, -36.796108931204799 ], [ -58.560309933967801, -36.802742491496019 ], [ -58.544431490125817, -36.811918123116641 ], [ -58.544441067886169, -36.811957978534281 ], [ -58.542209999293277, -36.819749296280008 ], [ -58.536590247036429, -36.826164386940548 ], [ -58.526168758337633, -36.830042652531461 ], [ -58.513125254803754, -36.828314716665773 ], [ -58.51312116577617, -36.828262535559759 ], [ -58.512231399381108, -36.82822523289758 ], [ -58.512126605829565, -36.827931951769983 ], [ -58.511261902565025, -36.828348431927395 ], [ -58.511239272926616, -36.828422816511193 ], [ -58.511750394118735, -36.829168686145636 ], [ -58.511980204104532, -36.8297447152828 ], [ -58.512018743434282, -36.829772207156395 ], [ -58.512008772800129, -36.829802311680169 ], [ -58.51103650264622, -36.832693626786977 ], [ -58.511020339537481, -36.832690011223463 ], [ -58.510506182942493, -36.832923011547109 ], [ -58.510494060443591, -36.83292755899879 ], [ -58.503424774565417, -36.835500749035646 ], [ -58.504974638101999, -36.839100617283066 ], [ -58.506230618882284, -36.843356554949139 ], [ -58.506236841322789, -36.843372112119653 ], [ -58.506862150493191, -36.84391065001995 ], [ -58.506872577989384, -36.844769399683969 ], [ -58.50686806197848, -36.844778442068787 ], [ -58.506847843684398, -36.84484435213335 ], [ -58.506627241115382, -36.845240545972786 ], [ -58.506609412244586, -36.845310910528838 ], [ -58.506364859571704, -36.846045379100417 ], [ -58.506259241661724, -36.846098988630274 ], [ -58.50580397661173, -36.846491737899726 ], [ -58.50580743414065, -36.846541004530366 ], [ -58.505709582824977, -36.848427395380895 ], [ -58.505745645101683, -36.848584495955208 ], [ -58.505756490529734, -36.848578494521007 ], [ -58.505834807050803, -36.848635342727164 ], [ -58.506705041287034, -36.85206263820595 ], [ -58.506686634554626, -36.852123242050482 ], [ -58.508864786887614, -36.860559626421377 ], [ -58.510913868779426, -36.884232984936773 ], [ -58.509130326171601, -36.886723869914533 ], [ -58.509115479367722, -36.886772116184773 ], [ -58.507505412097373, -36.88917201989625 ], [ -58.507276498524277, -36.889424017601982 ], [ -58.507261198689207, -36.889473470883729 ], [ -58.504894249495408, -36.892421377014216 ], [ -58.50346352777251, -36.894538229529815 ], [ -58.484496040897795, -36.917408037151063 ], [ -58.476403445827827, -36.924364480731811 ], [ -58.476374395865207, -36.924372816322773 ], [ -58.456466623042104, -36.927035195530095 ], [ -58.454982444712357, -36.935733323261786 ], [ -58.453427355614565, -36.958723839916217 ], [ -58.454252101175484, -36.961886833824792 ], [ -58.460698407976565, -36.96413237808946 ], [ -58.463653702669717, -36.966199184487948 ], [ -58.463739928377152, -36.966492563187217 ], [ -58.463732774997766, -36.966515744362937 ], [ -58.46613504701179, -36.976771055743768 ], [ -58.476255829425952, -36.969555130973333 ], [ -58.476267966762521, -36.969550593577821 ], [ -58.476520977861355, -36.969365288301276 ], [ -58.476526789664035, -36.969346462920726 ], [ -58.477472912204689, -36.96868367108209 ], [ -58.479651523069322, -36.970002182257588 ], [ -58.486274422474992, -36.976154718713019 ], [ -58.489427055833005, -36.996956648448815 ], [ -58.480246821130095, -36.998624573469669 ], [ -58.467640108096873, -37.012891250395057 ], [ -58.468223329335672, -37.016650840762225 ], [ -58.466679798419932, -37.016897162098815 ], [ -58.463390122178396, -37.021688842579579 ], [ -58.461956666479011, -37.01691115214561 ], [ -58.461488408629634, -37.015503444339117 ], [ -58.461493577984356, -37.015487454491279 ], [ -58.461177817014914, -37.014538553128432 ], [ -58.461170013396895, -37.014527308074037 ], [ -58.457641671925614, -37.004344665266899 ], [ -58.454416588015533, -37.006971352423818 ], [ -58.45438661587707, -37.006985280474453 ], [ -58.447997739534003, -37.011335467100139 ], [ -58.445740370467774, -37.014146538035448 ], [ -58.443849463864012, -37.018616035767252 ], [ -58.445226523276574, -37.023366392968398 ], [ -58.445229443863809, -37.023380167521509 ], [ -58.440791235589472, -37.030015947820289 ], [ -58.440784011013534, -37.030039074088393 ], [ -58.440757949643228, -37.030068810820467 ], [ -58.440752183723305, -37.030092206191 ], [ -58.440703246374653, -37.030117198567552 ], [ -58.440654240814581, -37.030173515581168 ], [ -58.439687008686235, -37.031750621444417 ], [ -58.437664963695056, -37.035663076166031 ], [ -58.432743858069216, -37.036734346777337 ], [ -58.420200327729106, -37.032029737070559 ], [ -58.41006061744622, -37.025016254206662 ], [ -58.41025717713211, -37.024128065080504 ], [ -58.407548843687039, -37.023226794616221 ], [ -58.400352023063931, -37.018575674458646 ], [ -58.400330756295773, -37.018534365755727 ], [ -58.399803207806713, -37.018244428047126 ], [ -58.399769095249383, -37.018234455361153 ], [ -58.395825037757049, -37.016179673704414 ], [ -58.395642635004492, -37.02128702162679 ], [ -58.395640530580238, -37.021285983921757 ], [ -58.395628219828723, -37.021788325816942 ], [ -58.395688468337653, -37.022298999973316 ], [ -58.394978298096362, -37.041936239288248 ], [ -58.401382472108423, -37.062566791173936 ], [ -58.401517872563545, -37.064083654235219 ], [ -58.401473906032777, -37.064121145508693 ], [ -58.401565177974419, -37.064879232421447 ], [ -58.382731697325994, -37.072568618733612 ], [ -58.371703191821609, -37.065156844428429 ], [ -58.368446243274661, -37.058637943623523 ], [ -58.348493508506635, -37.040093214400486 ], [ -58.334686839751043, -37.028896581349841 ], [ -58.327652926434894, -37.02153795685183 ], [ -58.31082803621041, -36.999683517841163 ], [ -58.307634764630961, -36.998355346555684 ], [ -58.300051849832926, -36.995803720721312 ], [ -58.299916542421272, -36.995775460178891 ], [ -58.297616900985645, -36.995232631731994 ], [ -58.292687896345512, -36.994031706815406 ], [ -58.287530429052879, -36.992306338515903 ], [ -58.254239658993924, -36.983364976053451 ], [ -58.252530477301036, -36.98299922859934 ], [ -58.252362201883443, -36.982939361452111 ], [ -58.251975756281695, -36.982805391843101 ], [ -58.24813554029754, -36.982296401333542 ], [ -58.246918093604052, -36.982007470254189 ], [ -58.24771878692377, -36.984098248447083 ], [ -58.247721733630044, -36.984122917858144 ], [ -58.247744512784607, -36.984119244462704 ], [ -58.248046605388879, -36.984806905696416 ], [ -58.248059380493828, -36.984817943652672 ], [ -58.248509780707138, -36.989198686935367 ], [ -58.250837069247609, -37.004931016403418 ], [ -58.251046713993958, -37.009875725633322 ], [ -58.236573408397987, -37.018643409234926 ], [ -58.234240421008849, -37.019510794125893 ], [ -58.210383188119636, -37.014516927884983 ], [ -58.207892643259072, -37.001240666650062 ], [ -58.196230619987716, -36.998062727385445 ], [ -58.183915749158871, -37.00897669363485 ], [ -58.1900197437202, -37.019385556035957 ], [ -58.199997554791707, -37.038031636897301 ], [ -58.176799395640842, -37.053300448152925 ], [ -58.164331167620844, -37.052873565061475 ], [ -58.15416714724438, -37.050287935318181 ], [ -58.093891185094435, -37.032942310831402 ], [ -58.08893617926077, -37.030649628622598 ], [ -58.080568836109535, -37.027528490706572 ], [ -58.082568811045348, -37.017491498298455 ], [ -58.100552422061071, -37.008572102024061 ], [ -58.109271599496765, -37.006286665547918 ], [ -58.114413580915652, -37.006289106590657 ], [ -58.149496282992743, -37.001781739660373 ], [ -58.167006214494734, -37.003188509765948 ], [ -58.177728757776379, -37.004799792290669 ], [ -58.17773659802134, -37.004796699630504 ], [ -58.176387997140068, -36.98633489186966 ], [ -58.176344257947335, -36.986302113732393 ], [ -58.174633172220467, -36.973486399168792 ], [ -58.180981411743574, -36.949105464366596 ], [ -58.180559250482077, -36.948268202749205 ], [ -58.181156266969822, -36.94779243120314 ], [ -58.18229399773611, -36.947771431649528 ], [ -58.18229564776442, -36.947785497973257 ], [ -58.182319708046066, -36.947784028290926 ], [ -58.18479341388678, -36.948064648189359 ], [ -58.18376649753651, -36.946074262467675 ], [ -58.183697356323137, -36.946040387065921 ], [ -58.183317804499836, -36.944673676338311 ], [ -58.174060745557767, -36.9214563040494 ], [ -58.1690259384564, -36.910565124221364 ], [ -58.167345818474757, -36.898165942098728 ], [ -58.167366394880844, -36.897277373278541 ], [ -58.167215704792284, -36.892689766929493 ], [ -58.167254932395679, -36.89268109662919 ], [ -58.167250562807851, -36.892641209467968 ], [ -58.167471791189598, -36.891049608566334 ], [ -58.167434022837256, -36.891054409118283 ], [ -58.165703960141059, -36.891610758252682 ], [ -58.165716091168065, -36.891661461278034 ], [ -58.156827190079639, -36.895957631879412 ], [ -58.127069183697984, -36.903637698855846 ], [ -58.126813683433511, -36.903646793130406 ], [ -58.126813016396682, -36.903644919981218 ], [ -58.126811251242259, -36.903645598671744 ], [ -58.117428375840291, -36.903919665492367 ], [ -58.118762252741135, -36.905941695001445 ], [ -58.114995604562068, -36.906779018669909 ], [ -58.109651964170382, -36.90376633099936 ], [ -58.099169786352718, -36.903342951644845 ], [ -58.089097783083105, -36.903230870584309 ], [ -58.089049864183323, -36.903202182014581 ], [ -58.080968049143735, -36.90265425111312 ], [ -58.080926899747681, -36.902627817741802 ], [ -58.054991606897886, -36.902307332113196 ], [ -58.053703475073746, -36.900871155792515 ], [ -58.055416098650198, -36.885570418512827 ], [ -58.061688386752166, -36.868619472296984 ], [ -58.061739659879606, -36.868665478523383 ], [ -58.063745460408654, -36.869315335092381 ], [ -58.062687297646107, -36.866071657441012 ], [ -58.062685893885146, -36.866039882298878 ], [ -58.062652397931515, -36.866040342710392 ], [ -58.061602796607247, -36.862153203900448 ], [ -58.062645137216464, -36.860248524524422 ], [ -58.06321607323315, -36.858483633801995 ], [ -58.071821094935956, -36.821732999456117 ], [ -58.073541543441706, -36.815519754479396 ], [ -58.05745041932505, -36.817453430240164 ], [ -58.06203253063012, -36.799619345998792 ], [ -58.049474634849332, -36.790258279991178 ], [ -58.042425344610876, -36.786451778295373 ], [ -58.040604878307477, -36.785449190097381 ], [ -58.035688782866714, -36.772526842969853 ], [ -58.006051091721076, -36.767462637585368 ], [ -57.982905256682102, -36.729541480204318 ], [ -57.945125671387416, -36.738233645706259 ], [ -57.921044242672679, -36.73622083520462 ], [ -57.918127359492587, -36.728462637343057 ], [ -57.917714023898213, -36.724739122939127 ], [ -57.898657868213661, -36.717500911092884 ], [ -57.888047816113783, -36.715447875959967 ], [ -57.888035328454407, -36.715417541442832 ], [ -57.887995286686021, -36.71539991987413 ], [ -57.882788712224396, -36.709901619798416 ], [ -57.882590559841447, -36.710292033656913 ], [ -57.882556399717828, -36.710231380392713 ], [ -57.881451471450021, -36.709579572760504 ], [ -57.860434310058849, -36.707464901641856 ], [ -57.860407302419617, -36.707440315837687 ], [ -57.860292323445378, -36.70717192759497 ], [ -57.85678168820607, -36.701509807620994 ], [ -57.856738595244792, -36.701497227906202 ], [ -57.853102169482497, -36.705993905330786 ], [ -57.844001414223158, -36.696921726465746 ], [ -57.843978806711277, -36.69691626893183 ], [ -57.840819512090093, -36.692055299504943 ], [ -57.841199222367322, -36.678644085790097 ], [ -57.845310716334211, -36.680878490462931 ], [ -57.844024623653979, -36.67329843135019 ], [ -57.844025938517802, -36.673292473019842 ], [ -57.844013339547587, -36.67329151002366 ], [ -57.83168974484272, -36.662026412407329 ], [ -57.831554887279026, -36.661962020170904 ], [ -57.822850042243317, -36.652480726859551 ], [ -57.822598968828174, -36.65203274361312 ], [ -57.821595804130084, -36.650332041079935 ], [ -57.82174366878877, -36.643464311329353 ], [ -57.821739782985162, -36.643312371048467 ], [ -57.821777300534222, -36.643281836796461 ], [ -57.824426288539541, -36.63462813333615 ], [ -57.828754053766772, -36.612848138336972 ], [ -57.829512619642173, -36.606735938777888 ], [ -57.829121668428343, -36.604720425795392 ], [ -57.807597558693999, -36.607602453680897 ], [ -57.807572206594273, -36.607588890671764 ], [ -57.804140968487275, -36.597913464693875 ], [ -57.79455411360891, -36.603273457678426 ], [ -57.784625052262072, -36.603668353725311 ], [ -57.777407042160746, -36.595870417588685 ], [ -57.770432198871845, -36.593426693061133 ], [ -57.764097300795697, -36.588855383650525 ], [ -57.753633939056954, -36.582142950304274 ], [ -57.743306279565275, -36.573848768624316 ], [ -57.743263351712642, -36.573788679154291 ], [ -57.737039778598273, -36.568728951083926 ], [ -57.733508514049731, -36.565858053926945 ], [ -57.733034572306735, -36.565911681160514 ], [ -57.73285286488732, -36.565932426455049 ], [ -57.733425212906695, -36.568273539673839 ], [ -57.734934572513339, -36.574447373786938 ], [ -57.735816566100937, -36.578232394386248 ], [ -57.735821614637189, -36.57823950560612 ], [ -57.737399347940823, -36.578876252202235 ], [ -57.740943877420079, -36.587963801701505 ] ] ], [ [ [ -57.836486816, -38.287414550999813 ], [ -57.836578920761156, -38.287481071091122 ], [ -57.836041332515947, -38.286689854842336 ], [ -57.835141454974575, -38.285484502936583 ], [ -57.835388183999783, -38.286193847999982 ], [ -57.836486816, -38.287414550999813 ] ] ], [ [ [ -57.848205565999876, -38.294128417999957 ], [ -57.849903402619191, -38.294912034736456 ], [ -57.848081042271247, -38.293991441929052 ], [ -57.848205565999876, -38.294128417999957 ] ] ] ] } },
{ "type": "Feature", "properties": { "Name": "MDQ : 0 - 60", "FromBreak": 0.0, "ToBreak": 60.0, "IATA": "MDQ" }, "geometry": { "type": "MultiPolygon", "coordinates": [ [ [ [ -57.758514959373429, -37.26726371528656 ], [ -57.758449168609729, -37.26727576857229 ], [ -57.75022556654676, -37.266003299665783 ], [ -57.750169691132157, -37.265993206230007 ], [ -57.749975904635448, -37.266114781640113 ], [ -57.749918844396518, -37.266104470963171 ], [ -57.747734305765732, -37.267115581193025 ], [ -57.747039816322342, -37.267722036633813 ], [ -57.74699140032385, -37.267713318166727 ], [ -57.745554127163928, -37.268076937598607 ], [ -57.74700194836845, -37.269674192980972 ], [ -57.746985854069294, -37.269731647167532 ], [ -57.747277892802231, -37.270638941873244 ], [ -57.744088785683118, -37.273009682611075 ], [ -57.74275026465034, -37.273026868171087 ], [ -57.74271813393608, -37.273055725342829 ], [ -57.742839971662306, -37.27322913511648 ], [ -57.746108185346714, -37.276247512634313 ], [ -57.750938202459906, -37.280143916451323 ], [ -57.754125623408584, -37.283644451414432 ], [ -57.752747505941443, -37.291601723133397 ], [ -57.751526373158185, -37.293439778239929 ], [ -57.751518774351098, -37.293465408141174 ], [ -57.751505399723555, -37.29374900891753 ], [ -57.751498077467602, -37.29377489223026 ], [ -57.756427946398446, -37.311966122126023 ], [ -57.753797756894301, -37.318153778339934 ], [ -57.753781293345014, -37.318211974999144 ], [ -57.753678115706862, -37.318954398241942 ], [ -57.753661604265687, -37.31901275352692 ], [ -57.750232359608901, -37.327070345613947 ], [ -57.75021633319659, -37.327126986717872 ], [ -57.750006401321798, -37.328511209667795 ], [ -57.749990300092463, -37.328568122259071 ], [ -57.746871409782273, -37.335879346481647 ], [ -57.742362026522471, -37.343811537989041 ], [ -57.722951112607518, -37.363357852433978 ], [ -57.722898430917951, -37.363379750199897 ], [ -57.686224123187685, -37.351524888788049 ], [ -57.686151711756452, -37.352991794221452 ], [ -57.686077200887325, -37.356701360397835 ], [ -57.686051482123389, -37.356720890800375 ], [ -57.666880721680116, -37.372916255924906 ], [ -57.664096154486572, -37.373232645501218 ], [ -57.664089272294859, -37.373268535539523 ], [ -57.664074125751029, -37.373264023996853 ], [ -57.664064398906078, -37.373271256010412 ], [ -57.664301039364602, -37.37530371045915 ], [ -57.66428921329782, -37.375312690120722 ], [ -57.662709338958905, -37.375273156862704 ], [ -57.661867848554891, -37.375258682890546 ], [ -57.661777859075755, -37.37525581324627 ], [ -57.661767786981557, -37.37526309058012 ], [ -57.661612555343254, -37.375251482279168 ], [ -57.661602790251948, -37.375258908029366 ], [ -57.661528921818615, -37.375969920789885 ], [ -57.661518645462763, -37.375977985469035 ], [ -57.659166755639262, -37.375799208086619 ], [ -57.636193709714803, -37.379232533239758 ], [ -57.621309551904005, -37.430233097496512 ], [ -57.621252122687736, -37.430184792764578 ], [ -57.620403759772501, -37.432989560327144 ], [ -57.620487313339879, -37.43327132553128 ], [ -57.620487009811086, -37.433320848480946 ], [ -57.620604559208857, -37.433767762898128 ], [ -57.620662454179637, -37.433768238186929 ], [ -57.622991331265212, -37.442415444869368 ], [ -57.622990709920032, -37.44243305724865 ], [ -57.623013116160962, -37.442433846037943 ], [ -57.623572684097951, -37.455463190626176 ], [ -57.623760663274766, -37.459933330779506 ], [ -57.623498024149683, -37.463101602759025 ], [ -57.625674575746928, -37.464006650842521 ], [ -57.625719919590381, -37.464044993009566 ], [ -57.624836621352983, -37.478945206598951 ], [ -57.600103535246944, -37.475200015567395 ], [ -57.595657990521886, -37.466559761684664 ], [ -57.595636097467491, -37.466524236541545 ], [ -57.585284346928972, -37.46016101052345 ], [ -57.579999295655739, -37.46057915043815 ], [ -57.579989309891232, -37.460578284636142 ], [ -57.579936708881121, -37.460555959414194 ], [ -57.576562615122953, -37.468141282859904 ], [ -57.572476122578337, -37.475602336927636 ], [ -57.563070918800406, -37.496322776138186 ], [ -57.562356388220451, -37.496963278944349 ], [ -57.562364438343081, -37.496966568525863 ], [ -57.562307234596346, -37.497007017730709 ], [ -57.562247354437829, -37.497913934570306 ], [ -57.562261993975426, -37.497914606998734 ], [ -57.563035485180023, -37.497834924679239 ], [ -57.564232219765756, -37.497650309874643 ], [ -57.563622455002019, -37.505374376343013 ], [ -57.563414689396041, -37.50614933714229 ], [ -57.546758437784831, -37.528101130680398 ], [ -57.541782319731681, -37.534785850837636 ], [ -57.530184097792471, -37.533282839268054 ], [ -57.514110583432966, -37.52923646637538 ], [ -57.511624913273465, -37.52867669285672 ], [ -57.505322995496329, -37.528484653483417 ], [ -57.492498290709136, -37.5243693728479 ], [ -57.492483056311471, -37.524352092536276 ], [ -57.49070338495784, -37.523417389827557 ], [ -57.484762511557676, -37.521940246814381 ], [ -57.480400712260632, -37.520887624986926 ], [ -57.461060493239245, -37.518782442017823 ], [ -57.451702734349055, -37.518842289906956 ], [ -57.443870009858358, -37.51084771467589 ], [ -57.443835379311508, -37.510818908193471 ], [ -57.442041643423238, -37.498987401168677 ], [ -57.441993707063034, -37.498947452391121 ], [ -57.442380305104052, -37.495936225236335 ], [ -57.440765185450744, -37.487813086401673 ], [ -57.440789763521423, -37.487809827032436 ], [ -57.440478091236685, -37.486433924308869 ], [ -57.440905483267159, -37.477258297147614 ], [ -57.44085483212433, -37.477217411064714 ], [ -57.429330531954577, -37.475494755877719 ], [ -57.427520676280892, -37.475697433962125 ], [ -57.426785741261767, -37.475739777329352 ], [ -57.425320654372626, -37.47548163300371 ], [ -57.373935831420965, -37.470309467121808 ], [ -57.370152743644212, -37.469977711045317 ], [ -57.370152624208401, -37.469977866505587 ], [ -57.369995838130023, -37.469913165485423 ], [ -57.355307833797326, -37.469877467180652 ], [ -57.355174853606286, -37.469923035583292 ], [ -57.323858956088316, -37.465498285536057 ], [ -57.304122789936969, -37.486433694082621 ], [ -57.299548426480612, -37.481662486150583 ], [ -57.294819025390552, -37.476729568989526 ], [ -57.293534636073616, -37.474326879388116 ], [ -57.293492623293446, -37.474296729212995 ], [ -57.292210611014696, -37.47370854755269 ], [ -57.292214900762701, -37.473689294315477 ], [ -57.292168074136498, -37.473664891721512 ], [ -57.290650318582834, -37.472798671133262 ], [ -57.290607186836382, -37.472768114104611 ], [ -57.29595237150761, -37.452064913165657 ], [ -57.276322940799787, -37.438678969436637 ], [ -57.276302992960325, -37.438663948159615 ], [ -57.276193073497893, -37.438603585458566 ], [ -57.276177353543403, -37.438583727671585 ], [ -57.267562298686357, -37.436362486593623 ], [ -57.267518914389484, -37.43632565871934 ], [ -57.252229870579924, -37.42567300242797 ], [ -57.252184231066963, -37.425634720509947 ], [ -57.251833289876288, -37.425397786606254 ], [ -57.251787566247287, -37.425359498092462 ], [ -57.244266951915051, -37.420140479215604 ], [ -57.233910614139404, -37.401028764504986 ], [ -57.233878903574578, -37.401002008408682 ], [ -57.230128295745544, -37.398811937296045 ], [ -57.230103976454984, -37.398823618704796 ], [ -57.19530378538127, -37.389415791255431 ], [ -57.176071488211505, -37.392758739143801 ], [ -57.163210309826127, -37.382652302710028 ], [ -57.15905297520095, -37.375080956816589 ], [ -57.133053622099908, -37.382474215038485 ], [ -57.132991887314006, -37.382468341196102 ], [ -57.130739398045307, -37.383081009741886 ], [ -57.121625896498813, -37.386992577030526 ], [ -57.114383039486086, -37.383108759528966 ], [ -57.114382634478886, -37.383109420782944 ], [ -57.120397335458108, -37.389998025244381 ], [ -57.127550169451752, -37.393400881435866 ], [ -57.127580456889632, -37.393410580663783 ], [ -57.128477451148058, -37.393691473373508 ], [ -57.128492669349953, -37.39367791263021 ], [ -57.133788054380602, -37.395235059618074 ], [ -57.165880350506654, -37.40944008135591 ], [ -57.165939831205321, -37.409446103119706 ], [ -57.166540126466998, -37.409697509815771 ], [ -57.166599376877798, -37.409703483657836 ], [ -57.173108957148997, -37.412203593326524 ], [ -57.173104459374485, -37.41213102749083 ], [ -57.173161377876738, -37.412139325898352 ], [ -57.174055082755729, -37.412813955087415 ], [ -57.175442955258688, -37.411277758234576 ], [ -57.175501062997398, -37.41128895082943 ], [ -57.179067731909186, -37.414209226209437 ], [ -57.180722795725501, -37.415564333467728 ], [ -57.18235090228228, -37.416872609721565 ], [ -57.208516136454932, -37.437913852091981 ], [ -57.208610297450718, -37.438188883173154 ], [ -57.21167208450305, -37.462102859355127 ], [ -57.206639709731576, -37.470341553652645 ], [ -57.206644900310948, -37.470343582765906 ], [ -57.22165825964629, -37.474054235824497 ], [ -57.226711827943461, -37.47599528515866 ], [ -57.226956696116304, -37.476086910345657 ], [ -57.226997968040962, -37.476078576443115 ], [ -57.244749239979797, -37.496680908954659 ], [ -57.232268413776694, -37.523184341599176 ], [ -57.23429223037482, -37.528786746634012 ], [ -57.285718709968194, -37.57562323214114 ], [ -57.292833517244219, -37.577092674993935 ], [ -57.300859333148821, -37.585372669175001 ], [ -57.302137022637055, -37.587684351254268 ], [ -57.302145985341497, -37.587694409221342 ], [ -57.302239741911933, -37.587862781917693 ], [ -57.302248739147956, -37.587872747687925 ], [ -57.353293535085072, -37.577698755319147 ], [ -57.358211536955082, -37.583823727774075 ], [ -57.358240402163688, -37.583854404150372 ], [ -57.367784279718876, -37.595759804240231 ], [ -57.38026774156782, -37.607715714559617 ], [ -57.379236983213502, -37.628474075107079 ], [ -57.379223868180816, -37.628498075346101 ], [ -57.375419953080382, -37.656141006745031 ], [ -57.37548495851496, -37.656195950760832 ], [ -57.37587129011132, -37.656827859747239 ], [ -57.376080298567501, -37.65710821365542 ], [ -57.394149232562199, -37.671754657715724 ], [ -57.401766692565957, -37.693554598584228 ], [ -57.388345260892379, -37.708034816862948 ], [ -57.384703680959205, -37.706483693915914 ], [ -57.380828746629163, -37.704833174177622 ], [ -57.380789219077428, -37.704808575243135 ], [ -57.359283150415536, -37.683826314600935 ], [ -57.316056240413843, -37.656985492505555 ], [ -57.316378769381743, -37.658369828178309 ], [ -57.316528319999918, -37.65850830099987 ], [ -57.319519043000014, -37.660217284999874 ], [ -57.321777344, -37.662170409999817 ], [ -57.324096679999968, -37.663879394999924 ], [ -57.32452392599987, -37.664306641 ], [ -57.325988769999924, -37.665100097999925 ], [ -57.329711913999972, -37.668212891 ], [ -57.330627440999876, -37.669189452999888 ], [ -57.332519531, -37.670593261999954 ], [ -57.333496093999827, -37.671386718999884 ], [ -57.334899901999961, -37.672119141 ], [ -57.335998534999931, -37.673217772999863 ], [ -57.336608886999898, -37.674011229999962 ], [ -57.339904784999931, -37.67639160199991 ], [ -57.342712401999961, -37.678283690999876 ], [ -57.345092772999919, -37.68029785199991 ], [ -57.348388671999942, -37.683105468999884 ], [ -57.350280761999841, -37.684692382999913 ], [ -57.352600097999868, -37.686584472999868 ], [ -57.354187011999898, -37.68811035199991 ], [ -57.355102538999802, -37.688781737999875 ], [ -57.357299804999968, -37.690490722999868 ], [ -57.358886719, -37.69171142599987 ], [ -57.361511229999905, -37.693908690999876 ], [ -57.363403319999975, -37.694885253999928 ], [ -57.364501953, -37.695678710999857 ], [ -57.36999511699986, -37.700012206999872 ], [ -57.371398925999927, -37.701477050999813 ], [ -57.37280273399989, -37.702697753999928 ], [ -57.375488280999889, -37.704772948999846 ], [ -57.378112792999957, -37.70678710899989 ], [ -57.380187987999989, -37.708679198999846 ], [ -57.383422852000024, -37.710998534999817 ], [ -57.38562011699986, -37.712890624999886 ], [ -57.387390137000011, -37.714416503999928 ], [ -57.391174315999933, -37.718078612999875 ], [ -57.395812987999875, -37.721496581999872 ], [ -57.397399901999904, -37.723083495999902 ], [ -57.398925780999946, -37.724609374999943 ], [ -57.403808593999941, -37.728027343999884 ], [ -57.406005859, -37.730773925999927 ], [ -57.40789794899996, -37.732421874999943 ], [ -57.409912109, -37.734008788999972 ], [ -57.411376952999888, -37.735900878999871 ], [ -57.412902831999929, -37.737915038999972 ], [ -57.414489745999958, -37.739929198999903 ], [ -57.414978027000018, -37.74188232399996 ], [ -57.417907714999956, -37.74499511699986 ], [ -57.419799804999911, -37.747192383000026 ], [ -57.421813964999956, -37.748779296999885 ], [ -57.422607421999885, -37.749816894999924 ], [ -57.423706054999911, -37.750488280999889 ], [ -57.424072265999939, -37.750671387000011 ], [ -57.424377440999876, -37.751281737999989 ], [ -57.425781249999943, -37.752075194999804 ], [ -57.42687988299997, -37.75280761699986 ], [ -57.427795409999874, -37.754028319999861 ], [ -57.429016112999989, -37.755798339999842 ], [ -57.43029785199991, -37.757080077999944 ], [ -57.431213378999814, -37.757690429999911 ], [ -57.432006835999914, -37.759582519999867 ], [ -57.432922362999818, -37.760681151999904 ], [ -57.434387206999872, -37.761779784999874 ], [ -57.436828612999875, -37.764221191 ], [ -57.439270019999924, -37.767211913999802 ], [ -57.440429687999938, -37.768127441 ], [ -57.441284179999855, -37.768676757999856 ], [ -57.442199706999929, -37.770019530999946 ], [ -57.442626952999944, -37.7706909179999 ], [ -57.443786620999958, -37.771728515999939 ], [ -57.4445190429999, -37.772521972999868 ], [ -57.445007323999903, -37.773498534999931 ], [ -57.446777343999884, -37.77508544899996 ], [ -57.449279784999987, -37.777709960999971 ], [ -57.451110839999899, -37.779479979999962 ], [ -57.452514647999863, -37.781005859 ], [ -57.453491210999914, -37.78210449199986 ], [ -57.454528808999896, -37.783996581999816 ], [ -57.45648193400001, -37.78601074199986 ], [ -57.458007812999881, -37.787292479999849 ], [ -57.460083007999913, -37.789306640999882 ], [ -57.460693358999947, -37.789794921999885 ], [ -57.463684081999872, -37.793090819999918 ], [ -57.464416503999985, -37.793701171999885 ], [ -57.465393065999876, -37.794799804999911 ], [ -57.467285155999946, -37.796997069999918 ], [ -57.468872069999861, -37.800292968999941 ], [ -57.469604491999917, -37.80108642599987 ], [ -57.470092772999976, -37.80139160199991 ], [ -57.472595214999899, -37.804870604999905 ], [ -57.474182128999928, -37.806579589999899 ], [ -57.475891112999932, -37.808715819999804 ], [ -57.477722168000014, -37.810180663999859 ], [ -57.479309081999872, -37.812011718999941 ], [ -57.481018065999876, -37.814880370999958 ], [ -57.481811522999806, -37.8156127929999 ], [ -57.482421874999829, -37.816223144999867 ], [ -57.482604979999905, -37.816894531 ], [ -57.482788086000028, -37.817687987999818 ], [ -57.483215331999872, -37.818481444999861 ], [ -57.486816406, -37.821411132999856 ], [ -57.487609862999932, -37.822387694999918 ], [ -57.488891602000024, -37.823974608999947 ], [ -57.490295409999987, -37.825988769999981 ], [ -57.491394042999957, -37.82757568400001 ], [ -57.492309569999861, -37.828979491999917 ], [ -57.493225097999925, -37.830200194999918 ], [ -57.49389648399989, -37.83148193400001 ], [ -57.495117187999824, -37.833190917999843 ], [ -57.496093749999886, -37.83459472699991 ], [ -57.496887206999816, -37.835571288999972 ], [ -57.497680663999802, -37.836486815999876 ], [ -57.498413085999857, -37.837707519999981 ], [ -57.499694824000017, -37.83850097699991 ], [ -57.500671386999898, -37.840515136999841 ], [ -57.501281737999875, -37.841369628999928 ], [ -57.502197265999939, -37.842773438 ], [ -57.503601074000017, -37.844604491999974 ], [ -57.504394530999946, -37.84631347699991 ], [ -57.505004882999913, -37.847778319999861 ], [ -57.506103515999939, -37.850524902000018 ], [ -57.507202147999976, -37.853027343999941 ], [ -57.507812499999943, -37.854309081999929 ], [ -57.508178710999971, -37.855102538999859 ], [ -57.508728026999847, -37.856201172 ], [ -57.509094237999875, -37.85717773399989 ], [ -57.510009765999939, -37.859374999999886 ], [ -57.510681151999904, -37.861022948999903 ], [ -57.511596679999968, -37.863220214999899 ], [ -57.5120849609998, -37.864685058999839 ], [ -57.512390136999898, -37.866088866999917 ], [ -57.513000487999875, -37.867492675999983 ], [ -57.513793944999804, -37.868408202999888 ], [ -57.514282226999853, -37.86889648399989 ], [ -57.514404296999828, -37.869201659999987 ], [ -57.514282226999853, -37.871093749999943 ], [ -57.513610839999842, -37.872375487999875 ], [ -57.513488769999867, -37.872619628999814 ], [ -57.513793944999804, -37.873596190999876 ], [ -57.514099120999902, -37.874389647999806 ], [ -57.514587401999904, -37.875183104999905 ], [ -57.515502929999968, -37.877319335999914 ], [ -57.515808104999905, -37.877990722999868 ], [ -57.515869140999882, -37.878601074000017 ], [ -57.515808104999905, -37.879577636999898 ], [ -57.516296386999898, -37.881286620999902 ], [ -57.516418456999872, -37.881713866999803 ], [ -57.51647949199986, -37.882507324000017 ], [ -57.516601562999938, -37.882995604999905 ], [ -57.5167846679999, -37.883300780999832 ], [ -57.517395019999924, -37.884521483999947 ], [ -57.518005370999902, -37.885498046999942 ], [ -57.518493651999904, -37.886901854999905 ], [ -57.518920897999976, -37.887878417999957 ], [ -57.519477716999859, -37.889479271999903 ], [ -57.519897460999857, -37.890686034999931 ], [ -57.521301269999924, -37.892578124999886 ], [ -57.521789550999927, -37.893493651999961 ], [ -57.521789550999927, -37.894104003999928 ], [ -57.521911620999902, -37.895202636999898 ], [ -57.521789550999927, -37.895996094 ], [ -57.521484374999886, -37.896789550999813 ], [ -57.521301269999924, -37.897399901999961 ], [ -57.521301269999924, -37.89819335899989 ], [ -57.521606444999861, -37.899475097999982 ], [ -57.522094727000024, -37.900512694999861 ], [ -57.522094727000024, -37.901489257999913 ], [ -57.521972655999889, -37.901977538999915 ], [ -57.521789550999927, -37.902404784999817 ], [ -57.521789550999927, -37.903198241999917 ], [ -57.522583008000026, -37.905212401999961 ], [ -57.522583008000026, -37.906188964999842 ], [ -57.522888183999953, -37.907287597999982 ], [ -57.523010253999928, -37.907775878999871 ], [ -57.523498534999931, -37.908874512000011 ], [ -57.523803711000028, -37.910827636999954 ], [ -57.523803711000028, -37.912109374999886 ], [ -57.52398681599982, -37.912902831999986 ], [ -57.524780272999919, -37.915100097999868 ], [ -57.525695800999756, -37.918090819999975 ], [ -57.526000977000024, -37.919799804999968 ], [ -57.526794433999953, -37.921875 ], [ -57.526977538999915, -37.922790526999904 ], [ -57.526977538999915, -37.925720215000013 ], [ -57.527221679999968, -37.926513671999942 ], [ -57.527770996000015, -37.927307128999871 ], [ -57.529479980000019, -37.9296875 ], [ -57.530090331999986, -37.930419921999828 ], [ -57.530578612999818, -37.931579589999956 ], [ -57.530578612999818, -37.9328002929999 ], [ -57.530212401999961, -37.933105469 ], [ -57.530578612999818, -37.934692383000026 ], [ -57.530883788999915, -37.935913085999857 ], [ -57.531494140999882, -37.938110351999853 ], [ -57.532287597999982, -37.939575194999918 ], [ -57.533081054999911, -37.942504883000026 ], [ -57.533081054999911, -37.94396972699991 ], [ -57.533386230000019, -37.94500732399996 ], [ -57.533386230000019, -37.945678710999914 ], [ -57.533569335999914, -37.946289062999881 ], [ -57.534118651999961, -37.947204589999842 ], [ -57.534790038999915, -37.948608397999919 ], [ -57.535217284999931, -37.949890137000011 ], [ -57.536071776999904, -37.951904296999942 ], [ -57.536682128999871, -37.952880858999833 ], [ -57.537109374999886, -37.953674315999933 ], [ -57.537109374999886, -37.954711913999915 ], [ -57.537414550999813, -37.955688476999967 ], [ -57.538208007999913, -37.957214355000019 ], [ -57.538513183999953, -37.9581909179999 ], [ -57.538574218999941, -37.959899901999904 ], [ -57.53881835899989, -37.961669922 ], [ -57.539306640999882, -37.963928222999868 ], [ -57.539794921999942, -37.964904784999874 ], [ -57.540588378999871, -37.965881347999925 ], [ -57.541503905999946, -37.968322753999871 ], [ -57.541992187999938, -37.96960449199986 ], [ -57.541992187999938, -37.971679687999881 ], [ -57.5421752929999, -37.973205565999933 ], [ -57.542297362999875, -37.975097655999889 ], [ -57.542602538999745, -37.976074218999884 ], [ -57.542907715000013, -37.977478027000018 ], [ -57.543090819999975, -37.978576659999987 ], [ -57.543212890999882, -37.979492187999881 ], [ -57.543579101999967, -37.980590819999918 ], [ -57.543823241999917, -37.981201171999885 ], [ -57.543823241999917, -37.983581543000014 ], [ -57.543884276999904, -37.986206054999911 ], [ -57.543701171999942, -37.988281249999943 ], [ -57.543579101999967, -37.98937988299997 ], [ -57.542907715000013, -37.992187499999943 ], [ -57.54248046899977, -37.99279785199991 ], [ -57.541687012000011, -37.993896483999947 ], [ -57.540710449000017, -37.994689940999876 ], [ -57.540283202999944, -37.995422362999989 ], [ -57.540588378999871, -37.996582031 ], [ -57.540283202999944, -37.997375487999932 ], [ -57.540100097999982, -37.999999999999829 ], [ -57.540588378999871, -38.001892089999899 ], [ -57.540100097999982, -38.0031127929999 ], [ -57.540222167999957, -38.004028319999804 ], [ -57.539978026999904, -38.004699706999929 ], [ -57.538696288999915, -38.006286620999958 ], [ -57.538085937999938, -38.006713866999974 ], [ -57.536682128999871, -38.0078125 ], [ -57.534729003999928, -38.007507323999903 ], [ -57.533203124999886, -38.007690430000025 ], [ -57.532592772999919, -38.0078125 ], [ -57.532226563, -38.009094237999932 ], [ -57.531799316, -38.010498047 ], [ -57.531494140999882, -38.011413573999903 ], [ -57.53100585899989, -38.01171875 ], [ -57.530273437999881, -38.012084961000028 ], [ -57.529724120999902, -38.012390136999954 ], [ -57.531188964999842, -38.013305663999859 ], [ -57.53100585899989, -38.013977050999983 ], [ -57.530700683999953, -38.015075683999839 ], [ -57.529479980000019, -38.015991210999914 ], [ -57.527282714999785, -38.016418456999929 ], [ -57.526298178999923, -38.016360543000019 ], [ -57.525845989, -38.016247495999892 ], [ -57.525416736000011, -38.015940885999839 ], [ -57.525989073999938, -38.015327667 ], [ -57.525907310999912, -38.015245903999983 ], [ -57.525825549, -38.015266344999986 ], [ -57.525580260999789, -38.015450310999938 ], [ -57.525151006999863, -38.015940885999839 ], [ -57.525028363999866, -38.016186173999984 ], [ -57.52459910999994, -38.016329257999928 ], [ -57.524169855999958, -38.016370139999935 ], [ -57.523985890999825, -38.016492783999865 ], [ -57.523965449999821, -38.01675851199991 ], [ -57.523955197999953, -38.016922547999968 ], [ -57.523945008999817, -38.017085561999977 ], [ -57.524047213000017, -38.017494374999956 ], [ -57.524251618999813, -38.017841866000026 ], [ -57.524558228999865, -38.018168916999912 ], [ -57.524578283999915, -38.018249139999966 ], [ -57.524639990999958, -38.018495966999865 ], [ -57.524762634999888, -38.01910918599998 ], [ -57.524833903999934, -38.019282267999813 ], [ -57.525048803999937, -38.019804167999837 ], [ -57.525498497999934, -38.020396946999938 ], [ -57.525784666999982, -38.020601352999904 ], [ -57.526213920999965, -38.020642234999912 ], [ -57.52664317499989, -38.02080575999986 ], [ -57.526949783999839, -38.020969284999865 ], [ -57.527133749999962, -38.021173691 ], [ -57.527195071999984, -38.021562063999909 ], [ -57.527098691999925, -38.021971677999943 ], [ -57.527031546999865, -38.022257045999936 ], [ -57.527072427999883, -38.022992908999981 ], [ -57.527154190999966, -38.02366745 ], [ -57.527186889999939, -38.023761916000012 ], [ -57.527338155999928, -38.024198907000027 ], [ -57.527828731999932, -38.024648601000024 ], [ -57.528441950999934, -38.024853007999866 ], [ -57.529136932999904, -38.025180057999933 ], [ -57.529463983999847, -38.025445785999977 ], [ -57.529484423999861, -38.025772836999863 ], [ -57.529486437999935, -38.025817150999899 ], [ -57.529504864999865, -38.02622253099986 ], [ -57.529382220999935, -38.026447377999887 ], [ -57.527665206999814, -38.027101479 ], [ -57.527746968999907, -38.027305884999976 ], [ -57.528646357999889, -38.026958393999905 ], [ -57.528809883, -38.027060597 ], [ -57.529300457999909, -38.027714697999954 ], [ -57.529709270999831, -38.028511882999908 ], [ -57.530158965999988, -38.029329508999979 ], [ -57.530547337999963, -38.03041286299981 ], [ -57.530710862999911, -38.031373573999815 ], [ -57.530710862999911, -38.031431116999954 ], [ -57.530710862999911, -38.03198679299993 ], [ -57.524520575999929, -38.035826920999966 ], [ -57.522473283000011, -38.037096953999878 ], [ -57.522391519999985, -38.037260479 ], [ -57.522616366999955, -38.037424004999934 ], [ -57.522861654999986, -38.037199157999908 ], [ -57.523168264999867, -38.036912988999859 ], [ -57.523679280999886, -38.036565497999959 ], [ -57.524047213000017, -38.036340649999829 ], [ -57.524619550999944, -38.036197566 ], [ -57.524964975999922, -38.036280467999916 ], [ -57.525130566999962, -38.036320209999928 ], [ -57.527992256999937, -38.034439669999927 ], [ -57.530486015999884, -38.033192790999976 ], [ -57.53224391099991, -38.032313843 ], [ -57.532979774999887, -38.031945911999912 ], [ -57.53318418099991, -38.031945911999912 ], [ -57.533633874999907, -38.032456927999931 ], [ -57.536311599999863, -38.036299768999925 ], [ -57.536010741999917, -38.036400054999945 ], [ -57.536004989999981, -38.036401972000021 ], [ -57.536010741999917, -38.036409641999853 ], [ -57.536556887999836, -38.037137835999886 ], [ -57.536229836999837, -38.03728092 ], [ -57.53581400999991, -38.036682128999928 ], [ -57.535718820999932, -38.036545056999955 ], [ -57.535421273999816, -38.036682128999928 ], [ -57.533899603999885, -38.037383122999927 ], [ -57.53126276, -38.035523024999861 ], [ -57.530997031999959, -38.035666108999976 ], [ -57.533368146999862, -38.037935020999953 ], [ -57.533613434999893, -38.038037223999879 ], [ -57.533899603999885, -38.038159867999809 ], [ -57.536229836999837, -38.03838471499995 ], [ -57.536311599999863, -38.038446036999858 ], [ -57.536361995999869, -38.038849202999927 ], [ -57.536372921999885, -38.038936611999873 ], [ -57.536402993999957, -38.03912907199998 ], [ -57.536475124999981, -38.039590713 ], [ -57.536475124999981, -38.0401017289999 ], [ -57.536291158999859, -38.040919354999971 ], [ -57.535923227999888, -38.041532573999802 ], [ -57.536822615999881, -38.041593896 ], [ -57.53688393799996, -38.041430370999876 ], [ -57.53688393799996, -38.041021557999898 ], [ -57.536965699999882, -38.040653626999813 ], [ -57.537272309999878, -38.040530982999883 ], [ -57.537905969999883, -38.040265254000019 ], [ -57.538396545999888, -38.0401017289999 ], [ -57.538744036999958, -38.040163050999922 ], [ -57.539050645999907, -38.040428779999957 ], [ -57.539316374999885, -38.040837591999946 ], [ -57.539336814999899, -38.041185083000016 ], [ -57.539255052999863, -38.041409930999862 ], [ -57.539111967999929, -38.04167565900002 ], [ -57.538968883999985, -38.04192094699988 ], [ -57.539071086999911, -38.042247996999947 ], [ -57.538825274999851, -38.042408308999882 ], [ -57.538600951999854, -38.042554607 ], [ -57.538887120999902, -38.043147384999827 ], [ -57.538894226999844, -38.043175809999866 ], [ -57.538989324, -38.043556197999919 ], [ -57.538989324, -38.043760604999875 ], [ -57.538988992999975, -38.043760880999969 ], [ -57.538898752999955, -38.043836080999881 ], [ -57.538744036999958, -38.043965010999898 ], [ -57.538498748999984, -38.044005892999905 ], [ -57.538130817000024, -38.04392412999988 ], [ -57.537313190999953, -38.043903688999876 ], [ -57.537082866, -38.044149369999957 ], [ -57.53700658199989, -38.044230739999932 ], [ -57.536761293999859, -38.044741755999951 ], [ -57.537020687999814, -38.044771153999989 ], [ -57.53982739099996, -38.045089247000021 ], [ -57.539908765999883, -38.04524618399995 ], [ -57.540236806, -38.045878832999961 ], [ -57.540399728999887, -38.046193042000027 ], [ -57.540624576000027, -38.046193042000027 ], [ -57.540542813, -38.046397448 ], [ -57.539711231999945, -38.046302228999821 ], [ -57.535187363999853, -38.045784228999878 ], [ -57.534778550999931, -38.045906872999979 ], [ -57.535943667999902, -38.047215073999951 ], [ -57.536086141999874, -38.047230454999976 ], [ -57.539541221999912, -38.047603445999925 ], [ -57.539500341, -38.048012259000018 ], [ -57.540338406999979, -38.048134902999948 ], [ -57.540256643999953, -38.048543715999926 ], [ -57.539418577999982, -38.048502835000022 ], [ -57.539398136999978, -38.0487890039999 ], [ -57.539184569999975, -38.04878005199987 ], [ -57.53598454999991, -38.048645918999853 ], [ -57.535923227999888, -38.04956574800002 ], [ -57.538028613999927, -38.050117645999876 ], [ -57.538028712999846, -38.050119728999846 ], [ -57.538049054999931, -38.050546898999869 ], [ -57.537905969999883, -38.050730864999878 ], [ -57.535607459999881, -38.050415038999859 ], [ -57.535349817999872, -38.050379637999868 ], [ -57.535228245999861, -38.050362932999917 ], [ -57.535244529999943, -38.050305936999905 ], [ -57.535514414999909, -38.049361342 ], [ -57.535003398999891, -38.049156934999871 ], [ -57.534595522999894, -38.049987792999957 ], [ -57.534451500999808, -38.050281170999881 ], [ -57.533912320999946, -38.049987792999957 ], [ -57.533157437999762, -38.04957704799989 ], [ -57.53306153699998, -38.049524866999832 ], [ -57.531426285999942, -38.048502835000022 ], [ -57.529566186999887, -38.046336125999972 ], [ -57.527869613, -38.044414704999895 ], [ -57.526684055999965, -38.043126944999926 ], [ -57.524496907000014, -38.041553014999806 ], [ -57.52337267099989, -38.040796710999928 ], [ -57.521900944999913, -38.040142609999918 ], [ -57.519336605999911, -38.039092644999982 ], [ -57.51930498299987, -38.039079696999977 ], [ -57.517874137999968, -38.038670884 ], [ -57.51771061199986, -38.039038815999902 ], [ -57.517845671999908, -38.039072580999914 ], [ -57.518037662999916, -38.039120578 ], [ -57.51858956, -38.039243221999925 ], [ -57.519039254, -38.039365866000026 ], [ -57.521492132, -38.040244813999834 ], [ -57.523740602999965, -38.041430370999876 ], [ -57.526009513999838, -38.04298386 ], [ -57.527072427999883, -38.044087655 ], [ -57.529259577, -38.046520091999923 ], [ -57.531201437999925, -38.048911646999898 ], [ -57.532652724, -38.0507921869999 ], [ -57.533937087999789, -38.053343319999954 ], [ -57.534484862999875, -38.054199218999884 ], [ -57.535278319999804, -38.055419922 ], [ -57.535827636999954, -38.056518555000025 ], [ -57.536315917999957, -38.057983397999919 ], [ -57.537109374999886, -38.059326172 ], [ -57.537902831999986, -38.060607909999987 ], [ -57.539001465000013, -38.062194824000017 ], [ -57.540283202999944, -38.065917968999884 ], [ -57.541198730000019, -38.069091796999942 ], [ -57.541625977000024, -38.070495604999905 ], [ -57.541992187999938, -38.072875976999967 ], [ -57.541381835999971, -38.074218749999943 ], [ -57.541503905999946, -38.07482910199991 ], [ -57.540771484, -38.077575683999896 ], [ -57.540588378999871, -38.078308104999905 ], [ -57.538208007999913, -38.080200194999861 ], [ -57.537780762000011, -38.080383300999927 ], [ -57.535705566, -38.080993651999904 ], [ -57.535095214999956, -38.082702636999898 ], [ -57.536621093999884, -38.083496094 ], [ -57.538391112999875, -38.085083008000026 ], [ -57.539489746000015, -38.08648681599982 ], [ -57.541381835999971, -38.090026854999905 ], [ -57.541198730000019, -38.091369628999985 ], [ -57.541015624999886, -38.093811034999817 ], [ -57.541381835999971, -38.094787597999982 ], [ -57.541625977000024, -38.095397948999846 ], [ -57.541992187999938, -38.096313477000024 ], [ -57.543090819999975, -38.098327636999954 ], [ -57.542907715000013, -38.099121093999884 ], [ -57.543395996000015, -38.100097655999946 ], [ -57.544494628999871, -38.101074218999941 ], [ -57.545776366999803, -38.101196288999915 ], [ -57.546691894999867, -38.10131835899989 ], [ -57.549194335999971, -38.101501464999842 ], [ -57.550720215000013, -38.101806640999882 ], [ -57.553283690999933, -38.102416991999917 ], [ -57.556213378999871, -38.102905272999919 ], [ -57.557312011999898, -38.103088378999871 ], [ -57.562377929999855, -38.104492187999938 ], [ -57.564208983999833, -38.105407715000013 ], [ -57.566223144999924, -38.105895996000015 ], [ -57.570312499999886, -38.107604980000019 ], [ -57.572082519999981, -38.108093262000011 ], [ -57.574584960999914, -38.109069823999903 ], [ -57.576293944999748, -38.110229491999917 ], [ -57.578002929999911, -38.110900878999871 ], [ -57.580078124999943, -38.11218261699986 ], [ -57.582092284999874, -38.112792968999827 ], [ -57.583496093999941, -38.113891601999967 ], [ -57.584899901999904, -38.114685058999896 ], [ -57.586486815999933, -38.115722655999946 ], [ -57.588317871000015, -38.1163940429999 ], [ -57.591186522999863, -38.118225097999868 ], [ -57.592712401999904, -38.119201659999931 ], [ -57.593811034999874, -38.119873046999885 ], [ -57.595825194999975, -38.121704101999967 ], [ -57.598083495999958, -38.12390136699986 ], [ -57.598693847999925, -38.124389647999863 ], [ -57.600524901999904, -38.126770019999981 ], [ -57.601684569999918, -38.127685546999885 ], [ -57.604797362999989, -38.130676269999981 ], [ -57.605895995999958, -38.132080077999944 ], [ -57.606689452999888, -38.133789062999881 ], [ -57.607177733999947, -38.136108397999919 ], [ -57.607299805000025, -38.13842773399989 ], [ -57.607910155999889, -38.139892577999944 ], [ -57.608703612999989, -38.141601562999881 ], [ -57.61022949199986, -38.143981933999896 ], [ -57.611511229999792, -38.145812987999875 ], [ -57.612304687999881, -38.146423339999842 ], [ -57.61358642599987, -38.14758300799997 ], [ -57.614501952999888, -38.148315429999911 ], [ -57.615173339999899, -38.149902343999941 ], [ -57.615783690999876, -38.150817871000015 ], [ -57.616394043000014, -38.151794433999896 ], [ -57.616577147999976, -38.151977538999859 ], [ -57.61828613299997, -38.152526855000019 ], [ -57.619873046999828, -38.153869628999928 ], [ -57.620422362999989, -38.155090331999929 ], [ -57.622375487999932, -38.156799315999933 ], [ -57.627807616999974, -38.161376952999888 ], [ -57.629699706999872, -38.163208007999856 ], [ -57.631896972999925, -38.164978026999847 ], [ -57.634094237999932, -38.167480468999884 ], [ -57.634399413999859, -38.169006347999925 ], [ -57.634094237999932, -38.170593261999954 ], [ -57.635681151999961, -38.17248535199991 ], [ -57.637390136999954, -38.173095702999888 ], [ -57.638122558999896, -38.173400878999985 ], [ -57.639892577999888, -38.174377440999876 ], [ -57.641784667999787, -38.175476074000017 ], [ -57.642700194999861, -38.176025390999882 ], [ -57.643920897999863, -38.176513671999885 ], [ -57.64508056599982, -38.17742919899996 ], [ -57.645690917999957, -38.177673339999899 ], [ -57.647399901999961, -38.179199218999941 ], [ -57.648376465000013, -38.179687499999943 ], [ -57.649597167999957, -38.180419921999885 ], [ -57.651306151999961, -38.182006835999914 ], [ -57.652282715000013, -38.183410644999981 ], [ -57.65490722699991, -38.18469238299997 ], [ -57.656616210999914, -38.186096190999876 ], [ -57.657287597999868, -38.186706543000014 ], [ -57.658081054999968, -38.18780517599987 ], [ -57.661682128999871, -38.190002440999876 ], [ -57.662475585999857, -38.191284179999855 ], [ -57.665222168000014, -38.193481444999861 ], [ -57.665710448999903, -38.193786620999902 ], [ -57.668273925999927, -38.195312499999829 ], [ -57.668884276999961, -38.195678711000028 ], [ -57.670104979999905, -38.196716308999896 ], [ -57.671997069999861, -38.197204589999899 ], [ -57.673095703, -38.198181151999961 ], [ -57.674011229999905, -38.19897460899989 ], [ -57.675170897999919, -38.199584961000028 ], [ -57.677978515999882, -38.201293944999861 ], [ -57.682006836000028, -38.204589843999884 ], [ -57.683776855000019, -38.205078124999886 ], [ -57.685485839999842, -38.205871581999986 ], [ -57.687805175999983, -38.206909179999855 ], [ -57.689086913999915, -38.207580566 ], [ -57.691406249999886, -38.208007812999881 ], [ -57.692810058999839, -38.208801269999924 ], [ -57.695190429999911, -38.21011352499994 ], [ -57.6964721679999, -38.210998534999987 ], [ -57.697875976999967, -38.211791991999917 ], [ -57.698669433999896, -38.212219237999818 ], [ -57.699401854999905, -38.213012694999918 ], [ -57.700195312999938, -38.214599608999947 ], [ -57.701599120999902, -38.215576171999942 ], [ -57.70397949199986, -38.216979979999905 ], [ -57.705810546999771, -38.217895507999913 ], [ -57.7081909179999, -38.219177245999902 ], [ -57.713012694999861, -38.221008300999983 ], [ -57.714904784999931, -38.222290038999972 ], [ -57.717102050999927, -38.223510741999803 ], [ -57.719299316, -38.224304199000017 ], [ -57.722106933999953, -38.22521972699991 ], [ -57.724487304999911, -38.226379394999924 ], [ -57.726684569999804, -38.227600097999868 ], [ -57.727783202999944, -38.228881835999857 ], [ -57.729309081999986, -38.229187011999898 ], [ -57.731506347999982, -38.22961425799997 ], [ -57.7335815429999, -38.230102538999972 ], [ -57.73468017599987, -38.230407714999899 ], [ -57.737121581999986, -38.231323241999803 ], [ -57.738891601999967, -38.231994628999928 ], [ -57.741577147999863, -38.23327636699986 ], [ -57.747619628999871, -38.235107422 ], [ -57.74890136699986, -38.235473633000026 ], [ -57.752380370999958, -38.236572265999882 ], [ -57.754882812999881, -38.237304688 ], [ -57.758605956999816, -38.238891602000024 ], [ -57.759887694999918, -38.239807128999928 ], [ -57.761108397999863, -38.240112304999855 ], [ -57.763183593999941, -38.24108886699986 ], [ -57.766113280999889, -38.242187499999886 ], [ -57.767517089999956, -38.242797852000024 ], [ -57.769775390999939, -38.244018554999855 ], [ -57.770629883000026, -38.244384765999882 ], [ -57.771606444999748, -38.244506836000028 ], [ -57.772888183999839, -38.244812011999954 ], [ -57.775207519999867, -38.245300292999957 ], [ -57.7767578079999, -38.245598426000015 ], [ -57.776794433999896, -38.245605468999884 ], [ -57.779296874999943, -38.247009276999961 ], [ -57.782226562999938, -38.248107909999817 ], [ -57.783691406, -38.248718261999954 ], [ -57.784729003999871, -38.249572753999871 ], [ -57.786926269999867, -38.250183105000019 ], [ -57.787780761999954, -38.250671387000011 ], [ -57.788696288999859, -38.251403808999953 ], [ -57.790588378999814, -38.252380371000015 ], [ -57.793212891, -38.254211425999813 ], [ -57.796203612999932, -38.255798340000013 ], [ -57.797607421999885, -38.256591796999942 ], [ -57.799499511999954, -38.257080077999831 ], [ -57.800781249999943, -38.257873534999874 ], [ -57.802124022999863, -38.258178710999971 ], [ -57.803283690999876, -38.259582519999867 ], [ -57.804992675999813, -38.259582519999867 ], [ -57.806823729999792, -38.260498046999942 ], [ -57.807128905999889, -38.261413574000017 ], [ -57.807983397999976, -38.261779784999931 ], [ -57.810180663999972, -38.262390136999898 ], [ -57.810729979999962, -38.2628784179999 ], [ -57.811279296999942, -38.263305663999802 ], [ -57.812011718999941, -38.263977050999927 ], [ -57.813415527000018, -38.263671875 ], [ -57.814086913999972, -38.263610840000013 ], [ -57.814270019999924, -38.263793944999975 ], [ -57.815002440999876, -38.264404296999942 ], [ -57.815612793000014, -38.264892577999831 ], [ -57.815979003999928, -38.266296386999898 ], [ -57.817687987999932, -38.266113280999946 ], [ -57.818603515999769, -38.265991210999971 ], [ -57.820007323999903, -38.26647949199986 ], [ -57.820007323999903, -38.268127440999876 ], [ -57.820495604999905, -38.268127440999876 ], [ -57.821289063, -38.268005370999902 ], [ -57.823425292999843, -38.268615722999868 ], [ -57.824279784999931, -38.27038574199986 ], [ -57.825195313, -38.270507812999824 ], [ -57.826477050999927, -38.270812987999875 ], [ -57.827270507999913, -38.271423340000013 ], [ -57.828186034999931, -38.272399901999904 ], [ -57.828796386999954, -38.272583008000026 ], [ -57.830993651999961, -38.2745971679999 ], [ -57.833923339999899, -38.277587890999882 ], [ -57.834472655999946, -38.278686522999919 ], [ -57.834289550999983, -38.280700683999953 ], [ -57.834411620999958, -38.282775878999985 ], [ -57.834899901999961, -38.284790038999915 ], [ -57.835141454974575, -38.285484502936583 ], [ -57.836041332515947, -38.286689854842336 ], [ -57.836578920761156, -38.287481071091122 ], [ -57.837585449000017, -38.288208008000026 ], [ -57.838623046999828, -38.289001464999842 ], [ -57.840026854999962, -38.289123534999817 ], [ -57.840270995999845, -38.289123534999817 ], [ -57.841308593999884, -38.28967285199991 ], [ -57.846374511999898, -38.2921752929999 ], [ -57.846984862999875, -38.292785644999867 ], [ -57.848081042271247, -38.293991441929052 ], [ -57.849903402619191, -38.294912034736456 ], [ -57.850585937999938, -38.295227050999813 ], [ -57.850783782280814, -38.295321672153136 ], [ -57.86003009335866, -38.298488367156438 ], [ -57.860104020456333, -38.298514423917425 ], [ -57.865349571029924, -38.300072296345547 ], [ -57.865424403156169, -38.300096951324974 ], [ -57.865758388104496, -38.30022077901225 ], [ -57.86583451158873, -38.300240262245325 ], [ -57.867166446269835, -38.300449735461541 ], [ -57.868545396958268, -38.300540465485653 ], [ -57.877766719729038, -38.303586821976523 ], [ -57.914241244317964, -38.309004267705973 ], [ -57.914316360862415, -38.309028223123619 ], [ -57.914445052046517, -38.309066364179557 ], [ -57.927888937535897, -38.313237455467174 ], [ -57.917390195236635, -38.309248998177964 ], [ -57.915025081980389, -38.304870573644166 ], [ -57.91496544732928, -38.304851881239472 ], [ -57.914868218963932, -38.304789984322895 ], [ -57.914815691064575, -38.304717561376947 ], [ -57.895450363985333, -38.282683117188412 ], [ -57.911717303434386, -38.277442322985451 ], [ -57.918818993937691, -38.276122424369191 ], [ -57.918850902848305, -38.276138733226389 ], [ -57.918922705362206, -38.276115686873936 ], [ -57.918951201237803, -38.276137787232017 ], [ -57.9344577573886, -38.273685701972511 ], [ -57.940659983706269, -38.270255347228897 ], [ -57.941805618665342, -38.27099462418613 ], [ -57.94766783392754, -38.263122795443792 ], [ -57.947698896256327, -38.263114549249849 ], [ -57.956154357247726, -38.245063759026209 ], [ -57.983587961782803, -38.248534839405352 ], [ -57.994369141637719, -38.251247862979312 ], [ -58.005031104340219, -38.247605971553639 ], [ -58.010051471027907, -38.252415982684113 ], [ -58.015657591955573, -38.253306988034865 ], [ -58.015702203120838, -38.253288156116241 ], [ -58.036434017180454, -38.248451781025437 ], [ -58.03853019488156, -38.247553136591364 ], [ -58.040358551180248, -38.24676930886028 ], [ -58.040402248647581, -38.246759092176092 ], [ -58.042101774851176, -38.246066955991466 ], [ -58.044873722467401, -38.245013410953391 ], [ -58.043202184587585, -38.246559834612754 ], [ -58.047456506954234, -38.249246076176519 ], [ -58.065755827538226, -38.276467478023619 ], [ -58.066581004695877, -38.277047524300315 ], [ -58.094036199198797, -38.28515615724541 ], [ -58.094682640028907, -38.285069008859239 ], [ -58.0949042820871, -38.285053976849554 ], [ -58.094956209121278, -38.285049662478002 ], [ -58.094955800574439, -38.285001762843081 ], [ -58.094960430424123, -38.285002220792592 ], [ -58.095006331826255, -38.284643912347633 ], [ -58.095012751677416, -38.284593796910144 ], [ -58.114801584243878, -38.275636713467634 ], [ -58.123885517848748, -38.276326245104656 ], [ -58.125824326778684, -38.277584878376047 ], [ -58.147280201568776, -38.283077623450026 ], [ -58.153691418494759, -38.286990707845291 ], [ -58.15384946119184, -38.286973510578207 ], [ -58.153899137358735, -38.286989178693659 ], [ -58.155603143859764, -38.286807368700011 ], [ -58.159947004663366, -38.286262537521452 ], [ -58.160000394028998, -38.286279173714775 ], [ -58.196883918672825, -38.282247665112607 ], [ -58.196878734020459, -38.282226869133467 ], [ -58.18389981996188, -38.273365338245185 ], [ -58.183909813080049, -38.27334910793536 ], [ -58.185069159866259, -38.273085528213301 ], [ -58.175531195221481, -38.261239355227644 ], [ -58.158553518005476, -38.230794230395247 ], [ -58.151392207230799, -38.236769966146198 ], [ -58.148857982068876, -38.234274626741581 ], [ -58.14883400022029, -38.234267261344769 ], [ -58.147926057844359, -38.233351064991552 ], [ -58.147843139505426, -38.233267828218004 ], [ -58.147820249771996, -38.233260799035804 ], [ -58.138616202864, -38.229075960950127 ], [ -58.136066600253173, -38.21927895393469 ], [ -58.139774032176149, -38.213793587000509 ], [ -58.143421663817264, -38.205075245700868 ], [ -58.145906109181908, -38.199454235878648 ], [ -58.145953760640225, -38.199419936839377 ], [ -58.147001488469698, -38.196335083098575 ], [ -58.146945388353117, -38.196336150407831 ], [ -58.146936979339671, -38.196336562419788 ], [ -58.140680530741633, -38.19764926878463 ], [ -58.131749019077404, -38.199376343832739 ], [ -58.131713794712368, -38.199390407799797 ], [ -58.125963965930907, -38.198016803933683 ], [ -58.125942038654216, -38.198008551101509 ], [ -58.112905549382219, -38.196647828321431 ], [ -58.103833556059158, -38.183003064794377 ], [ -58.100611828402862, -38.1728603268391 ], [ -58.09470524340469, -38.172714405248371 ], [ -58.100074115360599, -38.167616088029035 ], [ -58.100103528333193, -38.167554218110354 ], [ -58.103713496711464, -38.166315392280239 ], [ -58.103718966755537, -38.166324998332016 ], [ -58.103732627970146, -38.166313190560913 ], [ -58.120070185674194, -38.174361658897226 ], [ -58.125267343183964, -38.151148982758286 ], [ -58.114794043479492, -38.150557471031846 ], [ -58.114747337991673, -38.150562846128935 ], [ -58.102092133405336, -38.141779753557273 ], [ -58.097621015301058, -38.114087583750006 ], [ -58.090614108899217, -38.096036293556267 ], [ -58.090610232345227, -38.096018736908775 ], [ -58.092667226720664, -38.086386509005933 ], [ -58.092675353368008, -38.086363696218086 ], [ -58.080969641987792, -38.082361733025891 ], [ -58.072916086575219, -38.08014770368186 ], [ -58.051905636461697, -38.034862732249451 ], [ -58.051898232494921, -38.034848273133605 ], [ -58.051943081573427, -38.03480467447315 ], [ -58.053614507951636, -38.028633429227966 ], [ -58.056073831804895, -38.020853905525371 ], [ -58.045362828459645, -38.005034086887463 ], [ -58.045414226484183, -38.004994676342505 ], [ -58.042816206702128, -38.001646141962226 ], [ -58.039491739787366, -38.002117456864369 ], [ -58.039440986735201, -38.002115598983323 ], [ -58.039439480483452, -38.002157527813836 ], [ -58.029700701137926, -38.003529738082648 ], [ -58.028099579282184, -38.000028216905662 ], [ -58.02808366535487, -38.000014870521795 ], [ -58.030981721068599, -37.994883052701255 ], [ -58.021451507658867, -37.982974061747598 ], [ -58.026628119568045, -37.972645346030049 ], [ -58.026633309730812, -37.972606880435592 ], [ -58.025754415776873, -37.970889692397634 ], [ -58.03082234941769, -37.967683311067162 ], [ -58.031580235859394, -37.96655309443787 ], [ -58.032360855131742, -37.953733475438639 ], [ -58.044484457648934, -37.945958463695149 ], [ -58.045582477533515, -37.946207750325129 ], [ -58.045620551874435, -37.94621358659856 ], [ -58.04565034081395, -37.946225271913761 ], [ -58.068016962891591, -37.957903224399217 ], [ -58.068555880052884, -37.958235853011615 ], [ -58.068572024136984, -37.958254108930078 ], [ -58.070069321265123, -37.962822530233382 ], [ -58.070090739484328, -37.962842312323687 ], [ -58.083488685848977, -37.982716594544684 ], [ -58.105677790286279, -37.983617659147853 ], [ -58.105689023955904, -37.983619649896582 ], [ -58.108416630848353, -37.984481681458533 ], [ -58.109199916211935, -37.983759250379137 ], [ -58.120197271539382, -37.983267122506049 ], [ -58.120268682260644, -37.983299116707542 ], [ -58.119525819045521, -37.987992611224229 ], [ -58.127576066007975, -37.992488765807423 ], [ -58.13113720540656, -37.993966394782092 ], [ -58.133666814527828, -37.99500401503883 ], [ -58.133717323367193, -37.994986157932374 ], [ -58.134475993979379, -37.995336521833906 ], [ -58.145662933294375, -38.001480863958136 ], [ -58.145668762786613, -38.001451862183671 ], [ -58.162517345680385, -37.99804665973403 ], [ -58.204393275374798, -37.97398275044128 ], [ -58.217300443576789, -37.975448485962431 ], [ -58.221223331890428, -37.969898171997272 ], [ -58.221230462952576, -37.969892194830777 ], [ -58.222705760778808, -37.966166312165967 ], [ -58.224045042016144, -37.956908734620981 ], [ -58.218731099742513, -37.942079735314508 ], [ -58.218704972014507, -37.942046334591282 ], [ -58.210516981797753, -37.937603540909549 ], [ -58.213776017721614, -37.925154572314455 ], [ -58.213760594643418, -37.925124815556387 ], [ -58.213007698005299, -37.925672906666591 ], [ -58.212971859548077, -37.925647536414544 ], [ -58.21331860694437, -37.925258452447395 ], [ -58.21609301047306, -37.915581762039722 ], [ -58.214482124812719, -37.908307819198455 ], [ -58.214504218528759, -37.908277978860667 ], [ -58.214508015954493, -37.908264121174909 ], [ -58.217825242154447, -37.907303750053302 ], [ -58.224408603972904, -37.904216101360987 ], [ -58.224410356759961, -37.904171317603129 ], [ -58.224446568690382, -37.904168374970141 ], [ -58.22547521665291, -37.904929397301999 ], [ -58.235700383611231, -37.907407297086536 ], [ -58.236129282105082, -37.907526234634247 ], [ -58.236229873755747, -37.907534764863158 ], [ -58.236238281215549, -37.907531534651469 ], [ -58.236239402835054, -37.907528907785832 ], [ -58.236242319552616, -37.907479195617327 ], [ -58.240361423033278, -37.907580622670537 ], [ -58.240364914349698, -37.907583754202221 ], [ -58.240959925046752, -37.907721365689326 ], [ -58.240978728706978, -37.907738300949006 ], [ -58.241396631621683, -37.908037779201834 ], [ -58.254270002245278, -37.911160673602069 ], [ -58.253025765761834, -37.905012264842981 ], [ -58.26656342027394, -37.903683996064444 ], [ -58.266589504000194, -37.903707366811318 ], [ -58.273194507576989, -37.898822936190186 ], [ -58.274202528783405, -37.897438301841419 ], [ -58.274209465888191, -37.89743423982037 ], [ -58.277603954434483, -37.897260861341977 ], [ -58.278208937927047, -37.894614731158356 ], [ -58.27962519668273, -37.895595382222552 ], [ -58.282304840460881, -37.896890544371104 ], [ -58.28344719935825, -37.896917102832731 ], [ -58.283478654919406, -37.896917363945022 ], [ -58.28808280807209, -37.896972700438312 ], [ -58.288082913460698, -37.896957531710882 ], [ -58.288074379118314, -37.893754513763383 ], [ -58.288134447770858, -37.893707644788606 ], [ -58.288136625355094, -37.893581644454969 ], [ -58.288138334625671, -37.89358031800225 ], [ -58.294230536312909, -37.893644685702327 ], [ -58.294265631144413, -37.893644977161273 ], [ -58.298918130756022, -37.893665935612489 ], [ -58.298915186223724, -37.892692111032602 ], [ -58.298936248952089, -37.892675804490182 ], [ -58.298964182481654, -37.891093737348967 ], [ -58.298997268834398, -37.891068024970707 ], [ -58.302005124268362, -37.891233944411283 ], [ -58.302021259299181, -37.891234110920664 ], [ -58.305701087901468, -37.891404306561014 ], [ -58.30570083676821, -37.891431037845393 ], [ -58.308714556611505, -37.891590938393222 ], [ -58.308763513049939, -37.891591335798353 ], [ -58.311690855994527, -37.891721441058166 ], [ -58.311691037421156, -37.891692860933858 ], [ -58.311418639636827, -37.88697117501755 ], [ -58.31116255532902, -37.886952078097067 ], [ -58.310746333121301, -37.878652982116648 ], [ -58.310746548804218, -37.878616993848652 ], [ -58.310770983971111, -37.875595806015156 ], [ -58.310211927710327, -37.875590739521897 ], [ -58.310445406922838, -37.869626987470554 ], [ -58.308330295054986, -37.864633543509058 ], [ -58.308337318710926, -37.864628061357791 ], [ -58.31465542876748, -37.859017689855932 ], [ -58.314822923659221, -37.858288053187778 ], [ -58.314826444886535, -37.858285304775677 ], [ -58.318137998048371, -37.859336559412554 ], [ -58.320941134296902, -37.859373479546548 ], [ -58.323381138498519, -37.85657057565254 ], [ -58.323382347888526, -37.85656771071433 ], [ -58.322463783686942, -37.854661744236807 ], [ -58.319750071547048, -37.850329544936244 ], [ -58.318905403000372, -37.845939114938801 ], [ -58.31789493805536, -37.840974140186233 ], [ -58.322057315192865, -37.823589591462564 ], [ -58.3223623054065, -37.817551611187071 ], [ -58.322363156270853, -37.817532631393419 ], [ -58.322528603286571, -37.813717373141174 ], [ -58.322539985009257, -37.813709144673453 ], [ -58.323632938650007, -37.813762085881535 ], [ -58.323688306220731, -37.813722006027149 ], [ -58.323697085575816, -37.813715634147513 ], [ -58.327419569059884, -37.813872333043946 ], [ -58.327437427659447, -37.813873076380332 ], [ -58.33931321922222, -37.81428795394271 ], [ -58.345025186136866, -37.814459672280464 ], [ -58.345053317931558, -37.814451702754297 ], [ -58.354495624930564, -37.80487870548933 ], [ -58.34837402364559, -37.801824801910243 ], [ -58.350672431231374, -37.786432835954315 ], [ -58.355436018423347, -37.784854924734304 ], [ -58.355476800330791, -37.784825388097204 ], [ -58.359167244567573, -37.780624910895483 ], [ -58.365058000645888, -37.77884548928904 ], [ -58.367843982952422, -37.77943490312822 ], [ -58.371816126877206, -37.771014019006998 ], [ -58.375492480037167, -37.764811340238623 ], [ -58.376923834557658, -37.760189155860473 ], [ -58.376966511771002, -37.760191051013749 ], [ -58.377137789721644, -37.759497718842056 ], [ -58.377185241411439, -37.759463043321205 ], [ -58.381748587246875, -37.759184931407901 ], [ -58.381776629947126, -37.759164430037742 ], [ -58.385875046665319, -37.753822698252861 ], [ -58.389366906975795, -37.750296851449377 ], [ -58.391515226809474, -37.746437968026498 ], [ -58.391517656687654, -37.746412363069965 ], [ -58.392865962930557, -37.741402739999899 ], [ -58.392923218722558, -37.741361305347368 ], [ -58.398200671470079, -37.741545980640751 ], [ -58.398199286647866, -37.741577266924651 ], [ -58.401344001181883, -37.740931876041032 ], [ -58.401397862798319, -37.740892931762517 ], [ -58.401855227191163, -37.739488597177342 ], [ -58.401857226142283, -37.739442010393759 ], [ -58.402061649852158, -37.738784547833006 ], [ -58.404104339173955, -37.728852688022243 ], [ -58.404154100689198, -37.728816731662391 ], [ -58.409270908526139, -37.729000015766019 ], [ -58.409517927169873, -37.72475005781007 ], [ -58.409518770278737, -37.724739247646482 ], [ -58.409573748142691, -37.724717691325225 ], [ -58.438233047021413, -37.686094020528685 ], [ -58.442997330471712, -37.67892998760226 ], [ -58.443291137891549, -37.678196136596966 ], [ -58.444214247378, -37.677852019432692 ], [ -58.444867719408421, -37.67750448561543 ], [ -58.444301474470137, -37.676519607556486 ], [ -58.444306349047849, -37.676518113759926 ], [ -58.444329513867842, -37.676492346274529 ], [ -58.44433445313615, -37.676488834158249 ], [ -58.444368857256393, -37.676451080201559 ], [ -58.444412089795662, -37.676406390269563 ], [ -58.444415075073721, -37.676400057498199 ], [ -58.444517725408332, -37.676280283991332 ], [ -58.444528778986296, -37.676274246674495 ], [ -58.446006534598155, -37.674881623129352 ], [ -58.445754194831181, -37.674885820215707 ], [ -58.445743639181046, -37.674869017676883 ], [ -58.44585327709899, -37.674692524366321 ], [ -58.445850022599757, -37.674686510491483 ], [ -58.445850722275111, -37.674670825748024 ], [ -58.444678099157102, -37.674763336431511 ], [ -58.444615298127587, -37.674808860138114 ], [ -58.443697689193868, -37.674953730481263 ], [ -58.443635676904933, -37.674998441405137 ], [ -58.442881502946022, -37.675105351896093 ], [ -58.442819946859117, -37.675149121970662 ], [ -58.442193097023619, -37.675332703261745 ], [ -58.442189387577343, -37.675331249588567 ], [ -58.404782627847453, -37.684443573468172 ], [ -58.389211247282674, -37.69768185650986 ], [ -58.372132994124343, -37.69698645949461 ], [ -58.372119078034189, -37.696995926318493 ], [ -58.370568461957134, -37.697564719262573 ], [ -58.363678516627317, -37.696232449013962 ], [ -58.363679857205966, -37.696198421391841 ], [ -58.363632630128166, -37.696204591756782 ], [ -58.359953217141879, -37.696833513973388 ], [ -58.350190953969218, -37.707676097360434 ], [ -58.35016487515685, -37.707694961824643 ], [ -58.327356152073094, -37.70872959387259 ], [ -58.324668255448444, -37.708788093749263 ], [ -58.324459036735334, -37.708736396350901 ], [ -58.319562914437597, -37.708554344764366 ], [ -58.319551801385956, -37.708589403312999 ], [ -58.315982481995775, -37.715257532523651 ], [ -58.315847606713362, -37.716071588178977 ], [ -58.315772677274822, -37.71694379242399 ], [ -58.315779399492442, -37.717192346290688 ], [ -58.314969681658681, -37.718882691849331 ], [ -58.314021755940928, -37.718251157039106 ], [ -58.300015435721093, -37.720141144764739 ], [ -58.293176371891263, -37.718171493927628 ], [ -58.293113346870541, -37.718115575116201 ], [ -58.293084859768612, -37.718121786575978 ], [ -58.278289801347455, -37.713327017160964 ], [ -58.278340038983913, -37.717116057634428 ], [ -58.278551093488261, -37.732880356262228 ], [ -58.278491195171284, -37.733203881539396 ], [ -58.278429919838231, -37.733248808916926 ], [ -58.278112792001082, -37.733369193880435 ], [ -58.277930834382062, -37.733335587355953 ], [ -58.273065786321922, -37.715234790879606 ], [ -58.261245196972709, -37.727478513225549 ], [ -58.261207005083236, -37.727506307167801 ], [ -58.25997260865654, -37.729805170169186 ], [ -58.244037489279549, -37.733258076318975 ], [ -58.229434365276461, -37.740155655585397 ], [ -58.229434319652341, -37.740161714514159 ], [ -58.224795188903272, -37.756889376092431 ], [ -58.225507767404622, -37.75933265753423 ], [ -58.222951182529812, -37.760897976905312 ], [ -58.221538253601182, -37.761902927435301 ], [ -58.218450140787183, -37.761277035917772 ], [ -58.200080465922042, -37.75439339606703 ], [ -58.174883240692964, -37.746727482172162 ], [ -58.169733962329076, -37.746627237295684 ], [ -58.166055975108691, -37.745404974999303 ], [ -58.16417059345531, -37.743170946836301 ], [ -58.164179171842932, -37.743136061551013 ], [ -58.162394198001209, -37.74030629865257 ], [ -58.162375353851417, -37.740279249900539 ], [ -58.161056055141842, -37.737355360756339 ], [ -58.158570755867288, -37.739567101602859 ], [ -58.158557417257327, -37.73962808617955 ], [ -58.156614664833512, -37.742329488738449 ], [ -58.149735845386658, -37.744820535785777 ], [ -58.149738722418078, -37.744846754413629 ], [ -58.146705702813449, -37.746382561428902 ], [ -58.144801426544348, -37.746735855662678 ], [ -58.142301694556693, -37.745910576941583 ], [ -58.14228384497676, -37.745895407268506 ], [ -58.141631519037901, -37.745687802547081 ], [ -58.141611804476383, -37.745671047897702 ], [ -58.140918086782563, -37.744128148568677 ], [ -58.140903509685302, -37.744115738855612 ], [ -58.137857278212948, -37.742587262881216 ], [ -58.12558468113366, -37.733803421266487 ], [ -58.125541487398834, -37.733766584558168 ], [ -58.116479729632545, -37.731822902013107 ], [ -58.118172154070294, -37.737203541424719 ], [ -58.120185109531633, -37.743408996800667 ], [ -58.10912999842634, -37.73701186233319 ], [ -58.105741412373789, -37.73466379596573 ], [ -58.105727947553078, -37.734660533139277 ], [ -58.102124897039459, -37.718701880944877 ], [ -58.098084282374828, -37.713007290693326 ], [ -58.089837397407223, -37.705262247997723 ], [ -58.090973847952341, -37.700382390354662 ], [ -58.093891753652315, -37.687853059894508 ], [ -58.093940426448512, -37.687855874842796 ], [ -58.094734317812481, -37.688162842961617 ], [ -58.094221299383662, -37.685127224372309 ], [ -58.094172252783096, -37.685071653864497 ], [ -58.093203050531031, -37.684778466770695 ], [ -58.091289277103499, -37.684263626395818 ], [ -58.091246654819201, -37.684262065914481 ], [ -58.091231451889882, -37.684260693885051 ], [ -58.086577813814017, -37.68376539235129 ], [ -58.07714755539098, -37.694464370474691 ], [ -58.077115464544306, -37.694487530093227 ], [ -58.071729678977704, -37.697496272970568 ], [ -58.060357859964881, -37.700599987624571 ], [ -58.033637410510266, -37.67673366704031 ], [ -58.024299492959528, -37.674493840430273 ], [ -58.022280546067634, -37.673032129068531 ], [ -58.022278804659663, -37.673032231917659 ], [ -58.021077540072554, -37.672257205422397 ], [ -58.021356498169155, -37.671553493978251 ], [ -58.021623471685245, -37.671044718271787 ], [ -58.021626525169665, -37.671044847911276 ], [ -58.021793007635779, -37.670731114090074 ], [ -58.026081397799373, -37.66461093117681 ], [ -58.026081151607798, -37.66460228753084 ], [ -58.030802752472368, -37.654858064702751 ], [ -58.030835839461645, -37.654833963855367 ], [ -58.037710874628033, -37.644104960904144 ], [ -58.037700166187392, -37.644093866749756 ], [ -58.037910657254372, -37.640301746808916 ], [ -58.033654743856346, -37.640136131245015 ], [ -58.033610154656515, -37.640130109401014 ], [ -58.030537850952044, -37.641355793782452 ], [ -58.030531916248719, -37.64140014388488 ], [ -58.017840759412877, -37.643252256890264 ], [ -58.017808857227976, -37.643275554080674 ], [ -58.01594792571882, -37.643532960964649 ], [ -57.991302195417347, -37.649966242274559 ], [ -57.983001685385602, -37.651858880530767 ], [ -57.97667219859153, -37.652440743268983 ], [ -57.975243756794498, -37.654000676490114 ], [ -57.956491604656037, -37.657013333447821 ], [ -57.94441190034479, -37.655721790033795 ], [ -57.940303778180578, -37.643885537325559 ], [ -57.912994950823077, -37.652927259480009 ], [ -57.899651554648585, -37.640870476927034 ], [ -57.89182334719851, -37.641098163809545 ], [ -57.875125115061053, -37.645130693488454 ], [ -57.860680668240832, -37.613949580901306 ], [ -57.856771973841887, -37.609298745577973 ], [ -57.847761277328345, -37.577686982689556 ], [ -57.84774263182436, -37.577686246820747 ], [ -57.8397348778376, -37.577796713029556 ], [ -57.807841599395317, -37.591845471854072 ], [ -57.807827015469002, -37.591849619326581 ], [ -57.80244062691628, -37.594175297919037 ], [ -57.800705743518961, -37.594639513133757 ], [ -57.796807213999841, -37.587018048516654 ], [ -57.779488509554312, -37.561704199421285 ], [ -57.76664585070796, -37.548914874400225 ], [ -57.75770426353364, -37.536043775819849 ], [ -57.763809083125977, -37.524512680627311 ], [ -57.764429641879929, -37.51568640217215 ], [ -57.764446883073845, -37.515640150329205 ], [ -57.765397909752949, -37.503862066798774 ], [ -57.772070469646621, -37.503512313792044 ], [ -57.772122705663548, -37.503539245914169 ], [ -57.772160000165513, -37.503510731790811 ], [ -57.781945169161133, -37.502084967358599 ], [ -57.802480013692502, -37.503299582394106 ], [ -57.805175147343959, -37.503732645279854 ], [ -57.805220023036384, -37.503739303244345 ], [ -57.81818080077818, -37.507499560547103 ], [ -57.818233969037465, -37.507490421005627 ], [ -57.835758654873302, -37.501376598882018 ], [ -57.845753298245427, -37.499124603036307 ], [ -57.826412520277188, -37.47873541838635 ], [ -57.82857447636826, -37.460834453047312 ], [ -57.828224366088193, -37.45874551301722 ], [ -57.828172473006248, -37.458730090465338 ], [ -57.828153032807563, -37.458723676306192 ], [ -57.823260749995541, -37.44110993065209 ], [ -57.823288871192574, -37.44108825965759 ], [ -57.82461619116765, -37.44118076411894 ], [ -57.824514446872001, -37.439505410075981 ], [ -57.824543700724234, -37.4394829780598 ], [ -57.823639873450588, -37.420201895865318 ], [ -57.82263590532142, -37.420437793413498 ], [ -57.823179624016973, -37.40966700437167 ], [ -57.822202921624523, -37.401624283008118 ], [ -57.822791897527679, -37.400323412505145 ], [ -57.819929453473435, -37.400487364214939 ], [ -57.792325895467343, -37.360713295256119 ], [ -57.802241114011053, -37.348487079471511 ], [ -57.790177551622207, -37.342787660488113 ], [ -57.786472797099123, -37.338377010875547 ], [ -57.790734141558914, -37.308874182322086 ], [ -57.790606401951948, -37.304133257730257 ], [ -57.790820475490136, -37.300569785970026 ], [ -57.791052395211864, -37.296709246337514 ], [ -57.789146329500227, -37.286756478490474 ], [ -57.789151335458598, -37.286738661015875 ], [ -57.789162036112998, -37.286582362286879 ], [ -57.78916692634175, -37.286564363081482 ], [ -57.789138006191763, -37.285960614294254 ], [ -57.789143291846187, -37.285941869953774 ], [ -57.78779849186617, -37.283881365971126 ], [ -57.787358735555244, -37.28230016014146 ], [ -57.784863866359103, -37.279851406357466 ], [ -57.784864321551368, -37.279849904962191 ], [ -57.784863625818446, -37.279849836350422 ], [ -57.784863900230675, -37.279848295779743 ], [ -57.784285438109009, -37.279739155087498 ], [ -57.784634549660495, -37.279642791734034 ], [ -57.784832327724473, -37.279557992504976 ], [ -57.785194863684751, -37.279456260754557 ], [ -57.785201536019599, -37.279458089245168 ], [ -57.788508504553192, -37.278380805269705 ], [ -57.792381490543278, -37.277732277399366 ], [ -57.790335035437863, -37.272855112333957 ], [ -57.790330242340247, -37.272834899895827 ], [ -57.78918096833803, -37.273169788020709 ], [ -57.787620704573442, -37.271207240169474 ], [ -57.787619788945619, -37.271207483702938 ], [ -57.787583693754073, -37.271160686805445 ], [ -57.78756757716485, -37.271142123104596 ], [ -57.787548318931613, -37.271120556695735 ], [ -57.787548552208932, -37.271119693049513 ], [ -57.787601304024918, -37.271100151751341 ], [ -57.788777603086601, -37.26705664230434 ], [ -57.788785268515539, -37.267030186529269 ], [ -57.78886256928007, -37.265854928896772 ], [ -57.78887119869853, -37.265826799536342 ], [ -57.788857358442613, -37.265636147153145 ], [ -57.788865735937065, -37.265607451885273 ], [ -57.78891261632134, -37.265601576106405 ], [ -57.78883070119673, -37.263921071327957 ], [ -57.788839751478463, -37.26388874576503 ], [ -57.791079542126795, -37.259951691132471 ], [ -57.790977415520501, -37.258111998269442 ], [ -57.790991032109787, -37.258063631274069 ], [ -57.790877604160642, -37.255889577071628 ], [ -57.790900231363082, -37.255876574272691 ], [ -57.790914695755589, -37.255825481095997 ], [ -57.790908260739798, -37.255691285274338 ], [ -57.790931058554008, -37.255679657947496 ], [ -57.788994618137963, -37.244068545658877 ], [ -57.788462291095357, -37.240876631269373 ], [ -57.788207902406839, -37.24138485143709 ], [ -57.787562972019771, -37.242524114734124 ], [ -57.787264635538691, -37.242915019669852 ], [ -57.784460863890558, -37.246588774185 ], [ -57.770616812511435, -37.255229561933561 ], [ -57.757519448798291, -37.262256818911624 ], [ -57.758514959373429, -37.26726371528656 ] ] ] ] } }
]
}
