{
"type": "FeatureCollection",
"name": "Tiempos de viaje VDM Viedma",
"crs": { "type": "name", "properties": { "name": "urn:ogc:def:crs:OGC:1.3:CRS84" } },
"features": [
{ "type": "Feature", "properties": { "Name": "VDM : 120 - 180", "FromBreak": 120.0, "ToBreak": 180.0, "IATA": "VDM" }, "geometry": { "type": "MultiPolygon", "coordinates": [ [ [ [ -62.212087462838667, -38.689677525438185 ], [ -62.211729912701514, -38.688865851383639 ], [ -62.212346526950626, -38.68881012969257 ], [ -62.212348008731738, -38.68880907569428 ], [ -62.21255258689439, -38.689390363141513 ], [ -62.213069320353611, -38.689400930274303 ], [ -62.213594903648925, -38.68861100808067 ], [ -62.213598539773102, -38.688611139671764 ], [ -62.213774776181594, -38.689422981883069 ], [ -62.214687655041473, -38.689626847373063 ], [ -62.215869605713294, -38.689218045309588 ], [ -62.215900376036757, -38.689242892948471 ], [ -62.216143508515415, -38.68943753549712 ], [ -62.216150610467082, -38.689052827254898 ], [ -62.215445750880633, -38.688116885713384 ], [ -62.215446905958174, -38.688116005284314 ], [ -62.215927530245324, -38.687788640886765 ], [ -62.216459134531249, -38.688817662478016 ], [ -62.217236650334087, -38.688828561913112 ], [ -62.217714606359777, -38.687864817858269 ], [ -62.217776363083885, -38.687865867321534 ], [ -62.217786987657007, -38.687866077786509 ], [ -62.21890701409643, -38.688780717192572 ], [ -62.218878300239965, -38.688863605380277 ], [ -62.219489920921205, -38.688867939909642 ], [ -62.219829813466959, -38.688136068597657 ], [ -62.219902828316208, -38.688080423215467 ], [ -62.222047044456701, -38.68831944512749 ], [ -62.222057683780861, -38.688321627475602 ], [ -62.222119075967328, -38.688371221513535 ], [ -62.222153359078789, -38.688399313623677 ], [ -62.222214720709189, -38.688448882977809 ], [ -62.222716849736457, -38.688852133434864 ], [ -62.222521323048454, -38.689486703132616 ], [ -62.223521461461246, -38.689501234997124 ], [ -62.224151817759889, -38.689520672036451 ], [ -62.225304629167624, -38.68953364089873 ], [ -62.226223893054453, -38.688917612564239 ], [ -62.225581714341558, -38.689707877379703 ], [ -62.225581769419875, -38.689707921824038 ], [ -62.22549168213942, -38.689684579632853 ], [ -62.225489732362746, -38.689777486446928 ], [ -62.225608724104063, -38.689779016236002 ], [ -62.225581805434388, -38.689707950882678 ], [ -62.226386054731506, -38.689100758995437 ], [ -62.226448181278329, -38.689101746943095 ], [ -62.226455969888718, -38.689101880130693 ], [ -62.227268870870716, -38.689757425482469 ], [ -62.227275537302546, -38.689807758903555 ], [ -62.227332156423131, -38.68980847180876 ], [ -62.227335877938231, -38.689762111856794 ], [ -62.22822083767403, -38.690463974801787 ], [ -62.229099582879712, -38.689848178790271 ], [ -62.229722006589554, -38.69035847267611 ], [ -62.229615682370422, -38.69071558788886 ], [ -62.230164918381035, -38.69072237297496 ], [ -62.230700732003299, -38.689879348842965 ], [ -62.23099114529532, -38.690974024412526 ], [ -62.23216065840478, -38.690984446635582 ], [ -62.232688816801328, -38.690995869380117 ], [ -62.23333853925601, -38.690551915329081 ], [ -62.233591889230809, -38.690756038826692 ], [ -62.233522999693378, -38.691344198023728 ], [ -62.233891494770489, -38.690999551013533 ], [ -62.233648609076852, -38.691433222519606 ], [ -62.233612753580587, -38.69162642270328 ], [ -62.233762419128993, -38.691513853478568 ], [ -62.233792571387198, -38.691488228430899 ], [ -62.233923841465469, -38.691582579744079 ], [ -62.234583347692023, -38.691636868176147 ], [ -62.234568747256901, -38.691585344779583 ], [ -62.234678475136661, -38.691569341313823 ], [ -62.234678487981057, -38.691569381839884 ], [ -62.234712619705874, -38.691709553856526 ], [ -62.234816263721484, -38.69158341714575 ], [ -62.234958317565997, -38.691710776359969 ], [ -62.23526740382249, -38.691987889562199 ], [ -62.235270172957485, -38.69199029730936 ], [ -62.235424870346208, -38.692128980729422 ], [ -62.235579388643941, -38.692267503682501 ], [ -62.235467856966693, -38.69236960470738 ], [ -62.235748836607172, -38.692630934696808 ], [ -62.235749377357365, -38.692629614496127 ], [ -62.235959933840093, -38.692824082663662 ], [ -62.235925135578839, -38.692923044743679 ], [ -62.236182942737685, -38.693143382995174 ], [ -62.23558026181837, -38.693750993321373 ], [ -62.235340203801684, -38.695187156366217 ], [ -62.236161555886724, -38.695567558889309 ], [ -62.235203386460057, -38.696348595678046 ], [ -62.236216238735892, -38.695634835306009 ], [ -62.237027182296458, -38.696264766985564 ], [ -62.236966290844066, -38.696584351192826 ], [ -62.238343764633044, -38.697304340274513 ], [ -62.238343477069975, -38.697352676781861 ], [ -62.23699455782355, -38.69840448563582 ], [ -62.2369945555252, -38.698404573497612 ], [ -62.236916190771069, -38.698420917300268 ], [ -62.236914886775594, -38.698465050207119 ], [ -62.236975244900123, -38.698467817781022 ], [ -62.236975243770701, -38.698468052408828 ], [ -62.2381243752709, -38.699372493590317 ], [ -62.238124128668403, -38.699420500996723 ], [ -62.237109421531329, -38.7001949016921 ], [ -62.236908375772032, -38.700080633126845 ], [ -62.236869493617291, -38.700216750590187 ], [ -62.23690182760663, -38.70035224739587 ], [ -62.237138006045825, -38.700269024516444 ], [ -62.237639302068203, -38.700686740152662 ], [ -62.236935243890514, -38.701271568147206 ], [ -62.236976498021932, -38.701881647665402 ], [ -62.23697539306221, -38.702187915909064 ], [ -62.237343121736842, -38.702196042871265 ], [ -62.23826330820043, -38.701182226980109 ], [ -62.238266417978195, -38.701185033512104 ], [ -62.238683638498003, -38.701505446441445 ], [ -62.23874213977416, -38.70155830942798 ], [ -62.237809730340871, -38.702617150760091 ], [ -62.237772859607048, -38.703356716309258 ], [ -62.237701591185839, -38.703731306594364 ], [ -62.236720604461368, -38.704442383717662 ], [ -62.237060820886768, -38.705463863480304 ], [ -62.23553049138286, -38.705123070297589 ], [ -62.235603244010065, -38.705028772395224 ], [ -62.235370806945298, -38.705042314348077 ], [ -62.235380961715805, -38.705200709414044 ], [ -62.235530364229191, -38.70512316865188 ], [ -62.235816899348094, -38.706422072868861 ], [ -62.23581693821825, -38.706422196775065 ], [ -62.235765408840678, -38.706430133095296 ], [ -62.235764959560868, -38.706460709881298 ], [ -62.237089365589043, -38.708553163659815 ], [ -62.23702942281642, -38.708603570658909 ], [ -62.237027997884127, -38.708603729102208 ], [ -62.236968421526967, -38.708654526692555 ], [ -62.236583091357318, -38.708995476802443 ], [ -62.236558089304879, -38.709014914433055 ], [ -62.235452543473741, -38.711081754185386 ], [ -62.232511563295589, -38.710446831192201 ], [ -62.232992537593248, -38.708616385938797 ], [ -62.231602587929331, -38.708637639830215 ], [ -62.232309595810364, -38.709220648282667 ], [ -62.232372637032938, -38.710363996831063 ], [ -62.232343946707715, -38.710426788661721 ], [ -62.231370711610111, -38.711168494221624 ], [ -62.23115860796338, -38.711046475822059 ], [ -62.23086573067917, -38.711042375234967 ], [ -62.230798808512873, -38.711331976758458 ], [ -62.230387549241811, -38.711038923075193 ], [ -62.230363050624078, -38.711361313155749 ], [ -62.230353385534556, -38.711649119205163 ], [ -62.230675737537979, -38.711699088672503 ], [ -62.230180208708816, -38.712078530066947 ], [ -62.23022397675993, -38.712208587810721 ], [ -62.230426406936374, -38.714109320072794 ], [ -62.229894866535517, -38.7137903814114 ], [ -62.229862066951227, -38.713768523287001 ], [ -62.229827787341605, -38.713749068244169 ], [ -62.229301440536005, -38.713455107056518 ], [ -62.229299231849495, -38.713457098504136 ], [ -62.229226292358078, -38.713428953369032 ], [ -62.229091248004977, -38.713229512280861 ], [ -62.228740423732859, -38.71333859628777 ], [ -62.228725631725126, -38.713443689074495 ], [ -62.228950759028521, -38.714491481445123 ], [ -62.229407362514564, -38.71413635811075 ], [ -62.23017717778032, -38.715292358116869 ], [ -62.231661917457757, -38.715300735556127 ], [ -62.233469825901125, -38.713775372547445 ], [ -62.233476013227857, -38.713780352759784 ], [ -62.23348409556553, -38.713783824802704 ], [ -62.23354997568822, -38.713806754375412 ], [ -62.233578022999609, -38.713807144273574 ], [ -62.233957951468312, -38.715781907686562 ], [ -62.233542854633811, -38.716813781664996 ], [ -62.233483096651867, -38.716762782655451 ], [ -62.232755124047515, -38.716175538876428 ], [ -62.232724531678002, -38.716150625931107 ], [ -62.232693779637884, -38.716125910350058 ], [ -62.232688193174397, -38.716125832690125 ], [ -62.232433746900142, -38.715760779611173 ], [ -62.232004046858719, -38.715576187357499 ], [ -62.231977395360502, -38.716713785085176 ], [ -62.231835345884463, -38.71737474099217 ], [ -62.231836819935211, -38.718065611582574 ], [ -62.231834593046244, -38.718784769904005 ], [ -62.231825790265873, -38.719252590798135 ], [ -62.232855025116976, -38.719596034036044 ], [ -62.231891685129654, -38.720382258817779 ], [ -62.231895400417443, -38.720795639730227 ], [ -62.231887460338555, -38.721545573271612 ], [ -62.232448870563701, -38.72228858898103 ], [ -62.233776314674685, -38.722301010732679 ], [ -62.233950818543633, -38.722299797336404 ], [ -62.235125890283484, -38.721396026080015 ], [ -62.235156827190849, -38.721420365951019 ], [ -62.235181321262303, -38.722512409064109 ], [ -62.235162940110513, -38.723407418554018 ], [ -62.235157271640105, -38.723693763025153 ], [ -62.235174124656169, -38.723930314052723 ], [ -62.235241336817523, -38.725090232827085 ], [ -62.235176975525803, -38.725088100806431 ], [ -62.235176325968098, -38.72513998878344 ], [ -62.235250738582181, -38.725146799091135 ], [ -62.23518014793234, -38.726470612816172 ], [ -62.235193311656133, -38.726754897606554 ], [ -62.235177553459948, -38.727825758575705 ], [ -62.235209853973345, -38.728449220776668 ], [ -62.235198410888017, -38.729182612656757 ], [ -62.235937835719881, -38.729958364732227 ], [ -62.236096210086657, -38.730815222792558 ], [ -62.236092000427732, -38.731203510549619 ], [ -62.237285153766152, -38.73177323963364 ], [ -62.237284611893813, -38.731821858351111 ], [ -62.237284641521853, -38.731829755230876 ], [ -62.236297031722756, -38.732589385138056 ], [ -62.236095986038322, -38.73247696693096 ], [ -62.236091993422122, -38.73274711882641 ], [ -62.237207377066056, -38.733372939945298 ], [ -62.237206779353244, -38.733421541775954 ], [ -62.237206648853999, -38.733429780949052 ], [ -62.23620557598673, -38.734196604218823 ], [ -62.236069328368444, -38.734136747128048 ], [ -62.236066955714762, -38.734302794756843 ], [ -62.236205383658444, -38.734245753477694 ], [ -62.236599515777016, -38.735430285810367 ], [ -62.236044043364416, -38.735858730942198 ], [ -62.23659976683922, -38.735434996688809 ], [ -62.236163527249857, -38.735984381352011 ], [ -62.236146473606595, -38.737317261411818 ], [ -62.236737556535843, -38.737876841872719 ], [ -62.236779370942543, -38.73811847948798 ], [ -62.236767811529376, -38.7388510694405 ], [ -62.237549829430748, -38.739978612904338 ], [ -62.237510602779309, -38.740353924937949 ], [ -62.237511863898078, -38.741256844107511 ], [ -62.237516690127791, -38.741989471386034 ], [ -62.237518144860928, -38.742521699239546 ], [ -62.237748025921064, -38.742535274920385 ], [ -62.23811342741476, -38.742455927563867 ], [ -62.238174903780873, -38.7425058212973 ], [ -62.238174990031439, -38.742505977439066 ], [ -62.238031694327617, -38.743037634997677 ], [ -62.23806342355681, -38.743534380716198 ], [ -62.238048205296195, -38.744082781316479 ], [ -62.238055845982785, -38.744973793496683 ], [ -62.238198423951872, -38.745895649629801 ], [ -62.238190871451195, -38.746235610146073 ], [ -62.238625670001795, -38.746242538311265 ], [ -62.239167302719011, -38.746255658890902 ], [ -62.239119289610073, -38.746318155837344 ], [ -62.239119678082773, -38.74631847311349 ], [ -62.238849769443163, -38.746425566337223 ], [ -62.238887856033216, -38.746606400331302 ], [ -62.238918535142261, -38.746581915239403 ], [ -62.23913790474387, -38.746675595397164 ], [ -62.240468552273342, -38.747342254897035 ], [ -62.240408164300334, -38.747392885689123 ], [ -62.240276068360458, -38.747501204595778 ], [ -62.240217822309262, -38.747554036432632 ], [ -62.239951733470775, -38.747819873793105 ], [ -62.239894002363826, -38.747873608444081 ], [ -62.239692968109182, -38.748054971930344 ], [ -62.239633713729461, -38.748107306622842 ], [ -62.239486687856299, -38.748234171102354 ], [ -62.239457108172871, -38.748260296490002 ], [ -62.23945625557576, -38.748260048420775 ], [ -62.239004870574604, -38.74868705534351 ], [ -62.239405193775326, -38.749114631595774 ], [ -62.238818257938021, -38.749548842001445 ], [ -62.238870947877103, -38.749808992007445 ], [ -62.239330053745448, -38.750135816217949 ], [ -62.23936243762131, -38.750158401962381 ], [ -62.239652841406155, -38.750358256345692 ], [ -62.239271407481283, -38.75126575068316 ], [ -62.237805876237871, -38.752676143845235 ], [ -62.239930869271234, -38.756378028643837 ], [ -62.239522468740688, -38.757836129724467 ], [ -62.238244139482617, -38.761791352304385 ], [ -62.237950169874921, -38.76192935216892 ], [ -62.227142240806927, -38.765241781117197 ], [ -62.222819911097417, -38.759701128647009 ], [ -62.213653040466397, -38.759011256474423 ], [ -62.213090166283564, -38.759066384052971 ], [ -62.212579984805359, -38.759268173327087 ], [ -62.212425549638112, -38.759617090127335 ], [ -62.21204230903345, -38.759377757186769 ], [ -62.211979175753584, -38.759770398817238 ], [ -62.211527279850941, -38.759521689210658 ], [ -62.210200828479458, -38.759503037268985 ], [ -62.210207206644668, -38.759501266797201 ], [ -62.207447199323269, -38.757901520062489 ], [ -62.206755241079691, -38.756857110399892 ], [ -62.205679784386746, -38.756879744263301 ], [ -62.205677950768177, -38.756878259175949 ], [ -62.206379367302873, -38.756547567289545 ], [ -62.206235550096039, -38.756425293400412 ], [ -62.206072788376218, -38.756295085001966 ], [ -62.205673946240267, -38.756833640434536 ], [ -62.205608288160022, -38.756837366685943 ], [ -62.20387251111606, -38.755830155317938 ], [ -62.203871376011875, -38.755480728349596 ], [ -62.202592778525684, -38.755088354231418 ], [ -62.203850136961478, -38.755833630164659 ], [ -62.203884297987202, -38.755853500049 ], [ -62.205637155022885, -38.756894539546522 ], [ -62.205705275353239, -38.756934161897448 ], [ -62.207378044588722, -38.757927559736629 ], [ -62.207412009297911, -38.757947313183593 ], [ -62.207445974006987, -38.757967066630499 ], [ -62.210205271094594, -38.759604806328127 ], [ -62.2119210775993, -38.767731695645239 ], [ -62.224059229182728, -38.767791975556975 ], [ -62.224128618961629, -38.767823084150564 ], [ -62.231681596002943, -38.770360797652813 ], [ -62.23342738348407, -38.771214344156704 ], [ -62.233501045738535, -38.771226710976293 ], [ -62.233785411548695, -38.771242259258941 ], [ -62.23386090564378, -38.771243733773645 ], [ -62.24458809379405, -38.77548356863764 ], [ -62.244646263020741, -38.775529902120581 ], [ -62.244923265247508, -38.775743438922348 ], [ -62.244981282862057, -38.775790132870156 ], [ -62.245551851953394, -38.77623169179833 ], [ -62.245610024766734, -38.776278510140855 ], [ -62.246284913303498, -38.776801093705558 ], [ -62.2463432681364, -38.776848055798609 ], [ -62.247507057776261, -38.777750277975315 ], [ -62.24756571514132, -38.777797480918366 ], [ -62.248352755892199, -38.77845409293576 ], [ -62.248411128879809, -38.778501230689017 ], [ -62.251447566324146, -38.780875317096388 ], [ -62.250213727465677, -38.786300530900348 ], [ -62.249940173152424, -38.786385383392769 ], [ -62.249988749496879, -38.786472577654195 ], [ -62.250186800633287, -38.786324729579064 ], [ -62.250218348309659, -38.786300879956514 ], [ -62.253796382799862, -38.783663206444032 ], [ -62.25347708233852, -38.786652925612998 ], [ -62.254759144003515, -38.787170554759882 ], [ -62.255015862929099, -38.786053621146664 ], [ -62.255961126904538, -38.786808926489471 ], [ -62.255967150620563, -38.786808962953785 ], [ -62.256733008842559, -38.787182775858525 ], [ -62.25796791834199, -38.787185547076888 ], [ -62.258643671455388, -38.786372631358063 ], [ -62.258790999052621, -38.786488092137915 ], [ -62.258906410607494, -38.786559284843634 ], [ -62.258999112016625, -38.786582274447426 ], [ -62.259075021948831, -38.786601493192791 ], [ -62.259884885061581, -38.786808965314663 ], [ -62.260690218626962, -38.787015277412138 ], [ -62.261772574705049, -38.787627355667155 ], [ -62.265217420901763, -38.789496982677406 ], [ -62.26519594001121, -38.789496934472936 ], [ -62.267965036360408, -38.791484242089211 ], [ -62.267961630412969, -38.791484221471478 ], [ -62.267953332504192, -38.791483003152848 ], [ -62.268045138169327, -38.792101031626487 ], [ -62.268310546999885, -38.791809081999986 ], [ -62.2706909179999, -38.791809081999986 ], [ -62.272399901999904, -38.790893554999911 ], [ -62.272399901999904, -38.790100097999982 ], [ -62.273010253999871, -38.789672851999967 ], [ -62.273925780999946, -38.789611816 ], [ -62.275878906, -38.788879394999867 ], [ -62.276489257999799, -38.78881835899989 ], [ -62.276489257999799, -38.789184569999975 ], [ -62.275207519999867, -38.790283202999944 ], [ -62.276306151999904, -38.790710449000017 ], [ -62.278686522999863, -38.789794921999942 ], [ -62.280578612999761, -38.789123534999987 ], [ -62.280700683999896, -38.788391112999875 ], [ -62.282592772999863, -38.788574218999941 ], [ -62.294677733999947, -38.786010741999917 ], [ -62.295898437999881, -38.785888671999942 ], [ -62.296813964999956, -38.785278319999804 ], [ -62.297912597999812, -38.782897948999846 ], [ -62.297790527000018, -38.781616211000028 ], [ -62.298889159999817, -38.781616211000028 ], [ -62.299804687999881, -38.781188964999842 ], [ -62.299072265999939, -38.783020019999924 ], [ -62.299499511999841, -38.784729003999928 ], [ -62.299194335999914, -38.785705566 ], [ -62.301574706999872, -38.784179687999938 ], [ -62.304016112999989, -38.781188964999842 ], [ -62.304687499999943, -38.77508544899996 ], [ -62.303405761999841, -38.759399413999972 ], [ -62.30609130900001, -38.760009765999939 ], [ -62.307373047, -38.758728027000018 ], [ -62.307983397999976, -38.752685546999942 ], [ -62.309387206999872, -38.749206542999843 ], [ -62.312499999999773, -38.737792968999884 ], [ -62.327514647999863, -38.726684569999861 ], [ -62.347717284999817, -38.719177245999902 ], [ -62.352111815999876, -38.720886229999905 ], [ -62.354492188, -38.716003418000014 ], [ -62.359313964999899, -38.71429443400001 ], [ -62.35717773399989, -38.718505858999947 ], [ -62.381713866999917, -38.723693847999868 ], [ -62.378295897999749, -38.728698729999905 ], [ -62.382995604999849, -38.733581542999957 ], [ -62.383483886999898, -38.739318847999925 ], [ -62.384399413999802, -38.741882324000017 ], [ -62.39227294899996, -38.741394042999957 ], [ -62.397521972999868, -38.742309569999861 ], [ -62.397399901999904, -38.745727538999859 ], [ -62.402587890999882, -38.741394042999957 ], [ -62.404907227000024, -38.742980956999986 ], [ -62.405578612999989, -38.745788574000017 ], [ -62.412109374999886, -38.744506836000028 ], [ -62.417602538999915, -38.742675780999946 ], [ -62.425109862999875, -38.735595702999888 ], [ -62.442515262999905, -38.740467323000018 ], [ -62.44757080099987, -38.741882324000017 ], [ -62.461181640999826, -38.742309569999861 ], [ -62.476013183999896, -38.74591064499981 ], [ -62.495605468999884, -38.731079102000024 ], [ -62.498291015999939, -38.729309081999872 ], [ -62.49639892599987, -38.724182128999928 ], [ -62.499511718999941, -38.716125487999989 ], [ -62.50500488299997, -38.712890624999943 ], [ -62.513183593999884, -38.715087890999939 ], [ -62.515869140999882, -38.716369628999928 ], [ -62.521606444999861, -38.741088866999917 ], [ -62.542785644999867, -38.741088866999917 ], [ -62.546508788999972, -38.744812011999954 ], [ -62.557189941, -38.748718261999954 ], [ -62.566223144999753, -38.753112792999843 ], [ -62.556579589999785, -38.757324218999884 ], [ -62.549621581999872, -38.758728027000018 ], [ -62.548889159999931, -38.765625 ], [ -62.54241943400001, -38.770812987999932 ], [ -62.544494628999871, -38.774169921999885 ], [ -62.563781737999875, -38.769104003999928 ], [ -62.570312499999886, -38.773498534999931 ], [ -62.553405761999898, -38.790100097999982 ], [ -62.542785644999867, -38.790405272999919 ], [ -62.538879394999867, -38.793579101999967 ], [ -62.537597655999775, -38.798095702999831 ], [ -62.525512694999861, -38.80358886699986 ], [ -62.523376465000013, -38.809509276999904 ], [ -62.518920897999863, -38.81811523399989 ], [ -62.505371093999827, -38.816711425999927 ], [ -62.495422362999989, -38.819824219 ], [ -62.467529296999942, -38.824829102000024 ], [ -62.453186034999874, -38.827392577999944 ], [ -62.438293456999759, -38.826416015999882 ], [ -62.426879882999799, -38.823486327999944 ], [ -62.413879394999867, -38.823181152000018 ], [ -62.389709472999868, -38.830078124999829 ], [ -62.39227294899996, -38.832702637000011 ], [ -62.395019530999775, -38.832580565999933 ], [ -62.398803710999857, -38.832885741999974 ], [ -62.400695800999927, -38.834228515999882 ], [ -62.402587890999882, -38.837280272999863 ], [ -62.400817870999902, -38.839416503999871 ], [ -62.398681640999882, -38.840698241999974 ], [ -62.397888183999896, -38.842895507999856 ], [ -62.399108886999898, -38.844787597999925 ], [ -62.398376464999956, -38.847290038999859 ], [ -62.398010253999871, -38.850402831999929 ], [ -62.396118163999972, -38.851806641 ], [ -62.393188476999796, -38.851013183999896 ], [ -62.390380859, -38.852294921999885 ], [ -62.390808104999905, -38.854797362999989 ], [ -62.390502929999968, -38.857421875 ], [ -62.3878784179999, -38.857177733999947 ], [ -62.385681151999904, -38.856811522999863 ], [ -62.382995604999849, -38.855529784999931 ], [ -62.380371093999827, -38.854187011999954 ], [ -62.377807616999917, -38.854797362999989 ], [ -62.375610351999853, -38.853576659999987 ], [ -62.374023437999824, -38.855102538999859 ], [ -62.375488280999946, -38.857299805000025 ], [ -62.376770019999867, -38.859375 ], [ -62.376892090000013, -38.861511229999849 ], [ -62.378906249999886, -38.861389159999874 ], [ -62.380310058999839, -38.864990233999947 ], [ -62.377990722999812, -38.865112304999911 ], [ -62.374572753999871, -38.86389160199991 ], [ -62.372497558999783, -38.862609862999989 ], [ -62.370483397999919, -38.86389160199991 ], [ -62.370178222999982, -38.866088866999803 ], [ -62.367492675999813, -38.868469237999932 ], [ -62.367492675999813, -38.870910644999981 ], [ -62.370483397999919, -38.872680663999972 ], [ -62.373291015999882, -38.873779297 ], [ -62.373901366999917, -38.876403808999896 ], [ -62.374389647999749, -38.878906249999829 ], [ -62.37670898399989, -38.879089354999905 ], [ -62.377197265999882, -38.877075194999861 ], [ -62.378112792999787, -38.875183104999905 ], [ -62.380004882999913, -38.876220702999944 ], [ -62.38262939499981, -38.877685547 ], [ -62.383117675999983, -38.881774901999961 ], [ -62.385192870999902, -38.881896972999925 ], [ -62.386108397999806, -38.88391113299997 ], [ -62.388610840000013, -38.885009766 ], [ -62.387512206999872, -38.889526366999974 ], [ -62.390380859, -38.891113281 ], [ -62.391723632999913, -38.892883300999983 ], [ -62.389587401999904, -38.893981933999839 ], [ -62.387084960999971, -38.893981933999839 ], [ -62.385070800999927, -38.894104003999814 ], [ -62.383789062999938, -38.892211913999859 ], [ -62.383178710999971, -38.889709472999925 ], [ -62.38262939499981, -38.887329101999967 ], [ -62.380310058999839, -38.885498047 ], [ -62.377197265999882, -38.885192870999958 ], [ -62.375305175999983, -38.886108397999863 ], [ -62.374694824000017, -38.883972167999957 ], [ -62.373596191, -38.8820190429999 ], [ -62.371582030999946, -38.880920409999874 ], [ -62.369506836000028, -38.879577636999954 ], [ -62.367126464999899, -38.879577636999954 ], [ -62.366210938, -38.877685547 ], [ -62.364013672, -38.8781127929999 ], [ -62.361694336000028, -38.878417968999941 ], [ -62.359497069999861, -38.878295897999863 ], [ -62.356689453, -38.878479003999928 ], [ -62.354492188, -38.876403808999896 ], [ -62.351806640999939, -38.87530517599987 ], [ -62.349609374999943, -38.874511718999941 ], [ -62.350402831999872, -38.87249755900001 ], [ -62.348876953, -38.869689940999876 ], [ -62.346496581999872, -38.869201659999874 ], [ -62.344604491999746, -38.870178222999868 ], [ -62.34240722699991, -38.868408202999944 ], [ -62.340515136999784, -38.869079589999899 ], [ -62.339477538999972, -38.870971679999968 ], [ -62.341308593999884, -38.872314452999944 ], [ -62.342590331999872, -38.874084472999868 ], [ -62.341491699000017, -38.876525878999871 ], [ -62.339782715000013, -38.877807616999974 ], [ -62.339599608999947, -38.880126952999944 ], [ -62.340393065999876, -38.882629394999867 ], [ -62.341308593999884, -38.884887694999861 ], [ -62.339416503999985, -38.885498047 ], [ -62.336975097999868, -38.885681151999961 ], [ -62.33569335899989, -38.88391113299997 ], [ -62.33380126999981, -38.885375977000024 ], [ -62.32867431599982, -38.8859252929999 ], [ -62.328186034999987, -38.888305663999859 ], [ -62.326293944999861, -38.890502930000025 ], [ -62.325622558999896, -38.892883300999983 ], [ -62.325622558999896, -38.896118163999859 ], [ -62.323608397999863, -38.898071288999802 ], [ -62.324096680000025, -38.900512694999918 ], [ -62.322509766, -38.902709960999914 ], [ -62.325378417999787, -38.904174804999968 ], [ -62.327697753999757, -38.905395507999913 ], [ -62.326416016, -38.906982421999828 ], [ -62.32708740199979, -38.909179687999824 ], [ -62.327575683999783, -38.911987304999968 ], [ -62.329711913999859, -38.91320800799997 ], [ -62.331176757999913, -38.914916991999803 ], [ -62.331298827999888, -38.91741943400001 ], [ -62.332214354999962, -38.919372558999953 ], [ -62.333496093999884, -38.921508788999972 ], [ -62.334716796999885, -38.923889159999817 ], [ -62.335510253999814, -38.925720214999899 ], [ -62.336181640999939, -38.927978515999882 ], [ -62.336486815999876, -38.930786132999913 ], [ -62.335083007999913, -38.932373046999942 ], [ -62.337890624999943, -38.93530273399989 ], [ -62.33929443400001, -38.936889647999919 ], [ -62.341369628999871, -38.938171387000011 ], [ -62.343322753999985, -38.939819336000028 ], [ -62.344482421999771, -38.94311523399989 ], [ -62.344604491999746, -38.945312499999943 ], [ -62.345092772999976, -38.948791503999871 ], [ -62.345275878999871, -38.951599120999902 ], [ -62.344787597999868, -38.953796386999898 ], [ -62.34320068400001, -38.955688476999853 ], [ -62.340820312999881, -38.957214354999905 ], [ -62.338928222999755, -38.958496094 ], [ -62.338195800999983, -38.961608886999898 ], [ -62.335510253999814, -38.96179199199986 ], [ -62.333679199000017, -38.96258544899996 ], [ -62.331970215000013, -38.963928222999868 ], [ -62.330383300999983, -38.965209960999857 ], [ -62.32708740199979, -38.964477538999915 ], [ -62.328186034999987, -38.967285155999889 ], [ -62.326110839999899, -38.967590331999986 ], [ -62.32421875, -38.966979979999849 ], [ -62.323303222999925, -38.968872069999918 ], [ -62.323303222999925, -38.971008300999813 ], [ -62.32141113299997, -38.972106933999953 ], [ -62.321594237999932, -38.975097655999889 ], [ -62.319885253999928, -38.976684569999804 ], [ -62.317993163999859, -38.979370116999974 ], [ -62.320312499999829, -38.980407714999842 ], [ -62.321899413999859, -38.982116698999846 ], [ -62.319702147999863, -38.982727050999983 ], [ -62.320190429999855, -38.984802246000015 ], [ -62.320678711000028, -38.988098144999867 ], [ -62.322570800999983, -38.989013671999942 ], [ -62.321777343999884, -38.99108886699986 ], [ -62.322082519999753, -38.994812011999898 ], [ -62.322387694999861, -38.997375487999818 ], [ -62.321289063, -38.999511719 ], [ -62.318786620999902, -38.998718261999898 ], [ -62.317687987999932, -38.996887206999929 ], [ -62.315307616999974, -38.997314452999831 ], [ -62.313903808999839, -38.99578857399996 ], [ -62.312011718999941, -38.999572753999985 ], [ -62.313293456999872, -39.001708984 ], [ -62.315307616999974, -39.003784180000025 ], [ -62.318176269999924, -39.004211425999927 ], [ -62.320007323999903, -39.00671386699986 ], [ -62.317871093999884, -39.007629394999924 ], [ -62.313781737999932, -39.008300780999889 ], [ -62.309997558999839, -39.008789062999881 ], [ -62.311584472999868, -39.011901854999849 ], [ -62.30889892599987, -39.012695312999881 ], [ -62.306213378999985, -39.013671874999943 ], [ -62.305969237999932, -39.015991210999914 ], [ -62.30499267599987, -39.01818847699991 ], [ -62.306701659999874, -39.021911621000015 ], [ -62.309570313, -39.021301269999867 ], [ -62.310791015999769, -39.018310546999885 ], [ -62.312927246000015, -39.017822265999882 ], [ -62.31280517599987, -39.021484374999829 ], [ -62.31359863299997, -39.023803710999914 ], [ -62.311401366999974, -39.02569580099987 ], [ -62.309997558999839, -39.024108887000011 ], [ -62.307312012000011, -39.024780272999863 ], [ -62.305603027000018, -39.027770995999958 ], [ -62.30218505900001, -39.029296874999829 ], [ -62.303771972999868, -39.032226562999938 ], [ -62.30578613299997, -39.034606933999896 ], [ -62.305480956999872, -39.03741455099987 ], [ -62.306823729999849, -39.03991699199986 ], [ -62.307495116999974, -39.044982909999987 ], [ -62.307128905999889, -39.048889159999987 ], [ -62.307128905999889, -39.051025391 ], [ -62.307800293000014, -39.054626464999956 ], [ -62.312499999999773, -39.059387206999872 ], [ -62.315307616999974, -39.061096190999876 ], [ -62.317199706999872, -39.062377929999968 ], [ -62.318908690999876, -39.066772461000028 ], [ -62.320007323999903, -39.068420409999874 ], [ -62.321777343999884, -39.069580078 ], [ -62.324829101999967, -39.069580078 ], [ -62.327270507999913, -39.070800781 ], [ -62.328125, -39.074707031 ], [ -62.330200194999861, -39.075927733999833 ], [ -62.332275390999882, -39.076599120999958 ], [ -62.334777831999872, -39.077087401999961 ], [ -62.337402343999884, -39.078186034999817 ], [ -62.339172362999875, -39.080078124999886 ], [ -62.33929443400001, -39.082275390999882 ], [ -62.340881347999868, -39.08380126999981 ], [ -62.341796874999943, -39.086425781 ], [ -62.342285155999775, -39.089294433999839 ], [ -62.342529296999885, -39.091796874999943 ], [ -62.344787597999868, -39.092102050999983 ], [ -62.348083495999902, -39.09240722699991 ], [ -62.349975585999857, -39.093383788999802 ], [ -62.351501464999899, -39.094909667999843 ], [ -62.354187011999898, -39.095703124999943 ], [ -62.356689453, -39.097900390999939 ], [ -62.355285644999924, -39.101379394999867 ], [ -62.354492188, -39.103698729999905 ], [ -62.355712890999769, -39.106201171999828 ], [ -62.350708007999913, -39.11187744099982 ], [ -62.348571776999904, -39.113281249999886 ], [ -62.347595214999842, -39.115112304999968 ], [ -62.348022460999914, -39.119018554999855 ], [ -62.348388671999828, -39.122070312999938 ], [ -62.346801757999913, -39.126281737999875 ], [ -62.345520019999981, -39.128295897999919 ], [ -62.342590331999872, -39.127929688 ], [ -62.341186522999976, -39.130371093999941 ], [ -62.338012694999918, -39.130187987999875 ], [ -62.335021972999925, -39.130493163999915 ], [ -62.334289550999983, -39.135009765999882 ], [ -62.337097167999843, -39.137390136999898 ], [ -62.338378905999946, -39.139099120999902 ], [ -62.340698241999746, -39.140014647999806 ], [ -62.340087890999939, -39.144409179999968 ], [ -62.341613769999981, -39.146118163999972 ], [ -62.343078612999875, -39.147705078 ], [ -62.343811034999817, -39.1495971679999 ], [ -62.344482421999771, -39.151611328 ], [ -62.343505858999947, -39.154174804999911 ], [ -62.345275878999871, -39.158691405999889 ], [ -62.346801757999913, -39.16101074199986 ], [ -62.345703124999943, -39.163574218999941 ], [ -62.343811034999817, -39.165588378999985 ], [ -62.341674804999968, -39.165893554999911 ], [ -62.340270995999902, -39.167907714999842 ], [ -62.338195800999983, -39.169189452999944 ], [ -62.336914062999881, -39.1710815429999 ], [ -62.334106444999861, -39.172485351999967 ], [ -62.331970215000013, -39.174682616999974 ], [ -62.334289550999983, -39.176818847999982 ], [ -62.33258056599982, -39.179199218999941 ], [ -62.33178710899989, -39.181396484 ], [ -62.328979491999917, -39.182617187999938 ], [ -62.329772949000017, -39.185791016 ], [ -62.326721190999933, -39.187927245999902 ], [ -62.325622558999896, -39.189880370999958 ], [ -62.324707031, -39.191772460999914 ], [ -62.322875977000024, -39.1945190429999 ], [ -62.321105956999929, -39.195983886999954 ], [ -62.320007323999903, -39.197692870999958 ], [ -62.318725585999914, -39.200378418000014 ], [ -62.316894531, -39.201416015999882 ], [ -62.315307616999974, -39.203918456999816 ], [ -62.31359863299997, -39.20568847699991 ], [ -62.314697265999826, -39.207824706999816 ], [ -62.312988281, -39.208923339999956 ], [ -62.314270019999924, -39.210998534999874 ], [ -62.311523437999881, -39.211975097999868 ], [ -62.30841064499981, -39.212524413999915 ], [ -62.307312012000011, -39.215576172 ], [ -62.304199218999941, -39.217285156 ], [ -62.30108642599987, -39.219421387000011 ], [ -62.298889159999817, -39.22180175799997 ], [ -62.296997069999918, -39.222900390999826 ], [ -62.294189452999888, -39.224975586000028 ], [ -62.2941284179999, -39.227294922 ], [ -62.291687011999784, -39.228088378999928 ], [ -62.291320800999927, -39.225891112999932 ], [ -62.288696288999859, -39.226379394999924 ], [ -62.286499022999863, -39.228088378999928 ], [ -62.286499022999863, -39.231201172 ], [ -62.287719726999967, -39.232788086000028 ], [ -62.288513183999896, -39.236999511999954 ], [ -62.286193847999925, -39.235290526999847 ], [ -62.283386229999962, -39.234008788999859 ], [ -62.27960205099987, -39.233276366999917 ], [ -62.275512694999975, -39.233520507999856 ], [ -62.272277831999929, -39.23522949199986 ], [ -62.272277831999929, -39.233870484404463 ], [ -62.269045518605026, -39.237649594787399 ], [ -62.268920897999919, -39.239685058999839 ], [ -62.267923223054936, -39.238961744399091 ], [ -62.260713472773034, -39.247391138093349 ], [ -62.262329102000024, -39.248718261999841 ], [ -62.265014647999919, -39.248596190999876 ], [ -62.267089843999941, -39.246276854999905 ], [ -62.269287108999833, -39.245910644999981 ], [ -62.271606444999804, -39.24749755900001 ], [ -62.273376464999899, -39.248779296999828 ], [ -62.276489257999799, -39.247680663999972 ], [ -62.279479979999962, -39.247009277000018 ], [ -62.281982421999828, -39.247192382999913 ], [ -62.284790038999859, -39.246826171999885 ], [ -62.286499022999863, -39.245300293000014 ], [ -62.288513183999896, -39.244689940999876 ], [ -62.288513183999896, -39.242492675999983 ], [ -62.289794921999885, -39.239990233999947 ], [ -62.291992187999881, -39.238281249999943 ], [ -62.293212890999826, -39.236511229999962 ], [ -62.295593261999784, -39.23522949199986 ], [ -62.298095702999888, -39.236206055000025 ], [ -62.300170897999976, -39.237182616999917 ], [ -62.301513671999885, -39.239501952999888 ], [ -62.301574706999872, -39.242309569999918 ], [ -62.304321288999915, -39.241027831999929 ], [ -62.307678222999868, -39.241882324000017 ], [ -62.30920410199991, -39.243286132999913 ], [ -62.311584472999868, -39.244506835999914 ], [ -62.31359863299997, -39.245422362999989 ], [ -62.315490722999868, -39.246276854999905 ], [ -62.31671142599987, -39.248413085999914 ], [ -62.318969727000024, -39.249694824000017 ], [ -62.321105956999929, -39.251098632999913 ], [ -62.322692870999958, -39.252990722999868 ], [ -62.322692870999958, -39.25531005900001 ], [ -62.324584961000028, -39.257019043000014 ], [ -62.327697753999757, -39.257812499999943 ], [ -62.325683593999884, -39.259704589999899 ], [ -62.322998047, -39.260498047 ], [ -62.321289063, -39.261901854999905 ], [ -62.321289063, -39.263977050999813 ], [ -62.320495604999905, -39.266174316 ], [ -62.318298339999899, -39.270324706999929 ], [ -62.316284179999855, -39.270874022999919 ], [ -62.314270019999924, -39.270996093999884 ], [ -62.311706542999843, -39.271606444999861 ], [ -62.309387206999872, -39.270996093999884 ], [ -62.308288573999903, -39.273010253999928 ], [ -62.306396483999947, -39.271789550999813 ], [ -62.303588866999803, -39.271484374999886 ], [ -62.300903319999918, -39.270996093999884 ], [ -62.298583983999947, -39.270080566 ], [ -62.295776366999746, -39.270324706999929 ], [ -62.293395995999788, -39.270080566 ], [ -62.290893555000025, -39.270874022999919 ], [ -62.289489745999958, -39.272583007999913 ], [ -62.287597655999889, -39.271789550999813 ], [ -62.286376952999888, -39.269897461000028 ], [ -62.287719726999967, -39.268188477000024 ], [ -62.284912109, -39.266784667999957 ], [ -62.281799315999933, -39.265991211000028 ], [ -62.27880859399977, -39.265991211000028 ], [ -62.276794433999896, -39.266601563 ], [ -62.273498534999874, -39.267883300999813 ], [ -62.271484374999829, -39.269592284999817 ], [ -62.267700194999804, -39.269714354999905 ], [ -62.26342773399989, -39.270385741999917 ], [ -62.262390137000011, -39.272277831999986 ], [ -62.259887694999748, -39.273498534999817 ], [ -62.258300780999889, -39.271972655999946 ], [ -62.255187987999989, -39.271484374999886 ], [ -62.251586913999859, -39.272216797 ], [ -62.246520995999902, -39.273803711000028 ], [ -62.2445068359998, -39.275512694999861 ], [ -62.246887206999759, -39.276794433999953 ], [ -62.251098633000026, -39.278015136999954 ], [ -62.251220703, -39.280090331999986 ], [ -62.250122069999804, -39.282470702999831 ], [ -62.247375487999989, -39.281982421999942 ], [ -62.244384765999826, -39.280578612999875 ], [ -62.241699219, -39.278381347999982 ], [ -62.24188232399996, -39.276306151999961 ], [ -62.239807128999871, -39.275817870999958 ], [ -62.237436968697693, -39.274605231370401 ], [ -62.235668985711129, -39.276672296671677 ], [ -62.234497069999975, -39.278625487999932 ], [ -62.233276366999803, -39.280578612999875 ], [ -62.23280993211705, -39.280015004448671 ], [ -62.230433931467871, -39.282792943227037 ], [ -62.23022460899989, -39.284118651999847 ], [ -62.229197930489761, -39.284238033340216 ], [ -62.220460393792962, -39.294453662711021 ], [ -62.221266418899688, -39.297664367674713 ], [ -62.221496581999986, -39.297485351999853 ], [ -62.224304198999846, -39.296813965000013 ], [ -62.227111816, -39.296875 ], [ -62.229309081999816, -39.294982909999931 ], [ -62.232604979999849, -39.294921874999943 ], [ -62.23492431599982, -39.2960815429999 ], [ -62.236694335999971, -39.297607421999828 ], [ -62.239379882999856, -39.296997069999975 ], [ -62.24188232399996, -39.296020507999913 ], [ -62.243591308999896, -39.297790526999904 ], [ -62.244689940999763, -39.299499511999898 ], [ -62.246582030999889, -39.301208495999902 ], [ -62.2492065429999, -39.300598144999924 ], [ -62.251403808999896, -39.301879883000026 ], [ -62.25250244099982, -39.304016112999932 ], [ -62.254882812999881, -39.303222655999832 ], [ -62.256896972999982, -39.302124022999976 ], [ -62.258300780999889, -39.30047607399996 ], [ -62.259704589999785, -39.297912597999868 ], [ -62.261779784999874, -39.297729491999803 ], [ -62.26428222699991, -39.298522949000017 ], [ -62.266601562999881, -39.29632568400001 ], [ -62.269592284999874, -39.2960815429999 ], [ -62.2706909179999, -39.297729491999803 ], [ -62.273010253999871, -39.297485351999853 ], [ -62.273986815999933, -39.299316405999832 ], [ -62.276000976999967, -39.299194335999857 ], [ -62.276000976999967, -39.296875 ], [ -62.276306151999904, -39.294799804999968 ], [ -62.278320312999938, -39.295410155999946 ], [ -62.278198241999803, -39.297912597999868 ], [ -62.280517577999774, -39.298400878999871 ], [ -62.283386229999962, -39.298522949000017 ], [ -62.286499022999863, -39.297180175999927 ], [ -62.288513183999896, -39.29577636699986 ], [ -62.290771483999947, -39.292602538999972 ], [ -62.292602538999859, -39.289611815999876 ], [ -62.296386718999884, -39.290588378999871 ], [ -62.30108642599987, -39.290588378999871 ], [ -62.298706054999855, -39.293395995999902 ], [ -62.302124022999863, -39.294494628999871 ], [ -62.304199218999941, -39.293579101999967 ], [ -62.30609130900001, -39.294494628999871 ], [ -62.30499267599987, -39.297485351999853 ], [ -62.302490233999947, -39.297302245999902 ], [ -62.299377440999876, -39.29656982399996 ], [ -62.297302245999788, -39.296386719 ], [ -62.294494628999985, -39.297485351999853 ], [ -62.293701171999885, -39.29937744099982 ], [ -62.291320800999927, -39.29937744099982 ], [ -62.291809081999759, -39.301696776999904 ], [ -62.288879394999981, -39.302307128999928 ], [ -62.286682128999814, -39.303771972999812 ], [ -62.284484862999818, -39.30358886699986 ], [ -62.282226562999938, -39.304504394999924 ], [ -62.279479979999962, -39.306213378999928 ], [ -62.278625487999875, -39.30828857399996 ], [ -62.280700683999896, -39.309326172 ], [ -62.283325194999975, -39.308410644999924 ], [ -62.285400391, -39.309509276999961 ], [ -62.288024901999904, -39.309020995999902 ], [ -62.288513183999896, -39.310913086000028 ], [ -62.290588378999985, -39.310729979999905 ], [ -62.292297362999989, -39.31219482399996 ], [ -62.290283202999888, -39.313415526999961 ], [ -62.291076659999987, -39.315979003999871 ], [ -62.292907714999956, -39.317077637000011 ], [ -62.292602538999859, -39.319274901999904 ], [ -62.29357910199991, -39.322082519999867 ], [ -62.291381835999914, -39.323425292999957 ], [ -62.288879394999981, -39.323913573999846 ], [ -62.286499022999863, -39.324096679999911 ], [ -62.285888671999885, -39.322082519999867 ], [ -62.283081055000025, -39.322204589999842 ], [ -62.280700683999896, -39.322814941 ], [ -62.278381347999925, -39.321289062999938 ], [ -62.276306151999904, -39.321289062999938 ], [ -62.273376464999899, -39.321594237999875 ], [ -62.271911621000015, -39.322998046999942 ], [ -62.269775390999826, -39.322692871000015 ], [ -62.267700194999804, -39.323303222999982 ], [ -62.266418456999986, -39.321777343999941 ], [ -62.26348876999981, -39.321411132999913 ], [ -62.261291503999814, -39.322326659999817 ], [ -62.260498046999885, -39.324401855000019 ], [ -62.265502929999911, -39.325500487999875 ], [ -62.266296387000011, -39.327575683999896 ], [ -62.26867675799997, -39.32727050799997 ], [ -62.270874022999863, -39.327087401999904 ], [ -62.273010253999871, -39.327880859 ], [ -62.27490234399977, -39.326904296999942 ], [ -62.276794433999896, -39.325805663999915 ], [ -62.27960205099987, -39.32647705099987 ], [ -62.281494141, -39.328979491999974 ], [ -62.280212401999904, -39.330505371000015 ], [ -62.280395507999799, -39.332824706999872 ], [ -62.281494141, -39.334594726999967 ], [ -62.283203125, -39.335693359 ], [ -62.283020019999867, -39.338073729999962 ], [ -62.280273437999824, -39.338378905999889 ], [ -62.27960205099987, -39.34069824199986 ], [ -62.277282714999899, -39.34149169899996 ], [ -62.275390625, -39.343078612999989 ], [ -62.273376464999899, -39.342590331999929 ], [ -62.271911621000015, -39.344116210999971 ], [ -62.269470214999899, -39.344421386999898 ], [ -62.268310546999885, -39.346618651999904 ], [ -62.267517089999842, -39.348693847999812 ], [ -62.265502929999911, -39.349609374999886 ], [ -62.264892577999944, -39.351623534999931 ], [ -62.262573241999974, -39.351989745999845 ], [ -62.26062011699986, -39.350585937999881 ], [ -62.258300780999889, -39.350097655999889 ], [ -62.256103515999882, -39.350891112999989 ], [ -62.253479003999985, -39.351196288999915 ], [ -62.250610351999853, -39.351013183999953 ], [ -62.249023437999824, -39.349609374999886 ], [ -62.247009276999904, -39.350585937999881 ], [ -62.245910644999867, -39.3488159179999 ], [ -62.244079589999956, -39.347473144999981 ], [ -62.242126465000013, -39.348083495999845 ], [ -62.239013671999942, -39.348999022999863 ], [ -62.237304687999938, -39.347595214999956 ], [ -62.234375, -39.346984862999989 ], [ -62.234139383852266, -39.348942289571767 ], [ -62.236915447205433, -39.360000407132588 ], [ -62.237792968999827, -39.360107421999885 ], [ -62.236995470782688, -39.360319171516835 ], [ -62.239535026221347, -39.370435187983446 ], [ -62.194932334090709, -39.417011505588789 ], [ -62.170489590897432, -39.495522427090577 ], [ -62.174176722470918, -39.50302396281279 ], [ -62.174220448879908, -39.503061968769089 ], [ -62.154836115313685, -39.610925095260939 ], [ -62.169212028646768, -39.642786849286722 ], [ -62.164871425953152, -39.644834232227879 ], [ -62.154316268122329, -39.644939557649309 ], [ -62.168251875622957, -39.743055030293931 ], [ -62.168252941518574, -39.743064177542237 ], [ -62.1699941328107, -39.830316269578361 ], [ -62.170410156, -39.830505370999902 ], [ -62.172302245999902, -39.831481933999896 ], [ -62.174377441, -39.831787109 ], [ -62.176696776999961, -39.832275391 ], [ -62.178894042999787, -39.8331909179999 ], [ -62.182800292999787, -39.834594726999853 ], [ -62.185485840000013, -39.834899901999904 ], [ -62.188903808999839, -39.836303710999857 ], [ -62.193725585999914, -39.837280272999863 ], [ -62.197875976999796, -39.838012694999861 ], [ -62.200805663999972, -39.838378905999889 ], [ -62.20477294899996, -39.838684081999816 ], [ -62.209411620999902, -39.838378905999889 ], [ -62.213378905999889, -39.839172362999989 ], [ -62.216186522999919, -39.838806151999904 ], [ -62.219177246000015, -39.8370971679999 ], [ -62.222473144999867, -39.835205078 ], [ -62.225280762000011, -39.835021972999868 ], [ -62.227905272999749, -39.831909179999968 ], [ -62.230712890999882, -39.829406737999875 ], [ -62.232482909999874, -39.825195312999938 ], [ -62.234375, -39.821899413999802 ], [ -62.236328124999886, -39.820312499999886 ], [ -62.238098144999867, -39.818603515999882 ], [ -62.2413940429999, -39.817504882999913 ], [ -62.245605469, -39.817504882999913 ], [ -62.250488280999889, -39.817504882999913 ], [ -62.256176422999886, -39.817504882999913 ], [ -62.25640869099982, -39.817504882999913 ], [ -62.258178710999914, -39.820983886999898 ], [ -62.26007080099987, -39.824523925999983 ], [ -62.262084960999914, -39.826293944999975 ], [ -62.264099120999845, -39.826599120999902 ], [ -62.267700194999918, -39.825012206999872 ], [ -62.270324706999986, -39.819824218999884 ], [ -62.275207519999867, -39.818603515999882 ], [ -62.277587891, -39.815612792999957 ], [ -62.281677245999958, -39.814392089999842 ], [ -62.296875, -39.811096191 ], [ -62.297790527000018, -39.812622069999861 ], [ -62.286926269999867, -39.817016602000024 ], [ -62.283691405999832, -39.819091796999942 ], [ -62.278991698999903, -39.819396972999868 ], [ -62.278625487999875, -39.822387694999975 ], [ -62.280212401999904, -39.824218749999943 ], [ -62.283874511999954, -39.823303222999868 ], [ -62.286499022999863, -39.820312499999886 ], [ -62.290405272999863, -39.820312499999886 ], [ -62.295288085999914, -39.824890136999898 ], [ -62.297912597999812, -39.828186034999931 ], [ -62.300720214999956, -39.830322265999939 ], [ -62.293395995999788, -39.833312987999875 ], [ -62.293701171999885, -39.838684081999816 ], [ -62.286682128999814, -39.847595214999956 ], [ -62.276794433999896, -39.850402831999986 ], [ -62.27178955099987, -39.849914550999813 ], [ -62.267700194999918, -39.851806640999882 ], [ -62.265502929999911, -39.853393554999911 ], [ -62.265869140999939, -39.856689452999944 ], [ -62.265197753999814, -39.8585815429999 ], [ -62.273010253999871, -39.867187499999829 ], [ -62.274291991999974, -39.87109375 ], [ -62.278320312999938, -39.870910644999867 ], [ -62.280883788999859, -39.872985839999956 ], [ -62.281799315999933, -39.874084472999925 ], [ -62.284606933999896, -39.875305175999927 ], [ -62.284484862999818, -39.876098632999856 ], [ -62.285095214999899, -39.878295897999863 ], [ -62.286499022999863, -39.87860107399996 ], [ -62.287475585999914, -39.87780761699986 ], [ -62.287780761999954, -39.877075194999918 ], [ -62.288879394999981, -39.877075194999918 ], [ -62.289978026999847, -39.877990722999925 ], [ -62.291992187999881, -39.8781127929999 ], [ -62.294677733999947, -39.877380370999958 ], [ -62.295593261999784, -39.876403808999896 ], [ -62.295471190999876, -39.874389647999863 ], [ -62.294006347999755, -39.873718261999898 ], [ -62.294982909999817, -39.873474120999958 ], [ -62.299072265999939, -39.875183104999962 ], [ -62.300598144999981, -39.874877930000025 ], [ -62.30139160199991, -39.872802734 ], [ -62.301269530999832, -39.870910644999867 ], [ -62.300292968999884, -39.8703002929999 ], [ -62.300781249999943, -39.869689940999933 ], [ -62.30139160199991, -39.867309569999975 ], [ -62.301696777000018, -39.866882323999903 ], [ -62.302795409999874, -39.867309569999975 ], [ -62.304687499999943, -39.867309569999975 ], [ -62.305175780999946, -39.86749267599987 ], [ -62.30499267599987, -39.867675781 ], [ -62.304199218999941, -39.867797851999967 ], [ -62.302490233999947, -39.867797851999967 ], [ -62.302124022999863, -39.868408202999831 ], [ -62.30218505900001, -39.869079589999899 ], [ -62.30218505900001, -39.86999511699986 ], [ -62.302795409999874, -39.870727538999802 ], [ -62.302795409999874, -39.871826171999942 ], [ -62.303100585999914, -39.872497558999896 ], [ -62.304626464999956, -39.872802734 ], [ -62.30499267599987, -39.873413085999971 ], [ -62.30578613299997, -39.872802734 ], [ -62.30578613299997, -39.872070312999881 ], [ -62.306579589999899, -39.872009276999904 ], [ -62.307495116999974, -39.872924804999968 ], [ -62.309326171999885, -39.87390136699986 ], [ -62.310729980000019, -39.875183104999962 ], [ -62.311279297, -39.877624511999898 ], [ -62.311096190999876, -39.879577636999954 ], [ -62.309997558999839, -39.882995604999962 ], [ -62.311279297, -39.885681152000018 ], [ -62.312499999999773, -39.888488769999981 ], [ -62.312499999999773, -39.89031982399996 ], [ -62.31280517599987, -39.891784668000014 ], [ -62.312988281, -39.894592284999874 ], [ -62.312988281, -39.897216796999885 ], [ -62.312988281, -39.899597168000014 ], [ -62.316528319999804, -39.905883788999859 ], [ -62.317993163999859, -39.910400391 ], [ -62.318134019555828, -39.910760355113041 ], [ -62.318277134511163, -39.89525667176423 ], [ -62.343830090467407, -39.851120845932769 ], [ -62.34383018015086, -39.851090590258536 ], [ -62.368361934745337, -39.812840702886319 ], [ -62.368551314299054, -39.812849941934587 ], [ -62.370139668366107, -39.812500802105717 ], [ -62.370168273558193, -39.812482351245762 ], [ -62.370206100600058, -39.810291569905189 ], [ -62.445397732147569, -39.735008533946086 ], [ -62.445420043729371, -39.734974227623013 ], [ -62.48659603506303, -39.696971978369561 ], [ -62.487497746322276, -39.696608040276658 ], [ -62.487504997496444, -39.696601398972859 ], [ -62.488220328420027, -39.692763337976032 ], [ -62.49193578246161, -39.692817466653935 ], [ -62.491951701248524, -39.69275104729212 ], [ -62.494925181777944, -39.692797968194213 ], [ -62.49358572147537, -39.653883905669431 ], [ -62.483734411789214, -39.644933120911617 ], [ -62.483734041417563, -39.644895615233509 ], [ -62.471828132257883, -39.635190612069437 ], [ -62.472802874519346, -39.634784888201352 ], [ -62.472834444085663, -39.634759294930916 ], [ -62.488874954091898, -39.611684657239209 ], [ -62.49112995630361, -39.605456738797272 ], [ -62.49144309034051, -39.604284262722217 ], [ -62.491488713659521, -39.604238829452356 ], [ -62.491499322110599, -39.604231188378549 ], [ -62.499385600715868, -39.586480458980361 ], [ -62.498842760925527, -39.581998462191109 ], [ -62.498832954766613, -39.581990898626657 ], [ -62.498840585176254, -39.581980542431552 ], [ -62.498830808611785, -39.581973005737609 ], [ -62.499980154449077, -39.570469384560909 ], [ -62.500025443605409, -39.570079977076148 ], [ -62.500061978363021, -39.563457403921745 ], [ -62.500085965310802, -39.563419817339138 ], [ -62.504149561052145, -39.551879256761708 ], [ -62.504171250616423, -39.55186972969841 ], [ -62.504155369712009, -39.551841655230305 ], [ -62.504174844794875, -39.551827706716949 ], [ -62.504120827290023, -39.54993414611647 ], [ -62.50453435469052, -39.54991539495478 ], [ -62.504776442970694, -39.543976668617688 ], [ -62.509929888459283, -39.539599000880571 ], [ -62.510242408934005, -39.539580404145738 ], [ -62.510554246294191, -39.539543609033615 ], [ -62.51823976823465, -39.539666913737335 ], [ -62.512767825372464, -39.532009626549097 ], [ -62.512737976341327, -39.532016625243955 ], [ -62.505237956099563, -39.535240982919561 ], [ -62.50498160292949, -39.525282682049237 ], [ -62.513282937655788, -39.48525081286499 ], [ -62.513292181918189, -39.485243678615007 ], [ -62.517659115700326, -39.508885168182246 ], [ -62.523259085663483, -39.497016103793442 ], [ -62.525713148472619, -39.491429060073585 ], [ -62.528617893693763, -39.493260371389852 ], [ -62.531078081978876, -39.49481139729437 ], [ -62.533188521720604, -39.496141924201254 ], [ -62.537721415703686, -39.500331088314908 ], [ -62.538215341197258, -39.50054159090314 ], [ -62.538244844722556, -39.500564992478644 ], [ -62.542893529711591, -39.490578652038835 ], [ -62.541148901246515, -39.487981886422801 ], [ -62.541117864953151, -39.487945151838346 ], [ -62.540750507204507, -39.487589143624575 ], [ -62.543656988638702, -39.479140509583601 ], [ -62.53755218611235, -39.472003599876018 ], [ -62.535236150641936, -39.472850258347876 ], [ -62.53264406888843, -39.473797829317505 ], [ -62.529723460742275, -39.474865497607368 ], [ -62.516324125670451, -39.475434103455711 ], [ -62.515755230561751, -39.475910543504028 ], [ -62.51306481655547, -39.476416993313478 ], [ -62.512991158880766, -39.476375821110594 ], [ -62.512971106643818, -39.476388790413637 ], [ -62.5073152737736, -39.475510706854266 ], [ -62.507311487331549, -39.469730474311973 ], [ -62.507317152544886, -39.469726072378307 ], [ -62.5073101800686, -39.469709364385835 ], [ -62.507315858122638, -39.469704938901202 ], [ -62.507074535152469, -39.465949530170406 ], [ -62.509872081137758, -39.465999915107034 ], [ -62.509882380880754, -39.466001114530457 ], [ -62.509928327635976, -39.465850467624136 ], [ -62.510476591998327, -39.466158139840616 ], [ -62.510486802227774, -39.466154578678413 ], [ -62.512042464977526, -39.43144061697194 ], [ -62.511996031381329, -39.43140592692373 ], [ -62.512000692088009, -39.431388336558655 ], [ -62.511954339649265, -39.431353336528673 ], [ -62.511942573750673, -39.431314910862909 ], [ -62.511896251426833, -39.431279593260115 ], [ -62.512799554556182, -39.430569154591808 ], [ -62.508675961193887, -39.426175999786949 ], [ -62.50868377667598, -39.426168773543452 ], [ -62.508630132021835, -39.426127655241714 ], [ -62.508617950026462, -39.426099526658049 ], [ -62.508564073285527, -39.426058385805106 ], [ -62.508570313790074, -39.426049532314551 ], [ -62.508516232211093, -39.426008424367808 ], [ -62.508843922903225, -39.425546613306096 ], [ -62.50579417110589, -39.422973125421777 ], [ -62.505795153953898, -39.422970887982387 ], [ -62.505813864181391, -39.422919316719913 ], [ -62.505811582568754, -39.422915955951567 ], [ -62.504777766856932, -39.422115445083534 ], [ -62.50664332751046, -39.421682412221628 ], [ -62.513761966230902, -39.42299605123236 ], [ -62.5138273576556, -39.422978647936304 ], [ -62.51751325818708, -39.416867215370246 ], [ -62.521832119520695, -39.411744345327122 ], [ -62.521904027705432, -39.411720353445844 ], [ -62.521995980768281, -39.411588757254606 ], [ -62.522069231783689, -39.411374694415827 ], [ -62.522364740345381, -39.407503348311536 ], [ -62.522354640593505, -39.407372341389589 ], [ -62.523472090590701, -39.393444366152551 ], [ -62.523547738396928, -39.392978513752951 ], [ -62.523558755140357, -39.392704331543484 ], [ -62.523611377668715, -39.392098226482403 ], [ -62.523612871671958, -39.3920981488302 ], [ -62.526868256012904, -39.36939272861332 ], [ -62.527581173358328, -39.366726000840686 ], [ -62.544053722055025, -39.37360570628897 ], [ -62.547911044860996, -39.371594692938686 ], [ -62.547966278664148, -39.371553581193325 ], [ -62.557787024950642, -39.361976187330015 ], [ -62.557848520020855, -39.361772974134681 ], [ -62.557871893281856, -39.361725311757596 ], [ -62.560632342392921, -39.36004543267552 ], [ -62.559778165365572, -39.35519031914265 ], [ -62.559822177347314, -39.355156034510514 ], [ -62.565029293302416, -39.347628892491855 ], [ -62.557159447765855, -39.335364473894117 ], [ -62.559721820923585, -39.328530584368707 ], [ -62.559722364586491, -39.328431457597674 ], [ -62.558766512419027, -39.310966222090599 ], [ -62.559657543421622, -39.305385747879427 ], [ -62.559621124634589, -39.301400731628235 ], [ -62.559649763758387, -39.301229534685888 ], [ -62.559623717977558, -39.301201734346705 ], [ -62.559285862305046, -39.301173229095582 ], [ -62.561518426302712, -39.29875723372578 ], [ -62.561579815909568, -39.298211137592318 ], [ -62.57008131684114, -39.287233522162012 ], [ -62.570081421446332, -39.287202499227874 ], [ -62.561238202272705, -39.274778920225856 ], [ -62.56577241116463, -39.274775401274212 ], [ -62.565825890651297, -39.27473447449654 ], [ -62.566370875372399, -39.273807384963902 ], [ -62.566632456993318, -39.270325919954757 ], [ -62.566674480514678, -39.26633265770829 ], [ -62.566642837880295, -39.26630794703317 ], [ -62.566675297372797, -39.26620511384499 ], [ -62.566643187371312, -39.266180013704627 ], [ -62.566677250876467, -39.258099288016751 ], [ -62.567862264126916, -39.258096838772815 ], [ -62.577962735150834, -39.248377214818504 ], [ -62.577959216959584, -39.247848660157842 ], [ -62.577876519062102, -39.23078186413511 ], [ -62.577863613072054, -39.224017830729395 ], [ -62.581508736435921, -39.223983548196486 ], [ -62.581557528775591, -39.223945697997692 ], [ -62.58222830850093, -39.222530692901216 ], [ -62.58255901167621, -39.2199677450987 ], [ -62.588296969178828, -39.211735897973256 ], [ -62.588311006316076, -39.211688330755351 ], [ -62.586336524711612, -39.20319114900974 ], [ -62.583748127980527, -39.202782515887975 ], [ -62.58373444403378, -39.202740352133219 ], [ -62.583731448471667, -39.201947730296297 ], [ -62.583817379636344, -39.198360017602965 ], [ -62.58368869970883, -39.197020845212478 ], [ -62.5848717498165, -39.196013089186124 ], [ -62.584896490255403, -39.195970087194723 ], [ -62.583964961797165, -39.190294026690651 ], [ -62.587916837884734, -39.196853866002925 ], [ -62.587927546934395, -39.196890072927658 ], [ -62.588919274924024, -39.198558446044046 ], [ -62.590174744790488, -39.199335644773669 ], [ -62.591533942929573, -39.201424203499982 ], [ -62.591553132353852, -39.201497953105616 ], [ -62.591526480328639, -39.204428133749332 ], [ -62.593435830565397, -39.215549047101774 ], [ -62.59344914489742, -39.215596088960524 ], [ -62.595412031177716, -39.222553107653425 ], [ -62.595425342172064, -39.222589429514414 ], [ -62.598817529896905, -39.228222859043399 ], [ -62.599738381495627, -39.231010283966611 ], [ -62.599867461616611, -39.231300097972394 ], [ -62.60128597308784, -39.233179600531741 ], [ -62.602463215469356, -39.234277269899849 ], [ -62.616323485898761, -39.239838882178049 ], [ -62.616326729894524, -39.239847694396644 ], [ -62.61637856898426, -39.24026015322346 ], [ -62.616392604284897, -39.240585601867224 ], [ -62.61640209821411, -39.240593194887765 ], [ -62.617048781535914, -39.240532689252234 ], [ -62.617066590546528, -39.24054112606899 ], [ -62.617104387034715, -39.240660706542712 ], [ -62.617112094764821, -39.240666554740699 ], [ -62.617308864318886, -39.240629194084704 ], [ -62.618986993685553, -39.241278911363167 ], [ -62.618998387575289, -39.241270046867555 ], [ -62.619020879962704, -39.241292151384982 ], [ -62.619032392667634, -39.241283138891561 ], [ -62.630896615026302, -39.245881840194613 ], [ -62.634360245629978, -39.248839710674986 ], [ -62.637421700312814, -39.260302459993682 ], [ -62.640292378904178, -39.267085098454515 ], [ -62.640344893401732, -39.267125852240497 ], [ -62.640547925377746, -39.270200543618955 ], [ -62.640209158998346, -39.271825422830034 ], [ -62.64069577922595, -39.272454126169123 ], [ -62.640695765420105, -39.272497953627919 ], [ -62.644370412071794, -39.285675918008565 ], [ -62.642473504567022, -39.292106307738209 ], [ -62.642509205412125, -39.292134039870177 ], [ -62.642488750344114, -39.292267124376622 ], [ -62.642500101837982, -39.292299461820448 ], [ -62.642535569174072, -39.292327040672262 ], [ -62.642747403678698, -39.294958257804183 ], [ -62.658515919148556, -39.299479459377324 ], [ -62.658548062638147, -39.299504530768331 ], [ -62.659153470810963, -39.299506936740443 ], [ -62.659186783948371, -39.299532748159606 ], [ -62.663259120055102, -39.302007245778043 ], [ -62.672117719807943, -39.300005993128309 ], [ -62.672173116384613, -39.300048784491764 ], [ -62.672335040040593, -39.300014454222037 ], [ -62.672390803264875, -39.300057535347776 ], [ -62.675577980952141, -39.30018832889499 ], [ -62.678685053722518, -39.317675831152826 ], [ -62.680161235492733, -39.31900236252369 ], [ -62.680174202245041, -39.318992376033236 ], [ -62.680187445626018, -39.318999151837829 ], [ -62.680200785093859, -39.318989078111883 ], [ -62.681121954778462, -39.31888943180752 ], [ -62.68112397280521, -39.318869724394858 ], [ -62.681145029217021, -39.318871704614139 ], [ -62.683463889661823, -39.318314194612697 ], [ -62.684907601375471, -39.318376148705909 ], [ -62.684947087106764, -39.31859267999198 ], [ -62.695788878355359, -39.320032319442021 ], [ -62.695812196207839, -39.320014103573385 ], [ -62.701906472293103, -39.320011831739293 ], [ -62.714676392455601, -39.320708618848982 ], [ -62.714719941902388, -39.320981776633914 ], [ -62.715109283472998, -39.326026379549376 ], [ -62.71540430584497, -39.330495119120485 ], [ -62.715404378807136, -39.330512601944406 ], [ -62.714396824631308, -39.339097260338406 ], [ -62.714413608517134, -39.339110298497587 ], [ -62.713906537574474, -39.342151653372014 ], [ -62.713888103671025, -39.342151647529761 ], [ -62.713433712816141, -39.342153758232769 ], [ -62.713418978990831, -39.342165392583581 ], [ -62.711960208430241, -39.348227470673919 ], [ -62.716496665220518, -39.34906671134047 ], [ -62.717212869368893, -39.349333243205479 ], [ -62.717596534556662, -39.349476027968365 ], [ -62.719649521663484, -39.350240036694061 ], [ -62.719687196270115, -39.350210287489006 ], [ -62.719645522551048, -39.348845262107773 ], [ -62.719687568180461, -39.348812345411261 ], [ -62.723217858022508, -39.350524290233523 ], [ -62.72986863660833, -39.354586771518484 ], [ -62.732434179343898, -39.355005614035235 ], [ -62.732434311954989, -39.355005716297796 ], [ -62.732471540530298, -39.355011713108581 ], [ -62.732838206786596, -39.355297651614194 ], [ -62.732888620295626, -39.355337292977595 ], [ -62.732880412333827, -39.355523448546535 ], [ -62.746944226454502, -39.368942164845464 ], [ -62.746974884999702, -39.368966036135532 ], [ -62.758384962029936, -39.369447088503989 ], [ -62.758381011846893, -39.370947612547752 ], [ -62.758397163460302, -39.370959940136288 ], [ -62.759166733355471, -39.370779454018759 ], [ -62.759218444852877, -39.370781800234795 ], [ -62.766191757805473, -39.383739736203381 ], [ -62.758303894615722, -39.387296640950638 ], [ -62.769497504085393, -39.412000069111059 ], [ -62.769554401456901, -39.41199829216589 ], [ -62.773717122284324, -39.410648669957311 ], [ -62.784489826601543, -39.406457463728032 ], [ -62.78519995429383, -39.40572448837554 ], [ -62.786262055838392, -39.405767961838251 ], [ -62.786302122199402, -39.406308751232757 ], [ -62.786307681232358, -39.40631302124342 ], [ -62.785250750857756, -39.407489670461644 ], [ -62.778379777391024, -39.41918727649977 ], [ -62.778332655037104, -39.419224027884752 ], [ -62.778314582629093, -39.419298637296549 ], [ -62.778267003385622, -39.419334514072489 ], [ -62.778219832097761, -39.419408626738345 ], [ -62.773932371257445, -39.426700842235732 ], [ -62.790443878045949, -39.454916465688655 ], [ -62.821588305975183, -39.462040940585325 ], [ -62.831865598923571, -39.462435572233744 ], [ -62.831885688715374, -39.462450970075452 ], [ -62.834146357896827, -39.466205163454617 ], [ -62.83416439323139, -39.466218968580904 ], [ -62.84035375242064, -39.467295387768218 ], [ -62.840375834535109, -39.467311626461878 ], [ -62.840587605685585, -39.467343808366934 ], [ -62.847589243566176, -39.468553234310036 ], [ -62.847615350707599, -39.468573234443966 ], [ -62.85877687581052, -39.47054804923539 ], [ -62.854431458965848, -39.503537100284234 ], [ -62.854160057628178, -39.520427423456226 ], [ -62.849288772519913, -39.521681376108518 ], [ -62.849201166815703, -39.52179087335054 ], [ -62.849145489461421, -39.521803104424919 ], [ -62.840754231832307, -39.548160553892785 ], [ -62.850698328621377, -39.552298338006892 ], [ -62.863510690649832, -39.552111098051796 ], [ -62.870872357411372, -39.54951033594017 ], [ -62.870905132973689, -39.549492792434762 ], [ -62.870967983111711, -39.549489780200588 ], [ -62.87099951920942, -39.549470369654614 ], [ -62.875442351900574, -39.548415647061518 ], [ -62.875465487955523, -39.548401321974723 ], [ -62.887612072646391, -39.543409753104925 ], [ -62.888095957304245, -39.543425498179772 ], [ -62.885221385374621, -39.555864789463271 ], [ -62.883222044238664, -39.557303863673837 ], [ -62.882384194863107, -39.557906924043834 ], [ -62.882379206151882, -39.55792362393106 ], [ -62.880323058364638, -39.575607393191035 ], [ -62.881435089844501, -39.578624221887594 ], [ -62.884871293077651, -39.587634166606392 ], [ -62.88388109249189, -39.599827694478336 ], [ -62.883909628135143, -39.599849786994014 ], [ -62.883873797023739, -39.599919724627171 ], [ -62.883902534452773, -39.599942000874591 ], [ -62.882741399906593, -39.614426976612322 ], [ -62.885676462719289, -39.619093055487781 ], [ -62.885729359660616, -39.619134047454565 ], [ -62.886653029123238, -39.619080531761085 ], [ -62.887112630395904, -39.619053905953479 ], [ -62.888600754532263, -39.618967611115579 ], [ -62.895473846203515, -39.617547679890777 ], [ -62.895564172186312, -39.617528390375014 ], [ -62.895734602660298, -39.617481607536149 ], [ -62.898104976402863, -39.617700620275571 ], [ -62.898172631979264, -39.617710121773655 ], [ -62.898524938693924, -39.621765040639673 ], [ -62.901033241206903, -39.623907957671406 ], [ -62.908193499639651, -39.664992568901198 ], [ -62.908907353708287, -39.66908856061616 ], [ -63.004004231639897, -39.789551138776801 ], [ -63.039158797708922, -39.823443121267815 ], [ -63.085930864967054, -39.860973124153588 ], [ -63.191811128123618, -39.921346290246106 ], [ -63.213167130933755, -39.917452749030986 ], [ -63.238415974815553, -39.91253101329994 ], [ -63.238465400929499, -39.912493008386036 ], [ -63.245228737216621, -39.911320305144784 ], [ -63.250666185696446, -39.910411163798472 ], [ -63.250722857527137, -39.910367408212494 ], [ -63.260775471261468, -39.908615489517672 ], [ -63.258913738856791, -39.915779029178395 ], [ -63.258917003309421, -39.915814972646331 ], [ -63.257997032476283, -39.91931702111134 ], [ -63.257948332387002, -39.919354436089122 ], [ -63.256906721732832, -39.923438544930832 ], [ -63.259211250579938, -39.932146429130114 ], [ -63.258181417400237, -39.948151640845992 ], [ -63.255558368923857, -39.956110273253955 ], [ -63.229375809555108, -39.977254745595246 ], [ -63.22404296678053, -39.981355346737018 ], [ -63.211389598005098, -39.997753463372874 ], [ -63.196359610821276, -40.001595094724564 ], [ -63.181097301757404, -40.037767731035274 ], [ -63.20359415151205, -40.094765409717695 ], [ -63.199433610675612, -40.108342347307484 ], [ -63.202668588527501, -40.112397560544309 ], [ -63.211545140805242, -40.116518621112391 ], [ -63.222066085277845, -40.113897256588643 ], [ -63.256835678258085, -40.125741944718072 ], [ -63.26777535398088, -40.130200290703783 ], [ -63.272060050965933, -40.118774631553777 ], [ -63.282878926405601, -40.096393882929192 ], [ -63.309946416738569, -40.079540560812575 ], [ -63.309980190018962, -40.079566941768633 ], [ -63.310012713366291, -40.079579182406746 ], [ -63.319584179494427, -40.076778327934846 ], [ -63.361371129893257, -40.075223412526327 ], [ -63.361371292070487, -40.075183967418354 ], [ -63.367271712963657, -40.077748999699224 ], [ -63.367505729545769, -40.077704518705957 ], [ -63.38020203109528, -40.074476535738427 ], [ -63.380174309711833, -40.074532019027629 ], [ -63.378732531040271, -40.078890960444767 ], [ -63.3787497427208, -40.078899545348122 ], [ -63.375585548004437, -40.086541986956945 ], [ -63.375051405847444, -40.087308571851793 ], [ -63.370998969958805, -40.090449035896313 ], [ -63.356574798463555, -40.1156018241482 ], [ -63.357000914987736, -40.122610398585152 ], [ -63.377631849760917, -40.133969157732679 ], [ -63.381432863312568, -40.128986134719241 ], [ -63.381449033989384, -40.129002052436704 ], [ -63.399509769161114, -40.152486896910602 ], [ -63.418237861671628, -40.177224402846662 ], [ -63.418237686483224, -40.177265945505553 ], [ -63.436941008978351, -40.201801372476723 ], [ -63.522819686209118, -40.213133869650392 ], [ -63.640835186251593, -40.206094265186152 ], [ -63.659308009553797, -40.326989907838708 ], [ -63.659375606436583, -40.327030001819026 ], [ -63.763789354166931, -40.18474213884366 ], [ -63.772113252252666, -40.186141733438205 ], [ -63.772145296116321, -40.186117048933966 ], [ -63.771923320405449, -40.184582453175608 ], [ -63.771944600378049, -40.184550215753063 ], [ -63.771977478221004, -40.184530936677049 ], [ -63.873225686137005, -40.182590707059205 ], [ -64.087364217741481, -40.172191017565467 ], [ -64.12552025814, -40.170337955718821 ], [ -64.177357926871139, -40.150987770791914 ], [ -64.177421046583959, -40.15096231026746 ], [ -64.178210003491415, -40.151029122902798 ], [ -64.178220107849029, -40.151028490776469 ], [ -64.17933895805146, -40.151557259465619 ], [ -64.184325296192014, -40.148622091233506 ], [ -64.189546708683338, -40.146553134858436 ], [ -64.230974497699322, -40.127838743531584 ], [ -64.355664346504796, -39.984301179317299 ], [ -64.379261078913544, -39.957137632015758 ], [ -64.394105543445619, -39.931792678128318 ], [ -64.394112211052459, -39.931790802463468 ], [ -64.408644245462597, -39.886107287611082 ], [ -64.408623268261124, -39.886085873045488 ], [ -64.408615080298091, -39.886051847170393 ], [ -64.393857460223217, -39.873391062033136 ], [ -64.394779897148851, -39.872045125898239 ], [ -64.394779368360162, -39.8720218743087 ], [ -64.394745219554238, -39.871994257085817 ], [ -64.425484785506399, -39.844932286424353 ], [ -64.436544427186277, -39.791105787430809 ], [ -64.476994005498739, -39.867327627945883 ], [ -64.479952138714452, -39.868955226009689 ], [ -64.479985180373262, -39.868987254090825 ], [ -64.482603144343329, -39.872682083190341 ], [ -64.482603541946162, -39.872745675906231 ], [ -64.619117232064525, -39.935852715546844 ], [ -64.646322364310436, -39.957941878833708 ], [ -64.651451209853974, -39.961802146722505 ], [ -64.664833210724623, -39.966176074206714 ], [ -64.664841246743094, -39.966170167084897 ], [ -64.667264311778752, -39.965689092294838 ], [ -64.66927726701698, -39.964431029706589 ], [ -64.669955640112107, -39.964098394577036 ], [ -64.696642253523748, -39.963626269898214 ], [ -64.779642655858936, -39.966976561774743 ], [ -64.842530766443815, -39.966070502782202 ], [ -64.882489146394335, -39.960338416239551 ], [ -64.801176421980642, -40.002176472874453 ], [ -64.789601215627044, -40.008370392893198 ], [ -64.683038668421887, -40.063473448443006 ], [ -64.682974109026702, -40.063502654896979 ], [ -64.661094333389144, -40.075704817702217 ], [ -64.667596072517711, -40.082251761875227 ], [ -64.658541223631289, -40.087742863439985 ], [ -64.649651617895245, -40.09313377223782 ], [ -64.646768952465152, -40.120740252952601 ], [ -64.646713853377435, -40.120760166755986 ], [ -64.62039074966026, -40.132826683378937 ], [ -64.620335811010989, -40.132841072656106 ], [ -64.607468638187413, -40.131904541633219 ], [ -64.601959999630537, -40.141463657867121 ], [ -64.601906471485336, -40.1414766894016 ], [ -64.580094913416929, -40.14849197841221 ], [ -64.580042321796611, -40.148502396065282 ], [ -64.5690381420319, -40.153480614428418 ], [ -64.61442129749247, -40.425968328986471 ], [ -64.614753864885415, -40.427339388567191 ], [ -64.623917571553648, -40.440387795764934 ], [ -64.624237987487163, -40.440830681397927 ], [ -64.613715766207974, -40.434208740988367 ], [ -64.613687984777755, -40.434184602385983 ], [ -64.613315873434317, -40.433490236297018 ], [ -64.548386773724303, -40.548781368495611 ], [ -64.574436927276793, -40.561628279568765 ], [ -64.545103475317262, -40.658306102894187 ], [ -64.583246291790033, -40.666842928274548 ], [ -64.583253357482761, -40.666866211986928 ], [ -64.583308221327513, -40.666866628136802 ], [ -64.58173682557009, -40.67878472624966 ], [ -64.581743323141211, -40.678805110355768 ], [ -64.614140966843649, -40.684006287299951 ], [ -64.619481409036041, -40.687546229835561 ], [ -64.619539211670826, -40.687546632814019 ], [ -64.661770460901494, -40.693657550195212 ], [ -64.661780382383995, -40.693667678895565 ], [ -64.671803491822232, -40.691758677982875 ], [ -64.716576345015426, -40.699584219834207 ], [ -64.718100891915071, -40.699655285534959 ], [ -64.718110811805957, -40.699652872785578 ], [ -64.718177621284553, -40.699648789423406 ], [ -64.719333818207076, -40.6998613150202 ], [ -64.719400859547477, -40.699865859662623 ], [ -64.721096803873763, -40.700360310966857 ], [ -64.721122468043234, -40.700311817770228 ], [ -64.748780162799903, -40.693918129273072 ], [ -64.749005839226754, -40.694019416747949 ], [ -64.781481905020087, -40.703968960701275 ], [ -64.781515363043354, -40.703936852702441 ], [ -64.781546558713615, -40.703967680007963 ], [ -64.785370487009118, -40.709812662867478 ], [ -64.805440053506175, -40.710050656020485 ], [ -64.785168408912, -40.715706003852915 ], [ -64.785167627491376, -40.715706961919864 ], [ -64.777856069020004, -40.715728054318504 ], [ -64.777855687550584, -40.715721050241029 ], [ -64.777784868523213, -40.715722453060323 ], [ -64.769036757611104, -40.71746509072932 ], [ -64.727787683808515, -40.725681962494434 ], [ -64.725335324620062, -40.736407167258676 ], [ -64.721497249687104, -40.75365549719703 ], [ -64.720685241939464, -40.757266487732181 ], [ -64.72068547412681, -40.757270750875421 ], [ -64.719501650313987, -40.76628118923901 ], [ -64.718256502063866, -40.768219434907451 ], [ -64.712861733312309, -40.75680501156944 ], [ -64.704534794770154, -40.740545937640547 ], [ -64.698412926646881, -40.728199551206785 ], [ -64.695949246097541, -40.72378188549834 ], [ -64.689587482278512, -40.724398943327458 ], [ -64.647954942750971, -40.728437065536411 ], [ -64.620593016207238, -40.73191922103058 ], [ -64.62054930942071, -40.731930876977117 ], [ -64.618040618020302, -40.734377198612435 ], [ -64.618015889712808, -40.734397306628239 ], [ -64.58847933703089, -40.747563665335178 ], [ -64.585753209949303, -40.74596033316385 ], [ -64.585696215510382, -40.745956087142531 ], [ -64.580498417443664, -40.742894364803135 ], [ -64.566692931116563, -40.749223213177061 ], [ -64.564436991272203, -40.750894156291054 ], [ -64.551144024937855, -40.784799078479182 ], [ -64.551149445754902, -40.7848208749989 ], [ -64.556001625780937, -40.787925678364388 ], [ -64.540829758439202, -40.796053753724436 ], [ -64.53838149890305, -40.795540243716346 ], [ -64.538372776490178, -40.795542861009494 ], [ -64.537861136889262, -40.796128305347793 ], [ -64.536194685144494, -40.796370166599445 ], [ -64.536185723828794, -40.79637193827142 ], [ -64.535669543640381, -40.796308754732308 ], [ -64.535599313156524, -40.796308012510224 ], [ -64.535590534044331, -40.796309829685583 ], [ -64.535524312321854, -40.796300364684555 ], [ -64.530698064771343, -40.794302931678089 ], [ -64.530691370756017, -40.794304648085983 ], [ -64.530619089671461, -40.794303950161236 ], [ -64.529932674581289, -40.794274050522858 ], [ -64.529926269194277, -40.794275954733223 ], [ -64.529910111428762, -40.79428855026174 ], [ -64.529903797811301, -40.794290742422163 ], [ -64.529862356968181, -40.794324642735489 ], [ -64.529856288182884, -40.794327473583223 ], [ -64.529532293553189, -40.79463280656131 ], [ -64.529526178794811, -40.794635858473441 ], [ -64.494346662349187, -40.809730355323154 ], [ -64.490270538395976, -40.813571363309734 ], [ -64.490250816286448, -40.813583642929473 ], [ -64.488669143972857, -40.815759035977294 ], [ -64.484464806190829, -40.820773548808575 ], [ -64.481821356076694, -40.822946974280967 ], [ -64.481772526229747, -40.822933544564535 ], [ -64.481747162904639, -40.822941985441503 ], [ -64.435354240556251, -40.796470623449409 ], [ -64.434500510977045, -40.787915507738262 ], [ -64.434477353883381, -40.7879020285921 ], [ -64.4267071546181, -40.790386808938308 ], [ -64.42238954779566, -40.793479581738836 ], [ -64.40868033424772, -40.782763761862611 ], [ -64.401327848512153, -40.787686639035371 ], [ -64.401264896134194, -40.787685971230871 ], [ -64.395667368927491, -40.78977813283268 ], [ -64.365235184049709, -40.781951078508143 ], [ -64.347660454054221, -40.785384337248558 ], [ -64.335236317780584, -40.853208771981599 ], [ -64.336327497292473, -40.854957180620886 ], [ -64.336826385677114, -40.857713697308839 ], [ -64.322521542847369, -40.899304695996932 ], [ -64.306352081500904, -40.906446251961995 ], [ -64.306315497842661, -40.906472022549622 ], [ -64.306303094178702, -40.906475794746598 ], [ -64.306283429852442, -40.906448546843194 ], [ -64.287555279225785, -40.915026006852656 ], [ -64.26786349673705, -40.914384153935089 ], [ -64.267821587543892, -40.914396562037552 ], [ -64.242863812194912, -40.959651382751645 ], [ -64.236604681652977, -40.965856483160792 ], [ -64.232315447739154, -40.969886202695989 ], [ -64.232336729585995, -40.9698797304697 ], [ -64.227381612469742, -40.987374725277732 ], [ -64.221128449758737, -40.99264435873846 ], [ -64.212891397502972, -41.004605064141003 ], [ -64.214599608999777, -41.003906249999943 ], [ -64.216186522999976, -41.003784179999968 ], [ -64.219421387000011, -41.002929687999881 ], [ -64.22100830099987, -41.002319335999914 ], [ -64.222106933999896, -41.00140380900001 ], [ -64.223876952999888, -41.0 ], [ -64.224426269999867, -40.999572753999871 ], [ -64.226196288999859, -40.998596190999876 ], [ -64.226928710999971, -40.997192382999913 ], [ -64.228088378999757, -40.996582030999946 ], [ -64.229492187999824, -40.996398925999983 ], [ -64.231689452999888, -40.995788574000017 ], [ -64.23272705099987, -40.994812011999954 ], [ -64.233581542999787, -40.994384765999939 ], [ -64.234802245999958, -40.994201659999987 ], [ -64.23889160199991, -40.993469237999875 ], [ -64.240905761999954, -40.992980956999872 ], [ -64.243408202999888, -40.992187499999886 ], [ -64.246215819999918, -40.991210937999881 ], [ -64.248718261999784, -40.990417479999962 ], [ -64.252014159999817, -40.987976074000017 ], [ -64.254394530999832, -40.986572265999882 ], [ -64.256225585999914, -40.985473632999913 ], [ -64.258605956999872, -40.984680175999983 ], [ -64.261413573999903, -40.983703612999932 ], [ -64.263977050999756, -40.982421874999829 ], [ -64.265808104999905, -40.981201172 ], [ -64.267211913999802, -40.980529784999874 ], [ -64.267700194999861, -40.979797362999932 ], [ -64.269226073999903, -40.979003906 ], [ -64.27062988299997, -40.978576659999817 ], [ -64.273681640999882, -40.9777221679999 ], [ -64.275878905999946, -40.977600097999925 ], [ -64.276184081999986, -40.976989745999902 ], [ -64.276489257999913, -40.976806640999826 ], [ -64.279113769999753, -40.974975586000028 ], [ -64.281311034999987, -40.973999022999976 ], [ -64.282287597999812, -40.973876953 ], [ -64.284179687999938, -40.973510741999803 ], [ -64.28570556599982, -40.972412108999947 ], [ -64.2882690429999, -40.972290038999972 ], [ -64.289306640999939, -40.970886229999905 ], [ -64.291015624999943, -40.969299315999876 ], [ -64.29187011699986, -40.96740722699991 ], [ -64.292297362999875, -40.966308593999941 ], [ -64.293212890999939, -40.966003418000014 ], [ -64.295410155999946, -40.964477538999972 ], [ -64.298278808999896, -40.963928222999812 ], [ -64.299072265999826, -40.962585448999903 ], [ -64.300903319999804, -40.961486815999876 ], [ -64.304199219, -40.960510253999985 ], [ -64.30438232399996, -40.959472655999832 ], [ -64.305786133000026, -40.95928955099987 ], [ -64.307006835999857, -40.958618163999859 ], [ -64.307800292999957, -40.958190918000014 ], [ -64.308471679999911, -40.957702636999841 ], [ -64.309204102000024, -40.957580565999876 ], [ -64.31140136699986, -40.955993652000018 ], [ -64.313476562999881, -40.955505370999958 ], [ -64.314575194999748, -40.954895019999981 ], [ -64.317321776999961, -40.953979491999917 ], [ -64.320190429999911, -40.953002930000025 ], [ -64.323974608999833, -40.951904296999885 ], [ -64.327575683999896, -40.950012206999929 ], [ -64.331604003999871, -40.949279784999987 ], [ -64.336669921999885, -40.947692870999958 ], [ -64.340209960999971, -40.946594237999818 ], [ -64.346679687999881, -40.943786620999958 ], [ -64.352905272999863, -40.942077636999954 ], [ -64.355285644999981, -40.94171142599987 ], [ -64.357177733999947, -40.940673827999888 ], [ -64.35998535199991, -40.939819335999971 ], [ -64.362426758000026, -40.93927001999981 ], [ -64.364929198999789, -40.937988281 ], [ -64.367187499999829, -40.9367065429999 ], [ -64.371276854999905, -40.935974120999958 ], [ -64.374694823999903, -40.934875487999932 ], [ -64.377075194999861, -40.934326171999942 ], [ -64.379272460999857, -40.933593749999829 ], [ -64.383972167999843, -40.931579589999899 ], [ -64.390991210999914, -40.928710937999938 ], [ -64.395080565999876, -40.927124022999919 ], [ -64.395690918000014, -40.926696777000018 ], [ -64.395996093999884, -40.926513671999885 ], [ -64.396179198999846, -40.925598144999867 ], [ -64.397705077999888, -40.923400878999985 ], [ -64.398315429999855, -40.920776366999974 ], [ -64.398498534999817, -40.919494628999985 ], [ -64.398681640999939, -40.918395995999845 ], [ -64.399719237999989, -40.916992187999881 ], [ -64.402770995999902, -40.915588378999985 ], [ -64.405212402000018, -40.91461181599982 ], [ -64.407409668000014, -40.913208008000026 ], [ -64.410522460999914, -40.912292479999849 ], [ -64.411621093999941, -40.911682128999985 ], [ -64.413391112999932, -40.91070556599982 ], [ -64.416015624999829, -40.909973144999981 ], [ -64.417297362999932, -40.909606933999896 ], [ -64.418090819999861, -40.909179687999881 ], [ -64.42102050799997, -40.907592772999863 ], [ -64.424011229999962, -40.907287597999812 ], [ -64.425781249999886, -40.90710449199986 ], [ -64.427124022999863, -40.906494141 ], [ -64.428527831999929, -40.906005859 ], [ -64.430297851999853, -40.906005859 ], [ -64.432312011999954, -40.904785155999889 ], [ -64.434326171999885, -40.90399169899996 ], [ -64.436096190999876, -40.903808594 ], [ -64.438598632999913, -40.904174805000025 ], [ -64.440490722999868, -40.904113769999867 ], [ -64.442077636999898, -40.90399169899996 ], [ -64.443603515999939, -40.903686522999863 ], [ -64.446289062999824, -40.902709960999971 ], [ -64.449890136999898, -40.902282714999956 ], [ -64.454284667999957, -40.901794433999896 ], [ -64.45788574199986, -40.902099609 ], [ -64.46099853499976, -40.901184081999929 ], [ -64.463806151999961, -40.900573729999962 ], [ -64.466613769999924, -40.900512694999975 ], [ -64.468078612999875, -40.899902344 ], [ -64.468872069999804, -40.899108886999898 ], [ -64.468994140999882, -40.898498534999931 ], [ -64.469726563, -40.897399901999904 ], [ -64.470703124999886, -40.897216796999942 ], [ -64.474182128999871, -40.896301269999867 ], [ -64.476928710999857, -40.895080565999933 ], [ -64.478210449000017, -40.894104003999871 ], [ -64.479370116999803, -40.893676757999856 ], [ -64.480895995999845, -40.893310546999942 ], [ -64.482788085999971, -40.893005371000015 ], [ -64.483825683999839, -40.892517090000013 ], [ -64.485107421999942, -40.891479491999974 ], [ -64.487121581999872, -40.890808105000019 ], [ -64.489685058999896, -40.88977050799997 ], [ -64.492492675999927, -40.888610840000013 ], [ -64.495605469, -40.887390137000011 ], [ -64.497009276999904, -40.885375976999967 ], [ -64.499877929999911, -40.8839721679999 ], [ -64.502990722999982, -40.883911132999913 ], [ -64.504577637000011, -40.883483887000011 ], [ -64.505981444999918, -40.882629394999924 ], [ -64.507629394999924, -40.881896972999982 ], [ -64.508911133000026, -40.880981444999804 ], [ -64.50952148399989, -40.880004882999913 ], [ -64.510498046999885, -40.878784179999911 ], [ -64.511291503999814, -40.877929688 ], [ -64.513183593999941, -40.877075194999804 ], [ -64.515869140999826, -40.876281737999989 ], [ -64.517028808999953, -40.876281737999989 ], [ -64.518493651999904, -40.875915526999961 ], [ -64.520080565999933, -40.875183104999849 ], [ -64.521118163999915, -40.87469482399996 ], [ -64.523010253999871, -40.873474121000015 ], [ -64.523681641, -40.87280273399989 ], [ -64.5245971679999, -40.872070312999881 ], [ -64.526611327999774, -40.870910644999924 ], [ -64.528076171999828, -40.870300292999957 ], [ -64.529174805000025, -40.869506836000028 ], [ -64.530395507999856, -40.868713378999928 ], [ -64.532592772999863, -40.867675780999889 ], [ -64.536499022999863, -40.866394042999957 ], [ -64.541198729999962, -40.864929198999903 ], [ -64.543395995999788, -40.864379883000026 ], [ -64.546386718999884, -40.863891601999853 ], [ -64.549194335999914, -40.863586425999927 ], [ -64.551696777000018, -40.862915038999972 ], [ -64.55969238299997, -40.861511229999905 ], [ -64.561706542999843, -40.861206054999968 ], [ -64.573486327999888, -40.858703612999875 ], [ -64.576293944999861, -40.85827636699986 ], [ -64.578491210999857, -40.857910155999946 ], [ -64.580078124999886, -40.857971190999933 ], [ -64.582092284999987, -40.856994628999871 ], [ -64.586975097999868, -40.855712890999939 ], [ -64.589904784999987, -40.85491943400001 ], [ -64.59240722699991, -40.854187011999898 ], [ -64.594482421999828, -40.853393554999968 ], [ -64.596618652000018, -40.852600097999868 ], [ -64.598510741999803, -40.852294921999942 ], [ -64.600402831999872, -40.851379394999867 ], [ -64.602111815999876, -40.850402831999872 ], [ -64.603179089999969, -40.850197586999855 ], [ -64.603698729999905, -40.850097655999946 ], [ -64.607604979999905, -40.849487304999968 ], [ -64.618103026999961, -40.848083495999902 ], [ -64.619812011999954, -40.847106933999953 ], [ -64.621887206999816, -40.846679687999938 ], [ -64.624511718999884, -40.846679687999938 ], [ -64.627075194999975, -40.846191405999946 ], [ -64.630493163999802, -40.845275878999871 ], [ -64.634582519999867, -40.844299316 ], [ -64.637023925999813, -40.843872069999975 ], [ -64.638427733999947, -40.843872069999975 ], [ -64.640502929999968, -40.843383788999802 ], [ -64.645324706999872, -40.842224120999958 ], [ -64.647888183999953, -40.842102050999983 ], [ -64.650390624999886, -40.841918944999861 ], [ -64.652893066, -40.841003417999957 ], [ -64.655273437999881, -40.840393066 ], [ -64.658386230000019, -40.840087890999882 ], [ -64.663879394999867, -40.83959960899989 ], [ -64.670104980000019, -40.839477538999915 ], [ -64.676391601999967, -40.838806151999961 ], [ -64.678771972999925, -40.837890624999886 ], [ -64.681091308999896, -40.836791991999917 ], [ -64.68359375, -40.836425781 ], [ -64.699707030999889, -40.830383300999813 ], [ -64.703491210999914, -40.82897949199986 ], [ -64.706787108999777, -40.828186034999817 ], [ -64.70928955099987, -40.826904297 ], [ -64.712219237999875, -40.825683594 ], [ -64.716308593999941, -40.82482910199991 ], [ -64.722290038999859, -40.823669433999953 ], [ -64.728088378999814, -40.822570800999927 ], [ -64.730407714999956, -40.822570800999927 ], [ -64.731384276999847, -40.821899413999972 ], [ -64.733581543000014, -40.821289063 ], [ -64.738525390999826, -40.820190429999968 ], [ -64.740905761999841, -40.819274901999961 ], [ -64.746276854999905, -40.818603515999939 ], [ -64.751586913999802, -40.818298339999899 ], [ -64.757080077999831, -40.817626952999944 ], [ -64.768676757999913, -40.817993163999972 ], [ -64.781494140999939, -40.818725585999914 ], [ -64.794494628999928, -40.820007323999903 ], [ -64.800109862999932, -40.820678711000028 ], [ -64.816711425999983, -40.822875977000024 ], [ -64.828308104999905, -40.824584961000028 ], [ -64.834411620999902, -40.825500487999932 ], [ -64.844787597999982, -40.827209472999868 ], [ -64.852478027000018, -40.82788085899989 ], [ -64.864624022999749, -40.829895019999924 ], [ -64.867980956999929, -40.830505370999902 ], [ -64.871582030999832, -40.830200194999861 ], [ -64.875305175999927, -40.828918456999872 ], [ -64.885192870999788, -40.824707031 ], [ -64.89007568400001, -40.822814940999876 ], [ -64.894287108999947, -40.820678711000028 ], [ -64.89788818400001, -40.818176269999924 ], [ -64.899780272999976, -40.816589354999905 ], [ -64.904113769999867, -40.811096190999876 ], [ -64.904724121000015, -40.809570312999824 ], [ -64.905212401999847, -40.807983397999806 ], [ -64.905212401999847, -40.806701659999987 ], [ -64.90490722699991, -40.805480956999872 ], [ -64.903320312999881, -40.804382324000017 ], [ -64.900085448999903, -40.803405761999954 ], [ -64.898010253999985, -40.803100585999914 ], [ -64.895629883000026, -40.802307128999814 ], [ -64.893615722999982, -40.80139160199991 ], [ -64.890624999999886, -40.800476074000017 ], [ -64.889404296999885, -40.800109862999818 ], [ -64.887512206999816, -40.799987792999843 ], [ -64.884094237999989, -40.79772949199986 ], [ -64.882690429999855, -40.797607421999885 ], [ -64.879089354999962, -40.796386718999884 ], [ -64.875427245999902, -40.795104979999962 ], [ -64.872680663999859, -40.793579102000024 ], [ -64.866210937999938, -40.792175292999957 ], [ -64.85968017599987, -40.790588378999928 ], [ -64.851806640999882, -40.786010741999974 ], [ -64.848999022999919, -40.78430175799997 ], [ -64.84741210899989, -40.782775878999928 ], [ -64.845214844, -40.782470702999888 ], [ -64.844116210999857, -40.782592772999863 ], [ -64.843078612999989, -40.783020019999867 ], [ -64.842102050999927, -40.783874511999954 ], [ -64.841979979999849, -40.784118651999904 ], [ -64.841979979999849, -40.784484862999932 ], [ -64.843627929999968, -40.785705565999933 ], [ -64.84460449199986, -40.786682128999928 ], [ -64.844482421999885, -40.788269042999957 ], [ -64.845703124999886, -40.790893555000025 ], [ -64.845581054999911, -40.791870116999917 ], [ -64.846374512000011, -40.792602538999859 ], [ -64.847778319999918, -40.79278564499981 ], [ -64.848693847999982, -40.793701172 ], [ -64.848205566, -40.794006347999925 ], [ -64.848205566, -40.794982909999987 ], [ -64.848388671999885, -40.795593261999954 ], [ -64.850585937999881, -40.796203612999818 ], [ -64.850708008000026, -40.79669189499981 ], [ -64.85131835899989, -40.797912597999925 ], [ -64.85131835899989, -40.799072265999939 ], [ -64.850585937999881, -40.799377440999876 ], [ -64.850097655999889, -40.799499511999954 ], [ -64.84930419899996, -40.799987792999843 ], [ -64.849426269999924, -40.800415038999859 ], [ -64.849975585999914, -40.800720214999956 ], [ -64.850891112999818, -40.801086425999983 ], [ -64.853881835999914, -40.801086425999983 ], [ -64.854797362999818, -40.801696776999847 ], [ -64.85522460899989, -40.802612305000025 ], [ -64.856628417999957, -40.803710937999881 ], [ -64.856506347999982, -40.80450439499981 ], [ -64.856201171999885, -40.804992675999983 ], [ -64.854309081999986, -40.806396483999947 ], [ -64.853088378999814, -40.806823729999962 ], [ -64.852111816, -40.806701659999987 ], [ -64.85137939499981, -40.805908202999888 ], [ -64.85131835899989, -40.804809569999918 ], [ -64.850769042999843, -40.804504394999981 ], [ -64.850280762000011, -40.804504394999981 ], [ -64.849182128999985, -40.804382324000017 ], [ -64.848022461000028, -40.804504394999981 ], [ -64.847290038999915, -40.804687499999943 ], [ -64.845886229999849, -40.805175780999946 ], [ -64.844970702999944, -40.805908202999888 ], [ -64.844970702999944, -40.806213378999985 ], [ -64.845275878999985, -40.807006835999914 ], [ -64.846191405999889, -40.807678222999868 ], [ -64.848388671999885, -40.808715819999918 ], [ -64.84930419899996, -40.808898925999983 ], [ -64.849609374999886, -40.809509277000018 ], [ -64.849609374999886, -40.810485840000013 ], [ -64.847595214999785, -40.812377929999968 ], [ -64.845703124999886, -40.814086913999972 ], [ -64.845886229999849, -40.814575194999861 ], [ -64.845275878999985, -40.814880370999902 ], [ -64.84460449199986, -40.814880370999902 ], [ -64.843200683999953, -40.814086913999972 ], [ -64.843383788999915, -40.813171386999898 ], [ -64.843322753999928, -40.812011718999884 ], [ -64.843078612999989, -40.811523437999881 ], [ -64.842590331999816, -40.811279296999828 ], [ -64.842529296999828, -40.809875487999875 ], [ -64.842102050999927, -40.807189940999876 ], [ -64.842102050999927, -40.806213378999985 ], [ -64.842407226999853, -40.80529785199991 ], [ -64.842224120999902, -40.803894042999843 ], [ -64.842285155999889, -40.802307128999814 ], [ -64.841796874999886, -40.801879882999913 ], [ -64.841369628999985, -40.801025391 ], [ -64.839294433999896, -40.79858398399989 ], [ -64.839111328, -40.797607421999885 ], [ -64.838195800999927, -40.79669189499981 ], [ -64.838012694999804, -40.795593261999954 ], [ -64.838195800999927, -40.794494628999814 ], [ -64.838806151999904, -40.793518065999933 ], [ -64.839294433999896, -40.792907714999899 ], [ -64.841186522999863, -40.79278564499981 ], [ -64.841918944999861, -40.792297362999932 ], [ -64.842407226999853, -40.791503906 ], [ -64.843078612999989, -40.789001464999899 ], [ -64.842712401999904, -40.788269042999957 ], [ -64.841674804999911, -40.787780761999954 ], [ -64.840820312999824, -40.787597656 ], [ -64.839477538999859, -40.787109375 ], [ -64.838012694999804, -40.786193847999925 ], [ -64.835998534999931, -40.785827637000011 ], [ -64.832580565999763, -40.786804198999903 ], [ -64.831726074000017, -40.787780761999954 ], [ -64.830322265999939, -40.787597656 ], [ -64.8292846679999, -40.78741455099987 ], [ -64.828186034999931, -40.787475586000028 ], [ -64.825988769999867, -40.787780761999954 ], [ -64.824401854999849, -40.788085938 ], [ -64.823120116999917, -40.788818358999833 ], [ -64.822082519999867, -40.789611815999933 ], [ -64.821411132999913, -40.790710448999903 ], [ -64.820983886999841, -40.791687011999954 ], [ -64.821594237999875, -40.793090819999861 ], [ -64.821594237999875, -40.794189452999888 ], [ -64.819885253999871, -40.794799805000025 ], [ -64.818298340000013, -40.79467773399989 ], [ -64.816406249999886, -40.793579102000024 ], [ -64.814819336000028, -40.793273925999983 ], [ -64.813476562999938, -40.793579102000024 ], [ -64.812683105000019, -40.793884276999961 ], [ -64.812194823999846, -40.794189452999888 ], [ -64.812377929999911, -40.795288086000028 ], [ -64.811401366999917, -40.795776366999917 ], [ -64.810424804999855, -40.795593261999954 ], [ -64.808898925999813, -40.794799805000025 ], [ -64.808105468999884, -40.793701172 ], [ -64.804870605000019, -40.795776366999917 ], [ -64.801879883000026, -40.798095702999888 ], [ -64.79858398399989, -40.800476074000017 ], [ -64.79522705099987, -40.802124022999863 ], [ -64.791381835999857, -40.803100585999914 ], [ -64.785888671999771, -40.803527831999929 ], [ -64.782714843999884, -40.802917479999962 ], [ -64.780029296999885, -40.802673340000013 ], [ -64.774108886999954, -40.803222655999889 ], [ -64.769409180000025, -40.804382324000017 ], [ -64.768981933999783, -40.80450439499981 ], [ -64.767028808999896, -40.80529785199991 ], [ -64.764282227000024, -40.805969237999875 ], [ -64.761779784999817, -40.805908202999888 ], [ -64.760986327999888, -40.806396483999947 ], [ -64.758178711000028, -40.807128905999889 ], [ -64.753479003999928, -40.807678222999868 ], [ -64.752014159999874, -40.808471679999968 ], [ -64.750976563, -40.809326171999885 ], [ -64.749694823999903, -40.809692382999913 ], [ -64.747985839999899, -40.809875487999875 ], [ -64.746093749999943, -40.810302733999947 ], [ -64.742004394999981, -40.810729979999962 ], [ -64.740295409999817, -40.810485840000013 ], [ -64.740478515999939, -40.809570312999824 ], [ -64.743469237999875, -40.807983397999806 ], [ -64.745422362999989, -40.806396483999947 ], [ -64.747009277000018, -40.805969237999875 ], [ -64.748779297, -40.806274413999972 ], [ -64.749389647999976, -40.806091308999839 ], [ -64.749572753999928, -40.805725097999925 ], [ -64.749206543000014, -40.805175780999946 ], [ -64.747985839999899, -40.804382324000017 ], [ -64.747375487999932, -40.803771972999868 ], [ -64.747009277000018, -40.802978515999939 ], [ -64.74639892599987, -40.802612305000025 ], [ -64.745422362999989, -40.802307128999814 ], [ -64.744018554999911, -40.801574706999872 ], [ -64.742614745999845, -40.801513671999885 ], [ -64.738708495999788, -40.802490233999947 ], [ -64.737915038999859, -40.802917479999962 ], [ -64.735900878999985, -40.803222655999889 ], [ -64.734069824000017, -40.802978515999939 ], [ -64.734191894999981, -40.802612305000025 ], [ -64.734802245999788, -40.802307128999814 ], [ -64.736206054999855, -40.801696776999847 ], [ -64.737182616999746, -40.801513671999885 ], [ -64.738220214999956, -40.80139160199991 ], [ -64.740478515999939, -40.800292968999884 ], [ -64.741699218999884, -40.799804687999881 ], [ -64.74249267599987, -40.799804687999881 ], [ -64.743774413999972, -40.799987792999843 ], [ -64.744812011999841, -40.800109862999818 ], [ -64.745910644999981, -40.799804687999881 ], [ -64.747070313, -40.799194335999914 ], [ -64.747375487999932, -40.798095702999888 ], [ -64.747375487999932, -40.797607421999885 ], [ -64.74749755900001, -40.796874999999886 ], [ -64.748901366999974, -40.797607421999885 ], [ -64.75030517599987, -40.797424315999933 ], [ -64.750183104999905, -40.796508788999859 ], [ -64.749206543000014, -40.795898437999881 ], [ -64.749023437999881, -40.795471191 ], [ -64.749694823999903, -40.794799805000025 ], [ -64.751708983999777, -40.79522705099987 ], [ -64.752380370999902, -40.79522705099987 ], [ -64.753601073999903, -40.794982909999987 ], [ -64.753784179999798, -40.794372558999839 ], [ -64.753173828, -40.793701172 ], [ -64.752075194999861, -40.793212891 ], [ -64.750793456999872, -40.792907714999899 ], [ -64.749511718999941, -40.791809081999929 ], [ -64.749389647999976, -40.790893555000025 ], [ -64.75, -40.789916991999974 ], [ -64.75, -40.789001464999899 ], [ -64.749328612999989, -40.78820800799997 ], [ -64.747924804999911, -40.78820800799997 ], [ -64.746582030999832, -40.786987304999855 ], [ -64.745605468999941, -40.786682128999928 ], [ -64.743286132999913, -40.786621093999941 ], [ -64.740722655999889, -40.787170409999817 ], [ -64.738220214999956, -40.788085938 ], [ -64.73602294899996, -40.78820800799997 ], [ -64.733581543000014, -40.787475586000028 ], [ -64.733581543000014, -40.786926269999867 ], [ -64.734069824000017, -40.786193847999925 ], [ -64.735290527000018, -40.785217284999874 ], [ -64.736694335999914, -40.78350830099987 ], [ -64.737304687999881, -40.781494140999826 ], [ -64.737487793000014, -40.78039550799997 ], [ -64.738403319999918, -40.779296874999829 ], [ -64.740478515999939, -40.777587890999826 ], [ -64.74249267599987, -40.776611327999944 ], [ -64.744079589999899, -40.77648925799997 ], [ -64.746582030999832, -40.777221679999911 ], [ -64.747375487999932, -40.777282714999899 ], [ -64.74719238299997, -40.776123046999885 ], [ -64.747375487999932, -40.775085448999903 ], [ -64.748474120999902, -40.773681640999939 ], [ -64.75, -40.77258300799997 ], [ -64.75061035199991, -40.770996093999941 ], [ -64.751220702999944, -40.769897460999914 ], [ -64.753601073999903, -40.76867675799997 ], [ -64.755615233999777, -40.768798827999944 ], [ -64.756774901999961, -40.768493652000018 ], [ -64.757690429999855, -40.768798827999944 ], [ -64.758605956999872, -40.76788330099987 ], [ -64.759582519999924, -40.76818847699991 ], [ -64.761901854999905, -40.770324706999816 ], [ -64.763977050999983, -40.771484374999943 ], [ -64.765197753999757, -40.772705077999944 ], [ -64.769409180000025, -40.774780272999976 ], [ -64.769714354999962, -40.774475097999868 ], [ -64.76928710899989, -40.773620604999849 ], [ -64.768798827999888, -40.77209472699991 ], [ -64.768371581999816, -40.770385741999974 ], [ -64.768615722999925, -40.76898193400001 ], [ -64.769409180000025, -40.767395019999981 ], [ -64.77319335899989, -40.767089843999941 ], [ -64.774780272999806, -40.767395019999981 ], [ -64.775695800999983, -40.768493652000018 ], [ -64.776123046999885, -40.768310546999885 ], [ -64.777282715000013, -40.768310546999885 ], [ -64.778503417999843, -40.767395019999981 ], [ -64.779174804999968, -40.766906737999989 ], [ -64.780029296999885, -40.767211913999915 ], [ -64.78070068400001, -40.767700194999918 ], [ -64.779785155999946, -40.768310546999885 ], [ -64.778991699000017, -40.768798827999944 ], [ -64.779113769999981, -40.769409179999911 ], [ -64.779479979999905, -40.769897460999914 ], [ -64.779479979999905, -40.770996093999941 ], [ -64.780212401999847, -40.771301269999981 ], [ -64.781677245999902, -40.771423339999956 ], [ -64.782714843999884, -40.77178955099987 ], [ -64.783386229999905, -40.772705077999944 ], [ -64.786682128999871, -40.775085448999903 ], [ -64.787292479999905, -40.776184081999872 ], [ -64.786987304999968, -40.777099608999947 ], [ -64.787414550999813, -40.777587890999826 ], [ -64.788574219, -40.778320312999881 ], [ -64.789184569999804, -40.779296874999829 ], [ -64.789184569999804, -40.780883788999859 ], [ -64.790588378999871, -40.781982422 ], [ -64.792297362999875, -40.782226562999938 ], [ -64.79522705099987, -40.781494140999826 ], [ -64.797485352000024, -40.780517577999944 ], [ -64.798217772999976, -40.779479979999905 ], [ -64.797912597999868, -40.778503418000014 ], [ -64.796691894999924, -40.776672362999932 ], [ -64.796691894999924, -40.77600097699991 ], [ -64.797302245999902, -40.775207519999981 ], [ -64.798706054999968, -40.775207519999981 ], [ -64.799499511999898, -40.774597168000014 ], [ -64.799377441, -40.773986815999876 ], [ -64.798217772999976, -40.773803710999914 ], [ -64.798095703, -40.773010253999985 ], [ -64.796997069999861, -40.77288818400001 ], [ -64.796508788999972, -40.772521972999812 ], [ -64.796874999999886, -40.771179198999903 ], [ -64.797424315999876, -40.76818847699991 ], [ -64.796874999999886, -40.767028808999953 ], [ -64.79547119099982, -40.765624999999886 ], [ -64.795410155999832, -40.764892577999888 ], [ -64.795715331999872, -40.763183593999884 ], [ -64.794616698999903, -40.761901854999962 ], [ -64.792480469, -40.76037597699991 ], [ -64.791992187999824, -40.759094237999989 ], [ -64.792602538999972, -40.757690430000025 ], [ -64.793701171999828, -40.7570190429999 ], [ -64.795288085999857, -40.755676269999981 ], [ -64.796508788999972, -40.755310058999896 ], [ -64.796997069999861, -40.754211425999927 ], [ -64.796813964999899, -40.753479003999814 ], [ -64.79858398399989, -40.751586913999859 ], [ -64.800598144999924, -40.749084472999925 ], [ -64.800598144999924, -40.748291016 ], [ -64.799621581999872, -40.747619628999871 ], [ -64.795593261999898, -40.747009276999904 ], [ -64.793090819999861, -40.747009276999904 ], [ -64.790893554999968, -40.746704101999967 ], [ -64.789428710999914, -40.74609375 ], [ -64.787597655999775, -40.745483397999863 ], [ -64.784484862999875, -40.743591308999896 ], [ -64.780883788999972, -40.743408202999944 ], [ -64.775085449000017, -40.74328613299997 ], [ -64.77398681599982, -40.743225097999982 ], [ -64.773498534999987, -40.742797851999967 ], [ -64.773681640999882, -40.741882323999903 ], [ -64.774414062999881, -40.740722655999946 ], [ -64.77520751999981, -40.739807128999871 ], [ -64.776794433999839, -40.738708496000015 ], [ -64.778686522999806, -40.738220214999842 ], [ -64.78460693400001, -40.735290526999904 ], [ -64.787597655999775, -40.734008788999915 ], [ -64.794006347999868, -40.731994628999871 ], [ -64.800170897999919, -40.731201171999885 ], [ -64.801696776999961, -40.730712890999882 ], [ -64.804626464999899, -40.727600097999982 ], [ -64.806274413999915, -40.725524901999961 ], [ -64.807983397999919, -40.725097655999889 ], [ -64.811401366999917, -40.725219727000024 ], [ -64.813781737999875, -40.72631835899989 ], [ -64.815490722999982, -40.727294921999885 ], [ -64.818908691, -40.729003905999889 ], [ -64.820678710999971, -40.730285644999867 ], [ -64.822082519999867, -40.730407714999842 ], [ -64.824096679999911, -40.729492187999881 ], [ -64.825500487999875, -40.727783202999944 ], [ -64.827575683999896, -40.72631835899989 ], [ -64.829711913999972, -40.72430419899996 ], [ -64.830688476999796, -40.723876952999944 ], [ -64.833984374999829, -40.723815917999957 ], [ -64.8363037109998, -40.723388671999885 ], [ -64.837707519999867, -40.722106933999953 ], [ -64.838806151999904, -40.720825194999861 ], [ -64.84069824199986, -40.720886229999849 ], [ -64.841918944999861, -40.721801758000026 ], [ -64.846496581999986, -40.72241210899989 ], [ -64.84741210899989, -40.722778319999918 ], [ -64.848876952999944, -40.722778319999918 ], [ -64.849792480000019, -40.722290038999915 ], [ -64.849914550999756, -40.721496581999816 ], [ -64.848876952999944, -40.72039794899996 ], [ -64.848083496000015, -40.720092772999919 ], [ -64.846618651999961, -40.719482421999885 ], [ -64.846618651999961, -40.717102050999927 ], [ -64.84741210899989, -40.715881347999812 ], [ -64.848999022999919, -40.715820312999824 ], [ -64.849670409999874, -40.7160034179999 ], [ -64.850891112999818, -40.715881347999812 ], [ -64.852294921999885, -40.715576171999885 ], [ -64.853393554999911, -40.715576171999885 ], [ -64.854003905999889, -40.71539306599982 ], [ -64.855102538999915, -40.715576171999885 ], [ -64.856689452999944, -40.715881347999812 ], [ -64.858215331999986, -40.7160034179999 ], [ -64.862304687999938, -40.716186522999863 ], [ -64.863891601999967, -40.716125487999875 ], [ -64.865722655999946, -40.716125487999875 ], [ -64.865722655999946, -40.715270995999845 ], [ -64.8671875, -40.715270995999845 ], [ -64.868103026999904, -40.715270995999845 ], [ -64.869812011999841, -40.715087890999882 ], [ -64.871276854999962, -40.714294433999896 ], [ -64.873596190999933, -40.714172362999989 ], [ -64.875671386999954, -40.713806151999904 ], [ -64.876770019999981, -40.713806151999904 ], [ -64.87860107399996, -40.713684081999816 ], [ -64.883911133000026, -40.713806151999904 ], [ -64.88537597699991, -40.713684081999816 ], [ -64.885986327999888, -40.713623046999828 ], [ -64.887023925999927, -40.713012694999975 ], [ -64.888305663999859, -40.712829590000013 ], [ -64.890380858999947, -40.712829590000013 ], [ -64.892089843999941, -40.713073729999962 ], [ -64.89312744099982, -40.713195800999927 ], [ -64.89398193400001, -40.714111328 ], [ -64.895080565999876, -40.714477538999859 ], [ -64.89630126999981, -40.714477538999859 ], [ -64.898498534999874, -40.714294433999896 ], [ -64.900390624999773, -40.713928222999868 ], [ -64.902282714999899, -40.712890625 ], [ -64.90460205099987, -40.712829590000013 ], [ -64.906982422, -40.712219237999875 ], [ -64.910522460999971, -40.710388183999896 ], [ -64.911987305000025, -40.709899901999904 ], [ -64.913818359, -40.709716796999942 ], [ -64.915283202999888, -40.710083008000026 ], [ -64.916625976999967, -40.710876464999956 ], [ -64.917907714999899, -40.711181641 ], [ -64.919372558999839, -40.710998534999931 ], [ -64.921203612999818, -40.710510253999871 ], [ -64.922607421999885, -40.710510253999871 ], [ -64.923706055000025, -40.710876464999956 ], [ -64.924499511999954, -40.710205078 ], [ -64.925292968999884, -40.709777831999929 ], [ -64.927490233999947, -40.710510253999871 ], [ -64.929504394999981, -40.710876464999956 ], [ -64.930786132999913, -40.710998534999931 ], [ -64.932800293000014, -40.710876464999956 ], [ -64.934020995999788, -40.710083008000026 ], [ -64.936401366999803, -40.710083008000026 ], [ -64.940002440999876, -40.710205078 ], [ -64.94250488299997, -40.710388183999896 ], [ -64.945312499999943, -40.710327147999976 ], [ -64.947814940999876, -40.710021972999868 ], [ -64.954528808999896, -40.709594726999967 ], [ -64.957397461000028, -40.710083008000026 ], [ -64.958007813, -40.710998534999931 ], [ -64.957702636999954, -40.711914062999824 ], [ -64.956481933999953, -40.713989258000026 ], [ -64.952697753999928, -40.713500976999853 ], [ -64.949707031, -40.712707519999867 ], [ -64.948913573999903, -40.713195800999927 ], [ -64.948608397999976, -40.714172362999989 ], [ -64.948608397999976, -40.714904784999931 ], [ -64.94897460899989, -40.71569824199986 ], [ -64.950500487999932, -40.7160034179999 ], [ -64.952209472999868, -40.715881347999812 ], [ -64.953308104999905, -40.716125487999875 ], [ -64.953613281, -40.716918944999861 ], [ -64.953308104999905, -40.71850585899989 ], [ -64.952697753999928, -40.718688964999956 ], [ -64.951721190999876, -40.719177245999845 ], [ -64.951782227000024, -40.719787597999812 ], [ -64.952575683999953, -40.719970702999944 ], [ -64.953491211000028, -40.719909667999957 ], [ -64.955810547, -40.71960449199986 ], [ -64.95678710899989, -40.720275878999985 ], [ -64.956604003999928, -40.720886229999849 ], [ -64.956176757999913, -40.721679687999881 ], [ -64.957397461000028, -40.721801758000026 ], [ -64.960388183999783, -40.721374512000011 ], [ -64.963012694999861, -40.721374511999841 ], [ -64.964111327999888, -40.721008300999927 ], [ -64.965209960999857, -40.720214844 ], [ -64.966796874999886, -40.718811034999931 ], [ -64.968994140999882, -40.718383788999915 ], [ -64.969482421999942, -40.717285155999889 ], [ -64.969604491999917, -40.71649169899996 ], [ -64.971496581999872, -40.7160034179999 ], [ -64.972106933999839, -40.716308594 ], [ -64.972290038999802, -40.716918944999861 ], [ -64.972106933999839, -40.717407226999853 ], [ -64.971618651999847, -40.718078612999989 ], [ -64.97052001999981, -40.718811034999931 ], [ -64.969604491999917, -40.71960449199986 ], [ -64.967590331999816, -40.720581054999911 ], [ -64.966369628999871, -40.721496581999816 ], [ -64.964904784999987, -40.722290038999915 ], [ -64.964172362999875, -40.723083495999845 ], [ -64.965270996000015, -40.72430419899996 ], [ -64.966796874999886, -40.724792479999849 ], [ -64.969116210999857, -40.725280762000011 ], [ -64.97241210899989, -40.724914550999927 ], [ -64.977783203, -40.722900390999882 ], [ -64.983398437999824, -40.723022461000028 ], [ -64.985412597999868, -40.722473144999981 ], [ -64.987304687999824, -40.721191405999889 ], [ -64.988403319999861, -40.719177245999845 ], [ -64.989501953, -40.718688964999956 ], [ -64.991394042999957, -40.717895508000026 ], [ -64.993286133000026, -40.717590331999816 ], [ -64.994079589999785, -40.717285155999889 ], [ -64.995178222999982, -40.716918944999861 ], [ -64.995910644999924, -40.716918944999861 ], [ -64.996093749999886, -40.717224120999902 ], [ -64.996093749999886, -40.717712401999904 ], [ -64.995178222999982, -40.718627929999968 ], [ -64.994323729999905, -40.718811034999931 ], [ -64.993103026999961, -40.719787597999812 ], [ -64.992187499999886, -40.721069335999914 ], [ -64.990722655999832, -40.721801758000026 ], [ -64.988403319999861, -40.722900390999882 ], [ -64.984008788999972, -40.724182128999985 ], [ -64.981323241999746, -40.724792479999849 ], [ -64.979003905999946, -40.724914550999927 ], [ -64.975402831999872, -40.725585937999881 ], [ -64.97241210899989, -40.726684569999918 ], [ -64.969909667999843, -40.72717285199991 ], [ -64.966796874999886, -40.727478027000018 ], [ -64.956909179999855, -40.727478027000018 ], [ -64.954406737999932, -40.727294921999885 ], [ -64.953491211000028, -40.726684569999918 ], [ -64.952270507999856, -40.726501464999956 ], [ -64.951293944999861, -40.726989746000015 ], [ -64.947204589999899, -40.727111816 ], [ -64.945495604999905, -40.726501464999956 ], [ -64.943786620999902, -40.725891112999989 ], [ -64.940124511999841, -40.725219727000024 ], [ -64.936096190999876, -40.725280761999841 ], [ -64.934570312999824, -40.724975585999914 ], [ -64.933715819999918, -40.724975585999914 ], [ -64.931213378999985, -40.724975585999914 ], [ -64.926513671999885, -40.725219726999853 ], [ -64.925109862999818, -40.726013183999953 ], [ -64.922607421999885, -40.726806640999882 ], [ -64.920410155999832, -40.727111816 ], [ -64.918701171999828, -40.727111816 ], [ -64.916687011999954, -40.727294921999885 ], [ -64.916076659999987, -40.727905272999919 ], [ -64.917724609, -40.728698729999849 ], [ -64.918395995999958, -40.729492187999881 ], [ -64.92022705099987, -40.731628417999957 ], [ -64.920104979999962, -40.732482909999874 ], [ -64.920288085999857, -40.733886718999941 ], [ -64.919982909999987, -40.735290526999904 ], [ -64.919982909999987, -40.737609862999875 ], [ -64.920410155999832, -40.739318847999982 ], [ -64.92169189499981, -40.739501952999944 ], [ -64.922180175999983, -40.740478515999826 ], [ -64.924499511999954, -40.741271972999925 ], [ -64.926879882999913, -40.741882323999903 ], [ -64.932800293000014, -40.742370604999962 ], [ -64.935302733999947, -40.743225097999982 ], [ -64.937377929999968, -40.743591308999896 ], [ -64.941406249999943, -40.742675781 ], [ -64.944580078, -40.742126465000013 ], [ -64.952209472999868, -40.743103026999904 ], [ -64.956420897999863, -40.744689940999933 ], [ -64.958007813, -40.745971680000025 ], [ -64.959228516, -40.748107909999874 ], [ -64.957092284999817, -40.749328612999875 ], [ -64.953918456999872, -40.7492065429999 ], [ -64.946228027000018, -40.748291016 ], [ -64.941772460999857, -40.749023437999938 ], [ -64.939819335999914, -40.748779296999885 ], [ -64.937011718999884, -40.74890136699986 ], [ -64.93420410199991, -40.7492065429999 ], [ -64.927673340000013, -40.748107909999874 ], [ -64.924377440999876, -40.747802734 ], [ -64.921874999999886, -40.748413085999971 ], [ -64.919799805000025, -40.751281737999818 ], [ -64.915893555000025, -40.751708984 ], [ -64.912475586000028, -40.752929687999938 ], [ -64.910278319999861, -40.753479003999814 ], [ -64.908874511999954, -40.754821776999904 ], [ -64.906982422, -40.756225585999971 ], [ -64.904785156, -40.756103516 ], [ -64.902282714999899, -40.757385253999985 ], [ -64.900573729999905, -40.758178710999914 ], [ -64.899902343999941, -40.760803222999812 ], [ -64.904174804999855, -40.762512206999816 ], [ -64.9113159179999, -40.761901854999962 ], [ -64.931213378999985, -40.757629394999867 ], [ -64.94927978499976, -40.755798339999956 ], [ -64.968811034999987, -40.756103516 ], [ -64.984008788999972, -40.756774901999847 ], [ -64.993286133000026, -40.758483886999954 ], [ -65.006896972999982, -40.76116943400001 ], [ -65.018005370999845, -40.764404296999885 ], [ -65.023376464999956, -40.766723633000026 ], [ -65.030883788999859, -40.770507812999881 ], [ -65.038513183999953, -40.775207519999981 ], [ -65.043884277000018, -40.780212402000018 ], [ -65.048095702999944, -40.782470702999888 ], [ -65.051208496000015, -40.784423827999944 ], [ -65.052673339999899, -40.787170409999817 ], [ -65.054870604999905, -40.790710448999903 ], [ -65.059387206999929, -40.796203612999818 ], [ -65.060974120999958, -40.798706055000025 ], [ -65.064392089999899, -40.801086425999983 ], [ -65.06671142599987, -40.801696776999847 ], [ -65.075988769999981, -40.805603026999847 ], [ -65.083374022999976, -40.808471679999968 ], [ -65.092712402000018, -40.814575194999861 ], [ -65.097290038999802, -40.818298339999899 ], [ -65.099975586000028, -40.821105956999872 ], [ -65.099792479999905, -40.823181151999961 ], [ -65.100769042999957, -40.823669433999953 ], [ -65.106079102000024, -40.826782227000024 ], [ -65.108398437999824, -40.828796386999898 ], [ -65.110900878999757, -40.830505370999902 ], [ -65.113281249999886, -40.832092284999931 ], [ -65.114929198999903, -40.834106444999861 ], [ -65.11578369099982, -40.838012694999861 ], [ -65.120422362999818, -40.845214843999884 ], [ -65.124328612999989, -40.847778319999975 ], [ -65.125122069999918, -40.849609374999943 ], [ -65.12640380900001, -40.851989745999902 ], [ -65.128906249999943, -40.856811522999976 ], [ -65.128112793000014, -40.859985351999853 ], [ -65.126708983999947, -40.862609862999875 ], [ -65.126098632999913, -40.864196776999904 ], [ -65.125915527000018, -40.866394042999957 ], [ -65.123596190999876, -40.868591308999953 ], [ -65.126586913999972, -40.874084472999982 ], [ -65.126525878999985, -40.876220703 ], [ -65.126098632999913, -40.878601073999846 ], [ -65.125183104999905, -40.881286621000015 ], [ -65.126770019999867, -40.884094237999875 ], [ -65.13031005900001, -40.885803222999982 ], [ -65.136779784999931, -40.891601562999938 ], [ -65.140502929999968, -40.895812987999875 ], [ -65.143981933999953, -40.90008544899996 ], [ -65.147094727000024, -40.904174805000025 ], [ -65.149719237999932, -40.908996581999816 ], [ -65.152709961000028, -40.917114258000026 ], [ -65.153686522999919, -40.920410155999889 ], [ -65.153991698999846, -40.924194335999914 ], [ -65.153991698999846, -40.925781249999829 ], [ -65.155212401999961, -40.927001952999944 ], [ -65.157104491999917, -40.929809569999804 ], [ -65.157104491999917, -40.935607909999874 ], [ -65.157287597999982, -40.937927246000015 ], [ -65.159484862999875, -40.940307616999974 ], [ -65.162109374999886, -40.94708251999981 ], [ -65.162292479999849, -40.949829101999967 ], [ -65.163208007999913, -40.950805663999859 ], [ -65.16381835899989, -40.953796386999954 ], [ -65.162780761999841, -40.95648193400001 ], [ -65.162780761999841, -40.958374022999976 ], [ -65.163513183999839, -40.95959472699991 ], [ -65.164306640999882, -40.960998534999874 ], [ -65.165100097999868, -40.962707519999981 ], [ -65.165893554999911, -40.965209960999914 ], [ -65.165771484, -40.969787597999868 ], [ -65.166687011999898, -40.973999022999976 ], [ -65.166687011999898, -40.976684569999861 ], [ -65.166320800999983, -40.979797362999932 ], [ -65.164978026999904, -40.981384276999961 ], [ -65.163513183999839, -40.981689452999888 ], [ -65.161499022999749, -40.982482909999987 ], [ -65.161621093999884, -40.985717772999863 ], [ -65.162597655999946, -40.986877441 ], [ -65.164306640999882, -40.987670897999919 ], [ -65.164489745999845, -40.989501952999888 ], [ -65.164489745999845, -40.99200439499981 ], [ -65.164001465000013, -40.99389648399989 ], [ -65.164489745999845, -40.997192382999913 ], [ -65.164978026999904, -40.998107909999987 ], [ -65.165893554999911, -41.0 ], [ -65.165893554999911, -41.002197265999939 ], [ -65.165710449000017, -41.005004882999913 ], [ -65.165463373354328, -41.005795524094026 ], [ -65.165863897728059, -41.016660298810791 ], [ -65.160875107708762, -41.045914844980871 ], [ -65.160253787171939, -41.047616946243807 ], [ -65.234557859981862, -40.999624539958575 ], [ -65.234595974754427, -40.999624338467129 ], [ -65.240385566012833, -40.998886918895721 ], [ -65.240462927193789, -40.998886509930401 ], [ -65.242231901499849, -40.999247750885672 ], [ -65.242308669876138, -40.999247572398474 ], [ -65.247482949859091, -41.002247291072649 ], [ -65.27314504723239, -41.01141673891766 ], [ -65.273212960413616, -41.011400395988687 ], [ -65.373663732376315, -41.077752263098887 ], [ -65.329376984878479, -41.145362340049758 ], [ -65.371619386734324, -41.202258929569098 ], [ -65.369532989938079, -41.318382516616168 ], [ -65.38362787437211, -41.214622112579548 ], [ -65.408069785013765, -41.226786816031108 ], [ -65.419065500600595, -41.225173474050109 ], [ -65.424499432460379, -41.218191178158065 ], [ -65.431106779699746, -41.219054518224425 ], [ -65.429471572341981, -41.217032430915481 ], [ -65.419968755336583, -41.204297195609513 ], [ -65.401034662434711, -41.190855709739196 ], [ -65.402350473563558, -41.186517253401121 ], [ -65.429600495542445, -41.172291331651365 ], [ -65.533429881684697, -41.056918964307386 ], [ -65.466382654456766, -40.968661063041111 ], [ -65.503078913756212, -40.918274580886703 ], [ -65.685791574899326, -40.89198576254546 ], [ -65.732366993716482, -40.858451665747737 ], [ -65.786373467225928, -40.862636027013934 ], [ -65.786444475918302, -40.862638722056431 ], [ -65.7895351370463, -40.873349035872536 ], [ -65.812810605302673, -40.861583766906165 ], [ -65.84257831000275, -40.850326736067871 ], [ -65.844068882298188, -40.850118503206602 ], [ -65.849795926214256, -40.846509040661203 ], [ -65.84529156928852, -40.848733202857318 ], [ -65.845268082945609, -40.84798766280511 ], [ -65.845133217834416, -40.847877539764681 ], [ -65.844746685438395, -40.848155137415745 ], [ -65.843848333443532, -40.84844320269724 ], [ -65.843787156169185, -40.848423948666152 ], [ -65.843409679192291, -40.847499835228405 ], [ -65.843160220620291, -40.84738705002178 ], [ -65.842922859190651, -40.8477078601058 ], [ -65.842983896931912, -40.84874966911002 ], [ -65.84290933684531, -40.848775861840409 ], [ -65.842246939707366, -40.848520167756817 ], [ -65.842091557430876, -40.848243516860862 ], [ -65.841834817392851, -40.848180714624107 ], [ -65.841515522971633, -40.848314699529567 ], [ -65.841192009335487, -40.848451125342535 ], [ -65.841761182165953, -40.848676761443187 ], [ -65.841542448421706, -40.84944155078847 ], [ -65.841540925389211, -40.849445076477423 ], [ -65.840736675815776, -40.849505725692097 ], [ -65.840552467318787, -40.849848672549399 ], [ -65.842109597654144, -40.850039081271177 ], [ -65.810550602670958, -40.86019677422405 ], [ -65.810595861822947, -40.860097966633475 ], [ -65.791697100325166, -40.860103622312693 ], [ -65.791626091632736, -40.860100927270196 ], [ -65.791825836802673, -40.859992757592977 ], [ -65.742200496322596, -40.853684454652807 ], [ -65.652889348810675, -40.804574543399269 ], [ -65.420037729896706, -40.71585808158153 ], [ -65.423053667987517, -40.752084212590091 ], [ -65.404557606645881, -40.75970869457575 ], [ -65.404516063330618, -40.759735901685133 ], [ -65.370175115330085, -40.767759618996649 ], [ -65.352816082567642, -40.761286855788853 ], [ -65.351474434751765, -40.760331430388987 ], [ -65.361856919637546, -40.69692586788284 ], [ -65.352126275921876, -40.579277937924417 ], [ -65.31531993200548, -40.417890789255864 ], [ -65.335672408029154, -40.429082094251385 ], [ -65.335951278808864, -40.429044363445257 ], [ -65.337277879746864, -40.428831704429001 ], [ -65.324097868942374, -40.38605661158158 ], [ -65.563953730864512, -39.814797924065829 ], [ -65.575454424766065, -39.727861794254466 ], [ -65.560169640616664, -39.646384313261876 ], [ -65.571208984654049, -39.614605196056857 ], [ -65.624220937266614, -39.588534398766342 ], [ -65.638706471895205, -39.55228195658259 ], [ -65.636376909741898, -39.515184911956396 ], [ -65.618905374713904, -39.511183646301561 ], [ -65.618863280099788, -39.511127627593055 ], [ -65.617432938509921, -39.508564254372232 ], [ -65.612243393798451, -39.487367892962027 ], [ -65.618315503151734, -39.482765194205854 ], [ -65.614314587331648, -39.472632924946026 ], [ -65.601812407779221, -39.475585213769136 ], [ -65.598499462538769, -39.480891717399174 ], [ -65.60238229469212, -39.484069342430075 ], [ -65.602339419980751, -39.488983203044313 ], [ -65.598067150546626, -39.489600336943226 ], [ -65.604624932396973, -39.524700399185178 ], [ -65.602936313443593, -39.526975128963329 ], [ -65.602896382393851, -39.527033071645008 ], [ -65.54566143339639, -39.528036603783846 ], [ -65.552878182649579, -39.600488850523845 ], [ -65.503355395459664, -39.595251960677501 ], [ -65.497444471765505, -39.6021863504306 ], [ -65.401333497090206, -39.702093516180469 ], [ -65.377175486117835, -39.731503357315944 ], [ -65.309273086806854, -39.762987654348024 ], [ -65.267494618916317, -39.768098693444131 ], [ -65.162822316920426, -39.728513835374031 ], [ -65.111321411717199, -39.758525442498296 ], [ -65.245256563420753, -39.607731830247474 ], [ -65.279464347196608, -39.53955926119869 ], [ -65.305335049026667, -39.534939360170199 ], [ -65.330667232131077, -39.505220954041079 ], [ -65.30761322396279, -39.506856502006485 ], [ -65.272722720015565, -39.536823480674286 ], [ -65.245745066864856, -39.511386241487344 ], [ -65.068651528166242, -39.670113141474815 ], [ -64.781218284497982, -39.449181281568656 ], [ -64.583086679480004, -39.270911636071332 ], [ -64.583086146994219, -39.27087363279793 ], [ -64.582748019092548, -39.271146866482582 ], [ -64.582747501395545, -39.271108772615321 ], [ -64.583019941054715, -39.270718241963152 ], [ -64.583019384057252, -39.270680222111707 ], [ -64.572540423134512, -39.240597971027057 ], [ -64.568719209637777, -39.240173818997846 ], [ -64.568718580116297, -39.240133160624453 ], [ -64.568267981743361, -39.240244912702167 ], [ -64.568267359585946, -39.240204131653172 ], [ -64.568574882348742, -39.239748104910575 ], [ -64.568574183655983, -39.239707410393237 ], [ -64.712270559544606, -39.108622505638152 ], [ -64.716762259877896, -39.109496058914715 ], [ -64.718502135762492, -39.109206121313832 ], [ -64.724540724472888, -39.110357518500678 ], [ -64.718443088479489, -39.109146889736962 ], [ -64.712443033338957, -39.107955634741586 ], [ -64.709480965420369, -39.102216903049623 ], [ -64.659105999705559, -39.097344773194038 ], [ -64.659781965010097, -39.094632940358622 ], [ -64.65971092450593, -39.094619294084112 ], [ -64.612787410984708, -39.083202101491338 ], [ -64.611944326713058, -39.082828314277265 ], [ -64.514405693205504, -39.059134992035922 ], [ -64.514279784887947, -39.059104058645232 ], [ -64.514223908469717, -39.059093206467708 ], [ -64.512916439996502, -39.058948270675103 ], [ -64.512803001466807, -39.058918786173763 ], [ -64.512746919360666, -39.058907897979566 ], [ -64.512947954698006, -39.058776850760978 ], [ -64.512892216563102, -39.058766027399145 ], [ -64.512833920046944, -39.058748821788981 ], [ -64.51277819342863, -39.058738002644645 ], [ -64.511849400245978, -39.058506956593703 ], [ -64.511793780273706, -39.05849613598707 ], [ -64.509462851213357, -39.057619342200439 ], [ -64.509408069741767, -39.057608599587866 ], [ -64.502353076326301, -39.056607341155882 ], [ -64.180536037569482, -39.002986104428885 ], [ -64.154089522010622, -38.999538340754441 ], [ -64.153905943706263, -38.999499973578054 ], [ -64.153831830497268, -38.999484806987311 ], [ -64.134853934386399, -38.995770855129877 ], [ -64.134777813296353, -38.995752195163163 ], [ -64.13106966521832, -38.994660221501704 ], [ -64.13043415933663, -38.994399849890499 ], [ -64.130995650626517, -38.994634057145674 ], [ -64.130999627906192, -38.994638677860792 ], [ -64.131074009533791, -38.9946650584331 ], [ -64.132424074887354, -38.996682925536277 ], [ -64.153926753531948, -38.999590493648043 ], [ -64.154110867165173, -38.999629479053624 ], [ -64.154184967611911, -38.999644609237237 ], [ -64.160883582448093, -39.015934542426635 ], [ -64.377603271426096, -39.138801403118464 ], [ -64.380132564223686, -39.145754335495667 ], [ -64.356766639185594, -39.360628692311138 ], [ -64.281418277786372, -39.360669683374681 ], [ -63.868067212756614, -39.874108181327244 ], [ -63.776280037877825, -39.975417366209172 ], [ -63.737623999709172, -39.975631062192406 ], [ -63.790534458395086, -39.874514443460782 ], [ -63.765063916280724, -39.836836548003362 ], [ -63.703774616733483, -39.871615515928511 ], [ -63.674940714679337, -39.85694796925992 ], [ -63.382769311027289, -39.715473000022826 ], [ -63.304176597330695, -39.653768648869686 ], [ -63.34167642301378, -39.611837895230678 ], [ -63.382808297417228, -39.641382664825755 ], [ -63.443502631780063, -39.633778920125053 ], [ -63.382863393439834, -39.549774477367464 ], [ -63.352447645723714, -39.566678240312967 ], [ -63.352447738151227, -39.56653420989835 ], [ -63.382864308965338, -39.548347807654181 ], [ -63.392645757070511, -39.549500138715075 ], [ -63.382881447194563, -39.535598364120233 ], [ -63.352450493336619, -39.564484576895893 ], [ -63.29615467858747, -39.558859649782846 ], [ -63.280243797102059, -39.536056934278747 ], [ -63.318996571158038, -39.421110504589706 ], [ -63.376679144207003, -39.359481861083395 ], [ -63.280962427712893, -39.376684361682067 ], [ -63.1991662247882, -39.38842321603687 ], [ -63.194060536452355, -39.315832299470571 ], [ -63.102713352375758, -39.313624966903603 ], [ -63.085730605633046, -39.293481337252388 ], [ -63.060623299954898, -39.2636298698838 ], [ -63.03129624821787, -39.226193575537422 ], [ -62.999007925643582, -39.175713105062869 ], [ -62.991819931149564, -39.175583248628982 ], [ -62.971202744660843, -39.168388668429998 ], [ -62.971164310101926, -39.168388935672226 ], [ -62.930750781478764, -39.094786753198491 ], [ -62.94110144581623, -39.082904817596955 ], [ -62.953531810207551, -39.070358597032453 ], [ -62.953579318360141, -39.070320871016008 ], [ -62.961387753510962, -39.062421852374939 ], [ -62.984750547198985, -39.091805786216867 ], [ -63.006779173843654, -39.092300673772911 ], [ -63.006752396585625, -39.091395800422845 ], [ -63.006450191057127, -39.091839685510593 ], [ -62.99776424955428, -39.082676349026826 ], [ -62.998710968701346, -39.079909133664898 ], [ -62.998685771751411, -39.079882719839304 ], [ -63.018543066117275, -39.05574290104596 ], [ -62.989432578559274, -39.029631586381583 ], [ -63.013585237293341, -39.019867389418607 ], [ -63.017818116159901, -39.005914851976911 ], [ -63.017849061616118, -39.005890190338789 ], [ -63.018034514376495, -39.005736436931329 ], [ -63.017686750346911, -39.005751855245421 ], [ -63.017821129615584, -39.005904265455058 ], [ -63.007441500370589, -39.01416490072188 ], [ -62.972688035391172, -39.012121120682991 ], [ -62.971165959421455, -39.012105252917024 ], [ -62.952707633987927, -39.005180277814077 ], [ -62.958923820849463, -39.023779419185018 ], [ -62.968540888101586, -39.03020098729047 ], [ -62.956080593776107, -39.048386252773469 ], [ -62.956031033802276, -39.048386894615078 ], [ -62.941863721305253, -39.039282225589773 ], [ -62.935392008451572, -39.020131870060766 ], [ -62.946075705678538, -39.010360406890698 ], [ -62.93320844566199, -39.017724741317352 ], [ -62.90716899066183, -39.016142321669861 ], [ -62.90710861775068, -39.016095994329305 ], [ -62.906798794470717, -39.016035812258338 ], [ -62.891387096461983, -39.001281458002495 ], [ -62.891359034346578, -39.001259924451176 ], [ -62.891330990307836, -39.001238367363328 ], [ -62.878835550664576, -38.989213328389042 ], [ -62.904171437664615, -38.968162796064405 ], [ -62.904231089197651, -38.968162523303874 ], [ -62.909086332218521, -38.97613765113806 ], [ -62.916921799878196, -38.977659662884207 ], [ -62.915431350657627, -38.958621440230388 ], [ -62.895119211182987, -38.952625869840688 ], [ -62.904523436571424, -38.936267294922231 ], [ -62.904448765890436, -38.928647196535451 ], [ -62.898008809413284, -38.931150892628125 ], [ -62.897959611393901, -38.930762176445057 ], [ -62.900970074810232, -38.901737305083429 ], [ -62.899193278764301, -38.881500524368846 ], [ -62.907050322224165, -38.876070792385747 ], [ -62.907080044704287, -38.87604728229735 ], [ -62.908630503399138, -38.874503770885497 ], [ -62.917191916251568, -38.867136733920233 ], [ -62.909416619262913, -38.856987171138826 ], [ -62.919020880776657, -38.858187085027339 ], [ -62.919092374823492, -38.858130789294535 ], [ -62.918477011457469, -38.866124826223768 ], [ -62.937076779419385, -38.865903103498511 ], [ -62.937894315300071, -38.860909687604419 ], [ -62.941548272402542, -38.86130386389317 ], [ -62.941623480609678, -38.861313006783632 ], [ -62.947610480343599, -38.867897782101863 ], [ -62.946199517213188, -38.869302422999795 ], [ -62.946332119519468, -38.870350120916555 ], [ -62.946764637565309, -38.871521426187314 ], [ -62.984472512663842, -38.867683302163982 ], [ -62.995227363518552, -38.855255388082469 ], [ -62.999793613500117, -38.855967297667632 ], [ -63.021260366348599, -38.858836363755529 ], [ -63.021295817911607, -38.858841797967273 ], [ -63.021331264398782, -38.858847265190036 ], [ -63.031136308422788, -38.867200636033033 ], [ -63.023058350731674, -38.873669736375462 ], [ -63.022660577559748, -38.873636696555309 ], [ -63.022764037305592, -38.873902441960638 ], [ -63.023396065758277, -38.873747616154787 ], [ -63.023059244795434, -38.873669871209984 ], [ -63.031164929132387, -38.867204952346526 ], [ -63.046729533615007, -38.862269477666473 ], [ -63.098795776288284, -38.869162391824489 ], [ -63.050396927416614, -38.859181865194557 ], [ -63.057211312994639, -38.846579960051258 ], [ -63.050547993716179, -38.851289261576596 ], [ -63.042957167672625, -38.853808473142806 ], [ -63.03409906358479, -38.845291248625301 ], [ -63.009356533102391, -38.820528957619445 ], [ -62.982546831464731, -38.836596830605117 ], [ -62.96601975270994, -38.805390308585913 ], [ -62.914371550301553, -38.781670272516294 ], [ -62.861869955427665, -38.802583119402129 ], [ -62.861815331465777, -38.802541086223243 ], [ -62.860565185207349, -38.805607968415814 ], [ -62.855535461101056, -38.801951898130199 ], [ -62.855479522274436, -38.801908853115606 ], [ -62.846376741514007, -38.794535602047404 ], [ -62.846323081897253, -38.794494274998783 ], [ -62.850366698499613, -38.788852844613814 ], [ -62.850551394823356, -38.778081897393179 ], [ -62.847376572539758, -38.764196976917333 ], [ -62.848763449739806, -38.764467672428736 ], [ -62.850128836058275, -38.764422375731669 ], [ -62.85207431864859, -38.764586312158883 ], [ -62.859938582446546, -38.76524899309851 ], [ -62.862314847745381, -38.751022264750929 ], [ -62.86235154316455, -38.751010261183922 ], [ -62.869875910422763, -38.746509818322409 ], [ -62.860443869592189, -38.748559093574613 ], [ -62.859703194057431, -38.748024866146864 ], [ -62.845877315641133, -38.750680728071018 ], [ -62.845811926765577, -38.750714024332183 ], [ -62.835066589498581, -38.753606595801159 ], [ -62.819397362150141, -38.758490472464189 ], [ -62.78883060586611, -38.688556640013132 ], [ -62.74561358417867, -38.694082639251462 ], [ -62.726435911436454, -38.68637235791374 ], [ -62.713344123327659, -38.68964899378426 ], [ -62.71328564869907, -38.689673135443968 ], [ -62.668801235015565, -38.640070485148499 ], [ -62.605357158195886, -38.61746380462813 ], [ -62.605326682655118, -38.617437967215665 ], [ -62.605314559336421, -38.617479728617013 ], [ -62.598331376700799, -38.621202527287608 ], [ -62.597638895310524, -38.610027605857624 ], [ -62.587557882604756, -38.613903031534164 ], [ -62.586495600201033, -38.615793201055169 ], [ -62.585022571660659, -38.616235091042768 ], [ -62.583564599871579, -38.616672464194721 ], [ -62.579657898471794, -38.617844425603494 ], [ -62.577007562220786, -38.614473546955651 ], [ -62.572702923188785, -38.614972625938435 ], [ -62.546267204778985, -38.564094520975743 ], [ -62.468740242079889, -38.600911784793936 ], [ -62.449732778630391, -38.608840237851382 ], [ -62.397563584795591, -38.633021744674636 ], [ -62.397538638240064, -38.633001577319305 ], [ -62.394296288902808, -38.631156523632399 ], [ -62.387070052715671, -38.626160225166245 ], [ -62.379041314933602, -38.605117781561148 ], [ -62.391032917467612, -38.595450280216198 ], [ -62.378257512385062, -38.593952983261602 ], [ -62.374645893411014, -38.594880881091171 ], [ -62.374654285112854, -38.59499138585619 ], [ -62.374739153593168, -38.595128290338948 ], [ -62.369892137046577, -38.606639469826064 ], [ -62.362997899660968, -38.61828010158672 ], [ -62.358932732729613, -38.641034003847722 ], [ -62.340051978826295, -38.648207757764055 ], [ -62.32874293272863, -38.62186338358913 ], [ -62.304089505885713, -38.582445815143842 ], [ -62.287851674873764, -38.624157449561039 ], [ -62.281893860685386, -38.634934834419823 ], [ -62.259929306895799, -38.652029948463678 ], [ -62.231489477510365, -38.651652392325559 ], [ -62.23347896717172, -38.665121216269881 ], [ -62.233426098775738, -38.665154562222142 ], [ -62.224857739390529, -38.664505897592562 ], [ -62.223714935171188, -38.660448943371989 ], [ -62.22173342074143, -38.660422170890513 ], [ -62.220197352861248, -38.660987024132908 ], [ -62.220195406213577, -38.660985434492204 ], [ -62.220196280377536, -38.660936953338023 ], [ -62.221586763429059, -38.660302409914891 ], [ -62.221596157096769, -38.659861307202391 ], [ -62.221037642701333, -38.659853989895169 ], [ -62.220188233968656, -38.660930382522736 ], [ -62.220126956201909, -38.660929433762931 ], [ -62.21958032333572, -38.659304292752097 ], [ -62.218782128059331, -38.659855964400208 ], [ -62.218691414043519, -38.659066185624283 ], [ -62.218185743247602, -38.659379533636013 ], [ -62.217435310186318, -38.65877365998665 ], [ -62.217444949686353, -38.658718150696302 ], [ -62.217326029274716, -38.658685590654727 ], [ -62.217323298899828, -38.658809190419277 ], [ -62.217435260003583, -38.658773697541733 ], [ -62.218185173254994, -38.659379960200852 ], [ -62.21725543527657, -38.661032104636945 ], [ -62.217686774880633, -38.662811490532476 ], [ -62.217623587767719, -38.662858950109012 ], [ -62.217620340424105, -38.662861336601168 ], [ -62.216469297704464, -38.663665014773528 ], [ -62.215703465644651, -38.66222125389271 ], [ -62.215765555098073, -38.662127026447308 ], [ -62.215652306904019, -38.662103732984804 ], [ -62.21347609786261, -38.66300007541787 ], [ -62.210779375987954, -38.660729759492654 ], [ -62.213462351008843, -38.663046431195937 ], [ -62.213751925809845, -38.668596546815365 ], [ -62.218825291489964, -38.667956445098923 ], [ -62.220111892198418, -38.668506710963982 ], [ -62.223043332722625, -38.671056015962051 ], [ -62.222975844144401, -38.673196289349789 ], [ -62.222141248553385, -38.673942618308502 ], [ -62.220276625627207, -38.673794060889065 ], [ -62.220290940344057, -38.676867772013395 ], [ -62.219574053457791, -38.677432531310671 ], [ -62.218670383644678, -38.678144436844036 ], [ -62.218245493558697, -38.676797642658698 ], [ -62.216686683966259, -38.677007794115752 ], [ -62.216645781519048, -38.676975533641098 ], [ -62.216614471703053, -38.676999372782859 ], [ -62.214432091493109, -38.67854255080033 ], [ -62.214383750753257, -38.678726621902399 ], [ -62.21432180060026, -38.678773724852022 ], [ -62.213366543043719, -38.679510177909265 ], [ -62.210950960718719, -38.679224526064047 ], [ -62.210907375335864, -38.681393035395786 ], [ -62.211606980547572, -38.68139385284934 ], [ -62.211977498110514, -38.681394613137797 ], [ -62.212614173668101, -38.681733760021018 ], [ -62.212528227707196, -38.682146376687172 ], [ -62.212474861285671, -38.683440344693963 ], [ -62.212472084953902, -38.683780904592538 ], [ -62.212450593926633, -38.685104162489438 ], [ -62.212275137104029, -38.685339151090602 ], [ -62.21214155537001, -38.685338965619792 ], [ -62.210992230915394, -38.685326087700332 ], [ -62.210975809311208, -38.686224409437955 ], [ -62.21097235007494, -38.686362392916465 ], [ -62.211580161467737, -38.687379224963479 ], [ -62.210959779309178, -38.687375100686268 ], [ -62.210951377766264, -38.687861533246746 ], [ -62.21168861545749, -38.688834316297743 ], [ -62.211294055996404, -38.689143651997369 ], [ -62.21121190065486, -38.689208062174544 ], [ -62.211032155483849, -38.689348982983972 ], [ -62.21050025547288, -38.689765994047718 ], [ -62.210497164942183, -38.689771777575402 ], [ -62.210135567338341, -38.690053703249248 ], [ -62.209804775136092, -38.690007085412901 ], [ -62.209800925155207, -38.690202067912026 ], [ -62.209889266651828, -38.690210960566901 ], [ -62.209908139812171, -38.690230461069518 ], [ -62.209755465277055, -38.69046138317691 ], [ -62.209935863308829, -38.690258976468101 ], [ -62.209971062465343, -38.690277054919818 ], [ -62.210021874451854, -38.690303116810867 ], [ -62.210021193677392, -38.690361058147403 ], [ -62.210057119368798, -38.690321197925869 ], [ -62.210185976209459, -38.690305573950866 ], [ -62.210211347525785, -38.690154726702247 ], [ -62.210580838963153, -38.689808987377489 ], [ -62.210584907366808, -38.689807823205172 ], [ -62.212087462838667, -38.689677525438185 ] ], [ [ -65.027478971761468, -40.217948972979059 ], [ -64.925379425036908, -40.272582679459049 ], [ -64.76261094845654, -40.171082734296988 ], [ -64.725478936861293, -40.133692552664741 ], [ -64.733683852725505, -40.129116741612734 ], [ -64.733708062498636, -40.129105789192522 ], [ -64.77366901770057, -40.108442143361287 ], [ -64.925642892159317, -40.027120567348845 ], [ -64.965314413198826, -40.006708272028447 ], [ -64.965342469564689, -40.006697324405707 ], [ -65.002276178477871, -40.04110072775461 ], [ -65.092339775811013, -40.164702720052276 ], [ -65.092308888189109, -40.164745267386195 ], [ -65.027478971761468, -40.217948972979059 ] ] ], [ [ [ -62.212087462838667, -38.689677525438185 ], [ -62.21215170345107, -38.689743261555805 ], [ -62.212171487661692, -38.689661440945997 ], [ -62.212087462838667, -38.689677525438185 ] ] ], [ [ [ -64.13043415933663, -38.994399849890499 ], [ -64.130434100354137, -38.994399820595902 ], [ -64.130282364447908, -38.994333748952442 ], [ -64.130459578628972, -38.99443814365128 ], [ -64.13043415933663, -38.994399849890499 ] ] ], [ [ [ -62.313293456999872, -39.938476562999824 ], [ -62.314477504093304, -39.940118950318151 ], [ -62.315495542413771, -39.936026431877224 ], [ -62.314514159999874, -39.936584472999868 ], [ -62.313293456999872, -39.938476562999824 ] ] ], [ [ [ -62.175415038999859, -40.58172607399996 ], [ -62.173565177413934, -40.583807168473697 ], [ -62.175509201925593, -40.58201769885062 ], [ -62.177972818974638, -40.579749944743526 ], [ -62.17749023399989, -40.580017089999956 ], [ -62.175415038999859, -40.58172607399996 ] ] ], [ [ [ -62.268981933999896, -40.77178955099987 ], [ -62.27017573380266, -40.773836065047362 ], [ -62.272150993123489, -40.761452799090534 ], [ -62.230259199186719, -40.676178339299838 ], [ -62.229629480503434, -40.675123923891078 ], [ -62.213723775002506, -40.644422069305847 ], [ -62.194399884969755, -40.629192509062534 ], [ -62.188817485982497, -40.621203838702911 ], [ -62.175658869855738, -40.61327028592018 ], [ -62.175620413095317, -40.613211246358503 ], [ -62.17553930640895, -40.613039044614538 ], [ -62.175491931084821, -40.612862029948303 ], [ -62.175393376092245, -40.612299253596291 ], [ -62.171672520147922, -40.595688395507466 ], [ -62.171661673353583, -40.595618648209836 ], [ -62.171651528869575, -40.595544727355673 ], [ -62.171642042273788, -40.595463177691329 ], [ -62.171638912223273, -40.595337062290696 ], [ -62.171631500418243, -40.595262743141575 ], [ -62.171586536583277, -40.594981502814449 ], [ -62.171575962487793, -40.594816519858909 ], [ -62.171637023473409, -40.586240430163343 ], [ -62.171081542999957, -40.586975097999925 ], [ -62.170593261999898, -40.589477538999859 ], [ -62.170104979999905, -40.591674804999855 ], [ -62.169128417999843, -40.598876952999888 ], [ -62.169006347999868, -40.601196288999859 ], [ -62.168884276999961, -40.605712891 ], [ -62.169311522999806, -40.610290526999847 ], [ -62.170104979999905, -40.616088866999803 ], [ -62.170593261999898, -40.619506835999914 ], [ -62.171081542999957, -40.621826171999885 ], [ -62.171508788999859, -40.625793456999872 ], [ -62.172485352000024, -40.630371094 ], [ -62.173217772999863, -40.633178711000028 ], [ -62.174072265999882, -40.636169433999953 ], [ -62.174987792999957, -40.63781738299997 ], [ -62.178100586000028, -40.641601563 ], [ -62.179321288999859, -40.642089843999884 ], [ -62.182495116999917, -40.643676757999913 ], [ -62.18530273399989, -40.645202636999954 ], [ -62.186523437999881, -40.646179198999846 ], [ -62.187683104999849, -40.647277831999986 ], [ -62.190002440999876, -40.649414062999881 ], [ -62.192810058999839, -40.651977538999802 ], [ -62.195312499999943, -40.654296874999943 ], [ -62.198303222999868, -40.657104491999917 ], [ -62.200500487999875, -40.659179687999938 ], [ -62.2042846679999, -40.662109374999943 ], [ -62.206909179999968, -40.664184569999975 ], [ -62.208496094, -40.665527343999884 ], [ -62.211975097999982, -40.668212890999939 ], [ -62.214294433999953, -40.670104979999905 ], [ -62.218627929999855, -40.673522948999903 ], [ -62.221679687999938, -40.676086425999927 ], [ -62.223388671999942, -40.677673339999956 ], [ -62.224670409999874, -40.679504394999924 ], [ -62.226379394999867, -40.681274413999915 ], [ -62.227905272999749, -40.683105468999884 ], [ -62.229492187999938, -40.685180663999915 ], [ -62.231811522999749, -40.687988280999946 ], [ -62.232116699000017, -40.68920898399989 ], [ -62.232910155999946, -40.691528319999861 ], [ -62.23468017599987, -40.696411132999913 ], [ -62.234313965000013, -40.702819824000017 ], [ -62.234375, -40.705688476999967 ], [ -62.234313965000013, -40.707275391 ], [ -62.235717772999919, -40.709411620999902 ], [ -62.237304687999938, -40.712707519999867 ], [ -62.238708495999902, -40.714904784999931 ], [ -62.239929199000017, -40.717102050999927 ], [ -62.24188232399996, -40.719909667999957 ], [ -62.243774413999859, -40.723022461000028 ], [ -62.245910644999867, -40.726196288999915 ], [ -62.247497558999896, -40.728576659999874 ], [ -62.248474120999958, -40.73022460899989 ], [ -62.24969482399996, -40.731811522999919 ], [ -62.250976562999881, -40.733703612999875 ], [ -62.252685546999885, -40.736511230000019 ], [ -62.254394530999889, -40.739196776999904 ], [ -62.255676269999981, -40.740905762000011 ], [ -62.257690429999911, -40.743713378999871 ], [ -62.258300780999889, -40.746520996000015 ], [ -62.25958251999981, -40.751586913999859 ], [ -62.260925292999957, -40.7570190429999 ], [ -62.261596679999911, -40.758789062999881 ], [ -62.265502929999911, -40.765624999999886 ], [ -62.267211913999915, -40.768493652000018 ], [ -62.268981933999896, -40.77178955099987 ] ] ], [ [ [ -62.698608397999976, -41.028808593999884 ], [ -62.701794614617825, -41.030180437145134 ], [ -62.673854197341882, -40.95043722566686 ], [ -62.673817625814252, -40.950409461353956 ], [ -62.650042050255308, -40.92901959784848 ], [ -62.650004114000922, -40.928990737856566 ], [ -62.414769680625625, -40.878538821869824 ], [ -62.360180325079398, -40.850776547890746 ], [ -62.341302902006703, -40.844470942352416 ], [ -62.341047965699943, -40.844332649008948 ], [ -62.340880733539393, -40.84423207545575 ], [ -62.340826070907212, -40.84419794643162 ], [ -62.340202499263739, -40.843745637861275 ], [ -62.340022372583121, -40.843587630876357 ], [ -62.295722077094013, -40.798002619335364 ], [ -62.289160026118168, -40.791986567026015 ], [ -62.289108064697587, -40.791937047027147 ], [ -62.272939866599245, -40.779581291733564 ], [ -62.273986815999933, -40.781311034999874 ], [ -62.275085448999903, -40.783691406 ], [ -62.276184081999929, -40.786010741999974 ], [ -62.277893065999933, -40.7902221679999 ], [ -62.279479979999962, -40.793579102000024 ], [ -62.281188964999899, -40.797607421999885 ], [ -62.282104491999803, -40.800903319999918 ], [ -62.283203125, -40.803710937999881 ], [ -62.284301757999856, -40.807006835999914 ], [ -62.285095214999899, -40.809692382999913 ], [ -62.28601074199986, -40.811401366999803 ], [ -62.286987305000025, -40.813171386999898 ], [ -62.288879394999981, -40.816894530999832 ], [ -62.289517887521242, -40.818147868616222 ], [ -62.312089254392106, -40.838841173847982 ], [ -62.328701865200514, -40.855935553175868 ], [ -62.329434606239488, -40.856578313048544 ], [ -62.331971246188743, -40.858418268410162 ], [ -62.331991744675861, -40.858431066794196 ], [ -62.332672031830612, -40.858840192025639 ], [ -62.333709092491347, -40.859402758370265 ], [ -62.340788126143593, -40.861767360447061 ], [ -62.493472319938405, -40.939417304799804 ], [ -62.494079589999842, -40.939575194999861 ], [ -62.497802733999947, -40.940795897999863 ], [ -62.501525878999985, -40.941894531 ], [ -62.504089354999905, -40.942626952999831 ], [ -62.507995604999905, -40.943725585999971 ], [ -62.513793944999861, -40.945678710999914 ], [ -62.517883300999983, -40.947021484 ], [ -62.521118163999859, -40.94787597699991 ], [ -62.523010253999757, -40.948669433999839 ], [ -62.526916503999928, -40.949890136999954 ], [ -62.529785155999946, -40.951171874999943 ], [ -62.535827636999784, -40.953125 ], [ -62.540405272999806, -40.954711913999859 ], [ -62.543090819999804, -40.955200194999918 ], [ -62.5460815429999, -40.956604003999985 ], [ -62.551574706999816, -40.959106444999918 ], [ -62.555908202999831, -40.960693358999947 ], [ -62.558105468999827, -40.961791991999803 ], [ -62.561828612999932, -40.963684081999872 ], [ -62.565673827999944, -40.965393065999876 ], [ -62.570800780999946, -40.967712402000018 ], [ -62.572387694999975, -40.968078612999932 ], [ -62.579223632999913, -40.97131347699991 ], [ -62.586608886999898, -40.975097656 ], [ -62.592285155999889, -40.978088378999928 ], [ -62.598083495999845, -40.980407714999899 ], [ -62.602294921999885, -40.982299804999855 ], [ -62.60607910199991, -40.984374999999886 ], [ -62.610900878999871, -40.98608398399989 ], [ -62.617980956999929, -40.988708495999958 ], [ -62.622802734, -40.990112305000025 ], [ -62.626403808999896, -40.99200439499981 ], [ -62.629577636999954, -40.993713378999814 ], [ -62.63458251999981, -40.995605468999884 ], [ -62.638488769999981, -40.996582030999946 ], [ -62.640380858999947, -40.997619628999814 ], [ -62.644104003999985, -40.999694824000017 ], [ -62.645019530999889, -41.0 ], [ -62.647582309698237, -41.000915278149307 ], [ -62.678407868991087, -41.007526593015029 ], [ -62.678422095084898, -41.00753741551091 ], [ -62.687337934974721, -41.015558613475491 ], [ -62.687351649296147, -41.015569025091679 ], [ -62.690827865605343, -41.025490303272647 ], [ -62.692687987999875, -41.026489257999913 ], [ -62.698608397999976, -41.028808593999884 ] ] ] ] } },
{ "type": "Feature", "properties": { "Name": "VDM : 60 - 120", "FromBreak": 60.0, "ToBreak": 120.0, "IATA": "VDM" }, "geometry": { "type": "MultiPolygon", "coordinates": [ [ [ [ -62.577876519062102, -39.23078186413511 ], [ -62.577959216959584, -39.247848660157842 ], [ -62.577962735150834, -39.248377214818504 ], [ -62.567862264126916, -39.258096838772815 ], [ -62.566677250876467, -39.258099288016751 ], [ -62.566643187371312, -39.266180013704627 ], [ -62.566675297372797, -39.26620511384499 ], [ -62.566642837880295, -39.26630794703317 ], [ -62.566674480514678, -39.26633265770829 ], [ -62.566632456993318, -39.270325919954757 ], [ -62.566370875372399, -39.273807384963902 ], [ -62.565825890651297, -39.27473447449654 ], [ -62.56577241116463, -39.274775401274212 ], [ -62.561238202272705, -39.274778920225856 ], [ -62.570081421446332, -39.287202499227874 ], [ -62.57008131684114, -39.287233522162012 ], [ -62.561579815909568, -39.298211137592318 ], [ -62.561518426302712, -39.29875723372578 ], [ -62.559285862305046, -39.301173229095582 ], [ -62.559623717977558, -39.301201734346705 ], [ -62.559649763758387, -39.301229534685888 ], [ -62.559621124634589, -39.301400731628235 ], [ -62.559657543421622, -39.305385747879427 ], [ -62.558766512419027, -39.310966222090599 ], [ -62.559722364586491, -39.328431457597674 ], [ -62.559721820923585, -39.328530584368707 ], [ -62.557159447765855, -39.335364473894117 ], [ -62.565029293302416, -39.347628892491855 ], [ -62.559822177347314, -39.355156034510514 ], [ -62.559778165365572, -39.35519031914265 ], [ -62.560632342392921, -39.36004543267552 ], [ -62.557871893281856, -39.361725311757596 ], [ -62.557848520020855, -39.361772974134681 ], [ -62.557787024950642, -39.361976187330015 ], [ -62.547966278664148, -39.371553581193325 ], [ -62.547911044860996, -39.371594692938686 ], [ -62.544053722055025, -39.37360570628897 ], [ -62.527581173358328, -39.366726000840686 ], [ -62.526868256012904, -39.36939272861332 ], [ -62.523612871671958, -39.3920981488302 ], [ -62.523611377668715, -39.392098226482403 ], [ -62.523558755140357, -39.392704331543484 ], [ -62.523547738396928, -39.392978513752951 ], [ -62.523472090590701, -39.393444366152551 ], [ -62.522354640593505, -39.407372341389589 ], [ -62.522364740345381, -39.407503348311536 ], [ -62.522069231783689, -39.411374694415827 ], [ -62.521995980768281, -39.411588757254606 ], [ -62.521904027705432, -39.411720353445844 ], [ -62.521832119520695, -39.411744345327122 ], [ -62.51751325818708, -39.416867215370246 ], [ -62.5138273576556, -39.422978647936304 ], [ -62.513761966230902, -39.42299605123236 ], [ -62.50664332751046, -39.421682412221628 ], [ -62.504777766856932, -39.422115445083534 ], [ -62.505811582568754, -39.422915955951567 ], [ -62.505813864181391, -39.422919316719913 ], [ -62.505795153953898, -39.422970887982387 ], [ -62.50579417110589, -39.422973125421777 ], [ -62.508843922903225, -39.425546613306096 ], [ -62.508516232211093, -39.426008424367808 ], [ -62.508570313790074, -39.426049532314551 ], [ -62.508564073285527, -39.426058385805106 ], [ -62.508617950026462, -39.426099526658049 ], [ -62.508630132021835, -39.426127655241714 ], [ -62.50868377667598, -39.426168773543452 ], [ -62.508675961193887, -39.426175999786949 ], [ -62.512799554556182, -39.430569154591808 ], [ -62.511896251426833, -39.431279593260115 ], [ -62.511942573750673, -39.431314910862909 ], [ -62.511954339649265, -39.431353336528673 ], [ -62.512000692088009, -39.431388336558655 ], [ -62.511996031381329, -39.43140592692373 ], [ -62.512042464977526, -39.43144061697194 ], [ -62.510486802227774, -39.466154578678413 ], [ -62.510476591998327, -39.466158139840616 ], [ -62.509928327635976, -39.465850467624136 ], [ -62.509882380880754, -39.466001114530457 ], [ -62.509872081137758, -39.465999915107034 ], [ -62.507074535152469, -39.465949530170406 ], [ -62.507315858122638, -39.469704938901202 ], [ -62.5073101800686, -39.469709364385835 ], [ -62.507317152544886, -39.469726072378307 ], [ -62.507311487331549, -39.469730474311973 ], [ -62.5073152737736, -39.475510706854266 ], [ -62.512971106643818, -39.476388790413637 ], [ -62.512991158880766, -39.476375821110594 ], [ -62.51306481655547, -39.476416993313478 ], [ -62.515755230561751, -39.475910543504028 ], [ -62.516324125670451, -39.475434103455711 ], [ -62.529723460742275, -39.474865497607368 ], [ -62.53264406888843, -39.473797829317505 ], [ -62.535236150641936, -39.472850258347876 ], [ -62.53755218611235, -39.472003599876018 ], [ -62.543656988638702, -39.479140509583601 ], [ -62.540750507204507, -39.487589143624575 ], [ -62.541117864953151, -39.487945151838346 ], [ -62.541148901246515, -39.487981886422801 ], [ -62.542893529711591, -39.490578652038835 ], [ -62.538244844722556, -39.500564992478644 ], [ -62.538215341197258, -39.50054159090314 ], [ -62.537721415703686, -39.500331088314908 ], [ -62.533188521720604, -39.496141924201254 ], [ -62.531078081978876, -39.49481139729437 ], [ -62.528617893693763, -39.493260371389852 ], [ -62.525713148472619, -39.491429060073585 ], [ -62.523259085663483, -39.497016103793442 ], [ -62.517659115700326, -39.508885168182246 ], [ -62.513292181918189, -39.485243678615007 ], [ -62.513282937655788, -39.48525081286499 ], [ -62.50498160292949, -39.525282682049237 ], [ -62.505237956099563, -39.535240982919561 ], [ -62.512737976341327, -39.532016625243955 ], [ -62.512767825372464, -39.532009626549097 ], [ -62.51823976823465, -39.539666913737335 ], [ -62.510554246294191, -39.539543609033615 ], [ -62.510242408934005, -39.539580404145738 ], [ -62.509929888459283, -39.539599000880571 ], [ -62.504776442970694, -39.543976668617688 ], [ -62.50453435469052, -39.54991539495478 ], [ -62.504120827290023, -39.54993414611647 ], [ -62.504174844794875, -39.551827706716949 ], [ -62.504155369712009, -39.551841655230305 ], [ -62.504171250616423, -39.55186972969841 ], [ -62.504149561052145, -39.551879256761708 ], [ -62.500085965310802, -39.563419817339138 ], [ -62.500061978363021, -39.563457403921745 ], [ -62.500025443605409, -39.570079977076148 ], [ -62.499980154449077, -39.570469384560909 ], [ -62.498830808611785, -39.581973005737609 ], [ -62.498840585176254, -39.581980542431552 ], [ -62.498832954766613, -39.581990898626657 ], [ -62.498842760925527, -39.581998462191109 ], [ -62.499385600715868, -39.586480458980361 ], [ -62.491499322110599, -39.604231188378549 ], [ -62.491488713659521, -39.604238829452356 ], [ -62.49144309034051, -39.604284262722217 ], [ -62.49112995630361, -39.605456738797272 ], [ -62.488874954091898, -39.611684657239209 ], [ -62.472834444085663, -39.634759294930916 ], [ -62.472802874519346, -39.634784888201352 ], [ -62.471828132257883, -39.635190612069437 ], [ -62.483734041417563, -39.644895615233509 ], [ -62.483734411789214, -39.644933120911617 ], [ -62.49358572147537, -39.653883905669431 ], [ -62.494925181777944, -39.692797968194213 ], [ -62.491951701248524, -39.69275104729212 ], [ -62.49193578246161, -39.692817466653935 ], [ -62.488220328420027, -39.692763337976032 ], [ -62.487504997496444, -39.696601398972859 ], [ -62.487497746322276, -39.696608040276658 ], [ -62.48659603506303, -39.696971978369561 ], [ -62.445420043729371, -39.734974227623013 ], [ -62.445397732147569, -39.735008533946086 ], [ -62.370206100600058, -39.810291569905189 ], [ -62.370168273558193, -39.812482351245762 ], [ -62.370139668366107, -39.812500802105717 ], [ -62.368551314299054, -39.812849941934587 ], [ -62.368361934745337, -39.812840702886319 ], [ -62.34383018015086, -39.851090590258536 ], [ -62.343830090467407, -39.851120845932769 ], [ -62.318277134511163, -39.89525667176423 ], [ -62.318134019555828, -39.910760355113041 ], [ -62.319091797, -39.91320800799997 ], [ -62.319885253999928, -39.914794922 ], [ -62.32141113299997, -39.915710448999903 ], [ -62.322021483999947, -39.918884276999847 ], [ -62.321289063, -39.924804687999881 ], [ -62.320312499999943, -39.927795409999987 ], [ -62.320983886999954, -39.929687499999943 ], [ -62.323120116999974, -39.931518555000025 ], [ -62.322021483999947, -39.932800293000014 ], [ -62.317626952999944, -39.934814452999888 ], [ -62.315495542413771, -39.936026431877224 ], [ -62.314477504093304, -39.940118950318151 ], [ -62.315185547, -39.941101073999903 ], [ -62.318908690999876, -39.94201660199991 ], [ -62.321594237999932, -39.942077636999898 ], [ -62.3234252929999, -39.944580078 ], [ -62.324890136999954, -39.947570800999813 ], [ -62.326477050999983, -39.949279784999817 ], [ -62.328796386999954, -39.955688477000024 ], [ -62.32989501999981, -39.957885741999917 ], [ -62.329223632999799, -39.961608886999954 ], [ -62.327819823999903, -39.962402343999884 ], [ -62.327026366999803, -39.963317870999958 ], [ -62.329284667999787, -39.964782715000013 ], [ -62.329284667999787, -39.96740722699991 ], [ -62.326721190999933, -39.970581054999968 ], [ -62.324584961000028, -39.975097655999946 ], [ -62.324584961000028, -39.982482909999931 ], [ -62.327209472999925, -39.990722655999832 ], [ -62.328613280999832, -39.996826171999828 ], [ -62.329406737999761, -39.999877929999911 ], [ -62.32989501999981, -40.000305175999813 ], [ -62.330688476999853, -40.000122069999861 ], [ -62.330078124999886, -40.000610352000024 ], [ -62.330017089999899, -40.002807616999917 ], [ -62.32989501999981, -40.010986327999944 ], [ -62.330688476999853, -40.016601562999938 ], [ -62.331176757999913, -40.018798827999831 ], [ -62.333312987999932, -40.0206909179999 ], [ -62.333129882999856, -40.02117919899996 ], [ -62.333679199000017, -40.022521972999868 ], [ -62.33459472699991, -40.023010253999871 ], [ -62.334228516, -40.023681641 ], [ -62.334472655999946, -40.025695800999927 ], [ -62.334411620999958, -40.026672362999989 ], [ -62.335083007999913, -40.02819824199986 ], [ -62.335876465000013, -40.029602050999927 ], [ -62.335571288999915, -40.037170409999874 ], [ -62.335571288999915, -40.039123534999931 ], [ -62.335815430000025, -40.041015624999886 ], [ -62.336975097999868, -40.045593262000011 ], [ -62.336791991999917, -40.047119140999882 ], [ -62.336791991999917, -40.049377440999876 ], [ -62.337402343999884, -40.050476073999903 ], [ -62.337707519999981, -40.053405762000011 ], [ -62.337707519999981, -40.054809569999975 ], [ -62.339111327999888, -40.056091308999896 ], [ -62.340087890999939, -40.059997558999896 ], [ -62.340698241999746, -40.065185546999885 ], [ -62.339111327999888, -40.067993163999859 ], [ -62.339599608999947, -40.069580077999888 ], [ -62.338806151999847, -40.08062744099982 ], [ -62.336486815999876, -40.08898925799997 ], [ -62.334289550999983, -40.093505858999947 ], [ -62.333679199000017, -40.094421387000011 ], [ -62.332397460999857, -40.095886229999905 ], [ -62.332397460999857, -40.099121093999941 ], [ -62.332092284999987, -40.099792479999905 ], [ -62.331176757999913, -40.098571776999961 ], [ -62.32989501999981, -40.100219726999967 ], [ -62.331298827999888, -40.101806640999826 ], [ -62.332214354999962, -40.102600097999925 ], [ -62.332275390999882, -40.103088378999928 ], [ -62.330688476999853, -40.104309081999929 ], [ -62.329711913999859, -40.106079102000024 ], [ -62.327819823999903, -40.107299805000025 ], [ -62.32788085899989, -40.108886718999884 ], [ -62.328918456999929, -40.10919189499981 ], [ -62.331176757999913, -40.107971191 ], [ -62.331604003999928, -40.106689452999888 ], [ -62.331970215000013, -40.107116698999903 ], [ -62.332397460999857, -40.106994628999928 ], [ -62.333007812999881, -40.106323241999974 ], [ -62.334289550999983, -40.105895995999958 ], [ -62.334228516, -40.106506347999925 ], [ -62.333312987999932, -40.106811522999863 ], [ -62.333007812999881, -40.107788086000028 ], [ -62.333984374999886, -40.108398438 ], [ -62.332824706999929, -40.10852050799997 ], [ -62.332397460999857, -40.107910156 ], [ -62.331909180000025, -40.108276366999917 ], [ -62.331726073999903, -40.108703612999932 ], [ -62.332397460999857, -40.109374999999886 ], [ -62.333923339999899, -40.109802245999958 ], [ -62.333007812999881, -40.110107422 ], [ -62.33178710899989, -40.109802245999958 ], [ -62.331298827999888, -40.109069824000017 ], [ -62.330810546999828, -40.109374999999886 ], [ -62.330810546999828, -40.110107422 ], [ -62.331176757999913, -40.110412597999925 ], [ -62.330810546999828, -40.110717772999863 ], [ -62.32989501999981, -40.109924315999933 ], [ -62.329406737999761, -40.109802245999958 ], [ -62.329528808999896, -40.110778808999839 ], [ -62.32989501999981, -40.111389159999987 ], [ -62.329101562999824, -40.11108398399989 ], [ -62.328979491999917, -40.110473632999913 ], [ -62.328491210999857, -40.110229491999974 ], [ -62.327392577999888, -40.111022948999903 ], [ -62.326477050999983, -40.111206055000025 ], [ -62.325195312999824, -40.111816406 ], [ -62.325195312999824, -40.112304687999881 ], [ -62.326477050999983, -40.112304687999881 ], [ -62.32788085899989, -40.11309814499981 ], [ -62.32867431599982, -40.114807128999814 ], [ -62.328613280999832, -40.115295409999987 ], [ -62.333129882999856, -40.113281249999886 ], [ -62.332275390999882, -40.114624022999863 ], [ -62.329101562999824, -40.115783690999876 ], [ -62.328613280999832, -40.116210937999881 ], [ -62.32788085899989, -40.11779785199991 ], [ -62.332092284999987, -40.117309569999918 ], [ -62.333190917999957, -40.116271972999868 ], [ -62.334289550999983, -40.116088866999917 ], [ -62.334411620999958, -40.116577147999806 ], [ -62.333190917999957, -40.117492675999983 ], [ -62.33380126999981, -40.11779785199991 ], [ -62.335388183999839, -40.117980956999872 ], [ -62.335510253999814, -40.120117187999881 ], [ -62.335083007999913, -40.119689940999876 ], [ -62.333190917999957, -40.120727538999859 ], [ -62.334228516, -40.119689940999876 ], [ -62.334472655999946, -40.118774413999802 ], [ -62.33380126999981, -40.118774413999802 ], [ -62.332702636999954, -40.119384765999939 ], [ -62.331970215000013, -40.118408202999888 ], [ -62.327026366999803, -40.118774413999802 ], [ -62.327026366999803, -40.119323729999962 ], [ -62.327575683999783, -40.119384765999939 ], [ -62.328002930000025, -40.119689940999876 ], [ -62.327209472999925, -40.119995116999917 ], [ -62.326904296999828, -40.120300292999843 ], [ -62.326416016, -40.121093749999943 ], [ -62.326477050999983, -40.119689940999876 ], [ -62.325927734, -40.119201659999987 ], [ -62.325012206999929, -40.119506835999914 ], [ -62.324890136999954, -40.120178222999868 ], [ -62.324707031, -40.120483397999806 ], [ -62.324707031, -40.119812011999954 ], [ -62.324096680000025, -40.119384765999939 ], [ -62.323303222999925, -40.119506835999914 ], [ -62.322814940999933, -40.120422362999818 ], [ -62.322326659999874, -40.122375487999875 ], [ -62.322875977000024, -40.123596190999876 ], [ -62.323486327999888, -40.122680663999972 ], [ -62.32421875, -40.122802733999947 ], [ -62.323913573999903, -40.124511718999884 ], [ -62.32397460899989, -40.125488280999946 ], [ -62.325195312999824, -40.125305175999983 ], [ -62.326782226999853, -40.124389647999976 ], [ -62.327514647999863, -40.123474120999902 ], [ -62.328002930000025, -40.123474120999902 ], [ -62.327697753999757, -40.124328612999989 ], [ -62.328491210999857, -40.124877929999968 ], [ -62.330200194999861, -40.124877929999968 ], [ -62.329711913999859, -40.12561035199991 ], [ -62.328186034999987, -40.12561035199991 ], [ -62.326782226999853, -40.125305175999983 ], [ -62.325500487999761, -40.126281737999875 ], [ -62.324096680000025, -40.12640380900001 ], [ -62.322998047, -40.127075194999975 ], [ -62.323181151999961, -40.127807616999803 ], [ -62.325378417999787, -40.127807616999803 ], [ -62.325927734, -40.127990722999868 ], [ -62.327392577999888, -40.127624511999841 ], [ -62.327697753999757, -40.126586913999972 ], [ -62.329223632999799, -40.126770019999867 ], [ -62.328125, -40.127990722999868 ], [ -62.328125, -40.129028319999918 ], [ -62.328613280999832, -40.129882812999824 ], [ -62.32708740199979, -40.129394530999832 ], [ -62.326477050999983, -40.128784179999968 ], [ -62.325927734, -40.129089354999905 ], [ -62.324584961000028, -40.12921142599987 ], [ -62.322082519999753, -40.130004882999913 ], [ -62.321716308999896, -40.130920409999874 ], [ -62.322875977000024, -40.131713866999803 ], [ -62.325378417999787, -40.131896972999868 ], [ -62.327392577999888, -40.132202147999976 ], [ -62.326599120999958, -40.132690429999968 ], [ -62.323669433999783, -40.132690429999968 ], [ -62.32421875, -40.133178710999857 ], [ -62.325927734, -40.134277344 ], [ -62.325988769999753, -40.134887694999861 ], [ -62.325317382999799, -40.135620116999803 ], [ -62.324584961000028, -40.134521483999947 ], [ -62.322814940999933, -40.133789063 ], [ -62.322204589999899, -40.133300780999832 ], [ -62.322082519999753, -40.133789062999824 ], [ -62.320800781, -40.13421630900001 ], [ -62.320800781, -40.134887694999861 ], [ -62.320678711000028, -40.135375976999853 ], [ -62.322021483999947, -40.135925293000014 ], [ -62.322875977000024, -40.137084960999857 ], [ -62.320312499999943, -40.136718749999943 ], [ -62.319396972999925, -40.137695313 ], [ -62.319091797, -40.139526366999974 ], [ -62.320312499999943, -40.140808104999905 ], [ -62.322204589999899, -40.141296386999898 ], [ -62.320373534999817, -40.14147949199986 ], [ -62.318603515999826, -40.141296386999898 ], [ -62.318298339999899, -40.143493651999961 ], [ -62.318786620999902, -40.144226073999903 ], [ -62.320495604999905, -40.144592284999817 ], [ -62.321594237999932, -40.144470214999842 ], [ -62.320312499999943, -40.144897461000028 ], [ -62.318908690999876, -40.145080566 ], [ -62.3195190429999, -40.145507813 ], [ -62.320800781, -40.145874022999919 ], [ -62.320800781, -40.148010253999928 ], [ -62.320190429999968, -40.146484374999886 ], [ -62.318603515999826, -40.146179198999846 ], [ -62.317626952999944, -40.145202636999898 ], [ -62.317321776999847, -40.145996093999884 ], [ -62.317077636999898, -40.147094727000024 ], [ -62.317382813, -40.148803711000028 ], [ -62.320007323999903, -40.153808593999884 ], [ -62.320983886999954, -40.155029297 ], [ -62.322082519999753, -40.160278319999975 ], [ -62.32397460899989, -40.163085937999938 ], [ -62.326110839999899, -40.164306640999939 ], [ -62.327270507999913, -40.164978026999904 ], [ -62.327270507999913, -40.165893554999968 ], [ -62.326171874999886, -40.165100097999868 ], [ -62.324096680000025, -40.164184569999975 ], [ -62.324401854999962, -40.165405272999806 ], [ -62.325683593999884, -40.167602538999802 ], [ -62.330383300999983, -40.174377440999933 ], [ -62.331176757999913, -40.175720215000013 ], [ -62.331604003999928, -40.176879883000026 ], [ -62.331909180000025, -40.177185058999896 ], [ -62.332885741999917, -40.177185058999896 ], [ -62.333190917999957, -40.178100585999857 ], [ -62.331726073999903, -40.177673339999956 ], [ -62.33178710899989, -40.178100585999857 ], [ -62.332824706999929, -40.179077147999863 ], [ -62.33569335899989, -40.182006835999857 ], [ -62.336181640999939, -40.182678222999812 ], [ -62.336181640999939, -40.183410644999924 ], [ -62.337707519999981, -40.185485839999956 ], [ -62.338073729999905, -40.186523437999824 ], [ -62.339111327999888, -40.188293456999986 ], [ -62.340209960999914, -40.189575194999918 ], [ -62.341491699000017, -40.190612792999957 ], [ -62.341674804999968, -40.192993163999915 ], [ -62.343994140999939, -40.196105956999986 ], [ -62.345214843999884, -40.197692871000015 ], [ -62.348876953, -40.2003784179999 ], [ -62.350708007999913, -40.201599121000015 ], [ -62.352783203, -40.203308105000019 ], [ -62.354492188, -40.2042846679999 ], [ -62.356689453, -40.205627441 ], [ -62.358703612999932, -40.206726074000017 ], [ -62.360107421999828, -40.2081909179999 ], [ -62.360900878999928, -40.209106444999975 ], [ -62.36218261699986, -40.209411621000015 ], [ -62.364379882999856, -40.209716796999942 ], [ -62.365478515999882, -40.208984375 ], [ -62.366394042999957, -40.208923340000013 ], [ -62.366577147999919, -40.209228515999882 ], [ -62.36608886699986, -40.209472656 ], [ -62.365905761999898, -40.209899901999904 ], [ -62.367797852000024, -40.210205077999831 ], [ -62.369812011999954, -40.210205077999831 ], [ -62.370300292999957, -40.210998534999874 ], [ -62.369995116999917, -40.211486815999933 ], [ -62.367675780999889, -40.211181641 ], [ -62.365783691, -40.210510253999871 ], [ -62.364379882999856, -40.210693359 ], [ -62.363281249999886, -40.210388183999896 ], [ -62.365478515999882, -40.212707519999867 ], [ -62.366394042999957, -40.213317870999902 ], [ -62.368469237999875, -40.213378905999889 ], [ -62.369079589999842, -40.213684081999929 ], [ -62.369018554999855, -40.214416503999871 ], [ -62.369873046999942, -40.215087891 ], [ -62.369506836000028, -40.215270995999958 ], [ -62.368103026999961, -40.214416503999871 ], [ -62.366394042999957, -40.214111327999831 ], [ -62.365173339999842, -40.215087891 ], [ -62.365112304999855, -40.215881347999925 ], [ -62.36297607399996, -40.215576171999885 ], [ -62.36108398399989, -40.214782714999956 ], [ -62.361328124999773, -40.216186522999863 ], [ -62.36108398399989, -40.217529296999942 ], [ -62.362792968999827, -40.219726562999938 ], [ -62.364685058999953, -40.221374511999954 ], [ -62.367004394999924, -40.222412109 ], [ -62.369689941, -40.222473144999981 ], [ -62.371520995999958, -40.222473144999981 ], [ -62.371582030999946, -40.222106933999896 ], [ -62.369018554999855, -40.22039794899996 ], [ -62.367675780999889, -40.218994141 ], [ -62.367675780999889, -40.218200683999896 ], [ -62.369079589999842, -40.218200683999896 ], [ -62.369812011999954, -40.217895507999856 ], [ -62.369995116999917, -40.218994141 ], [ -62.369079589999842, -40.218872069999918 ], [ -62.368713378999928, -40.219299315999933 ], [ -62.371704102000024, -40.221008300999927 ], [ -62.372680663999745, -40.221984862999818 ], [ -62.372924805000025, -40.221496581999929 ], [ -62.372192382999913, -40.220275878999985 ], [ -62.373413086000028, -40.2199096679999 ], [ -62.373718261999954, -40.219299315999933 ], [ -62.373901366999917, -40.219177245999958 ], [ -62.373413086000028, -40.219177245999958 ], [ -62.373413086000028, -40.218200683999896 ], [ -62.374084472999812, -40.218505859 ], [ -62.375488280999946, -40.220825194999975 ], [ -62.374511718999884, -40.220825194999975 ], [ -62.374206542999787, -40.220825194999975 ], [ -62.373596191, -40.220581055000025 ], [ -62.374084472999812, -40.221191405999889 ], [ -62.373779296999942, -40.221801758000026 ], [ -62.373596191, -40.222290038999859 ], [ -62.374694824000017, -40.223083495999958 ], [ -62.376098632999913, -40.222900391 ], [ -62.376281737999875, -40.22247314499981 ], [ -62.378295897999749, -40.222900391 ], [ -62.380187987999875, -40.223876952999888 ], [ -62.38342285199991, -40.225891112999989 ], [ -62.386291503999871, -40.2277221679999 ], [ -62.388183594, -40.228698729999849 ], [ -62.390808104999905, -40.230529784999931 ], [ -62.393188476999796, -40.231201171999885 ], [ -62.396484374999829, -40.231628417999957 ], [ -62.39898681599982, -40.23101806599982 ], [ -62.400878905999889, -40.23101806599982 ], [ -62.402770995999958, -40.230895995999845 ], [ -62.40399169899996, -40.231384277000018 ], [ -62.406799316, -40.23187255900001 ], [ -62.40991210899989, -40.232482909999874 ], [ -62.411621093999827, -40.232604979999849 ], [ -62.413696288999915, -40.232482909999874 ], [ -62.414306640999882, -40.232482909999874 ], [ -62.416503905999889, -40.233215331999816 ], [ -62.41772460899989, -40.234802245999845 ], [ -62.420104980000019, -40.234802245999845 ], [ -62.422729491999917, -40.23522949199986 ], [ -62.423583983999833, -40.23577880900001 ], [ -62.425109862999875, -40.237182616999803 ], [ -62.426269530999832, -40.238281249999943 ], [ -62.427917479999849, -40.239013671999885 ], [ -62.429809569999975, -40.240112304999911 ], [ -62.4328002929999, -40.242187499999829 ], [ -62.434387206999929, -40.243408202999944 ], [ -62.436096190999933, -40.245117187999938 ], [ -62.438903808999896, -40.247009276999904 ], [ -62.439208984, -40.248291015999826 ], [ -62.441589354999792, -40.248779297 ], [ -62.443115233999833, -40.249572753999928 ], [ -62.442993163999859, -40.250610351999967 ], [ -62.441223144999867, -40.250610351999967 ], [ -62.440124511999898, -40.251770019999924 ], [ -62.44110107399996, -40.253784180000025 ], [ -62.440673827999888, -40.255493163999859 ], [ -62.442626953, -40.257324218999827 ], [ -62.442993163999859, -40.258789062999881 ], [ -62.445312499999829, -40.260070800999983 ], [ -62.44781494099982, -40.26171875 ], [ -62.446716308999896, -40.262695312999881 ], [ -62.444702147999863, -40.262878417999843 ], [ -62.445983886999841, -40.263977050999983 ], [ -62.444702147999863, -40.264892577999888 ], [ -62.446228026999904, -40.265686034999987 ], [ -62.44866943400001, -40.266601562999881 ], [ -62.451904296999885, -40.270080565999876 ], [ -62.454406737999989, -40.271179199000017 ], [ -62.456115722999812, -40.27209472699991 ], [ -62.458618163999915, -40.273193358999947 ], [ -62.460388183999839, -40.274780272999976 ], [ -62.46350097699991, -40.277404784999874 ], [ -62.463928222999982, -40.278503418000014 ], [ -62.464599608999833, -40.280517577999944 ], [ -62.466308593999941, -40.284912108999947 ], [ -62.467712401999904, -40.285705565999876 ], [ -62.472412109, -40.288391112999932 ], [ -62.474182128999757, -40.290283203 ], [ -62.47637939499981, -40.29162597699991 ], [ -62.478576659999987, -40.293212890999826 ], [ -62.479492187999881, -40.29467773399989 ], [ -62.481506347999925, -40.297790526999961 ], [ -62.482788085999914, -40.301025391 ], [ -62.483581542999843, -40.302978515999882 ], [ -62.484008788999859, -40.304199218999884 ], [ -62.484680175999983, -40.306091308999839 ], [ -62.485412597999755, -40.30841064499981 ], [ -62.485412597999755, -40.309692382999913 ], [ -62.485412597999755, -40.314697265999939 ], [ -62.484497069999918, -40.319274901999904 ], [ -62.484497069999918, -40.323120116999803 ], [ -62.484497069999918, -40.326904296999828 ], [ -62.484497069999918, -40.330200194999861 ], [ -62.481018065999933, -40.33758544899996 ], [ -62.478393555000025, -40.34069824199986 ], [ -62.47412109399977, -40.345886230000019 ], [ -62.470397948999903, -40.348388671999942 ], [ -62.46710205099987, -40.350708007999913 ], [ -62.466674804999855, -40.352478026999904 ], [ -62.466308593999941, -40.354797362999875 ], [ -62.465270995999902, -40.35577392599987 ], [ -62.46398925799997, -40.356994628999871 ], [ -62.463623046999885, -40.35827636699986 ], [ -62.461608887000011, -40.359802245999902 ], [ -62.461120605000019, -40.360412597999868 ], [ -62.461303710999914, -40.361511229999905 ], [ -62.462402343999941, -40.362792968999827 ], [ -62.462890624999829, -40.363891601999967 ], [ -62.461120605000019, -40.365173339999956 ], [ -62.460510253999814, -40.366821288999972 ], [ -62.461791991999974, -40.367614745999902 ], [ -62.462402343999941, -40.369812011999898 ], [ -62.461486815999876, -40.372375487999818 ], [ -62.456970214999899, -40.375793456999816 ], [ -62.454101562999881, -40.377624511999898 ], [ -62.45172119099982, -40.379882812999881 ], [ -62.449829101999853, -40.382385253999985 ], [ -62.449829101999853, -40.384216308999953 ], [ -62.449584960999914, -40.387390137000011 ], [ -62.449707030999889, -40.391906737999875 ], [ -62.450012206999816, -40.39367675799997 ], [ -62.448486327999888, -40.395202637000011 ], [ -62.448974608999947, -40.396606444999804 ], [ -62.449584960999914, -40.397094726999967 ], [ -62.449401854999849, -40.398681641 ], [ -62.448303222999925, -40.399902343999941 ], [ -62.447998046999885, -40.401000976999967 ], [ -62.447082519999981, -40.403076172 ], [ -62.446594237999989, -40.405212401999904 ], [ -62.446411133000026, -40.406982421999885 ], [ -62.445678710999914, -40.408020019999867 ], [ -62.443786620999788, -40.409301757999856 ], [ -62.442626953, -40.411376952999888 ], [ -62.441284179999855, -40.413879394999981 ], [ -62.440124511999898, -40.415893555000025 ], [ -62.439392089999956, -40.416503905999889 ], [ -62.438720702999831, -40.417175293000014 ], [ -62.438598632999856, -40.417602538999859 ], [ -62.436828612999875, -40.41857910199991 ], [ -62.435180663999859, -40.420593261999841 ], [ -62.431579589999899, -40.42352294899996 ], [ -62.430603026999904, -40.424011229999849 ], [ -62.429626465000013, -40.424194335999914 ], [ -62.428527831999816, -40.424072265999939 ], [ -62.427673339999899, -40.424072265999939 ], [ -62.426818847999812, -40.424804687999881 ], [ -62.425903319999975, -40.425781249999943 ], [ -62.425476073999903, -40.426818847999812 ], [ -62.424499511999841, -40.427612304999911 ], [ -62.423278808999896, -40.427978515999939 ], [ -62.422607421999942, -40.428405761999841 ], [ -62.421325683999783, -40.428283690999876 ], [ -62.420288085999971, -40.428283690999876 ], [ -62.420227050999983, -40.428894043000014 ], [ -62.420776366999974, -40.429321288999915 ], [ -62.421691894999867, -40.429382323999903 ], [ -62.422302246000015, -40.429809569999918 ], [ -62.422790526999904, -40.43029785199991 ], [ -62.422912597999812, -40.432006835999914 ], [ -62.42218017599987, -40.433288573999903 ], [ -62.420898437999938, -40.43420410199991 ], [ -62.419982909999874, -40.436218262000011 ], [ -62.420104980000019, -40.437499999999829 ], [ -62.420776366999974, -40.439025878999871 ], [ -62.420593262000011, -40.440795897999863 ], [ -62.420715331999986, -40.443786620999958 ], [ -62.420898437999938, -40.445495604999962 ], [ -62.423095702999774, -40.4484252929999 ], [ -62.424377440999933, -40.450195313 ], [ -62.424499511999841, -40.451599120999958 ], [ -62.424377440999933, -40.453186034999987 ], [ -62.424011230000019, -40.455993651999847 ], [ -62.422912597999812, -40.458129882999856 ], [ -62.421203612999875, -40.459899901999847 ], [ -62.419982909999874, -40.460693358999947 ], [ -62.418029784999931, -40.462890624999943 ], [ -62.416625977000024, -40.464111327999888 ], [ -62.414489746000015, -40.465087890999939 ], [ -62.412475585999914, -40.465698241999917 ], [ -62.408203124999886, -40.466674804999968 ], [ -62.407897948999789, -40.466186522999976 ], [ -62.412902831999986, -40.464599608999947 ], [ -62.413269042999843, -40.463928222999925 ], [ -62.411987304999911, -40.463806151999847 ], [ -62.411926269999924, -40.462585449000017 ], [ -62.406799316, -40.466003417999843 ], [ -62.403686522999919, -40.467285155999946 ], [ -62.402282714999956, -40.468811034999987 ], [ -62.402282714999956, -40.469726562999881 ], [ -62.401000976999853, -40.470703124999943 ], [ -62.399780272999863, -40.472229003999985 ], [ -62.398010253999871, -40.473571776999904 ], [ -62.395996094, -40.474609374999943 ], [ -62.395202636999898, -40.475402831999872 ], [ -62.394470214999956, -40.476684569999861 ], [ -62.392883300999927, -40.47912597699991 ], [ -62.390625, -40.480102538999972 ], [ -62.389526366999746, -40.481872558999953 ], [ -62.387390136999898, -40.48272705099987 ], [ -62.386108397999806, -40.484313964999899 ], [ -62.381774901999904, -40.486511229999905 ], [ -62.379211425999983, -40.487304688 ], [ -62.376403808999783, -40.489501952999888 ], [ -62.372985839999842, -40.491210938 ], [ -62.370422362999932, -40.492492675999813 ], [ -62.367919922, -40.493591308999953 ], [ -62.36242675799997, -40.494506836000028 ], [ -62.35772705099987, -40.494873046999942 ], [ -62.355773925999756, -40.495117188 ], [ -62.353210448999903, -40.494995116999917 ], [ -62.351379394999924, -40.493408202999888 ], [ -62.350097655999832, -40.493286132999913 ], [ -62.348388671999828, -40.492492675999813 ], [ -62.345886229999905, -40.491882323999846 ], [ -62.343811034999817, -40.492797852000024 ], [ -62.340393065999876, -40.494506836000028 ], [ -62.337890624999943, -40.495788574000017 ], [ -62.336486815999876, -40.495788574000017 ], [ -62.335205077999888, -40.496887206999986 ], [ -62.333496093999884, -40.497009276999961 ], [ -62.332275390999882, -40.498779296999942 ], [ -62.32989501999981, -40.500122069999861 ], [ -62.32788085899989, -40.501098632999913 ], [ -62.325317382999799, -40.503112792999843 ], [ -62.322204589999899, -40.504028319999861 ], [ -62.320800781, -40.504394530999946 ], [ -62.318603515999826, -40.506591796999942 ], [ -62.316528319999804, -40.510498046999942 ], [ -62.315612792999843, -40.512512206999872 ], [ -62.315185547, -40.513488769999867 ], [ -62.315979003999928, -40.515808104999905 ], [ -62.317382813, -40.515319824000017 ], [ -62.318481444999861, -40.514221190999876 ], [ -62.32141113299997, -40.513305663999972 ], [ -62.322692870999958, -40.513000487999875 ], [ -62.324584961000028, -40.513610840000013 ], [ -62.332702636999954, -40.515197753999871 ], [ -62.335083007999913, -40.515380859 ], [ -62.336975097999868, -40.514709472999868 ], [ -62.338684081999872, -40.513427733999947 ], [ -62.340393065999876, -40.512817382999913 ], [ -62.341491699000017, -40.512695312999938 ], [ -62.34320068400001, -40.511779784999931 ], [ -62.344421386999784, -40.511596679999968 ], [ -62.345520019999981, -40.510803222999868 ], [ -62.348205565999876, -40.508178710999971 ], [ -62.350280761999898, -40.507385253999871 ], [ -62.353210448999903, -40.505981444999975 ], [ -62.355529784999874, -40.506408690999876 ], [ -62.356872558999953, -40.506103515999939 ], [ -62.358581542999957, -40.504882812999938 ], [ -62.360412597999868, -40.504211425999983 ], [ -62.361999511999898, -40.504211425999983 ], [ -62.364196776999961, -40.503784179999911 ], [ -62.366882323999846, -40.504211425999983 ], [ -62.369628906, -40.505981444999975 ], [ -62.370117188, -40.508605956999872 ], [ -62.368225097999925, -40.510498046999942 ], [ -62.365600586000028, -40.511779784999931 ], [ -62.363281249999886, -40.516296386999898 ], [ -62.36108398399989, -40.519104003999871 ], [ -62.35797119099982, -40.519592284999931 ], [ -62.356506347999868, -40.519287109 ], [ -62.356384276999961, -40.518188476999853 ], [ -62.356811522999976, -40.5167846679999 ], [ -62.355895995999902, -40.514770507999856 ], [ -62.354003905999832, -40.513916015999939 ], [ -62.349975585999857, -40.513305663999972 ], [ -62.348693847999868, -40.512512206999872 ], [ -62.346191405999775, -40.512023925999983 ], [ -62.34240722699991, -40.515197753999871 ], [ -62.33929443400001, -40.517517090000013 ], [ -62.337890624999943, -40.518188476999853 ], [ -62.336486815999876, -40.518188476999853 ], [ -62.335388183999839, -40.517578125 ], [ -62.33459472699991, -40.51647949199986 ], [ -62.331970215000013, -40.516418456999872 ], [ -62.32989501999981, -40.515686034999931 ], [ -62.328125, -40.515686034999931 ], [ -62.326599120999958, -40.515869141 ], [ -62.325073241999917, -40.515686034999931 ], [ -62.322326659999874, -40.514404296999942 ], [ -62.319702147999863, -40.515869141 ], [ -62.321777343999884, -40.51727294899996 ], [ -62.322875977000024, -40.518920897999976 ], [ -62.322998047, -40.521911620999902 ], [ -62.322082519999753, -40.525207519999924 ], [ -62.322326659999874, -40.530578612999989 ], [ -62.32141113299997, -40.53289794899996 ], [ -62.320678711000028, -40.533569335999914 ], [ -62.320678711000028, -40.534606933999953 ], [ -62.318298339999899, -40.537292480000019 ], [ -62.314086913999802, -40.538696288999915 ], [ -62.308715819999748, -40.539672851999967 ], [ -62.306884765999769, -40.540405272999919 ], [ -62.306579589999899, -40.541198730000019 ], [ -62.306213378999985, -40.541687012000011 ], [ -62.305603027000018, -40.541992187999938 ], [ -62.305969237999932, -40.541381835999971 ], [ -62.305603027000018, -40.541076659999874 ], [ -62.304687499999943, -40.541198730000019 ], [ -62.304199218999941, -40.541381835999971 ], [ -62.303283690999876, -40.541503905999946 ], [ -62.301879882999913, -40.541992187999938 ], [ -62.300781249999943, -40.542602538999915 ], [ -62.300415038999859, -40.542480468999941 ], [ -62.299316405999889, -40.542114257999913 ], [ -62.297973632999913, -40.542297362999875 ], [ -62.296569823999846, -40.543090819999975 ], [ -62.295288085999914, -40.545104980000019 ], [ -62.294494628999814, -40.548400878999871 ], [ -62.291015625, -40.550292968999827 ], [ -62.288513183999896, -40.55078125 ], [ -62.286987305000025, -40.551391601999967 ], [ -62.286682128999814, -40.553283690999933 ], [ -62.284118651999904, -40.556884766 ], [ -62.283325194999975, -40.562377930000025 ], [ -62.283203125, -40.565795897999863 ], [ -62.284912109, -40.567077636999841 ], [ -62.284790038999859, -40.568298339999956 ], [ -62.283813476999967, -40.568725585999857 ], [ -62.282714843999827, -40.568420409999931 ], [ -62.281799315999933, -40.569702147999863 ], [ -62.280700683999896, -40.570190429999911 ], [ -62.279113769999867, -40.570190429999911 ], [ -62.277404784999874, -40.569396972999812 ], [ -62.2745971679999, -40.566528319999975 ], [ -62.272888183999896, -40.564514159999931 ], [ -62.272216796999942, -40.563903808999896 ], [ -62.270385741999974, -40.563110351999967 ], [ -62.270202637000011, -40.563781737999989 ], [ -62.271118163999915, -40.564697266 ], [ -62.270019530999889, -40.565002440999933 ], [ -62.268981933999896, -40.564880370999958 ], [ -62.26867675799997, -40.563293456999929 ], [ -62.262329102000024, -40.562805175999927 ], [ -62.260681152000018, -40.564392089999956 ], [ -62.258422852000024, -40.56896972699991 ], [ -62.259094237999989, -40.570617675999927 ], [ -62.26037597699991, -40.570922851999853 ], [ -62.261718749999886, -40.572204589999956 ], [ -62.262023925999756, -40.57391357399996 ], [ -62.261291503999814, -40.575073241999803 ], [ -62.261169433999839, -40.576293944999918 ], [ -62.261169433999839, -40.577697753999985 ], [ -62.258300780999889, -40.575195312999881 ], [ -62.258300780999889, -40.573608397999919 ], [ -62.257202147999919, -40.574829101999853 ], [ -62.256286620999845, -40.573791503999985 ], [ -62.255798339999956, -40.572509765999882 ], [ -62.254821776999904, -40.572082519999981 ], [ -62.252685546999885, -40.570678710999914 ], [ -62.251892089999956, -40.56896972699991 ], [ -62.252014159999931, -40.568481444999918 ], [ -62.25280761699986, -40.567687987999989 ], [ -62.256286620999845, -40.562988280999889 ], [ -62.254577636999954, -40.561584472999925 ], [ -62.254394530999889, -40.560729979999905 ], [ -62.255493163999915, -40.559692382999856 ], [ -62.255981444999918, -40.558715819999975 ], [ -62.255981444999918, -40.557922362999875 ], [ -62.255371093999941, -40.557617187999938 ], [ -62.255798339999956, -40.557128905999946 ], [ -62.256591796999885, -40.557128905999946 ], [ -62.257690429999911, -40.556884766 ], [ -62.257995604999849, -40.556213378999871 ], [ -62.257629394999924, -40.555480956999929 ], [ -62.25671386699986, -40.555480956999929 ], [ -62.256286620999845, -40.554504394999867 ], [ -62.25646972699991, -40.554077147999863 ], [ -62.258789062999881, -40.5538940429999 ], [ -62.25982665999976, -40.553100585999971 ], [ -62.259399413999915, -40.552307128999871 ], [ -62.26007080099987, -40.551818847999868 ], [ -62.260681152000018, -40.551208496000015 ], [ -62.262084960999914, -40.551208496000015 ], [ -62.262512206999986, -40.550720215000013 ], [ -62.262695312999881, -40.549804687999938 ], [ -62.263671874999943, -40.548889159999874 ], [ -62.265075683999839, -40.547607421999942 ], [ -62.266174315999876, -40.546997069999804 ], [ -62.26788330099987, -40.546691894999867 ], [ -62.270202637000011, -40.545410155999946 ], [ -62.273498534999874, -40.544311522999919 ], [ -62.2863159179999, -40.540893554999911 ], [ -62.28991699199986, -40.540405272999919 ], [ -62.292602538999859, -40.540405272999919 ], [ -62.294494628999985, -40.539306640999882 ], [ -62.296813964999956, -40.538513183999953 ], [ -62.301574706999872, -40.538391112999875 ], [ -62.306274413999972, -40.537475585999914 ], [ -62.308288573999903, -40.536804198999846 ], [ -62.312072753999928, -40.535522460999857 ], [ -62.315979003999928, -40.535583496000015 ], [ -62.317382813, -40.534179687999881 ], [ -62.317810058999896, -40.532592772999919 ], [ -62.317810058999896, -40.53100585899989 ], [ -62.318908690999876, -40.52899169899996 ], [ -62.318786620999902, -40.527526854999905 ], [ -62.318298339999899, -40.526611328 ], [ -62.316223144999867, -40.525390624999886 ], [ -62.315185547, -40.526306151999961 ], [ -62.31280517599987, -40.526916503999928 ], [ -62.311584472999868, -40.526672362999989 ], [ -62.307983397999976, -40.526977538999915 ], [ -62.305480956999872, -40.528503417999957 ], [ -62.300415038999859, -40.530700683999953 ], [ -62.293029784999931, -40.53289794899996 ], [ -62.291687011999784, -40.533325194999861 ], [ -62.288513183999896, -40.533996581999986 ], [ -62.282592772999863, -40.535217284999817 ], [ -62.269775390999826, -40.537170409999874 ], [ -62.259216308999953, -40.538208007999913 ], [ -62.244079589999956, -40.543884276999904 ], [ -62.2421875, -40.544494628999871 ], [ -62.239929199000017, -40.5460815429999 ], [ -62.237304687999938, -40.547485351999967 ], [ -62.235107421999942, -40.549011230000019 ], [ -62.233398437999938, -40.550109862999875 ], [ -62.231628417999787, -40.551513671999942 ], [ -62.228698730000019, -40.553405761999898 ], [ -62.227294921999942, -40.553771972999925 ], [ -62.224914550999813, -40.554199218999941 ], [ -62.221679687999938, -40.5546875 ], [ -62.219787597999982, -40.556213378999871 ], [ -62.216796874999886, -40.55828857399996 ], [ -62.213012694999861, -40.561096190999933 ], [ -62.211608886999898, -40.561889647999863 ], [ -62.209411620999902, -40.563110351999967 ], [ -62.205627440999876, -40.565429687999824 ], [ -62.200683594, -40.568115234 ], [ -62.196899413999972, -40.569702147999863 ], [ -62.193481444999975, -40.571228026999904 ], [ -62.191772460999971, -40.571899413999915 ], [ -62.187805175999983, -40.57366943400001 ], [ -62.183593749999886, -40.57647705099987 ], [ -62.180908202999888, -40.578124999999886 ], [ -62.177972818974638, -40.579749944743526 ], [ -62.175509201925593, -40.58201769885062 ], [ -62.173565177413934, -40.583807168473697 ], [ -62.172973632999913, -40.584472656 ], [ -62.171637023473409, -40.586240430163343 ], [ -62.171575962487793, -40.594816519858909 ], [ -62.171586536583277, -40.594981502814449 ], [ -62.171631500418243, -40.595262743141575 ], [ -62.171638912223273, -40.595337062290696 ], [ -62.171642042273788, -40.595463177691329 ], [ -62.171651528869575, -40.595544727355673 ], [ -62.171661673353583, -40.595618648209836 ], [ -62.171672520147922, -40.595688395507466 ], [ -62.175393376092245, -40.612299253596291 ], [ -62.175491931084821, -40.612862029948303 ], [ -62.17553930640895, -40.613039044614538 ], [ -62.175620413095317, -40.613211246358503 ], [ -62.175658869855738, -40.61327028592018 ], [ -62.188817485982497, -40.621203838702911 ], [ -62.194399884969755, -40.629192509062534 ], [ -62.213723775002506, -40.644422069305847 ], [ -62.229629480503434, -40.675123923891078 ], [ -62.230259199186719, -40.676178339299838 ], [ -62.272150993123489, -40.761452799090534 ], [ -62.27017573380266, -40.773836065047362 ], [ -62.2706909179999, -40.774719237999989 ], [ -62.271606444999804, -40.777099608999947 ], [ -62.27258300799997, -40.778991698999903 ], [ -62.272939866599245, -40.779581291733564 ], [ -62.289108064697587, -40.791937047027147 ], [ -62.289160026118168, -40.791986567026015 ], [ -62.295722077094013, -40.798002619335364 ], [ -62.340022372583121, -40.843587630876357 ], [ -62.340202499263739, -40.843745637861275 ], [ -62.340826070907212, -40.84419794643162 ], [ -62.340880733539393, -40.84423207545575 ], [ -62.341047965699943, -40.844332649008948 ], [ -62.341302902006703, -40.844470942352416 ], [ -62.360180325079398, -40.850776547890746 ], [ -62.414769680625625, -40.878538821869824 ], [ -62.650004114000922, -40.928990737856566 ], [ -62.650042050255308, -40.92901959784848 ], [ -62.673817625814252, -40.950409461353956 ], [ -62.673854197341882, -40.95043722566686 ], [ -62.701794614617825, -41.030180437145134 ], [ -62.703002929999798, -41.030700683999953 ], [ -62.710388183999953, -41.033874512000011 ], [ -62.714294433999783, -41.035705566 ], [ -62.720886229999849, -41.034790038999915 ], [ -62.72442626999981, -41.033325194999861 ], [ -62.726379394999867, -41.033996581999986 ], [ -62.729003905999946, -41.033508300999983 ], [ -62.731506347999868, -41.033508300999983 ], [ -62.733520507999913, -41.034606933999953 ], [ -62.736572265999826, -41.033996581999986 ], [ -62.737241303578401, -41.033935760347561 ], [ -62.731909214599057, -41.032172696910834 ], [ -62.729600801794618, -41.031641294122267 ], [ -62.72952623385703, -41.031627026447779 ], [ -62.729207457045106, -41.031580143263511 ], [ -62.729135341331528, -41.031558005869442 ], [ -62.725459610743712, -41.029790940648013 ], [ -62.725053293846088, -41.029641179426619 ], [ -62.709887353270119, -41.026461628674951 ], [ -62.709869660434435, -41.026455499070039 ], [ -62.709802699697491, -41.02642641405248 ], [ -62.660356747103947, -40.885305434523843 ], [ -62.660297318372898, -40.885260317516668 ], [ -62.621662009034424, -40.850501790170085 ], [ -62.62160036262253, -40.850454892684525 ], [ -62.600825647899285, -40.845999234436476 ], [ -62.597974229953763, -40.829111198461305 ], [ -62.60535055009575, -40.829132703938171 ], [ -62.605377838712116, -40.82911226241032 ], [ -62.6152027761147, -40.829169004199571 ], [ -62.615246115856905, -40.829136408752447 ], [ -62.615463221419816, -40.786141345554711 ], [ -62.615413255977899, -40.785008904021083 ], [ -62.615470874824496, -40.777829853431001 ], [ -62.615471095814826, -40.777790184639912 ], [ -62.610956004982768, -40.750637902390906 ], [ -62.610916623434889, -40.750607711434156 ], [ -62.604398836506391, -40.749379074540968 ], [ -62.604355723336937, -40.749346019009238 ], [ -62.593024881608585, -40.747167378961763 ], [ -62.606960687261164, -40.721013557109416 ], [ -62.612694012718578, -40.663692013746243 ], [ -62.612592389353267, -40.662630695697146 ], [ -62.613041904144268, -40.649057761055587 ], [ -62.613727706257691, -40.648583337761238 ], [ -62.603822807166694, -40.621666753319857 ], [ -62.603779916919734, -40.621633844626672 ], [ -62.586540782996394, -40.619416276716095 ], [ -62.586775786767703, -40.618320568644265 ], [ -62.611544091212636, -40.584295396232278 ], [ -62.611536431846503, -40.584250265490994 ], [ -62.625643497310023, -40.553188060880473 ], [ -62.630170223305413, -40.547747200684228 ], [ -62.631375507710402, -40.546913071280528 ], [ -62.631377938720448, -40.546912438436209 ], [ -62.640804579576525, -40.549831386326616 ], [ -62.65606887444909, -40.55483020566794 ], [ -62.643932130622943, -40.526826602754909 ], [ -62.646277054993902, -40.52245437459726 ], [ -62.624435550000214, -40.529149526604556 ], [ -62.624424772499196, -40.529198681365244 ], [ -62.624977588737124, -40.533191546701573 ], [ -62.62494983169762, -40.533185388324057 ], [ -62.62376389294684, -40.535690661355886 ], [ -62.616641914311572, -40.53153820401883 ], [ -62.617714522134122, -40.528172690005363 ], [ -62.616036865420028, -40.523094649179768 ], [ -62.616079738397843, -40.523094863731103 ], [ -62.616079700827527, -40.523079329356335 ], [ -62.616100268181128, -40.523079228408108 ], [ -62.615872749704977, -40.51734456320662 ], [ -62.615815256957262, -40.517300717803778 ], [ -62.61579958203555, -40.517299814694354 ], [ -62.615828248433615, -40.515200509102669 ], [ -62.615820694354738, -40.515194766872526 ], [ -62.613865935916067, -40.516618331522352 ], [ -62.601546388927488, -40.479134680520929 ], [ -62.603934886816091, -40.461537588701844 ], [ -62.603916053536011, -40.461523242118005 ], [ -62.600822314924756, -40.456320213801007 ], [ -62.600793153733946, -40.456297952548823 ], [ -62.596455467051328, -40.454905592880095 ], [ -62.596430429572194, -40.454897171994219 ], [ -62.592106423251209, -40.453711679642822 ], [ -62.586943261175804, -40.452580214885415 ], [ -62.579519537293152, -40.449616460873415 ], [ -62.565262206440707, -40.445764791155682 ], [ -62.564057332337313, -40.446159687594843 ], [ -62.563075701764092, -40.444952100559249 ], [ -62.563009482100938, -40.444931021255968 ], [ -62.562387133706068, -40.444583116169895 ], [ -62.560204778312254, -40.442375184084653 ], [ -62.560214469746484, -40.442361307761075 ], [ -62.560073478937682, -40.441986204842465 ], [ -62.560084220514625, -40.441971513336341 ], [ -62.559925474665306, -40.441511573336754 ], [ -62.55993706786802, -40.441495551820822 ], [ -62.559752673301034, -40.440957466158125 ], [ -62.562477411253553, -40.440598840278824 ], [ -62.56248451066557, -40.440588374959702 ], [ -62.56312892672463, -40.437513318446179 ], [ -62.572196666088644, -40.42545360370417 ], [ -62.57219732576425, -40.425436173860987 ], [ -62.580812346991934, -40.427063615228633 ], [ -62.580866338243027, -40.427063109805829 ], [ -62.588855425666452, -40.425254091874365 ], [ -62.588855387824481, -40.425276431624752 ], [ -62.596284076573681, -40.425278512176646 ], [ -62.596300086599342, -40.425283945468891 ], [ -62.59794327961248, -40.424465868953121 ], [ -62.597994203037956, -40.424427065112525 ], [ -62.59800937995891, -40.424427061446579 ], [ -62.60331795400441, -40.414233549231881 ], [ -62.610689693012887, -40.400493425233833 ], [ -62.615566545120089, -40.391465792433166 ], [ -62.61561526845162, -40.391428501048779 ], [ -62.620826336310415, -40.391265365260438 ], [ -62.640631180943046, -40.385675121643089 ], [ -62.640631218472492, -40.385689427058423 ], [ -62.657117988565631, -40.388155211090975 ], [ -62.657157691601412, -40.388124692030601 ], [ -62.656487937765917, -40.37348628796741 ], [ -62.656489119066407, -40.362773815747971 ], [ -62.656459572448114, -40.362751135817859 ], [ -62.652213151557532, -40.365674245119578 ], [ -62.652191599989351, -40.365657698227722 ], [ -62.651535360788671, -40.342405656214225 ], [ -62.644265936898989, -40.328004534835088 ], [ -62.644203547142865, -40.327956633120664 ], [ -62.636405750201902, -40.326082876109979 ], [ -62.636348261269461, -40.326038852808495 ], [ -62.634200760393753, -40.325956209119454 ], [ -62.631560493003519, -40.317919600052505 ], [ -62.631611304886235, -40.303160602313028 ], [ -62.631622017090251, -40.292307275197231 ], [ -62.631646029757405, -40.284795008075776 ], [ -62.631636780272288, -40.284787884705281 ], [ -62.625619741145101, -40.284782534447288 ], [ -62.625571229853108, -40.284745156716212 ], [ -62.621821078370374, -40.284755718437395 ], [ -62.621051764012975, -40.284748629057674 ], [ -62.61200484168063, -40.287933470443647 ], [ -62.60517288316538, -40.284688353030845 ], [ -62.60516216743963, -40.284682628229632 ], [ -62.605112765476576, -40.28462849173934 ], [ -62.605072770841332, -40.284628379110586 ], [ -62.613099730324564, -40.269650020038966 ], [ -62.613119807537259, -40.269694185966046 ], [ -62.613398048198178, -40.269282466336108 ], [ -62.614771635533657, -40.266715889648594 ], [ -62.614775512361177, -40.26665009436681 ], [ -62.61833698172012, -40.260247704967298 ], [ -62.624462017110318, -40.248892901394413 ], [ -62.624465239527581, -40.248838412586906 ], [ -62.625844677200462, -40.239604573605391 ], [ -62.625197276138465, -40.23350804501348 ], [ -62.625185011044721, -40.233497104114178 ], [ -62.616299995397242, -40.224122225357519 ], [ -62.616148148891, -40.223842948241497 ], [ -62.616123339271326, -40.22383941031768 ], [ -62.616062773116482, -40.223898259277803 ], [ -62.615460062237673, -40.224483892720684 ], [ -62.614632040172012, -40.222785856046187 ], [ -62.614626881012782, -40.222781896335164 ], [ -62.613011700200673, -40.21948247864799 ], [ -62.603025083495936, -40.212159196846585 ], [ -62.599049691497328, -40.212158885569181 ], [ -62.599049733665652, -40.212141994494516 ], [ -62.600494875625429, -40.207980050849415 ], [ -62.600493850833345, -40.207959521629391 ], [ -62.601523776325109, -40.207977691052179 ], [ -62.601566139036834, -40.207975660049328 ], [ -62.603823517336423, -40.20421126625746 ], [ -62.602179811587746, -40.192987353484739 ], [ -62.606663335882615, -40.189984711219438 ], [ -62.606123430877972, -40.189506532345604 ], [ -62.610138797115553, -40.187097414909942 ], [ -62.610149448600282, -40.18704199578525 ], [ -62.60623732810501, -40.185198547242294 ], [ -62.606651608727645, -40.184655789171813 ], [ -62.606649968355498, -40.184615975582403 ], [ -62.607617450906389, -40.183422554018875 ], [ -62.607616762755413, -40.183378775789663 ], [ -62.608341618896759, -40.182502775934609 ], [ -62.608341022395678, -40.182456067760313 ], [ -62.607949628390998, -40.182426749066678 ], [ -62.60794922310447, -40.182381594796311 ], [ -62.608669989111945, -40.181480139873599 ], [ -62.608669740161588, -40.181432085950178 ], [ -62.608182801035866, -40.18142911614666 ], [ -62.608183121643663, -40.181383011372702 ], [ -62.60901923168052, -40.177702010855512 ], [ -62.608993870493578, -40.177692162646053 ], [ -62.61199671678412, -40.168574626734483 ], [ -62.6136221482476, -40.16805887990887 ], [ -62.615759031916468, -40.167386234410742 ], [ -62.615943238443663, -40.167328251981587 ], [ -62.615991520776106, -40.167236416436594 ], [ -62.616415652700539, -40.166613132455041 ], [ -62.616816449792736, -40.167365594153694 ], [ -62.619216162397549, -40.168644614667073 ], [ -62.622730603436878, -40.168695731409571 ], [ -62.623148212065189, -40.168678503936235 ], [ -62.624022314416834, -40.168757195901208 ], [ -62.624061364210036, -40.168704202117624 ], [ -62.624056804532131, -40.168609049241127 ], [ -62.624056855921822, -40.168577468861258 ], [ -62.625947109338256, -40.168584488941008 ], [ -62.626002395873059, -40.168630180534365 ], [ -62.628511689248739, -40.168624614486532 ], [ -62.630008505727403, -40.168475597748227 ], [ -62.637394194218587, -40.167999282253277 ], [ -62.637431061156292, -40.167971079903396 ], [ -62.639813409500107, -40.16316254341092 ], [ -62.640637974022923, -40.162056943711491 ], [ -62.644664718820252, -40.151919094257892 ], [ -62.644811152126636, -40.130159846666686 ], [ -62.644811168289777, -40.130152651918706 ], [ -62.644906128977993, -40.130027627515858 ], [ -62.653998943503495, -40.129780434569398 ], [ -62.656163628215609, -40.124480290503357 ], [ -62.656192959898192, -40.124457729390997 ], [ -62.660269898925549, -40.114418285001932 ], [ -62.660269911988962, -40.114380202950827 ], [ -62.660263229777911, -40.110156756990477 ], [ -62.660291806418229, -40.109262560264028 ], [ -62.664564765887519, -40.102699603056578 ], [ -62.665985856832094, -40.109111032083547 ], [ -62.666009797998584, -40.109124365570494 ], [ -62.666018659710176, -40.109131139865042 ], [ -62.667188168112148, -40.109134099761832 ], [ -62.667212703350799, -40.114656885050465 ], [ -62.667340530333888, -40.115454542796556 ], [ -62.668935369807912, -40.124447967835806 ], [ -62.668966470713656, -40.124471765058843 ], [ -62.672537466770109, -40.125561644359436 ], [ -62.673831778782016, -40.129467615804799 ], [ -62.673957216412134, -40.145017259038127 ], [ -62.673973397087536, -40.149688106446774 ], [ -62.674030991392328, -40.149731991277747 ], [ -62.67932079913038, -40.149676076197807 ], [ -62.679334179105979, -40.149686385453037 ], [ -62.680789853095803, -40.149688825729015 ], [ -62.680794981947713, -40.151962251431542 ], [ -62.680992926171484, -40.157773081520759 ], [ -62.681074497207192, -40.160310684061187 ], [ -62.6810311398811, -40.160343931798025 ], [ -62.681181935965526, -40.165780875207304 ], [ -62.681672745532808, -40.178921265032784 ], [ -62.676181517774694, -40.18169669993631 ], [ -62.676176782065454, -40.181724455322524 ], [ -62.681651324641621, -40.190192792707819 ], [ -62.685157718169933, -40.207931930624909 ], [ -62.686535345929485, -40.214901482434698 ], [ -62.685844586158737, -40.222949588596748 ], [ -62.68584928332433, -40.222953200549966 ], [ -62.702551102944369, -40.224663158454121 ], [ -62.707504495054309, -40.227198392041487 ], [ -62.707521337445257, -40.227211339190944 ], [ -62.712721103031868, -40.229860262373165 ], [ -62.724539577981034, -40.231876348958679 ], [ -62.735290146654393, -40.231439137759082 ], [ -62.757328318316866, -40.229846236625406 ], [ -62.776927095782185, -40.229296503692126 ], [ -62.776965859644179, -40.229267031720383 ], [ -62.811554071188482, -40.239426403514472 ], [ -62.820823048520197, -40.236247642517526 ], [ -62.820877045481666, -40.236206645196603 ], [ -62.829028301678534, -40.23344992246831 ], [ -62.829085382357562, -40.233407127392013 ], [ -62.847368637636635, -40.22736510605688 ], [ -62.847368605636291, -40.22736919681347 ], [ -62.845406327887986, -40.252286249864028 ], [ -62.838272165410842, -40.254324307419097 ], [ -62.83660237427199, -40.259343837866993 ], [ -62.832525557279268, -40.269797914518563 ], [ -62.83201613104643, -40.27127966246843 ], [ -62.831576327777441, -40.27254614738888 ], [ -62.831487029189077, -40.274275682364248 ], [ -62.831771803369236, -40.276738248170773 ], [ -62.831000555233743, -40.293968862354689 ], [ -62.839258719439897, -40.296614025359077 ], [ -62.839247962583158, -40.298313522227716 ], [ -62.839266975228043, -40.298327852596856 ], [ -62.839245910776185, -40.310193760791719 ], [ -62.860598541623176, -40.313312533123053 ], [ -62.867101858138881, -40.311945192278074 ], [ -62.895988381511643, -40.324030001448477 ], [ -62.931785835538562, -40.326664596213163 ], [ -62.934173464703463, -40.320225854485898 ], [ -62.934220386381526, -40.320190136495398 ], [ -62.965646818131347, -40.329026536387119 ], [ -62.965646853559974, -40.329048925640109 ], [ -62.965681192503837, -40.329047896828513 ], [ -62.963339521769456, -40.336666938427925 ], [ -62.964718258467428, -40.343526493859315 ], [ -62.963272181731213, -40.364008074432547 ], [ -62.962167487900388, -40.380252768958655 ], [ -63.005013376950046, -40.440997853206738 ], [ -63.01902053796681, -40.474880272290932 ], [ -63.019039022897914, -40.4748943513668 ], [ -63.105489554398559, -40.508412572893121 ], [ -63.105538030106459, -40.508375383452858 ], [ -63.150573985196843, -40.50643087530085 ], [ -63.150574079949592, -40.506465239550721 ], [ -63.150574274286896, -40.506478789522419 ], [ -63.148034272543839, -40.55663520185135 ], [ -63.147021297525498, -40.575422942179216 ], [ -63.146997485188933, -40.575441489394791 ], [ -63.177769330443255, -40.606701794078788 ], [ -63.177821065336047, -40.606739700075821 ], [ -63.192335915868853, -40.608937164708209 ], [ -63.192387885911444, -40.608981722492956 ], [ -63.200116197161321, -40.610265970689568 ], [ -63.203914744864733, -40.610655798827565 ], [ -63.209956013275928, -40.612043574537324 ], [ -63.220211745684935, -40.614255593907728 ], [ -63.285328913010233, -40.61942033068874 ], [ -63.296077634890707, -40.618484113080513 ], [ -63.313945977850267, -40.621813327580412 ], [ -63.318049813976302, -40.622577953063853 ], [ -63.3281221293974, -40.626973596662424 ], [ -63.328168637853594, -40.626982062602337 ], [ -63.329224540517657, -40.626912436238229 ], [ -63.33009924589885, -40.624171096506188 ], [ -63.33007509583706, -40.624164785850041 ], [ -63.330075053163398, -40.624140209149346 ], [ -63.330049475742044, -40.624135553288227 ], [ -63.330047779151528, -40.620912532286127 ], [ -63.330088830646275, -40.620912482064625 ], [ -63.334331416220607, -40.620915824380802 ], [ -63.334334354943906, -40.621580434265809 ], [ -63.334350762385611, -40.621593020739738 ], [ -63.334339080623579, -40.621637631759029 ], [ -63.339404970126111, -40.62364316259567 ], [ -63.346335392352557, -40.623553435651388 ], [ -63.358464910128248, -40.622939222230173 ], [ -63.373464949781805, -40.622293335332984 ], [ -63.373512885473417, -40.622244990809122 ], [ -63.374677143928295, -40.619256418170153 ], [ -63.377937261147679, -40.616680660077748 ], [ -63.377955213723112, -40.616662671475126 ], [ -63.377970118636256, -40.61670101282283 ], [ -63.384773419839348, -40.61511569486521 ], [ -63.407047844327337, -40.627900062283402 ], [ -63.464719604020843, -40.630264317920933 ], [ -63.465034286162279, -40.630255617239413 ], [ -63.465062949665764, -40.630242806843171 ], [ -63.465723127625779, -40.63022673831108 ], [ -63.483399036034029, -40.63460720030389 ], [ -63.510360230534445, -40.607760132163776 ], [ -63.528280522005559, -40.580805350801484 ], [ -63.557382019886006, -40.553057896610085 ], [ -63.565947089652809, -40.53181864392667 ], [ -63.570074364630329, -40.517357550276074 ], [ -63.57704205247353, -40.512067339483735 ], [ -63.586111245008169, -40.510789097001748 ], [ -63.593783957473988, -40.509707679114854 ], [ -63.60757433965756, -40.509026742479421 ], [ -63.642719540926009, -40.502052644240678 ], [ -63.667214936640733, -40.476581343856765 ], [ -63.672261789768527, -40.474700453427147 ], [ -63.672267515925398, -40.47469999702372 ], [ -63.673211488335937, -40.474310459833475 ], [ -63.674338278045582, -40.474007324380807 ], [ -63.702495605329943, -40.469188766712819 ], [ -63.704320649994202, -40.469394811698692 ], [ -63.706846520402962, -40.468298209765976 ], [ -63.739030853103998, -40.467787937239621 ], [ -63.754195762586392, -40.463914738645656 ], [ -63.75592987878025, -40.463947101668793 ], [ -63.755994992752846, -40.463911342178108 ], [ -63.759037152901442, -40.461455236343056 ], [ -63.759103496077216, -40.461424680624816 ], [ -63.759109346783589, -40.461423463325502 ], [ -63.759824542055753, -40.461105370199334 ], [ -63.775541842245048, -40.45847054346649 ], [ -63.775614589171823, -40.458443077945049 ], [ -63.776108086561521, -40.4592244617142 ], [ -63.780091866122689, -40.457697803710289 ], [ -63.780165321261904, -40.457675554407615 ], [ -63.782602109412721, -40.457093701215399 ], [ -63.782654669866133, -40.457120031524994 ], [ -63.784532831720071, -40.457272772114038 ], [ -63.784606206779983, -40.457250986762062 ], [ -63.786046216352815, -40.455954736567037 ], [ -63.786388195055679, -40.456664963743151 ], [ -63.78863039042966, -40.460832728221646 ], [ -63.83385684523256, -40.447340316564464 ], [ -63.842062106733579, -40.645987007956705 ], [ -63.840655816026242, -40.712768411394279 ], [ -63.826527145253522, -40.713528290421607 ], [ -63.826506493434749, -40.713562239273699 ], [ -63.828620139972145, -40.718214003636206 ], [ -63.828567779403613, -40.718182084712623 ], [ -63.821553844892492, -40.718228488573914 ], [ -63.691846639732148, -40.755278676433306 ], [ -63.691823419096181, -40.755301568091738 ], [ -63.650610113457901, -40.792625821433205 ], [ -63.635327481222362, -40.783056840030554 ], [ -63.635281662788714, -40.783061180980383 ], [ -63.635265387670927, -40.783042838269182 ], [ -63.59998258886236, -40.791969264316435 ], [ -63.548517568950615, -40.834946703793321 ], [ -63.528543886072384, -40.925957486561174 ], [ -63.480160856542568, -41.034954070428455 ], [ -63.495795949357216, -41.047116554500235 ], [ -63.456802190566577, -41.082732104015179 ], [ -63.44653351906129, -41.080480515529985 ], [ -63.447116483424736, -41.087534404481517 ], [ -63.442024262748077, -41.092651522181825 ], [ -63.418896415583902, -41.10487479170024 ], [ -63.418865197780804, -41.1048712538568 ], [ -63.412406156327904, -41.10896020080753 ], [ -63.371780312294788, -41.093872242416865 ], [ -63.371760031537463, -41.093870939582587 ], [ -63.357533038248675, -41.100263279587352 ], [ -63.357519780847781, -41.10026077169988 ], [ -63.333554932450966, -41.089428084368706 ], [ -63.308046053164389, -41.088481502104059 ], [ -63.294099003981216, -41.127178916220885 ], [ -63.300401738637788, -41.128318020472534 ], [ -63.313838467702908, -41.13860296599205 ], [ -63.325332179131465, -41.140667438355251 ], [ -63.325360846748026, -41.140696895816689 ], [ -63.3253857198643, -41.1406961527357 ], [ -63.330853146183699, -41.141740978827954 ], [ -63.344355316656959, -41.138708268753135 ], [ -63.344425694883853, -41.138730852643107 ], [ -63.345605545574415, -41.138785034006389 ], [ -63.349669086434403, -41.136999195150395 ], [ -63.349651975379516, -41.136964737390201 ], [ -63.349656557638525, -41.136931850789722 ], [ -63.356737489608633, -41.133674901925247 ], [ -63.356792755179242, -41.133677653472887 ], [ -63.356793445333778, -41.133677707521656 ], [ -63.357783380015007, -41.135447437554376 ], [ -63.357792036673345, -41.135517131330289 ], [ -63.357130341219545, -41.13666095079094 ], [ -63.357121101787186, -41.136657258206469 ], [ -63.357103457472988, -41.136658376365574 ], [ -63.357399010267613, -41.142992809498423 ], [ -63.35740984730819, -41.143039527346787 ], [ -63.357544870949596, -41.14326686515119 ], [ -63.357892952380496, -41.143516381827737 ], [ -63.357770545427456, -41.145568168204818 ], [ -63.357777754102983, -41.145599935421387 ], [ -63.35779929192546, -41.145632248534127 ], [ -63.357782830773033, -41.147562138069702 ], [ -63.359691234104901, -41.149304198143568 ], [ -63.359729652821841, -41.149325606003856 ], [ -63.364282943528451, -41.150960448060061 ], [ -63.364331738991041, -41.150978872574967 ], [ -63.371991852221527, -41.152101152723503 ], [ -63.379668065723706, -41.153556888883486 ], [ -63.379727512815407, -41.153234502701025 ], [ -63.380541176083909, -41.152062817745559 ], [ -63.380611652410892, -41.152072932232215 ], [ -63.385197099809034, -41.153931964419826 ], [ -63.385433047215543, -41.154037941485228 ], [ -63.386088526950289, -41.154332347629406 ], [ -63.386088505465352, -41.154332504439708 ], [ -63.384715588584697, -41.154752919047553 ], [ -63.384672748103526, -41.154745596292798 ], [ -63.383483533557126, -41.154894028342085 ], [ -63.383354417785995, -41.155005026557092 ], [ -63.383134141104108, -41.155106383449208 ], [ -63.383225813571755, -41.155465259938978 ], [ -63.381403614461021, -41.155489683546023 ], [ -63.383300781, -41.155578612999875 ], [ -63.385314940999876, -41.156005858999947 ], [ -63.389099120999902, -41.156372069999861 ], [ -63.397277831999986, -41.157104491999803 ], [ -63.399475097999812, -41.157592772999976 ], [ -63.405700683999839, -41.158691405999946 ], [ -63.409301757999913, -41.15930175799997 ], [ -63.414184569999975, -41.159484862999932 ], [ -63.417907714999842, -41.160217284999874 ], [ -63.422485351999967, -41.159973144999924 ], [ -63.424926757999913, -41.160705565999876 ], [ -63.427673339999956, -41.160888671999828 ], [ -63.431274413999915, -41.161499022999976 ], [ -63.433593749999886, -41.161621093999941 ], [ -63.435485839999785, -41.161926269999981 ], [ -63.437316894999924, -41.161987304999968 ], [ -63.440979003999871, -41.161682128999928 ], [ -63.444824218999884, -41.161499022999976 ], [ -63.447204590000013, -41.161315918000014 ], [ -63.450012206999816, -41.160827636999841 ], [ -63.452575683999896, -41.160400390999939 ], [ -63.455017090000013, -41.160400390999939 ], [ -63.457092284999874, -41.161010741999803 ], [ -63.459594726999967, -41.161071776999961 ], [ -63.463317870999902, -41.161193847999868 ], [ -63.466979979999792, -41.160888671999828 ], [ -63.469177245999788, -41.160400390999939 ], [ -63.472900390999882, -41.160278319999861 ], [ -63.475769043000014, -41.159973144999924 ], [ -63.479980468999941, -41.159790038999972 ], [ -63.483581542999843, -41.159973144999924 ], [ -63.485778808999839, -41.160278319999861 ], [ -63.490173339999899, -41.160522460999914 ], [ -63.49249267599987, -41.160400390999939 ], [ -63.494873047, -41.160278319999861 ], [ -63.497497558999896, -41.160095214999899 ], [ -63.499816894999867, -41.160095214999899 ], [ -63.502319335999971, -41.160095214999899 ], [ -63.504577636999954, -41.160400390999939 ], [ -63.508178710999914, -41.161010741999803 ], [ -63.51037597699991, -41.161010741999974 ], [ -63.513488769999981, -41.161010741999803 ], [ -63.516784668000014, -41.160705565999876 ], [ -63.522705077999888, -41.160400390999939 ], [ -63.530090331999872, -41.160583495999902 ], [ -63.533386229999905, -41.160583495999902 ], [ -63.536682128999928, -41.160583495999902 ], [ -63.540710448999903, -41.161010741999803 ], [ -63.545288086000028, -41.160888671999828 ], [ -63.549072265999882, -41.160583495999902 ], [ -63.552185058999839, -41.160583495999902 ], [ -63.557800292999957, -41.160217284999874 ], [ -63.562377929999968, -41.159912108999947 ], [ -63.565002440999876, -41.15960693400001 ], [ -63.568786620999902, -41.159484862999932 ], [ -63.572692870999902, -41.159118652000018 ], [ -63.575805663999972, -41.158569335999971 ], [ -63.578491211000028, -41.158203124999943 ], [ -63.580993651999961, -41.158203124999943 ], [ -63.584228515999939, -41.157470703 ], [ -63.588500977000024, -41.157104491999803 ], [ -63.596801757999913, -41.156372069999861 ], [ -63.599121093999884, -41.156311034999874 ], [ -63.601806640999882, -41.156005858999947 ], [ -63.60522460899989, -41.156005858999947 ], [ -63.609191894999867, -41.155822753999985 ], [ -63.614379883000026, -41.15570068400001 ], [ -63.617614745999902, -41.155578612999875 ], [ -63.620605469, -41.15570068400001 ], [ -63.62280273399989, -41.156005858999947 ], [ -63.628112792999957, -41.155883788999972 ], [ -63.635314941, -41.155883788999972 ], [ -63.646118163999745, -41.156005858999947 ], [ -63.648925780999946, -41.156616210999914 ], [ -63.651916503999871, -41.156982421999828 ], [ -63.654907226999967, -41.156982421999828 ], [ -63.65789794899996, -41.156921386999841 ], [ -63.662475585999914, -41.157104491999803 ], [ -63.666687011999954, -41.156982421999828 ], [ -63.66937255900001, -41.156982421999828 ], [ -63.674377440999876, -41.157409668000014 ], [ -63.677429198999789, -41.156982421999828 ], [ -63.680725097999982, -41.157226562999881 ], [ -63.68420410199991, -41.157409668000014 ], [ -63.687499999999829, -41.157897948999903 ], [ -63.6906127929999, -41.157592772999976 ], [ -63.693176269999753, -41.157287597999868 ], [ -63.697082519999924, -41.157287597999868 ], [ -63.699401854999962, -41.157104491999803 ], [ -63.701904296999885, -41.157226562999881 ], [ -63.704101562999881, -41.157104491999803 ], [ -63.707214354999962, -41.157226562999881 ], [ -63.710205077999888, -41.157104491999803 ], [ -63.716003418000014, -41.157409668000014 ], [ -63.723083495999902, -41.157409668000014 ], [ -63.725097656, -41.157409668000014 ], [ -63.727172852000024, -41.157409668000014 ], [ -63.729309081999872, -41.157226562999881 ], [ -63.731384276999961, -41.157104491999803 ], [ -63.735900878999928, -41.157470703 ], [ -63.738098144999753, -41.157409668000014 ], [ -63.740112305000025, -41.157714843999941 ], [ -63.742675780999946, -41.157714843999941 ], [ -63.745605468999884, -41.157775878999928 ], [ -63.748718261999954, -41.157592772999976 ], [ -63.751281737999875, -41.157897948999903 ], [ -63.756225585999914, -41.158386229999905 ], [ -63.760498046999771, -41.15881347699991 ], [ -63.765502929999968, -41.158996581999872 ], [ -63.771789550999756, -41.159790038999972 ], [ -63.774597167999957, -41.160278319999861 ], [ -63.777221679999798, -41.160400390999939 ], [ -63.778808593999827, -41.160217284999874 ], [ -63.780090331999986, -41.159729003999985 ], [ -63.783691405999889, -41.159179688 ], [ -63.785827636999954, -41.158996581999872 ], [ -63.78857421899977, -41.158996581999872 ], [ -63.791076659999874, -41.158386229999905 ], [ -63.793212890999882, -41.156982421999828 ], [ -63.795593261999841, -41.156616210999914 ], [ -63.797790526999904, -41.156005858999947 ], [ -63.799011229999849, -41.155212402000018 ], [ -63.801391601999967, -41.154174804999968 ], [ -63.8038940429999, -41.153320312999881 ], [ -63.807312011999898, -41.152526854999962 ], [ -63.809204101999796, -41.151428222999812 ], [ -63.811889647999863, -41.150878905999946 ], [ -63.814392089999956, -41.150390624999943 ], [ -63.816589354999962, -41.149719237999989 ], [ -63.82000732399996, -41.148681640999939 ], [ -63.823486327999944, -41.147705077999888 ], [ -63.82598876999981, -41.146911620999958 ], [ -63.827209472999982, -41.145996093999884 ], [ -63.828613280999889, -41.145324706999929 ], [ -63.830078124999829, -41.145324706999929 ], [ -63.831481933999896, -41.145080565999876 ], [ -63.832885741999974, -41.144287108999947 ], [ -63.836303710999971, -41.143127440999933 ], [ -63.837829590000013, -41.143127440999933 ], [ -63.841186522999863, -41.143127440999933 ], [ -63.843872069999861, -41.142700194999918 ], [ -63.847595214999899, -41.142517089999956 ], [ -63.849609375, -41.141784667999843 ], [ -63.851989745999958, -41.141113280999889 ], [ -63.854797362999818, -41.140808104999962 ], [ -63.857482909999817, -41.140014647999863 ], [ -63.858886718999884, -41.139404296999885 ], [ -63.86077880900001, -41.138977050999983 ], [ -63.862792968999884, -41.138793944999861 ], [ -63.865905761999841, -41.138305663999859 ], [ -63.867980956999872, -41.137817382999856 ], [ -63.869689940999876, -41.137695312999881 ], [ -63.871093749999773, -41.137390136999954 ], [ -63.874389647999806, -41.135681151999961 ], [ -63.877197265999826, -41.134521484 ], [ -63.878295897999806, -41.13391113299997 ], [ -63.880310058999896, -41.133483886999954 ], [ -63.882385253999928, -41.132507323999903 ], [ -63.883789063, -41.131591797 ], [ -63.884704589999899, -41.130798339999899 ], [ -63.88647460899989, -41.130493163999859 ], [ -63.888488769999753, -41.129089354999962 ], [ -63.889099120999958, -41.128295897999863 ], [ -63.890197753999757, -41.127807616999974 ], [ -63.891906737999761, -41.126708983999833 ], [ -63.893188476999853, -41.125183104999905 ], [ -63.894775390999882, -41.124389647999863 ], [ -63.896911620999958, -41.122619628999871 ], [ -63.897888183999839, -41.120910644999867 ], [ -63.898010253999814, -41.119079589999899 ], [ -63.899475097999868, -41.117187499999943 ], [ -63.900695800999983, -41.114501952999944 ], [ -63.901306151999961, -41.113403319999918 ], [ -63.901489257999913, -41.112609862999989 ], [ -63.903015136999784, -41.11022949199986 ], [ -63.905090331999872, -41.108703612999989 ], [ -63.907409668000014, -41.106384277000018 ], [ -63.908386229999905, -41.104980468999884 ], [ -63.909912108999947, -41.103515625 ], [ -63.912170409999931, -41.101989745999958 ], [ -63.912902831999872, -41.101013183999896 ], [ -63.914489745999902, -41.099792479999962 ], [ -63.916503905999832, -41.098388671999885 ], [ -63.91741943400001, -41.097290038999859 ], [ -63.918090819999861, -41.096008300999927 ], [ -63.919799804999798, -41.09460449199986 ], [ -63.922607422, -41.092102050999927 ], [ -63.926696776999961, -41.089477538999859 ], [ -63.92858886699986, -41.088684081999929 ], [ -63.930297852000024, -41.087585448999903 ], [ -63.933410644999753, -41.085510253999871 ], [ -63.940124511999954, -41.081787109 ], [ -63.944885253999871, -41.0792846679999 ], [ -63.947387694999975, -41.078002929999911 ], [ -63.950500487999875, -41.076416015999882 ], [ -63.958496094, -41.07312011699986 ], [ -63.968872069999748, -41.069885253999985 ], [ -63.977478026999847, -41.066894530999889 ], [ -63.981384276999904, -41.065612792999957 ], [ -63.985107421999942, -41.064392089999956 ], [ -63.987121581999816, -41.063598633000026 ], [ -63.990295409999874, -41.062377929999911 ], [ -63.994018554999911, -41.060913085999857 ], [ -63.995910644999867, -41.060729979999905 ], [ -64.002075194999918, -41.058593749999886 ], [ -64.006591796999885, -41.05718994099982 ], [ -64.01428222699991, -41.055175780999889 ], [ -64.023315429999911, -41.052490234 ], [ -64.028198241999974, -41.051025390999939 ], [ -64.034301757999799, -41.049011229999905 ], [ -64.041809081999929, -41.046997069999975 ], [ -64.047180175999983, -41.045715331999872 ], [ -64.053100585999914, -41.044311522999806 ], [ -64.058227538999859, -41.042907715000013 ], [ -64.061584472999868, -41.041809081999872 ], [ -64.065002440999876, -41.040893554999911 ], [ -64.068603515999769, -41.039794921999942 ], [ -64.072387694999861, -41.039001465000013 ], [ -64.07788085899989, -41.037475585999971 ], [ -64.083190917999957, -41.036621093999884 ], [ -64.086975097999812, -41.035217284999987 ], [ -64.090881347999868, -41.034301757999913 ], [ -64.095581054999968, -41.033386230000019 ], [ -64.097900390999939, -41.032897948999846 ], [ -64.101196288999972, -41.032287597999982 ], [ -64.107116698999846, -41.030700683999953 ], [ -64.114379883000026, -41.030090331999986 ], [ -64.113281249999886, -41.028625487999932 ], [ -64.110778808999953, -41.028198241999917 ], [ -64.109374999999886, -41.027404784999817 ], [ -64.106811522999976, -41.026489257999913 ], [ -64.103698729999905, -41.026000977000024 ], [ -64.099304199000017, -41.024902343999884 ], [ -64.096191405999946, -41.024902343999884 ], [ -64.094299315999876, -41.025390624999886 ], [ -64.09039306599982, -41.026611327999888 ], [ -64.087097167999787, -41.026611327999888 ], [ -64.083190917999957, -41.026611327999888 ], [ -64.08178710899989, -41.026672362999875 ], [ -64.080993651999961, -41.025085448999846 ], [ -64.081909180000025, -41.023986816 ], [ -64.081604003999757, -41.021301269999924 ], [ -64.082519531, -41.020812987999932 ], [ -64.085388183999783, -41.021484374999886 ], [ -64.086120604999962, -41.020019531 ], [ -64.087097167999787, -41.018981933999953 ], [ -64.087097167999787, -41.017822265999939 ], [ -64.087890624999886, -41.01647949199986 ], [ -64.088684081999816, -41.015808104999905 ], [ -64.089294433999839, -41.014709472999868 ], [ -64.090576171999942, -41.013977050999927 ], [ -64.09350585899989, -41.01312255900001 ], [ -64.095214843999884, -41.011901854999905 ], [ -64.096008300999983, -41.010375976999853 ], [ -64.097473144999867, -41.010192870999902 ], [ -64.099182128999871, -41.010986328 ], [ -64.1007690429999, -41.010498046999828 ], [ -64.102111815999876, -41.009704589999899 ], [ -64.102294921999771, -41.008178710999857 ], [ -64.10412597699991, -41.007019043000014 ], [ -64.103820800999813, -41.005676269999867 ], [ -64.100891112999875, -41.004272460999971 ], [ -64.099975585999971, -41.003784179999968 ], [ -64.098510741999746, -41.002929687999881 ], [ -64.098876953, -41.001770019999867 ], [ -64.099975585999971, -41.00140380900001 ], [ -64.102294921999771, -41.002685546999942 ], [ -64.104187011999898, -41.003417968999884 ], [ -64.109008788999972, -41.007385253999871 ], [ -64.10906982399996, -41.009826659999874 ], [ -64.106994628999871, -41.012084960999857 ], [ -64.103576659999931, -41.013916015999939 ], [ -64.097717284999987, -41.016113280999832 ], [ -64.095703124999943, -41.017211913999972 ], [ -64.095886229999905, -41.018676758000026 ], [ -64.097900390999939, -41.018920897999976 ], [ -64.10021972699991, -41.019592284999931 ], [ -64.102294921999771, -41.020690917999957 ], [ -64.105712890999939, -41.021789550999813 ], [ -64.109619140999939, -41.022094727000024 ], [ -64.111999511999898, -41.022888183999953 ], [ -64.114196776999961, -41.023010253999928 ], [ -64.121582030999889, -41.022705078 ], [ -64.127685546999942, -41.022583008000026 ], [ -64.132812499999886, -41.022705078 ], [ -64.13842773399989, -41.022094727000024 ], [ -64.143798827999831, -41.020507813 ], [ -64.150024413999972, -41.018798828 ], [ -64.153686522999863, -41.018371581999986 ], [ -64.154785155999889, -41.017883300999927 ], [ -64.158996581999816, -41.017211913999972 ], [ -64.161987304999911, -41.016418456999872 ], [ -64.164489746000015, -41.01617431599982 ], [ -64.167297362999818, -41.01617431599982 ], [ -64.170104980000019, -41.016113280999832 ], [ -64.171508788999915, -41.01538085899989 ], [ -64.17297363299997, -41.015075683999953 ], [ -64.1749877929999, -41.014709472999868 ], [ -64.177185058999896, -41.013793944999861 ], [ -64.182678222999925, -41.013793944999861 ], [ -64.185485839999899, -41.014099120999902 ], [ -64.188110351999967, -41.013977050999927 ], [ -64.189086913999859, -41.013916015999939 ], [ -64.190124511999898, -41.013305663999972 ], [ -64.192687987999818, -41.012207030999832 ], [ -64.195495604999962, -41.01147460899989 ], [ -64.198486327999888, -41.011169433999953 ], [ -64.201110839999956, -41.011169433999953 ], [ -64.203491210999914, -41.010375976999853 ], [ -64.204284668000014, -41.010314940999876 ], [ -64.206176757999913, -41.009826659999874 ], [ -64.207519530999889, -41.008789062999824 ], [ -64.206176757999913, -41.008605956999872 ], [ -64.206909179999911, -41.007080078 ], [ -64.208801269999981, -41.006286620999902 ], [ -64.211914062999881, -41.005004882999913 ], [ -64.212891397502972, -41.004605064141003 ], [ -64.221128449758737, -40.99264435873846 ], [ -64.227381612469742, -40.987374725277732 ], [ -64.232336729585995, -40.9698797304697 ], [ -64.232315447739154, -40.969886202695989 ], [ -64.236604681652977, -40.965856483160792 ], [ -64.242863812194912, -40.959651382751645 ], [ -64.267821587543892, -40.914396562037552 ], [ -64.26786349673705, -40.914384153935089 ], [ -64.287555279225785, -40.915026006852656 ], [ -64.306283429852442, -40.906448546843194 ], [ -64.306303094178702, -40.906475794746598 ], [ -64.306315497842661, -40.906472022549622 ], [ -64.306352081500904, -40.906446251961995 ], [ -64.322521542847369, -40.899304695996932 ], [ -64.336826385677114, -40.857713697308839 ], [ -64.336327497292473, -40.854957180620886 ], [ -64.335236317780584, -40.853208771981599 ], [ -64.347660454054221, -40.785384337248558 ], [ -64.365235184049709, -40.781951078508143 ], [ -64.395667368927491, -40.78977813283268 ], [ -64.401264896134194, -40.787685971230871 ], [ -64.401327848512153, -40.787686639035371 ], [ -64.40868033424772, -40.782763761862611 ], [ -64.42238954779566, -40.793479581738836 ], [ -64.4267071546181, -40.790386808938308 ], [ -64.434477353883381, -40.7879020285921 ], [ -64.434500510977045, -40.787915507738262 ], [ -64.435354240556251, -40.796470623449409 ], [ -64.481747162904639, -40.822941985441503 ], [ -64.481772526229747, -40.822933544564535 ], [ -64.481821356076694, -40.822946974280967 ], [ -64.484464806190829, -40.820773548808575 ], [ -64.488669143972857, -40.815759035977294 ], [ -64.490250816286448, -40.813583642929473 ], [ -64.490270538395976, -40.813571363309734 ], [ -64.494346662349187, -40.809730355323154 ], [ -64.529526178794811, -40.794635858473441 ], [ -64.529532293553189, -40.79463280656131 ], [ -64.529856288182884, -40.794327473583223 ], [ -64.529862356968181, -40.794324642735489 ], [ -64.529903797811301, -40.794290742422163 ], [ -64.529910111428762, -40.79428855026174 ], [ -64.529926269194277, -40.794275954733223 ], [ -64.529932674581289, -40.794274050522858 ], [ -64.530619089671461, -40.794303950161236 ], [ -64.530691370756017, -40.794304648085983 ], [ -64.530698064771343, -40.794302931678089 ], [ -64.535524312321854, -40.796300364684555 ], [ -64.535590534044331, -40.796309829685583 ], [ -64.535599313156524, -40.796308012510224 ], [ -64.535669543640381, -40.796308754732308 ], [ -64.536185723828794, -40.79637193827142 ], [ -64.536194685144494, -40.796370166599445 ], [ -64.537861136889262, -40.796128305347793 ], [ -64.538372776490178, -40.795542861009494 ], [ -64.53838149890305, -40.795540243716346 ], [ -64.540829758439202, -40.796053753724436 ], [ -64.556001625780937, -40.787925678364388 ], [ -64.551149445754902, -40.7848208749989 ], [ -64.551144024937855, -40.784799078479182 ], [ -64.564436991272203, -40.750894156291054 ], [ -64.566692931116563, -40.749223213177061 ], [ -64.580498417443664, -40.742894364803135 ], [ -64.585696215510382, -40.745956087142531 ], [ -64.585753209949303, -40.74596033316385 ], [ -64.58847933703089, -40.747563665335178 ], [ -64.618015889712808, -40.734397306628239 ], [ -64.618040618020302, -40.734377198612435 ], [ -64.62054930942071, -40.731930876977117 ], [ -64.620593016207238, -40.73191922103058 ], [ -64.647954942750971, -40.728437065536411 ], [ -64.689587482278512, -40.724398943327458 ], [ -64.695949246097541, -40.72378188549834 ], [ -64.698412926646881, -40.728199551206785 ], [ -64.704534794770154, -40.740545937640547 ], [ -64.712861733312309, -40.75680501156944 ], [ -64.718256502063866, -40.768219434907451 ], [ -64.719501650313987, -40.76628118923901 ], [ -64.72068547412681, -40.757270750875421 ], [ -64.720685241939464, -40.757266487732181 ], [ -64.721497249687104, -40.75365549719703 ], [ -64.725335324620062, -40.736407167258676 ], [ -64.727787683808515, -40.725681962494434 ], [ -64.769036757611104, -40.71746509072932 ], [ -64.777784868523213, -40.715722453060323 ], [ -64.777855687550584, -40.715721050241029 ], [ -64.777856069020004, -40.715728054318504 ], [ -64.785167627491376, -40.715706961919864 ], [ -64.785168408912, -40.715706003852915 ], [ -64.805440053506175, -40.710050656020485 ], [ -64.785370487009118, -40.709812662867478 ], [ -64.781546558713615, -40.703967680007963 ], [ -64.781515363043354, -40.703936852702441 ], [ -64.781481905020087, -40.703968960701275 ], [ -64.749005839226754, -40.694019416747949 ], [ -64.748780162799903, -40.693918129273072 ], [ -64.721122468043234, -40.700311817770228 ], [ -64.721096803873763, -40.700360310966857 ], [ -64.719400859547477, -40.699865859662623 ], [ -64.719333818207076, -40.6998613150202 ], [ -64.718177621284553, -40.699648789423406 ], [ -64.718110811805957, -40.699652872785578 ], [ -64.718100891915071, -40.699655285534959 ], [ -64.716576345015426, -40.699584219834207 ], [ -64.671803491822232, -40.691758677982875 ], [ -64.661780382383995, -40.693667678895565 ], [ -64.661770460901494, -40.693657550195212 ], [ -64.619539211670826, -40.687546632814019 ], [ -64.619481409036041, -40.687546229835561 ], [ -64.614140966843649, -40.684006287299951 ], [ -64.581743323141211, -40.678805110355768 ], [ -64.58173682557009, -40.67878472624966 ], [ -64.583308221327513, -40.666866628136802 ], [ -64.583253357482761, -40.666866211986928 ], [ -64.583246291790033, -40.666842928274548 ], [ -64.545103475317262, -40.658306102894187 ], [ -64.574436927276793, -40.561628279568765 ], [ -64.548386773724303, -40.548781368495611 ], [ -64.613315873434317, -40.433490236297018 ], [ -64.613687984777755, -40.434184602385983 ], [ -64.613715766207974, -40.434208740988367 ], [ -64.624237987487163, -40.440830681397927 ], [ -64.623917571553648, -40.440387795764934 ], [ -64.614753864885415, -40.427339388567191 ], [ -64.61442129749247, -40.425968328986471 ], [ -64.5690381420319, -40.153480614428418 ], [ -64.580042321796611, -40.148502396065282 ], [ -64.580094913416929, -40.14849197841221 ], [ -64.601906471485336, -40.1414766894016 ], [ -64.601959999630537, -40.141463657867121 ], [ -64.607468638187413, -40.131904541633219 ], [ -64.620335811010989, -40.132841072656106 ], [ -64.62039074966026, -40.132826683378937 ], [ -64.646713853377435, -40.120760166755986 ], [ -64.646768952465152, -40.120740252952601 ], [ -64.649651617895245, -40.09313377223782 ], [ -64.658541223631289, -40.087742863439985 ], [ -64.667596072517711, -40.082251761875227 ], [ -64.661094333389144, -40.075704817702217 ], [ -64.682974109026702, -40.063502654896979 ], [ -64.683038668421887, -40.063473448443006 ], [ -64.789601215627044, -40.008370392893198 ], [ -64.801176421980642, -40.002176472874453 ], [ -64.882489146394335, -39.960338416239551 ], [ -64.842530766443815, -39.966070502782202 ], [ -64.779642655858936, -39.966976561774743 ], [ -64.696642253523748, -39.963626269898214 ], [ -64.669955640112107, -39.964098394577036 ], [ -64.66927726701698, -39.964431029706589 ], [ -64.667264311778752, -39.965689092294838 ], [ -64.664841246743094, -39.966170167084897 ], [ -64.664833210724623, -39.966176074206714 ], [ -64.651451209853974, -39.961802146722505 ], [ -64.646322364310436, -39.957941878833708 ], [ -64.619117232064525, -39.935852715546844 ], [ -64.482603541946162, -39.872745675906231 ], [ -64.482603144343329, -39.872682083190341 ], [ -64.479985180373262, -39.868987254090825 ], [ -64.479952138714452, -39.868955226009689 ], [ -64.476994005498739, -39.867327627945883 ], [ -64.436544427186277, -39.791105787430809 ], [ -64.425484785506399, -39.844932286424353 ], [ -64.394745219554238, -39.871994257085817 ], [ -64.394779368360162, -39.8720218743087 ], [ -64.394779897148851, -39.872045125898239 ], [ -64.393857460223217, -39.873391062033136 ], [ -64.408615080298091, -39.886051847170393 ], [ -64.408623268261124, -39.886085873045488 ], [ -64.408644245462597, -39.886107287611082 ], [ -64.394112211052459, -39.931790802463468 ], [ -64.394105543445619, -39.931792678128318 ], [ -64.379261078913544, -39.957137632015758 ], [ -64.355664346504796, -39.984301179317299 ], [ -64.230974497699322, -40.127838743531584 ], [ -64.189546708683338, -40.146553134858436 ], [ -64.184325296192014, -40.148622091233506 ], [ -64.17933895805146, -40.151557259465619 ], [ -64.178220107849029, -40.151028490776469 ], [ -64.178210003491415, -40.151029122902798 ], [ -64.177421046583959, -40.15096231026746 ], [ -64.177357926871139, -40.150987770791914 ], [ -64.12552025814, -40.170337955718821 ], [ -64.087364217741481, -40.172191017565467 ], [ -63.873225686137005, -40.182590707059205 ], [ -63.771977478221004, -40.184530936677049 ], [ -63.771944600378049, -40.184550215753063 ], [ -63.771923320405449, -40.184582453175608 ], [ -63.772145296116321, -40.186117048933966 ], [ -63.772113252252666, -40.186141733438205 ], [ -63.763789354166931, -40.18474213884366 ], [ -63.659375606436583, -40.327030001819026 ], [ -63.659308009553797, -40.326989907838708 ], [ -63.640835186251593, -40.206094265186152 ], [ -63.522819686209118, -40.213133869650392 ], [ -63.436941008978351, -40.201801372476723 ], [ -63.418237686483224, -40.177265945505553 ], [ -63.418237861671628, -40.177224402846662 ], [ -63.399509769161114, -40.152486896910602 ], [ -63.381449033989384, -40.129002052436704 ], [ -63.381432863312568, -40.128986134719241 ], [ -63.377631849760917, -40.133969157732679 ], [ -63.357000914987736, -40.122610398585152 ], [ -63.356574798463555, -40.1156018241482 ], [ -63.370998969958805, -40.090449035896313 ], [ -63.375051405847444, -40.087308571851793 ], [ -63.375585548004437, -40.086541986956945 ], [ -63.3787497427208, -40.078899545348122 ], [ -63.378732531040271, -40.078890960444767 ], [ -63.380174309711833, -40.074532019027629 ], [ -63.38020203109528, -40.074476535738427 ], [ -63.367505729545769, -40.077704518705957 ], [ -63.367271712963657, -40.077748999699224 ], [ -63.361371292070487, -40.075183967418354 ], [ -63.361371129893257, -40.075223412526327 ], [ -63.319584179494427, -40.076778327934846 ], [ -63.310012713366291, -40.079579182406746 ], [ -63.309980190018962, -40.079566941768633 ], [ -63.309946416738569, -40.079540560812575 ], [ -63.282878926405601, -40.096393882929192 ], [ -63.272060050965933, -40.118774631553777 ], [ -63.26777535398088, -40.130200290703783 ], [ -63.256835678258085, -40.125741944718072 ], [ -63.222066085277845, -40.113897256588643 ], [ -63.211545140805242, -40.116518621112391 ], [ -63.202668588527501, -40.112397560544309 ], [ -63.199433610675612, -40.108342347307484 ], [ -63.20359415151205, -40.094765409717695 ], [ -63.181097301757404, -40.037767731035274 ], [ -63.196359610821276, -40.001595094724564 ], [ -63.211389598005098, -39.997753463372874 ], [ -63.22404296678053, -39.981355346737018 ], [ -63.229375809555108, -39.977254745595246 ], [ -63.255558368923857, -39.956110273253955 ], [ -63.258181417400237, -39.948151640845992 ], [ -63.259211250579938, -39.932146429130114 ], [ -63.256906721732832, -39.923438544930832 ], [ -63.257948332387002, -39.919354436089122 ], [ -63.257997032476283, -39.91931702111134 ], [ -63.258917003309421, -39.915814972646331 ], [ -63.258913738856791, -39.915779029178395 ], [ -63.260775471261468, -39.908615489517672 ], [ -63.250722857527137, -39.910367408212494 ], [ -63.250666185696446, -39.910411163798472 ], [ -63.245228737216621, -39.911320305144784 ], [ -63.238465400929499, -39.912493008386036 ], [ -63.238415974815553, -39.91253101329994 ], [ -63.213167130933755, -39.917452749030986 ], [ -63.191811128123618, -39.921346290246106 ], [ -63.085930864967054, -39.860973124153588 ], [ -63.039158797708922, -39.823443121267815 ], [ -63.004004231639897, -39.789551138776801 ], [ -62.908907353708287, -39.66908856061616 ], [ -62.908193499639651, -39.664992568901198 ], [ -62.901033241206903, -39.623907957671406 ], [ -62.898524938693924, -39.621765040639673 ], [ -62.898172631979264, -39.617710121773655 ], [ -62.898104976402863, -39.617700620275571 ], [ -62.895734602660298, -39.617481607536149 ], [ -62.895564172186312, -39.617528390375014 ], [ -62.895473846203515, -39.617547679890777 ], [ -62.888600754532263, -39.618967611115579 ], [ -62.887112630395904, -39.619053905953479 ], [ -62.886653029123238, -39.619080531761085 ], [ -62.885729359660616, -39.619134047454565 ], [ -62.885676462719289, -39.619093055487781 ], [ -62.882741399906593, -39.614426976612322 ], [ -62.883902534452773, -39.599942000874591 ], [ -62.883873797023739, -39.599919724627171 ], [ -62.883909628135143, -39.599849786994014 ], [ -62.88388109249189, -39.599827694478336 ], [ -62.884871293077651, -39.587634166606392 ], [ -62.881435089844501, -39.578624221887594 ], [ -62.880323058364638, -39.575607393191035 ], [ -62.882379206151882, -39.55792362393106 ], [ -62.882384194863107, -39.557906924043834 ], [ -62.883222044238664, -39.557303863673837 ], [ -62.885221385374621, -39.555864789463271 ], [ -62.888095957304245, -39.543425498179772 ], [ -62.887612072646391, -39.543409753104925 ], [ -62.875465487955523, -39.548401321974723 ], [ -62.875442351900574, -39.548415647061518 ], [ -62.87099951920942, -39.549470369654614 ], [ -62.870967983111711, -39.549489780200588 ], [ -62.870905132973689, -39.549492792434762 ], [ -62.870872357411372, -39.54951033594017 ], [ -62.863510690649832, -39.552111098051796 ], [ -62.850698328621377, -39.552298338006892 ], [ -62.840754231832307, -39.548160553892785 ], [ -62.849145489461421, -39.521803104424919 ], [ -62.849201166815703, -39.52179087335054 ], [ -62.849288772519913, -39.521681376108518 ], [ -62.854160057628178, -39.520427423456226 ], [ -62.854431458965848, -39.503537100284234 ], [ -62.85877687581052, -39.47054804923539 ], [ -62.847615350707599, -39.468573234443966 ], [ -62.847589243566176, -39.468553234310036 ], [ -62.840587605685585, -39.467343808366934 ], [ -62.840375834535109, -39.467311626461878 ], [ -62.84035375242064, -39.467295387768218 ], [ -62.83416439323139, -39.466218968580904 ], [ -62.834146357896827, -39.466205163454617 ], [ -62.831885688715374, -39.462450970075452 ], [ -62.831865598923571, -39.462435572233744 ], [ -62.821588305975183, -39.462040940585325 ], [ -62.790443878045949, -39.454916465688655 ], [ -62.773932371257445, -39.426700842235732 ], [ -62.778219832097761, -39.419408626738345 ], [ -62.778267003385622, -39.419334514072489 ], [ -62.778314582629093, -39.419298637296549 ], [ -62.778332655037104, -39.419224027884752 ], [ -62.778379777391024, -39.41918727649977 ], [ -62.785250750857756, -39.407489670461644 ], [ -62.786307681232358, -39.40631302124342 ], [ -62.786302122199402, -39.406308751232757 ], [ -62.786262055838392, -39.405767961838251 ], [ -62.78519995429383, -39.40572448837554 ], [ -62.784489826601543, -39.406457463728032 ], [ -62.773717122284324, -39.410648669957311 ], [ -62.769554401456901, -39.41199829216589 ], [ -62.769497504085393, -39.412000069111059 ], [ -62.758303894615722, -39.387296640950638 ], [ -62.766191757805473, -39.383739736203381 ], [ -62.759218444852877, -39.370781800234795 ], [ -62.759166733355471, -39.370779454018759 ], [ -62.758397163460302, -39.370959940136288 ], [ -62.758381011846893, -39.370947612547752 ], [ -62.758384962029936, -39.369447088503989 ], [ -62.746974884999702, -39.368966036135532 ], [ -62.746944226454502, -39.368942164845464 ], [ -62.732880412333827, -39.355523448546535 ], [ -62.732888620295626, -39.355337292977595 ], [ -62.732838206786596, -39.355297651614194 ], [ -62.732471540530298, -39.355011713108581 ], [ -62.732434311954989, -39.355005716297796 ], [ -62.732434179343898, -39.355005614035235 ], [ -62.72986863660833, -39.354586771518484 ], [ -62.723217858022508, -39.350524290233523 ], [ -62.719687568180461, -39.348812345411261 ], [ -62.719645522551048, -39.348845262107773 ], [ -62.719687196270115, -39.350210287489006 ], [ -62.719649521663484, -39.350240036694061 ], [ -62.717596534556662, -39.349476027968365 ], [ -62.717212869368893, -39.349333243205479 ], [ -62.716496665220518, -39.34906671134047 ], [ -62.711960208430241, -39.348227470673919 ], [ -62.713418978990831, -39.342165392583581 ], [ -62.713433712816141, -39.342153758232769 ], [ -62.713888103671025, -39.342151647529761 ], [ -62.713906537574474, -39.342151653372014 ], [ -62.714413608517134, -39.339110298497587 ], [ -62.714396824631308, -39.339097260338406 ], [ -62.715404378807136, -39.330512601944406 ], [ -62.71540430584497, -39.330495119120485 ], [ -62.715109283472998, -39.326026379549376 ], [ -62.714719941902388, -39.320981776633914 ], [ -62.714676392455601, -39.320708618848982 ], [ -62.701906472293103, -39.320011831739293 ], [ -62.695812196207839, -39.320014103573385 ], [ -62.695788878355359, -39.320032319442021 ], [ -62.684947087106764, -39.31859267999198 ], [ -62.684907601375471, -39.318376148705909 ], [ -62.683463889661823, -39.318314194612697 ], [ -62.681145029217021, -39.318871704614139 ], [ -62.68112397280521, -39.318869724394858 ], [ -62.681121954778462, -39.31888943180752 ], [ -62.680200785093859, -39.318989078111883 ], [ -62.680187445626018, -39.318999151837829 ], [ -62.680174202245041, -39.318992376033236 ], [ -62.680161235492733, -39.31900236252369 ], [ -62.678685053722518, -39.317675831152826 ], [ -62.675577980952141, -39.30018832889499 ], [ -62.672390803264875, -39.300057535347776 ], [ -62.672335040040593, -39.300014454222037 ], [ -62.672173116384613, -39.300048784491764 ], [ -62.672117719807943, -39.300005993128309 ], [ -62.663259120055102, -39.302007245778043 ], [ -62.659186783948371, -39.299532748159606 ], [ -62.659153470810963, -39.299506936740443 ], [ -62.658548062638147, -39.299504530768331 ], [ -62.658515919148556, -39.299479459377324 ], [ -62.642747403678698, -39.294958257804183 ], [ -62.642535569174072, -39.292327040672262 ], [ -62.642500101837982, -39.292299461820448 ], [ -62.642488750344114, -39.292267124376622 ], [ -62.642509205412125, -39.292134039870177 ], [ -62.642473504567022, -39.292106307738209 ], [ -62.644370412071794, -39.285675918008565 ], [ -62.640695765420105, -39.272497953627919 ], [ -62.64069577922595, -39.272454126169123 ], [ -62.640209158998346, -39.271825422830034 ], [ -62.640547925377746, -39.270200543618955 ], [ -62.640344893401732, -39.267125852240497 ], [ -62.640292378904178, -39.267085098454515 ], [ -62.637421700312814, -39.260302459993682 ], [ -62.634360245629978, -39.248839710674986 ], [ -62.630896615026302, -39.245881840194613 ], [ -62.619032392667634, -39.241283138891561 ], [ -62.619020879962704, -39.241292151384982 ], [ -62.618998387575289, -39.241270046867555 ], [ -62.618986993685553, -39.241278911363167 ], [ -62.617308864318886, -39.240629194084704 ], [ -62.617112094764821, -39.240666554740699 ], [ -62.617104387034715, -39.240660706542712 ], [ -62.617066590546528, -39.24054112606899 ], [ -62.617048781535914, -39.240532689252234 ], [ -62.61640209821411, -39.240593194887765 ], [ -62.616392604284897, -39.240585601867224 ], [ -62.61637856898426, -39.24026015322346 ], [ -62.616326729894524, -39.239847694396644 ], [ -62.616323485898761, -39.239838882178049 ], [ -62.602463215469356, -39.234277269899849 ], [ -62.60128597308784, -39.233179600531741 ], [ -62.599867461616611, -39.231300097972394 ], [ -62.599738381495627, -39.231010283966611 ], [ -62.598817529896905, -39.228222859043399 ], [ -62.595425342172064, -39.222589429514414 ], [ -62.595412031177716, -39.222553107653425 ], [ -62.59344914489742, -39.215596088960524 ], [ -62.593435830565397, -39.215549047101774 ], [ -62.591526480328639, -39.204428133749332 ], [ -62.591553132353852, -39.201497953105616 ], [ -62.591533942929573, -39.201424203499982 ], [ -62.590174744790488, -39.199335644773669 ], [ -62.588919274924024, -39.198558446044046 ], [ -62.587927546934395, -39.196890072927658 ], [ -62.587916837884734, -39.196853866002925 ], [ -62.583964961797165, -39.190294026690651 ], [ -62.584896490255403, -39.195970087194723 ], [ -62.5848717498165, -39.196013089186124 ], [ -62.58368869970883, -39.197020845212478 ], [ -62.583817379636344, -39.198360017602965 ], [ -62.583731448471667, -39.201947730296297 ], [ -62.58373444403378, -39.202740352133219 ], [ -62.583748127980527, -39.202782515887975 ], [ -62.586336524711612, -39.20319114900974 ], [ -62.588311006316076, -39.211688330755351 ], [ -62.588296969178828, -39.211735897973256 ], [ -62.58255901167621, -39.2199677450987 ], [ -62.58222830850093, -39.222530692901216 ], [ -62.581557528775591, -39.223945697997692 ], [ -62.581508736435921, -39.223983548196486 ], [ -62.577863613072054, -39.224017830729395 ], [ -62.577876519062102, -39.23078186413511 ] ] ], [ [ [ -63.06109619099982, -41.145690917999843 ], [ -63.061871473538588, -41.145690917999843 ], [ -63.059784220356562, -41.144830722579172 ], [ -63.038558247229446, -41.136083109578919 ], [ -63.03851318400001, -41.136413573999903 ], [ -63.039611815999876, -41.13702392599987 ], [ -63.041809081999872, -41.138427734 ], [ -63.043701171999828, -41.140197753999814 ], [ -63.046997069999861, -41.140991210999914 ], [ -63.048889159999817, -41.141784667999843 ], [ -63.050903319999861, -41.142517089999956 ], [ -63.053283691, -41.143981933999839 ], [ -63.055786132999913, -41.144287108999947 ], [ -63.058288574000017, -41.145080565999876 ], [ -63.06109619099982, -41.145690917999843 ] ] ], [ [ [ -63.16897818742251, -41.156456233348365 ], [ -63.164442422704269, -41.157619770485667 ], [ -63.166992187999881, -41.157775878999928 ], [ -63.169494628999985, -41.157287597999868 ], [ -63.171997069999918, -41.157226562999881 ], [ -63.174072265999939, -41.157592772999976 ], [ -63.177909828390568, -41.15787085748201 ], [ -63.16897818742251, -41.156456233348365 ] ] ], [ [ [ -63.266589765029437, -41.157032775214418 ], [ -63.240219058241962, -41.15843842610974 ], [ -63.243103026999961, -41.158691405999832 ], [ -63.247070312999938, -41.158081054999968 ], [ -63.255310058999783, -41.157775878999928 ], [ -63.25762939499981, -41.157897948999903 ], [ -63.260803222999868, -41.157897948999903 ], [ -63.265075683999896, -41.157592772999976 ], [ -63.268798827999831, -41.157409668000014 ], [ -63.272216796999771, -41.157592772999976 ], [ -63.276184081999816, -41.157470703 ], [ -63.279907226999853, -41.157409668000014 ], [ -63.28210449199986, -41.157287597999868 ], [ -63.28330153142673, -41.156804581964082 ], [ -63.266664153330112, -41.157027578881809 ], [ -63.266589765029437, -41.157032775214418 ] ] ], [ [ [ -63.233637158087902, -41.158874511999898 ], [ -63.237609862999932, -41.158874511999898 ], [ -63.239180320244998, -41.158493794477693 ], [ -63.238418469576402, -41.158534403782653 ], [ -63.233637158087902, -41.158874511999898 ] ] ] ] } },
{ "type": "Feature", "properties": { "Name": "VDM : 0 - 60", "FromBreak": 0.0, "ToBreak": 60.0, "IATA": "VDM" }, "geometry": { "type": "MultiPolygon", "coordinates": [ [ [ [ -62.644811152126636, -40.130159846666686 ], [ -62.644664718820252, -40.151919094257892 ], [ -62.640637974022923, -40.162056943711491 ], [ -62.639813409500107, -40.16316254341092 ], [ -62.637431061156292, -40.167971079903396 ], [ -62.637394194218587, -40.167999282253277 ], [ -62.630008505727403, -40.168475597748227 ], [ -62.628511689248739, -40.168624614486532 ], [ -62.626002395873059, -40.168630180534365 ], [ -62.625947109338256, -40.168584488941008 ], [ -62.624056855921822, -40.168577468861258 ], [ -62.624056804532131, -40.168609049241127 ], [ -62.624061364210036, -40.168704202117624 ], [ -62.624022314416834, -40.168757195901208 ], [ -62.623148212065189, -40.168678503936235 ], [ -62.622730603436878, -40.168695731409571 ], [ -62.619216162397549, -40.168644614667073 ], [ -62.616816449792736, -40.167365594153694 ], [ -62.616415652700539, -40.166613132455041 ], [ -62.615991520776106, -40.167236416436594 ], [ -62.615943238443663, -40.167328251981587 ], [ -62.615759031916468, -40.167386234410742 ], [ -62.6136221482476, -40.16805887990887 ], [ -62.61199671678412, -40.168574626734483 ], [ -62.608993870493578, -40.177692162646053 ], [ -62.60901923168052, -40.177702010855512 ], [ -62.608183121643663, -40.181383011372702 ], [ -62.608182801035866, -40.18142911614666 ], [ -62.608669740161588, -40.181432085950178 ], [ -62.608669989111945, -40.181480139873599 ], [ -62.60794922310447, -40.182381594796311 ], [ -62.607949628390998, -40.182426749066678 ], [ -62.608341022395678, -40.182456067760313 ], [ -62.608341618896759, -40.182502775934609 ], [ -62.607616762755413, -40.183378775789663 ], [ -62.607617450906389, -40.183422554018875 ], [ -62.606649968355498, -40.184615975582403 ], [ -62.606651608727645, -40.184655789171813 ], [ -62.60623732810501, -40.185198547242294 ], [ -62.610149448600282, -40.18704199578525 ], [ -62.610138797115553, -40.187097414909942 ], [ -62.606123430877972, -40.189506532345604 ], [ -62.606663335882615, -40.189984711219438 ], [ -62.602179811587746, -40.192987353484739 ], [ -62.603823517336423, -40.20421126625746 ], [ -62.601566139036834, -40.207975660049328 ], [ -62.601523776325109, -40.207977691052179 ], [ -62.600493850833345, -40.207959521629391 ], [ -62.600494875625429, -40.207980050849415 ], [ -62.599049733665652, -40.212141994494516 ], [ -62.599049691497328, -40.212158885569181 ], [ -62.603025083495936, -40.212159196846585 ], [ -62.613011700200673, -40.21948247864799 ], [ -62.614626881012782, -40.222781896335164 ], [ -62.614632040172012, -40.222785856046187 ], [ -62.615460062237673, -40.224483892720684 ], [ -62.616062773116482, -40.223898259277803 ], [ -62.616123339271326, -40.22383941031768 ], [ -62.616148148891, -40.223842948241497 ], [ -62.616299995397242, -40.224122225357519 ], [ -62.625185011044721, -40.233497104114178 ], [ -62.625197276138465, -40.23350804501348 ], [ -62.625844677200462, -40.239604573605391 ], [ -62.624465239527581, -40.248838412586906 ], [ -62.624462017110318, -40.248892901394413 ], [ -62.61833698172012, -40.260247704967298 ], [ -62.614775512361177, -40.26665009436681 ], [ -62.614771635533657, -40.266715889648594 ], [ -62.613398048198178, -40.269282466336108 ], [ -62.613119807537259, -40.269694185966046 ], [ -62.613099730324564, -40.269650020038966 ], [ -62.605072770841332, -40.284628379110586 ], [ -62.605112765476576, -40.28462849173934 ], [ -62.60516216743963, -40.284682628229632 ], [ -62.60517288316538, -40.284688353030845 ], [ -62.61200484168063, -40.287933470443647 ], [ -62.621051764012975, -40.284748629057674 ], [ -62.621821078370374, -40.284755718437395 ], [ -62.625571229853108, -40.284745156716212 ], [ -62.625619741145101, -40.284782534447288 ], [ -62.631636780272288, -40.284787884705281 ], [ -62.631646029757405, -40.284795008075776 ], [ -62.631622017090251, -40.292307275197231 ], [ -62.631611304886235, -40.303160602313028 ], [ -62.631560493003519, -40.317919600052505 ], [ -62.634200760393753, -40.325956209119454 ], [ -62.636348261269461, -40.326038852808495 ], [ -62.636405750201902, -40.326082876109979 ], [ -62.644203547142865, -40.327956633120664 ], [ -62.644265936898989, -40.328004534835088 ], [ -62.651535360788671, -40.342405656214225 ], [ -62.652191599989351, -40.365657698227722 ], [ -62.652213151557532, -40.365674245119578 ], [ -62.656459572448114, -40.362751135817859 ], [ -62.656489119066407, -40.362773815747971 ], [ -62.656487937765917, -40.37348628796741 ], [ -62.657157691601412, -40.388124692030601 ], [ -62.657117988565631, -40.388155211090975 ], [ -62.640631218472492, -40.385689427058423 ], [ -62.640631180943046, -40.385675121643089 ], [ -62.620826336310415, -40.391265365260438 ], [ -62.61561526845162, -40.391428501048779 ], [ -62.615566545120089, -40.391465792433166 ], [ -62.610689693012887, -40.400493425233833 ], [ -62.60331795400441, -40.414233549231881 ], [ -62.59800937995891, -40.424427061446579 ], [ -62.597994203037956, -40.424427065112525 ], [ -62.59794327961248, -40.424465868953121 ], [ -62.596300086599342, -40.425283945468891 ], [ -62.596284076573681, -40.425278512176646 ], [ -62.588855387824481, -40.425276431624752 ], [ -62.588855425666452, -40.425254091874365 ], [ -62.580866338243027, -40.427063109805829 ], [ -62.580812346991934, -40.427063615228633 ], [ -62.57219732576425, -40.425436173860987 ], [ -62.572196666088644, -40.42545360370417 ], [ -62.56312892672463, -40.437513318446179 ], [ -62.56248451066557, -40.440588374959702 ], [ -62.562477411253553, -40.440598840278824 ], [ -62.559752673301034, -40.440957466158125 ], [ -62.55993706786802, -40.441495551820822 ], [ -62.559925474665306, -40.441511573336754 ], [ -62.560084220514625, -40.441971513336341 ], [ -62.560073478937682, -40.441986204842465 ], [ -62.560214469746484, -40.442361307761075 ], [ -62.560204778312254, -40.442375184084653 ], [ -62.562387133706068, -40.444583116169895 ], [ -62.563009482100938, -40.444931021255968 ], [ -62.563075701764092, -40.444952100559249 ], [ -62.564057332337313, -40.446159687594843 ], [ -62.565262206440707, -40.445764791155682 ], [ -62.579519537293152, -40.449616460873415 ], [ -62.586943261175804, -40.452580214885415 ], [ -62.592106423251209, -40.453711679642822 ], [ -62.596430429572194, -40.454897171994219 ], [ -62.596455467051328, -40.454905592880095 ], [ -62.600793153733946, -40.456297952548823 ], [ -62.600822314924756, -40.456320213801007 ], [ -62.603916053536011, -40.461523242118005 ], [ -62.603934886816091, -40.461537588701844 ], [ -62.601546388927488, -40.479134680520929 ], [ -62.613865935916067, -40.516618331522352 ], [ -62.615820694354738, -40.515194766872526 ], [ -62.615828248433615, -40.515200509102669 ], [ -62.61579958203555, -40.517299814694354 ], [ -62.615815256957262, -40.517300717803778 ], [ -62.615872749704977, -40.51734456320662 ], [ -62.616100268181128, -40.523079228408108 ], [ -62.616079700827527, -40.523079329356335 ], [ -62.616079738397843, -40.523094863731103 ], [ -62.616036865420028, -40.523094649179768 ], [ -62.617714522134122, -40.528172690005363 ], [ -62.616641914311572, -40.53153820401883 ], [ -62.62376389294684, -40.535690661355886 ], [ -62.62494983169762, -40.533185388324057 ], [ -62.624977588737124, -40.533191546701573 ], [ -62.624424772499196, -40.529198681365244 ], [ -62.624435550000214, -40.529149526604556 ], [ -62.646277054993902, -40.52245437459726 ], [ -62.643932130622943, -40.526826602754909 ], [ -62.65606887444909, -40.55483020566794 ], [ -62.640804579576525, -40.549831386326616 ], [ -62.631377938720448, -40.546912438436209 ], [ -62.631375507710402, -40.546913071280528 ], [ -62.630170223305413, -40.547747200684228 ], [ -62.625643497310023, -40.553188060880473 ], [ -62.611536431846503, -40.584250265490994 ], [ -62.611544091212636, -40.584295396232278 ], [ -62.586775786767703, -40.618320568644265 ], [ -62.586540782996394, -40.619416276716095 ], [ -62.603779916919734, -40.621633844626672 ], [ -62.603822807166694, -40.621666753319857 ], [ -62.613727706257691, -40.648583337761238 ], [ -62.613041904144268, -40.649057761055587 ], [ -62.612592389353267, -40.662630695697146 ], [ -62.612694012718578, -40.663692013746243 ], [ -62.606960687261164, -40.721013557109416 ], [ -62.593024881608585, -40.747167378961763 ], [ -62.604355723336937, -40.749346019009238 ], [ -62.604398836506391, -40.749379074540968 ], [ -62.610916623434889, -40.750607711434156 ], [ -62.610956004982768, -40.750637902390906 ], [ -62.615471095814826, -40.777790184639912 ], [ -62.615470874824496, -40.777829853431001 ], [ -62.615413255977899, -40.785008904021083 ], [ -62.615463221419816, -40.786141345554711 ], [ -62.615246115856905, -40.829136408752447 ], [ -62.6152027761147, -40.829169004199571 ], [ -62.605377838712116, -40.82911226241032 ], [ -62.60535055009575, -40.829132703938171 ], [ -62.597974229953763, -40.829111198461305 ], [ -62.600825647899285, -40.845999234436476 ], [ -62.62160036262253, -40.850454892684525 ], [ -62.621662009034424, -40.850501790170085 ], [ -62.660297318372898, -40.885260317516668 ], [ -62.660356747103947, -40.885305434523843 ], [ -62.709802699697491, -41.02642641405248 ], [ -62.709869660434435, -41.026455499070039 ], [ -62.709887353270119, -41.026461628674951 ], [ -62.725053293846088, -41.029641179426619 ], [ -62.725459610743712, -41.029790940648013 ], [ -62.729135341331528, -41.031558005869442 ], [ -62.729207457045106, -41.031580143263511 ], [ -62.72952623385703, -41.031627026447779 ], [ -62.729600801794618, -41.031641294122267 ], [ -62.731909214599057, -41.032172696910834 ], [ -62.737241303578401, -41.033935760347561 ], [ -62.739929198999846, -41.033691405999946 ], [ -62.742187499999886, -41.033203124999886 ], [ -62.74578857399996, -41.033325194999861 ], [ -62.750610352000024, -41.033508300999983 ], [ -62.758789062999938, -41.033081054999911 ], [ -62.763916015999882, -41.031494140999882 ], [ -62.768676757999799, -41.030212401999961 ], [ -62.774902343999827, -41.028198241999917 ], [ -62.7785034179999, -41.027282714999842 ], [ -62.78210449199986, -41.025390624999886 ], [ -62.789184569999918, -41.025878905999889 ], [ -62.78921763999989, -41.02588940399994 ], [ -62.793029784999931, -41.02709960899989 ], [ -62.793884277000018, -41.029479980000019 ], [ -62.796386718999941, -41.032104491999917 ], [ -62.799499512000011, -41.035278319999804 ], [ -62.803283690999876, -41.037292480000019 ], [ -62.810729980000019, -41.041503905999946 ], [ -62.814880370999958, -41.043701171999942 ], [ -62.817382812999824, -41.044677734 ], [ -62.820495604999962, -41.048400878999871 ], [ -62.824096680000025, -41.050292969 ], [ -62.830078124999943, -41.0538940429999 ], [ -62.832397460999914, -41.056213378999871 ], [ -62.837890624999943, -41.058776854999849 ], [ -62.840209960999914, -41.059997558999953 ], [ -62.844604491999974, -41.060974120999845 ], [ -62.848999022999806, -41.062805175999927 ], [ -62.857482909999817, -41.066711425999927 ], [ -62.867309569999861, -41.072204589999842 ], [ -62.87481689499981, -41.0753784179999 ], [ -62.884521483999947, -41.079406737999875 ], [ -62.90319824199986, -41.084777831999929 ], [ -62.908996581999986, -41.085693358999833 ], [ -62.912780761999841, -41.086608887000011 ], [ -62.914672851999967, -41.087280272999863 ], [ -62.922485351999967, -41.088928222999868 ], [ -62.929687499999829, -41.091491698999903 ], [ -62.935424804999968, -41.093994141 ], [ -62.944396972999982, -41.096191405999889 ], [ -62.94787597699991, -41.096984862999818 ], [ -62.952392577999944, -41.09851074199986 ], [ -62.965393065999933, -41.101196288999859 ], [ -62.971008300999927, -41.102600097999812 ], [ -62.982177733999947, -41.10607910199991 ], [ -62.992980956999872, -41.109497069999918 ], [ -63.00061035199991, -41.112670897999976 ], [ -63.001708983999833, -41.113403319999918 ], [ -63.003906249999943, -41.11468505900001 ], [ -63.005920409999874, -41.116882323999903 ], [ -63.006286620999958, -41.118103027000018 ], [ -63.01068115199979, -41.120971679999855 ], [ -63.013183593999884, -41.121276854999905 ], [ -63.015869140999882, -41.122375487999932 ], [ -63.018798827999888, -41.123107909999874 ], [ -63.020202636999954, -41.1242065429999 ], [ -63.022399901999847, -41.125183104999905 ], [ -63.024780272999976, -41.125976563 ], [ -63.026672362999875, -41.127929687999938 ], [ -63.028625487999989, -41.128906249999829 ], [ -63.031372069999804, -41.13000488299997 ], [ -63.034484862999875, -41.131103516 ], [ -63.036315918000014, -41.132507323999903 ], [ -63.038696288999972, -41.135070800999983 ], [ -63.038558247229446, -41.136083109578919 ], [ -63.059784220356562, -41.144830722579172 ], [ -63.061871473538588, -41.145690917999843 ], [ -63.064086913999802, -41.145690917999843 ], [ -63.067077636999898, -41.146179199000017 ], [ -63.070495604999905, -41.146301269999981 ], [ -63.072875976999796, -41.146789550999983 ], [ -63.075195312999767, -41.147216796999885 ], [ -63.076721190999876, -41.147827147999863 ], [ -63.078186034999931, -41.148315430000025 ], [ -63.07952880900001, -41.148071288999972 ], [ -63.081298828, -41.148376465000013 ], [ -63.081420897999976, -41.149475097999868 ], [ -63.082092284999931, -41.150024413999859 ], [ -63.083618163999972, -41.150085449000017 ], [ -63.085205078, -41.149597168000014 ], [ -63.087097167999957, -41.149291991999917 ], [ -63.088989258000026, -41.149108886999954 ], [ -63.091003417999957, -41.149291991999917 ], [ -63.093200683999953, -41.149780272999976 ], [ -63.095275878999814, -41.15100097699991 ], [ -63.098205566, -41.151794433999839 ], [ -63.099792480000019, -41.15179443400001 ], [ -63.100891112999875, -41.152099608999947 ], [ -63.102294921999942, -41.153198241999803 ], [ -63.104309081999986, -41.153686522999806 ], [ -63.106506347999812, -41.153503418000014 ], [ -63.110107421999942, -41.153503418000014 ], [ -63.112304687999938, -41.154113769999981 ], [ -63.114318847999868, -41.154785155999832 ], [ -63.116516112999875, -41.155517577999888 ], [ -63.118713378999871, -41.15570068400001 ], [ -63.121704101999796, -41.155822753999985 ], [ -63.127990722999812, -41.155883788999972 ], [ -63.131591796999885, -41.156005858999947 ], [ -63.13507080099987, -41.156188964999899 ], [ -63.137817383000026, -41.156494140999939 ], [ -63.140014647999919, -41.156494140999939 ], [ -63.141784667999843, -41.156494140999939 ], [ -63.142700194999748, -41.156921386999841 ], [ -63.143920897999919, -41.157409668000014 ], [ -63.145324706999986, -41.157409668000014 ], [ -63.14758300799997, -41.156799315999876 ], [ -63.148803710999914, -41.157226562999881 ], [ -63.150024413999915, -41.156982421999828 ], [ -63.152709960999971, -41.156982421999828 ], [ -63.153686522999863, -41.157409668000014 ], [ -63.155395507999799, -41.157104491999803 ], [ -63.158569335999857, -41.157409668000014 ], [ -63.159606933999896, -41.157775878999928 ], [ -63.161376952999888, -41.157226562999881 ], [ -63.164001464999899, -41.157592772999976 ], [ -63.164442422704269, -41.157619770485667 ], [ -63.16897818742251, -41.156456233348365 ], [ -63.177909828390568, -41.15787085748201 ], [ -63.178283690999876, -41.157897948999903 ], [ -63.180908202999888, -41.157897948999903 ], [ -63.184326171999885, -41.157897948999903 ], [ -63.188720702999944, -41.158203124999943 ], [ -63.194702147999806, -41.157775878999928 ], [ -63.202575683999783, -41.157897948999903 ], [ -63.205383300999983, -41.158020019999981 ], [ -63.208129882999799, -41.158020019999981 ], [ -63.212585449000017, -41.157775878999928 ], [ -63.21740722699991, -41.158203124999943 ], [ -63.220886229999905, -41.158569335999971 ], [ -63.226623534999817, -41.158996581999872 ], [ -63.22912597699991, -41.159179688 ], [ -63.23352050799997, -41.158874511999898 ], [ -63.233637158087902, -41.158874511999898 ], [ -63.238418469576402, -41.158534403782653 ], [ -63.239180320244998, -41.158493794477693 ], [ -63.239624022999806, -41.158386229999905 ], [ -63.240219058241962, -41.15843842610974 ], [ -63.266589765029437, -41.157032775214418 ], [ -63.266664153330112, -41.157027578881809 ], [ -63.28330153142673, -41.156804581964082 ], [ -63.285583496000015, -41.155883788999972 ], [ -63.291076659999874, -41.155212402000018 ], [ -63.294799804999911, -41.154296874999943 ], [ -63.299621581999986, -41.153991699000017 ], [ -63.301879882999799, -41.152587890999939 ], [ -63.30499267599987, -41.152526854999962 ], [ -63.309326171999942, -41.151916503999985 ], [ -63.313903808999896, -41.151611327999888 ], [ -63.320983886999784, -41.151123046999885 ], [ -63.32702636699986, -41.151306151999847 ], [ -63.331909179999911, -41.151489257999913 ], [ -63.33850097699991, -41.151977538999972 ], [ -63.346679688, -41.152404784999987 ], [ -63.354187011999954, -41.152709960999914 ], [ -63.360412597999925, -41.153198241999803 ], [ -63.367614745999788, -41.153991699000017 ], [ -63.373291015999939, -41.15460205099987 ], [ -63.377319335999914, -41.155395507999913 ], [ -63.379394530999832, -41.155395507999913 ], [ -63.381403614461021, -41.155489683546023 ], [ -63.383225813571755, -41.155465259938978 ], [ -63.383134141104108, -41.155106383449208 ], [ -63.383354417785995, -41.155005026557092 ], [ -63.383483533557126, -41.154894028342085 ], [ -63.384672748103526, -41.154745596292798 ], [ -63.384715588584697, -41.154752919047553 ], [ -63.386088505465352, -41.154332504439708 ], [ -63.386088526950289, -41.154332347629406 ], [ -63.385433047215543, -41.154037941485228 ], [ -63.385197099809034, -41.153931964419826 ], [ -63.380611652410892, -41.152072932232215 ], [ -63.380541176083909, -41.152062817745559 ], [ -63.379727512815407, -41.153234502701025 ], [ -63.379668065723706, -41.153556888883486 ], [ -63.371991852221527, -41.152101152723503 ], [ -63.364331738991041, -41.150978872574967 ], [ -63.364282943528451, -41.150960448060061 ], [ -63.359729652821841, -41.149325606003856 ], [ -63.359691234104901, -41.149304198143568 ], [ -63.357782830773033, -41.147562138069702 ], [ -63.35779929192546, -41.145632248534127 ], [ -63.357777754102983, -41.145599935421387 ], [ -63.357770545427456, -41.145568168204818 ], [ -63.357892952380496, -41.143516381827737 ], [ -63.357544870949596, -41.14326686515119 ], [ -63.35740984730819, -41.143039527346787 ], [ -63.357399010267613, -41.142992809498423 ], [ -63.357103457472988, -41.136658376365574 ], [ -63.357121101787186, -41.136657258206469 ], [ -63.357130341219545, -41.13666095079094 ], [ -63.357792036673345, -41.135517131330289 ], [ -63.357783380015007, -41.135447437554376 ], [ -63.356793445333778, -41.133677707521656 ], [ -63.356792755179242, -41.133677653472887 ], [ -63.356737489608633, -41.133674901925247 ], [ -63.349656557638525, -41.136931850789722 ], [ -63.349651975379516, -41.136964737390201 ], [ -63.349669086434403, -41.136999195150395 ], [ -63.345605545574415, -41.138785034006389 ], [ -63.344425694883853, -41.138730852643107 ], [ -63.344355316656959, -41.138708268753135 ], [ -63.330853146183699, -41.141740978827954 ], [ -63.3253857198643, -41.1406961527357 ], [ -63.325360846748026, -41.140696895816689 ], [ -63.325332179131465, -41.140667438355251 ], [ -63.313838467702908, -41.13860296599205 ], [ -63.300401738637788, -41.128318020472534 ], [ -63.294099003981216, -41.127178916220885 ], [ -63.308046053164389, -41.088481502104059 ], [ -63.333554932450966, -41.089428084368706 ], [ -63.357519780847781, -41.10026077169988 ], [ -63.357533038248675, -41.100263279587352 ], [ -63.371760031537463, -41.093870939582587 ], [ -63.371780312294788, -41.093872242416865 ], [ -63.412406156327904, -41.10896020080753 ], [ -63.418865197780804, -41.1048712538568 ], [ -63.418896415583902, -41.10487479170024 ], [ -63.442024262748077, -41.092651522181825 ], [ -63.447116483424736, -41.087534404481517 ], [ -63.44653351906129, -41.080480515529985 ], [ -63.456802190566577, -41.082732104015179 ], [ -63.495795949357216, -41.047116554500235 ], [ -63.480160856542568, -41.034954070428455 ], [ -63.528543886072384, -40.925957486561174 ], [ -63.548517568950615, -40.834946703793321 ], [ -63.59998258886236, -40.791969264316435 ], [ -63.635265387670927, -40.783042838269182 ], [ -63.635281662788714, -40.783061180980383 ], [ -63.635327481222362, -40.783056840030554 ], [ -63.650610113457901, -40.792625821433205 ], [ -63.691823419096181, -40.755301568091738 ], [ -63.691846639732148, -40.755278676433306 ], [ -63.821553844892492, -40.718228488573914 ], [ -63.828567779403613, -40.718182084712623 ], [ -63.828620139972145, -40.718214003636206 ], [ -63.826506493434749, -40.713562239273699 ], [ -63.826527145253522, -40.713528290421607 ], [ -63.840655816026242, -40.712768411394279 ], [ -63.842062106733579, -40.645987007956705 ], [ -63.83385684523256, -40.447340316564464 ], [ -63.78863039042966, -40.460832728221646 ], [ -63.786388195055679, -40.456664963743151 ], [ -63.786046216352815, -40.455954736567037 ], [ -63.784606206779983, -40.457250986762062 ], [ -63.784532831720071, -40.457272772114038 ], [ -63.782654669866133, -40.457120031524994 ], [ -63.782602109412721, -40.457093701215399 ], [ -63.780165321261904, -40.457675554407615 ], [ -63.780091866122689, -40.457697803710289 ], [ -63.776108086561521, -40.4592244617142 ], [ -63.775614589171823, -40.458443077945049 ], [ -63.775541842245048, -40.45847054346649 ], [ -63.759824542055753, -40.461105370199334 ], [ -63.759109346783589, -40.461423463325502 ], [ -63.759103496077216, -40.461424680624816 ], [ -63.759037152901442, -40.461455236343056 ], [ -63.755994992752846, -40.463911342178108 ], [ -63.75592987878025, -40.463947101668793 ], [ -63.754195762586392, -40.463914738645656 ], [ -63.739030853103998, -40.467787937239621 ], [ -63.706846520402962, -40.468298209765976 ], [ -63.704320649994202, -40.469394811698692 ], [ -63.702495605329943, -40.469188766712819 ], [ -63.674338278045582, -40.474007324380807 ], [ -63.673211488335937, -40.474310459833475 ], [ -63.672267515925398, -40.47469999702372 ], [ -63.672261789768527, -40.474700453427147 ], [ -63.667214936640733, -40.476581343856765 ], [ -63.642719540926009, -40.502052644240678 ], [ -63.60757433965756, -40.509026742479421 ], [ -63.593783957473988, -40.509707679114854 ], [ -63.586111245008169, -40.510789097001748 ], [ -63.57704205247353, -40.512067339483735 ], [ -63.570074364630329, -40.517357550276074 ], [ -63.565947089652809, -40.53181864392667 ], [ -63.557382019886006, -40.553057896610085 ], [ -63.528280522005559, -40.580805350801484 ], [ -63.510360230534445, -40.607760132163776 ], [ -63.483399036034029, -40.63460720030389 ], [ -63.465723127625779, -40.63022673831108 ], [ -63.465062949665764, -40.630242806843171 ], [ -63.465034286162279, -40.630255617239413 ], [ -63.464719604020843, -40.630264317920933 ], [ -63.407047844327337, -40.627900062283402 ], [ -63.384773419839348, -40.61511569486521 ], [ -63.377970118636256, -40.61670101282283 ], [ -63.377955213723112, -40.616662671475126 ], [ -63.377937261147679, -40.616680660077748 ], [ -63.374677143928295, -40.619256418170153 ], [ -63.373512885473417, -40.622244990809122 ], [ -63.373464949781805, -40.622293335332984 ], [ -63.358464910128248, -40.622939222230173 ], [ -63.346335392352557, -40.623553435651388 ], [ -63.339404970126111, -40.62364316259567 ], [ -63.334339080623579, -40.621637631759029 ], [ -63.334350762385611, -40.621593020739738 ], [ -63.334334354943906, -40.621580434265809 ], [ -63.334331416220607, -40.620915824380802 ], [ -63.330088830646275, -40.620912482064625 ], [ -63.330047779151528, -40.620912532286127 ], [ -63.330049475742044, -40.624135553288227 ], [ -63.330075053163398, -40.624140209149346 ], [ -63.33007509583706, -40.624164785850041 ], [ -63.33009924589885, -40.624171096506188 ], [ -63.329224540517657, -40.626912436238229 ], [ -63.328168637853594, -40.626982062602337 ], [ -63.3281221293974, -40.626973596662424 ], [ -63.318049813976302, -40.622577953063853 ], [ -63.313945977850267, -40.621813327580412 ], [ -63.296077634890707, -40.618484113080513 ], [ -63.285328913010233, -40.61942033068874 ], [ -63.220211745684935, -40.614255593907728 ], [ -63.209956013275928, -40.612043574537324 ], [ -63.203914744864733, -40.610655798827565 ], [ -63.200116197161321, -40.610265970689568 ], [ -63.192387885911444, -40.608981722492956 ], [ -63.192335915868853, -40.608937164708209 ], [ -63.177821065336047, -40.606739700075821 ], [ -63.177769330443255, -40.606701794078788 ], [ -63.146997485188933, -40.575441489394791 ], [ -63.147021297525498, -40.575422942179216 ], [ -63.148034272543839, -40.55663520185135 ], [ -63.150574274286896, -40.506478789522419 ], [ -63.150574079949592, -40.506465239550721 ], [ -63.150573985196843, -40.50643087530085 ], [ -63.105538030106459, -40.508375383452858 ], [ -63.105489554398559, -40.508412572893121 ], [ -63.019039022897914, -40.4748943513668 ], [ -63.01902053796681, -40.474880272290932 ], [ -63.005013376950046, -40.440997853206738 ], [ -62.962167487900388, -40.380252768958655 ], [ -62.963272181731213, -40.364008074432547 ], [ -62.964718258467428, -40.343526493859315 ], [ -62.963339521769456, -40.336666938427925 ], [ -62.965681192503837, -40.329047896828513 ], [ -62.965646853559974, -40.329048925640109 ], [ -62.965646818131347, -40.329026536387119 ], [ -62.934220386381526, -40.320190136495398 ], [ -62.934173464703463, -40.320225854485898 ], [ -62.931785835538562, -40.326664596213163 ], [ -62.895988381511643, -40.324030001448477 ], [ -62.867101858138881, -40.311945192278074 ], [ -62.860598541623176, -40.313312533123053 ], [ -62.839245910776185, -40.310193760791719 ], [ -62.839266975228043, -40.298327852596856 ], [ -62.839247962583158, -40.298313522227716 ], [ -62.839258719439897, -40.296614025359077 ], [ -62.831000555233743, -40.293968862354689 ], [ -62.831771803369236, -40.276738248170773 ], [ -62.831487029189077, -40.274275682364248 ], [ -62.831576327777441, -40.27254614738888 ], [ -62.83201613104643, -40.27127966246843 ], [ -62.832525557279268, -40.269797914518563 ], [ -62.83660237427199, -40.259343837866993 ], [ -62.838272165410842, -40.254324307419097 ], [ -62.845406327887986, -40.252286249864028 ], [ -62.847368605636291, -40.22736919681347 ], [ -62.847368637636635, -40.22736510605688 ], [ -62.829085382357562, -40.233407127392013 ], [ -62.829028301678534, -40.23344992246831 ], [ -62.820877045481666, -40.236206645196603 ], [ -62.820823048520197, -40.236247642517526 ], [ -62.811554071188482, -40.239426403514472 ], [ -62.776965859644179, -40.229267031720383 ], [ -62.776927095782185, -40.229296503692126 ], [ -62.757328318316866, -40.229846236625406 ], [ -62.735290146654393, -40.231439137759082 ], [ -62.724539577981034, -40.231876348958679 ], [ -62.712721103031868, -40.229860262373165 ], [ -62.707521337445257, -40.227211339190944 ], [ -62.707504495054309, -40.227198392041487 ], [ -62.702551102944369, -40.224663158454121 ], [ -62.68584928332433, -40.222953200549966 ], [ -62.685844586158737, -40.222949588596748 ], [ -62.686535345929485, -40.214901482434698 ], [ -62.685157718169933, -40.207931930624909 ], [ -62.681651324641621, -40.190192792707819 ], [ -62.676176782065454, -40.181724455322524 ], [ -62.676181517774694, -40.18169669993631 ], [ -62.681672745532808, -40.178921265032784 ], [ -62.681181935965526, -40.165780875207304 ], [ -62.6810311398811, -40.160343931798025 ], [ -62.681074497207192, -40.160310684061187 ], [ -62.680992926171484, -40.157773081520759 ], [ -62.680794981947713, -40.151962251431542 ], [ -62.680789853095803, -40.149688825729015 ], [ -62.679334179105979, -40.149686385453037 ], [ -62.67932079913038, -40.149676076197807 ], [ -62.674030991392328, -40.149731991277747 ], [ -62.673973397087536, -40.149688106446774 ], [ -62.673957216412134, -40.145017259038127 ], [ -62.673831778782016, -40.129467615804799 ], [ -62.672537466770109, -40.125561644359436 ], [ -62.668966470713656, -40.124471765058843 ], [ -62.668935369807912, -40.124447967835806 ], [ -62.667340530333888, -40.115454542796556 ], [ -62.667212703350799, -40.114656885050465 ], [ -62.667188168112148, -40.109134099761832 ], [ -62.666018659710176, -40.109131139865042 ], [ -62.666009797998584, -40.109124365570494 ], [ -62.665985856832094, -40.109111032083547 ], [ -62.664564765887519, -40.102699603056578 ], [ -62.660291806418229, -40.109262560264028 ], [ -62.660263229777911, -40.110156756990477 ], [ -62.660269911988962, -40.114380202950827 ], [ -62.660269898925549, -40.114418285001932 ], [ -62.656192959898192, -40.124457729390997 ], [ -62.656163628215609, -40.124480290503357 ], [ -62.653998943503495, -40.129780434569398 ], [ -62.644906128977993, -40.130027627515858 ], [ -62.644811168289777, -40.130152651918706 ], [ -62.644811152126636, -40.130159846666686 ] ] ] ] } }
]
}
