{
"type": "FeatureCollection",
"name": "Tiempos de viaje SLA Salta",
"crs": { "type": "name", "properties": { "name": "urn:ogc:def:crs:OGC:1.3:CRS84" } },
"features": [
{ "type": "Feature", "properties": { "Name": "SLA : 120 - 180", "FromBreak": 120.0, "ToBreak": 180.0, "IATA": "SLA" }, "geometry": { "type": "MultiPolygon", "coordinates": [ [ [ [ -65.202340454582441, -26.631155277817754 ], [ -65.202340506396752, -26.631155737247923 ], [ -65.20256193274281, -26.633740185773036 ], [ -65.203197572906049, -26.633908021120078 ], [ -65.203262512688525, -26.634049146977077 ], [ -65.203246009620955, -26.634598141313347 ], [ -65.203184211634778, -26.634641807125206 ], [ -65.203155115323796, -26.63466339568032 ], [ -65.203213079866202, -26.634668984157202 ], [ -65.202954924003677, -26.634900187363996 ], [ -65.203604070250833, -26.635241587302744 ], [ -65.204266219802662, -26.636615725983916 ], [ -65.205510975920902, -26.637495632279524 ], [ -65.205522680599472, -26.637571178316875 ], [ -65.205559752044223, -26.64459981959601 ], [ -65.206149352722548, -26.647300194208981 ], [ -65.216405025117069, -26.651473097402402 ], [ -65.217617482610137, -26.652937703312716 ], [ -65.21823278470589, -26.654821394809971 ], [ -65.218637919293542, -26.654402913338288 ], [ -65.220471076768092, -26.654654091121017 ], [ -65.231794120644849, -26.662363765472492 ], [ -65.233921043282692, -26.66723176164993 ], [ -65.234905103631775, -26.67013904868702 ], [ -65.234971205314764, -26.670117361348161 ], [ -65.236251460983169, -26.67391589626277 ], [ -65.236249117562238, -26.673985024480487 ], [ -65.234230853321094, -26.679124919110677 ], [ -65.229675940015113, -26.679693038317453 ], [ -65.228817566450516, -26.679973106440286 ], [ -65.228862406802364, -26.680560806103813 ], [ -65.228909594081529, -26.68203035377428 ], [ -65.219870968702253, -26.689328542361352 ], [ -65.222261686830734, -26.690811122589707 ], [ -65.222051567524943, -26.695160010932739 ], [ -65.221334072878392, -26.695273355976667 ], [ -65.220728583529876, -26.695925843582927 ], [ -65.221443693084723, -26.696536652406451 ], [ -65.222166066304453, -26.69652055002507 ], [ -65.222218959288341, -26.699454395403166 ], [ -65.220458502109523, -26.699525196828688 ], [ -65.220445328808239, -26.699514484974372 ], [ -65.220445289786994, -26.699514453781376 ], [ -65.216863821370168, -26.699666966076506 ], [ -65.216859964482012, -26.699638182031947 ], [ -65.21680060211196, -26.699456449525826 ], [ -65.216847834828002, -26.699722479238233 ], [ -65.216853671812942, -26.699715245363393 ], [ -65.220048147908244, -26.70328351216898 ], [ -65.220053441812411, -26.70328024130896 ], [ -65.220054979954455, -26.703276531932318 ], [ -65.220559380798136, -26.704818726034887 ], [ -65.220793474851803, -26.705863428602186 ], [ -65.22006591867131, -26.706011317915682 ], [ -65.219890066256198, -26.707346451245542 ], [ -65.219879951581959, -26.707354024581718 ], [ -65.21866991249135, -26.707582472998695 ], [ -65.218699576429231, -26.707026502750182 ], [ -65.218525638538267, -26.707089356375434 ], [ -65.218530106931041, -26.707286464855883 ], [ -65.218486388046813, -26.707096335198798 ], [ -65.218345241876762, -26.707069276424761 ], [ -65.218395413658982, -26.708197432344264 ], [ -65.21701136065451, -26.708733138530192 ], [ -65.219693975692053, -26.71137484720316 ], [ -65.219606502079159, -26.711623816504243 ], [ -65.220052795650531, -26.71149683273353 ], [ -65.220166401496158, -26.711755003809174 ], [ -65.220814030930569, -26.711244282435075 ], [ -65.221474560290574, -26.711834154913049 ], [ -65.220326279007395, -26.712763353295827 ], [ -65.220684805879841, -26.713710953326881 ], [ -65.220707061107362, -26.713738856836358 ], [ -65.220752769573608, -26.713716902307056 ], [ -65.221109089914307, -26.714388617558541 ], [ -65.221616191562077, -26.714275081645269 ], [ -65.221572823000315, -26.714736389001871 ], [ -65.221523196348244, -26.715264265167548 ], [ -65.221493801888926, -26.715576932121849 ], [ -65.221346689849781, -26.717141751441829 ], [ -65.221344434965488, -26.717138110882956 ], [ -65.22123517812139, -26.718309569316148 ], [ -65.221231368525821, -26.718302208547698 ], [ -65.221222160117406, -26.718292010507867 ], [ -65.221019922540677, -26.720617552357453 ], [ -65.221240353394137, -26.720643688419898 ], [ -65.221383634838162, -26.718154275394056 ], [ -65.221380150019513, -26.718156745582746 ], [ -65.221428422895258, -26.717297986038545 ], [ -65.221449649812826, -26.716920366092211 ], [ -65.221765551879173, -26.716950833438489 ], [ -65.22215651231204, -26.71656898591641 ], [ -65.22188842046711, -26.71568343771338 ], [ -65.222678340517177, -26.716298321266891 ], [ -65.223254639451113, -26.715392084951645 ], [ -65.223300565729289, -26.715413189501305 ], [ -65.22332589218513, -26.715377248985135 ], [ -65.223293379417271, -26.715383760301165 ], [ -65.223254618197984, -26.715391840808536 ], [ -65.222066602944153, -26.714437305611796 ], [ -65.222186946171917, -26.713635860982379 ], [ -65.223145749853416, -26.713641190815906 ], [ -65.223623138497942, -26.713149909369122 ], [ -65.224795462856491, -26.711694774918953 ], [ -65.225288082903944, -26.711111077017279 ], [ -65.224650032509544, -26.711135880152938 ], [ -65.224341703251582, -26.710731686007364 ], [ -65.222584864176667, -26.711112785522459 ], [ -65.222876249918784, -26.710347610900442 ], [ -65.2229080100754, -26.710275580445455 ], [ -65.223156108928606, -26.709724639382785 ], [ -65.22319600829303, -26.709657752674104 ], [ -65.224740882578544, -26.709940527541903 ], [ -65.224744608623155, -26.7099798937424 ], [ -65.22474856604066, -26.710233444657888 ], [ -65.22500882629231, -26.709958014328492 ], [ -65.224686373735665, -26.709341317012161 ], [ -65.225693928171893, -26.709158991028175 ], [ -65.225807849699208, -26.708967937763418 ], [ -65.225687695594161, -26.708377641861887 ], [ -65.225514311387258, -26.707848676842843 ], [ -65.225304164477961, -26.707709999703809 ], [ -65.224319397432453, -26.707895897954131 ], [ -65.224268123112267, -26.707193520669762 ], [ -65.224212335326513, -26.70674005443658 ], [ -65.224223493425825, -26.706728754528285 ], [ -65.224220776912318, -26.70672709770065 ], [ -65.224180370388865, -26.705467617948955 ], [ -65.224889753186005, -26.705378938378885 ], [ -65.225069010686411, -26.706148683326091 ], [ -65.224909789023172, -26.706213310753526 ], [ -65.225113149169943, -26.706337342048982 ], [ -65.225080671501644, -26.70618213911979 ], [ -65.22507174279599, -26.706143597186497 ], [ -65.224907889378983, -26.705345175745549 ], [ -65.224890353659987, -26.705268450511369 ], [ -65.224894760138284, -26.703599120599506 ], [ -65.227782308520887, -26.700818655502303 ], [ -65.227128639382272, -26.698997789010662 ], [ -65.225893001420104, -26.698321373417457 ], [ -65.226425670085632, -26.697282372892289 ], [ -65.227626991667933, -26.694939127408418 ], [ -65.227653222937249, -26.695012197462404 ], [ -65.22981322946913, -26.690820614694246 ], [ -65.232200259259571, -26.686188485182356 ], [ -65.237605423477817, -26.679790699424927 ], [ -65.237787771419733, -26.682803214584226 ], [ -65.239010738335821, -26.680563390675104 ], [ -65.243965669856436, -26.672196917791666 ], [ -65.239800233991161, -26.674932643354339 ], [ -65.236319225738953, -26.668363707536457 ], [ -65.236300998836612, -26.66829304179123 ], [ -65.235786539680817, -26.66619293090514 ], [ -65.244380844390946, -26.660014266557255 ], [ -65.246872149636602, -26.638813813907859 ], [ -65.249355181508008, -26.638236926283867 ], [ -65.253944240451801, -26.637170749775976 ], [ -65.256138257263672, -26.636217800071677 ], [ -65.256196380123981, -26.636182897595461 ], [ -65.257012136793378, -26.635442964605147 ], [ -65.260508296937417, -26.631913400381734 ], [ -65.267113540406342, -26.627575286918898 ], [ -65.306625259134705, -26.610775610530368 ], [ -65.309571314605421, -26.611267393664434 ], [ -65.314946194398033, -26.613731280940783 ], [ -65.320738887987375, -26.608571057706172 ], [ -65.320777582101698, -26.608572206033045 ], [ -65.324672199775648, -26.609848503886667 ], [ -65.327710932467539, -26.608493571589747 ], [ -65.320508315247821, -26.607759570968199 ], [ -65.320469621133554, -26.607758422641325 ], [ -65.300959798671386, -26.602829058860266 ], [ -65.300906036893934, -26.602773130039054 ], [ -65.296050516241735, -26.595957248569334 ], [ -65.295317424838004, -26.594928180364832 ], [ -65.293738260274154, -26.592711449931642 ], [ -65.292390162514664, -26.589885654842078 ], [ -65.302904489208345, -26.57753247870977 ], [ -65.302509694545506, -26.572450040851038 ], [ -65.30142862892194, -26.570594018447935 ], [ -65.294055480816326, -26.562212418778529 ], [ -65.296206664069587, -26.559803424071617 ], [ -65.303467902143041, -26.550085965343101 ], [ -65.303528852882152, -26.550048465261455 ], [ -65.311737832274616, -26.546467565637101 ], [ -65.31186981689018, -26.546694162800179 ], [ -65.326703886579139, -26.537842415646878 ], [ -65.318505188408551, -26.520915197426689 ], [ -65.339989363806581, -26.526333487075476 ], [ -65.3415934731633, -26.526440554629744 ], [ -65.378793590031421, -26.540771476435907 ], [ -65.411826477736952, -26.532180490894177 ], [ -65.423940175729399, -26.511252834761763 ], [ -65.429815831077519, -26.50983725661888 ], [ -65.424814589820585, -26.509954524556292 ], [ -65.424094945757929, -26.510877451188662 ], [ -65.424478363305695, -26.501652448921504 ], [ -65.409360606448217, -26.499637648159194 ], [ -65.412360090330026, -26.489253026424763 ], [ -65.442710500448186, -26.43748893306531 ], [ -65.448726725414929, -26.432819305105966 ], [ -65.453387693079776, -26.419957517906596 ], [ -65.48333289415234, -26.425401852393748 ], [ -65.5027654667457, -26.396483386300702 ], [ -65.472273270007236, -26.38867829956007 ], [ -65.463717752273283, -26.382576137708497 ], [ -65.452939779210737, -26.351120376495203 ], [ -65.437150508823152, -26.349391300276636 ], [ -65.419136181235103, -26.346676173191725 ], [ -65.437335856808829, -26.292268672444436 ], [ -65.44104943522035, -26.292654580308067 ], [ -65.451143086511308, -26.282380341530882 ], [ -65.496297564366159, -26.306823145399278 ], [ -65.501390328338402, -26.308258766766471 ], [ -65.525403315969697, -26.312956372970234 ], [ -65.52579569578711, -26.318615059156116 ], [ -65.538582520686305, -26.314872507083521 ], [ -65.544897185991886, -26.337930959096866 ], [ -65.591594332476006, -26.308800090876218 ], [ -65.568005634851488, -26.295132411489078 ], [ -65.576637014039875, -26.267838362752514 ], [ -65.56475298597212, -26.261851490420895 ], [ -65.574490907744689, -26.222584084231244 ], [ -65.574522534693415, -26.222560701214661 ], [ -65.574845464811062, -26.221198166644228 ], [ -65.547126119537722, -26.229464392435375 ], [ -65.547062570973253, -26.229423446640624 ], [ -65.541347747531688, -26.222694726757936 ], [ -65.521745741712095, -26.186839453012169 ], [ -65.529717720542862, -26.119527515008599 ], [ -65.610861096654389, -26.117566387664624 ], [ -65.695931087275255, -26.124242481732779 ], [ -65.74275270487351, -26.234307281412157 ], [ -65.766867290037169, -26.229022849626574 ], [ -65.758990028123549, -26.228644005594902 ], [ -65.78952155513565, -26.145260588247254 ], [ -65.826171968847063, -26.179660779435324 ], [ -65.837475852314697, -26.224000455907571 ], [ -65.853205760115998, -26.232237179923914 ], [ -65.902292726961889, -26.365505262331226 ], [ -65.916296136557719, -26.385969029719035 ], [ -65.895151064631932, -26.415985537428242 ], [ -65.91821365278031, -26.420872751739353 ], [ -65.92476798199425, -26.393168922800783 ], [ -65.924818265063891, -26.393123528722754 ], [ -65.963075368077568, -26.397088978475267 ], [ -65.963117848289755, -26.397135650952407 ], [ -65.965752518292334, -26.399375589942281 ], [ -65.967345671618432, -26.400853982169394 ], [ -65.971379271057913, -26.405772592739083 ], [ -65.971409064822922, -26.405829558734808 ], [ -65.971576334867564, -26.406039830369878 ], [ -65.976481729361808, -26.414296432464596 ], [ -65.976573136979823, -26.414500711162361 ], [ -65.979531810488481, -26.425803801015263 ], [ -65.97873055136597, -26.436378115552827 ], [ -65.977262355607309, -26.445398667048494 ], [ -65.977762453475407, -26.450004805707067 ], [ -65.97839770008693, -26.451230545819953 ], [ -65.979248849057512, -26.452505334168222 ], [ -65.998332258839071, -26.483450590775362 ], [ -66.000051387229973, -26.487574373120481 ], [ -66.000194630085161, -26.487895322203542 ], [ -66.00206628230967, -26.490012910251835 ], [ -66.006274195221806, -26.497074045293118 ], [ -66.007807154817442, -26.480825670394154 ], [ -65.989841718037155, -26.460985978880842 ], [ -65.995407351186373, -26.432888381482428 ], [ -66.025556649850387, -26.400397649153206 ], [ -66.02597177733611, -26.398865182534905 ], [ -66.030683496437632, -26.396381333104785 ], [ -66.02528926427965, -26.393749474632898 ], [ -66.018282704782791, -26.393774356478275 ], [ -66.018887952997261, -26.396500235859776 ], [ -66.016313072294736, -26.396226561812 ], [ -66.014622570754227, -26.395567853389537 ], [ -66.010058797631757, -26.370903475601949 ], [ -66.010424243424779, -26.368789247023244 ], [ -66.021260014068446, -26.363364747693595 ], [ -66.023153661949038, -26.365154898904507 ], [ -66.023557344777601, -26.363861991283898 ], [ -66.021265092109218, -26.363348483842003 ], [ -66.021228794365641, -26.36328850716086 ], [ -66.021125054384243, -26.361831106646264 ], [ -66.02113744367108, -26.361757035003222 ], [ -66.02231592684717, -26.358990328181903 ], [ -66.022353360153147, -26.358956250968845 ], [ -66.02249921630289, -26.358721374753657 ], [ -66.024562674815286, -26.35725587289221 ], [ -66.024631534467403, -26.357223259931516 ], [ -66.026308931056178, -26.356768289361753 ], [ -66.026384816504731, -26.356748992800874 ], [ -66.028181687384063, -26.359652938638362 ], [ -66.028451686587289, -26.359466902113411 ], [ -66.028477439053233, -26.359436892013889 ], [ -66.029591066046692, -26.358428862391406 ], [ -66.030512171898124, -26.35523113142392 ], [ -66.030524246506275, -26.355083537480652 ], [ -66.035752646709113, -26.334944423331706 ], [ -66.030926632058708, -26.33624480457911 ], [ -66.030743518191969, -26.336147411282468 ], [ -66.018965656057787, -26.326091878670184 ], [ -65.976448853687884, -26.320161970822255 ], [ -65.976444874035565, -26.320107043876419 ], [ -65.975446288948319, -26.310272863474665 ], [ -65.9754349570822, -26.310219828039862 ], [ -65.975437088899412, -26.310132946157466 ], [ -65.975424806898218, -26.310080144710412 ], [ -65.975353420444378, -26.309538710971765 ], [ -65.975341304594849, -26.309485947401811 ], [ -65.97534380597881, -26.309396053753744 ], [ -65.975331747503901, -26.309343308777272 ], [ -65.974491653405948, -26.303254121628186 ], [ -65.974483969652965, -26.303096669356876 ], [ -65.97447253088302, -26.303044608415007 ], [ -65.973056081803747, -26.292836730799479 ], [ -66.048020728571942, -26.225008154461932 ], [ -66.07356951599985, -26.156295280546374 ], [ -66.088857137572461, -26.125287924434303 ], [ -66.124250809908176, -26.069313730586373 ], [ -66.048873171987907, -25.963074102808775 ], [ -66.047430236500588, -25.961326130472116 ], [ -66.039259168221179, -25.946803152248208 ], [ -66.081653603755399, -25.892040296982316 ], [ -66.034769847377049, -25.850273506616361 ], [ -66.0347404559148, -25.850271190573721 ], [ -66.033290931427075, -25.849891249502434 ], [ -66.033232930905967, -25.849894637157661 ], [ -66.026820939824688, -25.800061206296675 ], [ -65.992037826885962, -25.736144723789891 ], [ -65.941515670036949, -25.649236660142208 ], [ -66.007155590670891, -25.551523781393769 ], [ -66.104052865751271, -25.361922882085992 ], [ -66.166318973014825, -25.317267690107428 ], [ -66.231583194800635, -25.379301386755799 ], [ -66.233981714236847, -25.369657759476411 ], [ -66.235743598413478, -25.376722869878108 ], [ -66.250385247961901, -25.360712107690574 ], [ -66.279847782372883, -25.36362455073828 ], [ -66.280093277239473, -25.351521692912229 ], [ -66.280843249371969, -25.350741971138575 ], [ -66.299526705078335, -25.329689369723269 ], [ -66.299600458717237, -25.329696041187447 ], [ -66.308855644139555, -25.333616388356916 ], [ -66.315201257876083, -25.328569939813178 ], [ -66.304229390858154, -25.327863106112602 ], [ -66.27810002778233, -25.304025920170432 ], [ -66.279381820556296, -25.25126777153406 ], [ -66.279386848504942, -25.251224582437032 ], [ -66.272133478152398, -25.200893380939021 ], [ -66.270645097953661, -25.200360559859746 ], [ -66.269222452190093, -25.201737046964695 ], [ -66.247976493716124, -25.170423935581937 ], [ -66.246327218626845, -25.138848625436992 ], [ -66.265058991498051, -25.094321296812041 ], [ -66.265126256505198, -25.094344765481708 ], [ -66.269018661467101, -25.095409914591244 ], [ -66.269089258608858, -25.095426941525943 ], [ -66.273596880248533, -25.100714114337052 ], [ -66.281337318734359, -25.093224819366128 ], [ -66.276274198277576, -25.082019850708662 ], [ -66.276310895337474, -25.082008339305276 ], [ -66.281268760151193, -25.081484235042467 ], [ -66.275419851765832, -25.080418371789847 ], [ -66.274893537854439, -25.079187319697326 ], [ -66.27465955358889, -25.079664466872543 ], [ -66.23823104845485, -25.045984359451495 ], [ -66.239627882928005, -25.04024051756636 ], [ -66.231128293972859, -25.03267960265083 ], [ -66.224892319805349, -25.03344109053586 ], [ -66.226945341632756, -25.027674478767324 ], [ -66.227002410686396, -25.02763582723901 ], [ -66.251197872692671, -25.014737426625118 ], [ -66.251260391309359, -25.014793040837105 ], [ -66.252505226809831, -25.014115749661187 ], [ -66.207006193374127, -24.957317503567424 ], [ -66.189796497718191, -24.910273415829238 ], [ -66.177529241584807, -24.809144612874547 ], [ -66.176705764904682, -24.809672151992345 ], [ -66.177130653597544, -24.809869678293808 ], [ -66.162996515482291, -24.833542859431418 ], [ -66.147905546992945, -24.826766546124588 ], [ -66.143520203734454, -24.8239797758892 ], [ -66.141307116490225, -24.828687996962742 ], [ -66.138245815572873, -24.833538224128972 ], [ -66.138194688616579, -24.833583073081968 ], [ -66.137637074401255, -24.831872346780074 ], [ -66.135477920681694, -24.832671666684917 ], [ -66.135753394388928, -24.833700786574582 ], [ -66.136726813982307, -24.835348144164584 ], [ -66.156618879284963, -24.838022086734327 ], [ -66.149554203773619, -24.859520562264095 ], [ -66.142633263829111, -24.865038860550044 ], [ -66.133326954825236, -24.885640351702705 ], [ -66.116439005525478, -24.89587029382227 ], [ -66.116379186125357, -24.895869623721069 ], [ -66.104063124985089, -24.890196731863512 ], [ -66.103461112828768, -24.861884093632511 ], [ -66.046293220283246, -24.829971891975902 ], [ -66.047633624757964, -24.828745728840943 ], [ -66.069447378984989, -24.783076067965339 ], [ -66.071883504505934, -24.78042935702257 ], [ -66.071905624408828, -24.780379650439443 ], [ -66.081223780605967, -24.770563705745303 ], [ -66.089665788819161, -24.765531168011478 ], [ -66.102773653763279, -24.75989753131131 ], [ -66.103101897584907, -24.759687250364379 ], [ -66.103107925180325, -24.759642543732696 ], [ -66.110640286996897, -24.688163837663012 ], [ -66.111789447989509, -24.68446462486321 ], [ -66.125421661127007, -24.647640120139101 ], [ -66.125424820647652, -24.647602702423228 ], [ -66.190858626505417, -24.618159182149441 ], [ -66.196604220570123, -24.627919909333798 ], [ -66.198397979469746, -24.604103465701257 ], [ -66.386247903150092, -24.520549314757432 ], [ -66.381397984463092, -24.56657284903855 ], [ -66.40045226884007, -24.618659268457975 ], [ -66.498398078093373, -24.476631099467056 ], [ -66.460974175600313, -24.478985237513143 ], [ -66.490219888631373, -24.464391257052966 ], [ -66.507844553334053, -24.395192519294312 ], [ -66.534119139241739, -24.406556144410558 ], [ -66.534151641982533, -24.406600896844793 ], [ -66.542312429555693, -24.414484786861237 ], [ -66.542353209100781, -24.414517382326778 ], [ -66.584890702026939, -24.428428888021813 ], [ -66.597414638338364, -24.433677888999057 ], [ -66.597442619180072, -24.433699105965502 ], [ -66.637692016459255, -24.454942299076379 ], [ -66.653983715020047, -24.279154310030947 ], [ -66.833002601644978, -24.16933855464714 ], [ -66.840661001847195, -24.162363445576773 ], [ -66.91235309167223, -24.205037161078849 ], [ -66.913080530257332, -24.184838089359971 ], [ -66.910030739275612, -24.181632452032829 ], [ -66.901782743219712, -24.184624300998564 ], [ -66.900436915501757, -24.182321431277842 ], [ -66.866749242866717, -24.138614061226008 ], [ -66.879576856648953, -24.129778697243637 ], [ -66.850047047401461, -24.09397924817705 ], [ -66.845142243387841, -24.090094860906618 ], [ -66.855783318232341, -24.027010318919849 ], [ -66.832478925285727, -24.035803336378535 ], [ -66.827725980444995, -24.062644862784055 ], [ -66.802453267320175, -24.07815449404842 ], [ -66.740565155049978, -23.987445779739176 ], [ -66.527990713474821, -24.048825460878049 ], [ -66.528589686900148, -24.050100352097331 ], [ -66.528618620943689, -24.050172758306815 ], [ -66.528380175883001, -24.050307955080143 ], [ -66.528528971708624, -24.050812976797829 ], [ -66.528290467243835, -24.063826845880442 ], [ -66.50106415945811, -24.064382569221948 ], [ -66.449590268155077, -24.071578256804059 ], [ -66.438426642911566, -24.071977141484751 ], [ -66.437951094449261, -24.061387533671791 ], [ -66.435753033726769, -24.07159399369425 ], [ -66.422712855015106, -24.0674766186537 ], [ -66.39829994520403, -24.082711941747107 ], [ -66.374915446882028, -24.02833034624598 ], [ -66.381017359050929, -24.025824922990978 ], [ -66.331770798202456, -23.874063703601735 ], [ -66.335927715429534, -23.873493164999672 ], [ -66.345745202499131, -23.870609548869879 ], [ -66.334197067749415, -23.838604530157795 ], [ -66.314671412967698, -23.829181355746641 ], [ -66.313595815934377, -23.828582110908428 ], [ -66.298254796281014, -23.817562173990439 ], [ -66.28510404662677, -23.804180832471502 ], [ -66.281443659590764, -23.785328398078377 ], [ -66.281455987214031, -23.78529599159242 ], [ -66.284553529912102, -23.775812070915265 ], [ -66.298949324444152, -23.773208214610293 ], [ -66.292795919635296, -23.768613830348215 ], [ -66.28908735055694, -23.765844859966592 ], [ -66.296530175531984, -23.761031855150577 ], [ -66.295812221997096, -23.75244336193208 ], [ -66.28847586555645, -23.76249742855515 ], [ -66.286313848027078, -23.76317349640982 ], [ -66.248931354839442, -23.767349065401902 ], [ -66.237274444231673, -23.767278899623136 ], [ -66.237127701965051, -23.767232233785819 ], [ -66.242861238518572, -23.765324917679777 ], [ -66.240606829732542, -23.761924698995983 ], [ -66.233133891114051, -23.762300912585886 ], [ -66.232360989689766, -23.806789885314231 ], [ -66.209857030726369, -23.826185732093677 ], [ -66.197416315972077, -23.826191357706648 ], [ -66.197357986525276, -23.826206271354579 ], [ -66.189253468927973, -23.830630254318976 ], [ -66.189192639789098, -23.830645699132049 ], [ -66.100354850607118, -23.823498509627427 ], [ -66.100298294143272, -23.823451195416396 ], [ -66.100199434504475, -23.82283771728288 ], [ -66.10014093704774, -23.8227933369065 ], [ -66.088588153001865, -23.826579463390317 ], [ -66.072299212651899, -23.814993023239253 ], [ -66.072118576931189, -23.815503565360814 ], [ -66.073238011480441, -23.816448173084268 ], [ -66.086722312681331, -23.830139157901215 ], [ -66.088373887576552, -23.832853831592843 ], [ -66.092928115743746, -23.840464599814254 ], [ -66.096045945143374, -23.845674893271564 ], [ -66.108235374274159, -23.866045123626577 ], [ -66.046792620443398, -23.912804004594648 ], [ -66.046249037376413, -23.864610665492364 ], [ -66.0383086670534, -23.87102547952469 ], [ -66.038278818100196, -23.871049102473876 ], [ -66.02222677777462, -23.875690308083733 ], [ -66.004148522812159, -23.842794099926607 ], [ -65.988174238907447, -23.845219883250877 ], [ -65.991063626439541, -23.884676179576616 ], [ -65.979185382281401, -23.902090095844528 ], [ -65.888351454636449, -23.910653642633179 ], [ -65.888073090027376, -23.905251672460906 ], [ -65.879819700234748, -23.904287298109523 ], [ -65.860782294947683, -23.886039099494838 ], [ -65.860733320642169, -23.885992657193299 ], [ -65.849992578360286, -23.876067867758479 ], [ -65.85214017052175, -23.829502964059145 ], [ -65.822641922419507, -23.820611700658446 ], [ -65.797240590013246, -23.840237663771916 ], [ -65.797203789081891, -23.840224241966837 ], [ -65.793820664217833, -23.839730842205086 ], [ -65.778775574884492, -23.827757069935842 ], [ -65.778755777304298, -23.827723201850347 ], [ -65.775253674642954, -23.818527226496258 ], [ -65.775202425404586, -23.818475107194672 ], [ -65.770994540857714, -23.814037198668586 ], [ -65.77093730577991, -23.813993530853338 ], [ -65.77194674343815, -23.80684170592275 ], [ -65.77110252504491, -23.805915855763828 ], [ -65.755987473063669, -23.776849370344451 ], [ -65.755939084636793, -23.776805671863258 ], [ -65.754424545577763, -23.773875807563911 ], [ -65.771453860972713, -23.703929271383572 ], [ -65.775129618987933, -23.699792249382824 ], [ -65.775166329116132, -23.699754212111941 ], [ -65.77523137447298, -23.699632299965799 ], [ -65.836547355116465, -23.722048408203591 ], [ -65.848087180624873, -23.715055644771383 ], [ -65.85572340531462, -23.663473824231971 ], [ -65.855787240245547, -23.663462013381888 ], [ -65.897293751857717, -23.656129489238822 ], [ -65.902772462267876, -23.661222689396368 ], [ -65.903404299291992, -23.661126741451199 ], [ -65.906070289478123, -23.660041404851597 ], [ -65.899844332514078, -23.652878178832395 ], [ -65.901913265258429, -23.641762242356037 ], [ -65.882012044401904, -23.635181737690402 ], [ -65.882021626504752, -23.635108976318122 ], [ -65.903196548888786, -23.63850943302117 ], [ -65.913170945891125, -23.631865923122348 ], [ -65.917081872978542, -23.623026391858218 ], [ -65.909698325735405, -23.604243524797596 ], [ -65.952181870248978, -23.576669577679013 ], [ -65.952760536278674, -23.573578003567093 ], [ -65.948985225170247, -23.572041932646073 ], [ -65.954645195662806, -23.571616687700782 ], [ -65.94890045626579, -23.555722471534182 ], [ -65.956290540301268, -23.551212145548675 ], [ -65.958866206285052, -23.549640158938018 ], [ -65.958935149581293, -23.549604051981021 ], [ -65.961654425246536, -23.54842879427423 ], [ -65.961721935955666, -23.548392100476292 ], [ -65.965957881637962, -23.545643275077339 ], [ -65.973175881857344, -23.543687630305271 ], [ -65.971625546873952, -23.540072702106613 ], [ -65.971664162399634, -23.540064330862378 ], [ -65.975358671939205, -23.54318848123404 ], [ -65.975141773701068, -23.543266927682396 ], [ -65.975580496223188, -23.543366523963471 ], [ -65.975626882740414, -23.543152402700457 ], [ -65.975359141865511, -23.543188370293421 ], [ -65.971674059531722, -23.54006199433843 ], [ -65.982511055051987, -23.532971428907274 ], [ -65.971464027590855, -23.539858734191398 ], [ -65.968170414584677, -23.53558125020038 ], [ -65.965310988768294, -23.536787801663934 ], [ -65.9624203112553, -23.545553043280108 ], [ -65.962356034875256, -23.54559414361762 ], [ -65.956610805433911, -23.549191047453746 ], [ -65.943414873536312, -23.5524292520887 ], [ -65.948148778578229, -23.554606636118024 ], [ -65.938341557907279, -23.56078003185263 ], [ -65.938050493403239, -23.560768767273601 ], [ -65.93943930075892, -23.552312856575099 ], [ -65.928679814608472, -23.544102196678864 ], [ -65.920198688146968, -23.553113807386353 ], [ -65.936484581405466, -23.560870666571816 ], [ -65.8997505373992, -23.583129825240178 ], [ -65.877981130827607, -23.567452472691684 ], [ -65.878381896939629, -23.567025680395261 ], [ -65.873522401893638, -23.567330792967425 ], [ -65.873775920321123, -23.567554194029697 ], [ -65.874545001174909, -23.568050785787193 ], [ -65.874591156109602, -23.568097755937345 ], [ -65.861235659940974, -23.582530665286811 ], [ -65.847821808970025, -23.566882316399017 ], [ -65.846847463888309, -23.56589076186242 ], [ -65.834418025313141, -23.567693107074774 ], [ -65.833528872714567, -23.567118985577054 ], [ -65.833031765030057, -23.566955841396748 ], [ -65.830432493271417, -23.555279967684442 ], [ -65.825069211404184, -23.55055520250221 ], [ -65.823552164544139, -23.553810998568849 ], [ -65.832654619339451, -23.566875323610248 ], [ -65.832863182518111, -23.567327152947939 ], [ -65.788065020679767, -23.630923472084874 ], [ -65.698987619279819, -23.575584837122449 ], [ -65.642917967752055, -23.596993895905825 ], [ -65.60182586092435, -23.583466382356789 ], [ -65.505627219186579, -23.52510454720948 ], [ -65.475999182237501, -23.439905493484503 ], [ -65.424925639599451, -23.390836496595966 ], [ -65.468854481298649, -23.349122445405385 ], [ -65.481086832684127, -23.335593826185629 ], [ -65.4951866699314, -23.344147921775459 ], [ -65.503157888794078, -23.34260223549694 ], [ -65.509713143303429, -23.342190651464762 ], [ -65.512212513207601, -23.341655892017457 ], [ -65.477948513366471, -23.315894187058575 ], [ -65.471913540261312, -23.301289943955737 ], [ -65.471807942727651, -23.307314339423897 ], [ -65.472427416932931, -23.312284610929566 ], [ -65.458437576955419, -23.311733593932388 ], [ -65.393623457603894, -23.291448686822434 ], [ -65.387341498017861, -23.262137964082683 ], [ -65.386287598736487, -23.258913781918125 ], [ -65.385052169401774, -23.254122359289511 ], [ -65.383438364299138, -23.249210613074411 ], [ -65.431067740710944, -23.226593896675524 ], [ -65.41886717376434, -23.209485581496835 ], [ -65.416262556831953, -23.200774687170224 ], [ -65.42514204353904, -23.182359437509547 ], [ -65.403491605176555, -23.134843977897788 ], [ -65.418391536730553, -23.123031506037535 ], [ -65.418452307869359, -23.123031463939753 ], [ -65.425823667863824, -23.128396747771717 ], [ -65.425481482030932, -23.12900815803556 ], [ -65.425778441017826, -23.128710813071905 ], [ -65.426590583248014, -23.128379761746942 ], [ -65.423070803755991, -23.120081185064407 ], [ -65.422782986651498, -23.118408331495857 ], [ -65.422746147791543, -23.118476100153032 ], [ -65.422444170434744, -23.118659870131808 ], [ -65.38635781786212, -23.085057795746536 ], [ -65.401458512108547, -23.071702993033682 ], [ -65.396673381443577, -23.063502326013236 ], [ -65.403672591545671, -23.05957583980836 ], [ -65.403742560389617, -23.059569559682586 ], [ -65.410799980998775, -23.06134956786849 ], [ -65.413621480442202, -23.064323440069984 ], [ -65.415076383426594, -23.061647004864142 ], [ -65.411026048387839, -23.061089974245021 ], [ -65.413217931164013, -23.054583780492635 ], [ -65.413494600271633, -23.054614231955668 ], [ -65.413470549874319, -23.054459527036045 ], [ -65.390255882434133, -23.049873004037124 ], [ -65.387070092561885, -23.046790020454239 ], [ -65.372231390322497, -23.014575182781584 ], [ -65.370294760982404, -23.011168274235104 ], [ -65.366471711417205, -23.009312057175293 ], [ -65.366458717789953, -23.009274959040681 ], [ -65.366307500562243, -23.005090114659424 ], [ -65.365763243227377, -23.007849010588927 ], [ -65.366413258439991, -23.009288682801468 ], [ -65.366426252067413, -23.009325780936024 ], [ -65.36418469572169, -23.013004569819032 ], [ -65.368065863846368, -23.014070490250162 ], [ -65.386442520283026, -23.04666780370701 ], [ -65.379685116928727, -23.068878624360195 ], [ -65.377159715521429, -23.076785497908247 ], [ -65.374951181787139, -23.081097527545694 ], [ -65.374163863188301, -23.082912999067901 ], [ -65.374638427479113, -23.083083185690043 ], [ -65.366558662032446, -23.096287513177799 ], [ -65.351346231628725, -23.109561863363353 ], [ -65.338674967402142, -23.101221266089681 ], [ -65.340743394012122, -23.100689548540799 ], [ -65.336632700101973, -23.099215385556306 ], [ -65.334432249846998, -23.100065186933193 ], [ -65.338017160046434, -23.101735069731376 ], [ -65.347551510714936, -23.112525864005931 ], [ -65.302011743660273, -23.141416141436139 ], [ -65.300626446026172, -23.132053987954862 ], [ -65.29934615370405, -23.132784916349635 ], [ -65.299337747599623, -23.134277304091654 ], [ -65.296593686532958, -23.141693343502936 ], [ -65.291865217944292, -23.145426153181006 ], [ -65.291797057301324, -23.145462860338966 ], [ -65.288445595807389, -23.147176726767441 ], [ -65.282798064324197, -23.144049763755902 ], [ -65.282611276047987, -23.144549892058251 ], [ -65.28403104402787, -23.147170936583905 ], [ -65.283995038406431, -23.147613264890254 ], [ -65.28399064688773, -23.147677758434554 ], [ -65.284485717869302, -23.151012409459383 ], [ -65.284105267911798, -23.152822518711105 ], [ -65.28480007815773, -23.154928947767871 ], [ -65.288298944565895, -23.167075262255253 ], [ -65.286972951994528, -23.172411402962837 ], [ -65.301837249014056, -23.174793206336403 ], [ -65.283403713368102, -23.183632918372894 ], [ -65.282965360454739, -23.183958191073941 ], [ -65.27831573806958, -23.18446077760359 ], [ -65.274837910572671, -23.18147728153167 ], [ -65.272473395849204, -23.184482894844336 ], [ -65.247434672279212, -23.20228892712754 ], [ -65.230284218415875, -23.199565143844154 ], [ -65.233573112137606, -23.201794619712985 ], [ -65.233607525106436, -23.201811120929619 ], [ -65.233614438064365, -23.201790162468455 ], [ -65.242622727125024, -23.206228266544315 ], [ -65.238117176869025, -23.20857540111308 ], [ -65.237920313698282, -23.209150352351969 ], [ -65.238943905465476, -23.209289425163092 ], [ -65.239070983779186, -23.208818231027749 ], [ -65.239433626697576, -23.208709553156609 ], [ -65.23947106873328, -23.208698167158786 ], [ -65.239502410574914, -23.208674731375424 ], [ -65.251462219736879, -23.215477346865327 ], [ -65.251501167256549, -23.215528170039079 ], [ -65.25145525404912, -23.215521931928265 ], [ -65.251806452045855, -23.219211358793075 ], [ -65.246023346602954, -23.292187205989592 ], [ -65.264843159169516, -23.375459712713052 ], [ -65.262409400140029, -23.391396897219295 ], [ -65.22914519519793, -23.404278719563138 ], [ -65.241258664233158, -23.437571104217739 ], [ -65.219859816030691, -23.44204738844752 ], [ -65.226534299345076, -23.449137681812658 ], [ -65.227422865825815, -23.455767594465044 ], [ -65.227511426716092, -23.455665022339133 ], [ -65.228387979421541, -23.451209454987975 ], [ -65.253106724911049, -23.478977797951927 ], [ -65.253028408315345, -23.47245636422025 ], [ -65.252821898704781, -23.45526094761027 ], [ -65.283696931837312, -23.468256292325691 ], [ -65.277723348628626, -23.48813888469175 ], [ -65.264228977663265, -23.479738201394923 ], [ -65.263835303028259, -23.487663205533465 ], [ -65.27107955356945, -23.491271077992906 ], [ -65.265644901909354, -23.519088302268131 ], [ -65.265475075732525, -23.518954515165319 ], [ -65.26522359335263, -23.520232814432632 ], [ -65.237388255679662, -23.55945080063492 ], [ -65.23581105772621, -23.561277527381947 ], [ -65.239302895911806, -23.564838046548289 ], [ -65.239333724460437, -23.564859444462115 ], [ -65.235615052868354, -23.589068872126745 ], [ -65.250297899020836, -23.62039873407906 ], [ -65.285242031001928, -23.686966429010283 ], [ -65.290344757540311, -23.691325611416175 ], [ -65.33195877188524, -23.682325747154664 ], [ -65.306033881631834, -23.708829984360875 ], [ -65.30645631663765, -23.712686993883494 ], [ -65.292934026724197, -23.714923327494944 ], [ -65.293064169096681, -23.732889988217778 ], [ -65.306477915441292, -23.715668792725921 ], [ -65.31963740195431, -23.743258402850699 ], [ -65.305520997929932, -23.758012117063515 ], [ -65.298875063035609, -23.762962855697481 ], [ -65.296760727068886, -23.765148131345313 ], [ -65.295198312571813, -23.77943627145379 ], [ -65.119080782600804, -23.750722573331302 ], [ -65.11907481277882, -23.750655789158884 ], [ -65.118617072689972, -23.750389965122167 ], [ -65.086933213638474, -23.7354604327885 ], [ -65.085405478003054, -23.746533352446306 ], [ -64.978363892016546, -23.67674803196752 ], [ -64.978378571301619, -23.676713823755449 ], [ -64.960587104891715, -23.652592337859915 ], [ -64.962554187644571, -23.619083742125952 ], [ -64.965013152327288, -23.613850267545843 ], [ -64.984052557994119, -23.595943175553259 ], [ -64.983612745506889, -23.593270710470847 ], [ -64.974982032103355, -23.579627239437457 ], [ -64.957463521976194, -23.593324887285974 ], [ -64.900103541464773, -23.593058119105649 ], [ -64.886312449554794, -23.633759260484908 ], [ -64.88629112819973, -23.633776684498059 ], [ -64.829000852526121, -23.624341401774018 ], [ -64.654685340406786, -23.472274636876307 ], [ -64.669288121397415, -23.469699004650693 ], [ -64.718895437251263, -23.395835059066997 ], [ -64.435874057608487, -23.183783654875356 ], [ -64.428554603240798, -23.18306448525118 ], [ -64.418626781844807, -23.119604227961645 ], [ -64.373503744766538, -23.027081469082873 ], [ -64.373512406251109, -23.0270147556094 ], [ -64.369894544719159, -22.976544936932385 ], [ -64.366844255559954, -22.966005827880167 ], [ -64.367582650645659, -22.942311623904516 ], [ -64.347373859527863, -22.967523654174215 ], [ -64.291950119059948, -23.033655105184323 ], [ -64.244077333974587, -23.098462764970975 ], [ -64.220203499861896, -23.135413387420613 ], [ -64.040958173162778, -23.009969905662103 ], [ -63.93757907014276, -23.024516212218373 ], [ -63.937533794365777, -23.024467888460663 ], [ -63.936023009401083, -23.023231561550119 ], [ -63.935977540517229, -23.023183150224042 ], [ -63.930208414450647, -23.018434310951932 ], [ -63.89988482722606, -22.999197006732629 ], [ -63.878518393518448, -22.965628540944522 ], [ -63.876567866651897, -22.964483659048142 ], [ -63.876708478688442, -22.965011931188087 ], [ -63.861840136402861, -22.958030882142339 ], [ -63.861809624508453, -22.95796153431769 ], [ -63.864655340168895, -22.948908468153775 ], [ -63.857307075624931, -22.948216989732316 ], [ -63.858247904390737, -22.942267717035236 ], [ -63.85403026253482, -22.940943843268997 ], [ -63.853338560032682, -22.939349887369929 ], [ -63.85419730981198, -22.937964513426436 ], [ -63.854156296285282, -22.937856089423349 ], [ -63.852209798925344, -22.936800793133955 ], [ -63.852177300161657, -22.93672866133403 ], [ -63.851776652889498, -22.935828699604372 ], [ -63.851744693122782, -22.93575661042928 ], [ -63.851731676210875, -22.935739545598324 ], [ -63.850949530516345, -22.933948059359579 ], [ -63.851155785211631, -22.933907707641367 ], [ -63.850703603112322, -22.933385059031025 ], [ -63.850932754126006, -22.933925435117999 ], [ -63.850948570762739, -22.933961698128542 ], [ -63.851727321541432, -22.935801428491516 ], [ -63.851757635549291, -22.935874214727846 ], [ -63.85233435844475, -22.93737172497049 ], [ -63.852364485602152, -22.937444356085223 ], [ -63.853100353810476, -22.939196202440144 ], [ -63.853132773534014, -22.93926755618412 ], [ -63.853973480088257, -22.941084432871719 ], [ -63.854006003210486, -22.941155450113854 ], [ -63.854498511464044, -22.942309846317016 ], [ -63.850174816583433, -22.948217523721098 ], [ -63.858344545502916, -22.958181617686193 ], [ -63.858285025913688, -22.959652305653776 ], [ -63.863724741809904, -22.96657983465542 ], [ -63.848506618603324, -22.993575505975741 ], [ -63.849367999130607, -23.004477610129754 ], [ -63.852601871098386, -23.004445867783943 ], [ -63.852640977719886, -23.004444594440997 ], [ -63.857692526933135, -23.01100260831862 ], [ -63.87668702638922, -23.042344616742241 ], [ -63.826410684073153, -23.089484589687288 ], [ -63.934646179130596, -23.071784130534581 ], [ -63.959212973628553, -23.101672405801594 ], [ -63.979840934268339, -23.130873736142405 ], [ -63.982254741842155, -23.134200052969618 ], [ -63.982280977374842, -23.13425361713314 ], [ -63.982968981548765, -23.134696440318635 ], [ -63.983001324557108, -23.134747305031055 ], [ -63.983399663310138, -23.136244646655257 ], [ -63.983431655298205, -23.136295307891885 ], [ -63.984235871739202, -23.1368329063082 ], [ -63.987416687511313, -23.138566232440496 ], [ -63.987985094800479, -23.21463114879748 ], [ -63.952815975416343, -23.218216146190173 ], [ -63.95262076555872, -23.218220681666082 ], [ -63.936848343590611, -23.20823028926128 ], [ -63.928803011434582, -23.217653995504179 ], [ -63.926628664963857, -23.218787256038922 ], [ -63.940939037080511, -23.22147128846359 ], [ -63.942252902102439, -23.225857392941975 ], [ -63.955422107651771, -23.230775235964302 ], [ -63.96754227801938, -23.353644095893003 ], [ -64.078692988038767, -23.496651326478741 ], [ -64.078679445557498, -23.496711400257425 ], [ -64.08103560853317, -23.540318967589542 ], [ -64.081020834265928, -23.540384126558422 ], [ -64.081116903217378, -23.54183554858156 ], [ -64.081102050701816, -23.541900876095895 ], [ -64.083394742396365, -23.584915741806356 ], [ -64.076302462806154, -23.621905490191352 ], [ -64.076286427341529, -23.621975842474569 ], [ -64.042498301420324, -23.685985872742549 ], [ -63.888975197331945, -23.770103051237641 ], [ -64.000939225581476, -23.956526252553829 ], [ -63.93302062992592, -23.996478851643076 ], [ -63.964021844960996, -24.061305752543149 ], [ -63.987969273028568, -24.081360871586753 ], [ -63.979439809968824, -24.102027914668895 ], [ -63.932533200793841, -24.12672635742689 ], [ -63.910717496058965, -24.121051259736987 ], [ -63.929535116125578, -24.138842971892188 ], [ -63.971130831891571, -24.178201893455878 ], [ -63.927607083078215, -24.209470673950534 ], [ -63.927752403879481, -24.30825054927061 ], [ -63.768811799387379, -24.319348622423604 ], [ -63.768657312806852, -24.401015247362182 ], [ -63.803507067765281, -24.433747746464292 ], [ -63.78678787448024, -24.479817221162421 ], [ -63.819069997423867, -24.45935933013061 ], [ -63.852678636198561, -24.460593620316956 ], [ -63.84319611787032, -24.524588176533882 ], [ -63.878581060315071, -24.60759500219541 ], [ -63.878566980511266, -24.607611521787533 ], [ -63.746056259952752, -24.620571461488112 ], [ -63.746022907617089, -24.620564744729506 ], [ -63.74598955241413, -24.620558042224104 ], [ -63.724033148735998, -24.634472297946559 ], [ -63.687250974541541, -24.623409372301921 ], [ -63.682691770115639, -24.626773929596482 ], [ -63.688832903962066, -24.628742295069117 ], [ -63.688871019920839, -24.628749955059106 ], [ -63.730413346838986, -24.676237321303176 ], [ -63.829465943231014, -24.673857334608442 ], [ -63.904423230842553, -24.810580998852515 ], [ -63.904467015633088, -24.810589968703709 ], [ -64.002544604156355, -24.921428430174785 ], [ -63.90441924281879, -24.99169456691078 ], [ -63.943691944527757, -25.051617944326608 ], [ -63.932216615629784, -25.197509015101105 ], [ -63.914274902534203, -25.199546577589729 ], [ -63.895738000734639, -25.191367686942669 ], [ -63.892889504660161, -25.193710140579128 ], [ -63.893113168823334, -25.202003080140344 ], [ -63.893099449002079, -25.202077410691743 ], [ -63.893055922325061, -25.202422457117677 ], [ -63.893047241351326, -25.202497757449066 ], [ -63.890339575739688, -25.213453126535114 ], [ -63.892684749470732, -25.218275551436932 ], [ -63.887080587783942, -25.254493061672633 ], [ -63.906356032621716, -25.255423637821423 ], [ -63.89911735068705, -25.281844568312749 ], [ -63.938501472520613, -25.360606954371633 ], [ -63.938669591080327, -25.362731363046123 ], [ -63.939086526886285, -25.361905783391876 ], [ -63.939165404472703, -25.370959596626392 ], [ -63.941977432798978, -25.374915476187198 ], [ -63.95718166417646, -25.378641663455369 ], [ -63.957230694355815, -25.378671977808779 ], [ -63.969337610312095, -25.407060997581709 ], [ -63.965705858781632, -25.413262243501435 ], [ -63.912048645495588, -25.427217633161661 ], [ -63.911733534033317, -25.426188527594149 ], [ -63.90998779782484, -25.427754527740149 ], [ -63.911978216515593, -25.427937089156728 ], [ -63.912034937066096, -25.427888792258216 ], [ -63.91198205946398, -25.427846730230499 ], [ -63.911988619029216, -25.427762349828811 ], [ -63.911986598225496, -25.427683696292661 ], [ -63.912049984221085, -25.427225148296827 ], [ -63.971718190743559, -25.436233458581853 ], [ -63.971715563411522, -25.436271163812876 ], [ -63.97696596497957, -25.449406556963311 ], [ -63.986295046946339, -25.437388759552277 ], [ -63.9773826543734, -25.416427356302108 ], [ -63.98183942288324, -25.412833172840294 ], [ -63.981894258396949, -25.412795120235501 ], [ -63.985788916609351, -25.410975938608544 ], [ -64.015387266686332, -25.42375973627577 ], [ -64.039476857288719, -25.385842140207728 ], [ -64.065656335272365, -25.365699125705305 ], [ -64.067922937288529, -25.371912860196858 ], [ -64.068617116995028, -25.371216574917582 ], [ -64.068942001124753, -25.365274926066718 ], [ -64.068985957026882, -25.365230596701451 ], [ -64.075241483402181, -25.364078498006961 ], [ -64.226748234254615, -25.41427415095535 ], [ -64.226364003486196, -25.414659547165343 ], [ -64.197557896596834, -25.443132796086161 ], [ -64.199913608978989, -25.445096541928308 ], [ -64.391904269350562, -25.624304035705336 ], [ -64.447627188226136, -25.760982039229702 ], [ -64.42327976637938, -25.776687573089987 ], [ -64.418467010505537, -25.778214861583535 ], [ -64.418413410931066, -25.77822294678117 ], [ -64.406854721489594, -25.781461986320892 ], [ -64.406797913747084, -25.781469211831393 ], [ -64.405875787290199, -25.781481400745974 ], [ -64.368097772823091, -25.753553919566684 ], [ -64.353514632986958, -25.799370023374081 ], [ -64.31284993532347, -25.767804409639496 ], [ -64.350931338187991, -25.809452588558145 ], [ -64.343486669027186, -25.849694510631537 ], [ -64.406798805696155, -25.934855418261577 ], [ -64.381396524452782, -25.974746522961311 ], [ -64.374242513941795, -26.026848408538456 ], [ -64.319314086397526, -26.025468483490101 ], [ -64.323010620166372, -26.035886259505958 ], [ -64.302304498203114, -26.058733007784554 ], [ -64.299912238085312, -26.063624238735315 ], [ -64.293170183218194, -26.068559817727646 ], [ -64.292040360978262, -26.07465728619502 ], [ -64.292014809951013, -26.074702149368477 ], [ -64.285824448921801, -26.081545958479921 ], [ -64.289813443262631, -26.089860713624034 ], [ -64.276862155705089, -26.092338007250248 ], [ -64.283621962886116, -26.100056056216431 ], [ -64.267507718023467, -26.103134833521779 ], [ -64.269758365419023, -26.113814496206658 ], [ -64.269046345209915, -26.113917426475837 ], [ -64.262455287554872, -26.103904259697913 ], [ -64.23166995507421, -26.106735745758897 ], [ -64.214889521443979, -26.078856734292231 ], [ -64.214966749316034, -26.078845717276465 ], [ -64.218421183943462, -26.07890016002915 ], [ -64.218215670672009, -26.077781888440427 ], [ -64.214963632662887, -26.078828758446491 ], [ -64.214886404790889, -26.078839775462143 ], [ -64.201498402887012, -26.066686895729731 ], [ -64.176250689166579, -26.084405485945922 ], [ -64.183390611030461, -26.118823043961925 ], [ -64.183326580522817, -26.11884922507079 ], [ -64.171985656471577, -26.12175784451324 ], [ -64.171955121213443, -26.121770329919798 ], [ -64.120952159432704, -26.100563306326762 ], [ -64.117169285334739, -26.150749700954862 ], [ -64.099866804216845, -26.136695320691615 ], [ -64.083901304812173, -26.152270554966265 ], [ -64.103080384424004, -26.166531110793358 ], [ -64.128256651570609, -26.166787356845873 ], [ -64.103786233314906, -26.200242560317179 ], [ -64.100337075910147, -26.197678469941934 ], [ -64.057788138232183, -26.218754259495597 ], [ -64.04611921838341, -26.229407190601989 ], [ -64.019601700241367, -26.238682961947745 ], [ -63.994241614638668, -26.233956196552697 ], [ -63.994329482202374, -26.234309472957875 ], [ -63.98943405739044, -26.239475556821503 ], [ -63.996748616584, -26.242670772032056 ], [ -64.004102610142638, -26.250266242536497 ], [ -64.001728792576216, -26.321394859004727 ], [ -63.996613754495286, -26.338787174038032 ], [ -64.001033518568875, -26.338016410691012 ], [ -63.983780133636287, -26.372938835369951 ], [ -63.984415594667098, -26.372943762064438 ], [ -64.00223792203019, -26.380460163003022 ], [ -64.004214462160576, -26.432462938790877 ], [ -64.021553259523102, -26.395031690729752 ], [ -64.039507324199917, -26.350043853710986 ], [ -64.043823329088696, -26.346160820662817 ], [ -64.04629468851158, -26.347253976411366 ], [ -64.151684233951585, -26.322419392619565 ], [ -64.153248736479782, -26.321179885353047 ], [ -64.153434028402387, -26.320955850325277 ], [ -64.154907601251693, -26.319499839073956 ], [ -64.154698361846783, -26.314314075077334 ], [ -64.173315461514903, -26.31191239441614 ], [ -64.209142090520572, -26.332110072347575 ], [ -64.225473027234727, -26.330057402490638 ], [ -64.226816690008491, -26.334043528187351 ], [ -64.228678629736123, -26.330558545009467 ], [ -64.275988942317611, -26.342279275392968 ], [ -64.251049691278297, -26.389894615438209 ], [ -64.250510812562766, -26.390085163732863 ], [ -64.249426702177061, -26.395975224544031 ], [ -64.238698226953545, -26.429212448586384 ], [ -64.212412325839921, -26.412584549674023 ], [ -64.210769946282937, -26.431488711241741 ], [ -64.211033168613994, -26.43166570565586 ], [ -64.211032758477984, -26.431702483038805 ], [ -64.208352510927512, -26.440192741139356 ], [ -64.208167059963614, -26.443616422595028 ], [ -64.191564160435576, -26.445357735641153 ], [ -64.193315511852461, -26.437377264558449 ], [ -64.189656224009411, -26.434916707715786 ], [ -64.18682258579048, -26.438342837729522 ], [ -64.185666663802294, -26.444384332481206 ], [ -64.179113901441042, -26.447411982027461 ], [ -64.179457410529608, -26.454778821756634 ], [ -64.170949096955837, -26.455054195701905 ], [ -64.167861931279049, -26.462209445721498 ], [ -64.167807183158686, -26.462152602290473 ], [ -64.166921516221407, -26.461155213382824 ], [ -64.166894351378858, -26.461127008892106 ], [ -64.164713793456258, -26.459238746680512 ], [ -64.164547751485145, -26.4592503898686 ], [ -64.162665925524664, -26.457530089202066 ], [ -64.164551033853741, -26.459299380421044 ], [ -64.166722008794295, -26.461336972247409 ], [ -64.165350453944711, -26.468273144037312 ], [ -64.168748814373203, -26.475295547230644 ], [ -64.185017209182888, -26.470556642623535 ], [ -64.185539432548694, -26.470713620436925 ], [ -64.204324286135034, -26.467631758812388 ], [ -64.204253968019316, -26.467531483325104 ], [ -64.204109721824523, -26.467464873204733 ], [ -64.212150617524458, -26.465837307411562 ], [ -64.241040128161444, -26.457155840967971 ], [ -64.2438523923459, -26.480103639371634 ], [ -64.259723282478149, -26.502615673742582 ], [ -64.309825826007511, -26.539324785475969 ], [ -64.301822236575674, -26.567321999579406 ], [ -64.306414715149572, -26.567392817112022 ], [ -64.306893881427698, -26.572354549349825 ], [ -64.310600169278075, -26.575347380457458 ], [ -64.312564459915905, -26.571243463524866 ], [ -64.312599816575073, -26.571227937181561 ], [ -64.322455080126815, -26.577678662587118 ], [ -64.330080460228658, -26.532331064324069 ], [ -64.34972146899338, -26.594994132011664 ], [ -64.401128075753036, -26.602053520954541 ], [ -64.401160341607579, -26.602058185334727 ], [ -64.428939125379145, -26.630253595075999 ], [ -64.443112207523654, -26.664407305660575 ], [ -64.380776688290325, -26.67684108333259 ], [ -64.351174396852571, -26.713582727830271 ], [ -64.377332817810611, -26.722340157647864 ], [ -64.377225767217112, -26.741231504499865 ], [ -64.379945734362877, -26.739290579489477 ], [ -64.38426889692164, -26.747507365094634 ], [ -64.406122255890466, -26.75320183929108 ], [ -64.418194220531745, -26.761647405629162 ], [ -64.42193977534356, -26.769365304512178 ], [ -64.437520759099755, -26.768266672880486 ], [ -64.4457356314241, -26.788821073780809 ], [ -64.448451922881873, -26.797177388313855 ], [ -64.449208637346487, -26.796390663099714 ], [ -64.449215718148992, -26.796384366751397 ], [ -64.449333350498023, -26.796277129889063 ], [ -64.457674532937972, -26.814006346735141 ], [ -64.457674255172719, -26.81407443249077 ], [ -64.457780645523997, -26.827999865885943 ], [ -64.457780376462324, -26.828069594584406 ], [ -64.457784796408589, -26.828546826463423 ], [ -64.457784526968112, -26.82861661938756 ], [ -64.457790325911844, -26.829276235228178 ], [ -64.457790049601329, -26.829346113762597 ], [ -64.450977999615873, -26.829561254438715 ], [ -64.450974463586817, -26.830519943773311 ], [ -64.45007013263546, -26.830473140692334 ], [ -64.450028294095546, -26.83041759620113 ], [ -64.449971716560071, -26.830467905734906 ], [ -64.451283582443637, -26.83622817945718 ], [ -64.443938344547064, -26.83681388367296 ], [ -64.447897746912588, -26.840566485047077 ], [ -64.447905901291108, -26.840618560480095 ], [ -64.434230214760248, -26.855143983913365 ], [ -64.442721736931333, -26.874080498690773 ], [ -64.457953338074901, -26.891273891242236 ], [ -64.458267037440748, -26.907261755456716 ], [ -64.458244000360423, -26.907394446572596 ], [ -64.458243471166668, -26.907473468182218 ], [ -64.45824784353573, -26.907494233213356 ], [ -64.458247541489072, -26.907533750703351 ], [ -64.458294472250657, -26.90870608359603 ], [ -64.458318798341509, -26.907554513656976 ], [ -64.458319100388167, -26.907514996166981 ], [ -64.458320802892786, -26.907496001243771 ], [ -64.458346182278035, -26.907299860977503 ], [ -64.458346711471791, -26.90722083936771 ], [ -64.458942976630624, -26.890765668692893 ], [ -64.459688382690786, -26.884885259380837 ], [ -64.478113287939777, -26.855855778145212 ], [ -64.46347846320424, -26.843759300849399 ], [ -64.4616453015758, -26.833649231328877 ], [ -64.461643524743408, -26.833280889110313 ], [ -64.461641350161813, -26.831385911472751 ], [ -64.462439872845607, -26.817687799699854 ], [ -64.528750187513083, -26.754165384687155 ], [ -64.530336878265302, -26.751783070645217 ], [ -64.546004418891528, -26.753870356662674 ], [ -64.54506512721855, -26.748872031142696 ], [ -64.530033197054024, -26.749082545495412 ], [ -64.510528128708302, -26.742207079097398 ], [ -64.565313158415847, -26.635900459648155 ], [ -64.569829265285989, -26.628956644094274 ], [ -64.571058034671978, -26.629301293586195 ], [ -64.574278100378592, -26.628683875573358 ], [ -64.586269620989754, -26.627087219210068 ], [ -64.600389703545716, -26.664036902037083 ], [ -64.610756294034445, -26.669918015010694 ], [ -64.70190409096557, -26.543425226371141 ], [ -64.701941094329243, -26.54341800737285 ], [ -64.709962733608108, -26.537246813401737 ], [ -64.721017231909457, -26.534513231858114 ], [ -64.731526587245071, -26.502856244148688 ], [ -64.730704812523811, -26.527653514246936 ], [ -64.765858885657451, -26.535618705744696 ], [ -64.772024869985898, -26.532363261149385 ], [ -64.772056098338169, -26.53238617147349 ], [ -64.778009968096171, -26.541213951342741 ], [ -64.772167503111916, -26.531790534025845 ], [ -64.772136274759646, -26.531767623701739 ], [ -64.770816504939035, -26.508674789095494 ], [ -64.753142342357648, -26.498235279891446 ], [ -64.756570436115908, -26.482663587022444 ], [ -64.767345683404073, -26.475613315502699 ], [ -64.75767190292197, -26.461573976001375 ], [ -64.757159082811143, -26.459033768698532 ], [ -64.756813845225849, -26.431957764176445 ], [ -64.758452417036096, -26.430415779602754 ], [ -64.762094072353023, -26.423527519919844 ], [ -64.73632296184752, -26.397900035225632 ], [ -64.777586570313019, -26.370882776118265 ], [ -64.777622500969187, -26.370866911863573 ], [ -64.777763125042782, -26.370427169952166 ], [ -64.777790687009713, -26.370399187375369 ], [ -64.779460735385385, -26.369571717066492 ], [ -64.778245476194627, -26.369152938670936 ], [ -64.777609782945376, -26.370316780680469 ], [ -64.776102688039259, -26.369192342978522 ], [ -64.739075344326409, -26.387114735709645 ], [ -64.734999910548424, -26.330725757257539 ], [ -64.735048631985819, -26.330675579800754 ], [ -64.752935091816369, -26.319528899686645 ], [ -64.752988809242993, -26.319501937309326 ], [ -64.785125443818401, -26.313673124500269 ], [ -64.785241962096109, -26.313671465618029 ], [ -64.785308319425781, -26.313694332358068 ], [ -64.795831843086773, -26.311393023826611 ], [ -64.969066589007298, -26.310649095985923 ], [ -64.974097643048765, -26.326852911340495 ], [ -64.990223758929517, -26.30448368273079 ], [ -64.983128607970684, -26.283346307004706 ], [ -65.005281896580982, -26.298438010713312 ], [ -65.065226755258323, -26.280423360609461 ], [ -65.094357135068265, -26.31560026991599 ], [ -65.084784265449741, -26.324245722902276 ], [ -65.157268995642823, -26.375272300957022 ], [ -65.21903893084243, -26.362781882633385 ], [ -65.237773388401308, -26.380024352760074 ], [ -65.250477812120721, -26.396046208841312 ], [ -65.250778326093211, -26.396878550709175 ], [ -65.243572209570516, -26.416319265354844 ], [ -65.242630051823483, -26.419342896874696 ], [ -65.242592924776886, -26.419416133803395 ], [ -65.242595804254506, -26.419448668286748 ], [ -65.242599191760348, -26.419481153803531 ], [ -65.242006703524737, -26.421348225276574 ], [ -65.242072893010345, -26.421417126359984 ], [ -65.242079225098792, -26.42148133920881 ], [ -65.239351975951763, -26.42998953496965 ], [ -65.226222852884348, -26.457263750450409 ], [ -65.187271803371743, -26.45791571139199 ], [ -65.179000616503174, -26.497329206730001 ], [ -65.233443009642599, -26.529380075264896 ], [ -65.233449097388927, -26.52942850466701 ], [ -65.23110516943791, -26.561169972720677 ], [ -65.233072542631419, -26.572321160183549 ], [ -65.233307358082243, -26.575212770265864 ], [ -65.233320890838854, -26.575245767954527 ], [ -65.245334075005303, -26.585881615167239 ], [ -65.266161860730733, -26.589955217532008 ], [ -65.258195313244755, -26.597464415796196 ], [ -65.258126076617827, -26.597475628358552 ], [ -65.256574874696014, -26.598133718334566 ], [ -65.25277848708231, -26.600569783885987 ], [ -65.252847298300367, -26.601311247512569 ], [ -65.247123684929022, -26.603993170854096 ], [ -65.251247426021507, -26.609769265399336 ], [ -65.25926018309633, -26.604624158708589 ], [ -65.263617857849226, -26.609695661257263 ], [ -65.260982796345729, -26.620744563497851 ], [ -65.260374942454064, -26.623079015888379 ], [ -65.260351830313425, -26.623141711858125 ], [ -65.259192611753349, -26.625645508291257 ], [ -65.258022582092792, -26.628172665166119 ], [ -65.247365364670486, -26.626354407670533 ], [ -65.247235660164847, -26.625149427871008 ], [ -65.245854408315495, -26.626727017706401 ], [ -65.245071341752919, -26.627389956809679 ], [ -65.245098003295197, -26.627409799405882 ], [ -65.216465095917044, -26.636233328375113 ], [ -65.216465172542939, -26.636233386521667 ], [ -65.215420752673253, -26.635833281653049 ], [ -65.215456080973013, -26.63565725711635 ], [ -65.214885187851166, -26.635579084218932 ], [ -65.214845983426301, -26.635583955571235 ], [ -65.2132388130496, -26.635773270417246 ], [ -65.213567788202852, -26.634229894687905 ], [ -65.212398476571138, -26.63335964576504 ], [ -65.211348948094667, -26.633665728680739 ], [ -65.211345087594736, -26.633662908722613 ], [ -65.211704832477437, -26.632847639302838 ], [ -65.211221533213177, -26.632490395969228 ], [ -65.210819453503859, -26.63291968485845 ], [ -65.210865413877457, -26.633748307000928 ], [ -65.210786819208124, -26.633755534476506 ], [ -65.210785963995249, -26.633755595238313 ], [ -65.210558434153427, -26.632938229958597 ], [ -65.209640977222591, -26.63296096244693 ], [ -65.209565150091578, -26.632274751116142 ], [ -65.209618050490747, -26.632230605504276 ], [ -65.209553880938074, -26.632184099117865 ], [ -65.209503549384749, -26.632240199544128 ], [ -65.209565122501488, -26.632274753427964 ], [ -65.209640539398038, -26.632960999132251 ], [ -65.209455943922308, -26.63307776910915 ], [ -65.209382755427157, -26.633107471340679 ], [ -65.209379022092719, -26.633108051464319 ], [ -65.208707803274478, -26.633376307292451 ], [ -65.208642525236485, -26.633364303632334 ], [ -65.208118993770654, -26.632456604095751 ], [ -65.207620584654819, -26.632416176232198 ], [ -65.206686138275245, -26.632154168414104 ], [ -65.202340454582441, -26.631155277817754 ] ], [ [ -65.131456633453467, -26.027935159348431 ], [ -65.12180132309669, -26.017654891925304 ], [ -65.112695617587008, -26.011554425945462 ], [ -65.090952593235613, -25.995497913749432 ], [ -65.068536761654059, -25.985322130142436 ], [ -65.020612140906792, -25.954070167339296 ], [ -64.977157182362191, -25.943839893733355 ], [ -64.960616561494192, -25.924788817050398 ], [ -64.9605914102317, -25.924786891402562 ], [ -64.871277399644839, -25.903608977963586 ], [ -64.856115100428497, -25.907747670703088 ], [ -64.785104501360593, -25.926187632375559 ], [ -64.764271548579757, -25.940923824115032 ], [ -64.719144956793457, -25.960869333328162 ], [ -64.719105457796161, -25.96090343344656 ], [ -64.71732134481249, -25.960173314785095 ], [ -64.717278352609469, -25.960209672115866 ], [ -64.715967138634369, -25.961866298644168 ], [ -64.71592219900117, -25.961898174680925 ], [ -64.703507807716278, -25.954677755639409 ], [ -64.706366916053469, -25.95186322812026 ], [ -64.705956924978352, -25.95163991308749 ], [ -64.70559361123577, -25.95145753428568 ], [ -64.69320882146161, -25.954677570377726 ], [ -64.693178389624279, -25.954705814391332 ], [ -64.693353397830549, -25.956295251908955 ], [ -64.693353780472648, -25.956306246007102 ], [ -64.693365374924781, -25.956336017373133 ], [ -64.693345032919467, -25.956344802214687 ], [ -64.677713847435882, -25.970993037550784 ], [ -64.67855559086604, -25.957491855429055 ], [ -64.678548772321449, -25.957481089829173 ], [ -64.68013507279295, -25.94990052016999 ], [ -64.68018514942105, -25.949850896211444 ], [ -64.68274789228991, -25.951593671057822 ], [ -64.6946955696435, -25.937737336608393 ], [ -64.730660228230306, -25.906846321269711 ], [ -64.73285681875268, -25.904678104181073 ], [ -64.741212531713131, -25.892776758247692 ], [ -64.741237559365004, -25.8927474398306 ], [ -64.746654709543577, -25.878694904648967 ], [ -64.750264755371063, -25.871314217186125 ], [ -64.77117905077381, -25.857516788649662 ], [ -64.782406681793645, -25.84999048921361 ], [ -64.792123219458858, -25.845175526006017 ], [ -64.792148079384731, -25.845164685470365 ], [ -64.795108437517229, -25.843380511408498 ], [ -64.800138232890106, -25.840069160862299 ], [ -64.803305220436982, -25.838957021164276 ], [ -64.804696084943032, -25.785036735538483 ], [ -64.804645500437232, -25.7850331561649 ], [ -64.802031669139694, -25.778987749531552 ], [ -64.801988192054012, -25.778960113006576 ], [ -64.802024020337853, -25.76410596899666 ], [ -64.790816094455408, -25.743883687404889 ], [ -64.790828090372372, -25.743881175507738 ], [ -64.755091486397134, -25.70800199212357 ], [ -64.751386594022563, -25.678992463801649 ], [ -64.699407938831996, -25.592993844636169 ], [ -64.699386299915716, -25.592990214264375 ], [ -64.698638555735783, -25.591682045761956 ], [ -64.698582258355373, -25.591693325878794 ], [ -64.686615513954791, -25.5631352597253 ], [ -64.677010033603494, -25.551286161627218 ], [ -64.653229821752973, -25.537633176293241 ], [ -64.653161871718851, -25.537631550456751 ], [ -64.627549086396414, -25.550063654637995 ], [ -64.627386428982049, -25.550231797780611 ], [ -64.612926975318999, -25.564448056823096 ], [ -64.602805453758378, -25.559543642073152 ], [ -64.602440581723954, -25.559434363518847 ], [ -64.586355623269355, -25.538741734591554 ], [ -64.588171963255775, -25.53873846182006 ], [ -64.588155154634137, -25.538672301936174 ], [ -64.519478488571224, -25.448738679479391 ], [ -64.51945280752949, -25.448706127901801 ], [ -64.502063225596771, -25.440414092954143 ], [ -64.49196755681055, -25.433213858623333 ], [ -64.466972601644329, -25.407005770966464 ], [ -64.451151133775454, -25.364761403735258 ], [ -64.450192496080604, -25.36534602868204 ], [ -64.434407665491051, -25.37969973144817 ], [ -64.403040745970429, -25.336538177414923 ], [ -64.370955293067709, -25.299085416830394 ], [ -64.370917630210613, -25.299030385654987 ], [ -64.374209588808412, -25.290372136108999 ], [ -64.377608735413844, -25.286496300676959 ], [ -64.370811783872227, -25.261460511080941 ], [ -64.378114186094081, -25.24999549854067 ], [ -64.378637715522075, -25.248908474395762 ], [ -64.38123596040424, -25.248470978816272 ], [ -64.380331710599876, -25.246513932502978 ], [ -64.380311527304059, -25.246470254597511 ], [ -64.384603843475816, -25.243227300824174 ], [ -64.385266003325967, -25.242644685407015 ], [ -64.38637313025589, -25.241975548739276 ], [ -64.387852375285831, -25.24028892380187 ], [ -64.391008149131267, -25.241358465412702 ], [ -64.391039131849823, -25.241351775112207 ], [ -64.391062301901002, -25.241348122744114 ], [ -64.398184739001806, -25.233366509432415 ], [ -64.399224241522859, -25.238776351673152 ], [ -64.404193529428483, -25.251993771456625 ], [ -64.404224683574114, -25.252478706474392 ], [ -64.405137526349449, -25.252570512240652 ], [ -64.404280402236338, -25.253938030583129 ], [ -64.404276982574629, -25.25395836234253 ], [ -64.402601468379146, -25.255962208442668 ], [ -64.402602192191125, -25.255997251929784 ], [ -64.406897982378609, -25.254126912826564 ], [ -64.421123596169991, -25.266703604311601 ], [ -64.424729121525218, -25.287542091503667 ], [ -64.437543753987711, -25.303919418148212 ], [ -64.437566547551796, -25.303933840122681 ], [ -64.437582549984597, -25.303938340657794 ], [ -64.437605317030432, -25.303952766257282 ], [ -64.445936370565846, -25.308028692871289 ], [ -64.44595541394682, -25.308040757558672 ], [ -64.446008204631028, -25.308099940591262 ], [ -64.446027340657224, -25.308112034213138 ], [ -64.446216912835325, -25.308165302431121 ], [ -64.446235844649493, -25.308177266984842 ], [ -64.457737833534736, -25.313774309424673 ], [ -64.457750360380885, -25.313772756482365 ], [ -64.489440215705883, -25.307428967411681 ], [ -64.527545539877849, -25.297496593239032 ], [ -64.525988551225623, -25.274931698764931 ], [ -64.527350186657827, -25.274995784299676 ], [ -64.527957046382539, -25.245464713602246 ], [ -64.533940857051732, -25.241338585045639 ], [ -64.529211663132742, -25.228447047174654 ], [ -64.545353506175957, -25.201131153657059 ], [ -64.530966769279132, -25.179726890279085 ], [ -64.530462394202232, -25.134779053251691 ], [ -64.504431335988897, -25.096505601872877 ], [ -64.504147928350562, -25.096280499665738 ], [ -64.459095950194751, -25.072196008884191 ], [ -64.455653670517449, -25.06988694170326 ], [ -64.354951067691559, -25.027608204742478 ], [ -64.333432749845372, -25.041215713450754 ], [ -64.332540186015592, -25.033944546516238 ], [ -64.330480925854545, -25.032540576885822 ], [ -64.330369198389519, -25.032345883889946 ], [ -64.330354763694004, -25.032338391414442 ], [ -64.330204919602636, -25.032122785385582 ], [ -64.330189796027753, -25.032117123311366 ], [ -64.330020783039686, -25.031930268028759 ], [ -64.330005105347936, -25.031926775028126 ], [ -64.329174644901002, -25.031033643266937 ], [ -64.324050333854586, -25.019758261502773 ], [ -64.324003022770285, -25.019702277296346 ], [ -64.3240235077281, -25.019643275954934 ], [ -64.294604387032678, -24.972181725005214 ], [ -64.244483467675479, -24.874592871622383 ], [ -64.237759393728084, -24.858923832892742 ], [ -64.237736995866896, -24.858903071080135 ], [ -64.225449496092608, -24.843467124485869 ], [ -64.217459684750054, -24.820326800104681 ], [ -64.205475183023225, -24.809194049635721 ], [ -64.20216927378209, -24.804525002193543 ], [ -64.202177414086805, -24.804464612047411 ], [ -64.18677598070775, -24.783325340806641 ], [ -64.18608010644698, -24.780165231878755 ], [ -64.184835751279252, -24.777298315131304 ], [ -64.184257808644702, -24.776400103501942 ], [ -64.184248709626218, -24.776401208350705 ], [ -64.183910567820192, -24.775869928857617 ], [ -64.17545938649198, -24.750043520051747 ], [ -64.164241121047951, -24.725527029777993 ], [ -64.174713539478773, -24.700938387605959 ], [ -64.17682461972521, -24.700752081338806 ], [ -64.185953121254101, -24.698764901257562 ], [ -64.185959617534877, -24.698814327755713 ], [ -64.186576080881025, -24.698796358150446 ], [ -64.186581467163194, -24.698775018220829 ], [ -64.18658869775328, -24.698831701274457 ], [ -64.186878317310402, -24.698855417645518 ], [ -64.188463033672917, -24.69891244713375 ], [ -64.191009497255834, -24.702480546762217 ], [ -64.191666960610007, -24.703484522735891 ], [ -64.191626895487673, -24.703516470980219 ], [ -64.191630256485723, -24.70354281774496 ], [ -64.192119456731007, -24.704444055937302 ], [ -64.192121458253439, -24.704451421758506 ], [ -64.192006493846918, -24.70474589563986 ], [ -64.19197108684773, -24.704773078020139 ], [ -64.192373050430547, -24.705378834855594 ], [ -64.194099445938889, -24.706176618239908 ], [ -64.197458595535068, -24.711538426110337 ], [ -64.197706893494058, -24.712151283798278 ], [ -64.197902050292328, -24.712245622290141 ], [ -64.199407891060787, -24.709917727662969 ], [ -64.199422267657553, -24.709937484937541 ], [ -64.200073910467324, -24.710027392907591 ], [ -64.206621980237287, -24.716389125340072 ], [ -64.210374821106029, -24.71733890771219 ], [ -64.210390302445262, -24.717396492060061 ], [ -64.228411203368239, -24.724386056264564 ], [ -64.228435246194351, -24.724402994068271 ], [ -64.238385449577891, -24.724974089675925 ], [ -64.238425078967566, -24.724994966937459 ], [ -64.248433155691771, -24.738700396032812 ], [ -64.269310222359309, -24.755388135472117 ], [ -64.297487691901665, -24.777911322791681 ], [ -64.331394897556606, -24.784332886440836 ], [ -64.429020177060238, -24.766482881837362 ], [ -64.429033014239621, -24.766494781326855 ], [ -64.441612209920265, -24.770885053103825 ], [ -64.463739866205344, -24.772529936145759 ], [ -64.466760764059188, -24.770562178263788 ], [ -64.466803877687198, -24.770581752835881 ], [ -64.467792433720774, -24.769932299636594 ], [ -64.467839424194779, -24.769945650302589 ], [ -64.468269569162771, -24.76957534286214 ], [ -64.500358317949804, -24.795004327705726 ], [ -64.554312394777867, -24.838131578590094 ], [ -64.599330180883328, -24.845732834141927 ], [ -64.605269471384076, -24.841616054205247 ], [ -64.62950293184889, -24.814845928335615 ], [ -64.649347883361997, -24.799101556736161 ], [ -64.649495779969811, -24.794822830397322 ], [ -64.649519571185124, -24.794766486088122 ], [ -64.649511474345786, -24.794751617571592 ], [ -64.656427479196964, -24.785671218105165 ], [ -64.657206637734589, -24.784710350294631 ], [ -64.657209443901422, -24.784653482372676 ], [ -64.704332247140826, -24.755391819556166 ], [ -64.71850698554033, -24.701529185585116 ], [ -64.701301729959539, -24.68031191867442 ], [ -64.698880290291925, -24.67914853923304 ], [ -64.698843020064544, -24.679115757599789 ], [ -64.698822308505612, -24.679098169138172 ], [ -64.698781840114464, -24.678996301435973 ], [ -64.686277208926015, -24.677438926941818 ], [ -64.650419830221892, -24.636037800306326 ], [ -64.650387968189762, -24.636018536847644 ], [ -64.650349792960469, -24.636035483192529 ], [ -64.649794291016178, -24.635922314084553 ], [ -64.638306476932826, -24.619390063421122 ], [ -64.638277070524055, -24.619376632598062 ], [ -64.638240209739649, -24.619367304495768 ], [ -64.636418611725105, -24.617762746012886 ], [ -64.595539252440346, -24.592217972559411 ], [ -64.59552714998938, -24.592215116648958 ], [ -64.595449783016761, -24.592262108821501 ], [ -64.595437532236076, -24.59226155176151 ], [ -64.595384472476837, -24.592213842006515 ], [ -64.587344263119689, -24.588657010811687 ], [ -64.583761962263566, -24.590928085032488 ], [ -64.519862491998367, -24.67503109160225 ], [ -64.567503600575833, -24.582139349815122 ], [ -64.5592051207434, -24.535829897957342 ], [ -64.559205079549429, -24.535829794767722 ], [ -64.559291946232577, -24.535698821619803 ], [ -64.559238620504402, -24.535374616865226 ], [ -64.549061930175299, -24.521906670242288 ], [ -64.549071568017553, -24.521890672463826 ], [ -64.55816182215932, -24.517010762565633 ], [ -64.574912143609197, -24.50469554464064 ], [ -64.574971562749568, -24.504694888713232 ], [ -64.5934580975632, -24.492069867003011 ], [ -64.600977674201886, -24.484011005317825 ], [ -64.602462366599468, -24.482423771217782 ], [ -64.604036752585046, -24.481294800055252 ], [ -64.607336761474187, -24.484124684366748 ], [ -64.612484659610516, -24.478379591902865 ], [ -64.615090058464943, -24.476852327958397 ], [ -64.615107237316465, -24.47683116386554 ], [ -64.615145314919005, -24.476806331057901 ], [ -64.627217856833795, -24.475928437005336 ], [ -64.627547899252022, -24.475279126362921 ], [ -64.627208560789938, -24.47452460476643 ], [ -64.634119175758485, -24.466514983325681 ], [ -64.635669793656405, -24.4648961793539 ], [ -64.636026801828052, -24.464597281945203 ], [ -64.643776088221159, -24.470091829073624 ], [ -64.643397341902869, -24.472357818970409 ], [ -64.645644058174526, -24.473370418334753 ], [ -64.649278487655465, -24.472784962550975 ], [ -64.649292282478427, -24.472806423847999 ], [ -64.649342359549109, -24.472801087426376 ], [ -64.65215835509332, -24.472657084792218 ], [ -64.65335987621404, -24.473408121860302 ], [ -64.656483879717769, -24.473122250943845 ], [ -64.657959844893355, -24.473551729866131 ], [ -64.658473830890841, -24.474829179697849 ], [ -64.666073174539235, -24.482262650482426 ], [ -64.668084393113872, -24.479875520417693 ], [ -64.669542441929877, -24.480189292253613 ], [ -64.690684082012353, -24.456492229009314 ], [ -64.689860971376618, -24.452282886789362 ], [ -64.684081984221507, -24.44371078010505 ], [ -64.689590563413788, -24.440735309849799 ], [ -64.689586114101189, -24.440714428947729 ], [ -64.688011333267013, -24.433719585790698 ], [ -64.677617757788255, -24.435872297417518 ], [ -64.666178316975675, -24.438241624776083 ], [ -64.666113805992097, -24.438244408443268 ], [ -64.66195160049142, -24.437565279647288 ], [ -64.661888359645957, -24.437561294063983 ], [ -64.64659065450104, -24.428288416556768 ], [ -64.645109331277183, -24.429343438635101 ], [ -64.624162543010016, -24.423318736594013 ], [ -64.608292417358143, -24.446021329534631 ], [ -64.607458331371447, -24.445587999845941 ], [ -64.602891857984218, -24.446724186696713 ], [ -64.548090402491596, -24.403981240462485 ], [ -64.523472411638011, -24.375015250483443 ], [ -64.510957816027371, -24.366473025030132 ], [ -64.508072214402489, -24.364604912636821 ], [ -64.462950824476593, -24.312546762486079 ], [ -64.448225457154933, -24.301008328996261 ], [ -64.448211305535551, -24.300972680310849 ], [ -64.448205581209834, -24.300952904219059 ], [ -64.447798175016374, -24.300633505789392 ], [ -64.447777957876838, -24.300599591611103 ], [ -64.442451357914194, -24.295873213845141 ], [ -64.442242850041112, -24.295621124201375 ], [ -64.442103385456164, -24.295465352182816 ], [ -64.442121423067135, -24.2944737315118 ], [ -64.442101593718633, -24.294432614275877 ], [ -64.442091699665525, -24.294368462309592 ], [ -64.436160964287978, -24.279989384791406 ], [ -64.430218605847188, -24.276957845841821 ], [ -64.429241536461632, -24.275332481340001 ], [ -64.429230825190189, -24.275299702316147 ], [ -64.426477973677379, -24.272826706686658 ], [ -64.425840797646174, -24.272893092663253 ], [ -64.425283246656875, -24.272823586463176 ], [ -64.424792811916575, -24.271650708947959 ], [ -64.424774438859913, -24.271627128079786 ], [ -64.424739652750532, -24.271498523568994 ], [ -64.420067122656405, -24.267067614914708 ], [ -64.417050673313668, -24.265099222599417 ], [ -64.416752304090551, -24.2649574423844 ], [ -64.416159695084048, -24.264628176243377 ], [ -64.416154669868604, -24.264609101158669 ], [ -64.415970711547232, -24.264618451929948 ], [ -64.415952290583732, -24.264590188134093 ], [ -64.415142507883104, -24.264584849958965 ], [ -64.414846959140107, -24.264492471808126 ], [ -64.414824962518537, -24.264496435059471 ], [ -64.414372613187822, -24.264477930660405 ], [ -64.414362127904155, -24.264476645420302 ], [ -64.414328767808058, -24.264463469164127 ], [ -64.414520659613515, -24.264043185903574 ], [ -64.414562357599834, -24.264012143345099 ], [ -64.414556731670416, -24.263985539150156 ], [ -64.414597492328539, -24.262916034104364 ], [ -64.414321511864046, -24.262872063654243 ], [ -64.41433362120938, -24.262839848244369 ], [ -64.414307300049359, -24.262811923193567 ], [ -64.414140049510536, -24.262816608138792 ], [ -64.414114203459121, -24.262806579638891 ], [ -64.414199310014681, -24.26211836564147 ], [ -64.414200644015864, -24.262104928925737 ], [ -64.41421542226675, -24.262106559598465 ], [ -64.414220429505804, -24.261978170229099 ], [ -64.414221095645303, -24.261972511242675 ], [ -64.414198277009802, -24.261822539975299 ], [ -64.414188480326402, -24.261811155416808 ], [ -64.414166159552224, -24.261272390322233 ], [ -64.414016863431414, -24.260789581985023 ], [ -64.414004995816356, -24.260775689626541 ], [ -64.414011760844801, -24.260753958906037 ], [ -64.414001211600009, -24.260741028685175 ], [ -64.413931677490439, -24.260730302127911 ], [ -64.413935821456676, -24.260690900602128 ], [ -64.41391989293561, -24.260689596118937 ], [ -64.413932712466817, -24.260456737966194 ], [ -64.413885915948413, -24.260237819192582 ], [ -64.414140634540445, -24.260461484592042 ], [ -64.41466166001004, -24.260499569400963 ], [ -64.414696115750417, -24.260539867954606 ], [ -64.415293174567239, -24.260715099974846 ], [ -64.415307950653812, -24.260837266638589 ], [ -64.415718119349435, -24.261019911169171 ], [ -64.41573762017498, -24.261022983102123 ], [ -64.416318722741494, -24.261129331733343 ], [ -64.416325357522794, -24.261089676339452 ], [ -64.416589474547891, -24.261117220701976 ], [ -64.416618873841571, -24.261118966572894 ], [ -64.416632101105222, -24.261123470422547 ], [ -64.41677773634899, -24.261165834155349 ], [ -64.417209456607736, -24.261648604405934 ], [ -64.418268587564455, -24.261422460887616 ], [ -64.419195910277381, -24.261344554978166 ], [ -64.419224889748989, -24.261346606828681 ], [ -64.419259554108748, -24.261345104981331 ], [ -64.419529740137307, -24.261181544546901 ], [ -64.422293537327334, -24.261186804011231 ], [ -64.422287554900095, -24.261154747102353 ], [ -64.420817029953298, -24.250932119080232 ], [ -64.423475787033226, -24.247883857556928 ], [ -64.42352469441812, -24.247894613276628 ], [ -64.429211398005862, -24.244894449061462 ], [ -64.429350501467582, -24.244559381405622 ], [ -64.429397249107069, -24.24459179861708 ], [ -64.429398130135098, -24.244571353872516 ], [ -64.461188811449745, -24.168081712782055 ], [ -64.485611857137883, -24.133021053392156 ], [ -64.485617148777521, -24.132981975641087 ], [ -64.483311232693836, -24.07616074929183 ], [ -64.492988438282907, -24.058297061841699 ], [ -64.497514055050999, -24.033097314339216 ], [ -64.486995128425974, -24.006190455311071 ], [ -64.482400663965336, -24.004052193573898 ], [ -64.482378915673394, -24.003999282119935 ], [ -64.484624992549982, -23.992828399230461 ], [ -64.47466146801122, -23.980914444574125 ], [ -64.474655611109938, -23.980896277046895 ], [ -64.468774299413724, -23.945367258323927 ], [ -64.454092840825297, -23.901506621328679 ], [ -64.454055282485115, -23.901459690140143 ], [ -64.449427292789665, -23.869243684710511 ], [ -64.446618172028934, -23.865439876750145 ], [ -64.446583915640304, -23.865381333517405 ], [ -64.449042141208906, -23.860377061760516 ], [ -64.449352822031813, -23.858905545576135 ], [ -64.454536163548994, -23.861327025362414 ], [ -64.456629452547304, -23.862179399593686 ], [ -64.456667020060934, -23.862243601448483 ], [ -64.457168257541696, -23.863494242743343 ], [ -64.490450924613867, -23.877828855972496 ], [ -64.495087030991954, -23.885933750220659 ], [ -64.498326206246986, -23.88698956514628 ], [ -64.559256632765596, -23.90929237896745 ], [ -64.586206321746204, -23.920206395644527 ], [ -64.539485713731381, -23.947563551431131 ], [ -64.555218700080047, -23.96122835868772 ], [ -64.555252442624806, -23.961271356782845 ], [ -64.562712798354255, -23.97025623213591 ], [ -64.562735956015558, -23.970303356581837 ], [ -64.603905535928845, -23.98428511114497 ], [ -64.604251204170566, -23.984099502127094 ], [ -64.635591306831202, -23.969476144673081 ], [ -64.64082694072215, -23.964898058380015 ], [ -64.642555351532621, -23.968578326130853 ], [ -64.657506425633073, -24.00050295160105 ], [ -64.657839995286054, -24.002696353183183 ], [ -64.657830212523095, -24.002751506132483 ], [ -64.658064316451942, -24.003297410188225 ], [ -64.65806923447002, -24.003296310047119 ], [ -64.658047762658668, -24.003356653116384 ], [ -64.658661430673135, -24.004260633731292 ], [ -64.658669600294445, -24.004255137787254 ], [ -64.65974710447739, -24.00693739144748 ], [ -64.661916557855591, -24.003918588922829 ], [ -64.661917583449963, -24.003914821353703 ], [ -64.66188792346378, -24.003507563318522 ], [ -64.661865177926416, -24.003455431140651 ], [ -64.659211843780497, -24.002603855747964 ], [ -64.664296303193964, -23.973692214135554 ], [ -64.66933046608807, -23.966494356400801 ], [ -64.669341829573341, -23.96646656299697 ], [ -64.66887599834314, -23.953735003883139 ], [ -64.668865654185709, -23.953711867547611 ], [ -64.66867891383896, -23.95351352129461 ], [ -64.668681945104936, -23.953492415863593 ], [ -64.672303276335469, -23.934675462759571 ], [ -64.675820902806834, -23.900573358161751 ], [ -64.683037101788841, -23.89881480151837 ], [ -64.68008964196639, -23.892000874563678 ], [ -64.680116037199241, -23.886283068953617 ], [ -64.680226959456206, -23.86222088465513 ], [ -64.679207487055862, -23.857971617108262 ], [ -64.679183993347181, -23.857915329294201 ], [ -64.678191216427479, -23.856829311410934 ], [ -64.677697682745759, -23.856386521017498 ], [ -64.675960172058808, -23.854547421309235 ], [ -64.675883881984191, -23.854494886703151 ], [ -64.665118739587797, -23.846771447132767 ], [ -64.665508288340163, -23.845700040040299 ], [ -64.665495535442233, -23.845527842934302 ], [ -64.662349958103107, -23.840544495305437 ], [ -64.668336456762233, -23.809370007629695 ], [ -64.668418665701097, -23.809262876017158 ], [ -64.670136071430875, -23.799598627734156 ], [ -64.668951345172104, -23.797654814660973 ], [ -64.668056406805306, -23.796785531385581 ], [ -64.667897772874767, -23.796499684220976 ], [ -64.664905113844668, -23.79372457616455 ], [ -64.664384955173091, -23.793686240572981 ], [ -64.664224714517047, -23.793642537622816 ], [ -64.66020980602525, -23.793158443614459 ], [ -64.658705978551836, -23.792694066525712 ], [ -64.658651566894264, -23.792686906059771 ], [ -64.655856719521807, -23.791234310282505 ], [ -64.655822451243125, -23.791230418012447 ], [ -64.65478545888277, -23.791241939584154 ], [ -64.654714966665892, -23.791240979901147 ], [ -64.654561122553162, -23.791273516514138 ], [ -64.654531129003544, -23.791279397093263 ], [ -64.652158761705323, -23.790220524768927 ], [ -64.649902093184096, -23.790910841835057 ], [ -64.649858690913277, -23.79091589163329 ], [ -64.649852029607018, -23.790914886877545 ], [ -64.649807447028309, -23.790911520263478 ], [ -64.643586162831411, -23.790434593843486 ], [ -64.642109287854282, -23.800596180941113 ], [ -64.642046394442218, -23.800590927788448 ], [ -64.642000232733949, -23.800378784020666 ], [ -64.641937112134542, -23.800372384653144 ], [ -64.636680848238484, -23.78973178131514 ], [ -64.636637075772114, -23.789700716931293 ], [ -64.634259460231931, -23.787565408932437 ], [ -64.630819343352755, -23.782617976833137 ], [ -64.630761589587451, -23.782528250978828 ], [ -64.630705246876062, -23.782495627107664 ], [ -64.626619343523714, -23.776617585941949 ], [ -64.621662236345003, -23.7734732590568 ], [ -64.621625300253299, -23.773454370835907 ], [ -64.621565760425369, -23.773385010919185 ], [ -64.62116521745503, -23.772883166425743 ], [ -64.621129703966631, -23.772864349957729 ], [ -64.620142480714321, -23.773091838374341 ], [ -64.620081022484442, -23.773071365929638 ], [ -64.620047725145412, -23.773082551726361 ], [ -64.61318078302088, -23.773025631196504 ], [ -64.612539913120884, -23.772919628733405 ], [ -64.612532939835944, -23.772935204018381 ], [ -64.612481101057938, -23.772907120262289 ], [ -64.612165488043274, -23.77309630338857 ], [ -64.612101934214138, -23.773080963670907 ], [ -64.610695323018888, -23.773630729976617 ], [ -64.610713703918918, -23.773672439976281 ], [ -64.610669196086008, -23.77373181987565 ], [ -64.610517213077514, -23.773681483753705 ], [ -64.610464771693671, -23.773641547274963 ], [ -64.61021846673458, -23.773292825620501 ], [ -64.610198179020131, -23.773246788671202 ], [ -64.610200329742383, -23.773247631923425 ], [ -64.605194003053555, -23.764468907590356 ], [ -64.604845465311598, -23.758427875261134 ], [ -64.603772372792832, -23.756941764881333 ], [ -64.603751510237771, -23.756933017251072 ], [ -64.603425669950127, -23.756888827882904 ], [ -64.60342471235117, -23.756733486290784 ], [ -64.603544572250769, -23.756488395027304 ], [ -64.603554029719874, -23.756468422650755 ], [ -64.603581289316708, -23.756215792096498 ], [ -64.603646067471459, -23.755613105856241 ], [ -64.603545345760267, -23.755521864721231 ], [ -64.603094983145354, -23.755011585298234 ], [ -64.601246804299308, -23.754183819412731 ], [ -64.601212051429286, -23.75418694823793 ], [ -64.600512066271108, -23.754764766121752 ], [ -64.599833077032827, -23.755058106454157 ], [ -64.598771017870718, -23.755537828772617 ], [ -64.598719971854337, -23.755551544318848 ], [ -64.595946699636329, -23.757514471107413 ], [ -64.594366200928675, -23.757781728096234 ], [ -64.593841020280365, -23.758200714358622 ], [ -64.59384297930302, -23.758224026488563 ], [ -64.593498125793644, -23.759160649628654 ], [ -64.59353001420294, -23.759225005163671 ], [ -64.593523847140091, -23.759563725413216 ], [ -64.59351443081016, -23.759660461771887 ], [ -64.593503752189406, -23.760030145929932 ], [ -64.593503788973862, -23.760046581917095 ], [ -64.593524873146748, -23.760057515978986 ], [ -64.592758479946895, -23.760019307263178 ], [ -64.592683291770527, -23.759996008839323 ], [ -64.592031928748611, -23.759985934029373 ], [ -64.591960130130019, -23.759955732635888 ], [ -64.59193281368141, -23.759973327648652 ], [ -64.59164810638697, -23.759886377488954 ], [ -64.591647496598569, -23.759885392055992 ], [ -64.59155577155974, -23.759596776036176 ], [ -64.587947894520028, -23.757250947938019 ], [ -64.587906355797088, -23.757159292894528 ], [ -64.586709850436307, -23.754036303119676 ], [ -64.580283466367348, -23.742925654351893 ], [ -64.580234603023314, -23.742880689605556 ], [ -64.573703978503829, -23.732407515146519 ], [ -64.573644441648582, -23.732313014139208 ], [ -64.573589454904265, -23.732263199741283 ], [ -64.572141196540713, -23.732608165622025 ], [ -64.569306615200219, -23.725489824111207 ], [ -64.563258387846076, -23.702444044294566 ], [ -64.563225118465994, -23.702414002401667 ], [ -64.547406804858156, -23.702926047014046 ], [ -64.547404077480621, -23.702922678241066 ], [ -64.547400700701246, -23.702418540714234 ], [ -64.547390678940587, -23.701333782355618 ], [ -64.547387216226809, -23.701328265368772 ], [ -64.547387404393362, -23.701086244796443 ], [ -64.550042673373696, -23.685215123549654 ], [ -64.550019866016896, -23.685178069237679 ], [ -64.549968218642334, -23.684540581665601 ], [ -64.544222669819476, -23.649443994849605 ], [ -64.570579223589107, -23.663790168008632 ], [ -64.570611068330948, -23.663835732633231 ], [ -64.571090584945011, -23.664150133676742 ], [ -64.571119521864716, -23.664197146474407 ], [ -64.572063696350369, -23.664802903323732 ], [ -64.57609780300254, -23.667604457709103 ], [ -64.576124352903207, -23.667647172203715 ], [ -64.577878753167852, -23.668854687246323 ], [ -64.577904037236976, -23.6688961088513 ], [ -64.579786807723337, -23.670215119564602 ], [ -64.57995121507571, -23.670346942393508 ], [ -64.581515666986775, -23.672086595603957 ], [ -64.581542225151395, -23.672078525352902 ], [ -64.607668555096723, -23.682155353908854 ], [ -64.61172776970011, -23.685635358887339 ], [ -64.617928475329165, -23.685470808890784 ], [ -64.710071519134374, -23.677534113123158 ], [ -64.710397020165942, -23.677564986420521 ], [ -64.710731218087631, -23.677599297317556 ], [ -64.710732034860428, -23.677598098798057 ], [ -64.710743809005976, -23.677570851554833 ], [ -64.710744837231118, -23.677569893774603 ], [ -64.710756012560523, -23.677549389303124 ], [ -64.711126078301049, -23.677391730403542 ], [ -64.757195867123642, -23.692214540707766 ], [ -64.758058754567969, -23.692487168975106 ], [ -64.758088562733576, -23.692537296064984 ], [ -64.785781574245789, -23.701450640619498 ], [ -64.785803677801937, -23.70149097491327 ], [ -64.786296271761785, -23.70165567900932 ], [ -64.799776620451098, -23.705776393476469 ], [ -64.818874520064469, -23.711879251845346 ], [ -64.850478021504046, -23.727212898944686 ], [ -64.854190060917574, -23.723883724843574 ], [ -64.854238415861971, -23.723882964997699 ], [ -64.854219647847117, -23.72412787102553 ], [ -64.854268727244914, -23.724135753082749 ], [ -64.855587716074524, -23.722836880157899 ], [ -64.856836276094441, -23.72369523472986 ], [ -64.895552514748658, -23.739412629205617 ], [ -64.901141281786522, -23.742333714731444 ], [ -64.945438656248086, -23.830191163553991 ], [ -64.9978069957196, -23.93362596787091 ], [ -64.998063666292751, -23.933803269192936 ], [ -64.999894085115557, -23.935575415732046 ], [ -65.003824523125274, -23.939977840359404 ], [ -65.013505797043763, -23.946092905470209 ], [ -65.030993970853615, -23.970754432229171 ], [ -65.030937256533832, -23.970766355251385 ], [ -65.034505784961141, -23.982619064018479 ], [ -65.034458700602158, -23.982627950223559 ], [ -65.078291263158007, -24.055669000942373 ], [ -65.096660582695392, -24.084687292946285 ], [ -65.12085347087492, -24.068293174433506 ], [ -65.129224518414503, -24.060507273790449 ], [ -65.129265470767052, -24.060562477965448 ], [ -65.129294559122229, -24.060386786022036 ], [ -65.131718236787378, -24.059237828858784 ], [ -65.136371893364185, -24.055397116668701 ], [ -65.136330515166605, -24.055341338450432 ], [ -65.145104870498244, -24.044291886384997 ], [ -65.219421588360262, -24.014353654011472 ], [ -65.244714287361774, -24.03087802121189 ], [ -65.245203101169068, -24.030887998931178 ], [ -65.245335533930017, -24.030744355968409 ], [ -65.245555189633933, -24.030628770643432 ], [ -65.245601016159185, -24.030603153503648 ], [ -65.25588890064688, -24.018231192035557 ], [ -65.25593420832962, -24.018231069889794 ], [ -65.272503366086767, -24.010154587574505 ], [ -65.272524166727692, -24.010129991582232 ], [ -65.276939395618115, -24.007715196813365 ], [ -65.290658671243591, -24.000357684990377 ], [ -65.302734118182855, -23.996885451758772 ], [ -65.304668109039142, -23.996382036602313 ], [ -65.304722048947326, -23.996412406223669 ], [ -65.304690806779092, -23.996503916009999 ], [ -65.304746693433799, -23.996530105012084 ], [ -65.304743051293315, -23.99673379371302 ], [ -65.304799218353367, -23.9967583553439 ], [ -65.304769551102709, -23.996849043665975 ], [ -65.32090467287685, -23.998987648358877 ], [ -65.316777703554635, -23.993095088682651 ], [ -65.317631713783499, -23.991329089882129 ], [ -65.318981331930217, -23.991961779923656 ], [ -65.319016876803857, -23.991956903101084 ], [ -65.32227492183307, -23.991581985877588 ], [ -65.32642714432933, -23.993691905374305 ], [ -65.326430714090975, -23.993692408533775 ], [ -65.326430508774308, -23.993694341435059 ], [ -65.326688052277802, -23.993760711240725 ], [ -65.326750960379115, -23.993719103776243 ], [ -65.326793149538219, -23.993714973367844 ], [ -65.326808032374515, -23.993711332203247 ], [ -65.333182605609295, -23.992800267890516 ], [ -65.342164326122941, -23.990687236026645 ], [ -65.342179926029985, -23.990663511491789 ], [ -65.342198847730458, -23.990654911747299 ], [ -65.348496115499643, -23.989211266062341 ], [ -65.392645897118598, -23.967977961364397 ], [ -65.426659344362861, -23.939913043051888 ], [ -65.427060032055067, -23.938434229863276 ], [ -65.427148103571085, -23.938209700286052 ], [ -65.42715085905013, -23.938181540197434 ], [ -65.432455712546698, -23.934468388062271 ], [ -65.435680347035998, -23.930401449282556 ], [ -65.436278479319185, -23.928743102543706 ], [ -65.439342915420582, -23.919885200491763 ], [ -65.439333340924691, -23.917011154479894 ], [ -65.43824154078527, -23.915980999206909 ], [ -65.438223191491261, -23.915950858331087 ], [ -65.438259234609461, -23.915296457985903 ], [ -65.439758060693862, -23.911774449859649 ], [ -65.441178280050963, -23.907977178319072 ], [ -65.442185984247089, -23.90612203587915 ], [ -65.442529060787024, -23.905490446306487 ], [ -65.442850132650165, -23.904899366423876 ], [ -65.443070820926039, -23.904493079868985 ], [ -65.443065895093298, -23.904466556048249 ], [ -65.44031284071184, -23.889495633896843 ], [ -65.441633119603239, -23.882225277847567 ], [ -65.441625676640001, -23.882199706074857 ], [ -65.440575593431504, -23.866598573492013 ], [ -65.433485439446429, -23.859748171586432 ], [ -65.433336121102627, -23.859479102124453 ], [ -65.433184769359912, -23.858680449550207 ], [ -65.43229730389595, -23.857959084649792 ], [ -65.432213470592387, -23.857630826797049 ], [ -65.431446758831896, -23.856697143866541 ], [ -65.431433237034355, -23.856695420122662 ], [ -65.43248976285372, -23.851438823216711 ], [ -65.433999175576957, -23.849327863017891 ], [ -65.442867406730386, -23.838408295722957 ], [ -65.44374217674789, -23.837731139964319 ], [ -65.444546398281091, -23.835944246338101 ], [ -65.44782029066306, -23.831052420492881 ], [ -65.44782063695169, -23.831012235843843 ], [ -65.447834364441121, -23.830977086143889 ], [ -65.449073266536004, -23.829550263560179 ], [ -65.452186612519142, -23.824766084014755 ], [ -65.452468324619645, -23.824405634887682 ], [ -65.461583353821197, -23.810794250440381 ], [ -65.46157376130941, -23.810739293006236 ], [ -65.461567300922979, -23.810716991446441 ], [ -65.462208853948425, -23.809684863682662 ], [ -65.462202357008664, -23.809628164949117 ], [ -65.464766797943525, -23.806170104037278 ], [ -65.465338034184242, -23.804733153197901 ], [ -65.465333038411302, -23.80467061792973 ], [ -65.46573200935461, -23.804012539663006 ], [ -65.465728828511999, -23.803949250778373 ], [ -65.466990857647318, -23.801064613026881 ], [ -65.466984492256529, -23.800999341022703 ], [ -65.467327124779445, -23.800435952470991 ], [ -65.467323524856397, -23.800369912445376 ], [ -65.468014023567207, -23.799203571696523 ], [ -65.468011258908859, -23.799192220135751 ], [ -65.468007009343808, -23.799125107448049 ], [ -65.468446621760677, -23.798116184220078 ], [ -65.468452812603175, -23.798049346336313 ], [ -65.469033351508756, -23.796825177573169 ], [ -65.469273800100609, -23.796547315694852 ], [ -65.469270641789592, -23.796538697782523 ], [ -65.475405310668975, -23.786411446185468 ], [ -65.47563158638394, -23.786000040293686 ], [ -65.47578078638054, -23.78578661728767 ], [ -65.47755523247622, -23.780160506464256 ], [ -65.479642262895823, -23.7799734138502 ], [ -65.479760913156099, -23.780055602977029 ], [ -65.479821868340991, -23.780274305900434 ], [ -65.479818460392949, -23.780353163955454 ], [ -65.479856174326244, -23.780393254170974 ], [ -65.480239836617329, -23.781924110615478 ], [ -65.480237123072584, -23.782001132211178 ], [ -65.480347441749075, -23.782258746716195 ], [ -65.480343065838497, -23.782335209407847 ], [ -65.480511758340242, -23.782839497673194 ], [ -65.480506777786502, -23.782915132020321 ], [ -65.480658690762482, -23.783506857059422 ], [ -65.480653588266023, -23.78358177644418 ], [ -65.480842279758576, -23.784166386348204 ], [ -65.480833746881785, -23.784240048663833 ], [ -65.480833192288685, -23.784245024201084 ], [ -65.4809058435427, -23.784454094512341 ], [ -65.480891002363535, -23.784526261226119 ], [ -65.480990257938515, -23.785165567313584 ], [ -65.480963574496741, -23.785232738504646 ], [ -65.48081224329627, -23.785948652708498 ], [ -65.481639887114568, -23.787371582407104 ], [ -65.48203118046365, -23.796751598071921 ], [ -65.482411876707374, -23.797602958691812 ], [ -65.48241124318514, -23.797624348167119 ], [ -65.482414894658064, -23.79768201528384 ], [ -65.482774169653737, -23.798969834229524 ], [ -65.483189314564981, -23.799671342739998 ], [ -65.483181128728972, -23.799694616271097 ], [ -65.48318364151595, -23.799749082082428 ], [ -65.483308406512435, -23.79998412068727 ], [ -65.483585578853308, -23.800425722398302 ], [ -65.483590745625122, -23.80047870352081 ], [ -65.484331355420125, -23.801949111534213 ], [ -65.485557344762071, -23.803904675266949 ], [ -65.485561025071036, -23.803948739387124 ], [ -65.485860730599256, -23.804451281519903 ], [ -65.485862436213324, -23.804494409694087 ], [ -65.485945893804626, -23.804648583698508 ], [ -65.4862287891508, -23.805105069230876 ], [ -65.486232123360423, -23.805146805653465 ], [ -65.486698228845398, -23.806103252578339 ], [ -65.486692425742945, -23.806140971143122 ], [ -65.486697020264501, -23.80618106748949 ], [ -65.487026804678123, -23.806658017522921 ], [ -65.487516601135951, -23.807278262759837 ], [ -65.487526858900821, -23.807314783848597 ], [ -65.48824108247112, -23.808312157597072 ], [ -65.488246117923723, -23.8083477103213 ], [ -65.491148556160226, -23.812178550338388 ], [ -65.491324170978714, -23.812500143234445 ], [ -65.492587304606104, -23.818403737296421 ], [ -65.492976681839878, -23.820253337119311 ], [ -65.492986793308603, -23.82026951600767 ], [ -65.493434058851676, -23.822501066025779 ], [ -65.493418172687939, -23.822516193956403 ], [ -65.493906641882177, -23.823867142971324 ], [ -65.493797267666707, -23.824141584293159 ], [ -65.493799405636594, -23.824157069902128 ], [ -65.497532159089246, -23.825348641865446 ], [ -65.49785668225644, -23.825481252107238 ], [ -65.497876485696224, -23.825512487545382 ], [ -65.49787724760165, -23.825513154527414 ], [ -65.497879025043687, -23.825517140854402 ], [ -65.497875720070056, -23.825539630335015 ], [ -65.49798833919067, -23.825494502505705 ], [ -65.497879539490555, -23.825859632860215 ], [ -65.497029020605851, -23.830585750298326 ], [ -65.496998260645455, -23.830556567171811 ], [ -65.496171175669872, -23.834785345118746 ], [ -65.495059862193955, -23.833930160517923 ], [ -65.495020532075955, -23.833911146074399 ], [ -65.494089969641266, -23.833850212432253 ], [ -65.493641392239283, -23.834046674940907 ], [ -65.493563827727257, -23.834097128815074 ], [ -65.49181001786485, -23.835237988356766 ], [ -65.491526028571059, -23.837608034943003 ], [ -65.491402950430654, -23.837832636978646 ], [ -65.491509114675523, -23.837831906273209 ], [ -65.49139723643259, -23.838392814371218 ], [ -65.492324812189054, -23.847601329205816 ], [ -65.492699541859224, -23.851321512279299 ], [ -65.492724801780469, -23.851337141438762 ], [ -65.495562783084722, -23.851649453612765 ], [ -65.495442527673788, -23.852180235741059 ], [ -65.488910905201919, -23.863596085375036 ], [ -65.481347101740027, -23.895612616788981 ], [ -65.479825273779397, -23.899280825191681 ], [ -65.478192116536718, -23.90321738127767 ], [ -65.478004554181155, -23.905094175667898 ], [ -65.47806842132951, -23.905110537638166 ], [ -65.477902786388995, -23.905628683884629 ], [ -65.478254326935144, -23.905833514047572 ], [ -65.478253865712645, -23.905837840687866 ], [ -65.480291232641036, -23.906972644082941 ], [ -65.480362116375943, -23.906971507523224 ], [ -65.481352653149315, -23.907071040313213 ], [ -65.481521993584693, -23.907019949581581 ], [ -65.482441361575866, -23.907859228574523 ], [ -65.483157889227982, -23.908513337279885 ], [ -65.488986044544049, -23.918301376332408 ], [ -65.49319409980518, -23.918943406350877 ], [ -65.504736388632466, -23.923183577042835 ], [ -65.504776117062249, -23.923180379121277 ], [ -65.531628268787983, -23.943020601449234 ], [ -65.531687775602848, -23.946660315764063 ], [ -65.517421193439304, -23.948941347339769 ], [ -65.516288762096735, -23.950021902597484 ], [ -65.516226373677739, -23.950049757164493 ], [ -65.515760692930542, -23.950712270595375 ], [ -65.510604856695693, -23.952458449800702 ], [ -65.510538099439088, -23.952473192088462 ], [ -65.510531556447631, -23.95248171008285 ], [ -65.506853888211708, -23.953745611919203 ], [ -65.506788294061494, -23.953761726332289 ], [ -65.506555039114573, -23.954017182310338 ], [ -65.484213360907859, -23.973977324087514 ], [ -65.480930088195976, -23.975779498038776 ], [ -65.478993519114454, -23.977299692190059 ], [ -65.477892423252683, -23.97745689611537 ], [ -65.476738544914042, -23.978117129997884 ], [ -65.476728375550522, -23.978122908796934 ], [ -65.47568864397158, -23.980109093584645 ], [ -65.475687488082656, -23.980120148831986 ], [ -65.475666243851947, -23.980173894081531 ], [ -65.475664697825778, -23.980184957265692 ], [ -65.475699235978482, -23.981088613684904 ], [ -65.475697637477765, -23.981099094493914 ], [ -65.475706792424091, -23.981708203778908 ], [ -65.475704734114572, -23.98171820324842 ], [ -65.477105124622028, -23.98943972397467 ], [ -65.477097633914525, -23.989596323589183 ], [ -65.477096855319814, -23.989598011236467 ], [ -65.477052605053416, -23.989674814055775 ], [ -65.477445475441471, -23.991316361878603 ], [ -65.477645019184592, -23.991064471220227 ], [ -65.47764947651342, -23.991062128403257 ], [ -65.477849128021433, -23.990788872945529 ], [ -65.477853246539155, -23.990788312131656 ], [ -65.478417223546387, -23.990526981475341 ], [ -65.504710852008543, -24.009200312578344 ], [ -65.504773395763152, -24.009213199226792 ], [ -65.524606774466804, -24.003562941531357 ], [ -65.525623520158717, -24.003135965051229 ], [ -65.539842199527186, -24.014047902548725 ], [ -65.552700369760714, -24.010178587580924 ], [ -65.552752996159597, -24.010128484309803 ], [ -65.553809164195741, -24.009745532219029 ], [ -65.561158106595883, -24.007171027828122 ], [ -65.561420257139559, -24.007394040493352 ], [ -65.564104452899528, -24.020773452459935 ], [ -65.564931504751939, -24.027127232149098 ], [ -65.564905142446378, -24.02716056705566 ], [ -65.56489658401108, -24.02731947367846 ], [ -65.534232770244785, -24.037532212518215 ], [ -65.533157429212281, -24.037879291744105 ], [ -65.533587254322185, -24.041731352589863 ], [ -65.533360563505255, -24.110930568091362 ], [ -65.539811008828792, -24.122047379304092 ], [ -65.540944914658155, -24.1265621116533 ], [ -65.538150391634304, -24.131326560232594 ], [ -65.547157625237276, -24.140610446086555 ], [ -65.545589507241004, -24.157711106988017 ], [ -65.552661304428057, -24.158900871830042 ], [ -65.562089195323438, -24.160487034788559 ], [ -65.552952256581193, -24.162304694280238 ], [ -65.547927431060373, -24.163304308263207 ], [ -65.543372593737672, -24.167872453943687 ], [ -65.534107114756466, -24.19292600108281 ], [ -65.534156848386544, -24.192963032021851 ], [ -65.549305888673132, -24.205888401603943 ], [ -65.544025321015681, -24.205029718629703 ], [ -65.543991173467248, -24.205035970104348 ], [ -65.545573455687247, -24.215758526860441 ], [ -65.545632128066018, -24.215790252489228 ], [ -65.540900286480451, -24.230799001520268 ], [ -65.556710442551775, -24.248587965595846 ], [ -65.51832533804469, -24.301411402051542 ], [ -65.625289418173566, -24.420677049846745 ], [ -65.671890078807962, -24.445588492206696 ], [ -65.714029035214196, -24.366932394595608 ], [ -65.73598079647121, -24.328304476040273 ], [ -65.735977655956219, -24.328242478679613 ], [ -65.728703296068034, -24.313324197467637 ], [ -65.728699434922305, -24.313266136492246 ], [ -65.738083119480734, -24.292997147699168 ], [ -65.738079440230592, -24.292932393935928 ], [ -65.750467170816876, -24.277582146939608 ], [ -65.750192417471737, -24.276612158617468 ], [ -65.750193442891486, -24.276607194475673 ], [ -65.760027868826796, -24.262394495352737 ], [ -65.761084750218345, -24.261415594123946 ], [ -65.761664022823254, -24.261469851775018 ], [ -65.763481786150521, -24.261108054881788 ], [ -65.768384228778018, -24.258882996767738 ], [ -65.769345415211262, -24.258699977573201 ], [ -65.77064033734888, -24.255428702290715 ], [ -65.77769206274877, -24.254752346817213 ], [ -65.777698093281742, -24.254746525983023 ], [ -65.790854052984344, -24.248747226708304 ], [ -65.828366871452488, -24.228847636613125 ], [ -65.840868165723407, -24.220203617131517 ], [ -65.846418777855263, -24.218217108903559 ], [ -65.846419606763391, -24.218147087808234 ], [ -65.844590278221062, -24.21749499240849 ], [ -65.853359892602043, -24.21374836060528 ], [ -65.857244786755018, -24.207679764204499 ], [ -65.857593542092673, -24.208297427980483 ], [ -65.858928904916127, -24.210135418939899 ], [ -65.858942500032185, -24.210140753813334 ], [ -65.858983641433099, -24.210117396945236 ], [ -65.858997661542617, -24.21012156072328 ], [ -65.859217352275721, -24.210355859221409 ], [ -65.86003403225817, -24.211795489804672 ], [ -65.861994704398683, -24.212543298314699 ], [ -65.862004363332289, -24.212542866983483 ], [ -65.86200501633715, -24.212612379686277 ], [ -65.861357111207326, -24.213914196301744 ], [ -65.86135627172348, -24.213985110766373 ], [ -65.863269784798774, -24.213799712626439 ], [ -65.913082057269378, -24.220680872766422 ], [ -65.927010486590859, -24.208637139772577 ], [ -65.927502115444554, -24.209081130925426 ], [ -65.927966900511706, -24.208042506821357 ], [ -65.928586938703631, -24.207606844021029 ], [ -65.948452039645701, -24.194107849647253 ], [ -65.967261882664673, -24.181614097932822 ], [ -65.967275555315609, -24.181316646981543 ], [ -65.967315435291084, -24.181305202749684 ], [ -65.987167269533359, -24.175050279401432 ], [ -65.987167357287774, -24.175076975450622 ], [ -66.000953799026945, -24.174471437319824 ], [ -66.005785761285495, -24.170634791417683 ], [ -66.005783403174462, -24.1706154044698 ], [ -66.00582497275451, -24.170573161872483 ], [ -66.007207310452429, -24.166873224579319 ], [ -66.007198846951496, -24.166850482795553 ], [ -66.006805971805306, -24.155120858964665 ], [ -66.006779772940888, -24.155119667368353 ], [ -66.00677626748319, -24.155087249557312 ], [ -66.002438128334575, -24.137860367509859 ], [ -66.005232554841029, -24.138014668821256 ], [ -66.00526772558743, -24.137966068937487 ], [ -66.018888929148602, -24.138769939701206 ], [ -66.018888243159552, -24.138793370648898 ], [ -66.017727078190319, -24.143083851310848 ], [ -66.017735472441018, -24.143092634985521 ], [ -66.021112017318671, -24.147965270374641 ], [ -66.021396153358978, -24.149778899189073 ], [ -66.033963736140095, -24.161290776989688 ], [ -66.033988422505388, -24.161298548087416 ], [ -66.038053102644653, -24.163777072523146 ], [ -66.043423156432766, -24.168693414357392 ], [ -66.043470109185819, -24.168700727626401 ], [ -66.043493747728235, -24.168700940733459 ], [ -66.044192951427874, -24.1682576675218 ], [ -66.044214873408464, -24.168256315345729 ], [ -66.054228153752035, -24.182747318415238 ], [ -66.061788503691105, -24.182023175098379 ], [ -66.072658366734288, -24.180982039257287 ], [ -66.073405285807439, -24.179868772509622 ], [ -66.073435429664812, -24.179797717997644 ], [ -66.073971762684835, -24.178957934016694 ], [ -66.073999704512005, -24.178884385979643 ], [ -66.073986638306678, -24.178583885337218 ], [ -66.074179184423485, -24.178548122355949 ], [ -66.074179771836157, -24.17856095216041 ], [ -66.074559202997762, -24.179248960284951 ], [ -66.074544417280777, -24.179287879016101 ], [ -66.074808281151263, -24.179696082640362 ], [ -66.074862105348075, -24.179835720826873 ], [ -66.074865030801845, -24.181897261208462 ], [ -66.074828067032627, -24.181890947258125 ], [ -66.074279492482503, -24.182715298795756 ], [ -66.075662412582687, -24.184616009330057 ], [ -66.077934228370452, -24.188065947607868 ], [ -66.121649423453221, -24.2585499360016 ], [ -66.121640717540345, -24.258560423525239 ], [ -66.124528930810413, -24.259082745056048 ], [ -66.124902227162465, -24.259094589699998 ], [ -66.124916286023733, -24.259101373590511 ], [ -66.124946404291336, -24.259214155186839 ], [ -66.12496054095584, -24.259221361855793 ], [ -66.125317347839598, -24.259212369985505 ], [ -66.126265090138077, -24.259188485984964 ], [ -66.127234911312939, -24.263527068944995 ], [ -66.128504024606514, -24.263611152729709 ], [ -66.132580243203392, -24.261877044771666 ], [ -66.13262987428368, -24.261912424596801 ], [ -66.142834030869778, -24.262595818554757 ], [ -66.142835709572296, -24.262591692597141 ], [ -66.140772862703443, -24.261007246092447 ], [ -66.140823746107571, -24.261014593008895 ], [ -66.142838562171789, -24.25512968274694 ], [ -66.21094184071967, -24.21280503439624 ], [ -66.210990679985173, -24.212790682130731 ], [ -66.224519714514997, -24.225705269044226 ], [ -66.238282532583639, -24.193649693637497 ], [ -66.245146183486668, -24.190736253707485 ], [ -66.245188066206993, -24.190713712113734 ], [ -66.253810856511166, -24.188432547273862 ], [ -66.261112817913727, -24.187180787904538 ], [ -66.261156899977379, -24.187169785983201 ], [ -66.291243306256433, -24.17690707665713 ], [ -66.306949135232287, -24.181955221931901 ], [ -66.308375145097841, -24.180713562553308 ], [ -66.308771863653533, -24.179354833695982 ], [ -66.30950508628797, -24.179921516900947 ], [ -66.31408844251348, -24.184971727419679 ], [ -66.323110701999383, -24.188882482975544 ], [ -66.324762186385897, -24.189231817972029 ], [ -66.324902567554318, -24.189661512068767 ], [ -66.324902836062847, -24.189665536920245 ], [ -66.324539901570688, -24.192668863905681 ], [ -66.324506485338077, -24.192966526370299 ], [ -66.327342597972404, -24.193588776024853 ], [ -66.329578773332742, -24.199196049857676 ], [ -66.338559964764727, -24.204334792968154 ], [ -66.340417917031175, -24.204720489837825 ], [ -66.346701091615614, -24.215042512557034 ], [ -66.349253524459641, -24.217785094093642 ], [ -66.349305373890161, -24.217825322125577 ], [ -66.348936946730362, -24.21879473144719 ], [ -66.348890807579835, -24.218776091734753 ], [ -66.345995789191136, -24.218192927275709 ], [ -66.345980115384464, -24.218190824658279 ], [ -66.345980569948836, -24.218181119235396 ], [ -66.345347028051663, -24.218117051353374 ], [ -66.345279158684377, -24.218130406142222 ], [ -66.344556504264915, -24.218205118779338 ], [ -66.344780038914621, -24.218383700765344 ], [ -66.345032086950198, -24.219682717838907 ], [ -66.348627998213885, -24.221170987139942 ], [ -66.346615459207953, -24.230225285845336 ], [ -66.346377069443236, -24.240338170622465 ], [ -66.346451267259113, -24.242786879847699 ], [ -66.347076165845237, -24.244227456632075 ], [ -66.347554130933645, -24.244820631090136 ], [ -66.347598212976266, -24.244812972094564 ], [ -66.348615891410702, -24.245269972673555 ], [ -66.34912142980221, -24.247129325105334 ], [ -66.348357852241747, -24.246359399765197 ], [ -66.348355328367177, -24.246369407271516 ], [ -66.3483509174917, -24.246366093160304 ], [ -66.348313679437922, -24.246403719694797 ], [ -66.348234416522928, -24.246507798123616 ], [ -66.348234488721801, -24.246508100307494 ], [ -66.348239791001049, -24.246567986430478 ], [ -66.349491907241259, -24.251079356107255 ], [ -66.346251616345626, -24.248961579057266 ], [ -66.346136455622002, -24.248759033898409 ], [ -66.343886218788782, -24.247202976233609 ], [ -66.343830390678647, -24.247164526767961 ], [ -66.342395200839405, -24.248038188884152 ], [ -66.338911386040365, -24.246859850168732 ], [ -66.337782886315779, -24.247146443698625 ], [ -66.337745494764874, -24.247115493972728 ], [ -66.337691037951572, -24.247106585959898 ], [ -66.337658045738976, -24.247070835275792 ], [ -66.335775299213083, -24.24815119017461 ], [ -66.332026389289354, -24.24670900615979 ], [ -66.3319807931843, -24.246723243389226 ], [ -66.331873896138063, -24.246636470406941 ], [ -66.330954535006242, -24.246755332545206 ], [ -66.330907761809556, -24.246770017056861 ], [ -66.329633399753106, -24.248244084755868 ], [ -66.329282856389568, -24.248315058747608 ], [ -66.322854851767545, -24.252301611432188 ], [ -66.322750855854849, -24.252332258823856 ], [ -66.322724039501907, -24.252340518389587 ], [ -66.322719084794926, -24.25233861659143 ], [ -66.322623191630498, -24.252355067531312 ], [ -66.322618828064208, -24.252352429927669 ], [ -66.32255548675289, -24.252206998276961 ], [ -66.322550898318468, -24.252203999860569 ], [ -66.32233926985964, -24.252309041985427 ], [ -66.322276277444757, -24.252268031940844 ], [ -66.314569122695445, -24.250628679167562 ], [ -66.298964116665388, -24.245651144828742 ], [ -66.296465768558676, -24.246934524778169 ], [ -66.290751340267946, -24.245984643820634 ], [ -66.290720536783283, -24.246049679137229 ], [ -66.29072038600259, -24.246056888820306 ], [ -66.296295754704772, -24.253799344513652 ], [ -66.296309425526488, -24.253784757730784 ], [ -66.296320480515078, -24.253795544242735 ], [ -66.300865404105934, -24.260589202225049 ], [ -66.300418429956437, -24.263815568239124 ], [ -66.300354256059222, -24.263825431543523 ], [ -66.295131439846841, -24.269192708783862 ], [ -66.267038067597525, -24.309896853737598 ], [ -66.233996396025532, -24.345111455057236 ], [ -66.233537656259102, -24.347186752369282 ], [ -66.221695802010004, -24.346102977715532 ], [ -66.221679509246258, -24.346104448729932 ], [ -66.221303226808061, -24.346067660647748 ], [ -66.221283362152974, -24.346038672225518 ], [ -66.218062798662345, -24.345777068224834 ], [ -66.21119168825885, -24.340189427822111 ], [ -66.211180475123626, -24.340149258314739 ], [ -66.190460931637915, -24.35080797070043 ], [ -66.190451327772166, -24.350820049550521 ], [ -66.189450472969327, -24.352683250781695 ], [ -66.187924942792733, -24.357071095525953 ], [ -66.187581957431462, -24.358510682196425 ], [ -66.18213054536875, -24.369951152787678 ], [ -66.143421443895761, -24.426109548447187 ], [ -66.143401507147757, -24.426129425375109 ], [ -66.129244187716495, -24.431432115300083 ], [ -66.129233833305477, -24.431452465407801 ], [ -66.060692537480861, -24.547089907089287 ], [ -66.060546231041485, -24.547422590304279 ], [ -66.060546233902642, -24.547424683841825 ], [ -66.059911581955816, -24.549315714673924 ], [ -66.059910980739062, -24.54931791441237 ], [ -66.059645826694407, -24.549701623478029 ], [ -66.059684808296424, -24.552547500883747 ], [ -66.049632374113116, -24.57307378007232 ], [ -66.053103899030702, -24.557432335667272 ], [ -66.042307203788255, -24.563301558066769 ], [ -66.032874633948381, -24.575294023127412 ], [ -66.032631793901089, -24.580938603932736 ], [ -66.032650808255198, -24.580959415012273 ], [ -66.032639925490173, -24.581006970077226 ], [ -66.036357850098398, -24.592131821025475 ], [ -66.036416596731897, -24.592163968078523 ], [ -66.037847390228535, -24.595703930213688 ], [ -66.037834092939136, -24.595711756696403 ], [ -66.037816956171241, -24.595724941121091 ], [ -66.037825898475546, -24.595745321847062 ], [ -66.036123455785287, -24.597059689913181 ], [ -66.036119134710646, -24.597075200990787 ], [ -66.036063549814855, -24.598531817448986 ], [ -66.03316036167837, -24.596650349744493 ], [ -66.033121774193432, -24.596597118246905 ], [ -66.014323730998512, -24.600156427888408 ], [ -66.002314323548148, -24.613323192926487 ], [ -66.002286643527725, -24.615278201903777 ], [ -66.011117602496256, -24.640039411744169 ], [ -65.993564863866482, -24.65592307757646 ], [ -65.993577027447657, -24.655969822309089 ], [ -65.99135437104934, -24.660101375658655 ], [ -65.983692377733007, -24.663032596732137 ], [ -65.983705686884718, -24.663073904307282 ], [ -65.978188922536106, -24.669019300585262 ], [ -65.935791011238507, -24.672393386215333 ], [ -65.921983543959016, -24.722678743273207 ], [ -65.915482837587604, -24.749728836029874 ], [ -65.911281837648744, -24.754261867932144 ], [ -65.879023801912012, -24.898819991854054 ], [ -65.893805606103001, -24.894032020507098 ], [ -65.89447643623356, -24.895704467652308 ], [ -65.902848518437509, -24.89978529340857 ], [ -65.902857770045671, -24.89979950778536 ], [ -65.9028937320453, -24.900043481371938 ], [ -65.902912204062204, -24.90007186219043 ], [ -65.909793772857086, -24.915084081703526 ], [ -65.922081245959475, -24.938608659852889 ], [ -65.91827891681362, -24.964310409273708 ], [ -65.918291122479843, -24.964352355077438 ], [ -65.924167644096201, -24.970533432962441 ], [ -65.904377592386481, -25.007540390599047 ], [ -65.904716538983905, -25.010466130081056 ], [ -65.904727336365056, -25.010498621021725 ], [ -65.903994663362937, -25.013371203848806 ], [ -65.90399913668989, -25.013407208635044 ], [ -65.903639448509864, -25.029501222522413 ], [ -65.90364105239837, -25.02954073091729 ], [ -65.902236841706269, -25.044128508247809 ], [ -65.908195489467289, -25.062076099140313 ], [ -65.907147041779126, -25.063387505666526 ], [ -65.907157289874931, -25.063421617967947 ], [ -65.909856861777826, -25.068458376769627 ], [ -65.908537297955434, -25.073612141381773 ], [ -65.907325699321291, -25.077160638850444 ], [ -65.907332980166643, -25.077191790468248 ], [ -65.903500571700533, -25.092447638980218 ], [ -65.904053914401516, -25.093634251044193 ], [ -65.90408845641565, -25.093664338320593 ], [ -65.90417276474318, -25.093686358737727 ], [ -65.904207117788928, -25.093716556726008 ], [ -65.904418245863667, -25.094332734797945 ], [ -65.904645831014477, -25.094473158546748 ], [ -65.905039436898278, -25.095263272897853 ], [ -65.905073589864514, -25.095295238855215 ], [ -65.905120234699893, -25.095304409883852 ], [ -65.910569004257923, -25.102617336893957 ], [ -65.913778075278742, -25.104931576576519 ], [ -65.913831270216463, -25.104942660115114 ], [ -65.915626534943272, -25.104728992401022 ], [ -65.915676635594821, -25.104745628350884 ], [ -65.915811604728219, -25.104842007772334 ], [ -65.918876086605735, -25.108023071565924 ], [ -65.921420879375489, -25.109300498217124 ], [ -65.921471463262492, -25.109322710924289 ], [ -65.923103647659048, -25.109393390893786 ], [ -65.92315120989025, -25.109418629703327 ], [ -65.924072784570001, -25.110304292013325 ], [ -65.924119771906248, -25.110331920584485 ], [ -65.927201434420056, -25.114069145996382 ], [ -65.927252561609009, -25.114097152944225 ], [ -65.928777327217915, -25.114207105695527 ], [ -65.933593133517434, -25.112629340586807 ], [ -65.964009632139948, -25.123245231264605 ], [ -65.965799897391378, -25.124112652738006 ], [ -65.965806589435203, -25.12411830374765 ], [ -65.966176970048764, -25.124223950296937 ], [ -65.966593296841268, -25.124342702432955 ], [ -65.97175505982807, -25.125948515621701 ], [ -65.968269428906581, -25.128631993692011 ], [ -65.966948697070507, -25.129531844030623 ], [ -65.966946293062847, -25.129538775869378 ], [ -65.966904809086088, -25.131034521164736 ], [ -65.966901270718324, -25.131057650140178 ], [ -65.951422339835403, -25.147350948005567 ], [ -65.952939434521454, -25.158418705623319 ], [ -65.952925599097739, -25.158457121758147 ], [ -65.953466165430825, -25.162238906130085 ], [ -65.953451713396362, -25.162279182289126 ], [ -65.949293699278712, -25.193922969001335 ], [ -65.953127332280758, -25.204685968389413 ], [ -65.957757209574595, -25.227793695795981 ], [ -65.957753071495915, -25.227805129552962 ], [ -65.957782411928576, -25.227870730339873 ], [ -65.95777810540784, -25.227882623007076 ], [ -65.957838363740279, -25.227929636780061 ], [ -65.957833833201846, -25.227942195046296 ], [ -65.955577154388266, -25.231311075732833 ], [ -65.955340445683873, -25.231424584461706 ], [ -65.955188862334467, -25.231497273031096 ], [ -65.954599486041275, -25.23209857511381 ], [ -65.956284096824504, -25.231255125618247 ], [ -65.956409272031124, -25.231192450639696 ], [ -65.956605308916892, -25.231094295373623 ], [ -65.958430582155643, -25.230180422676369 ], [ -65.958579451686319, -25.230105883495241 ], [ -65.959787701323535, -25.229500943990161 ], [ -65.959014302933156, -25.230216839529191 ], [ -65.95779536024645, -25.231345171368105 ], [ -65.956618390827202, -25.232434631753904 ], [ -65.942699366578893, -25.255199363224733 ], [ -65.942641438268197, -25.255214414905367 ], [ -65.897502663282069, -25.310509683673956 ], [ -65.877830653849173, -25.282507197870018 ], [ -65.877798984874971, -25.282517910441925 ], [ -65.866383364186618, -25.290595918399333 ], [ -65.850884824024831, -25.293853273709146 ], [ -65.836318498748142, -25.302403751088775 ], [ -65.836120911498995, -25.310314029576148 ], [ -65.806052278817219, -25.331426758570842 ], [ -65.804304564579695, -25.332290264274832 ], [ -65.799849449452495, -25.343400001807083 ], [ -65.796648278224211, -25.375788351402889 ], [ -65.751990416748924, -25.447096204053935 ], [ -65.703113277610157, -25.467218870102158 ], [ -65.701763060995575, -25.490633588705009 ], [ -65.719542150370216, -25.554473310691264 ], [ -65.719803106343079, -25.554763001686467 ], [ -65.71981143561402, -25.554771099196159 ], [ -65.723541975448029, -25.562820416053114 ], [ -65.721386108249135, -25.567305206645074 ], [ -65.715793237201183, -25.648123267085339 ], [ -65.723171530726574, -25.656099719279041 ], [ -65.714733915021156, -25.669774782125387 ], [ -65.714777304332301, -25.669817559422938 ], [ -65.7149435852632, -25.67007414064426 ], [ -65.714974950280293, -25.670126642891091 ], [ -65.717176995890782, -25.676085149038784 ], [ -65.717191219599101, -25.676144253783946 ], [ -65.717184798835433, -25.676404578846245 ], [ -65.717187618372407, -25.67646642185565 ], [ -65.716465416605672, -25.704167168305617 ], [ -65.71649853143316, -25.70441032169316 ], [ -65.716497989177583, -25.704471220150992 ], [ -65.736602850526822, -25.733732036235892 ], [ -65.734071075076031, -25.739034383043361 ], [ -65.719177797664827, -25.768925309273982 ], [ -65.71723513656508, -25.809759053664663 ], [ -65.723393867315792, -25.841603769941685 ], [ -65.723999923203564, -25.866445811880567 ], [ -65.724007093767284, -25.866505160993597 ], [ -65.723559185941156, -25.870204961662068 ], [ -65.723562855286104, -25.870266807272685 ], [ -65.723356948637559, -25.871916843640122 ], [ -65.724492489567353, -25.890026920232799 ], [ -65.725339609818832, -25.896685774513912 ], [ -65.726213294017498, -25.912028518678142 ], [ -65.727651857908199, -25.928516245267929 ], [ -65.727795340511307, -25.929034653287658 ], [ -65.727815464516539, -25.929102872945123 ], [ -65.727840464567635, -25.930366800794161 ], [ -65.74766225546341, -25.96143802858262 ], [ -65.747660809985973, -25.961446073795571 ], [ -65.747526055128674, -25.961477807161373 ], [ -65.705532912816921, -25.951029597509603 ], [ -65.702839566334376, -25.948335517650321 ], [ -65.70281118981751, -25.948355885796161 ], [ -65.700850374356776, -25.947569124271581 ], [ -65.699500906204776, -25.944111032070452 ], [ -65.698362572870678, -25.941209266700184 ], [ -65.694253015955837, -25.93478563594806 ], [ -65.694765665088596, -25.935068862462231 ], [ -65.678763839767328, -25.902325404479598 ], [ -65.675105710427999, -25.897354403898873 ], [ -65.675101529369101, -25.89733622660691 ], [ -65.673973101280808, -25.895576776331325 ], [ -65.672464608767768, -25.893897198536138 ], [ -65.659253767817972, -25.893117717890959 ], [ -65.659229874827872, -25.893159514122885 ], [ -65.65915960850532, -25.893473731302777 ], [ -65.658231474420916, -25.892041055003858 ], [ -65.658197906476403, -25.891984936795268 ], [ -65.658208016405467, -25.891991001896884 ], [ -65.658457447004821, -25.892063125584684 ], [ -65.658514239465433, -25.892080891825174 ], [ -65.66118678636434, -25.884432323361352 ], [ -65.661188561391668, -25.884296145506482 ], [ -65.66118329418623, -25.884288602210006 ], [ -65.661047873453469, -25.884243742524063 ], [ -65.660742170466904, -25.883530863288513 ], [ -65.662119054085679, -25.864994408329835 ], [ -65.6620869580712, -25.864969168677135 ], [ -65.654523065355761, -25.855066536095762 ], [ -65.654437363732711, -25.854998250974347 ], [ -65.654316923534338, -25.854607688580018 ], [ -65.654035480911261, -25.854679573862654 ], [ -65.654028538449722, -25.854653652190791 ], [ -65.650887808235893, -25.847235369762984 ], [ -65.641056311888804, -25.78490296570294 ], [ -65.632240742740919, -25.759608698086595 ], [ -65.632226566332747, -25.759578352128756 ], [ -65.631719539843232, -25.758218441679332 ], [ -65.631720716228017, -25.758183945907888 ], [ -65.631693348827412, -25.758082516290813 ], [ -65.631018843416882, -25.752320701022768 ], [ -65.630932284108496, -25.751834332037106 ], [ -65.630941406648731, -25.751801960982618 ], [ -65.632258140226725, -25.750543398561831 ], [ -65.632802203626056, -25.749953381394107 ], [ -65.631124816029683, -25.749759926555384 ], [ -65.63113821780189, -25.749730436466677 ], [ -65.594952288729644, -25.720762484156921 ], [ -65.559257653625934, -25.711991633038281 ], [ -65.587794208856167, -25.670396152838407 ], [ -65.593016254434588, -25.668649612263664 ], [ -65.596142841613471, -25.66519948744218 ], [ -65.599324070084435, -25.660175884175146 ], [ -65.599331380309366, -25.6601547763496 ], [ -65.591144141591883, -25.653731864123358 ], [ -65.589647282807164, -25.649002744835002 ], [ -65.589439991317136, -25.648507135578882 ], [ -65.589436133457582, -25.648485934210839 ], [ -65.589240244424502, -25.647190673549176 ], [ -65.58914236034019, -25.64654344811396 ], [ -65.587776464557521, -25.643465502425499 ], [ -65.587570272936489, -25.642952853461168 ], [ -65.566924921699638, -25.633903006570904 ], [ -65.566903067505621, -25.633921914378561 ], [ -65.565051149532678, -25.634290181302447 ], [ -65.565024295819114, -25.634304258681198 ], [ -65.561518158159458, -25.638153547987713 ], [ -65.555435908531877, -25.648889808625711 ], [ -65.543093028017154, -25.666488898667978 ], [ -65.535710210082811, -25.664734647748162 ], [ -65.536973757123064, -25.670734683388844 ], [ -65.537365388945034, -25.670880982113204 ], [ -65.533380114353918, -25.670309886776579 ], [ -65.532968499180413, -25.670356452188003 ], [ -65.536833267517977, -25.676906383825155 ], [ -65.533681849853622, -25.682041537065516 ], [ -65.533699369598537, -25.68209608248327 ], [ -65.54657470680695, -25.694106443925705 ], [ -65.546414897221837, -25.694646228502222 ], [ -65.546436555695607, -25.694716773085474 ], [ -65.547307671705425, -25.695553334378417 ], [ -65.54731183747424, -25.695554274906613 ], [ -65.550607980880102, -25.696049362711392 ], [ -65.55259065727256, -25.695868522524222 ], [ -65.552603905308899, -25.695894222447293 ], [ -65.556644538092598, -25.711051259680062 ], [ -65.556619303197181, -25.711060935294597 ], [ -65.556660571336351, -25.711144969073757 ], [ -65.555437152116951, -25.712979673592542 ], [ -65.55547033009276, -25.713001777023976 ], [ -65.555453834155685, -25.713026170895716 ], [ -65.554240940687635, -25.714758689349139 ], [ -65.551095099315262, -25.716238233880574 ], [ -65.547988035196568, -25.721445212672336 ], [ -65.536739923051755, -25.722631300999183 ], [ -65.528704761385939, -25.727860368764993 ], [ -65.528658465977458, -25.727860360596878 ], [ -65.523897861509681, -25.72923309032808 ], [ -65.480182735790947, -25.743305593416324 ], [ -65.479245775305401, -25.743709575415551 ], [ -65.478370262777787, -25.743935189277977 ], [ -65.475463536291329, -25.744314852413765 ], [ -65.455655947852733, -25.751190610771175 ], [ -65.455656285137422, -25.751165701175751 ], [ -65.456400740066158, -25.748843877251659 ], [ -65.458393513756675, -25.741181752788975 ], [ -65.458434768123141, -25.741122182421577 ], [ -65.458603475969142, -25.740403241629963 ], [ -65.458613578468714, -25.740360219111778 ], [ -65.449879735150716, -25.722632760460897 ], [ -65.406039604176385, -25.627428804423005 ], [ -65.406036547410679, -25.627393052026662 ], [ -65.373818912020056, -25.585898198918983 ], [ -65.364558066437837, -25.569726401928733 ], [ -65.281577318615064, -25.50754926129116 ], [ -65.276624317553342, -25.510465079562039 ], [ -65.276611116560559, -25.510458673521384 ], [ -65.256751444612917, -25.510055058024875 ], [ -65.269324581300793, -25.493637456706267 ], [ -65.265757903084477, -25.495468524084913 ], [ -65.263956927337347, -25.496820708322616 ], [ -65.261765188808909, -25.498466279353011 ], [ -65.255725403346219, -25.507071976217276 ], [ -65.254898881002646, -25.509209063791104 ], [ -65.254894671083491, -25.509207399334343 ], [ -65.254069569663955, -25.509070450703348 ], [ -65.251745167993874, -25.508183683101606 ], [ -65.251466689103893, -25.505418005489787 ], [ -65.251459861546266, -25.505350191670516 ], [ -65.251462175228653, -25.505344661057734 ], [ -65.24092973070492, -25.504909490624527 ], [ -65.22854923421869, -25.513756436875269 ], [ -65.202119815535696, -25.523433587455315 ], [ -65.172999552070678, -25.53232075002802 ], [ -65.166874777884118, -25.53272762874218 ], [ -65.166875410133116, -25.532746181725429 ], [ -65.171611943283949, -25.536047631091947 ], [ -65.169333918598625, -25.541351102858073 ], [ -65.121653907789607, -25.565528063010333 ], [ -65.093897659883964, -25.570250800527049 ], [ -65.086249973437702, -25.600634079050678 ], [ -65.097033345611578, -25.672924909703397 ], [ -65.091100230690586, -25.681982375918153 ], [ -65.098909507433802, -25.686753781184052 ], [ -65.100014209040637, -25.688908426168723 ], [ -65.072805282567572, -25.718205478636435 ], [ -65.073746807449709, -25.719697944193115 ], [ -65.07835355914824, -25.746732918324028 ], [ -65.05672845523452, -25.768808914184262 ], [ -65.056681100018068, -25.76880991702626 ], [ -65.05534875781882, -25.771384253312419 ], [ -65.049668884705227, -25.775505896434083 ], [ -65.049663528045926, -25.775520589142559 ], [ -65.047852059047216, -25.786735510802146 ], [ -65.049509213319084, -25.791794977837696 ], [ -65.049527895803351, -25.791852036328009 ], [ -65.05177850669611, -25.798723385571293 ], [ -65.059038235830997, -25.802190485965355 ], [ -65.060179421667783, -25.802516832448077 ], [ -65.061079434283386, -25.803057574738659 ], [ -65.062115350339297, -25.8028815304408 ], [ -65.067496130989923, -25.801423805226307 ], [ -65.067495743416316, -25.801395215821572 ], [ -65.068784292515261, -25.799868257839194 ], [ -65.068775799458422, -25.799833494772031 ], [ -65.070626340829506, -25.796142690718455 ], [ -65.070598911099637, -25.796101718166142 ], [ -65.07205858412317, -25.790939240046612 ], [ -65.072099489687332, -25.79093609174862 ], [ -65.078928133715806, -25.790715914391399 ], [ -65.079435420226446, -25.791675026306507 ], [ -65.088169735129611, -25.798169647206805 ], [ -65.089694932152327, -25.799158811034602 ], [ -65.090082544276015, -25.799419445479202 ], [ -65.091435730699345, -25.800179897956298 ], [ -65.094007928928704, -25.801688647962578 ], [ -65.097477063300914, -25.803083526542139 ], [ -65.103138653651399, -25.803771158088409 ], [ -65.100053063675432, -25.817471718748436 ], [ -65.095338154153353, -25.831997925582698 ], [ -65.095289042438822, -25.831996818756181 ], [ -65.090183616818081, -25.845334032332573 ], [ -65.085100870530027, -25.846595951766062 ], [ -65.085071848472182, -25.846621304593441 ], [ -65.085060806544391, -25.846635213213744 ], [ -65.083726940739723, -25.853382829156885 ], [ -65.083884997904079, -25.857375251117389 ], [ -65.083911562100525, -25.857445766120293 ], [ -65.081158594675912, -25.878684672984093 ], [ -65.083779592110659, -25.883337722235069 ], [ -65.083796893161264, -25.883355926959553 ], [ -65.098694021130996, -25.8993543218279 ], [ -65.111871233718375, -25.90361858988166 ], [ -65.135652407989255, -25.905984912032238 ], [ -65.135682481110052, -25.905992253646616 ], [ -65.135699964617856, -25.905989236854509 ], [ -65.14013766839048, -25.90606226124487 ], [ -65.140172796599074, -25.906073506166308 ], [ -65.141081322430352, -25.907294725945746 ], [ -65.139662226140842, -25.913062011732848 ], [ -65.139985845166336, -25.965208538134505 ], [ -65.154332542484042, -25.990991843316408 ], [ -65.157421534956711, -25.996543258763211 ], [ -65.145602740491768, -26.017773945381748 ], [ -65.131456633453467, -26.027935159348431 ] ] ], [ [ [ -65.202340454582441, -26.631155277817754 ], [ -65.202280565009232, -26.631052886567602 ], [ -65.202227867399756, -26.631108208817921 ], [ -65.202340454582441, -26.631155277817754 ] ] ], [ [ [ -65.220728583529876, -26.695925843582927 ], [ -65.220688863650821, -26.695925234597382 ], [ -65.220686921844731, -26.69592719426555 ], [ -65.220689136344959, -26.695928964502457 ], [ -65.220728583529876, -26.695925843582927 ] ] ] ] } },
{ "type": "Feature", "properties": { "Name": "SLA : 60 - 120", "FromBreak": 60.0, "ToBreak": 120.0, "IATA": "SLA" }, "geometry": { "type": "MultiPolygon", "coordinates": [ [ [ [ -64.544222669819476, -23.649443994849605 ], [ -64.549968218642334, -23.684540581665601 ], [ -64.550019866016896, -23.685178069237679 ], [ -64.550042673373696, -23.685215123549654 ], [ -64.547387404393362, -23.701086244796443 ], [ -64.547387216226809, -23.701328265368772 ], [ -64.547390678940587, -23.701333782355618 ], [ -64.547400700701246, -23.702418540714234 ], [ -64.547404077480621, -23.702922678241066 ], [ -64.547406804858156, -23.702926047014046 ], [ -64.563225118465994, -23.702414002401667 ], [ -64.563258387846076, -23.702444044294566 ], [ -64.569306615200219, -23.725489824111207 ], [ -64.572141196540713, -23.732608165622025 ], [ -64.573589454904265, -23.732263199741283 ], [ -64.573644441648582, -23.732313014139208 ], [ -64.573703978503829, -23.732407515146519 ], [ -64.580234603023314, -23.742880689605556 ], [ -64.580283466367348, -23.742925654351893 ], [ -64.586709850436307, -23.754036303119676 ], [ -64.587906355797088, -23.757159292894528 ], [ -64.587947894520028, -23.757250947938019 ], [ -64.59155577155974, -23.759596776036176 ], [ -64.591647496598569, -23.759885392055992 ], [ -64.59164810638697, -23.759886377488954 ], [ -64.59193281368141, -23.759973327648652 ], [ -64.591960130130019, -23.759955732635888 ], [ -64.592031928748611, -23.759985934029373 ], [ -64.592683291770527, -23.759996008839323 ], [ -64.592758479946895, -23.760019307263178 ], [ -64.593524873146748, -23.760057515978986 ], [ -64.593503788973862, -23.760046581917095 ], [ -64.593503752189406, -23.760030145929932 ], [ -64.59351443081016, -23.759660461771887 ], [ -64.593523847140091, -23.759563725413216 ], [ -64.59353001420294, -23.759225005163671 ], [ -64.593498125793644, -23.759160649628654 ], [ -64.59384297930302, -23.758224026488563 ], [ -64.593841020280365, -23.758200714358622 ], [ -64.594366200928675, -23.757781728096234 ], [ -64.595946699636329, -23.757514471107413 ], [ -64.598719971854337, -23.755551544318848 ], [ -64.598771017870718, -23.755537828772617 ], [ -64.599833077032827, -23.755058106454157 ], [ -64.600512066271108, -23.754764766121752 ], [ -64.601212051429286, -23.75418694823793 ], [ -64.601246804299308, -23.754183819412731 ], [ -64.603094983145354, -23.755011585298234 ], [ -64.603545345760267, -23.755521864721231 ], [ -64.603646067471459, -23.755613105856241 ], [ -64.603581289316708, -23.756215792096498 ], [ -64.603554029719874, -23.756468422650755 ], [ -64.603544572250769, -23.756488395027304 ], [ -64.60342471235117, -23.756733486290784 ], [ -64.603425669950127, -23.756888827882904 ], [ -64.603751510237771, -23.756933017251072 ], [ -64.603772372792832, -23.756941764881333 ], [ -64.604845465311598, -23.758427875261134 ], [ -64.605194003053555, -23.764468907590356 ], [ -64.610200329742383, -23.773247631923425 ], [ -64.610198179020131, -23.773246788671202 ], [ -64.61021846673458, -23.773292825620501 ], [ -64.610464771693671, -23.773641547274963 ], [ -64.610517213077514, -23.773681483753705 ], [ -64.610669196086008, -23.77373181987565 ], [ -64.610713703918918, -23.773672439976281 ], [ -64.610695323018888, -23.773630729976617 ], [ -64.612101934214138, -23.773080963670907 ], [ -64.612165488043274, -23.77309630338857 ], [ -64.612481101057938, -23.772907120262289 ], [ -64.612532939835944, -23.772935204018381 ], [ -64.612539913120884, -23.772919628733405 ], [ -64.61318078302088, -23.773025631196504 ], [ -64.620047725145412, -23.773082551726361 ], [ -64.620081022484442, -23.773071365929638 ], [ -64.620142480714321, -23.773091838374341 ], [ -64.621129703966631, -23.772864349957729 ], [ -64.62116521745503, -23.772883166425743 ], [ -64.621565760425369, -23.773385010919185 ], [ -64.621625300253299, -23.773454370835907 ], [ -64.621662236345003, -23.7734732590568 ], [ -64.626619343523714, -23.776617585941949 ], [ -64.630705246876062, -23.782495627107664 ], [ -64.630761589587451, -23.782528250978828 ], [ -64.630819343352755, -23.782617976833137 ], [ -64.634259460231931, -23.787565408932437 ], [ -64.636637075772114, -23.789700716931293 ], [ -64.636680848238484, -23.78973178131514 ], [ -64.641937112134542, -23.800372384653144 ], [ -64.642000232733949, -23.800378784020666 ], [ -64.642046394442218, -23.800590927788448 ], [ -64.642109287854282, -23.800596180941113 ], [ -64.643586162831411, -23.790434593843486 ], [ -64.649807447028309, -23.790911520263478 ], [ -64.649852029607018, -23.790914886877545 ], [ -64.649858690913277, -23.79091589163329 ], [ -64.649902093184096, -23.790910841835057 ], [ -64.652158761705323, -23.790220524768927 ], [ -64.654531129003544, -23.791279397093263 ], [ -64.654561122553162, -23.791273516514138 ], [ -64.654714966665892, -23.791240979901147 ], [ -64.65478545888277, -23.791241939584154 ], [ -64.655822451243125, -23.791230418012447 ], [ -64.655856719521807, -23.791234310282505 ], [ -64.658651566894264, -23.792686906059771 ], [ -64.658705978551836, -23.792694066525712 ], [ -64.66020980602525, -23.793158443614459 ], [ -64.664224714517047, -23.793642537622816 ], [ -64.664384955173091, -23.793686240572981 ], [ -64.664905113844668, -23.79372457616455 ], [ -64.667897772874767, -23.796499684220976 ], [ -64.668056406805306, -23.796785531385581 ], [ -64.668951345172104, -23.797654814660973 ], [ -64.670136071430875, -23.799598627734156 ], [ -64.668418665701097, -23.809262876017158 ], [ -64.668336456762233, -23.809370007629695 ], [ -64.662349958103107, -23.840544495305437 ], [ -64.665495535442233, -23.845527842934302 ], [ -64.665508288340163, -23.845700040040299 ], [ -64.665118739587797, -23.846771447132767 ], [ -64.675883881984191, -23.854494886703151 ], [ -64.675960172058808, -23.854547421309235 ], [ -64.677697682745759, -23.856386521017498 ], [ -64.678191216427479, -23.856829311410934 ], [ -64.679183993347181, -23.857915329294201 ], [ -64.679207487055862, -23.857971617108262 ], [ -64.680226959456206, -23.86222088465513 ], [ -64.680116037199241, -23.886283068953617 ], [ -64.68008964196639, -23.892000874563678 ], [ -64.683037101788841, -23.89881480151837 ], [ -64.675820902806834, -23.900573358161751 ], [ -64.672303276335469, -23.934675462759571 ], [ -64.668681945104936, -23.953492415863593 ], [ -64.66867891383896, -23.95351352129461 ], [ -64.668865654185709, -23.953711867547611 ], [ -64.66887599834314, -23.953735003883139 ], [ -64.669341829573341, -23.96646656299697 ], [ -64.66933046608807, -23.966494356400801 ], [ -64.664296303193964, -23.973692214135554 ], [ -64.659211843780497, -24.002603855747964 ], [ -64.661865177926416, -24.003455431140651 ], [ -64.66188792346378, -24.003507563318522 ], [ -64.661917583449963, -24.003914821353703 ], [ -64.661916557855591, -24.003918588922829 ], [ -64.65974710447739, -24.00693739144748 ], [ -64.658669600294445, -24.004255137787254 ], [ -64.658661430673135, -24.004260633731292 ], [ -64.658047762658668, -24.003356653116384 ], [ -64.65806923447002, -24.003296310047119 ], [ -64.658064316451942, -24.003297410188225 ], [ -64.657830212523095, -24.002751506132483 ], [ -64.657839995286054, -24.002696353183183 ], [ -64.657506425633073, -24.00050295160105 ], [ -64.642555351532621, -23.968578326130853 ], [ -64.64082694072215, -23.964898058380015 ], [ -64.635591306831202, -23.969476144673081 ], [ -64.604251204170566, -23.984099502127094 ], [ -64.603905535928845, -23.98428511114497 ], [ -64.562735956015558, -23.970303356581837 ], [ -64.562712798354255, -23.97025623213591 ], [ -64.555252442624806, -23.961271356782845 ], [ -64.555218700080047, -23.96122835868772 ], [ -64.539485713731381, -23.947563551431131 ], [ -64.586206321746204, -23.920206395644527 ], [ -64.559256632765596, -23.90929237896745 ], [ -64.498326206246986, -23.88698956514628 ], [ -64.495087030991954, -23.885933750220659 ], [ -64.490450924613867, -23.877828855972496 ], [ -64.457168257541696, -23.863494242743343 ], [ -64.456667020060934, -23.862243601448483 ], [ -64.456629452547304, -23.862179399593686 ], [ -64.454536163548994, -23.861327025362414 ], [ -64.449352822031813, -23.858905545576135 ], [ -64.449042141208906, -23.860377061760516 ], [ -64.446583915640304, -23.865381333517405 ], [ -64.446618172028934, -23.865439876750145 ], [ -64.449427292789665, -23.869243684710511 ], [ -64.454055282485115, -23.901459690140143 ], [ -64.454092840825297, -23.901506621328679 ], [ -64.468774299413724, -23.945367258323927 ], [ -64.474655611109938, -23.980896277046895 ], [ -64.47466146801122, -23.980914444574125 ], [ -64.484624992549982, -23.992828399230461 ], [ -64.482378915673394, -24.003999282119935 ], [ -64.482400663965336, -24.004052193573898 ], [ -64.486995128425974, -24.006190455311071 ], [ -64.497514055050999, -24.033097314339216 ], [ -64.492988438282907, -24.058297061841699 ], [ -64.483311232693836, -24.07616074929183 ], [ -64.485617148777521, -24.132981975641087 ], [ -64.485611857137883, -24.133021053392156 ], [ -64.461188811449745, -24.168081712782055 ], [ -64.429398130135098, -24.244571353872516 ], [ -64.429397249107069, -24.24459179861708 ], [ -64.429350501467582, -24.244559381405622 ], [ -64.429211398005862, -24.244894449061462 ], [ -64.42352469441812, -24.247894613276628 ], [ -64.423475787033226, -24.247883857556928 ], [ -64.420817029953298, -24.250932119080232 ], [ -64.422287554900095, -24.261154747102353 ], [ -64.422293537327334, -24.261186804011231 ], [ -64.419529740137307, -24.261181544546901 ], [ -64.419259554108748, -24.261345104981331 ], [ -64.419224889748989, -24.261346606828681 ], [ -64.419195910277381, -24.261344554978166 ], [ -64.418268587564455, -24.261422460887616 ], [ -64.417209456607736, -24.261648604405934 ], [ -64.41677773634899, -24.261165834155349 ], [ -64.416632101105222, -24.261123470422547 ], [ -64.416618873841571, -24.261118966572894 ], [ -64.416589474547891, -24.261117220701976 ], [ -64.416325357522794, -24.261089676339452 ], [ -64.416318722741494, -24.261129331733343 ], [ -64.41573762017498, -24.261022983102123 ], [ -64.415718119349435, -24.261019911169171 ], [ -64.415307950653812, -24.260837266638589 ], [ -64.415293174567239, -24.260715099974846 ], [ -64.414696115750417, -24.260539867954606 ], [ -64.41466166001004, -24.260499569400963 ], [ -64.414140634540445, -24.260461484592042 ], [ -64.413885915948413, -24.260237819192582 ], [ -64.413932712466817, -24.260456737966194 ], [ -64.41391989293561, -24.260689596118937 ], [ -64.413935821456676, -24.260690900602128 ], [ -64.413931677490439, -24.260730302127911 ], [ -64.414001211600009, -24.260741028685175 ], [ -64.414011760844801, -24.260753958906037 ], [ -64.414004995816356, -24.260775689626541 ], [ -64.414016863431414, -24.260789581985023 ], [ -64.414166159552224, -24.261272390322233 ], [ -64.414188480326402, -24.261811155416808 ], [ -64.414198277009802, -24.261822539975299 ], [ -64.414221095645303, -24.261972511242675 ], [ -64.414220429505804, -24.261978170229099 ], [ -64.41421542226675, -24.262106559598465 ], [ -64.414200644015864, -24.262104928925737 ], [ -64.414199310014681, -24.26211836564147 ], [ -64.414114203459121, -24.262806579638891 ], [ -64.414140049510536, -24.262816608138792 ], [ -64.414307300049359, -24.262811923193567 ], [ -64.41433362120938, -24.262839848244369 ], [ -64.414321511864046, -24.262872063654243 ], [ -64.414597492328539, -24.262916034104364 ], [ -64.414556731670416, -24.263985539150156 ], [ -64.414562357599834, -24.264012143345099 ], [ -64.414520659613515, -24.264043185903574 ], [ -64.414328767808058, -24.264463469164127 ], [ -64.414362127904155, -24.264476645420302 ], [ -64.414372613187822, -24.264477930660405 ], [ -64.414824962518537, -24.264496435059471 ], [ -64.414846959140107, -24.264492471808126 ], [ -64.415142507883104, -24.264584849958965 ], [ -64.415952290583732, -24.264590188134093 ], [ -64.415970711547232, -24.264618451929948 ], [ -64.416154669868604, -24.264609101158669 ], [ -64.416159695084048, -24.264628176243377 ], [ -64.416752304090551, -24.2649574423844 ], [ -64.417050673313668, -24.265099222599417 ], [ -64.420067122656405, -24.267067614914708 ], [ -64.424739652750532, -24.271498523568994 ], [ -64.424774438859913, -24.271627128079786 ], [ -64.424792811916575, -24.271650708947959 ], [ -64.425283246656875, -24.272823586463176 ], [ -64.425840797646174, -24.272893092663253 ], [ -64.426477973677379, -24.272826706686658 ], [ -64.429230825190189, -24.275299702316147 ], [ -64.429241536461632, -24.275332481340001 ], [ -64.430218605847188, -24.276957845841821 ], [ -64.436160964287978, -24.279989384791406 ], [ -64.442091699665525, -24.294368462309592 ], [ -64.442101593718633, -24.294432614275877 ], [ -64.442121423067135, -24.2944737315118 ], [ -64.442103385456164, -24.295465352182816 ], [ -64.442242850041112, -24.295621124201375 ], [ -64.442451357914194, -24.295873213845141 ], [ -64.447777957876838, -24.300599591611103 ], [ -64.447798175016374, -24.300633505789392 ], [ -64.448205581209834, -24.300952904219059 ], [ -64.448211305535551, -24.300972680310849 ], [ -64.448225457154933, -24.301008328996261 ], [ -64.462950824476593, -24.312546762486079 ], [ -64.508072214402489, -24.364604912636821 ], [ -64.510957816027371, -24.366473025030132 ], [ -64.523472411638011, -24.375015250483443 ], [ -64.548090402491596, -24.403981240462485 ], [ -64.602891857984218, -24.446724186696713 ], [ -64.607458331371447, -24.445587999845941 ], [ -64.608292417358143, -24.446021329534631 ], [ -64.624162543010016, -24.423318736594013 ], [ -64.645109331277183, -24.429343438635101 ], [ -64.64659065450104, -24.428288416556768 ], [ -64.661888359645957, -24.437561294063983 ], [ -64.66195160049142, -24.437565279647288 ], [ -64.666113805992097, -24.438244408443268 ], [ -64.666178316975675, -24.438241624776083 ], [ -64.677617757788255, -24.435872297417518 ], [ -64.688011333267013, -24.433719585790698 ], [ -64.689586114101189, -24.440714428947729 ], [ -64.689590563413788, -24.440735309849799 ], [ -64.684081984221507, -24.44371078010505 ], [ -64.689860971376618, -24.452282886789362 ], [ -64.690684082012353, -24.456492229009314 ], [ -64.669542441929877, -24.480189292253613 ], [ -64.668084393113872, -24.479875520417693 ], [ -64.666073174539235, -24.482262650482426 ], [ -64.658473830890841, -24.474829179697849 ], [ -64.657959844893355, -24.473551729866131 ], [ -64.656483879717769, -24.473122250943845 ], [ -64.65335987621404, -24.473408121860302 ], [ -64.65215835509332, -24.472657084792218 ], [ -64.649342359549109, -24.472801087426376 ], [ -64.649292282478427, -24.472806423847999 ], [ -64.649278487655465, -24.472784962550975 ], [ -64.645644058174526, -24.473370418334753 ], [ -64.643397341902869, -24.472357818970409 ], [ -64.643776088221159, -24.470091829073624 ], [ -64.636026801828052, -24.464597281945203 ], [ -64.635669793656405, -24.4648961793539 ], [ -64.634119175758485, -24.466514983325681 ], [ -64.627208560789938, -24.47452460476643 ], [ -64.627547899252022, -24.475279126362921 ], [ -64.627217856833795, -24.475928437005336 ], [ -64.615145314919005, -24.476806331057901 ], [ -64.615107237316465, -24.47683116386554 ], [ -64.615090058464943, -24.476852327958397 ], [ -64.612484659610516, -24.478379591902865 ], [ -64.607336761474187, -24.484124684366748 ], [ -64.604036752585046, -24.481294800055252 ], [ -64.602462366599468, -24.482423771217782 ], [ -64.600977674201886, -24.484011005317825 ], [ -64.5934580975632, -24.492069867003011 ], [ -64.574971562749568, -24.504694888713232 ], [ -64.574912143609197, -24.50469554464064 ], [ -64.55816182215932, -24.517010762565633 ], [ -64.549071568017553, -24.521890672463826 ], [ -64.549061930175299, -24.521906670242288 ], [ -64.559238620504402, -24.535374616865226 ], [ -64.559291946232577, -24.535698821619803 ], [ -64.559205079549429, -24.535829794767722 ], [ -64.5592051207434, -24.535829897957342 ], [ -64.567503600575833, -24.582139349815122 ], [ -64.519862491998367, -24.67503109160225 ], [ -64.583761962263566, -24.590928085032488 ], [ -64.587344263119689, -24.588657010811687 ], [ -64.595384472476837, -24.592213842006515 ], [ -64.595437532236076, -24.59226155176151 ], [ -64.595449783016761, -24.592262108821501 ], [ -64.59552714998938, -24.592215116648958 ], [ -64.595539252440346, -24.592217972559411 ], [ -64.636418611725105, -24.617762746012886 ], [ -64.638240209739649, -24.619367304495768 ], [ -64.638277070524055, -24.619376632598062 ], [ -64.638306476932826, -24.619390063421122 ], [ -64.649794291016178, -24.635922314084553 ], [ -64.650349792960469, -24.636035483192529 ], [ -64.650387968189762, -24.636018536847644 ], [ -64.650419830221892, -24.636037800306326 ], [ -64.686277208926015, -24.677438926941818 ], [ -64.698781840114464, -24.678996301435973 ], [ -64.698822308505612, -24.679098169138172 ], [ -64.698843020064544, -24.679115757599789 ], [ -64.698880290291925, -24.67914853923304 ], [ -64.701301729959539, -24.68031191867442 ], [ -64.71850698554033, -24.701529185585116 ], [ -64.704332247140826, -24.755391819556166 ], [ -64.657209443901422, -24.784653482372676 ], [ -64.657206637734589, -24.784710350294631 ], [ -64.656427479196964, -24.785671218105165 ], [ -64.649511474345786, -24.794751617571592 ], [ -64.649519571185124, -24.794766486088122 ], [ -64.649495779969811, -24.794822830397322 ], [ -64.649347883361997, -24.799101556736161 ], [ -64.62950293184889, -24.814845928335615 ], [ -64.605269471384076, -24.841616054205247 ], [ -64.599330180883328, -24.845732834141927 ], [ -64.554312394777867, -24.838131578590094 ], [ -64.500358317949804, -24.795004327705726 ], [ -64.468269569162771, -24.76957534286214 ], [ -64.467839424194779, -24.769945650302589 ], [ -64.467792433720774, -24.769932299636594 ], [ -64.466803877687198, -24.770581752835881 ], [ -64.466760764059188, -24.770562178263788 ], [ -64.463739866205344, -24.772529936145759 ], [ -64.441612209920265, -24.770885053103825 ], [ -64.429033014239621, -24.766494781326855 ], [ -64.429020177060238, -24.766482881837362 ], [ -64.331394897556606, -24.784332886440836 ], [ -64.297487691901665, -24.777911322791681 ], [ -64.269310222359309, -24.755388135472117 ], [ -64.248433155691771, -24.738700396032812 ], [ -64.238425078967566, -24.724994966937459 ], [ -64.238385449577891, -24.724974089675925 ], [ -64.228435246194351, -24.724402994068271 ], [ -64.228411203368239, -24.724386056264564 ], [ -64.210390302445262, -24.717396492060061 ], [ -64.210374821106029, -24.71733890771219 ], [ -64.206621980237287, -24.716389125340072 ], [ -64.200073910467324, -24.710027392907591 ], [ -64.199422267657553, -24.709937484937541 ], [ -64.199407891060787, -24.709917727662969 ], [ -64.197902050292328, -24.712245622290141 ], [ -64.197706893494058, -24.712151283798278 ], [ -64.197458595535068, -24.711538426110337 ], [ -64.194099445938889, -24.706176618239908 ], [ -64.192373050430547, -24.705378834855594 ], [ -64.19197108684773, -24.704773078020139 ], [ -64.192006493846918, -24.70474589563986 ], [ -64.192121458253439, -24.704451421758506 ], [ -64.192119456731007, -24.704444055937302 ], [ -64.191630256485723, -24.70354281774496 ], [ -64.191626895487673, -24.703516470980219 ], [ -64.191666960610007, -24.703484522735891 ], [ -64.191009497255834, -24.702480546762217 ], [ -64.188463033672917, -24.69891244713375 ], [ -64.186878317310402, -24.698855417645518 ], [ -64.18658869775328, -24.698831701274457 ], [ -64.186581467163194, -24.698775018220829 ], [ -64.186576080881025, -24.698796358150446 ], [ -64.185959617534877, -24.698814327755713 ], [ -64.185953121254101, -24.698764901257562 ], [ -64.17682461972521, -24.700752081338806 ], [ -64.174713539478773, -24.700938387605959 ], [ -64.164241121047951, -24.725527029777993 ], [ -64.17545938649198, -24.750043520051747 ], [ -64.183910567820192, -24.775869928857617 ], [ -64.184248709626218, -24.776401208350705 ], [ -64.184257808644702, -24.776400103501942 ], [ -64.184835751279252, -24.777298315131304 ], [ -64.18608010644698, -24.780165231878755 ], [ -64.18677598070775, -24.783325340806641 ], [ -64.202177414086805, -24.804464612047411 ], [ -64.20216927378209, -24.804525002193543 ], [ -64.205475183023225, -24.809194049635721 ], [ -64.217459684750054, -24.820326800104681 ], [ -64.225449496092608, -24.843467124485869 ], [ -64.237736995866896, -24.858903071080135 ], [ -64.237759393728084, -24.858923832892742 ], [ -64.244483467675479, -24.874592871622383 ], [ -64.294604387032678, -24.972181725005214 ], [ -64.3240235077281, -25.019643275954934 ], [ -64.324003022770285, -25.019702277296346 ], [ -64.324050333854586, -25.019758261502773 ], [ -64.329174644901002, -25.031033643266937 ], [ -64.330005105347936, -25.031926775028126 ], [ -64.330020783039686, -25.031930268028759 ], [ -64.330189796027753, -25.032117123311366 ], [ -64.330204919602636, -25.032122785385582 ], [ -64.330354763694004, -25.032338391414442 ], [ -64.330369198389519, -25.032345883889946 ], [ -64.330480925854545, -25.032540576885822 ], [ -64.332540186015592, -25.033944546516238 ], [ -64.333432749845372, -25.041215713450754 ], [ -64.354951067691559, -25.027608204742478 ], [ -64.455653670517449, -25.06988694170326 ], [ -64.459095950194751, -25.072196008884191 ], [ -64.504147928350562, -25.096280499665738 ], [ -64.504431335988897, -25.096505601872877 ], [ -64.530462394202232, -25.134779053251691 ], [ -64.530966769279132, -25.179726890279085 ], [ -64.545353506175957, -25.201131153657059 ], [ -64.529211663132742, -25.228447047174654 ], [ -64.533940857051732, -25.241338585045639 ], [ -64.527957046382539, -25.245464713602246 ], [ -64.527350186657827, -25.274995784299676 ], [ -64.525988551225623, -25.274931698764931 ], [ -64.527545539877849, -25.297496593239032 ], [ -64.489440215705883, -25.307428967411681 ], [ -64.457750360380885, -25.313772756482365 ], [ -64.457737833534736, -25.313774309424673 ], [ -64.446235844649493, -25.308177266984842 ], [ -64.446216912835325, -25.308165302431121 ], [ -64.446027340657224, -25.308112034213138 ], [ -64.446008204631028, -25.308099940591262 ], [ -64.44595541394682, -25.308040757558672 ], [ -64.445936370565846, -25.308028692871289 ], [ -64.437605317030432, -25.303952766257282 ], [ -64.437582549984597, -25.303938340657794 ], [ -64.437566547551796, -25.303933840122681 ], [ -64.437543753987711, -25.303919418148212 ], [ -64.424729121525218, -25.287542091503667 ], [ -64.421123596169991, -25.266703604311601 ], [ -64.406897982378609, -25.254126912826564 ], [ -64.402602192191125, -25.255997251929784 ], [ -64.402601468379146, -25.255962208442668 ], [ -64.404276982574629, -25.25395836234253 ], [ -64.404280402236338, -25.253938030583129 ], [ -64.405137526349449, -25.252570512240652 ], [ -64.404224683574114, -25.252478706474392 ], [ -64.404193529428483, -25.251993771456625 ], [ -64.399224241522859, -25.238776351673152 ], [ -64.398184739001806, -25.233366509432415 ], [ -64.391062301901002, -25.241348122744114 ], [ -64.391039131849823, -25.241351775112207 ], [ -64.391008149131267, -25.241358465412702 ], [ -64.387852375285831, -25.24028892380187 ], [ -64.38637313025589, -25.241975548739276 ], [ -64.385266003325967, -25.242644685407015 ], [ -64.384603843475816, -25.243227300824174 ], [ -64.380311527304059, -25.246470254597511 ], [ -64.380331710599876, -25.246513932502978 ], [ -64.38123596040424, -25.248470978816272 ], [ -64.378637715522075, -25.248908474395762 ], [ -64.378114186094081, -25.24999549854067 ], [ -64.370811783872227, -25.261460511080941 ], [ -64.377608735413844, -25.286496300676959 ], [ -64.374209588808412, -25.290372136108999 ], [ -64.370917630210613, -25.299030385654987 ], [ -64.370955293067709, -25.299085416830394 ], [ -64.403040745970429, -25.336538177414923 ], [ -64.434407665491051, -25.37969973144817 ], [ -64.450192496080604, -25.36534602868204 ], [ -64.451151133775454, -25.364761403735258 ], [ -64.466972601644329, -25.407005770966464 ], [ -64.49196755681055, -25.433213858623333 ], [ -64.502063225596771, -25.440414092954143 ], [ -64.51945280752949, -25.448706127901801 ], [ -64.519478488571224, -25.448738679479391 ], [ -64.588155154634137, -25.538672301936174 ], [ -64.588171963255775, -25.53873846182006 ], [ -64.586355623269355, -25.538741734591554 ], [ -64.602440581723954, -25.559434363518847 ], [ -64.602805453758378, -25.559543642073152 ], [ -64.612926975318999, -25.564448056823096 ], [ -64.627386428982049, -25.550231797780611 ], [ -64.627549086396414, -25.550063654637995 ], [ -64.653161871718851, -25.537631550456751 ], [ -64.653229821752973, -25.537633176293241 ], [ -64.677010033603494, -25.551286161627218 ], [ -64.686615513954791, -25.5631352597253 ], [ -64.698582258355373, -25.591693325878794 ], [ -64.698638555735783, -25.591682045761956 ], [ -64.699386299915716, -25.592990214264375 ], [ -64.699407938831996, -25.592993844636169 ], [ -64.751386594022563, -25.678992463801649 ], [ -64.755091486397134, -25.70800199212357 ], [ -64.790828090372372, -25.743881175507738 ], [ -64.790816094455408, -25.743883687404889 ], [ -64.802024020337853, -25.76410596899666 ], [ -64.801988192054012, -25.778960113006576 ], [ -64.802031669139694, -25.778987749531552 ], [ -64.804645500437232, -25.7850331561649 ], [ -64.804696084943032, -25.785036735538483 ], [ -64.803305220436982, -25.838957021164276 ], [ -64.800138232890106, -25.840069160862299 ], [ -64.795108437517229, -25.843380511408498 ], [ -64.792148079384731, -25.845164685470365 ], [ -64.792123219458858, -25.845175526006017 ], [ -64.782406681793645, -25.84999048921361 ], [ -64.77117905077381, -25.857516788649662 ], [ -64.750264755371063, -25.871314217186125 ], [ -64.746654709543577, -25.878694904648967 ], [ -64.741237559365004, -25.8927474398306 ], [ -64.741212531713131, -25.892776758247692 ], [ -64.73285681875268, -25.904678104181073 ], [ -64.730660228230306, -25.906846321269711 ], [ -64.6946955696435, -25.937737336608393 ], [ -64.68274789228991, -25.951593671057822 ], [ -64.68018514942105, -25.949850896211444 ], [ -64.68013507279295, -25.94990052016999 ], [ -64.678548772321449, -25.957481089829173 ], [ -64.67855559086604, -25.957491855429055 ], [ -64.677713847435882, -25.970993037550784 ], [ -64.693345032919467, -25.956344802214687 ], [ -64.693365374924781, -25.956336017373133 ], [ -64.693353780472648, -25.956306246007102 ], [ -64.693353397830549, -25.956295251908955 ], [ -64.693178389624279, -25.954705814391332 ], [ -64.69320882146161, -25.954677570377726 ], [ -64.70559361123577, -25.95145753428568 ], [ -64.705956924978352, -25.95163991308749 ], [ -64.706366916053469, -25.95186322812026 ], [ -64.703507807716278, -25.954677755639409 ], [ -64.71592219900117, -25.961898174680925 ], [ -64.715967138634369, -25.961866298644168 ], [ -64.717278352609469, -25.960209672115866 ], [ -64.71732134481249, -25.960173314785095 ], [ -64.719105457796161, -25.96090343344656 ], [ -64.719144956793457, -25.960869333328162 ], [ -64.764271548579757, -25.940923824115032 ], [ -64.785104501360593, -25.926187632375559 ], [ -64.856115100428497, -25.907747670703088 ], [ -64.871277399644839, -25.903608977963586 ], [ -64.9605914102317, -25.924786891402562 ], [ -64.960616561494192, -25.924788817050398 ], [ -64.977157182362191, -25.943839893733355 ], [ -65.020612140906792, -25.954070167339296 ], [ -65.068536761654059, -25.985322130142436 ], [ -65.090952593235613, -25.995497913749432 ], [ -65.112695617587008, -26.011554425945462 ], [ -65.12180132309669, -26.017654891925304 ], [ -65.131456633453467, -26.027935159348431 ], [ -65.145602740491768, -26.017773945381748 ], [ -65.157421534956711, -25.996543258763211 ], [ -65.154332542484042, -25.990991843316408 ], [ -65.139985845166336, -25.965208538134505 ], [ -65.139662226140842, -25.913062011732848 ], [ -65.141081322430352, -25.907294725945746 ], [ -65.140172796599074, -25.906073506166308 ], [ -65.14013766839048, -25.90606226124487 ], [ -65.135699964617856, -25.905989236854509 ], [ -65.135682481110052, -25.905992253646616 ], [ -65.135652407989255, -25.905984912032238 ], [ -65.111871233718375, -25.90361858988166 ], [ -65.098694021130996, -25.8993543218279 ], [ -65.083796893161264, -25.883355926959553 ], [ -65.083779592110659, -25.883337722235069 ], [ -65.081158594675912, -25.878684672984093 ], [ -65.083911562100525, -25.857445766120293 ], [ -65.083884997904079, -25.857375251117389 ], [ -65.083726940739723, -25.853382829156885 ], [ -65.085060806544391, -25.846635213213744 ], [ -65.085071848472182, -25.846621304593441 ], [ -65.085100870530027, -25.846595951766062 ], [ -65.090183616818081, -25.845334032332573 ], [ -65.095289042438822, -25.831996818756181 ], [ -65.095338154153353, -25.831997925582698 ], [ -65.100053063675432, -25.817471718748436 ], [ -65.103138653651399, -25.803771158088409 ], [ -65.097477063300914, -25.803083526542139 ], [ -65.094007928928704, -25.801688647962578 ], [ -65.091435730699345, -25.800179897956298 ], [ -65.090082544276015, -25.799419445479202 ], [ -65.089694932152327, -25.799158811034602 ], [ -65.088169735129611, -25.798169647206805 ], [ -65.079435420226446, -25.791675026306507 ], [ -65.078928133715806, -25.790715914391399 ], [ -65.072099489687332, -25.79093609174862 ], [ -65.07205858412317, -25.790939240046612 ], [ -65.070598911099637, -25.796101718166142 ], [ -65.070626340829506, -25.796142690718455 ], [ -65.068775799458422, -25.799833494772031 ], [ -65.068784292515261, -25.799868257839194 ], [ -65.067495743416316, -25.801395215821572 ], [ -65.067496130989923, -25.801423805226307 ], [ -65.062115350339297, -25.8028815304408 ], [ -65.061079434283386, -25.803057574738659 ], [ -65.060179421667783, -25.802516832448077 ], [ -65.059038235830997, -25.802190485965355 ], [ -65.05177850669611, -25.798723385571293 ], [ -65.049527895803351, -25.791852036328009 ], [ -65.049509213319084, -25.791794977837696 ], [ -65.047852059047216, -25.786735510802146 ], [ -65.049663528045926, -25.775520589142559 ], [ -65.049668884705227, -25.775505896434083 ], [ -65.05534875781882, -25.771384253312419 ], [ -65.056681100018068, -25.76880991702626 ], [ -65.05672845523452, -25.768808914184262 ], [ -65.07835355914824, -25.746732918324028 ], [ -65.073746807449709, -25.719697944193115 ], [ -65.072805282567572, -25.718205478636435 ], [ -65.100014209040637, -25.688908426168723 ], [ -65.098909507433802, -25.686753781184052 ], [ -65.091100230690586, -25.681982375918153 ], [ -65.097033345611578, -25.672924909703397 ], [ -65.086249973437702, -25.600634079050678 ], [ -65.093897659883964, -25.570250800527049 ], [ -65.121653907789607, -25.565528063010333 ], [ -65.169333918598625, -25.541351102858073 ], [ -65.171611943283949, -25.536047631091947 ], [ -65.166875410133116, -25.532746181725429 ], [ -65.166874777884118, -25.53272762874218 ], [ -65.172999552070678, -25.53232075002802 ], [ -65.202119815535696, -25.523433587455315 ], [ -65.22854923421869, -25.513756436875269 ], [ -65.24092973070492, -25.504909490624527 ], [ -65.251462175228653, -25.505344661057734 ], [ -65.251459861546266, -25.505350191670516 ], [ -65.251466689103893, -25.505418005489787 ], [ -65.251745167993874, -25.508183683101606 ], [ -65.254069569663955, -25.509070450703348 ], [ -65.254894671083491, -25.509207399334343 ], [ -65.254898881002646, -25.509209063791104 ], [ -65.255725403346219, -25.507071976217276 ], [ -65.261765188808909, -25.498466279353011 ], [ -65.263956927337347, -25.496820708322616 ], [ -65.265757903084477, -25.495468524084913 ], [ -65.269324581300793, -25.493637456706267 ], [ -65.256751444612917, -25.510055058024875 ], [ -65.276611116560559, -25.510458673521384 ], [ -65.276624317553342, -25.510465079562039 ], [ -65.281577318615064, -25.50754926129116 ], [ -65.364558066437837, -25.569726401928733 ], [ -65.373818912020056, -25.585898198918983 ], [ -65.406036547410679, -25.627393052026662 ], [ -65.406039604176385, -25.627428804423005 ], [ -65.449879735150716, -25.722632760460897 ], [ -65.458613578468714, -25.740360219111778 ], [ -65.458603475969142, -25.740403241629963 ], [ -65.458434768123141, -25.741122182421577 ], [ -65.458393513756675, -25.741181752788975 ], [ -65.456400740066158, -25.748843877251659 ], [ -65.455656285137422, -25.751165701175751 ], [ -65.455655947852733, -25.751190610771175 ], [ -65.475463536291329, -25.744314852413765 ], [ -65.478370262777787, -25.743935189277977 ], [ -65.479245775305401, -25.743709575415551 ], [ -65.480182735790947, -25.743305593416324 ], [ -65.523897861509681, -25.72923309032808 ], [ -65.528658465977458, -25.727860360596878 ], [ -65.528704761385939, -25.727860368764993 ], [ -65.536739923051755, -25.722631300999183 ], [ -65.547988035196568, -25.721445212672336 ], [ -65.551095099315262, -25.716238233880574 ], [ -65.554240940687635, -25.714758689349139 ], [ -65.555453834155685, -25.713026170895716 ], [ -65.55547033009276, -25.713001777023976 ], [ -65.555437152116951, -25.712979673592542 ], [ -65.556660571336351, -25.711144969073757 ], [ -65.556619303197181, -25.711060935294597 ], [ -65.556644538092598, -25.711051259680062 ], [ -65.552603905308899, -25.695894222447293 ], [ -65.55259065727256, -25.695868522524222 ], [ -65.550607980880102, -25.696049362711392 ], [ -65.54731183747424, -25.695554274906613 ], [ -65.547307671705425, -25.695553334378417 ], [ -65.546436555695607, -25.694716773085474 ], [ -65.546414897221837, -25.694646228502222 ], [ -65.54657470680695, -25.694106443925705 ], [ -65.533699369598537, -25.68209608248327 ], [ -65.533681849853622, -25.682041537065516 ], [ -65.536833267517977, -25.676906383825155 ], [ -65.532968499180413, -25.670356452188003 ], [ -65.533380114353918, -25.670309886776579 ], [ -65.537365388945034, -25.670880982113204 ], [ -65.536973757123064, -25.670734683388844 ], [ -65.535710210082811, -25.664734647748162 ], [ -65.543093028017154, -25.666488898667978 ], [ -65.555435908531877, -25.648889808625711 ], [ -65.561518158159458, -25.638153547987713 ], [ -65.565024295819114, -25.634304258681198 ], [ -65.565051149532678, -25.634290181302447 ], [ -65.566903067505621, -25.633921914378561 ], [ -65.566924921699638, -25.633903006570904 ], [ -65.587570272936489, -25.642952853461168 ], [ -65.587776464557521, -25.643465502425499 ], [ -65.58914236034019, -25.64654344811396 ], [ -65.589240244424502, -25.647190673549176 ], [ -65.589436133457582, -25.648485934210839 ], [ -65.589439991317136, -25.648507135578882 ], [ -65.589647282807164, -25.649002744835002 ], [ -65.591144141591883, -25.653731864123358 ], [ -65.599331380309366, -25.6601547763496 ], [ -65.599324070084435, -25.660175884175146 ], [ -65.596142841613471, -25.66519948744218 ], [ -65.593016254434588, -25.668649612263664 ], [ -65.587794208856167, -25.670396152838407 ], [ -65.559257653625934, -25.711991633038281 ], [ -65.594952288729644, -25.720762484156921 ], [ -65.63113821780189, -25.749730436466677 ], [ -65.631124816029683, -25.749759926555384 ], [ -65.632802203626056, -25.749953381394107 ], [ -65.632258140226725, -25.750543398561831 ], [ -65.630941406648731, -25.751801960982618 ], [ -65.630932284108496, -25.751834332037106 ], [ -65.631018843416882, -25.752320701022768 ], [ -65.631693348827412, -25.758082516290813 ], [ -65.631720716228017, -25.758183945907888 ], [ -65.631719539843232, -25.758218441679332 ], [ -65.632226566332747, -25.759578352128756 ], [ -65.632240742740919, -25.759608698086595 ], [ -65.641056311888804, -25.78490296570294 ], [ -65.650887808235893, -25.847235369762984 ], [ -65.654028538449722, -25.854653652190791 ], [ -65.654035480911261, -25.854679573862654 ], [ -65.654316923534338, -25.854607688580018 ], [ -65.654437363732711, -25.854998250974347 ], [ -65.654523065355761, -25.855066536095762 ], [ -65.6620869580712, -25.864969168677135 ], [ -65.662119054085679, -25.864994408329835 ], [ -65.660742170466904, -25.883530863288513 ], [ -65.661047873453469, -25.884243742524063 ], [ -65.66118329418623, -25.884288602210006 ], [ -65.661188561391668, -25.884296145506482 ], [ -65.66118678636434, -25.884432323361352 ], [ -65.658514239465433, -25.892080891825174 ], [ -65.658457447004821, -25.892063125584684 ], [ -65.658208016405467, -25.891991001896884 ], [ -65.658197906476403, -25.891984936795268 ], [ -65.658231474420916, -25.892041055003858 ], [ -65.65915960850532, -25.893473731302777 ], [ -65.659229874827872, -25.893159514122885 ], [ -65.659253767817972, -25.893117717890959 ], [ -65.672464608767768, -25.893897198536138 ], [ -65.673973101280808, -25.895576776331325 ], [ -65.675101529369101, -25.89733622660691 ], [ -65.675105710427999, -25.897354403898873 ], [ -65.678763839767328, -25.902325404479598 ], [ -65.694765665088596, -25.935068862462231 ], [ -65.694253015955837, -25.93478563594806 ], [ -65.698362572870678, -25.941209266700184 ], [ -65.699500906204776, -25.944111032070452 ], [ -65.700850374356776, -25.947569124271581 ], [ -65.70281118981751, -25.948355885796161 ], [ -65.702839566334376, -25.948335517650321 ], [ -65.705532912816921, -25.951029597509603 ], [ -65.747526055128674, -25.961477807161373 ], [ -65.747660809985973, -25.961446073795571 ], [ -65.74766225546341, -25.96143802858262 ], [ -65.727840464567635, -25.930366800794161 ], [ -65.727815464516539, -25.929102872945123 ], [ -65.727795340511307, -25.929034653287658 ], [ -65.727651857908199, -25.928516245267929 ], [ -65.726213294017498, -25.912028518678142 ], [ -65.725339609818832, -25.896685774513912 ], [ -65.724492489567353, -25.890026920232799 ], [ -65.723356948637559, -25.871916843640122 ], [ -65.723562855286104, -25.870266807272685 ], [ -65.723559185941156, -25.870204961662068 ], [ -65.724007093767284, -25.866505160993597 ], [ -65.723999923203564, -25.866445811880567 ], [ -65.723393867315792, -25.841603769941685 ], [ -65.71723513656508, -25.809759053664663 ], [ -65.719177797664827, -25.768925309273982 ], [ -65.734071075076031, -25.739034383043361 ], [ -65.736602850526822, -25.733732036235892 ], [ -65.716497989177583, -25.704471220150992 ], [ -65.71649853143316, -25.70441032169316 ], [ -65.716465416605672, -25.704167168305617 ], [ -65.717187618372407, -25.67646642185565 ], [ -65.717184798835433, -25.676404578846245 ], [ -65.717191219599101, -25.676144253783946 ], [ -65.717176995890782, -25.676085149038784 ], [ -65.714974950280293, -25.670126642891091 ], [ -65.7149435852632, -25.67007414064426 ], [ -65.714777304332301, -25.669817559422938 ], [ -65.714733915021156, -25.669774782125387 ], [ -65.723171530726574, -25.656099719279041 ], [ -65.715793237201183, -25.648123267085339 ], [ -65.721386108249135, -25.567305206645074 ], [ -65.723541975448029, -25.562820416053114 ], [ -65.71981143561402, -25.554771099196159 ], [ -65.719803106343079, -25.554763001686467 ], [ -65.719542150370216, -25.554473310691264 ], [ -65.701763060995575, -25.490633588705009 ], [ -65.703113277610157, -25.467218870102158 ], [ -65.751990416748924, -25.447096204053935 ], [ -65.796648278224211, -25.375788351402889 ], [ -65.799849449452495, -25.343400001807083 ], [ -65.804304564579695, -25.332290264274832 ], [ -65.806052278817219, -25.331426758570842 ], [ -65.836120911498995, -25.310314029576148 ], [ -65.836318498748142, -25.302403751088775 ], [ -65.850884824024831, -25.293853273709146 ], [ -65.866383364186618, -25.290595918399333 ], [ -65.877798984874971, -25.282517910441925 ], [ -65.877830653849173, -25.282507197870018 ], [ -65.897502663282069, -25.310509683673956 ], [ -65.942641438268197, -25.255214414905367 ], [ -65.942699366578893, -25.255199363224733 ], [ -65.956618390827202, -25.232434631753904 ], [ -65.95779536024645, -25.231345171368105 ], [ -65.959014302933156, -25.230216839529191 ], [ -65.959787701323535, -25.229500943990161 ], [ -65.958579451686319, -25.230105883495241 ], [ -65.958430582155643, -25.230180422676369 ], [ -65.956605308916892, -25.231094295373623 ], [ -65.956409272031124, -25.231192450639696 ], [ -65.956284096824504, -25.231255125618247 ], [ -65.954599486041275, -25.23209857511381 ], [ -65.955188862334467, -25.231497273031096 ], [ -65.955340445683873, -25.231424584461706 ], [ -65.955577154388266, -25.231311075732833 ], [ -65.957833833201846, -25.227942195046296 ], [ -65.957838363740279, -25.227929636780061 ], [ -65.95777810540784, -25.227882623007076 ], [ -65.957782411928576, -25.227870730339873 ], [ -65.957753071495915, -25.227805129552962 ], [ -65.957757209574595, -25.227793695795981 ], [ -65.953127332280758, -25.204685968389413 ], [ -65.949293699278712, -25.193922969001335 ], [ -65.953451713396362, -25.162279182289126 ], [ -65.953466165430825, -25.162238906130085 ], [ -65.952925599097739, -25.158457121758147 ], [ -65.952939434521454, -25.158418705623319 ], [ -65.951422339835403, -25.147350948005567 ], [ -65.966901270718324, -25.131057650140178 ], [ -65.966904809086088, -25.131034521164736 ], [ -65.966946293062847, -25.129538775869378 ], [ -65.966948697070507, -25.129531844030623 ], [ -65.968269428906581, -25.128631993692011 ], [ -65.97175505982807, -25.125948515621701 ], [ -65.966593296841268, -25.124342702432955 ], [ -65.966176970048764, -25.124223950296937 ], [ -65.965806589435203, -25.12411830374765 ], [ -65.965799897391378, -25.124112652738006 ], [ -65.964009632139948, -25.123245231264605 ], [ -65.933593133517434, -25.112629340586807 ], [ -65.928777327217915, -25.114207105695527 ], [ -65.927252561609009, -25.114097152944225 ], [ -65.927201434420056, -25.114069145996382 ], [ -65.924119771906248, -25.110331920584485 ], [ -65.924072784570001, -25.110304292013325 ], [ -65.92315120989025, -25.109418629703327 ], [ -65.923103647659048, -25.109393390893786 ], [ -65.921471463262492, -25.109322710924289 ], [ -65.921420879375489, -25.109300498217124 ], [ -65.918876086605735, -25.108023071565924 ], [ -65.915811604728219, -25.104842007772334 ], [ -65.915676635594821, -25.104745628350884 ], [ -65.915626534943272, -25.104728992401022 ], [ -65.913831270216463, -25.104942660115114 ], [ -65.913778075278742, -25.104931576576519 ], [ -65.910569004257923, -25.102617336893957 ], [ -65.905120234699893, -25.095304409883852 ], [ -65.905073589864514, -25.095295238855215 ], [ -65.905039436898278, -25.095263272897853 ], [ -65.904645831014477, -25.094473158546748 ], [ -65.904418245863667, -25.094332734797945 ], [ -65.904207117788928, -25.093716556726008 ], [ -65.90417276474318, -25.093686358737727 ], [ -65.90408845641565, -25.093664338320593 ], [ -65.904053914401516, -25.093634251044193 ], [ -65.903500571700533, -25.092447638980218 ], [ -65.907332980166643, -25.077191790468248 ], [ -65.907325699321291, -25.077160638850444 ], [ -65.908537297955434, -25.073612141381773 ], [ -65.909856861777826, -25.068458376769627 ], [ -65.907157289874931, -25.063421617967947 ], [ -65.907147041779126, -25.063387505666526 ], [ -65.908195489467289, -25.062076099140313 ], [ -65.902236841706269, -25.044128508247809 ], [ -65.90364105239837, -25.02954073091729 ], [ -65.903639448509864, -25.029501222522413 ], [ -65.90399913668989, -25.013407208635044 ], [ -65.903994663362937, -25.013371203848806 ], [ -65.904727336365056, -25.010498621021725 ], [ -65.904716538983905, -25.010466130081056 ], [ -65.904377592386481, -25.007540390599047 ], [ -65.924167644096201, -24.970533432962441 ], [ -65.918291122479843, -24.964352355077438 ], [ -65.91827891681362, -24.964310409273708 ], [ -65.922081245959475, -24.938608659852889 ], [ -65.909793772857086, -24.915084081703526 ], [ -65.902912204062204, -24.90007186219043 ], [ -65.9028937320453, -24.900043481371938 ], [ -65.902857770045671, -24.89979950778536 ], [ -65.902848518437509, -24.89978529340857 ], [ -65.89447643623356, -24.895704467652308 ], [ -65.893805606103001, -24.894032020507098 ], [ -65.879023801912012, -24.898819991854054 ], [ -65.911281837648744, -24.754261867932144 ], [ -65.915482837587604, -24.749728836029874 ], [ -65.921983543959016, -24.722678743273207 ], [ -65.935791011238507, -24.672393386215333 ], [ -65.978188922536106, -24.669019300585262 ], [ -65.983705686884718, -24.663073904307282 ], [ -65.983692377733007, -24.663032596732137 ], [ -65.99135437104934, -24.660101375658655 ], [ -65.993577027447657, -24.655969822309089 ], [ -65.993564863866482, -24.65592307757646 ], [ -66.011117602496256, -24.640039411744169 ], [ -66.002286643527725, -24.615278201903777 ], [ -66.002314323548148, -24.613323192926487 ], [ -66.014323730998512, -24.600156427888408 ], [ -66.033121774193432, -24.596597118246905 ], [ -66.03316036167837, -24.596650349744493 ], [ -66.036063549814855, -24.598531817448986 ], [ -66.036119134710646, -24.597075200990787 ], [ -66.036123455785287, -24.597059689913181 ], [ -66.037825898475546, -24.595745321847062 ], [ -66.037816956171241, -24.595724941121091 ], [ -66.037834092939136, -24.595711756696403 ], [ -66.037847390228535, -24.595703930213688 ], [ -66.036416596731897, -24.592163968078523 ], [ -66.036357850098398, -24.592131821025475 ], [ -66.032639925490173, -24.581006970077226 ], [ -66.032650808255198, -24.580959415012273 ], [ -66.032631793901089, -24.580938603932736 ], [ -66.032874633948381, -24.575294023127412 ], [ -66.042307203788255, -24.563301558066769 ], [ -66.053103899030702, -24.557432335667272 ], [ -66.049632374113116, -24.57307378007232 ], [ -66.059684808296424, -24.552547500883747 ], [ -66.059645826694407, -24.549701623478029 ], [ -66.059910980739062, -24.54931791441237 ], [ -66.059911581955816, -24.549315714673924 ], [ -66.060546233902642, -24.547424683841825 ], [ -66.060546231041485, -24.547422590304279 ], [ -66.060692537480861, -24.547089907089287 ], [ -66.129233833305477, -24.431452465407801 ], [ -66.129244187716495, -24.431432115300083 ], [ -66.143401507147757, -24.426129425375109 ], [ -66.143421443895761, -24.426109548447187 ], [ -66.18213054536875, -24.369951152787678 ], [ -66.187581957431462, -24.358510682196425 ], [ -66.187924942792733, -24.357071095525953 ], [ -66.189450472969327, -24.352683250781695 ], [ -66.190451327772166, -24.350820049550521 ], [ -66.190460931637915, -24.35080797070043 ], [ -66.211180475123626, -24.340149258314739 ], [ -66.21119168825885, -24.340189427822111 ], [ -66.218062798662345, -24.345777068224834 ], [ -66.221283362152974, -24.346038672225518 ], [ -66.221303226808061, -24.346067660647748 ], [ -66.221679509246258, -24.346104448729932 ], [ -66.221695802010004, -24.346102977715532 ], [ -66.233537656259102, -24.347186752369282 ], [ -66.233996396025532, -24.345111455057236 ], [ -66.267038067597525, -24.309896853737598 ], [ -66.295131439846841, -24.269192708783862 ], [ -66.300354256059222, -24.263825431543523 ], [ -66.300418429956437, -24.263815568239124 ], [ -66.300865404105934, -24.260589202225049 ], [ -66.296320480515078, -24.253795544242735 ], [ -66.296309425526488, -24.253784757730784 ], [ -66.296295754704772, -24.253799344513652 ], [ -66.29072038600259, -24.246056888820306 ], [ -66.290720536783283, -24.246049679137229 ], [ -66.290751340267946, -24.245984643820634 ], [ -66.296465768558676, -24.246934524778169 ], [ -66.298964116665388, -24.245651144828742 ], [ -66.314569122695445, -24.250628679167562 ], [ -66.322276277444757, -24.252268031940844 ], [ -66.32233926985964, -24.252309041985427 ], [ -66.322550898318468, -24.252203999860569 ], [ -66.32255548675289, -24.252206998276961 ], [ -66.322618828064208, -24.252352429927669 ], [ -66.322623191630498, -24.252355067531312 ], [ -66.322719084794926, -24.25233861659143 ], [ -66.322724039501907, -24.252340518389587 ], [ -66.322750855854849, -24.252332258823856 ], [ -66.322854851767545, -24.252301611432188 ], [ -66.329282856389568, -24.248315058747608 ], [ -66.329633399753106, -24.248244084755868 ], [ -66.330907761809556, -24.246770017056861 ], [ -66.330954535006242, -24.246755332545206 ], [ -66.331873896138063, -24.246636470406941 ], [ -66.3319807931843, -24.246723243389226 ], [ -66.332026389289354, -24.24670900615979 ], [ -66.335775299213083, -24.24815119017461 ], [ -66.337658045738976, -24.247070835275792 ], [ -66.337691037951572, -24.247106585959898 ], [ -66.337745494764874, -24.247115493972728 ], [ -66.337782886315779, -24.247146443698625 ], [ -66.338911386040365, -24.246859850168732 ], [ -66.342395200839405, -24.248038188884152 ], [ -66.343830390678647, -24.247164526767961 ], [ -66.343886218788782, -24.247202976233609 ], [ -66.346136455622002, -24.248759033898409 ], [ -66.346251616345626, -24.248961579057266 ], [ -66.349491907241259, -24.251079356107255 ], [ -66.348239791001049, -24.246567986430478 ], [ -66.348234488721801, -24.246508100307494 ], [ -66.348234416522928, -24.246507798123616 ], [ -66.348313679437922, -24.246403719694797 ], [ -66.3483509174917, -24.246366093160304 ], [ -66.348355328367177, -24.246369407271516 ], [ -66.348357852241747, -24.246359399765197 ], [ -66.34912142980221, -24.247129325105334 ], [ -66.348615891410702, -24.245269972673555 ], [ -66.347598212976266, -24.244812972094564 ], [ -66.347554130933645, -24.244820631090136 ], [ -66.347076165845237, -24.244227456632075 ], [ -66.346451267259113, -24.242786879847699 ], [ -66.346377069443236, -24.240338170622465 ], [ -66.346615459207953, -24.230225285845336 ], [ -66.348627998213885, -24.221170987139942 ], [ -66.345032086950198, -24.219682717838907 ], [ -66.344780038914621, -24.218383700765344 ], [ -66.344556504264915, -24.218205118779338 ], [ -66.345279158684377, -24.218130406142222 ], [ -66.345347028051663, -24.218117051353374 ], [ -66.345980569948836, -24.218181119235396 ], [ -66.345980115384464, -24.218190824658279 ], [ -66.345995789191136, -24.218192927275709 ], [ -66.348890807579835, -24.218776091734753 ], [ -66.348936946730362, -24.21879473144719 ], [ -66.349305373890161, -24.217825322125577 ], [ -66.349253524459641, -24.217785094093642 ], [ -66.346701091615614, -24.215042512557034 ], [ -66.340417917031175, -24.204720489837825 ], [ -66.338559964764727, -24.204334792968154 ], [ -66.329578773332742, -24.199196049857676 ], [ -66.327342597972404, -24.193588776024853 ], [ -66.324506485338077, -24.192966526370299 ], [ -66.324539901570688, -24.192668863905681 ], [ -66.324902836062847, -24.189665536920245 ], [ -66.324902567554318, -24.189661512068767 ], [ -66.324762186385897, -24.189231817972029 ], [ -66.323110701999383, -24.188882482975544 ], [ -66.31408844251348, -24.184971727419679 ], [ -66.30950508628797, -24.179921516900947 ], [ -66.308771863653533, -24.179354833695982 ], [ -66.308375145097841, -24.180713562553308 ], [ -66.306949135232287, -24.181955221931901 ], [ -66.291243306256433, -24.17690707665713 ], [ -66.261156899977379, -24.187169785983201 ], [ -66.261112817913727, -24.187180787904538 ], [ -66.253810856511166, -24.188432547273862 ], [ -66.245188066206993, -24.190713712113734 ], [ -66.245146183486668, -24.190736253707485 ], [ -66.238282532583639, -24.193649693637497 ], [ -66.224519714514997, -24.225705269044226 ], [ -66.210990679985173, -24.212790682130731 ], [ -66.21094184071967, -24.21280503439624 ], [ -66.142838562171789, -24.25512968274694 ], [ -66.140823746107571, -24.261014593008895 ], [ -66.140772862703443, -24.261007246092447 ], [ -66.142835709572296, -24.262591692597141 ], [ -66.142834030869778, -24.262595818554757 ], [ -66.13262987428368, -24.261912424596801 ], [ -66.132580243203392, -24.261877044771666 ], [ -66.128504024606514, -24.263611152729709 ], [ -66.127234911312939, -24.263527068944995 ], [ -66.126265090138077, -24.259188485984964 ], [ -66.125317347839598, -24.259212369985505 ], [ -66.12496054095584, -24.259221361855793 ], [ -66.124946404291336, -24.259214155186839 ], [ -66.124916286023733, -24.259101373590511 ], [ -66.124902227162465, -24.259094589699998 ], [ -66.124528930810413, -24.259082745056048 ], [ -66.121640717540345, -24.258560423525239 ], [ -66.121649423453221, -24.2585499360016 ], [ -66.077934228370452, -24.188065947607868 ], [ -66.075662412582687, -24.184616009330057 ], [ -66.074279492482503, -24.182715298795756 ], [ -66.074828067032627, -24.181890947258125 ], [ -66.074865030801845, -24.181897261208462 ], [ -66.074862105348075, -24.179835720826873 ], [ -66.074808281151263, -24.179696082640362 ], [ -66.074544417280777, -24.179287879016101 ], [ -66.074559202997762, -24.179248960284951 ], [ -66.074179771836157, -24.17856095216041 ], [ -66.074179184423485, -24.178548122355949 ], [ -66.073986638306678, -24.178583885337218 ], [ -66.073999704512005, -24.178884385979643 ], [ -66.073971762684835, -24.178957934016694 ], [ -66.073435429664812, -24.179797717997644 ], [ -66.073405285807439, -24.179868772509622 ], [ -66.072658366734288, -24.180982039257287 ], [ -66.061788503691105, -24.182023175098379 ], [ -66.054228153752035, -24.182747318415238 ], [ -66.044214873408464, -24.168256315345729 ], [ -66.044192951427874, -24.1682576675218 ], [ -66.043493747728235, -24.168700940733459 ], [ -66.043470109185819, -24.168700727626401 ], [ -66.043423156432766, -24.168693414357392 ], [ -66.038053102644653, -24.163777072523146 ], [ -66.033988422505388, -24.161298548087416 ], [ -66.033963736140095, -24.161290776989688 ], [ -66.021396153358978, -24.149778899189073 ], [ -66.021112017318671, -24.147965270374641 ], [ -66.017735472441018, -24.143092634985521 ], [ -66.017727078190319, -24.143083851310848 ], [ -66.018888243159552, -24.138793370648898 ], [ -66.018888929148602, -24.138769939701206 ], [ -66.00526772558743, -24.137966068937487 ], [ -66.005232554841029, -24.138014668821256 ], [ -66.002438128334575, -24.137860367509859 ], [ -66.00677626748319, -24.155087249557312 ], [ -66.006779772940888, -24.155119667368353 ], [ -66.006805971805306, -24.155120858964665 ], [ -66.007198846951496, -24.166850482795553 ], [ -66.007207310452429, -24.166873224579319 ], [ -66.00582497275451, -24.170573161872483 ], [ -66.005783403174462, -24.1706154044698 ], [ -66.005785761285495, -24.170634791417683 ], [ -66.000953799026945, -24.174471437319824 ], [ -65.987167357287774, -24.175076975450622 ], [ -65.987167269533359, -24.175050279401432 ], [ -65.967315435291084, -24.181305202749684 ], [ -65.967275555315609, -24.181316646981543 ], [ -65.967261882664673, -24.181614097932822 ], [ -65.948452039645701, -24.194107849647253 ], [ -65.928586938703631, -24.207606844021029 ], [ -65.927966900511706, -24.208042506821357 ], [ -65.927502115444554, -24.209081130925426 ], [ -65.927010486590859, -24.208637139772577 ], [ -65.913082057269378, -24.220680872766422 ], [ -65.863269784798774, -24.213799712626439 ], [ -65.86135627172348, -24.213985110766373 ], [ -65.861357111207326, -24.213914196301744 ], [ -65.86200501633715, -24.212612379686277 ], [ -65.862004363332289, -24.212542866983483 ], [ -65.861994704398683, -24.212543298314699 ], [ -65.86003403225817, -24.211795489804672 ], [ -65.859217352275721, -24.210355859221409 ], [ -65.858997661542617, -24.21012156072328 ], [ -65.858983641433099, -24.210117396945236 ], [ -65.858942500032185, -24.210140753813334 ], [ -65.858928904916127, -24.210135418939899 ], [ -65.857593542092673, -24.208297427980483 ], [ -65.857244786755018, -24.207679764204499 ], [ -65.853359892602043, -24.21374836060528 ], [ -65.844590278221062, -24.21749499240849 ], [ -65.846419606763391, -24.218147087808234 ], [ -65.846418777855263, -24.218217108903559 ], [ -65.840868165723407, -24.220203617131517 ], [ -65.828366871452488, -24.228847636613125 ], [ -65.790854052984344, -24.248747226708304 ], [ -65.777698093281742, -24.254746525983023 ], [ -65.77769206274877, -24.254752346817213 ], [ -65.77064033734888, -24.255428702290715 ], [ -65.769345415211262, -24.258699977573201 ], [ -65.768384228778018, -24.258882996767738 ], [ -65.763481786150521, -24.261108054881788 ], [ -65.761664022823254, -24.261469851775018 ], [ -65.761084750218345, -24.261415594123946 ], [ -65.760027868826796, -24.262394495352737 ], [ -65.750193442891486, -24.276607194475673 ], [ -65.750192417471737, -24.276612158617468 ], [ -65.750467170816876, -24.277582146939608 ], [ -65.738079440230592, -24.292932393935928 ], [ -65.738083119480734, -24.292997147699168 ], [ -65.728699434922305, -24.313266136492246 ], [ -65.728703296068034, -24.313324197467637 ], [ -65.735977655956219, -24.328242478679613 ], [ -65.73598079647121, -24.328304476040273 ], [ -65.714029035214196, -24.366932394595608 ], [ -65.671890078807962, -24.445588492206696 ], [ -65.625289418173566, -24.420677049846745 ], [ -65.51832533804469, -24.301411402051542 ], [ -65.556710442551775, -24.248587965595846 ], [ -65.540900286480451, -24.230799001520268 ], [ -65.545632128066018, -24.215790252489228 ], [ -65.545573455687247, -24.215758526860441 ], [ -65.543991173467248, -24.205035970104348 ], [ -65.544025321015681, -24.205029718629703 ], [ -65.549305888673132, -24.205888401603943 ], [ -65.534156848386544, -24.192963032021851 ], [ -65.534107114756466, -24.19292600108281 ], [ -65.543372593737672, -24.167872453943687 ], [ -65.547927431060373, -24.163304308263207 ], [ -65.552952256581193, -24.162304694280238 ], [ -65.562089195323438, -24.160487034788559 ], [ -65.552661304428057, -24.158900871830042 ], [ -65.545589507241004, -24.157711106988017 ], [ -65.547157625237276, -24.140610446086555 ], [ -65.538150391634304, -24.131326560232594 ], [ -65.540944914658155, -24.1265621116533 ], [ -65.539811008828792, -24.122047379304092 ], [ -65.533360563505255, -24.110930568091362 ], [ -65.533587254322185, -24.041731352589863 ], [ -65.533157429212281, -24.037879291744105 ], [ -65.534232770244785, -24.037532212518215 ], [ -65.56489658401108, -24.02731947367846 ], [ -65.564905142446378, -24.02716056705566 ], [ -65.564931504751939, -24.027127232149098 ], [ -65.564104452899528, -24.020773452459935 ], [ -65.561420257139559, -24.007394040493352 ], [ -65.561158106595883, -24.007171027828122 ], [ -65.553809164195741, -24.009745532219029 ], [ -65.552752996159597, -24.010128484309803 ], [ -65.552700369760714, -24.010178587580924 ], [ -65.539842199527186, -24.014047902548725 ], [ -65.525623520158717, -24.003135965051229 ], [ -65.524606774466804, -24.003562941531357 ], [ -65.504773395763152, -24.009213199226792 ], [ -65.504710852008543, -24.009200312578344 ], [ -65.478417223546387, -23.990526981475341 ], [ -65.477853246539155, -23.990788312131656 ], [ -65.477849128021433, -23.990788872945529 ], [ -65.47764947651342, -23.991062128403257 ], [ -65.477645019184592, -23.991064471220227 ], [ -65.477445475441471, -23.991316361878603 ], [ -65.477052605053416, -23.989674814055775 ], [ -65.477096855319814, -23.989598011236467 ], [ -65.477097633914525, -23.989596323589183 ], [ -65.477105124622028, -23.98943972397467 ], [ -65.475704734114572, -23.98171820324842 ], [ -65.475706792424091, -23.981708203778908 ], [ -65.475697637477765, -23.981099094493914 ], [ -65.475699235978482, -23.981088613684904 ], [ -65.475664697825778, -23.980184957265692 ], [ -65.475666243851947, -23.980173894081531 ], [ -65.475687488082656, -23.980120148831986 ], [ -65.47568864397158, -23.980109093584645 ], [ -65.476728375550522, -23.978122908796934 ], [ -65.476738544914042, -23.978117129997884 ], [ -65.477892423252683, -23.97745689611537 ], [ -65.478993519114454, -23.977299692190059 ], [ -65.480930088195976, -23.975779498038776 ], [ -65.484213360907859, -23.973977324087514 ], [ -65.506555039114573, -23.954017182310338 ], [ -65.506788294061494, -23.953761726332289 ], [ -65.506853888211708, -23.953745611919203 ], [ -65.510531556447631, -23.95248171008285 ], [ -65.510538099439088, -23.952473192088462 ], [ -65.510604856695693, -23.952458449800702 ], [ -65.515760692930542, -23.950712270595375 ], [ -65.516226373677739, -23.950049757164493 ], [ -65.516288762096735, -23.950021902597484 ], [ -65.517421193439304, -23.948941347339769 ], [ -65.531687775602848, -23.946660315764063 ], [ -65.531628268787983, -23.943020601449234 ], [ -65.504776117062249, -23.923180379121277 ], [ -65.504736388632466, -23.923183577042835 ], [ -65.49319409980518, -23.918943406350877 ], [ -65.488986044544049, -23.918301376332408 ], [ -65.483157889227982, -23.908513337279885 ], [ -65.482441361575866, -23.907859228574523 ], [ -65.481521993584693, -23.907019949581581 ], [ -65.481352653149315, -23.907071040313213 ], [ -65.480362116375943, -23.906971507523224 ], [ -65.480291232641036, -23.906972644082941 ], [ -65.478253865712645, -23.905837840687866 ], [ -65.478254326935144, -23.905833514047572 ], [ -65.477902786388995, -23.905628683884629 ], [ -65.47806842132951, -23.905110537638166 ], [ -65.478004554181155, -23.905094175667898 ], [ -65.478192116536718, -23.90321738127767 ], [ -65.479825273779397, -23.899280825191681 ], [ -65.481347101740027, -23.895612616788981 ], [ -65.488910905201919, -23.863596085375036 ], [ -65.495442527673788, -23.852180235741059 ], [ -65.495562783084722, -23.851649453612765 ], [ -65.492724801780469, -23.851337141438762 ], [ -65.492699541859224, -23.851321512279299 ], [ -65.492324812189054, -23.847601329205816 ], [ -65.49139723643259, -23.838392814371218 ], [ -65.491509114675523, -23.837831906273209 ], [ -65.491402950430654, -23.837832636978646 ], [ -65.491526028571059, -23.837608034943003 ], [ -65.49181001786485, -23.835237988356766 ], [ -65.493563827727257, -23.834097128815074 ], [ -65.493641392239283, -23.834046674940907 ], [ -65.494089969641266, -23.833850212432253 ], [ -65.495020532075955, -23.833911146074399 ], [ -65.495059862193955, -23.833930160517923 ], [ -65.496171175669872, -23.834785345118746 ], [ -65.496998260645455, -23.830556567171811 ], [ -65.497029020605851, -23.830585750298326 ], [ -65.497879539490555, -23.825859632860215 ], [ -65.49798833919067, -23.825494502505705 ], [ -65.497875720070056, -23.825539630335015 ], [ -65.497879025043687, -23.825517140854402 ], [ -65.49787724760165, -23.825513154527414 ], [ -65.497876485696224, -23.825512487545382 ], [ -65.49785668225644, -23.825481252107238 ], [ -65.497532159089246, -23.825348641865446 ], [ -65.493799405636594, -23.824157069902128 ], [ -65.493797267666707, -23.824141584293159 ], [ -65.493906641882177, -23.823867142971324 ], [ -65.493418172687939, -23.822516193956403 ], [ -65.493434058851676, -23.822501066025779 ], [ -65.492986793308603, -23.82026951600767 ], [ -65.492976681839878, -23.820253337119311 ], [ -65.492587304606104, -23.818403737296421 ], [ -65.491324170978714, -23.812500143234445 ], [ -65.491148556160226, -23.812178550338388 ], [ -65.488246117923723, -23.8083477103213 ], [ -65.48824108247112, -23.808312157597072 ], [ -65.487526858900821, -23.807314783848597 ], [ -65.487516601135951, -23.807278262759837 ], [ -65.487026804678123, -23.806658017522921 ], [ -65.486697020264501, -23.80618106748949 ], [ -65.486692425742945, -23.806140971143122 ], [ -65.486698228845398, -23.806103252578339 ], [ -65.486232123360423, -23.805146805653465 ], [ -65.4862287891508, -23.805105069230876 ], [ -65.485945893804626, -23.804648583698508 ], [ -65.485862436213324, -23.804494409694087 ], [ -65.485860730599256, -23.804451281519903 ], [ -65.485561025071036, -23.803948739387124 ], [ -65.485557344762071, -23.803904675266949 ], [ -65.484331355420125, -23.801949111534213 ], [ -65.483590745625122, -23.80047870352081 ], [ -65.483585578853308, -23.800425722398302 ], [ -65.483308406512435, -23.79998412068727 ], [ -65.48318364151595, -23.799749082082428 ], [ -65.483181128728972, -23.799694616271097 ], [ -65.483189314564981, -23.799671342739998 ], [ -65.482774169653737, -23.798969834229524 ], [ -65.482414894658064, -23.79768201528384 ], [ -65.48241124318514, -23.797624348167119 ], [ -65.482411876707374, -23.797602958691812 ], [ -65.48203118046365, -23.796751598071921 ], [ -65.481639887114568, -23.787371582407104 ], [ -65.48081224329627, -23.785948652708498 ], [ -65.480963574496741, -23.785232738504646 ], [ -65.480990257938515, -23.785165567313584 ], [ -65.480891002363535, -23.784526261226119 ], [ -65.4809058435427, -23.784454094512341 ], [ -65.480833192288685, -23.784245024201084 ], [ -65.480833746881785, -23.784240048663833 ], [ -65.480842279758576, -23.784166386348204 ], [ -65.480653588266023, -23.78358177644418 ], [ -65.480658690762482, -23.783506857059422 ], [ -65.480506777786502, -23.782915132020321 ], [ -65.480511758340242, -23.782839497673194 ], [ -65.480343065838497, -23.782335209407847 ], [ -65.480347441749075, -23.782258746716195 ], [ -65.480237123072584, -23.782001132211178 ], [ -65.480239836617329, -23.781924110615478 ], [ -65.479856174326244, -23.780393254170974 ], [ -65.479818460392949, -23.780353163955454 ], [ -65.479821868340991, -23.780274305900434 ], [ -65.479760913156099, -23.780055602977029 ], [ -65.479642262895823, -23.7799734138502 ], [ -65.47755523247622, -23.780160506464256 ], [ -65.47578078638054, -23.78578661728767 ], [ -65.47563158638394, -23.786000040293686 ], [ -65.475405310668975, -23.786411446185468 ], [ -65.469270641789592, -23.796538697782523 ], [ -65.469273800100609, -23.796547315694852 ], [ -65.469033351508756, -23.796825177573169 ], [ -65.468452812603175, -23.798049346336313 ], [ -65.468446621760677, -23.798116184220078 ], [ -65.468007009343808, -23.799125107448049 ], [ -65.468011258908859, -23.799192220135751 ], [ -65.468014023567207, -23.799203571696523 ], [ -65.467323524856397, -23.800369912445376 ], [ -65.467327124779445, -23.800435952470991 ], [ -65.466984492256529, -23.800999341022703 ], [ -65.466990857647318, -23.801064613026881 ], [ -65.465728828511999, -23.803949250778373 ], [ -65.46573200935461, -23.804012539663006 ], [ -65.465333038411302, -23.80467061792973 ], [ -65.465338034184242, -23.804733153197901 ], [ -65.464766797943525, -23.806170104037278 ], [ -65.462202357008664, -23.809628164949117 ], [ -65.462208853948425, -23.809684863682662 ], [ -65.461567300922979, -23.810716991446441 ], [ -65.46157376130941, -23.810739293006236 ], [ -65.461583353821197, -23.810794250440381 ], [ -65.452468324619645, -23.824405634887682 ], [ -65.452186612519142, -23.824766084014755 ], [ -65.449073266536004, -23.829550263560179 ], [ -65.447834364441121, -23.830977086143889 ], [ -65.44782063695169, -23.831012235843843 ], [ -65.44782029066306, -23.831052420492881 ], [ -65.444546398281091, -23.835944246338101 ], [ -65.44374217674789, -23.837731139964319 ], [ -65.442867406730386, -23.838408295722957 ], [ -65.433999175576957, -23.849327863017891 ], [ -65.43248976285372, -23.851438823216711 ], [ -65.431433237034355, -23.856695420122662 ], [ -65.431446758831896, -23.856697143866541 ], [ -65.432213470592387, -23.857630826797049 ], [ -65.43229730389595, -23.857959084649792 ], [ -65.433184769359912, -23.858680449550207 ], [ -65.433336121102627, -23.859479102124453 ], [ -65.433485439446429, -23.859748171586432 ], [ -65.440575593431504, -23.866598573492013 ], [ -65.441625676640001, -23.882199706074857 ], [ -65.441633119603239, -23.882225277847567 ], [ -65.44031284071184, -23.889495633896843 ], [ -65.443065895093298, -23.904466556048249 ], [ -65.443070820926039, -23.904493079868985 ], [ -65.442850132650165, -23.904899366423876 ], [ -65.442529060787024, -23.905490446306487 ], [ -65.442185984247089, -23.90612203587915 ], [ -65.441178280050963, -23.907977178319072 ], [ -65.439758060693862, -23.911774449859649 ], [ -65.438259234609461, -23.915296457985903 ], [ -65.438223191491261, -23.915950858331087 ], [ -65.43824154078527, -23.915980999206909 ], [ -65.439333340924691, -23.917011154479894 ], [ -65.439342915420582, -23.919885200491763 ], [ -65.436278479319185, -23.928743102543706 ], [ -65.435680347035998, -23.930401449282556 ], [ -65.432455712546698, -23.934468388062271 ], [ -65.42715085905013, -23.938181540197434 ], [ -65.427148103571085, -23.938209700286052 ], [ -65.427060032055067, -23.938434229863276 ], [ -65.426659344362861, -23.939913043051888 ], [ -65.392645897118598, -23.967977961364397 ], [ -65.348496115499643, -23.989211266062341 ], [ -65.342198847730458, -23.990654911747299 ], [ -65.342179926029985, -23.990663511491789 ], [ -65.342164326122941, -23.990687236026645 ], [ -65.333182605609295, -23.992800267890516 ], [ -65.326808032374515, -23.993711332203247 ], [ -65.326793149538219, -23.993714973367844 ], [ -65.326750960379115, -23.993719103776243 ], [ -65.326688052277802, -23.993760711240725 ], [ -65.326430508774308, -23.993694341435059 ], [ -65.326430714090975, -23.993692408533775 ], [ -65.32642714432933, -23.993691905374305 ], [ -65.32227492183307, -23.991581985877588 ], [ -65.319016876803857, -23.991956903101084 ], [ -65.318981331930217, -23.991961779923656 ], [ -65.317631713783499, -23.991329089882129 ], [ -65.316777703554635, -23.993095088682651 ], [ -65.32090467287685, -23.998987648358877 ], [ -65.304769551102709, -23.996849043665975 ], [ -65.304799218353367, -23.9967583553439 ], [ -65.304743051293315, -23.99673379371302 ], [ -65.304746693433799, -23.996530105012084 ], [ -65.304690806779092, -23.996503916009999 ], [ -65.304722048947326, -23.996412406223669 ], [ -65.304668109039142, -23.996382036602313 ], [ -65.302734118182855, -23.996885451758772 ], [ -65.290658671243591, -24.000357684990377 ], [ -65.276939395618115, -24.007715196813365 ], [ -65.272524166727692, -24.010129991582232 ], [ -65.272503366086767, -24.010154587574505 ], [ -65.25593420832962, -24.018231069889794 ], [ -65.25588890064688, -24.018231192035557 ], [ -65.245601016159185, -24.030603153503648 ], [ -65.245555189633933, -24.030628770643432 ], [ -65.245335533930017, -24.030744355968409 ], [ -65.245203101169068, -24.030887998931178 ], [ -65.244714287361774, -24.03087802121189 ], [ -65.219421588360262, -24.014353654011472 ], [ -65.145104870498244, -24.044291886384997 ], [ -65.136330515166605, -24.055341338450432 ], [ -65.136371893364185, -24.055397116668701 ], [ -65.131718236787378, -24.059237828858784 ], [ -65.129294559122229, -24.060386786022036 ], [ -65.129265470767052, -24.060562477965448 ], [ -65.129224518414503, -24.060507273790449 ], [ -65.12085347087492, -24.068293174433506 ], [ -65.096660582695392, -24.084687292946285 ], [ -65.078291263158007, -24.055669000942373 ], [ -65.034458700602158, -23.982627950223559 ], [ -65.034505784961141, -23.982619064018479 ], [ -65.030937256533832, -23.970766355251385 ], [ -65.030993970853615, -23.970754432229171 ], [ -65.013505797043763, -23.946092905470209 ], [ -65.003824523125274, -23.939977840359404 ], [ -64.999894085115557, -23.935575415732046 ], [ -64.998063666292751, -23.933803269192936 ], [ -64.9978069957196, -23.93362596787091 ], [ -64.945438656248086, -23.830191163553991 ], [ -64.901141281786522, -23.742333714731444 ], [ -64.895552514748658, -23.739412629205617 ], [ -64.856836276094441, -23.72369523472986 ], [ -64.855587716074524, -23.722836880157899 ], [ -64.854268727244914, -23.724135753082749 ], [ -64.854219647847117, -23.72412787102553 ], [ -64.854238415861971, -23.723882964997699 ], [ -64.854190060917574, -23.723883724843574 ], [ -64.850478021504046, -23.727212898944686 ], [ -64.818874520064469, -23.711879251845346 ], [ -64.799776620451098, -23.705776393476469 ], [ -64.786296271761785, -23.70165567900932 ], [ -64.785803677801937, -23.70149097491327 ], [ -64.785781574245789, -23.701450640619498 ], [ -64.758088562733576, -23.692537296064984 ], [ -64.758058754567969, -23.692487168975106 ], [ -64.757195867123642, -23.692214540707766 ], [ -64.711126078301049, -23.677391730403542 ], [ -64.710756012560523, -23.677549389303124 ], [ -64.710744837231118, -23.677569893774603 ], [ -64.710743809005976, -23.677570851554833 ], [ -64.710732034860428, -23.677598098798057 ], [ -64.710731218087631, -23.677599297317556 ], [ -64.710397020165942, -23.677564986420521 ], [ -64.710071519134374, -23.677534113123158 ], [ -64.617928475329165, -23.685470808890784 ], [ -64.61172776970011, -23.685635358887339 ], [ -64.607668555096723, -23.682155353908854 ], [ -64.581542225151395, -23.672078525352902 ], [ -64.581515666986775, -23.672086595603957 ], [ -64.57995121507571, -23.670346942393508 ], [ -64.579786807723337, -23.670215119564602 ], [ -64.577904037236976, -23.6688961088513 ], [ -64.577878753167852, -23.668854687246323 ], [ -64.576124352903207, -23.667647172203715 ], [ -64.57609780300254, -23.667604457709103 ], [ -64.572063696350369, -23.664802903323732 ], [ -64.571119521864716, -23.664197146474407 ], [ -64.571090584945011, -23.664150133676742 ], [ -64.570611068330948, -23.663835732633231 ], [ -64.570579223589107, -23.663790168008632 ], [ -64.544222669819476, -23.649443994849605 ] ], [ [ -65.097554000234254, -24.372071127212905 ], [ -65.097768072130748, -24.372168564078152 ], [ -65.097893727501116, -24.372110291205956 ], [ -65.097959504898427, -24.372079786836423 ], [ -65.098010343325143, -24.372094818178198 ], [ -65.09804536536393, -24.372112446763197 ], [ -65.098010978345883, -24.372206432451321 ], [ -65.097978572809495, -24.372350323600358 ], [ -65.097945958665207, -24.372352448769448 ], [ -65.097937363318124, -24.372357702456839 ], [ -65.097875094317601, -24.372338061930293 ], [ -65.097801711340139, -24.372417531641247 ], [ -65.097755972958339, -24.372430036373544 ], [ -65.097694052127906, -24.372543207533283 ], [ -65.097611010341382, -24.372802451403174 ], [ -65.097570235345813, -24.372858071233964 ], [ -65.097564774577108, -24.372881442884022 ], [ -65.097543752563809, -24.372872548567898 ], [ -65.097537309652637, -24.372883659522017 ], [ -65.097534389679595, -24.372892763353377 ], [ -65.097535957813022, -24.372902946799911 ], [ -65.097551827344148, -24.373004918507263 ], [ -65.097885609154844, -24.375698932178864 ], [ -65.09715933068054, -24.376874091395052 ], [ -65.097142774276165, -24.37688176570839 ], [ -65.09714211430304, -24.376882076073173 ], [ -65.097141494948005, -24.376882375928005 ], [ -65.097140993636344, -24.376882854791972 ], [ -65.096378951226484, -24.378094485829763 ], [ -65.096370671689272, -24.378110029649349 ], [ -65.096362604839328, -24.378125174174272 ], [ -65.096003160766827, -24.378697791236732 ], [ -65.095983760182946, -24.378734154820961 ], [ -65.09477275755853, -24.380666833303906 ], [ -65.094741456606471, -24.380725201213636 ], [ -65.093605926119949, -24.382540469837068 ], [ -65.093563989487564, -24.382618320434119 ], [ -65.09273360224762, -24.383947861733247 ], [ -65.092703947739096, -24.384150974050215 ], [ -65.092946823363945, -24.384606607010312 ], [ -65.093076844385791, -24.384681180729785 ], [ -65.093161207202172, -24.38474583996657 ], [ -65.093397940873615, -24.384857397883877 ], [ -65.093465568250622, -24.384890701963457 ], [ -65.093863594281515, -24.38510785222303 ], [ -65.094203746646542, -24.385101148174499 ], [ -65.094256022832951, -24.385083520684361 ], [ -65.094620793102877, -24.385270322180588 ], [ -65.094636461465825, -24.38523918145097 ], [ -65.094681917520461, -24.385266183532167 ], [ -65.094953049992682, -24.385440473339543 ], [ -65.094978998579961, -24.385455086097579 ], [ -65.094993930378337, -24.385462847137887 ], [ -65.094986417620191, -24.385486024813929 ], [ -65.094154239478314, -24.387089568293732 ], [ -65.094173668174676, -24.387230772857777 ], [ -65.094119633123228, -24.387309532239442 ], [ -65.09405618043769, -24.387338844495105 ], [ -65.093504426849563, -24.387313571477648 ], [ -65.093427924644629, -24.3873218750918 ], [ -65.092801051647939, -24.387505949892159 ], [ -65.092730028585834, -24.387519678896524 ], [ -65.092269465056916, -24.387552520685801 ], [ -65.092196626954149, -24.387572975885803 ], [ -65.091896654490995, -24.387763339802632 ], [ -65.090878291008039, -24.388220082831879 ], [ -65.090344053796343, -24.388538606341854 ], [ -65.090298982810111, -24.388588441398099 ], [ -65.090189557965004, -24.388782401088008 ], [ -65.089923620358945, -24.389326943141612 ], [ -65.090584449080666, -24.39059314614093 ], [ -65.091991461143323, -24.393370009714602 ], [ -65.091042446725965, -24.393296853956713 ], [ -65.090848406204088, -24.393565895121867 ], [ -65.090823421436312, -24.393633567766244 ], [ -65.090466433337781, -24.396228641331447 ], [ -65.093764622658625, -24.398324521872382 ], [ -65.092772917386526, -24.394970832221873 ], [ -65.094358992492687, -24.398785906022113 ], [ -65.094106031855915, -24.39969163679649 ], [ -65.093699255596277, -24.39916815338654 ], [ -65.093682970352916, -24.398821307536195 ], [ -65.089150278765601, -24.398352349503796 ], [ -65.08852154168693, -24.398957647572161 ], [ -65.088054778314358, -24.399636166664266 ], [ -65.088019467184608, -24.399697715442869 ], [ -65.086914457000375, -24.401297952729124 ], [ -65.086797419431036, -24.401516640165028 ], [ -65.086162807526478, -24.402386465166217 ], [ -65.084532109670818, -24.403062478063873 ], [ -65.083741287741645, -24.403422772211343 ], [ -65.083719047391696, -24.403464675813893 ], [ -65.082860066865351, -24.403878528421274 ], [ -65.083013182982654, -24.404215021518041 ], [ -65.081227880943288, -24.404851850239822 ], [ -65.08120608339101, -24.404867330019556 ], [ -65.081017697154266, -24.406284518700033 ], [ -65.080699336587543, -24.406926945180487 ], [ -65.080436759789279, -24.407994158927181 ], [ -65.080129948391686, -24.408631029952289 ], [ -65.079851838392528, -24.409603698423723 ], [ -65.079496948529709, -24.410354584844924 ], [ -65.078635154420738, -24.412177991890189 ], [ -65.078636187178347, -24.412257790255637 ], [ -65.082724528717449, -24.41580788304816 ], [ -65.082735534978951, -24.415810754847314 ], [ -65.082765566004355, -24.415803713190996 ], [ -65.082939644427597, -24.415796830936586 ], [ -65.083394261644798, -24.415778857768828 ], [ -65.090909063130255, -24.411138455238586 ], [ -65.094253491703682, -24.422382673689356 ], [ -65.096953668953745, -24.436323902764514 ], [ -65.096893252166637, -24.436336497794571 ], [ -65.096884007532765, -24.436338665470657 ], [ -65.096967195149375, -24.438872379399186 ], [ -65.094896259689278, -24.441264109030101 ], [ -65.095823518827729, -24.441217660136999 ], [ -65.09583489387569, -24.441287334971719 ], [ -65.096708368172358, -24.441241803727507 ], [ -65.096724595981243, -24.441312632951053 ], [ -65.097914277455402, -24.441273568382485 ], [ -65.097931092707938, -24.441346941155757 ], [ -65.099042909898628, -24.441303282724391 ], [ -65.099698739961127, -24.441202834201761 ], [ -65.099741601169512, -24.441245312297838 ], [ -65.099743984336953, -24.441239371377719 ], [ -65.099921691239217, -24.441152326166673 ], [ -65.099940724531564, -24.441142708336429 ], [ -65.10001565320249, -24.441039907277116 ], [ -65.100102142205401, -24.440917127207342 ], [ -65.100391309368831, -24.440488937343218 ], [ -65.100582915367454, -24.440198647636748 ], [ -65.100605140892242, -24.440213178365184 ], [ -65.100621227889974, -24.440188636210678 ], [ -65.100939910436352, -24.440110351240776 ], [ -65.100923208720758, -24.440036443947577 ], [ -65.101333696421136, -24.439958263511187 ], [ -65.107578979572395, -24.43680494327981 ], [ -65.110654439294933, -24.439561399758816 ], [ -65.116343343592803, -24.439171376873446 ], [ -65.12142202420705, -24.44124641739802 ], [ -65.127655765256122, -24.440788304193461 ], [ -65.129996065577643, -24.440688894952928 ], [ -65.131572834416886, -24.442858321736708 ], [ -65.131583916040654, -24.442855425121707 ], [ -65.134875251209792, -24.443419319678867 ], [ -65.140582621556518, -24.442681537930639 ], [ -65.139719216200604, -24.443378783221931 ], [ -65.146291691881288, -24.445332824767036 ], [ -65.148966903952441, -24.446195576174944 ], [ -65.153393523148509, -24.450046896974641 ], [ -65.155202314158828, -24.449626470646933 ], [ -65.155574668739973, -24.449588258927974 ], [ -65.15558187509572, -24.449634849754943 ], [ -65.156325997683894, -24.449596728280596 ], [ -65.156334471634068, -24.449651480304226 ], [ -65.156998219836794, -24.449604264864831 ], [ -65.157007845138139, -24.449666313730063 ], [ -65.158375393609333, -24.449646617841609 ], [ -65.158417358436907, -24.449618617709973 ], [ -65.158425560925025, -24.449666749579194 ], [ -65.158508106841339, -24.4496501112651 ], [ -65.158787323203569, -24.449746180557611 ], [ -65.158806650319036, -24.449754464526052 ], [ -65.159000342995682, -24.449741588753795 ], [ -65.159243223484395, -24.449676833238811 ], [ -65.159261329436049, -24.449673614000346 ], [ -65.159267513117072, -24.449672514303359 ], [ -65.159288955961301, -24.449664640651065 ], [ -65.159274688694268, -24.449680329940577 ], [ -65.15925819895034, -24.449710971198215 ], [ -65.159119320009154, -24.449920166521053 ], [ -65.159081204491031, -24.449944034992598 ], [ -65.159015494277867, -24.450095212981751 ], [ -65.159033924942776, -24.450105770910227 ], [ -65.158909930560981, -24.450297097507473 ], [ -65.158857561463378, -24.450329819837577 ], [ -65.158849095983442, -24.450341057669561 ], [ -65.158700297446899, -24.450429598712844 ], [ -65.158622474704828, -24.450341007836982 ], [ -65.158619058294164, -24.450339621032697 ], [ -65.158616896999661, -24.45034226662932 ], [ -65.158581570346598, -24.450402008263097 ], [ -65.158580909957266, -24.450402416672318 ], [ -65.158517304406473, -24.450503361156279 ], [ -65.158514607601035, -24.450557597348734 ], [ -65.158424548143103, -24.450749850434875 ], [ -65.156507572719875, -24.452558509420044 ], [ -65.156505492218344, -24.452613713241135 ], [ -65.155558907154841, -24.453601946297908 ], [ -65.155557572217162, -24.453646022421651 ], [ -65.155110214828255, -24.454091030439827 ], [ -65.155108861846372, -24.454129876244167 ], [ -65.154656710119013, -24.454585120986053 ], [ -65.150381101741516, -24.459278011296817 ], [ -65.149848397164305, -24.460021234791554 ], [ -65.14749456801934, -24.463216152222458 ], [ -65.145932762794985, -24.465478109114827 ], [ -65.145411413401234, -24.465730122420609 ], [ -65.145172197849661, -24.465624257167065 ], [ -65.145147644464942, -24.46562912790057 ], [ -65.14288615473663, -24.467631679752742 ], [ -65.142425713759565, -24.467910201730376 ], [ -65.141080857410259, -24.468342152038076 ], [ -65.136388398140639, -24.469539007966318 ], [ -65.136228705787289, -24.469656108613265 ], [ -65.136222832904991, -24.469652371430186 ], [ -65.135335768728396, -24.469914175219401 ], [ -65.129860775088332, -24.472350470080187 ], [ -65.129700739193083, -24.472457776773069 ], [ -65.127413214424166, -24.474380227902657 ], [ -65.127148085344402, -24.474381116354948 ], [ -65.126248314864597, -24.474343952018273 ], [ -65.125351353007431, -24.47413122759508 ], [ -65.124985917283084, -24.47404056027699 ], [ -65.124805596237195, -24.473817400446421 ], [ -65.124582620001206, -24.473940485570665 ], [ -65.124552849404495, -24.474272638260288 ], [ -65.124532147794355, -24.47450359525692 ], [ -65.124326580943432, -24.474795383673268 ], [ -65.124038575303302, -24.475204192735248 ], [ -65.124034575584972, -24.475213483374887 ], [ -65.124024785128256, -24.475223767199168 ], [ -65.121436674319853, -24.477083004370229 ], [ -65.120910560615755, -24.477389790182031 ], [ -65.120915993849792, -24.477458850937978 ], [ -65.120719190933187, -24.477583403057906 ], [ -65.120463833990584, -24.477368948668868 ], [ -65.120444751237585, -24.477353296783122 ], [ -65.120461040328735, -24.477333438989149 ], [ -65.120252305424685, -24.477178918499703 ], [ -65.120225812368403, -24.47720963961217 ], [ -65.120074250674918, -24.477302110299831 ], [ -65.120063764939175, -24.477367120125962 ], [ -65.120071152728485, -24.477445755229098 ], [ -65.119882276096746, -24.478605144451592 ], [ -65.119889296720032, -24.478679873278566 ], [ -65.119719913551648, -24.479712730388087 ], [ -65.119726604267498, -24.479783964744115 ], [ -65.119568121323937, -24.480747900195354 ], [ -65.119574173712238, -24.480815897847663 ], [ -65.120325325416161, -24.48103794616884 ], [ -65.120337248920237, -24.481275752600652 ], [ -65.120345782667698, -24.481343124006685 ], [ -65.120400328719484, -24.481751997819629 ], [ -65.120482456650677, -24.482367628471877 ], [ -65.120520134197363, -24.482397595593909 ], [ -65.12053728623448, -24.482396829125832 ], [ -65.120564122157475, -24.48239936831726 ], [ -65.120627841045007, -24.482395609902994 ], [ -65.120822712527854, -24.482375256677926 ], [ -65.12028262704041, -24.483409007024591 ], [ -65.13575485437218, -24.496072062465259 ], [ -65.135729904972834, -24.496115980732611 ], [ -65.135867390099065, -24.499752519735864 ], [ -65.144490636349019, -24.524865586084275 ], [ -65.14681341976376, -24.525739695404013 ], [ -65.16794934361053, -24.544669252637902 ], [ -65.213924807571175, -24.54295971812661 ], [ -65.220162413361777, -24.535660701691086 ], [ -65.220191729009457, -24.535705482447725 ], [ -65.220198642782861, -24.535688778937754 ], [ -65.223899577911425, -24.539279581685946 ], [ -65.22510511211749, -24.539493538399483 ], [ -65.225125637934013, -24.539519774059784 ], [ -65.237876927603054, -24.559839385449095 ], [ -65.237836337227975, -24.559840883358959 ], [ -65.23167026804947, -24.612686425356515 ], [ -65.231709680827294, -24.612697655915156 ], [ -65.231080634170326, -24.621179546128019 ], [ -65.268100624368344, -24.58878533943215 ], [ -65.268111246560977, -24.588781896836053 ], [ -65.287669749443353, -24.607732382418703 ], [ -65.287738612973669, -24.607709838952871 ], [ -65.287760719744767, -24.607713948316473 ], [ -65.294684375713928, -24.608773386956386 ], [ -65.306026640426069, -24.58011027096228 ], [ -65.312172400181566, -24.567114043825484 ], [ -65.310158971247063, -24.550284404995296 ], [ -65.304683050221911, -24.527240023322634 ], [ -65.304639947242947, -24.527212873096744 ], [ -65.286912820256362, -24.538504590471916 ], [ -65.28754245533554, -24.53359000774077 ], [ -65.287505052995471, -24.533584427601625 ], [ -65.279381317869991, -24.500149084915222 ], [ -65.28905069474979, -24.488696389131121 ], [ -65.296641354098426, -24.485942048567324 ], [ -65.296639554324031, -24.485921321664819 ], [ -65.306735255571482, -24.490375823468128 ], [ -65.306751237340734, -24.490394099215905 ], [ -65.307485032287673, -24.490819755670259 ], [ -65.309592557330234, -24.489097893200608 ], [ -65.311105448109743, -24.488462744597257 ], [ -65.312248303769081, -24.487768931185485 ], [ -65.317667559506674, -24.482653448378073 ], [ -65.332810282212108, -24.452324687083262 ], [ -65.332813384610347, -24.452292672734757 ], [ -65.332821010356781, -24.452249156084008 ], [ -65.336416994091849, -24.447939777017098 ], [ -65.368331620146876, -24.403095127001279 ], [ -65.387493962667918, -24.415288564844786 ], [ -65.401352028019801, -24.423868379227486 ], [ -65.431487455753086, -24.442219254744714 ], [ -65.570627527633292, -24.570360850668692 ], [ -65.597970454962194, -24.588070575528775 ], [ -65.598151793619991, -24.588334676092188 ], [ -65.630425509023326, -24.628654984585864 ], [ -65.630456711634054, -24.628626001738439 ], [ -65.650705026304763, -24.651693212973782 ], [ -65.650768798041554, -24.651663425758159 ], [ -65.655620920989975, -24.658762792811217 ], [ -65.655620531981242, -24.658766947591914 ], [ -65.656060026171247, -24.659420956226654 ], [ -65.656083527238138, -24.659437537952044 ], [ -65.656097841987162, -24.659427247117378 ], [ -65.656115850724234, -24.659452003334536 ], [ -65.6569564281358, -24.660651092589376 ], [ -65.656952340945509, -24.66065617758818 ], [ -65.656974270813805, -24.660704165101095 ], [ -65.658378769075341, -24.665492223218223 ], [ -65.658130843458935, -24.66564168834708 ], [ -65.658119168847008, -24.665655326117985 ], [ -65.652406558840539, -24.671054399933325 ], [ -65.652748536705758, -24.672584898569426 ], [ -65.652719054671422, -24.672616641212699 ], [ -65.652410209701941, -24.675012945385276 ], [ -65.652860891675459, -24.678198583077858 ], [ -65.652891750384015, -24.678531688563169 ], [ -65.654653924345098, -24.68142074385338 ], [ -65.699421386527888, -24.693594962783948 ], [ -65.709226220628977, -24.687591270018686 ], [ -65.709308851203957, -24.687326818518102 ], [ -65.713324405200808, -24.683819815375614 ], [ -65.713322526704985, -24.683809865627325 ], [ -65.718760247191028, -24.680028067309991 ], [ -65.718763652145924, -24.679968309329013 ], [ -65.727061406027929, -24.67239376896049 ], [ -65.734919182012447, -24.665939600257502 ], [ -65.742169758379418, -24.658616078529519 ], [ -65.742726904611857, -24.658166452313878 ], [ -65.742750746071238, -24.658161399467929 ], [ -65.745568625718875, -24.655301336959781 ], [ -65.745603744990035, -24.65531365977364 ], [ -65.745650807719812, -24.655366476414656 ], [ -65.74568958899107, -24.655367733362027 ], [ -65.747314185478558, -24.653906176088242 ], [ -65.749403115656094, -24.656763271639761 ], [ -65.752927673107592, -24.656574476484138 ], [ -65.760581931784884, -24.652676784944333 ], [ -65.765337833793012, -24.650257106925324 ], [ -65.767665360572664, -24.648706117654967 ], [ -65.767786883734232, -24.648237120449096 ], [ -65.767952079517954, -24.648162241551859 ], [ -65.768398677934726, -24.647753396802784 ], [ -65.768402890936841, -24.647749062729588 ], [ -65.768461237314455, -24.64772109578297 ], [ -65.774518021269898, -24.642803359014579 ], [ -65.778184605192223, -24.638192996267492 ], [ -65.778269493889525, -24.637907402575422 ], [ -65.77827118640073, -24.637885712041225 ], [ -65.778307180795935, -24.637800525737248 ], [ -65.778312653487376, -24.637779610899486 ], [ -65.778495366463062, -24.637523520198158 ], [ -65.778508554364237, -24.637506907701265 ], [ -65.781411281986493, -24.635052078780745 ], [ -65.790334104750968, -24.624767689255691 ], [ -65.79008370893439, -24.614522761890726 ], [ -65.795695018771937, -24.614910095339951 ], [ -65.812403617342625, -24.612369361730316 ], [ -65.805029516099239, -24.604550701405287 ], [ -65.82252202123658, -24.59325871679232 ], [ -65.822545792030269, -24.593207553337152 ], [ -65.835172872371174, -24.58353633214216 ], [ -65.849598299159538, -24.570748926290094 ], [ -65.849610861578753, -24.570672854906718 ], [ -65.850885322798149, -24.568761852051807 ], [ -65.850941653431107, -24.568675975467727 ], [ -65.850925573274765, -24.56877042360054 ], [ -65.850923584114753, -24.569100894811186 ], [ -65.850908069450441, -24.569176834731479 ], [ -65.850948441945718, -24.572599973816466 ], [ -65.850989639444037, -24.572760647356461 ], [ -65.850788606872015, -24.574543005977091 ], [ -65.850788178891548, -24.574620712937417 ], [ -65.850802475318403, -24.575362760693338 ], [ -65.850790249820818, -24.575439159520784 ], [ -65.850134138483213, -24.579475855090323 ], [ -65.850101993255578, -24.579543869803501 ], [ -65.84878744950305, -24.582163011082628 ], [ -65.847901500984506, -24.584535027742334 ], [ -65.850396883897872, -24.584806465596159 ], [ -65.845035636315572, -24.59441979179195 ], [ -65.845027037424529, -24.59443532470948 ], [ -65.844883807852, -24.594320843095261 ], [ -65.844598839875744, -24.595558144240442 ], [ -65.84459232215454, -24.595572845207869 ], [ -65.843487919450467, -24.595617234856377 ], [ -65.843386348350862, -24.595547770530459 ], [ -65.843385848479443, -24.595554223035379 ], [ -65.842552617800834, -24.594582422072278 ], [ -65.842168881349608, -24.595280598494469 ], [ -65.842166222508752, -24.595287005532668 ], [ -65.838682383703201, -24.598729051575447 ], [ -65.837846021757457, -24.598583801932989 ], [ -65.832204095608631, -24.605878062186491 ], [ -65.832168992059565, -24.606057920261662 ], [ -65.832158011209117, -24.606085429726704 ], [ -65.833695902573311, -24.605653439981211 ], [ -65.834667400158537, -24.61575835597688 ], [ -65.837057495096076, -24.632539990211058 ], [ -65.834886834320059, -24.647702693832798 ], [ -65.832756938233445, -24.655628732286289 ], [ -65.832739876981918, -24.655642009270309 ], [ -65.830602043223621, -24.658378042646291 ], [ -65.829792725734876, -24.664539496216207 ], [ -65.82978143311567, -24.664552519116114 ], [ -65.829389672357081, -24.665959832024726 ], [ -65.829436531356862, -24.665999816765577 ], [ -65.829425070698846, -24.666011885882369 ], [ -65.826412138132753, -24.673913834366545 ], [ -65.820724078655303, -24.680770764473209 ], [ -65.826031294598693, -24.690325600148924 ], [ -65.826036164211246, -24.690348045214762 ], [ -65.826074134020246, -24.690387237279822 ], [ -65.822455097014711, -24.711345020952308 ], [ -65.777271116888471, -24.76785977605158 ], [ -65.767686430649121, -24.811356442026749 ], [ -65.77654026267885, -24.86664459930978 ], [ -65.776107243391664, -24.867890370351859 ], [ -65.777507234697055, -24.87198305423351 ], [ -65.777534392032294, -24.872031404878783 ], [ -65.780122230134054, -24.87838497360832 ], [ -65.779972005847071, -24.878997017249219 ], [ -65.788442725135553, -24.88889449497151 ], [ -65.788446736574031, -24.888891163315577 ], [ -65.788194298408371, -24.888050844359213 ], [ -65.801768991702602, -24.903278576604976 ], [ -65.808934810098549, -24.911628768650928 ], [ -65.808935315593715, -24.911629690620316 ], [ -65.808933944625323, -24.911630439288558 ], [ -65.80893438845419, -24.911631411597511 ], [ -65.808919675656227, -24.911646953319632 ], [ -65.808903033168804, -24.911666496269049 ], [ -65.808879502213699, -24.911694255563134 ], [ -65.808880004028822, -24.911695990625788 ], [ -65.808779294085127, -24.91177531728016 ], [ -65.808779735629457, -24.911778072092034 ], [ -65.808827643886957, -24.911807396394408 ], [ -65.808383831625008, -24.912247306975871 ], [ -65.808384789109311, -24.912254022864317 ], [ -65.808547188599618, -24.912182873179006 ], [ -65.808547872917586, -24.912188127941931 ], [ -65.804361836511703, -24.918281081100986 ], [ -65.801074952887689, -24.920414814191645 ], [ -65.791027652537025, -24.942814490477986 ], [ -65.791055234781595, -24.942812674448817 ], [ -65.792191588299488, -24.947641404653837 ], [ -65.792446416966186, -24.947915349652533 ], [ -65.796904954352215, -24.951940780855807 ], [ -65.796946392666939, -24.95193077105597 ], [ -65.802032770969163, -24.952810528066607 ], [ -65.802691663057431, -24.953734011038989 ], [ -65.80310569725367, -24.953408586876435 ], [ -65.803615775921685, -24.952875063444083 ], [ -65.803153324501125, -24.95368764814549 ], [ -65.803366855852687, -24.955933104794099 ], [ -65.804310861320971, -24.957281761736397 ], [ -65.805566738741959, -24.95996572048756 ], [ -65.804202418095372, -24.960904541702803 ], [ -65.803535151852373, -24.961363256814479 ], [ -65.801532468158427, -24.961069952310254 ], [ -65.794837025590823, -24.967075119160882 ], [ -65.79478183606011, -24.967085018675448 ], [ -65.791688325783355, -24.967935856766871 ], [ -65.778199071608185, -24.974476345148332 ], [ -65.777873012014538, -24.975431377633527 ], [ -65.777845151437873, -24.975440170771208 ], [ -65.777193335711047, -24.974946426932433 ], [ -65.777167002240901, -24.974954796766326 ], [ -65.776956946139762, -24.976229566087511 ], [ -65.771372705617921, -24.98582157493297 ], [ -65.764702199311671, -24.993973865363785 ], [ -65.764173493676253, -24.994864435336808 ], [ -65.745396250349074, -25.025310277517804 ], [ -65.697885047690761, -25.051593793273696 ], [ -65.716346920871899, -25.104260442646137 ], [ -65.694586208272256, -25.152521627962642 ], [ -65.695461387670775, -25.153662383972744 ], [ -65.692411435444455, -25.154377943373731 ], [ -65.690290253466742, -25.155405254125924 ], [ -65.690214536727581, -25.155417361017783 ], [ -65.671022560882022, -25.168499969948527 ], [ -65.662509805531272, -25.180526953271567 ], [ -65.645199053842646, -25.191939991434197 ], [ -65.644954025625395, -25.191858892037317 ], [ -65.613543734141672, -25.221365442352464 ], [ -65.595039578346473, -25.236723015645453 ], [ -65.575985495040129, -25.23459485273014 ], [ -65.566844061885661, -25.264370964853128 ], [ -65.559534501709436, -25.303857784618287 ], [ -65.553254308341934, -25.347587549134971 ], [ -65.553039639677877, -25.348139475938353 ], [ -65.552902419151167, -25.349786682546267 ], [ -65.544759778893479, -25.400644170020144 ], [ -65.528249224595356, -25.383374161491304 ], [ -65.523383200161447, -25.376360846573789 ], [ -65.499742216656045, -25.363811767438222 ], [ -65.49967130453615, -25.363821525896526 ], [ -65.490961789453763, -25.358054646122525 ], [ -65.491562235075151, -25.354766530474251 ], [ -65.491562800496297, -25.354762530982384 ], [ -65.491580380821233, -25.354764033376341 ], [ -65.489700809759597, -25.352738695808569 ], [ -65.489699209720186, -25.352736424574516 ], [ -65.475481345446099, -25.348901726244435 ], [ -65.464972291167214, -25.342410569532717 ], [ -65.452735009358207, -25.315408715085255 ], [ -65.439103263153925, -25.304684120959053 ], [ -65.439054211904477, -25.304655208311146 ], [ -65.421661989337451, -25.298854332723693 ], [ -65.416883735954514, -25.299972923350253 ], [ -65.414962957784667, -25.299344389340661 ], [ -65.408429905627372, -25.295494164875038 ], [ -65.408399607995648, -25.29548922212723 ], [ -65.408393744820842, -25.295489001401393 ], [ -65.393579242364581, -25.284521898192963 ], [ -65.393504319705301, -25.284504040633692 ], [ -65.392734250109413, -25.28442937218523 ], [ -65.392434035095505, -25.28354252418228 ], [ -65.392486175497197, -25.283554951668521 ], [ -65.391405011438167, -25.280569701854859 ], [ -65.391337792451338, -25.280536404250711 ], [ -65.390832166431665, -25.268847125376965 ], [ -65.388979422329953, -25.254136804289942 ], [ -65.371502878794843, -25.216787835805405 ], [ -65.369523088046265, -25.214206155765623 ], [ -65.356022237339005, -25.205998976253454 ], [ -65.28352032293418, -25.191560068692411 ], [ -65.203995363660397, -25.157510441159332 ], [ -65.17231105345752, -25.131622726026421 ], [ -65.153348812402839, -25.12942318643411 ], [ -65.148944736576311, -25.127727343780862 ], [ -65.141977423668493, -25.12296277534233 ], [ -65.140451135163801, -25.122212949953621 ], [ -65.133015045337345, -25.115875505538611 ], [ -65.133041579671897, -25.115837859660417 ], [ -65.144073559180299, -25.112733449660539 ], [ -65.141076608282901, -25.101784404486295 ], [ -65.141376960769492, -25.101200985696551 ], [ -65.148489000648397, -25.04821469315533 ], [ -65.148495321070357, -25.04817748799212 ], [ -65.149714960457175, -25.047630238693614 ], [ -65.149727072995972, -25.047589795287934 ], [ -65.147964651690017, -25.045251598793982 ], [ -65.149029827256584, -25.044353400971829 ], [ -65.145244865316727, -25.034151338210847 ], [ -65.128676919712746, -25.020155008024801 ], [ -65.115404535926416, -24.984692987609719 ], [ -65.115402521795716, -24.984673639105381 ], [ -65.109795776954684, -24.967826442517037 ], [ -65.108235196602095, -24.967059445416965 ], [ -65.108222449780612, -24.967041333545694 ], [ -65.106500158002973, -24.955819298196161 ], [ -65.075438634260991, -24.971499761890868 ], [ -65.076766879204001, -24.984307695685118 ], [ -65.067050693076794, -24.987920051229707 ], [ -65.06706825624326, -24.987957825842614 ], [ -65.050901887365626, -24.99392394348547 ], [ -65.035928128731541, -25.019903298804024 ], [ -65.035234294689417, -25.031792408234935 ], [ -65.027174691462221, -25.046321719670061 ], [ -65.026949088956201, -25.063266027254656 ], [ -65.026706044783225, -25.081520516033265 ], [ -65.028065017849485, -25.081629496581058 ], [ -65.023271746127989, -25.100348098411246 ], [ -65.047211879826818, -25.12248768540843 ], [ -65.055441638092702, -25.120129840866525 ], [ -65.055876289515652, -25.120394520812567 ], [ -65.065610572551975, -25.120677333710375 ], [ -65.065618672806409, -25.120907354999702 ], [ -65.065561238946373, -25.120929171003183 ], [ -65.075028770424865, -25.129566587751697 ], [ -65.080506189885796, -25.149229574572871 ], [ -65.01453362475911, -25.157658008739872 ], [ -64.99670937733913, -25.169408573276655 ], [ -64.996642826839093, -25.168792638288323 ], [ -64.9933505591124, -25.170358350064646 ], [ -64.993344124197904, -25.170350813916741 ], [ -64.992904947068496, -25.171505671128727 ], [ -64.989638591849939, -25.172962146438067 ], [ -64.98644399655808, -25.174386618118149 ], [ -64.984089693814042, -25.175436400040269 ], [ -64.981679977173314, -25.176510890979841 ], [ -64.979212866897626, -25.177610973700325 ], [ -64.971237766072363, -25.182266881440739 ], [ -64.965630535400408, -25.185894977133785 ], [ -64.963531942441875, -25.187252841208362 ], [ -64.963526020934239, -25.18718056776089 ], [ -64.96352335420579, -25.187140297025621 ], [ -64.963170752851397, -25.1854347808233 ], [ -64.964929571236553, -25.182646583390522 ], [ -64.969513293328987, -25.100506301529549 ], [ -64.959295003895477, -25.068389537841199 ], [ -64.940552530947173, -25.002536464967363 ], [ -64.930178077724634, -24.983228769692744 ], [ -64.91325431143548, -24.977744577329588 ], [ -64.915069994830901, -24.968089390066837 ], [ -64.914979759070718, -24.967595685314791 ], [ -64.904969178142437, -24.963175409463247 ], [ -64.883989787157816, -24.954583150734379 ], [ -64.881438373181709, -24.954407957969522 ], [ -64.877896082890231, -24.956457053461747 ], [ -64.877895620807692, -24.956456946424169 ], [ -64.876261605281059, -24.955397626212459 ], [ -64.876238320452671, -24.955460851713212 ], [ -64.871048143155576, -24.952042457517507 ], [ -64.871038876204352, -24.952070614552326 ], [ -64.870841791395435, -24.95190490110565 ], [ -64.866223792847279, -24.947739975367369 ], [ -64.865521702987678, -24.947475513589382 ], [ -64.864272098925881, -24.947645642591567 ], [ -64.868885874613227, -24.930343466678778 ], [ -64.868910300873722, -24.930379836065185 ], [ -64.870879964463654, -24.920625132685927 ], [ -64.873582112974702, -24.921260460949782 ], [ -64.876810659111982, -24.920005236396491 ], [ -64.879272120622261, -24.915738887004068 ], [ -64.894860711031413, -24.899135091888581 ], [ -64.907454996338231, -24.882190106404892 ], [ -64.907466979929609, -24.882129669845483 ], [ -64.926003525678539, -24.871962002377188 ], [ -64.926010196253571, -24.871978456737622 ], [ -64.927146770011632, -24.877078718183043 ], [ -64.931351071131587, -24.883568918588082 ], [ -64.931336935831951, -24.883579999861297 ], [ -64.938075649849509, -24.888443545331597 ], [ -64.938081590229331, -24.888440005948667 ], [ -64.938151716132211, -24.888455191491346 ], [ -64.942986821214845, -24.890837677883951 ], [ -64.946900418443249, -24.893366814387946 ], [ -64.953764435698019, -24.888981807037283 ], [ -64.953734649590842, -24.888453943315483 ], [ -64.97254770843972, -24.896626229156595 ], [ -64.972896853785528, -24.896438813021632 ], [ -64.979835849673918, -24.893002792554171 ], [ -64.975346187738353, -24.877518273410374 ], [ -64.975050167966515, -24.873463055402681 ], [ -64.97596867000442, -24.865905184069561 ], [ -64.96823901262519, -24.861198280676206 ], [ -64.96821746700283, -24.861203701080228 ], [ -64.942373326793359, -24.858395521397028 ], [ -64.935677490402497, -24.857030314423355 ], [ -64.928414712660071, -24.865194387503664 ], [ -64.928409721590924, -24.865193503743512 ], [ -64.928322905296511, -24.865053242337638 ], [ -64.928269288197498, -24.865088463053837 ], [ -64.877787461791343, -24.867899356918542 ], [ -64.880786143110527, -24.846460061452035 ], [ -64.880779856089816, -24.846433069865725 ], [ -64.893043114761213, -24.832724329934763 ], [ -64.899611960478467, -24.815475672571552 ], [ -64.901646993204963, -24.81344978200525 ], [ -64.88270873388575, -24.737488553248454 ], [ -64.862755986021739, -24.664268463726955 ], [ -64.868202286644078, -24.645563427938839 ], [ -64.872607764542352, -24.642756037183517 ], [ -64.872597411968115, -24.642739899316723 ], [ -64.871353987878649, -24.642103377354033 ], [ -64.888312155509482, -24.630230421208523 ], [ -64.888307545115993, -24.630185063607655 ], [ -64.902394702055176, -24.620708726612634 ], [ -64.905397357197501, -24.617461655111867 ], [ -64.911238461849166, -24.621016790092767 ], [ -64.908689131620861, -24.604615446707498 ], [ -64.913502031403823, -24.594240256072055 ], [ -64.913764600398906, -24.593454212517713 ], [ -64.913363683533589, -24.593144571711321 ], [ -64.912282076380166, -24.592958877196224 ], [ -64.912283463777555, -24.592973685448101 ], [ -64.908592407147864, -24.594653784764034 ], [ -64.905238885177823, -24.596687680563377 ], [ -64.899113736429172, -24.591053972444797 ], [ -64.903649545366932, -24.575739097187238 ], [ -64.905054210786034, -24.573078673960879 ], [ -64.906494234386855, -24.571388949151412 ], [ -64.91356582196687, -24.566605852892167 ], [ -64.914043947698417, -24.566901366070454 ], [ -64.91552041966213, -24.565178526203226 ], [ -64.917450552841387, -24.562827235178759 ], [ -64.918783855343804, -24.56356715900364 ], [ -64.918813381924622, -24.563565037264311 ], [ -64.920866269498731, -24.562122941748157 ], [ -64.929255029658748, -24.554645906096539 ], [ -64.930838179988143, -24.553857750953171 ], [ -64.931118424620706, -24.553625058611431 ], [ -64.933418174576047, -24.542040569688538 ], [ -64.946024491076173, -24.526262846612781 ], [ -64.946622846849664, -24.525636565006835 ], [ -64.947263778253841, -24.523968015853484 ], [ -64.947315613598676, -24.523920338635833 ], [ -64.947533904062709, -24.522891113781441 ], [ -64.947478296704503, -24.522405983755675 ], [ -64.947286035273123, -24.521992190133858 ], [ -64.947152542238086, -24.520156527289089 ], [ -64.946360162051974, -24.514684948031118 ], [ -64.94565289245952, -24.512055833269415 ], [ -64.945626929096761, -24.512020462469536 ], [ -64.947134778066868, -24.507313002338208 ], [ -64.947158453646068, -24.507301891537963 ], [ -64.947206976081986, -24.504347653521165 ], [ -64.947314505560826, -24.504210425675865 ], [ -64.948113270417309, -24.503191053680553 ], [ -64.948274425791851, -24.503426118803304 ], [ -64.951633229513448, -24.502666167275606 ], [ -64.95259717167454, -24.499334400050316 ], [ -64.952612700742691, -24.499313576545092 ], [ -64.952642566436339, -24.499297257373655 ], [ -64.952660881444615, -24.499278308142038 ], [ -64.952699824405215, -24.499213360876695 ], [ -64.953025376266055, -24.498881539961133 ], [ -64.953116566477433, -24.498709952128479 ], [ -64.952281277154384, -24.496771926760289 ], [ -64.952256025959286, -24.496460656756312 ], [ -64.95358615083444, -24.494479499961585 ], [ -64.953586218352427, -24.494479249361689 ], [ -64.95364206939837, -24.494423714559446 ], [ -64.955609538061708, -24.493462302321973 ], [ -64.955619853481267, -24.49345913778933 ], [ -64.955621930650295, -24.493457053332634 ], [ -64.955632078057988, -24.493435087351429 ], [ -64.955634116118802, -24.493433225280228 ], [ -64.955654984190687, -24.493424128597894 ], [ -64.955657213707809, -24.493422275490332 ], [ -64.955965830116668, -24.493188034721527 ], [ -64.955809769453708, -24.492013419569105 ], [ -64.955457036437679, -24.493193774603242 ], [ -64.955445823417563, -24.493207901832761 ], [ -64.953671463993544, -24.494366379499183 ], [ -64.953607781437597, -24.49438980934508 ], [ -64.953608964837201, -24.494387857587299 ], [ -64.953592233144093, -24.494380813688224 ], [ -64.950722557659049, -24.488299271456185 ], [ -64.950750317678398, -24.488247676818048 ], [ -64.961387605608991, -24.481415667143438 ], [ -64.96335006089879, -24.480276269892727 ], [ -64.964716204302817, -24.479032542464211 ], [ -64.964828585299301, -24.478647042348598 ], [ -64.964917057290279, -24.478579647139156 ], [ -64.964948758840819, -24.47854089370793 ], [ -64.965221825408889, -24.478309707198207 ], [ -64.966395054916347, -24.477750014937726 ], [ -64.966416861812036, -24.477730659959832 ], [ -64.966516457991872, -24.477693050956987 ], [ -64.977671533963075, -24.469762653280043 ], [ -64.977700216538494, -24.469766158892639 ], [ -64.978638032140907, -24.469337683409378 ], [ -64.978150041708318, -24.474936325285171 ], [ -64.979703613296579, -24.479794167024522 ], [ -64.985761473474611, -24.467096317792084 ], [ -64.985806262236622, -24.467039895061419 ], [ -64.987038600935819, -24.464532244310021 ], [ -64.986711873021932, -24.45936440560132 ], [ -64.986434060069314, -24.459516097547521 ], [ -64.981215441797644, -24.431395563219837 ], [ -64.98124950708484, -24.431357279348049 ], [ -64.978651199216188, -24.39414551402632 ], [ -64.978607714136444, -24.394127338630881 ], [ -64.978343099824031, -24.379356555832601 ], [ -64.978345382201724, -24.379351084058897 ], [ -64.97841027275615, -24.379338287259998 ], [ -64.978319229473527, -24.37865714146244 ], [ -64.988678300082938, -24.388594787229977 ], [ -64.988714364294196, -24.388600198258302 ], [ -64.992195226350645, -24.386156784948582 ], [ -64.992189626517074, -24.386193924292286 ], [ -65.022042296174163, -24.401456106692308 ], [ -65.027906623373099, -24.404818649736399 ], [ -65.028595916075233, -24.408103433386202 ], [ -65.031882480394529, -24.410855918770494 ], [ -65.032463765238219, -24.410667508709707 ], [ -65.032493005782953, -24.410666309339945 ], [ -65.032521036047683, -24.410707603996627 ], [ -65.032644598448428, -24.411713485266375 ], [ -65.032674658426231, -24.411760046309666 ], [ -65.03362142893576, -24.41157133062552 ], [ -65.038850381706993, -24.409469687216244 ], [ -65.044638034395462, -24.406871900236752 ], [ -65.050019298126983, -24.404980627817736 ], [ -65.050529626215621, -24.404512866942355 ], [ -65.050605293638455, -24.404510431060999 ], [ -65.053198027402402, -24.402297587122348 ], [ -65.056083580815596, -24.403275263281671 ], [ -65.056678816540114, -24.403400996684013 ], [ -65.056919081177284, -24.403376976331629 ], [ -65.056930506408435, -24.403382463915193 ], [ -65.057085539211698, -24.403265546254033 ], [ -65.05718006662886, -24.403194258377084 ], [ -65.0574829501154, -24.402966443119681 ], [ -65.058710537398611, -24.400222601233793 ], [ -65.064521486846559, -24.396749857930956 ], [ -65.066041206377122, -24.396786504010436 ], [ -65.067133096232908, -24.395638251146977 ], [ -65.067330978971881, -24.395328865578961 ], [ -65.067504040511494, -24.395058908132967 ], [ -65.067743712355082, -24.395219908225613 ], [ -65.068571368012158, -24.395776611379688 ], [ -65.068856849219571, -24.394304378991478 ], [ -65.069195442764169, -24.393869175441409 ], [ -65.069325484164892, -24.393613767965462 ], [ -65.072851906208371, -24.384370532506182 ], [ -65.0729718057176, -24.38370343377926 ], [ -65.082721713175772, -24.378852566667433 ], [ -65.08432241660887, -24.378562533237016 ], [ -65.084989980217642, -24.378580419727427 ], [ -65.085196608326385, -24.378256426929852 ], [ -65.085264782646448, -24.378238863599165 ], [ -65.085270510798239, -24.378241457089189 ], [ -65.086060818042711, -24.377482930851215 ], [ -65.086378213034777, -24.377178311052035 ], [ -65.086672605520903, -24.376879828594724 ], [ -65.087055223551488, -24.376556864018312 ], [ -65.087348537396508, -24.376268857540879 ], [ -65.087391857307921, -24.376257385745362 ], [ -65.087613410122856, -24.376269559327682 ], [ -65.088981781069606, -24.376454213196666 ], [ -65.090011209491422, -24.376363348666473 ], [ -65.090203844148732, -24.37674834820973 ], [ -65.090426501740808, -24.376728598273644 ], [ -65.090486719539626, -24.376692397449176 ], [ -65.091182603777099, -24.376013018897083 ], [ -65.091229235738922, -24.375979781112335 ], [ -65.091743682228696, -24.375738573806984 ], [ -65.092448495686881, -24.3754081023813 ], [ -65.092508826169592, -24.375357573531744 ], [ -65.092518625642583, -24.375340485122024 ], [ -65.092837669902394, -24.374765448759661 ], [ -65.093050843044011, -24.374381231510029 ], [ -65.093203348618147, -24.374106370673871 ], [ -65.093317852742814, -24.373899990315465 ], [ -65.09405821250698, -24.372653062679319 ], [ -65.094059790879157, -24.372651459293024 ], [ -65.094068396496425, -24.372651881779234 ], [ -65.094070188831552, -24.372649672095406 ], [ -65.094070225704968, -24.372645721905371 ], [ -65.094072037596845, -24.372643815527908 ], [ -65.094140471036724, -24.372624699785774 ], [ -65.094183441861787, -24.37259916988944 ], [ -65.094191723610834, -24.372595721637538 ], [ -65.09473361257858, -24.372477477171572 ], [ -65.095432252961814, -24.372403654924085 ], [ -65.0954449683353, -24.37239658931702 ], [ -65.095525173954229, -24.372329234373979 ], [ -65.095707437401757, -24.37224381739037 ], [ -65.095724108005413, -24.372236003999717 ], [ -65.09592580587713, -24.372031612598391 ], [ -65.095956647233663, -24.371981340301147 ], [ -65.096012158670078, -24.371919465224096 ], [ -65.096003587808354, -24.371909355565833 ], [ -65.096016825954393, -24.371850344570532 ], [ -65.095977792569613, -24.371684243856805 ], [ -65.095953937413469, -24.371664476957221 ], [ -65.095938904634522, -24.37168115083773 ], [ -65.095786567046446, -24.371587910844767 ], [ -65.095773363085243, -24.371576811083116 ], [ -65.095885958808481, -24.371492490948071 ], [ -65.095949220132752, -24.37146619380718 ], [ -65.096157592034956, -24.371221543868899 ], [ -65.09617777889531, -24.371155001495481 ], [ -65.096129588730946, -24.37114405051949 ], [ -65.096150358428815, -24.371082798892417 ], [ -65.096288594167561, -24.371072564727342 ], [ -65.096374318761036, -24.370902556307726 ], [ -65.096557211940421, -24.370773340343476 ], [ -65.096575644753557, -24.370752103963184 ], [ -65.096722160014167, -24.37058331499486 ], [ -65.096802540456395, -24.370509543532592 ], [ -65.096904314926576, -24.370373473655377 ], [ -65.097019378612799, -24.370315175233543 ], [ -65.097083625831829, -24.370279316408755 ], [ -65.097226794907954, -24.370948531028716 ], [ -65.097342393926226, -24.371392539174792 ], [ -65.097205397954951, -24.371495541537456 ], [ -65.096979971776875, -24.371665031404405 ], [ -65.096963012681954, -24.371728646845838 ], [ -65.096986416957975, -24.371812784365261 ], [ -65.097199982685197, -24.372063576677249 ], [ -65.097313510338893, -24.372065999285951 ], [ -65.097554000234254, -24.372071127212905 ] ] ] ] } },
{ "type": "Feature", "properties": { "Name": "SLA : 0 - 60", "FromBreak": 0.0, "ToBreak": 60.0, "IATA": "SLA" }, "geometry": { "type": "MultiPolygon", "coordinates": [ [ [ [ -65.095786567046446, -24.371587910844767 ], [ -65.095938904634522, -24.37168115083773 ], [ -65.095953937413469, -24.371664476957221 ], [ -65.095977792569613, -24.371684243856805 ], [ -65.096016825954393, -24.371850344570532 ], [ -65.096003587808354, -24.371909355565833 ], [ -65.096012158670078, -24.371919465224096 ], [ -65.095956647233663, -24.371981340301147 ], [ -65.09592580587713, -24.372031612598391 ], [ -65.095724108005413, -24.372236003999717 ], [ -65.095707437401757, -24.37224381739037 ], [ -65.095525173954229, -24.372329234373979 ], [ -65.0954449683353, -24.37239658931702 ], [ -65.095432252961814, -24.372403654924085 ], [ -65.09473361257858, -24.372477477171572 ], [ -65.094191723610834, -24.372595721637538 ], [ -65.094183441861787, -24.37259916988944 ], [ -65.094140471036724, -24.372624699785774 ], [ -65.094072037596845, -24.372643815527908 ], [ -65.094070225704968, -24.372645721905371 ], [ -65.094070188831552, -24.372649672095406 ], [ -65.094068396496425, -24.372651881779234 ], [ -65.094059790879157, -24.372651459293024 ], [ -65.09405821250698, -24.372653062679319 ], [ -65.093317852742814, -24.373899990315465 ], [ -65.093203348618147, -24.374106370673871 ], [ -65.093050843044011, -24.374381231510029 ], [ -65.092837669902394, -24.374765448759661 ], [ -65.092518625642583, -24.375340485122024 ], [ -65.092508826169592, -24.375357573531744 ], [ -65.092448495686881, -24.3754081023813 ], [ -65.091743682228696, -24.375738573806984 ], [ -65.091229235738922, -24.375979781112335 ], [ -65.091182603777099, -24.376013018897083 ], [ -65.090486719539626, -24.376692397449176 ], [ -65.090426501740808, -24.376728598273644 ], [ -65.090203844148732, -24.37674834820973 ], [ -65.090011209491422, -24.376363348666473 ], [ -65.088981781069606, -24.376454213196666 ], [ -65.087613410122856, -24.376269559327682 ], [ -65.087391857307921, -24.376257385745362 ], [ -65.087348537396508, -24.376268857540879 ], [ -65.087055223551488, -24.376556864018312 ], [ -65.086672605520903, -24.376879828594724 ], [ -65.086378213034777, -24.377178311052035 ], [ -65.086060818042711, -24.377482930851215 ], [ -65.085270510798239, -24.378241457089189 ], [ -65.085264782646448, -24.378238863599165 ], [ -65.085196608326385, -24.378256426929852 ], [ -65.084989980217642, -24.378580419727427 ], [ -65.08432241660887, -24.378562533237016 ], [ -65.082721713175772, -24.378852566667433 ], [ -65.0729718057176, -24.38370343377926 ], [ -65.072851906208371, -24.384370532506182 ], [ -65.069325484164892, -24.393613767965462 ], [ -65.069195442764169, -24.393869175441409 ], [ -65.068856849219571, -24.394304378991478 ], [ -65.068571368012158, -24.395776611379688 ], [ -65.067743712355082, -24.395219908225613 ], [ -65.067504040511494, -24.395058908132967 ], [ -65.067330978971881, -24.395328865578961 ], [ -65.067133096232908, -24.395638251146977 ], [ -65.066041206377122, -24.396786504010436 ], [ -65.064521486846559, -24.396749857930956 ], [ -65.058710537398611, -24.400222601233793 ], [ -65.0574829501154, -24.402966443119681 ], [ -65.05718006662886, -24.403194258377084 ], [ -65.057085539211698, -24.403265546254033 ], [ -65.056930506408435, -24.403382463915193 ], [ -65.056919081177284, -24.403376976331629 ], [ -65.056678816540114, -24.403400996684013 ], [ -65.056083580815596, -24.403275263281671 ], [ -65.053198027402402, -24.402297587122348 ], [ -65.050605293638455, -24.404510431060999 ], [ -65.050529626215621, -24.404512866942355 ], [ -65.050019298126983, -24.404980627817736 ], [ -65.044638034395462, -24.406871900236752 ], [ -65.038850381706993, -24.409469687216244 ], [ -65.03362142893576, -24.41157133062552 ], [ -65.032674658426231, -24.411760046309666 ], [ -65.032644598448428, -24.411713485266375 ], [ -65.032521036047683, -24.410707603996627 ], [ -65.032493005782953, -24.410666309339945 ], [ -65.032463765238219, -24.410667508709707 ], [ -65.031882480394529, -24.410855918770494 ], [ -65.028595916075233, -24.408103433386202 ], [ -65.027906623373099, -24.404818649736399 ], [ -65.022042296174163, -24.401456106692308 ], [ -64.992189626517074, -24.386193924292286 ], [ -64.992195226350645, -24.386156784948582 ], [ -64.988714364294196, -24.388600198258302 ], [ -64.988678300082938, -24.388594787229977 ], [ -64.978319229473527, -24.37865714146244 ], [ -64.97841027275615, -24.379338287259998 ], [ -64.978345382201724, -24.379351084058897 ], [ -64.978343099824031, -24.379356555832601 ], [ -64.978607714136444, -24.394127338630881 ], [ -64.978651199216188, -24.39414551402632 ], [ -64.98124950708484, -24.431357279348049 ], [ -64.981215441797644, -24.431395563219837 ], [ -64.986434060069314, -24.459516097547521 ], [ -64.986711873021932, -24.45936440560132 ], [ -64.987038600935819, -24.464532244310021 ], [ -64.985806262236622, -24.467039895061419 ], [ -64.985761473474611, -24.467096317792084 ], [ -64.979703613296579, -24.479794167024522 ], [ -64.978150041708318, -24.474936325285171 ], [ -64.978638032140907, -24.469337683409378 ], [ -64.977700216538494, -24.469766158892639 ], [ -64.977671533963075, -24.469762653280043 ], [ -64.966516457991872, -24.477693050956987 ], [ -64.966416861812036, -24.477730659959832 ], [ -64.966395054916347, -24.477750014937726 ], [ -64.965221825408889, -24.478309707198207 ], [ -64.964948758840819, -24.47854089370793 ], [ -64.964917057290279, -24.478579647139156 ], [ -64.964828585299301, -24.478647042348598 ], [ -64.964716204302817, -24.479032542464211 ], [ -64.96335006089879, -24.480276269892727 ], [ -64.961387605608991, -24.481415667143438 ], [ -64.950750317678398, -24.488247676818048 ], [ -64.950722557659049, -24.488299271456185 ], [ -64.953592233144093, -24.494380813688224 ], [ -64.953608964837201, -24.494387857587299 ], [ -64.953607781437597, -24.49438980934508 ], [ -64.953671463993544, -24.494366379499183 ], [ -64.955445823417563, -24.493207901832761 ], [ -64.955457036437679, -24.493193774603242 ], [ -64.955809769453708, -24.492013419569105 ], [ -64.955965830116668, -24.493188034721527 ], [ -64.955657213707809, -24.493422275490332 ], [ -64.955654984190687, -24.493424128597894 ], [ -64.955634116118802, -24.493433225280228 ], [ -64.955632078057988, -24.493435087351429 ], [ -64.955621930650295, -24.493457053332634 ], [ -64.955619853481267, -24.49345913778933 ], [ -64.955609538061708, -24.493462302321973 ], [ -64.95364206939837, -24.494423714559446 ], [ -64.953586218352427, -24.494479249361689 ], [ -64.95358615083444, -24.494479499961585 ], [ -64.952256025959286, -24.496460656756312 ], [ -64.952281277154384, -24.496771926760289 ], [ -64.953116566477433, -24.498709952128479 ], [ -64.953025376266055, -24.498881539961133 ], [ -64.952699824405215, -24.499213360876695 ], [ -64.952660881444615, -24.499278308142038 ], [ -64.952642566436339, -24.499297257373655 ], [ -64.952612700742691, -24.499313576545092 ], [ -64.95259717167454, -24.499334400050316 ], [ -64.951633229513448, -24.502666167275606 ], [ -64.948274425791851, -24.503426118803304 ], [ -64.948113270417309, -24.503191053680553 ], [ -64.947314505560826, -24.504210425675865 ], [ -64.947206976081986, -24.504347653521165 ], [ -64.947158453646068, -24.507301891537963 ], [ -64.947134778066868, -24.507313002338208 ], [ -64.945626929096761, -24.512020462469536 ], [ -64.94565289245952, -24.512055833269415 ], [ -64.946360162051974, -24.514684948031118 ], [ -64.947152542238086, -24.520156527289089 ], [ -64.947286035273123, -24.521992190133858 ], [ -64.947478296704503, -24.522405983755675 ], [ -64.947533904062709, -24.522891113781441 ], [ -64.947315613598676, -24.523920338635833 ], [ -64.947263778253841, -24.523968015853484 ], [ -64.946622846849664, -24.525636565006835 ], [ -64.946024491076173, -24.526262846612781 ], [ -64.933418174576047, -24.542040569688538 ], [ -64.931118424620706, -24.553625058611431 ], [ -64.930838179988143, -24.553857750953171 ], [ -64.929255029658748, -24.554645906096539 ], [ -64.920866269498731, -24.562122941748157 ], [ -64.918813381924622, -24.563565037264311 ], [ -64.918783855343804, -24.56356715900364 ], [ -64.917450552841387, -24.562827235178759 ], [ -64.91552041966213, -24.565178526203226 ], [ -64.914043947698417, -24.566901366070454 ], [ -64.91356582196687, -24.566605852892167 ], [ -64.906494234386855, -24.571388949151412 ], [ -64.905054210786034, -24.573078673960879 ], [ -64.903649545366932, -24.575739097187238 ], [ -64.899113736429172, -24.591053972444797 ], [ -64.905238885177823, -24.596687680563377 ], [ -64.908592407147864, -24.594653784764034 ], [ -64.912283463777555, -24.592973685448101 ], [ -64.912282076380166, -24.592958877196224 ], [ -64.913363683533589, -24.593144571711321 ], [ -64.913764600398906, -24.593454212517713 ], [ -64.913502031403823, -24.594240256072055 ], [ -64.908689131620861, -24.604615446707498 ], [ -64.911238461849166, -24.621016790092767 ], [ -64.905397357197501, -24.617461655111867 ], [ -64.902394702055176, -24.620708726612634 ], [ -64.888307545115993, -24.630185063607655 ], [ -64.888312155509482, -24.630230421208523 ], [ -64.871353987878649, -24.642103377354033 ], [ -64.872597411968115, -24.642739899316723 ], [ -64.872607764542352, -24.642756037183517 ], [ -64.868202286644078, -24.645563427938839 ], [ -64.862755986021739, -24.664268463726955 ], [ -64.88270873388575, -24.737488553248454 ], [ -64.901646993204963, -24.81344978200525 ], [ -64.899611960478467, -24.815475672571552 ], [ -64.893043114761213, -24.832724329934763 ], [ -64.880779856089816, -24.846433069865725 ], [ -64.880786143110527, -24.846460061452035 ], [ -64.877787461791343, -24.867899356918542 ], [ -64.928269288197498, -24.865088463053837 ], [ -64.928322905296511, -24.865053242337638 ], [ -64.928409721590924, -24.865193503743512 ], [ -64.928414712660071, -24.865194387503664 ], [ -64.935677490402497, -24.857030314423355 ], [ -64.942373326793359, -24.858395521397028 ], [ -64.96821746700283, -24.861203701080228 ], [ -64.96823901262519, -24.861198280676206 ], [ -64.97596867000442, -24.865905184069561 ], [ -64.975050167966515, -24.873463055402681 ], [ -64.975346187738353, -24.877518273410374 ], [ -64.979835849673918, -24.893002792554171 ], [ -64.972896853785528, -24.896438813021632 ], [ -64.97254770843972, -24.896626229156595 ], [ -64.953734649590842, -24.888453943315483 ], [ -64.953764435698019, -24.888981807037283 ], [ -64.946900418443249, -24.893366814387946 ], [ -64.942986821214845, -24.890837677883951 ], [ -64.938151716132211, -24.888455191491346 ], [ -64.938081590229331, -24.888440005948667 ], [ -64.938075649849509, -24.888443545331597 ], [ -64.931336935831951, -24.883579999861297 ], [ -64.931351071131587, -24.883568918588082 ], [ -64.927146770011632, -24.877078718183043 ], [ -64.926010196253571, -24.871978456737622 ], [ -64.926003525678539, -24.871962002377188 ], [ -64.907466979929609, -24.882129669845483 ], [ -64.907454996338231, -24.882190106404892 ], [ -64.894860711031413, -24.899135091888581 ], [ -64.879272120622261, -24.915738887004068 ], [ -64.876810659111982, -24.920005236396491 ], [ -64.873582112974702, -24.921260460949782 ], [ -64.870879964463654, -24.920625132685927 ], [ -64.868910300873722, -24.930379836065185 ], [ -64.868885874613227, -24.930343466678778 ], [ -64.864272098925881, -24.947645642591567 ], [ -64.865521702987678, -24.947475513589382 ], [ -64.866223792847279, -24.947739975367369 ], [ -64.870841791395435, -24.95190490110565 ], [ -64.871038876204352, -24.952070614552326 ], [ -64.871048143155576, -24.952042457517507 ], [ -64.876238320452671, -24.955460851713212 ], [ -64.876261605281059, -24.955397626212459 ], [ -64.877895620807692, -24.956456946424169 ], [ -64.877896082890231, -24.956457053461747 ], [ -64.881438373181709, -24.954407957969522 ], [ -64.883989787157816, -24.954583150734379 ], [ -64.904969178142437, -24.963175409463247 ], [ -64.914979759070718, -24.967595685314791 ], [ -64.915069994830901, -24.968089390066837 ], [ -64.91325431143548, -24.977744577329588 ], [ -64.930178077724634, -24.983228769692744 ], [ -64.940552530947173, -25.002536464967363 ], [ -64.959295003895477, -25.068389537841199 ], [ -64.969513293328987, -25.100506301529549 ], [ -64.964929571236553, -25.182646583390522 ], [ -64.963170752851397, -25.1854347808233 ], [ -64.96352335420579, -25.187140297025621 ], [ -64.963526020934239, -25.18718056776089 ], [ -64.963531942441875, -25.187252841208362 ], [ -64.965630535400408, -25.185894977133785 ], [ -64.971237766072363, -25.182266881440739 ], [ -64.979212866897626, -25.177610973700325 ], [ -64.981679977173314, -25.176510890979841 ], [ -64.984089693814042, -25.175436400040269 ], [ -64.98644399655808, -25.174386618118149 ], [ -64.989638591849939, -25.172962146438067 ], [ -64.992904947068496, -25.171505671128727 ], [ -64.993344124197904, -25.170350813916741 ], [ -64.9933505591124, -25.170358350064646 ], [ -64.996642826839093, -25.168792638288323 ], [ -64.99670937733913, -25.169408573276655 ], [ -65.01453362475911, -25.157658008739872 ], [ -65.080506189885796, -25.149229574572871 ], [ -65.075028770424865, -25.129566587751697 ], [ -65.065561238946373, -25.120929171003183 ], [ -65.065618672806409, -25.120907354999702 ], [ -65.065610572551975, -25.120677333710375 ], [ -65.055876289515652, -25.120394520812567 ], [ -65.055441638092702, -25.120129840866525 ], [ -65.047211879826818, -25.12248768540843 ], [ -65.023271746127989, -25.100348098411246 ], [ -65.028065017849485, -25.081629496581058 ], [ -65.026706044783225, -25.081520516033265 ], [ -65.026949088956201, -25.063266027254656 ], [ -65.027174691462221, -25.046321719670061 ], [ -65.035234294689417, -25.031792408234935 ], [ -65.035928128731541, -25.019903298804024 ], [ -65.050901887365626, -24.99392394348547 ], [ -65.06706825624326, -24.987957825842614 ], [ -65.067050693076794, -24.987920051229707 ], [ -65.076766879204001, -24.984307695685118 ], [ -65.075438634260991, -24.971499761890868 ], [ -65.106500158002973, -24.955819298196161 ], [ -65.108222449780612, -24.967041333545694 ], [ -65.108235196602095, -24.967059445416965 ], [ -65.109795776954684, -24.967826442517037 ], [ -65.115402521795716, -24.984673639105381 ], [ -65.115404535926416, -24.984692987609719 ], [ -65.128676919712746, -25.020155008024801 ], [ -65.145244865316727, -25.034151338210847 ], [ -65.149029827256584, -25.044353400971829 ], [ -65.147964651690017, -25.045251598793982 ], [ -65.149727072995972, -25.047589795287934 ], [ -65.149714960457175, -25.047630238693614 ], [ -65.148495321070357, -25.04817748799212 ], [ -65.148489000648397, -25.04821469315533 ], [ -65.141376960769492, -25.101200985696551 ], [ -65.141076608282901, -25.101784404486295 ], [ -65.144073559180299, -25.112733449660539 ], [ -65.133041579671897, -25.115837859660417 ], [ -65.133015045337345, -25.115875505538611 ], [ -65.140451135163801, -25.122212949953621 ], [ -65.141977423668493, -25.12296277534233 ], [ -65.148944736576311, -25.127727343780862 ], [ -65.153348812402839, -25.12942318643411 ], [ -65.17231105345752, -25.131622726026421 ], [ -65.203995363660397, -25.157510441159332 ], [ -65.28352032293418, -25.191560068692411 ], [ -65.356022237339005, -25.205998976253454 ], [ -65.369523088046265, -25.214206155765623 ], [ -65.371502878794843, -25.216787835805405 ], [ -65.388979422329953, -25.254136804289942 ], [ -65.390832166431665, -25.268847125376965 ], [ -65.391337792451338, -25.280536404250711 ], [ -65.391405011438167, -25.280569701854859 ], [ -65.392486175497197, -25.283554951668521 ], [ -65.392434035095505, -25.28354252418228 ], [ -65.392734250109413, -25.28442937218523 ], [ -65.393504319705301, -25.284504040633692 ], [ -65.393579242364581, -25.284521898192963 ], [ -65.408393744820842, -25.295489001401393 ], [ -65.408399607995648, -25.29548922212723 ], [ -65.408429905627372, -25.295494164875038 ], [ -65.414962957784667, -25.299344389340661 ], [ -65.416883735954514, -25.299972923350253 ], [ -65.421661989337451, -25.298854332723693 ], [ -65.439054211904477, -25.304655208311146 ], [ -65.439103263153925, -25.304684120959053 ], [ -65.452735009358207, -25.315408715085255 ], [ -65.464972291167214, -25.342410569532717 ], [ -65.475481345446099, -25.348901726244435 ], [ -65.489699209720186, -25.352736424574516 ], [ -65.489700809759597, -25.352738695808569 ], [ -65.491580380821233, -25.354764033376341 ], [ -65.491562800496297, -25.354762530982384 ], [ -65.491562235075151, -25.354766530474251 ], [ -65.490961789453763, -25.358054646122525 ], [ -65.49967130453615, -25.363821525896526 ], [ -65.499742216656045, -25.363811767438222 ], [ -65.523383200161447, -25.376360846573789 ], [ -65.528249224595356, -25.383374161491304 ], [ -65.544759778893479, -25.400644170020144 ], [ -65.552902419151167, -25.349786682546267 ], [ -65.553039639677877, -25.348139475938353 ], [ -65.553254308341934, -25.347587549134971 ], [ -65.559534501709436, -25.303857784618287 ], [ -65.566844061885661, -25.264370964853128 ], [ -65.575985495040129, -25.23459485273014 ], [ -65.595039578346473, -25.236723015645453 ], [ -65.613543734141672, -25.221365442352464 ], [ -65.644954025625395, -25.191858892037317 ], [ -65.645199053842646, -25.191939991434197 ], [ -65.662509805531272, -25.180526953271567 ], [ -65.671022560882022, -25.168499969948527 ], [ -65.690214536727581, -25.155417361017783 ], [ -65.690290253466742, -25.155405254125924 ], [ -65.692411435444455, -25.154377943373731 ], [ -65.695461387670775, -25.153662383972744 ], [ -65.694586208272256, -25.152521627962642 ], [ -65.716346920871899, -25.104260442646137 ], [ -65.697885047690761, -25.051593793273696 ], [ -65.745396250349074, -25.025310277517804 ], [ -65.764173493676253, -24.994864435336808 ], [ -65.764702199311671, -24.993973865363785 ], [ -65.771372705617921, -24.98582157493297 ], [ -65.776956946139762, -24.976229566087511 ], [ -65.777167002240901, -24.974954796766326 ], [ -65.777193335711047, -24.974946426932433 ], [ -65.777845151437873, -24.975440170771208 ], [ -65.777873012014538, -24.975431377633527 ], [ -65.778199071608185, -24.974476345148332 ], [ -65.791688325783355, -24.967935856766871 ], [ -65.79478183606011, -24.967085018675448 ], [ -65.794837025590823, -24.967075119160882 ], [ -65.801532468158427, -24.961069952310254 ], [ -65.803535151852373, -24.961363256814479 ], [ -65.804202418095372, -24.960904541702803 ], [ -65.805566738741959, -24.95996572048756 ], [ -65.804310861320971, -24.957281761736397 ], [ -65.803366855852687, -24.955933104794099 ], [ -65.803153324501125, -24.95368764814549 ], [ -65.803615775921685, -24.952875063444083 ], [ -65.80310569725367, -24.953408586876435 ], [ -65.802691663057431, -24.953734011038989 ], [ -65.802032770969163, -24.952810528066607 ], [ -65.796946392666939, -24.95193077105597 ], [ -65.796904954352215, -24.951940780855807 ], [ -65.792446416966186, -24.947915349652533 ], [ -65.792191588299488, -24.947641404653837 ], [ -65.791055234781595, -24.942812674448817 ], [ -65.791027652537025, -24.942814490477986 ], [ -65.801074952887689, -24.920414814191645 ], [ -65.804361836511703, -24.918281081100986 ], [ -65.808547872917586, -24.912188127941931 ], [ -65.808547188599618, -24.912182873179006 ], [ -65.808384789109311, -24.912254022864317 ], [ -65.808383831625008, -24.912247306975871 ], [ -65.808827643886957, -24.911807396394408 ], [ -65.808779735629457, -24.911778072092034 ], [ -65.808779294085127, -24.91177531728016 ], [ -65.808880004028822, -24.911695990625788 ], [ -65.808879502213699, -24.911694255563134 ], [ -65.808903033168804, -24.911666496269049 ], [ -65.808919675656227, -24.911646953319632 ], [ -65.80893438845419, -24.911631411597511 ], [ -65.808933944625323, -24.911630439288558 ], [ -65.808935315593715, -24.911629690620316 ], [ -65.808934810098549, -24.911628768650928 ], [ -65.801768991702602, -24.903278576604976 ], [ -65.788194298408371, -24.888050844359213 ], [ -65.788446736574031, -24.888891163315577 ], [ -65.788442725135553, -24.88889449497151 ], [ -65.779972005847071, -24.878997017249219 ], [ -65.780122230134054, -24.87838497360832 ], [ -65.777534392032294, -24.872031404878783 ], [ -65.777507234697055, -24.87198305423351 ], [ -65.776107243391664, -24.867890370351859 ], [ -65.77654026267885, -24.86664459930978 ], [ -65.767686430649121, -24.811356442026749 ], [ -65.777271116888471, -24.76785977605158 ], [ -65.822455097014711, -24.711345020952308 ], [ -65.826074134020246, -24.690387237279822 ], [ -65.826036164211246, -24.690348045214762 ], [ -65.826031294598693, -24.690325600148924 ], [ -65.820724078655303, -24.680770764473209 ], [ -65.826412138132753, -24.673913834366545 ], [ -65.829425070698846, -24.666011885882369 ], [ -65.829436531356862, -24.665999816765577 ], [ -65.829389672357081, -24.665959832024726 ], [ -65.82978143311567, -24.664552519116114 ], [ -65.829792725734876, -24.664539496216207 ], [ -65.830602043223621, -24.658378042646291 ], [ -65.832739876981918, -24.655642009270309 ], [ -65.832756938233445, -24.655628732286289 ], [ -65.834886834320059, -24.647702693832798 ], [ -65.837057495096076, -24.632539990211058 ], [ -65.834667400158537, -24.61575835597688 ], [ -65.833695902573311, -24.605653439981211 ], [ -65.832158011209117, -24.606085429726704 ], [ -65.832168992059565, -24.606057920261662 ], [ -65.832204095608631, -24.605878062186491 ], [ -65.837846021757457, -24.598583801932989 ], [ -65.838682383703201, -24.598729051575447 ], [ -65.842166222508752, -24.595287005532668 ], [ -65.842168881349608, -24.595280598494469 ], [ -65.842552617800834, -24.594582422072278 ], [ -65.843385848479443, -24.595554223035379 ], [ -65.843386348350862, -24.595547770530459 ], [ -65.843487919450467, -24.595617234856377 ], [ -65.84459232215454, -24.595572845207869 ], [ -65.844598839875744, -24.595558144240442 ], [ -65.844883807852, -24.594320843095261 ], [ -65.845027037424529, -24.59443532470948 ], [ -65.845035636315572, -24.59441979179195 ], [ -65.850396883897872, -24.584806465596159 ], [ -65.847901500984506, -24.584535027742334 ], [ -65.84878744950305, -24.582163011082628 ], [ -65.850101993255578, -24.579543869803501 ], [ -65.850134138483213, -24.579475855090323 ], [ -65.850790249820818, -24.575439159520784 ], [ -65.850802475318403, -24.575362760693338 ], [ -65.850788178891548, -24.574620712937417 ], [ -65.850788606872015, -24.574543005977091 ], [ -65.850989639444037, -24.572760647356461 ], [ -65.850948441945718, -24.572599973816466 ], [ -65.850908069450441, -24.569176834731479 ], [ -65.850923584114753, -24.569100894811186 ], [ -65.850925573274765, -24.56877042360054 ], [ -65.850941653431107, -24.568675975467727 ], [ -65.850885322798149, -24.568761852051807 ], [ -65.849610861578753, -24.570672854906718 ], [ -65.849598299159538, -24.570748926290094 ], [ -65.835172872371174, -24.58353633214216 ], [ -65.822545792030269, -24.593207553337152 ], [ -65.82252202123658, -24.59325871679232 ], [ -65.805029516099239, -24.604550701405287 ], [ -65.812403617342625, -24.612369361730316 ], [ -65.795695018771937, -24.614910095339951 ], [ -65.79008370893439, -24.614522761890726 ], [ -65.790334104750968, -24.624767689255691 ], [ -65.781411281986493, -24.635052078780745 ], [ -65.778508554364237, -24.637506907701265 ], [ -65.778495366463062, -24.637523520198158 ], [ -65.778312653487376, -24.637779610899486 ], [ -65.778307180795935, -24.637800525737248 ], [ -65.77827118640073, -24.637885712041225 ], [ -65.778269493889525, -24.637907402575422 ], [ -65.778184605192223, -24.638192996267492 ], [ -65.774518021269898, -24.642803359014579 ], [ -65.768461237314455, -24.64772109578297 ], [ -65.768402890936841, -24.647749062729588 ], [ -65.768398677934726, -24.647753396802784 ], [ -65.767952079517954, -24.648162241551859 ], [ -65.767786883734232, -24.648237120449096 ], [ -65.767665360572664, -24.648706117654967 ], [ -65.765337833793012, -24.650257106925324 ], [ -65.760581931784884, -24.652676784944333 ], [ -65.752927673107592, -24.656574476484138 ], [ -65.749403115656094, -24.656763271639761 ], [ -65.747314185478558, -24.653906176088242 ], [ -65.74568958899107, -24.655367733362027 ], [ -65.745650807719812, -24.655366476414656 ], [ -65.745603744990035, -24.65531365977364 ], [ -65.745568625718875, -24.655301336959781 ], [ -65.742750746071238, -24.658161399467929 ], [ -65.742726904611857, -24.658166452313878 ], [ -65.742169758379418, -24.658616078529519 ], [ -65.734919182012447, -24.665939600257502 ], [ -65.727061406027929, -24.67239376896049 ], [ -65.718763652145924, -24.679968309329013 ], [ -65.718760247191028, -24.680028067309991 ], [ -65.713322526704985, -24.683809865627325 ], [ -65.713324405200808, -24.683819815375614 ], [ -65.709308851203957, -24.687326818518102 ], [ -65.709226220628977, -24.687591270018686 ], [ -65.699421386527888, -24.693594962783948 ], [ -65.654653924345098, -24.68142074385338 ], [ -65.652891750384015, -24.678531688563169 ], [ -65.652860891675459, -24.678198583077858 ], [ -65.652410209701941, -24.675012945385276 ], [ -65.652719054671422, -24.672616641212699 ], [ -65.652748536705758, -24.672584898569426 ], [ -65.652406558840539, -24.671054399933325 ], [ -65.658119168847008, -24.665655326117985 ], [ -65.658130843458935, -24.66564168834708 ], [ -65.658378769075341, -24.665492223218223 ], [ -65.656974270813805, -24.660704165101095 ], [ -65.656952340945509, -24.66065617758818 ], [ -65.6569564281358, -24.660651092589376 ], [ -65.656115850724234, -24.659452003334536 ], [ -65.656097841987162, -24.659427247117378 ], [ -65.656083527238138, -24.659437537952044 ], [ -65.656060026171247, -24.659420956226654 ], [ -65.655620531981242, -24.658766947591914 ], [ -65.655620920989975, -24.658762792811217 ], [ -65.650768798041554, -24.651663425758159 ], [ -65.650705026304763, -24.651693212973782 ], [ -65.630456711634054, -24.628626001738439 ], [ -65.630425509023326, -24.628654984585864 ], [ -65.598151793619991, -24.588334676092188 ], [ -65.597970454962194, -24.588070575528775 ], [ -65.570627527633292, -24.570360850668692 ], [ -65.431487455753086, -24.442219254744714 ], [ -65.401352028019801, -24.423868379227486 ], [ -65.387493962667918, -24.415288564844786 ], [ -65.368331620146876, -24.403095127001279 ], [ -65.336416994091849, -24.447939777017098 ], [ -65.332821010356781, -24.452249156084008 ], [ -65.332813384610347, -24.452292672734757 ], [ -65.332810282212108, -24.452324687083262 ], [ -65.317667559506674, -24.482653448378073 ], [ -65.312248303769081, -24.487768931185485 ], [ -65.311105448109743, -24.488462744597257 ], [ -65.309592557330234, -24.489097893200608 ], [ -65.307485032287673, -24.490819755670259 ], [ -65.306751237340734, -24.490394099215905 ], [ -65.306735255571482, -24.490375823468128 ], [ -65.296639554324031, -24.485921321664819 ], [ -65.296641354098426, -24.485942048567324 ], [ -65.28905069474979, -24.488696389131121 ], [ -65.279381317869991, -24.500149084915222 ], [ -65.287505052995471, -24.533584427601625 ], [ -65.28754245533554, -24.53359000774077 ], [ -65.286912820256362, -24.538504590471916 ], [ -65.304639947242947, -24.527212873096744 ], [ -65.304683050221911, -24.527240023322634 ], [ -65.310158971247063, -24.550284404995296 ], [ -65.312172400181566, -24.567114043825484 ], [ -65.306026640426069, -24.58011027096228 ], [ -65.294684375713928, -24.608773386956386 ], [ -65.287760719744767, -24.607713948316473 ], [ -65.287738612973669, -24.607709838952871 ], [ -65.287669749443353, -24.607732382418703 ], [ -65.268111246560977, -24.588781896836053 ], [ -65.268100624368344, -24.58878533943215 ], [ -65.231080634170326, -24.621179546128019 ], [ -65.231709680827294, -24.612697655915156 ], [ -65.23167026804947, -24.612686425356515 ], [ -65.237836337227975, -24.559840883358959 ], [ -65.237876927603054, -24.559839385449095 ], [ -65.225125637934013, -24.539519774059784 ], [ -65.22510511211749, -24.539493538399483 ], [ -65.223899577911425, -24.539279581685946 ], [ -65.220198642782861, -24.535688778937754 ], [ -65.220191729009457, -24.535705482447725 ], [ -65.220162413361777, -24.535660701691086 ], [ -65.213924807571175, -24.54295971812661 ], [ -65.16794934361053, -24.544669252637902 ], [ -65.14681341976376, -24.525739695404013 ], [ -65.144490636349019, -24.524865586084275 ], [ -65.135867390099065, -24.499752519735864 ], [ -65.135729904972834, -24.496115980732611 ], [ -65.13575485437218, -24.496072062465259 ], [ -65.12028262704041, -24.483409007024591 ], [ -65.120822712527854, -24.482375256677926 ], [ -65.120627841045007, -24.482395609902994 ], [ -65.120564122157475, -24.48239936831726 ], [ -65.12053728623448, -24.482396829125832 ], [ -65.120520134197363, -24.482397595593909 ], [ -65.120482456650677, -24.482367628471877 ], [ -65.120400328719484, -24.481751997819629 ], [ -65.120345782667698, -24.481343124006685 ], [ -65.120337248920237, -24.481275752600652 ], [ -65.120325325416161, -24.48103794616884 ], [ -65.119574173712238, -24.480815897847663 ], [ -65.119568121323937, -24.480747900195354 ], [ -65.119726604267498, -24.479783964744115 ], [ -65.119719913551648, -24.479712730388087 ], [ -65.119889296720032, -24.478679873278566 ], [ -65.119882276096746, -24.478605144451592 ], [ -65.120071152728485, -24.477445755229098 ], [ -65.120063764939175, -24.477367120125962 ], [ -65.120074250674918, -24.477302110299831 ], [ -65.120225812368403, -24.47720963961217 ], [ -65.120252305424685, -24.477178918499703 ], [ -65.120461040328735, -24.477333438989149 ], [ -65.120444751237585, -24.477353296783122 ], [ -65.120463833990584, -24.477368948668868 ], [ -65.120719190933187, -24.477583403057906 ], [ -65.120915993849792, -24.477458850937978 ], [ -65.120910560615755, -24.477389790182031 ], [ -65.121436674319853, -24.477083004370229 ], [ -65.124024785128256, -24.475223767199168 ], [ -65.124034575584972, -24.475213483374887 ], [ -65.124038575303302, -24.475204192735248 ], [ -65.124326580943432, -24.474795383673268 ], [ -65.124532147794355, -24.47450359525692 ], [ -65.124552849404495, -24.474272638260288 ], [ -65.124582620001206, -24.473940485570665 ], [ -65.124805596237195, -24.473817400446421 ], [ -65.124985917283084, -24.47404056027699 ], [ -65.125351353007431, -24.47413122759508 ], [ -65.126248314864597, -24.474343952018273 ], [ -65.127148085344402, -24.474381116354948 ], [ -65.127413214424166, -24.474380227902657 ], [ -65.129700739193083, -24.472457776773069 ], [ -65.129860775088332, -24.472350470080187 ], [ -65.135335768728396, -24.469914175219401 ], [ -65.136222832904991, -24.469652371430186 ], [ -65.136228705787289, -24.469656108613265 ], [ -65.136388398140639, -24.469539007966318 ], [ -65.141080857410259, -24.468342152038076 ], [ -65.142425713759565, -24.467910201730376 ], [ -65.14288615473663, -24.467631679752742 ], [ -65.145147644464942, -24.46562912790057 ], [ -65.145172197849661, -24.465624257167065 ], [ -65.145411413401234, -24.465730122420609 ], [ -65.145932762794985, -24.465478109114827 ], [ -65.14749456801934, -24.463216152222458 ], [ -65.149848397164305, -24.460021234791554 ], [ -65.150381101741516, -24.459278011296817 ], [ -65.154656710119013, -24.454585120986053 ], [ -65.155108861846372, -24.454129876244167 ], [ -65.155110214828255, -24.454091030439827 ], [ -65.155557572217162, -24.453646022421651 ], [ -65.155558907154841, -24.453601946297908 ], [ -65.156505492218344, -24.452613713241135 ], [ -65.156507572719875, -24.452558509420044 ], [ -65.158424548143103, -24.450749850434875 ], [ -65.158514607601035, -24.450557597348734 ], [ -65.158517304406473, -24.450503361156279 ], [ -65.158580909957266, -24.450402416672318 ], [ -65.158581570346598, -24.450402008263097 ], [ -65.158616896999661, -24.45034226662932 ], [ -65.158619058294164, -24.450339621032697 ], [ -65.158622474704828, -24.450341007836982 ], [ -65.158700297446899, -24.450429598712844 ], [ -65.158849095983442, -24.450341057669561 ], [ -65.158857561463378, -24.450329819837577 ], [ -65.158909930560981, -24.450297097507473 ], [ -65.159033924942776, -24.450105770910227 ], [ -65.159015494277867, -24.450095212981751 ], [ -65.159081204491031, -24.449944034992598 ], [ -65.159119320009154, -24.449920166521053 ], [ -65.15925819895034, -24.449710971198215 ], [ -65.159274688694268, -24.449680329940577 ], [ -65.159288955961301, -24.449664640651065 ], [ -65.159267513117072, -24.449672514303359 ], [ -65.159261329436049, -24.449673614000346 ], [ -65.159243223484395, -24.449676833238811 ], [ -65.159000342995682, -24.449741588753795 ], [ -65.158806650319036, -24.449754464526052 ], [ -65.158787323203569, -24.449746180557611 ], [ -65.158508106841339, -24.4496501112651 ], [ -65.158425560925025, -24.449666749579194 ], [ -65.158417358436907, -24.449618617709973 ], [ -65.158375393609333, -24.449646617841609 ], [ -65.157007845138139, -24.449666313730063 ], [ -65.156998219836794, -24.449604264864831 ], [ -65.156334471634068, -24.449651480304226 ], [ -65.156325997683894, -24.449596728280596 ], [ -65.15558187509572, -24.449634849754943 ], [ -65.155574668739973, -24.449588258927974 ], [ -65.155202314158828, -24.449626470646933 ], [ -65.153393523148509, -24.450046896974641 ], [ -65.148966903952441, -24.446195576174944 ], [ -65.146291691881288, -24.445332824767036 ], [ -65.139719216200604, -24.443378783221931 ], [ -65.140582621556518, -24.442681537930639 ], [ -65.134875251209792, -24.443419319678867 ], [ -65.131583916040654, -24.442855425121707 ], [ -65.131572834416886, -24.442858321736708 ], [ -65.129996065577643, -24.440688894952928 ], [ -65.127655765256122, -24.440788304193461 ], [ -65.12142202420705, -24.44124641739802 ], [ -65.116343343592803, -24.439171376873446 ], [ -65.110654439294933, -24.439561399758816 ], [ -65.107578979572395, -24.43680494327981 ], [ -65.101333696421136, -24.439958263511187 ], [ -65.100923208720758, -24.440036443947577 ], [ -65.100939910436352, -24.440110351240776 ], [ -65.100621227889974, -24.440188636210678 ], [ -65.100605140892242, -24.440213178365184 ], [ -65.100582915367454, -24.440198647636748 ], [ -65.100391309368831, -24.440488937343218 ], [ -65.100102142205401, -24.440917127207342 ], [ -65.10001565320249, -24.441039907277116 ], [ -65.099940724531564, -24.441142708336429 ], [ -65.099921691239217, -24.441152326166673 ], [ -65.099743984336953, -24.441239371377719 ], [ -65.099741601169512, -24.441245312297838 ], [ -65.099698739961127, -24.441202834201761 ], [ -65.099042909898628, -24.441303282724391 ], [ -65.097931092707938, -24.441346941155757 ], [ -65.097914277455402, -24.441273568382485 ], [ -65.096724595981243, -24.441312632951053 ], [ -65.096708368172358, -24.441241803727507 ], [ -65.09583489387569, -24.441287334971719 ], [ -65.095823518827729, -24.441217660136999 ], [ -65.094896259689278, -24.441264109030101 ], [ -65.096967195149375, -24.438872379399186 ], [ -65.096884007532765, -24.436338665470657 ], [ -65.096893252166637, -24.436336497794571 ], [ -65.096953668953745, -24.436323902764514 ], [ -65.094253491703682, -24.422382673689356 ], [ -65.090909063130255, -24.411138455238586 ], [ -65.083394261644798, -24.415778857768828 ], [ -65.082939644427597, -24.415796830936586 ], [ -65.082765566004355, -24.415803713190996 ], [ -65.082735534978951, -24.415810754847314 ], [ -65.082724528717449, -24.41580788304816 ], [ -65.078636187178347, -24.412257790255637 ], [ -65.078635154420738, -24.412177991890189 ], [ -65.079496948529709, -24.410354584844924 ], [ -65.079851838392528, -24.409603698423723 ], [ -65.080129948391686, -24.408631029952289 ], [ -65.080436759789279, -24.407994158927181 ], [ -65.080699336587543, -24.406926945180487 ], [ -65.081017697154266, -24.406284518700033 ], [ -65.08120608339101, -24.404867330019556 ], [ -65.081227880943288, -24.404851850239822 ], [ -65.083013182982654, -24.404215021518041 ], [ -65.082860066865351, -24.403878528421274 ], [ -65.083719047391696, -24.403464675813893 ], [ -65.083741287741645, -24.403422772211343 ], [ -65.084532109670818, -24.403062478063873 ], [ -65.086162807526478, -24.402386465166217 ], [ -65.086797419431036, -24.401516640165028 ], [ -65.086914457000375, -24.401297952729124 ], [ -65.088019467184608, -24.399697715442869 ], [ -65.088054778314358, -24.399636166664266 ], [ -65.08852154168693, -24.398957647572161 ], [ -65.089150278765601, -24.398352349503796 ], [ -65.093682970352916, -24.398821307536195 ], [ -65.093699255596277, -24.39916815338654 ], [ -65.094106031855915, -24.39969163679649 ], [ -65.094358992492687, -24.398785906022113 ], [ -65.092772917386526, -24.394970832221873 ], [ -65.093764622658625, -24.398324521872382 ], [ -65.090466433337781, -24.396228641331447 ], [ -65.090823421436312, -24.393633567766244 ], [ -65.090848406204088, -24.393565895121867 ], [ -65.091042446725965, -24.393296853956713 ], [ -65.091991461143323, -24.393370009714602 ], [ -65.090584449080666, -24.39059314614093 ], [ -65.089923620358945, -24.389326943141612 ], [ -65.090189557965004, -24.388782401088008 ], [ -65.090298982810111, -24.388588441398099 ], [ -65.090344053796343, -24.388538606341854 ], [ -65.090878291008039, -24.388220082831879 ], [ -65.091896654490995, -24.387763339802632 ], [ -65.092196626954149, -24.387572975885803 ], [ -65.092269465056916, -24.387552520685801 ], [ -65.092730028585834, -24.387519678896524 ], [ -65.092801051647939, -24.387505949892159 ], [ -65.093427924644629, -24.3873218750918 ], [ -65.093504426849563, -24.387313571477648 ], [ -65.09405618043769, -24.387338844495105 ], [ -65.094119633123228, -24.387309532239442 ], [ -65.094173668174676, -24.387230772857777 ], [ -65.094154239478314, -24.387089568293732 ], [ -65.094986417620191, -24.385486024813929 ], [ -65.094993930378337, -24.385462847137887 ], [ -65.094978998579961, -24.385455086097579 ], [ -65.094953049992682, -24.385440473339543 ], [ -65.094681917520461, -24.385266183532167 ], [ -65.094636461465825, -24.38523918145097 ], [ -65.094620793102877, -24.385270322180588 ], [ -65.094256022832951, -24.385083520684361 ], [ -65.094203746646542, -24.385101148174499 ], [ -65.093863594281515, -24.38510785222303 ], [ -65.093465568250622, -24.384890701963457 ], [ -65.093397940873615, -24.384857397883877 ], [ -65.093161207202172, -24.38474583996657 ], [ -65.093076844385791, -24.384681180729785 ], [ -65.092946823363945, -24.384606607010312 ], [ -65.092703947739096, -24.384150974050215 ], [ -65.09273360224762, -24.383947861733247 ], [ -65.093563989487564, -24.382618320434119 ], [ -65.093605926119949, -24.382540469837068 ], [ -65.094741456606471, -24.380725201213636 ], [ -65.09477275755853, -24.380666833303906 ], [ -65.095983760182946, -24.378734154820961 ], [ -65.096003160766827, -24.378697791236732 ], [ -65.096362604839328, -24.378125174174272 ], [ -65.096370671689272, -24.378110029649349 ], [ -65.096378951226484, -24.378094485829763 ], [ -65.097140993636344, -24.376882854791972 ], [ -65.097141494948005, -24.376882375928005 ], [ -65.09714211430304, -24.376882076073173 ], [ -65.097142774276165, -24.37688176570839 ], [ -65.09715933068054, -24.376874091395052 ], [ -65.097885609154844, -24.375698932178864 ], [ -65.097551827344148, -24.373004918507263 ], [ -65.097535957813022, -24.372902946799911 ], [ -65.097534389679595, -24.372892763353377 ], [ -65.097537309652637, -24.372883659522017 ], [ -65.097543752563809, -24.372872548567898 ], [ -65.097564774577108, -24.372881442884022 ], [ -65.097570235345813, -24.372858071233964 ], [ -65.097611010341382, -24.372802451403174 ], [ -65.097694052127906, -24.372543207533283 ], [ -65.097755972958339, -24.372430036373544 ], [ -65.097801711340139, -24.372417531641247 ], [ -65.097875094317601, -24.372338061930293 ], [ -65.097937363318124, -24.372357702456839 ], [ -65.097945958665207, -24.372352448769448 ], [ -65.097978572809495, -24.372350323600358 ], [ -65.098010978345883, -24.372206432451321 ], [ -65.09804536536393, -24.372112446763197 ], [ -65.098010343325143, -24.372094818178198 ], [ -65.097959504898427, -24.372079786836423 ], [ -65.097893727501116, -24.372110291205956 ], [ -65.097768072130748, -24.372168564078152 ], [ -65.097554000234254, -24.372071127212905 ], [ -65.097313510338893, -24.372065999285951 ], [ -65.097199982685197, -24.372063576677249 ], [ -65.096986416957975, -24.371812784365261 ], [ -65.096963012681954, -24.371728646845838 ], [ -65.096979971776875, -24.371665031404405 ], [ -65.097205397954951, -24.371495541537456 ], [ -65.097342393926226, -24.371392539174792 ], [ -65.097226794907954, -24.370948531028716 ], [ -65.097083625831829, -24.370279316408755 ], [ -65.097019378612799, -24.370315175233543 ], [ -65.096904314926576, -24.370373473655377 ], [ -65.096802540456395, -24.370509543532592 ], [ -65.096722160014167, -24.37058331499486 ], [ -65.096575644753557, -24.370752103963184 ], [ -65.096557211940421, -24.370773340343476 ], [ -65.096374318761036, -24.370902556307726 ], [ -65.096288594167561, -24.371072564727342 ], [ -65.096150358428815, -24.371082798892417 ], [ -65.096129588730946, -24.37114405051949 ], [ -65.09617777889531, -24.371155001495481 ], [ -65.096157592034956, -24.371221543868899 ], [ -65.095949220132752, -24.37146619380718 ], [ -65.095885958808481, -24.371492490948071 ], [ -65.095773363085243, -24.371576811083116 ], [ -65.095786567046446, -24.371587910844767 ] ] ] ] } }
]
}
