{
"type": "FeatureCollection",
"name": "Tiempos de viaje REL Trelew",
"crs": { "type": "name", "properties": { "name": "urn:ogc:def:crs:OGC:1.3:CRS84" } },
"features": [
{ "type": "Feature", "properties": { "Name": "REL : 120 - 180", "FromBreak": 120.0, "ToBreak": 180.0, "IATA": "REL" }, "geometry": { "type": "MultiPolygon", "coordinates": [ [ [ [ -64.830190635709641, -40.625111391926907 ], [ -64.7842259044927, -40.711191154124776 ], [ -64.873938759247949, -40.7117630569075 ], [ -64.896298474939897, -40.711905602650972 ], [ -64.89633021457837, -40.709029361006856 ], [ -64.896332462287489, -40.709023156239027 ], [ -64.917510500610433, -40.708613594734913 ], [ -64.917880199260082, -40.708326051894915 ], [ -64.91791390725399, -40.708328476646614 ], [ -64.919265725556954, -40.711011889216763 ], [ -64.919372558999839, -40.710998534999931 ], [ -64.921203612999818, -40.710510253999871 ], [ -64.922607421999885, -40.710510253999871 ], [ -64.923706055000025, -40.710876464999956 ], [ -64.924499511999954, -40.710205078 ], [ -64.925292968999884, -40.709777831999929 ], [ -64.927490233999947, -40.710510253999871 ], [ -64.929504394999981, -40.710876464999956 ], [ -64.930786132999913, -40.710998534999931 ], [ -64.932800293000014, -40.710876464999956 ], [ -64.934020995999788, -40.710083008000026 ], [ -64.936401366999803, -40.710083008000026 ], [ -64.940002440999876, -40.710205078 ], [ -64.94250488299997, -40.710388183999896 ], [ -64.945312499999943, -40.710327147999976 ], [ -64.947814940999876, -40.710021972999868 ], [ -64.954528808999896, -40.709594726999967 ], [ -64.957397461000028, -40.710083008000026 ], [ -64.958007813, -40.710998534999931 ], [ -64.957702636999954, -40.711914062999824 ], [ -64.956481933999953, -40.713989258000026 ], [ -64.952697753999928, -40.713500976999853 ], [ -64.949707031, -40.712707519999867 ], [ -64.948913573999903, -40.713195800999927 ], [ -64.948608397999976, -40.714172362999989 ], [ -64.948608397999976, -40.714904784999931 ], [ -64.94897460899989, -40.71569824199986 ], [ -64.950500487999932, -40.7160034179999 ], [ -64.952209472999868, -40.715881347999812 ], [ -64.953308104999905, -40.716125487999875 ], [ -64.953613281, -40.716918944999861 ], [ -64.953308104999905, -40.71850585899989 ], [ -64.952697753999928, -40.718688964999956 ], [ -64.951721190999876, -40.719177245999845 ], [ -64.951782227000024, -40.719787597999812 ], [ -64.952575683999953, -40.719970702999944 ], [ -64.953491211000028, -40.719909667999957 ], [ -64.955810547, -40.71960449199986 ], [ -64.95678710899989, -40.720275878999985 ], [ -64.956604003999928, -40.720886229999849 ], [ -64.956176757999913, -40.721679687999881 ], [ -64.957397461000028, -40.721801758000026 ], [ -64.960388183999783, -40.721374512000011 ], [ -64.963012694999861, -40.721374511999841 ], [ -64.964111327999888, -40.721008300999927 ], [ -64.965209960999857, -40.720214844 ], [ -64.966796874999886, -40.718811034999931 ], [ -64.968994140999882, -40.718383788999915 ], [ -64.969482421999942, -40.717285155999889 ], [ -64.969604491999917, -40.71649169899996 ], [ -64.971496581999872, -40.7160034179999 ], [ -64.972106933999839, -40.716308594 ], [ -64.972290038999802, -40.716918944999861 ], [ -64.972106933999839, -40.717407226999853 ], [ -64.971618651999847, -40.718078612999989 ], [ -64.97052001999981, -40.718811034999931 ], [ -64.969604491999917, -40.71960449199986 ], [ -64.967590331999816, -40.720581054999911 ], [ -64.966369628999871, -40.721496581999816 ], [ -64.964904784999987, -40.722290038999915 ], [ -64.964172362999875, -40.723083495999845 ], [ -64.965270996000015, -40.72430419899996 ], [ -64.966796874999886, -40.724792479999849 ], [ -64.969116210999857, -40.725280762000011 ], [ -64.97241210899989, -40.724914550999927 ], [ -64.977783203, -40.722900390999882 ], [ -64.983398437999824, -40.723022461000028 ], [ -64.985412597999868, -40.722473144999981 ], [ -64.987304687999824, -40.721191405999889 ], [ -64.988403319999861, -40.719177245999845 ], [ -64.989501953, -40.718688964999956 ], [ -64.991394042999957, -40.717895508000026 ], [ -64.993286133000026, -40.717590331999816 ], [ -64.994079589999785, -40.717285155999889 ], [ -64.995178222999982, -40.716918944999861 ], [ -64.995910644999924, -40.716918944999861 ], [ -64.996093749999886, -40.717224120999902 ], [ -64.996093749999886, -40.717712401999904 ], [ -64.995178222999982, -40.718627929999968 ], [ -64.994323729999905, -40.718811034999931 ], [ -64.993103026999961, -40.719787597999812 ], [ -64.992187499999886, -40.721069335999914 ], [ -64.990722655999832, -40.721801758000026 ], [ -64.988403319999861, -40.722900390999882 ], [ -64.984008788999972, -40.724182128999985 ], [ -64.981323241999746, -40.724792479999849 ], [ -64.979003905999946, -40.724914550999927 ], [ -64.975402831999872, -40.725585937999881 ], [ -64.97241210899989, -40.726684569999918 ], [ -64.969909667999843, -40.72717285199991 ], [ -64.966796874999886, -40.727478027000018 ], [ -64.956909179999855, -40.727478027000018 ], [ -64.954406737999932, -40.727294921999885 ], [ -64.953491211000028, -40.726684569999918 ], [ -64.952270507999856, -40.726501464999956 ], [ -64.951293944999861, -40.726989746000015 ], [ -64.947204589999899, -40.727111816 ], [ -64.945495604999905, -40.726501464999956 ], [ -64.943786620999902, -40.725891112999989 ], [ -64.940124511999841, -40.725219727000024 ], [ -64.936096190999876, -40.725280761999841 ], [ -64.934570312999824, -40.724975585999914 ], [ -64.933715819999918, -40.724975585999914 ], [ -64.931213378999985, -40.724975585999914 ], [ -64.926513671999885, -40.725219726999853 ], [ -64.926443239340983, -40.725259536750457 ], [ -64.927159413958748, -40.726681171571727 ], [ -64.927129302888488, -40.726714740052159 ], [ -64.921072165460146, -40.728502340176419 ], [ -64.920868578718284, -40.728786868080761 ], [ -64.919360036223793, -40.730569545226047 ], [ -64.919314061746604, -40.730563264286559 ], [ -64.92022705099987, -40.731628417999957 ], [ -64.920104979999962, -40.732482909999874 ], [ -64.920135943108221, -40.732720293209866 ], [ -64.922902591757349, -40.736456801746726 ], [ -64.922916837597654, -40.73653264346666 ], [ -64.922914528223316, -40.736741918653649 ], [ -64.923241677141903, -40.737487770629627 ], [ -64.923270114574393, -40.737561213186098 ], [ -64.923348853985942, -40.737797572701993 ], [ -64.923397696507436, -40.737852886188421 ], [ -64.922516422164847, -40.740593547574917 ], [ -64.924499511999954, -40.741271972999925 ], [ -64.926879882999913, -40.741882323999903 ], [ -64.932800293000014, -40.742370604999962 ], [ -64.935302733999947, -40.743225097999982 ], [ -64.937377929999968, -40.743591308999896 ], [ -64.941406249999943, -40.742675781 ], [ -64.944580078, -40.742126465000013 ], [ -64.952209472999868, -40.743103026999904 ], [ -64.956420897999863, -40.744689940999933 ], [ -64.958007813, -40.745971680000025 ], [ -64.959228516, -40.748107909999874 ], [ -64.957092284999817, -40.749328612999875 ], [ -64.953918456999872, -40.7492065429999 ], [ -64.946228027000018, -40.748291016 ], [ -64.941772460999857, -40.749023437999938 ], [ -64.939819335999914, -40.748779296999885 ], [ -64.937011718999884, -40.74890136699986 ], [ -64.93420410199991, -40.7492065429999 ], [ -64.927673340000013, -40.748107909999874 ], [ -64.924377440999876, -40.747802734 ], [ -64.921874999999886, -40.748413085999971 ], [ -64.919799805000025, -40.751281737999818 ], [ -64.919053323471815, -40.751363384399099 ], [ -64.91826184344859, -40.753824795827256 ], [ -64.941180639438585, -40.754666211169649 ], [ -64.943637682283509, -40.756370174840185 ], [ -64.94927978499976, -40.755798339999956 ], [ -64.968811034999987, -40.756103516 ], [ -64.984008788999972, -40.756774901999847 ], [ -64.993286133000026, -40.758483886999954 ], [ -65.006896972999982, -40.76116943400001 ], [ -65.018005370999845, -40.764404296999885 ], [ -65.023376464999956, -40.766723633000026 ], [ -65.030883788999859, -40.770507812999881 ], [ -65.038513183999953, -40.775207519999981 ], [ -65.043884277000018, -40.780212402000018 ], [ -65.048095702999944, -40.782470702999888 ], [ -65.051208496000015, -40.784423827999944 ], [ -65.052673339999899, -40.787170409999817 ], [ -65.054870604999905, -40.790710448999903 ], [ -65.059387206999929, -40.796203612999818 ], [ -65.060974120999958, -40.798706055000025 ], [ -65.064392089999899, -40.801086425999983 ], [ -65.06671142599987, -40.801696776999847 ], [ -65.075988769999981, -40.805603026999847 ], [ -65.083374022999976, -40.808471679999968 ], [ -65.092712402000018, -40.814575194999861 ], [ -65.097290038999802, -40.818298339999899 ], [ -65.099975586000028, -40.821105956999872 ], [ -65.099792479999905, -40.823181151999961 ], [ -65.100769042999957, -40.823669433999953 ], [ -65.106079102000024, -40.826782227000024 ], [ -65.108398437999824, -40.828796386999898 ], [ -65.110900878999757, -40.830505370999902 ], [ -65.113281249999886, -40.832092284999931 ], [ -65.114929198999903, -40.834106444999861 ], [ -65.11578369099982, -40.838012694999861 ], [ -65.120422362999818, -40.845214843999884 ], [ -65.124328612999989, -40.847778319999975 ], [ -65.125122069999918, -40.849609374999943 ], [ -65.12640380900001, -40.851989745999902 ], [ -65.128906249999943, -40.856811522999976 ], [ -65.128112793000014, -40.859985351999853 ], [ -65.126708983999947, -40.862609862999875 ], [ -65.126098632999913, -40.864196776999904 ], [ -65.125915527000018, -40.866394042999957 ], [ -65.123596190999876, -40.868591308999953 ], [ -65.126586913999972, -40.874084472999982 ], [ -65.126525878999985, -40.876220703 ], [ -65.126098632999913, -40.878601073999846 ], [ -65.125183104999905, -40.881286621000015 ], [ -65.126770019999867, -40.884094237999875 ], [ -65.13031005900001, -40.885803222999982 ], [ -65.136779784999931, -40.891601562999938 ], [ -65.140502929999968, -40.895812987999875 ], [ -65.143981933999953, -40.90008544899996 ], [ -65.147094727000024, -40.904174805000025 ], [ -65.149719237999932, -40.908996581999816 ], [ -65.152709961000028, -40.917114258000026 ], [ -65.153686522999919, -40.920410155999889 ], [ -65.153991698999846, -40.924194335999914 ], [ -65.153991698999846, -40.925781249999829 ], [ -65.155212401999961, -40.927001952999944 ], [ -65.157104491999917, -40.929809569999804 ], [ -65.157104491999917, -40.935607909999874 ], [ -65.157287597999982, -40.937927246000015 ], [ -65.159484862999875, -40.940307616999974 ], [ -65.162109374999886, -40.94708251999981 ], [ -65.162292479999849, -40.949829101999967 ], [ -65.163208007999913, -40.950805663999859 ], [ -65.16381835899989, -40.953796386999954 ], [ -65.162780761999841, -40.95648193400001 ], [ -65.162780761999841, -40.958374022999976 ], [ -65.163513183999839, -40.95959472699991 ], [ -65.164306640999882, -40.960998534999874 ], [ -65.165100097999868, -40.962707519999981 ], [ -65.165893554999911, -40.965209960999914 ], [ -65.165771484, -40.969787597999868 ], [ -65.166687011999898, -40.973999022999976 ], [ -65.166687011999898, -40.976684569999861 ], [ -65.166320800999983, -40.979797362999932 ], [ -65.164978026999904, -40.981384276999961 ], [ -65.163513183999839, -40.981689452999888 ], [ -65.161499022999749, -40.982482909999987 ], [ -65.161548989974449, -40.98380702725774 ], [ -65.162689347504852, -40.986920012038581 ], [ -65.164306640999882, -40.987670897999919 ], [ -65.164489745999845, -40.989501952999888 ], [ -65.164489745999845, -40.991834797941635 ], [ -65.165681803595135, -40.995088915228109 ], [ -65.165886588026751, -40.999985601598041 ], [ -65.165893554999911, -41.0 ], [ -65.165893554999911, -41.000152191811537 ], [ -65.166450180722393, -41.013461902741483 ], [ -65.166143497063672, -41.022356256285661 ], [ -65.180633535762524, -41.041048600218062 ], [ -65.17970767019699, -41.045227153574103 ], [ -65.160201689306803, -41.04987835939346 ], [ -65.161931844758328, -41.059483068348584 ], [ -65.162597655999946, -41.059997558999953 ], [ -65.164184569999975, -41.060607909999931 ], [ -65.166381835999971, -41.062622069999861 ], [ -65.167297362999875, -41.064697265999882 ], [ -65.167480468999827, -41.066284179999911 ], [ -65.166015624999886, -41.067199706999986 ], [ -65.165405272999806, -41.067810058999953 ], [ -65.165588378999871, -41.068176269999981 ], [ -65.168212890999939, -41.068298339999956 ], [ -65.168395995999902, -41.06921386699986 ], [ -65.168029784999987, -41.069702147999919 ], [ -65.166992187999938, -41.070800780999889 ], [ -65.166809081999872, -41.072509765999882 ], [ -65.165893554999911, -41.073181152000018 ], [ -65.164433306197509, -41.073369571474188 ], [ -65.164936004114281, -41.076160226602326 ], [ -65.165222167999843, -41.07647705099987 ], [ -65.165095640395748, -41.07704642444105 ], [ -65.165368184567683, -41.07855941418228 ], [ -65.16500885804237, -41.084414890501023 ], [ -65.165827862612844, -41.083754481811184 ], [ -65.168117323099182, -41.078162133776573 ], [ -65.173469392917013, -41.072721864860682 ], [ -65.200378759936882, -41.06486411667089 ], [ -65.190982272732185, -41.053177481885541 ], [ -65.184469948166566, -41.045737690810938 ], [ -65.201623365138914, -41.013156568680756 ], [ -65.222308589038505, -41.015811731769304 ], [ -65.225391149903658, -41.019666624419983 ], [ -65.225444485069715, -41.019666507111936 ], [ -65.229928393206592, -41.020333252004491 ], [ -65.229980911021414, -41.020333129900109 ], [ -65.242952664843244, -41.022331039111862 ], [ -65.260616124870239, -41.09772938095557 ], [ -65.242999101466978, -41.107324404786141 ], [ -65.242586329874143, -41.107664547647857 ], [ -65.22139115437534, -41.211633354007517 ], [ -65.221536579311248, -41.272732823871138 ], [ -65.209582870502516, -41.306301839018943 ], [ -65.224318435436714, -41.33830857127009 ], [ -65.252931928625685, -41.447641484687495 ], [ -65.152248630661063, -41.392657288281441 ], [ -65.146348809421568, -41.340826229037873 ], [ -65.112984133479529, -41.305891532301018 ], [ -65.123121557648005, -41.289763312699904 ], [ -65.119750903291731, -41.288437526840255 ], [ -65.115460482651713, -41.29188523201816 ], [ -65.112386697566933, -41.306057006572644 ], [ -65.106171620510054, -41.318094478819603 ], [ -65.106156321643425, -41.318125279509957 ], [ -65.10474910540006, -41.315668124184185 ], [ -65.104675292999957, -41.316406249999829 ], [ -65.104187011999954, -41.317321777000018 ], [ -65.102111815999876, -41.318176269999924 ], [ -65.101501464999899, -41.318481444999861 ], [ -65.100585938, -41.320007323999903 ], [ -65.099487304999855, -41.320678711000028 ], [ -65.099487304999855, -41.320983886999954 ], [ -65.098876952999831, -41.32141113299997 ], [ -65.098815917999843, -41.321777343999884 ], [ -65.099304198999903, -41.322509765999826 ], [ -65.099609374999829, -41.323181151999961 ], [ -65.099609374999829, -41.324218749999829 ], [ -65.099426269999867, -41.324707031 ], [ -65.098999022999806, -41.325195313 ], [ -65.098693847999868, -41.326171874999886 ], [ -65.099121093999941, -41.326782227000024 ], [ -65.099426269999867, -41.327270507999913 ], [ -65.099304198999903, -41.32788085899989 ], [ -65.098388672, -41.328186034999987 ], [ -65.098205565999876, -41.328491211000028 ], [ -65.098205565999876, -41.329284667999957 ], [ -65.099975586000028, -41.330688477000024 ], [ -65.10070800799997, -41.331481933999839 ], [ -65.100891112999932, -41.332885741999917 ], [ -65.101623534999874, -41.334411620999958 ], [ -65.101623534999874, -41.33569335899989 ], [ -65.101318358999833, -41.336120604999962 ], [ -65.100585938, -41.336181640999939 ], [ -65.099670409999817, -41.33569335899989 ], [ -65.098999022999806, -41.33569335899989 ], [ -65.098693847999868, -41.335998534999987 ], [ -65.098388672, -41.336425780999889 ], [ -65.098388672, -41.336914062999881 ], [ -65.098205565999876, -41.337524413999859 ], [ -65.098205565999876, -41.338684081999872 ], [ -65.097412108999777, -41.340881347999868 ], [ -65.096679688, -41.342224120999958 ], [ -65.095581054999798, -41.342895507999913 ], [ -65.094909667999843, -41.34320068400001 ], [ -65.094604491999974, -41.343688965000013 ], [ -65.094787597999868, -41.344604491999917 ], [ -65.094970703, -41.345092772999976 ], [ -65.095092772999976, -41.345581054999968 ], [ -65.094787597999868, -41.345886229999905 ], [ -65.094482422, -41.346008300999983 ], [ -65.093627929999911, -41.346191405999946 ], [ -65.093078612999932, -41.346618652000018 ], [ -65.092712402000018, -41.34710693400001 ], [ -65.092712402000018, -41.347595215000013 ], [ -65.09289550799997, -41.347900390999939 ], [ -65.09289550799997, -41.348693847999868 ], [ -65.092712402000018, -41.349487304999968 ], [ -65.092590331999872, -41.350585937999824 ], [ -65.092590331999872, -41.351623534999874 ], [ -65.092285156, -41.352294921999828 ], [ -65.091796874999943, -41.352783203 ], [ -65.090698241999974, -41.353393554999968 ], [ -65.090576172, -41.354003905999832 ], [ -65.090698241999974, -41.35437011699986 ], [ -65.091186522999976, -41.354797362999932 ], [ -65.091491698999903, -41.355285644999924 ], [ -65.09161376999981, -41.356506347999868 ], [ -65.091308593999941, -41.358886719 ], [ -65.091308593999941, -41.359497069999861 ], [ -65.091491698999903, -41.361877441 ], [ -65.091186522999976, -41.362487792999957 ], [ -65.090576172, -41.363525390999826 ], [ -65.090393065999876, -41.364410399999883 ], [ -65.090209960999914, -41.36499023399989 ], [ -65.089599608999947, -41.365173339999842 ], [ -65.089111327999944, -41.365173339999842 ], [ -65.088684081999872, -41.365295409999817 ], [ -65.088317870999845, -41.365905761999898 ], [ -65.08819580099987, -41.367126464999899 ], [ -65.08850097699991, -41.367614745999902 ], [ -65.08898925799997, -41.367797852000024 ], [ -65.08898925799997, -41.368591308999953 ], [ -65.088684081999872, -41.368713378999928 ], [ -65.088012694999918, -41.368774413999915 ], [ -65.087280272999976, -41.368591308999953 ], [ -65.086303710999914, -41.368591308999953 ], [ -65.085693358999947, -41.368713378999928 ], [ -65.085876464999899, -41.370483397999919 ], [ -65.084899902000018, -41.370483397999919 ], [ -65.08459472699991, -41.370910644999924 ], [ -65.08459472699991, -41.371520995999958 ], [ -65.084899902000018, -41.372009276999961 ], [ -65.084899902000018, -41.373107909999817 ], [ -65.084777831999872, -41.373413086000028 ], [ -65.084106444999918, -41.373596191 ], [ -65.082824706999816, -41.373596191 ], [ -65.082092284999817, -41.373779296999942 ], [ -65.081604003999985, -41.374511718999884 ], [ -65.08148193400001, -41.375610352000024 ], [ -65.080078124999943, -41.377319336000028 ], [ -65.079284668000014, -41.378112792999957 ], [ -65.078613280999889, -41.378417968999884 ], [ -65.078491210999914, -41.379089355000019 ], [ -65.078491210999914, -41.379394530999946 ], [ -65.079711913999859, -41.379394530999946 ], [ -65.080017089999956, -41.379882812999938 ], [ -65.079772948999846, -41.380004882999913 ], [ -65.078491210999914, -41.380310058999839 ], [ -65.078124999999829, -41.380798340000013 ], [ -65.078002929999855, -41.381286621000015 ], [ -65.078369140999939, -41.381591796999942 ], [ -65.078918456999759, -41.381774901999904 ], [ -65.079895019999981, -41.382202147999806 ], [ -65.079895019999981, -41.382995605000019 ], [ -65.08148193400001, -41.382995605000019 ], [ -65.081787108999947, -41.383178710999971 ], [ -65.081970214999842, -41.383483886999898 ], [ -65.082092284999817, -41.383911132999913 ], [ -65.082092284999817, -41.384277343999827 ], [ -65.081909179999855, -41.384826659999987 ], [ -65.081176757999913, -41.385009765999939 ], [ -65.080505370999788, -41.385192870999902 ], [ -65.079895019999981, -41.385070800999927 ], [ -65.079406737999989, -41.384887694999975 ], [ -65.078796386999784, -41.384704590000013 ], [ -65.078186034999987, -41.384704590000013 ], [ -65.078186034999987, -41.385009765999939 ], [ -65.078002929999855, -41.385986327999831 ], [ -65.077514647999863, -41.386901854999905 ], [ -65.077087402000018, -41.387207030999946 ], [ -65.07702636699986, -41.387695312999938 ], [ -65.07702636699986, -41.388305663999802 ], [ -65.077270507999913, -41.388610840000013 ], [ -65.07678222699991, -41.389526366999917 ], [ -65.075683593999884, -41.389892577999831 ], [ -65.075012206999929, -41.390319824000017 ], [ -65.074584960999914, -41.391113280999946 ], [ -65.074401854999962, -41.3917846679999 ], [ -65.073608397999863, -41.392211913999972 ], [ -65.073486327999888, -41.392883300999927 ], [ -65.073608397999863, -41.393188476999967 ], [ -65.073791503999985, -41.393676758000026 ], [ -65.07391357399996, -41.393981933999896 ], [ -65.073608397999863, -41.394592284999931 ], [ -65.073486327999888, -41.395202636999898 ], [ -65.073791503999985, -41.395812987999875 ], [ -65.074096680000025, -41.396301269999867 ], [ -65.074707030999889, -41.396911620999902 ], [ -65.075195312999881, -41.398010253999871 ], [ -65.075195312999881, -41.398376464999956 ], [ -65.075805663999859, -41.399780272999863 ], [ -65.075927734, -41.400024413999802 ], [ -65.076110839999956, -41.400695800999927 ], [ -65.075805663999859, -41.401306151999904 ], [ -65.075500487999989, -41.401794433999953 ], [ -65.075317383000026, -41.402709960999857 ], [ -65.075195312999881, -41.40319824199986 ], [ -65.075195312999881, -41.403503417999957 ], [ -65.075012206999929, -41.403808594 ], [ -65.074707030999889, -41.40399169899996 ], [ -65.074096680000025, -41.404418944999861 ], [ -65.073486327999888, -41.404479979999849 ], [ -65.07287597699991, -41.404907226999853 ], [ -65.072509766, -41.405395508000026 ], [ -65.072021484, -41.406311034999931 ], [ -65.071716308999896, -41.407409667999957 ], [ -65.071899413999859, -41.407775878999985 ], [ -65.071899413999859, -41.408691405999889 ], [ -65.071472167999843, -41.408996581999986 ], [ -65.071411132999856, -41.409423828 ], [ -65.071289062999881, -41.409790038999915 ], [ -65.071289062999881, -41.410217284999931 ], [ -65.0703125, -41.410827636999898 ], [ -65.070007323999903, -41.411682128999985 ], [ -65.070373534999987, -41.412109374999886 ], [ -65.071228026999904, -41.412109374999886 ], [ -65.071899413999859, -41.41180419899996 ], [ -65.072387694999918, -41.412109374999886 ], [ -65.072998046999885, -41.412475585999914 ], [ -65.073486327999888, -41.413574218999941 ], [ -65.073486327999888, -41.413879394999867 ], [ -65.073608397999863, -41.414428711000028 ], [ -65.073608397999863, -41.415222167999957 ], [ -65.073181151999847, -41.415710448999846 ], [ -65.072692870999958, -41.416198730000019 ], [ -65.071777343999884, -41.416992187999938 ], [ -65.071411132999856, -41.417480468999941 ], [ -65.070678710999914, -41.417907714999842 ], [ -65.069702147999863, -41.418395996000015 ], [ -65.068908690999933, -41.419006347999982 ], [ -65.068298339999899, -41.419189452999944 ], [ -65.067382812999881, -41.419189452999944 ], [ -65.065795897999863, -41.418884276999904 ], [ -65.065307616999803, -41.418884276999904 ], [ -65.064514159999874, -41.419372558999896 ], [ -65.064208984, -41.419677733999833 ], [ -65.064025878999871, -41.420227050999813 ], [ -65.063415526999904, -41.420776366999974 ], [ -65.062622069999975, -41.421203612999875 ], [ -65.062316894999867, -41.421813964999842 ], [ -65.061920166, -41.422302246000015 ], [ -65.061279297, -41.422607421999942 ], [ -65.060974120999958, -41.422912597999982 ], [ -65.060485839999899, -41.423706054999911 ], [ -65.060729980000019, -41.424316405999946 ], [ -65.061523437999938, -41.424682616999974 ], [ -65.062316894999867, -41.4249877929999 ], [ -65.062377930000025, -41.425292968999941 ], [ -65.061889647999863, -41.42608642599987 ], [ -65.061523437999938, -41.426269531 ], [ -65.059020996000015, -41.427978516 ], [ -65.057678222999925, -41.428527831999986 ], [ -65.057006835999971, -41.428710937999938 ], [ -65.056213378999871, -41.429016112999875 ], [ -65.055969237999932, -41.429199218999827 ], [ -65.055725097999982, -41.429504394999867 ], [ -65.05499267599987, -41.429809569999975 ], [ -65.054809569999804, -41.42999267599987 ], [ -65.054321288999915, -41.430297851999967 ], [ -65.053405762000011, -41.431518554999911 ], [ -65.052917480000019, -41.431823730000019 ], [ -65.052490233999833, -41.4328002929999 ], [ -65.052490233999833, -41.434020995999902 ], [ -65.053405762000011, -41.435180663999859 ], [ -65.054016112999875, -41.435791016 ], [ -65.05499267599987, -41.43640136699986 ], [ -65.055297851999967, -41.436889647999863 ], [ -65.055297851999967, -41.4375 ], [ -65.054504394999867, -41.437927245999902 ], [ -65.053771972999925, -41.438903808999896 ], [ -65.053710937999938, -41.439514159999931 ], [ -65.054199218999941, -41.439880370999958 ], [ -65.054626464999842, -41.440185546999885 ], [ -65.054809569999804, -41.440795897999863 ], [ -65.054870604999905, -41.443115234 ], [ -65.054687499999829, -41.443786620999958 ], [ -65.054504394999867, -41.444396972999812 ], [ -65.053527831999986, -41.445495604999962 ], [ -65.052185058999896, -41.446289062999881 ], [ -65.05187988299997, -41.446777343999884 ], [ -65.052001952999944, -41.448486327999888 ], [ -65.05187988299997, -41.449218749999886 ], [ -65.05108642599987, -41.449707030999889 ], [ -65.050903319999804, -41.450195312999881 ], [ -65.050903319999804, -41.450683593999941 ], [ -65.050292968999941, -41.451110839999956 ], [ -65.050109862999818, -41.452209472999812 ], [ -65.049987792999843, -41.453613280999889 ], [ -65.049194335999914, -41.454711913999915 ], [ -65.048706054999911, -41.454895019999981 ], [ -65.047790527000018, -41.45538330099987 ], [ -65.047119140999882, -41.455078124999943 ], [ -65.046325683999953, -41.455078124999943 ], [ -65.045410155999889, -41.455810546999885 ], [ -65.044982909999874, -41.457214354999849 ], [ -65.044311522999919, -41.458190918000014 ], [ -65.04437255900001, -41.458618163999915 ], [ -65.044799804999911, -41.459411620999845 ], [ -65.044982909999874, -41.460693358999947 ], [ -65.043884277000018, -41.461669922 ], [ -65.043884277000018, -41.462524413999915 ], [ -65.042297362999989, -41.463073729999905 ], [ -65.041503905999889, -41.46319580099987 ], [ -65.038024901999904, -41.464111327999944 ], [ -65.036987304999911, -41.464904784999874 ], [ -65.036376952999888, -41.465881347999925 ], [ -65.035278319999918, -41.466796874999829 ], [ -65.034423828, -41.467529296999942 ], [ -65.033020019999867, -41.468688964999899 ], [ -65.0324096679999, -41.468811034999874 ], [ -65.0316162109998, -41.468994140999826 ], [ -65.031188964999956, -41.470092772999863 ], [ -65.030700683999896, -41.472106933999896 ], [ -65.029296874999829, -41.473876952999888 ], [ -65.028686522999863, -41.474182128999928 ], [ -65.028076171999885, -41.474182128999928 ], [ -65.026977538999859, -41.473205565999933 ], [ -65.025390625, -41.473388672 ], [ -65.024780272999863, -41.4738159179999 ], [ -65.023010253999871, -41.474182128999928 ], [ -65.021972655999889, -41.474670409999987 ], [ -65.021484375, -41.475097656 ], [ -65.022277831999929, -41.476013183999896 ], [ -65.023620604999905, -41.476318359 ], [ -65.023803710999971, -41.477111815999933 ], [ -65.023376464999956, -41.4777221679999 ], [ -65.021911620999902, -41.478027343999827 ], [ -65.019104003999871, -41.478088378999814 ], [ -65.01788330099987, -41.47882080099987 ], [ -65.017578125, -41.479187011999954 ], [ -65.015686034999874, -41.479675292999843 ], [ -65.013610840000013, -41.479675292999843 ], [ -65.013000487999875, -41.479980468999884 ], [ -65.01318359399977, -41.480407714999899 ], [ -65.01318359399977, -41.481018065999933 ], [ -65.012207030999946, -41.481201171999885 ], [ -65.010925292999957, -41.481506347999925 ], [ -65.010314941, -41.482727050999927 ], [ -65.007690429999911, -41.483520507999856 ], [ -65.005981444999804, -41.484008788999859 ], [ -65.004821776999961, -41.484375 ], [ -65.003906249999886, -41.485107421999885 ], [ -65.002502441, -41.485778808999839 ], [ -65.000915526999961, -41.485900878999814 ], [ -65.000305175999813, -41.486083983999947 ], [ -64.999328612999932, -41.487304687999881 ], [ -64.998596191, -41.488281249999943 ], [ -64.998291015999882, -41.491394043000014 ], [ -64.997985839999785, -41.495727538999859 ], [ -64.997009276999961, -41.496093749999943 ], [ -64.994384765999882, -41.496093749999943 ], [ -64.994079589999785, -41.496582030999832 ], [ -64.99389648399989, -41.497802733999947 ], [ -64.992309569999861, -41.499389647999976 ], [ -64.992004394999924, -41.500976562999824 ], [ -64.992675780999889, -41.501770019999924 ], [ -64.993286133000026, -41.502319335999914 ], [ -64.993286133000026, -41.503112793000014 ], [ -64.991699219, -41.504394531 ], [ -64.991821288999972, -41.505187987999932 ], [ -64.99188232399996, -41.505798339999899 ], [ -64.992309569999861, -41.506774901999961 ], [ -64.992492675999927, -41.508300781 ], [ -64.992309569999861, -41.50891113299997 ], [ -64.991394042999957, -41.509582519999924 ], [ -64.991027831999872, -41.510192870999902 ], [ -64.990905761999898, -41.510925293000014 ], [ -64.991027831999872, -41.512207031 ], [ -64.991394042999957, -41.513183593999884 ], [ -64.991394042999957, -41.513793944999861 ], [ -64.989685058999953, -41.515991211000028 ], [ -64.988891601999853, -41.516906737999932 ], [ -64.987915038999972, -41.517517089999899 ], [ -64.987792969, -41.518798827999888 ], [ -64.988098144999924, -41.519226073999903 ], [ -64.988708495999902, -41.519897461000028 ], [ -64.988525390999939, -41.522094727000024 ], [ -64.989318847999868, -41.523071288999915 ], [ -64.989379883000026, -41.525695800999983 ], [ -64.989685058999953, -41.526611327999888 ], [ -64.989501953, -41.527893066 ], [ -64.989196776999904, -41.529724120999958 ], [ -64.989501953, -41.532287597999868 ], [ -64.989807128999928, -41.534484862999875 ], [ -64.989807128999928, -41.536010741999917 ], [ -64.989807128999928, -41.537414550999983 ], [ -64.990478515999882, -41.539184569999975 ], [ -64.991210938, -41.541809081999872 ], [ -64.992187499999886, -41.544189453 ], [ -64.993408203, -41.546386719 ], [ -64.995178222999982, -41.546997069999861 ], [ -64.996704102000024, -41.548217772999976 ], [ -64.997070312999881, -41.54858398399989 ], [ -64.998413086000028, -41.548706054999968 ], [ -64.999694823999789, -41.547912597999868 ], [ -65.000610352000024, -41.547424315999876 ], [ -65.001525878999928, -41.547607421999828 ], [ -65.002380371000015, -41.548706054999968 ], [ -65.004821776999961, -41.551696776999961 ], [ -65.005981444999804, -41.554687499999886 ], [ -65.006713866999917, -41.557312011999898 ], [ -65.006591796999942, -41.558593749999886 ], [ -65.005981444999804, -41.559509276999961 ], [ -65.004882812999938, -41.559875487999989 ], [ -65.004089355000019, -41.560119628999928 ], [ -65.003723144999924, -41.560729979999905 ], [ -65.003784179999911, -41.561584472999982 ], [ -65.004211425999813, -41.562194823999846 ], [ -65.005981444999804, -41.562499999999886 ], [ -65.006469726999967, -41.562683105000019 ], [ -65.006408691, -41.563598632999913 ], [ -65.004577637000011, -41.563598632999913 ], [ -65.003417968999884, -41.565002441 ], [ -65.003112792999957, -41.566711425999983 ], [ -65.00280761699986, -41.567687987999875 ], [ -65.002685546999885, -41.568603515999882 ], [ -65.001281737999818, -41.568969726999967 ], [ -65.000915526999961, -41.569519042999957 ], [ -65.000122069999861, -41.571411132999913 ], [ -65.000183105000019, -41.57202148399989 ], [ -64.999816894999924, -41.572692871000015 ], [ -64.99890136699986, -41.573608397999919 ], [ -64.998291015999882, -41.573913574000017 ], [ -64.997619628999928, -41.573791503999871 ], [ -64.997070312999881, -41.573669433999896 ], [ -64.99578857399996, -41.572814941 ], [ -64.995178222999982, -41.572875976999967 ], [ -64.994689941, -41.573181151999904 ], [ -64.993469237999989, -41.573303222999982 ], [ -64.992980956999986, -41.574096679999911 ], [ -64.993286133000026, -41.574707030999946 ], [ -64.993103026999961, -41.575073241999974 ], [ -64.992614745999902, -41.5753784179999 ], [ -64.990905761999898, -41.575683593999827 ], [ -64.9874877929999, -41.576110840000013 ], [ -64.986389159999931, -41.576782226999967 ], [ -64.98687744099982, -41.577209472999868 ], [ -64.988098144999924, -41.577270507999856 ], [ -64.989685058999953, -41.577392577999831 ], [ -64.991516112999932, -41.576599121000015 ], [ -64.99499511699986, -41.576721191 ], [ -64.996276855000019, -41.576599121000015 ], [ -64.996704102000024, -41.576110840000013 ], [ -64.997192383000026, -41.576293944999804 ], [ -64.997375487999818, -41.576599121000015 ], [ -64.997680663999915, -41.577392577999831 ], [ -64.998413086000028, -41.578613280999946 ], [ -64.999328612999932, -41.5792846679999 ], [ -64.999877929999911, -41.579711913999802 ], [ -65.000671387000011, -41.580505370999902 ], [ -65.00170898399989, -41.581787109 ], [ -65.002685546999885, -41.583984375 ], [ -65.004272460999914, -41.587280272999863 ], [ -65.006713866999917, -41.59149169899996 ], [ -65.007080077999944, -41.592102050999927 ], [ -65.007202147999919, -41.592895508000026 ], [ -65.007873534999874, -41.594116210999857 ], [ -65.007873534999874, -41.595703124999886 ], [ -65.009277343999941, -41.596008300999927 ], [ -65.010498046999942, -41.596374511999841 ], [ -65.010681151999904, -41.598022460999857 ], [ -65.010803222999982, -41.599121094 ], [ -65.011291503999871, -41.600891112999989 ], [ -65.012390136999841, -41.604492187999881 ], [ -65.0128784179999, -41.605102538999915 ], [ -65.013305663999745, -41.605285644999981 ], [ -65.013488769999867, -41.60577392599987 ], [ -65.013305663999745, -41.606994628999985 ], [ -65.013305663999745, -41.607788085999914 ], [ -65.014404296999942, -41.608276366999974 ], [ -65.015197753999871, -41.608886718999941 ], [ -65.015869141, -41.60998535199991 ], [ -65.016479491999803, -41.610290527000018 ], [ -65.019470214999899, -41.610778808999896 ], [ -65.020812987999875, -41.611328124999886 ], [ -65.026489258000026, -41.611206054999911 ], [ -65.026489258000026, -41.610778808999896 ], [ -65.026489258000026, -41.610107421999885 ], [ -65.026184081999929, -41.609497069999804 ], [ -65.025695800999927, -41.609313964999842 ], [ -65.025390625, -41.607727050999813 ], [ -65.025390625, -41.604003905999889 ], [ -65.026000976999796, -41.603393554999911 ], [ -65.026672362999989, -41.603271483999947 ], [ -65.028381347999755, -41.60321044899996 ], [ -65.029418944999804, -41.602783202999944 ], [ -65.030700683999896, -41.599487304999911 ], [ -65.030700683999896, -41.59851074199986 ], [ -65.031005859, -41.597595214999956 ], [ -65.031005859, -41.596801758000026 ], [ -65.032226562999824, -41.596374511999954 ], [ -65.033508300999927, -41.594482421999885 ], [ -65.033996581999816, -41.59429931599982 ], [ -65.034790038999859, -41.59429931599982 ], [ -65.035278319999918, -41.595092772999863 ], [ -65.035400390999882, -41.596679687999881 ], [ -65.035888671999885, -41.597290038999915 ], [ -65.036682128999985, -41.597595214999956 ], [ -65.037109374999886, -41.59820556599982 ], [ -65.037170409999874, -41.598815917999957 ], [ -65.03680419899996, -41.599487304999911 ], [ -65.035888671999885, -41.600280761999841 ], [ -65.03570556599982, -41.604003905999889 ], [ -65.035583495999845, -41.604919433999953 ], [ -65.035400390999882, -41.605407714999956 ], [ -65.034606933999896, -41.605895995999845 ], [ -65.033386229999792, -41.606018066 ], [ -65.032714844, -41.605590819999918 ], [ -65.031494140999826, -41.605285644999981 ], [ -65.029296874999829, -41.604919433999953 ], [ -65.027587891, -41.604797362999989 ], [ -65.027282714999956, -41.605529784999931 ], [ -65.028076171999885, -41.605895995999845 ], [ -65.02899169899996, -41.606201171999885 ], [ -65.029479979999962, -41.606506347999982 ], [ -65.029907226999796, -41.607482909999874 ], [ -65.029724120999902, -41.608093262000011 ], [ -65.02899169899996, -41.608520508000026 ], [ -65.027893065999763, -41.608886718999941 ], [ -65.027099609, -41.608886718999941 ], [ -65.026977538999859, -41.609313964999842 ], [ -65.027099609, -41.609802246000015 ], [ -65.028076171999885, -41.610900878999871 ], [ -65.028625487999875, -41.611389159999874 ], [ -65.02899169899996, -41.612182616999974 ], [ -65.02899169899996, -41.613403319999804 ], [ -65.028625487999875, -41.614196776999904 ], [ -65.02819824199986, -41.614990233999833 ], [ -65.027526854999905, -41.615722655999946 ], [ -65.026611328, -41.616088866999974 ], [ -65.024719237999875, -41.6163940429999 ], [ -65.023986815999933, -41.616577147999863 ], [ -65.023193359, -41.61749267599987 ], [ -65.022705077999831, -41.618408202999944 ], [ -65.022705077999831, -41.619201659999874 ], [ -65.022705077999831, -41.6203002929999 ], [ -65.023498534999931, -41.621582031 ], [ -65.023620604999905, -41.622680663999859 ], [ -65.023681641, -41.624328612999875 ], [ -65.023498534999931, -41.625793456999929 ], [ -65.023498534999931, -41.627990722999925 ], [ -65.023681641, -41.633178710999914 ], [ -65.023498534999931, -41.634399413999859 ], [ -65.022888183999896, -41.635498046999885 ], [ -65.022521972999868, -41.636291503999985 ], [ -65.022705077999831, -41.638000487999989 ], [ -65.023010253999871, -41.639770507999913 ], [ -65.023010253999871, -41.640808104999962 ], [ -65.022888183999896, -41.641479491999803 ], [ -65.022277831999929, -41.642517089999956 ], [ -65.021606444999975, -41.643615722999812 ], [ -65.021484375, -41.645385741999803 ], [ -65.022399901999904, -41.646301269999981 ], [ -65.023681641, -41.648010253999985 ], [ -65.023620604999905, -41.649414062999881 ], [ -65.023620604999905, -41.652709960999914 ], [ -65.024414062999938, -41.656005858999947 ], [ -65.024475097999755, -41.658691406 ], [ -65.023925780999946, -41.661376952999888 ], [ -65.023803710999971, -41.66241455099987 ], [ -65.023193359, -41.664184569999861 ], [ -65.023193359, -41.664978026999961 ], [ -65.0245971679999, -41.666381836000028 ], [ -65.026000976999796, -41.666992188 ], [ -65.026428222999868, -41.668701172 ], [ -65.026428222999868, -41.670410156 ], [ -65.027099609, -41.671203612999932 ], [ -65.027221679999968, -41.67169189499981 ], [ -65.027221679999968, -41.673217772999863 ], [ -65.026672362999989, -41.674194336000028 ], [ -65.025390625, -41.675292968999884 ], [ -65.025390625, -41.676208495999958 ], [ -65.025329590000013, -41.678527831999929 ], [ -65.024780272999863, -41.680908202999888 ], [ -65.024475097999755, -41.684692382999913 ], [ -65.024475097999755, -41.68811035199991 ], [ -65.024169921999885, -41.691528319999918 ], [ -65.023498534999931, -41.693603515999939 ], [ -65.022399901999904, -41.694519043000014 ], [ -65.021606444999975, -41.695312499999943 ], [ -65.0167846679999, -41.695312499999943 ], [ -65.015991210999971, -41.695373534999931 ], [ -65.015991210999971, -41.696105956999872 ], [ -65.016906737999875, -41.69641113299997 ], [ -65.018798827999831, -41.696594237999932 ], [ -65.020019530999946, -41.696472167999957 ], [ -65.020812987999875, -41.696777344 ], [ -65.021118163999802, -41.697509765999939 ], [ -65.021484375, -41.699401854999905 ], [ -65.023071288999859, -41.703308104999905 ], [ -65.023376464999956, -41.703796386999898 ], [ -65.023193359, -41.704589844 ], [ -65.021911620999902, -41.705200194999861 ], [ -65.020202636999898, -41.707275390999882 ], [ -65.020080565999933, -41.708801269999924 ], [ -65.021118163999802, -41.710205077999888 ], [ -65.021301269999867, -41.712890624999886 ], [ -65.021606444999975, -41.715026854999962 ], [ -65.022094726999967, -41.717102050999983 ], [ -65.023193359, -41.721008300999983 ], [ -65.023193359, -41.721984862999875 ], [ -65.022827147999806, -41.724182128999871 ], [ -65.021911620999902, -41.726196288999802 ], [ -65.021606444999975, -41.729309081999872 ], [ -65.021118163999802, -41.731811522999806 ], [ -65.020996093999827, -41.733215331999872 ], [ -65.02038574199986, -41.734924315999876 ], [ -65.018188476999967, -41.737670897999863 ], [ -65.016418456999816, -41.739685058999896 ], [ -65.015075683999896, -41.743713378999928 ], [ -65.014404296999942, -41.74780273399989 ], [ -65.013122558999783, -41.749023438 ], [ -65.012573241999974, -41.750671387000011 ], [ -65.012084960999971, -41.751525878999928 ], [ -65.011413574000017, -41.752197265999882 ], [ -65.007873534999874, -41.754211425999813 ], [ -65.006103515999882, -41.754699706999986 ], [ -65.003601073999846, -41.755310058999953 ], [ -65.002685546999885, -41.756103515999882 ], [ -65.002990722999982, -41.758789062999938 ], [ -65.002929688, -41.761291503999871 ], [ -65.002685546999885, -41.762695312999938 ], [ -65.001892089999842, -41.76342773399989 ], [ -65.000610352000024, -41.763671874999829 ], [ -64.999023438, -41.763793944999804 ], [ -64.99780273399989, -41.764404296999942 ], [ -64.997680663999915, -41.765502929999911 ], [ -64.997680663999915, -41.766601562999938 ], [ -64.998718261999898, -41.768127441 ], [ -64.998291015999882, -41.769714355000019 ], [ -64.998413086000028, -41.7706909179999 ], [ -64.99890136699986, -41.771118163999802 ], [ -65.001403808999953, -41.772277831999929 ], [ -65.002197265999882, -41.774108886999898 ], [ -65.004882812999938, -41.776000976999967 ], [ -65.009887694999975, -41.777404784999931 ], [ -65.012695312999938, -41.779724120999902 ], [ -65.012934445452458, -41.780600940427917 ], [ -65.022235923052961, -41.771521060361806 ], [ -65.023492769751385, -41.777186596655952 ], [ -65.038952129593099, -41.750277114847506 ], [ -65.0389237173232, -41.748689787762714 ], [ -65.053072669222729, -41.732168987246723 ], [ -65.087791354306944, -41.697115344958888 ], [ -65.093069386601883, -41.695835884265591 ], [ -65.095682229232523, -41.694141307254426 ], [ -65.108398401359693, -41.689348654108414 ], [ -65.113083562614406, -41.685315467818157 ], [ -65.113105003174496, -41.685300679993304 ], [ -65.122704181409688, -41.677284346235353 ], [ -65.12270593256136, -41.677286633119024 ], [ -65.128643377077708, -41.68482817812918 ], [ -65.147738648247014, -41.676889038848458 ], [ -65.148466264045112, -41.661829880083417 ], [ -65.145526635170597, -41.661044573808624 ], [ -65.140866592886823, -41.660839111296298 ], [ -65.136744435415778, -41.664161167647649 ], [ -65.124028114270288, -41.674409280613588 ], [ -65.119398886666886, -41.668578122229462 ], [ -65.111587593232002, -41.663602074363268 ], [ -65.104809047626077, -41.657520650957167 ], [ -65.070672243402726, -41.632966374195462 ], [ -65.064904611783845, -41.62844042942146 ], [ -65.063054345168098, -41.625119385167181 ], [ -65.060485404066924, -41.623948070785445 ], [ -65.060406963832861, -41.623939771028631 ], [ -65.052272143683922, -41.620021729427776 ], [ -65.052247493560287, -41.619987457570005 ], [ -65.062642439679337, -41.617472292591401 ], [ -65.062712770923554, -41.617481929648704 ], [ -65.062723758017569, -41.617487122843443 ], [ -65.090308218100404, -41.611274864208212 ], [ -65.090356866456148, -41.61127528212279 ], [ -65.095880413881389, -41.607421154744941 ], [ -65.095872139478786, -41.607391159943518 ], [ -65.101945554601173, -41.603591386082712 ], [ -65.165974048702992, -41.574908781459499 ], [ -65.166401029962685, -41.575188312253317 ], [ -65.177577160920805, -41.569060233886432 ], [ -65.18489353439611, -41.565048519793322 ], [ -65.191135701436622, -41.561625814600461 ], [ -65.193445749470357, -41.560359153663796 ], [ -65.196529145901422, -41.558668458406032 ], [ -65.199373552756754, -41.557108823117289 ], [ -65.206284736881457, -41.553319292349158 ], [ -65.208033294024801, -41.552360527907013 ], [ -65.231436595041941, -41.537434673553662 ], [ -65.303579189795187, -41.540417317817855 ], [ -65.33071498281322, -41.451253437093214 ], [ -65.349037898995164, -41.425716023590667 ], [ -65.353322169309308, -41.336219057957123 ], [ -65.354817680498513, -41.333349119415459 ], [ -65.354813903165905, -41.333345968303036 ], [ -65.354818478096206, -41.333340479862215 ], [ -65.371020903864462, -41.302138727584065 ], [ -65.370675049479871, -41.325286583058528 ], [ -65.370677481936355, -41.325289660214821 ], [ -65.37251719853316, -41.32649029679493 ], [ -65.372510306714844, -41.326564948750047 ], [ -65.37377517958879, -41.327391126003704 ], [ -65.427085876607237, -41.446326238560118 ], [ -65.436004162855113, -41.469253115488812 ], [ -65.435047805739316, -41.469826950153106 ], [ -65.435048983606976, -41.469831686119846 ], [ -65.436813207377952, -41.471210572327891 ], [ -65.434822801266478, -41.472817458355166 ], [ -65.434824266268038, -41.472823267901617 ], [ -65.437990595771055, -41.473477539031876 ], [ -65.458844167502264, -41.509831434314776 ], [ -65.468144708690204, -41.526926354686168 ], [ -65.468371013437604, -41.527193707554432 ], [ -65.46837125814443, -41.527193750857748 ], [ -65.470629244392796, -41.530149503899793 ], [ -65.527931603909394, -41.624403147106875 ], [ -65.54723202874311, -41.686853419097531 ], [ -65.547248518206857, -41.686886142669493 ], [ -65.545392310800253, -41.691998154082853 ], [ -65.545405998545675, -41.692034448504103 ], [ -65.567871966446091, -41.690508494733479 ], [ -65.585959188568438, -41.720444711513096 ], [ -65.585966938207036, -41.720482635351402 ], [ -65.588557387510662, -41.754776430491916 ], [ -65.508279590765483, -41.88678113781458 ], [ -65.508270656563127, -41.886774781096051 ], [ -65.485004396251725, -41.907920308355301 ], [ -65.49465921438167, -41.924558935242771 ], [ -65.497515150353934, -41.926163497417349 ], [ -65.497518707289487, -41.926231447426289 ], [ -65.511287623600936, -41.943891059243242 ], [ -65.522091558019781, -41.954360818995724 ], [ -65.522108286329512, -41.954364094651112 ], [ -65.522663511491032, -41.953550392572993 ], [ -65.522678226720245, -41.953557099861939 ], [ -65.715555721590704, -42.10528502974455 ], [ -65.711451730737508, -42.112858780287638 ], [ -65.71147738343916, -42.112878770777343 ], [ -65.716118835851375, -42.114149558935992 ], [ -65.689778432583012, -42.14406258846401 ], [ -65.66676663220278, -42.160203282876751 ], [ -65.666748719341626, -42.160243761343565 ], [ -65.697069608920742, -42.254578606348446 ], [ -65.72117064419615, -42.25935580488715 ], [ -65.71734745946452, -42.325252756361692 ], [ -65.718538549988921, -42.326650447008717 ], [ -65.719282345091074, -42.32770630443315 ], [ -65.809567970790567, -42.361359126789068 ], [ -65.897708618654917, -42.433991428699187 ], [ -65.930922834023818, -42.432581174856693 ], [ -65.946553267656896, -42.424274735538631 ], [ -65.946557952797548, -42.424268068628692 ], [ -65.946617248762379, -42.424301805284301 ], [ -65.967446602647613, -42.409807367342125 ], [ -65.967436968461129, -42.409790334307957 ], [ -65.97996727414403, -42.405093973041687 ], [ -65.979993307336429, -42.405080086660746 ], [ -66.025264840386683, -42.370685205501559 ], [ -66.045472986038646, -42.376926837138171 ], [ -66.061885564480633, -42.382612360461053 ], [ -66.188030693617293, -42.426537671490507 ], [ -66.193642084662883, -42.420626093977035 ], [ -66.194185583784588, -42.426462682421231 ], [ -66.219566636943, -42.452180143184364 ], [ -66.219599052588194, -42.452218783346439 ], [ -66.228535226466363, -42.454565469293527 ], [ -66.344026683260154, -42.593099791068084 ], [ -66.344086391760698, -42.593078565461553 ], [ -66.364322074418567, -42.624787292328335 ], [ -66.374976054424224, -42.626692777620008 ], [ -66.374977605161632, -42.626702212068551 ], [ -66.369084910460458, -42.631862343900593 ], [ -66.541692268375414, -43.033227423314315 ], [ -66.541751717813327, -43.033230178428255 ], [ -66.607122470382535, -43.151753660669328 ], [ -66.651663766908996, -43.176463223534654 ], [ -66.646819015277288, -43.180474449563405 ], [ -66.622783812338014, -43.197914437464874 ], [ -66.706814742817983, -43.285010303224624 ], [ -66.706833889919494, -43.284997507770242 ], [ -66.856128835190248, -43.438645514857171 ], [ -66.85612966179292, -43.438646847292205 ], [ -66.873349780742615, -43.463827111054457 ], [ -66.88840514107244, -43.483351229959453 ], [ -66.959815702732612, -43.529735995628585 ], [ -67.069819183855145, -43.619874310082025 ], [ -67.130648857316942, -43.666880983503859 ], [ -67.170326300881868, -43.663825197469237 ], [ -67.18744919643558, -43.67644730116109 ], [ -67.194666805199461, -43.67636115201725 ], [ -67.18081804807565, -43.686341236286466 ], [ -67.184039357430038, -43.686303405308479 ], [ -67.185512456179481, -43.686745476940246 ], [ -67.186657614895068, -43.687089134691746 ], [ -67.187686451673073, -43.687407166291621 ], [ -67.18768456933401, -43.687397319921445 ], [ -67.187475983189699, -43.687031450045993 ], [ -67.187270573283911, -43.686671146365939 ], [ -67.1870408223308, -43.686268157499114 ], [ -67.198245846671909, -43.68228482161993 ], [ -67.198316193395556, -43.682286176514253 ], [ -67.200038838446233, -43.685842875137439 ], [ -67.19876697445585, -43.687460271793782 ], [ -67.198560919831834, -43.687553108001737 ], [ -67.198492393252309, -43.687591095846699 ], [ -67.196956862229172, -43.687636397569406 ], [ -67.196954636985367, -43.6876237465911 ], [ -67.193640895917497, -43.687920381860238 ], [ -67.193589706134162, -43.687929300707879 ], [ -67.192537658527442, -43.688408210028854 ], [ -67.192503932620127, -43.688418970445184 ], [ -67.188585438475229, -43.689463527887654 ], [ -67.165039743213356, -43.694296036409298 ], [ -67.116623692629162, -43.705455879623969 ], [ -67.101947087889641, -43.708717521243784 ], [ -67.10193383383438, -43.708719530653468 ], [ -67.093431617669694, -43.69945714636043 ], [ -66.916892267347293, -43.721453838172181 ], [ -66.909026515856169, -43.753530990135687 ], [ -66.862220566253882, -43.782045774868493 ], [ -66.797199058721503, -43.795485467767605 ], [ -66.794949100199233, -43.799238088797949 ], [ -66.618450715893403, -43.80005861416862 ], [ -66.478340829027218, -43.781494189909893 ], [ -66.531172774540039, -43.725640249038577 ], [ -66.51378170680772, -43.717111692230731 ], [ -66.507819321372665, -43.720118521691745 ], [ -66.507816146696825, -43.720125615690563 ], [ -66.483218054893769, -43.703302923295894 ], [ -66.483114853899338, -43.703332953590518 ], [ -66.483103167848469, -43.703334720523856 ], [ -66.482897161713367, -43.703334743328128 ], [ -66.482689048382895, -43.703334766365685 ], [ -66.482634649796807, -43.703339559316191 ], [ -66.482554717987114, -43.703334781248259 ], [ -66.481991204924952, -43.70333484373316 ], [ -66.476671890085299, -43.723115094963248 ], [ -66.476570792978464, -43.723101857066411 ], [ -66.476494131472521, -43.723101494640957 ], [ -66.476445010282987, -43.723148223136093 ], [ -66.476226310857498, -43.723052406040551 ], [ -66.472284575627441, -43.724827153472518 ], [ -66.472217442244073, -43.726441320573997 ], [ -66.472287974663686, -43.726431949610969 ], [ -66.475244700194878, -43.736689240610758 ], [ -66.422259367003562, -43.775219171502783 ], [ -66.39272620367484, -43.777814215331659 ], [ -66.384415925683754, -43.778091699243191 ], [ -66.384403091123772, -43.778081599746542 ], [ -66.376446415709495, -43.778989388427419 ], [ -66.373483673200667, -43.778639081467873 ], [ -66.366658538378999, -43.780046845394736 ], [ -66.366711880843582, -43.780100045018571 ], [ -66.366749824389217, -43.780153912242213 ], [ -66.366748002256088, -43.780156362740854 ], [ -66.366511540183694, -43.780272323504448 ], [ -66.36645858152275, -43.780215060238106 ], [ -66.293450720430201, -43.771481908431952 ], [ -66.29338034142836, -43.771513596931868 ], [ -66.294799459402952, -43.79624352870519 ], [ -66.300511290139184, -43.826247074489231 ], [ -66.281831429507008, -43.839905075915851 ], [ -66.281815203504948, -43.839946306960826 ], [ -66.33489553070109, -43.893793164914484 ], [ -66.337742457141701, -43.901775912735843 ], [ -66.352094862879483, -43.942019819377379 ], [ -66.369077936668816, -43.935598309805414 ], [ -66.376070398572949, -44.013451707696333 ], [ -66.378084092933705, -44.014893246964732 ], [ -66.553529383832597, -44.425490126397051 ], [ -66.55353553223847, -44.425490913117414 ], [ -66.600311732398893, -44.490448273004233 ], [ -66.653719825414043, -44.618316511274372 ], [ -66.650052255149774, -44.615928267017466 ], [ -66.649988525706704, -44.615927654407756 ], [ -66.659007298074471, -44.64635070793662 ], [ -66.659047933305658, -44.646354768633103 ], [ -66.656859794220509, -44.653452643529022 ], [ -66.6569181488033, -44.653486232108776 ], [ -66.663988899684625, -44.653138336594736 ], [ -66.66503482274203, -44.652943919368624 ], [ -66.665016407233111, -44.652984196082741 ], [ -66.674213909391938, -44.655563697547734 ], [ -66.674264874308733, -44.655545545226744 ], [ -66.674265947787887, -44.655569020507301 ], [ -66.670308070475699, -44.671716859397691 ], [ -66.690179474289437, -44.714316640107427 ], [ -66.712847891894285, -44.76595390460443 ], [ -66.712885362796499, -44.766014716998598 ], [ -66.713317653635897, -44.779804415306103 ], [ -66.718972986606559, -44.806790884363352 ], [ -66.706963617410395, -44.80427094697643 ], [ -66.702315839097309, -44.792887546935788 ], [ -66.69572906129315, -44.789998226635703 ], [ -66.695686439235089, -44.789977609149162 ], [ -66.686118277609864, -44.785207864548454 ], [ -66.686112798247393, -44.785207680405449 ], [ -66.685348479825166, -44.785329020292522 ], [ -66.670524564661832, -44.775851683757708 ], [ -66.670464990159985, -44.77587117936514 ], [ -66.657589989642361, -44.765241150541897 ], [ -66.657568104357381, -44.765215501947296 ], [ -66.650889875492624, -44.762074469311528 ], [ -66.643692395071355, -44.757019978950325 ], [ -66.640658621231125, -44.755358755196312 ], [ -66.610123634826152, -44.735564725641837 ], [ -66.595920039660996, -44.701675427259545 ], [ -66.576548019874281, -44.688012383579007 ], [ -66.516819837918945, -44.647496349832977 ], [ -66.489317558053187, -44.639016816613378 ], [ -66.276452948513452, -44.66610987690143 ], [ -66.27294279916299, -44.677618347777695 ], [ -66.268220164502736, -44.681067911018545 ], [ -66.259665862620182, -44.673343054349573 ], [ -66.263987959093527, -44.666545559809492 ], [ -66.172703081162808, -44.679314990786111 ], [ -66.23707659575291, -44.627381635293204 ], [ -66.237236516088728, -44.5653850030277 ], [ -66.237238104948233, -44.565375546903283 ], [ -66.180294106245412, -44.540186839011767 ], [ -66.17768269162616, -44.538038137006822 ], [ -65.961010924632774, -44.315500091091508 ], [ -65.938287057571927, -44.300722720494491 ], [ -65.938265726743566, -44.300698817840498 ], [ -65.858905937072905, -44.254960412472826 ], [ -65.702692628112345, -44.308549239714182 ], [ -65.702714992706944, -44.308607813890092 ], [ -65.699301828588432, -44.311714973695473 ], [ -65.69930057738776, -44.3117137294347 ], [ -65.697202685986213, -44.309193103156872 ], [ -65.696557903869859, -44.308386759408734 ], [ -65.685029696043557, -44.30800567148458 ], [ -65.684975552634796, -44.307961503242097 ], [ -65.667416872549438, -44.303621238292692 ], [ -65.640053761656645, -44.288722644280938 ], [ -65.640053987381691, -44.288721994424861 ], [ -65.639030502581306, -44.288375380550917 ], [ -65.638924049945103, -44.288383954283574 ], [ -65.629379663317195, -44.276207715687349 ], [ -65.624731037402341, -44.272943711015898 ], [ -65.585034991816315, -44.265619959459741 ], [ -65.583465288809805, -44.264167165639208 ], [ -65.583388232732773, -44.264168524329193 ], [ -65.571083317207581, -44.248978922618619 ], [ -65.477422526003124, -44.168857214840841 ], [ -65.47742328986152, -44.168856648280325 ], [ -65.476018376489151, -44.167248934001009 ], [ -65.476018091067374, -44.16724860253828 ], [ -65.4745491336962, -44.166336361704737 ], [ -65.474475783510002, -44.166311736370972 ], [ -65.472201556831635, -44.167096620912844 ], [ -65.472165233451165, -44.167128453313126 ], [ -65.415185060098167, -44.178306700006829 ], [ -65.41438470915017, -44.178332576684568 ], [ -65.411199217561546, -44.166838349109241 ], [ -65.327326319173835, -44.136087943226926 ], [ -65.301117970075097, -44.128910270643246 ], [ -65.301088548303653, -44.128907851339363 ], [ -65.298351814733849, -44.126913536629559 ], [ -65.274852867213554, -44.110277833889143 ], [ -65.251037516310646, -44.113519774535121 ], [ -65.23274397298178, -44.10255961214466 ], [ -65.233215331999816, -44.103393554999855 ], [ -65.233703612999989, -44.104187011999954 ], [ -65.234802245999845, -44.105712890999826 ], [ -65.235595702999944, -44.106994628999928 ], [ -65.235595702999944, -44.107910156 ], [ -65.233093261999841, -44.109802245999958 ], [ -65.232727050999927, -44.111022948999903 ], [ -65.230895995999845, -44.111511229999962 ], [ -65.230102538999859, -44.112487792999957 ], [ -65.229980468999884, -44.113708495999958 ], [ -65.230285644999981, -44.114685058999839 ], [ -65.231384277000018, -44.115783691 ], [ -65.231384277000018, -44.116394042999843 ], [ -65.23101806599982, -44.117614745999958 ], [ -65.229003905999889, -44.118408202999888 ], [ -65.227111815999763, -44.119018555000025 ], [ -65.225402831999759, -44.120422362999818 ], [ -65.224487304999855, -44.120178222999868 ], [ -65.223388671999885, -44.120178222999868 ], [ -65.222412109, -44.120605468999884 ], [ -65.221191405999889, -44.12091064499981 ], [ -65.219726562999938, -44.120422362999818 ], [ -65.218505859, -44.120727538999859 ], [ -65.218017577999831, -44.121276854999905 ], [ -65.216918944999975, -44.121398925999983 ], [ -65.216491698999903, -44.122009276999961 ], [ -65.217407226999967, -44.123107909999987 ], [ -65.217407226999967, -44.124084472999868 ], [ -65.215209960999971, -44.124511718999884 ], [ -65.214599609, -44.125 ], [ -65.215026854999849, -44.125915526999847 ], [ -65.215881347999925, -44.126525878999985 ], [ -65.217529296999942, -44.128479003999871 ], [ -65.218627929999968, -44.130187987999875 ], [ -65.217285155999889, -44.131713866999803 ], [ -65.217102050999927, -44.132385253999871 ], [ -65.215026854999849, -44.133911132999913 ], [ -65.21569824199986, -44.134277344 ], [ -65.217285155999889, -44.133911132999913 ], [ -65.218994141, -44.133911132999913 ], [ -65.2199096679999, -44.134704589999899 ], [ -65.21960449199986, -44.135375976999853 ], [ -65.219787597999755, -44.136901854999905 ], [ -65.221191405999889, -44.138305663999972 ], [ -65.221679687999881, -44.139282226999853 ], [ -65.22351074199986, -44.139709472999868 ], [ -65.225097655999889, -44.139404296999828 ], [ -65.226013183999896, -44.139709472999868 ], [ -65.226013183999896, -44.140319823999903 ], [ -65.228088378999985, -44.141784667999957 ], [ -65.229187011999841, -44.142211913999972 ], [ -65.229003905999889, -44.143981933999953 ], [ -65.229309081999816, -44.14428710899989 ], [ -65.230102538999859, -44.144104003999928 ], [ -65.230712890999882, -44.143310546999828 ], [ -65.231689452999888, -44.143493651999961 ], [ -65.231994628999985, -44.14538574199986 ], [ -65.232910155999889, -44.145690917999957 ], [ -65.233886718999941, -44.14562988299997 ], [ -65.234497069999918, -44.146118163999972 ], [ -65.236511229999849, -44.145996094 ], [ -65.237792968999941, -44.146301269999924 ], [ -65.238403319999918, -44.146911620999902 ], [ -65.239501952999944, -44.146911620999902 ], [ -65.240478515999769, -44.146911620999902 ], [ -65.241577147999976, -44.147277831999986 ], [ -65.24249267599987, -44.147094727000024 ], [ -65.244079589999899, -44.146423339999899 ], [ -65.245300292999843, -44.146606444999861 ], [ -65.24670410199991, -44.147583008000026 ], [ -65.248779297, -44.147216797 ], [ -65.250793456999929, -44.146911620999902 ], [ -65.251708983999833, -44.146484374999886 ], [ -65.252075194999861, -44.145690917999957 ], [ -65.252502440999933, -44.145080566 ], [ -65.253601073999903, -44.144897461000028 ], [ -65.255798339999899, -44.145812987999932 ], [ -65.256591797, -44.146118163999972 ], [ -65.257507323999903, -44.145812987999932 ], [ -65.258605956999929, -44.145080566 ], [ -65.263183593999884, -44.144592284999931 ], [ -65.265808104999962, -44.144592284999931 ], [ -65.268005370999958, -44.144592284999931 ], [ -65.270507812999881, -44.14508056599982 ], [ -65.273376465000013, -44.145996094 ], [ -65.275390624999943, -44.146911620999902 ], [ -65.275878905999775, -44.147705078 ], [ -65.276611327999888, -44.14929199199986 ], [ -65.278015136999841, -44.150512694999861 ], [ -65.280029296999885, -44.152282714999842 ], [ -65.281188964999899, -44.153015136999954 ], [ -65.282226562999881, -44.154479980000019 ], [ -65.282409668000014, -44.154907227000024 ], [ -65.28350830099987, -44.155029297 ], [ -65.28430175799997, -44.154724120999958 ], [ -65.285705565999876, -44.154907227000024 ], [ -65.28771972699991, -44.155883788999915 ], [ -65.288879394999924, -44.157775878999871 ], [ -65.290100097999868, -44.158813477000024 ], [ -65.29162597699991, -44.160095215000013 ], [ -65.291809081999872, -44.160705566 ], [ -65.292785644999924, -44.161804199000017 ], [ -65.295410156, -44.165283202999831 ], [ -65.296508788999859, -44.166198730000019 ], [ -65.298400878999928, -44.168395995999902 ], [ -65.29992675799997, -44.171386719 ], [ -65.300598144999924, -44.172302245999902 ], [ -65.300903319999861, -44.173706054999968 ], [ -65.301086425999983, -44.174377440999933 ], [ -65.302429198999903, -44.17547607399996 ], [ -65.303710937999824, -44.176818847999868 ], [ -65.304504394999753, -44.178710937999824 ], [ -65.30560302699979, -44.182678222999812 ], [ -65.306701659999987, -44.185180663999915 ], [ -65.307983397999749, -44.191406249999886 ], [ -65.308593749999886, -44.19311523399989 ], [ -65.308898925999983, -44.194091796999885 ], [ -65.30950927699979, -44.196777343999941 ], [ -65.30950927699979, -44.200012206999986 ], [ -65.309997558999839, -44.201904296999942 ], [ -65.310180663999802, -44.204589843999941 ], [ -65.310180663999802, -44.206726073999846 ], [ -65.310485840000013, -44.210815429999911 ], [ -65.310485840000013, -44.212585448999903 ], [ -65.309814452999888, -44.214111327999831 ], [ -65.30950927699979, -44.216308593999827 ], [ -65.309387206999816, -44.22039794899996 ], [ -65.309020995999958, -44.223327636999898 ], [ -65.307678222999812, -44.227905272999863 ], [ -65.307189941, -44.230407714999956 ], [ -65.305786132999913, -44.232604979999849 ], [ -65.304077147999749, -44.235595702999944 ], [ -65.303283691, -44.237976073999903 ], [ -65.302124022999863, -44.240722655999889 ], [ -65.300109862999932, -44.244079589999899 ], [ -65.297302245999902, -44.247802733999833 ], [ -65.295104979999905, -44.251281737999932 ], [ -65.292175292999957, -44.254699706999929 ], [ -65.291015624999773, -44.255676269999924 ], [ -65.289184569999861, -44.257995604999962 ], [ -65.287292479999905, -44.260009766 ], [ -65.28350830099987, -44.262695312999881 ], [ -65.279479979999905, -44.265197753999928 ], [ -65.277099608999947, -44.266479491999917 ], [ -65.274475097999868, -44.267883300999983 ], [ -65.271911620999788, -44.268310546999885 ], [ -65.26898193400001, -44.269592284999987 ], [ -65.268310546999885, -44.271484374999943 ], [ -65.26898193400001, -44.273803710999914 ], [ -65.272277831999872, -44.278381347999868 ], [ -65.27288818400001, -44.279296874999943 ], [ -65.273193358999947, -44.282409668000014 ], [ -65.27288818400001, -44.285400390999939 ], [ -65.272399902000018, -44.287780761999898 ], [ -65.271789550999813, -44.290710448999903 ], [ -65.270019530999889, -44.29467773399989 ], [ -65.269287108999947, -44.298278808999953 ], [ -65.267822266, -44.301879882999913 ], [ -65.265319823999903, -44.304504394999924 ], [ -65.262512206999929, -44.305908202999888 ], [ -65.260009766, -44.306884765999882 ], [ -65.258178710999857, -44.306579590000013 ], [ -65.256286620999958, -44.306701659999987 ], [ -65.254699706999929, -44.307678222999982 ], [ -65.2531127929999, -44.307312011999954 ], [ -65.251708983999833, -44.307617188 ], [ -65.250793456999929, -44.30841064499981 ], [ -65.250976563, -44.309387206999986 ], [ -65.25390625, -44.311096191 ], [ -65.255981444999861, -44.312011718999884 ], [ -65.258300780999832, -44.31311035199991 ], [ -65.259887694999861, -44.314514159999987 ], [ -65.260192870999958, -44.316589354999905 ], [ -65.25958251999981, -44.321105956999872 ], [ -65.258911132999799, -44.323181151999904 ], [ -65.257995604999962, -44.324707030999946 ], [ -65.257385253999757, -44.326599120999902 ], [ -65.254821776999904, -44.330017089999899 ], [ -65.254089354999962, -44.330505370999902 ], [ -65.252014159999874, -44.333190917999957 ], [ -65.249084472999925, -44.335205078 ], [ -65.24719238299997, -44.336303710999857 ], [ -65.244689940999876, -44.336975097999812 ], [ -65.241882323999903, -44.33679199199986 ], [ -65.240905762000011, -44.335998534999931 ], [ -65.23889160199991, -44.335876464999956 ], [ -65.235412597999982, -44.33569335899989 ], [ -65.234313964999956, -44.335388183999953 ], [ -65.233398437999881, -44.334411620999902 ], [ -65.231689452999888, -44.333312987999932 ], [ -65.228698729999792, -44.33288574199986 ], [ -65.225585937999881, -44.333312987999932 ], [ -65.224182128999985, -44.334411620999902 ], [ -65.223022460999971, -44.336181640999882 ], [ -65.222595214999956, -44.33758544899996 ], [ -65.223327636999898, -44.338378905999889 ], [ -65.223876952999888, -44.339721679999968 ], [ -65.223083495999788, -44.341186522999919 ], [ -65.222290038999859, -44.342102050999813 ], [ -65.222595214999956, -44.34350585899989 ], [ -65.223999022999863, -44.344909667999957 ], [ -65.22430419899996, -44.345703124999886 ], [ -65.224792479999962, -44.346923827999888 ], [ -65.224609374999829, -44.347900390999882 ], [ -65.224609374999829, -44.348876952999944 ], [ -65.223693847999755, -44.350280762000011 ], [ -65.222778319999918, -44.351013183999953 ], [ -65.222595214999956, -44.352600097999982 ], [ -65.221984862999989, -44.353576659999874 ], [ -65.221191405999889, -44.354187012000011 ], [ -65.220581055000025, -44.355285644999867 ], [ -65.221008300999927, -44.356689452999944 ], [ -65.222106933999896, -44.357788085999971 ], [ -65.222290038999859, -44.359313965000013 ], [ -65.222106933999896, -44.360900878999871 ], [ -65.221679687999881, -44.36218261699986 ], [ -65.21960449199986, -44.362792968999827 ], [ -65.217712401999904, -44.363098144999867 ], [ -65.215881347999925, -44.363708495999902 ], [ -65.215820312999938, -44.364990234 ], [ -65.215209960999971, -44.365600585999971 ], [ -65.215515136999898, -44.366577147999863 ], [ -65.216613769999867, -44.367797851999967 ], [ -65.217224120999902, -44.369018554999968 ], [ -65.217407226999967, -44.36999511699986 ], [ -65.218688964999956, -44.370910644999867 ], [ -65.221496581999929, -44.369079589999956 ], [ -65.222900391, -44.369079589999956 ], [ -65.224487304999855, -44.369384766 ], [ -65.226013183999896, -44.369812011999898 ], [ -65.228088378999985, -44.369689940999933 ], [ -65.229797362999989, -44.370422362999875 ], [ -65.231384277000018, -44.371582030999889 ], [ -65.232421874999886, -44.373596190999933 ], [ -65.232299804999911, -44.374511719 ], [ -65.232177733999947, -44.375976562999881 ], [ -65.231384277000018, -44.376892089999956 ], [ -65.23107910199991, -44.37750244099982 ], [ -65.231689452999888, -44.379516601999967 ], [ -65.231689452999888, -44.380493163999915 ], [ -65.231994628999985, -44.382690429999911 ], [ -65.231994628999985, -44.384094237999989 ], [ -65.232482909999874, -44.385192870999845 ], [ -65.233581543000014, -44.385681152000018 ], [ -65.234191894999981, -44.386718749999886 ], [ -65.235412597999982, -44.386901854999849 ], [ -65.236694335999914, -44.386291503999985 ], [ -65.237487793000014, -44.386474608999947 ], [ -65.237976073999903, -44.385986327999944 ], [ -65.239501952999944, -44.386718749999886 ], [ -65.240600585999914, -44.386901854999849 ], [ -65.241699218999941, -44.386291503999985 ], [ -65.243225097999982, -44.385681152000018 ], [ -65.245300292999843, -44.385925292999957 ], [ -65.249084472999925, -44.387023925999927 ], [ -65.25030517599987, -44.387390136999841 ], [ -65.25109863299997, -44.388000487999989 ], [ -65.252502440999933, -44.387390137000011 ], [ -65.254821776999904, -44.386291503999985 ], [ -65.257080077999888, -44.38641357399996 ], [ -65.259277343999884, -44.387084960999914 ], [ -65.262878417999843, -44.389587402000018 ], [ -65.263793944999861, -44.390624999999886 ], [ -65.264709472999925, -44.391601562999881 ], [ -65.265991210999914, -44.392211913999915 ], [ -65.266784667999843, -44.39318847699991 ], [ -65.266906737999818, -44.394287108999833 ], [ -65.266723632999856, -44.395202637000011 ], [ -65.265502930000025, -44.3956909179999 ], [ -65.26428222699991, -44.39678955099987 ], [ -65.263977050999983, -44.39758300799997 ], [ -65.26452636699986, -44.398681640999826 ], [ -65.265991210999914, -44.398986815999933 ], [ -65.267211913999859, -44.399108887000011 ], [ -65.267700194999918, -44.399902343999941 ], [ -65.267883300999983, -44.401306151999904 ], [ -65.267211913999859, -44.401977538999859 ], [ -65.267395019999981, -44.402893065999933 ], [ -65.26818847699991, -44.403381347999925 ], [ -65.270202636999954, -44.404174805000025 ], [ -65.270019530999889, -44.405029296999942 ], [ -65.269592284999987, -44.405578612999932 ], [ -65.270080565999876, -44.406005859 ], [ -65.271789550999813, -44.405578612999932 ], [ -65.273010253999985, -44.405517577999944 ], [ -65.274108886999784, -44.406127929999911 ], [ -65.274291991999746, -44.406982422 ], [ -65.274414062999881, -44.407775878999814 ], [ -65.274902343999884, -44.408203125 ], [ -65.276123046999885, -44.40850830099987 ], [ -65.277587890999939, -44.40850830099987 ], [ -65.278808593999884, -44.409179687999881 ], [ -65.280029296999885, -44.409179687999881 ], [ -65.281188964999899, -44.40850830099987 ], [ -65.28166042791122, -44.408643004649434 ], [ -65.280243576798512, -44.402864971080305 ], [ -65.315033748886037, -44.421078864570177 ], [ -65.398342235948405, -44.481188906696673 ], [ -65.420723757022301, -44.447758941154746 ], [ -65.431742007333185, -44.449665594791668 ], [ -65.441989424159203, -44.451438859512507 ], [ -65.483760461591316, -44.50835126216873 ], [ -65.61879931234381, -44.654641560650134 ], [ -65.61882055403612, -44.654703231909139 ], [ -65.618523770774516, -44.656398031518677 ], [ -65.619201659999817, -44.657226562999881 ], [ -65.619689940999876, -44.658508300999983 ], [ -65.620300293000014, -44.659606933999839 ], [ -65.622192382999913, -44.660705565999876 ], [ -65.624694823999903, -44.661315917999843 ], [ -65.627502440999876, -44.661499022999806 ], [ -65.629577636999898, -44.662109374999943 ], [ -65.631774901999961, -44.662780761999898 ], [ -65.634521483999777, -44.664306640999939 ], [ -65.636901854999905, -44.665710449000017 ], [ -65.641479491999917, -44.668579101999853 ], [ -65.645385741999917, -44.671386719 ], [ -65.646911620999958, -44.673217772999976 ], [ -65.650390624999886, -44.675781249999886 ], [ -65.653198241999917, -44.677795409999931 ], [ -65.656616210999914, -44.681213378999928 ], [ -65.658691405999946, -44.683105469 ], [ -65.663879394999867, -44.687499999999886 ], [ -65.665527343999884, -44.689392089999842 ], [ -65.668579101999853, -44.693603515999882 ], [ -65.669311522999976, -44.696289062999938 ], [ -65.668579101999853, -44.698486327999944 ], [ -65.669128418000014, -44.700012206999986 ], [ -65.670410155999832, -44.7003784179999 ], [ -65.672180175999927, -44.7003784179999 ], [ -65.67468261699986, -44.701110840000013 ], [ -65.677978515999882, -44.7042846679999 ], [ -65.677185058999953, -44.705200194999975 ], [ -65.677001953, -44.706115722999868 ], [ -65.67779540999976, -44.707092284999931 ], [ -65.680419922, -44.708129882999913 ], [ -65.68249511699986, -44.709594726999967 ], [ -65.683593749999886, -44.711303710999971 ], [ -65.685791015999882, -44.714904784999931 ], [ -65.687805175999813, -44.717285155999889 ], [ -65.688781737999875, -44.71960449199986 ], [ -65.689819336000028, -44.721679687999881 ], [ -65.690185546999942, -44.72351074199986 ], [ -65.692810058999783, -44.728515624999886 ], [ -65.694396972999982, -44.734374999999829 ], [ -65.694885253999871, -44.737609862999875 ], [ -65.695190429999911, -44.73937988299997 ], [ -65.695129394999753, -44.74328613299997 ], [ -65.695007324000017, -44.746582031 ], [ -65.694580077999774, -44.748291016 ], [ -65.694519042999957, -44.75 ], [ -65.693908691, -44.753784180000025 ], [ -65.693603515999882, -44.755920409999931 ], [ -65.693298340000013, -44.75750732399996 ], [ -65.693176269999867, -44.759826659999931 ], [ -65.693603515999882, -44.763977050999983 ], [ -65.692993163999915, -44.769287108999947 ], [ -65.693481444999975, -44.771423339999956 ], [ -65.693786621000015, -44.772277831999872 ], [ -65.696105956999816, -44.775207519999981 ], [ -65.696594237999875, -44.777282714999899 ], [ -65.697204590000013, -44.779296874999943 ], [ -65.697387694999975, -44.782775878999928 ], [ -65.696899413999745, -44.785888672 ], [ -65.695312499999886, -44.78741455099987 ], [ -65.698120116999917, -44.789001464999899 ], [ -65.699279784999874, -44.789916991999974 ], [ -65.700988769999867, -44.791992188 ], [ -65.701110840000013, -44.793701172 ], [ -65.70147705099987, -44.796081542999957 ], [ -65.701599120999845, -44.799621581999929 ], [ -65.700683593999827, -44.800720214999899 ], [ -65.700683593999827, -44.801696776999847 ], [ -65.702087401999904, -44.802001952999888 ], [ -65.703491210999971, -44.801879882999913 ], [ -65.705078125, -44.802307128999814 ], [ -65.705993651999904, -44.802307128999814 ], [ -65.707092284999931, -44.801696776999847 ], [ -65.7081909179999, -44.801208495999958 ], [ -65.709106444999975, -44.80139160199991 ], [ -65.710083008000026, -44.802001952999888 ], [ -65.710510253999871, -44.802307128999814 ], [ -65.71179199199986, -44.802307128999814 ], [ -65.713378905999889, -44.80249023399989 ], [ -65.714477538999859, -44.802917479999962 ], [ -65.715515136999898, -44.803405761999954 ], [ -65.717712401999904, -44.804199218999884 ], [ -65.720092772999863, -44.805480956999872 ], [ -65.721008300999927, -44.806213378999814 ], [ -65.721801758000026, -44.807312011999954 ], [ -65.723083495999845, -44.808105468999884 ], [ -65.724487304999911, -44.808105468999884 ], [ -65.725402831999986, -44.808105468999884 ], [ -65.726684569999918, -44.80920410199991 ], [ -65.726989746000015, -44.810607909999987 ], [ -65.727600097999982, -44.816223144999981 ], [ -65.727294921999885, -44.821105956999872 ], [ -65.727294921999885, -44.822814940999876 ], [ -65.726806640999882, -44.826477050999927 ], [ -65.725280762000011, -44.827819823999903 ], [ -65.723876952999944, -44.829101563 ], [ -65.722778319999918, -44.830505370999902 ], [ -65.721801758000026, -44.831604003999928 ], [ -65.720275878999985, -44.832702636999898 ], [ -65.719177245999845, -44.833679198999846 ], [ -65.717102050999927, -44.837097167999957 ], [ -65.716979979999792, -44.838684081999986 ], [ -65.717529296999828, -44.839477538999915 ], [ -65.718688964999956, -44.83959960899989 ], [ -65.71960449199986, -44.839721679999855 ], [ -65.720581054999911, -44.838989257999913 ], [ -65.720703124999886, -44.837890624999886 ], [ -65.721801758000026, -44.837402343999884 ], [ -65.72351074199986, -44.837890624999886 ], [ -65.724487304999911, -44.838623047 ], [ -65.725708008000026, -44.840209961000028 ], [ -65.727478027000018, -44.842529297 ], [ -65.727600097999982, -44.843994140999882 ], [ -65.727783202999944, -44.845397949000017 ], [ -65.727111816, -44.848815917999843 ], [ -65.726013183999953, -44.850097655999946 ], [ -65.725097655999889, -44.852416991999917 ], [ -65.72430419899996, -44.853088378999871 ], [ -65.723876952999944, -44.854003905999946 ], [ -65.723815917999957, -44.856384276999904 ], [ -65.72241210899989, -44.857177734 ], [ -65.720581054999911, -44.8585815429999 ], [ -65.718994140999882, -44.859985351999967 ], [ -65.718200683999896, -44.860595703 ], [ -65.717895508000026, -44.861511229999905 ], [ -65.716979979999792, -44.862304687999824 ], [ -65.7152099609998, -44.863525390999939 ], [ -65.714477538999859, -44.864074706999816 ], [ -65.714477538999859, -44.866210937999824 ], [ -65.713806151999904, -44.867675780999889 ], [ -65.71258544899996, -44.869079589999956 ], [ -65.711181641, -44.86968994099982 ], [ -65.710388183999896, -44.870483397999919 ], [ -65.709411620999902, -44.870483397999919 ], [ -65.708801269999867, -44.870483397999919 ], [ -65.707275391, -44.871276854999849 ], [ -65.706726074000017, -44.872009276999961 ], [ -65.706726074000017, -44.872497558999953 ], [ -65.706298827999831, -44.872680663999915 ], [ -65.705200194999975, -44.873596191 ], [ -65.703796386999898, -44.874877929999911 ], [ -65.700500487999875, -44.876098633000026 ], [ -65.699096679999911, -44.876525878999928 ], [ -65.697692871000015, -44.876403808999953 ], [ -65.695312499999886, -44.875610352000024 ], [ -65.694824218999884, -44.873779296999885 ], [ -65.694274901999904, -44.873291015999882 ], [ -65.692504882999913, -44.872375487999989 ], [ -65.689697265999882, -44.872314453 ], [ -65.68920898399989, -44.872375487999989 ], [ -65.687988280999889, -44.873107909999931 ], [ -65.687194823999846, -44.87390136699986 ], [ -65.687011718999884, -44.874511719 ], [ -65.686279296999885, -44.875305175999927 ], [ -65.686279296999885, -44.876220703 ], [ -65.685485839999842, -44.876892089999956 ], [ -65.685913086000028, -44.877685546999885 ], [ -65.686584472999982, -44.87860107399996 ], [ -65.686096191, -44.879699706999986 ], [ -65.684875487999818, -44.880126953 ], [ -65.682983397999919, -44.879211425999813 ], [ -65.682006836000028, -44.87860107399996 ], [ -65.681091308999953, -44.879028319999861 ], [ -65.680603026999961, -44.879577636999841 ], [ -65.679077147999919, -44.879577637000011 ], [ -65.678405761999898, -44.87860107399996 ], [ -65.67749023399989, -44.878112792999957 ], [ -65.675109862999932, -44.878295897999919 ], [ -65.674499511999898, -44.878479003999985 ], [ -65.673278808999953, -44.879394530999889 ], [ -65.673095703, -44.880310058999953 ], [ -65.673278808999953, -44.880493163999915 ], [ -65.672912597999868, -44.880981444999804 ], [ -65.669677733999833, -44.880981444999804 ], [ -65.668823241999803, -44.881408691 ], [ -65.668212890999939, -44.882202147999919 ], [ -65.668701171999828, -44.882507323999846 ], [ -65.669311522999976, -44.882690429999911 ], [ -65.669311522999976, -44.883117675999813 ], [ -65.669311522999976, -44.883605956999986 ], [ -65.669799804999968, -44.883789062999938 ], [ -65.670410155999832, -44.883789062999938 ], [ -65.670898437999824, -44.883483887000011 ], [ -65.671508788999972, -44.883728026999961 ], [ -65.671691894999924, -44.884277343999941 ], [ -65.671691894999924, -44.885009765999882 ], [ -65.670715331999872, -44.886108397999919 ], [ -65.669128418000014, -44.887207030999946 ], [ -65.666809081999872, -44.888610839999842 ], [ -65.664306640999939, -44.889892577999944 ], [ -65.663208007999913, -44.890014647999919 ], [ -65.661376953, -44.889892577999944 ], [ -65.660888671999771, -44.889587401999904 ], [ -65.660827636999954, -44.88897705099987 ], [ -65.660217284999987, -44.888610839999842 ], [ -65.659301757999913, -44.889099121000015 ], [ -65.658874511999898, -44.889892577999944 ], [ -65.658325194999918, -44.890197753999871 ], [ -65.657775878999871, -44.890502929999911 ], [ -65.656677245999902, -44.890686034999874 ], [ -65.654174804999911, -44.890380858999833 ], [ -65.653076171999942, -44.890624999999886 ], [ -65.651428222999925, -44.890380858999833 ], [ -65.650878905999946, -44.889709472999982 ], [ -65.650390624999886, -44.888610839999842 ], [ -65.649902343999884, -44.888183593999941 ], [ -65.648010253999757, -44.8878784179999 ], [ -65.646911620999958, -44.887390137000011 ], [ -65.64428710899989, -44.886779784999874 ], [ -65.643310547, -44.885986327999944 ], [ -65.641906737999932, -44.885620116999917 ], [ -65.640197753999928, -44.884826659999817 ], [ -65.638488769999924, -44.884399413999915 ], [ -65.637207031, -44.883911132999913 ], [ -65.635314940999876, -44.883605956999986 ], [ -65.63391113299997, -44.883911132999913 ], [ -65.631896972999868, -44.883728026999961 ], [ -65.63031005900001, -44.883728026999961 ], [ -65.628784179999968, -44.883300780999889 ], [ -65.627990722999868, -44.882812499999886 ], [ -65.626708983999947, -44.882812499999886 ], [ -65.62530517599987, -44.885192871000015 ], [ -65.625427245999845, -44.885986327999944 ], [ -65.625183104999905, -44.888610839999842 ], [ -65.623901366999803, -44.890014647999919 ], [ -65.623229979999849, -44.88897705099987 ], [ -65.623107909999874, -44.888305663999915 ], [ -65.622375487999875, -44.887390137000011 ], [ -65.622680663999972, -44.885498046999942 ], [ -65.621093749999943, -44.884704589999842 ], [ -65.619079589999842, -44.884704589999842 ], [ -65.616210937999881, -44.885803222999982 ], [ -65.615600585999914, -44.886474608999833 ], [ -65.614074706999872, -44.887390137000011 ], [ -65.613403319999918, -44.888183593999941 ], [ -65.612304687999881, -44.88897705099987 ], [ -65.61077880900001, -44.889282226999967 ], [ -65.607910155999889, -44.891479491999974 ], [ -65.606811522999863, -44.892700194999975 ], [ -65.6066284179999, -44.893920897999919 ], [ -65.606018065999933, -44.896911621000015 ], [ -65.602600097999925, -44.897583007999856 ], [ -65.600891112999761, -44.898498534999874 ], [ -65.600280761999954, -44.900207519999867 ], [ -65.60137939499981, -44.902587891 ], [ -65.604309081999929, -44.903381347999925 ], [ -65.604980468999884, -44.903686522999863 ], [ -65.605407714999899, -44.903808593999827 ], [ -65.605712891, -44.904602050999927 ], [ -65.605712891, -44.905578612999818 ], [ -65.605895995999958, -44.905883788999859 ], [ -65.605895995999958, -44.906982421999885 ], [ -65.604492187999881, -44.90789794899996 ], [ -65.60247802699979, -44.906799315999933 ], [ -65.600585937999824, -44.906311034999931 ], [ -65.599487305000025, -44.906311034999931 ], [ -65.598388672, -44.903686522999863 ], [ -65.597229003999871, -44.902709960999971 ], [ -65.595092772999863, -44.902404784999931 ], [ -65.592529296999942, -44.902404784999931 ], [ -65.591491698999903, -44.901794433999896 ], [ -65.592224121000015, -44.901306151999904 ], [ -65.593505858999833, -44.8995971679999 ], [ -65.592590331999929, -44.898681641 ], [ -65.59289550799997, -44.896118163999802 ], [ -65.590881347999925, -44.895507812999938 ], [ -65.588317871000015, -44.895385741999974 ], [ -65.586181640999826, -44.894714355000019 ], [ -65.580078124999943, -44.894592284999874 ], [ -65.57757568400001, -44.895507812999938 ], [ -65.576652283179385, -44.895507812999938 ], [ -65.575238479816846, -44.903581426632968 ], [ -65.55599439360509, -44.915133782176611 ], [ -65.548488055948042, -44.916333188102215 ], [ -65.548127151399399, -44.916793699821085 ], [ -65.549106669253945, -44.916466832469609 ], [ -65.559116599402785, -44.919682348139361 ], [ -65.574237961048652, -44.912580927041972 ], [ -65.574610492293004, -44.912534066707735 ], [ -65.592636889501023, -44.911401691444155 ], [ -65.589538368487467, -44.916623535961833 ], [ -65.589606996849113, -44.916627211277159 ], [ -65.596815126184822, -44.917019474717108 ], [ -65.626819183608063, -44.92051611757239 ], [ -65.698559340265149, -44.913823436311532 ], [ -65.732765515982578, -44.89923478288739 ], [ -65.732813648702518, -44.899216549115408 ], [ -65.733064563561356, -44.899168574858322 ], [ -65.733112389031362, -44.899149671568011 ], [ -65.736335243327233, -44.898370812947917 ], [ -65.736382200848766, -44.898350936975646 ], [ -65.739213416012205, -44.89762583864939 ], [ -65.739259613223453, -44.897605195185633 ], [ -65.744707089204155, -44.896067602887285 ], [ -65.744751690339911, -44.896045357878677 ], [ -65.744955942695356, -44.895984142548116 ], [ -65.798854008092462, -44.936621375458174 ], [ -65.850544618323397, -44.912465542197936 ], [ -65.913814865999086, -44.986826496475317 ], [ -65.974171246993365, -44.92809055153765 ], [ -65.974236212041262, -44.928091856624462 ], [ -65.974731716797862, -44.928005992967769 ], [ -65.974764292179202, -44.928003389057153 ], [ -66.102261965819707, -44.915822906583912 ], [ -66.145925321989864, -44.973769060747827 ], [ -66.145968383410946, -44.973819782628709 ], [ -66.144600699519572, -44.974683494078647 ], [ -66.15801202805153, -44.989379828445806 ], [ -66.157287597999868, -44.988098144999924 ], [ -66.159301757999913, -44.985412597999925 ], [ -66.162597655999832, -44.985778808999953 ], [ -66.164428710999914, -44.987792968999884 ], [ -66.16320800799997, -44.990600586000028 ], [ -66.162597655999832, -44.992492675999813 ], [ -66.162065884803326, -44.993822105298364 ], [ -66.162226647716807, -44.993998271703106 ], [ -66.165588378999928, -44.993713378999814 ], [ -66.166503906, -44.99200439499981 ], [ -66.168395995999902, -44.991699218999884 ], [ -66.168212890999769, -44.992675780999946 ], [ -66.16662597699991, -44.994995116999917 ], [ -66.165163269167351, -44.997216265404745 ], [ -66.165419967247601, -44.997497558999839 ], [ -66.168579102000024, -44.997497558999839 ], [ -66.169128417999843, -44.996276855000019 ], [ -66.170410156, -44.995300292999843 ], [ -66.171997069999861, -44.996826171999885 ], [ -66.172302245999902, -44.999023437999881 ], [ -66.174499511999898, -44.997985840000013 ], [ -66.173706054999855, -44.995300292999843 ], [ -66.175109862999932, -44.993713378999814 ], [ -66.175292968999884, -44.991821288999859 ], [ -66.177612304999855, -44.991699218999884 ], [ -66.178283691, -44.990417479999962 ], [ -66.178100586000028, -44.989685058999953 ], [ -66.177001952999888, -44.989196776999961 ], [ -66.176696776999961, -44.987792968999884 ], [ -66.179626464999899, -44.987182616999917 ], [ -66.181823729999962, -44.986328124999829 ], [ -66.187499999999886, -44.982604979999905 ], [ -66.195007324000017, -44.982299804999855 ], [ -66.195678710999971, -44.984497069999861 ], [ -66.200195312999767, -44.988220214999899 ], [ -66.204589844, -44.991210938 ], [ -66.208984374999886, -44.994506836000028 ], [ -66.209411620999902, -44.995788574000017 ], [ -66.208984374999886, -44.997985840000013 ], [ -66.208984374999886, -44.99981689499981 ], [ -66.206909179999968, -45.002807616999917 ], [ -66.209106444999861, -45.003112792999843 ], [ -66.211425780999832, -45.002990722999868 ], [ -66.213012694999861, -45.003601074000017 ], [ -66.216186522999919, -45.00451660199991 ], [ -66.217712401999961, -45.005981444999975 ], [ -66.218078612999818, -45.007202147999976 ], [ -66.219787597999982, -45.007812499999943 ], [ -66.220581054999911, -45.006713866999917 ], [ -66.220825194999861, -45.005493163999972 ], [ -66.221801757999856, -45.005187987999875 ], [ -66.226013183999953, -45.00531005900001 ], [ -66.228698730000019, -45.007507324000017 ], [ -66.228515624999886, -45.008911132999913 ], [ -66.229980468999941, -45.010009765999939 ], [ -66.230895996000015, -45.011901854999905 ], [ -66.231628417999957, -45.012512206999872 ], [ -66.231079101999967, -45.013977050999927 ], [ -66.227111816, -45.017517089999899 ], [ -66.225891112999875, -45.018188476999853 ], [ -66.224792480000019, -45.01928710899989 ], [ -66.225524901999961, -45.020690917999957 ], [ -66.226196288999915, -45.021911620999902 ], [ -66.227722167999957, -45.022888183999953 ], [ -66.227905272999919, -45.02398681599982 ], [ -66.226623534999817, -45.02508544899996 ], [ -66.226379394999867, -45.026184081999986 ], [ -66.224182128999871, -45.027282714999842 ], [ -66.226013183999953, -45.028503417999957 ], [ -66.228881835999971, -45.028503417999957 ], [ -66.230102538999915, -45.029296874999886 ], [ -66.231018066, -45.028503417999957 ], [ -66.233520507999913, -45.02709960899989 ], [ -66.232727050999983, -45.025878905999889 ], [ -66.231384276999904, -45.024597167999957 ], [ -66.231506347999982, -45.023681640999882 ], [ -66.231994628999871, -45.023010253999928 ], [ -66.237182616999803, -45.020507813 ], [ -66.239074706999929, -45.02038574199986 ], [ -66.24108886699986, -45.020812987999932 ], [ -66.243225097999868, -45.02062988299997 ], [ -66.24499511699986, -45.020812987999932 ], [ -66.245605469, -45.021789550999927 ], [ -66.24578857399996, -45.022827147999976 ], [ -66.244812011999898, -45.023803711000028 ], [ -66.245178222999755, -45.025024413999972 ], [ -66.247497558999896, -45.02508544899996 ], [ -66.251892089999956, -45.025207519999924 ], [ -66.25280761699986, -45.026977538999915 ], [ -66.252197265999826, -45.027893066 ], [ -66.252685546999885, -45.028503417999957 ], [ -66.254028319999804, -45.028808593999884 ], [ -66.254394530999889, -45.029479980000019 ], [ -66.257629394999924, -45.029479980000019 ], [ -66.259216308999953, -45.030090331999986 ], [ -66.260192870999845, -45.031188964999842 ], [ -66.261108397999919, -45.032775878999871 ], [ -66.260681152000018, -45.033874512000011 ], [ -66.258789062999881, -45.035888671999942 ], [ -66.25952148399989, -45.037109374999886 ], [ -66.26037597699991, -45.038696288999915 ], [ -66.262207030999889, -45.040100097999982 ], [ -66.263610839999785, -45.039978026999904 ], [ -66.265991210999914, -45.041381835999971 ], [ -66.267578124999773, -45.041992187999938 ], [ -66.267517089999785, -45.043579101999967 ], [ -66.267211913999915, -45.044982909999874 ], [ -66.268493652000018, -45.046508788999802 ], [ -66.270812987999818, -45.047180175999927 ], [ -66.271179198999903, -45.047912597999868 ], [ -66.273681640999826, -45.048889159999931 ], [ -66.275024413999915, -45.048889159999931 ], [ -66.276184081999929, -45.049011229999905 ], [ -66.278076172, -45.049011229999905 ], [ -66.280395507999799, -45.048095702999831 ], [ -66.281677245999958, -45.047912597999868 ], [ -66.282592772999863, -45.048583984 ], [ -66.2824096679999, -45.04968261699986 ], [ -66.281982422, -45.05047607399996 ], [ -66.280212401999904, -45.051391601999967 ], [ -66.280395507999799, -45.052490234 ], [ -66.279296875, -45.052490234 ], [ -66.277709960999971, -45.052185058999896 ], [ -66.276611327999944, -45.05358886699986 ], [ -66.276184081999929, -45.055175780999889 ], [ -66.276611327999944, -45.055725097999868 ], [ -66.277587891, -45.055603026999904 ], [ -66.278198241999974, -45.056213378999871 ], [ -66.278381347999925, -45.057312011999898 ], [ -66.277282714999899, -45.059875487999989 ], [ -66.278076172, -45.059509276999904 ], [ -66.280212401999904, -45.056396484 ], [ -66.281311034999874, -45.056213378999871 ], [ -66.281799315999933, -45.055603026999904 ], [ -66.282104491999974, -45.054626465000013 ], [ -66.28271484399977, -45.054077147999863 ], [ -66.284301757999799, -45.0538940429999 ], [ -66.285217284999874, -45.054809569999975 ], [ -66.287109375, -45.055297851999967 ], [ -66.288208007999856, -45.056213378999871 ], [ -66.28887939499981, -45.057189940999933 ], [ -66.288208007999856, -45.0578002929999 ], [ -66.285278319999861, -45.059082030999889 ], [ -66.284790038999859, -45.060729979999905 ], [ -66.283874511999954, -45.0617065429999 ], [ -66.282775878999757, -45.062499999999886 ], [ -66.282287597999925, -45.063476562999881 ], [ -66.282287597999925, -45.064697265999882 ], [ -66.282592772999863, -45.06500244099982 ], [ -66.283203125, -45.065002440999933 ], [ -66.285705565999933, -45.064575194999918 ], [ -66.286499022999863, -45.062988280999889 ], [ -66.287109375, -45.059997558999896 ], [ -66.288208007999856, -45.059387206999816 ], [ -66.289428710999971, -45.059814452999831 ], [ -66.289306641, -45.060302734 ], [ -66.290710448999903, -45.060180663999859 ], [ -66.292907714999956, -45.059509276999904 ], [ -66.294189452999888, -45.05828857399996 ], [ -66.29357910199991, -45.05749511699986 ], [ -66.292297362999818, -45.056701659999931 ], [ -66.289794921999885, -45.056091308999896 ], [ -66.288391112999818, -45.055175780999889 ], [ -66.287292479999962, -45.053710937999938 ], [ -66.285888671999828, -45.052978516 ], [ -66.285095214999899, -45.052490234 ], [ -66.285095214999899, -45.051879882999856 ], [ -66.287902831999929, -45.051086425999927 ], [ -66.287902831999929, -45.05047607399996 ], [ -66.288391112999818, -45.049804687999938 ], [ -66.289611815999933, -45.049621581999872 ], [ -66.290283202999888, -45.049011229999905 ], [ -66.28991699199986, -45.048095702999831 ], [ -66.292602538999859, -45.046386718999827 ], [ -66.29357910199991, -45.046325683999839 ], [ -66.294982909999987, -45.046508788999802 ], [ -66.295593261999954, -45.046875 ], [ -66.296813964999956, -45.047180175999927 ], [ -66.297912597999755, -45.046691894999867 ], [ -66.299621581999759, -45.046691894999867 ], [ -66.300598144999981, -45.047485351999967 ], [ -66.301208495999788, -45.049926757999913 ], [ -66.302124022999863, -45.05047607399996 ], [ -66.303405761999841, -45.051025390999939 ], [ -66.307312011999841, -45.051086425999927 ], [ -66.308776854999905, -45.05047607399996 ], [ -66.307922362999989, -45.049377440999933 ], [ -66.307006835999914, -45.049011229999905 ], [ -66.306396483999947, -45.048217772999806 ], [ -66.306213378999985, -45.047607421999942 ], [ -66.306884765999939, -45.047119140999939 ], [ -66.308227538999915, -45.046508788999802 ], [ -66.308288573999903, -45.0460815429999 ], [ -66.310302733999947, -45.045715331999872 ], [ -66.311401366999974, -45.045104980000019 ], [ -66.315185547, -45.045410155999946 ], [ -66.315979003999928, -45.045898437999938 ], [ -66.317810058999839, -45.046508788999802 ], [ -66.318603515999826, -45.047607421999942 ], [ -66.318908690999876, -45.049194335999971 ], [ -66.319396972999868, -45.051086425999927 ], [ -66.320190429999855, -45.051879882999856 ], [ -66.321899413999859, -45.051696776999904 ], [ -66.323120116999974, -45.052185058999896 ], [ -66.324279784999817, -45.052307128999871 ], [ -66.323913573999903, -45.050415038999802 ], [ -66.324829101999967, -45.048889159999931 ], [ -66.325683593999884, -45.048217772999806 ], [ -66.326599120999958, -45.047607421999942 ], [ -66.32788085899989, -45.046508788999802 ], [ -66.327026366999974, -45.046325683999839 ], [ -66.326477050999983, -45.045410155999946 ], [ -66.327392577999888, -45.044128417999843 ], [ -66.328125, -45.043212890999882 ], [ -66.330200194999861, -45.042480468999827 ], [ -66.333190917999787, -45.0421752929999 ], [ -66.335998534999987, -45.041809081999986 ], [ -66.33770751999981, -45.042419433999839 ], [ -66.33959960899989, -45.043090819999975 ], [ -66.341308593999884, -45.044006347999868 ], [ -66.343505858999947, -45.044006347999868 ], [ -66.344726562999881, -45.043579101999967 ], [ -66.346008300999813, -45.042114257999913 ], [ -66.349182128999871, -45.041015624999886 ], [ -66.352111815999876, -45.041076659999874 ], [ -66.353210448999846, -45.039794921999942 ], [ -66.357482909999931, -45.040100097999982 ], [ -66.359008788999972, -45.040710448999846 ], [ -66.36108398399989, -45.041381835999971 ], [ -66.363891602000024, -45.041809081999986 ], [ -66.364559532999863, -45.041983324999819 ], [ -66.36529540999976, -45.0421752929999 ], [ -66.366699218999827, -45.042907715000013 ], [ -66.367492675999813, -45.043701171999942 ], [ -66.367614745999902, -45.044982909999874 ], [ -66.36608886699986, -45.0460815429999 ], [ -66.368591308999953, -45.046386718999827 ], [ -66.369628906, -45.047119140999939 ], [ -66.370483397999919, -45.048522949000017 ], [ -66.368713378999928, -45.049499511999898 ], [ -66.371582030999889, -45.049377440999933 ], [ -66.37280273399989, -45.05078125 ], [ -66.373229979999905, -45.052978516 ], [ -66.372680663999915, -45.056396484 ], [ -66.372192382999913, -45.057312011999898 ], [ -66.368408202999831, -45.058776854999962 ], [ -66.366394042999957, -45.059692382999856 ], [ -66.363403319999861, -45.060302734 ], [ -66.361999511999898, -45.060424804999968 ], [ -66.36138915999976, -45.061218261999898 ], [ -66.362304688, -45.061889647999863 ], [ -66.365722656, -45.0617065429999 ], [ -66.367675780999889, -45.060485839999956 ], [ -66.369506836000028, -45.059692382999856 ], [ -66.370727538999859, -45.059082030999889 ], [ -66.372009276999961, -45.058898925999927 ], [ -66.373596191, -45.058410644999867 ], [ -66.375793456999986, -45.058105469 ], [ -66.377014159999987, -45.057312011999898 ], [ -66.380187987999875, -45.056579589999956 ], [ -66.383300780999946, -45.056091308999896 ], [ -66.386291503999871, -45.055603026999904 ], [ -66.385986327999831, -45.054992675999927 ], [ -66.385009765999882, -45.0546875 ], [ -66.385986327999831, -45.053100585999971 ], [ -66.387390136999898, -45.052612304999968 ], [ -66.390686034999931, -45.052795409999931 ], [ -66.393310546999771, -45.052978516 ], [ -66.394104003999871, -45.053283690999933 ], [ -66.395507812999767, -45.05358886699986 ], [ -66.397583008000026, -45.05358886699986 ], [ -66.401000976999853, -45.055725097999868 ], [ -66.40319824199986, -45.056701659999931 ], [ -66.405212401999904, -45.057983397999863 ], [ -66.406494140999882, -45.059387206999816 ], [ -66.40600585899989, -45.061279296999885 ], [ -66.406677245999845, -45.062011719 ], [ -66.408874512000011, -45.062377929999911 ], [ -66.410095214999785, -45.06219482399996 ], [ -66.411682128999985, -45.062377929999911 ], [ -66.413513183999953, -45.062988280999889 ], [ -66.414978027000018, -45.06420898399989 ], [ -66.416198730000019, -45.06500244099982 ], [ -66.419006347999982, -45.066589354999849 ], [ -66.419616698999846, -45.06811523399989 ], [ -66.421386718999941, -45.069396972999982 ], [ -66.422912597999982, -45.070312499999886 ], [ -66.4249877929999, -45.070983887000011 ], [ -66.427001952999774, -45.070678710999914 ], [ -66.430114746000015, -45.071289062999881 ], [ -66.431213378999871, -45.072509765999882 ], [ -66.432312011999841, -45.073303222999982 ], [ -66.43389892599987, -45.072998046999885 ], [ -66.434509276999904, -45.073425292999957 ], [ -66.43640136699986, -45.073791503999985 ], [ -66.438903808999896, -45.074401855000019 ], [ -66.44140625, -45.074279784999874 ], [ -66.442077636999954, -45.072998046999885 ], [ -66.4445190429999, -45.072692871000015 ], [ -66.447509765999826, -45.07312011699986 ], [ -66.450012206999816, -45.073181152000018 ], [ -66.455810546999885, -45.074401855000019 ], [ -66.462524413999915, -45.076599121000015 ], [ -66.466186522999806, -45.078308104999849 ], [ -66.467590331999872, -45.0792846679999 ], [ -66.470092772999863, -45.08038330099987 ], [ -66.471496581999929, -45.081298827999944 ], [ -66.475097656, -45.083923339999842 ], [ -66.478210448999903, -45.085693358999833 ], [ -66.479187011999954, -45.087402343999941 ], [ -66.478881835999857, -45.089111327999944 ], [ -66.479675292999787, -45.091186522999863 ], [ -66.479492187999824, -45.092590331999929 ], [ -66.481079101999853, -45.092712401999904 ], [ -66.482788085999857, -45.09210205099987 ], [ -66.484924315999933, -45.092895507999856 ], [ -66.486999511999954, -45.093322753999871 ], [ -66.488708495999958, -45.094299315999933 ], [ -66.48968505900001, -45.095520019999867 ], [ -66.490600585999914, -45.097106933999896 ], [ -66.491027831999929, -45.098083495999958 ], [ -66.492309569999918, -45.09851074199986 ], [ -66.494384765999939, -45.098022460999971 ], [ -66.495422362999989, -45.097290038999859 ], [ -66.496093749999943, -45.098022460999971 ], [ -66.49749755900001, -45.098327636999898 ], [ -66.499084472999868, -45.098083495999958 ], [ -66.500183104999905, -45.097106933999896 ], [ -66.501281737999875, -45.096496581999929 ], [ -66.502990722999868, -45.096496581999929 ], [ -66.50421142599987, -45.096801757999856 ], [ -66.50811767599987, -45.096191405999889 ], [ -66.510375977000024, -45.095275878999814 ], [ -66.512878417999957, -45.095703125 ], [ -66.51928710899989, -45.101501464999956 ], [ -66.521301269999924, -45.104675293000014 ], [ -66.524108886999954, -45.10711669899996 ], [ -66.526489257999913, -45.108703612999818 ], [ -66.530029296999828, -45.112976073999903 ], [ -66.532104491999917, -45.11859130900001 ], [ -66.533325194999861, -45.124877929999855 ], [ -66.533508300999983, -45.132385253999928 ], [ -66.532287597999868, -45.137695313 ], [ -66.528808593999884, -45.143981933999839 ], [ -66.525817870999958, -45.146789550999983 ], [ -66.522888183999783, -45.148986815999876 ], [ -66.519714354999905, -45.149780272999806 ], [ -66.516418456999872, -45.147705077999888 ], [ -66.515502929999855, -45.146911620999958 ], [ -66.513305663999802, -45.146423339999956 ], [ -66.511108397999976, -45.14709472699991 ], [ -66.508605956999872, -45.146606444999918 ], [ -66.504699706999872, -45.147583007999913 ], [ -66.503295897999976, -45.147277831999872 ], [ -66.502807616999803, -45.145629882999856 ], [ -66.501525878999985, -45.144592284999987 ], [ -66.499877929999968, -45.144592284999987 ], [ -66.498718261999841, -45.145019530999889 ], [ -66.494995116999746, -45.145080565999876 ], [ -66.493408202999888, -45.146301269999981 ], [ -66.491027831999929, -45.148010253999814 ], [ -66.486328125, -45.148010253999814 ], [ -66.480407714999899, -45.146728516 ], [ -66.475219726999967, -45.145690917999843 ], [ -66.472412108999833, -45.145202636999954 ], [ -66.470397948999903, -45.145080565999876 ], [ -66.469604491999974, -45.144409180000025 ], [ -66.467285156, -45.143981933999839 ], [ -66.466003417999843, -45.144104003999928 ], [ -66.465576172, -45.143676757999913 ], [ -66.462524413999915, -45.143676757999913 ], [ -66.461486815999876, -45.145080565999876 ], [ -66.460815429999911, -45.146118163999859 ], [ -66.458129883000026, -45.146301269999981 ], [ -66.457275390999769, -45.146728516 ], [ -66.457275390999769, -45.147521972999925 ], [ -66.458618163999915, -45.149108886999954 ], [ -66.460998534999874, -45.149291991999917 ], [ -66.463012694999748, -45.151184081999872 ], [ -66.464599608999777, -45.151611327999888 ], [ -66.465881347999868, -45.151916503999985 ], [ -66.467285156, -45.152587890999939 ], [ -66.467224121000015, -45.153198241999917 ], [ -66.465209960999914, -45.153991699000017 ], [ -66.465393065999876, -45.15490722699991 ], [ -66.468383788999859, -45.15570068400001 ], [ -66.467712401999847, -45.156494140999939 ], [ -66.465393065999876, -45.158386229999905 ], [ -66.465393065999876, -45.159729003999985 ], [ -66.466186522999806, -45.161010741999917 ], [ -66.468200683999896, -45.161804198999903 ], [ -66.470092772999863, -45.161987304999968 ], [ -66.470825194999804, -45.162902831999872 ], [ -66.471191406, -45.164184569999861 ], [ -66.471374511999954, -45.164794922 ], [ -66.473083495999958, -45.164794922 ], [ -66.475402831999929, -45.165283203 ], [ -66.476013183999896, -45.164001464999899 ], [ -66.477111815999933, -45.16351318400001 ], [ -66.480712891, -45.164184569999861 ], [ -66.482910155999832, -45.164001464999899 ], [ -66.484374999999886, -45.163391112999932 ], [ -66.485595702999888, -45.162109374999943 ], [ -66.486389159999987, -45.161804198999903 ], [ -66.486816405999889, -45.161193847999868 ], [ -66.488525391, -45.161193847999868 ], [ -66.48968505900001, -45.160400390999939 ], [ -66.490783690999876, -45.159118652000018 ], [ -66.491516112999989, -45.158874511999898 ], [ -66.492675780999946, -45.159179687999824 ], [ -66.491699218999884, -45.160522460999914 ], [ -66.492614745999788, -45.161804198999903 ], [ -66.491577147999976, -45.162780761999898 ], [ -66.490478515999939, -45.16320800799997 ], [ -66.490295409999987, -45.164123534999874 ], [ -66.489074706999872, -45.166381835999857 ], [ -66.489501952999888, -45.166809081999872 ], [ -66.491027831999929, -45.166687011999898 ], [ -66.491882324000017, -45.165893554999968 ], [ -66.492004394999981, -45.165100097999868 ], [ -66.493225097999755, -45.165222168000014 ], [ -66.494201659999987, -45.164489745999902 ], [ -66.495422362999989, -45.164611815999876 ], [ -66.496887206999872, -45.164489745999902 ], [ -66.497802733999947, -45.164978026999961 ], [ -66.498901366999803, -45.164306640999939 ], [ -66.50140380900001, -45.164184569999861 ], [ -66.504394530999832, -45.164978026999961 ], [ -66.505920409999874, -45.163818358999947 ], [ -66.505981444999861, -45.162292479999905 ], [ -66.505615233999947, -45.159729003999985 ], [ -66.507324218999941, -45.158996581999872 ], [ -66.507080078, -45.158081054999968 ], [ -66.505981444999861, -45.156494140999939 ], [ -66.506713866999974, -45.156005858999947 ], [ -66.506591797, -45.155517577999888 ], [ -66.50891113299997, -45.153808593999884 ], [ -66.511291503999928, -45.153076171999942 ], [ -66.511596679999798, -45.152282715000013 ], [ -66.514709472999868, -45.151977538999972 ], [ -66.516784667999957, -45.153198241999917 ], [ -66.518615722999925, -45.153808593999884 ], [ -66.520812987999932, -45.153076171999942 ], [ -66.521911620999958, -45.152221680000025 ], [ -66.523010253999757, -45.151306151999847 ], [ -66.530029296999828, -45.151184081999872 ], [ -66.532104491999917, -45.150512694999918 ], [ -66.535095215000013, -45.151184081999872 ], [ -66.537109374999943, -45.152404784999987 ], [ -66.538208007999913, -45.152587890999939 ], [ -66.538208007999913, -45.15100097699991 ], [ -66.539306640999939, -45.148986815999876 ], [ -66.541015624999943, -45.146301269999981 ], [ -66.544189453, -45.143615722999925 ], [ -66.547485351999853, -45.141601562999881 ], [ -66.544189453, -45.139709472999925 ], [ -66.544311522999976, -45.137390136999954 ], [ -66.545898437999824, -45.137390136999954 ], [ -66.54937744099982, -45.139587401999961 ], [ -66.55438232399996, -45.143005370999958 ], [ -66.559387206999986, -45.143920897999863 ], [ -66.559509276999961, -45.143005370999958 ], [ -66.562988280999889, -45.141906737999818 ], [ -66.564025878999928, -45.14318847699991 ], [ -66.565185546999885, -45.143676757999913 ], [ -66.566711425999813, -45.142700194999861 ], [ -66.571411132999913, -45.143005370999958 ], [ -66.572509765999882, -45.142089843999884 ], [ -66.573181151999904, -45.140808104999962 ], [ -66.577697753999871, -45.140319823999903 ], [ -66.578613280999946, -45.142089843999884 ], [ -66.580078125, -45.141296386999954 ], [ -66.581481933999896, -45.139709472999925 ], [ -66.584228515999939, -45.138793944999861 ], [ -66.586120604999905, -45.138610839999899 ], [ -66.587829590000013, -45.138305663999859 ], [ -66.59069824199986, -45.138122558999896 ], [ -66.593505859, -45.138610839999899 ], [ -66.5949096679999, -45.139221190999933 ], [ -66.596679687999881, -45.139099120999958 ], [ -66.597900390999882, -45.140075683999839 ], [ -66.598876952999888, -45.141601562999881 ], [ -66.598876952999888, -45.142517089999899 ], [ -66.600585937999881, -45.143981933999839 ], [ -66.598693847999812, -45.145019530999889 ], [ -66.599487304999911, -45.146301269999981 ], [ -66.598999022999863, -45.148376465000013 ], [ -66.597412108999833, -45.148681640999939 ], [ -66.597106933999896, -45.150085449000017 ], [ -66.595703124999829, -45.151123046999885 ], [ -66.59460449199986, -45.151184081999872 ], [ -66.594482421999885, -45.152587890999939 ], [ -66.594177245999788, -45.153625487999818 ], [ -66.592895508000026, -45.154785155999946 ], [ -66.591308594, -45.155212401999847 ], [ -66.590209960999971, -45.156494140999939 ], [ -66.589111328, -45.157897949000017 ], [ -66.588012694999975, -45.158020019999981 ], [ -66.585083007999856, -45.156677245999902 ], [ -66.581787109, -45.156799315999876 ], [ -66.582092284999874, -45.158203124999943 ], [ -66.583496093999827, -45.159301757999913 ], [ -66.585693359, -45.160095214999899 ], [ -66.588378905999889, -45.159912108999947 ], [ -66.589111328, -45.159729003999985 ], [ -66.59069824199986, -45.15960693400001 ], [ -66.592895508000026, -45.160827636999841 ], [ -66.5949096679999, -45.160705565999876 ], [ -66.597412108999833, -45.162109374999943 ], [ -66.597412108999833, -45.16351318400001 ], [ -66.596008300999927, -45.165405272999976 ], [ -66.594421386999898, -45.166503905999832 ], [ -66.593994140999826, -45.168090819999861 ], [ -66.592712401999904, -45.171203612999932 ], [ -66.590576171999885, -45.171508788999972 ], [ -66.589294433999896, -45.171813964999899 ], [ -66.58758544899996, -45.172485352000024 ], [ -66.586975097999755, -45.173400878999928 ], [ -66.58679199199986, -45.174804688 ], [ -66.585998534999931, -45.174987792999957 ], [ -66.583312987999875, -45.173400878999928 ], [ -66.578979491999803, -45.171081542999957 ], [ -66.578613280999946, -45.168701171999828 ], [ -66.578979491999803, -45.167480469 ], [ -66.5792846679999, -45.166503905999832 ], [ -66.577392577999774, -45.16711425799997 ], [ -66.576782226999967, -45.168212890999939 ], [ -66.575622558999783, -45.168579102000024 ], [ -66.572509765999882, -45.167724608999947 ], [ -66.569580077999944, -45.17022705099987 ], [ -66.567687987999875, -45.170593261999898 ], [ -66.566894530999889, -45.171508788999972 ], [ -66.564514159999817, -45.171997069999861 ], [ -66.56420898399989, -45.172729491999974 ], [ -66.565185546999885, -45.173095703 ], [ -66.56530761699986, -45.173889159999817 ], [ -66.565490722999982, -45.174987792999957 ], [ -66.567199706999986, -45.176208495999902 ], [ -66.566406249999886, -45.177307128999928 ], [ -66.565185546999885, -45.177001952999888 ], [ -66.563476562999881, -45.176025390999826 ], [ -66.561706542999957, -45.178405761999954 ], [ -66.559997558999953, -45.177978515999882 ], [ -66.558715819999861, -45.178283691 ], [ -66.558227538999802, -45.178894042999957 ], [ -66.557800292999957, -45.177978515999882 ], [ -66.555480956999986, -45.177978515999882 ], [ -66.555175780999889, -45.178710938 ], [ -66.554016112999932, -45.178710938 ], [ -66.550598144999924, -45.176879882999913 ], [ -66.549804687999824, -45.177612304999855 ], [ -66.549621581999872, -45.178405761999954 ], [ -66.548706054999968, -45.178710938 ], [ -66.5460815429999, -45.177612304999855 ], [ -66.545410155999775, -45.178283691 ], [ -66.544677734, -45.177429198999903 ], [ -66.543579101999796, -45.177612304999855 ], [ -66.54241943400001, -45.178283691 ], [ -66.541320800999813, -45.178588866999917 ], [ -66.539978026999904, -45.177978515999882 ], [ -66.53851318400001, -45.176818847999925 ], [ -66.537292479999905, -45.175781249999886 ], [ -66.535095215000013, -45.175109862999932 ], [ -66.533203124999886, -45.17547607399996 ], [ -66.533996581999872, -45.176391602000024 ], [ -66.53381347699991, -45.17749023399989 ], [ -66.534484862999875, -45.178527831999929 ], [ -66.536376952999831, -45.179382323999846 ], [ -66.536804199000017, -45.179992675999813 ], [ -66.535217284999987, -45.180603026999961 ], [ -66.531677245999845, -45.180725097999925 ], [ -66.531311034999987, -45.181518555000025 ], [ -66.531616210999857, -45.182922362999932 ], [ -66.53021240199979, -45.184509276999961 ], [ -66.528015136999954, -45.184997558999953 ], [ -66.527282715000013, -45.185607909999987 ], [ -66.526123047, -45.187194823999846 ], [ -66.526611327999888, -45.189697265999882 ], [ -66.526184081999816, -45.190917968999884 ], [ -66.524902343999884, -45.192382812999938 ], [ -66.524475097999982, -45.192504882999913 ], [ -66.522705077999888, -45.191711425999983 ], [ -66.520324706999929, -45.191406249999886 ], [ -66.518310547, -45.192810058999839 ], [ -66.518615722999925, -45.193481444999975 ], [ -66.520202636999954, -45.194702147999806 ], [ -66.519409179999855, -45.196411132999913 ], [ -66.518310547, -45.196777344 ], [ -66.517089843999884, -45.197082519999867 ], [ -66.51647949199986, -45.197509765999939 ], [ -66.514709472999868, -45.197204590000013 ], [ -66.513610839999899, -45.197204590000013 ], [ -66.512207031, -45.196777344 ], [ -66.511718749999773, -45.197998046999942 ], [ -66.513000487999932, -45.199584960999971 ], [ -66.514709472999868, -45.200683594 ], [ -66.515686034999817, -45.201904296999942 ], [ -66.517578124999886, -45.202575683999896 ], [ -66.517700194999861, -45.202880859 ], [ -66.517517089999899, -45.203796386999898 ], [ -66.518005370999902, -45.2042846679999 ], [ -66.520019531, -45.203918456999872 ], [ -66.522827147999863, -45.205627440999876 ], [ -66.523010253999757, -45.206787109 ], [ -66.522277831999986, -45.208007812999824 ], [ -66.520202636999954, -45.211303710999857 ], [ -66.518981933999953, -45.212524413999972 ], [ -66.517211913999859, -45.214111328 ], [ -66.517883300999813, -45.215209960999857 ], [ -66.517211913999859, -45.21649169899996 ], [ -66.51928710899989, -45.217407227000024 ], [ -66.518493651999961, -45.218322753999928 ], [ -66.5175042631476, -45.218927381221135 ], [ -66.520315398277262, -45.221524208506878 ], [ -66.520544330479538, -45.221595240082138 ], [ -66.520741685400822, -45.221649803716218 ], [ -66.521121322805811, -45.221745337780249 ], [ -66.524753054954942, -45.22170910558043 ], [ -66.52630615199979, -45.221191405999889 ], [ -66.527526854999962, -45.221618651999961 ], [ -66.528808593999884, -45.221496581999986 ], [ -66.529174804999911, -45.220886229999849 ], [ -66.53100585899989, -45.220275878999985 ], [ -66.53302001999981, -45.220581054999911 ], [ -66.533316211374711, -45.220951294066765 ], [ -66.549333006423751, -45.216116785162228 ], [ -66.549011229999905, -45.215209960999857 ], [ -66.550598144999924, -45.213989258000026 ], [ -66.551696776999904, -45.213623046999828 ], [ -66.553710938, -45.213500976999853 ], [ -66.554504394999924, -45.214294433999953 ], [ -66.555216598445213, -45.214340881934902 ], [ -66.557640249417659, -45.213609327203073 ], [ -66.560020182382175, -45.213701988621438 ], [ -66.560119628999928, -45.212707519999924 ], [ -66.560913086000028, -45.21258544899996 ], [ -66.56140136699986, -45.212219237999932 ], [ -66.565002441, -45.212280272999919 ], [ -66.565917968999884, -45.211975097999812 ], [ -66.566894530999889, -45.212097167999957 ], [ -66.570190429999911, -45.21179199199986 ], [ -66.571716308999783, -45.212829589999899 ], [ -66.573913574000017, -45.212707519999924 ], [ -66.575500487999875, -45.212280272999919 ], [ -66.578308104999849, -45.21148681599982 ], [ -66.580200194999975, -45.212097167999957 ], [ -66.581604003999871, -45.211975097999812 ], [ -66.582702636999898, -45.212402344 ], [ -66.585021972999868, -45.214111328 ], [ -66.584897694328504, -45.214670581257565 ], [ -66.588354194703243, -45.214805158253 ], [ -66.589477538999859, -45.214111328 ], [ -66.592407226999796, -45.214416503999928 ], [ -66.597229003999871, -45.214477538999915 ], [ -66.597778319999918, -45.213623046999828 ], [ -66.599609374999886, -45.213684081999816 ], [ -66.600280761999841, -45.214294433999953 ], [ -66.602783202999944, -45.214721679999968 ], [ -66.604125977000024, -45.213317870999902 ], [ -66.605590819999918, -45.212890624999886 ], [ -66.608398437999881, -45.212524413999972 ], [ -66.611511230000019, -45.212524413999972 ], [ -66.61389160199991, -45.212524413999972 ], [ -66.617675781, -45.213195800999927 ], [ -66.619201659999874, -45.213500976999853 ], [ -66.623901366999974, -45.214477538999915 ], [ -66.624694823999903, -45.214782714999956 ], [ -66.626098632999799, -45.214782714999956 ], [ -66.626403808999896, -45.215209960999857 ], [ -66.62890625, -45.21569824199986 ], [ -66.631103516, -45.213806151999961 ], [ -66.635681151999847, -45.213500976999853 ], [ -66.640380858999947, -45.213317870999902 ], [ -66.644775390999939, -45.213623046999828 ], [ -66.647705077999888, -45.214477538999915 ], [ -66.649719237999989, -45.212524413999972 ], [ -66.654296874999943, -45.211608886999898 ], [ -66.657897948999903, -45.211303710999857 ], [ -66.663696288999859, -45.211608886999898 ], [ -66.669189452999888, -45.213500976999853 ], [ -66.673138815718801, -45.214524885608796 ], [ -66.683225654365287, -45.21425325374031 ], [ -66.765289245616998, -45.208323177458396 ], [ -66.884390645833889, -45.22789022411007 ], [ -66.899418700012916, -45.235229169722174 ], [ -66.897247232646805, -45.222919883151008 ], [ -66.93042198419505, -45.241277847230208 ], [ -66.907505849077381, -45.206931089503883 ], [ -67.028662796102481, -45.180881231935302 ], [ -67.087688403078744, -45.194547391154515 ], [ -67.071530090674571, -45.273969569667315 ], [ -67.065246810406109, -45.309571126227524 ], [ -67.062398586976485, -45.329118963744293 ], [ -67.062353058873441, -45.329095950347323 ], [ -67.062342457117154, -45.329093869088808 ], [ -67.062211725837926, -45.329103315987822 ], [ -67.062421316545567, -45.329134126496967 ], [ -67.085363595984461, -45.331923558087851 ], [ -67.085438518648061, -45.331928381329021 ], [ -67.08624731387539, -45.332007731358658 ], [ -67.132409104640487, -45.353914713169047 ], [ -67.281070342963574, -45.387430252406034 ], [ -67.319696159949729, -45.337689442632779 ], [ -67.319747654422429, -45.337673842388369 ], [ -67.319827278756748, -45.337561984058198 ], [ -67.319877957065671, -45.337543478001805 ], [ -67.320124715586473, -45.337591263205695 ], [ -67.368028333193706, -45.373758061028695 ], [ -67.341772345116055, -45.402537300197537 ], [ -67.44897975693118, -45.436584820505402 ], [ -67.535056427203301, -45.468797501521635 ], [ -67.53512051761021, -45.468830285186925 ], [ -67.534242641287221, -45.463502025628543 ], [ -67.572126476286996, -45.484437488337505 ], [ -67.593472923823867, -45.497700411304209 ], [ -67.58076732964571, -45.485548424695139 ], [ -67.574734483171426, -45.477065573429627 ], [ -67.574699816499731, -45.477048876080914 ], [ -67.520957815519751, -45.43866125379094 ], [ -67.520893725112899, -45.438628470125536 ], [ -67.417149444036738, -45.357118763394794 ], [ -67.417100405863437, -45.357082371395506 ], [ -67.392983974141373, -45.325410298044858 ], [ -67.379428590942098, -45.261186132600301 ], [ -67.425176736671972, -45.210725462924415 ], [ -67.332136126101489, -45.166896926529375 ], [ -67.325916642251968, -45.186694373864498 ], [ -67.306208047329847, -45.182296892640807 ], [ -67.299260318321387, -45.177065358199911 ], [ -67.221456672724628, -45.099747963242407 ], [ -67.236545490614503, -45.070663956502472 ], [ -67.351669313957927, -44.895818795790035 ], [ -67.2492323774797, -44.753210394454186 ], [ -67.114690404311375, -44.749025358088829 ], [ -67.064574586406707, -44.578671365959224 ], [ -67.068178742766918, -44.577497911187038 ], [ -67.151777748440679, -44.604404377986441 ], [ -67.207453566901279, -44.546849839560139 ], [ -67.207527527383832, -44.546850814276638 ], [ -67.22640399944305, -44.544655548488208 ], [ -67.226442595112985, -44.544656376004752 ], [ -67.238089737023927, -44.543308252081033 ], [ -67.225487862018042, -44.536874372001762 ], [ -67.212376964957741, -44.542345844454132 ], [ -67.223687973552444, -44.532345578086961 ], [ -67.118697467232778, -44.524907904863767 ], [ -67.118666917046482, -44.524907754590288 ], [ -67.118636371139246, -44.524908287524966 ], [ -67.091428403772511, -44.466188177609865 ], [ -67.041244511207879, -44.390040898577809 ], [ -66.751965513202151, -44.035157634895711 ], [ -66.711068490485673, -44.042057476737227 ], [ -66.769177228480942, -43.94514010244194 ], [ -66.793560293805626, -43.940100217604765 ], [ -66.894070661197986, -43.878868012854014 ], [ -66.909317324104336, -43.914034224511965 ], [ -67.244826142601369, -44.064235257980897 ], [ -67.50702210178008, -43.942068260398628 ], [ -67.576500504866317, -43.92467267975502 ], [ -67.675510690747615, -43.958903606544595 ], [ -67.680424388576228, -43.89894421871827 ], [ -67.724670122878592, -43.8736162870008 ], [ -67.824293847295678, -43.851422589832509 ], [ -67.962481389148479, -43.895672592763162 ], [ -67.96386498722768, -43.89520886677866 ], [ -67.967757044716734, -43.857975099888733 ], [ -68.050083614172195, -43.844547113959322 ], [ -67.982957188503633, -43.848392257178546 ], [ -67.937755096438536, -43.807093267126106 ], [ -67.937721699767224, -43.807102948273837 ], [ -67.936598955121099, -43.806882437147294 ], [ -67.674408368959348, -43.640997339221542 ], [ -67.667081186901555, -43.652300592572544 ], [ -67.620172586781678, -43.64720746130763 ], [ -67.668518121647082, -43.552570813291197 ], [ -67.716816640848549, -43.478063261177397 ], [ -67.555890738953678, -43.461532337780056 ], [ -67.451009854652398, -43.447069188116188 ], [ -67.389515611424713, -43.445567491279235 ], [ -67.329236586087177, -43.437715944721731 ], [ -67.348287495584771, -43.354823871368751 ], [ -67.154763623948156, -43.183210803570432 ], [ -67.211934499949621, -43.163612509073403 ], [ -67.213702509457846, -43.119948699738359 ], [ -67.208036282216653, -43.102665584567433 ], [ -67.175229804346202, -43.105278117486648 ], [ -67.106812744457784, -43.10679207879457 ], [ -66.996914915698255, -42.97324783368714 ], [ -66.820353147401647, -42.871288010380283 ], [ -66.675978695825279, -42.592690921789654 ], [ -66.762721871813937, -42.575437564324545 ], [ -66.762747803772129, -42.575396352350424 ], [ -66.830546280532076, -42.544654100756532 ], [ -66.855098745465511, -42.595895147266674 ], [ -66.854571849415265, -42.597413905162398 ], [ -66.857022601564665, -42.59567778700216 ], [ -66.831072407606086, -42.544281391191475 ], [ -66.869839153736564, -42.485332458458061 ], [ -66.870075292793558, -42.485149990236266 ], [ -66.870109860115917, -42.485137197221263 ], [ -66.899331604674671, -42.456894270543216 ], [ -66.86655650287048, -42.474204567517802 ], [ -66.866171871511028, -42.474285875796568 ], [ -66.842495082134633, -42.475136237990569 ], [ -66.84242631688835, -42.475138523481576 ], [ -66.822796142211359, -42.471793218970845 ], [ -66.805650844495858, -42.437896299779993 ], [ -66.783329139224918, -42.443562555874905 ], [ -66.755661531842065, -42.496231280294012 ], [ -66.737840614058427, -42.496444714506708 ], [ -66.679462727081216, -42.455043204443427 ], [ -66.617573945048775, -42.360089321572787 ], [ -66.563717029075747, -42.432212724147575 ], [ -66.471666405291899, -42.362743000767409 ], [ -66.473098067587102, -42.286309309827573 ], [ -66.473127350144409, -42.28627708546918 ], [ -66.428928954225114, -42.199943404781266 ], [ -66.438644158071952, -42.167925192808582 ], [ -66.438677107744525, -42.167886594425511 ], [ -66.516849298039517, -42.162459751647361 ], [ -66.525708116715293, -42.06514346591598 ], [ -66.512157531935429, -42.067876439535667 ], [ -66.49731881622921, -42.08142757520136 ], [ -66.49056147407839, -42.066884703906055 ], [ -66.476168989277653, -42.095657823405702 ], [ -66.420446401423703, -42.056965883375653 ], [ -66.394527313593642, -42.136333474227797 ], [ -66.37989484467721, -42.136407533028091 ], [ -66.284519504117895, -42.102440916485705 ], [ -66.164251024527971, -41.965762331669737 ], [ -65.945790600364717, -41.80310859494034 ], [ -66.078845634487777, -41.685524420929596 ], [ -66.077588450557244, -41.680657231592591 ], [ -66.089482760703106, -41.675106900011599 ], [ -66.089671308535742, -41.669156852080505 ], [ -66.093319063120191, -41.668251912162248 ], [ -66.093395499518294, -41.668234297399238 ], [ -66.093458371033307, -41.668165018958746 ], [ -66.094777390858326, -41.667859772960924 ], [ -66.096106934690056, -41.667552091509947 ], [ -66.096180634936218, -41.667906876857899 ], [ -66.096268729284759, -41.667879359809888 ], [ -66.09626650351845, -41.667511895135021 ], [ -66.096730015024946, -41.667406730747132 ], [ -66.096399699896608, -41.667171024022707 ], [ -66.095833625218006, -41.667202019810873 ], [ -66.094775409134741, -41.667855757011239 ], [ -66.095044719790735, -41.666730161848307 ], [ -66.093178645820274, -41.665858725623309 ], [ -66.092080747856699, -41.667653713286199 ], [ -66.0920772452655, -41.667656157380975 ], [ -66.088980457389596, -41.668001073365474 ], [ -66.089564820143607, -41.665895878193055 ], [ -66.089648562241223, -41.665968136284846 ], [ -66.089610677963378, -41.665867306066616 ], [ -66.089564810706975, -41.665895853077245 ], [ -66.089564818108443, -41.665895815527733 ], [ -66.089641909795944, -41.665709936641065 ], [ -66.090607141317321, -41.665293680806712 ], [ -66.08921358605528, -41.663258279742308 ], [ -66.086015374318265, -41.664926094345105 ], [ -66.083034948531463, -41.663954055880879 ], [ -66.082074979889114, -41.666201977966523 ], [ -66.077252589189015, -41.663343311969584 ], [ -66.077157861865714, -41.662998317471931 ], [ -66.077333797094013, -41.662978391160209 ], [ -66.07636498314605, -41.661582343627686 ], [ -66.051834937758315, -41.614345082538023 ], [ -65.800093134571966, -41.527926232853872 ], [ -65.756154468929253, -41.512842798070096 ], [ -65.756135086513609, -41.512843045172531 ], [ -65.752487202187865, -41.511378235539837 ], [ -65.724939848767804, -41.494866615569265 ], [ -65.772534906776741, -41.37065410616583 ], [ -65.767889922029838, -41.33612844347499 ], [ -65.737423030106925, -41.244050728670118 ], [ -65.649465487947566, -41.272648409010117 ], [ -65.605806874465543, -41.24067655631427 ], [ -65.605765582020979, -41.240652225306576 ], [ -65.595764950590251, -41.229371335694907 ], [ -65.646996530040042, -41.169880821947061 ], [ -65.631621924854073, -41.123745889636268 ], [ -65.66766914502, -41.140763061488656 ], [ -65.676587244655082, -41.11884935093093 ], [ -65.684300856474522, -41.067377476515901 ], [ -65.684277965049318, -41.067352127007723 ], [ -65.678986095613141, -40.989107831798265 ], [ -65.723472110389423, -40.856678766482389 ], [ -65.786723990616053, -40.862034676914163 ], [ -65.786796524840838, -40.86203742985623 ], [ -65.794538186682701, -40.868899983476524 ], [ -65.837461782671653, -40.851649875028102 ], [ -65.810508080613829, -40.858320433235974 ], [ -65.810470470170969, -40.858321148866423 ], [ -65.791662746050122, -40.856999239293714 ], [ -65.791590211825337, -40.856996486351647 ], [ -65.734163412959333, -40.845609639660495 ], [ -65.568370239505782, -40.78562883311929 ], [ -65.32258167224046, -40.696584901702806 ], [ -65.354037525763033, -40.748171930618014 ], [ -65.275471055786682, -40.775905075238597 ], [ -65.187623790861721, -40.737381253129911 ], [ -65.168681500305638, -40.727571791950595 ], [ -65.169038771166697, -40.729038808291875 ], [ -65.168990782419087, -40.729027162525995 ], [ -65.169073385793695, -40.72990554794012 ], [ -65.162606314659683, -40.730272406704785 ], [ -65.159254006726599, -40.730462573709531 ], [ -65.155818591210732, -40.730657455173912 ], [ -65.152296938823497, -40.730857228613388 ], [ -65.150993224246861, -40.736370505438344 ], [ -65.147415683719203, -40.736433109416851 ], [ -65.139980647778145, -40.736563216351158 ], [ -65.13611575338723, -40.736630848782738 ], [ -65.132147345118028, -40.736700292621151 ], [ -65.12807120788932, -40.736771621626417 ], [ -65.123882894620124, -40.736844913618995 ], [ -65.119577710045576, -40.736920250762068 ], [ -65.115150693158398, -40.736997719869123 ], [ -65.101342015569003, -40.702503620374614 ], [ -65.124156307528153, -40.703555149869715 ], [ -65.1228177728687, -40.696817172876138 ], [ -65.125406456509552, -40.692114083638614 ], [ -65.128112197954067, -40.686930950669762 ], [ -65.127744496076218, -40.684497731029467 ], [ -65.126787446625769, -40.68056791940262 ], [ -65.1123580577854, -40.668781769961129 ], [ -65.107854444624877, -40.682913772059351 ], [ -65.099923219579694, -40.671622070140643 ], [ -65.104217145634038, -40.6678946763883 ], [ -65.099585914903514, -40.66376464263152 ], [ -65.096672374459217, -40.660547621479566 ], [ -65.080777731665364, -40.662371072561427 ], [ -65.073763446726957, -40.677501895782655 ], [ -65.073696556621769, -40.677525559261539 ], [ -65.061600657207862, -40.681860011786966 ], [ -65.061530181983812, -40.681882187727979 ], [ -65.039267326379615, -40.687781672225071 ], [ -65.004238050209949, -40.551129801758748 ], [ -64.830190635709641, -40.625111391926907 ] ] ], [ [ [ -63.817790205181041, -42.136635993346545 ], [ -63.83668616394209, -42.158615793616889 ], [ -63.836431151934164, -42.158515549390813 ], [ -63.836989333702434, -42.166668293192402 ], [ -63.837033003194165, -42.166725239182085 ], [ -63.853726797266518, -42.198927880020108 ], [ -63.853762072111351, -42.198982655667066 ], [ -63.865749322471402, -42.225252025207226 ], [ -63.820174686931921, -42.223767608552919 ], [ -63.80126353490374, -42.243489054066288 ], [ -63.803895906372645, -42.250677309456137 ], [ -63.803167624739444, -42.25093948576199 ], [ -63.78875181095691, -42.248003288254438 ], [ -63.783645638894029, -42.251178199846265 ], [ -63.784459023319016, -42.253216498596316 ], [ -63.788280066489961, -42.251489502281856 ], [ -63.804626623646527, -42.252426412919192 ], [ -63.819555629635374, -42.253315472461622 ], [ -63.813499875367143, -42.273115469611582 ], [ -63.820381578408956, -42.279637700640308 ], [ -63.873937419291167, -42.259198326169724 ], [ -63.887046344880218, -42.319705523839389 ], [ -63.844879628988792, -42.34419080535514 ], [ -63.844829405586665, -42.344205136058235 ], [ -63.829406462345901, -42.353049766726826 ], [ -63.829355702584792, -42.353069879405098 ], [ -63.754957351079213, -42.359262313211957 ], [ -63.754107236094228, -42.358456604755929 ], [ -63.75055942968288, -42.356025338115217 ], [ -63.714375349640704, -42.346946585832995 ], [ -63.715787941726774, -42.38585631817557 ], [ -63.715383213640052, -42.385785840894869 ], [ -63.712212575284923, -42.391553021007553 ], [ -63.697112548191853, -42.423592006325919 ], [ -63.685304807386899, -42.421701523045954 ], [ -63.677514004122543, -42.41220926532452 ], [ -63.664043221305064, -42.418973308452451 ], [ -63.663629630843786, -42.422945161828466 ], [ -63.650899341426339, -42.42154623985067 ], [ -63.658730483395004, -42.430450982383093 ], [ -63.66390217390142, -42.423386219573104 ], [ -63.669761165022408, -42.424184209181021 ], [ -63.669836453772746, -42.424190060686897 ], [ -63.671385221319667, -42.432310373914675 ], [ -63.699586800505131, -42.453146536848635 ], [ -63.72772471067924, -42.432232591337765 ], [ -63.723284630340629, -42.421483359388844 ], [ -63.728004822708556, -42.432232134839182 ], [ -63.72328705696566, -42.421483355434248 ], [ -63.729527995673209, -42.432213347837092 ], [ -63.72949213180442, -42.432229710970887 ], [ -63.729521501892634, -42.433336386712085 ], [ -63.729534867545226, -42.43221840574887 ], [ -63.755342409967966, -42.420595487849084 ], [ -63.755441106042383, -42.425428108985898 ], [ -63.773157482971442, -42.475390470868774 ], [ -63.730231915861737, -42.468121575300927 ], [ -63.722084831648431, -42.473223418248949 ], [ -63.730615092163532, -42.485748235964195 ], [ -63.739336906827191, -42.500044692524 ], [ -63.764712177431932, -42.528088574584331 ], [ -63.765193118444984, -42.53024633218206 ], [ -63.765492547010126, -42.53046696147851 ], [ -63.787421773935137, -42.520841802458278 ], [ -63.795173928177064, -42.584966440323342 ], [ -63.773996430082434, -42.595785204365484 ], [ -63.77394569775015, -42.595769444724283 ], [ -63.760384943536792, -42.566800616162709 ], [ -63.752063903192493, -42.560669386579207 ], [ -63.743820504271241, -42.567560166092676 ], [ -63.760764114534084, -42.607206404017404 ], [ -63.724260916665685, -42.611860830306057 ], [ -63.734638336099579, -42.629040336077594 ], [ -63.711144653181805, -42.622591211425856 ], [ -63.711110315152666, -42.622580164607996 ], [ -63.678662124829998, -42.617568192829992 ], [ -63.660340861356985, -42.655048129620297 ], [ -63.693058810510081, -42.684385174628176 ], [ -63.676146107896102, -42.747291836264651 ], [ -63.676083424963394, -42.747322514084431 ], [ -63.653952705855261, -42.736741451510397 ], [ -63.652270077860294, -42.757554900121647 ], [ -63.652236495622219, -42.757570861642535 ], [ -63.650792813990108, -42.758305398949517 ], [ -63.65072520601251, -42.758337532785902 ], [ -63.649763823468561, -42.758706334582939 ], [ -63.645355920786017, -42.760291278011607 ], [ -63.641407720322832, -42.755457483877308 ], [ -63.635421206962519, -42.757429660475339 ], [ -63.63682626584233, -42.766016012711475 ], [ -63.635949349899533, -42.766162341316374 ], [ -63.635977923494409, -42.766333462720524 ], [ -63.636189610930444, -42.766773687024852 ], [ -63.637065916848655, -42.767011755210774 ], [ -63.650503036191822, -42.772166268717285 ], [ -63.650917392045983, -42.772049467828595 ], [ -63.650683451352052, -42.772073524109828 ], [ -63.652404791025276, -42.771276547957484 ], [ -63.653400309299741, -42.759400979138491 ], [ -63.655933231391089, -42.759314465245552 ], [ -63.656004029136625, -42.759297780429108 ], [ -63.675903925524892, -42.751408279460748 ], [ -63.717632716899288, -42.764383893093452 ], [ -63.731756035187061, -42.727912682544343 ], [ -63.794382902308257, -42.719218482546864 ], [ -63.86151699493098, -42.741655769908732 ], [ -63.950969879211357, -42.825423240013492 ], [ -63.934827240451341, -42.836940939139311 ], [ -63.967742407571677, -42.849416599342021 ], [ -63.967769142999884, -42.849368756999809 ], [ -63.969329479999828, -42.84949459 ], [ -63.971569318999968, -42.849670757999831 ], [ -63.973884657999804, -42.850048257999902 ], [ -63.977810667999904, -42.850224425999897 ], [ -63.97846132699982, -42.850733636999848 ], [ -63.978576659999874, -42.850708007999856 ], [ -63.981506347999982, -42.851501464999956 ], [ -63.986511230000019, -42.852783202999888 ], [ -63.989746745999867, -42.852892880999889 ], [ -63.991451034999898, -42.853722600999902 ], [ -63.991577147999863, -42.853799032999916 ], [ -63.992281537999872, -42.854225935999978 ], [ -63.993439206999938, -42.854754437 ], [ -63.994496209999909, -42.855157104999932 ], [ -63.995049877999861, -42.85500610399987 ], [ -63.996534714999882, -42.854804769999987 ], [ -63.997843384999896, -42.854829936999863 ], [ -63.999756055999967, -42.855358437999882 ], [ -64.000662058999978, -42.855635271999972 ], [ -64.001945561999946, -42.8564406079999 ], [ -64.002258825000013, -42.85670912 ], [ -64.002650229999801, -42.857044608999956 ], [ -64.003656898999964, -42.857648610999831 ], [ -64.004307712999832, -42.857757079999828 ], [ -64.004411900999912, -42.857774444999848 ], [ -64.006702073999861, -42.858755946999963 ], [ -64.008992246, -42.859913617000018 ], [ -64.010477083000012, -42.860467284999913 ], [ -64.011735419999866, -42.860567951999883 ], [ -64.013648090999766, -42.860542784999836 ], [ -64.014654759999985, -42.860895118999963 ], [ -64.015283928999906, -42.861197119999986 ], [ -64.016517097999895, -42.861322953000013 ], [ -64.018052268999838, -42.861700453999902 ], [ -64.019335771999806, -42.861826287999918 ], [ -64.020820608999827, -42.862681957 ], [ -64.021147776999896, -42.862858124000013 ], [ -64.021776944999885, -42.863311124999939 ], [ -64.02235578, -42.863235624999902 ], [ -64.023689615999956, -42.863562791999868 ], [ -64.023966449999875, -42.863285957999892 ], [ -64.024469784999781, -42.862983957999859 ], [ -64.024696285999937, -42.862807789999863 ], [ -64.025602287999845, -42.862782623999976 ], [ -64.027691125999866, -42.862707123999883 ], [ -64.029981298999985, -42.863034291000019 ], [ -64.0310634679999, -42.863009123999802 ], [ -64.031742969999982, -42.863210457999855 ], [ -64.032422471999894, -42.863386624999862 ], [ -64.033227807, -42.863260791999949 ], [ -64.035618645999932, -42.863537625999925 ], [ -64.039267821999886, -42.864040960000011 ], [ -64.042161995999834, -42.864317793999817 ], [ -64.043193831999929, -42.864594627999907 ], [ -64.04415016799976, -42.865123129999859 ], [ -64.04505617, -42.865148295999973 ], [ -64.046088005999934, -42.865047628999889 ], [ -64.047044341999936, -42.865173463000019 ], [ -64.048705345999963, -42.865425129999949 ], [ -64.050190182999984, -42.865802631 ], [ -64.052052520999894, -42.86605429899987 ], [ -64.053864524999881, -42.86610463199986 ], [ -64.054795694, -42.866255631999934 ], [ -64.05648186499991, -42.866633133 ], [ -64.058923037999762, -42.867262301999915 ], [ -64.061213209999892, -42.867463634999865 ], [ -64.063427882999974, -42.867941803 ], [ -64.065692887999887, -42.86829413799984 ], [ -64.067655892999937, -42.868847805999906 ], [ -64.07024806599992, -42.869678307999891 ], [ -64.071456068999964, -42.869854474999897 ], [ -64.072588571999802, -42.870131308999873 ], [ -64.074098575999926, -42.87020680899991 ], [ -64.075356912999951, -42.870559142999923 ], [ -64.075960914, -42.870911476999879 ], [ -64.076388748999875, -42.871137977999865 ], [ -64.077093417000015, -42.871590978999961 ], [ -64.07759675199992, -42.871716812999978 ], [ -64.078477586999895, -42.872043979999944 ], [ -64.079408755999907, -42.872194981 ], [ -64.080138590999809, -42.872622814999886 ], [ -64.081824761999883, -42.872849315999986 ], [ -64.082655263999868, -42.873453316999871 ], [ -64.084869935999961, -42.873956651999947 ], [ -64.086354773999972, -42.873755317999894 ], [ -64.090331117, -42.873780484999827 ], [ -64.092520621999881, -42.874334153 ], [ -64.093275624, -42.87473682000001 ], [ -64.094131292999919, -42.875290487999905 ], [ -64.095213461999776, -42.87617132399987 ], [ -64.096043964999751, -42.876523657999883 ], [ -64.096874466999964, -42.877177992999918 ], [ -64.097654634999856, -42.877505160999988 ], [ -64.0988626379999, -42.87727866 ], [ -64.100045474999888, -42.877102493 ], [ -64.100473308999938, -42.877127659999928 ], [ -64.100842655999941, -42.877380370999902 ], [ -64.100951476999967, -42.877454827 ], [ -64.102587313999891, -42.877958161999914 ], [ -64.104348984999888, -42.878687996999986 ], [ -64.10471985800001, -42.878751123999962 ], [ -64.105531821999875, -42.878889330999868 ], [ -64.106966324999746, -42.878989997999838 ], [ -64.10842599599988, -42.879342331999851 ], [ -64.109860498999922, -42.879040331 ], [ -64.110389000999874, -42.878612496999949 ], [ -64.111974503999875, -42.878209828999957 ], [ -64.113434174999838, -42.87808399499994 ], [ -64.116429015999927, -42.877781994999907 ], [ -64.117863518999798, -42.877530326999874 ], [ -64.119423856999845, -42.877404494000018 ], [ -64.120833192999839, -42.877303826999878 ], [ -64.121814695999944, -42.877630994000015 ], [ -64.124205534999874, -42.878008494999904 ], [ -64.125765871999931, -42.87775682799986 ], [ -64.126797708000026, -42.87770649499987 ], [ -64.127527543999861, -42.877379326999971 ], [ -64.128509045999806, -42.877177992999918 ], [ -64.129113046999862, -42.876976658999979 ], [ -64.130950218999885, -42.876573991999862 ], [ -64.13240988899986, -42.876196490999803 ], [ -64.133617891999904, -42.876246823999907 ], [ -64.134624560999896, -42.87617132399987 ], [ -64.135404729999948, -42.875869323000018 ], [ -64.1378459029998, -42.874711653999896 ], [ -64.138902904999838, -42.87473682000001 ], [ -64.139985075000027, -42.874661319999973 ], [ -64.141570578999847, -42.874610986999983 ], [ -64.142627581, -42.874485152999966 ], [ -64.143785250999883, -42.874510320000013 ], [ -64.144892587000015, -42.873981817999891 ], [ -64.145320420999894, -42.872396314999889 ], [ -64.145999922999806, -42.871993646999954 ], [ -64.146603925000022, -42.8702571419999 ], [ -64.150479600999972, -42.867564301999948 ], [ -64.151410769999927, -42.867111300999852 ], [ -64.154330110999979, -42.865676797999811 ], [ -64.154757944999858, -42.865072795999936 ], [ -64.155387112999961, -42.864317793999817 ], [ -64.155638781, -42.863260791999949 ], [ -64.156343448999849, -42.861750787999881 ], [ -64.157098450999968, -42.860114949999968 ], [ -64.156997784, -42.859359947999849 ], [ -64.158256121000022, -42.858529445999977 ], [ -64.159011121999868, -42.857648610999831 ], [ -64.161527794999813, -42.856516107999823 ], [ -64.163289466999913, -42.855459104999852 ], [ -64.164321301999848, -42.855106770999839 ], [ -64.166259140999955, -42.854049767999868 ], [ -64.167819478000013, -42.853244432999929 ], [ -64.169581148999839, -42.851835095999945 ], [ -64.170436817999871, -42.851029760999836 ], [ -64.171971987999882, -42.849846924999838 ], [ -64.17310449099989, -42.849091923 ], [ -64.17463966199989, -42.848211086999868 ], [ -64.176124498999911, -42.847808418999932 ], [ -64.177106001000027, -42.84697791699989 ], [ -64.177961669999945, -42.846298415999968 ], [ -64.178288838000014, -42.845140745999913 ], [ -64.179597506999926, -42.84388241 ], [ -64.180931343999987, -42.843530074999876 ], [ -64.181535345999862, -42.843278407999833 ], [ -64.18271818199986, -42.842322071999945 ], [ -64.1844798529998, -42.840862401999971 ], [ -64.185436188999859, -42.839855732999979 ], [ -64.186417690999974, -42.83879873 ], [ -64.187323693999986, -42.838119228999915 ], [ -64.189186031999895, -42.837037058999897 ], [ -64.189588698999898, -42.836131056999989 ], [ -64.190998035999883, -42.835099220999894 ], [ -64.192331872999773, -42.834243551999975 ], [ -64.193388874999812, -42.833337549999953 ], [ -64.194848545999889, -42.831726878999916 ], [ -64.194395544999907, -42.830242041999895 ], [ -64.194269710999947, -42.829411540000024 ], [ -64.194471045, -42.827851202999966 ], [ -64.195100212999932, -42.826743867 ], [ -64.196559882999907, -42.825787530999833 ], [ -64.198422220999987, -42.824403360999895 ], [ -64.199479223999958, -42.822918523999874 ], [ -64.200083225999833, -42.822415188999969 ], [ -64.200737560999983, -42.821534353999823 ], [ -64.201769395999918, -42.821282685999961 ], [ -64.203103232999865, -42.820578017999935 ], [ -64.203329733999965, -42.819974015999946 ], [ -64.203631734, -42.818564678999962 ], [ -64.204487402999916, -42.816803007999852 ], [ -64.206349741, -42.815418837999914 ], [ -64.20828757899983, -42.814739337 ], [ -64.209042580999949, -42.813304832999961 ], [ -64.209797582999897, -42.811845162999987 ], [ -64.210628084999883, -42.810989493999898 ], [ -64.213018924999972, -42.809227822999958 ], [ -64.214755428999865, -42.807793318999927 ], [ -64.216768766999905, -42.804823644999885 ], [ -64.218832438999868, -42.803363974999911 ], [ -64.221122611999988, -42.801778470999921 ], [ -64.223639284999877, -42.800520133999896 ], [ -64.226533458999882, -42.798255128999983 ], [ -64.229704466999806, -42.795562287999928 ], [ -64.234486145, -42.791862778999985 ], [ -64.237556485999846, -42.789169938999919 ], [ -64.240727493999941, -42.785621429999878 ], [ -64.24535817200001, -42.778952246999893 ], [ -64.247975511999869, -42.775529570999936 ], [ -64.250114683999925, -42.772509563999904 ], [ -64.253109525000013, -42.768407386999854 ], [ -64.254468529, -42.764305209999804 ], [ -64.255676531999882, -42.761687869999889 ], [ -64.256507033999924, -42.758240027999875 ], [ -64.258595872, -42.755043853000018 ], [ -64.259577374999878, -42.751218509999887 ], [ -64.26083571099997, -42.748626336999905 ], [ -64.261062211999899, -42.7457321629999 ], [ -64.261540379999758, -42.744171826000013 ], [ -64.260533710999937, -42.741780986999913 ], [ -64.25887270599975, -42.738937145999898 ], [ -64.255777199000022, -42.734683968999946 ], [ -64.253789026999925, -42.731412293999881 ], [ -64.252228689999868, -42.727536617999931 ], [ -64.251347853999903, -42.72620278099987 ], [ -64.249284181999883, -42.722125770999867 ], [ -64.24684300999985, -42.716513589999863 ], [ -64.245458838999809, -42.713543916 ], [ -64.244955505, -42.709089404999929 ], [ -64.244678670999917, -42.705238894999923 ], [ -64.24488000499997, -42.702445388 ], [ -64.244804503999944, -42.701992386999905 ], [ -64.245685339999909, -42.696254372999874 ], [ -64.246465508999904, -42.690617025 ], [ -64.24679267599987, -42.687093682999887 ], [ -64.247572844999866, -42.68520617799993 ], [ -64.248629846999904, -42.684199508999882 ], [ -64.249888183999929, -42.683645840999986 ], [ -64.249636516999885, -42.682840505999877 ], [ -64.248780847999967, -42.682362337999905 ], [ -64.249284181999883, -42.682010003999892 ], [ -64.249334515999863, -42.681154334999974 ], [ -64.248126512999761, -42.680273499 ], [ -64.247145009999883, -42.679266829999847 ], [ -64.246616508999864, -42.678385993999882 ], [ -64.246062840999969, -42.678083993999962 ], [ -64.245333005999896, -42.677731659000017 ], [ -64.244854837999867, -42.677052157999924 ], [ -64.24488000499997, -42.676372656000012 ], [ -64.24520717199988, -42.67559248699996 ], [ -64.244225669999935, -42.675516986999924 ], [ -64.242665331999888, -42.675516986999924 ], [ -64.242187165000018, -42.67526531999988 ], [ -64.241029494999964, -42.674183150999966 ], [ -64.239947325999879, -42.671943312 ], [ -64.23924265699992, -42.66947697199987 ], [ -64.238515180999855, -42.666377532000013 ], [ -64.238316992999899, -42.665797123999937 ], [ -64.238401931, -42.664961902999835 ], [ -64.239067275999901, -42.664409807999903 ], [ -64.238699212999904, -42.66392849499988 ], [ -64.238684959999887, -42.663918539999941 ], [ -64.237807366999846, -42.663305617999868 ], [ -64.236887208999804, -42.662781834999862 ], [ -64.236080299999855, -42.662399615999846 ], [ -64.233971014000019, -42.661210487999881 ], [ -64.232399665999935, -42.660630079999805 ], [ -64.232354882999971, -42.660596650999878 ], [ -64.231394569999907, -42.659879796999803 ], [ -64.230162972999892, -42.658322605999842 ], [ -64.229724127999987, -42.656906976999949 ], [ -64.229101250999975, -42.655264847999888 ], [ -64.228733187999978, -42.65421728299998 ], [ -64.228322655999932, -42.653622719 ], [ -64.22765730999987, -42.65236280899984 ], [ -64.226850401999911, -42.651272775 ], [ -64.226482338999915, -42.650975492999805 ], [ -64.22604349400001, -42.650706523999929 ], [ -64.225832521999962, -42.650441210999929 ], [ -64.225237376999928, -42.649692771 ], [ -64.225109178999901, -42.649531551999985 ], [ -64.224755271999754, -42.648568925 ], [ -64.224132394999913, -42.647195765 ], [ -64.223792643999843, -42.645610260999888 ], [ -64.223471769999946, -42.644045998999957 ], [ -64.223452894, -42.643953975999978 ], [ -64.223665237999967, -42.643161223999869 ], [ -64.223863425999923, -42.641151030999879 ], [ -64.224132394999913, -42.639735402999804 ], [ -64.224967615999901, -42.63843302399988 ], [ -64.225406460999977, -42.637300521999975 ], [ -64.225363991999927, -42.635743329999912 ], [ -64.225703742999883, -42.633874699999922 ], [ -64.226298306999865, -42.631765413999858 ], [ -64.226935339999898, -42.630505504999974 ], [ -64.22751574699987, -42.629302219999886 ], [ -64.2276856229999, -42.628438687000028 ], [ -64.228181092999876, -42.626867338999944 ], [ -64.228152780000016, -42.624984552999877 ], [ -64.227869654999779, -42.624220114000025 ], [ -64.229143720000025, -42.622988516999897 ], [ -64.230955724999774, -42.622181608999938 ], [ -64.233602949999863, -42.620298822999928 ], [ -64.235004422999907, -42.620029852999892 ], [ -64.236391738999941, -42.618472661999931 ], [ -64.238854931999811, -42.616349218999915 ], [ -64.242719598, -42.61499021599991 ], [ -64.244234321000022, -42.614905277999981 ], [ -64.24518279199998, -42.615485685999886 ], [ -64.246612576999894, -42.616320905999885 ], [ -64.247334546999866, -42.616816375999917 ], [ -64.249571239999909, -42.617099501999803 ], [ -64.251185056999873, -42.617694065999899 ], [ -64.25111427499985, -42.618175380000025 ], [ -64.251383245, -42.618571755999938 ], [ -64.252020277999861, -42.618982287999984 ], [ -64.252275090999888, -42.619463601999939 ], [ -64.25308199899996, -42.620058165999922 ], [ -64.253874750999842, -42.620369604000018 ], [ -64.25480906599995, -42.620511167000018 ], [ -64.256499276999989, -42.620258209999861 ], [ -64.256890039999746, -42.620199728999921 ], [ -64.257343040999899, -42.620058165999922 ], [ -64.258263199999931, -42.619732570999986 ], [ -64.25908426399991, -42.619307882999919 ], [ -64.259707140999865, -42.619010601000014 ], [ -64.261420050999902, -42.618741630999978 ], [ -64.263571806999948, -42.618345254999952 ], [ -64.264449495999827, -42.618373567999981 ], [ -64.265397967999888, -42.618670849999887 ], [ -64.265713807, -42.618958614999883 ], [ -64.266035, -42.619251257999849 ], [ -64.265836811999861, -42.620044009999901 ], [ -64.265794343999914, -42.620426228999918 ], [ -64.26619071999977, -42.62099248099986 ], [ -64.266530469999907, -42.621360544000026 ], [ -64.266841909, -42.622054201999958 ], [ -64.266841909, -42.622634609999864 ], [ -64.267224127999896, -42.623186704999966 ], [ -64.267790379999951, -42.623186704999966 ], [ -64.268172599999957, -42.622563827999841 ], [ -64.267889473999901, -42.621813544999952 ], [ -64.267790379999951, -42.621558731999812 ], [ -64.267887893999841, -42.621182606999866 ], [ -64.267889473999901, -42.621176511999806 ], [ -64.267960254999878, -42.620723511 ], [ -64.267988567999907, -42.620369604000018 ], [ -64.268229225000027, -42.620242197999971 ], [ -64.268554818999803, -42.619987384000012 ], [ -64.268441569, -42.619661789999896 ], [ -64.268200911999827, -42.619307882999919 ], [ -64.268356630999904, -42.619251257999849 ], [ -64.26871053799988, -42.619024756999863 ], [ -64.269064445000026, -42.618727474999957 ], [ -64.269361726999932, -42.618741630999978 ], [ -64.269970447999867, -42.618472661999931 ], [ -64.271456857999908, -42.618529286999888 ], [ -64.272645985999986, -42.618628381 ], [ -64.273014048999812, -42.618416036999861 ], [ -64.273056517999862, -42.617708221999919 ], [ -64.272985735999839, -42.617410940000013 ], [ -64.272674297999856, -42.616901314000017 ], [ -64.272277922, -42.616264280999985 ], [ -64.27230623499986, -42.615896217999989 ], [ -64.272192983999901, -42.615471528999933 ], [ -64.271853233999934, -42.614862808999931 ], [ -64.271810764999884, -42.614607995999904 ], [ -64.272065577999911, -42.614452276999884 ], [ -64.27217882799988, -42.613942650000013 ], [ -64.272051421999834, -42.613546273999987 ], [ -64.272037264999881, -42.61313574199994 ], [ -64.271499325999969, -42.612682740999844 ], [ -64.271216200999902, -42.612413770999979 ], [ -64.271400232000019, -42.611861675999876 ], [ -64.271357763999902, -42.61153608199993 ], [ -64.270989699999802, -42.611635175999879 ], [ -64.270763199999976, -42.611861675999876 ], [ -64.270281885999793, -42.611847520000026 ], [ -64.269489133999912, -42.611847520000026 ], [ -64.26852650599983, -42.611748425999906 ], [ -64.267847005000021, -42.61133789399986 ], [ -64.267705442000022, -42.610856580000018 ], [ -64.267790379999951, -42.610431890999962 ], [ -64.268002723999928, -42.609809014999939 ], [ -64.267832847999841, -42.609044574999928 ], [ -64.267464785000016, -42.608676511999931 ], [ -64.266926846, -42.608223510999835 ], [ -64.266672032999963, -42.607657258999893 ], [ -64.266926846, -42.607586477999973 ], [ -64.267337377999866, -42.607529853000017 ], [ -64.267442891999906, -42.607368064999946 ], [ -64.267549722999775, -42.607204257999967 ], [ -64.267818691999821, -42.606878663999851 ], [ -64.267733753999892, -42.606453974999908 ], [ -64.267224127999896, -42.606185005999862 ], [ -64.266733966999936, -42.605889493 ], [ -64.266203105999978, -42.605836406999856 ], [ -64.266092890999914, -42.605767828999888 ], [ -64.265725330999885, -42.60553912499995 ], [ -64.265385580999919, -42.604955177999955 ], [ -64.265173235999953, -42.604318144999922 ], [ -64.265374962999942, -42.603797901999883 ], [ -64.265619158999982, -42.60343691700001 ], [ -64.265364345999785, -42.603097165999884 ], [ -64.265130766999903, -42.603001610999968 ], [ -64.264376944999867, -42.602152233999959 ], [ -64.263410778999798, -42.601961123999956 ], [ -64.262731276999887, -42.601334707999911 ], [ -64.261860664999858, -42.600570268999888 ], [ -64.260830795999823, -42.600251751999906 ], [ -64.260193762999961, -42.599901383999963 ], [ -64.259386853999899, -42.59962533699985 ], [ -64.25873920399988, -42.599328054999944 ], [ -64.258293281000022, -42.599317437999957 ], [ -64.257953530999885, -42.599168797 ], [ -64.258059702999958, -42.598489294999922 ], [ -64.257974764999858, -42.59796905099995 ], [ -64.257613779999929, -42.597831026999813 ], [ -64.25719970799986, -42.597533744999907 ], [ -64.256913043999873, -42.597077204999891 ], [ -64.25699798099987, -42.596164124999916 ], [ -64.257263411999986, -42.595102403 ], [ -64.257581927999865, -42.59412562 ], [ -64.259132040999873, -42.591450081999881 ], [ -64.260140676999924, -42.590335273999926 ], [ -64.260066355999811, -42.58966639 ], [ -64.26068215499987, -42.588795777999906 ], [ -64.260788326999887, -42.588519730999906 ], [ -64.261202398000023, -42.58801010399992 ], [ -64.262041157999874, -42.587235047999911 ], [ -64.262635721999857, -42.586406904999876 ], [ -64.26278436299981, -42.58614147499992 ], [ -64.263421395999956, -42.585546910999938 ], [ -64.264536202999807, -42.584506423999926 ], [ -64.265353728999798, -42.583678280999891 ], [ -64.267424085999835, -42.58237236299982 ], [ -64.269685552, -42.581108914999902 ], [ -64.27049246099989, -42.58051435099992 ], [ -64.271023320999916, -42.580121513999927 ], [ -64.271862080999881, -42.579452629 ], [ -64.27240044045368, -42.578924428011646 ], [ -64.272015744049895, -42.578055867334569 ], [ -64.271181140603801, -42.577903041740626 ], [ -64.27110437346937, -42.577887687075076 ], [ -64.270065599933389, -42.577932943446456 ], [ -64.270000484558864, -42.577947510854074 ], [ -64.269753312729904, -42.577928752619641 ], [ -64.268982595773878, -42.577361126830965 ], [ -64.268911521353573, -42.577373866797927 ], [ -64.268693287287988, -42.577432917899785 ], [ -64.268687504280763, -42.577432141410668 ], [ -64.267802825584795, -42.578277907637698 ], [ -64.267803051911642, -42.578280549527449 ], [ -64.267823603488807, -42.578423703715828 ], [ -64.267778238313554, -42.578439102756533 ], [ -64.266045525458594, -42.578967138917562 ], [ -64.263133452618547, -42.580818407578079 ], [ -64.263099132708021, -42.58083774578671 ], [ -64.261999841747411, -42.581422834447153 ], [ -64.26115224592661, -42.581937317312338 ], [ -64.261130658905472, -42.581950549553596 ], [ -64.2601878713578, -42.582341304738009 ], [ -64.25806991651109, -42.57905907281139 ], [ -64.252611388129878, -42.581747427068194 ], [ -64.252605587806443, -42.581763826001634 ], [ -64.250112449752237, -42.583246546059911 ], [ -64.248702878075846, -42.581067706634485 ], [ -64.236261003838877, -42.571331881823369 ], [ -64.236038172781946, -42.571525258370571 ], [ -64.236007145071767, -42.571533593201423 ], [ -64.232620679706656, -42.573979666880518 ], [ -64.225002698752064, -42.573450925477346 ], [ -64.219890233360502, -42.574866813941753 ], [ -64.219495086507152, -42.574731372424367 ], [ -64.209172798556438, -42.571160911871914 ], [ -64.217204292951692, -42.562539029632546 ], [ -64.217230759412359, -42.562503961211405 ], [ -64.220549523951149, -42.559828334589895 ], [ -64.220899958360746, -42.559513504116467 ], [ -64.224901474981834, -42.554813541163242 ], [ -64.224901143508305, -42.554764476736693 ], [ -64.225740402976442, -42.553833878593423 ], [ -64.225740035088677, -42.553790650132441 ], [ -64.226420526762524, -42.553036166188519 ], [ -64.234069106533411, -42.544055758679121 ], [ -64.234068582221084, -42.543999354961159 ], [ -64.229944984272834, -42.525696916251263 ], [ -64.229034928373324, -42.523337825578324 ], [ -64.228591237628109, -42.522044031977146 ], [ -64.225728626559373, -42.520778681612057 ], [ -64.221986539923876, -42.523066537027205 ], [ -64.222015529776343, -42.523099642677948 ], [ -64.221986972854438, -42.523124744027427 ], [ -64.220259980034086, -42.524205177751298 ], [ -64.220180043234393, -42.523088882049649 ], [ -64.220142673307407, -42.52303933940226 ], [ -64.21857813074115, -42.522360400369791 ], [ -64.218978625864793, -42.521881570279561 ], [ -64.218984373800254, -42.521870384909789 ], [ -64.219010857731291, -42.521857352484119 ], [ -64.214214982504245, -42.513110482953607 ], [ -64.214203443933513, -42.513099116920159 ], [ -64.208141946472665, -42.510757924268773 ], [ -64.204253358076642, -42.506772489624439 ], [ -64.204231866913574, -42.506762845344838 ], [ -64.202089833873856, -42.506686721915059 ], [ -64.197024456841518, -42.505920720265124 ], [ -64.19612356110639, -42.505927558651138 ], [ -64.195868043394057, -42.505870154483318 ], [ -64.195341020941441, -42.50575533838537 ], [ -64.194713178136851, -42.50557120487008 ], [ -64.195227030284968, -42.505082958997264 ], [ -64.195217904719868, -42.505064424933835 ], [ -64.196133433208956, -42.504435549064794 ], [ -64.19975301014091, -42.501541245070882 ], [ -64.202727881917212, -42.500539392281155 ], [ -64.212107832656102, -42.487811384159556 ], [ -64.217676947900372, -42.480432212320125 ], [ -64.217680896545232, -42.480426489763374 ], [ -64.217680191388695, -42.480354245862657 ], [ -64.215511607635051, -42.477024088486871 ], [ -64.215510948692838, -42.476958293835537 ], [ -64.215396822398986, -42.472212960235936 ], [ -64.215414689148133, -42.472207239537283 ], [ -64.219851377815758, -42.469847528901255 ], [ -64.219877156905568, -42.469883868713453 ], [ -64.219889766405345, -42.469896194566047 ], [ -64.22258089297668, -42.467853152508667 ], [ -64.224536939802078, -42.463222692180523 ], [ -64.224536465422545, -42.463165014208244 ], [ -64.229816061133533, -42.455669399212525 ], [ -64.229815854104515, -42.455636032209952 ], [ -64.226083284659751, -42.452004288655701 ], [ -64.229490577098829, -42.450571537325345 ], [ -64.234227656101723, -42.4465416570294 ], [ -64.235785787659722, -42.44522328965013 ], [ -64.236732863542159, -42.445111049140451 ], [ -64.236737600263837, -42.445105918799641 ], [ -64.236919943790895, -42.443709392434812 ], [ -64.23692826020357, -42.443704458361935 ], [ -64.240415591382543, -42.438111447323877 ], [ -64.241224140081442, -42.441185157625455 ], [ -64.252007626617626, -42.432924270600267 ], [ -64.258705530236909, -42.423051212052201 ], [ -64.252090953186553, -42.422409807559575 ], [ -64.251737902238006, -42.422259708362219 ], [ -64.251693943032649, -42.422264580153296 ], [ -64.250439408015154, -42.421826174581611 ], [ -64.247637463042167, -42.420847035048155 ], [ -64.247584906064731, -42.420882964631744 ], [ -64.246652717188965, -42.421040047053395 ], [ -64.246638405514886, -42.421020556170447 ], [ -64.246281762092678, -42.420360300603136 ], [ -64.24645220063519, -42.420066411218158 ], [ -64.248737660198742, -42.416752905097894 ], [ -64.25028366816332, -42.415654238918023 ], [ -64.251236576238341, -42.41520489233443 ], [ -64.25, -42.415100097999868 ], [ -64.247375487999875, -42.414978026999904 ], [ -64.245910644999981, -42.415588378999871 ], [ -64.243286132999913, -42.416809081999872 ], [ -64.240783690999876, -42.4171752929999 ], [ -64.230407714999899, -42.417785644999867 ], [ -64.226013183999896, -42.4171752929999 ], [ -64.220886229999905, -42.417907715000013 ], [ -64.218505858999777, -42.420410155999946 ], [ -64.216491698999903, -42.4210815429999 ], [ -64.214904784999874, -42.421386719 ], [ -64.204895019999981, -42.420227050999983 ], [ -64.201110839999956, -42.419006347999868 ], [ -64.198303222999755, -42.41741943400001 ], [ -64.1945190429999, -42.417480469 ], [ -64.193298339999956, -42.415588378999871 ], [ -64.189880370999958, -42.415893554999968 ], [ -64.188903808999896, -42.418029784999987 ], [ -64.186096190999933, -42.418884276999904 ], [ -64.182495116999974, -42.418395995999902 ], [ -64.177917480000019, -42.418212890999939 ], [ -64.174804687999938, -42.418518065999876 ], [ -64.171386718999941, -42.418518065999876 ], [ -64.169982909999874, -42.418579101999967 ], [ -64.168090819999748, -42.420410155999946 ], [ -64.165405272999919, -42.4210815429999 ], [ -64.161987304999911, -42.4210815429999 ], [ -64.158874511999841, -42.422424315999876 ], [ -64.155395508000026, -42.422485351999853 ], [ -64.149108886999898, -42.422302245999902 ], [ -64.144775391, -42.424011229999905 ], [ -64.142578125, -42.4249877929999 ], [ -64.140197753999871, -42.426208495999902 ], [ -64.139526366999917, -42.42749023399989 ], [ -64.129699706999986, -42.428405761999898 ], [ -64.120605468999827, -42.426086425999927 ], [ -64.11608886699986, -42.424194335999857 ], [ -64.113525390999769, -42.421203612999875 ], [ -64.112487792999957, -42.419921874999943 ], [ -64.110412597999868, -42.418090819999975 ], [ -64.109313964999899, -42.4171752929999 ], [ -64.107482909999931, -42.415710449000017 ], [ -64.106384276999904, -42.414611815999876 ], [ -64.105590819999804, -42.411682128999871 ], [ -64.101684569999804, -42.408874511999898 ], [ -64.100280761999898, -42.405578612999875 ], [ -64.099975585999971, -42.403381347999982 ], [ -64.096679687999938, -42.402893066 ], [ -64.092285155999946, -42.400695800999983 ], [ -64.089477538999802, -42.399108886999954 ], [ -64.085205077999888, -42.398498534999987 ], [ -64.080383300999983, -42.393676757999913 ], [ -64.07788085899989, -42.390686034999817 ], [ -64.07397460899989, -42.390197753999928 ], [ -64.068481444999861, -42.384521483999947 ], [ -64.060485839999899, -42.384399413999972 ], [ -64.057312011999841, -42.382812499999943 ], [ -64.052795409999987, -42.37640380900001 ], [ -64.049011229999962, -42.365783690999876 ], [ -64.04827880900001, -42.361511229999962 ], [ -64.046813964999956, -42.359008788999859 ], [ -64.044982909999987, -42.354492188 ], [ -64.04278564499981, -42.349792479999962 ], [ -64.042907714999899, -42.346313476999967 ], [ -64.043212891, -42.3449096679999 ], [ -64.045104979999962, -42.34210205099987 ], [ -64.05242919899996, -42.341186522999976 ], [ -64.057312011999841, -42.337585448999903 ], [ -64.057983397999976, -42.336120604999849 ], [ -64.058593749999943, -42.335021972999982 ], [ -64.061889647999976, -42.333801269999981 ], [ -64.069396972999868, -42.333312987999989 ], [ -64.070007323999903, -42.332702636999841 ], [ -64.068603515999769, -42.330200194999918 ], [ -64.067199706999872, -42.328979491999803 ], [ -64.062377929999968, -42.330078124999943 ], [ -64.059692382999913, -42.328308104999849 ], [ -64.057800293000014, -42.325622558999896 ], [ -64.054809569999918, -42.325622558999896 ], [ -64.053588866999746, -42.326110839999956 ], [ -64.049011229999962, -42.323486327999888 ], [ -64.049011229999962, -42.319885253999814 ], [ -64.049028020347862, -42.319655786615442 ], [ -64.040616400324723, -42.320018690919028 ], [ -64.025394168688308, -42.250742954930274 ], [ -63.974385701430833, -42.244745099128181 ], [ -63.99349236795166, -42.21258804269587 ], [ -63.970830415519174, -42.176801350112157 ], [ -63.959861858311172, -42.174169626826369 ], [ -63.932631650309133, -42.200668603293991 ], [ -63.880490332250474, -42.165985173412537 ], [ -63.871876649882552, -42.160569668937967 ], [ -63.837055942014274, -42.15851750361179 ], [ -63.820865419389577, -42.135425599244797 ], [ -63.814970810856266, -42.133095725433748 ], [ -63.814153332360092, -42.135392434849848 ], [ -63.816885678502217, -42.136466509465151 ], [ -63.817740365700331, -42.136575733457107 ], [ -63.817764662615104, -42.136606378525642 ], [ -63.817790205181041, -42.136635993346545 ] ] ], [ [ [ -64.188788511234009, -42.203762131541225 ], [ -64.175654410278639, -42.217750505812489 ], [ -64.196015642448913, -42.245187982183609 ], [ -64.197692870999788, -42.244628906 ], [ -64.200195312999881, -42.243591308999953 ], [ -64.20281982399996, -42.243103026999961 ], [ -64.20538330099987, -42.242309569999861 ], [ -64.207275390999939, -42.242004394999924 ], [ -64.211608887000011, -42.242614745999902 ], [ -64.21350097699991, -42.242980956999986 ], [ -64.216979979999905, -42.242309569999861 ], [ -64.224487304999855, -42.242492675999813 ], [ -64.226013183999896, -42.243103026999961 ], [ -64.226318358999833, -42.244628906 ], [ -64.228393555000025, -42.245300292999957 ], [ -64.230285644999753, -42.245727538999859 ], [ -64.23138427699979, -42.244812011999898 ], [ -64.229492187999824, -42.24188232399996 ], [ -64.231018065999933, -42.23999023399989 ], [ -64.240783690999876, -42.234924315999876 ], [ -64.245788574000017, -42.234008788999972 ], [ -64.246887206999872, -42.236206054999968 ], [ -64.249328612999989, -42.236206054999968 ], [ -64.25140380900001, -42.235595703 ], [ -64.253112793000014, -42.235595703 ], [ -64.255126952999888, -42.239929198999903 ], [ -64.258483886999898, -42.239685058999953 ], [ -64.263977050999756, -42.238220214999899 ], [ -64.270202636999898, -42.238708495999902 ], [ -64.272888183999953, -42.240417479999905 ], [ -64.273681640999882, -42.242126464999899 ], [ -64.271911620999902, -42.24389648399989 ], [ -64.270507813, -42.244506836000028 ], [ -64.272888183999953, -42.246826172 ], [ -64.275085448999846, -42.247497558999953 ], [ -64.280883788999745, -42.246093749999886 ], [ -64.283996581999816, -42.245483397999919 ], [ -64.289978026999904, -42.244323729999905 ], [ -64.293212890999939, -42.246398925999927 ], [ -64.295593261999898, -42.24780273399989 ], [ -64.298889159999931, -42.249389647999919 ], [ -64.300781249999829, -42.249328612999932 ], [ -64.302795409999931, -42.249206542999957 ], [ -64.305175780999889, -42.249206542999957 ], [ -64.307006835999857, -42.249206542999957 ], [ -64.310180663999915, -42.250610352000024 ], [ -64.310791015999882, -42.252685546999942 ], [ -64.316894530999889, -42.250427245999958 ], [ -64.320129394999924, -42.249877929999911 ], [ -64.323303222999982, -42.249084472999982 ], [ -64.32592773399989, -42.249206542999957 ], [ -64.328124999999886, -42.248779296999942 ], [ -64.329711913999745, -42.250610352000024 ], [ -64.331787109, -42.249206542999957 ], [ -64.337524413999802, -42.246582030999889 ], [ -64.339599609, -42.246215819999861 ], [ -64.342285155999889, -42.245910644999924 ], [ -64.34539794899996, -42.245910644999924 ], [ -64.347717284999931, -42.245605468999884 ], [ -64.350219726999853, -42.244812011999898 ], [ -64.352478027000018, -42.244201659999817 ], [ -64.354187011999841, -42.24389648399989 ], [ -64.355407714999956, -42.24499511699986 ], [ -64.358886718999941, -42.244689941 ], [ -64.361389159999874, -42.242187499999886 ], [ -64.364196777000018, -42.240295409999931 ], [ -64.367309569999804, -42.238891602000024 ], [ -64.370910644999867, -42.238403319999861 ], [ -64.375, -42.239013672 ], [ -64.378784180000025, -42.238586425999927 ], [ -64.378784180000025, -42.237609862999932 ], [ -64.377502440999933, -42.237609862999932 ], [ -64.376098632999799, -42.237304688 ], [ -64.374816894999867, -42.236206054999968 ], [ -64.373413085999971, -42.235290526999961 ], [ -64.369995116999974, -42.235595703 ], [ -64.368896483999833, -42.234313964999899 ], [ -64.359313964999785, -42.232299804999968 ], [ -64.355407714999956, -42.231323241999803 ], [ -64.35211181599982, -42.230895995999902 ], [ -64.3488159179999, -42.230529784999874 ], [ -64.346496581999759, -42.229309081999872 ], [ -64.342895508000026, -42.228881835999857 ], [ -64.339904784999931, -42.22882080099987 ], [ -64.336975097999925, -42.228088378999871 ], [ -64.333801269999867, -42.227478026999904 ], [ -64.330627441, -42.226928710999914 ], [ -64.327880859, -42.226379394999867 ], [ -64.324829102000024, -42.225891112999875 ], [ -64.32202148399989, -42.225280761999898 ], [ -64.320190429999911, -42.225097655999946 ], [ -64.318176269999867, -42.223999022999976 ], [ -64.315124511999898, -42.224182128999871 ], [ -64.313293456999986, -42.223876953 ], [ -64.311096191, -42.222778319999975 ], [ -64.309082030999889, -42.222412108999947 ], [ -64.306884765999882, -42.221984862999875 ], [ -64.302307128999871, -42.221496581999872 ], [ -64.297790526999904, -42.221008300999983 ], [ -64.295227050999813, -42.220397949000017 ], [ -64.291809081999872, -42.220275878999871 ], [ -64.288879394999867, -42.219482421999942 ], [ -64.285888671999942, -42.219482421999942 ], [ -64.283508300999983, -42.219116210999914 ], [ -64.281494140999882, -42.218811034999987 ], [ -64.279174804999911, -42.218688965000013 ], [ -64.276611327999888, -42.218017577999888 ], [ -64.268310547, -42.21661376999981 ], [ -64.264404297, -42.216186522999919 ], [ -64.261901854999905, -42.216308593999884 ], [ -64.258605956999872, -42.215576171999942 ], [ -64.256103515999939, -42.215087890999939 ], [ -64.252624511999841, -42.21459960899989 ], [ -64.250793456999872, -42.214294433999839 ], [ -64.247802733999947, -42.21350097699991 ], [ -64.245788574000017, -42.213012694999861 ], [ -64.242919921999885, -42.21270751999981 ], [ -64.239807128999814, -42.212524413999859 ], [ -64.233398437999824, -42.211303711000028 ], [ -64.230407714999899, -42.210876465000013 ], [ -64.227905272999863, -42.210083007999913 ], [ -64.225097656, -42.209777831999986 ], [ -64.22180175799997, -42.208984374999886 ], [ -64.217529296999885, -42.208312987999932 ], [ -64.212829589999785, -42.207580566 ], [ -64.209106444999918, -42.206909180000025 ], [ -64.206604003999985, -42.20678710899989 ], [ -64.203613280999889, -42.206481933999953 ], [ -64.201293944999918, -42.205993651999961 ], [ -64.198608397999863, -42.205322266 ], [ -64.196105956999929, -42.204895019999924 ], [ -64.193786620999958, -42.204589843999884 ], [ -64.188788511234009, -42.203762131541225 ] ] ], [ [ [ -64.549316405999889, -42.234374999999886 ], [ -64.541809081999759, -42.235107421999828 ], [ -64.53680419899996, -42.234497069999861 ], [ -64.53210449199986, -42.234497069999861 ], [ -64.528198241999803, -42.234985352000024 ], [ -64.523010253999871, -42.235595703 ], [ -64.519287108999833, -42.235717772999976 ], [ -64.516296387000011, -42.234985352000024 ], [ -64.511901855000019, -42.235290526999961 ], [ -64.50750732399996, -42.235229491999803 ], [ -64.500915526999904, -42.235107421999828 ], [ -64.497009276999904, -42.234924315999876 ], [ -64.495178222999812, -42.235778808999953 ], [ -64.493591308999896, -42.235900878999928 ], [ -64.489929199000017, -42.236206054999968 ], [ -64.487304687999938, -42.236999511999898 ], [ -64.484497069999975, -42.236511229999905 ], [ -64.482177734, -42.23608398399989 ], [ -64.479370116999803, -42.236206054999968 ], [ -64.477111816, -42.236389159999931 ], [ -64.472290038999915, -42.236694336000028 ], [ -64.469726563, -42.237609862999932 ], [ -64.464172362999818, -42.23797607399996 ], [ -64.461608886999898, -42.23797607399996 ], [ -64.461303711000028, -42.239501953 ], [ -64.462280272999919, -42.239807128999928 ], [ -64.463500977000024, -42.240112304999968 ], [ -64.464111327999831, -42.240295409999931 ], [ -64.465515136999898, -42.24108886699986 ], [ -64.466125487999932, -42.24188232399996 ], [ -64.468200683999953, -42.242797852000024 ], [ -64.469482421999942, -42.244201659999817 ], [ -64.473815917999957, -42.245788573999846 ], [ -64.475585937999938, -42.246826172 ], [ -64.478027343999884, -42.248291015999882 ], [ -64.479797362999875, -42.249023438 ], [ -64.481506347999868, -42.252807616999917 ], [ -64.483093261999898, -42.254211425999983 ], [ -64.485290526999904, -42.253906249999886 ], [ -64.485900878999871, -42.254272460999971 ], [ -64.485900878999871, -42.257202147999919 ], [ -64.486816405999946, -42.257507323999846 ], [ -64.4874877929999, -42.25762939499981 ], [ -64.488586425999927, -42.258911132999913 ], [ -64.48828125, -42.259704590000013 ], [ -64.489318847999868, -42.260681151999904 ], [ -64.492004394999867, -42.261291503999871 ], [ -64.494384765999826, -42.262084960999971 ], [ -64.495422362999875, -42.263977050999927 ], [ -64.496093749999829, -42.263916015999939 ], [ -64.497375487999989, -42.264099120999902 ], [ -64.498413085999857, -42.264404296999942 ], [ -64.500915526999904, -42.265380859 ], [ -64.507812499999886, -42.269775391 ], [ -64.507812499999886, -42.271423340000013 ], [ -64.50750732399996, -42.273681641 ], [ -64.507690429999911, -42.275390625 ], [ -64.510009765999882, -42.276794433999896 ], [ -64.51477050799997, -42.278381347999812 ], [ -64.520507812999938, -42.279785155999889 ], [ -64.522311859761203, -42.280410558950678 ], [ -64.567701329019258, -42.232068850133999 ], [ -64.560302733999777, -42.232604979999905 ], [ -64.553527831999986, -42.233398437999824 ], [ -64.549316405999889, -42.234374999999886 ] ] ], [ [ [ -64.309383317000027, -42.576182526999901 ], [ -64.309149737999974, -42.576203761999864 ], [ -64.3088707740921, -42.576128918290351 ], [ -64.305352981360045, -42.579341772782641 ], [ -64.305213127180537, -42.579350615786666 ], [ -64.30402488630159, -42.579658421592057 ], [ -64.304018237895662, -42.579644107486956 ], [ -64.303745766922418, -42.579772583198178 ], [ -64.303699488820484, -42.579758854061254 ], [ -64.303550514529604, -42.579642062801895 ], [ -64.301333456588736, -42.578637379649138 ], [ -64.295251266848709, -42.576852996375294 ], [ -64.295227275325885, -42.576848340673337 ], [ -64.292119657518072, -42.576141166342154 ], [ -64.292038903057346, -42.576289680944456 ], [ -64.291459623684204, -42.576842282856319 ], [ -64.291568889999894, -42.576921018999883 ], [ -64.291737507, -42.577042522 ], [ -64.292332070999976, -42.577743257999884 ], [ -64.292661203999955, -42.577934367999887 ], [ -64.2929054, -42.578189180999914 ], [ -64.293075276000025, -42.578518314999883 ], [ -64.292979720999767, -42.578943002999949 ], [ -64.292873547999932, -42.579431394999858 ], [ -64.292427624999902, -42.579909169999951 ], [ -64.292289601999926, -42.580333857999904 ], [ -64.292735524999898, -42.580333857999904 ], [ -64.292884165999851, -42.58051435099992 ], [ -64.292958485999861, -42.580747929999973 ], [ -64.293277003000014, -42.580716077999909 ], [ -64.29357428499992, -42.580917804999899 ], [ -64.293924652999863, -42.581077062999952 ], [ -64.294275020999976, -42.580779780999876 ], [ -64.294306871999879, -42.580227686 ], [ -64.294391809999809, -42.580057810999904 ], [ -64.294576777999907, -42.580032587999938 ], [ -64.294858967999915, -42.579994106999948 ], [ -64.295050076999985, -42.579994106999948 ], [ -64.29531550799976, -42.58027015499988 ], [ -64.29583575099997, -42.580482498999856 ], [ -64.295941922999873, -42.580493115999843 ], [ -64.296355994999942, -42.580524967999906 ], [ -64.296748831999935, -42.580631139999809 ], [ -64.296939941999938, -42.580673608999859 ], [ -64.29734339599986, -42.580684225999846 ], [ -64.29755574, -42.580970890999879 ], [ -64.297853021999913, -42.581225703999905 ], [ -64.298012280000023, -42.581745947999877 ], [ -64.298267092999879, -42.582117549999964 ], [ -64.298479437999958, -42.582669644999896 ], [ -64.29849502799982, -42.582708621999927 ], [ -64.298585609999861, -42.582935076000012 ], [ -64.299127087999807, -42.582945692999829 ], [ -64.299179701999833, -42.582887231999962 ], [ -64.29931819799981, -42.582733349000023 ], [ -64.299764120999782, -42.58265902799991 ], [ -64.300114488999895, -42.582584707999899 ], [ -64.300103870999976, -42.582308659999967 ], [ -64.300231277999956, -42.582064463999927 ], [ -64.300549793999835, -42.582234339999957 ], [ -64.300825841999938, -42.58238298099991 ], [ -64.300953248999917, -42.582531621999863 ], [ -64.300889544999905, -42.582871372 ], [ -64.300815224999951, -42.583221740999932 ], [ -64.300501056999906, -42.583378824999954 ], [ -64.300411770999972, -42.583423467999921 ], [ -64.300475474, -42.583710132000022 ], [ -64.300900162999881, -42.583848155999988 ], [ -64.301131670000018, -42.583780123999873 ], [ -64.301235406999808, -42.583846137999899 ], [ -64.301452257999813, -42.583614577999924 ], [ -64.301898180999785, -42.583837539 ], [ -64.301866328999893, -42.58411358699982 ], [ -64.301640587999941, -42.584103980999828 ], [ -64.301367319999827, -42.584092352000027 ], [ -64.301123123999844, -42.584177289999957 ], [ -64.300740903999838, -42.584379016999947 ], [ -64.300571028999912, -42.584623212999986 ], [ -64.300507325999888, -42.584888642999829 ], [ -64.300985099999821, -42.585345182999959 ], [ -64.30144164, -42.585706168999877 ], [ -64.301834477, -42.58615209200002 ], [ -64.302450275999888, -42.586279497999897 ], [ -64.303002371, -42.586247646999823 ], [ -64.303395207999813, -42.586661717999903 ], [ -64.304031217999864, -42.586367444999894 ], [ -64.304106560999969, -42.586332583999933 ], [ -64.304541867000012, -42.585929129999954 ], [ -64.304754210999988, -42.585801723999964 ], [ -64.304679890999978, -42.585642464999864 ], [ -64.304435694999938, -42.585387652 ], [ -64.304393225999888, -42.585037283999952 ], [ -64.304563100999985, -42.585175307999918 ], [ -64.304807296999854, -42.585493823999911 ], [ -64.305040875999907, -42.585791105999988 ], [ -64.305104578999874, -42.586088387999894 ], [ -64.305242602999897, -42.586332583999933 ], [ -64.305178899999873, -42.586736039000016 ], [ -64.305185838, -42.586937256999875 ], [ -64.30518951699986, -42.587043937999908 ], [ -64.305699143000027, -42.587266898999872 ], [ -64.30610465399991, -42.587390697999808 ], [ -64.30633872300001, -42.58750621299987 ], [ -64.306569754999941, -42.587479243999951 ], [ -64.307111232999887, -42.587245664999898 ], [ -64.307684561999906, -42.587224429999821 ], [ -64.308056164999812, -42.587266898999872 ], [ -64.308502087999784, -42.587479243999951 ], [ -64.308852455999897, -42.587128874999905 ], [ -64.30864011199975, -42.586598014999879 ], [ -64.308618877000015, -42.585939746999941 ], [ -64.308831221999753, -42.585536292999961 ], [ -64.309096651999937, -42.585302714999898 ], [ -64.309776154000019, -42.585217776999968 ], [ -64.310081673999832, -42.585081096999943 ], [ -64.310179607999828, -42.585037283999952 ], [ -64.310136892999935, -42.584930498 ], [ -64.310094669999842, -42.584824939999976 ], [ -64.309797387999822, -42.584559509999963 ], [ -64.309521341, -42.584432102999983 ], [ -64.309128504, -42.584294079000017 ], [ -64.308841838999911, -42.584102969000014 ], [ -64.308735667, -42.583763218999877 ], [ -64.308703814999944, -42.583625194999911 ], [ -64.308905541999934, -42.583412849999945 ], [ -64.309224058999746, -42.583359763999908 ], [ -64.309510722999903, -42.583391615999858 ], [ -64.309786771, -42.583370381999885 ], [ -64.310052200999792, -42.583253592 ], [ -64.310508740999978, -42.583115567999869 ], [ -64.310735545999819, -42.583291341999825 ], [ -64.310933429999864, -42.583444702 ], [ -64.311379352999893, -42.583359763999908 ], [ -64.311358118999749, -42.583126186000015 ], [ -64.31118824299989, -42.582935076000012 ], [ -64.310954664, -42.582956309999815 ], [ -64.310837868999783, -42.582893419999948 ], [ -64.310402568999905, -42.58265902799991 ], [ -64.310094669999842, -42.582627176999949 ], [ -64.309680598999932, -42.582669644999896 ], [ -64.30928776199994, -42.582584707999899 ], [ -64.309032948999914, -42.582404214999883 ], [ -64.309330231, -42.582064463999927 ], [ -64.310062817999949, -42.581905205999988 ], [ -64.310402568999905, -42.581469899999945 ], [ -64.310413186999881, -42.581140766999965 ], [ -64.310476889999848, -42.580811633 ], [ -64.310338865999881, -42.580652374999886 ], [ -64.310328248999895, -42.580227686 ], [ -64.310168991000012, -42.579972872999974 ], [ -64.309754918999886, -42.579802997999877 ], [ -64.309553191999953, -42.579452629 ], [ -64.309500105999916, -42.578911151999876 ], [ -64.30936208199995, -42.578486463 ], [ -64.309308995999913, -42.578242266999951 ], [ -64.309510722999903, -42.577732640999898 ], [ -64.309861090999789, -42.577414123999915 ], [ -64.310052200999792, -42.576978818999862 ], [ -64.310084052999912, -42.576607215999843 ], [ -64.309999114999812, -42.57638425499988 ], [ -64.310137138999892, -42.576086972999974 ], [ -64.309733684999969, -42.576044503999924 ], [ -64.309383317000027, -42.576182526999901 ] ] ], [ [ [ -65.282409668000014, -44.413208007999856 ], [ -65.282900084467087, -44.413698424467043 ], [ -65.282512841424136, -44.412119215980283 ], [ -65.282287597999868, -44.412292479999962 ], [ -65.282409668000014, -44.413208007999856 ] ] ], [ [ [ -65.283274640952641, -44.415225896145444 ], [ -65.282897948999903, -44.415405272999863 ], [ -65.282409668000014, -44.415405272999863 ], [ -65.281494140999939, -44.41571044899996 ], [ -65.280883788999972, -44.416381835999914 ], [ -65.279418944999918, -44.417114257999856 ], [ -65.277893065999876, -44.417602538999859 ], [ -65.276611327999888, -44.418395995999958 ], [ -65.275817870999788, -44.419311522999863 ], [ -65.275512694999918, -44.419982909999987 ], [ -65.276611327999888, -44.420227050999927 ], [ -65.277587890999939, -44.420227050999927 ], [ -65.278686522999976, -44.420104979999962 ], [ -65.279418944999918, -44.419677733999947 ], [ -65.280212402000018, -44.419799805000025 ], [ -65.279479979999905, -44.420288085999914 ], [ -65.279296874999943, -44.421203612999989 ], [ -65.280883788999972, -44.421875 ], [ -65.282104491999803, -44.421997069999918 ], [ -65.284962326513664, -44.422108414525553 ], [ -65.283274640952641, -44.415225896145444 ] ] ], [ [ [ -65.283325194999918, -44.430908202999944 ], [ -65.285400390999769, -44.43109130900001 ], [ -65.287127679831201, -44.430938900696788 ], [ -65.286052192390684, -44.426552975825302 ], [ -65.285827637000011, -44.426574706999872 ], [ -65.28350830099987, -44.427001952999888 ], [ -65.281188964999899, -44.427978515999939 ], [ -65.280395507999913, -44.428894043000014 ], [ -65.281799315999876, -44.430419921999885 ], [ -65.283325194999918, -44.430908202999944 ] ] ], [ [ [ -65.294311522999806, -44.489807128999928 ], [ -65.292480468999827, -44.490112304999855 ], [ -65.290893554999798, -44.490112304999855 ], [ -65.289978026999961, -44.490783691 ], [ -65.289611815999876, -44.491882323999846 ], [ -65.288879394999924, -44.492492675999927 ], [ -65.287597656, -44.492675780999889 ], [ -65.285827637000011, -44.492614745999902 ], [ -65.284912108999947, -44.492004394999924 ], [ -65.283996581999872, -44.492492675999813 ], [ -65.283081054999968, -44.493408202999888 ], [ -65.283386229999905, -44.494384765999882 ], [ -65.283996581999872, -44.495117188 ], [ -65.283691405999832, -44.495910644999924 ], [ -65.284484862999932, -44.497619628999928 ], [ -65.285522460999914, -44.499023438 ], [ -65.287109374999943, -44.499389647999919 ], [ -65.287780761999898, -44.500122069999861 ], [ -65.287902831999872, -44.500976562999938 ], [ -65.28851318400001, -44.501586913999915 ], [ -65.28851318400001, -44.502075194999975 ], [ -65.289611815999876, -44.502929688 ], [ -65.289306640999769, -44.503601074000017 ], [ -65.288024902000018, -44.503601074000017 ], [ -65.287109374999943, -44.504211425999983 ], [ -65.286376953, -44.505187987999875 ], [ -65.286343121730283, -44.505796952516448 ], [ -65.294944820836918, -44.515475853299904 ], [ -65.29522705099987, -44.514892577999831 ], [ -65.296386718999884, -44.513610840000013 ], [ -65.296691894999924, -44.512817382999913 ], [ -65.29577636699986, -44.511718749999943 ], [ -65.29577636699986, -44.510375976999967 ], [ -65.296813964999899, -44.509704590000013 ], [ -65.299011229999905, -44.509582519999867 ], [ -65.300598144999924, -44.510803222999868 ], [ -65.301208495999958, -44.511779784999931 ], [ -65.302185058999783, -44.512207030999946 ], [ -65.302612305000025, -44.5128784179999 ], [ -65.302307128999757, -44.515197753999871 ], [ -65.303283691, -44.515380859 ], [ -65.304809569999861, -44.514709472999868 ], [ -65.306213378999757, -44.513183593999827 ], [ -65.307189941, -44.5128784179999 ], [ -65.307226287124763, -44.51290264874973 ], [ -65.301685463930369, -44.490306723087883 ], [ -65.301086425999983, -44.490905761999898 ], [ -65.300781249999886, -44.491516112999932 ], [ -65.300109862999932, -44.491821288999859 ], [ -65.29858398399989, -44.491699218999884 ], [ -65.297729491999974, -44.491210938 ], [ -65.297485352000024, -44.490478515999882 ], [ -65.297485352000024, -44.489379883000026 ], [ -65.298095702999888, -44.488708495999902 ], [ -65.298095702999888, -44.488281249999886 ], [ -65.297302245999902, -44.488098144999924 ], [ -65.295898438, -44.488586425999813 ], [ -65.294311522999806, -44.489807128999928 ] ] ] ] } },
{ "type": "Feature", "properties": { "Name": "REL : 60 - 120", "FromBreak": 60.0, "ToBreak": 120.0, "IATA": "REL" }, "geometry": { "type": "MultiPolygon", "coordinates": [ [ [ [ -65.33071498281322, -41.451253437093214 ], [ -65.303579189795187, -41.540417317817855 ], [ -65.231436595041941, -41.537434673553662 ], [ -65.208033294024801, -41.552360527907013 ], [ -65.206284736881457, -41.553319292349158 ], [ -65.199373552756754, -41.557108823117289 ], [ -65.196529145901422, -41.558668458406032 ], [ -65.193445749470357, -41.560359153663796 ], [ -65.191135701436622, -41.561625814600461 ], [ -65.18489353439611, -41.565048519793322 ], [ -65.177577160920805, -41.569060233886432 ], [ -65.166401029962685, -41.575188312253317 ], [ -65.165974048702992, -41.574908781459499 ], [ -65.101945554601173, -41.603591386082712 ], [ -65.095872139478786, -41.607391159943518 ], [ -65.095880413881389, -41.607421154744941 ], [ -65.090356866456148, -41.61127528212279 ], [ -65.090308218100404, -41.611274864208212 ], [ -65.062723758017569, -41.617487122843443 ], [ -65.062712770923554, -41.617481929648704 ], [ -65.062642439679337, -41.617472292591401 ], [ -65.052247493560287, -41.619987457570005 ], [ -65.052272143683922, -41.620021729427776 ], [ -65.060406963832861, -41.623939771028631 ], [ -65.060485404066924, -41.623948070785445 ], [ -65.063054345168098, -41.625119385167181 ], [ -65.064904611783845, -41.62844042942146 ], [ -65.070672243402726, -41.632966374195462 ], [ -65.104809047626077, -41.657520650957167 ], [ -65.111587593232002, -41.663602074363268 ], [ -65.119398886666886, -41.668578122229462 ], [ -65.124028114270288, -41.674409280613588 ], [ -65.136744435415778, -41.664161167647649 ], [ -65.140866592886823, -41.660839111296298 ], [ -65.145526635170597, -41.661044573808624 ], [ -65.148466264045112, -41.661829880083417 ], [ -65.147738648247014, -41.676889038848458 ], [ -65.128643377077708, -41.68482817812918 ], [ -65.12270593256136, -41.677286633119024 ], [ -65.122704181409688, -41.677284346235353 ], [ -65.113105003174496, -41.685300679993304 ], [ -65.113083562614406, -41.685315467818157 ], [ -65.108398401359693, -41.689348654108414 ], [ -65.095682229232523, -41.694141307254426 ], [ -65.093069386601883, -41.695835884265591 ], [ -65.087791354306944, -41.697115344958888 ], [ -65.053072669222729, -41.732168987246723 ], [ -65.0389237173232, -41.748689787762714 ], [ -65.038952129593099, -41.750277114847506 ], [ -65.023492769751385, -41.777186596655952 ], [ -65.022235923052961, -41.771521060361806 ], [ -65.012934445452458, -41.780600940427917 ], [ -65.013610840000013, -41.783081055000025 ], [ -65.014282226999967, -41.786193847999812 ], [ -65.015197753999871, -41.78961181599982 ], [ -65.016296386999841, -41.79357910199991 ], [ -65.016479491999803, -41.795898437999881 ], [ -65.016723632999913, -41.798706054999911 ], [ -65.016296386999841, -41.804199218999941 ], [ -65.016113280999946, -41.805725097999982 ], [ -65.015686034999874, -41.807983397999863 ], [ -65.015075683999896, -41.811279297 ], [ -65.015014647999749, -41.814697266 ], [ -65.014892577999774, -41.816101073999903 ], [ -65.014770507999799, -41.81817626999981 ], [ -65.014892577999774, -41.819396972999925 ], [ -65.014770507999799, -41.821777343999884 ], [ -65.014770507999799, -41.825927734 ], [ -65.015075683999896, -41.827575683999839 ], [ -65.015808104999849, -41.829895019999981 ], [ -65.015624999999886, -41.831604003999985 ], [ -65.015869141, -41.832214354999962 ], [ -65.016296386999841, -41.832580565999876 ], [ -65.017578125, -41.833190918000014 ], [ -65.018798827999831, -41.833618163999859 ], [ -65.022705077999831, -41.833496093999884 ], [ -65.025512694999975, -41.833312987999989 ], [ -65.027526854999905, -41.833374022999976 ], [ -65.03210449199986, -41.833923339999956 ], [ -65.033691405999889, -41.833496093999884 ], [ -65.034301758000026, -41.833312987999989 ], [ -65.034973144999981, -41.832580565999876 ], [ -65.035583495999845, -41.832092284999987 ], [ -65.03680419899996, -41.831298827999888 ], [ -65.038574218999941, -41.830810546999885 ], [ -65.03967285199991, -41.830871581999872 ], [ -65.041320800999927, -41.831909180000025 ], [ -65.044921874999886, -41.834899902000018 ], [ -65.047302246000015, -41.837280272999976 ], [ -65.047607421999885, -41.838989257999913 ], [ -65.04797363299997, -41.840087890999939 ], [ -65.048583983999777, -41.841125487999989 ], [ -65.049194335999914, -41.84289550799997 ], [ -65.049682616999974, -41.845886229999905 ], [ -65.048828124999886, -41.848388672 ], [ -65.047912597999982, -41.849975586000028 ], [ -65.046874999999773, -41.85101318400001 ], [ -65.046325683999953, -41.851928710999914 ], [ -65.046203612999818, -41.852172852000024 ], [ -65.046874999999773, -41.852905272999976 ], [ -65.047607421999885, -41.853210448999903 ], [ -65.048278808999839, -41.85437011699986 ], [ -65.048278808999839, -41.855712890999826 ], [ -65.047790527000018, -41.8566284179999 ], [ -65.04718017599987, -41.85717773399989 ], [ -65.046997069999748, -41.858215331999929 ], [ -65.048400878999814, -41.861328124999829 ], [ -65.049011230000019, -41.86242675799997 ], [ -65.049072265999826, -41.863403319999861 ], [ -65.048583983999777, -41.864379882999913 ], [ -65.047607421999885, -41.86499023399989 ], [ -65.046386718999941, -41.866027831999929 ], [ -65.046203612999818, -41.866821288999859 ], [ -65.046508788999915, -41.868286132999913 ], [ -65.046325683999953, -41.869018555000025 ], [ -65.045593262000011, -41.869812011999954 ], [ -65.045104980000019, -41.870178222999868 ], [ -65.044128417999957, -41.869812011999954 ], [ -65.043518066, -41.869628906 ], [ -65.04278564499981, -41.869506836000028 ], [ -65.041381835999914, -41.869384765999882 ], [ -65.039306640999882, -41.870605468999884 ], [ -65.039001464999956, -41.870605468999884 ], [ -65.038513183999953, -41.87091064499981 ], [ -65.037475585999914, -41.87170410199991 ], [ -65.037109374999886, -41.872192382999913 ], [ -65.037109374999886, -41.872985840000013 ], [ -65.037597655999889, -41.873291015999939 ], [ -65.040771483999947, -41.873901366999917 ], [ -65.042907714999785, -41.874206542999843 ], [ -65.043518066, -41.874511718999884 ], [ -65.04357910199991, -41.874877929999968 ], [ -65.04357910199991, -41.875671386999898 ], [ -65.043701171999885, -41.876281737999875 ], [ -65.044189452999944, -41.877075194999975 ], [ -65.044494628999985, -41.877197265999939 ], [ -65.045288085999914, -41.877929687999881 ], [ -65.045898437999881, -41.878906249999943 ], [ -65.046386718999941, -41.879211425999983 ], [ -65.047790527000018, -41.879272460999971 ], [ -65.048095702999944, -41.879211425999983 ], [ -65.048706054999911, -41.878601074000017 ], [ -65.048889159999874, -41.877685546999942 ], [ -65.049011230000019, -41.877380370999902 ], [ -65.049316405999889, -41.877075194999975 ], [ -65.050109862999818, -41.877014159999987 ], [ -65.050781249999829, -41.877502440999876 ], [ -65.052307128999871, -41.878479003999871 ], [ -65.053283690999876, -41.878601074000017 ], [ -65.054382323999903, -41.879089354999905 ], [ -65.05578613299997, -41.880187987999875 ], [ -65.057617187999938, -41.881591796999942 ], [ -65.058288573999903, -41.883605956999872 ], [ -65.059326171999942, -41.885681151999904 ], [ -65.059326171999942, -41.888000487999875 ], [ -65.059692382999799, -41.888977050999927 ], [ -65.059570312999824, -41.890197753999928 ], [ -65.059387206999929, -41.890686034999931 ], [ -65.05889892599987, -41.890869140999882 ], [ -65.05859375, -41.891601562999824 ], [ -65.05859375, -41.893310546999828 ], [ -65.058410644999867, -41.893493651999961 ], [ -65.058410644999867, -41.894226073999903 ], [ -65.058105468999941, -41.895080566 ], [ -65.057495116999974, -41.895507813 ], [ -65.057189940999933, -41.895507813 ], [ -65.056884766, -41.895874022999919 ], [ -65.056701659999874, -41.900695800999813 ], [ -65.057006835999971, -41.901306151999961 ], [ -65.059387206999929, -41.901611328 ], [ -65.060485839999899, -41.901306151999961 ], [ -65.06201171899977, -41.901123047 ], [ -65.063293456999929, -41.901306151999961 ], [ -65.065307616999803, -41.902893066 ], [ -65.065490722999925, -41.903381347999982 ], [ -65.065429687999938, -41.904113769999924 ], [ -65.065490722999925, -41.904785155999889 ], [ -65.065979003999814, -41.905212401999961 ], [ -65.066101073999903, -41.905578612999875 ], [ -65.066101073999903, -41.906188964999956 ], [ -65.065917968999827, -41.907226563 ], [ -65.065002440999933, -41.908081054999911 ], [ -65.064514159999874, -41.908203124999886 ], [ -65.063720702999774, -41.908203124999886 ], [ -65.063293456999929, -41.908386230000019 ], [ -65.063110351999967, -41.908691405999946 ], [ -65.062927246000015, -41.909301757999913 ], [ -65.062377930000025, -41.909973144999867 ], [ -65.06201171899977, -41.910705566 ], [ -65.0617065429999, -41.911682128999871 ], [ -65.061584472999925, -41.912902831999986 ], [ -65.061401366999974, -41.914978026999904 ], [ -65.061096190999933, -41.916625977000024 ], [ -65.061401366999974, -41.917480468999827 ], [ -65.061889647999863, -41.917785644999867 ], [ -65.06201171899977, -41.918212890999882 ], [ -65.062194823999903, -41.918884276999904 ], [ -65.062377930000025, -41.919677734 ], [ -65.0625, -41.92077636699986 ], [ -65.061889647999863, -41.925109862999875 ], [ -65.061584472999925, -41.929321288999972 ], [ -65.061523437999938, -41.934204101999853 ], [ -65.0617065429999, -41.934509276999904 ], [ -65.062377930000025, -41.935607909999931 ], [ -65.06280517599987, -41.938476562999881 ], [ -65.062988280999832, -41.940429687999824 ], [ -65.063476562999824, -41.941711425999927 ], [ -65.064880370999958, -41.942382812999881 ], [ -65.065795897999863, -41.942993163999915 ], [ -65.06640625, -41.94390869099982 ], [ -65.066589354999962, -41.945190429999911 ], [ -65.067199706999929, -41.947204589999956 ], [ -65.067687987999818, -41.949096679999911 ], [ -65.067871093999884, -41.950988769999867 ], [ -65.06817626999981, -41.952392577999944 ], [ -65.068786620999958, -41.953491210999914 ], [ -65.070190430000025, -41.954406737999875 ], [ -65.072204589999956, -41.957214355000019 ], [ -65.07287597699991, -41.959777831999929 ], [ -65.074279784999987, -41.962524413999915 ], [ -65.074584960999914, -41.965087891 ], [ -65.074401854999962, -41.967895507999856 ], [ -65.073791503999985, -41.97247314499981 ], [ -65.073608397999863, -41.974182128999814 ], [ -65.073486327999888, -41.975585937999881 ], [ -65.07287597699991, -41.978393555000025 ], [ -65.071777343999884, -41.979980468999884 ], [ -65.069885253999814, -41.981384277000018 ], [ -65.068481444999861, -41.98187255900001 ], [ -65.06817626999981, -41.982604979999962 ], [ -65.068298339999899, -41.984008788999859 ], [ -65.068420409999874, -41.985107421999885 ], [ -65.068908690999933, -41.986206054999911 ], [ -65.069091796999885, -41.987609862999989 ], [ -65.069091796999885, -41.988708495999845 ], [ -65.068725585999971, -41.989990233999947 ], [ -65.067871093999884, -41.992004394999981 ], [ -65.06817626999981, -41.994506835999914 ], [ -65.068298339999899, -41.996520996000015 ], [ -65.068603516, -41.99749755900001 ], [ -65.069220975999826, -41.999518339999952 ], [ -65.069274901999847, -42.00030517599987 ], [ -65.069580077999888, -42.002319335999914 ], [ -65.069885253999814, -42.005187987999932 ], [ -65.068481444999861, -42.009582519999924 ], [ -65.067626952999831, -42.013122558999896 ], [ -65.066284180000025, -42.016479491999917 ], [ -65.065002440999933, -42.021118163999859 ], [ -65.062683104999962, -42.026306151999847 ], [ -65.059570312999824, -42.030578612999875 ], [ -65.058410644999867, -42.034301757999913 ], [ -65.056213378999871, -42.036376953 ], [ -65.053283690999876, -42.042297362999932 ], [ -65.050598144999867, -42.04632568400001 ], [ -65.048095702999944, -42.048706054999855 ], [ -65.047790527000018, -42.051269530999889 ], [ -65.045410155999889, -42.054504394999924 ], [ -65.04382324199986, -42.057006836000028 ], [ -65.041381835999914, -42.060180663999915 ], [ -65.039489745999845, -42.064025878999814 ], [ -65.03570556599982, -42.068603515999939 ], [ -65.031677245999788, -42.074096679999968 ], [ -65.026794433999896, -42.079406737999875 ], [ -65.019226074000017, -42.08758544899996 ], [ -65.005798339999842, -42.100585937999938 ], [ -65.000610352000024, -42.105590819999975 ], [ -64.995605468999827, -42.110412597999982 ], [ -64.989074706999816, -42.114990234 ], [ -64.984619140999939, -42.119201659999931 ], [ -64.980895995999902, -42.121704101999967 ], [ -64.977111815999876, -42.124511719 ], [ -64.973083495999902, -42.127380370999958 ], [ -64.967895507999913, -42.131103515999882 ], [ -64.963500977000024, -42.134094237999989 ], [ -64.96069335899989, -42.135925292999957 ], [ -64.955078124999886, -42.140380858999947 ], [ -64.95007324199986, -42.142578124999943 ], [ -64.946105956999872, -42.145812987999989 ], [ -64.941223144999981, -42.148010253999871 ], [ -64.937011718999884, -42.150512694999804 ], [ -64.932983397999976, -42.152893065999933 ], [ -64.928283690999876, -42.155517577999944 ], [ -64.924987792999843, -42.1574096679999 ], [ -64.918701171999828, -42.161987305000025 ], [ -64.914001464999899, -42.164489745999958 ], [ -64.911193847999925, -42.165527343999827 ], [ -64.908386229999905, -42.168090819999918 ], [ -64.903503417999843, -42.170104979999962 ], [ -64.898376464999899, -42.172302245999958 ], [ -64.891906737999989, -42.175476074000017 ], [ -64.885314940999763, -42.178283690999876 ], [ -64.881103516, -42.180725097999812 ], [ -64.874328612999875, -42.183410644999981 ], [ -64.868713378999871, -42.184509277000018 ], [ -64.864807128999871, -42.185424804999911 ], [ -64.861694335999971, -42.186706543000014 ], [ -64.857604980000019, -42.18859863299997 ], [ -64.854003905999889, -42.189697265999939 ], [ -64.850585937999881, -42.190795897999976 ], [ -64.84539794899996, -42.19171142599987 ], [ -64.841674804999911, -42.19171142599987 ], [ -64.838684081999816, -42.193176269999924 ], [ -64.834777831999759, -42.195190429999855 ], [ -64.830993651999904, -42.195800781 ], [ -64.826477050999927, -42.197082519999924 ], [ -64.822998046999942, -42.197509765999826 ], [ -64.819702147999749, -42.197998047 ], [ -64.817687987999875, -42.197387694999861 ], [ -64.813903808999783, -42.198303222999925 ], [ -64.809082030999889, -42.198303222999925 ], [ -64.804199218999827, -42.197692870999902 ], [ -64.802612304999798, -42.196289063 ], [ -64.801025390999769, -42.19561767599987 ], [ -64.79888915999976, -42.196105956999872 ], [ -64.791381835999857, -42.199096679999855 ], [ -64.781005858999947, -42.202697753999928 ], [ -64.772094726999853, -42.205993651999961 ], [ -64.750183104999905, -42.212219237999818 ], [ -64.744384765999939, -42.213012694999861 ], [ -64.740600585999914, -42.213684081999872 ], [ -64.73577880900001, -42.214477538999802 ], [ -64.729919433999896, -42.214721680000025 ], [ -64.724121093999827, -42.215881347999868 ], [ -64.717712401999904, -42.215881347999868 ], [ -64.711791991999974, -42.215576171999942 ], [ -64.703186034999874, -42.215209960999914 ], [ -64.695495604999849, -42.216369628999871 ], [ -64.684997558999896, -42.217773437999938 ], [ -64.682189940999933, -42.218994140999939 ], [ -64.673583984, -42.220520019999981 ], [ -64.671569823999903, -42.22210693400001 ], [ -64.668395996000015, -42.223083495999902 ], [ -64.662292480000019, -42.223083495999902 ], [ -64.654602050999756, -42.223876952999831 ], [ -64.644592284999931, -42.225708007999913 ], [ -64.632385253999871, -42.227478026999904 ], [ -64.619628906, -42.228698729999905 ], [ -64.613586425999813, -42.229980469 ], [ -64.599304198999903, -42.230773925999927 ], [ -64.585571288999972, -42.230773925999927 ], [ -64.567701329019258, -42.232068850133999 ], [ -64.522311859761203, -42.280410558950678 ], [ -64.525085448999903, -42.281372069999918 ], [ -64.526306151999904, -42.283996581999816 ], [ -64.526000976999967, -42.286987304999911 ], [ -64.528015136999841, -42.286926269999924 ], [ -64.531799315999933, -42.287597655999889 ], [ -64.536071776999847, -42.288391112999989 ], [ -64.539489745999788, -42.28967285199991 ], [ -64.542602538999859, -42.291992187999881 ], [ -64.546997069999918, -42.294677733999833 ], [ -64.549072265999939, -42.296813964999842 ], [ -64.553405762000011, -42.301574706999929 ], [ -64.555908202999944, -42.304077147999863 ], [ -64.559082031, -42.307617187999938 ], [ -64.559997558999839, -42.310913085999971 ], [ -64.56311035199991, -42.315429687999938 ], [ -64.566772461000028, -42.31896972699991 ], [ -64.568603516, -42.325073241999803 ], [ -64.568176269999924, -42.328613280999889 ], [ -64.56750488299997, -42.333801269999981 ], [ -64.566772461000028, -42.336975097999868 ], [ -64.568908690999933, -42.341308593999941 ], [ -64.5703125, -42.345886229999905 ], [ -64.575012206999929, -42.352478026999961 ], [ -64.580322266, -42.358093261999954 ], [ -64.58929443400001, -42.364807128999985 ], [ -64.593994140999939, -42.369201659999987 ], [ -64.594604491999803, -42.371582030999946 ], [ -64.592712402000018, -42.375183104999905 ], [ -64.59240722699991, -42.379272460999857 ], [ -64.594787597999868, -42.382507323999903 ], [ -64.595886229999905, -42.384582519999924 ], [ -64.599304198999903, -42.385986328 ], [ -64.602294922, -42.387512206999872 ], [ -64.604980468999827, -42.388916015999826 ], [ -64.611389159999817, -42.390075683999953 ], [ -64.613586425999813, -42.391906737999932 ], [ -64.618408202999888, -42.393798827999888 ], [ -64.618408202999888, -42.398010253999928 ], [ -64.619873046999942, -42.401184081999986 ], [ -64.618591308999783, -42.405700683999839 ], [ -64.618591308999783, -42.410278319999975 ], [ -64.618225097999925, -42.41687011699986 ], [ -64.615295409999817, -42.423583984 ], [ -64.605773925999756, -42.42547607399996 ], [ -64.602172852000024, -42.424499511999898 ], [ -64.60021972699991, -42.424011229999905 ], [ -64.594787597999868, -42.425781249999886 ], [ -64.589782715000013, -42.4249877929999 ], [ -64.587097168000014, -42.425720214999899 ], [ -64.584411620999958, -42.42468261699986 ], [ -64.582275390999939, -42.423400878999871 ], [ -64.580078124999886, -42.422485351999853 ], [ -64.578979491999917, -42.420410155999946 ], [ -64.576110839999899, -42.420715331999872 ], [ -64.572875977000024, -42.420227050999983 ], [ -64.572082519999753, -42.422485351999853 ], [ -64.572021484, -42.424804687999824 ], [ -64.571289062999824, -42.427673339999956 ], [ -64.567687987999932, -42.429016112999932 ], [ -64.562194823999903, -42.430297851999853 ], [ -64.555603027000018, -42.430480956999816 ], [ -64.550476073999903, -42.427185058999953 ], [ -64.547912597999812, -42.425415038999972 ], [ -64.543395995999788, -42.424926757999913 ], [ -64.541992187999881, -42.422485351999853 ], [ -64.542602538999859, -42.419799804999968 ], [ -64.541809081999759, -42.418090819999975 ], [ -64.539489745999788, -42.418273925999927 ], [ -64.539123534999931, -42.419982909999931 ], [ -64.539123534999931, -42.421691894999867 ], [ -64.536376952999888, -42.42437744099982 ], [ -64.525512694999975, -42.427124022999976 ], [ -64.520507812999938, -42.426879883000026 ], [ -64.514892577999944, -42.426879883000026 ], [ -64.511901855000019, -42.427978515999882 ], [ -64.50958251999981, -42.429016112999932 ], [ -64.506408691, -42.428894042999957 ], [ -64.504516602000024, -42.429077147999919 ], [ -64.50280761699986, -42.429077147999919 ], [ -64.500915526999904, -42.429199219 ], [ -64.494628905999775, -42.430297851999853 ], [ -64.49188232399996, -42.427917479999905 ], [ -64.492797851999796, -42.423889159999931 ], [ -64.492187499999829, -42.420288085999971 ], [ -64.488891601999796, -42.418212890999939 ], [ -64.487792969, -42.416198729999905 ], [ -64.48797607399996, -42.414489745999902 ], [ -64.485290526999904, -42.414489745999902 ], [ -64.483093261999898, -42.417907715000013 ], [ -64.480712890999882, -42.420410155999946 ], [ -64.482177734, -42.424316405999832 ], [ -64.484985351999967, -42.426818847999868 ], [ -64.485290526999904, -42.432006836000028 ], [ -64.481994628999871, -42.435913086000028 ], [ -64.477783202999774, -42.437683105000019 ], [ -64.476013183999783, -42.438110352000024 ], [ -64.471191405999946, -42.439086913999915 ], [ -64.456115722999868, -42.437499999999886 ], [ -64.454895019999924, -42.436279296999885 ], [ -64.451110839999899, -42.436096191 ], [ -64.447692870999902, -42.439575194999804 ], [ -64.445007323999846, -42.440002441 ], [ -64.44281005900001, -42.440185546999885 ], [ -64.440307616999746, -42.440429688 ], [ -64.438476562999938, -42.440429688 ], [ -64.436279296999942, -42.440429688 ], [ -64.43420410199991, -42.44030761699986 ], [ -64.43139648399989, -42.440429688 ], [ -64.428588866999917, -42.440185546999885 ], [ -64.426208495999958, -42.44030761699986 ], [ -64.424621581999929, -42.440124511999898 ], [ -64.422607422, -42.438720703 ], [ -64.420715331999929, -42.437011719 ], [ -64.418029784999874, -42.43530273399989 ], [ -64.418212890999826, -42.433410644999924 ], [ -64.414611815999876, -42.43328857399996 ], [ -64.412475586000028, -42.432312011999898 ], [ -64.412109374999773, -42.430114745999902 ], [ -64.408691406, -42.430908203 ], [ -64.404724120999845, -42.430908203 ], [ -64.401916503999985, -42.429992675999927 ], [ -64.398620604999792, -42.430175780999889 ], [ -64.396911620999788, -42.430419921999828 ], [ -64.395202636999784, -42.430480956999816 ], [ -64.392700194999918, -42.42938232399996 ], [ -64.389099120999958, -42.429687499999886 ], [ -64.38647460899989, -42.429809569999861 ], [ -64.384704589999899, -42.429626464999899 ], [ -64.38067626999981, -42.42858886699986 ], [ -64.379821776999904, -42.427185058999953 ], [ -64.377685547, -42.423706054999968 ], [ -64.374694823999903, -42.423400878999871 ], [ -64.372497558999896, -42.423095703 ], [ -64.370788573999903, -42.422302245999902 ], [ -64.369812012000011, -42.42132568400001 ], [ -64.367675781, -42.421997069999975 ], [ -64.36749267599987, -42.423583984 ], [ -64.362121581999986, -42.426086425999927 ], [ -64.356506347999982, -42.426025390999939 ], [ -64.351318358999833, -42.424926757999913 ], [ -64.347900390999826, -42.423095703 ], [ -64.343505859, -42.422790526999904 ], [ -64.339599609, -42.421386718999827 ], [ -64.335876464999899, -42.420104979999905 ], [ -64.333496093999827, -42.418579101999967 ], [ -64.331481933999896, -42.4171752929999 ], [ -64.330627441, -42.416015624999943 ], [ -64.332519530999946, -42.414611815999876 ], [ -64.329528808999783, -42.413208007999913 ], [ -64.325317382999913, -42.411499022999806 ], [ -64.320800780999889, -42.411193847999868 ], [ -64.318176269999867, -42.412475585999971 ], [ -64.313781737999818, -42.411621093999884 ], [ -64.308776854999849, -42.408081054999911 ], [ -64.30718994099982, -42.405029297 ], [ -64.301574706999816, -42.403503417999957 ], [ -64.298889159999931, -42.403381347999982 ], [ -64.298095703, -42.405395507999913 ], [ -64.297302245999902, -42.406616211000028 ], [ -64.296386719, -42.408325194999861 ], [ -64.294799804999968, -42.410705565999876 ], [ -64.293212890999939, -42.413085937999938 ], [ -64.291198729999905, -42.414123534999987 ], [ -64.289611815999876, -42.414184569999975 ], [ -64.286010741999917, -42.414489745999902 ], [ -64.282592772999749, -42.414794921999942 ], [ -64.279479980000019, -42.414978026999904 ], [ -64.275390624999886, -42.414794921999942 ], [ -64.273010253999928, -42.414794921999942 ], [ -64.269775390999882, -42.414184569999975 ], [ -64.267211913999802, -42.414184569999975 ], [ -64.26568603499976, -42.413818358999947 ], [ -64.26281738299997, -42.415222167999843 ], [ -64.259521483999947, -42.416198729999905 ], [ -64.258605956999872, -42.415710449000017 ], [ -64.253601073999846, -42.415405272999976 ], [ -64.251236576238341, -42.41520489233443 ], [ -64.25028366816332, -42.415654238918023 ], [ -64.248737660198742, -42.416752905097894 ], [ -64.24645220063519, -42.420066411218158 ], [ -64.246281762092678, -42.420360300603136 ], [ -64.246638405514886, -42.421020556170447 ], [ -64.246652717188965, -42.421040047053395 ], [ -64.247584906064731, -42.420882964631744 ], [ -64.247637463042167, -42.420847035048155 ], [ -64.250439408015154, -42.421826174581611 ], [ -64.251693943032649, -42.422264580153296 ], [ -64.251737902238006, -42.422259708362219 ], [ -64.252090953186553, -42.422409807559575 ], [ -64.258705530236909, -42.423051212052201 ], [ -64.252007626617626, -42.432924270600267 ], [ -64.241224140081442, -42.441185157625455 ], [ -64.240415591382543, -42.438111447323877 ], [ -64.23692826020357, -42.443704458361935 ], [ -64.236919943790895, -42.443709392434812 ], [ -64.236737600263837, -42.445105918799641 ], [ -64.236732863542159, -42.445111049140451 ], [ -64.235785787659722, -42.44522328965013 ], [ -64.234227656101723, -42.4465416570294 ], [ -64.229490577098829, -42.450571537325345 ], [ -64.226083284659751, -42.452004288655701 ], [ -64.229815854104515, -42.455636032209952 ], [ -64.229816061133533, -42.455669399212525 ], [ -64.224536465422545, -42.463165014208244 ], [ -64.224536939802078, -42.463222692180523 ], [ -64.22258089297668, -42.467853152508667 ], [ -64.219889766405345, -42.469896194566047 ], [ -64.219877156905568, -42.469883868713453 ], [ -64.219851377815758, -42.469847528901255 ], [ -64.215414689148133, -42.472207239537283 ], [ -64.215396822398986, -42.472212960235936 ], [ -64.215510948692838, -42.476958293835537 ], [ -64.215511607635051, -42.477024088486871 ], [ -64.217680191388695, -42.480354245862657 ], [ -64.217680896545232, -42.480426489763374 ], [ -64.217676947900372, -42.480432212320125 ], [ -64.212107832656102, -42.487811384159556 ], [ -64.202727881917212, -42.500539392281155 ], [ -64.19975301014091, -42.501541245070882 ], [ -64.196133433208956, -42.504435549064794 ], [ -64.195217904719868, -42.505064424933835 ], [ -64.195227030284968, -42.505082958997264 ], [ -64.194713178136851, -42.50557120487008 ], [ -64.195341020941441, -42.50575533838537 ], [ -64.195868043394057, -42.505870154483318 ], [ -64.19612356110639, -42.505927558651138 ], [ -64.197024456841518, -42.505920720265124 ], [ -64.202089833873856, -42.506686721915059 ], [ -64.204231866913574, -42.506762845344838 ], [ -64.204253358076642, -42.506772489624439 ], [ -64.208141946472665, -42.510757924268773 ], [ -64.214203443933513, -42.513099116920159 ], [ -64.214214982504245, -42.513110482953607 ], [ -64.219010857731291, -42.521857352484119 ], [ -64.218984373800254, -42.521870384909789 ], [ -64.218978625864793, -42.521881570279561 ], [ -64.21857813074115, -42.522360400369791 ], [ -64.220142673307407, -42.52303933940226 ], [ -64.220180043234393, -42.523088882049649 ], [ -64.220259980034086, -42.524205177751298 ], [ -64.221986972854438, -42.523124744027427 ], [ -64.222015529776343, -42.523099642677948 ], [ -64.221986539923876, -42.523066537027205 ], [ -64.225728626559373, -42.520778681612057 ], [ -64.228591237628109, -42.522044031977146 ], [ -64.229034928373324, -42.523337825578324 ], [ -64.229944984272834, -42.525696916251263 ], [ -64.234068582221084, -42.543999354961159 ], [ -64.234069106533411, -42.544055758679121 ], [ -64.226420526762524, -42.553036166188519 ], [ -64.225740035088677, -42.553790650132441 ], [ -64.225740402976442, -42.553833878593423 ], [ -64.224901143508305, -42.554764476736693 ], [ -64.224901474981834, -42.554813541163242 ], [ -64.220899958360746, -42.559513504116467 ], [ -64.220549523951149, -42.559828334589895 ], [ -64.217230759412359, -42.562503961211405 ], [ -64.217204292951692, -42.562539029632546 ], [ -64.209172798556438, -42.571160911871914 ], [ -64.219495086507152, -42.574731372424367 ], [ -64.219890233360502, -42.574866813941753 ], [ -64.225002698752064, -42.573450925477346 ], [ -64.232620679706656, -42.573979666880518 ], [ -64.236007145071767, -42.571533593201423 ], [ -64.236038172781946, -42.571525258370571 ], [ -64.236261003838877, -42.571331881823369 ], [ -64.248702878075846, -42.581067706634485 ], [ -64.250112449752237, -42.583246546059911 ], [ -64.252605587806443, -42.581763826001634 ], [ -64.252611388129878, -42.581747427068194 ], [ -64.25806991651109, -42.57905907281139 ], [ -64.2601878713578, -42.582341304738009 ], [ -64.261130658905472, -42.581950549553596 ], [ -64.26115224592661, -42.581937317312338 ], [ -64.261999841747411, -42.581422834447153 ], [ -64.263099132708021, -42.58083774578671 ], [ -64.263133452618547, -42.580818407578079 ], [ -64.266045525458594, -42.578967138917562 ], [ -64.267778238313554, -42.578439102756533 ], [ -64.267823603488807, -42.578423703715828 ], [ -64.267803051911642, -42.578280549527449 ], [ -64.267802825584795, -42.578277907637698 ], [ -64.268687504280763, -42.577432141410668 ], [ -64.268693287287988, -42.577432917899785 ], [ -64.268911521353573, -42.577373866797927 ], [ -64.268982595773878, -42.577361126830965 ], [ -64.269753312729904, -42.577928752619641 ], [ -64.270000484558864, -42.577947510854074 ], [ -64.270065599933389, -42.577932943446456 ], [ -64.27110437346937, -42.577887687075076 ], [ -64.271181140603801, -42.577903041740626 ], [ -64.272015744049895, -42.578055867334569 ], [ -64.27240044045368, -42.578924428011646 ], [ -64.272424793999903, -42.578900533999899 ], [ -64.273274170999912, -42.578645720999873 ], [ -64.274123547999864, -42.57857140099992 ], [ -64.274909222000019, -42.578348438999853 ], [ -64.275578105999841, -42.578305969999803 ], [ -64.275814015999913, -42.578451805999975 ], [ -64.276162052999837, -42.578666955999836 ], [ -64.276841554999862, -42.578337821999867 ], [ -64.276901668999926, -42.577927954999893 ], [ -64.276958343999922, -42.577541530999895 ], [ -64.276671679, -42.577116842 ], [ -64.276629210999943, -42.57667091899998 ], [ -64.277075133999801, -42.576341786 ], [ -64.277818339000021, -42.575609197999881 ], [ -64.279007466999815, -42.575418087999878 ], [ -64.279665733999934, -42.575449939999942 ], [ -64.280217828999866, -42.575195126999802 ], [ -64.280684985999812, -42.574770437999859 ], [ -64.281927199999984, -42.5743138979999 ], [ -64.282447443999956, -42.57435636699995 ], [ -64.283180031999905, -42.574420069999803 ], [ -64.283443041, -42.574972387999935 ], [ -64.283498547999898, -42.575088953999909 ], [ -64.283487930999911, -42.575619814999868 ], [ -64.283827681999867, -42.575768456 ], [ -64.28437977699997, -42.575683517999892 ], [ -64.284466545999862, -42.575442493999844 ], [ -64.284475331999886, -42.575418087999878 ], [ -64.285069895999868, -42.575290680999899 ], [ -64.285706928999844, -42.575163275000023 ], [ -64.28636519600002, -42.575173892 ], [ -64.286758033000012, -42.575280063999912 ], [ -64.287384448999887, -42.575513642999965 ], [ -64.287756050999747, -42.575545494999858 ], [ -64.288403700999936, -42.575534876999939 ], [ -64.288849623999965, -42.575577345999818 ], [ -64.28951850899989, -42.575970182999811 ], [ -64.290325416999792, -42.576023268999961 ], [ -64.291015535999861, -42.576522278000027 ], [ -64.291459623684204, -42.576842282856319 ], [ -64.292038903057346, -42.576289680944456 ], [ -64.292119657518072, -42.576141166342154 ], [ -64.295227275325885, -42.576848340673337 ], [ -64.295251266848709, -42.576852996375294 ], [ -64.301333456588736, -42.578637379649138 ], [ -64.303550514529604, -42.579642062801895 ], [ -64.303699488820484, -42.579758854061254 ], [ -64.303745766922418, -42.579772583198178 ], [ -64.304018237895662, -42.579644107486956 ], [ -64.30402488630159, -42.579658421592057 ], [ -64.305213127180537, -42.579350615786666 ], [ -64.305352981360045, -42.579341772782641 ], [ -64.3088707740921, -42.576128918290351 ], [ -64.308714431999931, -42.576086972999974 ], [ -64.308714431999931, -42.575800307999884 ], [ -64.308544556999834, -42.575460556999928 ], [ -64.309170971999947, -42.575492409 ], [ -64.309585044000016, -42.575173892 ], [ -64.309585044000016, -42.574908462 ], [ -64.309415167999816, -42.574536858999977 ], [ -64.309330231, -42.574388218000024 ], [ -64.309139120999987, -42.574186490999864 ], [ -64.309149737999974, -42.573836122999808 ], [ -64.308831221999753, -42.573645012999805 ], [ -64.309032948999914, -42.573422052000012 ], [ -64.30920282400001, -42.573103534999859 ], [ -64.308873689999871, -42.572880573999896 ], [ -64.308374680999975, -42.572583292 ], [ -64.308523321999928, -42.572041813999931 ], [ -64.308714431999931, -42.571967492999931 ], [ -64.308916158999921, -42.572169219999921 ], [ -64.309298378999927, -42.572328478999964 ], [ -64.309415167999816, -42.572360329999924 ], [ -64.309829239999885, -42.572201071999984 ], [ -64.310009731999912, -42.572063048000018 ], [ -64.309638129999882, -42.571521569999902 ], [ -64.309415167999816, -42.571287992 ], [ -64.309330231, -42.570958857999869 ], [ -64.30928776199994, -42.57055540399989 ], [ -64.309712449999836, -42.569780346999892 ], [ -64.310434420999798, -42.569196399999896 ], [ -64.31111392299988, -42.568325788999971 ], [ -64.312122557999828, -42.567879865999828 ], [ -64.312526011999751, -42.568049740999868 ], [ -64.312993169999856, -42.568134678999968 ], [ -64.31334353799997, -42.568187765 ], [ -64.313853164000022, -42.568113444999881 ], [ -64.314033656999868, -42.568293936999908 ], [ -64.314636001999872, -42.568460217 ], [ -64.314723775999937, -42.568453195000018 ], [ -64.314734392999924, -42.568145295999955 ], [ -64.314610270999879, -42.567897053999843 ], [ -64.314532665999934, -42.567741841999975 ], [ -64.314246001000015, -42.567402091000019 ], [ -64.313524029999883, -42.566807526999924 ], [ -64.312993169999856, -42.566457158999981 ], [ -64.312494161000018, -42.566520861999834 ], [ -64.312037619999842, -42.566372220999881 ], [ -64.311697868999886, -42.565915680999865 ], [ -64.31138996999988, -42.565384819999906 ], [ -64.311496141999953, -42.564949515000023 ], [ -64.311464291, -42.564450505999957 ], [ -64.310944047000021, -42.564365568000028 ], [ -64.30948948899993, -42.563972730999865 ], [ -64.309128504, -42.563962113999878 ], [ -64.308671962999881, -42.563452486999893 ], [ -64.308555174, -42.563112736999926 ], [ -64.308799369999861, -42.562581875999967 ], [ -64.308865837999861, -42.562406959999976 ], [ -64.309001097000021, -42.562051015 ], [ -64.308788752999874, -42.561828053999875 ], [ -64.308703814999944, -42.560808801 ], [ -64.308948010999984, -42.559672758999966 ], [ -64.309553191999953, -42.557538698999963 ], [ -64.309988497999825, -42.556933518 ], [ -64.311761572999899, -42.555181678 ], [ -64.313078107000024, -42.553620946999899 ], [ -64.315413894000017, -42.550637509999888 ], [ -64.318599058999951, -42.547770861999936 ], [ -64.318938809999906, -42.547335555999894 ], [ -64.319841272999895, -42.546507412999915 ], [ -64.321125955999946, -42.54543507499983 ], [ -64.324098775999914, -42.542547191999915 ], [ -64.327963442, -42.539457582999887 ], [ -64.329035779999913, -42.538767463999989 ], [ -64.329481702999942, -42.538799315999881 ], [ -64.330681448999826, -42.538194134999969 ], [ -64.332034106999856, -42.536978855999962 ], [ -64.332040452, -42.536973154999941 ], [ -64.334992037999882, -42.535253165999904 ], [ -64.337529551999808, -42.53397910000001 ], [ -64.340374965000024, -42.532991700000025 ], [ -64.341638413999931, -42.532418370000016 ], [ -64.343092972000022, -42.532046767 ], [ -64.344059138999853, -42.531940594999924 ], [ -64.345057156999928, -42.531473437999807 ], [ -64.345832213999927, -42.531080600999815 ], [ -64.34805121099987, -42.531006279999986 ], [ -64.348954565999804, -42.531216214999858 ], [ -64.349558855999987, -42.531356648999918 ], [ -64.350280825999846, -42.53170701699986 ], [ -64.350722968000014, -42.531254346999901 ], [ -64.350726748999989, -42.531250476000025 ], [ -64.351140820999888, -42.531123069999865 ], [ -64.35193711199986, -42.531123069999865 ], [ -64.353688952000027, -42.531101834999902 ], [ -64.354612649999979, -42.531261094 ], [ -64.355217830999891, -42.531590226999981 ], [ -64.356056590999913, -42.531653931 ], [ -64.356544983, -42.531802571999947 ], [ -64.357224484999904, -42.532290962999866 ], [ -64.357282153999961, -42.532564894999894 ], [ -64.35739435999983, -42.533097871999928 ], [ -64.357903986, -42.533639349999874 ], [ -64.358190650999916, -42.534148975999869 ], [ -64.358851140999775, -42.534272007999903 ], [ -64.359273606999977, -42.534350702999859 ], [ -64.360324710999919, -42.53409589 ], [ -64.361768651999853, -42.53371367 ], [ -64.362809138999864, -42.533055402999878 ], [ -64.364391103999765, -42.532375900999966 ], [ -64.365070606000018, -42.532184790999963 ], [ -64.365792576999979, -42.53196183 ], [ -64.366259733999982, -42.531887508999887 ], [ -64.366843680999807, -42.531377882999891 ], [ -64.367236517999913, -42.531059367000012 ], [ -64.3675338, -42.531027514999948 ], [ -64.369296256999974, -42.530188754999926 ], [ -64.370156251999902, -42.52968974599986 ], [ -64.370549088999894, -42.529424315999904 ], [ -64.371398465999903, -42.529127034 ], [ -64.371950560999778, -42.529031478999912 ], [ -64.372375248999901, -42.528925306000019 ], [ -64.372608827999954, -42.528468765999889 ], [ -64.375102103999836, -42.527483134999898 ], [ -64.375484323999842, -42.527525603999948 ], [ -64.376418638999894, -42.526860257999942 ], [ -64.377692703999799, -42.526407256999846 ], [ -64.381415807, -42.525048253999955 ], [ -64.384119657999975, -42.523859125999877 ], [ -64.387616261, -42.522415184999943 ], [ -64.391395988999932, -42.520914617999892 ], [ -64.393292931000019, -42.52020680399994 ], [ -64.393944119999901, -42.52000861599987 ], [ -64.397497348, -42.518182454999874 ], [ -64.402494516999866, -42.51661110699996 ], [ -64.405410712, -42.515945761999888 ], [ -64.407194403999881, -42.515591854999911 ], [ -64.408751595000012, -42.515181321999876 ], [ -64.409204595999938, -42.515237947999935 ], [ -64.409572659999924, -42.515832511999861 ], [ -64.4099831919998, -42.515790042999981 ], [ -64.410648537999862, -42.515464447999932 ], [ -64.411441289999914, -42.515181321999876 ], [ -64.412234042000023, -42.51488403999997 ], [ -64.412913542999945, -42.514629226999944 ], [ -64.415003365000018, -42.514131987999917 ], [ -64.417530262000014, -42.513452486 ], [ -64.420492464999882, -42.512804835999987 ], [ -64.423900590999892, -42.512167802999841 ], [ -64.42722377899986, -42.511371511999869 ], [ -64.428519079000012, -42.5110423779999 ], [ -64.429697589999989, -42.510904354999866 ], [ -64.432277572999851, -42.51042657999983 ], [ -64.43467706299981, -42.509970039999985 ], [ -64.435781253999778, -42.509895718999871 ], [ -64.436375817999931, -42.510182383999904 ], [ -64.43702346799995, -42.510384110999894 ], [ -64.438021486000025, -42.510161149999988 ], [ -64.438754073999974, -42.509832015999848 ], [ -64.439401723999822, -42.509810780999885 ], [ -64.440059990999941, -42.509991273999901 ], [ -64.44090936799995, -42.509736460999932 ], [ -64.441790596999795, -42.509460412999829 ], [ -64.44223652, -42.509354240999926 ], [ -64.443107131999909, -42.509141896999949 ], [ -64.443914039999868, -42.50857918499986 ], [ -64.446026865999897, -42.508112026999925 ], [ -64.44688686, -42.508090792999951 ], [ -64.449541163999982, -42.507793510999932 ], [ -64.45404286299987, -42.507050306 ], [ -64.455709764999767, -42.506774257999894 ], [ -64.457174941, -42.506296482999971 ], [ -64.462494164999782, -42.504979948999846 ], [ -64.465244024000015, -42.504257977999885 ], [ -64.468524742999932, -42.504066867999882 ], [ -64.469777574999853, -42.504109336999932 ], [ -64.472357557999828, -42.503620945000023 ], [ -64.476880490999861, -42.50302638099987 ], [ -64.481350338000027, -42.502251324999861 ], [ -64.483579953999936, -42.501869105000026 ], [ -64.486542155999985, -42.501603675000013 ], [ -64.489090287999886, -42.501147133999893 ], [ -64.490587315000028, -42.50111528299982 ], [ -64.492731992000017, -42.501051578999977 ], [ -64.493231001999902, -42.50095602499988 ], [ -64.494791731999896, -42.500499483999874 ], [ -64.496511720999933, -42.500329609 ], [ -64.497456652999858, -42.500287139999955 ], [ -64.498008747999904, -42.500265905999981 ], [ -64.499431454999922, -42.500085412999965 ], [ -64.501342552999859, -42.499904919999949 ], [ -64.502499829999806, -42.499979240999892 ], [ -64.503051924999909, -42.500127882000015 ], [ -64.503837598999894, -42.500531335999824 ], [ -64.504718827999909, -42.500690593999877 ], [ -64.505483266999988, -42.500510102000021 ], [ -64.50640696499994, -42.500074795999979 ], [ -64.507351896999978, -42.499904919999949 ], [ -64.50786152299986, -42.499926155000026 ], [ -64.508933861999935, -42.500127882000015 ], [ -64.509825707999937, -42.500637507999897 ], [ -64.510395461999906, -42.501148321999892 ], [ -64.510441505999893, -42.501189602999943 ], [ -64.511269648999871, -42.501614292 ], [ -64.511324162999927, -42.501619402999893 ], [ -64.512288901999909, -42.501709846999915 ], [ -64.512840997000012, -42.501529353999899 ], [ -64.513180747999968, -42.501529353999899 ], [ -64.513393091999944, -42.501688612 ], [ -64.513669139999877, -42.502145152999958 ], [ -64.514465430999792, -42.502113300999895 ], [ -64.517693064000014, -42.501561205999963 ], [ -64.520591562999869, -42.501009110999917 ], [ -64.52196118400002, -42.500658742999974 ], [ -64.523723641999766, -42.500138499 ], [ -64.52524190299988, -42.499681958999986 ], [ -64.52735472899991, -42.499087395 ], [ -64.531060136999884, -42.498386659 ], [ -64.535381342999926, -42.497654070999886 ], [ -64.538078115999951, -42.496889630999874 ], [ -64.541242045999979, -42.496199511999976 ], [ -64.546317073999887, -42.495063469999934 ], [ -64.550415318999853, -42.494394585999942 ], [ -64.555978739000011, -42.4932585439999 ], [ -64.562030551999896, -42.492430400999865 ], [ -64.56420708099995, -42.492324228999962 ], [ -64.568262856999979, -42.492101267999885 ], [ -64.572116905999906, -42.491878305999933 ], [ -64.576300087999812, -42.492005712999912 ], [ -64.577818349999859, -42.492218056999889 ], [ -64.578412914000012, -42.492260525999939 ], [ -64.580674379999834, -42.492302994999989 ], [ -64.586025456999892, -42.492727682999941 ], [ -64.588605439999867, -42.49318422399989 ], [ -64.589104326999916, -42.49345174299998 ], [ -64.590070614999775, -42.493969896999886 ], [ -64.591227891999949, -42.494352116999892 ], [ -64.592289612999878, -42.494553843999881 ], [ -64.593255779999879, -42.49560494799988 ], [ -64.594420391999847, -42.496520001000022 ], [ -64.594421732999876, -42.496521055000017 ], [ -64.59474218999992, -42.496772841999984 ], [ -64.595740208, -42.496794075999958 ], [ -64.596050002999959, -42.49679820699987 ], [ -64.598925371999826, -42.496836545 ], [ -64.602407818999836, -42.49699580399988 ], [ -64.604403854999816, -42.497006420999867 ], [ -64.609160366999902, -42.497133826999914 ], [ -64.614713169999959, -42.496836545 ], [ -64.62017926599998, -42.496403008999835 ], [ -64.620632266999962, -42.496303915 ], [ -64.623831587999916, -42.496346383999878 ], [ -64.625517484999875, -42.496567667999955 ], [ -64.626330171999882, -42.496674338 ], [ -64.626972584999919, -42.496750258999896 ], [ -64.628406427999892, -42.496919713999887 ], [ -64.632087061999812, -42.497787965999862 ], [ -64.638749953999877, -42.499694345999842 ], [ -64.640014581999878, -42.500298347000012 ], [ -64.64107158499985, -42.501449724999873 ], [ -64.641390512999862, -42.501932426999929 ], [ -64.641769961999842, -42.502506727999844 ], [ -64.642147462999901, -42.503582604999963 ], [ -64.643154917999766, -42.50472690499987 ], [ -64.643891044999748, -42.50471274899985 ], [ -64.644117545999904, -42.504160653999918 ], [ -64.644251089999784, -42.504050334999931 ], [ -64.644443140000021, -42.503891683999882 ], [ -64.646014487999821, -42.503721809000012 ], [ -64.647033740999802, -42.504132340999888 ], [ -64.647699085999875, -42.504358841999874 ], [ -64.648038349999865, -42.504627691999929 ], [ -64.648449368999934, -42.50495340599997 ], [ -64.648378587999957, -42.505972657999905 ], [ -64.648803277000013, -42.506199159 ], [ -64.649100558999919, -42.505618750999872 ], [ -64.6493763819999, -42.505315345999975 ], [ -64.649383683999815, -42.505307312999832 ], [ -64.6505303429999, -42.505109124999876 ], [ -64.654225134, -42.505420562999973 ], [ -64.661232495999911, -42.506326565999984 ], [ -64.663469188999954, -42.506453971999861 ], [ -64.666611883999849, -42.507232567999893 ], [ -64.672628305999979, -42.508648195999967 ], [ -64.677752881999879, -42.510332794999897 ], [ -64.680428419999771, -42.511139702999969 ], [ -64.686147559, -42.512810144999889 ], [ -64.689361035999866, -42.514579679999827 ], [ -64.692418793999764, -42.516519091999896 ], [ -64.694924456999843, -42.518047969999827 ], [ -64.696665679999853, -42.519265410999935 ], [ -64.699723436999989, -42.520879227999956 ], [ -64.702214944, -42.522832794999886 ], [ -64.70409773, -42.523823734999894 ], [ -64.706461830000023, -42.524842987999932 ], [ -64.707240424999952, -42.525494176999985 ], [ -64.709434649999878, -42.526400178999893 ], [ -64.711317435999888, -42.527490213000021 ], [ -64.712789689999852, -42.528410371999939 ], [ -64.713582441999961, -42.528622715999859 ], [ -64.715337821, -42.529387155999871 ], [ -64.716003165999894, -42.529840156999853 ], [ -64.717277231999958, -42.530774471999905 ], [ -64.720405771, -42.533195195999895 ], [ -64.721977118999803, -42.534313542999882 ], [ -64.72335027899976, -42.535063825999885 ], [ -64.724454468999966, -42.535502670999961 ], [ -64.72507734599975, -42.535969828999896 ], [ -64.7258984099999, -42.536479454999949 ], [ -64.72748391399989, -42.537088174999951 ], [ -64.727837821999799, -42.53731467599988 ], [ -64.728885386999877, -42.537413769999887 ], [ -64.730074515000013, -42.537569488999907 ], [ -64.731603393999876, -42.53807911499996 ], [ -64.733401241999843, -42.538772772999891 ], [ -64.736133404999862, -42.539990214 ], [ -64.73913453799986, -42.541165185999944 ], [ -64.740606791999824, -42.541745592999916 ], [ -64.741017323999927, -42.541872999999896 ], [ -64.741498637999882, -42.542141968999942 ], [ -64.742050732999985, -42.542340157000012 ], [ -64.74251788999976, -42.542679907999968 ], [ -64.744004299999801, -42.54317537799983 ], [ -64.744485613999927, -42.54340187899993 ], [ -64.74523589699993, -42.543854879999913 ], [ -64.745773835999842, -42.544109692999882 ], [ -64.746722306999914, -42.544633475999944 ], [ -64.747316870999896, -42.544803350999985 ], [ -64.748010529, -42.545029851999971 ], [ -64.74870418699976, -42.545412070999987 ], [ -64.749114718999863, -42.545525321999946 ], [ -64.749737595999989, -42.545921697999859 ], [ -64.750318003999951, -42.546261448999815 ], [ -64.751308943999959, -42.546870168999931 ], [ -64.752441446999967, -42.547309013999893 ], [ -64.753460699000016, -42.547974358999966 ], [ -64.753984481999851, -42.548271640999872 ], [ -64.75474892099993, -42.548710485999948 ], [ -64.755541672999982, -42.549248424999973 ], [ -64.756348581999873, -42.549842988999956 ], [ -64.757863303999954, -42.550522490999867 ], [ -64.759293088999868, -42.551428492999946 ], [ -64.761034311999879, -42.552405276999878 ], [ -64.763058660999945, -42.553919998999959 ], [ -64.765295353999932, -42.555307315 ], [ -64.766937483999982, -42.556581380999887 ], [ -64.769344051999894, -42.558237666999901 ], [ -64.770434085999852, -42.559186137999859 ], [ -64.771552432999897, -42.559851482999932 ], [ -64.773251186999858, -42.561337892999802 ], [ -64.774199657999816, -42.562300520999884 ], [ -64.775133972999868, -42.563149897999892 ], [ -64.776025818999926, -42.563744461999988 ], [ -64.777285728999914, -42.564523057999907 ], [ -64.778248355999892, -42.565372434999858 ], [ -64.779239295999901, -42.565754653999875 ], [ -64.780187766999859, -42.566929626 ], [ -64.781306114000017, -42.568444349 ], [ -64.781620492, -42.568988137999895 ], [ -64.782353678999925, -42.57025635299982 ], [ -64.78358527599994, -42.571218980999902 ], [ -64.784604528999807, -42.57229485900001 ], [ -64.786034313999892, -42.573837893999951 ], [ -64.78729422299989, -42.575211052999975 ], [ -64.787395561999915, -42.575354326000024 ], [ -64.787704755, -42.575791460999937 ], [ -64.787615997999865, -42.576005135999878 ], [ -64.787322535999749, -42.576711619999969 ], [ -64.787846318, -42.577688403999957 ], [ -64.788539120999928, -42.578366921999873 ], [ -64.789219478, -42.579033250999942 ], [ -64.790351981000015, -42.57995340899987 ], [ -64.791979953999885, -42.580901879999828 ], [ -64.792772705999766, -42.581100067999898 ], [ -64.795419931000026, -42.582685573 ], [ -64.797005435000017, -42.583549106000021 ], [ -64.797585842999752, -42.584101200999953 ], [ -64.79836443899984, -42.584993046999955 ], [ -64.799638503999859, -42.585276173000011 ], [ -64.801209852, -42.586252957 ], [ -64.802597167999863, -42.586974926999972 ], [ -64.804196827999874, -42.588178210999956 ], [ -64.805032048999976, -42.588574587999801 ], [ -64.805272705999982, -42.588843556999848 ], [ -64.806008832999964, -42.589098369999988 ], [ -64.80632027099989, -42.589324870999974 ], [ -64.807169649, -42.589933590999806 ], [ -64.807834993999904, -42.590499841999872 ], [ -64.808103962999951, -42.590528154999902 ], [ -64.808599432999813, -42.591066093999984 ], [ -64.809137372, -42.591873001999886 ], [ -64.809845186999951, -42.592722378999895 ], [ -64.8099442809999, -42.593515130999947 ], [ -64.810213249999947, -42.59454854 ], [ -64.810156624999877, -42.595072322999897 ], [ -64.810821969999949, -42.595284666999987 ], [ -64.81249241199987, -42.595029853999847 ], [ -64.81431857299998, -42.595610261999923 ], [ -64.815649263999944, -42.596388856999852 ], [ -64.817121517999908, -42.596629513999972 ], [ -64.818423896000013, -42.597493047999819 ], [ -64.819683804999897, -42.598059298999885 ], [ -64.820519026, -42.598639707000018 ], [ -64.820887089999985, -42.598936988999924 ], [ -64.82216115499989, -42.59931920899993 ], [ -64.822769875999882, -42.599545708999926 ], [ -64.823548471999914, -42.600012866999862 ], [ -64.824341223999966, -42.600550804999955 ], [ -64.82545956999985, -42.601442651999946 ], [ -64.826393884999902, -42.602065527999969 ], [ -64.826832729999808, -42.602405278999925 ], [ -64.827767044999916, -42.603141405999907 ], [ -64.828687203000015, -42.603835064 ], [ -64.829777236999973, -42.604769378999947 ], [ -64.830216081999879, -42.605137441999943 ], [ -64.830909739999811, -42.606114225999931 ], [ -64.831560928999863, -42.606793727999843 ], [ -64.83188652399997, -42.60707685299991 ], [ -64.832622650999781, -42.608138574999828 ], [ -64.832693424999945, -42.608718924999891 ], [ -64.832693431999928, -42.608718982999903 ], [ -64.832750057, -42.609568359999912 ], [ -64.832976557999757, -42.610219548999964 ], [ -64.833433410999874, -42.610387862999858 ], [ -64.83351449700001, -42.610417736999864 ], [ -64.834802718999924, -42.610219548999964 ], [ -64.836260815999879, -42.610077985999908 ], [ -64.837560957999983, -42.610549051999897 ], [ -64.838214383999855, -42.61078579999986 ], [ -64.839856512999859, -42.611493614999972 ], [ -64.841116422999903, -42.612173115999894 ], [ -64.842985051999904, -42.613135743999862 ], [ -64.844301587000018, -42.613914339999894 ], [ -64.846410872999911, -42.615018529999929 ], [ -64.847798189999878, -42.615853750999861 ], [ -64.848874066999883, -42.616504939999913 ], [ -64.850218913999868, -42.616972096999859 ], [ -64.85109660400002, -42.616972096999859 ], [ -64.85198143599996, -42.61687976699983 ], [ -64.85272457699989, -42.616802222 ], [ -64.85303479099997, -42.61688232399996 ], [ -64.856242413999894, -42.617710583999838 ], [ -64.857544791999828, -42.618295709999927 ], [ -64.859470046999888, -42.618635460999883 ], [ -64.861470801999872, -42.618956336999872 ], [ -64.862328299999945, -42.618713378999871 ], [ -64.86260330499988, -42.618635460999883 ], [ -64.863679182999988, -42.617616207999845 ], [ -64.865359061999982, -42.61631382999991 ], [ -64.86594418899989, -42.615936329000021 ], [ -64.867246566999825, -42.615936329000021 ], [ -64.868110808999859, -42.615869848999864 ], [ -64.868228069999873, -42.615860828999814 ], [ -64.868247151999924, -42.615854202999913 ], [ -64.869587072999877, -42.615388952999865 ], [ -64.870738450999909, -42.614898201000017 ], [ -64.871870953999917, -42.614294199999961 ], [ -64.874286959999893, -42.613841198999864 ], [ -64.879026727999928, -42.613499459999844 ], [ -64.88016636499998, -42.613417291999895 ], [ -64.885587185999896, -42.613579591999894 ], [ -64.886819991999857, -42.614011073999905 ], [ -64.888877371999911, -42.614029948999871 ], [ -64.898522521999837, -42.614218699999924 ], [ -64.903222409000023, -42.614501825 ], [ -64.90456253699989, -42.614464074999887 ], [ -64.910734677999869, -42.615086952000013 ], [ -64.915302439999891, -42.615653202999965 ], [ -64.918813198, -42.616162829999951 ], [ -64.921304705000011, -42.616861205999896 ], [ -64.924966463999851, -42.617880458999878 ], [ -64.926964704999989, -42.618602067999973 ], [ -64.927382469999827, -42.618843086000027 ], [ -64.927835470999923, -42.618994086999805 ], [ -64.928930224, -42.619428212999935 ], [ -64.930157101999896, -42.619881213999861 ], [ -64.934158612999965, -42.621655469000018 ], [ -64.938178997999898, -42.623712848999901 ], [ -64.944955139999934, -42.627884233999964 ], [ -64.947088020000024, -42.629111112999965 ], [ -64.947994022999865, -42.629469738999887 ], [ -64.949069900999802, -42.630526740999869 ], [ -64.950523278999867, -42.631451618999904 ], [ -64.951712406999775, -42.63243312100002 ], [ -64.952335283999957, -42.632621872000016 ], [ -64.953467786999965, -42.633244747999868 ], [ -64.954789039999866, -42.633961999999883 ], [ -64.95629904399982, -42.634679251999898 ], [ -64.957827923000025, -42.635774004999973 ], [ -64.958733924999933, -42.636698882000019 ], [ -64.959488926999882, -42.637151882999831 ], [ -64.959790927999904, -42.63732175899986 ], [ -64.960262803999967, -42.63802013499992 ], [ -64.961584056999868, -42.63966226399998 ], [ -64.963830187999804, -42.641832895 ], [ -64.965830942999901, -42.643588274000024 ], [ -64.967189946999895, -42.644645277 ], [ -64.967775072999984, -42.64536252900001 ], [ -64.96822807399991, -42.64558903 ], [ -64.969039700999986, -42.64558903 ], [ -64.969438115999822, -42.64558903 ], [ -64.970058953999853, -42.64558903 ], [ -64.970832830999939, -42.64581553 ], [ -64.971788538999874, -42.646187193999936 ], [ -64.971852083999977, -42.646211906000019 ], [ -64.975004216999935, -42.646985782999934 ], [ -64.976665220999962, -42.64775966000002 ], [ -64.978231849999759, -42.648269285999902 ], [ -64.98008160400002, -42.650288916999841 ], [ -64.981289607999884, -42.651327043999856 ], [ -64.982422109999959, -42.652251922 ], [ -64.9832629415356, -42.653113773711425 ], [ -64.984472498796151, -42.653147452933581 ], [ -64.978183518306366, -42.64494303192879 ], [ -64.977783002549245, -42.644752590101689 ], [ -64.974986549264599, -42.643422900352959 ], [ -64.972581340066029, -42.643455515078131 ], [ -64.972645661900003, -42.643287957481164 ], [ -64.971093053980724, -42.642521429292231 ], [ -64.969445383171148, -42.643065550948165 ], [ -64.968842370093739, -42.642820245040127 ], [ -64.968820913979414, -42.64280782689309 ], [ -64.968550662749067, -42.642697633302646 ], [ -64.968272902958859, -42.642584377982132 ], [ -64.968087892900371, -42.642397935782697 ], [ -64.968065747933281, -42.641098041897635 ], [ -64.967952529429908, -42.640908868315421 ], [ -64.967943204187804, -42.640883862509725 ], [ -64.968017252423692, -42.640390573020284 ], [ -64.968012551564811, -42.640338672688529 ], [ -64.967920641263504, -42.639781304589462 ], [ -64.967910973189248, -42.639729479537834 ], [ -64.967907102564368, -42.639715762175115 ], [ -64.96792780476801, -42.639683400912475 ], [ -64.967111114296415, -42.639461042947914 ], [ -64.966536799540563, -42.63890924144215 ], [ -64.96651694287948, -42.638889306674287 ], [ -64.966505842170477, -42.63887442732721 ], [ -64.966486029791213, -42.638854535639268 ], [ -64.966404990353112, -42.638782396119382 ], [ -64.966385069764556, -42.638762396842594 ], [ -64.965864517261593, -42.638262325585799 ], [ -64.965842359453802, -42.63824451920874 ], [ -64.964734481482651, -42.613104146155081 ], [ -64.953464665640695, -42.615671883203845 ], [ -64.944187485428472, -42.611683646492054 ], [ -64.944157038441688, -42.61166872351663 ], [ -64.942151760730098, -42.611248939572931 ], [ -64.940009235951663, -42.610800424389367 ], [ -64.935251942683749, -42.609804534733996 ], [ -64.934013265778503, -42.603179503921467 ], [ -64.93396673262481, -42.6031686332297 ], [ -64.905329553764489, -42.58655780157352 ], [ -64.901827796022474, -42.588123604877865 ], [ -64.888243882734685, -42.594028941534759 ], [ -64.888241637265367, -42.594030168628422 ], [ -64.886802192833613, -42.592836625753648 ], [ -64.885961187773887, -42.592036287994233 ], [ -64.885892869348936, -42.592042037496867 ], [ -64.885406511669373, -42.591621290282035 ], [ -64.885402559696843, -42.59161406030637 ], [ -64.883534161112834, -42.576918284288752 ], [ -64.860644331514322, -42.560668731505245 ], [ -64.890651430616174, -42.55648092206718 ], [ -64.890655055970058, -42.55647809438409 ], [ -64.890726030926203, -42.556496103871609 ], [ -65.002915559604219, -42.478959167589608 ], [ -65.061107787457445, -42.444260065897197 ], [ -65.073505858938347, -42.437354379461226 ], [ -65.073493201462043, -42.437284744201122 ], [ -65.073599019617802, -42.437087228300697 ], [ -65.073606112544383, -42.437084083966113 ], [ -65.073654640139239, -42.43712064874893 ], [ -65.074820739155143, -42.438020968132605 ], [ -65.074776465032301, -42.438057330959509 ], [ -65.10323523679574, -42.446363465491345 ], [ -65.106824285605626, -42.440432399665667 ], [ -65.106829827156048, -42.440418543312148 ], [ -65.112945711665077, -42.363737441545311 ], [ -65.124236548057297, -42.35141543078123 ], [ -65.124485693641418, -42.351127825198773 ], [ -65.176997641094601, -42.339981445015837 ], [ -65.177034881602196, -42.3399529921316 ], [ -65.193361178899465, -42.276343035325453 ], [ -65.19337756100731, -42.276272250882073 ], [ -65.194280346286632, -42.250235941103426 ], [ -65.209184279485271, -42.232750273096599 ], [ -65.217990728886264, -42.271325828274826 ], [ -65.218002027051057, -42.27133757805143 ], [ -65.218037732775201, -42.27135158140851 ], [ -65.218019148135511, -42.271371315313672 ], [ -65.209086925015185, -42.283194791619962 ], [ -65.235597722000023, -42.346975853186848 ], [ -65.235660541752281, -42.346973558990214 ], [ -65.256164250084623, -42.354418436384435 ], [ -65.256160667300776, -42.35443431550101 ], [ -65.244837230079384, -42.365021698220801 ], [ -65.245916830066676, -42.454901349020361 ], [ -65.273146614198424, -42.52119904308762 ], [ -65.216009920236957, -42.536535727616581 ], [ -65.215974865899568, -42.536497501668748 ], [ -65.213770728923066, -42.541526272866975 ], [ -65.215140761460191, -42.543049990869747 ], [ -65.215177195389117, -42.543089721230331 ], [ -65.215386229467697, -42.543144013018377 ], [ -65.215388729795905, -42.543143030423153 ], [ -65.216520275056098, -42.543509331055986 ], [ -65.219675240368986, -42.544530645541954 ], [ -65.283554141962554, -42.565209313682431 ], [ -65.272648534534142, -42.579451298334732 ], [ -65.266318479315032, -42.587777557485538 ], [ -65.264563656959808, -42.588491143553085 ], [ -65.264557128247986, -42.58849940910136 ], [ -65.265118903738653, -42.593571613355834 ], [ -65.265075276363291, -42.59359210354836 ], [ -65.259698690424045, -42.590474545896882 ], [ -65.252193483164035, -42.593511872689703 ], [ -65.252164648559983, -42.593548656754649 ], [ -65.249203959423198, -42.594763093132883 ], [ -65.246299656536848, -42.595917795700586 ], [ -65.248131663878723, -42.605230505621023 ], [ -65.249861783656854, -42.612762830939346 ], [ -65.249920020252205, -42.612799341250309 ], [ -65.255999257717917, -42.612478239418067 ], [ -65.25605634790935, -42.612482701204385 ], [ -65.258405877357291, -42.609001368384384 ], [ -65.267182919199456, -42.61220730530863 ], [ -65.272011797134724, -42.619127962046946 ], [ -65.272012014778227, -42.619128450937126 ], [ -65.272084938415674, -42.619227677392644 ], [ -65.273654003470085, -42.621324690932852 ], [ -65.279258650906627, -42.623440546657889 ], [ -65.279326573274375, -42.623444219407645 ], [ -65.282836602215809, -42.622875729075133 ], [ -65.282057609721846, -42.624225663141203 ], [ -65.289052258159018, -42.633203517203128 ], [ -65.294882316042845, -42.641153998016307 ], [ -65.30329890621158, -42.653316414468861 ], [ -65.303344451753674, -42.653294499161234 ], [ -65.306013458095833, -42.657579267338747 ], [ -65.312743426080601, -42.671649342774231 ], [ -65.316541795675619, -42.683446864930147 ], [ -65.320170890777661, -42.685193036968826 ], [ -65.324946229311308, -42.687309739164675 ], [ -65.327704530859023, -42.685769601133359 ], [ -65.344113749484507, -42.677409710780751 ], [ -65.384324954293731, -42.696757488270123 ], [ -65.44174522501396, -42.732427922173997 ], [ -65.441726163892554, -42.732448468667826 ], [ -65.390963352046185, -42.769152226545998 ], [ -65.384869427954015, -42.771731790421029 ], [ -65.495070908703781, -42.834395399151788 ], [ -65.512233031009487, -42.785049219639461 ], [ -65.527163149247031, -42.796281888449755 ], [ -65.527203269762708, -42.796283921498741 ], [ -65.570167015371283, -42.780289678835402 ], [ -65.639414275964043, -42.741950539225172 ], [ -65.639379069358711, -42.741909449995603 ], [ -65.640302649435284, -42.741489836539813 ], [ -65.640353808280281, -42.741457659032676 ], [ -65.640376379150609, -42.741493896768418 ], [ -65.640900853932067, -42.741993184925093 ], [ -65.640858532003108, -42.742029126379464 ], [ -65.660200255329869, -42.756817266990083 ], [ -65.660269787118636, -42.756826876928187 ], [ -65.660272791105058, -42.756828533877695 ], [ -65.687043325373054, -42.748456461683077 ], [ -65.687132031575175, -42.748372704215626 ], [ -65.769998290628848, -42.721974917301736 ], [ -65.778015698954448, -42.723762578614583 ], [ -65.779985226923827, -42.72674172624022 ], [ -65.780007437671316, -42.726752002924457 ], [ -65.780019772211631, -42.726757990522344 ], [ -65.796246807920113, -42.723357160650835 ], [ -65.827595481799108, -42.768928700275978 ], [ -65.827594236735933, -42.768930239770896 ], [ -65.827831835759071, -42.769284443320771 ], [ -65.827772252544889, -42.769964787779656 ], [ -65.829090919102782, -42.781589164736602 ], [ -65.829167082051242, -42.781590691443171 ], [ -65.853003333871072, -43.016847708732996 ], [ -65.865322927909233, -43.101619789822053 ], [ -65.986841686262323, -43.18253031298724 ], [ -66.047996884037502, -43.19131212002145 ], [ -66.04803361092695, -43.191341739415122 ], [ -66.050905887951785, -43.192760889729129 ], [ -66.050193107532039, -43.193397353466821 ], [ -66.047225635060727, -43.197121053102933 ], [ -66.047157296228988, -43.197140202055209 ], [ -66.028493101241679, -43.220109246840764 ], [ -66.028464513703852, -43.220118293491112 ], [ -66.024818165521594, -43.224624985605715 ], [ -66.030205206186793, -43.24746947483402 ], [ -66.030212010135301, -43.247476617401787 ], [ -66.031191777883464, -43.252982256044277 ], [ -66.073543094633749, -43.304475737504106 ], [ -66.148105523264064, -43.392217987818356 ], [ -66.153777333631979, -43.458495648475605 ], [ -66.153843480521573, -43.458525197843073 ], [ -66.205242785763971, -43.493510365826296 ], [ -66.220919018051518, -43.504180459407792 ], [ -66.206174992662284, -43.498755492295629 ], [ -66.202869225510199, -43.497760415486425 ], [ -66.202861627547065, -43.497760315225889 ], [ -66.190454966846289, -43.500672764912508 ], [ -66.190447492634576, -43.50066470598739 ], [ -66.139836053492161, -43.494825253378394 ], [ -66.139818682760449, -43.494834955208489 ], [ -66.139802545521718, -43.494810284581888 ], [ -66.128473762851968, -43.478382424597612 ], [ -66.119041342479647, -43.475427964731864 ], [ -66.011646721651516, -43.457366814782915 ], [ -65.968438380808834, -43.462055913804249 ], [ -65.956501740615749, -43.467099975472422 ], [ -65.927416809335284, -43.458722695168319 ], [ -65.92245961011173, -43.464317363736654 ], [ -65.922076496626289, -43.464774514185706 ], [ -65.894462603638317, -43.481556846508738 ], [ -65.890017058044066, -43.471973095746876 ], [ -65.734855883860064, -43.593245536168695 ], [ -65.728456780888905, -43.597328042911101 ], [ -65.725531409204166, -43.600600927988808 ], [ -65.721921224422033, -43.715055181772073 ], [ -65.806666243441782, -43.806046025511989 ], [ -65.844055521736379, -43.82968558031348 ], [ -65.844085967870171, -43.829716612828236 ], [ -65.84408655925364, -43.829752160395003 ], [ -65.904741291078778, -43.934170089637917 ], [ -65.904760014547946, -43.934162402176412 ], [ -65.904766370082484, -43.934155354303186 ], [ -65.91973664873899, -43.945301368353682 ], [ -65.937116701789876, -43.975825425898449 ], [ -65.937081965561674, -43.975821275736962 ], [ -65.937097041090681, -43.97586080526878 ], [ -65.939808553560965, -43.997713580525726 ], [ -65.939868470930492, -43.99774514220104 ], [ -65.939853620688496, -43.997773014225004 ], [ -65.940231337303999, -44.001106138845557 ], [ -65.937284143832244, -43.998971685726076 ], [ -65.937236711960281, -43.998909133445011 ], [ -65.905515441136458, -43.976429838826391 ], [ -65.905470824711131, -43.976374523751929 ], [ -65.872201706692238, -43.967536642829089 ], [ -65.744778940653191, -43.909328124036335 ], [ -65.699130676547782, -43.841316589686869 ], [ -65.590482433530383, -43.791123736251905 ], [ -65.56977860055224, -43.787742930957791 ], [ -65.534830726204632, -43.793052726955864 ], [ -65.51623645394875, -43.797815780590327 ], [ -65.482568839358692, -43.800993115410961 ], [ -65.496297777079462, -43.778026512089184 ], [ -65.495277956107088, -43.765658671982749 ], [ -65.477351035642357, -43.742159817238019 ], [ -65.467557763693776, -43.714044934796107 ], [ -65.46754222977313, -43.713984953977047 ], [ -65.434366952244602, -43.695502300585758 ], [ -65.424825173367879, -43.689466188507367 ], [ -65.424791290620249, -43.689442445463612 ], [ -65.388567780941059, -43.66855884465707 ], [ -65.377835649069141, -43.663227727311209 ], [ -65.358980370580468, -43.660880452893934 ], [ -65.358972963871167, -43.660880243489714 ], [ -65.358195912787153, -43.661427863112692 ], [ -65.358187913582583, -43.661421047382134 ], [ -65.358162724411102, -43.661462377799353 ], [ -65.358158299613422, -43.661472390138613 ], [ -65.358121007719433, -43.661428657751458 ], [ -65.356221201986955, -43.65951351599341 ], [ -65.356288311064077, -43.659516095878757 ], [ -65.344303991802065, -43.64750982104681 ], [ -65.340267227141112, -43.645830299904844 ], [ -65.338275486589168, -43.644317192912524 ], [ -65.331266363698546, -43.650154958739336 ], [ -65.322688715850006, -43.647202944337607 ], [ -65.322875976999796, -43.647827147999976 ], [ -65.322509765999939, -43.648376464999956 ], [ -65.322998046999771, -43.649108886999898 ], [ -65.323974609, -43.649108886999898 ], [ -65.325500487999875, -43.650207519999924 ], [ -65.325195312999824, -43.651184081999816 ], [ -65.325012206999872, -43.65209960899989 ], [ -65.326110839999842, -43.65319824199986 ], [ -65.327392578, -43.653503417999957 ], [ -65.328613280999832, -43.654479979999849 ], [ -65.330383300999927, -43.655700683999953 ], [ -65.332275390999882, -43.657287597999982 ], [ -65.332702636999898, -43.658691405999889 ], [ -65.334106444999861, -43.66101074199986 ], [ -65.334594727000024, -43.662475585999914 ], [ -65.335083008000026, -43.664184569999804 ], [ -65.33569335899989, -43.665100097999982 ], [ -65.336975097999982, -43.666381835999971 ], [ -65.337890624999886, -43.667602538999915 ], [ -65.337890624999886, -43.669128417999957 ], [ -65.338500977000024, -43.6710815429999 ], [ -65.339782714999785, -43.672729491999917 ], [ -65.341186522999919, -43.674682616999974 ], [ -65.341308593999827, -43.676208496000015 ], [ -65.340881347999982, -43.677612304999911 ], [ -65.340087890999882, -43.678405761999898 ], [ -65.338989258000026, -43.679199218999827 ], [ -65.339294433999953, -43.680786132999856 ], [ -65.339782714999785, -43.6828002929999 ], [ -65.340881347999982, -43.686096190999933 ], [ -65.341796874999886, -43.687927245999902 ], [ -65.341979980000019, -43.690124511999898 ], [ -65.342712401999961, -43.693420409999931 ], [ -65.342712401999961, -43.696105956999816 ], [ -65.342712401999961, -43.698303222999812 ], [ -65.343078612999818, -43.700622558999953 ], [ -65.343383788999915, -43.70281982399996 ], [ -65.344787597999982, -43.704895019999981 ], [ -65.345092772999919, -43.70672607399996 ], [ -65.346008300999813, -43.707397460999914 ], [ -65.346984862999875, -43.708312987999989 ], [ -65.348083496000015, -43.71008300799997 ], [ -65.348083496000015, -43.712402343999941 ], [ -65.348327636999954, -43.714599608999833 ], [ -65.348693847999982, -43.716491698999903 ], [ -65.349792480000019, -43.717590331999929 ], [ -65.351013183999783, -43.718688964999899 ], [ -65.351013183999783, -43.720214843999941 ], [ -65.350708007999913, -43.721496581999929 ], [ -65.349792480000019, -43.723693847999925 ], [ -65.349304198999846, -43.724975586000028 ], [ -65.349182128999871, -43.726684569999861 ], [ -65.349487304999911, -43.729003905999889 ], [ -65.349914550999983, -43.730895995999958 ], [ -65.350891112999875, -43.7316284179999 ], [ -65.352416991999917, -43.732910155999889 ], [ -65.353088378999871, -43.734313964999956 ], [ -65.353576659999874, -43.735595702999888 ], [ -65.353393554999911, -43.737426758000026 ], [ -65.353820800999983, -43.739501952999888 ], [ -65.354309081999816, -43.740295409999987 ], [ -65.354492187999938, -43.741394043000014 ], [ -65.354492187999938, -43.742309569999918 ], [ -65.353576659999874, -43.743286132999913 ], [ -65.353881835999971, -43.744995116999917 ], [ -65.354187011999841, -43.746093749999943 ], [ -65.3546752929999, -43.747619628999985 ], [ -65.3546752929999, -43.748596190999876 ], [ -65.354309081999816, -43.750183104999905 ], [ -65.354919433999783, -43.751586913999972 ], [ -65.35522460899989, -43.752807616999803 ], [ -65.354309081999816, -43.753601073999903 ], [ -65.354003905999946, -43.754699706999872 ], [ -65.354003905999946, -43.755981444999861 ], [ -65.353515624999886, -43.757690429999855 ], [ -65.353410049999923, -43.75800715399987 ], [ -65.353210449000017, -43.758605956999872 ], [ -65.353210449000017, -43.759704589999899 ], [ -65.353515624999886, -43.761291503999928 ], [ -65.354614257999913, -43.762390136999954 ], [ -65.354797362999875, -43.763793944999861 ], [ -65.354492187999938, -43.765075683999953 ], [ -65.354187011999841, -43.766113281 ], [ -65.353820800999983, -43.767700194999861 ], [ -65.353576659999874, -43.768798827999888 ], [ -65.352600097999982, -43.770080566 ], [ -65.351196288999915, -43.77130126999981 ], [ -65.350708007999913, -43.772094727000024 ], [ -65.350280762000011, -43.773620604999962 ], [ -65.349609374999886, -43.775085449000017 ], [ -65.348388671999942, -43.776184081999872 ], [ -65.346984862999875, -43.776794433999839 ], [ -65.345092772999919, -43.776794433999839 ], [ -65.342712401999961, -43.777282715000013 ], [ -65.341308593999827, -43.777404784999987 ], [ -65.338989258000026, -43.778320312999881 ], [ -65.336486816, -43.778686522999806 ], [ -65.33288574199986, -43.779602050999983 ], [ -65.330810546999828, -43.780212401999961 ], [ -65.3292846679999, -43.780212401999847 ], [ -65.326782226999853, -43.780212401999847 ], [ -65.324523925999813, -43.780883788999802 ], [ -65.322082519999867, -43.782104491999917 ], [ -65.321411132999913, -43.783386229999905 ], [ -65.319885253999871, -43.784912108999947 ], [ -65.318603515999939, -43.786499022999976 ], [ -65.316589354999905, -43.787902831999872 ], [ -65.314697265999939, -43.789428710999914 ], [ -65.313476562999938, -43.791503905999832 ], [ -65.312011718999884, -43.793823241999803 ], [ -65.311279296999942, -43.79522705099987 ], [ -65.312194824000017, -43.797302245999902 ], [ -65.313598632999913, -43.798706054999968 ], [ -65.31420898399989, -43.799987792999957 ], [ -65.314880370999902, -43.801513672 ], [ -65.315795897999806, -43.803100586000028 ], [ -65.316711425999983, -43.804199219 ], [ -65.318908690999876, -43.805175780999889 ], [ -65.320495604999905, -43.805603026999961 ], [ -65.321777344, -43.806213378999928 ], [ -65.322875976999796, -43.806579589999842 ], [ -65.323303222999868, -43.80749511699986 ], [ -65.322509765999939, -43.808227538999859 ], [ -65.321289062999767, -43.808715819999861 ], [ -65.321594237999875, -43.810119628999928 ], [ -65.322387694999804, -43.812011718999884 ], [ -65.323608397999976, -43.813110352000024 ], [ -65.324218749999943, -43.814392089999842 ], [ -65.323303222999868, -43.815612792999957 ], [ -65.321899413999972, -43.817077637000011 ], [ -65.321105956999872, -43.818908691 ], [ -65.320983886999898, -43.820495605000019 ], [ -65.322204590000013, -43.822387694999975 ], [ -65.322875976999796, -43.824096679999911 ], [ -65.323303222999868, -43.825805663999802 ], [ -65.323303222999868, -43.827087401999904 ], [ -65.323791503999871, -43.828491210999971 ], [ -65.324707030999775, -43.829406737999875 ], [ -65.325805663999972, -43.830810546999942 ], [ -65.326110839999842, -43.832214354999905 ], [ -65.326293944999804, -43.833923340000013 ], [ -65.325988769999867, -43.835876464999956 ], [ -65.32562255900001, -43.8370971679999 ], [ -65.325927733999947, -43.838806151999904 ], [ -65.326599120999902, -43.8410034179999 ], [ -65.327514647999976, -43.842285155999889 ], [ -65.328613280999832, -43.84460449199986 ], [ -65.328918456999872, -43.845886229999849 ], [ -65.327514647999976, -43.847106933999953 ], [ -65.327392578, -43.84820556599982 ], [ -65.326416015999939, -43.849426269999924 ], [ -65.326477050999927, -43.851013183999953 ], [ -65.325805663999972, -43.852600097999982 ], [ -65.32482910199991, -43.853698730000019 ], [ -65.323486328, -43.855712890999882 ], [ -65.322814940999876, -43.856811522999919 ], [ -65.32092285199991, -43.857177733999833 ], [ -65.319702147999976, -43.858093262000011 ], [ -65.318908690999876, -43.859313964999842 ], [ -65.317687987999875, -43.860412597999982 ], [ -65.317504882999913, -43.861694335999971 ], [ -65.316894530999946, -43.865905762000011 ], [ -65.317077636999898, -43.867004394999867 ], [ -65.317504882999913, -43.867797851999967 ], [ -65.317504882999913, -43.869201659999874 ], [ -65.316528319999918, -43.870788573999903 ], [ -65.315612792999843, -43.872009276999904 ], [ -65.315612792999843, -43.876403808999896 ], [ -65.310913085999857, -43.888000487999989 ], [ -65.310607909999987, -43.88922119099982 ], [ -65.31109619099982, -43.890014647999863 ], [ -65.310180663999802, -43.891113280999889 ], [ -65.309020995999958, -43.89288330099987 ], [ -65.30841064499981, -43.894287108999947 ], [ -65.308776854999849, -43.895507812999881 ], [ -65.308898925999983, -43.896484374999943 ], [ -65.307800292999787, -43.897521972999982 ], [ -65.307006835999857, -43.898315429999911 ], [ -65.306518555000025, -43.898986815999876 ], [ -65.305480956999816, -43.902282714999899 ], [ -65.305725097999925, -43.903198241999974 ], [ -65.305725097999925, -43.903503418000014 ], [ -65.305297852000024, -43.904479979999905 ], [ -65.30639648399989, -43.905578612999932 ], [ -65.306213378999757, -43.906311034999874 ], [ -65.305297852000024, -43.907897948999903 ], [ -65.304382324000017, -43.90930175799997 ], [ -65.303588866999917, -43.910827637000011 ], [ -65.302978515999882, -43.912109374999829 ], [ -65.302612305000025, -43.913391112999932 ], [ -65.301391602000024, -43.913879394999924 ], [ -65.301208495999958, -43.914611815999933 ], [ -65.302001952999888, -43.915283202999888 ], [ -65.30249023399989, -43.91632080099987 ], [ -65.302795409999987, -43.917175292999957 ], [ -65.302001952999888, -43.918884276999961 ], [ -65.300903319999861, -43.919982909999987 ], [ -65.300598144999924, -43.921020507999856 ], [ -65.301208495999958, -43.92169189499981 ], [ -65.300292968999884, -43.92272949199986 ], [ -65.301025391, -43.923095702999888 ], [ -65.301391602000024, -43.923889159999987 ], [ -65.300720214999899, -43.926208495999958 ], [ -65.300292968999884, -43.92950439499981 ], [ -65.299804688, -43.931579590000013 ], [ -65.299377441, -43.933593749999943 ], [ -65.297485352000024, -43.936218261999841 ], [ -65.294799804999855, -43.938476562999824 ], [ -65.293395995999902, -43.938781737999875 ], [ -65.293090819999861, -43.940002440999876 ], [ -65.291381836000028, -43.941284179999968 ], [ -65.290710448999903, -43.94250488299997 ], [ -65.290222167999843, -43.944274901999961 ], [ -65.289978026999961, -43.945983886999898 ], [ -65.288696288999802, -43.947082519999924 ], [ -65.288879394999924, -43.948303222999868 ], [ -65.289428710999914, -43.94982910199991 ], [ -65.288024902000018, -43.951293944999861 ], [ -65.286987304999968, -43.954284667999957 ], [ -65.285888672, -43.955810547 ], [ -65.284423827999944, -43.957702636999954 ], [ -65.284179688, -43.95867919899996 ], [ -65.283203124999943, -43.959411620999958 ], [ -65.283386229999905, -43.96069335899989 ], [ -65.283203124999943, -43.961791991999917 ], [ -65.281799315999876, -43.962890624999886 ], [ -65.280029296999885, -43.963684081999986 ], [ -65.278503418000014, -43.96459960899989 ], [ -65.277099608999947, -43.965881347999982 ], [ -65.275207519999981, -43.966674804999911 ], [ -65.273803710999914, -43.967895507999913 ], [ -65.272521972999755, -43.968627930000025 ], [ -65.269592284999987, -43.968811034999987 ], [ -65.266784667999843, -43.966979980000019 ], [ -65.265319823999903, -43.965515136999954 ], [ -65.263610839999899, -43.966491699000017 ], [ -65.26202392599987, -43.967590331999986 ], [ -65.25958251999981, -43.968383788999802 ], [ -65.25732421899977, -43.969177246000015 ], [ -65.256103516, -43.970275878999871 ], [ -65.254089354999962, -43.970703124999886 ], [ -65.252502440999933, -43.970275878999871 ], [ -65.25109863299997, -43.969604491999917 ], [ -65.250488281, -43.967712401999961 ], [ -65.249694823999903, -43.967529297 ], [ -65.247802733999833, -43.968200683999839 ], [ -65.246215819999804, -43.968688965000013 ], [ -65.244079589999899, -43.968200683999839 ], [ -65.242309569999748, -43.969299316 ], [ -65.241088866999974, -43.970275878999871 ], [ -65.239318847999982, -43.970703124999886 ], [ -65.237182616999974, -43.970581054999911 ], [ -65.236083983999947, -43.969726562999881 ], [ -65.234497069999918, -43.969909667999843 ], [ -65.232299804999911, -43.970886230000019 ], [ -65.231994628999985, -43.972229003999814 ], [ -65.232788085999914, -43.972778319999975 ], [ -65.232788085999914, -43.973999022999806 ], [ -65.231811522999863, -43.975280761999898 ], [ -65.231506347999812, -43.976501465000013 ], [ -65.231994628999985, -43.977722167999843 ], [ -65.233093261999841, -43.978820800999983 ], [ -65.23498535199991, -43.979003905999946 ], [ -65.235900878999985, -43.977783202999831 ], [ -65.23809814499981, -43.977111815999876 ], [ -65.239013671999885, -43.978576659999931 ], [ -65.239990233999777, -43.9796752929999 ], [ -65.24200439499981, -43.9796752929999 ], [ -65.243713378999814, -43.97912597699991 ], [ -65.246093749999829, -43.978393554999968 ], [ -65.247375487999932, -43.978698729999905 ], [ -65.248107909999874, -43.97991943400001 ], [ -65.249694823999903, -43.980590819999975 ], [ -65.251708983999833, -43.981506347999868 ], [ -65.254028319999975, -43.984497069999975 ], [ -65.25421142599987, -43.985717772999976 ], [ -65.253723144999867, -43.98718261699986 ], [ -65.25390625, -43.988708495999902 ], [ -65.255187987999932, -43.989379883000026 ], [ -65.256408690999933, -43.990417479999905 ], [ -65.257385253999757, -43.99188232399996 ], [ -65.2578125, -43.993713378999928 ], [ -65.257507323999903, -43.995483397999919 ], [ -65.256408690999933, -43.997009276999961 ], [ -65.256225585999971, -43.998291015999882 ], [ -65.255981444999861, -43.999877929999911 ], [ -65.252197266, -44.001281737999989 ], [ -65.251708983999833, -44.001525878999928 ], [ -65.251220702999944, -44.002014159999817 ], [ -65.251403808999896, -44.002929688 ], [ -65.251281737999932, -44.003479003999871 ], [ -65.251220702999944, -44.003723144999924 ], [ -65.250793456999929, -44.004211425999813 ], [ -65.250122069999804, -44.004882812999938 ], [ -65.249389647999863, -44.004394530999889 ], [ -65.248596190999876, -44.004211425999813 ], [ -65.248107909999874, -44.004211425999813 ], [ -65.247619628999871, -44.004394530999889 ], [ -65.24670410199991, -44.004882812999938 ], [ -65.246520996000015, -44.005676269999867 ], [ -65.24639892599987, -44.008117675999813 ], [ -65.24639892599987, -44.009094237999875 ], [ -65.246887206999872, -44.009826659999817 ], [ -65.249084472999925, -44.011596679999911 ], [ -65.249694823999903, -44.012023925999983 ], [ -65.25109863299997, -44.012512206999986 ], [ -65.251586913999859, -44.013610840000013 ], [ -65.25109863299997, -44.015502929999911 ], [ -65.250488281, -44.0167846679999 ], [ -65.249877929999855, -44.018188476999967 ], [ -65.249999999999829, -44.019592284999874 ], [ -65.250915526999904, -44.020629882999913 ], [ -65.250793456999929, -44.020996093999827 ], [ -65.248901366999974, -44.021789550999927 ], [ -65.248718262000011, -44.022705077999831 ], [ -65.249999999999829, -44.0245971679999 ], [ -65.250793456999929, -44.025390625 ], [ -65.250915526999904, -44.026611327999831 ], [ -65.250488281, -44.027282714999956 ], [ -65.248779297, -44.028015136999898 ], [ -65.24719238299997, -44.0285034179999 ], [ -65.247375487999932, -44.029174805000025 ], [ -65.247009276999847, -44.029602050999927 ], [ -65.245910644999867, -44.029907226999967 ], [ -65.244995116999974, -44.030700683999896 ], [ -65.244018554999911, -44.031982421999885 ], [ -65.242675781, -44.033386229999962 ], [ -65.242309569999748, -44.034179687999881 ], [ -65.241088866999974, -44.034606933999896 ], [ -65.239501952999944, -44.035278319999918 ], [ -65.239196777000018, -44.03601074199986 ], [ -65.238281249999943, -44.036376952999888 ], [ -65.236999512000011, -44.037414550999927 ], [ -65.235412597999982, -44.038024901999904 ], [ -65.23132324199986, -44.039978027000018 ], [ -65.229309081999816, -44.04071044899996 ], [ -65.228088378999985, -44.041809081999816 ], [ -65.227111815999763, -44.042602538999915 ], [ -65.226501464999956, -44.043395995999845 ], [ -65.225708008000026, -44.044006347999982 ], [ -65.224609374999829, -44.04461669899996 ], [ -65.223388671999885, -44.044677733999947 ], [ -65.222900391, -44.044494628999985 ], [ -65.221984862999989, -44.04357910199991 ], [ -65.221008300999927, -44.043212890999882 ], [ -65.218078612999818, -44.043395995999845 ], [ -65.216918944999975, -44.04357910199991 ], [ -65.21569824199986, -44.043029784999931 ], [ -65.215209960999971, -44.042480468999941 ], [ -65.214111327999831, -44.042114258000026 ], [ -65.213378905999832, -44.041503905999889 ], [ -65.212890625, -44.040527344 ], [ -65.213012694999975, -44.03961181599982 ], [ -65.212219237999875, -44.038696288999915 ], [ -65.211120604999849, -44.037780761999954 ], [ -65.210083007999799, -44.037292479999849 ], [ -65.2081909179999, -44.037109374999886 ], [ -65.202880858999833, -44.03680419899996 ], [ -65.200317382999913, -44.036682128999985 ], [ -65.196899413999915, -44.036376952999888 ], [ -65.194091796999885, -44.035522460999857 ], [ -65.192321776999961, -44.034912109 ], [ -65.189880371000015, -44.034301758000026 ], [ -65.186706542999957, -44.034179687999881 ], [ -65.185607909999931, -44.034484862999989 ], [ -65.185913085999857, -44.035400390999882 ], [ -65.187316894999924, -44.03570556599982 ], [ -65.188476562999881, -44.035888671999885 ], [ -65.188781737999989, -44.03601074199986 ], [ -65.188903808999953, -44.036193847999812 ], [ -65.189086913999915, -44.03680419899996 ], [ -65.189392089999785, -44.037597655999889 ], [ -65.189697265999882, -44.037780761999954 ], [ -65.190612792999957, -44.037902831999816 ], [ -65.191528319999861, -44.038024901999904 ], [ -65.192504883000026, -44.038208008000026 ], [ -65.192810058999953, -44.038513183999953 ], [ -65.193481444999748, -44.039001464999956 ], [ -65.193603515999882, -44.03961181599982 ], [ -65.193298339999785, -44.040527344 ], [ -65.193298339999785, -44.041198729999849 ], [ -65.194824218999827, -44.041503905999889 ], [ -65.195983887000011, -44.041503905999889 ], [ -65.197204589999842, -44.041503905999889 ], [ -65.198486327999944, -44.041625976999853 ], [ -65.20147705099987, -44.041381835999914 ], [ -65.204101562999938, -44.041076659999874 ], [ -65.20538330099987, -44.041076659999874 ], [ -65.206787109, -44.041503905999889 ], [ -65.206909179999911, -44.042175293000014 ], [ -65.206481933999896, -44.043212890999882 ], [ -65.206481933999896, -44.044982909999874 ], [ -65.208312987999875, -44.046508788999915 ], [ -65.209899901999904, -44.04748535199991 ], [ -65.211120604999849, -44.047912597999982 ], [ -65.213317870999845, -44.048095702999944 ], [ -65.214782714999899, -44.04852294899996 ], [ -65.216308593999827, -44.049804687999881 ], [ -65.216918944999975, -44.05139160199991 ], [ -65.217285155999889, -44.052978515999826 ], [ -65.217285155999889, -44.054687499999829 ], [ -65.216613769999867, -44.056396483999833 ], [ -65.215881347999925, -44.057312012000011 ], [ -65.216796875, -44.058288573999903 ], [ -65.219482421999885, -44.060485839999899 ], [ -65.222412109, -44.062011718999941 ], [ -65.225891112999989, -44.063720702999944 ], [ -65.227783202999888, -44.065185547 ], [ -65.229797362999989, -44.066284179999855 ], [ -65.231811522999863, -44.067077636999954 ], [ -65.234313964999956, -44.06817626999981 ], [ -65.235412597999982, -44.069274901999847 ], [ -65.237182616999974, -44.072387694999918 ], [ -65.238281249999943, -44.075805663999859 ], [ -65.239624022999919, -44.078002930000025 ], [ -65.240112304999911, -44.080810546999885 ], [ -65.240478515999769, -44.083007812999881 ], [ -65.240478515999769, -44.084777831999872 ], [ -65.239990233999777, -44.088378905999946 ], [ -65.239624022999919, -44.090087890999939 ], [ -65.238708496000015, -44.091674804999968 ], [ -65.237792968999941, -44.09320068400001 ], [ -65.23522949199986, -44.094482422 ], [ -65.233520508000026, -44.094482422 ], [ -65.232604979999849, -44.094787597999868 ], [ -65.232177733999947, -44.09600830099987 ], [ -65.233703612999989, -44.097778319999861 ], [ -65.234619140999882, -44.099182128999928 ], [ -65.234619140999882, -44.100097656 ], [ -65.233886718999941, -44.10070800799997 ], [ -65.232299804999911, -44.099975585999857 ], [ -65.2316284179999, -44.100585938 ], [ -65.23274397298178, -44.10255961214466 ], [ -65.251037516310646, -44.113519774535121 ], [ -65.274852867213554, -44.110277833889143 ], [ -65.298351814733849, -44.126913536629559 ], [ -65.301088548303653, -44.128907851339363 ], [ -65.301117970075097, -44.128910270643246 ], [ -65.327326319173835, -44.136087943226926 ], [ -65.411199217561546, -44.166838349109241 ], [ -65.41438470915017, -44.178332576684568 ], [ -65.415185060098167, -44.178306700006829 ], [ -65.472165233451165, -44.167128453313126 ], [ -65.472201556831635, -44.167096620912844 ], [ -65.474475783510002, -44.166311736370972 ], [ -65.4745491336962, -44.166336361704737 ], [ -65.476018091067374, -44.16724860253828 ], [ -65.476018376489151, -44.167248934001009 ], [ -65.47742328986152, -44.168856648280325 ], [ -65.477422526003124, -44.168857214840841 ], [ -65.571083317207581, -44.248978922618619 ], [ -65.583388232732773, -44.264168524329193 ], [ -65.583465288809805, -44.264167165639208 ], [ -65.585034991816315, -44.265619959459741 ], [ -65.624731037402341, -44.272943711015898 ], [ -65.629379663317195, -44.276207715687349 ], [ -65.638924049945103, -44.288383954283574 ], [ -65.639030502581306, -44.288375380550917 ], [ -65.640053987381691, -44.288721994424861 ], [ -65.640053761656645, -44.288722644280938 ], [ -65.667416872549438, -44.303621238292692 ], [ -65.684975552634796, -44.307961503242097 ], [ -65.685029696043557, -44.30800567148458 ], [ -65.696557903869859, -44.308386759408734 ], [ -65.697202685986213, -44.309193103156872 ], [ -65.69930057738776, -44.3117137294347 ], [ -65.699301828588432, -44.311714973695473 ], [ -65.702714992706944, -44.308607813890092 ], [ -65.702692628112345, -44.308549239714182 ], [ -65.858905937072905, -44.254960412472826 ], [ -65.938265726743566, -44.300698817840498 ], [ -65.938287057571927, -44.300722720494491 ], [ -65.961010924632774, -44.315500091091508 ], [ -66.17768269162616, -44.538038137006822 ], [ -66.180294106245412, -44.540186839011767 ], [ -66.237238104948233, -44.565375546903283 ], [ -66.237236516088728, -44.5653850030277 ], [ -66.23707659575291, -44.627381635293204 ], [ -66.172703081162808, -44.679314990786111 ], [ -66.263987959093527, -44.666545559809492 ], [ -66.259665862620182, -44.673343054349573 ], [ -66.268220164502736, -44.681067911018545 ], [ -66.27294279916299, -44.677618347777695 ], [ -66.276452948513452, -44.66610987690143 ], [ -66.489317558053187, -44.639016816613378 ], [ -66.516819837918945, -44.647496349832977 ], [ -66.576548019874281, -44.688012383579007 ], [ -66.595920039660996, -44.701675427259545 ], [ -66.610123634826152, -44.735564725641837 ], [ -66.640658621231125, -44.755358755196312 ], [ -66.643692395071355, -44.757019978950325 ], [ -66.650889875492624, -44.762074469311528 ], [ -66.657568104357381, -44.765215501947296 ], [ -66.657589989642361, -44.765241150541897 ], [ -66.670464990159985, -44.77587117936514 ], [ -66.670524564661832, -44.775851683757708 ], [ -66.685348479825166, -44.785329020292522 ], [ -66.686112798247393, -44.785207680405449 ], [ -66.686118277609864, -44.785207864548454 ], [ -66.695686439235089, -44.789977609149162 ], [ -66.69572906129315, -44.789998226635703 ], [ -66.702315839097309, -44.792887546935788 ], [ -66.706963617410395, -44.80427094697643 ], [ -66.718972986606559, -44.806790884363352 ], [ -66.713317653635897, -44.779804415306103 ], [ -66.712885362796499, -44.766014716998598 ], [ -66.712847891894285, -44.76595390460443 ], [ -66.690179474289437, -44.714316640107427 ], [ -66.670308070475699, -44.671716859397691 ], [ -66.674265947787887, -44.655569020507301 ], [ -66.674264874308733, -44.655545545226744 ], [ -66.674213909391938, -44.655563697547734 ], [ -66.665016407233111, -44.652984196082741 ], [ -66.66503482274203, -44.652943919368624 ], [ -66.663988899684625, -44.653138336594736 ], [ -66.6569181488033, -44.653486232108776 ], [ -66.656859794220509, -44.653452643529022 ], [ -66.659047933305658, -44.646354768633103 ], [ -66.659007298074471, -44.64635070793662 ], [ -66.649988525706704, -44.615927654407756 ], [ -66.650052255149774, -44.615928267017466 ], [ -66.653719825414043, -44.618316511274372 ], [ -66.600311732398893, -44.490448273004233 ], [ -66.55353553223847, -44.425490913117414 ], [ -66.553529383832597, -44.425490126397051 ], [ -66.378084092933705, -44.014893246964732 ], [ -66.376070398572949, -44.013451707696333 ], [ -66.369077936668816, -43.935598309805414 ], [ -66.352094862879483, -43.942019819377379 ], [ -66.337742457141701, -43.901775912735843 ], [ -66.33489553070109, -43.893793164914484 ], [ -66.281815203504948, -43.839946306960826 ], [ -66.281831429507008, -43.839905075915851 ], [ -66.300511290139184, -43.826247074489231 ], [ -66.294799459402952, -43.79624352870519 ], [ -66.29338034142836, -43.771513596931868 ], [ -66.293450720430201, -43.771481908431952 ], [ -66.36645858152275, -43.780215060238106 ], [ -66.366511540183694, -43.780272323504448 ], [ -66.366748002256088, -43.780156362740854 ], [ -66.366749824389217, -43.780153912242213 ], [ -66.366711880843582, -43.780100045018571 ], [ -66.366658538378999, -43.780046845394736 ], [ -66.373483673200667, -43.778639081467873 ], [ -66.376446415709495, -43.778989388427419 ], [ -66.384403091123772, -43.778081599746542 ], [ -66.384415925683754, -43.778091699243191 ], [ -66.39272620367484, -43.777814215331659 ], [ -66.422259367003562, -43.775219171502783 ], [ -66.475244700194878, -43.736689240610758 ], [ -66.472287974663686, -43.726431949610969 ], [ -66.472217442244073, -43.726441320573997 ], [ -66.472284575627441, -43.724827153472518 ], [ -66.476226310857498, -43.723052406040551 ], [ -66.476445010282987, -43.723148223136093 ], [ -66.476494131472521, -43.723101494640957 ], [ -66.476570792978464, -43.723101857066411 ], [ -66.476671890085299, -43.723115094963248 ], [ -66.481991204924952, -43.70333484373316 ], [ -66.482554717987114, -43.703334781248259 ], [ -66.482634649796807, -43.703339559316191 ], [ -66.482689048382895, -43.703334766365685 ], [ -66.482897161713367, -43.703334743328128 ], [ -66.483103167848469, -43.703334720523856 ], [ -66.483114853899338, -43.703332953590518 ], [ -66.483218054893769, -43.703302923295894 ], [ -66.507816146696825, -43.720125615690563 ], [ -66.507819321372665, -43.720118521691745 ], [ -66.51378170680772, -43.717111692230731 ], [ -66.531172774540039, -43.725640249038577 ], [ -66.478340829027218, -43.781494189909893 ], [ -66.618450715893403, -43.80005861416862 ], [ -66.794949100199233, -43.799238088797949 ], [ -66.797199058721503, -43.795485467767605 ], [ -66.862220566253882, -43.782045774868493 ], [ -66.909026515856169, -43.753530990135687 ], [ -66.916892267347293, -43.721453838172181 ], [ -67.093431617669694, -43.69945714636043 ], [ -67.10193383383438, -43.708719530653468 ], [ -67.101947087889641, -43.708717521243784 ], [ -67.116623692629162, -43.705455879623969 ], [ -67.165039743213356, -43.694296036409298 ], [ -67.188585438475229, -43.689463527887654 ], [ -67.192503932620127, -43.688418970445184 ], [ -67.192537658527442, -43.688408210028854 ], [ -67.193589706134162, -43.687929300707879 ], [ -67.193640895917497, -43.687920381860238 ], [ -67.196954636985367, -43.6876237465911 ], [ -67.196956862229172, -43.687636397569406 ], [ -67.198492393252309, -43.687591095846699 ], [ -67.198560919831834, -43.687553108001737 ], [ -67.19876697445585, -43.687460271793782 ], [ -67.200038838446233, -43.685842875137439 ], [ -67.198316193395556, -43.682286176514253 ], [ -67.198245846671909, -43.68228482161993 ], [ -67.1870408223308, -43.686268157499114 ], [ -67.187270573283911, -43.686671146365939 ], [ -67.187475983189699, -43.687031450045993 ], [ -67.18768456933401, -43.687397319921445 ], [ -67.187686451673073, -43.687407166291621 ], [ -67.186657614895068, -43.687089134691746 ], [ -67.185512456179481, -43.686745476940246 ], [ -67.184039357430038, -43.686303405308479 ], [ -67.18081804807565, -43.686341236286466 ], [ -67.194666805199461, -43.67636115201725 ], [ -67.18744919643558, -43.67644730116109 ], [ -67.170326300881868, -43.663825197469237 ], [ -67.130648857316942, -43.666880983503859 ], [ -67.069819183855145, -43.619874310082025 ], [ -66.959815702732612, -43.529735995628585 ], [ -66.88840514107244, -43.483351229959453 ], [ -66.873349780742615, -43.463827111054457 ], [ -66.85612966179292, -43.438646847292205 ], [ -66.856128835190248, -43.438645514857171 ], [ -66.706833889919494, -43.284997507770242 ], [ -66.706814742817983, -43.285010303224624 ], [ -66.622783812338014, -43.197914437464874 ], [ -66.646819015277288, -43.180474449563405 ], [ -66.651663766908996, -43.176463223534654 ], [ -66.607122470382535, -43.151753660669328 ], [ -66.541751717813327, -43.033230178428255 ], [ -66.541692268375414, -43.033227423314315 ], [ -66.369084910460458, -42.631862343900593 ], [ -66.374977605161632, -42.626702212068551 ], [ -66.374976054424224, -42.626692777620008 ], [ -66.364322074418567, -42.624787292328335 ], [ -66.344086391760698, -42.593078565461553 ], [ -66.344026683260154, -42.593099791068084 ], [ -66.228535226466363, -42.454565469293527 ], [ -66.219599052588194, -42.452218783346439 ], [ -66.219566636943, -42.452180143184364 ], [ -66.194185583784588, -42.426462682421231 ], [ -66.193642084662883, -42.420626093977035 ], [ -66.188030693617293, -42.426537671490507 ], [ -66.061885564480633, -42.382612360461053 ], [ -66.045472986038646, -42.376926837138171 ], [ -66.025264840386683, -42.370685205501559 ], [ -65.979993307336429, -42.405080086660746 ], [ -65.97996727414403, -42.405093973041687 ], [ -65.967436968461129, -42.409790334307957 ], [ -65.967446602647613, -42.409807367342125 ], [ -65.946617248762379, -42.424301805284301 ], [ -65.946557952797548, -42.424268068628692 ], [ -65.946553267656896, -42.424274735538631 ], [ -65.930922834023818, -42.432581174856693 ], [ -65.897708618654917, -42.433991428699187 ], [ -65.809567970790567, -42.361359126789068 ], [ -65.719282345091074, -42.32770630443315 ], [ -65.718538549988921, -42.326650447008717 ], [ -65.71734745946452, -42.325252756361692 ], [ -65.72117064419615, -42.25935580488715 ], [ -65.697069608920742, -42.254578606348446 ], [ -65.666748719341626, -42.160243761343565 ], [ -65.66676663220278, -42.160203282876751 ], [ -65.689778432583012, -42.14406258846401 ], [ -65.716118835851375, -42.114149558935992 ], [ -65.71147738343916, -42.112878770777343 ], [ -65.711451730737508, -42.112858780287638 ], [ -65.715555721590704, -42.10528502974455 ], [ -65.522678226720245, -41.953557099861939 ], [ -65.522663511491032, -41.953550392572993 ], [ -65.522108286329512, -41.954364094651112 ], [ -65.522091558019781, -41.954360818995724 ], [ -65.511287623600936, -41.943891059243242 ], [ -65.497518707289487, -41.926231447426289 ], [ -65.497515150353934, -41.926163497417349 ], [ -65.49465921438167, -41.924558935242771 ], [ -65.485004396251725, -41.907920308355301 ], [ -65.508270656563127, -41.886774781096051 ], [ -65.508279590765483, -41.88678113781458 ], [ -65.588557387510662, -41.754776430491916 ], [ -65.585966938207036, -41.720482635351402 ], [ -65.585959188568438, -41.720444711513096 ], [ -65.567871966446091, -41.690508494733479 ], [ -65.545405998545675, -41.692034448504103 ], [ -65.545392310800253, -41.691998154082853 ], [ -65.547248518206857, -41.686886142669493 ], [ -65.54723202874311, -41.686853419097531 ], [ -65.527931603909394, -41.624403147106875 ], [ -65.470629244392796, -41.530149503899793 ], [ -65.46837125814443, -41.527193750857748 ], [ -65.468371013437604, -41.527193707554432 ], [ -65.468144708690204, -41.526926354686168 ], [ -65.458844167502264, -41.509831434314776 ], [ -65.437990595771055, -41.473477539031876 ], [ -65.434824266268038, -41.472823267901617 ], [ -65.434822801266478, -41.472817458355166 ], [ -65.436813207377952, -41.471210572327891 ], [ -65.435048983606976, -41.469831686119846 ], [ -65.435047805739316, -41.469826950153106 ], [ -65.436004162855113, -41.469253115488812 ], [ -65.427085876607237, -41.446326238560118 ], [ -65.37377517958879, -41.327391126003704 ], [ -65.372510306714844, -41.326564948750047 ], [ -65.37251719853316, -41.32649029679493 ], [ -65.370677481936355, -41.325289660214821 ], [ -65.370675049479871, -41.325286583058528 ], [ -65.371020903864462, -41.302138727584065 ], [ -65.354818478096206, -41.333340479862215 ], [ -65.354813903165905, -41.333345968303036 ], [ -65.354817680498513, -41.333349119415459 ], [ -65.353322169309308, -41.336219057957123 ], [ -65.349037898995164, -41.425716023590667 ], [ -65.33071498281322, -41.451253437093214 ] ] ], [ [ [ -64.813287523999861, -42.839964273999897 ], [ -64.812551396999879, -42.840228524999816 ], [ -64.812004019999961, -42.84011527499996 ], [ -64.811192392999885, -42.840266274999919 ], [ -64.811022518000016, -42.840228524999816 ], [ -64.810286390999863, -42.840832526999975 ], [ -64.809814514999914, -42.841153402999964 ], [ -64.809229387999892, -42.841323277999891 ], [ -64.809399263999921, -42.841795153999954 ], [ -64.809569139000018, -42.842323654999802 ], [ -64.809097262999899, -42.842871031999891 ], [ -64.807719383999824, -42.843852534 ], [ -64.805416627999989, -42.845003911999981 ], [ -64.803963249999754, -42.845551288999957 ], [ -64.801018742, -42.847042417999887 ], [ -64.799584238999898, -42.847967294999933 ], [ -64.79669635599987, -42.849024297999904 ], [ -64.793430972999943, -42.850477675999912 ], [ -64.790618590999884, -42.851402553999947 ], [ -64.787825083999849, -42.85170455399998 ], [ -64.786730330999774, -42.85210093 ], [ -64.78520145199991, -42.852799306999884 ], [ -64.784352074999902, -42.853384433999906 ], [ -64.782898695999904, -42.854196060999982 ], [ -64.78142644199994, -42.854611311999975 ], [ -64.780520439999862, -42.855347438999956 ], [ -64.778670685, -42.856593191999821 ], [ -64.777009680999981, -42.857612443999869 ], [ -64.771517041999914, -42.859613199999842 ], [ -64.768421534000026, -42.86080232799992 ], [ -64.764608774999942, -42.862010330999851 ], [ -64.76243814399993, -42.862614331999907 ], [ -64.760135387999924, -42.863388209 ], [ -64.757794881999985, -42.863973336000015 ], [ -64.755190125999775, -42.86478496299992 ], [ -64.751264115999902, -42.866106215999821 ], [ -64.749395485999912, -42.866823467999836 ], [ -64.746432102999961, -42.867767219999848 ], [ -64.744242597999914, -42.86835234699987 ], [ -64.742864719000011, -42.86867322299986 ], [ -64.741902091999862, -42.868710972999963 ], [ -64.741505715999836, -42.86867322299986 ], [ -64.74127921500002, -42.868541096999934 ], [ -64.740561963, -42.868616596999971 ], [ -64.740580837999971, -42.869031847999963 ], [ -64.740373212999771, -42.869390473999886 ], [ -64.740071211999805, -42.86963585 ], [ -64.739542710999956, -42.870051101 ], [ -64.738617832999807, -42.87031535199992 ], [ -64.737617456, -42.870541851999917 ], [ -64.73712670499998, -42.870655102999876 ], [ -64.734880573999874, -42.871542229999818 ], [ -64.733144068999877, -42.872165105999841 ], [ -64.732351316999768, -42.872485981999944 ], [ -64.730803562999938, -42.873014483999953 ], [ -64.729142558999911, -42.873637359999805 ], [ -64.728028930999869, -42.87420361199986 ], [ -64.72723617899976, -42.874807612999916 ], [ -64.725726175999853, -42.875524864999932 ], [ -64.722064416000023, -42.877034869 ], [ -64.716949277999845, -42.878733622999846 ], [ -64.713853769999787, -42.879771750999964 ], [ -64.712966642999902, -42.880036001999883 ], [ -64.711437763999982, -42.880621127999973 ], [ -64.710097635999944, -42.881244004999814 ], [ -64.705416623999952, -42.88222550699993 ], [ -64.703623493999828, -42.882829508999919 ], [ -64.702604241999893, -42.883112633999986 ], [ -64.701868114999911, -42.883376884999905 ], [ -64.701301863000026, -42.883320259999834 ], [ -64.701207487999852, -42.883603386 ], [ -64.701547238999808, -42.883829886 ], [ -64.701584988999912, -42.884433887999876 ], [ -64.701735988999985, -42.884886888999972 ], [ -64.701962489999971, -42.885113388999969 ], [ -64.702144080999744, -42.885323651999954 ], [ -64.702321115999894, -42.885528640999951 ], [ -64.702264490999823, -42.885849515999951 ], [ -64.701981364999938, -42.886000517000014 ], [ -64.701950851999811, -42.886010687999885 ], [ -64.701641613999982, -42.88611376699987 ], [ -64.701490614000022, -42.886453517999826 ], [ -64.701245237999956, -42.886661142999856 ], [ -64.700716736999937, -42.887151894999874 ], [ -64.700150484999881, -42.887793645999864 ], [ -64.69982961, -42.888095646999886 ], [ -64.70005611, -42.888473147999946 ], [ -64.70026373599984, -42.888737398999979 ], [ -64.700093859999754, -42.889492400999814 ], [ -64.699319983, -42.89009640199987 ], [ -64.698772606999853, -42.890530527999829 ], [ -64.69856498099989, -42.891115655000021 ], [ -64.698451730999864, -42.891285529999948 ], [ -64.698602731999983, -42.89164415599987 ], [ -64.697734478999848, -42.892512407999845 ], [ -64.697168227999953, -42.892795534000015 ], [ -64.697413602999916, -42.89351278599986 ], [ -64.697451353999782, -42.89415453700002 ], [ -64.697300352999889, -42.894305537999969 ], [ -64.697205977999886, -42.894777413999861 ], [ -64.6966586019999, -42.89541916599984 ], [ -64.696356600999877, -42.895947666999859 ], [ -64.696564225999907, -42.896344042999885 ], [ -64.696450975999937, -42.896853668999881 ], [ -64.695507223999925, -42.89775967199995 ], [ -64.69441247099985, -42.898476922999976 ], [ -64.69314784300002, -42.899175300000024 ], [ -64.691052711999873, -42.899986926999873 ], [ -64.688504580999904, -42.901006179999911 ], [ -64.682577815999878, -42.902572808999935 ], [ -64.68101118699991, -42.90295031 ], [ -64.678953805999868, -42.903308935999917 ], [ -64.67634905, -42.903743061999876 ], [ -64.673706542999867, -42.904441438999925 ], [ -64.671856788000014, -42.904743438999958 ], [ -64.670252408999886, -42.905196440999873 ], [ -64.669119905999878, -42.90525306599983 ], [ -64.669101030999911, -42.905611691999866 ], [ -64.669176531999938, -42.905913691999956 ], [ -64.668950030999838, -42.906177942999989 ], [ -64.668346028999963, -42.906498818999978 ], [ -64.667345651999881, -42.907404820999886 ], [ -64.666779399999825, -42.907857821999983 ], [ -64.665363771999864, -42.908575074 ], [ -64.662570265, -42.909632076999969 ], [ -64.660550634999879, -42.910387078999804 ], [ -64.657738251999888, -42.9111232059999 ], [ -64.656039497999927, -42.911538456999949 ], [ -64.655699746999971, -42.911670581999886 ], [ -64.655039121000016, -42.911689457000023 ], [ -64.654850369999849, -42.911746081999922 ], [ -64.654755994999789, -42.912199082999905 ], [ -64.6543784939999, -42.912444458999857 ], [ -64.653321490999758, -42.912935209999887 ], [ -64.651905863000025, -42.913425961999906 ], [ -64.649867356999778, -42.913897837999968 ], [ -64.646790725000017, -42.914690589999907 ], [ -64.644053842999881, -42.915181340999823 ], [ -64.638636704000021, -42.916313844 ], [ -64.635975321999979, -42.916842344999964 ], [ -64.632672188999891, -42.917729471999905 ], [ -64.6310866849999, -42.918484474000024 ], [ -64.630067431999862, -42.918748724999944 ], [ -64.627934551999942, -42.919447102 ], [ -64.624876793999817, -42.919805727999915 ], [ -64.624291666999966, -42.919654726999852 ], [ -64.623782040999913, -42.919616976999862 ], [ -64.623612165999873, -42.919824602999881 ], [ -64.622819413999935, -42.920353103999901 ], [ -64.621630286000027, -42.920749479999927 ], [ -64.618685777999872, -42.921353481999915 ], [ -64.616571772999919, -42.921693232999871 ], [ -64.61443889200001, -42.922032982999895 ], [ -64.613023263999935, -42.922221733999891 ], [ -64.609927755999877, -42.92265586000002 ], [ -64.605454368999858, -42.923033360999909 ], [ -64.600093855999887, -42.923505236999858 ], [ -64.59316671299996, -42.923826112999848 ], [ -64.583917938999889, -42.924222488999874 ], [ -64.58119993299988, -42.924260238999977 ], [ -64.580765805999761, -42.924222488999874 ], [ -64.579010426999901, -42.92441123999987 ], [ -64.574348289999818, -42.924543364999863 ], [ -64.570818655999972, -42.9246188649999 ], [ -64.570778834999885, -42.924618507999867 ], [ -64.564495514999919, -42.92456223999983 ], [ -64.560588379999786, -42.924297988999911 ], [ -64.556058369000027, -42.924128113999984 ], [ -64.555527868000013, -42.924053657999934 ], [ -64.554982490999919, -42.923977112999921 ], [ -64.553623486999925, -42.923731737999958 ], [ -64.553299824999954, -42.923740604999978 ], [ -64.552245608999954, -42.923769487999891 ], [ -64.551056480999875, -42.923505236999858 ], [ -64.549508726999989, -42.923127735999969 ], [ -64.547866597999757, -42.922561485000017 ], [ -64.5465264689999, -42.922580359999984 ], [ -64.545242965999989, -42.922297233999927 ], [ -64.544582338999874, -42.921712108 ], [ -64.543676336999965, -42.921410106999872 ], [ -64.543128960999809, -42.920938230999923 ], [ -64.542980614999863, -42.920196504999922 ], [ -64.542940209999983, -42.919994477999808 ], [ -64.542921335000017, -42.919560351999962 ], [ -64.54269483500002, -42.919541477 ], [ -64.542015332999938, -42.919956727999988 ], [ -64.540920579999863, -42.920371978999867 ], [ -64.539976828000022, -42.920560729999863 ], [ -64.539033074999907, -42.920617354999933 ], [ -64.537504195999816, -42.921202481000023 ], [ -64.535975316999952, -42.921447856999805 ], [ -64.533899061999932, -42.921334606999949 ], [ -64.532351307999875, -42.921410106999872 ], [ -64.531652931, -42.921693232999871 ], [ -64.531218804999867, -42.922070733999931 ], [ -64.529991926999799, -42.922221733999891 ], [ -64.529142550000017, -42.922391608999817 ], [ -64.528500797999868, -42.922712484999806 ], [ -64.527802421999979, -42.922448235 ], [ -64.526707668999904, -42.923505236999858 ], [ -64.525801667, -42.923712863 ], [ -64.524216161999902, -42.924090363999881 ], [ -64.52317803499983, -42.924581114999967 ], [ -64.522404157999915, -42.925147365999919 ], [ -64.521384904999877, -42.925600367999834 ], [ -64.520535527999925, -42.92648749499989 ], [ -64.520214651999936, -42.926921620999906 ], [ -64.519176524999921, -42.927412371999935 ], [ -64.517081393999945, -42.928526 ], [ -64.51566576599987, -42.929205501999888 ], [ -64.515005138999925, -42.929847252999878 ], [ -64.514476637999906, -42.930545629999926 ], [ -64.513174258999868, -42.931319507000012 ], [ -64.511702006, -42.93190463399992 ], [ -64.508927373999938, -42.933546762999811 ], [ -64.508530997999912, -42.934207388999937 ], [ -64.508398871999816, -42.934566014999859 ], [ -64.507757120999827, -42.934886891000019 ], [ -64.506964368999888, -42.935434267999938 ], [ -64.506077241000014, -42.93637801999995 ], [ -64.505775240999981, -42.936755521 ], [ -64.505605364999894, -42.936982021999825 ], [ -64.505208988999868, -42.937227396999958 ], [ -64.504378486999883, -42.938001273999873 ], [ -64.504151985999897, -42.938473149999936 ], [ -64.503510234999908, -42.939001651999945 ], [ -64.502339981999967, -42.940436154999986 ], [ -64.50030147699988, -42.941814033999947 ], [ -64.500527976999877, -42.942191534999836 ], [ -64.500716727999873, -42.942701160999889 ], [ -64.501207478999902, -42.943154161999985 ], [ -64.500962103, -42.943871414 ], [ -64.499470973999905, -42.944985041999871 ], [ -64.497923221, -42.946174169999836 ], [ -64.495469463999939, -42.947174546999918 ], [ -64.492298456000015, -42.948495800999922 ], [ -64.489202947999956, -42.949175303 ], [ -64.486635942000021, -42.94925080299987 ], [ -64.485786564999898, -42.949364052999897 ], [ -64.48269105699984, -42.949854803999813 ], [ -64.476518915999861, -42.950213430000019 ], [ -64.471101777, -42.950270054999805 ], [ -64.467251267, -42.950156804999949 ], [ -64.464533260999985, -42.950043554999979 ], [ -64.464199890999851, -42.950053759999946 ], [ -64.462683505999905, -42.950100179999879 ], [ -64.462192754999876, -42.950081304999912 ], [ -64.461569877999864, -42.949949179999805 ], [ -64.457500810999875, -42.949944985 ], [ -64.443261080999946, -42.949930303999849 ], [ -64.441713326999945, -42.94977930399989 ], [ -64.438315818999854, -42.950081304999912 ], [ -64.437409815999956, -42.950081304999912 ], [ -64.436428314000011, -42.950326679999876 ], [ -64.435163685999839, -42.950421055999868 ], [ -64.434847255000022, -42.950558176000015 ], [ -64.434597433999954, -42.950666431 ], [ -64.433748056999775, -42.950741932000028 ], [ -64.433466936999935, -42.950678679999953 ], [ -64.432993055, -42.950572055999828 ], [ -64.432634428999904, -42.950704180999935 ], [ -64.431747301999849, -42.951251558000024 ], [ -64.43133205099997, -42.95164793399988 ], [ -64.430690298999878, -42.951874433999876 ], [ -64.429067044999954, -42.952308561 ], [ -64.423914157000013, -42.954196065000019 ], [ -64.419705020999913, -42.954611316000012 ], [ -64.413004378999915, -42.954630190999978 ], [ -64.406869988999858, -42.954177189999882 ], [ -64.396243336999987, -42.953101312999934 ], [ -64.389913359, -42.952374921999876 ], [ -64.387512206999929, -42.952026366999917 ], [ -64.384216308999896, -42.951293944999975 ], [ -64.381591796999828, -42.950683593999827 ], [ -64.378723144999867, -42.950195312999938 ], [ -64.376403808999896, -42.94982910199991 ], [ -64.373413085999971, -42.949218749999943 ], [ -64.369079589999899, -42.948303222999868 ], [ -64.36789484299976, -42.947806393999883 ], [ -64.367307888000028, -42.947665298999937 ], [ -64.366043260000026, -42.947268922999911 ], [ -64.364608756, -42.946759295999868 ], [ -64.361796374, -42.945815543999913 ], [ -64.356077233999827, -42.943531662999874 ], [ -64.35449173, -42.942946536999955 ], [ -64.352962850999802, -42.942153784999903 ], [ -64.349017965999906, -42.940002029000027 ], [ -64.346705342999883, -42.938713277999909 ], [ -64.342706635999946, -42.936357193999811 ], [ -64.341149798, -42.935490651999885 ], [ -64.34094786899982, -42.935378256999911 ], [ -64.336684941999977, -42.935607909999817 ], [ -64.336020001999941, -42.935643731999846 ], [ -64.334312502999978, -42.935607909999817 ], [ -64.333647326, -42.935593955 ], [ -64.333589322999842, -42.935595070999909 ], [ -64.332245849999879, -42.93562090699993 ], [ -64.331921742999953, -42.935627139999895 ], [ -64.330677331999937, -42.935510994999902 ], [ -64.329831132999914, -42.935710099999937 ], [ -64.329001524999853, -42.935909205999963 ], [ -64.328337839999904, -42.936307416999966 ], [ -64.327640969999891, -42.937203392999947 ], [ -64.327309126999864, -42.938016407999896 ], [ -64.327027059999978, -42.939111489999902 ], [ -64.326579072999948, -42.940488637999977 ], [ -64.326230637999913, -42.941301652999925 ], [ -64.325849017999872, -42.942181036000022 ], [ -64.324289356999941, -42.943757289999894 ], [ -64.323111314999835, -42.945399911999914 ], [ -64.32254718199988, -42.946063598000023 ], [ -64.32233148399996, -42.947059125999886 ], [ -64.321933271999967, -42.948419682 ], [ -64.320937743999764, -42.949896382999896 ], [ -64.320522939999876, -42.951738110999941 ], [ -64.319909030999895, -42.95344710199987 ], [ -64.319544003999908, -42.955521119999958 ], [ -64.319112607999898, -42.957512176999955 ], [ -64.318299592999949, -42.959901445000014 ], [ -64.317718867999872, -42.961311777999924 ], [ -64.316491048999978, -42.9633692029999 ], [ -64.315578480999875, -42.965094786 ], [ -64.313272172999916, -42.96660467099997 ], [ -64.310799944, -42.967865673999881 ], [ -64.309124137999902, -42.969060308999872 ], [ -64.308029055999896, -42.969972876999861 ], [ -64.307016934999979, -42.970039244999839 ], [ -64.30739855499985, -42.971549129999914 ], [ -64.307332185999883, -42.973025830999859 ], [ -64.307531291999908, -42.974933926999825 ], [ -64.307597659999828, -42.976194929999906 ], [ -64.307299001999809, -42.977024537999966 ], [ -64.30663531599987, -42.978302132999886 ], [ -64.306403026, -42.978733527999964 ], [ -64.306618723999804, -42.979330845999925 ], [ -64.307448330999819, -42.980625032999967 ], [ -64.307680620999918, -42.981039835999923 ], [ -64.308460451999963, -42.981819666999968 ], [ -64.30852681999994, -42.982715642999949 ], [ -64.309522348999906, -42.983677986999908 ], [ -64.310268994999944, -42.984125974999927 ], [ -64.310932680999883, -42.984507593999979 ], [ -64.311895025999831, -42.985469938999927 ], [ -64.313454686999762, -42.985901334 ], [ -64.314367254999922, -42.986282953999876 ], [ -64.315462335999939, -42.98631613799995 ], [ -64.316059653999901, -42.986365913999975 ], [ -64.317005405999907, -42.986730941999895 ], [ -64.318133671, -42.987162336999972 ], [ -64.319378082000014, -42.988174457999889 ], [ -64.320522939999876, -42.989020656999912 ], [ -64.321452099999931, -42.989651158999834 ], [ -64.322746286999745, -42.990596910999955 ], [ -64.323658854999906, -42.991808136999964 ], [ -64.3241898039999, -42.992820257999881 ], [ -64.324521646999983, -42.994114444999923 ], [ -64.324355724999862, -42.995159749999914 ], [ -64.324106842999868, -42.995956172999911 ], [ -64.32382477699997, -42.996536897999988 ], [ -64.323857960999874, -42.997233768 ], [ -64.3241898039999, -42.997880861999988 ], [ -64.324621199999967, -42.998478179000017 ], [ -64.325351253999884, -42.999175048999859 ], [ -64.325882201999775, -42.999672813000018 ], [ -64.325887056999989, -42.999671611 ], [ -64.326197452999907, -43.000054432999889 ], [ -64.327176389999806, -43.001298843999905 ], [ -64.32789625199996, -43.001740739999889 ], [ -64.328852195999843, -43.002327555999841 ], [ -64.32953463399997, -43.002683111999943 ], [ -64.330826660999946, -43.00335626899988 ], [ -64.333531180999898, -43.003804256999899 ], [ -64.335841557999913, -43.003804256999899 ], [ -64.338500976999967, -43.004516601999967 ], [ -64.341674805000025, -43.005798339999956 ], [ -64.344421386999898, -43.007080077999888 ], [ -64.348693847999812, -43.008605956999816 ], [ -64.353515624999886, -43.010192870999845 ], [ -64.35550619799983, -43.01067252699994 ], [ -64.355764653, -43.010640219999914 ], [ -64.356254734999879, -43.010852896999836 ], [ -64.35752341999995, -43.011403459 ], [ -64.359348555999873, -43.012133512999924 ], [ -64.362235588999852, -43.012963119999824 ], [ -64.366881388999843, -43.014555965999989 ], [ -64.367905866999877, -43.014904724999894 ], [ -64.369757615999958, -43.015535107 ], [ -64.370000711999808, -43.015617862999932 ], [ -64.372705230999941, -43.016829089999874 ], [ -64.37393305, -43.017542552 ], [ -64.375459526999919, -43.018173052999884 ], [ -64.376571201, -43.018405342999984 ], [ -64.3799559979999, -43.019898636 ], [ -64.382726885999944, -43.020993717999829 ], [ -64.38568028799989, -43.02197265399991 ], [ -64.387820673999954, -43.023250248999943 ], [ -64.38866687399991, -43.023996895999915 ], [ -64.388932347999912, -43.024361922999901 ], [ -64.389181229999906, -43.025490188999811 ], [ -64.389712178999957, -43.025938176999944 ], [ -64.389918706, -43.026126587999897 ], [ -64.390657930999964, -43.026800967999918 ], [ -64.391869156999917, -43.027265547999889 ], [ -64.392210485999897, -43.027297884 ], [ -64.393920897999863, -43.027404784999874 ], [ -64.398010253999985, -43.028381347999925 ], [ -64.402587890999939, -43.029907226999967 ], [ -64.406982422, -43.031799315999933 ], [ -64.408874511999898, -43.032775878999928 ], [ -64.411804198999903, -43.033996581999929 ], [ -64.414489745999902, -43.035278319999861 ], [ -64.416503906, -43.036682128999928 ], [ -64.418701172, -43.038024901999904 ], [ -64.420776366999917, -43.039001464999899 ], [ -64.423278808999783, -43.040100097999925 ], [ -64.425109862999932, -43.04132080099987 ], [ -64.427612305000025, -43.042724609 ], [ -64.429382324000017, -43.0441284179999 ], [ -64.430908202999888, -43.045410155999889 ], [ -64.433288574000017, -43.047180175999983 ], [ -64.435485840000013, -43.048889159999987 ], [ -64.43811035199991, -43.050109862999818 ], [ -64.440490722999868, -43.051208495999958 ], [ -64.441711425999813, -43.052307128999985 ], [ -64.442993163999972, -43.053710937999881 ], [ -64.444274901999904, -43.054809569999918 ], [ -64.4456787109998, -43.056213378999985 ], [ -64.448303222999868, -43.057128905999889 ], [ -64.450317382999913, -43.058288574000017 ], [ -64.452697753999928, -43.05999755900001 ], [ -64.454711913999972, -43.061523437999881 ], [ -64.456909179999968, -43.06311035199991 ], [ -64.458496093999827, -43.064575194999861 ], [ -64.460205078, -43.065307616999974 ], [ -64.463195800999813, -43.065307616999974 ], [ -64.465209961000028, -43.065612793000014 ], [ -64.467407227000024, -43.066406249999943 ], [ -64.469421386999954, -43.06781005900001 ], [ -64.471191405999946, -43.069091797 ], [ -64.472717284999987, -43.069824218999941 ], [ -64.476196288999745, -43.069702147999976 ], [ -64.478393554999911, -43.069824218999941 ], [ -64.480895995999845, -43.070007323999903 ], [ -64.483093261999898, -43.070678711000028 ], [ -64.486328124999943, -43.07141113299997 ], [ -64.489074706999929, -43.072387694999861 ], [ -64.493408203, -43.073486328 ], [ -64.496276854999792, -43.074279784999817 ], [ -64.499511719, -43.075805663999859 ], [ -64.50280761699986, -43.076904297 ], [ -64.507202147999919, -43.078186034999817 ], [ -64.510192871000015, -43.079406737999932 ], [ -64.514099121000015, -43.080627440999933 ], [ -64.516906737999875, -43.081481933999953 ], [ -64.519775391, -43.082885741999917 ], [ -64.523925780999946, -43.083618163999859 ], [ -64.526611327999774, -43.084777831999986 ], [ -64.530395507999856, -43.086181640999882 ], [ -64.535888671999885, -43.088012694999861 ], [ -64.539001464999956, -43.089111327999888 ], [ -64.542175293000014, -43.090576171999942 ], [ -64.544982909999817, -43.091308593999884 ], [ -64.54748535199991, -43.091979980000019 ], [ -64.555908202999944, -43.094177245999902 ], [ -64.559326171999885, -43.094726562999881 ], [ -64.562683104999905, -43.095520019999981 ], [ -64.5656127929999, -43.096496581999872 ], [ -64.569091797, -43.097106933999839 ], [ -64.572387694999861, -43.097900390999939 ], [ -64.575500487999761, -43.098815917999843 ], [ -64.578613280999832, -43.099609374999943 ], [ -64.582824706999929, -43.100585937999938 ], [ -64.585510253999985, -43.101928710999914 ], [ -64.589111327999888, -43.103088378999871 ], [ -64.593505858999947, -43.104309081999872 ], [ -64.602294922, -43.106628418000014 ], [ -64.606628417999843, -43.107299804999968 ], [ -64.611511229999905, -43.108520507999913 ], [ -64.615905761999954, -43.109680175999927 ], [ -64.622619628999757, -43.11108398399989 ], [ -64.627380370999845, -43.112121581999872 ], [ -64.632080077999831, -43.113403319999861 ], [ -64.636108397999976, -43.114379883000026 ], [ -64.64147949199986, -43.115417479999905 ], [ -64.647705078, -43.11688232399996 ], [ -64.651000977000024, -43.117675780999889 ], [ -64.654602050999756, -43.118713378999928 ], [ -64.659484862999818, -43.120300292999957 ], [ -64.663391112999875, -43.121093749999886 ], [ -64.668518066, -43.122192383000026 ], [ -64.672729491999917, -43.123596191 ], [ -64.677490234, -43.124999999999886 ], [ -64.681701659999931, -43.125915526999961 ], [ -64.684875487999989, -43.127380371000015 ], [ -64.688598633000026, -43.128112792999957 ], [ -64.692810058999896, -43.129516602000024 ], [ -64.696899413999915, -43.131103515999882 ], [ -64.70098876999981, -43.132324218999884 ], [ -64.704406737999818, -43.133605956999986 ], [ -64.707580565999876, -43.134826659999987 ], [ -64.723693847999925, -43.140686034999874 ], [ -64.725402831999929, -43.14147949199986 ], [ -64.727478026999847, -43.141723632999913 ], [ -64.729980468999884, -43.142089843999941 ], [ -64.732604979999962, -43.142883300999927 ], [ -64.735595702999888, -43.143798827999831 ], [ -64.737426758000026, -43.144775391 ], [ -64.73968505900001, -43.145812987999875 ], [ -64.743408202999888, -43.147216796999942 ], [ -64.74719238299997, -43.148498534999931 ], [ -64.75140380900001, -43.149902344 ], [ -64.756896972999868, -43.151611328 ], [ -64.760681151999961, -43.153015136999898 ], [ -64.763977050999983, -43.154479979999962 ], [ -64.766906737999932, -43.155395508000026 ], [ -64.769592284999987, -43.156677245999845 ], [ -64.77319335899989, -43.157592772999863 ], [ -64.776794433999839, -43.159118651999904 ], [ -64.77990722699991, -43.160278319999918 ], [ -64.782287751154456, -43.16128260410369 ], [ -64.786192044478184, -43.162519572714814 ], [ -64.782312692729818, -43.157108476575218 ], [ -64.792098346956209, -43.150257508061543 ], [ -64.791872538988059, -43.119193204204407 ], [ -64.781161250833748, -43.103671910380683 ], [ -64.76561564896258, -43.081072836145324 ], [ -64.765567091154651, -43.081053566117816 ], [ -64.736532089310515, -43.038971707439828 ], [ -64.736557604437166, -43.038961294201385 ], [ -64.767836950832987, -43.032416732340835 ], [ -64.767839811756062, -43.032414454680293 ], [ -64.767843783258911, -43.032419443769527 ], [ -64.769455471717265, -43.032079657334805 ], [ -64.781495667446734, -43.029291408969357 ], [ -64.825029308026444, -42.937361547846592 ], [ -64.82508167553533, -42.937352744264444 ], [ -64.820697071437053, -42.89508162985112 ], [ -64.826938291321426, -42.891246211833618 ], [ -64.826934659454992, -42.891232739483542 ], [ -64.816635710268542, -42.890132340083312 ], [ -64.816634833597618, -42.890128724353588 ], [ -64.816568573967061, -42.890111610773317 ], [ -64.82410444777878, -42.847921043641463 ], [ -64.822963030528967, -42.844462093560537 ], [ -64.822932299710203, -42.841450702258157 ], [ -64.823396022884367, -42.841092890173854 ], [ -64.82352559869571, -42.84063043872959 ], [ -64.823461173999988, -42.840662650999946 ], [ -64.823159173999954, -42.840511650999986 ], [ -64.822366421999902, -42.840455025999916 ], [ -64.821064042999808, -42.840417275999982 ], [ -64.820611041999882, -42.840549400999919 ], [ -64.820139165999819, -42.840455025999916 ], [ -64.819629539999937, -42.840228524999816 ], [ -64.819157662999885, -42.839869899 ], [ -64.81868125, -42.839989002999914 ], [ -64.818478161999906, -42.840039774999923 ], [ -64.818100660999846, -42.839907648999827 ], [ -64.818037488000016, -42.83970910599993 ], [ -64.81796853499975, -42.839492397999948 ], [ -64.817081407999865, -42.839133772000025 ], [ -64.816722781999943, -42.838850646999958 ], [ -64.816232031000027, -42.838907271999858 ], [ -64.815156152999919, -42.839190397999914 ], [ -64.814420025999937, -42.839416897999911 ], [ -64.813759399999981, -42.839549022999904 ], [ -64.813721649999877, -42.839605648999907 ], [ -64.813287523999861, -42.839964273999897 ] ] ] ] } },
{ "type": "Feature", "properties": { "Name": "REL : 0 - 60", "FromBreak": 0.0, "ToBreak": 60.0, "IATA": "REL" }, "geometry": { "type": "MultiPolygon", "coordinates": [ [ [ [ -65.176997641094601, -42.339981445015837 ], [ -65.124485693641418, -42.351127825198773 ], [ -65.124236548057297, -42.35141543078123 ], [ -65.112945711665077, -42.363737441545311 ], [ -65.106829827156048, -42.440418543312148 ], [ -65.106824285605626, -42.440432399665667 ], [ -65.10323523679574, -42.446363465491345 ], [ -65.074776465032301, -42.438057330959509 ], [ -65.074820739155143, -42.438020968132605 ], [ -65.073654640139239, -42.43712064874893 ], [ -65.073606112544383, -42.437084083966113 ], [ -65.073599019617802, -42.437087228300697 ], [ -65.073493201462043, -42.437284744201122 ], [ -65.073505858938347, -42.437354379461226 ], [ -65.061107787457445, -42.444260065897197 ], [ -65.002915559604219, -42.478959167589608 ], [ -64.890726030926203, -42.556496103871609 ], [ -64.890655055970058, -42.55647809438409 ], [ -64.890651430616174, -42.55648092206718 ], [ -64.860644331514322, -42.560668731505245 ], [ -64.883534161112834, -42.576918284288752 ], [ -64.885402559696843, -42.59161406030637 ], [ -64.885406511669373, -42.591621290282035 ], [ -64.885892869348936, -42.592042037496867 ], [ -64.885961187773887, -42.592036287994233 ], [ -64.886802192833613, -42.592836625753648 ], [ -64.888241637265367, -42.594030168628422 ], [ -64.888243882734685, -42.594028941534759 ], [ -64.901827796022474, -42.588123604877865 ], [ -64.905329553764489, -42.58655780157352 ], [ -64.93396673262481, -42.6031686332297 ], [ -64.934013265778503, -42.603179503921467 ], [ -64.935251942683749, -42.609804534733996 ], [ -64.940009235951663, -42.610800424389367 ], [ -64.942151760730098, -42.611248939572931 ], [ -64.944157038441688, -42.61166872351663 ], [ -64.944187485428472, -42.611683646492054 ], [ -64.953464665640695, -42.615671883203845 ], [ -64.964734481482651, -42.613104146155081 ], [ -64.965842359453802, -42.63824451920874 ], [ -64.965864517261593, -42.638262325585799 ], [ -64.966385069764556, -42.638762396842594 ], [ -64.966404990353112, -42.638782396119382 ], [ -64.966486029791213, -42.638854535639268 ], [ -64.966505842170477, -42.63887442732721 ], [ -64.96651694287948, -42.638889306674287 ], [ -64.966536799540563, -42.63890924144215 ], [ -64.967111114296415, -42.639461042947914 ], [ -64.96792780476801, -42.639683400912475 ], [ -64.967907102564368, -42.639715762175115 ], [ -64.967910973189248, -42.639729479537834 ], [ -64.967920641263504, -42.639781304589462 ], [ -64.968012551564811, -42.640338672688529 ], [ -64.968017252423692, -42.640390573020284 ], [ -64.967943204187804, -42.640883862509725 ], [ -64.967952529429908, -42.640908868315421 ], [ -64.968065747933281, -42.641098041897635 ], [ -64.968087892900371, -42.642397935782697 ], [ -64.968272902958859, -42.642584377982132 ], [ -64.968550662749067, -42.642697633302646 ], [ -64.968820913979414, -42.64280782689309 ], [ -64.968842370093739, -42.642820245040127 ], [ -64.969445383171148, -42.643065550948165 ], [ -64.971093053980724, -42.642521429292231 ], [ -64.972645661900003, -42.643287957481164 ], [ -64.972581340066029, -42.643455515078131 ], [ -64.974986549264599, -42.643422900352959 ], [ -64.977783002549245, -42.644752590101689 ], [ -64.978183518306366, -42.64494303192879 ], [ -64.984472498796151, -42.653147452933581 ], [ -64.9832629415356, -42.653113773711425 ], [ -64.983932114000027, -42.653799674999902 ], [ -64.985026866999931, -42.654913302999944 ], [ -64.986178244999905, -42.657385934999979 ], [ -64.98742399799977, -42.659386689999963 ], [ -64.987707124, -42.660273816999904 ], [ -64.988084624999885, -42.661972570999865 ], [ -64.988424376000012, -42.663652450999848 ], [ -64.989217127999893, -42.665917455999875 ], [ -64.98944362799989, -42.667031083999802 ], [ -64.989103876999764, -42.667823836000025 ], [ -64.988877376999767, -42.667955961999951 ], [ -64.988783001999934, -42.668088086999887 ], [ -64.988537625999811, -42.668522212999903 ], [ -64.988028, -42.669126213999959 ], [ -64.987688248999859, -42.669692466000015 ], [ -64.987386248, -42.669767965999881 ], [ -64.987027621999914, -42.669881215999908 ], [ -64.986668996, -42.66991896699983 ], [ -64.986933246999911, -42.670428593 ], [ -64.987329622999937, -42.671259094999868 ], [ -64.987442872999907, -42.671712095999965 ], [ -64.987650498999926, -42.67220284699988 ], [ -64.988103500000022, -42.673089974999925 ], [ -64.988462125999945, -42.673844976999874 ], [ -64.988764126999968, -42.675034104999838 ], [ -64.989217127999893, -42.675883481999961 ], [ -64.989141628000027, -42.67646860799988 ], [ -64.989896628999873, -42.677846487000011 ], [ -64.990085379999869, -42.678827988999956 ], [ -64.990632755999854, -42.67980949199989 ], [ -64.990953631999844, -42.680621118999909 ], [ -64.991066881999984, -42.681413870999961 ], [ -64.991236758000014, -42.68194237199998 ], [ -64.991274507999776, -42.682565248999822 ], [ -64.991557634, -42.683641125999941 ], [ -64.992256009999892, -42.685547505999864 ], [ -64.992576885999881, -42.686698883999895 ], [ -64.993086512999866, -42.688057887999889 ], [ -64.993388512999957, -42.689077139999938 ], [ -64.993841514999872, -42.690077517999839 ], [ -64.994105764999972, -42.691285520999884 ], [ -64.994388890999801, -42.692153772999859 ], [ -64.994370016, -42.692965399999878 ], [ -64.994502141, -42.694475403999945 ], [ -64.994709766999961, -42.695702282000013 ], [ -64.994841891999954, -42.696721534999881 ], [ -64.99503064299995, -42.697627536999903 ], [ -64.995596893999902, -42.698193788000026 ], [ -64.99678602199981, -42.69917529099996 ], [ -64.997899649999908, -42.700005792999832 ], [ -64.999390779, -42.700553169999921 ], [ -65.000504405999891, -42.700949545999947 ], [ -65.00099515799991, -42.700855169999954 ], [ -65.001731284999948, -42.70142142200001 ], [ -65.002826036999863, -42.702044297999862 ], [ -65.003637663999882, -42.702440673999945 ], [ -65.003996289999861, -42.702818174999834 ], [ -65.004770166999947, -42.703195675999893 ], [ -65.005279793999932, -42.703573176999953 ], [ -65.005732794999858, -42.703799677999882 ], [ -65.006487796999863, -42.704347053999868 ], [ -65.007544799000016, -42.70502655599995 ], [ -65.008299800999964, -42.705498432000013 ], [ -65.008526301999893, -42.705913682999892 ], [ -65.008884927999873, -42.706517684999881 ], [ -65.009866429999818, -42.707008435999967 ], [ -65.011621198999876, -42.707527703999858 ], [ -65.011716185000012, -42.707555811999896 ], [ -65.011722231999897, -42.707561382 ], [ -65.012433437000027, -42.708216439000012 ], [ -65.013301688999832, -42.70900919099995 ], [ -65.014830567999866, -42.709179066 ], [ -65.015925320999941, -42.710028443999818 ], [ -65.017303198999912, -42.710896695999907 ], [ -65.017699574999767, -42.711217571999896 ], [ -65.017982701, -42.711500696999963 ], [ -65.018228076999947, -42.711557323000022 ], [ -65.018397951999816, -42.711840447999919 ], [ -65.01853007699998, -42.712104698999838 ], [ -65.018775452999876, -42.712199074000011 ], [ -65.019058578999932, -42.712425574999827 ], [ -65.019303953999895, -42.712652074999937 ], [ -65.019473829999754, -42.712991825999893 ], [ -65.019700329999921, -42.71301070099986 ], [ -65.02002120599991, -42.713293826999916 ], [ -65.020323206999933, -42.713671327999975 ], [ -65.020511956999826, -42.713784577999832 ], [ -65.020832832999815, -42.714067704 ], [ -65.021153708999748, -42.71438858 ], [ -65.021210333999875, -42.714615079999987 ], [ -65.021455709999941, -42.714822705999836 ], [ -65.021757710999964, -42.715011456000013 ], [ -65.021965336, -42.715256831999966 ], [ -65.022493836999786, -42.715502207999862 ], [ -65.022871337999845, -42.715747583 ], [ -65.023305464999794, -42.716200583999807 ], [ -65.02353196499979, -42.71635158499987 ], [ -65.023909466000021, -42.716747960999896 ], [ -65.024041591000014, -42.716823460999933 ], [ -65.024343591999866, -42.717049961999919 ], [ -65.024702217999959, -42.717427461999989 ], [ -65.025136343999918, -42.717767212999945 ], [ -65.025362844999847, -42.717993713999931 ], [ -65.025702595999803, -42.718446715000027 ], [ -65.026042346999759, -42.71886196600002 ], [ -65.026363221999816, -42.719126216999939 ], [ -65.026627473000019, -42.719409342999825 ], [ -65.026986098999771, -42.719711342999858 ], [ -65.0273636, -42.719692467999892 ], [ -65.027816600999984, -42.720051093999984 ], [ -65.028080851999846, -42.720277594999914 ], [ -65.028431766999915, -42.720531033999919 ], [ -65.028760352999825, -42.720768345999829 ], [ -65.028824713, -42.720897065999907 ], [ -65.028986853999925, -42.721221346999926 ], [ -65.029402104999747, -42.721561097999881 ], [ -65.030006106999963, -42.7223727249999 ], [ -65.030610108000019, -42.722976726999946 ], [ -65.031176359999904, -42.723278726999979 ], [ -65.031346235, -42.723505227999965 ], [ -65.031629360999887, -42.723807228999817 ], [ -65.031969111999842, -42.724033728999814 ], [ -65.03215786200002, -42.724354604999917 ], [ -65.032591987999865, -42.724769855999909 ], [ -65.033082738999894, -42.725203981999925 ], [ -65.033233739999787, -42.725487107999811 ], [ -65.033667865999973, -42.72609110999997 ], [ -65.034668242999885, -42.727601112999935 ], [ -65.034932493999804, -42.728356114999883 ], [ -65.03532886999983, -42.729318742999965 ], [ -65.035800745999893, -42.730262494999863 ], [ -65.036121621999882, -42.731527122999978 ], [ -65.036366997999835, -42.732980501999975 ], [ -65.036574622999808, -42.734886881999955 ], [ -65.036612372999912, -42.736434635999956 ], [ -65.036725623999871, -42.737472763999961 ], [ -65.036631247999878, -42.738548640999966 ], [ -65.03666897099987, -42.738850419999892 ], [ -65.036725623999871, -42.739303642999914 ], [ -65.036744498999894, -42.740153019999866 ], [ -65.036565707000022, -42.741195968999818 ], [ -65.036486243999946, -42.743000923999944 ], [ -65.036442497999872, -42.743909154999869 ], [ -65.036442497999872, -42.74399459 ], [ -65.036442497999872, -42.7453436589999 ], [ -65.036499122999942, -42.746117535999986 ], [ -65.036520785999869, -42.746691590999944 ], [ -65.036536872999875, -42.747117912999897 ], [ -65.036480247999975, -42.748533541999848 ], [ -65.036480247999975, -42.749609418999967 ], [ -65.036423622999905, -42.750855172999934 ], [ -65.036423622999905, -42.752233050999905 ], [ -65.036348909000026, -42.753488253 ], [ -65.036329247999845, -42.753818554999896 ], [ -65.036159371999986, -42.754724556999975 ], [ -65.036064996999983, -42.755347433999816 ], [ -65.036034503999872, -42.756125015999942 ], [ -65.036046121999846, -42.756234560999872 ], [ -65.035970621999752, -42.757291564000013 ], [ -65.035687495999923, -42.75889594299997 ], [ -65.03549874599986, -42.75948107 ], [ -65.035083494999867, -42.760556946999827 ], [ -65.034932493999804, -42.761047699000017 ], [ -65.034139741999866, -42.762444451999954 ], [ -65.033158239999921, -42.764558456999907 ], [ -65.03187473599985, -42.76638933699985 ], [ -65.030383608000022, -42.76869209299997 ], [ -65.028571602999932, -42.770824972999947 ], [ -65.027193723999972, -42.772259476999807 ], [ -65.025627094999834, -42.773618480999914 ], [ -65.023626339999851, -42.775524859999905 ], [ -65.022701462999976, -42.776204361999987 ], [ -65.02192758599989, -42.776789488999896 ], [ -65.020323206999933, -42.777884240999981 ], [ -65.018869827999936, -42.779073368999946 ], [ -65.017020074000015, -42.779960497 ], [ -65.015528944999915, -42.781036373999939 ], [ -65.012810937999916, -42.78247087799997 ], [ -65.009035927999946, -42.783641130999968 ], [ -65.007337173999986, -42.784264007999809 ], [ -65.006703671999901, -42.784281604999933 ], [ -65.006074379999859, -42.784299084999873 ], [ -65.004619166999987, -42.784339507999846 ], [ -65.003184662999956, -42.78437725799995 ], [ -65.001844534999918, -42.78384875699993 ], [ -65.001353783999889, -42.783471255999871 ], [ -65.0010329079999, -42.783263629999908 ], [ -65.000749782000014, -42.782640753999885 ], [ -65.00065540699984, -42.781602625999881 ], [ -65.000598781999884, -42.780639997999913 ], [ -65.000787226999819, -42.779929704999859 ], [ -65.000844157000017, -42.779715120999867 ], [ -65.00065540699984, -42.779469744999972 ], [ -64.99895665299988, -42.779318745000012 ], [ -64.997710899000026, -42.779715120999867 ], [ -64.996804896999834, -42.780092621999813 ], [ -64.995766768999829, -42.780639997999913 ], [ -64.995162767999943, -42.7813195 ], [ -64.994143514999905, -42.781753625999954 ], [ -64.993482888999949, -42.781697000999884 ], [ -64.993313012999863, -42.782338752999863 ], [ -64.991916259999925, -42.783433505999938 ], [ -64.987650498999926, -42.785528635999924 ], [ -64.984347365000019, -42.787340639999911 ], [ -64.980383604999872, -42.789360270999964 ], [ -64.978250724999896, -42.790115272999913 ], [ -64.977212596999891, -42.790606024 ], [ -64.975249591999898, -42.79139877599988 ], [ -64.972399459999906, -42.792512403999808 ], [ -64.969813577999901, -42.793116404999978 ], [ -64.96843569999993, -42.79336178099993 ], [ -64.967680697999981, -42.793437280999967 ], [ -64.966378319999876, -42.793531655999857 ], [ -64.965842986999746, -42.793544106000013 ], [ -64.965566692999801, -42.793550530999823 ], [ -64.964924940999879, -42.793380655999897 ], [ -64.96413218899977, -42.792795528999875 ], [ -64.963226186999918, -42.791946151999866 ], [ -64.962037058999954, -42.791134524999848 ], [ -64.961470806999898, -42.790738148999822 ], [ -64.960961181000016, -42.790039771999886 ], [ -64.960470429999816, -42.789209269999901 ], [ -64.959319051999785, -42.788435392999986 ], [ -64.958413048999944, -42.787661515999901 ], [ -64.958243174000017, -42.786793263999925 ], [ -64.957714672999884, -42.786453512999969 ], [ -64.95663879499989, -42.785396510999817 ], [ -64.956450043999894, -42.785188884999968 ], [ -64.956278773, -42.785146066999971 ], [ -64.955619541999909, -42.784981259 ], [ -64.955242040999849, -42.785113384999931 ], [ -64.954430413999773, -42.785113384999931 ], [ -64.954052912999884, -42.78517001 ], [ -64.953534427999955, -42.785244078999824 ], [ -64.953392286999929, -42.785264384999891 ], [ -64.953297524999982, -42.785252539999988 ], [ -64.953090285999906, -42.785226634999901 ], [ -64.952354158999924, -42.785113384999931 ], [ -64.951995533, -42.785094509999965 ], [ -64.951372655999819, -42.785434260999921 ], [ -64.950976279999793, -42.785830636999947 ], [ -64.95099515499976, -42.786396887999899 ], [ -64.95073090499983, -42.787019765000025 ], [ -64.95044777899983, -42.787453890999871 ], [ -64.950202402999878, -42.788435392999986 ], [ -64.950070277999885, -42.789265894999971 ], [ -64.949824901999989, -42.790002021999953 ], [ -64.948824524999907, -42.791059024999925 ], [ -64.947104535999813, -42.792415668999979 ], [ -64.946439190999911, -42.792896982999935 ], [ -64.942744399999981, -42.795445113999904 ], [ -64.935326505999967, -42.800484751999988 ], [ -64.928899551999848, -42.804151229999945 ], [ -64.921156063999888, -42.808199927999908 ], [ -64.918777808000016, -42.80893605499989 ], [ -64.916781770999989, -42.810082713999918 ], [ -64.915281204999985, -42.810889621999877 ], [ -64.913511668999945, -42.811484185999973 ], [ -64.912789698999802, -42.811738999 ], [ -64.912433840999938, -42.811920881999868 ], [ -64.912180047999811, -42.811937081999872 ], [ -64.911855383999864, -42.812177843999905 ], [ -64.910935224999946, -42.812333563999914 ], [ -64.910000909999894, -42.812276937999911 ], [ -64.909250626999835, -42.812177843999905 ], [ -64.908486187999983, -42.811937186999955 ], [ -64.907905780000021, -42.811682373999929 ], [ -64.90697146499997, -42.811455873999932 ], [ -64.906391057, -42.811229372999833 ], [ -64.905569992999858, -42.810832996999807 ], [ -64.905344660000026, -42.810835885999893 ], [ -64.90446580299988, -42.810847152999827 ], [ -64.904433581999967, -42.810860846999901 ], [ -64.903899551, -42.811087809999947 ], [ -64.903347455999892, -42.811342622999973 ], [ -64.902979392999896, -42.811215216999813 ], [ -64.90262548499993, -42.811031184999877 ], [ -64.902343511999959, -42.810981839999954 ], [ -64.902059233999978, -42.810932090999927 ], [ -64.901535450999972, -42.810762216 ], [ -64.901139074999946, -42.810776372000021 ], [ -64.900629448999894, -42.810903779 ], [ -64.900487885999894, -42.811385092000023 ], [ -64.900461584000027, -42.811687562999907 ], [ -64.900459573999854, -42.811710686999959 ], [ -64.900233072999868, -42.811823936999929 ], [ -64.900128811999934, -42.811812352999937 ], [ -64.899652229999845, -42.811991070999909 ], [ -64.899482789999865, -42.812220312999841 ], [ -64.89915719499993, -42.812432657999921 ], [ -64.898760818999904, -42.812319406999961 ], [ -64.89837859999983, -42.812107062999985 ], [ -64.897939754999754, -42.812149531999864 ], [ -64.897401815999899, -42.812050437999915 ], [ -64.897083249999923, -42.811984069999937 ], [ -64.897062064999943, -42.811979656 ], [ -64.89655243899989, -42.811809780999909 ], [ -64.896113593999985, -42.811951343999908 ], [ -64.895773842999859, -42.812007968999865 ], [ -64.895334997999953, -42.812121219 ], [ -64.894910308999897, -42.812432657999921 ], [ -64.894598870999971, -42.812460969999961 ], [ -64.893579618999865, -42.81254590799989 ], [ -64.893118022999772, -42.812492233999876 ], [ -64.89297089799993, -42.812475125999981 ], [ -64.892616990999954, -42.812517594999861 ], [ -64.892192302999831, -42.812404344999891 ], [ -64.891810082999825, -42.812361876000011 ], [ -64.891260505, -42.812217249999946 ], [ -64.891003174999923, -42.812149531999864 ], [ -64.890351984999882, -42.812291094999864 ], [ -64.889601701999879, -42.81254590799989 ], [ -64.889148700999954, -42.812970595999843 ], [ -64.888610761999871, -42.813678410999898 ], [ -64.888539980999951, -42.813947379999831 ], [ -64.888624917999891, -42.814471163 ], [ -64.888950513, -42.81509403899986 ], [ -64.889276107999933, -42.815490414999886 ], [ -64.889630014999909, -42.815603666000015 ], [ -64.889927296999986, -42.816070822999848 ], [ -64.889842358999886, -42.816594606000024 ], [ -64.88940351399981, -42.817259950999926 ], [ -64.888837263000028, -42.817911139999978 ], [ -64.887939027999892, -42.818726642999877 ], [ -64.887761384999919, -42.818887923999966 ], [ -64.886841226, -42.819496643999969 ], [ -64.886430693999955, -42.819595737999919 ], [ -64.886172096999871, -42.819685946999925 ], [ -64.885821973999953, -42.819808083 ], [ -64.885439753999947, -42.819779769999968 ], [ -64.885029221999901, -42.820034583 ], [ -64.88521325399995, -42.82050174099993 ], [ -64.885496379000017, -42.820813179000027 ], [ -64.886119255999859, -42.821322804999909 ], [ -64.886331599999835, -42.821775806 ], [ -64.886133411999879, -42.822455307999917 ], [ -64.885510536000027, -42.823290528999905 ], [ -64.884689470999945, -42.824054967999928 ], [ -64.884151531999862, -42.824578750999933 ], [ -64.88330215499991, -42.824890188999859 ], [ -64.882594340999901, -42.825343189999842 ], [ -64.881886526000017, -42.825626316000012 ], [ -64.88154677499989, -42.825838659999988 ], [ -64.881985619999966, -42.826206723999974 ], [ -64.882806684999878, -42.8266031 ], [ -64.883641905999866, -42.826815443999976 ], [ -64.884264781999889, -42.827268444999902 ], [ -64.884746096000015, -42.827863008999884 ], [ -64.884406344999888, -42.828698229999986 ], [ -64.883854249999786, -42.829660857999954 ], [ -64.883019029000025, -42.830722578999882 ], [ -64.882013933, -42.831557799999871 ], [ -64.880187771999886, -42.832463801999893 ], [ -64.879338394999877, -42.832945115999905 ], [ -64.877823671999863, -42.833737867999957 ], [ -64.876535449999949, -42.834219181999913 ], [ -64.87560113499984, -42.834658026999875 ], [ -64.875143063999928, -42.834827873 ], [ -64.874341225999842, -42.835125184 ], [ -64.873477692, -42.835167652999871 ], [ -64.872939753999901, -42.834983621 ], [ -64.87200543900002, -42.834658026999875 ], [ -64.871056966999902, -42.834558932999869 ], [ -64.870748267999829, -42.834425441 ], [ -64.870533184999886, -42.83433243199994 ], [ -64.869121164999854, -42.834450099999913 ], [ -64.868834430999868, -42.834473994999939 ], [ -64.868239866999943, -42.83433243199994 ], [ -64.866994112999919, -42.83430411899991 ], [ -64.866512799999953, -42.83428996299989 ], [ -64.865635109999914, -42.833893586999864 ], [ -64.865240046, -42.833737398999915 ], [ -64.865026389999912, -42.833652929999857 ], [ -64.8641203869999, -42.833412273000022 ], [ -64.863596604999827, -42.83353968 ], [ -64.862662289999946, -42.834105930999954 ], [ -64.861232504999862, -42.834601400999816 ], [ -64.859788563999871, -42.835167652999871 ], [ -64.858302153999887, -42.835762217000024 ], [ -64.85633442999989, -42.836257687 ], [ -64.855970274999947, -42.836384128999896 ], [ -64.855315176999852, -42.836611593999976 ], [ -64.854423331000021, -42.837064594999958 ], [ -64.853078483999866, -42.837659158999884 ], [ -64.851408041999946, -42.83787150399985 ], [ -64.849312911999959, -42.838536848999922 ], [ -64.848944848999963, -42.838692567999828 ], [ -64.848237034000022, -42.838763350000022 ], [ -64.847670782999899, -42.839018162999878 ], [ -64.847118687999796, -42.839018162999878 ], [ -64.846580748999941, -42.838919068999928 ], [ -64.846198528999935, -42.838579317999972 ], [ -64.845150964000027, -42.83795644099996 ], [ -64.844372367999824, -42.837560064999934 ], [ -64.844290619999811, -42.837612292999893 ], [ -64.843862741999942, -42.83788565999987 ], [ -64.843381427999986, -42.837673315999893 ], [ -64.843244896999977, -42.83758988 ], [ -64.84312661499996, -42.837517595999884 ], [ -64.842786864, -42.837545908999914 ], [ -64.842248924999922, -42.83782903499997 ], [ -64.842067976999942, -42.83823350799986 ], [ -64.842008268999905, -42.838366974 ], [ -64.841662494999809, -42.838455255999918 ], [ -64.8413429229999, -42.838536848999922 ], [ -64.840620951999938, -42.838848287000019 ], [ -64.839983919999895, -42.839202194 ], [ -64.839219479999883, -42.83942869499981 ], [ -64.838539977999972, -42.83955610199996 ], [ -64.837704757999973, -42.839825070999836 ], [ -64.837110194, -42.839994945999877 ], [ -64.836992960999964, -42.840044544999898 ], [ -64.836374067, -42.840306384999963 ], [ -64.836076784999761, -42.840391321999903 ], [ -64.835694564999926, -42.840108197 ], [ -64.83518002999989, -42.839808483999889 ], [ -64.834993828999927, -42.839700023999967 ], [ -64.834446451999781, -42.839549022999904 ], [ -64.833861325999862, -42.839492397999948 ], [ -64.83353367299992, -42.839523115999896 ], [ -64.832653322999988, -42.839605648999907 ], [ -64.832063612999889, -42.839298507999899 ], [ -64.831747320999909, -42.839133772000025 ], [ -64.831445319999887, -42.838869521999925 ], [ -64.830312816999879, -42.838661895999962 ], [ -64.829708814999833, -42.838775145999932 ], [ -64.829161438999904, -42.839058271999988 ], [ -64.828595186999962, -42.839190397999914 ], [ -64.827711006999891, -42.839416145999849 ], [ -64.827708059999907, -42.839416897999911 ], [ -64.827619304999871, -42.839455729 ], [ -64.827104058999851, -42.839681149 ], [ -64.826632182999901, -42.839567897999871 ], [ -64.82589605599992, -42.839700023999967 ], [ -64.825386428999934, -42.840058649999889 ], [ -64.824782427999878, -42.8403229 ], [ -64.824272800999893, -42.840379525999879 ], [ -64.823876424999867, -42.840455025999916 ], [ -64.82352559869571, -42.84063043872959 ], [ -64.823396022884367, -42.841092890173854 ], [ -64.822932299710203, -42.841450702258157 ], [ -64.822963030528967, -42.844462093560537 ], [ -64.82410444777878, -42.847921043641463 ], [ -64.816568573967061, -42.890111610773317 ], [ -64.816634833597618, -42.890128724353588 ], [ -64.816635710268542, -42.890132340083312 ], [ -64.826934659454992, -42.891232739483542 ], [ -64.826938291321426, -42.891246211833618 ], [ -64.820697071437053, -42.89508162985112 ], [ -64.82508167553533, -42.937352744264444 ], [ -64.825029308026444, -42.937361547846592 ], [ -64.781495667446734, -43.029291408969357 ], [ -64.769455471717265, -43.032079657334805 ], [ -64.767843783258911, -43.032419443769527 ], [ -64.767839811756062, -43.032414454680293 ], [ -64.767836950832987, -43.032416732340835 ], [ -64.736557604437166, -43.038961294201385 ], [ -64.736532089310515, -43.038971707439828 ], [ -64.765567091154651, -43.081053566117816 ], [ -64.76561564896258, -43.081072836145324 ], [ -64.781161250833748, -43.103671910380683 ], [ -64.791872538988059, -43.119193204204407 ], [ -64.792098346956209, -43.150257508061543 ], [ -64.782312692729818, -43.157108476575218 ], [ -64.786192044478184, -43.162519572714814 ], [ -64.782287751154456, -43.16128260410369 ], [ -64.78381347699991, -43.161926269999924 ], [ -64.786499022999976, -43.163085937999881 ], [ -64.789611815999876, -43.164123534999931 ], [ -64.792907714999899, -43.165527344 ], [ -64.79577636699986, -43.166809081999986 ], [ -64.798828124999943, -43.168212890999882 ], [ -64.807006836000028, -43.171691894999867 ], [ -64.810607909999817, -43.173095702999944 ], [ -64.814086913999915, -43.174377440999876 ], [ -64.817077636999841, -43.175476073999903 ], [ -64.819091796999942, -43.176818847999982 ], [ -64.821105956999816, -43.177795409999874 ], [ -64.823608397999919, -43.178588866999974 ], [ -64.825622558999839, -43.179199218999941 ], [ -64.827880859, -43.180114746000015 ], [ -64.830688476999796, -43.181579589999899 ], [ -64.83367919899996, -43.183288573999903 ], [ -64.835327147999976, -43.184204101999967 ], [ -64.838500976999853, -43.185180663999859 ], [ -64.841125487999875, -43.185791016 ], [ -64.843811034999931, -43.187316894999867 ], [ -64.846984862999989, -43.188110351999967 ], [ -64.848876952999944, -43.189208984 ], [ -64.850708008000026, -43.190185546999885 ], [ -64.853576659999874, -43.191589354999962 ], [ -64.860595702999944, -43.194274901999847 ], [ -64.863525390999882, -43.195800780999889 ], [ -64.8663940429999, -43.197509766 ], [ -64.869628905999946, -43.199096680000025 ], [ -64.871582030999832, -43.199584960999914 ], [ -64.874023437999938, -43.200683593999884 ], [ -64.878295897999863, -43.202880858999947 ], [ -64.881408690999763, -43.204406737999989 ], [ -64.885009765999826, -43.205993652000018 ], [ -64.887817383000026, -43.207275390999939 ], [ -64.890808104999849, -43.208801269999981 ], [ -64.894409179999911, -43.211303710999914 ], [ -64.89678955099987, -43.212402343999941 ], [ -64.899414062999881, -43.213806152000018 ], [ -64.901611327999944, -43.214782714999899 ], [ -64.903991698999903, -43.216308593999941 ], [ -64.905700683999896, -43.216979979999905 ], [ -64.907897948999903, -43.218078612999932 ], [ -64.913391112999932, -43.22100830099987 ], [ -64.915893555000025, -43.222412108999833 ], [ -64.919189452999888, -43.224609374999829 ], [ -64.923217772999863, -43.226684569999861 ], [ -64.927124022999863, -43.228698729999962 ], [ -64.93109130900001, -43.231384276999961 ], [ -64.932922362999989, -43.232299804999855 ], [ -64.936889647999976, -43.234008788999859 ], [ -64.939819335999914, -43.235412597999925 ], [ -64.943603515999769, -43.237915038999859 ], [ -64.94641113299997, -43.239624022999863 ], [ -64.951110839999899, -43.24200439499981 ], [ -64.953491211000028, -43.242980956999872 ], [ -64.956115722999925, -43.244506835999914 ], [ -64.957519531, -43.245788574000017 ], [ -64.959411620999958, -43.247192382999913 ], [ -64.961791991999917, -43.248596190999876 ], [ -64.96459960899989, -43.249877929999968 ], [ -64.966979979999849, -43.251098632999913 ], [ -64.969787597999868, -43.252624511999841 ], [ -64.972290038999802, -43.253784179999968 ], [ -64.974914550999983, -43.255676269999924 ], [ -64.978210449000017, -43.257690429999968 ], [ -64.981994628999871, -43.260314940999876 ], [ -64.984680175999927, -43.262084960999857 ], [ -64.989196776999904, -43.26538085899989 ], [ -64.992797852000024, -43.268005370999902 ], [ -64.995727538999802, -43.270324706999872 ], [ -64.998718261999898, -43.273010253999928 ], [ -65.000488280999889, -43.275207519999924 ], [ -65.003112792999957, -43.277587890999882 ], [ -65.005981444999804, -43.281188965000013 ], [ -65.008789062999938, -43.283691405999946 ], [ -65.012207030999946, -43.287109374999886 ], [ -65.020812987999875, -43.295898437999938 ], [ -65.023315429999968, -43.298706054999968 ], [ -65.026306151999904, -43.301696776999904 ], [ -65.030700683999896, -43.305725097999868 ], [ -65.034301758000026, -43.309082030999889 ], [ -65.038696288999915, -43.312988280999889 ], [ -65.041076659999874, -43.315795897999919 ], [ -65.043090819999918, -43.317687987999989 ], [ -65.048400878999814, -43.325683593999941 ], [ -65.050903319999804, -43.330810546999942 ], [ -65.052612304999911, -43.336120605000019 ], [ -65.0538940429999, -43.339294433999896 ], [ -65.054077147999863, -43.3410034179999 ], [ -65.05499267599987, -43.343627929999968 ], [ -65.055175781, -43.345581055000025 ], [ -65.055175781, -43.34851074199986 ], [ -65.055114746000015, -43.350524901999904 ], [ -65.055114746000015, -43.35211181599982 ], [ -65.0538940429999, -43.354492187999881 ], [ -65.051574706999872, -43.356689452999944 ], [ -65.05108642599987, -43.357788085999914 ], [ -65.049682616999974, -43.359802245999845 ], [ -65.04772949199986, -43.361511229999849 ], [ -65.04669189499981, -43.365112304999911 ], [ -65.046813964999785, -43.367004394999867 ], [ -65.046081542999843, -43.369079589999899 ], [ -65.045776366999974, -43.370727538999915 ], [ -65.045410155999889, -43.372497558999896 ], [ -65.046081542999843, -43.375 ], [ -65.046386718999941, -43.377075194999861 ], [ -65.045776366999974, -43.378601073999903 ], [ -65.044982909999874, -43.379699706999929 ], [ -65.04302978499976, -43.380310058999896 ], [ -65.04272460899989, -43.381408690999933 ], [ -65.043212890999882, -43.383178711000028 ], [ -65.044799804999911, -43.38537597699991 ], [ -65.04718017599987, -43.38848876999981 ], [ -65.049194335999914, -43.392700194999918 ], [ -65.050476073999903, -43.396118163999859 ], [ -65.05108642599987, -43.399719237999818 ], [ -65.05139160199991, -43.402709960999914 ], [ -65.054016112999875, -43.40460205099987 ], [ -65.056701659999874, -43.406005858999947 ], [ -65.059082031, -43.408020019999981 ], [ -65.061401366999974, -43.409912108999947 ], [ -65.063903808999896, -43.411193847999868 ], [ -65.066894530999832, -43.41320800799997 ], [ -65.0703125, -43.415588378999928 ], [ -65.072692870999958, -43.417175292999957 ], [ -65.075317383000026, -43.418884276999961 ], [ -65.077209472999755, -43.420593261999954 ], [ -65.079284668000014, -43.422607422 ], [ -65.082397460999914, -43.424316406 ], [ -65.085327147999863, -43.425292968999884 ], [ -65.087219237999989, -43.426696776999961 ], [ -65.089416503999985, -43.428710938 ], [ -65.090087890999769, -43.430419922 ], [ -65.091125487999989, -43.432189941 ], [ -65.093811034999874, -43.433715819999861 ], [ -65.097412108999777, -43.435791015999939 ], [ -65.099975586000028, -43.437683104999905 ], [ -65.102905272999863, -43.439514159999987 ], [ -65.104675292999957, -43.441406249999943 ], [ -65.107604979999962, -43.443176269999867 ], [ -65.109374999999886, -43.444580078 ], [ -65.112304687999824, -43.446105956999872 ], [ -65.114807128999814, -43.447875976999853 ], [ -65.117492675999983, -43.450012206999872 ], [ -65.125793456999872, -43.456420897999976 ], [ -65.128723144999981, -43.458984374999886 ], [ -65.130798339999842, -43.460083008000026 ], [ -65.131896972999868, -43.46179199199986 ], [ -65.133911132999913, -43.463500976999853 ], [ -65.137084960999857, -43.466125487999932 ], [ -65.138916015999769, -43.468322753999928 ], [ -65.14068603499976, -43.470092772999919 ], [ -65.142700194999861, -43.472106933999953 ], [ -65.145019531, -43.474182128999871 ], [ -65.146606444999861, -43.476013183999953 ], [ -65.150085448999846, -43.479980468999827 ], [ -65.151123047, -43.481201171999942 ], [ -65.151489257999913, -43.482910155999946 ], [ -65.153808593999884, -43.484802245999902 ], [ -65.155700683999783, -43.486511229999905 ], [ -65.157714843999884, -43.48828125 ], [ -65.159790038999745, -43.489990234 ], [ -65.161376952999774, -43.492004394999867 ], [ -65.162902831999816, -43.493713378999871 ], [ -65.165588378999871, -43.496398925999927 ], [ -65.167480468999827, -43.499511719 ], [ -65.170104979999905, -43.502380370999958 ], [ -65.172180175999927, -43.504028319999861 ], [ -65.173828124999943, -43.505981444999918 ], [ -65.1749877929999, -43.508605956999986 ], [ -65.175109862999875, -43.510681152000018 ], [ -65.175415038999972, -43.512084960999914 ], [ -65.176696776999904, -43.513305663999915 ], [ -65.177429198999846, -43.514404296999885 ], [ -65.177795409999931, -43.515808104999849 ], [ -65.177917479999905, -43.517089843999941 ], [ -65.1788940429999, -43.518798827999944 ], [ -65.180603026999904, -43.519775390999826 ], [ -65.181213378999871, -43.521301269999867 ], [ -65.1828002929999, -43.52258300799997 ], [ -65.183227538999972, -43.523681641 ], [ -65.184204101999853, -43.524475097999925 ], [ -65.18530273399989, -43.525085448999903 ], [ -65.18640136699986, -43.525817871000015 ], [ -65.187927245999902, -43.52648925799997 ], [ -65.189025878999928, -43.526794433999896 ], [ -65.190185546999885, -43.527709960999971 ], [ -65.191528319999861, -43.529296875 ], [ -65.192321776999961, -43.531005859 ], [ -65.193481444999748, -43.5324096679999 ], [ -65.19421386699986, -43.533691405999889 ], [ -65.193908691, -43.535217284999931 ], [ -65.19317626999981, -43.53601074199986 ], [ -65.192993163999915, -43.536987305000025 ], [ -65.192810058999953, -43.539184569999918 ], [ -65.194396972999982, -43.540283202999888 ], [ -65.196777343999941, -43.541503905999889 ], [ -65.198303222999982, -43.542602538999859 ], [ -65.200683593999941, -43.543212891 ], [ -65.202880858999833, -43.543395995999958 ], [ -65.204223632999913, -43.543395995999958 ], [ -65.205627441, -43.543884277000018 ], [ -65.205993651999904, -43.544799805000025 ], [ -65.207702636999841, -43.545715331999816 ], [ -65.208984375, -43.546997069999918 ], [ -65.209411621000015, -43.547790527000018 ], [ -65.210388183999896, -43.548400878999985 ], [ -65.210876464999899, -43.549011229999849 ], [ -65.212707519999867, -43.549194335999914 ], [ -65.214904784999874, -43.550598144999981 ], [ -65.217895507999856, -43.553283690999876 ], [ -65.219726562999938, -43.554321288999915 ], [ -65.221008300999927, -43.554809569999918 ], [ -65.221801758000026, -43.55578613299997 ], [ -65.223205565999763, -43.556396483999947 ], [ -65.224914550999927, -43.556518554999911 ], [ -65.226013183999896, -43.555603027000018 ], [ -65.22821044899996, -43.555603027000018 ], [ -65.229980468999884, -43.556396483999947 ], [ -65.232604979999849, -43.557922362999989 ], [ -65.23498535199991, -43.559326171999885 ], [ -65.237487793000014, -43.561096190999876 ], [ -65.239501952999944, -43.562683104999905 ], [ -65.241394042999843, -43.564086913999859 ], [ -65.242980956999872, -43.565429687999938 ], [ -65.244506835999914, -43.566223144999867 ], [ -65.246582031, -43.567199706999929 ], [ -65.248779297, -43.567687987999932 ], [ -65.25030517599987, -43.568481444999861 ], [ -65.252014159999874, -43.570007323999903 ], [ -65.254577636999954, -43.571105956999929 ], [ -65.256591797, -43.572998047 ], [ -65.2578125, -43.574401854999962 ], [ -65.258911132999799, -43.575622558999896 ], [ -65.259704589999899, -43.576477050999983 ], [ -65.260498046999828, -43.577392577999888 ], [ -65.2609252929999, -43.578491211000028 ], [ -65.260803222999925, -43.579284667999843 ], [ -65.260009766, -43.580017089999899 ], [ -65.260498046999828, -43.580993651999847 ], [ -65.261901854999962, -43.582275390999939 ], [ -65.263183593999884, -43.583679199000017 ], [ -65.264892577999888, -43.585083007999913 ], [ -65.266784667999843, -43.586914062999881 ], [ -65.268005370999958, -43.588195800999983 ], [ -65.269409180000025, -43.589111327999888 ], [ -65.271606444999918, -43.58929443400001 ], [ -65.273376465000013, -43.589111327999888 ], [ -65.275512694999918, -43.589477538999972 ], [ -65.277221679999855, -43.590576171999942 ], [ -65.278686522999976, -43.591674804999968 ], [ -65.27960205099987, -43.593078612999875 ], [ -65.281311034999874, -43.594482421999828 ], [ -65.282104491999803, -43.595520019999981 ], [ -65.282775878999928, -43.59631347699991 ], [ -65.284423827999944, -43.59710693400001 ], [ -65.285705565999876, -43.598205565999876 ], [ -65.286682128999928, -43.599304198999903 ], [ -65.286804198999903, -43.60101318400001 ], [ -65.286682128999928, -43.601928710999914 ], [ -65.287109374999943, -43.602783203 ], [ -65.28771972699991, -43.603515624999943 ], [ -65.288085938, -43.604309081999872 ], [ -65.288085938, -43.605285644999924 ], [ -65.289123534999874, -43.606201172 ], [ -65.289978026999961, -43.607788086000028 ], [ -65.298400878999928, -43.617309569999861 ], [ -65.301086425999983, -43.620300292999957 ], [ -65.302612305000025, -43.621398925999983 ], [ -65.304687499999886, -43.622985840000013 ], [ -65.305908202999888, -43.623901366999917 ], [ -65.307006835999857, -43.624389647999919 ], [ -65.307495116999917, -43.625488280999946 ], [ -65.307189941, -43.626220702999888 ], [ -65.306884765999882, -43.62670898399989 ], [ -65.308288574000017, -43.627685546999942 ], [ -65.310180663999802, -43.629394530999946 ], [ -65.311279296999942, -43.630798340000013 ], [ -65.312805175999983, -43.631408690999876 ], [ -65.313903808999839, -43.632080077999831 ], [ -65.315185546999942, -43.633178710999971 ], [ -65.315795897999806, -43.634887694999975 ], [ -65.315612792999843, -43.636413574000017 ], [ -65.315185546999942, -43.6378784179999 ], [ -65.314086913999802, -43.638793944999975 ], [ -65.314392090000013, -43.639709472999868 ], [ -65.316711425999983, -43.642211913999972 ], [ -65.318481444999975, -43.644104003999871 ], [ -65.319702147999976, -43.644287109 ], [ -65.32171630900001, -43.64508056599982 ], [ -65.322509765999939, -43.646606444999861 ], [ -65.322688715850006, -43.647202944337607 ], [ -65.331266363698546, -43.650154958739336 ], [ -65.338275486589168, -43.644317192912524 ], [ -65.340267227141112, -43.645830299904844 ], [ -65.344303991802065, -43.64750982104681 ], [ -65.356288311064077, -43.659516095878757 ], [ -65.356221201986955, -43.65951351599341 ], [ -65.358121007719433, -43.661428657751458 ], [ -65.358158299613422, -43.661472390138613 ], [ -65.358162724411102, -43.661462377799353 ], [ -65.358187913582583, -43.661421047382134 ], [ -65.358195912787153, -43.661427863112692 ], [ -65.358972963871167, -43.660880243489714 ], [ -65.358980370580468, -43.660880452893934 ], [ -65.377835649069141, -43.663227727311209 ], [ -65.388567780941059, -43.66855884465707 ], [ -65.424791290620249, -43.689442445463612 ], [ -65.424825173367879, -43.689466188507367 ], [ -65.434366952244602, -43.695502300585758 ], [ -65.46754222977313, -43.713984953977047 ], [ -65.467557763693776, -43.714044934796107 ], [ -65.477351035642357, -43.742159817238019 ], [ -65.495277956107088, -43.765658671982749 ], [ -65.496297777079462, -43.778026512089184 ], [ -65.482568839358692, -43.800993115410961 ], [ -65.51623645394875, -43.797815780590327 ], [ -65.534830726204632, -43.793052726955864 ], [ -65.56977860055224, -43.787742930957791 ], [ -65.590482433530383, -43.791123736251905 ], [ -65.699130676547782, -43.841316589686869 ], [ -65.744778940653191, -43.909328124036335 ], [ -65.872201706692238, -43.967536642829089 ], [ -65.905470824711131, -43.976374523751929 ], [ -65.905515441136458, -43.976429838826391 ], [ -65.937236711960281, -43.998909133445011 ], [ -65.937284143832244, -43.998971685726076 ], [ -65.940231337303999, -44.001106138845557 ], [ -65.939853620688496, -43.997773014225004 ], [ -65.939868470930492, -43.99774514220104 ], [ -65.939808553560965, -43.997713580525726 ], [ -65.937097041090681, -43.97586080526878 ], [ -65.937081965561674, -43.975821275736962 ], [ -65.937116701789876, -43.975825425898449 ], [ -65.91973664873899, -43.945301368353682 ], [ -65.904766370082484, -43.934155354303186 ], [ -65.904760014547946, -43.934162402176412 ], [ -65.904741291078778, -43.934170089637917 ], [ -65.84408655925364, -43.829752160395003 ], [ -65.844085967870171, -43.829716612828236 ], [ -65.844055521736379, -43.82968558031348 ], [ -65.806666243441782, -43.806046025511989 ], [ -65.721921224422033, -43.715055181772073 ], [ -65.725531409204166, -43.600600927988808 ], [ -65.728456780888905, -43.597328042911101 ], [ -65.734855883860064, -43.593245536168695 ], [ -65.890017058044066, -43.471973095746876 ], [ -65.894462603638317, -43.481556846508738 ], [ -65.922076496626289, -43.464774514185706 ], [ -65.92245961011173, -43.464317363736654 ], [ -65.927416809335284, -43.458722695168319 ], [ -65.956501740615749, -43.467099975472422 ], [ -65.968438380808834, -43.462055913804249 ], [ -66.011646721651516, -43.457366814782915 ], [ -66.119041342479647, -43.475427964731864 ], [ -66.128473762851968, -43.478382424597612 ], [ -66.139802545521718, -43.494810284581888 ], [ -66.139818682760449, -43.494834955208489 ], [ -66.139836053492161, -43.494825253378394 ], [ -66.190447492634576, -43.50066470598739 ], [ -66.190454966846289, -43.500672764912508 ], [ -66.202861627547065, -43.497760315225889 ], [ -66.202869225510199, -43.497760415486425 ], [ -66.206174992662284, -43.498755492295629 ], [ -66.220919018051518, -43.504180459407792 ], [ -66.205242785763971, -43.493510365826296 ], [ -66.153843480521573, -43.458525197843073 ], [ -66.153777333631979, -43.458495648475605 ], [ -66.148105523264064, -43.392217987818356 ], [ -66.073543094633749, -43.304475737504106 ], [ -66.031191777883464, -43.252982256044277 ], [ -66.030212010135301, -43.247476617401787 ], [ -66.030205206186793, -43.24746947483402 ], [ -66.024818165521594, -43.224624985605715 ], [ -66.028464513703852, -43.220118293491112 ], [ -66.028493101241679, -43.220109246840764 ], [ -66.047157296228988, -43.197140202055209 ], [ -66.047225635060727, -43.197121053102933 ], [ -66.050193107532039, -43.193397353466821 ], [ -66.050905887951785, -43.192760889729129 ], [ -66.04803361092695, -43.191341739415122 ], [ -66.047996884037502, -43.19131212002145 ], [ -65.986841686262323, -43.18253031298724 ], [ -65.865322927909233, -43.101619789822053 ], [ -65.853003333871072, -43.016847708732996 ], [ -65.829167082051242, -42.781590691443171 ], [ -65.829090919102782, -42.781589164736602 ], [ -65.827772252544889, -42.769964787779656 ], [ -65.827831835759071, -42.769284443320771 ], [ -65.827594236735933, -42.768930239770896 ], [ -65.827595481799108, -42.768928700275978 ], [ -65.796246807920113, -42.723357160650835 ], [ -65.780019772211631, -42.726757990522344 ], [ -65.780007437671316, -42.726752002924457 ], [ -65.779985226923827, -42.72674172624022 ], [ -65.778015698954448, -42.723762578614583 ], [ -65.769998290628848, -42.721974917301736 ], [ -65.687132031575175, -42.748372704215626 ], [ -65.687043325373054, -42.748456461683077 ], [ -65.660272791105058, -42.756828533877695 ], [ -65.660269787118636, -42.756826876928187 ], [ -65.660200255329869, -42.756817266990083 ], [ -65.640858532003108, -42.742029126379464 ], [ -65.640900853932067, -42.741993184925093 ], [ -65.640376379150609, -42.741493896768418 ], [ -65.640353808280281, -42.741457659032676 ], [ -65.640302649435284, -42.741489836539813 ], [ -65.639379069358711, -42.741909449995603 ], [ -65.639414275964043, -42.741950539225172 ], [ -65.570167015371283, -42.780289678835402 ], [ -65.527203269762708, -42.796283921498741 ], [ -65.527163149247031, -42.796281888449755 ], [ -65.512233031009487, -42.785049219639461 ], [ -65.495070908703781, -42.834395399151788 ], [ -65.384869427954015, -42.771731790421029 ], [ -65.390963352046185, -42.769152226545998 ], [ -65.441726163892554, -42.732448468667826 ], [ -65.44174522501396, -42.732427922173997 ], [ -65.384324954293731, -42.696757488270123 ], [ -65.344113749484507, -42.677409710780751 ], [ -65.327704530859023, -42.685769601133359 ], [ -65.324946229311308, -42.687309739164675 ], [ -65.320170890777661, -42.685193036968826 ], [ -65.316541795675619, -42.683446864930147 ], [ -65.312743426080601, -42.671649342774231 ], [ -65.306013458095833, -42.657579267338747 ], [ -65.303344451753674, -42.653294499161234 ], [ -65.30329890621158, -42.653316414468861 ], [ -65.294882316042845, -42.641153998016307 ], [ -65.289052258159018, -42.633203517203128 ], [ -65.282057609721846, -42.624225663141203 ], [ -65.282836602215809, -42.622875729075133 ], [ -65.279326573274375, -42.623444219407645 ], [ -65.279258650906627, -42.623440546657889 ], [ -65.273654003470085, -42.621324690932852 ], [ -65.272084938415674, -42.619227677392644 ], [ -65.272012014778227, -42.619128450937126 ], [ -65.272011797134724, -42.619127962046946 ], [ -65.267182919199456, -42.61220730530863 ], [ -65.258405877357291, -42.609001368384384 ], [ -65.25605634790935, -42.612482701204385 ], [ -65.255999257717917, -42.612478239418067 ], [ -65.249920020252205, -42.612799341250309 ], [ -65.249861783656854, -42.612762830939346 ], [ -65.248131663878723, -42.605230505621023 ], [ -65.246299656536848, -42.595917795700586 ], [ -65.249203959423198, -42.594763093132883 ], [ -65.252164648559983, -42.593548656754649 ], [ -65.252193483164035, -42.593511872689703 ], [ -65.259698690424045, -42.590474545896882 ], [ -65.265075276363291, -42.59359210354836 ], [ -65.265118903738653, -42.593571613355834 ], [ -65.264557128247986, -42.58849940910136 ], [ -65.264563656959808, -42.588491143553085 ], [ -65.266318479315032, -42.587777557485538 ], [ -65.272648534534142, -42.579451298334732 ], [ -65.283554141962554, -42.565209313682431 ], [ -65.219675240368986, -42.544530645541954 ], [ -65.216520275056098, -42.543509331055986 ], [ -65.215388729795905, -42.543143030423153 ], [ -65.215386229467697, -42.543144013018377 ], [ -65.215177195389117, -42.543089721230331 ], [ -65.215140761460191, -42.543049990869747 ], [ -65.213770728923066, -42.541526272866975 ], [ -65.215974865899568, -42.536497501668748 ], [ -65.216009920236957, -42.536535727616581 ], [ -65.273146614198424, -42.52119904308762 ], [ -65.245916830066676, -42.454901349020361 ], [ -65.244837230079384, -42.365021698220801 ], [ -65.256160667300776, -42.35443431550101 ], [ -65.256164250084623, -42.354418436384435 ], [ -65.235660541752281, -42.346973558990214 ], [ -65.235597722000023, -42.346975853186848 ], [ -65.209086925015185, -42.283194791619962 ], [ -65.218019148135511, -42.271371315313672 ], [ -65.218037732775201, -42.27135158140851 ], [ -65.218002027051057, -42.27133757805143 ], [ -65.217990728886264, -42.271325828274826 ], [ -65.209184279485271, -42.232750273096599 ], [ -65.194280346286632, -42.250235941103426 ], [ -65.19337756100731, -42.276272250882073 ], [ -65.193361178899465, -42.276343035325453 ], [ -65.177034881602196, -42.3399529921316 ], [ -65.176997641094601, -42.339981445015837 ] ] ] ] } }
]
}
