{
"type": "FeatureCollection",
"name": "Tiempos de viaje USH Ushuaia",
"crs": { "type": "name", "properties": { "name": "urn:ogc:def:crs:OGC:1.3:CRS84" } },
"features": [
{ "type": "Feature", "properties": { "Name": "USH : 120 - 180", "FromBreak": 120.0, "ToBreak": 180.0, "IATA": "USH" }, "geometry": { "type": "MultiPolygon", "coordinates": [ [ [ [ -68.319961150116399, -53.365449004270829 ], [ -68.304449798242274, -53.37326138195499 ], [ -68.272695378638048, -53.366110223671967 ], [ -68.268789172406798, -53.372139886423952 ], [ -68.282244650603161, -53.38770712662398 ], [ -68.239167947603562, -53.404018804407769 ], [ -68.164806623827928, -53.404997779229859 ], [ -68.165167376265458, -53.404440917813247 ], [ -68.148897095405857, -53.406815674887866 ], [ -68.10020638075855, -53.409965292251059 ], [ -68.119194013737001, -53.448573544760904 ], [ -68.067724792767706, -53.464641689652183 ], [ -68.065953391397784, -53.461806253139571 ], [ -68.059287266303897, -53.47015634811504 ], [ -68.059272613999894, -53.470818946999941 ], [ -68.05621762699991, -53.480604652000011 ], [ -68.049614379999866, -53.494843237999874 ], [ -68.045144030999836, -53.504254182999887 ], [ -68.043650643999911, -53.507512132999864 ], [ -68.042168095999898, -53.510285835999866 ], [ -68.042082917999949, -53.516275195999924 ], [ -68.04130441399991, -53.51760346999987 ], [ -68.039683802999946, -53.518725680999978 ], [ -68.038818767999885, -53.520207882999955 ], [ -68.037954168, -53.521461851999902 ], [ -68.036993533999919, -53.522772817999908 ], [ -68.036606976999849, -53.524312318999932 ], [ -68.036125055000014, -53.52568068699992 ], [ -68.03592971, -53.527277345999948 ], [ -68.035543488999963, -53.528645853999933 ], [ -68.035348586999987, -53.530128491000028 ], [ -68.03505793599993, -53.531496957999934 ], [ -68.033905262000019, -53.532921810999881 ], [ -68.033040254999946, -53.534175739999966 ], [ -68.032174760999851, -53.535600831000011 ], [ -68.031021973999941, -53.536968596999941 ], [ -68.030252136, -53.53839373 ], [ -68.028907740999898, -53.539704301999905 ], [ -68.027755185999922, -53.540900955999973 ], [ -68.026602110999988, -53.542268676999981 ], [ -68.0253535249999, -53.543522302999975 ], [ -68.024679377999973, -53.544833435999919 ], [ -68.024387962999924, -53.546372952000013 ], [ -68.024000723999961, -53.547912403999874 ], [ -68.022274299999935, -53.549254107000024 ], [ -68.021363385999962, -53.55038851899991 ], [ -68.019265052999913, -53.551864700999943 ], [ -68.018065316999923, -53.55273326799994 ], [ -68.017316004999941, -53.553254106999873 ], [ -68.015978276999988, -53.554532150999933 ], [ -68.015091788, -53.55600609399994 ], [ -68.012737302999881, -53.559174694999911 ], [ -68.010929656999906, -53.561459298999864 ], [ -68.007412401000011, -53.566096717999869 ], [ -67.996045308999896, -53.579276570999866 ], [ -67.989601560999915, -53.585774537999896 ], [ -67.983587468999872, -53.591315723999969 ], [ -67.975614064999888, -53.59793732299994 ], [ -67.970976818999816, -53.600876536999863 ], [ -67.968988190999937, -53.60321115499994 ], [ -67.966221064999957, -53.606495237999866 ], [ -67.959974040999896, -53.614123759999927 ], [ -67.953652317999968, -53.621124034999866 ], [ -67.943536109999968, -53.629259807999858 ], [ -67.935727508999946, -53.635775715999955 ], [ -67.929098640999939, -53.640733736000016 ], [ -67.923750302999906, -53.644312521000018 ], [ -67.916859009, -53.649110805000021 ], [ -67.905326456999887, -53.656531668000014 ], [ -67.898896461999868, -53.660340083 ], [ -67.888125579999894, -53.666631275999976 ], [ -67.871983729999954, -53.674999121999917 ], [ -67.863771991999954, -53.679416044999982 ], [ -67.857452533999947, -53.682125832 ], [ -67.854778471999964, -53.68340684899988 ], [ -67.846358070999941, -53.687212283999884 ], [ -67.844828282999913, -53.688451803000021 ], [ -67.842349363999972, -53.689002749999872 ], [ -67.840026280999894, -53.69028683199997 ], [ -67.838754391999885, -53.691737859999876 ], [ -67.837534362999861, -53.694495934999907 ], [ -67.835494963999963, -53.698239002999969 ], [ -67.831207612999947, -53.701877458000013 ], [ -67.826191220999931, -53.705016403999934 ], [ -67.818351772000028, -53.708336416999941 ], [ -67.810722409999926, -53.710403654 ], [ -67.802867397999876, -53.714192889 ], [ -67.796101258000022, -53.717756873999917 ], [ -67.793196087999831, -53.720811145000027 ], [ -67.790382992999866, -53.723709482999936 ], [ -67.785354788, -53.727055701999973 ], [ -67.778279391999831, -53.731112443999905 ], [ -67.770684717, -53.734797741999898 ], [ -67.767300192, -53.736069531999874 ], [ -67.761410966999904, -53.738621923999858 ], [ -67.755071672999918, -53.740413776999958 ], [ -67.743229848999874, -53.744575740999892 ], [ -67.737696584, -53.746921709999924 ], [ -67.732394125999861, -53.750367337999933 ], [ -67.726136895000025, -53.754071701999919 ], [ -67.724597966999966, -53.755414191999876 ], [ -67.723935295999866, -53.756922788999987 ], [ -67.723309089, -53.758402389000025 ], [ -67.721930166999869, -53.759241211999893 ], [ -67.719431731999919, -53.760720581999919 ], [ -67.715472266999939, -53.762937404000013 ], [ -67.709766793999961, -53.765554553000015 ], [ -67.708521201, -53.766125837999937 ], [ -67.70550053799991, -53.768051165999907 ], [ -67.70409915599987, -53.769592288999888 ], [ -67.702329833999954, -53.772083119 ], [ -67.701588637999976, -53.773260531999881 ], [ -67.698833065999906, -53.777274424999916 ], [ -67.695917890999908, -53.780131182999867 ], [ -67.694402428999865, -53.781847783999865 ], [ -67.692695692999962, -53.783446639999909 ], [ -67.691511791999858, -53.783895930999961 ], [ -67.691178179999895, -53.785220953999897 ], [ -67.691721564999909, -53.78655554799991 ], [ -67.691967142999886, -53.788060217999885 ], [ -67.691418815999896, -53.790018342 ], [ -67.689902807999886, -53.791734879999922 ], [ -67.687411972, -53.793440643 ], [ -67.684547299999963, -53.794622361999984 ], [ -67.683657303999951, -53.795017024999879 ], [ -67.683433413999978, -53.795938888999956 ], [ -67.683128396999905, -53.796339881 ], [ -67.68173692299996, -53.797174335000022 ], [ -67.681617781999876, -53.797866244999909 ], [ -67.681572492999862, -53.799309960999892 ], [ -67.683217133000028, -53.799732371999937 ], [ -67.685453946999928, -53.79993024099997 ], [ -67.687188846000026, -53.800584689999937 ], [ -67.688505005999957, -53.802158854999902 ], [ -67.693486255999915, -53.801924351000025 ], [ -67.696416349999879, -53.801782911999965 ], [ -67.699263461999976, -53.801178385999947 ], [ -67.701039685999945, -53.80050442199996 ], [ -67.703330086999927, -53.798969447999866 ], [ -67.705996016999961, -53.797900689999892 ], [ -67.708940136000024, -53.797296981999864 ], [ -67.71050513900002, -53.797140494999894 ], [ -67.71370792099998, -53.797637097999939 ], [ -67.718128814999943, -53.799764086999971 ], [ -67.721961696999983, -53.80200010599998 ], [ -67.725238030999833, -53.803305947999945 ], [ -67.729907476999983, -53.80370205600002 ], [ -67.733110997999859, -53.804198053999869 ], [ -67.736295488999986, -53.805329294999922 ], [ -67.739519683999958, -53.807197120000012 ], [ -67.74159920999989, -53.809414058999948 ], [ -67.742604331, -53.811677564999911 ], [ -67.745147759999952, -53.814708154000016 ], [ -67.74723296499991, -53.816751812999939 ], [ -67.75022201299987, -53.81793831899995 ], [ -67.75464687799996, -53.818999496 ], [ -67.760040808999861, -53.821366019999971 ], [ -67.763189908999834, -53.823767038000028 ], [ -67.764578382000025, -53.826323083999966 ], [ -67.765597021000019, -53.828182188999961 ], [ -67.767409934999932, -53.829587248999928 ], [ -67.769105165999861, -53.83168428099998 ], [ -67.771701770999869, -53.832572203999916 ], [ -67.776064269999949, -53.832306433999861 ], [ -67.778434575999881, -53.83378927699988 ], [ -67.775330711999914, -53.835733919999939 ], [ -67.771429370999954, -53.835636255999873 ], [ -67.767080829999884, -53.834147451999968 ], [ -67.762978933999875, -53.830928055999948 ], [ -67.761128126000017, -53.827500683999858 ], [ -67.759248758999945, -53.825054980999937 ], [ -67.756183567999926, -53.823116929999969 ], [ -67.751713651999921, -53.822492834999935 ], [ -67.746472181999934, -53.82157163699992 ], [ -67.740687293, -53.81925808 ], [ -67.736517328999867, -53.815170499999908 ], [ -67.734535388999916, -53.812954414999865 ], [ -67.732823622999945, -53.811492139999871 ], [ -67.727218245999893, -53.80975747899987 ], [ -67.721115331999954, -53.808363901 ], [ -67.715535777999889, -53.807631093999873 ], [ -67.710667488999945, -53.807347841999956 ], [ -67.70645504700002, -53.807937919999858 ], [ -67.701375716999962, -53.808171903999948 ], [ -67.698640205999936, -53.808315489 ], [ -67.690745494999874, -53.80811400999994 ], [ -67.688894628999947, -53.808036103999882 ], [ -67.686299853999856, -53.806794509999918 ], [ -67.683580667999934, -53.806418127999962 ], [ -67.681440941999881, -53.806221294000011 ], [ -67.678003624999803, -53.803872692000027 ], [ -67.675064830999986, -53.80118293299995 ], [ -67.672890006999921, -53.799021449 ], [ -67.673088582999981, -53.793327919999911 ], [ -67.674446816999932, -53.790454509000028 ], [ -67.677936199999976, -53.78800894099993 ], [ -67.680856461000019, -53.788156656999888 ], [ -67.683576249, -53.788475428999959 ], [ -67.683594329999892, -53.787897958999963 ], [ -67.68058938199988, -53.787344945999962 ], [ -67.678152902999898, -53.787318109999944 ], [ -67.6757655319999, -53.785732086 ], [ -67.674318239999877, -53.785253884999861 ], [ -67.674967715999969, -53.786300940999979 ], [ -67.67521102500001, -53.787863398999946 ], [ -67.672815390999858, -53.789627688999929 ], [ -67.667620981000027, -53.79355607899987 ], [ -67.662953329, -53.796219320999967 ], [ -67.654238915, -53.801117611999985 ], [ -67.646894417999931, -53.805078832 ], [ -67.642036790999896, -53.807507929999986 ], [ -67.63620337999987, -53.809925831999919 ], [ -67.624875969999948, -53.814642032999984 ], [ -67.619048183999951, -53.816828067000017 ], [ -67.615506779999919, -53.817711566000014 ], [ -67.613512451999952, -53.819017197999869 ], [ -67.607857478000028, -53.821840138000027 ], [ -67.60379901899995, -53.823583753999969 ], [ -67.600838114999931, -53.824589130999925 ], [ -67.597857938, -53.826171881999869 ], [ -67.596556990000011, -53.827138681999941 ], [ -67.593201602999955, -53.82825480899993 ], [ -67.586922124999944, -53.830590703999917 ], [ -67.583570110999915, -53.831590960999904 ], [ -67.57737696199996, -53.832904121999945 ], [ -67.574141788999896, -53.833327919999988 ], [ -67.564724548999891, -53.834717616999967 ], [ -67.559826519999831, -53.835236586 ], [ -67.553644542999905, -53.836818134999874 ], [ -67.550466443999937, -53.838397243999964 ], [ -67.546710664999864, -53.839738255999976 ], [ -67.543709348999869, -53.841839317 ], [ -67.541781055999934, -53.843953349999936 ], [ -67.542318397999907, -53.845346333 ], [ -67.542750085999899, -53.846969135999984 ], [ -67.542711974999861, -53.848066242999892 ], [ -67.546016229999964, -53.848510767 ], [ -67.549744873, -53.847978222999984 ], [ -67.55189602899992, -53.847888654999963 ], [ -67.554282007999973, -53.846646532000022 ], [ -67.556727764999948, -53.846502649999934 ], [ -67.559761522999963, -53.846753589 ], [ -67.561922863999825, -53.846962817999895 ], [ -67.563256452000019, -53.84722319899987 ], [ -67.566675300999918, -53.846897486999922 ], [ -67.569311154999866, -53.848334264999949 ], [ -67.574048687999834, -53.851751291999904 ], [ -67.57779348299988, -53.857050389999927 ], [ -67.579230341999903, -53.8634219569999 ], [ -67.579490211999939, -53.867946468999889 ], [ -67.579580836999867, -53.871369254999934 ], [ -67.578115997, -53.874956832999942 ], [ -67.574610500999938, -53.883835994999913 ], [ -67.574120383999968, -53.886090884999874 ], [ -67.572071969999968, -53.888571736999893 ], [ -67.570922000999929, -53.891979667999863 ], [ -67.568936704999885, -53.895622032999881 ], [ -67.565900931999977, -53.899740711999868 ], [ -67.563094317999912, -53.903189865999877 ], [ -67.557728363000024, -53.908868854999923 ], [ -67.554517518999944, -53.912007452999887 ], [ -67.551095050999834, -53.915265702999932 ], [ -67.548005595999825, -53.917855690999886 ], [ -67.545654425999885, -53.920026843999949 ], [ -67.541624975, -53.922849772999939 ], [ -67.538980128, -53.924528427999917 ], [ -67.534490963, -53.927475992999916 ], [ -67.527740880999886, -53.931120541999917 ], [ -67.521629755999982, -53.934222681 ], [ -67.516052291999927, -53.936842394999871 ], [ -67.510295551999945, -53.93866523499986 ], [ -67.503917534999971, -53.940480063999928 ], [ -67.49935909699991, -53.940606495 ], [ -67.492877895999868, -53.941142695999872 ], [ -67.483344471999942, -53.945618347 ], [ -67.465980834999982, -53.976794744999893 ], [ -67.452130090999901, -53.985515583999927 ], [ -67.438342730250099, -53.986139950366464 ], [ -67.438028888456586, -53.986392049870119 ], [ -67.438018737596224, -53.98639543631549 ], [ -67.432977438642922, -53.9888898408974 ], [ -67.430289109378577, -53.990244571330209 ], [ -67.429609467878151, -53.990582471006064 ], [ -67.427297906519129, -53.991751932424108 ], [ -67.422433611089104, -53.997179461948122 ], [ -67.420657738805858, -53.99916096964489 ], [ -67.417972618813451, -54.000374723384823 ], [ -67.409100810973882, -53.998636497059181 ], [ -67.409108686720231, -53.998651267166963 ], [ -67.406683592897252, -53.998482407524648 ], [ -67.402937891989041, -53.99751169929857 ], [ -67.402855762735157, -53.997508625488194 ], [ -67.402705574713309, -53.997502790595433 ], [ -67.402427120780601, -53.997511779503213 ], [ -67.400028197333086, -53.997512163578108 ], [ -67.39848642646291, -53.997512404951806 ], [ -67.398438819226271, -53.997522088837286 ], [ -67.394302244839139, -53.999265666700694 ], [ -67.398814953972987, -53.998650213257122 ], [ -67.398875135238029, -53.998637971662902 ], [ -67.400504844990337, -53.998186185297868 ], [ -67.402560064558088, -53.997616440205718 ], [ -67.408493817227054, -54.0051110353063 ], [ -67.403089593681955, -54.007647215281565 ], [ -67.387532251275161, -54.022214782215656 ], [ -67.402316145154487, -54.073721563514823 ], [ -67.390551037882517, -54.111885371853361 ], [ -67.390550825661535, -54.11188783758837 ], [ -67.39054820151307, -54.111892136315419 ], [ -67.390547777371467, -54.111897064294169 ], [ -67.390552495682812, -54.111909095417786 ], [ -67.39055473407717, -54.111911926765401 ], [ -67.430602354000371, -54.115108951977618 ], [ -67.392792677955129, -54.116133121690211 ], [ -67.438815793373635, -54.326607367901602 ], [ -67.439850924036932, -54.328277838505244 ], [ -67.496426711433912, -54.334008555569312 ], [ -67.501445284238798, -54.337225598823409 ], [ -67.497734671893681, -54.343545617369898 ], [ -67.505477616353573, -54.348929823213268 ], [ -67.517123047776863, -54.350629136118414 ], [ -67.520851960010873, -54.348822594184071 ], [ -67.520888394683027, -54.348831266586956 ], [ -67.529353224732461, -54.350072893381821 ], [ -67.534886552246689, -54.351062785503984 ], [ -67.535676085290447, -54.35085749746122 ], [ -67.535703219103596, -54.3508352334498 ], [ -67.538043360534743, -54.351368598295267 ], [ -67.539254264473982, -54.351525172403854 ], [ -67.540510753658054, -54.351539351090366 ], [ -67.54146603037151, -54.351336536773374 ], [ -67.543592196754389, -54.352199257144434 ], [ -67.547562191930695, -54.353158635598163 ], [ -67.549095075684761, -54.360026936042004 ], [ -67.545740512412124, -54.356707718001758 ], [ -67.54575320140259, -54.357787458400537 ], [ -67.546289244566935, -54.36142931383722 ], [ -67.546325764995061, -54.361444158837855 ], [ -67.549374870169345, -54.362182885217635 ], [ -67.54936135153315, -54.362190314545899 ], [ -67.542843917926405, -54.364370669162042 ], [ -67.524929386663075, -54.371156197534845 ], [ -67.515202605570892, -54.377190411656215 ], [ -67.515170483479665, -54.377196824194698 ], [ -67.5105242223338, -54.380573546939956 ], [ -67.467762741220099, -54.419901531745438 ], [ -67.466795448684593, -54.420127890985839 ], [ -67.466759248892004, -54.420132411521593 ], [ -67.464093066915893, -54.421695516616012 ], [ -67.46158716819582, -54.423172082229257 ], [ -67.433727542252029, -54.438256620491302 ], [ -67.410777814700339, -54.439899839298221 ], [ -67.403246843269073, -54.450782753251076 ], [ -67.400079294306749, -54.478485300428702 ], [ -67.406415460893072, -54.489877765178221 ], [ -67.406778422557977, -54.491302509547722 ], [ -67.41197945671496, -54.496313206134971 ], [ -67.428510991086682, -54.502571652632014 ], [ -67.437636082533686, -54.502309642977082 ], [ -67.439318087962192, -54.502462531296601 ], [ -67.439330956019944, -54.502460668945162 ], [ -67.442864898296705, -54.501262769908408 ], [ -67.442877324522101, -54.501262760575798 ], [ -67.444828361761324, -54.501872325015597 ], [ -67.444841010105904, -54.50187413605579 ], [ -67.446534410554762, -54.501806332641081 ], [ -67.446546861626473, -54.501808039717787 ], [ -67.446826079639038, -54.501891652356107 ], [ -67.446937756246257, -54.501663796334071 ], [ -67.44725681415872, -54.501650697071966 ], [ -67.447269092558599, -54.501652385839748 ], [ -67.447917963025759, -54.501620789644676 ], [ -67.466230434490569, -54.480348364891483 ], [ -67.468107896807908, -54.47997736101587 ], [ -67.468116112346479, -54.479977628064034 ], [ -67.546700287205681, -54.492362110446152 ], [ -67.554035022473215, -54.491619354979036 ], [ -67.576195571560106, -54.516927129640749 ], [ -67.579609944207618, -54.517102261997991 ], [ -67.579631226771426, -54.517100248718407 ], [ -67.588885846476671, -54.514990015335457 ], [ -67.592957469943428, -54.515017678701952 ], [ -67.60213261637449, -54.512749646390034 ], [ -67.604446585239543, -54.512743469397606 ], [ -67.605733609931519, -54.512550887907423 ], [ -67.605992247529855, -54.51253475090607 ], [ -67.606011683974486, -54.512535663885444 ], [ -67.661056415799806, -54.501225128308249 ], [ -67.661111141514539, -54.501223337183319 ], [ -67.675731311591164, -54.501968315501131 ], [ -67.675746101962659, -54.501977111577332 ], [ -67.675800718142341, -54.501970209974672 ], [ -67.688518737768391, -54.50006815189721 ], [ -67.714497069492154, -54.499054457420698 ], [ -67.714522149574066, -54.499048288173356 ], [ -67.720898148274841, -54.50083712392734 ], [ -67.720923789326037, -54.500846783820407 ], [ -67.796553199996652, -54.475079401541166 ], [ -67.849112436465703, -54.480211613335712 ], [ -67.861854408734928, -54.481352253248303 ], [ -67.884524042768703, -54.487638728108436 ], [ -67.884555103643891, -54.487629809394832 ], [ -67.923676319893218, -54.496421380780589 ], [ -67.93154725533725, -54.492699194663146 ], [ -67.934035341084211, -54.491663427756578 ], [ -67.969639569318701, -54.488944281883732 ], [ -67.984283262302313, -54.492048359564933 ], [ -67.997683895857563, -54.495974111671728 ], [ -67.998447750877972, -54.496016917788324 ], [ -68.004922334536957, -54.496885769114044 ], [ -68.007133584178291, -54.497720017592258 ], [ -68.026233958442333, -54.506323243087991 ], [ -68.026731765821012, -54.501923649483274 ], [ -68.069485657974781, -54.477827966165762 ], [ -68.115199569551123, -54.488124479058285 ], [ -68.115231932511335, -54.488121194632129 ], [ -68.133716084056516, -54.492774782637866 ], [ -68.259829772500666, -54.416388558398808 ], [ -68.305318110356211, -54.391527203031615 ], [ -68.307236539710516, -54.39000455294655 ], [ -68.307569224035149, -54.389716435218759 ], [ -68.436729659711943, -54.702913066261885 ], [ -68.436749967633261, -54.702936634467164 ], [ -68.53069367135538, -54.782164232114326 ], [ -68.595629222782975, -54.804326701526804 ], [ -68.595664358000022, -54.803546283 ], [ -68.595764758674193, -54.801316189299882 ], [ -68.582452792919696, -54.796772822417381 ], [ -68.547223895244315, -54.767062468203449 ], [ -68.54721627977267, -54.767053630125304 ], [ -68.278153212778705, -54.114611992877258 ], [ -68.277460174974578, -54.115212190910654 ], [ -68.273463761652067, -54.118384128971229 ], [ -68.178703848279781, -54.170174543657311 ], [ -68.031162131077451, -54.259539570176003 ], [ -67.988274257605781, -54.276958875196101 ], [ -67.949814131055916, -54.224790678686531 ], [ -67.991988177999758, -54.074641518328235 ], [ -68.001543327669481, -54.07453668783586 ], [ -67.974616113202444, -54.053552221702375 ], [ -67.974577336986329, -54.053493839168823 ], [ -68.065720066960409, -53.972924321207529 ], [ -68.129709823203257, -54.021585681685053 ], [ -68.149249926747245, -53.962191936810598 ], [ -68.173478832226806, -53.94894978601576 ], [ -68.253030182968757, -53.952695037886997 ], [ -68.254349698398926, -53.95448187604137 ], [ -68.256262279166208, -53.952933695482898 ], [ -68.258947734090043, -53.950104638386449 ], [ -68.259588411232869, -53.950334176977719 ], [ -68.260488658696033, -53.949554527218822 ], [ -68.150870717217629, -53.913707447339164 ], [ -68.138329540244001, -53.891122073032193 ], [ -68.135967715750496, -53.894223892366028 ], [ -68.136696685273819, -53.908983330080162 ], [ -68.124352495031303, -53.904212278960927 ], [ -68.118723129748787, -53.922288570440855 ], [ -68.099336687020639, -53.920348386474984 ], [ -68.099280983319261, -53.920345095598464 ], [ -68.077320817631971, -53.859823273423331 ], [ -68.091701358423109, -53.806154802318531 ], [ -68.090425492864824, -53.78032236675358 ], [ -68.117145161090548, -53.762019526169297 ], [ -68.139630087801208, -53.732483199404271 ], [ -68.123997450290346, -53.711210998076695 ], [ -68.124750396603986, -53.70768514184789 ], [ -68.199012849876055, -53.68869375395434 ], [ -68.124468939825817, -53.642498355873897 ], [ -68.092937448745829, -53.671622015327216 ], [ -68.113039335142787, -53.603056484395609 ], [ -68.114672276340798, -53.537593184487207 ], [ -68.09207887484655, -53.523093142933419 ], [ -68.105617735756084, -53.51169492174148 ], [ -68.120509132894938, -53.495588072065402 ], [ -68.175251923888368, -53.481700027174782 ], [ -68.175078363319017, -53.489974100290226 ], [ -68.185911996142011, -53.500734768038114 ], [ -68.193250136060385, -53.471303024414624 ], [ -68.24662688581526, -53.453365401283236 ], [ -68.258168190234187, -53.454572536664159 ], [ -68.256612437741239, -53.453650192286659 ], [ -68.249212648858702, -53.452386586678244 ], [ -68.237493867388139, -53.415281444841355 ], [ -68.29406175807793, -53.404009361198518 ], [ -68.297125806031602, -53.391391557682539 ], [ -68.308311399951151, -53.391484170131662 ], [ -68.306320780587384, -53.379711803228531 ], [ -68.306354433676063, -53.37969643358042 ], [ -68.31052694830305, -53.375744920373563 ], [ -68.312170534247457, -53.37437137192336 ], [ -68.321557995961484, -53.366526247772981 ], [ -68.321512442410153, -53.365460149179739 ], [ -68.344190903461879, -53.345515003971002 ], [ -68.322087605031754, -53.364227878161273 ], [ -68.319961150116399, -53.365449004270829 ] ], [ [ -67.991801768294977, -54.074571122830093 ], [ -67.877813849659105, -54.208587660639694 ], [ -67.873835099234839, -54.205531588174097 ], [ -67.772790242986616, -54.161537063410378 ], [ -67.909467847585574, -54.00321163532368 ], [ -67.939063142572707, -53.999064731885255 ], [ -67.969756283675451, -54.051013795113931 ], [ -67.958236960216425, -54.052208557756273 ], [ -67.973344476621151, -54.063812619329724 ], [ -67.986510944685222, -54.069984218168202 ], [ -67.986563702357046, -54.070038855177245 ], [ -67.987105701115411, -54.070495260947496 ], [ -67.987162810795212, -54.070546132886989 ], [ -67.991801768294977, -54.074571122830093 ] ], [ [ -67.516442515138351, -54.109906098299575 ], [ -67.530191743605201, -54.111058313758804 ], [ -67.530251429526288, -54.11105765522592 ], [ -67.537801557081309, -54.112912767077376 ], [ -67.532481751489684, -54.176491028558985 ], [ -67.541926101309741, -54.191732108072415 ], [ -67.57102305760958, -54.184445067153604 ], [ -67.533302344498168, -54.246044993356293 ], [ -67.503541421715283, -54.243030427658141 ], [ -67.497191501892701, -54.232783069738787 ], [ -67.479932833610803, -54.153855227409622 ], [ -67.512485982849626, -54.152973443882559 ], [ -67.502263505283395, -54.112632121647891 ], [ -67.516442515138351, -54.109906098299575 ] ] ], [ [ [ -67.211603976, -54.096134264999876 ], [ -67.199533679999888, -54.099984940999889 ], [ -67.173236987999928, -54.108449799000027 ], [ -67.165340565999941, -54.113244344999885 ], [ -67.158236754999962, -54.112757588000022 ], [ -67.155970952999894, -54.116108908999934 ], [ -67.146601501999953, -54.121207107999965 ], [ -67.138750215999949, -54.125434034000023 ], [ -67.131743732999951, -54.128552400999865 ], [ -67.118590354999981, -54.131451805999859 ], [ -67.109128055999918, -54.130982207999921 ], [ -67.103491118999898, -54.13242235599995 ], [ -67.098781153999937, -54.133021401999883 ], [ -67.090275967999901, -54.133097609999879 ], [ -67.085049801999958, -54.132034555000018 ], [ -67.07942814199987, -54.134028247999879 ], [ -67.081715229, -54.13587473399997 ], [ -67.078498952999894, -54.1371887439999 ], [ -67.074675322999894, -54.13770055599997 ], [ -67.074515594999923, -54.138879329999895 ], [ -67.073701124000024, -54.140096029 ], [ -67.067525377999914, -54.141687572999899 ], [ -67.062972841999908, -54.142736164999974 ], [ -67.055863617999933, -54.144734024999877 ], [ -67.054169756000022, -54.144874332999962 ], [ -67.047377172999802, -54.147299316999863 ], [ -67.045224226999835, -54.148542880999912 ], [ -67.043502496999906, -54.148791865999897 ], [ -67.041520480999964, -54.149669965999919 ], [ -67.037951914000018, -54.152028670999925 ], [ -67.032160099999885, -54.153346952999868 ], [ -67.030024992999813, -54.153285924999864 ], [ -67.027138688999912, -54.155108929999983 ], [ -67.025631831999931, -54.156863203 ], [ -67.022392544999889, -54.156949142999906 ], [ -67.01935323899994, -54.157833008999944 ], [ -67.016169071999911, -54.158409195999923 ], [ -67.013505231999943, -54.158664483 ], [ -67.009185208999895, -54.161672249999924 ], [ -67.006543099999874, -54.16270886999996 ], [ -67.003068908999921, -54.162271639999858 ], [ -67.001237859999947, -54.163458707000018 ], [ -67.000354566999874, -54.165654921999931 ], [ -66.999326514999893, -54.167305246999945 ], [ -66.99668407899992, -54.168265227999882 ], [ -66.992318954999973, -54.16931831799991 ], [ -66.989285013999961, -54.170670994999909 ], [ -66.979828528999917, -54.174319959999934 ], [ -66.973484541, -54.176561679999963 ], [ -66.96409080299992, -54.179373385999895 ], [ -66.954585691999966, -54.183518637999953 ], [ -66.954004223999902, -54.184090689999948 ], [ -66.951412525999956, -54.18456021999998 ], [ -66.951969186999918, -54.185573623999915 ], [ -66.947799601999975, -54.189830577999885 ], [ -66.949847313000021, -54.191768295999964 ], [ -66.94922907699987, -54.193964363999953 ], [ -66.947197962000018, -54.196218035999891 ], [ -66.944216911999945, -54.198401673999911 ], [ -66.938498872999958, -54.200510789999896 ], [ -66.931207399999892, -54.202367613999968 ], [ -66.92763285399991, -54.20372508600002 ], [ -66.922042414999908, -54.20687214499992 ], [ -66.917643178999981, -54.21021615199993 ], [ -66.907161370999859, -54.215184921 ], [ -66.903873077999833, -54.217399951999937 ], [ -66.896080143999939, -54.220900380999865 ], [ -66.881327898999871, -54.22366745599993 ], [ -66.87600499399997, -54.224333500999876 ], [ -66.860819935999814, -54.225615046999962 ], [ -66.855789450999964, -54.227529464999975 ], [ -66.849936149999962, -54.228687823999906 ], [ -66.846344682, -54.228926280999929 ], [ -66.835139439999864, -54.232358584999872 ], [ -66.824451735999844, -54.235101342999883 ], [ -66.80913576, -54.239929339000014 ], [ -66.805252683036315, -54.240890269813065 ], [ -66.752035046699234, -54.259521781374644 ], [ -66.7424263431447, -54.264447232544569 ], [ -66.743243637999967, -54.265988622999942 ], [ -66.743079264999892, -54.267562492999957 ], [ -66.74020534999994, -54.271099465999953 ], [ -66.738679656999921, -54.273331416999895 ], [ -66.737244930999964, -54.275297564000027 ], [ -66.73423359100002, -54.278600406999942 ], [ -66.72825982400002, -54.280749799999967 ], [ -66.721584947, -54.281181 ], [ -66.705747213, -54.28479335399993 ], [ -66.70124485499997, -54.284787961999939 ], [ -66.699315100999911, -54.283658339999988 ], [ -66.696516900999939, -54.284065642999963 ], [ -66.693161555066411, -54.284023955323619 ], [ -66.694462930313193, -54.288355579450126 ], [ -66.699206558999833, -54.2900692 ], [ -66.703448303999949, -54.290673774000027 ], [ -66.703986161999865, -54.291700060999858 ], [ -66.705093260999888, -54.293245982999963 ], [ -66.703977503999965, -54.295280544999912 ], [ -66.703845497999964, -54.296376873999861 ], [ -66.704185939999888, -54.298112687999947 ], [ -66.701864151999814, -54.300069684999869 ], [ -66.701351843999873, -54.30146761899988 ], [ -66.70138685500001, -54.303226307999921 ], [ -66.701276521999944, -54.304479287999925 ], [ -66.694571752999934, -54.311479163 ], [ -66.687198386999967, -54.318249621999939 ], [ -66.68668667070574, -54.318772548682261 ], [ -66.683780425304519, -54.329460142783887 ], [ -66.663707561561353, -54.341981911206744 ], [ -66.662761614999908, -54.342853630999969 ], [ -66.652918707999959, -54.350180019 ], [ -66.642340320104381, -54.355311132825761 ], [ -66.638993233918995, -54.357399097883501 ], [ -66.6329908407875, -54.360143973485606 ], [ -66.632890406999877, -54.360201904 ], [ -66.628879814999948, -54.365947919999883 ], [ -66.608515551999801, -54.378782614999864 ], [ -66.592223155, -54.385653815999945 ], [ -66.590120050891358, -54.386544624825831 ], [ -66.566458185116005, -54.406393166844964 ], [ -66.566390878575135, -54.406429171389391 ], [ -66.564640172388295, -54.407575208984554 ], [ -66.564620098911178, -54.40759498048601 ], [ -66.558710448190197, -54.414448176978397 ], [ -66.597565615925475, -54.45220914407696 ], [ -66.574806146713001, -54.488569084373466 ], [ -66.565873117875583, -54.488518996068478 ], [ -66.565359473899321, -54.580141837034489 ], [ -66.550202925363806, -54.602539389234494 ], [ -66.550998330795892, -54.605855911833032 ], [ -66.551186911072989, -54.606250143982095 ], [ -66.559105863913317, -54.609816388597437 ], [ -66.577681181072762, -54.627174058544767 ], [ -66.658036894285772, -54.787611953456349 ], [ -66.674640114345209, -54.79010348429648 ], [ -66.732862527364261, -54.978528770212051 ], [ -66.732856090295684, -54.978544222059725 ], [ -66.733318460989778, -54.980432181704884 ], [ -66.733518769099874, -54.981035678759895 ], [ -66.737685173897034, -54.984140863418872 ], [ -66.738555503999862, -54.980777414999977 ], [ -66.746419768999885, -54.978454070999874 ], [ -66.747994145, -54.975560347999988 ], [ -66.749088905495512, -54.974694556178008 ], [ -66.747937261081745, -54.974905011948067 ], [ -66.744559757797845, -54.977551386622679 ], [ -66.744434403309526, -54.977555344074631 ], [ -66.744089309648587, -54.977525152291776 ], [ -66.742657535268108, -54.976458063504595 ], [ -66.74212338030776, -54.974848738024775 ], [ -66.740890391790174, -54.969814178971035 ], [ -66.7409075573064, -54.969772974043678 ], [ -66.714426314041873, -54.884071685231163 ], [ -66.71471363771235, -54.8838256885889 ], [ -66.727498073427171, -54.87142544721064 ], [ -66.727545784969209, -54.871435818047019 ], [ -66.859417255816254, -54.602319379383914 ], [ -66.849886147513473, -54.592850911219102 ], [ -66.849170417697621, -54.590838898694756 ], [ -66.845926410399727, -54.584551924801815 ], [ -66.847645656284215, -54.579688870608265 ], [ -66.847954655572607, -54.579831671094894 ], [ -66.849115164677869, -54.578524215600339 ], [ -66.849157519624896, -54.578527036962896 ], [ -66.85208260360497, -54.573944192396539 ], [ -66.852136440330014, -54.573926832977861 ], [ -66.851904228593696, -54.571047081081701 ], [ -66.854349423089559, -54.567626567380728 ], [ -66.85433064162828, -54.567607442646192 ], [ -66.854782048018308, -54.564876930870241 ], [ -66.855583958757109, -54.563717374456417 ], [ -66.856072785343144, -54.561959258033198 ], [ -66.857452535715709, -54.561857764495358 ], [ -66.857486154178616, -54.561851965289634 ], [ -66.859804972979873, -54.561239838569577 ], [ -66.859819823501994, -54.561237630423705 ], [ -66.863659537727244, -54.561006537928563 ], [ -66.859286932215809, -54.558126583122259 ], [ -66.859023835222388, -54.557930196800498 ], [ -66.852047676822451, -54.553156915721445 ], [ -66.850947153638742, -54.552318613070497 ], [ -66.848479857594555, -54.551784088280669 ], [ -66.847929664103731, -54.551846083960925 ], [ -66.846887251211058, -54.551625198363013 ], [ -66.831995896002525, -54.554051364000259 ], [ -66.816513167843141, -54.546820025395391 ], [ -66.805677198865453, -54.539441449652259 ], [ -66.790701430074989, -54.534736477136846 ], [ -66.79068353909048, -54.53465575203478 ], [ -66.781358193415429, -54.526248844527117 ], [ -66.781349073752438, -54.526244019637318 ], [ -66.778585218822627, -54.521894772503401 ], [ -66.778524867692397, -54.52184953375405 ], [ -66.778539859762759, -54.521813014014299 ], [ -66.77853964824584, -54.521810683258138 ], [ -66.778518605846727, -54.521789911683925 ], [ -66.778457200516925, -54.521471090292778 ], [ -66.778461233178575, -54.52147065341785 ], [ -66.779042855653927, -54.521600971726002 ], [ -66.779127986110666, -54.521670361627855 ], [ -66.779177265940291, -54.521686839386916 ], [ -66.77917453373675, -54.521705253375103 ], [ -66.779037141748574, -54.521844008658718 ], [ -66.780996408057149, -54.52261456683101 ], [ -66.781724348094826, -54.522405677864811 ], [ -66.782608656943353, -54.522622102952084 ], [ -66.783643175774046, -54.522556123387062 ], [ -66.783655302212651, -54.522554747506149 ], [ -66.782604451377665, -54.521632110050291 ], [ -66.792494036585936, -54.512166649754363 ], [ -66.810380162404158, -54.495491181721093 ], [ -66.810892206982999, -54.494832703697455 ], [ -66.810534606452109, -54.493764378004641 ], [ -66.810548014747496, -54.493763808586834 ], [ -66.811452410389848, -54.492848392126291 ], [ -66.813005297553332, -54.493346549192211 ], [ -66.813020292639578, -54.493341450958212 ], [ -66.816865492073191, -54.491906845047254 ], [ -66.823253738252163, -54.488433336767059 ], [ -66.823273594470606, -54.488435457359969 ], [ -66.825555523920173, -54.487404863637607 ], [ -66.827177364104841, -54.484943687097541 ], [ -66.82736122807421, -54.484842895711097 ], [ -66.833055821015421, -54.485496674938133 ], [ -66.841153928976496, -54.484305530195115 ], [ -66.850091528037183, -54.481167537366218 ], [ -66.926458859492527, -54.394936095119874 ], [ -66.948515552483855, -54.353646941652357 ], [ -67.032220381213278, -54.28196096102505 ], [ -67.037257779662298, -54.267937742729771 ], [ -67.037491872662315, -54.267210751581047 ], [ -67.039981930155477, -54.266501757768765 ], [ -67.047489129292558, -54.265182190245582 ], [ -67.090873465417133, -54.206434605126617 ], [ -67.097327628602272, -54.195133956400923 ], [ -67.13636720910938, -54.144259993062576 ], [ -67.159016333955492, -54.132675942548644 ], [ -67.159835024070105, -54.132357191650954 ], [ -67.159394425285655, -54.132131055344644 ], [ -67.161289042812598, -54.12993910542616 ], [ -67.162799542709934, -54.129844479061035 ], [ -67.163356651146557, -54.129072847101099 ], [ -67.162725952587493, -54.128417049177131 ], [ -67.162716089619892, -54.128410107096556 ], [ -67.162749521455055, -54.12813631800185 ], [ -67.162750182555556, -54.128113126234439 ], [ -67.162746042132881, -54.12809353036414 ], [ -67.161134872444563, -54.128526674269096 ], [ -67.161075748568351, -54.128524172709433 ], [ -67.160001917280113, -54.128019287385257 ], [ -67.160012093442162, -54.128002688832339 ], [ -67.1590662427501, -54.125210080973773 ], [ -67.163229616429419, -54.123837155645958 ], [ -67.16326466372044, -54.123810970435898 ], [ -67.1641753490523, -54.121178608665275 ], [ -67.166283304554099, -54.120951748633274 ], [ -67.167830009226861, -54.119628355871555 ], [ -67.204421763425444, -54.103466752893098 ], [ -67.204413480947721, -54.103499617309012 ], [ -67.211350067017008, -54.101616205857567 ], [ -67.211317712201549, -54.102537164546732 ], [ -67.21136529508675, -54.102588269376213 ], [ -67.211502521942407, -54.102519646402868 ], [ -67.211561043817028, -54.102539518211529 ], [ -67.214949996663108, -54.099776347751799 ], [ -67.21536613377242, -54.099731589443877 ], [ -67.215432436970275, -54.099720455053955 ], [ -67.219824023727824, -54.09866280792852 ], [ -67.219899538832863, -54.09865084532214 ], [ -67.221865556880232, -54.098485292110809 ], [ -67.222757180823862, -54.09856113627751 ], [ -67.22468062085477, -54.096964315873777 ], [ -67.221085392105294, -54.097041264316488 ], [ -67.221042692253036, -54.0970705523834 ], [ -67.220636325798068, -54.097185389569461 ], [ -67.220607543899177, -54.097238457943718 ], [ -67.220082624594681, -54.097611553803063 ], [ -67.220070962638999, -54.097598365995509 ], [ -67.21988250596786, -54.097477049182999 ], [ -67.219861400372793, -54.097496064400957 ], [ -67.21921005294098, -54.09705751922013 ], [ -67.218879429442893, -54.097053891947894 ], [ -67.227330958430514, -54.090492172259303 ], [ -67.211603976, -54.096134264999876 ] ] ], [ [ [ -67.300059361654405, -54.249800484950697 ], [ -67.333676165868383, -54.26397894586114 ], [ -67.349269175126949, -54.14731411142634 ], [ -67.278336793072015, -54.193270433656039 ], [ -67.277811846901272, -54.193825258754941 ], [ -67.275056180872866, -54.195031041858272 ], [ -67.268015180268605, -54.195431829210747 ], [ -67.261302916291697, -54.209520422576247 ], [ -67.260218329750217, -54.217796997301036 ], [ -67.266294581934403, -54.233073569631642 ], [ -67.272423008146063, -54.240239685413655 ], [ -67.272443863449496, -54.240251335463199 ], [ -67.276847874694852, -54.240314083256294 ], [ -67.276865375918817, -54.240324814328631 ], [ -67.279408561202501, -54.240616493996924 ], [ -67.279428173283691, -54.240625129355578 ], [ -67.285338567574399, -54.245407291703373 ], [ -67.300059361654405, -54.249800484950697 ] ] ], [ [ [ -68.593777933831518, -54.864179397102703 ], [ -68.593737376591719, -54.86418075865862 ], [ -68.593403961002821, -54.86417251366845 ], [ -68.593363322594087, -54.864172060231795 ], [ -68.593189415306313, -54.864174706292374 ], [ -68.59129671095252, -54.864358269976719 ], [ -68.591256217147077, -54.864362748724432 ], [ -68.590403056429068, -54.864469229515635 ], [ -68.573952104273189, -54.867184761392593 ], [ -68.56907044373952, -54.867255298644636 ], [ -68.569008466222783, -54.867266969020591 ], [ -68.563055952278376, -54.869089183224446 ], [ -68.561924224378174, -54.869449739795016 ], [ -68.561048266562921, -54.869549455417598 ], [ -68.54490855799088, -54.865487134229284 ], [ -68.54489595621385, -54.865490254589076 ], [ -68.54486863468037, -54.865506284617766 ], [ -68.54103575396249, -54.868004259704207 ], [ -68.540973967351306, -54.868024386678428 ], [ -68.536408918278426, -54.868326065433962 ], [ -68.536358777615135, -54.868331181550218 ], [ -68.536319585400406, -54.868329040119647 ], [ -68.534164914894291, -54.867914919934094 ], [ -68.530806688999803, -54.868860279999979 ], [ -68.527288233999911, -54.870390755999949 ], [ -68.523205821999909, -54.86886305299987 ], [ -68.518026633999909, -54.867895792999946 ], [ -68.517911775543951, -54.867731426138846 ], [ -68.508719339872414, -54.867873280998197 ], [ -68.507529006999903, -54.86807453199998 ], [ -68.506369015429186, -54.867909550487013 ], [ -68.503064837894783, -54.867960539545493 ], [ -68.502005211999801, -54.868492075999882 ], [ -68.503365899999949, -54.868688912999914 ], [ -68.5059339149999, -54.86904452899995 ], [ -68.508030200999883, -54.871796790999952 ], [ -68.510763104999796, -54.871901888000025 ], [ -68.513126160999889, -54.870872125 ], [ -68.517599841999868, -54.871613079999918 ], [ -68.522662603999891, -54.873462905999872 ], [ -68.524080093270811, -54.874236743827851 ], [ -68.536861413431495, -54.874961151173125 ], [ -68.550559547903276, -54.8747497665683 ], [ -68.552151957145497, -54.875055822092236 ], [ -68.55216665422455, -54.87505662512865 ], [ -68.552185454777202, -54.875054705649461 ], [ -68.553897348663156, -54.874941576238484 ], [ -68.553920519924588, -54.87493402931085 ], [ -68.555357850307018, -54.873997288884198 ], [ -68.555370910205795, -54.873989626409809 ], [ -68.561425211622691, -54.875513477191021 ], [ -68.562897395005564, -54.875345889574362 ], [ -68.563321793001592, -54.875210680973055 ], [ -68.565553985667407, -54.874527350912444 ], [ -68.565577227513018, -54.874522973944067 ], [ -68.567407850004997, -54.874496522907748 ], [ -68.594722325988073, -54.869987766847146 ], [ -68.595042261031608, -54.869947836217591 ], [ -68.595057446210149, -54.869946156687035 ], [ -68.595767210618192, -54.869877320751812 ], [ -68.595832425652702, -54.869876328025725 ], [ -68.595847665057477, -54.869876498064514 ], [ -68.595972696093497, -54.869879590388962 ], [ -68.595987905057882, -54.869879079805571 ], [ -68.596380744938244, -54.869842163069848 ], [ -68.596328311974219, -54.863872158658694 ], [ -68.596323877810732, -54.863873222569055 ], [ -68.595726086679804, -54.863996321070431 ], [ -68.593777933831518, -54.864179397102703 ] ] ], [ [ [ -66.951237614191257, -54.937753151668062 ], [ -66.922817872292512, -54.942946680671184 ], [ -66.928102888999888, -54.942709537999974 ], [ -66.942522599999904, -54.939816991999919 ], [ -66.947798167999849, -54.940029865999861 ], [ -66.951237614191257, -54.937753151668062 ] ] ] ] } },
{ "type": "Feature", "properties": { "Name": "USH : 60 - 120", "FromBreak": 60.0, "ToBreak": 120.0, "IATA": "USH" }, "geometry": { "type": "MultiPolygon", "coordinates": [ [ [ [ -67.426208327999973, -53.987763117999975 ], [ -67.421464756999967, -53.989723095999977 ], [ -67.418068174999803, -53.989207519999866 ], [ -67.415388296, -53.991061996999917 ], [ -67.405903889999877, -53.992503316999887 ], [ -67.401370084, -53.994151268999985 ], [ -67.395190346999925, -53.994667846999903 ], [ -67.386289691999878, -53.997318168 ], [ -67.378987234999897, -54.000071239999897 ], [ -67.36725902399985, -54.004536437999946 ], [ -67.356143323999902, -54.010491062999961 ], [ -67.344088660000011, -54.015671532999875 ], [ -67.334453107, -54.017935315999864 ], [ -67.335042408, -54.019341553999936 ], [ -67.337988644999882, -54.018893381 ], [ -67.339917749999813, -54.018722467999964 ], [ -67.34261041100001, -54.019942431 ], [ -67.345298027999888, -54.02476843799991 ], [ -67.336277082999914, -54.037636698999961 ], [ -67.326125925999804, -54.044688717999918 ], [ -67.310315528999922, -54.051799259999939 ], [ -67.29409901799994, -54.057840843999941 ], [ -67.292217923999885, -54.056201855999859 ], [ -67.291579652999928, -54.058531144999961 ], [ -67.286459676999868, -54.058163279999974 ], [ -67.283347958999968, -54.064303508999899 ], [ -67.272540828999922, -54.070103984999946 ], [ -67.261978304000024, -54.07548561599998 ], [ -67.259135280999828, -54.077135345999864 ], [ -67.25489576699988, -54.079335789999959 ], [ -67.246642472999895, -54.083564119999949 ], [ -67.227330958430514, -54.090492172259303 ], [ -67.218879429442893, -54.097053891947894 ], [ -67.21921005294098, -54.09705751922013 ], [ -67.219861400372793, -54.097496064400957 ], [ -67.21988250596786, -54.097477049182999 ], [ -67.220070962638999, -54.097598365995509 ], [ -67.220082624594681, -54.097611553803063 ], [ -67.220607543899177, -54.097238457943718 ], [ -67.220636325798068, -54.097185389569461 ], [ -67.221042692253036, -54.0970705523834 ], [ -67.221085392105294, -54.097041264316488 ], [ -67.22468062085477, -54.096964315873777 ], [ -67.222757180823862, -54.09856113627751 ], [ -67.221865556880232, -54.098485292110809 ], [ -67.219899538832863, -54.09865084532214 ], [ -67.219824023727824, -54.09866280792852 ], [ -67.215432436970275, -54.099720455053955 ], [ -67.21536613377242, -54.099731589443877 ], [ -67.214949996663108, -54.099776347751799 ], [ -67.211561043817028, -54.102539518211529 ], [ -67.211502521942407, -54.102519646402868 ], [ -67.21136529508675, -54.102588269376213 ], [ -67.211317712201549, -54.102537164546732 ], [ -67.211350067017008, -54.101616205857567 ], [ -67.204413480947721, -54.103499617309012 ], [ -67.204421763425444, -54.103466752893098 ], [ -67.167830009226861, -54.119628355871555 ], [ -67.166283304554099, -54.120951748633274 ], [ -67.1641753490523, -54.121178608665275 ], [ -67.16326466372044, -54.123810970435898 ], [ -67.163229616429419, -54.123837155645958 ], [ -67.1590662427501, -54.125210080973773 ], [ -67.160012093442162, -54.128002688832339 ], [ -67.160001917280113, -54.128019287385257 ], [ -67.161075748568351, -54.128524172709433 ], [ -67.161134872444563, -54.128526674269096 ], [ -67.162746042132881, -54.12809353036414 ], [ -67.162750182555556, -54.128113126234439 ], [ -67.162749521455055, -54.12813631800185 ], [ -67.162716089619892, -54.128410107096556 ], [ -67.162725952587493, -54.128417049177131 ], [ -67.163356651146557, -54.129072847101099 ], [ -67.162799542709934, -54.129844479061035 ], [ -67.161289042812598, -54.12993910542616 ], [ -67.159394425285655, -54.132131055344644 ], [ -67.159835024070105, -54.132357191650954 ], [ -67.159016333955492, -54.132675942548644 ], [ -67.13636720910938, -54.144259993062576 ], [ -67.097327628602272, -54.195133956400923 ], [ -67.090873465417133, -54.206434605126617 ], [ -67.047489129292558, -54.265182190245582 ], [ -67.039981930155477, -54.266501757768765 ], [ -67.037491872662315, -54.267210751581047 ], [ -67.037257779662298, -54.267937742729771 ], [ -67.032220381213278, -54.28196096102505 ], [ -66.948515552483855, -54.353646941652357 ], [ -66.926458859492527, -54.394936095119874 ], [ -66.850091528037183, -54.481167537366218 ], [ -66.841153928976496, -54.484305530195115 ], [ -66.833055821015421, -54.485496674938133 ], [ -66.82736122807421, -54.484842895711097 ], [ -66.827177364104841, -54.484943687097541 ], [ -66.825555523920173, -54.487404863637607 ], [ -66.823273594470606, -54.488435457359969 ], [ -66.823253738252163, -54.488433336767059 ], [ -66.816865492073191, -54.491906845047254 ], [ -66.813020292639578, -54.493341450958212 ], [ -66.813005297553332, -54.493346549192211 ], [ -66.811452410389848, -54.492848392126291 ], [ -66.810548014747496, -54.493763808586834 ], [ -66.810534606452109, -54.493764378004641 ], [ -66.810892206982999, -54.494832703697455 ], [ -66.810380162404158, -54.495491181721093 ], [ -66.792494036585936, -54.512166649754363 ], [ -66.782604451377665, -54.521632110050291 ], [ -66.783655302212651, -54.522554747506149 ], [ -66.783643175774046, -54.522556123387062 ], [ -66.782608656943353, -54.522622102952084 ], [ -66.781724348094826, -54.522405677864811 ], [ -66.780996408057149, -54.52261456683101 ], [ -66.779037141748574, -54.521844008658718 ], [ -66.77917453373675, -54.521705253375103 ], [ -66.779177265940291, -54.521686839386916 ], [ -66.779127986110666, -54.521670361627855 ], [ -66.779042855653927, -54.521600971726002 ], [ -66.778461233178575, -54.52147065341785 ], [ -66.778457200516925, -54.521471090292778 ], [ -66.778518605846727, -54.521789911683925 ], [ -66.77853964824584, -54.521810683258138 ], [ -66.778539859762759, -54.521813014014299 ], [ -66.778524867692397, -54.52184953375405 ], [ -66.778585218822627, -54.521894772503401 ], [ -66.781349073752438, -54.526244019637318 ], [ -66.781358193415429, -54.526248844527117 ], [ -66.79068353909048, -54.53465575203478 ], [ -66.790701430074989, -54.534736477136846 ], [ -66.805677198865453, -54.539441449652259 ], [ -66.816513167843141, -54.546820025395391 ], [ -66.831995896002525, -54.554051364000259 ], [ -66.846887251211058, -54.551625198363013 ], [ -66.847929664103731, -54.551846083960925 ], [ -66.848479857594555, -54.551784088280669 ], [ -66.850947153638742, -54.552318613070497 ], [ -66.852047676822451, -54.553156915721445 ], [ -66.859023835222388, -54.557930196800498 ], [ -66.859286932215809, -54.558126583122259 ], [ -66.863659537727244, -54.561006537928563 ], [ -66.859819823501994, -54.561237630423705 ], [ -66.859804972979873, -54.561239838569577 ], [ -66.857486154178616, -54.561851965289634 ], [ -66.857452535715709, -54.561857764495358 ], [ -66.856072785343144, -54.561959258033198 ], [ -66.855583958757109, -54.563717374456417 ], [ -66.854782048018308, -54.564876930870241 ], [ -66.85433064162828, -54.567607442646192 ], [ -66.854349423089559, -54.567626567380728 ], [ -66.851904228593696, -54.571047081081701 ], [ -66.852136440330014, -54.573926832977861 ], [ -66.85208260360497, -54.573944192396539 ], [ -66.849157519624896, -54.578527036962896 ], [ -66.849115164677869, -54.578524215600339 ], [ -66.847954655572607, -54.579831671094894 ], [ -66.847645656284215, -54.579688870608265 ], [ -66.845926410399727, -54.584551924801815 ], [ -66.849170417697621, -54.590838898694756 ], [ -66.849886147513473, -54.592850911219102 ], [ -66.859417255816254, -54.602319379383914 ], [ -66.727545784969209, -54.871435818047019 ], [ -66.727498073427171, -54.87142544721064 ], [ -66.71471363771235, -54.8838256885889 ], [ -66.714426314041873, -54.884071685231163 ], [ -66.7409075573064, -54.969772974043678 ], [ -66.740890391790174, -54.969814178971035 ], [ -66.74212338030776, -54.974848738024775 ], [ -66.742657535268108, -54.976458063504595 ], [ -66.744089309648587, -54.977525152291776 ], [ -66.744434403309526, -54.977555344074631 ], [ -66.744559757797845, -54.977551386622679 ], [ -66.747937261081745, -54.974905011948067 ], [ -66.749088905495512, -54.974694556178008 ], [ -66.763141630999769, -54.963580951999916 ], [ -66.783691236999971, -54.958645427999841 ], [ -66.794641804999912, -54.957564334999915 ], [ -66.804923949999875, -54.957184156999915 ], [ -66.817901741999776, -54.95665095499993 ], [ -66.821352566999906, -54.953593780999938 ], [ -66.82531088199994, -54.954071453999859 ], [ -66.843531285999916, -54.949648435999904 ], [ -66.853181008999798, -54.947744634999935 ], [ -66.860325547999935, -54.946434401999909 ], [ -66.871895676999884, -54.94413538099991 ], [ -66.890817249999941, -54.943748444999869 ], [ -66.91451325700001, -54.943319315 ], [ -66.922817872292512, -54.942946680671184 ], [ -66.951237614191257, -54.937753151668062 ], [ -66.955143717999931, -54.935167536999984 ], [ -66.963504441999987, -54.936112996999896 ], [ -66.969121791999896, -54.932274899999925 ], [ -66.9779540319999, -54.931911582999874 ], [ -66.980016881999859, -54.929405336 ], [ -66.991020619999858, -54.92985088 ], [ -66.994894663000025, -54.927514045 ], [ -67.000999176, -54.925948661999882 ], [ -67.013696255999946, -54.924830401 ], [ -67.031668296999953, -54.924173993999887 ], [ -67.042151193999928, -54.922314868999877 ], [ -67.057874623999965, -54.91965034899988 ], [ -67.064385608999828, -54.916811674999906 ], [ -67.076196869999933, -54.915696223 ], [ -67.083120179, -54.912094178999951 ], [ -67.093197803999828, -54.911750129999803 ], [ -67.101968097, -54.911671966999904 ], [ -67.104108502999907, -54.909628353000016 ], [ -67.106226163999906, -54.906827991999876 ], [ -67.114114444999927, -54.906756302999895 ], [ -67.119971115999931, -54.905586543999902 ], [ -67.126681530999861, -54.901330557999927 ], [ -67.136203423999973, -54.901224306000017 ], [ -67.136257494999825, -54.89871174599989 ], [ -67.157736261000025, -54.893760681999936 ], [ -67.166539166999883, -54.894939896999801 ], [ -67.172211279999885, -54.894126793999874 ], [ -67.17993316299993, -54.896985345999951 ], [ -67.181897935999871, -54.895548728999813 ], [ -67.200719775999858, -54.894354386999851 ], [ -67.212069823999911, -54.892724478999924 ], [ -67.225266587999897, -54.893169093999859 ], [ -67.230689046, -54.890064645999928 ], [ -67.236324403999902, -54.889735316999861 ], [ -67.248235258999898, -54.88730912099993 ], [ -67.254362810999908, -54.885219617999894 ], [ -67.25815015400002, -54.886597253999923 ], [ -67.267509257999905, -54.885279221999838 ], [ -67.272606418999771, -54.882676547999893 ], [ -67.275513586999864, -54.881560295999975 ], [ -67.2780891459999, -54.882096617999935 ], [ -67.280699724999977, -54.881199753999908 ], [ -67.282439402999785, -54.8815744179999 ], [ -67.282403227999964, -54.882701882999925 ], [ -67.279358625999862, -54.884212033999916 ], [ -67.278798887, -54.885477106999872 ], [ -67.2768450559999, -54.885584240999947 ], [ -67.275139007999883, -54.886557029999892 ], [ -67.275619120999977, -54.887333603 ], [ -67.272629896000012, -54.887973944999885 ], [ -67.273565827999903, -54.88900420899995 ], [ -67.275087244999838, -54.889597974999958 ], [ -67.277551768000023, -54.888789507999945 ], [ -67.281226381999943, -54.888360877999901 ], [ -67.287183987999867, -54.886300411999969 ], [ -67.288645742999904, -54.884720166999955 ], [ -67.287921689999962, -54.883338595999874 ], [ -67.288632435999887, -54.882029921000026 ], [ -67.286659153999949, -54.881659105999802 ], [ -67.286165745999881, -54.880318825999836 ], [ -67.287800675999904, -54.879561934999913 ], [ -67.289930821999917, -54.877890595999929 ], [ -67.289833410000028, -54.877194948999829 ], [ -67.288601047999862, -54.876384344999906 ], [ -67.280781524999895, -54.876683128999844 ], [ -67.273532166999871, -54.880890589999808 ], [ -67.272556249999866, -54.881026131999931 ], [ -67.271706954000024, -54.880296272999942 ], [ -67.276405211, -54.876513852999892 ], [ -67.277681666999854, -54.874068099999931 ], [ -67.275826160999884, -54.872524067999905 ], [ -67.277482013999929, -54.872333041 ], [ -67.27895822499994, -54.87140428299989 ], [ -67.279147648999981, -54.872748570999818 ], [ -67.282047641999952, -54.873848808 ], [ -67.285463402999881, -54.872464822999973 ], [ -67.2915639269998, -54.872356953 ], [ -67.294994924999969, -54.873755041999971 ], [ -67.29315542, -54.875076756999988 ], [ -67.294920510999873, -54.876057270999866 ], [ -67.293394980999778, -54.877765743 ], [ -67.292045710999844, -54.878128212999968 ], [ -67.289719969999908, -54.880671946 ], [ -67.288741355000013, -54.88085492099998 ], [ -67.291727467999806, -54.88216993899988 ], [ -67.291980126999931, -54.883078134999892 ], [ -67.290669611999874, -54.882268065999824 ], [ -67.291271242, -54.884476680999967 ], [ -67.292119445999845, -54.885118780999903 ], [ -67.293130732, -54.886193440999989 ], [ -67.295268672999896, -54.887082081999893 ], [ -67.295771785999875, -54.888509654999893 ], [ -67.296533287999978, -54.888849086 ], [ -67.300373796999963, -54.889099600999828 ], [ -67.301967556999841, -54.889052067999899 ], [ -67.303136359999826, -54.888749845999939 ], [ -67.306152150999878, -54.885880129999919 ], [ -67.310999460999767, -54.884098408999932 ], [ -67.312527410999962, -54.880813837999938 ], [ -67.317799870999863, -54.881262373000027 ], [ -67.323104094999962, -54.87887941799994 ], [ -67.324175355999955, -54.875127654999858 ], [ -67.329837493000014, -54.874055646999977 ], [ -67.329477715, -54.876586170999815 ], [ -67.323568821999856, -54.884084764999955 ], [ -67.316510009999888, -54.884727369000018 ], [ -67.316665556999965, -54.887199029999977 ], [ -67.323589273999858, -54.886819752999941 ], [ -67.325621822999835, -54.884539811999957 ], [ -67.330135853, -54.883149093999805 ], [ -67.3338119739999, -54.882453538 ], [ -67.337182461999873, -54.875874720000013 ], [ -67.339965660999781, -54.874134137999988 ], [ -67.341596690999893, -54.871904236999853 ], [ -67.345069291999891, -54.871429158999888 ], [ -67.3473009679999, -54.870580362999931 ], [ -67.348021922999862, -54.869747497999924 ], [ -67.350270417, -54.869417316999886 ], [ -67.351788696000028, -54.869616847999964 ], [ -67.352665479999928, -54.869000905999883 ], [ -67.35220174199992, -54.86737655099995 ], [ -67.353409012999975, -54.867223055999887 ], [ -67.354112099999895, -54.868753389999938 ], [ -67.354272657999843, -54.869590605999917 ], [ -67.353916125000012, -54.870331745999863 ], [ -67.352768824999941, -54.87190829199983 ], [ -67.357612504999963, -54.872723401999963 ], [ -67.358414104999952, -54.871844861999932 ], [ -67.360628107999901, -54.870690728999989 ], [ -67.364810480000017, -54.869645540999841 ], [ -67.365958499999863, -54.870024573999956 ], [ -67.361394632999748, -54.871074532999955 ], [ -67.360982326999988, -54.872163888999864 ], [ -67.363623640999947, -54.872437519999949 ], [ -67.366714950999835, -54.872402652999881 ], [ -67.367898308999884, -54.871739589000015 ], [ -67.371546219999914, -54.870654972999887 ], [ -67.374510293999833, -54.871316867999838 ], [ -67.378425401999948, -54.87140258699992 ], [ -67.380289026999947, -54.870903657999861 ], [ -67.381204944999979, -54.87115380899985 ], [ -67.377635207000026, -54.872453949999965 ], [ -67.366550985999879, -54.874272120999933 ], [ -67.355974780999816, -54.880079106999915 ], [ -67.353780132999873, -54.879757791999964 ], [ -67.350716305999867, -54.880485948 ], [ -67.34925819, -54.879546913000013 ], [ -67.348151218999817, -54.87933259499988 ], [ -67.347324625999818, -54.880850371999941 ], [ -67.341595830999836, -54.883263098999919 ], [ -67.341513447000011, -54.884452958999873 ], [ -67.342423082999801, -54.884789050999871 ], [ -67.344068256999833, -54.884424406999983 ], [ -67.347741533999852, -54.883775734999972 ], [ -67.349917715999936, -54.883490879000021 ], [ -67.354522780000025, -54.882662451999863 ], [ -67.360624450999865, -54.881541751999862 ], [ -67.365215989999911, -54.882608428000026 ], [ -67.372999891999825, -54.885783089999961 ], [ -67.377607289000025, -54.886916177999922 ], [ -67.385081937999871, -54.887590263999925 ], [ -67.389271429000019, -54.888962826999887 ], [ -67.39212014200001, -54.888407837999978 ], [ -67.390387680999766, -54.890689335999923 ], [ -67.394192057999931, -54.891601353999988 ], [ -67.396503683999811, -54.89084092399986 ], [ -67.402213550999988, -54.889844732999848 ], [ -67.409712792999983, -54.891161600999908 ], [ -67.412521825999818, -54.886826420999967 ], [ -67.415980864999824, -54.88316212799981 ], [ -67.420237672999804, -54.881871774 ], [ -67.422060133999935, -54.882063843999902 ], [ -67.422788689000015, -54.882875782999861 ], [ -67.422877282999877, -54.883967336999831 ], [ -67.421050745, -54.884449831999973 ], [ -67.422981362999963, -54.886834262999912 ], [ -67.427038472999755, -54.886351252999987 ], [ -67.426703567999823, -54.885574424000026 ], [ -67.425722484999824, -54.884807691999811 ], [ -67.425676179, -54.883462816000019 ], [ -67.428514468999822, -54.882394782999825 ], [ -67.441386519999867, -54.8827917079999 ], [ -67.442709071000024, -54.880852652999863 ], [ -67.444403604, -54.879318082999816 ], [ -67.439458521999939, -54.87583719600002 ], [ -67.441081737999866, -54.872028015999888 ], [ -67.449967927999865, -54.86982279699987 ], [ -67.45055438799983, -54.867366628999946 ], [ -67.45939534099989, -54.867797074999942 ], [ -67.456280817999868, -54.869312144999981 ], [ -67.457397427999979, -54.870950393999806 ], [ -67.460042976000011, -54.870413344999861 ], [ -67.46681866900002, -54.868940055999929 ], [ -67.469915476999915, -54.869659942999874 ], [ -67.473590663999914, -54.868494756000018 ], [ -67.478627496, -54.868290790999936 ], [ -67.48299816399981, -54.867985359999977 ], [ -67.490029784, -54.868404039999973 ], [ -67.493533577999926, -54.869904079999912 ], [ -67.493473509999831, -54.866846647999807 ], [ -67.495526981000012, -54.863029675 ], [ -67.494129641999791, -54.860772693999877 ], [ -67.501319677999959, -54.857128187999876 ], [ -67.503552843999898, -54.855884012999866 ], [ -67.505244861999756, -54.855402980999941 ], [ -67.50820557399993, -54.85581445299988 ], [ -67.509111027999893, -54.857849036 ], [ -67.510799785999893, -54.859708336999915 ], [ -67.512596074999863, -54.860367614999859 ], [ -67.514894489000028, -54.861334142999965 ], [ -67.51742526799984, -54.861590554999964 ], [ -67.522496048999983, -54.865104128999974 ], [ -67.526791646999868, -54.86684345499981 ], [ -67.529318560999798, -54.867061551999825 ], [ -67.533630152, -54.868314449000025 ], [ -67.540828099999885, -54.868888080999966 ], [ -67.543989351999869, -54.869752060999872 ], [ -67.54671161999994, -54.869971468999893 ], [ -67.552074951999884, -54.870518816999891 ], [ -67.560749306999867, -54.870215244 ], [ -67.561241570999925, -54.871120718999862 ], [ -67.561009216999878, -54.872168115000022 ], [ -67.5633043119999, -54.873432887999854 ], [ -67.565558600999907, -54.874060676999932 ], [ -67.569137178999881, -54.873988794999946 ], [ -67.570540503999894, -54.872955688 ], [ -67.573666381999885, -54.872880503999909 ], [ -67.582495666999989, -54.875307826999915 ], [ -67.586349696999832, -54.876627897 ], [ -67.591876020999848, -54.87845555899986 ], [ -67.597212032999778, -54.880319420999911 ], [ -67.603788249999866, -54.882043790000012 ], [ -67.608068823999929, -54.882580352999923 ], [ -67.612134063999861, -54.883414979999884 ], [ -67.617206863999911, -54.88351190599991 ], [ -67.621982567999908, -54.884690103999958 ], [ -67.627817978999815, -54.885245379999901 ], [ -67.632328739999821, -54.884657181999899 ], [ -67.639276523999854, -54.885185135999961 ], [ -67.644035498999983, -54.884789341999806 ], [ -67.65261389099993, -54.885184361999904 ], [ -67.65656377, -54.885752152999885 ], [ -67.665015054999913, -54.885921857999904 ], [ -67.673331753999946, -54.888225287999887 ], [ -67.677216093999903, -54.8868794 ], [ -67.679840200999877, -54.888183312999956 ], [ -67.685307561999821, -54.888244179999845 ], [ -67.688867518999928, -54.888805764999859 ], [ -67.691208811000024, -54.888681463999887 ], [ -67.693709189999879, -54.887847237999949 ], [ -67.698738947999914, -54.887299407999933 ], [ -67.703163808999932, -54.88738412999993 ], [ -67.70880589, -54.885870071999875 ], [ -67.710817428999917, -54.884128157999896 ], [ -67.711558798999818, -54.883197766000023 ], [ -67.714758244999928, -54.882745111999952 ], [ -67.718449655999848, -54.881432344999951 ], [ -67.722230995999894, -54.881022038999959 ], [ -67.73326042899987, -54.881963352999833 ], [ -67.739181915999893, -54.881911853999839 ], [ -67.741409142999885, -54.881485251999891 ], [ -67.744313079999984, -54.880314895999959 ], [ -67.748036317999833, -54.879678963999936 ], [ -67.750940291999882, -54.880496001999859 ], [ -67.755189211999891, -54.882002180999848 ], [ -67.757752303999951, -54.880986514000028 ], [ -67.761527355999931, -54.881054123000013 ], [ -67.763316120999946, -54.880021531999944 ], [ -67.769069243, -54.877396272999874 ], [ -67.770628081641121, -54.877127942369725 ], [ -67.766231139312197, -54.877445703653621 ], [ -67.771608214890875, -54.876202634554204 ], [ -67.77400456078982, -54.875754633152098 ], [ -67.774061407999795, -54.875331323000012 ], [ -67.780013664999956, -54.874264808999953 ], [ -67.780345764922743, -54.874292890441211 ], [ -67.782470268864586, -54.872421191735953 ], [ -67.775731816338464, -54.872977344229696 ], [ -67.776017761110438, -54.872765693854092 ], [ -67.776849399113132, -54.872406556781129 ], [ -67.776891629021236, -54.872361286311275 ], [ -67.776915275055444, -54.872384128954138 ], [ -67.781887665976342, -54.869965795580299 ], [ -67.777098243636601, -54.868601334460493 ], [ -67.754149596280001, -54.84938002750738 ], [ -67.736880470732217, -54.848044106566931 ], [ -67.73497113437935, -54.857535295019431 ], [ -67.73495682273284, -54.857540983437957 ], [ -67.732255167563721, -54.857658345813093 ], [ -67.700074396320019, -54.856512342262533 ], [ -67.70005616524702, -54.856518588436074 ], [ -67.680550611790352, -54.854631151938747 ], [ -67.66594006826756, -54.85174706844424 ], [ -67.662739629425118, -54.854037637011686 ], [ -67.662713955585673, -54.8540422421475 ], [ -67.661595481996471, -54.853230067279355 ], [ -67.661569048149659, -54.853235008731303 ], [ -67.66129065890118, -54.853765000688213 ], [ -67.609431036248964, -54.833147329027952 ], [ -67.569849627769827, -54.834417621973273 ], [ -67.569829153613398, -54.83441468827732 ], [ -67.567393721319775, -54.834452654597442 ], [ -67.567373041401027, -54.834447251876782 ], [ -67.567339941224475, -54.834455750148038 ], [ -67.567318603793353, -54.83445381719946 ], [ -67.565937095841662, -54.834445982933971 ], [ -67.565193630420879, -54.834605671807196 ], [ -67.565172069368657, -54.834599507763585 ], [ -67.539860910714083, -54.835007593262617 ], [ -67.539827520034862, -54.835001566740459 ], [ -67.529745675372112, -54.835704685010285 ], [ -67.540444189810444, -54.782858076880757 ], [ -67.541678619244578, -54.770210134147419 ], [ -67.547985739437991, -54.751148483915244 ], [ -67.572427478085615, -54.796490311394791 ], [ -67.629658495958665, -54.743908687035173 ], [ -67.63350368637424, -54.740130420224318 ], [ -67.635557187556174, -54.741947752460987 ], [ -67.635604698394445, -54.741933971338369 ], [ -67.63641778888973, -54.742446407157729 ], [ -67.636467033118151, -54.742437201612063 ], [ -67.637846408370478, -54.740741515852449 ], [ -67.637894882472722, -54.740732821016479 ], [ -67.659370036230257, -54.728442264082332 ], [ -67.666374816174653, -54.706529384123257 ], [ -67.691174357022305, -54.72726087789232 ], [ -67.700606081700585, -54.722509337371207 ], [ -67.701190553097263, -54.722241326364554 ], [ -67.732581436662485, -54.70492691770545 ], [ -67.720630129403276, -54.676456789795338 ], [ -67.731351580296575, -54.652197702825958 ], [ -67.731323205539184, -54.65218330289008 ], [ -67.724780872694225, -54.647487768962151 ], [ -67.724744653344317, -54.647481552221734 ], [ -67.724454919359857, -54.647499388559197 ], [ -67.724419490886078, -54.64749082373379 ], [ -67.717040204489763, -54.639542860403594 ], [ -67.70366368004477, -54.633183267764309 ], [ -67.701416430728955, -54.632666121598788 ], [ -67.70138813459829, -54.632650511088229 ], [ -67.701360687965689, -54.63264957789886 ], [ -67.703206332973878, -54.631434319405912 ], [ -67.703281366730153, -54.63141824604503 ], [ -67.707917963122043, -54.607702301085624 ], [ -67.706108774961876, -54.606312908985672 ], [ -67.702272851539931, -54.605008858670715 ], [ -67.702217596772812, -54.604989079492725 ], [ -67.700005045779619, -54.604035372338217 ], [ -67.699948013178243, -54.604021118419894 ], [ -67.690712615479185, -54.602839216653251 ], [ -67.684086172069442, -54.603608469675919 ], [ -67.645703950930567, -54.597820827203634 ], [ -67.643181793508347, -54.599367385299161 ], [ -67.64301797859622, -54.599385000882648 ], [ -67.642461026276067, -54.59947202061079 ], [ -67.642440745274541, -54.59945818327509 ], [ -67.642387311783693, -54.599462767588705 ], [ -67.639110383286322, -54.599256740742817 ], [ -67.638153657854218, -54.599196587640733 ], [ -67.634085588970663, -54.599976172093193 ], [ -67.632908693401305, -54.599933763519061 ], [ -67.6310641964767, -54.600187035229567 ], [ -67.630049544317956, -54.600170743155047 ], [ -67.62715946400192, -54.600124327853166 ], [ -67.626916507792089, -54.600120426828028 ], [ -67.62503292232185, -54.600565515995584 ], [ -67.624302383052225, -54.600730353842778 ], [ -67.622792011095328, -54.601082752365414 ], [ -67.621617210422187, -54.601345947615357 ], [ -67.620212031372546, -54.601660755445835 ], [ -67.619571403877046, -54.601807937319109 ], [ -67.61621104397409, -54.602557702110516 ], [ -67.616094505396916, -54.602584234047811 ], [ -67.615565673646074, -54.602701697232305 ], [ -67.616598459893453, -54.602160461316316 ], [ -67.620933625163957, -54.599888609337313 ], [ -67.622318477446754, -54.599162874745161 ], [ -67.622368850789314, -54.599919579130813 ], [ -67.623725408119412, -54.599364823487065 ], [ -67.624891651728205, -54.598887888716092 ], [ -67.62532225689813, -54.597508712274987 ], [ -67.625641399799576, -54.597338847603226 ], [ -67.627230893504418, -54.596316126520037 ], [ -67.62723523630217, -54.596300504380451 ], [ -67.627319149628875, -54.596218185327359 ], [ -67.627388136313925, -54.59623313217628 ], [ -67.62803973646254, -54.595332710320065 ], [ -67.62806799970167, -54.595331826849986 ], [ -67.629322319191886, -54.595411369863939 ], [ -67.629357177531745, -54.595411828665192 ], [ -67.634534405799172, -54.595398008384279 ], [ -67.639696859431126, -54.594625534460704 ], [ -67.640734294545553, -54.594560806471236 ], [ -67.640812257108905, -54.594564468571662 ], [ -67.641740485285027, -54.59437373718896 ], [ -67.641741408133555, -54.594373706984925 ], [ -67.688566213086119, -54.596759689107103 ], [ -67.688566866013957, -54.596760077413933 ], [ -67.688569277070314, -54.596759772739517 ], [ -67.714952996557656, -54.592813916470845 ], [ -67.719525134059609, -54.592610094608801 ], [ -67.720287234539285, -54.593242111514257 ], [ -67.720314001264398, -54.593247782962749 ], [ -67.721545946966671, -54.593159189326343 ], [ -67.7247172734576, -54.593621957248502 ], [ -67.724737204645237, -54.593630485898473 ], [ -67.727712939442711, -54.594621401636402 ], [ -67.727766895067589, -54.594608129527103 ], [ -67.737122509076755, -54.600378060484218 ], [ -67.737163029729572, -54.600393326050835 ], [ -67.746089073457256, -54.602965655153866 ], [ -67.757548846227451, -54.607659253057079 ], [ -67.76434169894867, -54.603238639042274 ], [ -67.764382526374391, -54.603249355765854 ], [ -67.807528405150265, -54.610403303835255 ], [ -67.795343416682499, -54.631434491000448 ], [ -67.79663734412469, -54.635974259342959 ], [ -67.80671285228874, -54.649795271800144 ], [ -67.806865154488548, -54.64986205683266 ], [ -67.806881365112247, -54.64987063776249 ], [ -67.808116850170848, -54.651281978465136 ], [ -67.80857481426284, -54.65167739950698 ], [ -67.808889805080355, -54.652155923567705 ], [ -67.808897796770793, -54.652176171496365 ], [ -67.808979579149593, -54.652577011833387 ], [ -67.808988266891788, -54.652597524318594 ], [ -67.810282713902325, -54.654310986991845 ], [ -67.811915968914661, -54.655770786913536 ], [ -67.814411866540354, -54.655608196421326 ], [ -67.816237419993229, -54.655512501685905 ], [ -67.859478782922395, -54.632252337421733 ], [ -67.859499626351237, -54.632260932595443 ], [ -67.8595900513169, -54.632276728593013 ], [ -67.859609038528447, -54.632289020583016 ], [ -67.859977042457899, -54.633139247902591 ], [ -67.859995571174409, -54.633153095271609 ], [ -67.861220809762699, -54.632958946020835 ], [ -67.881775095181354, -54.640195353515537 ], [ -67.904600209091655, -54.641856985115226 ], [ -67.904621611382368, -54.641855566603169 ], [ -67.908184452116188, -54.640213922868725 ], [ -67.938607652324436, -54.651538463465101 ], [ -67.941049007088623, -54.65064782302602 ], [ -67.943402205458312, -54.649789347282479 ], [ -67.944525982995742, -54.649538978781834 ], [ -67.948305714473747, -54.650484439720913 ], [ -67.948331762968678, -54.650483153018342 ], [ -67.963824646357239, -54.655752005443901 ], [ -67.963873191549283, -54.655763017564425 ], [ -67.974291724384159, -54.663799384319532 ], [ -67.97878979090882, -54.662529032813211 ], [ -67.983073274384367, -54.661319284212027 ], [ -67.987157172304364, -54.660165902899053 ], [ -67.991055116387884, -54.659065038980827 ], [ -67.991083358385595, -54.659061368465473 ], [ -67.99835692308983, -54.655638129072088 ], [ -68.000184069027512, -54.653786730277091 ], [ -68.000208253516405, -54.653774381403537 ], [ -68.040474384445872, -54.680006064188433 ], [ -68.042496081030322, -54.678892467916057 ], [ -68.042531341481947, -54.67888368862657 ], [ -68.043307015544713, -54.678915126666823 ], [ -68.043343880422526, -54.678912363131133 ], [ -68.046780241283102, -54.678298882838419 ], [ -68.05013996640696, -54.677699081812534 ], [ -68.050580111951774, -54.677693834083868 ], [ -68.050616058445144, -54.677689573027919 ], [ -68.056481809411594, -54.675585203045443 ], [ -68.056515640345822, -54.675576412310306 ], [ -68.058883613287094, -54.675855597886311 ], [ -68.061313450776368, -54.676142075255314 ], [ -68.074706691015876, -54.67461348717876 ], [ -68.092969197685761, -54.665790846376296 ], [ -68.097268228310838, -54.646035279478554 ], [ -68.120227454137648, -54.643709498861313 ], [ -68.129845075538185, -54.642577286195376 ], [ -68.12988171201539, -54.642561382248402 ], [ -68.162012639431111, -54.638670706798848 ], [ -68.162057161252164, -54.638658034859702 ], [ -68.195311177773704, -54.619916390280082 ], [ -68.306370739247882, -54.644931230776592 ], [ -68.306394418684533, -54.644945423534296 ], [ -68.306398857774582, -54.644947454425733 ], [ -68.306399139177927, -54.644947336184259 ], [ -68.306406070734681, -54.644949012589109 ], [ -68.306406111349304, -54.64494900279243 ], [ -68.306415770527849, -54.644951210125498 ], [ -68.306494383714835, -54.644943231893365 ], [ -68.306494451951096, -54.644943229498438 ], [ -68.306497238584598, -54.644943944954093 ], [ -68.306500922043028, -54.644945290661497 ], [ -68.331979180269116, -54.655861211842023 ], [ -68.332384102281594, -54.6559818222525 ], [ -68.346407470211489, -54.660413863399754 ], [ -68.34641944637201, -54.660412895778734 ], [ -68.346903081849916, -54.659930141567884 ], [ -68.346914491709242, -54.659931470808601 ], [ -68.350591381667641, -54.660189022903012 ], [ -68.352857360148391, -54.66122820710217 ], [ -68.478934549791006, -54.767555641811214 ], [ -68.595493686538703, -54.807337213633161 ], [ -68.595629222782975, -54.804326701526804 ], [ -68.53069367135538, -54.782164232114326 ], [ -68.436749967633261, -54.702936634467164 ], [ -68.436729659711943, -54.702913066261885 ], [ -68.307569224035149, -54.389716435218759 ], [ -68.307236539710516, -54.39000455294655 ], [ -68.305318110356211, -54.391527203031615 ], [ -68.259829772500666, -54.416388558398808 ], [ -68.133716084056516, -54.492774782637866 ], [ -68.115231932511335, -54.488121194632129 ], [ -68.115199569551123, -54.488124479058285 ], [ -68.069485657974781, -54.477827966165762 ], [ -68.026731765821012, -54.501923649483274 ], [ -68.026233958442333, -54.506323243087991 ], [ -68.007133584178291, -54.497720017592258 ], [ -68.004922334536957, -54.496885769114044 ], [ -67.998447750877972, -54.496016917788324 ], [ -67.997683895857563, -54.495974111671728 ], [ -67.984283262302313, -54.492048359564933 ], [ -67.969639569318701, -54.488944281883732 ], [ -67.934035341084211, -54.491663427756578 ], [ -67.93154725533725, -54.492699194663146 ], [ -67.923676319893218, -54.496421380780589 ], [ -67.884555103643891, -54.487629809394832 ], [ -67.884524042768703, -54.487638728108436 ], [ -67.861854408734928, -54.481352253248303 ], [ -67.849112436465703, -54.480211613335712 ], [ -67.796553199996652, -54.475079401541166 ], [ -67.720923789326037, -54.500846783820407 ], [ -67.720898148274841, -54.50083712392734 ], [ -67.714522149574066, -54.499048288173356 ], [ -67.714497069492154, -54.499054457420698 ], [ -67.688518737768391, -54.50006815189721 ], [ -67.675800718142341, -54.501970209974672 ], [ -67.675746101962659, -54.501977111577332 ], [ -67.675731311591164, -54.501968315501131 ], [ -67.661111141514539, -54.501223337183319 ], [ -67.661056415799806, -54.501225128308249 ], [ -67.606011683974486, -54.512535663885444 ], [ -67.605992247529855, -54.51253475090607 ], [ -67.605733609931519, -54.512550887907423 ], [ -67.604446585239543, -54.512743469397606 ], [ -67.60213261637449, -54.512749646390034 ], [ -67.592957469943428, -54.515017678701952 ], [ -67.588885846476671, -54.514990015335457 ], [ -67.579631226771426, -54.517100248718407 ], [ -67.579609944207618, -54.517102261997991 ], [ -67.576195571560106, -54.516927129640749 ], [ -67.554035022473215, -54.491619354979036 ], [ -67.546700287205681, -54.492362110446152 ], [ -67.468116112346479, -54.479977628064034 ], [ -67.468107896807908, -54.47997736101587 ], [ -67.466230434490569, -54.480348364891483 ], [ -67.447917963025759, -54.501620789644676 ], [ -67.447269092558599, -54.501652385839748 ], [ -67.44725681415872, -54.501650697071966 ], [ -67.446937756246257, -54.501663796334071 ], [ -67.446826079639038, -54.501891652356107 ], [ -67.446546861626473, -54.501808039717787 ], [ -67.446534410554762, -54.501806332641081 ], [ -67.444841010105904, -54.50187413605579 ], [ -67.444828361761324, -54.501872325015597 ], [ -67.442877324522101, -54.501262760575798 ], [ -67.442864898296705, -54.501262769908408 ], [ -67.439330956019944, -54.502460668945162 ], [ -67.439318087962192, -54.502462531296601 ], [ -67.437636082533686, -54.502309642977082 ], [ -67.428510991086682, -54.502571652632014 ], [ -67.41197945671496, -54.496313206134971 ], [ -67.406778422557977, -54.491302509547722 ], [ -67.406415460893072, -54.489877765178221 ], [ -67.400079294306749, -54.478485300428702 ], [ -67.403246843269073, -54.450782753251076 ], [ -67.410777814700339, -54.439899839298221 ], [ -67.433727542252029, -54.438256620491302 ], [ -67.46158716819582, -54.423172082229257 ], [ -67.464093066915893, -54.421695516616012 ], [ -67.466759248892004, -54.420132411521593 ], [ -67.466795448684593, -54.420127890985839 ], [ -67.467762741220099, -54.419901531745438 ], [ -67.5105242223338, -54.380573546939956 ], [ -67.515170483479665, -54.377196824194698 ], [ -67.515202605570892, -54.377190411656215 ], [ -67.524929386663075, -54.371156197534845 ], [ -67.542843917926405, -54.364370669162042 ], [ -67.54936135153315, -54.362190314545899 ], [ -67.549374870169345, -54.362182885217635 ], [ -67.546325764995061, -54.361444158837855 ], [ -67.546289244566935, -54.36142931383722 ], [ -67.54575320140259, -54.357787458400537 ], [ -67.545740512412124, -54.356707718001758 ], [ -67.549095075684761, -54.360026936042004 ], [ -67.547562191930695, -54.353158635598163 ], [ -67.543592196754389, -54.352199257144434 ], [ -67.54146603037151, -54.351336536773374 ], [ -67.540510753658054, -54.351539351090366 ], [ -67.539254264473982, -54.351525172403854 ], [ -67.538043360534743, -54.351368598295267 ], [ -67.535703219103596, -54.3508352334498 ], [ -67.535676085290447, -54.35085749746122 ], [ -67.534886552246689, -54.351062785503984 ], [ -67.529353224732461, -54.350072893381821 ], [ -67.520888394683027, -54.348831266586956 ], [ -67.520851960010873, -54.348822594184071 ], [ -67.517123047776863, -54.350629136118414 ], [ -67.505477616353573, -54.348929823213268 ], [ -67.497734671893681, -54.343545617369898 ], [ -67.501445284238798, -54.337225598823409 ], [ -67.496426711433912, -54.334008555569312 ], [ -67.439850924036932, -54.328277838505244 ], [ -67.438815793373635, -54.326607367901602 ], [ -67.392792677955129, -54.116133121690211 ], [ -67.430602354000371, -54.115108951977618 ], [ -67.39055473407717, -54.111911926765401 ], [ -67.390552495682812, -54.111909095417786 ], [ -67.390547777371467, -54.111897064294169 ], [ -67.39054820151307, -54.111892136315419 ], [ -67.390550825661535, -54.11188783758837 ], [ -67.390551037882517, -54.111885371853361 ], [ -67.402316145154487, -54.073721563514823 ], [ -67.387532251275161, -54.022214782215656 ], [ -67.403089593681955, -54.007647215281565 ], [ -67.408493817227054, -54.0051110353063 ], [ -67.402560064558088, -53.997616440205718 ], [ -67.400504844990337, -53.998186185297868 ], [ -67.398875135238029, -53.998637971662902 ], [ -67.398814953972987, -53.998650213257122 ], [ -67.394302244839139, -53.999265666700694 ], [ -67.398438819226271, -53.997522088837286 ], [ -67.39848642646291, -53.997512404951806 ], [ -67.400028197333086, -53.997512163578108 ], [ -67.402427120780601, -53.997511779503213 ], [ -67.402705574713309, -53.997502790595433 ], [ -67.402855762735157, -53.997508625488194 ], [ -67.402937891989041, -53.99751169929857 ], [ -67.406683592897252, -53.998482407524648 ], [ -67.409108686720231, -53.998651267166963 ], [ -67.409100810973882, -53.998636497059181 ], [ -67.417972618813451, -54.000374723384823 ], [ -67.420657738805858, -53.99916096964489 ], [ -67.422433611089104, -53.997179461948122 ], [ -67.427297906519129, -53.991751932424108 ], [ -67.429609467878151, -53.990582471006064 ], [ -67.430289109378577, -53.990244571330209 ], [ -67.432977438642922, -53.9888898408974 ], [ -67.438018737596224, -53.98639543631549 ], [ -67.438028888456586, -53.986392049870119 ], [ -67.438342730250099, -53.986139950366464 ], [ -67.429815290999898, -53.986526118999961 ], [ -67.426208327999973, -53.987763117999975 ] ], [ [ -67.349269175126949, -54.14731411142634 ], [ -67.333676165868383, -54.26397894586114 ], [ -67.300059361654405, -54.249800484950697 ], [ -67.285338567574399, -54.245407291703373 ], [ -67.279428173283691, -54.240625129355578 ], [ -67.279408561202501, -54.240616493996924 ], [ -67.276865375918817, -54.240324814328631 ], [ -67.276847874694852, -54.240314083256294 ], [ -67.272443863449496, -54.240251335463199 ], [ -67.272423008146063, -54.240239685413655 ], [ -67.266294581934403, -54.233073569631642 ], [ -67.260218329750217, -54.217796997301036 ], [ -67.261302916291697, -54.209520422576247 ], [ -67.268015180268605, -54.195431829210747 ], [ -67.275056180872866, -54.195031041858272 ], [ -67.277811846901272, -54.193825258754941 ], [ -67.278336793072015, -54.193270433656039 ], [ -67.349269175126949, -54.14731411142634 ] ] ], [ [ [ -68.592229755899552, -54.846697436303259 ], [ -68.596232594729372, -54.852973911940296 ], [ -68.596229361999974, -54.852605839999967 ], [ -68.596211110999889, -54.850527777999901 ], [ -68.595990934999861, -54.838680711999928 ], [ -68.595771832999787, -54.826891497999895 ], [ -68.595647998089362, -54.820228297360643 ], [ -68.592367094537224, -54.838943626585262 ], [ -68.592229755899552, -54.846697436303259 ] ] ], [ [ [ -68.591567962605211, -54.858479714399891 ], [ -68.591502057090054, -54.858481926928107 ], [ -68.590960256948051, -54.858468529272443 ], [ -68.590894219535471, -54.858467792437807 ], [ -68.590611619994377, -54.858472091832994 ], [ -68.587535975694948, -54.858770383266403 ], [ -68.587470173262432, -54.858777661231215 ], [ -68.586083786870006, -54.858950692184067 ], [ -68.580496358541438, -54.859872999877382 ], [ -68.5725636597993, -54.859987623691723 ], [ -68.572462946778273, -54.860006587128623 ], [ -68.562790111555159, -54.862967685475837 ], [ -68.560951053750728, -54.863553590015727 ], [ -68.560671321503037, -54.863585433644175 ], [ -68.556314779264824, -54.862488903596784 ], [ -68.555641977999869, -54.86280661499984 ], [ -68.554951934999963, -54.862759026 ], [ -68.554404658999886, -54.862973177999947 ], [ -68.553809792999971, -54.863211123999918 ], [ -68.553238722999879, -54.863092150999933 ], [ -68.552881803999924, -54.863234917999932 ], [ -68.552191760000028, -54.863353890999917 ], [ -68.551596894999932, -54.863353890999917 ], [ -68.55107341299987, -54.863306301999899 ], [ -68.550288191, -54.863425274999884 ], [ -68.549907476999863, -54.863092150999933 ], [ -68.549740914999859, -54.863472865 ], [ -68.549241227999971, -54.863568042999873 ], [ -68.549345364999965, -54.864388524999811 ], [ -68.545821290999982, -54.865261129999908 ], [ -68.545583907999969, -54.865319908999879 ], [ -68.54490855799088, -54.865487134229284 ], [ -68.561048266562921, -54.869549455417598 ], [ -68.561924224378174, -54.869449739795016 ], [ -68.563055952278376, -54.869089183224446 ], [ -68.569008466222783, -54.867266969020591 ], [ -68.56907044373952, -54.867255298644636 ], [ -68.573952104273189, -54.867184761392593 ], [ -68.590403056429068, -54.864469229515635 ], [ -68.591256217147077, -54.864362748724432 ], [ -68.59129671095252, -54.864358269976719 ], [ -68.593189415306313, -54.864174706292374 ], [ -68.593363322594087, -54.864172060231795 ], [ -68.593403961002821, -54.86417251366845 ], [ -68.593737376591719, -54.86418075865862 ], [ -68.593777933831518, -54.864179397102703 ], [ -68.595726086679804, -54.863996321070431 ], [ -68.596323877810732, -54.863873222569055 ], [ -68.596328311974332, -54.863872158658694 ], [ -68.596285369999976, -54.858982796000021 ], [ -68.596268619506304, -54.857075619147054 ], [ -68.595730357657487, -54.857858425462837 ], [ -68.595479069026737, -54.85796780236069 ], [ -68.595332065804314, -54.858025596513755 ], [ -68.594999101939493, -54.858125402638677 ], [ -68.594935502350438, -54.858140662396011 ], [ -68.594733710988123, -54.858182215729585 ], [ -68.591567962605211, -54.858479714399891 ] ] ], [ [ [ -68.536319585400406, -54.868329040119647 ], [ -68.536358777615135, -54.868331181550218 ], [ -68.536408918278426, -54.868326065433962 ], [ -68.540973967351306, -54.868024386678428 ], [ -68.54103575396249, -54.868004259704207 ], [ -68.54486863468037, -54.865506284617766 ], [ -68.54489595621385, -54.865490254589076 ], [ -68.543193250999877, -54.865911865999919 ], [ -68.541979551, -54.866727692999916 ], [ -68.537989557, -54.866838260999828 ], [ -68.534164914894291, -54.867914919934094 ], [ -68.536319585400406, -54.868329040119647 ] ] ], [ [ [ -68.51426435299993, -54.866935778999903 ], [ -68.508719339872414, -54.867873280998197 ], [ -68.517911775543951, -54.867731426138846 ], [ -68.516789720999896, -54.866125722999868 ], [ -68.51426435299993, -54.866935778999903 ] ] ], [ [ [ -68.503873920999979, -54.867554681999877 ], [ -68.503064837894783, -54.867960539545493 ], [ -68.506369015429357, -54.86790955048707 ], [ -68.503873920999979, -54.867554681999877 ] ] ] ] } },
{ "type": "Feature", "properties": { "Name": "USH : 0 - 60", "FromBreak": 0.0, "ToBreak": 60.0, "IATA": "USH" }, "geometry": { "type": "MultiPolygon", "coordinates": [ [ [ [ -67.714952996557656, -54.592813916470845 ], [ -67.688569277070314, -54.596759772739517 ], [ -67.688566866013957, -54.596760077413933 ], [ -67.688566213086119, -54.596759689107103 ], [ -67.641741408133555, -54.594373706984925 ], [ -67.641740485285027, -54.59437373718896 ], [ -67.640812257108905, -54.594564468571662 ], [ -67.640734294545553, -54.594560806471236 ], [ -67.639696859431126, -54.594625534460704 ], [ -67.634534405799172, -54.595398008384279 ], [ -67.629357177531745, -54.595411828665192 ], [ -67.629322319191886, -54.595411369863939 ], [ -67.62806799970167, -54.595331826849986 ], [ -67.62803973646254, -54.595332710320065 ], [ -67.627388136313925, -54.59623313217628 ], [ -67.627319149628875, -54.596218185327359 ], [ -67.62723523630217, -54.596300504380451 ], [ -67.627230893504418, -54.596316126520037 ], [ -67.625641399799576, -54.597338847603226 ], [ -67.62532225689813, -54.597508712274987 ], [ -67.624891651728205, -54.598887888716092 ], [ -67.623725408119412, -54.599364823487065 ], [ -67.622368850789314, -54.599919579130813 ], [ -67.622318477446754, -54.599162874745161 ], [ -67.620933625163957, -54.599888609337313 ], [ -67.616598459893453, -54.602160461316316 ], [ -67.615565673646074, -54.602701697232305 ], [ -67.616094505396916, -54.602584234047811 ], [ -67.61621104397409, -54.602557702110516 ], [ -67.619571403877046, -54.601807937319109 ], [ -67.620212031372546, -54.601660755445835 ], [ -67.621617210422187, -54.601345947615357 ], [ -67.622792011095328, -54.601082752365414 ], [ -67.624302383052225, -54.600730353842778 ], [ -67.62503292232185, -54.600565515995584 ], [ -67.626916507792089, -54.600120426828028 ], [ -67.62715946400192, -54.600124327853166 ], [ -67.630049544317956, -54.600170743155047 ], [ -67.6310641964767, -54.600187035229567 ], [ -67.632908693401305, -54.599933763519061 ], [ -67.634085588970663, -54.599976172093193 ], [ -67.638153657854218, -54.599196587640733 ], [ -67.639110383286322, -54.599256740742817 ], [ -67.642387311783693, -54.599462767588705 ], [ -67.642440745274541, -54.59945818327509 ], [ -67.642461026276067, -54.59947202061079 ], [ -67.64301797859622, -54.599385000882648 ], [ -67.643181793508347, -54.599367385299161 ], [ -67.645703950930567, -54.597820827203634 ], [ -67.684086172069442, -54.603608469675919 ], [ -67.690712615479185, -54.602839216653251 ], [ -67.699948013178243, -54.604021118419894 ], [ -67.700005045779619, -54.604035372338217 ], [ -67.702217596772812, -54.604989079492725 ], [ -67.702272851539931, -54.605008858670715 ], [ -67.706108774961876, -54.606312908985672 ], [ -67.707917963122043, -54.607702301085624 ], [ -67.703281366730153, -54.63141824604503 ], [ -67.703206332973878, -54.631434319405912 ], [ -67.701360687965689, -54.63264957789886 ], [ -67.70138813459829, -54.632650511088229 ], [ -67.701416430728955, -54.632666121598788 ], [ -67.70366368004477, -54.633183267764309 ], [ -67.717040204489763, -54.639542860403594 ], [ -67.724419490886078, -54.64749082373379 ], [ -67.724454919359857, -54.647499388559197 ], [ -67.724744653344317, -54.647481552221734 ], [ -67.724780872694225, -54.647487768962151 ], [ -67.731323205539184, -54.65218330289008 ], [ -67.731351580296575, -54.652197702825958 ], [ -67.720630129403276, -54.676456789795338 ], [ -67.732581436662485, -54.70492691770545 ], [ -67.701190553097263, -54.722241326364554 ], [ -67.700606081700585, -54.722509337371207 ], [ -67.691174357022305, -54.72726087789232 ], [ -67.666374816174653, -54.706529384123257 ], [ -67.659370036230257, -54.728442264082332 ], [ -67.637894882472722, -54.740732821016479 ], [ -67.637846408370478, -54.740741515852449 ], [ -67.636467033118151, -54.742437201612063 ], [ -67.63641778888973, -54.742446407157729 ], [ -67.635604698394445, -54.741933971338369 ], [ -67.635557187556174, -54.741947752460987 ], [ -67.63350368637424, -54.740130420224318 ], [ -67.629658495958665, -54.743908687035173 ], [ -67.572427478085615, -54.796490311394791 ], [ -67.547985739437991, -54.751148483915244 ], [ -67.541678619244578, -54.770210134147419 ], [ -67.540444189810444, -54.782858076880757 ], [ -67.529745675372112, -54.835704685010285 ], [ -67.539827520034862, -54.835001566740459 ], [ -67.539860910714083, -54.835007593262617 ], [ -67.565172069368657, -54.834599507763585 ], [ -67.565193630420879, -54.834605671807196 ], [ -67.565937095841662, -54.834445982933971 ], [ -67.567318603793353, -54.83445381719946 ], [ -67.567339941224475, -54.834455750148038 ], [ -67.567373041401027, -54.834447251876782 ], [ -67.567393721319775, -54.834452654597442 ], [ -67.569829153613398, -54.83441468827732 ], [ -67.569849627769827, -54.834417621973273 ], [ -67.609431036248964, -54.833147329027952 ], [ -67.66129065890118, -54.853765000688213 ], [ -67.661569048149659, -54.853235008731303 ], [ -67.661595481996471, -54.853230067279355 ], [ -67.662713955585673, -54.8540422421475 ], [ -67.662739629425118, -54.854037637011686 ], [ -67.66594006826756, -54.85174706844424 ], [ -67.680550611790352, -54.854631151938747 ], [ -67.70005616524702, -54.856518588436074 ], [ -67.700074396320019, -54.856512342262533 ], [ -67.732255167563721, -54.857658345813093 ], [ -67.73495682273284, -54.857540983437957 ], [ -67.73497113437935, -54.857535295019431 ], [ -67.736880470732217, -54.848044106566931 ], [ -67.754149596280001, -54.84938002750738 ], [ -67.777098243636601, -54.868601334460493 ], [ -67.781887665976342, -54.869965795580299 ], [ -67.776915275055444, -54.872384128954138 ], [ -67.776891629021236, -54.872361286311275 ], [ -67.776849399113132, -54.872406556781129 ], [ -67.776017761110438, -54.872765693854092 ], [ -67.775731816338464, -54.872977344229696 ], [ -67.782470268864586, -54.872421191735953 ], [ -67.780345764922743, -54.874292890441211 ], [ -67.782026266999935, -54.874434989 ], [ -67.785564798999985, -54.873533109 ], [ -67.787613566999937, -54.872465140999907 ], [ -67.790089099999875, -54.872266144999969 ], [ -67.792655143, -54.871353017999809 ], [ -67.797089917999926, -54.870909997999831 ], [ -67.798213250999879, -54.870357382999941 ], [ -67.801538272000016, -54.870090786999924 ], [ -67.80598643799982, -54.86927141599989 ], [ -67.809130964999952, -54.868440661999898 ], [ -67.81076832399998, -54.868081128999904 ], [ -67.812856250999971, -54.867838586 ], [ -67.815567117999933, -54.866251415999955 ], [ -67.81845955499989, -54.865304514999934 ], [ -67.820542865999869, -54.864079445000016 ], [ -67.822964215000013, -54.862422670999877 ], [ -67.824929997999845, -54.861878982999826 ], [ -67.828330147999907, -54.861237643999971 ], [ -67.829749431999915, -54.86166450099995 ], [ -67.831363108999938, -54.862054361999867 ], [ -67.833437603999982, -54.862223459999825 ], [ -67.835340203999863, -54.861641647999818 ], [ -67.838401273999978, -54.861521706999952 ], [ -67.84143167499991, -54.862412478999829 ], [ -67.844301880999978, -54.862066173999949 ], [ -67.845561145999909, -54.861289564 ], [ -67.847321433999809, -54.861082000999886 ], [ -67.848909194999976, -54.860379903999899 ], [ -67.85208868799981, -54.860338068999965 ], [ -67.852201314999888, -54.861014850999936 ], [ -67.854467037999939, -54.861412022000025 ], [ -67.856587790999811, -54.862255667 ], [ -67.861187304999817, -54.862900923999916 ], [ -67.862518563999913, -54.864113414999963 ], [ -67.864379497999948, -54.865030312999806 ], [ -67.866790334999848, -54.864753628999836 ], [ -67.870238888999836, -54.864709510000012 ], [ -67.871756813999752, -54.86401216299987 ], [ -67.870941039, -54.862842005999937 ], [ -67.872724129999824, -54.861920376999876 ], [ -67.873813474999906, -54.860129470999937 ], [ -67.877588166999942, -54.860013553999863 ], [ -67.878420092999932, -54.86051071199995 ], [ -67.880108197999903, -54.86067433 ], [ -67.883439098999986, -54.860144387999924 ], [ -67.884921222999878, -54.860570324999912 ], [ -67.886613994999891, -54.860547036999947 ], [ -67.888676443999827, -54.861129404999986 ], [ -67.89051239499986, -54.860583123999902 ], [ -67.891669543999853, -54.861157007999964 ], [ -67.894860337999887, -54.860886489999871 ], [ -67.897062607999771, -54.861206735999986 ], [ -67.898710388999859, -54.860395859999869 ], [ -67.901688485999955, -54.860909505999814 ], [ -67.906965659999969, -54.860583474999942 ], [ -67.90769104099985, -54.860138112999948 ], [ -67.912145533, -54.858979477999924 ], [ -67.914870580999889, -54.858567659999949 ], [ -67.918594853999821, -54.858263621999924 ], [ -67.922579741999868, -54.857795977999956 ], [ -67.927336404999949, -54.857424983999806 ], [ -67.930467949999979, -54.856928817999972 ], [ -67.933326193000028, -54.857066554999903 ], [ -67.935605375999899, -54.856899522999868 ], [ -67.936265443999957, -54.856528596999908 ], [ -67.938389423999922, -54.854935485999988 ], [ -67.942074165999884, -54.855680168999868 ], [ -67.945074504, -54.855292405999933 ], [ -67.94648984600002, -54.855868729999827 ], [ -67.949228466999955, -54.855666938999832 ], [ -67.954614435, -54.853537724999967 ], [ -67.957569143999876, -54.852400475999843 ], [ -67.960559936999971, -54.852350001999923 ], [ -67.961136050999869, -54.85269293399989 ], [ -67.96435928399984, -54.853770647999966 ], [ -67.966190739000012, -54.853261599999939 ], [ -67.968198614999892, -54.853615504999823 ], [ -67.969938003999914, -54.854194011 ], [ -67.971938640999895, -54.854773014999864 ], [ -67.97745999999978, -54.855045483000026 ], [ -67.978073026999937, -54.85647516 ], [ -67.979478735999805, -54.857537208999872 ], [ -67.981392029999938, -54.856428677999986 ], [ -67.984402875, -54.855592019999847 ], [ -67.985554498, -54.856237213999862 ], [ -67.989239300999884, -54.85713113700001 ], [ -67.993123365999907, -54.855289125000013 ], [ -67.998650779999821, -54.852558422999948 ], [ -67.999758897999868, -54.852380020999931 ], [ -68.003444568999896, -54.850611058000027 ], [ -68.005379001, -54.851187751999873 ], [ -68.00864629199981, -54.850540006000017 ], [ -68.011591327000019, -54.84977732699997 ], [ -68.014595079999935, -54.849237011999833 ], [ -68.016786695, -54.849969279999868 ], [ -68.02029672499998, -54.849958779999895 ], [ -68.02092467499989, -54.850901936000014 ], [ -68.024428616999842, -54.8511546659999 ], [ -68.027237584999909, -54.850615367999865 ], [ -68.031769191999842, -54.851326691 ], [ -68.034243375999836, -54.851196905999814 ], [ -68.034330552999791, -54.850334279999856 ], [ -68.036344616999884, -54.847612829000013 ], [ -68.039265587999978, -54.847785922999947 ], [ -68.040973041999848, -54.847011029999862 ], [ -68.04119277, -54.845962981999833 ], [ -68.042710561999911, -54.845074525999962 ], [ -68.043751155999871, -54.845044689999895 ], [ -68.046438184999886, -54.844127727999876 ], [ -68.049602986999901, -54.842203597999912 ], [ -68.051716880000015, -54.840757219999887 ], [ -68.060567347999836, -54.83744864699986 ], [ -68.08004346599995, -54.833547959999976 ], [ -68.082082616999912, -54.833190302999867 ], [ -68.085188238999763, -54.832918258999825 ], [ -68.088804672999913, -54.832465007999986 ], [ -68.090483114999813, -54.831812033999881 ], [ -68.092752776999816, -54.831615407999948 ], [ -68.102240484999868, -54.829043698999897 ], [ -68.107208299999854, -54.828038203 ], [ -68.117227940999953, -54.826511019999941 ], [ -68.118797997, -54.826575087999913 ], [ -68.120421484999952, -54.826200606999919 ], [ -68.123483332999911, -54.825834962999863 ], [ -68.125621235999859, -54.825371178999944 ], [ -68.128717102999872, -54.825366018999887 ], [ -68.129001389999928, -54.82496718099992 ], [ -68.129791389999923, -54.824839263 ], [ -68.136962487999881, -54.824598200000025 ], [ -68.143481740999903, -54.822268250999912 ], [ -68.148345834, -54.821715195999957 ], [ -68.150456080999902, -54.821893056999841 ], [ -68.152136354999925, -54.821661898 ], [ -68.156249479, -54.82166445699994 ], [ -68.158325240999886, -54.821998818999987 ], [ -68.158956453999963, -54.822671316999845 ], [ -68.161223136999922, -54.822579209999958 ], [ -68.162301010999784, -54.821840608999878 ], [ -68.165765067999871, -54.821944729999871 ], [ -68.168825702999868, -54.821483519999902 ], [ -68.169948578999879, -54.820823884999868 ], [ -68.171713776999752, -54.820435901999986 ], [ -68.17545402099978, -54.820568422999941 ], [ -68.180269335999924, -54.820094863999827 ], [ -68.186193309999908, -54.819733293999946 ], [ -68.190308142999754, -54.819628916999932 ], [ -68.192950425999868, -54.819218753999905 ], [ -68.195421928999906, -54.818087218999892 ], [ -68.197037225999964, -54.818231532000027 ], [ -68.198336719999929, -54.817919364999966 ], [ -68.199923880999904, -54.817210265999904 ], [ -68.200991427999782, -54.817002485999865 ], [ -68.204754746999924, -54.815986161999888 ], [ -68.211112766999918, -54.812265052999919 ], [ -68.212536815999897, -54.810325896999871 ], [ -68.214882139999872, -54.808526946999905 ], [ -68.216978290999862, -54.807633757999895 ], [ -68.219010170999923, -54.807539418999909 ], [ -68.220079257, -54.807225696999865 ], [ -68.222126575999937, -54.80643797 ], [ -68.223661839999863, -54.804972889999988 ], [ -68.229564128999982, -54.801816890999987 ], [ -68.232353803999899, -54.800873210999896 ], [ -68.232322726999882, -54.799912009000025 ], [ -68.23325593699991, -54.799543315 ], [ -68.235572708999939, -54.799157499999865 ], [ -68.239420331999895, -54.798329802999945 ], [ -68.241932572, -54.797411394999813 ], [ -68.244339607999848, -54.797212657999978 ], [ -68.245557026999961, -54.796366015999922 ], [ -68.24783309999998, -54.795579159999818 ], [ -68.250194020999857, -54.795326079999938 ], [ -68.251631405000012, -54.795095040999911 ], [ -68.251571898999885, -54.795655366 ], [ -68.250957211000014, -54.796586120999905 ], [ -68.252143019999892, -54.797234092999872 ], [ -68.259444644999974, -54.797198116 ], [ -68.261351860999866, -54.796330323999882 ], [ -68.265371155999901, -54.796407403999865 ], [ -68.267455719999816, -54.798662378000017 ], [ -68.270175982999888, -54.798865554999963 ], [ -68.273315932, -54.798883958999966 ], [ -68.275344974, -54.799189104 ], [ -68.276864126999783, -54.799464721999982 ], [ -68.277764945999877, -54.800698372 ], [ -68.280202881999969, -54.801748015999976 ], [ -68.28363737, -54.802974514000027 ], [ -68.283399423999867, -54.80350666999982 ], [ -68.284122598999829, -54.803915903000018 ], [ -68.285868790999984, -54.804883189999941 ], [ -68.298943982000026, -54.80741508 ], [ -68.303365788999884, -54.808294190999902 ], [ -68.303724233999958, -54.808829495999873 ], [ -68.30366966299988, -54.809362657999941 ], [ -68.303101610999875, -54.810107235999908 ], [ -68.30175649399979, -54.810420303999877 ], [ -68.300596331999884, -54.810866944999873 ], [ -68.299939876999758, -54.811235293999914 ], [ -68.301045541999827, -54.811589448999882 ], [ -68.303321651999795, -54.810774551999884 ], [ -68.306060287999969, -54.810042788999908 ], [ -68.305836764999867, -54.808964057999901 ], [ -68.306583552, -54.809165216999872 ], [ -68.307759430999965, -54.809727641999871 ], [ -68.309065998999984, -54.809980703999827 ], [ -68.310494264999932, -54.81012270899987 ], [ -68.31298020599985, -54.810697317999882 ], [ -68.313526156999899, -54.811206372999891 ], [ -68.314591198999892, -54.811132623999924 ], [ -68.315740540999968, -54.81143300299982 ], [ -68.316008524999859, -54.812048714999889 ], [ -68.314700023999933, -54.812787637999918 ], [ -68.313764508999895, -54.813609127999939 ], [ -68.311580111999888, -54.814292003999867 ], [ -68.305081938999933, -54.815962384999864 ], [ -68.302771108999877, -54.815921952999986 ], [ -68.301379037999823, -54.816234819999863 ], [ -68.299719603999904, -54.816172543999926 ], [ -68.299007370999789, -54.81715506199987 ], [ -68.301512619999926, -54.819357359999913 ], [ -68.302687519999893, -54.82352731799989 ], [ -68.302955279999935, -54.826839646999872 ], [ -68.302171901999941, -54.829208445999825 ], [ -68.301453022999965, -54.830645566999806 ], [ -68.301386805999755, -54.831979887999807 ], [ -68.301936633000025, -54.832250432999899 ], [ -68.302640758999928, -54.831560630999945 ], [ -68.303468075999831, -54.831778532999863 ], [ -68.303832648999958, -54.832180880999829 ], [ -68.304514568999821, -54.832744747999868 ], [ -68.304551137999908, -54.833467331999884 ], [ -68.303631950999886, -54.833114021999961 ], [ -68.302089803, -54.834038445999965 ], [ -68.301191306999897, -54.835236036000026 ], [ -68.298310894999872, -54.835940116999836 ], [ -68.297670997999944, -54.835695986999895 ], [ -68.293282287000011, -54.835269456999868 ], [ -68.287479902999905, -54.833955433999847 ], [ -68.282147764999877, -54.834831391000023 ], [ -68.279913540999758, -54.835830690000023 ], [ -68.273894416999894, -54.836223459999928 ], [ -68.266398988999867, -54.836470992999978 ], [ -68.265089017999912, -54.837450043 ], [ -68.26472467699989, -54.839584421999916 ], [ -68.266148840000028, -54.840046502999883 ], [ -68.267992400999901, -54.840377874999945 ], [ -68.269605259999764, -54.840732751999894 ], [ -68.27079260499994, -54.841648136999879 ], [ -68.271697862999872, -54.842641012999877 ], [ -68.271249567999746, -54.844398994000017 ], [ -68.272267689999865, -54.84440639699983 ], [ -68.274108281, -54.844951462999916 ], [ -68.276582881999843, -54.846112088999917 ], [ -68.277099065000016, -54.845767989999956 ], [ -68.279181514000015, -54.84580766299996 ], [ -68.281929964999961, -54.844624034 ], [ -68.284792048999975, -54.844933213999809 ], [ -68.290547742999877, -54.846355141999879 ], [ -68.295915150999974, -54.846093530999894 ], [ -68.29887101599985, -54.846402778999902 ], [ -68.298770907, -54.846856963999926 ], [ -68.30009460999986, -54.847824586999877 ], [ -68.306900942999903, -54.850025159999859 ], [ -68.310737363999976, -54.850180832999854 ], [ -68.315261878999877, -54.848045899999875 ], [ -68.317770133999943, -54.847204836 ], [ -68.319296211999813, -54.847427934 ], [ -68.319933784999989, -54.847858729999928 ], [ -68.321738137999887, -54.847975112999961 ], [ -68.32350131499993, -54.847425310999881 ], [ -68.323049641999887, -54.846808685999918 ], [ -68.32116710199989, -54.846129000999895 ], [ -68.321784099999888, -54.845429420999835 ], [ -68.321889101999943, -54.844453216999909 ], [ -68.322832287999915, -54.843390690999911 ], [ -68.324091590000023, -54.842597636999926 ], [ -68.324476716, -54.841825021999966 ], [ -68.32264648, -54.840506582999922 ], [ -68.3208139649999, -54.839642527000024 ], [ -68.319376089999935, -54.839849645000015 ], [ -68.317764891999957, -54.839333418999956 ], [ -68.314885657999923, -54.837473939999825 ], [ -68.314024380999911, -54.836348992000012 ], [ -68.312733639999863, -54.836075027999982 ], [ -68.312234123999758, -54.835566172999904 ], [ -68.313846104999982, -54.833280133000017 ], [ -68.31514411899991, -54.833018491999951 ], [ -68.316111823999961, -54.833266131000016 ], [ -68.321371862999968, -54.83382896199987 ], [ -68.323880367999948, -54.83317440899998 ], [ -68.325096769999959, -54.832353985999873 ], [ -68.327416687999971, -54.831806609999887 ], [ -68.32959295500001, -54.83149941299996 ], [ -68.330576587999872, -54.830864604999817 ], [ -68.331444973999851, -54.83151007999993 ], [ -68.335654391, -54.834174195999822 ], [ -68.340347727999813, -54.835426908999921 ], [ -68.34117721299998, -54.835511767000014 ], [ -68.342381892, -54.835546328999953 ], [ -68.343906637999851, -54.835526267999967 ], [ -68.345885753, -54.83596517899997 ], [ -68.346575336999877, -54.836287832999915 ], [ -68.347541418999867, -54.836667992999935 ], [ -68.34850690699983, -54.83707291099995 ], [ -68.34928371999996, -54.837582869999949 ], [ -68.35024129999988, -54.838309743999901 ], [ -68.352734804999955, -54.838482913 ], [ -68.352917283999943, -54.838830200999951 ], [ -68.354720505999865, -54.838734718999888 ], [ -68.355642112999988, -54.838925611999855 ], [ -68.356941232999759, -54.838584752999907 ], [ -68.358559942, -54.838567098999874 ], [ -68.358877098999869, -54.839077099999884 ], [ -68.360124501999962, -54.839109595999901 ], [ -68.362246458999778, -54.8393597459999 ], [ -68.363855140999988, -54.840116155999965 ], [ -68.365169870999978, -54.841591789999825 ], [ -68.363731504999976, -54.842116584 ], [ -68.363398495999945, -54.842542921000017 ], [ -68.36376467599996, -54.842864064999844 ], [ -68.365018268999791, -54.842444170000022 ], [ -68.366869252999891, -54.842560057999833 ], [ -68.368428694999864, -54.843208387999823 ], [ -68.372590027, -54.843230726 ], [ -68.373504952999951, -54.843574722000028 ], [ -68.374153456999863, -54.843878807999886 ], [ -68.374794817, -54.844363135999913 ], [ -68.375752713999873, -54.845087558999978 ], [ -68.376928867, -54.846776148999879 ], [ -68.375627587999986, -54.847277003999864 ], [ -68.375661881999974, -54.847943467999926 ], [ -68.376675601999921, -54.848296552000022 ], [ -68.377354056999764, -54.849233543999901 ], [ -68.378126436999878, -54.850143868999908 ], [ -68.379365331999907, -54.850898519999816 ], [ -68.380515087999981, -54.851277017999962 ], [ -68.38157009299988, -54.851763175999963 ], [ -68.383967420999909, -54.852230133999967 ], [ -68.386644436999973, -54.852776818 ], [ -68.388170362999858, -54.852731418999952 ], [ -68.390385635999905, -54.853089399 ], [ -68.391909550999969, -54.853203730999951 ], [ -68.394219335999935, -54.853480962 ], [ -68.39555177799997, -54.853941148999866 ], [ -68.398465158999898, -54.85400922399981 ], [ -68.399753894000014, -54.854550033999885 ], [ -68.401182017999872, -54.854850703999887 ], [ -68.406604378, -54.854237609999871 ], [ -68.408820975999902, -54.854487237999933 ], [ -68.410525550999978, -54.854842923999968 ], [ -68.412500748999889, -54.855733036999879 ], [ -68.418279599000016, -54.855973909999932 ], [ -68.421880147999957, -54.856685425999899 ], [ -68.422195439999768, -54.857087404999959 ], [ -68.42061964200002, -54.857400865999864 ], [ -68.421164624999903, -54.858177173999877 ], [ -68.422787254999946, -54.857863857999973 ], [ -68.423907319999898, -54.857147938999901 ], [ -68.425747727999862, -54.857931421999979 ], [ -68.427918381999859, -54.858155774999886 ], [ -68.429988247999972, -54.858991888999867 ], [ -68.432208419, -54.858975532999864 ], [ -68.433651591999876, -54.858314748999987 ], [ -68.433939566999982, -54.857703542999957 ], [ -68.435984446999896, -54.856966243999864 ], [ -68.437739769999894, -54.856972899999903 ], [ -68.438474680999946, -54.857565170999862 ], [ -68.442587442999979, -54.857850467999867 ], [ -68.44498265399983, -54.858581738999874 ], [ -68.444696146999775, -54.859087196999951 ], [ -68.44538514199985, -54.85959827299996 ], [ -68.449358712999981, -54.859774894999816 ], [ -68.453582618999974, -54.8588335 ], [ -68.455303410999875, -54.858094718999894 ], [ -68.455734202999906, -54.857216110000024 ], [ -68.456988422999871, -54.856660265999949 ], [ -68.457725296999911, -54.857063403999916 ], [ -68.458127359999878, -54.858160892999877 ], [ -68.459188143999882, -54.858191796000028 ], [ -68.459225243999924, -54.859098807999942 ], [ -68.457465425999885, -54.859117405999882 ], [ -68.457183978999865, -54.859543945999803 ], [ -68.457918062999852, -54.859868487000028 ], [ -68.458883663, -54.860405258999947 ], [ -68.460501127999976, -54.860572997999952 ], [ -68.461703898999929, -54.860471520999909 ], [ -68.461803207999878, -54.859938473999875 ], [ -68.460002890999874, -54.859716019999837 ], [ -68.460751025999969, -54.859079491999921 ], [ -68.461956988999816, -54.858685467999919 ], [ -68.46354178699994, -54.857864979999988 ], [ -68.463877056999877, -54.857145844 ], [ -68.464613585999984, -54.857229567 ], [ -68.464762567999969, -54.856401874999904 ], [ -68.465614165999909, -54.855178094999985 ], [ -68.466864035999777, -54.855022703999907 ], [ -68.468812361999937, -54.854498369999874 ], [ -68.469977354999799, -54.853890185000012 ], [ -68.47048006499989, -54.854319569999916 ], [ -68.470328261999953, -54.855412807999869 ], [ -68.470782956, -54.855947825999806 ], [ -68.473156803999871, -54.85499708299983 ], [ -68.473070442, -54.85430372299993 ], [ -68.474277324999946, -54.854147947999934 ], [ -68.474332269999877, -54.853346983999813 ], [ -68.475492622999866, -54.853193298999884 ], [ -68.47647265199987, -54.85234374699985 ], [ -68.476760621999972, -54.851651449999963 ], [ -68.478385098, -54.851069627999948 ], [ -68.478812731999938, -54.850458726999932 ], [ -68.478725755999847, -54.849790137999946 ], [ -68.479612886999973, -54.849261903999945 ], [ -68.478555835, -54.848855393999884 ], [ -68.47990617, -54.84800704599985 ], [ -68.48152743299994, -54.847746964999828 ], [ -68.485178539999879, -54.848110176999967 ], [ -68.485354801999904, -54.848803957999905 ], [ -68.487202731000025, -54.848920403000022 ], [ -68.489282534999973, -54.848821625000028 ], [ -68.490525237999861, -54.849388319000013 ], [ -68.491866563999906, -54.849419702999853 ], [ -68.49167452, -54.849898509999946 ], [ -68.491900501999964, -54.850326864999886 ], [ -68.494163447999881, -54.850656054000012 ], [ -68.494205931999943, -54.851110726999877 ], [ -68.494660883999757, -54.85164564899992 ], [ -68.495535064999956, -54.852024335999886 ], [ -68.497514795999905, -54.852591246999907 ], [ -68.497880391000024, -54.853127965999988 ], [ -68.499436736, -54.853248472000018 ], [ -68.501608250999823, -54.854476890999877 ], [ -68.502984250999987, -54.855417535999891 ], [ -68.502974162999863, -54.856457159999934 ], [ -68.501538265999898, -54.856477426000026 ], [ -68.500421445999962, -54.857007260999978 ], [ -68.500455806999867, -54.85788741499988 ], [ -68.501460911999914, -54.858880915999862 ], [ -68.503312692999828, -54.859021692999875 ], [ -68.503271453999957, -54.858434256999828 ], [ -68.504097603999924, -54.858916287999932 ], [ -68.505340405999902, -54.859536820000017 ], [ -68.507190118999915, -54.859490942999969 ], [ -68.508814376999851, -54.859336082000027 ], [ -68.509177142, -54.859764935999976 ], [ -68.511070577999988, -54.860038656999905 ], [ -68.514310622999858, -54.859866402000023 ], [ -68.515608541999939, -54.859577857999966 ], [ -68.515849478999826, -54.858831363999911 ], [ -68.51687151599981, -54.858436160999986 ], [ -68.517983600999912, -54.858385484999985 ], [ -68.520009345, -54.859141133999969 ], [ -68.521267071999887, -54.858559701999923 ], [ -68.522651435999933, -54.858618028999842 ], [ -68.523426436000022, -54.859635351 ], [ -68.525343935999956, -54.858121804999826 ], [ -68.526127389999942, -54.858205264 ], [ -68.527425357999959, -54.857889595999893 ], [ -68.530510282999956, -54.856531846999985 ], [ -68.530363854999905, -54.855209191999904 ], [ -68.532228784999859, -54.854395214999954 ], [ -68.533058931999904, -54.853484545000015 ], [ -68.534700632000011, -54.853458991999844 ], [ -68.535132352999938, -54.853934104999894 ], [ -68.536497574, -54.853939160999971 ], [ -68.536674363999907, -54.852615225000022 ], [ -68.540230163999922, -54.852504294999903 ], [ -68.540132920999895, -54.851399828000012 ], [ -68.541507137999986, -54.850648641000021 ], [ -68.542154492999828, -54.851217329 ], [ -68.544877320999944, -54.852080107999882 ], [ -68.545853909000016, -54.852142707999917 ], [ -68.547496826999975, -54.852248020999923 ], [ -68.547713207999834, -54.85209043999987 ], [ -68.547623195000028, -54.85138520299995 ], [ -68.548170470999935, -54.851290023999979 ], [ -68.548741540999856, -54.851123461999975 ], [ -68.549098460999971, -54.85090931000002 ], [ -68.54914604999982, -54.850885516 ], [ -68.549193638999952, -54.851052078 ], [ -68.549526763999893, -54.851242434999961 ], [ -68.549859887999844, -54.851123461999975 ], [ -68.550145423, -54.851218639999843 ], [ -68.550811671999895, -54.851242434999961 ], [ -68.551216180999859, -54.851194845999828 ], [ -68.552025197999853, -54.851194845999828 ], [ -68.553000776999909, -54.850362033999943 ], [ -68.553238722999879, -54.850171677999811 ], [ -68.553395814999817, -54.850268349999908 ], [ -68.553857382999752, -54.850552390999894 ], [ -68.554023944999926, -54.850552390999894 ], [ -68.554119122999907, -54.850671363999879 ], [ -68.554261890999896, -54.850980693999873 ], [ -68.554951934999963, -54.851290023999979 ], [ -68.55535644299988, -54.851432791999969 ], [ -68.55573715700001, -54.851599353999916 ], [ -68.555998897, -54.851813505999871 ], [ -68.556194060999985, -54.851836465999895 ], [ -68.556403405999902, -54.85186109499989 ], [ -68.556617556999868, -54.852051452000012 ], [ -68.557188627999778, -54.852598727999805 ], [ -68.557640725999875, -54.852717700999904 ], [ -68.558116617999985, -54.852860467999903 ], [ -68.558592509999926, -54.85262252199982 ], [ -68.558792431999848, -54.852722484000026 ], [ -68.558973223999885, -54.852812878999941 ], [ -68.559615677999943, -54.852646316999937 ], [ -68.56002018699985, -54.85224180899985 ], [ -68.560186749000025, -54.851789710999924 ], [ -68.56049607899979, -54.851694532999886 ], [ -68.561685808999982, -54.852027656999894 ], [ -68.562233084999889, -54.851932479000027 ], [ -68.562756566999838, -54.851646942999935 ], [ -68.563161074999755, -54.851504175999935 ], [ -68.563993886, -54.851718326999901 ], [ -68.564779109000028, -54.85152796999995 ], [ -68.56520741199995, -54.851504175999935 ], [ -68.565778481999871, -54.85162314899992 ], [ -68.56630196399982, -54.851599353999916 ], [ -68.566587498999922, -54.851313818999813 ], [ -68.566873033999912, -54.851242434999961 ], [ -68.567039597000019, -54.851337612999828 ], [ -68.567725248999807, -54.85117212 ], [ -68.56808655899988, -54.850837926999873 ], [ -68.568062764999866, -54.850552390999894 ], [ -68.568038969999918, -54.85031444499981 ], [ -68.568229326999869, -54.850028909999821 ], [ -68.568181738000021, -54.849671990999866 ], [ -68.568181738000021, -54.849338865999925 ], [ -68.567967585999895, -54.849029535999989 ], [ -68.567777228999944, -54.848696411999867 ], [ -68.567586872999755, -54.848315697999908 ], [ -68.56715857, -54.848291902999904 ], [ -68.566658882999889, -54.848220518999938 ], [ -68.566206784999849, -54.848006367999801 ], [ -68.565873661000012, -54.847792216999949 ], [ -68.565469151999935, -54.847744627 ], [ -68.565302589999817, -54.847625654000012 ], [ -68.565064643999847, -54.847173556999905 ], [ -68.564660135999873, -54.846673869999961 ], [ -68.564350805999936, -54.84634074500002 ], [ -68.564208037999947, -54.846079004999865 ], [ -68.563874913, -54.846197978000021 ], [ -68.563494199999866, -54.84596003199988 ], [ -68.56318486999993, -54.845817263999947 ], [ -68.562756566999838, -54.845650701999944 ], [ -68.562471030999859, -54.845365166000022 ], [ -68.562074936999863, -54.84505437099989 ], [ -68.562963395, -54.84486678799982 ], [ -68.562879190999865, -54.845145209999941 ], [ -68.563164725999854, -54.845192798999904 ], [ -68.563545439999928, -54.845287976999941 ], [ -68.563497850999909, -54.84495485299982 ], [ -68.563854769999864, -54.844883468999967 ], [ -68.563807180999902, -54.845287976999941 ], [ -68.564187893999872, -54.845121414999937 ], [ -68.564402045999827, -54.845359360999907 ], [ -68.564235484, -54.845740074999867 ], [ -68.564473429999964, -54.84588284299997 ], [ -68.564758964999896, -54.845621101999882 ], [ -68.565377625, -54.845716279999863 ], [ -68.568875432999789, -54.844597933999864 ], [ -68.568613691999872, -54.844431370999871 ], [ -68.568470923999882, -54.844169630999886 ], [ -68.568542307999849, -54.843907889999969 ], [ -68.569256145999759, -54.844264808999924 ], [ -68.569827217000011, -54.843907889999969 ], [ -68.570255519999819, -54.844050657999901 ], [ -68.569803421999893, -54.84424101399992 ], [ -68.570255519999819, -54.844597933999864 ], [ -68.570779000999892, -54.845050030999971 ], [ -68.570993153000018, -54.845406949999926 ], [ -68.571540428999754, -54.845430744999874 ], [ -68.571968731999846, -54.845835253000018 ], [ -68.571873552999875, -54.846168377999959 ], [ -68.57199252599986, -54.84635873499991 ], [ -68.572040115999869, -54.846834627000021 ], [ -68.571968731999846, -54.847334313999966 ], [ -68.572063909999883, -54.847619848999898 ], [ -68.572730158999946, -54.847643643999902 ], [ -68.57332502499986, -54.847857794999868 ], [ -68.57415783599987, -54.847857794999868 ], [ -68.5739198899999, -54.847952974 ], [ -68.573991273999923, -54.848024356999872 ], [ -68.573515381999982, -54.848143329999857 ], [ -68.573277435000023, -54.848143330000028 ], [ -68.573206051999875, -54.848452659999964 ], [ -68.573277435000023, -54.848690605999934 ], [ -68.573634354999967, -54.848880962999885 ], [ -68.573943684999904, -54.848952346999909 ], [ -68.574300603999859, -54.84890475799989 ], [ -68.574895468999955, -54.8487619899999 ], [ -68.575561718000017, -54.848643016999802 ], [ -68.576204171999962, -54.848333686999979 ], [ -68.576584885999864, -54.848167124999861 ], [ -68.577108367999813, -54.848143330000028 ], [ -68.577512875999901, -54.848190919999979 ], [ -68.57789358999986, -54.848024356999872 ], [ -68.578631222999888, -54.847786410999902 ], [ -68.579670944999862, -54.847822750999967 ], [ -68.578988142000014, -54.847976768000024 ], [ -68.577988768000012, -54.848357481999813 ], [ -68.577584259999867, -54.848476454999968 ], [ -68.576323145999879, -54.848857168999871 ], [ -68.575775868999813, -54.848976142000026 ], [ -68.575561718000017, -54.849166498999864 ], [ -68.575062030999902, -54.849166498999864 ], [ -68.574038862999885, -54.849499622999986 ], [ -68.573539176, -54.849428238999849 ], [ -68.572777748999897, -54.849523417999819 ], [ -68.572349445999976, -54.849999309999873 ], [ -68.571588017999943, -54.850284844999862 ], [ -68.572102393999955, -54.850844944000016 ], [ -68.572658775999912, -54.851450780999869 ], [ -68.572026993999941, -54.851375568999856 ], [ -68.571659401999909, -54.851331807999884 ], [ -68.571064536999813, -54.851212834999899 ], [ -68.570660027999907, -54.851046272999895 ], [ -68.570231724999985, -54.851212834999899 ], [ -68.569755832999874, -54.851450780999869 ], [ -68.569446502999938, -54.851474575999873 ], [ -68.569446502999938, -54.85192667299998 ], [ -68.569137172999774, -54.852164619999883 ], [ -68.568566103000023, -54.852569128000027 ], [ -68.568161593999946, -54.852711895999846 ], [ -68.567971236999824, -54.853068814999801 ], [ -68.567709496999839, -54.853140198999938 ], [ -68.567661906999831, -54.853473322999889 ], [ -68.568109034999793, -54.853588996999861 ], [ -68.568351950999897, -54.853473322999889 ], [ -68.568711611999902, -54.853618642000015 ], [ -68.5694940919999, -54.853497117999893 ], [ -68.570326903999955, -54.853235376999919 ], [ -68.571183509999798, -54.853021225999953 ], [ -68.572040115999869, -54.852830868999831 ], [ -68.572492212999975, -54.852878457999964 ], [ -68.572777748999897, -54.853211581999801 ], [ -68.573348818999875, -54.8531877879999 ], [ -68.574086451999904, -54.853021225999953 ], [ -68.574681317, -54.852926046999983 ], [ -68.574847879999936, -54.852569128000027 ], [ -68.575276182999858, -54.852450154999872 ], [ -68.575609306999866, -54.852735689999861 ], [ -68.575918636999972, -54.852973635999945 ], [ -68.576275555999928, -54.852926046999983 ], [ -68.576584885999864, -54.853235376999919 ], [ -68.576894215999857, -54.853592295999874 ], [ -68.577251134999813, -54.854091982999819 ], [ -68.577132161999828, -54.85442510799993 ], [ -68.576718943999936, -54.854556585999887 ], [ -68.576608680999868, -54.854591669999877 ], [ -68.576447127, -54.85433245999991 ], [ -68.575823459, -54.854353723999907 ], [ -68.575347566999881, -54.85432992899996 ], [ -68.575062030999902, -54.854306133999955 ], [ -68.574824084999818, -54.854448901999945 ], [ -68.574428496999872, -54.854789039999844 ], [ -68.574340355999936, -54.854851997999901 ], [ -68.57441590499991, -54.854892291999874 ], [ -68.574614853000014, -54.854877181999882 ], [ -68.57460981599985, -54.854977913999846 ], [ -68.574524192999888, -54.855015688999856 ], [ -68.574302580999927, -54.855025762999901 ], [ -68.574053266999897, -54.855101311999931 ], [ -68.573896094999952, -54.855115151 ], [ -68.573515381999982, -54.85513894599984 ], [ -68.573039488999882, -54.855210329999977 ], [ -68.572611185999961, -54.855234123999821 ], [ -68.572230473, -54.855519659999914 ], [ -68.57199252599986, -54.85597175700002 ], [ -68.5721115, -54.856328675999976 ], [ -68.571841830999801, -54.856759322999892 ], [ -68.57161181299989, -54.856566621999946 ], [ -68.570945563999828, -54.856614211999897 ], [ -68.570160341999951, -54.856875951999882 ], [ -68.5694940919999, -54.857137693000027 ], [ -68.568827843, -54.857256666000012 ], [ -68.568486356999813, -54.85715909799984 ], [ -68.568328156999883, -54.857113898000023 ], [ -68.568304361999878, -54.857375639 ], [ -68.568042620999961, -54.857447022999963 ], [ -68.56685289099994, -54.857708763999938 ], [ -68.565544187, -54.858065682999893 ], [ -68.564639991999911, -54.858256040000015 ], [ -68.564612564000015, -54.858310894999931 ], [ -68.564473429999964, -54.858589163999852 ], [ -68.563949947999902, -54.85861295899997 ], [ -68.563426466999942, -54.858803315999808 ], [ -68.562849605, -54.858843099000012 ], [ -68.562736422999876, -54.85885090499994 ], [ -68.562425441999892, -54.859503612999958 ], [ -68.561832807999963, -54.859620471000028 ], [ -68.56130277699981, -54.859766541999932 ], [ -68.560985592999941, -54.85992096099983 ], [ -68.560672582, -54.859979389999864 ], [ -68.560322009999936, -54.860142154999835 ], [ -68.560593285999914, -54.860142154999835 ], [ -68.561336165, -54.860012777999884 ], [ -68.562042727999938, -54.859998850999887 ], [ -68.561590631, -54.860355770999831 ], [ -68.56087679299992, -54.860617510999816 ], [ -68.56040089999982, -54.860593716999801 ], [ -68.560091569999884, -54.861117197999874 ], [ -68.559115990999885, -54.861569295999971 ], [ -68.558354563999956, -54.861807241999941 ], [ -68.557854876999897, -54.86185483099996 ], [ -68.557093449999968, -54.861973803999945 ], [ -68.556498583999883, -54.862402106999866 ], [ -68.556314779264824, -54.862488903596784 ], [ -68.560671321503037, -54.863585433644175 ], [ -68.560951053750728, -54.863553590015727 ], [ -68.562790111555159, -54.862967685475837 ], [ -68.572462946778273, -54.860006587128623 ], [ -68.5725636597993, -54.859987623691723 ], [ -68.580496358541438, -54.859872999877382 ], [ -68.586083786870006, -54.858950692184067 ], [ -68.587470173262432, -54.858777661231215 ], [ -68.587535975694948, -54.858770383266403 ], [ -68.590611619994377, -54.858472091832994 ], [ -68.590894219535471, -54.858467792437807 ], [ -68.590960256948051, -54.858468529272443 ], [ -68.591502057090054, -54.858481926928107 ], [ -68.591567962605211, -54.858479714399891 ], [ -68.594733710988123, -54.858182215729585 ], [ -68.594935502350438, -54.858140662396011 ], [ -68.594999101939493, -54.858125402638677 ], [ -68.595332065804314, -54.858025596513755 ], [ -68.595479069026737, -54.85796780236069 ], [ -68.595730357657487, -54.857858425462837 ], [ -68.596268619506304, -54.857075619147054 ], [ -68.596232594729372, -54.852973911940296 ], [ -68.592229755899552, -54.846697436303259 ], [ -68.592367094537224, -54.838943626585262 ], [ -68.595647998089362, -54.820228297360643 ], [ -68.595456315999854, -54.809914434999939 ], [ -68.595433332999846, -54.808677777999947 ], [ -68.595493686538703, -54.807337213633161 ], [ -68.478934549791006, -54.767555641811214 ], [ -68.352857360148391, -54.66122820710217 ], [ -68.350591381667641, -54.660189022903012 ], [ -68.346914491709242, -54.659931470808601 ], [ -68.346903081849916, -54.659930141567884 ], [ -68.34641944637201, -54.660412895778734 ], [ -68.346407470211489, -54.660413863399754 ], [ -68.332384102281594, -54.6559818222525 ], [ -68.331979180269116, -54.655861211842023 ], [ -68.306500922043028, -54.644945290661497 ], [ -68.306497238584598, -54.644943944954093 ], [ -68.306494451951096, -54.644943229498438 ], [ -68.306494383714835, -54.644943231893365 ], [ -68.306415770527849, -54.644951210125498 ], [ -68.306406111349304, -54.64494900279243 ], [ -68.306406070734681, -54.644949012589109 ], [ -68.306399139177927, -54.644947336184259 ], [ -68.306398857774582, -54.644947454425733 ], [ -68.306394418684533, -54.644945423534296 ], [ -68.306370739247882, -54.644931230776592 ], [ -68.195311177773704, -54.619916390280082 ], [ -68.162057161252164, -54.638658034859702 ], [ -68.162012639431111, -54.638670706798848 ], [ -68.12988171201539, -54.642561382248402 ], [ -68.129845075538185, -54.642577286195376 ], [ -68.120227454137648, -54.643709498861313 ], [ -68.097268228310838, -54.646035279478554 ], [ -68.092969197685761, -54.665790846376296 ], [ -68.074706691015876, -54.67461348717876 ], [ -68.061313450776368, -54.676142075255314 ], [ -68.058883613287094, -54.675855597886311 ], [ -68.056515640345822, -54.675576412310306 ], [ -68.056481809411594, -54.675585203045443 ], [ -68.050616058445144, -54.677689573027919 ], [ -68.050580111951774, -54.677693834083868 ], [ -68.05013996640696, -54.677699081812534 ], [ -68.046780241283102, -54.678298882838419 ], [ -68.043343880422526, -54.678912363131133 ], [ -68.043307015544713, -54.678915126666823 ], [ -68.042531341481947, -54.67888368862657 ], [ -68.042496081030322, -54.678892467916057 ], [ -68.040474384445872, -54.680006064188433 ], [ -68.000208253516405, -54.653774381403537 ], [ -68.000184069027512, -54.653786730277091 ], [ -67.99835692308983, -54.655638129072088 ], [ -67.991083358385595, -54.659061368465473 ], [ -67.991055116387884, -54.659065038980827 ], [ -67.987157172304364, -54.660165902899053 ], [ -67.983073274384367, -54.661319284212027 ], [ -67.97878979090882, -54.662529032813211 ], [ -67.974291724384159, -54.663799384319532 ], [ -67.963873191549283, -54.655763017564425 ], [ -67.963824646357239, -54.655752005443901 ], [ -67.948331762968678, -54.650483153018342 ], [ -67.948305714473747, -54.650484439720913 ], [ -67.944525982995742, -54.649538978781834 ], [ -67.943402205458312, -54.649789347282479 ], [ -67.941049007088623, -54.65064782302602 ], [ -67.938607652324436, -54.651538463465101 ], [ -67.908184452116188, -54.640213922868725 ], [ -67.904621611382368, -54.641855566603169 ], [ -67.904600209091655, -54.641856985115226 ], [ -67.881775095181354, -54.640195353515537 ], [ -67.861220809762699, -54.632958946020835 ], [ -67.859995571174409, -54.633153095271609 ], [ -67.859977042457899, -54.633139247902591 ], [ -67.859609038528447, -54.632289020583016 ], [ -67.8595900513169, -54.632276728593013 ], [ -67.859499626351237, -54.632260932595443 ], [ -67.859478782922395, -54.632252337421733 ], [ -67.816237419993229, -54.655512501685905 ], [ -67.814411866540354, -54.655608196421326 ], [ -67.811915968914661, -54.655770786913536 ], [ -67.810282713902325, -54.654310986991845 ], [ -67.808988266891788, -54.652597524318594 ], [ -67.808979579149593, -54.652577011833387 ], [ -67.808897796770793, -54.652176171496365 ], [ -67.808889805080355, -54.652155923567705 ], [ -67.80857481426284, -54.65167739950698 ], [ -67.808116850170848, -54.651281978465136 ], [ -67.806881365112247, -54.64987063776249 ], [ -67.806865154488548, -54.64986205683266 ], [ -67.80671285228874, -54.649795271800144 ], [ -67.79663734412469, -54.635974259342959 ], [ -67.795343416682499, -54.631434491000448 ], [ -67.807528405150265, -54.610403303835255 ], [ -67.764382526374391, -54.603249355765854 ], [ -67.76434169894867, -54.603238639042274 ], [ -67.757548846227451, -54.607659253057079 ], [ -67.746089073457256, -54.602965655153866 ], [ -67.737163029729572, -54.600393326050835 ], [ -67.737122509076755, -54.600378060484218 ], [ -67.727766895067589, -54.594608129527103 ], [ -67.727712939442711, -54.594621401636402 ], [ -67.724737204645237, -54.593630485898473 ], [ -67.7247172734576, -54.593621957248502 ], [ -67.721545946966671, -54.593159189326343 ], [ -67.720314001264398, -54.593247782962749 ], [ -67.720287234539285, -54.593242111514257 ], [ -67.719525134059609, -54.592610094608801 ], [ -67.714952996557656, -54.592813916470845 ] ] ], [ [ [ -67.771608214890875, -54.876202634554204 ], [ -67.766231139312197, -54.877445703653621 ], [ -67.770628081641121, -54.877127942369725 ], [ -67.773895670999764, -54.876565475999882 ], [ -67.77400456078982, -54.875754633152098 ], [ -67.771608214890875, -54.876202634554204 ] ] ] ] } }
]
}
